,index,fixed_diffs,comparisons,sample1,species_id
0,A_C9_C2_AA_AE_mBHI_mBHI_4_S33,0,1160951,A_C9_C2_AA_AE_mBHI_mBHI_4_S33,100059
1,A_E10_A3_ACPP_AA_mBHI_mGAM_4_S58,19,2331708,A_C9_C2_AA_AE_mBHI_mBHI_4_S33,100059
2,A_G2_C3_ACPP_AE_mBHI_mGAM_2_S74,17,2114140,A_C9_C2_AA_AE_mBHI_mBHI_4_S33,100059
3,A_G10_C3_ACPP_AE_mBHI_mGAM_4_S82,20,2328389,A_C9_C2_AA_AE_mBHI_mBHI_4_S33,100059
4,A_H10_D3_ACPP_AF_mBHI_mGAM_4_S94,29,2339199,A_C9_C2_AA_AE_mBHI_mBHI_4_S33,100059
5,B_E2_E3_ACPP_AA_mBHI_mGAM_2_S146,15,2315867,A_C9_C2_AA_AE_mBHI_mBHI_4_S33,100059
6,B_H2_H3_ACPP_AF_mBHI_mGAM_2_S182,22,2342589,A_C9_C2_AA_AE_mBHI_mBHI_4_S33,100059
7,C3-e003Coalescence-mGAM-p3,32,2330633,A_C9_C2_AA_AE_mBHI_mBHI_4_S33,100059
8,B4-e003Coalescence-mGAM-p5,32,2297529,A_C9_C2_AA_AE_mBHI_mBHI_4_S33,100059
9,B5-e003Coalescence-mGAM-p5,27,2230945,A_C9_C2_AA_AE_mBHI_mBHI_4_S33,100059
10,C3-e003Coalescence-mGAM-p5,34,2320793,A_C9_C2_AA_AE_mBHI_mBHI_4_S33,100059
11,B2-e003Coalescence-mGAM-p3,26,2302020,A_C9_C2_AA_AE_mBHI_mBHI_4_S33,100059
12,D3-e003Coalescence-mGAM-p3,31,2304101,A_C9_C2_AA_AE_mBHI_mBHI_4_S33,100059
13,D3-e003Coalescence-mGAM-p5,33,2345640,A_C9_C2_AA_AE_mBHI_mBHI_4_S33,100059
14,A3-e003Coalescence-mGAM-p7,64,2224531,A_C9_C2_AA_AE_mBHI_mBHI_4_S33,100059
15,C3-e003Coalescence-mGAM-p7,33,2337093,A_C9_C2_AA_AE_mBHI_mBHI_4_S33,100059
16,B3-e003Coalescence-mGAM-p5,32,2323948,A_C9_C2_AA_AE_mBHI_mBHI_4_S33,100059
17,B3-e003Coalescence-mBHI-p5,13,1072043,A_C9_C2_AA_AE_mBHI_mBHI_4_S33,100059
18,B5-e003Coalescence-mGAM-p3,27,2263665,A_C9_C2_AA_AE_mBHI_mBHI_4_S33,100059
19,F5-e003Coalescence-mGAM-p5_S64,25,2321521,A_C9_C2_AA_AE_mBHI_mBHI_4_S33,100059
20,F5-e003Coalescence-mGAM-p7_S160,13,1792027,A_C9_C2_AA_AE_mBHI_mBHI_4_S33,100059
21,E3-e003Coalescence-mGAM-p3_S58,24,2304171,A_C9_C2_AA_AE_mBHI_mBHI_4_S33,100059
22,F2-e003Coalescence-mGAM-p7_S157,32,2169270,A_C9_C2_AA_AE_mBHI_mBHI_4_S33,100059
23,H3-e003Coalescence-mGAM-p3_S94,26,2281366,A_C9_C2_AA_AE_mBHI_mBHI_4_S33,100059
24,E3-e003Coalescence-mGAM-p5_S50,18,2328032,A_C9_C2_AA_AE_mBHI_mBHI_4_S33,100059
25,F5-e003Coalescence-mGAM-p3_S72,12,1909764,A_C9_C2_AA_AE_mBHI_mBHI_4_S33,100059
26,F2-e003Coalescence-mGAM-p5_S61,20,2319879,A_C9_C2_AA_AE_mBHI_mBHI_4_S33,100059
27,F4-e003Coalescence-mGAM-p5_S63,22,2281603,A_C9_C2_AA_AE_mBHI_mBHI_4_S33,100059
28,E3-e003Coalescence-mGAM-p7_S146,16,2284526,A_C9_C2_AA_AE_mBHI_mBHI_4_S33,100059
29,F3-e003Coalescence-mGAM-p5_S62,16,2274734,A_C9_C2_AA_AE_mBHI_mBHI_4_S33,100059
30,G3-e003Coalescence-mGAM-p3_S82,19,2315865,A_C9_C2_AA_AE_mBHI_mBHI_4_S33,100059
31,F3-e003Coalescence-mGAM-p7_S158,22,1890761,A_C9_C2_AA_AE_mBHI_mBHI_4_S33,100059
32,F2-e003Coalescence-mGAM-p3_S69,61,2223230,A_C9_C2_AA_AE_mBHI_mBHI_4_S33,100059
33,G3-e003Coalescence-mGAM-p5_S74,23,2314417,A_C9_C2_AA_AE_mBHI_mBHI_4_S33,100059
34,F4-e003Coalescence-mGAM-p3_S71,21,2322136,A_C9_C2_AA_AE_mBHI_mBHI_4_S33,100059
35,F4-e003Coalescence-mGAM-p7_S159,20,2295820,A_C9_C2_AA_AE_mBHI_mBHI_4_S33,100059
36,H3-e003Coalescence-mGAM-p5_S86,31,2254569,A_C9_C2_AA_AE_mBHI_mBHI_4_S33,100059
37,D3-e003Coalescence-Inoculumn-mBHI,42,2396095,A_C9_C2_AA_AE_mBHI_mBHI_4_S33,100059
38,B5-e003Coalescence-Inoculumn-mBHI,35,2350303,A_C9_C2_AA_AE_mBHI_mBHI_4_S33,100059
39,A3-e003Coalescence-mBHI-inoculumn-redo,19,1788568,A_C9_C2_AA_AE_mBHI_mBHI_4_S33,100059
40,B3-e003Coalescence-Inoculumn-mBHI,39,2381229,A_C9_C2_AA_AE_mBHI_mBHI_4_S33,100059
41,B2-e003Coalescence-Inoculumn-mBHI,27,2353136,A_C9_C2_AA_AE_mBHI_mBHI_4_S33,100059
42,C3-e003Coalescence-mBHI-inoculumn-redo,29,2362051,A_C9_C2_AA_AE_mBHI_mBHI_4_S33,100059
43,B4-e003Coalescence-Inoculumn-mBHI,32,2359806,A_C9_C2_AA_AE_mBHI_mBHI_4_S33,100059
44,B3-e003Coalescence-mGAM-p1_S729,28,2342364,A_C9_C2_AA_AE_mBHI_mBHI_4_S33,100059
45,B5-e003Coalescence-mGAM-p1_S745,24,1357308,A_C9_C2_AA_AE_mBHI_mBHI_4_S33,100059
46,D3-e003Coalescence-mGAM-p1_S731,32,2257246,A_C9_C2_AA_AE_mBHI_mBHI_4_S33,100059
47,G3-e003Coalescence-mBHI-p1_S790,15,1758065,A_C9_C2_AA_AE_mBHI_mBHI_4_S33,100059
48,A3-e003Coalescence-mGAM-p1_S728,32,1780223,A_C9_C2_AA_AE_mBHI_mBHI_4_S33,100059
49,B3-e003Coalescence-mBHI-p1_S725,24,2066919,A_C9_C2_AA_AE_mBHI_mBHI_4_S33,100059
50,C3-e003Coalescence-mGAM-p1_S730,27,1716039,A_C9_C2_AA_AE_mBHI_mBHI_4_S33,100059
51,F3-e003Coalescence-mBHI-p1_S789,19,1571983,A_C9_C2_AA_AE_mBHI_mBHI_4_S33,100059
52,B4-e003Coalescence-mBHI-p1_S733,21,1656166,A_C9_C2_AA_AE_mBHI_mBHI_4_S33,100059
53,F2-e003Coalescence-mGAM-p1_S785,24,2169203,A_C9_C2_AA_AE_mBHI_mBHI_4_S33,100059
54,F5-e003Coalescence-mGAM-p1_S809,27,2299166,A_C9_C2_AA_AE_mBHI_mBHI_4_S33,100059
55,G3-e003Coalescence-mGAM-p1_S794,26,1549647,A_C9_C2_AA_AE_mBHI_mBHI_4_S33,100059
56,C3-e003Coalescence-mBHI-p1_S726,14,1814974,A_C9_C2_AA_AE_mBHI_mBHI_4_S33,100059
57,F4-e003Coalescence-mGAM-p1_S801,48,2082505,A_C9_C2_AA_AE_mBHI_mBHI_4_S33,100059
58,B4-e003Coalescence-mGAM-p1_S737,14,2329051,A_C9_C2_AA_AE_mBHI_mBHI_4_S33,100059
59,E3-e003Coalescence-mGAM-p1_S792,27,1419028,A_C9_C2_AA_AE_mBHI_mBHI_4_S33,100059
60,F3-e003Coalescence-mGAM-p1_S793,27,2347771,A_C9_C2_AA_AE_mBHI_mBHI_4_S33,100059
61,Coalescence-D1-B2-AA-ACPP-mBHI-mGAM-5_S656,21,2325618,A_C9_C2_AA_AE_mBHI_mBHI_4_S33,100059
62,Coalescence-B4-D3-ACPP-AF-mBHI-mGAM-7_S635,16,2332904,A_C9_C2_AA_AE_mBHI_mBHI_4_S33,100059
63,Coalescence-A6-B2-AA-ACPP-mBHI-mGAM-7_S625,17,2325429,A_C9_C2_AA_AE_mBHI_mBHI_4_S33,100059
64,Coalescence-D12-B4-ACPP-AE-mBHI-mGAM-3_S667,20,2332403,A_C9_C2_AA_AE_mBHI_mBHI_4_S33,100059
65,Coalescence-D7-A3-AA-ACPP-mBHI-mGAM-3_S662,10,2330889,A_C9_C2_AA_AE_mBHI_mBHI_4_S33,100059
66,Coalescence-B9-G3-ACPP-AE-mBHI-mGAM-7_S640,21,2299288,A_C9_C2_AA_AE_mBHI_mBHI_4_S33,100059
67,Coalescence-D11-B3-ACPP-ACPP-mBHI-mGAM-3_S666,19,2336011,A_C9_C2_AA_AE_mBHI_mBHI_4_S33,100059
68,Coalescence-A7-B3-ACPP-ACPP-mBHI-mGAM-7_S626,21,2331105,A_C9_C2_AA_AE_mBHI_mBHI_4_S33,100059
69,Coalescence-C5-A3-AA-ACPP-mBHI-mGAM-5_S648,20,2341229,A_C9_C2_AA_AE_mBHI_mBHI_4_S33,100059
70,B3-e003Assembly-mBHI-p5,68,1671938,A_C9_C2_AA_AE_mBHI_mBHI_4_S33,100059
71,C10-e003GlycerolRevival-mGAM-p2,3702,1999791,A_C9_C2_AA_AE_mBHI_mBHI_4_S33,100059
72,Assembly-G9-C9-ACPP-mGAM-3_S700,3047,1714545,A_C9_C2_AA_AE_mBHI_mBHI_4_S33,100059
73,Assembly-G2-B3-ACPP-mBHI-3_S693,404,2264296,A_C9_C2_AA_AE_mBHI_mBHI_4_S33,100059
74,Assembly-G11-D9-ACPP-mGAM-3_S702,2604,1476979,A_C9_C2_AA_AE_mBHI_mBHI_4_S33,100059
75,D_F10_e003Assembly_S358,3843,2229378,A_C9_C2_AA_AE_mBHI_mBHI_4_S33,100059
0,A_C9_C2_AA_AE_mBHI_mBHI_4_S33,19,1160951,A_E10_A3_ACPP_AA_mBHI_mGAM_4_S58,100059
1,A_E10_A3_ACPP_AA_mBHI_mGAM_4_S58,0,2331708,A_E10_A3_ACPP_AA_mBHI_mGAM_4_S58,100059
2,A_G2_C3_ACPP_AE_mBHI_mGAM_2_S74,11,2114140,A_E10_A3_ACPP_AA_mBHI_mGAM_4_S58,100059
3,A_G10_C3_ACPP_AE_mBHI_mGAM_4_S82,0,2328389,A_E10_A3_ACPP_AA_mBHI_mGAM_4_S58,100059
4,A_H10_D3_ACPP_AF_mBHI_mGAM_4_S94,1,2339199,A_E10_A3_ACPP_AA_mBHI_mGAM_4_S58,100059
5,B_E2_E3_ACPP_AA_mBHI_mGAM_2_S146,4,2315867,A_E10_A3_ACPP_AA_mBHI_mGAM_4_S58,100059
6,B_H2_H3_ACPP_AF_mBHI_mGAM_2_S182,3,2342589,A_E10_A3_ACPP_AA_mBHI_mGAM_4_S58,100059
7,C3-e003Coalescence-mGAM-p3,19,2330633,A_E10_A3_ACPP_AA_mBHI_mGAM_4_S58,100059
8,B4-e003Coalescence-mGAM-p5,19,2297529,A_E10_A3_ACPP_AA_mBHI_mGAM_4_S58,100059
9,B5-e003Coalescence-mGAM-p5,18,2230945,A_E10_A3_ACPP_AA_mBHI_mGAM_4_S58,100059
10,C3-e003Coalescence-mGAM-p5,21,2320793,A_E10_A3_ACPP_AA_mBHI_mGAM_4_S58,100059
11,B2-e003Coalescence-mGAM-p3,13,2302020,A_E10_A3_ACPP_AA_mBHI_mGAM_4_S58,100059
12,D3-e003Coalescence-mGAM-p3,18,2304101,A_E10_A3_ACPP_AA_mBHI_mGAM_4_S58,100059
13,D3-e003Coalescence-mGAM-p5,22,2345640,A_E10_A3_ACPP_AA_mBHI_mGAM_4_S58,100059
14,A3-e003Coalescence-mGAM-p7,113,2224531,A_E10_A3_ACPP_AA_mBHI_mGAM_4_S58,100059
15,C3-e003Coalescence-mGAM-p7,23,2337093,A_E10_A3_ACPP_AA_mBHI_mGAM_4_S58,100059
16,B3-e003Coalescence-mGAM-p5,24,2323948,A_E10_A3_ACPP_AA_mBHI_mGAM_4_S58,100059
17,B3-e003Coalescence-mBHI-p5,14,1072043,A_E10_A3_ACPP_AA_mBHI_mGAM_4_S58,100059
18,B5-e003Coalescence-mGAM-p3,10,2263665,A_E10_A3_ACPP_AA_mBHI_mGAM_4_S58,100059
19,F5-e003Coalescence-mGAM-p5_S64,0,2321521,A_E10_A3_ACPP_AA_mBHI_mGAM_4_S58,100059
20,F5-e003Coalescence-mGAM-p7_S160,8,1792027,A_E10_A3_ACPP_AA_mBHI_mGAM_4_S58,100059
21,E3-e003Coalescence-mGAM-p3_S58,1,2304171,A_E10_A3_ACPP_AA_mBHI_mGAM_4_S58,100059
22,F2-e003Coalescence-mGAM-p7_S157,18,2169270,A_E10_A3_ACPP_AA_mBHI_mGAM_4_S58,100059
23,H3-e003Coalescence-mGAM-p3_S94,5,2281366,A_E10_A3_ACPP_AA_mBHI_mGAM_4_S58,100059
24,E3-e003Coalescence-mGAM-p5_S50,0,2328032,A_E10_A3_ACPP_AA_mBHI_mGAM_4_S58,100059
25,F5-e003Coalescence-mGAM-p3_S72,10,1909764,A_E10_A3_ACPP_AA_mBHI_mGAM_4_S58,100059
26,F2-e003Coalescence-mGAM-p5_S61,0,2319879,A_E10_A3_ACPP_AA_mBHI_mGAM_4_S58,100059
27,F4-e003Coalescence-mGAM-p5_S63,0,2281603,A_E10_A3_ACPP_AA_mBHI_mGAM_4_S58,100059
28,E3-e003Coalescence-mGAM-p7_S146,1,2284526,A_E10_A3_ACPP_AA_mBHI_mGAM_4_S58,100059
29,F3-e003Coalescence-mGAM-p5_S62,2,2274734,A_E10_A3_ACPP_AA_mBHI_mGAM_4_S58,100059
30,G3-e003Coalescence-mGAM-p3_S82,0,2315865,A_E10_A3_ACPP_AA_mBHI_mGAM_4_S58,100059
31,F3-e003Coalescence-mGAM-p7_S158,16,1890761,A_E10_A3_ACPP_AA_mBHI_mGAM_4_S58,100059
32,F2-e003Coalescence-mGAM-p3_S69,86,2223230,A_E10_A3_ACPP_AA_mBHI_mGAM_4_S58,100059
33,G3-e003Coalescence-mGAM-p5_S74,0,2314417,A_E10_A3_ACPP_AA_mBHI_mGAM_4_S58,100059
34,F4-e003Coalescence-mGAM-p3_S71,0,2322136,A_E10_A3_ACPP_AA_mBHI_mGAM_4_S58,100059
35,F4-e003Coalescence-mGAM-p7_S159,0,2295820,A_E10_A3_ACPP_AA_mBHI_mGAM_4_S58,100059
36,H3-e003Coalescence-mGAM-p5_S86,7,2254569,A_E10_A3_ACPP_AA_mBHI_mGAM_4_S58,100059
37,D3-e003Coalescence-Inoculumn-mBHI,27,2396095,A_E10_A3_ACPP_AA_mBHI_mGAM_4_S58,100059
38,B5-e003Coalescence-Inoculumn-mBHI,21,2350303,A_E10_A3_ACPP_AA_mBHI_mGAM_4_S58,100059
39,A3-e003Coalescence-mBHI-inoculumn-redo,17,1788568,A_E10_A3_ACPP_AA_mBHI_mGAM_4_S58,100059
40,B3-e003Coalescence-Inoculumn-mBHI,24,2381229,A_E10_A3_ACPP_AA_mBHI_mGAM_4_S58,100059
41,B2-e003Coalescence-Inoculumn-mBHI,34,2353136,A_E10_A3_ACPP_AA_mBHI_mGAM_4_S58,100059
42,C3-e003Coalescence-mBHI-inoculumn-redo,25,2362051,A_E10_A3_ACPP_AA_mBHI_mGAM_4_S58,100059
43,B4-e003Coalescence-Inoculumn-mBHI,28,2359806,A_E10_A3_ACPP_AA_mBHI_mGAM_4_S58,100059
44,B3-e003Coalescence-mGAM-p1_S729,9,2342364,A_E10_A3_ACPP_AA_mBHI_mGAM_4_S58,100059
45,B5-e003Coalescence-mGAM-p1_S745,63,1357308,A_E10_A3_ACPP_AA_mBHI_mGAM_4_S58,100059
46,D3-e003Coalescence-mGAM-p1_S731,40,2257246,A_E10_A3_ACPP_AA_mBHI_mGAM_4_S58,100059
47,G3-e003Coalescence-mBHI-p1_S790,6,1758065,A_E10_A3_ACPP_AA_mBHI_mGAM_4_S58,100059
48,A3-e003Coalescence-mGAM-p1_S728,58,1780223,A_E10_A3_ACPP_AA_mBHI_mGAM_4_S58,100059
49,B3-e003Coalescence-mBHI-p1_S725,8,2066919,A_E10_A3_ACPP_AA_mBHI_mGAM_4_S58,100059
50,C3-e003Coalescence-mGAM-p1_S730,44,1716039,A_E10_A3_ACPP_AA_mBHI_mGAM_4_S58,100059
51,F3-e003Coalescence-mBHI-p1_S789,9,1571983,A_E10_A3_ACPP_AA_mBHI_mGAM_4_S58,100059
52,B4-e003Coalescence-mBHI-p1_S733,15,1656166,A_E10_A3_ACPP_AA_mBHI_mGAM_4_S58,100059
53,F2-e003Coalescence-mGAM-p1_S785,27,2169203,A_E10_A3_ACPP_AA_mBHI_mGAM_4_S58,100059
54,F5-e003Coalescence-mGAM-p1_S809,21,2299166,A_E10_A3_ACPP_AA_mBHI_mGAM_4_S58,100059
55,G3-e003Coalescence-mGAM-p1_S794,42,1549647,A_E10_A3_ACPP_AA_mBHI_mGAM_4_S58,100059
56,C3-e003Coalescence-mBHI-p1_S726,6,1814974,A_E10_A3_ACPP_AA_mBHI_mGAM_4_S58,100059
57,F4-e003Coalescence-mGAM-p1_S801,34,2082505,A_E10_A3_ACPP_AA_mBHI_mGAM_4_S58,100059
58,B4-e003Coalescence-mGAM-p1_S737,4,2329051,A_E10_A3_ACPP_AA_mBHI_mGAM_4_S58,100059
59,E3-e003Coalescence-mGAM-p1_S792,53,1419028,A_E10_A3_ACPP_AA_mBHI_mGAM_4_S58,100059
60,F3-e003Coalescence-mGAM-p1_S793,12,2347771,A_E10_A3_ACPP_AA_mBHI_mGAM_4_S58,100059
61,Coalescence-D1-B2-AA-ACPP-mBHI-mGAM-5_S656,0,2325618,A_E10_A3_ACPP_AA_mBHI_mGAM_4_S58,100059
62,Coalescence-B4-D3-ACPP-AF-mBHI-mGAM-7_S635,5,2332904,A_E10_A3_ACPP_AA_mBHI_mGAM_4_S58,100059
63,Coalescence-A6-B2-AA-ACPP-mBHI-mGAM-7_S625,1,2325429,A_E10_A3_ACPP_AA_mBHI_mGAM_4_S58,100059
64,Coalescence-D12-B4-ACPP-AE-mBHI-mGAM-3_S667,1,2332403,A_E10_A3_ACPP_AA_mBHI_mGAM_4_S58,100059
65,Coalescence-D7-A3-AA-ACPP-mBHI-mGAM-3_S662,0,2330889,A_E10_A3_ACPP_AA_mBHI_mGAM_4_S58,100059
66,Coalescence-B9-G3-ACPP-AE-mBHI-mGAM-7_S640,1,2299288,A_E10_A3_ACPP_AA_mBHI_mGAM_4_S58,100059
67,Coalescence-D11-B3-ACPP-ACPP-mBHI-mGAM-3_S666,0,2336011,A_E10_A3_ACPP_AA_mBHI_mGAM_4_S58,100059
68,Coalescence-A7-B3-ACPP-ACPP-mBHI-mGAM-7_S626,2,2331105,A_E10_A3_ACPP_AA_mBHI_mGAM_4_S58,100059
69,Coalescence-C5-A3-AA-ACPP-mBHI-mGAM-5_S648,0,2341229,A_E10_A3_ACPP_AA_mBHI_mGAM_4_S58,100059
70,B3-e003Assembly-mBHI-p5,117,1671938,A_E10_A3_ACPP_AA_mBHI_mGAM_4_S58,100059
71,C10-e003GlycerolRevival-mGAM-p2,8741,1999791,A_E10_A3_ACPP_AA_mBHI_mGAM_4_S58,100059
72,Assembly-G9-C9-ACPP-mGAM-3_S700,7268,1714545,A_E10_A3_ACPP_AA_mBHI_mGAM_4_S58,100059
73,Assembly-G2-B3-ACPP-mBHI-3_S693,837,2264296,A_E10_A3_ACPP_AA_mBHI_mGAM_4_S58,100059
74,Assembly-G11-D9-ACPP-mGAM-3_S702,6140,1476979,A_E10_A3_ACPP_AA_mBHI_mGAM_4_S58,100059
75,D_F10_e003Assembly_S358,9159,2229378,A_E10_A3_ACPP_AA_mBHI_mGAM_4_S58,100059
0,A_C9_C2_AA_AE_mBHI_mBHI_4_S33,17,1160951,A_G2_C3_ACPP_AE_mBHI_mGAM_2_S74,100059
1,A_E10_A3_ACPP_AA_mBHI_mGAM_4_S58,11,2331708,A_G2_C3_ACPP_AE_mBHI_mGAM_2_S74,100059
2,A_G2_C3_ACPP_AE_mBHI_mGAM_2_S74,0,2114140,A_G2_C3_ACPP_AE_mBHI_mGAM_2_S74,100059
3,A_G10_C3_ACPP_AE_mBHI_mGAM_4_S82,14,2328389,A_G2_C3_ACPP_AE_mBHI_mGAM_2_S74,100059
4,A_H10_D3_ACPP_AF_mBHI_mGAM_4_S94,11,2339199,A_G2_C3_ACPP_AE_mBHI_mGAM_2_S74,100059
5,B_E2_E3_ACPP_AA_mBHI_mGAM_2_S146,11,2315867,A_G2_C3_ACPP_AE_mBHI_mGAM_2_S74,100059
6,B_H2_H3_ACPP_AF_mBHI_mGAM_2_S182,14,2342589,A_G2_C3_ACPP_AE_mBHI_mGAM_2_S74,100059
7,C3-e003Coalescence-mGAM-p3,24,2330633,A_G2_C3_ACPP_AE_mBHI_mGAM_2_S74,100059
8,B4-e003Coalescence-mGAM-p5,32,2297529,A_G2_C3_ACPP_AE_mBHI_mGAM_2_S74,100059
9,B5-e003Coalescence-mGAM-p5,32,2230945,A_G2_C3_ACPP_AE_mBHI_mGAM_2_S74,100059
10,C3-e003Coalescence-mGAM-p5,30,2320793,A_G2_C3_ACPP_AE_mBHI_mGAM_2_S74,100059
11,B2-e003Coalescence-mGAM-p3,19,2302020,A_G2_C3_ACPP_AE_mBHI_mGAM_2_S74,100059
12,D3-e003Coalescence-mGAM-p3,20,2304101,A_G2_C3_ACPP_AE_mBHI_mGAM_2_S74,100059
13,D3-e003Coalescence-mGAM-p5,30,2345640,A_G2_C3_ACPP_AE_mBHI_mGAM_2_S74,100059
14,A3-e003Coalescence-mGAM-p7,77,2224531,A_G2_C3_ACPP_AE_mBHI_mGAM_2_S74,100059
15,C3-e003Coalescence-mGAM-p7,31,2337093,A_G2_C3_ACPP_AE_mBHI_mGAM_2_S74,100059
16,B3-e003Coalescence-mGAM-p5,28,2323948,A_G2_C3_ACPP_AE_mBHI_mGAM_2_S74,100059
17,B3-e003Coalescence-mBHI-p5,13,1072043,A_G2_C3_ACPP_AE_mBHI_mGAM_2_S74,100059
18,B5-e003Coalescence-mGAM-p3,15,2263665,A_G2_C3_ACPP_AE_mBHI_mGAM_2_S74,100059
19,F5-e003Coalescence-mGAM-p5_S64,14,2321521,A_G2_C3_ACPP_AE_mBHI_mGAM_2_S74,100059
20,F5-e003Coalescence-mGAM-p7_S160,16,1792027,A_G2_C3_ACPP_AE_mBHI_mGAM_2_S74,100059
21,E3-e003Coalescence-mGAM-p3_S58,10,2304171,A_G2_C3_ACPP_AE_mBHI_mGAM_2_S74,100059
22,F2-e003Coalescence-mGAM-p7_S157,24,2169270,A_G2_C3_ACPP_AE_mBHI_mGAM_2_S74,100059
23,H3-e003Coalescence-mGAM-p3_S94,11,2281366,A_G2_C3_ACPP_AE_mBHI_mGAM_2_S74,100059
24,E3-e003Coalescence-mGAM-p5_S50,12,2328032,A_G2_C3_ACPP_AE_mBHI_mGAM_2_S74,100059
25,F5-e003Coalescence-mGAM-p3_S72,12,1909764,A_G2_C3_ACPP_AE_mBHI_mGAM_2_S74,100059
26,F2-e003Coalescence-mGAM-p5_S61,17,2319879,A_G2_C3_ACPP_AE_mBHI_mGAM_2_S74,100059
27,F4-e003Coalescence-mGAM-p5_S63,10,2281603,A_G2_C3_ACPP_AE_mBHI_mGAM_2_S74,100059
28,E3-e003Coalescence-mGAM-p7_S146,6,2284526,A_G2_C3_ACPP_AE_mBHI_mGAM_2_S74,100059
29,F3-e003Coalescence-mGAM-p5_S62,14,2274734,A_G2_C3_ACPP_AE_mBHI_mGAM_2_S74,100059
30,G3-e003Coalescence-mGAM-p3_S82,14,2315865,A_G2_C3_ACPP_AE_mBHI_mGAM_2_S74,100059
31,F3-e003Coalescence-mGAM-p7_S158,25,1890761,A_G2_C3_ACPP_AE_mBHI_mGAM_2_S74,100059
32,F2-e003Coalescence-mGAM-p3_S69,63,2223230,A_G2_C3_ACPP_AE_mBHI_mGAM_2_S74,100059
33,G3-e003Coalescence-mGAM-p5_S74,8,2314417,A_G2_C3_ACPP_AE_mBHI_mGAM_2_S74,100059
34,F4-e003Coalescence-mGAM-p3_S71,14,2322136,A_G2_C3_ACPP_AE_mBHI_mGAM_2_S74,100059
35,F4-e003Coalescence-mGAM-p7_S159,16,2295820,A_G2_C3_ACPP_AE_mBHI_mGAM_2_S74,100059
36,H3-e003Coalescence-mGAM-p5_S86,20,2254569,A_G2_C3_ACPP_AE_mBHI_mGAM_2_S74,100059
37,D3-e003Coalescence-Inoculumn-mBHI,33,2396095,A_G2_C3_ACPP_AE_mBHI_mGAM_2_S74,100059
38,B5-e003Coalescence-Inoculumn-mBHI,28,2350303,A_G2_C3_ACPP_AE_mBHI_mGAM_2_S74,100059
39,A3-e003Coalescence-mBHI-inoculumn-redo,22,1788568,A_G2_C3_ACPP_AE_mBHI_mGAM_2_S74,100059
40,B3-e003Coalescence-Inoculumn-mBHI,30,2381229,A_G2_C3_ACPP_AE_mBHI_mGAM_2_S74,100059
41,B2-e003Coalescence-Inoculumn-mBHI,40,2353136,A_G2_C3_ACPP_AE_mBHI_mGAM_2_S74,100059
42,C3-e003Coalescence-mBHI-inoculumn-redo,30,2362051,A_G2_C3_ACPP_AE_mBHI_mGAM_2_S74,100059
43,B4-e003Coalescence-Inoculumn-mBHI,29,2359806,A_G2_C3_ACPP_AE_mBHI_mGAM_2_S74,100059
44,B3-e003Coalescence-mGAM-p1_S729,16,2342364,A_G2_C3_ACPP_AE_mBHI_mGAM_2_S74,100059
45,B5-e003Coalescence-mGAM-p1_S745,46,1357308,A_G2_C3_ACPP_AE_mBHI_mGAM_2_S74,100059
46,D3-e003Coalescence-mGAM-p1_S731,22,2257246,A_G2_C3_ACPP_AE_mBHI_mGAM_2_S74,100059
47,G3-e003Coalescence-mBHI-p1_S790,11,1758065,A_G2_C3_ACPP_AE_mBHI_mGAM_2_S74,100059
48,A3-e003Coalescence-mGAM-p1_S728,36,1780223,A_G2_C3_ACPP_AE_mBHI_mGAM_2_S74,100059
49,B3-e003Coalescence-mBHI-p1_S725,12,2066919,A_G2_C3_ACPP_AE_mBHI_mGAM_2_S74,100059
50,C3-e003Coalescence-mGAM-p1_S730,30,1716039,A_G2_C3_ACPP_AE_mBHI_mGAM_2_S74,100059
51,F3-e003Coalescence-mBHI-p1_S789,10,1571983,A_G2_C3_ACPP_AE_mBHI_mGAM_2_S74,100059
52,B4-e003Coalescence-mBHI-p1_S733,23,1656166,A_G2_C3_ACPP_AE_mBHI_mGAM_2_S74,100059
53,F2-e003Coalescence-mGAM-p1_S785,30,2169203,A_G2_C3_ACPP_AE_mBHI_mGAM_2_S74,100059
54,F5-e003Coalescence-mGAM-p1_S809,9,2299166,A_G2_C3_ACPP_AE_mBHI_mGAM_2_S74,100059
55,G3-e003Coalescence-mGAM-p1_S794,29,1549647,A_G2_C3_ACPP_AE_mBHI_mGAM_2_S74,100059
56,C3-e003Coalescence-mBHI-p1_S726,16,1814974,A_G2_C3_ACPP_AE_mBHI_mGAM_2_S74,100059
57,F4-e003Coalescence-mGAM-p1_S801,30,2082505,A_G2_C3_ACPP_AE_mBHI_mGAM_2_S74,100059
58,B4-e003Coalescence-mGAM-p1_S737,8,2329051,A_G2_C3_ACPP_AE_mBHI_mGAM_2_S74,100059
59,E3-e003Coalescence-mGAM-p1_S792,37,1419028,A_G2_C3_ACPP_AE_mBHI_mGAM_2_S74,100059
60,F3-e003Coalescence-mGAM-p1_S793,14,2347771,A_G2_C3_ACPP_AE_mBHI_mGAM_2_S74,100059
61,Coalescence-D1-B2-AA-ACPP-mBHI-mGAM-5_S656,13,2325618,A_G2_C3_ACPP_AE_mBHI_mGAM_2_S74,100059
62,Coalescence-B4-D3-ACPP-AF-mBHI-mGAM-7_S635,8,2332904,A_G2_C3_ACPP_AE_mBHI_mGAM_2_S74,100059
63,Coalescence-A6-B2-AA-ACPP-mBHI-mGAM-7_S625,8,2325429,A_G2_C3_ACPP_AE_mBHI_mGAM_2_S74,100059
64,Coalescence-D12-B4-ACPP-AE-mBHI-mGAM-3_S667,14,2332403,A_G2_C3_ACPP_AE_mBHI_mGAM_2_S74,100059
65,Coalescence-D7-A3-AA-ACPP-mBHI-mGAM-3_S662,8,2330889,A_G2_C3_ACPP_AE_mBHI_mGAM_2_S74,100059
66,Coalescence-B9-G3-ACPP-AE-mBHI-mGAM-7_S640,15,2299288,A_G2_C3_ACPP_AE_mBHI_mGAM_2_S74,100059
67,Coalescence-D11-B3-ACPP-ACPP-mBHI-mGAM-3_S666,14,2336011,A_G2_C3_ACPP_AE_mBHI_mGAM_2_S74,100059
68,Coalescence-A7-B3-ACPP-ACPP-mBHI-mGAM-7_S626,15,2331105,A_G2_C3_ACPP_AE_mBHI_mGAM_2_S74,100059
69,Coalescence-C5-A3-AA-ACPP-mBHI-mGAM-5_S648,17,2341229,A_G2_C3_ACPP_AE_mBHI_mGAM_2_S74,100059
70,B3-e003Assembly-mBHI-p5,73,1671938,A_G2_C3_ACPP_AE_mBHI_mGAM_2_S74,100059
71,C10-e003GlycerolRevival-mGAM-p2,5421,1999791,A_G2_C3_ACPP_AE_mBHI_mGAM_2_S74,100059
72,Assembly-G9-C9-ACPP-mGAM-3_S700,4525,1714545,A_G2_C3_ACPP_AE_mBHI_mGAM_2_S74,100059
73,Assembly-G2-B3-ACPP-mBHI-3_S693,526,2264296,A_G2_C3_ACPP_AE_mBHI_mGAM_2_S74,100059
74,Assembly-G11-D9-ACPP-mGAM-3_S702,3781,1476979,A_G2_C3_ACPP_AE_mBHI_mGAM_2_S74,100059
75,D_F10_e003Assembly_S358,5676,2229378,A_G2_C3_ACPP_AE_mBHI_mGAM_2_S74,100059
0,A_C9_C2_AA_AE_mBHI_mBHI_4_S33,20,1160951,A_G10_C3_ACPP_AE_mBHI_mGAM_4_S82,100059
1,A_E10_A3_ACPP_AA_mBHI_mGAM_4_S58,0,2331708,A_G10_C3_ACPP_AE_mBHI_mGAM_4_S82,100059
2,A_G2_C3_ACPP_AE_mBHI_mGAM_2_S74,14,2114140,A_G10_C3_ACPP_AE_mBHI_mGAM_4_S82,100059
3,A_G10_C3_ACPP_AE_mBHI_mGAM_4_S82,0,2328389,A_G10_C3_ACPP_AE_mBHI_mGAM_4_S82,100059
4,A_H10_D3_ACPP_AF_mBHI_mGAM_4_S94,0,2339199,A_G10_C3_ACPP_AE_mBHI_mGAM_4_S82,100059
5,B_E2_E3_ACPP_AA_mBHI_mGAM_2_S146,15,2315867,A_G10_C3_ACPP_AE_mBHI_mGAM_4_S82,100059
6,B_H2_H3_ACPP_AF_mBHI_mGAM_2_S182,0,2342589,A_G10_C3_ACPP_AE_mBHI_mGAM_4_S82,100059
7,C3-e003Coalescence-mGAM-p3,19,2330633,A_G10_C3_ACPP_AE_mBHI_mGAM_4_S82,100059
8,B4-e003Coalescence-mGAM-p5,19,2297529,A_G10_C3_ACPP_AE_mBHI_mGAM_4_S82,100059
9,B5-e003Coalescence-mGAM-p5,16,2230945,A_G10_C3_ACPP_AE_mBHI_mGAM_4_S82,100059
10,C3-e003Coalescence-mGAM-p5,22,2320793,A_G10_C3_ACPP_AE_mBHI_mGAM_4_S82,100059
11,B2-e003Coalescence-mGAM-p3,14,2302020,A_G10_C3_ACPP_AE_mBHI_mGAM_4_S82,100059
12,D3-e003Coalescence-mGAM-p3,15,2304101,A_G10_C3_ACPP_AE_mBHI_mGAM_4_S82,100059
13,D3-e003Coalescence-mGAM-p5,21,2345640,A_G10_C3_ACPP_AE_mBHI_mGAM_4_S82,100059
14,A3-e003Coalescence-mGAM-p7,139,2224531,A_G10_C3_ACPP_AE_mBHI_mGAM_4_S82,100059
15,C3-e003Coalescence-mGAM-p7,22,2337093,A_G10_C3_ACPP_AE_mBHI_mGAM_4_S82,100059
16,B3-e003Coalescence-mGAM-p5,21,2323948,A_G10_C3_ACPP_AE_mBHI_mGAM_4_S82,100059
17,B3-e003Coalescence-mBHI-p5,14,1072043,A_G10_C3_ACPP_AE_mBHI_mGAM_4_S82,100059
18,B5-e003Coalescence-mGAM-p3,10,2263665,A_G10_C3_ACPP_AE_mBHI_mGAM_4_S82,100059
19,F5-e003Coalescence-mGAM-p5_S64,0,2321521,A_G10_C3_ACPP_AE_mBHI_mGAM_4_S82,100059
20,F5-e003Coalescence-mGAM-p7_S160,8,1792027,A_G10_C3_ACPP_AE_mBHI_mGAM_4_S82,100059
21,E3-e003Coalescence-mGAM-p3_S58,0,2304171,A_G10_C3_ACPP_AE_mBHI_mGAM_4_S82,100059
22,F2-e003Coalescence-mGAM-p7_S157,16,2169270,A_G10_C3_ACPP_AE_mBHI_mGAM_4_S82,100059
23,H3-e003Coalescence-mGAM-p3_S94,4,2281366,A_G10_C3_ACPP_AE_mBHI_mGAM_4_S82,100059
24,E3-e003Coalescence-mGAM-p5_S50,0,2328032,A_G10_C3_ACPP_AE_mBHI_mGAM_4_S82,100059
25,F5-e003Coalescence-mGAM-p3_S72,9,1909764,A_G10_C3_ACPP_AE_mBHI_mGAM_4_S82,100059
26,F2-e003Coalescence-mGAM-p5_S61,0,2319879,A_G10_C3_ACPP_AE_mBHI_mGAM_4_S82,100059
27,F4-e003Coalescence-mGAM-p5_S63,0,2281603,A_G10_C3_ACPP_AE_mBHI_mGAM_4_S82,100059
28,E3-e003Coalescence-mGAM-p7_S146,2,2284526,A_G10_C3_ACPP_AE_mBHI_mGAM_4_S82,100059
29,F3-e003Coalescence-mGAM-p5_S62,0,2274734,A_G10_C3_ACPP_AE_mBHI_mGAM_4_S82,100059
30,G3-e003Coalescence-mGAM-p3_S82,0,2315865,A_G10_C3_ACPP_AE_mBHI_mGAM_4_S82,100059
31,F3-e003Coalescence-mGAM-p7_S158,21,1890761,A_G10_C3_ACPP_AE_mBHI_mGAM_4_S82,100059
32,F2-e003Coalescence-mGAM-p3_S69,137,2223230,A_G10_C3_ACPP_AE_mBHI_mGAM_4_S82,100059
33,G3-e003Coalescence-mGAM-p5_S74,0,2314417,A_G10_C3_ACPP_AE_mBHI_mGAM_4_S82,100059
34,F4-e003Coalescence-mGAM-p3_S71,0,2322136,A_G10_C3_ACPP_AE_mBHI_mGAM_4_S82,100059
35,F4-e003Coalescence-mGAM-p7_S159,0,2295820,A_G10_C3_ACPP_AE_mBHI_mGAM_4_S82,100059
36,H3-e003Coalescence-mGAM-p5_S86,12,2254569,A_G10_C3_ACPP_AE_mBHI_mGAM_4_S82,100059
37,D3-e003Coalescence-Inoculumn-mBHI,25,2396095,A_G10_C3_ACPP_AE_mBHI_mGAM_4_S82,100059
38,B5-e003Coalescence-Inoculumn-mBHI,19,2350303,A_G10_C3_ACPP_AE_mBHI_mGAM_4_S82,100059
39,A3-e003Coalescence-mBHI-inoculumn-redo,14,1788568,A_G10_C3_ACPP_AE_mBHI_mGAM_4_S82,100059
40,B3-e003Coalescence-Inoculumn-mBHI,21,2381229,A_G10_C3_ACPP_AE_mBHI_mGAM_4_S82,100059
41,B2-e003Coalescence-Inoculumn-mBHI,25,2353136,A_G10_C3_ACPP_AE_mBHI_mGAM_4_S82,100059
42,C3-e003Coalescence-mBHI-inoculumn-redo,20,2362051,A_G10_C3_ACPP_AE_mBHI_mGAM_4_S82,100059
43,B4-e003Coalescence-Inoculumn-mBHI,25,2359806,A_G10_C3_ACPP_AE_mBHI_mGAM_4_S82,100059
44,B3-e003Coalescence-mGAM-p1_S729,1,2342364,A_G10_C3_ACPP_AE_mBHI_mGAM_4_S82,100059
45,B5-e003Coalescence-mGAM-p1_S745,82,1357308,A_G10_C3_ACPP_AE_mBHI_mGAM_4_S82,100059
46,D3-e003Coalescence-mGAM-p1_S731,30,2257246,A_G10_C3_ACPP_AE_mBHI_mGAM_4_S82,100059
47,G3-e003Coalescence-mBHI-p1_S790,4,1758065,A_G10_C3_ACPP_AE_mBHI_mGAM_4_S82,100059
48,A3-e003Coalescence-mGAM-p1_S728,51,1780223,A_G10_C3_ACPP_AE_mBHI_mGAM_4_S82,100059
49,B3-e003Coalescence-mBHI-p1_S725,2,2066919,A_G10_C3_ACPP_AE_mBHI_mGAM_4_S82,100059
50,C3-e003Coalescence-mGAM-p1_S730,49,1716039,A_G10_C3_ACPP_AE_mBHI_mGAM_4_S82,100059
51,F3-e003Coalescence-mBHI-p1_S789,2,1571983,A_G10_C3_ACPP_AE_mBHI_mGAM_4_S82,100059
52,B4-e003Coalescence-mBHI-p1_S733,16,1656166,A_G10_C3_ACPP_AE_mBHI_mGAM_4_S82,100059
53,F2-e003Coalescence-mGAM-p1_S785,23,2169203,A_G10_C3_ACPP_AE_mBHI_mGAM_4_S82,100059
54,F5-e003Coalescence-mGAM-p1_S809,23,2299166,A_G10_C3_ACPP_AE_mBHI_mGAM_4_S82,100059
55,G3-e003Coalescence-mGAM-p1_S794,61,1549647,A_G10_C3_ACPP_AE_mBHI_mGAM_4_S82,100059
56,C3-e003Coalescence-mBHI-p1_S726,5,1814974,A_G10_C3_ACPP_AE_mBHI_mGAM_4_S82,100059
57,F4-e003Coalescence-mGAM-p1_S801,52,2082505,A_G10_C3_ACPP_AE_mBHI_mGAM_4_S82,100059
58,B4-e003Coalescence-mGAM-p1_S737,9,2329051,A_G10_C3_ACPP_AE_mBHI_mGAM_4_S82,100059
59,E3-e003Coalescence-mGAM-p1_S792,47,1419028,A_G10_C3_ACPP_AE_mBHI_mGAM_4_S82,100059
60,F3-e003Coalescence-mGAM-p1_S793,8,2347771,A_G10_C3_ACPP_AE_mBHI_mGAM_4_S82,100059
61,Coalescence-D1-B2-AA-ACPP-mBHI-mGAM-5_S656,0,2325618,A_G10_C3_ACPP_AE_mBHI_mGAM_4_S82,100059
62,Coalescence-B4-D3-ACPP-AF-mBHI-mGAM-7_S635,3,2332904,A_G10_C3_ACPP_AE_mBHI_mGAM_4_S82,100059
63,Coalescence-A6-B2-AA-ACPP-mBHI-mGAM-7_S625,0,2325429,A_G10_C3_ACPP_AE_mBHI_mGAM_4_S82,100059
64,Coalescence-D12-B4-ACPP-AE-mBHI-mGAM-3_S667,0,2332403,A_G10_C3_ACPP_AE_mBHI_mGAM_4_S82,100059
65,Coalescence-D7-A3-AA-ACPP-mBHI-mGAM-3_S662,0,2330889,A_G10_C3_ACPP_AE_mBHI_mGAM_4_S82,100059
66,Coalescence-B9-G3-ACPP-AE-mBHI-mGAM-7_S640,0,2299288,A_G10_C3_ACPP_AE_mBHI_mGAM_4_S82,100059
67,Coalescence-D11-B3-ACPP-ACPP-mBHI-mGAM-3_S666,0,2336011,A_G10_C3_ACPP_AE_mBHI_mGAM_4_S82,100059
68,Coalescence-A7-B3-ACPP-ACPP-mBHI-mGAM-7_S626,0,2331105,A_G10_C3_ACPP_AE_mBHI_mGAM_4_S82,100059
69,Coalescence-C5-A3-AA-ACPP-mBHI-mGAM-5_S648,0,2341229,A_G10_C3_ACPP_AE_mBHI_mGAM_4_S82,100059
70,B3-e003Assembly-mBHI-p5,151,1671938,A_G10_C3_ACPP_AE_mBHI_mGAM_4_S82,100059
71,C10-e003GlycerolRevival-mGAM-p2,10773,1999791,A_G10_C3_ACPP_AE_mBHI_mGAM_4_S82,100059
72,Assembly-G9-C9-ACPP-mGAM-3_S700,8885,1714545,A_G10_C3_ACPP_AE_mBHI_mGAM_4_S82,100059
73,Assembly-G2-B3-ACPP-mBHI-3_S693,1101,2264296,A_G10_C3_ACPP_AE_mBHI_mGAM_4_S82,100059
74,Assembly-G11-D9-ACPP-mGAM-3_S702,7570,1476979,A_G10_C3_ACPP_AE_mBHI_mGAM_4_S82,100059
75,D_F10_e003Assembly_S358,11282,2229378,A_G10_C3_ACPP_AE_mBHI_mGAM_4_S82,100059
0,A_C9_C2_AA_AE_mBHI_mBHI_4_S33,29,1160951,A_H10_D3_ACPP_AF_mBHI_mGAM_4_S94,100059
1,A_E10_A3_ACPP_AA_mBHI_mGAM_4_S58,1,2331708,A_H10_D3_ACPP_AF_mBHI_mGAM_4_S94,100059
2,A_G2_C3_ACPP_AE_mBHI_mGAM_2_S74,11,2114140,A_H10_D3_ACPP_AF_mBHI_mGAM_4_S94,100059
3,A_G10_C3_ACPP_AE_mBHI_mGAM_4_S82,0,2328389,A_H10_D3_ACPP_AF_mBHI_mGAM_4_S94,100059
4,A_H10_D3_ACPP_AF_mBHI_mGAM_4_S94,0,2339199,A_H10_D3_ACPP_AF_mBHI_mGAM_4_S94,100059
5,B_E2_E3_ACPP_AA_mBHI_mGAM_2_S146,9,2315867,A_H10_D3_ACPP_AF_mBHI_mGAM_4_S94,100059
6,B_H2_H3_ACPP_AF_mBHI_mGAM_2_S182,0,2342589,A_H10_D3_ACPP_AF_mBHI_mGAM_4_S94,100059
7,C3-e003Coalescence-mGAM-p3,19,2330633,A_H10_D3_ACPP_AF_mBHI_mGAM_4_S94,100059
8,B4-e003Coalescence-mGAM-p5,18,2297529,A_H10_D3_ACPP_AF_mBHI_mGAM_4_S94,100059
9,B5-e003Coalescence-mGAM-p5,13,2230945,A_H10_D3_ACPP_AF_mBHI_mGAM_4_S94,100059
10,C3-e003Coalescence-mGAM-p5,22,2320793,A_H10_D3_ACPP_AF_mBHI_mGAM_4_S94,100059
11,B2-e003Coalescence-mGAM-p3,17,2302020,A_H10_D3_ACPP_AF_mBHI_mGAM_4_S94,100059
12,D3-e003Coalescence-mGAM-p3,16,2304101,A_H10_D3_ACPP_AF_mBHI_mGAM_4_S94,100059
13,D3-e003Coalescence-mGAM-p5,22,2345640,A_H10_D3_ACPP_AF_mBHI_mGAM_4_S94,100059
14,A3-e003Coalescence-mGAM-p7,102,2224531,A_H10_D3_ACPP_AF_mBHI_mGAM_4_S94,100059
15,C3-e003Coalescence-mGAM-p7,22,2337093,A_H10_D3_ACPP_AF_mBHI_mGAM_4_S94,100059
16,B3-e003Coalescence-mGAM-p5,19,2323948,A_H10_D3_ACPP_AF_mBHI_mGAM_4_S94,100059
17,B3-e003Coalescence-mBHI-p5,13,1072043,A_H10_D3_ACPP_AF_mBHI_mGAM_4_S94,100059
18,B5-e003Coalescence-mGAM-p3,10,2263665,A_H10_D3_ACPP_AF_mBHI_mGAM_4_S94,100059
19,F5-e003Coalescence-mGAM-p5_S64,0,2321521,A_H10_D3_ACPP_AF_mBHI_mGAM_4_S94,100059
20,F5-e003Coalescence-mGAM-p7_S160,6,1792027,A_H10_D3_ACPP_AF_mBHI_mGAM_4_S94,100059
21,E3-e003Coalescence-mGAM-p3_S58,3,2304171,A_H10_D3_ACPP_AF_mBHI_mGAM_4_S94,100059
22,F2-e003Coalescence-mGAM-p7_S157,20,2169270,A_H10_D3_ACPP_AF_mBHI_mGAM_4_S94,100059
23,H3-e003Coalescence-mGAM-p3_S94,1,2281366,A_H10_D3_ACPP_AF_mBHI_mGAM_4_S94,100059
24,E3-e003Coalescence-mGAM-p5_S50,0,2328032,A_H10_D3_ACPP_AF_mBHI_mGAM_4_S94,100059
25,F5-e003Coalescence-mGAM-p3_S72,9,1909764,A_H10_D3_ACPP_AF_mBHI_mGAM_4_S94,100059
26,F2-e003Coalescence-mGAM-p5_S61,1,2319879,A_H10_D3_ACPP_AF_mBHI_mGAM_4_S94,100059
27,F4-e003Coalescence-mGAM-p5_S63,0,2281603,A_H10_D3_ACPP_AF_mBHI_mGAM_4_S94,100059
28,E3-e003Coalescence-mGAM-p7_S146,1,2284526,A_H10_D3_ACPP_AF_mBHI_mGAM_4_S94,100059
29,F3-e003Coalescence-mGAM-p5_S62,0,2274734,A_H10_D3_ACPP_AF_mBHI_mGAM_4_S94,100059
30,G3-e003Coalescence-mGAM-p3_S82,0,2315865,A_H10_D3_ACPP_AF_mBHI_mGAM_4_S94,100059
31,F3-e003Coalescence-mGAM-p7_S158,19,1890761,A_H10_D3_ACPP_AF_mBHI_mGAM_4_S94,100059
32,F2-e003Coalescence-mGAM-p3_S69,102,2223230,A_H10_D3_ACPP_AF_mBHI_mGAM_4_S94,100059
33,G3-e003Coalescence-mGAM-p5_S74,0,2314417,A_H10_D3_ACPP_AF_mBHI_mGAM_4_S94,100059
34,F4-e003Coalescence-mGAM-p3_S71,0,2322136,A_H10_D3_ACPP_AF_mBHI_mGAM_4_S94,100059
35,F4-e003Coalescence-mGAM-p7_S159,0,2295820,A_H10_D3_ACPP_AF_mBHI_mGAM_4_S94,100059
36,H3-e003Coalescence-mGAM-p5_S86,6,2254569,A_H10_D3_ACPP_AF_mBHI_mGAM_4_S94,100059
37,D3-e003Coalescence-Inoculumn-mBHI,25,2396095,A_H10_D3_ACPP_AF_mBHI_mGAM_4_S94,100059
38,B5-e003Coalescence-Inoculumn-mBHI,20,2350303,A_H10_D3_ACPP_AF_mBHI_mGAM_4_S94,100059
39,A3-e003Coalescence-mBHI-inoculumn-redo,14,1788568,A_H10_D3_ACPP_AF_mBHI_mGAM_4_S94,100059
40,B3-e003Coalescence-Inoculumn-mBHI,21,2381229,A_H10_D3_ACPP_AF_mBHI_mGAM_4_S94,100059
41,B2-e003Coalescence-Inoculumn-mBHI,25,2353136,A_H10_D3_ACPP_AF_mBHI_mGAM_4_S94,100059
42,C3-e003Coalescence-mBHI-inoculumn-redo,21,2362051,A_H10_D3_ACPP_AF_mBHI_mGAM_4_S94,100059
43,B4-e003Coalescence-Inoculumn-mBHI,26,2359806,A_H10_D3_ACPP_AF_mBHI_mGAM_4_S94,100059
44,B3-e003Coalescence-mGAM-p1_S729,1,2342364,A_H10_D3_ACPP_AF_mBHI_mGAM_4_S94,100059
45,B5-e003Coalescence-mGAM-p1_S745,65,1357308,A_H10_D3_ACPP_AF_mBHI_mGAM_4_S94,100059
46,D3-e003Coalescence-mGAM-p1_S731,20,2257246,A_H10_D3_ACPP_AF_mBHI_mGAM_4_S94,100059
47,G3-e003Coalescence-mBHI-p1_S790,5,1758065,A_H10_D3_ACPP_AF_mBHI_mGAM_4_S94,100059
48,A3-e003Coalescence-mGAM-p1_S728,37,1780223,A_H10_D3_ACPP_AF_mBHI_mGAM_4_S94,100059
49,B3-e003Coalescence-mBHI-p1_S725,1,2066919,A_H10_D3_ACPP_AF_mBHI_mGAM_4_S94,100059
50,C3-e003Coalescence-mGAM-p1_S730,43,1716039,A_H10_D3_ACPP_AF_mBHI_mGAM_4_S94,100059
51,F3-e003Coalescence-mBHI-p1_S789,2,1571983,A_H10_D3_ACPP_AF_mBHI_mGAM_4_S94,100059
52,B4-e003Coalescence-mBHI-p1_S733,18,1656166,A_H10_D3_ACPP_AF_mBHI_mGAM_4_S94,100059
53,F2-e003Coalescence-mGAM-p1_S785,15,2169203,A_H10_D3_ACPP_AF_mBHI_mGAM_4_S94,100059
54,F5-e003Coalescence-mGAM-p1_S809,14,2299166,A_H10_D3_ACPP_AF_mBHI_mGAM_4_S94,100059
55,G3-e003Coalescence-mGAM-p1_S794,48,1549647,A_H10_D3_ACPP_AF_mBHI_mGAM_4_S94,100059
56,C3-e003Coalescence-mBHI-p1_S726,14,1814974,A_H10_D3_ACPP_AF_mBHI_mGAM_4_S94,100059
57,F4-e003Coalescence-mGAM-p1_S801,51,2082505,A_H10_D3_ACPP_AF_mBHI_mGAM_4_S94,100059
58,B4-e003Coalescence-mGAM-p1_S737,4,2329051,A_H10_D3_ACPP_AF_mBHI_mGAM_4_S94,100059
59,E3-e003Coalescence-mGAM-p1_S792,46,1419028,A_H10_D3_ACPP_AF_mBHI_mGAM_4_S94,100059
60,F3-e003Coalescence-mGAM-p1_S793,4,2347771,A_H10_D3_ACPP_AF_mBHI_mGAM_4_S94,100059
61,Coalescence-D1-B2-AA-ACPP-mBHI-mGAM-5_S656,0,2325618,A_H10_D3_ACPP_AF_mBHI_mGAM_4_S94,100059
62,Coalescence-B4-D3-ACPP-AF-mBHI-mGAM-7_S635,2,2332904,A_H10_D3_ACPP_AF_mBHI_mGAM_4_S94,100059
63,Coalescence-A6-B2-AA-ACPP-mBHI-mGAM-7_S625,0,2325429,A_H10_D3_ACPP_AF_mBHI_mGAM_4_S94,100059
64,Coalescence-D12-B4-ACPP-AE-mBHI-mGAM-3_S667,0,2332403,A_H10_D3_ACPP_AF_mBHI_mGAM_4_S94,100059
65,Coalescence-D7-A3-AA-ACPP-mBHI-mGAM-3_S662,1,2330889,A_H10_D3_ACPP_AF_mBHI_mGAM_4_S94,100059
66,Coalescence-B9-G3-ACPP-AE-mBHI-mGAM-7_S640,0,2299288,A_H10_D3_ACPP_AF_mBHI_mGAM_4_S94,100059
67,Coalescence-D11-B3-ACPP-ACPP-mBHI-mGAM-3_S666,0,2336011,A_H10_D3_ACPP_AF_mBHI_mGAM_4_S94,100059
68,Coalescence-A7-B3-ACPP-ACPP-mBHI-mGAM-7_S626,0,2331105,A_H10_D3_ACPP_AF_mBHI_mGAM_4_S94,100059
69,Coalescence-C5-A3-AA-ACPP-mBHI-mGAM-5_S648,2,2341229,A_H10_D3_ACPP_AF_mBHI_mGAM_4_S94,100059
70,B3-e003Assembly-mBHI-p5,121,1671938,A_H10_D3_ACPP_AF_mBHI_mGAM_4_S94,100059
71,C10-e003GlycerolRevival-mGAM-p2,8812,1999791,A_H10_D3_ACPP_AF_mBHI_mGAM_4_S94,100059
72,Assembly-G9-C9-ACPP-mGAM-3_S700,7313,1714545,A_H10_D3_ACPP_AF_mBHI_mGAM_4_S94,100059
73,Assembly-G2-B3-ACPP-mBHI-3_S693,858,2264296,A_H10_D3_ACPP_AF_mBHI_mGAM_4_S94,100059
74,Assembly-G11-D9-ACPP-mGAM-3_S702,6158,1476979,A_H10_D3_ACPP_AF_mBHI_mGAM_4_S94,100059
75,D_F10_e003Assembly_S358,9214,2229378,A_H10_D3_ACPP_AF_mBHI_mGAM_4_S94,100059
0,A_C9_C2_AA_AE_mBHI_mBHI_4_S33,15,1160951,B_E2_E3_ACPP_AA_mBHI_mGAM_2_S146,100059
1,A_E10_A3_ACPP_AA_mBHI_mGAM_4_S58,4,2331708,B_E2_E3_ACPP_AA_mBHI_mGAM_2_S146,100059
2,A_G2_C3_ACPP_AE_mBHI_mGAM_2_S74,11,2114140,B_E2_E3_ACPP_AA_mBHI_mGAM_2_S146,100059
3,A_G10_C3_ACPP_AE_mBHI_mGAM_4_S82,15,2328389,B_E2_E3_ACPP_AA_mBHI_mGAM_2_S146,100059
4,A_H10_D3_ACPP_AF_mBHI_mGAM_4_S94,9,2339199,B_E2_E3_ACPP_AA_mBHI_mGAM_2_S146,100059
5,B_E2_E3_ACPP_AA_mBHI_mGAM_2_S146,0,2315867,B_E2_E3_ACPP_AA_mBHI_mGAM_2_S146,100059
6,B_H2_H3_ACPP_AF_mBHI_mGAM_2_S182,10,2342589,B_E2_E3_ACPP_AA_mBHI_mGAM_2_S146,100059
7,C3-e003Coalescence-mGAM-p3,27,2330633,B_E2_E3_ACPP_AA_mBHI_mGAM_2_S146,100059
8,B4-e003Coalescence-mGAM-p5,34,2297529,B_E2_E3_ACPP_AA_mBHI_mGAM_2_S146,100059
9,B5-e003Coalescence-mGAM-p5,32,2230945,B_E2_E3_ACPP_AA_mBHI_mGAM_2_S146,100059
10,C3-e003Coalescence-mGAM-p5,35,2320793,B_E2_E3_ACPP_AA_mBHI_mGAM_2_S146,100059
11,B2-e003Coalescence-mGAM-p3,26,2302020,B_E2_E3_ACPP_AA_mBHI_mGAM_2_S146,100059
12,D3-e003Coalescence-mGAM-p3,27,2304101,B_E2_E3_ACPP_AA_mBHI_mGAM_2_S146,100059
13,D3-e003Coalescence-mGAM-p5,33,2345640,B_E2_E3_ACPP_AA_mBHI_mGAM_2_S146,100059
14,A3-e003Coalescence-mGAM-p7,39,2224531,B_E2_E3_ACPP_AA_mBHI_mGAM_2_S146,100059
15,C3-e003Coalescence-mGAM-p7,36,2337093,B_E2_E3_ACPP_AA_mBHI_mGAM_2_S146,100059
16,B3-e003Coalescence-mGAM-p5,31,2323948,B_E2_E3_ACPP_AA_mBHI_mGAM_2_S146,100059
17,B3-e003Coalescence-mBHI-p5,30,1072043,B_E2_E3_ACPP_AA_mBHI_mGAM_2_S146,100059
18,B5-e003Coalescence-mGAM-p3,21,2263665,B_E2_E3_ACPP_AA_mBHI_mGAM_2_S146,100059
19,F5-e003Coalescence-mGAM-p5_S64,9,2321521,B_E2_E3_ACPP_AA_mBHI_mGAM_2_S146,100059
20,F5-e003Coalescence-mGAM-p7_S160,14,1792027,B_E2_E3_ACPP_AA_mBHI_mGAM_2_S146,100059
21,E3-e003Coalescence-mGAM-p3_S58,6,2304171,B_E2_E3_ACPP_AA_mBHI_mGAM_2_S146,100059
22,F2-e003Coalescence-mGAM-p7_S157,5,2169270,B_E2_E3_ACPP_AA_mBHI_mGAM_2_S146,100059
23,H3-e003Coalescence-mGAM-p3_S94,7,2281366,B_E2_E3_ACPP_AA_mBHI_mGAM_2_S146,100059
24,E3-e003Coalescence-mGAM-p5_S50,4,2328032,B_E2_E3_ACPP_AA_mBHI_mGAM_2_S146,100059
25,F5-e003Coalescence-mGAM-p3_S72,9,1909764,B_E2_E3_ACPP_AA_mBHI_mGAM_2_S146,100059
26,F2-e003Coalescence-mGAM-p5_S61,9,2319879,B_E2_E3_ACPP_AA_mBHI_mGAM_2_S146,100059
27,F4-e003Coalescence-mGAM-p5_S63,11,2281603,B_E2_E3_ACPP_AA_mBHI_mGAM_2_S146,100059
28,E3-e003Coalescence-mGAM-p7_S146,2,2284526,B_E2_E3_ACPP_AA_mBHI_mGAM_2_S146,100059
29,F3-e003Coalescence-mGAM-p5_S62,9,2274734,B_E2_E3_ACPP_AA_mBHI_mGAM_2_S146,100059
30,G3-e003Coalescence-mGAM-p3_S82,8,2315865,B_E2_E3_ACPP_AA_mBHI_mGAM_2_S146,100059
31,F3-e003Coalescence-mGAM-p7_S158,5,1890761,B_E2_E3_ACPP_AA_mBHI_mGAM_2_S146,100059
32,F2-e003Coalescence-mGAM-p3_S69,22,2223230,B_E2_E3_ACPP_AA_mBHI_mGAM_2_S146,100059
33,G3-e003Coalescence-mGAM-p5_S74,4,2314417,B_E2_E3_ACPP_AA_mBHI_mGAM_2_S146,100059
34,F4-e003Coalescence-mGAM-p3_S71,6,2322136,B_E2_E3_ACPP_AA_mBHI_mGAM_2_S146,100059
35,F4-e003Coalescence-mGAM-p7_S159,7,2295820,B_E2_E3_ACPP_AA_mBHI_mGAM_2_S146,100059
36,H3-e003Coalescence-mGAM-p5_S86,12,2254569,B_E2_E3_ACPP_AA_mBHI_mGAM_2_S146,100059
37,D3-e003Coalescence-Inoculumn-mBHI,68,2396095,B_E2_E3_ACPP_AA_mBHI_mGAM_2_S146,100059
38,B5-e003Coalescence-Inoculumn-mBHI,49,2350303,B_E2_E3_ACPP_AA_mBHI_mGAM_2_S146,100059
39,A3-e003Coalescence-mBHI-inoculumn-redo,28,1788568,B_E2_E3_ACPP_AA_mBHI_mGAM_2_S146,100059
40,B3-e003Coalescence-Inoculumn-mBHI,51,2381229,B_E2_E3_ACPP_AA_mBHI_mGAM_2_S146,100059
41,B2-e003Coalescence-Inoculumn-mBHI,57,2353136,B_E2_E3_ACPP_AA_mBHI_mGAM_2_S146,100059
42,C3-e003Coalescence-mBHI-inoculumn-redo,59,2362051,B_E2_E3_ACPP_AA_mBHI_mGAM_2_S146,100059
43,B4-e003Coalescence-Inoculumn-mBHI,60,2359806,B_E2_E3_ACPP_AA_mBHI_mGAM_2_S146,100059
44,B3-e003Coalescence-mGAM-p1_S729,15,2342364,B_E2_E3_ACPP_AA_mBHI_mGAM_2_S146,100059
45,B5-e003Coalescence-mGAM-p1_S745,21,1357308,B_E2_E3_ACPP_AA_mBHI_mGAM_2_S146,100059
46,D3-e003Coalescence-mGAM-p1_S731,29,2257246,B_E2_E3_ACPP_AA_mBHI_mGAM_2_S146,100059
47,G3-e003Coalescence-mBHI-p1_S790,34,1758065,B_E2_E3_ACPP_AA_mBHI_mGAM_2_S146,100059
48,A3-e003Coalescence-mGAM-p1_S728,7,1780223,B_E2_E3_ACPP_AA_mBHI_mGAM_2_S146,100059
49,B3-e003Coalescence-mBHI-p1_S725,31,2066919,B_E2_E3_ACPP_AA_mBHI_mGAM_2_S146,100059
50,C3-e003Coalescence-mGAM-p1_S730,7,1716039,B_E2_E3_ACPP_AA_mBHI_mGAM_2_S146,100059
51,F3-e003Coalescence-mBHI-p1_S789,15,1571983,B_E2_E3_ACPP_AA_mBHI_mGAM_2_S146,100059
52,B4-e003Coalescence-mBHI-p1_S733,25,1656166,B_E2_E3_ACPP_AA_mBHI_mGAM_2_S146,100059
53,F2-e003Coalescence-mGAM-p1_S785,7,2169203,B_E2_E3_ACPP_AA_mBHI_mGAM_2_S146,100059
54,F5-e003Coalescence-mGAM-p1_S809,25,2299166,B_E2_E3_ACPP_AA_mBHI_mGAM_2_S146,100059
55,G3-e003Coalescence-mGAM-p1_S794,23,1549647,B_E2_E3_ACPP_AA_mBHI_mGAM_2_S146,100059
56,C3-e003Coalescence-mBHI-p1_S726,35,1814974,B_E2_E3_ACPP_AA_mBHI_mGAM_2_S146,100059
57,F4-e003Coalescence-mGAM-p1_S801,18,2082505,B_E2_E3_ACPP_AA_mBHI_mGAM_2_S146,100059
58,B4-e003Coalescence-mGAM-p1_S737,5,2329051,B_E2_E3_ACPP_AA_mBHI_mGAM_2_S146,100059
59,E3-e003Coalescence-mGAM-p1_S792,9,1419028,B_E2_E3_ACPP_AA_mBHI_mGAM_2_S146,100059
60,F3-e003Coalescence-mGAM-p1_S793,28,2347771,B_E2_E3_ACPP_AA_mBHI_mGAM_2_S146,100059
61,Coalescence-D1-B2-AA-ACPP-mBHI-mGAM-5_S656,6,2325618,B_E2_E3_ACPP_AA_mBHI_mGAM_2_S146,100059
62,Coalescence-B4-D3-ACPP-AF-mBHI-mGAM-7_S635,10,2332904,B_E2_E3_ACPP_AA_mBHI_mGAM_2_S146,100059
63,Coalescence-A6-B2-AA-ACPP-mBHI-mGAM-7_S625,4,2325429,B_E2_E3_ACPP_AA_mBHI_mGAM_2_S146,100059
64,Coalescence-D12-B4-ACPP-AE-mBHI-mGAM-3_S667,7,2332403,B_E2_E3_ACPP_AA_mBHI_mGAM_2_S146,100059
65,Coalescence-D7-A3-AA-ACPP-mBHI-mGAM-3_S662,2,2330889,B_E2_E3_ACPP_AA_mBHI_mGAM_2_S146,100059
66,Coalescence-B9-G3-ACPP-AE-mBHI-mGAM-7_S640,15,2299288,B_E2_E3_ACPP_AA_mBHI_mGAM_2_S146,100059
67,Coalescence-D11-B3-ACPP-ACPP-mBHI-mGAM-3_S666,4,2336011,B_E2_E3_ACPP_AA_mBHI_mGAM_2_S146,100059
68,Coalescence-A7-B3-ACPP-ACPP-mBHI-mGAM-7_S626,8,2331105,B_E2_E3_ACPP_AA_mBHI_mGAM_2_S146,100059
69,Coalescence-C5-A3-AA-ACPP-mBHI-mGAM-5_S648,6,2341229,B_E2_E3_ACPP_AA_mBHI_mGAM_2_S146,100059
70,B3-e003Assembly-mBHI-p5,47,1671938,B_E2_E3_ACPP_AA_mBHI_mGAM_2_S146,100059
71,C10-e003GlycerolRevival-mGAM-p2,1672,1999791,B_E2_E3_ACPP_AA_mBHI_mGAM_2_S146,100059
72,Assembly-G9-C9-ACPP-mGAM-3_S700,1452,1714545,B_E2_E3_ACPP_AA_mBHI_mGAM_2_S146,100059
73,Assembly-G2-B3-ACPP-mBHI-3_S693,154,2264296,B_E2_E3_ACPP_AA_mBHI_mGAM_2_S146,100059
74,Assembly-G11-D9-ACPP-mGAM-3_S702,1144,1476979,B_E2_E3_ACPP_AA_mBHI_mGAM_2_S146,100059
75,D_F10_e003Assembly_S358,1744,2229378,B_E2_E3_ACPP_AA_mBHI_mGAM_2_S146,100059
0,A_C9_C2_AA_AE_mBHI_mBHI_4_S33,22,1160951,B_H2_H3_ACPP_AF_mBHI_mGAM_2_S182,100059
1,A_E10_A3_ACPP_AA_mBHI_mGAM_4_S58,3,2331708,B_H2_H3_ACPP_AF_mBHI_mGAM_2_S182,100059
2,A_G2_C3_ACPP_AE_mBHI_mGAM_2_S74,14,2114140,B_H2_H3_ACPP_AF_mBHI_mGAM_2_S182,100059
3,A_G10_C3_ACPP_AE_mBHI_mGAM_4_S82,0,2328389,B_H2_H3_ACPP_AF_mBHI_mGAM_2_S182,100059
4,A_H10_D3_ACPP_AF_mBHI_mGAM_4_S94,0,2339199,B_H2_H3_ACPP_AF_mBHI_mGAM_2_S182,100059
5,B_E2_E3_ACPP_AA_mBHI_mGAM_2_S146,10,2315867,B_H2_H3_ACPP_AF_mBHI_mGAM_2_S182,100059
6,B_H2_H3_ACPP_AF_mBHI_mGAM_2_S182,0,2342589,B_H2_H3_ACPP_AF_mBHI_mGAM_2_S182,100059
7,C3-e003Coalescence-mGAM-p3,22,2330633,B_H2_H3_ACPP_AF_mBHI_mGAM_2_S182,100059
8,B4-e003Coalescence-mGAM-p5,19,2297529,B_H2_H3_ACPP_AF_mBHI_mGAM_2_S182,100059
9,B5-e003Coalescence-mGAM-p5,16,2230945,B_H2_H3_ACPP_AF_mBHI_mGAM_2_S182,100059
10,C3-e003Coalescence-mGAM-p5,25,2320793,B_H2_H3_ACPP_AF_mBHI_mGAM_2_S182,100059
11,B2-e003Coalescence-mGAM-p3,19,2302020,B_H2_H3_ACPP_AF_mBHI_mGAM_2_S182,100059
12,D3-e003Coalescence-mGAM-p3,18,2304101,B_H2_H3_ACPP_AF_mBHI_mGAM_2_S182,100059
13,D3-e003Coalescence-mGAM-p5,24,2345640,B_H2_H3_ACPP_AF_mBHI_mGAM_2_S182,100059
14,A3-e003Coalescence-mGAM-p7,128,2224531,B_H2_H3_ACPP_AF_mBHI_mGAM_2_S182,100059
15,C3-e003Coalescence-mGAM-p7,25,2337093,B_H2_H3_ACPP_AF_mBHI_mGAM_2_S182,100059
16,B3-e003Coalescence-mGAM-p5,22,2323948,B_H2_H3_ACPP_AF_mBHI_mGAM_2_S182,100059
17,B3-e003Coalescence-mBHI-p5,15,1072043,B_H2_H3_ACPP_AF_mBHI_mGAM_2_S182,100059
18,B5-e003Coalescence-mGAM-p3,10,2263665,B_H2_H3_ACPP_AF_mBHI_mGAM_2_S182,100059
19,F5-e003Coalescence-mGAM-p5_S64,0,2321521,B_H2_H3_ACPP_AF_mBHI_mGAM_2_S182,100059
20,F5-e003Coalescence-mGAM-p7_S160,7,1792027,B_H2_H3_ACPP_AF_mBHI_mGAM_2_S182,100059
21,E3-e003Coalescence-mGAM-p3_S58,2,2304171,B_H2_H3_ACPP_AF_mBHI_mGAM_2_S182,100059
22,F2-e003Coalescence-mGAM-p7_S157,18,2169270,B_H2_H3_ACPP_AF_mBHI_mGAM_2_S182,100059
23,H3-e003Coalescence-mGAM-p3_S94,1,2281366,B_H2_H3_ACPP_AF_mBHI_mGAM_2_S182,100059
24,E3-e003Coalescence-mGAM-p5_S50,1,2328032,B_H2_H3_ACPP_AF_mBHI_mGAM_2_S182,100059
25,F5-e003Coalescence-mGAM-p3_S72,6,1909764,B_H2_H3_ACPP_AF_mBHI_mGAM_2_S182,100059
26,F2-e003Coalescence-mGAM-p5_S61,2,2319879,B_H2_H3_ACPP_AF_mBHI_mGAM_2_S182,100059
27,F4-e003Coalescence-mGAM-p5_S63,0,2281603,B_H2_H3_ACPP_AF_mBHI_mGAM_2_S182,100059
28,E3-e003Coalescence-mGAM-p7_S146,2,2284526,B_H2_H3_ACPP_AF_mBHI_mGAM_2_S182,100059
29,F3-e003Coalescence-mGAM-p5_S62,0,2274734,B_H2_H3_ACPP_AF_mBHI_mGAM_2_S182,100059
30,G3-e003Coalescence-mGAM-p3_S82,0,2315865,B_H2_H3_ACPP_AF_mBHI_mGAM_2_S182,100059
31,F3-e003Coalescence-mGAM-p7_S158,23,1890761,B_H2_H3_ACPP_AF_mBHI_mGAM_2_S182,100059
32,F2-e003Coalescence-mGAM-p3_S69,108,2223230,B_H2_H3_ACPP_AF_mBHI_mGAM_2_S182,100059
33,G3-e003Coalescence-mGAM-p5_S74,0,2314417,B_H2_H3_ACPP_AF_mBHI_mGAM_2_S182,100059
34,F4-e003Coalescence-mGAM-p3_S71,0,2322136,B_H2_H3_ACPP_AF_mBHI_mGAM_2_S182,100059
35,F4-e003Coalescence-mGAM-p7_S159,0,2295820,B_H2_H3_ACPP_AF_mBHI_mGAM_2_S182,100059
36,H3-e003Coalescence-mGAM-p5_S86,5,2254569,B_H2_H3_ACPP_AF_mBHI_mGAM_2_S182,100059
37,D3-e003Coalescence-Inoculumn-mBHI,28,2396095,B_H2_H3_ACPP_AF_mBHI_mGAM_2_S182,100059
38,B5-e003Coalescence-Inoculumn-mBHI,20,2350303,B_H2_H3_ACPP_AF_mBHI_mGAM_2_S182,100059
39,A3-e003Coalescence-mBHI-inoculumn-redo,15,1788568,B_H2_H3_ACPP_AF_mBHI_mGAM_2_S182,100059
40,B3-e003Coalescence-Inoculumn-mBHI,24,2381229,B_H2_H3_ACPP_AF_mBHI_mGAM_2_S182,100059
41,B2-e003Coalescence-Inoculumn-mBHI,29,2353136,B_H2_H3_ACPP_AF_mBHI_mGAM_2_S182,100059
42,C3-e003Coalescence-mBHI-inoculumn-redo,23,2362051,B_H2_H3_ACPP_AF_mBHI_mGAM_2_S182,100059
43,B4-e003Coalescence-Inoculumn-mBHI,28,2359806,B_H2_H3_ACPP_AF_mBHI_mGAM_2_S182,100059
44,B3-e003Coalescence-mGAM-p1_S729,1,2342364,B_H2_H3_ACPP_AF_mBHI_mGAM_2_S182,100059
45,B5-e003Coalescence-mGAM-p1_S745,71,1357308,B_H2_H3_ACPP_AF_mBHI_mGAM_2_S182,100059
46,D3-e003Coalescence-mGAM-p1_S731,24,2257246,B_H2_H3_ACPP_AF_mBHI_mGAM_2_S182,100059
47,G3-e003Coalescence-mBHI-p1_S790,7,1758065,B_H2_H3_ACPP_AF_mBHI_mGAM_2_S182,100059
48,A3-e003Coalescence-mGAM-p1_S728,41,1780223,B_H2_H3_ACPP_AF_mBHI_mGAM_2_S182,100059
49,B3-e003Coalescence-mBHI-p1_S725,2,2066919,B_H2_H3_ACPP_AF_mBHI_mGAM_2_S182,100059
50,C3-e003Coalescence-mGAM-p1_S730,47,1716039,B_H2_H3_ACPP_AF_mBHI_mGAM_2_S182,100059
51,F3-e003Coalescence-mBHI-p1_S789,2,1571983,B_H2_H3_ACPP_AF_mBHI_mGAM_2_S182,100059
52,B4-e003Coalescence-mBHI-p1_S733,15,1656166,B_H2_H3_ACPP_AF_mBHI_mGAM_2_S182,100059
53,F2-e003Coalescence-mGAM-p1_S785,16,2169203,B_H2_H3_ACPP_AF_mBHI_mGAM_2_S182,100059
54,F5-e003Coalescence-mGAM-p1_S809,16,2299166,B_H2_H3_ACPP_AF_mBHI_mGAM_2_S182,100059
55,G3-e003Coalescence-mGAM-p1_S794,50,1549647,B_H2_H3_ACPP_AF_mBHI_mGAM_2_S182,100059
56,C3-e003Coalescence-mBHI-p1_S726,9,1814974,B_H2_H3_ACPP_AF_mBHI_mGAM_2_S182,100059
57,F4-e003Coalescence-mGAM-p1_S801,49,2082505,B_H2_H3_ACPP_AF_mBHI_mGAM_2_S182,100059
58,B4-e003Coalescence-mGAM-p1_S737,7,2329051,B_H2_H3_ACPP_AF_mBHI_mGAM_2_S182,100059
59,E3-e003Coalescence-mGAM-p1_S792,45,1419028,B_H2_H3_ACPP_AF_mBHI_mGAM_2_S182,100059
60,F3-e003Coalescence-mGAM-p1_S793,6,2347771,B_H2_H3_ACPP_AF_mBHI_mGAM_2_S182,100059
61,Coalescence-D1-B2-AA-ACPP-mBHI-mGAM-5_S656,1,2325618,B_H2_H3_ACPP_AF_mBHI_mGAM_2_S182,100059
62,Coalescence-B4-D3-ACPP-AF-mBHI-mGAM-7_S635,2,2332904,B_H2_H3_ACPP_AF_mBHI_mGAM_2_S182,100059
63,Coalescence-A6-B2-AA-ACPP-mBHI-mGAM-7_S625,1,2325429,B_H2_H3_ACPP_AF_mBHI_mGAM_2_S182,100059
64,Coalescence-D12-B4-ACPP-AE-mBHI-mGAM-3_S667,0,2332403,B_H2_H3_ACPP_AF_mBHI_mGAM_2_S182,100059
65,Coalescence-D7-A3-AA-ACPP-mBHI-mGAM-3_S662,3,2330889,B_H2_H3_ACPP_AF_mBHI_mGAM_2_S182,100059
66,Coalescence-B9-G3-ACPP-AE-mBHI-mGAM-7_S640,0,2299288,B_H2_H3_ACPP_AF_mBHI_mGAM_2_S182,100059
67,Coalescence-D11-B3-ACPP-ACPP-mBHI-mGAM-3_S666,0,2336011,B_H2_H3_ACPP_AF_mBHI_mGAM_2_S182,100059
68,Coalescence-A7-B3-ACPP-ACPP-mBHI-mGAM-7_S626,0,2331105,B_H2_H3_ACPP_AF_mBHI_mGAM_2_S182,100059
69,Coalescence-C5-A3-AA-ACPP-mBHI-mGAM-5_S648,4,2341229,B_H2_H3_ACPP_AF_mBHI_mGAM_2_S182,100059
70,B3-e003Assembly-mBHI-p5,140,1671938,B_H2_H3_ACPP_AF_mBHI_mGAM_2_S182,100059
71,C10-e003GlycerolRevival-mGAM-p2,10006,1999791,B_H2_H3_ACPP_AF_mBHI_mGAM_2_S182,100059
72,Assembly-G9-C9-ACPP-mGAM-3_S700,8261,1714545,B_H2_H3_ACPP_AF_mBHI_mGAM_2_S182,100059
73,Assembly-G2-B3-ACPP-mBHI-3_S693,976,2264296,B_H2_H3_ACPP_AF_mBHI_mGAM_2_S182,100059
74,Assembly-G11-D9-ACPP-mGAM-3_S702,7021,1476979,B_H2_H3_ACPP_AF_mBHI_mGAM_2_S182,100059
75,D_F10_e003Assembly_S358,10470,2229378,B_H2_H3_ACPP_AF_mBHI_mGAM_2_S182,100059
0,A_C9_C2_AA_AE_mBHI_mBHI_4_S33,32,1160951,C3-e003Coalescence-mGAM-p3,100059
1,A_E10_A3_ACPP_AA_mBHI_mGAM_4_S58,19,2331708,C3-e003Coalescence-mGAM-p3,100059
2,A_G2_C3_ACPP_AE_mBHI_mGAM_2_S74,24,2114140,C3-e003Coalescence-mGAM-p3,100059
3,A_G10_C3_ACPP_AE_mBHI_mGAM_4_S82,19,2328389,C3-e003Coalescence-mGAM-p3,100059
4,A_H10_D3_ACPP_AF_mBHI_mGAM_4_S94,19,2339199,C3-e003Coalescence-mGAM-p3,100059
5,B_E2_E3_ACPP_AA_mBHI_mGAM_2_S146,27,2315867,C3-e003Coalescence-mGAM-p3,100059
6,B_H2_H3_ACPP_AF_mBHI_mGAM_2_S182,22,2342589,C3-e003Coalescence-mGAM-p3,100059
7,C3-e003Coalescence-mGAM-p3,0,2330633,C3-e003Coalescence-mGAM-p3,100059
8,B4-e003Coalescence-mGAM-p5,0,2297529,C3-e003Coalescence-mGAM-p3,100059
9,B5-e003Coalescence-mGAM-p5,0,2230945,C3-e003Coalescence-mGAM-p3,100059
10,C3-e003Coalescence-mGAM-p5,0,2320793,C3-e003Coalescence-mGAM-p3,100059
11,B2-e003Coalescence-mGAM-p3,0,2302020,C3-e003Coalescence-mGAM-p3,100059
12,D3-e003Coalescence-mGAM-p3,1,2304101,C3-e003Coalescence-mGAM-p3,100059
13,D3-e003Coalescence-mGAM-p5,0,2345640,C3-e003Coalescence-mGAM-p3,100059
14,A3-e003Coalescence-mGAM-p7,120,2224531,C3-e003Coalescence-mGAM-p3,100059
15,C3-e003Coalescence-mGAM-p7,0,2337093,C3-e003Coalescence-mGAM-p3,100059
16,B3-e003Coalescence-mGAM-p5,0,2323948,C3-e003Coalescence-mGAM-p3,100059
17,B3-e003Coalescence-mBHI-p5,6,1072043,C3-e003Coalescence-mGAM-p3,100059
18,B5-e003Coalescence-mGAM-p3,2,2263665,C3-e003Coalescence-mGAM-p3,100059
19,F5-e003Coalescence-mGAM-p5_S64,13,2321521,C3-e003Coalescence-mGAM-p3,100059
20,F5-e003Coalescence-mGAM-p7_S160,15,1792027,C3-e003Coalescence-mGAM-p3,100059
21,E3-e003Coalescence-mGAM-p3_S58,17,2304171,C3-e003Coalescence-mGAM-p3,100059
22,F2-e003Coalescence-mGAM-p7_S157,27,2169270,C3-e003Coalescence-mGAM-p3,100059
23,H3-e003Coalescence-mGAM-p3_S94,17,2281366,C3-e003Coalescence-mGAM-p3,100059
24,E3-e003Coalescence-mGAM-p5_S50,18,2328032,C3-e003Coalescence-mGAM-p3,100059
25,F5-e003Coalescence-mGAM-p3_S72,18,1909764,C3-e003Coalescence-mGAM-p3,100059
26,F2-e003Coalescence-mGAM-p5_S61,15,2319879,C3-e003Coalescence-mGAM-p3,100059
27,F4-e003Coalescence-mGAM-p5_S63,13,2281603,C3-e003Coalescence-mGAM-p3,100059
28,E3-e003Coalescence-mGAM-p7_S146,16,2284526,C3-e003Coalescence-mGAM-p3,100059
29,F3-e003Coalescence-mGAM-p5_S62,15,2274734,C3-e003Coalescence-mGAM-p3,100059
30,G3-e003Coalescence-mGAM-p3_S82,16,2315865,C3-e003Coalescence-mGAM-p3,100059
31,F3-e003Coalescence-mGAM-p7_S158,33,1890761,C3-e003Coalescence-mGAM-p3,100059
32,F2-e003Coalescence-mGAM-p3_S69,155,2223230,C3-e003Coalescence-mGAM-p3,100059
33,G3-e003Coalescence-mGAM-p5_S74,13,2314417,C3-e003Coalescence-mGAM-p3,100059
34,F4-e003Coalescence-mGAM-p3_S71,16,2322136,C3-e003Coalescence-mGAM-p3,100059
35,F4-e003Coalescence-mGAM-p7_S159,13,2295820,C3-e003Coalescence-mGAM-p3,100059
36,H3-e003Coalescence-mGAM-p5_S86,34,2254569,C3-e003Coalescence-mGAM-p3,100059
37,D3-e003Coalescence-Inoculumn-mBHI,0,2396095,C3-e003Coalescence-mGAM-p3,100059
38,B5-e003Coalescence-Inoculumn-mBHI,0,2350303,C3-e003Coalescence-mGAM-p3,100059
39,A3-e003Coalescence-mBHI-inoculumn-redo,1,1788568,C3-e003Coalescence-mGAM-p3,100059
40,B3-e003Coalescence-Inoculumn-mBHI,0,2381229,C3-e003Coalescence-mGAM-p3,100059
41,B2-e003Coalescence-Inoculumn-mBHI,0,2353136,C3-e003Coalescence-mGAM-p3,100059
42,C3-e003Coalescence-mBHI-inoculumn-redo,0,2362051,C3-e003Coalescence-mGAM-p3,100059
43,B4-e003Coalescence-Inoculumn-mBHI,2,2359806,C3-e003Coalescence-mGAM-p3,100059
44,B3-e003Coalescence-mGAM-p1_S729,26,2342364,C3-e003Coalescence-mGAM-p3,100059
45,B5-e003Coalescence-mGAM-p1_S745,82,1357308,C3-e003Coalescence-mGAM-p3,100059
46,D3-e003Coalescence-mGAM-p1_S731,49,2257246,C3-e003Coalescence-mGAM-p3,100059
47,G3-e003Coalescence-mBHI-p1_S790,13,1758065,C3-e003Coalescence-mGAM-p3,100059
48,A3-e003Coalescence-mGAM-p1_S728,65,1780223,C3-e003Coalescence-mGAM-p3,100059
49,B3-e003Coalescence-mBHI-p1_S725,17,2066919,C3-e003Coalescence-mGAM-p3,100059
50,C3-e003Coalescence-mGAM-p1_S730,61,1716039,C3-e003Coalescence-mGAM-p3,100059
51,F3-e003Coalescence-mBHI-p1_S789,14,1571983,C3-e003Coalescence-mGAM-p3,100059
52,B4-e003Coalescence-mBHI-p1_S733,31,1656166,C3-e003Coalescence-mGAM-p3,100059
53,F2-e003Coalescence-mGAM-p1_S785,34,2169203,C3-e003Coalescence-mGAM-p3,100059
54,F5-e003Coalescence-mGAM-p1_S809,40,2299166,C3-e003Coalescence-mGAM-p3,100059
55,G3-e003Coalescence-mGAM-p1_S794,64,1549647,C3-e003Coalescence-mGAM-p3,100059
56,C3-e003Coalescence-mBHI-p1_S726,27,1814974,C3-e003Coalescence-mGAM-p3,100059
57,F4-e003Coalescence-mGAM-p1_S801,71,2082505,C3-e003Coalescence-mGAM-p3,100059
58,B4-e003Coalescence-mGAM-p1_S737,24,2329051,C3-e003Coalescence-mGAM-p3,100059
59,E3-e003Coalescence-mGAM-p1_S792,54,1419028,C3-e003Coalescence-mGAM-p3,100059
60,F3-e003Coalescence-mGAM-p1_S793,28,2347771,C3-e003Coalescence-mGAM-p3,100059
61,Coalescence-D1-B2-AA-ACPP-mBHI-mGAM-5_S656,15,2325618,C3-e003Coalescence-mGAM-p3,100059
62,Coalescence-B4-D3-ACPP-AF-mBHI-mGAM-7_S635,27,2332904,C3-e003Coalescence-mGAM-p3,100059
63,Coalescence-A6-B2-AA-ACPP-mBHI-mGAM-7_S625,22,2325429,C3-e003Coalescence-mGAM-p3,100059
64,Coalescence-D12-B4-ACPP-AE-mBHI-mGAM-3_S667,21,2332403,C3-e003Coalescence-mGAM-p3,100059
65,Coalescence-D7-A3-AA-ACPP-mBHI-mGAM-3_S662,19,2330889,C3-e003Coalescence-mGAM-p3,100059
66,Coalescence-B9-G3-ACPP-AE-mBHI-mGAM-7_S640,20,2299288,C3-e003Coalescence-mGAM-p3,100059
67,Coalescence-D11-B3-ACPP-ACPP-mBHI-mGAM-3_S666,20,2336011,C3-e003Coalescence-mGAM-p3,100059
68,Coalescence-A7-B3-ACPP-ACPP-mBHI-mGAM-7_S626,19,2331105,C3-e003Coalescence-mGAM-p3,100059
69,Coalescence-C5-A3-AA-ACPP-mBHI-mGAM-5_S648,21,2341229,C3-e003Coalescence-mGAM-p3,100059
70,B3-e003Assembly-mBHI-p5,141,1671938,C3-e003Coalescence-mGAM-p3,100059
71,C10-e003GlycerolRevival-mGAM-p2,10074,1999791,C3-e003Coalescence-mGAM-p3,100059
72,Assembly-G9-C9-ACPP-mGAM-3_S700,8332,1714545,C3-e003Coalescence-mGAM-p3,100059
73,Assembly-G2-B3-ACPP-mBHI-3_S693,1043,2264296,C3-e003Coalescence-mGAM-p3,100059
74,Assembly-G11-D9-ACPP-mGAM-3_S702,7068,1476979,C3-e003Coalescence-mGAM-p3,100059
75,D_F10_e003Assembly_S358,10564,2229378,C3-e003Coalescence-mGAM-p3,100059
0,A_C9_C2_AA_AE_mBHI_mBHI_4_S33,32,1160951,B4-e003Coalescence-mGAM-p5,100059
1,A_E10_A3_ACPP_AA_mBHI_mGAM_4_S58,19,2331708,B4-e003Coalescence-mGAM-p5,100059
2,A_G2_C3_ACPP_AE_mBHI_mGAM_2_S74,32,2114140,B4-e003Coalescence-mGAM-p5,100059
3,A_G10_C3_ACPP_AE_mBHI_mGAM_4_S82,19,2328389,B4-e003Coalescence-mGAM-p5,100059
4,A_H10_D3_ACPP_AF_mBHI_mGAM_4_S94,18,2339199,B4-e003Coalescence-mGAM-p5,100059
5,B_E2_E3_ACPP_AA_mBHI_mGAM_2_S146,34,2315867,B4-e003Coalescence-mGAM-p5,100059
6,B_H2_H3_ACPP_AF_mBHI_mGAM_2_S182,19,2342589,B4-e003Coalescence-mGAM-p5,100059
7,C3-e003Coalescence-mGAM-p3,0,2330633,B4-e003Coalescence-mGAM-p5,100059
8,B4-e003Coalescence-mGAM-p5,0,2297529,B4-e003Coalescence-mGAM-p5,100059
9,B5-e003Coalescence-mGAM-p5,5,2230945,B4-e003Coalescence-mGAM-p5,100059
10,C3-e003Coalescence-mGAM-p5,0,2320793,B4-e003Coalescence-mGAM-p5,100059
11,B2-e003Coalescence-mGAM-p3,4,2302020,B4-e003Coalescence-mGAM-p5,100059
12,D3-e003Coalescence-mGAM-p3,9,2304101,B4-e003Coalescence-mGAM-p5,100059
13,D3-e003Coalescence-mGAM-p5,1,2345640,B4-e003Coalescence-mGAM-p5,100059
14,A3-e003Coalescence-mGAM-p7,113,2224531,B4-e003Coalescence-mGAM-p5,100059
15,C3-e003Coalescence-mGAM-p7,0,2337093,B4-e003Coalescence-mGAM-p5,100059
16,B3-e003Coalescence-mGAM-p5,0,2323948,B4-e003Coalescence-mGAM-p5,100059
17,B3-e003Coalescence-mBHI-p5,7,1072043,B4-e003Coalescence-mGAM-p5,100059
18,B5-e003Coalescence-mGAM-p3,0,2263665,B4-e003Coalescence-mGAM-p5,100059
19,F5-e003Coalescence-mGAM-p5_S64,11,2321521,B4-e003Coalescence-mGAM-p5,100059
20,F5-e003Coalescence-mGAM-p7_S160,16,1792027,B4-e003Coalescence-mGAM-p5,100059
21,E3-e003Coalescence-mGAM-p3_S58,11,2304171,B4-e003Coalescence-mGAM-p5,100059
22,F2-e003Coalescence-mGAM-p7_S157,23,2169270,B4-e003Coalescence-mGAM-p5,100059
23,H3-e003Coalescence-mGAM-p3_S94,17,2281366,B4-e003Coalescence-mGAM-p5,100059
24,E3-e003Coalescence-mGAM-p5_S50,17,2328032,B4-e003Coalescence-mGAM-p5,100059
25,F5-e003Coalescence-mGAM-p3_S72,18,1909764,B4-e003Coalescence-mGAM-p5,100059
26,F2-e003Coalescence-mGAM-p5_S61,14,2319879,B4-e003Coalescence-mGAM-p5,100059
27,F4-e003Coalescence-mGAM-p5_S63,9,2281603,B4-e003Coalescence-mGAM-p5,100059
28,E3-e003Coalescence-mGAM-p7_S146,16,2284526,B4-e003Coalescence-mGAM-p5,100059
29,F3-e003Coalescence-mGAM-p5_S62,16,2274734,B4-e003Coalescence-mGAM-p5,100059
30,G3-e003Coalescence-mGAM-p3_S82,12,2315865,B4-e003Coalescence-mGAM-p5,100059
31,F3-e003Coalescence-mGAM-p7_S158,28,1890761,B4-e003Coalescence-mGAM-p5,100059
32,F2-e003Coalescence-mGAM-p3_S69,124,2223230,B4-e003Coalescence-mGAM-p5,100059
33,G3-e003Coalescence-mGAM-p5_S74,10,2314417,B4-e003Coalescence-mGAM-p5,100059
34,F4-e003Coalescence-mGAM-p3_S71,12,2322136,B4-e003Coalescence-mGAM-p5,100059
35,F4-e003Coalescence-mGAM-p7_S159,9,2295820,B4-e003Coalescence-mGAM-p5,100059
36,H3-e003Coalescence-mGAM-p5_S86,28,2254569,B4-e003Coalescence-mGAM-p5,100059
37,D3-e003Coalescence-Inoculumn-mBHI,7,2396095,B4-e003Coalescence-mGAM-p5,100059
38,B5-e003Coalescence-Inoculumn-mBHI,3,2350303,B4-e003Coalescence-mGAM-p5,100059
39,A3-e003Coalescence-mBHI-inoculumn-redo,13,1788568,B4-e003Coalescence-mGAM-p5,100059
40,B3-e003Coalescence-Inoculumn-mBHI,6,2381229,B4-e003Coalescence-mGAM-p5,100059
41,B2-e003Coalescence-Inoculumn-mBHI,19,2353136,B4-e003Coalescence-mGAM-p5,100059
42,C3-e003Coalescence-mBHI-inoculumn-redo,3,2362051,B4-e003Coalescence-mGAM-p5,100059
43,B4-e003Coalescence-Inoculumn-mBHI,17,2359806,B4-e003Coalescence-mGAM-p5,100059
44,B3-e003Coalescence-mGAM-p1_S729,31,2342364,B4-e003Coalescence-mGAM-p5,100059
45,B5-e003Coalescence-mGAM-p1_S745,62,1357308,B4-e003Coalescence-mGAM-p5,100059
46,D3-e003Coalescence-mGAM-p1_S731,48,2257246,B4-e003Coalescence-mGAM-p5,100059
47,G3-e003Coalescence-mBHI-p1_S790,17,1758065,B4-e003Coalescence-mGAM-p5,100059
48,A3-e003Coalescence-mGAM-p1_S728,67,1780223,B4-e003Coalescence-mGAM-p5,100059
49,B3-e003Coalescence-mBHI-p1_S725,19,2066919,B4-e003Coalescence-mGAM-p5,100059
50,C3-e003Coalescence-mGAM-p1_S730,45,1716039,B4-e003Coalescence-mGAM-p5,100059
51,F3-e003Coalescence-mBHI-p1_S789,16,1571983,B4-e003Coalescence-mGAM-p5,100059
52,B4-e003Coalescence-mBHI-p1_S733,19,1656166,B4-e003Coalescence-mGAM-p5,100059
53,F2-e003Coalescence-mGAM-p1_S785,62,2169203,B4-e003Coalescence-mGAM-p5,100059
54,F5-e003Coalescence-mGAM-p1_S809,44,2299166,B4-e003Coalescence-mGAM-p5,100059
55,G3-e003Coalescence-mGAM-p1_S794,57,1549647,B4-e003Coalescence-mGAM-p5,100059
56,C3-e003Coalescence-mBHI-p1_S726,40,1814974,B4-e003Coalescence-mGAM-p5,100059
57,F4-e003Coalescence-mGAM-p1_S801,59,2082505,B4-e003Coalescence-mGAM-p5,100059
58,B4-e003Coalescence-mGAM-p1_S737,23,2329051,B4-e003Coalescence-mGAM-p5,100059
59,E3-e003Coalescence-mGAM-p1_S792,92,1419028,B4-e003Coalescence-mGAM-p5,100059
60,F3-e003Coalescence-mGAM-p1_S793,33,2347771,B4-e003Coalescence-mGAM-p5,100059
61,Coalescence-D1-B2-AA-ACPP-mBHI-mGAM-5_S656,11,2325618,B4-e003Coalescence-mGAM-p5,100059
62,Coalescence-B4-D3-ACPP-AF-mBHI-mGAM-7_S635,37,2332904,B4-e003Coalescence-mGAM-p5,100059
63,Coalescence-A6-B2-AA-ACPP-mBHI-mGAM-7_S625,22,2325429,B4-e003Coalescence-mGAM-p5,100059
64,Coalescence-D12-B4-ACPP-AE-mBHI-mGAM-3_S667,15,2332403,B4-e003Coalescence-mGAM-p5,100059
65,Coalescence-D7-A3-AA-ACPP-mBHI-mGAM-3_S662,20,2330889,B4-e003Coalescence-mGAM-p5,100059
66,Coalescence-B9-G3-ACPP-AE-mBHI-mGAM-7_S640,18,2299288,B4-e003Coalescence-mGAM-p5,100059
67,Coalescence-D11-B3-ACPP-ACPP-mBHI-mGAM-3_S666,17,2336011,B4-e003Coalescence-mGAM-p5,100059
68,Coalescence-A7-B3-ACPP-ACPP-mBHI-mGAM-7_S626,15,2331105,B4-e003Coalescence-mGAM-p5,100059
69,Coalescence-C5-A3-AA-ACPP-mBHI-mGAM-5_S648,21,2341229,B4-e003Coalescence-mGAM-p5,100059
70,B3-e003Assembly-mBHI-p5,114,1671938,B4-e003Coalescence-mGAM-p5,100059
71,C10-e003GlycerolRevival-mGAM-p2,7884,1999791,B4-e003Coalescence-mGAM-p5,100059
72,Assembly-G9-C9-ACPP-mGAM-3_S700,6624,1714545,B4-e003Coalescence-mGAM-p5,100059
73,Assembly-G2-B3-ACPP-mBHI-3_S693,861,2264296,B4-e003Coalescence-mGAM-p5,100059
74,Assembly-G11-D9-ACPP-mGAM-3_S702,5502,1476979,B4-e003Coalescence-mGAM-p5,100059
75,D_F10_e003Assembly_S358,8260,2229378,B4-e003Coalescence-mGAM-p5,100059
0,A_C9_C2_AA_AE_mBHI_mBHI_4_S33,27,1160951,B5-e003Coalescence-mGAM-p5,100059
1,A_E10_A3_ACPP_AA_mBHI_mGAM_4_S58,18,2331708,B5-e003Coalescence-mGAM-p5,100059
2,A_G2_C3_ACPP_AE_mBHI_mGAM_2_S74,32,2114140,B5-e003Coalescence-mGAM-p5,100059
3,A_G10_C3_ACPP_AE_mBHI_mGAM_4_S82,16,2328389,B5-e003Coalescence-mGAM-p5,100059
4,A_H10_D3_ACPP_AF_mBHI_mGAM_4_S94,13,2339199,B5-e003Coalescence-mGAM-p5,100059
5,B_E2_E3_ACPP_AA_mBHI_mGAM_2_S146,32,2315867,B5-e003Coalescence-mGAM-p5,100059
6,B_H2_H3_ACPP_AF_mBHI_mGAM_2_S182,16,2342589,B5-e003Coalescence-mGAM-p5,100059
7,C3-e003Coalescence-mGAM-p3,0,2330633,B5-e003Coalescence-mGAM-p5,100059
8,B4-e003Coalescence-mGAM-p5,5,2297529,B5-e003Coalescence-mGAM-p5,100059
9,B5-e003Coalescence-mGAM-p5,0,2230945,B5-e003Coalescence-mGAM-p5,100059
10,C3-e003Coalescence-mGAM-p5,0,2320793,B5-e003Coalescence-mGAM-p5,100059
11,B2-e003Coalescence-mGAM-p3,7,2302020,B5-e003Coalescence-mGAM-p5,100059
12,D3-e003Coalescence-mGAM-p3,3,2304101,B5-e003Coalescence-mGAM-p5,100059
13,D3-e003Coalescence-mGAM-p5,0,2345640,B5-e003Coalescence-mGAM-p5,100059
14,A3-e003Coalescence-mGAM-p7,155,2224531,B5-e003Coalescence-mGAM-p5,100059
15,C3-e003Coalescence-mGAM-p7,0,2337093,B5-e003Coalescence-mGAM-p5,100059
16,B3-e003Coalescence-mGAM-p5,1,2323948,B5-e003Coalescence-mGAM-p5,100059
17,B3-e003Coalescence-mBHI-p5,5,1072043,B5-e003Coalescence-mGAM-p5,100059
18,B5-e003Coalescence-mGAM-p3,4,2263665,B5-e003Coalescence-mGAM-p5,100059
19,F5-e003Coalescence-mGAM-p5_S64,9,2321521,B5-e003Coalescence-mGAM-p5,100059
20,F5-e003Coalescence-mGAM-p7_S160,13,1792027,B5-e003Coalescence-mGAM-p5,100059
21,E3-e003Coalescence-mGAM-p3_S58,17,2304171,B5-e003Coalescence-mGAM-p5,100059
22,F2-e003Coalescence-mGAM-p7_S157,29,2169270,B5-e003Coalescence-mGAM-p5,100059
23,H3-e003Coalescence-mGAM-p3_S94,9,2281366,B5-e003Coalescence-mGAM-p5,100059
24,E3-e003Coalescence-mGAM-p5_S50,15,2328032,B5-e003Coalescence-mGAM-p5,100059
25,F5-e003Coalescence-mGAM-p3_S72,15,1909764,B5-e003Coalescence-mGAM-p5,100059
26,F2-e003Coalescence-mGAM-p5_S61,9,2319879,B5-e003Coalescence-mGAM-p5,100059
27,F4-e003Coalescence-mGAM-p5_S63,8,2281603,B5-e003Coalescence-mGAM-p5,100059
28,E3-e003Coalescence-mGAM-p7_S146,17,2284526,B5-e003Coalescence-mGAM-p5,100059
29,F3-e003Coalescence-mGAM-p5_S62,12,2274734,B5-e003Coalescence-mGAM-p5,100059
30,G3-e003Coalescence-mGAM-p3_S82,10,2315865,B5-e003Coalescence-mGAM-p5,100059
31,F3-e003Coalescence-mGAM-p7_S158,32,1890761,B5-e003Coalescence-mGAM-p5,100059
32,F2-e003Coalescence-mGAM-p3_S69,146,2223230,B5-e003Coalescence-mGAM-p5,100059
33,G3-e003Coalescence-mGAM-p5_S74,9,2314417,B5-e003Coalescence-mGAM-p5,100059
34,F4-e003Coalescence-mGAM-p3_S71,10,2322136,B5-e003Coalescence-mGAM-p5,100059
35,F4-e003Coalescence-mGAM-p7_S159,7,2295820,B5-e003Coalescence-mGAM-p5,100059
36,H3-e003Coalescence-mGAM-p5_S86,30,2254569,B5-e003Coalescence-mGAM-p5,100059
37,D3-e003Coalescence-Inoculumn-mBHI,0,2396095,B5-e003Coalescence-mGAM-p5,100059
38,B5-e003Coalescence-Inoculumn-mBHI,0,2350303,B5-e003Coalescence-mGAM-p5,100059
39,A3-e003Coalescence-mBHI-inoculumn-redo,3,1788568,B5-e003Coalescence-mGAM-p5,100059
40,B3-e003Coalescence-Inoculumn-mBHI,0,2381229,B5-e003Coalescence-mGAM-p5,100059
41,B2-e003Coalescence-Inoculumn-mBHI,2,2353136,B5-e003Coalescence-mGAM-p5,100059
42,C3-e003Coalescence-mBHI-inoculumn-redo,3,2362051,B5-e003Coalescence-mGAM-p5,100059
43,B4-e003Coalescence-Inoculumn-mBHI,7,2359806,B5-e003Coalescence-mGAM-p5,100059
44,B3-e003Coalescence-mGAM-p1_S729,20,2342364,B5-e003Coalescence-mGAM-p5,100059
45,B5-e003Coalescence-mGAM-p1_S745,74,1357308,B5-e003Coalescence-mGAM-p5,100059
46,D3-e003Coalescence-mGAM-p1_S731,55,2257246,B5-e003Coalescence-mGAM-p5,100059
47,G3-e003Coalescence-mBHI-p1_S790,9,1758065,B5-e003Coalescence-mGAM-p5,100059
48,A3-e003Coalescence-mGAM-p1_S728,71,1780223,B5-e003Coalescence-mGAM-p5,100059
49,B3-e003Coalescence-mBHI-p1_S725,17,2066919,B5-e003Coalescence-mGAM-p5,100059
50,C3-e003Coalescence-mGAM-p1_S730,59,1716039,B5-e003Coalescence-mGAM-p5,100059
51,F3-e003Coalescence-mBHI-p1_S789,13,1571983,B5-e003Coalescence-mGAM-p5,100059
52,B4-e003Coalescence-mBHI-p1_S733,27,1656166,B5-e003Coalescence-mGAM-p5,100059
53,F2-e003Coalescence-mGAM-p1_S785,37,2169203,B5-e003Coalescence-mGAM-p5,100059
54,F5-e003Coalescence-mGAM-p1_S809,50,2299166,B5-e003Coalescence-mGAM-p5,100059
55,G3-e003Coalescence-mGAM-p1_S794,64,1549647,B5-e003Coalescence-mGAM-p5,100059
56,C3-e003Coalescence-mBHI-p1_S726,15,1814974,B5-e003Coalescence-mGAM-p5,100059
57,F4-e003Coalescence-mGAM-p1_S801,74,2082505,B5-e003Coalescence-mGAM-p5,100059
58,B4-e003Coalescence-mGAM-p1_S737,18,2329051,B5-e003Coalescence-mGAM-p5,100059
59,E3-e003Coalescence-mGAM-p1_S792,67,1419028,B5-e003Coalescence-mGAM-p5,100059
60,F3-e003Coalescence-mGAM-p1_S793,36,2347771,B5-e003Coalescence-mGAM-p5,100059
61,Coalescence-D1-B2-AA-ACPP-mBHI-mGAM-5_S656,11,2325618,B5-e003Coalescence-mGAM-p5,100059
62,Coalescence-B4-D3-ACPP-AF-mBHI-mGAM-7_S635,23,2332904,B5-e003Coalescence-mGAM-p5,100059
63,Coalescence-A6-B2-AA-ACPP-mBHI-mGAM-7_S625,19,2325429,B5-e003Coalescence-mGAM-p5,100059
64,Coalescence-D12-B4-ACPP-AE-mBHI-mGAM-3_S667,13,2332403,B5-e003Coalescence-mGAM-p5,100059
65,Coalescence-D7-A3-AA-ACPP-mBHI-mGAM-3_S662,20,2330889,B5-e003Coalescence-mGAM-p5,100059
66,Coalescence-B9-G3-ACPP-AE-mBHI-mGAM-7_S640,13,2299288,B5-e003Coalescence-mGAM-p5,100059
67,Coalescence-D11-B3-ACPP-ACPP-mBHI-mGAM-3_S666,17,2336011,B5-e003Coalescence-mGAM-p5,100059
68,Coalescence-A7-B3-ACPP-ACPP-mBHI-mGAM-7_S626,15,2331105,B5-e003Coalescence-mGAM-p5,100059
69,Coalescence-C5-A3-AA-ACPP-mBHI-mGAM-5_S648,19,2341229,B5-e003Coalescence-mGAM-p5,100059
70,B3-e003Assembly-mBHI-p5,140,1671938,B5-e003Coalescence-mGAM-p5,100059
71,C10-e003GlycerolRevival-mGAM-p2,9609,1999791,B5-e003Coalescence-mGAM-p5,100059
72,Assembly-G9-C9-ACPP-mGAM-3_S700,7965,1714545,B5-e003Coalescence-mGAM-p5,100059
73,Assembly-G2-B3-ACPP-mBHI-3_S693,1023,2264296,B5-e003Coalescence-mGAM-p5,100059
74,Assembly-G11-D9-ACPP-mGAM-3_S702,6786,1476979,B5-e003Coalescence-mGAM-p5,100059
75,D_F10_e003Assembly_S358,10084,2229378,B5-e003Coalescence-mGAM-p5,100059
0,A_C9_C2_AA_AE_mBHI_mBHI_4_S33,34,1160951,C3-e003Coalescence-mGAM-p5,100059
1,A_E10_A3_ACPP_AA_mBHI_mGAM_4_S58,21,2331708,C3-e003Coalescence-mGAM-p5,100059
2,A_G2_C3_ACPP_AE_mBHI_mGAM_2_S74,30,2114140,C3-e003Coalescence-mGAM-p5,100059
3,A_G10_C3_ACPP_AE_mBHI_mGAM_4_S82,22,2328389,C3-e003Coalescence-mGAM-p5,100059
4,A_H10_D3_ACPP_AF_mBHI_mGAM_4_S94,22,2339199,C3-e003Coalescence-mGAM-p5,100059
5,B_E2_E3_ACPP_AA_mBHI_mGAM_2_S146,35,2315867,C3-e003Coalescence-mGAM-p5,100059
6,B_H2_H3_ACPP_AF_mBHI_mGAM_2_S182,25,2342589,C3-e003Coalescence-mGAM-p5,100059
7,C3-e003Coalescence-mGAM-p3,0,2330633,C3-e003Coalescence-mGAM-p5,100059
8,B4-e003Coalescence-mGAM-p5,0,2297529,C3-e003Coalescence-mGAM-p5,100059
9,B5-e003Coalescence-mGAM-p5,0,2230945,C3-e003Coalescence-mGAM-p5,100059
10,C3-e003Coalescence-mGAM-p5,0,2320793,C3-e003Coalescence-mGAM-p5,100059
11,B2-e003Coalescence-mGAM-p3,0,2302020,C3-e003Coalescence-mGAM-p5,100059
12,D3-e003Coalescence-mGAM-p3,1,2304101,C3-e003Coalescence-mGAM-p5,100059
13,D3-e003Coalescence-mGAM-p5,0,2345640,C3-e003Coalescence-mGAM-p5,100059
14,A3-e003Coalescence-mGAM-p7,119,2224531,C3-e003Coalescence-mGAM-p5,100059
15,C3-e003Coalescence-mGAM-p7,0,2337093,C3-e003Coalescence-mGAM-p5,100059
16,B3-e003Coalescence-mGAM-p5,0,2323948,C3-e003Coalescence-mGAM-p5,100059
17,B3-e003Coalescence-mBHI-p5,8,1072043,C3-e003Coalescence-mGAM-p5,100059
18,B5-e003Coalescence-mGAM-p3,1,2263665,C3-e003Coalescence-mGAM-p5,100059
19,F5-e003Coalescence-mGAM-p5_S64,14,2321521,C3-e003Coalescence-mGAM-p5,100059
20,F5-e003Coalescence-mGAM-p7_S160,12,1792027,C3-e003Coalescence-mGAM-p5,100059
21,E3-e003Coalescence-mGAM-p3_S58,14,2304171,C3-e003Coalescence-mGAM-p5,100059
22,F2-e003Coalescence-mGAM-p7_S157,32,2169270,C3-e003Coalescence-mGAM-p5,100059
23,H3-e003Coalescence-mGAM-p3_S94,17,2281366,C3-e003Coalescence-mGAM-p5,100059
24,E3-e003Coalescence-mGAM-p5_S50,18,2328032,C3-e003Coalescence-mGAM-p5,100059
25,F5-e003Coalescence-mGAM-p3_S72,20,1909764,C3-e003Coalescence-mGAM-p5,100059
26,F2-e003Coalescence-mGAM-p5_S61,14,2319879,C3-e003Coalescence-mGAM-p5,100059
27,F4-e003Coalescence-mGAM-p5_S63,14,2281603,C3-e003Coalescence-mGAM-p5,100059
28,E3-e003Coalescence-mGAM-p7_S146,14,2284526,C3-e003Coalescence-mGAM-p5,100059
29,F3-e003Coalescence-mGAM-p5_S62,18,2274734,C3-e003Coalescence-mGAM-p5,100059
30,G3-e003Coalescence-mGAM-p3_S82,16,2315865,C3-e003Coalescence-mGAM-p5,100059
31,F3-e003Coalescence-mGAM-p7_S158,38,1890761,C3-e003Coalescence-mGAM-p5,100059
32,F2-e003Coalescence-mGAM-p3_S69,144,2223230,C3-e003Coalescence-mGAM-p5,100059
33,G3-e003Coalescence-mGAM-p5_S74,14,2314417,C3-e003Coalescence-mGAM-p5,100059
34,F4-e003Coalescence-mGAM-p3_S71,16,2322136,C3-e003Coalescence-mGAM-p5,100059
35,F4-e003Coalescence-mGAM-p7_S159,11,2295820,C3-e003Coalescence-mGAM-p5,100059
36,H3-e003Coalescence-mGAM-p5_S86,33,2254569,C3-e003Coalescence-mGAM-p5,100059
37,D3-e003Coalescence-Inoculumn-mBHI,0,2396095,C3-e003Coalescence-mGAM-p5,100059
38,B5-e003Coalescence-Inoculumn-mBHI,0,2350303,C3-e003Coalescence-mGAM-p5,100059
39,A3-e003Coalescence-mBHI-inoculumn-redo,3,1788568,C3-e003Coalescence-mGAM-p5,100059
40,B3-e003Coalescence-Inoculumn-mBHI,0,2381229,C3-e003Coalescence-mGAM-p5,100059
41,B2-e003Coalescence-Inoculumn-mBHI,1,2353136,C3-e003Coalescence-mGAM-p5,100059
42,C3-e003Coalescence-mBHI-inoculumn-redo,0,2362051,C3-e003Coalescence-mGAM-p5,100059
43,B4-e003Coalescence-Inoculumn-mBHI,4,2359806,C3-e003Coalescence-mGAM-p5,100059
44,B3-e003Coalescence-mGAM-p1_S729,30,2342364,C3-e003Coalescence-mGAM-p5,100059
45,B5-e003Coalescence-mGAM-p1_S745,74,1357308,C3-e003Coalescence-mGAM-p5,100059
46,D3-e003Coalescence-mGAM-p1_S731,63,2257246,C3-e003Coalescence-mGAM-p5,100059
47,G3-e003Coalescence-mBHI-p1_S790,11,1758065,C3-e003Coalescence-mGAM-p5,100059
48,A3-e003Coalescence-mGAM-p1_S728,65,1780223,C3-e003Coalescence-mGAM-p5,100059
49,B3-e003Coalescence-mBHI-p1_S725,20,2066919,C3-e003Coalescence-mGAM-p5,100059
50,C3-e003Coalescence-mGAM-p1_S730,65,1716039,C3-e003Coalescence-mGAM-p5,100059
51,F3-e003Coalescence-mBHI-p1_S789,14,1571983,C3-e003Coalescence-mGAM-p5,100059
52,B4-e003Coalescence-mBHI-p1_S733,26,1656166,C3-e003Coalescence-mGAM-p5,100059
53,F2-e003Coalescence-mGAM-p1_S785,44,2169203,C3-e003Coalescence-mGAM-p5,100059
54,F5-e003Coalescence-mGAM-p1_S809,49,2299166,C3-e003Coalescence-mGAM-p5,100059
55,G3-e003Coalescence-mGAM-p1_S794,70,1549647,C3-e003Coalescence-mGAM-p5,100059
56,C3-e003Coalescence-mBHI-p1_S726,26,1814974,C3-e003Coalescence-mGAM-p5,100059
57,F4-e003Coalescence-mGAM-p1_S801,68,2082505,C3-e003Coalescence-mGAM-p5,100059
58,B4-e003Coalescence-mGAM-p1_S737,28,2329051,C3-e003Coalescence-mGAM-p5,100059
59,E3-e003Coalescence-mGAM-p1_S792,69,1419028,C3-e003Coalescence-mGAM-p5,100059
60,F3-e003Coalescence-mGAM-p1_S793,33,2347771,C3-e003Coalescence-mGAM-p5,100059
61,Coalescence-D1-B2-AA-ACPP-mBHI-mGAM-5_S656,14,2325618,C3-e003Coalescence-mGAM-p5,100059
62,Coalescence-B4-D3-ACPP-AF-mBHI-mGAM-7_S635,29,2332904,C3-e003Coalescence-mGAM-p5,100059
63,Coalescence-A6-B2-AA-ACPP-mBHI-mGAM-7_S625,26,2325429,C3-e003Coalescence-mGAM-p5,100059
64,Coalescence-D12-B4-ACPP-AE-mBHI-mGAM-3_S667,21,2332403,C3-e003Coalescence-mGAM-p5,100059
65,Coalescence-D7-A3-AA-ACPP-mBHI-mGAM-3_S662,22,2330889,C3-e003Coalescence-mGAM-p5,100059
66,Coalescence-B9-G3-ACPP-AE-mBHI-mGAM-7_S640,22,2299288,C3-e003Coalescence-mGAM-p5,100059
67,Coalescence-D11-B3-ACPP-ACPP-mBHI-mGAM-3_S666,23,2336011,C3-e003Coalescence-mGAM-p5,100059
68,Coalescence-A7-B3-ACPP-ACPP-mBHI-mGAM-7_S626,21,2331105,C3-e003Coalescence-mGAM-p5,100059
69,Coalescence-C5-A3-AA-ACPP-mBHI-mGAM-5_S648,24,2341229,C3-e003Coalescence-mGAM-p5,100059
70,B3-e003Assembly-mBHI-p5,134,1671938,C3-e003Coalescence-mGAM-p5,100059
71,C10-e003GlycerolRevival-mGAM-p2,9746,1999791,C3-e003Coalescence-mGAM-p5,100059
72,Assembly-G9-C9-ACPP-mGAM-3_S700,8087,1714545,C3-e003Coalescence-mGAM-p5,100059
73,Assembly-G2-B3-ACPP-mBHI-3_S693,1051,2264296,C3-e003Coalescence-mGAM-p5,100059
74,Assembly-G11-D9-ACPP-mGAM-3_S702,6853,1476979,C3-e003Coalescence-mGAM-p5,100059
75,D_F10_e003Assembly_S358,10221,2229378,C3-e003Coalescence-mGAM-p5,100059
0,A_C9_C2_AA_AE_mBHI_mBHI_4_S33,26,1160951,B2-e003Coalescence-mGAM-p3,100059
1,A_E10_A3_ACPP_AA_mBHI_mGAM_4_S58,13,2331708,B2-e003Coalescence-mGAM-p3,100059
2,A_G2_C3_ACPP_AE_mBHI_mGAM_2_S74,19,2114140,B2-e003Coalescence-mGAM-p3,100059
3,A_G10_C3_ACPP_AE_mBHI_mGAM_4_S82,14,2328389,B2-e003Coalescence-mGAM-p3,100059
4,A_H10_D3_ACPP_AF_mBHI_mGAM_4_S94,17,2339199,B2-e003Coalescence-mGAM-p3,100059
5,B_E2_E3_ACPP_AA_mBHI_mGAM_2_S146,26,2315867,B2-e003Coalescence-mGAM-p3,100059
6,B_H2_H3_ACPP_AF_mBHI_mGAM_2_S182,19,2342589,B2-e003Coalescence-mGAM-p3,100059
7,C3-e003Coalescence-mGAM-p3,0,2330633,B2-e003Coalescence-mGAM-p3,100059
8,B4-e003Coalescence-mGAM-p5,4,2297529,B2-e003Coalescence-mGAM-p3,100059
9,B5-e003Coalescence-mGAM-p5,7,2230945,B2-e003Coalescence-mGAM-p3,100059
10,C3-e003Coalescence-mGAM-p5,0,2320793,B2-e003Coalescence-mGAM-p3,100059
11,B2-e003Coalescence-mGAM-p3,0,2302020,B2-e003Coalescence-mGAM-p3,100059
12,D3-e003Coalescence-mGAM-p3,7,2304101,B2-e003Coalescence-mGAM-p3,100059
13,D3-e003Coalescence-mGAM-p5,3,2345640,B2-e003Coalescence-mGAM-p3,100059
14,A3-e003Coalescence-mGAM-p7,80,2224531,B2-e003Coalescence-mGAM-p3,100059
15,C3-e003Coalescence-mGAM-p7,2,2337093,B2-e003Coalescence-mGAM-p3,100059
16,B3-e003Coalescence-mGAM-p5,5,2323948,B2-e003Coalescence-mGAM-p3,100059
17,B3-e003Coalescence-mBHI-p5,10,1072043,B2-e003Coalescence-mGAM-p3,100059
18,B5-e003Coalescence-mGAM-p3,5,2263665,B2-e003Coalescence-mGAM-p3,100059
19,F5-e003Coalescence-mGAM-p5_S64,10,2321521,B2-e003Coalescence-mGAM-p3,100059
20,F5-e003Coalescence-mGAM-p7_S160,14,1792027,B2-e003Coalescence-mGAM-p3,100059
21,E3-e003Coalescence-mGAM-p3_S58,7,2304171,B2-e003Coalescence-mGAM-p3,100059
22,F2-e003Coalescence-mGAM-p7_S157,16,2169270,B2-e003Coalescence-mGAM-p3,100059
23,H3-e003Coalescence-mGAM-p3_S94,16,2281366,B2-e003Coalescence-mGAM-p3,100059
24,E3-e003Coalescence-mGAM-p5_S50,11,2328032,B2-e003Coalescence-mGAM-p3,100059
25,F5-e003Coalescence-mGAM-p3_S72,16,1909764,B2-e003Coalescence-mGAM-p3,100059
26,F2-e003Coalescence-mGAM-p5_S61,11,2319879,B2-e003Coalescence-mGAM-p3,100059
27,F4-e003Coalescence-mGAM-p5_S63,12,2281603,B2-e003Coalescence-mGAM-p3,100059
28,E3-e003Coalescence-mGAM-p7_S146,12,2284526,B2-e003Coalescence-mGAM-p3,100059
29,F3-e003Coalescence-mGAM-p5_S62,16,2274734,B2-e003Coalescence-mGAM-p3,100059
30,G3-e003Coalescence-mGAM-p3_S82,10,2315865,B2-e003Coalescence-mGAM-p3,100059
31,F3-e003Coalescence-mGAM-p7_S158,27,1890761,B2-e003Coalescence-mGAM-p3,100059
32,F2-e003Coalescence-mGAM-p3_S69,109,2223230,B2-e003Coalescence-mGAM-p3,100059
33,G3-e003Coalescence-mGAM-p5_S74,10,2314417,B2-e003Coalescence-mGAM-p3,100059
34,F4-e003Coalescence-mGAM-p3_S71,12,2322136,B2-e003Coalescence-mGAM-p3,100059
35,F4-e003Coalescence-mGAM-p7_S159,10,2295820,B2-e003Coalescence-mGAM-p3,100059
36,H3-e003Coalescence-mGAM-p5_S86,21,2254569,B2-e003Coalescence-mGAM-p3,100059
37,D3-e003Coalescence-Inoculumn-mBHI,5,2396095,B2-e003Coalescence-mGAM-p3,100059
38,B5-e003Coalescence-Inoculumn-mBHI,3,2350303,B2-e003Coalescence-mGAM-p3,100059
39,A3-e003Coalescence-mBHI-inoculumn-redo,8,1788568,B2-e003Coalescence-mGAM-p3,100059
40,B3-e003Coalescence-Inoculumn-mBHI,6,2381229,B2-e003Coalescence-mGAM-p3,100059
41,B2-e003Coalescence-Inoculumn-mBHI,12,2353136,B2-e003Coalescence-mGAM-p3,100059
42,C3-e003Coalescence-mBHI-inoculumn-redo,8,2362051,B2-e003Coalescence-mGAM-p3,100059
43,B4-e003Coalescence-Inoculumn-mBHI,8,2359806,B2-e003Coalescence-mGAM-p3,100059
44,B3-e003Coalescence-mGAM-p1_S729,23,2342364,B2-e003Coalescence-mGAM-p3,100059
45,B5-e003Coalescence-mGAM-p1_S745,63,1357308,B2-e003Coalescence-mGAM-p3,100059
46,D3-e003Coalescence-mGAM-p1_S731,59,2257246,B2-e003Coalescence-mGAM-p3,100059
47,G3-e003Coalescence-mBHI-p1_S790,15,1758065,B2-e003Coalescence-mGAM-p3,100059
48,A3-e003Coalescence-mGAM-p1_S728,47,1780223,B2-e003Coalescence-mGAM-p3,100059
49,B3-e003Coalescence-mBHI-p1_S725,21,2066919,B2-e003Coalescence-mGAM-p3,100059
50,C3-e003Coalescence-mGAM-p1_S730,37,1716039,B2-e003Coalescence-mGAM-p3,100059
51,F3-e003Coalescence-mBHI-p1_S789,16,1571983,B2-e003Coalescence-mGAM-p3,100059
52,B4-e003Coalescence-mBHI-p1_S733,27,1656166,B2-e003Coalescence-mGAM-p3,100059
53,F2-e003Coalescence-mGAM-p1_S785,34,2169203,B2-e003Coalescence-mGAM-p3,100059
54,F5-e003Coalescence-mGAM-p1_S809,57,2299166,B2-e003Coalescence-mGAM-p3,100059
55,G3-e003Coalescence-mGAM-p1_S794,46,1549647,B2-e003Coalescence-mGAM-p3,100059
56,C3-e003Coalescence-mBHI-p1_S726,31,1814974,B2-e003Coalescence-mGAM-p3,100059
57,F4-e003Coalescence-mGAM-p1_S801,50,2082505,B2-e003Coalescence-mGAM-p3,100059
58,B4-e003Coalescence-mGAM-p1_S737,18,2329051,B2-e003Coalescence-mGAM-p3,100059
59,E3-e003Coalescence-mGAM-p1_S792,42,1419028,B2-e003Coalescence-mGAM-p3,100059
60,F3-e003Coalescence-mGAM-p1_S793,21,2347771,B2-e003Coalescence-mGAM-p3,100059
61,Coalescence-D1-B2-AA-ACPP-mBHI-mGAM-5_S656,11,2325618,B2-e003Coalescence-mGAM-p3,100059
62,Coalescence-B4-D3-ACPP-AF-mBHI-mGAM-7_S635,23,2332904,B2-e003Coalescence-mGAM-p3,100059
63,Coalescence-A6-B2-AA-ACPP-mBHI-mGAM-7_S625,17,2325429,B2-e003Coalescence-mGAM-p3,100059
64,Coalescence-D12-B4-ACPP-AE-mBHI-mGAM-3_S667,14,2332403,B2-e003Coalescence-mGAM-p3,100059
65,Coalescence-D7-A3-AA-ACPP-mBHI-mGAM-3_S662,17,2330889,B2-e003Coalescence-mGAM-p3,100059
66,Coalescence-B9-G3-ACPP-AE-mBHI-mGAM-7_S640,19,2299288,B2-e003Coalescence-mGAM-p3,100059
67,Coalescence-D11-B3-ACPP-ACPP-mBHI-mGAM-3_S666,16,2336011,B2-e003Coalescence-mGAM-p3,100059
68,Coalescence-A7-B3-ACPP-ACPP-mBHI-mGAM-7_S626,18,2331105,B2-e003Coalescence-mGAM-p3,100059
69,Coalescence-C5-A3-AA-ACPP-mBHI-mGAM-5_S648,15,2341229,B2-e003Coalescence-mGAM-p3,100059
70,B3-e003Assembly-mBHI-p5,87,1671938,B2-e003Coalescence-mGAM-p3,100059
71,C10-e003GlycerolRevival-mGAM-p2,6686,1999791,B2-e003Coalescence-mGAM-p3,100059
72,Assembly-G9-C9-ACPP-mGAM-3_S700,5574,1714545,B2-e003Coalescence-mGAM-p3,100059
73,Assembly-G2-B3-ACPP-mBHI-3_S693,709,2264296,B2-e003Coalescence-mGAM-p3,100059
74,Assembly-G11-D9-ACPP-mGAM-3_S702,4691,1476979,B2-e003Coalescence-mGAM-p3,100059
75,D_F10_e003Assembly_S358,7042,2229378,B2-e003Coalescence-mGAM-p3,100059
0,A_C9_C2_AA_AE_mBHI_mBHI_4_S33,31,1160951,D3-e003Coalescence-mGAM-p3,100059
1,A_E10_A3_ACPP_AA_mBHI_mGAM_4_S58,18,2331708,D3-e003Coalescence-mGAM-p3,100059
2,A_G2_C3_ACPP_AE_mBHI_mGAM_2_S74,20,2114140,D3-e003Coalescence-mGAM-p3,100059
3,A_G10_C3_ACPP_AE_mBHI_mGAM_4_S82,15,2328389,D3-e003Coalescence-mGAM-p3,100059
4,A_H10_D3_ACPP_AF_mBHI_mGAM_4_S94,16,2339199,D3-e003Coalescence-mGAM-p3,100059
5,B_E2_E3_ACPP_AA_mBHI_mGAM_2_S146,27,2315867,D3-e003Coalescence-mGAM-p3,100059
6,B_H2_H3_ACPP_AF_mBHI_mGAM_2_S182,18,2342589,D3-e003Coalescence-mGAM-p3,100059
7,C3-e003Coalescence-mGAM-p3,1,2330633,D3-e003Coalescence-mGAM-p3,100059
8,B4-e003Coalescence-mGAM-p5,9,2297529,D3-e003Coalescence-mGAM-p3,100059
9,B5-e003Coalescence-mGAM-p5,3,2230945,D3-e003Coalescence-mGAM-p3,100059
10,C3-e003Coalescence-mGAM-p5,1,2320793,D3-e003Coalescence-mGAM-p3,100059
11,B2-e003Coalescence-mGAM-p3,7,2302020,D3-e003Coalescence-mGAM-p3,100059
12,D3-e003Coalescence-mGAM-p3,0,2304101,D3-e003Coalescence-mGAM-p3,100059
13,D3-e003Coalescence-mGAM-p5,1,2345640,D3-e003Coalescence-mGAM-p3,100059
14,A3-e003Coalescence-mGAM-p7,110,2224531,D3-e003Coalescence-mGAM-p3,100059
15,C3-e003Coalescence-mGAM-p7,1,2337093,D3-e003Coalescence-mGAM-p3,100059
16,B3-e003Coalescence-mGAM-p5,7,2323948,D3-e003Coalescence-mGAM-p3,100059
17,B3-e003Coalescence-mBHI-p5,11,1072043,D3-e003Coalescence-mGAM-p3,100059
18,B5-e003Coalescence-mGAM-p3,3,2263665,D3-e003Coalescence-mGAM-p3,100059
19,F5-e003Coalescence-mGAM-p5_S64,11,2321521,D3-e003Coalescence-mGAM-p3,100059
20,F5-e003Coalescence-mGAM-p7_S160,14,1792027,D3-e003Coalescence-mGAM-p3,100059
21,E3-e003Coalescence-mGAM-p3_S58,15,2304171,D3-e003Coalescence-mGAM-p3,100059
22,F2-e003Coalescence-mGAM-p7_S157,28,2169270,D3-e003Coalescence-mGAM-p3,100059
23,H3-e003Coalescence-mGAM-p3_S94,15,2281366,D3-e003Coalescence-mGAM-p3,100059
24,E3-e003Coalescence-mGAM-p5_S50,16,2328032,D3-e003Coalescence-mGAM-p3,100059
25,F5-e003Coalescence-mGAM-p3_S72,15,1909764,D3-e003Coalescence-mGAM-p3,100059
26,F2-e003Coalescence-mGAM-p5_S61,15,2319879,D3-e003Coalescence-mGAM-p3,100059
27,F4-e003Coalescence-mGAM-p5_S63,8,2281603,D3-e003Coalescence-mGAM-p3,100059
28,E3-e003Coalescence-mGAM-p7_S146,12,2284526,D3-e003Coalescence-mGAM-p3,100059
29,F3-e003Coalescence-mGAM-p5_S62,11,2274734,D3-e003Coalescence-mGAM-p3,100059
30,G3-e003Coalescence-mGAM-p3_S82,13,2315865,D3-e003Coalescence-mGAM-p3,100059
31,F3-e003Coalescence-mGAM-p7_S158,32,1890761,D3-e003Coalescence-mGAM-p3,100059
32,F2-e003Coalescence-mGAM-p3_S69,135,2223230,D3-e003Coalescence-mGAM-p3,100059
33,G3-e003Coalescence-mGAM-p5_S74,12,2314417,D3-e003Coalescence-mGAM-p3,100059
34,F4-e003Coalescence-mGAM-p3_S71,13,2322136,D3-e003Coalescence-mGAM-p3,100059
35,F4-e003Coalescence-mGAM-p7_S159,9,2295820,D3-e003Coalescence-mGAM-p3,100059
36,H3-e003Coalescence-mGAM-p5_S86,22,2254569,D3-e003Coalescence-mGAM-p3,100059
37,D3-e003Coalescence-Inoculumn-mBHI,7,2396095,D3-e003Coalescence-mGAM-p3,100059
38,B5-e003Coalescence-Inoculumn-mBHI,7,2350303,D3-e003Coalescence-mGAM-p3,100059
39,A3-e003Coalescence-mBHI-inoculumn-redo,9,1788568,D3-e003Coalescence-mGAM-p3,100059
40,B3-e003Coalescence-Inoculumn-mBHI,7,2381229,D3-e003Coalescence-mGAM-p3,100059
41,B2-e003Coalescence-Inoculumn-mBHI,11,2353136,D3-e003Coalescence-mGAM-p3,100059
42,C3-e003Coalescence-mBHI-inoculumn-redo,10,2362051,D3-e003Coalescence-mGAM-p3,100059
43,B4-e003Coalescence-Inoculumn-mBHI,7,2359806,D3-e003Coalescence-mGAM-p3,100059
44,B3-e003Coalescence-mGAM-p1_S729,32,2342364,D3-e003Coalescence-mGAM-p3,100059
45,B5-e003Coalescence-mGAM-p1_S745,59,1357308,D3-e003Coalescence-mGAM-p3,100059
46,D3-e003Coalescence-mGAM-p1_S731,34,2257246,D3-e003Coalescence-mGAM-p3,100059
47,G3-e003Coalescence-mBHI-p1_S790,17,1758065,D3-e003Coalescence-mGAM-p3,100059
48,A3-e003Coalescence-mGAM-p1_S728,44,1780223,D3-e003Coalescence-mGAM-p3,100059
49,B3-e003Coalescence-mBHI-p1_S725,20,2066919,D3-e003Coalescence-mGAM-p3,100059
50,C3-e003Coalescence-mGAM-p1_S730,55,1716039,D3-e003Coalescence-mGAM-p3,100059
51,F3-e003Coalescence-mBHI-p1_S789,12,1571983,D3-e003Coalescence-mGAM-p3,100059
52,B4-e003Coalescence-mBHI-p1_S733,23,1656166,D3-e003Coalescence-mGAM-p3,100059
53,F2-e003Coalescence-mGAM-p1_S785,50,2169203,D3-e003Coalescence-mGAM-p3,100059
54,F5-e003Coalescence-mGAM-p1_S809,30,2299166,D3-e003Coalescence-mGAM-p3,100059
55,G3-e003Coalescence-mGAM-p1_S794,53,1549647,D3-e003Coalescence-mGAM-p3,100059
56,C3-e003Coalescence-mBHI-p1_S726,36,1814974,D3-e003Coalescence-mGAM-p3,100059
57,F4-e003Coalescence-mGAM-p1_S801,48,2082505,D3-e003Coalescence-mGAM-p3,100059
58,B4-e003Coalescence-mGAM-p1_S737,23,2329051,D3-e003Coalescence-mGAM-p3,100059
59,E3-e003Coalescence-mGAM-p1_S792,60,1419028,D3-e003Coalescence-mGAM-p3,100059
60,F3-e003Coalescence-mGAM-p1_S793,20,2347771,D3-e003Coalescence-mGAM-p3,100059
61,Coalescence-D1-B2-AA-ACPP-mBHI-mGAM-5_S656,12,2325618,D3-e003Coalescence-mGAM-p3,100059
62,Coalescence-B4-D3-ACPP-AF-mBHI-mGAM-7_S635,19,2332904,D3-e003Coalescence-mGAM-p3,100059
63,Coalescence-A6-B2-AA-ACPP-mBHI-mGAM-7_S625,20,2325429,D3-e003Coalescence-mGAM-p3,100059
64,Coalescence-D12-B4-ACPP-AE-mBHI-mGAM-3_S667,17,2332403,D3-e003Coalescence-mGAM-p3,100059
65,Coalescence-D7-A3-AA-ACPP-mBHI-mGAM-3_S662,18,2330889,D3-e003Coalescence-mGAM-p3,100059
66,Coalescence-B9-G3-ACPP-AE-mBHI-mGAM-7_S640,16,2299288,D3-e003Coalescence-mGAM-p3,100059
67,Coalescence-D11-B3-ACPP-ACPP-mBHI-mGAM-3_S666,18,2336011,D3-e003Coalescence-mGAM-p3,100059
68,Coalescence-A7-B3-ACPP-ACPP-mBHI-mGAM-7_S626,15,2331105,D3-e003Coalescence-mGAM-p3,100059
69,Coalescence-C5-A3-AA-ACPP-mBHI-mGAM-5_S648,21,2341229,D3-e003Coalescence-mGAM-p3,100059
70,B3-e003Assembly-mBHI-p5,101,1671938,D3-e003Coalescence-mGAM-p3,100059
71,C10-e003GlycerolRevival-mGAM-p2,7944,1999791,D3-e003Coalescence-mGAM-p3,100059
72,Assembly-G9-C9-ACPP-mGAM-3_S700,6585,1714545,D3-e003Coalescence-mGAM-p3,100059
73,Assembly-G2-B3-ACPP-mBHI-3_S693,799,2264296,D3-e003Coalescence-mGAM-p3,100059
74,Assembly-G11-D9-ACPP-mGAM-3_S702,5539,1476979,D3-e003Coalescence-mGAM-p3,100059
75,D_F10_e003Assembly_S358,8305,2229378,D3-e003Coalescence-mGAM-p3,100059
0,A_C9_C2_AA_AE_mBHI_mBHI_4_S33,33,1160951,D3-e003Coalescence-mGAM-p5,100059
1,A_E10_A3_ACPP_AA_mBHI_mGAM_4_S58,22,2331708,D3-e003Coalescence-mGAM-p5,100059
2,A_G2_C3_ACPP_AE_mBHI_mGAM_2_S74,30,2114140,D3-e003Coalescence-mGAM-p5,100059
3,A_G10_C3_ACPP_AE_mBHI_mGAM_4_S82,21,2328389,D3-e003Coalescence-mGAM-p5,100059
4,A_H10_D3_ACPP_AF_mBHI_mGAM_4_S94,22,2339199,D3-e003Coalescence-mGAM-p5,100059
5,B_E2_E3_ACPP_AA_mBHI_mGAM_2_S146,33,2315867,D3-e003Coalescence-mGAM-p5,100059
6,B_H2_H3_ACPP_AF_mBHI_mGAM_2_S182,24,2342589,D3-e003Coalescence-mGAM-p5,100059
7,C3-e003Coalescence-mGAM-p3,0,2330633,D3-e003Coalescence-mGAM-p5,100059
8,B4-e003Coalescence-mGAM-p5,1,2297529,D3-e003Coalescence-mGAM-p5,100059
9,B5-e003Coalescence-mGAM-p5,0,2230945,D3-e003Coalescence-mGAM-p5,100059
10,C3-e003Coalescence-mGAM-p5,0,2320793,D3-e003Coalescence-mGAM-p5,100059
11,B2-e003Coalescence-mGAM-p3,3,2302020,D3-e003Coalescence-mGAM-p5,100059
12,D3-e003Coalescence-mGAM-p3,1,2304101,D3-e003Coalescence-mGAM-p5,100059
13,D3-e003Coalescence-mGAM-p5,0,2345640,D3-e003Coalescence-mGAM-p5,100059
14,A3-e003Coalescence-mGAM-p7,139,2224531,D3-e003Coalescence-mGAM-p5,100059
15,C3-e003Coalescence-mGAM-p7,0,2337093,D3-e003Coalescence-mGAM-p5,100059
16,B3-e003Coalescence-mGAM-p5,0,2323948,D3-e003Coalescence-mGAM-p5,100059
17,B3-e003Coalescence-mBHI-p5,9,1072043,D3-e003Coalescence-mGAM-p5,100059
18,B5-e003Coalescence-mGAM-p3,2,2263665,D3-e003Coalescence-mGAM-p5,100059
19,F5-e003Coalescence-mGAM-p5_S64,17,2321521,D3-e003Coalescence-mGAM-p5,100059
20,F5-e003Coalescence-mGAM-p7_S160,15,1792027,D3-e003Coalescence-mGAM-p5,100059
21,E3-e003Coalescence-mGAM-p3_S58,16,2304171,D3-e003Coalescence-mGAM-p5,100059
22,F2-e003Coalescence-mGAM-p7_S157,34,2169270,D3-e003Coalescence-mGAM-p5,100059
23,H3-e003Coalescence-mGAM-p3_S94,16,2281366,D3-e003Coalescence-mGAM-p5,100059
24,E3-e003Coalescence-mGAM-p5_S50,18,2328032,D3-e003Coalescence-mGAM-p5,100059
25,F5-e003Coalescence-mGAM-p3_S72,20,1909764,D3-e003Coalescence-mGAM-p5,100059
26,F2-e003Coalescence-mGAM-p5_S61,16,2319879,D3-e003Coalescence-mGAM-p5,100059
27,F4-e003Coalescence-mGAM-p5_S63,14,2281603,D3-e003Coalescence-mGAM-p5,100059
28,E3-e003Coalescence-mGAM-p7_S146,13,2284526,D3-e003Coalescence-mGAM-p5,100059
29,F3-e003Coalescence-mGAM-p5_S62,19,2274734,D3-e003Coalescence-mGAM-p5,100059
30,G3-e003Coalescence-mGAM-p3_S82,17,2315865,D3-e003Coalescence-mGAM-p5,100059
31,F3-e003Coalescence-mGAM-p7_S158,35,1890761,D3-e003Coalescence-mGAM-p5,100059
32,F2-e003Coalescence-mGAM-p3_S69,151,2223230,D3-e003Coalescence-mGAM-p5,100059
33,G3-e003Coalescence-mGAM-p5_S74,15,2314417,D3-e003Coalescence-mGAM-p5,100059
34,F4-e003Coalescence-mGAM-p3_S71,19,2322136,D3-e003Coalescence-mGAM-p5,100059
35,F4-e003Coalescence-mGAM-p7_S159,13,2295820,D3-e003Coalescence-mGAM-p5,100059
36,H3-e003Coalescence-mGAM-p5_S86,31,2254569,D3-e003Coalescence-mGAM-p5,100059
37,D3-e003Coalescence-Inoculumn-mBHI,0,2396095,D3-e003Coalescence-mGAM-p5,100059
38,B5-e003Coalescence-Inoculumn-mBHI,0,2350303,D3-e003Coalescence-mGAM-p5,100059
39,A3-e003Coalescence-mBHI-inoculumn-redo,2,1788568,D3-e003Coalescence-mGAM-p5,100059
40,B3-e003Coalescence-Inoculumn-mBHI,0,2381229,D3-e003Coalescence-mGAM-p5,100059
41,B2-e003Coalescence-Inoculumn-mBHI,6,2353136,D3-e003Coalescence-mGAM-p5,100059
42,C3-e003Coalescence-mBHI-inoculumn-redo,3,2362051,D3-e003Coalescence-mGAM-p5,100059
43,B4-e003Coalescence-Inoculumn-mBHI,2,2359806,D3-e003Coalescence-mGAM-p5,100059
44,B3-e003Coalescence-mGAM-p1_S729,30,2342364,D3-e003Coalescence-mGAM-p5,100059
45,B5-e003Coalescence-mGAM-p1_S745,81,1357308,D3-e003Coalescence-mGAM-p5,100059
46,D3-e003Coalescence-mGAM-p1_S731,52,2257246,D3-e003Coalescence-mGAM-p5,100059
47,G3-e003Coalescence-mBHI-p1_S790,14,1758065,D3-e003Coalescence-mGAM-p5,100059
48,A3-e003Coalescence-mGAM-p1_S728,63,1780223,D3-e003Coalescence-mGAM-p5,100059
49,B3-e003Coalescence-mBHI-p1_S725,25,2066919,D3-e003Coalescence-mGAM-p5,100059
50,C3-e003Coalescence-mGAM-p1_S730,73,1716039,D3-e003Coalescence-mGAM-p5,100059
51,F3-e003Coalescence-mBHI-p1_S789,14,1571983,D3-e003Coalescence-mGAM-p5,100059
52,B4-e003Coalescence-mBHI-p1_S733,32,1656166,D3-e003Coalescence-mGAM-p5,100059
53,F2-e003Coalescence-mGAM-p1_S785,44,2169203,D3-e003Coalescence-mGAM-p5,100059
54,F5-e003Coalescence-mGAM-p1_S809,48,2299166,D3-e003Coalescence-mGAM-p5,100059
55,G3-e003Coalescence-mGAM-p1_S794,74,1549647,D3-e003Coalescence-mGAM-p5,100059
56,C3-e003Coalescence-mBHI-p1_S726,39,1814974,D3-e003Coalescence-mGAM-p5,100059
57,F4-e003Coalescence-mGAM-p1_S801,76,2082505,D3-e003Coalescence-mGAM-p5,100059
58,B4-e003Coalescence-mGAM-p1_S737,24,2329051,D3-e003Coalescence-mGAM-p5,100059
59,E3-e003Coalescence-mGAM-p1_S792,66,1419028,D3-e003Coalescence-mGAM-p5,100059
60,F3-e003Coalescence-mGAM-p1_S793,23,2347771,D3-e003Coalescence-mGAM-p5,100059
61,Coalescence-D1-B2-AA-ACPP-mBHI-mGAM-5_S656,15,2325618,D3-e003Coalescence-mGAM-p5,100059
62,Coalescence-B4-D3-ACPP-AF-mBHI-mGAM-7_S635,28,2332904,D3-e003Coalescence-mGAM-p5,100059
63,Coalescence-A6-B2-AA-ACPP-mBHI-mGAM-7_S625,24,2325429,D3-e003Coalescence-mGAM-p5,100059
64,Coalescence-D12-B4-ACPP-AE-mBHI-mGAM-3_S667,22,2332403,D3-e003Coalescence-mGAM-p5,100059
65,Coalescence-D7-A3-AA-ACPP-mBHI-mGAM-3_S662,26,2330889,D3-e003Coalescence-mGAM-p5,100059
66,Coalescence-B9-G3-ACPP-AE-mBHI-mGAM-7_S640,22,2299288,D3-e003Coalescence-mGAM-p5,100059
67,Coalescence-D11-B3-ACPP-ACPP-mBHI-mGAM-3_S666,24,2336011,D3-e003Coalescence-mGAM-p5,100059
68,Coalescence-A7-B3-ACPP-ACPP-mBHI-mGAM-7_S626,23,2331105,D3-e003Coalescence-mGAM-p5,100059
69,Coalescence-C5-A3-AA-ACPP-mBHI-mGAM-5_S648,27,2341229,D3-e003Coalescence-mGAM-p5,100059
70,B3-e003Assembly-mBHI-p5,144,1671938,D3-e003Coalescence-mGAM-p5,100059
71,C10-e003GlycerolRevival-mGAM-p2,10707,1999791,D3-e003Coalescence-mGAM-p5,100059
72,Assembly-G9-C9-ACPP-mGAM-3_S700,8859,1714545,D3-e003Coalescence-mGAM-p5,100059
73,Assembly-G2-B3-ACPP-mBHI-3_S693,1146,2264296,D3-e003Coalescence-mGAM-p5,100059
74,Assembly-G11-D9-ACPP-mGAM-3_S702,7526,1476979,D3-e003Coalescence-mGAM-p5,100059
75,D_F10_e003Assembly_S358,11220,2229378,D3-e003Coalescence-mGAM-p5,100059
0,A_C9_C2_AA_AE_mBHI_mBHI_4_S33,64,1160951,A3-e003Coalescence-mGAM-p7,100059
1,A_E10_A3_ACPP_AA_mBHI_mGAM_4_S58,113,2331708,A3-e003Coalescence-mGAM-p7,100059
2,A_G2_C3_ACPP_AE_mBHI_mGAM_2_S74,77,2114140,A3-e003Coalescence-mGAM-p7,100059
3,A_G10_C3_ACPP_AE_mBHI_mGAM_4_S82,139,2328389,A3-e003Coalescence-mGAM-p7,100059
4,A_H10_D3_ACPP_AF_mBHI_mGAM_4_S94,102,2339199,A3-e003Coalescence-mGAM-p7,100059
5,B_E2_E3_ACPP_AA_mBHI_mGAM_2_S146,39,2315867,A3-e003Coalescence-mGAM-p7,100059
6,B_H2_H3_ACPP_AF_mBHI_mGAM_2_S182,128,2342589,A3-e003Coalescence-mGAM-p7,100059
7,C3-e003Coalescence-mGAM-p3,120,2330633,A3-e003Coalescence-mGAM-p7,100059
8,B4-e003Coalescence-mGAM-p5,113,2297529,A3-e003Coalescence-mGAM-p7,100059
9,B5-e003Coalescence-mGAM-p5,155,2230945,A3-e003Coalescence-mGAM-p7,100059
10,C3-e003Coalescence-mGAM-p5,119,2320793,A3-e003Coalescence-mGAM-p7,100059
11,B2-e003Coalescence-mGAM-p3,80,2302020,A3-e003Coalescence-mGAM-p7,100059
12,D3-e003Coalescence-mGAM-p3,110,2304101,A3-e003Coalescence-mGAM-p7,100059
13,D3-e003Coalescence-mGAM-p5,139,2345640,A3-e003Coalescence-mGAM-p7,100059
14,A3-e003Coalescence-mGAM-p7,0,2224531,A3-e003Coalescence-mGAM-p7,100059
15,C3-e003Coalescence-mGAM-p7,126,2337093,A3-e003Coalescence-mGAM-p7,100059
16,B3-e003Coalescence-mGAM-p5,137,2323948,A3-e003Coalescence-mGAM-p7,100059
17,B3-e003Coalescence-mBHI-p5,56,1072043,A3-e003Coalescence-mGAM-p7,100059
18,B5-e003Coalescence-mGAM-p3,93,2263665,A3-e003Coalescence-mGAM-p7,100059
19,F5-e003Coalescence-mGAM-p5_S64,143,2321521,A3-e003Coalescence-mGAM-p7,100059
20,F5-e003Coalescence-mGAM-p7_S160,87,1792027,A3-e003Coalescence-mGAM-p7,100059
21,E3-e003Coalescence-mGAM-p3_S58,97,2304171,A3-e003Coalescence-mGAM-p7,100059
22,F2-e003Coalescence-mGAM-p7_S157,72,2169270,A3-e003Coalescence-mGAM-p7,100059
23,H3-e003Coalescence-mGAM-p3_S94,95,2281366,A3-e003Coalescence-mGAM-p7,100059
24,E3-e003Coalescence-mGAM-p5_S50,124,2328032,A3-e003Coalescence-mGAM-p7,100059
25,F5-e003Coalescence-mGAM-p3_S72,67,1909764,A3-e003Coalescence-mGAM-p7,100059
26,F2-e003Coalescence-mGAM-p5_S61,119,2319879,A3-e003Coalescence-mGAM-p7,100059
27,F4-e003Coalescence-mGAM-p5_S63,122,2281603,A3-e003Coalescence-mGAM-p7,100059
28,E3-e003Coalescence-mGAM-p7_S146,41,2284526,A3-e003Coalescence-mGAM-p7,100059
29,F3-e003Coalescence-mGAM-p5_S62,132,2274734,A3-e003Coalescence-mGAM-p7,100059
30,G3-e003Coalescence-mGAM-p3_S82,138,2315865,A3-e003Coalescence-mGAM-p7,100059
31,F3-e003Coalescence-mGAM-p7_S158,76,1890761,A3-e003Coalescence-mGAM-p7,100059
32,F2-e003Coalescence-mGAM-p3_S69,72,2223230,A3-e003Coalescence-mGAM-p7,100059
33,G3-e003Coalescence-mGAM-p5_S74,102,2314417,A3-e003Coalescence-mGAM-p7,100059
34,F4-e003Coalescence-mGAM-p3_S71,122,2322136,A3-e003Coalescence-mGAM-p7,100059
35,F4-e003Coalescence-mGAM-p7_S159,104,2295820,A3-e003Coalescence-mGAM-p7,100059
36,H3-e003Coalescence-mGAM-p5_S86,79,2254569,A3-e003Coalescence-mGAM-p7,100059
37,D3-e003Coalescence-Inoculumn-mBHI,170,2396095,A3-e003Coalescence-mGAM-p7,100059
38,B5-e003Coalescence-Inoculumn-mBHI,156,2350303,A3-e003Coalescence-mGAM-p7,100059
39,A3-e003Coalescence-mBHI-inoculumn-redo,94,1788568,A3-e003Coalescence-mGAM-p7,100059
40,B3-e003Coalescence-Inoculumn-mBHI,167,2381229,A3-e003Coalescence-mGAM-p7,100059
41,B2-e003Coalescence-Inoculumn-mBHI,156,2353136,A3-e003Coalescence-mGAM-p7,100059
42,C3-e003Coalescence-mBHI-inoculumn-redo,157,2362051,A3-e003Coalescence-mGAM-p7,100059
43,B4-e003Coalescence-Inoculumn-mBHI,149,2359806,A3-e003Coalescence-mGAM-p7,100059
44,B3-e003Coalescence-mGAM-p1_S729,109,2342364,A3-e003Coalescence-mGAM-p7,100059
45,B5-e003Coalescence-mGAM-p1_S745,76,1357308,A3-e003Coalescence-mGAM-p7,100059
46,D3-e003Coalescence-mGAM-p1_S731,101,2257246,A3-e003Coalescence-mGAM-p7,100059
47,G3-e003Coalescence-mBHI-p1_S790,107,1758065,A3-e003Coalescence-mGAM-p7,100059
48,A3-e003Coalescence-mGAM-p1_S728,96,1780223,A3-e003Coalescence-mGAM-p7,100059
49,B3-e003Coalescence-mBHI-p1_S725,142,2066919,A3-e003Coalescence-mGAM-p7,100059
50,C3-e003Coalescence-mGAM-p1_S730,61,1716039,A3-e003Coalescence-mGAM-p7,100059
51,F3-e003Coalescence-mBHI-p1_S789,107,1571983,A3-e003Coalescence-mGAM-p7,100059
52,B4-e003Coalescence-mBHI-p1_S733,96,1656166,A3-e003Coalescence-mGAM-p7,100059
53,F2-e003Coalescence-mGAM-p1_S785,87,2169203,A3-e003Coalescence-mGAM-p7,100059
54,F5-e003Coalescence-mGAM-p1_S809,88,2299166,A3-e003Coalescence-mGAM-p7,100059
55,G3-e003Coalescence-mGAM-p1_S794,54,1549647,A3-e003Coalescence-mGAM-p7,100059
56,C3-e003Coalescence-mBHI-p1_S726,126,1814974,A3-e003Coalescence-mGAM-p7,100059
57,F4-e003Coalescence-mGAM-p1_S801,72,2082505,A3-e003Coalescence-mGAM-p7,100059
58,B4-e003Coalescence-mGAM-p1_S737,60,2329051,A3-e003Coalescence-mGAM-p7,100059
59,E3-e003Coalescence-mGAM-p1_S792,63,1419028,A3-e003Coalescence-mGAM-p7,100059
60,F3-e003Coalescence-mGAM-p1_S793,95,2347771,A3-e003Coalescence-mGAM-p7,100059
61,Coalescence-D1-B2-AA-ACPP-mBHI-mGAM-5_S656,118,2325618,A3-e003Coalescence-mGAM-p7,100059
62,Coalescence-B4-D3-ACPP-AF-mBHI-mGAM-7_S635,66,2332904,A3-e003Coalescence-mGAM-p7,100059
63,Coalescence-A6-B2-AA-ACPP-mBHI-mGAM-7_S625,68,2325429,A3-e003Coalescence-mGAM-p7,100059
64,Coalescence-D12-B4-ACPP-AE-mBHI-mGAM-3_S667,135,2332403,A3-e003Coalescence-mGAM-p7,100059
65,Coalescence-D7-A3-AA-ACPP-mBHI-mGAM-3_S662,47,2330889,A3-e003Coalescence-mGAM-p7,100059
66,Coalescence-B9-G3-ACPP-AE-mBHI-mGAM-7_S640,118,2299288,A3-e003Coalescence-mGAM-p7,100059
67,Coalescence-D11-B3-ACPP-ACPP-mBHI-mGAM-3_S666,139,2336011,A3-e003Coalescence-mGAM-p7,100059
68,Coalescence-A7-B3-ACPP-ACPP-mBHI-mGAM-7_S626,124,2331105,A3-e003Coalescence-mGAM-p7,100059
69,Coalescence-C5-A3-AA-ACPP-mBHI-mGAM-5_S648,132,2341229,A3-e003Coalescence-mGAM-p7,100059
70,B3-e003Assembly-mBHI-p5,70,1671938,A3-e003Coalescence-mGAM-p7,100059
71,C10-e003GlycerolRevival-mGAM-p2,2347,1999791,A3-e003Coalescence-mGAM-p7,100059
72,Assembly-G9-C9-ACPP-mGAM-3_S700,2023,1714545,A3-e003Coalescence-mGAM-p7,100059
73,Assembly-G2-B3-ACPP-mBHI-3_S693,280,2264296,A3-e003Coalescence-mGAM-p7,100059
74,Assembly-G11-D9-ACPP-mGAM-3_S702,1669,1476979,A3-e003Coalescence-mGAM-p7,100059
75,D_F10_e003Assembly_S358,2547,2229378,A3-e003Coalescence-mGAM-p7,100059
0,A_C9_C2_AA_AE_mBHI_mBHI_4_S33,33,1160951,C3-e003Coalescence-mGAM-p7,100059
1,A_E10_A3_ACPP_AA_mBHI_mGAM_4_S58,23,2331708,C3-e003Coalescence-mGAM-p7,100059
2,A_G2_C3_ACPP_AE_mBHI_mGAM_2_S74,31,2114140,C3-e003Coalescence-mGAM-p7,100059
3,A_G10_C3_ACPP_AE_mBHI_mGAM_4_S82,22,2328389,C3-e003Coalescence-mGAM-p7,100059
4,A_H10_D3_ACPP_AF_mBHI_mGAM_4_S94,22,2339199,C3-e003Coalescence-mGAM-p7,100059
5,B_E2_E3_ACPP_AA_mBHI_mGAM_2_S146,36,2315867,C3-e003Coalescence-mGAM-p7,100059
6,B_H2_H3_ACPP_AF_mBHI_mGAM_2_S182,25,2342589,C3-e003Coalescence-mGAM-p7,100059
7,C3-e003Coalescence-mGAM-p3,0,2330633,C3-e003Coalescence-mGAM-p7,100059
8,B4-e003Coalescence-mGAM-p5,0,2297529,C3-e003Coalescence-mGAM-p7,100059
9,B5-e003Coalescence-mGAM-p5,0,2230945,C3-e003Coalescence-mGAM-p7,100059
10,C3-e003Coalescence-mGAM-p5,0,2320793,C3-e003Coalescence-mGAM-p7,100059
11,B2-e003Coalescence-mGAM-p3,2,2302020,C3-e003Coalescence-mGAM-p7,100059
12,D3-e003Coalescence-mGAM-p3,1,2304101,C3-e003Coalescence-mGAM-p7,100059
13,D3-e003Coalescence-mGAM-p5,0,2345640,C3-e003Coalescence-mGAM-p7,100059
14,A3-e003Coalescence-mGAM-p7,126,2224531,C3-e003Coalescence-mGAM-p7,100059
15,C3-e003Coalescence-mGAM-p7,0,2337093,C3-e003Coalescence-mGAM-p7,100059
16,B3-e003Coalescence-mGAM-p5,0,2323948,C3-e003Coalescence-mGAM-p7,100059
17,B3-e003Coalescence-mBHI-p5,3,1072043,C3-e003Coalescence-mGAM-p7,100059
18,B5-e003Coalescence-mGAM-p3,2,2263665,C3-e003Coalescence-mGAM-p7,100059
19,F5-e003Coalescence-mGAM-p5_S64,16,2321521,C3-e003Coalescence-mGAM-p7,100059
20,F5-e003Coalescence-mGAM-p7_S160,14,1792027,C3-e003Coalescence-mGAM-p7,100059
21,E3-e003Coalescence-mGAM-p3_S58,18,2304171,C3-e003Coalescence-mGAM-p7,100059
22,F2-e003Coalescence-mGAM-p7_S157,34,2169270,C3-e003Coalescence-mGAM-p7,100059
23,H3-e003Coalescence-mGAM-p3_S94,18,2281366,C3-e003Coalescence-mGAM-p7,100059
24,E3-e003Coalescence-mGAM-p5_S50,22,2328032,C3-e003Coalescence-mGAM-p7,100059
25,F5-e003Coalescence-mGAM-p3_S72,21,1909764,C3-e003Coalescence-mGAM-p7,100059
26,F2-e003Coalescence-mGAM-p5_S61,18,2319879,C3-e003Coalescence-mGAM-p7,100059
27,F4-e003Coalescence-mGAM-p5_S63,14,2281603,C3-e003Coalescence-mGAM-p7,100059
28,E3-e003Coalescence-mGAM-p7_S146,22,2284526,C3-e003Coalescence-mGAM-p7,100059
29,F3-e003Coalescence-mGAM-p5_S62,18,2274734,C3-e003Coalescence-mGAM-p7,100059
30,G3-e003Coalescence-mGAM-p3_S82,19,2315865,C3-e003Coalescence-mGAM-p7,100059
31,F3-e003Coalescence-mGAM-p7_S158,37,1890761,C3-e003Coalescence-mGAM-p7,100059
32,F2-e003Coalescence-mGAM-p3_S69,161,2223230,C3-e003Coalescence-mGAM-p7,100059
33,G3-e003Coalescence-mGAM-p5_S74,16,2314417,C3-e003Coalescence-mGAM-p7,100059
34,F4-e003Coalescence-mGAM-p3_S71,19,2322136,C3-e003Coalescence-mGAM-p7,100059
35,F4-e003Coalescence-mGAM-p7_S159,14,2295820,C3-e003Coalescence-mGAM-p7,100059
36,H3-e003Coalescence-mGAM-p5_S86,36,2254569,C3-e003Coalescence-mGAM-p7,100059
37,D3-e003Coalescence-Inoculumn-mBHI,0,2396095,C3-e003Coalescence-mGAM-p7,100059
38,B5-e003Coalescence-Inoculumn-mBHI,0,2350303,C3-e003Coalescence-mGAM-p7,100059
39,A3-e003Coalescence-mBHI-inoculumn-redo,0,1788568,C3-e003Coalescence-mGAM-p7,100059
40,B3-e003Coalescence-Inoculumn-mBHI,0,2381229,C3-e003Coalescence-mGAM-p7,100059
41,B2-e003Coalescence-Inoculumn-mBHI,0,2353136,C3-e003Coalescence-mGAM-p7,100059
42,C3-e003Coalescence-mBHI-inoculumn-redo,1,2362051,C3-e003Coalescence-mGAM-p7,100059
43,B4-e003Coalescence-Inoculumn-mBHI,2,2359806,C3-e003Coalescence-mGAM-p7,100059
44,B3-e003Coalescence-mGAM-p1_S729,27,2342364,C3-e003Coalescence-mGAM-p7,100059
45,B5-e003Coalescence-mGAM-p1_S745,79,1357308,C3-e003Coalescence-mGAM-p7,100059
46,D3-e003Coalescence-mGAM-p1_S731,59,2257246,C3-e003Coalescence-mGAM-p7,100059
47,G3-e003Coalescence-mBHI-p1_S790,16,1758065,C3-e003Coalescence-mGAM-p7,100059
48,A3-e003Coalescence-mGAM-p1_S728,66,1780223,C3-e003Coalescence-mGAM-p7,100059
49,B3-e003Coalescence-mBHI-p1_S725,19,2066919,C3-e003Coalescence-mGAM-p7,100059
50,C3-e003Coalescence-mGAM-p1_S730,66,1716039,C3-e003Coalescence-mGAM-p7,100059
51,F3-e003Coalescence-mBHI-p1_S789,12,1571983,C3-e003Coalescence-mGAM-p7,100059
52,B4-e003Coalescence-mBHI-p1_S733,28,1656166,C3-e003Coalescence-mGAM-p7,100059
53,F2-e003Coalescence-mGAM-p1_S785,44,2169203,C3-e003Coalescence-mGAM-p7,100059
54,F5-e003Coalescence-mGAM-p1_S809,54,2299166,C3-e003Coalescence-mGAM-p7,100059
55,G3-e003Coalescence-mGAM-p1_S794,70,1549647,C3-e003Coalescence-mGAM-p7,100059
56,C3-e003Coalescence-mBHI-p1_S726,28,1814974,C3-e003Coalescence-mGAM-p7,100059
57,F4-e003Coalescence-mGAM-p1_S801,73,2082505,C3-e003Coalescence-mGAM-p7,100059
58,B4-e003Coalescence-mGAM-p1_S737,28,2329051,C3-e003Coalescence-mGAM-p7,100059
59,E3-e003Coalescence-mGAM-p1_S792,59,1419028,C3-e003Coalescence-mGAM-p7,100059
60,F3-e003Coalescence-mGAM-p1_S793,25,2347771,C3-e003Coalescence-mGAM-p7,100059
61,Coalescence-D1-B2-AA-ACPP-mBHI-mGAM-5_S656,18,2325618,C3-e003Coalescence-mGAM-p7,100059
62,Coalescence-B4-D3-ACPP-AF-mBHI-mGAM-7_S635,29,2332904,C3-e003Coalescence-mGAM-p7,100059
63,Coalescence-A6-B2-AA-ACPP-mBHI-mGAM-7_S625,25,2325429,C3-e003Coalescence-mGAM-p7,100059
64,Coalescence-D12-B4-ACPP-AE-mBHI-mGAM-3_S667,24,2332403,C3-e003Coalescence-mGAM-p7,100059
65,Coalescence-D7-A3-AA-ACPP-mBHI-mGAM-3_S662,24,2330889,C3-e003Coalescence-mGAM-p7,100059
66,Coalescence-B9-G3-ACPP-AE-mBHI-mGAM-7_S640,23,2299288,C3-e003Coalescence-mGAM-p7,100059
67,Coalescence-D11-B3-ACPP-ACPP-mBHI-mGAM-3_S666,23,2336011,C3-e003Coalescence-mGAM-p7,100059
68,Coalescence-A7-B3-ACPP-ACPP-mBHI-mGAM-7_S626,22,2331105,C3-e003Coalescence-mGAM-p7,100059
69,Coalescence-C5-A3-AA-ACPP-mBHI-mGAM-5_S648,26,2341229,C3-e003Coalescence-mGAM-p7,100059
70,B3-e003Assembly-mBHI-p5,140,1671938,C3-e003Coalescence-mGAM-p7,100059
71,C10-e003GlycerolRevival-mGAM-p2,10562,1999791,C3-e003Coalescence-mGAM-p7,100059
72,Assembly-G9-C9-ACPP-mGAM-3_S700,8741,1714545,C3-e003Coalescence-mGAM-p7,100059
73,Assembly-G2-B3-ACPP-mBHI-3_S693,1115,2264296,C3-e003Coalescence-mGAM-p7,100059
74,Assembly-G11-D9-ACPP-mGAM-3_S702,7443,1476979,C3-e003Coalescence-mGAM-p7,100059
75,D_F10_e003Assembly_S358,11087,2229378,C3-e003Coalescence-mGAM-p7,100059
0,A_C9_C2_AA_AE_mBHI_mBHI_4_S33,32,1160951,B3-e003Coalescence-mGAM-p5,100059
1,A_E10_A3_ACPP_AA_mBHI_mGAM_4_S58,24,2331708,B3-e003Coalescence-mGAM-p5,100059
2,A_G2_C3_ACPP_AE_mBHI_mGAM_2_S74,28,2114140,B3-e003Coalescence-mGAM-p5,100059
3,A_G10_C3_ACPP_AE_mBHI_mGAM_4_S82,21,2328389,B3-e003Coalescence-mGAM-p5,100059
4,A_H10_D3_ACPP_AF_mBHI_mGAM_4_S94,19,2339199,B3-e003Coalescence-mGAM-p5,100059
5,B_E2_E3_ACPP_AA_mBHI_mGAM_2_S146,31,2315867,B3-e003Coalescence-mGAM-p5,100059
6,B_H2_H3_ACPP_AF_mBHI_mGAM_2_S182,22,2342589,B3-e003Coalescence-mGAM-p5,100059
7,C3-e003Coalescence-mGAM-p3,0,2330633,B3-e003Coalescence-mGAM-p5,100059
8,B4-e003Coalescence-mGAM-p5,0,2297529,B3-e003Coalescence-mGAM-p5,100059
9,B5-e003Coalescence-mGAM-p5,1,2230945,B3-e003Coalescence-mGAM-p5,100059
10,C3-e003Coalescence-mGAM-p5,0,2320793,B3-e003Coalescence-mGAM-p5,100059
11,B2-e003Coalescence-mGAM-p3,5,2302020,B3-e003Coalescence-mGAM-p5,100059
12,D3-e003Coalescence-mGAM-p3,7,2304101,B3-e003Coalescence-mGAM-p5,100059
13,D3-e003Coalescence-mGAM-p5,0,2345640,B3-e003Coalescence-mGAM-p5,100059
14,A3-e003Coalescence-mGAM-p7,137,2224531,B3-e003Coalescence-mGAM-p5,100059
15,C3-e003Coalescence-mGAM-p7,0,2337093,B3-e003Coalescence-mGAM-p5,100059
16,B3-e003Coalescence-mGAM-p5,0,2323948,B3-e003Coalescence-mGAM-p5,100059
17,B3-e003Coalescence-mBHI-p5,10,1072043,B3-e003Coalescence-mGAM-p5,100059
18,B5-e003Coalescence-mGAM-p3,2,2263665,B3-e003Coalescence-mGAM-p5,100059
19,F5-e003Coalescence-mGAM-p5_S64,14,2321521,B3-e003Coalescence-mGAM-p5,100059
20,F5-e003Coalescence-mGAM-p7_S160,10,1792027,B3-e003Coalescence-mGAM-p5,100059
21,E3-e003Coalescence-mGAM-p3_S58,13,2304171,B3-e003Coalescence-mGAM-p5,100059
22,F2-e003Coalescence-mGAM-p7_S157,34,2169270,B3-e003Coalescence-mGAM-p5,100059
23,H3-e003Coalescence-mGAM-p3_S94,17,2281366,B3-e003Coalescence-mGAM-p5,100059
24,E3-e003Coalescence-mGAM-p5_S50,20,2328032,B3-e003Coalescence-mGAM-p5,100059
25,F5-e003Coalescence-mGAM-p3_S72,19,1909764,B3-e003Coalescence-mGAM-p5,100059
26,F2-e003Coalescence-mGAM-p5_S61,17,2319879,B3-e003Coalescence-mGAM-p5,100059
27,F4-e003Coalescence-mGAM-p5_S63,13,2281603,B3-e003Coalescence-mGAM-p5,100059
28,E3-e003Coalescence-mGAM-p7_S146,19,2284526,B3-e003Coalescence-mGAM-p5,100059
29,F3-e003Coalescence-mGAM-p5_S62,20,2274734,B3-e003Coalescence-mGAM-p5,100059
30,G3-e003Coalescence-mGAM-p3_S82,16,2315865,B3-e003Coalescence-mGAM-p5,100059
31,F3-e003Coalescence-mGAM-p7_S158,33,1890761,B3-e003Coalescence-mGAM-p5,100059
32,F2-e003Coalescence-mGAM-p3_S69,143,2223230,B3-e003Coalescence-mGAM-p5,100059
33,G3-e003Coalescence-mGAM-p5_S74,13,2314417,B3-e003Coalescence-mGAM-p5,100059
34,F4-e003Coalescence-mGAM-p3_S71,15,2322136,B3-e003Coalescence-mGAM-p5,100059
35,F4-e003Coalescence-mGAM-p7_S159,11,2295820,B3-e003Coalescence-mGAM-p5,100059
36,H3-e003Coalescence-mGAM-p5_S86,29,2254569,B3-e003Coalescence-mGAM-p5,100059
37,D3-e003Coalescence-Inoculumn-mBHI,0,2396095,B3-e003Coalescence-mGAM-p5,100059
38,B5-e003Coalescence-Inoculumn-mBHI,0,2350303,B3-e003Coalescence-mGAM-p5,100059
39,A3-e003Coalescence-mBHI-inoculumn-redo,3,1788568,B3-e003Coalescence-mGAM-p5,100059
40,B3-e003Coalescence-Inoculumn-mBHI,0,2381229,B3-e003Coalescence-mGAM-p5,100059
41,B2-e003Coalescence-Inoculumn-mBHI,3,2353136,B3-e003Coalescence-mGAM-p5,100059
42,C3-e003Coalescence-mBHI-inoculumn-redo,0,2362051,B3-e003Coalescence-mGAM-p5,100059
43,B4-e003Coalescence-Inoculumn-mBHI,2,2359806,B3-e003Coalescence-mGAM-p5,100059
44,B3-e003Coalescence-mGAM-p1_S729,26,2342364,B3-e003Coalescence-mGAM-p5,100059
45,B5-e003Coalescence-mGAM-p1_S745,73,1357308,B3-e003Coalescence-mGAM-p5,100059
46,D3-e003Coalescence-mGAM-p1_S731,57,2257246,B3-e003Coalescence-mGAM-p5,100059
47,G3-e003Coalescence-mBHI-p1_S790,12,1758065,B3-e003Coalescence-mGAM-p5,100059
48,A3-e003Coalescence-mGAM-p1_S728,67,1780223,B3-e003Coalescence-mGAM-p5,100059
49,B3-e003Coalescence-mBHI-p1_S725,17,2066919,B3-e003Coalescence-mGAM-p5,100059
50,C3-e003Coalescence-mGAM-p1_S730,66,1716039,B3-e003Coalescence-mGAM-p5,100059
51,F3-e003Coalescence-mBHI-p1_S789,14,1571983,B3-e003Coalescence-mGAM-p5,100059
52,B4-e003Coalescence-mBHI-p1_S733,28,1656166,B3-e003Coalescence-mGAM-p5,100059
53,F2-e003Coalescence-mGAM-p1_S785,42,2169203,B3-e003Coalescence-mGAM-p5,100059
54,F5-e003Coalescence-mGAM-p1_S809,57,2299166,B3-e003Coalescence-mGAM-p5,100059
55,G3-e003Coalescence-mGAM-p1_S794,69,1549647,B3-e003Coalescence-mGAM-p5,100059
56,C3-e003Coalescence-mBHI-p1_S726,28,1814974,B3-e003Coalescence-mGAM-p5,100059
57,F4-e003Coalescence-mGAM-p1_S801,79,2082505,B3-e003Coalescence-mGAM-p5,100059
58,B4-e003Coalescence-mGAM-p1_S737,25,2329051,B3-e003Coalescence-mGAM-p5,100059
59,E3-e003Coalescence-mGAM-p1_S792,58,1419028,B3-e003Coalescence-mGAM-p5,100059
60,F3-e003Coalescence-mGAM-p1_S793,29,2347771,B3-e003Coalescence-mGAM-p5,100059
61,Coalescence-D1-B2-AA-ACPP-mBHI-mGAM-5_S656,17,2325618,B3-e003Coalescence-mGAM-p5,100059
62,Coalescence-B4-D3-ACPP-AF-mBHI-mGAM-7_S635,32,2332904,B3-e003Coalescence-mGAM-p5,100059
63,Coalescence-A6-B2-AA-ACPP-mBHI-mGAM-7_S625,23,2325429,B3-e003Coalescence-mGAM-p5,100059
64,Coalescence-D12-B4-ACPP-AE-mBHI-mGAM-3_S667,19,2332403,B3-e003Coalescence-mGAM-p5,100059
65,Coalescence-D7-A3-AA-ACPP-mBHI-mGAM-3_S662,33,2330889,B3-e003Coalescence-mGAM-p5,100059
66,Coalescence-B9-G3-ACPP-AE-mBHI-mGAM-7_S640,22,2299288,B3-e003Coalescence-mGAM-p5,100059
67,Coalescence-D11-B3-ACPP-ACPP-mBHI-mGAM-3_S666,22,2336011,B3-e003Coalescence-mGAM-p5,100059
68,Coalescence-A7-B3-ACPP-ACPP-mBHI-mGAM-7_S626,21,2331105,B3-e003Coalescence-mGAM-p5,100059
69,Coalescence-C5-A3-AA-ACPP-mBHI-mGAM-5_S648,28,2341229,B3-e003Coalescence-mGAM-p5,100059
70,B3-e003Assembly-mBHI-p5,130,1671938,B3-e003Coalescence-mGAM-p5,100059
71,C10-e003GlycerolRevival-mGAM-p2,9770,1999791,B3-e003Coalescence-mGAM-p5,100059
72,Assembly-G9-C9-ACPP-mGAM-3_S700,8110,1714545,B3-e003Coalescence-mGAM-p5,100059
73,Assembly-G2-B3-ACPP-mBHI-3_S693,1035,2264296,B3-e003Coalescence-mGAM-p5,100059
74,Assembly-G11-D9-ACPP-mGAM-3_S702,6890,1476979,B3-e003Coalescence-mGAM-p5,100059
75,D_F10_e003Assembly_S358,10254,2229378,B3-e003Coalescence-mGAM-p5,100059
0,A_C9_C2_AA_AE_mBHI_mBHI_4_S33,13,1160951,B3-e003Coalescence-mBHI-p5,100059
1,A_E10_A3_ACPP_AA_mBHI_mGAM_4_S58,14,2331708,B3-e003Coalescence-mBHI-p5,100059
2,A_G2_C3_ACPP_AE_mBHI_mGAM_2_S74,13,2114140,B3-e003Coalescence-mBHI-p5,100059
3,A_G10_C3_ACPP_AE_mBHI_mGAM_4_S82,14,2328389,B3-e003Coalescence-mBHI-p5,100059
4,A_H10_D3_ACPP_AF_mBHI_mGAM_4_S94,13,2339199,B3-e003Coalescence-mBHI-p5,100059
5,B_E2_E3_ACPP_AA_mBHI_mGAM_2_S146,30,2315867,B3-e003Coalescence-mBHI-p5,100059
6,B_H2_H3_ACPP_AF_mBHI_mGAM_2_S182,15,2342589,B3-e003Coalescence-mBHI-p5,100059
7,C3-e003Coalescence-mGAM-p3,6,2330633,B3-e003Coalescence-mBHI-p5,100059
8,B4-e003Coalescence-mGAM-p5,7,2297529,B3-e003Coalescence-mBHI-p5,100059
9,B5-e003Coalescence-mGAM-p5,5,2230945,B3-e003Coalescence-mBHI-p5,100059
10,C3-e003Coalescence-mGAM-p5,8,2320793,B3-e003Coalescence-mBHI-p5,100059
11,B2-e003Coalescence-mGAM-p3,10,2302020,B3-e003Coalescence-mBHI-p5,100059
12,D3-e003Coalescence-mGAM-p3,11,2304101,B3-e003Coalescence-mBHI-p5,100059
13,D3-e003Coalescence-mGAM-p5,9,2345640,B3-e003Coalescence-mBHI-p5,100059
14,A3-e003Coalescence-mGAM-p7,56,2224531,B3-e003Coalescence-mBHI-p5,100059
15,C3-e003Coalescence-mGAM-p7,3,2337093,B3-e003Coalescence-mBHI-p5,100059
16,B3-e003Coalescence-mGAM-p5,10,2323948,B3-e003Coalescence-mBHI-p5,100059
17,B3-e003Coalescence-mBHI-p5,0,1072043,B3-e003Coalescence-mBHI-p5,100059
18,B5-e003Coalescence-mGAM-p3,10,2263665,B3-e003Coalescence-mBHI-p5,100059
19,F5-e003Coalescence-mGAM-p5_S64,11,2321521,B3-e003Coalescence-mBHI-p5,100059
20,F5-e003Coalescence-mGAM-p7_S160,11,1792027,B3-e003Coalescence-mBHI-p5,100059
21,E3-e003Coalescence-mGAM-p3_S58,13,2304171,B3-e003Coalescence-mBHI-p5,100059
22,F2-e003Coalescence-mGAM-p7_S157,38,2169270,B3-e003Coalescence-mBHI-p5,100059
23,H3-e003Coalescence-mGAM-p3_S94,9,2281366,B3-e003Coalescence-mBHI-p5,100059
24,E3-e003Coalescence-mGAM-p5_S50,15,2328032,B3-e003Coalescence-mBHI-p5,100059
25,F5-e003Coalescence-mGAM-p3_S72,15,1909764,B3-e003Coalescence-mBHI-p5,100059
26,F2-e003Coalescence-mGAM-p5_S61,14,2319879,B3-e003Coalescence-mBHI-p5,100059
27,F4-e003Coalescence-mGAM-p5_S63,14,2281603,B3-e003Coalescence-mBHI-p5,100059
28,E3-e003Coalescence-mGAM-p7_S146,10,2284526,B3-e003Coalescence-mBHI-p5,100059
29,F3-e003Coalescence-mGAM-p5_S62,22,2274734,B3-e003Coalescence-mBHI-p5,100059
30,G3-e003Coalescence-mGAM-p3_S82,13,2315865,B3-e003Coalescence-mBHI-p5,100059
31,F3-e003Coalescence-mGAM-p7_S158,22,1890761,B3-e003Coalescence-mBHI-p5,100059
32,F2-e003Coalescence-mGAM-p3_S69,63,2223230,B3-e003Coalescence-mBHI-p5,100059
33,G3-e003Coalescence-mGAM-p5_S74,11,2314417,B3-e003Coalescence-mBHI-p5,100059
34,F4-e003Coalescence-mGAM-p3_S71,11,2322136,B3-e003Coalescence-mBHI-p5,100059
35,F4-e003Coalescence-mGAM-p7_S159,9,2295820,B3-e003Coalescence-mBHI-p5,100059
36,H3-e003Coalescence-mGAM-p5_S86,17,2254569,B3-e003Coalescence-mBHI-p5,100059
37,D3-e003Coalescence-Inoculumn-mBHI,5,2396095,B3-e003Coalescence-mBHI-p5,100059
38,B5-e003Coalescence-Inoculumn-mBHI,2,2350303,B3-e003Coalescence-mBHI-p5,100059
39,A3-e003Coalescence-mBHI-inoculumn-redo,29,1788568,B3-e003Coalescence-mBHI-p5,100059
40,B3-e003Coalescence-Inoculumn-mBHI,5,2381229,B3-e003Coalescence-mBHI-p5,100059
41,B2-e003Coalescence-Inoculumn-mBHI,48,2353136,B3-e003Coalescence-mBHI-p5,100059
42,C3-e003Coalescence-mBHI-inoculumn-redo,30,2362051,B3-e003Coalescence-mBHI-p5,100059
43,B4-e003Coalescence-Inoculumn-mBHI,75,2359806,B3-e003Coalescence-mBHI-p5,100059
44,B3-e003Coalescence-mGAM-p1_S729,19,2342364,B3-e003Coalescence-mBHI-p5,100059
45,B5-e003Coalescence-mGAM-p1_S745,49,1357308,B3-e003Coalescence-mBHI-p5,100059
46,D3-e003Coalescence-mGAM-p1_S731,39,2257246,B3-e003Coalescence-mBHI-p5,100059
47,G3-e003Coalescence-mBHI-p1_S790,13,1758065,B3-e003Coalescence-mBHI-p5,100059
48,A3-e003Coalescence-mGAM-p1_S728,100,1780223,B3-e003Coalescence-mBHI-p5,100059
49,B3-e003Coalescence-mBHI-p1_S725,16,2066919,B3-e003Coalescence-mBHI-p5,100059
50,C3-e003Coalescence-mGAM-p1_S730,42,1716039,B3-e003Coalescence-mBHI-p5,100059
51,F3-e003Coalescence-mBHI-p1_S789,12,1571983,B3-e003Coalescence-mBHI-p5,100059
52,B4-e003Coalescence-mBHI-p1_S733,14,1656166,B3-e003Coalescence-mBHI-p5,100059
53,F2-e003Coalescence-mGAM-p1_S785,142,2169203,B3-e003Coalescence-mBHI-p5,100059
54,F5-e003Coalescence-mGAM-p1_S809,30,2299166,B3-e003Coalescence-mBHI-p5,100059
55,G3-e003Coalescence-mGAM-p1_S794,30,1549647,B3-e003Coalescence-mBHI-p5,100059
56,C3-e003Coalescence-mBHI-p1_S726,9,1814974,B3-e003Coalescence-mBHI-p5,100059
57,F4-e003Coalescence-mGAM-p1_S801,43,2082505,B3-e003Coalescence-mBHI-p5,100059
58,B4-e003Coalescence-mGAM-p1_S737,15,2329051,B3-e003Coalescence-mBHI-p5,100059
59,E3-e003Coalescence-mGAM-p1_S792,114,1419028,B3-e003Coalescence-mBHI-p5,100059
60,F3-e003Coalescence-mGAM-p1_S793,18,2347771,B3-e003Coalescence-mBHI-p5,100059
61,Coalescence-D1-B2-AA-ACPP-mBHI-mGAM-5_S656,14,2325618,B3-e003Coalescence-mBHI-p5,100059
62,Coalescence-B4-D3-ACPP-AF-mBHI-mGAM-7_S635,16,2332904,B3-e003Coalescence-mBHI-p5,100059
63,Coalescence-A6-B2-AA-ACPP-mBHI-mGAM-7_S625,13,2325429,B3-e003Coalescence-mBHI-p5,100059
64,Coalescence-D12-B4-ACPP-AE-mBHI-mGAM-3_S667,13,2332403,B3-e003Coalescence-mBHI-p5,100059
65,Coalescence-D7-A3-AA-ACPP-mBHI-mGAM-3_S662,17,2330889,B3-e003Coalescence-mBHI-p5,100059
66,Coalescence-B9-G3-ACPP-AE-mBHI-mGAM-7_S640,14,2299288,B3-e003Coalescence-mBHI-p5,100059
67,Coalescence-D11-B3-ACPP-ACPP-mBHI-mGAM-3_S666,14,2336011,B3-e003Coalescence-mBHI-p5,100059
68,Coalescence-A7-B3-ACPP-ACPP-mBHI-mGAM-7_S626,15,2331105,B3-e003Coalescence-mBHI-p5,100059
69,Coalescence-C5-A3-AA-ACPP-mBHI-mGAM-5_S648,15,2341229,B3-e003Coalescence-mBHI-p5,100059
70,B3-e003Assembly-mBHI-p5,72,1671938,B3-e003Coalescence-mBHI-p5,100059
71,C10-e003GlycerolRevival-mGAM-p2,4638,1999791,B3-e003Coalescence-mBHI-p5,100059
72,Assembly-G9-C9-ACPP-mGAM-3_S700,3975,1714545,B3-e003Coalescence-mBHI-p5,100059
73,Assembly-G2-B3-ACPP-mBHI-3_S693,469,2264296,B3-e003Coalescence-mBHI-p5,100059
74,Assembly-G11-D9-ACPP-mGAM-3_S702,3236,1476979,B3-e003Coalescence-mBHI-p5,100059
75,D_F10_e003Assembly_S358,4847,2229378,B3-e003Coalescence-mBHI-p5,100059
0,A_C9_C2_AA_AE_mBHI_mBHI_4_S33,27,1160951,B5-e003Coalescence-mGAM-p3,100059
1,A_E10_A3_ACPP_AA_mBHI_mGAM_4_S58,10,2331708,B5-e003Coalescence-mGAM-p3,100059
2,A_G2_C3_ACPP_AE_mBHI_mGAM_2_S74,15,2114140,B5-e003Coalescence-mGAM-p3,100059
3,A_G10_C3_ACPP_AE_mBHI_mGAM_4_S82,10,2328389,B5-e003Coalescence-mGAM-p3,100059
4,A_H10_D3_ACPP_AF_mBHI_mGAM_4_S94,10,2339199,B5-e003Coalescence-mGAM-p3,100059
5,B_E2_E3_ACPP_AA_mBHI_mGAM_2_S146,21,2315867,B5-e003Coalescence-mGAM-p3,100059
6,B_H2_H3_ACPP_AF_mBHI_mGAM_2_S182,10,2342589,B5-e003Coalescence-mGAM-p3,100059
7,C3-e003Coalescence-mGAM-p3,2,2330633,B5-e003Coalescence-mGAM-p3,100059
8,B4-e003Coalescence-mGAM-p5,0,2297529,B5-e003Coalescence-mGAM-p3,100059
9,B5-e003Coalescence-mGAM-p5,4,2230945,B5-e003Coalescence-mGAM-p3,100059
10,C3-e003Coalescence-mGAM-p5,1,2320793,B5-e003Coalescence-mGAM-p3,100059
11,B2-e003Coalescence-mGAM-p3,5,2302020,B5-e003Coalescence-mGAM-p3,100059
12,D3-e003Coalescence-mGAM-p3,3,2304101,B5-e003Coalescence-mGAM-p3,100059
13,D3-e003Coalescence-mGAM-p5,2,2345640,B5-e003Coalescence-mGAM-p3,100059
14,A3-e003Coalescence-mGAM-p7,93,2224531,B5-e003Coalescence-mGAM-p3,100059
15,C3-e003Coalescence-mGAM-p7,2,2337093,B5-e003Coalescence-mGAM-p3,100059
16,B3-e003Coalescence-mGAM-p5,2,2323948,B5-e003Coalescence-mGAM-p3,100059
17,B3-e003Coalescence-mBHI-p5,10,1072043,B5-e003Coalescence-mGAM-p3,100059
18,B5-e003Coalescence-mGAM-p3,0,2263665,B5-e003Coalescence-mGAM-p3,100059
19,F5-e003Coalescence-mGAM-p5_S64,9,2321521,B5-e003Coalescence-mGAM-p3,100059
20,F5-e003Coalescence-mGAM-p7_S160,10,1792027,B5-e003Coalescence-mGAM-p3,100059
21,E3-e003Coalescence-mGAM-p3_S58,11,2304171,B5-e003Coalescence-mGAM-p3,100059
22,F2-e003Coalescence-mGAM-p7_S157,25,2169270,B5-e003Coalescence-mGAM-p3,100059
23,H3-e003Coalescence-mGAM-p3_S94,11,2281366,B5-e003Coalescence-mGAM-p3,100059
24,E3-e003Coalescence-mGAM-p5_S50,12,2328032,B5-e003Coalescence-mGAM-p3,100059
25,F5-e003Coalescence-mGAM-p3_S72,9,1909764,B5-e003Coalescence-mGAM-p3,100059
26,F2-e003Coalescence-mGAM-p5_S61,10,2319879,B5-e003Coalescence-mGAM-p3,100059
27,F4-e003Coalescence-mGAM-p5_S63,6,2281603,B5-e003Coalescence-mGAM-p3,100059
28,E3-e003Coalescence-mGAM-p7_S146,12,2284526,B5-e003Coalescence-mGAM-p3,100059
29,F3-e003Coalescence-mGAM-p5_S62,9,2274734,B5-e003Coalescence-mGAM-p3,100059
30,G3-e003Coalescence-mGAM-p3_S82,10,2315865,B5-e003Coalescence-mGAM-p3,100059
31,F3-e003Coalescence-mGAM-p7_S158,31,1890761,B5-e003Coalescence-mGAM-p3,100059
32,F2-e003Coalescence-mGAM-p3_S69,115,2223230,B5-e003Coalescence-mGAM-p3,100059
33,G3-e003Coalescence-mGAM-p5_S74,7,2314417,B5-e003Coalescence-mGAM-p3,100059
34,F4-e003Coalescence-mGAM-p3_S71,9,2322136,B5-e003Coalescence-mGAM-p3,100059
35,F4-e003Coalescence-mGAM-p7_S159,10,2295820,B5-e003Coalescence-mGAM-p3,100059
36,H3-e003Coalescence-mGAM-p5_S86,15,2254569,B5-e003Coalescence-mGAM-p3,100059
37,D3-e003Coalescence-Inoculumn-mBHI,2,2396095,B5-e003Coalescence-mGAM-p3,100059
38,B5-e003Coalescence-Inoculumn-mBHI,2,2350303,B5-e003Coalescence-mGAM-p3,100059
39,A3-e003Coalescence-mBHI-inoculumn-redo,2,1788568,B5-e003Coalescence-mGAM-p3,100059
40,B3-e003Coalescence-Inoculumn-mBHI,2,2381229,B5-e003Coalescence-mGAM-p3,100059
41,B2-e003Coalescence-Inoculumn-mBHI,2,2353136,B5-e003Coalescence-mGAM-p3,100059
42,C3-e003Coalescence-mBHI-inoculumn-redo,4,2362051,B5-e003Coalescence-mGAM-p3,100059
43,B4-e003Coalescence-Inoculumn-mBHI,10,2359806,B5-e003Coalescence-mGAM-p3,100059
44,B3-e003Coalescence-mGAM-p1_S729,13,2342364,B5-e003Coalescence-mGAM-p3,100059
45,B5-e003Coalescence-mGAM-p1_S745,55,1357308,B5-e003Coalescence-mGAM-p3,100059
46,D3-e003Coalescence-mGAM-p1_S731,29,2257246,B5-e003Coalescence-mGAM-p3,100059
47,G3-e003Coalescence-mBHI-p1_S790,5,1758065,B5-e003Coalescence-mGAM-p3,100059
48,A3-e003Coalescence-mGAM-p1_S728,54,1780223,B5-e003Coalescence-mGAM-p3,100059
49,B3-e003Coalescence-mBHI-p1_S725,7,2066919,B5-e003Coalescence-mGAM-p3,100059
50,C3-e003Coalescence-mGAM-p1_S730,44,1716039,B5-e003Coalescence-mGAM-p3,100059
51,F3-e003Coalescence-mBHI-p1_S789,9,1571983,B5-e003Coalescence-mGAM-p3,100059
52,B4-e003Coalescence-mBHI-p1_S733,22,1656166,B5-e003Coalescence-mGAM-p3,100059
53,F2-e003Coalescence-mGAM-p1_S785,24,2169203,B5-e003Coalescence-mGAM-p3,100059
54,F5-e003Coalescence-mGAM-p1_S809,22,2299166,B5-e003Coalescence-mGAM-p3,100059
55,G3-e003Coalescence-mGAM-p1_S794,40,1549647,B5-e003Coalescence-mGAM-p3,100059
56,C3-e003Coalescence-mBHI-p1_S726,16,1814974,B5-e003Coalescence-mGAM-p3,100059
57,F4-e003Coalescence-mGAM-p1_S801,48,2082505,B5-e003Coalescence-mGAM-p3,100059
58,B4-e003Coalescence-mGAM-p1_S737,12,2329051,B5-e003Coalescence-mGAM-p3,100059
59,E3-e003Coalescence-mGAM-p1_S792,53,1419028,B5-e003Coalescence-mGAM-p3,100059
60,F3-e003Coalescence-mGAM-p1_S793,11,2347771,B5-e003Coalescence-mGAM-p3,100059
61,Coalescence-D1-B2-AA-ACPP-mBHI-mGAM-5_S656,11,2325618,B5-e003Coalescence-mGAM-p3,100059
62,Coalescence-B4-D3-ACPP-AF-mBHI-mGAM-7_S635,9,2332904,B5-e003Coalescence-mGAM-p3,100059
63,Coalescence-A6-B2-AA-ACPP-mBHI-mGAM-7_S625,9,2325429,B5-e003Coalescence-mGAM-p3,100059
64,Coalescence-D12-B4-ACPP-AE-mBHI-mGAM-3_S667,10,2332403,B5-e003Coalescence-mGAM-p3,100059
65,Coalescence-D7-A3-AA-ACPP-mBHI-mGAM-3_S662,13,2330889,B5-e003Coalescence-mGAM-p3,100059
66,Coalescence-B9-G3-ACPP-AE-mBHI-mGAM-7_S640,10,2299288,B5-e003Coalescence-mGAM-p3,100059
67,Coalescence-D11-B3-ACPP-ACPP-mBHI-mGAM-3_S666,10,2336011,B5-e003Coalescence-mGAM-p3,100059
68,Coalescence-A7-B3-ACPP-ACPP-mBHI-mGAM-7_S626,9,2331105,B5-e003Coalescence-mGAM-p3,100059
69,Coalescence-C5-A3-AA-ACPP-mBHI-mGAM-5_S648,15,2341229,B5-e003Coalescence-mGAM-p3,100059
70,B3-e003Assembly-mBHI-p5,111,1671938,B5-e003Coalescence-mGAM-p3,100059
71,C10-e003GlycerolRevival-mGAM-p2,7890,1999791,B5-e003Coalescence-mGAM-p3,100059
72,Assembly-G9-C9-ACPP-mGAM-3_S700,6483,1714545,B5-e003Coalescence-mGAM-p3,100059
73,Assembly-G2-B3-ACPP-mBHI-3_S693,777,2264296,B5-e003Coalescence-mGAM-p3,100059
74,Assembly-G11-D9-ACPP-mGAM-3_S702,5500,1476979,B5-e003Coalescence-mGAM-p3,100059
75,D_F10_e003Assembly_S358,8216,2229378,B5-e003Coalescence-mGAM-p3,100059
0,A_C9_C2_AA_AE_mBHI_mBHI_4_S33,25,1160951,F5-e003Coalescence-mGAM-p5_S64,100059
1,A_E10_A3_ACPP_AA_mBHI_mGAM_4_S58,0,2331708,F5-e003Coalescence-mGAM-p5_S64,100059
2,A_G2_C3_ACPP_AE_mBHI_mGAM_2_S74,14,2114140,F5-e003Coalescence-mGAM-p5_S64,100059
3,A_G10_C3_ACPP_AE_mBHI_mGAM_4_S82,0,2328389,F5-e003Coalescence-mGAM-p5_S64,100059
4,A_H10_D3_ACPP_AF_mBHI_mGAM_4_S94,0,2339199,F5-e003Coalescence-mGAM-p5_S64,100059
5,B_E2_E3_ACPP_AA_mBHI_mGAM_2_S146,9,2315867,F5-e003Coalescence-mGAM-p5_S64,100059
6,B_H2_H3_ACPP_AF_mBHI_mGAM_2_S182,0,2342589,F5-e003Coalescence-mGAM-p5_S64,100059
7,C3-e003Coalescence-mGAM-p3,13,2330633,F5-e003Coalescence-mGAM-p5_S64,100059
8,B4-e003Coalescence-mGAM-p5,11,2297529,F5-e003Coalescence-mGAM-p5_S64,100059
9,B5-e003Coalescence-mGAM-p5,9,2230945,F5-e003Coalescence-mGAM-p5_S64,100059
10,C3-e003Coalescence-mGAM-p5,14,2320793,F5-e003Coalescence-mGAM-p5_S64,100059
11,B2-e003Coalescence-mGAM-p3,10,2302020,F5-e003Coalescence-mGAM-p5_S64,100059
12,D3-e003Coalescence-mGAM-p3,11,2304101,F5-e003Coalescence-mGAM-p5_S64,100059
13,D3-e003Coalescence-mGAM-p5,17,2345640,F5-e003Coalescence-mGAM-p5_S64,100059
14,A3-e003Coalescence-mGAM-p7,143,2224531,F5-e003Coalescence-mGAM-p5_S64,100059
15,C3-e003Coalescence-mGAM-p7,16,2337093,F5-e003Coalescence-mGAM-p5_S64,100059
16,B3-e003Coalescence-mGAM-p5,14,2323948,F5-e003Coalescence-mGAM-p5_S64,100059
17,B3-e003Coalescence-mBHI-p5,11,1072043,F5-e003Coalescence-mGAM-p5_S64,100059
18,B5-e003Coalescence-mGAM-p3,9,2263665,F5-e003Coalescence-mGAM-p5_S64,100059
19,F5-e003Coalescence-mGAM-p5_S64,0,2321521,F5-e003Coalescence-mGAM-p5_S64,100059
20,F5-e003Coalescence-mGAM-p7_S160,8,1792027,F5-e003Coalescence-mGAM-p5_S64,100059
21,E3-e003Coalescence-mGAM-p3_S58,1,2304171,F5-e003Coalescence-mGAM-p5_S64,100059
22,F2-e003Coalescence-mGAM-p7_S157,27,2169270,F5-e003Coalescence-mGAM-p5_S64,100059
23,H3-e003Coalescence-mGAM-p3_S94,1,2281366,F5-e003Coalescence-mGAM-p5_S64,100059
24,E3-e003Coalescence-mGAM-p5_S50,0,2328032,F5-e003Coalescence-mGAM-p5_S64,100059
25,F5-e003Coalescence-mGAM-p3_S72,8,1909764,F5-e003Coalescence-mGAM-p5_S64,100059
26,F2-e003Coalescence-mGAM-p5_S61,1,2319879,F5-e003Coalescence-mGAM-p5_S64,100059
27,F4-e003Coalescence-mGAM-p5_S63,0,2281603,F5-e003Coalescence-mGAM-p5_S64,100059
28,E3-e003Coalescence-mGAM-p7_S146,1,2284526,F5-e003Coalescence-mGAM-p5_S64,100059
29,F3-e003Coalescence-mGAM-p5_S62,0,2274734,F5-e003Coalescence-mGAM-p5_S64,100059
30,G3-e003Coalescence-mGAM-p3_S82,0,2315865,F5-e003Coalescence-mGAM-p5_S64,100059
31,F3-e003Coalescence-mGAM-p7_S158,25,1890761,F5-e003Coalescence-mGAM-p5_S64,100059
32,F2-e003Coalescence-mGAM-p3_S69,143,2223230,F5-e003Coalescence-mGAM-p5_S64,100059
33,G3-e003Coalescence-mGAM-p5_S74,0,2314417,F5-e003Coalescence-mGAM-p5_S64,100059
34,F4-e003Coalescence-mGAM-p3_S71,0,2322136,F5-e003Coalescence-mGAM-p5_S64,100059
35,F4-e003Coalescence-mGAM-p7_S159,0,2295820,F5-e003Coalescence-mGAM-p5_S64,100059
36,H3-e003Coalescence-mGAM-p5_S86,7,2254569,F5-e003Coalescence-mGAM-p5_S64,100059
37,D3-e003Coalescence-Inoculumn-mBHI,17,2396095,F5-e003Coalescence-mGAM-p5_S64,100059
38,B5-e003Coalescence-Inoculumn-mBHI,15,2350303,F5-e003Coalescence-mGAM-p5_S64,100059
39,A3-e003Coalescence-mBHI-inoculumn-redo,11,1788568,F5-e003Coalescence-mGAM-p5_S64,100059
40,B3-e003Coalescence-Inoculumn-mBHI,15,2381229,F5-e003Coalescence-mGAM-p5_S64,100059
41,B2-e003Coalescence-Inoculumn-mBHI,17,2353136,F5-e003Coalescence-mGAM-p5_S64,100059
42,C3-e003Coalescence-mBHI-inoculumn-redo,23,2362051,F5-e003Coalescence-mGAM-p5_S64,100059
43,B4-e003Coalescence-Inoculumn-mBHI,18,2359806,F5-e003Coalescence-mGAM-p5_S64,100059
44,B3-e003Coalescence-mGAM-p1_S729,2,2342364,F5-e003Coalescence-mGAM-p5_S64,100059
45,B5-e003Coalescence-mGAM-p1_S745,82,1357308,F5-e003Coalescence-mGAM-p5_S64,100059
46,D3-e003Coalescence-mGAM-p1_S731,35,2257246,F5-e003Coalescence-mGAM-p5_S64,100059
47,G3-e003Coalescence-mBHI-p1_S790,4,1758065,F5-e003Coalescence-mGAM-p5_S64,100059
48,A3-e003Coalescence-mGAM-p1_S728,51,1780223,F5-e003Coalescence-mGAM-p5_S64,100059
49,B3-e003Coalescence-mBHI-p1_S725,3,2066919,F5-e003Coalescence-mGAM-p5_S64,100059
50,C3-e003Coalescence-mGAM-p1_S730,56,1716039,F5-e003Coalescence-mGAM-p5_S64,100059
51,F3-e003Coalescence-mBHI-p1_S789,4,1571983,F5-e003Coalescence-mGAM-p5_S64,100059
52,B4-e003Coalescence-mBHI-p1_S733,18,1656166,F5-e003Coalescence-mGAM-p5_S64,100059
53,F2-e003Coalescence-mGAM-p1_S785,21,2169203,F5-e003Coalescence-mGAM-p5_S64,100059
54,F5-e003Coalescence-mGAM-p1_S809,23,2299166,F5-e003Coalescence-mGAM-p5_S64,100059
55,G3-e003Coalescence-mGAM-p1_S794,64,1549647,F5-e003Coalescence-mGAM-p5_S64,100059
56,C3-e003Coalescence-mBHI-p1_S726,12,1814974,F5-e003Coalescence-mGAM-p5_S64,100059
57,F4-e003Coalescence-mGAM-p1_S801,56,2082505,F5-e003Coalescence-mGAM-p5_S64,100059
58,B4-e003Coalescence-mGAM-p1_S737,9,2329051,F5-e003Coalescence-mGAM-p5_S64,100059
59,E3-e003Coalescence-mGAM-p1_S792,54,1419028,F5-e003Coalescence-mGAM-p5_S64,100059
60,F3-e003Coalescence-mGAM-p1_S793,9,2347771,F5-e003Coalescence-mGAM-p5_S64,100059
61,Coalescence-D1-B2-AA-ACPP-mBHI-mGAM-5_S656,0,2325618,F5-e003Coalescence-mGAM-p5_S64,100059
62,Coalescence-B4-D3-ACPP-AF-mBHI-mGAM-7_S635,2,2332904,F5-e003Coalescence-mGAM-p5_S64,100059
63,Coalescence-A6-B2-AA-ACPP-mBHI-mGAM-7_S625,1,2325429,F5-e003Coalescence-mGAM-p5_S64,100059
64,Coalescence-D12-B4-ACPP-AE-mBHI-mGAM-3_S667,0,2332403,F5-e003Coalescence-mGAM-p5_S64,100059
65,Coalescence-D7-A3-AA-ACPP-mBHI-mGAM-3_S662,2,2330889,F5-e003Coalescence-mGAM-p5_S64,100059
66,Coalescence-B9-G3-ACPP-AE-mBHI-mGAM-7_S640,0,2299288,F5-e003Coalescence-mGAM-p5_S64,100059
67,Coalescence-D11-B3-ACPP-ACPP-mBHI-mGAM-3_S666,0,2336011,F5-e003Coalescence-mGAM-p5_S64,100059
68,Coalescence-A7-B3-ACPP-ACPP-mBHI-mGAM-7_S626,2,2331105,F5-e003Coalescence-mGAM-p5_S64,100059
69,Coalescence-C5-A3-AA-ACPP-mBHI-mGAM-5_S648,0,2341229,F5-e003Coalescence-mGAM-p5_S64,100059
70,B3-e003Assembly-mBHI-p5,148,1671938,F5-e003Coalescence-mGAM-p5_S64,100059
71,C10-e003GlycerolRevival-mGAM-p2,10763,1999791,F5-e003Coalescence-mGAM-p5_S64,100059
72,Assembly-G9-C9-ACPP-mGAM-3_S700,8867,1714545,F5-e003Coalescence-mGAM-p5_S64,100059
73,Assembly-G2-B3-ACPP-mBHI-3_S693,1100,2264296,F5-e003Coalescence-mGAM-p5_S64,100059
74,Assembly-G11-D9-ACPP-mGAM-3_S702,7562,1476979,F5-e003Coalescence-mGAM-p5_S64,100059
75,D_F10_e003Assembly_S358,11252,2229378,F5-e003Coalescence-mGAM-p5_S64,100059
0,A_C9_C2_AA_AE_mBHI_mBHI_4_S33,13,1160951,F5-e003Coalescence-mGAM-p7_S160,100059
1,A_E10_A3_ACPP_AA_mBHI_mGAM_4_S58,8,2331708,F5-e003Coalescence-mGAM-p7_S160,100059
2,A_G2_C3_ACPP_AE_mBHI_mGAM_2_S74,16,2114140,F5-e003Coalescence-mGAM-p7_S160,100059
3,A_G10_C3_ACPP_AE_mBHI_mGAM_4_S82,8,2328389,F5-e003Coalescence-mGAM-p7_S160,100059
4,A_H10_D3_ACPP_AF_mBHI_mGAM_4_S94,6,2339199,F5-e003Coalescence-mGAM-p7_S160,100059
5,B_E2_E3_ACPP_AA_mBHI_mGAM_2_S146,14,2315867,F5-e003Coalescence-mGAM-p7_S160,100059
6,B_H2_H3_ACPP_AF_mBHI_mGAM_2_S182,7,2342589,F5-e003Coalescence-mGAM-p7_S160,100059
7,C3-e003Coalescence-mGAM-p3,15,2330633,F5-e003Coalescence-mGAM-p7_S160,100059
8,B4-e003Coalescence-mGAM-p5,16,2297529,F5-e003Coalescence-mGAM-p7_S160,100059
9,B5-e003Coalescence-mGAM-p5,13,2230945,F5-e003Coalescence-mGAM-p7_S160,100059
10,C3-e003Coalescence-mGAM-p5,12,2320793,F5-e003Coalescence-mGAM-p7_S160,100059
11,B2-e003Coalescence-mGAM-p3,14,2302020,F5-e003Coalescence-mGAM-p7_S160,100059
12,D3-e003Coalescence-mGAM-p3,14,2304101,F5-e003Coalescence-mGAM-p7_S160,100059
13,D3-e003Coalescence-mGAM-p5,15,2345640,F5-e003Coalescence-mGAM-p7_S160,100059
14,A3-e003Coalescence-mGAM-p7,87,2224531,F5-e003Coalescence-mGAM-p7_S160,100059
15,C3-e003Coalescence-mGAM-p7,14,2337093,F5-e003Coalescence-mGAM-p7_S160,100059
16,B3-e003Coalescence-mGAM-p5,10,2323948,F5-e003Coalescence-mGAM-p7_S160,100059
17,B3-e003Coalescence-mBHI-p5,11,1072043,F5-e003Coalescence-mGAM-p7_S160,100059
18,B5-e003Coalescence-mGAM-p3,10,2263665,F5-e003Coalescence-mGAM-p7_S160,100059
19,F5-e003Coalescence-mGAM-p5_S64,8,2321521,F5-e003Coalescence-mGAM-p7_S160,100059
20,F5-e003Coalescence-mGAM-p7_S160,0,1792027,F5-e003Coalescence-mGAM-p7_S160,100059
21,E3-e003Coalescence-mGAM-p3_S58,14,2304171,F5-e003Coalescence-mGAM-p7_S160,100059
22,F2-e003Coalescence-mGAM-p7_S157,39,2169270,F5-e003Coalescence-mGAM-p7_S160,100059
23,H3-e003Coalescence-mGAM-p3_S94,9,2281366,F5-e003Coalescence-mGAM-p7_S160,100059
24,E3-e003Coalescence-mGAM-p5_S50,9,2328032,F5-e003Coalescence-mGAM-p7_S160,100059
25,F5-e003Coalescence-mGAM-p3_S72,6,1909764,F5-e003Coalescence-mGAM-p7_S160,100059
26,F2-e003Coalescence-mGAM-p5_S61,11,2319879,F5-e003Coalescence-mGAM-p7_S160,100059
27,F4-e003Coalescence-mGAM-p5_S63,9,2281603,F5-e003Coalescence-mGAM-p7_S160,100059
28,E3-e003Coalescence-mGAM-p7_S146,11,2284526,F5-e003Coalescence-mGAM-p7_S160,100059
29,F3-e003Coalescence-mGAM-p5_S62,11,2274734,F5-e003Coalescence-mGAM-p7_S160,100059
30,G3-e003Coalescence-mGAM-p3_S82,8,2315865,F5-e003Coalescence-mGAM-p7_S160,100059
31,F3-e003Coalescence-mGAM-p7_S158,20,1890761,F5-e003Coalescence-mGAM-p7_S160,100059
32,F2-e003Coalescence-mGAM-p3_S69,88,2223230,F5-e003Coalescence-mGAM-p7_S160,100059
33,G3-e003Coalescence-mGAM-p5_S74,7,2314417,F5-e003Coalescence-mGAM-p7_S160,100059
34,F4-e003Coalescence-mGAM-p3_S71,8,2322136,F5-e003Coalescence-mGAM-p7_S160,100059
35,F4-e003Coalescence-mGAM-p7_S159,10,2295820,F5-e003Coalescence-mGAM-p7_S160,100059
36,H3-e003Coalescence-mGAM-p5_S86,5,2254569,F5-e003Coalescence-mGAM-p7_S160,100059
37,D3-e003Coalescence-Inoculumn-mBHI,15,2396095,F5-e003Coalescence-mGAM-p7_S160,100059
38,B5-e003Coalescence-Inoculumn-mBHI,16,2350303,F5-e003Coalescence-mGAM-p7_S160,100059
39,A3-e003Coalescence-mBHI-inoculumn-redo,28,1788568,F5-e003Coalescence-mGAM-p7_S160,100059
40,B3-e003Coalescence-Inoculumn-mBHI,16,2381229,F5-e003Coalescence-mGAM-p7_S160,100059
41,B2-e003Coalescence-Inoculumn-mBHI,47,2353136,F5-e003Coalescence-mGAM-p7_S160,100059
42,C3-e003Coalescence-mBHI-inoculumn-redo,42,2362051,F5-e003Coalescence-mGAM-p7_S160,100059
43,B4-e003Coalescence-Inoculumn-mBHI,52,2359806,F5-e003Coalescence-mGAM-p7_S160,100059
44,B3-e003Coalescence-mGAM-p1_S729,8,2342364,F5-e003Coalescence-mGAM-p7_S160,100059
45,B5-e003Coalescence-mGAM-p1_S745,45,1357308,F5-e003Coalescence-mGAM-p7_S160,100059
46,D3-e003Coalescence-mGAM-p1_S731,30,2257246,F5-e003Coalescence-mGAM-p7_S160,100059
47,G3-e003Coalescence-mBHI-p1_S790,8,1758065,F5-e003Coalescence-mGAM-p7_S160,100059
48,A3-e003Coalescence-mGAM-p1_S728,103,1780223,F5-e003Coalescence-mGAM-p7_S160,100059
49,B3-e003Coalescence-mBHI-p1_S725,11,2066919,F5-e003Coalescence-mGAM-p7_S160,100059
50,C3-e003Coalescence-mGAM-p1_S730,22,1716039,F5-e003Coalescence-mGAM-p7_S160,100059
51,F3-e003Coalescence-mBHI-p1_S789,7,1571983,F5-e003Coalescence-mGAM-p7_S160,100059
52,B4-e003Coalescence-mBHI-p1_S733,11,1656166,F5-e003Coalescence-mGAM-p7_S160,100059
53,F2-e003Coalescence-mGAM-p1_S785,105,2169203,F5-e003Coalescence-mGAM-p7_S160,100059
54,F5-e003Coalescence-mGAM-p1_S809,13,2299166,F5-e003Coalescence-mGAM-p7_S160,100059
55,G3-e003Coalescence-mGAM-p1_S794,43,1549647,F5-e003Coalescence-mGAM-p7_S160,100059
56,C3-e003Coalescence-mBHI-p1_S726,10,1814974,F5-e003Coalescence-mGAM-p7_S160,100059
57,F4-e003Coalescence-mGAM-p1_S801,31,2082505,F5-e003Coalescence-mGAM-p7_S160,100059
58,B4-e003Coalescence-mGAM-p1_S737,6,2329051,F5-e003Coalescence-mGAM-p7_S160,100059
59,E3-e003Coalescence-mGAM-p1_S792,111,1419028,F5-e003Coalescence-mGAM-p7_S160,100059
60,F3-e003Coalescence-mGAM-p1_S793,15,2347771,F5-e003Coalescence-mGAM-p7_S160,100059
61,Coalescence-D1-B2-AA-ACPP-mBHI-mGAM-5_S656,10,2325618,F5-e003Coalescence-mGAM-p7_S160,100059
62,Coalescence-B4-D3-ACPP-AF-mBHI-mGAM-7_S635,4,2332904,F5-e003Coalescence-mGAM-p7_S160,100059
63,Coalescence-A6-B2-AA-ACPP-mBHI-mGAM-7_S625,6,2325429,F5-e003Coalescence-mGAM-p7_S160,100059
64,Coalescence-D12-B4-ACPP-AE-mBHI-mGAM-3_S667,8,2332403,F5-e003Coalescence-mGAM-p7_S160,100059
65,Coalescence-D7-A3-AA-ACPP-mBHI-mGAM-3_S662,6,2330889,F5-e003Coalescence-mGAM-p7_S160,100059
66,Coalescence-B9-G3-ACPP-AE-mBHI-mGAM-7_S640,7,2299288,F5-e003Coalescence-mGAM-p7_S160,100059
67,Coalescence-D11-B3-ACPP-ACPP-mBHI-mGAM-3_S666,8,2336011,F5-e003Coalescence-mGAM-p7_S160,100059
68,Coalescence-A7-B3-ACPP-ACPP-mBHI-mGAM-7_S626,7,2331105,F5-e003Coalescence-mGAM-p7_S160,100059
69,Coalescence-C5-A3-AA-ACPP-mBHI-mGAM-5_S648,13,2341229,F5-e003Coalescence-mGAM-p7_S160,100059
70,B3-e003Assembly-mBHI-p5,89,1671938,F5-e003Coalescence-mGAM-p7_S160,100059
71,C10-e003GlycerolRevival-mGAM-p2,6241,1999791,F5-e003Coalescence-mGAM-p7_S160,100059
72,Assembly-G9-C9-ACPP-mGAM-3_S700,5226,1714545,F5-e003Coalescence-mGAM-p7_S160,100059
73,Assembly-G2-B3-ACPP-mBHI-3_S693,612,2264296,F5-e003Coalescence-mGAM-p7_S160,100059
74,Assembly-G11-D9-ACPP-mGAM-3_S702,4381,1476979,F5-e003Coalescence-mGAM-p7_S160,100059
75,D_F10_e003Assembly_S358,6482,2229378,F5-e003Coalescence-mGAM-p7_S160,100059
0,A_C9_C2_AA_AE_mBHI_mBHI_4_S33,24,1160951,E3-e003Coalescence-mGAM-p3_S58,100059
1,A_E10_A3_ACPP_AA_mBHI_mGAM_4_S58,1,2331708,E3-e003Coalescence-mGAM-p3_S58,100059
2,A_G2_C3_ACPP_AE_mBHI_mGAM_2_S74,10,2114140,E3-e003Coalescence-mGAM-p3_S58,100059
3,A_G10_C3_ACPP_AE_mBHI_mGAM_4_S82,0,2328389,E3-e003Coalescence-mGAM-p3_S58,100059
4,A_H10_D3_ACPP_AF_mBHI_mGAM_4_S94,3,2339199,E3-e003Coalescence-mGAM-p3_S58,100059
5,B_E2_E3_ACPP_AA_mBHI_mGAM_2_S146,6,2315867,E3-e003Coalescence-mGAM-p3_S58,100059
6,B_H2_H3_ACPP_AF_mBHI_mGAM_2_S182,2,2342589,E3-e003Coalescence-mGAM-p3_S58,100059
7,C3-e003Coalescence-mGAM-p3,17,2330633,E3-e003Coalescence-mGAM-p3_S58,100059
8,B4-e003Coalescence-mGAM-p5,11,2297529,E3-e003Coalescence-mGAM-p3_S58,100059
9,B5-e003Coalescence-mGAM-p5,17,2230945,E3-e003Coalescence-mGAM-p3_S58,100059
10,C3-e003Coalescence-mGAM-p5,14,2320793,E3-e003Coalescence-mGAM-p3_S58,100059
11,B2-e003Coalescence-mGAM-p3,7,2302020,E3-e003Coalescence-mGAM-p3_S58,100059
12,D3-e003Coalescence-mGAM-p3,15,2304101,E3-e003Coalescence-mGAM-p3_S58,100059
13,D3-e003Coalescence-mGAM-p5,16,2345640,E3-e003Coalescence-mGAM-p3_S58,100059
14,A3-e003Coalescence-mGAM-p7,97,2224531,E3-e003Coalescence-mGAM-p3_S58,100059
15,C3-e003Coalescence-mGAM-p7,18,2337093,E3-e003Coalescence-mGAM-p3_S58,100059
16,B3-e003Coalescence-mGAM-p5,13,2323948,E3-e003Coalescence-mGAM-p3_S58,100059
17,B3-e003Coalescence-mBHI-p5,13,1072043,E3-e003Coalescence-mGAM-p3_S58,100059
18,B5-e003Coalescence-mGAM-p3,11,2263665,E3-e003Coalescence-mGAM-p3_S58,100059
19,F5-e003Coalescence-mGAM-p5_S64,1,2321521,E3-e003Coalescence-mGAM-p3_S58,100059
20,F5-e003Coalescence-mGAM-p7_S160,14,1792027,E3-e003Coalescence-mGAM-p3_S58,100059
21,E3-e003Coalescence-mGAM-p3_S58,0,2304171,E3-e003Coalescence-mGAM-p3_S58,100059
22,F2-e003Coalescence-mGAM-p7_S157,14,2169270,E3-e003Coalescence-mGAM-p3_S58,100059
23,H3-e003Coalescence-mGAM-p3_S94,6,2281366,E3-e003Coalescence-mGAM-p3_S58,100059
24,E3-e003Coalescence-mGAM-p5_S50,0,2328032,E3-e003Coalescence-mGAM-p3_S58,100059
25,F5-e003Coalescence-mGAM-p3_S72,6,1909764,E3-e003Coalescence-mGAM-p3_S58,100059
26,F2-e003Coalescence-mGAM-p5_S61,2,2319879,E3-e003Coalescence-mGAM-p3_S58,100059
27,F4-e003Coalescence-mGAM-p5_S63,0,2281603,E3-e003Coalescence-mGAM-p3_S58,100059
28,E3-e003Coalescence-mGAM-p7_S146,1,2284526,E3-e003Coalescence-mGAM-p3_S58,100059
29,F3-e003Coalescence-mGAM-p5_S62,6,2274734,E3-e003Coalescence-mGAM-p3_S58,100059
30,G3-e003Coalescence-mGAM-p3_S82,0,2315865,E3-e003Coalescence-mGAM-p3_S58,100059
31,F3-e003Coalescence-mGAM-p7_S158,13,1890761,E3-e003Coalescence-mGAM-p3_S58,100059
32,F2-e003Coalescence-mGAM-p3_S69,94,2223230,E3-e003Coalescence-mGAM-p3_S58,100059
33,G3-e003Coalescence-mGAM-p5_S74,1,2314417,E3-e003Coalescence-mGAM-p3_S58,100059
34,F4-e003Coalescence-mGAM-p3_S71,1,2322136,E3-e003Coalescence-mGAM-p3_S58,100059
35,F4-e003Coalescence-mGAM-p7_S159,0,2295820,E3-e003Coalescence-mGAM-p3_S58,100059
36,H3-e003Coalescence-mGAM-p5_S86,6,2254569,E3-e003Coalescence-mGAM-p3_S58,100059
37,D3-e003Coalescence-Inoculumn-mBHI,20,2396095,E3-e003Coalescence-mGAM-p3_S58,100059
38,B5-e003Coalescence-Inoculumn-mBHI,17,2350303,E3-e003Coalescence-mGAM-p3_S58,100059
39,A3-e003Coalescence-mBHI-inoculumn-redo,13,1788568,E3-e003Coalescence-mGAM-p3_S58,100059
40,B3-e003Coalescence-Inoculumn-mBHI,20,2381229,E3-e003Coalescence-mGAM-p3_S58,100059
41,B2-e003Coalescence-Inoculumn-mBHI,31,2353136,E3-e003Coalescence-mGAM-p3_S58,100059
42,C3-e003Coalescence-mBHI-inoculumn-redo,22,2362051,E3-e003Coalescence-mGAM-p3_S58,100059
43,B4-e003Coalescence-Inoculumn-mBHI,21,2359806,E3-e003Coalescence-mGAM-p3_S58,100059
44,B3-e003Coalescence-mGAM-p1_S729,6,2342364,E3-e003Coalescence-mGAM-p3_S58,100059
45,B5-e003Coalescence-mGAM-p1_S745,57,1357308,E3-e003Coalescence-mGAM-p3_S58,100059
46,D3-e003Coalescence-mGAM-p1_S731,31,2257246,E3-e003Coalescence-mGAM-p3_S58,100059
47,G3-e003Coalescence-mBHI-p1_S790,10,1758065,E3-e003Coalescence-mGAM-p3_S58,100059
48,A3-e003Coalescence-mGAM-p1_S728,33,1780223,E3-e003Coalescence-mGAM-p3_S58,100059
49,B3-e003Coalescence-mBHI-p1_S725,10,2066919,E3-e003Coalescence-mGAM-p3_S58,100059
50,C3-e003Coalescence-mGAM-p1_S730,38,1716039,E3-e003Coalescence-mGAM-p3_S58,100059
51,F3-e003Coalescence-mBHI-p1_S789,13,1571983,E3-e003Coalescence-mGAM-p3_S58,100059
52,B4-e003Coalescence-mBHI-p1_S733,19,1656166,E3-e003Coalescence-mGAM-p3_S58,100059
53,F2-e003Coalescence-mGAM-p1_S785,20,2169203,E3-e003Coalescence-mGAM-p3_S58,100059
54,F5-e003Coalescence-mGAM-p1_S809,16,2299166,E3-e003Coalescence-mGAM-p3_S58,100059
55,G3-e003Coalescence-mGAM-p1_S794,47,1549647,E3-e003Coalescence-mGAM-p3_S58,100059
56,C3-e003Coalescence-mBHI-p1_S726,9,1814974,E3-e003Coalescence-mGAM-p3_S58,100059
57,F4-e003Coalescence-mGAM-p1_S801,27,2082505,E3-e003Coalescence-mGAM-p3_S58,100059
58,B4-e003Coalescence-mGAM-p1_S737,4,2329051,E3-e003Coalescence-mGAM-p3_S58,100059
59,E3-e003Coalescence-mGAM-p1_S792,36,1419028,E3-e003Coalescence-mGAM-p3_S58,100059
60,F3-e003Coalescence-mGAM-p1_S793,6,2347771,E3-e003Coalescence-mGAM-p3_S58,100059
61,Coalescence-D1-B2-AA-ACPP-mBHI-mGAM-5_S656,1,2325618,E3-e003Coalescence-mGAM-p3_S58,100059
62,Coalescence-B4-D3-ACPP-AF-mBHI-mGAM-7_S635,7,2332904,E3-e003Coalescence-mGAM-p3_S58,100059
63,Coalescence-A6-B2-AA-ACPP-mBHI-mGAM-7_S625,2,2325429,E3-e003Coalescence-mGAM-p3_S58,100059
64,Coalescence-D12-B4-ACPP-AE-mBHI-mGAM-3_S667,2,2332403,E3-e003Coalescence-mGAM-p3_S58,100059
65,Coalescence-D7-A3-AA-ACPP-mBHI-mGAM-3_S662,0,2330889,E3-e003Coalescence-mGAM-p3_S58,100059
66,Coalescence-B9-G3-ACPP-AE-mBHI-mGAM-7_S640,3,2299288,E3-e003Coalescence-mGAM-p3_S58,100059
67,Coalescence-D11-B3-ACPP-ACPP-mBHI-mGAM-3_S666,1,2336011,E3-e003Coalescence-mGAM-p3_S58,100059
68,Coalescence-A7-B3-ACPP-ACPP-mBHI-mGAM-7_S626,3,2331105,E3-e003Coalescence-mGAM-p3_S58,100059
69,Coalescence-C5-A3-AA-ACPP-mBHI-mGAM-5_S648,0,2341229,E3-e003Coalescence-mGAM-p3_S58,100059
70,B3-e003Assembly-mBHI-p5,92,1671938,E3-e003Coalescence-mGAM-p3_S58,100059
71,C10-e003GlycerolRevival-mGAM-p2,7593,1999791,E3-e003Coalescence-mGAM-p3_S58,100059
72,Assembly-G9-C9-ACPP-mGAM-3_S700,6271,1714545,E3-e003Coalescence-mGAM-p3_S58,100059
73,Assembly-G2-B3-ACPP-mBHI-3_S693,734,2264296,E3-e003Coalescence-mGAM-p3_S58,100059
74,Assembly-G11-D9-ACPP-mGAM-3_S702,5291,1476979,E3-e003Coalescence-mGAM-p3_S58,100059
75,D_F10_e003Assembly_S358,7915,2229378,E3-e003Coalescence-mGAM-p3_S58,100059
0,A_C9_C2_AA_AE_mBHI_mBHI_4_S33,32,1160951,F2-e003Coalescence-mGAM-p7_S157,100059
1,A_E10_A3_ACPP_AA_mBHI_mGAM_4_S58,18,2331708,F2-e003Coalescence-mGAM-p7_S157,100059
2,A_G2_C3_ACPP_AE_mBHI_mGAM_2_S74,24,2114140,F2-e003Coalescence-mGAM-p7_S157,100059
3,A_G10_C3_ACPP_AE_mBHI_mGAM_4_S82,16,2328389,F2-e003Coalescence-mGAM-p7_S157,100059
4,A_H10_D3_ACPP_AF_mBHI_mGAM_4_S94,20,2339199,F2-e003Coalescence-mGAM-p7_S157,100059
5,B_E2_E3_ACPP_AA_mBHI_mGAM_2_S146,5,2315867,F2-e003Coalescence-mGAM-p7_S157,100059
6,B_H2_H3_ACPP_AF_mBHI_mGAM_2_S182,18,2342589,F2-e003Coalescence-mGAM-p7_S157,100059
7,C3-e003Coalescence-mGAM-p3,27,2330633,F2-e003Coalescence-mGAM-p7_S157,100059
8,B4-e003Coalescence-mGAM-p5,23,2297529,F2-e003Coalescence-mGAM-p7_S157,100059
9,B5-e003Coalescence-mGAM-p5,29,2230945,F2-e003Coalescence-mGAM-p7_S157,100059
10,C3-e003Coalescence-mGAM-p5,32,2320793,F2-e003Coalescence-mGAM-p7_S157,100059
11,B2-e003Coalescence-mGAM-p3,16,2302020,F2-e003Coalescence-mGAM-p7_S157,100059
12,D3-e003Coalescence-mGAM-p3,28,2304101,F2-e003Coalescence-mGAM-p7_S157,100059
13,D3-e003Coalescence-mGAM-p5,34,2345640,F2-e003Coalescence-mGAM-p7_S157,100059
14,A3-e003Coalescence-mGAM-p7,72,2224531,F2-e003Coalescence-mGAM-p7_S157,100059
15,C3-e003Coalescence-mGAM-p7,34,2337093,F2-e003Coalescence-mGAM-p7_S157,100059
16,B3-e003Coalescence-mGAM-p5,34,2323948,F2-e003Coalescence-mGAM-p7_S157,100059
17,B3-e003Coalescence-mBHI-p5,38,1072043,F2-e003Coalescence-mGAM-p7_S157,100059
18,B5-e003Coalescence-mGAM-p3,25,2263665,F2-e003Coalescence-mGAM-p7_S157,100059
19,F5-e003Coalescence-mGAM-p5_S64,27,2321521,F2-e003Coalescence-mGAM-p7_S157,100059
20,F5-e003Coalescence-mGAM-p7_S160,39,1792027,F2-e003Coalescence-mGAM-p7_S157,100059
21,E3-e003Coalescence-mGAM-p3_S58,14,2304171,F2-e003Coalescence-mGAM-p7_S157,100059
22,F2-e003Coalescence-mGAM-p7_S157,0,2169270,F2-e003Coalescence-mGAM-p7_S157,100059
23,H3-e003Coalescence-mGAM-p3_S94,29,2281366,F2-e003Coalescence-mGAM-p7_S157,100059
24,E3-e003Coalescence-mGAM-p5_S50,18,2328032,F2-e003Coalescence-mGAM-p7_S157,100059
25,F5-e003Coalescence-mGAM-p3_S72,16,1909764,F2-e003Coalescence-mGAM-p7_S157,100059
26,F2-e003Coalescence-mGAM-p5_S61,13,2319879,F2-e003Coalescence-mGAM-p7_S157,100059
27,F4-e003Coalescence-mGAM-p5_S63,12,2281603,F2-e003Coalescence-mGAM-p7_S157,100059
28,E3-e003Coalescence-mGAM-p7_S146,5,2284526,F2-e003Coalescence-mGAM-p7_S157,100059
29,F3-e003Coalescence-mGAM-p5_S62,26,2274734,F2-e003Coalescence-mGAM-p7_S157,100059
30,G3-e003Coalescence-mGAM-p3_S82,15,2315865,F2-e003Coalescence-mGAM-p7_S157,100059
31,F3-e003Coalescence-mGAM-p7_S158,36,1890761,F2-e003Coalescence-mGAM-p7_S157,100059
32,F2-e003Coalescence-mGAM-p3_S69,73,2223230,F2-e003Coalescence-mGAM-p7_S157,100059
33,G3-e003Coalescence-mGAM-p5_S74,11,2314417,F2-e003Coalescence-mGAM-p7_S157,100059
34,F4-e003Coalescence-mGAM-p3_S71,14,2322136,F2-e003Coalescence-mGAM-p7_S157,100059
35,F4-e003Coalescence-mGAM-p7_S159,13,2295820,F2-e003Coalescence-mGAM-p7_S157,100059
36,H3-e003Coalescence-mGAM-p5_S86,21,2254569,F2-e003Coalescence-mGAM-p7_S157,100059
37,D3-e003Coalescence-Inoculumn-mBHI,82,2396095,F2-e003Coalescence-mGAM-p7_S157,100059
38,B5-e003Coalescence-Inoculumn-mBHI,70,2350303,F2-e003Coalescence-mGAM-p7_S157,100059
39,A3-e003Coalescence-mBHI-inoculumn-redo,25,1788568,F2-e003Coalescence-mGAM-p7_S157,100059
40,B3-e003Coalescence-Inoculumn-mBHI,83,2381229,F2-e003Coalescence-mGAM-p7_S157,100059
41,B2-e003Coalescence-Inoculumn-mBHI,49,2353136,F2-e003Coalescence-mGAM-p7_S157,100059
42,C3-e003Coalescence-mBHI-inoculumn-redo,73,2362051,F2-e003Coalescence-mGAM-p7_S157,100059
43,B4-e003Coalescence-Inoculumn-mBHI,67,2359806,F2-e003Coalescence-mGAM-p7_S157,100059
44,B3-e003Coalescence-mGAM-p1_S729,36,2342364,F2-e003Coalescence-mGAM-p7_S157,100059
45,B5-e003Coalescence-mGAM-p1_S745,54,1357308,F2-e003Coalescence-mGAM-p7_S157,100059
46,D3-e003Coalescence-mGAM-p1_S731,71,2257246,F2-e003Coalescence-mGAM-p7_S157,100059
47,G3-e003Coalescence-mBHI-p1_S790,48,1758065,F2-e003Coalescence-mGAM-p7_S157,100059
48,A3-e003Coalescence-mGAM-p1_S728,31,1780223,F2-e003Coalescence-mGAM-p7_S157,100059
49,B3-e003Coalescence-mBHI-p1_S725,41,2066919,F2-e003Coalescence-mGAM-p7_S157,100059
50,C3-e003Coalescence-mGAM-p1_S730,35,1716039,F2-e003Coalescence-mGAM-p7_S157,100059
51,F3-e003Coalescence-mBHI-p1_S789,28,1571983,F2-e003Coalescence-mGAM-p7_S157,100059
52,B4-e003Coalescence-mBHI-p1_S733,54,1656166,F2-e003Coalescence-mGAM-p7_S157,100059
53,F2-e003Coalescence-mGAM-p1_S785,27,2169203,F2-e003Coalescence-mGAM-p7_S157,100059
54,F5-e003Coalescence-mGAM-p1_S809,37,2299166,F2-e003Coalescence-mGAM-p7_S157,100059
55,G3-e003Coalescence-mGAM-p1_S794,55,1549647,F2-e003Coalescence-mGAM-p7_S157,100059
56,C3-e003Coalescence-mBHI-p1_S726,51,1814974,F2-e003Coalescence-mGAM-p7_S157,100059
57,F4-e003Coalescence-mGAM-p1_S801,53,2082505,F2-e003Coalescence-mGAM-p7_S157,100059
58,B4-e003Coalescence-mGAM-p1_S737,25,2329051,F2-e003Coalescence-mGAM-p7_S157,100059
59,E3-e003Coalescence-mGAM-p1_S792,45,1419028,F2-e003Coalescence-mGAM-p7_S157,100059
60,F3-e003Coalescence-mGAM-p1_S793,47,2347771,F2-e003Coalescence-mGAM-p7_S157,100059
61,Coalescence-D1-B2-AA-ACPP-mBHI-mGAM-5_S656,16,2325618,F2-e003Coalescence-mGAM-p7_S157,100059
62,Coalescence-B4-D3-ACPP-AF-mBHI-mGAM-7_S635,29,2332904,F2-e003Coalescence-mGAM-p7_S157,100059
63,Coalescence-A6-B2-AA-ACPP-mBHI-mGAM-7_S625,14,2325429,F2-e003Coalescence-mGAM-p7_S157,100059
64,Coalescence-D12-B4-ACPP-AE-mBHI-mGAM-3_S667,20,2332403,F2-e003Coalescence-mGAM-p7_S157,100059
65,Coalescence-D7-A3-AA-ACPP-mBHI-mGAM-3_S662,3,2330889,F2-e003Coalescence-mGAM-p7_S157,100059
66,Coalescence-B9-G3-ACPP-AE-mBHI-mGAM-7_S640,23,2299288,F2-e003Coalescence-mGAM-p7_S157,100059
67,Coalescence-D11-B3-ACPP-ACPP-mBHI-mGAM-3_S666,19,2336011,F2-e003Coalescence-mGAM-p7_S157,100059
68,Coalescence-A7-B3-ACPP-ACPP-mBHI-mGAM-7_S626,17,2331105,F2-e003Coalescence-mGAM-p7_S157,100059
69,Coalescence-C5-A3-AA-ACPP-mBHI-mGAM-5_S648,19,2341229,F2-e003Coalescence-mGAM-p7_S157,100059
70,B3-e003Assembly-mBHI-p5,111,1671938,F2-e003Coalescence-mGAM-p7_S157,100059
71,C10-e003GlycerolRevival-mGAM-p2,5893,1999791,F2-e003Coalescence-mGAM-p7_S157,100059
72,Assembly-G9-C9-ACPP-mGAM-3_S700,4913,1714545,F2-e003Coalescence-mGAM-p7_S157,100059
73,Assembly-G2-B3-ACPP-mBHI-3_S693,645,2264296,F2-e003Coalescence-mGAM-p7_S157,100059
74,Assembly-G11-D9-ACPP-mGAM-3_S702,4210,1476979,F2-e003Coalescence-mGAM-p7_S157,100059
75,D_F10_e003Assembly_S358,6192,2229378,F2-e003Coalescence-mGAM-p7_S157,100059
0,A_C9_C2_AA_AE_mBHI_mBHI_4_S33,26,1160951,H3-e003Coalescence-mGAM-p3_S94,100059
1,A_E10_A3_ACPP_AA_mBHI_mGAM_4_S58,5,2331708,H3-e003Coalescence-mGAM-p3_S94,100059
2,A_G2_C3_ACPP_AE_mBHI_mGAM_2_S74,11,2114140,H3-e003Coalescence-mGAM-p3_S94,100059
3,A_G10_C3_ACPP_AE_mBHI_mGAM_4_S82,4,2328389,H3-e003Coalescence-mGAM-p3_S94,100059
4,A_H10_D3_ACPP_AF_mBHI_mGAM_4_S94,1,2339199,H3-e003Coalescence-mGAM-p3_S94,100059
5,B_E2_E3_ACPP_AA_mBHI_mGAM_2_S146,7,2315867,H3-e003Coalescence-mGAM-p3_S94,100059
6,B_H2_H3_ACPP_AF_mBHI_mGAM_2_S182,1,2342589,H3-e003Coalescence-mGAM-p3_S94,100059
7,C3-e003Coalescence-mGAM-p3,17,2330633,H3-e003Coalescence-mGAM-p3_S94,100059
8,B4-e003Coalescence-mGAM-p5,17,2297529,H3-e003Coalescence-mGAM-p3_S94,100059
9,B5-e003Coalescence-mGAM-p5,9,2230945,H3-e003Coalescence-mGAM-p3_S94,100059
10,C3-e003Coalescence-mGAM-p5,17,2320793,H3-e003Coalescence-mGAM-p3_S94,100059
11,B2-e003Coalescence-mGAM-p3,16,2302020,H3-e003Coalescence-mGAM-p3_S94,100059
12,D3-e003Coalescence-mGAM-p3,15,2304101,H3-e003Coalescence-mGAM-p3_S94,100059
13,D3-e003Coalescence-mGAM-p5,16,2345640,H3-e003Coalescence-mGAM-p3_S94,100059
14,A3-e003Coalescence-mGAM-p7,95,2224531,H3-e003Coalescence-mGAM-p3_S94,100059
15,C3-e003Coalescence-mGAM-p7,18,2337093,H3-e003Coalescence-mGAM-p3_S94,100059
16,B3-e003Coalescence-mGAM-p5,17,2323948,H3-e003Coalescence-mGAM-p3_S94,100059
17,B3-e003Coalescence-mBHI-p5,9,1072043,H3-e003Coalescence-mGAM-p3_S94,100059
18,B5-e003Coalescence-mGAM-p3,11,2263665,H3-e003Coalescence-mGAM-p3_S94,100059
19,F5-e003Coalescence-mGAM-p5_S64,1,2321521,H3-e003Coalescence-mGAM-p3_S94,100059
20,F5-e003Coalescence-mGAM-p7_S160,9,1792027,H3-e003Coalescence-mGAM-p3_S94,100059
21,E3-e003Coalescence-mGAM-p3_S58,6,2304171,H3-e003Coalescence-mGAM-p3_S94,100059
22,F2-e003Coalescence-mGAM-p7_S157,29,2169270,H3-e003Coalescence-mGAM-p3_S94,100059
23,H3-e003Coalescence-mGAM-p3_S94,0,2281366,H3-e003Coalescence-mGAM-p3_S94,100059
24,E3-e003Coalescence-mGAM-p5_S50,4,2328032,H3-e003Coalescence-mGAM-p3_S94,100059
25,F5-e003Coalescence-mGAM-p3_S72,7,1909764,H3-e003Coalescence-mGAM-p3_S94,100059
26,F2-e003Coalescence-mGAM-p5_S61,4,2319879,H3-e003Coalescence-mGAM-p3_S94,100059
27,F4-e003Coalescence-mGAM-p5_S63,8,2281603,H3-e003Coalescence-mGAM-p3_S94,100059
28,E3-e003Coalescence-mGAM-p7_S146,3,2284526,H3-e003Coalescence-mGAM-p3_S94,100059
29,F3-e003Coalescence-mGAM-p5_S62,3,2274734,H3-e003Coalescence-mGAM-p3_S94,100059
30,G3-e003Coalescence-mGAM-p3_S82,3,2315865,H3-e003Coalescence-mGAM-p3_S94,100059
31,F3-e003Coalescence-mGAM-p7_S158,19,1890761,H3-e003Coalescence-mGAM-p3_S94,100059
32,F2-e003Coalescence-mGAM-p3_S69,77,2223230,H3-e003Coalescence-mGAM-p3_S94,100059
33,G3-e003Coalescence-mGAM-p5_S74,3,2314417,H3-e003Coalescence-mGAM-p3_S94,100059
34,F4-e003Coalescence-mGAM-p3_S71,4,2322136,H3-e003Coalescence-mGAM-p3_S94,100059
35,F4-e003Coalescence-mGAM-p7_S159,4,2295820,H3-e003Coalescence-mGAM-p3_S94,100059
36,H3-e003Coalescence-mGAM-p5_S86,5,2254569,H3-e003Coalescence-mGAM-p3_S94,100059
37,D3-e003Coalescence-Inoculumn-mBHI,19,2396095,H3-e003Coalescence-mGAM-p3_S94,100059
38,B5-e003Coalescence-Inoculumn-mBHI,17,2350303,H3-e003Coalescence-mGAM-p3_S94,100059
39,A3-e003Coalescence-mBHI-inoculumn-redo,13,1788568,H3-e003Coalescence-mGAM-p3_S94,100059
40,B3-e003Coalescence-Inoculumn-mBHI,18,2381229,H3-e003Coalescence-mGAM-p3_S94,100059
41,B2-e003Coalescence-Inoculumn-mBHI,23,2353136,H3-e003Coalescence-mGAM-p3_S94,100059
42,C3-e003Coalescence-mBHI-inoculumn-redo,23,2362051,H3-e003Coalescence-mGAM-p3_S94,100059
43,B4-e003Coalescence-Inoculumn-mBHI,30,2359806,H3-e003Coalescence-mGAM-p3_S94,100059
44,B3-e003Coalescence-mGAM-p1_S729,5,2342364,H3-e003Coalescence-mGAM-p3_S94,100059
45,B5-e003Coalescence-mGAM-p1_S745,66,1357308,H3-e003Coalescence-mGAM-p3_S94,100059
46,D3-e003Coalescence-mGAM-p1_S731,27,2257246,H3-e003Coalescence-mGAM-p3_S94,100059
47,G3-e003Coalescence-mBHI-p1_S790,7,1758065,H3-e003Coalescence-mGAM-p3_S94,100059
48,A3-e003Coalescence-mGAM-p1_S728,43,1780223,H3-e003Coalescence-mGAM-p3_S94,100059
49,B3-e003Coalescence-mBHI-p1_S725,4,2066919,H3-e003Coalescence-mGAM-p3_S94,100059
50,C3-e003Coalescence-mGAM-p1_S730,40,1716039,H3-e003Coalescence-mGAM-p3_S94,100059
51,F3-e003Coalescence-mBHI-p1_S789,3,1571983,H3-e003Coalescence-mGAM-p3_S94,100059
52,B4-e003Coalescence-mBHI-p1_S733,18,1656166,H3-e003Coalescence-mGAM-p3_S94,100059
53,F2-e003Coalescence-mGAM-p1_S785,34,2169203,H3-e003Coalescence-mGAM-p3_S94,100059
54,F5-e003Coalescence-mGAM-p1_S809,16,2299166,H3-e003Coalescence-mGAM-p3_S94,100059
55,G3-e003Coalescence-mGAM-p1_S794,42,1549647,H3-e003Coalescence-mGAM-p3_S94,100059
56,C3-e003Coalescence-mBHI-p1_S726,13,1814974,H3-e003Coalescence-mGAM-p3_S94,100059
57,F4-e003Coalescence-mGAM-p1_S801,48,2082505,H3-e003Coalescence-mGAM-p3_S94,100059
58,B4-e003Coalescence-mGAM-p1_S737,10,2329051,H3-e003Coalescence-mGAM-p3_S94,100059
59,E3-e003Coalescence-mGAM-p1_S792,58,1419028,H3-e003Coalescence-mGAM-p3_S94,100059
60,F3-e003Coalescence-mGAM-p1_S793,10,2347771,H3-e003Coalescence-mGAM-p3_S94,100059
61,Coalescence-D1-B2-AA-ACPP-mBHI-mGAM-5_S656,3,2325618,H3-e003Coalescence-mGAM-p3_S94,100059
62,Coalescence-B4-D3-ACPP-AF-mBHI-mGAM-7_S635,2,2332904,H3-e003Coalescence-mGAM-p3_S94,100059
63,Coalescence-A6-B2-AA-ACPP-mBHI-mGAM-7_S625,3,2325429,H3-e003Coalescence-mGAM-p3_S94,100059
64,Coalescence-D12-B4-ACPP-AE-mBHI-mGAM-3_S667,4,2332403,H3-e003Coalescence-mGAM-p3_S94,100059
65,Coalescence-D7-A3-AA-ACPP-mBHI-mGAM-3_S662,4,2330889,H3-e003Coalescence-mGAM-p3_S94,100059
66,Coalescence-B9-G3-ACPP-AE-mBHI-mGAM-7_S640,4,2299288,H3-e003Coalescence-mGAM-p3_S94,100059
67,Coalescence-D11-B3-ACPP-ACPP-mBHI-mGAM-3_S666,4,2336011,H3-e003Coalescence-mGAM-p3_S94,100059
68,Coalescence-A7-B3-ACPP-ACPP-mBHI-mGAM-7_S626,5,2331105,H3-e003Coalescence-mGAM-p3_S94,100059
69,Coalescence-C5-A3-AA-ACPP-mBHI-mGAM-5_S648,6,2341229,H3-e003Coalescence-mGAM-p3_S94,100059
70,B3-e003Assembly-mBHI-p5,109,1671938,H3-e003Coalescence-mGAM-p3_S94,100059
71,C10-e003GlycerolRevival-mGAM-p2,8067,1999791,H3-e003Coalescence-mGAM-p3_S94,100059
72,Assembly-G9-C9-ACPP-mGAM-3_S700,6634,1714545,H3-e003Coalescence-mGAM-p3_S94,100059
73,Assembly-G2-B3-ACPP-mBHI-3_S693,799,2264296,H3-e003Coalescence-mGAM-p3_S94,100059
74,Assembly-G11-D9-ACPP-mGAM-3_S702,5596,1476979,H3-e003Coalescence-mGAM-p3_S94,100059
75,D_F10_e003Assembly_S358,8347,2229378,H3-e003Coalescence-mGAM-p3_S94,100059
0,A_C9_C2_AA_AE_mBHI_mBHI_4_S33,18,1160951,E3-e003Coalescence-mGAM-p5_S50,100059
1,A_E10_A3_ACPP_AA_mBHI_mGAM_4_S58,0,2331708,E3-e003Coalescence-mGAM-p5_S50,100059
2,A_G2_C3_ACPP_AE_mBHI_mGAM_2_S74,12,2114140,E3-e003Coalescence-mGAM-p5_S50,100059
3,A_G10_C3_ACPP_AE_mBHI_mGAM_4_S82,0,2328389,E3-e003Coalescence-mGAM-p5_S50,100059
4,A_H10_D3_ACPP_AF_mBHI_mGAM_4_S94,0,2339199,E3-e003Coalescence-mGAM-p5_S50,100059
5,B_E2_E3_ACPP_AA_mBHI_mGAM_2_S146,4,2315867,E3-e003Coalescence-mGAM-p5_S50,100059
6,B_H2_H3_ACPP_AF_mBHI_mGAM_2_S182,1,2342589,E3-e003Coalescence-mGAM-p5_S50,100059
7,C3-e003Coalescence-mGAM-p3,18,2330633,E3-e003Coalescence-mGAM-p5_S50,100059
8,B4-e003Coalescence-mGAM-p5,17,2297529,E3-e003Coalescence-mGAM-p5_S50,100059
9,B5-e003Coalescence-mGAM-p5,15,2230945,E3-e003Coalescence-mGAM-p5_S50,100059
10,C3-e003Coalescence-mGAM-p5,18,2320793,E3-e003Coalescence-mGAM-p5_S50,100059
11,B2-e003Coalescence-mGAM-p3,11,2302020,E3-e003Coalescence-mGAM-p5_S50,100059
12,D3-e003Coalescence-mGAM-p3,16,2304101,E3-e003Coalescence-mGAM-p5_S50,100059
13,D3-e003Coalescence-mGAM-p5,18,2345640,E3-e003Coalescence-mGAM-p5_S50,100059
14,A3-e003Coalescence-mGAM-p7,124,2224531,E3-e003Coalescence-mGAM-p5_S50,100059
15,C3-e003Coalescence-mGAM-p7,22,2337093,E3-e003Coalescence-mGAM-p5_S50,100059
16,B3-e003Coalescence-mGAM-p5,20,2323948,E3-e003Coalescence-mGAM-p5_S50,100059
17,B3-e003Coalescence-mBHI-p5,15,1072043,E3-e003Coalescence-mGAM-p5_S50,100059
18,B5-e003Coalescence-mGAM-p3,12,2263665,E3-e003Coalescence-mGAM-p5_S50,100059
19,F5-e003Coalescence-mGAM-p5_S64,0,2321521,E3-e003Coalescence-mGAM-p5_S50,100059
20,F5-e003Coalescence-mGAM-p7_S160,9,1792027,E3-e003Coalescence-mGAM-p5_S50,100059
21,E3-e003Coalescence-mGAM-p3_S58,0,2304171,E3-e003Coalescence-mGAM-p5_S50,100059
22,F2-e003Coalescence-mGAM-p7_S157,18,2169270,E3-e003Coalescence-mGAM-p5_S50,100059
23,H3-e003Coalescence-mGAM-p3_S94,4,2281366,E3-e003Coalescence-mGAM-p5_S50,100059
24,E3-e003Coalescence-mGAM-p5_S50,0,2328032,E3-e003Coalescence-mGAM-p5_S50,100059
25,F5-e003Coalescence-mGAM-p3_S72,11,1909764,E3-e003Coalescence-mGAM-p5_S50,100059
26,F2-e003Coalescence-mGAM-p5_S61,0,2319879,E3-e003Coalescence-mGAM-p5_S50,100059
27,F4-e003Coalescence-mGAM-p5_S63,0,2281603,E3-e003Coalescence-mGAM-p5_S50,100059
28,E3-e003Coalescence-mGAM-p7_S146,0,2284526,E3-e003Coalescence-mGAM-p5_S50,100059
29,F3-e003Coalescence-mGAM-p5_S62,1,2274734,E3-e003Coalescence-mGAM-p5_S50,100059
30,G3-e003Coalescence-mGAM-p3_S82,0,2315865,E3-e003Coalescence-mGAM-p5_S50,100059
31,F3-e003Coalescence-mGAM-p7_S158,19,1890761,E3-e003Coalescence-mGAM-p5_S50,100059
32,F2-e003Coalescence-mGAM-p3_S69,110,2223230,E3-e003Coalescence-mGAM-p5_S50,100059
33,G3-e003Coalescence-mGAM-p5_S74,0,2314417,E3-e003Coalescence-mGAM-p5_S50,100059
34,F4-e003Coalescence-mGAM-p3_S71,0,2322136,E3-e003Coalescence-mGAM-p5_S50,100059
35,F4-e003Coalescence-mGAM-p7_S159,0,2295820,E3-e003Coalescence-mGAM-p5_S50,100059
36,H3-e003Coalescence-mGAM-p5_S86,9,2254569,E3-e003Coalescence-mGAM-p5_S50,100059
37,D3-e003Coalescence-Inoculumn-mBHI,25,2396095,E3-e003Coalescence-mGAM-p5_S50,100059
38,B5-e003Coalescence-Inoculumn-mBHI,17,2350303,E3-e003Coalescence-mGAM-p5_S50,100059
39,A3-e003Coalescence-mBHI-inoculumn-redo,14,1788568,E3-e003Coalescence-mGAM-p5_S50,100059
40,B3-e003Coalescence-Inoculumn-mBHI,23,2381229,E3-e003Coalescence-mGAM-p5_S50,100059
41,B2-e003Coalescence-Inoculumn-mBHI,30,2353136,E3-e003Coalescence-mGAM-p5_S50,100059
42,C3-e003Coalescence-mBHI-inoculumn-redo,23,2362051,E3-e003Coalescence-mGAM-p5_S50,100059
43,B4-e003Coalescence-Inoculumn-mBHI,26,2359806,E3-e003Coalescence-mGAM-p5_S50,100059
44,B3-e003Coalescence-mGAM-p1_S729,5,2342364,E3-e003Coalescence-mGAM-p5_S50,100059
45,B5-e003Coalescence-mGAM-p1_S745,76,1357308,E3-e003Coalescence-mGAM-p5_S50,100059
46,D3-e003Coalescence-mGAM-p1_S731,39,2257246,E3-e003Coalescence-mGAM-p5_S50,100059
47,G3-e003Coalescence-mBHI-p1_S790,5,1758065,E3-e003Coalescence-mGAM-p5_S50,100059
48,A3-e003Coalescence-mGAM-p1_S728,42,1780223,E3-e003Coalescence-mGAM-p5_S50,100059
49,B3-e003Coalescence-mBHI-p1_S725,7,2066919,E3-e003Coalescence-mGAM-p5_S50,100059
50,C3-e003Coalescence-mGAM-p1_S730,44,1716039,E3-e003Coalescence-mGAM-p5_S50,100059
51,F3-e003Coalescence-mBHI-p1_S789,7,1571983,E3-e003Coalescence-mGAM-p5_S50,100059
52,B4-e003Coalescence-mBHI-p1_S733,17,1656166,E3-e003Coalescence-mGAM-p5_S50,100059
53,F2-e003Coalescence-mGAM-p1_S785,21,2169203,E3-e003Coalescence-mGAM-p5_S50,100059
54,F5-e003Coalescence-mGAM-p1_S809,29,2299166,E3-e003Coalescence-mGAM-p5_S50,100059
55,G3-e003Coalescence-mGAM-p1_S794,57,1549647,E3-e003Coalescence-mGAM-p5_S50,100059
56,C3-e003Coalescence-mBHI-p1_S726,10,1814974,E3-e003Coalescence-mGAM-p5_S50,100059
57,F4-e003Coalescence-mGAM-p1_S801,47,2082505,E3-e003Coalescence-mGAM-p5_S50,100059
58,B4-e003Coalescence-mGAM-p1_S737,6,2329051,E3-e003Coalescence-mGAM-p5_S50,100059
59,E3-e003Coalescence-mGAM-p1_S792,42,1419028,E3-e003Coalescence-mGAM-p5_S50,100059
60,F3-e003Coalescence-mGAM-p1_S793,12,2347771,E3-e003Coalescence-mGAM-p5_S50,100059
61,Coalescence-D1-B2-AA-ACPP-mBHI-mGAM-5_S656,0,2325618,E3-e003Coalescence-mGAM-p5_S50,100059
62,Coalescence-B4-D3-ACPP-AF-mBHI-mGAM-7_S635,4,2332904,E3-e003Coalescence-mGAM-p5_S50,100059
63,Coalescence-A6-B2-AA-ACPP-mBHI-mGAM-7_S625,0,2325429,E3-e003Coalescence-mGAM-p5_S50,100059
64,Coalescence-D12-B4-ACPP-AE-mBHI-mGAM-3_S667,0,2332403,E3-e003Coalescence-mGAM-p5_S50,100059
65,Coalescence-D7-A3-AA-ACPP-mBHI-mGAM-3_S662,0,2330889,E3-e003Coalescence-mGAM-p5_S50,100059
66,Coalescence-B9-G3-ACPP-AE-mBHI-mGAM-7_S640,3,2299288,E3-e003Coalescence-mGAM-p5_S50,100059
67,Coalescence-D11-B3-ACPP-ACPP-mBHI-mGAM-3_S666,0,2336011,E3-e003Coalescence-mGAM-p5_S50,100059
68,Coalescence-A7-B3-ACPP-ACPP-mBHI-mGAM-7_S626,0,2331105,E3-e003Coalescence-mGAM-p5_S50,100059
69,Coalescence-C5-A3-AA-ACPP-mBHI-mGAM-5_S648,0,2341229,E3-e003Coalescence-mGAM-p5_S50,100059
70,B3-e003Assembly-mBHI-p5,132,1671938,E3-e003Coalescence-mGAM-p5_S50,100059
71,C10-e003GlycerolRevival-mGAM-p2,9566,1999791,E3-e003Coalescence-mGAM-p5_S50,100059
72,Assembly-G9-C9-ACPP-mGAM-3_S700,7915,1714545,E3-e003Coalescence-mGAM-p5_S50,100059
73,Assembly-G2-B3-ACPP-mBHI-3_S693,941,2264296,E3-e003Coalescence-mGAM-p5_S50,100059
74,Assembly-G11-D9-ACPP-mGAM-3_S702,6693,1476979,E3-e003Coalescence-mGAM-p5_S50,100059
75,D_F10_e003Assembly_S358,9999,2229378,E3-e003Coalescence-mGAM-p5_S50,100059
0,A_C9_C2_AA_AE_mBHI_mBHI_4_S33,12,1160951,F5-e003Coalescence-mGAM-p3_S72,100059
1,A_E10_A3_ACPP_AA_mBHI_mGAM_4_S58,10,2331708,F5-e003Coalescence-mGAM-p3_S72,100059
2,A_G2_C3_ACPP_AE_mBHI_mGAM_2_S74,12,2114140,F5-e003Coalescence-mGAM-p3_S72,100059
3,A_G10_C3_ACPP_AE_mBHI_mGAM_4_S82,9,2328389,F5-e003Coalescence-mGAM-p3_S72,100059
4,A_H10_D3_ACPP_AF_mBHI_mGAM_4_S94,9,2339199,F5-e003Coalescence-mGAM-p3_S72,100059
5,B_E2_E3_ACPP_AA_mBHI_mGAM_2_S146,9,2315867,F5-e003Coalescence-mGAM-p3_S72,100059
6,B_H2_H3_ACPP_AF_mBHI_mGAM_2_S182,6,2342589,F5-e003Coalescence-mGAM-p3_S72,100059
7,C3-e003Coalescence-mGAM-p3,18,2330633,F5-e003Coalescence-mGAM-p3_S72,100059
8,B4-e003Coalescence-mGAM-p5,18,2297529,F5-e003Coalescence-mGAM-p3_S72,100059
9,B5-e003Coalescence-mGAM-p5,15,2230945,F5-e003Coalescence-mGAM-p3_S72,100059
10,C3-e003Coalescence-mGAM-p5,20,2320793,F5-e003Coalescence-mGAM-p3_S72,100059
11,B2-e003Coalescence-mGAM-p3,16,2302020,F5-e003Coalescence-mGAM-p3_S72,100059
12,D3-e003Coalescence-mGAM-p3,15,2304101,F5-e003Coalescence-mGAM-p3_S72,100059
13,D3-e003Coalescence-mGAM-p5,20,2345640,F5-e003Coalescence-mGAM-p3_S72,100059
14,A3-e003Coalescence-mGAM-p7,67,2224531,F5-e003Coalescence-mGAM-p3_S72,100059
15,C3-e003Coalescence-mGAM-p7,21,2337093,F5-e003Coalescence-mGAM-p3_S72,100059
16,B3-e003Coalescence-mGAM-p5,19,2323948,F5-e003Coalescence-mGAM-p3_S72,100059
17,B3-e003Coalescence-mBHI-p5,15,1072043,F5-e003Coalescence-mGAM-p3_S72,100059
18,B5-e003Coalescence-mGAM-p3,9,2263665,F5-e003Coalescence-mGAM-p3_S72,100059
19,F5-e003Coalescence-mGAM-p5_S64,8,2321521,F5-e003Coalescence-mGAM-p3_S72,100059
20,F5-e003Coalescence-mGAM-p7_S160,6,1792027,F5-e003Coalescence-mGAM-p3_S72,100059
21,E3-e003Coalescence-mGAM-p3_S58,6,2304171,F5-e003Coalescence-mGAM-p3_S72,100059
22,F2-e003Coalescence-mGAM-p7_S157,16,2169270,F5-e003Coalescence-mGAM-p3_S72,100059
23,H3-e003Coalescence-mGAM-p3_S94,7,2281366,F5-e003Coalescence-mGAM-p3_S72,100059
24,E3-e003Coalescence-mGAM-p5_S50,11,2328032,F5-e003Coalescence-mGAM-p3_S72,100059
25,F5-e003Coalescence-mGAM-p3_S72,0,1909764,F5-e003Coalescence-mGAM-p3_S72,100059
26,F2-e003Coalescence-mGAM-p5_S61,10,2319879,F5-e003Coalescence-mGAM-p3_S72,100059
27,F4-e003Coalescence-mGAM-p5_S63,8,2281603,F5-e003Coalescence-mGAM-p3_S72,100059
28,E3-e003Coalescence-mGAM-p7_S146,1,2284526,F5-e003Coalescence-mGAM-p3_S72,100059
29,F3-e003Coalescence-mGAM-p5_S62,5,2274734,F5-e003Coalescence-mGAM-p3_S72,100059
30,G3-e003Coalescence-mGAM-p3_S82,8,2315865,F5-e003Coalescence-mGAM-p3_S72,100059
31,F3-e003Coalescence-mGAM-p7_S158,17,1890761,F5-e003Coalescence-mGAM-p3_S72,100059
32,F2-e003Coalescence-mGAM-p3_S69,70,2223230,F5-e003Coalescence-mGAM-p3_S72,100059
33,G3-e003Coalescence-mGAM-p5_S74,4,2314417,F5-e003Coalescence-mGAM-p3_S72,100059
34,F4-e003Coalescence-mGAM-p3_S71,5,2322136,F5-e003Coalescence-mGAM-p3_S72,100059
35,F4-e003Coalescence-mGAM-p7_S159,5,2295820,F5-e003Coalescence-mGAM-p3_S72,100059
36,H3-e003Coalescence-mGAM-p5_S86,5,2254569,F5-e003Coalescence-mGAM-p3_S72,100059
37,D3-e003Coalescence-Inoculumn-mBHI,22,2396095,F5-e003Coalescence-mGAM-p3_S72,100059
38,B5-e003Coalescence-Inoculumn-mBHI,22,2350303,F5-e003Coalescence-mGAM-p3_S72,100059
39,A3-e003Coalescence-mBHI-inoculumn-redo,11,1788568,F5-e003Coalescence-mGAM-p3_S72,100059
40,B3-e003Coalescence-Inoculumn-mBHI,20,2381229,F5-e003Coalescence-mGAM-p3_S72,100059
41,B2-e003Coalescence-Inoculumn-mBHI,25,2353136,F5-e003Coalescence-mGAM-p3_S72,100059
42,C3-e003Coalescence-mBHI-inoculumn-redo,20,2362051,F5-e003Coalescence-mGAM-p3_S72,100059
43,B4-e003Coalescence-Inoculumn-mBHI,23,2359806,F5-e003Coalescence-mGAM-p3_S72,100059
44,B3-e003Coalescence-mGAM-p1_S729,11,2342364,F5-e003Coalescence-mGAM-p3_S72,100059
45,B5-e003Coalescence-mGAM-p1_S745,55,1357308,F5-e003Coalescence-mGAM-p3_S72,100059
46,D3-e003Coalescence-mGAM-p1_S731,17,2257246,F5-e003Coalescence-mGAM-p3_S72,100059
47,G3-e003Coalescence-mBHI-p1_S790,7,1758065,F5-e003Coalescence-mGAM-p3_S72,100059
48,A3-e003Coalescence-mGAM-p1_S728,15,1780223,F5-e003Coalescence-mGAM-p3_S72,100059
49,B3-e003Coalescence-mBHI-p1_S725,10,2066919,F5-e003Coalescence-mGAM-p3_S72,100059
50,C3-e003Coalescence-mGAM-p1_S730,27,1716039,F5-e003Coalescence-mGAM-p3_S72,100059
51,F3-e003Coalescence-mBHI-p1_S789,8,1571983,F5-e003Coalescence-mGAM-p3_S72,100059
52,B4-e003Coalescence-mBHI-p1_S733,20,1656166,F5-e003Coalescence-mGAM-p3_S72,100059
53,F2-e003Coalescence-mGAM-p1_S785,17,2169203,F5-e003Coalescence-mGAM-p3_S72,100059
54,F5-e003Coalescence-mGAM-p1_S809,14,2299166,F5-e003Coalescence-mGAM-p3_S72,100059
55,G3-e003Coalescence-mGAM-p1_S794,39,1549647,F5-e003Coalescence-mGAM-p3_S72,100059
56,C3-e003Coalescence-mBHI-p1_S726,19,1814974,F5-e003Coalescence-mGAM-p3_S72,100059
57,F4-e003Coalescence-mGAM-p1_S801,20,2082505,F5-e003Coalescence-mGAM-p3_S72,100059
58,B4-e003Coalescence-mGAM-p1_S737,9,2329051,F5-e003Coalescence-mGAM-p3_S72,100059
59,E3-e003Coalescence-mGAM-p1_S792,42,1419028,F5-e003Coalescence-mGAM-p3_S72,100059
60,F3-e003Coalescence-mGAM-p1_S793,10,2347771,F5-e003Coalescence-mGAM-p3_S72,100059
61,Coalescence-D1-B2-AA-ACPP-mBHI-mGAM-5_S656,9,2325618,F5-e003Coalescence-mGAM-p3_S72,100059
62,Coalescence-B4-D3-ACPP-AF-mBHI-mGAM-7_S635,5,2332904,F5-e003Coalescence-mGAM-p3_S72,100059
63,Coalescence-A6-B2-AA-ACPP-mBHI-mGAM-7_S625,6,2325429,F5-e003Coalescence-mGAM-p3_S72,100059
64,Coalescence-D12-B4-ACPP-AE-mBHI-mGAM-3_S667,8,2332403,F5-e003Coalescence-mGAM-p3_S72,100059
65,Coalescence-D7-A3-AA-ACPP-mBHI-mGAM-3_S662,4,2330889,F5-e003Coalescence-mGAM-p3_S72,100059
66,Coalescence-B9-G3-ACPP-AE-mBHI-mGAM-7_S640,7,2299288,F5-e003Coalescence-mGAM-p3_S72,100059
67,Coalescence-D11-B3-ACPP-ACPP-mBHI-mGAM-3_S666,9,2336011,F5-e003Coalescence-mGAM-p3_S72,100059
68,Coalescence-A7-B3-ACPP-ACPP-mBHI-mGAM-7_S626,8,2331105,F5-e003Coalescence-mGAM-p3_S72,100059
69,Coalescence-C5-A3-AA-ACPP-mBHI-mGAM-5_S648,11,2341229,F5-e003Coalescence-mGAM-p3_S72,100059
70,B3-e003Assembly-mBHI-p5,82,1671938,F5-e003Coalescence-mGAM-p3_S72,100059
71,C10-e003GlycerolRevival-mGAM-p2,5870,1999791,F5-e003Coalescence-mGAM-p3_S72,100059
72,Assembly-G9-C9-ACPP-mGAM-3_S700,4868,1714545,F5-e003Coalescence-mGAM-p3_S72,100059
73,Assembly-G2-B3-ACPP-mBHI-3_S693,552,2264296,F5-e003Coalescence-mGAM-p3_S72,100059
74,Assembly-G11-D9-ACPP-mGAM-3_S702,4128,1476979,F5-e003Coalescence-mGAM-p3_S72,100059
75,D_F10_e003Assembly_S358,6095,2229378,F5-e003Coalescence-mGAM-p3_S72,100059
0,A_C9_C2_AA_AE_mBHI_mBHI_4_S33,20,1160951,F2-e003Coalescence-mGAM-p5_S61,100059
1,A_E10_A3_ACPP_AA_mBHI_mGAM_4_S58,0,2331708,F2-e003Coalescence-mGAM-p5_S61,100059
2,A_G2_C3_ACPP_AE_mBHI_mGAM_2_S74,17,2114140,F2-e003Coalescence-mGAM-p5_S61,100059
3,A_G10_C3_ACPP_AE_mBHI_mGAM_4_S82,0,2328389,F2-e003Coalescence-mGAM-p5_S61,100059
4,A_H10_D3_ACPP_AF_mBHI_mGAM_4_S94,1,2339199,F2-e003Coalescence-mGAM-p5_S61,100059
5,B_E2_E3_ACPP_AA_mBHI_mGAM_2_S146,9,2315867,F2-e003Coalescence-mGAM-p5_S61,100059
6,B_H2_H3_ACPP_AF_mBHI_mGAM_2_S182,2,2342589,F2-e003Coalescence-mGAM-p5_S61,100059
7,C3-e003Coalescence-mGAM-p3,15,2330633,F2-e003Coalescence-mGAM-p5_S61,100059
8,B4-e003Coalescence-mGAM-p5,14,2297529,F2-e003Coalescence-mGAM-p5_S61,100059
9,B5-e003Coalescence-mGAM-p5,9,2230945,F2-e003Coalescence-mGAM-p5_S61,100059
10,C3-e003Coalescence-mGAM-p5,14,2320793,F2-e003Coalescence-mGAM-p5_S61,100059
11,B2-e003Coalescence-mGAM-p3,11,2302020,F2-e003Coalescence-mGAM-p5_S61,100059
12,D3-e003Coalescence-mGAM-p3,15,2304101,F2-e003Coalescence-mGAM-p5_S61,100059
13,D3-e003Coalescence-mGAM-p5,16,2345640,F2-e003Coalescence-mGAM-p5_S61,100059
14,A3-e003Coalescence-mGAM-p7,119,2224531,F2-e003Coalescence-mGAM-p5_S61,100059
15,C3-e003Coalescence-mGAM-p7,18,2337093,F2-e003Coalescence-mGAM-p5_S61,100059
16,B3-e003Coalescence-mGAM-p5,17,2323948,F2-e003Coalescence-mGAM-p5_S61,100059
17,B3-e003Coalescence-mBHI-p5,14,1072043,F2-e003Coalescence-mGAM-p5_S61,100059
18,B5-e003Coalescence-mGAM-p3,10,2263665,F2-e003Coalescence-mGAM-p5_S61,100059
19,F5-e003Coalescence-mGAM-p5_S64,1,2321521,F2-e003Coalescence-mGAM-p5_S61,100059
20,F5-e003Coalescence-mGAM-p7_S160,11,1792027,F2-e003Coalescence-mGAM-p5_S61,100059
21,E3-e003Coalescence-mGAM-p3_S58,2,2304171,F2-e003Coalescence-mGAM-p5_S61,100059
22,F2-e003Coalescence-mGAM-p7_S157,13,2169270,F2-e003Coalescence-mGAM-p5_S61,100059
23,H3-e003Coalescence-mGAM-p3_S94,4,2281366,F2-e003Coalescence-mGAM-p5_S61,100059
24,E3-e003Coalescence-mGAM-p5_S50,0,2328032,F2-e003Coalescence-mGAM-p5_S61,100059
25,F5-e003Coalescence-mGAM-p3_S72,10,1909764,F2-e003Coalescence-mGAM-p5_S61,100059
26,F2-e003Coalescence-mGAM-p5_S61,0,2319879,F2-e003Coalescence-mGAM-p5_S61,100059
27,F4-e003Coalescence-mGAM-p5_S63,0,2281603,F2-e003Coalescence-mGAM-p5_S61,100059
28,E3-e003Coalescence-mGAM-p7_S146,4,2284526,F2-e003Coalescence-mGAM-p5_S61,100059
29,F3-e003Coalescence-mGAM-p5_S62,4,2274734,F2-e003Coalescence-mGAM-p5_S61,100059
30,G3-e003Coalescence-mGAM-p3_S82,0,2315865,F2-e003Coalescence-mGAM-p5_S61,100059
31,F3-e003Coalescence-mGAM-p7_S158,21,1890761,F2-e003Coalescence-mGAM-p5_S61,100059
32,F2-e003Coalescence-mGAM-p3_S69,110,2223230,F2-e003Coalescence-mGAM-p5_S61,100059
33,G3-e003Coalescence-mGAM-p5_S74,0,2314417,F2-e003Coalescence-mGAM-p5_S61,100059
34,F4-e003Coalescence-mGAM-p3_S71,0,2322136,F2-e003Coalescence-mGAM-p5_S61,100059
35,F4-e003Coalescence-mGAM-p7_S159,0,2295820,F2-e003Coalescence-mGAM-p5_S61,100059
36,H3-e003Coalescence-mGAM-p5_S86,10,2254569,F2-e003Coalescence-mGAM-p5_S61,100059
37,D3-e003Coalescence-Inoculumn-mBHI,21,2396095,F2-e003Coalescence-mGAM-p5_S61,100059
38,B5-e003Coalescence-Inoculumn-mBHI,18,2350303,F2-e003Coalescence-mGAM-p5_S61,100059
39,A3-e003Coalescence-mBHI-inoculumn-redo,14,1788568,F2-e003Coalescence-mGAM-p5_S61,100059
40,B3-e003Coalescence-Inoculumn-mBHI,20,2381229,F2-e003Coalescence-mGAM-p5_S61,100059
41,B2-e003Coalescence-Inoculumn-mBHI,30,2353136,F2-e003Coalescence-mGAM-p5_S61,100059
42,C3-e003Coalescence-mBHI-inoculumn-redo,21,2362051,F2-e003Coalescence-mGAM-p5_S61,100059
43,B4-e003Coalescence-Inoculumn-mBHI,22,2359806,F2-e003Coalescence-mGAM-p5_S61,100059
44,B3-e003Coalescence-mGAM-p1_S729,8,2342364,F2-e003Coalescence-mGAM-p5_S61,100059
45,B5-e003Coalescence-mGAM-p1_S745,69,1357308,F2-e003Coalescence-mGAM-p5_S61,100059
46,D3-e003Coalescence-mGAM-p1_S731,46,2257246,F2-e003Coalescence-mGAM-p5_S61,100059
47,G3-e003Coalescence-mBHI-p1_S790,4,1758065,F2-e003Coalescence-mGAM-p5_S61,100059
48,A3-e003Coalescence-mGAM-p1_S728,56,1780223,F2-e003Coalescence-mGAM-p5_S61,100059
49,B3-e003Coalescence-mBHI-p1_S725,10,2066919,F2-e003Coalescence-mGAM-p5_S61,100059
50,C3-e003Coalescence-mGAM-p1_S730,41,1716039,F2-e003Coalescence-mGAM-p5_S61,100059
51,F3-e003Coalescence-mBHI-p1_S789,8,1571983,F2-e003Coalescence-mGAM-p5_S61,100059
52,B4-e003Coalescence-mBHI-p1_S733,16,1656166,F2-e003Coalescence-mGAM-p5_S61,100059
53,F2-e003Coalescence-mGAM-p1_S785,29,2169203,F2-e003Coalescence-mGAM-p5_S61,100059
54,F5-e003Coalescence-mGAM-p1_S809,27,2299166,F2-e003Coalescence-mGAM-p5_S61,100059
55,G3-e003Coalescence-mGAM-p1_S794,53,1549647,F2-e003Coalescence-mGAM-p5_S61,100059
56,C3-e003Coalescence-mBHI-p1_S726,7,1814974,F2-e003Coalescence-mGAM-p5_S61,100059
57,F4-e003Coalescence-mGAM-p1_S801,45,2082505,F2-e003Coalescence-mGAM-p5_S61,100059
58,B4-e003Coalescence-mGAM-p1_S737,5,2329051,F2-e003Coalescence-mGAM-p5_S61,100059
59,E3-e003Coalescence-mGAM-p1_S792,49,1419028,F2-e003Coalescence-mGAM-p5_S61,100059
60,F3-e003Coalescence-mGAM-p1_S793,12,2347771,F2-e003Coalescence-mGAM-p5_S61,100059
61,Coalescence-D1-B2-AA-ACPP-mBHI-mGAM-5_S656,0,2325618,F2-e003Coalescence-mGAM-p5_S61,100059
62,Coalescence-B4-D3-ACPP-AF-mBHI-mGAM-7_S635,6,2332904,F2-e003Coalescence-mGAM-p5_S61,100059
63,Coalescence-A6-B2-AA-ACPP-mBHI-mGAM-7_S625,1,2325429,F2-e003Coalescence-mGAM-p5_S61,100059
64,Coalescence-D12-B4-ACPP-AE-mBHI-mGAM-3_S667,1,2332403,F2-e003Coalescence-mGAM-p5_S61,100059
65,Coalescence-D7-A3-AA-ACPP-mBHI-mGAM-3_S662,0,2330889,F2-e003Coalescence-mGAM-p5_S61,100059
66,Coalescence-B9-G3-ACPP-AE-mBHI-mGAM-7_S640,1,2299288,F2-e003Coalescence-mGAM-p5_S61,100059
67,Coalescence-D11-B3-ACPP-ACPP-mBHI-mGAM-3_S666,0,2336011,F2-e003Coalescence-mGAM-p5_S61,100059
68,Coalescence-A7-B3-ACPP-ACPP-mBHI-mGAM-7_S626,1,2331105,F2-e003Coalescence-mGAM-p5_S61,100059
69,Coalescence-C5-A3-AA-ACPP-mBHI-mGAM-5_S648,0,2341229,F2-e003Coalescence-mGAM-p5_S61,100059
70,B3-e003Assembly-mBHI-p5,125,1671938,F2-e003Coalescence-mGAM-p5_S61,100059
71,C10-e003GlycerolRevival-mGAM-p2,9326,1999791,F2-e003Coalescence-mGAM-p5_S61,100059
72,Assembly-G9-C9-ACPP-mGAM-3_S700,7716,1714545,F2-e003Coalescence-mGAM-p5_S61,100059
73,Assembly-G2-B3-ACPP-mBHI-3_S693,947,2264296,F2-e003Coalescence-mGAM-p5_S61,100059
74,Assembly-G11-D9-ACPP-mGAM-3_S702,6523,1476979,F2-e003Coalescence-mGAM-p5_S61,100059
75,D_F10_e003Assembly_S358,9769,2229378,F2-e003Coalescence-mGAM-p5_S61,100059
0,A_C9_C2_AA_AE_mBHI_mBHI_4_S33,22,1160951,F4-e003Coalescence-mGAM-p5_S63,100059
1,A_E10_A3_ACPP_AA_mBHI_mGAM_4_S58,0,2331708,F4-e003Coalescence-mGAM-p5_S63,100059
2,A_G2_C3_ACPP_AE_mBHI_mGAM_2_S74,10,2114140,F4-e003Coalescence-mGAM-p5_S63,100059
3,A_G10_C3_ACPP_AE_mBHI_mGAM_4_S82,0,2328389,F4-e003Coalescence-mGAM-p5_S63,100059
4,A_H10_D3_ACPP_AF_mBHI_mGAM_4_S94,0,2339199,F4-e003Coalescence-mGAM-p5_S63,100059
5,B_E2_E3_ACPP_AA_mBHI_mGAM_2_S146,11,2315867,F4-e003Coalescence-mGAM-p5_S63,100059
6,B_H2_H3_ACPP_AF_mBHI_mGAM_2_S182,0,2342589,F4-e003Coalescence-mGAM-p5_S63,100059
7,C3-e003Coalescence-mGAM-p3,13,2330633,F4-e003Coalescence-mGAM-p5_S63,100059
8,B4-e003Coalescence-mGAM-p5,9,2297529,F4-e003Coalescence-mGAM-p5_S63,100059
9,B5-e003Coalescence-mGAM-p5,8,2230945,F4-e003Coalescence-mGAM-p5_S63,100059
10,C3-e003Coalescence-mGAM-p5,14,2320793,F4-e003Coalescence-mGAM-p5_S63,100059
11,B2-e003Coalescence-mGAM-p3,12,2302020,F4-e003Coalescence-mGAM-p5_S63,100059
12,D3-e003Coalescence-mGAM-p3,8,2304101,F4-e003Coalescence-mGAM-p5_S63,100059
13,D3-e003Coalescence-mGAM-p5,14,2345640,F4-e003Coalescence-mGAM-p5_S63,100059
14,A3-e003Coalescence-mGAM-p7,122,2224531,F4-e003Coalescence-mGAM-p5_S63,100059
15,C3-e003Coalescence-mGAM-p7,14,2337093,F4-e003Coalescence-mGAM-p5_S63,100059
16,B3-e003Coalescence-mGAM-p5,13,2323948,F4-e003Coalescence-mGAM-p5_S63,100059
17,B3-e003Coalescence-mBHI-p5,14,1072043,F4-e003Coalescence-mGAM-p5_S63,100059
18,B5-e003Coalescence-mGAM-p3,6,2263665,F4-e003Coalescence-mGAM-p5_S63,100059
19,F5-e003Coalescence-mGAM-p5_S64,0,2321521,F4-e003Coalescence-mGAM-p5_S63,100059
20,F5-e003Coalescence-mGAM-p7_S160,9,1792027,F4-e003Coalescence-mGAM-p5_S63,100059
21,E3-e003Coalescence-mGAM-p3_S58,0,2304171,F4-e003Coalescence-mGAM-p5_S63,100059
22,F2-e003Coalescence-mGAM-p7_S157,12,2169270,F4-e003Coalescence-mGAM-p5_S63,100059
23,H3-e003Coalescence-mGAM-p3_S94,8,2281366,F4-e003Coalescence-mGAM-p5_S63,100059
24,E3-e003Coalescence-mGAM-p5_S50,0,2328032,F4-e003Coalescence-mGAM-p5_S63,100059
25,F5-e003Coalescence-mGAM-p3_S72,8,1909764,F4-e003Coalescence-mGAM-p5_S63,100059
26,F2-e003Coalescence-mGAM-p5_S61,0,2319879,F4-e003Coalescence-mGAM-p5_S63,100059
27,F4-e003Coalescence-mGAM-p5_S63,0,2281603,F4-e003Coalescence-mGAM-p5_S63,100059
28,E3-e003Coalescence-mGAM-p7_S146,3,2284526,F4-e003Coalescence-mGAM-p5_S63,100059
29,F3-e003Coalescence-mGAM-p5_S62,2,2274734,F4-e003Coalescence-mGAM-p5_S63,100059
30,G3-e003Coalescence-mGAM-p3_S82,0,2315865,F4-e003Coalescence-mGAM-p5_S63,100059
31,F3-e003Coalescence-mGAM-p7_S158,22,1890761,F4-e003Coalescence-mGAM-p5_S63,100059
32,F2-e003Coalescence-mGAM-p3_S69,113,2223230,F4-e003Coalescence-mGAM-p5_S63,100059
33,G3-e003Coalescence-mGAM-p5_S74,2,2314417,F4-e003Coalescence-mGAM-p5_S63,100059
34,F4-e003Coalescence-mGAM-p3_S71,0,2322136,F4-e003Coalescence-mGAM-p5_S63,100059
35,F4-e003Coalescence-mGAM-p7_S159,0,2295820,F4-e003Coalescence-mGAM-p5_S63,100059
36,H3-e003Coalescence-mGAM-p5_S86,7,2254569,F4-e003Coalescence-mGAM-p5_S63,100059
37,D3-e003Coalescence-Inoculumn-mBHI,16,2396095,F4-e003Coalescence-mGAM-p5_S63,100059
38,B5-e003Coalescence-Inoculumn-mBHI,15,2350303,F4-e003Coalescence-mGAM-p5_S63,100059
39,A3-e003Coalescence-mBHI-inoculumn-redo,9,1788568,F4-e003Coalescence-mGAM-p5_S63,100059
40,B3-e003Coalescence-Inoculumn-mBHI,17,2381229,F4-e003Coalescence-mGAM-p5_S63,100059
41,B2-e003Coalescence-Inoculumn-mBHI,19,2353136,F4-e003Coalescence-mGAM-p5_S63,100059
42,C3-e003Coalescence-mBHI-inoculumn-redo,17,2362051,F4-e003Coalescence-mGAM-p5_S63,100059
43,B4-e003Coalescence-Inoculumn-mBHI,21,2359806,F4-e003Coalescence-mGAM-p5_S63,100059
44,B3-e003Coalescence-mGAM-p1_S729,1,2342364,F4-e003Coalescence-mGAM-p5_S63,100059
45,B5-e003Coalescence-mGAM-p1_S745,68,1357308,F4-e003Coalescence-mGAM-p5_S63,100059
46,D3-e003Coalescence-mGAM-p1_S731,30,2257246,F4-e003Coalescence-mGAM-p5_S63,100059
47,G3-e003Coalescence-mBHI-p1_S790,5,1758065,F4-e003Coalescence-mGAM-p5_S63,100059
48,A3-e003Coalescence-mGAM-p1_S728,48,1780223,F4-e003Coalescence-mGAM-p5_S63,100059
49,B3-e003Coalescence-mBHI-p1_S725,3,2066919,F4-e003Coalescence-mGAM-p5_S63,100059
50,C3-e003Coalescence-mGAM-p1_S730,47,1716039,F4-e003Coalescence-mGAM-p5_S63,100059
51,F3-e003Coalescence-mBHI-p1_S789,3,1571983,F4-e003Coalescence-mGAM-p5_S63,100059
52,B4-e003Coalescence-mBHI-p1_S733,15,1656166,F4-e003Coalescence-mGAM-p5_S63,100059
53,F2-e003Coalescence-mGAM-p1_S785,23,2169203,F4-e003Coalescence-mGAM-p5_S63,100059
54,F5-e003Coalescence-mGAM-p1_S809,30,2299166,F4-e003Coalescence-mGAM-p5_S63,100059
55,G3-e003Coalescence-mGAM-p1_S794,55,1549647,F4-e003Coalescence-mGAM-p5_S63,100059
56,C3-e003Coalescence-mBHI-p1_S726,13,1814974,F4-e003Coalescence-mGAM-p5_S63,100059
57,F4-e003Coalescence-mGAM-p1_S801,45,2082505,F4-e003Coalescence-mGAM-p5_S63,100059
58,B4-e003Coalescence-mGAM-p1_S737,2,2329051,F4-e003Coalescence-mGAM-p5_S63,100059
59,E3-e003Coalescence-mGAM-p1_S792,51,1419028,F4-e003Coalescence-mGAM-p5_S63,100059
60,F3-e003Coalescence-mGAM-p1_S793,11,2347771,F4-e003Coalescence-mGAM-p5_S63,100059
61,Coalescence-D1-B2-AA-ACPP-mBHI-mGAM-5_S656,0,2325618,F4-e003Coalescence-mGAM-p5_S63,100059
62,Coalescence-B4-D3-ACPP-AF-mBHI-mGAM-7_S635,2,2332904,F4-e003Coalescence-mGAM-p5_S63,100059
63,Coalescence-A6-B2-AA-ACPP-mBHI-mGAM-7_S625,0,2325429,F4-e003Coalescence-mGAM-p5_S63,100059
64,Coalescence-D12-B4-ACPP-AE-mBHI-mGAM-3_S667,0,2332403,F4-e003Coalescence-mGAM-p5_S63,100059
65,Coalescence-D7-A3-AA-ACPP-mBHI-mGAM-3_S662,0,2330889,F4-e003Coalescence-mGAM-p5_S63,100059
66,Coalescence-B9-G3-ACPP-AE-mBHI-mGAM-7_S640,1,2299288,F4-e003Coalescence-mGAM-p5_S63,100059
67,Coalescence-D11-B3-ACPP-ACPP-mBHI-mGAM-3_S666,0,2336011,F4-e003Coalescence-mGAM-p5_S63,100059
68,Coalescence-A7-B3-ACPP-ACPP-mBHI-mGAM-7_S626,0,2331105,F4-e003Coalescence-mGAM-p5_S63,100059
69,Coalescence-C5-A3-AA-ACPP-mBHI-mGAM-5_S648,0,2341229,F4-e003Coalescence-mGAM-p5_S63,100059
70,B3-e003Assembly-mBHI-p5,130,1671938,F4-e003Coalescence-mGAM-p5_S63,100059
71,C10-e003GlycerolRevival-mGAM-p2,8836,1999791,F4-e003Coalescence-mGAM-p5_S63,100059
72,Assembly-G9-C9-ACPP-mGAM-3_S700,7365,1714545,F4-e003Coalescence-mGAM-p5_S63,100059
73,Assembly-G2-B3-ACPP-mBHI-3_S693,867,2264296,F4-e003Coalescence-mGAM-p5_S63,100059
74,Assembly-G11-D9-ACPP-mGAM-3_S702,6206,1476979,F4-e003Coalescence-mGAM-p5_S63,100059
75,D_F10_e003Assembly_S358,9235,2229378,F4-e003Coalescence-mGAM-p5_S63,100059
0,A_C9_C2_AA_AE_mBHI_mBHI_4_S33,16,1160951,E3-e003Coalescence-mGAM-p7_S146,100059
1,A_E10_A3_ACPP_AA_mBHI_mGAM_4_S58,1,2331708,E3-e003Coalescence-mGAM-p7_S146,100059
2,A_G2_C3_ACPP_AE_mBHI_mGAM_2_S74,6,2114140,E3-e003Coalescence-mGAM-p7_S146,100059
3,A_G10_C3_ACPP_AE_mBHI_mGAM_4_S82,2,2328389,E3-e003Coalescence-mGAM-p7_S146,100059
4,A_H10_D3_ACPP_AF_mBHI_mGAM_4_S94,1,2339199,E3-e003Coalescence-mGAM-p7_S146,100059
5,B_E2_E3_ACPP_AA_mBHI_mGAM_2_S146,2,2315867,E3-e003Coalescence-mGAM-p7_S146,100059
6,B_H2_H3_ACPP_AF_mBHI_mGAM_2_S182,2,2342589,E3-e003Coalescence-mGAM-p7_S146,100059
7,C3-e003Coalescence-mGAM-p3,16,2330633,E3-e003Coalescence-mGAM-p7_S146,100059
8,B4-e003Coalescence-mGAM-p5,16,2297529,E3-e003Coalescence-mGAM-p7_S146,100059
9,B5-e003Coalescence-mGAM-p5,17,2230945,E3-e003Coalescence-mGAM-p7_S146,100059
10,C3-e003Coalescence-mGAM-p5,14,2320793,E3-e003Coalescence-mGAM-p7_S146,100059
11,B2-e003Coalescence-mGAM-p3,12,2302020,E3-e003Coalescence-mGAM-p7_S146,100059
12,D3-e003Coalescence-mGAM-p3,12,2304101,E3-e003Coalescence-mGAM-p7_S146,100059
13,D3-e003Coalescence-mGAM-p5,13,2345640,E3-e003Coalescence-mGAM-p7_S146,100059
14,A3-e003Coalescence-mGAM-p7,41,2224531,E3-e003Coalescence-mGAM-p7_S146,100059
15,C3-e003Coalescence-mGAM-p7,22,2337093,E3-e003Coalescence-mGAM-p7_S146,100059
16,B3-e003Coalescence-mGAM-p5,19,2323948,E3-e003Coalescence-mGAM-p7_S146,100059
17,B3-e003Coalescence-mBHI-p5,10,1072043,E3-e003Coalescence-mGAM-p7_S146,100059
18,B5-e003Coalescence-mGAM-p3,12,2263665,E3-e003Coalescence-mGAM-p7_S146,100059
19,F5-e003Coalescence-mGAM-p5_S64,1,2321521,E3-e003Coalescence-mGAM-p7_S146,100059
20,F5-e003Coalescence-mGAM-p7_S160,11,1792027,E3-e003Coalescence-mGAM-p7_S146,100059
21,E3-e003Coalescence-mGAM-p3_S58,1,2304171,E3-e003Coalescence-mGAM-p7_S146,100059
22,F2-e003Coalescence-mGAM-p7_S157,5,2169270,E3-e003Coalescence-mGAM-p7_S146,100059
23,H3-e003Coalescence-mGAM-p3_S94,3,2281366,E3-e003Coalescence-mGAM-p7_S146,100059
24,E3-e003Coalescence-mGAM-p5_S50,0,2328032,E3-e003Coalescence-mGAM-p7_S146,100059
25,F5-e003Coalescence-mGAM-p3_S72,1,1909764,E3-e003Coalescence-mGAM-p7_S146,100059
26,F2-e003Coalescence-mGAM-p5_S61,4,2319879,E3-e003Coalescence-mGAM-p7_S146,100059
27,F4-e003Coalescence-mGAM-p5_S63,3,2281603,E3-e003Coalescence-mGAM-p7_S146,100059
28,E3-e003Coalescence-mGAM-p7_S146,0,2284526,E3-e003Coalescence-mGAM-p7_S146,100059
29,F3-e003Coalescence-mGAM-p5_S62,2,2274734,E3-e003Coalescence-mGAM-p7_S146,100059
30,G3-e003Coalescence-mGAM-p3_S82,1,2315865,E3-e003Coalescence-mGAM-p7_S146,100059
31,F3-e003Coalescence-mGAM-p7_S158,2,1890761,E3-e003Coalescence-mGAM-p7_S146,100059
32,F2-e003Coalescence-mGAM-p3_S69,24,2223230,E3-e003Coalescence-mGAM-p7_S146,100059
33,G3-e003Coalescence-mGAM-p5_S74,0,2314417,E3-e003Coalescence-mGAM-p7_S146,100059
34,F4-e003Coalescence-mGAM-p3_S71,3,2322136,E3-e003Coalescence-mGAM-p7_S146,100059
35,F4-e003Coalescence-mGAM-p7_S159,4,2295820,E3-e003Coalescence-mGAM-p7_S146,100059
36,H3-e003Coalescence-mGAM-p5_S86,6,2254569,E3-e003Coalescence-mGAM-p7_S146,100059
37,D3-e003Coalescence-Inoculumn-mBHI,20,2396095,E3-e003Coalescence-mGAM-p7_S146,100059
38,B5-e003Coalescence-Inoculumn-mBHI,14,2350303,E3-e003Coalescence-mGAM-p7_S146,100059
39,A3-e003Coalescence-mBHI-inoculumn-redo,11,1788568,E3-e003Coalescence-mGAM-p7_S146,100059
40,B3-e003Coalescence-Inoculumn-mBHI,17,2381229,E3-e003Coalescence-mGAM-p7_S146,100059
41,B2-e003Coalescence-Inoculumn-mBHI,22,2353136,E3-e003Coalescence-mGAM-p7_S146,100059
42,C3-e003Coalescence-mBHI-inoculumn-redo,22,2362051,E3-e003Coalescence-mGAM-p7_S146,100059
43,B4-e003Coalescence-Inoculumn-mBHI,16,2359806,E3-e003Coalescence-mGAM-p7_S146,100059
44,B3-e003Coalescence-mGAM-p1_S729,3,2342364,E3-e003Coalescence-mGAM-p7_S146,100059
45,B5-e003Coalescence-mGAM-p1_S745,18,1357308,E3-e003Coalescence-mGAM-p7_S146,100059
46,D3-e003Coalescence-mGAM-p1_S731,14,2257246,E3-e003Coalescence-mGAM-p7_S146,100059
47,G3-e003Coalescence-mBHI-p1_S790,7,1758065,E3-e003Coalescence-mGAM-p7_S146,100059
48,A3-e003Coalescence-mGAM-p1_S728,14,1780223,E3-e003Coalescence-mGAM-p7_S146,100059
49,B3-e003Coalescence-mBHI-p1_S725,10,2066919,E3-e003Coalescence-mGAM-p7_S146,100059
50,C3-e003Coalescence-mGAM-p1_S730,8,1716039,E3-e003Coalescence-mGAM-p7_S146,100059
51,F3-e003Coalescence-mBHI-p1_S789,9,1571983,E3-e003Coalescence-mGAM-p7_S146,100059
52,B4-e003Coalescence-mBHI-p1_S733,13,1656166,E3-e003Coalescence-mGAM-p7_S146,100059
53,F2-e003Coalescence-mGAM-p1_S785,7,2169203,E3-e003Coalescence-mGAM-p7_S146,100059
54,F5-e003Coalescence-mGAM-p1_S809,11,2299166,E3-e003Coalescence-mGAM-p7_S146,100059
55,G3-e003Coalescence-mGAM-p1_S794,27,1549647,E3-e003Coalescence-mGAM-p7_S146,100059
56,C3-e003Coalescence-mBHI-p1_S726,7,1814974,E3-e003Coalescence-mGAM-p7_S146,100059
57,F4-e003Coalescence-mGAM-p1_S801,23,2082505,E3-e003Coalescence-mGAM-p7_S146,100059
58,B4-e003Coalescence-mGAM-p1_S737,1,2329051,E3-e003Coalescence-mGAM-p7_S146,100059
59,E3-e003Coalescence-mGAM-p1_S792,12,1419028,E3-e003Coalescence-mGAM-p7_S146,100059
60,F3-e003Coalescence-mGAM-p1_S793,11,2347771,E3-e003Coalescence-mGAM-p7_S146,100059
61,Coalescence-D1-B2-AA-ACPP-mBHI-mGAM-5_S656,1,2325618,E3-e003Coalescence-mGAM-p7_S146,100059
62,Coalescence-B4-D3-ACPP-AF-mBHI-mGAM-7_S635,2,2332904,E3-e003Coalescence-mGAM-p7_S146,100059
63,Coalescence-A6-B2-AA-ACPP-mBHI-mGAM-7_S625,0,2325429,E3-e003Coalescence-mGAM-p7_S146,100059
64,Coalescence-D12-B4-ACPP-AE-mBHI-mGAM-3_S667,3,2332403,E3-e003Coalescence-mGAM-p7_S146,100059
65,Coalescence-D7-A3-AA-ACPP-mBHI-mGAM-3_S662,2,2330889,E3-e003Coalescence-mGAM-p7_S146,100059
66,Coalescence-B9-G3-ACPP-AE-mBHI-mGAM-7_S640,6,2299288,E3-e003Coalescence-mGAM-p7_S146,100059
67,Coalescence-D11-B3-ACPP-ACPP-mBHI-mGAM-3_S666,2,2336011,E3-e003Coalescence-mGAM-p7_S146,100059
68,Coalescence-A7-B3-ACPP-ACPP-mBHI-mGAM-7_S626,1,2331105,E3-e003Coalescence-mGAM-p7_S146,100059
69,Coalescence-C5-A3-AA-ACPP-mBHI-mGAM-5_S648,6,2341229,E3-e003Coalescence-mGAM-p7_S146,100059
70,B3-e003Assembly-mBHI-p5,57,1671938,E3-e003Coalescence-mGAM-p7_S146,100059
71,C10-e003GlycerolRevival-mGAM-p2,2895,1999791,E3-e003Coalescence-mGAM-p7_S146,100059
72,Assembly-G9-C9-ACPP-mGAM-3_S700,2459,1714545,E3-e003Coalescence-mGAM-p7_S146,100059
73,Assembly-G2-B3-ACPP-mBHI-3_S693,314,2264296,E3-e003Coalescence-mGAM-p7_S146,100059
74,Assembly-G11-D9-ACPP-mGAM-3_S702,1983,1476979,E3-e003Coalescence-mGAM-p7_S146,100059
75,D_F10_e003Assembly_S358,3048,2229378,E3-e003Coalescence-mGAM-p7_S146,100059
0,A_C9_C2_AA_AE_mBHI_mBHI_4_S33,16,1160951,F3-e003Coalescence-mGAM-p5_S62,100059
1,A_E10_A3_ACPP_AA_mBHI_mGAM_4_S58,2,2331708,F3-e003Coalescence-mGAM-p5_S62,100059
2,A_G2_C3_ACPP_AE_mBHI_mGAM_2_S74,14,2114140,F3-e003Coalescence-mGAM-p5_S62,100059
3,A_G10_C3_ACPP_AE_mBHI_mGAM_4_S82,0,2328389,F3-e003Coalescence-mGAM-p5_S62,100059
4,A_H10_D3_ACPP_AF_mBHI_mGAM_4_S94,0,2339199,F3-e003Coalescence-mGAM-p5_S62,100059
5,B_E2_E3_ACPP_AA_mBHI_mGAM_2_S146,9,2315867,F3-e003Coalescence-mGAM-p5_S62,100059
6,B_H2_H3_ACPP_AF_mBHI_mGAM_2_S182,0,2342589,F3-e003Coalescence-mGAM-p5_S62,100059
7,C3-e003Coalescence-mGAM-p3,15,2330633,F3-e003Coalescence-mGAM-p5_S62,100059
8,B4-e003Coalescence-mGAM-p5,16,2297529,F3-e003Coalescence-mGAM-p5_S62,100059
9,B5-e003Coalescence-mGAM-p5,12,2230945,F3-e003Coalescence-mGAM-p5_S62,100059
10,C3-e003Coalescence-mGAM-p5,18,2320793,F3-e003Coalescence-mGAM-p5_S62,100059
11,B2-e003Coalescence-mGAM-p3,16,2302020,F3-e003Coalescence-mGAM-p5_S62,100059
12,D3-e003Coalescence-mGAM-p3,11,2304101,F3-e003Coalescence-mGAM-p5_S62,100059
13,D3-e003Coalescence-mGAM-p5,19,2345640,F3-e003Coalescence-mGAM-p5_S62,100059
14,A3-e003Coalescence-mGAM-p7,132,2224531,F3-e003Coalescence-mGAM-p5_S62,100059
15,C3-e003Coalescence-mGAM-p7,18,2337093,F3-e003Coalescence-mGAM-p5_S62,100059
16,B3-e003Coalescence-mGAM-p5,20,2323948,F3-e003Coalescence-mGAM-p5_S62,100059
17,B3-e003Coalescence-mBHI-p5,22,1072043,F3-e003Coalescence-mGAM-p5_S62,100059
18,B5-e003Coalescence-mGAM-p3,9,2263665,F3-e003Coalescence-mGAM-p5_S62,100059
19,F5-e003Coalescence-mGAM-p5_S64,0,2321521,F3-e003Coalescence-mGAM-p5_S62,100059
20,F5-e003Coalescence-mGAM-p7_S160,11,1792027,F3-e003Coalescence-mGAM-p5_S62,100059
21,E3-e003Coalescence-mGAM-p3_S58,6,2304171,F3-e003Coalescence-mGAM-p5_S62,100059
22,F2-e003Coalescence-mGAM-p7_S157,26,2169270,F3-e003Coalescence-mGAM-p5_S62,100059
23,H3-e003Coalescence-mGAM-p3_S94,3,2281366,F3-e003Coalescence-mGAM-p5_S62,100059
24,E3-e003Coalescence-mGAM-p5_S50,1,2328032,F3-e003Coalescence-mGAM-p5_S62,100059
25,F5-e003Coalescence-mGAM-p3_S72,5,1909764,F3-e003Coalescence-mGAM-p5_S62,100059
26,F2-e003Coalescence-mGAM-p5_S61,4,2319879,F3-e003Coalescence-mGAM-p5_S62,100059
27,F4-e003Coalescence-mGAM-p5_S63,2,2281603,F3-e003Coalescence-mGAM-p5_S62,100059
28,E3-e003Coalescence-mGAM-p7_S146,2,2284526,F3-e003Coalescence-mGAM-p5_S62,100059
29,F3-e003Coalescence-mGAM-p5_S62,0,2274734,F3-e003Coalescence-mGAM-p5_S62,100059
30,G3-e003Coalescence-mGAM-p3_S82,0,2315865,F3-e003Coalescence-mGAM-p5_S62,100059
31,F3-e003Coalescence-mGAM-p7_S158,17,1890761,F3-e003Coalescence-mGAM-p5_S62,100059
32,F2-e003Coalescence-mGAM-p3_S69,113,2223230,F3-e003Coalescence-mGAM-p5_S62,100059
33,G3-e003Coalescence-mGAM-p5_S74,0,2314417,F3-e003Coalescence-mGAM-p5_S62,100059
34,F4-e003Coalescence-mGAM-p3_S71,0,2322136,F3-e003Coalescence-mGAM-p5_S62,100059
35,F4-e003Coalescence-mGAM-p7_S159,0,2295820,F3-e003Coalescence-mGAM-p5_S62,100059
36,H3-e003Coalescence-mGAM-p5_S86,9,2254569,F3-e003Coalescence-mGAM-p5_S62,100059
37,D3-e003Coalescence-Inoculumn-mBHI,21,2396095,F3-e003Coalescence-mGAM-p5_S62,100059
38,B5-e003Coalescence-Inoculumn-mBHI,19,2350303,F3-e003Coalescence-mGAM-p5_S62,100059
39,A3-e003Coalescence-mBHI-inoculumn-redo,17,1788568,F3-e003Coalescence-mGAM-p5_S62,100059
40,B3-e003Coalescence-Inoculumn-mBHI,18,2381229,F3-e003Coalescence-mGAM-p5_S62,100059
41,B2-e003Coalescence-Inoculumn-mBHI,25,2353136,F3-e003Coalescence-mGAM-p5_S62,100059
42,C3-e003Coalescence-mBHI-inoculumn-redo,35,2362051,F3-e003Coalescence-mGAM-p5_S62,100059
43,B4-e003Coalescence-Inoculumn-mBHI,53,2359806,F3-e003Coalescence-mGAM-p5_S62,100059
44,B3-e003Coalescence-mGAM-p1_S729,1,2342364,F3-e003Coalescence-mGAM-p5_S62,100059
45,B5-e003Coalescence-mGAM-p1_S745,64,1357308,F3-e003Coalescence-mGAM-p5_S62,100059
46,D3-e003Coalescence-mGAM-p1_S731,24,2257246,F3-e003Coalescence-mGAM-p5_S62,100059
47,G3-e003Coalescence-mBHI-p1_S790,4,1758065,F3-e003Coalescence-mGAM-p5_S62,100059
48,A3-e003Coalescence-mGAM-p1_S728,67,1780223,F3-e003Coalescence-mGAM-p5_S62,100059
49,B3-e003Coalescence-mBHI-p1_S725,7,2066919,F3-e003Coalescence-mGAM-p5_S62,100059
50,C3-e003Coalescence-mGAM-p1_S730,46,1716039,F3-e003Coalescence-mGAM-p5_S62,100059
51,F3-e003Coalescence-mBHI-p1_S789,2,1571983,F3-e003Coalescence-mGAM-p5_S62,100059
52,B4-e003Coalescence-mBHI-p1_S733,15,1656166,F3-e003Coalescence-mGAM-p5_S62,100059
53,F2-e003Coalescence-mGAM-p1_S785,57,2169203,F3-e003Coalescence-mGAM-p5_S62,100059
54,F5-e003Coalescence-mGAM-p1_S809,20,2299166,F3-e003Coalescence-mGAM-p5_S62,100059
55,G3-e003Coalescence-mGAM-p1_S794,58,1549647,F3-e003Coalescence-mGAM-p5_S62,100059
56,C3-e003Coalescence-mBHI-p1_S726,13,1814974,F3-e003Coalescence-mGAM-p5_S62,100059
57,F4-e003Coalescence-mGAM-p1_S801,45,2082505,F3-e003Coalescence-mGAM-p5_S62,100059
58,B4-e003Coalescence-mGAM-p1_S737,5,2329051,F3-e003Coalescence-mGAM-p5_S62,100059
59,E3-e003Coalescence-mGAM-p1_S792,85,1419028,F3-e003Coalescence-mGAM-p5_S62,100059
60,F3-e003Coalescence-mGAM-p1_S793,5,2347771,F3-e003Coalescence-mGAM-p5_S62,100059
61,Coalescence-D1-B2-AA-ACPP-mBHI-mGAM-5_S656,4,2325618,F3-e003Coalescence-mGAM-p5_S62,100059
62,Coalescence-B4-D3-ACPP-AF-mBHI-mGAM-7_S635,7,2332904,F3-e003Coalescence-mGAM-p5_S62,100059
63,Coalescence-A6-B2-AA-ACPP-mBHI-mGAM-7_S625,0,2325429,F3-e003Coalescence-mGAM-p5_S62,100059
64,Coalescence-D12-B4-ACPP-AE-mBHI-mGAM-3_S667,0,2332403,F3-e003Coalescence-mGAM-p5_S62,100059
65,Coalescence-D7-A3-AA-ACPP-mBHI-mGAM-3_S662,3,2330889,F3-e003Coalescence-mGAM-p5_S62,100059
66,Coalescence-B9-G3-ACPP-AE-mBHI-mGAM-7_S640,2,2299288,F3-e003Coalescence-mGAM-p5_S62,100059
67,Coalescence-D11-B3-ACPP-ACPP-mBHI-mGAM-3_S666,0,2336011,F3-e003Coalescence-mGAM-p5_S62,100059
68,Coalescence-A7-B3-ACPP-ACPP-mBHI-mGAM-7_S626,0,2331105,F3-e003Coalescence-mGAM-p5_S62,100059
69,Coalescence-C5-A3-AA-ACPP-mBHI-mGAM-5_S648,3,2341229,F3-e003Coalescence-mGAM-p5_S62,100059
70,B3-e003Assembly-mBHI-p5,130,1671938,F3-e003Coalescence-mGAM-p5_S62,100059
71,C10-e003GlycerolRevival-mGAM-p2,9207,1999791,F3-e003Coalescence-mGAM-p5_S62,100059
72,Assembly-G9-C9-ACPP-mGAM-3_S700,7650,1714545,F3-e003Coalescence-mGAM-p5_S62,100059
73,Assembly-G2-B3-ACPP-mBHI-3_S693,919,2264296,F3-e003Coalescence-mGAM-p5_S62,100059
74,Assembly-G11-D9-ACPP-mGAM-3_S702,6523,1476979,F3-e003Coalescence-mGAM-p5_S62,100059
75,D_F10_e003Assembly_S358,9633,2229378,F3-e003Coalescence-mGAM-p5_S62,100059
0,A_C9_C2_AA_AE_mBHI_mBHI_4_S33,19,1160951,G3-e003Coalescence-mGAM-p3_S82,100059
1,A_E10_A3_ACPP_AA_mBHI_mGAM_4_S58,0,2331708,G3-e003Coalescence-mGAM-p3_S82,100059
2,A_G2_C3_ACPP_AE_mBHI_mGAM_2_S74,14,2114140,G3-e003Coalescence-mGAM-p3_S82,100059
3,A_G10_C3_ACPP_AE_mBHI_mGAM_4_S82,0,2328389,G3-e003Coalescence-mGAM-p3_S82,100059
4,A_H10_D3_ACPP_AF_mBHI_mGAM_4_S94,0,2339199,G3-e003Coalescence-mGAM-p3_S82,100059
5,B_E2_E3_ACPP_AA_mBHI_mGAM_2_S146,8,2315867,G3-e003Coalescence-mGAM-p3_S82,100059
6,B_H2_H3_ACPP_AF_mBHI_mGAM_2_S182,0,2342589,G3-e003Coalescence-mGAM-p3_S82,100059
7,C3-e003Coalescence-mGAM-p3,16,2330633,G3-e003Coalescence-mGAM-p3_S82,100059
8,B4-e003Coalescence-mGAM-p5,12,2297529,G3-e003Coalescence-mGAM-p3_S82,100059
9,B5-e003Coalescence-mGAM-p5,10,2230945,G3-e003Coalescence-mGAM-p3_S82,100059
10,C3-e003Coalescence-mGAM-p5,16,2320793,G3-e003Coalescence-mGAM-p3_S82,100059
11,B2-e003Coalescence-mGAM-p3,10,2302020,G3-e003Coalescence-mGAM-p3_S82,100059
12,D3-e003Coalescence-mGAM-p3,13,2304101,G3-e003Coalescence-mGAM-p3_S82,100059
13,D3-e003Coalescence-mGAM-p5,17,2345640,G3-e003Coalescence-mGAM-p3_S82,100059
14,A3-e003Coalescence-mGAM-p7,138,2224531,G3-e003Coalescence-mGAM-p3_S82,100059
15,C3-e003Coalescence-mGAM-p7,19,2337093,G3-e003Coalescence-mGAM-p3_S82,100059
16,B3-e003Coalescence-mGAM-p5,16,2323948,G3-e003Coalescence-mGAM-p3_S82,100059
17,B3-e003Coalescence-mBHI-p5,13,1072043,G3-e003Coalescence-mGAM-p3_S82,100059
18,B5-e003Coalescence-mGAM-p3,10,2263665,G3-e003Coalescence-mGAM-p3_S82,100059
19,F5-e003Coalescence-mGAM-p5_S64,0,2321521,G3-e003Coalescence-mGAM-p3_S82,100059
20,F5-e003Coalescence-mGAM-p7_S160,8,1792027,G3-e003Coalescence-mGAM-p3_S82,100059
21,E3-e003Coalescence-mGAM-p3_S58,0,2304171,G3-e003Coalescence-mGAM-p3_S82,100059
22,F2-e003Coalescence-mGAM-p7_S157,15,2169270,G3-e003Coalescence-mGAM-p3_S82,100059
23,H3-e003Coalescence-mGAM-p3_S94,3,2281366,G3-e003Coalescence-mGAM-p3_S82,100059
24,E3-e003Coalescence-mGAM-p5_S50,0,2328032,G3-e003Coalescence-mGAM-p3_S82,100059
25,F5-e003Coalescence-mGAM-p3_S72,8,1909764,G3-e003Coalescence-mGAM-p3_S82,100059
26,F2-e003Coalescence-mGAM-p5_S61,0,2319879,G3-e003Coalescence-mGAM-p3_S82,100059
27,F4-e003Coalescence-mGAM-p5_S63,0,2281603,G3-e003Coalescence-mGAM-p3_S82,100059
28,E3-e003Coalescence-mGAM-p7_S146,1,2284526,G3-e003Coalescence-mGAM-p3_S82,100059
29,F3-e003Coalescence-mGAM-p5_S62,0,2274734,G3-e003Coalescence-mGAM-p3_S82,100059
30,G3-e003Coalescence-mGAM-p3_S82,0,2315865,G3-e003Coalescence-mGAM-p3_S82,100059
31,F3-e003Coalescence-mGAM-p7_S158,24,1890761,G3-e003Coalescence-mGAM-p3_S82,100059
32,F2-e003Coalescence-mGAM-p3_S69,120,2223230,G3-e003Coalescence-mGAM-p3_S82,100059
33,G3-e003Coalescence-mGAM-p5_S74,0,2314417,G3-e003Coalescence-mGAM-p3_S82,100059
34,F4-e003Coalescence-mGAM-p3_S71,0,2322136,G3-e003Coalescence-mGAM-p3_S82,100059
35,F4-e003Coalescence-mGAM-p7_S159,0,2295820,G3-e003Coalescence-mGAM-p3_S82,100059
36,H3-e003Coalescence-mGAM-p5_S86,8,2254569,G3-e003Coalescence-mGAM-p3_S82,100059
37,D3-e003Coalescence-Inoculumn-mBHI,20,2396095,G3-e003Coalescence-mGAM-p3_S82,100059
38,B5-e003Coalescence-Inoculumn-mBHI,15,2350303,G3-e003Coalescence-mGAM-p3_S82,100059
39,A3-e003Coalescence-mBHI-inoculumn-redo,12,1788568,G3-e003Coalescence-mGAM-p3_S82,100059
40,B3-e003Coalescence-Inoculumn-mBHI,18,2381229,G3-e003Coalescence-mGAM-p3_S82,100059
41,B2-e003Coalescence-Inoculumn-mBHI,21,2353136,G3-e003Coalescence-mGAM-p3_S82,100059
42,C3-e003Coalescence-mBHI-inoculumn-redo,19,2362051,G3-e003Coalescence-mGAM-p3_S82,100059
43,B4-e003Coalescence-Inoculumn-mBHI,20,2359806,G3-e003Coalescence-mGAM-p3_S82,100059
44,B3-e003Coalescence-mGAM-p1_S729,3,2342364,G3-e003Coalescence-mGAM-p3_S82,100059
45,B5-e003Coalescence-mGAM-p1_S745,74,1357308,G3-e003Coalescence-mGAM-p3_S82,100059
46,D3-e003Coalescence-mGAM-p1_S731,28,2257246,G3-e003Coalescence-mGAM-p3_S82,100059
47,G3-e003Coalescence-mBHI-p1_S790,3,1758065,G3-e003Coalescence-mGAM-p3_S82,100059
48,A3-e003Coalescence-mGAM-p1_S728,50,1780223,G3-e003Coalescence-mGAM-p3_S82,100059
49,B3-e003Coalescence-mBHI-p1_S725,2,2066919,G3-e003Coalescence-mGAM-p3_S82,100059
50,C3-e003Coalescence-mGAM-p1_S730,50,1716039,G3-e003Coalescence-mGAM-p3_S82,100059
51,F3-e003Coalescence-mBHI-p1_S789,2,1571983,G3-e003Coalescence-mGAM-p3_S82,100059
52,B4-e003Coalescence-mBHI-p1_S733,15,1656166,G3-e003Coalescence-mGAM-p3_S82,100059
53,F2-e003Coalescence-mGAM-p1_S785,19,2169203,G3-e003Coalescence-mGAM-p3_S82,100059
54,F5-e003Coalescence-mGAM-p1_S809,19,2299166,G3-e003Coalescence-mGAM-p3_S82,100059
55,G3-e003Coalescence-mGAM-p1_S794,58,1549647,G3-e003Coalescence-mGAM-p3_S82,100059
56,C3-e003Coalescence-mBHI-p1_S726,6,1814974,G3-e003Coalescence-mGAM-p3_S82,100059
57,F4-e003Coalescence-mGAM-p1_S801,48,2082505,G3-e003Coalescence-mGAM-p3_S82,100059
58,B4-e003Coalescence-mGAM-p1_S737,7,2329051,G3-e003Coalescence-mGAM-p3_S82,100059
59,E3-e003Coalescence-mGAM-p1_S792,49,1419028,G3-e003Coalescence-mGAM-p3_S82,100059
60,F3-e003Coalescence-mGAM-p1_S793,4,2347771,G3-e003Coalescence-mGAM-p3_S82,100059
61,Coalescence-D1-B2-AA-ACPP-mBHI-mGAM-5_S656,0,2325618,G3-e003Coalescence-mGAM-p3_S82,100059
62,Coalescence-B4-D3-ACPP-AF-mBHI-mGAM-7_S635,3,2332904,G3-e003Coalescence-mGAM-p3_S82,100059
63,Coalescence-A6-B2-AA-ACPP-mBHI-mGAM-7_S625,0,2325429,G3-e003Coalescence-mGAM-p3_S82,100059
64,Coalescence-D12-B4-ACPP-AE-mBHI-mGAM-3_S667,0,2332403,G3-e003Coalescence-mGAM-p3_S82,100059
65,Coalescence-D7-A3-AA-ACPP-mBHI-mGAM-3_S662,0,2330889,G3-e003Coalescence-mGAM-p3_S82,100059
66,Coalescence-B9-G3-ACPP-AE-mBHI-mGAM-7_S640,0,2299288,G3-e003Coalescence-mGAM-p3_S82,100059
67,Coalescence-D11-B3-ACPP-ACPP-mBHI-mGAM-3_S666,0,2336011,G3-e003Coalescence-mGAM-p3_S82,100059
68,Coalescence-A7-B3-ACPP-ACPP-mBHI-mGAM-7_S626,0,2331105,G3-e003Coalescence-mGAM-p3_S82,100059
69,Coalescence-C5-A3-AA-ACPP-mBHI-mGAM-5_S648,0,2341229,G3-e003Coalescence-mGAM-p3_S82,100059
70,B3-e003Assembly-mBHI-p5,129,1671938,G3-e003Coalescence-mGAM-p3_S82,100059
71,C10-e003GlycerolRevival-mGAM-p2,10160,1999791,G3-e003Coalescence-mGAM-p3_S82,100059
72,Assembly-G9-C9-ACPP-mGAM-3_S700,8406,1714545,G3-e003Coalescence-mGAM-p3_S82,100059
73,Assembly-G2-B3-ACPP-mBHI-3_S693,1006,2264296,G3-e003Coalescence-mGAM-p3_S82,100059
74,Assembly-G11-D9-ACPP-mGAM-3_S702,7134,1476979,G3-e003Coalescence-mGAM-p3_S82,100059
75,D_F10_e003Assembly_S358,10633,2229378,G3-e003Coalescence-mGAM-p3_S82,100059
0,A_C9_C2_AA_AE_mBHI_mBHI_4_S33,22,1160951,F3-e003Coalescence-mGAM-p7_S158,100059
1,A_E10_A3_ACPP_AA_mBHI_mGAM_4_S58,16,2331708,F3-e003Coalescence-mGAM-p7_S158,100059
2,A_G2_C3_ACPP_AE_mBHI_mGAM_2_S74,25,2114140,F3-e003Coalescence-mGAM-p7_S158,100059
3,A_G10_C3_ACPP_AE_mBHI_mGAM_4_S82,21,2328389,F3-e003Coalescence-mGAM-p7_S158,100059
4,A_H10_D3_ACPP_AF_mBHI_mGAM_4_S94,19,2339199,F3-e003Coalescence-mGAM-p7_S158,100059
5,B_E2_E3_ACPP_AA_mBHI_mGAM_2_S146,5,2315867,F3-e003Coalescence-mGAM-p7_S158,100059
6,B_H2_H3_ACPP_AF_mBHI_mGAM_2_S182,23,2342589,F3-e003Coalescence-mGAM-p7_S158,100059
7,C3-e003Coalescence-mGAM-p3,33,2330633,F3-e003Coalescence-mGAM-p7_S158,100059
8,B4-e003Coalescence-mGAM-p5,28,2297529,F3-e003Coalescence-mGAM-p7_S158,100059
9,B5-e003Coalescence-mGAM-p5,32,2230945,F3-e003Coalescence-mGAM-p7_S158,100059
10,C3-e003Coalescence-mGAM-p5,38,2320793,F3-e003Coalescence-mGAM-p7_S158,100059
11,B2-e003Coalescence-mGAM-p3,27,2302020,F3-e003Coalescence-mGAM-p7_S158,100059
12,D3-e003Coalescence-mGAM-p3,32,2304101,F3-e003Coalescence-mGAM-p7_S158,100059
13,D3-e003Coalescence-mGAM-p5,35,2345640,F3-e003Coalescence-mGAM-p7_S158,100059
14,A3-e003Coalescence-mGAM-p7,76,2224531,F3-e003Coalescence-mGAM-p7_S158,100059
15,C3-e003Coalescence-mGAM-p7,37,2337093,F3-e003Coalescence-mGAM-p7_S158,100059
16,B3-e003Coalescence-mGAM-p5,33,2323948,F3-e003Coalescence-mGAM-p7_S158,100059
17,B3-e003Coalescence-mBHI-p5,22,1072043,F3-e003Coalescence-mGAM-p7_S158,100059
18,B5-e003Coalescence-mGAM-p3,31,2263665,F3-e003Coalescence-mGAM-p7_S158,100059
19,F5-e003Coalescence-mGAM-p5_S64,25,2321521,F3-e003Coalescence-mGAM-p7_S158,100059
20,F5-e003Coalescence-mGAM-p7_S160,20,1792027,F3-e003Coalescence-mGAM-p7_S158,100059
21,E3-e003Coalescence-mGAM-p3_S58,13,2304171,F3-e003Coalescence-mGAM-p7_S158,100059
22,F2-e003Coalescence-mGAM-p7_S157,36,2169270,F3-e003Coalescence-mGAM-p7_S158,100059
23,H3-e003Coalescence-mGAM-p3_S94,19,2281366,F3-e003Coalescence-mGAM-p7_S158,100059
24,E3-e003Coalescence-mGAM-p5_S50,19,2328032,F3-e003Coalescence-mGAM-p7_S158,100059
25,F5-e003Coalescence-mGAM-p3_S72,17,1909764,F3-e003Coalescence-mGAM-p7_S158,100059
26,F2-e003Coalescence-mGAM-p5_S61,21,2319879,F3-e003Coalescence-mGAM-p7_S158,100059
27,F4-e003Coalescence-mGAM-p5_S63,22,2281603,F3-e003Coalescence-mGAM-p7_S158,100059
28,E3-e003Coalescence-mGAM-p7_S146,2,2284526,F3-e003Coalescence-mGAM-p7_S158,100059
29,F3-e003Coalescence-mGAM-p5_S62,17,2274734,F3-e003Coalescence-mGAM-p7_S158,100059
30,G3-e003Coalescence-mGAM-p3_S82,24,2315865,F3-e003Coalescence-mGAM-p7_S158,100059
31,F3-e003Coalescence-mGAM-p7_S158,0,1890761,F3-e003Coalescence-mGAM-p7_S158,100059
32,F2-e003Coalescence-mGAM-p3_S69,65,2223230,F3-e003Coalescence-mGAM-p7_S158,100059
33,G3-e003Coalescence-mGAM-p5_S74,17,2314417,F3-e003Coalescence-mGAM-p7_S158,100059
34,F4-e003Coalescence-mGAM-p3_S71,20,2322136,F3-e003Coalescence-mGAM-p7_S158,100059
35,F4-e003Coalescence-mGAM-p7_S159,18,2295820,F3-e003Coalescence-mGAM-p7_S158,100059
36,H3-e003Coalescence-mGAM-p5_S86,13,2254569,F3-e003Coalescence-mGAM-p7_S158,100059
37,D3-e003Coalescence-Inoculumn-mBHI,40,2396095,F3-e003Coalescence-mGAM-p7_S158,100059
38,B5-e003Coalescence-Inoculumn-mBHI,37,2350303,F3-e003Coalescence-mGAM-p7_S158,100059
39,A3-e003Coalescence-mBHI-inoculumn-redo,33,1788568,F3-e003Coalescence-mGAM-p7_S158,100059
40,B3-e003Coalescence-Inoculumn-mBHI,42,2381229,F3-e003Coalescence-mGAM-p7_S158,100059
41,B2-e003Coalescence-Inoculumn-mBHI,57,2353136,F3-e003Coalescence-mGAM-p7_S158,100059
42,C3-e003Coalescence-mBHI-inoculumn-redo,42,2362051,F3-e003Coalescence-mGAM-p7_S158,100059
43,B4-e003Coalescence-Inoculumn-mBHI,57,2359806,F3-e003Coalescence-mGAM-p7_S158,100059
44,B3-e003Coalescence-mGAM-p1_S729,18,2342364,F3-e003Coalescence-mGAM-p7_S158,100059
45,B5-e003Coalescence-mGAM-p1_S745,51,1357308,F3-e003Coalescence-mGAM-p7_S158,100059
46,D3-e003Coalescence-mGAM-p1_S731,24,2257246,F3-e003Coalescence-mGAM-p7_S158,100059
47,G3-e003Coalescence-mBHI-p1_S790,28,1758065,F3-e003Coalescence-mGAM-p7_S158,100059
48,A3-e003Coalescence-mGAM-p1_S728,59,1780223,F3-e003Coalescence-mGAM-p7_S158,100059
49,B3-e003Coalescence-mBHI-p1_S725,21,2066919,F3-e003Coalescence-mGAM-p7_S158,100059
50,C3-e003Coalescence-mGAM-p1_S730,33,1716039,F3-e003Coalescence-mGAM-p7_S158,100059
51,F3-e003Coalescence-mBHI-p1_S789,19,1571983,F3-e003Coalescence-mGAM-p7_S158,100059
52,B4-e003Coalescence-mBHI-p1_S733,33,1656166,F3-e003Coalescence-mGAM-p7_S158,100059
53,F2-e003Coalescence-mGAM-p1_S785,63,2169203,F3-e003Coalescence-mGAM-p7_S158,100059
54,F5-e003Coalescence-mGAM-p1_S809,26,2299166,F3-e003Coalescence-mGAM-p7_S158,100059
55,G3-e003Coalescence-mGAM-p1_S794,45,1549647,F3-e003Coalescence-mGAM-p7_S158,100059
56,C3-e003Coalescence-mBHI-p1_S726,30,1814974,F3-e003Coalescence-mGAM-p7_S158,100059
57,F4-e003Coalescence-mGAM-p1_S801,34,2082505,F3-e003Coalescence-mGAM-p7_S158,100059
58,B4-e003Coalescence-mGAM-p1_S737,16,2329051,F3-e003Coalescence-mGAM-p7_S158,100059
59,E3-e003Coalescence-mGAM-p1_S792,79,1419028,F3-e003Coalescence-mGAM-p7_S158,100059
60,F3-e003Coalescence-mGAM-p1_S793,22,2347771,F3-e003Coalescence-mGAM-p7_S158,100059
61,Coalescence-D1-B2-AA-ACPP-mBHI-mGAM-5_S656,22,2325618,F3-e003Coalescence-mGAM-p7_S158,100059
62,Coalescence-B4-D3-ACPP-AF-mBHI-mGAM-7_S635,9,2332904,F3-e003Coalescence-mGAM-p7_S158,100059
63,Coalescence-A6-B2-AA-ACPP-mBHI-mGAM-7_S625,7,2325429,F3-e003Coalescence-mGAM-p7_S158,100059
64,Coalescence-D12-B4-ACPP-AE-mBHI-mGAM-3_S667,25,2332403,F3-e003Coalescence-mGAM-p7_S158,100059
65,Coalescence-D7-A3-AA-ACPP-mBHI-mGAM-3_S662,4,2330889,F3-e003Coalescence-mGAM-p7_S158,100059
66,Coalescence-B9-G3-ACPP-AE-mBHI-mGAM-7_S640,19,2299288,F3-e003Coalescence-mGAM-p7_S158,100059
67,Coalescence-D11-B3-ACPP-ACPP-mBHI-mGAM-3_S666,23,2336011,F3-e003Coalescence-mGAM-p7_S158,100059
68,Coalescence-A7-B3-ACPP-ACPP-mBHI-mGAM-7_S626,21,2331105,F3-e003Coalescence-mGAM-p7_S158,100059
69,Coalescence-C5-A3-AA-ACPP-mBHI-mGAM-5_S648,23,2341229,F3-e003Coalescence-mGAM-p7_S158,100059
70,B3-e003Assembly-mBHI-p5,91,1671938,F3-e003Coalescence-mGAM-p7_S158,100059
71,C10-e003GlycerolRevival-mGAM-p2,5836,1999791,F3-e003Coalescence-mGAM-p7_S158,100059
72,Assembly-G9-C9-ACPP-mGAM-3_S700,4867,1714545,F3-e003Coalescence-mGAM-p7_S158,100059
73,Assembly-G2-B3-ACPP-mBHI-3_S693,529,2264296,F3-e003Coalescence-mGAM-p7_S158,100059
74,Assembly-G11-D9-ACPP-mGAM-3_S702,4105,1476979,F3-e003Coalescence-mGAM-p7_S158,100059
75,D_F10_e003Assembly_S358,6042,2229378,F3-e003Coalescence-mGAM-p7_S158,100059
0,A_C9_C2_AA_AE_mBHI_mBHI_4_S33,61,1160951,F2-e003Coalescence-mGAM-p3_S69,100059
1,A_E10_A3_ACPP_AA_mBHI_mGAM_4_S58,86,2331708,F2-e003Coalescence-mGAM-p3_S69,100059
2,A_G2_C3_ACPP_AE_mBHI_mGAM_2_S74,63,2114140,F2-e003Coalescence-mGAM-p3_S69,100059
3,A_G10_C3_ACPP_AE_mBHI_mGAM_4_S82,137,2328389,F2-e003Coalescence-mGAM-p3_S69,100059
4,A_H10_D3_ACPP_AF_mBHI_mGAM_4_S94,102,2339199,F2-e003Coalescence-mGAM-p3_S69,100059
5,B_E2_E3_ACPP_AA_mBHI_mGAM_2_S146,22,2315867,F2-e003Coalescence-mGAM-p3_S69,100059
6,B_H2_H3_ACPP_AF_mBHI_mGAM_2_S182,108,2342589,F2-e003Coalescence-mGAM-p3_S69,100059
7,C3-e003Coalescence-mGAM-p3,155,2330633,F2-e003Coalescence-mGAM-p3_S69,100059
8,B4-e003Coalescence-mGAM-p5,124,2297529,F2-e003Coalescence-mGAM-p3_S69,100059
9,B5-e003Coalescence-mGAM-p5,146,2230945,F2-e003Coalescence-mGAM-p3_S69,100059
10,C3-e003Coalescence-mGAM-p5,144,2320793,F2-e003Coalescence-mGAM-p3_S69,100059
11,B2-e003Coalescence-mGAM-p3,109,2302020,F2-e003Coalescence-mGAM-p3_S69,100059
12,D3-e003Coalescence-mGAM-p3,135,2304101,F2-e003Coalescence-mGAM-p3_S69,100059
13,D3-e003Coalescence-mGAM-p5,151,2345640,F2-e003Coalescence-mGAM-p3_S69,100059
14,A3-e003Coalescence-mGAM-p7,72,2224531,F2-e003Coalescence-mGAM-p3_S69,100059
15,C3-e003Coalescence-mGAM-p7,161,2337093,F2-e003Coalescence-mGAM-p3_S69,100059
16,B3-e003Coalescence-mGAM-p5,143,2323948,F2-e003Coalescence-mGAM-p3_S69,100059
17,B3-e003Coalescence-mBHI-p5,63,1072043,F2-e003Coalescence-mGAM-p3_S69,100059
18,B5-e003Coalescence-mGAM-p3,115,2263665,F2-e003Coalescence-mGAM-p3_S69,100059
19,F5-e003Coalescence-mGAM-p5_S64,143,2321521,F2-e003Coalescence-mGAM-p3_S69,100059
20,F5-e003Coalescence-mGAM-p7_S160,88,1792027,F2-e003Coalescence-mGAM-p3_S69,100059
21,E3-e003Coalescence-mGAM-p3_S58,94,2304171,F2-e003Coalescence-mGAM-p3_S69,100059
22,F2-e003Coalescence-mGAM-p7_S157,73,2169270,F2-e003Coalescence-mGAM-p3_S69,100059
23,H3-e003Coalescence-mGAM-p3_S94,77,2281366,F2-e003Coalescence-mGAM-p3_S69,100059
24,E3-e003Coalescence-mGAM-p5_S50,110,2328032,F2-e003Coalescence-mGAM-p3_S69,100059
25,F5-e003Coalescence-mGAM-p3_S72,70,1909764,F2-e003Coalescence-mGAM-p3_S69,100059
26,F2-e003Coalescence-mGAM-p5_S61,110,2319879,F2-e003Coalescence-mGAM-p3_S69,100059
27,F4-e003Coalescence-mGAM-p5_S63,113,2281603,F2-e003Coalescence-mGAM-p3_S69,100059
28,E3-e003Coalescence-mGAM-p7_S146,24,2284526,F2-e003Coalescence-mGAM-p3_S69,100059
29,F3-e003Coalescence-mGAM-p5_S62,113,2274734,F2-e003Coalescence-mGAM-p3_S69,100059
30,G3-e003Coalescence-mGAM-p3_S82,120,2315865,F2-e003Coalescence-mGAM-p3_S69,100059
31,F3-e003Coalescence-mGAM-p7_S158,65,1890761,F2-e003Coalescence-mGAM-p3_S69,100059
32,F2-e003Coalescence-mGAM-p3_S69,0,2223230,F2-e003Coalescence-mGAM-p3_S69,100059
33,G3-e003Coalescence-mGAM-p5_S74,88,2314417,F2-e003Coalescence-mGAM-p3_S69,100059
34,F4-e003Coalescence-mGAM-p3_S71,116,2322136,F2-e003Coalescence-mGAM-p3_S69,100059
35,F4-e003Coalescence-mGAM-p7_S159,105,2295820,F2-e003Coalescence-mGAM-p3_S69,100059
36,H3-e003Coalescence-mGAM-p5_S86,83,2254569,F2-e003Coalescence-mGAM-p3_S69,100059
37,D3-e003Coalescence-Inoculumn-mBHI,197,2396095,F2-e003Coalescence-mGAM-p3_S69,100059
38,B5-e003Coalescence-Inoculumn-mBHI,175,2350303,F2-e003Coalescence-mGAM-p3_S69,100059
39,A3-e003Coalescence-mBHI-inoculumn-redo,105,1788568,F2-e003Coalescence-mGAM-p3_S69,100059
40,B3-e003Coalescence-Inoculumn-mBHI,189,2381229,F2-e003Coalescence-mGAM-p3_S69,100059
41,B2-e003Coalescence-Inoculumn-mBHI,176,2353136,F2-e003Coalescence-mGAM-p3_S69,100059
42,C3-e003Coalescence-mBHI-inoculumn-redo,198,2362051,F2-e003Coalescence-mGAM-p3_S69,100059
43,B4-e003Coalescence-Inoculumn-mBHI,186,2359806,F2-e003Coalescence-mGAM-p3_S69,100059
44,B3-e003Coalescence-mGAM-p1_S729,88,2342364,F2-e003Coalescence-mGAM-p3_S69,100059
45,B5-e003Coalescence-mGAM-p1_S745,54,1357308,F2-e003Coalescence-mGAM-p3_S69,100059
46,D3-e003Coalescence-mGAM-p1_S731,68,2257246,F2-e003Coalescence-mGAM-p3_S69,100059
47,G3-e003Coalescence-mBHI-p1_S790,116,1758065,F2-e003Coalescence-mGAM-p3_S69,100059
48,A3-e003Coalescence-mGAM-p1_S728,68,1780223,F2-e003Coalescence-mGAM-p3_S69,100059
49,B3-e003Coalescence-mBHI-p1_S725,128,2066919,F2-e003Coalescence-mGAM-p3_S69,100059
50,C3-e003Coalescence-mGAM-p1_S730,46,1716039,F2-e003Coalescence-mGAM-p3_S69,100059
51,F3-e003Coalescence-mBHI-p1_S789,80,1571983,F2-e003Coalescence-mGAM-p3_S69,100059
52,B4-e003Coalescence-mBHI-p1_S733,113,1656166,F2-e003Coalescence-mGAM-p3_S69,100059
53,F2-e003Coalescence-mGAM-p1_S785,78,2169203,F2-e003Coalescence-mGAM-p3_S69,100059
54,F5-e003Coalescence-mGAM-p1_S809,91,2299166,F2-e003Coalescence-mGAM-p3_S69,100059
55,G3-e003Coalescence-mGAM-p1_S794,68,1549647,F2-e003Coalescence-mGAM-p3_S69,100059
56,C3-e003Coalescence-mBHI-p1_S726,120,1814974,F2-e003Coalescence-mGAM-p3_S69,100059
57,F4-e003Coalescence-mGAM-p1_S801,71,2082505,F2-e003Coalescence-mGAM-p3_S69,100059
58,B4-e003Coalescence-mGAM-p1_S737,51,2329051,F2-e003Coalescence-mGAM-p3_S69,100059
59,E3-e003Coalescence-mGAM-p1_S792,44,1419028,F2-e003Coalescence-mGAM-p3_S69,100059
60,F3-e003Coalescence-mGAM-p1_S793,86,2347771,F2-e003Coalescence-mGAM-p3_S69,100059
61,Coalescence-D1-B2-AA-ACPP-mBHI-mGAM-5_S656,119,2325618,F2-e003Coalescence-mGAM-p3_S69,100059
62,Coalescence-B4-D3-ACPP-AF-mBHI-mGAM-7_S635,72,2332904,F2-e003Coalescence-mGAM-p3_S69,100059
63,Coalescence-A6-B2-AA-ACPP-mBHI-mGAM-7_S625,66,2325429,F2-e003Coalescence-mGAM-p3_S69,100059
64,Coalescence-D12-B4-ACPP-AE-mBHI-mGAM-3_S667,132,2332403,F2-e003Coalescence-mGAM-p3_S69,100059
65,Coalescence-D7-A3-AA-ACPP-mBHI-mGAM-3_S662,37,2330889,F2-e003Coalescence-mGAM-p3_S69,100059
66,Coalescence-B9-G3-ACPP-AE-mBHI-mGAM-7_S640,121,2299288,F2-e003Coalescence-mGAM-p3_S69,100059
67,Coalescence-D11-B3-ACPP-ACPP-mBHI-mGAM-3_S666,131,2336011,F2-e003Coalescence-mGAM-p3_S69,100059
68,Coalescence-A7-B3-ACPP-ACPP-mBHI-mGAM-7_S626,123,2331105,F2-e003Coalescence-mGAM-p3_S69,100059
69,Coalescence-C5-A3-AA-ACPP-mBHI-mGAM-5_S648,124,2341229,F2-e003Coalescence-mGAM-p3_S69,100059
70,B3-e003Assembly-mBHI-p5,82,1671938,F2-e003Coalescence-mGAM-p3_S69,100059
71,C10-e003GlycerolRevival-mGAM-p2,2027,1999791,F2-e003Coalescence-mGAM-p3_S69,100059
72,Assembly-G9-C9-ACPP-mGAM-3_S700,1784,1714545,F2-e003Coalescence-mGAM-p3_S69,100059
73,Assembly-G2-B3-ACPP-mBHI-3_S693,221,2264296,F2-e003Coalescence-mGAM-p3_S69,100059
74,Assembly-G11-D9-ACPP-mGAM-3_S702,1390,1476979,F2-e003Coalescence-mGAM-p3_S69,100059
75,D_F10_e003Assembly_S358,2168,2229378,F2-e003Coalescence-mGAM-p3_S69,100059
0,A_C9_C2_AA_AE_mBHI_mBHI_4_S33,23,1160951,G3-e003Coalescence-mGAM-p5_S74,100059
1,A_E10_A3_ACPP_AA_mBHI_mGAM_4_S58,0,2331708,G3-e003Coalescence-mGAM-p5_S74,100059
2,A_G2_C3_ACPP_AE_mBHI_mGAM_2_S74,8,2114140,G3-e003Coalescence-mGAM-p5_S74,100059
3,A_G10_C3_ACPP_AE_mBHI_mGAM_4_S82,0,2328389,G3-e003Coalescence-mGAM-p5_S74,100059
4,A_H10_D3_ACPP_AF_mBHI_mGAM_4_S94,0,2339199,G3-e003Coalescence-mGAM-p5_S74,100059
5,B_E2_E3_ACPP_AA_mBHI_mGAM_2_S146,4,2315867,G3-e003Coalescence-mGAM-p5_S74,100059
6,B_H2_H3_ACPP_AF_mBHI_mGAM_2_S182,0,2342589,G3-e003Coalescence-mGAM-p5_S74,100059
7,C3-e003Coalescence-mGAM-p3,13,2330633,G3-e003Coalescence-mGAM-p5_S74,100059
8,B4-e003Coalescence-mGAM-p5,10,2297529,G3-e003Coalescence-mGAM-p5_S74,100059
9,B5-e003Coalescence-mGAM-p5,9,2230945,G3-e003Coalescence-mGAM-p5_S74,100059
10,C3-e003Coalescence-mGAM-p5,14,2320793,G3-e003Coalescence-mGAM-p5_S74,100059
11,B2-e003Coalescence-mGAM-p3,10,2302020,G3-e003Coalescence-mGAM-p5_S74,100059
12,D3-e003Coalescence-mGAM-p3,12,2304101,G3-e003Coalescence-mGAM-p5_S74,100059
13,D3-e003Coalescence-mGAM-p5,15,2345640,G3-e003Coalescence-mGAM-p5_S74,100059
14,A3-e003Coalescence-mGAM-p7,102,2224531,G3-e003Coalescence-mGAM-p5_S74,100059
15,C3-e003Coalescence-mGAM-p7,16,2337093,G3-e003Coalescence-mGAM-p5_S74,100059
16,B3-e003Coalescence-mGAM-p5,13,2323948,G3-e003Coalescence-mGAM-p5_S74,100059
17,B3-e003Coalescence-mBHI-p5,11,1072043,G3-e003Coalescence-mGAM-p5_S74,100059
18,B5-e003Coalescence-mGAM-p3,7,2263665,G3-e003Coalescence-mGAM-p5_S74,100059
19,F5-e003Coalescence-mGAM-p5_S64,0,2321521,G3-e003Coalescence-mGAM-p5_S74,100059
20,F5-e003Coalescence-mGAM-p7_S160,7,1792027,G3-e003Coalescence-mGAM-p5_S74,100059
21,E3-e003Coalescence-mGAM-p3_S58,1,2304171,G3-e003Coalescence-mGAM-p5_S74,100059
22,F2-e003Coalescence-mGAM-p7_S157,11,2169270,G3-e003Coalescence-mGAM-p5_S74,100059
23,H3-e003Coalescence-mGAM-p3_S94,3,2281366,G3-e003Coalescence-mGAM-p5_S74,100059
24,E3-e003Coalescence-mGAM-p5_S50,0,2328032,G3-e003Coalescence-mGAM-p5_S74,100059
25,F5-e003Coalescence-mGAM-p3_S72,4,1909764,G3-e003Coalescence-mGAM-p5_S74,100059
26,F2-e003Coalescence-mGAM-p5_S61,0,2319879,G3-e003Coalescence-mGAM-p5_S74,100059
27,F4-e003Coalescence-mGAM-p5_S63,2,2281603,G3-e003Coalescence-mGAM-p5_S74,100059
28,E3-e003Coalescence-mGAM-p7_S146,0,2284526,G3-e003Coalescence-mGAM-p5_S74,100059
29,F3-e003Coalescence-mGAM-p5_S62,0,2274734,G3-e003Coalescence-mGAM-p5_S74,100059
30,G3-e003Coalescence-mGAM-p3_S82,0,2315865,G3-e003Coalescence-mGAM-p5_S74,100059
31,F3-e003Coalescence-mGAM-p7_S158,17,1890761,G3-e003Coalescence-mGAM-p5_S74,100059
32,F2-e003Coalescence-mGAM-p3_S69,88,2223230,G3-e003Coalescence-mGAM-p5_S74,100059
33,G3-e003Coalescence-mGAM-p5_S74,0,2314417,G3-e003Coalescence-mGAM-p5_S74,100059
34,F4-e003Coalescence-mGAM-p3_S71,0,2322136,G3-e003Coalescence-mGAM-p5_S74,100059
35,F4-e003Coalescence-mGAM-p7_S159,0,2295820,G3-e003Coalescence-mGAM-p5_S74,100059
36,H3-e003Coalescence-mGAM-p5_S86,8,2254569,G3-e003Coalescence-mGAM-p5_S74,100059
37,D3-e003Coalescence-Inoculumn-mBHI,17,2396095,G3-e003Coalescence-mGAM-p5_S74,100059
38,B5-e003Coalescence-Inoculumn-mBHI,15,2350303,G3-e003Coalescence-mGAM-p5_S74,100059
39,A3-e003Coalescence-mBHI-inoculumn-redo,10,1788568,G3-e003Coalescence-mGAM-p5_S74,100059
40,B3-e003Coalescence-Inoculumn-mBHI,15,2381229,G3-e003Coalescence-mGAM-p5_S74,100059
41,B2-e003Coalescence-Inoculumn-mBHI,20,2353136,G3-e003Coalescence-mGAM-p5_S74,100059
42,C3-e003Coalescence-mBHI-inoculumn-redo,17,2362051,G3-e003Coalescence-mGAM-p5_S74,100059
43,B4-e003Coalescence-Inoculumn-mBHI,24,2359806,G3-e003Coalescence-mGAM-p5_S74,100059
44,B3-e003Coalescence-mGAM-p1_S729,3,2342364,G3-e003Coalescence-mGAM-p5_S74,100059
45,B5-e003Coalescence-mGAM-p1_S745,61,1357308,G3-e003Coalescence-mGAM-p5_S74,100059
46,D3-e003Coalescence-mGAM-p1_S731,22,2257246,G3-e003Coalescence-mGAM-p5_S74,100059
47,G3-e003Coalescence-mBHI-p1_S790,5,1758065,G3-e003Coalescence-mGAM-p5_S74,100059
48,A3-e003Coalescence-mGAM-p1_S728,32,1780223,G3-e003Coalescence-mGAM-p5_S74,100059
49,B3-e003Coalescence-mBHI-p1_S725,2,2066919,G3-e003Coalescence-mGAM-p5_S74,100059
50,C3-e003Coalescence-mGAM-p1_S730,33,1716039,G3-e003Coalescence-mGAM-p5_S74,100059
51,F3-e003Coalescence-mBHI-p1_S789,2,1571983,G3-e003Coalescence-mGAM-p5_S74,100059
52,B4-e003Coalescence-mBHI-p1_S733,16,1656166,G3-e003Coalescence-mGAM-p5_S74,100059
53,F2-e003Coalescence-mGAM-p1_S785,17,2169203,G3-e003Coalescence-mGAM-p5_S74,100059
54,F5-e003Coalescence-mGAM-p1_S809,12,2299166,G3-e003Coalescence-mGAM-p5_S74,100059
55,G3-e003Coalescence-mGAM-p1_S794,44,1549647,G3-e003Coalescence-mGAM-p5_S74,100059
56,C3-e003Coalescence-mBHI-p1_S726,5,1814974,G3-e003Coalescence-mGAM-p5_S74,100059
57,F4-e003Coalescence-mGAM-p1_S801,33,2082505,G3-e003Coalescence-mGAM-p5_S74,100059
58,B4-e003Coalescence-mGAM-p1_S737,1,2329051,G3-e003Coalescence-mGAM-p5_S74,100059
59,E3-e003Coalescence-mGAM-p1_S792,48,1419028,G3-e003Coalescence-mGAM-p5_S74,100059
60,F3-e003Coalescence-mGAM-p1_S793,2,2347771,G3-e003Coalescence-mGAM-p5_S74,100059
61,Coalescence-D1-B2-AA-ACPP-mBHI-mGAM-5_S656,0,2325618,G3-e003Coalescence-mGAM-p5_S74,100059
62,Coalescence-B4-D3-ACPP-AF-mBHI-mGAM-7_S635,3,2332904,G3-e003Coalescence-mGAM-p5_S74,100059
63,Coalescence-A6-B2-AA-ACPP-mBHI-mGAM-7_S625,0,2325429,G3-e003Coalescence-mGAM-p5_S74,100059
64,Coalescence-D12-B4-ACPP-AE-mBHI-mGAM-3_S667,0,2332403,G3-e003Coalescence-mGAM-p5_S74,100059
65,Coalescence-D7-A3-AA-ACPP-mBHI-mGAM-3_S662,0,2330889,G3-e003Coalescence-mGAM-p5_S74,100059
66,Coalescence-B9-G3-ACPP-AE-mBHI-mGAM-7_S640,0,2299288,G3-e003Coalescence-mGAM-p5_S74,100059
67,Coalescence-D11-B3-ACPP-ACPP-mBHI-mGAM-3_S666,0,2336011,G3-e003Coalescence-mGAM-p5_S74,100059
68,Coalescence-A7-B3-ACPP-ACPP-mBHI-mGAM-7_S626,0,2331105,G3-e003Coalescence-mGAM-p5_S74,100059
69,Coalescence-C5-A3-AA-ACPP-mBHI-mGAM-5_S648,1,2341229,G3-e003Coalescence-mGAM-p5_S74,100059
70,B3-e003Assembly-mBHI-p5,101,1671938,G3-e003Coalescence-mGAM-p5_S74,100059
71,C10-e003GlycerolRevival-mGAM-p2,7942,1999791,G3-e003Coalescence-mGAM-p5_S74,100059
72,Assembly-G9-C9-ACPP-mGAM-3_S700,6568,1714545,G3-e003Coalescence-mGAM-p5_S74,100059
73,Assembly-G2-B3-ACPP-mBHI-3_S693,768,2264296,G3-e003Coalescence-mGAM-p5_S74,100059
74,Assembly-G11-D9-ACPP-mGAM-3_S702,5520,1476979,G3-e003Coalescence-mGAM-p5_S74,100059
75,D_F10_e003Assembly_S358,8289,2229378,G3-e003Coalescence-mGAM-p5_S74,100059
0,A_C9_C2_AA_AE_mBHI_mBHI_4_S33,21,1160951,F4-e003Coalescence-mGAM-p3_S71,100059
1,A_E10_A3_ACPP_AA_mBHI_mGAM_4_S58,0,2331708,F4-e003Coalescence-mGAM-p3_S71,100059
2,A_G2_C3_ACPP_AE_mBHI_mGAM_2_S74,14,2114140,F4-e003Coalescence-mGAM-p3_S71,100059
3,A_G10_C3_ACPP_AE_mBHI_mGAM_4_S82,0,2328389,F4-e003Coalescence-mGAM-p3_S71,100059
4,A_H10_D3_ACPP_AF_mBHI_mGAM_4_S94,0,2339199,F4-e003Coalescence-mGAM-p3_S71,100059
5,B_E2_E3_ACPP_AA_mBHI_mGAM_2_S146,6,2315867,F4-e003Coalescence-mGAM-p3_S71,100059
6,B_H2_H3_ACPP_AF_mBHI_mGAM_2_S182,0,2342589,F4-e003Coalescence-mGAM-p3_S71,100059
7,C3-e003Coalescence-mGAM-p3,16,2330633,F4-e003Coalescence-mGAM-p3_S71,100059
8,B4-e003Coalescence-mGAM-p5,12,2297529,F4-e003Coalescence-mGAM-p3_S71,100059
9,B5-e003Coalescence-mGAM-p5,10,2230945,F4-e003Coalescence-mGAM-p3_S71,100059
10,C3-e003Coalescence-mGAM-p5,16,2320793,F4-e003Coalescence-mGAM-p3_S71,100059
11,B2-e003Coalescence-mGAM-p3,12,2302020,F4-e003Coalescence-mGAM-p3_S71,100059
12,D3-e003Coalescence-mGAM-p3,13,2304101,F4-e003Coalescence-mGAM-p3_S71,100059
13,D3-e003Coalescence-mGAM-p5,19,2345640,F4-e003Coalescence-mGAM-p3_S71,100059
14,A3-e003Coalescence-mGAM-p7,122,2224531,F4-e003Coalescence-mGAM-p3_S71,100059
15,C3-e003Coalescence-mGAM-p7,19,2337093,F4-e003Coalescence-mGAM-p3_S71,100059
16,B3-e003Coalescence-mGAM-p5,15,2323948,F4-e003Coalescence-mGAM-p3_S71,100059
17,B3-e003Coalescence-mBHI-p5,11,1072043,F4-e003Coalescence-mGAM-p3_S71,100059
18,B5-e003Coalescence-mGAM-p3,9,2263665,F4-e003Coalescence-mGAM-p3_S71,100059
19,F5-e003Coalescence-mGAM-p5_S64,0,2321521,F4-e003Coalescence-mGAM-p3_S71,100059
20,F5-e003Coalescence-mGAM-p7_S160,8,1792027,F4-e003Coalescence-mGAM-p3_S71,100059
21,E3-e003Coalescence-mGAM-p3_S58,1,2304171,F4-e003Coalescence-mGAM-p3_S71,100059
22,F2-e003Coalescence-mGAM-p7_S157,14,2169270,F4-e003Coalescence-mGAM-p3_S71,100059
23,H3-e003Coalescence-mGAM-p3_S94,4,2281366,F4-e003Coalescence-mGAM-p3_S71,100059
24,E3-e003Coalescence-mGAM-p5_S50,0,2328032,F4-e003Coalescence-mGAM-p3_S71,100059
25,F5-e003Coalescence-mGAM-p3_S72,5,1909764,F4-e003Coalescence-mGAM-p3_S71,100059
26,F2-e003Coalescence-mGAM-p5_S61,0,2319879,F4-e003Coalescence-mGAM-p3_S71,100059
27,F4-e003Coalescence-mGAM-p5_S63,0,2281603,F4-e003Coalescence-mGAM-p3_S71,100059
28,E3-e003Coalescence-mGAM-p7_S146,3,2284526,F4-e003Coalescence-mGAM-p3_S71,100059
29,F3-e003Coalescence-mGAM-p5_S62,0,2274734,F4-e003Coalescence-mGAM-p3_S71,100059
30,G3-e003Coalescence-mGAM-p3_S82,0,2315865,F4-e003Coalescence-mGAM-p3_S71,100059
31,F3-e003Coalescence-mGAM-p7_S158,20,1890761,F4-e003Coalescence-mGAM-p3_S71,100059
32,F2-e003Coalescence-mGAM-p3_S69,116,2223230,F4-e003Coalescence-mGAM-p3_S71,100059
33,G3-e003Coalescence-mGAM-p5_S74,0,2314417,F4-e003Coalescence-mGAM-p3_S71,100059
34,F4-e003Coalescence-mGAM-p3_S71,0,2322136,F4-e003Coalescence-mGAM-p3_S71,100059
35,F4-e003Coalescence-mGAM-p7_S159,0,2295820,F4-e003Coalescence-mGAM-p3_S71,100059
36,H3-e003Coalescence-mGAM-p5_S86,10,2254569,F4-e003Coalescence-mGAM-p3_S71,100059
37,D3-e003Coalescence-Inoculumn-mBHI,20,2396095,F4-e003Coalescence-mGAM-p3_S71,100059
38,B5-e003Coalescence-Inoculumn-mBHI,16,2350303,F4-e003Coalescence-mGAM-p3_S71,100059
39,A3-e003Coalescence-mBHI-inoculumn-redo,11,1788568,F4-e003Coalescence-mGAM-p3_S71,100059
40,B3-e003Coalescence-Inoculumn-mBHI,18,2381229,F4-e003Coalescence-mGAM-p3_S71,100059
41,B2-e003Coalescence-Inoculumn-mBHI,19,2353136,F4-e003Coalescence-mGAM-p3_S71,100059
42,C3-e003Coalescence-mBHI-inoculumn-redo,19,2362051,F4-e003Coalescence-mGAM-p3_S71,100059
43,B4-e003Coalescence-Inoculumn-mBHI,21,2359806,F4-e003Coalescence-mGAM-p3_S71,100059
44,B3-e003Coalescence-mGAM-p1_S729,0,2342364,F4-e003Coalescence-mGAM-p3_S71,100059
45,B5-e003Coalescence-mGAM-p1_S745,76,1357308,F4-e003Coalescence-mGAM-p3_S71,100059
46,D3-e003Coalescence-mGAM-p1_S731,28,2257246,F4-e003Coalescence-mGAM-p3_S71,100059
47,G3-e003Coalescence-mBHI-p1_S790,5,1758065,F4-e003Coalescence-mGAM-p3_S71,100059
48,A3-e003Coalescence-mGAM-p1_S728,48,1780223,F4-e003Coalescence-mGAM-p3_S71,100059
49,B3-e003Coalescence-mBHI-p1_S725,1,2066919,F4-e003Coalescence-mGAM-p3_S71,100059
50,C3-e003Coalescence-mGAM-p1_S730,41,1716039,F4-e003Coalescence-mGAM-p3_S71,100059
51,F3-e003Coalescence-mBHI-p1_S789,3,1571983,F4-e003Coalescence-mGAM-p3_S71,100059
52,B4-e003Coalescence-mBHI-p1_S733,16,1656166,F4-e003Coalescence-mGAM-p3_S71,100059
53,F2-e003Coalescence-mGAM-p1_S785,18,2169203,F4-e003Coalescence-mGAM-p3_S71,100059
54,F5-e003Coalescence-mGAM-p1_S809,19,2299166,F4-e003Coalescence-mGAM-p3_S71,100059
55,G3-e003Coalescence-mGAM-p1_S794,50,1549647,F4-e003Coalescence-mGAM-p3_S71,100059
56,C3-e003Coalescence-mBHI-p1_S726,9,1814974,F4-e003Coalescence-mGAM-p3_S71,100059
57,F4-e003Coalescence-mGAM-p1_S801,54,2082505,F4-e003Coalescence-mGAM-p3_S71,100059
58,B4-e003Coalescence-mGAM-p1_S737,3,2329051,F4-e003Coalescence-mGAM-p3_S71,100059
59,E3-e003Coalescence-mGAM-p1_S792,43,1419028,F4-e003Coalescence-mGAM-p3_S71,100059
60,F3-e003Coalescence-mGAM-p1_S793,7,2347771,F4-e003Coalescence-mGAM-p3_S71,100059
61,Coalescence-D1-B2-AA-ACPP-mBHI-mGAM-5_S656,0,2325618,F4-e003Coalescence-mGAM-p3_S71,100059
62,Coalescence-B4-D3-ACPP-AF-mBHI-mGAM-7_S635,3,2332904,F4-e003Coalescence-mGAM-p3_S71,100059
63,Coalescence-A6-B2-AA-ACPP-mBHI-mGAM-7_S625,0,2325429,F4-e003Coalescence-mGAM-p3_S71,100059
64,Coalescence-D12-B4-ACPP-AE-mBHI-mGAM-3_S667,0,2332403,F4-e003Coalescence-mGAM-p3_S71,100059
65,Coalescence-D7-A3-AA-ACPP-mBHI-mGAM-3_S662,0,2330889,F4-e003Coalescence-mGAM-p3_S71,100059
66,Coalescence-B9-G3-ACPP-AE-mBHI-mGAM-7_S640,0,2299288,F4-e003Coalescence-mGAM-p3_S71,100059
67,Coalescence-D11-B3-ACPP-ACPP-mBHI-mGAM-3_S666,0,2336011,F4-e003Coalescence-mGAM-p3_S71,100059
68,Coalescence-A7-B3-ACPP-ACPP-mBHI-mGAM-7_S626,0,2331105,F4-e003Coalescence-mGAM-p3_S71,100059
69,Coalescence-C5-A3-AA-ACPP-mBHI-mGAM-5_S648,0,2341229,F4-e003Coalescence-mGAM-p3_S71,100059
70,B3-e003Assembly-mBHI-p5,127,1671938,F4-e003Coalescence-mGAM-p3_S71,100059
71,C10-e003GlycerolRevival-mGAM-p2,9399,1999791,F4-e003Coalescence-mGAM-p3_S71,100059
72,Assembly-G9-C9-ACPP-mGAM-3_S700,7754,1714545,F4-e003Coalescence-mGAM-p3_S71,100059
73,Assembly-G2-B3-ACPP-mBHI-3_S693,915,2264296,F4-e003Coalescence-mGAM-p3_S71,100059
74,Assembly-G11-D9-ACPP-mGAM-3_S702,6586,1476979,F4-e003Coalescence-mGAM-p3_S71,100059
75,D_F10_e003Assembly_S358,9828,2229378,F4-e003Coalescence-mGAM-p3_S71,100059
0,A_C9_C2_AA_AE_mBHI_mBHI_4_S33,20,1160951,F4-e003Coalescence-mGAM-p7_S159,100059
1,A_E10_A3_ACPP_AA_mBHI_mGAM_4_S58,0,2331708,F4-e003Coalescence-mGAM-p7_S159,100059
2,A_G2_C3_ACPP_AE_mBHI_mGAM_2_S74,16,2114140,F4-e003Coalescence-mGAM-p7_S159,100059
3,A_G10_C3_ACPP_AE_mBHI_mGAM_4_S82,0,2328389,F4-e003Coalescence-mGAM-p7_S159,100059
4,A_H10_D3_ACPP_AF_mBHI_mGAM_4_S94,0,2339199,F4-e003Coalescence-mGAM-p7_S159,100059
5,B_E2_E3_ACPP_AA_mBHI_mGAM_2_S146,7,2315867,F4-e003Coalescence-mGAM-p7_S159,100059
6,B_H2_H3_ACPP_AF_mBHI_mGAM_2_S182,0,2342589,F4-e003Coalescence-mGAM-p7_S159,100059
7,C3-e003Coalescence-mGAM-p3,13,2330633,F4-e003Coalescence-mGAM-p7_S159,100059
8,B4-e003Coalescence-mGAM-p5,9,2297529,F4-e003Coalescence-mGAM-p7_S159,100059
9,B5-e003Coalescence-mGAM-p5,7,2230945,F4-e003Coalescence-mGAM-p7_S159,100059
10,C3-e003Coalescence-mGAM-p5,11,2320793,F4-e003Coalescence-mGAM-p7_S159,100059
11,B2-e003Coalescence-mGAM-p3,10,2302020,F4-e003Coalescence-mGAM-p7_S159,100059
12,D3-e003Coalescence-mGAM-p3,9,2304101,F4-e003Coalescence-mGAM-p7_S159,100059
13,D3-e003Coalescence-mGAM-p5,13,2345640,F4-e003Coalescence-mGAM-p7_S159,100059
14,A3-e003Coalescence-mGAM-p7,104,2224531,F4-e003Coalescence-mGAM-p7_S159,100059
15,C3-e003Coalescence-mGAM-p7,14,2337093,F4-e003Coalescence-mGAM-p7_S159,100059
16,B3-e003Coalescence-mGAM-p5,11,2323948,F4-e003Coalescence-mGAM-p7_S159,100059
17,B3-e003Coalescence-mBHI-p5,9,1072043,F4-e003Coalescence-mGAM-p7_S159,100059
18,B5-e003Coalescence-mGAM-p3,10,2263665,F4-e003Coalescence-mGAM-p7_S159,100059
19,F5-e003Coalescence-mGAM-p5_S64,0,2321521,F4-e003Coalescence-mGAM-p7_S159,100059
20,F5-e003Coalescence-mGAM-p7_S160,10,1792027,F4-e003Coalescence-mGAM-p7_S159,100059
21,E3-e003Coalescence-mGAM-p3_S58,0,2304171,F4-e003Coalescence-mGAM-p7_S159,100059
22,F2-e003Coalescence-mGAM-p7_S157,13,2169270,F4-e003Coalescence-mGAM-p7_S159,100059
23,H3-e003Coalescence-mGAM-p3_S94,4,2281366,F4-e003Coalescence-mGAM-p7_S159,100059
24,E3-e003Coalescence-mGAM-p5_S50,0,2328032,F4-e003Coalescence-mGAM-p7_S159,100059
25,F5-e003Coalescence-mGAM-p3_S72,5,1909764,F4-e003Coalescence-mGAM-p7_S159,100059
26,F2-e003Coalescence-mGAM-p5_S61,0,2319879,F4-e003Coalescence-mGAM-p7_S159,100059
27,F4-e003Coalescence-mGAM-p5_S63,0,2281603,F4-e003Coalescence-mGAM-p7_S159,100059
28,E3-e003Coalescence-mGAM-p7_S146,4,2284526,F4-e003Coalescence-mGAM-p7_S159,100059
29,F3-e003Coalescence-mGAM-p5_S62,0,2274734,F4-e003Coalescence-mGAM-p7_S159,100059
30,G3-e003Coalescence-mGAM-p3_S82,0,2315865,F4-e003Coalescence-mGAM-p7_S159,100059
31,F3-e003Coalescence-mGAM-p7_S158,18,1890761,F4-e003Coalescence-mGAM-p7_S159,100059
32,F2-e003Coalescence-mGAM-p3_S69,105,2223230,F4-e003Coalescence-mGAM-p7_S159,100059
33,G3-e003Coalescence-mGAM-p5_S74,0,2314417,F4-e003Coalescence-mGAM-p7_S159,100059
34,F4-e003Coalescence-mGAM-p3_S71,0,2322136,F4-e003Coalescence-mGAM-p7_S159,100059
35,F4-e003Coalescence-mGAM-p7_S159,0,2295820,F4-e003Coalescence-mGAM-p7_S159,100059
36,H3-e003Coalescence-mGAM-p5_S86,7,2254569,F4-e003Coalescence-mGAM-p7_S159,100059
37,D3-e003Coalescence-Inoculumn-mBHI,21,2396095,F4-e003Coalescence-mGAM-p7_S159,100059
38,B5-e003Coalescence-Inoculumn-mBHI,19,2350303,F4-e003Coalescence-mGAM-p7_S159,100059
39,A3-e003Coalescence-mBHI-inoculumn-redo,12,1788568,F4-e003Coalescence-mGAM-p7_S159,100059
40,B3-e003Coalescence-Inoculumn-mBHI,20,2381229,F4-e003Coalescence-mGAM-p7_S159,100059
41,B2-e003Coalescence-Inoculumn-mBHI,25,2353136,F4-e003Coalescence-mGAM-p7_S159,100059
42,C3-e003Coalescence-mBHI-inoculumn-redo,15,2362051,F4-e003Coalescence-mGAM-p7_S159,100059
43,B4-e003Coalescence-Inoculumn-mBHI,21,2359806,F4-e003Coalescence-mGAM-p7_S159,100059
44,B3-e003Coalescence-mGAM-p1_S729,5,2342364,F4-e003Coalescence-mGAM-p7_S159,100059
45,B5-e003Coalescence-mGAM-p1_S745,64,1357308,F4-e003Coalescence-mGAM-p7_S159,100059
46,D3-e003Coalescence-mGAM-p1_S731,27,2257246,F4-e003Coalescence-mGAM-p7_S159,100059
47,G3-e003Coalescence-mBHI-p1_S790,3,1758065,F4-e003Coalescence-mGAM-p7_S159,100059
48,A3-e003Coalescence-mGAM-p1_S728,48,1780223,F4-e003Coalescence-mGAM-p7_S159,100059
49,B3-e003Coalescence-mBHI-p1_S725,5,2066919,F4-e003Coalescence-mGAM-p7_S159,100059
50,C3-e003Coalescence-mGAM-p1_S730,39,1716039,F4-e003Coalescence-mGAM-p7_S159,100059
51,F3-e003Coalescence-mBHI-p1_S789,4,1571983,F4-e003Coalescence-mGAM-p7_S159,100059
52,B4-e003Coalescence-mBHI-p1_S733,13,1656166,F4-e003Coalescence-mGAM-p7_S159,100059
53,F2-e003Coalescence-mGAM-p1_S785,28,2169203,F4-e003Coalescence-mGAM-p7_S159,100059
54,F5-e003Coalescence-mGAM-p1_S809,16,2299166,F4-e003Coalescence-mGAM-p7_S159,100059
55,G3-e003Coalescence-mGAM-p1_S794,45,1549647,F4-e003Coalescence-mGAM-p7_S159,100059
56,C3-e003Coalescence-mBHI-p1_S726,4,1814974,F4-e003Coalescence-mGAM-p7_S159,100059
57,F4-e003Coalescence-mGAM-p1_S801,43,2082505,F4-e003Coalescence-mGAM-p7_S159,100059
58,B4-e003Coalescence-mGAM-p1_S737,2,2329051,F4-e003Coalescence-mGAM-p7_S159,100059
59,E3-e003Coalescence-mGAM-p1_S792,45,1419028,F4-e003Coalescence-mGAM-p7_S159,100059
60,F3-e003Coalescence-mGAM-p1_S793,10,2347771,F4-e003Coalescence-mGAM-p7_S159,100059
61,Coalescence-D1-B2-AA-ACPP-mBHI-mGAM-5_S656,0,2325618,F4-e003Coalescence-mGAM-p7_S159,100059
62,Coalescence-B4-D3-ACPP-AF-mBHI-mGAM-7_S635,5,2332904,F4-e003Coalescence-mGAM-p7_S159,100059
63,Coalescence-A6-B2-AA-ACPP-mBHI-mGAM-7_S625,0,2325429,F4-e003Coalescence-mGAM-p7_S159,100059
64,Coalescence-D12-B4-ACPP-AE-mBHI-mGAM-3_S667,0,2332403,F4-e003Coalescence-mGAM-p7_S159,100059
65,Coalescence-D7-A3-AA-ACPP-mBHI-mGAM-3_S662,0,2330889,F4-e003Coalescence-mGAM-p7_S159,100059
66,Coalescence-B9-G3-ACPP-AE-mBHI-mGAM-7_S640,3,2299288,F4-e003Coalescence-mGAM-p7_S159,100059
67,Coalescence-D11-B3-ACPP-ACPP-mBHI-mGAM-3_S666,0,2336011,F4-e003Coalescence-mGAM-p7_S159,100059
68,Coalescence-A7-B3-ACPP-ACPP-mBHI-mGAM-7_S626,0,2331105,F4-e003Coalescence-mGAM-p7_S159,100059
69,Coalescence-C5-A3-AA-ACPP-mBHI-mGAM-5_S648,0,2341229,F4-e003Coalescence-mGAM-p7_S159,100059
70,B3-e003Assembly-mBHI-p5,125,1671938,F4-e003Coalescence-mGAM-p7_S159,100059
71,C10-e003GlycerolRevival-mGAM-p2,8409,1999791,F4-e003Coalescence-mGAM-p7_S159,100059
72,Assembly-G9-C9-ACPP-mGAM-3_S700,6988,1714545,F4-e003Coalescence-mGAM-p7_S159,100059
73,Assembly-G2-B3-ACPP-mBHI-3_S693,830,2264296,F4-e003Coalescence-mGAM-p7_S159,100059
74,Assembly-G11-D9-ACPP-mGAM-3_S702,5854,1476979,F4-e003Coalescence-mGAM-p7_S159,100059
75,D_F10_e003Assembly_S358,8784,2229378,F4-e003Coalescence-mGAM-p7_S159,100059
0,A_C9_C2_AA_AE_mBHI_mBHI_4_S33,31,1160951,H3-e003Coalescence-mGAM-p5_S86,100059
1,A_E10_A3_ACPP_AA_mBHI_mGAM_4_S58,7,2331708,H3-e003Coalescence-mGAM-p5_S86,100059
2,A_G2_C3_ACPP_AE_mBHI_mGAM_2_S74,20,2114140,H3-e003Coalescence-mGAM-p5_S86,100059
3,A_G10_C3_ACPP_AE_mBHI_mGAM_4_S82,12,2328389,H3-e003Coalescence-mGAM-p5_S86,100059
4,A_H10_D3_ACPP_AF_mBHI_mGAM_4_S94,6,2339199,H3-e003Coalescence-mGAM-p5_S86,100059
5,B_E2_E3_ACPP_AA_mBHI_mGAM_2_S146,12,2315867,H3-e003Coalescence-mGAM-p5_S86,100059
6,B_H2_H3_ACPP_AF_mBHI_mGAM_2_S182,5,2342589,H3-e003Coalescence-mGAM-p5_S86,100059
7,C3-e003Coalescence-mGAM-p3,34,2330633,H3-e003Coalescence-mGAM-p5_S86,100059
8,B4-e003Coalescence-mGAM-p5,28,2297529,H3-e003Coalescence-mGAM-p5_S86,100059
9,B5-e003Coalescence-mGAM-p5,30,2230945,H3-e003Coalescence-mGAM-p5_S86,100059
10,C3-e003Coalescence-mGAM-p5,33,2320793,H3-e003Coalescence-mGAM-p5_S86,100059
11,B2-e003Coalescence-mGAM-p3,21,2302020,H3-e003Coalescence-mGAM-p5_S86,100059
12,D3-e003Coalescence-mGAM-p3,22,2304101,H3-e003Coalescence-mGAM-p5_S86,100059
13,D3-e003Coalescence-mGAM-p5,31,2345640,H3-e003Coalescence-mGAM-p5_S86,100059
14,A3-e003Coalescence-mGAM-p7,79,2224531,H3-e003Coalescence-mGAM-p5_S86,100059
15,C3-e003Coalescence-mGAM-p7,36,2337093,H3-e003Coalescence-mGAM-p5_S86,100059
16,B3-e003Coalescence-mGAM-p5,29,2323948,H3-e003Coalescence-mGAM-p5_S86,100059
17,B3-e003Coalescence-mBHI-p5,17,1072043,H3-e003Coalescence-mGAM-p5_S86,100059
18,B5-e003Coalescence-mGAM-p3,15,2263665,H3-e003Coalescence-mGAM-p5_S86,100059
19,F5-e003Coalescence-mGAM-p5_S64,7,2321521,H3-e003Coalescence-mGAM-p5_S86,100059
20,F5-e003Coalescence-mGAM-p7_S160,5,1792027,H3-e003Coalescence-mGAM-p5_S86,100059
21,E3-e003Coalescence-mGAM-p3_S58,6,2304171,H3-e003Coalescence-mGAM-p5_S86,100059
22,F2-e003Coalescence-mGAM-p7_S157,21,2169270,H3-e003Coalescence-mGAM-p5_S86,100059
23,H3-e003Coalescence-mGAM-p3_S94,5,2281366,H3-e003Coalescence-mGAM-p5_S86,100059
24,E3-e003Coalescence-mGAM-p5_S50,9,2328032,H3-e003Coalescence-mGAM-p5_S86,100059
25,F5-e003Coalescence-mGAM-p3_S72,5,1909764,H3-e003Coalescence-mGAM-p5_S86,100059
26,F2-e003Coalescence-mGAM-p5_S61,10,2319879,H3-e003Coalescence-mGAM-p5_S86,100059
27,F4-e003Coalescence-mGAM-p5_S63,7,2281603,H3-e003Coalescence-mGAM-p5_S86,100059
28,E3-e003Coalescence-mGAM-p7_S146,6,2284526,H3-e003Coalescence-mGAM-p5_S86,100059
29,F3-e003Coalescence-mGAM-p5_S62,9,2274734,H3-e003Coalescence-mGAM-p5_S86,100059
30,G3-e003Coalescence-mGAM-p3_S82,8,2315865,H3-e003Coalescence-mGAM-p5_S86,100059
31,F3-e003Coalescence-mGAM-p7_S158,13,1890761,H3-e003Coalescence-mGAM-p5_S86,100059
32,F2-e003Coalescence-mGAM-p3_S69,83,2223230,H3-e003Coalescence-mGAM-p5_S86,100059
33,G3-e003Coalescence-mGAM-p5_S74,8,2314417,H3-e003Coalescence-mGAM-p5_S86,100059
34,F4-e003Coalescence-mGAM-p3_S71,10,2322136,H3-e003Coalescence-mGAM-p5_S86,100059
35,F4-e003Coalescence-mGAM-p7_S159,7,2295820,H3-e003Coalescence-mGAM-p5_S86,100059
36,H3-e003Coalescence-mGAM-p5_S86,0,2254569,H3-e003Coalescence-mGAM-p5_S86,100059
37,D3-e003Coalescence-Inoculumn-mBHI,32,2396095,H3-e003Coalescence-mGAM-p5_S86,100059
38,B5-e003Coalescence-Inoculumn-mBHI,29,2350303,H3-e003Coalescence-mGAM-p5_S86,100059
39,A3-e003Coalescence-mBHI-inoculumn-redo,24,1788568,H3-e003Coalescence-mGAM-p5_S86,100059
40,B3-e003Coalescence-Inoculumn-mBHI,33,2381229,H3-e003Coalescence-mGAM-p5_S86,100059
41,B2-e003Coalescence-Inoculumn-mBHI,42,2353136,H3-e003Coalescence-mGAM-p5_S86,100059
42,C3-e003Coalescence-mBHI-inoculumn-redo,47,2362051,H3-e003Coalescence-mGAM-p5_S86,100059
43,B4-e003Coalescence-Inoculumn-mBHI,57,2359806,H3-e003Coalescence-mGAM-p5_S86,100059
44,B3-e003Coalescence-mGAM-p1_S729,22,2342364,H3-e003Coalescence-mGAM-p5_S86,100059
45,B5-e003Coalescence-mGAM-p1_S745,50,1357308,H3-e003Coalescence-mGAM-p5_S86,100059
46,D3-e003Coalescence-mGAM-p1_S731,24,2257246,H3-e003Coalescence-mGAM-p5_S86,100059
47,G3-e003Coalescence-mBHI-p1_S790,17,1758065,H3-e003Coalescence-mGAM-p5_S86,100059
48,A3-e003Coalescence-mGAM-p1_S728,44,1780223,H3-e003Coalescence-mGAM-p5_S86,100059
49,B3-e003Coalescence-mBHI-p1_S725,20,2066919,H3-e003Coalescence-mGAM-p5_S86,100059
50,C3-e003Coalescence-mGAM-p1_S730,45,1716039,H3-e003Coalescence-mGAM-p5_S86,100059
51,F3-e003Coalescence-mBHI-p1_S789,10,1571983,H3-e003Coalescence-mGAM-p5_S86,100059
52,B4-e003Coalescence-mBHI-p1_S733,26,1656166,H3-e003Coalescence-mGAM-p5_S86,100059
53,F2-e003Coalescence-mGAM-p1_S785,52,2169203,H3-e003Coalescence-mGAM-p5_S86,100059
54,F5-e003Coalescence-mGAM-p1_S809,10,2299166,H3-e003Coalescence-mGAM-p5_S86,100059
55,G3-e003Coalescence-mGAM-p1_S794,44,1549647,H3-e003Coalescence-mGAM-p5_S86,100059
56,C3-e003Coalescence-mBHI-p1_S726,23,1814974,H3-e003Coalescence-mGAM-p5_S86,100059
57,F4-e003Coalescence-mGAM-p1_S801,40,2082505,H3-e003Coalescence-mGAM-p5_S86,100059
58,B4-e003Coalescence-mGAM-p1_S737,8,2329051,H3-e003Coalescence-mGAM-p5_S86,100059
59,E3-e003Coalescence-mGAM-p1_S792,74,1419028,H3-e003Coalescence-mGAM-p5_S86,100059
60,F3-e003Coalescence-mGAM-p1_S793,14,2347771,H3-e003Coalescence-mGAM-p5_S86,100059
61,Coalescence-D1-B2-AA-ACPP-mBHI-mGAM-5_S656,8,2325618,H3-e003Coalescence-mGAM-p5_S86,100059
62,Coalescence-B4-D3-ACPP-AF-mBHI-mGAM-7_S635,6,2332904,H3-e003Coalescence-mGAM-p5_S86,100059
63,Coalescence-A6-B2-AA-ACPP-mBHI-mGAM-7_S625,8,2325429,H3-e003Coalescence-mGAM-p5_S86,100059
64,Coalescence-D12-B4-ACPP-AE-mBHI-mGAM-3_S667,10,2332403,H3-e003Coalescence-mGAM-p5_S86,100059
65,Coalescence-D7-A3-AA-ACPP-mBHI-mGAM-3_S662,6,2330889,H3-e003Coalescence-mGAM-p5_S86,100059
66,Coalescence-B9-G3-ACPP-AE-mBHI-mGAM-7_S640,12,2299288,H3-e003Coalescence-mGAM-p5_S86,100059
67,Coalescence-D11-B3-ACPP-ACPP-mBHI-mGAM-3_S666,11,2336011,H3-e003Coalescence-mGAM-p5_S86,100059
68,Coalescence-A7-B3-ACPP-ACPP-mBHI-mGAM-7_S626,13,2331105,H3-e003Coalescence-mGAM-p5_S86,100059
69,Coalescence-C5-A3-AA-ACPP-mBHI-mGAM-5_S648,11,2341229,H3-e003Coalescence-mGAM-p5_S86,100059
70,B3-e003Assembly-mBHI-p5,103,1671938,H3-e003Coalescence-mGAM-p5_S86,100059
71,C10-e003GlycerolRevival-mGAM-p2,6524,1999791,H3-e003Coalescence-mGAM-p5_S86,100059
72,Assembly-G9-C9-ACPP-mGAM-3_S700,5385,1714545,H3-e003Coalescence-mGAM-p5_S86,100059
73,Assembly-G2-B3-ACPP-mBHI-3_S693,666,2264296,H3-e003Coalescence-mGAM-p5_S86,100059
74,Assembly-G11-D9-ACPP-mGAM-3_S702,4543,1476979,H3-e003Coalescence-mGAM-p5_S86,100059
75,D_F10_e003Assembly_S358,6793,2229378,H3-e003Coalescence-mGAM-p5_S86,100059
0,A_C9_C2_AA_AE_mBHI_mBHI_4_S33,42,1160951,D3-e003Coalescence-Inoculumn-mBHI,100059
1,A_E10_A3_ACPP_AA_mBHI_mGAM_4_S58,27,2331708,D3-e003Coalescence-Inoculumn-mBHI,100059
2,A_G2_C3_ACPP_AE_mBHI_mGAM_2_S74,33,2114140,D3-e003Coalescence-Inoculumn-mBHI,100059
3,A_G10_C3_ACPP_AE_mBHI_mGAM_4_S82,25,2328389,D3-e003Coalescence-Inoculumn-mBHI,100059
4,A_H10_D3_ACPP_AF_mBHI_mGAM_4_S94,25,2339199,D3-e003Coalescence-Inoculumn-mBHI,100059
5,B_E2_E3_ACPP_AA_mBHI_mGAM_2_S146,68,2315867,D3-e003Coalescence-Inoculumn-mBHI,100059
6,B_H2_H3_ACPP_AF_mBHI_mGAM_2_S182,28,2342589,D3-e003Coalescence-Inoculumn-mBHI,100059
7,C3-e003Coalescence-mGAM-p3,0,2330633,D3-e003Coalescence-Inoculumn-mBHI,100059
8,B4-e003Coalescence-mGAM-p5,7,2297529,D3-e003Coalescence-Inoculumn-mBHI,100059
9,B5-e003Coalescence-mGAM-p5,0,2230945,D3-e003Coalescence-Inoculumn-mBHI,100059
10,C3-e003Coalescence-mGAM-p5,0,2320793,D3-e003Coalescence-Inoculumn-mBHI,100059
11,B2-e003Coalescence-mGAM-p3,5,2302020,D3-e003Coalescence-Inoculumn-mBHI,100059
12,D3-e003Coalescence-mGAM-p3,7,2304101,D3-e003Coalescence-Inoculumn-mBHI,100059
13,D3-e003Coalescence-mGAM-p5,0,2345640,D3-e003Coalescence-Inoculumn-mBHI,100059
14,A3-e003Coalescence-mGAM-p7,170,2224531,D3-e003Coalescence-Inoculumn-mBHI,100059
15,C3-e003Coalescence-mGAM-p7,0,2337093,D3-e003Coalescence-Inoculumn-mBHI,100059
16,B3-e003Coalescence-mGAM-p5,0,2323948,D3-e003Coalescence-Inoculumn-mBHI,100059
17,B3-e003Coalescence-mBHI-p5,5,1072043,D3-e003Coalescence-Inoculumn-mBHI,100059
18,B5-e003Coalescence-mGAM-p3,2,2263665,D3-e003Coalescence-Inoculumn-mBHI,100059
19,F5-e003Coalescence-mGAM-p5_S64,17,2321521,D3-e003Coalescence-Inoculumn-mBHI,100059
20,F5-e003Coalescence-mGAM-p7_S160,15,1792027,D3-e003Coalescence-Inoculumn-mBHI,100059
21,E3-e003Coalescence-mGAM-p3_S58,20,2304171,D3-e003Coalescence-Inoculumn-mBHI,100059
22,F2-e003Coalescence-mGAM-p7_S157,82,2169270,D3-e003Coalescence-Inoculumn-mBHI,100059
23,H3-e003Coalescence-mGAM-p3_S94,19,2281366,D3-e003Coalescence-Inoculumn-mBHI,100059
24,E3-e003Coalescence-mGAM-p5_S50,25,2328032,D3-e003Coalescence-Inoculumn-mBHI,100059
25,F5-e003Coalescence-mGAM-p3_S72,22,1909764,D3-e003Coalescence-Inoculumn-mBHI,100059
26,F2-e003Coalescence-mGAM-p5_S61,21,2319879,D3-e003Coalescence-Inoculumn-mBHI,100059
27,F4-e003Coalescence-mGAM-p5_S63,16,2281603,D3-e003Coalescence-Inoculumn-mBHI,100059
28,E3-e003Coalescence-mGAM-p7_S146,20,2284526,D3-e003Coalescence-Inoculumn-mBHI,100059
29,F3-e003Coalescence-mGAM-p5_S62,21,2274734,D3-e003Coalescence-Inoculumn-mBHI,100059
30,G3-e003Coalescence-mGAM-p3_S82,20,2315865,D3-e003Coalescence-Inoculumn-mBHI,100059
31,F3-e003Coalescence-mGAM-p7_S158,40,1890761,D3-e003Coalescence-Inoculumn-mBHI,100059
32,F2-e003Coalescence-mGAM-p3_S69,197,2223230,D3-e003Coalescence-Inoculumn-mBHI,100059
33,G3-e003Coalescence-mGAM-p5_S74,17,2314417,D3-e003Coalescence-Inoculumn-mBHI,100059
34,F4-e003Coalescence-mGAM-p3_S71,20,2322136,D3-e003Coalescence-Inoculumn-mBHI,100059
35,F4-e003Coalescence-mGAM-p7_S159,21,2295820,D3-e003Coalescence-Inoculumn-mBHI,100059
36,H3-e003Coalescence-mGAM-p5_S86,32,2254569,D3-e003Coalescence-Inoculumn-mBHI,100059
37,D3-e003Coalescence-Inoculumn-mBHI,0,2396095,D3-e003Coalescence-Inoculumn-mBHI,100059
38,B5-e003Coalescence-Inoculumn-mBHI,0,2350303,D3-e003Coalescence-Inoculumn-mBHI,100059
39,A3-e003Coalescence-mBHI-inoculumn-redo,46,1788568,D3-e003Coalescence-Inoculumn-mBHI,100059
40,B3-e003Coalescence-Inoculumn-mBHI,0,2381229,D3-e003Coalescence-Inoculumn-mBHI,100059
41,B2-e003Coalescence-Inoculumn-mBHI,57,2353136,D3-e003Coalescence-Inoculumn-mBHI,100059
42,C3-e003Coalescence-mBHI-inoculumn-redo,62,2362051,D3-e003Coalescence-Inoculumn-mBHI,100059
43,B4-e003Coalescence-Inoculumn-mBHI,125,2359806,D3-e003Coalescence-Inoculumn-mBHI,100059
44,B3-e003Coalescence-mGAM-p1_S729,33,2342364,D3-e003Coalescence-Inoculumn-mBHI,100059
45,B5-e003Coalescence-mGAM-p1_S745,85,1357308,D3-e003Coalescence-Inoculumn-mBHI,100059
46,D3-e003Coalescence-mGAM-p1_S731,59,2257246,D3-e003Coalescence-Inoculumn-mBHI,100059
47,G3-e003Coalescence-mBHI-p1_S790,16,1758065,D3-e003Coalescence-Inoculumn-mBHI,100059
48,A3-e003Coalescence-mGAM-p1_S728,222,1780223,D3-e003Coalescence-Inoculumn-mBHI,100059
49,B3-e003Coalescence-mBHI-p1_S725,21,2066919,D3-e003Coalescence-Inoculumn-mBHI,100059
50,C3-e003Coalescence-mGAM-p1_S730,77,1716039,D3-e003Coalescence-Inoculumn-mBHI,100059
51,F3-e003Coalescence-mBHI-p1_S789,16,1571983,D3-e003Coalescence-Inoculumn-mBHI,100059
52,B4-e003Coalescence-mBHI-p1_S733,38,1656166,D3-e003Coalescence-Inoculumn-mBHI,100059
53,F2-e003Coalescence-mGAM-p1_S785,284,2169203,D3-e003Coalescence-Inoculumn-mBHI,100059
54,F5-e003Coalescence-mGAM-p1_S809,57,2299166,D3-e003Coalescence-Inoculumn-mBHI,100059
55,G3-e003Coalescence-mGAM-p1_S794,82,1549647,D3-e003Coalescence-Inoculumn-mBHI,100059
56,C3-e003Coalescence-mBHI-p1_S726,29,1814974,D3-e003Coalescence-Inoculumn-mBHI,100059
57,F4-e003Coalescence-mGAM-p1_S801,78,2082505,D3-e003Coalescence-Inoculumn-mBHI,100059
58,B4-e003Coalescence-mGAM-p1_S737,32,2329051,D3-e003Coalescence-Inoculumn-mBHI,100059
59,E3-e003Coalescence-mGAM-p1_S792,284,1419028,D3-e003Coalescence-Inoculumn-mBHI,100059
60,F3-e003Coalescence-mGAM-p1_S793,31,2347771,D3-e003Coalescence-Inoculumn-mBHI,100059
61,Coalescence-D1-B2-AA-ACPP-mBHI-mGAM-5_S656,20,2325618,D3-e003Coalescence-Inoculumn-mBHI,100059
62,Coalescence-B4-D3-ACPP-AF-mBHI-mGAM-7_S635,29,2332904,D3-e003Coalescence-Inoculumn-mBHI,100059
63,Coalescence-A6-B2-AA-ACPP-mBHI-mGAM-7_S625,28,2325429,D3-e003Coalescence-Inoculumn-mBHI,100059
64,Coalescence-D12-B4-ACPP-AE-mBHI-mGAM-3_S667,25,2332403,D3-e003Coalescence-Inoculumn-mBHI,100059
65,Coalescence-D7-A3-AA-ACPP-mBHI-mGAM-3_S662,29,2330889,D3-e003Coalescence-Inoculumn-mBHI,100059
66,Coalescence-B9-G3-ACPP-AE-mBHI-mGAM-7_S640,28,2299288,D3-e003Coalescence-Inoculumn-mBHI,100059
67,Coalescence-D11-B3-ACPP-ACPP-mBHI-mGAM-3_S666,26,2336011,D3-e003Coalescence-Inoculumn-mBHI,100059
68,Coalescence-A7-B3-ACPP-ACPP-mBHI-mGAM-7_S626,24,2331105,D3-e003Coalescence-Inoculumn-mBHI,100059
69,Coalescence-C5-A3-AA-ACPP-mBHI-mGAM-5_S648,31,2341229,D3-e003Coalescence-Inoculumn-mBHI,100059
70,B3-e003Assembly-mBHI-p5,151,1671938,D3-e003Coalescence-Inoculumn-mBHI,100059
71,C10-e003GlycerolRevival-mGAM-p2,10987,1999791,D3-e003Coalescence-Inoculumn-mBHI,100059
72,Assembly-G9-C9-ACPP-mGAM-3_S700,9070,1714545,D3-e003Coalescence-Inoculumn-mBHI,100059
73,Assembly-G2-B3-ACPP-mBHI-3_S693,1213,2264296,D3-e003Coalescence-Inoculumn-mBHI,100059
74,Assembly-G11-D9-ACPP-mGAM-3_S702,7710,1476979,D3-e003Coalescence-Inoculumn-mBHI,100059
75,D_F10_e003Assembly_S358,11526,2229378,D3-e003Coalescence-Inoculumn-mBHI,100059
0,A_C9_C2_AA_AE_mBHI_mBHI_4_S33,35,1160951,B5-e003Coalescence-Inoculumn-mBHI,100059
1,A_E10_A3_ACPP_AA_mBHI_mGAM_4_S58,21,2331708,B5-e003Coalescence-Inoculumn-mBHI,100059
2,A_G2_C3_ACPP_AE_mBHI_mGAM_2_S74,28,2114140,B5-e003Coalescence-Inoculumn-mBHI,100059
3,A_G10_C3_ACPP_AE_mBHI_mGAM_4_S82,19,2328389,B5-e003Coalescence-Inoculumn-mBHI,100059
4,A_H10_D3_ACPP_AF_mBHI_mGAM_4_S94,20,2339199,B5-e003Coalescence-Inoculumn-mBHI,100059
5,B_E2_E3_ACPP_AA_mBHI_mGAM_2_S146,49,2315867,B5-e003Coalescence-Inoculumn-mBHI,100059
6,B_H2_H3_ACPP_AF_mBHI_mGAM_2_S182,20,2342589,B5-e003Coalescence-Inoculumn-mBHI,100059
7,C3-e003Coalescence-mGAM-p3,0,2330633,B5-e003Coalescence-Inoculumn-mBHI,100059
8,B4-e003Coalescence-mGAM-p5,3,2297529,B5-e003Coalescence-Inoculumn-mBHI,100059
9,B5-e003Coalescence-mGAM-p5,0,2230945,B5-e003Coalescence-Inoculumn-mBHI,100059
10,C3-e003Coalescence-mGAM-p5,0,2320793,B5-e003Coalescence-Inoculumn-mBHI,100059
11,B2-e003Coalescence-mGAM-p3,3,2302020,B5-e003Coalescence-Inoculumn-mBHI,100059
12,D3-e003Coalescence-mGAM-p3,7,2304101,B5-e003Coalescence-Inoculumn-mBHI,100059
13,D3-e003Coalescence-mGAM-p5,0,2345640,B5-e003Coalescence-Inoculumn-mBHI,100059
14,A3-e003Coalescence-mGAM-p7,156,2224531,B5-e003Coalescence-Inoculumn-mBHI,100059
15,C3-e003Coalescence-mGAM-p7,0,2337093,B5-e003Coalescence-Inoculumn-mBHI,100059
16,B3-e003Coalescence-mGAM-p5,0,2323948,B5-e003Coalescence-Inoculumn-mBHI,100059
17,B3-e003Coalescence-mBHI-p5,2,1072043,B5-e003Coalescence-Inoculumn-mBHI,100059
18,B5-e003Coalescence-mGAM-p3,2,2263665,B5-e003Coalescence-Inoculumn-mBHI,100059
19,F5-e003Coalescence-mGAM-p5_S64,15,2321521,B5-e003Coalescence-Inoculumn-mBHI,100059
20,F5-e003Coalescence-mGAM-p7_S160,16,1792027,B5-e003Coalescence-Inoculumn-mBHI,100059
21,E3-e003Coalescence-mGAM-p3_S58,17,2304171,B5-e003Coalescence-Inoculumn-mBHI,100059
22,F2-e003Coalescence-mGAM-p7_S157,70,2169270,B5-e003Coalescence-Inoculumn-mBHI,100059
23,H3-e003Coalescence-mGAM-p3_S94,17,2281366,B5-e003Coalescence-Inoculumn-mBHI,100059
24,E3-e003Coalescence-mGAM-p5_S50,17,2328032,B5-e003Coalescence-Inoculumn-mBHI,100059
25,F5-e003Coalescence-mGAM-p3_S72,22,1909764,B5-e003Coalescence-Inoculumn-mBHI,100059
26,F2-e003Coalescence-mGAM-p5_S61,18,2319879,B5-e003Coalescence-Inoculumn-mBHI,100059
27,F4-e003Coalescence-mGAM-p5_S63,15,2281603,B5-e003Coalescence-Inoculumn-mBHI,100059
28,E3-e003Coalescence-mGAM-p7_S146,14,2284526,B5-e003Coalescence-Inoculumn-mBHI,100059
29,F3-e003Coalescence-mGAM-p5_S62,19,2274734,B5-e003Coalescence-Inoculumn-mBHI,100059
30,G3-e003Coalescence-mGAM-p3_S82,15,2315865,B5-e003Coalescence-Inoculumn-mBHI,100059
31,F3-e003Coalescence-mGAM-p7_S158,37,1890761,B5-e003Coalescence-Inoculumn-mBHI,100059
32,F2-e003Coalescence-mGAM-p3_S69,175,2223230,B5-e003Coalescence-Inoculumn-mBHI,100059
33,G3-e003Coalescence-mGAM-p5_S74,15,2314417,B5-e003Coalescence-Inoculumn-mBHI,100059
34,F4-e003Coalescence-mGAM-p3_S71,16,2322136,B5-e003Coalescence-Inoculumn-mBHI,100059
35,F4-e003Coalescence-mGAM-p7_S159,19,2295820,B5-e003Coalescence-Inoculumn-mBHI,100059
36,H3-e003Coalescence-mGAM-p5_S86,29,2254569,B5-e003Coalescence-Inoculumn-mBHI,100059
37,D3-e003Coalescence-Inoculumn-mBHI,0,2396095,B5-e003Coalescence-Inoculumn-mBHI,100059
38,B5-e003Coalescence-Inoculumn-mBHI,0,2350303,B5-e003Coalescence-Inoculumn-mBHI,100059
39,A3-e003Coalescence-mBHI-inoculumn-redo,51,1788568,B5-e003Coalescence-Inoculumn-mBHI,100059
40,B3-e003Coalescence-Inoculumn-mBHI,0,2381229,B5-e003Coalescence-Inoculumn-mBHI,100059
41,B2-e003Coalescence-Inoculumn-mBHI,53,2353136,B5-e003Coalescence-Inoculumn-mBHI,100059
42,C3-e003Coalescence-mBHI-inoculumn-redo,61,2362051,B5-e003Coalescence-Inoculumn-mBHI,100059
43,B4-e003Coalescence-Inoculumn-mBHI,115,2359806,B5-e003Coalescence-Inoculumn-mBHI,100059
44,B3-e003Coalescence-mGAM-p1_S729,23,2342364,B5-e003Coalescence-Inoculumn-mBHI,100059
45,B5-e003Coalescence-mGAM-p1_S745,83,1357308,B5-e003Coalescence-Inoculumn-mBHI,100059
46,D3-e003Coalescence-mGAM-p1_S731,65,2257246,B5-e003Coalescence-Inoculumn-mBHI,100059
47,G3-e003Coalescence-mBHI-p1_S790,11,1758065,B5-e003Coalescence-Inoculumn-mBHI,100059
48,A3-e003Coalescence-mGAM-p1_S728,208,1780223,B5-e003Coalescence-Inoculumn-mBHI,100059
49,B3-e003Coalescence-mBHI-p1_S725,12,2066919,B5-e003Coalescence-Inoculumn-mBHI,100059
50,C3-e003Coalescence-mGAM-p1_S730,69,1716039,B5-e003Coalescence-Inoculumn-mBHI,100059
51,F3-e003Coalescence-mBHI-p1_S789,12,1571983,B5-e003Coalescence-Inoculumn-mBHI,100059
52,B4-e003Coalescence-mBHI-p1_S733,34,1656166,B5-e003Coalescence-Inoculumn-mBHI,100059
53,F2-e003Coalescence-mGAM-p1_S785,264,2169203,B5-e003Coalescence-Inoculumn-mBHI,100059
54,F5-e003Coalescence-mGAM-p1_S809,54,2299166,B5-e003Coalescence-Inoculumn-mBHI,100059
55,G3-e003Coalescence-mGAM-p1_S794,73,1549647,B5-e003Coalescence-Inoculumn-mBHI,100059
56,C3-e003Coalescence-mBHI-p1_S726,28,1814974,B5-e003Coalescence-Inoculumn-mBHI,100059
57,F4-e003Coalescence-mGAM-p1_S801,79,2082505,B5-e003Coalescence-Inoculumn-mBHI,100059
58,B4-e003Coalescence-mGAM-p1_S737,29,2329051,B5-e003Coalescence-Inoculumn-mBHI,100059
59,E3-e003Coalescence-mGAM-p1_S792,270,1419028,B5-e003Coalescence-Inoculumn-mBHI,100059
60,F3-e003Coalescence-mGAM-p1_S793,27,2347771,B5-e003Coalescence-Inoculumn-mBHI,100059
61,Coalescence-D1-B2-AA-ACPP-mBHI-mGAM-5_S656,13,2325618,B5-e003Coalescence-Inoculumn-mBHI,100059
62,Coalescence-B4-D3-ACPP-AF-mBHI-mGAM-7_S635,24,2332904,B5-e003Coalescence-Inoculumn-mBHI,100059
63,Coalescence-A6-B2-AA-ACPP-mBHI-mGAM-7_S625,20,2325429,B5-e003Coalescence-Inoculumn-mBHI,100059
64,Coalescence-D12-B4-ACPP-AE-mBHI-mGAM-3_S667,18,2332403,B5-e003Coalescence-Inoculumn-mBHI,100059
65,Coalescence-D7-A3-AA-ACPP-mBHI-mGAM-3_S662,24,2330889,B5-e003Coalescence-Inoculumn-mBHI,100059
66,Coalescence-B9-G3-ACPP-AE-mBHI-mGAM-7_S640,18,2299288,B5-e003Coalescence-Inoculumn-mBHI,100059
67,Coalescence-D11-B3-ACPP-ACPP-mBHI-mGAM-3_S666,18,2336011,B5-e003Coalescence-Inoculumn-mBHI,100059
68,Coalescence-A7-B3-ACPP-ACPP-mBHI-mGAM-7_S626,17,2331105,B5-e003Coalescence-Inoculumn-mBHI,100059
69,Coalescence-C5-A3-AA-ACPP-mBHI-mGAM-5_S648,23,2341229,B5-e003Coalescence-Inoculumn-mBHI,100059
70,B3-e003Assembly-mBHI-p5,144,1671938,B5-e003Coalescence-Inoculumn-mBHI,100059
71,C10-e003GlycerolRevival-mGAM-p2,10750,1999791,B5-e003Coalescence-Inoculumn-mBHI,100059
72,Assembly-G9-C9-ACPP-mGAM-3_S700,8880,1714545,B5-e003Coalescence-Inoculumn-mBHI,100059
73,Assembly-G2-B3-ACPP-mBHI-3_S693,1149,2264296,B5-e003Coalescence-Inoculumn-mBHI,100059
74,Assembly-G11-D9-ACPP-mGAM-3_S702,7577,1476979,B5-e003Coalescence-Inoculumn-mBHI,100059
75,D_F10_e003Assembly_S358,11246,2229378,B5-e003Coalescence-Inoculumn-mBHI,100059
0,A_C9_C2_AA_AE_mBHI_mBHI_4_S33,19,1160951,A3-e003Coalescence-mBHI-inoculumn-redo,100059
1,A_E10_A3_ACPP_AA_mBHI_mGAM_4_S58,17,2331708,A3-e003Coalescence-mBHI-inoculumn-redo,100059
2,A_G2_C3_ACPP_AE_mBHI_mGAM_2_S74,22,2114140,A3-e003Coalescence-mBHI-inoculumn-redo,100059
3,A_G10_C3_ACPP_AE_mBHI_mGAM_4_S82,14,2328389,A3-e003Coalescence-mBHI-inoculumn-redo,100059
4,A_H10_D3_ACPP_AF_mBHI_mGAM_4_S94,14,2339199,A3-e003Coalescence-mBHI-inoculumn-redo,100059
5,B_E2_E3_ACPP_AA_mBHI_mGAM_2_S146,28,2315867,A3-e003Coalescence-mBHI-inoculumn-redo,100059
6,B_H2_H3_ACPP_AF_mBHI_mGAM_2_S182,15,2342589,A3-e003Coalescence-mBHI-inoculumn-redo,100059
7,C3-e003Coalescence-mGAM-p3,1,2330633,A3-e003Coalescence-mBHI-inoculumn-redo,100059
8,B4-e003Coalescence-mGAM-p5,13,2297529,A3-e003Coalescence-mBHI-inoculumn-redo,100059
9,B5-e003Coalescence-mGAM-p5,3,2230945,A3-e003Coalescence-mBHI-inoculumn-redo,100059
10,C3-e003Coalescence-mGAM-p5,3,2320793,A3-e003Coalescence-mBHI-inoculumn-redo,100059
11,B2-e003Coalescence-mGAM-p3,8,2302020,A3-e003Coalescence-mBHI-inoculumn-redo,100059
12,D3-e003Coalescence-mGAM-p3,9,2304101,A3-e003Coalescence-mBHI-inoculumn-redo,100059
13,D3-e003Coalescence-mGAM-p5,2,2345640,A3-e003Coalescence-mBHI-inoculumn-redo,100059
14,A3-e003Coalescence-mGAM-p7,94,2224531,A3-e003Coalescence-mBHI-inoculumn-redo,100059
15,C3-e003Coalescence-mGAM-p7,0,2337093,A3-e003Coalescence-mBHI-inoculumn-redo,100059
16,B3-e003Coalescence-mGAM-p5,3,2323948,A3-e003Coalescence-mBHI-inoculumn-redo,100059
17,B3-e003Coalescence-mBHI-p5,29,1072043,A3-e003Coalescence-mBHI-inoculumn-redo,100059
18,B5-e003Coalescence-mGAM-p3,2,2263665,A3-e003Coalescence-mBHI-inoculumn-redo,100059
19,F5-e003Coalescence-mGAM-p5_S64,11,2321521,A3-e003Coalescence-mBHI-inoculumn-redo,100059
20,F5-e003Coalescence-mGAM-p7_S160,28,1792027,A3-e003Coalescence-mBHI-inoculumn-redo,100059
21,E3-e003Coalescence-mGAM-p3_S58,13,2304171,A3-e003Coalescence-mBHI-inoculumn-redo,100059
22,F2-e003Coalescence-mGAM-p7_S157,25,2169270,A3-e003Coalescence-mBHI-inoculumn-redo,100059
23,H3-e003Coalescence-mGAM-p3_S94,13,2281366,A3-e003Coalescence-mBHI-inoculumn-redo,100059
24,E3-e003Coalescence-mGAM-p5_S50,14,2328032,A3-e003Coalescence-mBHI-inoculumn-redo,100059
25,F5-e003Coalescence-mGAM-p3_S72,11,1909764,A3-e003Coalescence-mBHI-inoculumn-redo,100059
26,F2-e003Coalescence-mGAM-p5_S61,14,2319879,A3-e003Coalescence-mBHI-inoculumn-redo,100059
27,F4-e003Coalescence-mGAM-p5_S63,9,2281603,A3-e003Coalescence-mBHI-inoculumn-redo,100059
28,E3-e003Coalescence-mGAM-p7_S146,11,2284526,A3-e003Coalescence-mBHI-inoculumn-redo,100059
29,F3-e003Coalescence-mGAM-p5_S62,17,2274734,A3-e003Coalescence-mBHI-inoculumn-redo,100059
30,G3-e003Coalescence-mGAM-p3_S82,12,2315865,A3-e003Coalescence-mBHI-inoculumn-redo,100059
31,F3-e003Coalescence-mGAM-p7_S158,33,1890761,A3-e003Coalescence-mBHI-inoculumn-redo,100059
32,F2-e003Coalescence-mGAM-p3_S69,105,2223230,A3-e003Coalescence-mBHI-inoculumn-redo,100059
33,G3-e003Coalescence-mGAM-p5_S74,10,2314417,A3-e003Coalescence-mBHI-inoculumn-redo,100059
34,F4-e003Coalescence-mGAM-p3_S71,11,2322136,A3-e003Coalescence-mBHI-inoculumn-redo,100059
35,F4-e003Coalescence-mGAM-p7_S159,12,2295820,A3-e003Coalescence-mBHI-inoculumn-redo,100059
36,H3-e003Coalescence-mGAM-p5_S86,24,2254569,A3-e003Coalescence-mBHI-inoculumn-redo,100059
37,D3-e003Coalescence-Inoculumn-mBHI,46,2396095,A3-e003Coalescence-mBHI-inoculumn-redo,100059
38,B5-e003Coalescence-Inoculumn-mBHI,51,2350303,A3-e003Coalescence-mBHI-inoculumn-redo,100059
39,A3-e003Coalescence-mBHI-inoculumn-redo,0,1788568,A3-e003Coalescence-mBHI-inoculumn-redo,100059
40,B3-e003Coalescence-Inoculumn-mBHI,47,2381229,A3-e003Coalescence-mBHI-inoculumn-redo,100059
41,B2-e003Coalescence-Inoculumn-mBHI,13,2353136,A3-e003Coalescence-mBHI-inoculumn-redo,100059
42,C3-e003Coalescence-mBHI-inoculumn-redo,46,2362051,A3-e003Coalescence-mBHI-inoculumn-redo,100059
43,B4-e003Coalescence-Inoculumn-mBHI,70,2359806,A3-e003Coalescence-mBHI-inoculumn-redo,100059
44,B3-e003Coalescence-mGAM-p1_S729,49,2342364,A3-e003Coalescence-mBHI-inoculumn-redo,100059
45,B5-e003Coalescence-mGAM-p1_S745,68,1357308,A3-e003Coalescence-mBHI-inoculumn-redo,100059
46,D3-e003Coalescence-mGAM-p1_S731,63,2257246,A3-e003Coalescence-mBHI-inoculumn-redo,100059
47,G3-e003Coalescence-mBHI-p1_S790,38,1758065,A3-e003Coalescence-mBHI-inoculumn-redo,100059
48,A3-e003Coalescence-mGAM-p1_S728,67,1780223,A3-e003Coalescence-mBHI-inoculumn-redo,100059
49,B3-e003Coalescence-mBHI-p1_S725,46,2066919,A3-e003Coalescence-mBHI-inoculumn-redo,100059
50,C3-e003Coalescence-mGAM-p1_S730,60,1716039,A3-e003Coalescence-mBHI-inoculumn-redo,100059
51,F3-e003Coalescence-mBHI-p1_S789,38,1571983,A3-e003Coalescence-mBHI-inoculumn-redo,100059
52,B4-e003Coalescence-mBHI-p1_S733,45,1656166,A3-e003Coalescence-mBHI-inoculumn-redo,100059
53,F2-e003Coalescence-mGAM-p1_S785,65,2169203,A3-e003Coalescence-mBHI-inoculumn-redo,100059
54,F5-e003Coalescence-mGAM-p1_S809,69,2299166,A3-e003Coalescence-mBHI-inoculumn-redo,100059
55,G3-e003Coalescence-mGAM-p1_S794,77,1549647,A3-e003Coalescence-mBHI-inoculumn-redo,100059
56,C3-e003Coalescence-mBHI-p1_S726,40,1814974,A3-e003Coalescence-mBHI-inoculumn-redo,100059
57,F4-e003Coalescence-mGAM-p1_S801,79,2082505,A3-e003Coalescence-mBHI-inoculumn-redo,100059
58,B4-e003Coalescence-mGAM-p1_S737,28,2329051,A3-e003Coalescence-mBHI-inoculumn-redo,100059
59,E3-e003Coalescence-mGAM-p1_S792,63,1419028,A3-e003Coalescence-mBHI-inoculumn-redo,100059
60,F3-e003Coalescence-mGAM-p1_S793,54,2347771,A3-e003Coalescence-mBHI-inoculumn-redo,100059
61,Coalescence-D1-B2-AA-ACPP-mBHI-mGAM-5_S656,15,2325618,A3-e003Coalescence-mBHI-inoculumn-redo,100059
62,Coalescence-B4-D3-ACPP-AF-mBHI-mGAM-7_S635,36,2332904,A3-e003Coalescence-mBHI-inoculumn-redo,100059
63,Coalescence-A6-B2-AA-ACPP-mBHI-mGAM-7_S625,16,2325429,A3-e003Coalescence-mBHI-inoculumn-redo,100059
64,Coalescence-D12-B4-ACPP-AE-mBHI-mGAM-3_S667,13,2332403,A3-e003Coalescence-mBHI-inoculumn-redo,100059
65,Coalescence-D7-A3-AA-ACPP-mBHI-mGAM-3_S662,22,2330889,A3-e003Coalescence-mBHI-inoculumn-redo,100059
66,Coalescence-B9-G3-ACPP-AE-mBHI-mGAM-7_S640,23,2299288,A3-e003Coalescence-mBHI-inoculumn-redo,100059
67,Coalescence-D11-B3-ACPP-ACPP-mBHI-mGAM-3_S666,15,2336011,A3-e003Coalescence-mBHI-inoculumn-redo,100059
68,Coalescence-A7-B3-ACPP-ACPP-mBHI-mGAM-7_S626,16,2331105,A3-e003Coalescence-mBHI-inoculumn-redo,100059
69,Coalescence-C5-A3-AA-ACPP-mBHI-mGAM-5_S648,22,2341229,A3-e003Coalescence-mBHI-inoculumn-redo,100059
70,B3-e003Assembly-mBHI-p5,133,1671938,A3-e003Coalescence-mBHI-inoculumn-redo,100059
71,C10-e003GlycerolRevival-mGAM-p2,7920,1999791,A3-e003Coalescence-mBHI-inoculumn-redo,100059
72,Assembly-G9-C9-ACPP-mGAM-3_S700,6674,1714545,A3-e003Coalescence-mBHI-inoculumn-redo,100059
73,Assembly-G2-B3-ACPP-mBHI-3_S693,861,2264296,A3-e003Coalescence-mBHI-inoculumn-redo,100059
74,Assembly-G11-D9-ACPP-mGAM-3_S702,5628,1476979,A3-e003Coalescence-mBHI-inoculumn-redo,100059
75,D_F10_e003Assembly_S358,8319,2229378,A3-e003Coalescence-mBHI-inoculumn-redo,100059
0,A_C9_C2_AA_AE_mBHI_mBHI_4_S33,39,1160951,B3-e003Coalescence-Inoculumn-mBHI,100059
1,A_E10_A3_ACPP_AA_mBHI_mGAM_4_S58,24,2331708,B3-e003Coalescence-Inoculumn-mBHI,100059
2,A_G2_C3_ACPP_AE_mBHI_mGAM_2_S74,30,2114140,B3-e003Coalescence-Inoculumn-mBHI,100059
3,A_G10_C3_ACPP_AE_mBHI_mGAM_4_S82,21,2328389,B3-e003Coalescence-Inoculumn-mBHI,100059
4,A_H10_D3_ACPP_AF_mBHI_mGAM_4_S94,21,2339199,B3-e003Coalescence-Inoculumn-mBHI,100059
5,B_E2_E3_ACPP_AA_mBHI_mGAM_2_S146,51,2315867,B3-e003Coalescence-Inoculumn-mBHI,100059
6,B_H2_H3_ACPP_AF_mBHI_mGAM_2_S182,24,2342589,B3-e003Coalescence-Inoculumn-mBHI,100059
7,C3-e003Coalescence-mGAM-p3,0,2330633,B3-e003Coalescence-Inoculumn-mBHI,100059
8,B4-e003Coalescence-mGAM-p5,6,2297529,B3-e003Coalescence-Inoculumn-mBHI,100059
9,B5-e003Coalescence-mGAM-p5,0,2230945,B3-e003Coalescence-Inoculumn-mBHI,100059
10,C3-e003Coalescence-mGAM-p5,0,2320793,B3-e003Coalescence-Inoculumn-mBHI,100059
11,B2-e003Coalescence-mGAM-p3,6,2302020,B3-e003Coalescence-Inoculumn-mBHI,100059
12,D3-e003Coalescence-mGAM-p3,7,2304101,B3-e003Coalescence-Inoculumn-mBHI,100059
13,D3-e003Coalescence-mGAM-p5,0,2345640,B3-e003Coalescence-Inoculumn-mBHI,100059
14,A3-e003Coalescence-mGAM-p7,167,2224531,B3-e003Coalescence-Inoculumn-mBHI,100059
15,C3-e003Coalescence-mGAM-p7,0,2337093,B3-e003Coalescence-Inoculumn-mBHI,100059
16,B3-e003Coalescence-mGAM-p5,0,2323948,B3-e003Coalescence-Inoculumn-mBHI,100059
17,B3-e003Coalescence-mBHI-p5,5,1072043,B3-e003Coalescence-Inoculumn-mBHI,100059
18,B5-e003Coalescence-mGAM-p3,2,2263665,B3-e003Coalescence-Inoculumn-mBHI,100059
19,F5-e003Coalescence-mGAM-p5_S64,15,2321521,B3-e003Coalescence-Inoculumn-mBHI,100059
20,F5-e003Coalescence-mGAM-p7_S160,16,1792027,B3-e003Coalescence-Inoculumn-mBHI,100059
21,E3-e003Coalescence-mGAM-p3_S58,20,2304171,B3-e003Coalescence-Inoculumn-mBHI,100059
22,F2-e003Coalescence-mGAM-p7_S157,83,2169270,B3-e003Coalescence-Inoculumn-mBHI,100059
23,H3-e003Coalescence-mGAM-p3_S94,18,2281366,B3-e003Coalescence-Inoculumn-mBHI,100059
24,E3-e003Coalescence-mGAM-p5_S50,23,2328032,B3-e003Coalescence-Inoculumn-mBHI,100059
25,F5-e003Coalescence-mGAM-p3_S72,20,1909764,B3-e003Coalescence-Inoculumn-mBHI,100059
26,F2-e003Coalescence-mGAM-p5_S61,20,2319879,B3-e003Coalescence-Inoculumn-mBHI,100059
27,F4-e003Coalescence-mGAM-p5_S63,17,2281603,B3-e003Coalescence-Inoculumn-mBHI,100059
28,E3-e003Coalescence-mGAM-p7_S146,17,2284526,B3-e003Coalescence-Inoculumn-mBHI,100059
29,F3-e003Coalescence-mGAM-p5_S62,18,2274734,B3-e003Coalescence-Inoculumn-mBHI,100059
30,G3-e003Coalescence-mGAM-p3_S82,18,2315865,B3-e003Coalescence-Inoculumn-mBHI,100059
31,F3-e003Coalescence-mGAM-p7_S158,42,1890761,B3-e003Coalescence-Inoculumn-mBHI,100059
32,F2-e003Coalescence-mGAM-p3_S69,189,2223230,B3-e003Coalescence-Inoculumn-mBHI,100059
33,G3-e003Coalescence-mGAM-p5_S74,15,2314417,B3-e003Coalescence-Inoculumn-mBHI,100059
34,F4-e003Coalescence-mGAM-p3_S71,18,2322136,B3-e003Coalescence-Inoculumn-mBHI,100059
35,F4-e003Coalescence-mGAM-p7_S159,20,2295820,B3-e003Coalescence-Inoculumn-mBHI,100059
36,H3-e003Coalescence-mGAM-p5_S86,33,2254569,B3-e003Coalescence-Inoculumn-mBHI,100059
37,D3-e003Coalescence-Inoculumn-mBHI,0,2396095,B3-e003Coalescence-Inoculumn-mBHI,100059
38,B5-e003Coalescence-Inoculumn-mBHI,0,2350303,B3-e003Coalescence-Inoculumn-mBHI,100059
39,A3-e003Coalescence-mBHI-inoculumn-redo,47,1788568,B3-e003Coalescence-Inoculumn-mBHI,100059
40,B3-e003Coalescence-Inoculumn-mBHI,0,2381229,B3-e003Coalescence-Inoculumn-mBHI,100059
41,B2-e003Coalescence-Inoculumn-mBHI,59,2353136,B3-e003Coalescence-Inoculumn-mBHI,100059
42,C3-e003Coalescence-mBHI-inoculumn-redo,52,2362051,B3-e003Coalescence-Inoculumn-mBHI,100059
43,B4-e003Coalescence-Inoculumn-mBHI,118,2359806,B3-e003Coalescence-Inoculumn-mBHI,100059
44,B3-e003Coalescence-mGAM-p1_S729,27,2342364,B3-e003Coalescence-Inoculumn-mBHI,100059
45,B5-e003Coalescence-mGAM-p1_S745,88,1357308,B3-e003Coalescence-Inoculumn-mBHI,100059
46,D3-e003Coalescence-mGAM-p1_S731,69,2257246,B3-e003Coalescence-Inoculumn-mBHI,100059
47,G3-e003Coalescence-mBHI-p1_S790,13,1758065,B3-e003Coalescence-Inoculumn-mBHI,100059
48,A3-e003Coalescence-mGAM-p1_S728,220,1780223,B3-e003Coalescence-Inoculumn-mBHI,100059
49,B3-e003Coalescence-mBHI-p1_S725,19,2066919,B3-e003Coalescence-Inoculumn-mBHI,100059
50,C3-e003Coalescence-mGAM-p1_S730,63,1716039,B3-e003Coalescence-Inoculumn-mBHI,100059
51,F3-e003Coalescence-mBHI-p1_S789,16,1571983,B3-e003Coalescence-Inoculumn-mBHI,100059
52,B4-e003Coalescence-mBHI-p1_S733,31,1656166,B3-e003Coalescence-Inoculumn-mBHI,100059
53,F2-e003Coalescence-mGAM-p1_S785,271,2169203,B3-e003Coalescence-Inoculumn-mBHI,100059
54,F5-e003Coalescence-mGAM-p1_S809,57,2299166,B3-e003Coalescence-Inoculumn-mBHI,100059
55,G3-e003Coalescence-mGAM-p1_S794,79,1549647,B3-e003Coalescence-Inoculumn-mBHI,100059
56,C3-e003Coalescence-mBHI-p1_S726,25,1814974,B3-e003Coalescence-Inoculumn-mBHI,100059
57,F4-e003Coalescence-mGAM-p1_S801,81,2082505,B3-e003Coalescence-Inoculumn-mBHI,100059
58,B4-e003Coalescence-mGAM-p1_S737,35,2329051,B3-e003Coalescence-Inoculumn-mBHI,100059
59,E3-e003Coalescence-mGAM-p1_S792,282,1419028,B3-e003Coalescence-Inoculumn-mBHI,100059
60,F3-e003Coalescence-mGAM-p1_S793,29,2347771,B3-e003Coalescence-Inoculumn-mBHI,100059
61,Coalescence-D1-B2-AA-ACPP-mBHI-mGAM-5_S656,18,2325618,B3-e003Coalescence-Inoculumn-mBHI,100059
62,Coalescence-B4-D3-ACPP-AF-mBHI-mGAM-7_S635,32,2332904,B3-e003Coalescence-Inoculumn-mBHI,100059
63,Coalescence-A6-B2-AA-ACPP-mBHI-mGAM-7_S625,24,2325429,B3-e003Coalescence-Inoculumn-mBHI,100059
64,Coalescence-D12-B4-ACPP-AE-mBHI-mGAM-3_S667,22,2332403,B3-e003Coalescence-Inoculumn-mBHI,100059
65,Coalescence-D7-A3-AA-ACPP-mBHI-mGAM-3_S662,27,2330889,B3-e003Coalescence-Inoculumn-mBHI,100059
66,Coalescence-B9-G3-ACPP-AE-mBHI-mGAM-7_S640,21,2299288,B3-e003Coalescence-Inoculumn-mBHI,100059
67,Coalescence-D11-B3-ACPP-ACPP-mBHI-mGAM-3_S666,22,2336011,B3-e003Coalescence-Inoculumn-mBHI,100059
68,Coalescence-A7-B3-ACPP-ACPP-mBHI-mGAM-7_S626,22,2331105,B3-e003Coalescence-Inoculumn-mBHI,100059
69,Coalescence-C5-A3-AA-ACPP-mBHI-mGAM-5_S648,27,2341229,B3-e003Coalescence-Inoculumn-mBHI,100059
70,B3-e003Assembly-mBHI-p5,150,1671938,B3-e003Coalescence-Inoculumn-mBHI,100059
71,C10-e003GlycerolRevival-mGAM-p2,10913,1999791,B3-e003Coalescence-Inoculumn-mBHI,100059
72,Assembly-G9-C9-ACPP-mGAM-3_S700,9000,1714545,B3-e003Coalescence-Inoculumn-mBHI,100059
73,Assembly-G2-B3-ACPP-mBHI-3_S693,1185,2264296,B3-e003Coalescence-Inoculumn-mBHI,100059
74,Assembly-G11-D9-ACPP-mGAM-3_S702,7682,1476979,B3-e003Coalescence-Inoculumn-mBHI,100059
75,D_F10_e003Assembly_S358,11453,2229378,B3-e003Coalescence-Inoculumn-mBHI,100059
0,A_C9_C2_AA_AE_mBHI_mBHI_4_S33,27,1160951,B2-e003Coalescence-Inoculumn-mBHI,100059
1,A_E10_A3_ACPP_AA_mBHI_mGAM_4_S58,34,2331708,B2-e003Coalescence-Inoculumn-mBHI,100059
2,A_G2_C3_ACPP_AE_mBHI_mGAM_2_S74,40,2114140,B2-e003Coalescence-Inoculumn-mBHI,100059
3,A_G10_C3_ACPP_AE_mBHI_mGAM_4_S82,25,2328389,B2-e003Coalescence-Inoculumn-mBHI,100059
4,A_H10_D3_ACPP_AF_mBHI_mGAM_4_S94,25,2339199,B2-e003Coalescence-Inoculumn-mBHI,100059
5,B_E2_E3_ACPP_AA_mBHI_mGAM_2_S146,57,2315867,B2-e003Coalescence-Inoculumn-mBHI,100059
6,B_H2_H3_ACPP_AF_mBHI_mGAM_2_S182,29,2342589,B2-e003Coalescence-Inoculumn-mBHI,100059
7,C3-e003Coalescence-mGAM-p3,0,2330633,B2-e003Coalescence-Inoculumn-mBHI,100059
8,B4-e003Coalescence-mGAM-p5,19,2297529,B2-e003Coalescence-Inoculumn-mBHI,100059
9,B5-e003Coalescence-mGAM-p5,2,2230945,B2-e003Coalescence-Inoculumn-mBHI,100059
10,C3-e003Coalescence-mGAM-p5,1,2320793,B2-e003Coalescence-Inoculumn-mBHI,100059
11,B2-e003Coalescence-mGAM-p3,12,2302020,B2-e003Coalescence-Inoculumn-mBHI,100059
12,D3-e003Coalescence-mGAM-p3,11,2304101,B2-e003Coalescence-Inoculumn-mBHI,100059
13,D3-e003Coalescence-mGAM-p5,6,2345640,B2-e003Coalescence-Inoculumn-mBHI,100059
14,A3-e003Coalescence-mGAM-p7,156,2224531,B2-e003Coalescence-Inoculumn-mBHI,100059
15,C3-e003Coalescence-mGAM-p7,0,2337093,B2-e003Coalescence-Inoculumn-mBHI,100059
16,B3-e003Coalescence-mGAM-p5,3,2323948,B2-e003Coalescence-Inoculumn-mBHI,100059
17,B3-e003Coalescence-mBHI-p5,48,1072043,B2-e003Coalescence-Inoculumn-mBHI,100059
18,B5-e003Coalescence-mGAM-p3,2,2263665,B2-e003Coalescence-Inoculumn-mBHI,100059
19,F5-e003Coalescence-mGAM-p5_S64,17,2321521,B2-e003Coalescence-Inoculumn-mBHI,100059
20,F5-e003Coalescence-mGAM-p7_S160,47,1792027,B2-e003Coalescence-Inoculumn-mBHI,100059
21,E3-e003Coalescence-mGAM-p3_S58,31,2304171,B2-e003Coalescence-Inoculumn-mBHI,100059
22,F2-e003Coalescence-mGAM-p7_S157,49,2169270,B2-e003Coalescence-Inoculumn-mBHI,100059
23,H3-e003Coalescence-mGAM-p3_S94,23,2281366,B2-e003Coalescence-Inoculumn-mBHI,100059
24,E3-e003Coalescence-mGAM-p5_S50,30,2328032,B2-e003Coalescence-Inoculumn-mBHI,100059
25,F5-e003Coalescence-mGAM-p3_S72,25,1909764,B2-e003Coalescence-Inoculumn-mBHI,100059
26,F2-e003Coalescence-mGAM-p5_S61,30,2319879,B2-e003Coalescence-Inoculumn-mBHI,100059
27,F4-e003Coalescence-mGAM-p5_S63,19,2281603,B2-e003Coalescence-Inoculumn-mBHI,100059
28,E3-e003Coalescence-mGAM-p7_S146,22,2284526,B2-e003Coalescence-Inoculumn-mBHI,100059
29,F3-e003Coalescence-mGAM-p5_S62,25,2274734,B2-e003Coalescence-Inoculumn-mBHI,100059
30,G3-e003Coalescence-mGAM-p3_S82,21,2315865,B2-e003Coalescence-Inoculumn-mBHI,100059
31,F3-e003Coalescence-mGAM-p7_S158,57,1890761,B2-e003Coalescence-Inoculumn-mBHI,100059
32,F2-e003Coalescence-mGAM-p3_S69,176,2223230,B2-e003Coalescence-Inoculumn-mBHI,100059
33,G3-e003Coalescence-mGAM-p5_S74,20,2314417,B2-e003Coalescence-Inoculumn-mBHI,100059
34,F4-e003Coalescence-mGAM-p3_S71,19,2322136,B2-e003Coalescence-Inoculumn-mBHI,100059
35,F4-e003Coalescence-mGAM-p7_S159,25,2295820,B2-e003Coalescence-Inoculumn-mBHI,100059
36,H3-e003Coalescence-mGAM-p5_S86,42,2254569,B2-e003Coalescence-Inoculumn-mBHI,100059
37,D3-e003Coalescence-Inoculumn-mBHI,57,2396095,B2-e003Coalescence-Inoculumn-mBHI,100059
38,B5-e003Coalescence-Inoculumn-mBHI,53,2350303,B2-e003Coalescence-Inoculumn-mBHI,100059
39,A3-e003Coalescence-mBHI-inoculumn-redo,13,1788568,B2-e003Coalescence-Inoculumn-mBHI,100059
40,B3-e003Coalescence-Inoculumn-mBHI,59,2381229,B2-e003Coalescence-Inoculumn-mBHI,100059
41,B2-e003Coalescence-Inoculumn-mBHI,0,2353136,B2-e003Coalescence-Inoculumn-mBHI,100059
42,C3-e003Coalescence-mBHI-inoculumn-redo,91,2362051,B2-e003Coalescence-Inoculumn-mBHI,100059
43,B4-e003Coalescence-Inoculumn-mBHI,139,2359806,B2-e003Coalescence-Inoculumn-mBHI,100059
44,B3-e003Coalescence-mGAM-p1_S729,83,2342364,B2-e003Coalescence-Inoculumn-mBHI,100059
45,B5-e003Coalescence-mGAM-p1_S745,105,1357308,B2-e003Coalescence-Inoculumn-mBHI,100059
46,D3-e003Coalescence-mGAM-p1_S731,95,2257246,B2-e003Coalescence-Inoculumn-mBHI,100059
47,G3-e003Coalescence-mBHI-p1_S790,76,1758065,B2-e003Coalescence-Inoculumn-mBHI,100059
48,A3-e003Coalescence-mGAM-p1_S728,81,1780223,B2-e003Coalescence-Inoculumn-mBHI,100059
49,B3-e003Coalescence-mBHI-p1_S725,129,2066919,B2-e003Coalescence-Inoculumn-mBHI,100059
50,C3-e003Coalescence-mGAM-p1_S730,76,1716039,B2-e003Coalescence-Inoculumn-mBHI,100059
51,F3-e003Coalescence-mBHI-p1_S789,90,1571983,B2-e003Coalescence-Inoculumn-mBHI,100059
52,B4-e003Coalescence-mBHI-p1_S733,69,1656166,B2-e003Coalescence-Inoculumn-mBHI,100059
53,F2-e003Coalescence-mGAM-p1_S785,61,2169203,B2-e003Coalescence-Inoculumn-mBHI,100059
54,F5-e003Coalescence-mGAM-p1_S809,114,2299166,B2-e003Coalescence-Inoculumn-mBHI,100059
55,G3-e003Coalescence-mGAM-p1_S794,92,1549647,B2-e003Coalescence-Inoculumn-mBHI,100059
56,C3-e003Coalescence-mBHI-p1_S726,76,1814974,B2-e003Coalescence-Inoculumn-mBHI,100059
57,F4-e003Coalescence-mGAM-p1_S801,109,2082505,B2-e003Coalescence-Inoculumn-mBHI,100059
58,B4-e003Coalescence-mGAM-p1_S737,50,2329051,B2-e003Coalescence-Inoculumn-mBHI,100059
59,E3-e003Coalescence-mGAM-p1_S792,82,1419028,B2-e003Coalescence-Inoculumn-mBHI,100059
60,F3-e003Coalescence-mGAM-p1_S793,82,2347771,B2-e003Coalescence-Inoculumn-mBHI,100059
61,Coalescence-D1-B2-AA-ACPP-mBHI-mGAM-5_S656,25,2325618,B2-e003Coalescence-Inoculumn-mBHI,100059
62,Coalescence-B4-D3-ACPP-AF-mBHI-mGAM-7_S635,56,2332904,B2-e003Coalescence-Inoculumn-mBHI,100059
63,Coalescence-A6-B2-AA-ACPP-mBHI-mGAM-7_S625,30,2325429,B2-e003Coalescence-Inoculumn-mBHI,100059
64,Coalescence-D12-B4-ACPP-AE-mBHI-mGAM-3_S667,24,2332403,B2-e003Coalescence-Inoculumn-mBHI,100059
65,Coalescence-D7-A3-AA-ACPP-mBHI-mGAM-3_S662,41,2330889,B2-e003Coalescence-Inoculumn-mBHI,100059
66,Coalescence-B9-G3-ACPP-AE-mBHI-mGAM-7_S640,36,2299288,B2-e003Coalescence-Inoculumn-mBHI,100059
67,Coalescence-D11-B3-ACPP-ACPP-mBHI-mGAM-3_S666,26,2336011,B2-e003Coalescence-Inoculumn-mBHI,100059
68,Coalescence-A7-B3-ACPP-ACPP-mBHI-mGAM-7_S626,26,2331105,B2-e003Coalescence-Inoculumn-mBHI,100059
69,Coalescence-C5-A3-AA-ACPP-mBHI-mGAM-5_S648,35,2341229,B2-e003Coalescence-Inoculumn-mBHI,100059
70,B3-e003Assembly-mBHI-p5,182,1671938,B2-e003Coalescence-Inoculumn-mBHI,100059
71,C10-e003GlycerolRevival-mGAM-p2,10693,1999791,B2-e003Coalescence-Inoculumn-mBHI,100059
72,Assembly-G9-C9-ACPP-mGAM-3_S700,8878,1714545,B2-e003Coalescence-Inoculumn-mBHI,100059
73,Assembly-G2-B3-ACPP-mBHI-3_S693,1256,2264296,B2-e003Coalescence-Inoculumn-mBHI,100059
74,Assembly-G11-D9-ACPP-mGAM-3_S702,7565,1476979,B2-e003Coalescence-Inoculumn-mBHI,100059
75,D_F10_e003Assembly_S358,11272,2229378,B2-e003Coalescence-Inoculumn-mBHI,100059
0,A_C9_C2_AA_AE_mBHI_mBHI_4_S33,29,1160951,C3-e003Coalescence-mBHI-inoculumn-redo,100059
1,A_E10_A3_ACPP_AA_mBHI_mGAM_4_S58,25,2331708,C3-e003Coalescence-mBHI-inoculumn-redo,100059
2,A_G2_C3_ACPP_AE_mBHI_mGAM_2_S74,30,2114140,C3-e003Coalescence-mBHI-inoculumn-redo,100059
3,A_G10_C3_ACPP_AE_mBHI_mGAM_4_S82,20,2328389,C3-e003Coalescence-mBHI-inoculumn-redo,100059
4,A_H10_D3_ACPP_AF_mBHI_mGAM_4_S94,21,2339199,C3-e003Coalescence-mBHI-inoculumn-redo,100059
5,B_E2_E3_ACPP_AA_mBHI_mGAM_2_S146,59,2315867,C3-e003Coalescence-mBHI-inoculumn-redo,100059
6,B_H2_H3_ACPP_AF_mBHI_mGAM_2_S182,23,2342589,C3-e003Coalescence-mBHI-inoculumn-redo,100059
7,C3-e003Coalescence-mGAM-p3,0,2330633,C3-e003Coalescence-mBHI-inoculumn-redo,100059
8,B4-e003Coalescence-mGAM-p5,3,2297529,C3-e003Coalescence-mBHI-inoculumn-redo,100059
9,B5-e003Coalescence-mGAM-p5,3,2230945,C3-e003Coalescence-mBHI-inoculumn-redo,100059
10,C3-e003Coalescence-mGAM-p5,0,2320793,C3-e003Coalescence-mBHI-inoculumn-redo,100059
11,B2-e003Coalescence-mGAM-p3,8,2302020,C3-e003Coalescence-mBHI-inoculumn-redo,100059
12,D3-e003Coalescence-mGAM-p3,10,2304101,C3-e003Coalescence-mBHI-inoculumn-redo,100059
13,D3-e003Coalescence-mGAM-p5,3,2345640,C3-e003Coalescence-mBHI-inoculumn-redo,100059
14,A3-e003Coalescence-mGAM-p7,157,2224531,C3-e003Coalescence-mBHI-inoculumn-redo,100059
15,C3-e003Coalescence-mGAM-p7,1,2337093,C3-e003Coalescence-mBHI-inoculumn-redo,100059
16,B3-e003Coalescence-mGAM-p5,0,2323948,C3-e003Coalescence-mBHI-inoculumn-redo,100059
17,B3-e003Coalescence-mBHI-p5,30,1072043,C3-e003Coalescence-mBHI-inoculumn-redo,100059
18,B5-e003Coalescence-mGAM-p3,4,2263665,C3-e003Coalescence-mBHI-inoculumn-redo,100059
19,F5-e003Coalescence-mGAM-p5_S64,23,2321521,C3-e003Coalescence-mBHI-inoculumn-redo,100059
20,F5-e003Coalescence-mGAM-p7_S160,42,1792027,C3-e003Coalescence-mBHI-inoculumn-redo,100059
21,E3-e003Coalescence-mGAM-p3_S58,22,2304171,C3-e003Coalescence-mBHI-inoculumn-redo,100059
22,F2-e003Coalescence-mGAM-p7_S157,73,2169270,C3-e003Coalescence-mBHI-inoculumn-redo,100059
23,H3-e003Coalescence-mGAM-p3_S94,23,2281366,C3-e003Coalescence-mBHI-inoculumn-redo,100059
24,E3-e003Coalescence-mGAM-p5_S50,23,2328032,C3-e003Coalescence-mBHI-inoculumn-redo,100059
25,F5-e003Coalescence-mGAM-p3_S72,20,1909764,C3-e003Coalescence-mBHI-inoculumn-redo,100059
26,F2-e003Coalescence-mGAM-p5_S61,21,2319879,C3-e003Coalescence-mBHI-inoculumn-redo,100059
27,F4-e003Coalescence-mGAM-p5_S63,17,2281603,C3-e003Coalescence-mBHI-inoculumn-redo,100059
28,E3-e003Coalescence-mGAM-p7_S146,22,2284526,C3-e003Coalescence-mBHI-inoculumn-redo,100059
29,F3-e003Coalescence-mGAM-p5_S62,35,2274734,C3-e003Coalescence-mBHI-inoculumn-redo,100059
30,G3-e003Coalescence-mGAM-p3_S82,19,2315865,C3-e003Coalescence-mBHI-inoculumn-redo,100059
31,F3-e003Coalescence-mGAM-p7_S158,42,1890761,C3-e003Coalescence-mBHI-inoculumn-redo,100059
32,F2-e003Coalescence-mGAM-p3_S69,198,2223230,C3-e003Coalescence-mBHI-inoculumn-redo,100059
33,G3-e003Coalescence-mGAM-p5_S74,17,2314417,C3-e003Coalescence-mBHI-inoculumn-redo,100059
34,F4-e003Coalescence-mGAM-p3_S71,19,2322136,C3-e003Coalescence-mBHI-inoculumn-redo,100059
35,F4-e003Coalescence-mGAM-p7_S159,15,2295820,C3-e003Coalescence-mBHI-inoculumn-redo,100059
36,H3-e003Coalescence-mGAM-p5_S86,47,2254569,C3-e003Coalescence-mBHI-inoculumn-redo,100059
37,D3-e003Coalescence-Inoculumn-mBHI,62,2396095,C3-e003Coalescence-mBHI-inoculumn-redo,100059
38,B5-e003Coalescence-Inoculumn-mBHI,61,2350303,C3-e003Coalescence-mBHI-inoculumn-redo,100059
39,A3-e003Coalescence-mBHI-inoculumn-redo,46,1788568,C3-e003Coalescence-mBHI-inoculumn-redo,100059
40,B3-e003Coalescence-Inoculumn-mBHI,52,2381229,C3-e003Coalescence-mBHI-inoculumn-redo,100059
41,B2-e003Coalescence-Inoculumn-mBHI,91,2353136,C3-e003Coalescence-mBHI-inoculumn-redo,100059
42,C3-e003Coalescence-mBHI-inoculumn-redo,0,2362051,C3-e003Coalescence-mBHI-inoculumn-redo,100059
43,B4-e003Coalescence-Inoculumn-mBHI,0,2359806,C3-e003Coalescence-mBHI-inoculumn-redo,100059
44,B3-e003Coalescence-mGAM-p1_S729,70,2342364,C3-e003Coalescence-mBHI-inoculumn-redo,100059
45,B5-e003Coalescence-mGAM-p1_S745,100,1357308,C3-e003Coalescence-mBHI-inoculumn-redo,100059
46,D3-e003Coalescence-mGAM-p1_S731,86,2257246,C3-e003Coalescence-mBHI-inoculumn-redo,100059
47,G3-e003Coalescence-mBHI-p1_S790,33,1758065,C3-e003Coalescence-mBHI-inoculumn-redo,100059
48,A3-e003Coalescence-mGAM-p1_S728,168,1780223,C3-e003Coalescence-mBHI-inoculumn-redo,100059
49,B3-e003Coalescence-mBHI-p1_S725,96,2066919,C3-e003Coalescence-mBHI-inoculumn-redo,100059
50,C3-e003Coalescence-mGAM-p1_S730,73,1716039,C3-e003Coalescence-mBHI-inoculumn-redo,100059
51,F3-e003Coalescence-mBHI-p1_S789,66,1571983,C3-e003Coalescence-mBHI-inoculumn-redo,100059
52,B4-e003Coalescence-mBHI-p1_S733,17,1656166,C3-e003Coalescence-mBHI-inoculumn-redo,100059
53,F2-e003Coalescence-mGAM-p1_S785,203,2169203,C3-e003Coalescence-mBHI-inoculumn-redo,100059
54,F5-e003Coalescence-mGAM-p1_S809,116,2299166,C3-e003Coalescence-mBHI-inoculumn-redo,100059
55,G3-e003Coalescence-mGAM-p1_S794,79,1549647,C3-e003Coalescence-mBHI-inoculumn-redo,100059
56,C3-e003Coalescence-mBHI-p1_S726,20,1814974,C3-e003Coalescence-mBHI-inoculumn-redo,100059
57,F4-e003Coalescence-mGAM-p1_S801,93,2082505,C3-e003Coalescence-mBHI-inoculumn-redo,100059
58,B4-e003Coalescence-mGAM-p1_S737,47,2329051,C3-e003Coalescence-mBHI-inoculumn-redo,100059
59,E3-e003Coalescence-mGAM-p1_S792,229,1419028,C3-e003Coalescence-mBHI-inoculumn-redo,100059
60,F3-e003Coalescence-mGAM-p1_S793,78,2347771,C3-e003Coalescence-mBHI-inoculumn-redo,100059
61,Coalescence-D1-B2-AA-ACPP-mBHI-mGAM-5_S656,19,2325618,C3-e003Coalescence-mBHI-inoculumn-redo,100059
62,Coalescence-B4-D3-ACPP-AF-mBHI-mGAM-7_S635,69,2332904,C3-e003Coalescence-mBHI-inoculumn-redo,100059
63,Coalescence-A6-B2-AA-ACPP-mBHI-mGAM-7_S625,23,2325429,C3-e003Coalescence-mBHI-inoculumn-redo,100059
64,Coalescence-D12-B4-ACPP-AE-mBHI-mGAM-3_S667,22,2332403,C3-e003Coalescence-mBHI-inoculumn-redo,100059
65,Coalescence-D7-A3-AA-ACPP-mBHI-mGAM-3_S662,25,2330889,C3-e003Coalescence-mBHI-inoculumn-redo,100059
66,Coalescence-B9-G3-ACPP-AE-mBHI-mGAM-7_S640,36,2299288,C3-e003Coalescence-mBHI-inoculumn-redo,100059
67,Coalescence-D11-B3-ACPP-ACPP-mBHI-mGAM-3_S666,21,2336011,C3-e003Coalescence-mBHI-inoculumn-redo,100059
68,Coalescence-A7-B3-ACPP-ACPP-mBHI-mGAM-7_S626,20,2331105,C3-e003Coalescence-mBHI-inoculumn-redo,100059
69,Coalescence-C5-A3-AA-ACPP-mBHI-mGAM-5_S648,27,2341229,C3-e003Coalescence-mBHI-inoculumn-redo,100059
70,B3-e003Assembly-mBHI-p5,181,1671938,C3-e003Coalescence-mBHI-inoculumn-redo,100059
71,C10-e003GlycerolRevival-mGAM-p2,10950,1999791,C3-e003Coalescence-mBHI-inoculumn-redo,100059
72,Assembly-G9-C9-ACPP-mGAM-3_S700,9060,1714545,C3-e003Coalescence-mBHI-inoculumn-redo,100059
73,Assembly-G2-B3-ACPP-mBHI-3_S693,1259,2264296,C3-e003Coalescence-mBHI-inoculumn-redo,100059
74,Assembly-G11-D9-ACPP-mGAM-3_S702,7725,1476979,C3-e003Coalescence-mBHI-inoculumn-redo,100059
75,D_F10_e003Assembly_S358,11537,2229378,C3-e003Coalescence-mBHI-inoculumn-redo,100059
0,A_C9_C2_AA_AE_mBHI_mBHI_4_S33,32,1160951,B4-e003Coalescence-Inoculumn-mBHI,100059
1,A_E10_A3_ACPP_AA_mBHI_mGAM_4_S58,28,2331708,B4-e003Coalescence-Inoculumn-mBHI,100059
2,A_G2_C3_ACPP_AE_mBHI_mGAM_2_S74,29,2114140,B4-e003Coalescence-Inoculumn-mBHI,100059
3,A_G10_C3_ACPP_AE_mBHI_mGAM_4_S82,25,2328389,B4-e003Coalescence-Inoculumn-mBHI,100059
4,A_H10_D3_ACPP_AF_mBHI_mGAM_4_S94,26,2339199,B4-e003Coalescence-Inoculumn-mBHI,100059
5,B_E2_E3_ACPP_AA_mBHI_mGAM_2_S146,60,2315867,B4-e003Coalescence-Inoculumn-mBHI,100059
6,B_H2_H3_ACPP_AF_mBHI_mGAM_2_S182,28,2342589,B4-e003Coalescence-Inoculumn-mBHI,100059
7,C3-e003Coalescence-mGAM-p3,2,2330633,B4-e003Coalescence-Inoculumn-mBHI,100059
8,B4-e003Coalescence-mGAM-p5,17,2297529,B4-e003Coalescence-Inoculumn-mBHI,100059
9,B5-e003Coalescence-mGAM-p5,7,2230945,B4-e003Coalescence-Inoculumn-mBHI,100059
10,C3-e003Coalescence-mGAM-p5,4,2320793,B4-e003Coalescence-Inoculumn-mBHI,100059
11,B2-e003Coalescence-mGAM-p3,8,2302020,B4-e003Coalescence-Inoculumn-mBHI,100059
12,D3-e003Coalescence-mGAM-p3,7,2304101,B4-e003Coalescence-Inoculumn-mBHI,100059
13,D3-e003Coalescence-mGAM-p5,2,2345640,B4-e003Coalescence-Inoculumn-mBHI,100059
14,A3-e003Coalescence-mGAM-p7,149,2224531,B4-e003Coalescence-Inoculumn-mBHI,100059
15,C3-e003Coalescence-mGAM-p7,2,2337093,B4-e003Coalescence-Inoculumn-mBHI,100059
16,B3-e003Coalescence-mGAM-p5,2,2323948,B4-e003Coalescence-Inoculumn-mBHI,100059
17,B3-e003Coalescence-mBHI-p5,75,1072043,B4-e003Coalescence-Inoculumn-mBHI,100059
18,B5-e003Coalescence-mGAM-p3,10,2263665,B4-e003Coalescence-Inoculumn-mBHI,100059
19,F5-e003Coalescence-mGAM-p5_S64,18,2321521,B4-e003Coalescence-Inoculumn-mBHI,100059
20,F5-e003Coalescence-mGAM-p7_S160,52,1792027,B4-e003Coalescence-Inoculumn-mBHI,100059
21,E3-e003Coalescence-mGAM-p3_S58,21,2304171,B4-e003Coalescence-Inoculumn-mBHI,100059
22,F2-e003Coalescence-mGAM-p7_S157,67,2169270,B4-e003Coalescence-Inoculumn-mBHI,100059
23,H3-e003Coalescence-mGAM-p3_S94,30,2281366,B4-e003Coalescence-Inoculumn-mBHI,100059
24,E3-e003Coalescence-mGAM-p5_S50,26,2328032,B4-e003Coalescence-Inoculumn-mBHI,100059
25,F5-e003Coalescence-mGAM-p3_S72,23,1909764,B4-e003Coalescence-Inoculumn-mBHI,100059
26,F2-e003Coalescence-mGAM-p5_S61,22,2319879,B4-e003Coalescence-Inoculumn-mBHI,100059
27,F4-e003Coalescence-mGAM-p5_S63,21,2281603,B4-e003Coalescence-Inoculumn-mBHI,100059
28,E3-e003Coalescence-mGAM-p7_S146,16,2284526,B4-e003Coalescence-Inoculumn-mBHI,100059
29,F3-e003Coalescence-mGAM-p5_S62,53,2274734,B4-e003Coalescence-Inoculumn-mBHI,100059
30,G3-e003Coalescence-mGAM-p3_S82,20,2315865,B4-e003Coalescence-Inoculumn-mBHI,100059
31,F3-e003Coalescence-mGAM-p7_S158,57,1890761,B4-e003Coalescence-Inoculumn-mBHI,100059
32,F2-e003Coalescence-mGAM-p3_S69,186,2223230,B4-e003Coalescence-Inoculumn-mBHI,100059
33,G3-e003Coalescence-mGAM-p5_S74,24,2314417,B4-e003Coalescence-Inoculumn-mBHI,100059
34,F4-e003Coalescence-mGAM-p3_S71,21,2322136,B4-e003Coalescence-Inoculumn-mBHI,100059
35,F4-e003Coalescence-mGAM-p7_S159,21,2295820,B4-e003Coalescence-Inoculumn-mBHI,100059
36,H3-e003Coalescence-mGAM-p5_S86,57,2254569,B4-e003Coalescence-Inoculumn-mBHI,100059
37,D3-e003Coalescence-Inoculumn-mBHI,125,2396095,B4-e003Coalescence-Inoculumn-mBHI,100059
38,B5-e003Coalescence-Inoculumn-mBHI,115,2350303,B4-e003Coalescence-Inoculumn-mBHI,100059
39,A3-e003Coalescence-mBHI-inoculumn-redo,70,1788568,B4-e003Coalescence-Inoculumn-mBHI,100059
40,B3-e003Coalescence-Inoculumn-mBHI,118,2381229,B4-e003Coalescence-Inoculumn-mBHI,100059
41,B2-e003Coalescence-Inoculumn-mBHI,139,2353136,B4-e003Coalescence-Inoculumn-mBHI,100059
42,C3-e003Coalescence-mBHI-inoculumn-redo,0,2362051,B4-e003Coalescence-Inoculumn-mBHI,100059
43,B4-e003Coalescence-Inoculumn-mBHI,0,2359806,B4-e003Coalescence-Inoculumn-mBHI,100059
44,B3-e003Coalescence-mGAM-p1_S729,116,2342364,B4-e003Coalescence-Inoculumn-mBHI,100059
45,B5-e003Coalescence-mGAM-p1_S745,101,1357308,B4-e003Coalescence-Inoculumn-mBHI,100059
46,D3-e003Coalescence-mGAM-p1_S731,122,2257246,B4-e003Coalescence-Inoculumn-mBHI,100059
47,G3-e003Coalescence-mBHI-p1_S790,55,1758065,B4-e003Coalescence-Inoculumn-mBHI,100059
48,A3-e003Coalescence-mGAM-p1_S728,190,1780223,B4-e003Coalescence-Inoculumn-mBHI,100059
49,B3-e003Coalescence-mBHI-p1_S725,114,2066919,B4-e003Coalescence-Inoculumn-mBHI,100059
50,C3-e003Coalescence-mGAM-p1_S730,93,1716039,B4-e003Coalescence-Inoculumn-mBHI,100059
51,F3-e003Coalescence-mBHI-p1_S789,88,1571983,B4-e003Coalescence-Inoculumn-mBHI,100059
52,B4-e003Coalescence-mBHI-p1_S733,44,1656166,B4-e003Coalescence-Inoculumn-mBHI,100059
53,F2-e003Coalescence-mGAM-p1_S785,203,2169203,B4-e003Coalescence-Inoculumn-mBHI,100059
54,F5-e003Coalescence-mGAM-p1_S809,145,2299166,B4-e003Coalescence-Inoculumn-mBHI,100059
55,G3-e003Coalescence-mGAM-p1_S794,99,1549647,B4-e003Coalescence-Inoculumn-mBHI,100059
56,C3-e003Coalescence-mBHI-p1_S726,44,1814974,B4-e003Coalescence-Inoculumn-mBHI,100059
57,F4-e003Coalescence-mGAM-p1_S801,116,2082505,B4-e003Coalescence-Inoculumn-mBHI,100059
58,B4-e003Coalescence-mGAM-p1_S737,61,2329051,B4-e003Coalescence-Inoculumn-mBHI,100059
59,E3-e003Coalescence-mGAM-p1_S792,230,1419028,B4-e003Coalescence-Inoculumn-mBHI,100059
60,F3-e003Coalescence-mGAM-p1_S793,129,2347771,B4-e003Coalescence-Inoculumn-mBHI,100059
61,Coalescence-D1-B2-AA-ACPP-mBHI-mGAM-5_S656,20,2325618,B4-e003Coalescence-Inoculumn-mBHI,100059
62,Coalescence-B4-D3-ACPP-AF-mBHI-mGAM-7_S635,100,2332904,B4-e003Coalescence-Inoculumn-mBHI,100059
63,Coalescence-A6-B2-AA-ACPP-mBHI-mGAM-7_S625,29,2325429,B4-e003Coalescence-Inoculumn-mBHI,100059
64,Coalescence-D12-B4-ACPP-AE-mBHI-mGAM-3_S667,25,2332403,B4-e003Coalescence-Inoculumn-mBHI,100059
65,Coalescence-D7-A3-AA-ACPP-mBHI-mGAM-3_S662,31,2330889,B4-e003Coalescence-Inoculumn-mBHI,100059
66,Coalescence-B9-G3-ACPP-AE-mBHI-mGAM-7_S640,38,2299288,B4-e003Coalescence-Inoculumn-mBHI,100059
67,Coalescence-D11-B3-ACPP-ACPP-mBHI-mGAM-3_S666,26,2336011,B4-e003Coalescence-Inoculumn-mBHI,100059
68,Coalescence-A7-B3-ACPP-ACPP-mBHI-mGAM-7_S626,29,2331105,B4-e003Coalescence-Inoculumn-mBHI,100059
69,Coalescence-C5-A3-AA-ACPP-mBHI-mGAM-5_S648,32,2341229,B4-e003Coalescence-Inoculumn-mBHI,100059
70,B3-e003Assembly-mBHI-p5,231,1671938,B4-e003Coalescence-Inoculumn-mBHI,100059
71,C10-e003GlycerolRevival-mGAM-p2,10939,1999791,B4-e003Coalescence-Inoculumn-mBHI,100059
72,Assembly-G9-C9-ACPP-mGAM-3_S700,9064,1714545,B4-e003Coalescence-Inoculumn-mBHI,100059
73,Assembly-G2-B3-ACPP-mBHI-3_S693,1313,2264296,B4-e003Coalescence-Inoculumn-mBHI,100059
74,Assembly-G11-D9-ACPP-mGAM-3_S702,7721,1476979,B4-e003Coalescence-Inoculumn-mBHI,100059
75,D_F10_e003Assembly_S358,11575,2229378,B4-e003Coalescence-Inoculumn-mBHI,100059
0,A_C9_C2_AA_AE_mBHI_mBHI_4_S33,28,1160951,B3-e003Coalescence-mGAM-p1_S729,100059
1,A_E10_A3_ACPP_AA_mBHI_mGAM_4_S58,9,2331708,B3-e003Coalescence-mGAM-p1_S729,100059
2,A_G2_C3_ACPP_AE_mBHI_mGAM_2_S74,16,2114140,B3-e003Coalescence-mGAM-p1_S729,100059
3,A_G10_C3_ACPP_AE_mBHI_mGAM_4_S82,1,2328389,B3-e003Coalescence-mGAM-p1_S729,100059
4,A_H10_D3_ACPP_AF_mBHI_mGAM_4_S94,1,2339199,B3-e003Coalescence-mGAM-p1_S729,100059
5,B_E2_E3_ACPP_AA_mBHI_mGAM_2_S146,15,2315867,B3-e003Coalescence-mGAM-p1_S729,100059
6,B_H2_H3_ACPP_AF_mBHI_mGAM_2_S182,1,2342589,B3-e003Coalescence-mGAM-p1_S729,100059
7,C3-e003Coalescence-mGAM-p3,26,2330633,B3-e003Coalescence-mGAM-p1_S729,100059
8,B4-e003Coalescence-mGAM-p5,31,2297529,B3-e003Coalescence-mGAM-p1_S729,100059
9,B5-e003Coalescence-mGAM-p5,20,2230945,B3-e003Coalescence-mGAM-p1_S729,100059
10,C3-e003Coalescence-mGAM-p5,30,2320793,B3-e003Coalescence-mGAM-p1_S729,100059
11,B2-e003Coalescence-mGAM-p3,23,2302020,B3-e003Coalescence-mGAM-p1_S729,100059
12,D3-e003Coalescence-mGAM-p3,32,2304101,B3-e003Coalescence-mGAM-p1_S729,100059
13,D3-e003Coalescence-mGAM-p5,30,2345640,B3-e003Coalescence-mGAM-p1_S729,100059
14,A3-e003Coalescence-mGAM-p7,109,2224531,B3-e003Coalescence-mGAM-p1_S729,100059
15,C3-e003Coalescence-mGAM-p7,27,2337093,B3-e003Coalescence-mGAM-p1_S729,100059
16,B3-e003Coalescence-mGAM-p5,26,2323948,B3-e003Coalescence-mGAM-p1_S729,100059
17,B3-e003Coalescence-mBHI-p5,19,1072043,B3-e003Coalescence-mGAM-p1_S729,100059
18,B5-e003Coalescence-mGAM-p3,13,2263665,B3-e003Coalescence-mGAM-p1_S729,100059
19,F5-e003Coalescence-mGAM-p5_S64,2,2321521,B3-e003Coalescence-mGAM-p1_S729,100059
20,F5-e003Coalescence-mGAM-p7_S160,8,1792027,B3-e003Coalescence-mGAM-p1_S729,100059
21,E3-e003Coalescence-mGAM-p3_S58,6,2304171,B3-e003Coalescence-mGAM-p1_S729,100059
22,F2-e003Coalescence-mGAM-p7_S157,36,2169270,B3-e003Coalescence-mGAM-p1_S729,100059
23,H3-e003Coalescence-mGAM-p3_S94,5,2281366,B3-e003Coalescence-mGAM-p1_S729,100059
24,E3-e003Coalescence-mGAM-p5_S50,5,2328032,B3-e003Coalescence-mGAM-p1_S729,100059
25,F5-e003Coalescence-mGAM-p3_S72,11,1909764,B3-e003Coalescence-mGAM-p1_S729,100059
26,F2-e003Coalescence-mGAM-p5_S61,8,2319879,B3-e003Coalescence-mGAM-p1_S729,100059
27,F4-e003Coalescence-mGAM-p5_S63,1,2281603,B3-e003Coalescence-mGAM-p1_S729,100059
28,E3-e003Coalescence-mGAM-p7_S146,3,2284526,B3-e003Coalescence-mGAM-p1_S729,100059
29,F3-e003Coalescence-mGAM-p5_S62,1,2274734,B3-e003Coalescence-mGAM-p1_S729,100059
30,G3-e003Coalescence-mGAM-p3_S82,3,2315865,B3-e003Coalescence-mGAM-p1_S729,100059
31,F3-e003Coalescence-mGAM-p7_S158,18,1890761,B3-e003Coalescence-mGAM-p1_S729,100059
32,F2-e003Coalescence-mGAM-p3_S69,88,2223230,B3-e003Coalescence-mGAM-p1_S729,100059
33,G3-e003Coalescence-mGAM-p5_S74,3,2314417,B3-e003Coalescence-mGAM-p1_S729,100059
34,F4-e003Coalescence-mGAM-p3_S71,0,2322136,B3-e003Coalescence-mGAM-p1_S729,100059
35,F4-e003Coalescence-mGAM-p7_S159,5,2295820,B3-e003Coalescence-mGAM-p1_S729,100059
36,H3-e003Coalescence-mGAM-p5_S86,22,2254569,B3-e003Coalescence-mGAM-p1_S729,100059
37,D3-e003Coalescence-Inoculumn-mBHI,33,2396095,B3-e003Coalescence-mGAM-p1_S729,100059
38,B5-e003Coalescence-Inoculumn-mBHI,23,2350303,B3-e003Coalescence-mGAM-p1_S729,100059
39,A3-e003Coalescence-mBHI-inoculumn-redo,49,1788568,B3-e003Coalescence-mGAM-p1_S729,100059
40,B3-e003Coalescence-Inoculumn-mBHI,27,2381229,B3-e003Coalescence-mGAM-p1_S729,100059
41,B2-e003Coalescence-Inoculumn-mBHI,83,2353136,B3-e003Coalescence-mGAM-p1_S729,100059
42,C3-e003Coalescence-mBHI-inoculumn-redo,70,2362051,B3-e003Coalescence-mGAM-p1_S729,100059
43,B4-e003Coalescence-Inoculumn-mBHI,116,2359806,B3-e003Coalescence-mGAM-p1_S729,100059
44,B3-e003Coalescence-mGAM-p1_S729,0,2342364,B3-e003Coalescence-mGAM-p1_S729,100059
45,B5-e003Coalescence-mGAM-p1_S745,43,1357308,B3-e003Coalescence-mGAM-p1_S729,100059
46,D3-e003Coalescence-mGAM-p1_S731,18,2257246,B3-e003Coalescence-mGAM-p1_S729,100059
47,G3-e003Coalescence-mBHI-p1_S790,6,1758065,B3-e003Coalescence-mGAM-p1_S729,100059
48,A3-e003Coalescence-mGAM-p1_S728,139,1780223,B3-e003Coalescence-mGAM-p1_S729,100059
49,B3-e003Coalescence-mBHI-p1_S725,3,2066919,B3-e003Coalescence-mGAM-p1_S729,100059
50,C3-e003Coalescence-mGAM-p1_S730,27,1716039,B3-e003Coalescence-mGAM-p1_S729,100059
51,F3-e003Coalescence-mBHI-p1_S789,1,1571983,B3-e003Coalescence-mGAM-p1_S729,100059
52,B4-e003Coalescence-mBHI-p1_S733,17,1656166,B3-e003Coalescence-mGAM-p1_S729,100059
53,F2-e003Coalescence-mGAM-p1_S785,199,2169203,B3-e003Coalescence-mGAM-p1_S729,100059
54,F5-e003Coalescence-mGAM-p1_S809,11,2299166,B3-e003Coalescence-mGAM-p1_S729,100059
55,G3-e003Coalescence-mGAM-p1_S794,41,1549647,B3-e003Coalescence-mGAM-p1_S729,100059
56,C3-e003Coalescence-mBHI-p1_S726,17,1814974,B3-e003Coalescence-mGAM-p1_S729,100059
57,F4-e003Coalescence-mGAM-p1_S801,37,2082505,B3-e003Coalescence-mGAM-p1_S729,100059
58,B4-e003Coalescence-mGAM-p1_S737,6,2329051,B3-e003Coalescence-mGAM-p1_S729,100059
59,E3-e003Coalescence-mGAM-p1_S792,197,1419028,B3-e003Coalescence-mGAM-p1_S729,100059
60,F3-e003Coalescence-mGAM-p1_S793,2,2347771,B3-e003Coalescence-mGAM-p1_S729,100059
61,Coalescence-D1-B2-AA-ACPP-mBHI-mGAM-5_S656,9,2325618,B3-e003Coalescence-mGAM-p1_S729,100059
62,Coalescence-B4-D3-ACPP-AF-mBHI-mGAM-7_S635,10,2332904,B3-e003Coalescence-mGAM-p1_S729,100059
63,Coalescence-A6-B2-AA-ACPP-mBHI-mGAM-7_S625,0,2325429,B3-e003Coalescence-mGAM-p1_S729,100059
64,Coalescence-D12-B4-ACPP-AE-mBHI-mGAM-3_S667,1,2332403,B3-e003Coalescence-mGAM-p1_S729,100059
65,Coalescence-D7-A3-AA-ACPP-mBHI-mGAM-3_S662,13,2330889,B3-e003Coalescence-mGAM-p1_S729,100059
66,Coalescence-B9-G3-ACPP-AE-mBHI-mGAM-7_S640,7,2299288,B3-e003Coalescence-mGAM-p1_S729,100059
67,Coalescence-D11-B3-ACPP-ACPP-mBHI-mGAM-3_S666,1,2336011,B3-e003Coalescence-mGAM-p1_S729,100059
68,Coalescence-A7-B3-ACPP-ACPP-mBHI-mGAM-7_S626,1,2331105,B3-e003Coalescence-mGAM-p1_S729,100059
69,Coalescence-C5-A3-AA-ACPP-mBHI-mGAM-5_S648,10,2341229,B3-e003Coalescence-mGAM-p1_S729,100059
70,B3-e003Assembly-mBHI-p5,89,1671938,B3-e003Coalescence-mGAM-p1_S729,100059
71,C10-e003GlycerolRevival-mGAM-p2,5376,1999791,B3-e003Coalescence-mGAM-p1_S729,100059
72,Assembly-G9-C9-ACPP-mGAM-3_S700,4495,1714545,B3-e003Coalescence-mGAM-p1_S729,100059
73,Assembly-G2-B3-ACPP-mBHI-3_S693,562,2264296,B3-e003Coalescence-mGAM-p1_S729,100059
74,Assembly-G11-D9-ACPP-mGAM-3_S702,3728,1476979,B3-e003Coalescence-mGAM-p1_S729,100059
75,D_F10_e003Assembly_S358,5618,2229378,B3-e003Coalescence-mGAM-p1_S729,100059
0,A_C9_C2_AA_AE_mBHI_mBHI_4_S33,24,1160951,B5-e003Coalescence-mGAM-p1_S745,100059
1,A_E10_A3_ACPP_AA_mBHI_mGAM_4_S58,63,2331708,B5-e003Coalescence-mGAM-p1_S745,100059
2,A_G2_C3_ACPP_AE_mBHI_mGAM_2_S74,46,2114140,B5-e003Coalescence-mGAM-p1_S745,100059
3,A_G10_C3_ACPP_AE_mBHI_mGAM_4_S82,82,2328389,B5-e003Coalescence-mGAM-p1_S745,100059
4,A_H10_D3_ACPP_AF_mBHI_mGAM_4_S94,65,2339199,B5-e003Coalescence-mGAM-p1_S745,100059
5,B_E2_E3_ACPP_AA_mBHI_mGAM_2_S146,21,2315867,B5-e003Coalescence-mGAM-p1_S745,100059
6,B_H2_H3_ACPP_AF_mBHI_mGAM_2_S182,71,2342589,B5-e003Coalescence-mGAM-p1_S745,100059
7,C3-e003Coalescence-mGAM-p3,82,2330633,B5-e003Coalescence-mGAM-p1_S745,100059
8,B4-e003Coalescence-mGAM-p5,62,2297529,B5-e003Coalescence-mGAM-p1_S745,100059
9,B5-e003Coalescence-mGAM-p5,74,2230945,B5-e003Coalescence-mGAM-p1_S745,100059
10,C3-e003Coalescence-mGAM-p5,74,2320793,B5-e003Coalescence-mGAM-p1_S745,100059
11,B2-e003Coalescence-mGAM-p3,63,2302020,B5-e003Coalescence-mGAM-p1_S745,100059
12,D3-e003Coalescence-mGAM-p3,59,2304101,B5-e003Coalescence-mGAM-p1_S745,100059
13,D3-e003Coalescence-mGAM-p5,81,2345640,B5-e003Coalescence-mGAM-p1_S745,100059
14,A3-e003Coalescence-mGAM-p7,76,2224531,B5-e003Coalescence-mGAM-p1_S745,100059
15,C3-e003Coalescence-mGAM-p7,79,2337093,B5-e003Coalescence-mGAM-p1_S745,100059
16,B3-e003Coalescence-mGAM-p5,73,2323948,B5-e003Coalescence-mGAM-p1_S745,100059
17,B3-e003Coalescence-mBHI-p5,49,1072043,B5-e003Coalescence-mGAM-p1_S745,100059
18,B5-e003Coalescence-mGAM-p3,55,2263665,B5-e003Coalescence-mGAM-p1_S745,100059
19,F5-e003Coalescence-mGAM-p5_S64,82,2321521,B5-e003Coalescence-mGAM-p1_S745,100059
20,F5-e003Coalescence-mGAM-p7_S160,45,1792027,B5-e003Coalescence-mGAM-p1_S745,100059
21,E3-e003Coalescence-mGAM-p3_S58,57,2304171,B5-e003Coalescence-mGAM-p1_S745,100059
22,F2-e003Coalescence-mGAM-p7_S157,54,2169270,B5-e003Coalescence-mGAM-p1_S745,100059
23,H3-e003Coalescence-mGAM-p3_S94,66,2281366,B5-e003Coalescence-mGAM-p1_S745,100059
24,E3-e003Coalescence-mGAM-p5_S50,76,2328032,B5-e003Coalescence-mGAM-p1_S745,100059
25,F5-e003Coalescence-mGAM-p3_S72,55,1909764,B5-e003Coalescence-mGAM-p1_S745,100059
26,F2-e003Coalescence-mGAM-p5_S61,69,2319879,B5-e003Coalescence-mGAM-p1_S745,100059
27,F4-e003Coalescence-mGAM-p5_S63,68,2281603,B5-e003Coalescence-mGAM-p1_S745,100059
28,E3-e003Coalescence-mGAM-p7_S146,18,2284526,B5-e003Coalescence-mGAM-p1_S745,100059
29,F3-e003Coalescence-mGAM-p5_S62,64,2274734,B5-e003Coalescence-mGAM-p1_S745,100059
30,G3-e003Coalescence-mGAM-p3_S82,74,2315865,B5-e003Coalescence-mGAM-p1_S745,100059
31,F3-e003Coalescence-mGAM-p7_S158,51,1890761,B5-e003Coalescence-mGAM-p1_S745,100059
32,F2-e003Coalescence-mGAM-p3_S69,54,2223230,B5-e003Coalescence-mGAM-p1_S745,100059
33,G3-e003Coalescence-mGAM-p5_S74,61,2314417,B5-e003Coalescence-mGAM-p1_S745,100059
34,F4-e003Coalescence-mGAM-p3_S71,76,2322136,B5-e003Coalescence-mGAM-p1_S745,100059
35,F4-e003Coalescence-mGAM-p7_S159,64,2295820,B5-e003Coalescence-mGAM-p1_S745,100059
36,H3-e003Coalescence-mGAM-p5_S86,50,2254569,B5-e003Coalescence-mGAM-p1_S745,100059
37,D3-e003Coalescence-Inoculumn-mBHI,85,2396095,B5-e003Coalescence-mGAM-p1_S745,100059
38,B5-e003Coalescence-Inoculumn-mBHI,83,2350303,B5-e003Coalescence-mGAM-p1_S745,100059
39,A3-e003Coalescence-mBHI-inoculumn-redo,68,1788568,B5-e003Coalescence-mGAM-p1_S745,100059
40,B3-e003Coalescence-Inoculumn-mBHI,88,2381229,B5-e003Coalescence-mGAM-p1_S745,100059
41,B2-e003Coalescence-Inoculumn-mBHI,105,2353136,B5-e003Coalescence-mGAM-p1_S745,100059
42,C3-e003Coalescence-mBHI-inoculumn-redo,100,2362051,B5-e003Coalescence-mGAM-p1_S745,100059
43,B4-e003Coalescence-Inoculumn-mBHI,101,2359806,B5-e003Coalescence-mGAM-p1_S745,100059
44,B3-e003Coalescence-mGAM-p1_S729,43,2342364,B5-e003Coalescence-mGAM-p1_S745,100059
45,B5-e003Coalescence-mGAM-p1_S745,0,1357308,B5-e003Coalescence-mGAM-p1_S745,100059
46,D3-e003Coalescence-mGAM-p1_S731,40,2257246,B5-e003Coalescence-mGAM-p1_S745,100059
47,G3-e003Coalescence-mBHI-p1_S790,57,1758065,B5-e003Coalescence-mGAM-p1_S745,100059
48,A3-e003Coalescence-mGAM-p1_S728,78,1780223,B5-e003Coalescence-mGAM-p1_S745,100059
49,B3-e003Coalescence-mBHI-p1_S725,71,2066919,B5-e003Coalescence-mGAM-p1_S745,100059
50,C3-e003Coalescence-mGAM-p1_S730,30,1716039,B5-e003Coalescence-mGAM-p1_S745,100059
51,F3-e003Coalescence-mBHI-p1_S789,44,1571983,B5-e003Coalescence-mGAM-p1_S745,100059
52,B4-e003Coalescence-mBHI-p1_S733,58,1656166,B5-e003Coalescence-mGAM-p1_S745,100059
53,F2-e003Coalescence-mGAM-p1_S785,110,2169203,B5-e003Coalescence-mGAM-p1_S745,100059
54,F5-e003Coalescence-mGAM-p1_S809,42,2299166,B5-e003Coalescence-mGAM-p1_S745,100059
55,G3-e003Coalescence-mGAM-p1_S794,38,1549647,B5-e003Coalescence-mGAM-p1_S745,100059
56,C3-e003Coalescence-mBHI-p1_S726,62,1814974,B5-e003Coalescence-mGAM-p1_S745,100059
57,F4-e003Coalescence-mGAM-p1_S801,47,2082505,B5-e003Coalescence-mGAM-p1_S745,100059
58,B4-e003Coalescence-mGAM-p1_S737,29,2329051,B5-e003Coalescence-mGAM-p1_S745,100059
59,E3-e003Coalescence-mGAM-p1_S792,69,1419028,B5-e003Coalescence-mGAM-p1_S745,100059
60,F3-e003Coalescence-mGAM-p1_S793,44,2347771,B5-e003Coalescence-mGAM-p1_S745,100059
61,Coalescence-D1-B2-AA-ACPP-mBHI-mGAM-5_S656,80,2325618,B5-e003Coalescence-mGAM-p1_S745,100059
62,Coalescence-B4-D3-ACPP-AF-mBHI-mGAM-7_S635,25,2332904,B5-e003Coalescence-mGAM-p1_S745,100059
63,Coalescence-A6-B2-AA-ACPP-mBHI-mGAM-7_S625,46,2325429,B5-e003Coalescence-mGAM-p1_S745,100059
64,Coalescence-D12-B4-ACPP-AE-mBHI-mGAM-3_S667,77,2332403,B5-e003Coalescence-mGAM-p1_S745,100059
65,Coalescence-D7-A3-AA-ACPP-mBHI-mGAM-3_S662,19,2330889,B5-e003Coalescence-mGAM-p1_S745,100059
66,Coalescence-B9-G3-ACPP-AE-mBHI-mGAM-7_S640,67,2299288,B5-e003Coalescence-mGAM-p1_S745,100059
67,Coalescence-D11-B3-ACPP-ACPP-mBHI-mGAM-3_S666,80,2336011,B5-e003Coalescence-mGAM-p1_S745,100059
68,Coalescence-A7-B3-ACPP-ACPP-mBHI-mGAM-7_S626,65,2331105,B5-e003Coalescence-mGAM-p1_S745,100059
69,Coalescence-C5-A3-AA-ACPP-mBHI-mGAM-5_S648,82,2341229,B5-e003Coalescence-mGAM-p1_S745,100059
70,B3-e003Assembly-mBHI-p5,53,1671938,B5-e003Coalescence-mGAM-p1_S745,100059
71,C10-e003GlycerolRevival-mGAM-p2,2516,1999791,B5-e003Coalescence-mGAM-p1_S745,100059
72,Assembly-G9-C9-ACPP-mGAM-3_S700,2072,1714545,B5-e003Coalescence-mGAM-p1_S745,100059
73,Assembly-G2-B3-ACPP-mBHI-3_S693,274,2264296,B5-e003Coalescence-mGAM-p1_S745,100059
74,Assembly-G11-D9-ACPP-mGAM-3_S702,1719,1476979,B5-e003Coalescence-mGAM-p1_S745,100059
75,D_F10_e003Assembly_S358,2658,2229378,B5-e003Coalescence-mGAM-p1_S745,100059
0,A_C9_C2_AA_AE_mBHI_mBHI_4_S33,32,1160951,D3-e003Coalescence-mGAM-p1_S731,100059
1,A_E10_A3_ACPP_AA_mBHI_mGAM_4_S58,40,2331708,D3-e003Coalescence-mGAM-p1_S731,100059
2,A_G2_C3_ACPP_AE_mBHI_mGAM_2_S74,22,2114140,D3-e003Coalescence-mGAM-p1_S731,100059
3,A_G10_C3_ACPP_AE_mBHI_mGAM_4_S82,30,2328389,D3-e003Coalescence-mGAM-p1_S731,100059
4,A_H10_D3_ACPP_AF_mBHI_mGAM_4_S94,20,2339199,D3-e003Coalescence-mGAM-p1_S731,100059
5,B_E2_E3_ACPP_AA_mBHI_mGAM_2_S146,29,2315867,D3-e003Coalescence-mGAM-p1_S731,100059
6,B_H2_H3_ACPP_AF_mBHI_mGAM_2_S182,24,2342589,D3-e003Coalescence-mGAM-p1_S731,100059
7,C3-e003Coalescence-mGAM-p3,49,2330633,D3-e003Coalescence-mGAM-p1_S731,100059
8,B4-e003Coalescence-mGAM-p5,48,2297529,D3-e003Coalescence-mGAM-p1_S731,100059
9,B5-e003Coalescence-mGAM-p5,55,2230945,D3-e003Coalescence-mGAM-p1_S731,100059
10,C3-e003Coalescence-mGAM-p5,63,2320793,D3-e003Coalescence-mGAM-p1_S731,100059
11,B2-e003Coalescence-mGAM-p3,59,2302020,D3-e003Coalescence-mGAM-p1_S731,100059
12,D3-e003Coalescence-mGAM-p3,34,2304101,D3-e003Coalescence-mGAM-p1_S731,100059
13,D3-e003Coalescence-mGAM-p5,52,2345640,D3-e003Coalescence-mGAM-p1_S731,100059
14,A3-e003Coalescence-mGAM-p7,101,2224531,D3-e003Coalescence-mGAM-p1_S731,100059
15,C3-e003Coalescence-mGAM-p7,59,2337093,D3-e003Coalescence-mGAM-p1_S731,100059
16,B3-e003Coalescence-mGAM-p5,57,2323948,D3-e003Coalescence-mGAM-p1_S731,100059
17,B3-e003Coalescence-mBHI-p5,39,1072043,D3-e003Coalescence-mGAM-p1_S731,100059
18,B5-e003Coalescence-mGAM-p3,29,2263665,D3-e003Coalescence-mGAM-p1_S731,100059
19,F5-e003Coalescence-mGAM-p5_S64,35,2321521,D3-e003Coalescence-mGAM-p1_S731,100059
20,F5-e003Coalescence-mGAM-p7_S160,30,1792027,D3-e003Coalescence-mGAM-p1_S731,100059
21,E3-e003Coalescence-mGAM-p3_S58,31,2304171,D3-e003Coalescence-mGAM-p1_S731,100059
22,F2-e003Coalescence-mGAM-p7_S157,71,2169270,D3-e003Coalescence-mGAM-p1_S731,100059
23,H3-e003Coalescence-mGAM-p3_S94,27,2281366,D3-e003Coalescence-mGAM-p1_S731,100059
24,E3-e003Coalescence-mGAM-p5_S50,39,2328032,D3-e003Coalescence-mGAM-p1_S731,100059
25,F5-e003Coalescence-mGAM-p3_S72,17,1909764,D3-e003Coalescence-mGAM-p1_S731,100059
26,F2-e003Coalescence-mGAM-p5_S61,46,2319879,D3-e003Coalescence-mGAM-p1_S731,100059
27,F4-e003Coalescence-mGAM-p5_S63,30,2281603,D3-e003Coalescence-mGAM-p1_S731,100059
28,E3-e003Coalescence-mGAM-p7_S146,14,2284526,D3-e003Coalescence-mGAM-p1_S731,100059
29,F3-e003Coalescence-mGAM-p5_S62,24,2274734,D3-e003Coalescence-mGAM-p1_S731,100059
30,G3-e003Coalescence-mGAM-p3_S82,28,2315865,D3-e003Coalescence-mGAM-p1_S731,100059
31,F3-e003Coalescence-mGAM-p7_S158,24,1890761,D3-e003Coalescence-mGAM-p1_S731,100059
32,F2-e003Coalescence-mGAM-p3_S69,68,2223230,D3-e003Coalescence-mGAM-p1_S731,100059
33,G3-e003Coalescence-mGAM-p5_S74,22,2314417,D3-e003Coalescence-mGAM-p1_S731,100059
34,F4-e003Coalescence-mGAM-p3_S71,28,2322136,D3-e003Coalescence-mGAM-p1_S731,100059
35,F4-e003Coalescence-mGAM-p7_S159,27,2295820,D3-e003Coalescence-mGAM-p1_S731,100059
36,H3-e003Coalescence-mGAM-p5_S86,24,2254569,D3-e003Coalescence-mGAM-p1_S731,100059
37,D3-e003Coalescence-Inoculumn-mBHI,59,2396095,D3-e003Coalescence-mGAM-p1_S731,100059
38,B5-e003Coalescence-Inoculumn-mBHI,65,2350303,D3-e003Coalescence-mGAM-p1_S731,100059
39,A3-e003Coalescence-mBHI-inoculumn-redo,63,1788568,D3-e003Coalescence-mGAM-p1_S731,100059
40,B3-e003Coalescence-Inoculumn-mBHI,69,2381229,D3-e003Coalescence-mGAM-p1_S731,100059
41,B2-e003Coalescence-Inoculumn-mBHI,95,2353136,D3-e003Coalescence-mGAM-p1_S731,100059
42,C3-e003Coalescence-mBHI-inoculumn-redo,86,2362051,D3-e003Coalescence-mGAM-p1_S731,100059
43,B4-e003Coalescence-Inoculumn-mBHI,122,2359806,D3-e003Coalescence-mGAM-p1_S731,100059
44,B3-e003Coalescence-mGAM-p1_S729,18,2342364,D3-e003Coalescence-mGAM-p1_S731,100059
45,B5-e003Coalescence-mGAM-p1_S745,40,1357308,D3-e003Coalescence-mGAM-p1_S731,100059
46,D3-e003Coalescence-mGAM-p1_S731,0,2257246,D3-e003Coalescence-mGAM-p1_S731,100059
47,G3-e003Coalescence-mBHI-p1_S790,22,1758065,D3-e003Coalescence-mGAM-p1_S731,100059
48,A3-e003Coalescence-mGAM-p1_S728,145,1780223,D3-e003Coalescence-mGAM-p1_S731,100059
49,B3-e003Coalescence-mBHI-p1_S725,40,2066919,D3-e003Coalescence-mGAM-p1_S731,100059
50,C3-e003Coalescence-mGAM-p1_S730,29,1716039,D3-e003Coalescence-mGAM-p1_S731,100059
51,F3-e003Coalescence-mBHI-p1_S789,28,1571983,D3-e003Coalescence-mGAM-p1_S731,100059
52,B4-e003Coalescence-mBHI-p1_S733,25,1656166,D3-e003Coalescence-mGAM-p1_S731,100059
53,F2-e003Coalescence-mGAM-p1_S785,167,2169203,D3-e003Coalescence-mGAM-p1_S731,100059
54,F5-e003Coalescence-mGAM-p1_S809,17,2299166,D3-e003Coalescence-mGAM-p1_S731,100059
55,G3-e003Coalescence-mGAM-p1_S794,39,1549647,D3-e003Coalescence-mGAM-p1_S731,100059
56,C3-e003Coalescence-mBHI-p1_S726,31,1814974,D3-e003Coalescence-mGAM-p1_S731,100059
57,F4-e003Coalescence-mGAM-p1_S801,39,2082505,D3-e003Coalescence-mGAM-p1_S731,100059
58,B4-e003Coalescence-mGAM-p1_S737,20,2329051,D3-e003Coalescence-mGAM-p1_S731,100059
59,E3-e003Coalescence-mGAM-p1_S792,176,1419028,D3-e003Coalescence-mGAM-p1_S731,100059
60,F3-e003Coalescence-mGAM-p1_S793,15,2347771,D3-e003Coalescence-mGAM-p1_S731,100059
61,Coalescence-D1-B2-AA-ACPP-mBHI-mGAM-5_S656,34,2325618,D3-e003Coalescence-mGAM-p1_S731,100059
62,Coalescence-B4-D3-ACPP-AF-mBHI-mGAM-7_S635,14,2332904,D3-e003Coalescence-mGAM-p1_S731,100059
63,Coalescence-A6-B2-AA-ACPP-mBHI-mGAM-7_S625,17,2325429,D3-e003Coalescence-mGAM-p1_S731,100059
64,Coalescence-D12-B4-ACPP-AE-mBHI-mGAM-3_S667,27,2332403,D3-e003Coalescence-mGAM-p1_S731,100059
65,Coalescence-D7-A3-AA-ACPP-mBHI-mGAM-3_S662,22,2330889,D3-e003Coalescence-mGAM-p1_S731,100059
66,Coalescence-B9-G3-ACPP-AE-mBHI-mGAM-7_S640,28,2299288,D3-e003Coalescence-mGAM-p1_S731,100059
67,Coalescence-D11-B3-ACPP-ACPP-mBHI-mGAM-3_S666,29,2336011,D3-e003Coalescence-mGAM-p1_S731,100059
68,Coalescence-A7-B3-ACPP-ACPP-mBHI-mGAM-7_S626,20,2331105,D3-e003Coalescence-mGAM-p1_S731,100059
69,Coalescence-C5-A3-AA-ACPP-mBHI-mGAM-5_S648,46,2341229,D3-e003Coalescence-mGAM-p1_S731,100059
70,B3-e003Assembly-mBHI-p5,72,1671938,D3-e003Coalescence-mGAM-p1_S731,100059
71,C10-e003GlycerolRevival-mGAM-p2,3813,1999791,D3-e003Coalescence-mGAM-p1_S731,100059
72,Assembly-G9-C9-ACPP-mGAM-3_S700,3196,1714545,D3-e003Coalescence-mGAM-p1_S731,100059
73,Assembly-G2-B3-ACPP-mBHI-3_S693,399,2264296,D3-e003Coalescence-mGAM-p1_S731,100059
74,Assembly-G11-D9-ACPP-mGAM-3_S702,2572,1476979,D3-e003Coalescence-mGAM-p1_S731,100059
75,D_F10_e003Assembly_S358,3981,2229378,D3-e003Coalescence-mGAM-p1_S731,100059
0,A_C9_C2_AA_AE_mBHI_mBHI_4_S33,15,1160951,G3-e003Coalescence-mBHI-p1_S790,100059
1,A_E10_A3_ACPP_AA_mBHI_mGAM_4_S58,6,2331708,G3-e003Coalescence-mBHI-p1_S790,100059
2,A_G2_C3_ACPP_AE_mBHI_mGAM_2_S74,11,2114140,G3-e003Coalescence-mBHI-p1_S790,100059
3,A_G10_C3_ACPP_AE_mBHI_mGAM_4_S82,4,2328389,G3-e003Coalescence-mBHI-p1_S790,100059
4,A_H10_D3_ACPP_AF_mBHI_mGAM_4_S94,5,2339199,G3-e003Coalescence-mBHI-p1_S790,100059
5,B_E2_E3_ACPP_AA_mBHI_mGAM_2_S146,34,2315867,G3-e003Coalescence-mBHI-p1_S790,100059
6,B_H2_H3_ACPP_AF_mBHI_mGAM_2_S182,7,2342589,G3-e003Coalescence-mBHI-p1_S790,100059
7,C3-e003Coalescence-mGAM-p3,13,2330633,G3-e003Coalescence-mBHI-p1_S790,100059
8,B4-e003Coalescence-mGAM-p5,17,2297529,G3-e003Coalescence-mBHI-p1_S790,100059
9,B5-e003Coalescence-mGAM-p5,9,2230945,G3-e003Coalescence-mBHI-p1_S790,100059
10,C3-e003Coalescence-mGAM-p5,11,2320793,G3-e003Coalescence-mBHI-p1_S790,100059
11,B2-e003Coalescence-mGAM-p3,15,2302020,G3-e003Coalescence-mBHI-p1_S790,100059
12,D3-e003Coalescence-mGAM-p3,17,2304101,G3-e003Coalescence-mBHI-p1_S790,100059
13,D3-e003Coalescence-mGAM-p5,14,2345640,G3-e003Coalescence-mBHI-p1_S790,100059
14,A3-e003Coalescence-mGAM-p7,107,2224531,G3-e003Coalescence-mBHI-p1_S790,100059
15,C3-e003Coalescence-mGAM-p7,16,2337093,G3-e003Coalescence-mBHI-p1_S790,100059
16,B3-e003Coalescence-mGAM-p5,12,2323948,G3-e003Coalescence-mBHI-p1_S790,100059
17,B3-e003Coalescence-mBHI-p5,13,1072043,G3-e003Coalescence-mBHI-p1_S790,100059
18,B5-e003Coalescence-mGAM-p3,5,2263665,G3-e003Coalescence-mBHI-p1_S790,100059
19,F5-e003Coalescence-mGAM-p5_S64,4,2321521,G3-e003Coalescence-mBHI-p1_S790,100059
20,F5-e003Coalescence-mGAM-p7_S160,8,1792027,G3-e003Coalescence-mBHI-p1_S790,100059
21,E3-e003Coalescence-mGAM-p3_S58,10,2304171,G3-e003Coalescence-mBHI-p1_S790,100059
22,F2-e003Coalescence-mGAM-p7_S157,48,2169270,G3-e003Coalescence-mBHI-p1_S790,100059
23,H3-e003Coalescence-mGAM-p3_S94,7,2281366,G3-e003Coalescence-mBHI-p1_S790,100059
24,E3-e003Coalescence-mGAM-p5_S50,5,2328032,G3-e003Coalescence-mBHI-p1_S790,100059
25,F5-e003Coalescence-mGAM-p3_S72,7,1909764,G3-e003Coalescence-mBHI-p1_S790,100059
26,F2-e003Coalescence-mGAM-p5_S61,4,2319879,G3-e003Coalescence-mBHI-p1_S790,100059
27,F4-e003Coalescence-mGAM-p5_S63,5,2281603,G3-e003Coalescence-mBHI-p1_S790,100059
28,E3-e003Coalescence-mGAM-p7_S146,7,2284526,G3-e003Coalescence-mBHI-p1_S790,100059
29,F3-e003Coalescence-mGAM-p5_S62,4,2274734,G3-e003Coalescence-mBHI-p1_S790,100059
30,G3-e003Coalescence-mGAM-p3_S82,3,2315865,G3-e003Coalescence-mBHI-p1_S790,100059
31,F3-e003Coalescence-mGAM-p7_S158,28,1890761,G3-e003Coalescence-mBHI-p1_S790,100059
32,F2-e003Coalescence-mGAM-p3_S69,116,2223230,G3-e003Coalescence-mBHI-p1_S790,100059
33,G3-e003Coalescence-mGAM-p5_S74,5,2314417,G3-e003Coalescence-mBHI-p1_S790,100059
34,F4-e003Coalescence-mGAM-p3_S71,5,2322136,G3-e003Coalescence-mBHI-p1_S790,100059
35,F4-e003Coalescence-mGAM-p7_S159,3,2295820,G3-e003Coalescence-mBHI-p1_S790,100059
36,H3-e003Coalescence-mGAM-p5_S86,17,2254569,G3-e003Coalescence-mBHI-p1_S790,100059
37,D3-e003Coalescence-Inoculumn-mBHI,16,2396095,G3-e003Coalescence-mBHI-p1_S790,100059
38,B5-e003Coalescence-Inoculumn-mBHI,11,2350303,G3-e003Coalescence-mBHI-p1_S790,100059
39,A3-e003Coalescence-mBHI-inoculumn-redo,38,1788568,G3-e003Coalescence-mBHI-p1_S790,100059
40,B3-e003Coalescence-Inoculumn-mBHI,13,2381229,G3-e003Coalescence-mBHI-p1_S790,100059
41,B2-e003Coalescence-Inoculumn-mBHI,76,2353136,G3-e003Coalescence-mBHI-p1_S790,100059
42,C3-e003Coalescence-mBHI-inoculumn-redo,33,2362051,G3-e003Coalescence-mBHI-p1_S790,100059
43,B4-e003Coalescence-Inoculumn-mBHI,55,2359806,G3-e003Coalescence-mBHI-p1_S790,100059
44,B3-e003Coalescence-mGAM-p1_S729,6,2342364,G3-e003Coalescence-mBHI-p1_S790,100059
45,B5-e003Coalescence-mGAM-p1_S745,57,1357308,G3-e003Coalescence-mBHI-p1_S790,100059
46,D3-e003Coalescence-mGAM-p1_S731,22,2257246,G3-e003Coalescence-mBHI-p1_S790,100059
47,G3-e003Coalescence-mBHI-p1_S790,0,1758065,G3-e003Coalescence-mBHI-p1_S790,100059
48,A3-e003Coalescence-mGAM-p1_S728,109,1780223,G3-e003Coalescence-mBHI-p1_S790,100059
49,B3-e003Coalescence-mBHI-p1_S725,5,2066919,G3-e003Coalescence-mBHI-p1_S790,100059
50,C3-e003Coalescence-mGAM-p1_S730,39,1716039,G3-e003Coalescence-mBHI-p1_S790,100059
51,F3-e003Coalescence-mBHI-p1_S789,9,1571983,G3-e003Coalescence-mBHI-p1_S790,100059
52,B4-e003Coalescence-mBHI-p1_S733,0,1656166,G3-e003Coalescence-mBHI-p1_S790,100059
53,F2-e003Coalescence-mGAM-p1_S785,133,2169203,G3-e003Coalescence-mBHI-p1_S790,100059
54,F5-e003Coalescence-mGAM-p1_S809,16,2299166,G3-e003Coalescence-mBHI-p1_S790,100059
55,G3-e003Coalescence-mGAM-p1_S794,43,1549647,G3-e003Coalescence-mBHI-p1_S790,100059
56,C3-e003Coalescence-mBHI-p1_S726,0,1814974,G3-e003Coalescence-mBHI-p1_S790,100059
57,F4-e003Coalescence-mGAM-p1_S801,52,2082505,G3-e003Coalescence-mBHI-p1_S790,100059
58,B4-e003Coalescence-mGAM-p1_S737,7,2329051,G3-e003Coalescence-mBHI-p1_S790,100059
59,E3-e003Coalescence-mGAM-p1_S792,158,1419028,G3-e003Coalescence-mBHI-p1_S790,100059
60,F3-e003Coalescence-mGAM-p1_S793,14,2347771,G3-e003Coalescence-mBHI-p1_S790,100059
61,Coalescence-D1-B2-AA-ACPP-mBHI-mGAM-5_S656,5,2325618,G3-e003Coalescence-mBHI-p1_S790,100059
62,Coalescence-B4-D3-ACPP-AF-mBHI-mGAM-7_S635,6,2332904,G3-e003Coalescence-mBHI-p1_S790,100059
63,Coalescence-A6-B2-AA-ACPP-mBHI-mGAM-7_S625,5,2325429,G3-e003Coalescence-mBHI-p1_S790,100059
64,Coalescence-D12-B4-ACPP-AE-mBHI-mGAM-3_S667,4,2332403,G3-e003Coalescence-mBHI-p1_S790,100059
65,Coalescence-D7-A3-AA-ACPP-mBHI-mGAM-3_S662,8,2330889,G3-e003Coalescence-mBHI-p1_S790,100059
66,Coalescence-B9-G3-ACPP-AE-mBHI-mGAM-7_S640,3,2299288,G3-e003Coalescence-mBHI-p1_S790,100059
67,Coalescence-D11-B3-ACPP-ACPP-mBHI-mGAM-3_S666,3,2336011,G3-e003Coalescence-mBHI-p1_S790,100059
68,Coalescence-A7-B3-ACPP-ACPP-mBHI-mGAM-7_S626,3,2331105,G3-e003Coalescence-mBHI-p1_S790,100059
69,Coalescence-C5-A3-AA-ACPP-mBHI-mGAM-5_S648,9,2341229,G3-e003Coalescence-mBHI-p1_S790,100059
70,B3-e003Assembly-mBHI-p5,118,1671938,G3-e003Coalescence-mBHI-p1_S790,100059
71,C10-e003GlycerolRevival-mGAM-p2,7693,1999791,G3-e003Coalescence-mBHI-p1_S790,100059
72,Assembly-G9-C9-ACPP-mGAM-3_S700,6407,1714545,G3-e003Coalescence-mBHI-p1_S790,100059
73,Assembly-G2-B3-ACPP-mBHI-3_S693,781,2264296,G3-e003Coalescence-mBHI-p1_S790,100059
74,Assembly-G11-D9-ACPP-mGAM-3_S702,5495,1476979,G3-e003Coalescence-mBHI-p1_S790,100059
75,D_F10_e003Assembly_S358,8049,2229378,G3-e003Coalescence-mBHI-p1_S790,100059
0,A_C9_C2_AA_AE_mBHI_mBHI_4_S33,32,1160951,A3-e003Coalescence-mGAM-p1_S728,100059
1,A_E10_A3_ACPP_AA_mBHI_mGAM_4_S58,58,2331708,A3-e003Coalescence-mGAM-p1_S728,100059
2,A_G2_C3_ACPP_AE_mBHI_mGAM_2_S74,36,2114140,A3-e003Coalescence-mGAM-p1_S728,100059
3,A_G10_C3_ACPP_AE_mBHI_mGAM_4_S82,51,2328389,A3-e003Coalescence-mGAM-p1_S728,100059
4,A_H10_D3_ACPP_AF_mBHI_mGAM_4_S94,37,2339199,A3-e003Coalescence-mGAM-p1_S728,100059
5,B_E2_E3_ACPP_AA_mBHI_mGAM_2_S146,7,2315867,A3-e003Coalescence-mGAM-p1_S728,100059
6,B_H2_H3_ACPP_AF_mBHI_mGAM_2_S182,41,2342589,A3-e003Coalescence-mGAM-p1_S728,100059
7,C3-e003Coalescence-mGAM-p3,65,2330633,A3-e003Coalescence-mGAM-p1_S728,100059
8,B4-e003Coalescence-mGAM-p5,67,2297529,A3-e003Coalescence-mGAM-p1_S728,100059
9,B5-e003Coalescence-mGAM-p5,71,2230945,A3-e003Coalescence-mGAM-p1_S728,100059
10,C3-e003Coalescence-mGAM-p5,65,2320793,A3-e003Coalescence-mGAM-p1_S728,100059
11,B2-e003Coalescence-mGAM-p3,47,2302020,A3-e003Coalescence-mGAM-p1_S728,100059
12,D3-e003Coalescence-mGAM-p3,44,2304101,A3-e003Coalescence-mGAM-p1_S728,100059
13,D3-e003Coalescence-mGAM-p5,63,2345640,A3-e003Coalescence-mGAM-p1_S728,100059
14,A3-e003Coalescence-mGAM-p7,96,2224531,A3-e003Coalescence-mGAM-p1_S728,100059
15,C3-e003Coalescence-mGAM-p7,66,2337093,A3-e003Coalescence-mGAM-p1_S728,100059
16,B3-e003Coalescence-mGAM-p5,67,2323948,A3-e003Coalescence-mGAM-p1_S728,100059
17,B3-e003Coalescence-mBHI-p5,100,1072043,A3-e003Coalescence-mGAM-p1_S728,100059
18,B5-e003Coalescence-mGAM-p3,54,2263665,A3-e003Coalescence-mGAM-p1_S728,100059
19,F5-e003Coalescence-mGAM-p5_S64,51,2321521,A3-e003Coalescence-mGAM-p1_S728,100059
20,F5-e003Coalescence-mGAM-p7_S160,103,1792027,A3-e003Coalescence-mGAM-p1_S728,100059
21,E3-e003Coalescence-mGAM-p3_S58,33,2304171,A3-e003Coalescence-mGAM-p1_S728,100059
22,F2-e003Coalescence-mGAM-p7_S157,31,2169270,A3-e003Coalescence-mGAM-p1_S728,100059
23,H3-e003Coalescence-mGAM-p3_S94,43,2281366,A3-e003Coalescence-mGAM-p1_S728,100059
24,E3-e003Coalescence-mGAM-p5_S50,42,2328032,A3-e003Coalescence-mGAM-p1_S728,100059
25,F5-e003Coalescence-mGAM-p3_S72,15,1909764,A3-e003Coalescence-mGAM-p1_S728,100059
26,F2-e003Coalescence-mGAM-p5_S61,56,2319879,A3-e003Coalescence-mGAM-p1_S728,100059
27,F4-e003Coalescence-mGAM-p5_S63,48,2281603,A3-e003Coalescence-mGAM-p1_S728,100059
28,E3-e003Coalescence-mGAM-p7_S146,14,2284526,A3-e003Coalescence-mGAM-p1_S728,100059
29,F3-e003Coalescence-mGAM-p5_S62,67,2274734,A3-e003Coalescence-mGAM-p1_S728,100059
30,G3-e003Coalescence-mGAM-p3_S82,50,2315865,A3-e003Coalescence-mGAM-p1_S728,100059
31,F3-e003Coalescence-mGAM-p7_S158,59,1890761,A3-e003Coalescence-mGAM-p1_S728,100059
32,F2-e003Coalescence-mGAM-p3_S69,68,2223230,A3-e003Coalescence-mGAM-p1_S728,100059
33,G3-e003Coalescence-mGAM-p5_S74,32,2314417,A3-e003Coalescence-mGAM-p1_S728,100059
34,F4-e003Coalescence-mGAM-p3_S71,48,2322136,A3-e003Coalescence-mGAM-p1_S728,100059
35,F4-e003Coalescence-mGAM-p7_S159,48,2295820,A3-e003Coalescence-mGAM-p1_S728,100059
36,H3-e003Coalescence-mGAM-p5_S86,44,2254569,A3-e003Coalescence-mGAM-p1_S728,100059
37,D3-e003Coalescence-Inoculumn-mBHI,222,2396095,A3-e003Coalescence-mGAM-p1_S728,100059
38,B5-e003Coalescence-Inoculumn-mBHI,208,2350303,A3-e003Coalescence-mGAM-p1_S728,100059
39,A3-e003Coalescence-mBHI-inoculumn-redo,67,1788568,A3-e003Coalescence-mGAM-p1_S728,100059
40,B3-e003Coalescence-Inoculumn-mBHI,220,2381229,A3-e003Coalescence-mGAM-p1_S728,100059
41,B2-e003Coalescence-Inoculumn-mBHI,81,2353136,A3-e003Coalescence-mGAM-p1_S728,100059
42,C3-e003Coalescence-mBHI-inoculumn-redo,168,2362051,A3-e003Coalescence-mGAM-p1_S728,100059
43,B4-e003Coalescence-Inoculumn-mBHI,190,2359806,A3-e003Coalescence-mGAM-p1_S728,100059
44,B3-e003Coalescence-mGAM-p1_S729,139,2342364,A3-e003Coalescence-mGAM-p1_S728,100059
45,B5-e003Coalescence-mGAM-p1_S745,78,1357308,A3-e003Coalescence-mGAM-p1_S728,100059
46,D3-e003Coalescence-mGAM-p1_S731,145,2257246,A3-e003Coalescence-mGAM-p1_S728,100059
47,G3-e003Coalescence-mBHI-p1_S790,109,1758065,A3-e003Coalescence-mGAM-p1_S728,100059
48,A3-e003Coalescence-mGAM-p1_S728,0,1780223,A3-e003Coalescence-mGAM-p1_S728,100059
49,B3-e003Coalescence-mBHI-p1_S725,124,2066919,A3-e003Coalescence-mGAM-p1_S728,100059
50,C3-e003Coalescence-mGAM-p1_S730,58,1716039,A3-e003Coalescence-mGAM-p1_S728,100059
51,F3-e003Coalescence-mBHI-p1_S789,82,1571983,A3-e003Coalescence-mGAM-p1_S728,100059
52,B4-e003Coalescence-mBHI-p1_S733,119,1656166,A3-e003Coalescence-mGAM-p1_S728,100059
53,F2-e003Coalescence-mGAM-p1_S785,32,2169203,A3-e003Coalescence-mGAM-p1_S728,100059
54,F5-e003Coalescence-mGAM-p1_S809,145,2299166,A3-e003Coalescence-mGAM-p1_S728,100059
55,G3-e003Coalescence-mGAM-p1_S794,74,1549647,A3-e003Coalescence-mGAM-p1_S728,100059
56,C3-e003Coalescence-mBHI-p1_S726,125,1814974,A3-e003Coalescence-mGAM-p1_S728,100059
57,F4-e003Coalescence-mGAM-p1_S801,106,2082505,A3-e003Coalescence-mGAM-p1_S728,100059
58,B4-e003Coalescence-mGAM-p1_S737,88,2329051,A3-e003Coalescence-mGAM-p1_S728,100059
59,E3-e003Coalescence-mGAM-p1_S792,41,1419028,A3-e003Coalescence-mGAM-p1_S728,100059
60,F3-e003Coalescence-mGAM-p1_S793,151,2347771,A3-e003Coalescence-mGAM-p1_S728,100059
61,Coalescence-D1-B2-AA-ACPP-mBHI-mGAM-5_S656,63,2325618,A3-e003Coalescence-mGAM-p1_S728,100059
62,Coalescence-B4-D3-ACPP-AF-mBHI-mGAM-7_S635,81,2332904,A3-e003Coalescence-mGAM-p1_S728,100059
63,Coalescence-A6-B2-AA-ACPP-mBHI-mGAM-7_S625,35,2325429,A3-e003Coalescence-mGAM-p1_S728,100059
64,Coalescence-D12-B4-ACPP-AE-mBHI-mGAM-3_S667,40,2332403,A3-e003Coalescence-mGAM-p1_S728,100059
65,Coalescence-D7-A3-AA-ACPP-mBHI-mGAM-3_S662,22,2330889,A3-e003Coalescence-mGAM-p1_S728,100059
66,Coalescence-B9-G3-ACPP-AE-mBHI-mGAM-7_S640,60,2299288,A3-e003Coalescence-mGAM-p1_S728,100059
67,Coalescence-D11-B3-ACPP-ACPP-mBHI-mGAM-3_S666,47,2336011,A3-e003Coalescence-mGAM-p1_S728,100059
68,Coalescence-A7-B3-ACPP-ACPP-mBHI-mGAM-7_S626,47,2331105,A3-e003Coalescence-mGAM-p1_S728,100059
69,Coalescence-C5-A3-AA-ACPP-mBHI-mGAM-5_S648,63,2341229,A3-e003Coalescence-mGAM-p1_S728,100059
70,B3-e003Assembly-mBHI-p5,183,1671938,A3-e003Coalescence-mGAM-p1_S728,100059
71,C10-e003GlycerolRevival-mGAM-p2,4162,1999791,A3-e003Coalescence-mGAM-p1_S728,100059
72,Assembly-G9-C9-ACPP-mGAM-3_S700,3615,1714545,A3-e003Coalescence-mGAM-p1_S728,100059
73,Assembly-G2-B3-ACPP-mBHI-3_S693,533,2264296,A3-e003Coalescence-mGAM-p1_S728,100059
74,Assembly-G11-D9-ACPP-mGAM-3_S702,2847,1476979,A3-e003Coalescence-mGAM-p1_S728,100059
75,D_F10_e003Assembly_S358,4471,2229378,A3-e003Coalescence-mGAM-p1_S728,100059
0,A_C9_C2_AA_AE_mBHI_mBHI_4_S33,24,1160951,B3-e003Coalescence-mBHI-p1_S725,100059
1,A_E10_A3_ACPP_AA_mBHI_mGAM_4_S58,8,2331708,B3-e003Coalescence-mBHI-p1_S725,100059
2,A_G2_C3_ACPP_AE_mBHI_mGAM_2_S74,12,2114140,B3-e003Coalescence-mBHI-p1_S725,100059
3,A_G10_C3_ACPP_AE_mBHI_mGAM_4_S82,2,2328389,B3-e003Coalescence-mBHI-p1_S725,100059
4,A_H10_D3_ACPP_AF_mBHI_mGAM_4_S94,1,2339199,B3-e003Coalescence-mBHI-p1_S725,100059
5,B_E2_E3_ACPP_AA_mBHI_mGAM_2_S146,31,2315867,B3-e003Coalescence-mBHI-p1_S725,100059
6,B_H2_H3_ACPP_AF_mBHI_mGAM_2_S182,2,2342589,B3-e003Coalescence-mBHI-p1_S725,100059
7,C3-e003Coalescence-mGAM-p3,17,2330633,B3-e003Coalescence-mBHI-p1_S725,100059
8,B4-e003Coalescence-mGAM-p5,19,2297529,B3-e003Coalescence-mBHI-p1_S725,100059
9,B5-e003Coalescence-mGAM-p5,17,2230945,B3-e003Coalescence-mBHI-p1_S725,100059
10,C3-e003Coalescence-mGAM-p5,20,2320793,B3-e003Coalescence-mBHI-p1_S725,100059
11,B2-e003Coalescence-mGAM-p3,21,2302020,B3-e003Coalescence-mBHI-p1_S725,100059
12,D3-e003Coalescence-mGAM-p3,20,2304101,B3-e003Coalescence-mBHI-p1_S725,100059
13,D3-e003Coalescence-mGAM-p5,25,2345640,B3-e003Coalescence-mBHI-p1_S725,100059
14,A3-e003Coalescence-mGAM-p7,142,2224531,B3-e003Coalescence-mBHI-p1_S725,100059
15,C3-e003Coalescence-mGAM-p7,19,2337093,B3-e003Coalescence-mBHI-p1_S725,100059
16,B3-e003Coalescence-mGAM-p5,17,2323948,B3-e003Coalescence-mBHI-p1_S725,100059
17,B3-e003Coalescence-mBHI-p5,16,1072043,B3-e003Coalescence-mBHI-p1_S725,100059
18,B5-e003Coalescence-mGAM-p3,7,2263665,B3-e003Coalescence-mBHI-p1_S725,100059
19,F5-e003Coalescence-mGAM-p5_S64,3,2321521,B3-e003Coalescence-mBHI-p1_S725,100059
20,F5-e003Coalescence-mGAM-p7_S160,11,1792027,B3-e003Coalescence-mBHI-p1_S725,100059
21,E3-e003Coalescence-mGAM-p3_S58,10,2304171,B3-e003Coalescence-mBHI-p1_S725,100059
22,F2-e003Coalescence-mGAM-p7_S157,41,2169270,B3-e003Coalescence-mBHI-p1_S725,100059
23,H3-e003Coalescence-mGAM-p3_S94,4,2281366,B3-e003Coalescence-mBHI-p1_S725,100059
24,E3-e003Coalescence-mGAM-p5_S50,7,2328032,B3-e003Coalescence-mBHI-p1_S725,100059
25,F5-e003Coalescence-mGAM-p3_S72,10,1909764,B3-e003Coalescence-mBHI-p1_S725,100059
26,F2-e003Coalescence-mGAM-p5_S61,10,2319879,B3-e003Coalescence-mBHI-p1_S725,100059
27,F4-e003Coalescence-mGAM-p5_S63,3,2281603,B3-e003Coalescence-mBHI-p1_S725,100059
28,E3-e003Coalescence-mGAM-p7_S146,10,2284526,B3-e003Coalescence-mBHI-p1_S725,100059
29,F3-e003Coalescence-mGAM-p5_S62,7,2274734,B3-e003Coalescence-mBHI-p1_S725,100059
30,G3-e003Coalescence-mGAM-p3_S82,2,2315865,B3-e003Coalescence-mBHI-p1_S725,100059
31,F3-e003Coalescence-mGAM-p7_S158,21,1890761,B3-e003Coalescence-mBHI-p1_S725,100059
32,F2-e003Coalescence-mGAM-p3_S69,128,2223230,B3-e003Coalescence-mBHI-p1_S725,100059
33,G3-e003Coalescence-mGAM-p5_S74,2,2314417,B3-e003Coalescence-mBHI-p1_S725,100059
34,F4-e003Coalescence-mGAM-p3_S71,1,2322136,B3-e003Coalescence-mBHI-p1_S725,100059
35,F4-e003Coalescence-mGAM-p7_S159,5,2295820,B3-e003Coalescence-mBHI-p1_S725,100059
36,H3-e003Coalescence-mGAM-p5_S86,20,2254569,B3-e003Coalescence-mBHI-p1_S725,100059
37,D3-e003Coalescence-Inoculumn-mBHI,21,2396095,B3-e003Coalescence-mBHI-p1_S725,100059
38,B5-e003Coalescence-Inoculumn-mBHI,12,2350303,B3-e003Coalescence-mBHI-p1_S725,100059
39,A3-e003Coalescence-mBHI-inoculumn-redo,46,1788568,B3-e003Coalescence-mBHI-p1_S725,100059
40,B3-e003Coalescence-Inoculumn-mBHI,19,2381229,B3-e003Coalescence-mBHI-p1_S725,100059
41,B2-e003Coalescence-Inoculumn-mBHI,129,2353136,B3-e003Coalescence-mBHI-p1_S725,100059
42,C3-e003Coalescence-mBHI-inoculumn-redo,96,2362051,B3-e003Coalescence-mBHI-p1_S725,100059
43,B4-e003Coalescence-Inoculumn-mBHI,114,2359806,B3-e003Coalescence-mBHI-p1_S725,100059
44,B3-e003Coalescence-mGAM-p1_S729,3,2342364,B3-e003Coalescence-mBHI-p1_S725,100059
45,B5-e003Coalescence-mGAM-p1_S745,71,1357308,B3-e003Coalescence-mBHI-p1_S725,100059
46,D3-e003Coalescence-mGAM-p1_S731,40,2257246,B3-e003Coalescence-mBHI-p1_S725,100059
47,G3-e003Coalescence-mBHI-p1_S790,5,1758065,B3-e003Coalescence-mBHI-p1_S725,100059
48,A3-e003Coalescence-mGAM-p1_S728,124,1780223,B3-e003Coalescence-mBHI-p1_S725,100059
49,B3-e003Coalescence-mBHI-p1_S725,0,2066919,B3-e003Coalescence-mBHI-p1_S725,100059
50,C3-e003Coalescence-mGAM-p1_S730,49,1716039,B3-e003Coalescence-mBHI-p1_S725,100059
51,F3-e003Coalescence-mBHI-p1_S789,1,1571983,B3-e003Coalescence-mBHI-p1_S725,100059
52,B4-e003Coalescence-mBHI-p1_S733,22,1656166,B3-e003Coalescence-mBHI-p1_S725,100059
53,F2-e003Coalescence-mGAM-p1_S785,190,2169203,B3-e003Coalescence-mBHI-p1_S725,100059
54,F5-e003Coalescence-mGAM-p1_S809,29,2299166,B3-e003Coalescence-mBHI-p1_S725,100059
55,G3-e003Coalescence-mGAM-p1_S794,43,1549647,B3-e003Coalescence-mBHI-p1_S725,100059
56,C3-e003Coalescence-mBHI-p1_S726,14,1814974,B3-e003Coalescence-mBHI-p1_S725,100059
57,F4-e003Coalescence-mGAM-p1_S801,45,2082505,B3-e003Coalescence-mBHI-p1_S725,100059
58,B4-e003Coalescence-mGAM-p1_S737,14,2329051,B3-e003Coalescence-mBHI-p1_S725,100059
59,E3-e003Coalescence-mGAM-p1_S792,174,1419028,B3-e003Coalescence-mBHI-p1_S725,100059
60,F3-e003Coalescence-mGAM-p1_S793,7,2347771,B3-e003Coalescence-mBHI-p1_S725,100059
61,Coalescence-D1-B2-AA-ACPP-mBHI-mGAM-5_S656,8,2325618,B3-e003Coalescence-mBHI-p1_S725,100059
62,Coalescence-B4-D3-ACPP-AF-mBHI-mGAM-7_S635,10,2332904,B3-e003Coalescence-mBHI-p1_S725,100059
63,Coalescence-A6-B2-AA-ACPP-mBHI-mGAM-7_S625,2,2325429,B3-e003Coalescence-mBHI-p1_S725,100059
64,Coalescence-D12-B4-ACPP-AE-mBHI-mGAM-3_S667,2,2332403,B3-e003Coalescence-mBHI-p1_S725,100059
65,Coalescence-D7-A3-AA-ACPP-mBHI-mGAM-3_S662,16,2330889,B3-e003Coalescence-mBHI-p1_S725,100059
66,Coalescence-B9-G3-ACPP-AE-mBHI-mGAM-7_S640,9,2299288,B3-e003Coalescence-mBHI-p1_S725,100059
67,Coalescence-D11-B3-ACPP-ACPP-mBHI-mGAM-3_S666,0,2336011,B3-e003Coalescence-mBHI-p1_S725,100059
68,Coalescence-A7-B3-ACPP-ACPP-mBHI-mGAM-7_S626,0,2331105,B3-e003Coalescence-mBHI-p1_S725,100059
69,Coalescence-C5-A3-AA-ACPP-mBHI-mGAM-5_S648,11,2341229,B3-e003Coalescence-mBHI-p1_S725,100059
70,B3-e003Assembly-mBHI-p5,136,1671938,B3-e003Coalescence-mBHI-p1_S725,100059
71,C10-e003GlycerolRevival-mGAM-p2,8961,1999791,B3-e003Coalescence-mBHI-p1_S725,100059
72,Assembly-G9-C9-ACPP-mGAM-3_S700,7469,1714545,B3-e003Coalescence-mBHI-p1_S725,100059
73,Assembly-G2-B3-ACPP-mBHI-3_S693,935,2264296,B3-e003Coalescence-mBHI-p1_S725,100059
74,Assembly-G11-D9-ACPP-mGAM-3_S702,6366,1476979,B3-e003Coalescence-mBHI-p1_S725,100059
75,D_F10_e003Assembly_S358,9404,2229378,B3-e003Coalescence-mBHI-p1_S725,100059
0,A_C9_C2_AA_AE_mBHI_mBHI_4_S33,27,1160951,C3-e003Coalescence-mGAM-p1_S730,100059
1,A_E10_A3_ACPP_AA_mBHI_mGAM_4_S58,44,2331708,C3-e003Coalescence-mGAM-p1_S730,100059
2,A_G2_C3_ACPP_AE_mBHI_mGAM_2_S74,30,2114140,C3-e003Coalescence-mGAM-p1_S730,100059
3,A_G10_C3_ACPP_AE_mBHI_mGAM_4_S82,49,2328389,C3-e003Coalescence-mGAM-p1_S730,100059
4,A_H10_D3_ACPP_AF_mBHI_mGAM_4_S94,43,2339199,C3-e003Coalescence-mGAM-p1_S730,100059
5,B_E2_E3_ACPP_AA_mBHI_mGAM_2_S146,7,2315867,C3-e003Coalescence-mGAM-p1_S730,100059
6,B_H2_H3_ACPP_AF_mBHI_mGAM_2_S182,47,2342589,C3-e003Coalescence-mGAM-p1_S730,100059
7,C3-e003Coalescence-mGAM-p3,61,2330633,C3-e003Coalescence-mGAM-p1_S730,100059
8,B4-e003Coalescence-mGAM-p5,45,2297529,C3-e003Coalescence-mGAM-p1_S730,100059
9,B5-e003Coalescence-mGAM-p5,59,2230945,C3-e003Coalescence-mGAM-p1_S730,100059
10,C3-e003Coalescence-mGAM-p5,65,2320793,C3-e003Coalescence-mGAM-p1_S730,100059
11,B2-e003Coalescence-mGAM-p3,37,2302020,C3-e003Coalescence-mGAM-p1_S730,100059
12,D3-e003Coalescence-mGAM-p3,55,2304101,C3-e003Coalescence-mGAM-p1_S730,100059
13,D3-e003Coalescence-mGAM-p5,73,2345640,C3-e003Coalescence-mGAM-p1_S730,100059
14,A3-e003Coalescence-mGAM-p7,61,2224531,C3-e003Coalescence-mGAM-p1_S730,100059
15,C3-e003Coalescence-mGAM-p7,66,2337093,C3-e003Coalescence-mGAM-p1_S730,100059
16,B3-e003Coalescence-mGAM-p5,66,2323948,C3-e003Coalescence-mGAM-p1_S730,100059
17,B3-e003Coalescence-mBHI-p5,42,1072043,C3-e003Coalescence-mGAM-p1_S730,100059
18,B5-e003Coalescence-mGAM-p3,44,2263665,C3-e003Coalescence-mGAM-p1_S730,100059
19,F5-e003Coalescence-mGAM-p5_S64,56,2321521,C3-e003Coalescence-mGAM-p1_S730,100059
20,F5-e003Coalescence-mGAM-p7_S160,22,1792027,C3-e003Coalescence-mGAM-p1_S730,100059
21,E3-e003Coalescence-mGAM-p3_S58,38,2304171,C3-e003Coalescence-mGAM-p1_S730,100059
22,F2-e003Coalescence-mGAM-p7_S157,35,2169270,C3-e003Coalescence-mGAM-p1_S730,100059
23,H3-e003Coalescence-mGAM-p3_S94,40,2281366,C3-e003Coalescence-mGAM-p1_S730,100059
24,E3-e003Coalescence-mGAM-p5_S50,44,2328032,C3-e003Coalescence-mGAM-p1_S730,100059
25,F5-e003Coalescence-mGAM-p3_S72,27,1909764,C3-e003Coalescence-mGAM-p1_S730,100059
26,F2-e003Coalescence-mGAM-p5_S61,41,2319879,C3-e003Coalescence-mGAM-p1_S730,100059
27,F4-e003Coalescence-mGAM-p5_S63,47,2281603,C3-e003Coalescence-mGAM-p1_S730,100059
28,E3-e003Coalescence-mGAM-p7_S146,8,2284526,C3-e003Coalescence-mGAM-p1_S730,100059
29,F3-e003Coalescence-mGAM-p5_S62,46,2274734,C3-e003Coalescence-mGAM-p1_S730,100059
30,G3-e003Coalescence-mGAM-p3_S82,50,2315865,C3-e003Coalescence-mGAM-p1_S730,100059
31,F3-e003Coalescence-mGAM-p7_S158,33,1890761,C3-e003Coalescence-mGAM-p1_S730,100059
32,F2-e003Coalescence-mGAM-p3_S69,46,2223230,C3-e003Coalescence-mGAM-p1_S730,100059
33,G3-e003Coalescence-mGAM-p5_S74,33,2314417,C3-e003Coalescence-mGAM-p1_S730,100059
34,F4-e003Coalescence-mGAM-p3_S71,41,2322136,C3-e003Coalescence-mGAM-p1_S730,100059
35,F4-e003Coalescence-mGAM-p7_S159,39,2295820,C3-e003Coalescence-mGAM-p1_S730,100059
36,H3-e003Coalescence-mGAM-p5_S86,45,2254569,C3-e003Coalescence-mGAM-p1_S730,100059
37,D3-e003Coalescence-Inoculumn-mBHI,77,2396095,C3-e003Coalescence-mGAM-p1_S730,100059
38,B5-e003Coalescence-Inoculumn-mBHI,69,2350303,C3-e003Coalescence-mGAM-p1_S730,100059
39,A3-e003Coalescence-mBHI-inoculumn-redo,60,1788568,C3-e003Coalescence-mGAM-p1_S730,100059
40,B3-e003Coalescence-Inoculumn-mBHI,63,2381229,C3-e003Coalescence-mGAM-p1_S730,100059
41,B2-e003Coalescence-Inoculumn-mBHI,76,2353136,C3-e003Coalescence-mGAM-p1_S730,100059
42,C3-e003Coalescence-mBHI-inoculumn-redo,73,2362051,C3-e003Coalescence-mGAM-p1_S730,100059
43,B4-e003Coalescence-Inoculumn-mBHI,93,2359806,C3-e003Coalescence-mGAM-p1_S730,100059
44,B3-e003Coalescence-mGAM-p1_S729,27,2342364,C3-e003Coalescence-mGAM-p1_S730,100059
45,B5-e003Coalescence-mGAM-p1_S745,30,1357308,C3-e003Coalescence-mGAM-p1_S730,100059
46,D3-e003Coalescence-mGAM-p1_S731,29,2257246,C3-e003Coalescence-mGAM-p1_S730,100059
47,G3-e003Coalescence-mBHI-p1_S790,39,1758065,C3-e003Coalescence-mGAM-p1_S730,100059
48,A3-e003Coalescence-mGAM-p1_S728,58,1780223,C3-e003Coalescence-mGAM-p1_S730,100059
49,B3-e003Coalescence-mBHI-p1_S725,49,2066919,C3-e003Coalescence-mGAM-p1_S730,100059
50,C3-e003Coalescence-mGAM-p1_S730,0,1716039,C3-e003Coalescence-mGAM-p1_S730,100059
51,F3-e003Coalescence-mBHI-p1_S789,30,1571983,C3-e003Coalescence-mGAM-p1_S730,100059
52,B4-e003Coalescence-mBHI-p1_S733,39,1656166,C3-e003Coalescence-mGAM-p1_S730,100059
53,F2-e003Coalescence-mGAM-p1_S785,72,2169203,C3-e003Coalescence-mGAM-p1_S730,100059
54,F5-e003Coalescence-mGAM-p1_S809,23,2299166,C3-e003Coalescence-mGAM-p1_S730,100059
55,G3-e003Coalescence-mGAM-p1_S794,41,1549647,C3-e003Coalescence-mGAM-p1_S730,100059
56,C3-e003Coalescence-mBHI-p1_S726,37,1814974,C3-e003Coalescence-mGAM-p1_S730,100059
57,F4-e003Coalescence-mGAM-p1_S801,39,2082505,C3-e003Coalescence-mGAM-p1_S730,100059
58,B4-e003Coalescence-mGAM-p1_S737,8,2329051,C3-e003Coalescence-mGAM-p1_S730,100059
59,E3-e003Coalescence-mGAM-p1_S792,66,1419028,C3-e003Coalescence-mGAM-p1_S730,100059
60,F3-e003Coalescence-mGAM-p1_S793,20,2347771,C3-e003Coalescence-mGAM-p1_S730,100059
61,Coalescence-D1-B2-AA-ACPP-mBHI-mGAM-5_S656,49,2325618,C3-e003Coalescence-mGAM-p1_S730,100059
62,Coalescence-B4-D3-ACPP-AF-mBHI-mGAM-7_S635,22,2332904,C3-e003Coalescence-mGAM-p1_S730,100059
63,Coalescence-A6-B2-AA-ACPP-mBHI-mGAM-7_S625,19,2325429,C3-e003Coalescence-mGAM-p1_S730,100059
64,Coalescence-D12-B4-ACPP-AE-mBHI-mGAM-3_S667,43,2332403,C3-e003Coalescence-mGAM-p1_S730,100059
65,Coalescence-D7-A3-AA-ACPP-mBHI-mGAM-3_S662,10,2330889,C3-e003Coalescence-mGAM-p1_S730,100059
66,Coalescence-B9-G3-ACPP-AE-mBHI-mGAM-7_S640,40,2299288,C3-e003Coalescence-mGAM-p1_S730,100059
67,Coalescence-D11-B3-ACPP-ACPP-mBHI-mGAM-3_S666,48,2336011,C3-e003Coalescence-mGAM-p1_S730,100059
68,Coalescence-A7-B3-ACPP-ACPP-mBHI-mGAM-7_S626,45,2331105,C3-e003Coalescence-mGAM-p1_S730,100059
69,Coalescence-C5-A3-AA-ACPP-mBHI-mGAM-5_S648,51,2341229,C3-e003Coalescence-mGAM-p1_S730,100059
70,B3-e003Assembly-mBHI-p5,68,1671938,C3-e003Coalescence-mGAM-p1_S730,100059
71,C10-e003GlycerolRevival-mGAM-p2,3123,1999791,C3-e003Coalescence-mGAM-p1_S730,100059
72,Assembly-G9-C9-ACPP-mGAM-3_S700,2658,1714545,C3-e003Coalescence-mGAM-p1_S730,100059
73,Assembly-G2-B3-ACPP-mBHI-3_S693,310,2264296,C3-e003Coalescence-mGAM-p1_S730,100059
74,Assembly-G11-D9-ACPP-mGAM-3_S702,2196,1476979,C3-e003Coalescence-mGAM-p1_S730,100059
75,D_F10_e003Assembly_S358,3247,2229378,C3-e003Coalescence-mGAM-p1_S730,100059
0,A_C9_C2_AA_AE_mBHI_mBHI_4_S33,19,1160951,F3-e003Coalescence-mBHI-p1_S789,100059
1,A_E10_A3_ACPP_AA_mBHI_mGAM_4_S58,9,2331708,F3-e003Coalescence-mBHI-p1_S789,100059
2,A_G2_C3_ACPP_AE_mBHI_mGAM_2_S74,10,2114140,F3-e003Coalescence-mBHI-p1_S789,100059
3,A_G10_C3_ACPP_AE_mBHI_mGAM_4_S82,2,2328389,F3-e003Coalescence-mBHI-p1_S789,100059
4,A_H10_D3_ACPP_AF_mBHI_mGAM_4_S94,2,2339199,F3-e003Coalescence-mBHI-p1_S789,100059
5,B_E2_E3_ACPP_AA_mBHI_mGAM_2_S146,15,2315867,F3-e003Coalescence-mBHI-p1_S789,100059
6,B_H2_H3_ACPP_AF_mBHI_mGAM_2_S182,2,2342589,F3-e003Coalescence-mBHI-p1_S789,100059
7,C3-e003Coalescence-mGAM-p3,14,2330633,F3-e003Coalescence-mBHI-p1_S789,100059
8,B4-e003Coalescence-mGAM-p5,16,2297529,F3-e003Coalescence-mBHI-p1_S789,100059
9,B5-e003Coalescence-mGAM-p5,13,2230945,F3-e003Coalescence-mBHI-p1_S789,100059
10,C3-e003Coalescence-mGAM-p5,14,2320793,F3-e003Coalescence-mBHI-p1_S789,100059
11,B2-e003Coalescence-mGAM-p3,16,2302020,F3-e003Coalescence-mBHI-p1_S789,100059
12,D3-e003Coalescence-mGAM-p3,12,2304101,F3-e003Coalescence-mBHI-p1_S789,100059
13,D3-e003Coalescence-mGAM-p5,14,2345640,F3-e003Coalescence-mBHI-p1_S789,100059
14,A3-e003Coalescence-mGAM-p7,107,2224531,F3-e003Coalescence-mBHI-p1_S789,100059
15,C3-e003Coalescence-mGAM-p7,12,2337093,F3-e003Coalescence-mBHI-p1_S789,100059
16,B3-e003Coalescence-mGAM-p5,14,2323948,F3-e003Coalescence-mBHI-p1_S789,100059
17,B3-e003Coalescence-mBHI-p5,12,1072043,F3-e003Coalescence-mBHI-p1_S789,100059
18,B5-e003Coalescence-mGAM-p3,9,2263665,F3-e003Coalescence-mBHI-p1_S789,100059
19,F5-e003Coalescence-mGAM-p5_S64,4,2321521,F3-e003Coalescence-mBHI-p1_S789,100059
20,F5-e003Coalescence-mGAM-p7_S160,7,1792027,F3-e003Coalescence-mBHI-p1_S789,100059
21,E3-e003Coalescence-mGAM-p3_S58,13,2304171,F3-e003Coalescence-mBHI-p1_S789,100059
22,F2-e003Coalescence-mGAM-p7_S157,28,2169270,F3-e003Coalescence-mBHI-p1_S789,100059
23,H3-e003Coalescence-mGAM-p3_S94,3,2281366,F3-e003Coalescence-mBHI-p1_S789,100059
24,E3-e003Coalescence-mGAM-p5_S50,7,2328032,F3-e003Coalescence-mBHI-p1_S789,100059
25,F5-e003Coalescence-mGAM-p3_S72,8,1909764,F3-e003Coalescence-mBHI-p1_S789,100059
26,F2-e003Coalescence-mGAM-p5_S61,8,2319879,F3-e003Coalescence-mBHI-p1_S789,100059
27,F4-e003Coalescence-mGAM-p5_S63,3,2281603,F3-e003Coalescence-mBHI-p1_S789,100059
28,E3-e003Coalescence-mGAM-p7_S146,9,2284526,F3-e003Coalescence-mBHI-p1_S789,100059
29,F3-e003Coalescence-mGAM-p5_S62,2,2274734,F3-e003Coalescence-mBHI-p1_S789,100059
30,G3-e003Coalescence-mGAM-p3_S82,2,2315865,F3-e003Coalescence-mBHI-p1_S789,100059
31,F3-e003Coalescence-mGAM-p7_S158,19,1890761,F3-e003Coalescence-mBHI-p1_S789,100059
32,F2-e003Coalescence-mGAM-p3_S69,80,2223230,F3-e003Coalescence-mBHI-p1_S789,100059
33,G3-e003Coalescence-mGAM-p5_S74,2,2314417,F3-e003Coalescence-mBHI-p1_S789,100059
34,F4-e003Coalescence-mGAM-p3_S71,3,2322136,F3-e003Coalescence-mBHI-p1_S789,100059
35,F4-e003Coalescence-mGAM-p7_S159,4,2295820,F3-e003Coalescence-mBHI-p1_S789,100059
36,H3-e003Coalescence-mGAM-p5_S86,10,2254569,F3-e003Coalescence-mBHI-p1_S789,100059
37,D3-e003Coalescence-Inoculumn-mBHI,16,2396095,F3-e003Coalescence-mBHI-p1_S789,100059
38,B5-e003Coalescence-Inoculumn-mBHI,12,2350303,F3-e003Coalescence-mBHI-p1_S789,100059
39,A3-e003Coalescence-mBHI-inoculumn-redo,38,1788568,F3-e003Coalescence-mBHI-p1_S789,100059
40,B3-e003Coalescence-Inoculumn-mBHI,16,2381229,F3-e003Coalescence-mBHI-p1_S789,100059
41,B2-e003Coalescence-Inoculumn-mBHI,90,2353136,F3-e003Coalescence-mBHI-p1_S789,100059
42,C3-e003Coalescence-mBHI-inoculumn-redo,66,2362051,F3-e003Coalescence-mBHI-p1_S789,100059
43,B4-e003Coalescence-Inoculumn-mBHI,88,2359806,F3-e003Coalescence-mBHI-p1_S789,100059
44,B3-e003Coalescence-mGAM-p1_S729,1,2342364,F3-e003Coalescence-mBHI-p1_S789,100059
45,B5-e003Coalescence-mGAM-p1_S745,44,1357308,F3-e003Coalescence-mBHI-p1_S789,100059
46,D3-e003Coalescence-mGAM-p1_S731,28,2257246,F3-e003Coalescence-mBHI-p1_S789,100059
47,G3-e003Coalescence-mBHI-p1_S790,9,1758065,F3-e003Coalescence-mBHI-p1_S789,100059
48,A3-e003Coalescence-mGAM-p1_S728,82,1780223,F3-e003Coalescence-mBHI-p1_S789,100059
49,B3-e003Coalescence-mBHI-p1_S725,1,2066919,F3-e003Coalescence-mBHI-p1_S789,100059
50,C3-e003Coalescence-mGAM-p1_S730,30,1716039,F3-e003Coalescence-mBHI-p1_S789,100059
51,F3-e003Coalescence-mBHI-p1_S789,0,1571983,F3-e003Coalescence-mBHI-p1_S789,100059
52,B4-e003Coalescence-mBHI-p1_S733,15,1656166,F3-e003Coalescence-mBHI-p1_S789,100059
53,F2-e003Coalescence-mGAM-p1_S785,118,2169203,F3-e003Coalescence-mBHI-p1_S789,100059
54,F5-e003Coalescence-mGAM-p1_S809,16,2299166,F3-e003Coalescence-mBHI-p1_S789,100059
55,G3-e003Coalescence-mGAM-p1_S794,40,1549647,F3-e003Coalescence-mBHI-p1_S789,100059
56,C3-e003Coalescence-mBHI-p1_S726,7,1814974,F3-e003Coalescence-mBHI-p1_S789,100059
57,F4-e003Coalescence-mGAM-p1_S801,34,2082505,F3-e003Coalescence-mBHI-p1_S789,100059
58,B4-e003Coalescence-mGAM-p1_S737,10,2329051,F3-e003Coalescence-mBHI-p1_S789,100059
59,E3-e003Coalescence-mGAM-p1_S792,145,1419028,F3-e003Coalescence-mBHI-p1_S789,100059
60,F3-e003Coalescence-mGAM-p1_S793,5,2347771,F3-e003Coalescence-mBHI-p1_S789,100059
61,Coalescence-D1-B2-AA-ACPP-mBHI-mGAM-5_S656,2,2325618,F3-e003Coalescence-mBHI-p1_S789,100059
62,Coalescence-B4-D3-ACPP-AF-mBHI-mGAM-7_S635,6,2332904,F3-e003Coalescence-mBHI-p1_S789,100059
63,Coalescence-A6-B2-AA-ACPP-mBHI-mGAM-7_S625,3,2325429,F3-e003Coalescence-mBHI-p1_S789,100059
64,Coalescence-D12-B4-ACPP-AE-mBHI-mGAM-3_S667,2,2332403,F3-e003Coalescence-mBHI-p1_S789,100059
65,Coalescence-D7-A3-AA-ACPP-mBHI-mGAM-3_S662,10,2330889,F3-e003Coalescence-mBHI-p1_S789,100059
66,Coalescence-B9-G3-ACPP-AE-mBHI-mGAM-7_S640,10,2299288,F3-e003Coalescence-mBHI-p1_S789,100059
67,Coalescence-D11-B3-ACPP-ACPP-mBHI-mGAM-3_S666,2,2336011,F3-e003Coalescence-mBHI-p1_S789,100059
68,Coalescence-A7-B3-ACPP-ACPP-mBHI-mGAM-7_S626,2,2331105,F3-e003Coalescence-mBHI-p1_S789,100059
69,Coalescence-C5-A3-AA-ACPP-mBHI-mGAM-5_S648,8,2341229,F3-e003Coalescence-mBHI-p1_S789,100059
70,B3-e003Assembly-mBHI-p5,88,1671938,F3-e003Coalescence-mBHI-p1_S789,100059
71,C10-e003GlycerolRevival-mGAM-p2,6624,1999791,F3-e003Coalescence-mBHI-p1_S789,100059
72,Assembly-G9-C9-ACPP-mGAM-3_S700,5569,1714545,F3-e003Coalescence-mBHI-p1_S789,100059
73,Assembly-G2-B3-ACPP-mBHI-3_S693,688,2264296,F3-e003Coalescence-mBHI-p1_S789,100059
74,Assembly-G11-D9-ACPP-mGAM-3_S702,4676,1476979,F3-e003Coalescence-mBHI-p1_S789,100059
75,D_F10_e003Assembly_S358,6933,2229378,F3-e003Coalescence-mBHI-p1_S789,100059
0,A_C9_C2_AA_AE_mBHI_mBHI_4_S33,21,1160951,B4-e003Coalescence-mBHI-p1_S733,100059
1,A_E10_A3_ACPP_AA_mBHI_mGAM_4_S58,15,2331708,B4-e003Coalescence-mBHI-p1_S733,100059
2,A_G2_C3_ACPP_AE_mBHI_mGAM_2_S74,23,2114140,B4-e003Coalescence-mBHI-p1_S733,100059
3,A_G10_C3_ACPP_AE_mBHI_mGAM_4_S82,16,2328389,B4-e003Coalescence-mBHI-p1_S733,100059
4,A_H10_D3_ACPP_AF_mBHI_mGAM_4_S94,18,2339199,B4-e003Coalescence-mBHI-p1_S733,100059
5,B_E2_E3_ACPP_AA_mBHI_mGAM_2_S146,25,2315867,B4-e003Coalescence-mBHI-p1_S733,100059
6,B_H2_H3_ACPP_AF_mBHI_mGAM_2_S182,15,2342589,B4-e003Coalescence-mBHI-p1_S733,100059
7,C3-e003Coalescence-mGAM-p3,31,2330633,B4-e003Coalescence-mBHI-p1_S733,100059
8,B4-e003Coalescence-mGAM-p5,19,2297529,B4-e003Coalescence-mBHI-p1_S733,100059
9,B5-e003Coalescence-mGAM-p5,27,2230945,B4-e003Coalescence-mBHI-p1_S733,100059
10,C3-e003Coalescence-mGAM-p5,26,2320793,B4-e003Coalescence-mBHI-p1_S733,100059
11,B2-e003Coalescence-mGAM-p3,27,2302020,B4-e003Coalescence-mBHI-p1_S733,100059
12,D3-e003Coalescence-mGAM-p3,23,2304101,B4-e003Coalescence-mBHI-p1_S733,100059
13,D3-e003Coalescence-mGAM-p5,32,2345640,B4-e003Coalescence-mBHI-p1_S733,100059
14,A3-e003Coalescence-mGAM-p7,96,2224531,B4-e003Coalescence-mBHI-p1_S733,100059
15,C3-e003Coalescence-mGAM-p7,28,2337093,B4-e003Coalescence-mBHI-p1_S733,100059
16,B3-e003Coalescence-mGAM-p5,28,2323948,B4-e003Coalescence-mBHI-p1_S733,100059
17,B3-e003Coalescence-mBHI-p5,14,1072043,B4-e003Coalescence-mBHI-p1_S733,100059
18,B5-e003Coalescence-mGAM-p3,22,2263665,B4-e003Coalescence-mBHI-p1_S733,100059
19,F5-e003Coalescence-mGAM-p5_S64,18,2321521,B4-e003Coalescence-mBHI-p1_S733,100059
20,F5-e003Coalescence-mGAM-p7_S160,11,1792027,B4-e003Coalescence-mBHI-p1_S733,100059
21,E3-e003Coalescence-mGAM-p3_S58,19,2304171,B4-e003Coalescence-mBHI-p1_S733,100059
22,F2-e003Coalescence-mGAM-p7_S157,54,2169270,B4-e003Coalescence-mBHI-p1_S733,100059
23,H3-e003Coalescence-mGAM-p3_S94,18,2281366,B4-e003Coalescence-mBHI-p1_S733,100059
24,E3-e003Coalescence-mGAM-p5_S50,17,2328032,B4-e003Coalescence-mBHI-p1_S733,100059
25,F5-e003Coalescence-mGAM-p3_S72,20,1909764,B4-e003Coalescence-mBHI-p1_S733,100059
26,F2-e003Coalescence-mGAM-p5_S61,16,2319879,B4-e003Coalescence-mBHI-p1_S733,100059
27,F4-e003Coalescence-mGAM-p5_S63,15,2281603,B4-e003Coalescence-mBHI-p1_S733,100059
28,E3-e003Coalescence-mGAM-p7_S146,13,2284526,B4-e003Coalescence-mBHI-p1_S733,100059
29,F3-e003Coalescence-mGAM-p5_S62,15,2274734,B4-e003Coalescence-mBHI-p1_S733,100059
30,G3-e003Coalescence-mGAM-p3_S82,15,2315865,B4-e003Coalescence-mBHI-p1_S733,100059
31,F3-e003Coalescence-mGAM-p7_S158,33,1890761,B4-e003Coalescence-mBHI-p1_S733,100059
32,F2-e003Coalescence-mGAM-p3_S69,113,2223230,B4-e003Coalescence-mBHI-p1_S733,100059
33,G3-e003Coalescence-mGAM-p5_S74,16,2314417,B4-e003Coalescence-mBHI-p1_S733,100059
34,F4-e003Coalescence-mGAM-p3_S71,16,2322136,B4-e003Coalescence-mBHI-p1_S733,100059
35,F4-e003Coalescence-mGAM-p7_S159,13,2295820,B4-e003Coalescence-mBHI-p1_S733,100059
36,H3-e003Coalescence-mGAM-p5_S86,26,2254569,B4-e003Coalescence-mBHI-p1_S733,100059
37,D3-e003Coalescence-Inoculumn-mBHI,38,2396095,B4-e003Coalescence-mBHI-p1_S733,100059
38,B5-e003Coalescence-Inoculumn-mBHI,34,2350303,B4-e003Coalescence-mBHI-p1_S733,100059
39,A3-e003Coalescence-mBHI-inoculumn-redo,45,1788568,B4-e003Coalescence-mBHI-p1_S733,100059
40,B3-e003Coalescence-Inoculumn-mBHI,31,2381229,B4-e003Coalescence-mBHI-p1_S733,100059
41,B2-e003Coalescence-Inoculumn-mBHI,69,2353136,B4-e003Coalescence-mBHI-p1_S733,100059
42,C3-e003Coalescence-mBHI-inoculumn-redo,17,2362051,B4-e003Coalescence-mBHI-p1_S733,100059
43,B4-e003Coalescence-Inoculumn-mBHI,44,2359806,B4-e003Coalescence-mBHI-p1_S733,100059
44,B3-e003Coalescence-mGAM-p1_S729,17,2342364,B4-e003Coalescence-mBHI-p1_S733,100059
45,B5-e003Coalescence-mGAM-p1_S745,58,1357308,B4-e003Coalescence-mBHI-p1_S733,100059
46,D3-e003Coalescence-mGAM-p1_S731,25,2257246,B4-e003Coalescence-mBHI-p1_S733,100059
47,G3-e003Coalescence-mBHI-p1_S790,0,1758065,B4-e003Coalescence-mBHI-p1_S733,100059
48,A3-e003Coalescence-mGAM-p1_S728,119,1780223,B4-e003Coalescence-mBHI-p1_S733,100059
49,B3-e003Coalescence-mBHI-p1_S725,22,2066919,B4-e003Coalescence-mBHI-p1_S733,100059
50,C3-e003Coalescence-mGAM-p1_S730,39,1716039,B4-e003Coalescence-mBHI-p1_S733,100059
51,F3-e003Coalescence-mBHI-p1_S789,15,1571983,B4-e003Coalescence-mBHI-p1_S733,100059
52,B4-e003Coalescence-mBHI-p1_S733,0,1656166,B4-e003Coalescence-mBHI-p1_S733,100059
53,F2-e003Coalescence-mGAM-p1_S785,165,2169203,B4-e003Coalescence-mBHI-p1_S733,100059
54,F5-e003Coalescence-mGAM-p1_S809,29,2299166,B4-e003Coalescence-mBHI-p1_S733,100059
55,G3-e003Coalescence-mGAM-p1_S794,52,1549647,B4-e003Coalescence-mBHI-p1_S733,100059
56,C3-e003Coalescence-mBHI-p1_S726,2,1814974,B4-e003Coalescence-mBHI-p1_S733,100059
57,F4-e003Coalescence-mGAM-p1_S801,48,2082505,B4-e003Coalescence-mBHI-p1_S733,100059
58,B4-e003Coalescence-mGAM-p1_S737,22,2329051,B4-e003Coalescence-mBHI-p1_S733,100059
59,E3-e003Coalescence-mGAM-p1_S792,174,1419028,B4-e003Coalescence-mBHI-p1_S733,100059
60,F3-e003Coalescence-mGAM-p1_S793,29,2347771,B4-e003Coalescence-mBHI-p1_S733,100059
61,Coalescence-D1-B2-AA-ACPP-mBHI-mGAM-5_S656,14,2325618,B4-e003Coalescence-mBHI-p1_S733,100059
62,Coalescence-B4-D3-ACPP-AF-mBHI-mGAM-7_S635,22,2332904,B4-e003Coalescence-mBHI-p1_S733,100059
63,Coalescence-A6-B2-AA-ACPP-mBHI-mGAM-7_S625,15,2325429,B4-e003Coalescence-mBHI-p1_S733,100059
64,Coalescence-D12-B4-ACPP-AE-mBHI-mGAM-3_S667,13,2332403,B4-e003Coalescence-mBHI-p1_S733,100059
65,Coalescence-D7-A3-AA-ACPP-mBHI-mGAM-3_S662,17,2330889,B4-e003Coalescence-mBHI-p1_S733,100059
66,Coalescence-B9-G3-ACPP-AE-mBHI-mGAM-7_S640,16,2299288,B4-e003Coalescence-mBHI-p1_S733,100059
67,Coalescence-D11-B3-ACPP-ACPP-mBHI-mGAM-3_S666,14,2336011,B4-e003Coalescence-mBHI-p1_S733,100059
68,Coalescence-A7-B3-ACPP-ACPP-mBHI-mGAM-7_S626,20,2331105,B4-e003Coalescence-mBHI-p1_S733,100059
69,Coalescence-C5-A3-AA-ACPP-mBHI-mGAM-5_S648,17,2341229,B4-e003Coalescence-mBHI-p1_S733,100059
70,B3-e003Assembly-mBHI-p5,124,1671938,B4-e003Coalescence-mBHI-p1_S733,100059
71,C10-e003GlycerolRevival-mGAM-p2,7128,1999791,B4-e003Coalescence-mBHI-p1_S733,100059
72,Assembly-G9-C9-ACPP-mGAM-3_S700,5923,1714545,B4-e003Coalescence-mBHI-p1_S733,100059
73,Assembly-G2-B3-ACPP-mBHI-3_S693,772,2264296,B4-e003Coalescence-mBHI-p1_S733,100059
74,Assembly-G11-D9-ACPP-mGAM-3_S702,5045,1476979,B4-e003Coalescence-mBHI-p1_S733,100059
75,D_F10_e003Assembly_S358,7429,2229378,B4-e003Coalescence-mBHI-p1_S733,100059
0,A_C9_C2_AA_AE_mBHI_mBHI_4_S33,24,1160951,F2-e003Coalescence-mGAM-p1_S785,100059
1,A_E10_A3_ACPP_AA_mBHI_mGAM_4_S58,27,2331708,F2-e003Coalescence-mGAM-p1_S785,100059
2,A_G2_C3_ACPP_AE_mBHI_mGAM_2_S74,30,2114140,F2-e003Coalescence-mGAM-p1_S785,100059
3,A_G10_C3_ACPP_AE_mBHI_mGAM_4_S82,23,2328389,F2-e003Coalescence-mGAM-p1_S785,100059
4,A_H10_D3_ACPP_AF_mBHI_mGAM_4_S94,15,2339199,F2-e003Coalescence-mGAM-p1_S785,100059
5,B_E2_E3_ACPP_AA_mBHI_mGAM_2_S146,7,2315867,F2-e003Coalescence-mGAM-p1_S785,100059
6,B_H2_H3_ACPP_AF_mBHI_mGAM_2_S182,16,2342589,F2-e003Coalescence-mGAM-p1_S785,100059
7,C3-e003Coalescence-mGAM-p3,34,2330633,F2-e003Coalescence-mGAM-p1_S785,100059
8,B4-e003Coalescence-mGAM-p5,62,2297529,F2-e003Coalescence-mGAM-p1_S785,100059
9,B5-e003Coalescence-mGAM-p5,37,2230945,F2-e003Coalescence-mGAM-p1_S785,100059
10,C3-e003Coalescence-mGAM-p5,44,2320793,F2-e003Coalescence-mGAM-p1_S785,100059
11,B2-e003Coalescence-mGAM-p3,34,2302020,F2-e003Coalescence-mGAM-p1_S785,100059
12,D3-e003Coalescence-mGAM-p3,50,2304101,F2-e003Coalescence-mGAM-p1_S785,100059
13,D3-e003Coalescence-mGAM-p5,44,2345640,F2-e003Coalescence-mGAM-p1_S785,100059
14,A3-e003Coalescence-mGAM-p7,87,2224531,F2-e003Coalescence-mGAM-p1_S785,100059
15,C3-e003Coalescence-mGAM-p7,44,2337093,F2-e003Coalescence-mGAM-p1_S785,100059
16,B3-e003Coalescence-mGAM-p5,42,2323948,F2-e003Coalescence-mGAM-p1_S785,100059
17,B3-e003Coalescence-mBHI-p5,142,1072043,F2-e003Coalescence-mGAM-p1_S785,100059
18,B5-e003Coalescence-mGAM-p3,24,2263665,F2-e003Coalescence-mGAM-p1_S785,100059
19,F5-e003Coalescence-mGAM-p5_S64,21,2321521,F2-e003Coalescence-mGAM-p1_S785,100059
20,F5-e003Coalescence-mGAM-p7_S160,105,1792027,F2-e003Coalescence-mGAM-p1_S785,100059
21,E3-e003Coalescence-mGAM-p3_S58,20,2304171,F2-e003Coalescence-mGAM-p1_S785,100059
22,F2-e003Coalescence-mGAM-p7_S157,27,2169270,F2-e003Coalescence-mGAM-p1_S785,100059
23,H3-e003Coalescence-mGAM-p3_S94,34,2281366,F2-e003Coalescence-mGAM-p1_S785,100059
24,E3-e003Coalescence-mGAM-p5_S50,21,2328032,F2-e003Coalescence-mGAM-p1_S785,100059
25,F5-e003Coalescence-mGAM-p3_S72,17,1909764,F2-e003Coalescence-mGAM-p1_S785,100059
26,F2-e003Coalescence-mGAM-p5_S61,29,2319879,F2-e003Coalescence-mGAM-p1_S785,100059
27,F4-e003Coalescence-mGAM-p5_S63,23,2281603,F2-e003Coalescence-mGAM-p1_S785,100059
28,E3-e003Coalescence-mGAM-p7_S146,7,2284526,F2-e003Coalescence-mGAM-p1_S785,100059
29,F3-e003Coalescence-mGAM-p5_S62,57,2274734,F2-e003Coalescence-mGAM-p1_S785,100059
30,G3-e003Coalescence-mGAM-p3_S82,19,2315865,F2-e003Coalescence-mGAM-p1_S785,100059
31,F3-e003Coalescence-mGAM-p7_S158,63,1890761,F2-e003Coalescence-mGAM-p1_S785,100059
32,F2-e003Coalescence-mGAM-p3_S69,78,2223230,F2-e003Coalescence-mGAM-p1_S785,100059
33,G3-e003Coalescence-mGAM-p5_S74,17,2314417,F2-e003Coalescence-mGAM-p1_S785,100059
34,F4-e003Coalescence-mGAM-p3_S71,18,2322136,F2-e003Coalescence-mGAM-p1_S785,100059
35,F4-e003Coalescence-mGAM-p7_S159,28,2295820,F2-e003Coalescence-mGAM-p1_S785,100059
36,H3-e003Coalescence-mGAM-p5_S86,52,2254569,F2-e003Coalescence-mGAM-p1_S785,100059
37,D3-e003Coalescence-Inoculumn-mBHI,284,2396095,F2-e003Coalescence-mGAM-p1_S785,100059
38,B5-e003Coalescence-Inoculumn-mBHI,264,2350303,F2-e003Coalescence-mGAM-p1_S785,100059
39,A3-e003Coalescence-mBHI-inoculumn-redo,65,1788568,F2-e003Coalescence-mGAM-p1_S785,100059
40,B3-e003Coalescence-Inoculumn-mBHI,271,2381229,F2-e003Coalescence-mGAM-p1_S785,100059
41,B2-e003Coalescence-Inoculumn-mBHI,61,2353136,F2-e003Coalescence-mGAM-p1_S785,100059
42,C3-e003Coalescence-mBHI-inoculumn-redo,203,2362051,F2-e003Coalescence-mGAM-p1_S785,100059
43,B4-e003Coalescence-Inoculumn-mBHI,203,2359806,F2-e003Coalescence-mGAM-p1_S785,100059
44,B3-e003Coalescence-mGAM-p1_S729,199,2342364,F2-e003Coalescence-mGAM-p1_S785,100059
45,B5-e003Coalescence-mGAM-p1_S745,110,1357308,F2-e003Coalescence-mGAM-p1_S785,100059
46,D3-e003Coalescence-mGAM-p1_S731,167,2257246,F2-e003Coalescence-mGAM-p1_S785,100059
47,G3-e003Coalescence-mBHI-p1_S790,133,1758065,F2-e003Coalescence-mGAM-p1_S785,100059
48,A3-e003Coalescence-mGAM-p1_S728,32,1780223,F2-e003Coalescence-mGAM-p1_S785,100059
49,B3-e003Coalescence-mBHI-p1_S725,190,2066919,F2-e003Coalescence-mGAM-p1_S785,100059
50,C3-e003Coalescence-mGAM-p1_S730,72,1716039,F2-e003Coalescence-mGAM-p1_S785,100059
51,F3-e003Coalescence-mBHI-p1_S789,118,1571983,F2-e003Coalescence-mGAM-p1_S785,100059
52,B4-e003Coalescence-mBHI-p1_S733,165,1656166,F2-e003Coalescence-mGAM-p1_S785,100059
53,F2-e003Coalescence-mGAM-p1_S785,0,2169203,F2-e003Coalescence-mGAM-p1_S785,100059
54,F5-e003Coalescence-mGAM-p1_S809,165,2299166,F2-e003Coalescence-mGAM-p1_S785,100059
55,G3-e003Coalescence-mGAM-p1_S794,125,1549647,F2-e003Coalescence-mGAM-p1_S785,100059
56,C3-e003Coalescence-mBHI-p1_S726,145,1814974,F2-e003Coalescence-mGAM-p1_S785,100059
57,F4-e003Coalescence-mGAM-p1_S801,122,2082505,F2-e003Coalescence-mGAM-p1_S785,100059
58,B4-e003Coalescence-mGAM-p1_S737,99,2329051,F2-e003Coalescence-mGAM-p1_S785,100059
59,E3-e003Coalescence-mGAM-p1_S792,32,1419028,F2-e003Coalescence-mGAM-p1_S785,100059
60,F3-e003Coalescence-mGAM-p1_S793,192,2347771,F2-e003Coalescence-mGAM-p1_S785,100059
61,Coalescence-D1-B2-AA-ACPP-mBHI-mGAM-5_S656,31,2325618,F2-e003Coalescence-mGAM-p1_S785,100059
62,Coalescence-B4-D3-ACPP-AF-mBHI-mGAM-7_S635,94,2332904,F2-e003Coalescence-mGAM-p1_S785,100059
63,Coalescence-A6-B2-AA-ACPP-mBHI-mGAM-7_S625,12,2325429,F2-e003Coalescence-mGAM-p1_S785,100059
64,Coalescence-D12-B4-ACPP-AE-mBHI-mGAM-3_S667,14,2332403,F2-e003Coalescence-mGAM-p1_S785,100059
65,Coalescence-D7-A3-AA-ACPP-mBHI-mGAM-3_S662,16,2330889,F2-e003Coalescence-mGAM-p1_S785,100059
66,Coalescence-B9-G3-ACPP-AE-mBHI-mGAM-7_S640,55,2299288,F2-e003Coalescence-mGAM-p1_S785,100059
67,Coalescence-D11-B3-ACPP-ACPP-mBHI-mGAM-3_S666,18,2336011,F2-e003Coalescence-mGAM-p1_S785,100059
68,Coalescence-A7-B3-ACPP-ACPP-mBHI-mGAM-7_S626,23,2331105,F2-e003Coalescence-mGAM-p1_S785,100059
69,Coalescence-C5-A3-AA-ACPP-mBHI-mGAM-5_S648,31,2341229,F2-e003Coalescence-mGAM-p1_S785,100059
70,B3-e003Assembly-mBHI-p5,232,1671938,F2-e003Coalescence-mGAM-p1_S785,100059
71,C10-e003GlycerolRevival-mGAM-p2,5062,1999791,F2-e003Coalescence-mGAM-p1_S785,100059
72,Assembly-G9-C9-ACPP-mGAM-3_S700,4381,1714545,F2-e003Coalescence-mGAM-p1_S785,100059
73,Assembly-G2-B3-ACPP-mBHI-3_S693,703,2264296,F2-e003Coalescence-mGAM-p1_S785,100059
74,Assembly-G11-D9-ACPP-mGAM-3_S702,3624,1476979,F2-e003Coalescence-mGAM-p1_S785,100059
75,D_F10_e003Assembly_S358,5473,2229378,F2-e003Coalescence-mGAM-p1_S785,100059
0,A_C9_C2_AA_AE_mBHI_mBHI_4_S33,27,1160951,F5-e003Coalescence-mGAM-p1_S809,100059
1,A_E10_A3_ACPP_AA_mBHI_mGAM_4_S58,21,2331708,F5-e003Coalescence-mGAM-p1_S809,100059
2,A_G2_C3_ACPP_AE_mBHI_mGAM_2_S74,9,2114140,F5-e003Coalescence-mGAM-p1_S809,100059
3,A_G10_C3_ACPP_AE_mBHI_mGAM_4_S82,23,2328389,F5-e003Coalescence-mGAM-p1_S809,100059
4,A_H10_D3_ACPP_AF_mBHI_mGAM_4_S94,14,2339199,F5-e003Coalescence-mGAM-p1_S809,100059
5,B_E2_E3_ACPP_AA_mBHI_mGAM_2_S146,25,2315867,F5-e003Coalescence-mGAM-p1_S809,100059
6,B_H2_H3_ACPP_AF_mBHI_mGAM_2_S182,16,2342589,F5-e003Coalescence-mGAM-p1_S809,100059
7,C3-e003Coalescence-mGAM-p3,40,2330633,F5-e003Coalescence-mGAM-p1_S809,100059
8,B4-e003Coalescence-mGAM-p5,44,2297529,F5-e003Coalescence-mGAM-p1_S809,100059
9,B5-e003Coalescence-mGAM-p5,50,2230945,F5-e003Coalescence-mGAM-p1_S809,100059
10,C3-e003Coalescence-mGAM-p5,49,2320793,F5-e003Coalescence-mGAM-p1_S809,100059
11,B2-e003Coalescence-mGAM-p3,57,2302020,F5-e003Coalescence-mGAM-p1_S809,100059
12,D3-e003Coalescence-mGAM-p3,30,2304101,F5-e003Coalescence-mGAM-p1_S809,100059
13,D3-e003Coalescence-mGAM-p5,48,2345640,F5-e003Coalescence-mGAM-p1_S809,100059
14,A3-e003Coalescence-mGAM-p7,88,2224531,F5-e003Coalescence-mGAM-p1_S809,100059
15,C3-e003Coalescence-mGAM-p7,54,2337093,F5-e003Coalescence-mGAM-p1_S809,100059
16,B3-e003Coalescence-mGAM-p5,57,2323948,F5-e003Coalescence-mGAM-p1_S809,100059
17,B3-e003Coalescence-mBHI-p5,30,1072043,F5-e003Coalescence-mGAM-p1_S809,100059
18,B5-e003Coalescence-mGAM-p3,22,2263665,F5-e003Coalescence-mGAM-p1_S809,100059
19,F5-e003Coalescence-mGAM-p5_S64,23,2321521,F5-e003Coalescence-mGAM-p1_S809,100059
20,F5-e003Coalescence-mGAM-p7_S160,13,1792027,F5-e003Coalescence-mGAM-p1_S809,100059
21,E3-e003Coalescence-mGAM-p3_S58,16,2304171,F5-e003Coalescence-mGAM-p1_S809,100059
22,F2-e003Coalescence-mGAM-p7_S157,37,2169270,F5-e003Coalescence-mGAM-p1_S809,100059
23,H3-e003Coalescence-mGAM-p3_S94,16,2281366,F5-e003Coalescence-mGAM-p1_S809,100059
24,E3-e003Coalescence-mGAM-p5_S50,29,2328032,F5-e003Coalescence-mGAM-p1_S809,100059
25,F5-e003Coalescence-mGAM-p3_S72,14,1909764,F5-e003Coalescence-mGAM-p1_S809,100059
26,F2-e003Coalescence-mGAM-p5_S61,27,2319879,F5-e003Coalescence-mGAM-p1_S809,100059
27,F4-e003Coalescence-mGAM-p5_S63,30,2281603,F5-e003Coalescence-mGAM-p1_S809,100059
28,E3-e003Coalescence-mGAM-p7_S146,11,2284526,F5-e003Coalescence-mGAM-p1_S809,100059
29,F3-e003Coalescence-mGAM-p5_S62,20,2274734,F5-e003Coalescence-mGAM-p1_S809,100059
30,G3-e003Coalescence-mGAM-p3_S82,19,2315865,F5-e003Coalescence-mGAM-p1_S809,100059
31,F3-e003Coalescence-mGAM-p7_S158,26,1890761,F5-e003Coalescence-mGAM-p1_S809,100059
32,F2-e003Coalescence-mGAM-p3_S69,91,2223230,F5-e003Coalescence-mGAM-p1_S809,100059
33,G3-e003Coalescence-mGAM-p5_S74,12,2314417,F5-e003Coalescence-mGAM-p1_S809,100059
34,F4-e003Coalescence-mGAM-p3_S71,19,2322136,F5-e003Coalescence-mGAM-p1_S809,100059
35,F4-e003Coalescence-mGAM-p7_S159,16,2295820,F5-e003Coalescence-mGAM-p1_S809,100059
36,H3-e003Coalescence-mGAM-p5_S86,10,2254569,F5-e003Coalescence-mGAM-p1_S809,100059
37,D3-e003Coalescence-Inoculumn-mBHI,57,2396095,F5-e003Coalescence-mGAM-p1_S809,100059
38,B5-e003Coalescence-Inoculumn-mBHI,54,2350303,F5-e003Coalescence-mGAM-p1_S809,100059
39,A3-e003Coalescence-mBHI-inoculumn-redo,69,1788568,F5-e003Coalescence-mGAM-p1_S809,100059
40,B3-e003Coalescence-Inoculumn-mBHI,57,2381229,F5-e003Coalescence-mGAM-p1_S809,100059
41,B2-e003Coalescence-Inoculumn-mBHI,114,2353136,F5-e003Coalescence-mGAM-p1_S809,100059
42,C3-e003Coalescence-mBHI-inoculumn-redo,116,2362051,F5-e003Coalescence-mGAM-p1_S809,100059
43,B4-e003Coalescence-Inoculumn-mBHI,145,2359806,F5-e003Coalescence-mGAM-p1_S809,100059
44,B3-e003Coalescence-mGAM-p1_S729,11,2342364,F5-e003Coalescence-mGAM-p1_S809,100059
45,B5-e003Coalescence-mGAM-p1_S745,42,1357308,F5-e003Coalescence-mGAM-p1_S809,100059
46,D3-e003Coalescence-mGAM-p1_S731,17,2257246,F5-e003Coalescence-mGAM-p1_S809,100059
47,G3-e003Coalescence-mBHI-p1_S790,16,1758065,F5-e003Coalescence-mGAM-p1_S809,100059
48,A3-e003Coalescence-mGAM-p1_S728,145,1780223,F5-e003Coalescence-mGAM-p1_S809,100059
49,B3-e003Coalescence-mBHI-p1_S725,29,2066919,F5-e003Coalescence-mGAM-p1_S809,100059
50,C3-e003Coalescence-mGAM-p1_S730,23,1716039,F5-e003Coalescence-mGAM-p1_S809,100059
51,F3-e003Coalescence-mBHI-p1_S789,16,1571983,F5-e003Coalescence-mGAM-p1_S809,100059
52,B4-e003Coalescence-mBHI-p1_S733,29,1656166,F5-e003Coalescence-mGAM-p1_S809,100059
53,F2-e003Coalescence-mGAM-p1_S785,165,2169203,F5-e003Coalescence-mGAM-p1_S809,100059
54,F5-e003Coalescence-mGAM-p1_S809,0,2299166,F5-e003Coalescence-mGAM-p1_S809,100059
55,G3-e003Coalescence-mGAM-p1_S794,42,1549647,F5-e003Coalescence-mGAM-p1_S809,100059
56,C3-e003Coalescence-mBHI-p1_S726,26,1814974,F5-e003Coalescence-mGAM-p1_S809,100059
57,F4-e003Coalescence-mGAM-p1_S801,37,2082505,F5-e003Coalescence-mGAM-p1_S809,100059
58,B4-e003Coalescence-mGAM-p1_S737,10,2329051,F5-e003Coalescence-mGAM-p1_S809,100059
59,E3-e003Coalescence-mGAM-p1_S792,132,1419028,F5-e003Coalescence-mGAM-p1_S809,100059
60,F3-e003Coalescence-mGAM-p1_S793,10,2347771,F5-e003Coalescence-mGAM-p1_S809,100059
61,Coalescence-D1-B2-AA-ACPP-mBHI-mGAM-5_S656,23,2325618,F5-e003Coalescence-mGAM-p1_S809,100059
62,Coalescence-B4-D3-ACPP-AF-mBHI-mGAM-7_S635,6,2332904,F5-e003Coalescence-mGAM-p1_S809,100059
63,Coalescence-A6-B2-AA-ACPP-mBHI-mGAM-7_S625,11,2325429,F5-e003Coalescence-mGAM-p1_S809,100059
64,Coalescence-D12-B4-ACPP-AE-mBHI-mGAM-3_S667,18,2332403,F5-e003Coalescence-mGAM-p1_S809,100059
65,Coalescence-D7-A3-AA-ACPP-mBHI-mGAM-3_S662,15,2330889,F5-e003Coalescence-mGAM-p1_S809,100059
66,Coalescence-B9-G3-ACPP-AE-mBHI-mGAM-7_S640,23,2299288,F5-e003Coalescence-mGAM-p1_S809,100059
67,Coalescence-D11-B3-ACPP-ACPP-mBHI-mGAM-3_S666,20,2336011,F5-e003Coalescence-mGAM-p1_S809,100059
68,Coalescence-A7-B3-ACPP-ACPP-mBHI-mGAM-7_S626,19,2331105,F5-e003Coalescence-mGAM-p1_S809,100059
69,Coalescence-C5-A3-AA-ACPP-mBHI-mGAM-5_S648,29,2341229,F5-e003Coalescence-mGAM-p1_S809,100059
70,B3-e003Assembly-mBHI-p5,65,1671938,F5-e003Coalescence-mGAM-p1_S809,100059
71,C10-e003GlycerolRevival-mGAM-p2,4150,1999791,F5-e003Coalescence-mGAM-p1_S809,100059
72,Assembly-G9-C9-ACPP-mGAM-3_S700,3488,1714545,F5-e003Coalescence-mGAM-p1_S809,100059
73,Assembly-G2-B3-ACPP-mBHI-3_S693,388,2264296,F5-e003Coalescence-mGAM-p1_S809,100059
74,Assembly-G11-D9-ACPP-mGAM-3_S702,2864,1476979,F5-e003Coalescence-mGAM-p1_S809,100059
75,D_F10_e003Assembly_S358,4302,2229378,F5-e003Coalescence-mGAM-p1_S809,100059
0,A_C9_C2_AA_AE_mBHI_mBHI_4_S33,26,1160951,G3-e003Coalescence-mGAM-p1_S794,100059
1,A_E10_A3_ACPP_AA_mBHI_mGAM_4_S58,42,2331708,G3-e003Coalescence-mGAM-p1_S794,100059
2,A_G2_C3_ACPP_AE_mBHI_mGAM_2_S74,29,2114140,G3-e003Coalescence-mGAM-p1_S794,100059
3,A_G10_C3_ACPP_AE_mBHI_mGAM_4_S82,61,2328389,G3-e003Coalescence-mGAM-p1_S794,100059
4,A_H10_D3_ACPP_AF_mBHI_mGAM_4_S94,48,2339199,G3-e003Coalescence-mGAM-p1_S794,100059
5,B_E2_E3_ACPP_AA_mBHI_mGAM_2_S146,23,2315867,G3-e003Coalescence-mGAM-p1_S794,100059
6,B_H2_H3_ACPP_AF_mBHI_mGAM_2_S182,50,2342589,G3-e003Coalescence-mGAM-p1_S794,100059
7,C3-e003Coalescence-mGAM-p3,64,2330633,G3-e003Coalescence-mGAM-p1_S794,100059
8,B4-e003Coalescence-mGAM-p5,57,2297529,G3-e003Coalescence-mGAM-p1_S794,100059
9,B5-e003Coalescence-mGAM-p5,64,2230945,G3-e003Coalescence-mGAM-p1_S794,100059
10,C3-e003Coalescence-mGAM-p5,70,2320793,G3-e003Coalescence-mGAM-p1_S794,100059
11,B2-e003Coalescence-mGAM-p3,46,2302020,G3-e003Coalescence-mGAM-p1_S794,100059
12,D3-e003Coalescence-mGAM-p3,53,2304101,G3-e003Coalescence-mGAM-p1_S794,100059
13,D3-e003Coalescence-mGAM-p5,74,2345640,G3-e003Coalescence-mGAM-p1_S794,100059
14,A3-e003Coalescence-mGAM-p7,54,2224531,G3-e003Coalescence-mGAM-p1_S794,100059
15,C3-e003Coalescence-mGAM-p7,70,2337093,G3-e003Coalescence-mGAM-p1_S794,100059
16,B3-e003Coalescence-mGAM-p5,69,2323948,G3-e003Coalescence-mGAM-p1_S794,100059
17,B3-e003Coalescence-mBHI-p5,30,1072043,G3-e003Coalescence-mGAM-p1_S794,100059
18,B5-e003Coalescence-mGAM-p3,40,2263665,G3-e003Coalescence-mGAM-p1_S794,100059
19,F5-e003Coalescence-mGAM-p5_S64,64,2321521,G3-e003Coalescence-mGAM-p1_S794,100059
20,F5-e003Coalescence-mGAM-p7_S160,43,1792027,G3-e003Coalescence-mGAM-p1_S794,100059
21,E3-e003Coalescence-mGAM-p3_S58,47,2304171,G3-e003Coalescence-mGAM-p1_S794,100059
22,F2-e003Coalescence-mGAM-p7_S157,55,2169270,G3-e003Coalescence-mGAM-p1_S794,100059
23,H3-e003Coalescence-mGAM-p3_S94,42,2281366,G3-e003Coalescence-mGAM-p1_S794,100059
24,E3-e003Coalescence-mGAM-p5_S50,57,2328032,G3-e003Coalescence-mGAM-p1_S794,100059
25,F5-e003Coalescence-mGAM-p3_S72,39,1909764,G3-e003Coalescence-mGAM-p1_S794,100059
26,F2-e003Coalescence-mGAM-p5_S61,53,2319879,G3-e003Coalescence-mGAM-p1_S794,100059
27,F4-e003Coalescence-mGAM-p5_S63,55,2281603,G3-e003Coalescence-mGAM-p1_S794,100059
28,E3-e003Coalescence-mGAM-p7_S146,27,2284526,G3-e003Coalescence-mGAM-p1_S794,100059
29,F3-e003Coalescence-mGAM-p5_S62,58,2274734,G3-e003Coalescence-mGAM-p1_S794,100059
30,G3-e003Coalescence-mGAM-p3_S82,58,2315865,G3-e003Coalescence-mGAM-p1_S794,100059
31,F3-e003Coalescence-mGAM-p7_S158,45,1890761,G3-e003Coalescence-mGAM-p1_S794,100059
32,F2-e003Coalescence-mGAM-p3_S69,68,2223230,G3-e003Coalescence-mGAM-p1_S794,100059
33,G3-e003Coalescence-mGAM-p5_S74,44,2314417,G3-e003Coalescence-mGAM-p1_S794,100059
34,F4-e003Coalescence-mGAM-p3_S71,50,2322136,G3-e003Coalescence-mGAM-p1_S794,100059
35,F4-e003Coalescence-mGAM-p7_S159,45,2295820,G3-e003Coalescence-mGAM-p1_S794,100059
36,H3-e003Coalescence-mGAM-p5_S86,44,2254569,G3-e003Coalescence-mGAM-p1_S794,100059
37,D3-e003Coalescence-Inoculumn-mBHI,82,2396095,G3-e003Coalescence-mGAM-p1_S794,100059
38,B5-e003Coalescence-Inoculumn-mBHI,73,2350303,G3-e003Coalescence-mGAM-p1_S794,100059
39,A3-e003Coalescence-mBHI-inoculumn-redo,77,1788568,G3-e003Coalescence-mGAM-p1_S794,100059
40,B3-e003Coalescence-Inoculumn-mBHI,79,2381229,G3-e003Coalescence-mGAM-p1_S794,100059
41,B2-e003Coalescence-Inoculumn-mBHI,92,2353136,G3-e003Coalescence-mGAM-p1_S794,100059
42,C3-e003Coalescence-mBHI-inoculumn-redo,79,2362051,G3-e003Coalescence-mGAM-p1_S794,100059
43,B4-e003Coalescence-Inoculumn-mBHI,99,2359806,G3-e003Coalescence-mGAM-p1_S794,100059
44,B3-e003Coalescence-mGAM-p1_S729,41,2342364,G3-e003Coalescence-mGAM-p1_S794,100059
45,B5-e003Coalescence-mGAM-p1_S745,38,1357308,G3-e003Coalescence-mGAM-p1_S794,100059
46,D3-e003Coalescence-mGAM-p1_S731,39,2257246,G3-e003Coalescence-mGAM-p1_S794,100059
47,G3-e003Coalescence-mBHI-p1_S790,43,1758065,G3-e003Coalescence-mGAM-p1_S794,100059
48,A3-e003Coalescence-mGAM-p1_S728,74,1780223,G3-e003Coalescence-mGAM-p1_S794,100059
49,B3-e003Coalescence-mBHI-p1_S725,43,2066919,G3-e003Coalescence-mGAM-p1_S794,100059
50,C3-e003Coalescence-mGAM-p1_S730,41,1716039,G3-e003Coalescence-mGAM-p1_S794,100059
51,F3-e003Coalescence-mBHI-p1_S789,40,1571983,G3-e003Coalescence-mGAM-p1_S794,100059
52,B4-e003Coalescence-mBHI-p1_S733,52,1656166,G3-e003Coalescence-mGAM-p1_S794,100059
53,F2-e003Coalescence-mGAM-p1_S785,125,2169203,G3-e003Coalescence-mGAM-p1_S794,100059
54,F5-e003Coalescence-mGAM-p1_S809,42,2299166,G3-e003Coalescence-mGAM-p1_S794,100059
55,G3-e003Coalescence-mGAM-p1_S794,0,1549647,G3-e003Coalescence-mGAM-p1_S794,100059
56,C3-e003Coalescence-mBHI-p1_S726,38,1814974,G3-e003Coalescence-mGAM-p1_S794,100059
57,F4-e003Coalescence-mGAM-p1_S801,36,2082505,G3-e003Coalescence-mGAM-p1_S794,100059
58,B4-e003Coalescence-mGAM-p1_S737,26,2329051,G3-e003Coalescence-mGAM-p1_S794,100059
59,E3-e003Coalescence-mGAM-p1_S792,102,1419028,G3-e003Coalescence-mGAM-p1_S794,100059
60,F3-e003Coalescence-mGAM-p1_S793,40,2347771,G3-e003Coalescence-mGAM-p1_S794,100059
61,Coalescence-D1-B2-AA-ACPP-mBHI-mGAM-5_S656,51,2325618,G3-e003Coalescence-mGAM-p1_S794,100059
62,Coalescence-B4-D3-ACPP-AF-mBHI-mGAM-7_S635,37,2332904,G3-e003Coalescence-mGAM-p1_S794,100059
63,Coalescence-A6-B2-AA-ACPP-mBHI-mGAM-7_S625,25,2325429,G3-e003Coalescence-mGAM-p1_S794,100059
64,Coalescence-D12-B4-ACPP-AE-mBHI-mGAM-3_S667,62,2332403,G3-e003Coalescence-mGAM-p1_S794,100059
65,Coalescence-D7-A3-AA-ACPP-mBHI-mGAM-3_S662,13,2330889,G3-e003Coalescence-mGAM-p1_S794,100059
66,Coalescence-B9-G3-ACPP-AE-mBHI-mGAM-7_S640,55,2299288,G3-e003Coalescence-mGAM-p1_S794,100059
67,Coalescence-D11-B3-ACPP-ACPP-mBHI-mGAM-3_S666,59,2336011,G3-e003Coalescence-mGAM-p1_S794,100059
68,Coalescence-A7-B3-ACPP-ACPP-mBHI-mGAM-7_S626,55,2331105,G3-e003Coalescence-mGAM-p1_S794,100059
69,Coalescence-C5-A3-AA-ACPP-mBHI-mGAM-5_S648,60,2341229,G3-e003Coalescence-mGAM-p1_S794,100059
70,B3-e003Assembly-mBHI-p5,72,1671938,G3-e003Coalescence-mGAM-p1_S794,100059
71,C10-e003GlycerolRevival-mGAM-p2,3500,1999791,G3-e003Coalescence-mGAM-p1_S794,100059
72,Assembly-G9-C9-ACPP-mGAM-3_S700,2915,1714545,G3-e003Coalescence-mGAM-p1_S794,100059
73,Assembly-G2-B3-ACPP-mBHI-3_S693,332,2264296,G3-e003Coalescence-mGAM-p1_S794,100059
74,Assembly-G11-D9-ACPP-mGAM-3_S702,2482,1476979,G3-e003Coalescence-mGAM-p1_S794,100059
75,D_F10_e003Assembly_S358,3642,2229378,G3-e003Coalescence-mGAM-p1_S794,100059
0,A_C9_C2_AA_AE_mBHI_mBHI_4_S33,14,1160951,C3-e003Coalescence-mBHI-p1_S726,100059
1,A_E10_A3_ACPP_AA_mBHI_mGAM_4_S58,6,2331708,C3-e003Coalescence-mBHI-p1_S726,100059
2,A_G2_C3_ACPP_AE_mBHI_mGAM_2_S74,16,2114140,C3-e003Coalescence-mBHI-p1_S726,100059
3,A_G10_C3_ACPP_AE_mBHI_mGAM_4_S82,5,2328389,C3-e003Coalescence-mBHI-p1_S726,100059
4,A_H10_D3_ACPP_AF_mBHI_mGAM_4_S94,14,2339199,C3-e003Coalescence-mBHI-p1_S726,100059
5,B_E2_E3_ACPP_AA_mBHI_mGAM_2_S146,35,2315867,C3-e003Coalescence-mBHI-p1_S726,100059
6,B_H2_H3_ACPP_AF_mBHI_mGAM_2_S182,9,2342589,C3-e003Coalescence-mBHI-p1_S726,100059
7,C3-e003Coalescence-mGAM-p3,27,2330633,C3-e003Coalescence-mBHI-p1_S726,100059
8,B4-e003Coalescence-mGAM-p5,40,2297529,C3-e003Coalescence-mBHI-p1_S726,100059
9,B5-e003Coalescence-mGAM-p5,15,2230945,C3-e003Coalescence-mBHI-p1_S726,100059
10,C3-e003Coalescence-mGAM-p5,26,2320793,C3-e003Coalescence-mBHI-p1_S726,100059
11,B2-e003Coalescence-mGAM-p3,31,2302020,C3-e003Coalescence-mBHI-p1_S726,100059
12,D3-e003Coalescence-mGAM-p3,36,2304101,C3-e003Coalescence-mBHI-p1_S726,100059
13,D3-e003Coalescence-mGAM-p5,39,2345640,C3-e003Coalescence-mBHI-p1_S726,100059
14,A3-e003Coalescence-mGAM-p7,126,2224531,C3-e003Coalescence-mBHI-p1_S726,100059
15,C3-e003Coalescence-mGAM-p7,28,2337093,C3-e003Coalescence-mBHI-p1_S726,100059
16,B3-e003Coalescence-mGAM-p5,28,2323948,C3-e003Coalescence-mBHI-p1_S726,100059
17,B3-e003Coalescence-mBHI-p5,9,1072043,C3-e003Coalescence-mBHI-p1_S726,100059
18,B5-e003Coalescence-mGAM-p3,16,2263665,C3-e003Coalescence-mBHI-p1_S726,100059
19,F5-e003Coalescence-mGAM-p5_S64,12,2321521,C3-e003Coalescence-mBHI-p1_S726,100059
20,F5-e003Coalescence-mGAM-p7_S160,10,1792027,C3-e003Coalescence-mBHI-p1_S726,100059
21,E3-e003Coalescence-mGAM-p3_S58,9,2304171,C3-e003Coalescence-mBHI-p1_S726,100059
22,F2-e003Coalescence-mGAM-p7_S157,51,2169270,C3-e003Coalescence-mBHI-p1_S726,100059
23,H3-e003Coalescence-mGAM-p3_S94,13,2281366,C3-e003Coalescence-mBHI-p1_S726,100059
24,E3-e003Coalescence-mGAM-p5_S50,10,2328032,C3-e003Coalescence-mBHI-p1_S726,100059
25,F5-e003Coalescence-mGAM-p3_S72,19,1909764,C3-e003Coalescence-mBHI-p1_S726,100059
26,F2-e003Coalescence-mGAM-p5_S61,7,2319879,C3-e003Coalescence-mBHI-p1_S726,100059
27,F4-e003Coalescence-mGAM-p5_S63,13,2281603,C3-e003Coalescence-mBHI-p1_S726,100059
28,E3-e003Coalescence-mGAM-p7_S146,7,2284526,C3-e003Coalescence-mBHI-p1_S726,100059
29,F3-e003Coalescence-mGAM-p5_S62,13,2274734,C3-e003Coalescence-mBHI-p1_S726,100059
30,G3-e003Coalescence-mGAM-p3_S82,6,2315865,C3-e003Coalescence-mBHI-p1_S726,100059
31,F3-e003Coalescence-mGAM-p7_S158,30,1890761,C3-e003Coalescence-mBHI-p1_S726,100059
32,F2-e003Coalescence-mGAM-p3_S69,120,2223230,C3-e003Coalescence-mBHI-p1_S726,100059
33,G3-e003Coalescence-mGAM-p5_S74,5,2314417,C3-e003Coalescence-mBHI-p1_S726,100059
34,F4-e003Coalescence-mGAM-p3_S71,9,2322136,C3-e003Coalescence-mBHI-p1_S726,100059
35,F4-e003Coalescence-mGAM-p7_S159,4,2295820,C3-e003Coalescence-mBHI-p1_S726,100059
36,H3-e003Coalescence-mGAM-p5_S86,23,2254569,C3-e003Coalescence-mBHI-p1_S726,100059
37,D3-e003Coalescence-Inoculumn-mBHI,29,2396095,C3-e003Coalescence-mBHI-p1_S726,100059
38,B5-e003Coalescence-Inoculumn-mBHI,28,2350303,C3-e003Coalescence-mBHI-p1_S726,100059
39,A3-e003Coalescence-mBHI-inoculumn-redo,40,1788568,C3-e003Coalescence-mBHI-p1_S726,100059
40,B3-e003Coalescence-Inoculumn-mBHI,25,2381229,C3-e003Coalescence-mBHI-p1_S726,100059
41,B2-e003Coalescence-Inoculumn-mBHI,76,2353136,C3-e003Coalescence-mBHI-p1_S726,100059
42,C3-e003Coalescence-mBHI-inoculumn-redo,20,2362051,C3-e003Coalescence-mBHI-p1_S726,100059
43,B4-e003Coalescence-Inoculumn-mBHI,44,2359806,C3-e003Coalescence-mBHI-p1_S726,100059
44,B3-e003Coalescence-mGAM-p1_S729,17,2342364,C3-e003Coalescence-mBHI-p1_S726,100059
45,B5-e003Coalescence-mGAM-p1_S745,62,1357308,C3-e003Coalescence-mBHI-p1_S726,100059
46,D3-e003Coalescence-mGAM-p1_S731,31,2257246,C3-e003Coalescence-mBHI-p1_S726,100059
47,G3-e003Coalescence-mBHI-p1_S790,0,1758065,C3-e003Coalescence-mBHI-p1_S726,100059
48,A3-e003Coalescence-mGAM-p1_S728,125,1780223,C3-e003Coalescence-mBHI-p1_S726,100059
49,B3-e003Coalescence-mBHI-p1_S725,14,2066919,C3-e003Coalescence-mBHI-p1_S726,100059
50,C3-e003Coalescence-mGAM-p1_S730,37,1716039,C3-e003Coalescence-mBHI-p1_S726,100059
51,F3-e003Coalescence-mBHI-p1_S789,7,1571983,C3-e003Coalescence-mBHI-p1_S726,100059
52,B4-e003Coalescence-mBHI-p1_S733,2,1656166,C3-e003Coalescence-mBHI-p1_S726,100059
53,F2-e003Coalescence-mGAM-p1_S785,145,2169203,C3-e003Coalescence-mBHI-p1_S726,100059
54,F5-e003Coalescence-mGAM-p1_S809,26,2299166,C3-e003Coalescence-mBHI-p1_S726,100059
55,G3-e003Coalescence-mGAM-p1_S794,38,1549647,C3-e003Coalescence-mBHI-p1_S726,100059
56,C3-e003Coalescence-mBHI-p1_S726,0,1814974,C3-e003Coalescence-mBHI-p1_S726,100059
57,F4-e003Coalescence-mGAM-p1_S801,50,2082505,C3-e003Coalescence-mBHI-p1_S726,100059
58,B4-e003Coalescence-mGAM-p1_S737,9,2329051,C3-e003Coalescence-mBHI-p1_S726,100059
59,E3-e003Coalescence-mGAM-p1_S792,194,1419028,C3-e003Coalescence-mBHI-p1_S726,100059
60,F3-e003Coalescence-mGAM-p1_S793,17,2347771,C3-e003Coalescence-mBHI-p1_S726,100059
61,Coalescence-D1-B2-AA-ACPP-mBHI-mGAM-5_S656,5,2325618,C3-e003Coalescence-mBHI-p1_S726,100059
62,Coalescence-B4-D3-ACPP-AF-mBHI-mGAM-7_S635,11,2332904,C3-e003Coalescence-mBHI-p1_S726,100059
63,Coalescence-A6-B2-AA-ACPP-mBHI-mGAM-7_S625,9,2325429,C3-e003Coalescence-mBHI-p1_S726,100059
64,Coalescence-D12-B4-ACPP-AE-mBHI-mGAM-3_S667,10,2332403,C3-e003Coalescence-mBHI-p1_S726,100059
65,Coalescence-D7-A3-AA-ACPP-mBHI-mGAM-3_S662,7,2330889,C3-e003Coalescence-mBHI-p1_S726,100059
66,Coalescence-B9-G3-ACPP-AE-mBHI-mGAM-7_S640,14,2299288,C3-e003Coalescence-mBHI-p1_S726,100059
67,Coalescence-D11-B3-ACPP-ACPP-mBHI-mGAM-3_S666,5,2336011,C3-e003Coalescence-mBHI-p1_S726,100059
68,Coalescence-A7-B3-ACPP-ACPP-mBHI-mGAM-7_S626,13,2331105,C3-e003Coalescence-mBHI-p1_S726,100059
69,Coalescence-C5-A3-AA-ACPP-mBHI-mGAM-5_S648,17,2341229,C3-e003Coalescence-mBHI-p1_S726,100059
70,B3-e003Assembly-mBHI-p5,117,1671938,C3-e003Coalescence-mBHI-p1_S726,100059
71,C10-e003GlycerolRevival-mGAM-p2,7987,1999791,C3-e003Coalescence-mBHI-p1_S726,100059
72,Assembly-G9-C9-ACPP-mGAM-3_S700,6620,1714545,C3-e003Coalescence-mBHI-p1_S726,100059
73,Assembly-G2-B3-ACPP-mBHI-3_S693,806,2264296,C3-e003Coalescence-mBHI-p1_S726,100059
74,Assembly-G11-D9-ACPP-mGAM-3_S702,5670,1476979,C3-e003Coalescence-mBHI-p1_S726,100059
75,D_F10_e003Assembly_S358,8322,2229378,C3-e003Coalescence-mBHI-p1_S726,100059
0,A_C9_C2_AA_AE_mBHI_mBHI_4_S33,48,1160951,F4-e003Coalescence-mGAM-p1_S801,100059
1,A_E10_A3_ACPP_AA_mBHI_mGAM_4_S58,34,2331708,F4-e003Coalescence-mGAM-p1_S801,100059
2,A_G2_C3_ACPP_AE_mBHI_mGAM_2_S74,30,2114140,F4-e003Coalescence-mGAM-p1_S801,100059
3,A_G10_C3_ACPP_AE_mBHI_mGAM_4_S82,52,2328389,F4-e003Coalescence-mGAM-p1_S801,100059
4,A_H10_D3_ACPP_AF_mBHI_mGAM_4_S94,51,2339199,F4-e003Coalescence-mGAM-p1_S801,100059
5,B_E2_E3_ACPP_AA_mBHI_mGAM_2_S146,18,2315867,F4-e003Coalescence-mGAM-p1_S801,100059
6,B_H2_H3_ACPP_AF_mBHI_mGAM_2_S182,49,2342589,F4-e003Coalescence-mGAM-p1_S801,100059
7,C3-e003Coalescence-mGAM-p3,71,2330633,F4-e003Coalescence-mGAM-p1_S801,100059
8,B4-e003Coalescence-mGAM-p5,59,2297529,F4-e003Coalescence-mGAM-p1_S801,100059
9,B5-e003Coalescence-mGAM-p5,74,2230945,F4-e003Coalescence-mGAM-p1_S801,100059
10,C3-e003Coalescence-mGAM-p5,68,2320793,F4-e003Coalescence-mGAM-p1_S801,100059
11,B2-e003Coalescence-mGAM-p3,50,2302020,F4-e003Coalescence-mGAM-p1_S801,100059
12,D3-e003Coalescence-mGAM-p3,48,2304101,F4-e003Coalescence-mGAM-p1_S801,100059
13,D3-e003Coalescence-mGAM-p5,76,2345640,F4-e003Coalescence-mGAM-p1_S801,100059
14,A3-e003Coalescence-mGAM-p7,72,2224531,F4-e003Coalescence-mGAM-p1_S801,100059
15,C3-e003Coalescence-mGAM-p7,73,2337093,F4-e003Coalescence-mGAM-p1_S801,100059
16,B3-e003Coalescence-mGAM-p5,79,2323948,F4-e003Coalescence-mGAM-p1_S801,100059
17,B3-e003Coalescence-mBHI-p5,43,1072043,F4-e003Coalescence-mGAM-p1_S801,100059
18,B5-e003Coalescence-mGAM-p3,48,2263665,F4-e003Coalescence-mGAM-p1_S801,100059
19,F5-e003Coalescence-mGAM-p5_S64,56,2321521,F4-e003Coalescence-mGAM-p1_S801,100059
20,F5-e003Coalescence-mGAM-p7_S160,31,1792027,F4-e003Coalescence-mGAM-p1_S801,100059
21,E3-e003Coalescence-mGAM-p3_S58,27,2304171,F4-e003Coalescence-mGAM-p1_S801,100059
22,F2-e003Coalescence-mGAM-p7_S157,53,2169270,F4-e003Coalescence-mGAM-p1_S801,100059
23,H3-e003Coalescence-mGAM-p3_S94,48,2281366,F4-e003Coalescence-mGAM-p1_S801,100059
24,E3-e003Coalescence-mGAM-p5_S50,47,2328032,F4-e003Coalescence-mGAM-p1_S801,100059
25,F5-e003Coalescence-mGAM-p3_S72,20,1909764,F4-e003Coalescence-mGAM-p1_S801,100059
26,F2-e003Coalescence-mGAM-p5_S61,45,2319879,F4-e003Coalescence-mGAM-p1_S801,100059
27,F4-e003Coalescence-mGAM-p5_S63,45,2281603,F4-e003Coalescence-mGAM-p1_S801,100059
28,E3-e003Coalescence-mGAM-p7_S146,23,2284526,F4-e003Coalescence-mGAM-p1_S801,100059
29,F3-e003Coalescence-mGAM-p5_S62,45,2274734,F4-e003Coalescence-mGAM-p1_S801,100059
30,G3-e003Coalescence-mGAM-p3_S82,48,2315865,F4-e003Coalescence-mGAM-p1_S801,100059
31,F3-e003Coalescence-mGAM-p7_S158,34,1890761,F4-e003Coalescence-mGAM-p1_S801,100059
32,F2-e003Coalescence-mGAM-p3_S69,71,2223230,F4-e003Coalescence-mGAM-p1_S801,100059
33,G3-e003Coalescence-mGAM-p5_S74,33,2314417,F4-e003Coalescence-mGAM-p1_S801,100059
34,F4-e003Coalescence-mGAM-p3_S71,54,2322136,F4-e003Coalescence-mGAM-p1_S801,100059
35,F4-e003Coalescence-mGAM-p7_S159,43,2295820,F4-e003Coalescence-mGAM-p1_S801,100059
36,H3-e003Coalescence-mGAM-p5_S86,40,2254569,F4-e003Coalescence-mGAM-p1_S801,100059
37,D3-e003Coalescence-Inoculumn-mBHI,78,2396095,F4-e003Coalescence-mGAM-p1_S801,100059
38,B5-e003Coalescence-Inoculumn-mBHI,79,2350303,F4-e003Coalescence-mGAM-p1_S801,100059
39,A3-e003Coalescence-mBHI-inoculumn-redo,79,1788568,F4-e003Coalescence-mGAM-p1_S801,100059
40,B3-e003Coalescence-Inoculumn-mBHI,81,2381229,F4-e003Coalescence-mGAM-p1_S801,100059
41,B2-e003Coalescence-Inoculumn-mBHI,109,2353136,F4-e003Coalescence-mGAM-p1_S801,100059
42,C3-e003Coalescence-mBHI-inoculumn-redo,93,2362051,F4-e003Coalescence-mGAM-p1_S801,100059
43,B4-e003Coalescence-Inoculumn-mBHI,116,2359806,F4-e003Coalescence-mGAM-p1_S801,100059
44,B3-e003Coalescence-mGAM-p1_S729,37,2342364,F4-e003Coalescence-mGAM-p1_S801,100059
45,B5-e003Coalescence-mGAM-p1_S745,47,1357308,F4-e003Coalescence-mGAM-p1_S801,100059
46,D3-e003Coalescence-mGAM-p1_S731,39,2257246,F4-e003Coalescence-mGAM-p1_S801,100059
47,G3-e003Coalescence-mBHI-p1_S790,52,1758065,F4-e003Coalescence-mGAM-p1_S801,100059
48,A3-e003Coalescence-mGAM-p1_S728,106,1780223,F4-e003Coalescence-mGAM-p1_S801,100059
49,B3-e003Coalescence-mBHI-p1_S725,45,2066919,F4-e003Coalescence-mGAM-p1_S801,100059
50,C3-e003Coalescence-mGAM-p1_S730,39,1716039,F4-e003Coalescence-mGAM-p1_S801,100059
51,F3-e003Coalescence-mBHI-p1_S789,34,1571983,F4-e003Coalescence-mGAM-p1_S801,100059
52,B4-e003Coalescence-mBHI-p1_S733,48,1656166,F4-e003Coalescence-mGAM-p1_S801,100059
53,F2-e003Coalescence-mGAM-p1_S785,122,2169203,F4-e003Coalescence-mGAM-p1_S801,100059
54,F5-e003Coalescence-mGAM-p1_S809,37,2299166,F4-e003Coalescence-mGAM-p1_S801,100059
55,G3-e003Coalescence-mGAM-p1_S794,36,1549647,F4-e003Coalescence-mGAM-p1_S801,100059
56,C3-e003Coalescence-mBHI-p1_S726,50,1814974,F4-e003Coalescence-mGAM-p1_S801,100059
57,F4-e003Coalescence-mGAM-p1_S801,0,2082505,F4-e003Coalescence-mGAM-p1_S801,100059
58,B4-e003Coalescence-mGAM-p1_S737,20,2329051,F4-e003Coalescence-mGAM-p1_S801,100059
59,E3-e003Coalescence-mGAM-p1_S792,115,1419028,F4-e003Coalescence-mGAM-p1_S801,100059
60,F3-e003Coalescence-mGAM-p1_S793,31,2347771,F4-e003Coalescence-mGAM-p1_S801,100059
61,Coalescence-D1-B2-AA-ACPP-mBHI-mGAM-5_S656,39,2325618,F4-e003Coalescence-mGAM-p1_S801,100059
62,Coalescence-B4-D3-ACPP-AF-mBHI-mGAM-7_S635,28,2332904,F4-e003Coalescence-mGAM-p1_S801,100059
63,Coalescence-A6-B2-AA-ACPP-mBHI-mGAM-7_S625,19,2325429,F4-e003Coalescence-mGAM-p1_S801,100059
64,Coalescence-D12-B4-ACPP-AE-mBHI-mGAM-3_S667,47,2332403,F4-e003Coalescence-mGAM-p1_S801,100059
65,Coalescence-D7-A3-AA-ACPP-mBHI-mGAM-3_S662,10,2330889,F4-e003Coalescence-mGAM-p1_S801,100059
66,Coalescence-B9-G3-ACPP-AE-mBHI-mGAM-7_S640,40,2299288,F4-e003Coalescence-mGAM-p1_S801,100059
67,Coalescence-D11-B3-ACPP-ACPP-mBHI-mGAM-3_S666,44,2336011,F4-e003Coalescence-mGAM-p1_S801,100059
68,Coalescence-A7-B3-ACPP-ACPP-mBHI-mGAM-7_S626,48,2331105,F4-e003Coalescence-mGAM-p1_S801,100059
69,Coalescence-C5-A3-AA-ACPP-mBHI-mGAM-5_S648,49,2341229,F4-e003Coalescence-mGAM-p1_S801,100059
70,B3-e003Assembly-mBHI-p5,74,1671938,F4-e003Coalescence-mGAM-p1_S801,100059
71,C10-e003GlycerolRevival-mGAM-p2,4084,1999791,F4-e003Coalescence-mGAM-p1_S801,100059
72,Assembly-G9-C9-ACPP-mGAM-3_S700,3361,1714545,F4-e003Coalescence-mGAM-p1_S801,100059
73,Assembly-G2-B3-ACPP-mBHI-3_S693,403,2264296,F4-e003Coalescence-mGAM-p1_S801,100059
74,Assembly-G11-D9-ACPP-mGAM-3_S702,2824,1476979,F4-e003Coalescence-mGAM-p1_S801,100059
75,D_F10_e003Assembly_S358,4226,2229378,F4-e003Coalescence-mGAM-p1_S801,100059
0,A_C9_C2_AA_AE_mBHI_mBHI_4_S33,14,1160951,B4-e003Coalescence-mGAM-p1_S737,100059
1,A_E10_A3_ACPP_AA_mBHI_mGAM_4_S58,4,2331708,B4-e003Coalescence-mGAM-p1_S737,100059
2,A_G2_C3_ACPP_AE_mBHI_mGAM_2_S74,8,2114140,B4-e003Coalescence-mGAM-p1_S737,100059
3,A_G10_C3_ACPP_AE_mBHI_mGAM_4_S82,9,2328389,B4-e003Coalescence-mGAM-p1_S737,100059
4,A_H10_D3_ACPP_AF_mBHI_mGAM_4_S94,4,2339199,B4-e003Coalescence-mGAM-p1_S737,100059
5,B_E2_E3_ACPP_AA_mBHI_mGAM_2_S146,5,2315867,B4-e003Coalescence-mGAM-p1_S737,100059
6,B_H2_H3_ACPP_AF_mBHI_mGAM_2_S182,7,2342589,B4-e003Coalescence-mGAM-p1_S737,100059
7,C3-e003Coalescence-mGAM-p3,24,2330633,B4-e003Coalescence-mGAM-p1_S737,100059
8,B4-e003Coalescence-mGAM-p5,23,2297529,B4-e003Coalescence-mGAM-p1_S737,100059
9,B5-e003Coalescence-mGAM-p5,18,2230945,B4-e003Coalescence-mGAM-p1_S737,100059
10,C3-e003Coalescence-mGAM-p5,28,2320793,B4-e003Coalescence-mGAM-p1_S737,100059
11,B2-e003Coalescence-mGAM-p3,18,2302020,B4-e003Coalescence-mGAM-p1_S737,100059
12,D3-e003Coalescence-mGAM-p3,23,2304101,B4-e003Coalescence-mGAM-p1_S737,100059
13,D3-e003Coalescence-mGAM-p5,24,2345640,B4-e003Coalescence-mGAM-p1_S737,100059
14,A3-e003Coalescence-mGAM-p7,60,2224531,B4-e003Coalescence-mGAM-p1_S737,100059
15,C3-e003Coalescence-mGAM-p7,28,2337093,B4-e003Coalescence-mGAM-p1_S737,100059
16,B3-e003Coalescence-mGAM-p5,25,2323948,B4-e003Coalescence-mGAM-p1_S737,100059
17,B3-e003Coalescence-mBHI-p5,15,1072043,B4-e003Coalescence-mGAM-p1_S737,100059
18,B5-e003Coalescence-mGAM-p3,12,2263665,B4-e003Coalescence-mGAM-p1_S737,100059
19,F5-e003Coalescence-mGAM-p5_S64,9,2321521,B4-e003Coalescence-mGAM-p1_S737,100059
20,F5-e003Coalescence-mGAM-p7_S160,6,1792027,B4-e003Coalescence-mGAM-p1_S737,100059
21,E3-e003Coalescence-mGAM-p3_S58,4,2304171,B4-e003Coalescence-mGAM-p1_S737,100059
22,F2-e003Coalescence-mGAM-p7_S157,25,2169270,B4-e003Coalescence-mGAM-p1_S737,100059
23,H3-e003Coalescence-mGAM-p3_S94,10,2281366,B4-e003Coalescence-mGAM-p1_S737,100059
24,E3-e003Coalescence-mGAM-p5_S50,6,2328032,B4-e003Coalescence-mGAM-p1_S737,100059
25,F5-e003Coalescence-mGAM-p3_S72,9,1909764,B4-e003Coalescence-mGAM-p1_S737,100059
26,F2-e003Coalescence-mGAM-p5_S61,5,2319879,B4-e003Coalescence-mGAM-p1_S737,100059
27,F4-e003Coalescence-mGAM-p5_S63,2,2281603,B4-e003Coalescence-mGAM-p1_S737,100059
28,E3-e003Coalescence-mGAM-p7_S146,1,2284526,B4-e003Coalescence-mGAM-p1_S737,100059
29,F3-e003Coalescence-mGAM-p5_S62,5,2274734,B4-e003Coalescence-mGAM-p1_S737,100059
30,G3-e003Coalescence-mGAM-p3_S82,7,2315865,B4-e003Coalescence-mGAM-p1_S737,100059
31,F3-e003Coalescence-mGAM-p7_S158,16,1890761,B4-e003Coalescence-mGAM-p1_S737,100059
32,F2-e003Coalescence-mGAM-p3_S69,51,2223230,B4-e003Coalescence-mGAM-p1_S737,100059
33,G3-e003Coalescence-mGAM-p5_S74,1,2314417,B4-e003Coalescence-mGAM-p1_S737,100059
34,F4-e003Coalescence-mGAM-p3_S71,3,2322136,B4-e003Coalescence-mGAM-p1_S737,100059
35,F4-e003Coalescence-mGAM-p7_S159,2,2295820,B4-e003Coalescence-mGAM-p1_S737,100059
36,H3-e003Coalescence-mGAM-p5_S86,8,2254569,B4-e003Coalescence-mGAM-p1_S737,100059
37,D3-e003Coalescence-Inoculumn-mBHI,32,2396095,B4-e003Coalescence-mGAM-p1_S737,100059
38,B5-e003Coalescence-Inoculumn-mBHI,29,2350303,B4-e003Coalescence-mGAM-p1_S737,100059
39,A3-e003Coalescence-mBHI-inoculumn-redo,28,1788568,B4-e003Coalescence-mGAM-p1_S737,100059
40,B3-e003Coalescence-Inoculumn-mBHI,35,2381229,B4-e003Coalescence-mGAM-p1_S737,100059
41,B2-e003Coalescence-Inoculumn-mBHI,50,2353136,B4-e003Coalescence-mGAM-p1_S737,100059
42,C3-e003Coalescence-mBHI-inoculumn-redo,47,2362051,B4-e003Coalescence-mGAM-p1_S737,100059
43,B4-e003Coalescence-Inoculumn-mBHI,61,2359806,B4-e003Coalescence-mGAM-p1_S737,100059
44,B3-e003Coalescence-mGAM-p1_S729,6,2342364,B4-e003Coalescence-mGAM-p1_S737,100059
45,B5-e003Coalescence-mGAM-p1_S745,29,1357308,B4-e003Coalescence-mGAM-p1_S737,100059
46,D3-e003Coalescence-mGAM-p1_S731,20,2257246,B4-e003Coalescence-mGAM-p1_S737,100059
47,G3-e003Coalescence-mBHI-p1_S790,7,1758065,B4-e003Coalescence-mGAM-p1_S737,100059
48,A3-e003Coalescence-mGAM-p1_S728,88,1780223,B4-e003Coalescence-mGAM-p1_S737,100059
49,B3-e003Coalescence-mBHI-p1_S725,14,2066919,B4-e003Coalescence-mGAM-p1_S737,100059
50,C3-e003Coalescence-mGAM-p1_S730,8,1716039,B4-e003Coalescence-mGAM-p1_S737,100059
51,F3-e003Coalescence-mBHI-p1_S789,10,1571983,B4-e003Coalescence-mGAM-p1_S737,100059
52,B4-e003Coalescence-mBHI-p1_S733,22,1656166,B4-e003Coalescence-mGAM-p1_S737,100059
53,F2-e003Coalescence-mGAM-p1_S785,99,2169203,B4-e003Coalescence-mGAM-p1_S737,100059
54,F5-e003Coalescence-mGAM-p1_S809,10,2299166,B4-e003Coalescence-mGAM-p1_S737,100059
55,G3-e003Coalescence-mGAM-p1_S794,26,1549647,B4-e003Coalescence-mGAM-p1_S737,100059
56,C3-e003Coalescence-mBHI-p1_S726,9,1814974,B4-e003Coalescence-mGAM-p1_S737,100059
57,F4-e003Coalescence-mGAM-p1_S801,20,2082505,B4-e003Coalescence-mGAM-p1_S737,100059
58,B4-e003Coalescence-mGAM-p1_S737,0,2329051,B4-e003Coalescence-mGAM-p1_S737,100059
59,E3-e003Coalescence-mGAM-p1_S792,111,1419028,B4-e003Coalescence-mGAM-p1_S737,100059
60,F3-e003Coalescence-mGAM-p1_S793,14,2347771,B4-e003Coalescence-mGAM-p1_S737,100059
61,Coalescence-D1-B2-AA-ACPP-mBHI-mGAM-5_S656,6,2325618,B4-e003Coalescence-mGAM-p1_S737,100059
62,Coalescence-B4-D3-ACPP-AF-mBHI-mGAM-7_S635,11,2332904,B4-e003Coalescence-mGAM-p1_S737,100059
63,Coalescence-A6-B2-AA-ACPP-mBHI-mGAM-7_S625,1,2325429,B4-e003Coalescence-mGAM-p1_S737,100059
64,Coalescence-D12-B4-ACPP-AE-mBHI-mGAM-3_S667,8,2332403,B4-e003Coalescence-mGAM-p1_S737,100059
65,Coalescence-D7-A3-AA-ACPP-mBHI-mGAM-3_S662,2,2330889,B4-e003Coalescence-mGAM-p1_S737,100059
66,Coalescence-B9-G3-ACPP-AE-mBHI-mGAM-7_S640,8,2299288,B4-e003Coalescence-mGAM-p1_S737,100059
67,Coalescence-D11-B3-ACPP-ACPP-mBHI-mGAM-3_S666,7,2336011,B4-e003Coalescence-mGAM-p1_S737,100059
68,Coalescence-A7-B3-ACPP-ACPP-mBHI-mGAM-7_S626,1,2331105,B4-e003Coalescence-mGAM-p1_S737,100059
69,Coalescence-C5-A3-AA-ACPP-mBHI-mGAM-5_S648,7,2341229,B4-e003Coalescence-mGAM-p1_S737,100059
70,B3-e003Assembly-mBHI-p5,48,1671938,B4-e003Coalescence-mGAM-p1_S737,100059
71,C10-e003GlycerolRevival-mGAM-p2,3619,1999791,B4-e003Coalescence-mGAM-p1_S737,100059
72,Assembly-G9-C9-ACPP-mGAM-3_S700,3048,1714545,B4-e003Coalescence-mGAM-p1_S737,100059
73,Assembly-G2-B3-ACPP-mBHI-3_S693,365,2264296,B4-e003Coalescence-mGAM-p1_S737,100059
74,Assembly-G11-D9-ACPP-mGAM-3_S702,2459,1476979,B4-e003Coalescence-mGAM-p1_S737,100059
75,D_F10_e003Assembly_S358,3780,2229378,B4-e003Coalescence-mGAM-p1_S737,100059
0,A_C9_C2_AA_AE_mBHI_mBHI_4_S33,27,1160951,E3-e003Coalescence-mGAM-p1_S792,100059
1,A_E10_A3_ACPP_AA_mBHI_mGAM_4_S58,53,2331708,E3-e003Coalescence-mGAM-p1_S792,100059
2,A_G2_C3_ACPP_AE_mBHI_mGAM_2_S74,37,2114140,E3-e003Coalescence-mGAM-p1_S792,100059
3,A_G10_C3_ACPP_AE_mBHI_mGAM_4_S82,47,2328389,E3-e003Coalescence-mGAM-p1_S792,100059
4,A_H10_D3_ACPP_AF_mBHI_mGAM_4_S94,46,2339199,E3-e003Coalescence-mGAM-p1_S792,100059
5,B_E2_E3_ACPP_AA_mBHI_mGAM_2_S146,9,2315867,E3-e003Coalescence-mGAM-p1_S792,100059
6,B_H2_H3_ACPP_AF_mBHI_mGAM_2_S182,45,2342589,E3-e003Coalescence-mGAM-p1_S792,100059
7,C3-e003Coalescence-mGAM-p3,54,2330633,E3-e003Coalescence-mGAM-p1_S792,100059
8,B4-e003Coalescence-mGAM-p5,92,2297529,E3-e003Coalescence-mGAM-p1_S792,100059
9,B5-e003Coalescence-mGAM-p5,67,2230945,E3-e003Coalescence-mGAM-p1_S792,100059
10,C3-e003Coalescence-mGAM-p5,69,2320793,E3-e003Coalescence-mGAM-p1_S792,100059
11,B2-e003Coalescence-mGAM-p3,42,2302020,E3-e003Coalescence-mGAM-p1_S792,100059
12,D3-e003Coalescence-mGAM-p3,60,2304101,E3-e003Coalescence-mGAM-p1_S792,100059
13,D3-e003Coalescence-mGAM-p5,66,2345640,E3-e003Coalescence-mGAM-p1_S792,100059
14,A3-e003Coalescence-mGAM-p7,63,2224531,E3-e003Coalescence-mGAM-p1_S792,100059
15,C3-e003Coalescence-mGAM-p7,59,2337093,E3-e003Coalescence-mGAM-p1_S792,100059
16,B3-e003Coalescence-mGAM-p5,58,2323948,E3-e003Coalescence-mGAM-p1_S792,100059
17,B3-e003Coalescence-mBHI-p5,114,1072043,E3-e003Coalescence-mGAM-p1_S792,100059
18,B5-e003Coalescence-mGAM-p3,53,2263665,E3-e003Coalescence-mGAM-p1_S792,100059
19,F5-e003Coalescence-mGAM-p5_S64,54,2321521,E3-e003Coalescence-mGAM-p1_S792,100059
20,F5-e003Coalescence-mGAM-p7_S160,111,1792027,E3-e003Coalescence-mGAM-p1_S792,100059
21,E3-e003Coalescence-mGAM-p3_S58,36,2304171,E3-e003Coalescence-mGAM-p1_S792,100059
22,F2-e003Coalescence-mGAM-p7_S157,45,2169270,E3-e003Coalescence-mGAM-p1_S792,100059
23,H3-e003Coalescence-mGAM-p3_S94,58,2281366,E3-e003Coalescence-mGAM-p1_S792,100059
24,E3-e003Coalescence-mGAM-p5_S50,42,2328032,E3-e003Coalescence-mGAM-p1_S792,100059
25,F5-e003Coalescence-mGAM-p3_S72,42,1909764,E3-e003Coalescence-mGAM-p1_S792,100059
26,F2-e003Coalescence-mGAM-p5_S61,49,2319879,E3-e003Coalescence-mGAM-p1_S792,100059
27,F4-e003Coalescence-mGAM-p5_S63,51,2281603,E3-e003Coalescence-mGAM-p1_S792,100059
28,E3-e003Coalescence-mGAM-p7_S146,12,2284526,E3-e003Coalescence-mGAM-p1_S792,100059
29,F3-e003Coalescence-mGAM-p5_S62,85,2274734,E3-e003Coalescence-mGAM-p1_S792,100059
30,G3-e003Coalescence-mGAM-p3_S82,49,2315865,E3-e003Coalescence-mGAM-p1_S792,100059
31,F3-e003Coalescence-mGAM-p7_S158,79,1890761,E3-e003Coalescence-mGAM-p1_S792,100059
32,F2-e003Coalescence-mGAM-p3_S69,44,2223230,E3-e003Coalescence-mGAM-p1_S792,100059
33,G3-e003Coalescence-mGAM-p5_S74,48,2314417,E3-e003Coalescence-mGAM-p1_S792,100059
34,F4-e003Coalescence-mGAM-p3_S71,43,2322136,E3-e003Coalescence-mGAM-p1_S792,100059
35,F4-e003Coalescence-mGAM-p7_S159,45,2295820,E3-e003Coalescence-mGAM-p1_S792,100059
36,H3-e003Coalescence-mGAM-p5_S86,74,2254569,E3-e003Coalescence-mGAM-p1_S792,100059
37,D3-e003Coalescence-Inoculumn-mBHI,284,2396095,E3-e003Coalescence-mGAM-p1_S792,100059
38,B5-e003Coalescence-Inoculumn-mBHI,270,2350303,E3-e003Coalescence-mGAM-p1_S792,100059
39,A3-e003Coalescence-mBHI-inoculumn-redo,63,1788568,E3-e003Coalescence-mGAM-p1_S792,100059
40,B3-e003Coalescence-Inoculumn-mBHI,282,2381229,E3-e003Coalescence-mGAM-p1_S792,100059
41,B2-e003Coalescence-Inoculumn-mBHI,82,2353136,E3-e003Coalescence-mGAM-p1_S792,100059
42,C3-e003Coalescence-mBHI-inoculumn-redo,229,2362051,E3-e003Coalescence-mGAM-p1_S792,100059
43,B4-e003Coalescence-Inoculumn-mBHI,230,2359806,E3-e003Coalescence-mGAM-p1_S792,100059
44,B3-e003Coalescence-mGAM-p1_S729,197,2342364,E3-e003Coalescence-mGAM-p1_S792,100059
45,B5-e003Coalescence-mGAM-p1_S745,69,1357308,E3-e003Coalescence-mGAM-p1_S792,100059
46,D3-e003Coalescence-mGAM-p1_S731,176,2257246,E3-e003Coalescence-mGAM-p1_S792,100059
47,G3-e003Coalescence-mBHI-p1_S790,158,1758065,E3-e003Coalescence-mGAM-p1_S792,100059
48,A3-e003Coalescence-mGAM-p1_S728,41,1780223,E3-e003Coalescence-mGAM-p1_S792,100059
49,B3-e003Coalescence-mBHI-p1_S725,174,2066919,E3-e003Coalescence-mGAM-p1_S792,100059
50,C3-e003Coalescence-mGAM-p1_S730,66,1716039,E3-e003Coalescence-mGAM-p1_S792,100059
51,F3-e003Coalescence-mBHI-p1_S789,145,1571983,E3-e003Coalescence-mGAM-p1_S792,100059
52,B4-e003Coalescence-mBHI-p1_S733,174,1656166,E3-e003Coalescence-mGAM-p1_S792,100059
53,F2-e003Coalescence-mGAM-p1_S785,32,2169203,E3-e003Coalescence-mGAM-p1_S792,100059
54,F5-e003Coalescence-mGAM-p1_S809,132,2299166,E3-e003Coalescence-mGAM-p1_S792,100059
55,G3-e003Coalescence-mGAM-p1_S794,102,1549647,E3-e003Coalescence-mGAM-p1_S792,100059
56,C3-e003Coalescence-mBHI-p1_S726,194,1814974,E3-e003Coalescence-mGAM-p1_S792,100059
57,F4-e003Coalescence-mGAM-p1_S801,115,2082505,E3-e003Coalescence-mGAM-p1_S792,100059
58,B4-e003Coalescence-mGAM-p1_S737,111,2329051,E3-e003Coalescence-mGAM-p1_S792,100059
59,E3-e003Coalescence-mGAM-p1_S792,0,1419028,E3-e003Coalescence-mGAM-p1_S792,100059
60,F3-e003Coalescence-mGAM-p1_S793,199,2347771,E3-e003Coalescence-mGAM-p1_S792,100059
61,Coalescence-D1-B2-AA-ACPP-mBHI-mGAM-5_S656,54,2325618,E3-e003Coalescence-mGAM-p1_S792,100059
62,Coalescence-B4-D3-ACPP-AF-mBHI-mGAM-7_S635,92,2332904,E3-e003Coalescence-mGAM-p1_S792,100059
63,Coalescence-A6-B2-AA-ACPP-mBHI-mGAM-7_S625,34,2325429,E3-e003Coalescence-mGAM-p1_S792,100059
64,Coalescence-D12-B4-ACPP-AE-mBHI-mGAM-3_S667,46,2332403,E3-e003Coalescence-mGAM-p1_S792,100059
65,Coalescence-D7-A3-AA-ACPP-mBHI-mGAM-3_S662,25,2330889,E3-e003Coalescence-mGAM-p1_S792,100059
66,Coalescence-B9-G3-ACPP-AE-mBHI-mGAM-7_S640,75,2299288,E3-e003Coalescence-mGAM-p1_S792,100059
67,Coalescence-D11-B3-ACPP-ACPP-mBHI-mGAM-3_S666,51,2336011,E3-e003Coalescence-mGAM-p1_S792,100059
68,Coalescence-A7-B3-ACPP-ACPP-mBHI-mGAM-7_S626,47,2331105,E3-e003Coalescence-mGAM-p1_S792,100059
69,Coalescence-C5-A3-AA-ACPP-mBHI-mGAM-5_S648,47,2341229,E3-e003Coalescence-mGAM-p1_S792,100059
70,B3-e003Assembly-mBHI-p5,205,1671938,E3-e003Coalescence-mGAM-p1_S792,100059
71,C10-e003GlycerolRevival-mGAM-p2,3200,1999791,E3-e003Coalescence-mGAM-p1_S792,100059
72,Assembly-G9-C9-ACPP-mGAM-3_S700,2768,1714545,E3-e003Coalescence-mGAM-p1_S792,100059
73,Assembly-G2-B3-ACPP-mBHI-3_S693,464,2264296,E3-e003Coalescence-mGAM-p1_S792,100059
74,Assembly-G11-D9-ACPP-mGAM-3_S702,2275,1476979,E3-e003Coalescence-mGAM-p1_S792,100059
75,D_F10_e003Assembly_S358,3502,2229378,E3-e003Coalescence-mGAM-p1_S792,100059
0,A_C9_C2_AA_AE_mBHI_mBHI_4_S33,27,1160951,F3-e003Coalescence-mGAM-p1_S793,100059
1,A_E10_A3_ACPP_AA_mBHI_mGAM_4_S58,12,2331708,F3-e003Coalescence-mGAM-p1_S793,100059
2,A_G2_C3_ACPP_AE_mBHI_mGAM_2_S74,14,2114140,F3-e003Coalescence-mGAM-p1_S793,100059
3,A_G10_C3_ACPP_AE_mBHI_mGAM_4_S82,8,2328389,F3-e003Coalescence-mGAM-p1_S793,100059
4,A_H10_D3_ACPP_AF_mBHI_mGAM_4_S94,4,2339199,F3-e003Coalescence-mGAM-p1_S793,100059
5,B_E2_E3_ACPP_AA_mBHI_mGAM_2_S146,28,2315867,F3-e003Coalescence-mGAM-p1_S793,100059
6,B_H2_H3_ACPP_AF_mBHI_mGAM_2_S182,6,2342589,F3-e003Coalescence-mGAM-p1_S793,100059
7,C3-e003Coalescence-mGAM-p3,28,2330633,F3-e003Coalescence-mGAM-p1_S793,100059
8,B4-e003Coalescence-mGAM-p5,33,2297529,F3-e003Coalescence-mGAM-p1_S793,100059
9,B5-e003Coalescence-mGAM-p5,36,2230945,F3-e003Coalescence-mGAM-p1_S793,100059
10,C3-e003Coalescence-mGAM-p5,33,2320793,F3-e003Coalescence-mGAM-p1_S793,100059
11,B2-e003Coalescence-mGAM-p3,21,2302020,F3-e003Coalescence-mGAM-p1_S793,100059
12,D3-e003Coalescence-mGAM-p3,20,2304101,F3-e003Coalescence-mGAM-p1_S793,100059
13,D3-e003Coalescence-mGAM-p5,23,2345640,F3-e003Coalescence-mGAM-p1_S793,100059
14,A3-e003Coalescence-mGAM-p7,95,2224531,F3-e003Coalescence-mGAM-p1_S793,100059
15,C3-e003Coalescence-mGAM-p7,25,2337093,F3-e003Coalescence-mGAM-p1_S793,100059
16,B3-e003Coalescence-mGAM-p5,29,2323948,F3-e003Coalescence-mGAM-p1_S793,100059
17,B3-e003Coalescence-mBHI-p5,18,1072043,F3-e003Coalescence-mGAM-p1_S793,100059
18,B5-e003Coalescence-mGAM-p3,11,2263665,F3-e003Coalescence-mGAM-p1_S793,100059
19,F5-e003Coalescence-mGAM-p5_S64,9,2321521,F3-e003Coalescence-mGAM-p1_S793,100059
20,F5-e003Coalescence-mGAM-p7_S160,15,1792027,F3-e003Coalescence-mGAM-p1_S793,100059
21,E3-e003Coalescence-mGAM-p3_S58,6,2304171,F3-e003Coalescence-mGAM-p1_S793,100059
22,F2-e003Coalescence-mGAM-p7_S157,47,2169270,F3-e003Coalescence-mGAM-p1_S793,100059
23,H3-e003Coalescence-mGAM-p3_S94,10,2281366,F3-e003Coalescence-mGAM-p1_S793,100059
24,E3-e003Coalescence-mGAM-p5_S50,12,2328032,F3-e003Coalescence-mGAM-p1_S793,100059
25,F5-e003Coalescence-mGAM-p3_S72,10,1909764,F3-e003Coalescence-mGAM-p1_S793,100059
26,F2-e003Coalescence-mGAM-p5_S61,12,2319879,F3-e003Coalescence-mGAM-p1_S793,100059
27,F4-e003Coalescence-mGAM-p5_S63,11,2281603,F3-e003Coalescence-mGAM-p1_S793,100059
28,E3-e003Coalescence-mGAM-p7_S146,11,2284526,F3-e003Coalescence-mGAM-p1_S793,100059
29,F3-e003Coalescence-mGAM-p5_S62,5,2274734,F3-e003Coalescence-mGAM-p1_S793,100059
30,G3-e003Coalescence-mGAM-p3_S82,4,2315865,F3-e003Coalescence-mGAM-p1_S793,100059
31,F3-e003Coalescence-mGAM-p7_S158,22,1890761,F3-e003Coalescence-mGAM-p1_S793,100059
32,F2-e003Coalescence-mGAM-p3_S69,86,2223230,F3-e003Coalescence-mGAM-p1_S793,100059
33,G3-e003Coalescence-mGAM-p5_S74,2,2314417,F3-e003Coalescence-mGAM-p1_S793,100059
34,F4-e003Coalescence-mGAM-p3_S71,7,2322136,F3-e003Coalescence-mGAM-p1_S793,100059
35,F4-e003Coalescence-mGAM-p7_S159,10,2295820,F3-e003Coalescence-mGAM-p1_S793,100059
36,H3-e003Coalescence-mGAM-p5_S86,14,2254569,F3-e003Coalescence-mGAM-p1_S793,100059
37,D3-e003Coalescence-Inoculumn-mBHI,31,2396095,F3-e003Coalescence-mGAM-p1_S793,100059
38,B5-e003Coalescence-Inoculumn-mBHI,27,2350303,F3-e003Coalescence-mGAM-p1_S793,100059
39,A3-e003Coalescence-mBHI-inoculumn-redo,54,1788568,F3-e003Coalescence-mGAM-p1_S793,100059
40,B3-e003Coalescence-Inoculumn-mBHI,29,2381229,F3-e003Coalescence-mGAM-p1_S793,100059
41,B2-e003Coalescence-Inoculumn-mBHI,82,2353136,F3-e003Coalescence-mGAM-p1_S793,100059
42,C3-e003Coalescence-mBHI-inoculumn-redo,78,2362051,F3-e003Coalescence-mGAM-p1_S793,100059
43,B4-e003Coalescence-Inoculumn-mBHI,129,2359806,F3-e003Coalescence-mGAM-p1_S793,100059
44,B3-e003Coalescence-mGAM-p1_S729,2,2342364,F3-e003Coalescence-mGAM-p1_S793,100059
45,B5-e003Coalescence-mGAM-p1_S745,44,1357308,F3-e003Coalescence-mGAM-p1_S793,100059
46,D3-e003Coalescence-mGAM-p1_S731,15,2257246,F3-e003Coalescence-mGAM-p1_S793,100059
47,G3-e003Coalescence-mBHI-p1_S790,14,1758065,F3-e003Coalescence-mGAM-p1_S793,100059
48,A3-e003Coalescence-mGAM-p1_S728,151,1780223,F3-e003Coalescence-mGAM-p1_S793,100059
49,B3-e003Coalescence-mBHI-p1_S725,7,2066919,F3-e003Coalescence-mGAM-p1_S793,100059
50,C3-e003Coalescence-mGAM-p1_S730,20,1716039,F3-e003Coalescence-mGAM-p1_S793,100059
51,F3-e003Coalescence-mBHI-p1_S789,5,1571983,F3-e003Coalescence-mGAM-p1_S793,100059
52,B4-e003Coalescence-mBHI-p1_S733,29,1656166,F3-e003Coalescence-mGAM-p1_S793,100059
53,F2-e003Coalescence-mGAM-p1_S785,192,2169203,F3-e003Coalescence-mGAM-p1_S793,100059
54,F5-e003Coalescence-mGAM-p1_S809,10,2299166,F3-e003Coalescence-mGAM-p1_S793,100059
55,G3-e003Coalescence-mGAM-p1_S794,40,1549647,F3-e003Coalescence-mGAM-p1_S793,100059
56,C3-e003Coalescence-mBHI-p1_S726,17,1814974,F3-e003Coalescence-mGAM-p1_S793,100059
57,F4-e003Coalescence-mGAM-p1_S801,31,2082505,F3-e003Coalescence-mGAM-p1_S793,100059
58,B4-e003Coalescence-mGAM-p1_S737,14,2329051,F3-e003Coalescence-mGAM-p1_S793,100059
59,E3-e003Coalescence-mGAM-p1_S792,199,1419028,F3-e003Coalescence-mGAM-p1_S793,100059
60,F3-e003Coalescence-mGAM-p1_S793,0,2347771,F3-e003Coalescence-mGAM-p1_S793,100059
61,Coalescence-D1-B2-AA-ACPP-mBHI-mGAM-5_S656,11,2325618,F3-e003Coalescence-mGAM-p1_S793,100059
62,Coalescence-B4-D3-ACPP-AF-mBHI-mGAM-7_S635,11,2332904,F3-e003Coalescence-mGAM-p1_S793,100059
63,Coalescence-A6-B2-AA-ACPP-mBHI-mGAM-7_S625,4,2325429,F3-e003Coalescence-mGAM-p1_S793,100059
64,Coalescence-D12-B4-ACPP-AE-mBHI-mGAM-3_S667,6,2332403,F3-e003Coalescence-mGAM-p1_S793,100059
65,Coalescence-D7-A3-AA-ACPP-mBHI-mGAM-3_S662,14,2330889,F3-e003Coalescence-mGAM-p1_S793,100059
66,Coalescence-B9-G3-ACPP-AE-mBHI-mGAM-7_S640,11,2299288,F3-e003Coalescence-mGAM-p1_S793,100059
67,Coalescence-D11-B3-ACPP-ACPP-mBHI-mGAM-3_S666,6,2336011,F3-e003Coalescence-mGAM-p1_S793,100059
68,Coalescence-A7-B3-ACPP-ACPP-mBHI-mGAM-7_S626,4,2331105,F3-e003Coalescence-mGAM-p1_S793,100059
69,Coalescence-C5-A3-AA-ACPP-mBHI-mGAM-5_S648,13,2341229,F3-e003Coalescence-mGAM-p1_S793,100059
70,B3-e003Assembly-mBHI-p5,77,1671938,F3-e003Coalescence-mGAM-p1_S793,100059
71,C10-e003GlycerolRevival-mGAM-p2,5488,1999791,F3-e003Coalescence-mGAM-p1_S793,100059
72,Assembly-G9-C9-ACPP-mGAM-3_S700,4613,1714545,F3-e003Coalescence-mGAM-p1_S793,100059
73,Assembly-G2-B3-ACPP-mBHI-3_S693,545,2264296,F3-e003Coalescence-mGAM-p1_S793,100059
74,Assembly-G11-D9-ACPP-mGAM-3_S702,3781,1476979,F3-e003Coalescence-mGAM-p1_S793,100059
75,D_F10_e003Assembly_S358,5726,2229378,F3-e003Coalescence-mGAM-p1_S793,100059
0,A_C9_C2_AA_AE_mBHI_mBHI_4_S33,21,1160951,Coalescence-D1-B2-AA-ACPP-mBHI-mGAM-5_S656,100059
1,A_E10_A3_ACPP_AA_mBHI_mGAM_4_S58,0,2331708,Coalescence-D1-B2-AA-ACPP-mBHI-mGAM-5_S656,100059
2,A_G2_C3_ACPP_AE_mBHI_mGAM_2_S74,13,2114140,Coalescence-D1-B2-AA-ACPP-mBHI-mGAM-5_S656,100059
3,A_G10_C3_ACPP_AE_mBHI_mGAM_4_S82,0,2328389,Coalescence-D1-B2-AA-ACPP-mBHI-mGAM-5_S656,100059
4,A_H10_D3_ACPP_AF_mBHI_mGAM_4_S94,0,2339199,Coalescence-D1-B2-AA-ACPP-mBHI-mGAM-5_S656,100059
5,B_E2_E3_ACPP_AA_mBHI_mGAM_2_S146,6,2315867,Coalescence-D1-B2-AA-ACPP-mBHI-mGAM-5_S656,100059
6,B_H2_H3_ACPP_AF_mBHI_mGAM_2_S182,1,2342589,Coalescence-D1-B2-AA-ACPP-mBHI-mGAM-5_S656,100059
7,C3-e003Coalescence-mGAM-p3,15,2330633,Coalescence-D1-B2-AA-ACPP-mBHI-mGAM-5_S656,100059
8,B4-e003Coalescence-mGAM-p5,11,2297529,Coalescence-D1-B2-AA-ACPP-mBHI-mGAM-5_S656,100059
9,B5-e003Coalescence-mGAM-p5,11,2230945,Coalescence-D1-B2-AA-ACPP-mBHI-mGAM-5_S656,100059
10,C3-e003Coalescence-mGAM-p5,14,2320793,Coalescence-D1-B2-AA-ACPP-mBHI-mGAM-5_S656,100059
11,B2-e003Coalescence-mGAM-p3,11,2302020,Coalescence-D1-B2-AA-ACPP-mBHI-mGAM-5_S656,100059
12,D3-e003Coalescence-mGAM-p3,12,2304101,Coalescence-D1-B2-AA-ACPP-mBHI-mGAM-5_S656,100059
13,D3-e003Coalescence-mGAM-p5,15,2345640,Coalescence-D1-B2-AA-ACPP-mBHI-mGAM-5_S656,100059
14,A3-e003Coalescence-mGAM-p7,118,2224531,Coalescence-D1-B2-AA-ACPP-mBHI-mGAM-5_S656,100059
15,C3-e003Coalescence-mGAM-p7,18,2337093,Coalescence-D1-B2-AA-ACPP-mBHI-mGAM-5_S656,100059
16,B3-e003Coalescence-mGAM-p5,17,2323948,Coalescence-D1-B2-AA-ACPP-mBHI-mGAM-5_S656,100059
17,B3-e003Coalescence-mBHI-p5,14,1072043,Coalescence-D1-B2-AA-ACPP-mBHI-mGAM-5_S656,100059
18,B5-e003Coalescence-mGAM-p3,11,2263665,Coalescence-D1-B2-AA-ACPP-mBHI-mGAM-5_S656,100059
19,F5-e003Coalescence-mGAM-p5_S64,0,2321521,Coalescence-D1-B2-AA-ACPP-mBHI-mGAM-5_S656,100059
20,F5-e003Coalescence-mGAM-p7_S160,10,1792027,Coalescence-D1-B2-AA-ACPP-mBHI-mGAM-5_S656,100059
21,E3-e003Coalescence-mGAM-p3_S58,1,2304171,Coalescence-D1-B2-AA-ACPP-mBHI-mGAM-5_S656,100059
22,F2-e003Coalescence-mGAM-p7_S157,16,2169270,Coalescence-D1-B2-AA-ACPP-mBHI-mGAM-5_S656,100059
23,H3-e003Coalescence-mGAM-p3_S94,3,2281366,Coalescence-D1-B2-AA-ACPP-mBHI-mGAM-5_S656,100059
24,E3-e003Coalescence-mGAM-p5_S50,0,2328032,Coalescence-D1-B2-AA-ACPP-mBHI-mGAM-5_S656,100059
25,F5-e003Coalescence-mGAM-p3_S72,9,1909764,Coalescence-D1-B2-AA-ACPP-mBHI-mGAM-5_S656,100059
26,F2-e003Coalescence-mGAM-p5_S61,0,2319879,Coalescence-D1-B2-AA-ACPP-mBHI-mGAM-5_S656,100059
27,F4-e003Coalescence-mGAM-p5_S63,0,2281603,Coalescence-D1-B2-AA-ACPP-mBHI-mGAM-5_S656,100059
28,E3-e003Coalescence-mGAM-p7_S146,1,2284526,Coalescence-D1-B2-AA-ACPP-mBHI-mGAM-5_S656,100059
29,F3-e003Coalescence-mGAM-p5_S62,4,2274734,Coalescence-D1-B2-AA-ACPP-mBHI-mGAM-5_S656,100059
30,G3-e003Coalescence-mGAM-p3_S82,0,2315865,Coalescence-D1-B2-AA-ACPP-mBHI-mGAM-5_S656,100059
31,F3-e003Coalescence-mGAM-p7_S158,22,1890761,Coalescence-D1-B2-AA-ACPP-mBHI-mGAM-5_S656,100059
32,F2-e003Coalescence-mGAM-p3_S69,119,2223230,Coalescence-D1-B2-AA-ACPP-mBHI-mGAM-5_S656,100059
33,G3-e003Coalescence-mGAM-p5_S74,0,2314417,Coalescence-D1-B2-AA-ACPP-mBHI-mGAM-5_S656,100059
34,F4-e003Coalescence-mGAM-p3_S71,0,2322136,Coalescence-D1-B2-AA-ACPP-mBHI-mGAM-5_S656,100059
35,F4-e003Coalescence-mGAM-p7_S159,0,2295820,Coalescence-D1-B2-AA-ACPP-mBHI-mGAM-5_S656,100059
36,H3-e003Coalescence-mGAM-p5_S86,8,2254569,Coalescence-D1-B2-AA-ACPP-mBHI-mGAM-5_S656,100059
37,D3-e003Coalescence-Inoculumn-mBHI,20,2396095,Coalescence-D1-B2-AA-ACPP-mBHI-mGAM-5_S656,100059
38,B5-e003Coalescence-Inoculumn-mBHI,13,2350303,Coalescence-D1-B2-AA-ACPP-mBHI-mGAM-5_S656,100059
39,A3-e003Coalescence-mBHI-inoculumn-redo,15,1788568,Coalescence-D1-B2-AA-ACPP-mBHI-mGAM-5_S656,100059
40,B3-e003Coalescence-Inoculumn-mBHI,18,2381229,Coalescence-D1-B2-AA-ACPP-mBHI-mGAM-5_S656,100059
41,B2-e003Coalescence-Inoculumn-mBHI,25,2353136,Coalescence-D1-B2-AA-ACPP-mBHI-mGAM-5_S656,100059
42,C3-e003Coalescence-mBHI-inoculumn-redo,19,2362051,Coalescence-D1-B2-AA-ACPP-mBHI-mGAM-5_S656,100059
43,B4-e003Coalescence-Inoculumn-mBHI,20,2359806,Coalescence-D1-B2-AA-ACPP-mBHI-mGAM-5_S656,100059
44,B3-e003Coalescence-mGAM-p1_S729,9,2342364,Coalescence-D1-B2-AA-ACPP-mBHI-mGAM-5_S656,100059
45,B5-e003Coalescence-mGAM-p1_S745,80,1357308,Coalescence-D1-B2-AA-ACPP-mBHI-mGAM-5_S656,100059
46,D3-e003Coalescence-mGAM-p1_S731,34,2257246,Coalescence-D1-B2-AA-ACPP-mBHI-mGAM-5_S656,100059
47,G3-e003Coalescence-mBHI-p1_S790,5,1758065,Coalescence-D1-B2-AA-ACPP-mBHI-mGAM-5_S656,100059
48,A3-e003Coalescence-mGAM-p1_S728,63,1780223,Coalescence-D1-B2-AA-ACPP-mBHI-mGAM-5_S656,100059
49,B3-e003Coalescence-mBHI-p1_S725,8,2066919,Coalescence-D1-B2-AA-ACPP-mBHI-mGAM-5_S656,100059
50,C3-e003Coalescence-mGAM-p1_S730,49,1716039,Coalescence-D1-B2-AA-ACPP-mBHI-mGAM-5_S656,100059
51,F3-e003Coalescence-mBHI-p1_S789,2,1571983,Coalescence-D1-B2-AA-ACPP-mBHI-mGAM-5_S656,100059
52,B4-e003Coalescence-mBHI-p1_S733,14,1656166,Coalescence-D1-B2-AA-ACPP-mBHI-mGAM-5_S656,100059
53,F2-e003Coalescence-mGAM-p1_S785,31,2169203,Coalescence-D1-B2-AA-ACPP-mBHI-mGAM-5_S656,100059
54,F5-e003Coalescence-mGAM-p1_S809,23,2299166,Coalescence-D1-B2-AA-ACPP-mBHI-mGAM-5_S656,100059
55,G3-e003Coalescence-mGAM-p1_S794,51,1549647,Coalescence-D1-B2-AA-ACPP-mBHI-mGAM-5_S656,100059
56,C3-e003Coalescence-mBHI-p1_S726,5,1814974,Coalescence-D1-B2-AA-ACPP-mBHI-mGAM-5_S656,100059
57,F4-e003Coalescence-mGAM-p1_S801,39,2082505,Coalescence-D1-B2-AA-ACPP-mBHI-mGAM-5_S656,100059
58,B4-e003Coalescence-mGAM-p1_S737,6,2329051,Coalescence-D1-B2-AA-ACPP-mBHI-mGAM-5_S656,100059
59,E3-e003Coalescence-mGAM-p1_S792,54,1419028,Coalescence-D1-B2-AA-ACPP-mBHI-mGAM-5_S656,100059
60,F3-e003Coalescence-mGAM-p1_S793,11,2347771,Coalescence-D1-B2-AA-ACPP-mBHI-mGAM-5_S656,100059
61,Coalescence-D1-B2-AA-ACPP-mBHI-mGAM-5_S656,0,2325618,Coalescence-D1-B2-AA-ACPP-mBHI-mGAM-5_S656,100059
62,Coalescence-B4-D3-ACPP-AF-mBHI-mGAM-7_S635,3,2332904,Coalescence-D1-B2-AA-ACPP-mBHI-mGAM-5_S656,100059
63,Coalescence-A6-B2-AA-ACPP-mBHI-mGAM-7_S625,0,2325429,Coalescence-D1-B2-AA-ACPP-mBHI-mGAM-5_S656,100059
64,Coalescence-D12-B4-ACPP-AE-mBHI-mGAM-3_S667,0,2332403,Coalescence-D1-B2-AA-ACPP-mBHI-mGAM-5_S656,100059
65,Coalescence-D7-A3-AA-ACPP-mBHI-mGAM-3_S662,0,2330889,Coalescence-D1-B2-AA-ACPP-mBHI-mGAM-5_S656,100059
66,Coalescence-B9-G3-ACPP-AE-mBHI-mGAM-7_S640,1,2299288,Coalescence-D1-B2-AA-ACPP-mBHI-mGAM-5_S656,100059
67,Coalescence-D11-B3-ACPP-ACPP-mBHI-mGAM-3_S666,0,2336011,Coalescence-D1-B2-AA-ACPP-mBHI-mGAM-5_S656,100059
68,Coalescence-A7-B3-ACPP-ACPP-mBHI-mGAM-7_S626,0,2331105,Coalescence-D1-B2-AA-ACPP-mBHI-mGAM-5_S656,100059
69,Coalescence-C5-A3-AA-ACPP-mBHI-mGAM-5_S648,0,2341229,Coalescence-D1-B2-AA-ACPP-mBHI-mGAM-5_S656,100059
70,B3-e003Assembly-mBHI-p5,136,1671938,Coalescence-D1-B2-AA-ACPP-mBHI-mGAM-5_S656,100059
71,C10-e003GlycerolRevival-mGAM-p2,9892,1999791,Coalescence-D1-B2-AA-ACPP-mBHI-mGAM-5_S656,100059
72,Assembly-G9-C9-ACPP-mGAM-3_S700,8173,1714545,Coalescence-D1-B2-AA-ACPP-mBHI-mGAM-5_S656,100059
73,Assembly-G2-B3-ACPP-mBHI-3_S693,982,2264296,Coalescence-D1-B2-AA-ACPP-mBHI-mGAM-5_S656,100059
74,Assembly-G11-D9-ACPP-mGAM-3_S702,6930,1476979,Coalescence-D1-B2-AA-ACPP-mBHI-mGAM-5_S656,100059
75,D_F10_e003Assembly_S358,10355,2229378,Coalescence-D1-B2-AA-ACPP-mBHI-mGAM-5_S656,100059
0,A_C9_C2_AA_AE_mBHI_mBHI_4_S33,16,1160951,Coalescence-B4-D3-ACPP-AF-mBHI-mGAM-7_S635,100059
1,A_E10_A3_ACPP_AA_mBHI_mGAM_4_S58,5,2331708,Coalescence-B4-D3-ACPP-AF-mBHI-mGAM-7_S635,100059
2,A_G2_C3_ACPP_AE_mBHI_mGAM_2_S74,8,2114140,Coalescence-B4-D3-ACPP-AF-mBHI-mGAM-7_S635,100059
3,A_G10_C3_ACPP_AE_mBHI_mGAM_4_S82,3,2328389,Coalescence-B4-D3-ACPP-AF-mBHI-mGAM-7_S635,100059
4,A_H10_D3_ACPP_AF_mBHI_mGAM_4_S94,2,2339199,Coalescence-B4-D3-ACPP-AF-mBHI-mGAM-7_S635,100059
5,B_E2_E3_ACPP_AA_mBHI_mGAM_2_S146,10,2315867,Coalescence-B4-D3-ACPP-AF-mBHI-mGAM-7_S635,100059
6,B_H2_H3_ACPP_AF_mBHI_mGAM_2_S182,2,2342589,Coalescence-B4-D3-ACPP-AF-mBHI-mGAM-7_S635,100059
7,C3-e003Coalescence-mGAM-p3,27,2330633,Coalescence-B4-D3-ACPP-AF-mBHI-mGAM-7_S635,100059
8,B4-e003Coalescence-mGAM-p5,37,2297529,Coalescence-B4-D3-ACPP-AF-mBHI-mGAM-7_S635,100059
9,B5-e003Coalescence-mGAM-p5,23,2230945,Coalescence-B4-D3-ACPP-AF-mBHI-mGAM-7_S635,100059
10,C3-e003Coalescence-mGAM-p5,29,2320793,Coalescence-B4-D3-ACPP-AF-mBHI-mGAM-7_S635,100059
11,B2-e003Coalescence-mGAM-p3,23,2302020,Coalescence-B4-D3-ACPP-AF-mBHI-mGAM-7_S635,100059
12,D3-e003Coalescence-mGAM-p3,19,2304101,Coalescence-B4-D3-ACPP-AF-mBHI-mGAM-7_S635,100059
13,D3-e003Coalescence-mGAM-p5,28,2345640,Coalescence-B4-D3-ACPP-AF-mBHI-mGAM-7_S635,100059
14,A3-e003Coalescence-mGAM-p7,66,2224531,Coalescence-B4-D3-ACPP-AF-mBHI-mGAM-7_S635,100059
15,C3-e003Coalescence-mGAM-p7,29,2337093,Coalescence-B4-D3-ACPP-AF-mBHI-mGAM-7_S635,100059
16,B3-e003Coalescence-mGAM-p5,32,2323948,Coalescence-B4-D3-ACPP-AF-mBHI-mGAM-7_S635,100059
17,B3-e003Coalescence-mBHI-p5,16,1072043,Coalescence-B4-D3-ACPP-AF-mBHI-mGAM-7_S635,100059
18,B5-e003Coalescence-mGAM-p3,9,2263665,Coalescence-B4-D3-ACPP-AF-mBHI-mGAM-7_S635,100059
19,F5-e003Coalescence-mGAM-p5_S64,2,2321521,Coalescence-B4-D3-ACPP-AF-mBHI-mGAM-7_S635,100059
20,F5-e003Coalescence-mGAM-p7_S160,4,1792027,Coalescence-B4-D3-ACPP-AF-mBHI-mGAM-7_S635,100059
21,E3-e003Coalescence-mGAM-p3_S58,7,2304171,Coalescence-B4-D3-ACPP-AF-mBHI-mGAM-7_S635,100059
22,F2-e003Coalescence-mGAM-p7_S157,29,2169270,Coalescence-B4-D3-ACPP-AF-mBHI-mGAM-7_S635,100059
23,H3-e003Coalescence-mGAM-p3_S94,2,2281366,Coalescence-B4-D3-ACPP-AF-mBHI-mGAM-7_S635,100059
24,E3-e003Coalescence-mGAM-p5_S50,4,2328032,Coalescence-B4-D3-ACPP-AF-mBHI-mGAM-7_S635,100059
25,F5-e003Coalescence-mGAM-p3_S72,5,1909764,Coalescence-B4-D3-ACPP-AF-mBHI-mGAM-7_S635,100059
26,F2-e003Coalescence-mGAM-p5_S61,6,2319879,Coalescence-B4-D3-ACPP-AF-mBHI-mGAM-7_S635,100059
27,F4-e003Coalescence-mGAM-p5_S63,2,2281603,Coalescence-B4-D3-ACPP-AF-mBHI-mGAM-7_S635,100059
28,E3-e003Coalescence-mGAM-p7_S146,2,2284526,Coalescence-B4-D3-ACPP-AF-mBHI-mGAM-7_S635,100059
29,F3-e003Coalescence-mGAM-p5_S62,7,2274734,Coalescence-B4-D3-ACPP-AF-mBHI-mGAM-7_S635,100059
30,G3-e003Coalescence-mGAM-p3_S82,3,2315865,Coalescence-B4-D3-ACPP-AF-mBHI-mGAM-7_S635,100059
31,F3-e003Coalescence-mGAM-p7_S158,9,1890761,Coalescence-B4-D3-ACPP-AF-mBHI-mGAM-7_S635,100059
32,F2-e003Coalescence-mGAM-p3_S69,72,2223230,Coalescence-B4-D3-ACPP-AF-mBHI-mGAM-7_S635,100059
33,G3-e003Coalescence-mGAM-p5_S74,3,2314417,Coalescence-B4-D3-ACPP-AF-mBHI-mGAM-7_S635,100059
34,F4-e003Coalescence-mGAM-p3_S71,3,2322136,Coalescence-B4-D3-ACPP-AF-mBHI-mGAM-7_S635,100059
35,F4-e003Coalescence-mGAM-p7_S159,5,2295820,Coalescence-B4-D3-ACPP-AF-mBHI-mGAM-7_S635,100059
36,H3-e003Coalescence-mGAM-p5_S86,6,2254569,Coalescence-B4-D3-ACPP-AF-mBHI-mGAM-7_S635,100059
37,D3-e003Coalescence-Inoculumn-mBHI,29,2396095,Coalescence-B4-D3-ACPP-AF-mBHI-mGAM-7_S635,100059
38,B5-e003Coalescence-Inoculumn-mBHI,24,2350303,Coalescence-B4-D3-ACPP-AF-mBHI-mGAM-7_S635,100059
39,A3-e003Coalescence-mBHI-inoculumn-redo,36,1788568,Coalescence-B4-D3-ACPP-AF-mBHI-mGAM-7_S635,100059
40,B3-e003Coalescence-Inoculumn-mBHI,32,2381229,Coalescence-B4-D3-ACPP-AF-mBHI-mGAM-7_S635,100059
41,B2-e003Coalescence-Inoculumn-mBHI,56,2353136,Coalescence-B4-D3-ACPP-AF-mBHI-mGAM-7_S635,100059
42,C3-e003Coalescence-mBHI-inoculumn-redo,69,2362051,Coalescence-B4-D3-ACPP-AF-mBHI-mGAM-7_S635,100059
43,B4-e003Coalescence-Inoculumn-mBHI,100,2359806,Coalescence-B4-D3-ACPP-AF-mBHI-mGAM-7_S635,100059
44,B3-e003Coalescence-mGAM-p1_S729,10,2342364,Coalescence-B4-D3-ACPP-AF-mBHI-mGAM-7_S635,100059
45,B5-e003Coalescence-mGAM-p1_S745,25,1357308,Coalescence-B4-D3-ACPP-AF-mBHI-mGAM-7_S635,100059
46,D3-e003Coalescence-mGAM-p1_S731,14,2257246,Coalescence-B4-D3-ACPP-AF-mBHI-mGAM-7_S635,100059
47,G3-e003Coalescence-mBHI-p1_S790,6,1758065,Coalescence-B4-D3-ACPP-AF-mBHI-mGAM-7_S635,100059
48,A3-e003Coalescence-mGAM-p1_S728,81,1780223,Coalescence-B4-D3-ACPP-AF-mBHI-mGAM-7_S635,100059
49,B3-e003Coalescence-mBHI-p1_S725,10,2066919,Coalescence-B4-D3-ACPP-AF-mBHI-mGAM-7_S635,100059
50,C3-e003Coalescence-mGAM-p1_S730,22,1716039,Coalescence-B4-D3-ACPP-AF-mBHI-mGAM-7_S635,100059
51,F3-e003Coalescence-mBHI-p1_S789,6,1571983,Coalescence-B4-D3-ACPP-AF-mBHI-mGAM-7_S635,100059
52,B4-e003Coalescence-mBHI-p1_S733,22,1656166,Coalescence-B4-D3-ACPP-AF-mBHI-mGAM-7_S635,100059
53,F2-e003Coalescence-mGAM-p1_S785,94,2169203,Coalescence-B4-D3-ACPP-AF-mBHI-mGAM-7_S635,100059
54,F5-e003Coalescence-mGAM-p1_S809,6,2299166,Coalescence-B4-D3-ACPP-AF-mBHI-mGAM-7_S635,100059
55,G3-e003Coalescence-mGAM-p1_S794,37,1549647,Coalescence-B4-D3-ACPP-AF-mBHI-mGAM-7_S635,100059
56,C3-e003Coalescence-mBHI-p1_S726,11,1814974,Coalescence-B4-D3-ACPP-AF-mBHI-mGAM-7_S635,100059
57,F4-e003Coalescence-mGAM-p1_S801,28,2082505,Coalescence-B4-D3-ACPP-AF-mBHI-mGAM-7_S635,100059
58,B4-e003Coalescence-mGAM-p1_S737,11,2329051,Coalescence-B4-D3-ACPP-AF-mBHI-mGAM-7_S635,100059
59,E3-e003Coalescence-mGAM-p1_S792,92,1419028,Coalescence-B4-D3-ACPP-AF-mBHI-mGAM-7_S635,100059
60,F3-e003Coalescence-mGAM-p1_S793,11,2347771,Coalescence-B4-D3-ACPP-AF-mBHI-mGAM-7_S635,100059
61,Coalescence-D1-B2-AA-ACPP-mBHI-mGAM-5_S656,3,2325618,Coalescence-B4-D3-ACPP-AF-mBHI-mGAM-7_S635,100059
62,Coalescence-B4-D3-ACPP-AF-mBHI-mGAM-7_S635,0,2332904,Coalescence-B4-D3-ACPP-AF-mBHI-mGAM-7_S635,100059
63,Coalescence-A6-B2-AA-ACPP-mBHI-mGAM-7_S625,2,2325429,Coalescence-B4-D3-ACPP-AF-mBHI-mGAM-7_S635,100059
64,Coalescence-D12-B4-ACPP-AE-mBHI-mGAM-3_S667,3,2332403,Coalescence-B4-D3-ACPP-AF-mBHI-mGAM-7_S635,100059
65,Coalescence-D7-A3-AA-ACPP-mBHI-mGAM-3_S662,4,2330889,Coalescence-B4-D3-ACPP-AF-mBHI-mGAM-7_S635,100059
66,Coalescence-B9-G3-ACPP-AE-mBHI-mGAM-7_S640,5,2299288,Coalescence-B4-D3-ACPP-AF-mBHI-mGAM-7_S635,100059
67,Coalescence-D11-B3-ACPP-ACPP-mBHI-mGAM-3_S666,2,2336011,Coalescence-B4-D3-ACPP-AF-mBHI-mGAM-7_S635,100059
68,Coalescence-A7-B3-ACPP-ACPP-mBHI-mGAM-7_S626,2,2331105,Coalescence-B4-D3-ACPP-AF-mBHI-mGAM-7_S635,100059
69,Coalescence-C5-A3-AA-ACPP-mBHI-mGAM-5_S648,4,2341229,Coalescence-B4-D3-ACPP-AF-mBHI-mGAM-7_S635,100059
70,B3-e003Assembly-mBHI-p5,62,1671938,Coalescence-B4-D3-ACPP-AF-mBHI-mGAM-7_S635,100059
71,C10-e003GlycerolRevival-mGAM-p2,4732,1999791,Coalescence-B4-D3-ACPP-AF-mBHI-mGAM-7_S635,100059
72,Assembly-G9-C9-ACPP-mGAM-3_S700,3959,1714545,Coalescence-B4-D3-ACPP-AF-mBHI-mGAM-7_S635,100059
73,Assembly-G2-B3-ACPP-mBHI-3_S693,442,2264296,Coalescence-B4-D3-ACPP-AF-mBHI-mGAM-7_S635,100059
74,Assembly-G11-D9-ACPP-mGAM-3_S702,3290,1476979,Coalescence-B4-D3-ACPP-AF-mBHI-mGAM-7_S635,100059
75,D_F10_e003Assembly_S358,4939,2229378,Coalescence-B4-D3-ACPP-AF-mBHI-mGAM-7_S635,100059
0,A_C9_C2_AA_AE_mBHI_mBHI_4_S33,17,1160951,Coalescence-A6-B2-AA-ACPP-mBHI-mGAM-7_S625,100059
1,A_E10_A3_ACPP_AA_mBHI_mGAM_4_S58,1,2331708,Coalescence-A6-B2-AA-ACPP-mBHI-mGAM-7_S625,100059
2,A_G2_C3_ACPP_AE_mBHI_mGAM_2_S74,8,2114140,Coalescence-A6-B2-AA-ACPP-mBHI-mGAM-7_S625,100059
3,A_G10_C3_ACPP_AE_mBHI_mGAM_4_S82,0,2328389,Coalescence-A6-B2-AA-ACPP-mBHI-mGAM-7_S625,100059
4,A_H10_D3_ACPP_AF_mBHI_mGAM_4_S94,0,2339199,Coalescence-A6-B2-AA-ACPP-mBHI-mGAM-7_S625,100059
5,B_E2_E3_ACPP_AA_mBHI_mGAM_2_S146,4,2315867,Coalescence-A6-B2-AA-ACPP-mBHI-mGAM-7_S625,100059
6,B_H2_H3_ACPP_AF_mBHI_mGAM_2_S182,1,2342589,Coalescence-A6-B2-AA-ACPP-mBHI-mGAM-7_S625,100059
7,C3-e003Coalescence-mGAM-p3,22,2330633,Coalescence-A6-B2-AA-ACPP-mBHI-mGAM-7_S625,100059
8,B4-e003Coalescence-mGAM-p5,22,2297529,Coalescence-A6-B2-AA-ACPP-mBHI-mGAM-7_S625,100059
9,B5-e003Coalescence-mGAM-p5,19,2230945,Coalescence-A6-B2-AA-ACPP-mBHI-mGAM-7_S625,100059
10,C3-e003Coalescence-mGAM-p5,26,2320793,Coalescence-A6-B2-AA-ACPP-mBHI-mGAM-7_S625,100059
11,B2-e003Coalescence-mGAM-p3,17,2302020,Coalescence-A6-B2-AA-ACPP-mBHI-mGAM-7_S625,100059
12,D3-e003Coalescence-mGAM-p3,20,2304101,Coalescence-A6-B2-AA-ACPP-mBHI-mGAM-7_S625,100059
13,D3-e003Coalescence-mGAM-p5,24,2345640,Coalescence-A6-B2-AA-ACPP-mBHI-mGAM-7_S625,100059
14,A3-e003Coalescence-mGAM-p7,68,2224531,Coalescence-A6-B2-AA-ACPP-mBHI-mGAM-7_S625,100059
15,C3-e003Coalescence-mGAM-p7,25,2337093,Coalescence-A6-B2-AA-ACPP-mBHI-mGAM-7_S625,100059
16,B3-e003Coalescence-mGAM-p5,23,2323948,Coalescence-A6-B2-AA-ACPP-mBHI-mGAM-7_S625,100059
17,B3-e003Coalescence-mBHI-p5,13,1072043,Coalescence-A6-B2-AA-ACPP-mBHI-mGAM-7_S625,100059
18,B5-e003Coalescence-mGAM-p3,9,2263665,Coalescence-A6-B2-AA-ACPP-mBHI-mGAM-7_S625,100059
19,F5-e003Coalescence-mGAM-p5_S64,1,2321521,Coalescence-A6-B2-AA-ACPP-mBHI-mGAM-7_S625,100059
20,F5-e003Coalescence-mGAM-p7_S160,6,1792027,Coalescence-A6-B2-AA-ACPP-mBHI-mGAM-7_S625,100059
21,E3-e003Coalescence-mGAM-p3_S58,2,2304171,Coalescence-A6-B2-AA-ACPP-mBHI-mGAM-7_S625,100059
22,F2-e003Coalescence-mGAM-p7_S157,14,2169270,Coalescence-A6-B2-AA-ACPP-mBHI-mGAM-7_S625,100059
23,H3-e003Coalescence-mGAM-p3_S94,3,2281366,Coalescence-A6-B2-AA-ACPP-mBHI-mGAM-7_S625,100059
24,E3-e003Coalescence-mGAM-p5_S50,0,2328032,Coalescence-A6-B2-AA-ACPP-mBHI-mGAM-7_S625,100059
25,F5-e003Coalescence-mGAM-p3_S72,6,1909764,Coalescence-A6-B2-AA-ACPP-mBHI-mGAM-7_S625,100059
26,F2-e003Coalescence-mGAM-p5_S61,1,2319879,Coalescence-A6-B2-AA-ACPP-mBHI-mGAM-7_S625,100059
27,F4-e003Coalescence-mGAM-p5_S63,0,2281603,Coalescence-A6-B2-AA-ACPP-mBHI-mGAM-7_S625,100059
28,E3-e003Coalescence-mGAM-p7_S146,0,2284526,Coalescence-A6-B2-AA-ACPP-mBHI-mGAM-7_S625,100059
29,F3-e003Coalescence-mGAM-p5_S62,0,2274734,Coalescence-A6-B2-AA-ACPP-mBHI-mGAM-7_S625,100059
30,G3-e003Coalescence-mGAM-p3_S82,0,2315865,Coalescence-A6-B2-AA-ACPP-mBHI-mGAM-7_S625,100059
31,F3-e003Coalescence-mGAM-p7_S158,7,1890761,Coalescence-A6-B2-AA-ACPP-mBHI-mGAM-7_S625,100059
32,F2-e003Coalescence-mGAM-p3_S69,66,2223230,Coalescence-A6-B2-AA-ACPP-mBHI-mGAM-7_S625,100059
33,G3-e003Coalescence-mGAM-p5_S74,0,2314417,Coalescence-A6-B2-AA-ACPP-mBHI-mGAM-7_S625,100059
34,F4-e003Coalescence-mGAM-p3_S71,0,2322136,Coalescence-A6-B2-AA-ACPP-mBHI-mGAM-7_S625,100059
35,F4-e003Coalescence-mGAM-p7_S159,0,2295820,Coalescence-A6-B2-AA-ACPP-mBHI-mGAM-7_S625,100059
36,H3-e003Coalescence-mGAM-p5_S86,8,2254569,Coalescence-A6-B2-AA-ACPP-mBHI-mGAM-7_S625,100059
37,D3-e003Coalescence-Inoculumn-mBHI,28,2396095,Coalescence-A6-B2-AA-ACPP-mBHI-mGAM-7_S625,100059
38,B5-e003Coalescence-Inoculumn-mBHI,20,2350303,Coalescence-A6-B2-AA-ACPP-mBHI-mGAM-7_S625,100059
39,A3-e003Coalescence-mBHI-inoculumn-redo,16,1788568,Coalescence-A6-B2-AA-ACPP-mBHI-mGAM-7_S625,100059
40,B3-e003Coalescence-Inoculumn-mBHI,24,2381229,Coalescence-A6-B2-AA-ACPP-mBHI-mGAM-7_S625,100059
41,B2-e003Coalescence-Inoculumn-mBHI,30,2353136,Coalescence-A6-B2-AA-ACPP-mBHI-mGAM-7_S625,100059
42,C3-e003Coalescence-mBHI-inoculumn-redo,23,2362051,Coalescence-A6-B2-AA-ACPP-mBHI-mGAM-7_S625,100059
43,B4-e003Coalescence-Inoculumn-mBHI,29,2359806,Coalescence-A6-B2-AA-ACPP-mBHI-mGAM-7_S625,100059
44,B3-e003Coalescence-mGAM-p1_S729,0,2342364,Coalescence-A6-B2-AA-ACPP-mBHI-mGAM-7_S625,100059
45,B5-e003Coalescence-mGAM-p1_S745,46,1357308,Coalescence-A6-B2-AA-ACPP-mBHI-mGAM-7_S625,100059
46,D3-e003Coalescence-mGAM-p1_S731,17,2257246,Coalescence-A6-B2-AA-ACPP-mBHI-mGAM-7_S625,100059
47,G3-e003Coalescence-mBHI-p1_S790,5,1758065,Coalescence-A6-B2-AA-ACPP-mBHI-mGAM-7_S625,100059
48,A3-e003Coalescence-mGAM-p1_S728,35,1780223,Coalescence-A6-B2-AA-ACPP-mBHI-mGAM-7_S625,100059
49,B3-e003Coalescence-mBHI-p1_S725,2,2066919,Coalescence-A6-B2-AA-ACPP-mBHI-mGAM-7_S625,100059
50,C3-e003Coalescence-mGAM-p1_S730,19,1716039,Coalescence-A6-B2-AA-ACPP-mBHI-mGAM-7_S625,100059
51,F3-e003Coalescence-mBHI-p1_S789,3,1571983,Coalescence-A6-B2-AA-ACPP-mBHI-mGAM-7_S625,100059
52,B4-e003Coalescence-mBHI-p1_S733,15,1656166,Coalescence-A6-B2-AA-ACPP-mBHI-mGAM-7_S625,100059
53,F2-e003Coalescence-mGAM-p1_S785,12,2169203,Coalescence-A6-B2-AA-ACPP-mBHI-mGAM-7_S625,100059
54,F5-e003Coalescence-mGAM-p1_S809,11,2299166,Coalescence-A6-B2-AA-ACPP-mBHI-mGAM-7_S625,100059
55,G3-e003Coalescence-mGAM-p1_S794,25,1549647,Coalescence-A6-B2-AA-ACPP-mBHI-mGAM-7_S625,100059
56,C3-e003Coalescence-mBHI-p1_S726,9,1814974,Coalescence-A6-B2-AA-ACPP-mBHI-mGAM-7_S625,100059
57,F4-e003Coalescence-mGAM-p1_S801,19,2082505,Coalescence-A6-B2-AA-ACPP-mBHI-mGAM-7_S625,100059
58,B4-e003Coalescence-mGAM-p1_S737,1,2329051,Coalescence-A6-B2-AA-ACPP-mBHI-mGAM-7_S625,100059
59,E3-e003Coalescence-mGAM-p1_S792,34,1419028,Coalescence-A6-B2-AA-ACPP-mBHI-mGAM-7_S625,100059
60,F3-e003Coalescence-mGAM-p1_S793,4,2347771,Coalescence-A6-B2-AA-ACPP-mBHI-mGAM-7_S625,100059
61,Coalescence-D1-B2-AA-ACPP-mBHI-mGAM-5_S656,0,2325618,Coalescence-A6-B2-AA-ACPP-mBHI-mGAM-7_S625,100059
62,Coalescence-B4-D3-ACPP-AF-mBHI-mGAM-7_S635,2,2332904,Coalescence-A6-B2-AA-ACPP-mBHI-mGAM-7_S625,100059
63,Coalescence-A6-B2-AA-ACPP-mBHI-mGAM-7_S625,0,2325429,Coalescence-A6-B2-AA-ACPP-mBHI-mGAM-7_S625,100059
64,Coalescence-D12-B4-ACPP-AE-mBHI-mGAM-3_S667,0,2332403,Coalescence-A6-B2-AA-ACPP-mBHI-mGAM-7_S625,100059
65,Coalescence-D7-A3-AA-ACPP-mBHI-mGAM-3_S662,1,2330889,Coalescence-A6-B2-AA-ACPP-mBHI-mGAM-7_S625,100059
66,Coalescence-B9-G3-ACPP-AE-mBHI-mGAM-7_S640,0,2299288,Coalescence-A6-B2-AA-ACPP-mBHI-mGAM-7_S625,100059
67,Coalescence-D11-B3-ACPP-ACPP-mBHI-mGAM-3_S666,0,2336011,Coalescence-A6-B2-AA-ACPP-mBHI-mGAM-7_S625,100059
68,Coalescence-A7-B3-ACPP-ACPP-mBHI-mGAM-7_S626,0,2331105,Coalescence-A6-B2-AA-ACPP-mBHI-mGAM-7_S625,100059
69,Coalescence-C5-A3-AA-ACPP-mBHI-mGAM-5_S648,2,2341229,Coalescence-A6-B2-AA-ACPP-mBHI-mGAM-7_S625,100059
70,B3-e003Assembly-mBHI-p5,72,1671938,Coalescence-A6-B2-AA-ACPP-mBHI-mGAM-7_S625,100059
71,C10-e003GlycerolRevival-mGAM-p2,5333,1999791,Coalescence-A6-B2-AA-ACPP-mBHI-mGAM-7_S625,100059
72,Assembly-G9-C9-ACPP-mGAM-3_S700,4482,1714545,Coalescence-A6-B2-AA-ACPP-mBHI-mGAM-7_S625,100059
73,Assembly-G2-B3-ACPP-mBHI-3_S693,475,2264296,Coalescence-A6-B2-AA-ACPP-mBHI-mGAM-7_S625,100059
74,Assembly-G11-D9-ACPP-mGAM-3_S702,3755,1476979,Coalescence-A6-B2-AA-ACPP-mBHI-mGAM-7_S625,100059
75,D_F10_e003Assembly_S358,5567,2229378,Coalescence-A6-B2-AA-ACPP-mBHI-mGAM-7_S625,100059
0,A_C9_C2_AA_AE_mBHI_mBHI_4_S33,20,1160951,Coalescence-D12-B4-ACPP-AE-mBHI-mGAM-3_S667,100059
1,A_E10_A3_ACPP_AA_mBHI_mGAM_4_S58,1,2331708,Coalescence-D12-B4-ACPP-AE-mBHI-mGAM-3_S667,100059
2,A_G2_C3_ACPP_AE_mBHI_mGAM_2_S74,14,2114140,Coalescence-D12-B4-ACPP-AE-mBHI-mGAM-3_S667,100059
3,A_G10_C3_ACPP_AE_mBHI_mGAM_4_S82,0,2328389,Coalescence-D12-B4-ACPP-AE-mBHI-mGAM-3_S667,100059
4,A_H10_D3_ACPP_AF_mBHI_mGAM_4_S94,0,2339199,Coalescence-D12-B4-ACPP-AE-mBHI-mGAM-3_S667,100059
5,B_E2_E3_ACPP_AA_mBHI_mGAM_2_S146,7,2315867,Coalescence-D12-B4-ACPP-AE-mBHI-mGAM-3_S667,100059
6,B_H2_H3_ACPP_AF_mBHI_mGAM_2_S182,0,2342589,Coalescence-D12-B4-ACPP-AE-mBHI-mGAM-3_S667,100059
7,C3-e003Coalescence-mGAM-p3,21,2330633,Coalescence-D12-B4-ACPP-AE-mBHI-mGAM-3_S667,100059
8,B4-e003Coalescence-mGAM-p5,15,2297529,Coalescence-D12-B4-ACPP-AE-mBHI-mGAM-3_S667,100059
9,B5-e003Coalescence-mGAM-p5,13,2230945,Coalescence-D12-B4-ACPP-AE-mBHI-mGAM-3_S667,100059
10,C3-e003Coalescence-mGAM-p5,21,2320793,Coalescence-D12-B4-ACPP-AE-mBHI-mGAM-3_S667,100059
11,B2-e003Coalescence-mGAM-p3,14,2302020,Coalescence-D12-B4-ACPP-AE-mBHI-mGAM-3_S667,100059
12,D3-e003Coalescence-mGAM-p3,17,2304101,Coalescence-D12-B4-ACPP-AE-mBHI-mGAM-3_S667,100059
13,D3-e003Coalescence-mGAM-p5,22,2345640,Coalescence-D12-B4-ACPP-AE-mBHI-mGAM-3_S667,100059
14,A3-e003Coalescence-mGAM-p7,135,2224531,Coalescence-D12-B4-ACPP-AE-mBHI-mGAM-3_S667,100059
15,C3-e003Coalescence-mGAM-p7,24,2337093,Coalescence-D12-B4-ACPP-AE-mBHI-mGAM-3_S667,100059
16,B3-e003Coalescence-mGAM-p5,19,2323948,Coalescence-D12-B4-ACPP-AE-mBHI-mGAM-3_S667,100059
17,B3-e003Coalescence-mBHI-p5,13,1072043,Coalescence-D12-B4-ACPP-AE-mBHI-mGAM-3_S667,100059
18,B5-e003Coalescence-mGAM-p3,10,2263665,Coalescence-D12-B4-ACPP-AE-mBHI-mGAM-3_S667,100059
19,F5-e003Coalescence-mGAM-p5_S64,0,2321521,Coalescence-D12-B4-ACPP-AE-mBHI-mGAM-3_S667,100059
20,F5-e003Coalescence-mGAM-p7_S160,8,1792027,Coalescence-D12-B4-ACPP-AE-mBHI-mGAM-3_S667,100059
21,E3-e003Coalescence-mGAM-p3_S58,2,2304171,Coalescence-D12-B4-ACPP-AE-mBHI-mGAM-3_S667,100059
22,F2-e003Coalescence-mGAM-p7_S157,20,2169270,Coalescence-D12-B4-ACPP-AE-mBHI-mGAM-3_S667,100059
23,H3-e003Coalescence-mGAM-p3_S94,4,2281366,Coalescence-D12-B4-ACPP-AE-mBHI-mGAM-3_S667,100059
24,E3-e003Coalescence-mGAM-p5_S50,0,2328032,Coalescence-D12-B4-ACPP-AE-mBHI-mGAM-3_S667,100059
25,F5-e003Coalescence-mGAM-p3_S72,8,1909764,Coalescence-D12-B4-ACPP-AE-mBHI-mGAM-3_S667,100059
26,F2-e003Coalescence-mGAM-p5_S61,1,2319879,Coalescence-D12-B4-ACPP-AE-mBHI-mGAM-3_S667,100059
27,F4-e003Coalescence-mGAM-p5_S63,0,2281603,Coalescence-D12-B4-ACPP-AE-mBHI-mGAM-3_S667,100059
28,E3-e003Coalescence-mGAM-p7_S146,3,2284526,Coalescence-D12-B4-ACPP-AE-mBHI-mGAM-3_S667,100059
29,F3-e003Coalescence-mGAM-p5_S62,0,2274734,Coalescence-D12-B4-ACPP-AE-mBHI-mGAM-3_S667,100059
30,G3-e003Coalescence-mGAM-p3_S82,0,2315865,Coalescence-D12-B4-ACPP-AE-mBHI-mGAM-3_S667,100059
31,F3-e003Coalescence-mGAM-p7_S158,25,1890761,Coalescence-D12-B4-ACPP-AE-mBHI-mGAM-3_S667,100059
32,F2-e003Coalescence-mGAM-p3_S69,132,2223230,Coalescence-D12-B4-ACPP-AE-mBHI-mGAM-3_S667,100059
33,G3-e003Coalescence-mGAM-p5_S74,0,2314417,Coalescence-D12-B4-ACPP-AE-mBHI-mGAM-3_S667,100059
34,F4-e003Coalescence-mGAM-p3_S71,0,2322136,Coalescence-D12-B4-ACPP-AE-mBHI-mGAM-3_S667,100059
35,F4-e003Coalescence-mGAM-p7_S159,0,2295820,Coalescence-D12-B4-ACPP-AE-mBHI-mGAM-3_S667,100059
36,H3-e003Coalescence-mGAM-p5_S86,10,2254569,Coalescence-D12-B4-ACPP-AE-mBHI-mGAM-3_S667,100059
37,D3-e003Coalescence-Inoculumn-mBHI,25,2396095,Coalescence-D12-B4-ACPP-AE-mBHI-mGAM-3_S667,100059
38,B5-e003Coalescence-Inoculumn-mBHI,18,2350303,Coalescence-D12-B4-ACPP-AE-mBHI-mGAM-3_S667,100059
39,A3-e003Coalescence-mBHI-inoculumn-redo,13,1788568,Coalescence-D12-B4-ACPP-AE-mBHI-mGAM-3_S667,100059
40,B3-e003Coalescence-Inoculumn-mBHI,22,2381229,Coalescence-D12-B4-ACPP-AE-mBHI-mGAM-3_S667,100059
41,B2-e003Coalescence-Inoculumn-mBHI,24,2353136,Coalescence-D12-B4-ACPP-AE-mBHI-mGAM-3_S667,100059
42,C3-e003Coalescence-mBHI-inoculumn-redo,22,2362051,Coalescence-D12-B4-ACPP-AE-mBHI-mGAM-3_S667,100059
43,B4-e003Coalescence-Inoculumn-mBHI,25,2359806,Coalescence-D12-B4-ACPP-AE-mBHI-mGAM-3_S667,100059
44,B3-e003Coalescence-mGAM-p1_S729,1,2342364,Coalescence-D12-B4-ACPP-AE-mBHI-mGAM-3_S667,100059
45,B5-e003Coalescence-mGAM-p1_S745,77,1357308,Coalescence-D12-B4-ACPP-AE-mBHI-mGAM-3_S667,100059
46,D3-e003Coalescence-mGAM-p1_S731,27,2257246,Coalescence-D12-B4-ACPP-AE-mBHI-mGAM-3_S667,100059
47,G3-e003Coalescence-mBHI-p1_S790,4,1758065,Coalescence-D12-B4-ACPP-AE-mBHI-mGAM-3_S667,100059
48,A3-e003Coalescence-mGAM-p1_S728,40,1780223,Coalescence-D12-B4-ACPP-AE-mBHI-mGAM-3_S667,100059
49,B3-e003Coalescence-mBHI-p1_S725,2,2066919,Coalescence-D12-B4-ACPP-AE-mBHI-mGAM-3_S667,100059
50,C3-e003Coalescence-mGAM-p1_S730,43,1716039,Coalescence-D12-B4-ACPP-AE-mBHI-mGAM-3_S667,100059
51,F3-e003Coalescence-mBHI-p1_S789,2,1571983,Coalescence-D12-B4-ACPP-AE-mBHI-mGAM-3_S667,100059
52,B4-e003Coalescence-mBHI-p1_S733,13,1656166,Coalescence-D12-B4-ACPP-AE-mBHI-mGAM-3_S667,100059
53,F2-e003Coalescence-mGAM-p1_S785,14,2169203,Coalescence-D12-B4-ACPP-AE-mBHI-mGAM-3_S667,100059
54,F5-e003Coalescence-mGAM-p1_S809,18,2299166,Coalescence-D12-B4-ACPP-AE-mBHI-mGAM-3_S667,100059
55,G3-e003Coalescence-mGAM-p1_S794,62,1549647,Coalescence-D12-B4-ACPP-AE-mBHI-mGAM-3_S667,100059
56,C3-e003Coalescence-mBHI-p1_S726,10,1814974,Coalescence-D12-B4-ACPP-AE-mBHI-mGAM-3_S667,100059
57,F4-e003Coalescence-mGAM-p1_S801,47,2082505,Coalescence-D12-B4-ACPP-AE-mBHI-mGAM-3_S667,100059
58,B4-e003Coalescence-mGAM-p1_S737,8,2329051,Coalescence-D12-B4-ACPP-AE-mBHI-mGAM-3_S667,100059
59,E3-e003Coalescence-mGAM-p1_S792,46,1419028,Coalescence-D12-B4-ACPP-AE-mBHI-mGAM-3_S667,100059
60,F3-e003Coalescence-mGAM-p1_S793,6,2347771,Coalescence-D12-B4-ACPP-AE-mBHI-mGAM-3_S667,100059
61,Coalescence-D1-B2-AA-ACPP-mBHI-mGAM-5_S656,0,2325618,Coalescence-D12-B4-ACPP-AE-mBHI-mGAM-3_S667,100059
62,Coalescence-B4-D3-ACPP-AF-mBHI-mGAM-7_S635,3,2332904,Coalescence-D12-B4-ACPP-AE-mBHI-mGAM-3_S667,100059
63,Coalescence-A6-B2-AA-ACPP-mBHI-mGAM-7_S625,0,2325429,Coalescence-D12-B4-ACPP-AE-mBHI-mGAM-3_S667,100059
64,Coalescence-D12-B4-ACPP-AE-mBHI-mGAM-3_S667,0,2332403,Coalescence-D12-B4-ACPP-AE-mBHI-mGAM-3_S667,100059
65,Coalescence-D7-A3-AA-ACPP-mBHI-mGAM-3_S662,1,2330889,Coalescence-D12-B4-ACPP-AE-mBHI-mGAM-3_S667,100059
66,Coalescence-B9-G3-ACPP-AE-mBHI-mGAM-7_S640,0,2299288,Coalescence-D12-B4-ACPP-AE-mBHI-mGAM-3_S667,100059
67,Coalescence-D11-B3-ACPP-ACPP-mBHI-mGAM-3_S666,0,2336011,Coalescence-D12-B4-ACPP-AE-mBHI-mGAM-3_S667,100059
68,Coalescence-A7-B3-ACPP-ACPP-mBHI-mGAM-7_S626,0,2331105,Coalescence-D12-B4-ACPP-AE-mBHI-mGAM-3_S667,100059
69,Coalescence-C5-A3-AA-ACPP-mBHI-mGAM-5_S648,2,2341229,Coalescence-D12-B4-ACPP-AE-mBHI-mGAM-3_S667,100059
70,B3-e003Assembly-mBHI-p5,147,1671938,Coalescence-D12-B4-ACPP-AE-mBHI-mGAM-3_S667,100059
71,C10-e003GlycerolRevival-mGAM-p2,10320,1999791,Coalescence-D12-B4-ACPP-AE-mBHI-mGAM-3_S667,100059
72,Assembly-G9-C9-ACPP-mGAM-3_S700,8526,1714545,Coalescence-D12-B4-ACPP-AE-mBHI-mGAM-3_S667,100059
73,Assembly-G2-B3-ACPP-mBHI-3_S693,1048,2264296,Coalescence-D12-B4-ACPP-AE-mBHI-mGAM-3_S667,100059
74,Assembly-G11-D9-ACPP-mGAM-3_S702,7255,1476979,Coalescence-D12-B4-ACPP-AE-mBHI-mGAM-3_S667,100059
75,D_F10_e003Assembly_S358,10810,2229378,Coalescence-D12-B4-ACPP-AE-mBHI-mGAM-3_S667,100059
0,A_C9_C2_AA_AE_mBHI_mBHI_4_S33,10,1160951,Coalescence-D7-A3-AA-ACPP-mBHI-mGAM-3_S662,100059
1,A_E10_A3_ACPP_AA_mBHI_mGAM_4_S58,0,2331708,Coalescence-D7-A3-AA-ACPP-mBHI-mGAM-3_S662,100059
2,A_G2_C3_ACPP_AE_mBHI_mGAM_2_S74,8,2114140,Coalescence-D7-A3-AA-ACPP-mBHI-mGAM-3_S662,100059
3,A_G10_C3_ACPP_AE_mBHI_mGAM_4_S82,0,2328389,Coalescence-D7-A3-AA-ACPP-mBHI-mGAM-3_S662,100059
4,A_H10_D3_ACPP_AF_mBHI_mGAM_4_S94,1,2339199,Coalescence-D7-A3-AA-ACPP-mBHI-mGAM-3_S662,100059
5,B_E2_E3_ACPP_AA_mBHI_mGAM_2_S146,2,2315867,Coalescence-D7-A3-AA-ACPP-mBHI-mGAM-3_S662,100059
6,B_H2_H3_ACPP_AF_mBHI_mGAM_2_S182,3,2342589,Coalescence-D7-A3-AA-ACPP-mBHI-mGAM-3_S662,100059
7,C3-e003Coalescence-mGAM-p3,19,2330633,Coalescence-D7-A3-AA-ACPP-mBHI-mGAM-3_S662,100059
8,B4-e003Coalescence-mGAM-p5,20,2297529,Coalescence-D7-A3-AA-ACPP-mBHI-mGAM-3_S662,100059
9,B5-e003Coalescence-mGAM-p5,20,2230945,Coalescence-D7-A3-AA-ACPP-mBHI-mGAM-3_S662,100059
10,C3-e003Coalescence-mGAM-p5,22,2320793,Coalescence-D7-A3-AA-ACPP-mBHI-mGAM-3_S662,100059
11,B2-e003Coalescence-mGAM-p3,17,2302020,Coalescence-D7-A3-AA-ACPP-mBHI-mGAM-3_S662,100059
12,D3-e003Coalescence-mGAM-p3,18,2304101,Coalescence-D7-A3-AA-ACPP-mBHI-mGAM-3_S662,100059
13,D3-e003Coalescence-mGAM-p5,26,2345640,Coalescence-D7-A3-AA-ACPP-mBHI-mGAM-3_S662,100059
14,A3-e003Coalescence-mGAM-p7,47,2224531,Coalescence-D7-A3-AA-ACPP-mBHI-mGAM-3_S662,100059
15,C3-e003Coalescence-mGAM-p7,24,2337093,Coalescence-D7-A3-AA-ACPP-mBHI-mGAM-3_S662,100059
16,B3-e003Coalescence-mGAM-p5,33,2323948,Coalescence-D7-A3-AA-ACPP-mBHI-mGAM-3_S662,100059
17,B3-e003Coalescence-mBHI-p5,17,1072043,Coalescence-D7-A3-AA-ACPP-mBHI-mGAM-3_S662,100059
18,B5-e003Coalescence-mGAM-p3,13,2263665,Coalescence-D7-A3-AA-ACPP-mBHI-mGAM-3_S662,100059
19,F5-e003Coalescence-mGAM-p5_S64,2,2321521,Coalescence-D7-A3-AA-ACPP-mBHI-mGAM-3_S662,100059
20,F5-e003Coalescence-mGAM-p7_S160,6,1792027,Coalescence-D7-A3-AA-ACPP-mBHI-mGAM-3_S662,100059
21,E3-e003Coalescence-mGAM-p3_S58,0,2304171,Coalescence-D7-A3-AA-ACPP-mBHI-mGAM-3_S662,100059
22,F2-e003Coalescence-mGAM-p7_S157,3,2169270,Coalescence-D7-A3-AA-ACPP-mBHI-mGAM-3_S662,100059
23,H3-e003Coalescence-mGAM-p3_S94,4,2281366,Coalescence-D7-A3-AA-ACPP-mBHI-mGAM-3_S662,100059
24,E3-e003Coalescence-mGAM-p5_S50,0,2328032,Coalescence-D7-A3-AA-ACPP-mBHI-mGAM-3_S662,100059
25,F5-e003Coalescence-mGAM-p3_S72,4,1909764,Coalescence-D7-A3-AA-ACPP-mBHI-mGAM-3_S662,100059
26,F2-e003Coalescence-mGAM-p5_S61,0,2319879,Coalescence-D7-A3-AA-ACPP-mBHI-mGAM-3_S662,100059
27,F4-e003Coalescence-mGAM-p5_S63,0,2281603,Coalescence-D7-A3-AA-ACPP-mBHI-mGAM-3_S662,100059
28,E3-e003Coalescence-mGAM-p7_S146,2,2284526,Coalescence-D7-A3-AA-ACPP-mBHI-mGAM-3_S662,100059
29,F3-e003Coalescence-mGAM-p5_S62,3,2274734,Coalescence-D7-A3-AA-ACPP-mBHI-mGAM-3_S662,100059
30,G3-e003Coalescence-mGAM-p3_S82,0,2315865,Coalescence-D7-A3-AA-ACPP-mBHI-mGAM-3_S662,100059
31,F3-e003Coalescence-mGAM-p7_S158,4,1890761,Coalescence-D7-A3-AA-ACPP-mBHI-mGAM-3_S662,100059
32,F2-e003Coalescence-mGAM-p3_S69,37,2223230,Coalescence-D7-A3-AA-ACPP-mBHI-mGAM-3_S662,100059
33,G3-e003Coalescence-mGAM-p5_S74,0,2314417,Coalescence-D7-A3-AA-ACPP-mBHI-mGAM-3_S662,100059
34,F4-e003Coalescence-mGAM-p3_S71,0,2322136,Coalescence-D7-A3-AA-ACPP-mBHI-mGAM-3_S662,100059
35,F4-e003Coalescence-mGAM-p7_S159,0,2295820,Coalescence-D7-A3-AA-ACPP-mBHI-mGAM-3_S662,100059
36,H3-e003Coalescence-mGAM-p5_S86,6,2254569,Coalescence-D7-A3-AA-ACPP-mBHI-mGAM-3_S662,100059
37,D3-e003Coalescence-Inoculumn-mBHI,29,2396095,Coalescence-D7-A3-AA-ACPP-mBHI-mGAM-3_S662,100059
38,B5-e003Coalescence-Inoculumn-mBHI,24,2350303,Coalescence-D7-A3-AA-ACPP-mBHI-mGAM-3_S662,100059
39,A3-e003Coalescence-mBHI-inoculumn-redo,22,1788568,Coalescence-D7-A3-AA-ACPP-mBHI-mGAM-3_S662,100059
40,B3-e003Coalescence-Inoculumn-mBHI,27,2381229,Coalescence-D7-A3-AA-ACPP-mBHI-mGAM-3_S662,100059
41,B2-e003Coalescence-Inoculumn-mBHI,41,2353136,Coalescence-D7-A3-AA-ACPP-mBHI-mGAM-3_S662,100059
42,C3-e003Coalescence-mBHI-inoculumn-redo,25,2362051,Coalescence-D7-A3-AA-ACPP-mBHI-mGAM-3_S662,100059
43,B4-e003Coalescence-Inoculumn-mBHI,31,2359806,Coalescence-D7-A3-AA-ACPP-mBHI-mGAM-3_S662,100059
44,B3-e003Coalescence-mGAM-p1_S729,13,2342364,Coalescence-D7-A3-AA-ACPP-mBHI-mGAM-3_S662,100059
45,B5-e003Coalescence-mGAM-p1_S745,19,1357308,Coalescence-D7-A3-AA-ACPP-mBHI-mGAM-3_S662,100059
46,D3-e003Coalescence-mGAM-p1_S731,22,2257246,Coalescence-D7-A3-AA-ACPP-mBHI-mGAM-3_S662,100059
47,G3-e003Coalescence-mBHI-p1_S790,8,1758065,Coalescence-D7-A3-AA-ACPP-mBHI-mGAM-3_S662,100059
48,A3-e003Coalescence-mGAM-p1_S728,22,1780223,Coalescence-D7-A3-AA-ACPP-mBHI-mGAM-3_S662,100059
49,B3-e003Coalescence-mBHI-p1_S725,16,2066919,Coalescence-D7-A3-AA-ACPP-mBHI-mGAM-3_S662,100059
50,C3-e003Coalescence-mGAM-p1_S730,10,1716039,Coalescence-D7-A3-AA-ACPP-mBHI-mGAM-3_S662,100059
51,F3-e003Coalescence-mBHI-p1_S789,10,1571983,Coalescence-D7-A3-AA-ACPP-mBHI-mGAM-3_S662,100059
52,B4-e003Coalescence-mBHI-p1_S733,17,1656166,Coalescence-D7-A3-AA-ACPP-mBHI-mGAM-3_S662,100059
53,F2-e003Coalescence-mGAM-p1_S785,16,2169203,Coalescence-D7-A3-AA-ACPP-mBHI-mGAM-3_S662,100059
54,F5-e003Coalescence-mGAM-p1_S809,15,2299166,Coalescence-D7-A3-AA-ACPP-mBHI-mGAM-3_S662,100059
55,G3-e003Coalescence-mGAM-p1_S794,13,1549647,Coalescence-D7-A3-AA-ACPP-mBHI-mGAM-3_S662,100059
56,C3-e003Coalescence-mBHI-p1_S726,7,1814974,Coalescence-D7-A3-AA-ACPP-mBHI-mGAM-3_S662,100059
57,F4-e003Coalescence-mGAM-p1_S801,10,2082505,Coalescence-D7-A3-AA-ACPP-mBHI-mGAM-3_S662,100059
58,B4-e003Coalescence-mGAM-p1_S737,2,2329051,Coalescence-D7-A3-AA-ACPP-mBHI-mGAM-3_S662,100059
59,E3-e003Coalescence-mGAM-p1_S792,25,1419028,Coalescence-D7-A3-AA-ACPP-mBHI-mGAM-3_S662,100059
60,F3-e003Coalescence-mGAM-p1_S793,14,2347771,Coalescence-D7-A3-AA-ACPP-mBHI-mGAM-3_S662,100059
61,Coalescence-D1-B2-AA-ACPP-mBHI-mGAM-5_S656,0,2325618,Coalescence-D7-A3-AA-ACPP-mBHI-mGAM-3_S662,100059
62,Coalescence-B4-D3-ACPP-AF-mBHI-mGAM-7_S635,4,2332904,Coalescence-D7-A3-AA-ACPP-mBHI-mGAM-3_S662,100059
63,Coalescence-A6-B2-AA-ACPP-mBHI-mGAM-7_S625,1,2325429,Coalescence-D7-A3-AA-ACPP-mBHI-mGAM-3_S662,100059
64,Coalescence-D12-B4-ACPP-AE-mBHI-mGAM-3_S667,1,2332403,Coalescence-D7-A3-AA-ACPP-mBHI-mGAM-3_S662,100059
65,Coalescence-D7-A3-AA-ACPP-mBHI-mGAM-3_S662,0,2330889,Coalescence-D7-A3-AA-ACPP-mBHI-mGAM-3_S662,100059
66,Coalescence-B9-G3-ACPP-AE-mBHI-mGAM-7_S640,2,2299288,Coalescence-D7-A3-AA-ACPP-mBHI-mGAM-3_S662,100059
67,Coalescence-D11-B3-ACPP-ACPP-mBHI-mGAM-3_S666,0,2336011,Coalescence-D7-A3-AA-ACPP-mBHI-mGAM-3_S662,100059
68,Coalescence-A7-B3-ACPP-ACPP-mBHI-mGAM-7_S626,2,2331105,Coalescence-D7-A3-AA-ACPP-mBHI-mGAM-3_S662,100059
69,Coalescence-C5-A3-AA-ACPP-mBHI-mGAM-5_S648,0,2341229,Coalescence-D7-A3-AA-ACPP-mBHI-mGAM-3_S662,100059
70,B3-e003Assembly-mBHI-p5,43,1671938,Coalescence-D7-A3-AA-ACPP-mBHI-mGAM-3_S662,100059
71,C10-e003GlycerolRevival-mGAM-p2,2821,1999791,Coalescence-D7-A3-AA-ACPP-mBHI-mGAM-3_S662,100059
72,Assembly-G9-C9-ACPP-mGAM-3_S700,2389,1714545,Coalescence-D7-A3-AA-ACPP-mBHI-mGAM-3_S662,100059
73,Assembly-G2-B3-ACPP-mBHI-3_S693,298,2264296,Coalescence-D7-A3-AA-ACPP-mBHI-mGAM-3_S662,100059
74,Assembly-G11-D9-ACPP-mGAM-3_S702,1921,1476979,Coalescence-D7-A3-AA-ACPP-mBHI-mGAM-3_S662,100059
75,D_F10_e003Assembly_S358,2975,2229378,Coalescence-D7-A3-AA-ACPP-mBHI-mGAM-3_S662,100059
0,A_C9_C2_AA_AE_mBHI_mBHI_4_S33,21,1160951,Coalescence-B9-G3-ACPP-AE-mBHI-mGAM-7_S640,100059
1,A_E10_A3_ACPP_AA_mBHI_mGAM_4_S58,1,2331708,Coalescence-B9-G3-ACPP-AE-mBHI-mGAM-7_S640,100059
2,A_G2_C3_ACPP_AE_mBHI_mGAM_2_S74,15,2114140,Coalescence-B9-G3-ACPP-AE-mBHI-mGAM-7_S640,100059
3,A_G10_C3_ACPP_AE_mBHI_mGAM_4_S82,0,2328389,Coalescence-B9-G3-ACPP-AE-mBHI-mGAM-7_S640,100059
4,A_H10_D3_ACPP_AF_mBHI_mGAM_4_S94,0,2339199,Coalescence-B9-G3-ACPP-AE-mBHI-mGAM-7_S640,100059
5,B_E2_E3_ACPP_AA_mBHI_mGAM_2_S146,15,2315867,Coalescence-B9-G3-ACPP-AE-mBHI-mGAM-7_S640,100059
6,B_H2_H3_ACPP_AF_mBHI_mGAM_2_S182,0,2342589,Coalescence-B9-G3-ACPP-AE-mBHI-mGAM-7_S640,100059
7,C3-e003Coalescence-mGAM-p3,20,2330633,Coalescence-B9-G3-ACPP-AE-mBHI-mGAM-7_S640,100059
8,B4-e003Coalescence-mGAM-p5,18,2297529,Coalescence-B9-G3-ACPP-AE-mBHI-mGAM-7_S640,100059
9,B5-e003Coalescence-mGAM-p5,13,2230945,Coalescence-B9-G3-ACPP-AE-mBHI-mGAM-7_S640,100059
10,C3-e003Coalescence-mGAM-p5,22,2320793,Coalescence-B9-G3-ACPP-AE-mBHI-mGAM-7_S640,100059
11,B2-e003Coalescence-mGAM-p3,19,2302020,Coalescence-B9-G3-ACPP-AE-mBHI-mGAM-7_S640,100059
12,D3-e003Coalescence-mGAM-p3,16,2304101,Coalescence-B9-G3-ACPP-AE-mBHI-mGAM-7_S640,100059
13,D3-e003Coalescence-mGAM-p5,22,2345640,Coalescence-B9-G3-ACPP-AE-mBHI-mGAM-7_S640,100059
14,A3-e003Coalescence-mGAM-p7,118,2224531,Coalescence-B9-G3-ACPP-AE-mBHI-mGAM-7_S640,100059
15,C3-e003Coalescence-mGAM-p7,23,2337093,Coalescence-B9-G3-ACPP-AE-mBHI-mGAM-7_S640,100059
16,B3-e003Coalescence-mGAM-p5,22,2323948,Coalescence-B9-G3-ACPP-AE-mBHI-mGAM-7_S640,100059
17,B3-e003Coalescence-mBHI-p5,14,1072043,Coalescence-B9-G3-ACPP-AE-mBHI-mGAM-7_S640,100059
18,B5-e003Coalescence-mGAM-p3,10,2263665,Coalescence-B9-G3-ACPP-AE-mBHI-mGAM-7_S640,100059
19,F5-e003Coalescence-mGAM-p5_S64,0,2321521,Coalescence-B9-G3-ACPP-AE-mBHI-mGAM-7_S640,100059
20,F5-e003Coalescence-mGAM-p7_S160,7,1792027,Coalescence-B9-G3-ACPP-AE-mBHI-mGAM-7_S640,100059
21,E3-e003Coalescence-mGAM-p3_S58,3,2304171,Coalescence-B9-G3-ACPP-AE-mBHI-mGAM-7_S640,100059
22,F2-e003Coalescence-mGAM-p7_S157,23,2169270,Coalescence-B9-G3-ACPP-AE-mBHI-mGAM-7_S640,100059
23,H3-e003Coalescence-mGAM-p3_S94,4,2281366,Coalescence-B9-G3-ACPP-AE-mBHI-mGAM-7_S640,100059
24,E3-e003Coalescence-mGAM-p5_S50,3,2328032,Coalescence-B9-G3-ACPP-AE-mBHI-mGAM-7_S640,100059
25,F5-e003Coalescence-mGAM-p3_S72,7,1909764,Coalescence-B9-G3-ACPP-AE-mBHI-mGAM-7_S640,100059
26,F2-e003Coalescence-mGAM-p5_S61,1,2319879,Coalescence-B9-G3-ACPP-AE-mBHI-mGAM-7_S640,100059
27,F4-e003Coalescence-mGAM-p5_S63,1,2281603,Coalescence-B9-G3-ACPP-AE-mBHI-mGAM-7_S640,100059
28,E3-e003Coalescence-mGAM-p7_S146,6,2284526,Coalescence-B9-G3-ACPP-AE-mBHI-mGAM-7_S640,100059
29,F3-e003Coalescence-mGAM-p5_S62,2,2274734,Coalescence-B9-G3-ACPP-AE-mBHI-mGAM-7_S640,100059
30,G3-e003Coalescence-mGAM-p3_S82,0,2315865,Coalescence-B9-G3-ACPP-AE-mBHI-mGAM-7_S640,100059
31,F3-e003Coalescence-mGAM-p7_S158,19,1890761,Coalescence-B9-G3-ACPP-AE-mBHI-mGAM-7_S640,100059
32,F2-e003Coalescence-mGAM-p3_S69,121,2223230,Coalescence-B9-G3-ACPP-AE-mBHI-mGAM-7_S640,100059
33,G3-e003Coalescence-mGAM-p5_S74,0,2314417,Coalescence-B9-G3-ACPP-AE-mBHI-mGAM-7_S640,100059
34,F4-e003Coalescence-mGAM-p3_S71,0,2322136,Coalescence-B9-G3-ACPP-AE-mBHI-mGAM-7_S640,100059
35,F4-e003Coalescence-mGAM-p7_S159,3,2295820,Coalescence-B9-G3-ACPP-AE-mBHI-mGAM-7_S640,100059
36,H3-e003Coalescence-mGAM-p5_S86,12,2254569,Coalescence-B9-G3-ACPP-AE-mBHI-mGAM-7_S640,100059
37,D3-e003Coalescence-Inoculumn-mBHI,28,2396095,Coalescence-B9-G3-ACPP-AE-mBHI-mGAM-7_S640,100059
38,B5-e003Coalescence-Inoculumn-mBHI,18,2350303,Coalescence-B9-G3-ACPP-AE-mBHI-mGAM-7_S640,100059
39,A3-e003Coalescence-mBHI-inoculumn-redo,23,1788568,Coalescence-B9-G3-ACPP-AE-mBHI-mGAM-7_S640,100059
40,B3-e003Coalescence-Inoculumn-mBHI,21,2381229,Coalescence-B9-G3-ACPP-AE-mBHI-mGAM-7_S640,100059
41,B2-e003Coalescence-Inoculumn-mBHI,36,2353136,Coalescence-B9-G3-ACPP-AE-mBHI-mGAM-7_S640,100059
42,C3-e003Coalescence-mBHI-inoculumn-redo,36,2362051,Coalescence-B9-G3-ACPP-AE-mBHI-mGAM-7_S640,100059
43,B4-e003Coalescence-Inoculumn-mBHI,38,2359806,Coalescence-B9-G3-ACPP-AE-mBHI-mGAM-7_S640,100059
44,B3-e003Coalescence-mGAM-p1_S729,7,2342364,Coalescence-B9-G3-ACPP-AE-mBHI-mGAM-7_S640,100059
45,B5-e003Coalescence-mGAM-p1_S745,67,1357308,Coalescence-B9-G3-ACPP-AE-mBHI-mGAM-7_S640,100059
46,D3-e003Coalescence-mGAM-p1_S731,28,2257246,Coalescence-B9-G3-ACPP-AE-mBHI-mGAM-7_S640,100059
47,G3-e003Coalescence-mBHI-p1_S790,3,1758065,Coalescence-B9-G3-ACPP-AE-mBHI-mGAM-7_S640,100059
48,A3-e003Coalescence-mGAM-p1_S728,60,1780223,Coalescence-B9-G3-ACPP-AE-mBHI-mGAM-7_S640,100059
49,B3-e003Coalescence-mBHI-p1_S725,9,2066919,Coalescence-B9-G3-ACPP-AE-mBHI-mGAM-7_S640,100059
50,C3-e003Coalescence-mGAM-p1_S730,40,1716039,Coalescence-B9-G3-ACPP-AE-mBHI-mGAM-7_S640,100059
51,F3-e003Coalescence-mBHI-p1_S789,10,1571983,Coalescence-B9-G3-ACPP-AE-mBHI-mGAM-7_S640,100059
52,B4-e003Coalescence-mBHI-p1_S733,16,1656166,Coalescence-B9-G3-ACPP-AE-mBHI-mGAM-7_S640,100059
53,F2-e003Coalescence-mGAM-p1_S785,55,2169203,Coalescence-B9-G3-ACPP-AE-mBHI-mGAM-7_S640,100059
54,F5-e003Coalescence-mGAM-p1_S809,23,2299166,Coalescence-B9-G3-ACPP-AE-mBHI-mGAM-7_S640,100059
55,G3-e003Coalescence-mGAM-p1_S794,55,1549647,Coalescence-B9-G3-ACPP-AE-mBHI-mGAM-7_S640,100059
56,C3-e003Coalescence-mBHI-p1_S726,14,1814974,Coalescence-B9-G3-ACPP-AE-mBHI-mGAM-7_S640,100059
57,F4-e003Coalescence-mGAM-p1_S801,40,2082505,Coalescence-B9-G3-ACPP-AE-mBHI-mGAM-7_S640,100059
58,B4-e003Coalescence-mGAM-p1_S737,8,2329051,Coalescence-B9-G3-ACPP-AE-mBHI-mGAM-7_S640,100059
59,E3-e003Coalescence-mGAM-p1_S792,75,1419028,Coalescence-B9-G3-ACPP-AE-mBHI-mGAM-7_S640,100059
60,F3-e003Coalescence-mGAM-p1_S793,11,2347771,Coalescence-B9-G3-ACPP-AE-mBHI-mGAM-7_S640,100059
61,Coalescence-D1-B2-AA-ACPP-mBHI-mGAM-5_S656,1,2325618,Coalescence-B9-G3-ACPP-AE-mBHI-mGAM-7_S640,100059
62,Coalescence-B4-D3-ACPP-AF-mBHI-mGAM-7_S635,5,2332904,Coalescence-B9-G3-ACPP-AE-mBHI-mGAM-7_S640,100059
63,Coalescence-A6-B2-AA-ACPP-mBHI-mGAM-7_S625,0,2325429,Coalescence-B9-G3-ACPP-AE-mBHI-mGAM-7_S640,100059
64,Coalescence-D12-B4-ACPP-AE-mBHI-mGAM-3_S667,0,2332403,Coalescence-B9-G3-ACPP-AE-mBHI-mGAM-7_S640,100059
65,Coalescence-D7-A3-AA-ACPP-mBHI-mGAM-3_S662,2,2330889,Coalescence-B9-G3-ACPP-AE-mBHI-mGAM-7_S640,100059
66,Coalescence-B9-G3-ACPP-AE-mBHI-mGAM-7_S640,0,2299288,Coalescence-B9-G3-ACPP-AE-mBHI-mGAM-7_S640,100059
67,Coalescence-D11-B3-ACPP-ACPP-mBHI-mGAM-3_S666,0,2336011,Coalescence-B9-G3-ACPP-AE-mBHI-mGAM-7_S640,100059
68,Coalescence-A7-B3-ACPP-ACPP-mBHI-mGAM-7_S626,0,2331105,Coalescence-B9-G3-ACPP-AE-mBHI-mGAM-7_S640,100059
69,Coalescence-C5-A3-AA-ACPP-mBHI-mGAM-5_S648,2,2341229,Coalescence-B9-G3-ACPP-AE-mBHI-mGAM-7_S640,100059
70,B3-e003Assembly-mBHI-p5,138,1671938,Coalescence-B9-G3-ACPP-AE-mBHI-mGAM-7_S640,100059
71,C10-e003GlycerolRevival-mGAM-p2,8947,1999791,Coalescence-B9-G3-ACPP-AE-mBHI-mGAM-7_S640,100059
72,Assembly-G9-C9-ACPP-mGAM-3_S700,7425,1714545,Coalescence-B9-G3-ACPP-AE-mBHI-mGAM-7_S640,100059
73,Assembly-G2-B3-ACPP-mBHI-3_S693,898,2264296,Coalescence-B9-G3-ACPP-AE-mBHI-mGAM-7_S640,100059
74,Assembly-G11-D9-ACPP-mGAM-3_S702,6277,1476979,Coalescence-B9-G3-ACPP-AE-mBHI-mGAM-7_S640,100059
75,D_F10_e003Assembly_S358,9358,2229378,Coalescence-B9-G3-ACPP-AE-mBHI-mGAM-7_S640,100059
0,A_C9_C2_AA_AE_mBHI_mBHI_4_S33,19,1160951,Coalescence-D11-B3-ACPP-ACPP-mBHI-mGAM-3_S666,100059
1,A_E10_A3_ACPP_AA_mBHI_mGAM_4_S58,0,2331708,Coalescence-D11-B3-ACPP-ACPP-mBHI-mGAM-3_S666,100059
2,A_G2_C3_ACPP_AE_mBHI_mGAM_2_S74,14,2114140,Coalescence-D11-B3-ACPP-ACPP-mBHI-mGAM-3_S666,100059
3,A_G10_C3_ACPP_AE_mBHI_mGAM_4_S82,0,2328389,Coalescence-D11-B3-ACPP-ACPP-mBHI-mGAM-3_S666,100059
4,A_H10_D3_ACPP_AF_mBHI_mGAM_4_S94,0,2339199,Coalescence-D11-B3-ACPP-ACPP-mBHI-mGAM-3_S666,100059
5,B_E2_E3_ACPP_AA_mBHI_mGAM_2_S146,4,2315867,Coalescence-D11-B3-ACPP-ACPP-mBHI-mGAM-3_S666,100059
6,B_H2_H3_ACPP_AF_mBHI_mGAM_2_S182,0,2342589,Coalescence-D11-B3-ACPP-ACPP-mBHI-mGAM-3_S666,100059
7,C3-e003Coalescence-mGAM-p3,20,2330633,Coalescence-D11-B3-ACPP-ACPP-mBHI-mGAM-3_S666,100059
8,B4-e003Coalescence-mGAM-p5,17,2297529,Coalescence-D11-B3-ACPP-ACPP-mBHI-mGAM-3_S666,100059
9,B5-e003Coalescence-mGAM-p5,17,2230945,Coalescence-D11-B3-ACPP-ACPP-mBHI-mGAM-3_S666,100059
10,C3-e003Coalescence-mGAM-p5,23,2320793,Coalescence-D11-B3-ACPP-ACPP-mBHI-mGAM-3_S666,100059
11,B2-e003Coalescence-mGAM-p3,16,2302020,Coalescence-D11-B3-ACPP-ACPP-mBHI-mGAM-3_S666,100059
12,D3-e003Coalescence-mGAM-p3,18,2304101,Coalescence-D11-B3-ACPP-ACPP-mBHI-mGAM-3_S666,100059
13,D3-e003Coalescence-mGAM-p5,24,2345640,Coalescence-D11-B3-ACPP-ACPP-mBHI-mGAM-3_S666,100059
14,A3-e003Coalescence-mGAM-p7,139,2224531,Coalescence-D11-B3-ACPP-ACPP-mBHI-mGAM-3_S666,100059
15,C3-e003Coalescence-mGAM-p7,23,2337093,Coalescence-D11-B3-ACPP-ACPP-mBHI-mGAM-3_S666,100059
16,B3-e003Coalescence-mGAM-p5,22,2323948,Coalescence-D11-B3-ACPP-ACPP-mBHI-mGAM-3_S666,100059
17,B3-e003Coalescence-mBHI-p5,14,1072043,Coalescence-D11-B3-ACPP-ACPP-mBHI-mGAM-3_S666,100059
18,B5-e003Coalescence-mGAM-p3,10,2263665,Coalescence-D11-B3-ACPP-ACPP-mBHI-mGAM-3_S666,100059
19,F5-e003Coalescence-mGAM-p5_S64,0,2321521,Coalescence-D11-B3-ACPP-ACPP-mBHI-mGAM-3_S666,100059
20,F5-e003Coalescence-mGAM-p7_S160,8,1792027,Coalescence-D11-B3-ACPP-ACPP-mBHI-mGAM-3_S666,100059
21,E3-e003Coalescence-mGAM-p3_S58,1,2304171,Coalescence-D11-B3-ACPP-ACPP-mBHI-mGAM-3_S666,100059
22,F2-e003Coalescence-mGAM-p7_S157,19,2169270,Coalescence-D11-B3-ACPP-ACPP-mBHI-mGAM-3_S666,100059
23,H3-e003Coalescence-mGAM-p3_S94,4,2281366,Coalescence-D11-B3-ACPP-ACPP-mBHI-mGAM-3_S666,100059
24,E3-e003Coalescence-mGAM-p5_S50,0,2328032,Coalescence-D11-B3-ACPP-ACPP-mBHI-mGAM-3_S666,100059
25,F5-e003Coalescence-mGAM-p3_S72,9,1909764,Coalescence-D11-B3-ACPP-ACPP-mBHI-mGAM-3_S666,100059
26,F2-e003Coalescence-mGAM-p5_S61,0,2319879,Coalescence-D11-B3-ACPP-ACPP-mBHI-mGAM-3_S666,100059
27,F4-e003Coalescence-mGAM-p5_S63,0,2281603,Coalescence-D11-B3-ACPP-ACPP-mBHI-mGAM-3_S666,100059
28,E3-e003Coalescence-mGAM-p7_S146,2,2284526,Coalescence-D11-B3-ACPP-ACPP-mBHI-mGAM-3_S666,100059
29,F3-e003Coalescence-mGAM-p5_S62,0,2274734,Coalescence-D11-B3-ACPP-ACPP-mBHI-mGAM-3_S666,100059
30,G3-e003Coalescence-mGAM-p3_S82,0,2315865,Coalescence-D11-B3-ACPP-ACPP-mBHI-mGAM-3_S666,100059
31,F3-e003Coalescence-mGAM-p7_S158,23,1890761,Coalescence-D11-B3-ACPP-ACPP-mBHI-mGAM-3_S666,100059
32,F2-e003Coalescence-mGAM-p3_S69,131,2223230,Coalescence-D11-B3-ACPP-ACPP-mBHI-mGAM-3_S666,100059
33,G3-e003Coalescence-mGAM-p5_S74,0,2314417,Coalescence-D11-B3-ACPP-ACPP-mBHI-mGAM-3_S666,100059
34,F4-e003Coalescence-mGAM-p3_S71,0,2322136,Coalescence-D11-B3-ACPP-ACPP-mBHI-mGAM-3_S666,100059
35,F4-e003Coalescence-mGAM-p7_S159,0,2295820,Coalescence-D11-B3-ACPP-ACPP-mBHI-mGAM-3_S666,100059
36,H3-e003Coalescence-mGAM-p5_S86,11,2254569,Coalescence-D11-B3-ACPP-ACPP-mBHI-mGAM-3_S666,100059
37,D3-e003Coalescence-Inoculumn-mBHI,26,2396095,Coalescence-D11-B3-ACPP-ACPP-mBHI-mGAM-3_S666,100059
38,B5-e003Coalescence-Inoculumn-mBHI,18,2350303,Coalescence-D11-B3-ACPP-ACPP-mBHI-mGAM-3_S666,100059
39,A3-e003Coalescence-mBHI-inoculumn-redo,15,1788568,Coalescence-D11-B3-ACPP-ACPP-mBHI-mGAM-3_S666,100059
40,B3-e003Coalescence-Inoculumn-mBHI,22,2381229,Coalescence-D11-B3-ACPP-ACPP-mBHI-mGAM-3_S666,100059
41,B2-e003Coalescence-Inoculumn-mBHI,26,2353136,Coalescence-D11-B3-ACPP-ACPP-mBHI-mGAM-3_S666,100059
42,C3-e003Coalescence-mBHI-inoculumn-redo,21,2362051,Coalescence-D11-B3-ACPP-ACPP-mBHI-mGAM-3_S666,100059
43,B4-e003Coalescence-Inoculumn-mBHI,26,2359806,Coalescence-D11-B3-ACPP-ACPP-mBHI-mGAM-3_S666,100059
44,B3-e003Coalescence-mGAM-p1_S729,1,2342364,Coalescence-D11-B3-ACPP-ACPP-mBHI-mGAM-3_S666,100059
45,B5-e003Coalescence-mGAM-p1_S745,80,1357308,Coalescence-D11-B3-ACPP-ACPP-mBHI-mGAM-3_S666,100059
46,D3-e003Coalescence-mGAM-p1_S731,29,2257246,Coalescence-D11-B3-ACPP-ACPP-mBHI-mGAM-3_S666,100059
47,G3-e003Coalescence-mBHI-p1_S790,3,1758065,Coalescence-D11-B3-ACPP-ACPP-mBHI-mGAM-3_S666,100059
48,A3-e003Coalescence-mGAM-p1_S728,47,1780223,Coalescence-D11-B3-ACPP-ACPP-mBHI-mGAM-3_S666,100059
49,B3-e003Coalescence-mBHI-p1_S725,0,2066919,Coalescence-D11-B3-ACPP-ACPP-mBHI-mGAM-3_S666,100059
50,C3-e003Coalescence-mGAM-p1_S730,48,1716039,Coalescence-D11-B3-ACPP-ACPP-mBHI-mGAM-3_S666,100059
51,F3-e003Coalescence-mBHI-p1_S789,2,1571983,Coalescence-D11-B3-ACPP-ACPP-mBHI-mGAM-3_S666,100059
52,B4-e003Coalescence-mBHI-p1_S733,14,1656166,Coalescence-D11-B3-ACPP-ACPP-mBHI-mGAM-3_S666,100059
53,F2-e003Coalescence-mGAM-p1_S785,18,2169203,Coalescence-D11-B3-ACPP-ACPP-mBHI-mGAM-3_S666,100059
54,F5-e003Coalescence-mGAM-p1_S809,20,2299166,Coalescence-D11-B3-ACPP-ACPP-mBHI-mGAM-3_S666,100059
55,G3-e003Coalescence-mGAM-p1_S794,59,1549647,Coalescence-D11-B3-ACPP-ACPP-mBHI-mGAM-3_S666,100059
56,C3-e003Coalescence-mBHI-p1_S726,5,1814974,Coalescence-D11-B3-ACPP-ACPP-mBHI-mGAM-3_S666,100059
57,F4-e003Coalescence-mGAM-p1_S801,44,2082505,Coalescence-D11-B3-ACPP-ACPP-mBHI-mGAM-3_S666,100059
58,B4-e003Coalescence-mGAM-p1_S737,7,2329051,Coalescence-D11-B3-ACPP-ACPP-mBHI-mGAM-3_S666,100059
59,E3-e003Coalescence-mGAM-p1_S792,51,1419028,Coalescence-D11-B3-ACPP-ACPP-mBHI-mGAM-3_S666,100059
60,F3-e003Coalescence-mGAM-p1_S793,6,2347771,Coalescence-D11-B3-ACPP-ACPP-mBHI-mGAM-3_S666,100059
61,Coalescence-D1-B2-AA-ACPP-mBHI-mGAM-5_S656,0,2325618,Coalescence-D11-B3-ACPP-ACPP-mBHI-mGAM-3_S666,100059
62,Coalescence-B4-D3-ACPP-AF-mBHI-mGAM-7_S635,2,2332904,Coalescence-D11-B3-ACPP-ACPP-mBHI-mGAM-3_S666,100059
63,Coalescence-A6-B2-AA-ACPP-mBHI-mGAM-7_S625,0,2325429,Coalescence-D11-B3-ACPP-ACPP-mBHI-mGAM-3_S666,100059
64,Coalescence-D12-B4-ACPP-AE-mBHI-mGAM-3_S667,0,2332403,Coalescence-D11-B3-ACPP-ACPP-mBHI-mGAM-3_S666,100059
65,Coalescence-D7-A3-AA-ACPP-mBHI-mGAM-3_S662,0,2330889,Coalescence-D11-B3-ACPP-ACPP-mBHI-mGAM-3_S666,100059
66,Coalescence-B9-G3-ACPP-AE-mBHI-mGAM-7_S640,0,2299288,Coalescence-D11-B3-ACPP-ACPP-mBHI-mGAM-3_S666,100059
67,Coalescence-D11-B3-ACPP-ACPP-mBHI-mGAM-3_S666,0,2336011,Coalescence-D11-B3-ACPP-ACPP-mBHI-mGAM-3_S666,100059
68,Coalescence-A7-B3-ACPP-ACPP-mBHI-mGAM-7_S626,0,2331105,Coalescence-D11-B3-ACPP-ACPP-mBHI-mGAM-3_S666,100059
69,Coalescence-C5-A3-AA-ACPP-mBHI-mGAM-5_S648,1,2341229,Coalescence-D11-B3-ACPP-ACPP-mBHI-mGAM-3_S666,100059
70,B3-e003Assembly-mBHI-p5,147,1671938,Coalescence-D11-B3-ACPP-ACPP-mBHI-mGAM-3_S666,100059
71,C10-e003GlycerolRevival-mGAM-p2,10782,1999791,Coalescence-D11-B3-ACPP-ACPP-mBHI-mGAM-3_S666,100059
72,Assembly-G9-C9-ACPP-mGAM-3_S700,8888,1714545,Coalescence-D11-B3-ACPP-ACPP-mBHI-mGAM-3_S666,100059
73,Assembly-G2-B3-ACPP-mBHI-3_S693,1078,2264296,Coalescence-D11-B3-ACPP-ACPP-mBHI-mGAM-3_S666,100059
74,Assembly-G11-D9-ACPP-mGAM-3_S702,7559,1476979,Coalescence-D11-B3-ACPP-ACPP-mBHI-mGAM-3_S666,100059
75,D_F10_e003Assembly_S358,11294,2229378,Coalescence-D11-B3-ACPP-ACPP-mBHI-mGAM-3_S666,100059
0,A_C9_C2_AA_AE_mBHI_mBHI_4_S33,21,1160951,Coalescence-A7-B3-ACPP-ACPP-mBHI-mGAM-7_S626,100059
1,A_E10_A3_ACPP_AA_mBHI_mGAM_4_S58,2,2331708,Coalescence-A7-B3-ACPP-ACPP-mBHI-mGAM-7_S626,100059
2,A_G2_C3_ACPP_AE_mBHI_mGAM_2_S74,15,2114140,Coalescence-A7-B3-ACPP-ACPP-mBHI-mGAM-7_S626,100059
3,A_G10_C3_ACPP_AE_mBHI_mGAM_4_S82,0,2328389,Coalescence-A7-B3-ACPP-ACPP-mBHI-mGAM-7_S626,100059
4,A_H10_D3_ACPP_AF_mBHI_mGAM_4_S94,0,2339199,Coalescence-A7-B3-ACPP-ACPP-mBHI-mGAM-7_S626,100059
5,B_E2_E3_ACPP_AA_mBHI_mGAM_2_S146,8,2315867,Coalescence-A7-B3-ACPP-ACPP-mBHI-mGAM-7_S626,100059
6,B_H2_H3_ACPP_AF_mBHI_mGAM_2_S182,0,2342589,Coalescence-A7-B3-ACPP-ACPP-mBHI-mGAM-7_S626,100059
7,C3-e003Coalescence-mGAM-p3,19,2330633,Coalescence-A7-B3-ACPP-ACPP-mBHI-mGAM-7_S626,100059
8,B4-e003Coalescence-mGAM-p5,15,2297529,Coalescence-A7-B3-ACPP-ACPP-mBHI-mGAM-7_S626,100059
9,B5-e003Coalescence-mGAM-p5,15,2230945,Coalescence-A7-B3-ACPP-ACPP-mBHI-mGAM-7_S626,100059
10,C3-e003Coalescence-mGAM-p5,21,2320793,Coalescence-A7-B3-ACPP-ACPP-mBHI-mGAM-7_S626,100059
11,B2-e003Coalescence-mGAM-p3,18,2302020,Coalescence-A7-B3-ACPP-ACPP-mBHI-mGAM-7_S626,100059
12,D3-e003Coalescence-mGAM-p3,15,2304101,Coalescence-A7-B3-ACPP-ACPP-mBHI-mGAM-7_S626,100059
13,D3-e003Coalescence-mGAM-p5,23,2345640,Coalescence-A7-B3-ACPP-ACPP-mBHI-mGAM-7_S626,100059
14,A3-e003Coalescence-mGAM-p7,124,2224531,Coalescence-A7-B3-ACPP-ACPP-mBHI-mGAM-7_S626,100059
15,C3-e003Coalescence-mGAM-p7,22,2337093,Coalescence-A7-B3-ACPP-ACPP-mBHI-mGAM-7_S626,100059
16,B3-e003Coalescence-mGAM-p5,21,2323948,Coalescence-A7-B3-ACPP-ACPP-mBHI-mGAM-7_S626,100059
17,B3-e003Coalescence-mBHI-p5,15,1072043,Coalescence-A7-B3-ACPP-ACPP-mBHI-mGAM-7_S626,100059
18,B5-e003Coalescence-mGAM-p3,9,2263665,Coalescence-A7-B3-ACPP-ACPP-mBHI-mGAM-7_S626,100059
19,F5-e003Coalescence-mGAM-p5_S64,2,2321521,Coalescence-A7-B3-ACPP-ACPP-mBHI-mGAM-7_S626,100059
20,F5-e003Coalescence-mGAM-p7_S160,7,1792027,Coalescence-A7-B3-ACPP-ACPP-mBHI-mGAM-7_S626,100059
21,E3-e003Coalescence-mGAM-p3_S58,3,2304171,Coalescence-A7-B3-ACPP-ACPP-mBHI-mGAM-7_S626,100059
22,F2-e003Coalescence-mGAM-p7_S157,17,2169270,Coalescence-A7-B3-ACPP-ACPP-mBHI-mGAM-7_S626,100059
23,H3-e003Coalescence-mGAM-p3_S94,5,2281366,Coalescence-A7-B3-ACPP-ACPP-mBHI-mGAM-7_S626,100059
24,E3-e003Coalescence-mGAM-p5_S50,0,2328032,Coalescence-A7-B3-ACPP-ACPP-mBHI-mGAM-7_S626,100059
25,F5-e003Coalescence-mGAM-p3_S72,8,1909764,Coalescence-A7-B3-ACPP-ACPP-mBHI-mGAM-7_S626,100059
26,F2-e003Coalescence-mGAM-p5_S61,1,2319879,Coalescence-A7-B3-ACPP-ACPP-mBHI-mGAM-7_S626,100059
27,F4-e003Coalescence-mGAM-p5_S63,0,2281603,Coalescence-A7-B3-ACPP-ACPP-mBHI-mGAM-7_S626,100059
28,E3-e003Coalescence-mGAM-p7_S146,1,2284526,Coalescence-A7-B3-ACPP-ACPP-mBHI-mGAM-7_S626,100059
29,F3-e003Coalescence-mGAM-p5_S62,0,2274734,Coalescence-A7-B3-ACPP-ACPP-mBHI-mGAM-7_S626,100059
30,G3-e003Coalescence-mGAM-p3_S82,0,2315865,Coalescence-A7-B3-ACPP-ACPP-mBHI-mGAM-7_S626,100059
31,F3-e003Coalescence-mGAM-p7_S158,21,1890761,Coalescence-A7-B3-ACPP-ACPP-mBHI-mGAM-7_S626,100059
32,F2-e003Coalescence-mGAM-p3_S69,123,2223230,Coalescence-A7-B3-ACPP-ACPP-mBHI-mGAM-7_S626,100059
33,G3-e003Coalescence-mGAM-p5_S74,0,2314417,Coalescence-A7-B3-ACPP-ACPP-mBHI-mGAM-7_S626,100059
34,F4-e003Coalescence-mGAM-p3_S71,0,2322136,Coalescence-A7-B3-ACPP-ACPP-mBHI-mGAM-7_S626,100059
35,F4-e003Coalescence-mGAM-p7_S159,0,2295820,Coalescence-A7-B3-ACPP-ACPP-mBHI-mGAM-7_S626,100059
36,H3-e003Coalescence-mGAM-p5_S86,13,2254569,Coalescence-A7-B3-ACPP-ACPP-mBHI-mGAM-7_S626,100059
37,D3-e003Coalescence-Inoculumn-mBHI,24,2396095,Coalescence-A7-B3-ACPP-ACPP-mBHI-mGAM-7_S626,100059
38,B5-e003Coalescence-Inoculumn-mBHI,17,2350303,Coalescence-A7-B3-ACPP-ACPP-mBHI-mGAM-7_S626,100059
39,A3-e003Coalescence-mBHI-inoculumn-redo,16,1788568,Coalescence-A7-B3-ACPP-ACPP-mBHI-mGAM-7_S626,100059
40,B3-e003Coalescence-Inoculumn-mBHI,22,2381229,Coalescence-A7-B3-ACPP-ACPP-mBHI-mGAM-7_S626,100059
41,B2-e003Coalescence-Inoculumn-mBHI,26,2353136,Coalescence-A7-B3-ACPP-ACPP-mBHI-mGAM-7_S626,100059
42,C3-e003Coalescence-mBHI-inoculumn-redo,20,2362051,Coalescence-A7-B3-ACPP-ACPP-mBHI-mGAM-7_S626,100059
43,B4-e003Coalescence-Inoculumn-mBHI,29,2359806,Coalescence-A7-B3-ACPP-ACPP-mBHI-mGAM-7_S626,100059
44,B3-e003Coalescence-mGAM-p1_S729,1,2342364,Coalescence-A7-B3-ACPP-ACPP-mBHI-mGAM-7_S626,100059
45,B5-e003Coalescence-mGAM-p1_S745,65,1357308,Coalescence-A7-B3-ACPP-ACPP-mBHI-mGAM-7_S626,100059
46,D3-e003Coalescence-mGAM-p1_S731,20,2257246,Coalescence-A7-B3-ACPP-ACPP-mBHI-mGAM-7_S626,100059
47,G3-e003Coalescence-mBHI-p1_S790,3,1758065,Coalescence-A7-B3-ACPP-ACPP-mBHI-mGAM-7_S626,100059
48,A3-e003Coalescence-mGAM-p1_S728,47,1780223,Coalescence-A7-B3-ACPP-ACPP-mBHI-mGAM-7_S626,100059
49,B3-e003Coalescence-mBHI-p1_S725,0,2066919,Coalescence-A7-B3-ACPP-ACPP-mBHI-mGAM-7_S626,100059
50,C3-e003Coalescence-mGAM-p1_S730,45,1716039,Coalescence-A7-B3-ACPP-ACPP-mBHI-mGAM-7_S626,100059
51,F3-e003Coalescence-mBHI-p1_S789,2,1571983,Coalescence-A7-B3-ACPP-ACPP-mBHI-mGAM-7_S626,100059
52,B4-e003Coalescence-mBHI-p1_S733,20,1656166,Coalescence-A7-B3-ACPP-ACPP-mBHI-mGAM-7_S626,100059
53,F2-e003Coalescence-mGAM-p1_S785,23,2169203,Coalescence-A7-B3-ACPP-ACPP-mBHI-mGAM-7_S626,100059
54,F5-e003Coalescence-mGAM-p1_S809,19,2299166,Coalescence-A7-B3-ACPP-ACPP-mBHI-mGAM-7_S626,100059
55,G3-e003Coalescence-mGAM-p1_S794,55,1549647,Coalescence-A7-B3-ACPP-ACPP-mBHI-mGAM-7_S626,100059
56,C3-e003Coalescence-mBHI-p1_S726,13,1814974,Coalescence-A7-B3-ACPP-ACPP-mBHI-mGAM-7_S626,100059
57,F4-e003Coalescence-mGAM-p1_S801,48,2082505,Coalescence-A7-B3-ACPP-ACPP-mBHI-mGAM-7_S626,100059
58,B4-e003Coalescence-mGAM-p1_S737,1,2329051,Coalescence-A7-B3-ACPP-ACPP-mBHI-mGAM-7_S626,100059
59,E3-e003Coalescence-mGAM-p1_S792,47,1419028,Coalescence-A7-B3-ACPP-ACPP-mBHI-mGAM-7_S626,100059
60,F3-e003Coalescence-mGAM-p1_S793,4,2347771,Coalescence-A7-B3-ACPP-ACPP-mBHI-mGAM-7_S626,100059
61,Coalescence-D1-B2-AA-ACPP-mBHI-mGAM-5_S656,0,2325618,Coalescence-A7-B3-ACPP-ACPP-mBHI-mGAM-7_S626,100059
62,Coalescence-B4-D3-ACPP-AF-mBHI-mGAM-7_S635,2,2332904,Coalescence-A7-B3-ACPP-ACPP-mBHI-mGAM-7_S626,100059
63,Coalescence-A6-B2-AA-ACPP-mBHI-mGAM-7_S625,0,2325429,Coalescence-A7-B3-ACPP-ACPP-mBHI-mGAM-7_S626,100059
64,Coalescence-D12-B4-ACPP-AE-mBHI-mGAM-3_S667,0,2332403,Coalescence-A7-B3-ACPP-ACPP-mBHI-mGAM-7_S626,100059
65,Coalescence-D7-A3-AA-ACPP-mBHI-mGAM-3_S662,2,2330889,Coalescence-A7-B3-ACPP-ACPP-mBHI-mGAM-7_S626,100059
66,Coalescence-B9-G3-ACPP-AE-mBHI-mGAM-7_S640,0,2299288,Coalescence-A7-B3-ACPP-ACPP-mBHI-mGAM-7_S626,100059
67,Coalescence-D11-B3-ACPP-ACPP-mBHI-mGAM-3_S666,0,2336011,Coalescence-A7-B3-ACPP-ACPP-mBHI-mGAM-7_S626,100059
68,Coalescence-A7-B3-ACPP-ACPP-mBHI-mGAM-7_S626,0,2331105,Coalescence-A7-B3-ACPP-ACPP-mBHI-mGAM-7_S626,100059
69,Coalescence-C5-A3-AA-ACPP-mBHI-mGAM-5_S648,3,2341229,Coalescence-A7-B3-ACPP-ACPP-mBHI-mGAM-7_S626,100059
70,B3-e003Assembly-mBHI-p5,126,1671938,Coalescence-A7-B3-ACPP-ACPP-mBHI-mGAM-7_S626,100059
71,C10-e003GlycerolRevival-mGAM-p2,9561,1999791,Coalescence-A7-B3-ACPP-ACPP-mBHI-mGAM-7_S626,100059
72,Assembly-G9-C9-ACPP-mGAM-3_S700,7921,1714545,Coalescence-A7-B3-ACPP-ACPP-mBHI-mGAM-7_S626,100059
73,Assembly-G2-B3-ACPP-mBHI-3_S693,939,2264296,Coalescence-A7-B3-ACPP-ACPP-mBHI-mGAM-7_S626,100059
74,Assembly-G11-D9-ACPP-mGAM-3_S702,6726,1476979,Coalescence-A7-B3-ACPP-ACPP-mBHI-mGAM-7_S626,100059
75,D_F10_e003Assembly_S358,9979,2229378,Coalescence-A7-B3-ACPP-ACPP-mBHI-mGAM-7_S626,100059
0,A_C9_C2_AA_AE_mBHI_mBHI_4_S33,20,1160951,Coalescence-C5-A3-AA-ACPP-mBHI-mGAM-5_S648,100059
1,A_E10_A3_ACPP_AA_mBHI_mGAM_4_S58,0,2331708,Coalescence-C5-A3-AA-ACPP-mBHI-mGAM-5_S648,100059
2,A_G2_C3_ACPP_AE_mBHI_mGAM_2_S74,17,2114140,Coalescence-C5-A3-AA-ACPP-mBHI-mGAM-5_S648,100059
3,A_G10_C3_ACPP_AE_mBHI_mGAM_4_S82,0,2328389,Coalescence-C5-A3-AA-ACPP-mBHI-mGAM-5_S648,100059
4,A_H10_D3_ACPP_AF_mBHI_mGAM_4_S94,2,2339199,Coalescence-C5-A3-AA-ACPP-mBHI-mGAM-5_S648,100059
5,B_E2_E3_ACPP_AA_mBHI_mGAM_2_S146,6,2315867,Coalescence-C5-A3-AA-ACPP-mBHI-mGAM-5_S648,100059
6,B_H2_H3_ACPP_AF_mBHI_mGAM_2_S182,4,2342589,Coalescence-C5-A3-AA-ACPP-mBHI-mGAM-5_S648,100059
7,C3-e003Coalescence-mGAM-p3,21,2330633,Coalescence-C5-A3-AA-ACPP-mBHI-mGAM-5_S648,100059
8,B4-e003Coalescence-mGAM-p5,21,2297529,Coalescence-C5-A3-AA-ACPP-mBHI-mGAM-5_S648,100059
9,B5-e003Coalescence-mGAM-p5,19,2230945,Coalescence-C5-A3-AA-ACPP-mBHI-mGAM-5_S648,100059
10,C3-e003Coalescence-mGAM-p5,24,2320793,Coalescence-C5-A3-AA-ACPP-mBHI-mGAM-5_S648,100059
11,B2-e003Coalescence-mGAM-p3,15,2302020,Coalescence-C5-A3-AA-ACPP-mBHI-mGAM-5_S648,100059
12,D3-e003Coalescence-mGAM-p3,21,2304101,Coalescence-C5-A3-AA-ACPP-mBHI-mGAM-5_S648,100059
13,D3-e003Coalescence-mGAM-p5,27,2345640,Coalescence-C5-A3-AA-ACPP-mBHI-mGAM-5_S648,100059
14,A3-e003Coalescence-mGAM-p7,132,2224531,Coalescence-C5-A3-AA-ACPP-mBHI-mGAM-5_S648,100059
15,C3-e003Coalescence-mGAM-p7,26,2337093,Coalescence-C5-A3-AA-ACPP-mBHI-mGAM-5_S648,100059
16,B3-e003Coalescence-mGAM-p5,28,2323948,Coalescence-C5-A3-AA-ACPP-mBHI-mGAM-5_S648,100059
17,B3-e003Coalescence-mBHI-p5,15,1072043,Coalescence-C5-A3-AA-ACPP-mBHI-mGAM-5_S648,100059
18,B5-e003Coalescence-mGAM-p3,15,2263665,Coalescence-C5-A3-AA-ACPP-mBHI-mGAM-5_S648,100059
19,F5-e003Coalescence-mGAM-p5_S64,0,2321521,Coalescence-C5-A3-AA-ACPP-mBHI-mGAM-5_S648,100059
20,F5-e003Coalescence-mGAM-p7_S160,13,1792027,Coalescence-C5-A3-AA-ACPP-mBHI-mGAM-5_S648,100059
21,E3-e003Coalescence-mGAM-p3_S58,0,2304171,Coalescence-C5-A3-AA-ACPP-mBHI-mGAM-5_S648,100059
22,F2-e003Coalescence-mGAM-p7_S157,19,2169270,Coalescence-C5-A3-AA-ACPP-mBHI-mGAM-5_S648,100059
23,H3-e003Coalescence-mGAM-p3_S94,6,2281366,Coalescence-C5-A3-AA-ACPP-mBHI-mGAM-5_S648,100059
24,E3-e003Coalescence-mGAM-p5_S50,0,2328032,Coalescence-C5-A3-AA-ACPP-mBHI-mGAM-5_S648,100059
25,F5-e003Coalescence-mGAM-p3_S72,11,1909764,Coalescence-C5-A3-AA-ACPP-mBHI-mGAM-5_S648,100059
26,F2-e003Coalescence-mGAM-p5_S61,0,2319879,Coalescence-C5-A3-AA-ACPP-mBHI-mGAM-5_S648,100059
27,F4-e003Coalescence-mGAM-p5_S63,0,2281603,Coalescence-C5-A3-AA-ACPP-mBHI-mGAM-5_S648,100059
28,E3-e003Coalescence-mGAM-p7_S146,6,2284526,Coalescence-C5-A3-AA-ACPP-mBHI-mGAM-5_S648,100059
29,F3-e003Coalescence-mGAM-p5_S62,3,2274734,Coalescence-C5-A3-AA-ACPP-mBHI-mGAM-5_S648,100059
30,G3-e003Coalescence-mGAM-p3_S82,0,2315865,Coalescence-C5-A3-AA-ACPP-mBHI-mGAM-5_S648,100059
31,F3-e003Coalescence-mGAM-p7_S158,23,1890761,Coalescence-C5-A3-AA-ACPP-mBHI-mGAM-5_S648,100059
32,F2-e003Coalescence-mGAM-p3_S69,124,2223230,Coalescence-C5-A3-AA-ACPP-mBHI-mGAM-5_S648,100059
33,G3-e003Coalescence-mGAM-p5_S74,1,2314417,Coalescence-C5-A3-AA-ACPP-mBHI-mGAM-5_S648,100059
34,F4-e003Coalescence-mGAM-p3_S71,0,2322136,Coalescence-C5-A3-AA-ACPP-mBHI-mGAM-5_S648,100059
35,F4-e003Coalescence-mGAM-p7_S159,0,2295820,Coalescence-C5-A3-AA-ACPP-mBHI-mGAM-5_S648,100059
36,H3-e003Coalescence-mGAM-p5_S86,11,2254569,Coalescence-C5-A3-AA-ACPP-mBHI-mGAM-5_S648,100059
37,D3-e003Coalescence-Inoculumn-mBHI,31,2396095,Coalescence-C5-A3-AA-ACPP-mBHI-mGAM-5_S648,100059
38,B5-e003Coalescence-Inoculumn-mBHI,23,2350303,Coalescence-C5-A3-AA-ACPP-mBHI-mGAM-5_S648,100059
39,A3-e003Coalescence-mBHI-inoculumn-redo,22,1788568,Coalescence-C5-A3-AA-ACPP-mBHI-mGAM-5_S648,100059
40,B3-e003Coalescence-Inoculumn-mBHI,27,2381229,Coalescence-C5-A3-AA-ACPP-mBHI-mGAM-5_S648,100059
41,B2-e003Coalescence-Inoculumn-mBHI,35,2353136,Coalescence-C5-A3-AA-ACPP-mBHI-mGAM-5_S648,100059
42,C3-e003Coalescence-mBHI-inoculumn-redo,27,2362051,Coalescence-C5-A3-AA-ACPP-mBHI-mGAM-5_S648,100059
43,B4-e003Coalescence-Inoculumn-mBHI,32,2359806,Coalescence-C5-A3-AA-ACPP-mBHI-mGAM-5_S648,100059
44,B3-e003Coalescence-mGAM-p1_S729,10,2342364,Coalescence-C5-A3-AA-ACPP-mBHI-mGAM-5_S648,100059
45,B5-e003Coalescence-mGAM-p1_S745,82,1357308,Coalescence-C5-A3-AA-ACPP-mBHI-mGAM-5_S648,100059
46,D3-e003Coalescence-mGAM-p1_S731,46,2257246,Coalescence-C5-A3-AA-ACPP-mBHI-mGAM-5_S648,100059
47,G3-e003Coalescence-mBHI-p1_S790,9,1758065,Coalescence-C5-A3-AA-ACPP-mBHI-mGAM-5_S648,100059
48,A3-e003Coalescence-mGAM-p1_S728,63,1780223,Coalescence-C5-A3-AA-ACPP-mBHI-mGAM-5_S648,100059
49,B3-e003Coalescence-mBHI-p1_S725,11,2066919,Coalescence-C5-A3-AA-ACPP-mBHI-mGAM-5_S648,100059
50,C3-e003Coalescence-mGAM-p1_S730,51,1716039,Coalescence-C5-A3-AA-ACPP-mBHI-mGAM-5_S648,100059
51,F3-e003Coalescence-mBHI-p1_S789,8,1571983,Coalescence-C5-A3-AA-ACPP-mBHI-mGAM-5_S648,100059
52,B4-e003Coalescence-mBHI-p1_S733,17,1656166,Coalescence-C5-A3-AA-ACPP-mBHI-mGAM-5_S648,100059
53,F2-e003Coalescence-mGAM-p1_S785,31,2169203,Coalescence-C5-A3-AA-ACPP-mBHI-mGAM-5_S648,100059
54,F5-e003Coalescence-mGAM-p1_S809,29,2299166,Coalescence-C5-A3-AA-ACPP-mBHI-mGAM-5_S648,100059
55,G3-e003Coalescence-mGAM-p1_S794,60,1549647,Coalescence-C5-A3-AA-ACPP-mBHI-mGAM-5_S648,100059
56,C3-e003Coalescence-mBHI-p1_S726,17,1814974,Coalescence-C5-A3-AA-ACPP-mBHI-mGAM-5_S648,100059
57,F4-e003Coalescence-mGAM-p1_S801,49,2082505,Coalescence-C5-A3-AA-ACPP-mBHI-mGAM-5_S648,100059
58,B4-e003Coalescence-mGAM-p1_S737,7,2329051,Coalescence-C5-A3-AA-ACPP-mBHI-mGAM-5_S648,100059
59,E3-e003Coalescence-mGAM-p1_S792,47,1419028,Coalescence-C5-A3-AA-ACPP-mBHI-mGAM-5_S648,100059
60,F3-e003Coalescence-mGAM-p1_S793,13,2347771,Coalescence-C5-A3-AA-ACPP-mBHI-mGAM-5_S648,100059
61,Coalescence-D1-B2-AA-ACPP-mBHI-mGAM-5_S656,0,2325618,Coalescence-C5-A3-AA-ACPP-mBHI-mGAM-5_S648,100059
62,Coalescence-B4-D3-ACPP-AF-mBHI-mGAM-7_S635,4,2332904,Coalescence-C5-A3-AA-ACPP-mBHI-mGAM-5_S648,100059
63,Coalescence-A6-B2-AA-ACPP-mBHI-mGAM-7_S625,2,2325429,Coalescence-C5-A3-AA-ACPP-mBHI-mGAM-5_S648,100059
64,Coalescence-D12-B4-ACPP-AE-mBHI-mGAM-3_S667,2,2332403,Coalescence-C5-A3-AA-ACPP-mBHI-mGAM-5_S648,100059
65,Coalescence-D7-A3-AA-ACPP-mBHI-mGAM-3_S662,0,2330889,Coalescence-C5-A3-AA-ACPP-mBHI-mGAM-5_S648,100059
66,Coalescence-B9-G3-ACPP-AE-mBHI-mGAM-7_S640,2,2299288,Coalescence-C5-A3-AA-ACPP-mBHI-mGAM-5_S648,100059
67,Coalescence-D11-B3-ACPP-ACPP-mBHI-mGAM-3_S666,1,2336011,Coalescence-C5-A3-AA-ACPP-mBHI-mGAM-5_S648,100059
68,Coalescence-A7-B3-ACPP-ACPP-mBHI-mGAM-7_S626,3,2331105,Coalescence-C5-A3-AA-ACPP-mBHI-mGAM-5_S648,100059
69,Coalescence-C5-A3-AA-ACPP-mBHI-mGAM-5_S648,0,2341229,Coalescence-C5-A3-AA-ACPP-mBHI-mGAM-5_S648,100059
70,B3-e003Assembly-mBHI-p5,148,1671938,Coalescence-C5-A3-AA-ACPP-mBHI-mGAM-5_S648,100059
71,C10-e003GlycerolRevival-mGAM-p2,10585,1999791,Coalescence-C5-A3-AA-ACPP-mBHI-mGAM-5_S648,100059
72,Assembly-G9-C9-ACPP-mGAM-3_S700,8749,1714545,Coalescence-C5-A3-AA-ACPP-mBHI-mGAM-5_S648,100059
73,Assembly-G2-B3-ACPP-mBHI-3_S693,1070,2264296,Coalescence-C5-A3-AA-ACPP-mBHI-mGAM-5_S648,100059
74,Assembly-G11-D9-ACPP-mGAM-3_S702,7437,1476979,Coalescence-C5-A3-AA-ACPP-mBHI-mGAM-5_S648,100059
75,D_F10_e003Assembly_S358,11105,2229378,Coalescence-C5-A3-AA-ACPP-mBHI-mGAM-5_S648,100059
0,A_C9_C2_AA_AE_mBHI_mBHI_4_S33,68,1160951,B3-e003Assembly-mBHI-p5,100059
1,A_E10_A3_ACPP_AA_mBHI_mGAM_4_S58,117,2331708,B3-e003Assembly-mBHI-p5,100059
2,A_G2_C3_ACPP_AE_mBHI_mGAM_2_S74,73,2114140,B3-e003Assembly-mBHI-p5,100059
3,A_G10_C3_ACPP_AE_mBHI_mGAM_4_S82,151,2328389,B3-e003Assembly-mBHI-p5,100059
4,A_H10_D3_ACPP_AF_mBHI_mGAM_4_S94,121,2339199,B3-e003Assembly-mBHI-p5,100059
5,B_E2_E3_ACPP_AA_mBHI_mGAM_2_S146,47,2315867,B3-e003Assembly-mBHI-p5,100059
6,B_H2_H3_ACPP_AF_mBHI_mGAM_2_S182,140,2342589,B3-e003Assembly-mBHI-p5,100059
7,C3-e003Coalescence-mGAM-p3,141,2330633,B3-e003Assembly-mBHI-p5,100059
8,B4-e003Coalescence-mGAM-p5,114,2297529,B3-e003Assembly-mBHI-p5,100059
9,B5-e003Coalescence-mGAM-p5,140,2230945,B3-e003Assembly-mBHI-p5,100059
10,C3-e003Coalescence-mGAM-p5,134,2320793,B3-e003Assembly-mBHI-p5,100059
11,B2-e003Coalescence-mGAM-p3,87,2302020,B3-e003Assembly-mBHI-p5,100059
12,D3-e003Coalescence-mGAM-p3,101,2304101,B3-e003Assembly-mBHI-p5,100059
13,D3-e003Coalescence-mGAM-p5,144,2345640,B3-e003Assembly-mBHI-p5,100059
14,A3-e003Coalescence-mGAM-p7,70,2224531,B3-e003Assembly-mBHI-p5,100059
15,C3-e003Coalescence-mGAM-p7,140,2337093,B3-e003Assembly-mBHI-p5,100059
16,B3-e003Coalescence-mGAM-p5,130,2323948,B3-e003Assembly-mBHI-p5,100059
17,B3-e003Coalescence-mBHI-p5,72,1072043,B3-e003Assembly-mBHI-p5,100059
18,B5-e003Coalescence-mGAM-p3,111,2263665,B3-e003Assembly-mBHI-p5,100059
19,F5-e003Coalescence-mGAM-p5_S64,148,2321521,B3-e003Assembly-mBHI-p5,100059
20,F5-e003Coalescence-mGAM-p7_S160,89,1792027,B3-e003Assembly-mBHI-p5,100059
21,E3-e003Coalescence-mGAM-p3_S58,92,2304171,B3-e003Assembly-mBHI-p5,100059
22,F2-e003Coalescence-mGAM-p7_S157,111,2169270,B3-e003Assembly-mBHI-p5,100059
23,H3-e003Coalescence-mGAM-p3_S94,109,2281366,B3-e003Assembly-mBHI-p5,100059
24,E3-e003Coalescence-mGAM-p5_S50,132,2328032,B3-e003Assembly-mBHI-p5,100059
25,F5-e003Coalescence-mGAM-p3_S72,82,1909764,B3-e003Assembly-mBHI-p5,100059
26,F2-e003Coalescence-mGAM-p5_S61,125,2319879,B3-e003Assembly-mBHI-p5,100059
27,F4-e003Coalescence-mGAM-p5_S63,130,2281603,B3-e003Assembly-mBHI-p5,100059
28,E3-e003Coalescence-mGAM-p7_S146,57,2284526,B3-e003Assembly-mBHI-p5,100059
29,F3-e003Coalescence-mGAM-p5_S62,130,2274734,B3-e003Assembly-mBHI-p5,100059
30,G3-e003Coalescence-mGAM-p3_S82,129,2315865,B3-e003Assembly-mBHI-p5,100059
31,F3-e003Coalescence-mGAM-p7_S158,91,1890761,B3-e003Assembly-mBHI-p5,100059
32,F2-e003Coalescence-mGAM-p3_S69,82,2223230,B3-e003Assembly-mBHI-p5,100059
33,G3-e003Coalescence-mGAM-p5_S74,101,2314417,B3-e003Assembly-mBHI-p5,100059
34,F4-e003Coalescence-mGAM-p3_S71,127,2322136,B3-e003Assembly-mBHI-p5,100059
35,F4-e003Coalescence-mGAM-p7_S159,125,2295820,B3-e003Assembly-mBHI-p5,100059
36,H3-e003Coalescence-mGAM-p5_S86,103,2254569,B3-e003Assembly-mBHI-p5,100059
37,D3-e003Coalescence-Inoculumn-mBHI,151,2396095,B3-e003Assembly-mBHI-p5,100059
38,B5-e003Coalescence-Inoculumn-mBHI,144,2350303,B3-e003Assembly-mBHI-p5,100059
39,A3-e003Coalescence-mBHI-inoculumn-redo,133,1788568,B3-e003Assembly-mBHI-p5,100059
40,B3-e003Coalescence-Inoculumn-mBHI,150,2381229,B3-e003Assembly-mBHI-p5,100059
41,B2-e003Coalescence-Inoculumn-mBHI,182,2353136,B3-e003Assembly-mBHI-p5,100059
42,C3-e003Coalescence-mBHI-inoculumn-redo,181,2362051,B3-e003Assembly-mBHI-p5,100059
43,B4-e003Coalescence-Inoculumn-mBHI,231,2359806,B3-e003Assembly-mBHI-p5,100059
44,B3-e003Coalescence-mGAM-p1_S729,89,2342364,B3-e003Assembly-mBHI-p5,100059
45,B5-e003Coalescence-mGAM-p1_S745,53,1357308,B3-e003Assembly-mBHI-p5,100059
46,D3-e003Coalescence-mGAM-p1_S731,72,2257246,B3-e003Assembly-mBHI-p5,100059
47,G3-e003Coalescence-mBHI-p1_S790,118,1758065,B3-e003Assembly-mBHI-p5,100059
48,A3-e003Coalescence-mGAM-p1_S728,183,1780223,B3-e003Assembly-mBHI-p5,100059
49,B3-e003Coalescence-mBHI-p1_S725,136,2066919,B3-e003Assembly-mBHI-p5,100059
50,C3-e003Coalescence-mGAM-p1_S730,68,1716039,B3-e003Assembly-mBHI-p5,100059
51,F3-e003Coalescence-mBHI-p1_S789,88,1571983,B3-e003Assembly-mBHI-p5,100059
52,B4-e003Coalescence-mBHI-p1_S733,124,1656166,B3-e003Assembly-mBHI-p5,100059
53,F2-e003Coalescence-mGAM-p1_S785,232,2169203,B3-e003Assembly-mBHI-p5,100059
54,F5-e003Coalescence-mGAM-p1_S809,65,2299166,B3-e003Assembly-mBHI-p5,100059
55,G3-e003Coalescence-mGAM-p1_S794,72,1549647,B3-e003Assembly-mBHI-p5,100059
56,C3-e003Coalescence-mBHI-p1_S726,117,1814974,B3-e003Assembly-mBHI-p5,100059
57,F4-e003Coalescence-mGAM-p1_S801,74,2082505,B3-e003Assembly-mBHI-p5,100059
58,B4-e003Coalescence-mGAM-p1_S737,48,2329051,B3-e003Assembly-mBHI-p5,100059
59,E3-e003Coalescence-mGAM-p1_S792,205,1419028,B3-e003Assembly-mBHI-p5,100059
60,F3-e003Coalescence-mGAM-p1_S793,77,2347771,B3-e003Assembly-mBHI-p5,100059
61,Coalescence-D1-B2-AA-ACPP-mBHI-mGAM-5_S656,136,2325618,B3-e003Assembly-mBHI-p5,100059
62,Coalescence-B4-D3-ACPP-AF-mBHI-mGAM-7_S635,62,2332904,B3-e003Assembly-mBHI-p5,100059
63,Coalescence-A6-B2-AA-ACPP-mBHI-mGAM-7_S625,72,2325429,B3-e003Assembly-mBHI-p5,100059
64,Coalescence-D12-B4-ACPP-AE-mBHI-mGAM-3_S667,147,2332403,B3-e003Assembly-mBHI-p5,100059
65,Coalescence-D7-A3-AA-ACPP-mBHI-mGAM-3_S662,43,2330889,B3-e003Assembly-mBHI-p5,100059
66,Coalescence-B9-G3-ACPP-AE-mBHI-mGAM-7_S640,138,2299288,B3-e003Assembly-mBHI-p5,100059
67,Coalescence-D11-B3-ACPP-ACPP-mBHI-mGAM-3_S666,147,2336011,B3-e003Assembly-mBHI-p5,100059
68,Coalescence-A7-B3-ACPP-ACPP-mBHI-mGAM-7_S626,126,2331105,B3-e003Assembly-mBHI-p5,100059
69,Coalescence-C5-A3-AA-ACPP-mBHI-mGAM-5_S648,148,2341229,B3-e003Assembly-mBHI-p5,100059
70,B3-e003Assembly-mBHI-p5,0,1671938,B3-e003Assembly-mBHI-p5,100059
71,C10-e003GlycerolRevival-mGAM-p2,2614,1999791,B3-e003Assembly-mBHI-p5,100059
72,Assembly-G9-C9-ACPP-mGAM-3_S700,2238,1714545,B3-e003Assembly-mBHI-p5,100059
73,Assembly-G2-B3-ACPP-mBHI-3_S693,262,2264296,B3-e003Assembly-mBHI-p5,100059
74,Assembly-G11-D9-ACPP-mGAM-3_S702,1792,1476979,B3-e003Assembly-mBHI-p5,100059
75,D_F10_e003Assembly_S358,2695,2229378,B3-e003Assembly-mBHI-p5,100059
0,A_C9_C2_AA_AE_mBHI_mBHI_4_S33,3702,1160951,C10-e003GlycerolRevival-mGAM-p2,100059
1,A_E10_A3_ACPP_AA_mBHI_mGAM_4_S58,8741,2331708,C10-e003GlycerolRevival-mGAM-p2,100059
2,A_G2_C3_ACPP_AE_mBHI_mGAM_2_S74,5421,2114140,C10-e003GlycerolRevival-mGAM-p2,100059
3,A_G10_C3_ACPP_AE_mBHI_mGAM_4_S82,10773,2328389,C10-e003GlycerolRevival-mGAM-p2,100059
4,A_H10_D3_ACPP_AF_mBHI_mGAM_4_S94,8812,2339199,C10-e003GlycerolRevival-mGAM-p2,100059
5,B_E2_E3_ACPP_AA_mBHI_mGAM_2_S146,1672,2315867,C10-e003GlycerolRevival-mGAM-p2,100059
6,B_H2_H3_ACPP_AF_mBHI_mGAM_2_S182,10006,2342589,C10-e003GlycerolRevival-mGAM-p2,100059
7,C3-e003Coalescence-mGAM-p3,10074,2330633,C10-e003GlycerolRevival-mGAM-p2,100059
8,B4-e003Coalescence-mGAM-p5,7884,2297529,C10-e003GlycerolRevival-mGAM-p2,100059
9,B5-e003Coalescence-mGAM-p5,9609,2230945,C10-e003GlycerolRevival-mGAM-p2,100059
10,C3-e003Coalescence-mGAM-p5,9746,2320793,C10-e003GlycerolRevival-mGAM-p2,100059
11,B2-e003Coalescence-mGAM-p3,6686,2302020,C10-e003GlycerolRevival-mGAM-p2,100059
12,D3-e003Coalescence-mGAM-p3,7944,2304101,C10-e003GlycerolRevival-mGAM-p2,100059
13,D3-e003Coalescence-mGAM-p5,10707,2345640,C10-e003GlycerolRevival-mGAM-p2,100059
14,A3-e003Coalescence-mGAM-p7,2347,2224531,C10-e003GlycerolRevival-mGAM-p2,100059
15,C3-e003Coalescence-mGAM-p7,10562,2337093,C10-e003GlycerolRevival-mGAM-p2,100059
16,B3-e003Coalescence-mGAM-p5,9770,2323948,C10-e003GlycerolRevival-mGAM-p2,100059
17,B3-e003Coalescence-mBHI-p5,4638,1072043,C10-e003GlycerolRevival-mGAM-p2,100059
18,B5-e003Coalescence-mGAM-p3,7890,2263665,C10-e003GlycerolRevival-mGAM-p2,100059
19,F5-e003Coalescence-mGAM-p5_S64,10763,2321521,C10-e003GlycerolRevival-mGAM-p2,100059
20,F5-e003Coalescence-mGAM-p7_S160,6241,1792027,C10-e003GlycerolRevival-mGAM-p2,100059
21,E3-e003Coalescence-mGAM-p3_S58,7593,2304171,C10-e003GlycerolRevival-mGAM-p2,100059
22,F2-e003Coalescence-mGAM-p7_S157,5893,2169270,C10-e003GlycerolRevival-mGAM-p2,100059
23,H3-e003Coalescence-mGAM-p3_S94,8067,2281366,C10-e003GlycerolRevival-mGAM-p2,100059
24,E3-e003Coalescence-mGAM-p5_S50,9566,2328032,C10-e003GlycerolRevival-mGAM-p2,100059
25,F5-e003Coalescence-mGAM-p3_S72,5870,1909764,C10-e003GlycerolRevival-mGAM-p2,100059
26,F2-e003Coalescence-mGAM-p5_S61,9326,2319879,C10-e003GlycerolRevival-mGAM-p2,100059
27,F4-e003Coalescence-mGAM-p5_S63,8836,2281603,C10-e003GlycerolRevival-mGAM-p2,100059
28,E3-e003Coalescence-mGAM-p7_S146,2895,2284526,C10-e003GlycerolRevival-mGAM-p2,100059
29,F3-e003Coalescence-mGAM-p5_S62,9207,2274734,C10-e003GlycerolRevival-mGAM-p2,100059
30,G3-e003Coalescence-mGAM-p3_S82,10160,2315865,C10-e003GlycerolRevival-mGAM-p2,100059
31,F3-e003Coalescence-mGAM-p7_S158,5836,1890761,C10-e003GlycerolRevival-mGAM-p2,100059
32,F2-e003Coalescence-mGAM-p3_S69,2027,2223230,C10-e003GlycerolRevival-mGAM-p2,100059
33,G3-e003Coalescence-mGAM-p5_S74,7942,2314417,C10-e003GlycerolRevival-mGAM-p2,100059
34,F4-e003Coalescence-mGAM-p3_S71,9399,2322136,C10-e003GlycerolRevival-mGAM-p2,100059
35,F4-e003Coalescence-mGAM-p7_S159,8409,2295820,C10-e003GlycerolRevival-mGAM-p2,100059
36,H3-e003Coalescence-mGAM-p5_S86,6524,2254569,C10-e003GlycerolRevival-mGAM-p2,100059
37,D3-e003Coalescence-Inoculumn-mBHI,10987,2396095,C10-e003GlycerolRevival-mGAM-p2,100059
38,B5-e003Coalescence-Inoculumn-mBHI,10750,2350303,C10-e003GlycerolRevival-mGAM-p2,100059
39,A3-e003Coalescence-mBHI-inoculumn-redo,7920,1788568,C10-e003GlycerolRevival-mGAM-p2,100059
40,B3-e003Coalescence-Inoculumn-mBHI,10913,2381229,C10-e003GlycerolRevival-mGAM-p2,100059
41,B2-e003Coalescence-Inoculumn-mBHI,10693,2353136,C10-e003GlycerolRevival-mGAM-p2,100059
42,C3-e003Coalescence-mBHI-inoculumn-redo,10950,2362051,C10-e003GlycerolRevival-mGAM-p2,100059
43,B4-e003Coalescence-Inoculumn-mBHI,10939,2359806,C10-e003GlycerolRevival-mGAM-p2,100059
44,B3-e003Coalescence-mGAM-p1_S729,5376,2342364,C10-e003GlycerolRevival-mGAM-p2,100059
45,B5-e003Coalescence-mGAM-p1_S745,2516,1357308,C10-e003GlycerolRevival-mGAM-p2,100059
46,D3-e003Coalescence-mGAM-p1_S731,3813,2257246,C10-e003GlycerolRevival-mGAM-p2,100059
47,G3-e003Coalescence-mBHI-p1_S790,7693,1758065,C10-e003GlycerolRevival-mGAM-p2,100059
48,A3-e003Coalescence-mGAM-p1_S728,4162,1780223,C10-e003GlycerolRevival-mGAM-p2,100059
49,B3-e003Coalescence-mBHI-p1_S725,8961,2066919,C10-e003GlycerolRevival-mGAM-p2,100059
50,C3-e003Coalescence-mGAM-p1_S730,3123,1716039,C10-e003GlycerolRevival-mGAM-p2,100059
51,F3-e003Coalescence-mBHI-p1_S789,6624,1571983,C10-e003GlycerolRevival-mGAM-p2,100059
52,B4-e003Coalescence-mBHI-p1_S733,7128,1656166,C10-e003GlycerolRevival-mGAM-p2,100059
53,F2-e003Coalescence-mGAM-p1_S785,5062,2169203,C10-e003GlycerolRevival-mGAM-p2,100059
54,F5-e003Coalescence-mGAM-p1_S809,4150,2299166,C10-e003GlycerolRevival-mGAM-p2,100059
55,G3-e003Coalescence-mGAM-p1_S794,3500,1549647,C10-e003GlycerolRevival-mGAM-p2,100059
56,C3-e003Coalescence-mBHI-p1_S726,7987,1814974,C10-e003GlycerolRevival-mGAM-p2,100059
57,F4-e003Coalescence-mGAM-p1_S801,4084,2082505,C10-e003GlycerolRevival-mGAM-p2,100059
58,B4-e003Coalescence-mGAM-p1_S737,3619,2329051,C10-e003GlycerolRevival-mGAM-p2,100059
59,E3-e003Coalescence-mGAM-p1_S792,3200,1419028,C10-e003GlycerolRevival-mGAM-p2,100059
60,F3-e003Coalescence-mGAM-p1_S793,5488,2347771,C10-e003GlycerolRevival-mGAM-p2,100059
61,Coalescence-D1-B2-AA-ACPP-mBHI-mGAM-5_S656,9892,2325618,C10-e003GlycerolRevival-mGAM-p2,100059
62,Coalescence-B4-D3-ACPP-AF-mBHI-mGAM-7_S635,4732,2332904,C10-e003GlycerolRevival-mGAM-p2,100059
63,Coalescence-A6-B2-AA-ACPP-mBHI-mGAM-7_S625,5333,2325429,C10-e003GlycerolRevival-mGAM-p2,100059
64,Coalescence-D12-B4-ACPP-AE-mBHI-mGAM-3_S667,10320,2332403,C10-e003GlycerolRevival-mGAM-p2,100059
65,Coalescence-D7-A3-AA-ACPP-mBHI-mGAM-3_S662,2821,2330889,C10-e003GlycerolRevival-mGAM-p2,100059
66,Coalescence-B9-G3-ACPP-AE-mBHI-mGAM-7_S640,8947,2299288,C10-e003GlycerolRevival-mGAM-p2,100059
67,Coalescence-D11-B3-ACPP-ACPP-mBHI-mGAM-3_S666,10782,2336011,C10-e003GlycerolRevival-mGAM-p2,100059
68,Coalescence-A7-B3-ACPP-ACPP-mBHI-mGAM-7_S626,9561,2331105,C10-e003GlycerolRevival-mGAM-p2,100059
69,Coalescence-C5-A3-AA-ACPP-mBHI-mGAM-5_S648,10585,2341229,C10-e003GlycerolRevival-mGAM-p2,100059
70,B3-e003Assembly-mBHI-p5,2614,1671938,C10-e003GlycerolRevival-mGAM-p2,100059
71,C10-e003GlycerolRevival-mGAM-p2,0,1999791,C10-e003GlycerolRevival-mGAM-p2,100059
72,Assembly-G9-C9-ACPP-mGAM-3_S700,26,1714545,C10-e003GlycerolRevival-mGAM-p2,100059
73,Assembly-G2-B3-ACPP-mBHI-3_S693,181,2264296,C10-e003GlycerolRevival-mGAM-p2,100059
74,Assembly-G11-D9-ACPP-mGAM-3_S702,12,1476979,C10-e003GlycerolRevival-mGAM-p2,100059
75,D_F10_e003Assembly_S358,31,2229378,C10-e003GlycerolRevival-mGAM-p2,100059
0,A_C9_C2_AA_AE_mBHI_mBHI_4_S33,3047,1160951,Assembly-G9-C9-ACPP-mGAM-3_S700,100059
1,A_E10_A3_ACPP_AA_mBHI_mGAM_4_S58,7268,2331708,Assembly-G9-C9-ACPP-mGAM-3_S700,100059
2,A_G2_C3_ACPP_AE_mBHI_mGAM_2_S74,4525,2114140,Assembly-G9-C9-ACPP-mGAM-3_S700,100059
3,A_G10_C3_ACPP_AE_mBHI_mGAM_4_S82,8885,2328389,Assembly-G9-C9-ACPP-mGAM-3_S700,100059
4,A_H10_D3_ACPP_AF_mBHI_mGAM_4_S94,7313,2339199,Assembly-G9-C9-ACPP-mGAM-3_S700,100059
5,B_E2_E3_ACPP_AA_mBHI_mGAM_2_S146,1452,2315867,Assembly-G9-C9-ACPP-mGAM-3_S700,100059
6,B_H2_H3_ACPP_AF_mBHI_mGAM_2_S182,8261,2342589,Assembly-G9-C9-ACPP-mGAM-3_S700,100059
7,C3-e003Coalescence-mGAM-p3,8332,2330633,Assembly-G9-C9-ACPP-mGAM-3_S700,100059
8,B4-e003Coalescence-mGAM-p5,6624,2297529,Assembly-G9-C9-ACPP-mGAM-3_S700,100059
9,B5-e003Coalescence-mGAM-p5,7965,2230945,Assembly-G9-C9-ACPP-mGAM-3_S700,100059
10,C3-e003Coalescence-mGAM-p5,8087,2320793,Assembly-G9-C9-ACPP-mGAM-3_S700,100059
11,B2-e003Coalescence-mGAM-p3,5574,2302020,Assembly-G9-C9-ACPP-mGAM-3_S700,100059
12,D3-e003Coalescence-mGAM-p3,6585,2304101,Assembly-G9-C9-ACPP-mGAM-3_S700,100059
13,D3-e003Coalescence-mGAM-p5,8859,2345640,Assembly-G9-C9-ACPP-mGAM-3_S700,100059
14,A3-e003Coalescence-mGAM-p7,2023,2224531,Assembly-G9-C9-ACPP-mGAM-3_S700,100059
15,C3-e003Coalescence-mGAM-p7,8741,2337093,Assembly-G9-C9-ACPP-mGAM-3_S700,100059
16,B3-e003Coalescence-mGAM-p5,8110,2323948,Assembly-G9-C9-ACPP-mGAM-3_S700,100059
17,B3-e003Coalescence-mBHI-p5,3975,1072043,Assembly-G9-C9-ACPP-mGAM-3_S700,100059
18,B5-e003Coalescence-mGAM-p3,6483,2263665,Assembly-G9-C9-ACPP-mGAM-3_S700,100059
19,F5-e003Coalescence-mGAM-p5_S64,8867,2321521,Assembly-G9-C9-ACPP-mGAM-3_S700,100059
20,F5-e003Coalescence-mGAM-p7_S160,5226,1792027,Assembly-G9-C9-ACPP-mGAM-3_S700,100059
21,E3-e003Coalescence-mGAM-p3_S58,6271,2304171,Assembly-G9-C9-ACPP-mGAM-3_S700,100059
22,F2-e003Coalescence-mGAM-p7_S157,4913,2169270,Assembly-G9-C9-ACPP-mGAM-3_S700,100059
23,H3-e003Coalescence-mGAM-p3_S94,6634,2281366,Assembly-G9-C9-ACPP-mGAM-3_S700,100059
24,E3-e003Coalescence-mGAM-p5_S50,7915,2328032,Assembly-G9-C9-ACPP-mGAM-3_S700,100059
25,F5-e003Coalescence-mGAM-p3_S72,4868,1909764,Assembly-G9-C9-ACPP-mGAM-3_S700,100059
26,F2-e003Coalescence-mGAM-p5_S61,7716,2319879,Assembly-G9-C9-ACPP-mGAM-3_S700,100059
27,F4-e003Coalescence-mGAM-p5_S63,7365,2281603,Assembly-G9-C9-ACPP-mGAM-3_S700,100059
28,E3-e003Coalescence-mGAM-p7_S146,2459,2284526,Assembly-G9-C9-ACPP-mGAM-3_S700,100059
29,F3-e003Coalescence-mGAM-p5_S62,7650,2274734,Assembly-G9-C9-ACPP-mGAM-3_S700,100059
30,G3-e003Coalescence-mGAM-p3_S82,8406,2315865,Assembly-G9-C9-ACPP-mGAM-3_S700,100059
31,F3-e003Coalescence-mGAM-p7_S158,4867,1890761,Assembly-G9-C9-ACPP-mGAM-3_S700,100059
32,F2-e003Coalescence-mGAM-p3_S69,1784,2223230,Assembly-G9-C9-ACPP-mGAM-3_S700,100059
33,G3-e003Coalescence-mGAM-p5_S74,6568,2314417,Assembly-G9-C9-ACPP-mGAM-3_S700,100059
34,F4-e003Coalescence-mGAM-p3_S71,7754,2322136,Assembly-G9-C9-ACPP-mGAM-3_S700,100059
35,F4-e003Coalescence-mGAM-p7_S159,6988,2295820,Assembly-G9-C9-ACPP-mGAM-3_S700,100059
36,H3-e003Coalescence-mGAM-p5_S86,5385,2254569,Assembly-G9-C9-ACPP-mGAM-3_S700,100059
37,D3-e003Coalescence-Inoculumn-mBHI,9070,2396095,Assembly-G9-C9-ACPP-mGAM-3_S700,100059
38,B5-e003Coalescence-Inoculumn-mBHI,8880,2350303,Assembly-G9-C9-ACPP-mGAM-3_S700,100059
39,A3-e003Coalescence-mBHI-inoculumn-redo,6674,1788568,Assembly-G9-C9-ACPP-mGAM-3_S700,100059
40,B3-e003Coalescence-Inoculumn-mBHI,9000,2381229,Assembly-G9-C9-ACPP-mGAM-3_S700,100059
41,B2-e003Coalescence-Inoculumn-mBHI,8878,2353136,Assembly-G9-C9-ACPP-mGAM-3_S700,100059
42,C3-e003Coalescence-mBHI-inoculumn-redo,9060,2362051,Assembly-G9-C9-ACPP-mGAM-3_S700,100059
43,B4-e003Coalescence-Inoculumn-mBHI,9064,2359806,Assembly-G9-C9-ACPP-mGAM-3_S700,100059
44,B3-e003Coalescence-mGAM-p1_S729,4495,2342364,Assembly-G9-C9-ACPP-mGAM-3_S700,100059
45,B5-e003Coalescence-mGAM-p1_S745,2072,1357308,Assembly-G9-C9-ACPP-mGAM-3_S700,100059
46,D3-e003Coalescence-mGAM-p1_S731,3196,2257246,Assembly-G9-C9-ACPP-mGAM-3_S700,100059
47,G3-e003Coalescence-mBHI-p1_S790,6407,1758065,Assembly-G9-C9-ACPP-mGAM-3_S700,100059
48,A3-e003Coalescence-mGAM-p1_S728,3615,1780223,Assembly-G9-C9-ACPP-mGAM-3_S700,100059
49,B3-e003Coalescence-mBHI-p1_S725,7469,2066919,Assembly-G9-C9-ACPP-mGAM-3_S700,100059
50,C3-e003Coalescence-mGAM-p1_S730,2658,1716039,Assembly-G9-C9-ACPP-mGAM-3_S700,100059
51,F3-e003Coalescence-mBHI-p1_S789,5569,1571983,Assembly-G9-C9-ACPP-mGAM-3_S700,100059
52,B4-e003Coalescence-mBHI-p1_S733,5923,1656166,Assembly-G9-C9-ACPP-mGAM-3_S700,100059
53,F2-e003Coalescence-mGAM-p1_S785,4381,2169203,Assembly-G9-C9-ACPP-mGAM-3_S700,100059
54,F5-e003Coalescence-mGAM-p1_S809,3488,2299166,Assembly-G9-C9-ACPP-mGAM-3_S700,100059
55,G3-e003Coalescence-mGAM-p1_S794,2915,1549647,Assembly-G9-C9-ACPP-mGAM-3_S700,100059
56,C3-e003Coalescence-mBHI-p1_S726,6620,1814974,Assembly-G9-C9-ACPP-mGAM-3_S700,100059
57,F4-e003Coalescence-mGAM-p1_S801,3361,2082505,Assembly-G9-C9-ACPP-mGAM-3_S700,100059
58,B4-e003Coalescence-mGAM-p1_S737,3048,2329051,Assembly-G9-C9-ACPP-mGAM-3_S700,100059
59,E3-e003Coalescence-mGAM-p1_S792,2768,1419028,Assembly-G9-C9-ACPP-mGAM-3_S700,100059
60,F3-e003Coalescence-mGAM-p1_S793,4613,2347771,Assembly-G9-C9-ACPP-mGAM-3_S700,100059
61,Coalescence-D1-B2-AA-ACPP-mBHI-mGAM-5_S656,8173,2325618,Assembly-G9-C9-ACPP-mGAM-3_S700,100059
62,Coalescence-B4-D3-ACPP-AF-mBHI-mGAM-7_S635,3959,2332904,Assembly-G9-C9-ACPP-mGAM-3_S700,100059
63,Coalescence-A6-B2-AA-ACPP-mBHI-mGAM-7_S625,4482,2325429,Assembly-G9-C9-ACPP-mGAM-3_S700,100059
64,Coalescence-D12-B4-ACPP-AE-mBHI-mGAM-3_S667,8526,2332403,Assembly-G9-C9-ACPP-mGAM-3_S700,100059
65,Coalescence-D7-A3-AA-ACPP-mBHI-mGAM-3_S662,2389,2330889,Assembly-G9-C9-ACPP-mGAM-3_S700,100059
66,Coalescence-B9-G3-ACPP-AE-mBHI-mGAM-7_S640,7425,2299288,Assembly-G9-C9-ACPP-mGAM-3_S700,100059
67,Coalescence-D11-B3-ACPP-ACPP-mBHI-mGAM-3_S666,8888,2336011,Assembly-G9-C9-ACPP-mGAM-3_S700,100059
68,Coalescence-A7-B3-ACPP-ACPP-mBHI-mGAM-7_S626,7921,2331105,Assembly-G9-C9-ACPP-mGAM-3_S700,100059
69,Coalescence-C5-A3-AA-ACPP-mBHI-mGAM-5_S648,8749,2341229,Assembly-G9-C9-ACPP-mGAM-3_S700,100059
70,B3-e003Assembly-mBHI-p5,2238,1671938,Assembly-G9-C9-ACPP-mGAM-3_S700,100059
71,C10-e003GlycerolRevival-mGAM-p2,26,1999791,Assembly-G9-C9-ACPP-mGAM-3_S700,100059
72,Assembly-G9-C9-ACPP-mGAM-3_S700,0,1714545,Assembly-G9-C9-ACPP-mGAM-3_S700,100059
73,Assembly-G2-B3-ACPP-mBHI-3_S693,223,2264296,Assembly-G9-C9-ACPP-mGAM-3_S700,100059
74,Assembly-G11-D9-ACPP-mGAM-3_S702,13,1476979,Assembly-G9-C9-ACPP-mGAM-3_S700,100059
75,D_F10_e003Assembly_S358,59,2229378,Assembly-G9-C9-ACPP-mGAM-3_S700,100059
0,A_C9_C2_AA_AE_mBHI_mBHI_4_S33,404,1160951,Assembly-G2-B3-ACPP-mBHI-3_S693,100059
1,A_E10_A3_ACPP_AA_mBHI_mGAM_4_S58,837,2331708,Assembly-G2-B3-ACPP-mBHI-3_S693,100059
2,A_G2_C3_ACPP_AE_mBHI_mGAM_2_S74,526,2114140,Assembly-G2-B3-ACPP-mBHI-3_S693,100059
3,A_G10_C3_ACPP_AE_mBHI_mGAM_4_S82,1101,2328389,Assembly-G2-B3-ACPP-mBHI-3_S693,100059
4,A_H10_D3_ACPP_AF_mBHI_mGAM_4_S94,858,2339199,Assembly-G2-B3-ACPP-mBHI-3_S693,100059
5,B_E2_E3_ACPP_AA_mBHI_mGAM_2_S146,154,2315867,Assembly-G2-B3-ACPP-mBHI-3_S693,100059
6,B_H2_H3_ACPP_AF_mBHI_mGAM_2_S182,976,2342589,Assembly-G2-B3-ACPP-mBHI-3_S693,100059
7,C3-e003Coalescence-mGAM-p3,1043,2330633,Assembly-G2-B3-ACPP-mBHI-3_S693,100059
8,B4-e003Coalescence-mGAM-p5,861,2297529,Assembly-G2-B3-ACPP-mBHI-3_S693,100059
9,B5-e003Coalescence-mGAM-p5,1023,2230945,Assembly-G2-B3-ACPP-mBHI-3_S693,100059
10,C3-e003Coalescence-mGAM-p5,1051,2320793,Assembly-G2-B3-ACPP-mBHI-3_S693,100059
11,B2-e003Coalescence-mGAM-p3,709,2302020,Assembly-G2-B3-ACPP-mBHI-3_S693,100059
12,D3-e003Coalescence-mGAM-p3,799,2304101,Assembly-G2-B3-ACPP-mBHI-3_S693,100059
13,D3-e003Coalescence-mGAM-p5,1146,2345640,Assembly-G2-B3-ACPP-mBHI-3_S693,100059
14,A3-e003Coalescence-mGAM-p7,280,2224531,Assembly-G2-B3-ACPP-mBHI-3_S693,100059
15,C3-e003Coalescence-mGAM-p7,1115,2337093,Assembly-G2-B3-ACPP-mBHI-3_S693,100059
16,B3-e003Coalescence-mGAM-p5,1035,2323948,Assembly-G2-B3-ACPP-mBHI-3_S693,100059
17,B3-e003Coalescence-mBHI-p5,469,1072043,Assembly-G2-B3-ACPP-mBHI-3_S693,100059
18,B5-e003Coalescence-mGAM-p3,777,2263665,Assembly-G2-B3-ACPP-mBHI-3_S693,100059
19,F5-e003Coalescence-mGAM-p5_S64,1100,2321521,Assembly-G2-B3-ACPP-mBHI-3_S693,100059
20,F5-e003Coalescence-mGAM-p7_S160,612,1792027,Assembly-G2-B3-ACPP-mBHI-3_S693,100059
21,E3-e003Coalescence-mGAM-p3_S58,734,2304171,Assembly-G2-B3-ACPP-mBHI-3_S693,100059
22,F2-e003Coalescence-mGAM-p7_S157,645,2169270,Assembly-G2-B3-ACPP-mBHI-3_S693,100059
23,H3-e003Coalescence-mGAM-p3_S94,799,2281366,Assembly-G2-B3-ACPP-mBHI-3_S693,100059
24,E3-e003Coalescence-mGAM-p5_S50,941,2328032,Assembly-G2-B3-ACPP-mBHI-3_S693,100059
25,F5-e003Coalescence-mGAM-p3_S72,552,1909764,Assembly-G2-B3-ACPP-mBHI-3_S693,100059
26,F2-e003Coalescence-mGAM-p5_S61,947,2319879,Assembly-G2-B3-ACPP-mBHI-3_S693,100059
27,F4-e003Coalescence-mGAM-p5_S63,867,2281603,Assembly-G2-B3-ACPP-mBHI-3_S693,100059
28,E3-e003Coalescence-mGAM-p7_S146,314,2284526,Assembly-G2-B3-ACPP-mBHI-3_S693,100059
29,F3-e003Coalescence-mGAM-p5_S62,919,2274734,Assembly-G2-B3-ACPP-mBHI-3_S693,100059
30,G3-e003Coalescence-mGAM-p3_S82,1006,2315865,Assembly-G2-B3-ACPP-mBHI-3_S693,100059
31,F3-e003Coalescence-mGAM-p7_S158,529,1890761,Assembly-G2-B3-ACPP-mBHI-3_S693,100059
32,F2-e003Coalescence-mGAM-p3_S69,221,2223230,Assembly-G2-B3-ACPP-mBHI-3_S693,100059
33,G3-e003Coalescence-mGAM-p5_S74,768,2314417,Assembly-G2-B3-ACPP-mBHI-3_S693,100059
34,F4-e003Coalescence-mGAM-p3_S71,915,2322136,Assembly-G2-B3-ACPP-mBHI-3_S693,100059
35,F4-e003Coalescence-mGAM-p7_S159,830,2295820,Assembly-G2-B3-ACPP-mBHI-3_S693,100059
36,H3-e003Coalescence-mGAM-p5_S86,666,2254569,Assembly-G2-B3-ACPP-mBHI-3_S693,100059
37,D3-e003Coalescence-Inoculumn-mBHI,1213,2396095,Assembly-G2-B3-ACPP-mBHI-3_S693,100059
38,B5-e003Coalescence-Inoculumn-mBHI,1149,2350303,Assembly-G2-B3-ACPP-mBHI-3_S693,100059
39,A3-e003Coalescence-mBHI-inoculumn-redo,861,1788568,Assembly-G2-B3-ACPP-mBHI-3_S693,100059
40,B3-e003Coalescence-Inoculumn-mBHI,1185,2381229,Assembly-G2-B3-ACPP-mBHI-3_S693,100059
41,B2-e003Coalescence-Inoculumn-mBHI,1256,2353136,Assembly-G2-B3-ACPP-mBHI-3_S693,100059
42,C3-e003Coalescence-mBHI-inoculumn-redo,1259,2362051,Assembly-G2-B3-ACPP-mBHI-3_S693,100059
43,B4-e003Coalescence-Inoculumn-mBHI,1313,2359806,Assembly-G2-B3-ACPP-mBHI-3_S693,100059
44,B3-e003Coalescence-mGAM-p1_S729,562,2342364,Assembly-G2-B3-ACPP-mBHI-3_S693,100059
45,B5-e003Coalescence-mGAM-p1_S745,274,1357308,Assembly-G2-B3-ACPP-mBHI-3_S693,100059
46,D3-e003Coalescence-mGAM-p1_S731,399,2257246,Assembly-G2-B3-ACPP-mBHI-3_S693,100059
47,G3-e003Coalescence-mBHI-p1_S790,781,1758065,Assembly-G2-B3-ACPP-mBHI-3_S693,100059
48,A3-e003Coalescence-mGAM-p1_S728,533,1780223,Assembly-G2-B3-ACPP-mBHI-3_S693,100059
49,B3-e003Coalescence-mBHI-p1_S725,935,2066919,Assembly-G2-B3-ACPP-mBHI-3_S693,100059
50,C3-e003Coalescence-mGAM-p1_S730,310,1716039,Assembly-G2-B3-ACPP-mBHI-3_S693,100059
51,F3-e003Coalescence-mBHI-p1_S789,688,1571983,Assembly-G2-B3-ACPP-mBHI-3_S693,100059
52,B4-e003Coalescence-mBHI-p1_S733,772,1656166,Assembly-G2-B3-ACPP-mBHI-3_S693,100059
53,F2-e003Coalescence-mGAM-p1_S785,703,2169203,Assembly-G2-B3-ACPP-mBHI-3_S693,100059
54,F5-e003Coalescence-mGAM-p1_S809,388,2299166,Assembly-G2-B3-ACPP-mBHI-3_S693,100059
55,G3-e003Coalescence-mGAM-p1_S794,332,1549647,Assembly-G2-B3-ACPP-mBHI-3_S693,100059
56,C3-e003Coalescence-mBHI-p1_S726,806,1814974,Assembly-G2-B3-ACPP-mBHI-3_S693,100059
57,F4-e003Coalescence-mGAM-p1_S801,403,2082505,Assembly-G2-B3-ACPP-mBHI-3_S693,100059
58,B4-e003Coalescence-mGAM-p1_S737,365,2329051,Assembly-G2-B3-ACPP-mBHI-3_S693,100059
59,E3-e003Coalescence-mGAM-p1_S792,464,1419028,Assembly-G2-B3-ACPP-mBHI-3_S693,100059
60,F3-e003Coalescence-mGAM-p1_S793,545,2347771,Assembly-G2-B3-ACPP-mBHI-3_S693,100059
61,Coalescence-D1-B2-AA-ACPP-mBHI-mGAM-5_S656,982,2325618,Assembly-G2-B3-ACPP-mBHI-3_S693,100059
62,Coalescence-B4-D3-ACPP-AF-mBHI-mGAM-7_S635,442,2332904,Assembly-G2-B3-ACPP-mBHI-3_S693,100059
63,Coalescence-A6-B2-AA-ACPP-mBHI-mGAM-7_S625,475,2325429,Assembly-G2-B3-ACPP-mBHI-3_S693,100059
64,Coalescence-D12-B4-ACPP-AE-mBHI-mGAM-3_S667,1048,2332403,Assembly-G2-B3-ACPP-mBHI-3_S693,100059
65,Coalescence-D7-A3-AA-ACPP-mBHI-mGAM-3_S662,298,2330889,Assembly-G2-B3-ACPP-mBHI-3_S693,100059
66,Coalescence-B9-G3-ACPP-AE-mBHI-mGAM-7_S640,898,2299288,Assembly-G2-B3-ACPP-mBHI-3_S693,100059
67,Coalescence-D11-B3-ACPP-ACPP-mBHI-mGAM-3_S666,1078,2336011,Assembly-G2-B3-ACPP-mBHI-3_S693,100059
68,Coalescence-A7-B3-ACPP-ACPP-mBHI-mGAM-7_S626,939,2331105,Assembly-G2-B3-ACPP-mBHI-3_S693,100059
69,Coalescence-C5-A3-AA-ACPP-mBHI-mGAM-5_S648,1070,2341229,Assembly-G2-B3-ACPP-mBHI-3_S693,100059
70,B3-e003Assembly-mBHI-p5,262,1671938,Assembly-G2-B3-ACPP-mBHI-3_S693,100059
71,C10-e003GlycerolRevival-mGAM-p2,181,1999791,Assembly-G2-B3-ACPP-mBHI-3_S693,100059
72,Assembly-G9-C9-ACPP-mGAM-3_S700,223,1714545,Assembly-G2-B3-ACPP-mBHI-3_S693,100059
73,Assembly-G2-B3-ACPP-mBHI-3_S693,0,2264296,Assembly-G2-B3-ACPP-mBHI-3_S693,100059
74,Assembly-G11-D9-ACPP-mGAM-3_S702,112,1476979,Assembly-G2-B3-ACPP-mBHI-3_S693,100059
75,D_F10_e003Assembly_S358,178,2229378,Assembly-G2-B3-ACPP-mBHI-3_S693,100059
0,A_C9_C2_AA_AE_mBHI_mBHI_4_S33,2604,1160951,Assembly-G11-D9-ACPP-mGAM-3_S702,100059
1,A_E10_A3_ACPP_AA_mBHI_mGAM_4_S58,6140,2331708,Assembly-G11-D9-ACPP-mGAM-3_S702,100059
2,A_G2_C3_ACPP_AE_mBHI_mGAM_2_S74,3781,2114140,Assembly-G11-D9-ACPP-mGAM-3_S702,100059
3,A_G10_C3_ACPP_AE_mBHI_mGAM_4_S82,7570,2328389,Assembly-G11-D9-ACPP-mGAM-3_S702,100059
4,A_H10_D3_ACPP_AF_mBHI_mGAM_4_S94,6158,2339199,Assembly-G11-D9-ACPP-mGAM-3_S702,100059
5,B_E2_E3_ACPP_AA_mBHI_mGAM_2_S146,1144,2315867,Assembly-G11-D9-ACPP-mGAM-3_S702,100059
6,B_H2_H3_ACPP_AF_mBHI_mGAM_2_S182,7021,2342589,Assembly-G11-D9-ACPP-mGAM-3_S702,100059
7,C3-e003Coalescence-mGAM-p3,7068,2330633,Assembly-G11-D9-ACPP-mGAM-3_S702,100059
8,B4-e003Coalescence-mGAM-p5,5502,2297529,Assembly-G11-D9-ACPP-mGAM-3_S702,100059
9,B5-e003Coalescence-mGAM-p5,6786,2230945,Assembly-G11-D9-ACPP-mGAM-3_S702,100059
10,C3-e003Coalescence-mGAM-p5,6853,2320793,Assembly-G11-D9-ACPP-mGAM-3_S702,100059
11,B2-e003Coalescence-mGAM-p3,4691,2302020,Assembly-G11-D9-ACPP-mGAM-3_S702,100059
12,D3-e003Coalescence-mGAM-p3,5539,2304101,Assembly-G11-D9-ACPP-mGAM-3_S702,100059
13,D3-e003Coalescence-mGAM-p5,7526,2345640,Assembly-G11-D9-ACPP-mGAM-3_S702,100059
14,A3-e003Coalescence-mGAM-p7,1669,2224531,Assembly-G11-D9-ACPP-mGAM-3_S702,100059
15,C3-e003Coalescence-mGAM-p7,7443,2337093,Assembly-G11-D9-ACPP-mGAM-3_S702,100059
16,B3-e003Coalescence-mGAM-p5,6890,2323948,Assembly-G11-D9-ACPP-mGAM-3_S702,100059
17,B3-e003Coalescence-mBHI-p5,3236,1072043,Assembly-G11-D9-ACPP-mGAM-3_S702,100059
18,B5-e003Coalescence-mGAM-p3,5500,2263665,Assembly-G11-D9-ACPP-mGAM-3_S702,100059
19,F5-e003Coalescence-mGAM-p5_S64,7562,2321521,Assembly-G11-D9-ACPP-mGAM-3_S702,100059
20,F5-e003Coalescence-mGAM-p7_S160,4381,1792027,Assembly-G11-D9-ACPP-mGAM-3_S702,100059
21,E3-e003Coalescence-mGAM-p3_S58,5291,2304171,Assembly-G11-D9-ACPP-mGAM-3_S702,100059
22,F2-e003Coalescence-mGAM-p7_S157,4210,2169270,Assembly-G11-D9-ACPP-mGAM-3_S702,100059
23,H3-e003Coalescence-mGAM-p3_S94,5596,2281366,Assembly-G11-D9-ACPP-mGAM-3_S702,100059
24,E3-e003Coalescence-mGAM-p5_S50,6693,2328032,Assembly-G11-D9-ACPP-mGAM-3_S702,100059
25,F5-e003Coalescence-mGAM-p3_S72,4128,1909764,Assembly-G11-D9-ACPP-mGAM-3_S702,100059
26,F2-e003Coalescence-mGAM-p5_S61,6523,2319879,Assembly-G11-D9-ACPP-mGAM-3_S702,100059
27,F4-e003Coalescence-mGAM-p5_S63,6206,2281603,Assembly-G11-D9-ACPP-mGAM-3_S702,100059
28,E3-e003Coalescence-mGAM-p7_S146,1983,2284526,Assembly-G11-D9-ACPP-mGAM-3_S702,100059
29,F3-e003Coalescence-mGAM-p5_S62,6523,2274734,Assembly-G11-D9-ACPP-mGAM-3_S702,100059
30,G3-e003Coalescence-mGAM-p3_S82,7134,2315865,Assembly-G11-D9-ACPP-mGAM-3_S702,100059
31,F3-e003Coalescence-mGAM-p7_S158,4105,1890761,Assembly-G11-D9-ACPP-mGAM-3_S702,100059
32,F2-e003Coalescence-mGAM-p3_S69,1390,2223230,Assembly-G11-D9-ACPP-mGAM-3_S702,100059
33,G3-e003Coalescence-mGAM-p5_S74,5520,2314417,Assembly-G11-D9-ACPP-mGAM-3_S702,100059
34,F4-e003Coalescence-mGAM-p3_S71,6586,2322136,Assembly-G11-D9-ACPP-mGAM-3_S702,100059
35,F4-e003Coalescence-mGAM-p7_S159,5854,2295820,Assembly-G11-D9-ACPP-mGAM-3_S702,100059
36,H3-e003Coalescence-mGAM-p5_S86,4543,2254569,Assembly-G11-D9-ACPP-mGAM-3_S702,100059
37,D3-e003Coalescence-Inoculumn-mBHI,7710,2396095,Assembly-G11-D9-ACPP-mGAM-3_S702,100059
38,B5-e003Coalescence-Inoculumn-mBHI,7577,2350303,Assembly-G11-D9-ACPP-mGAM-3_S702,100059
39,A3-e003Coalescence-mBHI-inoculumn-redo,5628,1788568,Assembly-G11-D9-ACPP-mGAM-3_S702,100059
40,B3-e003Coalescence-Inoculumn-mBHI,7682,2381229,Assembly-G11-D9-ACPP-mGAM-3_S702,100059
41,B2-e003Coalescence-Inoculumn-mBHI,7565,2353136,Assembly-G11-D9-ACPP-mGAM-3_S702,100059
42,C3-e003Coalescence-mBHI-inoculumn-redo,7725,2362051,Assembly-G11-D9-ACPP-mGAM-3_S702,100059
43,B4-e003Coalescence-Inoculumn-mBHI,7721,2359806,Assembly-G11-D9-ACPP-mGAM-3_S702,100059
44,B3-e003Coalescence-mGAM-p1_S729,3728,2342364,Assembly-G11-D9-ACPP-mGAM-3_S702,100059
45,B5-e003Coalescence-mGAM-p1_S745,1719,1357308,Assembly-G11-D9-ACPP-mGAM-3_S702,100059
46,D3-e003Coalescence-mGAM-p1_S731,2572,2257246,Assembly-G11-D9-ACPP-mGAM-3_S702,100059
47,G3-e003Coalescence-mBHI-p1_S790,5495,1758065,Assembly-G11-D9-ACPP-mGAM-3_S702,100059
48,A3-e003Coalescence-mGAM-p1_S728,2847,1780223,Assembly-G11-D9-ACPP-mGAM-3_S702,100059
49,B3-e003Coalescence-mBHI-p1_S725,6366,2066919,Assembly-G11-D9-ACPP-mGAM-3_S702,100059
50,C3-e003Coalescence-mGAM-p1_S730,2196,1716039,Assembly-G11-D9-ACPP-mGAM-3_S702,100059
51,F3-e003Coalescence-mBHI-p1_S789,4676,1571983,Assembly-G11-D9-ACPP-mGAM-3_S702,100059
52,B4-e003Coalescence-mBHI-p1_S733,5045,1656166,Assembly-G11-D9-ACPP-mGAM-3_S702,100059
53,F2-e003Coalescence-mGAM-p1_S785,3624,2169203,Assembly-G11-D9-ACPP-mGAM-3_S702,100059
54,F5-e003Coalescence-mGAM-p1_S809,2864,2299166,Assembly-G11-D9-ACPP-mGAM-3_S702,100059
55,G3-e003Coalescence-mGAM-p1_S794,2482,1549647,Assembly-G11-D9-ACPP-mGAM-3_S702,100059
56,C3-e003Coalescence-mBHI-p1_S726,5670,1814974,Assembly-G11-D9-ACPP-mGAM-3_S702,100059
57,F4-e003Coalescence-mGAM-p1_S801,2824,2082505,Assembly-G11-D9-ACPP-mGAM-3_S702,100059
58,B4-e003Coalescence-mGAM-p1_S737,2459,2329051,Assembly-G11-D9-ACPP-mGAM-3_S702,100059
59,E3-e003Coalescence-mGAM-p1_S792,2275,1419028,Assembly-G11-D9-ACPP-mGAM-3_S702,100059
60,F3-e003Coalescence-mGAM-p1_S793,3781,2347771,Assembly-G11-D9-ACPP-mGAM-3_S702,100059
61,Coalescence-D1-B2-AA-ACPP-mBHI-mGAM-5_S656,6930,2325618,Assembly-G11-D9-ACPP-mGAM-3_S702,100059
62,Coalescence-B4-D3-ACPP-AF-mBHI-mGAM-7_S635,3290,2332904,Assembly-G11-D9-ACPP-mGAM-3_S702,100059
63,Coalescence-A6-B2-AA-ACPP-mBHI-mGAM-7_S625,3755,2325429,Assembly-G11-D9-ACPP-mGAM-3_S702,100059
64,Coalescence-D12-B4-ACPP-AE-mBHI-mGAM-3_S667,7255,2332403,Assembly-G11-D9-ACPP-mGAM-3_S702,100059
65,Coalescence-D7-A3-AA-ACPP-mBHI-mGAM-3_S662,1921,2330889,Assembly-G11-D9-ACPP-mGAM-3_S702,100059
66,Coalescence-B9-G3-ACPP-AE-mBHI-mGAM-7_S640,6277,2299288,Assembly-G11-D9-ACPP-mGAM-3_S702,100059
67,Coalescence-D11-B3-ACPP-ACPP-mBHI-mGAM-3_S666,7559,2336011,Assembly-G11-D9-ACPP-mGAM-3_S702,100059
68,Coalescence-A7-B3-ACPP-ACPP-mBHI-mGAM-7_S626,6726,2331105,Assembly-G11-D9-ACPP-mGAM-3_S702,100059
69,Coalescence-C5-A3-AA-ACPP-mBHI-mGAM-5_S648,7437,2341229,Assembly-G11-D9-ACPP-mGAM-3_S702,100059
70,B3-e003Assembly-mBHI-p5,1792,1671938,Assembly-G11-D9-ACPP-mGAM-3_S702,100059
71,C10-e003GlycerolRevival-mGAM-p2,12,1999791,Assembly-G11-D9-ACPP-mGAM-3_S702,100059
72,Assembly-G9-C9-ACPP-mGAM-3_S700,13,1714545,Assembly-G11-D9-ACPP-mGAM-3_S702,100059
73,Assembly-G2-B3-ACPP-mBHI-3_S693,112,2264296,Assembly-G11-D9-ACPP-mGAM-3_S702,100059
74,Assembly-G11-D9-ACPP-mGAM-3_S702,0,1476979,Assembly-G11-D9-ACPP-mGAM-3_S702,100059
75,D_F10_e003Assembly_S358,14,2229378,Assembly-G11-D9-ACPP-mGAM-3_S702,100059
0,A_C9_C2_AA_AE_mBHI_mBHI_4_S33,3843,1160951,D_F10_e003Assembly_S358,100059
1,A_E10_A3_ACPP_AA_mBHI_mGAM_4_S58,9159,2331708,D_F10_e003Assembly_S358,100059
2,A_G2_C3_ACPP_AE_mBHI_mGAM_2_S74,5676,2114140,D_F10_e003Assembly_S358,100059
3,A_G10_C3_ACPP_AE_mBHI_mGAM_4_S82,11282,2328389,D_F10_e003Assembly_S358,100059
4,A_H10_D3_ACPP_AF_mBHI_mGAM_4_S94,9214,2339199,D_F10_e003Assembly_S358,100059
5,B_E2_E3_ACPP_AA_mBHI_mGAM_2_S146,1744,2315867,D_F10_e003Assembly_S358,100059
6,B_H2_H3_ACPP_AF_mBHI_mGAM_2_S182,10470,2342589,D_F10_e003Assembly_S358,100059
7,C3-e003Coalescence-mGAM-p3,10564,2330633,D_F10_e003Assembly_S358,100059
8,B4-e003Coalescence-mGAM-p5,8260,2297529,D_F10_e003Assembly_S358,100059
9,B5-e003Coalescence-mGAM-p5,10084,2230945,D_F10_e003Assembly_S358,100059
10,C3-e003Coalescence-mGAM-p5,10221,2320793,D_F10_e003Assembly_S358,100059
11,B2-e003Coalescence-mGAM-p3,7042,2302020,D_F10_e003Assembly_S358,100059
12,D3-e003Coalescence-mGAM-p3,8305,2304101,D_F10_e003Assembly_S358,100059
13,D3-e003Coalescence-mGAM-p5,11220,2345640,D_F10_e003Assembly_S358,100059
14,A3-e003Coalescence-mGAM-p7,2547,2224531,D_F10_e003Assembly_S358,100059
15,C3-e003Coalescence-mGAM-p7,11087,2337093,D_F10_e003Assembly_S358,100059
16,B3-e003Coalescence-mGAM-p5,10254,2323948,D_F10_e003Assembly_S358,100059
17,B3-e003Coalescence-mBHI-p5,4847,1072043,D_F10_e003Assembly_S358,100059
18,B5-e003Coalescence-mGAM-p3,8216,2263665,D_F10_e003Assembly_S358,100059
19,F5-e003Coalescence-mGAM-p5_S64,11252,2321521,D_F10_e003Assembly_S358,100059
20,F5-e003Coalescence-mGAM-p7_S160,6482,1792027,D_F10_e003Assembly_S358,100059
21,E3-e003Coalescence-mGAM-p3_S58,7915,2304171,D_F10_e003Assembly_S358,100059
22,F2-e003Coalescence-mGAM-p7_S157,6192,2169270,D_F10_e003Assembly_S358,100059
23,H3-e003Coalescence-mGAM-p3_S94,8347,2281366,D_F10_e003Assembly_S358,100059
24,E3-e003Coalescence-mGAM-p5_S50,9999,2328032,D_F10_e003Assembly_S358,100059
25,F5-e003Coalescence-mGAM-p3_S72,6095,1909764,D_F10_e003Assembly_S358,100059
26,F2-e003Coalescence-mGAM-p5_S61,9769,2319879,D_F10_e003Assembly_S358,100059
27,F4-e003Coalescence-mGAM-p5_S63,9235,2281603,D_F10_e003Assembly_S358,100059
28,E3-e003Coalescence-mGAM-p7_S146,3048,2284526,D_F10_e003Assembly_S358,100059
29,F3-e003Coalescence-mGAM-p5_S62,9633,2274734,D_F10_e003Assembly_S358,100059
30,G3-e003Coalescence-mGAM-p3_S82,10633,2315865,D_F10_e003Assembly_S358,100059
31,F3-e003Coalescence-mGAM-p7_S158,6042,1890761,D_F10_e003Assembly_S358,100059
32,F2-e003Coalescence-mGAM-p3_S69,2168,2223230,D_F10_e003Assembly_S358,100059
33,G3-e003Coalescence-mGAM-p5_S74,8289,2314417,D_F10_e003Assembly_S358,100059
34,F4-e003Coalescence-mGAM-p3_S71,9828,2322136,D_F10_e003Assembly_S358,100059
35,F4-e003Coalescence-mGAM-p7_S159,8784,2295820,D_F10_e003Assembly_S358,100059
36,H3-e003Coalescence-mGAM-p5_S86,6793,2254569,D_F10_e003Assembly_S358,100059
37,D3-e003Coalescence-Inoculumn-mBHI,11526,2396095,D_F10_e003Assembly_S358,100059
38,B5-e003Coalescence-Inoculumn-mBHI,11246,2350303,D_F10_e003Assembly_S358,100059
39,A3-e003Coalescence-mBHI-inoculumn-redo,8319,1788568,D_F10_e003Assembly_S358,100059
40,B3-e003Coalescence-Inoculumn-mBHI,11453,2381229,D_F10_e003Assembly_S358,100059
41,B2-e003Coalescence-Inoculumn-mBHI,11272,2353136,D_F10_e003Assembly_S358,100059
42,C3-e003Coalescence-mBHI-inoculumn-redo,11537,2362051,D_F10_e003Assembly_S358,100059
43,B4-e003Coalescence-Inoculumn-mBHI,11575,2359806,D_F10_e003Assembly_S358,100059
44,B3-e003Coalescence-mGAM-p1_S729,5618,2342364,D_F10_e003Assembly_S358,100059
45,B5-e003Coalescence-mGAM-p1_S745,2658,1357308,D_F10_e003Assembly_S358,100059
46,D3-e003Coalescence-mGAM-p1_S731,3981,2257246,D_F10_e003Assembly_S358,100059
47,G3-e003Coalescence-mBHI-p1_S790,8049,1758065,D_F10_e003Assembly_S358,100059
48,A3-e003Coalescence-mGAM-p1_S728,4471,1780223,D_F10_e003Assembly_S358,100059
49,B3-e003Coalescence-mBHI-p1_S725,9404,2066919,D_F10_e003Assembly_S358,100059
50,C3-e003Coalescence-mGAM-p1_S730,3247,1716039,D_F10_e003Assembly_S358,100059
51,F3-e003Coalescence-mBHI-p1_S789,6933,1571983,D_F10_e003Assembly_S358,100059
52,B4-e003Coalescence-mBHI-p1_S733,7429,1656166,D_F10_e003Assembly_S358,100059
53,F2-e003Coalescence-mGAM-p1_S785,5473,2169203,D_F10_e003Assembly_S358,100059
54,F5-e003Coalescence-mGAM-p1_S809,4302,2299166,D_F10_e003Assembly_S358,100059
55,G3-e003Coalescence-mGAM-p1_S794,3642,1549647,D_F10_e003Assembly_S358,100059
56,C3-e003Coalescence-mBHI-p1_S726,8322,1814974,D_F10_e003Assembly_S358,100059
57,F4-e003Coalescence-mGAM-p1_S801,4226,2082505,D_F10_e003Assembly_S358,100059
58,B4-e003Coalescence-mGAM-p1_S737,3780,2329051,D_F10_e003Assembly_S358,100059
59,E3-e003Coalescence-mGAM-p1_S792,3502,1419028,D_F10_e003Assembly_S358,100059
60,F3-e003Coalescence-mGAM-p1_S793,5726,2347771,D_F10_e003Assembly_S358,100059
61,Coalescence-D1-B2-AA-ACPP-mBHI-mGAM-5_S656,10355,2325618,D_F10_e003Assembly_S358,100059
62,Coalescence-B4-D3-ACPP-AF-mBHI-mGAM-7_S635,4939,2332904,D_F10_e003Assembly_S358,100059
63,Coalescence-A6-B2-AA-ACPP-mBHI-mGAM-7_S625,5567,2325429,D_F10_e003Assembly_S358,100059
64,Coalescence-D12-B4-ACPP-AE-mBHI-mGAM-3_S667,10810,2332403,D_F10_e003Assembly_S358,100059
65,Coalescence-D7-A3-AA-ACPP-mBHI-mGAM-3_S662,2975,2330889,D_F10_e003Assembly_S358,100059
66,Coalescence-B9-G3-ACPP-AE-mBHI-mGAM-7_S640,9358,2299288,D_F10_e003Assembly_S358,100059
67,Coalescence-D11-B3-ACPP-ACPP-mBHI-mGAM-3_S666,11294,2336011,D_F10_e003Assembly_S358,100059
68,Coalescence-A7-B3-ACPP-ACPP-mBHI-mGAM-7_S626,9979,2331105,D_F10_e003Assembly_S358,100059
69,Coalescence-C5-A3-AA-ACPP-mBHI-mGAM-5_S648,11105,2341229,D_F10_e003Assembly_S358,100059
70,B3-e003Assembly-mBHI-p5,2695,1671938,D_F10_e003Assembly_S358,100059
71,C10-e003GlycerolRevival-mGAM-p2,31,1999791,D_F10_e003Assembly_S358,100059
72,Assembly-G9-C9-ACPP-mGAM-3_S700,59,1714545,D_F10_e003Assembly_S358,100059
73,Assembly-G2-B3-ACPP-mBHI-3_S693,178,2264296,D_F10_e003Assembly_S358,100059
74,Assembly-G11-D9-ACPP-mGAM-3_S702,14,1476979,D_F10_e003Assembly_S358,100059
75,D_F10_e003Assembly_S358,0,2229378,D_F10_e003Assembly_S358,100059
