,index,shared,sample1,species_id,num_sites
0,A_D8_D11_AF_AF_mGAM_mBHI_2_S44,85,A_D8_D11_AF_AF_mGAM_mBHI_2_S44,101060,85
1,A_E8_A11_AF_AA_mGAM_mGAM_2_S56,68,A_D8_D11_AF_AF_mGAM_mBHI_2_S44,101060,85
2,A_H5_D8_AA_AF_mGAM_mGAM_2_S89,66,A_D8_D11_AF_AF_mGAM_mBHI_2_S44,101060,85
3,A_H8_D11_AF_AF_mGAM_mGAM_2_S92,69,A_D8_D11_AF_AF_mGAM_mBHI_2_S44,101060,85
4,B_D8_H11_AF_AF_mGAM_mBHI_2_S140,43,A_D8_D11_AF_AF_mGAM_mBHI_2_S44,101060,85
5,B_E8_E11_AF_AA_mGAM_mGAM_2_S152,65,A_D8_D11_AF_AF_mGAM_mBHI_2_S44,101060,85
6,B_E12_A11_AF_AA_mGAM_mGAM_4_S156,68,A_D8_D11_AF_AF_mGAM_mBHI_2_S44,101060,85
7,B_H5_H8_AA_AF_mGAM_mGAM_2_S185,66,A_D8_D11_AF_AF_mGAM_mBHI_2_S44,101060,85
8,B_H8_H11_AF_AF_mGAM_mGAM_2_S188,57,A_D8_D11_AF_AF_mGAM_mBHI_2_S44,101060,85
9,B_H9_D8_AA_AF_mGAM_mGAM_4_S189,63,A_D8_D11_AF_AF_mGAM_mBHI_2_S44,101060,85
10,C_D8_D11_AF_AF_mGAM_mBHI_6_S236,52,A_D8_D11_AF_AF_mGAM_mBHI_2_S44,101060,85
11,C_E8_A11_AF_AA_mGAM_mGAM_6_S248,65,A_D8_D11_AF_AF_mGAM_mBHI_2_S44,101060,85
12,C_H5_D8_AA_AF_mGAM_mGAM_6_S281,51,A_D8_D11_AF_AF_mGAM_mBHI_2_S44,101060,85
13,C_H8_D11_AF_AF_mGAM_mGAM_6_S284,62,A_D8_D11_AF_AF_mGAM_mBHI_2_S44,101060,85
14,D_D8_D11_AF_AF_mGAM_mBHI_6_S332,67,A_D8_D11_AF_AF_mGAM_mBHI_2_S44,101060,85
15,D_E8_A11_AF_AA_mGAM_mGAM_6_S344,65,A_D8_D11_AF_AF_mGAM_mBHI_2_S44,101060,85
16,D_E12_E11_AF_AA_mGAM_mGAM_4_S348,65,A_D8_D11_AF_AF_mGAM_mBHI_2_S44,101060,85
17,D_H5_D8_AA_AF_mGAM_mGAM_6_S377,71,A_D8_D11_AF_AF_mGAM_mBHI_2_S44,101060,85
18,D_H8_D11_AF_AF_mGAM_mGAM_6_S380,40,A_D8_D11_AF_AF_mGAM_mBHI_2_S44,101060,85
19,D_H9_H8_AA_AF_mGAM_mGAM_4_S381,41,A_D8_D11_AF_AF_mGAM_mBHI_2_S44,101060,85
20,D11-e003Coalescence-mBHI-p5,56,A_D8_D11_AF_AF_mGAM_mBHI_2_S44,101060,85
21,D11-e003Coalescence-mGAM-p5,66,A_D8_D11_AF_AF_mGAM_mBHI_2_S44,101060,85
22,A11-e003Coalescence-mGAM-p7,49,A_D8_D11_AF_AF_mGAM_mBHI_2_S44,101060,85
23,D8-e003Coalescence-mGAM-p5,58,A_D8_D11_AF_AF_mGAM_mBHI_2_S44,101060,85
24,D11-e003Coalescence-mGAM-p7,68,A_D8_D11_AF_AF_mGAM_mBHI_2_S44,101060,85
25,A11-e003Coalescence-mGAM-p3,55,A_D8_D11_AF_AF_mGAM_mBHI_2_S44,101060,85
26,H111-e003Coalescence-mGAM-p7_S188,63,A_D8_D11_AF_AF_mGAM_mBHI_2_S44,101060,85
27,H111-e003Coalescence-mBHI-p3_S144,61,A_D8_D11_AF_AF_mGAM_mBHI_2_S44,101060,85
28,H111-e003Coalescence-mGAM-p5_S92,59,A_D8_D11_AF_AF_mGAM_mBHI_2_S44,101060,85
29,H8-e003Coalescence-mGAM-p5_S89,55,A_D8_D11_AF_AF_mGAM_mBHI_2_S44,101060,85
30,H111-e003Coalescence-mBHI-p5_S44,63,A_D8_D11_AF_AF_mGAM_mBHI_2_S44,101060,85
31,E111-e003Coalescence-mGAM-p5_S56,55,A_D8_D11_AF_AF_mGAM_mBHI_2_S44,101060,85
32,H111-e003Coalescence-mGAM-p3_S192,68,A_D8_D11_AF_AF_mGAM_mBHI_2_S44,101060,85
33,H8-e003Coalescence-mGAM-p7_S185,62,A_D8_D11_AF_AF_mGAM_mBHI_2_S44,101060,85
34,B5-e003Coalescence-Inoculumn-mGAM,54,A_D8_D11_AF_AF_mGAM_mBHI_2_S44,101060,85
35,D5-e003Coalescence-Inoculumn-mGAM,57,A_D8_D11_AF_AF_mGAM_mBHI_2_S44,101060,85
36,A5-e003Coalescence-Inoculumn-mGAM,54,A_D8_D11_AF_AF_mGAM_mBHI_2_S44,101060,85
37,D2-e003Coalescence-Inoculumn-mGAM,57,A_D8_D11_AF_AF_mGAM_mBHI_2_S44,101060,85
38,D3-e003Coalescence-Inoculumn-mGAM,55,A_D8_D11_AF_AF_mGAM_mBHI_2_S44,101060,85
39,C5-e003Coalescence-Inoculumn-mGAM,65,A_D8_D11_AF_AF_mGAM_mBHI_2_S44,101060,85
40,E11-e003Coalescence-mGAM-p1_S840,69,A_D8_D11_AF_AF_mGAM_mBHI_2_S44,101060,85
41,H8-e003Coalescence-mBHI-p1_S815,55,A_D8_D11_AF_AF_mGAM_mBHI_2_S44,101060,85
42,D8-e003Coalescence-mGAM-p1_S755,61,A_D8_D11_AF_AF_mGAM_mBHI_2_S44,101060,85
43,H11-e003Coalescence-mGAM-p1_S843,55,A_D8_D11_AF_AF_mGAM_mBHI_2_S44,101060,85
44,A11-e003Coalescence-mGAM-p1_S776,34,A_D8_D11_AF_AF_mGAM_mBHI_2_S44,101060,85
45,H11-e003Coalescence-mBHI-p1_S839,73,A_D8_D11_AF_AF_mGAM_mBHI_2_S44,101060,85
46,E11-e003Coalescence-mBHI-p1_S836,62,A_D8_D11_AF_AF_mGAM_mBHI_2_S44,101060,85
47,H8-e003Coalescence-mGAM-p1_S819,63,A_D8_D11_AF_AF_mGAM_mBHI_2_S44,101060,85
48,D11-e003Coalescence-mGAM-p1_S779,64,A_D8_D11_AF_AF_mGAM_mBHI_2_S44,101060,85
49,D11-e003Coalescence-mBHI-p1_S775,52,A_D8_D11_AF_AF_mGAM_mBHI_2_S44,101060,85
50,A11-e003Coalescence-mBHI-p1_S772,35,A_D8_D11_AF_AF_mGAM_mBHI_2_S44,101060,85
51,Coalescence-A12-D11-AF-AF-mGAM-mBHI-7_S631,69,A_D8_D11_AF_AF_mGAM_mBHI_2_S44,101060,85
52,Coalescence-C3-A11-AA-AF-mGAM-mGAM-5_S646,72,A_D8_D11_AF_AF_mGAM_mBHI_2_S44,101060,85
53,Coalescence-F1-D8-AA-AF-mGAM-mGAM-3_S680,63,A_D8_D11_AF_AF_mGAM_mBHI_2_S44,101060,85
54,Coalescence-E8-D11-AF-AF-mGAM-mBHI-3_S675,73,A_D8_D11_AF_AF_mGAM_mBHI_2_S44,101060,85
55,Coalescence-B5-D8-AA-AF-mGAM-mGAM-7_S636,65,A_D8_D11_AF_AF_mGAM_mBHI_2_S44,101060,85
56,Coalescence-F10-H8-AA-AF-mGAM-mGAM-3_S689,70,A_D8_D11_AF_AF_mGAM_mBHI_2_S44,101060,85
57,Coalescence-B6-E11-AA-AF-mGAM-mGAM-7_S637,73,A_D8_D11_AF_AF_mGAM_mBHI_2_S44,101060,85
58,Coalescence-F3-E11-AA-AF-mGAM-mGAM-3_S682,72,A_D8_D11_AF_AF_mGAM_mBHI_2_S44,101060,85
59,B11-e003Assembly-mGAM-p3,26,A_D8_D11_AF_AF_mGAM_mBHI_2_S44,101060,85
60,B11-e003Assembly-mGAM-p5,50,A_D8_D11_AF_AF_mGAM_mBHI_2_S44,101060,85
61,B11-e003GlycerolRevival-mGAM-p2,47,A_D8_D11_AF_AF_mGAM_mBHI_2_S44,101060,85
62,C11-e003Assembly-mGAM-p3,33,A_D8_D11_AF_AF_mGAM_mBHI_2_S44,101060,85
63,C11-e003GlycerolRevival-mGAM-p2,30,A_D8_D11_AF_AF_mGAM_mBHI_2_S44,101060,85
64,e003-inoculumn-fecal-AF,30,A_D8_D11_AF_AF_mGAM_mBHI_2_S44,101060,85
65,C_F4_e003Assembly_6_S256,39,A_D8_D11_AF_AF_mGAM_mBHI_2_S44,101060,85
66,C_F8_e003Assembly_6_S260,71,A_D8_D11_AF_AF_mGAM_mBHI_2_S44,101060,85
67,C_F12_e003Assembly_4_S264,63,A_D8_D11_AF_AF_mGAM_mBHI_2_S44,101060,85
68,D_B8_e003Assembly_S308,57,A_D8_D11_AF_AF_mGAM_mBHI_2_S44,101060,85
69,D_F8_e003Assembly_S356,54,A_D8_D11_AF_AF_mGAM_mBHI_2_S44,101060,85
70,D_F12_e003Assembly_S360,71,A_D8_D11_AF_AF_mGAM_mBHI_2_S44,101060,85
71,C_H2_e003Assembly_S278,74,A_D8_D11_AF_AF_mGAM_mBHI_2_S44,101060,85
72,C_H10_H3_ACPP_AF_mBHI_mGAM_4_S286,53,A_D8_D11_AF_AF_mGAM_mBHI_2_S44,101060,85
0,A_D8_D11_AF_AF_mGAM_mBHI_2_S44,68,A_E8_A11_AF_AA_mGAM_mGAM_2_S56,101060,112
1,A_E8_A11_AF_AA_mGAM_mGAM_2_S56,112,A_E8_A11_AF_AA_mGAM_mGAM_2_S56,101060,112
2,A_H5_D8_AA_AF_mGAM_mGAM_2_S89,71,A_E8_A11_AF_AA_mGAM_mGAM_2_S56,101060,112
3,A_H8_D11_AF_AF_mGAM_mGAM_2_S92,82,A_E8_A11_AF_AA_mGAM_mGAM_2_S56,101060,112
4,B_D8_H11_AF_AF_mGAM_mBHI_2_S140,54,A_E8_A11_AF_AA_mGAM_mGAM_2_S56,101060,112
5,B_E8_E11_AF_AA_mGAM_mGAM_2_S152,73,A_E8_A11_AF_AA_mGAM_mGAM_2_S56,101060,112
6,B_E12_A11_AF_AA_mGAM_mGAM_4_S156,70,A_E8_A11_AF_AA_mGAM_mGAM_2_S56,101060,112
7,B_H5_H8_AA_AF_mGAM_mGAM_2_S185,67,A_E8_A11_AF_AA_mGAM_mGAM_2_S56,101060,112
8,B_H8_H11_AF_AF_mGAM_mGAM_2_S188,66,A_E8_A11_AF_AA_mGAM_mGAM_2_S56,101060,112
9,B_H9_D8_AA_AF_mGAM_mGAM_4_S189,71,A_E8_A11_AF_AA_mGAM_mGAM_2_S56,101060,112
10,C_D8_D11_AF_AF_mGAM_mBHI_6_S236,57,A_E8_A11_AF_AA_mGAM_mGAM_2_S56,101060,112
11,C_E8_A11_AF_AA_mGAM_mGAM_6_S248,77,A_E8_A11_AF_AA_mGAM_mGAM_2_S56,101060,112
12,C_H5_D8_AA_AF_mGAM_mGAM_6_S281,60,A_E8_A11_AF_AA_mGAM_mGAM_2_S56,101060,112
13,C_H8_D11_AF_AF_mGAM_mGAM_6_S284,64,A_E8_A11_AF_AA_mGAM_mGAM_2_S56,101060,112
14,D_D8_D11_AF_AF_mGAM_mBHI_6_S332,68,A_E8_A11_AF_AA_mGAM_mGAM_2_S56,101060,112
15,D_E8_A11_AF_AA_mGAM_mGAM_6_S344,75,A_E8_A11_AF_AA_mGAM_mGAM_2_S56,101060,112
16,D_E12_E11_AF_AA_mGAM_mGAM_4_S348,83,A_E8_A11_AF_AA_mGAM_mGAM_2_S56,101060,112
17,D_H5_D8_AA_AF_mGAM_mGAM_6_S377,73,A_E8_A11_AF_AA_mGAM_mGAM_2_S56,101060,112
18,D_H8_D11_AF_AF_mGAM_mGAM_6_S380,49,A_E8_A11_AF_AA_mGAM_mGAM_2_S56,101060,112
19,D_H9_H8_AA_AF_mGAM_mGAM_4_S381,37,A_E8_A11_AF_AA_mGAM_mGAM_2_S56,101060,112
20,D11-e003Coalescence-mBHI-p5,62,A_E8_A11_AF_AA_mGAM_mGAM_2_S56,101060,112
21,D11-e003Coalescence-mGAM-p5,71,A_E8_A11_AF_AA_mGAM_mGAM_2_S56,101060,112
22,A11-e003Coalescence-mGAM-p7,52,A_E8_A11_AF_AA_mGAM_mGAM_2_S56,101060,112
23,D8-e003Coalescence-mGAM-p5,65,A_E8_A11_AF_AA_mGAM_mGAM_2_S56,101060,112
24,D11-e003Coalescence-mGAM-p7,77,A_E8_A11_AF_AA_mGAM_mGAM_2_S56,101060,112
25,A11-e003Coalescence-mGAM-p3,64,A_E8_A11_AF_AA_mGAM_mGAM_2_S56,101060,112
26,H111-e003Coalescence-mGAM-p7_S188,63,A_E8_A11_AF_AA_mGAM_mGAM_2_S56,101060,112
27,H111-e003Coalescence-mBHI-p3_S144,64,A_E8_A11_AF_AA_mGAM_mGAM_2_S56,101060,112
28,H111-e003Coalescence-mGAM-p5_S92,65,A_E8_A11_AF_AA_mGAM_mGAM_2_S56,101060,112
29,H8-e003Coalescence-mGAM-p5_S89,57,A_E8_A11_AF_AA_mGAM_mGAM_2_S56,101060,112
30,H111-e003Coalescence-mBHI-p5_S44,69,A_E8_A11_AF_AA_mGAM_mGAM_2_S56,101060,112
31,E111-e003Coalescence-mGAM-p5_S56,62,A_E8_A11_AF_AA_mGAM_mGAM_2_S56,101060,112
32,H111-e003Coalescence-mGAM-p3_S192,79,A_E8_A11_AF_AA_mGAM_mGAM_2_S56,101060,112
33,H8-e003Coalescence-mGAM-p7_S185,69,A_E8_A11_AF_AA_mGAM_mGAM_2_S56,101060,112
34,B5-e003Coalescence-Inoculumn-mGAM,60,A_E8_A11_AF_AA_mGAM_mGAM_2_S56,101060,112
35,D5-e003Coalescence-Inoculumn-mGAM,70,A_E8_A11_AF_AA_mGAM_mGAM_2_S56,101060,112
36,A5-e003Coalescence-Inoculumn-mGAM,64,A_E8_A11_AF_AA_mGAM_mGAM_2_S56,101060,112
37,D2-e003Coalescence-Inoculumn-mGAM,62,A_E8_A11_AF_AA_mGAM_mGAM_2_S56,101060,112
38,D3-e003Coalescence-Inoculumn-mGAM,76,A_E8_A11_AF_AA_mGAM_mGAM_2_S56,101060,112
39,C5-e003Coalescence-Inoculumn-mGAM,71,A_E8_A11_AF_AA_mGAM_mGAM_2_S56,101060,112
40,E11-e003Coalescence-mGAM-p1_S840,69,A_E8_A11_AF_AA_mGAM_mGAM_2_S56,101060,112
41,H8-e003Coalescence-mBHI-p1_S815,54,A_E8_A11_AF_AA_mGAM_mGAM_2_S56,101060,112
42,D8-e003Coalescence-mGAM-p1_S755,67,A_E8_A11_AF_AA_mGAM_mGAM_2_S56,101060,112
43,H11-e003Coalescence-mGAM-p1_S843,60,A_E8_A11_AF_AA_mGAM_mGAM_2_S56,101060,112
44,A11-e003Coalescence-mGAM-p1_S776,29,A_E8_A11_AF_AA_mGAM_mGAM_2_S56,101060,112
45,H11-e003Coalescence-mBHI-p1_S839,71,A_E8_A11_AF_AA_mGAM_mGAM_2_S56,101060,112
46,E11-e003Coalescence-mBHI-p1_S836,65,A_E8_A11_AF_AA_mGAM_mGAM_2_S56,101060,112
47,H8-e003Coalescence-mGAM-p1_S819,63,A_E8_A11_AF_AA_mGAM_mGAM_2_S56,101060,112
48,D11-e003Coalescence-mGAM-p1_S779,69,A_E8_A11_AF_AA_mGAM_mGAM_2_S56,101060,112
49,D11-e003Coalescence-mBHI-p1_S775,50,A_E8_A11_AF_AA_mGAM_mGAM_2_S56,101060,112
50,A11-e003Coalescence-mBHI-p1_S772,32,A_E8_A11_AF_AA_mGAM_mGAM_2_S56,101060,112
51,Coalescence-A12-D11-AF-AF-mGAM-mBHI-7_S631,72,A_E8_A11_AF_AA_mGAM_mGAM_2_S56,101060,112
52,Coalescence-C3-A11-AA-AF-mGAM-mGAM-5_S646,69,A_E8_A11_AF_AA_mGAM_mGAM_2_S56,101060,112
53,Coalescence-F1-D8-AA-AF-mGAM-mGAM-3_S680,70,A_E8_A11_AF_AA_mGAM_mGAM_2_S56,101060,112
54,Coalescence-E8-D11-AF-AF-mGAM-mBHI-3_S675,72,A_E8_A11_AF_AA_mGAM_mGAM_2_S56,101060,112
55,Coalescence-B5-D8-AA-AF-mGAM-mGAM-7_S636,70,A_E8_A11_AF_AA_mGAM_mGAM_2_S56,101060,112
56,Coalescence-F10-H8-AA-AF-mGAM-mGAM-3_S689,74,A_E8_A11_AF_AA_mGAM_mGAM_2_S56,101060,112
57,Coalescence-B6-E11-AA-AF-mGAM-mGAM-7_S637,74,A_E8_A11_AF_AA_mGAM_mGAM_2_S56,101060,112
58,Coalescence-F3-E11-AA-AF-mGAM-mGAM-3_S682,78,A_E8_A11_AF_AA_mGAM_mGAM_2_S56,101060,112
59,B11-e003Assembly-mGAM-p3,28,A_E8_A11_AF_AA_mGAM_mGAM_2_S56,101060,112
60,B11-e003Assembly-mGAM-p5,51,A_E8_A11_AF_AA_mGAM_mGAM_2_S56,101060,112
61,B11-e003GlycerolRevival-mGAM-p2,52,A_E8_A11_AF_AA_mGAM_mGAM_2_S56,101060,112
62,C11-e003Assembly-mGAM-p3,41,A_E8_A11_AF_AA_mGAM_mGAM_2_S56,101060,112
63,C11-e003GlycerolRevival-mGAM-p2,41,A_E8_A11_AF_AA_mGAM_mGAM_2_S56,101060,112
64,e003-inoculumn-fecal-AF,26,A_E8_A11_AF_AA_mGAM_mGAM_2_S56,101060,112
65,C_F4_e003Assembly_6_S256,38,A_E8_A11_AF_AA_mGAM_mGAM_2_S56,101060,112
66,C_F8_e003Assembly_6_S260,71,A_E8_A11_AF_AA_mGAM_mGAM_2_S56,101060,112
67,C_F12_e003Assembly_4_S264,61,A_E8_A11_AF_AA_mGAM_mGAM_2_S56,101060,112
68,D_B8_e003Assembly_S308,62,A_E8_A11_AF_AA_mGAM_mGAM_2_S56,101060,112
69,D_F8_e003Assembly_S356,62,A_E8_A11_AF_AA_mGAM_mGAM_2_S56,101060,112
70,D_F12_e003Assembly_S360,76,A_E8_A11_AF_AA_mGAM_mGAM_2_S56,101060,112
71,C_H2_e003Assembly_S278,74,A_E8_A11_AF_AA_mGAM_mGAM_2_S56,101060,112
72,C_H10_H3_ACPP_AF_mBHI_mGAM_4_S286,62,A_E8_A11_AF_AA_mGAM_mGAM_2_S56,101060,112
0,A_D8_D11_AF_AF_mGAM_mBHI_2_S44,66,A_H5_D8_AA_AF_mGAM_mGAM_2_S89,101060,126
1,A_E8_A11_AF_AA_mGAM_mGAM_2_S56,71,A_H5_D8_AA_AF_mGAM_mGAM_2_S89,101060,126
2,A_H5_D8_AA_AF_mGAM_mGAM_2_S89,126,A_H5_D8_AA_AF_mGAM_mGAM_2_S89,101060,126
3,A_H8_D11_AF_AF_mGAM_mGAM_2_S92,75,A_H5_D8_AA_AF_mGAM_mGAM_2_S89,101060,126
4,B_D8_H11_AF_AF_mGAM_mBHI_2_S140,49,A_H5_D8_AA_AF_mGAM_mGAM_2_S89,101060,126
5,B_E8_E11_AF_AA_mGAM_mGAM_2_S152,65,A_H5_D8_AA_AF_mGAM_mGAM_2_S89,101060,126
6,B_E12_A11_AF_AA_mGAM_mGAM_4_S156,69,A_H5_D8_AA_AF_mGAM_mGAM_2_S89,101060,126
7,B_H5_H8_AA_AF_mGAM_mGAM_2_S185,74,A_H5_D8_AA_AF_mGAM_mGAM_2_S89,101060,126
8,B_H8_H11_AF_AF_mGAM_mGAM_2_S188,62,A_H5_D8_AA_AF_mGAM_mGAM_2_S89,101060,126
9,B_H9_D8_AA_AF_mGAM_mGAM_4_S189,70,A_H5_D8_AA_AF_mGAM_mGAM_2_S89,101060,126
10,C_D8_D11_AF_AF_mGAM_mBHI_6_S236,54,A_H5_D8_AA_AF_mGAM_mGAM_2_S89,101060,126
11,C_E8_A11_AF_AA_mGAM_mGAM_6_S248,75,A_H5_D8_AA_AF_mGAM_mGAM_2_S89,101060,126
12,C_H5_D8_AA_AF_mGAM_mGAM_6_S281,55,A_H5_D8_AA_AF_mGAM_mGAM_2_S89,101060,126
13,C_H8_D11_AF_AF_mGAM_mGAM_6_S284,64,A_H5_D8_AA_AF_mGAM_mGAM_2_S89,101060,126
14,D_D8_D11_AF_AF_mGAM_mBHI_6_S332,67,A_H5_D8_AA_AF_mGAM_mGAM_2_S89,101060,126
15,D_E8_A11_AF_AA_mGAM_mGAM_6_S344,75,A_H5_D8_AA_AF_mGAM_mGAM_2_S89,101060,126
16,D_E12_E11_AF_AA_mGAM_mGAM_4_S348,75,A_H5_D8_AA_AF_mGAM_mGAM_2_S89,101060,126
17,D_H5_D8_AA_AF_mGAM_mGAM_6_S377,76,A_H5_D8_AA_AF_mGAM_mGAM_2_S89,101060,126
18,D_H8_D11_AF_AF_mGAM_mGAM_6_S380,47,A_H5_D8_AA_AF_mGAM_mGAM_2_S89,101060,126
19,D_H9_H8_AA_AF_mGAM_mGAM_4_S381,43,A_H5_D8_AA_AF_mGAM_mGAM_2_S89,101060,126
20,D11-e003Coalescence-mBHI-p5,58,A_H5_D8_AA_AF_mGAM_mGAM_2_S89,101060,126
21,D11-e003Coalescence-mGAM-p5,66,A_H5_D8_AA_AF_mGAM_mGAM_2_S89,101060,126
22,A11-e003Coalescence-mGAM-p7,52,A_H5_D8_AA_AF_mGAM_mGAM_2_S89,101060,126
23,D8-e003Coalescence-mGAM-p5,53,A_H5_D8_AA_AF_mGAM_mGAM_2_S89,101060,126
24,D11-e003Coalescence-mGAM-p7,69,A_H5_D8_AA_AF_mGAM_mGAM_2_S89,101060,126
25,A11-e003Coalescence-mGAM-p3,61,A_H5_D8_AA_AF_mGAM_mGAM_2_S89,101060,126
26,H111-e003Coalescence-mGAM-p7_S188,56,A_H5_D8_AA_AF_mGAM_mGAM_2_S89,101060,126
27,H111-e003Coalescence-mBHI-p3_S144,68,A_H5_D8_AA_AF_mGAM_mGAM_2_S89,101060,126
28,H111-e003Coalescence-mGAM-p5_S92,66,A_H5_D8_AA_AF_mGAM_mGAM_2_S89,101060,126
29,H8-e003Coalescence-mGAM-p5_S89,51,A_H5_D8_AA_AF_mGAM_mGAM_2_S89,101060,126
30,H111-e003Coalescence-mBHI-p5_S44,65,A_H5_D8_AA_AF_mGAM_mGAM_2_S89,101060,126
31,E111-e003Coalescence-mGAM-p5_S56,65,A_H5_D8_AA_AF_mGAM_mGAM_2_S89,101060,126
32,H111-e003Coalescence-mGAM-p3_S192,69,A_H5_D8_AA_AF_mGAM_mGAM_2_S89,101060,126
33,H8-e003Coalescence-mGAM-p7_S185,62,A_H5_D8_AA_AF_mGAM_mGAM_2_S89,101060,126
34,B5-e003Coalescence-Inoculumn-mGAM,66,A_H5_D8_AA_AF_mGAM_mGAM_2_S89,101060,126
35,D5-e003Coalescence-Inoculumn-mGAM,65,A_H5_D8_AA_AF_mGAM_mGAM_2_S89,101060,126
36,A5-e003Coalescence-Inoculumn-mGAM,61,A_H5_D8_AA_AF_mGAM_mGAM_2_S89,101060,126
37,D2-e003Coalescence-Inoculumn-mGAM,66,A_H5_D8_AA_AF_mGAM_mGAM_2_S89,101060,126
38,D3-e003Coalescence-Inoculumn-mGAM,74,A_H5_D8_AA_AF_mGAM_mGAM_2_S89,101060,126
39,C5-e003Coalescence-Inoculumn-mGAM,72,A_H5_D8_AA_AF_mGAM_mGAM_2_S89,101060,126
40,E11-e003Coalescence-mGAM-p1_S840,72,A_H5_D8_AA_AF_mGAM_mGAM_2_S89,101060,126
41,H8-e003Coalescence-mBHI-p1_S815,58,A_H5_D8_AA_AF_mGAM_mGAM_2_S89,101060,126
42,D8-e003Coalescence-mGAM-p1_S755,69,A_H5_D8_AA_AF_mGAM_mGAM_2_S89,101060,126
43,H11-e003Coalescence-mGAM-p1_S843,55,A_H5_D8_AA_AF_mGAM_mGAM_2_S89,101060,126
44,A11-e003Coalescence-mGAM-p1_S776,34,A_H5_D8_AA_AF_mGAM_mGAM_2_S89,101060,126
45,H11-e003Coalescence-mBHI-p1_S839,71,A_H5_D8_AA_AF_mGAM_mGAM_2_S89,101060,126
46,E11-e003Coalescence-mBHI-p1_S836,63,A_H5_D8_AA_AF_mGAM_mGAM_2_S89,101060,126
47,H8-e003Coalescence-mGAM-p1_S819,64,A_H5_D8_AA_AF_mGAM_mGAM_2_S89,101060,126
48,D11-e003Coalescence-mGAM-p1_S779,65,A_H5_D8_AA_AF_mGAM_mGAM_2_S89,101060,126
49,D11-e003Coalescence-mBHI-p1_S775,51,A_H5_D8_AA_AF_mGAM_mGAM_2_S89,101060,126
50,A11-e003Coalescence-mBHI-p1_S772,30,A_H5_D8_AA_AF_mGAM_mGAM_2_S89,101060,126
51,Coalescence-A12-D11-AF-AF-mGAM-mBHI-7_S631,76,A_H5_D8_AA_AF_mGAM_mGAM_2_S89,101060,126
52,Coalescence-C3-A11-AA-AF-mGAM-mGAM-5_S646,74,A_H5_D8_AA_AF_mGAM_mGAM_2_S89,101060,126
53,Coalescence-F1-D8-AA-AF-mGAM-mGAM-3_S680,74,A_H5_D8_AA_AF_mGAM_mGAM_2_S89,101060,126
54,Coalescence-E8-D11-AF-AF-mGAM-mBHI-3_S675,71,A_H5_D8_AA_AF_mGAM_mGAM_2_S89,101060,126
55,Coalescence-B5-D8-AA-AF-mGAM-mGAM-7_S636,68,A_H5_D8_AA_AF_mGAM_mGAM_2_S89,101060,126
56,Coalescence-F10-H8-AA-AF-mGAM-mGAM-3_S689,75,A_H5_D8_AA_AF_mGAM_mGAM_2_S89,101060,126
57,Coalescence-B6-E11-AA-AF-mGAM-mGAM-7_S637,75,A_H5_D8_AA_AF_mGAM_mGAM_2_S89,101060,126
58,Coalescence-F3-E11-AA-AF-mGAM-mGAM-3_S682,75,A_H5_D8_AA_AF_mGAM_mGAM_2_S89,101060,126
59,B11-e003Assembly-mGAM-p3,19,A_H5_D8_AA_AF_mGAM_mGAM_2_S89,101060,126
60,B11-e003Assembly-mGAM-p5,61,A_H5_D8_AA_AF_mGAM_mGAM_2_S89,101060,126
61,B11-e003GlycerolRevival-mGAM-p2,44,A_H5_D8_AA_AF_mGAM_mGAM_2_S89,101060,126
62,C11-e003Assembly-mGAM-p3,37,A_H5_D8_AA_AF_mGAM_mGAM_2_S89,101060,126
63,C11-e003GlycerolRevival-mGAM-p2,32,A_H5_D8_AA_AF_mGAM_mGAM_2_S89,101060,126
64,e003-inoculumn-fecal-AF,29,A_H5_D8_AA_AF_mGAM_mGAM_2_S89,101060,126
65,C_F4_e003Assembly_6_S256,42,A_H5_D8_AA_AF_mGAM_mGAM_2_S89,101060,126
66,C_F8_e003Assembly_6_S260,70,A_H5_D8_AA_AF_mGAM_mGAM_2_S89,101060,126
67,C_F12_e003Assembly_4_S264,67,A_H5_D8_AA_AF_mGAM_mGAM_2_S89,101060,126
68,D_B8_e003Assembly_S308,63,A_H5_D8_AA_AF_mGAM_mGAM_2_S89,101060,126
69,D_F8_e003Assembly_S356,60,A_H5_D8_AA_AF_mGAM_mGAM_2_S89,101060,126
70,D_F12_e003Assembly_S360,74,A_H5_D8_AA_AF_mGAM_mGAM_2_S89,101060,126
71,C_H2_e003Assembly_S278,75,A_H5_D8_AA_AF_mGAM_mGAM_2_S89,101060,126
72,C_H10_H3_ACPP_AF_mBHI_mGAM_4_S286,61,A_H5_D8_AA_AF_mGAM_mGAM_2_S89,101060,126
0,A_D8_D11_AF_AF_mGAM_mBHI_2_S44,69,A_H8_D11_AF_AF_mGAM_mGAM_2_S92,101060,105
1,A_E8_A11_AF_AA_mGAM_mGAM_2_S56,82,A_H8_D11_AF_AF_mGAM_mGAM_2_S92,101060,105
2,A_H5_D8_AA_AF_mGAM_mGAM_2_S89,75,A_H8_D11_AF_AF_mGAM_mGAM_2_S92,101060,105
3,A_H8_D11_AF_AF_mGAM_mGAM_2_S92,105,A_H8_D11_AF_AF_mGAM_mGAM_2_S92,101060,105
4,B_D8_H11_AF_AF_mGAM_mBHI_2_S140,51,A_H8_D11_AF_AF_mGAM_mGAM_2_S92,101060,105
5,B_E8_E11_AF_AA_mGAM_mGAM_2_S152,68,A_H8_D11_AF_AF_mGAM_mGAM_2_S92,101060,105
6,B_E12_A11_AF_AA_mGAM_mGAM_4_S156,75,A_H8_D11_AF_AF_mGAM_mGAM_2_S92,101060,105
7,B_H5_H8_AA_AF_mGAM_mGAM_2_S185,72,A_H8_D11_AF_AF_mGAM_mGAM_2_S92,101060,105
8,B_H8_H11_AF_AF_mGAM_mGAM_2_S188,65,A_H8_D11_AF_AF_mGAM_mGAM_2_S92,101060,105
9,B_H9_D8_AA_AF_mGAM_mGAM_4_S189,78,A_H8_D11_AF_AF_mGAM_mGAM_2_S92,101060,105
10,C_D8_D11_AF_AF_mGAM_mBHI_6_S236,52,A_H8_D11_AF_AF_mGAM_mGAM_2_S92,101060,105
11,C_E8_A11_AF_AA_mGAM_mGAM_6_S248,75,A_H8_D11_AF_AF_mGAM_mGAM_2_S92,101060,105
12,C_H5_D8_AA_AF_mGAM_mGAM_6_S281,58,A_H8_D11_AF_AF_mGAM_mGAM_2_S92,101060,105
13,C_H8_D11_AF_AF_mGAM_mGAM_6_S284,62,A_H8_D11_AF_AF_mGAM_mGAM_2_S92,101060,105
14,D_D8_D11_AF_AF_mGAM_mBHI_6_S332,67,A_H8_D11_AF_AF_mGAM_mGAM_2_S92,101060,105
15,D_E8_A11_AF_AA_mGAM_mGAM_6_S344,74,A_H8_D11_AF_AF_mGAM_mGAM_2_S92,101060,105
16,D_E12_E11_AF_AA_mGAM_mGAM_4_S348,76,A_H8_D11_AF_AF_mGAM_mGAM_2_S92,101060,105
17,D_H5_D8_AA_AF_mGAM_mGAM_6_S377,77,A_H8_D11_AF_AF_mGAM_mGAM_2_S92,101060,105
18,D_H8_D11_AF_AF_mGAM_mGAM_6_S380,45,A_H8_D11_AF_AF_mGAM_mGAM_2_S92,101060,105
19,D_H9_H8_AA_AF_mGAM_mGAM_4_S381,40,A_H8_D11_AF_AF_mGAM_mGAM_2_S92,101060,105
20,D11-e003Coalescence-mBHI-p5,57,A_H8_D11_AF_AF_mGAM_mGAM_2_S92,101060,105
21,D11-e003Coalescence-mGAM-p5,70,A_H8_D11_AF_AF_mGAM_mGAM_2_S92,101060,105
22,A11-e003Coalescence-mGAM-p7,52,A_H8_D11_AF_AF_mGAM_mGAM_2_S92,101060,105
23,D8-e003Coalescence-mGAM-p5,63,A_H8_D11_AF_AF_mGAM_mGAM_2_S92,101060,105
24,D11-e003Coalescence-mGAM-p7,72,A_H8_D11_AF_AF_mGAM_mGAM_2_S92,101060,105
25,A11-e003Coalescence-mGAM-p3,68,A_H8_D11_AF_AF_mGAM_mGAM_2_S92,101060,105
26,H111-e003Coalescence-mGAM-p7_S188,64,A_H8_D11_AF_AF_mGAM_mGAM_2_S92,101060,105
27,H111-e003Coalescence-mBHI-p3_S144,63,A_H8_D11_AF_AF_mGAM_mGAM_2_S92,101060,105
28,H111-e003Coalescence-mGAM-p5_S92,69,A_H8_D11_AF_AF_mGAM_mGAM_2_S92,101060,105
29,H8-e003Coalescence-mGAM-p5_S89,53,A_H8_D11_AF_AF_mGAM_mGAM_2_S92,101060,105
30,H111-e003Coalescence-mBHI-p5_S44,72,A_H8_D11_AF_AF_mGAM_mGAM_2_S92,101060,105
31,E111-e003Coalescence-mGAM-p5_S56,62,A_H8_D11_AF_AF_mGAM_mGAM_2_S92,101060,105
32,H111-e003Coalescence-mGAM-p3_S192,73,A_H8_D11_AF_AF_mGAM_mGAM_2_S92,101060,105
33,H8-e003Coalescence-mGAM-p7_S185,65,A_H8_D11_AF_AF_mGAM_mGAM_2_S92,101060,105
34,B5-e003Coalescence-Inoculumn-mGAM,64,A_H8_D11_AF_AF_mGAM_mGAM_2_S92,101060,105
35,D5-e003Coalescence-Inoculumn-mGAM,70,A_H8_D11_AF_AF_mGAM_mGAM_2_S92,101060,105
36,A5-e003Coalescence-Inoculumn-mGAM,63,A_H8_D11_AF_AF_mGAM_mGAM_2_S92,101060,105
37,D2-e003Coalescence-Inoculumn-mGAM,69,A_H8_D11_AF_AF_mGAM_mGAM_2_S92,101060,105
38,D3-e003Coalescence-Inoculumn-mGAM,70,A_H8_D11_AF_AF_mGAM_mGAM_2_S92,101060,105
39,C5-e003Coalescence-Inoculumn-mGAM,71,A_H8_D11_AF_AF_mGAM_mGAM_2_S92,101060,105
40,E11-e003Coalescence-mGAM-p1_S840,73,A_H8_D11_AF_AF_mGAM_mGAM_2_S92,101060,105
41,H8-e003Coalescence-mBHI-p1_S815,58,A_H8_D11_AF_AF_mGAM_mGAM_2_S92,101060,105
42,D8-e003Coalescence-mGAM-p1_S755,72,A_H8_D11_AF_AF_mGAM_mGAM_2_S92,101060,105
43,H11-e003Coalescence-mGAM-p1_S843,58,A_H8_D11_AF_AF_mGAM_mGAM_2_S92,101060,105
44,A11-e003Coalescence-mGAM-p1_S776,35,A_H8_D11_AF_AF_mGAM_mGAM_2_S92,101060,105
45,H11-e003Coalescence-mBHI-p1_S839,75,A_H8_D11_AF_AF_mGAM_mGAM_2_S92,101060,105
46,E11-e003Coalescence-mBHI-p1_S836,74,A_H8_D11_AF_AF_mGAM_mGAM_2_S92,101060,105
47,H8-e003Coalescence-mGAM-p1_S819,66,A_H8_D11_AF_AF_mGAM_mGAM_2_S92,101060,105
48,D11-e003Coalescence-mGAM-p1_S779,67,A_H8_D11_AF_AF_mGAM_mGAM_2_S92,101060,105
49,D11-e003Coalescence-mBHI-p1_S775,51,A_H8_D11_AF_AF_mGAM_mGAM_2_S92,101060,105
50,A11-e003Coalescence-mBHI-p1_S772,30,A_H8_D11_AF_AF_mGAM_mGAM_2_S92,101060,105
51,Coalescence-A12-D11-AF-AF-mGAM-mBHI-7_S631,76,A_H8_D11_AF_AF_mGAM_mGAM_2_S92,101060,105
52,Coalescence-C3-A11-AA-AF-mGAM-mGAM-5_S646,71,A_H8_D11_AF_AF_mGAM_mGAM_2_S92,101060,105
53,Coalescence-F1-D8-AA-AF-mGAM-mGAM-3_S680,67,A_H8_D11_AF_AF_mGAM_mGAM_2_S92,101060,105
54,Coalescence-E8-D11-AF-AF-mGAM-mBHI-3_S675,70,A_H8_D11_AF_AF_mGAM_mGAM_2_S92,101060,105
55,Coalescence-B5-D8-AA-AF-mGAM-mGAM-7_S636,71,A_H8_D11_AF_AF_mGAM_mGAM_2_S92,101060,105
56,Coalescence-F10-H8-AA-AF-mGAM-mGAM-3_S689,75,A_H8_D11_AF_AF_mGAM_mGAM_2_S92,101060,105
57,Coalescence-B6-E11-AA-AF-mGAM-mGAM-7_S637,78,A_H8_D11_AF_AF_mGAM_mGAM_2_S92,101060,105
58,Coalescence-F3-E11-AA-AF-mGAM-mGAM-3_S682,77,A_H8_D11_AF_AF_mGAM_mGAM_2_S92,101060,105
59,B11-e003Assembly-mGAM-p3,28,A_H8_D11_AF_AF_mGAM_mGAM_2_S92,101060,105
60,B11-e003Assembly-mGAM-p5,59,A_H8_D11_AF_AF_mGAM_mGAM_2_S92,101060,105
61,B11-e003GlycerolRevival-mGAM-p2,50,A_H8_D11_AF_AF_mGAM_mGAM_2_S92,101060,105
62,C11-e003Assembly-mGAM-p3,38,A_H8_D11_AF_AF_mGAM_mGAM_2_S92,101060,105
63,C11-e003GlycerolRevival-mGAM-p2,40,A_H8_D11_AF_AF_mGAM_mGAM_2_S92,101060,105
64,e003-inoculumn-fecal-AF,29,A_H8_D11_AF_AF_mGAM_mGAM_2_S92,101060,105
65,C_F4_e003Assembly_6_S256,39,A_H8_D11_AF_AF_mGAM_mGAM_2_S92,101060,105
66,C_F8_e003Assembly_6_S260,75,A_H8_D11_AF_AF_mGAM_mGAM_2_S92,101060,105
67,C_F12_e003Assembly_4_S264,67,A_H8_D11_AF_AF_mGAM_mGAM_2_S92,101060,105
68,D_B8_e003Assembly_S308,62,A_H8_D11_AF_AF_mGAM_mGAM_2_S92,101060,105
69,D_F8_e003Assembly_S356,55,A_H8_D11_AF_AF_mGAM_mGAM_2_S92,101060,105
70,D_F12_e003Assembly_S360,77,A_H8_D11_AF_AF_mGAM_mGAM_2_S92,101060,105
71,C_H2_e003Assembly_S278,78,A_H8_D11_AF_AF_mGAM_mGAM_2_S92,101060,105
72,C_H10_H3_ACPP_AF_mBHI_mGAM_4_S286,66,A_H8_D11_AF_AF_mGAM_mGAM_2_S92,101060,105
0,A_D8_D11_AF_AF_mGAM_mBHI_2_S44,43,B_D8_H11_AF_AF_mGAM_mBHI_2_S140,101060,544
1,A_E8_A11_AF_AA_mGAM_mGAM_2_S56,54,B_D8_H11_AF_AF_mGAM_mBHI_2_S140,101060,544
2,A_H5_D8_AA_AF_mGAM_mGAM_2_S89,49,B_D8_H11_AF_AF_mGAM_mBHI_2_S140,101060,544
3,A_H8_D11_AF_AF_mGAM_mGAM_2_S92,51,B_D8_H11_AF_AF_mGAM_mBHI_2_S140,101060,544
4,B_D8_H11_AF_AF_mGAM_mBHI_2_S140,544,B_D8_H11_AF_AF_mGAM_mBHI_2_S140,101060,544
5,B_E8_E11_AF_AA_mGAM_mGAM_2_S152,51,B_D8_H11_AF_AF_mGAM_mBHI_2_S140,101060,544
6,B_E12_A11_AF_AA_mGAM_mGAM_4_S156,51,B_D8_H11_AF_AF_mGAM_mBHI_2_S140,101060,544
7,B_H5_H8_AA_AF_mGAM_mGAM_2_S185,50,B_D8_H11_AF_AF_mGAM_mBHI_2_S140,101060,544
8,B_H8_H11_AF_AF_mGAM_mGAM_2_S188,45,B_D8_H11_AF_AF_mGAM_mBHI_2_S140,101060,544
9,B_H9_D8_AA_AF_mGAM_mGAM_4_S189,58,B_D8_H11_AF_AF_mGAM_mBHI_2_S140,101060,544
10,C_D8_D11_AF_AF_mGAM_mBHI_6_S236,37,B_D8_H11_AF_AF_mGAM_mBHI_2_S140,101060,544
11,C_E8_A11_AF_AA_mGAM_mGAM_6_S248,53,B_D8_H11_AF_AF_mGAM_mBHI_2_S140,101060,544
12,C_H5_D8_AA_AF_mGAM_mGAM_6_S281,36,B_D8_H11_AF_AF_mGAM_mBHI_2_S140,101060,544
13,C_H8_D11_AF_AF_mGAM_mGAM_6_S284,46,B_D8_H11_AF_AF_mGAM_mBHI_2_S140,101060,544
14,D_D8_D11_AF_AF_mGAM_mBHI_6_S332,54,B_D8_H11_AF_AF_mGAM_mBHI_2_S140,101060,544
15,D_E8_A11_AF_AA_mGAM_mGAM_6_S344,58,B_D8_H11_AF_AF_mGAM_mBHI_2_S140,101060,544
16,D_E12_E11_AF_AA_mGAM_mGAM_4_S348,57,B_D8_H11_AF_AF_mGAM_mBHI_2_S140,101060,544
17,D_H5_D8_AA_AF_mGAM_mGAM_6_S377,52,B_D8_H11_AF_AF_mGAM_mBHI_2_S140,101060,544
18,D_H8_D11_AF_AF_mGAM_mGAM_6_S380,33,B_D8_H11_AF_AF_mGAM_mBHI_2_S140,101060,544
19,D_H9_H8_AA_AF_mGAM_mGAM_4_S381,26,B_D8_H11_AF_AF_mGAM_mBHI_2_S140,101060,544
20,D11-e003Coalescence-mBHI-p5,46,B_D8_H11_AF_AF_mGAM_mBHI_2_S140,101060,544
21,D11-e003Coalescence-mGAM-p5,53,B_D8_H11_AF_AF_mGAM_mBHI_2_S140,101060,544
22,A11-e003Coalescence-mGAM-p7,40,B_D8_H11_AF_AF_mGAM_mBHI_2_S140,101060,544
23,D8-e003Coalescence-mGAM-p5,49,B_D8_H11_AF_AF_mGAM_mBHI_2_S140,101060,544
24,D11-e003Coalescence-mGAM-p7,50,B_D8_H11_AF_AF_mGAM_mBHI_2_S140,101060,544
25,A11-e003Coalescence-mGAM-p3,39,B_D8_H11_AF_AF_mGAM_mBHI_2_S140,101060,544
26,H111-e003Coalescence-mGAM-p7_S188,41,B_D8_H11_AF_AF_mGAM_mBHI_2_S140,101060,544
27,H111-e003Coalescence-mBHI-p3_S144,52,B_D8_H11_AF_AF_mGAM_mBHI_2_S140,101060,544
28,H111-e003Coalescence-mGAM-p5_S92,50,B_D8_H11_AF_AF_mGAM_mBHI_2_S140,101060,544
29,H8-e003Coalescence-mGAM-p5_S89,41,B_D8_H11_AF_AF_mGAM_mBHI_2_S140,101060,544
30,H111-e003Coalescence-mBHI-p5_S44,54,B_D8_H11_AF_AF_mGAM_mBHI_2_S140,101060,544
31,E111-e003Coalescence-mGAM-p5_S56,37,B_D8_H11_AF_AF_mGAM_mBHI_2_S140,101060,544
32,H111-e003Coalescence-mGAM-p3_S192,53,B_D8_H11_AF_AF_mGAM_mBHI_2_S140,101060,544
33,H8-e003Coalescence-mGAM-p7_S185,52,B_D8_H11_AF_AF_mGAM_mBHI_2_S140,101060,544
34,B5-e003Coalescence-Inoculumn-mGAM,40,B_D8_H11_AF_AF_mGAM_mBHI_2_S140,101060,544
35,D5-e003Coalescence-Inoculumn-mGAM,53,B_D8_H11_AF_AF_mGAM_mBHI_2_S140,101060,544
36,A5-e003Coalescence-Inoculumn-mGAM,43,B_D8_H11_AF_AF_mGAM_mBHI_2_S140,101060,544
37,D2-e003Coalescence-Inoculumn-mGAM,52,B_D8_H11_AF_AF_mGAM_mBHI_2_S140,101060,544
38,D3-e003Coalescence-Inoculumn-mGAM,63,B_D8_H11_AF_AF_mGAM_mBHI_2_S140,101060,544
39,C5-e003Coalescence-Inoculumn-mGAM,57,B_D8_H11_AF_AF_mGAM_mBHI_2_S140,101060,544
40,E11-e003Coalescence-mGAM-p1_S840,47,B_D8_H11_AF_AF_mGAM_mBHI_2_S140,101060,544
41,H8-e003Coalescence-mBHI-p1_S815,39,B_D8_H11_AF_AF_mGAM_mBHI_2_S140,101060,544
42,D8-e003Coalescence-mGAM-p1_S755,48,B_D8_H11_AF_AF_mGAM_mBHI_2_S140,101060,544
43,H11-e003Coalescence-mGAM-p1_S843,46,B_D8_H11_AF_AF_mGAM_mBHI_2_S140,101060,544
44,A11-e003Coalescence-mGAM-p1_S776,24,B_D8_H11_AF_AF_mGAM_mBHI_2_S140,101060,544
45,H11-e003Coalescence-mBHI-p1_S839,52,B_D8_H11_AF_AF_mGAM_mBHI_2_S140,101060,544
46,E11-e003Coalescence-mBHI-p1_S836,43,B_D8_H11_AF_AF_mGAM_mBHI_2_S140,101060,544
47,H8-e003Coalescence-mGAM-p1_S819,42,B_D8_H11_AF_AF_mGAM_mBHI_2_S140,101060,544
48,D11-e003Coalescence-mGAM-p1_S779,49,B_D8_H11_AF_AF_mGAM_mBHI_2_S140,101060,544
49,D11-e003Coalescence-mBHI-p1_S775,35,B_D8_H11_AF_AF_mGAM_mBHI_2_S140,101060,544
50,A11-e003Coalescence-mBHI-p1_S772,29,B_D8_H11_AF_AF_mGAM_mBHI_2_S140,101060,544
51,Coalescence-A12-D11-AF-AF-mGAM-mBHI-7_S631,48,B_D8_H11_AF_AF_mGAM_mBHI_2_S140,101060,544
52,Coalescence-C3-A11-AA-AF-mGAM-mGAM-5_S646,50,B_D8_H11_AF_AF_mGAM_mBHI_2_S140,101060,544
53,Coalescence-F1-D8-AA-AF-mGAM-mGAM-3_S680,47,B_D8_H11_AF_AF_mGAM_mBHI_2_S140,101060,544
54,Coalescence-E8-D11-AF-AF-mGAM-mBHI-3_S675,52,B_D8_H11_AF_AF_mGAM_mBHI_2_S140,101060,544
55,Coalescence-B5-D8-AA-AF-mGAM-mGAM-7_S636,46,B_D8_H11_AF_AF_mGAM_mBHI_2_S140,101060,544
56,Coalescence-F10-H8-AA-AF-mGAM-mGAM-3_S689,45,B_D8_H11_AF_AF_mGAM_mBHI_2_S140,101060,544
57,Coalescence-B6-E11-AA-AF-mGAM-mGAM-7_S637,46,B_D8_H11_AF_AF_mGAM_mBHI_2_S140,101060,544
58,Coalescence-F3-E11-AA-AF-mGAM-mGAM-3_S682,52,B_D8_H11_AF_AF_mGAM_mBHI_2_S140,101060,544
59,B11-e003Assembly-mGAM-p3,26,B_D8_H11_AF_AF_mGAM_mBHI_2_S140,101060,544
60,B11-e003Assembly-mGAM-p5,43,B_D8_H11_AF_AF_mGAM_mBHI_2_S140,101060,544
61,B11-e003GlycerolRevival-mGAM-p2,34,B_D8_H11_AF_AF_mGAM_mBHI_2_S140,101060,544
62,C11-e003Assembly-mGAM-p3,28,B_D8_H11_AF_AF_mGAM_mBHI_2_S140,101060,544
63,C11-e003GlycerolRevival-mGAM-p2,29,B_D8_H11_AF_AF_mGAM_mBHI_2_S140,101060,544
64,e003-inoculumn-fecal-AF,17,B_D8_H11_AF_AF_mGAM_mBHI_2_S140,101060,544
65,C_F4_e003Assembly_6_S256,26,B_D8_H11_AF_AF_mGAM_mBHI_2_S140,101060,544
66,C_F8_e003Assembly_6_S260,51,B_D8_H11_AF_AF_mGAM_mBHI_2_S140,101060,544
67,C_F12_e003Assembly_4_S264,51,B_D8_H11_AF_AF_mGAM_mBHI_2_S140,101060,544
68,D_B8_e003Assembly_S308,45,B_D8_H11_AF_AF_mGAM_mBHI_2_S140,101060,544
69,D_F8_e003Assembly_S356,43,B_D8_H11_AF_AF_mGAM_mBHI_2_S140,101060,544
70,D_F12_e003Assembly_S360,57,B_D8_H11_AF_AF_mGAM_mBHI_2_S140,101060,544
71,C_H2_e003Assembly_S278,51,B_D8_H11_AF_AF_mGAM_mBHI_2_S140,101060,544
72,C_H10_H3_ACPP_AF_mBHI_mGAM_4_S286,37,B_D8_H11_AF_AF_mGAM_mBHI_2_S140,101060,544
0,A_D8_D11_AF_AF_mGAM_mBHI_2_S44,65,B_E8_E11_AF_AA_mGAM_mGAM_2_S152,101060,114
1,A_E8_A11_AF_AA_mGAM_mGAM_2_S56,73,B_E8_E11_AF_AA_mGAM_mGAM_2_S152,101060,114
2,A_H5_D8_AA_AF_mGAM_mGAM_2_S89,65,B_E8_E11_AF_AA_mGAM_mGAM_2_S152,101060,114
3,A_H8_D11_AF_AF_mGAM_mGAM_2_S92,68,B_E8_E11_AF_AA_mGAM_mGAM_2_S152,101060,114
4,B_D8_H11_AF_AF_mGAM_mBHI_2_S140,51,B_E8_E11_AF_AA_mGAM_mGAM_2_S152,101060,114
5,B_E8_E11_AF_AA_mGAM_mGAM_2_S152,114,B_E8_E11_AF_AA_mGAM_mGAM_2_S152,101060,114
6,B_E12_A11_AF_AA_mGAM_mGAM_4_S156,67,B_E8_E11_AF_AA_mGAM_mGAM_2_S152,101060,114
7,B_H5_H8_AA_AF_mGAM_mGAM_2_S185,77,B_E8_E11_AF_AA_mGAM_mGAM_2_S152,101060,114
8,B_H8_H11_AF_AF_mGAM_mGAM_2_S188,65,B_E8_E11_AF_AA_mGAM_mGAM_2_S152,101060,114
9,B_H9_D8_AA_AF_mGAM_mGAM_4_S189,70,B_E8_E11_AF_AA_mGAM_mGAM_2_S152,101060,114
10,C_D8_D11_AF_AF_mGAM_mBHI_6_S236,62,B_E8_E11_AF_AA_mGAM_mGAM_2_S152,101060,114
11,C_E8_A11_AF_AA_mGAM_mGAM_6_S248,73,B_E8_E11_AF_AA_mGAM_mGAM_2_S152,101060,114
12,C_H5_D8_AA_AF_mGAM_mGAM_6_S281,56,B_E8_E11_AF_AA_mGAM_mGAM_2_S152,101060,114
13,C_H8_D11_AF_AF_mGAM_mGAM_6_S284,69,B_E8_E11_AF_AA_mGAM_mGAM_2_S152,101060,114
14,D_D8_D11_AF_AF_mGAM_mBHI_6_S332,64,B_E8_E11_AF_AA_mGAM_mGAM_2_S152,101060,114
15,D_E8_A11_AF_AA_mGAM_mGAM_6_S344,63,B_E8_E11_AF_AA_mGAM_mGAM_2_S152,101060,114
16,D_E12_E11_AF_AA_mGAM_mGAM_4_S348,70,B_E8_E11_AF_AA_mGAM_mGAM_2_S152,101060,114
17,D_H5_D8_AA_AF_mGAM_mGAM_6_S377,75,B_E8_E11_AF_AA_mGAM_mGAM_2_S152,101060,114
18,D_H8_D11_AF_AF_mGAM_mGAM_6_S380,45,B_E8_E11_AF_AA_mGAM_mGAM_2_S152,101060,114
19,D_H9_H8_AA_AF_mGAM_mGAM_4_S381,38,B_E8_E11_AF_AA_mGAM_mGAM_2_S152,101060,114
20,D11-e003Coalescence-mBHI-p5,57,B_E8_E11_AF_AA_mGAM_mGAM_2_S152,101060,114
21,D11-e003Coalescence-mGAM-p5,66,B_E8_E11_AF_AA_mGAM_mGAM_2_S152,101060,114
22,A11-e003Coalescence-mGAM-p7,50,B_E8_E11_AF_AA_mGAM_mGAM_2_S152,101060,114
23,D8-e003Coalescence-mGAM-p5,63,B_E8_E11_AF_AA_mGAM_mGAM_2_S152,101060,114
24,D11-e003Coalescence-mGAM-p7,74,B_E8_E11_AF_AA_mGAM_mGAM_2_S152,101060,114
25,A11-e003Coalescence-mGAM-p3,65,B_E8_E11_AF_AA_mGAM_mGAM_2_S152,101060,114
26,H111-e003Coalescence-mGAM-p7_S188,60,B_E8_E11_AF_AA_mGAM_mGAM_2_S152,101060,114
27,H111-e003Coalescence-mBHI-p3_S144,71,B_E8_E11_AF_AA_mGAM_mGAM_2_S152,101060,114
28,H111-e003Coalescence-mGAM-p5_S92,69,B_E8_E11_AF_AA_mGAM_mGAM_2_S152,101060,114
29,H8-e003Coalescence-mGAM-p5_S89,63,B_E8_E11_AF_AA_mGAM_mGAM_2_S152,101060,114
30,H111-e003Coalescence-mBHI-p5_S44,65,B_E8_E11_AF_AA_mGAM_mGAM_2_S152,101060,114
31,E111-e003Coalescence-mGAM-p5_S56,60,B_E8_E11_AF_AA_mGAM_mGAM_2_S152,101060,114
32,H111-e003Coalescence-mGAM-p3_S192,71,B_E8_E11_AF_AA_mGAM_mGAM_2_S152,101060,114
33,H8-e003Coalescence-mGAM-p7_S185,67,B_E8_E11_AF_AA_mGAM_mGAM_2_S152,101060,114
34,B5-e003Coalescence-Inoculumn-mGAM,58,B_E8_E11_AF_AA_mGAM_mGAM_2_S152,101060,114
35,D5-e003Coalescence-Inoculumn-mGAM,57,B_E8_E11_AF_AA_mGAM_mGAM_2_S152,101060,114
36,A5-e003Coalescence-Inoculumn-mGAM,63,B_E8_E11_AF_AA_mGAM_mGAM_2_S152,101060,114
37,D2-e003Coalescence-Inoculumn-mGAM,52,B_E8_E11_AF_AA_mGAM_mGAM_2_S152,101060,114
38,D3-e003Coalescence-Inoculumn-mGAM,65,B_E8_E11_AF_AA_mGAM_mGAM_2_S152,101060,114
39,C5-e003Coalescence-Inoculumn-mGAM,74,B_E8_E11_AF_AA_mGAM_mGAM_2_S152,101060,114
40,E11-e003Coalescence-mGAM-p1_S840,67,B_E8_E11_AF_AA_mGAM_mGAM_2_S152,101060,114
41,H8-e003Coalescence-mBHI-p1_S815,48,B_E8_E11_AF_AA_mGAM_mGAM_2_S152,101060,114
42,D8-e003Coalescence-mGAM-p1_S755,67,B_E8_E11_AF_AA_mGAM_mGAM_2_S152,101060,114
43,H11-e003Coalescence-mGAM-p1_S843,55,B_E8_E11_AF_AA_mGAM_mGAM_2_S152,101060,114
44,A11-e003Coalescence-mGAM-p1_S776,34,B_E8_E11_AF_AA_mGAM_mGAM_2_S152,101060,114
45,H11-e003Coalescence-mBHI-p1_S839,67,B_E8_E11_AF_AA_mGAM_mGAM_2_S152,101060,114
46,E11-e003Coalescence-mBHI-p1_S836,61,B_E8_E11_AF_AA_mGAM_mGAM_2_S152,101060,114
47,H8-e003Coalescence-mGAM-p1_S819,66,B_E8_E11_AF_AA_mGAM_mGAM_2_S152,101060,114
48,D11-e003Coalescence-mGAM-p1_S779,71,B_E8_E11_AF_AA_mGAM_mGAM_2_S152,101060,114
49,D11-e003Coalescence-mBHI-p1_S775,49,B_E8_E11_AF_AA_mGAM_mGAM_2_S152,101060,114
50,A11-e003Coalescence-mBHI-p1_S772,31,B_E8_E11_AF_AA_mGAM_mGAM_2_S152,101060,114
51,Coalescence-A12-D11-AF-AF-mGAM-mBHI-7_S631,71,B_E8_E11_AF_AA_mGAM_mGAM_2_S152,101060,114
52,Coalescence-C3-A11-AA-AF-mGAM-mGAM-5_S646,74,B_E8_E11_AF_AA_mGAM_mGAM_2_S152,101060,114
53,Coalescence-F1-D8-AA-AF-mGAM-mGAM-3_S680,76,B_E8_E11_AF_AA_mGAM_mGAM_2_S152,101060,114
54,Coalescence-E8-D11-AF-AF-mGAM-mBHI-3_S675,72,B_E8_E11_AF_AA_mGAM_mGAM_2_S152,101060,114
55,Coalescence-B5-D8-AA-AF-mGAM-mGAM-7_S636,65,B_E8_E11_AF_AA_mGAM_mGAM_2_S152,101060,114
56,Coalescence-F10-H8-AA-AF-mGAM-mGAM-3_S689,73,B_E8_E11_AF_AA_mGAM_mGAM_2_S152,101060,114
57,Coalescence-B6-E11-AA-AF-mGAM-mGAM-7_S637,66,B_E8_E11_AF_AA_mGAM_mGAM_2_S152,101060,114
58,Coalescence-F3-E11-AA-AF-mGAM-mGAM-3_S682,75,B_E8_E11_AF_AA_mGAM_mGAM_2_S152,101060,114
59,B11-e003Assembly-mGAM-p3,27,B_E8_E11_AF_AA_mGAM_mGAM_2_S152,101060,114
60,B11-e003Assembly-mGAM-p5,58,B_E8_E11_AF_AA_mGAM_mGAM_2_S152,101060,114
61,B11-e003GlycerolRevival-mGAM-p2,50,B_E8_E11_AF_AA_mGAM_mGAM_2_S152,101060,114
62,C11-e003Assembly-mGAM-p3,39,B_E8_E11_AF_AA_mGAM_mGAM_2_S152,101060,114
63,C11-e003GlycerolRevival-mGAM-p2,32,B_E8_E11_AF_AA_mGAM_mGAM_2_S152,101060,114
64,e003-inoculumn-fecal-AF,30,B_E8_E11_AF_AA_mGAM_mGAM_2_S152,101060,114
65,C_F4_e003Assembly_6_S256,45,B_E8_E11_AF_AA_mGAM_mGAM_2_S152,101060,114
66,C_F8_e003Assembly_6_S260,68,B_E8_E11_AF_AA_mGAM_mGAM_2_S152,101060,114
67,C_F12_e003Assembly_4_S264,61,B_E8_E11_AF_AA_mGAM_mGAM_2_S152,101060,114
68,D_B8_e003Assembly_S308,68,B_E8_E11_AF_AA_mGAM_mGAM_2_S152,101060,114
69,D_F8_e003Assembly_S356,68,B_E8_E11_AF_AA_mGAM_mGAM_2_S152,101060,114
70,D_F12_e003Assembly_S360,74,B_E8_E11_AF_AA_mGAM_mGAM_2_S152,101060,114
71,C_H2_e003Assembly_S278,67,B_E8_E11_AF_AA_mGAM_mGAM_2_S152,101060,114
72,C_H10_H3_ACPP_AF_mBHI_mGAM_4_S286,56,B_E8_E11_AF_AA_mGAM_mGAM_2_S152,101060,114
0,A_D8_D11_AF_AF_mGAM_mBHI_2_S44,68,B_E12_A11_AF_AA_mGAM_mGAM_4_S156,101060,115
1,A_E8_A11_AF_AA_mGAM_mGAM_2_S56,70,B_E12_A11_AF_AA_mGAM_mGAM_4_S156,101060,115
2,A_H5_D8_AA_AF_mGAM_mGAM_2_S89,69,B_E12_A11_AF_AA_mGAM_mGAM_4_S156,101060,115
3,A_H8_D11_AF_AF_mGAM_mGAM_2_S92,75,B_E12_A11_AF_AA_mGAM_mGAM_4_S156,101060,115
4,B_D8_H11_AF_AF_mGAM_mBHI_2_S140,51,B_E12_A11_AF_AA_mGAM_mGAM_4_S156,101060,115
5,B_E8_E11_AF_AA_mGAM_mGAM_2_S152,67,B_E12_A11_AF_AA_mGAM_mGAM_4_S156,101060,115
6,B_E12_A11_AF_AA_mGAM_mGAM_4_S156,115,B_E12_A11_AF_AA_mGAM_mGAM_4_S156,101060,115
7,B_H5_H8_AA_AF_mGAM_mGAM_2_S185,70,B_E12_A11_AF_AA_mGAM_mGAM_4_S156,101060,115
8,B_H8_H11_AF_AF_mGAM_mGAM_2_S188,63,B_E12_A11_AF_AA_mGAM_mGAM_4_S156,101060,115
9,B_H9_D8_AA_AF_mGAM_mGAM_4_S189,68,B_E12_A11_AF_AA_mGAM_mGAM_4_S156,101060,115
10,C_D8_D11_AF_AF_mGAM_mBHI_6_S236,48,B_E12_A11_AF_AA_mGAM_mGAM_4_S156,101060,115
11,C_E8_A11_AF_AA_mGAM_mGAM_6_S248,73,B_E12_A11_AF_AA_mGAM_mGAM_4_S156,101060,115
12,C_H5_D8_AA_AF_mGAM_mGAM_6_S281,59,B_E12_A11_AF_AA_mGAM_mGAM_4_S156,101060,115
13,C_H8_D11_AF_AF_mGAM_mGAM_6_S284,63,B_E12_A11_AF_AA_mGAM_mGAM_4_S156,101060,115
14,D_D8_D11_AF_AF_mGAM_mBHI_6_S332,70,B_E12_A11_AF_AA_mGAM_mGAM_4_S156,101060,115
15,D_E8_A11_AF_AA_mGAM_mGAM_6_S344,72,B_E12_A11_AF_AA_mGAM_mGAM_4_S156,101060,115
16,D_E12_E11_AF_AA_mGAM_mGAM_4_S348,68,B_E12_A11_AF_AA_mGAM_mGAM_4_S156,101060,115
17,D_H5_D8_AA_AF_mGAM_mGAM_6_S377,74,B_E12_A11_AF_AA_mGAM_mGAM_4_S156,101060,115
18,D_H8_D11_AF_AF_mGAM_mGAM_6_S380,44,B_E12_A11_AF_AA_mGAM_mGAM_4_S156,101060,115
19,D_H9_H8_AA_AF_mGAM_mGAM_4_S381,38,B_E12_A11_AF_AA_mGAM_mGAM_4_S156,101060,115
20,D11-e003Coalescence-mBHI-p5,56,B_E12_A11_AF_AA_mGAM_mGAM_4_S156,101060,115
21,D11-e003Coalescence-mGAM-p5,67,B_E12_A11_AF_AA_mGAM_mGAM_4_S156,101060,115
22,A11-e003Coalescence-mGAM-p7,45,B_E12_A11_AF_AA_mGAM_mGAM_4_S156,101060,115
23,D8-e003Coalescence-mGAM-p5,59,B_E12_A11_AF_AA_mGAM_mGAM_4_S156,101060,115
24,D11-e003Coalescence-mGAM-p7,72,B_E12_A11_AF_AA_mGAM_mGAM_4_S156,101060,115
25,A11-e003Coalescence-mGAM-p3,61,B_E12_A11_AF_AA_mGAM_mGAM_4_S156,101060,115
26,H111-e003Coalescence-mGAM-p7_S188,65,B_E12_A11_AF_AA_mGAM_mGAM_4_S156,101060,115
27,H111-e003Coalescence-mBHI-p3_S144,74,B_E12_A11_AF_AA_mGAM_mGAM_4_S156,101060,115
28,H111-e003Coalescence-mGAM-p5_S92,69,B_E12_A11_AF_AA_mGAM_mGAM_4_S156,101060,115
29,H8-e003Coalescence-mGAM-p5_S89,52,B_E12_A11_AF_AA_mGAM_mGAM_4_S156,101060,115
30,H111-e003Coalescence-mBHI-p5_S44,65,B_E12_A11_AF_AA_mGAM_mGAM_4_S156,101060,115
31,E111-e003Coalescence-mGAM-p5_S56,58,B_E12_A11_AF_AA_mGAM_mGAM_4_S156,101060,115
32,H111-e003Coalescence-mGAM-p3_S192,72,B_E12_A11_AF_AA_mGAM_mGAM_4_S156,101060,115
33,H8-e003Coalescence-mGAM-p7_S185,76,B_E12_A11_AF_AA_mGAM_mGAM_4_S156,101060,115
34,B5-e003Coalescence-Inoculumn-mGAM,62,B_E12_A11_AF_AA_mGAM_mGAM_4_S156,101060,115
35,D5-e003Coalescence-Inoculumn-mGAM,60,B_E12_A11_AF_AA_mGAM_mGAM_4_S156,101060,115
36,A5-e003Coalescence-Inoculumn-mGAM,61,B_E12_A11_AF_AA_mGAM_mGAM_4_S156,101060,115
37,D2-e003Coalescence-Inoculumn-mGAM,67,B_E12_A11_AF_AA_mGAM_mGAM_4_S156,101060,115
38,D3-e003Coalescence-Inoculumn-mGAM,65,B_E12_A11_AF_AA_mGAM_mGAM_4_S156,101060,115
39,C5-e003Coalescence-Inoculumn-mGAM,68,B_E12_A11_AF_AA_mGAM_mGAM_4_S156,101060,115
40,E11-e003Coalescence-mGAM-p1_S840,76,B_E12_A11_AF_AA_mGAM_mGAM_4_S156,101060,115
41,H8-e003Coalescence-mBHI-p1_S815,50,B_E12_A11_AF_AA_mGAM_mGAM_4_S156,101060,115
42,D8-e003Coalescence-mGAM-p1_S755,57,B_E12_A11_AF_AA_mGAM_mGAM_4_S156,101060,115
43,H11-e003Coalescence-mGAM-p1_S843,61,B_E12_A11_AF_AA_mGAM_mGAM_4_S156,101060,115
44,A11-e003Coalescence-mGAM-p1_S776,35,B_E12_A11_AF_AA_mGAM_mGAM_4_S156,101060,115
45,H11-e003Coalescence-mBHI-p1_S839,78,B_E12_A11_AF_AA_mGAM_mGAM_4_S156,101060,115
46,E11-e003Coalescence-mBHI-p1_S836,64,B_E12_A11_AF_AA_mGAM_mGAM_4_S156,101060,115
47,H8-e003Coalescence-mGAM-p1_S819,62,B_E12_A11_AF_AA_mGAM_mGAM_4_S156,101060,115
48,D11-e003Coalescence-mGAM-p1_S779,64,B_E12_A11_AF_AA_mGAM_mGAM_4_S156,101060,115
49,D11-e003Coalescence-mBHI-p1_S775,51,B_E12_A11_AF_AA_mGAM_mGAM_4_S156,101060,115
50,A11-e003Coalescence-mBHI-p1_S772,28,B_E12_A11_AF_AA_mGAM_mGAM_4_S156,101060,115
51,Coalescence-A12-D11-AF-AF-mGAM-mBHI-7_S631,67,B_E12_A11_AF_AA_mGAM_mGAM_4_S156,101060,115
52,Coalescence-C3-A11-AA-AF-mGAM-mGAM-5_S646,68,B_E12_A11_AF_AA_mGAM_mGAM_4_S156,101060,115
53,Coalescence-F1-D8-AA-AF-mGAM-mGAM-3_S680,67,B_E12_A11_AF_AA_mGAM_mGAM_4_S156,101060,115
54,Coalescence-E8-D11-AF-AF-mGAM-mBHI-3_S675,72,B_E12_A11_AF_AA_mGAM_mGAM_4_S156,101060,115
55,Coalescence-B5-D8-AA-AF-mGAM-mGAM-7_S636,80,B_E12_A11_AF_AA_mGAM_mGAM_4_S156,101060,115
56,Coalescence-F10-H8-AA-AF-mGAM-mGAM-3_S689,71,B_E12_A11_AF_AA_mGAM_mGAM_4_S156,101060,115
57,Coalescence-B6-E11-AA-AF-mGAM-mGAM-7_S637,73,B_E12_A11_AF_AA_mGAM_mGAM_4_S156,101060,115
58,Coalescence-F3-E11-AA-AF-mGAM-mGAM-3_S682,71,B_E12_A11_AF_AA_mGAM_mGAM_4_S156,101060,115
59,B11-e003Assembly-mGAM-p3,30,B_E12_A11_AF_AA_mGAM_mGAM_4_S156,101060,115
60,B11-e003Assembly-mGAM-p5,56,B_E12_A11_AF_AA_mGAM_mGAM_4_S156,101060,115
61,B11-e003GlycerolRevival-mGAM-p2,55,B_E12_A11_AF_AA_mGAM_mGAM_4_S156,101060,115
62,C11-e003Assembly-mGAM-p3,34,B_E12_A11_AF_AA_mGAM_mGAM_4_S156,101060,115
63,C11-e003GlycerolRevival-mGAM-p2,40,B_E12_A11_AF_AA_mGAM_mGAM_4_S156,101060,115
64,e003-inoculumn-fecal-AF,28,B_E12_A11_AF_AA_mGAM_mGAM_4_S156,101060,115
65,C_F4_e003Assembly_6_S256,40,B_E12_A11_AF_AA_mGAM_mGAM_4_S156,101060,115
66,C_F8_e003Assembly_6_S260,67,B_E12_A11_AF_AA_mGAM_mGAM_4_S156,101060,115
67,C_F12_e003Assembly_4_S264,63,B_E12_A11_AF_AA_mGAM_mGAM_4_S156,101060,115
68,D_B8_e003Assembly_S308,66,B_E12_A11_AF_AA_mGAM_mGAM_4_S156,101060,115
69,D_F8_e003Assembly_S356,61,B_E12_A11_AF_AA_mGAM_mGAM_4_S156,101060,115
70,D_F12_e003Assembly_S360,76,B_E12_A11_AF_AA_mGAM_mGAM_4_S156,101060,115
71,C_H2_e003Assembly_S278,76,B_E12_A11_AF_AA_mGAM_mGAM_4_S156,101060,115
72,C_H10_H3_ACPP_AF_mBHI_mGAM_4_S286,59,B_E12_A11_AF_AA_mGAM_mGAM_4_S156,101060,115
0,A_D8_D11_AF_AF_mGAM_mBHI_2_S44,66,B_H5_H8_AA_AF_mGAM_mGAM_2_S185,101060,100
1,A_E8_A11_AF_AA_mGAM_mGAM_2_S56,67,B_H5_H8_AA_AF_mGAM_mGAM_2_S185,101060,100
2,A_H5_D8_AA_AF_mGAM_mGAM_2_S89,74,B_H5_H8_AA_AF_mGAM_mGAM_2_S185,101060,100
3,A_H8_D11_AF_AF_mGAM_mGAM_2_S92,72,B_H5_H8_AA_AF_mGAM_mGAM_2_S185,101060,100
4,B_D8_H11_AF_AF_mGAM_mBHI_2_S140,50,B_H5_H8_AA_AF_mGAM_mGAM_2_S185,101060,100
5,B_E8_E11_AF_AA_mGAM_mGAM_2_S152,77,B_H5_H8_AA_AF_mGAM_mGAM_2_S185,101060,100
6,B_E12_A11_AF_AA_mGAM_mGAM_4_S156,70,B_H5_H8_AA_AF_mGAM_mGAM_2_S185,101060,100
7,B_H5_H8_AA_AF_mGAM_mGAM_2_S185,100,B_H5_H8_AA_AF_mGAM_mGAM_2_S185,101060,100
8,B_H8_H11_AF_AF_mGAM_mGAM_2_S188,64,B_H5_H8_AA_AF_mGAM_mGAM_2_S185,101060,100
9,B_H9_D8_AA_AF_mGAM_mGAM_4_S189,71,B_H5_H8_AA_AF_mGAM_mGAM_2_S185,101060,100
10,C_D8_D11_AF_AF_mGAM_mBHI_6_S236,52,B_H5_H8_AA_AF_mGAM_mGAM_2_S185,101060,100
11,C_E8_A11_AF_AA_mGAM_mGAM_6_S248,74,B_H5_H8_AA_AF_mGAM_mGAM_2_S185,101060,100
12,C_H5_D8_AA_AF_mGAM_mGAM_6_S281,53,B_H5_H8_AA_AF_mGAM_mGAM_2_S185,101060,100
13,C_H8_D11_AF_AF_mGAM_mGAM_6_S284,71,B_H5_H8_AA_AF_mGAM_mGAM_2_S185,101060,100
14,D_D8_D11_AF_AF_mGAM_mBHI_6_S332,61,B_H5_H8_AA_AF_mGAM_mGAM_2_S185,101060,100
15,D_E8_A11_AF_AA_mGAM_mGAM_6_S344,73,B_H5_H8_AA_AF_mGAM_mGAM_2_S185,101060,100
16,D_E12_E11_AF_AA_mGAM_mGAM_4_S348,74,B_H5_H8_AA_AF_mGAM_mGAM_2_S185,101060,100
17,D_H5_D8_AA_AF_mGAM_mGAM_6_S377,83,B_H5_H8_AA_AF_mGAM_mGAM_2_S185,101060,100
18,D_H8_D11_AF_AF_mGAM_mGAM_6_S380,42,B_H5_H8_AA_AF_mGAM_mGAM_2_S185,101060,100
19,D_H9_H8_AA_AF_mGAM_mGAM_4_S381,45,B_H5_H8_AA_AF_mGAM_mGAM_2_S185,101060,100
20,D11-e003Coalescence-mBHI-p5,63,B_H5_H8_AA_AF_mGAM_mGAM_2_S185,101060,100
21,D11-e003Coalescence-mGAM-p5,71,B_H5_H8_AA_AF_mGAM_mGAM_2_S185,101060,100
22,A11-e003Coalescence-mGAM-p7,53,B_H5_H8_AA_AF_mGAM_mGAM_2_S185,101060,100
23,D8-e003Coalescence-mGAM-p5,65,B_H5_H8_AA_AF_mGAM_mGAM_2_S185,101060,100
24,D11-e003Coalescence-mGAM-p7,77,B_H5_H8_AA_AF_mGAM_mGAM_2_S185,101060,100
25,A11-e003Coalescence-mGAM-p3,67,B_H5_H8_AA_AF_mGAM_mGAM_2_S185,101060,100
26,H111-e003Coalescence-mGAM-p7_S188,64,B_H5_H8_AA_AF_mGAM_mGAM_2_S185,101060,100
27,H111-e003Coalescence-mBHI-p3_S144,71,B_H5_H8_AA_AF_mGAM_mGAM_2_S185,101060,100
28,H111-e003Coalescence-mGAM-p5_S92,71,B_H5_H8_AA_AF_mGAM_mGAM_2_S185,101060,100
29,H8-e003Coalescence-mGAM-p5_S89,60,B_H5_H8_AA_AF_mGAM_mGAM_2_S185,101060,100
30,H111-e003Coalescence-mBHI-p5_S44,67,B_H5_H8_AA_AF_mGAM_mGAM_2_S185,101060,100
31,E111-e003Coalescence-mGAM-p5_S56,62,B_H5_H8_AA_AF_mGAM_mGAM_2_S185,101060,100
32,H111-e003Coalescence-mGAM-p3_S192,74,B_H5_H8_AA_AF_mGAM_mGAM_2_S185,101060,100
33,H8-e003Coalescence-mGAM-p7_S185,67,B_H5_H8_AA_AF_mGAM_mGAM_2_S185,101060,100
34,B5-e003Coalescence-Inoculumn-mGAM,62,B_H5_H8_AA_AF_mGAM_mGAM_2_S185,101060,100
35,D5-e003Coalescence-Inoculumn-mGAM,68,B_H5_H8_AA_AF_mGAM_mGAM_2_S185,101060,100
36,A5-e003Coalescence-Inoculumn-mGAM,65,B_H5_H8_AA_AF_mGAM_mGAM_2_S185,101060,100
37,D2-e003Coalescence-Inoculumn-mGAM,62,B_H5_H8_AA_AF_mGAM_mGAM_2_S185,101060,100
38,D3-e003Coalescence-Inoculumn-mGAM,72,B_H5_H8_AA_AF_mGAM_mGAM_2_S185,101060,100
39,C5-e003Coalescence-Inoculumn-mGAM,74,B_H5_H8_AA_AF_mGAM_mGAM_2_S185,101060,100
40,E11-e003Coalescence-mGAM-p1_S840,73,B_H5_H8_AA_AF_mGAM_mGAM_2_S185,101060,100
41,H8-e003Coalescence-mBHI-p1_S815,57,B_H5_H8_AA_AF_mGAM_mGAM_2_S185,101060,100
42,D8-e003Coalescence-mGAM-p1_S755,67,B_H5_H8_AA_AF_mGAM_mGAM_2_S185,101060,100
43,H11-e003Coalescence-mGAM-p1_S843,59,B_H5_H8_AA_AF_mGAM_mGAM_2_S185,101060,100
44,A11-e003Coalescence-mGAM-p1_S776,34,B_H5_H8_AA_AF_mGAM_mGAM_2_S185,101060,100
45,H11-e003Coalescence-mBHI-p1_S839,74,B_H5_H8_AA_AF_mGAM_mGAM_2_S185,101060,100
46,E11-e003Coalescence-mBHI-p1_S836,69,B_H5_H8_AA_AF_mGAM_mGAM_2_S185,101060,100
47,H8-e003Coalescence-mGAM-p1_S819,69,B_H5_H8_AA_AF_mGAM_mGAM_2_S185,101060,100
48,D11-e003Coalescence-mGAM-p1_S779,78,B_H5_H8_AA_AF_mGAM_mGAM_2_S185,101060,100
49,D11-e003Coalescence-mBHI-p1_S775,57,B_H5_H8_AA_AF_mGAM_mGAM_2_S185,101060,100
50,A11-e003Coalescence-mBHI-p1_S772,29,B_H5_H8_AA_AF_mGAM_mGAM_2_S185,101060,100
51,Coalescence-A12-D11-AF-AF-mGAM-mBHI-7_S631,74,B_H5_H8_AA_AF_mGAM_mGAM_2_S185,101060,100
52,Coalescence-C3-A11-AA-AF-mGAM-mGAM-5_S646,73,B_H5_H8_AA_AF_mGAM_mGAM_2_S185,101060,100
53,Coalescence-F1-D8-AA-AF-mGAM-mGAM-3_S680,74,B_H5_H8_AA_AF_mGAM_mGAM_2_S185,101060,100
54,Coalescence-E8-D11-AF-AF-mGAM-mBHI-3_S675,76,B_H5_H8_AA_AF_mGAM_mGAM_2_S185,101060,100
55,Coalescence-B5-D8-AA-AF-mGAM-mGAM-7_S636,68,B_H5_H8_AA_AF_mGAM_mGAM_2_S185,101060,100
56,Coalescence-F10-H8-AA-AF-mGAM-mGAM-3_S689,76,B_H5_H8_AA_AF_mGAM_mGAM_2_S185,101060,100
57,Coalescence-B6-E11-AA-AF-mGAM-mGAM-7_S637,71,B_H5_H8_AA_AF_mGAM_mGAM_2_S185,101060,100
58,Coalescence-F3-E11-AA-AF-mGAM-mGAM-3_S682,78,B_H5_H8_AA_AF_mGAM_mGAM_2_S185,101060,100
59,B11-e003Assembly-mGAM-p3,29,B_H5_H8_AA_AF_mGAM_mGAM_2_S185,101060,100
60,B11-e003Assembly-mGAM-p5,59,B_H5_H8_AA_AF_mGAM_mGAM_2_S185,101060,100
61,B11-e003GlycerolRevival-mGAM-p2,48,B_H5_H8_AA_AF_mGAM_mGAM_2_S185,101060,100
62,C11-e003Assembly-mGAM-p3,37,B_H5_H8_AA_AF_mGAM_mGAM_2_S185,101060,100
63,C11-e003GlycerolRevival-mGAM-p2,36,B_H5_H8_AA_AF_mGAM_mGAM_2_S185,101060,100
64,e003-inoculumn-fecal-AF,31,B_H5_H8_AA_AF_mGAM_mGAM_2_S185,101060,100
65,C_F4_e003Assembly_6_S256,45,B_H5_H8_AA_AF_mGAM_mGAM_2_S185,101060,100
66,C_F8_e003Assembly_6_S260,69,B_H5_H8_AA_AF_mGAM_mGAM_2_S185,101060,100
67,C_F12_e003Assembly_4_S264,70,B_H5_H8_AA_AF_mGAM_mGAM_2_S185,101060,100
68,D_B8_e003Assembly_S308,69,B_H5_H8_AA_AF_mGAM_mGAM_2_S185,101060,100
69,D_F8_e003Assembly_S356,65,B_H5_H8_AA_AF_mGAM_mGAM_2_S185,101060,100
70,D_F12_e003Assembly_S360,82,B_H5_H8_AA_AF_mGAM_mGAM_2_S185,101060,100
71,C_H2_e003Assembly_S278,75,B_H5_H8_AA_AF_mGAM_mGAM_2_S185,101060,100
72,C_H10_H3_ACPP_AF_mBHI_mGAM_4_S286,58,B_H5_H8_AA_AF_mGAM_mGAM_2_S185,101060,100
0,A_D8_D11_AF_AF_mGAM_mBHI_2_S44,57,B_H8_H11_AF_AF_mGAM_mGAM_2_S188,101060,110
1,A_E8_A11_AF_AA_mGAM_mGAM_2_S56,66,B_H8_H11_AF_AF_mGAM_mGAM_2_S188,101060,110
2,A_H5_D8_AA_AF_mGAM_mGAM_2_S89,62,B_H8_H11_AF_AF_mGAM_mGAM_2_S188,101060,110
3,A_H8_D11_AF_AF_mGAM_mGAM_2_S92,65,B_H8_H11_AF_AF_mGAM_mGAM_2_S188,101060,110
4,B_D8_H11_AF_AF_mGAM_mBHI_2_S140,45,B_H8_H11_AF_AF_mGAM_mGAM_2_S188,101060,110
5,B_E8_E11_AF_AA_mGAM_mGAM_2_S152,65,B_H8_H11_AF_AF_mGAM_mGAM_2_S188,101060,110
6,B_E12_A11_AF_AA_mGAM_mGAM_4_S156,63,B_H8_H11_AF_AF_mGAM_mGAM_2_S188,101060,110
7,B_H5_H8_AA_AF_mGAM_mGAM_2_S185,64,B_H8_H11_AF_AF_mGAM_mGAM_2_S188,101060,110
8,B_H8_H11_AF_AF_mGAM_mGAM_2_S188,110,B_H8_H11_AF_AF_mGAM_mGAM_2_S188,101060,110
9,B_H9_D8_AA_AF_mGAM_mGAM_4_S189,63,B_H8_H11_AF_AF_mGAM_mGAM_2_S188,101060,110
10,C_D8_D11_AF_AF_mGAM_mBHI_6_S236,52,B_H8_H11_AF_AF_mGAM_mGAM_2_S188,101060,110
11,C_E8_A11_AF_AA_mGAM_mGAM_6_S248,68,B_H8_H11_AF_AF_mGAM_mGAM_2_S188,101060,110
12,C_H5_D8_AA_AF_mGAM_mGAM_6_S281,53,B_H8_H11_AF_AF_mGAM_mGAM_2_S188,101060,110
13,C_H8_D11_AF_AF_mGAM_mGAM_6_S284,54,B_H8_H11_AF_AF_mGAM_mGAM_2_S188,101060,110
14,D_D8_D11_AF_AF_mGAM_mBHI_6_S332,58,B_H8_H11_AF_AF_mGAM_mGAM_2_S188,101060,110
15,D_E8_A11_AF_AA_mGAM_mGAM_6_S344,61,B_H8_H11_AF_AF_mGAM_mGAM_2_S188,101060,110
16,D_E12_E11_AF_AA_mGAM_mGAM_4_S348,71,B_H8_H11_AF_AF_mGAM_mGAM_2_S188,101060,110
17,D_H5_D8_AA_AF_mGAM_mGAM_6_S377,69,B_H8_H11_AF_AF_mGAM_mGAM_2_S188,101060,110
18,D_H8_D11_AF_AF_mGAM_mGAM_6_S380,40,B_H8_H11_AF_AF_mGAM_mGAM_2_S188,101060,110
19,D_H9_H8_AA_AF_mGAM_mGAM_4_S381,35,B_H8_H11_AF_AF_mGAM_mGAM_2_S188,101060,110
20,D11-e003Coalescence-mBHI-p5,56,B_H8_H11_AF_AF_mGAM_mGAM_2_S188,101060,110
21,D11-e003Coalescence-mGAM-p5,58,B_H8_H11_AF_AF_mGAM_mGAM_2_S188,101060,110
22,A11-e003Coalescence-mGAM-p7,44,B_H8_H11_AF_AF_mGAM_mGAM_2_S188,101060,110
23,D8-e003Coalescence-mGAM-p5,60,B_H8_H11_AF_AF_mGAM_mGAM_2_S188,101060,110
24,D11-e003Coalescence-mGAM-p7,65,B_H8_H11_AF_AF_mGAM_mGAM_2_S188,101060,110
25,A11-e003Coalescence-mGAM-p3,52,B_H8_H11_AF_AF_mGAM_mGAM_2_S188,101060,110
26,H111-e003Coalescence-mGAM-p7_S188,51,B_H8_H11_AF_AF_mGAM_mGAM_2_S188,101060,110
27,H111-e003Coalescence-mBHI-p3_S144,54,B_H8_H11_AF_AF_mGAM_mGAM_2_S188,101060,110
28,H111-e003Coalescence-mGAM-p5_S92,54,B_H8_H11_AF_AF_mGAM_mGAM_2_S188,101060,110
29,H8-e003Coalescence-mGAM-p5_S89,53,B_H8_H11_AF_AF_mGAM_mGAM_2_S188,101060,110
30,H111-e003Coalescence-mBHI-p5_S44,56,B_H8_H11_AF_AF_mGAM_mGAM_2_S188,101060,110
31,E111-e003Coalescence-mGAM-p5_S56,59,B_H8_H11_AF_AF_mGAM_mGAM_2_S188,101060,110
32,H111-e003Coalescence-mGAM-p3_S192,58,B_H8_H11_AF_AF_mGAM_mGAM_2_S188,101060,110
33,H8-e003Coalescence-mGAM-p7_S185,51,B_H8_H11_AF_AF_mGAM_mGAM_2_S188,101060,110
34,B5-e003Coalescence-Inoculumn-mGAM,59,B_H8_H11_AF_AF_mGAM_mGAM_2_S188,101060,110
35,D5-e003Coalescence-Inoculumn-mGAM,54,B_H8_H11_AF_AF_mGAM_mGAM_2_S188,101060,110
36,A5-e003Coalescence-Inoculumn-mGAM,62,B_H8_H11_AF_AF_mGAM_mGAM_2_S188,101060,110
37,D2-e003Coalescence-Inoculumn-mGAM,60,B_H8_H11_AF_AF_mGAM_mGAM_2_S188,101060,110
38,D3-e003Coalescence-Inoculumn-mGAM,69,B_H8_H11_AF_AF_mGAM_mGAM_2_S188,101060,110
39,C5-e003Coalescence-Inoculumn-mGAM,62,B_H8_H11_AF_AF_mGAM_mGAM_2_S188,101060,110
40,E11-e003Coalescence-mGAM-p1_S840,64,B_H8_H11_AF_AF_mGAM_mGAM_2_S188,101060,110
41,H8-e003Coalescence-mBHI-p1_S815,50,B_H8_H11_AF_AF_mGAM_mGAM_2_S188,101060,110
42,D8-e003Coalescence-mGAM-p1_S755,62,B_H8_H11_AF_AF_mGAM_mGAM_2_S188,101060,110
43,H11-e003Coalescence-mGAM-p1_S843,49,B_H8_H11_AF_AF_mGAM_mGAM_2_S188,101060,110
44,A11-e003Coalescence-mGAM-p1_S776,29,B_H8_H11_AF_AF_mGAM_mGAM_2_S188,101060,110
45,H11-e003Coalescence-mBHI-p1_S839,65,B_H8_H11_AF_AF_mGAM_mGAM_2_S188,101060,110
46,E11-e003Coalescence-mBHI-p1_S836,59,B_H8_H11_AF_AF_mGAM_mGAM_2_S188,101060,110
47,H8-e003Coalescence-mGAM-p1_S819,56,B_H8_H11_AF_AF_mGAM_mGAM_2_S188,101060,110
48,D11-e003Coalescence-mGAM-p1_S779,61,B_H8_H11_AF_AF_mGAM_mGAM_2_S188,101060,110
49,D11-e003Coalescence-mBHI-p1_S775,46,B_H8_H11_AF_AF_mGAM_mGAM_2_S188,101060,110
50,A11-e003Coalescence-mBHI-p1_S772,28,B_H8_H11_AF_AF_mGAM_mGAM_2_S188,101060,110
51,Coalescence-A12-D11-AF-AF-mGAM-mBHI-7_S631,62,B_H8_H11_AF_AF_mGAM_mGAM_2_S188,101060,110
52,Coalescence-C3-A11-AA-AF-mGAM-mGAM-5_S646,62,B_H8_H11_AF_AF_mGAM_mGAM_2_S188,101060,110
53,Coalescence-F1-D8-AA-AF-mGAM-mGAM-3_S680,62,B_H8_H11_AF_AF_mGAM_mGAM_2_S188,101060,110
54,Coalescence-E8-D11-AF-AF-mGAM-mBHI-3_S675,58,B_H8_H11_AF_AF_mGAM_mGAM_2_S188,101060,110
55,Coalescence-B5-D8-AA-AF-mGAM-mGAM-7_S636,66,B_H8_H11_AF_AF_mGAM_mGAM_2_S188,101060,110
56,Coalescence-F10-H8-AA-AF-mGAM-mGAM-3_S689,64,B_H8_H11_AF_AF_mGAM_mGAM_2_S188,101060,110
57,Coalescence-B6-E11-AA-AF-mGAM-mGAM-7_S637,64,B_H8_H11_AF_AF_mGAM_mGAM_2_S188,101060,110
58,Coalescence-F3-E11-AA-AF-mGAM-mGAM-3_S682,68,B_H8_H11_AF_AF_mGAM_mGAM_2_S188,101060,110
59,B11-e003Assembly-mGAM-p3,22,B_H8_H11_AF_AF_mGAM_mGAM_2_S188,101060,110
60,B11-e003Assembly-mGAM-p5,60,B_H8_H11_AF_AF_mGAM_mGAM_2_S188,101060,110
61,B11-e003GlycerolRevival-mGAM-p2,49,B_H8_H11_AF_AF_mGAM_mGAM_2_S188,101060,110
62,C11-e003Assembly-mGAM-p3,35,B_H8_H11_AF_AF_mGAM_mGAM_2_S188,101060,110
63,C11-e003GlycerolRevival-mGAM-p2,33,B_H8_H11_AF_AF_mGAM_mGAM_2_S188,101060,110
64,e003-inoculumn-fecal-AF,26,B_H8_H11_AF_AF_mGAM_mGAM_2_S188,101060,110
65,C_F4_e003Assembly_6_S256,35,B_H8_H11_AF_AF_mGAM_mGAM_2_S188,101060,110
66,C_F8_e003Assembly_6_S260,62,B_H8_H11_AF_AF_mGAM_mGAM_2_S188,101060,110
67,C_F12_e003Assembly_4_S264,59,B_H8_H11_AF_AF_mGAM_mGAM_2_S188,101060,110
68,D_B8_e003Assembly_S308,66,B_H8_H11_AF_AF_mGAM_mGAM_2_S188,101060,110
69,D_F8_e003Assembly_S356,53,B_H8_H11_AF_AF_mGAM_mGAM_2_S188,101060,110
70,D_F12_e003Assembly_S360,62,B_H8_H11_AF_AF_mGAM_mGAM_2_S188,101060,110
71,C_H2_e003Assembly_S278,66,B_H8_H11_AF_AF_mGAM_mGAM_2_S188,101060,110
72,C_H10_H3_ACPP_AF_mBHI_mGAM_4_S286,53,B_H8_H11_AF_AF_mGAM_mGAM_2_S188,101060,110
0,A_D8_D11_AF_AF_mGAM_mBHI_2_S44,63,B_H9_D8_AA_AF_mGAM_mGAM_4_S189,101060,131
1,A_E8_A11_AF_AA_mGAM_mGAM_2_S56,71,B_H9_D8_AA_AF_mGAM_mGAM_4_S189,101060,131
2,A_H5_D8_AA_AF_mGAM_mGAM_2_S89,70,B_H9_D8_AA_AF_mGAM_mGAM_4_S189,101060,131
3,A_H8_D11_AF_AF_mGAM_mGAM_2_S92,78,B_H9_D8_AA_AF_mGAM_mGAM_4_S189,101060,131
4,B_D8_H11_AF_AF_mGAM_mBHI_2_S140,58,B_H9_D8_AA_AF_mGAM_mGAM_4_S189,101060,131
5,B_E8_E11_AF_AA_mGAM_mGAM_2_S152,70,B_H9_D8_AA_AF_mGAM_mGAM_4_S189,101060,131
6,B_E12_A11_AF_AA_mGAM_mGAM_4_S156,68,B_H9_D8_AA_AF_mGAM_mGAM_4_S189,101060,131
7,B_H5_H8_AA_AF_mGAM_mGAM_2_S185,71,B_H9_D8_AA_AF_mGAM_mGAM_4_S189,101060,131
8,B_H8_H11_AF_AF_mGAM_mGAM_2_S188,63,B_H9_D8_AA_AF_mGAM_mGAM_4_S189,101060,131
9,B_H9_D8_AA_AF_mGAM_mGAM_4_S189,131,B_H9_D8_AA_AF_mGAM_mGAM_4_S189,101060,131
10,C_D8_D11_AF_AF_mGAM_mBHI_6_S236,53,B_H9_D8_AA_AF_mGAM_mGAM_4_S189,101060,131
11,C_E8_A11_AF_AA_mGAM_mGAM_6_S248,77,B_H9_D8_AA_AF_mGAM_mGAM_4_S189,101060,131
12,C_H5_D8_AA_AF_mGAM_mGAM_6_S281,53,B_H9_D8_AA_AF_mGAM_mGAM_4_S189,101060,131
13,C_H8_D11_AF_AF_mGAM_mGAM_6_S284,60,B_H9_D8_AA_AF_mGAM_mGAM_4_S189,101060,131
14,D_D8_D11_AF_AF_mGAM_mBHI_6_S332,65,B_H9_D8_AA_AF_mGAM_mGAM_4_S189,101060,131
15,D_E8_A11_AF_AA_mGAM_mGAM_6_S344,76,B_H9_D8_AA_AF_mGAM_mGAM_4_S189,101060,131
16,D_E12_E11_AF_AA_mGAM_mGAM_4_S348,75,B_H9_D8_AA_AF_mGAM_mGAM_4_S189,101060,131
17,D_H5_D8_AA_AF_mGAM_mGAM_6_S377,73,B_H9_D8_AA_AF_mGAM_mGAM_4_S189,101060,131
18,D_H8_D11_AF_AF_mGAM_mGAM_6_S380,41,B_H9_D8_AA_AF_mGAM_mGAM_4_S189,101060,131
19,D_H9_H8_AA_AF_mGAM_mGAM_4_S381,44,B_H9_D8_AA_AF_mGAM_mGAM_4_S189,101060,131
20,D11-e003Coalescence-mBHI-p5,63,B_H9_D8_AA_AF_mGAM_mGAM_4_S189,101060,131
21,D11-e003Coalescence-mGAM-p5,69,B_H9_D8_AA_AF_mGAM_mGAM_4_S189,101060,131
22,A11-e003Coalescence-mGAM-p7,51,B_H9_D8_AA_AF_mGAM_mGAM_4_S189,101060,131
23,D8-e003Coalescence-mGAM-p5,61,B_H9_D8_AA_AF_mGAM_mGAM_4_S189,101060,131
24,D11-e003Coalescence-mGAM-p7,68,B_H9_D8_AA_AF_mGAM_mGAM_4_S189,101060,131
25,A11-e003Coalescence-mGAM-p3,62,B_H9_D8_AA_AF_mGAM_mGAM_4_S189,101060,131
26,H111-e003Coalescence-mGAM-p7_S188,58,B_H9_D8_AA_AF_mGAM_mGAM_4_S189,101060,131
27,H111-e003Coalescence-mBHI-p3_S144,64,B_H9_D8_AA_AF_mGAM_mGAM_4_S189,101060,131
28,H111-e003Coalescence-mGAM-p5_S92,69,B_H9_D8_AA_AF_mGAM_mGAM_4_S189,101060,131
29,H8-e003Coalescence-mGAM-p5_S89,50,B_H9_D8_AA_AF_mGAM_mGAM_4_S189,101060,131
30,H111-e003Coalescence-mBHI-p5_S44,78,B_H9_D8_AA_AF_mGAM_mGAM_4_S189,101060,131
31,E111-e003Coalescence-mGAM-p5_S56,56,B_H9_D8_AA_AF_mGAM_mGAM_4_S189,101060,131
32,H111-e003Coalescence-mGAM-p3_S192,70,B_H9_D8_AA_AF_mGAM_mGAM_4_S189,101060,131
33,H8-e003Coalescence-mGAM-p7_S185,64,B_H9_D8_AA_AF_mGAM_mGAM_4_S189,101060,131
34,B5-e003Coalescence-Inoculumn-mGAM,57,B_H9_D8_AA_AF_mGAM_mGAM_4_S189,101060,131
35,D5-e003Coalescence-Inoculumn-mGAM,69,B_H9_D8_AA_AF_mGAM_mGAM_4_S189,101060,131
36,A5-e003Coalescence-Inoculumn-mGAM,64,B_H9_D8_AA_AF_mGAM_mGAM_4_S189,101060,131
37,D2-e003Coalescence-Inoculumn-mGAM,67,B_H9_D8_AA_AF_mGAM_mGAM_4_S189,101060,131
38,D3-e003Coalescence-Inoculumn-mGAM,74,B_H9_D8_AA_AF_mGAM_mGAM_4_S189,101060,131
39,C5-e003Coalescence-Inoculumn-mGAM,74,B_H9_D8_AA_AF_mGAM_mGAM_4_S189,101060,131
40,E11-e003Coalescence-mGAM-p1_S840,66,B_H9_D8_AA_AF_mGAM_mGAM_4_S189,101060,131
41,H8-e003Coalescence-mBHI-p1_S815,57,B_H9_D8_AA_AF_mGAM_mGAM_4_S189,101060,131
42,D8-e003Coalescence-mGAM-p1_S755,73,B_H9_D8_AA_AF_mGAM_mGAM_4_S189,101060,131
43,H11-e003Coalescence-mGAM-p1_S843,55,B_H9_D8_AA_AF_mGAM_mGAM_4_S189,101060,131
44,A11-e003Coalescence-mGAM-p1_S776,36,B_H9_D8_AA_AF_mGAM_mGAM_4_S189,101060,131
45,H11-e003Coalescence-mBHI-p1_S839,75,B_H9_D8_AA_AF_mGAM_mGAM_4_S189,101060,131
46,E11-e003Coalescence-mBHI-p1_S836,62,B_H9_D8_AA_AF_mGAM_mGAM_4_S189,101060,131
47,H8-e003Coalescence-mGAM-p1_S819,63,B_H9_D8_AA_AF_mGAM_mGAM_4_S189,101060,131
48,D11-e003Coalescence-mGAM-p1_S779,68,B_H9_D8_AA_AF_mGAM_mGAM_4_S189,101060,131
49,D11-e003Coalescence-mBHI-p1_S775,55,B_H9_D8_AA_AF_mGAM_mGAM_4_S189,101060,131
50,A11-e003Coalescence-mBHI-p1_S772,29,B_H9_D8_AA_AF_mGAM_mGAM_4_S189,101060,131
51,Coalescence-A12-D11-AF-AF-mGAM-mBHI-7_S631,70,B_H9_D8_AA_AF_mGAM_mGAM_4_S189,101060,131
52,Coalescence-C3-A11-AA-AF-mGAM-mGAM-5_S646,67,B_H9_D8_AA_AF_mGAM_mGAM_4_S189,101060,131
53,Coalescence-F1-D8-AA-AF-mGAM-mGAM-3_S680,65,B_H9_D8_AA_AF_mGAM_mGAM_4_S189,101060,131
54,Coalescence-E8-D11-AF-AF-mGAM-mBHI-3_S675,68,B_H9_D8_AA_AF_mGAM_mGAM_4_S189,101060,131
55,Coalescence-B5-D8-AA-AF-mGAM-mGAM-7_S636,68,B_H9_D8_AA_AF_mGAM_mGAM_4_S189,101060,131
56,Coalescence-F10-H8-AA-AF-mGAM-mGAM-3_S689,66,B_H9_D8_AA_AF_mGAM_mGAM_4_S189,101060,131
57,Coalescence-B6-E11-AA-AF-mGAM-mGAM-7_S637,73,B_H9_D8_AA_AF_mGAM_mGAM_4_S189,101060,131
58,Coalescence-F3-E11-AA-AF-mGAM-mGAM-3_S682,66,B_H9_D8_AA_AF_mGAM_mGAM_4_S189,101060,131
59,B11-e003Assembly-mGAM-p3,26,B_H9_D8_AA_AF_mGAM_mGAM_4_S189,101060,131
60,B11-e003Assembly-mGAM-p5,65,B_H9_D8_AA_AF_mGAM_mGAM_4_S189,101060,131
61,B11-e003GlycerolRevival-mGAM-p2,45,B_H9_D8_AA_AF_mGAM_mGAM_4_S189,101060,131
62,C11-e003Assembly-mGAM-p3,37,B_H9_D8_AA_AF_mGAM_mGAM_4_S189,101060,131
63,C11-e003GlycerolRevival-mGAM-p2,33,B_H9_D8_AA_AF_mGAM_mGAM_4_S189,101060,131
64,e003-inoculumn-fecal-AF,27,B_H9_D8_AA_AF_mGAM_mGAM_4_S189,101060,131
65,C_F4_e003Assembly_6_S256,42,B_H9_D8_AA_AF_mGAM_mGAM_4_S189,101060,131
66,C_F8_e003Assembly_6_S260,68,B_H9_D8_AA_AF_mGAM_mGAM_4_S189,101060,131
67,C_F12_e003Assembly_4_S264,74,B_H9_D8_AA_AF_mGAM_mGAM_4_S189,101060,131
68,D_B8_e003Assembly_S308,59,B_H9_D8_AA_AF_mGAM_mGAM_4_S189,101060,131
69,D_F8_e003Assembly_S356,56,B_H9_D8_AA_AF_mGAM_mGAM_4_S189,101060,131
70,D_F12_e003Assembly_S360,77,B_H9_D8_AA_AF_mGAM_mGAM_4_S189,101060,131
71,C_H2_e003Assembly_S278,77,B_H9_D8_AA_AF_mGAM_mGAM_4_S189,101060,131
72,C_H10_H3_ACPP_AF_mBHI_mGAM_4_S286,53,B_H9_D8_AA_AF_mGAM_mGAM_4_S189,101060,131
0,A_D8_D11_AF_AF_mGAM_mBHI_2_S44,52,C_D8_D11_AF_AF_mGAM_mBHI_6_S236,101060,96
1,A_E8_A11_AF_AA_mGAM_mGAM_2_S56,57,C_D8_D11_AF_AF_mGAM_mBHI_6_S236,101060,96
2,A_H5_D8_AA_AF_mGAM_mGAM_2_S89,54,C_D8_D11_AF_AF_mGAM_mBHI_6_S236,101060,96
3,A_H8_D11_AF_AF_mGAM_mGAM_2_S92,52,C_D8_D11_AF_AF_mGAM_mBHI_6_S236,101060,96
4,B_D8_H11_AF_AF_mGAM_mBHI_2_S140,37,C_D8_D11_AF_AF_mGAM_mBHI_6_S236,101060,96
5,B_E8_E11_AF_AA_mGAM_mGAM_2_S152,62,C_D8_D11_AF_AF_mGAM_mBHI_6_S236,101060,96
6,B_E12_A11_AF_AA_mGAM_mGAM_4_S156,48,C_D8_D11_AF_AF_mGAM_mBHI_6_S236,101060,96
7,B_H5_H8_AA_AF_mGAM_mGAM_2_S185,52,C_D8_D11_AF_AF_mGAM_mBHI_6_S236,101060,96
8,B_H8_H11_AF_AF_mGAM_mGAM_2_S188,52,C_D8_D11_AF_AF_mGAM_mBHI_6_S236,101060,96
9,B_H9_D8_AA_AF_mGAM_mGAM_4_S189,53,C_D8_D11_AF_AF_mGAM_mBHI_6_S236,101060,96
10,C_D8_D11_AF_AF_mGAM_mBHI_6_S236,96,C_D8_D11_AF_AF_mGAM_mBHI_6_S236,101060,96
11,C_E8_A11_AF_AA_mGAM_mGAM_6_S248,58,C_D8_D11_AF_AF_mGAM_mBHI_6_S236,101060,96
12,C_H5_D8_AA_AF_mGAM_mGAM_6_S281,43,C_D8_D11_AF_AF_mGAM_mBHI_6_S236,101060,96
13,C_H8_D11_AF_AF_mGAM_mGAM_6_S284,51,C_D8_D11_AF_AF_mGAM_mBHI_6_S236,101060,96
14,D_D8_D11_AF_AF_mGAM_mBHI_6_S332,52,C_D8_D11_AF_AF_mGAM_mBHI_6_S236,101060,96
15,D_E8_A11_AF_AA_mGAM_mGAM_6_S344,53,C_D8_D11_AF_AF_mGAM_mBHI_6_S236,101060,96
16,D_E12_E11_AF_AA_mGAM_mGAM_4_S348,56,C_D8_D11_AF_AF_mGAM_mBHI_6_S236,101060,96
17,D_H5_D8_AA_AF_mGAM_mGAM_6_S377,60,C_D8_D11_AF_AF_mGAM_mBHI_6_S236,101060,96
18,D_H8_D11_AF_AF_mGAM_mGAM_6_S380,44,C_D8_D11_AF_AF_mGAM_mBHI_6_S236,101060,96
19,D_H9_H8_AA_AF_mGAM_mGAM_4_S381,40,C_D8_D11_AF_AF_mGAM_mBHI_6_S236,101060,96
20,D11-e003Coalescence-mBHI-p5,51,C_D8_D11_AF_AF_mGAM_mBHI_6_S236,101060,96
21,D11-e003Coalescence-mGAM-p5,51,C_D8_D11_AF_AF_mGAM_mBHI_6_S236,101060,96
22,A11-e003Coalescence-mGAM-p7,41,C_D8_D11_AF_AF_mGAM_mBHI_6_S236,101060,96
23,D8-e003Coalescence-mGAM-p5,55,C_D8_D11_AF_AF_mGAM_mBHI_6_S236,101060,96
24,D11-e003Coalescence-mGAM-p7,61,C_D8_D11_AF_AF_mGAM_mBHI_6_S236,101060,96
25,A11-e003Coalescence-mGAM-p3,48,C_D8_D11_AF_AF_mGAM_mBHI_6_S236,101060,96
26,H111-e003Coalescence-mGAM-p7_S188,45,C_D8_D11_AF_AF_mGAM_mBHI_6_S236,101060,96
27,H111-e003Coalescence-mBHI-p3_S144,52,C_D8_D11_AF_AF_mGAM_mBHI_6_S236,101060,96
28,H111-e003Coalescence-mGAM-p5_S92,51,C_D8_D11_AF_AF_mGAM_mBHI_6_S236,101060,96
29,H8-e003Coalescence-mGAM-p5_S89,47,C_D8_D11_AF_AF_mGAM_mBHI_6_S236,101060,96
30,H111-e003Coalescence-mBHI-p5_S44,50,C_D8_D11_AF_AF_mGAM_mBHI_6_S236,101060,96
31,E111-e003Coalescence-mGAM-p5_S56,49,C_D8_D11_AF_AF_mGAM_mBHI_6_S236,101060,96
32,H111-e003Coalescence-mGAM-p3_S192,55,C_D8_D11_AF_AF_mGAM_mBHI_6_S236,101060,96
33,H8-e003Coalescence-mGAM-p7_S185,50,C_D8_D11_AF_AF_mGAM_mBHI_6_S236,101060,96
34,B5-e003Coalescence-Inoculumn-mGAM,42,C_D8_D11_AF_AF_mGAM_mBHI_6_S236,101060,96
35,D5-e003Coalescence-Inoculumn-mGAM,48,C_D8_D11_AF_AF_mGAM_mBHI_6_S236,101060,96
36,A5-e003Coalescence-Inoculumn-mGAM,55,C_D8_D11_AF_AF_mGAM_mBHI_6_S236,101060,96
37,D2-e003Coalescence-Inoculumn-mGAM,52,C_D8_D11_AF_AF_mGAM_mBHI_6_S236,101060,96
38,D3-e003Coalescence-Inoculumn-mGAM,48,C_D8_D11_AF_AF_mGAM_mBHI_6_S236,101060,96
39,C5-e003Coalescence-Inoculumn-mGAM,51,C_D8_D11_AF_AF_mGAM_mBHI_6_S236,101060,96
40,E11-e003Coalescence-mGAM-p1_S840,56,C_D8_D11_AF_AF_mGAM_mBHI_6_S236,101060,96
41,H8-e003Coalescence-mBHI-p1_S815,45,C_D8_D11_AF_AF_mGAM_mBHI_6_S236,101060,96
42,D8-e003Coalescence-mGAM-p1_S755,52,C_D8_D11_AF_AF_mGAM_mBHI_6_S236,101060,96
43,H11-e003Coalescence-mGAM-p1_S843,42,C_D8_D11_AF_AF_mGAM_mBHI_6_S236,101060,96
44,A11-e003Coalescence-mGAM-p1_S776,23,C_D8_D11_AF_AF_mGAM_mBHI_6_S236,101060,96
45,H11-e003Coalescence-mBHI-p1_S839,54,C_D8_D11_AF_AF_mGAM_mBHI_6_S236,101060,96
46,E11-e003Coalescence-mBHI-p1_S836,48,C_D8_D11_AF_AF_mGAM_mBHI_6_S236,101060,96
47,H8-e003Coalescence-mGAM-p1_S819,48,C_D8_D11_AF_AF_mGAM_mBHI_6_S236,101060,96
48,D11-e003Coalescence-mGAM-p1_S779,57,C_D8_D11_AF_AF_mGAM_mBHI_6_S236,101060,96
49,D11-e003Coalescence-mBHI-p1_S775,47,C_D8_D11_AF_AF_mGAM_mBHI_6_S236,101060,96
50,A11-e003Coalescence-mBHI-p1_S772,33,C_D8_D11_AF_AF_mGAM_mBHI_6_S236,101060,96
51,Coalescence-A12-D11-AF-AF-mGAM-mBHI-7_S631,51,C_D8_D11_AF_AF_mGAM_mBHI_6_S236,101060,96
52,Coalescence-C3-A11-AA-AF-mGAM-mGAM-5_S646,59,C_D8_D11_AF_AF_mGAM_mBHI_6_S236,101060,96
53,Coalescence-F1-D8-AA-AF-mGAM-mGAM-3_S680,53,C_D8_D11_AF_AF_mGAM_mBHI_6_S236,101060,96
54,Coalescence-E8-D11-AF-AF-mGAM-mBHI-3_S675,54,C_D8_D11_AF_AF_mGAM_mBHI_6_S236,101060,96
55,Coalescence-B5-D8-AA-AF-mGAM-mGAM-7_S636,49,C_D8_D11_AF_AF_mGAM_mBHI_6_S236,101060,96
56,Coalescence-F10-H8-AA-AF-mGAM-mGAM-3_S689,53,C_D8_D11_AF_AF_mGAM_mBHI_6_S236,101060,96
57,Coalescence-B6-E11-AA-AF-mGAM-mGAM-7_S637,51,C_D8_D11_AF_AF_mGAM_mBHI_6_S236,101060,96
58,Coalescence-F3-E11-AA-AF-mGAM-mGAM-3_S682,56,C_D8_D11_AF_AF_mGAM_mBHI_6_S236,101060,96
59,B11-e003Assembly-mGAM-p3,27,C_D8_D11_AF_AF_mGAM_mBHI_6_S236,101060,96
60,B11-e003Assembly-mGAM-p5,42,C_D8_D11_AF_AF_mGAM_mBHI_6_S236,101060,96
61,B11-e003GlycerolRevival-mGAM-p2,41,C_D8_D11_AF_AF_mGAM_mBHI_6_S236,101060,96
62,C11-e003Assembly-mGAM-p3,35,C_D8_D11_AF_AF_mGAM_mBHI_6_S236,101060,96
63,C11-e003GlycerolRevival-mGAM-p2,25,C_D8_D11_AF_AF_mGAM_mBHI_6_S236,101060,96
64,e003-inoculumn-fecal-AF,27,C_D8_D11_AF_AF_mGAM_mBHI_6_S236,101060,96
65,C_F4_e003Assembly_6_S256,34,C_D8_D11_AF_AF_mGAM_mBHI_6_S236,101060,96
66,C_F8_e003Assembly_6_S260,53,C_D8_D11_AF_AF_mGAM_mBHI_6_S236,101060,96
67,C_F12_e003Assembly_4_S264,48,C_D8_D11_AF_AF_mGAM_mBHI_6_S236,101060,96
68,D_B8_e003Assembly_S308,54,C_D8_D11_AF_AF_mGAM_mBHI_6_S236,101060,96
69,D_F8_e003Assembly_S356,57,C_D8_D11_AF_AF_mGAM_mBHI_6_S236,101060,96
70,D_F12_e003Assembly_S360,58,C_D8_D11_AF_AF_mGAM_mBHI_6_S236,101060,96
71,C_H2_e003Assembly_S278,54,C_D8_D11_AF_AF_mGAM_mBHI_6_S236,101060,96
72,C_H10_H3_ACPP_AF_mBHI_mGAM_4_S286,45,C_D8_D11_AF_AF_mGAM_mBHI_6_S236,101060,96
0,A_D8_D11_AF_AF_mGAM_mBHI_2_S44,65,C_E8_A11_AF_AA_mGAM_mGAM_6_S248,101060,117
1,A_E8_A11_AF_AA_mGAM_mGAM_2_S56,77,C_E8_A11_AF_AA_mGAM_mGAM_6_S248,101060,117
2,A_H5_D8_AA_AF_mGAM_mGAM_2_S89,75,C_E8_A11_AF_AA_mGAM_mGAM_6_S248,101060,117
3,A_H8_D11_AF_AF_mGAM_mGAM_2_S92,75,C_E8_A11_AF_AA_mGAM_mGAM_6_S248,101060,117
4,B_D8_H11_AF_AF_mGAM_mBHI_2_S140,53,C_E8_A11_AF_AA_mGAM_mGAM_6_S248,101060,117
5,B_E8_E11_AF_AA_mGAM_mGAM_2_S152,73,C_E8_A11_AF_AA_mGAM_mGAM_6_S248,101060,117
6,B_E12_A11_AF_AA_mGAM_mGAM_4_S156,73,C_E8_A11_AF_AA_mGAM_mGAM_6_S248,101060,117
7,B_H5_H8_AA_AF_mGAM_mGAM_2_S185,74,C_E8_A11_AF_AA_mGAM_mGAM_6_S248,101060,117
8,B_H8_H11_AF_AF_mGAM_mGAM_2_S188,68,C_E8_A11_AF_AA_mGAM_mGAM_6_S248,101060,117
9,B_H9_D8_AA_AF_mGAM_mGAM_4_S189,77,C_E8_A11_AF_AA_mGAM_mGAM_6_S248,101060,117
10,C_D8_D11_AF_AF_mGAM_mBHI_6_S236,58,C_E8_A11_AF_AA_mGAM_mGAM_6_S248,101060,117
11,C_E8_A11_AF_AA_mGAM_mGAM_6_S248,117,C_E8_A11_AF_AA_mGAM_mGAM_6_S248,101060,117
12,C_H5_D8_AA_AF_mGAM_mGAM_6_S281,59,C_E8_A11_AF_AA_mGAM_mGAM_6_S248,101060,117
13,C_H8_D11_AF_AF_mGAM_mGAM_6_S284,70,C_E8_A11_AF_AA_mGAM_mGAM_6_S248,101060,117
14,D_D8_D11_AF_AF_mGAM_mBHI_6_S332,76,C_E8_A11_AF_AA_mGAM_mGAM_6_S248,101060,117
15,D_E8_A11_AF_AA_mGAM_mGAM_6_S344,76,C_E8_A11_AF_AA_mGAM_mGAM_6_S248,101060,117
16,D_E12_E11_AF_AA_mGAM_mGAM_4_S348,80,C_E8_A11_AF_AA_mGAM_mGAM_6_S248,101060,117
17,D_H5_D8_AA_AF_mGAM_mGAM_6_S377,86,C_E8_A11_AF_AA_mGAM_mGAM_6_S248,101060,117
18,D_H8_D11_AF_AF_mGAM_mGAM_6_S380,48,C_E8_A11_AF_AA_mGAM_mGAM_6_S248,101060,117
19,D_H9_H8_AA_AF_mGAM_mGAM_4_S381,45,C_E8_A11_AF_AA_mGAM_mGAM_6_S248,101060,117
20,D11-e003Coalescence-mBHI-p5,61,C_E8_A11_AF_AA_mGAM_mGAM_6_S248,101060,117
21,D11-e003Coalescence-mGAM-p5,65,C_E8_A11_AF_AA_mGAM_mGAM_6_S248,101060,117
22,A11-e003Coalescence-mGAM-p7,57,C_E8_A11_AF_AA_mGAM_mGAM_6_S248,101060,117
23,D8-e003Coalescence-mGAM-p5,64,C_E8_A11_AF_AA_mGAM_mGAM_6_S248,101060,117
24,D11-e003Coalescence-mGAM-p7,75,C_E8_A11_AF_AA_mGAM_mGAM_6_S248,101060,117
25,A11-e003Coalescence-mGAM-p3,66,C_E8_A11_AF_AA_mGAM_mGAM_6_S248,101060,117
26,H111-e003Coalescence-mGAM-p7_S188,57,C_E8_A11_AF_AA_mGAM_mGAM_6_S248,101060,117
27,H111-e003Coalescence-mBHI-p3_S144,72,C_E8_A11_AF_AA_mGAM_mGAM_6_S248,101060,117
28,H111-e003Coalescence-mGAM-p5_S92,66,C_E8_A11_AF_AA_mGAM_mGAM_6_S248,101060,117
29,H8-e003Coalescence-mGAM-p5_S89,61,C_E8_A11_AF_AA_mGAM_mGAM_6_S248,101060,117
30,H111-e003Coalescence-mBHI-p5_S44,73,C_E8_A11_AF_AA_mGAM_mGAM_6_S248,101060,117
31,E111-e003Coalescence-mGAM-p5_S56,71,C_E8_A11_AF_AA_mGAM_mGAM_6_S248,101060,117
32,H111-e003Coalescence-mGAM-p3_S192,69,C_E8_A11_AF_AA_mGAM_mGAM_6_S248,101060,117
33,H8-e003Coalescence-mGAM-p7_S185,69,C_E8_A11_AF_AA_mGAM_mGAM_6_S248,101060,117
34,B5-e003Coalescence-Inoculumn-mGAM,58,C_E8_A11_AF_AA_mGAM_mGAM_6_S248,101060,117
35,D5-e003Coalescence-Inoculumn-mGAM,60,C_E8_A11_AF_AA_mGAM_mGAM_6_S248,101060,117
36,A5-e003Coalescence-Inoculumn-mGAM,65,C_E8_A11_AF_AA_mGAM_mGAM_6_S248,101060,117
37,D2-e003Coalescence-Inoculumn-mGAM,62,C_E8_A11_AF_AA_mGAM_mGAM_6_S248,101060,117
38,D3-e003Coalescence-Inoculumn-mGAM,70,C_E8_A11_AF_AA_mGAM_mGAM_6_S248,101060,117
39,C5-e003Coalescence-Inoculumn-mGAM,82,C_E8_A11_AF_AA_mGAM_mGAM_6_S248,101060,117
40,E11-e003Coalescence-mGAM-p1_S840,72,C_E8_A11_AF_AA_mGAM_mGAM_6_S248,101060,117
41,H8-e003Coalescence-mBHI-p1_S815,63,C_E8_A11_AF_AA_mGAM_mGAM_6_S248,101060,117
42,D8-e003Coalescence-mGAM-p1_S755,74,C_E8_A11_AF_AA_mGAM_mGAM_6_S248,101060,117
43,H11-e003Coalescence-mGAM-p1_S843,60,C_E8_A11_AF_AA_mGAM_mGAM_6_S248,101060,117
44,A11-e003Coalescence-mGAM-p1_S776,34,C_E8_A11_AF_AA_mGAM_mGAM_6_S248,101060,117
45,H11-e003Coalescence-mBHI-p1_S839,72,C_E8_A11_AF_AA_mGAM_mGAM_6_S248,101060,117
46,E11-e003Coalescence-mBHI-p1_S836,66,C_E8_A11_AF_AA_mGAM_mGAM_6_S248,101060,117
47,H8-e003Coalescence-mGAM-p1_S819,69,C_E8_A11_AF_AA_mGAM_mGAM_6_S248,101060,117
48,D11-e003Coalescence-mGAM-p1_S779,69,C_E8_A11_AF_AA_mGAM_mGAM_6_S248,101060,117
49,D11-e003Coalescence-mBHI-p1_S775,55,C_E8_A11_AF_AA_mGAM_mGAM_6_S248,101060,117
50,A11-e003Coalescence-mBHI-p1_S772,36,C_E8_A11_AF_AA_mGAM_mGAM_6_S248,101060,117
51,Coalescence-A12-D11-AF-AF-mGAM-mBHI-7_S631,71,C_E8_A11_AF_AA_mGAM_mGAM_6_S248,101060,117
52,Coalescence-C3-A11-AA-AF-mGAM-mGAM-5_S646,76,C_E8_A11_AF_AA_mGAM_mGAM_6_S248,101060,117
53,Coalescence-F1-D8-AA-AF-mGAM-mGAM-3_S680,66,C_E8_A11_AF_AA_mGAM_mGAM_6_S248,101060,117
54,Coalescence-E8-D11-AF-AF-mGAM-mBHI-3_S675,71,C_E8_A11_AF_AA_mGAM_mGAM_6_S248,101060,117
55,Coalescence-B5-D8-AA-AF-mGAM-mGAM-7_S636,73,C_E8_A11_AF_AA_mGAM_mGAM_6_S248,101060,117
56,Coalescence-F10-H8-AA-AF-mGAM-mGAM-3_S689,76,C_E8_A11_AF_AA_mGAM_mGAM_6_S248,101060,117
57,Coalescence-B6-E11-AA-AF-mGAM-mGAM-7_S637,76,C_E8_A11_AF_AA_mGAM_mGAM_6_S248,101060,117
58,Coalescence-F3-E11-AA-AF-mGAM-mGAM-3_S682,82,C_E8_A11_AF_AA_mGAM_mGAM_6_S248,101060,117
59,B11-e003Assembly-mGAM-p3,34,C_E8_A11_AF_AA_mGAM_mGAM_6_S248,101060,117
60,B11-e003Assembly-mGAM-p5,59,C_E8_A11_AF_AA_mGAM_mGAM_6_S248,101060,117
61,B11-e003GlycerolRevival-mGAM-p2,44,C_E8_A11_AF_AA_mGAM_mGAM_6_S248,101060,117
62,C11-e003Assembly-mGAM-p3,43,C_E8_A11_AF_AA_mGAM_mGAM_6_S248,101060,117
63,C11-e003GlycerolRevival-mGAM-p2,33,C_E8_A11_AF_AA_mGAM_mGAM_6_S248,101060,117
64,e003-inoculumn-fecal-AF,31,C_E8_A11_AF_AA_mGAM_mGAM_6_S248,101060,117
65,C_F4_e003Assembly_6_S256,42,C_E8_A11_AF_AA_mGAM_mGAM_6_S248,101060,117
66,C_F8_e003Assembly_6_S260,67,C_E8_A11_AF_AA_mGAM_mGAM_6_S248,101060,117
67,C_F12_e003Assembly_4_S264,73,C_E8_A11_AF_AA_mGAM_mGAM_6_S248,101060,117
68,D_B8_e003Assembly_S308,68,C_E8_A11_AF_AA_mGAM_mGAM_6_S248,101060,117
69,D_F8_e003Assembly_S356,63,C_E8_A11_AF_AA_mGAM_mGAM_6_S248,101060,117
70,D_F12_e003Assembly_S360,82,C_E8_A11_AF_AA_mGAM_mGAM_6_S248,101060,117
71,C_H2_e003Assembly_S278,83,C_E8_A11_AF_AA_mGAM_mGAM_6_S248,101060,117
72,C_H10_H3_ACPP_AF_mBHI_mGAM_4_S286,64,C_E8_A11_AF_AA_mGAM_mGAM_6_S248,101060,117
0,A_D8_D11_AF_AF_mGAM_mBHI_2_S44,51,C_H5_D8_AA_AF_mGAM_mGAM_6_S281,101060,448
1,A_E8_A11_AF_AA_mGAM_mGAM_2_S56,60,C_H5_D8_AA_AF_mGAM_mGAM_6_S281,101060,448
2,A_H5_D8_AA_AF_mGAM_mGAM_2_S89,55,C_H5_D8_AA_AF_mGAM_mGAM_6_S281,101060,448
3,A_H8_D11_AF_AF_mGAM_mGAM_2_S92,58,C_H5_D8_AA_AF_mGAM_mGAM_6_S281,101060,448
4,B_D8_H11_AF_AF_mGAM_mBHI_2_S140,36,C_H5_D8_AA_AF_mGAM_mGAM_6_S281,101060,448
5,B_E8_E11_AF_AA_mGAM_mGAM_2_S152,56,C_H5_D8_AA_AF_mGAM_mGAM_6_S281,101060,448
6,B_E12_A11_AF_AA_mGAM_mGAM_4_S156,59,C_H5_D8_AA_AF_mGAM_mGAM_6_S281,101060,448
7,B_H5_H8_AA_AF_mGAM_mGAM_2_S185,53,C_H5_D8_AA_AF_mGAM_mGAM_6_S281,101060,448
8,B_H8_H11_AF_AF_mGAM_mGAM_2_S188,53,C_H5_D8_AA_AF_mGAM_mGAM_6_S281,101060,448
9,B_H9_D8_AA_AF_mGAM_mGAM_4_S189,53,C_H5_D8_AA_AF_mGAM_mGAM_6_S281,101060,448
10,C_D8_D11_AF_AF_mGAM_mBHI_6_S236,43,C_H5_D8_AA_AF_mGAM_mGAM_6_S281,101060,448
11,C_E8_A11_AF_AA_mGAM_mGAM_6_S248,59,C_H5_D8_AA_AF_mGAM_mGAM_6_S281,101060,448
12,C_H5_D8_AA_AF_mGAM_mGAM_6_S281,448,C_H5_D8_AA_AF_mGAM_mGAM_6_S281,101060,448
13,C_H8_D11_AF_AF_mGAM_mGAM_6_S284,54,C_H5_D8_AA_AF_mGAM_mGAM_6_S281,101060,448
14,D_D8_D11_AF_AF_mGAM_mBHI_6_S332,55,C_H5_D8_AA_AF_mGAM_mGAM_6_S281,101060,448
15,D_E8_A11_AF_AA_mGAM_mGAM_6_S344,53,C_H5_D8_AA_AF_mGAM_mGAM_6_S281,101060,448
16,D_E12_E11_AF_AA_mGAM_mGAM_4_S348,51,C_H5_D8_AA_AF_mGAM_mGAM_6_S281,101060,448
17,D_H5_D8_AA_AF_mGAM_mGAM_6_S377,55,C_H5_D8_AA_AF_mGAM_mGAM_6_S281,101060,448
18,D_H8_D11_AF_AF_mGAM_mGAM_6_S380,39,C_H5_D8_AA_AF_mGAM_mGAM_6_S281,101060,448
19,D_H9_H8_AA_AF_mGAM_mGAM_4_S381,31,C_H5_D8_AA_AF_mGAM_mGAM_6_S281,101060,448
20,D11-e003Coalescence-mBHI-p5,45,C_H5_D8_AA_AF_mGAM_mGAM_6_S281,101060,448
21,D11-e003Coalescence-mGAM-p5,56,C_H5_D8_AA_AF_mGAM_mGAM_6_S281,101060,448
22,A11-e003Coalescence-mGAM-p7,46,C_H5_D8_AA_AF_mGAM_mGAM_6_S281,101060,448
23,D8-e003Coalescence-mGAM-p5,53,C_H5_D8_AA_AF_mGAM_mGAM_6_S281,101060,448
24,D11-e003Coalescence-mGAM-p7,63,C_H5_D8_AA_AF_mGAM_mGAM_6_S281,101060,448
25,A11-e003Coalescence-mGAM-p3,48,C_H5_D8_AA_AF_mGAM_mGAM_6_S281,101060,448
26,H111-e003Coalescence-mGAM-p7_S188,52,C_H5_D8_AA_AF_mGAM_mGAM_6_S281,101060,448
27,H111-e003Coalescence-mBHI-p3_S144,53,C_H5_D8_AA_AF_mGAM_mGAM_6_S281,101060,448
28,H111-e003Coalescence-mGAM-p5_S92,52,C_H5_D8_AA_AF_mGAM_mGAM_6_S281,101060,448
29,H8-e003Coalescence-mGAM-p5_S89,46,C_H5_D8_AA_AF_mGAM_mGAM_6_S281,101060,448
30,H111-e003Coalescence-mBHI-p5_S44,52,C_H5_D8_AA_AF_mGAM_mGAM_6_S281,101060,448
31,E111-e003Coalescence-mGAM-p5_S56,46,C_H5_D8_AA_AF_mGAM_mGAM_6_S281,101060,448
32,H111-e003Coalescence-mGAM-p3_S192,51,C_H5_D8_AA_AF_mGAM_mGAM_6_S281,101060,448
33,H8-e003Coalescence-mGAM-p7_S185,47,C_H5_D8_AA_AF_mGAM_mGAM_6_S281,101060,448
34,B5-e003Coalescence-Inoculumn-mGAM,53,C_H5_D8_AA_AF_mGAM_mGAM_6_S281,101060,448
35,D5-e003Coalescence-Inoculumn-mGAM,54,C_H5_D8_AA_AF_mGAM_mGAM_6_S281,101060,448
36,A5-e003Coalescence-Inoculumn-mGAM,50,C_H5_D8_AA_AF_mGAM_mGAM_6_S281,101060,448
37,D2-e003Coalescence-Inoculumn-mGAM,50,C_H5_D8_AA_AF_mGAM_mGAM_6_S281,101060,448
38,D3-e003Coalescence-Inoculumn-mGAM,59,C_H5_D8_AA_AF_mGAM_mGAM_6_S281,101060,448
39,C5-e003Coalescence-Inoculumn-mGAM,56,C_H5_D8_AA_AF_mGAM_mGAM_6_S281,101060,448
40,E11-e003Coalescence-mGAM-p1_S840,55,C_H5_D8_AA_AF_mGAM_mGAM_6_S281,101060,448
41,H8-e003Coalescence-mBHI-p1_S815,50,C_H5_D8_AA_AF_mGAM_mGAM_6_S281,101060,448
42,D8-e003Coalescence-mGAM-p1_S755,51,C_H5_D8_AA_AF_mGAM_mGAM_6_S281,101060,448
43,H11-e003Coalescence-mGAM-p1_S843,47,C_H5_D8_AA_AF_mGAM_mGAM_6_S281,101060,448
44,A11-e003Coalescence-mGAM-p1_S776,24,C_H5_D8_AA_AF_mGAM_mGAM_6_S281,101060,448
45,H11-e003Coalescence-mBHI-p1_S839,60,C_H5_D8_AA_AF_mGAM_mGAM_6_S281,101060,448
46,E11-e003Coalescence-mBHI-p1_S836,51,C_H5_D8_AA_AF_mGAM_mGAM_6_S281,101060,448
47,H8-e003Coalescence-mGAM-p1_S819,59,C_H5_D8_AA_AF_mGAM_mGAM_6_S281,101060,448
48,D11-e003Coalescence-mGAM-p1_S779,48,C_H5_D8_AA_AF_mGAM_mGAM_6_S281,101060,448
49,D11-e003Coalescence-mBHI-p1_S775,43,C_H5_D8_AA_AF_mGAM_mGAM_6_S281,101060,448
50,A11-e003Coalescence-mBHI-p1_S772,25,C_H5_D8_AA_AF_mGAM_mGAM_6_S281,101060,448
51,Coalescence-A12-D11-AF-AF-mGAM-mBHI-7_S631,48,C_H5_D8_AA_AF_mGAM_mGAM_6_S281,101060,448
52,Coalescence-C3-A11-AA-AF-mGAM-mGAM-5_S646,54,C_H5_D8_AA_AF_mGAM_mGAM_6_S281,101060,448
53,Coalescence-F1-D8-AA-AF-mGAM-mGAM-3_S680,54,C_H5_D8_AA_AF_mGAM_mGAM_6_S281,101060,448
54,Coalescence-E8-D11-AF-AF-mGAM-mBHI-3_S675,54,C_H5_D8_AA_AF_mGAM_mGAM_6_S281,101060,448
55,Coalescence-B5-D8-AA-AF-mGAM-mGAM-7_S636,61,C_H5_D8_AA_AF_mGAM_mGAM_6_S281,101060,448
56,Coalescence-F10-H8-AA-AF-mGAM-mGAM-3_S689,56,C_H5_D8_AA_AF_mGAM_mGAM_6_S281,101060,448
57,Coalescence-B6-E11-AA-AF-mGAM-mGAM-7_S637,55,C_H5_D8_AA_AF_mGAM_mGAM_6_S281,101060,448
58,Coalescence-F3-E11-AA-AF-mGAM-mGAM-3_S682,56,C_H5_D8_AA_AF_mGAM_mGAM_6_S281,101060,448
59,B11-e003Assembly-mGAM-p3,25,C_H5_D8_AA_AF_mGAM_mGAM_6_S281,101060,448
60,B11-e003Assembly-mGAM-p5,49,C_H5_D8_AA_AF_mGAM_mGAM_6_S281,101060,448
61,B11-e003GlycerolRevival-mGAM-p2,48,C_H5_D8_AA_AF_mGAM_mGAM_6_S281,101060,448
62,C11-e003Assembly-mGAM-p3,31,C_H5_D8_AA_AF_mGAM_mGAM_6_S281,101060,448
63,C11-e003GlycerolRevival-mGAM-p2,37,C_H5_D8_AA_AF_mGAM_mGAM_6_S281,101060,448
64,e003-inoculumn-fecal-AF,32,C_H5_D8_AA_AF_mGAM_mGAM_6_S281,101060,448
65,C_F4_e003Assembly_6_S256,33,C_H5_D8_AA_AF_mGAM_mGAM_6_S281,101060,448
66,C_F8_e003Assembly_6_S260,52,C_H5_D8_AA_AF_mGAM_mGAM_6_S281,101060,448
67,C_F12_e003Assembly_4_S264,55,C_H5_D8_AA_AF_mGAM_mGAM_6_S281,101060,448
68,D_B8_e003Assembly_S308,52,C_H5_D8_AA_AF_mGAM_mGAM_6_S281,101060,448
69,D_F8_e003Assembly_S356,40,C_H5_D8_AA_AF_mGAM_mGAM_6_S281,101060,448
70,D_F12_e003Assembly_S360,56,C_H5_D8_AA_AF_mGAM_mGAM_6_S281,101060,448
71,C_H2_e003Assembly_S278,59,C_H5_D8_AA_AF_mGAM_mGAM_6_S281,101060,448
72,C_H10_H3_ACPP_AF_mBHI_mGAM_4_S286,45,C_H5_D8_AA_AF_mGAM_mGAM_6_S281,101060,448
0,A_D8_D11_AF_AF_mGAM_mBHI_2_S44,62,C_H8_D11_AF_AF_mGAM_mGAM_6_S284,101060,97
1,A_E8_A11_AF_AA_mGAM_mGAM_2_S56,64,C_H8_D11_AF_AF_mGAM_mGAM_6_S284,101060,97
2,A_H5_D8_AA_AF_mGAM_mGAM_2_S89,64,C_H8_D11_AF_AF_mGAM_mGAM_6_S284,101060,97
3,A_H8_D11_AF_AF_mGAM_mGAM_2_S92,62,C_H8_D11_AF_AF_mGAM_mGAM_6_S284,101060,97
4,B_D8_H11_AF_AF_mGAM_mBHI_2_S140,46,C_H8_D11_AF_AF_mGAM_mGAM_6_S284,101060,97
5,B_E8_E11_AF_AA_mGAM_mGAM_2_S152,69,C_H8_D11_AF_AF_mGAM_mGAM_6_S284,101060,97
6,B_E12_A11_AF_AA_mGAM_mGAM_4_S156,63,C_H8_D11_AF_AF_mGAM_mGAM_6_S284,101060,97
7,B_H5_H8_AA_AF_mGAM_mGAM_2_S185,71,C_H8_D11_AF_AF_mGAM_mGAM_6_S284,101060,97
8,B_H8_H11_AF_AF_mGAM_mGAM_2_S188,54,C_H8_D11_AF_AF_mGAM_mGAM_6_S284,101060,97
9,B_H9_D8_AA_AF_mGAM_mGAM_4_S189,60,C_H8_D11_AF_AF_mGAM_mGAM_6_S284,101060,97
10,C_D8_D11_AF_AF_mGAM_mBHI_6_S236,51,C_H8_D11_AF_AF_mGAM_mGAM_6_S284,101060,97
11,C_E8_A11_AF_AA_mGAM_mGAM_6_S248,70,C_H8_D11_AF_AF_mGAM_mGAM_6_S284,101060,97
12,C_H5_D8_AA_AF_mGAM_mGAM_6_S281,54,C_H8_D11_AF_AF_mGAM_mGAM_6_S284,101060,97
13,C_H8_D11_AF_AF_mGAM_mGAM_6_S284,97,C_H8_D11_AF_AF_mGAM_mGAM_6_S284,101060,97
14,D_D8_D11_AF_AF_mGAM_mBHI_6_S332,57,C_H8_D11_AF_AF_mGAM_mGAM_6_S284,101060,97
15,D_E8_A11_AF_AA_mGAM_mGAM_6_S344,61,C_H8_D11_AF_AF_mGAM_mGAM_6_S284,101060,97
16,D_E12_E11_AF_AA_mGAM_mGAM_4_S348,64,C_H8_D11_AF_AF_mGAM_mGAM_6_S284,101060,97
17,D_H5_D8_AA_AF_mGAM_mGAM_6_S377,70,C_H8_D11_AF_AF_mGAM_mGAM_6_S284,101060,97
18,D_H8_D11_AF_AF_mGAM_mGAM_6_S380,42,C_H8_D11_AF_AF_mGAM_mGAM_6_S284,101060,97
19,D_H9_H8_AA_AF_mGAM_mGAM_4_S381,35,C_H8_D11_AF_AF_mGAM_mGAM_6_S284,101060,97
20,D11-e003Coalescence-mBHI-p5,54,C_H8_D11_AF_AF_mGAM_mGAM_6_S284,101060,97
21,D11-e003Coalescence-mGAM-p5,63,C_H8_D11_AF_AF_mGAM_mGAM_6_S284,101060,97
22,A11-e003Coalescence-mGAM-p7,44,C_H8_D11_AF_AF_mGAM_mGAM_6_S284,101060,97
23,D8-e003Coalescence-mGAM-p5,55,C_H8_D11_AF_AF_mGAM_mGAM_6_S284,101060,97
24,D11-e003Coalescence-mGAM-p7,67,C_H8_D11_AF_AF_mGAM_mGAM_6_S284,101060,97
25,A11-e003Coalescence-mGAM-p3,63,C_H8_D11_AF_AF_mGAM_mGAM_6_S284,101060,97
26,H111-e003Coalescence-mGAM-p7_S188,59,C_H8_D11_AF_AF_mGAM_mGAM_6_S284,101060,97
27,H111-e003Coalescence-mBHI-p3_S144,67,C_H8_D11_AF_AF_mGAM_mGAM_6_S284,101060,97
28,H111-e003Coalescence-mGAM-p5_S92,62,C_H8_D11_AF_AF_mGAM_mGAM_6_S284,101060,97
29,H8-e003Coalescence-mGAM-p5_S89,60,C_H8_D11_AF_AF_mGAM_mGAM_6_S284,101060,97
30,H111-e003Coalescence-mBHI-p5_S44,59,C_H8_D11_AF_AF_mGAM_mGAM_6_S284,101060,97
31,E111-e003Coalescence-mGAM-p5_S56,63,C_H8_D11_AF_AF_mGAM_mGAM_6_S284,101060,97
32,H111-e003Coalescence-mGAM-p3_S192,68,C_H8_D11_AF_AF_mGAM_mGAM_6_S284,101060,97
33,H8-e003Coalescence-mGAM-p7_S185,62,C_H8_D11_AF_AF_mGAM_mGAM_6_S284,101060,97
34,B5-e003Coalescence-Inoculumn-mGAM,51,C_H8_D11_AF_AF_mGAM_mGAM_6_S284,101060,97
35,D5-e003Coalescence-Inoculumn-mGAM,55,C_H8_D11_AF_AF_mGAM_mGAM_6_S284,101060,97
36,A5-e003Coalescence-Inoculumn-mGAM,50,C_H8_D11_AF_AF_mGAM_mGAM_6_S284,101060,97
37,D2-e003Coalescence-Inoculumn-mGAM,54,C_H8_D11_AF_AF_mGAM_mGAM_6_S284,101060,97
38,D3-e003Coalescence-Inoculumn-mGAM,62,C_H8_D11_AF_AF_mGAM_mGAM_6_S284,101060,97
39,C5-e003Coalescence-Inoculumn-mGAM,74,C_H8_D11_AF_AF_mGAM_mGAM_6_S284,101060,97
40,E11-e003Coalescence-mGAM-p1_S840,65,C_H8_D11_AF_AF_mGAM_mGAM_6_S284,101060,97
41,H8-e003Coalescence-mBHI-p1_S815,57,C_H8_D11_AF_AF_mGAM_mGAM_6_S284,101060,97
42,D8-e003Coalescence-mGAM-p1_S755,67,C_H8_D11_AF_AF_mGAM_mGAM_6_S284,101060,97
43,H11-e003Coalescence-mGAM-p1_S843,51,C_H8_D11_AF_AF_mGAM_mGAM_6_S284,101060,97
44,A11-e003Coalescence-mGAM-p1_S776,27,C_H8_D11_AF_AF_mGAM_mGAM_6_S284,101060,97
45,H11-e003Coalescence-mBHI-p1_S839,63,C_H8_D11_AF_AF_mGAM_mGAM_6_S284,101060,97
46,E11-e003Coalescence-mBHI-p1_S836,57,C_H8_D11_AF_AF_mGAM_mGAM_6_S284,101060,97
47,H8-e003Coalescence-mGAM-p1_S819,66,C_H8_D11_AF_AF_mGAM_mGAM_6_S284,101060,97
48,D11-e003Coalescence-mGAM-p1_S779,64,C_H8_D11_AF_AF_mGAM_mGAM_6_S284,101060,97
49,D11-e003Coalescence-mBHI-p1_S775,51,C_H8_D11_AF_AF_mGAM_mGAM_6_S284,101060,97
50,A11-e003Coalescence-mBHI-p1_S772,32,C_H8_D11_AF_AF_mGAM_mGAM_6_S284,101060,97
51,Coalescence-A12-D11-AF-AF-mGAM-mBHI-7_S631,61,C_H8_D11_AF_AF_mGAM_mGAM_6_S284,101060,97
52,Coalescence-C3-A11-AA-AF-mGAM-mGAM-5_S646,67,C_H8_D11_AF_AF_mGAM_mGAM_6_S284,101060,97
53,Coalescence-F1-D8-AA-AF-mGAM-mGAM-3_S680,60,C_H8_D11_AF_AF_mGAM_mGAM_6_S284,101060,97
54,Coalescence-E8-D11-AF-AF-mGAM-mBHI-3_S675,70,C_H8_D11_AF_AF_mGAM_mGAM_6_S284,101060,97
55,Coalescence-B5-D8-AA-AF-mGAM-mGAM-7_S636,56,C_H8_D11_AF_AF_mGAM_mGAM_6_S284,101060,97
56,Coalescence-F10-H8-AA-AF-mGAM-mGAM-3_S689,66,C_H8_D11_AF_AF_mGAM_mGAM_6_S284,101060,97
57,Coalescence-B6-E11-AA-AF-mGAM-mGAM-7_S637,66,C_H8_D11_AF_AF_mGAM_mGAM_6_S284,101060,97
58,Coalescence-F3-E11-AA-AF-mGAM-mGAM-3_S682,68,C_H8_D11_AF_AF_mGAM_mGAM_6_S284,101060,97
59,B11-e003Assembly-mGAM-p3,29,C_H8_D11_AF_AF_mGAM_mGAM_6_S284,101060,97
60,B11-e003Assembly-mGAM-p5,46,C_H8_D11_AF_AF_mGAM_mGAM_6_S284,101060,97
61,B11-e003GlycerolRevival-mGAM-p2,40,C_H8_D11_AF_AF_mGAM_mGAM_6_S284,101060,97
62,C11-e003Assembly-mGAM-p3,35,C_H8_D11_AF_AF_mGAM_mGAM_6_S284,101060,97
63,C11-e003GlycerolRevival-mGAM-p2,28,C_H8_D11_AF_AF_mGAM_mGAM_6_S284,101060,97
64,e003-inoculumn-fecal-AF,23,C_H8_D11_AF_AF_mGAM_mGAM_6_S284,101060,97
65,C_F4_e003Assembly_6_S256,34,C_H8_D11_AF_AF_mGAM_mGAM_6_S284,101060,97
66,C_F8_e003Assembly_6_S260,60,C_H8_D11_AF_AF_mGAM_mGAM_6_S284,101060,97
67,C_F12_e003Assembly_4_S264,62,C_H8_D11_AF_AF_mGAM_mGAM_6_S284,101060,97
68,D_B8_e003Assembly_S308,59,C_H8_D11_AF_AF_mGAM_mGAM_6_S284,101060,97
69,D_F8_e003Assembly_S356,62,C_H8_D11_AF_AF_mGAM_mGAM_6_S284,101060,97
70,D_F12_e003Assembly_S360,64,C_H8_D11_AF_AF_mGAM_mGAM_6_S284,101060,97
71,C_H2_e003Assembly_S278,71,C_H8_D11_AF_AF_mGAM_mGAM_6_S284,101060,97
72,C_H10_H3_ACPP_AF_mBHI_mGAM_4_S286,49,C_H8_D11_AF_AF_mGAM_mGAM_6_S284,101060,97
0,A_D8_D11_AF_AF_mGAM_mBHI_2_S44,67,D_D8_D11_AF_AF_mGAM_mBHI_6_S332,101060,121
1,A_E8_A11_AF_AA_mGAM_mGAM_2_S56,68,D_D8_D11_AF_AF_mGAM_mBHI_6_S332,101060,121
2,A_H5_D8_AA_AF_mGAM_mGAM_2_S89,67,D_D8_D11_AF_AF_mGAM_mBHI_6_S332,101060,121
3,A_H8_D11_AF_AF_mGAM_mGAM_2_S92,67,D_D8_D11_AF_AF_mGAM_mBHI_6_S332,101060,121
4,B_D8_H11_AF_AF_mGAM_mBHI_2_S140,54,D_D8_D11_AF_AF_mGAM_mBHI_6_S332,101060,121
5,B_E8_E11_AF_AA_mGAM_mGAM_2_S152,64,D_D8_D11_AF_AF_mGAM_mBHI_6_S332,101060,121
6,B_E12_A11_AF_AA_mGAM_mGAM_4_S156,70,D_D8_D11_AF_AF_mGAM_mBHI_6_S332,101060,121
7,B_H5_H8_AA_AF_mGAM_mGAM_2_S185,61,D_D8_D11_AF_AF_mGAM_mBHI_6_S332,101060,121
8,B_H8_H11_AF_AF_mGAM_mGAM_2_S188,58,D_D8_D11_AF_AF_mGAM_mBHI_6_S332,101060,121
9,B_H9_D8_AA_AF_mGAM_mGAM_4_S189,65,D_D8_D11_AF_AF_mGAM_mBHI_6_S332,101060,121
10,C_D8_D11_AF_AF_mGAM_mBHI_6_S236,52,D_D8_D11_AF_AF_mGAM_mBHI_6_S332,101060,121
11,C_E8_A11_AF_AA_mGAM_mGAM_6_S248,76,D_D8_D11_AF_AF_mGAM_mBHI_6_S332,101060,121
12,C_H5_D8_AA_AF_mGAM_mGAM_6_S281,55,D_D8_D11_AF_AF_mGAM_mBHI_6_S332,101060,121
13,C_H8_D11_AF_AF_mGAM_mGAM_6_S284,57,D_D8_D11_AF_AF_mGAM_mBHI_6_S332,101060,121
14,D_D8_D11_AF_AF_mGAM_mBHI_6_S332,121,D_D8_D11_AF_AF_mGAM_mBHI_6_S332,101060,121
15,D_E8_A11_AF_AA_mGAM_mGAM_6_S344,67,D_D8_D11_AF_AF_mGAM_mBHI_6_S332,101060,121
16,D_E12_E11_AF_AA_mGAM_mGAM_4_S348,64,D_D8_D11_AF_AF_mGAM_mBHI_6_S332,101060,121
17,D_H5_D8_AA_AF_mGAM_mGAM_6_S377,70,D_D8_D11_AF_AF_mGAM_mBHI_6_S332,101060,121
18,D_H8_D11_AF_AF_mGAM_mGAM_6_S380,41,D_D8_D11_AF_AF_mGAM_mBHI_6_S332,101060,121
19,D_H9_H8_AA_AF_mGAM_mGAM_4_S381,38,D_D8_D11_AF_AF_mGAM_mBHI_6_S332,101060,121
20,D11-e003Coalescence-mBHI-p5,61,D_D8_D11_AF_AF_mGAM_mBHI_6_S332,101060,121
21,D11-e003Coalescence-mGAM-p5,66,D_D8_D11_AF_AF_mGAM_mBHI_6_S332,101060,121
22,A11-e003Coalescence-mGAM-p7,57,D_D8_D11_AF_AF_mGAM_mBHI_6_S332,101060,121
23,D8-e003Coalescence-mGAM-p5,58,D_D8_D11_AF_AF_mGAM_mBHI_6_S332,101060,121
24,D11-e003Coalescence-mGAM-p7,65,D_D8_D11_AF_AF_mGAM_mBHI_6_S332,101060,121
25,A11-e003Coalescence-mGAM-p3,53,D_D8_D11_AF_AF_mGAM_mBHI_6_S332,101060,121
26,H111-e003Coalescence-mGAM-p7_S188,58,D_D8_D11_AF_AF_mGAM_mBHI_6_S332,101060,121
27,H111-e003Coalescence-mBHI-p3_S144,66,D_D8_D11_AF_AF_mGAM_mBHI_6_S332,101060,121
28,H111-e003Coalescence-mGAM-p5_S92,62,D_D8_D11_AF_AF_mGAM_mBHI_6_S332,101060,121
29,H8-e003Coalescence-mGAM-p5_S89,50,D_D8_D11_AF_AF_mGAM_mBHI_6_S332,101060,121
30,H111-e003Coalescence-mBHI-p5_S44,72,D_D8_D11_AF_AF_mGAM_mBHI_6_S332,101060,121
31,E111-e003Coalescence-mGAM-p5_S56,55,D_D8_D11_AF_AF_mGAM_mBHI_6_S332,101060,121
32,H111-e003Coalescence-mGAM-p3_S192,66,D_D8_D11_AF_AF_mGAM_mBHI_6_S332,101060,121
33,H8-e003Coalescence-mGAM-p7_S185,60,D_D8_D11_AF_AF_mGAM_mBHI_6_S332,101060,121
34,B5-e003Coalescence-Inoculumn-mGAM,57,D_D8_D11_AF_AF_mGAM_mBHI_6_S332,101060,121
35,D5-e003Coalescence-Inoculumn-mGAM,58,D_D8_D11_AF_AF_mGAM_mBHI_6_S332,101060,121
36,A5-e003Coalescence-Inoculumn-mGAM,59,D_D8_D11_AF_AF_mGAM_mBHI_6_S332,101060,121
37,D2-e003Coalescence-Inoculumn-mGAM,59,D_D8_D11_AF_AF_mGAM_mBHI_6_S332,101060,121
38,D3-e003Coalescence-Inoculumn-mGAM,56,D_D8_D11_AF_AF_mGAM_mBHI_6_S332,101060,121
39,C5-e003Coalescence-Inoculumn-mGAM,67,D_D8_D11_AF_AF_mGAM_mBHI_6_S332,101060,121
40,E11-e003Coalescence-mGAM-p1_S840,68,D_D8_D11_AF_AF_mGAM_mBHI_6_S332,101060,121
41,H8-e003Coalescence-mBHI-p1_S815,55,D_D8_D11_AF_AF_mGAM_mBHI_6_S332,101060,121
42,D8-e003Coalescence-mGAM-p1_S755,58,D_D8_D11_AF_AF_mGAM_mBHI_6_S332,101060,121
43,H11-e003Coalescence-mGAM-p1_S843,65,D_D8_D11_AF_AF_mGAM_mBHI_6_S332,101060,121
44,A11-e003Coalescence-mGAM-p1_S776,36,D_D8_D11_AF_AF_mGAM_mBHI_6_S332,101060,121
45,H11-e003Coalescence-mBHI-p1_S839,66,D_D8_D11_AF_AF_mGAM_mBHI_6_S332,101060,121
46,E11-e003Coalescence-mBHI-p1_S836,64,D_D8_D11_AF_AF_mGAM_mBHI_6_S332,101060,121
47,H8-e003Coalescence-mGAM-p1_S819,64,D_D8_D11_AF_AF_mGAM_mBHI_6_S332,101060,121
48,D11-e003Coalescence-mGAM-p1_S779,54,D_D8_D11_AF_AF_mGAM_mBHI_6_S332,101060,121
49,D11-e003Coalescence-mBHI-p1_S775,48,D_D8_D11_AF_AF_mGAM_mBHI_6_S332,101060,121
50,A11-e003Coalescence-mBHI-p1_S772,36,D_D8_D11_AF_AF_mGAM_mBHI_6_S332,101060,121
51,Coalescence-A12-D11-AF-AF-mGAM-mBHI-7_S631,63,D_D8_D11_AF_AF_mGAM_mBHI_6_S332,101060,121
52,Coalescence-C3-A11-AA-AF-mGAM-mGAM-5_S646,66,D_D8_D11_AF_AF_mGAM_mBHI_6_S332,101060,121
53,Coalescence-F1-D8-AA-AF-mGAM-mGAM-3_S680,61,D_D8_D11_AF_AF_mGAM_mBHI_6_S332,101060,121
54,Coalescence-E8-D11-AF-AF-mGAM-mBHI-3_S675,67,D_D8_D11_AF_AF_mGAM_mBHI_6_S332,101060,121
55,Coalescence-B5-D8-AA-AF-mGAM-mGAM-7_S636,66,D_D8_D11_AF_AF_mGAM_mBHI_6_S332,101060,121
56,Coalescence-F10-H8-AA-AF-mGAM-mGAM-3_S689,62,D_D8_D11_AF_AF_mGAM_mBHI_6_S332,101060,121
57,Coalescence-B6-E11-AA-AF-mGAM-mGAM-7_S637,70,D_D8_D11_AF_AF_mGAM_mBHI_6_S332,101060,121
58,Coalescence-F3-E11-AA-AF-mGAM-mGAM-3_S682,70,D_D8_D11_AF_AF_mGAM_mBHI_6_S332,101060,121
59,B11-e003Assembly-mGAM-p3,30,D_D8_D11_AF_AF_mGAM_mBHI_6_S332,101060,121
60,B11-e003Assembly-mGAM-p5,58,D_D8_D11_AF_AF_mGAM_mBHI_6_S332,101060,121
61,B11-e003GlycerolRevival-mGAM-p2,45,D_D8_D11_AF_AF_mGAM_mBHI_6_S332,101060,121
62,C11-e003Assembly-mGAM-p3,35,D_D8_D11_AF_AF_mGAM_mBHI_6_S332,101060,121
63,C11-e003GlycerolRevival-mGAM-p2,34,D_D8_D11_AF_AF_mGAM_mBHI_6_S332,101060,121
64,e003-inoculumn-fecal-AF,31,D_D8_D11_AF_AF_mGAM_mBHI_6_S332,101060,121
65,C_F4_e003Assembly_6_S256,40,D_D8_D11_AF_AF_mGAM_mBHI_6_S332,101060,121
66,C_F8_e003Assembly_6_S260,64,D_D8_D11_AF_AF_mGAM_mBHI_6_S332,101060,121
67,C_F12_e003Assembly_4_S264,60,D_D8_D11_AF_AF_mGAM_mBHI_6_S332,101060,121
68,D_B8_e003Assembly_S308,58,D_D8_D11_AF_AF_mGAM_mBHI_6_S332,101060,121
69,D_F8_e003Assembly_S356,57,D_D8_D11_AF_AF_mGAM_mBHI_6_S332,101060,121
70,D_F12_e003Assembly_S360,71,D_D8_D11_AF_AF_mGAM_mBHI_6_S332,101060,121
71,C_H2_e003Assembly_S278,69,D_D8_D11_AF_AF_mGAM_mBHI_6_S332,101060,121
72,C_H10_H3_ACPP_AF_mBHI_mGAM_4_S286,59,D_D8_D11_AF_AF_mGAM_mBHI_6_S332,101060,121
0,A_D8_D11_AF_AF_mGAM_mBHI_2_S44,65,D_E8_A11_AF_AA_mGAM_mGAM_6_S344,101060,112
1,A_E8_A11_AF_AA_mGAM_mGAM_2_S56,75,D_E8_A11_AF_AA_mGAM_mGAM_6_S344,101060,112
2,A_H5_D8_AA_AF_mGAM_mGAM_2_S89,75,D_E8_A11_AF_AA_mGAM_mGAM_6_S344,101060,112
3,A_H8_D11_AF_AF_mGAM_mGAM_2_S92,74,D_E8_A11_AF_AA_mGAM_mGAM_6_S344,101060,112
4,B_D8_H11_AF_AF_mGAM_mBHI_2_S140,58,D_E8_A11_AF_AA_mGAM_mGAM_6_S344,101060,112
5,B_E8_E11_AF_AA_mGAM_mGAM_2_S152,63,D_E8_A11_AF_AA_mGAM_mGAM_6_S344,101060,112
6,B_E12_A11_AF_AA_mGAM_mGAM_4_S156,72,D_E8_A11_AF_AA_mGAM_mGAM_6_S344,101060,112
7,B_H5_H8_AA_AF_mGAM_mGAM_2_S185,73,D_E8_A11_AF_AA_mGAM_mGAM_6_S344,101060,112
8,B_H8_H11_AF_AF_mGAM_mGAM_2_S188,61,D_E8_A11_AF_AA_mGAM_mGAM_6_S344,101060,112
9,B_H9_D8_AA_AF_mGAM_mGAM_4_S189,76,D_E8_A11_AF_AA_mGAM_mGAM_6_S344,101060,112
10,C_D8_D11_AF_AF_mGAM_mBHI_6_S236,53,D_E8_A11_AF_AA_mGAM_mGAM_6_S344,101060,112
11,C_E8_A11_AF_AA_mGAM_mGAM_6_S248,76,D_E8_A11_AF_AA_mGAM_mGAM_6_S344,101060,112
12,C_H5_D8_AA_AF_mGAM_mGAM_6_S281,53,D_E8_A11_AF_AA_mGAM_mGAM_6_S344,101060,112
13,C_H8_D11_AF_AF_mGAM_mGAM_6_S284,61,D_E8_A11_AF_AA_mGAM_mGAM_6_S344,101060,112
14,D_D8_D11_AF_AF_mGAM_mBHI_6_S332,67,D_E8_A11_AF_AA_mGAM_mGAM_6_S344,101060,112
15,D_E8_A11_AF_AA_mGAM_mGAM_6_S344,112,D_E8_A11_AF_AA_mGAM_mGAM_6_S344,101060,112
16,D_E12_E11_AF_AA_mGAM_mGAM_4_S348,82,D_E8_A11_AF_AA_mGAM_mGAM_6_S344,101060,112
17,D_H5_D8_AA_AF_mGAM_mGAM_6_S377,75,D_E8_A11_AF_AA_mGAM_mGAM_6_S344,101060,112
18,D_H8_D11_AF_AF_mGAM_mGAM_6_S380,47,D_E8_A11_AF_AA_mGAM_mGAM_6_S344,101060,112
19,D_H9_H8_AA_AF_mGAM_mGAM_4_S381,41,D_E8_A11_AF_AA_mGAM_mGAM_6_S344,101060,112
20,D11-e003Coalescence-mBHI-p5,68,D_E8_A11_AF_AA_mGAM_mGAM_6_S344,101060,112
21,D11-e003Coalescence-mGAM-p5,69,D_E8_A11_AF_AA_mGAM_mGAM_6_S344,101060,112
22,A11-e003Coalescence-mGAM-p7,47,D_E8_A11_AF_AA_mGAM_mGAM_6_S344,101060,112
23,D8-e003Coalescence-mGAM-p5,62,D_E8_A11_AF_AA_mGAM_mGAM_6_S344,101060,112
24,D11-e003Coalescence-mGAM-p7,73,D_E8_A11_AF_AA_mGAM_mGAM_6_S344,101060,112
25,A11-e003Coalescence-mGAM-p3,66,D_E8_A11_AF_AA_mGAM_mGAM_6_S344,101060,112
26,H111-e003Coalescence-mGAM-p7_S188,61,D_E8_A11_AF_AA_mGAM_mGAM_6_S344,101060,112
27,H111-e003Coalescence-mBHI-p3_S144,68,D_E8_A11_AF_AA_mGAM_mGAM_6_S344,101060,112
28,H111-e003Coalescence-mGAM-p5_S92,69,D_E8_A11_AF_AA_mGAM_mGAM_6_S344,101060,112
29,H8-e003Coalescence-mGAM-p5_S89,54,D_E8_A11_AF_AA_mGAM_mGAM_6_S344,101060,112
30,H111-e003Coalescence-mBHI-p5_S44,67,D_E8_A11_AF_AA_mGAM_mGAM_6_S344,101060,112
31,E111-e003Coalescence-mGAM-p5_S56,59,D_E8_A11_AF_AA_mGAM_mGAM_6_S344,101060,112
32,H111-e003Coalescence-mGAM-p3_S192,75,D_E8_A11_AF_AA_mGAM_mGAM_6_S344,101060,112
33,H8-e003Coalescence-mGAM-p7_S185,69,D_E8_A11_AF_AA_mGAM_mGAM_6_S344,101060,112
34,B5-e003Coalescence-Inoculumn-mGAM,57,D_E8_A11_AF_AA_mGAM_mGAM_6_S344,101060,112
35,D5-e003Coalescence-Inoculumn-mGAM,68,D_E8_A11_AF_AA_mGAM_mGAM_6_S344,101060,112
36,A5-e003Coalescence-Inoculumn-mGAM,59,D_E8_A11_AF_AA_mGAM_mGAM_6_S344,101060,112
37,D2-e003Coalescence-Inoculumn-mGAM,66,D_E8_A11_AF_AA_mGAM_mGAM_6_S344,101060,112
38,D3-e003Coalescence-Inoculumn-mGAM,75,D_E8_A11_AF_AA_mGAM_mGAM_6_S344,101060,112
39,C5-e003Coalescence-Inoculumn-mGAM,75,D_E8_A11_AF_AA_mGAM_mGAM_6_S344,101060,112
40,E11-e003Coalescence-mGAM-p1_S840,74,D_E8_A11_AF_AA_mGAM_mGAM_6_S344,101060,112
41,H8-e003Coalescence-mBHI-p1_S815,59,D_E8_A11_AF_AA_mGAM_mGAM_6_S344,101060,112
42,D8-e003Coalescence-mGAM-p1_S755,70,D_E8_A11_AF_AA_mGAM_mGAM_6_S344,101060,112
43,H11-e003Coalescence-mGAM-p1_S843,61,D_E8_A11_AF_AA_mGAM_mGAM_6_S344,101060,112
44,A11-e003Coalescence-mGAM-p1_S776,32,D_E8_A11_AF_AA_mGAM_mGAM_6_S344,101060,112
45,H11-e003Coalescence-mBHI-p1_S839,72,D_E8_A11_AF_AA_mGAM_mGAM_6_S344,101060,112
46,E11-e003Coalescence-mBHI-p1_S836,61,D_E8_A11_AF_AA_mGAM_mGAM_6_S344,101060,112
47,H8-e003Coalescence-mGAM-p1_S819,64,D_E8_A11_AF_AA_mGAM_mGAM_6_S344,101060,112
48,D11-e003Coalescence-mGAM-p1_S779,69,D_E8_A11_AF_AA_mGAM_mGAM_6_S344,101060,112
49,D11-e003Coalescence-mBHI-p1_S775,51,D_E8_A11_AF_AA_mGAM_mGAM_6_S344,101060,112
50,A11-e003Coalescence-mBHI-p1_S772,31,D_E8_A11_AF_AA_mGAM_mGAM_6_S344,101060,112
51,Coalescence-A12-D11-AF-AF-mGAM-mBHI-7_S631,69,D_E8_A11_AF_AA_mGAM_mGAM_6_S344,101060,112
52,Coalescence-C3-A11-AA-AF-mGAM-mGAM-5_S646,74,D_E8_A11_AF_AA_mGAM_mGAM_6_S344,101060,112
53,Coalescence-F1-D8-AA-AF-mGAM-mGAM-3_S680,70,D_E8_A11_AF_AA_mGAM_mGAM_6_S344,101060,112
54,Coalescence-E8-D11-AF-AF-mGAM-mBHI-3_S675,75,D_E8_A11_AF_AA_mGAM_mGAM_6_S344,101060,112
55,Coalescence-B5-D8-AA-AF-mGAM-mGAM-7_S636,78,D_E8_A11_AF_AA_mGAM_mGAM_6_S344,101060,112
56,Coalescence-F10-H8-AA-AF-mGAM-mGAM-3_S689,73,D_E8_A11_AF_AA_mGAM_mGAM_6_S344,101060,112
57,Coalescence-B6-E11-AA-AF-mGAM-mGAM-7_S637,74,D_E8_A11_AF_AA_mGAM_mGAM_6_S344,101060,112
58,Coalescence-F3-E11-AA-AF-mGAM-mGAM-3_S682,77,D_E8_A11_AF_AA_mGAM_mGAM_6_S344,101060,112
59,B11-e003Assembly-mGAM-p3,25,D_E8_A11_AF_AA_mGAM_mGAM_6_S344,101060,112
60,B11-e003Assembly-mGAM-p5,50,D_E8_A11_AF_AA_mGAM_mGAM_6_S344,101060,112
61,B11-e003GlycerolRevival-mGAM-p2,46,D_E8_A11_AF_AA_mGAM_mGAM_6_S344,101060,112
62,C11-e003Assembly-mGAM-p3,34,D_E8_A11_AF_AA_mGAM_mGAM_6_S344,101060,112
63,C11-e003GlycerolRevival-mGAM-p2,33,D_E8_A11_AF_AA_mGAM_mGAM_6_S344,101060,112
64,e003-inoculumn-fecal-AF,31,D_E8_A11_AF_AA_mGAM_mGAM_6_S344,101060,112
65,C_F4_e003Assembly_6_S256,39,D_E8_A11_AF_AA_mGAM_mGAM_6_S344,101060,112
66,C_F8_e003Assembly_6_S260,73,D_E8_A11_AF_AA_mGAM_mGAM_6_S344,101060,112
67,C_F12_e003Assembly_4_S264,63,D_E8_A11_AF_AA_mGAM_mGAM_6_S344,101060,112
68,D_B8_e003Assembly_S308,66,D_E8_A11_AF_AA_mGAM_mGAM_6_S344,101060,112
69,D_F8_e003Assembly_S356,63,D_E8_A11_AF_AA_mGAM_mGAM_6_S344,101060,112
70,D_F12_e003Assembly_S360,77,D_E8_A11_AF_AA_mGAM_mGAM_6_S344,101060,112
71,C_H2_e003Assembly_S278,77,D_E8_A11_AF_AA_mGAM_mGAM_6_S344,101060,112
72,C_H10_H3_ACPP_AF_mBHI_mGAM_4_S286,54,D_E8_A11_AF_AA_mGAM_mGAM_6_S344,101060,112
0,A_D8_D11_AF_AF_mGAM_mBHI_2_S44,65,D_E12_E11_AF_AA_mGAM_mGAM_4_S348,101060,127
1,A_E8_A11_AF_AA_mGAM_mGAM_2_S56,83,D_E12_E11_AF_AA_mGAM_mGAM_4_S348,101060,127
2,A_H5_D8_AA_AF_mGAM_mGAM_2_S89,75,D_E12_E11_AF_AA_mGAM_mGAM_4_S348,101060,127
3,A_H8_D11_AF_AF_mGAM_mGAM_2_S92,76,D_E12_E11_AF_AA_mGAM_mGAM_4_S348,101060,127
4,B_D8_H11_AF_AF_mGAM_mBHI_2_S140,57,D_E12_E11_AF_AA_mGAM_mGAM_4_S348,101060,127
5,B_E8_E11_AF_AA_mGAM_mGAM_2_S152,70,D_E12_E11_AF_AA_mGAM_mGAM_4_S348,101060,127
6,B_E12_A11_AF_AA_mGAM_mGAM_4_S156,68,D_E12_E11_AF_AA_mGAM_mGAM_4_S348,101060,127
7,B_H5_H8_AA_AF_mGAM_mGAM_2_S185,74,D_E12_E11_AF_AA_mGAM_mGAM_4_S348,101060,127
8,B_H8_H11_AF_AF_mGAM_mGAM_2_S188,71,D_E12_E11_AF_AA_mGAM_mGAM_4_S348,101060,127
9,B_H9_D8_AA_AF_mGAM_mGAM_4_S189,75,D_E12_E11_AF_AA_mGAM_mGAM_4_S348,101060,127
10,C_D8_D11_AF_AF_mGAM_mBHI_6_S236,56,D_E12_E11_AF_AA_mGAM_mGAM_4_S348,101060,127
11,C_E8_A11_AF_AA_mGAM_mGAM_6_S248,80,D_E12_E11_AF_AA_mGAM_mGAM_4_S348,101060,127
12,C_H5_D8_AA_AF_mGAM_mGAM_6_S281,51,D_E12_E11_AF_AA_mGAM_mGAM_4_S348,101060,127
13,C_H8_D11_AF_AF_mGAM_mGAM_6_S284,64,D_E12_E11_AF_AA_mGAM_mGAM_4_S348,101060,127
14,D_D8_D11_AF_AF_mGAM_mBHI_6_S332,64,D_E12_E11_AF_AA_mGAM_mGAM_4_S348,101060,127
15,D_E8_A11_AF_AA_mGAM_mGAM_6_S344,82,D_E12_E11_AF_AA_mGAM_mGAM_4_S348,101060,127
16,D_E12_E11_AF_AA_mGAM_mGAM_4_S348,127,D_E12_E11_AF_AA_mGAM_mGAM_4_S348,101060,127
17,D_H5_D8_AA_AF_mGAM_mGAM_6_S377,76,D_E12_E11_AF_AA_mGAM_mGAM_4_S348,101060,127
18,D_H8_D11_AF_AF_mGAM_mGAM_6_S380,51,D_E12_E11_AF_AA_mGAM_mGAM_4_S348,101060,127
19,D_H9_H8_AA_AF_mGAM_mGAM_4_S381,40,D_E12_E11_AF_AA_mGAM_mGAM_4_S348,101060,127
20,D11-e003Coalescence-mBHI-p5,64,D_E12_E11_AF_AA_mGAM_mGAM_4_S348,101060,127
21,D11-e003Coalescence-mGAM-p5,64,D_E12_E11_AF_AA_mGAM_mGAM_4_S348,101060,127
22,A11-e003Coalescence-mGAM-p7,47,D_E12_E11_AF_AA_mGAM_mGAM_4_S348,101060,127
23,D8-e003Coalescence-mGAM-p5,60,D_E12_E11_AF_AA_mGAM_mGAM_4_S348,101060,127
24,D11-e003Coalescence-mGAM-p7,71,D_E12_E11_AF_AA_mGAM_mGAM_4_S348,101060,127
25,A11-e003Coalescence-mGAM-p3,60,D_E12_E11_AF_AA_mGAM_mGAM_4_S348,101060,127
26,H111-e003Coalescence-mGAM-p7_S188,55,D_E12_E11_AF_AA_mGAM_mGAM_4_S348,101060,127
27,H111-e003Coalescence-mBHI-p3_S144,65,D_E12_E11_AF_AA_mGAM_mGAM_4_S348,101060,127
28,H111-e003Coalescence-mGAM-p5_S92,72,D_E12_E11_AF_AA_mGAM_mGAM_4_S348,101060,127
29,H8-e003Coalescence-mGAM-p5_S89,55,D_E12_E11_AF_AA_mGAM_mGAM_4_S348,101060,127
30,H111-e003Coalescence-mBHI-p5_S44,64,D_E12_E11_AF_AA_mGAM_mGAM_4_S348,101060,127
31,E111-e003Coalescence-mGAM-p5_S56,61,D_E12_E11_AF_AA_mGAM_mGAM_4_S348,101060,127
32,H111-e003Coalescence-mGAM-p3_S192,74,D_E12_E11_AF_AA_mGAM_mGAM_4_S348,101060,127
33,H8-e003Coalescence-mGAM-p7_S185,63,D_E12_E11_AF_AA_mGAM_mGAM_4_S348,101060,127
34,B5-e003Coalescence-Inoculumn-mGAM,62,D_E12_E11_AF_AA_mGAM_mGAM_4_S348,101060,127
35,D5-e003Coalescence-Inoculumn-mGAM,68,D_E12_E11_AF_AA_mGAM_mGAM_4_S348,101060,127
36,A5-e003Coalescence-Inoculumn-mGAM,67,D_E12_E11_AF_AA_mGAM_mGAM_4_S348,101060,127
37,D2-e003Coalescence-Inoculumn-mGAM,69,D_E12_E11_AF_AA_mGAM_mGAM_4_S348,101060,127
38,D3-e003Coalescence-Inoculumn-mGAM,78,D_E12_E11_AF_AA_mGAM_mGAM_4_S348,101060,127
39,C5-e003Coalescence-Inoculumn-mGAM,76,D_E12_E11_AF_AA_mGAM_mGAM_4_S348,101060,127
40,E11-e003Coalescence-mGAM-p1_S840,71,D_E12_E11_AF_AA_mGAM_mGAM_4_S348,101060,127
41,H8-e003Coalescence-mBHI-p1_S815,52,D_E12_E11_AF_AA_mGAM_mGAM_4_S348,101060,127
42,D8-e003Coalescence-mGAM-p1_S755,76,D_E12_E11_AF_AA_mGAM_mGAM_4_S348,101060,127
43,H11-e003Coalescence-mGAM-p1_S843,56,D_E12_E11_AF_AA_mGAM_mGAM_4_S348,101060,127
44,A11-e003Coalescence-mGAM-p1_S776,30,D_E12_E11_AF_AA_mGAM_mGAM_4_S348,101060,127
45,H11-e003Coalescence-mBHI-p1_S839,70,D_E12_E11_AF_AA_mGAM_mGAM_4_S348,101060,127
46,E11-e003Coalescence-mBHI-p1_S836,59,D_E12_E11_AF_AA_mGAM_mGAM_4_S348,101060,127
47,H8-e003Coalescence-mGAM-p1_S819,63,D_E12_E11_AF_AA_mGAM_mGAM_4_S348,101060,127
48,D11-e003Coalescence-mGAM-p1_S779,76,D_E12_E11_AF_AA_mGAM_mGAM_4_S348,101060,127
49,D11-e003Coalescence-mBHI-p1_S775,48,D_E12_E11_AF_AA_mGAM_mGAM_4_S348,101060,127
50,A11-e003Coalescence-mBHI-p1_S772,31,D_E12_E11_AF_AA_mGAM_mGAM_4_S348,101060,127
51,Coalescence-A12-D11-AF-AF-mGAM-mBHI-7_S631,79,D_E12_E11_AF_AA_mGAM_mGAM_4_S348,101060,127
52,Coalescence-C3-A11-AA-AF-mGAM-mGAM-5_S646,73,D_E12_E11_AF_AA_mGAM_mGAM_4_S348,101060,127
53,Coalescence-F1-D8-AA-AF-mGAM-mGAM-3_S680,68,D_E12_E11_AF_AA_mGAM_mGAM_4_S348,101060,127
54,Coalescence-E8-D11-AF-AF-mGAM-mBHI-3_S675,71,D_E12_E11_AF_AA_mGAM_mGAM_4_S348,101060,127
55,Coalescence-B5-D8-AA-AF-mGAM-mGAM-7_S636,71,D_E12_E11_AF_AA_mGAM_mGAM_4_S348,101060,127
56,Coalescence-F10-H8-AA-AF-mGAM-mGAM-3_S689,69,D_E12_E11_AF_AA_mGAM_mGAM_4_S348,101060,127
57,Coalescence-B6-E11-AA-AF-mGAM-mGAM-7_S637,71,D_E12_E11_AF_AA_mGAM_mGAM_4_S348,101060,127
58,Coalescence-F3-E11-AA-AF-mGAM-mGAM-3_S682,80,D_E12_E11_AF_AA_mGAM_mGAM_4_S348,101060,127
59,B11-e003Assembly-mGAM-p3,26,D_E12_E11_AF_AA_mGAM_mGAM_4_S348,101060,127
60,B11-e003Assembly-mGAM-p5,54,D_E12_E11_AF_AA_mGAM_mGAM_4_S348,101060,127
61,B11-e003GlycerolRevival-mGAM-p2,52,D_E12_E11_AF_AA_mGAM_mGAM_4_S348,101060,127
62,C11-e003Assembly-mGAM-p3,38,D_E12_E11_AF_AA_mGAM_mGAM_4_S348,101060,127
63,C11-e003GlycerolRevival-mGAM-p2,29,D_E12_E11_AF_AA_mGAM_mGAM_4_S348,101060,127
64,e003-inoculumn-fecal-AF,27,D_E12_E11_AF_AA_mGAM_mGAM_4_S348,101060,127
65,C_F4_e003Assembly_6_S256,39,D_E12_E11_AF_AA_mGAM_mGAM_4_S348,101060,127
66,C_F8_e003Assembly_6_S260,71,D_E12_E11_AF_AA_mGAM_mGAM_4_S348,101060,127
67,C_F12_e003Assembly_4_S264,63,D_E12_E11_AF_AA_mGAM_mGAM_4_S348,101060,127
68,D_B8_e003Assembly_S308,72,D_E12_E11_AF_AA_mGAM_mGAM_4_S348,101060,127
69,D_F8_e003Assembly_S356,61,D_E12_E11_AF_AA_mGAM_mGAM_4_S348,101060,127
70,D_F12_e003Assembly_S360,80,D_E12_E11_AF_AA_mGAM_mGAM_4_S348,101060,127
71,C_H2_e003Assembly_S278,75,D_E12_E11_AF_AA_mGAM_mGAM_4_S348,101060,127
72,C_H10_H3_ACPP_AF_mBHI_mGAM_4_S286,51,D_E12_E11_AF_AA_mGAM_mGAM_4_S348,101060,127
0,A_D8_D11_AF_AF_mGAM_mBHI_2_S44,71,D_H5_D8_AA_AF_mGAM_mGAM_6_S377,101060,107
1,A_E8_A11_AF_AA_mGAM_mGAM_2_S56,73,D_H5_D8_AA_AF_mGAM_mGAM_6_S377,101060,107
2,A_H5_D8_AA_AF_mGAM_mGAM_2_S89,76,D_H5_D8_AA_AF_mGAM_mGAM_6_S377,101060,107
3,A_H8_D11_AF_AF_mGAM_mGAM_2_S92,77,D_H5_D8_AA_AF_mGAM_mGAM_6_S377,101060,107
4,B_D8_H11_AF_AF_mGAM_mBHI_2_S140,52,D_H5_D8_AA_AF_mGAM_mGAM_6_S377,101060,107
5,B_E8_E11_AF_AA_mGAM_mGAM_2_S152,75,D_H5_D8_AA_AF_mGAM_mGAM_6_S377,101060,107
6,B_E12_A11_AF_AA_mGAM_mGAM_4_S156,74,D_H5_D8_AA_AF_mGAM_mGAM_6_S377,101060,107
7,B_H5_H8_AA_AF_mGAM_mGAM_2_S185,83,D_H5_D8_AA_AF_mGAM_mGAM_6_S377,101060,107
8,B_H8_H11_AF_AF_mGAM_mGAM_2_S188,69,D_H5_D8_AA_AF_mGAM_mGAM_6_S377,101060,107
9,B_H9_D8_AA_AF_mGAM_mGAM_4_S189,73,D_H5_D8_AA_AF_mGAM_mGAM_6_S377,101060,107
10,C_D8_D11_AF_AF_mGAM_mBHI_6_S236,60,D_H5_D8_AA_AF_mGAM_mGAM_6_S377,101060,107
11,C_E8_A11_AF_AA_mGAM_mGAM_6_S248,86,D_H5_D8_AA_AF_mGAM_mGAM_6_S377,101060,107
12,C_H5_D8_AA_AF_mGAM_mGAM_6_S281,55,D_H5_D8_AA_AF_mGAM_mGAM_6_S377,101060,107
13,C_H8_D11_AF_AF_mGAM_mGAM_6_S284,70,D_H5_D8_AA_AF_mGAM_mGAM_6_S377,101060,107
14,D_D8_D11_AF_AF_mGAM_mBHI_6_S332,70,D_H5_D8_AA_AF_mGAM_mGAM_6_S377,101060,107
15,D_E8_A11_AF_AA_mGAM_mGAM_6_S344,75,D_H5_D8_AA_AF_mGAM_mGAM_6_S377,101060,107
16,D_E12_E11_AF_AA_mGAM_mGAM_4_S348,76,D_H5_D8_AA_AF_mGAM_mGAM_6_S377,101060,107
17,D_H5_D8_AA_AF_mGAM_mGAM_6_S377,107,D_H5_D8_AA_AF_mGAM_mGAM_6_S377,101060,107
18,D_H8_D11_AF_AF_mGAM_mGAM_6_S380,43,D_H5_D8_AA_AF_mGAM_mGAM_6_S377,101060,107
19,D_H9_H8_AA_AF_mGAM_mGAM_4_S381,49,D_H5_D8_AA_AF_mGAM_mGAM_6_S377,101060,107
20,D11-e003Coalescence-mBHI-p5,61,D_H5_D8_AA_AF_mGAM_mGAM_6_S377,101060,107
21,D11-e003Coalescence-mGAM-p5,68,D_H5_D8_AA_AF_mGAM_mGAM_6_S377,101060,107
22,A11-e003Coalescence-mGAM-p7,57,D_H5_D8_AA_AF_mGAM_mGAM_6_S377,101060,107
23,D8-e003Coalescence-mGAM-p5,68,D_H5_D8_AA_AF_mGAM_mGAM_6_S377,101060,107
24,D11-e003Coalescence-mGAM-p7,76,D_H5_D8_AA_AF_mGAM_mGAM_6_S377,101060,107
25,A11-e003Coalescence-mGAM-p3,69,D_H5_D8_AA_AF_mGAM_mGAM_6_S377,101060,107
26,H111-e003Coalescence-mGAM-p7_S188,61,D_H5_D8_AA_AF_mGAM_mGAM_6_S377,101060,107
27,H111-e003Coalescence-mBHI-p3_S144,72,D_H5_D8_AA_AF_mGAM_mGAM_6_S377,101060,107
28,H111-e003Coalescence-mGAM-p5_S92,66,D_H5_D8_AA_AF_mGAM_mGAM_6_S377,101060,107
29,H8-e003Coalescence-mGAM-p5_S89,60,D_H5_D8_AA_AF_mGAM_mGAM_6_S377,101060,107
30,H111-e003Coalescence-mBHI-p5_S44,70,D_H5_D8_AA_AF_mGAM_mGAM_6_S377,101060,107
31,E111-e003Coalescence-mGAM-p5_S56,65,D_H5_D8_AA_AF_mGAM_mGAM_6_S377,101060,107
32,H111-e003Coalescence-mGAM-p3_S192,71,D_H5_D8_AA_AF_mGAM_mGAM_6_S377,101060,107
33,H8-e003Coalescence-mGAM-p7_S185,72,D_H5_D8_AA_AF_mGAM_mGAM_6_S377,101060,107
34,B5-e003Coalescence-Inoculumn-mGAM,63,D_H5_D8_AA_AF_mGAM_mGAM_6_S377,101060,107
35,D5-e003Coalescence-Inoculumn-mGAM,66,D_H5_D8_AA_AF_mGAM_mGAM_6_S377,101060,107
36,A5-e003Coalescence-Inoculumn-mGAM,63,D_H5_D8_AA_AF_mGAM_mGAM_6_S377,101060,107
37,D2-e003Coalescence-Inoculumn-mGAM,67,D_H5_D8_AA_AF_mGAM_mGAM_6_S377,101060,107
38,D3-e003Coalescence-Inoculumn-mGAM,71,D_H5_D8_AA_AF_mGAM_mGAM_6_S377,101060,107
39,C5-e003Coalescence-Inoculumn-mGAM,77,D_H5_D8_AA_AF_mGAM_mGAM_6_S377,101060,107
40,E11-e003Coalescence-mGAM-p1_S840,75,D_H5_D8_AA_AF_mGAM_mGAM_6_S377,101060,107
41,H8-e003Coalescence-mBHI-p1_S815,59,D_H5_D8_AA_AF_mGAM_mGAM_6_S377,101060,107
42,D8-e003Coalescence-mGAM-p1_S755,73,D_H5_D8_AA_AF_mGAM_mGAM_6_S377,101060,107
43,H11-e003Coalescence-mGAM-p1_S843,58,D_H5_D8_AA_AF_mGAM_mGAM_6_S377,101060,107
44,A11-e003Coalescence-mGAM-p1_S776,34,D_H5_D8_AA_AF_mGAM_mGAM_6_S377,101060,107
45,H11-e003Coalescence-mBHI-p1_S839,81,D_H5_D8_AA_AF_mGAM_mGAM_6_S377,101060,107
46,E11-e003Coalescence-mBHI-p1_S836,68,D_H5_D8_AA_AF_mGAM_mGAM_6_S377,101060,107
47,H8-e003Coalescence-mGAM-p1_S819,77,D_H5_D8_AA_AF_mGAM_mGAM_6_S377,101060,107
48,D11-e003Coalescence-mGAM-p1_S779,75,D_H5_D8_AA_AF_mGAM_mGAM_6_S377,101060,107
49,D11-e003Coalescence-mBHI-p1_S775,55,D_H5_D8_AA_AF_mGAM_mGAM_6_S377,101060,107
50,A11-e003Coalescence-mBHI-p1_S772,35,D_H5_D8_AA_AF_mGAM_mGAM_6_S377,101060,107
51,Coalescence-A12-D11-AF-AF-mGAM-mBHI-7_S631,78,D_H5_D8_AA_AF_mGAM_mGAM_6_S377,101060,107
52,Coalescence-C3-A11-AA-AF-mGAM-mGAM-5_S646,77,D_H5_D8_AA_AF_mGAM_mGAM_6_S377,101060,107
53,Coalescence-F1-D8-AA-AF-mGAM-mGAM-3_S680,70,D_H5_D8_AA_AF_mGAM_mGAM_6_S377,101060,107
54,Coalescence-E8-D11-AF-AF-mGAM-mBHI-3_S675,75,D_H5_D8_AA_AF_mGAM_mGAM_6_S377,101060,107
55,Coalescence-B5-D8-AA-AF-mGAM-mGAM-7_S636,72,D_H5_D8_AA_AF_mGAM_mGAM_6_S377,101060,107
56,Coalescence-F10-H8-AA-AF-mGAM-mGAM-3_S689,75,D_H5_D8_AA_AF_mGAM_mGAM_6_S377,101060,107
57,Coalescence-B6-E11-AA-AF-mGAM-mGAM-7_S637,79,D_H5_D8_AA_AF_mGAM_mGAM_6_S377,101060,107
58,Coalescence-F3-E11-AA-AF-mGAM-mGAM-3_S682,82,D_H5_D8_AA_AF_mGAM_mGAM_6_S377,101060,107
59,B11-e003Assembly-mGAM-p3,31,D_H5_D8_AA_AF_mGAM_mGAM_6_S377,101060,107
60,B11-e003Assembly-mGAM-p5,61,D_H5_D8_AA_AF_mGAM_mGAM_6_S377,101060,107
61,B11-e003GlycerolRevival-mGAM-p2,51,D_H5_D8_AA_AF_mGAM_mGAM_6_S377,101060,107
62,C11-e003Assembly-mGAM-p3,38,D_H5_D8_AA_AF_mGAM_mGAM_6_S377,101060,107
63,C11-e003GlycerolRevival-mGAM-p2,35,D_H5_D8_AA_AF_mGAM_mGAM_6_S377,101060,107
64,e003-inoculumn-fecal-AF,30,D_H5_D8_AA_AF_mGAM_mGAM_6_S377,101060,107
65,C_F4_e003Assembly_6_S256,42,D_H5_D8_AA_AF_mGAM_mGAM_6_S377,101060,107
66,C_F8_e003Assembly_6_S260,66,D_H5_D8_AA_AF_mGAM_mGAM_6_S377,101060,107
67,C_F12_e003Assembly_4_S264,72,D_H5_D8_AA_AF_mGAM_mGAM_6_S377,101060,107
68,D_B8_e003Assembly_S308,74,D_H5_D8_AA_AF_mGAM_mGAM_6_S377,101060,107
69,D_F8_e003Assembly_S356,67,D_H5_D8_AA_AF_mGAM_mGAM_6_S377,101060,107
70,D_F12_e003Assembly_S360,84,D_H5_D8_AA_AF_mGAM_mGAM_6_S377,101060,107
71,C_H2_e003Assembly_S278,77,D_H5_D8_AA_AF_mGAM_mGAM_6_S377,101060,107
72,C_H10_H3_ACPP_AF_mBHI_mGAM_4_S286,62,D_H5_D8_AA_AF_mGAM_mGAM_6_S377,101060,107
0,A_D8_D11_AF_AF_mGAM_mBHI_2_S44,40,D_H8_D11_AF_AF_mGAM_mGAM_6_S380,101060,159
1,A_E8_A11_AF_AA_mGAM_mGAM_2_S56,49,D_H8_D11_AF_AF_mGAM_mGAM_6_S380,101060,159
2,A_H5_D8_AA_AF_mGAM_mGAM_2_S89,47,D_H8_D11_AF_AF_mGAM_mGAM_6_S380,101060,159
3,A_H8_D11_AF_AF_mGAM_mGAM_2_S92,45,D_H8_D11_AF_AF_mGAM_mGAM_6_S380,101060,159
4,B_D8_H11_AF_AF_mGAM_mBHI_2_S140,33,D_H8_D11_AF_AF_mGAM_mGAM_6_S380,101060,159
5,B_E8_E11_AF_AA_mGAM_mGAM_2_S152,45,D_H8_D11_AF_AF_mGAM_mGAM_6_S380,101060,159
6,B_E12_A11_AF_AA_mGAM_mGAM_4_S156,44,D_H8_D11_AF_AF_mGAM_mGAM_6_S380,101060,159
7,B_H5_H8_AA_AF_mGAM_mGAM_2_S185,42,D_H8_D11_AF_AF_mGAM_mGAM_6_S380,101060,159
8,B_H8_H11_AF_AF_mGAM_mGAM_2_S188,40,D_H8_D11_AF_AF_mGAM_mGAM_6_S380,101060,159
9,B_H9_D8_AA_AF_mGAM_mGAM_4_S189,41,D_H8_D11_AF_AF_mGAM_mGAM_6_S380,101060,159
10,C_D8_D11_AF_AF_mGAM_mBHI_6_S236,44,D_H8_D11_AF_AF_mGAM_mGAM_6_S380,101060,159
11,C_E8_A11_AF_AA_mGAM_mGAM_6_S248,48,D_H8_D11_AF_AF_mGAM_mGAM_6_S380,101060,159
12,C_H5_D8_AA_AF_mGAM_mGAM_6_S281,39,D_H8_D11_AF_AF_mGAM_mGAM_6_S380,101060,159
13,C_H8_D11_AF_AF_mGAM_mGAM_6_S284,42,D_H8_D11_AF_AF_mGAM_mGAM_6_S380,101060,159
14,D_D8_D11_AF_AF_mGAM_mBHI_6_S332,41,D_H8_D11_AF_AF_mGAM_mGAM_6_S380,101060,159
15,D_E8_A11_AF_AA_mGAM_mGAM_6_S344,47,D_H8_D11_AF_AF_mGAM_mGAM_6_S380,101060,159
16,D_E12_E11_AF_AA_mGAM_mGAM_4_S348,51,D_H8_D11_AF_AF_mGAM_mGAM_6_S380,101060,159
17,D_H5_D8_AA_AF_mGAM_mGAM_6_S377,43,D_H8_D11_AF_AF_mGAM_mGAM_6_S380,101060,159
18,D_H8_D11_AF_AF_mGAM_mGAM_6_S380,159,D_H8_D11_AF_AF_mGAM_mGAM_6_S380,101060,159
19,D_H9_H8_AA_AF_mGAM_mGAM_4_S381,29,D_H8_D11_AF_AF_mGAM_mGAM_6_S380,101060,159
20,D11-e003Coalescence-mBHI-p5,42,D_H8_D11_AF_AF_mGAM_mGAM_6_S380,101060,159
21,D11-e003Coalescence-mGAM-p5,46,D_H8_D11_AF_AF_mGAM_mGAM_6_S380,101060,159
22,A11-e003Coalescence-mGAM-p7,35,D_H8_D11_AF_AF_mGAM_mGAM_6_S380,101060,159
23,D8-e003Coalescence-mGAM-p5,41,D_H8_D11_AF_AF_mGAM_mGAM_6_S380,101060,159
24,D11-e003Coalescence-mGAM-p7,51,D_H8_D11_AF_AF_mGAM_mGAM_6_S380,101060,159
25,A11-e003Coalescence-mGAM-p3,35,D_H8_D11_AF_AF_mGAM_mGAM_6_S380,101060,159
26,H111-e003Coalescence-mGAM-p7_S188,39,D_H8_D11_AF_AF_mGAM_mGAM_6_S380,101060,159
27,H111-e003Coalescence-mBHI-p3_S144,41,D_H8_D11_AF_AF_mGAM_mGAM_6_S380,101060,159
28,H111-e003Coalescence-mGAM-p5_S92,46,D_H8_D11_AF_AF_mGAM_mGAM_6_S380,101060,159
29,H8-e003Coalescence-mGAM-p5_S89,32,D_H8_D11_AF_AF_mGAM_mGAM_6_S380,101060,159
30,H111-e003Coalescence-mBHI-p5_S44,39,D_H8_D11_AF_AF_mGAM_mGAM_6_S380,101060,159
31,E111-e003Coalescence-mGAM-p5_S56,41,D_H8_D11_AF_AF_mGAM_mGAM_6_S380,101060,159
32,H111-e003Coalescence-mGAM-p3_S192,43,D_H8_D11_AF_AF_mGAM_mGAM_6_S380,101060,159
33,H8-e003Coalescence-mGAM-p7_S185,40,D_H8_D11_AF_AF_mGAM_mGAM_6_S380,101060,159
34,B5-e003Coalescence-Inoculumn-mGAM,45,D_H8_D11_AF_AF_mGAM_mGAM_6_S380,101060,159
35,D5-e003Coalescence-Inoculumn-mGAM,44,D_H8_D11_AF_AF_mGAM_mGAM_6_S380,101060,159
36,A5-e003Coalescence-Inoculumn-mGAM,44,D_H8_D11_AF_AF_mGAM_mGAM_6_S380,101060,159
37,D2-e003Coalescence-Inoculumn-mGAM,38,D_H8_D11_AF_AF_mGAM_mGAM_6_S380,101060,159
38,D3-e003Coalescence-Inoculumn-mGAM,51,D_H8_D11_AF_AF_mGAM_mGAM_6_S380,101060,159
39,C5-e003Coalescence-Inoculumn-mGAM,48,D_H8_D11_AF_AF_mGAM_mGAM_6_S380,101060,159
40,E11-e003Coalescence-mGAM-p1_S840,44,D_H8_D11_AF_AF_mGAM_mGAM_6_S380,101060,159
41,H8-e003Coalescence-mBHI-p1_S815,31,D_H8_D11_AF_AF_mGAM_mGAM_6_S380,101060,159
42,D8-e003Coalescence-mGAM-p1_S755,44,D_H8_D11_AF_AF_mGAM_mGAM_6_S380,101060,159
43,H11-e003Coalescence-mGAM-p1_S843,41,D_H8_D11_AF_AF_mGAM_mGAM_6_S380,101060,159
44,A11-e003Coalescence-mGAM-p1_S776,19,D_H8_D11_AF_AF_mGAM_mGAM_6_S380,101060,159
45,H11-e003Coalescence-mBHI-p1_S839,44,D_H8_D11_AF_AF_mGAM_mGAM_6_S380,101060,159
46,E11-e003Coalescence-mBHI-p1_S836,35,D_H8_D11_AF_AF_mGAM_mGAM_6_S380,101060,159
47,H8-e003Coalescence-mGAM-p1_S819,42,D_H8_D11_AF_AF_mGAM_mGAM_6_S380,101060,159
48,D11-e003Coalescence-mGAM-p1_S779,44,D_H8_D11_AF_AF_mGAM_mGAM_6_S380,101060,159
49,D11-e003Coalescence-mBHI-p1_S775,37,D_H8_D11_AF_AF_mGAM_mGAM_6_S380,101060,159
50,A11-e003Coalescence-mBHI-p1_S772,26,D_H8_D11_AF_AF_mGAM_mGAM_6_S380,101060,159
51,Coalescence-A12-D11-AF-AF-mGAM-mBHI-7_S631,45,D_H8_D11_AF_AF_mGAM_mGAM_6_S380,101060,159
52,Coalescence-C3-A11-AA-AF-mGAM-mGAM-5_S646,47,D_H8_D11_AF_AF_mGAM_mGAM_6_S380,101060,159
53,Coalescence-F1-D8-AA-AF-mGAM-mGAM-3_S680,44,D_H8_D11_AF_AF_mGAM_mGAM_6_S380,101060,159
54,Coalescence-E8-D11-AF-AF-mGAM-mBHI-3_S675,45,D_H8_D11_AF_AF_mGAM_mGAM_6_S380,101060,159
55,Coalescence-B5-D8-AA-AF-mGAM-mGAM-7_S636,45,D_H8_D11_AF_AF_mGAM_mGAM_6_S380,101060,159
56,Coalescence-F10-H8-AA-AF-mGAM-mGAM-3_S689,45,D_H8_D11_AF_AF_mGAM_mGAM_6_S380,101060,159
57,Coalescence-B6-E11-AA-AF-mGAM-mGAM-7_S637,43,D_H8_D11_AF_AF_mGAM_mGAM_6_S380,101060,159
58,Coalescence-F3-E11-AA-AF-mGAM-mGAM-3_S682,44,D_H8_D11_AF_AF_mGAM_mGAM_6_S380,101060,159
59,B11-e003Assembly-mGAM-p3,24,D_H8_D11_AF_AF_mGAM_mGAM_6_S380,101060,159
60,B11-e003Assembly-mGAM-p5,34,D_H8_D11_AF_AF_mGAM_mGAM_6_S380,101060,159
61,B11-e003GlycerolRevival-mGAM-p2,36,D_H8_D11_AF_AF_mGAM_mGAM_6_S380,101060,159
62,C11-e003Assembly-mGAM-p3,33,D_H8_D11_AF_AF_mGAM_mGAM_6_S380,101060,159
63,C11-e003GlycerolRevival-mGAM-p2,20,D_H8_D11_AF_AF_mGAM_mGAM_6_S380,101060,159
64,e003-inoculumn-fecal-AF,20,D_H8_D11_AF_AF_mGAM_mGAM_6_S380,101060,159
65,C_F4_e003Assembly_6_S256,25,D_H8_D11_AF_AF_mGAM_mGAM_6_S380,101060,159
66,C_F8_e003Assembly_6_S260,50,D_H8_D11_AF_AF_mGAM_mGAM_6_S380,101060,159
67,C_F12_e003Assembly_4_S264,39,D_H8_D11_AF_AF_mGAM_mGAM_6_S380,101060,159
68,D_B8_e003Assembly_S308,42,D_H8_D11_AF_AF_mGAM_mGAM_6_S380,101060,159
69,D_F8_e003Assembly_S356,44,D_H8_D11_AF_AF_mGAM_mGAM_6_S380,101060,159
70,D_F12_e003Assembly_S360,47,D_H8_D11_AF_AF_mGAM_mGAM_6_S380,101060,159
71,C_H2_e003Assembly_S278,44,D_H8_D11_AF_AF_mGAM_mGAM_6_S380,101060,159
72,C_H10_H3_ACPP_AF_mBHI_mGAM_4_S286,31,D_H8_D11_AF_AF_mGAM_mGAM_6_S380,101060,159
0,A_D8_D11_AF_AF_mGAM_mBHI_2_S44,41,D_H9_H8_AA_AF_mGAM_mGAM_4_S381,101060,263
1,A_E8_A11_AF_AA_mGAM_mGAM_2_S56,37,D_H9_H8_AA_AF_mGAM_mGAM_4_S381,101060,263
2,A_H5_D8_AA_AF_mGAM_mGAM_2_S89,43,D_H9_H8_AA_AF_mGAM_mGAM_4_S381,101060,263
3,A_H8_D11_AF_AF_mGAM_mGAM_2_S92,40,D_H9_H8_AA_AF_mGAM_mGAM_4_S381,101060,263
4,B_D8_H11_AF_AF_mGAM_mBHI_2_S140,26,D_H9_H8_AA_AF_mGAM_mGAM_4_S381,101060,263
5,B_E8_E11_AF_AA_mGAM_mGAM_2_S152,38,D_H9_H8_AA_AF_mGAM_mGAM_4_S381,101060,263
6,B_E12_A11_AF_AA_mGAM_mGAM_4_S156,38,D_H9_H8_AA_AF_mGAM_mGAM_4_S381,101060,263
7,B_H5_H8_AA_AF_mGAM_mGAM_2_S185,45,D_H9_H8_AA_AF_mGAM_mGAM_4_S381,101060,263
8,B_H8_H11_AF_AF_mGAM_mGAM_2_S188,35,D_H9_H8_AA_AF_mGAM_mGAM_4_S381,101060,263
9,B_H9_D8_AA_AF_mGAM_mGAM_4_S189,44,D_H9_H8_AA_AF_mGAM_mGAM_4_S381,101060,263
10,C_D8_D11_AF_AF_mGAM_mBHI_6_S236,40,D_H9_H8_AA_AF_mGAM_mGAM_4_S381,101060,263
11,C_E8_A11_AF_AA_mGAM_mGAM_6_S248,45,D_H9_H8_AA_AF_mGAM_mGAM_4_S381,101060,263
12,C_H5_D8_AA_AF_mGAM_mGAM_6_S281,31,D_H9_H8_AA_AF_mGAM_mGAM_4_S381,101060,263
13,C_H8_D11_AF_AF_mGAM_mGAM_6_S284,35,D_H9_H8_AA_AF_mGAM_mGAM_4_S381,101060,263
14,D_D8_D11_AF_AF_mGAM_mBHI_6_S332,38,D_H9_H8_AA_AF_mGAM_mGAM_4_S381,101060,263
15,D_E8_A11_AF_AA_mGAM_mGAM_6_S344,41,D_H9_H8_AA_AF_mGAM_mGAM_4_S381,101060,263
16,D_E12_E11_AF_AA_mGAM_mGAM_4_S348,40,D_H9_H8_AA_AF_mGAM_mGAM_4_S381,101060,263
17,D_H5_D8_AA_AF_mGAM_mGAM_6_S377,49,D_H9_H8_AA_AF_mGAM_mGAM_4_S381,101060,263
18,D_H8_D11_AF_AF_mGAM_mGAM_6_S380,29,D_H9_H8_AA_AF_mGAM_mGAM_4_S381,101060,263
19,D_H9_H8_AA_AF_mGAM_mGAM_4_S381,263,D_H9_H8_AA_AF_mGAM_mGAM_4_S381,101060,263
20,D11-e003Coalescence-mBHI-p5,45,D_H9_H8_AA_AF_mGAM_mGAM_4_S381,101060,263
21,D11-e003Coalescence-mGAM-p5,35,D_H9_H8_AA_AF_mGAM_mGAM_4_S381,101060,263
22,A11-e003Coalescence-mGAM-p7,32,D_H9_H8_AA_AF_mGAM_mGAM_4_S381,101060,263
23,D8-e003Coalescence-mGAM-p5,40,D_H9_H8_AA_AF_mGAM_mGAM_4_S381,101060,263
24,D11-e003Coalescence-mGAM-p7,44,D_H9_H8_AA_AF_mGAM_mGAM_4_S381,101060,263
25,A11-e003Coalescence-mGAM-p3,38,D_H9_H8_AA_AF_mGAM_mGAM_4_S381,101060,263
26,H111-e003Coalescence-mGAM-p7_S188,37,D_H9_H8_AA_AF_mGAM_mGAM_4_S381,101060,263
27,H111-e003Coalescence-mBHI-p3_S144,40,D_H9_H8_AA_AF_mGAM_mGAM_4_S381,101060,263
28,H111-e003Coalescence-mGAM-p5_S92,41,D_H9_H8_AA_AF_mGAM_mGAM_4_S381,101060,263
29,H8-e003Coalescence-mGAM-p5_S89,34,D_H9_H8_AA_AF_mGAM_mGAM_4_S381,101060,263
30,H111-e003Coalescence-mBHI-p5_S44,43,D_H9_H8_AA_AF_mGAM_mGAM_4_S381,101060,263
31,E111-e003Coalescence-mGAM-p5_S56,35,D_H9_H8_AA_AF_mGAM_mGAM_4_S381,101060,263
32,H111-e003Coalescence-mGAM-p3_S192,46,D_H9_H8_AA_AF_mGAM_mGAM_4_S381,101060,263
33,H8-e003Coalescence-mGAM-p7_S185,37,D_H9_H8_AA_AF_mGAM_mGAM_4_S381,101060,263
34,B5-e003Coalescence-Inoculumn-mGAM,33,D_H9_H8_AA_AF_mGAM_mGAM_4_S381,101060,263
35,D5-e003Coalescence-Inoculumn-mGAM,43,D_H9_H8_AA_AF_mGAM_mGAM_4_S381,101060,263
36,A5-e003Coalescence-Inoculumn-mGAM,43,D_H9_H8_AA_AF_mGAM_mGAM_4_S381,101060,263
37,D2-e003Coalescence-Inoculumn-mGAM,41,D_H9_H8_AA_AF_mGAM_mGAM_4_S381,101060,263
38,D3-e003Coalescence-Inoculumn-mGAM,42,D_H9_H8_AA_AF_mGAM_mGAM_4_S381,101060,263
39,C5-e003Coalescence-Inoculumn-mGAM,44,D_H9_H8_AA_AF_mGAM_mGAM_4_S381,101060,263
40,E11-e003Coalescence-mGAM-p1_S840,43,D_H9_H8_AA_AF_mGAM_mGAM_4_S381,101060,263
41,H8-e003Coalescence-mBHI-p1_S815,39,D_H9_H8_AA_AF_mGAM_mGAM_4_S381,101060,263
42,D8-e003Coalescence-mGAM-p1_S755,37,D_H9_H8_AA_AF_mGAM_mGAM_4_S381,101060,263
43,H11-e003Coalescence-mGAM-p1_S843,41,D_H9_H8_AA_AF_mGAM_mGAM_4_S381,101060,263
44,A11-e003Coalescence-mGAM-p1_S776,29,D_H9_H8_AA_AF_mGAM_mGAM_4_S381,101060,263
45,H11-e003Coalescence-mBHI-p1_S839,45,D_H9_H8_AA_AF_mGAM_mGAM_4_S381,101060,263
46,E11-e003Coalescence-mBHI-p1_S836,49,D_H9_H8_AA_AF_mGAM_mGAM_4_S381,101060,263
47,H8-e003Coalescence-mGAM-p1_S819,44,D_H9_H8_AA_AF_mGAM_mGAM_4_S381,101060,263
48,D11-e003Coalescence-mGAM-p1_S779,40,D_H9_H8_AA_AF_mGAM_mGAM_4_S381,101060,263
49,D11-e003Coalescence-mBHI-p1_S775,35,D_H9_H8_AA_AF_mGAM_mGAM_4_S381,101060,263
50,A11-e003Coalescence-mBHI-p1_S772,27,D_H9_H8_AA_AF_mGAM_mGAM_4_S381,101060,263
51,Coalescence-A12-D11-AF-AF-mGAM-mBHI-7_S631,45,D_H9_H8_AA_AF_mGAM_mGAM_4_S381,101060,263
52,Coalescence-C3-A11-AA-AF-mGAM-mGAM-5_S646,43,D_H9_H8_AA_AF_mGAM_mGAM_4_S381,101060,263
53,Coalescence-F1-D8-AA-AF-mGAM-mGAM-3_S680,37,D_H9_H8_AA_AF_mGAM_mGAM_4_S381,101060,263
54,Coalescence-E8-D11-AF-AF-mGAM-mBHI-3_S675,38,D_H9_H8_AA_AF_mGAM_mGAM_4_S381,101060,263
55,Coalescence-B5-D8-AA-AF-mGAM-mGAM-7_S636,41,D_H9_H8_AA_AF_mGAM_mGAM_4_S381,101060,263
56,Coalescence-F10-H8-AA-AF-mGAM-mGAM-3_S689,44,D_H9_H8_AA_AF_mGAM_mGAM_4_S381,101060,263
57,Coalescence-B6-E11-AA-AF-mGAM-mGAM-7_S637,45,D_H9_H8_AA_AF_mGAM_mGAM_4_S381,101060,263
58,Coalescence-F3-E11-AA-AF-mGAM-mGAM-3_S682,45,D_H9_H8_AA_AF_mGAM_mGAM_4_S381,101060,263
59,B11-e003Assembly-mGAM-p3,12,D_H9_H8_AA_AF_mGAM_mGAM_4_S381,101060,263
60,B11-e003Assembly-mGAM-p5,34,D_H9_H8_AA_AF_mGAM_mGAM_4_S381,101060,263
61,B11-e003GlycerolRevival-mGAM-p2,34,D_H9_H8_AA_AF_mGAM_mGAM_4_S381,101060,263
62,C11-e003Assembly-mGAM-p3,27,D_H9_H8_AA_AF_mGAM_mGAM_4_S381,101060,263
63,C11-e003GlycerolRevival-mGAM-p2,17,D_H9_H8_AA_AF_mGAM_mGAM_4_S381,101060,263
64,e003-inoculumn-fecal-AF,22,D_H9_H8_AA_AF_mGAM_mGAM_4_S381,101060,263
65,C_F4_e003Assembly_6_S256,29,D_H9_H8_AA_AF_mGAM_mGAM_4_S381,101060,263
66,C_F8_e003Assembly_6_S260,43,D_H9_H8_AA_AF_mGAM_mGAM_4_S381,101060,263
67,C_F12_e003Assembly_4_S264,48,D_H9_H8_AA_AF_mGAM_mGAM_4_S381,101060,263
68,D_B8_e003Assembly_S308,38,D_H9_H8_AA_AF_mGAM_mGAM_4_S381,101060,263
69,D_F8_e003Assembly_S356,46,D_H9_H8_AA_AF_mGAM_mGAM_4_S381,101060,263
70,D_F12_e003Assembly_S360,47,D_H9_H8_AA_AF_mGAM_mGAM_4_S381,101060,263
71,C_H2_e003Assembly_S278,46,D_H9_H8_AA_AF_mGAM_mGAM_4_S381,101060,263
72,C_H10_H3_ACPP_AF_mBHI_mGAM_4_S286,43,D_H9_H8_AA_AF_mGAM_mGAM_4_S381,101060,263
0,A_D8_D11_AF_AF_mGAM_mBHI_2_S44,56,D11-e003Coalescence-mBHI-p5,101060,507
1,A_E8_A11_AF_AA_mGAM_mGAM_2_S56,62,D11-e003Coalescence-mBHI-p5,101060,507
2,A_H5_D8_AA_AF_mGAM_mGAM_2_S89,58,D11-e003Coalescence-mBHI-p5,101060,507
3,A_H8_D11_AF_AF_mGAM_mGAM_2_S92,57,D11-e003Coalescence-mBHI-p5,101060,507
4,B_D8_H11_AF_AF_mGAM_mBHI_2_S140,46,D11-e003Coalescence-mBHI-p5,101060,507
5,B_E8_E11_AF_AA_mGAM_mGAM_2_S152,57,D11-e003Coalescence-mBHI-p5,101060,507
6,B_E12_A11_AF_AA_mGAM_mGAM_4_S156,56,D11-e003Coalescence-mBHI-p5,101060,507
7,B_H5_H8_AA_AF_mGAM_mGAM_2_S185,63,D11-e003Coalescence-mBHI-p5,101060,507
8,B_H8_H11_AF_AF_mGAM_mGAM_2_S188,56,D11-e003Coalescence-mBHI-p5,101060,507
9,B_H9_D8_AA_AF_mGAM_mGAM_4_S189,63,D11-e003Coalescence-mBHI-p5,101060,507
10,C_D8_D11_AF_AF_mGAM_mBHI_6_S236,51,D11-e003Coalescence-mBHI-p5,101060,507
11,C_E8_A11_AF_AA_mGAM_mGAM_6_S248,61,D11-e003Coalescence-mBHI-p5,101060,507
12,C_H5_D8_AA_AF_mGAM_mGAM_6_S281,45,D11-e003Coalescence-mBHI-p5,101060,507
13,C_H8_D11_AF_AF_mGAM_mGAM_6_S284,54,D11-e003Coalescence-mBHI-p5,101060,507
14,D_D8_D11_AF_AF_mGAM_mBHI_6_S332,61,D11-e003Coalescence-mBHI-p5,101060,507
15,D_E8_A11_AF_AA_mGAM_mGAM_6_S344,68,D11-e003Coalescence-mBHI-p5,101060,507
16,D_E12_E11_AF_AA_mGAM_mGAM_4_S348,64,D11-e003Coalescence-mBHI-p5,101060,507
17,D_H5_D8_AA_AF_mGAM_mGAM_6_S377,61,D11-e003Coalescence-mBHI-p5,101060,507
18,D_H8_D11_AF_AF_mGAM_mGAM_6_S380,42,D11-e003Coalescence-mBHI-p5,101060,507
19,D_H9_H8_AA_AF_mGAM_mGAM_4_S381,45,D11-e003Coalescence-mBHI-p5,101060,507
20,D11-e003Coalescence-mBHI-p5,507,D11-e003Coalescence-mBHI-p5,101060,507
21,D11-e003Coalescence-mGAM-p5,64,D11-e003Coalescence-mBHI-p5,101060,507
22,A11-e003Coalescence-mGAM-p7,49,D11-e003Coalescence-mBHI-p5,101060,507
23,D8-e003Coalescence-mGAM-p5,62,D11-e003Coalescence-mBHI-p5,101060,507
24,D11-e003Coalescence-mGAM-p7,66,D11-e003Coalescence-mBHI-p5,101060,507
25,A11-e003Coalescence-mGAM-p3,61,D11-e003Coalescence-mBHI-p5,101060,507
26,H111-e003Coalescence-mGAM-p7_S188,53,D11-e003Coalescence-mBHI-p5,101060,507
27,H111-e003Coalescence-mBHI-p3_S144,57,D11-e003Coalescence-mBHI-p5,101060,507
28,H111-e003Coalescence-mGAM-p5_S92,53,D11-e003Coalescence-mBHI-p5,101060,507
29,H8-e003Coalescence-mGAM-p5_S89,49,D11-e003Coalescence-mBHI-p5,101060,507
30,H111-e003Coalescence-mBHI-p5_S44,57,D11-e003Coalescence-mBHI-p5,101060,507
31,E111-e003Coalescence-mGAM-p5_S56,51,D11-e003Coalescence-mBHI-p5,101060,507
32,H111-e003Coalescence-mGAM-p3_S192,63,D11-e003Coalescence-mBHI-p5,101060,507
33,H8-e003Coalescence-mGAM-p7_S185,53,D11-e003Coalescence-mBHI-p5,101060,507
34,B5-e003Coalescence-Inoculumn-mGAM,66,D11-e003Coalescence-mBHI-p5,101060,507
35,D5-e003Coalescence-Inoculumn-mGAM,56,D11-e003Coalescence-mBHI-p5,101060,507
36,A5-e003Coalescence-Inoculumn-mGAM,61,D11-e003Coalescence-mBHI-p5,101060,507
37,D2-e003Coalescence-Inoculumn-mGAM,58,D11-e003Coalescence-mBHI-p5,101060,507
38,D3-e003Coalescence-Inoculumn-mGAM,74,D11-e003Coalescence-mBHI-p5,101060,507
39,C5-e003Coalescence-Inoculumn-mGAM,86,D11-e003Coalescence-mBHI-p5,101060,507
40,E11-e003Coalescence-mGAM-p1_S840,61,D11-e003Coalescence-mBHI-p5,101060,507
41,H8-e003Coalescence-mBHI-p1_S815,51,D11-e003Coalescence-mBHI-p5,101060,507
42,D8-e003Coalescence-mGAM-p1_S755,61,D11-e003Coalescence-mBHI-p5,101060,507
43,H11-e003Coalescence-mGAM-p1_S843,53,D11-e003Coalescence-mBHI-p5,101060,507
44,A11-e003Coalescence-mGAM-p1_S776,26,D11-e003Coalescence-mBHI-p5,101060,507
45,H11-e003Coalescence-mBHI-p1_S839,60,D11-e003Coalescence-mBHI-p5,101060,507
46,E11-e003Coalescence-mBHI-p1_S836,58,D11-e003Coalescence-mBHI-p5,101060,507
47,H8-e003Coalescence-mGAM-p1_S819,54,D11-e003Coalescence-mBHI-p5,101060,507
48,D11-e003Coalescence-mGAM-p1_S779,60,D11-e003Coalescence-mBHI-p5,101060,507
49,D11-e003Coalescence-mBHI-p1_S775,48,D11-e003Coalescence-mBHI-p5,101060,507
50,A11-e003Coalescence-mBHI-p1_S772,27,D11-e003Coalescence-mBHI-p5,101060,507
51,Coalescence-A12-D11-AF-AF-mGAM-mBHI-7_S631,58,D11-e003Coalescence-mBHI-p5,101060,507
52,Coalescence-C3-A11-AA-AF-mGAM-mGAM-5_S646,62,D11-e003Coalescence-mBHI-p5,101060,507
53,Coalescence-F1-D8-AA-AF-mGAM-mGAM-3_S680,58,D11-e003Coalescence-mBHI-p5,101060,507
54,Coalescence-E8-D11-AF-AF-mGAM-mBHI-3_S675,58,D11-e003Coalescence-mBHI-p5,101060,507
55,Coalescence-B5-D8-AA-AF-mGAM-mGAM-7_S636,61,D11-e003Coalescence-mBHI-p5,101060,507
56,Coalescence-F10-H8-AA-AF-mGAM-mGAM-3_S689,60,D11-e003Coalescence-mBHI-p5,101060,507
57,Coalescence-B6-E11-AA-AF-mGAM-mGAM-7_S637,58,D11-e003Coalescence-mBHI-p5,101060,507
58,Coalescence-F3-E11-AA-AF-mGAM-mGAM-3_S682,61,D11-e003Coalescence-mBHI-p5,101060,507
59,B11-e003Assembly-mGAM-p3,22,D11-e003Coalescence-mBHI-p5,101060,507
60,B11-e003Assembly-mGAM-p5,55,D11-e003Coalescence-mBHI-p5,101060,507
61,B11-e003GlycerolRevival-mGAM-p2,44,D11-e003Coalescence-mBHI-p5,101060,507
62,C11-e003Assembly-mGAM-p3,33,D11-e003Coalescence-mBHI-p5,101060,507
63,C11-e003GlycerolRevival-mGAM-p2,26,D11-e003Coalescence-mBHI-p5,101060,507
64,e003-inoculumn-fecal-AF,29,D11-e003Coalescence-mBHI-p5,101060,507
65,C_F4_e003Assembly_6_S256,36,D11-e003Coalescence-mBHI-p5,101060,507
66,C_F8_e003Assembly_6_S260,62,D11-e003Coalescence-mBHI-p5,101060,507
67,C_F12_e003Assembly_4_S264,57,D11-e003Coalescence-mBHI-p5,101060,507
68,D_B8_e003Assembly_S308,51,D11-e003Coalescence-mBHI-p5,101060,507
69,D_F8_e003Assembly_S356,51,D11-e003Coalescence-mBHI-p5,101060,507
70,D_F12_e003Assembly_S360,69,D11-e003Coalescence-mBHI-p5,101060,507
71,C_H2_e003Assembly_S278,62,D11-e003Coalescence-mBHI-p5,101060,507
72,C_H10_H3_ACPP_AF_mBHI_mGAM_4_S286,51,D11-e003Coalescence-mBHI-p5,101060,507
0,A_D8_D11_AF_AF_mGAM_mBHI_2_S44,66,D11-e003Coalescence-mGAM-p5,101060,176
1,A_E8_A11_AF_AA_mGAM_mGAM_2_S56,71,D11-e003Coalescence-mGAM-p5,101060,176
2,A_H5_D8_AA_AF_mGAM_mGAM_2_S89,66,D11-e003Coalescence-mGAM-p5,101060,176
3,A_H8_D11_AF_AF_mGAM_mGAM_2_S92,70,D11-e003Coalescence-mGAM-p5,101060,176
4,B_D8_H11_AF_AF_mGAM_mBHI_2_S140,53,D11-e003Coalescence-mGAM-p5,101060,176
5,B_E8_E11_AF_AA_mGAM_mGAM_2_S152,66,D11-e003Coalescence-mGAM-p5,101060,176
6,B_E12_A11_AF_AA_mGAM_mGAM_4_S156,67,D11-e003Coalescence-mGAM-p5,101060,176
7,B_H5_H8_AA_AF_mGAM_mGAM_2_S185,71,D11-e003Coalescence-mGAM-p5,101060,176
8,B_H8_H11_AF_AF_mGAM_mGAM_2_S188,58,D11-e003Coalescence-mGAM-p5,101060,176
9,B_H9_D8_AA_AF_mGAM_mGAM_4_S189,69,D11-e003Coalescence-mGAM-p5,101060,176
10,C_D8_D11_AF_AF_mGAM_mBHI_6_S236,51,D11-e003Coalescence-mGAM-p5,101060,176
11,C_E8_A11_AF_AA_mGAM_mGAM_6_S248,65,D11-e003Coalescence-mGAM-p5,101060,176
12,C_H5_D8_AA_AF_mGAM_mGAM_6_S281,56,D11-e003Coalescence-mGAM-p5,101060,176
13,C_H8_D11_AF_AF_mGAM_mGAM_6_S284,63,D11-e003Coalescence-mGAM-p5,101060,176
14,D_D8_D11_AF_AF_mGAM_mBHI_6_S332,66,D11-e003Coalescence-mGAM-p5,101060,176
15,D_E8_A11_AF_AA_mGAM_mGAM_6_S344,69,D11-e003Coalescence-mGAM-p5,101060,176
16,D_E12_E11_AF_AA_mGAM_mGAM_4_S348,64,D11-e003Coalescence-mGAM-p5,101060,176
17,D_H5_D8_AA_AF_mGAM_mGAM_6_S377,68,D11-e003Coalescence-mGAM-p5,101060,176
18,D_H8_D11_AF_AF_mGAM_mGAM_6_S380,46,D11-e003Coalescence-mGAM-p5,101060,176
19,D_H9_H8_AA_AF_mGAM_mGAM_4_S381,35,D11-e003Coalescence-mGAM-p5,101060,176
20,D11-e003Coalescence-mBHI-p5,64,D11-e003Coalescence-mGAM-p5,101060,176
21,D11-e003Coalescence-mGAM-p5,176,D11-e003Coalescence-mGAM-p5,101060,176
22,A11-e003Coalescence-mGAM-p7,59,D11-e003Coalescence-mGAM-p5,101060,176
23,D8-e003Coalescence-mGAM-p5,72,D11-e003Coalescence-mGAM-p5,101060,176
24,D11-e003Coalescence-mGAM-p7,79,D11-e003Coalescence-mGAM-p5,101060,176
25,A11-e003Coalescence-mGAM-p3,66,D11-e003Coalescence-mGAM-p5,101060,176
26,H111-e003Coalescence-mGAM-p7_S188,68,D11-e003Coalescence-mGAM-p5,101060,176
27,H111-e003Coalescence-mBHI-p3_S144,70,D11-e003Coalescence-mGAM-p5,101060,176
28,H111-e003Coalescence-mGAM-p5_S92,63,D11-e003Coalescence-mGAM-p5,101060,176
29,H8-e003Coalescence-mGAM-p5_S89,55,D11-e003Coalescence-mGAM-p5,101060,176
30,H111-e003Coalescence-mBHI-p5_S44,69,D11-e003Coalescence-mGAM-p5,101060,176
31,E111-e003Coalescence-mGAM-p5_S56,53,D11-e003Coalescence-mGAM-p5,101060,176
32,H111-e003Coalescence-mGAM-p3_S192,70,D11-e003Coalescence-mGAM-p5,101060,176
33,H8-e003Coalescence-mGAM-p7_S185,61,D11-e003Coalescence-mGAM-p5,101060,176
34,B5-e003Coalescence-Inoculumn-mGAM,68,D11-e003Coalescence-mGAM-p5,101060,176
35,D5-e003Coalescence-Inoculumn-mGAM,66,D11-e003Coalescence-mGAM-p5,101060,176
36,A5-e003Coalescence-Inoculumn-mGAM,69,D11-e003Coalescence-mGAM-p5,101060,176
37,D2-e003Coalescence-Inoculumn-mGAM,68,D11-e003Coalescence-mGAM-p5,101060,176
38,D3-e003Coalescence-Inoculumn-mGAM,77,D11-e003Coalescence-mGAM-p5,101060,176
39,C5-e003Coalescence-Inoculumn-mGAM,75,D11-e003Coalescence-mGAM-p5,101060,176
40,E11-e003Coalescence-mGAM-p1_S840,71,D11-e003Coalescence-mGAM-p5,101060,176
41,H8-e003Coalescence-mBHI-p1_S815,54,D11-e003Coalescence-mGAM-p5,101060,176
42,D8-e003Coalescence-mGAM-p1_S755,64,D11-e003Coalescence-mGAM-p5,101060,176
43,H11-e003Coalescence-mGAM-p1_S843,55,D11-e003Coalescence-mGAM-p5,101060,176
44,A11-e003Coalescence-mGAM-p1_S776,32,D11-e003Coalescence-mGAM-p5,101060,176
45,H11-e003Coalescence-mBHI-p1_S839,69,D11-e003Coalescence-mGAM-p5,101060,176
46,E11-e003Coalescence-mBHI-p1_S836,62,D11-e003Coalescence-mGAM-p5,101060,176
47,H8-e003Coalescence-mGAM-p1_S819,69,D11-e003Coalescence-mGAM-p5,101060,176
48,D11-e003Coalescence-mGAM-p1_S779,67,D11-e003Coalescence-mGAM-p5,101060,176
49,D11-e003Coalescence-mBHI-p1_S775,59,D11-e003Coalescence-mGAM-p5,101060,176
50,A11-e003Coalescence-mBHI-p1_S772,30,D11-e003Coalescence-mGAM-p5,101060,176
51,Coalescence-A12-D11-AF-AF-mGAM-mBHI-7_S631,66,D11-e003Coalescence-mGAM-p5,101060,176
52,Coalescence-C3-A11-AA-AF-mGAM-mGAM-5_S646,70,D11-e003Coalescence-mGAM-p5,101060,176
53,Coalescence-F1-D8-AA-AF-mGAM-mGAM-3_S680,65,D11-e003Coalescence-mGAM-p5,101060,176
54,Coalescence-E8-D11-AF-AF-mGAM-mBHI-3_S675,71,D11-e003Coalescence-mGAM-p5,101060,176
55,Coalescence-B5-D8-AA-AF-mGAM-mGAM-7_S636,64,D11-e003Coalescence-mGAM-p5,101060,176
56,Coalescence-F10-H8-AA-AF-mGAM-mGAM-3_S689,70,D11-e003Coalescence-mGAM-p5,101060,176
57,Coalescence-B6-E11-AA-AF-mGAM-mGAM-7_S637,69,D11-e003Coalescence-mGAM-p5,101060,176
58,Coalescence-F3-E11-AA-AF-mGAM-mGAM-3_S682,70,D11-e003Coalescence-mGAM-p5,101060,176
59,B11-e003Assembly-mGAM-p3,33,D11-e003Coalescence-mGAM-p5,101060,176
60,B11-e003Assembly-mGAM-p5,61,D11-e003Coalescence-mGAM-p5,101060,176
61,B11-e003GlycerolRevival-mGAM-p2,54,D11-e003Coalescence-mGAM-p5,101060,176
62,C11-e003Assembly-mGAM-p3,43,D11-e003Coalescence-mGAM-p5,101060,176
63,C11-e003GlycerolRevival-mGAM-p2,40,D11-e003Coalescence-mGAM-p5,101060,176
64,e003-inoculumn-fecal-AF,28,D11-e003Coalescence-mGAM-p5,101060,176
65,C_F4_e003Assembly_6_S256,42,D11-e003Coalescence-mGAM-p5,101060,176
66,C_F8_e003Assembly_6_S260,67,D11-e003Coalescence-mGAM-p5,101060,176
67,C_F12_e003Assembly_4_S264,67,D11-e003Coalescence-mGAM-p5,101060,176
68,D_B8_e003Assembly_S308,57,D11-e003Coalescence-mGAM-p5,101060,176
69,D_F8_e003Assembly_S356,61,D11-e003Coalescence-mGAM-p5,101060,176
70,D_F12_e003Assembly_S360,75,D11-e003Coalescence-mGAM-p5,101060,176
71,C_H2_e003Assembly_S278,70,D11-e003Coalescence-mGAM-p5,101060,176
72,C_H10_H3_ACPP_AF_mBHI_mGAM_4_S286,55,D11-e003Coalescence-mGAM-p5,101060,176
0,A_D8_D11_AF_AF_mGAM_mBHI_2_S44,49,A11-e003Coalescence-mGAM-p7,101060,881
1,A_E8_A11_AF_AA_mGAM_mGAM_2_S56,52,A11-e003Coalescence-mGAM-p7,101060,881
2,A_H5_D8_AA_AF_mGAM_mGAM_2_S89,52,A11-e003Coalescence-mGAM-p7,101060,881
3,A_H8_D11_AF_AF_mGAM_mGAM_2_S92,52,A11-e003Coalescence-mGAM-p7,101060,881
4,B_D8_H11_AF_AF_mGAM_mBHI_2_S140,40,A11-e003Coalescence-mGAM-p7,101060,881
5,B_E8_E11_AF_AA_mGAM_mGAM_2_S152,50,A11-e003Coalescence-mGAM-p7,101060,881
6,B_E12_A11_AF_AA_mGAM_mGAM_4_S156,45,A11-e003Coalescence-mGAM-p7,101060,881
7,B_H5_H8_AA_AF_mGAM_mGAM_2_S185,53,A11-e003Coalescence-mGAM-p7,101060,881
8,B_H8_H11_AF_AF_mGAM_mGAM_2_S188,44,A11-e003Coalescence-mGAM-p7,101060,881
9,B_H9_D8_AA_AF_mGAM_mGAM_4_S189,51,A11-e003Coalescence-mGAM-p7,101060,881
10,C_D8_D11_AF_AF_mGAM_mBHI_6_S236,41,A11-e003Coalescence-mGAM-p7,101060,881
11,C_E8_A11_AF_AA_mGAM_mGAM_6_S248,57,A11-e003Coalescence-mGAM-p7,101060,881
12,C_H5_D8_AA_AF_mGAM_mGAM_6_S281,46,A11-e003Coalescence-mGAM-p7,101060,881
13,C_H8_D11_AF_AF_mGAM_mGAM_6_S284,44,A11-e003Coalescence-mGAM-p7,101060,881
14,D_D8_D11_AF_AF_mGAM_mBHI_6_S332,57,A11-e003Coalescence-mGAM-p7,101060,881
15,D_E8_A11_AF_AA_mGAM_mGAM_6_S344,47,A11-e003Coalescence-mGAM-p7,101060,881
16,D_E12_E11_AF_AA_mGAM_mGAM_4_S348,47,A11-e003Coalescence-mGAM-p7,101060,881
17,D_H5_D8_AA_AF_mGAM_mGAM_6_S377,57,A11-e003Coalescence-mGAM-p7,101060,881
18,D_H8_D11_AF_AF_mGAM_mGAM_6_S380,35,A11-e003Coalescence-mGAM-p7,101060,881
19,D_H9_H8_AA_AF_mGAM_mGAM_4_S381,32,A11-e003Coalescence-mGAM-p7,101060,881
20,D11-e003Coalescence-mBHI-p5,49,A11-e003Coalescence-mGAM-p7,101060,881
21,D11-e003Coalescence-mGAM-p5,59,A11-e003Coalescence-mGAM-p7,101060,881
22,A11-e003Coalescence-mGAM-p7,881,A11-e003Coalescence-mGAM-p7,101060,881
23,D8-e003Coalescence-mGAM-p5,51,A11-e003Coalescence-mGAM-p7,101060,881
24,D11-e003Coalescence-mGAM-p7,57,A11-e003Coalescence-mGAM-p7,101060,881
25,A11-e003Coalescence-mGAM-p3,45,A11-e003Coalescence-mGAM-p7,101060,881
26,H111-e003Coalescence-mGAM-p7_S188,47,A11-e003Coalescence-mGAM-p7,101060,881
27,H111-e003Coalescence-mBHI-p3_S144,48,A11-e003Coalescence-mGAM-p7,101060,881
28,H111-e003Coalescence-mGAM-p5_S92,46,A11-e003Coalescence-mGAM-p7,101060,881
29,H8-e003Coalescence-mGAM-p5_S89,44,A11-e003Coalescence-mGAM-p7,101060,881
30,H111-e003Coalescence-mBHI-p5_S44,55,A11-e003Coalescence-mGAM-p7,101060,881
31,E111-e003Coalescence-mGAM-p5_S56,51,A11-e003Coalescence-mGAM-p7,101060,881
32,H111-e003Coalescence-mGAM-p3_S192,51,A11-e003Coalescence-mGAM-p7,101060,881
33,H8-e003Coalescence-mGAM-p7_S185,45,A11-e003Coalescence-mGAM-p7,101060,881
34,B5-e003Coalescence-Inoculumn-mGAM,45,A11-e003Coalescence-mGAM-p7,101060,881
35,D5-e003Coalescence-Inoculumn-mGAM,49,A11-e003Coalescence-mGAM-p7,101060,881
36,A5-e003Coalescence-Inoculumn-mGAM,43,A11-e003Coalescence-mGAM-p7,101060,881
37,D2-e003Coalescence-Inoculumn-mGAM,56,A11-e003Coalescence-mGAM-p7,101060,881
38,D3-e003Coalescence-Inoculumn-mGAM,60,A11-e003Coalescence-mGAM-p7,101060,881
39,C5-e003Coalescence-Inoculumn-mGAM,54,A11-e003Coalescence-mGAM-p7,101060,881
40,E11-e003Coalescence-mGAM-p1_S840,50,A11-e003Coalescence-mGAM-p7,101060,881
41,H8-e003Coalescence-mBHI-p1_S815,51,A11-e003Coalescence-mGAM-p7,101060,881
42,D8-e003Coalescence-mGAM-p1_S755,47,A11-e003Coalescence-mGAM-p7,101060,881
43,H11-e003Coalescence-mGAM-p1_S843,44,A11-e003Coalescence-mGAM-p7,101060,881
44,A11-e003Coalescence-mGAM-p1_S776,29,A11-e003Coalescence-mGAM-p7,101060,881
45,H11-e003Coalescence-mBHI-p1_S839,55,A11-e003Coalescence-mGAM-p7,101060,881
46,E11-e003Coalescence-mBHI-p1_S836,45,A11-e003Coalescence-mGAM-p7,101060,881
47,H8-e003Coalescence-mGAM-p1_S819,52,A11-e003Coalescence-mGAM-p7,101060,881
48,D11-e003Coalescence-mGAM-p1_S779,48,A11-e003Coalescence-mGAM-p7,101060,881
49,D11-e003Coalescence-mBHI-p1_S775,42,A11-e003Coalescence-mGAM-p7,101060,881
50,A11-e003Coalescence-mBHI-p1_S772,24,A11-e003Coalescence-mGAM-p7,101060,881
51,Coalescence-A12-D11-AF-AF-mGAM-mBHI-7_S631,50,A11-e003Coalescence-mGAM-p7,101060,881
52,Coalescence-C3-A11-AA-AF-mGAM-mGAM-5_S646,51,A11-e003Coalescence-mGAM-p7,101060,881
53,Coalescence-F1-D8-AA-AF-mGAM-mGAM-3_S680,48,A11-e003Coalescence-mGAM-p7,101060,881
54,Coalescence-E8-D11-AF-AF-mGAM-mBHI-3_S675,51,A11-e003Coalescence-mGAM-p7,101060,881
55,Coalescence-B5-D8-AA-AF-mGAM-mGAM-7_S636,46,A11-e003Coalescence-mGAM-p7,101060,881
56,Coalescence-F10-H8-AA-AF-mGAM-mGAM-3_S689,52,A11-e003Coalescence-mGAM-p7,101060,881
57,Coalescence-B6-E11-AA-AF-mGAM-mGAM-7_S637,49,A11-e003Coalescence-mGAM-p7,101060,881
58,Coalescence-F3-E11-AA-AF-mGAM-mGAM-3_S682,51,A11-e003Coalescence-mGAM-p7,101060,881
59,B11-e003Assembly-mGAM-p3,27,A11-e003Coalescence-mGAM-p7,101060,881
60,B11-e003Assembly-mGAM-p5,52,A11-e003Coalescence-mGAM-p7,101060,881
61,B11-e003GlycerolRevival-mGAM-p2,41,A11-e003Coalescence-mGAM-p7,101060,881
62,C11-e003Assembly-mGAM-p3,34,A11-e003Coalescence-mGAM-p7,101060,881
63,C11-e003GlycerolRevival-mGAM-p2,37,A11-e003Coalescence-mGAM-p7,101060,881
64,e003-inoculumn-fecal-AF,32,A11-e003Coalescence-mGAM-p7,101060,881
65,C_F4_e003Assembly_6_S256,37,A11-e003Coalescence-mGAM-p7,101060,881
66,C_F8_e003Assembly_6_S260,52,A11-e003Coalescence-mGAM-p7,101060,881
67,C_F12_e003Assembly_4_S264,54,A11-e003Coalescence-mGAM-p7,101060,881
68,D_B8_e003Assembly_S308,50,A11-e003Coalescence-mGAM-p7,101060,881
69,D_F8_e003Assembly_S356,43,A11-e003Coalescence-mGAM-p7,101060,881
70,D_F12_e003Assembly_S360,61,A11-e003Coalescence-mGAM-p7,101060,881
71,C_H2_e003Assembly_S278,52,A11-e003Coalescence-mGAM-p7,101060,881
72,C_H10_H3_ACPP_AF_mBHI_mGAM_4_S286,45,A11-e003Coalescence-mGAM-p7,101060,881
0,A_D8_D11_AF_AF_mGAM_mBHI_2_S44,58,D8-e003Coalescence-mGAM-p5,101060,157
1,A_E8_A11_AF_AA_mGAM_mGAM_2_S56,65,D8-e003Coalescence-mGAM-p5,101060,157
2,A_H5_D8_AA_AF_mGAM_mGAM_2_S89,53,D8-e003Coalescence-mGAM-p5,101060,157
3,A_H8_D11_AF_AF_mGAM_mGAM_2_S92,63,D8-e003Coalescence-mGAM-p5,101060,157
4,B_D8_H11_AF_AF_mGAM_mBHI_2_S140,49,D8-e003Coalescence-mGAM-p5,101060,157
5,B_E8_E11_AF_AA_mGAM_mGAM_2_S152,63,D8-e003Coalescence-mGAM-p5,101060,157
6,B_E12_A11_AF_AA_mGAM_mGAM_4_S156,59,D8-e003Coalescence-mGAM-p5,101060,157
7,B_H5_H8_AA_AF_mGAM_mGAM_2_S185,65,D8-e003Coalescence-mGAM-p5,101060,157
8,B_H8_H11_AF_AF_mGAM_mGAM_2_S188,60,D8-e003Coalescence-mGAM-p5,101060,157
9,B_H9_D8_AA_AF_mGAM_mGAM_4_S189,61,D8-e003Coalescence-mGAM-p5,101060,157
10,C_D8_D11_AF_AF_mGAM_mBHI_6_S236,55,D8-e003Coalescence-mGAM-p5,101060,157
11,C_E8_A11_AF_AA_mGAM_mGAM_6_S248,64,D8-e003Coalescence-mGAM-p5,101060,157
12,C_H5_D8_AA_AF_mGAM_mGAM_6_S281,53,D8-e003Coalescence-mGAM-p5,101060,157
13,C_H8_D11_AF_AF_mGAM_mGAM_6_S284,55,D8-e003Coalescence-mGAM-p5,101060,157
14,D_D8_D11_AF_AF_mGAM_mBHI_6_S332,58,D8-e003Coalescence-mGAM-p5,101060,157
15,D_E8_A11_AF_AA_mGAM_mGAM_6_S344,62,D8-e003Coalescence-mGAM-p5,101060,157
16,D_E12_E11_AF_AA_mGAM_mGAM_4_S348,60,D8-e003Coalescence-mGAM-p5,101060,157
17,D_H5_D8_AA_AF_mGAM_mGAM_6_S377,68,D8-e003Coalescence-mGAM-p5,101060,157
18,D_H8_D11_AF_AF_mGAM_mGAM_6_S380,41,D8-e003Coalescence-mGAM-p5,101060,157
19,D_H9_H8_AA_AF_mGAM_mGAM_4_S381,40,D8-e003Coalescence-mGAM-p5,101060,157
20,D11-e003Coalescence-mBHI-p5,62,D8-e003Coalescence-mGAM-p5,101060,157
21,D11-e003Coalescence-mGAM-p5,72,D8-e003Coalescence-mGAM-p5,101060,157
22,A11-e003Coalescence-mGAM-p7,51,D8-e003Coalescence-mGAM-p5,101060,157
23,D8-e003Coalescence-mGAM-p5,157,D8-e003Coalescence-mGAM-p5,101060,157
24,D11-e003Coalescence-mGAM-p7,74,D8-e003Coalescence-mGAM-p5,101060,157
25,A11-e003Coalescence-mGAM-p3,64,D8-e003Coalescence-mGAM-p5,101060,157
26,H111-e003Coalescence-mGAM-p7_S188,61,D8-e003Coalescence-mGAM-p5,101060,157
27,H111-e003Coalescence-mBHI-p3_S144,59,D8-e003Coalescence-mGAM-p5,101060,157
28,H111-e003Coalescence-mGAM-p5_S92,59,D8-e003Coalescence-mGAM-p5,101060,157
29,H8-e003Coalescence-mGAM-p5_S89,54,D8-e003Coalescence-mGAM-p5,101060,157
30,H111-e003Coalescence-mBHI-p5_S44,63,D8-e003Coalescence-mGAM-p5,101060,157
31,E111-e003Coalescence-mGAM-p5_S56,51,D8-e003Coalescence-mGAM-p5,101060,157
32,H111-e003Coalescence-mGAM-p3_S192,64,D8-e003Coalescence-mGAM-p5,101060,157
33,H8-e003Coalescence-mGAM-p7_S185,58,D8-e003Coalescence-mGAM-p5,101060,157
34,B5-e003Coalescence-Inoculumn-mGAM,58,D8-e003Coalescence-mGAM-p5,101060,157
35,D5-e003Coalescence-Inoculumn-mGAM,71,D8-e003Coalescence-mGAM-p5,101060,157
36,A5-e003Coalescence-Inoculumn-mGAM,75,D8-e003Coalescence-mGAM-p5,101060,157
37,D2-e003Coalescence-Inoculumn-mGAM,64,D8-e003Coalescence-mGAM-p5,101060,157
38,D3-e003Coalescence-Inoculumn-mGAM,79,D8-e003Coalescence-mGAM-p5,101060,157
39,C5-e003Coalescence-Inoculumn-mGAM,70,D8-e003Coalescence-mGAM-p5,101060,157
40,E11-e003Coalescence-mGAM-p1_S840,61,D8-e003Coalescence-mGAM-p5,101060,157
41,H8-e003Coalescence-mBHI-p1_S815,53,D8-e003Coalescence-mGAM-p5,101060,157
42,D8-e003Coalescence-mGAM-p1_S755,60,D8-e003Coalescence-mGAM-p5,101060,157
43,H11-e003Coalescence-mGAM-p1_S843,53,D8-e003Coalescence-mGAM-p5,101060,157
44,A11-e003Coalescence-mGAM-p1_S776,26,D8-e003Coalescence-mGAM-p5,101060,157
45,H11-e003Coalescence-mBHI-p1_S839,67,D8-e003Coalescence-mGAM-p5,101060,157
46,E11-e003Coalescence-mBHI-p1_S836,61,D8-e003Coalescence-mGAM-p5,101060,157
47,H8-e003Coalescence-mGAM-p1_S819,58,D8-e003Coalescence-mGAM-p5,101060,157
48,D11-e003Coalescence-mGAM-p1_S779,67,D8-e003Coalescence-mGAM-p5,101060,157
49,D11-e003Coalescence-mBHI-p1_S775,50,D8-e003Coalescence-mGAM-p5,101060,157
50,A11-e003Coalescence-mBHI-p1_S772,28,D8-e003Coalescence-mGAM-p5,101060,157
51,Coalescence-A12-D11-AF-AF-mGAM-mBHI-7_S631,56,D8-e003Coalescence-mGAM-p5,101060,157
52,Coalescence-C3-A11-AA-AF-mGAM-mGAM-5_S646,65,D8-e003Coalescence-mGAM-p5,101060,157
53,Coalescence-F1-D8-AA-AF-mGAM-mGAM-3_S680,54,D8-e003Coalescence-mGAM-p5,101060,157
54,Coalescence-E8-D11-AF-AF-mGAM-mBHI-3_S675,60,D8-e003Coalescence-mGAM-p5,101060,157
55,Coalescence-B5-D8-AA-AF-mGAM-mGAM-7_S636,61,D8-e003Coalescence-mGAM-p5,101060,157
56,Coalescence-F10-H8-AA-AF-mGAM-mGAM-3_S689,61,D8-e003Coalescence-mGAM-p5,101060,157
57,Coalescence-B6-E11-AA-AF-mGAM-mGAM-7_S637,59,D8-e003Coalescence-mGAM-p5,101060,157
58,Coalescence-F3-E11-AA-AF-mGAM-mGAM-3_S682,66,D8-e003Coalescence-mGAM-p5,101060,157
59,B11-e003Assembly-mGAM-p3,34,D8-e003Coalescence-mGAM-p5,101060,157
60,B11-e003Assembly-mGAM-p5,54,D8-e003Coalescence-mGAM-p5,101060,157
61,B11-e003GlycerolRevival-mGAM-p2,52,D8-e003Coalescence-mGAM-p5,101060,157
62,C11-e003Assembly-mGAM-p3,41,D8-e003Coalescence-mGAM-p5,101060,157
63,C11-e003GlycerolRevival-mGAM-p2,40,D8-e003Coalescence-mGAM-p5,101060,157
64,e003-inoculumn-fecal-AF,25,D8-e003Coalescence-mGAM-p5,101060,157
65,C_F4_e003Assembly_6_S256,38,D8-e003Coalescence-mGAM-p5,101060,157
66,C_F8_e003Assembly_6_S260,59,D8-e003Coalescence-mGAM-p5,101060,157
67,C_F12_e003Assembly_4_S264,63,D8-e003Coalescence-mGAM-p5,101060,157
68,D_B8_e003Assembly_S308,62,D8-e003Coalescence-mGAM-p5,101060,157
69,D_F8_e003Assembly_S356,53,D8-e003Coalescence-mGAM-p5,101060,157
70,D_F12_e003Assembly_S360,70,D8-e003Coalescence-mGAM-p5,101060,157
71,C_H2_e003Assembly_S278,68,D8-e003Coalescence-mGAM-p5,101060,157
72,C_H10_H3_ACPP_AF_mBHI_mGAM_4_S286,49,D8-e003Coalescence-mGAM-p5,101060,157
0,A_D8_D11_AF_AF_mGAM_mBHI_2_S44,68,D11-e003Coalescence-mGAM-p7,101060,125
1,A_E8_A11_AF_AA_mGAM_mGAM_2_S56,77,D11-e003Coalescence-mGAM-p7,101060,125
2,A_H5_D8_AA_AF_mGAM_mGAM_2_S89,69,D11-e003Coalescence-mGAM-p7,101060,125
3,A_H8_D11_AF_AF_mGAM_mGAM_2_S92,72,D11-e003Coalescence-mGAM-p7,101060,125
4,B_D8_H11_AF_AF_mGAM_mBHI_2_S140,50,D11-e003Coalescence-mGAM-p7,101060,125
5,B_E8_E11_AF_AA_mGAM_mGAM_2_S152,74,D11-e003Coalescence-mGAM-p7,101060,125
6,B_E12_A11_AF_AA_mGAM_mGAM_4_S156,72,D11-e003Coalescence-mGAM-p7,101060,125
7,B_H5_H8_AA_AF_mGAM_mGAM_2_S185,77,D11-e003Coalescence-mGAM-p7,101060,125
8,B_H8_H11_AF_AF_mGAM_mGAM_2_S188,65,D11-e003Coalescence-mGAM-p7,101060,125
9,B_H9_D8_AA_AF_mGAM_mGAM_4_S189,68,D11-e003Coalescence-mGAM-p7,101060,125
10,C_D8_D11_AF_AF_mGAM_mBHI_6_S236,61,D11-e003Coalescence-mGAM-p7,101060,125
11,C_E8_A11_AF_AA_mGAM_mGAM_6_S248,75,D11-e003Coalescence-mGAM-p7,101060,125
12,C_H5_D8_AA_AF_mGAM_mGAM_6_S281,63,D11-e003Coalescence-mGAM-p7,101060,125
13,C_H8_D11_AF_AF_mGAM_mGAM_6_S284,67,D11-e003Coalescence-mGAM-p7,101060,125
14,D_D8_D11_AF_AF_mGAM_mBHI_6_S332,65,D11-e003Coalescence-mGAM-p7,101060,125
15,D_E8_A11_AF_AA_mGAM_mGAM_6_S344,73,D11-e003Coalescence-mGAM-p7,101060,125
16,D_E12_E11_AF_AA_mGAM_mGAM_4_S348,71,D11-e003Coalescence-mGAM-p7,101060,125
17,D_H5_D8_AA_AF_mGAM_mGAM_6_S377,76,D11-e003Coalescence-mGAM-p7,101060,125
18,D_H8_D11_AF_AF_mGAM_mGAM_6_S380,51,D11-e003Coalescence-mGAM-p7,101060,125
19,D_H9_H8_AA_AF_mGAM_mGAM_4_S381,44,D11-e003Coalescence-mGAM-p7,101060,125
20,D11-e003Coalescence-mBHI-p5,66,D11-e003Coalescence-mGAM-p7,101060,125
21,D11-e003Coalescence-mGAM-p5,79,D11-e003Coalescence-mGAM-p7,101060,125
22,A11-e003Coalescence-mGAM-p7,57,D11-e003Coalescence-mGAM-p7,101060,125
23,D8-e003Coalescence-mGAM-p5,74,D11-e003Coalescence-mGAM-p7,101060,125
24,D11-e003Coalescence-mGAM-p7,125,D11-e003Coalescence-mGAM-p7,101060,125
25,A11-e003Coalescence-mGAM-p3,64,D11-e003Coalescence-mGAM-p7,101060,125
26,H111-e003Coalescence-mGAM-p7_S188,61,D11-e003Coalescence-mGAM-p7,101060,125
27,H111-e003Coalescence-mBHI-p3_S144,74,D11-e003Coalescence-mGAM-p7,101060,125
28,H111-e003Coalescence-mGAM-p5_S92,65,D11-e003Coalescence-mGAM-p7,101060,125
29,H8-e003Coalescence-mGAM-p5_S89,59,D11-e003Coalescence-mGAM-p7,101060,125
30,H111-e003Coalescence-mBHI-p5_S44,68,D11-e003Coalescence-mGAM-p7,101060,125
31,E111-e003Coalescence-mGAM-p5_S56,57,D11-e003Coalescence-mGAM-p7,101060,125
32,H111-e003Coalescence-mGAM-p3_S192,75,D11-e003Coalescence-mGAM-p7,101060,125
33,H8-e003Coalescence-mGAM-p7_S185,70,D11-e003Coalescence-mGAM-p7,101060,125
34,B5-e003Coalescence-Inoculumn-mGAM,70,D11-e003Coalescence-mGAM-p7,101060,125
35,D5-e003Coalescence-Inoculumn-mGAM,72,D11-e003Coalescence-mGAM-p7,101060,125
36,A5-e003Coalescence-Inoculumn-mGAM,69,D11-e003Coalescence-mGAM-p7,101060,125
37,D2-e003Coalescence-Inoculumn-mGAM,74,D11-e003Coalescence-mGAM-p7,101060,125
38,D3-e003Coalescence-Inoculumn-mGAM,79,D11-e003Coalescence-mGAM-p7,101060,125
39,C5-e003Coalescence-Inoculumn-mGAM,78,D11-e003Coalescence-mGAM-p7,101060,125
40,E11-e003Coalescence-mGAM-p1_S840,74,D11-e003Coalescence-mGAM-p7,101060,125
41,H8-e003Coalescence-mBHI-p1_S815,56,D11-e003Coalescence-mGAM-p7,101060,125
42,D8-e003Coalescence-mGAM-p1_S755,66,D11-e003Coalescence-mGAM-p7,101060,125
43,H11-e003Coalescence-mGAM-p1_S843,62,D11-e003Coalescence-mGAM-p7,101060,125
44,A11-e003Coalescence-mGAM-p1_S776,36,D11-e003Coalescence-mGAM-p7,101060,125
45,H11-e003Coalescence-mBHI-p1_S839,76,D11-e003Coalescence-mGAM-p7,101060,125
46,E11-e003Coalescence-mBHI-p1_S836,67,D11-e003Coalescence-mGAM-p7,101060,125
47,H8-e003Coalescence-mGAM-p1_S819,67,D11-e003Coalescence-mGAM-p7,101060,125
48,D11-e003Coalescence-mGAM-p1_S779,70,D11-e003Coalescence-mGAM-p7,101060,125
49,D11-e003Coalescence-mBHI-p1_S775,54,D11-e003Coalescence-mGAM-p7,101060,125
50,A11-e003Coalescence-mBHI-p1_S772,35,D11-e003Coalescence-mGAM-p7,101060,125
51,Coalescence-A12-D11-AF-AF-mGAM-mBHI-7_S631,67,D11-e003Coalescence-mGAM-p7,101060,125
52,Coalescence-C3-A11-AA-AF-mGAM-mGAM-5_S646,75,D11-e003Coalescence-mGAM-p7,101060,125
53,Coalescence-F1-D8-AA-AF-mGAM-mGAM-3_S680,72,D11-e003Coalescence-mGAM-p7,101060,125
54,Coalescence-E8-D11-AF-AF-mGAM-mBHI-3_S675,72,D11-e003Coalescence-mGAM-p7,101060,125
55,Coalescence-B5-D8-AA-AF-mGAM-mGAM-7_S636,74,D11-e003Coalescence-mGAM-p7,101060,125
56,Coalescence-F10-H8-AA-AF-mGAM-mGAM-3_S689,74,D11-e003Coalescence-mGAM-p7,101060,125
57,Coalescence-B6-E11-AA-AF-mGAM-mGAM-7_S637,68,D11-e003Coalescence-mGAM-p7,101060,125
58,Coalescence-F3-E11-AA-AF-mGAM-mGAM-3_S682,76,D11-e003Coalescence-mGAM-p7,101060,125
59,B11-e003Assembly-mGAM-p3,37,D11-e003Coalescence-mGAM-p7,101060,125
60,B11-e003Assembly-mGAM-p5,59,D11-e003Coalescence-mGAM-p7,101060,125
61,B11-e003GlycerolRevival-mGAM-p2,58,D11-e003Coalescence-mGAM-p7,101060,125
62,C11-e003Assembly-mGAM-p3,43,D11-e003Coalescence-mGAM-p7,101060,125
63,C11-e003GlycerolRevival-mGAM-p2,47,D11-e003Coalescence-mGAM-p7,101060,125
64,e003-inoculumn-fecal-AF,38,D11-e003Coalescence-mGAM-p7,101060,125
65,C_F4_e003Assembly_6_S256,45,D11-e003Coalescence-mGAM-p7,101060,125
66,C_F8_e003Assembly_6_S260,71,D11-e003Coalescence-mGAM-p7,101060,125
67,C_F12_e003Assembly_4_S264,65,D11-e003Coalescence-mGAM-p7,101060,125
68,D_B8_e003Assembly_S308,69,D11-e003Coalescence-mGAM-p7,101060,125
69,D_F8_e003Assembly_S356,66,D11-e003Coalescence-mGAM-p7,101060,125
70,D_F12_e003Assembly_S360,80,D11-e003Coalescence-mGAM-p7,101060,125
71,C_H2_e003Assembly_S278,74,D11-e003Coalescence-mGAM-p7,101060,125
72,C_H10_H3_ACPP_AF_mBHI_mGAM_4_S286,58,D11-e003Coalescence-mGAM-p7,101060,125
0,A_D8_D11_AF_AF_mGAM_mBHI_2_S44,55,A11-e003Coalescence-mGAM-p3,101060,120
1,A_E8_A11_AF_AA_mGAM_mGAM_2_S56,64,A11-e003Coalescence-mGAM-p3,101060,120
2,A_H5_D8_AA_AF_mGAM_mGAM_2_S89,61,A11-e003Coalescence-mGAM-p3,101060,120
3,A_H8_D11_AF_AF_mGAM_mGAM_2_S92,68,A11-e003Coalescence-mGAM-p3,101060,120
4,B_D8_H11_AF_AF_mGAM_mBHI_2_S140,39,A11-e003Coalescence-mGAM-p3,101060,120
5,B_E8_E11_AF_AA_mGAM_mGAM_2_S152,65,A11-e003Coalescence-mGAM-p3,101060,120
6,B_E12_A11_AF_AA_mGAM_mGAM_4_S156,61,A11-e003Coalescence-mGAM-p3,101060,120
7,B_H5_H8_AA_AF_mGAM_mGAM_2_S185,67,A11-e003Coalescence-mGAM-p3,101060,120
8,B_H8_H11_AF_AF_mGAM_mGAM_2_S188,52,A11-e003Coalescence-mGAM-p3,101060,120
9,B_H9_D8_AA_AF_mGAM_mGAM_4_S189,62,A11-e003Coalescence-mGAM-p3,101060,120
10,C_D8_D11_AF_AF_mGAM_mBHI_6_S236,48,A11-e003Coalescence-mGAM-p3,101060,120
11,C_E8_A11_AF_AA_mGAM_mGAM_6_S248,66,A11-e003Coalescence-mGAM-p3,101060,120
12,C_H5_D8_AA_AF_mGAM_mGAM_6_S281,48,A11-e003Coalescence-mGAM-p3,101060,120
13,C_H8_D11_AF_AF_mGAM_mGAM_6_S284,63,A11-e003Coalescence-mGAM-p3,101060,120
14,D_D8_D11_AF_AF_mGAM_mBHI_6_S332,53,A11-e003Coalescence-mGAM-p3,101060,120
15,D_E8_A11_AF_AA_mGAM_mGAM_6_S344,66,A11-e003Coalescence-mGAM-p3,101060,120
16,D_E12_E11_AF_AA_mGAM_mGAM_4_S348,60,A11-e003Coalescence-mGAM-p3,101060,120
17,D_H5_D8_AA_AF_mGAM_mGAM_6_S377,69,A11-e003Coalescence-mGAM-p3,101060,120
18,D_H8_D11_AF_AF_mGAM_mGAM_6_S380,35,A11-e003Coalescence-mGAM-p3,101060,120
19,D_H9_H8_AA_AF_mGAM_mGAM_4_S381,38,A11-e003Coalescence-mGAM-p3,101060,120
20,D11-e003Coalescence-mBHI-p5,61,A11-e003Coalescence-mGAM-p3,101060,120
21,D11-e003Coalescence-mGAM-p5,66,A11-e003Coalescence-mGAM-p3,101060,120
22,A11-e003Coalescence-mGAM-p7,45,A11-e003Coalescence-mGAM-p3,101060,120
23,D8-e003Coalescence-mGAM-p5,64,A11-e003Coalescence-mGAM-p3,101060,120
24,D11-e003Coalescence-mGAM-p7,64,A11-e003Coalescence-mGAM-p3,101060,120
25,A11-e003Coalescence-mGAM-p3,120,A11-e003Coalescence-mGAM-p3,101060,120
26,H111-e003Coalescence-mGAM-p7_S188,59,A11-e003Coalescence-mGAM-p3,101060,120
27,H111-e003Coalescence-mBHI-p3_S144,60,A11-e003Coalescence-mGAM-p3,101060,120
28,H111-e003Coalescence-mGAM-p5_S92,57,A11-e003Coalescence-mGAM-p3,101060,120
29,H8-e003Coalescence-mGAM-p5_S89,49,A11-e003Coalescence-mGAM-p3,101060,120
30,H111-e003Coalescence-mBHI-p5_S44,56,A11-e003Coalescence-mGAM-p3,101060,120
31,E111-e003Coalescence-mGAM-p5_S56,60,A11-e003Coalescence-mGAM-p3,101060,120
32,H111-e003Coalescence-mGAM-p3_S192,66,A11-e003Coalescence-mGAM-p3,101060,120
33,H8-e003Coalescence-mGAM-p7_S185,55,A11-e003Coalescence-mGAM-p3,101060,120
34,B5-e003Coalescence-Inoculumn-mGAM,60,A11-e003Coalescence-mGAM-p3,101060,120
35,D5-e003Coalescence-Inoculumn-mGAM,58,A11-e003Coalescence-mGAM-p3,101060,120
36,A5-e003Coalescence-Inoculumn-mGAM,55,A11-e003Coalescence-mGAM-p3,101060,120
37,D2-e003Coalescence-Inoculumn-mGAM,60,A11-e003Coalescence-mGAM-p3,101060,120
38,D3-e003Coalescence-Inoculumn-mGAM,68,A11-e003Coalescence-mGAM-p3,101060,120
39,C5-e003Coalescence-Inoculumn-mGAM,74,A11-e003Coalescence-mGAM-p3,101060,120
40,E11-e003Coalescence-mGAM-p1_S840,66,A11-e003Coalescence-mGAM-p3,101060,120
41,H8-e003Coalescence-mBHI-p1_S815,52,A11-e003Coalescence-mGAM-p3,101060,120
42,D8-e003Coalescence-mGAM-p1_S755,62,A11-e003Coalescence-mGAM-p3,101060,120
43,H11-e003Coalescence-mGAM-p1_S843,47,A11-e003Coalescence-mGAM-p3,101060,120
44,A11-e003Coalescence-mGAM-p1_S776,26,A11-e003Coalescence-mGAM-p3,101060,120
45,H11-e003Coalescence-mBHI-p1_S839,61,A11-e003Coalescence-mGAM-p3,101060,120
46,E11-e003Coalescence-mBHI-p1_S836,58,A11-e003Coalescence-mGAM-p3,101060,120
47,H8-e003Coalescence-mGAM-p1_S819,62,A11-e003Coalescence-mGAM-p3,101060,120
48,D11-e003Coalescence-mGAM-p1_S779,62,A11-e003Coalescence-mGAM-p3,101060,120
49,D11-e003Coalescence-mBHI-p1_S775,49,A11-e003Coalescence-mGAM-p3,101060,120
50,A11-e003Coalescence-mBHI-p1_S772,27,A11-e003Coalescence-mGAM-p3,101060,120
51,Coalescence-A12-D11-AF-AF-mGAM-mBHI-7_S631,60,A11-e003Coalescence-mGAM-p3,101060,120
52,Coalescence-C3-A11-AA-AF-mGAM-mGAM-5_S646,61,A11-e003Coalescence-mGAM-p3,101060,120
53,Coalescence-F1-D8-AA-AF-mGAM-mGAM-3_S680,58,A11-e003Coalescence-mGAM-p3,101060,120
54,Coalescence-E8-D11-AF-AF-mGAM-mBHI-3_S675,59,A11-e003Coalescence-mGAM-p3,101060,120
55,Coalescence-B5-D8-AA-AF-mGAM-mGAM-7_S636,60,A11-e003Coalescence-mGAM-p3,101060,120
56,Coalescence-F10-H8-AA-AF-mGAM-mGAM-3_S689,64,A11-e003Coalescence-mGAM-p3,101060,120
57,Coalescence-B6-E11-AA-AF-mGAM-mGAM-7_S637,60,A11-e003Coalescence-mGAM-p3,101060,120
58,Coalescence-F3-E11-AA-AF-mGAM-mGAM-3_S682,68,A11-e003Coalescence-mGAM-p3,101060,120
59,B11-e003Assembly-mGAM-p3,21,A11-e003Coalescence-mGAM-p3,101060,120
60,B11-e003Assembly-mGAM-p5,54,A11-e003Coalescence-mGAM-p3,101060,120
61,B11-e003GlycerolRevival-mGAM-p2,40,A11-e003Coalescence-mGAM-p3,101060,120
62,C11-e003Assembly-mGAM-p3,35,A11-e003Coalescence-mGAM-p3,101060,120
63,C11-e003GlycerolRevival-mGAM-p2,32,A11-e003Coalescence-mGAM-p3,101060,120
64,e003-inoculumn-fecal-AF,28,A11-e003Coalescence-mGAM-p3,101060,120
65,C_F4_e003Assembly_6_S256,39,A11-e003Coalescence-mGAM-p3,101060,120
66,C_F8_e003Assembly_6_S260,53,A11-e003Coalescence-mGAM-p3,101060,120
67,C_F12_e003Assembly_4_S264,61,A11-e003Coalescence-mGAM-p3,101060,120
68,D_B8_e003Assembly_S308,55,A11-e003Coalescence-mGAM-p3,101060,120
69,D_F8_e003Assembly_S356,58,A11-e003Coalescence-mGAM-p3,101060,120
70,D_F12_e003Assembly_S360,69,A11-e003Coalescence-mGAM-p3,101060,120
71,C_H2_e003Assembly_S278,66,A11-e003Coalescence-mGAM-p3,101060,120
72,C_H10_H3_ACPP_AF_mBHI_mGAM_4_S286,53,A11-e003Coalescence-mGAM-p3,101060,120
0,A_D8_D11_AF_AF_mGAM_mBHI_2_S44,63,H111-e003Coalescence-mGAM-p7_S188,101060,88
1,A_E8_A11_AF_AA_mGAM_mGAM_2_S56,63,H111-e003Coalescence-mGAM-p7_S188,101060,88
2,A_H5_D8_AA_AF_mGAM_mGAM_2_S89,56,H111-e003Coalescence-mGAM-p7_S188,101060,88
3,A_H8_D11_AF_AF_mGAM_mGAM_2_S92,64,H111-e003Coalescence-mGAM-p7_S188,101060,88
4,B_D8_H11_AF_AF_mGAM_mBHI_2_S140,41,H111-e003Coalescence-mGAM-p7_S188,101060,88
5,B_E8_E11_AF_AA_mGAM_mGAM_2_S152,60,H111-e003Coalescence-mGAM-p7_S188,101060,88
6,B_E12_A11_AF_AA_mGAM_mGAM_4_S156,65,H111-e003Coalescence-mGAM-p7_S188,101060,88
7,B_H5_H8_AA_AF_mGAM_mGAM_2_S185,64,H111-e003Coalescence-mGAM-p7_S188,101060,88
8,B_H8_H11_AF_AF_mGAM_mGAM_2_S188,51,H111-e003Coalescence-mGAM-p7_S188,101060,88
9,B_H9_D8_AA_AF_mGAM_mGAM_4_S189,58,H111-e003Coalescence-mGAM-p7_S188,101060,88
10,C_D8_D11_AF_AF_mGAM_mBHI_6_S236,45,H111-e003Coalescence-mGAM-p7_S188,101060,88
11,C_E8_A11_AF_AA_mGAM_mGAM_6_S248,57,H111-e003Coalescence-mGAM-p7_S188,101060,88
12,C_H5_D8_AA_AF_mGAM_mGAM_6_S281,52,H111-e003Coalescence-mGAM-p7_S188,101060,88
13,C_H8_D11_AF_AF_mGAM_mGAM_6_S284,59,H111-e003Coalescence-mGAM-p7_S188,101060,88
14,D_D8_D11_AF_AF_mGAM_mBHI_6_S332,58,H111-e003Coalescence-mGAM-p7_S188,101060,88
15,D_E8_A11_AF_AA_mGAM_mGAM_6_S344,61,H111-e003Coalescence-mGAM-p7_S188,101060,88
16,D_E12_E11_AF_AA_mGAM_mGAM_4_S348,55,H111-e003Coalescence-mGAM-p7_S188,101060,88
17,D_H5_D8_AA_AF_mGAM_mGAM_6_S377,61,H111-e003Coalescence-mGAM-p7_S188,101060,88
18,D_H8_D11_AF_AF_mGAM_mGAM_6_S380,39,H111-e003Coalescence-mGAM-p7_S188,101060,88
19,D_H9_H8_AA_AF_mGAM_mGAM_4_S381,37,H111-e003Coalescence-mGAM-p7_S188,101060,88
20,D11-e003Coalescence-mBHI-p5,53,H111-e003Coalescence-mGAM-p7_S188,101060,88
21,D11-e003Coalescence-mGAM-p5,68,H111-e003Coalescence-mGAM-p7_S188,101060,88
22,A11-e003Coalescence-mGAM-p7,47,H111-e003Coalescence-mGAM-p7_S188,101060,88
23,D8-e003Coalescence-mGAM-p5,61,H111-e003Coalescence-mGAM-p7_S188,101060,88
24,D11-e003Coalescence-mGAM-p7,61,H111-e003Coalescence-mGAM-p7_S188,101060,88
25,A11-e003Coalescence-mGAM-p3,59,H111-e003Coalescence-mGAM-p7_S188,101060,88
26,H111-e003Coalescence-mGAM-p7_S188,88,H111-e003Coalescence-mGAM-p7_S188,101060,88
27,H111-e003Coalescence-mBHI-p3_S144,57,H111-e003Coalescence-mGAM-p7_S188,101060,88
28,H111-e003Coalescence-mGAM-p5_S92,61,H111-e003Coalescence-mGAM-p7_S188,101060,88
29,H8-e003Coalescence-mGAM-p5_S89,52,H111-e003Coalescence-mGAM-p7_S188,101060,88
30,H111-e003Coalescence-mBHI-p5_S44,58,H111-e003Coalescence-mGAM-p7_S188,101060,88
31,E111-e003Coalescence-mGAM-p5_S56,55,H111-e003Coalescence-mGAM-p7_S188,101060,88
32,H111-e003Coalescence-mGAM-p3_S192,67,H111-e003Coalescence-mGAM-p7_S188,101060,88
33,H8-e003Coalescence-mGAM-p7_S185,62,H111-e003Coalescence-mGAM-p7_S188,101060,88
34,B5-e003Coalescence-Inoculumn-mGAM,50,H111-e003Coalescence-mGAM-p7_S188,101060,88
35,D5-e003Coalescence-Inoculumn-mGAM,58,H111-e003Coalescence-mGAM-p7_S188,101060,88
36,A5-e003Coalescence-Inoculumn-mGAM,54,H111-e003Coalescence-mGAM-p7_S188,101060,88
37,D2-e003Coalescence-Inoculumn-mGAM,53,H111-e003Coalescence-mGAM-p7_S188,101060,88
38,D3-e003Coalescence-Inoculumn-mGAM,59,H111-e003Coalescence-mGAM-p7_S188,101060,88
39,C5-e003Coalescence-Inoculumn-mGAM,60,H111-e003Coalescence-mGAM-p7_S188,101060,88
40,E11-e003Coalescence-mGAM-p1_S840,64,H111-e003Coalescence-mGAM-p7_S188,101060,88
41,H8-e003Coalescence-mBHI-p1_S815,47,H111-e003Coalescence-mGAM-p7_S188,101060,88
42,D8-e003Coalescence-mGAM-p1_S755,51,H111-e003Coalescence-mGAM-p7_S188,101060,88
43,H11-e003Coalescence-mGAM-p1_S843,51,H111-e003Coalescence-mGAM-p7_S188,101060,88
44,A11-e003Coalescence-mGAM-p1_S776,29,H111-e003Coalescence-mGAM-p7_S188,101060,88
45,H11-e003Coalescence-mBHI-p1_S839,62,H111-e003Coalescence-mGAM-p7_S188,101060,88
46,E11-e003Coalescence-mBHI-p1_S836,59,H111-e003Coalescence-mGAM-p7_S188,101060,88
47,H8-e003Coalescence-mGAM-p1_S819,58,H111-e003Coalescence-mGAM-p7_S188,101060,88
48,D11-e003Coalescence-mGAM-p1_S779,60,H111-e003Coalescence-mGAM-p7_S188,101060,88
49,D11-e003Coalescence-mBHI-p1_S775,43,H111-e003Coalescence-mGAM-p7_S188,101060,88
50,A11-e003Coalescence-mBHI-p1_S772,24,H111-e003Coalescence-mGAM-p7_S188,101060,88
51,Coalescence-A12-D11-AF-AF-mGAM-mBHI-7_S631,59,H111-e003Coalescence-mGAM-p7_S188,101060,88
52,Coalescence-C3-A11-AA-AF-mGAM-mGAM-5_S646,62,H111-e003Coalescence-mGAM-p7_S188,101060,88
53,Coalescence-F1-D8-AA-AF-mGAM-mGAM-3_S680,59,H111-e003Coalescence-mGAM-p7_S188,101060,88
54,Coalescence-E8-D11-AF-AF-mGAM-mBHI-3_S675,62,H111-e003Coalescence-mGAM-p7_S188,101060,88
55,Coalescence-B5-D8-AA-AF-mGAM-mGAM-7_S636,61,H111-e003Coalescence-mGAM-p7_S188,101060,88
56,Coalescence-F10-H8-AA-AF-mGAM-mGAM-3_S689,65,H111-e003Coalescence-mGAM-p7_S188,101060,88
57,Coalescence-B6-E11-AA-AF-mGAM-mGAM-7_S637,65,H111-e003Coalescence-mGAM-p7_S188,101060,88
58,Coalescence-F3-E11-AA-AF-mGAM-mGAM-3_S682,63,H111-e003Coalescence-mGAM-p7_S188,101060,88
59,B11-e003Assembly-mGAM-p3,23,H111-e003Coalescence-mGAM-p7_S188,101060,88
60,B11-e003Assembly-mGAM-p5,51,H111-e003Coalescence-mGAM-p7_S188,101060,88
61,B11-e003GlycerolRevival-mGAM-p2,45,H111-e003Coalescence-mGAM-p7_S188,101060,88
62,C11-e003Assembly-mGAM-p3,35,H111-e003Coalescence-mGAM-p7_S188,101060,88
63,C11-e003GlycerolRevival-mGAM-p2,35,H111-e003Coalescence-mGAM-p7_S188,101060,88
64,e003-inoculumn-fecal-AF,24,H111-e003Coalescence-mGAM-p7_S188,101060,88
65,C_F4_e003Assembly_6_S256,39,H111-e003Coalescence-mGAM-p7_S188,101060,88
66,C_F8_e003Assembly_6_S260,62,H111-e003Coalescence-mGAM-p7_S188,101060,88
67,C_F12_e003Assembly_4_S264,58,H111-e003Coalescence-mGAM-p7_S188,101060,88
68,D_B8_e003Assembly_S308,55,H111-e003Coalescence-mGAM-p7_S188,101060,88
69,D_F8_e003Assembly_S356,52,H111-e003Coalescence-mGAM-p7_S188,101060,88
70,D_F12_e003Assembly_S360,61,H111-e003Coalescence-mGAM-p7_S188,101060,88
71,C_H2_e003Assembly_S278,67,H111-e003Coalescence-mGAM-p7_S188,101060,88
72,C_H10_H3_ACPP_AF_mBHI_mGAM_4_S286,48,H111-e003Coalescence-mGAM-p7_S188,101060,88
0,A_D8_D11_AF_AF_mGAM_mBHI_2_S44,61,H111-e003Coalescence-mBHI-p3_S144,101060,111
1,A_E8_A11_AF_AA_mGAM_mGAM_2_S56,64,H111-e003Coalescence-mBHI-p3_S144,101060,111
2,A_H5_D8_AA_AF_mGAM_mGAM_2_S89,68,H111-e003Coalescence-mBHI-p3_S144,101060,111
3,A_H8_D11_AF_AF_mGAM_mGAM_2_S92,63,H111-e003Coalescence-mBHI-p3_S144,101060,111
4,B_D8_H11_AF_AF_mGAM_mBHI_2_S140,52,H111-e003Coalescence-mBHI-p3_S144,101060,111
5,B_E8_E11_AF_AA_mGAM_mGAM_2_S152,71,H111-e003Coalescence-mBHI-p3_S144,101060,111
6,B_E12_A11_AF_AA_mGAM_mGAM_4_S156,74,H111-e003Coalescence-mBHI-p3_S144,101060,111
7,B_H5_H8_AA_AF_mGAM_mGAM_2_S185,71,H111-e003Coalescence-mBHI-p3_S144,101060,111
8,B_H8_H11_AF_AF_mGAM_mGAM_2_S188,54,H111-e003Coalescence-mBHI-p3_S144,101060,111
9,B_H9_D8_AA_AF_mGAM_mGAM_4_S189,64,H111-e003Coalescence-mBHI-p3_S144,101060,111
10,C_D8_D11_AF_AF_mGAM_mBHI_6_S236,52,H111-e003Coalescence-mBHI-p3_S144,101060,111
11,C_E8_A11_AF_AA_mGAM_mGAM_6_S248,72,H111-e003Coalescence-mBHI-p3_S144,101060,111
12,C_H5_D8_AA_AF_mGAM_mGAM_6_S281,53,H111-e003Coalescence-mBHI-p3_S144,101060,111
13,C_H8_D11_AF_AF_mGAM_mGAM_6_S284,67,H111-e003Coalescence-mBHI-p3_S144,101060,111
14,D_D8_D11_AF_AF_mGAM_mBHI_6_S332,66,H111-e003Coalescence-mBHI-p3_S144,101060,111
15,D_E8_A11_AF_AA_mGAM_mGAM_6_S344,68,H111-e003Coalescence-mBHI-p3_S144,101060,111
16,D_E12_E11_AF_AA_mGAM_mGAM_4_S348,65,H111-e003Coalescence-mBHI-p3_S144,101060,111
17,D_H5_D8_AA_AF_mGAM_mGAM_6_S377,72,H111-e003Coalescence-mBHI-p3_S144,101060,111
18,D_H8_D11_AF_AF_mGAM_mGAM_6_S380,41,H111-e003Coalescence-mBHI-p3_S144,101060,111
19,D_H9_H8_AA_AF_mGAM_mGAM_4_S381,40,H111-e003Coalescence-mBHI-p3_S144,101060,111
20,D11-e003Coalescence-mBHI-p5,57,H111-e003Coalescence-mBHI-p3_S144,101060,111
21,D11-e003Coalescence-mGAM-p5,70,H111-e003Coalescence-mBHI-p3_S144,101060,111
22,A11-e003Coalescence-mGAM-p7,48,H111-e003Coalescence-mBHI-p3_S144,101060,111
23,D8-e003Coalescence-mGAM-p5,59,H111-e003Coalescence-mBHI-p3_S144,101060,111
24,D11-e003Coalescence-mGAM-p7,74,H111-e003Coalescence-mBHI-p3_S144,101060,111
25,A11-e003Coalescence-mGAM-p3,60,H111-e003Coalescence-mBHI-p3_S144,101060,111
26,H111-e003Coalescence-mGAM-p7_S188,57,H111-e003Coalescence-mBHI-p3_S144,101060,111
27,H111-e003Coalescence-mBHI-p3_S144,111,H111-e003Coalescence-mBHI-p3_S144,101060,111
28,H111-e003Coalescence-mGAM-p5_S92,72,H111-e003Coalescence-mBHI-p3_S144,101060,111
29,H8-e003Coalescence-mGAM-p5_S89,58,H111-e003Coalescence-mBHI-p3_S144,101060,111
30,H111-e003Coalescence-mBHI-p5_S44,66,H111-e003Coalescence-mBHI-p3_S144,101060,111
31,E111-e003Coalescence-mGAM-p5_S56,57,H111-e003Coalescence-mBHI-p3_S144,101060,111
32,H111-e003Coalescence-mGAM-p3_S192,73,H111-e003Coalescence-mBHI-p3_S144,101060,111
33,H8-e003Coalescence-mGAM-p7_S185,69,H111-e003Coalescence-mBHI-p3_S144,101060,111
34,B5-e003Coalescence-Inoculumn-mGAM,55,H111-e003Coalescence-mBHI-p3_S144,101060,111
35,D5-e003Coalescence-Inoculumn-mGAM,64,H111-e003Coalescence-mBHI-p3_S144,101060,111
36,A5-e003Coalescence-Inoculumn-mGAM,58,H111-e003Coalescence-mBHI-p3_S144,101060,111
37,D2-e003Coalescence-Inoculumn-mGAM,56,H111-e003Coalescence-mBHI-p3_S144,101060,111
38,D3-e003Coalescence-Inoculumn-mGAM,67,H111-e003Coalescence-mBHI-p3_S144,101060,111
39,C5-e003Coalescence-Inoculumn-mGAM,73,H111-e003Coalescence-mBHI-p3_S144,101060,111
40,E11-e003Coalescence-mGAM-p1_S840,67,H111-e003Coalescence-mBHI-p3_S144,101060,111
41,H8-e003Coalescence-mBHI-p1_S815,56,H111-e003Coalescence-mBHI-p3_S144,101060,111
42,D8-e003Coalescence-mGAM-p1_S755,59,H111-e003Coalescence-mBHI-p3_S144,101060,111
43,H11-e003Coalescence-mGAM-p1_S843,60,H111-e003Coalescence-mBHI-p3_S144,101060,111
44,A11-e003Coalescence-mGAM-p1_S776,37,H111-e003Coalescence-mBHI-p3_S144,101060,111
45,H11-e003Coalescence-mBHI-p1_S839,66,H111-e003Coalescence-mBHI-p3_S144,101060,111
46,E11-e003Coalescence-mBHI-p1_S836,62,H111-e003Coalescence-mBHI-p3_S144,101060,111
47,H8-e003Coalescence-mGAM-p1_S819,62,H111-e003Coalescence-mBHI-p3_S144,101060,111
48,D11-e003Coalescence-mGAM-p1_S779,64,H111-e003Coalescence-mBHI-p3_S144,101060,111
49,D11-e003Coalescence-mBHI-p1_S775,50,H111-e003Coalescence-mBHI-p3_S144,101060,111
50,A11-e003Coalescence-mBHI-p1_S772,32,H111-e003Coalescence-mBHI-p3_S144,101060,111
51,Coalescence-A12-D11-AF-AF-mGAM-mBHI-7_S631,67,H111-e003Coalescence-mBHI-p3_S144,101060,111
52,Coalescence-C3-A11-AA-AF-mGAM-mGAM-5_S646,68,H111-e003Coalescence-mBHI-p3_S144,101060,111
53,Coalescence-F1-D8-AA-AF-mGAM-mGAM-3_S680,67,H111-e003Coalescence-mBHI-p3_S144,101060,111
54,Coalescence-E8-D11-AF-AF-mGAM-mBHI-3_S675,74,H111-e003Coalescence-mBHI-p3_S144,101060,111
55,Coalescence-B5-D8-AA-AF-mGAM-mGAM-7_S636,63,H111-e003Coalescence-mBHI-p3_S144,101060,111
56,Coalescence-F10-H8-AA-AF-mGAM-mGAM-3_S689,66,H111-e003Coalescence-mBHI-p3_S144,101060,111
57,Coalescence-B6-E11-AA-AF-mGAM-mGAM-7_S637,63,H111-e003Coalescence-mBHI-p3_S144,101060,111
58,Coalescence-F3-E11-AA-AF-mGAM-mGAM-3_S682,68,H111-e003Coalescence-mBHI-p3_S144,101060,111
59,B11-e003Assembly-mGAM-p3,31,H111-e003Coalescence-mBHI-p3_S144,101060,111
60,B11-e003Assembly-mGAM-p5,49,H111-e003Coalescence-mBHI-p3_S144,101060,111
61,B11-e003GlycerolRevival-mGAM-p2,44,H111-e003Coalescence-mBHI-p3_S144,101060,111
62,C11-e003Assembly-mGAM-p3,36,H111-e003Coalescence-mBHI-p3_S144,101060,111
63,C11-e003GlycerolRevival-mGAM-p2,34,H111-e003Coalescence-mBHI-p3_S144,101060,111
64,e003-inoculumn-fecal-AF,28,H111-e003Coalescence-mBHI-p3_S144,101060,111
65,C_F4_e003Assembly_6_S256,43,H111-e003Coalescence-mBHI-p3_S144,101060,111
66,C_F8_e003Assembly_6_S260,62,H111-e003Coalescence-mBHI-p3_S144,101060,111
67,C_F12_e003Assembly_4_S264,58,H111-e003Coalescence-mBHI-p3_S144,101060,111
68,D_B8_e003Assembly_S308,62,H111-e003Coalescence-mBHI-p3_S144,101060,111
69,D_F8_e003Assembly_S356,65,H111-e003Coalescence-mBHI-p3_S144,101060,111
70,D_F12_e003Assembly_S360,76,H111-e003Coalescence-mBHI-p3_S144,101060,111
71,C_H2_e003Assembly_S278,73,H111-e003Coalescence-mBHI-p3_S144,101060,111
72,C_H10_H3_ACPP_AF_mBHI_mGAM_4_S286,56,H111-e003Coalescence-mBHI-p3_S144,101060,111
0,A_D8_D11_AF_AF_mGAM_mBHI_2_S44,59,H111-e003Coalescence-mGAM-p5_S92,101060,101
1,A_E8_A11_AF_AA_mGAM_mGAM_2_S56,65,H111-e003Coalescence-mGAM-p5_S92,101060,101
2,A_H5_D8_AA_AF_mGAM_mGAM_2_S89,66,H111-e003Coalescence-mGAM-p5_S92,101060,101
3,A_H8_D11_AF_AF_mGAM_mGAM_2_S92,69,H111-e003Coalescence-mGAM-p5_S92,101060,101
4,B_D8_H11_AF_AF_mGAM_mBHI_2_S140,50,H111-e003Coalescence-mGAM-p5_S92,101060,101
5,B_E8_E11_AF_AA_mGAM_mGAM_2_S152,69,H111-e003Coalescence-mGAM-p5_S92,101060,101
6,B_E12_A11_AF_AA_mGAM_mGAM_4_S156,69,H111-e003Coalescence-mGAM-p5_S92,101060,101
7,B_H5_H8_AA_AF_mGAM_mGAM_2_S185,71,H111-e003Coalescence-mGAM-p5_S92,101060,101
8,B_H8_H11_AF_AF_mGAM_mGAM_2_S188,54,H111-e003Coalescence-mGAM-p5_S92,101060,101
9,B_H9_D8_AA_AF_mGAM_mGAM_4_S189,69,H111-e003Coalescence-mGAM-p5_S92,101060,101
10,C_D8_D11_AF_AF_mGAM_mBHI_6_S236,51,H111-e003Coalescence-mGAM-p5_S92,101060,101
11,C_E8_A11_AF_AA_mGAM_mGAM_6_S248,66,H111-e003Coalescence-mGAM-p5_S92,101060,101
12,C_H5_D8_AA_AF_mGAM_mGAM_6_S281,52,H111-e003Coalescence-mGAM-p5_S92,101060,101
13,C_H8_D11_AF_AF_mGAM_mGAM_6_S284,62,H111-e003Coalescence-mGAM-p5_S92,101060,101
14,D_D8_D11_AF_AF_mGAM_mBHI_6_S332,62,H111-e003Coalescence-mGAM-p5_S92,101060,101
15,D_E8_A11_AF_AA_mGAM_mGAM_6_S344,69,H111-e003Coalescence-mGAM-p5_S92,101060,101
16,D_E12_E11_AF_AA_mGAM_mGAM_4_S348,72,H111-e003Coalescence-mGAM-p5_S92,101060,101
17,D_H5_D8_AA_AF_mGAM_mGAM_6_S377,66,H111-e003Coalescence-mGAM-p5_S92,101060,101
18,D_H8_D11_AF_AF_mGAM_mGAM_6_S380,46,H111-e003Coalescence-mGAM-p5_S92,101060,101
19,D_H9_H8_AA_AF_mGAM_mGAM_4_S381,41,H111-e003Coalescence-mGAM-p5_S92,101060,101
20,D11-e003Coalescence-mBHI-p5,53,H111-e003Coalescence-mGAM-p5_S92,101060,101
21,D11-e003Coalescence-mGAM-p5,63,H111-e003Coalescence-mGAM-p5_S92,101060,101
22,A11-e003Coalescence-mGAM-p7,46,H111-e003Coalescence-mGAM-p5_S92,101060,101
23,D8-e003Coalescence-mGAM-p5,59,H111-e003Coalescence-mGAM-p5_S92,101060,101
24,D11-e003Coalescence-mGAM-p7,65,H111-e003Coalescence-mGAM-p5_S92,101060,101
25,A11-e003Coalescence-mGAM-p3,57,H111-e003Coalescence-mGAM-p5_S92,101060,101
26,H111-e003Coalescence-mGAM-p7_S188,61,H111-e003Coalescence-mGAM-p5_S92,101060,101
27,H111-e003Coalescence-mBHI-p3_S144,72,H111-e003Coalescence-mGAM-p5_S92,101060,101
28,H111-e003Coalescence-mGAM-p5_S92,101,H111-e003Coalescence-mGAM-p5_S92,101060,101
29,H8-e003Coalescence-mGAM-p5_S89,55,H111-e003Coalescence-mGAM-p5_S92,101060,101
30,H111-e003Coalescence-mBHI-p5_S44,69,H111-e003Coalescence-mGAM-p5_S92,101060,101
31,E111-e003Coalescence-mGAM-p5_S56,52,H111-e003Coalescence-mGAM-p5_S92,101060,101
32,H111-e003Coalescence-mGAM-p3_S192,75,H111-e003Coalescence-mGAM-p5_S92,101060,101
33,H8-e003Coalescence-mGAM-p7_S185,68,H111-e003Coalescence-mGAM-p5_S92,101060,101
34,B5-e003Coalescence-Inoculumn-mGAM,53,H111-e003Coalescence-mGAM-p5_S92,101060,101
35,D5-e003Coalescence-Inoculumn-mGAM,67,H111-e003Coalescence-mGAM-p5_S92,101060,101
36,A5-e003Coalescence-Inoculumn-mGAM,57,H111-e003Coalescence-mGAM-p5_S92,101060,101
37,D2-e003Coalescence-Inoculumn-mGAM,57,H111-e003Coalescence-mGAM-p5_S92,101060,101
38,D3-e003Coalescence-Inoculumn-mGAM,62,H111-e003Coalescence-mGAM-p5_S92,101060,101
39,C5-e003Coalescence-Inoculumn-mGAM,64,H111-e003Coalescence-mGAM-p5_S92,101060,101
40,E11-e003Coalescence-mGAM-p1_S840,62,H111-e003Coalescence-mGAM-p5_S92,101060,101
41,H8-e003Coalescence-mBHI-p1_S815,52,H111-e003Coalescence-mGAM-p5_S92,101060,101
42,D8-e003Coalescence-mGAM-p1_S755,62,H111-e003Coalescence-mGAM-p5_S92,101060,101
43,H11-e003Coalescence-mGAM-p1_S843,58,H111-e003Coalescence-mGAM-p5_S92,101060,101
44,A11-e003Coalescence-mGAM-p1_S776,33,H111-e003Coalescence-mGAM-p5_S92,101060,101
45,H11-e003Coalescence-mBHI-p1_S839,61,H111-e003Coalescence-mGAM-p5_S92,101060,101
46,E11-e003Coalescence-mBHI-p1_S836,62,H111-e003Coalescence-mGAM-p5_S92,101060,101
47,H8-e003Coalescence-mGAM-p1_S819,60,H111-e003Coalescence-mGAM-p5_S92,101060,101
48,D11-e003Coalescence-mGAM-p1_S779,66,H111-e003Coalescence-mGAM-p5_S92,101060,101
49,D11-e003Coalescence-mBHI-p1_S775,48,H111-e003Coalescence-mGAM-p5_S92,101060,101
50,A11-e003Coalescence-mBHI-p1_S772,32,H111-e003Coalescence-mGAM-p5_S92,101060,101
51,Coalescence-A12-D11-AF-AF-mGAM-mBHI-7_S631,67,H111-e003Coalescence-mGAM-p5_S92,101060,101
52,Coalescence-C3-A11-AA-AF-mGAM-mGAM-5_S646,60,H111-e003Coalescence-mGAM-p5_S92,101060,101
53,Coalescence-F1-D8-AA-AF-mGAM-mGAM-3_S680,65,H111-e003Coalescence-mGAM-p5_S92,101060,101
54,Coalescence-E8-D11-AF-AF-mGAM-mBHI-3_S675,70,H111-e003Coalescence-mGAM-p5_S92,101060,101
55,Coalescence-B5-D8-AA-AF-mGAM-mGAM-7_S636,62,H111-e003Coalescence-mGAM-p5_S92,101060,101
56,Coalescence-F10-H8-AA-AF-mGAM-mGAM-3_S689,67,H111-e003Coalescence-mGAM-p5_S92,101060,101
57,Coalescence-B6-E11-AA-AF-mGAM-mGAM-7_S637,65,H111-e003Coalescence-mGAM-p5_S92,101060,101
58,Coalescence-F3-E11-AA-AF-mGAM-mGAM-3_S682,65,H111-e003Coalescence-mGAM-p5_S92,101060,101
59,B11-e003Assembly-mGAM-p3,22,H111-e003Coalescence-mGAM-p5_S92,101060,101
60,B11-e003Assembly-mGAM-p5,48,H111-e003Coalescence-mGAM-p5_S92,101060,101
61,B11-e003GlycerolRevival-mGAM-p2,49,H111-e003Coalescence-mGAM-p5_S92,101060,101
62,C11-e003Assembly-mGAM-p3,37,H111-e003Coalescence-mGAM-p5_S92,101060,101
63,C11-e003GlycerolRevival-mGAM-p2,32,H111-e003Coalescence-mGAM-p5_S92,101060,101
64,e003-inoculumn-fecal-AF,31,H111-e003Coalescence-mGAM-p5_S92,101060,101
65,C_F4_e003Assembly_6_S256,45,H111-e003Coalescence-mGAM-p5_S92,101060,101
66,C_F8_e003Assembly_6_S260,72,H111-e003Coalescence-mGAM-p5_S92,101060,101
67,C_F12_e003Assembly_4_S264,61,H111-e003Coalescence-mGAM-p5_S92,101060,101
68,D_B8_e003Assembly_S308,61,H111-e003Coalescence-mGAM-p5_S92,101060,101
69,D_F8_e003Assembly_S356,64,H111-e003Coalescence-mGAM-p5_S92,101060,101
70,D_F12_e003Assembly_S360,71,H111-e003Coalescence-mGAM-p5_S92,101060,101
71,C_H2_e003Assembly_S278,70,H111-e003Coalescence-mGAM-p5_S92,101060,101
72,C_H10_H3_ACPP_AF_mBHI_mGAM_4_S286,47,H111-e003Coalescence-mGAM-p5_S92,101060,101
0,A_D8_D11_AF_AF_mGAM_mBHI_2_S44,55,H8-e003Coalescence-mGAM-p5_S89,101060,120
1,A_E8_A11_AF_AA_mGAM_mGAM_2_S56,57,H8-e003Coalescence-mGAM-p5_S89,101060,120
2,A_H5_D8_AA_AF_mGAM_mGAM_2_S89,51,H8-e003Coalescence-mGAM-p5_S89,101060,120
3,A_H8_D11_AF_AF_mGAM_mGAM_2_S92,53,H8-e003Coalescence-mGAM-p5_S89,101060,120
4,B_D8_H11_AF_AF_mGAM_mBHI_2_S140,41,H8-e003Coalescence-mGAM-p5_S89,101060,120
5,B_E8_E11_AF_AA_mGAM_mGAM_2_S152,63,H8-e003Coalescence-mGAM-p5_S89,101060,120
6,B_E12_A11_AF_AA_mGAM_mGAM_4_S156,52,H8-e003Coalescence-mGAM-p5_S89,101060,120
7,B_H5_H8_AA_AF_mGAM_mGAM_2_S185,60,H8-e003Coalescence-mGAM-p5_S89,101060,120
8,B_H8_H11_AF_AF_mGAM_mGAM_2_S188,53,H8-e003Coalescence-mGAM-p5_S89,101060,120
9,B_H9_D8_AA_AF_mGAM_mGAM_4_S189,50,H8-e003Coalescence-mGAM-p5_S89,101060,120
10,C_D8_D11_AF_AF_mGAM_mBHI_6_S236,47,H8-e003Coalescence-mGAM-p5_S89,101060,120
11,C_E8_A11_AF_AA_mGAM_mGAM_6_S248,61,H8-e003Coalescence-mGAM-p5_S89,101060,120
12,C_H5_D8_AA_AF_mGAM_mGAM_6_S281,46,H8-e003Coalescence-mGAM-p5_S89,101060,120
13,C_H8_D11_AF_AF_mGAM_mGAM_6_S284,60,H8-e003Coalescence-mGAM-p5_S89,101060,120
14,D_D8_D11_AF_AF_mGAM_mBHI_6_S332,50,H8-e003Coalescence-mGAM-p5_S89,101060,120
15,D_E8_A11_AF_AA_mGAM_mGAM_6_S344,54,H8-e003Coalescence-mGAM-p5_S89,101060,120
16,D_E12_E11_AF_AA_mGAM_mGAM_4_S348,55,H8-e003Coalescence-mGAM-p5_S89,101060,120
17,D_H5_D8_AA_AF_mGAM_mGAM_6_S377,60,H8-e003Coalescence-mGAM-p5_S89,101060,120
18,D_H8_D11_AF_AF_mGAM_mGAM_6_S380,32,H8-e003Coalescence-mGAM-p5_S89,101060,120
19,D_H9_H8_AA_AF_mGAM_mGAM_4_S381,34,H8-e003Coalescence-mGAM-p5_S89,101060,120
20,D11-e003Coalescence-mBHI-p5,49,H8-e003Coalescence-mGAM-p5_S89,101060,120
21,D11-e003Coalescence-mGAM-p5,55,H8-e003Coalescence-mGAM-p5_S89,101060,120
22,A11-e003Coalescence-mGAM-p7,44,H8-e003Coalescence-mGAM-p5_S89,101060,120
23,D8-e003Coalescence-mGAM-p5,54,H8-e003Coalescence-mGAM-p5_S89,101060,120
24,D11-e003Coalescence-mGAM-p7,59,H8-e003Coalescence-mGAM-p5_S89,101060,120
25,A11-e003Coalescence-mGAM-p3,49,H8-e003Coalescence-mGAM-p5_S89,101060,120
26,H111-e003Coalescence-mGAM-p7_S188,52,H8-e003Coalescence-mGAM-p5_S89,101060,120
27,H111-e003Coalescence-mBHI-p3_S144,58,H8-e003Coalescence-mGAM-p5_S89,101060,120
28,H111-e003Coalescence-mGAM-p5_S92,55,H8-e003Coalescence-mGAM-p5_S89,101060,120
29,H8-e003Coalescence-mGAM-p5_S89,120,H8-e003Coalescence-mGAM-p5_S89,101060,120
30,H111-e003Coalescence-mBHI-p5_S44,56,H8-e003Coalescence-mGAM-p5_S89,101060,120
31,E111-e003Coalescence-mGAM-p5_S56,52,H8-e003Coalescence-mGAM-p5_S89,101060,120
32,H111-e003Coalescence-mGAM-p3_S192,60,H8-e003Coalescence-mGAM-p5_S89,101060,120
33,H8-e003Coalescence-mGAM-p7_S185,57,H8-e003Coalescence-mGAM-p5_S89,101060,120
34,B5-e003Coalescence-Inoculumn-mGAM,44,H8-e003Coalescence-mGAM-p5_S89,101060,120
35,D5-e003Coalescence-Inoculumn-mGAM,48,H8-e003Coalescence-mGAM-p5_S89,101060,120
36,A5-e003Coalescence-Inoculumn-mGAM,48,H8-e003Coalescence-mGAM-p5_S89,101060,120
37,D2-e003Coalescence-Inoculumn-mGAM,52,H8-e003Coalescence-mGAM-p5_S89,101060,120
38,D3-e003Coalescence-Inoculumn-mGAM,54,H8-e003Coalescence-mGAM-p5_S89,101060,120
39,C5-e003Coalescence-Inoculumn-mGAM,60,H8-e003Coalescence-mGAM-p5_S89,101060,120
40,E11-e003Coalescence-mGAM-p1_S840,54,H8-e003Coalescence-mGAM-p5_S89,101060,120
41,H8-e003Coalescence-mBHI-p1_S815,51,H8-e003Coalescence-mGAM-p5_S89,101060,120
42,D8-e003Coalescence-mGAM-p1_S755,57,H8-e003Coalescence-mGAM-p5_S89,101060,120
43,H11-e003Coalescence-mGAM-p1_S843,47,H8-e003Coalescence-mGAM-p5_S89,101060,120
44,A11-e003Coalescence-mGAM-p1_S776,28,H8-e003Coalescence-mGAM-p5_S89,101060,120
45,H11-e003Coalescence-mBHI-p1_S839,54,H8-e003Coalescence-mGAM-p5_S89,101060,120
46,E11-e003Coalescence-mBHI-p1_S836,54,H8-e003Coalescence-mGAM-p5_S89,101060,120
47,H8-e003Coalescence-mGAM-p1_S819,53,H8-e003Coalescence-mGAM-p5_S89,101060,120
48,D11-e003Coalescence-mGAM-p1_S779,57,H8-e003Coalescence-mGAM-p5_S89,101060,120
49,D11-e003Coalescence-mBHI-p1_S775,42,H8-e003Coalescence-mGAM-p5_S89,101060,120
50,A11-e003Coalescence-mBHI-p1_S772,22,H8-e003Coalescence-mGAM-p5_S89,101060,120
51,Coalescence-A12-D11-AF-AF-mGAM-mBHI-7_S631,55,H8-e003Coalescence-mGAM-p5_S89,101060,120
52,Coalescence-C3-A11-AA-AF-mGAM-mGAM-5_S646,59,H8-e003Coalescence-mGAM-p5_S89,101060,120
53,Coalescence-F1-D8-AA-AF-mGAM-mGAM-3_S680,54,H8-e003Coalescence-mGAM-p5_S89,101060,120
54,Coalescence-E8-D11-AF-AF-mGAM-mBHI-3_S675,60,H8-e003Coalescence-mGAM-p5_S89,101060,120
55,Coalescence-B5-D8-AA-AF-mGAM-mGAM-7_S636,54,H8-e003Coalescence-mGAM-p5_S89,101060,120
56,Coalescence-F10-H8-AA-AF-mGAM-mGAM-3_S689,59,H8-e003Coalescence-mGAM-p5_S89,101060,120
57,Coalescence-B6-E11-AA-AF-mGAM-mGAM-7_S637,55,H8-e003Coalescence-mGAM-p5_S89,101060,120
58,Coalescence-F3-E11-AA-AF-mGAM-mGAM-3_S682,63,H8-e003Coalescence-mGAM-p5_S89,101060,120
59,B11-e003Assembly-mGAM-p3,25,H8-e003Coalescence-mGAM-p5_S89,101060,120
60,B11-e003Assembly-mGAM-p5,39,H8-e003Coalescence-mGAM-p5_S89,101060,120
61,B11-e003GlycerolRevival-mGAM-p2,37,H8-e003Coalescence-mGAM-p5_S89,101060,120
62,C11-e003Assembly-mGAM-p3,32,H8-e003Coalescence-mGAM-p5_S89,101060,120
63,C11-e003GlycerolRevival-mGAM-p2,30,H8-e003Coalescence-mGAM-p5_S89,101060,120
64,e003-inoculumn-fecal-AF,24,H8-e003Coalescence-mGAM-p5_S89,101060,120
65,C_F4_e003Assembly_6_S256,32,H8-e003Coalescence-mGAM-p5_S89,101060,120
66,C_F8_e003Assembly_6_S260,58,H8-e003Coalescence-mGAM-p5_S89,101060,120
67,C_F12_e003Assembly_4_S264,49,H8-e003Coalescence-mGAM-p5_S89,101060,120
68,D_B8_e003Assembly_S308,58,H8-e003Coalescence-mGAM-p5_S89,101060,120
69,D_F8_e003Assembly_S356,54,H8-e003Coalescence-mGAM-p5_S89,101060,120
70,D_F12_e003Assembly_S360,61,H8-e003Coalescence-mGAM-p5_S89,101060,120
71,C_H2_e003Assembly_S278,55,H8-e003Coalescence-mGAM-p5_S89,101060,120
72,C_H10_H3_ACPP_AF_mBHI_mGAM_4_S286,48,H8-e003Coalescence-mGAM-p5_S89,101060,120
0,A_D8_D11_AF_AF_mGAM_mBHI_2_S44,63,H111-e003Coalescence-mBHI-p5_S44,101060,210
1,A_E8_A11_AF_AA_mGAM_mGAM_2_S56,69,H111-e003Coalescence-mBHI-p5_S44,101060,210
2,A_H5_D8_AA_AF_mGAM_mGAM_2_S89,65,H111-e003Coalescence-mBHI-p5_S44,101060,210
3,A_H8_D11_AF_AF_mGAM_mGAM_2_S92,72,H111-e003Coalescence-mBHI-p5_S44,101060,210
4,B_D8_H11_AF_AF_mGAM_mBHI_2_S140,54,H111-e003Coalescence-mBHI-p5_S44,101060,210
5,B_E8_E11_AF_AA_mGAM_mGAM_2_S152,65,H111-e003Coalescence-mBHI-p5_S44,101060,210
6,B_E12_A11_AF_AA_mGAM_mGAM_4_S156,65,H111-e003Coalescence-mBHI-p5_S44,101060,210
7,B_H5_H8_AA_AF_mGAM_mGAM_2_S185,67,H111-e003Coalescence-mBHI-p5_S44,101060,210
8,B_H8_H11_AF_AF_mGAM_mGAM_2_S188,56,H111-e003Coalescence-mBHI-p5_S44,101060,210
9,B_H9_D8_AA_AF_mGAM_mGAM_4_S189,78,H111-e003Coalescence-mBHI-p5_S44,101060,210
10,C_D8_D11_AF_AF_mGAM_mBHI_6_S236,50,H111-e003Coalescence-mBHI-p5_S44,101060,210
11,C_E8_A11_AF_AA_mGAM_mGAM_6_S248,73,H111-e003Coalescence-mBHI-p5_S44,101060,210
12,C_H5_D8_AA_AF_mGAM_mGAM_6_S281,52,H111-e003Coalescence-mBHI-p5_S44,101060,210
13,C_H8_D11_AF_AF_mGAM_mGAM_6_S284,59,H111-e003Coalescence-mBHI-p5_S44,101060,210
14,D_D8_D11_AF_AF_mGAM_mBHI_6_S332,72,H111-e003Coalescence-mBHI-p5_S44,101060,210
15,D_E8_A11_AF_AA_mGAM_mGAM_6_S344,67,H111-e003Coalescence-mBHI-p5_S44,101060,210
16,D_E12_E11_AF_AA_mGAM_mGAM_4_S348,64,H111-e003Coalescence-mBHI-p5_S44,101060,210
17,D_H5_D8_AA_AF_mGAM_mGAM_6_S377,70,H111-e003Coalescence-mBHI-p5_S44,101060,210
18,D_H8_D11_AF_AF_mGAM_mGAM_6_S380,39,H111-e003Coalescence-mBHI-p5_S44,101060,210
19,D_H9_H8_AA_AF_mGAM_mGAM_4_S381,43,H111-e003Coalescence-mBHI-p5_S44,101060,210
20,D11-e003Coalescence-mBHI-p5,57,H111-e003Coalescence-mBHI-p5_S44,101060,210
21,D11-e003Coalescence-mGAM-p5,69,H111-e003Coalescence-mBHI-p5_S44,101060,210
22,A11-e003Coalescence-mGAM-p7,55,H111-e003Coalescence-mBHI-p5_S44,101060,210
23,D8-e003Coalescence-mGAM-p5,63,H111-e003Coalescence-mBHI-p5_S44,101060,210
24,D11-e003Coalescence-mGAM-p7,68,H111-e003Coalescence-mBHI-p5_S44,101060,210
25,A11-e003Coalescence-mGAM-p3,56,H111-e003Coalescence-mBHI-p5_S44,101060,210
26,H111-e003Coalescence-mGAM-p7_S188,58,H111-e003Coalescence-mBHI-p5_S44,101060,210
27,H111-e003Coalescence-mBHI-p3_S144,66,H111-e003Coalescence-mBHI-p5_S44,101060,210
28,H111-e003Coalescence-mGAM-p5_S92,69,H111-e003Coalescence-mBHI-p5_S44,101060,210
29,H8-e003Coalescence-mGAM-p5_S89,56,H111-e003Coalescence-mBHI-p5_S44,101060,210
30,H111-e003Coalescence-mBHI-p5_S44,210,H111-e003Coalescence-mBHI-p5_S44,101060,210
31,E111-e003Coalescence-mGAM-p5_S56,58,H111-e003Coalescence-mBHI-p5_S44,101060,210
32,H111-e003Coalescence-mGAM-p3_S192,69,H111-e003Coalescence-mBHI-p5_S44,101060,210
33,H8-e003Coalescence-mGAM-p7_S185,63,H111-e003Coalescence-mBHI-p5_S44,101060,210
34,B5-e003Coalescence-Inoculumn-mGAM,51,H111-e003Coalescence-mBHI-p5_S44,101060,210
35,D5-e003Coalescence-Inoculumn-mGAM,64,H111-e003Coalescence-mBHI-p5_S44,101060,210
36,A5-e003Coalescence-Inoculumn-mGAM,58,H111-e003Coalescence-mBHI-p5_S44,101060,210
37,D2-e003Coalescence-Inoculumn-mGAM,65,H111-e003Coalescence-mBHI-p5_S44,101060,210
38,D3-e003Coalescence-Inoculumn-mGAM,68,H111-e003Coalescence-mBHI-p5_S44,101060,210
39,C5-e003Coalescence-Inoculumn-mGAM,65,H111-e003Coalescence-mBHI-p5_S44,101060,210
40,E11-e003Coalescence-mGAM-p1_S840,66,H111-e003Coalescence-mBHI-p5_S44,101060,210
41,H8-e003Coalescence-mBHI-p1_S815,59,H111-e003Coalescence-mBHI-p5_S44,101060,210
42,D8-e003Coalescence-mGAM-p1_S755,63,H111-e003Coalescence-mBHI-p5_S44,101060,210
43,H11-e003Coalescence-mGAM-p1_S843,52,H111-e003Coalescence-mBHI-p5_S44,101060,210
44,A11-e003Coalescence-mGAM-p1_S776,32,H111-e003Coalescence-mBHI-p5_S44,101060,210
45,H11-e003Coalescence-mBHI-p1_S839,71,H111-e003Coalescence-mBHI-p5_S44,101060,210
46,E11-e003Coalescence-mBHI-p1_S836,63,H111-e003Coalescence-mBHI-p5_S44,101060,210
47,H8-e003Coalescence-mGAM-p1_S819,60,H111-e003Coalescence-mBHI-p5_S44,101060,210
48,D11-e003Coalescence-mGAM-p1_S779,61,H111-e003Coalescence-mBHI-p5_S44,101060,210
49,D11-e003Coalescence-mBHI-p1_S775,49,H111-e003Coalescence-mBHI-p5_S44,101060,210
50,A11-e003Coalescence-mBHI-p1_S772,36,H111-e003Coalescence-mBHI-p5_S44,101060,210
51,Coalescence-A12-D11-AF-AF-mGAM-mBHI-7_S631,70,H111-e003Coalescence-mBHI-p5_S44,101060,210
52,Coalescence-C3-A11-AA-AF-mGAM-mGAM-5_S646,65,H111-e003Coalescence-mBHI-p5_S44,101060,210
53,Coalescence-F1-D8-AA-AF-mGAM-mGAM-3_S680,59,H111-e003Coalescence-mBHI-p5_S44,101060,210
54,Coalescence-E8-D11-AF-AF-mGAM-mBHI-3_S675,69,H111-e003Coalescence-mBHI-p5_S44,101060,210
55,Coalescence-B5-D8-AA-AF-mGAM-mGAM-7_S636,59,H111-e003Coalescence-mBHI-p5_S44,101060,210
56,Coalescence-F10-H8-AA-AF-mGAM-mGAM-3_S689,65,H111-e003Coalescence-mBHI-p5_S44,101060,210
57,Coalescence-B6-E11-AA-AF-mGAM-mGAM-7_S637,70,H111-e003Coalescence-mBHI-p5_S44,101060,210
58,Coalescence-F3-E11-AA-AF-mGAM-mGAM-3_S682,65,H111-e003Coalescence-mBHI-p5_S44,101060,210
59,B11-e003Assembly-mGAM-p3,31,H111-e003Coalescence-mBHI-p5_S44,101060,210
60,B11-e003Assembly-mGAM-p5,60,H111-e003Coalescence-mBHI-p5_S44,101060,210
61,B11-e003GlycerolRevival-mGAM-p2,43,H111-e003Coalescence-mBHI-p5_S44,101060,210
62,C11-e003Assembly-mGAM-p3,42,H111-e003Coalescence-mBHI-p5_S44,101060,210
63,C11-e003GlycerolRevival-mGAM-p2,39,H111-e003Coalescence-mBHI-p5_S44,101060,210
64,e003-inoculumn-fecal-AF,28,H111-e003Coalescence-mBHI-p5_S44,101060,210
65,C_F4_e003Assembly_6_S256,41,H111-e003Coalescence-mBHI-p5_S44,101060,210
66,C_F8_e003Assembly_6_S260,65,H111-e003Coalescence-mBHI-p5_S44,101060,210
67,C_F12_e003Assembly_4_S264,66,H111-e003Coalescence-mBHI-p5_S44,101060,210
68,D_B8_e003Assembly_S308,60,H111-e003Coalescence-mBHI-p5_S44,101060,210
69,D_F8_e003Assembly_S356,54,H111-e003Coalescence-mBHI-p5_S44,101060,210
70,D_F12_e003Assembly_S360,72,H111-e003Coalescence-mBHI-p5_S44,101060,210
71,C_H2_e003Assembly_S278,72,H111-e003Coalescence-mBHI-p5_S44,101060,210
72,C_H10_H3_ACPP_AF_mBHI_mGAM_4_S286,55,H111-e003Coalescence-mBHI-p5_S44,101060,210
0,A_D8_D11_AF_AF_mGAM_mBHI_2_S44,55,E111-e003Coalescence-mGAM-p5_S56,101060,166
1,A_E8_A11_AF_AA_mGAM_mGAM_2_S56,62,E111-e003Coalescence-mGAM-p5_S56,101060,166
2,A_H5_D8_AA_AF_mGAM_mGAM_2_S89,65,E111-e003Coalescence-mGAM-p5_S56,101060,166
3,A_H8_D11_AF_AF_mGAM_mGAM_2_S92,62,E111-e003Coalescence-mGAM-p5_S56,101060,166
4,B_D8_H11_AF_AF_mGAM_mBHI_2_S140,37,E111-e003Coalescence-mGAM-p5_S56,101060,166
5,B_E8_E11_AF_AA_mGAM_mGAM_2_S152,60,E111-e003Coalescence-mGAM-p5_S56,101060,166
6,B_E12_A11_AF_AA_mGAM_mGAM_4_S156,58,E111-e003Coalescence-mGAM-p5_S56,101060,166
7,B_H5_H8_AA_AF_mGAM_mGAM_2_S185,62,E111-e003Coalescence-mGAM-p5_S56,101060,166
8,B_H8_H11_AF_AF_mGAM_mGAM_2_S188,59,E111-e003Coalescence-mGAM-p5_S56,101060,166
9,B_H9_D8_AA_AF_mGAM_mGAM_4_S189,56,E111-e003Coalescence-mGAM-p5_S56,101060,166
10,C_D8_D11_AF_AF_mGAM_mBHI_6_S236,49,E111-e003Coalescence-mGAM-p5_S56,101060,166
11,C_E8_A11_AF_AA_mGAM_mGAM_6_S248,71,E111-e003Coalescence-mGAM-p5_S56,101060,166
12,C_H5_D8_AA_AF_mGAM_mGAM_6_S281,46,E111-e003Coalescence-mGAM-p5_S56,101060,166
13,C_H8_D11_AF_AF_mGAM_mGAM_6_S284,63,E111-e003Coalescence-mGAM-p5_S56,101060,166
14,D_D8_D11_AF_AF_mGAM_mBHI_6_S332,55,E111-e003Coalescence-mGAM-p5_S56,101060,166
15,D_E8_A11_AF_AA_mGAM_mGAM_6_S344,59,E111-e003Coalescence-mGAM-p5_S56,101060,166
16,D_E12_E11_AF_AA_mGAM_mGAM_4_S348,61,E111-e003Coalescence-mGAM-p5_S56,101060,166
17,D_H5_D8_AA_AF_mGAM_mGAM_6_S377,65,E111-e003Coalescence-mGAM-p5_S56,101060,166
18,D_H8_D11_AF_AF_mGAM_mGAM_6_S380,41,E111-e003Coalescence-mGAM-p5_S56,101060,166
19,D_H9_H8_AA_AF_mGAM_mGAM_4_S381,35,E111-e003Coalescence-mGAM-p5_S56,101060,166
20,D11-e003Coalescence-mBHI-p5,51,E111-e003Coalescence-mGAM-p5_S56,101060,166
21,D11-e003Coalescence-mGAM-p5,53,E111-e003Coalescence-mGAM-p5_S56,101060,166
22,A11-e003Coalescence-mGAM-p7,51,E111-e003Coalescence-mGAM-p5_S56,101060,166
23,D8-e003Coalescence-mGAM-p5,51,E111-e003Coalescence-mGAM-p5_S56,101060,166
24,D11-e003Coalescence-mGAM-p7,57,E111-e003Coalescence-mGAM-p5_S56,101060,166
25,A11-e003Coalescence-mGAM-p3,60,E111-e003Coalescence-mGAM-p5_S56,101060,166
26,H111-e003Coalescence-mGAM-p7_S188,55,E111-e003Coalescence-mGAM-p5_S56,101060,166
27,H111-e003Coalescence-mBHI-p3_S144,57,E111-e003Coalescence-mGAM-p5_S56,101060,166
28,H111-e003Coalescence-mGAM-p5_S92,52,E111-e003Coalescence-mGAM-p5_S56,101060,166
29,H8-e003Coalescence-mGAM-p5_S89,52,E111-e003Coalescence-mGAM-p5_S56,101060,166
30,H111-e003Coalescence-mBHI-p5_S44,58,E111-e003Coalescence-mGAM-p5_S56,101060,166
31,E111-e003Coalescence-mGAM-p5_S56,166,E111-e003Coalescence-mGAM-p5_S56,101060,166
32,H111-e003Coalescence-mGAM-p3_S192,62,E111-e003Coalescence-mGAM-p5_S56,101060,166
33,H8-e003Coalescence-mGAM-p7_S185,54,E111-e003Coalescence-mGAM-p5_S56,101060,166
34,B5-e003Coalescence-Inoculumn-mGAM,53,E111-e003Coalescence-mGAM-p5_S56,101060,166
35,D5-e003Coalescence-Inoculumn-mGAM,48,E111-e003Coalescence-mGAM-p5_S56,101060,166
36,A5-e003Coalescence-Inoculumn-mGAM,54,E111-e003Coalescence-mGAM-p5_S56,101060,166
37,D2-e003Coalescence-Inoculumn-mGAM,50,E111-e003Coalescence-mGAM-p5_S56,101060,166
38,D3-e003Coalescence-Inoculumn-mGAM,60,E111-e003Coalescence-mGAM-p5_S56,101060,166
39,C5-e003Coalescence-Inoculumn-mGAM,73,E111-e003Coalescence-mGAM-p5_S56,101060,166
40,E11-e003Coalescence-mGAM-p1_S840,64,E111-e003Coalescence-mGAM-p5_S56,101060,166
41,H8-e003Coalescence-mBHI-p1_S815,60,E111-e003Coalescence-mGAM-p5_S56,101060,166
42,D8-e003Coalescence-mGAM-p1_S755,69,E111-e003Coalescence-mGAM-p5_S56,101060,166
43,H11-e003Coalescence-mGAM-p1_S843,50,E111-e003Coalescence-mGAM-p5_S56,101060,166
44,A11-e003Coalescence-mGAM-p1_S776,25,E111-e003Coalescence-mGAM-p5_S56,101060,166
45,H11-e003Coalescence-mBHI-p1_S839,58,E111-e003Coalescence-mGAM-p5_S56,101060,166
46,E11-e003Coalescence-mBHI-p1_S836,57,E111-e003Coalescence-mGAM-p5_S56,101060,166
47,H8-e003Coalescence-mGAM-p1_S819,55,E111-e003Coalescence-mGAM-p5_S56,101060,166
48,D11-e003Coalescence-mGAM-p1_S779,62,E111-e003Coalescence-mGAM-p5_S56,101060,166
49,D11-e003Coalescence-mBHI-p1_S775,43,E111-e003Coalescence-mGAM-p5_S56,101060,166
50,A11-e003Coalescence-mBHI-p1_S772,28,E111-e003Coalescence-mGAM-p5_S56,101060,166
51,Coalescence-A12-D11-AF-AF-mGAM-mBHI-7_S631,63,E111-e003Coalescence-mGAM-p5_S56,101060,166
52,Coalescence-C3-A11-AA-AF-mGAM-mGAM-5_S646,64,E111-e003Coalescence-mGAM-p5_S56,101060,166
53,Coalescence-F1-D8-AA-AF-mGAM-mGAM-3_S680,61,E111-e003Coalescence-mGAM-p5_S56,101060,166
54,Coalescence-E8-D11-AF-AF-mGAM-mBHI-3_S675,57,E111-e003Coalescence-mGAM-p5_S56,101060,166
55,Coalescence-B5-D8-AA-AF-mGAM-mGAM-7_S636,59,E111-e003Coalescence-mGAM-p5_S56,101060,166
56,Coalescence-F10-H8-AA-AF-mGAM-mGAM-3_S689,62,E111-e003Coalescence-mGAM-p5_S56,101060,166
57,Coalescence-B6-E11-AA-AF-mGAM-mGAM-7_S637,66,E111-e003Coalescence-mGAM-p5_S56,101060,166
58,Coalescence-F3-E11-AA-AF-mGAM-mGAM-3_S682,65,E111-e003Coalescence-mGAM-p5_S56,101060,166
59,B11-e003Assembly-mGAM-p3,21,E111-e003Coalescence-mGAM-p5_S56,101060,166
60,B11-e003Assembly-mGAM-p5,51,E111-e003Coalescence-mGAM-p5_S56,101060,166
61,B11-e003GlycerolRevival-mGAM-p2,40,E111-e003Coalescence-mGAM-p5_S56,101060,166
62,C11-e003Assembly-mGAM-p3,34,E111-e003Coalescence-mGAM-p5_S56,101060,166
63,C11-e003GlycerolRevival-mGAM-p2,26,E111-e003Coalescence-mGAM-p5_S56,101060,166
64,e003-inoculumn-fecal-AF,26,E111-e003Coalescence-mGAM-p5_S56,101060,166
65,C_F4_e003Assembly_6_S256,30,E111-e003Coalescence-mGAM-p5_S56,101060,166
66,C_F8_e003Assembly_6_S260,59,E111-e003Coalescence-mGAM-p5_S56,101060,166
67,C_F12_e003Assembly_4_S264,57,E111-e003Coalescence-mGAM-p5_S56,101060,166
68,D_B8_e003Assembly_S308,57,E111-e003Coalescence-mGAM-p5_S56,101060,166
69,D_F8_e003Assembly_S356,59,E111-e003Coalescence-mGAM-p5_S56,101060,166
70,D_F12_e003Assembly_S360,64,E111-e003Coalescence-mGAM-p5_S56,101060,166
71,C_H2_e003Assembly_S278,66,E111-e003Coalescence-mGAM-p5_S56,101060,166
72,C_H10_H3_ACPP_AF_mBHI_mGAM_4_S286,54,E111-e003Coalescence-mGAM-p5_S56,101060,166
0,A_D8_D11_AF_AF_mGAM_mBHI_2_S44,68,H111-e003Coalescence-mGAM-p3_S192,101060,110
1,A_E8_A11_AF_AA_mGAM_mGAM_2_S56,79,H111-e003Coalescence-mGAM-p3_S192,101060,110
2,A_H5_D8_AA_AF_mGAM_mGAM_2_S89,69,H111-e003Coalescence-mGAM-p3_S192,101060,110
3,A_H8_D11_AF_AF_mGAM_mGAM_2_S92,73,H111-e003Coalescence-mGAM-p3_S192,101060,110
4,B_D8_H11_AF_AF_mGAM_mBHI_2_S140,53,H111-e003Coalescence-mGAM-p3_S192,101060,110
5,B_E8_E11_AF_AA_mGAM_mGAM_2_S152,71,H111-e003Coalescence-mGAM-p3_S192,101060,110
6,B_E12_A11_AF_AA_mGAM_mGAM_4_S156,72,H111-e003Coalescence-mGAM-p3_S192,101060,110
7,B_H5_H8_AA_AF_mGAM_mGAM_2_S185,74,H111-e003Coalescence-mGAM-p3_S192,101060,110
8,B_H8_H11_AF_AF_mGAM_mGAM_2_S188,58,H111-e003Coalescence-mGAM-p3_S192,101060,110
9,B_H9_D8_AA_AF_mGAM_mGAM_4_S189,70,H111-e003Coalescence-mGAM-p3_S192,101060,110
10,C_D8_D11_AF_AF_mGAM_mBHI_6_S236,55,H111-e003Coalescence-mGAM-p3_S192,101060,110
11,C_E8_A11_AF_AA_mGAM_mGAM_6_S248,69,H111-e003Coalescence-mGAM-p3_S192,101060,110
12,C_H5_D8_AA_AF_mGAM_mGAM_6_S281,51,H111-e003Coalescence-mGAM-p3_S192,101060,110
13,C_H8_D11_AF_AF_mGAM_mGAM_6_S284,68,H111-e003Coalescence-mGAM-p3_S192,101060,110
14,D_D8_D11_AF_AF_mGAM_mBHI_6_S332,66,H111-e003Coalescence-mGAM-p3_S192,101060,110
15,D_E8_A11_AF_AA_mGAM_mGAM_6_S344,75,H111-e003Coalescence-mGAM-p3_S192,101060,110
16,D_E12_E11_AF_AA_mGAM_mGAM_4_S348,74,H111-e003Coalescence-mGAM-p3_S192,101060,110
17,D_H5_D8_AA_AF_mGAM_mGAM_6_S377,71,H111-e003Coalescence-mGAM-p3_S192,101060,110
18,D_H8_D11_AF_AF_mGAM_mGAM_6_S380,43,H111-e003Coalescence-mGAM-p3_S192,101060,110
19,D_H9_H8_AA_AF_mGAM_mGAM_4_S381,46,H111-e003Coalescence-mGAM-p3_S192,101060,110
20,D11-e003Coalescence-mBHI-p5,63,H111-e003Coalescence-mGAM-p3_S192,101060,110
21,D11-e003Coalescence-mGAM-p5,70,H111-e003Coalescence-mGAM-p3_S192,101060,110
22,A11-e003Coalescence-mGAM-p7,51,H111-e003Coalescence-mGAM-p3_S192,101060,110
23,D8-e003Coalescence-mGAM-p5,64,H111-e003Coalescence-mGAM-p3_S192,101060,110
24,D11-e003Coalescence-mGAM-p7,75,H111-e003Coalescence-mGAM-p3_S192,101060,110
25,A11-e003Coalescence-mGAM-p3,66,H111-e003Coalescence-mGAM-p3_S192,101060,110
26,H111-e003Coalescence-mGAM-p7_S188,67,H111-e003Coalescence-mGAM-p3_S192,101060,110
27,H111-e003Coalescence-mBHI-p3_S144,73,H111-e003Coalescence-mGAM-p3_S192,101060,110
28,H111-e003Coalescence-mGAM-p5_S92,75,H111-e003Coalescence-mGAM-p3_S192,101060,110
29,H8-e003Coalescence-mGAM-p5_S89,60,H111-e003Coalescence-mGAM-p3_S192,101060,110
30,H111-e003Coalescence-mBHI-p5_S44,69,H111-e003Coalescence-mGAM-p3_S192,101060,110
31,E111-e003Coalescence-mGAM-p5_S56,62,H111-e003Coalescence-mGAM-p3_S192,101060,110
32,H111-e003Coalescence-mGAM-p3_S192,110,H111-e003Coalescence-mGAM-p3_S192,101060,110
33,H8-e003Coalescence-mGAM-p7_S185,74,H111-e003Coalescence-mGAM-p3_S192,101060,110
34,B5-e003Coalescence-Inoculumn-mGAM,57,H111-e003Coalescence-mGAM-p3_S192,101060,110
35,D5-e003Coalescence-Inoculumn-mGAM,67,H111-e003Coalescence-mGAM-p3_S192,101060,110
36,A5-e003Coalescence-Inoculumn-mGAM,56,H111-e003Coalescence-mGAM-p3_S192,101060,110
37,D2-e003Coalescence-Inoculumn-mGAM,66,H111-e003Coalescence-mGAM-p3_S192,101060,110
38,D3-e003Coalescence-Inoculumn-mGAM,71,H111-e003Coalescence-mGAM-p3_S192,101060,110
39,C5-e003Coalescence-Inoculumn-mGAM,73,H111-e003Coalescence-mGAM-p3_S192,101060,110
40,E11-e003Coalescence-mGAM-p1_S840,72,H111-e003Coalescence-mGAM-p3_S192,101060,110
41,H8-e003Coalescence-mBHI-p1_S815,58,H111-e003Coalescence-mGAM-p3_S192,101060,110
42,D8-e003Coalescence-mGAM-p1_S755,71,H111-e003Coalescence-mGAM-p3_S192,101060,110
43,H11-e003Coalescence-mGAM-p1_S843,65,H111-e003Coalescence-mGAM-p3_S192,101060,110
44,A11-e003Coalescence-mGAM-p1_S776,36,H111-e003Coalescence-mGAM-p3_S192,101060,110
45,H11-e003Coalescence-mBHI-p1_S839,71,H111-e003Coalescence-mGAM-p3_S192,101060,110
46,E11-e003Coalescence-mBHI-p1_S836,63,H111-e003Coalescence-mGAM-p3_S192,101060,110
47,H8-e003Coalescence-mGAM-p1_S819,67,H111-e003Coalescence-mGAM-p3_S192,101060,110
48,D11-e003Coalescence-mGAM-p1_S779,70,H111-e003Coalescence-mGAM-p3_S192,101060,110
49,D11-e003Coalescence-mBHI-p1_S775,56,H111-e003Coalescence-mGAM-p3_S192,101060,110
50,A11-e003Coalescence-mBHI-p1_S772,31,H111-e003Coalescence-mGAM-p3_S192,101060,110
51,Coalescence-A12-D11-AF-AF-mGAM-mBHI-7_S631,73,H111-e003Coalescence-mGAM-p3_S192,101060,110
52,Coalescence-C3-A11-AA-AF-mGAM-mGAM-5_S646,69,H111-e003Coalescence-mGAM-p3_S192,101060,110
53,Coalescence-F1-D8-AA-AF-mGAM-mGAM-3_S680,66,H111-e003Coalescence-mGAM-p3_S192,101060,110
54,Coalescence-E8-D11-AF-AF-mGAM-mBHI-3_S675,73,H111-e003Coalescence-mGAM-p3_S192,101060,110
55,Coalescence-B5-D8-AA-AF-mGAM-mGAM-7_S636,67,H111-e003Coalescence-mGAM-p3_S192,101060,110
56,Coalescence-F10-H8-AA-AF-mGAM-mGAM-3_S689,75,H111-e003Coalescence-mGAM-p3_S192,101060,110
57,Coalescence-B6-E11-AA-AF-mGAM-mGAM-7_S637,74,H111-e003Coalescence-mGAM-p3_S192,101060,110
58,Coalescence-F3-E11-AA-AF-mGAM-mGAM-3_S682,75,H111-e003Coalescence-mGAM-p3_S192,101060,110
59,B11-e003Assembly-mGAM-p3,29,H111-e003Coalescence-mGAM-p3_S192,101060,110
60,B11-e003Assembly-mGAM-p5,50,H111-e003Coalescence-mGAM-p3_S192,101060,110
61,B11-e003GlycerolRevival-mGAM-p2,49,H111-e003Coalescence-mGAM-p3_S192,101060,110
62,C11-e003Assembly-mGAM-p3,42,H111-e003Coalescence-mGAM-p3_S192,101060,110
63,C11-e003GlycerolRevival-mGAM-p2,38,H111-e003Coalescence-mGAM-p3_S192,101060,110
64,e003-inoculumn-fecal-AF,29,H111-e003Coalescence-mGAM-p3_S192,101060,110
65,C_F4_e003Assembly_6_S256,40,H111-e003Coalescence-mGAM-p3_S192,101060,110
66,C_F8_e003Assembly_6_S260,76,H111-e003Coalescence-mGAM-p3_S192,101060,110
67,C_F12_e003Assembly_4_S264,65,H111-e003Coalescence-mGAM-p3_S192,101060,110
68,D_B8_e003Assembly_S308,61,H111-e003Coalescence-mGAM-p3_S192,101060,110
69,D_F8_e003Assembly_S356,65,H111-e003Coalescence-mGAM-p3_S192,101060,110
70,D_F12_e003Assembly_S360,78,H111-e003Coalescence-mGAM-p3_S192,101060,110
71,C_H2_e003Assembly_S278,78,H111-e003Coalescence-mGAM-p3_S192,101060,110
72,C_H10_H3_ACPP_AF_mBHI_mGAM_4_S286,59,H111-e003Coalescence-mGAM-p3_S192,101060,110
0,A_D8_D11_AF_AF_mGAM_mBHI_2_S44,62,H8-e003Coalescence-mGAM-p7_S185,101060,92
1,A_E8_A11_AF_AA_mGAM_mGAM_2_S56,69,H8-e003Coalescence-mGAM-p7_S185,101060,92
2,A_H5_D8_AA_AF_mGAM_mGAM_2_S89,62,H8-e003Coalescence-mGAM-p7_S185,101060,92
3,A_H8_D11_AF_AF_mGAM_mGAM_2_S92,65,H8-e003Coalescence-mGAM-p7_S185,101060,92
4,B_D8_H11_AF_AF_mGAM_mBHI_2_S140,52,H8-e003Coalescence-mGAM-p7_S185,101060,92
5,B_E8_E11_AF_AA_mGAM_mGAM_2_S152,67,H8-e003Coalescence-mGAM-p7_S185,101060,92
6,B_E12_A11_AF_AA_mGAM_mGAM_4_S156,76,H8-e003Coalescence-mGAM-p7_S185,101060,92
7,B_H5_H8_AA_AF_mGAM_mGAM_2_S185,67,H8-e003Coalescence-mGAM-p7_S185,101060,92
8,B_H8_H11_AF_AF_mGAM_mGAM_2_S188,51,H8-e003Coalescence-mGAM-p7_S185,101060,92
9,B_H9_D8_AA_AF_mGAM_mGAM_4_S189,64,H8-e003Coalescence-mGAM-p7_S185,101060,92
10,C_D8_D11_AF_AF_mGAM_mBHI_6_S236,50,H8-e003Coalescence-mGAM-p7_S185,101060,92
11,C_E8_A11_AF_AA_mGAM_mGAM_6_S248,69,H8-e003Coalescence-mGAM-p7_S185,101060,92
12,C_H5_D8_AA_AF_mGAM_mGAM_6_S281,47,H8-e003Coalescence-mGAM-p7_S185,101060,92
13,C_H8_D11_AF_AF_mGAM_mGAM_6_S284,62,H8-e003Coalescence-mGAM-p7_S185,101060,92
14,D_D8_D11_AF_AF_mGAM_mBHI_6_S332,60,H8-e003Coalescence-mGAM-p7_S185,101060,92
15,D_E8_A11_AF_AA_mGAM_mGAM_6_S344,69,H8-e003Coalescence-mGAM-p7_S185,101060,92
16,D_E12_E11_AF_AA_mGAM_mGAM_4_S348,63,H8-e003Coalescence-mGAM-p7_S185,101060,92
17,D_H5_D8_AA_AF_mGAM_mGAM_6_S377,72,H8-e003Coalescence-mGAM-p7_S185,101060,92
18,D_H8_D11_AF_AF_mGAM_mGAM_6_S380,40,H8-e003Coalescence-mGAM-p7_S185,101060,92
19,D_H9_H8_AA_AF_mGAM_mGAM_4_S381,37,H8-e003Coalescence-mGAM-p7_S185,101060,92
20,D11-e003Coalescence-mBHI-p5,53,H8-e003Coalescence-mGAM-p7_S185,101060,92
21,D11-e003Coalescence-mGAM-p5,61,H8-e003Coalescence-mGAM-p7_S185,101060,92
22,A11-e003Coalescence-mGAM-p7,45,H8-e003Coalescence-mGAM-p7_S185,101060,92
23,D8-e003Coalescence-mGAM-p5,58,H8-e003Coalescence-mGAM-p7_S185,101060,92
24,D11-e003Coalescence-mGAM-p7,70,H8-e003Coalescence-mGAM-p7_S185,101060,92
25,A11-e003Coalescence-mGAM-p3,55,H8-e003Coalescence-mGAM-p7_S185,101060,92
26,H111-e003Coalescence-mGAM-p7_S188,62,H8-e003Coalescence-mGAM-p7_S185,101060,92
27,H111-e003Coalescence-mBHI-p3_S144,69,H8-e003Coalescence-mGAM-p7_S185,101060,92
28,H111-e003Coalescence-mGAM-p5_S92,68,H8-e003Coalescence-mGAM-p7_S185,101060,92
29,H8-e003Coalescence-mGAM-p5_S89,57,H8-e003Coalescence-mGAM-p7_S185,101060,92
30,H111-e003Coalescence-mBHI-p5_S44,63,H8-e003Coalescence-mGAM-p7_S185,101060,92
31,E111-e003Coalescence-mGAM-p5_S56,54,H8-e003Coalescence-mGAM-p7_S185,101060,92
32,H111-e003Coalescence-mGAM-p3_S192,74,H8-e003Coalescence-mGAM-p7_S185,101060,92
33,H8-e003Coalescence-mGAM-p7_S185,92,H8-e003Coalescence-mGAM-p7_S185,101060,92
34,B5-e003Coalescence-Inoculumn-mGAM,52,H8-e003Coalescence-mGAM-p7_S185,101060,92
35,D5-e003Coalescence-Inoculumn-mGAM,58,H8-e003Coalescence-mGAM-p7_S185,101060,92
36,A5-e003Coalescence-Inoculumn-mGAM,51,H8-e003Coalescence-mGAM-p7_S185,101060,92
37,D2-e003Coalescence-Inoculumn-mGAM,58,H8-e003Coalescence-mGAM-p7_S185,101060,92
38,D3-e003Coalescence-Inoculumn-mGAM,56,H8-e003Coalescence-mGAM-p7_S185,101060,92
39,C5-e003Coalescence-Inoculumn-mGAM,64,H8-e003Coalescence-mGAM-p7_S185,101060,92
40,E11-e003Coalescence-mGAM-p1_S840,62,H8-e003Coalescence-mGAM-p7_S185,101060,92
41,H8-e003Coalescence-mBHI-p1_S815,51,H8-e003Coalescence-mGAM-p7_S185,101060,92
42,D8-e003Coalescence-mGAM-p1_S755,53,H8-e003Coalescence-mGAM-p7_S185,101060,92
43,H11-e003Coalescence-mGAM-p1_S843,55,H8-e003Coalescence-mGAM-p7_S185,101060,92
44,A11-e003Coalescence-mGAM-p1_S776,34,H8-e003Coalescence-mGAM-p7_S185,101060,92
45,H11-e003Coalescence-mBHI-p1_S839,66,H8-e003Coalescence-mGAM-p7_S185,101060,92
46,E11-e003Coalescence-mBHI-p1_S836,61,H8-e003Coalescence-mGAM-p7_S185,101060,92
47,H8-e003Coalescence-mGAM-p1_S819,58,H8-e003Coalescence-mGAM-p7_S185,101060,92
48,D11-e003Coalescence-mGAM-p1_S779,60,H8-e003Coalescence-mGAM-p7_S185,101060,92
49,D11-e003Coalescence-mBHI-p1_S775,48,H8-e003Coalescence-mGAM-p7_S185,101060,92
50,A11-e003Coalescence-mBHI-p1_S772,29,H8-e003Coalescence-mGAM-p7_S185,101060,92
51,Coalescence-A12-D11-AF-AF-mGAM-mBHI-7_S631,60,H8-e003Coalescence-mGAM-p7_S185,101060,92
52,Coalescence-C3-A11-AA-AF-mGAM-mGAM-5_S646,65,H8-e003Coalescence-mGAM-p7_S185,101060,92
53,Coalescence-F1-D8-AA-AF-mGAM-mGAM-3_S680,64,H8-e003Coalescence-mGAM-p7_S185,101060,92
54,Coalescence-E8-D11-AF-AF-mGAM-mBHI-3_S675,69,H8-e003Coalescence-mGAM-p7_S185,101060,92
55,Coalescence-B5-D8-AA-AF-mGAM-mGAM-7_S636,66,H8-e003Coalescence-mGAM-p7_S185,101060,92
56,Coalescence-F10-H8-AA-AF-mGAM-mGAM-3_S689,66,H8-e003Coalescence-mGAM-p7_S185,101060,92
57,Coalescence-B6-E11-AA-AF-mGAM-mGAM-7_S637,61,H8-e003Coalescence-mGAM-p7_S185,101060,92
58,Coalescence-F3-E11-AA-AF-mGAM-mGAM-3_S682,67,H8-e003Coalescence-mGAM-p7_S185,101060,92
59,B11-e003Assembly-mGAM-p3,28,H8-e003Coalescence-mGAM-p7_S185,101060,92
60,B11-e003Assembly-mGAM-p5,44,H8-e003Coalescence-mGAM-p7_S185,101060,92
61,B11-e003GlycerolRevival-mGAM-p2,46,H8-e003Coalescence-mGAM-p7_S185,101060,92
62,C11-e003Assembly-mGAM-p3,39,H8-e003Coalescence-mGAM-p7_S185,101060,92
63,C11-e003GlycerolRevival-mGAM-p2,35,H8-e003Coalescence-mGAM-p7_S185,101060,92
64,e003-inoculumn-fecal-AF,25,H8-e003Coalescence-mGAM-p7_S185,101060,92
65,C_F4_e003Assembly_6_S256,37,H8-e003Coalescence-mGAM-p7_S185,101060,92
66,C_F8_e003Assembly_6_S260,63,H8-e003Coalescence-mGAM-p7_S185,101060,92
67,C_F12_e003Assembly_4_S264,57,H8-e003Coalescence-mGAM-p7_S185,101060,92
68,D_B8_e003Assembly_S308,60,H8-e003Coalescence-mGAM-p7_S185,101060,92
69,D_F8_e003Assembly_S356,64,H8-e003Coalescence-mGAM-p7_S185,101060,92
70,D_F12_e003Assembly_S360,68,H8-e003Coalescence-mGAM-p7_S185,101060,92
71,C_H2_e003Assembly_S278,70,H8-e003Coalescence-mGAM-p7_S185,101060,92
72,C_H10_H3_ACPP_AF_mBHI_mGAM_4_S286,54,H8-e003Coalescence-mGAM-p7_S185,101060,92
0,A_D8_D11_AF_AF_mGAM_mBHI_2_S44,54,B5-e003Coalescence-Inoculumn-mGAM,101060,733
1,A_E8_A11_AF_AA_mGAM_mGAM_2_S56,60,B5-e003Coalescence-Inoculumn-mGAM,101060,733
2,A_H5_D8_AA_AF_mGAM_mGAM_2_S89,66,B5-e003Coalescence-Inoculumn-mGAM,101060,733
3,A_H8_D11_AF_AF_mGAM_mGAM_2_S92,64,B5-e003Coalescence-Inoculumn-mGAM,101060,733
4,B_D8_H11_AF_AF_mGAM_mBHI_2_S140,40,B5-e003Coalescence-Inoculumn-mGAM,101060,733
5,B_E8_E11_AF_AA_mGAM_mGAM_2_S152,58,B5-e003Coalescence-Inoculumn-mGAM,101060,733
6,B_E12_A11_AF_AA_mGAM_mGAM_4_S156,62,B5-e003Coalescence-Inoculumn-mGAM,101060,733
7,B_H5_H8_AA_AF_mGAM_mGAM_2_S185,62,B5-e003Coalescence-Inoculumn-mGAM,101060,733
8,B_H8_H11_AF_AF_mGAM_mGAM_2_S188,59,B5-e003Coalescence-Inoculumn-mGAM,101060,733
9,B_H9_D8_AA_AF_mGAM_mGAM_4_S189,57,B5-e003Coalescence-Inoculumn-mGAM,101060,733
10,C_D8_D11_AF_AF_mGAM_mBHI_6_S236,42,B5-e003Coalescence-Inoculumn-mGAM,101060,733
11,C_E8_A11_AF_AA_mGAM_mGAM_6_S248,58,B5-e003Coalescence-Inoculumn-mGAM,101060,733
12,C_H5_D8_AA_AF_mGAM_mGAM_6_S281,53,B5-e003Coalescence-Inoculumn-mGAM,101060,733
13,C_H8_D11_AF_AF_mGAM_mGAM_6_S284,51,B5-e003Coalescence-Inoculumn-mGAM,101060,733
14,D_D8_D11_AF_AF_mGAM_mBHI_6_S332,57,B5-e003Coalescence-Inoculumn-mGAM,101060,733
15,D_E8_A11_AF_AA_mGAM_mGAM_6_S344,57,B5-e003Coalescence-Inoculumn-mGAM,101060,733
16,D_E12_E11_AF_AA_mGAM_mGAM_4_S348,62,B5-e003Coalescence-Inoculumn-mGAM,101060,733
17,D_H5_D8_AA_AF_mGAM_mGAM_6_S377,63,B5-e003Coalescence-Inoculumn-mGAM,101060,733
18,D_H8_D11_AF_AF_mGAM_mGAM_6_S380,45,B5-e003Coalescence-Inoculumn-mGAM,101060,733
19,D_H9_H8_AA_AF_mGAM_mGAM_4_S381,33,B5-e003Coalescence-Inoculumn-mGAM,101060,733
20,D11-e003Coalescence-mBHI-p5,66,B5-e003Coalescence-Inoculumn-mGAM,101060,733
21,D11-e003Coalescence-mGAM-p5,68,B5-e003Coalescence-Inoculumn-mGAM,101060,733
22,A11-e003Coalescence-mGAM-p7,45,B5-e003Coalescence-Inoculumn-mGAM,101060,733
23,D8-e003Coalescence-mGAM-p5,58,B5-e003Coalescence-Inoculumn-mGAM,101060,733
24,D11-e003Coalescence-mGAM-p7,70,B5-e003Coalescence-Inoculumn-mGAM,101060,733
25,A11-e003Coalescence-mGAM-p3,60,B5-e003Coalescence-Inoculumn-mGAM,101060,733
26,H111-e003Coalescence-mGAM-p7_S188,50,B5-e003Coalescence-Inoculumn-mGAM,101060,733
27,H111-e003Coalescence-mBHI-p3_S144,55,B5-e003Coalescence-Inoculumn-mGAM,101060,733
28,H111-e003Coalescence-mGAM-p5_S92,53,B5-e003Coalescence-Inoculumn-mGAM,101060,733
29,H8-e003Coalescence-mGAM-p5_S89,44,B5-e003Coalescence-Inoculumn-mGAM,101060,733
30,H111-e003Coalescence-mBHI-p5_S44,51,B5-e003Coalescence-Inoculumn-mGAM,101060,733
31,E111-e003Coalescence-mGAM-p5_S56,53,B5-e003Coalescence-Inoculumn-mGAM,101060,733
32,H111-e003Coalescence-mGAM-p3_S192,57,B5-e003Coalescence-Inoculumn-mGAM,101060,733
33,H8-e003Coalescence-mGAM-p7_S185,52,B5-e003Coalescence-Inoculumn-mGAM,101060,733
34,B5-e003Coalescence-Inoculumn-mGAM,733,B5-e003Coalescence-Inoculumn-mGAM,101060,733
35,D5-e003Coalescence-Inoculumn-mGAM,57,B5-e003Coalescence-Inoculumn-mGAM,101060,733
36,A5-e003Coalescence-Inoculumn-mGAM,63,B5-e003Coalescence-Inoculumn-mGAM,101060,733
37,D2-e003Coalescence-Inoculumn-mGAM,64,B5-e003Coalescence-Inoculumn-mGAM,101060,733
38,D3-e003Coalescence-Inoculumn-mGAM,71,B5-e003Coalescence-Inoculumn-mGAM,101060,733
39,C5-e003Coalescence-Inoculumn-mGAM,64,B5-e003Coalescence-Inoculumn-mGAM,101060,733
40,E11-e003Coalescence-mGAM-p1_S840,60,B5-e003Coalescence-Inoculumn-mGAM,101060,733
41,H8-e003Coalescence-mBHI-p1_S815,51,B5-e003Coalescence-Inoculumn-mGAM,101060,733
42,D8-e003Coalescence-mGAM-p1_S755,62,B5-e003Coalescence-Inoculumn-mGAM,101060,733
43,H11-e003Coalescence-mGAM-p1_S843,51,B5-e003Coalescence-Inoculumn-mGAM,101060,733
44,A11-e003Coalescence-mGAM-p1_S776,33,B5-e003Coalescence-Inoculumn-mGAM,101060,733
45,H11-e003Coalescence-mBHI-p1_S839,65,B5-e003Coalescence-Inoculumn-mGAM,101060,733
46,E11-e003Coalescence-mBHI-p1_S836,56,B5-e003Coalescence-Inoculumn-mGAM,101060,733
47,H8-e003Coalescence-mGAM-p1_S819,62,B5-e003Coalescence-Inoculumn-mGAM,101060,733
48,D11-e003Coalescence-mGAM-p1_S779,60,B5-e003Coalescence-Inoculumn-mGAM,101060,733
49,D11-e003Coalescence-mBHI-p1_S775,51,B5-e003Coalescence-Inoculumn-mGAM,101060,733
50,A11-e003Coalescence-mBHI-p1_S772,24,B5-e003Coalescence-Inoculumn-mGAM,101060,733
51,Coalescence-A12-D11-AF-AF-mGAM-mBHI-7_S631,59,B5-e003Coalescence-Inoculumn-mGAM,101060,733
52,Coalescence-C3-A11-AA-AF-mGAM-mGAM-5_S646,64,B5-e003Coalescence-Inoculumn-mGAM,101060,733
53,Coalescence-F1-D8-AA-AF-mGAM-mGAM-3_S680,61,B5-e003Coalescence-Inoculumn-mGAM,101060,733
54,Coalescence-E8-D11-AF-AF-mGAM-mBHI-3_S675,55,B5-e003Coalescence-Inoculumn-mGAM,101060,733
55,Coalescence-B5-D8-AA-AF-mGAM-mGAM-7_S636,65,B5-e003Coalescence-Inoculumn-mGAM,101060,733
56,Coalescence-F10-H8-AA-AF-mGAM-mGAM-3_S689,64,B5-e003Coalescence-Inoculumn-mGAM,101060,733
57,Coalescence-B6-E11-AA-AF-mGAM-mGAM-7_S637,55,B5-e003Coalescence-Inoculumn-mGAM,101060,733
58,Coalescence-F3-E11-AA-AF-mGAM-mGAM-3_S682,67,B5-e003Coalescence-Inoculumn-mGAM,101060,733
59,B11-e003Assembly-mGAM-p3,24,B5-e003Coalescence-Inoculumn-mGAM,101060,733
60,B11-e003Assembly-mGAM-p5,61,B5-e003Coalescence-Inoculumn-mGAM,101060,733
61,B11-e003GlycerolRevival-mGAM-p2,51,B5-e003Coalescence-Inoculumn-mGAM,101060,733
62,C11-e003Assembly-mGAM-p3,31,B5-e003Coalescence-Inoculumn-mGAM,101060,733
63,C11-e003GlycerolRevival-mGAM-p2,37,B5-e003Coalescence-Inoculumn-mGAM,101060,733
64,e003-inoculumn-fecal-AF,31,B5-e003Coalescence-Inoculumn-mGAM,101060,733
65,C_F4_e003Assembly_6_S256,32,B5-e003Coalescence-Inoculumn-mGAM,101060,733
66,C_F8_e003Assembly_6_S260,56,B5-e003Coalescence-Inoculumn-mGAM,101060,733
67,C_F12_e003Assembly_4_S264,51,B5-e003Coalescence-Inoculumn-mGAM,101060,733
68,D_B8_e003Assembly_S308,60,B5-e003Coalescence-Inoculumn-mGAM,101060,733
69,D_F8_e003Assembly_S356,50,B5-e003Coalescence-Inoculumn-mGAM,101060,733
70,D_F12_e003Assembly_S360,74,B5-e003Coalescence-Inoculumn-mGAM,101060,733
71,C_H2_e003Assembly_S278,59,B5-e003Coalescence-Inoculumn-mGAM,101060,733
72,C_H10_H3_ACPP_AF_mBHI_mGAM_4_S286,54,B5-e003Coalescence-Inoculumn-mGAM,101060,733
0,A_D8_D11_AF_AF_mGAM_mBHI_2_S44,57,D5-e003Coalescence-Inoculumn-mGAM,101060,127
1,A_E8_A11_AF_AA_mGAM_mGAM_2_S56,70,D5-e003Coalescence-Inoculumn-mGAM,101060,127
2,A_H5_D8_AA_AF_mGAM_mGAM_2_S89,65,D5-e003Coalescence-Inoculumn-mGAM,101060,127
3,A_H8_D11_AF_AF_mGAM_mGAM_2_S92,70,D5-e003Coalescence-Inoculumn-mGAM,101060,127
4,B_D8_H11_AF_AF_mGAM_mBHI_2_S140,53,D5-e003Coalescence-Inoculumn-mGAM,101060,127
5,B_E8_E11_AF_AA_mGAM_mGAM_2_S152,57,D5-e003Coalescence-Inoculumn-mGAM,101060,127
6,B_E12_A11_AF_AA_mGAM_mGAM_4_S156,60,D5-e003Coalescence-Inoculumn-mGAM,101060,127
7,B_H5_H8_AA_AF_mGAM_mGAM_2_S185,68,D5-e003Coalescence-Inoculumn-mGAM,101060,127
8,B_H8_H11_AF_AF_mGAM_mGAM_2_S188,54,D5-e003Coalescence-Inoculumn-mGAM,101060,127
9,B_H9_D8_AA_AF_mGAM_mGAM_4_S189,69,D5-e003Coalescence-Inoculumn-mGAM,101060,127
10,C_D8_D11_AF_AF_mGAM_mBHI_6_S236,48,D5-e003Coalescence-Inoculumn-mGAM,101060,127
11,C_E8_A11_AF_AA_mGAM_mGAM_6_S248,60,D5-e003Coalescence-Inoculumn-mGAM,101060,127
12,C_H5_D8_AA_AF_mGAM_mGAM_6_S281,54,D5-e003Coalescence-Inoculumn-mGAM,101060,127
13,C_H8_D11_AF_AF_mGAM_mGAM_6_S284,55,D5-e003Coalescence-Inoculumn-mGAM,101060,127
14,D_D8_D11_AF_AF_mGAM_mBHI_6_S332,58,D5-e003Coalescence-Inoculumn-mGAM,101060,127
15,D_E8_A11_AF_AA_mGAM_mGAM_6_S344,68,D5-e003Coalescence-Inoculumn-mGAM,101060,127
16,D_E12_E11_AF_AA_mGAM_mGAM_4_S348,68,D5-e003Coalescence-Inoculumn-mGAM,101060,127
17,D_H5_D8_AA_AF_mGAM_mGAM_6_S377,66,D5-e003Coalescence-Inoculumn-mGAM,101060,127
18,D_H8_D11_AF_AF_mGAM_mGAM_6_S380,44,D5-e003Coalescence-Inoculumn-mGAM,101060,127
19,D_H9_H8_AA_AF_mGAM_mGAM_4_S381,43,D5-e003Coalescence-Inoculumn-mGAM,101060,127
20,D11-e003Coalescence-mBHI-p5,56,D5-e003Coalescence-Inoculumn-mGAM,101060,127
21,D11-e003Coalescence-mGAM-p5,66,D5-e003Coalescence-Inoculumn-mGAM,101060,127
22,A11-e003Coalescence-mGAM-p7,49,D5-e003Coalescence-Inoculumn-mGAM,101060,127
23,D8-e003Coalescence-mGAM-p5,71,D5-e003Coalescence-Inoculumn-mGAM,101060,127
24,D11-e003Coalescence-mGAM-p7,72,D5-e003Coalescence-Inoculumn-mGAM,101060,127
25,A11-e003Coalescence-mGAM-p3,58,D5-e003Coalescence-Inoculumn-mGAM,101060,127
26,H111-e003Coalescence-mGAM-p7_S188,58,D5-e003Coalescence-Inoculumn-mGAM,101060,127
27,H111-e003Coalescence-mBHI-p3_S144,64,D5-e003Coalescence-Inoculumn-mGAM,101060,127
28,H111-e003Coalescence-mGAM-p5_S92,67,D5-e003Coalescence-Inoculumn-mGAM,101060,127
29,H8-e003Coalescence-mGAM-p5_S89,48,D5-e003Coalescence-Inoculumn-mGAM,101060,127
30,H111-e003Coalescence-mBHI-p5_S44,64,D5-e003Coalescence-Inoculumn-mGAM,101060,127
31,E111-e003Coalescence-mGAM-p5_S56,48,D5-e003Coalescence-Inoculumn-mGAM,101060,127
32,H111-e003Coalescence-mGAM-p3_S192,67,D5-e003Coalescence-Inoculumn-mGAM,101060,127
33,H8-e003Coalescence-mGAM-p7_S185,58,D5-e003Coalescence-Inoculumn-mGAM,101060,127
34,B5-e003Coalescence-Inoculumn-mGAM,57,D5-e003Coalescence-Inoculumn-mGAM,101060,127
35,D5-e003Coalescence-Inoculumn-mGAM,127,D5-e003Coalescence-Inoculumn-mGAM,101060,127
36,A5-e003Coalescence-Inoculumn-mGAM,68,D5-e003Coalescence-Inoculumn-mGAM,101060,127
37,D2-e003Coalescence-Inoculumn-mGAM,72,D5-e003Coalescence-Inoculumn-mGAM,101060,127
38,D3-e003Coalescence-Inoculumn-mGAM,76,D5-e003Coalescence-Inoculumn-mGAM,101060,127
39,C5-e003Coalescence-Inoculumn-mGAM,65,D5-e003Coalescence-Inoculumn-mGAM,101060,127
40,E11-e003Coalescence-mGAM-p1_S840,61,D5-e003Coalescence-Inoculumn-mGAM,101060,127
41,H8-e003Coalescence-mBHI-p1_S815,54,D5-e003Coalescence-Inoculumn-mGAM,101060,127
42,D8-e003Coalescence-mGAM-p1_S755,64,D5-e003Coalescence-Inoculumn-mGAM,101060,127
43,H11-e003Coalescence-mGAM-p1_S843,52,D5-e003Coalescence-Inoculumn-mGAM,101060,127
44,A11-e003Coalescence-mGAM-p1_S776,29,D5-e003Coalescence-Inoculumn-mGAM,101060,127
45,H11-e003Coalescence-mBHI-p1_S839,67,D5-e003Coalescence-Inoculumn-mGAM,101060,127
46,E11-e003Coalescence-mBHI-p1_S836,63,D5-e003Coalescence-Inoculumn-mGAM,101060,127
47,H8-e003Coalescence-mGAM-p1_S819,58,D5-e003Coalescence-Inoculumn-mGAM,101060,127
48,D11-e003Coalescence-mGAM-p1_S779,68,D5-e003Coalescence-Inoculumn-mGAM,101060,127
49,D11-e003Coalescence-mBHI-p1_S775,52,D5-e003Coalescence-Inoculumn-mGAM,101060,127
50,A11-e003Coalescence-mBHI-p1_S772,30,D5-e003Coalescence-Inoculumn-mGAM,101060,127
51,Coalescence-A12-D11-AF-AF-mGAM-mBHI-7_S631,63,D5-e003Coalescence-Inoculumn-mGAM,101060,127
52,Coalescence-C3-A11-AA-AF-mGAM-mGAM-5_S646,64,D5-e003Coalescence-Inoculumn-mGAM,101060,127
53,Coalescence-F1-D8-AA-AF-mGAM-mGAM-3_S680,64,D5-e003Coalescence-Inoculumn-mGAM,101060,127
54,Coalescence-E8-D11-AF-AF-mGAM-mBHI-3_S675,63,D5-e003Coalescence-Inoculumn-mGAM,101060,127
55,Coalescence-B5-D8-AA-AF-mGAM-mGAM-7_S636,63,D5-e003Coalescence-Inoculumn-mGAM,101060,127
56,Coalescence-F10-H8-AA-AF-mGAM-mGAM-3_S689,61,D5-e003Coalescence-Inoculumn-mGAM,101060,127
57,Coalescence-B6-E11-AA-AF-mGAM-mGAM-7_S637,64,D5-e003Coalescence-Inoculumn-mGAM,101060,127
58,Coalescence-F3-E11-AA-AF-mGAM-mGAM-3_S682,64,D5-e003Coalescence-Inoculumn-mGAM,101060,127
59,B11-e003Assembly-mGAM-p3,31,D5-e003Coalescence-Inoculumn-mGAM,101060,127
60,B11-e003Assembly-mGAM-p5,57,D5-e003Coalescence-Inoculumn-mGAM,101060,127
61,B11-e003GlycerolRevival-mGAM-p2,51,D5-e003Coalescence-Inoculumn-mGAM,101060,127
62,C11-e003Assembly-mGAM-p3,38,D5-e003Coalescence-Inoculumn-mGAM,101060,127
63,C11-e003GlycerolRevival-mGAM-p2,42,D5-e003Coalescence-Inoculumn-mGAM,101060,127
64,e003-inoculumn-fecal-AF,30,D5-e003Coalescence-Inoculumn-mGAM,101060,127
65,C_F4_e003Assembly_6_S256,36,D5-e003Coalescence-Inoculumn-mGAM,101060,127
66,C_F8_e003Assembly_6_S260,67,D5-e003Coalescence-Inoculumn-mGAM,101060,127
67,C_F12_e003Assembly_4_S264,66,D5-e003Coalescence-Inoculumn-mGAM,101060,127
68,D_B8_e003Assembly_S308,58,D5-e003Coalescence-Inoculumn-mGAM,101060,127
69,D_F8_e003Assembly_S356,59,D5-e003Coalescence-Inoculumn-mGAM,101060,127
70,D_F12_e003Assembly_S360,74,D5-e003Coalescence-Inoculumn-mGAM,101060,127
71,C_H2_e003Assembly_S278,70,D5-e003Coalescence-Inoculumn-mGAM,101060,127
72,C_H10_H3_ACPP_AF_mBHI_mGAM_4_S286,58,D5-e003Coalescence-Inoculumn-mGAM,101060,127
0,A_D8_D11_AF_AF_mGAM_mBHI_2_S44,54,A5-e003Coalescence-Inoculumn-mGAM,101060,447
1,A_E8_A11_AF_AA_mGAM_mGAM_2_S56,64,A5-e003Coalescence-Inoculumn-mGAM,101060,447
2,A_H5_D8_AA_AF_mGAM_mGAM_2_S89,61,A5-e003Coalescence-Inoculumn-mGAM,101060,447
3,A_H8_D11_AF_AF_mGAM_mGAM_2_S92,63,A5-e003Coalescence-Inoculumn-mGAM,101060,447
4,B_D8_H11_AF_AF_mGAM_mBHI_2_S140,43,A5-e003Coalescence-Inoculumn-mGAM,101060,447
5,B_E8_E11_AF_AA_mGAM_mGAM_2_S152,63,A5-e003Coalescence-Inoculumn-mGAM,101060,447
6,B_E12_A11_AF_AA_mGAM_mGAM_4_S156,61,A5-e003Coalescence-Inoculumn-mGAM,101060,447
7,B_H5_H8_AA_AF_mGAM_mGAM_2_S185,65,A5-e003Coalescence-Inoculumn-mGAM,101060,447
8,B_H8_H11_AF_AF_mGAM_mGAM_2_S188,62,A5-e003Coalescence-Inoculumn-mGAM,101060,447
9,B_H9_D8_AA_AF_mGAM_mGAM_4_S189,64,A5-e003Coalescence-Inoculumn-mGAM,101060,447
10,C_D8_D11_AF_AF_mGAM_mBHI_6_S236,55,A5-e003Coalescence-Inoculumn-mGAM,101060,447
11,C_E8_A11_AF_AA_mGAM_mGAM_6_S248,65,A5-e003Coalescence-Inoculumn-mGAM,101060,447
12,C_H5_D8_AA_AF_mGAM_mGAM_6_S281,50,A5-e003Coalescence-Inoculumn-mGAM,101060,447
13,C_H8_D11_AF_AF_mGAM_mGAM_6_S284,50,A5-e003Coalescence-Inoculumn-mGAM,101060,447
14,D_D8_D11_AF_AF_mGAM_mBHI_6_S332,59,A5-e003Coalescence-Inoculumn-mGAM,101060,447
15,D_E8_A11_AF_AA_mGAM_mGAM_6_S344,59,A5-e003Coalescence-Inoculumn-mGAM,101060,447
16,D_E12_E11_AF_AA_mGAM_mGAM_4_S348,67,A5-e003Coalescence-Inoculumn-mGAM,101060,447
17,D_H5_D8_AA_AF_mGAM_mGAM_6_S377,63,A5-e003Coalescence-Inoculumn-mGAM,101060,447
18,D_H8_D11_AF_AF_mGAM_mGAM_6_S380,44,A5-e003Coalescence-Inoculumn-mGAM,101060,447
19,D_H9_H8_AA_AF_mGAM_mGAM_4_S381,43,A5-e003Coalescence-Inoculumn-mGAM,101060,447
20,D11-e003Coalescence-mBHI-p5,61,A5-e003Coalescence-Inoculumn-mGAM,101060,447
21,D11-e003Coalescence-mGAM-p5,69,A5-e003Coalescence-Inoculumn-mGAM,101060,447
22,A11-e003Coalescence-mGAM-p7,43,A5-e003Coalescence-Inoculumn-mGAM,101060,447
23,D8-e003Coalescence-mGAM-p5,75,A5-e003Coalescence-Inoculumn-mGAM,101060,447
24,D11-e003Coalescence-mGAM-p7,69,A5-e003Coalescence-Inoculumn-mGAM,101060,447
25,A11-e003Coalescence-mGAM-p3,55,A5-e003Coalescence-Inoculumn-mGAM,101060,447
26,H111-e003Coalescence-mGAM-p7_S188,54,A5-e003Coalescence-Inoculumn-mGAM,101060,447
27,H111-e003Coalescence-mBHI-p3_S144,58,A5-e003Coalescence-Inoculumn-mGAM,101060,447
28,H111-e003Coalescence-mGAM-p5_S92,57,A5-e003Coalescence-Inoculumn-mGAM,101060,447
29,H8-e003Coalescence-mGAM-p5_S89,48,A5-e003Coalescence-Inoculumn-mGAM,101060,447
30,H111-e003Coalescence-mBHI-p5_S44,58,A5-e003Coalescence-Inoculumn-mGAM,101060,447
31,E111-e003Coalescence-mGAM-p5_S56,54,A5-e003Coalescence-Inoculumn-mGAM,101060,447
32,H111-e003Coalescence-mGAM-p3_S192,56,A5-e003Coalescence-Inoculumn-mGAM,101060,447
33,H8-e003Coalescence-mGAM-p7_S185,51,A5-e003Coalescence-Inoculumn-mGAM,101060,447
34,B5-e003Coalescence-Inoculumn-mGAM,63,A5-e003Coalescence-Inoculumn-mGAM,101060,447
35,D5-e003Coalescence-Inoculumn-mGAM,68,A5-e003Coalescence-Inoculumn-mGAM,101060,447
36,A5-e003Coalescence-Inoculumn-mGAM,447,A5-e003Coalescence-Inoculumn-mGAM,101060,447
37,D2-e003Coalescence-Inoculumn-mGAM,71,A5-e003Coalescence-Inoculumn-mGAM,101060,447
38,D3-e003Coalescence-Inoculumn-mGAM,83,A5-e003Coalescence-Inoculumn-mGAM,101060,447
39,C5-e003Coalescence-Inoculumn-mGAM,69,A5-e003Coalescence-Inoculumn-mGAM,101060,447
40,E11-e003Coalescence-mGAM-p1_S840,55,A5-e003Coalescence-Inoculumn-mGAM,101060,447
41,H8-e003Coalescence-mBHI-p1_S815,47,A5-e003Coalescence-Inoculumn-mGAM,101060,447
42,D8-e003Coalescence-mGAM-p1_S755,60,A5-e003Coalescence-Inoculumn-mGAM,101060,447
43,H11-e003Coalescence-mGAM-p1_S843,53,A5-e003Coalescence-Inoculumn-mGAM,101060,447
44,A11-e003Coalescence-mGAM-p1_S776,27,A5-e003Coalescence-Inoculumn-mGAM,101060,447
45,H11-e003Coalescence-mBHI-p1_S839,67,A5-e003Coalescence-Inoculumn-mGAM,101060,447
46,E11-e003Coalescence-mBHI-p1_S836,67,A5-e003Coalescence-Inoculumn-mGAM,101060,447
47,H8-e003Coalescence-mGAM-p1_S819,55,A5-e003Coalescence-Inoculumn-mGAM,101060,447
48,D11-e003Coalescence-mGAM-p1_S779,66,A5-e003Coalescence-Inoculumn-mGAM,101060,447
49,D11-e003Coalescence-mBHI-p1_S775,49,A5-e003Coalescence-Inoculumn-mGAM,101060,447
50,A11-e003Coalescence-mBHI-p1_S772,29,A5-e003Coalescence-Inoculumn-mGAM,101060,447
51,Coalescence-A12-D11-AF-AF-mGAM-mBHI-7_S631,57,A5-e003Coalescence-Inoculumn-mGAM,101060,447
52,Coalescence-C3-A11-AA-AF-mGAM-mGAM-5_S646,63,A5-e003Coalescence-Inoculumn-mGAM,101060,447
53,Coalescence-F1-D8-AA-AF-mGAM-mGAM-3_S680,60,A5-e003Coalescence-Inoculumn-mGAM,101060,447
54,Coalescence-E8-D11-AF-AF-mGAM-mBHI-3_S675,57,A5-e003Coalescence-Inoculumn-mGAM,101060,447
55,Coalescence-B5-D8-AA-AF-mGAM-mGAM-7_S636,60,A5-e003Coalescence-Inoculumn-mGAM,101060,447
56,Coalescence-F10-H8-AA-AF-mGAM-mGAM-3_S689,63,A5-e003Coalescence-Inoculumn-mGAM,101060,447
57,Coalescence-B6-E11-AA-AF-mGAM-mGAM-7_S637,61,A5-e003Coalescence-Inoculumn-mGAM,101060,447
58,Coalescence-F3-E11-AA-AF-mGAM-mGAM-3_S682,65,A5-e003Coalescence-Inoculumn-mGAM,101060,447
59,B11-e003Assembly-mGAM-p3,38,A5-e003Coalescence-Inoculumn-mGAM,101060,447
60,B11-e003Assembly-mGAM-p5,55,A5-e003Coalescence-Inoculumn-mGAM,101060,447
61,B11-e003GlycerolRevival-mGAM-p2,51,A5-e003Coalescence-Inoculumn-mGAM,101060,447
62,C11-e003Assembly-mGAM-p3,45,A5-e003Coalescence-Inoculumn-mGAM,101060,447
63,C11-e003GlycerolRevival-mGAM-p2,33,A5-e003Coalescence-Inoculumn-mGAM,101060,447
64,e003-inoculumn-fecal-AF,24,A5-e003Coalescence-Inoculumn-mGAM,101060,447
65,C_F4_e003Assembly_6_S256,39,A5-e003Coalescence-Inoculumn-mGAM,101060,447
66,C_F8_e003Assembly_6_S260,60,A5-e003Coalescence-Inoculumn-mGAM,101060,447
67,C_F12_e003Assembly_4_S264,59,A5-e003Coalescence-Inoculumn-mGAM,101060,447
68,D_B8_e003Assembly_S308,63,A5-e003Coalescence-Inoculumn-mGAM,101060,447
69,D_F8_e003Assembly_S356,51,A5-e003Coalescence-Inoculumn-mGAM,101060,447
70,D_F12_e003Assembly_S360,71,A5-e003Coalescence-Inoculumn-mGAM,101060,447
71,C_H2_e003Assembly_S278,66,A5-e003Coalescence-Inoculumn-mGAM,101060,447
72,C_H10_H3_ACPP_AF_mBHI_mGAM_4_S286,50,A5-e003Coalescence-Inoculumn-mGAM,101060,447
0,A_D8_D11_AF_AF_mGAM_mBHI_2_S44,57,D2-e003Coalescence-Inoculumn-mGAM,101060,616
1,A_E8_A11_AF_AA_mGAM_mGAM_2_S56,62,D2-e003Coalescence-Inoculumn-mGAM,101060,616
2,A_H5_D8_AA_AF_mGAM_mGAM_2_S89,66,D2-e003Coalescence-Inoculumn-mGAM,101060,616
3,A_H8_D11_AF_AF_mGAM_mGAM_2_S92,69,D2-e003Coalescence-Inoculumn-mGAM,101060,616
4,B_D8_H11_AF_AF_mGAM_mBHI_2_S140,52,D2-e003Coalescence-Inoculumn-mGAM,101060,616
5,B_E8_E11_AF_AA_mGAM_mGAM_2_S152,52,D2-e003Coalescence-Inoculumn-mGAM,101060,616
6,B_E12_A11_AF_AA_mGAM_mGAM_4_S156,67,D2-e003Coalescence-Inoculumn-mGAM,101060,616
7,B_H5_H8_AA_AF_mGAM_mGAM_2_S185,62,D2-e003Coalescence-Inoculumn-mGAM,101060,616
8,B_H8_H11_AF_AF_mGAM_mGAM_2_S188,60,D2-e003Coalescence-Inoculumn-mGAM,101060,616
9,B_H9_D8_AA_AF_mGAM_mGAM_4_S189,67,D2-e003Coalescence-Inoculumn-mGAM,101060,616
10,C_D8_D11_AF_AF_mGAM_mBHI_6_S236,52,D2-e003Coalescence-Inoculumn-mGAM,101060,616
11,C_E8_A11_AF_AA_mGAM_mGAM_6_S248,62,D2-e003Coalescence-Inoculumn-mGAM,101060,616
12,C_H5_D8_AA_AF_mGAM_mGAM_6_S281,50,D2-e003Coalescence-Inoculumn-mGAM,101060,616
13,C_H8_D11_AF_AF_mGAM_mGAM_6_S284,54,D2-e003Coalescence-Inoculumn-mGAM,101060,616
14,D_D8_D11_AF_AF_mGAM_mBHI_6_S332,59,D2-e003Coalescence-Inoculumn-mGAM,101060,616
15,D_E8_A11_AF_AA_mGAM_mGAM_6_S344,66,D2-e003Coalescence-Inoculumn-mGAM,101060,616
16,D_E12_E11_AF_AA_mGAM_mGAM_4_S348,69,D2-e003Coalescence-Inoculumn-mGAM,101060,616
17,D_H5_D8_AA_AF_mGAM_mGAM_6_S377,67,D2-e003Coalescence-Inoculumn-mGAM,101060,616
18,D_H8_D11_AF_AF_mGAM_mGAM_6_S380,38,D2-e003Coalescence-Inoculumn-mGAM,101060,616
19,D_H9_H8_AA_AF_mGAM_mGAM_4_S381,41,D2-e003Coalescence-Inoculumn-mGAM,101060,616
20,D11-e003Coalescence-mBHI-p5,58,D2-e003Coalescence-Inoculumn-mGAM,101060,616
21,D11-e003Coalescence-mGAM-p5,68,D2-e003Coalescence-Inoculumn-mGAM,101060,616
22,A11-e003Coalescence-mGAM-p7,56,D2-e003Coalescence-Inoculumn-mGAM,101060,616
23,D8-e003Coalescence-mGAM-p5,64,D2-e003Coalescence-Inoculumn-mGAM,101060,616
24,D11-e003Coalescence-mGAM-p7,74,D2-e003Coalescence-Inoculumn-mGAM,101060,616
25,A11-e003Coalescence-mGAM-p3,60,D2-e003Coalescence-Inoculumn-mGAM,101060,616
26,H111-e003Coalescence-mGAM-p7_S188,53,D2-e003Coalescence-Inoculumn-mGAM,101060,616
27,H111-e003Coalescence-mBHI-p3_S144,56,D2-e003Coalescence-Inoculumn-mGAM,101060,616
28,H111-e003Coalescence-mGAM-p5_S92,57,D2-e003Coalescence-Inoculumn-mGAM,101060,616
29,H8-e003Coalescence-mGAM-p5_S89,52,D2-e003Coalescence-Inoculumn-mGAM,101060,616
30,H111-e003Coalescence-mBHI-p5_S44,65,D2-e003Coalescence-Inoculumn-mGAM,101060,616
31,E111-e003Coalescence-mGAM-p5_S56,50,D2-e003Coalescence-Inoculumn-mGAM,101060,616
32,H111-e003Coalescence-mGAM-p3_S192,66,D2-e003Coalescence-Inoculumn-mGAM,101060,616
33,H8-e003Coalescence-mGAM-p7_S185,58,D2-e003Coalescence-Inoculumn-mGAM,101060,616
34,B5-e003Coalescence-Inoculumn-mGAM,64,D2-e003Coalescence-Inoculumn-mGAM,101060,616
35,D5-e003Coalescence-Inoculumn-mGAM,72,D2-e003Coalescence-Inoculumn-mGAM,101060,616
36,A5-e003Coalescence-Inoculumn-mGAM,71,D2-e003Coalescence-Inoculumn-mGAM,101060,616
37,D2-e003Coalescence-Inoculumn-mGAM,616,D2-e003Coalescence-Inoculumn-mGAM,101060,616
38,D3-e003Coalescence-Inoculumn-mGAM,76,D2-e003Coalescence-Inoculumn-mGAM,101060,616
39,C5-e003Coalescence-Inoculumn-mGAM,72,D2-e003Coalescence-Inoculumn-mGAM,101060,616
40,E11-e003Coalescence-mGAM-p1_S840,70,D2-e003Coalescence-Inoculumn-mGAM,101060,616
41,H8-e003Coalescence-mBHI-p1_S815,47,D2-e003Coalescence-Inoculumn-mGAM,101060,616
42,D8-e003Coalescence-mGAM-p1_S755,62,D2-e003Coalescence-Inoculumn-mGAM,101060,616
43,H11-e003Coalescence-mGAM-p1_S843,47,D2-e003Coalescence-Inoculumn-mGAM,101060,616
44,A11-e003Coalescence-mGAM-p1_S776,30,D2-e003Coalescence-Inoculumn-mGAM,101060,616
45,H11-e003Coalescence-mBHI-p1_S839,74,D2-e003Coalescence-Inoculumn-mGAM,101060,616
46,E11-e003Coalescence-mBHI-p1_S836,67,D2-e003Coalescence-Inoculumn-mGAM,101060,616
47,H8-e003Coalescence-mGAM-p1_S819,53,D2-e003Coalescence-Inoculumn-mGAM,101060,616
48,D11-e003Coalescence-mGAM-p1_S779,65,D2-e003Coalescence-Inoculumn-mGAM,101060,616
49,D11-e003Coalescence-mBHI-p1_S775,51,D2-e003Coalescence-Inoculumn-mGAM,101060,616
50,A11-e003Coalescence-mBHI-p1_S772,24,D2-e003Coalescence-Inoculumn-mGAM,101060,616
51,Coalescence-A12-D11-AF-AF-mGAM-mBHI-7_S631,63,D2-e003Coalescence-Inoculumn-mGAM,101060,616
52,Coalescence-C3-A11-AA-AF-mGAM-mGAM-5_S646,62,D2-e003Coalescence-Inoculumn-mGAM,101060,616
53,Coalescence-F1-D8-AA-AF-mGAM-mGAM-3_S680,56,D2-e003Coalescence-Inoculumn-mGAM,101060,616
54,Coalescence-E8-D11-AF-AF-mGAM-mBHI-3_S675,62,D2-e003Coalescence-Inoculumn-mGAM,101060,616
55,Coalescence-B5-D8-AA-AF-mGAM-mGAM-7_S636,62,D2-e003Coalescence-Inoculumn-mGAM,101060,616
56,Coalescence-F10-H8-AA-AF-mGAM-mGAM-3_S689,57,D2-e003Coalescence-Inoculumn-mGAM,101060,616
57,Coalescence-B6-E11-AA-AF-mGAM-mGAM-7_S637,69,D2-e003Coalescence-Inoculumn-mGAM,101060,616
58,Coalescence-F3-E11-AA-AF-mGAM-mGAM-3_S682,57,D2-e003Coalescence-Inoculumn-mGAM,101060,616
59,B11-e003Assembly-mGAM-p3,34,D2-e003Coalescence-Inoculumn-mGAM,101060,616
60,B11-e003Assembly-mGAM-p5,65,D2-e003Coalescence-Inoculumn-mGAM,101060,616
61,B11-e003GlycerolRevival-mGAM-p2,50,D2-e003Coalescence-Inoculumn-mGAM,101060,616
62,C11-e003Assembly-mGAM-p3,45,D2-e003Coalescence-Inoculumn-mGAM,101060,616
63,C11-e003GlycerolRevival-mGAM-p2,38,D2-e003Coalescence-Inoculumn-mGAM,101060,616
64,e003-inoculumn-fecal-AF,31,D2-e003Coalescence-Inoculumn-mGAM,101060,616
65,C_F4_e003Assembly_6_S256,33,D2-e003Coalescence-Inoculumn-mGAM,101060,616
66,C_F8_e003Assembly_6_S260,64,D2-e003Coalescence-Inoculumn-mGAM,101060,616
67,C_F12_e003Assembly_4_S264,65,D2-e003Coalescence-Inoculumn-mGAM,101060,616
68,D_B8_e003Assembly_S308,62,D2-e003Coalescence-Inoculumn-mGAM,101060,616
69,D_F8_e003Assembly_S356,53,D2-e003Coalescence-Inoculumn-mGAM,101060,616
70,D_F12_e003Assembly_S360,67,D2-e003Coalescence-Inoculumn-mGAM,101060,616
71,C_H2_e003Assembly_S278,66,D2-e003Coalescence-Inoculumn-mGAM,101060,616
72,C_H10_H3_ACPP_AF_mBHI_mGAM_4_S286,51,D2-e003Coalescence-Inoculumn-mGAM,101060,616
0,A_D8_D11_AF_AF_mGAM_mBHI_2_S44,55,D3-e003Coalescence-Inoculumn-mGAM,101060,517
1,A_E8_A11_AF_AA_mGAM_mGAM_2_S56,76,D3-e003Coalescence-Inoculumn-mGAM,101060,517
2,A_H5_D8_AA_AF_mGAM_mGAM_2_S89,74,D3-e003Coalescence-Inoculumn-mGAM,101060,517
3,A_H8_D11_AF_AF_mGAM_mGAM_2_S92,70,D3-e003Coalescence-Inoculumn-mGAM,101060,517
4,B_D8_H11_AF_AF_mGAM_mBHI_2_S140,63,D3-e003Coalescence-Inoculumn-mGAM,101060,517
5,B_E8_E11_AF_AA_mGAM_mGAM_2_S152,65,D3-e003Coalescence-Inoculumn-mGAM,101060,517
6,B_E12_A11_AF_AA_mGAM_mGAM_4_S156,65,D3-e003Coalescence-Inoculumn-mGAM,101060,517
7,B_H5_H8_AA_AF_mGAM_mGAM_2_S185,72,D3-e003Coalescence-Inoculumn-mGAM,101060,517
8,B_H8_H11_AF_AF_mGAM_mGAM_2_S188,69,D3-e003Coalescence-Inoculumn-mGAM,101060,517
9,B_H9_D8_AA_AF_mGAM_mGAM_4_S189,74,D3-e003Coalescence-Inoculumn-mGAM,101060,517
10,C_D8_D11_AF_AF_mGAM_mBHI_6_S236,48,D3-e003Coalescence-Inoculumn-mGAM,101060,517
11,C_E8_A11_AF_AA_mGAM_mGAM_6_S248,70,D3-e003Coalescence-Inoculumn-mGAM,101060,517
12,C_H5_D8_AA_AF_mGAM_mGAM_6_S281,59,D3-e003Coalescence-Inoculumn-mGAM,101060,517
13,C_H8_D11_AF_AF_mGAM_mGAM_6_S284,62,D3-e003Coalescence-Inoculumn-mGAM,101060,517
14,D_D8_D11_AF_AF_mGAM_mBHI_6_S332,56,D3-e003Coalescence-Inoculumn-mGAM,101060,517
15,D_E8_A11_AF_AA_mGAM_mGAM_6_S344,75,D3-e003Coalescence-Inoculumn-mGAM,101060,517
16,D_E12_E11_AF_AA_mGAM_mGAM_4_S348,78,D3-e003Coalescence-Inoculumn-mGAM,101060,517
17,D_H5_D8_AA_AF_mGAM_mGAM_6_S377,71,D3-e003Coalescence-Inoculumn-mGAM,101060,517
18,D_H8_D11_AF_AF_mGAM_mGAM_6_S380,51,D3-e003Coalescence-Inoculumn-mGAM,101060,517
19,D_H9_H8_AA_AF_mGAM_mGAM_4_S381,42,D3-e003Coalescence-Inoculumn-mGAM,101060,517
20,D11-e003Coalescence-mBHI-p5,74,D3-e003Coalescence-Inoculumn-mGAM,101060,517
21,D11-e003Coalescence-mGAM-p5,77,D3-e003Coalescence-Inoculumn-mGAM,101060,517
22,A11-e003Coalescence-mGAM-p7,60,D3-e003Coalescence-Inoculumn-mGAM,101060,517
23,D8-e003Coalescence-mGAM-p5,79,D3-e003Coalescence-Inoculumn-mGAM,101060,517
24,D11-e003Coalescence-mGAM-p7,79,D3-e003Coalescence-Inoculumn-mGAM,101060,517
25,A11-e003Coalescence-mGAM-p3,68,D3-e003Coalescence-Inoculumn-mGAM,101060,517
26,H111-e003Coalescence-mGAM-p7_S188,59,D3-e003Coalescence-Inoculumn-mGAM,101060,517
27,H111-e003Coalescence-mBHI-p3_S144,67,D3-e003Coalescence-Inoculumn-mGAM,101060,517
28,H111-e003Coalescence-mGAM-p5_S92,62,D3-e003Coalescence-Inoculumn-mGAM,101060,517
29,H8-e003Coalescence-mGAM-p5_S89,54,D3-e003Coalescence-Inoculumn-mGAM,101060,517
30,H111-e003Coalescence-mBHI-p5_S44,68,D3-e003Coalescence-Inoculumn-mGAM,101060,517
31,E111-e003Coalescence-mGAM-p5_S56,60,D3-e003Coalescence-Inoculumn-mGAM,101060,517
32,H111-e003Coalescence-mGAM-p3_S192,71,D3-e003Coalescence-Inoculumn-mGAM,101060,517
33,H8-e003Coalescence-mGAM-p7_S185,56,D3-e003Coalescence-Inoculumn-mGAM,101060,517
34,B5-e003Coalescence-Inoculumn-mGAM,71,D3-e003Coalescence-Inoculumn-mGAM,101060,517
35,D5-e003Coalescence-Inoculumn-mGAM,76,D3-e003Coalescence-Inoculumn-mGAM,101060,517
36,A5-e003Coalescence-Inoculumn-mGAM,83,D3-e003Coalescence-Inoculumn-mGAM,101060,517
37,D2-e003Coalescence-Inoculumn-mGAM,76,D3-e003Coalescence-Inoculumn-mGAM,101060,517
38,D3-e003Coalescence-Inoculumn-mGAM,517,D3-e003Coalescence-Inoculumn-mGAM,101060,517
39,C5-e003Coalescence-Inoculumn-mGAM,83,D3-e003Coalescence-Inoculumn-mGAM,101060,517
40,E11-e003Coalescence-mGAM-p1_S840,67,D3-e003Coalescence-Inoculumn-mGAM,101060,517
41,H8-e003Coalescence-mBHI-p1_S815,50,D3-e003Coalescence-Inoculumn-mGAM,101060,517
42,D8-e003Coalescence-mGAM-p1_S755,77,D3-e003Coalescence-Inoculumn-mGAM,101060,517
43,H11-e003Coalescence-mGAM-p1_S843,60,D3-e003Coalescence-Inoculumn-mGAM,101060,517
44,A11-e003Coalescence-mGAM-p1_S776,26,D3-e003Coalescence-Inoculumn-mGAM,101060,517
45,H11-e003Coalescence-mBHI-p1_S839,72,D3-e003Coalescence-Inoculumn-mGAM,101060,517
46,E11-e003Coalescence-mBHI-p1_S836,59,D3-e003Coalescence-Inoculumn-mGAM,101060,517
47,H8-e003Coalescence-mGAM-p1_S819,66,D3-e003Coalescence-Inoculumn-mGAM,101060,517
48,D11-e003Coalescence-mGAM-p1_S779,72,D3-e003Coalescence-Inoculumn-mGAM,101060,517
49,D11-e003Coalescence-mBHI-p1_S775,58,D3-e003Coalescence-Inoculumn-mGAM,101060,517
50,A11-e003Coalescence-mBHI-p1_S772,29,D3-e003Coalescence-Inoculumn-mGAM,101060,517
51,Coalescence-A12-D11-AF-AF-mGAM-mBHI-7_S631,70,D3-e003Coalescence-Inoculumn-mGAM,101060,517
52,Coalescence-C3-A11-AA-AF-mGAM-mGAM-5_S646,65,D3-e003Coalescence-Inoculumn-mGAM,101060,517
53,Coalescence-F1-D8-AA-AF-mGAM-mGAM-3_S680,61,D3-e003Coalescence-Inoculumn-mGAM,101060,517
54,Coalescence-E8-D11-AF-AF-mGAM-mBHI-3_S675,63,D3-e003Coalescence-Inoculumn-mGAM,101060,517
55,Coalescence-B5-D8-AA-AF-mGAM-mGAM-7_S636,68,D3-e003Coalescence-Inoculumn-mGAM,101060,517
56,Coalescence-F10-H8-AA-AF-mGAM-mGAM-3_S689,70,D3-e003Coalescence-Inoculumn-mGAM,101060,517
57,Coalescence-B6-E11-AA-AF-mGAM-mGAM-7_S637,69,D3-e003Coalescence-Inoculumn-mGAM,101060,517
58,Coalescence-F3-E11-AA-AF-mGAM-mGAM-3_S682,67,D3-e003Coalescence-Inoculumn-mGAM,101060,517
59,B11-e003Assembly-mGAM-p3,38,D3-e003Coalescence-Inoculumn-mGAM,101060,517
60,B11-e003Assembly-mGAM-p5,69,D3-e003Coalescence-Inoculumn-mGAM,101060,517
61,B11-e003GlycerolRevival-mGAM-p2,50,D3-e003Coalescence-Inoculumn-mGAM,101060,517
62,C11-e003Assembly-mGAM-p3,42,D3-e003Coalescence-Inoculumn-mGAM,101060,517
63,C11-e003GlycerolRevival-mGAM-p2,42,D3-e003Coalescence-Inoculumn-mGAM,101060,517
64,e003-inoculumn-fecal-AF,27,D3-e003Coalescence-Inoculumn-mGAM,101060,517
65,C_F4_e003Assembly_6_S256,39,D3-e003Coalescence-Inoculumn-mGAM,101060,517
66,C_F8_e003Assembly_6_S260,67,D3-e003Coalescence-Inoculumn-mGAM,101060,517
67,C_F12_e003Assembly_4_S264,67,D3-e003Coalescence-Inoculumn-mGAM,101060,517
68,D_B8_e003Assembly_S308,71,D3-e003Coalescence-Inoculumn-mGAM,101060,517
69,D_F8_e003Assembly_S356,57,D3-e003Coalescence-Inoculumn-mGAM,101060,517
70,D_F12_e003Assembly_S360,78,D3-e003Coalescence-Inoculumn-mGAM,101060,517
71,C_H2_e003Assembly_S278,72,D3-e003Coalescence-Inoculumn-mGAM,101060,517
72,C_H10_H3_ACPP_AF_mBHI_mGAM_4_S286,59,D3-e003Coalescence-Inoculumn-mGAM,101060,517
0,A_D8_D11_AF_AF_mGAM_mBHI_2_S44,65,C5-e003Coalescence-Inoculumn-mGAM,101060,213
1,A_E8_A11_AF_AA_mGAM_mGAM_2_S56,71,C5-e003Coalescence-Inoculumn-mGAM,101060,213
2,A_H5_D8_AA_AF_mGAM_mGAM_2_S89,72,C5-e003Coalescence-Inoculumn-mGAM,101060,213
3,A_H8_D11_AF_AF_mGAM_mGAM_2_S92,71,C5-e003Coalescence-Inoculumn-mGAM,101060,213
4,B_D8_H11_AF_AF_mGAM_mBHI_2_S140,57,C5-e003Coalescence-Inoculumn-mGAM,101060,213
5,B_E8_E11_AF_AA_mGAM_mGAM_2_S152,74,C5-e003Coalescence-Inoculumn-mGAM,101060,213
6,B_E12_A11_AF_AA_mGAM_mGAM_4_S156,68,C5-e003Coalescence-Inoculumn-mGAM,101060,213
7,B_H5_H8_AA_AF_mGAM_mGAM_2_S185,74,C5-e003Coalescence-Inoculumn-mGAM,101060,213
8,B_H8_H11_AF_AF_mGAM_mGAM_2_S188,62,C5-e003Coalescence-Inoculumn-mGAM,101060,213
9,B_H9_D8_AA_AF_mGAM_mGAM_4_S189,74,C5-e003Coalescence-Inoculumn-mGAM,101060,213
10,C_D8_D11_AF_AF_mGAM_mBHI_6_S236,51,C5-e003Coalescence-Inoculumn-mGAM,101060,213
11,C_E8_A11_AF_AA_mGAM_mGAM_6_S248,82,C5-e003Coalescence-Inoculumn-mGAM,101060,213
12,C_H5_D8_AA_AF_mGAM_mGAM_6_S281,56,C5-e003Coalescence-Inoculumn-mGAM,101060,213
13,C_H8_D11_AF_AF_mGAM_mGAM_6_S284,74,C5-e003Coalescence-Inoculumn-mGAM,101060,213
14,D_D8_D11_AF_AF_mGAM_mBHI_6_S332,67,C5-e003Coalescence-Inoculumn-mGAM,101060,213
15,D_E8_A11_AF_AA_mGAM_mGAM_6_S344,75,C5-e003Coalescence-Inoculumn-mGAM,101060,213
16,D_E12_E11_AF_AA_mGAM_mGAM_4_S348,76,C5-e003Coalescence-Inoculumn-mGAM,101060,213
17,D_H5_D8_AA_AF_mGAM_mGAM_6_S377,77,C5-e003Coalescence-Inoculumn-mGAM,101060,213
18,D_H8_D11_AF_AF_mGAM_mGAM_6_S380,48,C5-e003Coalescence-Inoculumn-mGAM,101060,213
19,D_H9_H8_AA_AF_mGAM_mGAM_4_S381,44,C5-e003Coalescence-Inoculumn-mGAM,101060,213
20,D11-e003Coalescence-mBHI-p5,86,C5-e003Coalescence-Inoculumn-mGAM,101060,213
21,D11-e003Coalescence-mGAM-p5,75,C5-e003Coalescence-Inoculumn-mGAM,101060,213
22,A11-e003Coalescence-mGAM-p7,54,C5-e003Coalescence-Inoculumn-mGAM,101060,213
23,D8-e003Coalescence-mGAM-p5,70,C5-e003Coalescence-Inoculumn-mGAM,101060,213
24,D11-e003Coalescence-mGAM-p7,78,C5-e003Coalescence-Inoculumn-mGAM,101060,213
25,A11-e003Coalescence-mGAM-p3,74,C5-e003Coalescence-Inoculumn-mGAM,101060,213
26,H111-e003Coalescence-mGAM-p7_S188,60,C5-e003Coalescence-Inoculumn-mGAM,101060,213
27,H111-e003Coalescence-mBHI-p3_S144,73,C5-e003Coalescence-Inoculumn-mGAM,101060,213
28,H111-e003Coalescence-mGAM-p5_S92,64,C5-e003Coalescence-Inoculumn-mGAM,101060,213
29,H8-e003Coalescence-mGAM-p5_S89,60,C5-e003Coalescence-Inoculumn-mGAM,101060,213
30,H111-e003Coalescence-mBHI-p5_S44,65,C5-e003Coalescence-Inoculumn-mGAM,101060,213
31,E111-e003Coalescence-mGAM-p5_S56,73,C5-e003Coalescence-Inoculumn-mGAM,101060,213
32,H111-e003Coalescence-mGAM-p3_S192,73,C5-e003Coalescence-Inoculumn-mGAM,101060,213
33,H8-e003Coalescence-mGAM-p7_S185,64,C5-e003Coalescence-Inoculumn-mGAM,101060,213
34,B5-e003Coalescence-Inoculumn-mGAM,64,C5-e003Coalescence-Inoculumn-mGAM,101060,213
35,D5-e003Coalescence-Inoculumn-mGAM,65,C5-e003Coalescence-Inoculumn-mGAM,101060,213
36,A5-e003Coalescence-Inoculumn-mGAM,69,C5-e003Coalescence-Inoculumn-mGAM,101060,213
37,D2-e003Coalescence-Inoculumn-mGAM,72,C5-e003Coalescence-Inoculumn-mGAM,101060,213
38,D3-e003Coalescence-Inoculumn-mGAM,83,C5-e003Coalescence-Inoculumn-mGAM,101060,213
39,C5-e003Coalescence-Inoculumn-mGAM,213,C5-e003Coalescence-Inoculumn-mGAM,101060,213
40,E11-e003Coalescence-mGAM-p1_S840,74,C5-e003Coalescence-Inoculumn-mGAM,101060,213
41,H8-e003Coalescence-mBHI-p1_S815,59,C5-e003Coalescence-Inoculumn-mGAM,101060,213
42,D8-e003Coalescence-mGAM-p1_S755,77,C5-e003Coalescence-Inoculumn-mGAM,101060,213
43,H11-e003Coalescence-mGAM-p1_S843,63,C5-e003Coalescence-Inoculumn-mGAM,101060,213
44,A11-e003Coalescence-mGAM-p1_S776,33,C5-e003Coalescence-Inoculumn-mGAM,101060,213
45,H11-e003Coalescence-mBHI-p1_S839,74,C5-e003Coalescence-Inoculumn-mGAM,101060,213
46,E11-e003Coalescence-mBHI-p1_S836,66,C5-e003Coalescence-Inoculumn-mGAM,101060,213
47,H8-e003Coalescence-mGAM-p1_S819,65,C5-e003Coalescence-Inoculumn-mGAM,101060,213
48,D11-e003Coalescence-mGAM-p1_S779,73,C5-e003Coalescence-Inoculumn-mGAM,101060,213
49,D11-e003Coalescence-mBHI-p1_S775,56,C5-e003Coalescence-Inoculumn-mGAM,101060,213
50,A11-e003Coalescence-mBHI-p1_S772,36,C5-e003Coalescence-Inoculumn-mGAM,101060,213
51,Coalescence-A12-D11-AF-AF-mGAM-mBHI-7_S631,71,C5-e003Coalescence-Inoculumn-mGAM,101060,213
52,Coalescence-C3-A11-AA-AF-mGAM-mGAM-5_S646,75,C5-e003Coalescence-Inoculumn-mGAM,101060,213
53,Coalescence-F1-D8-AA-AF-mGAM-mGAM-3_S680,71,C5-e003Coalescence-Inoculumn-mGAM,101060,213
54,Coalescence-E8-D11-AF-AF-mGAM-mBHI-3_S675,70,C5-e003Coalescence-Inoculumn-mGAM,101060,213
55,Coalescence-B5-D8-AA-AF-mGAM-mGAM-7_S636,71,C5-e003Coalescence-Inoculumn-mGAM,101060,213
56,Coalescence-F10-H8-AA-AF-mGAM-mGAM-3_S689,74,C5-e003Coalescence-Inoculumn-mGAM,101060,213
57,Coalescence-B6-E11-AA-AF-mGAM-mGAM-7_S637,75,C5-e003Coalescence-Inoculumn-mGAM,101060,213
58,Coalescence-F3-E11-AA-AF-mGAM-mGAM-3_S682,74,C5-e003Coalescence-Inoculumn-mGAM,101060,213
59,B11-e003Assembly-mGAM-p3,34,C5-e003Coalescence-Inoculumn-mGAM,101060,213
60,B11-e003Assembly-mGAM-p5,61,C5-e003Coalescence-Inoculumn-mGAM,101060,213
61,B11-e003GlycerolRevival-mGAM-p2,57,C5-e003Coalescence-Inoculumn-mGAM,101060,213
62,C11-e003Assembly-mGAM-p3,43,C5-e003Coalescence-Inoculumn-mGAM,101060,213
63,C11-e003GlycerolRevival-mGAM-p2,36,C5-e003Coalescence-Inoculumn-mGAM,101060,213
64,e003-inoculumn-fecal-AF,30,C5-e003Coalescence-Inoculumn-mGAM,101060,213
65,C_F4_e003Assembly_6_S256,43,C5-e003Coalescence-Inoculumn-mGAM,101060,213
66,C_F8_e003Assembly_6_S260,70,C5-e003Coalescence-Inoculumn-mGAM,101060,213
67,C_F12_e003Assembly_4_S264,80,C5-e003Coalescence-Inoculumn-mGAM,101060,213
68,D_B8_e003Assembly_S308,68,C5-e003Coalescence-Inoculumn-mGAM,101060,213
69,D_F8_e003Assembly_S356,65,C5-e003Coalescence-Inoculumn-mGAM,101060,213
70,D_F12_e003Assembly_S360,80,C5-e003Coalescence-Inoculumn-mGAM,101060,213
71,C_H2_e003Assembly_S278,80,C5-e003Coalescence-Inoculumn-mGAM,101060,213
72,C_H10_H3_ACPP_AF_mBHI_mGAM_4_S286,60,C5-e003Coalescence-Inoculumn-mGAM,101060,213
0,A_D8_D11_AF_AF_mGAM_mBHI_2_S44,69,E11-e003Coalescence-mGAM-p1_S840,101060,110
1,A_E8_A11_AF_AA_mGAM_mGAM_2_S56,69,E11-e003Coalescence-mGAM-p1_S840,101060,110
2,A_H5_D8_AA_AF_mGAM_mGAM_2_S89,72,E11-e003Coalescence-mGAM-p1_S840,101060,110
3,A_H8_D11_AF_AF_mGAM_mGAM_2_S92,73,E11-e003Coalescence-mGAM-p1_S840,101060,110
4,B_D8_H11_AF_AF_mGAM_mBHI_2_S140,47,E11-e003Coalescence-mGAM-p1_S840,101060,110
5,B_E8_E11_AF_AA_mGAM_mGAM_2_S152,67,E11-e003Coalescence-mGAM-p1_S840,101060,110
6,B_E12_A11_AF_AA_mGAM_mGAM_4_S156,76,E11-e003Coalescence-mGAM-p1_S840,101060,110
7,B_H5_H8_AA_AF_mGAM_mGAM_2_S185,73,E11-e003Coalescence-mGAM-p1_S840,101060,110
8,B_H8_H11_AF_AF_mGAM_mGAM_2_S188,64,E11-e003Coalescence-mGAM-p1_S840,101060,110
9,B_H9_D8_AA_AF_mGAM_mGAM_4_S189,66,E11-e003Coalescence-mGAM-p1_S840,101060,110
10,C_D8_D11_AF_AF_mGAM_mBHI_6_S236,56,E11-e003Coalescence-mGAM-p1_S840,101060,110
11,C_E8_A11_AF_AA_mGAM_mGAM_6_S248,72,E11-e003Coalescence-mGAM-p1_S840,101060,110
12,C_H5_D8_AA_AF_mGAM_mGAM_6_S281,55,E11-e003Coalescence-mGAM-p1_S840,101060,110
13,C_H8_D11_AF_AF_mGAM_mGAM_6_S284,65,E11-e003Coalescence-mGAM-p1_S840,101060,110
14,D_D8_D11_AF_AF_mGAM_mBHI_6_S332,68,E11-e003Coalescence-mGAM-p1_S840,101060,110
15,D_E8_A11_AF_AA_mGAM_mGAM_6_S344,74,E11-e003Coalescence-mGAM-p1_S840,101060,110
16,D_E12_E11_AF_AA_mGAM_mGAM_4_S348,71,E11-e003Coalescence-mGAM-p1_S840,101060,110
17,D_H5_D8_AA_AF_mGAM_mGAM_6_S377,75,E11-e003Coalescence-mGAM-p1_S840,101060,110
18,D_H8_D11_AF_AF_mGAM_mGAM_6_S380,44,E11-e003Coalescence-mGAM-p1_S840,101060,110
19,D_H9_H8_AA_AF_mGAM_mGAM_4_S381,43,E11-e003Coalescence-mGAM-p1_S840,101060,110
20,D11-e003Coalescence-mBHI-p5,61,E11-e003Coalescence-mGAM-p1_S840,101060,110
21,D11-e003Coalescence-mGAM-p5,71,E11-e003Coalescence-mGAM-p1_S840,101060,110
22,A11-e003Coalescence-mGAM-p7,50,E11-e003Coalescence-mGAM-p1_S840,101060,110
23,D8-e003Coalescence-mGAM-p5,61,E11-e003Coalescence-mGAM-p1_S840,101060,110
24,D11-e003Coalescence-mGAM-p7,74,E11-e003Coalescence-mGAM-p1_S840,101060,110
25,A11-e003Coalescence-mGAM-p3,66,E11-e003Coalescence-mGAM-p1_S840,101060,110
26,H111-e003Coalescence-mGAM-p7_S188,64,E11-e003Coalescence-mGAM-p1_S840,101060,110
27,H111-e003Coalescence-mBHI-p3_S144,67,E11-e003Coalescence-mGAM-p1_S840,101060,110
28,H111-e003Coalescence-mGAM-p5_S92,62,E11-e003Coalescence-mGAM-p1_S840,101060,110
29,H8-e003Coalescence-mGAM-p5_S89,54,E11-e003Coalescence-mGAM-p1_S840,101060,110
30,H111-e003Coalescence-mBHI-p5_S44,66,E11-e003Coalescence-mGAM-p1_S840,101060,110
31,E111-e003Coalescence-mGAM-p5_S56,64,E11-e003Coalescence-mGAM-p1_S840,101060,110
32,H111-e003Coalescence-mGAM-p3_S192,72,E11-e003Coalescence-mGAM-p1_S840,101060,110
33,H8-e003Coalescence-mGAM-p7_S185,62,E11-e003Coalescence-mGAM-p1_S840,101060,110
34,B5-e003Coalescence-Inoculumn-mGAM,60,E11-e003Coalescence-mGAM-p1_S840,101060,110
35,D5-e003Coalescence-Inoculumn-mGAM,61,E11-e003Coalescence-mGAM-p1_S840,101060,110
36,A5-e003Coalescence-Inoculumn-mGAM,55,E11-e003Coalescence-mGAM-p1_S840,101060,110
37,D2-e003Coalescence-Inoculumn-mGAM,70,E11-e003Coalescence-mGAM-p1_S840,101060,110
38,D3-e003Coalescence-Inoculumn-mGAM,67,E11-e003Coalescence-mGAM-p1_S840,101060,110
39,C5-e003Coalescence-Inoculumn-mGAM,74,E11-e003Coalescence-mGAM-p1_S840,101060,110
40,E11-e003Coalescence-mGAM-p1_S840,110,E11-e003Coalescence-mGAM-p1_S840,101060,110
41,H8-e003Coalescence-mBHI-p1_S815,56,E11-e003Coalescence-mGAM-p1_S840,101060,110
42,D8-e003Coalescence-mGAM-p1_S755,60,E11-e003Coalescence-mGAM-p1_S840,101060,110
43,H11-e003Coalescence-mGAM-p1_S843,60,E11-e003Coalescence-mGAM-p1_S840,101060,110
44,A11-e003Coalescence-mGAM-p1_S776,30,E11-e003Coalescence-mGAM-p1_S840,101060,110
45,H11-e003Coalescence-mBHI-p1_S839,78,E11-e003Coalescence-mGAM-p1_S840,101060,110
46,E11-e003Coalescence-mBHI-p1_S836,62,E11-e003Coalescence-mGAM-p1_S840,101060,110
47,H8-e003Coalescence-mGAM-p1_S819,64,E11-e003Coalescence-mGAM-p1_S840,101060,110
48,D11-e003Coalescence-mGAM-p1_S779,66,E11-e003Coalescence-mGAM-p1_S840,101060,110
49,D11-e003Coalescence-mBHI-p1_S775,51,E11-e003Coalescence-mGAM-p1_S840,101060,110
50,A11-e003Coalescence-mBHI-p1_S772,35,E11-e003Coalescence-mGAM-p1_S840,101060,110
51,Coalescence-A12-D11-AF-AF-mGAM-mBHI-7_S631,73,E11-e003Coalescence-mGAM-p1_S840,101060,110
52,Coalescence-C3-A11-AA-AF-mGAM-mGAM-5_S646,76,E11-e003Coalescence-mGAM-p1_S840,101060,110
53,Coalescence-F1-D8-AA-AF-mGAM-mGAM-3_S680,67,E11-e003Coalescence-mGAM-p1_S840,101060,110
54,Coalescence-E8-D11-AF-AF-mGAM-mBHI-3_S675,68,E11-e003Coalescence-mGAM-p1_S840,101060,110
55,Coalescence-B5-D8-AA-AF-mGAM-mGAM-7_S636,72,E11-e003Coalescence-mGAM-p1_S840,101060,110
56,Coalescence-F10-H8-AA-AF-mGAM-mGAM-3_S689,73,E11-e003Coalescence-mGAM-p1_S840,101060,110
57,Coalescence-B6-E11-AA-AF-mGAM-mGAM-7_S637,74,E11-e003Coalescence-mGAM-p1_S840,101060,110
58,Coalescence-F3-E11-AA-AF-mGAM-mGAM-3_S682,76,E11-e003Coalescence-mGAM-p1_S840,101060,110
59,B11-e003Assembly-mGAM-p3,28,E11-e003Coalescence-mGAM-p1_S840,101060,110
60,B11-e003Assembly-mGAM-p5,59,E11-e003Coalescence-mGAM-p1_S840,101060,110
61,B11-e003GlycerolRevival-mGAM-p2,49,E11-e003Coalescence-mGAM-p1_S840,101060,110
62,C11-e003Assembly-mGAM-p3,35,E11-e003Coalescence-mGAM-p1_S840,101060,110
63,C11-e003GlycerolRevival-mGAM-p2,36,E11-e003Coalescence-mGAM-p1_S840,101060,110
64,e003-inoculumn-fecal-AF,31,E11-e003Coalescence-mGAM-p1_S840,101060,110
65,C_F4_e003Assembly_6_S256,39,E11-e003Coalescence-mGAM-p1_S840,101060,110
66,C_F8_e003Assembly_6_S260,69,E11-e003Coalescence-mGAM-p1_S840,101060,110
67,C_F12_e003Assembly_4_S264,66,E11-e003Coalescence-mGAM-p1_S840,101060,110
68,D_B8_e003Assembly_S308,63,E11-e003Coalescence-mGAM-p1_S840,101060,110
69,D_F8_e003Assembly_S356,62,E11-e003Coalescence-mGAM-p1_S840,101060,110
70,D_F12_e003Assembly_S360,72,E11-e003Coalescence-mGAM-p1_S840,101060,110
71,C_H2_e003Assembly_S278,76,E11-e003Coalescence-mGAM-p1_S840,101060,110
72,C_H10_H3_ACPP_AF_mBHI_mGAM_4_S286,62,E11-e003Coalescence-mGAM-p1_S840,101060,110
0,A_D8_D11_AF_AF_mGAM_mBHI_2_S44,55,H8-e003Coalescence-mBHI-p1_S815,101060,578
1,A_E8_A11_AF_AA_mGAM_mGAM_2_S56,54,H8-e003Coalescence-mBHI-p1_S815,101060,578
2,A_H5_D8_AA_AF_mGAM_mGAM_2_S89,58,H8-e003Coalescence-mBHI-p1_S815,101060,578
3,A_H8_D11_AF_AF_mGAM_mGAM_2_S92,58,H8-e003Coalescence-mBHI-p1_S815,101060,578
4,B_D8_H11_AF_AF_mGAM_mBHI_2_S140,39,H8-e003Coalescence-mBHI-p1_S815,101060,578
5,B_E8_E11_AF_AA_mGAM_mGAM_2_S152,48,H8-e003Coalescence-mBHI-p1_S815,101060,578
6,B_E12_A11_AF_AA_mGAM_mGAM_4_S156,50,H8-e003Coalescence-mBHI-p1_S815,101060,578
7,B_H5_H8_AA_AF_mGAM_mGAM_2_S185,57,H8-e003Coalescence-mBHI-p1_S815,101060,578
8,B_H8_H11_AF_AF_mGAM_mGAM_2_S188,50,H8-e003Coalescence-mBHI-p1_S815,101060,578
9,B_H9_D8_AA_AF_mGAM_mGAM_4_S189,57,H8-e003Coalescence-mBHI-p1_S815,101060,578
10,C_D8_D11_AF_AF_mGAM_mBHI_6_S236,45,H8-e003Coalescence-mBHI-p1_S815,101060,578
11,C_E8_A11_AF_AA_mGAM_mGAM_6_S248,63,H8-e003Coalescence-mBHI-p1_S815,101060,578
12,C_H5_D8_AA_AF_mGAM_mGAM_6_S281,50,H8-e003Coalescence-mBHI-p1_S815,101060,578
13,C_H8_D11_AF_AF_mGAM_mGAM_6_S284,57,H8-e003Coalescence-mBHI-p1_S815,101060,578
14,D_D8_D11_AF_AF_mGAM_mBHI_6_S332,55,H8-e003Coalescence-mBHI-p1_S815,101060,578
15,D_E8_A11_AF_AA_mGAM_mGAM_6_S344,59,H8-e003Coalescence-mBHI-p1_S815,101060,578
16,D_E12_E11_AF_AA_mGAM_mGAM_4_S348,52,H8-e003Coalescence-mBHI-p1_S815,101060,578
17,D_H5_D8_AA_AF_mGAM_mGAM_6_S377,59,H8-e003Coalescence-mBHI-p1_S815,101060,578
18,D_H8_D11_AF_AF_mGAM_mGAM_6_S380,31,H8-e003Coalescence-mBHI-p1_S815,101060,578
19,D_H9_H8_AA_AF_mGAM_mGAM_4_S381,39,H8-e003Coalescence-mBHI-p1_S815,101060,578
20,D11-e003Coalescence-mBHI-p5,51,H8-e003Coalescence-mBHI-p1_S815,101060,578
21,D11-e003Coalescence-mGAM-p5,54,H8-e003Coalescence-mBHI-p1_S815,101060,578
22,A11-e003Coalescence-mGAM-p7,51,H8-e003Coalescence-mBHI-p1_S815,101060,578
23,D8-e003Coalescence-mGAM-p5,53,H8-e003Coalescence-mBHI-p1_S815,101060,578
24,D11-e003Coalescence-mGAM-p7,56,H8-e003Coalescence-mBHI-p1_S815,101060,578
25,A11-e003Coalescence-mGAM-p3,52,H8-e003Coalescence-mBHI-p1_S815,101060,578
26,H111-e003Coalescence-mGAM-p7_S188,47,H8-e003Coalescence-mBHI-p1_S815,101060,578
27,H111-e003Coalescence-mBHI-p3_S144,56,H8-e003Coalescence-mBHI-p1_S815,101060,578
28,H111-e003Coalescence-mGAM-p5_S92,52,H8-e003Coalescence-mBHI-p1_S815,101060,578
29,H8-e003Coalescence-mGAM-p5_S89,51,H8-e003Coalescence-mBHI-p1_S815,101060,578
30,H111-e003Coalescence-mBHI-p5_S44,59,H8-e003Coalescence-mBHI-p1_S815,101060,578
31,E111-e003Coalescence-mGAM-p5_S56,60,H8-e003Coalescence-mBHI-p1_S815,101060,578
32,H111-e003Coalescence-mGAM-p3_S192,58,H8-e003Coalescence-mBHI-p1_S815,101060,578
33,H8-e003Coalescence-mGAM-p7_S185,51,H8-e003Coalescence-mBHI-p1_S815,101060,578
34,B5-e003Coalescence-Inoculumn-mGAM,51,H8-e003Coalescence-mBHI-p1_S815,101060,578
35,D5-e003Coalescence-Inoculumn-mGAM,54,H8-e003Coalescence-mBHI-p1_S815,101060,578
36,A5-e003Coalescence-Inoculumn-mGAM,47,H8-e003Coalescence-mBHI-p1_S815,101060,578
37,D2-e003Coalescence-Inoculumn-mGAM,47,H8-e003Coalescence-mBHI-p1_S815,101060,578
38,D3-e003Coalescence-Inoculumn-mGAM,50,H8-e003Coalescence-mBHI-p1_S815,101060,578
39,C5-e003Coalescence-Inoculumn-mGAM,59,H8-e003Coalescence-mBHI-p1_S815,101060,578
40,E11-e003Coalescence-mGAM-p1_S840,56,H8-e003Coalescence-mBHI-p1_S815,101060,578
41,H8-e003Coalescence-mBHI-p1_S815,578,H8-e003Coalescence-mBHI-p1_S815,101060,578
42,D8-e003Coalescence-mGAM-p1_S755,59,H8-e003Coalescence-mBHI-p1_S815,101060,578
43,H11-e003Coalescence-mGAM-p1_S843,46,H8-e003Coalescence-mBHI-p1_S815,101060,578
44,A11-e003Coalescence-mGAM-p1_S776,35,H8-e003Coalescence-mBHI-p1_S815,101060,578
45,H11-e003Coalescence-mBHI-p1_S839,55,H8-e003Coalescence-mBHI-p1_S815,101060,578
46,E11-e003Coalescence-mBHI-p1_S836,57,H8-e003Coalescence-mBHI-p1_S815,101060,578
47,H8-e003Coalescence-mGAM-p1_S819,59,H8-e003Coalescence-mBHI-p1_S815,101060,578
48,D11-e003Coalescence-mGAM-p1_S779,52,H8-e003Coalescence-mBHI-p1_S815,101060,578
49,D11-e003Coalescence-mBHI-p1_S775,44,H8-e003Coalescence-mBHI-p1_S815,101060,578
50,A11-e003Coalescence-mBHI-p1_S772,34,H8-e003Coalescence-mBHI-p1_S815,101060,578
51,Coalescence-A12-D11-AF-AF-mGAM-mBHI-7_S631,50,H8-e003Coalescence-mBHI-p1_S815,101060,578
52,Coalescence-C3-A11-AA-AF-mGAM-mGAM-5_S646,61,H8-e003Coalescence-mBHI-p1_S815,101060,578
53,Coalescence-F1-D8-AA-AF-mGAM-mGAM-3_S680,53,H8-e003Coalescence-mBHI-p1_S815,101060,578
54,Coalescence-E8-D11-AF-AF-mGAM-mBHI-3_S675,57,H8-e003Coalescence-mBHI-p1_S815,101060,578
55,Coalescence-B5-D8-AA-AF-mGAM-mGAM-7_S636,53,H8-e003Coalescence-mBHI-p1_S815,101060,578
56,Coalescence-F10-H8-AA-AF-mGAM-mGAM-3_S689,55,H8-e003Coalescence-mBHI-p1_S815,101060,578
57,Coalescence-B6-E11-AA-AF-mGAM-mGAM-7_S637,56,H8-e003Coalescence-mBHI-p1_S815,101060,578
58,Coalescence-F3-E11-AA-AF-mGAM-mGAM-3_S682,61,H8-e003Coalescence-mBHI-p1_S815,101060,578
59,B11-e003Assembly-mGAM-p3,25,H8-e003Coalescence-mBHI-p1_S815,101060,578
60,B11-e003Assembly-mGAM-p5,51,H8-e003Coalescence-mBHI-p1_S815,101060,578
61,B11-e003GlycerolRevival-mGAM-p2,41,H8-e003Coalescence-mBHI-p1_S815,101060,578
62,C11-e003Assembly-mGAM-p3,34,H8-e003Coalescence-mBHI-p1_S815,101060,578
63,C11-e003GlycerolRevival-mGAM-p2,30,H8-e003Coalescence-mBHI-p1_S815,101060,578
64,e003-inoculumn-fecal-AF,31,H8-e003Coalescence-mBHI-p1_S815,101060,578
65,C_F4_e003Assembly_6_S256,33,H8-e003Coalescence-mBHI-p1_S815,101060,578
66,C_F8_e003Assembly_6_S260,55,H8-e003Coalescence-mBHI-p1_S815,101060,578
67,C_F12_e003Assembly_4_S264,58,H8-e003Coalescence-mBHI-p1_S815,101060,578
68,D_B8_e003Assembly_S308,48,H8-e003Coalescence-mBHI-p1_S815,101060,578
69,D_F8_e003Assembly_S356,46,H8-e003Coalescence-mBHI-p1_S815,101060,578
70,D_F12_e003Assembly_S360,62,H8-e003Coalescence-mBHI-p1_S815,101060,578
71,C_H2_e003Assembly_S278,69,H8-e003Coalescence-mBHI-p1_S815,101060,578
72,C_H10_H3_ACPP_AF_mBHI_mGAM_4_S286,50,H8-e003Coalescence-mBHI-p1_S815,101060,578
0,A_D8_D11_AF_AF_mGAM_mBHI_2_S44,61,D8-e003Coalescence-mGAM-p1_S755,101060,138
1,A_E8_A11_AF_AA_mGAM_mGAM_2_S56,67,D8-e003Coalescence-mGAM-p1_S755,101060,138
2,A_H5_D8_AA_AF_mGAM_mGAM_2_S89,69,D8-e003Coalescence-mGAM-p1_S755,101060,138
3,A_H8_D11_AF_AF_mGAM_mGAM_2_S92,72,D8-e003Coalescence-mGAM-p1_S755,101060,138
4,B_D8_H11_AF_AF_mGAM_mBHI_2_S140,48,D8-e003Coalescence-mGAM-p1_S755,101060,138
5,B_E8_E11_AF_AA_mGAM_mGAM_2_S152,67,D8-e003Coalescence-mGAM-p1_S755,101060,138
6,B_E12_A11_AF_AA_mGAM_mGAM_4_S156,57,D8-e003Coalescence-mGAM-p1_S755,101060,138
7,B_H5_H8_AA_AF_mGAM_mGAM_2_S185,67,D8-e003Coalescence-mGAM-p1_S755,101060,138
8,B_H8_H11_AF_AF_mGAM_mGAM_2_S188,62,D8-e003Coalescence-mGAM-p1_S755,101060,138
9,B_H9_D8_AA_AF_mGAM_mGAM_4_S189,73,D8-e003Coalescence-mGAM-p1_S755,101060,138
10,C_D8_D11_AF_AF_mGAM_mBHI_6_S236,52,D8-e003Coalescence-mGAM-p1_S755,101060,138
11,C_E8_A11_AF_AA_mGAM_mGAM_6_S248,74,D8-e003Coalescence-mGAM-p1_S755,101060,138
12,C_H5_D8_AA_AF_mGAM_mGAM_6_S281,51,D8-e003Coalescence-mGAM-p1_S755,101060,138
13,C_H8_D11_AF_AF_mGAM_mGAM_6_S284,67,D8-e003Coalescence-mGAM-p1_S755,101060,138
14,D_D8_D11_AF_AF_mGAM_mBHI_6_S332,58,D8-e003Coalescence-mGAM-p1_S755,101060,138
15,D_E8_A11_AF_AA_mGAM_mGAM_6_S344,70,D8-e003Coalescence-mGAM-p1_S755,101060,138
16,D_E12_E11_AF_AA_mGAM_mGAM_4_S348,76,D8-e003Coalescence-mGAM-p1_S755,101060,138
17,D_H5_D8_AA_AF_mGAM_mGAM_6_S377,73,D8-e003Coalescence-mGAM-p1_S755,101060,138
18,D_H8_D11_AF_AF_mGAM_mGAM_6_S380,44,D8-e003Coalescence-mGAM-p1_S755,101060,138
19,D_H9_H8_AA_AF_mGAM_mGAM_4_S381,37,D8-e003Coalescence-mGAM-p1_S755,101060,138
20,D11-e003Coalescence-mBHI-p5,61,D8-e003Coalescence-mGAM-p1_S755,101060,138
21,D11-e003Coalescence-mGAM-p5,64,D8-e003Coalescence-mGAM-p1_S755,101060,138
22,A11-e003Coalescence-mGAM-p7,47,D8-e003Coalescence-mGAM-p1_S755,101060,138
23,D8-e003Coalescence-mGAM-p5,60,D8-e003Coalescence-mGAM-p1_S755,101060,138
24,D11-e003Coalescence-mGAM-p7,66,D8-e003Coalescence-mGAM-p1_S755,101060,138
25,A11-e003Coalescence-mGAM-p3,62,D8-e003Coalescence-mGAM-p1_S755,101060,138
26,H111-e003Coalescence-mGAM-p7_S188,51,D8-e003Coalescence-mGAM-p1_S755,101060,138
27,H111-e003Coalescence-mBHI-p3_S144,59,D8-e003Coalescence-mGAM-p1_S755,101060,138
28,H111-e003Coalescence-mGAM-p5_S92,62,D8-e003Coalescence-mGAM-p1_S755,101060,138
29,H8-e003Coalescence-mGAM-p5_S89,57,D8-e003Coalescence-mGAM-p1_S755,101060,138
30,H111-e003Coalescence-mBHI-p5_S44,63,D8-e003Coalescence-mGAM-p1_S755,101060,138
31,E111-e003Coalescence-mGAM-p5_S56,69,D8-e003Coalescence-mGAM-p1_S755,101060,138
32,H111-e003Coalescence-mGAM-p3_S192,71,D8-e003Coalescence-mGAM-p1_S755,101060,138
33,H8-e003Coalescence-mGAM-p7_S185,53,D8-e003Coalescence-mGAM-p1_S755,101060,138
34,B5-e003Coalescence-Inoculumn-mGAM,62,D8-e003Coalescence-mGAM-p1_S755,101060,138
35,D5-e003Coalescence-Inoculumn-mGAM,64,D8-e003Coalescence-mGAM-p1_S755,101060,138
36,A5-e003Coalescence-Inoculumn-mGAM,60,D8-e003Coalescence-mGAM-p1_S755,101060,138
37,D2-e003Coalescence-Inoculumn-mGAM,62,D8-e003Coalescence-mGAM-p1_S755,101060,138
38,D3-e003Coalescence-Inoculumn-mGAM,77,D8-e003Coalescence-mGAM-p1_S755,101060,138
39,C5-e003Coalescence-Inoculumn-mGAM,77,D8-e003Coalescence-mGAM-p1_S755,101060,138
40,E11-e003Coalescence-mGAM-p1_S840,60,D8-e003Coalescence-mGAM-p1_S755,101060,138
41,H8-e003Coalescence-mBHI-p1_S815,59,D8-e003Coalescence-mGAM-p1_S755,101060,138
42,D8-e003Coalescence-mGAM-p1_S755,138,D8-e003Coalescence-mGAM-p1_S755,101060,138
43,H11-e003Coalescence-mGAM-p1_S843,53,D8-e003Coalescence-mGAM-p1_S755,101060,138
44,A11-e003Coalescence-mGAM-p1_S776,32,D8-e003Coalescence-mGAM-p1_S755,101060,138
45,H11-e003Coalescence-mBHI-p1_S839,64,D8-e003Coalescence-mGAM-p1_S755,101060,138
46,E11-e003Coalescence-mBHI-p1_S836,61,D8-e003Coalescence-mGAM-p1_S755,101060,138
47,H8-e003Coalescence-mGAM-p1_S819,70,D8-e003Coalescence-mGAM-p1_S755,101060,138
48,D11-e003Coalescence-mGAM-p1_S779,75,D8-e003Coalescence-mGAM-p1_S755,101060,138
49,D11-e003Coalescence-mBHI-p1_S775,50,D8-e003Coalescence-mGAM-p1_S755,101060,138
50,A11-e003Coalescence-mBHI-p1_S772,29,D8-e003Coalescence-mGAM-p1_S755,101060,138
51,Coalescence-A12-D11-AF-AF-mGAM-mBHI-7_S631,72,D8-e003Coalescence-mGAM-p1_S755,101060,138
52,Coalescence-C3-A11-AA-AF-mGAM-mGAM-5_S646,65,D8-e003Coalescence-mGAM-p1_S755,101060,138
53,Coalescence-F1-D8-AA-AF-mGAM-mGAM-3_S680,64,D8-e003Coalescence-mGAM-p1_S755,101060,138
54,Coalescence-E8-D11-AF-AF-mGAM-mBHI-3_S675,65,D8-e003Coalescence-mGAM-p1_S755,101060,138
55,Coalescence-B5-D8-AA-AF-mGAM-mGAM-7_S636,61,D8-e003Coalescence-mGAM-p1_S755,101060,138
56,Coalescence-F10-H8-AA-AF-mGAM-mGAM-3_S689,65,D8-e003Coalescence-mGAM-p1_S755,101060,138
57,Coalescence-B6-E11-AA-AF-mGAM-mGAM-7_S637,75,D8-e003Coalescence-mGAM-p1_S755,101060,138
58,Coalescence-F3-E11-AA-AF-mGAM-mGAM-3_S682,69,D8-e003Coalescence-mGAM-p1_S755,101060,138
59,B11-e003Assembly-mGAM-p3,21,D8-e003Coalescence-mGAM-p1_S755,101060,138
60,B11-e003Assembly-mGAM-p5,48,D8-e003Coalescence-mGAM-p1_S755,101060,138
61,B11-e003GlycerolRevival-mGAM-p2,46,D8-e003Coalescence-mGAM-p1_S755,101060,138
62,C11-e003Assembly-mGAM-p3,39,D8-e003Coalescence-mGAM-p1_S755,101060,138
63,C11-e003GlycerolRevival-mGAM-p2,27,D8-e003Coalescence-mGAM-p1_S755,101060,138
64,e003-inoculumn-fecal-AF,28,D8-e003Coalescence-mGAM-p1_S755,101060,138
65,C_F4_e003Assembly_6_S256,36,D8-e003Coalescence-mGAM-p1_S755,101060,138
66,C_F8_e003Assembly_6_S260,66,D8-e003Coalescence-mGAM-p1_S755,101060,138
67,C_F12_e003Assembly_4_S264,71,D8-e003Coalescence-mGAM-p1_S755,101060,138
68,D_B8_e003Assembly_S308,68,D8-e003Coalescence-mGAM-p1_S755,101060,138
69,D_F8_e003Assembly_S356,60,D8-e003Coalescence-mGAM-p1_S755,101060,138
70,D_F12_e003Assembly_S360,76,D8-e003Coalescence-mGAM-p1_S755,101060,138
71,C_H2_e003Assembly_S278,72,D8-e003Coalescence-mGAM-p1_S755,101060,138
72,C_H10_H3_ACPP_AF_mBHI_mGAM_4_S286,55,D8-e003Coalescence-mGAM-p1_S755,101060,138
0,A_D8_D11_AF_AF_mGAM_mBHI_2_S44,55,H11-e003Coalescence-mGAM-p1_S843,101060,129
1,A_E8_A11_AF_AA_mGAM_mGAM_2_S56,60,H11-e003Coalescence-mGAM-p1_S843,101060,129
2,A_H5_D8_AA_AF_mGAM_mGAM_2_S89,55,H11-e003Coalescence-mGAM-p1_S843,101060,129
3,A_H8_D11_AF_AF_mGAM_mGAM_2_S92,58,H11-e003Coalescence-mGAM-p1_S843,101060,129
4,B_D8_H11_AF_AF_mGAM_mBHI_2_S140,46,H11-e003Coalescence-mGAM-p1_S843,101060,129
5,B_E8_E11_AF_AA_mGAM_mGAM_2_S152,55,H11-e003Coalescence-mGAM-p1_S843,101060,129
6,B_E12_A11_AF_AA_mGAM_mGAM_4_S156,61,H11-e003Coalescence-mGAM-p1_S843,101060,129
7,B_H5_H8_AA_AF_mGAM_mGAM_2_S185,59,H11-e003Coalescence-mGAM-p1_S843,101060,129
8,B_H8_H11_AF_AF_mGAM_mGAM_2_S188,49,H11-e003Coalescence-mGAM-p1_S843,101060,129
9,B_H9_D8_AA_AF_mGAM_mGAM_4_S189,55,H11-e003Coalescence-mGAM-p1_S843,101060,129
10,C_D8_D11_AF_AF_mGAM_mBHI_6_S236,42,H11-e003Coalescence-mGAM-p1_S843,101060,129
11,C_E8_A11_AF_AA_mGAM_mGAM_6_S248,60,H11-e003Coalescence-mGAM-p1_S843,101060,129
12,C_H5_D8_AA_AF_mGAM_mGAM_6_S281,47,H11-e003Coalescence-mGAM-p1_S843,101060,129
13,C_H8_D11_AF_AF_mGAM_mGAM_6_S284,51,H11-e003Coalescence-mGAM-p1_S843,101060,129
14,D_D8_D11_AF_AF_mGAM_mBHI_6_S332,65,H11-e003Coalescence-mGAM-p1_S843,101060,129
15,D_E8_A11_AF_AA_mGAM_mGAM_6_S344,61,H11-e003Coalescence-mGAM-p1_S843,101060,129
16,D_E12_E11_AF_AA_mGAM_mGAM_4_S348,56,H11-e003Coalescence-mGAM-p1_S843,101060,129
17,D_H5_D8_AA_AF_mGAM_mGAM_6_S377,58,H11-e003Coalescence-mGAM-p1_S843,101060,129
18,D_H8_D11_AF_AF_mGAM_mGAM_6_S380,41,H11-e003Coalescence-mGAM-p1_S843,101060,129
19,D_H9_H8_AA_AF_mGAM_mGAM_4_S381,41,H11-e003Coalescence-mGAM-p1_S843,101060,129
20,D11-e003Coalescence-mBHI-p5,53,H11-e003Coalescence-mGAM-p1_S843,101060,129
21,D11-e003Coalescence-mGAM-p5,55,H11-e003Coalescence-mGAM-p1_S843,101060,129
22,A11-e003Coalescence-mGAM-p7,44,H11-e003Coalescence-mGAM-p1_S843,101060,129
23,D8-e003Coalescence-mGAM-p5,53,H11-e003Coalescence-mGAM-p1_S843,101060,129
24,D11-e003Coalescence-mGAM-p7,62,H11-e003Coalescence-mGAM-p1_S843,101060,129
25,A11-e003Coalescence-mGAM-p3,47,H11-e003Coalescence-mGAM-p1_S843,101060,129
26,H111-e003Coalescence-mGAM-p7_S188,51,H11-e003Coalescence-mGAM-p1_S843,101060,129
27,H111-e003Coalescence-mBHI-p3_S144,60,H11-e003Coalescence-mGAM-p1_S843,101060,129
28,H111-e003Coalescence-mGAM-p5_S92,58,H11-e003Coalescence-mGAM-p1_S843,101060,129
29,H8-e003Coalescence-mGAM-p5_S89,47,H11-e003Coalescence-mGAM-p1_S843,101060,129
30,H111-e003Coalescence-mBHI-p5_S44,52,H11-e003Coalescence-mGAM-p1_S843,101060,129
31,E111-e003Coalescence-mGAM-p5_S56,50,H11-e003Coalescence-mGAM-p1_S843,101060,129
32,H111-e003Coalescence-mGAM-p3_S192,65,H11-e003Coalescence-mGAM-p1_S843,101060,129
33,H8-e003Coalescence-mGAM-p7_S185,55,H11-e003Coalescence-mGAM-p1_S843,101060,129
34,B5-e003Coalescence-Inoculumn-mGAM,51,H11-e003Coalescence-mGAM-p1_S843,101060,129
35,D5-e003Coalescence-Inoculumn-mGAM,52,H11-e003Coalescence-mGAM-p1_S843,101060,129
36,A5-e003Coalescence-Inoculumn-mGAM,53,H11-e003Coalescence-mGAM-p1_S843,101060,129
37,D2-e003Coalescence-Inoculumn-mGAM,47,H11-e003Coalescence-mGAM-p1_S843,101060,129
38,D3-e003Coalescence-Inoculumn-mGAM,60,H11-e003Coalescence-mGAM-p1_S843,101060,129
39,C5-e003Coalescence-Inoculumn-mGAM,63,H11-e003Coalescence-mGAM-p1_S843,101060,129
40,E11-e003Coalescence-mGAM-p1_S840,60,H11-e003Coalescence-mGAM-p1_S843,101060,129
41,H8-e003Coalescence-mBHI-p1_S815,46,H11-e003Coalescence-mGAM-p1_S843,101060,129
42,D8-e003Coalescence-mGAM-p1_S755,53,H11-e003Coalescence-mGAM-p1_S843,101060,129
43,H11-e003Coalescence-mGAM-p1_S843,129,H11-e003Coalescence-mGAM-p1_S843,101060,129
44,A11-e003Coalescence-mGAM-p1_S776,34,H11-e003Coalescence-mGAM-p1_S843,101060,129
45,H11-e003Coalescence-mBHI-p1_S839,64,H11-e003Coalescence-mGAM-p1_S843,101060,129
46,E11-e003Coalescence-mBHI-p1_S836,60,H11-e003Coalescence-mGAM-p1_S843,101060,129
47,H8-e003Coalescence-mGAM-p1_S819,57,H11-e003Coalescence-mGAM-p1_S843,101060,129
48,D11-e003Coalescence-mGAM-p1_S779,48,H11-e003Coalescence-mGAM-p1_S843,101060,129
49,D11-e003Coalescence-mBHI-p1_S775,48,H11-e003Coalescence-mGAM-p1_S843,101060,129
50,A11-e003Coalescence-mBHI-p1_S772,28,H11-e003Coalescence-mGAM-p1_S843,101060,129
51,Coalescence-A12-D11-AF-AF-mGAM-mBHI-7_S631,51,H11-e003Coalescence-mGAM-p1_S843,101060,129
52,Coalescence-C3-A11-AA-AF-mGAM-mGAM-5_S646,56,H11-e003Coalescence-mGAM-p1_S843,101060,129
53,Coalescence-F1-D8-AA-AF-mGAM-mGAM-3_S680,55,H11-e003Coalescence-mGAM-p1_S843,101060,129
54,Coalescence-E8-D11-AF-AF-mGAM-mBHI-3_S675,58,H11-e003Coalescence-mGAM-p1_S843,101060,129
55,Coalescence-B5-D8-AA-AF-mGAM-mGAM-7_S636,61,H11-e003Coalescence-mGAM-p1_S843,101060,129
56,Coalescence-F10-H8-AA-AF-mGAM-mGAM-3_S689,60,H11-e003Coalescence-mGAM-p1_S843,101060,129
57,Coalescence-B6-E11-AA-AF-mGAM-mGAM-7_S637,61,H11-e003Coalescence-mGAM-p1_S843,101060,129
58,Coalescence-F3-E11-AA-AF-mGAM-mGAM-3_S682,64,H11-e003Coalescence-mGAM-p1_S843,101060,129
59,B11-e003Assembly-mGAM-p3,26,H11-e003Coalescence-mGAM-p1_S843,101060,129
60,B11-e003Assembly-mGAM-p5,39,H11-e003Coalescence-mGAM-p1_S843,101060,129
61,B11-e003GlycerolRevival-mGAM-p2,41,H11-e003Coalescence-mGAM-p1_S843,101060,129
62,C11-e003Assembly-mGAM-p3,31,H11-e003Coalescence-mGAM-p1_S843,101060,129
63,C11-e003GlycerolRevival-mGAM-p2,36,H11-e003Coalescence-mGAM-p1_S843,101060,129
64,e003-inoculumn-fecal-AF,27,H11-e003Coalescence-mGAM-p1_S843,101060,129
65,C_F4_e003Assembly_6_S256,37,H11-e003Coalescence-mGAM-p1_S843,101060,129
66,C_F8_e003Assembly_6_S260,62,H11-e003Coalescence-mGAM-p1_S843,101060,129
67,C_F12_e003Assembly_4_S264,55,H11-e003Coalescence-mGAM-p1_S843,101060,129
68,D_B8_e003Assembly_S308,51,H11-e003Coalescence-mGAM-p1_S843,101060,129
69,D_F8_e003Assembly_S356,53,H11-e003Coalescence-mGAM-p1_S843,101060,129
70,D_F12_e003Assembly_S360,64,H11-e003Coalescence-mGAM-p1_S843,101060,129
71,C_H2_e003Assembly_S278,63,H11-e003Coalescence-mGAM-p1_S843,101060,129
72,C_H10_H3_ACPP_AF_mBHI_mGAM_4_S286,51,H11-e003Coalescence-mGAM-p1_S843,101060,129
0,A_D8_D11_AF_AF_mGAM_mBHI_2_S44,34,A11-e003Coalescence-mGAM-p1_S776,101060,458
1,A_E8_A11_AF_AA_mGAM_mGAM_2_S56,29,A11-e003Coalescence-mGAM-p1_S776,101060,458
2,A_H5_D8_AA_AF_mGAM_mGAM_2_S89,34,A11-e003Coalescence-mGAM-p1_S776,101060,458
3,A_H8_D11_AF_AF_mGAM_mGAM_2_S92,35,A11-e003Coalescence-mGAM-p1_S776,101060,458
4,B_D8_H11_AF_AF_mGAM_mBHI_2_S140,24,A11-e003Coalescence-mGAM-p1_S776,101060,458
5,B_E8_E11_AF_AA_mGAM_mGAM_2_S152,34,A11-e003Coalescence-mGAM-p1_S776,101060,458
6,B_E12_A11_AF_AA_mGAM_mGAM_4_S156,35,A11-e003Coalescence-mGAM-p1_S776,101060,458
7,B_H5_H8_AA_AF_mGAM_mGAM_2_S185,34,A11-e003Coalescence-mGAM-p1_S776,101060,458
8,B_H8_H11_AF_AF_mGAM_mGAM_2_S188,29,A11-e003Coalescence-mGAM-p1_S776,101060,458
9,B_H9_D8_AA_AF_mGAM_mGAM_4_S189,36,A11-e003Coalescence-mGAM-p1_S776,101060,458
10,C_D8_D11_AF_AF_mGAM_mBHI_6_S236,23,A11-e003Coalescence-mGAM-p1_S776,101060,458
11,C_E8_A11_AF_AA_mGAM_mGAM_6_S248,34,A11-e003Coalescence-mGAM-p1_S776,101060,458
12,C_H5_D8_AA_AF_mGAM_mGAM_6_S281,24,A11-e003Coalescence-mGAM-p1_S776,101060,458
13,C_H8_D11_AF_AF_mGAM_mGAM_6_S284,27,A11-e003Coalescence-mGAM-p1_S776,101060,458
14,D_D8_D11_AF_AF_mGAM_mBHI_6_S332,36,A11-e003Coalescence-mGAM-p1_S776,101060,458
15,D_E8_A11_AF_AA_mGAM_mGAM_6_S344,32,A11-e003Coalescence-mGAM-p1_S776,101060,458
16,D_E12_E11_AF_AA_mGAM_mGAM_4_S348,30,A11-e003Coalescence-mGAM-p1_S776,101060,458
17,D_H5_D8_AA_AF_mGAM_mGAM_6_S377,34,A11-e003Coalescence-mGAM-p1_S776,101060,458
18,D_H8_D11_AF_AF_mGAM_mGAM_6_S380,19,A11-e003Coalescence-mGAM-p1_S776,101060,458
19,D_H9_H8_AA_AF_mGAM_mGAM_4_S381,29,A11-e003Coalescence-mGAM-p1_S776,101060,458
20,D11-e003Coalescence-mBHI-p5,26,A11-e003Coalescence-mGAM-p1_S776,101060,458
21,D11-e003Coalescence-mGAM-p5,32,A11-e003Coalescence-mGAM-p1_S776,101060,458
22,A11-e003Coalescence-mGAM-p7,29,A11-e003Coalescence-mGAM-p1_S776,101060,458
23,D8-e003Coalescence-mGAM-p5,26,A11-e003Coalescence-mGAM-p1_S776,101060,458
24,D11-e003Coalescence-mGAM-p7,36,A11-e003Coalescence-mGAM-p1_S776,101060,458
25,A11-e003Coalescence-mGAM-p3,26,A11-e003Coalescence-mGAM-p1_S776,101060,458
26,H111-e003Coalescence-mGAM-p7_S188,29,A11-e003Coalescence-mGAM-p1_S776,101060,458
27,H111-e003Coalescence-mBHI-p3_S144,37,A11-e003Coalescence-mGAM-p1_S776,101060,458
28,H111-e003Coalescence-mGAM-p5_S92,33,A11-e003Coalescence-mGAM-p1_S776,101060,458
29,H8-e003Coalescence-mGAM-p5_S89,28,A11-e003Coalescence-mGAM-p1_S776,101060,458
30,H111-e003Coalescence-mBHI-p5_S44,32,A11-e003Coalescence-mGAM-p1_S776,101060,458
31,E111-e003Coalescence-mGAM-p5_S56,25,A11-e003Coalescence-mGAM-p1_S776,101060,458
32,H111-e003Coalescence-mGAM-p3_S192,36,A11-e003Coalescence-mGAM-p1_S776,101060,458
33,H8-e003Coalescence-mGAM-p7_S185,34,A11-e003Coalescence-mGAM-p1_S776,101060,458
34,B5-e003Coalescence-Inoculumn-mGAM,33,A11-e003Coalescence-mGAM-p1_S776,101060,458
35,D5-e003Coalescence-Inoculumn-mGAM,29,A11-e003Coalescence-mGAM-p1_S776,101060,458
36,A5-e003Coalescence-Inoculumn-mGAM,27,A11-e003Coalescence-mGAM-p1_S776,101060,458
37,D2-e003Coalescence-Inoculumn-mGAM,30,A11-e003Coalescence-mGAM-p1_S776,101060,458
38,D3-e003Coalescence-Inoculumn-mGAM,26,A11-e003Coalescence-mGAM-p1_S776,101060,458
39,C5-e003Coalescence-Inoculumn-mGAM,33,A11-e003Coalescence-mGAM-p1_S776,101060,458
40,E11-e003Coalescence-mGAM-p1_S840,30,A11-e003Coalescence-mGAM-p1_S776,101060,458
41,H8-e003Coalescence-mBHI-p1_S815,35,A11-e003Coalescence-mGAM-p1_S776,101060,458
42,D8-e003Coalescence-mGAM-p1_S755,32,A11-e003Coalescence-mGAM-p1_S776,101060,458
43,H11-e003Coalescence-mGAM-p1_S843,34,A11-e003Coalescence-mGAM-p1_S776,101060,458
44,A11-e003Coalescence-mGAM-p1_S776,458,A11-e003Coalescence-mGAM-p1_S776,101060,458
45,H11-e003Coalescence-mBHI-p1_S839,32,A11-e003Coalescence-mGAM-p1_S776,101060,458
46,E11-e003Coalescence-mBHI-p1_S836,38,A11-e003Coalescence-mGAM-p1_S776,101060,458
47,H8-e003Coalescence-mGAM-p1_S819,33,A11-e003Coalescence-mGAM-p1_S776,101060,458
48,D11-e003Coalescence-mGAM-p1_S779,29,A11-e003Coalescence-mGAM-p1_S776,101060,458
49,D11-e003Coalescence-mBHI-p1_S775,21,A11-e003Coalescence-mGAM-p1_S776,101060,458
50,A11-e003Coalescence-mBHI-p1_S772,17,A11-e003Coalescence-mGAM-p1_S776,101060,458
51,Coalescence-A12-D11-AF-AF-mGAM-mBHI-7_S631,33,A11-e003Coalescence-mGAM-p1_S776,101060,458
52,Coalescence-C3-A11-AA-AF-mGAM-mGAM-5_S646,32,A11-e003Coalescence-mGAM-p1_S776,101060,458
53,Coalescence-F1-D8-AA-AF-mGAM-mGAM-3_S680,33,A11-e003Coalescence-mGAM-p1_S776,101060,458
54,Coalescence-E8-D11-AF-AF-mGAM-mBHI-3_S675,33,A11-e003Coalescence-mGAM-p1_S776,101060,458
55,Coalescence-B5-D8-AA-AF-mGAM-mGAM-7_S636,35,A11-e003Coalescence-mGAM-p1_S776,101060,458
56,Coalescence-F10-H8-AA-AF-mGAM-mGAM-3_S689,32,A11-e003Coalescence-mGAM-p1_S776,101060,458
57,Coalescence-B6-E11-AA-AF-mGAM-mGAM-7_S637,33,A11-e003Coalescence-mGAM-p1_S776,101060,458
58,Coalescence-F3-E11-AA-AF-mGAM-mGAM-3_S682,35,A11-e003Coalescence-mGAM-p1_S776,101060,458
59,B11-e003Assembly-mGAM-p3,13,A11-e003Coalescence-mGAM-p1_S776,101060,458
60,B11-e003Assembly-mGAM-p5,28,A11-e003Coalescence-mGAM-p1_S776,101060,458
61,B11-e003GlycerolRevival-mGAM-p2,25,A11-e003Coalescence-mGAM-p1_S776,101060,458
62,C11-e003Assembly-mGAM-p3,18,A11-e003Coalescence-mGAM-p1_S776,101060,458
63,C11-e003GlycerolRevival-mGAM-p2,15,A11-e003Coalescence-mGAM-p1_S776,101060,458
64,e003-inoculumn-fecal-AF,21,A11-e003Coalescence-mGAM-p1_S776,101060,458
65,C_F4_e003Assembly_6_S256,25,A11-e003Coalescence-mGAM-p1_S776,101060,458
66,C_F8_e003Assembly_6_S260,35,A11-e003Coalescence-mGAM-p1_S776,101060,458
67,C_F12_e003Assembly_4_S264,32,A11-e003Coalescence-mGAM-p1_S776,101060,458
68,D_B8_e003Assembly_S308,30,A11-e003Coalescence-mGAM-p1_S776,101060,458
69,D_F8_e003Assembly_S356,31,A11-e003Coalescence-mGAM-p1_S776,101060,458
70,D_F12_e003Assembly_S360,33,A11-e003Coalescence-mGAM-p1_S776,101060,458
71,C_H2_e003Assembly_S278,39,A11-e003Coalescence-mGAM-p1_S776,101060,458
72,C_H10_H3_ACPP_AF_mBHI_mGAM_4_S286,37,A11-e003Coalescence-mGAM-p1_S776,101060,458
0,A_D8_D11_AF_AF_mGAM_mBHI_2_S44,73,H11-e003Coalescence-mBHI-p1_S839,101060,108
1,A_E8_A11_AF_AA_mGAM_mGAM_2_S56,71,H11-e003Coalescence-mBHI-p1_S839,101060,108
2,A_H5_D8_AA_AF_mGAM_mGAM_2_S89,71,H11-e003Coalescence-mBHI-p1_S839,101060,108
3,A_H8_D11_AF_AF_mGAM_mGAM_2_S92,75,H11-e003Coalescence-mBHI-p1_S839,101060,108
4,B_D8_H11_AF_AF_mGAM_mBHI_2_S140,52,H11-e003Coalescence-mBHI-p1_S839,101060,108
5,B_E8_E11_AF_AA_mGAM_mGAM_2_S152,67,H11-e003Coalescence-mBHI-p1_S839,101060,108
6,B_E12_A11_AF_AA_mGAM_mGAM_4_S156,78,H11-e003Coalescence-mBHI-p1_S839,101060,108
7,B_H5_H8_AA_AF_mGAM_mGAM_2_S185,74,H11-e003Coalescence-mBHI-p1_S839,101060,108
8,B_H8_H11_AF_AF_mGAM_mGAM_2_S188,65,H11-e003Coalescence-mBHI-p1_S839,101060,108
9,B_H9_D8_AA_AF_mGAM_mGAM_4_S189,75,H11-e003Coalescence-mBHI-p1_S839,101060,108
10,C_D8_D11_AF_AF_mGAM_mBHI_6_S236,54,H11-e003Coalescence-mBHI-p1_S839,101060,108
11,C_E8_A11_AF_AA_mGAM_mGAM_6_S248,72,H11-e003Coalescence-mBHI-p1_S839,101060,108
12,C_H5_D8_AA_AF_mGAM_mGAM_6_S281,60,H11-e003Coalescence-mBHI-p1_S839,101060,108
13,C_H8_D11_AF_AF_mGAM_mGAM_6_S284,63,H11-e003Coalescence-mBHI-p1_S839,101060,108
14,D_D8_D11_AF_AF_mGAM_mBHI_6_S332,66,H11-e003Coalescence-mBHI-p1_S839,101060,108
15,D_E8_A11_AF_AA_mGAM_mGAM_6_S344,72,H11-e003Coalescence-mBHI-p1_S839,101060,108
16,D_E12_E11_AF_AA_mGAM_mGAM_4_S348,70,H11-e003Coalescence-mBHI-p1_S839,101060,108
17,D_H5_D8_AA_AF_mGAM_mGAM_6_S377,81,H11-e003Coalescence-mBHI-p1_S839,101060,108
18,D_H8_D11_AF_AF_mGAM_mGAM_6_S380,44,H11-e003Coalescence-mBHI-p1_S839,101060,108
19,D_H9_H8_AA_AF_mGAM_mGAM_4_S381,45,H11-e003Coalescence-mBHI-p1_S839,101060,108
20,D11-e003Coalescence-mBHI-p5,60,H11-e003Coalescence-mBHI-p1_S839,101060,108
21,D11-e003Coalescence-mGAM-p5,69,H11-e003Coalescence-mBHI-p1_S839,101060,108
22,A11-e003Coalescence-mGAM-p7,55,H11-e003Coalescence-mBHI-p1_S839,101060,108
23,D8-e003Coalescence-mGAM-p5,67,H11-e003Coalescence-mBHI-p1_S839,101060,108
24,D11-e003Coalescence-mGAM-p7,76,H11-e003Coalescence-mBHI-p1_S839,101060,108
25,A11-e003Coalescence-mGAM-p3,61,H11-e003Coalescence-mBHI-p1_S839,101060,108
26,H111-e003Coalescence-mGAM-p7_S188,62,H11-e003Coalescence-mBHI-p1_S839,101060,108
27,H111-e003Coalescence-mBHI-p3_S144,66,H11-e003Coalescence-mBHI-p1_S839,101060,108
28,H111-e003Coalescence-mGAM-p5_S92,61,H11-e003Coalescence-mBHI-p1_S839,101060,108
29,H8-e003Coalescence-mGAM-p5_S89,54,H11-e003Coalescence-mBHI-p1_S839,101060,108
30,H111-e003Coalescence-mBHI-p5_S44,71,H11-e003Coalescence-mBHI-p1_S839,101060,108
31,E111-e003Coalescence-mGAM-p5_S56,58,H11-e003Coalescence-mBHI-p1_S839,101060,108
32,H111-e003Coalescence-mGAM-p3_S192,71,H11-e003Coalescence-mBHI-p1_S839,101060,108
33,H8-e003Coalescence-mGAM-p7_S185,66,H11-e003Coalescence-mBHI-p1_S839,101060,108
34,B5-e003Coalescence-Inoculumn-mGAM,65,H11-e003Coalescence-mBHI-p1_S839,101060,108
35,D5-e003Coalescence-Inoculumn-mGAM,67,H11-e003Coalescence-mBHI-p1_S839,101060,108
36,A5-e003Coalescence-Inoculumn-mGAM,67,H11-e003Coalescence-mBHI-p1_S839,101060,108
37,D2-e003Coalescence-Inoculumn-mGAM,74,H11-e003Coalescence-mBHI-p1_S839,101060,108
38,D3-e003Coalescence-Inoculumn-mGAM,72,H11-e003Coalescence-mBHI-p1_S839,101060,108
39,C5-e003Coalescence-Inoculumn-mGAM,74,H11-e003Coalescence-mBHI-p1_S839,101060,108
40,E11-e003Coalescence-mGAM-p1_S840,78,H11-e003Coalescence-mBHI-p1_S839,101060,108
41,H8-e003Coalescence-mBHI-p1_S815,55,H11-e003Coalescence-mBHI-p1_S839,101060,108
42,D8-e003Coalescence-mGAM-p1_S755,64,H11-e003Coalescence-mBHI-p1_S839,101060,108
43,H11-e003Coalescence-mGAM-p1_S843,64,H11-e003Coalescence-mBHI-p1_S839,101060,108
44,A11-e003Coalescence-mGAM-p1_S776,32,H11-e003Coalescence-mBHI-p1_S839,101060,108
45,H11-e003Coalescence-mBHI-p1_S839,108,H11-e003Coalescence-mBHI-p1_S839,101060,108
46,E11-e003Coalescence-mBHI-p1_S836,67,H11-e003Coalescence-mBHI-p1_S839,101060,108
47,H8-e003Coalescence-mGAM-p1_S819,66,H11-e003Coalescence-mBHI-p1_S839,101060,108
48,D11-e003Coalescence-mGAM-p1_S779,71,H11-e003Coalescence-mBHI-p1_S839,101060,108
49,D11-e003Coalescence-mBHI-p1_S775,55,H11-e003Coalescence-mBHI-p1_S839,101060,108
50,A11-e003Coalescence-mBHI-p1_S772,33,H11-e003Coalescence-mBHI-p1_S839,101060,108
51,Coalescence-A12-D11-AF-AF-mGAM-mBHI-7_S631,71,H11-e003Coalescence-mBHI-p1_S839,101060,108
52,Coalescence-C3-A11-AA-AF-mGAM-mGAM-5_S646,77,H11-e003Coalescence-mBHI-p1_S839,101060,108
53,Coalescence-F1-D8-AA-AF-mGAM-mGAM-3_S680,67,H11-e003Coalescence-mBHI-p1_S839,101060,108
54,Coalescence-E8-D11-AF-AF-mGAM-mBHI-3_S675,74,H11-e003Coalescence-mBHI-p1_S839,101060,108
55,Coalescence-B5-D8-AA-AF-mGAM-mGAM-7_S636,77,H11-e003Coalescence-mBHI-p1_S839,101060,108
56,Coalescence-F10-H8-AA-AF-mGAM-mGAM-3_S689,76,H11-e003Coalescence-mBHI-p1_S839,101060,108
57,Coalescence-B6-E11-AA-AF-mGAM-mGAM-7_S637,75,H11-e003Coalescence-mBHI-p1_S839,101060,108
58,Coalescence-F3-E11-AA-AF-mGAM-mGAM-3_S682,73,H11-e003Coalescence-mBHI-p1_S839,101060,108
59,B11-e003Assembly-mGAM-p3,34,H11-e003Coalescence-mBHI-p1_S839,101060,108
60,B11-e003Assembly-mGAM-p5,62,H11-e003Coalescence-mBHI-p1_S839,101060,108
61,B11-e003GlycerolRevival-mGAM-p2,50,H11-e003Coalescence-mBHI-p1_S839,101060,108
62,C11-e003Assembly-mGAM-p3,35,H11-e003Coalescence-mBHI-p1_S839,101060,108
63,C11-e003GlycerolRevival-mGAM-p2,42,H11-e003Coalescence-mBHI-p1_S839,101060,108
64,e003-inoculumn-fecal-AF,32,H11-e003Coalescence-mBHI-p1_S839,101060,108
65,C_F4_e003Assembly_6_S256,40,H11-e003Coalescence-mBHI-p1_S839,101060,108
66,C_F8_e003Assembly_6_S260,68,H11-e003Coalescence-mBHI-p1_S839,101060,108
67,C_F12_e003Assembly_4_S264,73,H11-e003Coalescence-mBHI-p1_S839,101060,108
68,D_B8_e003Assembly_S308,62,H11-e003Coalescence-mBHI-p1_S839,101060,108
69,D_F8_e003Assembly_S356,59,H11-e003Coalescence-mBHI-p1_S839,101060,108
70,D_F12_e003Assembly_S360,80,H11-e003Coalescence-mBHI-p1_S839,101060,108
71,C_H2_e003Assembly_S278,75,H11-e003Coalescence-mBHI-p1_S839,101060,108
72,C_H10_H3_ACPP_AF_mBHI_mGAM_4_S286,61,H11-e003Coalescence-mBHI-p1_S839,101060,108
0,A_D8_D11_AF_AF_mGAM_mBHI_2_S44,62,E11-e003Coalescence-mBHI-p1_S836,101060,161
1,A_E8_A11_AF_AA_mGAM_mGAM_2_S56,65,E11-e003Coalescence-mBHI-p1_S836,101060,161
2,A_H5_D8_AA_AF_mGAM_mGAM_2_S89,63,E11-e003Coalescence-mBHI-p1_S836,101060,161
3,A_H8_D11_AF_AF_mGAM_mGAM_2_S92,74,E11-e003Coalescence-mBHI-p1_S836,101060,161
4,B_D8_H11_AF_AF_mGAM_mBHI_2_S140,43,E11-e003Coalescence-mBHI-p1_S836,101060,161
5,B_E8_E11_AF_AA_mGAM_mGAM_2_S152,61,E11-e003Coalescence-mBHI-p1_S836,101060,161
6,B_E12_A11_AF_AA_mGAM_mGAM_4_S156,64,E11-e003Coalescence-mBHI-p1_S836,101060,161
7,B_H5_H8_AA_AF_mGAM_mGAM_2_S185,69,E11-e003Coalescence-mBHI-p1_S836,101060,161
8,B_H8_H11_AF_AF_mGAM_mGAM_2_S188,59,E11-e003Coalescence-mBHI-p1_S836,101060,161
9,B_H9_D8_AA_AF_mGAM_mGAM_4_S189,62,E11-e003Coalescence-mBHI-p1_S836,101060,161
10,C_D8_D11_AF_AF_mGAM_mBHI_6_S236,48,E11-e003Coalescence-mBHI-p1_S836,101060,161
11,C_E8_A11_AF_AA_mGAM_mGAM_6_S248,66,E11-e003Coalescence-mBHI-p1_S836,101060,161
12,C_H5_D8_AA_AF_mGAM_mGAM_6_S281,51,E11-e003Coalescence-mBHI-p1_S836,101060,161
13,C_H8_D11_AF_AF_mGAM_mGAM_6_S284,57,E11-e003Coalescence-mBHI-p1_S836,101060,161
14,D_D8_D11_AF_AF_mGAM_mBHI_6_S332,64,E11-e003Coalescence-mBHI-p1_S836,101060,161
15,D_E8_A11_AF_AA_mGAM_mGAM_6_S344,61,E11-e003Coalescence-mBHI-p1_S836,101060,161
16,D_E12_E11_AF_AA_mGAM_mGAM_4_S348,59,E11-e003Coalescence-mBHI-p1_S836,101060,161
17,D_H5_D8_AA_AF_mGAM_mGAM_6_S377,68,E11-e003Coalescence-mBHI-p1_S836,101060,161
18,D_H8_D11_AF_AF_mGAM_mGAM_6_S380,35,E11-e003Coalescence-mBHI-p1_S836,101060,161
19,D_H9_H8_AA_AF_mGAM_mGAM_4_S381,49,E11-e003Coalescence-mBHI-p1_S836,101060,161
20,D11-e003Coalescence-mBHI-p5,58,E11-e003Coalescence-mBHI-p1_S836,101060,161
21,D11-e003Coalescence-mGAM-p5,62,E11-e003Coalescence-mBHI-p1_S836,101060,161
22,A11-e003Coalescence-mGAM-p7,45,E11-e003Coalescence-mBHI-p1_S836,101060,161
23,D8-e003Coalescence-mGAM-p5,61,E11-e003Coalescence-mBHI-p1_S836,101060,161
24,D11-e003Coalescence-mGAM-p7,67,E11-e003Coalescence-mBHI-p1_S836,101060,161
25,A11-e003Coalescence-mGAM-p3,58,E11-e003Coalescence-mBHI-p1_S836,101060,161
26,H111-e003Coalescence-mGAM-p7_S188,59,E11-e003Coalescence-mBHI-p1_S836,101060,161
27,H111-e003Coalescence-mBHI-p3_S144,62,E11-e003Coalescence-mBHI-p1_S836,101060,161
28,H111-e003Coalescence-mGAM-p5_S92,62,E11-e003Coalescence-mBHI-p1_S836,101060,161
29,H8-e003Coalescence-mGAM-p5_S89,54,E11-e003Coalescence-mBHI-p1_S836,101060,161
30,H111-e003Coalescence-mBHI-p5_S44,63,E11-e003Coalescence-mBHI-p1_S836,101060,161
31,E111-e003Coalescence-mGAM-p5_S56,57,E11-e003Coalescence-mBHI-p1_S836,101060,161
32,H111-e003Coalescence-mGAM-p3_S192,63,E11-e003Coalescence-mBHI-p1_S836,101060,161
33,H8-e003Coalescence-mGAM-p7_S185,61,E11-e003Coalescence-mBHI-p1_S836,101060,161
34,B5-e003Coalescence-Inoculumn-mGAM,56,E11-e003Coalescence-mBHI-p1_S836,101060,161
35,D5-e003Coalescence-Inoculumn-mGAM,63,E11-e003Coalescence-mBHI-p1_S836,101060,161
36,A5-e003Coalescence-Inoculumn-mGAM,67,E11-e003Coalescence-mBHI-p1_S836,101060,161
37,D2-e003Coalescence-Inoculumn-mGAM,67,E11-e003Coalescence-mBHI-p1_S836,101060,161
38,D3-e003Coalescence-Inoculumn-mGAM,59,E11-e003Coalescence-mBHI-p1_S836,101060,161
39,C5-e003Coalescence-Inoculumn-mGAM,66,E11-e003Coalescence-mBHI-p1_S836,101060,161
40,E11-e003Coalescence-mGAM-p1_S840,62,E11-e003Coalescence-mBHI-p1_S836,101060,161
41,H8-e003Coalescence-mBHI-p1_S815,57,E11-e003Coalescence-mBHI-p1_S836,101060,161
42,D8-e003Coalescence-mGAM-p1_S755,61,E11-e003Coalescence-mBHI-p1_S836,101060,161
43,H11-e003Coalescence-mGAM-p1_S843,60,E11-e003Coalescence-mBHI-p1_S836,101060,161
44,A11-e003Coalescence-mGAM-p1_S776,38,E11-e003Coalescence-mBHI-p1_S836,101060,161
45,H11-e003Coalescence-mBHI-p1_S839,67,E11-e003Coalescence-mBHI-p1_S836,101060,161
46,E11-e003Coalescence-mBHI-p1_S836,161,E11-e003Coalescence-mBHI-p1_S836,101060,161
47,H8-e003Coalescence-mGAM-p1_S819,62,E11-e003Coalescence-mBHI-p1_S836,101060,161
48,D11-e003Coalescence-mGAM-p1_S779,63,E11-e003Coalescence-mBHI-p1_S836,101060,161
49,D11-e003Coalescence-mBHI-p1_S775,49,E11-e003Coalescence-mBHI-p1_S836,101060,161
50,A11-e003Coalescence-mBHI-p1_S772,28,E11-e003Coalescence-mBHI-p1_S836,101060,161
51,Coalescence-A12-D11-AF-AF-mGAM-mBHI-7_S631,61,E11-e003Coalescence-mBHI-p1_S836,101060,161
52,Coalescence-C3-A11-AA-AF-mGAM-mGAM-5_S646,70,E11-e003Coalescence-mBHI-p1_S836,101060,161
53,Coalescence-F1-D8-AA-AF-mGAM-mGAM-3_S680,62,E11-e003Coalescence-mBHI-p1_S836,101060,161
54,Coalescence-E8-D11-AF-AF-mGAM-mBHI-3_S675,67,E11-e003Coalescence-mBHI-p1_S836,101060,161
55,Coalescence-B5-D8-AA-AF-mGAM-mGAM-7_S636,63,E11-e003Coalescence-mBHI-p1_S836,101060,161
56,Coalescence-F10-H8-AA-AF-mGAM-mGAM-3_S689,64,E11-e003Coalescence-mBHI-p1_S836,101060,161
57,Coalescence-B6-E11-AA-AF-mGAM-mGAM-7_S637,68,E11-e003Coalescence-mBHI-p1_S836,101060,161
58,Coalescence-F3-E11-AA-AF-mGAM-mGAM-3_S682,69,E11-e003Coalescence-mBHI-p1_S836,101060,161
59,B11-e003Assembly-mGAM-p3,27,E11-e003Coalescence-mBHI-p1_S836,101060,161
60,B11-e003Assembly-mGAM-p5,54,E11-e003Coalescence-mBHI-p1_S836,101060,161
61,B11-e003GlycerolRevival-mGAM-p2,47,E11-e003Coalescence-mBHI-p1_S836,101060,161
62,C11-e003Assembly-mGAM-p3,36,E11-e003Coalescence-mBHI-p1_S836,101060,161
63,C11-e003GlycerolRevival-mGAM-p2,39,E11-e003Coalescence-mBHI-p1_S836,101060,161
64,e003-inoculumn-fecal-AF,27,E11-e003Coalescence-mBHI-p1_S836,101060,161
65,C_F4_e003Assembly_6_S256,40,E11-e003Coalescence-mBHI-p1_S836,101060,161
66,C_F8_e003Assembly_6_S260,63,E11-e003Coalescence-mBHI-p1_S836,101060,161
67,C_F12_e003Assembly_4_S264,65,E11-e003Coalescence-mBHI-p1_S836,101060,161
68,D_B8_e003Assembly_S308,56,E11-e003Coalescence-mBHI-p1_S836,101060,161
69,D_F8_e003Assembly_S356,60,E11-e003Coalescence-mBHI-p1_S836,101060,161
70,D_F12_e003Assembly_S360,71,E11-e003Coalescence-mBHI-p1_S836,101060,161
71,C_H2_e003Assembly_S278,72,E11-e003Coalescence-mBHI-p1_S836,101060,161
72,C_H10_H3_ACPP_AF_mBHI_mGAM_4_S286,61,E11-e003Coalescence-mBHI-p1_S836,101060,161
0,A_D8_D11_AF_AF_mGAM_mBHI_2_S44,63,H8-e003Coalescence-mGAM-p1_S819,101060,136
1,A_E8_A11_AF_AA_mGAM_mGAM_2_S56,63,H8-e003Coalescence-mGAM-p1_S819,101060,136
2,A_H5_D8_AA_AF_mGAM_mGAM_2_S89,64,H8-e003Coalescence-mGAM-p1_S819,101060,136
3,A_H8_D11_AF_AF_mGAM_mGAM_2_S92,66,H8-e003Coalescence-mGAM-p1_S819,101060,136
4,B_D8_H11_AF_AF_mGAM_mBHI_2_S140,42,H8-e003Coalescence-mGAM-p1_S819,101060,136
5,B_E8_E11_AF_AA_mGAM_mGAM_2_S152,66,H8-e003Coalescence-mGAM-p1_S819,101060,136
6,B_E12_A11_AF_AA_mGAM_mGAM_4_S156,62,H8-e003Coalescence-mGAM-p1_S819,101060,136
7,B_H5_H8_AA_AF_mGAM_mGAM_2_S185,69,H8-e003Coalescence-mGAM-p1_S819,101060,136
8,B_H8_H11_AF_AF_mGAM_mGAM_2_S188,56,H8-e003Coalescence-mGAM-p1_S819,101060,136
9,B_H9_D8_AA_AF_mGAM_mGAM_4_S189,63,H8-e003Coalescence-mGAM-p1_S819,101060,136
10,C_D8_D11_AF_AF_mGAM_mBHI_6_S236,48,H8-e003Coalescence-mGAM-p1_S819,101060,136
11,C_E8_A11_AF_AA_mGAM_mGAM_6_S248,69,H8-e003Coalescence-mGAM-p1_S819,101060,136
12,C_H5_D8_AA_AF_mGAM_mGAM_6_S281,59,H8-e003Coalescence-mGAM-p1_S819,101060,136
13,C_H8_D11_AF_AF_mGAM_mGAM_6_S284,66,H8-e003Coalescence-mGAM-p1_S819,101060,136
14,D_D8_D11_AF_AF_mGAM_mBHI_6_S332,64,H8-e003Coalescence-mGAM-p1_S819,101060,136
15,D_E8_A11_AF_AA_mGAM_mGAM_6_S344,64,H8-e003Coalescence-mGAM-p1_S819,101060,136
16,D_E12_E11_AF_AA_mGAM_mGAM_4_S348,63,H8-e003Coalescence-mGAM-p1_S819,101060,136
17,D_H5_D8_AA_AF_mGAM_mGAM_6_S377,77,H8-e003Coalescence-mGAM-p1_S819,101060,136
18,D_H8_D11_AF_AF_mGAM_mGAM_6_S380,42,H8-e003Coalescence-mGAM-p1_S819,101060,136
19,D_H9_H8_AA_AF_mGAM_mGAM_4_S381,44,H8-e003Coalescence-mGAM-p1_S819,101060,136
20,D11-e003Coalescence-mBHI-p5,54,H8-e003Coalescence-mGAM-p1_S819,101060,136
21,D11-e003Coalescence-mGAM-p5,69,H8-e003Coalescence-mGAM-p1_S819,101060,136
22,A11-e003Coalescence-mGAM-p7,52,H8-e003Coalescence-mGAM-p1_S819,101060,136
23,D8-e003Coalescence-mGAM-p5,58,H8-e003Coalescence-mGAM-p1_S819,101060,136
24,D11-e003Coalescence-mGAM-p7,67,H8-e003Coalescence-mGAM-p1_S819,101060,136
25,A11-e003Coalescence-mGAM-p3,62,H8-e003Coalescence-mGAM-p1_S819,101060,136
26,H111-e003Coalescence-mGAM-p7_S188,58,H8-e003Coalescence-mGAM-p1_S819,101060,136
27,H111-e003Coalescence-mBHI-p3_S144,62,H8-e003Coalescence-mGAM-p1_S819,101060,136
28,H111-e003Coalescence-mGAM-p5_S92,60,H8-e003Coalescence-mGAM-p1_S819,101060,136
29,H8-e003Coalescence-mGAM-p5_S89,53,H8-e003Coalescence-mGAM-p1_S819,101060,136
30,H111-e003Coalescence-mBHI-p5_S44,60,H8-e003Coalescence-mGAM-p1_S819,101060,136
31,E111-e003Coalescence-mGAM-p5_S56,55,H8-e003Coalescence-mGAM-p1_S819,101060,136
32,H111-e003Coalescence-mGAM-p3_S192,67,H8-e003Coalescence-mGAM-p1_S819,101060,136
33,H8-e003Coalescence-mGAM-p7_S185,58,H8-e003Coalescence-mGAM-p1_S819,101060,136
34,B5-e003Coalescence-Inoculumn-mGAM,62,H8-e003Coalescence-mGAM-p1_S819,101060,136
35,D5-e003Coalescence-Inoculumn-mGAM,58,H8-e003Coalescence-mGAM-p1_S819,101060,136
36,A5-e003Coalescence-Inoculumn-mGAM,55,H8-e003Coalescence-mGAM-p1_S819,101060,136
37,D2-e003Coalescence-Inoculumn-mGAM,53,H8-e003Coalescence-mGAM-p1_S819,101060,136
38,D3-e003Coalescence-Inoculumn-mGAM,66,H8-e003Coalescence-mGAM-p1_S819,101060,136
39,C5-e003Coalescence-Inoculumn-mGAM,65,H8-e003Coalescence-mGAM-p1_S819,101060,136
40,E11-e003Coalescence-mGAM-p1_S840,64,H8-e003Coalescence-mGAM-p1_S819,101060,136
41,H8-e003Coalescence-mBHI-p1_S815,59,H8-e003Coalescence-mGAM-p1_S819,101060,136
42,D8-e003Coalescence-mGAM-p1_S755,70,H8-e003Coalescence-mGAM-p1_S819,101060,136
43,H11-e003Coalescence-mGAM-p1_S843,57,H8-e003Coalescence-mGAM-p1_S819,101060,136
44,A11-e003Coalescence-mGAM-p1_S776,33,H8-e003Coalescence-mGAM-p1_S819,101060,136
45,H11-e003Coalescence-mBHI-p1_S839,66,H8-e003Coalescence-mGAM-p1_S819,101060,136
46,E11-e003Coalescence-mBHI-p1_S836,62,H8-e003Coalescence-mGAM-p1_S819,101060,136
47,H8-e003Coalescence-mGAM-p1_S819,136,H8-e003Coalescence-mGAM-p1_S819,101060,136
48,D11-e003Coalescence-mGAM-p1_S779,61,H8-e003Coalescence-mGAM-p1_S819,101060,136
49,D11-e003Coalescence-mBHI-p1_S775,55,H8-e003Coalescence-mGAM-p1_S819,101060,136
50,A11-e003Coalescence-mBHI-p1_S772,29,H8-e003Coalescence-mGAM-p1_S819,101060,136
51,Coalescence-A12-D11-AF-AF-mGAM-mBHI-7_S631,65,H8-e003Coalescence-mGAM-p1_S819,101060,136
52,Coalescence-C3-A11-AA-AF-mGAM-mGAM-5_S646,68,H8-e003Coalescence-mGAM-p1_S819,101060,136
53,Coalescence-F1-D8-AA-AF-mGAM-mGAM-3_S680,62,H8-e003Coalescence-mGAM-p1_S819,101060,136
54,Coalescence-E8-D11-AF-AF-mGAM-mBHI-3_S675,68,H8-e003Coalescence-mGAM-p1_S819,101060,136
55,Coalescence-B5-D8-AA-AF-mGAM-mGAM-7_S636,58,H8-e003Coalescence-mGAM-p1_S819,101060,136
56,Coalescence-F10-H8-AA-AF-mGAM-mGAM-3_S689,68,H8-e003Coalescence-mGAM-p1_S819,101060,136
57,Coalescence-B6-E11-AA-AF-mGAM-mGAM-7_S637,68,H8-e003Coalescence-mGAM-p1_S819,101060,136
58,Coalescence-F3-E11-AA-AF-mGAM-mGAM-3_S682,70,H8-e003Coalescence-mGAM-p1_S819,101060,136
59,B11-e003Assembly-mGAM-p3,26,H8-e003Coalescence-mGAM-p1_S819,101060,136
60,B11-e003Assembly-mGAM-p5,50,H8-e003Coalescence-mGAM-p1_S819,101060,136
61,B11-e003GlycerolRevival-mGAM-p2,47,H8-e003Coalescence-mGAM-p1_S819,101060,136
62,C11-e003Assembly-mGAM-p3,33,H8-e003Coalescence-mGAM-p1_S819,101060,136
63,C11-e003GlycerolRevival-mGAM-p2,30,H8-e003Coalescence-mGAM-p1_S819,101060,136
64,e003-inoculumn-fecal-AF,32,H8-e003Coalescence-mGAM-p1_S819,101060,136
65,C_F4_e003Assembly_6_S256,39,H8-e003Coalescence-mGAM-p1_S819,101060,136
66,C_F8_e003Assembly_6_S260,61,H8-e003Coalescence-mGAM-p1_S819,101060,136
67,C_F12_e003Assembly_4_S264,67,H8-e003Coalescence-mGAM-p1_S819,101060,136
68,D_B8_e003Assembly_S308,61,H8-e003Coalescence-mGAM-p1_S819,101060,136
69,D_F8_e003Assembly_S356,58,H8-e003Coalescence-mGAM-p1_S819,101060,136
70,D_F12_e003Assembly_S360,76,H8-e003Coalescence-mGAM-p1_S819,101060,136
71,C_H2_e003Assembly_S278,68,H8-e003Coalescence-mGAM-p1_S819,101060,136
72,C_H10_H3_ACPP_AF_mBHI_mGAM_4_S286,55,H8-e003Coalescence-mGAM-p1_S819,101060,136
0,A_D8_D11_AF_AF_mGAM_mBHI_2_S44,64,D11-e003Coalescence-mGAM-p1_S779,101060,110
1,A_E8_A11_AF_AA_mGAM_mGAM_2_S56,69,D11-e003Coalescence-mGAM-p1_S779,101060,110
2,A_H5_D8_AA_AF_mGAM_mGAM_2_S89,65,D11-e003Coalescence-mGAM-p1_S779,101060,110
3,A_H8_D11_AF_AF_mGAM_mGAM_2_S92,67,D11-e003Coalescence-mGAM-p1_S779,101060,110
4,B_D8_H11_AF_AF_mGAM_mBHI_2_S140,49,D11-e003Coalescence-mGAM-p1_S779,101060,110
5,B_E8_E11_AF_AA_mGAM_mGAM_2_S152,71,D11-e003Coalescence-mGAM-p1_S779,101060,110
6,B_E12_A11_AF_AA_mGAM_mGAM_4_S156,64,D11-e003Coalescence-mGAM-p1_S779,101060,110
7,B_H5_H8_AA_AF_mGAM_mGAM_2_S185,78,D11-e003Coalescence-mGAM-p1_S779,101060,110
8,B_H8_H11_AF_AF_mGAM_mGAM_2_S188,61,D11-e003Coalescence-mGAM-p1_S779,101060,110
9,B_H9_D8_AA_AF_mGAM_mGAM_4_S189,68,D11-e003Coalescence-mGAM-p1_S779,101060,110
10,C_D8_D11_AF_AF_mGAM_mBHI_6_S236,57,D11-e003Coalescence-mGAM-p1_S779,101060,110
11,C_E8_A11_AF_AA_mGAM_mGAM_6_S248,69,D11-e003Coalescence-mGAM-p1_S779,101060,110
12,C_H5_D8_AA_AF_mGAM_mGAM_6_S281,48,D11-e003Coalescence-mGAM-p1_S779,101060,110
13,C_H8_D11_AF_AF_mGAM_mGAM_6_S284,64,D11-e003Coalescence-mGAM-p1_S779,101060,110
14,D_D8_D11_AF_AF_mGAM_mBHI_6_S332,54,D11-e003Coalescence-mGAM-p1_S779,101060,110
15,D_E8_A11_AF_AA_mGAM_mGAM_6_S344,69,D11-e003Coalescence-mGAM-p1_S779,101060,110
16,D_E12_E11_AF_AA_mGAM_mGAM_4_S348,76,D11-e003Coalescence-mGAM-p1_S779,101060,110
17,D_H5_D8_AA_AF_mGAM_mGAM_6_S377,75,D11-e003Coalescence-mGAM-p1_S779,101060,110
18,D_H8_D11_AF_AF_mGAM_mGAM_6_S380,44,D11-e003Coalescence-mGAM-p1_S779,101060,110
19,D_H9_H8_AA_AF_mGAM_mGAM_4_S381,40,D11-e003Coalescence-mGAM-p1_S779,101060,110
20,D11-e003Coalescence-mBHI-p5,60,D11-e003Coalescence-mGAM-p1_S779,101060,110
21,D11-e003Coalescence-mGAM-p5,67,D11-e003Coalescence-mGAM-p1_S779,101060,110
22,A11-e003Coalescence-mGAM-p7,48,D11-e003Coalescence-mGAM-p1_S779,101060,110
23,D8-e003Coalescence-mGAM-p5,67,D11-e003Coalescence-mGAM-p1_S779,101060,110
24,D11-e003Coalescence-mGAM-p7,70,D11-e003Coalescence-mGAM-p1_S779,101060,110
25,A11-e003Coalescence-mGAM-p3,62,D11-e003Coalescence-mGAM-p1_S779,101060,110
26,H111-e003Coalescence-mGAM-p7_S188,60,D11-e003Coalescence-mGAM-p1_S779,101060,110
27,H111-e003Coalescence-mBHI-p3_S144,64,D11-e003Coalescence-mGAM-p1_S779,101060,110
28,H111-e003Coalescence-mGAM-p5_S92,66,D11-e003Coalescence-mGAM-p1_S779,101060,110
29,H8-e003Coalescence-mGAM-p5_S89,57,D11-e003Coalescence-mGAM-p1_S779,101060,110
30,H111-e003Coalescence-mBHI-p5_S44,61,D11-e003Coalescence-mGAM-p1_S779,101060,110
31,E111-e003Coalescence-mGAM-p5_S56,62,D11-e003Coalescence-mGAM-p1_S779,101060,110
32,H111-e003Coalescence-mGAM-p3_S192,70,D11-e003Coalescence-mGAM-p1_S779,101060,110
33,H8-e003Coalescence-mGAM-p7_S185,60,D11-e003Coalescence-mGAM-p1_S779,101060,110
34,B5-e003Coalescence-Inoculumn-mGAM,60,D11-e003Coalescence-mGAM-p1_S779,101060,110
35,D5-e003Coalescence-Inoculumn-mGAM,68,D11-e003Coalescence-mGAM-p1_S779,101060,110
36,A5-e003Coalescence-Inoculumn-mGAM,66,D11-e003Coalescence-mGAM-p1_S779,101060,110
37,D2-e003Coalescence-Inoculumn-mGAM,65,D11-e003Coalescence-mGAM-p1_S779,101060,110
38,D3-e003Coalescence-Inoculumn-mGAM,72,D11-e003Coalescence-mGAM-p1_S779,101060,110
39,C5-e003Coalescence-Inoculumn-mGAM,73,D11-e003Coalescence-mGAM-p1_S779,101060,110
40,E11-e003Coalescence-mGAM-p1_S840,66,D11-e003Coalescence-mGAM-p1_S779,101060,110
41,H8-e003Coalescence-mBHI-p1_S815,52,D11-e003Coalescence-mGAM-p1_S779,101060,110
42,D8-e003Coalescence-mGAM-p1_S755,75,D11-e003Coalescence-mGAM-p1_S779,101060,110
43,H11-e003Coalescence-mGAM-p1_S843,48,D11-e003Coalescence-mGAM-p1_S779,101060,110
44,A11-e003Coalescence-mGAM-p1_S776,29,D11-e003Coalescence-mGAM-p1_S779,101060,110
45,H11-e003Coalescence-mBHI-p1_S839,71,D11-e003Coalescence-mGAM-p1_S779,101060,110
46,E11-e003Coalescence-mBHI-p1_S836,63,D11-e003Coalescence-mGAM-p1_S779,101060,110
47,H8-e003Coalescence-mGAM-p1_S819,61,D11-e003Coalescence-mGAM-p1_S779,101060,110
48,D11-e003Coalescence-mGAM-p1_S779,110,D11-e003Coalescence-mGAM-p1_S779,101060,110
49,D11-e003Coalescence-mBHI-p1_S775,53,D11-e003Coalescence-mGAM-p1_S779,101060,110
50,A11-e003Coalescence-mBHI-p1_S772,28,D11-e003Coalescence-mGAM-p1_S779,101060,110
51,Coalescence-A12-D11-AF-AF-mGAM-mBHI-7_S631,68,D11-e003Coalescence-mGAM-p1_S779,101060,110
52,Coalescence-C3-A11-AA-AF-mGAM-mGAM-5_S646,71,D11-e003Coalescence-mGAM-p1_S779,101060,110
53,Coalescence-F1-D8-AA-AF-mGAM-mGAM-3_S680,67,D11-e003Coalescence-mGAM-p1_S779,101060,110
54,Coalescence-E8-D11-AF-AF-mGAM-mBHI-3_S675,70,D11-e003Coalescence-mGAM-p1_S779,101060,110
55,Coalescence-B5-D8-AA-AF-mGAM-mGAM-7_S636,66,D11-e003Coalescence-mGAM-p1_S779,101060,110
56,Coalescence-F10-H8-AA-AF-mGAM-mGAM-3_S689,68,D11-e003Coalescence-mGAM-p1_S779,101060,110
57,Coalescence-B6-E11-AA-AF-mGAM-mGAM-7_S637,70,D11-e003Coalescence-mGAM-p1_S779,101060,110
58,Coalescence-F3-E11-AA-AF-mGAM-mGAM-3_S682,72,D11-e003Coalescence-mGAM-p1_S779,101060,110
59,B11-e003Assembly-mGAM-p3,26,D11-e003Coalescence-mGAM-p1_S779,101060,110
60,B11-e003Assembly-mGAM-p5,51,D11-e003Coalescence-mGAM-p1_S779,101060,110
61,B11-e003GlycerolRevival-mGAM-p2,47,D11-e003Coalescence-mGAM-p1_S779,101060,110
62,C11-e003Assembly-mGAM-p3,38,D11-e003Coalescence-mGAM-p1_S779,101060,110
63,C11-e003GlycerolRevival-mGAM-p2,35,D11-e003Coalescence-mGAM-p1_S779,101060,110
64,e003-inoculumn-fecal-AF,22,D11-e003Coalescence-mGAM-p1_S779,101060,110
65,C_F4_e003Assembly_6_S256,36,D11-e003Coalescence-mGAM-p1_S779,101060,110
66,C_F8_e003Assembly_6_S260,67,D11-e003Coalescence-mGAM-p1_S779,101060,110
67,C_F12_e003Assembly_4_S264,63,D11-e003Coalescence-mGAM-p1_S779,101060,110
68,D_B8_e003Assembly_S308,68,D11-e003Coalescence-mGAM-p1_S779,101060,110
69,D_F8_e003Assembly_S356,62,D11-e003Coalescence-mGAM-p1_S779,101060,110
70,D_F12_e003Assembly_S360,77,D11-e003Coalescence-mGAM-p1_S779,101060,110
71,C_H2_e003Assembly_S278,72,D11-e003Coalescence-mGAM-p1_S779,101060,110
72,C_H10_H3_ACPP_AF_mBHI_mGAM_4_S286,52,D11-e003Coalescence-mGAM-p1_S779,101060,110
0,A_D8_D11_AF_AF_mGAM_mBHI_2_S44,52,D11-e003Coalescence-mBHI-p1_S775,101060,375
1,A_E8_A11_AF_AA_mGAM_mGAM_2_S56,50,D11-e003Coalescence-mBHI-p1_S775,101060,375
2,A_H5_D8_AA_AF_mGAM_mGAM_2_S89,51,D11-e003Coalescence-mBHI-p1_S775,101060,375
3,A_H8_D11_AF_AF_mGAM_mGAM_2_S92,51,D11-e003Coalescence-mBHI-p1_S775,101060,375
4,B_D8_H11_AF_AF_mGAM_mBHI_2_S140,35,D11-e003Coalescence-mBHI-p1_S775,101060,375
5,B_E8_E11_AF_AA_mGAM_mGAM_2_S152,49,D11-e003Coalescence-mBHI-p1_S775,101060,375
6,B_E12_A11_AF_AA_mGAM_mGAM_4_S156,51,D11-e003Coalescence-mBHI-p1_S775,101060,375
7,B_H5_H8_AA_AF_mGAM_mGAM_2_S185,57,D11-e003Coalescence-mBHI-p1_S775,101060,375
8,B_H8_H11_AF_AF_mGAM_mGAM_2_S188,46,D11-e003Coalescence-mBHI-p1_S775,101060,375
9,B_H9_D8_AA_AF_mGAM_mGAM_4_S189,55,D11-e003Coalescence-mBHI-p1_S775,101060,375
10,C_D8_D11_AF_AF_mGAM_mBHI_6_S236,47,D11-e003Coalescence-mBHI-p1_S775,101060,375
11,C_E8_A11_AF_AA_mGAM_mGAM_6_S248,55,D11-e003Coalescence-mBHI-p1_S775,101060,375
12,C_H5_D8_AA_AF_mGAM_mGAM_6_S281,43,D11-e003Coalescence-mBHI-p1_S775,101060,375
13,C_H8_D11_AF_AF_mGAM_mGAM_6_S284,51,D11-e003Coalescence-mBHI-p1_S775,101060,375
14,D_D8_D11_AF_AF_mGAM_mBHI_6_S332,48,D11-e003Coalescence-mBHI-p1_S775,101060,375
15,D_E8_A11_AF_AA_mGAM_mGAM_6_S344,51,D11-e003Coalescence-mBHI-p1_S775,101060,375
16,D_E12_E11_AF_AA_mGAM_mGAM_4_S348,48,D11-e003Coalescence-mBHI-p1_S775,101060,375
17,D_H5_D8_AA_AF_mGAM_mGAM_6_S377,55,D11-e003Coalescence-mBHI-p1_S775,101060,375
18,D_H8_D11_AF_AF_mGAM_mGAM_6_S380,37,D11-e003Coalescence-mBHI-p1_S775,101060,375
19,D_H9_H8_AA_AF_mGAM_mGAM_4_S381,35,D11-e003Coalescence-mBHI-p1_S775,101060,375
20,D11-e003Coalescence-mBHI-p5,48,D11-e003Coalescence-mBHI-p1_S775,101060,375
21,D11-e003Coalescence-mGAM-p5,59,D11-e003Coalescence-mBHI-p1_S775,101060,375
22,A11-e003Coalescence-mGAM-p7,42,D11-e003Coalescence-mBHI-p1_S775,101060,375
23,D8-e003Coalescence-mGAM-p5,50,D11-e003Coalescence-mBHI-p1_S775,101060,375
24,D11-e003Coalescence-mGAM-p7,54,D11-e003Coalescence-mBHI-p1_S775,101060,375
25,A11-e003Coalescence-mGAM-p3,49,D11-e003Coalescence-mBHI-p1_S775,101060,375
26,H111-e003Coalescence-mGAM-p7_S188,43,D11-e003Coalescence-mBHI-p1_S775,101060,375
27,H111-e003Coalescence-mBHI-p3_S144,50,D11-e003Coalescence-mBHI-p1_S775,101060,375
28,H111-e003Coalescence-mGAM-p5_S92,48,D11-e003Coalescence-mBHI-p1_S775,101060,375
29,H8-e003Coalescence-mGAM-p5_S89,42,D11-e003Coalescence-mBHI-p1_S775,101060,375
30,H111-e003Coalescence-mBHI-p5_S44,49,D11-e003Coalescence-mBHI-p1_S775,101060,375
31,E111-e003Coalescence-mGAM-p5_S56,43,D11-e003Coalescence-mBHI-p1_S775,101060,375
32,H111-e003Coalescence-mGAM-p3_S192,56,D11-e003Coalescence-mBHI-p1_S775,101060,375
33,H8-e003Coalescence-mGAM-p7_S185,48,D11-e003Coalescence-mBHI-p1_S775,101060,375
34,B5-e003Coalescence-Inoculumn-mGAM,51,D11-e003Coalescence-mBHI-p1_S775,101060,375
35,D5-e003Coalescence-Inoculumn-mGAM,52,D11-e003Coalescence-mBHI-p1_S775,101060,375
36,A5-e003Coalescence-Inoculumn-mGAM,49,D11-e003Coalescence-mBHI-p1_S775,101060,375
37,D2-e003Coalescence-Inoculumn-mGAM,51,D11-e003Coalescence-mBHI-p1_S775,101060,375
38,D3-e003Coalescence-Inoculumn-mGAM,58,D11-e003Coalescence-mBHI-p1_S775,101060,375
39,C5-e003Coalescence-Inoculumn-mGAM,56,D11-e003Coalescence-mBHI-p1_S775,101060,375
40,E11-e003Coalescence-mGAM-p1_S840,51,D11-e003Coalescence-mBHI-p1_S775,101060,375
41,H8-e003Coalescence-mBHI-p1_S815,44,D11-e003Coalescence-mBHI-p1_S775,101060,375
42,D8-e003Coalescence-mGAM-p1_S755,50,D11-e003Coalescence-mBHI-p1_S775,101060,375
43,H11-e003Coalescence-mGAM-p1_S843,48,D11-e003Coalescence-mBHI-p1_S775,101060,375
44,A11-e003Coalescence-mGAM-p1_S776,21,D11-e003Coalescence-mBHI-p1_S775,101060,375
45,H11-e003Coalescence-mBHI-p1_S839,55,D11-e003Coalescence-mBHI-p1_S775,101060,375
46,E11-e003Coalescence-mBHI-p1_S836,49,D11-e003Coalescence-mBHI-p1_S775,101060,375
47,H8-e003Coalescence-mGAM-p1_S819,55,D11-e003Coalescence-mBHI-p1_S775,101060,375
48,D11-e003Coalescence-mGAM-p1_S779,53,D11-e003Coalescence-mBHI-p1_S775,101060,375
49,D11-e003Coalescence-mBHI-p1_S775,375,D11-e003Coalescence-mBHI-p1_S775,101060,375
50,A11-e003Coalescence-mBHI-p1_S772,28,D11-e003Coalescence-mBHI-p1_S775,101060,375
51,Coalescence-A12-D11-AF-AF-mGAM-mBHI-7_S631,46,D11-e003Coalescence-mBHI-p1_S775,101060,375
52,Coalescence-C3-A11-AA-AF-mGAM-mGAM-5_S646,51,D11-e003Coalescence-mBHI-p1_S775,101060,375
53,Coalescence-F1-D8-AA-AF-mGAM-mGAM-3_S680,46,D11-e003Coalescence-mBHI-p1_S775,101060,375
54,Coalescence-E8-D11-AF-AF-mGAM-mBHI-3_S675,54,D11-e003Coalescence-mBHI-p1_S775,101060,375
55,Coalescence-B5-D8-AA-AF-mGAM-mGAM-7_S636,48,D11-e003Coalescence-mBHI-p1_S775,101060,375
56,Coalescence-F10-H8-AA-AF-mGAM-mGAM-3_S689,56,D11-e003Coalescence-mBHI-p1_S775,101060,375
57,Coalescence-B6-E11-AA-AF-mGAM-mGAM-7_S637,56,D11-e003Coalescence-mBHI-p1_S775,101060,375
58,Coalescence-F3-E11-AA-AF-mGAM-mGAM-3_S682,51,D11-e003Coalescence-mBHI-p1_S775,101060,375
59,B11-e003Assembly-mGAM-p3,30,D11-e003Coalescence-mBHI-p1_S775,101060,375
60,B11-e003Assembly-mGAM-p5,39,D11-e003Coalescence-mBHI-p1_S775,101060,375
61,B11-e003GlycerolRevival-mGAM-p2,34,D11-e003Coalescence-mBHI-p1_S775,101060,375
62,C11-e003Assembly-mGAM-p3,33,D11-e003Coalescence-mBHI-p1_S775,101060,375
63,C11-e003GlycerolRevival-mGAM-p2,31,D11-e003Coalescence-mBHI-p1_S775,101060,375
64,e003-inoculumn-fecal-AF,27,D11-e003Coalescence-mBHI-p1_S775,101060,375
65,C_F4_e003Assembly_6_S256,32,D11-e003Coalescence-mBHI-p1_S775,101060,375
66,C_F8_e003Assembly_6_S260,53,D11-e003Coalescence-mBHI-p1_S775,101060,375
67,C_F12_e003Assembly_4_S264,53,D11-e003Coalescence-mBHI-p1_S775,101060,375
68,D_B8_e003Assembly_S308,46,D11-e003Coalescence-mBHI-p1_S775,101060,375
69,D_F8_e003Assembly_S356,52,D11-e003Coalescence-mBHI-p1_S775,101060,375
70,D_F12_e003Assembly_S360,63,D11-e003Coalescence-mBHI-p1_S775,101060,375
71,C_H2_e003Assembly_S278,59,D11-e003Coalescence-mBHI-p1_S775,101060,375
72,C_H10_H3_ACPP_AF_mBHI_mGAM_4_S286,42,D11-e003Coalescence-mBHI-p1_S775,101060,375
0,A_D8_D11_AF_AF_mGAM_mBHI_2_S44,35,A11-e003Coalescence-mBHI-p1_S772,101060,448
1,A_E8_A11_AF_AA_mGAM_mGAM_2_S56,32,A11-e003Coalescence-mBHI-p1_S772,101060,448
2,A_H5_D8_AA_AF_mGAM_mGAM_2_S89,30,A11-e003Coalescence-mBHI-p1_S772,101060,448
3,A_H8_D11_AF_AF_mGAM_mGAM_2_S92,30,A11-e003Coalescence-mBHI-p1_S772,101060,448
4,B_D8_H11_AF_AF_mGAM_mBHI_2_S140,29,A11-e003Coalescence-mBHI-p1_S772,101060,448
5,B_E8_E11_AF_AA_mGAM_mGAM_2_S152,31,A11-e003Coalescence-mBHI-p1_S772,101060,448
6,B_E12_A11_AF_AA_mGAM_mGAM_4_S156,28,A11-e003Coalescence-mBHI-p1_S772,101060,448
7,B_H5_H8_AA_AF_mGAM_mGAM_2_S185,29,A11-e003Coalescence-mBHI-p1_S772,101060,448
8,B_H8_H11_AF_AF_mGAM_mGAM_2_S188,28,A11-e003Coalescence-mBHI-p1_S772,101060,448
9,B_H9_D8_AA_AF_mGAM_mGAM_4_S189,29,A11-e003Coalescence-mBHI-p1_S772,101060,448
10,C_D8_D11_AF_AF_mGAM_mBHI_6_S236,33,A11-e003Coalescence-mBHI-p1_S772,101060,448
11,C_E8_A11_AF_AA_mGAM_mGAM_6_S248,36,A11-e003Coalescence-mBHI-p1_S772,101060,448
12,C_H5_D8_AA_AF_mGAM_mGAM_6_S281,25,A11-e003Coalescence-mBHI-p1_S772,101060,448
13,C_H8_D11_AF_AF_mGAM_mGAM_6_S284,32,A11-e003Coalescence-mBHI-p1_S772,101060,448
14,D_D8_D11_AF_AF_mGAM_mBHI_6_S332,36,A11-e003Coalescence-mBHI-p1_S772,101060,448
15,D_E8_A11_AF_AA_mGAM_mGAM_6_S344,31,A11-e003Coalescence-mBHI-p1_S772,101060,448
16,D_E12_E11_AF_AA_mGAM_mGAM_4_S348,31,A11-e003Coalescence-mBHI-p1_S772,101060,448
17,D_H5_D8_AA_AF_mGAM_mGAM_6_S377,35,A11-e003Coalescence-mBHI-p1_S772,101060,448
18,D_H8_D11_AF_AF_mGAM_mGAM_6_S380,26,A11-e003Coalescence-mBHI-p1_S772,101060,448
19,D_H9_H8_AA_AF_mGAM_mGAM_4_S381,27,A11-e003Coalescence-mBHI-p1_S772,101060,448
20,D11-e003Coalescence-mBHI-p5,27,A11-e003Coalescence-mBHI-p1_S772,101060,448
21,D11-e003Coalescence-mGAM-p5,30,A11-e003Coalescence-mBHI-p1_S772,101060,448
22,A11-e003Coalescence-mGAM-p7,24,A11-e003Coalescence-mBHI-p1_S772,101060,448
23,D8-e003Coalescence-mGAM-p5,28,A11-e003Coalescence-mBHI-p1_S772,101060,448
24,D11-e003Coalescence-mGAM-p7,35,A11-e003Coalescence-mBHI-p1_S772,101060,448
25,A11-e003Coalescence-mGAM-p3,27,A11-e003Coalescence-mBHI-p1_S772,101060,448
26,H111-e003Coalescence-mGAM-p7_S188,24,A11-e003Coalescence-mBHI-p1_S772,101060,448
27,H111-e003Coalescence-mBHI-p3_S144,32,A11-e003Coalescence-mBHI-p1_S772,101060,448
28,H111-e003Coalescence-mGAM-p5_S92,32,A11-e003Coalescence-mBHI-p1_S772,101060,448
29,H8-e003Coalescence-mGAM-p5_S89,22,A11-e003Coalescence-mBHI-p1_S772,101060,448
30,H111-e003Coalescence-mBHI-p5_S44,36,A11-e003Coalescence-mBHI-p1_S772,101060,448
31,E111-e003Coalescence-mGAM-p5_S56,28,A11-e003Coalescence-mBHI-p1_S772,101060,448
32,H111-e003Coalescence-mGAM-p3_S192,31,A11-e003Coalescence-mBHI-p1_S772,101060,448
33,H8-e003Coalescence-mGAM-p7_S185,29,A11-e003Coalescence-mBHI-p1_S772,101060,448
34,B5-e003Coalescence-Inoculumn-mGAM,24,A11-e003Coalescence-mBHI-p1_S772,101060,448
35,D5-e003Coalescence-Inoculumn-mGAM,30,A11-e003Coalescence-mBHI-p1_S772,101060,448
36,A5-e003Coalescence-Inoculumn-mGAM,29,A11-e003Coalescence-mBHI-p1_S772,101060,448
37,D2-e003Coalescence-Inoculumn-mGAM,24,A11-e003Coalescence-mBHI-p1_S772,101060,448
38,D3-e003Coalescence-Inoculumn-mGAM,29,A11-e003Coalescence-mBHI-p1_S772,101060,448
39,C5-e003Coalescence-Inoculumn-mGAM,36,A11-e003Coalescence-mBHI-p1_S772,101060,448
40,E11-e003Coalescence-mGAM-p1_S840,35,A11-e003Coalescence-mBHI-p1_S772,101060,448
41,H8-e003Coalescence-mBHI-p1_S815,34,A11-e003Coalescence-mBHI-p1_S772,101060,448
42,D8-e003Coalescence-mGAM-p1_S755,29,A11-e003Coalescence-mBHI-p1_S772,101060,448
43,H11-e003Coalescence-mGAM-p1_S843,28,A11-e003Coalescence-mBHI-p1_S772,101060,448
44,A11-e003Coalescence-mGAM-p1_S776,17,A11-e003Coalescence-mBHI-p1_S772,101060,448
45,H11-e003Coalescence-mBHI-p1_S839,33,A11-e003Coalescence-mBHI-p1_S772,101060,448
46,E11-e003Coalescence-mBHI-p1_S836,28,A11-e003Coalescence-mBHI-p1_S772,101060,448
47,H8-e003Coalescence-mGAM-p1_S819,29,A11-e003Coalescence-mBHI-p1_S772,101060,448
48,D11-e003Coalescence-mGAM-p1_S779,28,A11-e003Coalescence-mBHI-p1_S772,101060,448
49,D11-e003Coalescence-mBHI-p1_S775,28,A11-e003Coalescence-mBHI-p1_S772,101060,448
50,A11-e003Coalescence-mBHI-p1_S772,448,A11-e003Coalescence-mBHI-p1_S772,101060,448
51,Coalescence-A12-D11-AF-AF-mGAM-mBHI-7_S631,32,A11-e003Coalescence-mBHI-p1_S772,101060,448
52,Coalescence-C3-A11-AA-AF-mGAM-mGAM-5_S646,34,A11-e003Coalescence-mBHI-p1_S772,101060,448
53,Coalescence-F1-D8-AA-AF-mGAM-mGAM-3_S680,27,A11-e003Coalescence-mBHI-p1_S772,101060,448
54,Coalescence-E8-D11-AF-AF-mGAM-mBHI-3_S675,32,A11-e003Coalescence-mBHI-p1_S772,101060,448
55,Coalescence-B5-D8-AA-AF-mGAM-mGAM-7_S636,24,A11-e003Coalescence-mBHI-p1_S772,101060,448
56,Coalescence-F10-H8-AA-AF-mGAM-mGAM-3_S689,32,A11-e003Coalescence-mBHI-p1_S772,101060,448
57,Coalescence-B6-E11-AA-AF-mGAM-mGAM-7_S637,29,A11-e003Coalescence-mBHI-p1_S772,101060,448
58,Coalescence-F3-E11-AA-AF-mGAM-mGAM-3_S682,31,A11-e003Coalescence-mBHI-p1_S772,101060,448
59,B11-e003Assembly-mGAM-p3,16,A11-e003Coalescence-mBHI-p1_S772,101060,448
60,B11-e003Assembly-mGAM-p5,22,A11-e003Coalescence-mBHI-p1_S772,101060,448
61,B11-e003GlycerolRevival-mGAM-p2,29,A11-e003Coalescence-mBHI-p1_S772,101060,448
62,C11-e003Assembly-mGAM-p3,26,A11-e003Coalescence-mBHI-p1_S772,101060,448
63,C11-e003GlycerolRevival-mGAM-p2,14,A11-e003Coalescence-mBHI-p1_S772,101060,448
64,e003-inoculumn-fecal-AF,22,A11-e003Coalescence-mBHI-p1_S772,101060,448
65,C_F4_e003Assembly_6_S256,21,A11-e003Coalescence-mBHI-p1_S772,101060,448
66,C_F8_e003Assembly_6_S260,31,A11-e003Coalescence-mBHI-p1_S772,101060,448
67,C_F12_e003Assembly_4_S264,31,A11-e003Coalescence-mBHI-p1_S772,101060,448
68,D_B8_e003Assembly_S308,27,A11-e003Coalescence-mBHI-p1_S772,101060,448
69,D_F8_e003Assembly_S356,28,A11-e003Coalescence-mBHI-p1_S772,101060,448
70,D_F12_e003Assembly_S360,32,A11-e003Coalescence-mBHI-p1_S772,101060,448
71,C_H2_e003Assembly_S278,34,A11-e003Coalescence-mBHI-p1_S772,101060,448
72,C_H10_H3_ACPP_AF_mBHI_mGAM_4_S286,25,A11-e003Coalescence-mBHI-p1_S772,101060,448
0,A_D8_D11_AF_AF_mGAM_mBHI_2_S44,69,Coalescence-A12-D11-AF-AF-mGAM-mBHI-7_S631,101060,99
1,A_E8_A11_AF_AA_mGAM_mGAM_2_S56,72,Coalescence-A12-D11-AF-AF-mGAM-mBHI-7_S631,101060,99
2,A_H5_D8_AA_AF_mGAM_mGAM_2_S89,76,Coalescence-A12-D11-AF-AF-mGAM-mBHI-7_S631,101060,99
3,A_H8_D11_AF_AF_mGAM_mGAM_2_S92,76,Coalescence-A12-D11-AF-AF-mGAM-mBHI-7_S631,101060,99
4,B_D8_H11_AF_AF_mGAM_mBHI_2_S140,48,Coalescence-A12-D11-AF-AF-mGAM-mBHI-7_S631,101060,99
5,B_E8_E11_AF_AA_mGAM_mGAM_2_S152,71,Coalescence-A12-D11-AF-AF-mGAM-mBHI-7_S631,101060,99
6,B_E12_A11_AF_AA_mGAM_mGAM_4_S156,67,Coalescence-A12-D11-AF-AF-mGAM-mBHI-7_S631,101060,99
7,B_H5_H8_AA_AF_mGAM_mGAM_2_S185,74,Coalescence-A12-D11-AF-AF-mGAM-mBHI-7_S631,101060,99
8,B_H8_H11_AF_AF_mGAM_mGAM_2_S188,62,Coalescence-A12-D11-AF-AF-mGAM-mBHI-7_S631,101060,99
9,B_H9_D8_AA_AF_mGAM_mGAM_4_S189,70,Coalescence-A12-D11-AF-AF-mGAM-mBHI-7_S631,101060,99
10,C_D8_D11_AF_AF_mGAM_mBHI_6_S236,51,Coalescence-A12-D11-AF-AF-mGAM-mBHI-7_S631,101060,99
11,C_E8_A11_AF_AA_mGAM_mGAM_6_S248,71,Coalescence-A12-D11-AF-AF-mGAM-mBHI-7_S631,101060,99
12,C_H5_D8_AA_AF_mGAM_mGAM_6_S281,48,Coalescence-A12-D11-AF-AF-mGAM-mBHI-7_S631,101060,99
13,C_H8_D11_AF_AF_mGAM_mGAM_6_S284,61,Coalescence-A12-D11-AF-AF-mGAM-mBHI-7_S631,101060,99
14,D_D8_D11_AF_AF_mGAM_mBHI_6_S332,63,Coalescence-A12-D11-AF-AF-mGAM-mBHI-7_S631,101060,99
15,D_E8_A11_AF_AA_mGAM_mGAM_6_S344,69,Coalescence-A12-D11-AF-AF-mGAM-mBHI-7_S631,101060,99
16,D_E12_E11_AF_AA_mGAM_mGAM_4_S348,79,Coalescence-A12-D11-AF-AF-mGAM-mBHI-7_S631,101060,99
17,D_H5_D8_AA_AF_mGAM_mGAM_6_S377,78,Coalescence-A12-D11-AF-AF-mGAM-mBHI-7_S631,101060,99
18,D_H8_D11_AF_AF_mGAM_mGAM_6_S380,45,Coalescence-A12-D11-AF-AF-mGAM-mBHI-7_S631,101060,99
19,D_H9_H8_AA_AF_mGAM_mGAM_4_S381,45,Coalescence-A12-D11-AF-AF-mGAM-mBHI-7_S631,101060,99
20,D11-e003Coalescence-mBHI-p5,58,Coalescence-A12-D11-AF-AF-mGAM-mBHI-7_S631,101060,99
21,D11-e003Coalescence-mGAM-p5,66,Coalescence-A12-D11-AF-AF-mGAM-mBHI-7_S631,101060,99
22,A11-e003Coalescence-mGAM-p7,50,Coalescence-A12-D11-AF-AF-mGAM-mBHI-7_S631,101060,99
23,D8-e003Coalescence-mGAM-p5,56,Coalescence-A12-D11-AF-AF-mGAM-mBHI-7_S631,101060,99
24,D11-e003Coalescence-mGAM-p7,67,Coalescence-A12-D11-AF-AF-mGAM-mBHI-7_S631,101060,99
25,A11-e003Coalescence-mGAM-p3,60,Coalescence-A12-D11-AF-AF-mGAM-mBHI-7_S631,101060,99
26,H111-e003Coalescence-mGAM-p7_S188,59,Coalescence-A12-D11-AF-AF-mGAM-mBHI-7_S631,101060,99
27,H111-e003Coalescence-mBHI-p3_S144,67,Coalescence-A12-D11-AF-AF-mGAM-mBHI-7_S631,101060,99
28,H111-e003Coalescence-mGAM-p5_S92,67,Coalescence-A12-D11-AF-AF-mGAM-mBHI-7_S631,101060,99
29,H8-e003Coalescence-mGAM-p5_S89,55,Coalescence-A12-D11-AF-AF-mGAM-mBHI-7_S631,101060,99
30,H111-e003Coalescence-mBHI-p5_S44,70,Coalescence-A12-D11-AF-AF-mGAM-mBHI-7_S631,101060,99
31,E111-e003Coalescence-mGAM-p5_S56,63,Coalescence-A12-D11-AF-AF-mGAM-mBHI-7_S631,101060,99
32,H111-e003Coalescence-mGAM-p3_S192,73,Coalescence-A12-D11-AF-AF-mGAM-mBHI-7_S631,101060,99
33,H8-e003Coalescence-mGAM-p7_S185,60,Coalescence-A12-D11-AF-AF-mGAM-mBHI-7_S631,101060,99
34,B5-e003Coalescence-Inoculumn-mGAM,59,Coalescence-A12-D11-AF-AF-mGAM-mBHI-7_S631,101060,99
35,D5-e003Coalescence-Inoculumn-mGAM,63,Coalescence-A12-D11-AF-AF-mGAM-mBHI-7_S631,101060,99
36,A5-e003Coalescence-Inoculumn-mGAM,57,Coalescence-A12-D11-AF-AF-mGAM-mBHI-7_S631,101060,99
37,D2-e003Coalescence-Inoculumn-mGAM,63,Coalescence-A12-D11-AF-AF-mGAM-mBHI-7_S631,101060,99
38,D3-e003Coalescence-Inoculumn-mGAM,70,Coalescence-A12-D11-AF-AF-mGAM-mBHI-7_S631,101060,99
39,C5-e003Coalescence-Inoculumn-mGAM,71,Coalescence-A12-D11-AF-AF-mGAM-mBHI-7_S631,101060,99
40,E11-e003Coalescence-mGAM-p1_S840,73,Coalescence-A12-D11-AF-AF-mGAM-mBHI-7_S631,101060,99
41,H8-e003Coalescence-mBHI-p1_S815,50,Coalescence-A12-D11-AF-AF-mGAM-mBHI-7_S631,101060,99
42,D8-e003Coalescence-mGAM-p1_S755,72,Coalescence-A12-D11-AF-AF-mGAM-mBHI-7_S631,101060,99
43,H11-e003Coalescence-mGAM-p1_S843,51,Coalescence-A12-D11-AF-AF-mGAM-mBHI-7_S631,101060,99
44,A11-e003Coalescence-mGAM-p1_S776,33,Coalescence-A12-D11-AF-AF-mGAM-mBHI-7_S631,101060,99
45,H11-e003Coalescence-mBHI-p1_S839,71,Coalescence-A12-D11-AF-AF-mGAM-mBHI-7_S631,101060,99
46,E11-e003Coalescence-mBHI-p1_S836,61,Coalescence-A12-D11-AF-AF-mGAM-mBHI-7_S631,101060,99
47,H8-e003Coalescence-mGAM-p1_S819,65,Coalescence-A12-D11-AF-AF-mGAM-mBHI-7_S631,101060,99
48,D11-e003Coalescence-mGAM-p1_S779,68,Coalescence-A12-D11-AF-AF-mGAM-mBHI-7_S631,101060,99
49,D11-e003Coalescence-mBHI-p1_S775,46,Coalescence-A12-D11-AF-AF-mGAM-mBHI-7_S631,101060,99
50,A11-e003Coalescence-mBHI-p1_S772,32,Coalescence-A12-D11-AF-AF-mGAM-mBHI-7_S631,101060,99
51,Coalescence-A12-D11-AF-AF-mGAM-mBHI-7_S631,99,Coalescence-A12-D11-AF-AF-mGAM-mBHI-7_S631,101060,99
52,Coalescence-C3-A11-AA-AF-mGAM-mGAM-5_S646,74,Coalescence-A12-D11-AF-AF-mGAM-mBHI-7_S631,101060,99
53,Coalescence-F1-D8-AA-AF-mGAM-mGAM-3_S680,68,Coalescence-A12-D11-AF-AF-mGAM-mBHI-7_S631,101060,99
54,Coalescence-E8-D11-AF-AF-mGAM-mBHI-3_S675,71,Coalescence-A12-D11-AF-AF-mGAM-mBHI-7_S631,101060,99
55,Coalescence-B5-D8-AA-AF-mGAM-mGAM-7_S636,66,Coalescence-A12-D11-AF-AF-mGAM-mBHI-7_S631,101060,99
56,Coalescence-F10-H8-AA-AF-mGAM-mGAM-3_S689,74,Coalescence-A12-D11-AF-AF-mGAM-mBHI-7_S631,101060,99
57,Coalescence-B6-E11-AA-AF-mGAM-mGAM-7_S637,76,Coalescence-A12-D11-AF-AF-mGAM-mBHI-7_S631,101060,99
58,Coalescence-F3-E11-AA-AF-mGAM-mGAM-3_S682,74,Coalescence-A12-D11-AF-AF-mGAM-mBHI-7_S631,101060,99
59,B11-e003Assembly-mGAM-p3,21,Coalescence-A12-D11-AF-AF-mGAM-mBHI-7_S631,101060,99
60,B11-e003Assembly-mGAM-p5,54,Coalescence-A12-D11-AF-AF-mGAM-mBHI-7_S631,101060,99
61,B11-e003GlycerolRevival-mGAM-p2,45,Coalescence-A12-D11-AF-AF-mGAM-mBHI-7_S631,101060,99
62,C11-e003Assembly-mGAM-p3,36,Coalescence-A12-D11-AF-AF-mGAM-mBHI-7_S631,101060,99
63,C11-e003GlycerolRevival-mGAM-p2,29,Coalescence-A12-D11-AF-AF-mGAM-mBHI-7_S631,101060,99
64,e003-inoculumn-fecal-AF,29,Coalescence-A12-D11-AF-AF-mGAM-mBHI-7_S631,101060,99
65,C_F4_e003Assembly_6_S256,39,Coalescence-A12-D11-AF-AF-mGAM-mBHI-7_S631,101060,99
66,C_F8_e003Assembly_6_S260,70,Coalescence-A12-D11-AF-AF-mGAM-mBHI-7_S631,101060,99
67,C_F12_e003Assembly_4_S264,67,Coalescence-A12-D11-AF-AF-mGAM-mBHI-7_S631,101060,99
68,D_B8_e003Assembly_S308,66,Coalescence-A12-D11-AF-AF-mGAM-mBHI-7_S631,101060,99
69,D_F8_e003Assembly_S356,62,Coalescence-A12-D11-AF-AF-mGAM-mBHI-7_S631,101060,99
70,D_F12_e003Assembly_S360,76,Coalescence-A12-D11-AF-AF-mGAM-mBHI-7_S631,101060,99
71,C_H2_e003Assembly_S278,68,Coalescence-A12-D11-AF-AF-mGAM-mBHI-7_S631,101060,99
72,C_H10_H3_ACPP_AF_mBHI_mGAM_4_S286,59,Coalescence-A12-D11-AF-AF-mGAM-mBHI-7_S631,101060,99
0,A_D8_D11_AF_AF_mGAM_mBHI_2_S44,72,Coalescence-C3-A11-AA-AF-mGAM-mGAM-5_S646,101060,108
1,A_E8_A11_AF_AA_mGAM_mGAM_2_S56,69,Coalescence-C3-A11-AA-AF-mGAM-mGAM-5_S646,101060,108
2,A_H5_D8_AA_AF_mGAM_mGAM_2_S89,74,Coalescence-C3-A11-AA-AF-mGAM-mGAM-5_S646,101060,108
3,A_H8_D11_AF_AF_mGAM_mGAM_2_S92,71,Coalescence-C3-A11-AA-AF-mGAM-mGAM-5_S646,101060,108
4,B_D8_H11_AF_AF_mGAM_mBHI_2_S140,50,Coalescence-C3-A11-AA-AF-mGAM-mGAM-5_S646,101060,108
5,B_E8_E11_AF_AA_mGAM_mGAM_2_S152,74,Coalescence-C3-A11-AA-AF-mGAM-mGAM-5_S646,101060,108
6,B_E12_A11_AF_AA_mGAM_mGAM_4_S156,68,Coalescence-C3-A11-AA-AF-mGAM-mGAM-5_S646,101060,108
7,B_H5_H8_AA_AF_mGAM_mGAM_2_S185,73,Coalescence-C3-A11-AA-AF-mGAM-mGAM-5_S646,101060,108
8,B_H8_H11_AF_AF_mGAM_mGAM_2_S188,62,Coalescence-C3-A11-AA-AF-mGAM-mGAM-5_S646,101060,108
9,B_H9_D8_AA_AF_mGAM_mGAM_4_S189,67,Coalescence-C3-A11-AA-AF-mGAM-mGAM-5_S646,101060,108
10,C_D8_D11_AF_AF_mGAM_mBHI_6_S236,59,Coalescence-C3-A11-AA-AF-mGAM-mGAM-5_S646,101060,108
11,C_E8_A11_AF_AA_mGAM_mGAM_6_S248,76,Coalescence-C3-A11-AA-AF-mGAM-mGAM-5_S646,101060,108
12,C_H5_D8_AA_AF_mGAM_mGAM_6_S281,54,Coalescence-C3-A11-AA-AF-mGAM-mGAM-5_S646,101060,108
13,C_H8_D11_AF_AF_mGAM_mGAM_6_S284,67,Coalescence-C3-A11-AA-AF-mGAM-mGAM-5_S646,101060,108
14,D_D8_D11_AF_AF_mGAM_mBHI_6_S332,66,Coalescence-C3-A11-AA-AF-mGAM-mGAM-5_S646,101060,108
15,D_E8_A11_AF_AA_mGAM_mGAM_6_S344,74,Coalescence-C3-A11-AA-AF-mGAM-mGAM-5_S646,101060,108
16,D_E12_E11_AF_AA_mGAM_mGAM_4_S348,73,Coalescence-C3-A11-AA-AF-mGAM-mGAM-5_S646,101060,108
17,D_H5_D8_AA_AF_mGAM_mGAM_6_S377,77,Coalescence-C3-A11-AA-AF-mGAM-mGAM-5_S646,101060,108
18,D_H8_D11_AF_AF_mGAM_mGAM_6_S380,47,Coalescence-C3-A11-AA-AF-mGAM-mGAM-5_S646,101060,108
19,D_H9_H8_AA_AF_mGAM_mGAM_4_S381,43,Coalescence-C3-A11-AA-AF-mGAM-mGAM-5_S646,101060,108
20,D11-e003Coalescence-mBHI-p5,62,Coalescence-C3-A11-AA-AF-mGAM-mGAM-5_S646,101060,108
21,D11-e003Coalescence-mGAM-p5,70,Coalescence-C3-A11-AA-AF-mGAM-mGAM-5_S646,101060,108
22,A11-e003Coalescence-mGAM-p7,51,Coalescence-C3-A11-AA-AF-mGAM-mGAM-5_S646,101060,108
23,D8-e003Coalescence-mGAM-p5,65,Coalescence-C3-A11-AA-AF-mGAM-mGAM-5_S646,101060,108
24,D11-e003Coalescence-mGAM-p7,75,Coalescence-C3-A11-AA-AF-mGAM-mGAM-5_S646,101060,108
25,A11-e003Coalescence-mGAM-p3,61,Coalescence-C3-A11-AA-AF-mGAM-mGAM-5_S646,101060,108
26,H111-e003Coalescence-mGAM-p7_S188,62,Coalescence-C3-A11-AA-AF-mGAM-mGAM-5_S646,101060,108
27,H111-e003Coalescence-mBHI-p3_S144,68,Coalescence-C3-A11-AA-AF-mGAM-mGAM-5_S646,101060,108
28,H111-e003Coalescence-mGAM-p5_S92,60,Coalescence-C3-A11-AA-AF-mGAM-mGAM-5_S646,101060,108
29,H8-e003Coalescence-mGAM-p5_S89,59,Coalescence-C3-A11-AA-AF-mGAM-mGAM-5_S646,101060,108
30,H111-e003Coalescence-mBHI-p5_S44,65,Coalescence-C3-A11-AA-AF-mGAM-mGAM-5_S646,101060,108
31,E111-e003Coalescence-mGAM-p5_S56,64,Coalescence-C3-A11-AA-AF-mGAM-mGAM-5_S646,101060,108
32,H111-e003Coalescence-mGAM-p3_S192,69,Coalescence-C3-A11-AA-AF-mGAM-mGAM-5_S646,101060,108
33,H8-e003Coalescence-mGAM-p7_S185,65,Coalescence-C3-A11-AA-AF-mGAM-mGAM-5_S646,101060,108
34,B5-e003Coalescence-Inoculumn-mGAM,64,Coalescence-C3-A11-AA-AF-mGAM-mGAM-5_S646,101060,108
35,D5-e003Coalescence-Inoculumn-mGAM,64,Coalescence-C3-A11-AA-AF-mGAM-mGAM-5_S646,101060,108
36,A5-e003Coalescence-Inoculumn-mGAM,63,Coalescence-C3-A11-AA-AF-mGAM-mGAM-5_S646,101060,108
37,D2-e003Coalescence-Inoculumn-mGAM,62,Coalescence-C3-A11-AA-AF-mGAM-mGAM-5_S646,101060,108
38,D3-e003Coalescence-Inoculumn-mGAM,65,Coalescence-C3-A11-AA-AF-mGAM-mGAM-5_S646,101060,108
39,C5-e003Coalescence-Inoculumn-mGAM,75,Coalescence-C3-A11-AA-AF-mGAM-mGAM-5_S646,101060,108
40,E11-e003Coalescence-mGAM-p1_S840,76,Coalescence-C3-A11-AA-AF-mGAM-mGAM-5_S646,101060,108
41,H8-e003Coalescence-mBHI-p1_S815,61,Coalescence-C3-A11-AA-AF-mGAM-mGAM-5_S646,101060,108
42,D8-e003Coalescence-mGAM-p1_S755,65,Coalescence-C3-A11-AA-AF-mGAM-mGAM-5_S646,101060,108
43,H11-e003Coalescence-mGAM-p1_S843,56,Coalescence-C3-A11-AA-AF-mGAM-mGAM-5_S646,101060,108
44,A11-e003Coalescence-mGAM-p1_S776,32,Coalescence-C3-A11-AA-AF-mGAM-mGAM-5_S646,101060,108
45,H11-e003Coalescence-mBHI-p1_S839,77,Coalescence-C3-A11-AA-AF-mGAM-mGAM-5_S646,101060,108
46,E11-e003Coalescence-mBHI-p1_S836,70,Coalescence-C3-A11-AA-AF-mGAM-mGAM-5_S646,101060,108
47,H8-e003Coalescence-mGAM-p1_S819,68,Coalescence-C3-A11-AA-AF-mGAM-mGAM-5_S646,101060,108
48,D11-e003Coalescence-mGAM-p1_S779,71,Coalescence-C3-A11-AA-AF-mGAM-mGAM-5_S646,101060,108
49,D11-e003Coalescence-mBHI-p1_S775,51,Coalescence-C3-A11-AA-AF-mGAM-mGAM-5_S646,101060,108
50,A11-e003Coalescence-mBHI-p1_S772,34,Coalescence-C3-A11-AA-AF-mGAM-mGAM-5_S646,101060,108
51,Coalescence-A12-D11-AF-AF-mGAM-mBHI-7_S631,74,Coalescence-C3-A11-AA-AF-mGAM-mGAM-5_S646,101060,108
52,Coalescence-C3-A11-AA-AF-mGAM-mGAM-5_S646,108,Coalescence-C3-A11-AA-AF-mGAM-mGAM-5_S646,101060,108
53,Coalescence-F1-D8-AA-AF-mGAM-mGAM-3_S680,69,Coalescence-C3-A11-AA-AF-mGAM-mGAM-5_S646,101060,108
54,Coalescence-E8-D11-AF-AF-mGAM-mBHI-3_S675,75,Coalescence-C3-A11-AA-AF-mGAM-mGAM-5_S646,101060,108
55,Coalescence-B5-D8-AA-AF-mGAM-mGAM-7_S636,68,Coalescence-C3-A11-AA-AF-mGAM-mGAM-5_S646,101060,108
56,Coalescence-F10-H8-AA-AF-mGAM-mGAM-3_S689,74,Coalescence-C3-A11-AA-AF-mGAM-mGAM-5_S646,101060,108
57,Coalescence-B6-E11-AA-AF-mGAM-mGAM-7_S637,73,Coalescence-C3-A11-AA-AF-mGAM-mGAM-5_S646,101060,108
58,Coalescence-F3-E11-AA-AF-mGAM-mGAM-3_S682,79,Coalescence-C3-A11-AA-AF-mGAM-mGAM-5_S646,101060,108
59,B11-e003Assembly-mGAM-p3,30,Coalescence-C3-A11-AA-AF-mGAM-mGAM-5_S646,101060,108
60,B11-e003Assembly-mGAM-p5,52,Coalescence-C3-A11-AA-AF-mGAM-mGAM-5_S646,101060,108
61,B11-e003GlycerolRevival-mGAM-p2,45,Coalescence-C3-A11-AA-AF-mGAM-mGAM-5_S646,101060,108
62,C11-e003Assembly-mGAM-p3,37,Coalescence-C3-A11-AA-AF-mGAM-mGAM-5_S646,101060,108
63,C11-e003GlycerolRevival-mGAM-p2,32,Coalescence-C3-A11-AA-AF-mGAM-mGAM-5_S646,101060,108
64,e003-inoculumn-fecal-AF,30,Coalescence-C3-A11-AA-AF-mGAM-mGAM-5_S646,101060,108
65,C_F4_e003Assembly_6_S256,35,Coalescence-C3-A11-AA-AF-mGAM-mGAM-5_S646,101060,108
66,C_F8_e003Assembly_6_S260,67,Coalescence-C3-A11-AA-AF-mGAM-mGAM-5_S646,101060,108
67,C_F12_e003Assembly_4_S264,62,Coalescence-C3-A11-AA-AF-mGAM-mGAM-5_S646,101060,108
68,D_B8_e003Assembly_S308,64,Coalescence-C3-A11-AA-AF-mGAM-mGAM-5_S646,101060,108
69,D_F8_e003Assembly_S356,61,Coalescence-C3-A11-AA-AF-mGAM-mGAM-5_S646,101060,108
70,D_F12_e003Assembly_S360,79,Coalescence-C3-A11-AA-AF-mGAM-mGAM-5_S646,101060,108
71,C_H2_e003Assembly_S278,76,Coalescence-C3-A11-AA-AF-mGAM-mGAM-5_S646,101060,108
72,C_H10_H3_ACPP_AF_mBHI_mGAM_4_S286,59,Coalescence-C3-A11-AA-AF-mGAM-mGAM-5_S646,101060,108
0,A_D8_D11_AF_AF_mGAM_mBHI_2_S44,63,Coalescence-F1-D8-AA-AF-mGAM-mGAM-3_S680,101060,142
1,A_E8_A11_AF_AA_mGAM_mGAM_2_S56,70,Coalescence-F1-D8-AA-AF-mGAM-mGAM-3_S680,101060,142
2,A_H5_D8_AA_AF_mGAM_mGAM_2_S89,74,Coalescence-F1-D8-AA-AF-mGAM-mGAM-3_S680,101060,142
3,A_H8_D11_AF_AF_mGAM_mGAM_2_S92,67,Coalescence-F1-D8-AA-AF-mGAM-mGAM-3_S680,101060,142
4,B_D8_H11_AF_AF_mGAM_mBHI_2_S140,47,Coalescence-F1-D8-AA-AF-mGAM-mGAM-3_S680,101060,142
5,B_E8_E11_AF_AA_mGAM_mGAM_2_S152,76,Coalescence-F1-D8-AA-AF-mGAM-mGAM-3_S680,101060,142
6,B_E12_A11_AF_AA_mGAM_mGAM_4_S156,67,Coalescence-F1-D8-AA-AF-mGAM-mGAM-3_S680,101060,142
7,B_H5_H8_AA_AF_mGAM_mGAM_2_S185,74,Coalescence-F1-D8-AA-AF-mGAM-mGAM-3_S680,101060,142
8,B_H8_H11_AF_AF_mGAM_mGAM_2_S188,62,Coalescence-F1-D8-AA-AF-mGAM-mGAM-3_S680,101060,142
9,B_H9_D8_AA_AF_mGAM_mGAM_4_S189,65,Coalescence-F1-D8-AA-AF-mGAM-mGAM-3_S680,101060,142
10,C_D8_D11_AF_AF_mGAM_mBHI_6_S236,53,Coalescence-F1-D8-AA-AF-mGAM-mGAM-3_S680,101060,142
11,C_E8_A11_AF_AA_mGAM_mGAM_6_S248,66,Coalescence-F1-D8-AA-AF-mGAM-mGAM-3_S680,101060,142
12,C_H5_D8_AA_AF_mGAM_mGAM_6_S281,54,Coalescence-F1-D8-AA-AF-mGAM-mGAM-3_S680,101060,142
13,C_H8_D11_AF_AF_mGAM_mGAM_6_S284,60,Coalescence-F1-D8-AA-AF-mGAM-mGAM-3_S680,101060,142
14,D_D8_D11_AF_AF_mGAM_mBHI_6_S332,61,Coalescence-F1-D8-AA-AF-mGAM-mGAM-3_S680,101060,142
15,D_E8_A11_AF_AA_mGAM_mGAM_6_S344,70,Coalescence-F1-D8-AA-AF-mGAM-mGAM-3_S680,101060,142
16,D_E12_E11_AF_AA_mGAM_mGAM_4_S348,68,Coalescence-F1-D8-AA-AF-mGAM-mGAM-3_S680,101060,142
17,D_H5_D8_AA_AF_mGAM_mGAM_6_S377,70,Coalescence-F1-D8-AA-AF-mGAM-mGAM-3_S680,101060,142
18,D_H8_D11_AF_AF_mGAM_mGAM_6_S380,44,Coalescence-F1-D8-AA-AF-mGAM-mGAM-3_S680,101060,142
19,D_H9_H8_AA_AF_mGAM_mGAM_4_S381,37,Coalescence-F1-D8-AA-AF-mGAM-mGAM-3_S680,101060,142
20,D11-e003Coalescence-mBHI-p5,58,Coalescence-F1-D8-AA-AF-mGAM-mGAM-3_S680,101060,142
21,D11-e003Coalescence-mGAM-p5,65,Coalescence-F1-D8-AA-AF-mGAM-mGAM-3_S680,101060,142
22,A11-e003Coalescence-mGAM-p7,48,Coalescence-F1-D8-AA-AF-mGAM-mGAM-3_S680,101060,142
23,D8-e003Coalescence-mGAM-p5,54,Coalescence-F1-D8-AA-AF-mGAM-mGAM-3_S680,101060,142
24,D11-e003Coalescence-mGAM-p7,72,Coalescence-F1-D8-AA-AF-mGAM-mGAM-3_S680,101060,142
25,A11-e003Coalescence-mGAM-p3,58,Coalescence-F1-D8-AA-AF-mGAM-mGAM-3_S680,101060,142
26,H111-e003Coalescence-mGAM-p7_S188,59,Coalescence-F1-D8-AA-AF-mGAM-mGAM-3_S680,101060,142
27,H111-e003Coalescence-mBHI-p3_S144,67,Coalescence-F1-D8-AA-AF-mGAM-mGAM-3_S680,101060,142
28,H111-e003Coalescence-mGAM-p5_S92,65,Coalescence-F1-D8-AA-AF-mGAM-mGAM-3_S680,101060,142
29,H8-e003Coalescence-mGAM-p5_S89,54,Coalescence-F1-D8-AA-AF-mGAM-mGAM-3_S680,101060,142
30,H111-e003Coalescence-mBHI-p5_S44,59,Coalescence-F1-D8-AA-AF-mGAM-mGAM-3_S680,101060,142
31,E111-e003Coalescence-mGAM-p5_S56,61,Coalescence-F1-D8-AA-AF-mGAM-mGAM-3_S680,101060,142
32,H111-e003Coalescence-mGAM-p3_S192,66,Coalescence-F1-D8-AA-AF-mGAM-mGAM-3_S680,101060,142
33,H8-e003Coalescence-mGAM-p7_S185,64,Coalescence-F1-D8-AA-AF-mGAM-mGAM-3_S680,101060,142
34,B5-e003Coalescence-Inoculumn-mGAM,61,Coalescence-F1-D8-AA-AF-mGAM-mGAM-3_S680,101060,142
35,D5-e003Coalescence-Inoculumn-mGAM,64,Coalescence-F1-D8-AA-AF-mGAM-mGAM-3_S680,101060,142
36,A5-e003Coalescence-Inoculumn-mGAM,60,Coalescence-F1-D8-AA-AF-mGAM-mGAM-3_S680,101060,142
37,D2-e003Coalescence-Inoculumn-mGAM,56,Coalescence-F1-D8-AA-AF-mGAM-mGAM-3_S680,101060,142
38,D3-e003Coalescence-Inoculumn-mGAM,61,Coalescence-F1-D8-AA-AF-mGAM-mGAM-3_S680,101060,142
39,C5-e003Coalescence-Inoculumn-mGAM,71,Coalescence-F1-D8-AA-AF-mGAM-mGAM-3_S680,101060,142
40,E11-e003Coalescence-mGAM-p1_S840,67,Coalescence-F1-D8-AA-AF-mGAM-mGAM-3_S680,101060,142
41,H8-e003Coalescence-mBHI-p1_S815,53,Coalescence-F1-D8-AA-AF-mGAM-mGAM-3_S680,101060,142
42,D8-e003Coalescence-mGAM-p1_S755,64,Coalescence-F1-D8-AA-AF-mGAM-mGAM-3_S680,101060,142
43,H11-e003Coalescence-mGAM-p1_S843,55,Coalescence-F1-D8-AA-AF-mGAM-mGAM-3_S680,101060,142
44,A11-e003Coalescence-mGAM-p1_S776,33,Coalescence-F1-D8-AA-AF-mGAM-mGAM-3_S680,101060,142
45,H11-e003Coalescence-mBHI-p1_S839,67,Coalescence-F1-D8-AA-AF-mGAM-mGAM-3_S680,101060,142
46,E11-e003Coalescence-mBHI-p1_S836,62,Coalescence-F1-D8-AA-AF-mGAM-mGAM-3_S680,101060,142
47,H8-e003Coalescence-mGAM-p1_S819,62,Coalescence-F1-D8-AA-AF-mGAM-mGAM-3_S680,101060,142
48,D11-e003Coalescence-mGAM-p1_S779,67,Coalescence-F1-D8-AA-AF-mGAM-mGAM-3_S680,101060,142
49,D11-e003Coalescence-mBHI-p1_S775,46,Coalescence-F1-D8-AA-AF-mGAM-mGAM-3_S680,101060,142
50,A11-e003Coalescence-mBHI-p1_S772,27,Coalescence-F1-D8-AA-AF-mGAM-mGAM-3_S680,101060,142
51,Coalescence-A12-D11-AF-AF-mGAM-mBHI-7_S631,68,Coalescence-F1-D8-AA-AF-mGAM-mGAM-3_S680,101060,142
52,Coalescence-C3-A11-AA-AF-mGAM-mGAM-5_S646,69,Coalescence-F1-D8-AA-AF-mGAM-mGAM-3_S680,101060,142
53,Coalescence-F1-D8-AA-AF-mGAM-mGAM-3_S680,142,Coalescence-F1-D8-AA-AF-mGAM-mGAM-3_S680,101060,142
54,Coalescence-E8-D11-AF-AF-mGAM-mBHI-3_S675,74,Coalescence-F1-D8-AA-AF-mGAM-mGAM-3_S680,101060,142
55,Coalescence-B5-D8-AA-AF-mGAM-mGAM-7_S636,66,Coalescence-F1-D8-AA-AF-mGAM-mGAM-3_S680,101060,142
56,Coalescence-F10-H8-AA-AF-mGAM-mGAM-3_S689,73,Coalescence-F1-D8-AA-AF-mGAM-mGAM-3_S680,101060,142
57,Coalescence-B6-E11-AA-AF-mGAM-mGAM-7_S637,63,Coalescence-F1-D8-AA-AF-mGAM-mGAM-3_S680,101060,142
58,Coalescence-F3-E11-AA-AF-mGAM-mGAM-3_S682,70,Coalescence-F1-D8-AA-AF-mGAM-mGAM-3_S680,101060,142
59,B11-e003Assembly-mGAM-p3,21,Coalescence-F1-D8-AA-AF-mGAM-mGAM-3_S680,101060,142
60,B11-e003Assembly-mGAM-p5,56,Coalescence-F1-D8-AA-AF-mGAM-mGAM-3_S680,101060,142
61,B11-e003GlycerolRevival-mGAM-p2,45,Coalescence-F1-D8-AA-AF-mGAM-mGAM-3_S680,101060,142
62,C11-e003Assembly-mGAM-p3,34,Coalescence-F1-D8-AA-AF-mGAM-mGAM-3_S680,101060,142
63,C11-e003GlycerolRevival-mGAM-p2,32,Coalescence-F1-D8-AA-AF-mGAM-mGAM-3_S680,101060,142
64,e003-inoculumn-fecal-AF,28,Coalescence-F1-D8-AA-AF-mGAM-mGAM-3_S680,101060,142
65,C_F4_e003Assembly_6_S256,46,Coalescence-F1-D8-AA-AF-mGAM-mGAM-3_S680,101060,142
66,C_F8_e003Assembly_6_S260,67,Coalescence-F1-D8-AA-AF-mGAM-mGAM-3_S680,101060,142
67,C_F12_e003Assembly_4_S264,63,Coalescence-F1-D8-AA-AF-mGAM-mGAM-3_S680,101060,142
68,D_B8_e003Assembly_S308,64,Coalescence-F1-D8-AA-AF-mGAM-mGAM-3_S680,101060,142
69,D_F8_e003Assembly_S356,66,Coalescence-F1-D8-AA-AF-mGAM-mGAM-3_S680,101060,142
70,D_F12_e003Assembly_S360,71,Coalescence-F1-D8-AA-AF-mGAM-mGAM-3_S680,101060,142
71,C_H2_e003Assembly_S278,71,Coalescence-F1-D8-AA-AF-mGAM-mGAM-3_S680,101060,142
72,C_H10_H3_ACPP_AF_mBHI_mGAM_4_S286,54,Coalescence-F1-D8-AA-AF-mGAM-mGAM-3_S680,101060,142
0,A_D8_D11_AF_AF_mGAM_mBHI_2_S44,73,Coalescence-E8-D11-AF-AF-mGAM-mBHI-3_S675,101060,98
1,A_E8_A11_AF_AA_mGAM_mGAM_2_S56,72,Coalescence-E8-D11-AF-AF-mGAM-mBHI-3_S675,101060,98
2,A_H5_D8_AA_AF_mGAM_mGAM_2_S89,71,Coalescence-E8-D11-AF-AF-mGAM-mBHI-3_S675,101060,98
3,A_H8_D11_AF_AF_mGAM_mGAM_2_S92,70,Coalescence-E8-D11-AF-AF-mGAM-mBHI-3_S675,101060,98
4,B_D8_H11_AF_AF_mGAM_mBHI_2_S140,52,Coalescence-E8-D11-AF-AF-mGAM-mBHI-3_S675,101060,98
5,B_E8_E11_AF_AA_mGAM_mGAM_2_S152,72,Coalescence-E8-D11-AF-AF-mGAM-mBHI-3_S675,101060,98
6,B_E12_A11_AF_AA_mGAM_mGAM_4_S156,72,Coalescence-E8-D11-AF-AF-mGAM-mBHI-3_S675,101060,98
7,B_H5_H8_AA_AF_mGAM_mGAM_2_S185,76,Coalescence-E8-D11-AF-AF-mGAM-mBHI-3_S675,101060,98
8,B_H8_H11_AF_AF_mGAM_mGAM_2_S188,58,Coalescence-E8-D11-AF-AF-mGAM-mBHI-3_S675,101060,98
9,B_H9_D8_AA_AF_mGAM_mGAM_4_S189,68,Coalescence-E8-D11-AF-AF-mGAM-mBHI-3_S675,101060,98
10,C_D8_D11_AF_AF_mGAM_mBHI_6_S236,54,Coalescence-E8-D11-AF-AF-mGAM-mBHI-3_S675,101060,98
11,C_E8_A11_AF_AA_mGAM_mGAM_6_S248,71,Coalescence-E8-D11-AF-AF-mGAM-mBHI-3_S675,101060,98
12,C_H5_D8_AA_AF_mGAM_mGAM_6_S281,54,Coalescence-E8-D11-AF-AF-mGAM-mBHI-3_S675,101060,98
13,C_H8_D11_AF_AF_mGAM_mGAM_6_S284,70,Coalescence-E8-D11-AF-AF-mGAM-mBHI-3_S675,101060,98
14,D_D8_D11_AF_AF_mGAM_mBHI_6_S332,67,Coalescence-E8-D11-AF-AF-mGAM-mBHI-3_S675,101060,98
15,D_E8_A11_AF_AA_mGAM_mGAM_6_S344,75,Coalescence-E8-D11-AF-AF-mGAM-mBHI-3_S675,101060,98
16,D_E12_E11_AF_AA_mGAM_mGAM_4_S348,71,Coalescence-E8-D11-AF-AF-mGAM-mBHI-3_S675,101060,98
17,D_H5_D8_AA_AF_mGAM_mGAM_6_S377,75,Coalescence-E8-D11-AF-AF-mGAM-mBHI-3_S675,101060,98
18,D_H8_D11_AF_AF_mGAM_mGAM_6_S380,45,Coalescence-E8-D11-AF-AF-mGAM-mBHI-3_S675,101060,98
19,D_H9_H8_AA_AF_mGAM_mGAM_4_S381,38,Coalescence-E8-D11-AF-AF-mGAM-mBHI-3_S675,101060,98
20,D11-e003Coalescence-mBHI-p5,58,Coalescence-E8-D11-AF-AF-mGAM-mBHI-3_S675,101060,98
21,D11-e003Coalescence-mGAM-p5,71,Coalescence-E8-D11-AF-AF-mGAM-mBHI-3_S675,101060,98
22,A11-e003Coalescence-mGAM-p7,51,Coalescence-E8-D11-AF-AF-mGAM-mBHI-3_S675,101060,98
23,D8-e003Coalescence-mGAM-p5,60,Coalescence-E8-D11-AF-AF-mGAM-mBHI-3_S675,101060,98
24,D11-e003Coalescence-mGAM-p7,72,Coalescence-E8-D11-AF-AF-mGAM-mBHI-3_S675,101060,98
25,A11-e003Coalescence-mGAM-p3,59,Coalescence-E8-D11-AF-AF-mGAM-mBHI-3_S675,101060,98
26,H111-e003Coalescence-mGAM-p7_S188,62,Coalescence-E8-D11-AF-AF-mGAM-mBHI-3_S675,101060,98
27,H111-e003Coalescence-mBHI-p3_S144,74,Coalescence-E8-D11-AF-AF-mGAM-mBHI-3_S675,101060,98
28,H111-e003Coalescence-mGAM-p5_S92,70,Coalescence-E8-D11-AF-AF-mGAM-mBHI-3_S675,101060,98
29,H8-e003Coalescence-mGAM-p5_S89,60,Coalescence-E8-D11-AF-AF-mGAM-mBHI-3_S675,101060,98
30,H111-e003Coalescence-mBHI-p5_S44,69,Coalescence-E8-D11-AF-AF-mGAM-mBHI-3_S675,101060,98
31,E111-e003Coalescence-mGAM-p5_S56,57,Coalescence-E8-D11-AF-AF-mGAM-mBHI-3_S675,101060,98
32,H111-e003Coalescence-mGAM-p3_S192,73,Coalescence-E8-D11-AF-AF-mGAM-mBHI-3_S675,101060,98
33,H8-e003Coalescence-mGAM-p7_S185,69,Coalescence-E8-D11-AF-AF-mGAM-mBHI-3_S675,101060,98
34,B5-e003Coalescence-Inoculumn-mGAM,55,Coalescence-E8-D11-AF-AF-mGAM-mBHI-3_S675,101060,98
35,D5-e003Coalescence-Inoculumn-mGAM,63,Coalescence-E8-D11-AF-AF-mGAM-mBHI-3_S675,101060,98
36,A5-e003Coalescence-Inoculumn-mGAM,57,Coalescence-E8-D11-AF-AF-mGAM-mBHI-3_S675,101060,98
37,D2-e003Coalescence-Inoculumn-mGAM,62,Coalescence-E8-D11-AF-AF-mGAM-mBHI-3_S675,101060,98
38,D3-e003Coalescence-Inoculumn-mGAM,63,Coalescence-E8-D11-AF-AF-mGAM-mBHI-3_S675,101060,98
39,C5-e003Coalescence-Inoculumn-mGAM,70,Coalescence-E8-D11-AF-AF-mGAM-mBHI-3_S675,101060,98
40,E11-e003Coalescence-mGAM-p1_S840,68,Coalescence-E8-D11-AF-AF-mGAM-mBHI-3_S675,101060,98
41,H8-e003Coalescence-mBHI-p1_S815,57,Coalescence-E8-D11-AF-AF-mGAM-mBHI-3_S675,101060,98
42,D8-e003Coalescence-mGAM-p1_S755,65,Coalescence-E8-D11-AF-AF-mGAM-mBHI-3_S675,101060,98
43,H11-e003Coalescence-mGAM-p1_S843,58,Coalescence-E8-D11-AF-AF-mGAM-mBHI-3_S675,101060,98
44,A11-e003Coalescence-mGAM-p1_S776,33,Coalescence-E8-D11-AF-AF-mGAM-mBHI-3_S675,101060,98
45,H11-e003Coalescence-mBHI-p1_S839,74,Coalescence-E8-D11-AF-AF-mGAM-mBHI-3_S675,101060,98
46,E11-e003Coalescence-mBHI-p1_S836,67,Coalescence-E8-D11-AF-AF-mGAM-mBHI-3_S675,101060,98
47,H8-e003Coalescence-mGAM-p1_S819,68,Coalescence-E8-D11-AF-AF-mGAM-mBHI-3_S675,101060,98
48,D11-e003Coalescence-mGAM-p1_S779,70,Coalescence-E8-D11-AF-AF-mGAM-mBHI-3_S675,101060,98
49,D11-e003Coalescence-mBHI-p1_S775,54,Coalescence-E8-D11-AF-AF-mGAM-mBHI-3_S675,101060,98
50,A11-e003Coalescence-mBHI-p1_S772,32,Coalescence-E8-D11-AF-AF-mGAM-mBHI-3_S675,101060,98
51,Coalescence-A12-D11-AF-AF-mGAM-mBHI-7_S631,71,Coalescence-E8-D11-AF-AF-mGAM-mBHI-3_S675,101060,98
52,Coalescence-C3-A11-AA-AF-mGAM-mGAM-5_S646,75,Coalescence-E8-D11-AF-AF-mGAM-mBHI-3_S675,101060,98
53,Coalescence-F1-D8-AA-AF-mGAM-mGAM-3_S680,74,Coalescence-E8-D11-AF-AF-mGAM-mBHI-3_S675,101060,98
54,Coalescence-E8-D11-AF-AF-mGAM-mBHI-3_S675,98,Coalescence-E8-D11-AF-AF-mGAM-mBHI-3_S675,101060,98
55,Coalescence-B5-D8-AA-AF-mGAM-mGAM-7_S636,66,Coalescence-E8-D11-AF-AF-mGAM-mBHI-3_S675,101060,98
56,Coalescence-F10-H8-AA-AF-mGAM-mGAM-3_S689,74,Coalescence-E8-D11-AF-AF-mGAM-mBHI-3_S675,101060,98
57,Coalescence-B6-E11-AA-AF-mGAM-mGAM-7_S637,72,Coalescence-E8-D11-AF-AF-mGAM-mBHI-3_S675,101060,98
58,Coalescence-F3-E11-AA-AF-mGAM-mGAM-3_S682,73,Coalescence-E8-D11-AF-AF-mGAM-mBHI-3_S675,101060,98
59,B11-e003Assembly-mGAM-p3,27,Coalescence-E8-D11-AF-AF-mGAM-mBHI-3_S675,101060,98
60,B11-e003Assembly-mGAM-p5,49,Coalescence-E8-D11-AF-AF-mGAM-mBHI-3_S675,101060,98
61,B11-e003GlycerolRevival-mGAM-p2,47,Coalescence-E8-D11-AF-AF-mGAM-mBHI-3_S675,101060,98
62,C11-e003Assembly-mGAM-p3,33,Coalescence-E8-D11-AF-AF-mGAM-mBHI-3_S675,101060,98
63,C11-e003GlycerolRevival-mGAM-p2,34,Coalescence-E8-D11-AF-AF-mGAM-mBHI-3_S675,101060,98
64,e003-inoculumn-fecal-AF,30,Coalescence-E8-D11-AF-AF-mGAM-mBHI-3_S675,101060,98
65,C_F4_e003Assembly_6_S256,44,Coalescence-E8-D11-AF-AF-mGAM-mBHI-3_S675,101060,98
66,C_F8_e003Assembly_6_S260,69,Coalescence-E8-D11-AF-AF-mGAM-mBHI-3_S675,101060,98
67,C_F12_e003Assembly_4_S264,63,Coalescence-E8-D11-AF-AF-mGAM-mBHI-3_S675,101060,98
68,D_B8_e003Assembly_S308,65,Coalescence-E8-D11-AF-AF-mGAM-mBHI-3_S675,101060,98
69,D_F8_e003Assembly_S356,66,Coalescence-E8-D11-AF-AF-mGAM-mBHI-3_S675,101060,98
70,D_F12_e003Assembly_S360,78,Coalescence-E8-D11-AF-AF-mGAM-mBHI-3_S675,101060,98
71,C_H2_e003Assembly_S278,76,Coalescence-E8-D11-AF-AF-mGAM-mBHI-3_S675,101060,98
72,C_H10_H3_ACPP_AF_mBHI_mGAM_4_S286,54,Coalescence-E8-D11-AF-AF-mGAM-mBHI-3_S675,101060,98
0,A_D8_D11_AF_AF_mGAM_mBHI_2_S44,65,Coalescence-B5-D8-AA-AF-mGAM-mGAM-7_S636,101060,109
1,A_E8_A11_AF_AA_mGAM_mGAM_2_S56,70,Coalescence-B5-D8-AA-AF-mGAM-mGAM-7_S636,101060,109
2,A_H5_D8_AA_AF_mGAM_mGAM_2_S89,68,Coalescence-B5-D8-AA-AF-mGAM-mGAM-7_S636,101060,109
3,A_H8_D11_AF_AF_mGAM_mGAM_2_S92,71,Coalescence-B5-D8-AA-AF-mGAM-mGAM-7_S636,101060,109
4,B_D8_H11_AF_AF_mGAM_mBHI_2_S140,46,Coalescence-B5-D8-AA-AF-mGAM-mGAM-7_S636,101060,109
5,B_E8_E11_AF_AA_mGAM_mGAM_2_S152,65,Coalescence-B5-D8-AA-AF-mGAM-mGAM-7_S636,101060,109
6,B_E12_A11_AF_AA_mGAM_mGAM_4_S156,80,Coalescence-B5-D8-AA-AF-mGAM-mGAM-7_S636,101060,109
7,B_H5_H8_AA_AF_mGAM_mGAM_2_S185,68,Coalescence-B5-D8-AA-AF-mGAM-mGAM-7_S636,101060,109
8,B_H8_H11_AF_AF_mGAM_mGAM_2_S188,66,Coalescence-B5-D8-AA-AF-mGAM-mGAM-7_S636,101060,109
9,B_H9_D8_AA_AF_mGAM_mGAM_4_S189,68,Coalescence-B5-D8-AA-AF-mGAM-mGAM-7_S636,101060,109
10,C_D8_D11_AF_AF_mGAM_mBHI_6_S236,49,Coalescence-B5-D8-AA-AF-mGAM-mGAM-7_S636,101060,109
11,C_E8_A11_AF_AA_mGAM_mGAM_6_S248,73,Coalescence-B5-D8-AA-AF-mGAM-mGAM-7_S636,101060,109
12,C_H5_D8_AA_AF_mGAM_mGAM_6_S281,61,Coalescence-B5-D8-AA-AF-mGAM-mGAM-7_S636,101060,109
13,C_H8_D11_AF_AF_mGAM_mGAM_6_S284,56,Coalescence-B5-D8-AA-AF-mGAM-mGAM-7_S636,101060,109
14,D_D8_D11_AF_AF_mGAM_mBHI_6_S332,66,Coalescence-B5-D8-AA-AF-mGAM-mGAM-7_S636,101060,109
15,D_E8_A11_AF_AA_mGAM_mGAM_6_S344,78,Coalescence-B5-D8-AA-AF-mGAM-mGAM-7_S636,101060,109
16,D_E12_E11_AF_AA_mGAM_mGAM_4_S348,71,Coalescence-B5-D8-AA-AF-mGAM-mGAM-7_S636,101060,109
17,D_H5_D8_AA_AF_mGAM_mGAM_6_S377,72,Coalescence-B5-D8-AA-AF-mGAM-mGAM-7_S636,101060,109
18,D_H8_D11_AF_AF_mGAM_mGAM_6_S380,45,Coalescence-B5-D8-AA-AF-mGAM-mGAM-7_S636,101060,109
19,D_H9_H8_AA_AF_mGAM_mGAM_4_S381,41,Coalescence-B5-D8-AA-AF-mGAM-mGAM-7_S636,101060,109
20,D11-e003Coalescence-mBHI-p5,61,Coalescence-B5-D8-AA-AF-mGAM-mGAM-7_S636,101060,109
21,D11-e003Coalescence-mGAM-p5,64,Coalescence-B5-D8-AA-AF-mGAM-mGAM-7_S636,101060,109
22,A11-e003Coalescence-mGAM-p7,46,Coalescence-B5-D8-AA-AF-mGAM-mGAM-7_S636,101060,109
23,D8-e003Coalescence-mGAM-p5,61,Coalescence-B5-D8-AA-AF-mGAM-mGAM-7_S636,101060,109
24,D11-e003Coalescence-mGAM-p7,74,Coalescence-B5-D8-AA-AF-mGAM-mGAM-7_S636,101060,109
25,A11-e003Coalescence-mGAM-p3,60,Coalescence-B5-D8-AA-AF-mGAM-mGAM-7_S636,101060,109
26,H111-e003Coalescence-mGAM-p7_S188,61,Coalescence-B5-D8-AA-AF-mGAM-mGAM-7_S636,101060,109
27,H111-e003Coalescence-mBHI-p3_S144,63,Coalescence-B5-D8-AA-AF-mGAM-mGAM-7_S636,101060,109
28,H111-e003Coalescence-mGAM-p5_S92,62,Coalescence-B5-D8-AA-AF-mGAM-mGAM-7_S636,101060,109
29,H8-e003Coalescence-mGAM-p5_S89,54,Coalescence-B5-D8-AA-AF-mGAM-mGAM-7_S636,101060,109
30,H111-e003Coalescence-mBHI-p5_S44,59,Coalescence-B5-D8-AA-AF-mGAM-mGAM-7_S636,101060,109
31,E111-e003Coalescence-mGAM-p5_S56,59,Coalescence-B5-D8-AA-AF-mGAM-mGAM-7_S636,101060,109
32,H111-e003Coalescence-mGAM-p3_S192,67,Coalescence-B5-D8-AA-AF-mGAM-mGAM-7_S636,101060,109
33,H8-e003Coalescence-mGAM-p7_S185,66,Coalescence-B5-D8-AA-AF-mGAM-mGAM-7_S636,101060,109
34,B5-e003Coalescence-Inoculumn-mGAM,65,Coalescence-B5-D8-AA-AF-mGAM-mGAM-7_S636,101060,109
35,D5-e003Coalescence-Inoculumn-mGAM,63,Coalescence-B5-D8-AA-AF-mGAM-mGAM-7_S636,101060,109
36,A5-e003Coalescence-Inoculumn-mGAM,60,Coalescence-B5-D8-AA-AF-mGAM-mGAM-7_S636,101060,109
37,D2-e003Coalescence-Inoculumn-mGAM,62,Coalescence-B5-D8-AA-AF-mGAM-mGAM-7_S636,101060,109
38,D3-e003Coalescence-Inoculumn-mGAM,68,Coalescence-B5-D8-AA-AF-mGAM-mGAM-7_S636,101060,109
39,C5-e003Coalescence-Inoculumn-mGAM,71,Coalescence-B5-D8-AA-AF-mGAM-mGAM-7_S636,101060,109
40,E11-e003Coalescence-mGAM-p1_S840,72,Coalescence-B5-D8-AA-AF-mGAM-mGAM-7_S636,101060,109
41,H8-e003Coalescence-mBHI-p1_S815,53,Coalescence-B5-D8-AA-AF-mGAM-mGAM-7_S636,101060,109
42,D8-e003Coalescence-mGAM-p1_S755,61,Coalescence-B5-D8-AA-AF-mGAM-mGAM-7_S636,101060,109
43,H11-e003Coalescence-mGAM-p1_S843,61,Coalescence-B5-D8-AA-AF-mGAM-mGAM-7_S636,101060,109
44,A11-e003Coalescence-mGAM-p1_S776,35,Coalescence-B5-D8-AA-AF-mGAM-mGAM-7_S636,101060,109
45,H11-e003Coalescence-mBHI-p1_S839,77,Coalescence-B5-D8-AA-AF-mGAM-mGAM-7_S636,101060,109
46,E11-e003Coalescence-mBHI-p1_S836,63,Coalescence-B5-D8-AA-AF-mGAM-mGAM-7_S636,101060,109
47,H8-e003Coalescence-mGAM-p1_S819,58,Coalescence-B5-D8-AA-AF-mGAM-mGAM-7_S636,101060,109
48,D11-e003Coalescence-mGAM-p1_S779,66,Coalescence-B5-D8-AA-AF-mGAM-mGAM-7_S636,101060,109
49,D11-e003Coalescence-mBHI-p1_S775,48,Coalescence-B5-D8-AA-AF-mGAM-mGAM-7_S636,101060,109
50,A11-e003Coalescence-mBHI-p1_S772,24,Coalescence-B5-D8-AA-AF-mGAM-mGAM-7_S636,101060,109
51,Coalescence-A12-D11-AF-AF-mGAM-mBHI-7_S631,66,Coalescence-B5-D8-AA-AF-mGAM-mGAM-7_S636,101060,109
52,Coalescence-C3-A11-AA-AF-mGAM-mGAM-5_S646,68,Coalescence-B5-D8-AA-AF-mGAM-mGAM-7_S636,101060,109
53,Coalescence-F1-D8-AA-AF-mGAM-mGAM-3_S680,66,Coalescence-B5-D8-AA-AF-mGAM-mGAM-7_S636,101060,109
54,Coalescence-E8-D11-AF-AF-mGAM-mBHI-3_S675,66,Coalescence-B5-D8-AA-AF-mGAM-mGAM-7_S636,101060,109
55,Coalescence-B5-D8-AA-AF-mGAM-mGAM-7_S636,109,Coalescence-B5-D8-AA-AF-mGAM-mGAM-7_S636,101060,109
56,Coalescence-F10-H8-AA-AF-mGAM-mGAM-3_S689,74,Coalescence-B5-D8-AA-AF-mGAM-mGAM-7_S636,101060,109
57,Coalescence-B6-E11-AA-AF-mGAM-mGAM-7_S637,74,Coalescence-B5-D8-AA-AF-mGAM-mGAM-7_S636,101060,109
58,Coalescence-F3-E11-AA-AF-mGAM-mGAM-3_S682,76,Coalescence-B5-D8-AA-AF-mGAM-mGAM-7_S636,101060,109
59,B11-e003Assembly-mGAM-p3,26,Coalescence-B5-D8-AA-AF-mGAM-mGAM-7_S636,101060,109
60,B11-e003Assembly-mGAM-p5,58,Coalescence-B5-D8-AA-AF-mGAM-mGAM-7_S636,101060,109
61,B11-e003GlycerolRevival-mGAM-p2,52,Coalescence-B5-D8-AA-AF-mGAM-mGAM-7_S636,101060,109
62,C11-e003Assembly-mGAM-p3,34,Coalescence-B5-D8-AA-AF-mGAM-mGAM-7_S636,101060,109
63,C11-e003GlycerolRevival-mGAM-p2,37,Coalescence-B5-D8-AA-AF-mGAM-mGAM-7_S636,101060,109
64,e003-inoculumn-fecal-AF,29,Coalescence-B5-D8-AA-AF-mGAM-mGAM-7_S636,101060,109
65,C_F4_e003Assembly_6_S256,37,Coalescence-B5-D8-AA-AF-mGAM-mGAM-7_S636,101060,109
66,C_F8_e003Assembly_6_S260,70,Coalescence-B5-D8-AA-AF-mGAM-mGAM-7_S636,101060,109
67,C_F12_e003Assembly_4_S264,62,Coalescence-B5-D8-AA-AF-mGAM-mGAM-7_S636,101060,109
68,D_B8_e003Assembly_S308,64,Coalescence-B5-D8-AA-AF-mGAM-mGAM-7_S636,101060,109
69,D_F8_e003Assembly_S356,58,Coalescence-B5-D8-AA-AF-mGAM-mGAM-7_S636,101060,109
70,D_F12_e003Assembly_S360,75,Coalescence-B5-D8-AA-AF-mGAM-mGAM-7_S636,101060,109
71,C_H2_e003Assembly_S278,72,Coalescence-B5-D8-AA-AF-mGAM-mGAM-7_S636,101060,109
72,C_H10_H3_ACPP_AF_mBHI_mGAM_4_S286,60,Coalescence-B5-D8-AA-AF-mGAM-mGAM-7_S636,101060,109
0,A_D8_D11_AF_AF_mGAM_mBHI_2_S44,70,Coalescence-F10-H8-AA-AF-mGAM-mGAM-3_S689,101060,98
1,A_E8_A11_AF_AA_mGAM_mGAM_2_S56,74,Coalescence-F10-H8-AA-AF-mGAM-mGAM-3_S689,101060,98
2,A_H5_D8_AA_AF_mGAM_mGAM_2_S89,75,Coalescence-F10-H8-AA-AF-mGAM-mGAM-3_S689,101060,98
3,A_H8_D11_AF_AF_mGAM_mGAM_2_S92,75,Coalescence-F10-H8-AA-AF-mGAM-mGAM-3_S689,101060,98
4,B_D8_H11_AF_AF_mGAM_mBHI_2_S140,45,Coalescence-F10-H8-AA-AF-mGAM-mGAM-3_S689,101060,98
5,B_E8_E11_AF_AA_mGAM_mGAM_2_S152,73,Coalescence-F10-H8-AA-AF-mGAM-mGAM-3_S689,101060,98
6,B_E12_A11_AF_AA_mGAM_mGAM_4_S156,71,Coalescence-F10-H8-AA-AF-mGAM-mGAM-3_S689,101060,98
7,B_H5_H8_AA_AF_mGAM_mGAM_2_S185,76,Coalescence-F10-H8-AA-AF-mGAM-mGAM-3_S689,101060,98
8,B_H8_H11_AF_AF_mGAM_mGAM_2_S188,64,Coalescence-F10-H8-AA-AF-mGAM-mGAM-3_S689,101060,98
9,B_H9_D8_AA_AF_mGAM_mGAM_4_S189,66,Coalescence-F10-H8-AA-AF-mGAM-mGAM-3_S689,101060,98
10,C_D8_D11_AF_AF_mGAM_mBHI_6_S236,53,Coalescence-F10-H8-AA-AF-mGAM-mGAM-3_S689,101060,98
11,C_E8_A11_AF_AA_mGAM_mGAM_6_S248,76,Coalescence-F10-H8-AA-AF-mGAM-mGAM-3_S689,101060,98
12,C_H5_D8_AA_AF_mGAM_mGAM_6_S281,56,Coalescence-F10-H8-AA-AF-mGAM-mGAM-3_S689,101060,98
13,C_H8_D11_AF_AF_mGAM_mGAM_6_S284,66,Coalescence-F10-H8-AA-AF-mGAM-mGAM-3_S689,101060,98
14,D_D8_D11_AF_AF_mGAM_mBHI_6_S332,62,Coalescence-F10-H8-AA-AF-mGAM-mGAM-3_S689,101060,98
15,D_E8_A11_AF_AA_mGAM_mGAM_6_S344,73,Coalescence-F10-H8-AA-AF-mGAM-mGAM-3_S689,101060,98
16,D_E12_E11_AF_AA_mGAM_mGAM_4_S348,69,Coalescence-F10-H8-AA-AF-mGAM-mGAM-3_S689,101060,98
17,D_H5_D8_AA_AF_mGAM_mGAM_6_S377,75,Coalescence-F10-H8-AA-AF-mGAM-mGAM-3_S689,101060,98
18,D_H8_D11_AF_AF_mGAM_mGAM_6_S380,45,Coalescence-F10-H8-AA-AF-mGAM-mGAM-3_S689,101060,98
19,D_H9_H8_AA_AF_mGAM_mGAM_4_S381,44,Coalescence-F10-H8-AA-AF-mGAM-mGAM-3_S689,101060,98
20,D11-e003Coalescence-mBHI-p5,60,Coalescence-F10-H8-AA-AF-mGAM-mGAM-3_S689,101060,98
21,D11-e003Coalescence-mGAM-p5,70,Coalescence-F10-H8-AA-AF-mGAM-mGAM-3_S689,101060,98
22,A11-e003Coalescence-mGAM-p7,52,Coalescence-F10-H8-AA-AF-mGAM-mGAM-3_S689,101060,98
23,D8-e003Coalescence-mGAM-p5,61,Coalescence-F10-H8-AA-AF-mGAM-mGAM-3_S689,101060,98
24,D11-e003Coalescence-mGAM-p7,74,Coalescence-F10-H8-AA-AF-mGAM-mGAM-3_S689,101060,98
25,A11-e003Coalescence-mGAM-p3,64,Coalescence-F10-H8-AA-AF-mGAM-mGAM-3_S689,101060,98
26,H111-e003Coalescence-mGAM-p7_S188,65,Coalescence-F10-H8-AA-AF-mGAM-mGAM-3_S689,101060,98
27,H111-e003Coalescence-mBHI-p3_S144,66,Coalescence-F10-H8-AA-AF-mGAM-mGAM-3_S689,101060,98
28,H111-e003Coalescence-mGAM-p5_S92,67,Coalescence-F10-H8-AA-AF-mGAM-mGAM-3_S689,101060,98
29,H8-e003Coalescence-mGAM-p5_S89,59,Coalescence-F10-H8-AA-AF-mGAM-mGAM-3_S689,101060,98
30,H111-e003Coalescence-mBHI-p5_S44,65,Coalescence-F10-H8-AA-AF-mGAM-mGAM-3_S689,101060,98
31,E111-e003Coalescence-mGAM-p5_S56,62,Coalescence-F10-H8-AA-AF-mGAM-mGAM-3_S689,101060,98
32,H111-e003Coalescence-mGAM-p3_S192,75,Coalescence-F10-H8-AA-AF-mGAM-mGAM-3_S689,101060,98
33,H8-e003Coalescence-mGAM-p7_S185,66,Coalescence-F10-H8-AA-AF-mGAM-mGAM-3_S689,101060,98
34,B5-e003Coalescence-Inoculumn-mGAM,64,Coalescence-F10-H8-AA-AF-mGAM-mGAM-3_S689,101060,98
35,D5-e003Coalescence-Inoculumn-mGAM,61,Coalescence-F10-H8-AA-AF-mGAM-mGAM-3_S689,101060,98
36,A5-e003Coalescence-Inoculumn-mGAM,63,Coalescence-F10-H8-AA-AF-mGAM-mGAM-3_S689,101060,98
37,D2-e003Coalescence-Inoculumn-mGAM,57,Coalescence-F10-H8-AA-AF-mGAM-mGAM-3_S689,101060,98
38,D3-e003Coalescence-Inoculumn-mGAM,70,Coalescence-F10-H8-AA-AF-mGAM-mGAM-3_S689,101060,98
39,C5-e003Coalescence-Inoculumn-mGAM,74,Coalescence-F10-H8-AA-AF-mGAM-mGAM-3_S689,101060,98
40,E11-e003Coalescence-mGAM-p1_S840,73,Coalescence-F10-H8-AA-AF-mGAM-mGAM-3_S689,101060,98
41,H8-e003Coalescence-mBHI-p1_S815,55,Coalescence-F10-H8-AA-AF-mGAM-mGAM-3_S689,101060,98
42,D8-e003Coalescence-mGAM-p1_S755,65,Coalescence-F10-H8-AA-AF-mGAM-mGAM-3_S689,101060,98
43,H11-e003Coalescence-mGAM-p1_S843,60,Coalescence-F10-H8-AA-AF-mGAM-mGAM-3_S689,101060,98
44,A11-e003Coalescence-mGAM-p1_S776,32,Coalescence-F10-H8-AA-AF-mGAM-mGAM-3_S689,101060,98
45,H11-e003Coalescence-mBHI-p1_S839,76,Coalescence-F10-H8-AA-AF-mGAM-mGAM-3_S689,101060,98
46,E11-e003Coalescence-mBHI-p1_S836,64,Coalescence-F10-H8-AA-AF-mGAM-mGAM-3_S689,101060,98
47,H8-e003Coalescence-mGAM-p1_S819,68,Coalescence-F10-H8-AA-AF-mGAM-mGAM-3_S689,101060,98
48,D11-e003Coalescence-mGAM-p1_S779,68,Coalescence-F10-H8-AA-AF-mGAM-mGAM-3_S689,101060,98
49,D11-e003Coalescence-mBHI-p1_S775,56,Coalescence-F10-H8-AA-AF-mGAM-mGAM-3_S689,101060,98
50,A11-e003Coalescence-mBHI-p1_S772,32,Coalescence-F10-H8-AA-AF-mGAM-mGAM-3_S689,101060,98
51,Coalescence-A12-D11-AF-AF-mGAM-mBHI-7_S631,74,Coalescence-F10-H8-AA-AF-mGAM-mGAM-3_S689,101060,98
52,Coalescence-C3-A11-AA-AF-mGAM-mGAM-5_S646,74,Coalescence-F10-H8-AA-AF-mGAM-mGAM-3_S689,101060,98
53,Coalescence-F1-D8-AA-AF-mGAM-mGAM-3_S680,73,Coalescence-F10-H8-AA-AF-mGAM-mGAM-3_S689,101060,98
54,Coalescence-E8-D11-AF-AF-mGAM-mBHI-3_S675,74,Coalescence-F10-H8-AA-AF-mGAM-mGAM-3_S689,101060,98
55,Coalescence-B5-D8-AA-AF-mGAM-mGAM-7_S636,74,Coalescence-F10-H8-AA-AF-mGAM-mGAM-3_S689,101060,98
56,Coalescence-F10-H8-AA-AF-mGAM-mGAM-3_S689,98,Coalescence-F10-H8-AA-AF-mGAM-mGAM-3_S689,101060,98
57,Coalescence-B6-E11-AA-AF-mGAM-mGAM-7_S637,75,Coalescence-F10-H8-AA-AF-mGAM-mGAM-3_S689,101060,98
58,Coalescence-F3-E11-AA-AF-mGAM-mGAM-3_S682,78,Coalescence-F10-H8-AA-AF-mGAM-mGAM-3_S689,101060,98
59,B11-e003Assembly-mGAM-p3,28,Coalescence-F10-H8-AA-AF-mGAM-mGAM-3_S689,101060,98
60,B11-e003Assembly-mGAM-p5,57,Coalescence-F10-H8-AA-AF-mGAM-mGAM-3_S689,101060,98
61,B11-e003GlycerolRevival-mGAM-p2,48,Coalescence-F10-H8-AA-AF-mGAM-mGAM-3_S689,101060,98
62,C11-e003Assembly-mGAM-p3,40,Coalescence-F10-H8-AA-AF-mGAM-mGAM-3_S689,101060,98
63,C11-e003GlycerolRevival-mGAM-p2,36,Coalescence-F10-H8-AA-AF-mGAM-mGAM-3_S689,101060,98
64,e003-inoculumn-fecal-AF,28,Coalescence-F10-H8-AA-AF-mGAM-mGAM-3_S689,101060,98
65,C_F4_e003Assembly_6_S256,42,Coalescence-F10-H8-AA-AF-mGAM-mGAM-3_S689,101060,98
66,C_F8_e003Assembly_6_S260,72,Coalescence-F10-H8-AA-AF-mGAM-mGAM-3_S689,101060,98
67,C_F12_e003Assembly_4_S264,66,Coalescence-F10-H8-AA-AF-mGAM-mGAM-3_S689,101060,98
68,D_B8_e003Assembly_S308,64,Coalescence-F10-H8-AA-AF-mGAM-mGAM-3_S689,101060,98
69,D_F8_e003Assembly_S356,60,Coalescence-F10-H8-AA-AF-mGAM-mGAM-3_S689,101060,98
70,D_F12_e003Assembly_S360,76,Coalescence-F10-H8-AA-AF-mGAM-mGAM-3_S689,101060,98
71,C_H2_e003Assembly_S278,75,Coalescence-F10-H8-AA-AF-mGAM-mGAM-3_S689,101060,98
72,C_H10_H3_ACPP_AF_mBHI_mGAM_4_S286,62,Coalescence-F10-H8-AA-AF-mGAM-mGAM-3_S689,101060,98
0,A_D8_D11_AF_AF_mGAM_mBHI_2_S44,73,Coalescence-B6-E11-AA-AF-mGAM-mGAM-7_S637,101060,111
1,A_E8_A11_AF_AA_mGAM_mGAM_2_S56,74,Coalescence-B6-E11-AA-AF-mGAM-mGAM-7_S637,101060,111
2,A_H5_D8_AA_AF_mGAM_mGAM_2_S89,75,Coalescence-B6-E11-AA-AF-mGAM-mGAM-7_S637,101060,111
3,A_H8_D11_AF_AF_mGAM_mGAM_2_S92,78,Coalescence-B6-E11-AA-AF-mGAM-mGAM-7_S637,101060,111
4,B_D8_H11_AF_AF_mGAM_mBHI_2_S140,46,Coalescence-B6-E11-AA-AF-mGAM-mGAM-7_S637,101060,111
5,B_E8_E11_AF_AA_mGAM_mGAM_2_S152,66,Coalescence-B6-E11-AA-AF-mGAM-mGAM-7_S637,101060,111
6,B_E12_A11_AF_AA_mGAM_mGAM_4_S156,73,Coalescence-B6-E11-AA-AF-mGAM-mGAM-7_S637,101060,111
7,B_H5_H8_AA_AF_mGAM_mGAM_2_S185,71,Coalescence-B6-E11-AA-AF-mGAM-mGAM-7_S637,101060,111
8,B_H8_H11_AF_AF_mGAM_mGAM_2_S188,64,Coalescence-B6-E11-AA-AF-mGAM-mGAM-7_S637,101060,111
9,B_H9_D8_AA_AF_mGAM_mGAM_4_S189,73,Coalescence-B6-E11-AA-AF-mGAM-mGAM-7_S637,101060,111
10,C_D8_D11_AF_AF_mGAM_mBHI_6_S236,51,Coalescence-B6-E11-AA-AF-mGAM-mGAM-7_S637,101060,111
11,C_E8_A11_AF_AA_mGAM_mGAM_6_S248,76,Coalescence-B6-E11-AA-AF-mGAM-mGAM-7_S637,101060,111
12,C_H5_D8_AA_AF_mGAM_mGAM_6_S281,55,Coalescence-B6-E11-AA-AF-mGAM-mGAM-7_S637,101060,111
13,C_H8_D11_AF_AF_mGAM_mGAM_6_S284,66,Coalescence-B6-E11-AA-AF-mGAM-mGAM-7_S637,101060,111
14,D_D8_D11_AF_AF_mGAM_mBHI_6_S332,70,Coalescence-B6-E11-AA-AF-mGAM-mGAM-7_S637,101060,111
15,D_E8_A11_AF_AA_mGAM_mGAM_6_S344,74,Coalescence-B6-E11-AA-AF-mGAM-mGAM-7_S637,101060,111
16,D_E12_E11_AF_AA_mGAM_mGAM_4_S348,71,Coalescence-B6-E11-AA-AF-mGAM-mGAM-7_S637,101060,111
17,D_H5_D8_AA_AF_mGAM_mGAM_6_S377,79,Coalescence-B6-E11-AA-AF-mGAM-mGAM-7_S637,101060,111
18,D_H8_D11_AF_AF_mGAM_mGAM_6_S380,43,Coalescence-B6-E11-AA-AF-mGAM-mGAM-7_S637,101060,111
19,D_H9_H8_AA_AF_mGAM_mGAM_4_S381,45,Coalescence-B6-E11-AA-AF-mGAM-mGAM-7_S637,101060,111
20,D11-e003Coalescence-mBHI-p5,58,Coalescence-B6-E11-AA-AF-mGAM-mGAM-7_S637,101060,111
21,D11-e003Coalescence-mGAM-p5,69,Coalescence-B6-E11-AA-AF-mGAM-mGAM-7_S637,101060,111
22,A11-e003Coalescence-mGAM-p7,49,Coalescence-B6-E11-AA-AF-mGAM-mGAM-7_S637,101060,111
23,D8-e003Coalescence-mGAM-p5,59,Coalescence-B6-E11-AA-AF-mGAM-mGAM-7_S637,101060,111
24,D11-e003Coalescence-mGAM-p7,68,Coalescence-B6-E11-AA-AF-mGAM-mGAM-7_S637,101060,111
25,A11-e003Coalescence-mGAM-p3,60,Coalescence-B6-E11-AA-AF-mGAM-mGAM-7_S637,101060,111
26,H111-e003Coalescence-mGAM-p7_S188,65,Coalescence-B6-E11-AA-AF-mGAM-mGAM-7_S637,101060,111
27,H111-e003Coalescence-mBHI-p3_S144,63,Coalescence-B6-E11-AA-AF-mGAM-mGAM-7_S637,101060,111
28,H111-e003Coalescence-mGAM-p5_S92,65,Coalescence-B6-E11-AA-AF-mGAM-mGAM-7_S637,101060,111
29,H8-e003Coalescence-mGAM-p5_S89,55,Coalescence-B6-E11-AA-AF-mGAM-mGAM-7_S637,101060,111
30,H111-e003Coalescence-mBHI-p5_S44,70,Coalescence-B6-E11-AA-AF-mGAM-mGAM-7_S637,101060,111
31,E111-e003Coalescence-mGAM-p5_S56,66,Coalescence-B6-E11-AA-AF-mGAM-mGAM-7_S637,101060,111
32,H111-e003Coalescence-mGAM-p3_S192,74,Coalescence-B6-E11-AA-AF-mGAM-mGAM-7_S637,101060,111
33,H8-e003Coalescence-mGAM-p7_S185,61,Coalescence-B6-E11-AA-AF-mGAM-mGAM-7_S637,101060,111
34,B5-e003Coalescence-Inoculumn-mGAM,55,Coalescence-B6-E11-AA-AF-mGAM-mGAM-7_S637,101060,111
35,D5-e003Coalescence-Inoculumn-mGAM,64,Coalescence-B6-E11-AA-AF-mGAM-mGAM-7_S637,101060,111
36,A5-e003Coalescence-Inoculumn-mGAM,61,Coalescence-B6-E11-AA-AF-mGAM-mGAM-7_S637,101060,111
37,D2-e003Coalescence-Inoculumn-mGAM,69,Coalescence-B6-E11-AA-AF-mGAM-mGAM-7_S637,101060,111
38,D3-e003Coalescence-Inoculumn-mGAM,69,Coalescence-B6-E11-AA-AF-mGAM-mGAM-7_S637,101060,111
39,C5-e003Coalescence-Inoculumn-mGAM,75,Coalescence-B6-E11-AA-AF-mGAM-mGAM-7_S637,101060,111
40,E11-e003Coalescence-mGAM-p1_S840,74,Coalescence-B6-E11-AA-AF-mGAM-mGAM-7_S637,101060,111
41,H8-e003Coalescence-mBHI-p1_S815,56,Coalescence-B6-E11-AA-AF-mGAM-mGAM-7_S637,101060,111
42,D8-e003Coalescence-mGAM-p1_S755,75,Coalescence-B6-E11-AA-AF-mGAM-mGAM-7_S637,101060,111
43,H11-e003Coalescence-mGAM-p1_S843,61,Coalescence-B6-E11-AA-AF-mGAM-mGAM-7_S637,101060,111
44,A11-e003Coalescence-mGAM-p1_S776,33,Coalescence-B6-E11-AA-AF-mGAM-mGAM-7_S637,101060,111
45,H11-e003Coalescence-mBHI-p1_S839,75,Coalescence-B6-E11-AA-AF-mGAM-mGAM-7_S637,101060,111
46,E11-e003Coalescence-mBHI-p1_S836,68,Coalescence-B6-E11-AA-AF-mGAM-mGAM-7_S637,101060,111
47,H8-e003Coalescence-mGAM-p1_S819,68,Coalescence-B6-E11-AA-AF-mGAM-mGAM-7_S637,101060,111
48,D11-e003Coalescence-mGAM-p1_S779,70,Coalescence-B6-E11-AA-AF-mGAM-mGAM-7_S637,101060,111
49,D11-e003Coalescence-mBHI-p1_S775,56,Coalescence-B6-E11-AA-AF-mGAM-mGAM-7_S637,101060,111
50,A11-e003Coalescence-mBHI-p1_S772,29,Coalescence-B6-E11-AA-AF-mGAM-mGAM-7_S637,101060,111
51,Coalescence-A12-D11-AF-AF-mGAM-mBHI-7_S631,76,Coalescence-B6-E11-AA-AF-mGAM-mGAM-7_S637,101060,111
52,Coalescence-C3-A11-AA-AF-mGAM-mGAM-5_S646,73,Coalescence-B6-E11-AA-AF-mGAM-mGAM-7_S637,101060,111
53,Coalescence-F1-D8-AA-AF-mGAM-mGAM-3_S680,63,Coalescence-B6-E11-AA-AF-mGAM-mGAM-7_S637,101060,111
54,Coalescence-E8-D11-AF-AF-mGAM-mBHI-3_S675,72,Coalescence-B6-E11-AA-AF-mGAM-mGAM-7_S637,101060,111
55,Coalescence-B5-D8-AA-AF-mGAM-mGAM-7_S636,74,Coalescence-B6-E11-AA-AF-mGAM-mGAM-7_S637,101060,111
56,Coalescence-F10-H8-AA-AF-mGAM-mGAM-3_S689,75,Coalescence-B6-E11-AA-AF-mGAM-mGAM-7_S637,101060,111
57,Coalescence-B6-E11-AA-AF-mGAM-mGAM-7_S637,111,Coalescence-B6-E11-AA-AF-mGAM-mGAM-7_S637,101060,111
58,Coalescence-F3-E11-AA-AF-mGAM-mGAM-3_S682,71,Coalescence-B6-E11-AA-AF-mGAM-mGAM-7_S637,101060,111
59,B11-e003Assembly-mGAM-p3,25,Coalescence-B6-E11-AA-AF-mGAM-mGAM-7_S637,101060,111
60,B11-e003Assembly-mGAM-p5,60,Coalescence-B6-E11-AA-AF-mGAM-mGAM-7_S637,101060,111
61,B11-e003GlycerolRevival-mGAM-p2,44,Coalescence-B6-E11-AA-AF-mGAM-mGAM-7_S637,101060,111
62,C11-e003Assembly-mGAM-p3,36,Coalescence-B6-E11-AA-AF-mGAM-mGAM-7_S637,101060,111
63,C11-e003GlycerolRevival-mGAM-p2,30,Coalescence-B6-E11-AA-AF-mGAM-mGAM-7_S637,101060,111
64,e003-inoculumn-fecal-AF,26,Coalescence-B6-E11-AA-AF-mGAM-mGAM-7_S637,101060,111
65,C_F4_e003Assembly_6_S256,41,Coalescence-B6-E11-AA-AF-mGAM-mGAM-7_S637,101060,111
66,C_F8_e003Assembly_6_S260,76,Coalescence-B6-E11-AA-AF-mGAM-mGAM-7_S637,101060,111
67,C_F12_e003Assembly_4_S264,72,Coalescence-B6-E11-AA-AF-mGAM-mGAM-7_S637,101060,111
68,D_B8_e003Assembly_S308,65,Coalescence-B6-E11-AA-AF-mGAM-mGAM-7_S637,101060,111
69,D_F8_e003Assembly_S356,58,Coalescence-B6-E11-AA-AF-mGAM-mGAM-7_S637,101060,111
70,D_F12_e003Assembly_S360,75,Coalescence-B6-E11-AA-AF-mGAM-mGAM-7_S637,101060,111
71,C_H2_e003Assembly_S278,79,Coalescence-B6-E11-AA-AF-mGAM-mGAM-7_S637,101060,111
72,C_H10_H3_ACPP_AF_mBHI_mGAM_4_S286,60,Coalescence-B6-E11-AA-AF-mGAM-mGAM-7_S637,101060,111
0,A_D8_D11_AF_AF_mGAM_mBHI_2_S44,72,Coalescence-F3-E11-AA-AF-mGAM-mGAM-3_S682,101060,104
1,A_E8_A11_AF_AA_mGAM_mGAM_2_S56,78,Coalescence-F3-E11-AA-AF-mGAM-mGAM-3_S682,101060,104
2,A_H5_D8_AA_AF_mGAM_mGAM_2_S89,75,Coalescence-F3-E11-AA-AF-mGAM-mGAM-3_S682,101060,104
3,A_H8_D11_AF_AF_mGAM_mGAM_2_S92,77,Coalescence-F3-E11-AA-AF-mGAM-mGAM-3_S682,101060,104
4,B_D8_H11_AF_AF_mGAM_mBHI_2_S140,52,Coalescence-F3-E11-AA-AF-mGAM-mGAM-3_S682,101060,104
5,B_E8_E11_AF_AA_mGAM_mGAM_2_S152,75,Coalescence-F3-E11-AA-AF-mGAM-mGAM-3_S682,101060,104
6,B_E12_A11_AF_AA_mGAM_mGAM_4_S156,71,Coalescence-F3-E11-AA-AF-mGAM-mGAM-3_S682,101060,104
7,B_H5_H8_AA_AF_mGAM_mGAM_2_S185,78,Coalescence-F3-E11-AA-AF-mGAM-mGAM-3_S682,101060,104
8,B_H8_H11_AF_AF_mGAM_mGAM_2_S188,68,Coalescence-F3-E11-AA-AF-mGAM-mGAM-3_S682,101060,104
9,B_H9_D8_AA_AF_mGAM_mGAM_4_S189,66,Coalescence-F3-E11-AA-AF-mGAM-mGAM-3_S682,101060,104
10,C_D8_D11_AF_AF_mGAM_mBHI_6_S236,56,Coalescence-F3-E11-AA-AF-mGAM-mGAM-3_S682,101060,104
11,C_E8_A11_AF_AA_mGAM_mGAM_6_S248,82,Coalescence-F3-E11-AA-AF-mGAM-mGAM-3_S682,101060,104
12,C_H5_D8_AA_AF_mGAM_mGAM_6_S281,56,Coalescence-F3-E11-AA-AF-mGAM-mGAM-3_S682,101060,104
13,C_H8_D11_AF_AF_mGAM_mGAM_6_S284,68,Coalescence-F3-E11-AA-AF-mGAM-mGAM-3_S682,101060,104
14,D_D8_D11_AF_AF_mGAM_mBHI_6_S332,70,Coalescence-F3-E11-AA-AF-mGAM-mGAM-3_S682,101060,104
15,D_E8_A11_AF_AA_mGAM_mGAM_6_S344,77,Coalescence-F3-E11-AA-AF-mGAM-mGAM-3_S682,101060,104
16,D_E12_E11_AF_AA_mGAM_mGAM_4_S348,80,Coalescence-F3-E11-AA-AF-mGAM-mGAM-3_S682,101060,104
17,D_H5_D8_AA_AF_mGAM_mGAM_6_S377,82,Coalescence-F3-E11-AA-AF-mGAM-mGAM-3_S682,101060,104
18,D_H8_D11_AF_AF_mGAM_mGAM_6_S380,44,Coalescence-F3-E11-AA-AF-mGAM-mGAM-3_S682,101060,104
19,D_H9_H8_AA_AF_mGAM_mGAM_4_S381,45,Coalescence-F3-E11-AA-AF-mGAM-mGAM-3_S682,101060,104
20,D11-e003Coalescence-mBHI-p5,61,Coalescence-F3-E11-AA-AF-mGAM-mGAM-3_S682,101060,104
21,D11-e003Coalescence-mGAM-p5,70,Coalescence-F3-E11-AA-AF-mGAM-mGAM-3_S682,101060,104
22,A11-e003Coalescence-mGAM-p7,51,Coalescence-F3-E11-AA-AF-mGAM-mGAM-3_S682,101060,104
23,D8-e003Coalescence-mGAM-p5,66,Coalescence-F3-E11-AA-AF-mGAM-mGAM-3_S682,101060,104
24,D11-e003Coalescence-mGAM-p7,76,Coalescence-F3-E11-AA-AF-mGAM-mGAM-3_S682,101060,104
25,A11-e003Coalescence-mGAM-p3,68,Coalescence-F3-E11-AA-AF-mGAM-mGAM-3_S682,101060,104
26,H111-e003Coalescence-mGAM-p7_S188,63,Coalescence-F3-E11-AA-AF-mGAM-mGAM-3_S682,101060,104
27,H111-e003Coalescence-mBHI-p3_S144,68,Coalescence-F3-E11-AA-AF-mGAM-mGAM-3_S682,101060,104
28,H111-e003Coalescence-mGAM-p5_S92,65,Coalescence-F3-E11-AA-AF-mGAM-mGAM-3_S682,101060,104
29,H8-e003Coalescence-mGAM-p5_S89,63,Coalescence-F3-E11-AA-AF-mGAM-mGAM-3_S682,101060,104
30,H111-e003Coalescence-mBHI-p5_S44,65,Coalescence-F3-E11-AA-AF-mGAM-mGAM-3_S682,101060,104
31,E111-e003Coalescence-mGAM-p5_S56,65,Coalescence-F3-E11-AA-AF-mGAM-mGAM-3_S682,101060,104
32,H111-e003Coalescence-mGAM-p3_S192,75,Coalescence-F3-E11-AA-AF-mGAM-mGAM-3_S682,101060,104
33,H8-e003Coalescence-mGAM-p7_S185,67,Coalescence-F3-E11-AA-AF-mGAM-mGAM-3_S682,101060,104
34,B5-e003Coalescence-Inoculumn-mGAM,67,Coalescence-F3-E11-AA-AF-mGAM-mGAM-3_S682,101060,104
35,D5-e003Coalescence-Inoculumn-mGAM,64,Coalescence-F3-E11-AA-AF-mGAM-mGAM-3_S682,101060,104
36,A5-e003Coalescence-Inoculumn-mGAM,65,Coalescence-F3-E11-AA-AF-mGAM-mGAM-3_S682,101060,104
37,D2-e003Coalescence-Inoculumn-mGAM,57,Coalescence-F3-E11-AA-AF-mGAM-mGAM-3_S682,101060,104
38,D3-e003Coalescence-Inoculumn-mGAM,67,Coalescence-F3-E11-AA-AF-mGAM-mGAM-3_S682,101060,104
39,C5-e003Coalescence-Inoculumn-mGAM,74,Coalescence-F3-E11-AA-AF-mGAM-mGAM-3_S682,101060,104
40,E11-e003Coalescence-mGAM-p1_S840,76,Coalescence-F3-E11-AA-AF-mGAM-mGAM-3_S682,101060,104
41,H8-e003Coalescence-mBHI-p1_S815,61,Coalescence-F3-E11-AA-AF-mGAM-mGAM-3_S682,101060,104
42,D8-e003Coalescence-mGAM-p1_S755,69,Coalescence-F3-E11-AA-AF-mGAM-mGAM-3_S682,101060,104
43,H11-e003Coalescence-mGAM-p1_S843,64,Coalescence-F3-E11-AA-AF-mGAM-mGAM-3_S682,101060,104
44,A11-e003Coalescence-mGAM-p1_S776,35,Coalescence-F3-E11-AA-AF-mGAM-mGAM-3_S682,101060,104
45,H11-e003Coalescence-mBHI-p1_S839,73,Coalescence-F3-E11-AA-AF-mGAM-mGAM-3_S682,101060,104
46,E11-e003Coalescence-mBHI-p1_S836,69,Coalescence-F3-E11-AA-AF-mGAM-mGAM-3_S682,101060,104
47,H8-e003Coalescence-mGAM-p1_S819,70,Coalescence-F3-E11-AA-AF-mGAM-mGAM-3_S682,101060,104
48,D11-e003Coalescence-mGAM-p1_S779,72,Coalescence-F3-E11-AA-AF-mGAM-mGAM-3_S682,101060,104
49,D11-e003Coalescence-mBHI-p1_S775,51,Coalescence-F3-E11-AA-AF-mGAM-mGAM-3_S682,101060,104
50,A11-e003Coalescence-mBHI-p1_S772,31,Coalescence-F3-E11-AA-AF-mGAM-mGAM-3_S682,101060,104
51,Coalescence-A12-D11-AF-AF-mGAM-mBHI-7_S631,74,Coalescence-F3-E11-AA-AF-mGAM-mGAM-3_S682,101060,104
52,Coalescence-C3-A11-AA-AF-mGAM-mGAM-5_S646,79,Coalescence-F3-E11-AA-AF-mGAM-mGAM-3_S682,101060,104
53,Coalescence-F1-D8-AA-AF-mGAM-mGAM-3_S680,70,Coalescence-F3-E11-AA-AF-mGAM-mGAM-3_S682,101060,104
54,Coalescence-E8-D11-AF-AF-mGAM-mBHI-3_S675,73,Coalescence-F3-E11-AA-AF-mGAM-mGAM-3_S682,101060,104
55,Coalescence-B5-D8-AA-AF-mGAM-mGAM-7_S636,76,Coalescence-F3-E11-AA-AF-mGAM-mGAM-3_S682,101060,104
56,Coalescence-F10-H8-AA-AF-mGAM-mGAM-3_S689,78,Coalescence-F3-E11-AA-AF-mGAM-mGAM-3_S682,101060,104
57,Coalescence-B6-E11-AA-AF-mGAM-mGAM-7_S637,71,Coalescence-F3-E11-AA-AF-mGAM-mGAM-3_S682,101060,104
58,Coalescence-F3-E11-AA-AF-mGAM-mGAM-3_S682,104,Coalescence-F3-E11-AA-AF-mGAM-mGAM-3_S682,101060,104
59,B11-e003Assembly-mGAM-p3,28,Coalescence-F3-E11-AA-AF-mGAM-mGAM-3_S682,101060,104
60,B11-e003Assembly-mGAM-p5,55,Coalescence-F3-E11-AA-AF-mGAM-mGAM-3_S682,101060,104
61,B11-e003GlycerolRevival-mGAM-p2,46,Coalescence-F3-E11-AA-AF-mGAM-mGAM-3_S682,101060,104
62,C11-e003Assembly-mGAM-p3,37,Coalescence-F3-E11-AA-AF-mGAM-mGAM-3_S682,101060,104
63,C11-e003GlycerolRevival-mGAM-p2,36,Coalescence-F3-E11-AA-AF-mGAM-mGAM-3_S682,101060,104
64,e003-inoculumn-fecal-AF,30,Coalescence-F3-E11-AA-AF-mGAM-mGAM-3_S682,101060,104
65,C_F4_e003Assembly_6_S256,38,Coalescence-F3-E11-AA-AF-mGAM-mGAM-3_S682,101060,104
66,C_F8_e003Assembly_6_S260,70,Coalescence-F3-E11-AA-AF-mGAM-mGAM-3_S682,101060,104
67,C_F12_e003Assembly_4_S264,64,Coalescence-F3-E11-AA-AF-mGAM-mGAM-3_S682,101060,104
68,D_B8_e003Assembly_S308,69,Coalescence-F3-E11-AA-AF-mGAM-mGAM-3_S682,101060,104
69,D_F8_e003Assembly_S356,63,Coalescence-F3-E11-AA-AF-mGAM-mGAM-3_S682,101060,104
70,D_F12_e003Assembly_S360,82,Coalescence-F3-E11-AA-AF-mGAM-mGAM-3_S682,101060,104
71,C_H2_e003Assembly_S278,77,Coalescence-F3-E11-AA-AF-mGAM-mGAM-3_S682,101060,104
72,C_H10_H3_ACPP_AF_mBHI_mGAM_4_S286,64,Coalescence-F3-E11-AA-AF-mGAM-mGAM-3_S682,101060,104
0,A_D8_D11_AF_AF_mGAM_mBHI_2_S44,26,B11-e003Assembly-mGAM-p3,101060,553
1,A_E8_A11_AF_AA_mGAM_mGAM_2_S56,28,B11-e003Assembly-mGAM-p3,101060,553
2,A_H5_D8_AA_AF_mGAM_mGAM_2_S89,19,B11-e003Assembly-mGAM-p3,101060,553
3,A_H8_D11_AF_AF_mGAM_mGAM_2_S92,28,B11-e003Assembly-mGAM-p3,101060,553
4,B_D8_H11_AF_AF_mGAM_mBHI_2_S140,26,B11-e003Assembly-mGAM-p3,101060,553
5,B_E8_E11_AF_AA_mGAM_mGAM_2_S152,27,B11-e003Assembly-mGAM-p3,101060,553
6,B_E12_A11_AF_AA_mGAM_mGAM_4_S156,30,B11-e003Assembly-mGAM-p3,101060,553
7,B_H5_H8_AA_AF_mGAM_mGAM_2_S185,29,B11-e003Assembly-mGAM-p3,101060,553
8,B_H8_H11_AF_AF_mGAM_mGAM_2_S188,22,B11-e003Assembly-mGAM-p3,101060,553
9,B_H9_D8_AA_AF_mGAM_mGAM_4_S189,26,B11-e003Assembly-mGAM-p3,101060,553
10,C_D8_D11_AF_AF_mGAM_mBHI_6_S236,27,B11-e003Assembly-mGAM-p3,101060,553
11,C_E8_A11_AF_AA_mGAM_mGAM_6_S248,34,B11-e003Assembly-mGAM-p3,101060,553
12,C_H5_D8_AA_AF_mGAM_mGAM_6_S281,25,B11-e003Assembly-mGAM-p3,101060,553
13,C_H8_D11_AF_AF_mGAM_mGAM_6_S284,29,B11-e003Assembly-mGAM-p3,101060,553
14,D_D8_D11_AF_AF_mGAM_mBHI_6_S332,30,B11-e003Assembly-mGAM-p3,101060,553
15,D_E8_A11_AF_AA_mGAM_mGAM_6_S344,25,B11-e003Assembly-mGAM-p3,101060,553
16,D_E12_E11_AF_AA_mGAM_mGAM_4_S348,26,B11-e003Assembly-mGAM-p3,101060,553
17,D_H5_D8_AA_AF_mGAM_mGAM_6_S377,31,B11-e003Assembly-mGAM-p3,101060,553
18,D_H8_D11_AF_AF_mGAM_mGAM_6_S380,24,B11-e003Assembly-mGAM-p3,101060,553
19,D_H9_H8_AA_AF_mGAM_mGAM_4_S381,12,B11-e003Assembly-mGAM-p3,101060,553
20,D11-e003Coalescence-mBHI-p5,22,B11-e003Assembly-mGAM-p3,101060,553
21,D11-e003Coalescence-mGAM-p5,33,B11-e003Assembly-mGAM-p3,101060,553
22,A11-e003Coalescence-mGAM-p7,27,B11-e003Assembly-mGAM-p3,101060,553
23,D8-e003Coalescence-mGAM-p5,34,B11-e003Assembly-mGAM-p3,101060,553
24,D11-e003Coalescence-mGAM-p7,37,B11-e003Assembly-mGAM-p3,101060,553
25,A11-e003Coalescence-mGAM-p3,21,B11-e003Assembly-mGAM-p3,101060,553
26,H111-e003Coalescence-mGAM-p7_S188,23,B11-e003Assembly-mGAM-p3,101060,553
27,H111-e003Coalescence-mBHI-p3_S144,31,B11-e003Assembly-mGAM-p3,101060,553
28,H111-e003Coalescence-mGAM-p5_S92,22,B11-e003Assembly-mGAM-p3,101060,553
29,H8-e003Coalescence-mGAM-p5_S89,25,B11-e003Assembly-mGAM-p3,101060,553
30,H111-e003Coalescence-mBHI-p5_S44,31,B11-e003Assembly-mGAM-p3,101060,553
31,E111-e003Coalescence-mGAM-p5_S56,21,B11-e003Assembly-mGAM-p3,101060,553
32,H111-e003Coalescence-mGAM-p3_S192,29,B11-e003Assembly-mGAM-p3,101060,553
33,H8-e003Coalescence-mGAM-p7_S185,28,B11-e003Assembly-mGAM-p3,101060,553
34,B5-e003Coalescence-Inoculumn-mGAM,24,B11-e003Assembly-mGAM-p3,101060,553
35,D5-e003Coalescence-Inoculumn-mGAM,31,B11-e003Assembly-mGAM-p3,101060,553
36,A5-e003Coalescence-Inoculumn-mGAM,38,B11-e003Assembly-mGAM-p3,101060,553
37,D2-e003Coalescence-Inoculumn-mGAM,34,B11-e003Assembly-mGAM-p3,101060,553
38,D3-e003Coalescence-Inoculumn-mGAM,38,B11-e003Assembly-mGAM-p3,101060,553
39,C5-e003Coalescence-Inoculumn-mGAM,34,B11-e003Assembly-mGAM-p3,101060,553
40,E11-e003Coalescence-mGAM-p1_S840,28,B11-e003Assembly-mGAM-p3,101060,553
41,H8-e003Coalescence-mBHI-p1_S815,25,B11-e003Assembly-mGAM-p3,101060,553
42,D8-e003Coalescence-mGAM-p1_S755,21,B11-e003Assembly-mGAM-p3,101060,553
43,H11-e003Coalescence-mGAM-p1_S843,26,B11-e003Assembly-mGAM-p3,101060,553
44,A11-e003Coalescence-mGAM-p1_S776,13,B11-e003Assembly-mGAM-p3,101060,553
45,H11-e003Coalescence-mBHI-p1_S839,34,B11-e003Assembly-mGAM-p3,101060,553
46,E11-e003Coalescence-mBHI-p1_S836,27,B11-e003Assembly-mGAM-p3,101060,553
47,H8-e003Coalescence-mGAM-p1_S819,26,B11-e003Assembly-mGAM-p3,101060,553
48,D11-e003Coalescence-mGAM-p1_S779,26,B11-e003Assembly-mGAM-p3,101060,553
49,D11-e003Coalescence-mBHI-p1_S775,30,B11-e003Assembly-mGAM-p3,101060,553
50,A11-e003Coalescence-mBHI-p1_S772,16,B11-e003Assembly-mGAM-p3,101060,553
51,Coalescence-A12-D11-AF-AF-mGAM-mBHI-7_S631,21,B11-e003Assembly-mGAM-p3,101060,553
52,Coalescence-C3-A11-AA-AF-mGAM-mGAM-5_S646,30,B11-e003Assembly-mGAM-p3,101060,553
53,Coalescence-F1-D8-AA-AF-mGAM-mGAM-3_S680,21,B11-e003Assembly-mGAM-p3,101060,553
54,Coalescence-E8-D11-AF-AF-mGAM-mBHI-3_S675,27,B11-e003Assembly-mGAM-p3,101060,553
55,Coalescence-B5-D8-AA-AF-mGAM-mGAM-7_S636,26,B11-e003Assembly-mGAM-p3,101060,553
56,Coalescence-F10-H8-AA-AF-mGAM-mGAM-3_S689,28,B11-e003Assembly-mGAM-p3,101060,553
57,Coalescence-B6-E11-AA-AF-mGAM-mGAM-7_S637,25,B11-e003Assembly-mGAM-p3,101060,553
58,Coalescence-F3-E11-AA-AF-mGAM-mGAM-3_S682,28,B11-e003Assembly-mGAM-p3,101060,553
59,B11-e003Assembly-mGAM-p3,553,B11-e003Assembly-mGAM-p3,101060,553
60,B11-e003Assembly-mGAM-p5,26,B11-e003Assembly-mGAM-p3,101060,553
61,B11-e003GlycerolRevival-mGAM-p2,27,B11-e003Assembly-mGAM-p3,101060,553
62,C11-e003Assembly-mGAM-p3,23,B11-e003Assembly-mGAM-p3,101060,553
63,C11-e003GlycerolRevival-mGAM-p2,23,B11-e003Assembly-mGAM-p3,101060,553
64,e003-inoculumn-fecal-AF,13,B11-e003Assembly-mGAM-p3,101060,553
65,C_F4_e003Assembly_6_S256,13,B11-e003Assembly-mGAM-p3,101060,553
66,C_F8_e003Assembly_6_S260,30,B11-e003Assembly-mGAM-p3,101060,553
67,C_F12_e003Assembly_4_S264,26,B11-e003Assembly-mGAM-p3,101060,553
68,D_B8_e003Assembly_S308,25,B11-e003Assembly-mGAM-p3,101060,553
69,D_F8_e003Assembly_S356,23,B11-e003Assembly-mGAM-p3,101060,553
70,D_F12_e003Assembly_S360,39,B11-e003Assembly-mGAM-p3,101060,553
71,C_H2_e003Assembly_S278,31,B11-e003Assembly-mGAM-p3,101060,553
72,C_H10_H3_ACPP_AF_mBHI_mGAM_4_S286,22,B11-e003Assembly-mGAM-p3,101060,553
0,A_D8_D11_AF_AF_mGAM_mBHI_2_S44,50,B11-e003Assembly-mGAM-p5,101060,770
1,A_E8_A11_AF_AA_mGAM_mGAM_2_S56,51,B11-e003Assembly-mGAM-p5,101060,770
2,A_H5_D8_AA_AF_mGAM_mGAM_2_S89,61,B11-e003Assembly-mGAM-p5,101060,770
3,A_H8_D11_AF_AF_mGAM_mGAM_2_S92,59,B11-e003Assembly-mGAM-p5,101060,770
4,B_D8_H11_AF_AF_mGAM_mBHI_2_S140,43,B11-e003Assembly-mGAM-p5,101060,770
5,B_E8_E11_AF_AA_mGAM_mGAM_2_S152,58,B11-e003Assembly-mGAM-p5,101060,770
6,B_E12_A11_AF_AA_mGAM_mGAM_4_S156,56,B11-e003Assembly-mGAM-p5,101060,770
7,B_H5_H8_AA_AF_mGAM_mGAM_2_S185,59,B11-e003Assembly-mGAM-p5,101060,770
8,B_H8_H11_AF_AF_mGAM_mGAM_2_S188,60,B11-e003Assembly-mGAM-p5,101060,770
9,B_H9_D8_AA_AF_mGAM_mGAM_4_S189,65,B11-e003Assembly-mGAM-p5,101060,770
10,C_D8_D11_AF_AF_mGAM_mBHI_6_S236,42,B11-e003Assembly-mGAM-p5,101060,770
11,C_E8_A11_AF_AA_mGAM_mGAM_6_S248,59,B11-e003Assembly-mGAM-p5,101060,770
12,C_H5_D8_AA_AF_mGAM_mGAM_6_S281,49,B11-e003Assembly-mGAM-p5,101060,770
13,C_H8_D11_AF_AF_mGAM_mGAM_6_S284,46,B11-e003Assembly-mGAM-p5,101060,770
14,D_D8_D11_AF_AF_mGAM_mBHI_6_S332,58,B11-e003Assembly-mGAM-p5,101060,770
15,D_E8_A11_AF_AA_mGAM_mGAM_6_S344,50,B11-e003Assembly-mGAM-p5,101060,770
16,D_E12_E11_AF_AA_mGAM_mGAM_4_S348,54,B11-e003Assembly-mGAM-p5,101060,770
17,D_H5_D8_AA_AF_mGAM_mGAM_6_S377,61,B11-e003Assembly-mGAM-p5,101060,770
18,D_H8_D11_AF_AF_mGAM_mGAM_6_S380,34,B11-e003Assembly-mGAM-p5,101060,770
19,D_H9_H8_AA_AF_mGAM_mGAM_4_S381,34,B11-e003Assembly-mGAM-p5,101060,770
20,D11-e003Coalescence-mBHI-p5,55,B11-e003Assembly-mGAM-p5,101060,770
21,D11-e003Coalescence-mGAM-p5,61,B11-e003Assembly-mGAM-p5,101060,770
22,A11-e003Coalescence-mGAM-p7,52,B11-e003Assembly-mGAM-p5,101060,770
23,D8-e003Coalescence-mGAM-p5,54,B11-e003Assembly-mGAM-p5,101060,770
24,D11-e003Coalescence-mGAM-p7,59,B11-e003Assembly-mGAM-p5,101060,770
25,A11-e003Coalescence-mGAM-p3,54,B11-e003Assembly-mGAM-p5,101060,770
26,H111-e003Coalescence-mGAM-p7_S188,51,B11-e003Assembly-mGAM-p5,101060,770
27,H111-e003Coalescence-mBHI-p3_S144,49,B11-e003Assembly-mGAM-p5,101060,770
28,H111-e003Coalescence-mGAM-p5_S92,48,B11-e003Assembly-mGAM-p5,101060,770
29,H8-e003Coalescence-mGAM-p5_S89,39,B11-e003Assembly-mGAM-p5,101060,770
30,H111-e003Coalescence-mBHI-p5_S44,60,B11-e003Assembly-mGAM-p5,101060,770
31,E111-e003Coalescence-mGAM-p5_S56,51,B11-e003Assembly-mGAM-p5,101060,770
32,H111-e003Coalescence-mGAM-p3_S192,50,B11-e003Assembly-mGAM-p5,101060,770
33,H8-e003Coalescence-mGAM-p7_S185,44,B11-e003Assembly-mGAM-p5,101060,770
34,B5-e003Coalescence-Inoculumn-mGAM,61,B11-e003Assembly-mGAM-p5,101060,770
35,D5-e003Coalescence-Inoculumn-mGAM,57,B11-e003Assembly-mGAM-p5,101060,770
36,A5-e003Coalescence-Inoculumn-mGAM,55,B11-e003Assembly-mGAM-p5,101060,770
37,D2-e003Coalescence-Inoculumn-mGAM,65,B11-e003Assembly-mGAM-p5,101060,770
38,D3-e003Coalescence-Inoculumn-mGAM,69,B11-e003Assembly-mGAM-p5,101060,770
39,C5-e003Coalescence-Inoculumn-mGAM,61,B11-e003Assembly-mGAM-p5,101060,770
40,E11-e003Coalescence-mGAM-p1_S840,59,B11-e003Assembly-mGAM-p5,101060,770
41,H8-e003Coalescence-mBHI-p1_S815,51,B11-e003Assembly-mGAM-p5,101060,770
42,D8-e003Coalescence-mGAM-p1_S755,48,B11-e003Assembly-mGAM-p5,101060,770
43,H11-e003Coalescence-mGAM-p1_S843,39,B11-e003Assembly-mGAM-p5,101060,770
44,A11-e003Coalescence-mGAM-p1_S776,28,B11-e003Assembly-mGAM-p5,101060,770
45,H11-e003Coalescence-mBHI-p1_S839,62,B11-e003Assembly-mGAM-p5,101060,770
46,E11-e003Coalescence-mBHI-p1_S836,54,B11-e003Assembly-mGAM-p5,101060,770
47,H8-e003Coalescence-mGAM-p1_S819,50,B11-e003Assembly-mGAM-p5,101060,770
48,D11-e003Coalescence-mGAM-p1_S779,51,B11-e003Assembly-mGAM-p5,101060,770
49,D11-e003Coalescence-mBHI-p1_S775,39,B11-e003Assembly-mGAM-p5,101060,770
50,A11-e003Coalescence-mBHI-p1_S772,22,B11-e003Assembly-mGAM-p5,101060,770
51,Coalescence-A12-D11-AF-AF-mGAM-mBHI-7_S631,54,B11-e003Assembly-mGAM-p5,101060,770
52,Coalescence-C3-A11-AA-AF-mGAM-mGAM-5_S646,52,B11-e003Assembly-mGAM-p5,101060,770
53,Coalescence-F1-D8-AA-AF-mGAM-mGAM-3_S680,56,B11-e003Assembly-mGAM-p5,101060,770
54,Coalescence-E8-D11-AF-AF-mGAM-mBHI-3_S675,49,B11-e003Assembly-mGAM-p5,101060,770
55,Coalescence-B5-D8-AA-AF-mGAM-mGAM-7_S636,58,B11-e003Assembly-mGAM-p5,101060,770
56,Coalescence-F10-H8-AA-AF-mGAM-mGAM-3_S689,57,B11-e003Assembly-mGAM-p5,101060,770
57,Coalescence-B6-E11-AA-AF-mGAM-mGAM-7_S637,60,B11-e003Assembly-mGAM-p5,101060,770
58,Coalescence-F3-E11-AA-AF-mGAM-mGAM-3_S682,55,B11-e003Assembly-mGAM-p5,101060,770
59,B11-e003Assembly-mGAM-p3,26,B11-e003Assembly-mGAM-p5,101060,770
60,B11-e003Assembly-mGAM-p5,770,B11-e003Assembly-mGAM-p5,101060,770
61,B11-e003GlycerolRevival-mGAM-p2,54,B11-e003Assembly-mGAM-p5,101060,770
62,C11-e003Assembly-mGAM-p3,31,B11-e003Assembly-mGAM-p5,101060,770
63,C11-e003GlycerolRevival-mGAM-p2,35,B11-e003Assembly-mGAM-p5,101060,770
64,e003-inoculumn-fecal-AF,25,B11-e003Assembly-mGAM-p5,101060,770
65,C_F4_e003Assembly_6_S256,33,B11-e003Assembly-mGAM-p5,101060,770
66,C_F8_e003Assembly_6_S260,53,B11-e003Assembly-mGAM-p5,101060,770
67,C_F12_e003Assembly_4_S264,62,B11-e003Assembly-mGAM-p5,101060,770
68,D_B8_e003Assembly_S308,50,B11-e003Assembly-mGAM-p5,101060,770
69,D_F8_e003Assembly_S356,40,B11-e003Assembly-mGAM-p5,101060,770
70,D_F12_e003Assembly_S360,63,B11-e003Assembly-mGAM-p5,101060,770
71,C_H2_e003Assembly_S278,58,B11-e003Assembly-mGAM-p5,101060,770
72,C_H10_H3_ACPP_AF_mBHI_mGAM_4_S286,49,B11-e003Assembly-mGAM-p5,101060,770
0,A_D8_D11_AF_AF_mGAM_mBHI_2_S44,47,B11-e003GlycerolRevival-mGAM-p2,101060,739
1,A_E8_A11_AF_AA_mGAM_mGAM_2_S56,52,B11-e003GlycerolRevival-mGAM-p2,101060,739
2,A_H5_D8_AA_AF_mGAM_mGAM_2_S89,44,B11-e003GlycerolRevival-mGAM-p2,101060,739
3,A_H8_D11_AF_AF_mGAM_mGAM_2_S92,50,B11-e003GlycerolRevival-mGAM-p2,101060,739
4,B_D8_H11_AF_AF_mGAM_mBHI_2_S140,34,B11-e003GlycerolRevival-mGAM-p2,101060,739
5,B_E8_E11_AF_AA_mGAM_mGAM_2_S152,50,B11-e003GlycerolRevival-mGAM-p2,101060,739
6,B_E12_A11_AF_AA_mGAM_mGAM_4_S156,55,B11-e003GlycerolRevival-mGAM-p2,101060,739
7,B_H5_H8_AA_AF_mGAM_mGAM_2_S185,48,B11-e003GlycerolRevival-mGAM-p2,101060,739
8,B_H8_H11_AF_AF_mGAM_mGAM_2_S188,49,B11-e003GlycerolRevival-mGAM-p2,101060,739
9,B_H9_D8_AA_AF_mGAM_mGAM_4_S189,45,B11-e003GlycerolRevival-mGAM-p2,101060,739
10,C_D8_D11_AF_AF_mGAM_mBHI_6_S236,41,B11-e003GlycerolRevival-mGAM-p2,101060,739
11,C_E8_A11_AF_AA_mGAM_mGAM_6_S248,44,B11-e003GlycerolRevival-mGAM-p2,101060,739
12,C_H5_D8_AA_AF_mGAM_mGAM_6_S281,48,B11-e003GlycerolRevival-mGAM-p2,101060,739
13,C_H8_D11_AF_AF_mGAM_mGAM_6_S284,40,B11-e003GlycerolRevival-mGAM-p2,101060,739
14,D_D8_D11_AF_AF_mGAM_mBHI_6_S332,45,B11-e003GlycerolRevival-mGAM-p2,101060,739
15,D_E8_A11_AF_AA_mGAM_mGAM_6_S344,46,B11-e003GlycerolRevival-mGAM-p2,101060,739
16,D_E12_E11_AF_AA_mGAM_mGAM_4_S348,52,B11-e003GlycerolRevival-mGAM-p2,101060,739
17,D_H5_D8_AA_AF_mGAM_mGAM_6_S377,51,B11-e003GlycerolRevival-mGAM-p2,101060,739
18,D_H8_D11_AF_AF_mGAM_mGAM_6_S380,36,B11-e003GlycerolRevival-mGAM-p2,101060,739
19,D_H9_H8_AA_AF_mGAM_mGAM_4_S381,34,B11-e003GlycerolRevival-mGAM-p2,101060,739
20,D11-e003Coalescence-mBHI-p5,44,B11-e003GlycerolRevival-mGAM-p2,101060,739
21,D11-e003Coalescence-mGAM-p5,54,B11-e003GlycerolRevival-mGAM-p2,101060,739
22,A11-e003Coalescence-mGAM-p7,41,B11-e003GlycerolRevival-mGAM-p2,101060,739
23,D8-e003Coalescence-mGAM-p5,52,B11-e003GlycerolRevival-mGAM-p2,101060,739
24,D11-e003Coalescence-mGAM-p7,58,B11-e003GlycerolRevival-mGAM-p2,101060,739
25,A11-e003Coalescence-mGAM-p3,40,B11-e003GlycerolRevival-mGAM-p2,101060,739
26,H111-e003Coalescence-mGAM-p7_S188,45,B11-e003GlycerolRevival-mGAM-p2,101060,739
27,H111-e003Coalescence-mBHI-p3_S144,44,B11-e003GlycerolRevival-mGAM-p2,101060,739
28,H111-e003Coalescence-mGAM-p5_S92,49,B11-e003GlycerolRevival-mGAM-p2,101060,739
29,H8-e003Coalescence-mGAM-p5_S89,37,B11-e003GlycerolRevival-mGAM-p2,101060,739
30,H111-e003Coalescence-mBHI-p5_S44,43,B11-e003GlycerolRevival-mGAM-p2,101060,739
31,E111-e003Coalescence-mGAM-p5_S56,40,B11-e003GlycerolRevival-mGAM-p2,101060,739
32,H111-e003Coalescence-mGAM-p3_S192,49,B11-e003GlycerolRevival-mGAM-p2,101060,739
33,H8-e003Coalescence-mGAM-p7_S185,46,B11-e003GlycerolRevival-mGAM-p2,101060,739
34,B5-e003Coalescence-Inoculumn-mGAM,51,B11-e003GlycerolRevival-mGAM-p2,101060,739
35,D5-e003Coalescence-Inoculumn-mGAM,51,B11-e003GlycerolRevival-mGAM-p2,101060,739
36,A5-e003Coalescence-Inoculumn-mGAM,51,B11-e003GlycerolRevival-mGAM-p2,101060,739
37,D2-e003Coalescence-Inoculumn-mGAM,50,B11-e003GlycerolRevival-mGAM-p2,101060,739
38,D3-e003Coalescence-Inoculumn-mGAM,50,B11-e003GlycerolRevival-mGAM-p2,101060,739
39,C5-e003Coalescence-Inoculumn-mGAM,57,B11-e003GlycerolRevival-mGAM-p2,101060,739
40,E11-e003Coalescence-mGAM-p1_S840,49,B11-e003GlycerolRevival-mGAM-p2,101060,739
41,H8-e003Coalescence-mBHI-p1_S815,41,B11-e003GlycerolRevival-mGAM-p2,101060,739
42,D8-e003Coalescence-mGAM-p1_S755,46,B11-e003GlycerolRevival-mGAM-p2,101060,739
43,H11-e003Coalescence-mGAM-p1_S843,41,B11-e003GlycerolRevival-mGAM-p2,101060,739
44,A11-e003Coalescence-mGAM-p1_S776,25,B11-e003GlycerolRevival-mGAM-p2,101060,739
45,H11-e003Coalescence-mBHI-p1_S839,50,B11-e003GlycerolRevival-mGAM-p2,101060,739
46,E11-e003Coalescence-mBHI-p1_S836,47,B11-e003GlycerolRevival-mGAM-p2,101060,739
47,H8-e003Coalescence-mGAM-p1_S819,47,B11-e003GlycerolRevival-mGAM-p2,101060,739
48,D11-e003Coalescence-mGAM-p1_S779,47,B11-e003GlycerolRevival-mGAM-p2,101060,739
49,D11-e003Coalescence-mBHI-p1_S775,34,B11-e003GlycerolRevival-mGAM-p2,101060,739
50,A11-e003Coalescence-mBHI-p1_S772,29,B11-e003GlycerolRevival-mGAM-p2,101060,739
51,Coalescence-A12-D11-AF-AF-mGAM-mBHI-7_S631,45,B11-e003GlycerolRevival-mGAM-p2,101060,739
52,Coalescence-C3-A11-AA-AF-mGAM-mGAM-5_S646,45,B11-e003GlycerolRevival-mGAM-p2,101060,739
53,Coalescence-F1-D8-AA-AF-mGAM-mGAM-3_S680,45,B11-e003GlycerolRevival-mGAM-p2,101060,739
54,Coalescence-E8-D11-AF-AF-mGAM-mBHI-3_S675,47,B11-e003GlycerolRevival-mGAM-p2,101060,739
55,Coalescence-B5-D8-AA-AF-mGAM-mGAM-7_S636,52,B11-e003GlycerolRevival-mGAM-p2,101060,739
56,Coalescence-F10-H8-AA-AF-mGAM-mGAM-3_S689,48,B11-e003GlycerolRevival-mGAM-p2,101060,739
57,Coalescence-B6-E11-AA-AF-mGAM-mGAM-7_S637,44,B11-e003GlycerolRevival-mGAM-p2,101060,739
58,Coalescence-F3-E11-AA-AF-mGAM-mGAM-3_S682,46,B11-e003GlycerolRevival-mGAM-p2,101060,739
59,B11-e003Assembly-mGAM-p3,27,B11-e003GlycerolRevival-mGAM-p2,101060,739
60,B11-e003Assembly-mGAM-p5,54,B11-e003GlycerolRevival-mGAM-p2,101060,739
61,B11-e003GlycerolRevival-mGAM-p2,739,B11-e003GlycerolRevival-mGAM-p2,101060,739
62,C11-e003Assembly-mGAM-p3,38,B11-e003GlycerolRevival-mGAM-p2,101060,739
63,C11-e003GlycerolRevival-mGAM-p2,38,B11-e003GlycerolRevival-mGAM-p2,101060,739
64,e003-inoculumn-fecal-AF,27,B11-e003GlycerolRevival-mGAM-p2,101060,739
65,C_F4_e003Assembly_6_S256,30,B11-e003GlycerolRevival-mGAM-p2,101060,739
66,C_F8_e003Assembly_6_S260,49,B11-e003GlycerolRevival-mGAM-p2,101060,739
67,C_F12_e003Assembly_4_S264,46,B11-e003GlycerolRevival-mGAM-p2,101060,739
68,D_B8_e003Assembly_S308,51,B11-e003GlycerolRevival-mGAM-p2,101060,739
69,D_F8_e003Assembly_S356,39,B11-e003GlycerolRevival-mGAM-p2,101060,739
70,D_F12_e003Assembly_S360,56,B11-e003GlycerolRevival-mGAM-p2,101060,739
71,C_H2_e003Assembly_S278,48,B11-e003GlycerolRevival-mGAM-p2,101060,739
72,C_H10_H3_ACPP_AF_mBHI_mGAM_4_S286,44,B11-e003GlycerolRevival-mGAM-p2,101060,739
0,A_D8_D11_AF_AF_mGAM_mBHI_2_S44,33,C11-e003Assembly-mGAM-p3,101060,683
1,A_E8_A11_AF_AA_mGAM_mGAM_2_S56,41,C11-e003Assembly-mGAM-p3,101060,683
2,A_H5_D8_AA_AF_mGAM_mGAM_2_S89,37,C11-e003Assembly-mGAM-p3,101060,683
3,A_H8_D11_AF_AF_mGAM_mGAM_2_S92,38,C11-e003Assembly-mGAM-p3,101060,683
4,B_D8_H11_AF_AF_mGAM_mBHI_2_S140,28,C11-e003Assembly-mGAM-p3,101060,683
5,B_E8_E11_AF_AA_mGAM_mGAM_2_S152,39,C11-e003Assembly-mGAM-p3,101060,683
6,B_E12_A11_AF_AA_mGAM_mGAM_4_S156,34,C11-e003Assembly-mGAM-p3,101060,683
7,B_H5_H8_AA_AF_mGAM_mGAM_2_S185,37,C11-e003Assembly-mGAM-p3,101060,683
8,B_H8_H11_AF_AF_mGAM_mGAM_2_S188,35,C11-e003Assembly-mGAM-p3,101060,683
9,B_H9_D8_AA_AF_mGAM_mGAM_4_S189,37,C11-e003Assembly-mGAM-p3,101060,683
10,C_D8_D11_AF_AF_mGAM_mBHI_6_S236,35,C11-e003Assembly-mGAM-p3,101060,683
11,C_E8_A11_AF_AA_mGAM_mGAM_6_S248,43,C11-e003Assembly-mGAM-p3,101060,683
12,C_H5_D8_AA_AF_mGAM_mGAM_6_S281,31,C11-e003Assembly-mGAM-p3,101060,683
13,C_H8_D11_AF_AF_mGAM_mGAM_6_S284,35,C11-e003Assembly-mGAM-p3,101060,683
14,D_D8_D11_AF_AF_mGAM_mBHI_6_S332,35,C11-e003Assembly-mGAM-p3,101060,683
15,D_E8_A11_AF_AA_mGAM_mGAM_6_S344,34,C11-e003Assembly-mGAM-p3,101060,683
16,D_E12_E11_AF_AA_mGAM_mGAM_4_S348,38,C11-e003Assembly-mGAM-p3,101060,683
17,D_H5_D8_AA_AF_mGAM_mGAM_6_S377,38,C11-e003Assembly-mGAM-p3,101060,683
18,D_H8_D11_AF_AF_mGAM_mGAM_6_S380,33,C11-e003Assembly-mGAM-p3,101060,683
19,D_H9_H8_AA_AF_mGAM_mGAM_4_S381,27,C11-e003Assembly-mGAM-p3,101060,683
20,D11-e003Coalescence-mBHI-p5,33,C11-e003Assembly-mGAM-p3,101060,683
21,D11-e003Coalescence-mGAM-p5,43,C11-e003Assembly-mGAM-p3,101060,683
22,A11-e003Coalescence-mGAM-p7,34,C11-e003Assembly-mGAM-p3,101060,683
23,D8-e003Coalescence-mGAM-p5,41,C11-e003Assembly-mGAM-p3,101060,683
24,D11-e003Coalescence-mGAM-p7,43,C11-e003Assembly-mGAM-p3,101060,683
25,A11-e003Coalescence-mGAM-p3,35,C11-e003Assembly-mGAM-p3,101060,683
26,H111-e003Coalescence-mGAM-p7_S188,35,C11-e003Assembly-mGAM-p3,101060,683
27,H111-e003Coalescence-mBHI-p3_S144,36,C11-e003Assembly-mGAM-p3,101060,683
28,H111-e003Coalescence-mGAM-p5_S92,37,C11-e003Assembly-mGAM-p3,101060,683
29,H8-e003Coalescence-mGAM-p5_S89,32,C11-e003Assembly-mGAM-p3,101060,683
30,H111-e003Coalescence-mBHI-p5_S44,42,C11-e003Assembly-mGAM-p3,101060,683
31,E111-e003Coalescence-mGAM-p5_S56,34,C11-e003Assembly-mGAM-p3,101060,683
32,H111-e003Coalescence-mGAM-p3_S192,42,C11-e003Assembly-mGAM-p3,101060,683
33,H8-e003Coalescence-mGAM-p7_S185,39,C11-e003Assembly-mGAM-p3,101060,683
34,B5-e003Coalescence-Inoculumn-mGAM,31,C11-e003Assembly-mGAM-p3,101060,683
35,D5-e003Coalescence-Inoculumn-mGAM,38,C11-e003Assembly-mGAM-p3,101060,683
36,A5-e003Coalescence-Inoculumn-mGAM,45,C11-e003Assembly-mGAM-p3,101060,683
37,D2-e003Coalescence-Inoculumn-mGAM,45,C11-e003Assembly-mGAM-p3,101060,683
38,D3-e003Coalescence-Inoculumn-mGAM,42,C11-e003Assembly-mGAM-p3,101060,683
39,C5-e003Coalescence-Inoculumn-mGAM,43,C11-e003Assembly-mGAM-p3,101060,683
40,E11-e003Coalescence-mGAM-p1_S840,35,C11-e003Assembly-mGAM-p3,101060,683
41,H8-e003Coalescence-mBHI-p1_S815,34,C11-e003Assembly-mGAM-p3,101060,683
42,D8-e003Coalescence-mGAM-p1_S755,39,C11-e003Assembly-mGAM-p3,101060,683
43,H11-e003Coalescence-mGAM-p1_S843,31,C11-e003Assembly-mGAM-p3,101060,683
44,A11-e003Coalescence-mGAM-p1_S776,18,C11-e003Assembly-mGAM-p3,101060,683
45,H11-e003Coalescence-mBHI-p1_S839,35,C11-e003Assembly-mGAM-p3,101060,683
46,E11-e003Coalescence-mBHI-p1_S836,36,C11-e003Assembly-mGAM-p3,101060,683
47,H8-e003Coalescence-mGAM-p1_S819,33,C11-e003Assembly-mGAM-p3,101060,683
48,D11-e003Coalescence-mGAM-p1_S779,38,C11-e003Assembly-mGAM-p3,101060,683
49,D11-e003Coalescence-mBHI-p1_S775,33,C11-e003Assembly-mGAM-p3,101060,683
50,A11-e003Coalescence-mBHI-p1_S772,26,C11-e003Assembly-mGAM-p3,101060,683
51,Coalescence-A12-D11-AF-AF-mGAM-mBHI-7_S631,36,C11-e003Assembly-mGAM-p3,101060,683
52,Coalescence-C3-A11-AA-AF-mGAM-mGAM-5_S646,37,C11-e003Assembly-mGAM-p3,101060,683
53,Coalescence-F1-D8-AA-AF-mGAM-mGAM-3_S680,34,C11-e003Assembly-mGAM-p3,101060,683
54,Coalescence-E8-D11-AF-AF-mGAM-mBHI-3_S675,33,C11-e003Assembly-mGAM-p3,101060,683
55,Coalescence-B5-D8-AA-AF-mGAM-mGAM-7_S636,34,C11-e003Assembly-mGAM-p3,101060,683
56,Coalescence-F10-H8-AA-AF-mGAM-mGAM-3_S689,40,C11-e003Assembly-mGAM-p3,101060,683
57,Coalescence-B6-E11-AA-AF-mGAM-mGAM-7_S637,36,C11-e003Assembly-mGAM-p3,101060,683
58,Coalescence-F3-E11-AA-AF-mGAM-mGAM-3_S682,37,C11-e003Assembly-mGAM-p3,101060,683
59,B11-e003Assembly-mGAM-p3,23,C11-e003Assembly-mGAM-p3,101060,683
60,B11-e003Assembly-mGAM-p5,31,C11-e003Assembly-mGAM-p3,101060,683
61,B11-e003GlycerolRevival-mGAM-p2,38,C11-e003Assembly-mGAM-p3,101060,683
62,C11-e003Assembly-mGAM-p3,683,C11-e003Assembly-mGAM-p3,101060,683
63,C11-e003GlycerolRevival-mGAM-p2,25,C11-e003Assembly-mGAM-p3,101060,683
64,e003-inoculumn-fecal-AF,19,C11-e003Assembly-mGAM-p3,101060,683
65,C_F4_e003Assembly_6_S256,25,C11-e003Assembly-mGAM-p3,101060,683
66,C_F8_e003Assembly_6_S260,34,C11-e003Assembly-mGAM-p3,101060,683
67,C_F12_e003Assembly_4_S264,40,C11-e003Assembly-mGAM-p3,101060,683
68,D_B8_e003Assembly_S308,39,C11-e003Assembly-mGAM-p3,101060,683
69,D_F8_e003Assembly_S356,38,C11-e003Assembly-mGAM-p3,101060,683
70,D_F12_e003Assembly_S360,38,C11-e003Assembly-mGAM-p3,101060,683
71,C_H2_e003Assembly_S278,42,C11-e003Assembly-mGAM-p3,101060,683
72,C_H10_H3_ACPP_AF_mBHI_mGAM_4_S286,33,C11-e003Assembly-mGAM-p3,101060,683
0,A_D8_D11_AF_AF_mGAM_mBHI_2_S44,30,C11-e003GlycerolRevival-mGAM-p2,101060,767
1,A_E8_A11_AF_AA_mGAM_mGAM_2_S56,41,C11-e003GlycerolRevival-mGAM-p2,101060,767
2,A_H5_D8_AA_AF_mGAM_mGAM_2_S89,32,C11-e003GlycerolRevival-mGAM-p2,101060,767
3,A_H8_D11_AF_AF_mGAM_mGAM_2_S92,40,C11-e003GlycerolRevival-mGAM-p2,101060,767
4,B_D8_H11_AF_AF_mGAM_mBHI_2_S140,29,C11-e003GlycerolRevival-mGAM-p2,101060,767
5,B_E8_E11_AF_AA_mGAM_mGAM_2_S152,32,C11-e003GlycerolRevival-mGAM-p2,101060,767
6,B_E12_A11_AF_AA_mGAM_mGAM_4_S156,40,C11-e003GlycerolRevival-mGAM-p2,101060,767
7,B_H5_H8_AA_AF_mGAM_mGAM_2_S185,36,C11-e003GlycerolRevival-mGAM-p2,101060,767
8,B_H8_H11_AF_AF_mGAM_mGAM_2_S188,33,C11-e003GlycerolRevival-mGAM-p2,101060,767
9,B_H9_D8_AA_AF_mGAM_mGAM_4_S189,33,C11-e003GlycerolRevival-mGAM-p2,101060,767
10,C_D8_D11_AF_AF_mGAM_mBHI_6_S236,25,C11-e003GlycerolRevival-mGAM-p2,101060,767
11,C_E8_A11_AF_AA_mGAM_mGAM_6_S248,33,C11-e003GlycerolRevival-mGAM-p2,101060,767
12,C_H5_D8_AA_AF_mGAM_mGAM_6_S281,37,C11-e003GlycerolRevival-mGAM-p2,101060,767
13,C_H8_D11_AF_AF_mGAM_mGAM_6_S284,28,C11-e003GlycerolRevival-mGAM-p2,101060,767
14,D_D8_D11_AF_AF_mGAM_mBHI_6_S332,34,C11-e003GlycerolRevival-mGAM-p2,101060,767
15,D_E8_A11_AF_AA_mGAM_mGAM_6_S344,33,C11-e003GlycerolRevival-mGAM-p2,101060,767
16,D_E12_E11_AF_AA_mGAM_mGAM_4_S348,29,C11-e003GlycerolRevival-mGAM-p2,101060,767
17,D_H5_D8_AA_AF_mGAM_mGAM_6_S377,35,C11-e003GlycerolRevival-mGAM-p2,101060,767
18,D_H8_D11_AF_AF_mGAM_mGAM_6_S380,20,C11-e003GlycerolRevival-mGAM-p2,101060,767
19,D_H9_H8_AA_AF_mGAM_mGAM_4_S381,17,C11-e003GlycerolRevival-mGAM-p2,101060,767
20,D11-e003Coalescence-mBHI-p5,26,C11-e003GlycerolRevival-mGAM-p2,101060,767
21,D11-e003Coalescence-mGAM-p5,40,C11-e003GlycerolRevival-mGAM-p2,101060,767
22,A11-e003Coalescence-mGAM-p7,37,C11-e003GlycerolRevival-mGAM-p2,101060,767
23,D8-e003Coalescence-mGAM-p5,40,C11-e003GlycerolRevival-mGAM-p2,101060,767
24,D11-e003Coalescence-mGAM-p7,47,C11-e003GlycerolRevival-mGAM-p2,101060,767
25,A11-e003Coalescence-mGAM-p3,32,C11-e003GlycerolRevival-mGAM-p2,101060,767
26,H111-e003Coalescence-mGAM-p7_S188,35,C11-e003GlycerolRevival-mGAM-p2,101060,767
27,H111-e003Coalescence-mBHI-p3_S144,34,C11-e003GlycerolRevival-mGAM-p2,101060,767
28,H111-e003Coalescence-mGAM-p5_S92,32,C11-e003GlycerolRevival-mGAM-p2,101060,767
29,H8-e003Coalescence-mGAM-p5_S89,30,C11-e003GlycerolRevival-mGAM-p2,101060,767
30,H111-e003Coalescence-mBHI-p5_S44,39,C11-e003GlycerolRevival-mGAM-p2,101060,767
31,E111-e003Coalescence-mGAM-p5_S56,26,C11-e003GlycerolRevival-mGAM-p2,101060,767
32,H111-e003Coalescence-mGAM-p3_S192,38,C11-e003GlycerolRevival-mGAM-p2,101060,767
33,H8-e003Coalescence-mGAM-p7_S185,35,C11-e003GlycerolRevival-mGAM-p2,101060,767
34,B5-e003Coalescence-Inoculumn-mGAM,37,C11-e003GlycerolRevival-mGAM-p2,101060,767
35,D5-e003Coalescence-Inoculumn-mGAM,42,C11-e003GlycerolRevival-mGAM-p2,101060,767
36,A5-e003Coalescence-Inoculumn-mGAM,33,C11-e003GlycerolRevival-mGAM-p2,101060,767
37,D2-e003Coalescence-Inoculumn-mGAM,38,C11-e003GlycerolRevival-mGAM-p2,101060,767
38,D3-e003Coalescence-Inoculumn-mGAM,42,C11-e003GlycerolRevival-mGAM-p2,101060,767
39,C5-e003Coalescence-Inoculumn-mGAM,36,C11-e003GlycerolRevival-mGAM-p2,101060,767
40,E11-e003Coalescence-mGAM-p1_S840,36,C11-e003GlycerolRevival-mGAM-p2,101060,767
41,H8-e003Coalescence-mBHI-p1_S815,30,C11-e003GlycerolRevival-mGAM-p2,101060,767
42,D8-e003Coalescence-mGAM-p1_S755,27,C11-e003GlycerolRevival-mGAM-p2,101060,767
43,H11-e003Coalescence-mGAM-p1_S843,36,C11-e003GlycerolRevival-mGAM-p2,101060,767
44,A11-e003Coalescence-mGAM-p1_S776,15,C11-e003GlycerolRevival-mGAM-p2,101060,767
45,H11-e003Coalescence-mBHI-p1_S839,42,C11-e003GlycerolRevival-mGAM-p2,101060,767
46,E11-e003Coalescence-mBHI-p1_S836,39,C11-e003GlycerolRevival-mGAM-p2,101060,767
47,H8-e003Coalescence-mGAM-p1_S819,30,C11-e003GlycerolRevival-mGAM-p2,101060,767
48,D11-e003Coalescence-mGAM-p1_S779,35,C11-e003GlycerolRevival-mGAM-p2,101060,767
49,D11-e003Coalescence-mBHI-p1_S775,31,C11-e003GlycerolRevival-mGAM-p2,101060,767
50,A11-e003Coalescence-mBHI-p1_S772,14,C11-e003GlycerolRevival-mGAM-p2,101060,767
51,Coalescence-A12-D11-AF-AF-mGAM-mBHI-7_S631,29,C11-e003GlycerolRevival-mGAM-p2,101060,767
52,Coalescence-C3-A11-AA-AF-mGAM-mGAM-5_S646,32,C11-e003GlycerolRevival-mGAM-p2,101060,767
53,Coalescence-F1-D8-AA-AF-mGAM-mGAM-3_S680,32,C11-e003GlycerolRevival-mGAM-p2,101060,767
54,Coalescence-E8-D11-AF-AF-mGAM-mBHI-3_S675,34,C11-e003GlycerolRevival-mGAM-p2,101060,767
55,Coalescence-B5-D8-AA-AF-mGAM-mGAM-7_S636,37,C11-e003GlycerolRevival-mGAM-p2,101060,767
56,Coalescence-F10-H8-AA-AF-mGAM-mGAM-3_S689,36,C11-e003GlycerolRevival-mGAM-p2,101060,767
57,Coalescence-B6-E11-AA-AF-mGAM-mGAM-7_S637,30,C11-e003GlycerolRevival-mGAM-p2,101060,767
58,Coalescence-F3-E11-AA-AF-mGAM-mGAM-3_S682,36,C11-e003GlycerolRevival-mGAM-p2,101060,767
59,B11-e003Assembly-mGAM-p3,23,C11-e003GlycerolRevival-mGAM-p2,101060,767
60,B11-e003Assembly-mGAM-p5,35,C11-e003GlycerolRevival-mGAM-p2,101060,767
61,B11-e003GlycerolRevival-mGAM-p2,38,C11-e003GlycerolRevival-mGAM-p2,101060,767
62,C11-e003Assembly-mGAM-p3,25,C11-e003GlycerolRevival-mGAM-p2,101060,767
63,C11-e003GlycerolRevival-mGAM-p2,767,C11-e003GlycerolRevival-mGAM-p2,101060,767
64,e003-inoculumn-fecal-AF,18,C11-e003GlycerolRevival-mGAM-p2,101060,767
65,C_F4_e003Assembly_6_S256,20,C11-e003GlycerolRevival-mGAM-p2,101060,767
66,C_F8_e003Assembly_6_S260,33,C11-e003GlycerolRevival-mGAM-p2,101060,767
67,C_F12_e003Assembly_4_S264,33,C11-e003GlycerolRevival-mGAM-p2,101060,767
68,D_B8_e003Assembly_S308,31,C11-e003GlycerolRevival-mGAM-p2,101060,767
69,D_F8_e003Assembly_S356,29,C11-e003GlycerolRevival-mGAM-p2,101060,767
70,D_F12_e003Assembly_S360,43,C11-e003GlycerolRevival-mGAM-p2,101060,767
71,C_H2_e003Assembly_S278,36,C11-e003GlycerolRevival-mGAM-p2,101060,767
72,C_H10_H3_ACPP_AF_mBHI_mGAM_4_S286,34,C11-e003GlycerolRevival-mGAM-p2,101060,767
0,A_D8_D11_AF_AF_mGAM_mBHI_2_S44,30,e003-inoculumn-fecal-AF,101060,719
1,A_E8_A11_AF_AA_mGAM_mGAM_2_S56,26,e003-inoculumn-fecal-AF,101060,719
2,A_H5_D8_AA_AF_mGAM_mGAM_2_S89,29,e003-inoculumn-fecal-AF,101060,719
3,A_H8_D11_AF_AF_mGAM_mGAM_2_S92,29,e003-inoculumn-fecal-AF,101060,719
4,B_D8_H11_AF_AF_mGAM_mBHI_2_S140,17,e003-inoculumn-fecal-AF,101060,719
5,B_E8_E11_AF_AA_mGAM_mGAM_2_S152,30,e003-inoculumn-fecal-AF,101060,719
6,B_E12_A11_AF_AA_mGAM_mGAM_4_S156,28,e003-inoculumn-fecal-AF,101060,719
7,B_H5_H8_AA_AF_mGAM_mGAM_2_S185,31,e003-inoculumn-fecal-AF,101060,719
8,B_H8_H11_AF_AF_mGAM_mGAM_2_S188,26,e003-inoculumn-fecal-AF,101060,719
9,B_H9_D8_AA_AF_mGAM_mGAM_4_S189,27,e003-inoculumn-fecal-AF,101060,719
10,C_D8_D11_AF_AF_mGAM_mBHI_6_S236,27,e003-inoculumn-fecal-AF,101060,719
11,C_E8_A11_AF_AA_mGAM_mGAM_6_S248,31,e003-inoculumn-fecal-AF,101060,719
12,C_H5_D8_AA_AF_mGAM_mGAM_6_S281,32,e003-inoculumn-fecal-AF,101060,719
13,C_H8_D11_AF_AF_mGAM_mGAM_6_S284,23,e003-inoculumn-fecal-AF,101060,719
14,D_D8_D11_AF_AF_mGAM_mBHI_6_S332,31,e003-inoculumn-fecal-AF,101060,719
15,D_E8_A11_AF_AA_mGAM_mGAM_6_S344,31,e003-inoculumn-fecal-AF,101060,719
16,D_E12_E11_AF_AA_mGAM_mGAM_4_S348,27,e003-inoculumn-fecal-AF,101060,719
17,D_H5_D8_AA_AF_mGAM_mGAM_6_S377,30,e003-inoculumn-fecal-AF,101060,719
18,D_H8_D11_AF_AF_mGAM_mGAM_6_S380,20,e003-inoculumn-fecal-AF,101060,719
19,D_H9_H8_AA_AF_mGAM_mGAM_4_S381,22,e003-inoculumn-fecal-AF,101060,719
20,D11-e003Coalescence-mBHI-p5,29,e003-inoculumn-fecal-AF,101060,719
21,D11-e003Coalescence-mGAM-p5,28,e003-inoculumn-fecal-AF,101060,719
22,A11-e003Coalescence-mGAM-p7,32,e003-inoculumn-fecal-AF,101060,719
23,D8-e003Coalescence-mGAM-p5,25,e003-inoculumn-fecal-AF,101060,719
24,D11-e003Coalescence-mGAM-p7,38,e003-inoculumn-fecal-AF,101060,719
25,A11-e003Coalescence-mGAM-p3,28,e003-inoculumn-fecal-AF,101060,719
26,H111-e003Coalescence-mGAM-p7_S188,24,e003-inoculumn-fecal-AF,101060,719
27,H111-e003Coalescence-mBHI-p3_S144,28,e003-inoculumn-fecal-AF,101060,719
28,H111-e003Coalescence-mGAM-p5_S92,31,e003-inoculumn-fecal-AF,101060,719
29,H8-e003Coalescence-mGAM-p5_S89,24,e003-inoculumn-fecal-AF,101060,719
30,H111-e003Coalescence-mBHI-p5_S44,28,e003-inoculumn-fecal-AF,101060,719
31,E111-e003Coalescence-mGAM-p5_S56,26,e003-inoculumn-fecal-AF,101060,719
32,H111-e003Coalescence-mGAM-p3_S192,29,e003-inoculumn-fecal-AF,101060,719
33,H8-e003Coalescence-mGAM-p7_S185,25,e003-inoculumn-fecal-AF,101060,719
34,B5-e003Coalescence-Inoculumn-mGAM,31,e003-inoculumn-fecal-AF,101060,719
35,D5-e003Coalescence-Inoculumn-mGAM,30,e003-inoculumn-fecal-AF,101060,719
36,A5-e003Coalescence-Inoculumn-mGAM,24,e003-inoculumn-fecal-AF,101060,719
37,D2-e003Coalescence-Inoculumn-mGAM,31,e003-inoculumn-fecal-AF,101060,719
38,D3-e003Coalescence-Inoculumn-mGAM,27,e003-inoculumn-fecal-AF,101060,719
39,C5-e003Coalescence-Inoculumn-mGAM,30,e003-inoculumn-fecal-AF,101060,719
40,E11-e003Coalescence-mGAM-p1_S840,31,e003-inoculumn-fecal-AF,101060,719
41,H8-e003Coalescence-mBHI-p1_S815,31,e003-inoculumn-fecal-AF,101060,719
42,D8-e003Coalescence-mGAM-p1_S755,28,e003-inoculumn-fecal-AF,101060,719
43,H11-e003Coalescence-mGAM-p1_S843,27,e003-inoculumn-fecal-AF,101060,719
44,A11-e003Coalescence-mGAM-p1_S776,21,e003-inoculumn-fecal-AF,101060,719
45,H11-e003Coalescence-mBHI-p1_S839,32,e003-inoculumn-fecal-AF,101060,719
46,E11-e003Coalescence-mBHI-p1_S836,27,e003-inoculumn-fecal-AF,101060,719
47,H8-e003Coalescence-mGAM-p1_S819,32,e003-inoculumn-fecal-AF,101060,719
48,D11-e003Coalescence-mGAM-p1_S779,22,e003-inoculumn-fecal-AF,101060,719
49,D11-e003Coalescence-mBHI-p1_S775,27,e003-inoculumn-fecal-AF,101060,719
50,A11-e003Coalescence-mBHI-p1_S772,22,e003-inoculumn-fecal-AF,101060,719
51,Coalescence-A12-D11-AF-AF-mGAM-mBHI-7_S631,29,e003-inoculumn-fecal-AF,101060,719
52,Coalescence-C3-A11-AA-AF-mGAM-mGAM-5_S646,30,e003-inoculumn-fecal-AF,101060,719
53,Coalescence-F1-D8-AA-AF-mGAM-mGAM-3_S680,28,e003-inoculumn-fecal-AF,101060,719
54,Coalescence-E8-D11-AF-AF-mGAM-mBHI-3_S675,30,e003-inoculumn-fecal-AF,101060,719
55,Coalescence-B5-D8-AA-AF-mGAM-mGAM-7_S636,29,e003-inoculumn-fecal-AF,101060,719
56,Coalescence-F10-H8-AA-AF-mGAM-mGAM-3_S689,28,e003-inoculumn-fecal-AF,101060,719
57,Coalescence-B6-E11-AA-AF-mGAM-mGAM-7_S637,26,e003-inoculumn-fecal-AF,101060,719
58,Coalescence-F3-E11-AA-AF-mGAM-mGAM-3_S682,30,e003-inoculumn-fecal-AF,101060,719
59,B11-e003Assembly-mGAM-p3,13,e003-inoculumn-fecal-AF,101060,719
60,B11-e003Assembly-mGAM-p5,25,e003-inoculumn-fecal-AF,101060,719
61,B11-e003GlycerolRevival-mGAM-p2,27,e003-inoculumn-fecal-AF,101060,719
62,C11-e003Assembly-mGAM-p3,19,e003-inoculumn-fecal-AF,101060,719
63,C11-e003GlycerolRevival-mGAM-p2,18,e003-inoculumn-fecal-AF,101060,719
64,e003-inoculumn-fecal-AF,719,e003-inoculumn-fecal-AF,101060,719
65,C_F4_e003Assembly_6_S256,21,e003-inoculumn-fecal-AF,101060,719
66,C_F8_e003Assembly_6_S260,30,e003-inoculumn-fecal-AF,101060,719
67,C_F12_e003Assembly_4_S264,28,e003-inoculumn-fecal-AF,101060,719
68,D_B8_e003Assembly_S308,29,e003-inoculumn-fecal-AF,101060,719
69,D_F8_e003Assembly_S356,25,e003-inoculumn-fecal-AF,101060,719
70,D_F12_e003Assembly_S360,33,e003-inoculumn-fecal-AF,101060,719
71,C_H2_e003Assembly_S278,29,e003-inoculumn-fecal-AF,101060,719
72,C_H10_H3_ACPP_AF_mBHI_mGAM_4_S286,26,e003-inoculumn-fecal-AF,101060,719
0,A_D8_D11_AF_AF_mGAM_mBHI_2_S44,39,C_F4_e003Assembly_6_S256,101060,224
1,A_E8_A11_AF_AA_mGAM_mGAM_2_S56,38,C_F4_e003Assembly_6_S256,101060,224
2,A_H5_D8_AA_AF_mGAM_mGAM_2_S89,42,C_F4_e003Assembly_6_S256,101060,224
3,A_H8_D11_AF_AF_mGAM_mGAM_2_S92,39,C_F4_e003Assembly_6_S256,101060,224
4,B_D8_H11_AF_AF_mGAM_mBHI_2_S140,26,C_F4_e003Assembly_6_S256,101060,224
5,B_E8_E11_AF_AA_mGAM_mGAM_2_S152,45,C_F4_e003Assembly_6_S256,101060,224
6,B_E12_A11_AF_AA_mGAM_mGAM_4_S156,40,C_F4_e003Assembly_6_S256,101060,224
7,B_H5_H8_AA_AF_mGAM_mGAM_2_S185,45,C_F4_e003Assembly_6_S256,101060,224
8,B_H8_H11_AF_AF_mGAM_mGAM_2_S188,35,C_F4_e003Assembly_6_S256,101060,224
9,B_H9_D8_AA_AF_mGAM_mGAM_4_S189,42,C_F4_e003Assembly_6_S256,101060,224
10,C_D8_D11_AF_AF_mGAM_mBHI_6_S236,34,C_F4_e003Assembly_6_S256,101060,224
11,C_E8_A11_AF_AA_mGAM_mGAM_6_S248,42,C_F4_e003Assembly_6_S256,101060,224
12,C_H5_D8_AA_AF_mGAM_mGAM_6_S281,33,C_F4_e003Assembly_6_S256,101060,224
13,C_H8_D11_AF_AF_mGAM_mGAM_6_S284,34,C_F4_e003Assembly_6_S256,101060,224
14,D_D8_D11_AF_AF_mGAM_mBHI_6_S332,40,C_F4_e003Assembly_6_S256,101060,224
15,D_E8_A11_AF_AA_mGAM_mGAM_6_S344,39,C_F4_e003Assembly_6_S256,101060,224
16,D_E12_E11_AF_AA_mGAM_mGAM_4_S348,39,C_F4_e003Assembly_6_S256,101060,224
17,D_H5_D8_AA_AF_mGAM_mGAM_6_S377,42,C_F4_e003Assembly_6_S256,101060,224
18,D_H8_D11_AF_AF_mGAM_mGAM_6_S380,25,C_F4_e003Assembly_6_S256,101060,224
19,D_H9_H8_AA_AF_mGAM_mGAM_4_S381,29,C_F4_e003Assembly_6_S256,101060,224
20,D11-e003Coalescence-mBHI-p5,36,C_F4_e003Assembly_6_S256,101060,224
21,D11-e003Coalescence-mGAM-p5,42,C_F4_e003Assembly_6_S256,101060,224
22,A11-e003Coalescence-mGAM-p7,37,C_F4_e003Assembly_6_S256,101060,224
23,D8-e003Coalescence-mGAM-p5,38,C_F4_e003Assembly_6_S256,101060,224
24,D11-e003Coalescence-mGAM-p7,45,C_F4_e003Assembly_6_S256,101060,224
25,A11-e003Coalescence-mGAM-p3,39,C_F4_e003Assembly_6_S256,101060,224
26,H111-e003Coalescence-mGAM-p7_S188,39,C_F4_e003Assembly_6_S256,101060,224
27,H111-e003Coalescence-mBHI-p3_S144,43,C_F4_e003Assembly_6_S256,101060,224
28,H111-e003Coalescence-mGAM-p5_S92,45,C_F4_e003Assembly_6_S256,101060,224
29,H8-e003Coalescence-mGAM-p5_S89,32,C_F4_e003Assembly_6_S256,101060,224
30,H111-e003Coalescence-mBHI-p5_S44,41,C_F4_e003Assembly_6_S256,101060,224
31,E111-e003Coalescence-mGAM-p5_S56,30,C_F4_e003Assembly_6_S256,101060,224
32,H111-e003Coalescence-mGAM-p3_S192,40,C_F4_e003Assembly_6_S256,101060,224
33,H8-e003Coalescence-mGAM-p7_S185,37,C_F4_e003Assembly_6_S256,101060,224
34,B5-e003Coalescence-Inoculumn-mGAM,32,C_F4_e003Assembly_6_S256,101060,224
35,D5-e003Coalescence-Inoculumn-mGAM,36,C_F4_e003Assembly_6_S256,101060,224
36,A5-e003Coalescence-Inoculumn-mGAM,39,C_F4_e003Assembly_6_S256,101060,224
37,D2-e003Coalescence-Inoculumn-mGAM,33,C_F4_e003Assembly_6_S256,101060,224
38,D3-e003Coalescence-Inoculumn-mGAM,39,C_F4_e003Assembly_6_S256,101060,224
39,C5-e003Coalescence-Inoculumn-mGAM,43,C_F4_e003Assembly_6_S256,101060,224
40,E11-e003Coalescence-mGAM-p1_S840,39,C_F4_e003Assembly_6_S256,101060,224
41,H8-e003Coalescence-mBHI-p1_S815,33,C_F4_e003Assembly_6_S256,101060,224
42,D8-e003Coalescence-mGAM-p1_S755,36,C_F4_e003Assembly_6_S256,101060,224
43,H11-e003Coalescence-mGAM-p1_S843,37,C_F4_e003Assembly_6_S256,101060,224
44,A11-e003Coalescence-mGAM-p1_S776,25,C_F4_e003Assembly_6_S256,101060,224
45,H11-e003Coalescence-mBHI-p1_S839,40,C_F4_e003Assembly_6_S256,101060,224
46,E11-e003Coalescence-mBHI-p1_S836,40,C_F4_e003Assembly_6_S256,101060,224
47,H8-e003Coalescence-mGAM-p1_S819,39,C_F4_e003Assembly_6_S256,101060,224
48,D11-e003Coalescence-mGAM-p1_S779,36,C_F4_e003Assembly_6_S256,101060,224
49,D11-e003Coalescence-mBHI-p1_S775,32,C_F4_e003Assembly_6_S256,101060,224
50,A11-e003Coalescence-mBHI-p1_S772,21,C_F4_e003Assembly_6_S256,101060,224
51,Coalescence-A12-D11-AF-AF-mGAM-mBHI-7_S631,39,C_F4_e003Assembly_6_S256,101060,224
52,Coalescence-C3-A11-AA-AF-mGAM-mGAM-5_S646,35,C_F4_e003Assembly_6_S256,101060,224
53,Coalescence-F1-D8-AA-AF-mGAM-mGAM-3_S680,46,C_F4_e003Assembly_6_S256,101060,224
54,Coalescence-E8-D11-AF-AF-mGAM-mBHI-3_S675,44,C_F4_e003Assembly_6_S256,101060,224
55,Coalescence-B5-D8-AA-AF-mGAM-mGAM-7_S636,37,C_F4_e003Assembly_6_S256,101060,224
56,Coalescence-F10-H8-AA-AF-mGAM-mGAM-3_S689,42,C_F4_e003Assembly_6_S256,101060,224
57,Coalescence-B6-E11-AA-AF-mGAM-mGAM-7_S637,41,C_F4_e003Assembly_6_S256,101060,224
58,Coalescence-F3-E11-AA-AF-mGAM-mGAM-3_S682,38,C_F4_e003Assembly_6_S256,101060,224
59,B11-e003Assembly-mGAM-p3,13,C_F4_e003Assembly_6_S256,101060,224
60,B11-e003Assembly-mGAM-p5,33,C_F4_e003Assembly_6_S256,101060,224
61,B11-e003GlycerolRevival-mGAM-p2,30,C_F4_e003Assembly_6_S256,101060,224
62,C11-e003Assembly-mGAM-p3,25,C_F4_e003Assembly_6_S256,101060,224
63,C11-e003GlycerolRevival-mGAM-p2,20,C_F4_e003Assembly_6_S256,101060,224
64,e003-inoculumn-fecal-AF,21,C_F4_e003Assembly_6_S256,101060,224
65,C_F4_e003Assembly_6_S256,224,C_F4_e003Assembly_6_S256,101060,224
66,C_F8_e003Assembly_6_S260,42,C_F4_e003Assembly_6_S256,101060,224
67,C_F12_e003Assembly_4_S264,41,C_F4_e003Assembly_6_S256,101060,224
68,D_B8_e003Assembly_S308,38,C_F4_e003Assembly_6_S256,101060,224
69,D_F8_e003Assembly_S356,40,C_F4_e003Assembly_6_S256,101060,224
70,D_F12_e003Assembly_S360,45,C_F4_e003Assembly_6_S256,101060,224
71,C_H2_e003Assembly_S278,45,C_F4_e003Assembly_6_S256,101060,224
72,C_H10_H3_ACPP_AF_mBHI_mGAM_4_S286,32,C_F4_e003Assembly_6_S256,101060,224
0,A_D8_D11_AF_AF_mGAM_mBHI_2_S44,71,C_F8_e003Assembly_6_S260,101060,109
1,A_E8_A11_AF_AA_mGAM_mGAM_2_S56,71,C_F8_e003Assembly_6_S260,101060,109
2,A_H5_D8_AA_AF_mGAM_mGAM_2_S89,70,C_F8_e003Assembly_6_S260,101060,109
3,A_H8_D11_AF_AF_mGAM_mGAM_2_S92,75,C_F8_e003Assembly_6_S260,101060,109
4,B_D8_H11_AF_AF_mGAM_mBHI_2_S140,51,C_F8_e003Assembly_6_S260,101060,109
5,B_E8_E11_AF_AA_mGAM_mGAM_2_S152,68,C_F8_e003Assembly_6_S260,101060,109
6,B_E12_A11_AF_AA_mGAM_mGAM_4_S156,67,C_F8_e003Assembly_6_S260,101060,109
7,B_H5_H8_AA_AF_mGAM_mGAM_2_S185,69,C_F8_e003Assembly_6_S260,101060,109
8,B_H8_H11_AF_AF_mGAM_mGAM_2_S188,62,C_F8_e003Assembly_6_S260,101060,109
9,B_H9_D8_AA_AF_mGAM_mGAM_4_S189,68,C_F8_e003Assembly_6_S260,101060,109
10,C_D8_D11_AF_AF_mGAM_mBHI_6_S236,53,C_F8_e003Assembly_6_S260,101060,109
11,C_E8_A11_AF_AA_mGAM_mGAM_6_S248,67,C_F8_e003Assembly_6_S260,101060,109
12,C_H5_D8_AA_AF_mGAM_mGAM_6_S281,52,C_F8_e003Assembly_6_S260,101060,109
13,C_H8_D11_AF_AF_mGAM_mGAM_6_S284,60,C_F8_e003Assembly_6_S260,101060,109
14,D_D8_D11_AF_AF_mGAM_mBHI_6_S332,64,C_F8_e003Assembly_6_S260,101060,109
15,D_E8_A11_AF_AA_mGAM_mGAM_6_S344,73,C_F8_e003Assembly_6_S260,101060,109
16,D_E12_E11_AF_AA_mGAM_mGAM_4_S348,71,C_F8_e003Assembly_6_S260,101060,109
17,D_H5_D8_AA_AF_mGAM_mGAM_6_S377,66,C_F8_e003Assembly_6_S260,101060,109
18,D_H8_D11_AF_AF_mGAM_mGAM_6_S380,50,C_F8_e003Assembly_6_S260,101060,109
19,D_H9_H8_AA_AF_mGAM_mGAM_4_S381,43,C_F8_e003Assembly_6_S260,101060,109
20,D11-e003Coalescence-mBHI-p5,62,C_F8_e003Assembly_6_S260,101060,109
21,D11-e003Coalescence-mGAM-p5,67,C_F8_e003Assembly_6_S260,101060,109
22,A11-e003Coalescence-mGAM-p7,52,C_F8_e003Assembly_6_S260,101060,109
23,D8-e003Coalescence-mGAM-p5,59,C_F8_e003Assembly_6_S260,101060,109
24,D11-e003Coalescence-mGAM-p7,71,C_F8_e003Assembly_6_S260,101060,109
25,A11-e003Coalescence-mGAM-p3,53,C_F8_e003Assembly_6_S260,101060,109
26,H111-e003Coalescence-mGAM-p7_S188,62,C_F8_e003Assembly_6_S260,101060,109
27,H111-e003Coalescence-mBHI-p3_S144,62,C_F8_e003Assembly_6_S260,101060,109
28,H111-e003Coalescence-mGAM-p5_S92,72,C_F8_e003Assembly_6_S260,101060,109
29,H8-e003Coalescence-mGAM-p5_S89,58,C_F8_e003Assembly_6_S260,101060,109
30,H111-e003Coalescence-mBHI-p5_S44,65,C_F8_e003Assembly_6_S260,101060,109
31,E111-e003Coalescence-mGAM-p5_S56,59,C_F8_e003Assembly_6_S260,101060,109
32,H111-e003Coalescence-mGAM-p3_S192,76,C_F8_e003Assembly_6_S260,101060,109
33,H8-e003Coalescence-mGAM-p7_S185,63,C_F8_e003Assembly_6_S260,101060,109
34,B5-e003Coalescence-Inoculumn-mGAM,56,C_F8_e003Assembly_6_S260,101060,109
35,D5-e003Coalescence-Inoculumn-mGAM,67,C_F8_e003Assembly_6_S260,101060,109
36,A5-e003Coalescence-Inoculumn-mGAM,60,C_F8_e003Assembly_6_S260,101060,109
37,D2-e003Coalescence-Inoculumn-mGAM,64,C_F8_e003Assembly_6_S260,101060,109
38,D3-e003Coalescence-Inoculumn-mGAM,67,C_F8_e003Assembly_6_S260,101060,109
39,C5-e003Coalescence-Inoculumn-mGAM,70,C_F8_e003Assembly_6_S260,101060,109
40,E11-e003Coalescence-mGAM-p1_S840,69,C_F8_e003Assembly_6_S260,101060,109
41,H8-e003Coalescence-mBHI-p1_S815,55,C_F8_e003Assembly_6_S260,101060,109
42,D8-e003Coalescence-mGAM-p1_S755,66,C_F8_e003Assembly_6_S260,101060,109
43,H11-e003Coalescence-mGAM-p1_S843,62,C_F8_e003Assembly_6_S260,101060,109
44,A11-e003Coalescence-mGAM-p1_S776,35,C_F8_e003Assembly_6_S260,101060,109
45,H11-e003Coalescence-mBHI-p1_S839,68,C_F8_e003Assembly_6_S260,101060,109
46,E11-e003Coalescence-mBHI-p1_S836,63,C_F8_e003Assembly_6_S260,101060,109
47,H8-e003Coalescence-mGAM-p1_S819,61,C_F8_e003Assembly_6_S260,101060,109
48,D11-e003Coalescence-mGAM-p1_S779,67,C_F8_e003Assembly_6_S260,101060,109
49,D11-e003Coalescence-mBHI-p1_S775,53,C_F8_e003Assembly_6_S260,101060,109
50,A11-e003Coalescence-mBHI-p1_S772,31,C_F8_e003Assembly_6_S260,101060,109
51,Coalescence-A12-D11-AF-AF-mGAM-mBHI-7_S631,70,C_F8_e003Assembly_6_S260,101060,109
52,Coalescence-C3-A11-AA-AF-mGAM-mGAM-5_S646,67,C_F8_e003Assembly_6_S260,101060,109
53,Coalescence-F1-D8-AA-AF-mGAM-mGAM-3_S680,67,C_F8_e003Assembly_6_S260,101060,109
54,Coalescence-E8-D11-AF-AF-mGAM-mBHI-3_S675,69,C_F8_e003Assembly_6_S260,101060,109
55,Coalescence-B5-D8-AA-AF-mGAM-mGAM-7_S636,70,C_F8_e003Assembly_6_S260,101060,109
56,Coalescence-F10-H8-AA-AF-mGAM-mGAM-3_S689,72,C_F8_e003Assembly_6_S260,101060,109
57,Coalescence-B6-E11-AA-AF-mGAM-mGAM-7_S637,76,C_F8_e003Assembly_6_S260,101060,109
58,Coalescence-F3-E11-AA-AF-mGAM-mGAM-3_S682,70,C_F8_e003Assembly_6_S260,101060,109
59,B11-e003Assembly-mGAM-p3,30,C_F8_e003Assembly_6_S260,101060,109
60,B11-e003Assembly-mGAM-p5,53,C_F8_e003Assembly_6_S260,101060,109
61,B11-e003GlycerolRevival-mGAM-p2,49,C_F8_e003Assembly_6_S260,101060,109
62,C11-e003Assembly-mGAM-p3,34,C_F8_e003Assembly_6_S260,101060,109
63,C11-e003GlycerolRevival-mGAM-p2,33,C_F8_e003Assembly_6_S260,101060,109
64,e003-inoculumn-fecal-AF,30,C_F8_e003Assembly_6_S260,101060,109
65,C_F4_e003Assembly_6_S256,42,C_F8_e003Assembly_6_S260,101060,109
66,C_F8_e003Assembly_6_S260,109,C_F8_e003Assembly_6_S260,101060,109
67,C_F12_e003Assembly_4_S264,62,C_F8_e003Assembly_6_S260,101060,109
68,D_B8_e003Assembly_S308,60,C_F8_e003Assembly_6_S260,101060,109
69,D_F8_e003Assembly_S356,61,C_F8_e003Assembly_6_S260,101060,109
70,D_F12_e003Assembly_S360,77,C_F8_e003Assembly_6_S260,101060,109
71,C_H2_e003Assembly_S278,74,C_F8_e003Assembly_6_S260,101060,109
72,C_H10_H3_ACPP_AF_mBHI_mGAM_4_S286,54,C_F8_e003Assembly_6_S260,101060,109
0,A_D8_D11_AF_AF_mGAM_mBHI_2_S44,63,C_F12_e003Assembly_4_S264,101060,112
1,A_E8_A11_AF_AA_mGAM_mGAM_2_S56,61,C_F12_e003Assembly_4_S264,101060,112
2,A_H5_D8_AA_AF_mGAM_mGAM_2_S89,67,C_F12_e003Assembly_4_S264,101060,112
3,A_H8_D11_AF_AF_mGAM_mGAM_2_S92,67,C_F12_e003Assembly_4_S264,101060,112
4,B_D8_H11_AF_AF_mGAM_mBHI_2_S140,51,C_F12_e003Assembly_4_S264,101060,112
5,B_E8_E11_AF_AA_mGAM_mGAM_2_S152,61,C_F12_e003Assembly_4_S264,101060,112
6,B_E12_A11_AF_AA_mGAM_mGAM_4_S156,63,C_F12_e003Assembly_4_S264,101060,112
7,B_H5_H8_AA_AF_mGAM_mGAM_2_S185,70,C_F12_e003Assembly_4_S264,101060,112
8,B_H8_H11_AF_AF_mGAM_mGAM_2_S188,59,C_F12_e003Assembly_4_S264,101060,112
9,B_H9_D8_AA_AF_mGAM_mGAM_4_S189,74,C_F12_e003Assembly_4_S264,101060,112
10,C_D8_D11_AF_AF_mGAM_mBHI_6_S236,48,C_F12_e003Assembly_4_S264,101060,112
11,C_E8_A11_AF_AA_mGAM_mGAM_6_S248,73,C_F12_e003Assembly_4_S264,101060,112
12,C_H5_D8_AA_AF_mGAM_mGAM_6_S281,55,C_F12_e003Assembly_4_S264,101060,112
13,C_H8_D11_AF_AF_mGAM_mGAM_6_S284,62,C_F12_e003Assembly_4_S264,101060,112
14,D_D8_D11_AF_AF_mGAM_mBHI_6_S332,60,C_F12_e003Assembly_4_S264,101060,112
15,D_E8_A11_AF_AA_mGAM_mGAM_6_S344,63,C_F12_e003Assembly_4_S264,101060,112
16,D_E12_E11_AF_AA_mGAM_mGAM_4_S348,63,C_F12_e003Assembly_4_S264,101060,112
17,D_H5_D8_AA_AF_mGAM_mGAM_6_S377,72,C_F12_e003Assembly_4_S264,101060,112
18,D_H8_D11_AF_AF_mGAM_mGAM_6_S380,39,C_F12_e003Assembly_4_S264,101060,112
19,D_H9_H8_AA_AF_mGAM_mGAM_4_S381,48,C_F12_e003Assembly_4_S264,101060,112
20,D11-e003Coalescence-mBHI-p5,57,C_F12_e003Assembly_4_S264,101060,112
21,D11-e003Coalescence-mGAM-p5,67,C_F12_e003Assembly_4_S264,101060,112
22,A11-e003Coalescence-mGAM-p7,54,C_F12_e003Assembly_4_S264,101060,112
23,D8-e003Coalescence-mGAM-p5,63,C_F12_e003Assembly_4_S264,101060,112
24,D11-e003Coalescence-mGAM-p7,65,C_F12_e003Assembly_4_S264,101060,112
25,A11-e003Coalescence-mGAM-p3,61,C_F12_e003Assembly_4_S264,101060,112
26,H111-e003Coalescence-mGAM-p7_S188,58,C_F12_e003Assembly_4_S264,101060,112
27,H111-e003Coalescence-mBHI-p3_S144,58,C_F12_e003Assembly_4_S264,101060,112
28,H111-e003Coalescence-mGAM-p5_S92,61,C_F12_e003Assembly_4_S264,101060,112
29,H8-e003Coalescence-mGAM-p5_S89,49,C_F12_e003Assembly_4_S264,101060,112
30,H111-e003Coalescence-mBHI-p5_S44,66,C_F12_e003Assembly_4_S264,101060,112
31,E111-e003Coalescence-mGAM-p5_S56,57,C_F12_e003Assembly_4_S264,101060,112
32,H111-e003Coalescence-mGAM-p3_S192,65,C_F12_e003Assembly_4_S264,101060,112
33,H8-e003Coalescence-mGAM-p7_S185,57,C_F12_e003Assembly_4_S264,101060,112
34,B5-e003Coalescence-Inoculumn-mGAM,51,C_F12_e003Assembly_4_S264,101060,112
35,D5-e003Coalescence-Inoculumn-mGAM,66,C_F12_e003Assembly_4_S264,101060,112
36,A5-e003Coalescence-Inoculumn-mGAM,59,C_F12_e003Assembly_4_S264,101060,112
37,D2-e003Coalescence-Inoculumn-mGAM,65,C_F12_e003Assembly_4_S264,101060,112
38,D3-e003Coalescence-Inoculumn-mGAM,67,C_F12_e003Assembly_4_S264,101060,112
39,C5-e003Coalescence-Inoculumn-mGAM,80,C_F12_e003Assembly_4_S264,101060,112
40,E11-e003Coalescence-mGAM-p1_S840,66,C_F12_e003Assembly_4_S264,101060,112
41,H8-e003Coalescence-mBHI-p1_S815,58,C_F12_e003Assembly_4_S264,101060,112
42,D8-e003Coalescence-mGAM-p1_S755,71,C_F12_e003Assembly_4_S264,101060,112
43,H11-e003Coalescence-mGAM-p1_S843,55,C_F12_e003Assembly_4_S264,101060,112
44,A11-e003Coalescence-mGAM-p1_S776,32,C_F12_e003Assembly_4_S264,101060,112
45,H11-e003Coalescence-mBHI-p1_S839,73,C_F12_e003Assembly_4_S264,101060,112
46,E11-e003Coalescence-mBHI-p1_S836,65,C_F12_e003Assembly_4_S264,101060,112
47,H8-e003Coalescence-mGAM-p1_S819,67,C_F12_e003Assembly_4_S264,101060,112
48,D11-e003Coalescence-mGAM-p1_S779,63,C_F12_e003Assembly_4_S264,101060,112
49,D11-e003Coalescence-mBHI-p1_S775,53,C_F12_e003Assembly_4_S264,101060,112
50,A11-e003Coalescence-mBHI-p1_S772,31,C_F12_e003Assembly_4_S264,101060,112
51,Coalescence-A12-D11-AF-AF-mGAM-mBHI-7_S631,67,C_F12_e003Assembly_4_S264,101060,112
52,Coalescence-C3-A11-AA-AF-mGAM-mGAM-5_S646,62,C_F12_e003Assembly_4_S264,101060,112
53,Coalescence-F1-D8-AA-AF-mGAM-mGAM-3_S680,63,C_F12_e003Assembly_4_S264,101060,112
54,Coalescence-E8-D11-AF-AF-mGAM-mBHI-3_S675,63,C_F12_e003Assembly_4_S264,101060,112
55,Coalescence-B5-D8-AA-AF-mGAM-mGAM-7_S636,62,C_F12_e003Assembly_4_S264,101060,112
56,Coalescence-F10-H8-AA-AF-mGAM-mGAM-3_S689,66,C_F12_e003Assembly_4_S264,101060,112
57,Coalescence-B6-E11-AA-AF-mGAM-mGAM-7_S637,72,C_F12_e003Assembly_4_S264,101060,112
58,Coalescence-F3-E11-AA-AF-mGAM-mGAM-3_S682,64,C_F12_e003Assembly_4_S264,101060,112
59,B11-e003Assembly-mGAM-p3,26,C_F12_e003Assembly_4_S264,101060,112
60,B11-e003Assembly-mGAM-p5,62,C_F12_e003Assembly_4_S264,101060,112
61,B11-e003GlycerolRevival-mGAM-p2,46,C_F12_e003Assembly_4_S264,101060,112
62,C11-e003Assembly-mGAM-p3,40,C_F12_e003Assembly_4_S264,101060,112
63,C11-e003GlycerolRevival-mGAM-p2,33,C_F12_e003Assembly_4_S264,101060,112
64,e003-inoculumn-fecal-AF,28,C_F12_e003Assembly_4_S264,101060,112
65,C_F4_e003Assembly_6_S256,41,C_F12_e003Assembly_4_S264,101060,112
66,C_F8_e003Assembly_6_S260,62,C_F12_e003Assembly_4_S264,101060,112
67,C_F12_e003Assembly_4_S264,112,C_F12_e003Assembly_4_S264,101060,112
68,D_B8_e003Assembly_S308,55,C_F12_e003Assembly_4_S264,101060,112
69,D_F8_e003Assembly_S356,56,C_F12_e003Assembly_4_S264,101060,112
70,D_F12_e003Assembly_S360,72,C_F12_e003Assembly_4_S264,101060,112
71,C_H2_e003Assembly_S278,74,C_F12_e003Assembly_4_S264,101060,112
72,C_H10_H3_ACPP_AF_mBHI_mGAM_4_S286,54,C_F12_e003Assembly_4_S264,101060,112
0,A_D8_D11_AF_AF_mGAM_mBHI_2_S44,57,D_B8_e003Assembly_S308,101060,167
1,A_E8_A11_AF_AA_mGAM_mGAM_2_S56,62,D_B8_e003Assembly_S308,101060,167
2,A_H5_D8_AA_AF_mGAM_mGAM_2_S89,63,D_B8_e003Assembly_S308,101060,167
3,A_H8_D11_AF_AF_mGAM_mGAM_2_S92,62,D_B8_e003Assembly_S308,101060,167
4,B_D8_H11_AF_AF_mGAM_mBHI_2_S140,45,D_B8_e003Assembly_S308,101060,167
5,B_E8_E11_AF_AA_mGAM_mGAM_2_S152,68,D_B8_e003Assembly_S308,101060,167
6,B_E12_A11_AF_AA_mGAM_mGAM_4_S156,66,D_B8_e003Assembly_S308,101060,167
7,B_H5_H8_AA_AF_mGAM_mGAM_2_S185,69,D_B8_e003Assembly_S308,101060,167
8,B_H8_H11_AF_AF_mGAM_mGAM_2_S188,66,D_B8_e003Assembly_S308,101060,167
9,B_H9_D8_AA_AF_mGAM_mGAM_4_S189,59,D_B8_e003Assembly_S308,101060,167
10,C_D8_D11_AF_AF_mGAM_mBHI_6_S236,54,D_B8_e003Assembly_S308,101060,167
11,C_E8_A11_AF_AA_mGAM_mGAM_6_S248,68,D_B8_e003Assembly_S308,101060,167
12,C_H5_D8_AA_AF_mGAM_mGAM_6_S281,52,D_B8_e003Assembly_S308,101060,167
13,C_H8_D11_AF_AF_mGAM_mGAM_6_S284,59,D_B8_e003Assembly_S308,101060,167
14,D_D8_D11_AF_AF_mGAM_mBHI_6_S332,58,D_B8_e003Assembly_S308,101060,167
15,D_E8_A11_AF_AA_mGAM_mGAM_6_S344,66,D_B8_e003Assembly_S308,101060,167
16,D_E12_E11_AF_AA_mGAM_mGAM_4_S348,72,D_B8_e003Assembly_S308,101060,167
17,D_H5_D8_AA_AF_mGAM_mGAM_6_S377,74,D_B8_e003Assembly_S308,101060,167
18,D_H8_D11_AF_AF_mGAM_mGAM_6_S380,42,D_B8_e003Assembly_S308,101060,167
19,D_H9_H8_AA_AF_mGAM_mGAM_4_S381,38,D_B8_e003Assembly_S308,101060,167
20,D11-e003Coalescence-mBHI-p5,51,D_B8_e003Assembly_S308,101060,167
21,D11-e003Coalescence-mGAM-p5,57,D_B8_e003Assembly_S308,101060,167
22,A11-e003Coalescence-mGAM-p7,50,D_B8_e003Assembly_S308,101060,167
23,D8-e003Coalescence-mGAM-p5,62,D_B8_e003Assembly_S308,101060,167
24,D11-e003Coalescence-mGAM-p7,69,D_B8_e003Assembly_S308,101060,167
25,A11-e003Coalescence-mGAM-p3,55,D_B8_e003Assembly_S308,101060,167
26,H111-e003Coalescence-mGAM-p7_S188,55,D_B8_e003Assembly_S308,101060,167
27,H111-e003Coalescence-mBHI-p3_S144,62,D_B8_e003Assembly_S308,101060,167
28,H111-e003Coalescence-mGAM-p5_S92,61,D_B8_e003Assembly_S308,101060,167
29,H8-e003Coalescence-mGAM-p5_S89,58,D_B8_e003Assembly_S308,101060,167
30,H111-e003Coalescence-mBHI-p5_S44,60,D_B8_e003Assembly_S308,101060,167
31,E111-e003Coalescence-mGAM-p5_S56,57,D_B8_e003Assembly_S308,101060,167
32,H111-e003Coalescence-mGAM-p3_S192,61,D_B8_e003Assembly_S308,101060,167
33,H8-e003Coalescence-mGAM-p7_S185,60,D_B8_e003Assembly_S308,101060,167
34,B5-e003Coalescence-Inoculumn-mGAM,60,D_B8_e003Assembly_S308,101060,167
35,D5-e003Coalescence-Inoculumn-mGAM,58,D_B8_e003Assembly_S308,101060,167
36,A5-e003Coalescence-Inoculumn-mGAM,63,D_B8_e003Assembly_S308,101060,167
37,D2-e003Coalescence-Inoculumn-mGAM,62,D_B8_e003Assembly_S308,101060,167
38,D3-e003Coalescence-Inoculumn-mGAM,71,D_B8_e003Assembly_S308,101060,167
39,C5-e003Coalescence-Inoculumn-mGAM,68,D_B8_e003Assembly_S308,101060,167
40,E11-e003Coalescence-mGAM-p1_S840,63,D_B8_e003Assembly_S308,101060,167
41,H8-e003Coalescence-mBHI-p1_S815,48,D_B8_e003Assembly_S308,101060,167
42,D8-e003Coalescence-mGAM-p1_S755,68,D_B8_e003Assembly_S308,101060,167
43,H11-e003Coalescence-mGAM-p1_S843,51,D_B8_e003Assembly_S308,101060,167
44,A11-e003Coalescence-mGAM-p1_S776,30,D_B8_e003Assembly_S308,101060,167
45,H11-e003Coalescence-mBHI-p1_S839,62,D_B8_e003Assembly_S308,101060,167
46,E11-e003Coalescence-mBHI-p1_S836,56,D_B8_e003Assembly_S308,101060,167
47,H8-e003Coalescence-mGAM-p1_S819,61,D_B8_e003Assembly_S308,101060,167
48,D11-e003Coalescence-mGAM-p1_S779,68,D_B8_e003Assembly_S308,101060,167
49,D11-e003Coalescence-mBHI-p1_S775,46,D_B8_e003Assembly_S308,101060,167
50,A11-e003Coalescence-mBHI-p1_S772,27,D_B8_e003Assembly_S308,101060,167
51,Coalescence-A12-D11-AF-AF-mGAM-mBHI-7_S631,66,D_B8_e003Assembly_S308,101060,167
52,Coalescence-C3-A11-AA-AF-mGAM-mGAM-5_S646,64,D_B8_e003Assembly_S308,101060,167
53,Coalescence-F1-D8-AA-AF-mGAM-mGAM-3_S680,64,D_B8_e003Assembly_S308,101060,167
54,Coalescence-E8-D11-AF-AF-mGAM-mBHI-3_S675,65,D_B8_e003Assembly_S308,101060,167
55,Coalescence-B5-D8-AA-AF-mGAM-mGAM-7_S636,64,D_B8_e003Assembly_S308,101060,167
56,Coalescence-F10-H8-AA-AF-mGAM-mGAM-3_S689,64,D_B8_e003Assembly_S308,101060,167
57,Coalescence-B6-E11-AA-AF-mGAM-mGAM-7_S637,65,D_B8_e003Assembly_S308,101060,167
58,Coalescence-F3-E11-AA-AF-mGAM-mGAM-3_S682,69,D_B8_e003Assembly_S308,101060,167
59,B11-e003Assembly-mGAM-p3,25,D_B8_e003Assembly_S308,101060,167
60,B11-e003Assembly-mGAM-p5,50,D_B8_e003Assembly_S308,101060,167
61,B11-e003GlycerolRevival-mGAM-p2,51,D_B8_e003Assembly_S308,101060,167
62,C11-e003Assembly-mGAM-p3,39,D_B8_e003Assembly_S308,101060,167
63,C11-e003GlycerolRevival-mGAM-p2,31,D_B8_e003Assembly_S308,101060,167
64,e003-inoculumn-fecal-AF,29,D_B8_e003Assembly_S308,101060,167
65,C_F4_e003Assembly_6_S256,38,D_B8_e003Assembly_S308,101060,167
66,C_F8_e003Assembly_6_S260,60,D_B8_e003Assembly_S308,101060,167
67,C_F12_e003Assembly_4_S264,55,D_B8_e003Assembly_S308,101060,167
68,D_B8_e003Assembly_S308,167,D_B8_e003Assembly_S308,101060,167
69,D_F8_e003Assembly_S356,64,D_B8_e003Assembly_S308,101060,167
70,D_F12_e003Assembly_S360,73,D_B8_e003Assembly_S308,101060,167
71,C_H2_e003Assembly_S278,66,D_B8_e003Assembly_S308,101060,167
72,C_H10_H3_ACPP_AF_mBHI_mGAM_4_S286,54,D_B8_e003Assembly_S308,101060,167
0,A_D8_D11_AF_AF_mGAM_mBHI_2_S44,54,D_F8_e003Assembly_S356,101060,101
1,A_E8_A11_AF_AA_mGAM_mGAM_2_S56,62,D_F8_e003Assembly_S356,101060,101
2,A_H5_D8_AA_AF_mGAM_mGAM_2_S89,60,D_F8_e003Assembly_S356,101060,101
3,A_H8_D11_AF_AF_mGAM_mGAM_2_S92,55,D_F8_e003Assembly_S356,101060,101
4,B_D8_H11_AF_AF_mGAM_mBHI_2_S140,43,D_F8_e003Assembly_S356,101060,101
5,B_E8_E11_AF_AA_mGAM_mGAM_2_S152,68,D_F8_e003Assembly_S356,101060,101
6,B_E12_A11_AF_AA_mGAM_mGAM_4_S156,61,D_F8_e003Assembly_S356,101060,101
7,B_H5_H8_AA_AF_mGAM_mGAM_2_S185,65,D_F8_e003Assembly_S356,101060,101
8,B_H8_H11_AF_AF_mGAM_mGAM_2_S188,53,D_F8_e003Assembly_S356,101060,101
9,B_H9_D8_AA_AF_mGAM_mGAM_4_S189,56,D_F8_e003Assembly_S356,101060,101
10,C_D8_D11_AF_AF_mGAM_mBHI_6_S236,57,D_F8_e003Assembly_S356,101060,101
11,C_E8_A11_AF_AA_mGAM_mGAM_6_S248,63,D_F8_e003Assembly_S356,101060,101
12,C_H5_D8_AA_AF_mGAM_mGAM_6_S281,40,D_F8_e003Assembly_S356,101060,101
13,C_H8_D11_AF_AF_mGAM_mGAM_6_S284,62,D_F8_e003Assembly_S356,101060,101
14,D_D8_D11_AF_AF_mGAM_mBHI_6_S332,57,D_F8_e003Assembly_S356,101060,101
15,D_E8_A11_AF_AA_mGAM_mGAM_6_S344,63,D_F8_e003Assembly_S356,101060,101
16,D_E12_E11_AF_AA_mGAM_mGAM_4_S348,61,D_F8_e003Assembly_S356,101060,101
17,D_H5_D8_AA_AF_mGAM_mGAM_6_S377,67,D_F8_e003Assembly_S356,101060,101
18,D_H8_D11_AF_AF_mGAM_mGAM_6_S380,44,D_F8_e003Assembly_S356,101060,101
19,D_H9_H8_AA_AF_mGAM_mGAM_4_S381,46,D_F8_e003Assembly_S356,101060,101
20,D11-e003Coalescence-mBHI-p5,51,D_F8_e003Assembly_S356,101060,101
21,D11-e003Coalescence-mGAM-p5,61,D_F8_e003Assembly_S356,101060,101
22,A11-e003Coalescence-mGAM-p7,43,D_F8_e003Assembly_S356,101060,101
23,D8-e003Coalescence-mGAM-p5,53,D_F8_e003Assembly_S356,101060,101
24,D11-e003Coalescence-mGAM-p7,66,D_F8_e003Assembly_S356,101060,101
25,A11-e003Coalescence-mGAM-p3,58,D_F8_e003Assembly_S356,101060,101
26,H111-e003Coalescence-mGAM-p7_S188,52,D_F8_e003Assembly_S356,101060,101
27,H111-e003Coalescence-mBHI-p3_S144,65,D_F8_e003Assembly_S356,101060,101
28,H111-e003Coalescence-mGAM-p5_S92,64,D_F8_e003Assembly_S356,101060,101
29,H8-e003Coalescence-mGAM-p5_S89,54,D_F8_e003Assembly_S356,101060,101
30,H111-e003Coalescence-mBHI-p5_S44,54,D_F8_e003Assembly_S356,101060,101
31,E111-e003Coalescence-mGAM-p5_S56,59,D_F8_e003Assembly_S356,101060,101
32,H111-e003Coalescence-mGAM-p3_S192,65,D_F8_e003Assembly_S356,101060,101
33,H8-e003Coalescence-mGAM-p7_S185,64,D_F8_e003Assembly_S356,101060,101
34,B5-e003Coalescence-Inoculumn-mGAM,50,D_F8_e003Assembly_S356,101060,101
35,D5-e003Coalescence-Inoculumn-mGAM,59,D_F8_e003Assembly_S356,101060,101
36,A5-e003Coalescence-Inoculumn-mGAM,51,D_F8_e003Assembly_S356,101060,101
37,D2-e003Coalescence-Inoculumn-mGAM,53,D_F8_e003Assembly_S356,101060,101
38,D3-e003Coalescence-Inoculumn-mGAM,57,D_F8_e003Assembly_S356,101060,101
39,C5-e003Coalescence-Inoculumn-mGAM,65,D_F8_e003Assembly_S356,101060,101
40,E11-e003Coalescence-mGAM-p1_S840,62,D_F8_e003Assembly_S356,101060,101
41,H8-e003Coalescence-mBHI-p1_S815,46,D_F8_e003Assembly_S356,101060,101
42,D8-e003Coalescence-mGAM-p1_S755,60,D_F8_e003Assembly_S356,101060,101
43,H11-e003Coalescence-mGAM-p1_S843,53,D_F8_e003Assembly_S356,101060,101
44,A11-e003Coalescence-mGAM-p1_S776,31,D_F8_e003Assembly_S356,101060,101
45,H11-e003Coalescence-mBHI-p1_S839,59,D_F8_e003Assembly_S356,101060,101
46,E11-e003Coalescence-mBHI-p1_S836,60,D_F8_e003Assembly_S356,101060,101
47,H8-e003Coalescence-mGAM-p1_S819,58,D_F8_e003Assembly_S356,101060,101
48,D11-e003Coalescence-mGAM-p1_S779,62,D_F8_e003Assembly_S356,101060,101
49,D11-e003Coalescence-mBHI-p1_S775,52,D_F8_e003Assembly_S356,101060,101
50,A11-e003Coalescence-mBHI-p1_S772,28,D_F8_e003Assembly_S356,101060,101
51,Coalescence-A12-D11-AF-AF-mGAM-mBHI-7_S631,62,D_F8_e003Assembly_S356,101060,101
52,Coalescence-C3-A11-AA-AF-mGAM-mGAM-5_S646,61,D_F8_e003Assembly_S356,101060,101
53,Coalescence-F1-D8-AA-AF-mGAM-mGAM-3_S680,66,D_F8_e003Assembly_S356,101060,101
54,Coalescence-E8-D11-AF-AF-mGAM-mBHI-3_S675,66,D_F8_e003Assembly_S356,101060,101
55,Coalescence-B5-D8-AA-AF-mGAM-mGAM-7_S636,58,D_F8_e003Assembly_S356,101060,101
56,Coalescence-F10-H8-AA-AF-mGAM-mGAM-3_S689,60,D_F8_e003Assembly_S356,101060,101
57,Coalescence-B6-E11-AA-AF-mGAM-mGAM-7_S637,58,D_F8_e003Assembly_S356,101060,101
58,Coalescence-F3-E11-AA-AF-mGAM-mGAM-3_S682,63,D_F8_e003Assembly_S356,101060,101
59,B11-e003Assembly-mGAM-p3,23,D_F8_e003Assembly_S356,101060,101
60,B11-e003Assembly-mGAM-p5,40,D_F8_e003Assembly_S356,101060,101
61,B11-e003GlycerolRevival-mGAM-p2,39,D_F8_e003Assembly_S356,101060,101
62,C11-e003Assembly-mGAM-p3,38,D_F8_e003Assembly_S356,101060,101
63,C11-e003GlycerolRevival-mGAM-p2,29,D_F8_e003Assembly_S356,101060,101
64,e003-inoculumn-fecal-AF,25,D_F8_e003Assembly_S356,101060,101
65,C_F4_e003Assembly_6_S256,40,D_F8_e003Assembly_S356,101060,101
66,C_F8_e003Assembly_6_S260,61,D_F8_e003Assembly_S356,101060,101
67,C_F12_e003Assembly_4_S264,56,D_F8_e003Assembly_S356,101060,101
68,D_B8_e003Assembly_S308,64,D_F8_e003Assembly_S356,101060,101
69,D_F8_e003Assembly_S356,101,D_F8_e003Assembly_S356,101060,101
70,D_F12_e003Assembly_S360,72,D_F8_e003Assembly_S356,101060,101
71,C_H2_e003Assembly_S278,65,D_F8_e003Assembly_S356,101060,101
72,C_H10_H3_ACPP_AF_mBHI_mGAM_4_S286,52,D_F8_e003Assembly_S356,101060,101
0,A_D8_D11_AF_AF_mGAM_mBHI_2_S44,71,D_F12_e003Assembly_S360,101060,119
1,A_E8_A11_AF_AA_mGAM_mGAM_2_S56,76,D_F12_e003Assembly_S360,101060,119
2,A_H5_D8_AA_AF_mGAM_mGAM_2_S89,74,D_F12_e003Assembly_S360,101060,119
3,A_H8_D11_AF_AF_mGAM_mGAM_2_S92,77,D_F12_e003Assembly_S360,101060,119
4,B_D8_H11_AF_AF_mGAM_mBHI_2_S140,57,D_F12_e003Assembly_S360,101060,119
5,B_E8_E11_AF_AA_mGAM_mGAM_2_S152,74,D_F12_e003Assembly_S360,101060,119
6,B_E12_A11_AF_AA_mGAM_mGAM_4_S156,76,D_F12_e003Assembly_S360,101060,119
7,B_H5_H8_AA_AF_mGAM_mGAM_2_S185,82,D_F12_e003Assembly_S360,101060,119
8,B_H8_H11_AF_AF_mGAM_mGAM_2_S188,62,D_F12_e003Assembly_S360,101060,119
9,B_H9_D8_AA_AF_mGAM_mGAM_4_S189,77,D_F12_e003Assembly_S360,101060,119
10,C_D8_D11_AF_AF_mGAM_mBHI_6_S236,58,D_F12_e003Assembly_S360,101060,119
11,C_E8_A11_AF_AA_mGAM_mGAM_6_S248,82,D_F12_e003Assembly_S360,101060,119
12,C_H5_D8_AA_AF_mGAM_mGAM_6_S281,56,D_F12_e003Assembly_S360,101060,119
13,C_H8_D11_AF_AF_mGAM_mGAM_6_S284,64,D_F12_e003Assembly_S360,101060,119
14,D_D8_D11_AF_AF_mGAM_mBHI_6_S332,71,D_F12_e003Assembly_S360,101060,119
15,D_E8_A11_AF_AA_mGAM_mGAM_6_S344,77,D_F12_e003Assembly_S360,101060,119
16,D_E12_E11_AF_AA_mGAM_mGAM_4_S348,80,D_F12_e003Assembly_S360,101060,119
17,D_H5_D8_AA_AF_mGAM_mGAM_6_S377,84,D_F12_e003Assembly_S360,101060,119
18,D_H8_D11_AF_AF_mGAM_mGAM_6_S380,47,D_F12_e003Assembly_S360,101060,119
19,D_H9_H8_AA_AF_mGAM_mGAM_4_S381,47,D_F12_e003Assembly_S360,101060,119
20,D11-e003Coalescence-mBHI-p5,69,D_F12_e003Assembly_S360,101060,119
21,D11-e003Coalescence-mGAM-p5,75,D_F12_e003Assembly_S360,101060,119
22,A11-e003Coalescence-mGAM-p7,61,D_F12_e003Assembly_S360,101060,119
23,D8-e003Coalescence-mGAM-p5,70,D_F12_e003Assembly_S360,101060,119
24,D11-e003Coalescence-mGAM-p7,80,D_F12_e003Assembly_S360,101060,119
25,A11-e003Coalescence-mGAM-p3,69,D_F12_e003Assembly_S360,101060,119
26,H111-e003Coalescence-mGAM-p7_S188,61,D_F12_e003Assembly_S360,101060,119
27,H111-e003Coalescence-mBHI-p3_S144,76,D_F12_e003Assembly_S360,101060,119
28,H111-e003Coalescence-mGAM-p5_S92,71,D_F12_e003Assembly_S360,101060,119
29,H8-e003Coalescence-mGAM-p5_S89,61,D_F12_e003Assembly_S360,101060,119
30,H111-e003Coalescence-mBHI-p5_S44,72,D_F12_e003Assembly_S360,101060,119
31,E111-e003Coalescence-mGAM-p5_S56,64,D_F12_e003Assembly_S360,101060,119
32,H111-e003Coalescence-mGAM-p3_S192,78,D_F12_e003Assembly_S360,101060,119
33,H8-e003Coalescence-mGAM-p7_S185,68,D_F12_e003Assembly_S360,101060,119
34,B5-e003Coalescence-Inoculumn-mGAM,74,D_F12_e003Assembly_S360,101060,119
35,D5-e003Coalescence-Inoculumn-mGAM,74,D_F12_e003Assembly_S360,101060,119
36,A5-e003Coalescence-Inoculumn-mGAM,71,D_F12_e003Assembly_S360,101060,119
37,D2-e003Coalescence-Inoculumn-mGAM,67,D_F12_e003Assembly_S360,101060,119
38,D3-e003Coalescence-Inoculumn-mGAM,78,D_F12_e003Assembly_S360,101060,119
39,C5-e003Coalescence-Inoculumn-mGAM,80,D_F12_e003Assembly_S360,101060,119
40,E11-e003Coalescence-mGAM-p1_S840,72,D_F12_e003Assembly_S360,101060,119
41,H8-e003Coalescence-mBHI-p1_S815,62,D_F12_e003Assembly_S360,101060,119
42,D8-e003Coalescence-mGAM-p1_S755,76,D_F12_e003Assembly_S360,101060,119
43,H11-e003Coalescence-mGAM-p1_S843,64,D_F12_e003Assembly_S360,101060,119
44,A11-e003Coalescence-mGAM-p1_S776,33,D_F12_e003Assembly_S360,101060,119
45,H11-e003Coalescence-mBHI-p1_S839,80,D_F12_e003Assembly_S360,101060,119
46,E11-e003Coalescence-mBHI-p1_S836,71,D_F12_e003Assembly_S360,101060,119
47,H8-e003Coalescence-mGAM-p1_S819,76,D_F12_e003Assembly_S360,101060,119
48,D11-e003Coalescence-mGAM-p1_S779,77,D_F12_e003Assembly_S360,101060,119
49,D11-e003Coalescence-mBHI-p1_S775,63,D_F12_e003Assembly_S360,101060,119
50,A11-e003Coalescence-mBHI-p1_S772,32,D_F12_e003Assembly_S360,101060,119
51,Coalescence-A12-D11-AF-AF-mGAM-mBHI-7_S631,76,D_F12_e003Assembly_S360,101060,119
52,Coalescence-C3-A11-AA-AF-mGAM-mGAM-5_S646,79,D_F12_e003Assembly_S360,101060,119
53,Coalescence-F1-D8-AA-AF-mGAM-mGAM-3_S680,71,D_F12_e003Assembly_S360,101060,119
54,Coalescence-E8-D11-AF-AF-mGAM-mBHI-3_S675,78,D_F12_e003Assembly_S360,101060,119
55,Coalescence-B5-D8-AA-AF-mGAM-mGAM-7_S636,75,D_F12_e003Assembly_S360,101060,119
56,Coalescence-F10-H8-AA-AF-mGAM-mGAM-3_S689,76,D_F12_e003Assembly_S360,101060,119
57,Coalescence-B6-E11-AA-AF-mGAM-mGAM-7_S637,75,D_F12_e003Assembly_S360,101060,119
58,Coalescence-F3-E11-AA-AF-mGAM-mGAM-3_S682,82,D_F12_e003Assembly_S360,101060,119
59,B11-e003Assembly-mGAM-p3,39,D_F12_e003Assembly_S360,101060,119
60,B11-e003Assembly-mGAM-p5,63,D_F12_e003Assembly_S360,101060,119
61,B11-e003GlycerolRevival-mGAM-p2,56,D_F12_e003Assembly_S360,101060,119
62,C11-e003Assembly-mGAM-p3,38,D_F12_e003Assembly_S360,101060,119
63,C11-e003GlycerolRevival-mGAM-p2,43,D_F12_e003Assembly_S360,101060,119
64,e003-inoculumn-fecal-AF,33,D_F12_e003Assembly_S360,101060,119
65,C_F4_e003Assembly_6_S256,45,D_F12_e003Assembly_S360,101060,119
66,C_F8_e003Assembly_6_S260,77,D_F12_e003Assembly_S360,101060,119
67,C_F12_e003Assembly_4_S264,72,D_F12_e003Assembly_S360,101060,119
68,D_B8_e003Assembly_S308,73,D_F12_e003Assembly_S360,101060,119
69,D_F8_e003Assembly_S356,72,D_F12_e003Assembly_S360,101060,119
70,D_F12_e003Assembly_S360,119,D_F12_e003Assembly_S360,101060,119
71,C_H2_e003Assembly_S278,81,D_F12_e003Assembly_S360,101060,119
72,C_H10_H3_ACPP_AF_mBHI_mGAM_4_S286,66,D_F12_e003Assembly_S360,101060,119
0,A_D8_D11_AF_AF_mGAM_mBHI_2_S44,74,C_H2_e003Assembly_S278,101060,110
1,A_E8_A11_AF_AA_mGAM_mGAM_2_S56,74,C_H2_e003Assembly_S278,101060,110
2,A_H5_D8_AA_AF_mGAM_mGAM_2_S89,75,C_H2_e003Assembly_S278,101060,110
3,A_H8_D11_AF_AF_mGAM_mGAM_2_S92,78,C_H2_e003Assembly_S278,101060,110
4,B_D8_H11_AF_AF_mGAM_mBHI_2_S140,51,C_H2_e003Assembly_S278,101060,110
5,B_E8_E11_AF_AA_mGAM_mGAM_2_S152,67,C_H2_e003Assembly_S278,101060,110
6,B_E12_A11_AF_AA_mGAM_mGAM_4_S156,76,C_H2_e003Assembly_S278,101060,110
7,B_H5_H8_AA_AF_mGAM_mGAM_2_S185,75,C_H2_e003Assembly_S278,101060,110
8,B_H8_H11_AF_AF_mGAM_mGAM_2_S188,66,C_H2_e003Assembly_S278,101060,110
9,B_H9_D8_AA_AF_mGAM_mGAM_4_S189,77,C_H2_e003Assembly_S278,101060,110
10,C_D8_D11_AF_AF_mGAM_mBHI_6_S236,54,C_H2_e003Assembly_S278,101060,110
11,C_E8_A11_AF_AA_mGAM_mGAM_6_S248,83,C_H2_e003Assembly_S278,101060,110
12,C_H5_D8_AA_AF_mGAM_mGAM_6_S281,59,C_H2_e003Assembly_S278,101060,110
13,C_H8_D11_AF_AF_mGAM_mGAM_6_S284,71,C_H2_e003Assembly_S278,101060,110
14,D_D8_D11_AF_AF_mGAM_mBHI_6_S332,69,C_H2_e003Assembly_S278,101060,110
15,D_E8_A11_AF_AA_mGAM_mGAM_6_S344,77,C_H2_e003Assembly_S278,101060,110
16,D_E12_E11_AF_AA_mGAM_mGAM_4_S348,75,C_H2_e003Assembly_S278,101060,110
17,D_H5_D8_AA_AF_mGAM_mGAM_6_S377,77,C_H2_e003Assembly_S278,101060,110
18,D_H8_D11_AF_AF_mGAM_mGAM_6_S380,44,C_H2_e003Assembly_S278,101060,110
19,D_H9_H8_AA_AF_mGAM_mGAM_4_S381,46,C_H2_e003Assembly_S278,101060,110
20,D11-e003Coalescence-mBHI-p5,62,C_H2_e003Assembly_S278,101060,110
21,D11-e003Coalescence-mGAM-p5,70,C_H2_e003Assembly_S278,101060,110
22,A11-e003Coalescence-mGAM-p7,52,C_H2_e003Assembly_S278,101060,110
23,D8-e003Coalescence-mGAM-p5,68,C_H2_e003Assembly_S278,101060,110
24,D11-e003Coalescence-mGAM-p7,74,C_H2_e003Assembly_S278,101060,110
25,A11-e003Coalescence-mGAM-p3,66,C_H2_e003Assembly_S278,101060,110
26,H111-e003Coalescence-mGAM-p7_S188,67,C_H2_e003Assembly_S278,101060,110
27,H111-e003Coalescence-mBHI-p3_S144,73,C_H2_e003Assembly_S278,101060,110
28,H111-e003Coalescence-mGAM-p5_S92,70,C_H2_e003Assembly_S278,101060,110
29,H8-e003Coalescence-mGAM-p5_S89,55,C_H2_e003Assembly_S278,101060,110
30,H111-e003Coalescence-mBHI-p5_S44,72,C_H2_e003Assembly_S278,101060,110
31,E111-e003Coalescence-mGAM-p5_S56,66,C_H2_e003Assembly_S278,101060,110
32,H111-e003Coalescence-mGAM-p3_S192,78,C_H2_e003Assembly_S278,101060,110
33,H8-e003Coalescence-mGAM-p7_S185,70,C_H2_e003Assembly_S278,101060,110
34,B5-e003Coalescence-Inoculumn-mGAM,59,C_H2_e003Assembly_S278,101060,110
35,D5-e003Coalescence-Inoculumn-mGAM,70,C_H2_e003Assembly_S278,101060,110
36,A5-e003Coalescence-Inoculumn-mGAM,66,C_H2_e003Assembly_S278,101060,110
37,D2-e003Coalescence-Inoculumn-mGAM,66,C_H2_e003Assembly_S278,101060,110
38,D3-e003Coalescence-Inoculumn-mGAM,72,C_H2_e003Assembly_S278,101060,110
39,C5-e003Coalescence-Inoculumn-mGAM,80,C_H2_e003Assembly_S278,101060,110
40,E11-e003Coalescence-mGAM-p1_S840,76,C_H2_e003Assembly_S278,101060,110
41,H8-e003Coalescence-mBHI-p1_S815,69,C_H2_e003Assembly_S278,101060,110
42,D8-e003Coalescence-mGAM-p1_S755,72,C_H2_e003Assembly_S278,101060,110
43,H11-e003Coalescence-mGAM-p1_S843,63,C_H2_e003Assembly_S278,101060,110
44,A11-e003Coalescence-mGAM-p1_S776,39,C_H2_e003Assembly_S278,101060,110
45,H11-e003Coalescence-mBHI-p1_S839,75,C_H2_e003Assembly_S278,101060,110
46,E11-e003Coalescence-mBHI-p1_S836,72,C_H2_e003Assembly_S278,101060,110
47,H8-e003Coalescence-mGAM-p1_S819,68,C_H2_e003Assembly_S278,101060,110
48,D11-e003Coalescence-mGAM-p1_S779,72,C_H2_e003Assembly_S278,101060,110
49,D11-e003Coalescence-mBHI-p1_S775,59,C_H2_e003Assembly_S278,101060,110
50,A11-e003Coalescence-mBHI-p1_S772,34,C_H2_e003Assembly_S278,101060,110
51,Coalescence-A12-D11-AF-AF-mGAM-mBHI-7_S631,68,C_H2_e003Assembly_S278,101060,110
52,Coalescence-C3-A11-AA-AF-mGAM-mGAM-5_S646,76,C_H2_e003Assembly_S278,101060,110
53,Coalescence-F1-D8-AA-AF-mGAM-mGAM-3_S680,71,C_H2_e003Assembly_S278,101060,110
54,Coalescence-E8-D11-AF-AF-mGAM-mBHI-3_S675,76,C_H2_e003Assembly_S278,101060,110
55,Coalescence-B5-D8-AA-AF-mGAM-mGAM-7_S636,72,C_H2_e003Assembly_S278,101060,110
56,Coalescence-F10-H8-AA-AF-mGAM-mGAM-3_S689,75,C_H2_e003Assembly_S278,101060,110
57,Coalescence-B6-E11-AA-AF-mGAM-mGAM-7_S637,79,C_H2_e003Assembly_S278,101060,110
58,Coalescence-F3-E11-AA-AF-mGAM-mGAM-3_S682,77,C_H2_e003Assembly_S278,101060,110
59,B11-e003Assembly-mGAM-p3,31,C_H2_e003Assembly_S278,101060,110
60,B11-e003Assembly-mGAM-p5,58,C_H2_e003Assembly_S278,101060,110
61,B11-e003GlycerolRevival-mGAM-p2,48,C_H2_e003Assembly_S278,101060,110
62,C11-e003Assembly-mGAM-p3,42,C_H2_e003Assembly_S278,101060,110
63,C11-e003GlycerolRevival-mGAM-p2,36,C_H2_e003Assembly_S278,101060,110
64,e003-inoculumn-fecal-AF,29,C_H2_e003Assembly_S278,101060,110
65,C_F4_e003Assembly_6_S256,45,C_H2_e003Assembly_S278,101060,110
66,C_F8_e003Assembly_6_S260,74,C_H2_e003Assembly_S278,101060,110
67,C_F12_e003Assembly_4_S264,74,C_H2_e003Assembly_S278,101060,110
68,D_B8_e003Assembly_S308,66,C_H2_e003Assembly_S278,101060,110
69,D_F8_e003Assembly_S356,65,C_H2_e003Assembly_S278,101060,110
70,D_F12_e003Assembly_S360,81,C_H2_e003Assembly_S278,101060,110
71,C_H2_e003Assembly_S278,110,C_H2_e003Assembly_S278,101060,110
72,C_H10_H3_ACPP_AF_mBHI_mGAM_4_S286,61,C_H2_e003Assembly_S278,101060,110
0,A_D8_D11_AF_AF_mGAM_mBHI_2_S44,53,C_H10_H3_ACPP_AF_mBHI_mGAM_4_S286,101060,195
1,A_E8_A11_AF_AA_mGAM_mGAM_2_S56,62,C_H10_H3_ACPP_AF_mBHI_mGAM_4_S286,101060,195
2,A_H5_D8_AA_AF_mGAM_mGAM_2_S89,61,C_H10_H3_ACPP_AF_mBHI_mGAM_4_S286,101060,195
3,A_H8_D11_AF_AF_mGAM_mGAM_2_S92,66,C_H10_H3_ACPP_AF_mBHI_mGAM_4_S286,101060,195
4,B_D8_H11_AF_AF_mGAM_mBHI_2_S140,37,C_H10_H3_ACPP_AF_mBHI_mGAM_4_S286,101060,195
5,B_E8_E11_AF_AA_mGAM_mGAM_2_S152,56,C_H10_H3_ACPP_AF_mBHI_mGAM_4_S286,101060,195
6,B_E12_A11_AF_AA_mGAM_mGAM_4_S156,59,C_H10_H3_ACPP_AF_mBHI_mGAM_4_S286,101060,195
7,B_H5_H8_AA_AF_mGAM_mGAM_2_S185,58,C_H10_H3_ACPP_AF_mBHI_mGAM_4_S286,101060,195
8,B_H8_H11_AF_AF_mGAM_mGAM_2_S188,53,C_H10_H3_ACPP_AF_mBHI_mGAM_4_S286,101060,195
9,B_H9_D8_AA_AF_mGAM_mGAM_4_S189,53,C_H10_H3_ACPP_AF_mBHI_mGAM_4_S286,101060,195
10,C_D8_D11_AF_AF_mGAM_mBHI_6_S236,45,C_H10_H3_ACPP_AF_mBHI_mGAM_4_S286,101060,195
11,C_E8_A11_AF_AA_mGAM_mGAM_6_S248,64,C_H10_H3_ACPP_AF_mBHI_mGAM_4_S286,101060,195
12,C_H5_D8_AA_AF_mGAM_mGAM_6_S281,45,C_H10_H3_ACPP_AF_mBHI_mGAM_4_S286,101060,195
13,C_H8_D11_AF_AF_mGAM_mGAM_6_S284,49,C_H10_H3_ACPP_AF_mBHI_mGAM_4_S286,101060,195
14,D_D8_D11_AF_AF_mGAM_mBHI_6_S332,59,C_H10_H3_ACPP_AF_mBHI_mGAM_4_S286,101060,195
15,D_E8_A11_AF_AA_mGAM_mGAM_6_S344,54,C_H10_H3_ACPP_AF_mBHI_mGAM_4_S286,101060,195
16,D_E12_E11_AF_AA_mGAM_mGAM_4_S348,51,C_H10_H3_ACPP_AF_mBHI_mGAM_4_S286,101060,195
17,D_H5_D8_AA_AF_mGAM_mGAM_6_S377,62,C_H10_H3_ACPP_AF_mBHI_mGAM_4_S286,101060,195
18,D_H8_D11_AF_AF_mGAM_mGAM_6_S380,31,C_H10_H3_ACPP_AF_mBHI_mGAM_4_S286,101060,195
19,D_H9_H8_AA_AF_mGAM_mGAM_4_S381,43,C_H10_H3_ACPP_AF_mBHI_mGAM_4_S286,101060,195
20,D11-e003Coalescence-mBHI-p5,51,C_H10_H3_ACPP_AF_mBHI_mGAM_4_S286,101060,195
21,D11-e003Coalescence-mGAM-p5,55,C_H10_H3_ACPP_AF_mBHI_mGAM_4_S286,101060,195
22,A11-e003Coalescence-mGAM-p7,45,C_H10_H3_ACPP_AF_mBHI_mGAM_4_S286,101060,195
23,D8-e003Coalescence-mGAM-p5,49,C_H10_H3_ACPP_AF_mBHI_mGAM_4_S286,101060,195
24,D11-e003Coalescence-mGAM-p7,58,C_H10_H3_ACPP_AF_mBHI_mGAM_4_S286,101060,195
25,A11-e003Coalescence-mGAM-p3,53,C_H10_H3_ACPP_AF_mBHI_mGAM_4_S286,101060,195
26,H111-e003Coalescence-mGAM-p7_S188,48,C_H10_H3_ACPP_AF_mBHI_mGAM_4_S286,101060,195
27,H111-e003Coalescence-mBHI-p3_S144,56,C_H10_H3_ACPP_AF_mBHI_mGAM_4_S286,101060,195
28,H111-e003Coalescence-mGAM-p5_S92,47,C_H10_H3_ACPP_AF_mBHI_mGAM_4_S286,101060,195
29,H8-e003Coalescence-mGAM-p5_S89,48,C_H10_H3_ACPP_AF_mBHI_mGAM_4_S286,101060,195
30,H111-e003Coalescence-mBHI-p5_S44,55,C_H10_H3_ACPP_AF_mBHI_mGAM_4_S286,101060,195
31,E111-e003Coalescence-mGAM-p5_S56,54,C_H10_H3_ACPP_AF_mBHI_mGAM_4_S286,101060,195
32,H111-e003Coalescence-mGAM-p3_S192,59,C_H10_H3_ACPP_AF_mBHI_mGAM_4_S286,101060,195
33,H8-e003Coalescence-mGAM-p7_S185,54,C_H10_H3_ACPP_AF_mBHI_mGAM_4_S286,101060,195
34,B5-e003Coalescence-Inoculumn-mGAM,54,C_H10_H3_ACPP_AF_mBHI_mGAM_4_S286,101060,195
35,D5-e003Coalescence-Inoculumn-mGAM,58,C_H10_H3_ACPP_AF_mBHI_mGAM_4_S286,101060,195
36,A5-e003Coalescence-Inoculumn-mGAM,50,C_H10_H3_ACPP_AF_mBHI_mGAM_4_S286,101060,195
37,D2-e003Coalescence-Inoculumn-mGAM,51,C_H10_H3_ACPP_AF_mBHI_mGAM_4_S286,101060,195
38,D3-e003Coalescence-Inoculumn-mGAM,59,C_H10_H3_ACPP_AF_mBHI_mGAM_4_S286,101060,195
39,C5-e003Coalescence-Inoculumn-mGAM,60,C_H10_H3_ACPP_AF_mBHI_mGAM_4_S286,101060,195
40,E11-e003Coalescence-mGAM-p1_S840,62,C_H10_H3_ACPP_AF_mBHI_mGAM_4_S286,101060,195
41,H8-e003Coalescence-mBHI-p1_S815,50,C_H10_H3_ACPP_AF_mBHI_mGAM_4_S286,101060,195
42,D8-e003Coalescence-mGAM-p1_S755,55,C_H10_H3_ACPP_AF_mBHI_mGAM_4_S286,101060,195
43,H11-e003Coalescence-mGAM-p1_S843,51,C_H10_H3_ACPP_AF_mBHI_mGAM_4_S286,101060,195
44,A11-e003Coalescence-mGAM-p1_S776,37,C_H10_H3_ACPP_AF_mBHI_mGAM_4_S286,101060,195
45,H11-e003Coalescence-mBHI-p1_S839,61,C_H10_H3_ACPP_AF_mBHI_mGAM_4_S286,101060,195
46,E11-e003Coalescence-mBHI-p1_S836,61,C_H10_H3_ACPP_AF_mBHI_mGAM_4_S286,101060,195
47,H8-e003Coalescence-mGAM-p1_S819,55,C_H10_H3_ACPP_AF_mBHI_mGAM_4_S286,101060,195
48,D11-e003Coalescence-mGAM-p1_S779,52,C_H10_H3_ACPP_AF_mBHI_mGAM_4_S286,101060,195
49,D11-e003Coalescence-mBHI-p1_S775,42,C_H10_H3_ACPP_AF_mBHI_mGAM_4_S286,101060,195
50,A11-e003Coalescence-mBHI-p1_S772,25,C_H10_H3_ACPP_AF_mBHI_mGAM_4_S286,101060,195
51,Coalescence-A12-D11-AF-AF-mGAM-mBHI-7_S631,59,C_H10_H3_ACPP_AF_mBHI_mGAM_4_S286,101060,195
52,Coalescence-C3-A11-AA-AF-mGAM-mGAM-5_S646,59,C_H10_H3_ACPP_AF_mBHI_mGAM_4_S286,101060,195
53,Coalescence-F1-D8-AA-AF-mGAM-mGAM-3_S680,54,C_H10_H3_ACPP_AF_mBHI_mGAM_4_S286,101060,195
54,Coalescence-E8-D11-AF-AF-mGAM-mBHI-3_S675,54,C_H10_H3_ACPP_AF_mBHI_mGAM_4_S286,101060,195
55,Coalescence-B5-D8-AA-AF-mGAM-mGAM-7_S636,60,C_H10_H3_ACPP_AF_mBHI_mGAM_4_S286,101060,195
56,Coalescence-F10-H8-AA-AF-mGAM-mGAM-3_S689,62,C_H10_H3_ACPP_AF_mBHI_mGAM_4_S286,101060,195
57,Coalescence-B6-E11-AA-AF-mGAM-mGAM-7_S637,60,C_H10_H3_ACPP_AF_mBHI_mGAM_4_S286,101060,195
58,Coalescence-F3-E11-AA-AF-mGAM-mGAM-3_S682,64,C_H10_H3_ACPP_AF_mBHI_mGAM_4_S286,101060,195
59,B11-e003Assembly-mGAM-p3,22,C_H10_H3_ACPP_AF_mBHI_mGAM_4_S286,101060,195
60,B11-e003Assembly-mGAM-p5,49,C_H10_H3_ACPP_AF_mBHI_mGAM_4_S286,101060,195
61,B11-e003GlycerolRevival-mGAM-p2,44,C_H10_H3_ACPP_AF_mBHI_mGAM_4_S286,101060,195
62,C11-e003Assembly-mGAM-p3,33,C_H10_H3_ACPP_AF_mBHI_mGAM_4_S286,101060,195
63,C11-e003GlycerolRevival-mGAM-p2,34,C_H10_H3_ACPP_AF_mBHI_mGAM_4_S286,101060,195
64,e003-inoculumn-fecal-AF,26,C_H10_H3_ACPP_AF_mBHI_mGAM_4_S286,101060,195
65,C_F4_e003Assembly_6_S256,32,C_H10_H3_ACPP_AF_mBHI_mGAM_4_S286,101060,195
66,C_F8_e003Assembly_6_S260,54,C_H10_H3_ACPP_AF_mBHI_mGAM_4_S286,101060,195
67,C_F12_e003Assembly_4_S264,54,C_H10_H3_ACPP_AF_mBHI_mGAM_4_S286,101060,195
68,D_B8_e003Assembly_S308,54,C_H10_H3_ACPP_AF_mBHI_mGAM_4_S286,101060,195
69,D_F8_e003Assembly_S356,52,C_H10_H3_ACPP_AF_mBHI_mGAM_4_S286,101060,195
70,D_F12_e003Assembly_S360,66,C_H10_H3_ACPP_AF_mBHI_mGAM_4_S286,101060,195
71,C_H2_e003Assembly_S278,61,C_H10_H3_ACPP_AF_mBHI_mGAM_4_S286,101060,195
72,C_H10_H3_ACPP_AF_mBHI_mGAM_4_S286,195,C_H10_H3_ACPP_AF_mBHI_mGAM_4_S286,101060,195
