,index,fixed_diffs,num_int_sites,sample1,species_id
0,C9-e003Coalescence-mGAM-p3,0,712205,C9-e003Coalescence-mGAM-p3,101638
1,C11-e003Coalescence-mBHI-p3,0,455308,C9-e003Coalescence-mGAM-p3,101638
2,C9-e003Coalescence-mGAM-p7,0,500113,C9-e003Coalescence-mGAM-p3,101638
3,C8-e003Coalescence-mGAM-p7,19,1423925,C9-e003Coalescence-mGAM-p3,101638
4,D10-e003Coalescence-mBHI-p3,6,592022,C9-e003Coalescence-mGAM-p3,101638
5,B2-e003Coalescence-mBHI-p3,8,640269,C9-e003Coalescence-mGAM-p3,101638
6,A4-e003Coalescence-mBHI-p7,21,1046978,C9-e003Coalescence-mGAM-p3,101638
7,B3-e003Coalescence-mBHI-p3,12,851498,C9-e003Coalescence-mGAM-p3,101638
8,C2-e003Coalescence-mBHI-p5,17,1531728,C9-e003Coalescence-mGAM-p3,101638
9,C4-e003GlycerolRevival-mBHI-p2,0,655282,C9-e003Coalescence-mGAM-p3,101638
10,B2-e003Coalescence-mBHI-p5,23,1376755,C9-e003Coalescence-mGAM-p3,101638
11,C4-e003Coalescence-mGAM-p7,0,1491174,C9-e003Coalescence-mGAM-p3,101638
12,B10-e003Assembly-mGAM-p5,0,708824,C9-e003Coalescence-mGAM-p3,101638
13,C2-e003Coalescence-mGAM-p7,16,1544636,C9-e003Coalescence-mGAM-p3,101638
14,C9-e003Coalescence-mBHI-p5,0,843947,C9-e003Coalescence-mGAM-p3,101638
15,C2-e003Coalescence-mBHI-p3,27,1550808,C9-e003Coalescence-mGAM-p3,101638
16,C9-e003Coalescence-mBHI-p3,5,1477971,C9-e003Coalescence-mGAM-p3,101638
17,D10-e003Coalescence-mGAM-p5,4,895834,C9-e003Coalescence-mGAM-p3,101638
18,C2-e003Coalescence-mGAM-p3,19,1349817,C9-e003Coalescence-mGAM-p3,101638
19,B10-e003Coalescence-mBHI-p5,0,751178,C9-e003Coalescence-mGAM-p3,101638
20,C4-e003Coalescence-mGAM-p5,0,1406224,C9-e003Coalescence-mGAM-p3,101638
21,D5-e003Coalescence-mBHI-p5,19,1486364,C9-e003Coalescence-mGAM-p3,101638
22,D3-e003Assembly-mBHI-p3,6,768389,C9-e003Coalescence-mGAM-p3,101638
23,C4-e003Coalescence-mGAM-p3,1,1546978,C9-e003Coalescence-mGAM-p3,101638
24,D3-e003Assembly-mBHI-p5,8,1546651,C9-e003Coalescence-mGAM-p3,101638
25,A10-e003Coalescence-mGAM-p3,25,1530862,C9-e003Coalescence-mGAM-p3,101638
26,B2-e003Coalescence-mGAM-p3,22,442858,C9-e003Coalescence-mGAM-p3,101638
27,D3-e003Coalescence-mGAM-p5,1,515212,C9-e003Coalescence-mGAM-p3,101638
28,C10-e003Coalescence-mGAM-p3,4,1520946,C9-e003Coalescence-mGAM-p3,101638
29,C3-e003Coalescence-Inoculumn-mGAM,0,473234,C9-e003Coalescence-mGAM-p3,101638
30,D4-e003Coalescence-Inoculumn-mBHI,2,618720,C9-e003Coalescence-mGAM-p3,101638
31,A4-e003Coalescence-mBHI-p5,21,958917,C9-e003Coalescence-mGAM-p3,101638
32,D10-e003Coalescence-mGAM-p7,1,938266,C9-e003Coalescence-mGAM-p3,101638
33,C11-e003Coalescence-mGAM-p3,3,727674,C9-e003Coalescence-mGAM-p3,101638
34,C10-e003Coalescence-mBHI-p7,11,636171,C9-e003Coalescence-mGAM-p3,101638
35,B10-e003Coalescence-mBHI-p3,0,1064478,C9-e003Coalescence-mGAM-p3,101638
36,C11-e003Coalescence-mBHI-p5,1,1515011,C9-e003Coalescence-mGAM-p3,101638
37,C2-e003Coalescence-Inoculumn-mGAM,1,514343,C9-e003Coalescence-mGAM-p3,101638
38,B4-e003Coalescence-Inoculumn-mGAM,3,1527645,C9-e003Coalescence-mGAM-p3,101638
39,A10-e003Coalescence-mGAM-p7,4,1119734,C9-e003Coalescence-mGAM-p3,101638
40,C4-e003Coalescence-Inoculumn-mGAM,0,1354072,C9-e003Coalescence-mGAM-p3,101638
41,B10-e003Assembly-mGAM-p3,4,526228,C9-e003Coalescence-mGAM-p3,101638
42,D10-e003Coalescence-mBHI-p7,0,560357,C9-e003Coalescence-mGAM-p3,101638
43,B10-e003GlycerolRevival-mGAM-p2,1,912883,C9-e003Coalescence-mGAM-p3,101638
44,C10-e003Coalescence-mGAM-p5,3,1544682,C9-e003Coalescence-mGAM-p3,101638
45,A3-e003Coalescence-mBHI-p3,6,444927,C9-e003Coalescence-mGAM-p3,101638
46,A4-e003Coalescence-mBHI-p3,24,1204293,C9-e003Coalescence-mGAM-p3,101638
47,C9-e003Coalescence-mGAM-p5,1,810866,C9-e003Coalescence-mGAM-p3,101638
48,C2-e003Coalescence-mGAM-p5,21,1502257,C9-e003Coalescence-mGAM-p3,101638
49,C8-e003Coalescence-mBHI-p5,9,1338159,C9-e003Coalescence-mGAM-p3,101638
50,B4-e003Coalescence-Inoculumn-mBHI,5,563867,C9-e003Coalescence-mGAM-p3,101638
51,C5-e003Coalescence-Inoculumn-mGAM,1,1530071,C9-e003Coalescence-mGAM-p3,101638
52,C4-e003Coalescence-mBHI-p5,6,881699,C9-e003Coalescence-mGAM-p3,101638
53,A4-e003Coalescence-Inoculumn-mGAM,15,1506279,C9-e003Coalescence-mGAM-p3,101638
54,C2-e003Coalescence-mBHI-p7,0,569461,C9-e003Coalescence-mGAM-p3,101638
55,C10-e003Coalescence-mGAM-p7,1,1547140,C9-e003Coalescence-mGAM-p3,101638
56,C10-e003Coalescence-mBHI-p3,1,1524472,C9-e003Coalescence-mGAM-p3,101638
57,H4-e003Coalescence-mGAM-p7_S183,1,991821,C9-e003Coalescence-mGAM-p3,101638
58,F5-e003Coalescence-mGAM-p5_S64,0,468781,C9-e003Coalescence-mGAM-p3,101638
59,F100-e003Coalescence-mGAM-p7_S163,0,1155108,C9-e003Coalescence-mGAM-p3,101638
60,E3-e003Coalescence-mGAM-p3_S58,13,516408,C9-e003Coalescence-mGAM-p3,101638
61,G4-e003Coalescence-mBHI-p5_S27,2,878137,C9-e003Coalescence-mGAM-p3,101638
62,G2-e003Coalescence-mBHI-p3_S33,12,1521290,C9-e003Coalescence-mGAM-p3,101638
63,G100-e003Coalescence-mGAM-p3_S179,0,1153539,C9-e003Coalescence-mGAM-p3,101638
64,G111-e003Coalescence-mBHI-p5_S32,5,1154220,C9-e003Coalescence-mGAM-p3,101638
65,E3-e003Coalescence-mBHI-p3_S10,16,711439,C9-e003Coalescence-mGAM-p3,101638
66,F2-e003Coalescence-mGAM-p7_S157,2,556375,C9-e003Coalescence-mGAM-p3,101638
67,E100-e003Coalescence-mGAM-p3_S155,19,1461251,C9-e003Coalescence-mGAM-p3,101638
68,E3-e003Coalescence-mGAM-p5_S50,17,1371172,C9-e003Coalescence-mGAM-p3,101638
69,H100-e003Coalescence-mBHI-p5_S43,1,925751,C9-e003Coalescence-mGAM-p3,101638
70,F2-e003Coalescence-mGAM-p5_S61,1,1281223,C9-e003Coalescence-mGAM-p3,101638
71,G100-e003Coalescence-mBHI-p5_S31,1,829979,C9-e003Coalescence-mGAM-p3,101638
72,G4-e003Coalescence-mBHI-p3_S35,0,474244,C9-e003Coalescence-mGAM-p3,101638
73,E4-e003Coalescence-mBHI-p5_S3,22,1426946,C9-e003Coalescence-mGAM-p3,101638
74,E4-e003Coalescence-mGAM-p5_S51,16,579225,C9-e003Coalescence-mGAM-p3,101638
75,G9-e003Coalescence-mGAM-p7_S174,0,622414,C9-e003Coalescence-mGAM-p3,101638
76,E8-e003Coalescence-mGAM-p3_S153,6,1489557,C9-e003Coalescence-mGAM-p3,101638
77,G100-e003Coalescence-mGAM-p7_S175,2,673821,C9-e003Coalescence-mGAM-p3,101638
78,G3-e003Coalescence-mBHI-p7_S122,1,531581,C9-e003Coalescence-mGAM-p3,101638
79,G4-e003Coalescence-mGAM-p5_S75,3,1533148,C9-e003Coalescence-mGAM-p3,101638
80,G8-e003Coalescence-mBHI-p3_S129,5,840340,C9-e003Coalescence-mGAM-p3,101638
81,G2-e003Coalescence-mGAM-p5_S73,17,1525280,C9-e003Coalescence-mGAM-p3,101638
82,E100-e003Coalescence-mGAM-p5_S55,25,1291155,C9-e003Coalescence-mGAM-p3,101638
83,G4-e003Coalescence-mGAM-p3_S83,3,1536688,C9-e003Coalescence-mGAM-p3,101638
84,F4-e003Coalescence-mBHI-p7_S111,6,477586,C9-e003Coalescence-mGAM-p3,101638
85,G4-e003Coalescence-mGAM-p7_S171,0,1471075,C9-e003Coalescence-mGAM-p3,101638
86,F100-e003Coalescence-mBHI-p7_S115,2,1350695,C9-e003Coalescence-mGAM-p3,101638
87,E3-e003Coalescence-mGAM-p7_S146,6,1297929,C9-e003Coalescence-mGAM-p3,101638
88,E3-e003Coalescence-mBHI-p5_S2,12,758841,C9-e003Coalescence-mGAM-p3,101638
89,G2-e003Coalescence-mBHI-p7_S121,9,1251923,C9-e003Coalescence-mGAM-p3,101638
90,F2-e003Coalescence-mBHI-p5_S13,16,1483168,C9-e003Coalescence-mGAM-p3,101638
91,F2-e003Coalescence-mGAM-p3_S69,2,1044013,C9-e003Coalescence-mGAM-p3,101638
92,G100-e003Coalescence-mGAM-p5_S79,6,1518875,C9-e003Coalescence-mGAM-p3,101638
93,E4-e003Coalescence-mGAM-p7_S147,6,1030477,C9-e003Coalescence-mGAM-p3,101638
94,E4-e003Coalescence-mGAM-p3_S59,8,1512400,C9-e003Coalescence-mGAM-p3,101638
95,H100-e003Coalescence-mBHI-p7_S139,7,1461470,C9-e003Coalescence-mGAM-p3,101638
96,G8-e003Coalescence-mBHI-p5_S29,5,757680,C9-e003Coalescence-mGAM-p3,101638
97,G2-e003Coalescence-mBHI-p5_S25,3,1534425,C9-e003Coalescence-mGAM-p3,101638
98,G8-e003Coalescence-mGAM-p7_S173,24,1390044,C9-e003Coalescence-mGAM-p3,101638
99,E4-e003Coalescence-mBHI-p3_S11,19,1489708,C9-e003Coalescence-mGAM-p3,101638
100,G9-e003Coalescence-mBHI-p5_S30,1,972978,C9-e003Coalescence-mGAM-p3,101638
101,E100-e003Coalescence-mGAM-p7_S151,22,1431882,C9-e003Coalescence-mGAM-p3,101638
102,G9-e003Coalescence-mGAM-p3_S178,4,1118807,C9-e003Coalescence-mGAM-p3,101638
103,G2-e003Coalescence-mGAM-p3_S81,17,1516772,C9-e003Coalescence-mGAM-p3,101638
104,G100-e003Coalescence-mBHI-p7_S127,1,560797,C9-e003Coalescence-mGAM-p3,101638
0,C9-e003Coalescence-mGAM-p3,0,712205,C11-e003Coalescence-mBHI-p3,101638
1,C11-e003Coalescence-mBHI-p3,0,455308,C11-e003Coalescence-mBHI-p3,101638
2,C9-e003Coalescence-mGAM-p7,4,500113,C11-e003Coalescence-mBHI-p3,101638
3,C8-e003Coalescence-mGAM-p7,4,1423925,C11-e003Coalescence-mBHI-p3,101638
4,D10-e003Coalescence-mBHI-p3,2,592022,C11-e003Coalescence-mBHI-p3,101638
5,B2-e003Coalescence-mBHI-p3,4,640269,C11-e003Coalescence-mBHI-p3,101638
6,A4-e003Coalescence-mBHI-p7,3,1046978,C11-e003Coalescence-mBHI-p3,101638
7,B3-e003Coalescence-mBHI-p3,9,851498,C11-e003Coalescence-mBHI-p3,101638
8,C2-e003Coalescence-mBHI-p5,3,1531728,C11-e003Coalescence-mBHI-p3,101638
9,C4-e003GlycerolRevival-mBHI-p2,3,655282,C11-e003Coalescence-mBHI-p3,101638
10,B2-e003Coalescence-mBHI-p5,3,1376755,C11-e003Coalescence-mBHI-p3,101638
11,C4-e003Coalescence-mGAM-p7,1,1491174,C11-e003Coalescence-mBHI-p3,101638
12,B10-e003Assembly-mGAM-p5,0,708824,C11-e003Coalescence-mBHI-p3,101638
13,C2-e003Coalescence-mGAM-p7,3,1544636,C11-e003Coalescence-mBHI-p3,101638
14,C9-e003Coalescence-mBHI-p5,1,843947,C11-e003Coalescence-mBHI-p3,101638
15,C2-e003Coalescence-mBHI-p3,3,1550808,C11-e003Coalescence-mBHI-p3,101638
16,C9-e003Coalescence-mBHI-p3,6,1477971,C11-e003Coalescence-mBHI-p3,101638
17,D10-e003Coalescence-mGAM-p5,5,895834,C11-e003Coalescence-mBHI-p3,101638
18,C2-e003Coalescence-mGAM-p3,3,1349817,C11-e003Coalescence-mBHI-p3,101638
19,B10-e003Coalescence-mBHI-p5,0,751178,C11-e003Coalescence-mBHI-p3,101638
20,C4-e003Coalescence-mGAM-p5,1,1406224,C11-e003Coalescence-mBHI-p3,101638
21,D5-e003Coalescence-mBHI-p5,4,1486364,C11-e003Coalescence-mBHI-p3,101638
22,D3-e003Assembly-mBHI-p3,6,768389,C11-e003Coalescence-mBHI-p3,101638
23,C4-e003Coalescence-mGAM-p3,0,1546978,C11-e003Coalescence-mBHI-p3,101638
24,D3-e003Assembly-mBHI-p5,4,1546651,C11-e003Coalescence-mBHI-p3,101638
25,A10-e003Coalescence-mGAM-p3,3,1530862,C11-e003Coalescence-mBHI-p3,101638
26,B2-e003Coalescence-mGAM-p3,3,442858,C11-e003Coalescence-mBHI-p3,101638
27,D3-e003Coalescence-mGAM-p5,0,515212,C11-e003Coalescence-mBHI-p3,101638
28,C10-e003Coalescence-mGAM-p3,0,1520946,C11-e003Coalescence-mBHI-p3,101638
29,C3-e003Coalescence-Inoculumn-mGAM,0,473234,C11-e003Coalescence-mBHI-p3,101638
30,D4-e003Coalescence-Inoculumn-mBHI,0,618720,C11-e003Coalescence-mBHI-p3,101638
31,A4-e003Coalescence-mBHI-p5,3,958917,C11-e003Coalescence-mBHI-p3,101638
32,D10-e003Coalescence-mGAM-p7,0,938266,C11-e003Coalescence-mBHI-p3,101638
33,C11-e003Coalescence-mGAM-p3,1,727674,C11-e003Coalescence-mBHI-p3,101638
34,C10-e003Coalescence-mBHI-p7,6,636171,C11-e003Coalescence-mBHI-p3,101638
35,B10-e003Coalescence-mBHI-p3,2,1064478,C11-e003Coalescence-mBHI-p3,101638
36,C11-e003Coalescence-mBHI-p5,3,1515011,C11-e003Coalescence-mBHI-p3,101638
37,C2-e003Coalescence-Inoculumn-mGAM,3,514343,C11-e003Coalescence-mBHI-p3,101638
38,B4-e003Coalescence-Inoculumn-mGAM,4,1527645,C11-e003Coalescence-mBHI-p3,101638
39,A10-e003Coalescence-mGAM-p7,1,1119734,C11-e003Coalescence-mBHI-p3,101638
40,C4-e003Coalescence-Inoculumn-mGAM,1,1354072,C11-e003Coalescence-mBHI-p3,101638
41,B10-e003Assembly-mGAM-p3,0,526228,C11-e003Coalescence-mBHI-p3,101638
42,D10-e003Coalescence-mBHI-p7,4,560357,C11-e003Coalescence-mBHI-p3,101638
43,B10-e003GlycerolRevival-mGAM-p2,0,912883,C11-e003Coalescence-mBHI-p3,101638
44,C10-e003Coalescence-mGAM-p5,0,1544682,C11-e003Coalescence-mBHI-p3,101638
45,A3-e003Coalescence-mBHI-p3,0,444927,C11-e003Coalescence-mBHI-p3,101638
46,A4-e003Coalescence-mBHI-p3,3,1204293,C11-e003Coalescence-mBHI-p3,101638
47,C9-e003Coalescence-mGAM-p5,4,810866,C11-e003Coalescence-mBHI-p3,101638
48,C2-e003Coalescence-mGAM-p5,3,1502257,C11-e003Coalescence-mBHI-p3,101638
49,C8-e003Coalescence-mBHI-p5,7,1338159,C11-e003Coalescence-mBHI-p3,101638
50,B4-e003Coalescence-Inoculumn-mBHI,4,563867,C11-e003Coalescence-mBHI-p3,101638
51,C5-e003Coalescence-Inoculumn-mGAM,1,1530071,C11-e003Coalescence-mBHI-p3,101638
52,C4-e003Coalescence-mBHI-p5,7,881699,C11-e003Coalescence-mBHI-p3,101638
53,A4-e003Coalescence-Inoculumn-mGAM,2,1506279,C11-e003Coalescence-mBHI-p3,101638
54,C2-e003Coalescence-mBHI-p7,0,569461,C11-e003Coalescence-mBHI-p3,101638
55,C10-e003Coalescence-mGAM-p7,1,1547140,C11-e003Coalescence-mBHI-p3,101638
56,C10-e003Coalescence-mBHI-p3,7,1524472,C11-e003Coalescence-mBHI-p3,101638
57,H4-e003Coalescence-mGAM-p7_S183,1,991821,C11-e003Coalescence-mBHI-p3,101638
58,F5-e003Coalescence-mGAM-p5_S64,0,468781,C11-e003Coalescence-mBHI-p3,101638
59,F100-e003Coalescence-mGAM-p7_S163,0,1155108,C11-e003Coalescence-mBHI-p3,101638
60,E3-e003Coalescence-mGAM-p3_S58,3,516408,C11-e003Coalescence-mBHI-p3,101638
61,G4-e003Coalescence-mBHI-p5_S27,2,878137,C11-e003Coalescence-mBHI-p3,101638
62,G2-e003Coalescence-mBHI-p3_S33,2,1521290,C11-e003Coalescence-mBHI-p3,101638
63,G100-e003Coalescence-mGAM-p3_S179,0,1153539,C11-e003Coalescence-mBHI-p3,101638
64,G111-e003Coalescence-mBHI-p5_S32,3,1154220,C11-e003Coalescence-mBHI-p3,101638
65,E3-e003Coalescence-mBHI-p3_S10,3,711439,C11-e003Coalescence-mBHI-p3,101638
66,F2-e003Coalescence-mGAM-p7_S157,0,556375,C11-e003Coalescence-mBHI-p3,101638
67,E100-e003Coalescence-mGAM-p3_S155,3,1461251,C11-e003Coalescence-mBHI-p3,101638
68,E3-e003Coalescence-mGAM-p5_S50,1,1371172,C11-e003Coalescence-mBHI-p3,101638
69,H100-e003Coalescence-mBHI-p5_S43,7,925751,C11-e003Coalescence-mBHI-p3,101638
70,F2-e003Coalescence-mGAM-p5_S61,0,1281223,C11-e003Coalescence-mBHI-p3,101638
71,G100-e003Coalescence-mBHI-p5_S31,2,829979,C11-e003Coalescence-mBHI-p3,101638
72,G4-e003Coalescence-mBHI-p3_S35,3,474244,C11-e003Coalescence-mBHI-p3,101638
73,E4-e003Coalescence-mBHI-p5_S3,4,1426946,C11-e003Coalescence-mBHI-p3,101638
74,E4-e003Coalescence-mGAM-p5_S51,2,579225,C11-e003Coalescence-mBHI-p3,101638
75,G9-e003Coalescence-mGAM-p7_S174,0,622414,C11-e003Coalescence-mBHI-p3,101638
76,E8-e003Coalescence-mGAM-p3_S153,7,1489557,C11-e003Coalescence-mBHI-p3,101638
77,G100-e003Coalescence-mGAM-p7_S175,0,673821,C11-e003Coalescence-mBHI-p3,101638
78,G3-e003Coalescence-mBHI-p7_S122,2,531581,C11-e003Coalescence-mBHI-p3,101638
79,G4-e003Coalescence-mGAM-p5_S75,1,1533148,C11-e003Coalescence-mBHI-p3,101638
80,G8-e003Coalescence-mBHI-p3_S129,7,840340,C11-e003Coalescence-mBHI-p3,101638
81,G2-e003Coalescence-mGAM-p5_S73,4,1525280,C11-e003Coalescence-mBHI-p3,101638
82,E100-e003Coalescence-mGAM-p5_S55,3,1291155,C11-e003Coalescence-mBHI-p3,101638
83,G4-e003Coalescence-mGAM-p3_S83,1,1536688,C11-e003Coalescence-mBHI-p3,101638
84,F4-e003Coalescence-mBHI-p7_S111,1,477586,C11-e003Coalescence-mBHI-p3,101638
85,G4-e003Coalescence-mGAM-p7_S171,1,1471075,C11-e003Coalescence-mBHI-p3,101638
86,F100-e003Coalescence-mBHI-p7_S115,3,1350695,C11-e003Coalescence-mBHI-p3,101638
87,E3-e003Coalescence-mGAM-p7_S146,2,1297929,C11-e003Coalescence-mBHI-p3,101638
88,E3-e003Coalescence-mBHI-p5_S2,2,758841,C11-e003Coalescence-mBHI-p3,101638
89,G2-e003Coalescence-mBHI-p7_S121,2,1251923,C11-e003Coalescence-mBHI-p3,101638
90,F2-e003Coalescence-mBHI-p5_S13,1,1483168,C11-e003Coalescence-mBHI-p3,101638
91,F2-e003Coalescence-mGAM-p3_S69,0,1044013,C11-e003Coalescence-mBHI-p3,101638
92,G100-e003Coalescence-mGAM-p5_S79,0,1518875,C11-e003Coalescence-mBHI-p3,101638
93,E4-e003Coalescence-mGAM-p7_S147,1,1030477,C11-e003Coalescence-mBHI-p3,101638
94,E4-e003Coalescence-mGAM-p3_S59,4,1512400,C11-e003Coalescence-mBHI-p3,101638
95,H100-e003Coalescence-mBHI-p7_S139,5,1461470,C11-e003Coalescence-mBHI-p3,101638
96,G8-e003Coalescence-mBHI-p5_S29,7,757680,C11-e003Coalescence-mBHI-p3,101638
97,G2-e003Coalescence-mBHI-p5_S25,2,1534425,C11-e003Coalescence-mBHI-p3,101638
98,G8-e003Coalescence-mGAM-p7_S173,4,1390044,C11-e003Coalescence-mBHI-p3,101638
99,E4-e003Coalescence-mBHI-p3_S11,3,1489708,C11-e003Coalescence-mBHI-p3,101638
100,G9-e003Coalescence-mBHI-p5_S30,1,972978,C11-e003Coalescence-mBHI-p3,101638
101,E100-e003Coalescence-mGAM-p7_S151,4,1431882,C11-e003Coalescence-mBHI-p3,101638
102,G9-e003Coalescence-mGAM-p3_S178,1,1118807,C11-e003Coalescence-mBHI-p3,101638
103,G2-e003Coalescence-mGAM-p3_S81,5,1516772,C11-e003Coalescence-mBHI-p3,101638
104,G100-e003Coalescence-mBHI-p7_S127,0,560797,C11-e003Coalescence-mBHI-p3,101638
0,C9-e003Coalescence-mGAM-p3,0,712205,C9-e003Coalescence-mGAM-p7,101638
1,C11-e003Coalescence-mBHI-p3,4,455308,C9-e003Coalescence-mGAM-p7,101638
2,C9-e003Coalescence-mGAM-p7,0,500113,C9-e003Coalescence-mGAM-p7,101638
3,C8-e003Coalescence-mGAM-p7,27,1423925,C9-e003Coalescence-mGAM-p7,101638
4,D10-e003Coalescence-mBHI-p3,5,592022,C9-e003Coalescence-mGAM-p7,101638
5,B2-e003Coalescence-mBHI-p3,15,640269,C9-e003Coalescence-mGAM-p7,101638
6,A4-e003Coalescence-mBHI-p7,28,1046978,C9-e003Coalescence-mGAM-p7,101638
7,B3-e003Coalescence-mBHI-p3,4,851498,C9-e003Coalescence-mGAM-p7,101638
8,C2-e003Coalescence-mBHI-p5,26,1531728,C9-e003Coalescence-mGAM-p7,101638
9,C4-e003GlycerolRevival-mBHI-p2,0,655282,C9-e003Coalescence-mGAM-p7,101638
10,B2-e003Coalescence-mBHI-p5,28,1376755,C9-e003Coalescence-mGAM-p7,101638
11,C4-e003Coalescence-mGAM-p7,2,1491174,C9-e003Coalescence-mGAM-p7,101638
12,B10-e003Assembly-mGAM-p5,0,708824,C9-e003Coalescence-mGAM-p7,101638
13,C2-e003Coalescence-mGAM-p7,11,1544636,C9-e003Coalescence-mGAM-p7,101638
14,C9-e003Coalescence-mBHI-p5,2,843947,C9-e003Coalescence-mGAM-p7,101638
15,C2-e003Coalescence-mBHI-p3,31,1550808,C9-e003Coalescence-mGAM-p7,101638
16,C9-e003Coalescence-mBHI-p3,6,1477971,C9-e003Coalescence-mGAM-p7,101638
17,D10-e003Coalescence-mGAM-p5,5,895834,C9-e003Coalescence-mGAM-p7,101638
18,C2-e003Coalescence-mGAM-p3,26,1349817,C9-e003Coalescence-mGAM-p7,101638
19,B10-e003Coalescence-mBHI-p5,3,751178,C9-e003Coalescence-mGAM-p7,101638
20,C4-e003Coalescence-mGAM-p5,2,1406224,C9-e003Coalescence-mGAM-p7,101638
21,D5-e003Coalescence-mBHI-p5,28,1486364,C9-e003Coalescence-mGAM-p7,101638
22,D3-e003Assembly-mBHI-p3,1,768389,C9-e003Coalescence-mGAM-p7,101638
23,C4-e003Coalescence-mGAM-p3,3,1546978,C9-e003Coalescence-mGAM-p7,101638
24,D3-e003Assembly-mBHI-p5,1,1546651,C9-e003Coalescence-mGAM-p7,101638
25,A10-e003Coalescence-mGAM-p3,30,1530862,C9-e003Coalescence-mGAM-p7,101638
26,B2-e003Coalescence-mGAM-p3,17,442858,C9-e003Coalescence-mGAM-p7,101638
27,D3-e003Coalescence-mGAM-p5,5,515212,C9-e003Coalescence-mGAM-p7,101638
28,C10-e003Coalescence-mGAM-p3,3,1520946,C9-e003Coalescence-mGAM-p7,101638
29,C3-e003Coalescence-Inoculumn-mGAM,0,473234,C9-e003Coalescence-mGAM-p7,101638
30,D4-e003Coalescence-Inoculumn-mBHI,4,618720,C9-e003Coalescence-mGAM-p7,101638
31,A4-e003Coalescence-mBHI-p5,26,958917,C9-e003Coalescence-mGAM-p7,101638
32,D10-e003Coalescence-mGAM-p7,3,938266,C9-e003Coalescence-mGAM-p7,101638
33,C11-e003Coalescence-mGAM-p3,5,727674,C9-e003Coalescence-mGAM-p7,101638
34,C10-e003Coalescence-mBHI-p7,0,636171,C9-e003Coalescence-mGAM-p7,101638
35,B10-e003Coalescence-mBHI-p3,1,1064478,C9-e003Coalescence-mGAM-p7,101638
36,C11-e003Coalescence-mBHI-p5,5,1515011,C9-e003Coalescence-mGAM-p7,101638
37,C2-e003Coalescence-Inoculumn-mGAM,1,514343,C9-e003Coalescence-mGAM-p7,101638
38,B4-e003Coalescence-Inoculumn-mGAM,2,1527645,C9-e003Coalescence-mGAM-p7,101638
39,A10-e003Coalescence-mGAM-p7,8,1119734,C9-e003Coalescence-mGAM-p7,101638
40,C4-e003Coalescence-Inoculumn-mGAM,2,1354072,C9-e003Coalescence-mGAM-p7,101638
41,B10-e003Assembly-mGAM-p3,0,526228,C9-e003Coalescence-mGAM-p7,101638
42,D10-e003Coalescence-mBHI-p7,7,560357,C9-e003Coalescence-mGAM-p7,101638
43,B10-e003GlycerolRevival-mGAM-p2,0,912883,C9-e003Coalescence-mGAM-p7,101638
44,C10-e003Coalescence-mGAM-p5,2,1544682,C9-e003Coalescence-mGAM-p7,101638
45,A3-e003Coalescence-mBHI-p3,16,444927,C9-e003Coalescence-mGAM-p7,101638
46,A4-e003Coalescence-mBHI-p3,23,1204293,C9-e003Coalescence-mGAM-p7,101638
47,C9-e003Coalescence-mGAM-p5,0,810866,C9-e003Coalescence-mGAM-p7,101638
48,C2-e003Coalescence-mGAM-p5,30,1502257,C9-e003Coalescence-mGAM-p7,101638
49,C8-e003Coalescence-mBHI-p5,1,1338159,C9-e003Coalescence-mGAM-p7,101638
50,B4-e003Coalescence-Inoculumn-mBHI,2,563867,C9-e003Coalescence-mGAM-p7,101638
51,C5-e003Coalescence-Inoculumn-mGAM,3,1530071,C9-e003Coalescence-mGAM-p7,101638
52,C4-e003Coalescence-mBHI-p5,3,881699,C9-e003Coalescence-mGAM-p7,101638
53,A4-e003Coalescence-Inoculumn-mGAM,22,1506279,C9-e003Coalescence-mGAM-p7,101638
54,C2-e003Coalescence-mBHI-p7,1,569461,C9-e003Coalescence-mGAM-p7,101638
55,C10-e003Coalescence-mGAM-p7,1,1547140,C9-e003Coalescence-mGAM-p7,101638
56,C10-e003Coalescence-mBHI-p3,2,1524472,C9-e003Coalescence-mGAM-p7,101638
57,H4-e003Coalescence-mGAM-p7_S183,2,991821,C9-e003Coalescence-mGAM-p7,101638
58,F5-e003Coalescence-mGAM-p5_S64,1,468781,C9-e003Coalescence-mGAM-p7,101638
59,F100-e003Coalescence-mGAM-p7_S163,2,1155108,C9-e003Coalescence-mGAM-p7,101638
60,E3-e003Coalescence-mGAM-p3_S58,20,516408,C9-e003Coalescence-mGAM-p7,101638
61,G4-e003Coalescence-mBHI-p5_S27,4,878137,C9-e003Coalescence-mGAM-p7,101638
62,G2-e003Coalescence-mBHI-p3_S33,18,1521290,C9-e003Coalescence-mGAM-p7,101638
63,G100-e003Coalescence-mGAM-p3_S179,0,1153539,C9-e003Coalescence-mGAM-p7,101638
64,G111-e003Coalescence-mBHI-p5_S32,9,1154220,C9-e003Coalescence-mGAM-p7,101638
65,E3-e003Coalescence-mBHI-p3_S10,14,711439,C9-e003Coalescence-mGAM-p7,101638
66,F2-e003Coalescence-mGAM-p7_S157,0,556375,C9-e003Coalescence-mGAM-p7,101638
67,E100-e003Coalescence-mGAM-p3_S155,25,1461251,C9-e003Coalescence-mGAM-p7,101638
68,E3-e003Coalescence-mGAM-p5_S50,10,1371172,C9-e003Coalescence-mGAM-p7,101638
69,H100-e003Coalescence-mBHI-p5_S43,3,925751,C9-e003Coalescence-mGAM-p7,101638
70,F2-e003Coalescence-mGAM-p5_S61,3,1281223,C9-e003Coalescence-mGAM-p7,101638
71,G100-e003Coalescence-mBHI-p5_S31,0,829979,C9-e003Coalescence-mGAM-p7,101638
72,G4-e003Coalescence-mBHI-p3_S35,1,474244,C9-e003Coalescence-mGAM-p7,101638
73,E4-e003Coalescence-mBHI-p5_S3,31,1426946,C9-e003Coalescence-mGAM-p7,101638
74,E4-e003Coalescence-mGAM-p5_S51,23,579225,C9-e003Coalescence-mGAM-p7,101638
75,G9-e003Coalescence-mGAM-p7_S174,1,622414,C9-e003Coalescence-mGAM-p7,101638
76,E8-e003Coalescence-mGAM-p3_S153,2,1489557,C9-e003Coalescence-mGAM-p7,101638
77,G100-e003Coalescence-mGAM-p7_S175,0,673821,C9-e003Coalescence-mGAM-p7,101638
78,G3-e003Coalescence-mBHI-p7_S122,1,531581,C9-e003Coalescence-mGAM-p7,101638
79,G4-e003Coalescence-mGAM-p5_S75,3,1533148,C9-e003Coalescence-mGAM-p7,101638
80,G8-e003Coalescence-mBHI-p3_S129,0,840340,C9-e003Coalescence-mGAM-p7,101638
81,G2-e003Coalescence-mGAM-p5_S73,23,1525280,C9-e003Coalescence-mGAM-p7,101638
82,E100-e003Coalescence-mGAM-p5_S55,24,1291155,C9-e003Coalescence-mGAM-p7,101638
83,G4-e003Coalescence-mGAM-p3_S83,3,1536688,C9-e003Coalescence-mGAM-p7,101638
84,F4-e003Coalescence-mBHI-p7_S111,5,477586,C9-e003Coalescence-mGAM-p7,101638
85,G4-e003Coalescence-mGAM-p7_S171,3,1471075,C9-e003Coalescence-mGAM-p7,101638
86,F100-e003Coalescence-mBHI-p7_S115,2,1350695,C9-e003Coalescence-mGAM-p7,101638
87,E3-e003Coalescence-mGAM-p7_S146,1,1297929,C9-e003Coalescence-mGAM-p7,101638
88,E3-e003Coalescence-mBHI-p5_S2,15,758841,C9-e003Coalescence-mGAM-p7,101638
89,G2-e003Coalescence-mBHI-p7_S121,12,1251923,C9-e003Coalescence-mGAM-p7,101638
90,F2-e003Coalescence-mBHI-p5_S13,10,1483168,C9-e003Coalescence-mGAM-p7,101638
91,F2-e003Coalescence-mGAM-p3_S69,0,1044013,C9-e003Coalescence-mGAM-p7,101638
92,G100-e003Coalescence-mGAM-p5_S79,2,1518875,C9-e003Coalescence-mGAM-p7,101638
93,E4-e003Coalescence-mGAM-p7_S147,1,1030477,C9-e003Coalescence-mGAM-p7,101638
94,E4-e003Coalescence-mGAM-p3_S59,15,1512400,C9-e003Coalescence-mGAM-p7,101638
95,H100-e003Coalescence-mBHI-p7_S139,9,1461470,C9-e003Coalescence-mGAM-p7,101638
96,G8-e003Coalescence-mBHI-p5_S29,2,757680,C9-e003Coalescence-mGAM-p7,101638
97,G2-e003Coalescence-mBHI-p5_S25,3,1534425,C9-e003Coalescence-mGAM-p7,101638
98,G8-e003Coalescence-mGAM-p7_S173,19,1390044,C9-e003Coalescence-mGAM-p7,101638
99,E4-e003Coalescence-mBHI-p3_S11,25,1489708,C9-e003Coalescence-mGAM-p7,101638
100,G9-e003Coalescence-mBHI-p5_S30,3,972978,C9-e003Coalescence-mGAM-p7,101638
101,E100-e003Coalescence-mGAM-p7_S151,30,1431882,C9-e003Coalescence-mGAM-p7,101638
102,G9-e003Coalescence-mGAM-p3_S178,5,1118807,C9-e003Coalescence-mGAM-p7,101638
103,G2-e003Coalescence-mGAM-p3_S81,26,1516772,C9-e003Coalescence-mGAM-p7,101638
104,G100-e003Coalescence-mBHI-p7_S127,0,560797,C9-e003Coalescence-mGAM-p7,101638
0,C9-e003Coalescence-mGAM-p3,19,712205,C8-e003Coalescence-mGAM-p7,101638
1,C11-e003Coalescence-mBHI-p3,4,455308,C8-e003Coalescence-mGAM-p7,101638
2,C9-e003Coalescence-mGAM-p7,25,500113,C8-e003Coalescence-mGAM-p7,101638
3,C8-e003Coalescence-mGAM-p7,0,1423925,C8-e003Coalescence-mGAM-p7,101638
4,D10-e003Coalescence-mBHI-p3,19,592022,C8-e003Coalescence-mGAM-p7,101638
5,B2-e003Coalescence-mBHI-p3,8,640269,C8-e003Coalescence-mGAM-p7,101638
6,A4-e003Coalescence-mBHI-p7,1,1046978,C8-e003Coalescence-mGAM-p7,101638
7,B3-e003Coalescence-mBHI-p3,32,851498,C8-e003Coalescence-mGAM-p7,101638
8,C2-e003Coalescence-mBHI-p5,4,1531728,C8-e003Coalescence-mGAM-p7,101638
9,C4-e003GlycerolRevival-mBHI-p2,15,655282,C8-e003Coalescence-mGAM-p7,101638
10,B2-e003Coalescence-mBHI-p5,7,1376755,C8-e003Coalescence-mGAM-p7,101638
11,C4-e003Coalescence-mGAM-p7,2,1491174,C8-e003Coalescence-mGAM-p7,101638
12,B10-e003Assembly-mGAM-p5,0,708824,C8-e003Coalescence-mGAM-p7,101638
13,C2-e003Coalescence-mGAM-p7,2,1544636,C8-e003Coalescence-mGAM-p7,101638
14,C9-e003Coalescence-mBHI-p5,25,843947,C8-e003Coalescence-mGAM-p7,101638
15,C2-e003Coalescence-mBHI-p3,2,1550808,C8-e003Coalescence-mGAM-p7,101638
16,C9-e003Coalescence-mBHI-p3,32,1477971,C8-e003Coalescence-mGAM-p7,101638
17,D10-e003Coalescence-mGAM-p5,19,895834,C8-e003Coalescence-mGAM-p7,101638
18,C2-e003Coalescence-mGAM-p3,2,1349817,C8-e003Coalescence-mGAM-p7,101638
19,B10-e003Coalescence-mBHI-p5,18,751178,C8-e003Coalescence-mGAM-p7,101638
20,C4-e003Coalescence-mGAM-p5,1,1406224,C8-e003Coalescence-mGAM-p7,101638
21,D5-e003Coalescence-mBHI-p5,3,1486364,C8-e003Coalescence-mGAM-p7,101638
22,D3-e003Assembly-mBHI-p3,15,768389,C8-e003Coalescence-mGAM-p7,101638
23,C4-e003Coalescence-mGAM-p3,2,1546978,C8-e003Coalescence-mGAM-p7,101638
24,D3-e003Assembly-mBHI-p5,10,1546651,C8-e003Coalescence-mGAM-p7,101638
25,A10-e003Coalescence-mGAM-p3,2,1530862,C8-e003Coalescence-mGAM-p7,101638
26,B2-e003Coalescence-mGAM-p3,3,442858,C8-e003Coalescence-mGAM-p7,101638
27,D3-e003Coalescence-mGAM-p5,9,515212,C8-e003Coalescence-mGAM-p7,101638
28,C10-e003Coalescence-mGAM-p3,4,1520946,C8-e003Coalescence-mGAM-p7,101638
29,C3-e003Coalescence-Inoculumn-mGAM,2,473234,C8-e003Coalescence-mGAM-p7,101638
30,D4-e003Coalescence-Inoculumn-mBHI,6,618720,C8-e003Coalescence-mGAM-p7,101638
31,A4-e003Coalescence-mBHI-p5,1,958917,C8-e003Coalescence-mGAM-p7,101638
32,D10-e003Coalescence-mGAM-p7,8,938266,C8-e003Coalescence-mGAM-p7,101638
33,C11-e003Coalescence-mGAM-p3,22,727674,C8-e003Coalescence-mGAM-p7,101638
34,C10-e003Coalescence-mBHI-p7,14,636171,C8-e003Coalescence-mGAM-p7,101638
35,B10-e003Coalescence-mBHI-p3,19,1064478,C8-e003Coalescence-mGAM-p7,101638
36,C11-e003Coalescence-mBHI-p5,16,1515011,C8-e003Coalescence-mGAM-p7,101638
37,C2-e003Coalescence-Inoculumn-mGAM,0,514343,C8-e003Coalescence-mGAM-p7,101638
38,B4-e003Coalescence-Inoculumn-mGAM,34,1527645,C8-e003Coalescence-mGAM-p7,101638
39,A10-e003Coalescence-mGAM-p7,0,1119734,C8-e003Coalescence-mGAM-p7,101638
40,C4-e003Coalescence-Inoculumn-mGAM,8,1354072,C8-e003Coalescence-mGAM-p7,101638
41,B10-e003Assembly-mGAM-p3,3,526228,C8-e003Coalescence-mGAM-p7,101638
42,D10-e003Coalescence-mBHI-p7,10,560357,C8-e003Coalescence-mGAM-p7,101638
43,B10-e003GlycerolRevival-mGAM-p2,0,912883,C8-e003Coalescence-mGAM-p7,101638
44,C10-e003Coalescence-mGAM-p5,2,1544682,C8-e003Coalescence-mGAM-p7,101638
45,A3-e003Coalescence-mBHI-p3,6,444927,C8-e003Coalescence-mGAM-p7,101638
46,A4-e003Coalescence-mBHI-p3,2,1204293,C8-e003Coalescence-mGAM-p7,101638
47,C9-e003Coalescence-mGAM-p5,29,810866,C8-e003Coalescence-mGAM-p7,101638
48,C2-e003Coalescence-mGAM-p5,5,1502257,C8-e003Coalescence-mGAM-p7,101638
49,C8-e003Coalescence-mBHI-p5,11,1338159,C8-e003Coalescence-mGAM-p7,101638
50,B4-e003Coalescence-Inoculumn-mBHI,8,563867,C8-e003Coalescence-mGAM-p7,101638
51,C5-e003Coalescence-Inoculumn-mGAM,5,1530071,C8-e003Coalescence-mGAM-p7,101638
52,C4-e003Coalescence-mBHI-p5,13,881699,C8-e003Coalescence-mGAM-p7,101638
53,A4-e003Coalescence-Inoculumn-mGAM,3,1506279,C8-e003Coalescence-mGAM-p7,101638
54,C2-e003Coalescence-mBHI-p7,0,569461,C8-e003Coalescence-mGAM-p7,101638
55,C10-e003Coalescence-mGAM-p7,2,1547140,C8-e003Coalescence-mGAM-p7,101638
56,C10-e003Coalescence-mBHI-p3,7,1524472,C8-e003Coalescence-mGAM-p7,101638
57,H4-e003Coalescence-mGAM-p7_S183,9,991821,C8-e003Coalescence-mGAM-p7,101638
58,F5-e003Coalescence-mGAM-p5_S64,1,468781,C8-e003Coalescence-mGAM-p7,101638
59,F100-e003Coalescence-mGAM-p7_S163,12,1155108,C8-e003Coalescence-mGAM-p7,101638
60,E3-e003Coalescence-mGAM-p3_S58,6,516408,C8-e003Coalescence-mGAM-p7,101638
61,G4-e003Coalescence-mBHI-p5_S27,5,878137,C8-e003Coalescence-mGAM-p7,101638
62,G2-e003Coalescence-mBHI-p3_S33,5,1521290,C8-e003Coalescence-mGAM-p7,101638
63,G100-e003Coalescence-mGAM-p3_S179,2,1153539,C8-e003Coalescence-mGAM-p7,101638
64,G111-e003Coalescence-mBHI-p5_S32,33,1154220,C8-e003Coalescence-mGAM-p7,101638
65,E3-e003Coalescence-mBHI-p3_S10,5,711439,C8-e003Coalescence-mGAM-p7,101638
66,F2-e003Coalescence-mGAM-p7_S157,4,556375,C8-e003Coalescence-mGAM-p7,101638
67,E100-e003Coalescence-mGAM-p3_S155,6,1461251,C8-e003Coalescence-mGAM-p7,101638
68,E3-e003Coalescence-mGAM-p5_S50,5,1371172,C8-e003Coalescence-mGAM-p7,101638
69,H100-e003Coalescence-mBHI-p5_S43,23,925751,C8-e003Coalescence-mGAM-p7,101638
70,F2-e003Coalescence-mGAM-p5_S61,6,1281223,C8-e003Coalescence-mGAM-p7,101638
71,G100-e003Coalescence-mBHI-p5_S31,2,829979,C8-e003Coalescence-mGAM-p7,101638
72,G4-e003Coalescence-mBHI-p3_S35,8,474244,C8-e003Coalescence-mGAM-p7,101638
73,E4-e003Coalescence-mBHI-p5_S3,9,1426946,C8-e003Coalescence-mGAM-p7,101638
74,E4-e003Coalescence-mGAM-p5_S51,0,579225,C8-e003Coalescence-mGAM-p7,101638
75,G9-e003Coalescence-mGAM-p7_S174,17,622414,C8-e003Coalescence-mGAM-p7,101638
76,E8-e003Coalescence-mGAM-p3_S153,9,1489557,C8-e003Coalescence-mGAM-p7,101638
77,G100-e003Coalescence-mGAM-p7_S175,2,673821,C8-e003Coalescence-mGAM-p7,101638
78,G3-e003Coalescence-mBHI-p7_S122,21,531581,C8-e003Coalescence-mGAM-p7,101638
79,G4-e003Coalescence-mGAM-p5_S75,9,1533148,C8-e003Coalescence-mGAM-p7,101638
80,G8-e003Coalescence-mBHI-p3_S129,4,840340,C8-e003Coalescence-mGAM-p7,101638
81,G2-e003Coalescence-mGAM-p5_S73,8,1525280,C8-e003Coalescence-mGAM-p7,101638
82,E100-e003Coalescence-mGAM-p5_S55,5,1291155,C8-e003Coalescence-mGAM-p7,101638
83,G4-e003Coalescence-mGAM-p3_S83,9,1536688,C8-e003Coalescence-mGAM-p7,101638
84,F4-e003Coalescence-mBHI-p7_S111,18,477586,C8-e003Coalescence-mGAM-p7,101638
85,G4-e003Coalescence-mGAM-p7_S171,9,1471075,C8-e003Coalescence-mGAM-p7,101638
86,F100-e003Coalescence-mBHI-p7_S115,36,1350695,C8-e003Coalescence-mGAM-p7,101638
87,E3-e003Coalescence-mGAM-p7_S146,7,1297929,C8-e003Coalescence-mGAM-p7,101638
88,E3-e003Coalescence-mBHI-p5_S2,1,758841,C8-e003Coalescence-mGAM-p7,101638
89,G2-e003Coalescence-mBHI-p7_S121,9,1251923,C8-e003Coalescence-mGAM-p7,101638
90,F2-e003Coalescence-mBHI-p5_S13,6,1483168,C8-e003Coalescence-mGAM-p7,101638
91,F2-e003Coalescence-mGAM-p3_S69,3,1044013,C8-e003Coalescence-mGAM-p7,101638
92,G100-e003Coalescence-mGAM-p5_S79,3,1518875,C8-e003Coalescence-mGAM-p7,101638
93,E4-e003Coalescence-mGAM-p7_S147,6,1030477,C8-e003Coalescence-mGAM-p7,101638
94,E4-e003Coalescence-mGAM-p3_S59,11,1512400,C8-e003Coalescence-mGAM-p7,101638
95,H100-e003Coalescence-mBHI-p7_S139,38,1461470,C8-e003Coalescence-mGAM-p7,101638
96,G8-e003Coalescence-mBHI-p5_S29,10,757680,C8-e003Coalescence-mGAM-p7,101638
97,G2-e003Coalescence-mBHI-p5_S25,9,1534425,C8-e003Coalescence-mGAM-p7,101638
98,G8-e003Coalescence-mGAM-p7_S173,6,1390044,C8-e003Coalescence-mGAM-p7,101638
99,E4-e003Coalescence-mBHI-p3_S11,4,1489708,C8-e003Coalescence-mGAM-p7,101638
100,G9-e003Coalescence-mBHI-p5_S30,25,972978,C8-e003Coalescence-mGAM-p7,101638
101,E100-e003Coalescence-mGAM-p7_S151,8,1431882,C8-e003Coalescence-mGAM-p7,101638
102,G9-e003Coalescence-mGAM-p3_S178,29,1118807,C8-e003Coalescence-mGAM-p7,101638
103,G2-e003Coalescence-mGAM-p3_S81,10,1516772,C8-e003Coalescence-mGAM-p7,101638
104,G100-e003Coalescence-mBHI-p7_S127,9,560797,C8-e003Coalescence-mGAM-p7,101638
0,C9-e003Coalescence-mGAM-p3,7,712205,D10-e003Coalescence-mBHI-p3,101638
1,C11-e003Coalescence-mBHI-p3,0,455308,D10-e003Coalescence-mBHI-p3,101638
2,C9-e003Coalescence-mGAM-p7,4,500113,D10-e003Coalescence-mBHI-p3,101638
3,C8-e003Coalescence-mGAM-p7,20,1423925,D10-e003Coalescence-mBHI-p3,101638
4,D10-e003Coalescence-mBHI-p3,0,592022,D10-e003Coalescence-mBHI-p3,101638
5,B2-e003Coalescence-mBHI-p3,10,640269,D10-e003Coalescence-mBHI-p3,101638
6,A4-e003Coalescence-mBHI-p7,21,1046978,D10-e003Coalescence-mBHI-p3,101638
7,B3-e003Coalescence-mBHI-p3,0,851498,D10-e003Coalescence-mBHI-p3,101638
8,C2-e003Coalescence-mBHI-p5,21,1531728,D10-e003Coalescence-mBHI-p3,101638
9,C4-e003GlycerolRevival-mBHI-p2,6,655282,D10-e003Coalescence-mBHI-p3,101638
10,B2-e003Coalescence-mBHI-p5,26,1376755,D10-e003Coalescence-mBHI-p3,101638
11,C4-e003Coalescence-mGAM-p7,2,1491174,D10-e003Coalescence-mBHI-p3,101638
12,B10-e003Assembly-mGAM-p5,0,708824,D10-e003Coalescence-mBHI-p3,101638
13,C2-e003Coalescence-mGAM-p7,22,1544636,D10-e003Coalescence-mBHI-p3,101638
14,C9-e003Coalescence-mBHI-p5,7,843947,D10-e003Coalescence-mBHI-p3,101638
15,C2-e003Coalescence-mBHI-p3,30,1550808,D10-e003Coalescence-mBHI-p3,101638
16,C9-e003Coalescence-mBHI-p3,6,1477971,D10-e003Coalescence-mBHI-p3,101638
17,D10-e003Coalescence-mGAM-p5,1,895834,D10-e003Coalescence-mBHI-p3,101638
18,C2-e003Coalescence-mGAM-p3,20,1349817,D10-e003Coalescence-mBHI-p3,101638
19,B10-e003Coalescence-mBHI-p5,10,751178,D10-e003Coalescence-mBHI-p3,101638
20,C4-e003Coalescence-mGAM-p5,1,1406224,D10-e003Coalescence-mBHI-p3,101638
21,D5-e003Coalescence-mBHI-p5,26,1486364,D10-e003Coalescence-mBHI-p3,101638
22,D3-e003Assembly-mBHI-p3,6,768389,D10-e003Coalescence-mBHI-p3,101638
23,C4-e003Coalescence-mGAM-p3,2,1546978,D10-e003Coalescence-mBHI-p3,101638
24,D3-e003Assembly-mBHI-p5,9,1546651,D10-e003Coalescence-mBHI-p3,101638
25,A10-e003Coalescence-mGAM-p3,31,1530862,D10-e003Coalescence-mBHI-p3,101638
26,B2-e003Coalescence-mGAM-p3,14,442858,D10-e003Coalescence-mBHI-p3,101638
27,D3-e003Coalescence-mGAM-p5,2,515212,D10-e003Coalescence-mBHI-p3,101638
28,C10-e003Coalescence-mGAM-p3,4,1520946,D10-e003Coalescence-mBHI-p3,101638
29,C3-e003Coalescence-Inoculumn-mGAM,4,473234,D10-e003Coalescence-mBHI-p3,101638
30,D4-e003Coalescence-Inoculumn-mBHI,3,618720,D10-e003Coalescence-mBHI-p3,101638
31,A4-e003Coalescence-mBHI-p5,23,958917,D10-e003Coalescence-mBHI-p3,101638
32,D10-e003Coalescence-mGAM-p7,10,938266,D10-e003Coalescence-mBHI-p3,101638
33,C11-e003Coalescence-mGAM-p3,6,727674,D10-e003Coalescence-mBHI-p3,101638
34,C10-e003Coalescence-mBHI-p7,5,636171,D10-e003Coalescence-mBHI-p3,101638
35,B10-e003Coalescence-mBHI-p3,5,1064478,D10-e003Coalescence-mBHI-p3,101638
36,C11-e003Coalescence-mBHI-p5,6,1515011,D10-e003Coalescence-mBHI-p3,101638
37,C2-e003Coalescence-Inoculumn-mGAM,0,514343,D10-e003Coalescence-mBHI-p3,101638
38,B4-e003Coalescence-Inoculumn-mGAM,8,1527645,D10-e003Coalescence-mBHI-p3,101638
39,A10-e003Coalescence-mGAM-p7,7,1119734,D10-e003Coalescence-mBHI-p3,101638
40,C4-e003Coalescence-Inoculumn-mGAM,2,1354072,D10-e003Coalescence-mBHI-p3,101638
41,B10-e003Assembly-mGAM-p3,2,526228,D10-e003Coalescence-mBHI-p3,101638
42,D10-e003Coalescence-mBHI-p7,2,560357,D10-e003Coalescence-mBHI-p3,101638
43,B10-e003GlycerolRevival-mGAM-p2,1,912883,D10-e003Coalescence-mBHI-p3,101638
44,C10-e003Coalescence-mGAM-p5,7,1544682,D10-e003Coalescence-mBHI-p3,101638
45,A3-e003Coalescence-mBHI-p3,10,444927,D10-e003Coalescence-mBHI-p3,101638
46,A4-e003Coalescence-mBHI-p3,25,1204293,D10-e003Coalescence-mBHI-p3,101638
47,C9-e003Coalescence-mGAM-p5,5,810866,D10-e003Coalescence-mBHI-p3,101638
48,C2-e003Coalescence-mGAM-p5,24,1502257,D10-e003Coalescence-mBHI-p3,101638
49,C8-e003Coalescence-mBHI-p5,5,1338159,D10-e003Coalescence-mBHI-p3,101638
50,B4-e003Coalescence-Inoculumn-mBHI,7,563867,D10-e003Coalescence-mBHI-p3,101638
51,C5-e003Coalescence-Inoculumn-mGAM,2,1530071,D10-e003Coalescence-mBHI-p3,101638
52,C4-e003Coalescence-mBHI-p5,7,881699,D10-e003Coalescence-mBHI-p3,101638
53,A4-e003Coalescence-Inoculumn-mGAM,17,1506279,D10-e003Coalescence-mBHI-p3,101638
54,C2-e003Coalescence-mBHI-p7,0,569461,D10-e003Coalescence-mBHI-p3,101638
55,C10-e003Coalescence-mGAM-p7,3,1547140,D10-e003Coalescence-mBHI-p3,101638
56,C10-e003Coalescence-mBHI-p3,4,1524472,D10-e003Coalescence-mBHI-p3,101638
57,H4-e003Coalescence-mGAM-p7_S183,9,991821,D10-e003Coalescence-mBHI-p3,101638
58,F5-e003Coalescence-mGAM-p5_S64,3,468781,D10-e003Coalescence-mBHI-p3,101638
59,F100-e003Coalescence-mGAM-p7_S163,12,1155108,D10-e003Coalescence-mBHI-p3,101638
60,E3-e003Coalescence-mGAM-p3_S58,10,516408,D10-e003Coalescence-mBHI-p3,101638
61,G4-e003Coalescence-mBHI-p5_S27,3,878137,D10-e003Coalescence-mBHI-p3,101638
62,G2-e003Coalescence-mBHI-p3_S33,19,1521290,D10-e003Coalescence-mBHI-p3,101638
63,G100-e003Coalescence-mGAM-p3_S179,3,1153539,D10-e003Coalescence-mBHI-p3,101638
64,G111-e003Coalescence-mBHI-p5_S32,10,1154220,D10-e003Coalescence-mBHI-p3,101638
65,E3-e003Coalescence-mBHI-p3_S10,24,711439,D10-e003Coalescence-mBHI-p3,101638
66,F2-e003Coalescence-mGAM-p7_S157,3,556375,D10-e003Coalescence-mBHI-p3,101638
67,E100-e003Coalescence-mGAM-p3_S155,32,1461251,D10-e003Coalescence-mBHI-p3,101638
68,E3-e003Coalescence-mGAM-p5_S50,15,1371172,D10-e003Coalescence-mBHI-p3,101638
69,H100-e003Coalescence-mBHI-p5_S43,6,925751,D10-e003Coalescence-mBHI-p3,101638
70,F2-e003Coalescence-mGAM-p5_S61,3,1281223,D10-e003Coalescence-mBHI-p3,101638
71,G100-e003Coalescence-mBHI-p5_S31,3,829979,D10-e003Coalescence-mBHI-p3,101638
72,G4-e003Coalescence-mBHI-p3_S35,5,474244,D10-e003Coalescence-mBHI-p3,101638
73,E4-e003Coalescence-mBHI-p5_S3,28,1426946,D10-e003Coalescence-mBHI-p3,101638
74,E4-e003Coalescence-mGAM-p5_S51,17,579225,D10-e003Coalescence-mBHI-p3,101638
75,G9-e003Coalescence-mGAM-p7_S174,8,622414,D10-e003Coalescence-mBHI-p3,101638
76,E8-e003Coalescence-mGAM-p3_S153,8,1489557,D10-e003Coalescence-mBHI-p3,101638
77,G100-e003Coalescence-mGAM-p7_S175,2,673821,D10-e003Coalescence-mBHI-p3,101638
78,G3-e003Coalescence-mBHI-p7_S122,8,531581,D10-e003Coalescence-mBHI-p3,101638
79,G4-e003Coalescence-mGAM-p5_S75,3,1533148,D10-e003Coalescence-mBHI-p3,101638
80,G8-e003Coalescence-mBHI-p3_S129,7,840340,D10-e003Coalescence-mBHI-p3,101638
81,G2-e003Coalescence-mGAM-p5_S73,22,1525280,D10-e003Coalescence-mBHI-p3,101638
82,E100-e003Coalescence-mGAM-p5_S55,30,1291155,D10-e003Coalescence-mBHI-p3,101638
83,G4-e003Coalescence-mGAM-p3_S83,5,1536688,D10-e003Coalescence-mBHI-p3,101638
84,F4-e003Coalescence-mBHI-p7_S111,5,477586,D10-e003Coalescence-mBHI-p3,101638
85,G4-e003Coalescence-mGAM-p7_S171,5,1471075,D10-e003Coalescence-mBHI-p3,101638
86,F100-e003Coalescence-mBHI-p7_S115,10,1350695,D10-e003Coalescence-mBHI-p3,101638
87,E3-e003Coalescence-mGAM-p7_S146,14,1297929,D10-e003Coalescence-mBHI-p3,101638
88,E3-e003Coalescence-mBHI-p5_S2,18,758841,D10-e003Coalescence-mBHI-p3,101638
89,G2-e003Coalescence-mBHI-p7_S121,11,1251923,D10-e003Coalescence-mBHI-p3,101638
90,F2-e003Coalescence-mBHI-p5_S13,22,1483168,D10-e003Coalescence-mBHI-p3,101638
91,F2-e003Coalescence-mGAM-p3_S69,2,1044013,D10-e003Coalescence-mBHI-p3,101638
92,G100-e003Coalescence-mGAM-p5_S79,6,1518875,D10-e003Coalescence-mBHI-p3,101638
93,E4-e003Coalescence-mGAM-p7_S147,9,1030477,D10-e003Coalescence-mBHI-p3,101638
94,E4-e003Coalescence-mGAM-p3_S59,14,1512400,D10-e003Coalescence-mBHI-p3,101638
95,H100-e003Coalescence-mBHI-p7_S139,10,1461470,D10-e003Coalescence-mBHI-p3,101638
96,G8-e003Coalescence-mBHI-p5_S29,2,757680,D10-e003Coalescence-mBHI-p3,101638
97,G2-e003Coalescence-mBHI-p5_S25,7,1534425,D10-e003Coalescence-mBHI-p3,101638
98,G8-e003Coalescence-mGAM-p7_S173,27,1390044,D10-e003Coalescence-mBHI-p3,101638
99,E4-e003Coalescence-mBHI-p3_S11,21,1489708,D10-e003Coalescence-mBHI-p3,101638
100,G9-e003Coalescence-mBHI-p5_S30,5,972978,D10-e003Coalescence-mBHI-p3,101638
101,E100-e003Coalescence-mGAM-p7_S151,31,1431882,D10-e003Coalescence-mBHI-p3,101638
102,G9-e003Coalescence-mGAM-p3_S178,12,1118807,D10-e003Coalescence-mBHI-p3,101638
103,G2-e003Coalescence-mGAM-p3_S81,21,1516772,D10-e003Coalescence-mBHI-p3,101638
104,G100-e003Coalescence-mBHI-p7_S127,3,560797,D10-e003Coalescence-mBHI-p3,101638
0,C9-e003Coalescence-mGAM-p3,8,712205,B2-e003Coalescence-mBHI-p3,101638
1,C11-e003Coalescence-mBHI-p3,4,455308,B2-e003Coalescence-mBHI-p3,101638
2,C9-e003Coalescence-mGAM-p7,15,500113,B2-e003Coalescence-mBHI-p3,101638
3,C8-e003Coalescence-mGAM-p7,7,1423925,B2-e003Coalescence-mBHI-p3,101638
4,D10-e003Coalescence-mBHI-p3,8,592022,B2-e003Coalescence-mBHI-p3,101638
5,B2-e003Coalescence-mBHI-p3,0,640269,B2-e003Coalescence-mBHI-p3,101638
6,A4-e003Coalescence-mBHI-p7,0,1046978,B2-e003Coalescence-mBHI-p3,101638
7,B3-e003Coalescence-mBHI-p3,12,851498,B2-e003Coalescence-mBHI-p3,101638
8,C2-e003Coalescence-mBHI-p5,3,1531728,B2-e003Coalescence-mBHI-p3,101638
9,C4-e003GlycerolRevival-mBHI-p2,8,655282,B2-e003Coalescence-mBHI-p3,101638
10,B2-e003Coalescence-mBHI-p5,7,1376755,B2-e003Coalescence-mBHI-p3,101638
11,C4-e003Coalescence-mGAM-p7,7,1491174,B2-e003Coalescence-mBHI-p3,101638
12,B10-e003Assembly-mGAM-p5,0,708824,B2-e003Coalescence-mBHI-p3,101638
13,C2-e003Coalescence-mGAM-p7,7,1544636,B2-e003Coalescence-mBHI-p3,101638
14,C9-e003Coalescence-mBHI-p5,12,843947,B2-e003Coalescence-mBHI-p3,101638
15,C2-e003Coalescence-mBHI-p3,6,1550808,B2-e003Coalescence-mBHI-p3,101638
16,C9-e003Coalescence-mBHI-p3,17,1477971,B2-e003Coalescence-mBHI-p3,101638
17,D10-e003Coalescence-mGAM-p5,14,895834,B2-e003Coalescence-mBHI-p3,101638
18,C2-e003Coalescence-mGAM-p3,2,1349817,B2-e003Coalescence-mBHI-p3,101638
19,B10-e003Coalescence-mBHI-p5,4,751178,B2-e003Coalescence-mBHI-p3,101638
20,C4-e003Coalescence-mGAM-p5,7,1406224,B2-e003Coalescence-mBHI-p3,101638
21,D5-e003Coalescence-mBHI-p5,8,1486364,B2-e003Coalescence-mBHI-p3,101638
22,D3-e003Assembly-mBHI-p3,14,768389,B2-e003Coalescence-mBHI-p3,101638
23,C4-e003Coalescence-mGAM-p3,6,1546978,B2-e003Coalescence-mBHI-p3,101638
24,D3-e003Assembly-mBHI-p5,12,1546651,B2-e003Coalescence-mBHI-p3,101638
25,A10-e003Coalescence-mGAM-p3,6,1530862,B2-e003Coalescence-mBHI-p3,101638
26,B2-e003Coalescence-mGAM-p3,2,442858,B2-e003Coalescence-mBHI-p3,101638
27,D3-e003Coalescence-mGAM-p5,1,515212,B2-e003Coalescence-mBHI-p3,101638
28,C10-e003Coalescence-mGAM-p3,6,1520946,B2-e003Coalescence-mBHI-p3,101638
29,C3-e003Coalescence-Inoculumn-mGAM,1,473234,B2-e003Coalescence-mBHI-p3,101638
30,D4-e003Coalescence-Inoculumn-mBHI,2,618720,B2-e003Coalescence-mBHI-p3,101638
31,A4-e003Coalescence-mBHI-p5,6,958917,B2-e003Coalescence-mBHI-p3,101638
32,D10-e003Coalescence-mGAM-p7,7,938266,B2-e003Coalescence-mBHI-p3,101638
33,C11-e003Coalescence-mGAM-p3,16,727674,B2-e003Coalescence-mBHI-p3,101638
34,C10-e003Coalescence-mBHI-p7,11,636171,B2-e003Coalescence-mBHI-p3,101638
35,B10-e003Coalescence-mBHI-p3,11,1064478,B2-e003Coalescence-mBHI-p3,101638
36,C11-e003Coalescence-mBHI-p5,9,1515011,B2-e003Coalescence-mBHI-p3,101638
37,C2-e003Coalescence-Inoculumn-mGAM,7,514343,B2-e003Coalescence-mBHI-p3,101638
38,B4-e003Coalescence-Inoculumn-mGAM,17,1527645,B2-e003Coalescence-mBHI-p3,101638
39,A10-e003Coalescence-mGAM-p7,7,1119734,B2-e003Coalescence-mBHI-p3,101638
40,C4-e003Coalescence-Inoculumn-mGAM,7,1354072,B2-e003Coalescence-mBHI-p3,101638
41,B10-e003Assembly-mGAM-p3,2,526228,B2-e003Coalescence-mBHI-p3,101638
42,D10-e003Coalescence-mBHI-p7,7,560357,B2-e003Coalescence-mBHI-p3,101638
43,B10-e003GlycerolRevival-mGAM-p2,2,912883,B2-e003Coalescence-mBHI-p3,101638
44,C10-e003Coalescence-mGAM-p5,6,1544682,B2-e003Coalescence-mBHI-p3,101638
45,A3-e003Coalescence-mBHI-p3,1,444927,B2-e003Coalescence-mBHI-p3,101638
46,A4-e003Coalescence-mBHI-p3,2,1204293,B2-e003Coalescence-mBHI-p3,101638
47,C9-e003Coalescence-mGAM-p5,10,810866,B2-e003Coalescence-mBHI-p3,101638
48,C2-e003Coalescence-mGAM-p5,6,1502257,B2-e003Coalescence-mBHI-p3,101638
49,C8-e003Coalescence-mBHI-p5,1,1338159,B2-e003Coalescence-mBHI-p3,101638
50,B4-e003Coalescence-Inoculumn-mBHI,8,563867,B2-e003Coalescence-mBHI-p3,101638
51,C5-e003Coalescence-Inoculumn-mGAM,9,1530071,B2-e003Coalescence-mBHI-p3,101638
52,C4-e003Coalescence-mBHI-p5,4,881699,B2-e003Coalescence-mBHI-p3,101638
53,A4-e003Coalescence-Inoculumn-mGAM,6,1506279,B2-e003Coalescence-mBHI-p3,101638
54,C2-e003Coalescence-mBHI-p7,1,569461,B2-e003Coalescence-mBHI-p3,101638
55,C10-e003Coalescence-mGAM-p7,7,1547140,B2-e003Coalescence-mBHI-p3,101638
56,C10-e003Coalescence-mBHI-p3,1,1524472,B2-e003Coalescence-mBHI-p3,101638
57,H4-e003Coalescence-mGAM-p7_S183,8,991821,B2-e003Coalescence-mBHI-p3,101638
58,F5-e003Coalescence-mGAM-p5_S64,3,468781,B2-e003Coalescence-mBHI-p3,101638
59,F100-e003Coalescence-mGAM-p7_S163,11,1155108,B2-e003Coalescence-mBHI-p3,101638
60,E3-e003Coalescence-mGAM-p3_S58,2,516408,B2-e003Coalescence-mBHI-p3,101638
61,G4-e003Coalescence-mBHI-p5_S27,2,878137,B2-e003Coalescence-mBHI-p3,101638
62,G2-e003Coalescence-mBHI-p3_S33,9,1521290,B2-e003Coalescence-mBHI-p3,101638
63,G100-e003Coalescence-mGAM-p3_S179,7,1153539,B2-e003Coalescence-mBHI-p3,101638
64,G111-e003Coalescence-mBHI-p5_S32,14,1154220,B2-e003Coalescence-mBHI-p3,101638
65,E3-e003Coalescence-mBHI-p3_S10,3,711439,B2-e003Coalescence-mBHI-p3,101638
66,F2-e003Coalescence-mGAM-p7_S157,2,556375,B2-e003Coalescence-mBHI-p3,101638
67,E100-e003Coalescence-mGAM-p3_S155,7,1461251,B2-e003Coalescence-mBHI-p3,101638
68,E3-e003Coalescence-mGAM-p5_S50,11,1371172,B2-e003Coalescence-mBHI-p3,101638
69,H100-e003Coalescence-mBHI-p5_S43,9,925751,B2-e003Coalescence-mBHI-p3,101638
70,F2-e003Coalescence-mGAM-p5_S61,8,1281223,B2-e003Coalescence-mBHI-p3,101638
71,G100-e003Coalescence-mBHI-p5_S31,1,829979,B2-e003Coalescence-mBHI-p3,101638
72,G4-e003Coalescence-mBHI-p3_S35,2,474244,B2-e003Coalescence-mBHI-p3,101638
73,E4-e003Coalescence-mBHI-p5_S3,9,1426946,B2-e003Coalescence-mBHI-p3,101638
74,E4-e003Coalescence-mGAM-p5_S51,6,579225,B2-e003Coalescence-mBHI-p3,101638
75,G9-e003Coalescence-mGAM-p7_S174,13,622414,B2-e003Coalescence-mBHI-p3,101638
76,E8-e003Coalescence-mGAM-p3_S153,5,1489557,B2-e003Coalescence-mBHI-p3,101638
77,G100-e003Coalescence-mGAM-p7_S175,3,673821,B2-e003Coalescence-mBHI-p3,101638
78,G3-e003Coalescence-mBHI-p7_S122,11,531581,B2-e003Coalescence-mBHI-p3,101638
79,G4-e003Coalescence-mGAM-p5_S75,10,1533148,B2-e003Coalescence-mBHI-p3,101638
80,G8-e003Coalescence-mBHI-p3_S129,1,840340,B2-e003Coalescence-mBHI-p3,101638
81,G2-e003Coalescence-mGAM-p5_S73,8,1525280,B2-e003Coalescence-mBHI-p3,101638
82,E100-e003Coalescence-mGAM-p5_S55,11,1291155,B2-e003Coalescence-mBHI-p3,101638
83,G4-e003Coalescence-mGAM-p3_S83,10,1536688,B2-e003Coalescence-mBHI-p3,101638
84,F4-e003Coalescence-mBHI-p7_S111,9,477586,B2-e003Coalescence-mBHI-p3,101638
85,G4-e003Coalescence-mGAM-p7_S171,8,1471075,B2-e003Coalescence-mBHI-p3,101638
86,F100-e003Coalescence-mBHI-p7_S115,19,1350695,B2-e003Coalescence-mBHI-p3,101638
87,E3-e003Coalescence-mGAM-p7_S146,9,1297929,B2-e003Coalescence-mBHI-p3,101638
88,E3-e003Coalescence-mBHI-p5_S2,2,758841,B2-e003Coalescence-mBHI-p3,101638
89,G2-e003Coalescence-mBHI-p7_S121,8,1251923,B2-e003Coalescence-mBHI-p3,101638
90,F2-e003Coalescence-mBHI-p5_S13,6,1483168,B2-e003Coalescence-mBHI-p3,101638
91,F2-e003Coalescence-mGAM-p3_S69,4,1044013,B2-e003Coalescence-mBHI-p3,101638
92,G100-e003Coalescence-mGAM-p5_S79,6,1518875,B2-e003Coalescence-mBHI-p3,101638
93,E4-e003Coalescence-mGAM-p7_S147,5,1030477,B2-e003Coalescence-mBHI-p3,101638
94,E4-e003Coalescence-mGAM-p3_S59,11,1512400,B2-e003Coalescence-mBHI-p3,101638
95,H100-e003Coalescence-mBHI-p7_S139,16,1461470,B2-e003Coalescence-mBHI-p3,101638
96,G8-e003Coalescence-mBHI-p5_S29,2,757680,B2-e003Coalescence-mBHI-p3,101638
97,G2-e003Coalescence-mBHI-p5_S25,11,1534425,B2-e003Coalescence-mBHI-p3,101638
98,G8-e003Coalescence-mGAM-p7_S173,13,1390044,B2-e003Coalescence-mBHI-p3,101638
99,E4-e003Coalescence-mBHI-p3_S11,9,1489708,B2-e003Coalescence-mBHI-p3,101638
100,G9-e003Coalescence-mBHI-p5_S30,16,972978,B2-e003Coalescence-mBHI-p3,101638
101,E100-e003Coalescence-mGAM-p7_S151,10,1431882,B2-e003Coalescence-mBHI-p3,101638
102,G9-e003Coalescence-mGAM-p3_S178,21,1118807,B2-e003Coalescence-mBHI-p3,101638
103,G2-e003Coalescence-mGAM-p3_S81,10,1516772,B2-e003Coalescence-mBHI-p3,101638
104,G100-e003Coalescence-mBHI-p7_S127,3,560797,B2-e003Coalescence-mBHI-p3,101638
0,C9-e003Coalescence-mGAM-p3,21,712205,A4-e003Coalescence-mBHI-p7,101638
1,C11-e003Coalescence-mBHI-p3,3,455308,A4-e003Coalescence-mBHI-p7,101638
2,C9-e003Coalescence-mGAM-p7,28,500113,A4-e003Coalescence-mBHI-p7,101638
3,C8-e003Coalescence-mGAM-p7,1,1423925,A4-e003Coalescence-mBHI-p7,101638
4,D10-e003Coalescence-mBHI-p3,21,592022,A4-e003Coalescence-mBHI-p7,101638
5,B2-e003Coalescence-mBHI-p3,0,640269,A4-e003Coalescence-mBHI-p7,101638
6,A4-e003Coalescence-mBHI-p7,0,1046978,A4-e003Coalescence-mBHI-p7,101638
7,B3-e003Coalescence-mBHI-p3,11,851498,A4-e003Coalescence-mBHI-p7,101638
8,C2-e003Coalescence-mBHI-p5,1,1531728,A4-e003Coalescence-mBHI-p7,101638
9,C4-e003GlycerolRevival-mBHI-p2,20,655282,A4-e003Coalescence-mBHI-p7,101638
10,B2-e003Coalescence-mBHI-p5,6,1376755,A4-e003Coalescence-mBHI-p7,101638
11,C4-e003Coalescence-mGAM-p7,0,1491174,A4-e003Coalescence-mBHI-p7,101638
12,B10-e003Assembly-mGAM-p5,1,708824,A4-e003Coalescence-mBHI-p7,101638
13,C2-e003Coalescence-mGAM-p7,0,1544636,A4-e003Coalescence-mBHI-p7,101638
14,C9-e003Coalescence-mBHI-p5,30,843947,A4-e003Coalescence-mBHI-p7,101638
15,C2-e003Coalescence-mBHI-p3,1,1550808,A4-e003Coalescence-mBHI-p7,101638
16,C9-e003Coalescence-mBHI-p3,30,1477971,A4-e003Coalescence-mBHI-p7,101638
17,D10-e003Coalescence-mGAM-p5,23,895834,A4-e003Coalescence-mBHI-p7,101638
18,C2-e003Coalescence-mGAM-p3,0,1349817,A4-e003Coalescence-mBHI-p7,101638
19,B10-e003Coalescence-mBHI-p5,15,751178,A4-e003Coalescence-mBHI-p7,101638
20,C4-e003Coalescence-mGAM-p5,0,1406224,A4-e003Coalescence-mBHI-p7,101638
21,D5-e003Coalescence-mBHI-p5,0,1486364,A4-e003Coalescence-mBHI-p7,101638
22,D3-e003Assembly-mBHI-p3,21,768389,A4-e003Coalescence-mBHI-p7,101638
23,C4-e003Coalescence-mGAM-p3,0,1546978,A4-e003Coalescence-mBHI-p7,101638
24,D3-e003Assembly-mBHI-p5,18,1546651,A4-e003Coalescence-mBHI-p7,101638
25,A10-e003Coalescence-mGAM-p3,2,1530862,A4-e003Coalescence-mBHI-p7,101638
26,B2-e003Coalescence-mGAM-p3,2,442858,A4-e003Coalescence-mBHI-p7,101638
27,D3-e003Coalescence-mGAM-p5,3,515212,A4-e003Coalescence-mBHI-p7,101638
28,C10-e003Coalescence-mGAM-p3,2,1520946,A4-e003Coalescence-mBHI-p7,101638
29,C3-e003Coalescence-Inoculumn-mGAM,3,473234,A4-e003Coalescence-mBHI-p7,101638
30,D4-e003Coalescence-Inoculumn-mBHI,4,618720,A4-e003Coalescence-mBHI-p7,101638
31,A4-e003Coalescence-mBHI-p5,0,958917,A4-e003Coalescence-mBHI-p7,101638
32,D10-e003Coalescence-mGAM-p7,9,938266,A4-e003Coalescence-mBHI-p7,101638
33,C11-e003Coalescence-mGAM-p3,28,727674,A4-e003Coalescence-mBHI-p7,101638
34,C10-e003Coalescence-mBHI-p7,7,636171,A4-e003Coalescence-mBHI-p7,101638
35,B10-e003Coalescence-mBHI-p3,22,1064478,A4-e003Coalescence-mBHI-p7,101638
36,C11-e003Coalescence-mBHI-p5,12,1515011,A4-e003Coalescence-mBHI-p7,101638
37,C2-e003Coalescence-Inoculumn-mGAM,0,514343,A4-e003Coalescence-mBHI-p7,101638
38,B4-e003Coalescence-Inoculumn-mGAM,37,1527645,A4-e003Coalescence-mBHI-p7,101638
39,A10-e003Coalescence-mGAM-p7,0,1119734,A4-e003Coalescence-mBHI-p7,101638
40,C4-e003Coalescence-Inoculumn-mGAM,0,1354072,A4-e003Coalescence-mBHI-p7,101638
41,B10-e003Assembly-mGAM-p3,2,526228,A4-e003Coalescence-mBHI-p7,101638
42,D10-e003Coalescence-mBHI-p7,5,560357,A4-e003Coalescence-mBHI-p7,101638
43,B10-e003GlycerolRevival-mGAM-p2,3,912883,A4-e003Coalescence-mBHI-p7,101638
44,C10-e003Coalescence-mGAM-p5,4,1544682,A4-e003Coalescence-mBHI-p7,101638
45,A3-e003Coalescence-mBHI-p3,1,444927,A4-e003Coalescence-mBHI-p7,101638
46,A4-e003Coalescence-mBHI-p3,0,1204293,A4-e003Coalescence-mBHI-p7,101638
47,C9-e003Coalescence-mGAM-p5,31,810866,A4-e003Coalescence-mBHI-p7,101638
48,C2-e003Coalescence-mGAM-p5,0,1502257,A4-e003Coalescence-mBHI-p7,101638
49,C8-e003Coalescence-mBHI-p5,6,1338159,A4-e003Coalescence-mBHI-p7,101638
50,B4-e003Coalescence-Inoculumn-mBHI,2,563867,A4-e003Coalescence-mBHI-p7,101638
51,C5-e003Coalescence-Inoculumn-mGAM,2,1530071,A4-e003Coalescence-mBHI-p7,101638
52,C4-e003Coalescence-mBHI-p5,5,881699,A4-e003Coalescence-mBHI-p7,101638
53,A4-e003Coalescence-Inoculumn-mGAM,0,1506279,A4-e003Coalescence-mBHI-p7,101638
54,C2-e003Coalescence-mBHI-p7,1,569461,A4-e003Coalescence-mBHI-p7,101638
55,C10-e003Coalescence-mGAM-p7,2,1547140,A4-e003Coalescence-mBHI-p7,101638
56,C10-e003Coalescence-mBHI-p3,0,1524472,A4-e003Coalescence-mBHI-p7,101638
57,H4-e003Coalescence-mGAM-p7_S183,11,991821,A4-e003Coalescence-mBHI-p7,101638
58,F5-e003Coalescence-mGAM-p5_S64,3,468781,A4-e003Coalescence-mBHI-p7,101638
59,F100-e003Coalescence-mGAM-p7_S163,6,1155108,A4-e003Coalescence-mBHI-p7,101638
60,E3-e003Coalescence-mGAM-p3_S58,4,516408,A4-e003Coalescence-mBHI-p7,101638
61,G4-e003Coalescence-mBHI-p5_S27,0,878137,A4-e003Coalescence-mBHI-p7,101638
62,G2-e003Coalescence-mBHI-p3_S33,2,1521290,A4-e003Coalescence-mBHI-p7,101638
63,G100-e003Coalescence-mGAM-p3_S179,2,1153539,A4-e003Coalescence-mBHI-p7,101638
64,G111-e003Coalescence-mBHI-p5_S32,36,1154220,A4-e003Coalescence-mBHI-p7,101638
65,E3-e003Coalescence-mBHI-p3_S10,4,711439,A4-e003Coalescence-mBHI-p7,101638
66,F2-e003Coalescence-mGAM-p7_S157,0,556375,A4-e003Coalescence-mBHI-p7,101638
67,E100-e003Coalescence-mGAM-p3_S155,4,1461251,A4-e003Coalescence-mBHI-p7,101638
68,E3-e003Coalescence-mGAM-p5_S50,4,1371172,A4-e003Coalescence-mBHI-p7,101638
69,H100-e003Coalescence-mBHI-p5_S43,28,925751,A4-e003Coalescence-mBHI-p7,101638
70,F2-e003Coalescence-mGAM-p5_S61,1,1281223,A4-e003Coalescence-mBHI-p7,101638
71,G100-e003Coalescence-mBHI-p5_S31,0,829979,A4-e003Coalescence-mBHI-p7,101638
72,G4-e003Coalescence-mBHI-p3_S35,10,474244,A4-e003Coalescence-mBHI-p7,101638
73,E4-e003Coalescence-mBHI-p5_S3,5,1426946,A4-e003Coalescence-mBHI-p7,101638
74,E4-e003Coalescence-mGAM-p5_S51,0,579225,A4-e003Coalescence-mBHI-p7,101638
75,G9-e003Coalescence-mGAM-p7_S174,23,622414,A4-e003Coalescence-mBHI-p7,101638
76,E8-e003Coalescence-mGAM-p3_S153,8,1489557,A4-e003Coalescence-mBHI-p7,101638
77,G100-e003Coalescence-mGAM-p7_S175,2,673821,A4-e003Coalescence-mBHI-p7,101638
78,G3-e003Coalescence-mBHI-p7_S122,27,531581,A4-e003Coalescence-mBHI-p7,101638
79,G4-e003Coalescence-mGAM-p5_S75,4,1533148,A4-e003Coalescence-mBHI-p7,101638
80,G8-e003Coalescence-mBHI-p3_S129,6,840340,A4-e003Coalescence-mBHI-p7,101638
81,G2-e003Coalescence-mGAM-p5_S73,6,1525280,A4-e003Coalescence-mBHI-p7,101638
82,E100-e003Coalescence-mGAM-p5_S55,3,1291155,A4-e003Coalescence-mBHI-p7,101638
83,G4-e003Coalescence-mGAM-p3_S83,5,1536688,A4-e003Coalescence-mBHI-p7,101638
84,F4-e003Coalescence-mBHI-p7_S111,21,477586,A4-e003Coalescence-mBHI-p7,101638
85,G4-e003Coalescence-mGAM-p7_S171,5,1471075,A4-e003Coalescence-mBHI-p7,101638
86,F100-e003Coalescence-mBHI-p7_S115,33,1350695,A4-e003Coalescence-mBHI-p7,101638
87,E3-e003Coalescence-mGAM-p7_S146,8,1297929,A4-e003Coalescence-mBHI-p7,101638
88,E3-e003Coalescence-mBHI-p5_S2,2,758841,A4-e003Coalescence-mBHI-p7,101638
89,G2-e003Coalescence-mBHI-p7_S121,5,1251923,A4-e003Coalescence-mBHI-p7,101638
90,F2-e003Coalescence-mBHI-p5_S13,5,1483168,A4-e003Coalescence-mBHI-p7,101638
91,F2-e003Coalescence-mGAM-p3_S69,1,1044013,A4-e003Coalescence-mBHI-p7,101638
92,G100-e003Coalescence-mGAM-p5_S79,6,1518875,A4-e003Coalescence-mBHI-p7,101638
93,E4-e003Coalescence-mGAM-p7_S147,3,1030477,A4-e003Coalescence-mBHI-p7,101638
94,E4-e003Coalescence-mGAM-p3_S59,5,1512400,A4-e003Coalescence-mBHI-p7,101638
95,H100-e003Coalescence-mBHI-p7_S139,41,1461470,A4-e003Coalescence-mBHI-p7,101638
96,G8-e003Coalescence-mBHI-p5_S29,4,757680,A4-e003Coalescence-mBHI-p7,101638
97,G2-e003Coalescence-mBHI-p5_S25,5,1534425,A4-e003Coalescence-mBHI-p7,101638
98,G8-e003Coalescence-mGAM-p7_S173,15,1390044,A4-e003Coalescence-mBHI-p7,101638
99,E4-e003Coalescence-mBHI-p3_S11,4,1489708,A4-e003Coalescence-mBHI-p7,101638
100,G9-e003Coalescence-mBHI-p5_S30,23,972978,A4-e003Coalescence-mBHI-p7,101638
101,E100-e003Coalescence-mGAM-p7_S151,7,1431882,A4-e003Coalescence-mBHI-p7,101638
102,G9-e003Coalescence-mGAM-p3_S178,33,1118807,A4-e003Coalescence-mBHI-p7,101638
103,G2-e003Coalescence-mGAM-p3_S81,6,1516772,A4-e003Coalescence-mBHI-p7,101638
104,G100-e003Coalescence-mBHI-p7_S127,1,560797,A4-e003Coalescence-mBHI-p7,101638
0,C9-e003Coalescence-mGAM-p3,12,712205,B3-e003Coalescence-mBHI-p3,101638
1,C11-e003Coalescence-mBHI-p3,9,455308,B3-e003Coalescence-mBHI-p3,101638
2,C9-e003Coalescence-mGAM-p7,4,500113,B3-e003Coalescence-mBHI-p3,101638
3,C8-e003Coalescence-mGAM-p7,32,1423925,B3-e003Coalescence-mBHI-p3,101638
4,D10-e003Coalescence-mBHI-p3,0,592022,B3-e003Coalescence-mBHI-p3,101638
5,B2-e003Coalescence-mBHI-p3,11,640269,B3-e003Coalescence-mBHI-p3,101638
6,A4-e003Coalescence-mBHI-p7,11,1046978,B3-e003Coalescence-mBHI-p3,101638
7,B3-e003Coalescence-mBHI-p3,0,851498,B3-e003Coalescence-mBHI-p3,101638
8,C2-e003Coalescence-mBHI-p5,32,1531728,B3-e003Coalescence-mBHI-p3,101638
9,C4-e003GlycerolRevival-mBHI-p2,11,655282,B3-e003Coalescence-mBHI-p3,101638
10,B2-e003Coalescence-mBHI-p5,29,1376755,B3-e003Coalescence-mBHI-p3,101638
11,C4-e003Coalescence-mGAM-p7,28,1491174,B3-e003Coalescence-mBHI-p3,101638
12,B10-e003Assembly-mGAM-p5,7,708824,B3-e003Coalescence-mBHI-p3,101638
13,C2-e003Coalescence-mGAM-p7,25,1544636,B3-e003Coalescence-mBHI-p3,101638
14,C9-e003Coalescence-mBHI-p5,13,843947,B3-e003Coalescence-mBHI-p3,101638
15,C2-e003Coalescence-mBHI-p3,35,1550808,B3-e003Coalescence-mBHI-p3,101638
16,C9-e003Coalescence-mBHI-p3,26,1477971,B3-e003Coalescence-mBHI-p3,101638
17,D10-e003Coalescence-mGAM-p5,12,895834,B3-e003Coalescence-mBHI-p3,101638
18,C2-e003Coalescence-mGAM-p3,28,1349817,B3-e003Coalescence-mBHI-p3,101638
19,B10-e003Coalescence-mBHI-p5,15,751178,B3-e003Coalescence-mBHI-p3,101638
20,C4-e003Coalescence-mGAM-p5,20,1406224,B3-e003Coalescence-mBHI-p3,101638
21,D5-e003Coalescence-mBHI-p5,22,1486364,B3-e003Coalescence-mBHI-p3,101638
22,D3-e003Assembly-mBHI-p3,15,768389,B3-e003Coalescence-mBHI-p3,101638
23,C4-e003Coalescence-mGAM-p3,25,1546978,B3-e003Coalescence-mBHI-p3,101638
24,D3-e003Assembly-mBHI-p5,36,1546651,B3-e003Coalescence-mBHI-p3,101638
25,A10-e003Coalescence-mGAM-p3,29,1530862,B3-e003Coalescence-mBHI-p3,101638
26,B2-e003Coalescence-mGAM-p3,9,442858,B3-e003Coalescence-mBHI-p3,101638
27,D3-e003Coalescence-mGAM-p5,10,515212,B3-e003Coalescence-mBHI-p3,101638
28,C10-e003Coalescence-mGAM-p3,26,1520946,B3-e003Coalescence-mBHI-p3,101638
29,C3-e003Coalescence-Inoculumn-mGAM,11,473234,B3-e003Coalescence-mBHI-p3,101638
30,D4-e003Coalescence-Inoculumn-mBHI,17,618720,B3-e003Coalescence-mBHI-p3,101638
31,A4-e003Coalescence-mBHI-p5,22,958917,B3-e003Coalescence-mBHI-p3,101638
32,D10-e003Coalescence-mGAM-p7,5,938266,B3-e003Coalescence-mBHI-p3,101638
33,C11-e003Coalescence-mGAM-p3,9,727674,B3-e003Coalescence-mBHI-p3,101638
34,C10-e003Coalescence-mBHI-p7,11,636171,B3-e003Coalescence-mBHI-p3,101638
35,B10-e003Coalescence-mBHI-p3,8,1064478,B3-e003Coalescence-mBHI-p3,101638
36,C11-e003Coalescence-mBHI-p5,27,1515011,B3-e003Coalescence-mBHI-p3,101638
37,C2-e003Coalescence-Inoculumn-mGAM,1,514343,B3-e003Coalescence-mBHI-p3,101638
38,B4-e003Coalescence-Inoculumn-mGAM,28,1527645,B3-e003Coalescence-mBHI-p3,101638
39,A10-e003Coalescence-mGAM-p7,14,1119734,B3-e003Coalescence-mBHI-p3,101638
40,C4-e003Coalescence-Inoculumn-mGAM,24,1354072,B3-e003Coalescence-mBHI-p3,101638
41,B10-e003Assembly-mGAM-p3,10,526228,B3-e003Coalescence-mBHI-p3,101638
42,D10-e003Coalescence-mBHI-p7,5,560357,B3-e003Coalescence-mBHI-p3,101638
43,B10-e003GlycerolRevival-mGAM-p2,7,912883,B3-e003Coalescence-mBHI-p3,101638
44,C10-e003Coalescence-mGAM-p5,27,1544682,B3-e003Coalescence-mBHI-p3,101638
45,A3-e003Coalescence-mBHI-p3,2,444927,B3-e003Coalescence-mBHI-p3,101638
46,A4-e003Coalescence-mBHI-p3,27,1204293,B3-e003Coalescence-mBHI-p3,101638
47,C9-e003Coalescence-mGAM-p5,5,810866,B3-e003Coalescence-mBHI-p3,101638
48,C2-e003Coalescence-mGAM-p5,32,1502257,B3-e003Coalescence-mBHI-p3,101638
49,C8-e003Coalescence-mBHI-p5,32,1338159,B3-e003Coalescence-mBHI-p3,101638
50,B4-e003Coalescence-Inoculumn-mBHI,13,563867,B3-e003Coalescence-mBHI-p3,101638
51,C5-e003Coalescence-Inoculumn-mGAM,26,1530071,B3-e003Coalescence-mBHI-p3,101638
52,C4-e003Coalescence-mBHI-p5,18,881699,B3-e003Coalescence-mBHI-p3,101638
53,A4-e003Coalescence-Inoculumn-mGAM,29,1506279,B3-e003Coalescence-mBHI-p3,101638
54,C2-e003Coalescence-mBHI-p7,7,569461,B3-e003Coalescence-mBHI-p3,101638
55,C10-e003Coalescence-mGAM-p7,29,1547140,B3-e003Coalescence-mBHI-p3,101638
56,C10-e003Coalescence-mBHI-p3,34,1524472,B3-e003Coalescence-mBHI-p3,101638
57,H4-e003Coalescence-mGAM-p7_S183,21,991821,B3-e003Coalescence-mBHI-p3,101638
58,F5-e003Coalescence-mGAM-p5_S64,6,468781,B3-e003Coalescence-mBHI-p3,101638
59,F100-e003Coalescence-mGAM-p7_S163,23,1155108,B3-e003Coalescence-mBHI-p3,101638
60,E3-e003Coalescence-mGAM-p3_S58,17,516408,B3-e003Coalescence-mBHI-p3,101638
61,G4-e003Coalescence-mBHI-p5_S27,9,878137,B3-e003Coalescence-mBHI-p3,101638
62,G2-e003Coalescence-mBHI-p3_S33,32,1521290,B3-e003Coalescence-mBHI-p3,101638
63,G100-e003Coalescence-mGAM-p3_S179,19,1153539,B3-e003Coalescence-mBHI-p3,101638
64,G111-e003Coalescence-mBHI-p5_S32,28,1154220,B3-e003Coalescence-mBHI-p3,101638
65,E3-e003Coalescence-mBHI-p3_S10,27,711439,B3-e003Coalescence-mBHI-p3,101638
66,F2-e003Coalescence-mGAM-p7_S157,1,556375,B3-e003Coalescence-mBHI-p3,101638
67,E100-e003Coalescence-mGAM-p3_S155,33,1461251,B3-e003Coalescence-mBHI-p3,101638
68,E3-e003Coalescence-mGAM-p5_S50,28,1371172,B3-e003Coalescence-mBHI-p3,101638
69,H100-e003Coalescence-mBHI-p5_S43,16,925751,B3-e003Coalescence-mBHI-p3,101638
70,F2-e003Coalescence-mGAM-p5_S61,18,1281223,B3-e003Coalescence-mBHI-p3,101638
71,G100-e003Coalescence-mBHI-p5_S31,14,829979,B3-e003Coalescence-mBHI-p3,101638
72,G4-e003Coalescence-mBHI-p3_S35,10,474244,B3-e003Coalescence-mBHI-p3,101638
73,E4-e003Coalescence-mBHI-p5_S3,27,1426946,B3-e003Coalescence-mBHI-p3,101638
74,E4-e003Coalescence-mGAM-p5_S51,5,579225,B3-e003Coalescence-mBHI-p3,101638
75,G9-e003Coalescence-mGAM-p7_S174,12,622414,B3-e003Coalescence-mBHI-p3,101638
76,E8-e003Coalescence-mGAM-p3_S153,30,1489557,B3-e003Coalescence-mBHI-p3,101638
77,G100-e003Coalescence-mGAM-p7_S175,9,673821,B3-e003Coalescence-mBHI-p3,101638
78,G3-e003Coalescence-mBHI-p7_S122,11,531581,B3-e003Coalescence-mBHI-p3,101638
79,G4-e003Coalescence-mGAM-p5_S75,31,1533148,B3-e003Coalescence-mBHI-p3,101638
80,G8-e003Coalescence-mBHI-p3_S129,14,840340,B3-e003Coalescence-mBHI-p3,101638
81,G2-e003Coalescence-mGAM-p5_S73,35,1525280,B3-e003Coalescence-mBHI-p3,101638
82,E100-e003Coalescence-mGAM-p5_S55,26,1291155,B3-e003Coalescence-mBHI-p3,101638
83,G4-e003Coalescence-mGAM-p3_S83,34,1536688,B3-e003Coalescence-mBHI-p3,101638
84,F4-e003Coalescence-mBHI-p7_S111,7,477586,B3-e003Coalescence-mBHI-p3,101638
85,G4-e003Coalescence-mGAM-p7_S171,32,1471075,B3-e003Coalescence-mBHI-p3,101638
86,F100-e003Coalescence-mBHI-p7_S115,31,1350695,B3-e003Coalescence-mBHI-p3,101638
87,E3-e003Coalescence-mGAM-p7_S146,26,1297929,B3-e003Coalescence-mBHI-p3,101638
88,E3-e003Coalescence-mBHI-p5_S2,11,758841,B3-e003Coalescence-mBHI-p3,101638
89,G2-e003Coalescence-mBHI-p7_S121,24,1251923,B3-e003Coalescence-mBHI-p3,101638
90,F2-e003Coalescence-mBHI-p5_S13,37,1483168,B3-e003Coalescence-mBHI-p3,101638
91,F2-e003Coalescence-mGAM-p3_S69,9,1044013,B3-e003Coalescence-mBHI-p3,101638
92,G100-e003Coalescence-mGAM-p5_S79,33,1518875,B3-e003Coalescence-mBHI-p3,101638
93,E4-e003Coalescence-mGAM-p7_S147,9,1030477,B3-e003Coalescence-mBHI-p3,101638
94,E4-e003Coalescence-mGAM-p3_S59,31,1512400,B3-e003Coalescence-mBHI-p3,101638
95,H100-e003Coalescence-mBHI-p7_S139,28,1461470,B3-e003Coalescence-mBHI-p3,101638
96,G8-e003Coalescence-mBHI-p5_S29,14,757680,B3-e003Coalescence-mBHI-p3,101638
97,G2-e003Coalescence-mBHI-p5_S25,32,1534425,B3-e003Coalescence-mBHI-p3,101638
98,G8-e003Coalescence-mGAM-p7_S173,42,1390044,B3-e003Coalescence-mBHI-p3,101638
99,E4-e003Coalescence-mBHI-p3_S11,32,1489708,B3-e003Coalescence-mBHI-p3,101638
100,G9-e003Coalescence-mBHI-p5_S30,28,972978,B3-e003Coalescence-mBHI-p3,101638
101,E100-e003Coalescence-mGAM-p7_S151,43,1431882,B3-e003Coalescence-mBHI-p3,101638
102,G9-e003Coalescence-mGAM-p3_S178,29,1118807,B3-e003Coalescence-mBHI-p3,101638
103,G2-e003Coalescence-mGAM-p3_S81,34,1516772,B3-e003Coalescence-mBHI-p3,101638
104,G100-e003Coalescence-mBHI-p7_S127,12,560797,B3-e003Coalescence-mBHI-p3,101638
0,C9-e003Coalescence-mGAM-p3,17,712205,C2-e003Coalescence-mBHI-p5,101638
1,C11-e003Coalescence-mBHI-p3,3,455308,C2-e003Coalescence-mBHI-p5,101638
2,C9-e003Coalescence-mGAM-p7,26,500113,C2-e003Coalescence-mBHI-p5,101638
3,C8-e003Coalescence-mGAM-p7,1,1423925,C2-e003Coalescence-mBHI-p5,101638
4,D10-e003Coalescence-mBHI-p3,21,592022,C2-e003Coalescence-mBHI-p5,101638
5,B2-e003Coalescence-mBHI-p3,4,640269,C2-e003Coalescence-mBHI-p5,101638
6,A4-e003Coalescence-mBHI-p7,0,1046978,C2-e003Coalescence-mBHI-p5,101638
7,B3-e003Coalescence-mBHI-p3,33,851498,C2-e003Coalescence-mBHI-p5,101638
8,C2-e003Coalescence-mBHI-p5,0,1531728,C2-e003Coalescence-mBHI-p5,101638
9,C4-e003GlycerolRevival-mBHI-p2,20,655282,C2-e003Coalescence-mBHI-p5,101638
10,B2-e003Coalescence-mBHI-p5,5,1376755,C2-e003Coalescence-mBHI-p5,101638
11,C4-e003Coalescence-mGAM-p7,0,1491174,C2-e003Coalescence-mBHI-p5,101638
12,B10-e003Assembly-mGAM-p5,1,708824,C2-e003Coalescence-mBHI-p5,101638
13,C2-e003Coalescence-mGAM-p7,0,1544636,C2-e003Coalescence-mBHI-p5,101638
14,C9-e003Coalescence-mBHI-p5,26,843947,C2-e003Coalescence-mBHI-p5,101638
15,C2-e003Coalescence-mBHI-p3,0,1550808,C2-e003Coalescence-mBHI-p5,101638
16,C9-e003Coalescence-mBHI-p3,28,1477971,C2-e003Coalescence-mBHI-p5,101638
17,D10-e003Coalescence-mGAM-p5,24,895834,C2-e003Coalescence-mBHI-p5,101638
18,C2-e003Coalescence-mGAM-p3,0,1349817,C2-e003Coalescence-mBHI-p5,101638
19,B10-e003Coalescence-mBHI-p5,16,751178,C2-e003Coalescence-mBHI-p5,101638
20,C4-e003Coalescence-mGAM-p5,0,1406224,C2-e003Coalescence-mBHI-p5,101638
21,D5-e003Coalescence-mBHI-p5,1,1486364,C2-e003Coalescence-mBHI-p5,101638
22,D3-e003Assembly-mBHI-p3,25,768389,C2-e003Coalescence-mBHI-p5,101638
23,C4-e003Coalescence-mGAM-p3,0,1546978,C2-e003Coalescence-mBHI-p5,101638
24,D3-e003Assembly-mBHI-p5,24,1546651,C2-e003Coalescence-mBHI-p5,101638
25,A10-e003Coalescence-mGAM-p3,1,1530862,C2-e003Coalescence-mBHI-p5,101638
26,B2-e003Coalescence-mGAM-p3,4,442858,C2-e003Coalescence-mBHI-p5,101638
27,D3-e003Coalescence-mGAM-p5,5,515212,C2-e003Coalescence-mBHI-p5,101638
28,C10-e003Coalescence-mGAM-p3,4,1520946,C2-e003Coalescence-mBHI-p5,101638
29,C3-e003Coalescence-Inoculumn-mGAM,3,473234,C2-e003Coalescence-mBHI-p5,101638
30,D4-e003Coalescence-Inoculumn-mBHI,9,618720,C2-e003Coalescence-mBHI-p5,101638
31,A4-e003Coalescence-mBHI-p5,0,958917,C2-e003Coalescence-mBHI-p5,101638
32,D10-e003Coalescence-mGAM-p7,10,938266,C2-e003Coalescence-mBHI-p5,101638
33,C11-e003Coalescence-mGAM-p3,28,727674,C2-e003Coalescence-mBHI-p5,101638
34,C10-e003Coalescence-mBHI-p7,19,636171,C2-e003Coalescence-mBHI-p5,101638
35,B10-e003Coalescence-mBHI-p3,24,1064478,C2-e003Coalescence-mBHI-p5,101638
36,C11-e003Coalescence-mBHI-p5,13,1515011,C2-e003Coalescence-mBHI-p5,101638
37,C2-e003Coalescence-Inoculumn-mGAM,0,514343,C2-e003Coalescence-mBHI-p5,101638
38,B4-e003Coalescence-Inoculumn-mGAM,34,1527645,C2-e003Coalescence-mBHI-p5,101638
39,A10-e003Coalescence-mGAM-p7,0,1119734,C2-e003Coalescence-mBHI-p5,101638
40,C4-e003Coalescence-Inoculumn-mGAM,1,1354072,C2-e003Coalescence-mBHI-p5,101638
41,B10-e003Assembly-mGAM-p3,3,526228,C2-e003Coalescence-mBHI-p5,101638
42,D10-e003Coalescence-mBHI-p7,10,560357,C2-e003Coalescence-mBHI-p5,101638
43,B10-e003GlycerolRevival-mGAM-p2,3,912883,C2-e003Coalescence-mBHI-p5,101638
44,C10-e003Coalescence-mGAM-p5,6,1544682,C2-e003Coalescence-mBHI-p5,101638
45,A3-e003Coalescence-mBHI-p3,4,444927,C2-e003Coalescence-mBHI-p5,101638
46,A4-e003Coalescence-mBHI-p3,0,1204293,C2-e003Coalescence-mBHI-p5,101638
47,C9-e003Coalescence-mGAM-p5,26,810866,C2-e003Coalescence-mBHI-p5,101638
48,C2-e003Coalescence-mGAM-p5,0,1502257,C2-e003Coalescence-mBHI-p5,101638
49,C8-e003Coalescence-mBHI-p5,12,1338159,C2-e003Coalescence-mBHI-p5,101638
50,B4-e003Coalescence-Inoculumn-mBHI,14,563867,C2-e003Coalescence-mBHI-p5,101638
51,C5-e003Coalescence-Inoculumn-mGAM,3,1530071,C2-e003Coalescence-mBHI-p5,101638
52,C4-e003Coalescence-mBHI-p5,14,881699,C2-e003Coalescence-mBHI-p5,101638
53,A4-e003Coalescence-Inoculumn-mGAM,0,1506279,C2-e003Coalescence-mBHI-p5,101638
54,C2-e003Coalescence-mBHI-p7,1,569461,C2-e003Coalescence-mBHI-p5,101638
55,C10-e003Coalescence-mGAM-p7,1,1547140,C2-e003Coalescence-mBHI-p5,101638
56,C10-e003Coalescence-mBHI-p3,3,1524472,C2-e003Coalescence-mBHI-p5,101638
57,H4-e003Coalescence-mGAM-p7_S183,9,991821,C2-e003Coalescence-mBHI-p5,101638
58,F5-e003Coalescence-mGAM-p5_S64,3,468781,C2-e003Coalescence-mBHI-p5,101638
59,F100-e003Coalescence-mGAM-p7_S163,10,1155108,C2-e003Coalescence-mBHI-p5,101638
60,E3-e003Coalescence-mGAM-p3_S58,9,516408,C2-e003Coalescence-mBHI-p5,101638
61,G4-e003Coalescence-mBHI-p5_S27,8,878137,C2-e003Coalescence-mBHI-p5,101638
62,G2-e003Coalescence-mBHI-p3_S33,5,1521290,C2-e003Coalescence-mBHI-p5,101638
63,G100-e003Coalescence-mGAM-p3_S179,5,1153539,C2-e003Coalescence-mBHI-p5,101638
64,G111-e003Coalescence-mBHI-p5_S32,37,1154220,C2-e003Coalescence-mBHI-p5,101638
65,E3-e003Coalescence-mBHI-p3_S10,6,711439,C2-e003Coalescence-mBHI-p5,101638
66,F2-e003Coalescence-mGAM-p7_S157,2,556375,C2-e003Coalescence-mBHI-p5,101638
67,E100-e003Coalescence-mGAM-p3_S155,5,1461251,C2-e003Coalescence-mBHI-p5,101638
68,E3-e003Coalescence-mGAM-p5_S50,8,1371172,C2-e003Coalescence-mBHI-p5,101638
69,H100-e003Coalescence-mBHI-p5_S43,24,925751,C2-e003Coalescence-mBHI-p5,101638
70,F2-e003Coalescence-mGAM-p5_S61,3,1281223,C2-e003Coalescence-mBHI-p5,101638
71,G100-e003Coalescence-mBHI-p5_S31,4,829979,C2-e003Coalescence-mBHI-p5,101638
72,G4-e003Coalescence-mBHI-p3_S35,10,474244,C2-e003Coalescence-mBHI-p5,101638
73,E4-e003Coalescence-mBHI-p5_S3,9,1426946,C2-e003Coalescence-mBHI-p5,101638
74,E4-e003Coalescence-mGAM-p5_S51,0,579225,C2-e003Coalescence-mBHI-p5,101638
75,G9-e003Coalescence-mGAM-p7_S174,19,622414,C2-e003Coalescence-mBHI-p5,101638
76,E8-e003Coalescence-mGAM-p3_S153,13,1489557,C2-e003Coalescence-mBHI-p5,101638
77,G100-e003Coalescence-mGAM-p7_S175,5,673821,C2-e003Coalescence-mBHI-p5,101638
78,G3-e003Coalescence-mBHI-p7_S122,28,531581,C2-e003Coalescence-mBHI-p5,101638
79,G4-e003Coalescence-mGAM-p5_S75,7,1533148,C2-e003Coalescence-mBHI-p5,101638
80,G8-e003Coalescence-mBHI-p3_S129,10,840340,C2-e003Coalescence-mBHI-p5,101638
81,G2-e003Coalescence-mGAM-p5_S73,8,1525280,C2-e003Coalescence-mBHI-p5,101638
82,E100-e003Coalescence-mGAM-p5_S55,9,1291155,C2-e003Coalescence-mBHI-p5,101638
83,G4-e003Coalescence-mGAM-p3_S83,9,1536688,C2-e003Coalescence-mBHI-p5,101638
84,F4-e003Coalescence-mBHI-p7_S111,21,477586,C2-e003Coalescence-mBHI-p5,101638
85,G4-e003Coalescence-mGAM-p7_S171,7,1471075,C2-e003Coalescence-mBHI-p5,101638
86,F100-e003Coalescence-mBHI-p7_S115,34,1350695,C2-e003Coalescence-mBHI-p5,101638
87,E3-e003Coalescence-mGAM-p7_S146,9,1297929,C2-e003Coalescence-mBHI-p5,101638
88,E3-e003Coalescence-mBHI-p5_S2,2,758841,C2-e003Coalescence-mBHI-p5,101638
89,G2-e003Coalescence-mBHI-p7_S121,10,1251923,C2-e003Coalescence-mBHI-p5,101638
90,F2-e003Coalescence-mBHI-p5_S13,7,1483168,C2-e003Coalescence-mBHI-p5,101638
91,F2-e003Coalescence-mGAM-p3_S69,3,1044013,C2-e003Coalescence-mBHI-p5,101638
92,G100-e003Coalescence-mGAM-p5_S79,8,1518875,C2-e003Coalescence-mBHI-p5,101638
93,E4-e003Coalescence-mGAM-p7_S147,5,1030477,C2-e003Coalescence-mBHI-p5,101638
94,E4-e003Coalescence-mGAM-p3_S59,9,1512400,C2-e003Coalescence-mBHI-p5,101638
95,H100-e003Coalescence-mBHI-p7_S139,44,1461470,C2-e003Coalescence-mBHI-p5,101638
96,G8-e003Coalescence-mBHI-p5_S29,14,757680,C2-e003Coalescence-mBHI-p5,101638
97,G2-e003Coalescence-mBHI-p5_S25,9,1534425,C2-e003Coalescence-mBHI-p5,101638
98,G8-e003Coalescence-mGAM-p7_S173,22,1390044,C2-e003Coalescence-mBHI-p5,101638
99,E4-e003Coalescence-mBHI-p3_S11,5,1489708,C2-e003Coalescence-mBHI-p5,101638
100,G9-e003Coalescence-mBHI-p5_S30,24,972978,C2-e003Coalescence-mBHI-p5,101638
101,E100-e003Coalescence-mGAM-p7_S151,9,1431882,C2-e003Coalescence-mBHI-p5,101638
102,G9-e003Coalescence-mGAM-p3_S178,34,1118807,C2-e003Coalescence-mBHI-p5,101638
103,G2-e003Coalescence-mGAM-p3_S81,8,1516772,C2-e003Coalescence-mBHI-p5,101638
104,G100-e003Coalescence-mBHI-p7_S127,4,560797,C2-e003Coalescence-mBHI-p5,101638
0,C9-e003Coalescence-mGAM-p3,1,712205,C4-e003GlycerolRevival-mBHI-p2,101638
1,C11-e003Coalescence-mBHI-p3,3,455308,C4-e003GlycerolRevival-mBHI-p2,101638
2,C9-e003Coalescence-mGAM-p7,1,500113,C4-e003GlycerolRevival-mBHI-p2,101638
3,C8-e003Coalescence-mGAM-p7,15,1423925,C4-e003GlycerolRevival-mBHI-p2,101638
4,D10-e003Coalescence-mBHI-p3,5,592022,C4-e003GlycerolRevival-mBHI-p2,101638
5,B2-e003Coalescence-mBHI-p3,8,640269,C4-e003GlycerolRevival-mBHI-p2,101638
6,A4-e003Coalescence-mBHI-p7,20,1046978,C4-e003GlycerolRevival-mBHI-p2,101638
7,B3-e003Coalescence-mBHI-p3,11,851498,C4-e003GlycerolRevival-mBHI-p2,101638
8,C2-e003Coalescence-mBHI-p5,20,1531728,C4-e003GlycerolRevival-mBHI-p2,101638
9,C4-e003GlycerolRevival-mBHI-p2,0,655282,C4-e003GlycerolRevival-mBHI-p2,101638
10,B2-e003Coalescence-mBHI-p5,22,1376755,C4-e003GlycerolRevival-mBHI-p2,101638
11,C4-e003Coalescence-mGAM-p7,0,1491174,C4-e003GlycerolRevival-mBHI-p2,101638
12,B10-e003Assembly-mGAM-p5,1,708824,C4-e003GlycerolRevival-mBHI-p2,101638
13,C2-e003Coalescence-mGAM-p7,17,1544636,C4-e003GlycerolRevival-mBHI-p2,101638
14,C9-e003Coalescence-mBHI-p5,0,843947,C4-e003GlycerolRevival-mBHI-p2,101638
15,C2-e003Coalescence-mBHI-p3,24,1550808,C4-e003GlycerolRevival-mBHI-p2,101638
16,C9-e003Coalescence-mBHI-p3,1,1477971,C4-e003GlycerolRevival-mBHI-p2,101638
17,D10-e003Coalescence-mGAM-p5,4,895834,C4-e003GlycerolRevival-mBHI-p2,101638
18,C2-e003Coalescence-mGAM-p3,17,1349817,C4-e003GlycerolRevival-mBHI-p2,101638
19,B10-e003Coalescence-mBHI-p5,1,751178,C4-e003GlycerolRevival-mBHI-p2,101638
20,C4-e003Coalescence-mGAM-p5,0,1406224,C4-e003GlycerolRevival-mBHI-p2,101638
21,D5-e003Coalescence-mBHI-p5,21,1486364,C4-e003GlycerolRevival-mBHI-p2,101638
22,D3-e003Assembly-mBHI-p3,4,768389,C4-e003GlycerolRevival-mBHI-p2,101638
23,C4-e003Coalescence-mGAM-p3,0,1546978,C4-e003GlycerolRevival-mBHI-p2,101638
24,D3-e003Assembly-mBHI-p5,6,1546651,C4-e003GlycerolRevival-mBHI-p2,101638
25,A10-e003Coalescence-mGAM-p3,26,1530862,C4-e003GlycerolRevival-mBHI-p2,101638
26,B2-e003Coalescence-mGAM-p3,18,442858,C4-e003GlycerolRevival-mBHI-p2,101638
27,D3-e003Coalescence-mGAM-p5,1,515212,C4-e003GlycerolRevival-mBHI-p2,101638
28,C10-e003Coalescence-mGAM-p3,2,1520946,C4-e003GlycerolRevival-mBHI-p2,101638
29,C3-e003Coalescence-Inoculumn-mGAM,0,473234,C4-e003GlycerolRevival-mBHI-p2,101638
30,D4-e003Coalescence-Inoculumn-mBHI,4,618720,C4-e003GlycerolRevival-mBHI-p2,101638
31,A4-e003Coalescence-mBHI-p5,19,958917,C4-e003GlycerolRevival-mBHI-p2,101638
32,D10-e003Coalescence-mGAM-p7,2,938266,C4-e003GlycerolRevival-mBHI-p2,101638
33,C11-e003Coalescence-mGAM-p3,4,727674,C4-e003GlycerolRevival-mBHI-p2,101638
34,C10-e003Coalescence-mBHI-p7,14,636171,C4-e003GlycerolRevival-mBHI-p2,101638
35,B10-e003Coalescence-mBHI-p3,0,1064478,C4-e003GlycerolRevival-mBHI-p2,101638
36,C11-e003Coalescence-mBHI-p5,3,1515011,C4-e003GlycerolRevival-mBHI-p2,101638
37,C2-e003Coalescence-Inoculumn-mGAM,1,514343,C4-e003GlycerolRevival-mBHI-p2,101638
38,B4-e003Coalescence-Inoculumn-mGAM,1,1527645,C4-e003GlycerolRevival-mBHI-p2,101638
39,A10-e003Coalescence-mGAM-p7,7,1119734,C4-e003GlycerolRevival-mBHI-p2,101638
40,C4-e003Coalescence-Inoculumn-mGAM,0,1354072,C4-e003GlycerolRevival-mBHI-p2,101638
41,B10-e003Assembly-mGAM-p3,2,526228,C4-e003GlycerolRevival-mBHI-p2,101638
42,D10-e003Coalescence-mBHI-p7,0,560357,C4-e003GlycerolRevival-mBHI-p2,101638
43,B10-e003GlycerolRevival-mGAM-p2,2,912883,C4-e003GlycerolRevival-mBHI-p2,101638
44,C10-e003Coalescence-mGAM-p5,4,1544682,C4-e003GlycerolRevival-mBHI-p2,101638
45,A3-e003Coalescence-mBHI-p3,6,444927,C4-e003GlycerolRevival-mBHI-p2,101638
46,A4-e003Coalescence-mBHI-p3,22,1204293,C4-e003GlycerolRevival-mBHI-p2,101638
47,C9-e003Coalescence-mGAM-p5,1,810866,C4-e003GlycerolRevival-mBHI-p2,101638
48,C2-e003Coalescence-mGAM-p5,20,1502257,C4-e003GlycerolRevival-mBHI-p2,101638
49,C8-e003Coalescence-mBHI-p5,10,1338159,C4-e003GlycerolRevival-mBHI-p2,101638
50,B4-e003Coalescence-Inoculumn-mBHI,4,563867,C4-e003GlycerolRevival-mBHI-p2,101638
51,C5-e003Coalescence-Inoculumn-mGAM,0,1530071,C4-e003GlycerolRevival-mBHI-p2,101638
52,C4-e003Coalescence-mBHI-p5,4,881699,C4-e003GlycerolRevival-mBHI-p2,101638
53,A4-e003Coalescence-Inoculumn-mGAM,15,1506279,C4-e003GlycerolRevival-mBHI-p2,101638
54,C2-e003Coalescence-mBHI-p7,0,569461,C4-e003GlycerolRevival-mBHI-p2,101638
55,C10-e003Coalescence-mGAM-p7,0,1547140,C4-e003GlycerolRevival-mBHI-p2,101638
56,C10-e003Coalescence-mBHI-p3,0,1524472,C4-e003GlycerolRevival-mBHI-p2,101638
57,H4-e003Coalescence-mGAM-p7_S183,0,991821,C4-e003GlycerolRevival-mBHI-p2,101638
58,F5-e003Coalescence-mGAM-p5_S64,0,468781,C4-e003GlycerolRevival-mBHI-p2,101638
59,F100-e003Coalescence-mGAM-p7_S163,2,1155108,C4-e003GlycerolRevival-mBHI-p2,101638
60,E3-e003Coalescence-mGAM-p3_S58,14,516408,C4-e003GlycerolRevival-mBHI-p2,101638
61,G4-e003Coalescence-mBHI-p5_S27,2,878137,C4-e003GlycerolRevival-mBHI-p2,101638
62,G2-e003Coalescence-mBHI-p3_S33,11,1521290,C4-e003GlycerolRevival-mBHI-p2,101638
63,G100-e003Coalescence-mGAM-p3_S179,0,1153539,C4-e003GlycerolRevival-mBHI-p2,101638
64,G111-e003Coalescence-mBHI-p5_S32,5,1154220,C4-e003GlycerolRevival-mBHI-p2,101638
65,E3-e003Coalescence-mBHI-p3_S10,16,711439,C4-e003GlycerolRevival-mBHI-p2,101638
66,F2-e003Coalescence-mGAM-p7_S157,3,556375,C4-e003GlycerolRevival-mBHI-p2,101638
67,E100-e003Coalescence-mGAM-p3_S155,22,1461251,C4-e003GlycerolRevival-mBHI-p2,101638
68,E3-e003Coalescence-mGAM-p5_S50,15,1371172,C4-e003GlycerolRevival-mBHI-p2,101638
69,H100-e003Coalescence-mBHI-p5_S43,0,925751,C4-e003GlycerolRevival-mBHI-p2,101638
70,F2-e003Coalescence-mGAM-p5_S61,0,1281223,C4-e003GlycerolRevival-mBHI-p2,101638
71,G100-e003Coalescence-mBHI-p5_S31,0,829979,C4-e003GlycerolRevival-mBHI-p2,101638
72,G4-e003Coalescence-mBHI-p3_S35,4,474244,C4-e003GlycerolRevival-mBHI-p2,101638
73,E4-e003Coalescence-mBHI-p5_S3,24,1426946,C4-e003GlycerolRevival-mBHI-p2,101638
74,E4-e003Coalescence-mGAM-p5_S51,17,579225,C4-e003GlycerolRevival-mBHI-p2,101638
75,G9-e003Coalescence-mGAM-p7_S174,0,622414,C4-e003GlycerolRevival-mBHI-p2,101638
76,E8-e003Coalescence-mGAM-p3_S153,5,1489557,C4-e003GlycerolRevival-mBHI-p2,101638
77,G100-e003Coalescence-mGAM-p7_S175,2,673821,C4-e003GlycerolRevival-mBHI-p2,101638
78,G3-e003Coalescence-mBHI-p7_S122,0,531581,C4-e003GlycerolRevival-mBHI-p2,101638
79,G4-e003Coalescence-mGAM-p5_S75,2,1533148,C4-e003GlycerolRevival-mBHI-p2,101638
80,G8-e003Coalescence-mBHI-p3_S129,5,840340,C4-e003GlycerolRevival-mBHI-p2,101638
81,G2-e003Coalescence-mGAM-p5_S73,16,1525280,C4-e003GlycerolRevival-mBHI-p2,101638
82,E100-e003Coalescence-mGAM-p5_S55,26,1291155,C4-e003GlycerolRevival-mBHI-p2,101638
83,G4-e003Coalescence-mGAM-p3_S83,2,1536688,C4-e003GlycerolRevival-mBHI-p2,101638
84,F4-e003Coalescence-mBHI-p7_S111,2,477586,C4-e003GlycerolRevival-mBHI-p2,101638
85,G4-e003Coalescence-mGAM-p7_S171,0,1471075,C4-e003GlycerolRevival-mBHI-p2,101638
86,F100-e003Coalescence-mBHI-p7_S115,3,1350695,C4-e003GlycerolRevival-mBHI-p2,101638
87,E3-e003Coalescence-mGAM-p7_S146,9,1297929,C4-e003GlycerolRevival-mBHI-p2,101638
88,E3-e003Coalescence-mBHI-p5_S2,15,758841,C4-e003GlycerolRevival-mBHI-p2,101638
89,G2-e003Coalescence-mBHI-p7_S121,10,1251923,C4-e003GlycerolRevival-mBHI-p2,101638
90,F2-e003Coalescence-mBHI-p5_S13,14,1483168,C4-e003GlycerolRevival-mBHI-p2,101638
91,F2-e003Coalescence-mGAM-p3_S69,1,1044013,C4-e003GlycerolRevival-mBHI-p2,101638
92,G100-e003Coalescence-mGAM-p5_S79,3,1518875,C4-e003GlycerolRevival-mBHI-p2,101638
93,E4-e003Coalescence-mGAM-p7_S147,7,1030477,C4-e003GlycerolRevival-mBHI-p2,101638
94,E4-e003Coalescence-mGAM-p3_S59,8,1512400,C4-e003GlycerolRevival-mBHI-p2,101638
95,H100-e003Coalescence-mBHI-p7_S139,8,1461470,C4-e003GlycerolRevival-mBHI-p2,101638
96,G8-e003Coalescence-mBHI-p5_S29,7,757680,C4-e003GlycerolRevival-mBHI-p2,101638
97,G2-e003Coalescence-mBHI-p5_S25,2,1534425,C4-e003GlycerolRevival-mBHI-p2,101638
98,G8-e003Coalescence-mGAM-p7_S173,28,1390044,C4-e003GlycerolRevival-mBHI-p2,101638
99,E4-e003Coalescence-mBHI-p3_S11,15,1489708,C4-e003GlycerolRevival-mBHI-p2,101638
100,G9-e003Coalescence-mBHI-p5_S30,1,972978,C4-e003GlycerolRevival-mBHI-p2,101638
101,E100-e003Coalescence-mGAM-p7_S151,24,1431882,C4-e003GlycerolRevival-mBHI-p2,101638
102,G9-e003Coalescence-mGAM-p3_S178,4,1118807,C4-e003GlycerolRevival-mBHI-p2,101638
103,G2-e003Coalescence-mGAM-p3_S81,17,1516772,C4-e003GlycerolRevival-mBHI-p2,101638
104,G100-e003Coalescence-mBHI-p7_S127,0,560797,C4-e003GlycerolRevival-mBHI-p2,101638
0,C9-e003Coalescence-mGAM-p3,23,712205,B2-e003Coalescence-mBHI-p5,101638
1,C11-e003Coalescence-mBHI-p3,3,455308,B2-e003Coalescence-mBHI-p5,101638
2,C9-e003Coalescence-mGAM-p7,26,500113,B2-e003Coalescence-mBHI-p5,101638
3,C8-e003Coalescence-mGAM-p7,4,1423925,B2-e003Coalescence-mBHI-p5,101638
4,D10-e003Coalescence-mBHI-p3,26,592022,B2-e003Coalescence-mBHI-p5,101638
5,B2-e003Coalescence-mBHI-p3,6,640269,B2-e003Coalescence-mBHI-p5,101638
6,A4-e003Coalescence-mBHI-p7,4,1046978,B2-e003Coalescence-mBHI-p5,101638
7,B3-e003Coalescence-mBHI-p3,29,851498,B2-e003Coalescence-mBHI-p5,101638
8,C2-e003Coalescence-mBHI-p5,4,1531728,B2-e003Coalescence-mBHI-p5,101638
9,C4-e003GlycerolRevival-mBHI-p2,22,655282,B2-e003Coalescence-mBHI-p5,101638
10,B2-e003Coalescence-mBHI-p5,0,1376755,B2-e003Coalescence-mBHI-p5,101638
11,C4-e003Coalescence-mGAM-p7,4,1491174,B2-e003Coalescence-mBHI-p5,101638
12,B10-e003Assembly-mGAM-p5,0,708824,B2-e003Coalescence-mBHI-p5,101638
13,C2-e003Coalescence-mGAM-p7,4,1544636,B2-e003Coalescence-mBHI-p5,101638
14,C9-e003Coalescence-mBHI-p5,32,843947,B2-e003Coalescence-mBHI-p5,101638
15,C2-e003Coalescence-mBHI-p3,4,1550808,B2-e003Coalescence-mBHI-p5,101638
16,C9-e003Coalescence-mBHI-p3,34,1477971,B2-e003Coalescence-mBHI-p5,101638
17,D10-e003Coalescence-mGAM-p5,31,895834,B2-e003Coalescence-mBHI-p5,101638
18,C2-e003Coalescence-mGAM-p3,0,1349817,B2-e003Coalescence-mBHI-p5,101638
19,B10-e003Coalescence-mBHI-p5,17,751178,B2-e003Coalescence-mBHI-p5,101638
20,C4-e003Coalescence-mGAM-p5,2,1406224,B2-e003Coalescence-mBHI-p5,101638
21,D5-e003Coalescence-mBHI-p5,4,1486364,B2-e003Coalescence-mBHI-p5,101638
22,D3-e003Assembly-mBHI-p3,20,768389,B2-e003Coalescence-mBHI-p5,101638
23,C4-e003Coalescence-mGAM-p3,4,1546978,B2-e003Coalescence-mBHI-p5,101638
24,D3-e003Assembly-mBHI-p5,21,1546651,B2-e003Coalescence-mBHI-p5,101638
25,A10-e003Coalescence-mGAM-p3,4,1530862,B2-e003Coalescence-mBHI-p5,101638
26,B2-e003Coalescence-mGAM-p3,3,442858,B2-e003Coalescence-mBHI-p5,101638
27,D3-e003Coalescence-mGAM-p5,11,515212,B2-e003Coalescence-mBHI-p5,101638
28,C10-e003Coalescence-mGAM-p3,7,1520946,B2-e003Coalescence-mBHI-p5,101638
29,C3-e003Coalescence-Inoculumn-mGAM,5,473234,B2-e003Coalescence-mBHI-p5,101638
30,D4-e003Coalescence-Inoculumn-mBHI,9,618720,B2-e003Coalescence-mBHI-p5,101638
31,A4-e003Coalescence-mBHI-p5,3,958917,B2-e003Coalescence-mBHI-p5,101638
32,D10-e003Coalescence-mGAM-p7,16,938266,B2-e003Coalescence-mBHI-p5,101638
33,C11-e003Coalescence-mGAM-p3,36,727674,B2-e003Coalescence-mBHI-p5,101638
34,C10-e003Coalescence-mBHI-p7,16,636171,B2-e003Coalescence-mBHI-p5,101638
35,B10-e003Coalescence-mBHI-p3,25,1064478,B2-e003Coalescence-mBHI-p5,101638
36,C11-e003Coalescence-mBHI-p5,27,1515011,B2-e003Coalescence-mBHI-p5,101638
37,C2-e003Coalescence-Inoculumn-mGAM,4,514343,B2-e003Coalescence-mBHI-p5,101638
38,B4-e003Coalescence-Inoculumn-mGAM,39,1527645,B2-e003Coalescence-mBHI-p5,101638
39,A10-e003Coalescence-mGAM-p7,4,1119734,B2-e003Coalescence-mBHI-p5,101638
40,C4-e003Coalescence-Inoculumn-mGAM,5,1354072,B2-e003Coalescence-mBHI-p5,101638
41,B10-e003Assembly-mGAM-p3,3,526228,B2-e003Coalescence-mBHI-p5,101638
42,D10-e003Coalescence-mBHI-p7,20,560357,B2-e003Coalescence-mBHI-p5,101638
43,B10-e003GlycerolRevival-mGAM-p2,1,912883,B2-e003Coalescence-mBHI-p5,101638
44,C10-e003Coalescence-mGAM-p5,11,1544682,B2-e003Coalescence-mBHI-p5,101638
45,A3-e003Coalescence-mBHI-p3,4,444927,B2-e003Coalescence-mBHI-p5,101638
46,A4-e003Coalescence-mBHI-p3,4,1204293,B2-e003Coalescence-mBHI-p5,101638
47,C9-e003Coalescence-mGAM-p5,29,810866,B2-e003Coalescence-mBHI-p5,101638
48,C2-e003Coalescence-mGAM-p5,5,1502257,B2-e003Coalescence-mBHI-p5,101638
49,C8-e003Coalescence-mBHI-p5,10,1338159,B2-e003Coalescence-mBHI-p5,101638
50,B4-e003Coalescence-Inoculumn-mBHI,14,563867,B2-e003Coalescence-mBHI-p5,101638
51,C5-e003Coalescence-Inoculumn-mGAM,6,1530071,B2-e003Coalescence-mBHI-p5,101638
52,C4-e003Coalescence-mBHI-p5,6,881699,B2-e003Coalescence-mBHI-p5,101638
53,A4-e003Coalescence-Inoculumn-mGAM,5,1506279,B2-e003Coalescence-mBHI-p5,101638
54,C2-e003Coalescence-mBHI-p7,4,569461,B2-e003Coalescence-mBHI-p5,101638
55,C10-e003Coalescence-mGAM-p7,4,1547140,B2-e003Coalescence-mBHI-p5,101638
56,C10-e003Coalescence-mBHI-p3,8,1524472,B2-e003Coalescence-mBHI-p5,101638
57,H4-e003Coalescence-mGAM-p7_S183,13,991821,B2-e003Coalescence-mBHI-p5,101638
58,F5-e003Coalescence-mGAM-p5_S64,9,468781,B2-e003Coalescence-mBHI-p5,101638
59,F100-e003Coalescence-mGAM-p7_S163,12,1155108,B2-e003Coalescence-mBHI-p5,101638
60,E3-e003Coalescence-mGAM-p3_S58,6,516408,B2-e003Coalescence-mBHI-p5,101638
61,G4-e003Coalescence-mBHI-p5_S27,9,878137,B2-e003Coalescence-mBHI-p5,101638
62,G2-e003Coalescence-mBHI-p3_S33,5,1521290,B2-e003Coalescence-mBHI-p5,101638
63,G100-e003Coalescence-mGAM-p3_S179,1,1153539,B2-e003Coalescence-mBHI-p5,101638
64,G111-e003Coalescence-mBHI-p5_S32,43,1154220,B2-e003Coalescence-mBHI-p5,101638
65,E3-e003Coalescence-mBHI-p3_S10,3,711439,B2-e003Coalescence-mBHI-p5,101638
66,F2-e003Coalescence-mGAM-p7_S157,2,556375,B2-e003Coalescence-mBHI-p5,101638
67,E100-e003Coalescence-mGAM-p3_S155,3,1461251,B2-e003Coalescence-mBHI-p5,101638
68,E3-e003Coalescence-mGAM-p5_S50,5,1371172,B2-e003Coalescence-mBHI-p5,101638
69,H100-e003Coalescence-mBHI-p5_S43,30,925751,B2-e003Coalescence-mBHI-p5,101638
70,F2-e003Coalescence-mGAM-p5_S61,5,1281223,B2-e003Coalescence-mBHI-p5,101638
71,G100-e003Coalescence-mBHI-p5_S31,7,829979,B2-e003Coalescence-mBHI-p5,101638
72,G4-e003Coalescence-mBHI-p3_S35,3,474244,B2-e003Coalescence-mBHI-p5,101638
73,E4-e003Coalescence-mBHI-p5_S3,11,1426946,B2-e003Coalescence-mBHI-p5,101638
74,E4-e003Coalescence-mGAM-p5_S51,0,579225,B2-e003Coalescence-mBHI-p5,101638
75,G9-e003Coalescence-mGAM-p7_S174,21,622414,B2-e003Coalescence-mBHI-p5,101638
76,E8-e003Coalescence-mGAM-p3_S153,17,1489557,B2-e003Coalescence-mBHI-p5,101638
77,G100-e003Coalescence-mGAM-p7_S175,9,673821,B2-e003Coalescence-mBHI-p5,101638
78,G3-e003Coalescence-mBHI-p7_S122,36,531581,B2-e003Coalescence-mBHI-p5,101638
79,G4-e003Coalescence-mGAM-p5_S75,9,1533148,B2-e003Coalescence-mBHI-p5,101638
80,G8-e003Coalescence-mBHI-p3_S129,12,840340,B2-e003Coalescence-mBHI-p5,101638
81,G2-e003Coalescence-mGAM-p5_S73,10,1525280,B2-e003Coalescence-mBHI-p5,101638
82,E100-e003Coalescence-mGAM-p5_S55,9,1291155,B2-e003Coalescence-mBHI-p5,101638
83,G4-e003Coalescence-mGAM-p3_S83,12,1536688,B2-e003Coalescence-mBHI-p5,101638
84,F4-e003Coalescence-mBHI-p7_S111,25,477586,B2-e003Coalescence-mBHI-p5,101638
85,G4-e003Coalescence-mGAM-p7_S171,9,1471075,B2-e003Coalescence-mBHI-p5,101638
86,F100-e003Coalescence-mBHI-p7_S115,34,1350695,B2-e003Coalescence-mBHI-p5,101638
87,E3-e003Coalescence-mGAM-p7_S146,10,1297929,B2-e003Coalescence-mBHI-p5,101638
88,E3-e003Coalescence-mBHI-p5_S2,2,758841,B2-e003Coalescence-mBHI-p5,101638
89,G2-e003Coalescence-mBHI-p7_S121,11,1251923,B2-e003Coalescence-mBHI-p5,101638
90,F2-e003Coalescence-mBHI-p5_S13,6,1483168,B2-e003Coalescence-mBHI-p5,101638
91,F2-e003Coalescence-mGAM-p3_S69,2,1044013,B2-e003Coalescence-mBHI-p5,101638
92,G100-e003Coalescence-mGAM-p5_S79,9,1518875,B2-e003Coalescence-mBHI-p5,101638
93,E4-e003Coalescence-mGAM-p7_S147,5,1030477,B2-e003Coalescence-mBHI-p5,101638
94,E4-e003Coalescence-mGAM-p3_S59,11,1512400,B2-e003Coalescence-mBHI-p5,101638
95,H100-e003Coalescence-mBHI-p7_S139,57,1461470,B2-e003Coalescence-mBHI-p5,101638
96,G8-e003Coalescence-mBHI-p5_S29,16,757680,B2-e003Coalescence-mBHI-p5,101638
97,G2-e003Coalescence-mBHI-p5_S25,11,1534425,B2-e003Coalescence-mBHI-p5,101638
98,G8-e003Coalescence-mGAM-p7_S173,20,1390044,B2-e003Coalescence-mBHI-p5,101638
99,E4-e003Coalescence-mBHI-p3_S11,7,1489708,B2-e003Coalescence-mBHI-p5,101638
100,G9-e003Coalescence-mBHI-p5_S30,21,972978,B2-e003Coalescence-mBHI-p5,101638
101,E100-e003Coalescence-mGAM-p7_S151,14,1431882,B2-e003Coalescence-mBHI-p5,101638
102,G9-e003Coalescence-mGAM-p3_S178,34,1118807,B2-e003Coalescence-mBHI-p5,101638
103,G2-e003Coalescence-mGAM-p3_S81,10,1516772,B2-e003Coalescence-mBHI-p5,101638
104,G100-e003Coalescence-mBHI-p7_S127,2,560797,B2-e003Coalescence-mBHI-p5,101638
0,C9-e003Coalescence-mGAM-p3,0,712205,C4-e003Coalescence-mGAM-p7,101638
1,C11-e003Coalescence-mBHI-p3,1,455308,C4-e003Coalescence-mGAM-p7,101638
2,C9-e003Coalescence-mGAM-p7,1,500113,C4-e003Coalescence-mGAM-p7,101638
3,C8-e003Coalescence-mGAM-p7,1,1423925,C4-e003Coalescence-mGAM-p7,101638
4,D10-e003Coalescence-mBHI-p3,2,592022,C4-e003Coalescence-mGAM-p7,101638
5,B2-e003Coalescence-mBHI-p3,7,640269,C4-e003Coalescence-mGAM-p7,101638
6,A4-e003Coalescence-mBHI-p7,0,1046978,C4-e003Coalescence-mGAM-p7,101638
7,B3-e003Coalescence-mBHI-p3,29,851498,C4-e003Coalescence-mGAM-p7,101638
8,C2-e003Coalescence-mBHI-p5,0,1531728,C4-e003Coalescence-mGAM-p7,101638
9,C4-e003GlycerolRevival-mBHI-p2,0,655282,C4-e003Coalescence-mGAM-p7,101638
10,B2-e003Coalescence-mBHI-p5,5,1376755,C4-e003Coalescence-mGAM-p7,101638
11,C4-e003Coalescence-mGAM-p7,0,1491174,C4-e003Coalescence-mGAM-p7,101638
12,B10-e003Assembly-mGAM-p5,1,708824,C4-e003Coalescence-mGAM-p7,101638
13,C2-e003Coalescence-mGAM-p7,1,1544636,C4-e003Coalescence-mGAM-p7,101638
14,C9-e003Coalescence-mBHI-p5,0,843947,C4-e003Coalescence-mGAM-p7,101638
15,C2-e003Coalescence-mBHI-p3,3,1550808,C4-e003Coalescence-mGAM-p7,101638
16,C9-e003Coalescence-mBHI-p3,1,1477971,C4-e003Coalescence-mGAM-p7,101638
17,D10-e003Coalescence-mGAM-p5,2,895834,C4-e003Coalescence-mGAM-p7,101638
18,C2-e003Coalescence-mGAM-p3,1,1349817,C4-e003Coalescence-mGAM-p7,101638
19,B10-e003Coalescence-mBHI-p5,0,751178,C4-e003Coalescence-mGAM-p7,101638
20,C4-e003Coalescence-mGAM-p5,0,1406224,C4-e003Coalescence-mGAM-p7,101638
21,D5-e003Coalescence-mBHI-p5,1,1486364,C4-e003Coalescence-mGAM-p7,101638
22,D3-e003Assembly-mBHI-p3,12,768389,C4-e003Coalescence-mGAM-p7,101638
23,C4-e003Coalescence-mGAM-p3,2,1546978,C4-e003Coalescence-mGAM-p7,101638
24,D3-e003Assembly-mBHI-p5,13,1546651,C4-e003Coalescence-mGAM-p7,101638
25,A10-e003Coalescence-mGAM-p3,1,1530862,C4-e003Coalescence-mGAM-p7,101638
26,B2-e003Coalescence-mGAM-p3,2,442858,C4-e003Coalescence-mGAM-p7,101638
27,D3-e003Coalescence-mGAM-p5,4,515212,C4-e003Coalescence-mGAM-p7,101638
28,C10-e003Coalescence-mGAM-p3,3,1520946,C4-e003Coalescence-mGAM-p7,101638
29,C3-e003Coalescence-Inoculumn-mGAM,1,473234,C4-e003Coalescence-mGAM-p7,101638
30,D4-e003Coalescence-Inoculumn-mBHI,2,618720,C4-e003Coalescence-mGAM-p7,101638
31,A4-e003Coalescence-mBHI-p5,1,958917,C4-e003Coalescence-mGAM-p7,101638
32,D10-e003Coalescence-mGAM-p7,1,938266,C4-e003Coalescence-mGAM-p7,101638
33,C11-e003Coalescence-mGAM-p3,4,727674,C4-e003Coalescence-mGAM-p7,101638
34,C10-e003Coalescence-mBHI-p7,14,636171,C4-e003Coalescence-mGAM-p7,101638
35,B10-e003Coalescence-mBHI-p3,0,1064478,C4-e003Coalescence-mGAM-p7,101638
36,C11-e003Coalescence-mBHI-p5,1,1515011,C4-e003Coalescence-mGAM-p7,101638
37,C2-e003Coalescence-Inoculumn-mGAM,1,514343,C4-e003Coalescence-mGAM-p7,101638
38,B4-e003Coalescence-Inoculumn-mGAM,5,1527645,C4-e003Coalescence-mGAM-p7,101638
39,A10-e003Coalescence-mGAM-p7,0,1119734,C4-e003Coalescence-mGAM-p7,101638
40,C4-e003Coalescence-Inoculumn-mGAM,2,1354072,C4-e003Coalescence-mGAM-p7,101638
41,B10-e003Assembly-mGAM-p3,0,526228,C4-e003Coalescence-mGAM-p7,101638
42,D10-e003Coalescence-mBHI-p7,6,560357,C4-e003Coalescence-mGAM-p7,101638
43,B10-e003GlycerolRevival-mGAM-p2,2,912883,C4-e003Coalescence-mGAM-p7,101638
44,C10-e003Coalescence-mGAM-p5,2,1544682,C4-e003Coalescence-mGAM-p7,101638
45,A3-e003Coalescence-mBHI-p3,8,444927,C4-e003Coalescence-mGAM-p7,101638
46,A4-e003Coalescence-mBHI-p3,0,1204293,C4-e003Coalescence-mGAM-p7,101638
47,C9-e003Coalescence-mGAM-p5,0,810866,C4-e003Coalescence-mGAM-p7,101638
48,C2-e003Coalescence-mGAM-p5,0,1502257,C4-e003Coalescence-mGAM-p7,101638
49,C8-e003Coalescence-mBHI-p5,10,1338159,C4-e003Coalescence-mGAM-p7,101638
50,B4-e003Coalescence-Inoculumn-mBHI,4,563867,C4-e003Coalescence-mGAM-p7,101638
51,C5-e003Coalescence-Inoculumn-mGAM,3,1530071,C4-e003Coalescence-mGAM-p7,101638
52,C4-e003Coalescence-mBHI-p5,11,881699,C4-e003Coalescence-mGAM-p7,101638
53,A4-e003Coalescence-Inoculumn-mGAM,1,1506279,C4-e003Coalescence-mGAM-p7,101638
54,C2-e003Coalescence-mBHI-p7,1,569461,C4-e003Coalescence-mGAM-p7,101638
55,C10-e003Coalescence-mGAM-p7,2,1547140,C4-e003Coalescence-mGAM-p7,101638
56,C10-e003Coalescence-mBHI-p3,1,1524472,C4-e003Coalescence-mGAM-p7,101638
57,H4-e003Coalescence-mGAM-p7_S183,8,991821,C4-e003Coalescence-mGAM-p7,101638
58,F5-e003Coalescence-mGAM-p5_S64,2,468781,C4-e003Coalescence-mGAM-p7,101638
59,F100-e003Coalescence-mGAM-p7_S163,4,1155108,C4-e003Coalescence-mGAM-p7,101638
60,E3-e003Coalescence-mGAM-p3_S58,5,516408,C4-e003Coalescence-mGAM-p7,101638
61,G4-e003Coalescence-mBHI-p5_S27,5,878137,C4-e003Coalescence-mGAM-p7,101638
62,G2-e003Coalescence-mBHI-p3_S33,6,1521290,C4-e003Coalescence-mGAM-p7,101638
63,G100-e003Coalescence-mGAM-p3_S179,3,1153539,C4-e003Coalescence-mGAM-p7,101638
64,G111-e003Coalescence-mBHI-p5_S32,7,1154220,C4-e003Coalescence-mGAM-p7,101638
65,E3-e003Coalescence-mBHI-p3_S10,6,711439,C4-e003Coalescence-mGAM-p7,101638
66,F2-e003Coalescence-mGAM-p7_S157,2,556375,C4-e003Coalescence-mGAM-p7,101638
67,E100-e003Coalescence-mGAM-p3_S155,5,1461251,C4-e003Coalescence-mGAM-p7,101638
68,E3-e003Coalescence-mGAM-p5_S50,8,1371172,C4-e003Coalescence-mGAM-p7,101638
69,H100-e003Coalescence-mBHI-p5_S43,2,925751,C4-e003Coalescence-mGAM-p7,101638
70,F2-e003Coalescence-mGAM-p5_S61,3,1281223,C4-e003Coalescence-mGAM-p7,101638
71,G100-e003Coalescence-mBHI-p5_S31,1,829979,C4-e003Coalescence-mGAM-p7,101638
72,G4-e003Coalescence-mBHI-p3_S35,7,474244,C4-e003Coalescence-mGAM-p7,101638
73,E4-e003Coalescence-mBHI-p5_S3,10,1426946,C4-e003Coalescence-mGAM-p7,101638
74,E4-e003Coalescence-mGAM-p5_S51,1,579225,C4-e003Coalescence-mGAM-p7,101638
75,G9-e003Coalescence-mGAM-p7_S174,0,622414,C4-e003Coalescence-mGAM-p7,101638
76,E8-e003Coalescence-mGAM-p3_S153,12,1489557,C4-e003Coalescence-mGAM-p7,101638
77,G100-e003Coalescence-mGAM-p7_S175,5,673821,C4-e003Coalescence-mGAM-p7,101638
78,G3-e003Coalescence-mBHI-p7_S122,5,531581,C4-e003Coalescence-mGAM-p7,101638
79,G4-e003Coalescence-mGAM-p5_S75,10,1533148,C4-e003Coalescence-mGAM-p7,101638
80,G8-e003Coalescence-mBHI-p3_S129,7,840340,C4-e003Coalescence-mGAM-p7,101638
81,G2-e003Coalescence-mGAM-p5_S73,8,1525280,C4-e003Coalescence-mGAM-p7,101638
82,E100-e003Coalescence-mGAM-p5_S55,10,1291155,C4-e003Coalescence-mGAM-p7,101638
83,G4-e003Coalescence-mGAM-p3_S83,12,1536688,C4-e003Coalescence-mGAM-p7,101638
84,F4-e003Coalescence-mBHI-p7_S111,0,477586,C4-e003Coalescence-mGAM-p7,101638
85,G4-e003Coalescence-mGAM-p7_S171,8,1471075,C4-e003Coalescence-mGAM-p7,101638
86,F100-e003Coalescence-mBHI-p7_S115,7,1350695,C4-e003Coalescence-mGAM-p7,101638
87,E3-e003Coalescence-mGAM-p7_S146,9,1297929,C4-e003Coalescence-mGAM-p7,101638
88,E3-e003Coalescence-mBHI-p5_S2,2,758841,C4-e003Coalescence-mGAM-p7,101638
89,G2-e003Coalescence-mBHI-p7_S121,9,1251923,C4-e003Coalescence-mGAM-p7,101638
90,F2-e003Coalescence-mBHI-p5_S13,8,1483168,C4-e003Coalescence-mGAM-p7,101638
91,F2-e003Coalescence-mGAM-p3_S69,5,1044013,C4-e003Coalescence-mGAM-p7,101638
92,G100-e003Coalescence-mGAM-p5_S79,6,1518875,C4-e003Coalescence-mGAM-p7,101638
93,E4-e003Coalescence-mGAM-p7_S147,5,1030477,C4-e003Coalescence-mGAM-p7,101638
94,E4-e003Coalescence-mGAM-p3_S59,9,1512400,C4-e003Coalescence-mGAM-p7,101638
95,H100-e003Coalescence-mBHI-p7_S139,9,1461470,C4-e003Coalescence-mGAM-p7,101638
96,G8-e003Coalescence-mBHI-p5_S29,11,757680,C4-e003Coalescence-mGAM-p7,101638
97,G2-e003Coalescence-mBHI-p5_S25,11,1534425,C4-e003Coalescence-mGAM-p7,101638
98,G8-e003Coalescence-mGAM-p7_S173,20,1390044,C4-e003Coalescence-mGAM-p7,101638
99,E4-e003Coalescence-mBHI-p3_S11,6,1489708,C4-e003Coalescence-mGAM-p7,101638
100,G9-e003Coalescence-mBHI-p5_S30,8,972978,C4-e003Coalescence-mGAM-p7,101638
101,E100-e003Coalescence-mGAM-p7_S151,9,1431882,C4-e003Coalescence-mGAM-p7,101638
102,G9-e003Coalescence-mGAM-p3_S178,6,1118807,C4-e003Coalescence-mGAM-p7,101638
103,G2-e003Coalescence-mGAM-p3_S81,8,1516772,C4-e003Coalescence-mGAM-p7,101638
104,G100-e003Coalescence-mBHI-p7_S127,3,560797,C4-e003Coalescence-mGAM-p7,101638
0,C9-e003Coalescence-mGAM-p3,0,712205,B10-e003Assembly-mGAM-p5,101638
1,C11-e003Coalescence-mBHI-p3,0,455308,B10-e003Assembly-mGAM-p5,101638
2,C9-e003Coalescence-mGAM-p7,0,500113,B10-e003Assembly-mGAM-p5,101638
3,C8-e003Coalescence-mGAM-p7,1,1423925,B10-e003Assembly-mGAM-p5,101638
4,D10-e003Coalescence-mBHI-p3,1,592022,B10-e003Assembly-mGAM-p5,101638
5,B2-e003Coalescence-mBHI-p3,0,640269,B10-e003Assembly-mGAM-p5,101638
6,A4-e003Coalescence-mBHI-p7,1,1046978,B10-e003Assembly-mGAM-p5,101638
7,B3-e003Coalescence-mBHI-p3,8,851498,B10-e003Assembly-mGAM-p5,101638
8,C2-e003Coalescence-mBHI-p5,1,1531728,B10-e003Assembly-mGAM-p5,101638
9,C4-e003GlycerolRevival-mBHI-p2,1,655282,B10-e003Assembly-mGAM-p5,101638
10,B2-e003Coalescence-mBHI-p5,1,1376755,B10-e003Assembly-mGAM-p5,101638
11,C4-e003Coalescence-mGAM-p7,1,1491174,B10-e003Assembly-mGAM-p5,101638
12,B10-e003Assembly-mGAM-p5,0,708824,B10-e003Assembly-mGAM-p5,101638
13,C2-e003Coalescence-mGAM-p7,1,1544636,B10-e003Assembly-mGAM-p5,101638
14,C9-e003Coalescence-mBHI-p5,1,843947,B10-e003Assembly-mGAM-p5,101638
15,C2-e003Coalescence-mBHI-p3,1,1550808,B10-e003Assembly-mGAM-p5,101638
16,C9-e003Coalescence-mBHI-p3,1,1477971,B10-e003Assembly-mGAM-p5,101638
17,D10-e003Coalescence-mGAM-p5,0,895834,B10-e003Assembly-mGAM-p5,101638
18,C2-e003Coalescence-mGAM-p3,1,1349817,B10-e003Assembly-mGAM-p5,101638
19,B10-e003Coalescence-mBHI-p5,0,751178,B10-e003Assembly-mGAM-p5,101638
20,C4-e003Coalescence-mGAM-p5,1,1406224,B10-e003Assembly-mGAM-p5,101638
21,D5-e003Coalescence-mBHI-p5,1,1486364,B10-e003Assembly-mGAM-p5,101638
22,D3-e003Assembly-mBHI-p3,3,768389,B10-e003Assembly-mGAM-p5,101638
23,C4-e003Coalescence-mGAM-p3,1,1546978,B10-e003Assembly-mGAM-p5,101638
24,D3-e003Assembly-mBHI-p5,3,1546651,B10-e003Assembly-mGAM-p5,101638
25,A10-e003Coalescence-mGAM-p3,0,1530862,B10-e003Assembly-mGAM-p5,101638
26,B2-e003Coalescence-mGAM-p3,1,442858,B10-e003Assembly-mGAM-p5,101638
27,D3-e003Coalescence-mGAM-p5,1,515212,B10-e003Assembly-mGAM-p5,101638
28,C10-e003Coalescence-mGAM-p3,1,1520946,B10-e003Assembly-mGAM-p5,101638
29,C3-e003Coalescence-Inoculumn-mGAM,0,473234,B10-e003Assembly-mGAM-p5,101638
30,D4-e003Coalescence-Inoculumn-mBHI,1,618720,B10-e003Assembly-mGAM-p5,101638
31,A4-e003Coalescence-mBHI-p5,1,958917,B10-e003Assembly-mGAM-p5,101638
32,D10-e003Coalescence-mGAM-p7,0,938266,B10-e003Assembly-mGAM-p5,101638
33,C11-e003Coalescence-mGAM-p3,1,727674,B10-e003Assembly-mGAM-p5,101638
34,C10-e003Coalescence-mBHI-p7,3,636171,B10-e003Assembly-mGAM-p5,101638
35,B10-e003Coalescence-mBHI-p3,0,1064478,B10-e003Assembly-mGAM-p5,101638
36,C11-e003Coalescence-mBHI-p5,1,1515011,B10-e003Assembly-mGAM-p5,101638
37,C2-e003Coalescence-Inoculumn-mGAM,0,514343,B10-e003Assembly-mGAM-p5,101638
38,B4-e003Coalescence-Inoculumn-mGAM,1,1527645,B10-e003Assembly-mGAM-p5,101638
39,A10-e003Coalescence-mGAM-p7,1,1119734,B10-e003Assembly-mGAM-p5,101638
40,C4-e003Coalescence-Inoculumn-mGAM,0,1354072,B10-e003Assembly-mGAM-p5,101638
41,B10-e003Assembly-mGAM-p3,1,526228,B10-e003Assembly-mGAM-p5,101638
42,D10-e003Coalescence-mBHI-p7,0,560357,B10-e003Assembly-mGAM-p5,101638
43,B10-e003GlycerolRevival-mGAM-p2,1,912883,B10-e003Assembly-mGAM-p5,101638
44,C10-e003Coalescence-mGAM-p5,0,1544682,B10-e003Assembly-mGAM-p5,101638
45,A3-e003Coalescence-mBHI-p3,1,444927,B10-e003Assembly-mGAM-p5,101638
46,A4-e003Coalescence-mBHI-p3,1,1204293,B10-e003Assembly-mGAM-p5,101638
47,C9-e003Coalescence-mGAM-p5,0,810866,B10-e003Assembly-mGAM-p5,101638
48,C2-e003Coalescence-mGAM-p5,1,1502257,B10-e003Assembly-mGAM-p5,101638
49,C8-e003Coalescence-mBHI-p5,4,1338159,B10-e003Assembly-mGAM-p5,101638
50,B4-e003Coalescence-Inoculumn-mBHI,4,563867,B10-e003Assembly-mGAM-p5,101638
51,C5-e003Coalescence-Inoculumn-mGAM,1,1530071,B10-e003Assembly-mGAM-p5,101638
52,C4-e003Coalescence-mBHI-p5,2,881699,B10-e003Assembly-mGAM-p5,101638
53,A4-e003Coalescence-Inoculumn-mGAM,1,1506279,B10-e003Assembly-mGAM-p5,101638
54,C2-e003Coalescence-mBHI-p7,0,569461,B10-e003Assembly-mGAM-p5,101638
55,C10-e003Coalescence-mGAM-p7,1,1547140,B10-e003Assembly-mGAM-p5,101638
56,C10-e003Coalescence-mBHI-p3,1,1524472,B10-e003Assembly-mGAM-p5,101638
57,H4-e003Coalescence-mGAM-p7_S183,2,991821,B10-e003Assembly-mGAM-p5,101638
58,F5-e003Coalescence-mGAM-p5_S64,0,468781,B10-e003Assembly-mGAM-p5,101638
59,F100-e003Coalescence-mGAM-p7_S163,1,1155108,B10-e003Assembly-mGAM-p5,101638
60,E3-e003Coalescence-mGAM-p3_S58,3,516408,B10-e003Assembly-mGAM-p5,101638
61,G4-e003Coalescence-mBHI-p5_S27,0,878137,B10-e003Assembly-mGAM-p5,101638
62,G2-e003Coalescence-mBHI-p3_S33,3,1521290,B10-e003Assembly-mGAM-p5,101638
63,G100-e003Coalescence-mGAM-p3_S179,2,1153539,B10-e003Assembly-mGAM-p5,101638
64,G111-e003Coalescence-mBHI-p5_S32,1,1154220,B10-e003Assembly-mGAM-p5,101638
65,E3-e003Coalescence-mBHI-p3_S10,1,711439,B10-e003Assembly-mGAM-p5,101638
66,F2-e003Coalescence-mGAM-p7_S157,2,556375,B10-e003Assembly-mGAM-p5,101638
67,E100-e003Coalescence-mGAM-p3_S155,2,1461251,B10-e003Assembly-mGAM-p5,101638
68,E3-e003Coalescence-mGAM-p5_S50,4,1371172,B10-e003Assembly-mGAM-p5,101638
69,H100-e003Coalescence-mBHI-p5_S43,1,925751,B10-e003Assembly-mGAM-p5,101638
70,F2-e003Coalescence-mGAM-p5_S61,3,1281223,B10-e003Assembly-mGAM-p5,101638
71,G100-e003Coalescence-mBHI-p5_S31,1,829979,B10-e003Assembly-mGAM-p5,101638
72,G4-e003Coalescence-mBHI-p3_S35,6,474244,B10-e003Assembly-mGAM-p5,101638
73,E4-e003Coalescence-mBHI-p5_S3,4,1426946,B10-e003Assembly-mGAM-p5,101638
74,E4-e003Coalescence-mGAM-p5_S51,0,579225,B10-e003Assembly-mGAM-p5,101638
75,G9-e003Coalescence-mGAM-p7_S174,1,622414,B10-e003Assembly-mGAM-p5,101638
76,E8-e003Coalescence-mGAM-p3_S153,4,1489557,B10-e003Assembly-mGAM-p5,101638
77,G100-e003Coalescence-mGAM-p7_S175,3,673821,B10-e003Assembly-mGAM-p5,101638
78,G3-e003Coalescence-mBHI-p7_S122,0,531581,B10-e003Assembly-mGAM-p5,101638
79,G4-e003Coalescence-mGAM-p5_S75,4,1533148,B10-e003Assembly-mGAM-p5,101638
80,G8-e003Coalescence-mBHI-p3_S129,0,840340,B10-e003Assembly-mGAM-p5,101638
81,G2-e003Coalescence-mGAM-p5_S73,3,1525280,B10-e003Assembly-mGAM-p5,101638
82,E100-e003Coalescence-mGAM-p5_S55,4,1291155,B10-e003Assembly-mGAM-p5,101638
83,G4-e003Coalescence-mGAM-p3_S83,4,1536688,B10-e003Assembly-mGAM-p5,101638
84,F4-e003Coalescence-mBHI-p7_S111,1,477586,B10-e003Assembly-mGAM-p5,101638
85,G4-e003Coalescence-mGAM-p7_S171,2,1471075,B10-e003Assembly-mGAM-p5,101638
86,F100-e003Coalescence-mBHI-p7_S115,4,1350695,B10-e003Assembly-mGAM-p5,101638
87,E3-e003Coalescence-mGAM-p7_S146,3,1297929,B10-e003Assembly-mGAM-p5,101638
88,E3-e003Coalescence-mBHI-p5_S2,0,758841,B10-e003Assembly-mGAM-p5,101638
89,G2-e003Coalescence-mBHI-p7_S121,4,1251923,B10-e003Assembly-mGAM-p5,101638
90,F2-e003Coalescence-mBHI-p5_S13,1,1483168,B10-e003Assembly-mGAM-p5,101638
91,F2-e003Coalescence-mGAM-p3_S69,1,1044013,B10-e003Assembly-mGAM-p5,101638
92,G100-e003Coalescence-mGAM-p5_S79,1,1518875,B10-e003Assembly-mGAM-p5,101638
93,E4-e003Coalescence-mGAM-p7_S147,3,1030477,B10-e003Assembly-mGAM-p5,101638
94,E4-e003Coalescence-mGAM-p3_S59,4,1512400,B10-e003Assembly-mGAM-p5,101638
95,H100-e003Coalescence-mBHI-p7_S139,4,1461470,B10-e003Assembly-mGAM-p5,101638
96,G8-e003Coalescence-mBHI-p5_S29,4,757680,B10-e003Assembly-mGAM-p5,101638
97,G2-e003Coalescence-mBHI-p5_S25,4,1534425,B10-e003Assembly-mGAM-p5,101638
98,G8-e003Coalescence-mGAM-p7_S173,4,1390044,B10-e003Assembly-mGAM-p5,101638
99,E4-e003Coalescence-mBHI-p3_S11,3,1489708,B10-e003Assembly-mGAM-p5,101638
100,G9-e003Coalescence-mBHI-p5_S30,3,972978,B10-e003Assembly-mGAM-p5,101638
101,E100-e003Coalescence-mGAM-p7_S151,4,1431882,B10-e003Assembly-mGAM-p5,101638
102,G9-e003Coalescence-mGAM-p3_S178,3,1118807,B10-e003Assembly-mGAM-p5,101638
103,G2-e003Coalescence-mGAM-p3_S81,3,1516772,B10-e003Assembly-mGAM-p5,101638
104,G100-e003Coalescence-mBHI-p7_S127,1,560797,B10-e003Assembly-mGAM-p5,101638
0,C9-e003Coalescence-mGAM-p3,15,712205,C2-e003Coalescence-mGAM-p7,101638
1,C11-e003Coalescence-mBHI-p3,3,455308,C2-e003Coalescence-mGAM-p7,101638
2,C9-e003Coalescence-mGAM-p7,9,500113,C2-e003Coalescence-mGAM-p7,101638
3,C8-e003Coalescence-mGAM-p7,1,1423925,C2-e003Coalescence-mGAM-p7,101638
4,D10-e003Coalescence-mBHI-p3,21,592022,C2-e003Coalescence-mGAM-p7,101638
5,B2-e003Coalescence-mBHI-p3,10,640269,C2-e003Coalescence-mGAM-p7,101638
6,A4-e003Coalescence-mBHI-p7,0,1046978,C2-e003Coalescence-mGAM-p7,101638
7,B3-e003Coalescence-mBHI-p3,24,851498,C2-e003Coalescence-mGAM-p7,101638
8,C2-e003Coalescence-mBHI-p5,0,1531728,C2-e003Coalescence-mGAM-p7,101638
9,C4-e003GlycerolRevival-mBHI-p2,17,655282,C2-e003Coalescence-mGAM-p7,101638
10,B2-e003Coalescence-mBHI-p5,6,1376755,C2-e003Coalescence-mGAM-p7,101638
11,C4-e003Coalescence-mGAM-p7,0,1491174,C2-e003Coalescence-mGAM-p7,101638
12,B10-e003Assembly-mGAM-p5,0,708824,C2-e003Coalescence-mGAM-p7,101638
13,C2-e003Coalescence-mGAM-p7,0,1544636,C2-e003Coalescence-mGAM-p7,101638
14,C9-e003Coalescence-mBHI-p5,21,843947,C2-e003Coalescence-mGAM-p7,101638
15,C2-e003Coalescence-mBHI-p3,1,1550808,C2-e003Coalescence-mGAM-p7,101638
16,C9-e003Coalescence-mBHI-p3,18,1477971,C2-e003Coalescence-mGAM-p7,101638
17,D10-e003Coalescence-mGAM-p5,22,895834,C2-e003Coalescence-mGAM-p7,101638
18,C2-e003Coalescence-mGAM-p3,0,1349817,C2-e003Coalescence-mGAM-p7,101638
19,B10-e003Coalescence-mBHI-p5,3,751178,C2-e003Coalescence-mGAM-p7,101638
20,C4-e003Coalescence-mGAM-p5,0,1406224,C2-e003Coalescence-mGAM-p7,101638
21,D5-e003Coalescence-mBHI-p5,1,1486364,C2-e003Coalescence-mGAM-p7,101638
22,D3-e003Assembly-mBHI-p3,13,768389,C2-e003Coalescence-mGAM-p7,101638
23,C4-e003Coalescence-mGAM-p3,1,1546978,C2-e003Coalescence-mGAM-p7,101638
24,D3-e003Assembly-mBHI-p5,15,1546651,C2-e003Coalescence-mGAM-p7,101638
25,A10-e003Coalescence-mGAM-p3,0,1530862,C2-e003Coalescence-mGAM-p7,101638
26,B2-e003Coalescence-mGAM-p3,2,442858,C2-e003Coalescence-mGAM-p7,101638
27,D3-e003Coalescence-mGAM-p5,6,515212,C2-e003Coalescence-mGAM-p7,101638
28,C10-e003Coalescence-mGAM-p3,1,1520946,C2-e003Coalescence-mGAM-p7,101638
29,C3-e003Coalescence-Inoculumn-mGAM,0,473234,C2-e003Coalescence-mGAM-p7,101638
30,D4-e003Coalescence-Inoculumn-mBHI,4,618720,C2-e003Coalescence-mGAM-p7,101638
31,A4-e003Coalescence-mBHI-p5,1,958917,C2-e003Coalescence-mGAM-p7,101638
32,D10-e003Coalescence-mGAM-p7,8,938266,C2-e003Coalescence-mGAM-p7,101638
33,C11-e003Coalescence-mGAM-p3,27,727674,C2-e003Coalescence-mGAM-p7,101638
34,C10-e003Coalescence-mBHI-p7,19,636171,C2-e003Coalescence-mGAM-p7,101638
35,B10-e003Coalescence-mBHI-p3,10,1064478,C2-e003Coalescence-mGAM-p7,101638
36,C11-e003Coalescence-mBHI-p5,6,1515011,C2-e003Coalescence-mGAM-p7,101638
37,C2-e003Coalescence-Inoculumn-mGAM,1,514343,C2-e003Coalescence-mGAM-p7,101638
38,B4-e003Coalescence-Inoculumn-mGAM,20,1527645,C2-e003Coalescence-mGAM-p7,101638
39,A10-e003Coalescence-mGAM-p7,0,1119734,C2-e003Coalescence-mGAM-p7,101638
40,C4-e003Coalescence-Inoculumn-mGAM,0,1354072,C2-e003Coalescence-mGAM-p7,101638
41,B10-e003Assembly-mGAM-p3,0,526228,C2-e003Coalescence-mGAM-p7,101638
42,D10-e003Coalescence-mBHI-p7,6,560357,C2-e003Coalescence-mGAM-p7,101638
43,B10-e003GlycerolRevival-mGAM-p2,0,912883,C2-e003Coalescence-mGAM-p7,101638
44,C10-e003Coalescence-mGAM-p5,2,1544682,C2-e003Coalescence-mGAM-p7,101638
45,A3-e003Coalescence-mBHI-p3,8,444927,C2-e003Coalescence-mGAM-p7,101638
46,A4-e003Coalescence-mBHI-p3,0,1204293,C2-e003Coalescence-mGAM-p7,101638
47,C9-e003Coalescence-mGAM-p5,13,810866,C2-e003Coalescence-mGAM-p7,101638
48,C2-e003Coalescence-mGAM-p5,0,1502257,C2-e003Coalescence-mGAM-p7,101638
49,C8-e003Coalescence-mBHI-p5,9,1338159,C2-e003Coalescence-mGAM-p7,101638
50,B4-e003Coalescence-Inoculumn-mBHI,9,563867,C2-e003Coalescence-mGAM-p7,101638
51,C5-e003Coalescence-Inoculumn-mGAM,2,1530071,C2-e003Coalescence-mGAM-p7,101638
52,C4-e003Coalescence-mBHI-p5,15,881699,C2-e003Coalescence-mGAM-p7,101638
53,A4-e003Coalescence-Inoculumn-mGAM,1,1506279,C2-e003Coalescence-mGAM-p7,101638
54,C2-e003Coalescence-mBHI-p7,0,569461,C2-e003Coalescence-mGAM-p7,101638
55,C10-e003Coalescence-mGAM-p7,0,1547140,C2-e003Coalescence-mGAM-p7,101638
56,C10-e003Coalescence-mBHI-p3,5,1524472,C2-e003Coalescence-mGAM-p7,101638
57,H4-e003Coalescence-mGAM-p7_S183,8,991821,C2-e003Coalescence-mGAM-p7,101638
58,F5-e003Coalescence-mGAM-p5_S64,3,468781,C2-e003Coalescence-mGAM-p7,101638
59,F100-e003Coalescence-mGAM-p7_S163,13,1155108,C2-e003Coalescence-mGAM-p7,101638
60,E3-e003Coalescence-mGAM-p3_S58,8,516408,C2-e003Coalescence-mGAM-p7,101638
61,G4-e003Coalescence-mBHI-p5_S27,6,878137,C2-e003Coalescence-mGAM-p7,101638
62,G2-e003Coalescence-mBHI-p3_S33,6,1521290,C2-e003Coalescence-mGAM-p7,101638
63,G100-e003Coalescence-mGAM-p3_S179,2,1153539,C2-e003Coalescence-mGAM-p7,101638
64,G111-e003Coalescence-mBHI-p5_S32,25,1154220,C2-e003Coalescence-mGAM-p7,101638
65,E3-e003Coalescence-mBHI-p3_S10,5,711439,C2-e003Coalescence-mGAM-p7,101638
66,F2-e003Coalescence-mGAM-p7_S157,2,556375,C2-e003Coalescence-mGAM-p7,101638
67,E100-e003Coalescence-mGAM-p3_S155,5,1461251,C2-e003Coalescence-mGAM-p7,101638
68,E3-e003Coalescence-mGAM-p5_S50,6,1371172,C2-e003Coalescence-mGAM-p7,101638
69,H100-e003Coalescence-mBHI-p5_S43,23,925751,C2-e003Coalescence-mGAM-p7,101638
70,F2-e003Coalescence-mGAM-p5_S61,2,1281223,C2-e003Coalescence-mGAM-p7,101638
71,G100-e003Coalescence-mBHI-p5_S31,2,829979,C2-e003Coalescence-mGAM-p7,101638
72,G4-e003Coalescence-mBHI-p3_S35,6,474244,C2-e003Coalescence-mGAM-p7,101638
73,E4-e003Coalescence-mBHI-p5_S3,10,1426946,C2-e003Coalescence-mGAM-p7,101638
74,E4-e003Coalescence-mGAM-p5_S51,1,579225,C2-e003Coalescence-mGAM-p7,101638
75,G9-e003Coalescence-mGAM-p7_S174,19,622414,C2-e003Coalescence-mGAM-p7,101638
76,E8-e003Coalescence-mGAM-p3_S153,10,1489557,C2-e003Coalescence-mGAM-p7,101638
77,G100-e003Coalescence-mGAM-p7_S175,5,673821,C2-e003Coalescence-mGAM-p7,101638
78,G3-e003Coalescence-mBHI-p7_S122,24,531581,C2-e003Coalescence-mGAM-p7,101638
79,G4-e003Coalescence-mGAM-p5_S75,8,1533148,C2-e003Coalescence-mGAM-p7,101638
80,G8-e003Coalescence-mBHI-p3_S129,6,840340,C2-e003Coalescence-mGAM-p7,101638
81,G2-e003Coalescence-mGAM-p5_S73,8,1525280,C2-e003Coalescence-mGAM-p7,101638
82,E100-e003Coalescence-mGAM-p5_S55,6,1291155,C2-e003Coalescence-mGAM-p7,101638
83,G4-e003Coalescence-mGAM-p3_S83,10,1536688,C2-e003Coalescence-mGAM-p7,101638
84,F4-e003Coalescence-mBHI-p7_S111,15,477586,C2-e003Coalescence-mGAM-p7,101638
85,G4-e003Coalescence-mGAM-p7_S171,8,1471075,C2-e003Coalescence-mGAM-p7,101638
86,F100-e003Coalescence-mBHI-p7_S115,28,1350695,C2-e003Coalescence-mGAM-p7,101638
87,E3-e003Coalescence-mGAM-p7_S146,8,1297929,C2-e003Coalescence-mGAM-p7,101638
88,E3-e003Coalescence-mBHI-p5_S2,2,758841,C2-e003Coalescence-mGAM-p7,101638
89,G2-e003Coalescence-mBHI-p7_S121,9,1251923,C2-e003Coalescence-mGAM-p7,101638
90,F2-e003Coalescence-mBHI-p5_S13,6,1483168,C2-e003Coalescence-mGAM-p7,101638
91,F2-e003Coalescence-mGAM-p3_S69,2,1044013,C2-e003Coalescence-mGAM-p7,101638
92,G100-e003Coalescence-mGAM-p5_S79,3,1518875,C2-e003Coalescence-mGAM-p7,101638
93,E4-e003Coalescence-mGAM-p7_S147,5,1030477,C2-e003Coalescence-mGAM-p7,101638
94,E4-e003Coalescence-mGAM-p3_S59,9,1512400,C2-e003Coalescence-mGAM-p7,101638
95,H100-e003Coalescence-mBHI-p7_S139,33,1461470,C2-e003Coalescence-mGAM-p7,101638
96,G8-e003Coalescence-mBHI-p5_S29,12,757680,C2-e003Coalescence-mGAM-p7,101638
97,G2-e003Coalescence-mBHI-p5_S25,9,1534425,C2-e003Coalescence-mGAM-p7,101638
98,G8-e003Coalescence-mGAM-p7_S173,17,1390044,C2-e003Coalescence-mGAM-p7,101638
99,E4-e003Coalescence-mBHI-p3_S11,6,1489708,C2-e003Coalescence-mGAM-p7,101638
100,G9-e003Coalescence-mBHI-p5_S30,19,972978,C2-e003Coalescence-mGAM-p7,101638
101,E100-e003Coalescence-mGAM-p7_S151,9,1431882,C2-e003Coalescence-mGAM-p7,101638
102,G9-e003Coalescence-mGAM-p3_S178,26,1118807,C2-e003Coalescence-mGAM-p7,101638
103,G2-e003Coalescence-mGAM-p3_S81,8,1516772,C2-e003Coalescence-mGAM-p7,101638
104,G100-e003Coalescence-mBHI-p7_S127,10,560797,C2-e003Coalescence-mGAM-p7,101638
0,C9-e003Coalescence-mGAM-p3,0,712205,C9-e003Coalescence-mBHI-p5,101638
1,C11-e003Coalescence-mBHI-p3,1,455308,C9-e003Coalescence-mBHI-p5,101638
2,C9-e003Coalescence-mGAM-p7,0,500113,C9-e003Coalescence-mBHI-p5,101638
3,C8-e003Coalescence-mGAM-p7,25,1423925,C9-e003Coalescence-mBHI-p5,101638
4,D10-e003Coalescence-mBHI-p3,6,592022,C9-e003Coalescence-mBHI-p5,101638
5,B2-e003Coalescence-mBHI-p3,12,640269,C9-e003Coalescence-mBHI-p5,101638
6,A4-e003Coalescence-mBHI-p7,30,1046978,C9-e003Coalescence-mBHI-p5,101638
7,B3-e003Coalescence-mBHI-p3,12,851498,C9-e003Coalescence-mBHI-p5,101638
8,C2-e003Coalescence-mBHI-p5,28,1531728,C9-e003Coalescence-mBHI-p5,101638
9,C4-e003GlycerolRevival-mBHI-p2,0,655282,C9-e003Coalescence-mBHI-p5,101638
10,B2-e003Coalescence-mBHI-p5,32,1376755,C9-e003Coalescence-mBHI-p5,101638
11,C4-e003Coalescence-mGAM-p7,0,1491174,C9-e003Coalescence-mBHI-p5,101638
12,B10-e003Assembly-mGAM-p5,1,708824,C9-e003Coalescence-mBHI-p5,101638
13,C2-e003Coalescence-mGAM-p7,21,1544636,C9-e003Coalescence-mBHI-p5,101638
14,C9-e003Coalescence-mBHI-p5,0,843947,C9-e003Coalescence-mBHI-p5,101638
15,C2-e003Coalescence-mBHI-p3,34,1550808,C9-e003Coalescence-mBHI-p5,101638
16,C9-e003Coalescence-mBHI-p3,6,1477971,C9-e003Coalescence-mBHI-p5,101638
17,D10-e003Coalescence-mGAM-p5,4,895834,C9-e003Coalescence-mBHI-p5,101638
18,C2-e003Coalescence-mGAM-p3,28,1349817,C9-e003Coalescence-mBHI-p5,101638
19,B10-e003Coalescence-mBHI-p5,0,751178,C9-e003Coalescence-mBHI-p5,101638
20,C4-e003Coalescence-mGAM-p5,0,1406224,C9-e003Coalescence-mBHI-p5,101638
21,D5-e003Coalescence-mBHI-p5,28,1486364,C9-e003Coalescence-mBHI-p5,101638
22,D3-e003Assembly-mBHI-p3,6,768389,C9-e003Coalescence-mBHI-p5,101638
23,C4-e003Coalescence-mGAM-p3,0,1546978,C9-e003Coalescence-mBHI-p5,101638
24,D3-e003Assembly-mBHI-p5,7,1546651,C9-e003Coalescence-mBHI-p5,101638
25,A10-e003Coalescence-mGAM-p3,36,1530862,C9-e003Coalescence-mBHI-p5,101638
26,B2-e003Coalescence-mGAM-p3,27,442858,C9-e003Coalescence-mBHI-p5,101638
27,D3-e003Coalescence-mGAM-p5,2,515212,C9-e003Coalescence-mBHI-p5,101638
28,C10-e003Coalescence-mGAM-p3,3,1520946,C9-e003Coalescence-mBHI-p5,101638
29,C3-e003Coalescence-Inoculumn-mGAM,0,473234,C9-e003Coalescence-mBHI-p5,101638
30,D4-e003Coalescence-Inoculumn-mBHI,3,618720,C9-e003Coalescence-mBHI-p5,101638
31,A4-e003Coalescence-mBHI-p5,26,958917,C9-e003Coalescence-mBHI-p5,101638
32,D10-e003Coalescence-mGAM-p7,0,938266,C9-e003Coalescence-mBHI-p5,101638
33,C11-e003Coalescence-mGAM-p3,4,727674,C9-e003Coalescence-mBHI-p5,101638
34,C10-e003Coalescence-mBHI-p7,12,636171,C9-e003Coalescence-mBHI-p5,101638
35,B10-e003Coalescence-mBHI-p3,0,1064478,C9-e003Coalescence-mBHI-p5,101638
36,C11-e003Coalescence-mBHI-p5,4,1515011,C9-e003Coalescence-mBHI-p5,101638
37,C2-e003Coalescence-Inoculumn-mGAM,0,514343,C9-e003Coalescence-mBHI-p5,101638
38,B4-e003Coalescence-Inoculumn-mGAM,1,1527645,C9-e003Coalescence-mBHI-p5,101638
39,A10-e003Coalescence-mGAM-p7,7,1119734,C9-e003Coalescence-mBHI-p5,101638
40,C4-e003Coalescence-Inoculumn-mGAM,4,1354072,C9-e003Coalescence-mBHI-p5,101638
41,B10-e003Assembly-mGAM-p3,2,526228,C9-e003Coalescence-mBHI-p5,101638
42,D10-e003Coalescence-mBHI-p7,2,560357,C9-e003Coalescence-mBHI-p5,101638
43,B10-e003GlycerolRevival-mGAM-p2,0,912883,C9-e003Coalescence-mBHI-p5,101638
44,C10-e003Coalescence-mGAM-p5,2,1544682,C9-e003Coalescence-mBHI-p5,101638
45,A3-e003Coalescence-mBHI-p3,13,444927,C9-e003Coalescence-mBHI-p5,101638
46,A4-e003Coalescence-mBHI-p3,31,1204293,C9-e003Coalescence-mBHI-p5,101638
47,C9-e003Coalescence-mGAM-p5,1,810866,C9-e003Coalescence-mBHI-p5,101638
48,C2-e003Coalescence-mGAM-p5,32,1502257,C9-e003Coalescence-mBHI-p5,101638
49,C8-e003Coalescence-mBHI-p5,9,1338159,C9-e003Coalescence-mBHI-p5,101638
50,B4-e003Coalescence-Inoculumn-mBHI,4,563867,C9-e003Coalescence-mBHI-p5,101638
51,C5-e003Coalescence-Inoculumn-mGAM,0,1530071,C9-e003Coalescence-mBHI-p5,101638
52,C4-e003Coalescence-mBHI-p5,7,881699,C9-e003Coalescence-mBHI-p5,101638
53,A4-e003Coalescence-Inoculumn-mGAM,20,1506279,C9-e003Coalescence-mBHI-p5,101638
54,C2-e003Coalescence-mBHI-p7,0,569461,C9-e003Coalescence-mBHI-p5,101638
55,C10-e003Coalescence-mGAM-p7,0,1547140,C9-e003Coalescence-mBHI-p5,101638
56,C10-e003Coalescence-mBHI-p3,2,1524472,C9-e003Coalescence-mBHI-p5,101638
57,H4-e003Coalescence-mGAM-p7_S183,2,991821,C9-e003Coalescence-mBHI-p5,101638
58,F5-e003Coalescence-mGAM-p5_S64,0,468781,C9-e003Coalescence-mBHI-p5,101638
59,F100-e003Coalescence-mGAM-p7_S163,1,1155108,C9-e003Coalescence-mBHI-p5,101638
60,E3-e003Coalescence-mGAM-p3_S58,17,516408,C9-e003Coalescence-mBHI-p5,101638
61,G4-e003Coalescence-mBHI-p5_S27,4,878137,C9-e003Coalescence-mBHI-p5,101638
62,G2-e003Coalescence-mBHI-p3_S33,19,1521290,C9-e003Coalescence-mBHI-p5,101638
63,G100-e003Coalescence-mGAM-p3_S179,0,1153539,C9-e003Coalescence-mBHI-p5,101638
64,G111-e003Coalescence-mBHI-p5_S32,7,1154220,C9-e003Coalescence-mBHI-p5,101638
65,E3-e003Coalescence-mBHI-p3_S10,18,711439,C9-e003Coalescence-mBHI-p5,101638
66,F2-e003Coalescence-mGAM-p7_S157,3,556375,C9-e003Coalescence-mBHI-p5,101638
67,E100-e003Coalescence-mGAM-p3_S155,27,1461251,C9-e003Coalescence-mBHI-p5,101638
68,E3-e003Coalescence-mGAM-p5_S50,14,1371172,C9-e003Coalescence-mBHI-p5,101638
69,H100-e003Coalescence-mBHI-p5_S43,3,925751,C9-e003Coalescence-mBHI-p5,101638
70,F2-e003Coalescence-mGAM-p5_S61,2,1281223,C9-e003Coalescence-mBHI-p5,101638
71,G100-e003Coalescence-mBHI-p5_S31,2,829979,C9-e003Coalescence-mBHI-p5,101638
72,G4-e003Coalescence-mBHI-p3_S35,0,474244,C9-e003Coalescence-mBHI-p5,101638
73,E4-e003Coalescence-mBHI-p5_S3,34,1426946,C9-e003Coalescence-mBHI-p5,101638
74,E4-e003Coalescence-mGAM-p5_S51,22,579225,C9-e003Coalescence-mBHI-p5,101638
75,G9-e003Coalescence-mGAM-p7_S174,0,622414,C9-e003Coalescence-mBHI-p5,101638
76,E8-e003Coalescence-mGAM-p3_S153,3,1489557,C9-e003Coalescence-mBHI-p5,101638
77,G100-e003Coalescence-mGAM-p7_S175,3,673821,C9-e003Coalescence-mBHI-p5,101638
78,G3-e003Coalescence-mBHI-p7_S122,1,531581,C9-e003Coalescence-mBHI-p5,101638
79,G4-e003Coalescence-mGAM-p5_S75,2,1533148,C9-e003Coalescence-mBHI-p5,101638
80,G8-e003Coalescence-mBHI-p3_S129,8,840340,C9-e003Coalescence-mBHI-p5,101638
81,G2-e003Coalescence-mGAM-p5_S73,27,1525280,C9-e003Coalescence-mBHI-p5,101638
82,E100-e003Coalescence-mGAM-p5_S55,30,1291155,C9-e003Coalescence-mBHI-p5,101638
83,G4-e003Coalescence-mGAM-p3_S83,2,1536688,C9-e003Coalescence-mBHI-p5,101638
84,F4-e003Coalescence-mBHI-p7_S111,5,477586,C9-e003Coalescence-mBHI-p5,101638
85,G4-e003Coalescence-mGAM-p7_S171,2,1471075,C9-e003Coalescence-mBHI-p5,101638
86,F100-e003Coalescence-mBHI-p7_S115,3,1350695,C9-e003Coalescence-mBHI-p5,101638
87,E3-e003Coalescence-mGAM-p7_S146,7,1297929,C9-e003Coalescence-mBHI-p5,101638
88,E3-e003Coalescence-mBHI-p5_S2,17,758841,C9-e003Coalescence-mBHI-p5,101638
89,G2-e003Coalescence-mBHI-p7_S121,12,1251923,C9-e003Coalescence-mBHI-p5,101638
90,F2-e003Coalescence-mBHI-p5_S13,12,1483168,C9-e003Coalescence-mBHI-p5,101638
91,F2-e003Coalescence-mGAM-p3_S69,1,1044013,C9-e003Coalescence-mBHI-p5,101638
92,G100-e003Coalescence-mGAM-p5_S79,3,1518875,C9-e003Coalescence-mBHI-p5,101638
93,E4-e003Coalescence-mGAM-p7_S147,10,1030477,C9-e003Coalescence-mBHI-p5,101638
94,E4-e003Coalescence-mGAM-p3_S59,19,1512400,C9-e003Coalescence-mBHI-p5,101638
95,H100-e003Coalescence-mBHI-p7_S139,10,1461470,C9-e003Coalescence-mBHI-p5,101638
96,G8-e003Coalescence-mBHI-p5_S29,10,757680,C9-e003Coalescence-mBHI-p5,101638
97,G2-e003Coalescence-mBHI-p5_S25,4,1534425,C9-e003Coalescence-mBHI-p5,101638
98,G8-e003Coalescence-mGAM-p7_S173,34,1390044,C9-e003Coalescence-mBHI-p5,101638
99,E4-e003Coalescence-mBHI-p3_S11,26,1489708,C9-e003Coalescence-mBHI-p5,101638
100,G9-e003Coalescence-mBHI-p5_S30,0,972978,C9-e003Coalescence-mBHI-p5,101638
101,E100-e003Coalescence-mGAM-p7_S151,32,1431882,C9-e003Coalescence-mBHI-p5,101638
102,G9-e003Coalescence-mGAM-p3_S178,6,1118807,C9-e003Coalescence-mBHI-p5,101638
103,G2-e003Coalescence-mGAM-p3_S81,29,1516772,C9-e003Coalescence-mBHI-p5,101638
104,G100-e003Coalescence-mBHI-p7_S127,3,560797,C9-e003Coalescence-mBHI-p5,101638
0,C9-e003Coalescence-mGAM-p3,25,712205,C2-e003Coalescence-mBHI-p3,101638
1,C11-e003Coalescence-mBHI-p3,3,455308,C2-e003Coalescence-mBHI-p3,101638
2,C9-e003Coalescence-mGAM-p7,29,500113,C2-e003Coalescence-mBHI-p3,101638
3,C8-e003Coalescence-mGAM-p7,2,1423925,C2-e003Coalescence-mBHI-p3,101638
4,D10-e003Coalescence-mBHI-p3,29,592022,C2-e003Coalescence-mBHI-p3,101638
5,B2-e003Coalescence-mBHI-p3,2,640269,C2-e003Coalescence-mBHI-p3,101638
6,A4-e003Coalescence-mBHI-p7,0,1046978,C2-e003Coalescence-mBHI-p3,101638
7,B3-e003Coalescence-mBHI-p3,33,851498,C2-e003Coalescence-mBHI-p3,101638
8,C2-e003Coalescence-mBHI-p5,0,1531728,C2-e003Coalescence-mBHI-p3,101638
9,C4-e003GlycerolRevival-mBHI-p2,24,655282,C2-e003Coalescence-mBHI-p3,101638
10,B2-e003Coalescence-mBHI-p5,5,1376755,C2-e003Coalescence-mBHI-p3,101638
11,C4-e003Coalescence-mGAM-p7,0,1491174,C2-e003Coalescence-mBHI-p3,101638
12,B10-e003Assembly-mGAM-p5,1,708824,C2-e003Coalescence-mBHI-p3,101638
13,C2-e003Coalescence-mGAM-p7,0,1544636,C2-e003Coalescence-mBHI-p3,101638
14,C9-e003Coalescence-mBHI-p5,34,843947,C2-e003Coalescence-mBHI-p3,101638
15,C2-e003Coalescence-mBHI-p3,0,1550808,C2-e003Coalescence-mBHI-p3,101638
16,C9-e003Coalescence-mBHI-p3,35,1477971,C2-e003Coalescence-mBHI-p3,101638
17,D10-e003Coalescence-mGAM-p5,27,895834,C2-e003Coalescence-mBHI-p3,101638
18,C2-e003Coalescence-mGAM-p3,0,1349817,C2-e003Coalescence-mBHI-p3,101638
19,B10-e003Coalescence-mBHI-p5,17,751178,C2-e003Coalescence-mBHI-p3,101638
20,C4-e003Coalescence-mGAM-p5,0,1406224,C2-e003Coalescence-mBHI-p3,101638
21,D5-e003Coalescence-mBHI-p5,1,1486364,C2-e003Coalescence-mBHI-p3,101638
22,D3-e003Assembly-mBHI-p3,23,768389,C2-e003Coalescence-mBHI-p3,101638
23,C4-e003Coalescence-mGAM-p3,0,1546978,C2-e003Coalescence-mBHI-p3,101638
24,D3-e003Assembly-mBHI-p5,20,1546651,C2-e003Coalescence-mBHI-p3,101638
25,A10-e003Coalescence-mGAM-p3,1,1530862,C2-e003Coalescence-mBHI-p3,101638
26,B2-e003Coalescence-mGAM-p3,4,442858,C2-e003Coalescence-mBHI-p3,101638
27,D3-e003Coalescence-mGAM-p5,4,515212,C2-e003Coalescence-mBHI-p3,101638
28,C10-e003Coalescence-mGAM-p3,3,1520946,C2-e003Coalescence-mBHI-p3,101638
29,C3-e003Coalescence-Inoculumn-mGAM,3,473234,C2-e003Coalescence-mBHI-p3,101638
30,D4-e003Coalescence-Inoculumn-mBHI,4,618720,C2-e003Coalescence-mBHI-p3,101638
31,A4-e003Coalescence-mBHI-p5,0,958917,C2-e003Coalescence-mBHI-p3,101638
32,D10-e003Coalescence-mGAM-p7,10,938266,C2-e003Coalescence-mBHI-p3,101638
33,C11-e003Coalescence-mGAM-p3,34,727674,C2-e003Coalescence-mBHI-p3,101638
34,C10-e003Coalescence-mBHI-p7,21,636171,C2-e003Coalescence-mBHI-p3,101638
35,B10-e003Coalescence-mBHI-p3,24,1064478,C2-e003Coalescence-mBHI-p3,101638
36,C11-e003Coalescence-mBHI-p5,10,1515011,C2-e003Coalescence-mBHI-p3,101638
37,C2-e003Coalescence-Inoculumn-mGAM,0,514343,C2-e003Coalescence-mBHI-p3,101638
38,B4-e003Coalescence-Inoculumn-mGAM,41,1527645,C2-e003Coalescence-mBHI-p3,101638
39,A10-e003Coalescence-mGAM-p7,0,1119734,C2-e003Coalescence-mBHI-p3,101638
40,C4-e003Coalescence-Inoculumn-mGAM,0,1354072,C2-e003Coalescence-mBHI-p3,101638
41,B10-e003Assembly-mGAM-p3,3,526228,C2-e003Coalescence-mBHI-p3,101638
42,D10-e003Coalescence-mBHI-p7,9,560357,C2-e003Coalescence-mBHI-p3,101638
43,B10-e003GlycerolRevival-mGAM-p2,2,912883,C2-e003Coalescence-mBHI-p3,101638
44,C10-e003Coalescence-mGAM-p5,4,1544682,C2-e003Coalescence-mBHI-p3,101638
45,A3-e003Coalescence-mBHI-p3,2,444927,C2-e003Coalescence-mBHI-p3,101638
46,A4-e003Coalescence-mBHI-p3,0,1204293,C2-e003Coalescence-mBHI-p3,101638
47,C9-e003Coalescence-mGAM-p5,33,810866,C2-e003Coalescence-mBHI-p3,101638
48,C2-e003Coalescence-mGAM-p5,0,1502257,C2-e003Coalescence-mBHI-p3,101638
49,C8-e003Coalescence-mBHI-p5,9,1338159,C2-e003Coalescence-mBHI-p3,101638
50,B4-e003Coalescence-Inoculumn-mBHI,12,563867,C2-e003Coalescence-mBHI-p3,101638
51,C5-e003Coalescence-Inoculumn-mGAM,3,1530071,C2-e003Coalescence-mBHI-p3,101638
52,C4-e003Coalescence-mBHI-p5,15,881699,C2-e003Coalescence-mBHI-p3,101638
53,A4-e003Coalescence-Inoculumn-mGAM,0,1506279,C2-e003Coalescence-mBHI-p3,101638
54,C2-e003Coalescence-mBHI-p7,1,569461,C2-e003Coalescence-mBHI-p3,101638
55,C10-e003Coalescence-mGAM-p7,1,1547140,C2-e003Coalescence-mBHI-p3,101638
56,C10-e003Coalescence-mBHI-p3,4,1524472,C2-e003Coalescence-mBHI-p3,101638
57,H4-e003Coalescence-mGAM-p7_S183,9,991821,C2-e003Coalescence-mBHI-p3,101638
58,F5-e003Coalescence-mGAM-p5_S64,3,468781,C2-e003Coalescence-mBHI-p3,101638
59,F100-e003Coalescence-mGAM-p7_S163,14,1155108,C2-e003Coalescence-mBHI-p3,101638
60,E3-e003Coalescence-mGAM-p3_S58,6,516408,C2-e003Coalescence-mBHI-p3,101638
61,G4-e003Coalescence-mBHI-p5_S27,5,878137,C2-e003Coalescence-mBHI-p3,101638
62,G2-e003Coalescence-mBHI-p3_S33,5,1521290,C2-e003Coalescence-mBHI-p3,101638
63,G100-e003Coalescence-mGAM-p3_S179,3,1153539,C2-e003Coalescence-mBHI-p3,101638
64,G111-e003Coalescence-mBHI-p5_S32,41,1154220,C2-e003Coalescence-mBHI-p3,101638
65,E3-e003Coalescence-mBHI-p3_S10,6,711439,C2-e003Coalescence-mBHI-p3,101638
66,F2-e003Coalescence-mGAM-p7_S157,2,556375,C2-e003Coalescence-mBHI-p3,101638
67,E100-e003Coalescence-mGAM-p3_S155,6,1461251,C2-e003Coalescence-mBHI-p3,101638
68,E3-e003Coalescence-mGAM-p5_S50,8,1371172,C2-e003Coalescence-mBHI-p3,101638
69,H100-e003Coalescence-mBHI-p5_S43,31,925751,C2-e003Coalescence-mBHI-p3,101638
70,F2-e003Coalescence-mGAM-p5_S61,3,1281223,C2-e003Coalescence-mBHI-p3,101638
71,G100-e003Coalescence-mBHI-p5_S31,2,829979,C2-e003Coalescence-mBHI-p3,101638
72,G4-e003Coalescence-mBHI-p3_S35,11,474244,C2-e003Coalescence-mBHI-p3,101638
73,E4-e003Coalescence-mBHI-p5_S3,9,1426946,C2-e003Coalescence-mBHI-p3,101638
74,E4-e003Coalescence-mGAM-p5_S51,0,579225,C2-e003Coalescence-mBHI-p3,101638
75,G9-e003Coalescence-mGAM-p7_S174,26,622414,C2-e003Coalescence-mBHI-p3,101638
76,E8-e003Coalescence-mGAM-p3_S153,10,1489557,C2-e003Coalescence-mBHI-p3,101638
77,G100-e003Coalescence-mGAM-p7_S175,5,673821,C2-e003Coalescence-mBHI-p3,101638
78,G3-e003Coalescence-mBHI-p7_S122,31,531581,C2-e003Coalescence-mBHI-p3,101638
79,G4-e003Coalescence-mGAM-p5_S75,7,1533148,C2-e003Coalescence-mBHI-p3,101638
80,G8-e003Coalescence-mBHI-p3_S129,7,840340,C2-e003Coalescence-mBHI-p3,101638
81,G2-e003Coalescence-mGAM-p5_S73,8,1525280,C2-e003Coalescence-mBHI-p3,101638
82,E100-e003Coalescence-mGAM-p5_S55,6,1291155,C2-e003Coalescence-mBHI-p3,101638
83,G4-e003Coalescence-mGAM-p3_S83,9,1536688,C2-e003Coalescence-mBHI-p3,101638
84,F4-e003Coalescence-mBHI-p7_S111,27,477586,C2-e003Coalescence-mBHI-p3,101638
85,G4-e003Coalescence-mGAM-p7_S171,7,1471075,C2-e003Coalescence-mBHI-p3,101638
86,F100-e003Coalescence-mBHI-p7_S115,42,1350695,C2-e003Coalescence-mBHI-p3,101638
87,E3-e003Coalescence-mGAM-p7_S146,9,1297929,C2-e003Coalescence-mBHI-p3,101638
88,E3-e003Coalescence-mBHI-p5_S2,2,758841,C2-e003Coalescence-mBHI-p3,101638
89,G2-e003Coalescence-mBHI-p7_S121,9,1251923,C2-e003Coalescence-mBHI-p3,101638
90,F2-e003Coalescence-mBHI-p5_S13,6,1483168,C2-e003Coalescence-mBHI-p3,101638
91,F2-e003Coalescence-mGAM-p3_S69,3,1044013,C2-e003Coalescence-mBHI-p3,101638
92,G100-e003Coalescence-mGAM-p5_S79,6,1518875,C2-e003Coalescence-mBHI-p3,101638
93,E4-e003Coalescence-mGAM-p7_S147,5,1030477,C2-e003Coalescence-mBHI-p3,101638
94,E4-e003Coalescence-mGAM-p3_S59,9,1512400,C2-e003Coalescence-mBHI-p3,101638
95,H100-e003Coalescence-mBHI-p7_S139,49,1461470,C2-e003Coalescence-mBHI-p3,101638
96,G8-e003Coalescence-mBHI-p5_S29,11,757680,C2-e003Coalescence-mBHI-p3,101638
97,G2-e003Coalescence-mBHI-p5_S25,9,1534425,C2-e003Coalescence-mBHI-p3,101638
98,G8-e003Coalescence-mGAM-p7_S173,19,1390044,C2-e003Coalescence-mBHI-p3,101638
99,E4-e003Coalescence-mBHI-p3_S11,5,1489708,C2-e003Coalescence-mBHI-p3,101638
100,G9-e003Coalescence-mBHI-p5_S30,29,972978,C2-e003Coalescence-mBHI-p3,101638
101,E100-e003Coalescence-mGAM-p7_S151,10,1431882,C2-e003Coalescence-mBHI-p3,101638
102,G9-e003Coalescence-mGAM-p3_S178,41,1118807,C2-e003Coalescence-mBHI-p3,101638
103,G2-e003Coalescence-mGAM-p3_S81,8,1516772,C2-e003Coalescence-mBHI-p3,101638
104,G100-e003Coalescence-mBHI-p7_S127,7,560797,C2-e003Coalescence-mBHI-p3,101638
0,C9-e003Coalescence-mGAM-p3,1,712205,C9-e003Coalescence-mBHI-p3,101638
1,C11-e003Coalescence-mBHI-p3,3,455308,C9-e003Coalescence-mBHI-p3,101638
2,C9-e003Coalescence-mGAM-p7,1,500113,C9-e003Coalescence-mBHI-p3,101638
3,C8-e003Coalescence-mGAM-p7,33,1423925,C9-e003Coalescence-mBHI-p3,101638
4,D10-e003Coalescence-mBHI-p3,5,592022,C9-e003Coalescence-mBHI-p3,101638
5,B2-e003Coalescence-mBHI-p3,12,640269,C9-e003Coalescence-mBHI-p3,101638
6,A4-e003Coalescence-mBHI-p7,30,1046978,C9-e003Coalescence-mBHI-p3,101638
7,B3-e003Coalescence-mBHI-p3,18,851498,C9-e003Coalescence-mBHI-p3,101638
8,C2-e003Coalescence-mBHI-p5,28,1531728,C9-e003Coalescence-mBHI-p3,101638
9,C4-e003GlycerolRevival-mBHI-p2,0,655282,C9-e003Coalescence-mBHI-p3,101638
10,B2-e003Coalescence-mBHI-p5,34,1376755,C9-e003Coalescence-mBHI-p3,101638
11,C4-e003Coalescence-mGAM-p7,1,1491174,C9-e003Coalescence-mBHI-p3,101638
12,B10-e003Assembly-mGAM-p5,0,708824,C9-e003Coalescence-mBHI-p3,101638
13,C2-e003Coalescence-mGAM-p7,17,1544636,C9-e003Coalescence-mBHI-p3,101638
14,C9-e003Coalescence-mBHI-p5,1,843947,C9-e003Coalescence-mBHI-p3,101638
15,C2-e003Coalescence-mBHI-p3,35,1550808,C9-e003Coalescence-mBHI-p3,101638
16,C9-e003Coalescence-mBHI-p3,0,1477971,C9-e003Coalescence-mBHI-p3,101638
17,D10-e003Coalescence-mGAM-p5,3,895834,C9-e003Coalescence-mBHI-p3,101638
18,C2-e003Coalescence-mGAM-p3,26,1349817,C9-e003Coalescence-mBHI-p3,101638
19,B10-e003Coalescence-mBHI-p5,1,751178,C9-e003Coalescence-mBHI-p3,101638
20,C4-e003Coalescence-mGAM-p5,0,1406224,C9-e003Coalescence-mBHI-p3,101638
21,D5-e003Coalescence-mBHI-p5,32,1486364,C9-e003Coalescence-mBHI-p3,101638
22,D3-e003Assembly-mBHI-p3,8,768389,C9-e003Coalescence-mBHI-p3,101638
23,C4-e003Coalescence-mGAM-p3,0,1546978,C9-e003Coalescence-mBHI-p3,101638
24,D3-e003Assembly-mBHI-p5,11,1546651,C9-e003Coalescence-mBHI-p3,101638
25,A10-e003Coalescence-mGAM-p3,36,1530862,C9-e003Coalescence-mBHI-p3,101638
26,B2-e003Coalescence-mGAM-p3,24,442858,C9-e003Coalescence-mBHI-p3,101638
27,D3-e003Coalescence-mGAM-p5,3,515212,C9-e003Coalescence-mBHI-p3,101638
28,C10-e003Coalescence-mGAM-p3,4,1520946,C9-e003Coalescence-mBHI-p3,101638
29,C3-e003Coalescence-Inoculumn-mGAM,0,473234,C9-e003Coalescence-mBHI-p3,101638
30,D4-e003Coalescence-Inoculumn-mBHI,3,618720,C9-e003Coalescence-mBHI-p3,101638
31,A4-e003Coalescence-mBHI-p5,28,958917,C9-e003Coalescence-mBHI-p3,101638
32,D10-e003Coalescence-mGAM-p7,1,938266,C9-e003Coalescence-mBHI-p3,101638
33,C11-e003Coalescence-mGAM-p3,5,727674,C9-e003Coalescence-mBHI-p3,101638
34,C10-e003Coalescence-mBHI-p7,13,636171,C9-e003Coalescence-mBHI-p3,101638
35,B10-e003Coalescence-mBHI-p3,0,1064478,C9-e003Coalescence-mBHI-p3,101638
36,C11-e003Coalescence-mBHI-p5,4,1515011,C9-e003Coalescence-mBHI-p3,101638
37,C2-e003Coalescence-Inoculumn-mGAM,1,514343,C9-e003Coalescence-mBHI-p3,101638
38,B4-e003Coalescence-Inoculumn-mGAM,1,1527645,C9-e003Coalescence-mBHI-p3,101638
39,A10-e003Coalescence-mGAM-p7,10,1119734,C9-e003Coalescence-mBHI-p3,101638
40,C4-e003Coalescence-Inoculumn-mGAM,2,1354072,C9-e003Coalescence-mBHI-p3,101638
41,B10-e003Assembly-mGAM-p3,3,526228,C9-e003Coalescence-mBHI-p3,101638
42,D10-e003Coalescence-mBHI-p7,3,560357,C9-e003Coalescence-mBHI-p3,101638
43,B10-e003GlycerolRevival-mGAM-p2,1,912883,C9-e003Coalescence-mBHI-p3,101638
44,C10-e003Coalescence-mGAM-p5,5,1544682,C9-e003Coalescence-mBHI-p3,101638
45,A3-e003Coalescence-mBHI-p3,11,444927,C9-e003Coalescence-mBHI-p3,101638
46,A4-e003Coalescence-mBHI-p3,27,1204293,C9-e003Coalescence-mBHI-p3,101638
47,C9-e003Coalescence-mGAM-p5,0,810866,C9-e003Coalescence-mBHI-p3,101638
48,C2-e003Coalescence-mGAM-p5,31,1502257,C9-e003Coalescence-mBHI-p3,101638
49,C8-e003Coalescence-mBHI-p5,14,1338159,C9-e003Coalescence-mBHI-p3,101638
50,B4-e003Coalescence-Inoculumn-mBHI,10,563867,C9-e003Coalescence-mBHI-p3,101638
51,C5-e003Coalescence-Inoculumn-mGAM,2,1530071,C9-e003Coalescence-mBHI-p3,101638
52,C4-e003Coalescence-mBHI-p5,13,881699,C9-e003Coalescence-mBHI-p3,101638
53,A4-e003Coalescence-Inoculumn-mGAM,23,1506279,C9-e003Coalescence-mBHI-p3,101638
54,C2-e003Coalescence-mBHI-p7,0,569461,C9-e003Coalescence-mBHI-p3,101638
55,C10-e003Coalescence-mGAM-p7,0,1547140,C9-e003Coalescence-mBHI-p3,101638
56,C10-e003Coalescence-mBHI-p3,4,1524472,C9-e003Coalescence-mBHI-p3,101638
57,H4-e003Coalescence-mGAM-p7_S183,10,991821,C9-e003Coalescence-mBHI-p3,101638
58,F5-e003Coalescence-mGAM-p5_S64,2,468781,C9-e003Coalescence-mBHI-p3,101638
59,F100-e003Coalescence-mGAM-p7_S163,4,1155108,C9-e003Coalescence-mBHI-p3,101638
60,E3-e003Coalescence-mGAM-p3_S58,23,516408,C9-e003Coalescence-mBHI-p3,101638
61,G4-e003Coalescence-mBHI-p5_S27,5,878137,C9-e003Coalescence-mBHI-p3,101638
62,G2-e003Coalescence-mBHI-p3_S33,24,1521290,C9-e003Coalescence-mBHI-p3,101638
63,G100-e003Coalescence-mGAM-p3_S179,2,1153539,C9-e003Coalescence-mBHI-p3,101638
64,G111-e003Coalescence-mBHI-p5_S32,16,1154220,C9-e003Coalescence-mBHI-p3,101638
65,E3-e003Coalescence-mBHI-p3_S10,27,711439,C9-e003Coalescence-mBHI-p3,101638
66,F2-e003Coalescence-mGAM-p7_S157,4,556375,C9-e003Coalescence-mBHI-p3,101638
67,E100-e003Coalescence-mGAM-p3_S155,35,1461251,C9-e003Coalescence-mBHI-p3,101638
68,E3-e003Coalescence-mGAM-p5_S50,25,1371172,C9-e003Coalescence-mBHI-p3,101638
69,H100-e003Coalescence-mBHI-p5_S43,4,925751,C9-e003Coalescence-mBHI-p3,101638
70,F2-e003Coalescence-mGAM-p5_S61,4,1281223,C9-e003Coalescence-mBHI-p3,101638
71,G100-e003Coalescence-mBHI-p5_S31,2,829979,C9-e003Coalescence-mBHI-p3,101638
72,G4-e003Coalescence-mBHI-p3_S35,9,474244,C9-e003Coalescence-mBHI-p3,101638
73,E4-e003Coalescence-mBHI-p5_S3,42,1426946,C9-e003Coalescence-mBHI-p3,101638
74,E4-e003Coalescence-mGAM-p5_S51,26,579225,C9-e003Coalescence-mBHI-p3,101638
75,G9-e003Coalescence-mGAM-p7_S174,0,622414,C9-e003Coalescence-mBHI-p3,101638
76,E8-e003Coalescence-mGAM-p3_S153,10,1489557,C9-e003Coalescence-mBHI-p3,101638
77,G100-e003Coalescence-mGAM-p7_S175,5,673821,C9-e003Coalescence-mBHI-p3,101638
78,G3-e003Coalescence-mBHI-p7_S122,5,531581,C9-e003Coalescence-mBHI-p3,101638
79,G4-e003Coalescence-mGAM-p5_S75,7,1533148,C9-e003Coalescence-mBHI-p3,101638
80,G8-e003Coalescence-mBHI-p3_S129,15,840340,C9-e003Coalescence-mBHI-p3,101638
81,G2-e003Coalescence-mGAM-p5_S73,29,1525280,C9-e003Coalescence-mBHI-p3,101638
82,E100-e003Coalescence-mGAM-p5_S55,39,1291155,C9-e003Coalescence-mBHI-p3,101638
83,G4-e003Coalescence-mGAM-p3_S83,9,1536688,C9-e003Coalescence-mBHI-p3,101638
84,F4-e003Coalescence-mBHI-p7_S111,5,477586,C9-e003Coalescence-mBHI-p3,101638
85,G4-e003Coalescence-mGAM-p7_S171,9,1471075,C9-e003Coalescence-mBHI-p3,101638
86,F100-e003Coalescence-mBHI-p7_S115,8,1350695,C9-e003Coalescence-mBHI-p3,101638
87,E3-e003Coalescence-mGAM-p7_S146,14,1297929,C9-e003Coalescence-mBHI-p3,101638
88,E3-e003Coalescence-mBHI-p5_S2,22,758841,C9-e003Coalescence-mBHI-p3,101638
89,G2-e003Coalescence-mBHI-p7_S121,21,1251923,C9-e003Coalescence-mBHI-p3,101638
90,F2-e003Coalescence-mBHI-p5_S13,24,1483168,C9-e003Coalescence-mBHI-p3,101638
91,F2-e003Coalescence-mGAM-p3_S69,2,1044013,C9-e003Coalescence-mBHI-p3,101638
92,G100-e003Coalescence-mGAM-p5_S79,7,1518875,C9-e003Coalescence-mBHI-p3,101638
93,E4-e003Coalescence-mGAM-p7_S147,13,1030477,C9-e003Coalescence-mBHI-p3,101638
94,E4-e003Coalescence-mGAM-p3_S59,25,1512400,C9-e003Coalescence-mBHI-p3,101638
95,H100-e003Coalescence-mBHI-p7_S139,16,1461470,C9-e003Coalescence-mBHI-p3,101638
96,G8-e003Coalescence-mBHI-p5_S29,14,757680,C9-e003Coalescence-mBHI-p3,101638
97,G2-e003Coalescence-mBHI-p5_S25,10,1534425,C9-e003Coalescence-mBHI-p3,101638
98,G8-e003Coalescence-mGAM-p7_S173,41,1390044,C9-e003Coalescence-mBHI-p3,101638
99,E4-e003Coalescence-mBHI-p3_S11,29,1489708,C9-e003Coalescence-mBHI-p3,101638
100,G9-e003Coalescence-mBHI-p5_S30,7,972978,C9-e003Coalescence-mBHI-p3,101638
101,E100-e003Coalescence-mGAM-p7_S151,42,1431882,C9-e003Coalescence-mBHI-p3,101638
102,G9-e003Coalescence-mGAM-p3_S178,9,1118807,C9-e003Coalescence-mBHI-p3,101638
103,G2-e003Coalescence-mGAM-p3_S81,34,1516772,C9-e003Coalescence-mBHI-p3,101638
104,G100-e003Coalescence-mBHI-p7_S127,5,560797,C9-e003Coalescence-mBHI-p3,101638
0,C9-e003Coalescence-mGAM-p3,5,712205,D10-e003Coalescence-mGAM-p5,101638
1,C11-e003Coalescence-mBHI-p3,5,455308,D10-e003Coalescence-mGAM-p5,101638
2,C9-e003Coalescence-mGAM-p7,5,500113,D10-e003Coalescence-mGAM-p5,101638
3,C8-e003Coalescence-mGAM-p7,19,1423925,D10-e003Coalescence-mGAM-p5,101638
4,D10-e003Coalescence-mBHI-p3,1,592022,D10-e003Coalescence-mGAM-p5,101638
5,B2-e003Coalescence-mBHI-p3,11,640269,D10-e003Coalescence-mGAM-p5,101638
6,A4-e003Coalescence-mBHI-p7,23,1046978,D10-e003Coalescence-mGAM-p5,101638
7,B3-e003Coalescence-mBHI-p3,12,851498,D10-e003Coalescence-mGAM-p5,101638
8,C2-e003Coalescence-mBHI-p5,24,1531728,D10-e003Coalescence-mGAM-p5,101638
9,C4-e003GlycerolRevival-mBHI-p2,4,655282,D10-e003Coalescence-mGAM-p5,101638
10,B2-e003Coalescence-mBHI-p5,31,1376755,D10-e003Coalescence-mGAM-p5,101638
11,C4-e003Coalescence-mGAM-p7,2,1491174,D10-e003Coalescence-mGAM-p5,101638
12,B10-e003Assembly-mGAM-p5,0,708824,D10-e003Coalescence-mGAM-p5,101638
13,C2-e003Coalescence-mGAM-p7,23,1544636,D10-e003Coalescence-mGAM-p5,101638
14,C9-e003Coalescence-mBHI-p5,5,843947,D10-e003Coalescence-mGAM-p5,101638
15,C2-e003Coalescence-mBHI-p3,28,1550808,D10-e003Coalescence-mGAM-p5,101638
16,C9-e003Coalescence-mBHI-p3,5,1477971,D10-e003Coalescence-mGAM-p5,101638
17,D10-e003Coalescence-mGAM-p5,0,895834,D10-e003Coalescence-mGAM-p5,101638
18,C2-e003Coalescence-mGAM-p3,22,1349817,D10-e003Coalescence-mGAM-p5,101638
19,B10-e003Coalescence-mBHI-p5,1,751178,D10-e003Coalescence-mGAM-p5,101638
20,C4-e003Coalescence-mGAM-p5,2,1406224,D10-e003Coalescence-mGAM-p5,101638
21,D5-e003Coalescence-mBHI-p5,30,1486364,D10-e003Coalescence-mGAM-p5,101638
22,D3-e003Assembly-mBHI-p3,6,768389,D10-e003Coalescence-mGAM-p5,101638
23,C4-e003Coalescence-mGAM-p3,1,1546978,D10-e003Coalescence-mGAM-p5,101638
24,D3-e003Assembly-mBHI-p5,7,1546651,D10-e003Coalescence-mGAM-p5,101638
25,A10-e003Coalescence-mGAM-p3,28,1530862,D10-e003Coalescence-mGAM-p5,101638
26,B2-e003Coalescence-mGAM-p3,19,442858,D10-e003Coalescence-mGAM-p5,101638
27,D3-e003Coalescence-mGAM-p5,0,515212,D10-e003Coalescence-mGAM-p5,101638
28,C10-e003Coalescence-mGAM-p3,3,1520946,D10-e003Coalescence-mGAM-p5,101638
29,C3-e003Coalescence-Inoculumn-mGAM,0,473234,D10-e003Coalescence-mGAM-p5,101638
30,D4-e003Coalescence-Inoculumn-mBHI,7,618720,D10-e003Coalescence-mGAM-p5,101638
31,A4-e003Coalescence-mBHI-p5,22,958917,D10-e003Coalescence-mGAM-p5,101638
32,D10-e003Coalescence-mGAM-p7,0,938266,D10-e003Coalescence-mGAM-p5,101638
33,C11-e003Coalescence-mGAM-p3,4,727674,D10-e003Coalescence-mGAM-p5,101638
34,C10-e003Coalescence-mBHI-p7,9,636171,D10-e003Coalescence-mGAM-p5,101638
35,B10-e003Coalescence-mBHI-p3,2,1064478,D10-e003Coalescence-mGAM-p5,101638
36,C11-e003Coalescence-mBHI-p5,8,1515011,D10-e003Coalescence-mGAM-p5,101638
37,C2-e003Coalescence-Inoculumn-mGAM,0,514343,D10-e003Coalescence-mGAM-p5,101638
38,B4-e003Coalescence-Inoculumn-mGAM,6,1527645,D10-e003Coalescence-mGAM-p5,101638
39,A10-e003Coalescence-mGAM-p7,6,1119734,D10-e003Coalescence-mGAM-p5,101638
40,C4-e003Coalescence-Inoculumn-mGAM,10,1354072,D10-e003Coalescence-mGAM-p5,101638
41,B10-e003Assembly-mGAM-p3,3,526228,D10-e003Coalescence-mGAM-p5,101638
42,D10-e003Coalescence-mBHI-p7,1,560357,D10-e003Coalescence-mGAM-p5,101638
43,B10-e003GlycerolRevival-mGAM-p2,0,912883,D10-e003Coalescence-mGAM-p5,101638
44,C10-e003Coalescence-mGAM-p5,6,1544682,D10-e003Coalescence-mGAM-p5,101638
45,A3-e003Coalescence-mBHI-p3,6,444927,D10-e003Coalescence-mGAM-p5,101638
46,A4-e003Coalescence-mBHI-p3,30,1204293,D10-e003Coalescence-mGAM-p5,101638
47,C9-e003Coalescence-mGAM-p5,6,810866,D10-e003Coalescence-mGAM-p5,101638
48,C2-e003Coalescence-mGAM-p5,24,1502257,D10-e003Coalescence-mGAM-p5,101638
49,C8-e003Coalescence-mBHI-p5,17,1338159,D10-e003Coalescence-mGAM-p5,101638
50,B4-e003Coalescence-Inoculumn-mBHI,6,563867,D10-e003Coalescence-mGAM-p5,101638
51,C5-e003Coalescence-Inoculumn-mGAM,1,1530071,D10-e003Coalescence-mGAM-p5,101638
52,C4-e003Coalescence-mBHI-p5,8,881699,D10-e003Coalescence-mGAM-p5,101638
53,A4-e003Coalescence-Inoculumn-mGAM,15,1506279,D10-e003Coalescence-mGAM-p5,101638
54,C2-e003Coalescence-mBHI-p7,0,569461,D10-e003Coalescence-mGAM-p5,101638
55,C10-e003Coalescence-mGAM-p7,2,1547140,D10-e003Coalescence-mGAM-p5,101638
56,C10-e003Coalescence-mBHI-p3,6,1524472,D10-e003Coalescence-mGAM-p5,101638
57,H4-e003Coalescence-mGAM-p7_S183,4,991821,D10-e003Coalescence-mGAM-p5,101638
58,F5-e003Coalescence-mGAM-p5_S64,2,468781,D10-e003Coalescence-mGAM-p5,101638
59,F100-e003Coalescence-mGAM-p7_S163,3,1155108,D10-e003Coalescence-mGAM-p5,101638
60,E3-e003Coalescence-mGAM-p3_S58,17,516408,D10-e003Coalescence-mGAM-p5,101638
61,G4-e003Coalescence-mBHI-p5_S27,4,878137,D10-e003Coalescence-mGAM-p5,101638
62,G2-e003Coalescence-mBHI-p3_S33,17,1521290,D10-e003Coalescence-mGAM-p5,101638
63,G100-e003Coalescence-mGAM-p3_S179,3,1153539,D10-e003Coalescence-mGAM-p5,101638
64,G111-e003Coalescence-mBHI-p5_S32,4,1154220,D10-e003Coalescence-mGAM-p5,101638
65,E3-e003Coalescence-mBHI-p3_S10,20,711439,D10-e003Coalescence-mGAM-p5,101638
66,F2-e003Coalescence-mGAM-p7_S157,3,556375,D10-e003Coalescence-mGAM-p5,101638
67,E100-e003Coalescence-mGAM-p3_S155,26,1461251,D10-e003Coalescence-mGAM-p5,101638
68,E3-e003Coalescence-mGAM-p5_S50,13,1371172,D10-e003Coalescence-mGAM-p5,101638
69,H100-e003Coalescence-mBHI-p5_S43,5,925751,D10-e003Coalescence-mGAM-p5,101638
70,F2-e003Coalescence-mGAM-p5_S61,1,1281223,D10-e003Coalescence-mGAM-p5,101638
71,G100-e003Coalescence-mBHI-p5_S31,1,829979,D10-e003Coalescence-mGAM-p5,101638
72,G4-e003Coalescence-mBHI-p3_S35,9,474244,D10-e003Coalescence-mGAM-p5,101638
73,E4-e003Coalescence-mBHI-p5_S3,30,1426946,D10-e003Coalescence-mGAM-p5,101638
74,E4-e003Coalescence-mGAM-p5_S51,16,579225,D10-e003Coalescence-mGAM-p5,101638
75,G9-e003Coalescence-mGAM-p7_S174,2,622414,D10-e003Coalescence-mGAM-p5,101638
76,E8-e003Coalescence-mGAM-p3_S153,8,1489557,D10-e003Coalescence-mGAM-p5,101638
77,G100-e003Coalescence-mGAM-p7_S175,4,673821,D10-e003Coalescence-mGAM-p5,101638
78,G3-e003Coalescence-mBHI-p7_S122,4,531581,D10-e003Coalescence-mGAM-p5,101638
79,G4-e003Coalescence-mGAM-p5_S75,3,1533148,D10-e003Coalescence-mGAM-p5,101638
80,G8-e003Coalescence-mBHI-p3_S129,11,840340,D10-e003Coalescence-mGAM-p5,101638
81,G2-e003Coalescence-mGAM-p5_S73,23,1525280,D10-e003Coalescence-mGAM-p5,101638
82,E100-e003Coalescence-mGAM-p5_S55,24,1291155,D10-e003Coalescence-mGAM-p5,101638
83,G4-e003Coalescence-mGAM-p3_S83,5,1536688,D10-e003Coalescence-mGAM-p5,101638
84,F4-e003Coalescence-mBHI-p7_S111,4,477586,D10-e003Coalescence-mGAM-p5,101638
85,G4-e003Coalescence-mGAM-p7_S171,6,1471075,D10-e003Coalescence-mGAM-p5,101638
86,F100-e003Coalescence-mBHI-p7_S115,8,1350695,D10-e003Coalescence-mGAM-p5,101638
87,E3-e003Coalescence-mGAM-p7_S146,10,1297929,D10-e003Coalescence-mGAM-p5,101638
88,E3-e003Coalescence-mBHI-p5_S2,18,758841,D10-e003Coalescence-mGAM-p5,101638
89,G2-e003Coalescence-mBHI-p7_S121,14,1251923,D10-e003Coalescence-mGAM-p5,101638
90,F2-e003Coalescence-mBHI-p5_S13,13,1483168,D10-e003Coalescence-mGAM-p5,101638
91,F2-e003Coalescence-mGAM-p3_S69,1,1044013,D10-e003Coalescence-mGAM-p5,101638
92,G100-e003Coalescence-mGAM-p5_S79,7,1518875,D10-e003Coalescence-mGAM-p5,101638
93,E4-e003Coalescence-mGAM-p7_S147,11,1030477,D10-e003Coalescence-mGAM-p5,101638
94,E4-e003Coalescence-mGAM-p3_S59,16,1512400,D10-e003Coalescence-mGAM-p5,101638
95,H100-e003Coalescence-mBHI-p7_S139,8,1461470,D10-e003Coalescence-mGAM-p5,101638
96,G8-e003Coalescence-mBHI-p5_S29,12,757680,D10-e003Coalescence-mGAM-p5,101638
97,G2-e003Coalescence-mBHI-p5_S25,9,1534425,D10-e003Coalescence-mGAM-p5,101638
98,G8-e003Coalescence-mGAM-p7_S173,29,1390044,D10-e003Coalescence-mGAM-p5,101638
99,E4-e003Coalescence-mBHI-p3_S11,22,1489708,D10-e003Coalescence-mGAM-p5,101638
100,G9-e003Coalescence-mBHI-p5_S30,4,972978,D10-e003Coalescence-mGAM-p5,101638
101,E100-e003Coalescence-mGAM-p7_S151,27,1431882,D10-e003Coalescence-mGAM-p5,101638
102,G9-e003Coalescence-mGAM-p3_S178,8,1118807,D10-e003Coalescence-mGAM-p5,101638
103,G2-e003Coalescence-mGAM-p3_S81,23,1516772,D10-e003Coalescence-mGAM-p5,101638
104,G100-e003Coalescence-mBHI-p7_S127,1,560797,D10-e003Coalescence-mGAM-p5,101638
0,C9-e003Coalescence-mGAM-p3,19,712205,C2-e003Coalescence-mGAM-p3,101638
1,C11-e003Coalescence-mBHI-p3,3,455308,C2-e003Coalescence-mGAM-p3,101638
2,C9-e003Coalescence-mGAM-p7,24,500113,C2-e003Coalescence-mGAM-p3,101638
3,C8-e003Coalescence-mGAM-p7,1,1423925,C2-e003Coalescence-mGAM-p3,101638
4,D10-e003Coalescence-mBHI-p3,20,592022,C2-e003Coalescence-mGAM-p3,101638
5,B2-e003Coalescence-mBHI-p3,2,640269,C2-e003Coalescence-mGAM-p3,101638
6,A4-e003Coalescence-mBHI-p7,0,1046978,C2-e003Coalescence-mGAM-p3,101638
7,B3-e003Coalescence-mBHI-p3,29,851498,C2-e003Coalescence-mGAM-p3,101638
8,C2-e003Coalescence-mBHI-p5,0,1531728,C2-e003Coalescence-mGAM-p3,101638
9,C4-e003GlycerolRevival-mBHI-p2,17,655282,C2-e003Coalescence-mGAM-p3,101638
10,B2-e003Coalescence-mBHI-p5,1,1376755,C2-e003Coalescence-mGAM-p3,101638
11,C4-e003Coalescence-mGAM-p7,1,1491174,C2-e003Coalescence-mGAM-p3,101638
12,B10-e003Assembly-mGAM-p5,1,708824,C2-e003Coalescence-mGAM-p3,101638
13,C2-e003Coalescence-mGAM-p7,1,1544636,C2-e003Coalescence-mGAM-p3,101638
14,C9-e003Coalescence-mBHI-p5,28,843947,C2-e003Coalescence-mGAM-p3,101638
15,C2-e003Coalescence-mBHI-p3,0,1550808,C2-e003Coalescence-mGAM-p3,101638
16,C9-e003Coalescence-mBHI-p3,26,1477971,C2-e003Coalescence-mGAM-p3,101638
17,D10-e003Coalescence-mGAM-p5,22,895834,C2-e003Coalescence-mGAM-p3,101638
18,C2-e003Coalescence-mGAM-p3,0,1349817,C2-e003Coalescence-mGAM-p3,101638
19,B10-e003Coalescence-mBHI-p5,13,751178,C2-e003Coalescence-mGAM-p3,101638
20,C4-e003Coalescence-mGAM-p5,1,1406224,C2-e003Coalescence-mGAM-p3,101638
21,D5-e003Coalescence-mBHI-p5,1,1486364,C2-e003Coalescence-mGAM-p3,101638
22,D3-e003Assembly-mBHI-p3,20,768389,C2-e003Coalescence-mGAM-p3,101638
23,C4-e003Coalescence-mGAM-p3,0,1546978,C2-e003Coalescence-mGAM-p3,101638
24,D3-e003Assembly-mBHI-p5,17,1546651,C2-e003Coalescence-mGAM-p3,101638
25,A10-e003Coalescence-mGAM-p3,1,1530862,C2-e003Coalescence-mGAM-p3,101638
26,B2-e003Coalescence-mGAM-p3,4,442858,C2-e003Coalescence-mGAM-p3,101638
27,D3-e003Coalescence-mGAM-p5,5,515212,C2-e003Coalescence-mGAM-p3,101638
28,C10-e003Coalescence-mGAM-p3,1,1520946,C2-e003Coalescence-mGAM-p3,101638
29,C3-e003Coalescence-Inoculumn-mGAM,2,473234,C2-e003Coalescence-mGAM-p3,101638
30,D4-e003Coalescence-Inoculumn-mBHI,3,618720,C2-e003Coalescence-mGAM-p3,101638
31,A4-e003Coalescence-mBHI-p5,0,958917,C2-e003Coalescence-mGAM-p3,101638
32,D10-e003Coalescence-mGAM-p7,7,938266,C2-e003Coalescence-mGAM-p3,101638
33,C11-e003Coalescence-mGAM-p3,26,727674,C2-e003Coalescence-mGAM-p3,101638
34,C10-e003Coalescence-mBHI-p7,18,636171,C2-e003Coalescence-mGAM-p3,101638
35,B10-e003Coalescence-mBHI-p3,20,1064478,C2-e003Coalescence-mGAM-p3,101638
36,C11-e003Coalescence-mBHI-p5,14,1515011,C2-e003Coalescence-mGAM-p3,101638
37,C2-e003Coalescence-Inoculumn-mGAM,0,514343,C2-e003Coalescence-mGAM-p3,101638
38,B4-e003Coalescence-Inoculumn-mGAM,34,1527645,C2-e003Coalescence-mGAM-p3,101638
39,A10-e003Coalescence-mGAM-p7,0,1119734,C2-e003Coalescence-mGAM-p3,101638
40,C4-e003Coalescence-Inoculumn-mGAM,1,1354072,C2-e003Coalescence-mGAM-p3,101638
41,B10-e003Assembly-mGAM-p3,1,526228,C2-e003Coalescence-mGAM-p3,101638
42,D10-e003Coalescence-mBHI-p7,8,560357,C2-e003Coalescence-mGAM-p3,101638
43,B10-e003GlycerolRevival-mGAM-p2,2,912883,C2-e003Coalescence-mGAM-p3,101638
44,C10-e003Coalescence-mGAM-p5,1,1544682,C2-e003Coalescence-mGAM-p3,101638
45,A3-e003Coalescence-mBHI-p3,3,444927,C2-e003Coalescence-mGAM-p3,101638
46,A4-e003Coalescence-mBHI-p3,0,1204293,C2-e003Coalescence-mGAM-p3,101638
47,C9-e003Coalescence-mGAM-p5,26,810866,C2-e003Coalescence-mGAM-p3,101638
48,C2-e003Coalescence-mGAM-p5,1,1502257,C2-e003Coalescence-mGAM-p3,101638
49,C8-e003Coalescence-mBHI-p5,10,1338159,C2-e003Coalescence-mGAM-p3,101638
50,B4-e003Coalescence-Inoculumn-mBHI,8,563867,C2-e003Coalescence-mGAM-p3,101638
51,C5-e003Coalescence-Inoculumn-mGAM,2,1530071,C2-e003Coalescence-mGAM-p3,101638
52,C4-e003Coalescence-mBHI-p5,6,881699,C2-e003Coalescence-mGAM-p3,101638
53,A4-e003Coalescence-Inoculumn-mGAM,0,1506279,C2-e003Coalescence-mGAM-p3,101638
54,C2-e003Coalescence-mBHI-p7,0,569461,C2-e003Coalescence-mGAM-p3,101638
55,C10-e003Coalescence-mGAM-p7,0,1547140,C2-e003Coalescence-mGAM-p3,101638
56,C10-e003Coalescence-mBHI-p3,1,1524472,C2-e003Coalescence-mGAM-p3,101638
57,H4-e003Coalescence-mGAM-p7_S183,9,991821,C2-e003Coalescence-mGAM-p3,101638
58,F5-e003Coalescence-mGAM-p5_S64,3,468781,C2-e003Coalescence-mGAM-p3,101638
59,F100-e003Coalescence-mGAM-p7_S163,9,1155108,C2-e003Coalescence-mGAM-p3,101638
60,E3-e003Coalescence-mGAM-p3_S58,8,516408,C2-e003Coalescence-mGAM-p3,101638
61,G4-e003Coalescence-mBHI-p5_S27,3,878137,C2-e003Coalescence-mGAM-p3,101638
62,G2-e003Coalescence-mBHI-p3_S33,5,1521290,C2-e003Coalescence-mGAM-p3,101638
63,G100-e003Coalescence-mGAM-p3_S179,3,1153539,C2-e003Coalescence-mGAM-p3,101638
64,G111-e003Coalescence-mBHI-p5_S32,33,1154220,C2-e003Coalescence-mGAM-p3,101638
65,E3-e003Coalescence-mBHI-p3_S10,5,711439,C2-e003Coalescence-mGAM-p3,101638
66,F2-e003Coalescence-mGAM-p7_S157,2,556375,C2-e003Coalescence-mGAM-p3,101638
67,E100-e003Coalescence-mGAM-p3_S155,5,1461251,C2-e003Coalescence-mGAM-p3,101638
68,E3-e003Coalescence-mGAM-p5_S50,7,1371172,C2-e003Coalescence-mGAM-p3,101638
69,H100-e003Coalescence-mBHI-p5_S43,22,925751,C2-e003Coalescence-mGAM-p3,101638
70,F2-e003Coalescence-mGAM-p5_S61,3,1281223,C2-e003Coalescence-mGAM-p3,101638
71,G100-e003Coalescence-mBHI-p5_S31,0,829979,C2-e003Coalescence-mGAM-p3,101638
72,G4-e003Coalescence-mBHI-p3_S35,8,474244,C2-e003Coalescence-mGAM-p3,101638
73,E4-e003Coalescence-mBHI-p5_S3,9,1426946,C2-e003Coalescence-mGAM-p3,101638
74,E4-e003Coalescence-mGAM-p5_S51,0,579225,C2-e003Coalescence-mGAM-p3,101638
75,G9-e003Coalescence-mGAM-p7_S174,18,622414,C2-e003Coalescence-mGAM-p3,101638
76,E8-e003Coalescence-mGAM-p3_S153,10,1489557,C2-e003Coalescence-mGAM-p3,101638
77,G100-e003Coalescence-mGAM-p7_S175,6,673821,C2-e003Coalescence-mGAM-p3,101638
78,G3-e003Coalescence-mBHI-p7_S122,23,531581,C2-e003Coalescence-mGAM-p3,101638
79,G4-e003Coalescence-mGAM-p5_S75,7,1533148,C2-e003Coalescence-mGAM-p3,101638
80,G8-e003Coalescence-mBHI-p3_S129,5,840340,C2-e003Coalescence-mGAM-p3,101638
81,G2-e003Coalescence-mGAM-p5_S73,8,1525280,C2-e003Coalescence-mGAM-p3,101638
82,E100-e003Coalescence-mGAM-p5_S55,9,1291155,C2-e003Coalescence-mGAM-p3,101638
83,G4-e003Coalescence-mGAM-p3_S83,9,1536688,C2-e003Coalescence-mGAM-p3,101638
84,F4-e003Coalescence-mBHI-p7_S111,22,477586,C2-e003Coalescence-mGAM-p3,101638
85,G4-e003Coalescence-mGAM-p7_S171,7,1471075,C2-e003Coalescence-mGAM-p3,101638
86,F100-e003Coalescence-mBHI-p7_S115,32,1350695,C2-e003Coalescence-mGAM-p3,101638
87,E3-e003Coalescence-mGAM-p7_S146,9,1297929,C2-e003Coalescence-mGAM-p3,101638
88,E3-e003Coalescence-mBHI-p5_S2,2,758841,C2-e003Coalescence-mGAM-p3,101638
89,G2-e003Coalescence-mBHI-p7_S121,9,1251923,C2-e003Coalescence-mGAM-p3,101638
90,F2-e003Coalescence-mBHI-p5_S13,6,1483168,C2-e003Coalescence-mGAM-p3,101638
91,F2-e003Coalescence-mGAM-p3_S69,3,1044013,C2-e003Coalescence-mGAM-p3,101638
92,G100-e003Coalescence-mGAM-p5_S79,4,1518875,C2-e003Coalescence-mGAM-p3,101638
93,E4-e003Coalescence-mGAM-p7_S147,5,1030477,C2-e003Coalescence-mGAM-p3,101638
94,E4-e003Coalescence-mGAM-p3_S59,10,1512400,C2-e003Coalescence-mGAM-p3,101638
95,H100-e003Coalescence-mBHI-p7_S139,41,1461470,C2-e003Coalescence-mGAM-p3,101638
96,G8-e003Coalescence-mBHI-p5_S29,10,757680,C2-e003Coalescence-mGAM-p3,101638
97,G2-e003Coalescence-mBHI-p5_S25,9,1534425,C2-e003Coalescence-mGAM-p3,101638
98,G8-e003Coalescence-mGAM-p7_S173,16,1390044,C2-e003Coalescence-mGAM-p3,101638
99,E4-e003Coalescence-mBHI-p3_S11,6,1489708,C2-e003Coalescence-mGAM-p3,101638
100,G9-e003Coalescence-mBHI-p5_S30,21,972978,C2-e003Coalescence-mGAM-p3,101638
101,E100-e003Coalescence-mGAM-p7_S151,9,1431882,C2-e003Coalescence-mGAM-p3,101638
102,G9-e003Coalescence-mGAM-p3_S178,34,1118807,C2-e003Coalescence-mGAM-p3,101638
103,G2-e003Coalescence-mGAM-p3_S81,8,1516772,C2-e003Coalescence-mGAM-p3,101638
104,G100-e003Coalescence-mBHI-p7_S127,3,560797,C2-e003Coalescence-mGAM-p3,101638
0,C9-e003Coalescence-mGAM-p3,0,712205,B10-e003Coalescence-mBHI-p5,101638
1,C11-e003Coalescence-mBHI-p3,0,455308,B10-e003Coalescence-mBHI-p5,101638
2,C9-e003Coalescence-mGAM-p7,2,500113,B10-e003Coalescence-mBHI-p5,101638
3,C8-e003Coalescence-mGAM-p7,19,1423925,B10-e003Coalescence-mBHI-p5,101638
4,D10-e003Coalescence-mBHI-p3,10,592022,B10-e003Coalescence-mBHI-p5,101638
5,B2-e003Coalescence-mBHI-p3,6,640269,B10-e003Coalescence-mBHI-p5,101638
6,A4-e003Coalescence-mBHI-p7,15,1046978,B10-e003Coalescence-mBHI-p5,101638
7,B3-e003Coalescence-mBHI-p3,16,851498,B10-e003Coalescence-mBHI-p5,101638
8,C2-e003Coalescence-mBHI-p5,17,1531728,B10-e003Coalescence-mBHI-p5,101638
9,C4-e003GlycerolRevival-mBHI-p2,1,655282,B10-e003Coalescence-mBHI-p5,101638
10,B2-e003Coalescence-mBHI-p5,19,1376755,B10-e003Coalescence-mBHI-p5,101638
11,C4-e003Coalescence-mGAM-p7,1,1491174,B10-e003Coalescence-mBHI-p5,101638
12,B10-e003Assembly-mGAM-p5,0,708824,B10-e003Coalescence-mBHI-p5,101638
13,C2-e003Coalescence-mGAM-p7,4,1544636,B10-e003Coalescence-mBHI-p5,101638
14,C9-e003Coalescence-mBHI-p5,0,843947,B10-e003Coalescence-mBHI-p5,101638
15,C2-e003Coalescence-mBHI-p3,18,1550808,B10-e003Coalescence-mBHI-p5,101638
16,C9-e003Coalescence-mBHI-p3,4,1477971,B10-e003Coalescence-mBHI-p5,101638
17,D10-e003Coalescence-mGAM-p5,1,895834,B10-e003Coalescence-mBHI-p5,101638
18,C2-e003Coalescence-mGAM-p3,14,1349817,B10-e003Coalescence-mBHI-p5,101638
19,B10-e003Coalescence-mBHI-p5,0,751178,B10-e003Coalescence-mBHI-p5,101638
20,C4-e003Coalescence-mGAM-p5,1,1406224,B10-e003Coalescence-mBHI-p5,101638
21,D5-e003Coalescence-mBHI-p5,19,1486364,B10-e003Coalescence-mBHI-p5,101638
22,D3-e003Assembly-mBHI-p3,5,768389,B10-e003Coalescence-mBHI-p5,101638
23,C4-e003Coalescence-mGAM-p3,1,1546978,B10-e003Coalescence-mBHI-p5,101638
24,D3-e003Assembly-mBHI-p5,9,1546651,B10-e003Coalescence-mBHI-p5,101638
25,A10-e003Coalescence-mGAM-p3,18,1530862,B10-e003Coalescence-mBHI-p5,101638
26,B2-e003Coalescence-mGAM-p3,13,442858,B10-e003Coalescence-mBHI-p5,101638
27,D3-e003Coalescence-mGAM-p5,2,515212,B10-e003Coalescence-mBHI-p5,101638
28,C10-e003Coalescence-mGAM-p3,2,1520946,B10-e003Coalescence-mBHI-p5,101638
29,C3-e003Coalescence-Inoculumn-mGAM,1,473234,B10-e003Coalescence-mBHI-p5,101638
30,D4-e003Coalescence-Inoculumn-mBHI,0,618720,B10-e003Coalescence-mBHI-p5,101638
31,A4-e003Coalescence-mBHI-p5,19,958917,B10-e003Coalescence-mBHI-p5,101638
32,D10-e003Coalescence-mGAM-p7,3,938266,B10-e003Coalescence-mBHI-p5,101638
33,C11-e003Coalescence-mGAM-p3,3,727674,B10-e003Coalescence-mBHI-p5,101638
34,C10-e003Coalescence-mBHI-p7,17,636171,B10-e003Coalescence-mBHI-p5,101638
35,B10-e003Coalescence-mBHI-p3,0,1064478,B10-e003Coalescence-mBHI-p5,101638
36,C11-e003Coalescence-mBHI-p5,5,1515011,B10-e003Coalescence-mBHI-p5,101638
37,C2-e003Coalescence-Inoculumn-mGAM,1,514343,B10-e003Coalescence-mBHI-p5,101638
38,B4-e003Coalescence-Inoculumn-mGAM,2,1527645,B10-e003Coalescence-mBHI-p5,101638
39,A10-e003Coalescence-mGAM-p7,7,1119734,B10-e003Coalescence-mBHI-p5,101638
40,C4-e003Coalescence-Inoculumn-mGAM,4,1354072,B10-e003Coalescence-mBHI-p5,101638
41,B10-e003Assembly-mGAM-p3,1,526228,B10-e003Coalescence-mBHI-p5,101638
42,D10-e003Coalescence-mBHI-p7,1,560357,B10-e003Coalescence-mBHI-p5,101638
43,B10-e003GlycerolRevival-mGAM-p2,4,912883,B10-e003Coalescence-mBHI-p5,101638
44,C10-e003Coalescence-mGAM-p5,5,1544682,B10-e003Coalescence-mBHI-p5,101638
45,A3-e003Coalescence-mBHI-p3,4,444927,B10-e003Coalescence-mBHI-p5,101638
46,A4-e003Coalescence-mBHI-p3,10,1204293,B10-e003Coalescence-mBHI-p5,101638
47,C9-e003Coalescence-mGAM-p5,3,810866,B10-e003Coalescence-mBHI-p5,101638
48,C2-e003Coalescence-mGAM-p5,17,1502257,B10-e003Coalescence-mBHI-p5,101638
49,C8-e003Coalescence-mBHI-p5,16,1338159,B10-e003Coalescence-mBHI-p5,101638
50,B4-e003Coalescence-Inoculumn-mBHI,1,563867,B10-e003Coalescence-mBHI-p5,101638
51,C5-e003Coalescence-Inoculumn-mGAM,2,1530071,B10-e003Coalescence-mBHI-p5,101638
52,C4-e003Coalescence-mBHI-p5,5,881699,B10-e003Coalescence-mBHI-p5,101638
53,A4-e003Coalescence-Inoculumn-mGAM,15,1506279,B10-e003Coalescence-mBHI-p5,101638
54,C2-e003Coalescence-mBHI-p7,1,569461,B10-e003Coalescence-mBHI-p5,101638
55,C10-e003Coalescence-mGAM-p7,2,1547140,B10-e003Coalescence-mBHI-p5,101638
56,C10-e003Coalescence-mBHI-p3,9,1524472,B10-e003Coalescence-mBHI-p5,101638
57,H4-e003Coalescence-mGAM-p7_S183,6,991821,B10-e003Coalescence-mBHI-p5,101638
58,F5-e003Coalescence-mGAM-p5_S64,4,468781,B10-e003Coalescence-mBHI-p5,101638
59,F100-e003Coalescence-mGAM-p7_S163,5,1155108,B10-e003Coalescence-mBHI-p5,101638
60,E3-e003Coalescence-mGAM-p3_S58,11,516408,B10-e003Coalescence-mBHI-p5,101638
61,G4-e003Coalescence-mBHI-p5_S27,6,878137,B10-e003Coalescence-mBHI-p5,101638
62,G2-e003Coalescence-mBHI-p3_S33,18,1521290,B10-e003Coalescence-mBHI-p5,101638
63,G100-e003Coalescence-mGAM-p3_S179,9,1153539,B10-e003Coalescence-mBHI-p5,101638
64,G111-e003Coalescence-mBHI-p5_S32,10,1154220,B10-e003Coalescence-mBHI-p5,101638
65,E3-e003Coalescence-mBHI-p3_S10,8,711439,B10-e003Coalescence-mBHI-p5,101638
66,F2-e003Coalescence-mGAM-p7_S157,2,556375,B10-e003Coalescence-mBHI-p5,101638
67,E100-e003Coalescence-mGAM-p3_S155,18,1461251,B10-e003Coalescence-mBHI-p5,101638
68,E3-e003Coalescence-mGAM-p5_S50,16,1371172,B10-e003Coalescence-mBHI-p5,101638
69,H100-e003Coalescence-mBHI-p5_S43,7,925751,B10-e003Coalescence-mBHI-p5,101638
70,F2-e003Coalescence-mGAM-p5_S61,3,1281223,B10-e003Coalescence-mBHI-p5,101638
71,G100-e003Coalescence-mBHI-p5_S31,3,829979,B10-e003Coalescence-mBHI-p5,101638
72,G4-e003Coalescence-mBHI-p3_S35,8,474244,B10-e003Coalescence-mBHI-p5,101638
73,E4-e003Coalescence-mBHI-p5_S3,24,1426946,B10-e003Coalescence-mBHI-p5,101638
74,E4-e003Coalescence-mGAM-p5_S51,14,579225,B10-e003Coalescence-mBHI-p5,101638
75,G9-e003Coalescence-mGAM-p7_S174,0,622414,B10-e003Coalescence-mBHI-p5,101638
76,E8-e003Coalescence-mGAM-p3_S153,5,1489557,B10-e003Coalescence-mBHI-p5,101638
77,G100-e003Coalescence-mGAM-p7_S175,2,673821,B10-e003Coalescence-mBHI-p5,101638
78,G3-e003Coalescence-mBHI-p7_S122,4,531581,B10-e003Coalescence-mBHI-p5,101638
79,G4-e003Coalescence-mGAM-p5_S75,3,1533148,B10-e003Coalescence-mBHI-p5,101638
80,G8-e003Coalescence-mBHI-p3_S129,6,840340,B10-e003Coalescence-mBHI-p5,101638
81,G2-e003Coalescence-mGAM-p5_S73,14,1525280,B10-e003Coalescence-mBHI-p5,101638
82,E100-e003Coalescence-mGAM-p5_S55,20,1291155,B10-e003Coalescence-mBHI-p5,101638
83,G4-e003Coalescence-mGAM-p3_S83,5,1536688,B10-e003Coalescence-mBHI-p5,101638
84,F4-e003Coalescence-mBHI-p7_S111,4,477586,B10-e003Coalescence-mBHI-p5,101638
85,G4-e003Coalescence-mGAM-p7_S171,5,1471075,B10-e003Coalescence-mBHI-p5,101638
86,F100-e003Coalescence-mBHI-p7_S115,6,1350695,B10-e003Coalescence-mBHI-p5,101638
87,E3-e003Coalescence-mGAM-p7_S146,8,1297929,B10-e003Coalescence-mBHI-p5,101638
88,E3-e003Coalescence-mBHI-p5_S2,13,758841,B10-e003Coalescence-mBHI-p5,101638
89,G2-e003Coalescence-mBHI-p7_S121,12,1251923,B10-e003Coalescence-mBHI-p5,101638
90,F2-e003Coalescence-mBHI-p5_S13,11,1483168,B10-e003Coalescence-mBHI-p5,101638
91,F2-e003Coalescence-mGAM-p3_S69,2,1044013,B10-e003Coalescence-mBHI-p5,101638
92,G100-e003Coalescence-mGAM-p5_S79,7,1518875,B10-e003Coalescence-mBHI-p5,101638
93,E4-e003Coalescence-mGAM-p7_S147,2,1030477,B10-e003Coalescence-mBHI-p5,101638
94,E4-e003Coalescence-mGAM-p3_S59,18,1512400,B10-e003Coalescence-mBHI-p5,101638
95,H100-e003Coalescence-mBHI-p7_S139,12,1461470,B10-e003Coalescence-mBHI-p5,101638
96,G8-e003Coalescence-mBHI-p5_S29,10,757680,B10-e003Coalescence-mBHI-p5,101638
97,G2-e003Coalescence-mBHI-p5_S25,5,1534425,B10-e003Coalescence-mBHI-p5,101638
98,G8-e003Coalescence-mGAM-p7_S173,18,1390044,B10-e003Coalescence-mBHI-p5,101638
99,E4-e003Coalescence-mBHI-p3_S11,18,1489708,B10-e003Coalescence-mBHI-p5,101638
100,G9-e003Coalescence-mBHI-p5_S30,4,972978,B10-e003Coalescence-mBHI-p5,101638
101,E100-e003Coalescence-mGAM-p7_S151,24,1431882,B10-e003Coalescence-mBHI-p5,101638
102,G9-e003Coalescence-mGAM-p3_S178,7,1118807,B10-e003Coalescence-mBHI-p5,101638
103,G2-e003Coalescence-mGAM-p3_S81,17,1516772,B10-e003Coalescence-mBHI-p5,101638
104,G100-e003Coalescence-mBHI-p7_S127,9,560797,B10-e003Coalescence-mBHI-p5,101638
0,C9-e003Coalescence-mGAM-p3,0,712205,C4-e003Coalescence-mGAM-p5,101638
1,C11-e003Coalescence-mBHI-p3,1,455308,C4-e003Coalescence-mGAM-p5,101638
2,C9-e003Coalescence-mGAM-p7,0,500113,C4-e003Coalescence-mGAM-p5,101638
3,C8-e003Coalescence-mGAM-p7,1,1423925,C4-e003Coalescence-mGAM-p5,101638
4,D10-e003Coalescence-mBHI-p3,0,592022,C4-e003Coalescence-mGAM-p5,101638
5,B2-e003Coalescence-mBHI-p3,7,640269,C4-e003Coalescence-mGAM-p5,101638
6,A4-e003Coalescence-mBHI-p7,0,1046978,C4-e003Coalescence-mGAM-p5,101638
7,B3-e003Coalescence-mBHI-p3,20,851498,C4-e003Coalescence-mGAM-p5,101638
8,C2-e003Coalescence-mBHI-p5,0,1531728,C4-e003Coalescence-mGAM-p5,101638
9,C4-e003GlycerolRevival-mBHI-p2,0,655282,C4-e003Coalescence-mGAM-p5,101638
10,B2-e003Coalescence-mBHI-p5,2,1376755,C4-e003Coalescence-mGAM-p5,101638
11,C4-e003Coalescence-mGAM-p7,0,1491174,C4-e003Coalescence-mGAM-p5,101638
12,B10-e003Assembly-mGAM-p5,1,708824,C4-e003Coalescence-mGAM-p5,101638
13,C2-e003Coalescence-mGAM-p7,0,1544636,C4-e003Coalescence-mGAM-p5,101638
14,C9-e003Coalescence-mBHI-p5,0,843947,C4-e003Coalescence-mGAM-p5,101638
15,C2-e003Coalescence-mBHI-p3,1,1550808,C4-e003Coalescence-mGAM-p5,101638
16,C9-e003Coalescence-mBHI-p3,1,1477971,C4-e003Coalescence-mGAM-p5,101638
17,D10-e003Coalescence-mGAM-p5,1,895834,C4-e003Coalescence-mGAM-p5,101638
18,C2-e003Coalescence-mGAM-p3,0,1349817,C4-e003Coalescence-mGAM-p5,101638
19,B10-e003Coalescence-mBHI-p5,1,751178,C4-e003Coalescence-mGAM-p5,101638
20,C4-e003Coalescence-mGAM-p5,0,1406224,C4-e003Coalescence-mGAM-p5,101638
21,D5-e003Coalescence-mBHI-p5,1,1486364,C4-e003Coalescence-mGAM-p5,101638
22,D3-e003Assembly-mBHI-p3,8,768389,C4-e003Coalescence-mGAM-p5,101638
23,C4-e003Coalescence-mGAM-p3,1,1546978,C4-e003Coalescence-mGAM-p5,101638
24,D3-e003Assembly-mBHI-p5,9,1546651,C4-e003Coalescence-mGAM-p5,101638
25,A10-e003Coalescence-mGAM-p3,1,1530862,C4-e003Coalescence-mGAM-p5,101638
26,B2-e003Coalescence-mGAM-p3,2,442858,C4-e003Coalescence-mGAM-p5,101638
27,D3-e003Coalescence-mGAM-p5,4,515212,C4-e003Coalescence-mGAM-p5,101638
28,C10-e003Coalescence-mGAM-p3,2,1520946,C4-e003Coalescence-mGAM-p5,101638
29,C3-e003Coalescence-Inoculumn-mGAM,0,473234,C4-e003Coalescence-mGAM-p5,101638
30,D4-e003Coalescence-Inoculumn-mBHI,5,618720,C4-e003Coalescence-mGAM-p5,101638
31,A4-e003Coalescence-mBHI-p5,1,958917,C4-e003Coalescence-mGAM-p5,101638
32,D10-e003Coalescence-mGAM-p7,1,938266,C4-e003Coalescence-mGAM-p5,101638
33,C11-e003Coalescence-mGAM-p3,3,727674,C4-e003Coalescence-mGAM-p5,101638
34,C10-e003Coalescence-mBHI-p7,15,636171,C4-e003Coalescence-mGAM-p5,101638
35,B10-e003Coalescence-mBHI-p3,0,1064478,C4-e003Coalescence-mGAM-p5,101638
36,C11-e003Coalescence-mBHI-p5,4,1515011,C4-e003Coalescence-mGAM-p5,101638
37,C2-e003Coalescence-Inoculumn-mGAM,1,514343,C4-e003Coalescence-mGAM-p5,101638
38,B4-e003Coalescence-Inoculumn-mGAM,2,1527645,C4-e003Coalescence-mGAM-p5,101638
39,A10-e003Coalescence-mGAM-p7,0,1119734,C4-e003Coalescence-mGAM-p5,101638
40,C4-e003Coalescence-Inoculumn-mGAM,1,1354072,C4-e003Coalescence-mGAM-p5,101638
41,B10-e003Assembly-mGAM-p3,0,526228,C4-e003Coalescence-mGAM-p5,101638
42,D10-e003Coalescence-mBHI-p7,6,560357,C4-e003Coalescence-mGAM-p5,101638
43,B10-e003GlycerolRevival-mGAM-p2,1,912883,C4-e003Coalescence-mGAM-p5,101638
44,C10-e003Coalescence-mGAM-p5,2,1544682,C4-e003Coalescence-mGAM-p5,101638
45,A3-e003Coalescence-mBHI-p3,7,444927,C4-e003Coalescence-mGAM-p5,101638
46,A4-e003Coalescence-mBHI-p3,0,1204293,C4-e003Coalescence-mGAM-p5,101638
47,C9-e003Coalescence-mGAM-p5,1,810866,C4-e003Coalescence-mGAM-p5,101638
48,C2-e003Coalescence-mGAM-p5,0,1502257,C4-e003Coalescence-mGAM-p5,101638
49,C8-e003Coalescence-mBHI-p5,10,1338159,C4-e003Coalescence-mGAM-p5,101638
50,B4-e003Coalescence-Inoculumn-mBHI,3,563867,C4-e003Coalescence-mGAM-p5,101638
51,C5-e003Coalescence-Inoculumn-mGAM,2,1530071,C4-e003Coalescence-mGAM-p5,101638
52,C4-e003Coalescence-mBHI-p5,9,881699,C4-e003Coalescence-mGAM-p5,101638
53,A4-e003Coalescence-Inoculumn-mGAM,1,1506279,C4-e003Coalescence-mGAM-p5,101638
54,C2-e003Coalescence-mBHI-p7,0,569461,C4-e003Coalescence-mGAM-p5,101638
55,C10-e003Coalescence-mGAM-p7,0,1547140,C4-e003Coalescence-mGAM-p5,101638
56,C10-e003Coalescence-mBHI-p3,0,1524472,C4-e003Coalescence-mGAM-p5,101638
57,H4-e003Coalescence-mGAM-p7_S183,10,991821,C4-e003Coalescence-mGAM-p5,101638
58,F5-e003Coalescence-mGAM-p5_S64,2,468781,C4-e003Coalescence-mGAM-p5,101638
59,F100-e003Coalescence-mGAM-p7_S163,4,1155108,C4-e003Coalescence-mGAM-p5,101638
60,E3-e003Coalescence-mGAM-p3_S58,6,516408,C4-e003Coalescence-mGAM-p5,101638
61,G4-e003Coalescence-mBHI-p5_S27,4,878137,C4-e003Coalescence-mGAM-p5,101638
62,G2-e003Coalescence-mBHI-p3_S33,6,1521290,C4-e003Coalescence-mGAM-p5,101638
63,G100-e003Coalescence-mGAM-p3_S179,3,1153539,C4-e003Coalescence-mGAM-p5,101638
64,G111-e003Coalescence-mBHI-p5_S32,10,1154220,C4-e003Coalescence-mGAM-p5,101638
65,E3-e003Coalescence-mBHI-p3_S10,6,711439,C4-e003Coalescence-mGAM-p5,101638
66,F2-e003Coalescence-mGAM-p7_S157,2,556375,C4-e003Coalescence-mGAM-p5,101638
67,E100-e003Coalescence-mGAM-p3_S155,5,1461251,C4-e003Coalescence-mGAM-p5,101638
68,E3-e003Coalescence-mGAM-p5_S50,6,1371172,C4-e003Coalescence-mGAM-p5,101638
69,H100-e003Coalescence-mBHI-p5_S43,5,925751,C4-e003Coalescence-mGAM-p5,101638
70,F2-e003Coalescence-mGAM-p5_S61,4,1281223,C4-e003Coalescence-mGAM-p5,101638
71,G100-e003Coalescence-mBHI-p5_S31,1,829979,C4-e003Coalescence-mGAM-p5,101638
72,G4-e003Coalescence-mBHI-p3_S35,12,474244,C4-e003Coalescence-mGAM-p5,101638
73,E4-e003Coalescence-mBHI-p5_S3,10,1426946,C4-e003Coalescence-mGAM-p5,101638
74,E4-e003Coalescence-mGAM-p5_S51,1,579225,C4-e003Coalescence-mGAM-p5,101638
75,G9-e003Coalescence-mGAM-p7_S174,0,622414,C4-e003Coalescence-mGAM-p5,101638
76,E8-e003Coalescence-mGAM-p3_S153,11,1489557,C4-e003Coalescence-mGAM-p5,101638
77,G100-e003Coalescence-mGAM-p7_S175,5,673821,C4-e003Coalescence-mGAM-p5,101638
78,G3-e003Coalescence-mBHI-p7_S122,8,531581,C4-e003Coalescence-mGAM-p5,101638
79,G4-e003Coalescence-mGAM-p5_S75,8,1533148,C4-e003Coalescence-mGAM-p5,101638
80,G8-e003Coalescence-mBHI-p3_S129,5,840340,C4-e003Coalescence-mGAM-p5,101638
81,G2-e003Coalescence-mGAM-p5_S73,8,1525280,C4-e003Coalescence-mGAM-p5,101638
82,E100-e003Coalescence-mGAM-p5_S55,8,1291155,C4-e003Coalescence-mGAM-p5,101638
83,G4-e003Coalescence-mGAM-p3_S83,10,1536688,C4-e003Coalescence-mGAM-p5,101638
84,F4-e003Coalescence-mBHI-p7_S111,0,477586,C4-e003Coalescence-mGAM-p5,101638
85,G4-e003Coalescence-mGAM-p7_S171,8,1471075,C4-e003Coalescence-mGAM-p5,101638
86,F100-e003Coalescence-mBHI-p7_S115,7,1350695,C4-e003Coalescence-mGAM-p5,101638
87,E3-e003Coalescence-mGAM-p7_S146,9,1297929,C4-e003Coalescence-mGAM-p5,101638
88,E3-e003Coalescence-mBHI-p5_S2,2,758841,C4-e003Coalescence-mGAM-p5,101638
89,G2-e003Coalescence-mBHI-p7_S121,9,1251923,C4-e003Coalescence-mGAM-p5,101638
90,F2-e003Coalescence-mBHI-p5_S13,6,1483168,C4-e003Coalescence-mGAM-p5,101638
91,F2-e003Coalescence-mGAM-p3_S69,3,1044013,C4-e003Coalescence-mGAM-p5,101638
92,G100-e003Coalescence-mGAM-p5_S79,5,1518875,C4-e003Coalescence-mGAM-p5,101638
93,E4-e003Coalescence-mGAM-p7_S147,5,1030477,C4-e003Coalescence-mGAM-p5,101638
94,E4-e003Coalescence-mGAM-p3_S59,9,1512400,C4-e003Coalescence-mGAM-p5,101638
95,H100-e003Coalescence-mBHI-p7_S139,11,1461470,C4-e003Coalescence-mGAM-p5,101638
96,G8-e003Coalescence-mBHI-p5_S29,10,757680,C4-e003Coalescence-mGAM-p5,101638
97,G2-e003Coalescence-mBHI-p5_S25,9,1534425,C4-e003Coalescence-mGAM-p5,101638
98,G8-e003Coalescence-mGAM-p7_S173,19,1390044,C4-e003Coalescence-mGAM-p5,101638
99,E4-e003Coalescence-mBHI-p3_S11,8,1489708,C4-e003Coalescence-mGAM-p5,101638
100,G9-e003Coalescence-mBHI-p5_S30,8,972978,C4-e003Coalescence-mGAM-p5,101638
101,E100-e003Coalescence-mGAM-p7_S151,9,1431882,C4-e003Coalescence-mGAM-p5,101638
102,G9-e003Coalescence-mGAM-p3_S178,6,1118807,C4-e003Coalescence-mGAM-p5,101638
103,G2-e003Coalescence-mGAM-p3_S81,8,1516772,C4-e003Coalescence-mGAM-p5,101638
104,G100-e003Coalescence-mBHI-p7_S127,3,560797,C4-e003Coalescence-mGAM-p5,101638
0,C9-e003Coalescence-mGAM-p3,19,712205,D5-e003Coalescence-mBHI-p5,101638
1,C11-e003Coalescence-mBHI-p3,4,455308,D5-e003Coalescence-mBHI-p5,101638
2,C9-e003Coalescence-mGAM-p7,27,500113,D5-e003Coalescence-mBHI-p5,101638
3,C8-e003Coalescence-mGAM-p7,4,1423925,D5-e003Coalescence-mBHI-p5,101638
4,D10-e003Coalescence-mBHI-p3,25,592022,D5-e003Coalescence-mBHI-p5,101638
5,B2-e003Coalescence-mBHI-p3,9,640269,D5-e003Coalescence-mBHI-p5,101638
6,A4-e003Coalescence-mBHI-p7,0,1046978,D5-e003Coalescence-mBHI-p5,101638
7,B3-e003Coalescence-mBHI-p3,21,851498,D5-e003Coalescence-mBHI-p5,101638
8,C2-e003Coalescence-mBHI-p5,1,1531728,D5-e003Coalescence-mBHI-p5,101638
9,C4-e003GlycerolRevival-mBHI-p2,21,655282,D5-e003Coalescence-mBHI-p5,101638
10,B2-e003Coalescence-mBHI-p5,8,1376755,D5-e003Coalescence-mBHI-p5,101638
11,C4-e003Coalescence-mGAM-p7,0,1491174,D5-e003Coalescence-mBHI-p5,101638
12,B10-e003Assembly-mGAM-p5,0,708824,D5-e003Coalescence-mBHI-p5,101638
13,C2-e003Coalescence-mGAM-p7,0,1544636,D5-e003Coalescence-mBHI-p5,101638
14,C9-e003Coalescence-mBHI-p5,28,843947,D5-e003Coalescence-mBHI-p5,101638
15,C2-e003Coalescence-mBHI-p3,2,1550808,D5-e003Coalescence-mBHI-p5,101638
16,C9-e003Coalescence-mBHI-p3,33,1477971,D5-e003Coalescence-mBHI-p5,101638
17,D10-e003Coalescence-mGAM-p5,29,895834,D5-e003Coalescence-mBHI-p5,101638
18,C2-e003Coalescence-mGAM-p3,0,1349817,D5-e003Coalescence-mBHI-p5,101638
19,B10-e003Coalescence-mBHI-p5,17,751178,D5-e003Coalescence-mBHI-p5,101638
20,C4-e003Coalescence-mGAM-p5,0,1406224,D5-e003Coalescence-mBHI-p5,101638
21,D5-e003Coalescence-mBHI-p5,0,1486364,D5-e003Coalescence-mBHI-p5,101638
22,D3-e003Assembly-mBHI-p3,21,768389,D5-e003Coalescence-mBHI-p5,101638
23,C4-e003Coalescence-mGAM-p3,1,1546978,D5-e003Coalescence-mBHI-p5,101638
24,D3-e003Assembly-mBHI-p5,19,1546651,D5-e003Coalescence-mBHI-p5,101638
25,A10-e003Coalescence-mGAM-p3,4,1530862,D5-e003Coalescence-mBHI-p5,101638
26,B2-e003Coalescence-mGAM-p3,4,442858,D5-e003Coalescence-mBHI-p5,101638
27,D3-e003Coalescence-mGAM-p5,9,515212,D5-e003Coalescence-mBHI-p5,101638
28,C10-e003Coalescence-mGAM-p3,4,1520946,D5-e003Coalescence-mBHI-p5,101638
29,C3-e003Coalescence-Inoculumn-mGAM,3,473234,D5-e003Coalescence-mBHI-p5,101638
30,D4-e003Coalescence-Inoculumn-mBHI,16,618720,D5-e003Coalescence-mBHI-p5,101638
31,A4-e003Coalescence-mBHI-p5,1,958917,D5-e003Coalescence-mBHI-p5,101638
32,D10-e003Coalescence-mGAM-p7,12,938266,D5-e003Coalescence-mBHI-p5,101638
33,C11-e003Coalescence-mGAM-p3,29,727674,D5-e003Coalescence-mBHI-p5,101638
34,C10-e003Coalescence-mBHI-p7,20,636171,D5-e003Coalescence-mBHI-p5,101638
35,B10-e003Coalescence-mBHI-p3,24,1064478,D5-e003Coalescence-mBHI-p5,101638
36,C11-e003Coalescence-mBHI-p5,25,1515011,D5-e003Coalescence-mBHI-p5,101638
37,C2-e003Coalescence-Inoculumn-mGAM,1,514343,D5-e003Coalescence-mBHI-p5,101638
38,B4-e003Coalescence-Inoculumn-mGAM,36,1527645,D5-e003Coalescence-mBHI-p5,101638
39,A10-e003Coalescence-mGAM-p7,0,1119734,D5-e003Coalescence-mBHI-p5,101638
40,C4-e003Coalescence-Inoculumn-mGAM,7,1354072,D5-e003Coalescence-mBHI-p5,101638
41,B10-e003Assembly-mGAM-p3,3,526228,D5-e003Coalescence-mBHI-p5,101638
42,D10-e003Coalescence-mBHI-p7,17,560357,D5-e003Coalescence-mBHI-p5,101638
43,B10-e003GlycerolRevival-mGAM-p2,2,912883,D5-e003Coalescence-mBHI-p5,101638
44,C10-e003Coalescence-mGAM-p5,10,1544682,D5-e003Coalescence-mBHI-p5,101638
45,A3-e003Coalescence-mBHI-p3,7,444927,D5-e003Coalescence-mBHI-p5,101638
46,A4-e003Coalescence-mBHI-p3,0,1204293,D5-e003Coalescence-mBHI-p5,101638
47,C9-e003Coalescence-mGAM-p5,28,810866,D5-e003Coalescence-mBHI-p5,101638
48,C2-e003Coalescence-mGAM-p5,0,1502257,D5-e003Coalescence-mBHI-p5,101638
49,C8-e003Coalescence-mBHI-p5,16,1338159,D5-e003Coalescence-mBHI-p5,101638
50,B4-e003Coalescence-Inoculumn-mBHI,21,563867,D5-e003Coalescence-mBHI-p5,101638
51,C5-e003Coalescence-Inoculumn-mGAM,4,1530071,D5-e003Coalescence-mBHI-p5,101638
52,C4-e003Coalescence-mBHI-p5,10,881699,D5-e003Coalescence-mBHI-p5,101638
53,A4-e003Coalescence-Inoculumn-mGAM,1,1506279,D5-e003Coalescence-mBHI-p5,101638
54,C2-e003Coalescence-mBHI-p7,1,569461,D5-e003Coalescence-mBHI-p5,101638
55,C10-e003Coalescence-mGAM-p7,2,1547140,D5-e003Coalescence-mBHI-p5,101638
56,C10-e003Coalescence-mBHI-p3,11,1524472,D5-e003Coalescence-mBHI-p5,101638
57,H4-e003Coalescence-mGAM-p7_S183,11,991821,D5-e003Coalescence-mBHI-p5,101638
58,F5-e003Coalescence-mGAM-p5_S64,2,468781,D5-e003Coalescence-mBHI-p5,101638
59,F100-e003Coalescence-mGAM-p7_S163,8,1155108,D5-e003Coalescence-mBHI-p5,101638
60,E3-e003Coalescence-mGAM-p3_S58,7,516408,D5-e003Coalescence-mBHI-p5,101638
61,G4-e003Coalescence-mBHI-p5_S27,14,878137,D5-e003Coalescence-mBHI-p5,101638
62,G2-e003Coalescence-mBHI-p3_S33,2,1521290,D5-e003Coalescence-mBHI-p5,101638
63,G100-e003Coalescence-mGAM-p3_S179,2,1153539,D5-e003Coalescence-mBHI-p5,101638
64,G111-e003Coalescence-mBHI-p5_S32,42,1154220,D5-e003Coalescence-mBHI-p5,101638
65,E3-e003Coalescence-mBHI-p3_S10,4,711439,D5-e003Coalescence-mBHI-p5,101638
66,F2-e003Coalescence-mGAM-p7_S157,5,556375,D5-e003Coalescence-mBHI-p5,101638
67,E100-e003Coalescence-mGAM-p3_S155,6,1461251,D5-e003Coalescence-mBHI-p5,101638
68,E3-e003Coalescence-mGAM-p5_S50,4,1371172,D5-e003Coalescence-mBHI-p5,101638
69,H100-e003Coalescence-mBHI-p5_S43,34,925751,D5-e003Coalescence-mBHI-p5,101638
70,F2-e003Coalescence-mGAM-p5_S61,1,1281223,D5-e003Coalescence-mBHI-p5,101638
71,G100-e003Coalescence-mBHI-p5_S31,4,829979,D5-e003Coalescence-mBHI-p5,101638
72,G4-e003Coalescence-mBHI-p3_S35,8,474244,D5-e003Coalescence-mBHI-p5,101638
73,E4-e003Coalescence-mBHI-p5_S3,6,1426946,D5-e003Coalescence-mBHI-p5,101638
74,E4-e003Coalescence-mGAM-p5_S51,1,579225,D5-e003Coalescence-mBHI-p5,101638
75,G9-e003Coalescence-mGAM-p7_S174,23,622414,D5-e003Coalescence-mBHI-p5,101638
76,E8-e003Coalescence-mGAM-p3_S153,14,1489557,D5-e003Coalescence-mBHI-p5,101638
77,G100-e003Coalescence-mGAM-p7_S175,3,673821,D5-e003Coalescence-mBHI-p5,101638
78,G3-e003Coalescence-mBHI-p7_S122,33,531581,D5-e003Coalescence-mBHI-p5,101638
79,G4-e003Coalescence-mGAM-p5_S75,9,1533148,D5-e003Coalescence-mBHI-p5,101638
80,G8-e003Coalescence-mBHI-p3_S129,14,840340,D5-e003Coalescence-mBHI-p5,101638
81,G2-e003Coalescence-mGAM-p5_S73,5,1525280,D5-e003Coalescence-mBHI-p5,101638
82,E100-e003Coalescence-mGAM-p5_S55,3,1291155,D5-e003Coalescence-mBHI-p5,101638
83,G4-e003Coalescence-mGAM-p3_S83,6,1536688,D5-e003Coalescence-mBHI-p5,101638
84,F4-e003Coalescence-mBHI-p7_S111,26,477586,D5-e003Coalescence-mBHI-p5,101638
85,G4-e003Coalescence-mGAM-p7_S171,4,1471075,D5-e003Coalescence-mBHI-p5,101638
86,F100-e003Coalescence-mBHI-p7_S115,34,1350695,D5-e003Coalescence-mBHI-p5,101638
87,E3-e003Coalescence-mGAM-p7_S146,5,1297929,D5-e003Coalescence-mBHI-p5,101638
88,E3-e003Coalescence-mBHI-p5_S2,0,758841,D5-e003Coalescence-mBHI-p5,101638
89,G2-e003Coalescence-mBHI-p7_S121,5,1251923,D5-e003Coalescence-mBHI-p5,101638
90,F2-e003Coalescence-mBHI-p5_S13,4,1483168,D5-e003Coalescence-mBHI-p5,101638
91,F2-e003Coalescence-mGAM-p3_S69,0,1044013,D5-e003Coalescence-mBHI-p5,101638
92,G100-e003Coalescence-mGAM-p5_S79,5,1518875,D5-e003Coalescence-mBHI-p5,101638
93,E4-e003Coalescence-mGAM-p7_S147,5,1030477,D5-e003Coalescence-mBHI-p5,101638
94,E4-e003Coalescence-mGAM-p3_S59,5,1512400,D5-e003Coalescence-mBHI-p5,101638
95,H100-e003Coalescence-mBHI-p7_S139,49,1461470,D5-e003Coalescence-mBHI-p5,101638
96,G8-e003Coalescence-mBHI-p5_S29,18,757680,D5-e003Coalescence-mBHI-p5,101638
97,G2-e003Coalescence-mBHI-p5_S25,5,1534425,D5-e003Coalescence-mBHI-p5,101638
98,G8-e003Coalescence-mGAM-p7_S173,15,1390044,D5-e003Coalescence-mBHI-p5,101638
99,E4-e003Coalescence-mBHI-p3_S11,5,1489708,D5-e003Coalescence-mBHI-p5,101638
100,G9-e003Coalescence-mBHI-p5_S30,21,972978,D5-e003Coalescence-mBHI-p5,101638
101,E100-e003Coalescence-mGAM-p7_S151,8,1431882,D5-e003Coalescence-mBHI-p5,101638
102,G9-e003Coalescence-mGAM-p3_S178,31,1118807,D5-e003Coalescence-mBHI-p5,101638
103,G2-e003Coalescence-mGAM-p3_S81,5,1516772,D5-e003Coalescence-mBHI-p5,101638
104,G100-e003Coalescence-mBHI-p7_S127,6,560797,D5-e003Coalescence-mBHI-p5,101638
0,C9-e003Coalescence-mGAM-p3,7,712205,D3-e003Assembly-mBHI-p3,101638
1,C11-e003Coalescence-mBHI-p3,6,455308,D3-e003Assembly-mBHI-p3,101638
2,C9-e003Coalescence-mGAM-p7,2,500113,D3-e003Assembly-mBHI-p3,101638
3,C8-e003Coalescence-mGAM-p7,19,1423925,D3-e003Assembly-mBHI-p3,101638
4,D10-e003Coalescence-mBHI-p3,8,592022,D3-e003Assembly-mBHI-p3,101638
5,B2-e003Coalescence-mBHI-p3,15,640269,D3-e003Assembly-mBHI-p3,101638
6,A4-e003Coalescence-mBHI-p7,21,1046978,D3-e003Assembly-mBHI-p3,101638
7,B3-e003Coalescence-mBHI-p3,16,851498,D3-e003Assembly-mBHI-p3,101638
8,C2-e003Coalescence-mBHI-p5,25,1531728,D3-e003Assembly-mBHI-p3,101638
9,C4-e003GlycerolRevival-mBHI-p2,4,655282,D3-e003Assembly-mBHI-p3,101638
10,B2-e003Coalescence-mBHI-p5,26,1376755,D3-e003Assembly-mBHI-p3,101638
11,C4-e003Coalescence-mGAM-p7,12,1491174,D3-e003Assembly-mBHI-p3,101638
12,B10-e003Assembly-mGAM-p5,3,708824,D3-e003Assembly-mBHI-p3,101638
13,C2-e003Coalescence-mGAM-p7,18,1544636,D3-e003Assembly-mBHI-p3,101638
14,C9-e003Coalescence-mBHI-p5,8,843947,D3-e003Assembly-mBHI-p3,101638
15,C2-e003Coalescence-mBHI-p3,26,1550808,D3-e003Assembly-mBHI-p3,101638
16,C9-e003Coalescence-mBHI-p3,12,1477971,D3-e003Assembly-mBHI-p3,101638
17,D10-e003Coalescence-mGAM-p5,6,895834,D3-e003Assembly-mBHI-p3,101638
18,C2-e003Coalescence-mGAM-p3,21,1349817,D3-e003Assembly-mBHI-p3,101638
19,B10-e003Coalescence-mBHI-p5,4,751178,D3-e003Assembly-mBHI-p3,101638
20,C4-e003Coalescence-mGAM-p5,10,1406224,D3-e003Assembly-mBHI-p3,101638
21,D5-e003Coalescence-mBHI-p5,24,1486364,D3-e003Assembly-mBHI-p3,101638
22,D3-e003Assembly-mBHI-p3,0,768389,D3-e003Assembly-mBHI-p3,101638
23,C4-e003Coalescence-mGAM-p3,12,1546978,D3-e003Assembly-mBHI-p3,101638
24,D3-e003Assembly-mBHI-p5,0,1546651,D3-e003Assembly-mBHI-p3,101638
25,A10-e003Coalescence-mGAM-p3,23,1530862,D3-e003Assembly-mBHI-p3,101638
26,B2-e003Coalescence-mGAM-p3,13,442858,D3-e003Assembly-mBHI-p3,101638
27,D3-e003Coalescence-mGAM-p5,7,515212,D3-e003Assembly-mBHI-p3,101638
28,C10-e003Coalescence-mGAM-p3,10,1520946,D3-e003Assembly-mBHI-p3,101638
29,C3-e003Coalescence-Inoculumn-mGAM,3,473234,D3-e003Assembly-mBHI-p3,101638
30,D4-e003Coalescence-Inoculumn-mBHI,7,618720,D3-e003Assembly-mBHI-p3,101638
31,A4-e003Coalescence-mBHI-p5,18,958917,D3-e003Assembly-mBHI-p3,101638
32,D10-e003Coalescence-mGAM-p7,7,938266,D3-e003Assembly-mBHI-p3,101638
33,C11-e003Coalescence-mGAM-p3,6,727674,D3-e003Assembly-mBHI-p3,101638
34,C10-e003Coalescence-mBHI-p7,9,636171,D3-e003Assembly-mBHI-p3,101638
35,B10-e003Coalescence-mBHI-p3,7,1064478,D3-e003Assembly-mBHI-p3,101638
36,C11-e003Coalescence-mBHI-p5,12,1515011,D3-e003Assembly-mBHI-p3,101638
37,C2-e003Coalescence-Inoculumn-mGAM,1,514343,D3-e003Assembly-mBHI-p3,101638
38,B4-e003Coalescence-Inoculumn-mGAM,13,1527645,D3-e003Assembly-mBHI-p3,101638
39,A10-e003Coalescence-mGAM-p7,15,1119734,D3-e003Assembly-mBHI-p3,101638
40,C4-e003Coalescence-Inoculumn-mGAM,7,1354072,D3-e003Assembly-mBHI-p3,101638
41,B10-e003Assembly-mGAM-p3,4,526228,D3-e003Assembly-mBHI-p3,101638
42,D10-e003Coalescence-mBHI-p7,10,560357,D3-e003Assembly-mBHI-p3,101638
43,B10-e003GlycerolRevival-mGAM-p2,8,912883,D3-e003Assembly-mBHI-p3,101638
44,C10-e003Coalescence-mGAM-p5,11,1544682,D3-e003Assembly-mBHI-p3,101638
45,A3-e003Coalescence-mBHI-p3,11,444927,D3-e003Assembly-mBHI-p3,101638
46,A4-e003Coalescence-mBHI-p3,25,1204293,D3-e003Assembly-mBHI-p3,101638
47,C9-e003Coalescence-mGAM-p5,5,810866,D3-e003Assembly-mBHI-p3,101638
48,C2-e003Coalescence-mGAM-p5,28,1502257,D3-e003Assembly-mBHI-p3,101638
49,C8-e003Coalescence-mBHI-p5,10,1338159,D3-e003Assembly-mBHI-p3,101638
50,B4-e003Coalescence-Inoculumn-mBHI,5,563867,D3-e003Assembly-mBHI-p3,101638
51,C5-e003Coalescence-Inoculumn-mGAM,12,1530071,D3-e003Assembly-mBHI-p3,101638
52,C4-e003Coalescence-mBHI-p5,10,881699,D3-e003Assembly-mBHI-p3,101638
53,A4-e003Coalescence-Inoculumn-mGAM,23,1506279,D3-e003Assembly-mBHI-p3,101638
54,C2-e003Coalescence-mBHI-p7,3,569461,D3-e003Assembly-mBHI-p3,101638
55,C10-e003Coalescence-mGAM-p7,10,1547140,D3-e003Assembly-mBHI-p3,101638
56,C10-e003Coalescence-mBHI-p3,12,1524472,D3-e003Assembly-mBHI-p3,101638
57,H4-e003Coalescence-mGAM-p7_S183,13,991821,D3-e003Assembly-mBHI-p3,101638
58,F5-e003Coalescence-mGAM-p5_S64,1,468781,D3-e003Assembly-mBHI-p3,101638
59,F100-e003Coalescence-mGAM-p7_S163,8,1155108,D3-e003Assembly-mBHI-p3,101638
60,E3-e003Coalescence-mGAM-p3_S58,16,516408,D3-e003Assembly-mBHI-p3,101638
61,G4-e003Coalescence-mBHI-p5_S27,9,878137,D3-e003Assembly-mBHI-p3,101638
62,G2-e003Coalescence-mBHI-p3_S33,20,1521290,D3-e003Assembly-mBHI-p3,101638
63,G100-e003Coalescence-mGAM-p3_S179,9,1153539,D3-e003Assembly-mBHI-p3,101638
64,G111-e003Coalescence-mBHI-p5_S32,14,1154220,D3-e003Assembly-mBHI-p3,101638
65,E3-e003Coalescence-mBHI-p3_S10,16,711439,D3-e003Assembly-mBHI-p3,101638
66,F2-e003Coalescence-mGAM-p7_S157,3,556375,D3-e003Assembly-mBHI-p3,101638
67,E100-e003Coalescence-mGAM-p3_S155,20,1461251,D3-e003Assembly-mBHI-p3,101638
68,E3-e003Coalescence-mGAM-p5_S50,8,1371172,D3-e003Assembly-mBHI-p3,101638
69,H100-e003Coalescence-mBHI-p5_S43,10,925751,D3-e003Assembly-mBHI-p3,101638
70,F2-e003Coalescence-mGAM-p5_S61,10,1281223,D3-e003Assembly-mBHI-p3,101638
71,G100-e003Coalescence-mBHI-p5_S31,4,829979,D3-e003Assembly-mBHI-p3,101638
72,G4-e003Coalescence-mBHI-p3_S35,8,474244,D3-e003Assembly-mBHI-p3,101638
73,E4-e003Coalescence-mBHI-p5_S3,29,1426946,D3-e003Assembly-mBHI-p3,101638
74,E4-e003Coalescence-mGAM-p5_S51,15,579225,D3-e003Assembly-mBHI-p3,101638
75,G9-e003Coalescence-mGAM-p7_S174,7,622414,D3-e003Assembly-mBHI-p3,101638
76,E8-e003Coalescence-mGAM-p3_S153,13,1489557,D3-e003Assembly-mBHI-p3,101638
77,G100-e003Coalescence-mGAM-p7_S175,4,673821,D3-e003Assembly-mBHI-p3,101638
78,G3-e003Coalescence-mBHI-p7_S122,4,531581,D3-e003Assembly-mBHI-p3,101638
79,G4-e003Coalescence-mGAM-p5_S75,15,1533148,D3-e003Assembly-mBHI-p3,101638
80,G8-e003Coalescence-mBHI-p3_S129,8,840340,D3-e003Assembly-mBHI-p3,101638
81,G2-e003Coalescence-mGAM-p5_S73,28,1525280,D3-e003Assembly-mBHI-p3,101638
82,E100-e003Coalescence-mGAM-p5_S55,18,1291155,D3-e003Assembly-mBHI-p3,101638
83,G4-e003Coalescence-mGAM-p3_S83,15,1536688,D3-e003Assembly-mBHI-p3,101638
84,F4-e003Coalescence-mBHI-p7_S111,7,477586,D3-e003Assembly-mBHI-p3,101638
85,G4-e003Coalescence-mGAM-p7_S171,16,1471075,D3-e003Assembly-mBHI-p3,101638
86,F100-e003Coalescence-mBHI-p7_S115,13,1350695,D3-e003Assembly-mBHI-p3,101638
87,E3-e003Coalescence-mGAM-p7_S146,12,1297929,D3-e003Assembly-mBHI-p3,101638
88,E3-e003Coalescence-mBHI-p5_S2,15,758841,D3-e003Assembly-mBHI-p3,101638
89,G2-e003Coalescence-mBHI-p7_S121,14,1251923,D3-e003Assembly-mBHI-p3,101638
90,F2-e003Coalescence-mBHI-p5_S13,16,1483168,D3-e003Assembly-mBHI-p3,101638
91,F2-e003Coalescence-mGAM-p3_S69,6,1044013,D3-e003Assembly-mBHI-p3,101638
92,G100-e003Coalescence-mGAM-p5_S79,11,1518875,D3-e003Assembly-mBHI-p3,101638
93,E4-e003Coalescence-mGAM-p7_S147,9,1030477,D3-e003Assembly-mBHI-p3,101638
94,E4-e003Coalescence-mGAM-p3_S59,22,1512400,D3-e003Assembly-mBHI-p3,101638
95,H100-e003Coalescence-mBHI-p7_S139,16,1461470,D3-e003Assembly-mBHI-p3,101638
96,G8-e003Coalescence-mBHI-p5_S29,8,757680,D3-e003Assembly-mBHI-p3,101638
97,G2-e003Coalescence-mBHI-p5_S25,14,1534425,D3-e003Assembly-mBHI-p3,101638
98,G8-e003Coalescence-mGAM-p7_S173,18,1390044,D3-e003Assembly-mBHI-p3,101638
99,E4-e003Coalescence-mBHI-p3_S11,22,1489708,D3-e003Assembly-mBHI-p3,101638
100,G9-e003Coalescence-mBHI-p5_S30,12,972978,D3-e003Assembly-mBHI-p3,101638
101,E100-e003Coalescence-mGAM-p7_S151,28,1431882,D3-e003Assembly-mBHI-p3,101638
102,G9-e003Coalescence-mGAM-p3_S178,11,1118807,D3-e003Assembly-mBHI-p3,101638
103,G2-e003Coalescence-mGAM-p3_S81,28,1516772,D3-e003Assembly-mBHI-p3,101638
104,G100-e003Coalescence-mBHI-p7_S127,3,560797,D3-e003Assembly-mBHI-p3,101638
0,C9-e003Coalescence-mGAM-p3,0,712205,C4-e003Coalescence-mGAM-p3,101638
1,C11-e003Coalescence-mBHI-p3,0,455308,C4-e003Coalescence-mGAM-p3,101638
2,C9-e003Coalescence-mGAM-p7,0,500113,C4-e003Coalescence-mGAM-p3,101638
3,C8-e003Coalescence-mGAM-p7,2,1423925,C4-e003Coalescence-mGAM-p3,101638
4,D10-e003Coalescence-mBHI-p3,1,592022,C4-e003Coalescence-mGAM-p3,101638
5,B2-e003Coalescence-mBHI-p3,5,640269,C4-e003Coalescence-mGAM-p3,101638
6,A4-e003Coalescence-mBHI-p7,0,1046978,C4-e003Coalescence-mGAM-p3,101638
7,B3-e003Coalescence-mBHI-p3,25,851498,C4-e003Coalescence-mGAM-p3,101638
8,C2-e003Coalescence-mBHI-p5,0,1531728,C4-e003Coalescence-mGAM-p3,101638
9,C4-e003GlycerolRevival-mBHI-p2,0,655282,C4-e003Coalescence-mGAM-p3,101638
10,B2-e003Coalescence-mBHI-p5,3,1376755,C4-e003Coalescence-mGAM-p3,101638
11,C4-e003Coalescence-mGAM-p7,0,1491174,C4-e003Coalescence-mGAM-p3,101638
12,B10-e003Assembly-mGAM-p5,1,708824,C4-e003Coalescence-mGAM-p3,101638
13,C2-e003Coalescence-mGAM-p7,0,1544636,C4-e003Coalescence-mGAM-p3,101638
14,C9-e003Coalescence-mBHI-p5,0,843947,C4-e003Coalescence-mGAM-p3,101638
15,C2-e003Coalescence-mBHI-p3,0,1550808,C4-e003Coalescence-mGAM-p3,101638
16,C9-e003Coalescence-mBHI-p3,0,1477971,C4-e003Coalescence-mGAM-p3,101638
17,D10-e003Coalescence-mGAM-p5,0,895834,C4-e003Coalescence-mGAM-p3,101638
18,C2-e003Coalescence-mGAM-p3,0,1349817,C4-e003Coalescence-mGAM-p3,101638
19,B10-e003Coalescence-mBHI-p5,0,751178,C4-e003Coalescence-mGAM-p3,101638
20,C4-e003Coalescence-mGAM-p5,0,1406224,C4-e003Coalescence-mGAM-p3,101638
21,D5-e003Coalescence-mBHI-p5,1,1486364,C4-e003Coalescence-mGAM-p3,101638
22,D3-e003Assembly-mBHI-p3,8,768389,C4-e003Coalescence-mGAM-p3,101638
23,C4-e003Coalescence-mGAM-p3,0,1546978,C4-e003Coalescence-mGAM-p3,101638
24,D3-e003Assembly-mBHI-p5,10,1546651,C4-e003Coalescence-mGAM-p3,101638
25,A10-e003Coalescence-mGAM-p3,1,1530862,C4-e003Coalescence-mGAM-p3,101638
26,B2-e003Coalescence-mGAM-p3,2,442858,C4-e003Coalescence-mGAM-p3,101638
27,D3-e003Coalescence-mGAM-p5,2,515212,C4-e003Coalescence-mGAM-p3,101638
28,C10-e003Coalescence-mGAM-p3,0,1520946,C4-e003Coalescence-mGAM-p3,101638
29,C3-e003Coalescence-Inoculumn-mGAM,0,473234,C4-e003Coalescence-mGAM-p3,101638
30,D4-e003Coalescence-Inoculumn-mBHI,2,618720,C4-e003Coalescence-mGAM-p3,101638
31,A4-e003Coalescence-mBHI-p5,0,958917,C4-e003Coalescence-mGAM-p3,101638
32,D10-e003Coalescence-mGAM-p7,0,938266,C4-e003Coalescence-mGAM-p3,101638
33,C11-e003Coalescence-mGAM-p3,1,727674,C4-e003Coalescence-mGAM-p3,101638
34,C10-e003Coalescence-mBHI-p7,16,636171,C4-e003Coalescence-mGAM-p3,101638
35,B10-e003Coalescence-mBHI-p3,0,1064478,C4-e003Coalescence-mGAM-p3,101638
36,C11-e003Coalescence-mBHI-p5,0,1515011,C4-e003Coalescence-mGAM-p3,101638
37,C2-e003Coalescence-Inoculumn-mGAM,0,514343,C4-e003Coalescence-mGAM-p3,101638
38,B4-e003Coalescence-Inoculumn-mGAM,0,1527645,C4-e003Coalescence-mGAM-p3,101638
39,A10-e003Coalescence-mGAM-p7,0,1119734,C4-e003Coalescence-mGAM-p3,101638
40,C4-e003Coalescence-Inoculumn-mGAM,0,1354072,C4-e003Coalescence-mGAM-p3,101638
41,B10-e003Assembly-mGAM-p3,0,526228,C4-e003Coalescence-mGAM-p3,101638
42,D10-e003Coalescence-mBHI-p7,5,560357,C4-e003Coalescence-mGAM-p3,101638
43,B10-e003GlycerolRevival-mGAM-p2,1,912883,C4-e003Coalescence-mGAM-p3,101638
44,C10-e003Coalescence-mGAM-p5,2,1544682,C4-e003Coalescence-mGAM-p3,101638
45,A3-e003Coalescence-mBHI-p3,6,444927,C4-e003Coalescence-mGAM-p3,101638
46,A4-e003Coalescence-mBHI-p3,0,1204293,C4-e003Coalescence-mGAM-p3,101638
47,C9-e003Coalescence-mGAM-p5,0,810866,C4-e003Coalescence-mGAM-p3,101638
48,C2-e003Coalescence-mGAM-p5,0,1502257,C4-e003Coalescence-mGAM-p3,101638
49,C8-e003Coalescence-mBHI-p5,9,1338159,C4-e003Coalescence-mGAM-p3,101638
50,B4-e003Coalescence-Inoculumn-mBHI,6,563867,C4-e003Coalescence-mGAM-p3,101638
51,C5-e003Coalescence-Inoculumn-mGAM,1,1530071,C4-e003Coalescence-mGAM-p3,101638
52,C4-e003Coalescence-mBHI-p5,12,881699,C4-e003Coalescence-mGAM-p3,101638
53,A4-e003Coalescence-Inoculumn-mGAM,0,1506279,C4-e003Coalescence-mGAM-p3,101638
54,C2-e003Coalescence-mBHI-p7,0,569461,C4-e003Coalescence-mGAM-p3,101638
55,C10-e003Coalescence-mGAM-p7,0,1547140,C4-e003Coalescence-mGAM-p3,101638
56,C10-e003Coalescence-mBHI-p3,0,1524472,C4-e003Coalescence-mGAM-p3,101638
57,H4-e003Coalescence-mGAM-p7_S183,7,991821,C4-e003Coalescence-mGAM-p3,101638
58,F5-e003Coalescence-mGAM-p5_S64,2,468781,C4-e003Coalescence-mGAM-p3,101638
59,F100-e003Coalescence-mGAM-p7_S163,4,1155108,C4-e003Coalescence-mGAM-p3,101638
60,E3-e003Coalescence-mGAM-p3_S58,5,516408,C4-e003Coalescence-mGAM-p3,101638
61,G4-e003Coalescence-mBHI-p5_S27,4,878137,C4-e003Coalescence-mGAM-p3,101638
62,G2-e003Coalescence-mBHI-p3_S33,5,1521290,C4-e003Coalescence-mGAM-p3,101638
63,G100-e003Coalescence-mGAM-p3_S179,2,1153539,C4-e003Coalescence-mGAM-p3,101638
64,G111-e003Coalescence-mBHI-p5_S32,7,1154220,C4-e003Coalescence-mGAM-p3,101638
65,E3-e003Coalescence-mBHI-p3_S10,5,711439,C4-e003Coalescence-mGAM-p3,101638
66,F2-e003Coalescence-mGAM-p7_S157,2,556375,C4-e003Coalescence-mGAM-p3,101638
67,E100-e003Coalescence-mGAM-p3_S155,6,1461251,C4-e003Coalescence-mGAM-p3,101638
68,E3-e003Coalescence-mGAM-p5_S50,7,1371172,C4-e003Coalescence-mGAM-p3,101638
69,H100-e003Coalescence-mBHI-p5_S43,2,925751,C4-e003Coalescence-mGAM-p3,101638
70,F2-e003Coalescence-mGAM-p5_S61,2,1281223,C4-e003Coalescence-mGAM-p3,101638
71,G100-e003Coalescence-mBHI-p5_S31,0,829979,C4-e003Coalescence-mGAM-p3,101638
72,G4-e003Coalescence-mBHI-p3_S35,3,474244,C4-e003Coalescence-mGAM-p3,101638
73,E4-e003Coalescence-mBHI-p5_S3,9,1426946,C4-e003Coalescence-mGAM-p3,101638
74,E4-e003Coalescence-mGAM-p5_S51,0,579225,C4-e003Coalescence-mGAM-p3,101638
75,G9-e003Coalescence-mGAM-p7_S174,0,622414,C4-e003Coalescence-mGAM-p3,101638
76,E8-e003Coalescence-mGAM-p3_S153,9,1489557,C4-e003Coalescence-mGAM-p3,101638
77,G100-e003Coalescence-mGAM-p7_S175,5,673821,C4-e003Coalescence-mGAM-p3,101638
78,G3-e003Coalescence-mBHI-p7_S122,5,531581,C4-e003Coalescence-mGAM-p3,101638
79,G4-e003Coalescence-mGAM-p5_S75,7,1533148,C4-e003Coalescence-mGAM-p3,101638
80,G8-e003Coalescence-mBHI-p3_S129,6,840340,C4-e003Coalescence-mGAM-p3,101638
81,G2-e003Coalescence-mGAM-p5_S73,8,1525280,C4-e003Coalescence-mGAM-p3,101638
82,E100-e003Coalescence-mGAM-p5_S55,6,1291155,C4-e003Coalescence-mGAM-p3,101638
83,G4-e003Coalescence-mGAM-p3_S83,9,1536688,C4-e003Coalescence-mGAM-p3,101638
84,F4-e003Coalescence-mBHI-p7_S111,1,477586,C4-e003Coalescence-mGAM-p3,101638
85,G4-e003Coalescence-mGAM-p7_S171,7,1471075,C4-e003Coalescence-mGAM-p3,101638
86,F100-e003Coalescence-mBHI-p7_S115,7,1350695,C4-e003Coalescence-mGAM-p3,101638
87,E3-e003Coalescence-mGAM-p7_S146,9,1297929,C4-e003Coalescence-mGAM-p3,101638
88,E3-e003Coalescence-mBHI-p5_S2,2,758841,C4-e003Coalescence-mGAM-p3,101638
89,G2-e003Coalescence-mBHI-p7_S121,9,1251923,C4-e003Coalescence-mGAM-p3,101638
90,F2-e003Coalescence-mBHI-p5_S13,6,1483168,C4-e003Coalescence-mGAM-p3,101638
91,F2-e003Coalescence-mGAM-p3_S69,3,1044013,C4-e003Coalescence-mGAM-p3,101638
92,G100-e003Coalescence-mGAM-p5_S79,3,1518875,C4-e003Coalescence-mGAM-p3,101638
93,E4-e003Coalescence-mGAM-p7_S147,5,1030477,C4-e003Coalescence-mGAM-p3,101638
94,E4-e003Coalescence-mGAM-p3_S59,9,1512400,C4-e003Coalescence-mGAM-p3,101638
95,H100-e003Coalescence-mBHI-p7_S139,9,1461470,C4-e003Coalescence-mGAM-p3,101638
96,G8-e003Coalescence-mBHI-p5_S29,10,757680,C4-e003Coalescence-mGAM-p3,101638
97,G2-e003Coalescence-mBHI-p5_S25,9,1534425,C4-e003Coalescence-mGAM-p3,101638
98,G8-e003Coalescence-mGAM-p7_S173,18,1390044,C4-e003Coalescence-mGAM-p3,101638
99,E4-e003Coalescence-mBHI-p3_S11,5,1489708,C4-e003Coalescence-mGAM-p3,101638
100,G9-e003Coalescence-mBHI-p5_S30,8,972978,C4-e003Coalescence-mGAM-p3,101638
101,E100-e003Coalescence-mGAM-p7_S151,10,1431882,C4-e003Coalescence-mGAM-p3,101638
102,G9-e003Coalescence-mGAM-p3_S178,6,1118807,C4-e003Coalescence-mGAM-p3,101638
103,G2-e003Coalescence-mGAM-p3_S81,8,1516772,C4-e003Coalescence-mGAM-p3,101638
104,G100-e003Coalescence-mBHI-p7_S127,3,560797,C4-e003Coalescence-mGAM-p3,101638
0,C9-e003Coalescence-mGAM-p3,6,712205,D3-e003Assembly-mBHI-p5,101638
1,C11-e003Coalescence-mBHI-p3,4,455308,D3-e003Assembly-mBHI-p5,101638
2,C9-e003Coalescence-mGAM-p7,1,500113,D3-e003Assembly-mBHI-p5,101638
3,C8-e003Coalescence-mGAM-p7,16,1423925,D3-e003Assembly-mBHI-p5,101638
4,D10-e003Coalescence-mBHI-p3,11,592022,D3-e003Assembly-mBHI-p5,101638
5,B2-e003Coalescence-mBHI-p3,13,640269,D3-e003Assembly-mBHI-p5,101638
6,A4-e003Coalescence-mBHI-p7,18,1046978,D3-e003Assembly-mBHI-p5,101638
7,B3-e003Coalescence-mBHI-p3,40,851498,D3-e003Assembly-mBHI-p5,101638
8,C2-e003Coalescence-mBHI-p5,24,1531728,D3-e003Assembly-mBHI-p5,101638
9,C4-e003GlycerolRevival-mBHI-p2,6,655282,D3-e003Assembly-mBHI-p5,101638
10,B2-e003Coalescence-mBHI-p5,28,1376755,D3-e003Assembly-mBHI-p5,101638
11,C4-e003Coalescence-mGAM-p7,15,1491174,D3-e003Assembly-mBHI-p5,101638
12,B10-e003Assembly-mGAM-p5,4,708824,D3-e003Assembly-mBHI-p5,101638
13,C2-e003Coalescence-mGAM-p7,23,1544636,D3-e003Assembly-mBHI-p5,101638
14,C9-e003Coalescence-mBHI-p5,11,843947,D3-e003Assembly-mBHI-p5,101638
15,C2-e003Coalescence-mBHI-p3,26,1550808,D3-e003Assembly-mBHI-p5,101638
16,C9-e003Coalescence-mBHI-p3,16,1477971,D3-e003Assembly-mBHI-p5,101638
17,D10-e003Coalescence-mGAM-p5,6,895834,D3-e003Assembly-mBHI-p5,101638
18,C2-e003Coalescence-mGAM-p3,20,1349817,D3-e003Assembly-mBHI-p5,101638
19,B10-e003Coalescence-mBHI-p5,8,751178,D3-e003Assembly-mBHI-p5,101638
20,C4-e003Coalescence-mGAM-p5,14,1406224,D3-e003Assembly-mBHI-p5,101638
21,D5-e003Coalescence-mBHI-p5,24,1486364,D3-e003Assembly-mBHI-p5,101638
22,D3-e003Assembly-mBHI-p3,0,768389,D3-e003Assembly-mBHI-p5,101638
23,C4-e003Coalescence-mGAM-p3,16,1546978,D3-e003Assembly-mBHI-p5,101638
24,D3-e003Assembly-mBHI-p5,0,1546651,D3-e003Assembly-mBHI-p5,101638
25,A10-e003Coalescence-mGAM-p3,22,1530862,D3-e003Assembly-mBHI-p5,101638
26,B2-e003Coalescence-mGAM-p3,9,442858,D3-e003Assembly-mBHI-p5,101638
27,D3-e003Coalescence-mGAM-p5,10,515212,D3-e003Assembly-mBHI-p5,101638
28,C10-e003Coalescence-mGAM-p3,16,1520946,D3-e003Assembly-mBHI-p5,101638
29,C3-e003Coalescence-Inoculumn-mGAM,3,473234,D3-e003Assembly-mBHI-p5,101638
30,D4-e003Coalescence-Inoculumn-mBHI,12,618720,D3-e003Assembly-mBHI-p5,101638
31,A4-e003Coalescence-mBHI-p5,18,958917,D3-e003Assembly-mBHI-p5,101638
32,D10-e003Coalescence-mGAM-p7,10,938266,D3-e003Assembly-mBHI-p5,101638
33,C11-e003Coalescence-mGAM-p3,7,727674,D3-e003Assembly-mBHI-p5,101638
34,C10-e003Coalescence-mBHI-p7,24,636171,D3-e003Assembly-mBHI-p5,101638
35,B10-e003Coalescence-mBHI-p3,10,1064478,D3-e003Assembly-mBHI-p5,101638
36,C11-e003Coalescence-mBHI-p5,18,1515011,D3-e003Assembly-mBHI-p5,101638
37,C2-e003Coalescence-Inoculumn-mGAM,1,514343,D3-e003Assembly-mBHI-p5,101638
38,B4-e003Coalescence-Inoculumn-mGAM,16,1527645,D3-e003Assembly-mBHI-p5,101638
39,A10-e003Coalescence-mGAM-p7,13,1119734,D3-e003Assembly-mBHI-p5,101638
40,C4-e003Coalescence-Inoculumn-mGAM,12,1354072,D3-e003Assembly-mBHI-p5,101638
41,B10-e003Assembly-mGAM-p3,6,526228,D3-e003Assembly-mBHI-p5,101638
42,D10-e003Coalescence-mBHI-p7,11,560357,D3-e003Assembly-mBHI-p5,101638
43,B10-e003GlycerolRevival-mGAM-p2,9,912883,D3-e003Assembly-mBHI-p5,101638
44,C10-e003Coalescence-mGAM-p5,16,1544682,D3-e003Assembly-mBHI-p5,101638
45,A3-e003Coalescence-mBHI-p3,12,444927,D3-e003Assembly-mBHI-p5,101638
46,A4-e003Coalescence-mBHI-p3,23,1204293,D3-e003Assembly-mBHI-p5,101638
47,C9-e003Coalescence-mGAM-p5,5,810866,D3-e003Assembly-mBHI-p5,101638
48,C2-e003Coalescence-mGAM-p5,25,1502257,D3-e003Assembly-mBHI-p5,101638
49,C8-e003Coalescence-mBHI-p5,20,1338159,D3-e003Assembly-mBHI-p5,101638
50,B4-e003Coalescence-Inoculumn-mBHI,16,563867,D3-e003Assembly-mBHI-p5,101638
51,C5-e003Coalescence-Inoculumn-mGAM,18,1530071,D3-e003Assembly-mBHI-p5,101638
52,C4-e003Coalescence-mBHI-p5,22,881699,D3-e003Assembly-mBHI-p5,101638
53,A4-e003Coalescence-Inoculumn-mGAM,22,1506279,D3-e003Assembly-mBHI-p5,101638
54,C2-e003Coalescence-mBHI-p7,4,569461,D3-e003Assembly-mBHI-p5,101638
55,C10-e003Coalescence-mGAM-p7,14,1547140,D3-e003Assembly-mBHI-p5,101638
56,C10-e003Coalescence-mBHI-p3,16,1524472,D3-e003Assembly-mBHI-p5,101638
57,H4-e003Coalescence-mGAM-p7_S183,20,991821,D3-e003Assembly-mBHI-p5,101638
58,F5-e003Coalescence-mGAM-p5_S64,4,468781,D3-e003Assembly-mBHI-p5,101638
59,F100-e003Coalescence-mGAM-p7_S163,18,1155108,D3-e003Assembly-mBHI-p5,101638
60,E3-e003Coalescence-mGAM-p3_S58,14,516408,D3-e003Assembly-mBHI-p5,101638
61,G4-e003Coalescence-mBHI-p5_S27,14,878137,D3-e003Assembly-mBHI-p5,101638
62,G2-e003Coalescence-mBHI-p3_S33,27,1521290,D3-e003Assembly-mBHI-p5,101638
63,G100-e003Coalescence-mGAM-p3_S179,12,1153539,D3-e003Assembly-mBHI-p5,101638
64,G111-e003Coalescence-mBHI-p5_S32,20,1154220,D3-e003Assembly-mBHI-p5,101638
65,E3-e003Coalescence-mBHI-p3_S10,18,711439,D3-e003Assembly-mBHI-p5,101638
66,F2-e003Coalescence-mGAM-p7_S157,7,556375,D3-e003Assembly-mBHI-p5,101638
67,E100-e003Coalescence-mGAM-p3_S155,26,1461251,D3-e003Assembly-mBHI-p5,101638
68,E3-e003Coalescence-mGAM-p5_S50,17,1371172,D3-e003Assembly-mBHI-p5,101638
69,H100-e003Coalescence-mBHI-p5_S43,14,925751,D3-e003Assembly-mBHI-p5,101638
70,F2-e003Coalescence-mGAM-p5_S61,16,1281223,D3-e003Assembly-mBHI-p5,101638
71,G100-e003Coalescence-mBHI-p5_S31,6,829979,D3-e003Assembly-mBHI-p5,101638
72,G4-e003Coalescence-mBHI-p3_S35,17,474244,D3-e003Assembly-mBHI-p5,101638
73,E4-e003Coalescence-mBHI-p5_S3,35,1426946,D3-e003Assembly-mBHI-p5,101638
74,E4-e003Coalescence-mGAM-p5_S51,12,579225,D3-e003Assembly-mBHI-p5,101638
75,G9-e003Coalescence-mGAM-p7_S174,7,622414,D3-e003Assembly-mBHI-p5,101638
76,E8-e003Coalescence-mGAM-p3_S153,24,1489557,D3-e003Assembly-mBHI-p5,101638
77,G100-e003Coalescence-mGAM-p7_S175,10,673821,D3-e003Assembly-mBHI-p5,101638
78,G3-e003Coalescence-mBHI-p7_S122,8,531581,D3-e003Assembly-mBHI-p5,101638
79,G4-e003Coalescence-mGAM-p5_S75,24,1533148,D3-e003Assembly-mBHI-p5,101638
80,G8-e003Coalescence-mBHI-p3_S129,13,840340,D3-e003Assembly-mBHI-p5,101638
81,G2-e003Coalescence-mGAM-p5_S73,33,1525280,D3-e003Assembly-mBHI-p5,101638
82,E100-e003Coalescence-mGAM-p5_S55,26,1291155,D3-e003Assembly-mBHI-p5,101638
83,G4-e003Coalescence-mGAM-p3_S83,26,1536688,D3-e003Assembly-mBHI-p5,101638
84,F4-e003Coalescence-mBHI-p7_S111,11,477586,D3-e003Assembly-mBHI-p5,101638
85,G4-e003Coalescence-mGAM-p7_S171,24,1471075,D3-e003Assembly-mBHI-p5,101638
86,F100-e003Coalescence-mBHI-p7_S115,21,1350695,D3-e003Assembly-mBHI-p5,101638
87,E3-e003Coalescence-mGAM-p7_S146,18,1297929,D3-e003Assembly-mBHI-p5,101638
88,E3-e003Coalescence-mBHI-p5_S2,13,758841,D3-e003Assembly-mBHI-p5,101638
89,G2-e003Coalescence-mBHI-p7_S121,22,1251923,D3-e003Assembly-mBHI-p5,101638
90,F2-e003Coalescence-mBHI-p5_S13,23,1483168,D3-e003Assembly-mBHI-p5,101638
91,F2-e003Coalescence-mGAM-p3_S69,9,1044013,D3-e003Assembly-mBHI-p5,101638
92,G100-e003Coalescence-mGAM-p5_S79,17,1518875,D3-e003Assembly-mBHI-p5,101638
93,E4-e003Coalescence-mGAM-p7_S147,14,1030477,D3-e003Assembly-mBHI-p5,101638
94,E4-e003Coalescence-mGAM-p3_S59,26,1512400,D3-e003Assembly-mBHI-p5,101638
95,H100-e003Coalescence-mBHI-p7_S139,26,1461470,D3-e003Assembly-mBHI-p5,101638
96,G8-e003Coalescence-mBHI-p5_S29,16,757680,D3-e003Assembly-mBHI-p5,101638
97,G2-e003Coalescence-mBHI-p5_S25,25,1534425,D3-e003Assembly-mBHI-p5,101638
98,G8-e003Coalescence-mGAM-p7_S173,27,1390044,D3-e003Assembly-mBHI-p5,101638
99,E4-e003Coalescence-mBHI-p3_S11,27,1489708,D3-e003Assembly-mBHI-p5,101638
100,G9-e003Coalescence-mBHI-p5_S30,20,972978,D3-e003Assembly-mBHI-p5,101638
101,E100-e003Coalescence-mGAM-p7_S151,32,1431882,D3-e003Assembly-mBHI-p5,101638
102,G9-e003Coalescence-mGAM-p3_S178,16,1118807,D3-e003Assembly-mBHI-p5,101638
103,G2-e003Coalescence-mGAM-p3_S81,33,1516772,D3-e003Assembly-mBHI-p5,101638
104,G100-e003Coalescence-mBHI-p7_S127,8,560797,D3-e003Assembly-mBHI-p5,101638
0,C9-e003Coalescence-mGAM-p3,25,712205,A10-e003Coalescence-mGAM-p3,101638
1,C11-e003Coalescence-mBHI-p3,3,455308,A10-e003Coalescence-mGAM-p3,101638
2,C9-e003Coalescence-mGAM-p7,28,500113,A10-e003Coalescence-mGAM-p3,101638
3,C8-e003Coalescence-mGAM-p7,2,1423925,A10-e003Coalescence-mGAM-p3,101638
4,D10-e003Coalescence-mBHI-p3,31,592022,A10-e003Coalescence-mGAM-p3,101638
5,B2-e003Coalescence-mBHI-p3,8,640269,A10-e003Coalescence-mGAM-p3,101638
6,A4-e003Coalescence-mBHI-p7,1,1046978,A10-e003Coalescence-mGAM-p3,101638
7,B3-e003Coalescence-mBHI-p3,30,851498,A10-e003Coalescence-mGAM-p3,101638
8,C2-e003Coalescence-mBHI-p5,1,1531728,A10-e003Coalescence-mGAM-p3,101638
9,C4-e003GlycerolRevival-mBHI-p2,26,655282,A10-e003Coalescence-mGAM-p3,101638
10,B2-e003Coalescence-mBHI-p5,8,1376755,A10-e003Coalescence-mGAM-p3,101638
11,C4-e003Coalescence-mGAM-p7,1,1491174,A10-e003Coalescence-mGAM-p3,101638
12,B10-e003Assembly-mGAM-p5,0,708824,A10-e003Coalescence-mGAM-p3,101638
13,C2-e003Coalescence-mGAM-p7,1,1544636,A10-e003Coalescence-mGAM-p3,101638
14,C9-e003Coalescence-mBHI-p5,36,843947,A10-e003Coalescence-mGAM-p3,101638
15,C2-e003Coalescence-mBHI-p3,1,1550808,A10-e003Coalescence-mGAM-p3,101638
16,C9-e003Coalescence-mBHI-p3,37,1477971,A10-e003Coalescence-mGAM-p3,101638
17,D10-e003Coalescence-mGAM-p5,27,895834,A10-e003Coalescence-mGAM-p3,101638
18,C2-e003Coalescence-mGAM-p3,1,1349817,A10-e003Coalescence-mGAM-p3,101638
19,B10-e003Coalescence-mBHI-p5,17,751178,A10-e003Coalescence-mGAM-p3,101638
20,C4-e003Coalescence-mGAM-p5,1,1406224,A10-e003Coalescence-mGAM-p3,101638
21,D5-e003Coalescence-mBHI-p5,5,1486364,A10-e003Coalescence-mGAM-p3,101638
22,D3-e003Assembly-mBHI-p3,19,768389,A10-e003Coalescence-mGAM-p3,101638
23,C4-e003Coalescence-mGAM-p3,1,1546978,A10-e003Coalescence-mGAM-p3,101638
24,D3-e003Assembly-mBHI-p5,15,1546651,A10-e003Coalescence-mGAM-p3,101638
25,A10-e003Coalescence-mGAM-p3,0,1530862,A10-e003Coalescence-mGAM-p3,101638
26,B2-e003Coalescence-mGAM-p3,4,442858,A10-e003Coalescence-mGAM-p3,101638
27,D3-e003Coalescence-mGAM-p5,9,515212,A10-e003Coalescence-mGAM-p3,101638
28,C10-e003Coalescence-mGAM-p3,2,1520946,A10-e003Coalescence-mGAM-p3,101638
29,C3-e003Coalescence-Inoculumn-mGAM,2,473234,A10-e003Coalescence-mGAM-p3,101638
30,D4-e003Coalescence-Inoculumn-mBHI,3,618720,A10-e003Coalescence-mGAM-p3,101638
31,A4-e003Coalescence-mBHI-p5,1,958917,A10-e003Coalescence-mGAM-p3,101638
32,D10-e003Coalescence-mGAM-p7,11,938266,A10-e003Coalescence-mGAM-p3,101638
33,C11-e003Coalescence-mGAM-p3,34,727674,A10-e003Coalescence-mGAM-p3,101638
34,C10-e003Coalescence-mBHI-p7,21,636171,A10-e003Coalescence-mGAM-p3,101638
35,B10-e003Coalescence-mBHI-p3,24,1064478,A10-e003Coalescence-mGAM-p3,101638
36,C11-e003Coalescence-mBHI-p5,12,1515011,A10-e003Coalescence-mGAM-p3,101638
37,C2-e003Coalescence-Inoculumn-mGAM,0,514343,A10-e003Coalescence-mGAM-p3,101638
38,B4-e003Coalescence-Inoculumn-mGAM,42,1527645,A10-e003Coalescence-mGAM-p3,101638
39,A10-e003Coalescence-mGAM-p7,1,1119734,A10-e003Coalescence-mGAM-p3,101638
40,C4-e003Coalescence-Inoculumn-mGAM,0,1354072,A10-e003Coalescence-mGAM-p3,101638
41,B10-e003Assembly-mGAM-p3,2,526228,A10-e003Coalescence-mGAM-p3,101638
42,D10-e003Coalescence-mBHI-p7,9,560357,A10-e003Coalescence-mGAM-p3,101638
43,B10-e003GlycerolRevival-mGAM-p2,1,912883,A10-e003Coalescence-mGAM-p3,101638
44,C10-e003Coalescence-mGAM-p5,1,1544682,A10-e003Coalescence-mGAM-p3,101638
45,A3-e003Coalescence-mBHI-p3,6,444927,A10-e003Coalescence-mGAM-p3,101638
46,A4-e003Coalescence-mBHI-p3,1,1204293,A10-e003Coalescence-mGAM-p3,101638
47,C9-e003Coalescence-mGAM-p5,33,810866,A10-e003Coalescence-mGAM-p3,101638
48,C2-e003Coalescence-mGAM-p5,1,1502257,A10-e003Coalescence-mGAM-p3,101638
49,C8-e003Coalescence-mBHI-p5,11,1338159,A10-e003Coalescence-mGAM-p3,101638
50,B4-e003Coalescence-Inoculumn-mBHI,11,563867,A10-e003Coalescence-mGAM-p3,101638
51,C5-e003Coalescence-Inoculumn-mGAM,4,1530071,A10-e003Coalescence-mGAM-p3,101638
52,C4-e003Coalescence-mBHI-p5,14,881699,A10-e003Coalescence-mGAM-p3,101638
53,A4-e003Coalescence-Inoculumn-mGAM,1,1506279,A10-e003Coalescence-mGAM-p3,101638
54,C2-e003Coalescence-mBHI-p7,0,569461,A10-e003Coalescence-mGAM-p3,101638
55,C10-e003Coalescence-mGAM-p7,1,1547140,A10-e003Coalescence-mGAM-p3,101638
56,C10-e003Coalescence-mBHI-p3,6,1524472,A10-e003Coalescence-mGAM-p3,101638
57,H4-e003Coalescence-mGAM-p7_S183,10,991821,A10-e003Coalescence-mGAM-p3,101638
58,F5-e003Coalescence-mGAM-p5_S64,4,468781,A10-e003Coalescence-mGAM-p3,101638
59,F100-e003Coalescence-mGAM-p7_S163,15,1155108,A10-e003Coalescence-mGAM-p3,101638
60,E3-e003Coalescence-mGAM-p3_S58,9,516408,A10-e003Coalescence-mGAM-p3,101638
61,G4-e003Coalescence-mBHI-p5_S27,6,878137,A10-e003Coalescence-mGAM-p3,101638
62,G2-e003Coalescence-mBHI-p3_S33,6,1521290,A10-e003Coalescence-mGAM-p3,101638
63,G100-e003Coalescence-mGAM-p3_S179,3,1153539,A10-e003Coalescence-mGAM-p3,101638
64,G111-e003Coalescence-mBHI-p5_S32,42,1154220,A10-e003Coalescence-mGAM-p3,101638
65,E3-e003Coalescence-mBHI-p3_S10,5,711439,A10-e003Coalescence-mGAM-p3,101638
66,F2-e003Coalescence-mGAM-p7_S157,2,556375,A10-e003Coalescence-mGAM-p3,101638
67,E100-e003Coalescence-mGAM-p3_S155,5,1461251,A10-e003Coalescence-mGAM-p3,101638
68,E3-e003Coalescence-mGAM-p5_S50,8,1371172,A10-e003Coalescence-mGAM-p3,101638
69,H100-e003Coalescence-mBHI-p5_S43,34,925751,A10-e003Coalescence-mGAM-p3,101638
70,F2-e003Coalescence-mGAM-p5_S61,4,1281223,A10-e003Coalescence-mGAM-p3,101638
71,G100-e003Coalescence-mBHI-p5_S31,3,829979,A10-e003Coalescence-mGAM-p3,101638
72,G4-e003Coalescence-mBHI-p3_S35,7,474244,A10-e003Coalescence-mGAM-p3,101638
73,E4-e003Coalescence-mBHI-p5_S3,10,1426946,A10-e003Coalescence-mGAM-p3,101638
74,E4-e003Coalescence-mGAM-p5_S51,0,579225,A10-e003Coalescence-mGAM-p3,101638
75,G9-e003Coalescence-mGAM-p7_S174,27,622414,A10-e003Coalescence-mGAM-p3,101638
76,E8-e003Coalescence-mGAM-p3_S153,11,1489557,A10-e003Coalescence-mGAM-p3,101638
77,G100-e003Coalescence-mGAM-p7_S175,6,673821,A10-e003Coalescence-mGAM-p3,101638
78,G3-e003Coalescence-mBHI-p7_S122,32,531581,A10-e003Coalescence-mGAM-p3,101638
79,G4-e003Coalescence-mGAM-p5_S75,8,1533148,A10-e003Coalescence-mGAM-p3,101638
80,G8-e003Coalescence-mBHI-p3_S129,6,840340,A10-e003Coalescence-mGAM-p3,101638
81,G2-e003Coalescence-mGAM-p5_S73,9,1525280,A10-e003Coalescence-mGAM-p3,101638
82,E100-e003Coalescence-mGAM-p5_S55,7,1291155,A10-e003Coalescence-mGAM-p3,101638
83,G4-e003Coalescence-mGAM-p3_S83,10,1536688,A10-e003Coalescence-mGAM-p3,101638
84,F4-e003Coalescence-mBHI-p7_S111,27,477586,A10-e003Coalescence-mGAM-p3,101638
85,G4-e003Coalescence-mGAM-p7_S171,8,1471075,A10-e003Coalescence-mGAM-p3,101638
86,F100-e003Coalescence-mBHI-p7_S115,44,1350695,A10-e003Coalescence-mGAM-p3,101638
87,E3-e003Coalescence-mGAM-p7_S146,9,1297929,A10-e003Coalescence-mGAM-p3,101638
88,E3-e003Coalescence-mBHI-p5_S2,2,758841,A10-e003Coalescence-mGAM-p3,101638
89,G2-e003Coalescence-mBHI-p7_S121,10,1251923,A10-e003Coalescence-mGAM-p3,101638
90,F2-e003Coalescence-mBHI-p5_S13,7,1483168,A10-e003Coalescence-mGAM-p3,101638
91,F2-e003Coalescence-mGAM-p3_S69,2,1044013,A10-e003Coalescence-mGAM-p3,101638
92,G100-e003Coalescence-mGAM-p5_S79,4,1518875,A10-e003Coalescence-mGAM-p3,101638
93,E4-e003Coalescence-mGAM-p7_S147,6,1030477,A10-e003Coalescence-mGAM-p3,101638
94,E4-e003Coalescence-mGAM-p3_S59,10,1512400,A10-e003Coalescence-mGAM-p3,101638
95,H100-e003Coalescence-mBHI-p7_S139,51,1461470,A10-e003Coalescence-mGAM-p3,101638
96,G8-e003Coalescence-mBHI-p5_S29,11,757680,A10-e003Coalescence-mGAM-p3,101638
97,G2-e003Coalescence-mBHI-p5_S25,10,1534425,A10-e003Coalescence-mGAM-p3,101638
98,G8-e003Coalescence-mGAM-p7_S173,12,1390044,A10-e003Coalescence-mGAM-p3,101638
99,E4-e003Coalescence-mBHI-p3_S11,6,1489708,A10-e003Coalescence-mGAM-p3,101638
100,G9-e003Coalescence-mBHI-p5_S30,31,972978,A10-e003Coalescence-mGAM-p3,101638
101,E100-e003Coalescence-mGAM-p7_S151,10,1431882,A10-e003Coalescence-mGAM-p3,101638
102,G9-e003Coalescence-mGAM-p3_S178,41,1118807,A10-e003Coalescence-mGAM-p3,101638
103,G2-e003Coalescence-mGAM-p3_S81,9,1516772,A10-e003Coalescence-mGAM-p3,101638
104,G100-e003Coalescence-mBHI-p7_S127,8,560797,A10-e003Coalescence-mGAM-p3,101638
0,C9-e003Coalescence-mGAM-p3,22,712205,B2-e003Coalescence-mGAM-p3,101638
1,C11-e003Coalescence-mBHI-p3,3,455308,B2-e003Coalescence-mGAM-p3,101638
2,C9-e003Coalescence-mGAM-p7,16,500113,B2-e003Coalescence-mGAM-p3,101638
3,C8-e003Coalescence-mGAM-p7,2,1423925,B2-e003Coalescence-mGAM-p3,101638
4,D10-e003Coalescence-mBHI-p3,14,592022,B2-e003Coalescence-mGAM-p3,101638
5,B2-e003Coalescence-mBHI-p3,1,640269,B2-e003Coalescence-mGAM-p3,101638
6,A4-e003Coalescence-mBHI-p7,1,1046978,B2-e003Coalescence-mGAM-p3,101638
7,B3-e003Coalescence-mBHI-p3,10,851498,B2-e003Coalescence-mGAM-p3,101638
8,C2-e003Coalescence-mBHI-p5,2,1531728,B2-e003Coalescence-mGAM-p3,101638
9,C4-e003GlycerolRevival-mBHI-p2,18,655282,B2-e003Coalescence-mGAM-p3,101638
10,B2-e003Coalescence-mBHI-p5,2,1376755,B2-e003Coalescence-mGAM-p3,101638
11,C4-e003Coalescence-mGAM-p7,2,1491174,B2-e003Coalescence-mGAM-p3,101638
12,B10-e003Assembly-mGAM-p5,1,708824,B2-e003Coalescence-mGAM-p3,101638
13,C2-e003Coalescence-mGAM-p7,3,1544636,B2-e003Coalescence-mGAM-p3,101638
14,C9-e003Coalescence-mBHI-p5,26,843947,B2-e003Coalescence-mGAM-p3,101638
15,C2-e003Coalescence-mBHI-p3,2,1550808,B2-e003Coalescence-mGAM-p3,101638
16,C9-e003Coalescence-mBHI-p3,24,1477971,B2-e003Coalescence-mGAM-p3,101638
17,D10-e003Coalescence-mGAM-p5,19,895834,B2-e003Coalescence-mGAM-p3,101638
18,C2-e003Coalescence-mGAM-p3,2,1349817,B2-e003Coalescence-mGAM-p3,101638
19,B10-e003Coalescence-mBHI-p5,12,751178,B2-e003Coalescence-mGAM-p3,101638
20,C4-e003Coalescence-mGAM-p5,2,1406224,B2-e003Coalescence-mGAM-p3,101638
21,D5-e003Coalescence-mBHI-p5,3,1486364,B2-e003Coalescence-mGAM-p3,101638
22,D3-e003Assembly-mBHI-p3,11,768389,B2-e003Coalescence-mGAM-p3,101638
23,C4-e003Coalescence-mGAM-p3,2,1546978,B2-e003Coalescence-mGAM-p3,101638
24,D3-e003Assembly-mBHI-p5,8,1546651,B2-e003Coalescence-mGAM-p3,101638
25,A10-e003Coalescence-mGAM-p3,2,1530862,B2-e003Coalescence-mGAM-p3,101638
26,B2-e003Coalescence-mGAM-p3,0,442858,B2-e003Coalescence-mGAM-p3,101638
27,D3-e003Coalescence-mGAM-p5,6,515212,B2-e003Coalescence-mGAM-p3,101638
28,C10-e003Coalescence-mGAM-p3,4,1520946,B2-e003Coalescence-mGAM-p3,101638
29,C3-e003Coalescence-Inoculumn-mGAM,4,473234,B2-e003Coalescence-mGAM-p3,101638
30,D4-e003Coalescence-Inoculumn-mBHI,5,618720,B2-e003Coalescence-mGAM-p3,101638
31,A4-e003Coalescence-mBHI-p5,1,958917,B2-e003Coalescence-mGAM-p3,101638
32,D10-e003Coalescence-mGAM-p7,9,938266,B2-e003Coalescence-mGAM-p3,101638
33,C11-e003Coalescence-mGAM-p3,23,727674,B2-e003Coalescence-mGAM-p3,101638
34,C10-e003Coalescence-mBHI-p7,4,636171,B2-e003Coalescence-mGAM-p3,101638
35,B10-e003Coalescence-mBHI-p3,12,1064478,B2-e003Coalescence-mGAM-p3,101638
36,C11-e003Coalescence-mBHI-p5,11,1515011,B2-e003Coalescence-mGAM-p3,101638
37,C2-e003Coalescence-Inoculumn-mGAM,0,514343,B2-e003Coalescence-mGAM-p3,101638
38,B4-e003Coalescence-Inoculumn-mGAM,30,1527645,B2-e003Coalescence-mGAM-p3,101638
39,A10-e003Coalescence-mGAM-p7,2,1119734,B2-e003Coalescence-mGAM-p3,101638
40,C4-e003Coalescence-Inoculumn-mGAM,4,1354072,B2-e003Coalescence-mGAM-p3,101638
41,B10-e003Assembly-mGAM-p3,4,526228,B2-e003Coalescence-mGAM-p3,101638
42,D10-e003Coalescence-mBHI-p7,2,560357,B2-e003Coalescence-mGAM-p3,101638
43,B10-e003GlycerolRevival-mGAM-p2,3,912883,B2-e003Coalescence-mGAM-p3,101638
44,C10-e003Coalescence-mGAM-p5,3,1544682,B2-e003Coalescence-mGAM-p3,101638
45,A3-e003Coalescence-mBHI-p3,1,444927,B2-e003Coalescence-mGAM-p3,101638
46,A4-e003Coalescence-mBHI-p3,2,1204293,B2-e003Coalescence-mGAM-p3,101638
47,C9-e003Coalescence-mGAM-p5,25,810866,B2-e003Coalescence-mGAM-p3,101638
48,C2-e003Coalescence-mGAM-p5,2,1502257,B2-e003Coalescence-mGAM-p3,101638
49,C8-e003Coalescence-mBHI-p5,3,1338159,B2-e003Coalescence-mGAM-p3,101638
50,B4-e003Coalescence-Inoculumn-mBHI,5,563867,B2-e003Coalescence-mGAM-p3,101638
51,C5-e003Coalescence-Inoculumn-mGAM,2,1530071,B2-e003Coalescence-mGAM-p3,101638
52,C4-e003Coalescence-mBHI-p5,3,881699,B2-e003Coalescence-mGAM-p3,101638
53,A4-e003Coalescence-Inoculumn-mGAM,2,1506279,B2-e003Coalescence-mGAM-p3,101638
54,C2-e003Coalescence-mBHI-p7,1,569461,B2-e003Coalescence-mGAM-p3,101638
55,C10-e003Coalescence-mGAM-p7,3,1547140,B2-e003Coalescence-mGAM-p3,101638
56,C10-e003Coalescence-mBHI-p3,2,1524472,B2-e003Coalescence-mGAM-p3,101638
57,H4-e003Coalescence-mGAM-p7_S183,6,991821,B2-e003Coalescence-mGAM-p3,101638
58,F5-e003Coalescence-mGAM-p5_S64,2,468781,B2-e003Coalescence-mGAM-p3,101638
59,F100-e003Coalescence-mGAM-p7_S163,7,1155108,B2-e003Coalescence-mGAM-p3,101638
60,E3-e003Coalescence-mGAM-p3_S58,3,516408,B2-e003Coalescence-mGAM-p3,101638
61,G4-e003Coalescence-mBHI-p5_S27,3,878137,B2-e003Coalescence-mGAM-p3,101638
62,G2-e003Coalescence-mBHI-p3_S33,3,1521290,B2-e003Coalescence-mGAM-p3,101638
63,G100-e003Coalescence-mGAM-p3_S179,6,1153539,B2-e003Coalescence-mGAM-p3,101638
64,G111-e003Coalescence-mBHI-p5_S32,22,1154220,B2-e003Coalescence-mGAM-p3,101638
65,E3-e003Coalescence-mBHI-p3_S10,3,711439,B2-e003Coalescence-mGAM-p3,101638
66,F2-e003Coalescence-mGAM-p7_S157,2,556375,B2-e003Coalescence-mGAM-p3,101638
67,E100-e003Coalescence-mGAM-p3_S155,5,1461251,B2-e003Coalescence-mGAM-p3,101638
68,E3-e003Coalescence-mGAM-p5_S50,5,1371172,B2-e003Coalescence-mGAM-p3,101638
69,H100-e003Coalescence-mBHI-p5_S43,20,925751,B2-e003Coalescence-mGAM-p3,101638
70,F2-e003Coalescence-mGAM-p5_S61,2,1281223,B2-e003Coalescence-mGAM-p3,101638
71,G100-e003Coalescence-mBHI-p5_S31,2,829979,B2-e003Coalescence-mGAM-p3,101638
72,G4-e003Coalescence-mBHI-p3_S35,2,474244,B2-e003Coalescence-mGAM-p3,101638
73,E4-e003Coalescence-mBHI-p5_S3,7,1426946,B2-e003Coalescence-mGAM-p3,101638
74,E4-e003Coalescence-mGAM-p5_S51,0,579225,B2-e003Coalescence-mGAM-p3,101638
75,G9-e003Coalescence-mGAM-p7_S174,15,622414,B2-e003Coalescence-mGAM-p3,101638
76,E8-e003Coalescence-mGAM-p3_S153,5,1489557,B2-e003Coalescence-mGAM-p3,101638
77,G100-e003Coalescence-mGAM-p7_S175,3,673821,B2-e003Coalescence-mGAM-p3,101638
78,G3-e003Coalescence-mBHI-p7_S122,21,531581,B2-e003Coalescence-mGAM-p3,101638
79,G4-e003Coalescence-mGAM-p5_S75,4,1533148,B2-e003Coalescence-mGAM-p3,101638
80,G8-e003Coalescence-mBHI-p3_S129,0,840340,B2-e003Coalescence-mGAM-p3,101638
81,G2-e003Coalescence-mGAM-p5_S73,3,1525280,B2-e003Coalescence-mGAM-p3,101638
82,E100-e003Coalescence-mGAM-p5_S55,5,1291155,B2-e003Coalescence-mGAM-p3,101638
83,G4-e003Coalescence-mGAM-p3_S83,4,1536688,B2-e003Coalescence-mGAM-p3,101638
84,F4-e003Coalescence-mBHI-p7_S111,14,477586,B2-e003Coalescence-mGAM-p3,101638
85,G4-e003Coalescence-mGAM-p7_S171,2,1471075,B2-e003Coalescence-mGAM-p3,101638
86,F100-e003Coalescence-mBHI-p7_S115,29,1350695,B2-e003Coalescence-mGAM-p3,101638
87,E3-e003Coalescence-mGAM-p7_S146,4,1297929,B2-e003Coalescence-mGAM-p3,101638
88,E3-e003Coalescence-mBHI-p5_S2,2,758841,B2-e003Coalescence-mGAM-p3,101638
89,G2-e003Coalescence-mBHI-p7_S121,7,1251923,B2-e003Coalescence-mGAM-p3,101638
90,F2-e003Coalescence-mBHI-p5_S13,3,1483168,B2-e003Coalescence-mGAM-p3,101638
91,F2-e003Coalescence-mGAM-p3_S69,0,1044013,B2-e003Coalescence-mGAM-p3,101638
92,G100-e003Coalescence-mGAM-p5_S79,5,1518875,B2-e003Coalescence-mGAM-p3,101638
93,E4-e003Coalescence-mGAM-p7_S147,4,1030477,B2-e003Coalescence-mGAM-p3,101638
94,E4-e003Coalescence-mGAM-p3_S59,4,1512400,B2-e003Coalescence-mGAM-p3,101638
95,H100-e003Coalescence-mBHI-p7_S139,31,1461470,B2-e003Coalescence-mGAM-p3,101638
96,G8-e003Coalescence-mBHI-p5_S29,6,757680,B2-e003Coalescence-mGAM-p3,101638
97,G2-e003Coalescence-mBHI-p5_S25,4,1534425,B2-e003Coalescence-mGAM-p3,101638
98,G8-e003Coalescence-mGAM-p7_S173,7,1390044,B2-e003Coalescence-mGAM-p3,101638
99,E4-e003Coalescence-mBHI-p3_S11,3,1489708,B2-e003Coalescence-mGAM-p3,101638
100,G9-e003Coalescence-mBHI-p5_S30,12,972978,B2-e003Coalescence-mGAM-p3,101638
101,E100-e003Coalescence-mGAM-p7_S151,5,1431882,B2-e003Coalescence-mGAM-p3,101638
102,G9-e003Coalescence-mGAM-p3_S178,23,1118807,B2-e003Coalescence-mGAM-p3,101638
103,G2-e003Coalescence-mGAM-p3_S81,3,1516772,B2-e003Coalescence-mGAM-p3,101638
104,G100-e003Coalescence-mBHI-p7_S127,2,560797,B2-e003Coalescence-mGAM-p3,101638
0,C9-e003Coalescence-mGAM-p3,2,712205,D3-e003Coalescence-mGAM-p5,101638
1,C11-e003Coalescence-mBHI-p3,0,455308,D3-e003Coalescence-mGAM-p5,101638
2,C9-e003Coalescence-mGAM-p7,5,500113,D3-e003Coalescence-mGAM-p5,101638
3,C8-e003Coalescence-mGAM-p7,8,1423925,D3-e003Coalescence-mGAM-p5,101638
4,D10-e003Coalescence-mBHI-p3,4,592022,D3-e003Coalescence-mGAM-p5,101638
5,B2-e003Coalescence-mBHI-p3,1,640269,D3-e003Coalescence-mGAM-p5,101638
6,A4-e003Coalescence-mBHI-p7,3,1046978,D3-e003Coalescence-mGAM-p5,101638
7,B3-e003Coalescence-mBHI-p3,11,851498,D3-e003Coalescence-mGAM-p5,101638
8,C2-e003Coalescence-mBHI-p5,5,1531728,D3-e003Coalescence-mGAM-p5,101638
9,C4-e003GlycerolRevival-mBHI-p2,1,655282,D3-e003Coalescence-mGAM-p5,101638
10,B2-e003Coalescence-mBHI-p5,11,1376755,D3-e003Coalescence-mGAM-p5,101638
11,C4-e003Coalescence-mGAM-p7,4,1491174,D3-e003Coalescence-mGAM-p5,101638
12,B10-e003Assembly-mGAM-p5,0,708824,D3-e003Coalescence-mGAM-p5,101638
13,C2-e003Coalescence-mGAM-p7,5,1544636,D3-e003Coalescence-mGAM-p5,101638
14,C9-e003Coalescence-mBHI-p5,2,843947,D3-e003Coalescence-mGAM-p5,101638
15,C2-e003Coalescence-mBHI-p3,7,1550808,D3-e003Coalescence-mGAM-p5,101638
16,C9-e003Coalescence-mBHI-p3,5,1477971,D3-e003Coalescence-mGAM-p5,101638
17,D10-e003Coalescence-mGAM-p5,3,895834,D3-e003Coalescence-mGAM-p5,101638
18,C2-e003Coalescence-mGAM-p3,5,1349817,D3-e003Coalescence-mGAM-p5,101638
19,B10-e003Coalescence-mBHI-p5,1,751178,D3-e003Coalescence-mGAM-p5,101638
20,C4-e003Coalescence-mGAM-p5,4,1406224,D3-e003Coalescence-mGAM-p5,101638
21,D5-e003Coalescence-mBHI-p5,9,1486364,D3-e003Coalescence-mGAM-p5,101638
22,D3-e003Assembly-mBHI-p3,6,768389,D3-e003Coalescence-mGAM-p5,101638
23,C4-e003Coalescence-mGAM-p3,3,1546978,D3-e003Coalescence-mGAM-p5,101638
24,D3-e003Assembly-mBHI-p5,8,1546651,D3-e003Coalescence-mGAM-p5,101638
25,A10-e003Coalescence-mGAM-p3,7,1530862,D3-e003Coalescence-mGAM-p5,101638
26,B2-e003Coalescence-mGAM-p3,5,442858,D3-e003Coalescence-mGAM-p5,101638
27,D3-e003Coalescence-mGAM-p5,0,515212,D3-e003Coalescence-mGAM-p5,101638
28,C10-e003Coalescence-mGAM-p3,3,1520946,D3-e003Coalescence-mGAM-p5,101638
29,C3-e003Coalescence-Inoculumn-mGAM,3,473234,D3-e003Coalescence-mGAM-p5,101638
30,D4-e003Coalescence-Inoculumn-mBHI,0,618720,D3-e003Coalescence-mGAM-p5,101638
31,A4-e003Coalescence-mBHI-p5,7,958917,D3-e003Coalescence-mGAM-p5,101638
32,D10-e003Coalescence-mGAM-p7,7,938266,D3-e003Coalescence-mGAM-p5,101638
33,C11-e003Coalescence-mGAM-p3,1,727674,D3-e003Coalescence-mGAM-p5,101638
34,C10-e003Coalescence-mBHI-p7,7,636171,D3-e003Coalescence-mGAM-p5,101638
35,B10-e003Coalescence-mBHI-p3,3,1064478,D3-e003Coalescence-mGAM-p5,101638
36,C11-e003Coalescence-mBHI-p5,5,1515011,D3-e003Coalescence-mGAM-p5,101638
37,C2-e003Coalescence-Inoculumn-mGAM,3,514343,D3-e003Coalescence-mGAM-p5,101638
38,B4-e003Coalescence-Inoculumn-mGAM,3,1527645,D3-e003Coalescence-mGAM-p5,101638
39,A10-e003Coalescence-mGAM-p7,7,1119734,D3-e003Coalescence-mGAM-p5,101638
40,C4-e003Coalescence-Inoculumn-mGAM,4,1354072,D3-e003Coalescence-mGAM-p5,101638
41,B10-e003Assembly-mGAM-p3,1,526228,D3-e003Coalescence-mGAM-p5,101638
42,D10-e003Coalescence-mBHI-p7,3,560357,D3-e003Coalescence-mGAM-p5,101638
43,B10-e003GlycerolRevival-mGAM-p2,2,912883,D3-e003Coalescence-mGAM-p5,101638
44,C10-e003Coalescence-mGAM-p5,8,1544682,D3-e003Coalescence-mGAM-p5,101638
45,A3-e003Coalescence-mBHI-p3,0,444927,D3-e003Coalescence-mGAM-p5,101638
46,A4-e003Coalescence-mBHI-p3,5,1204293,D3-e003Coalescence-mGAM-p5,101638
47,C9-e003Coalescence-mGAM-p5,3,810866,D3-e003Coalescence-mGAM-p5,101638
48,C2-e003Coalescence-mGAM-p5,7,1502257,D3-e003Coalescence-mGAM-p5,101638
49,C8-e003Coalescence-mBHI-p5,9,1338159,D3-e003Coalescence-mGAM-p5,101638
50,B4-e003Coalescence-Inoculumn-mBHI,2,563867,D3-e003Coalescence-mGAM-p5,101638
51,C5-e003Coalescence-Inoculumn-mGAM,4,1530071,D3-e003Coalescence-mGAM-p5,101638
52,C4-e003Coalescence-mBHI-p5,8,881699,D3-e003Coalescence-mGAM-p5,101638
53,A4-e003Coalescence-Inoculumn-mGAM,7,1506279,D3-e003Coalescence-mGAM-p5,101638
54,C2-e003Coalescence-mBHI-p7,1,569461,D3-e003Coalescence-mGAM-p5,101638
55,C10-e003Coalescence-mGAM-p7,4,1547140,D3-e003Coalescence-mGAM-p5,101638
56,C10-e003Coalescence-mBHI-p3,4,1524472,D3-e003Coalescence-mGAM-p5,101638
57,H4-e003Coalescence-mGAM-p7_S183,9,991821,D3-e003Coalescence-mGAM-p5,101638
58,F5-e003Coalescence-mGAM-p5_S64,5,468781,D3-e003Coalescence-mGAM-p5,101638
59,F100-e003Coalescence-mGAM-p7_S163,7,1155108,D3-e003Coalescence-mGAM-p5,101638
60,E3-e003Coalescence-mGAM-p3_S58,8,516408,D3-e003Coalescence-mGAM-p5,101638
61,G4-e003Coalescence-mBHI-p5_S27,2,878137,D3-e003Coalescence-mGAM-p5,101638
62,G2-e003Coalescence-mBHI-p3_S33,8,1521290,D3-e003Coalescence-mGAM-p5,101638
63,G100-e003Coalescence-mGAM-p3_S179,6,1153539,D3-e003Coalescence-mGAM-p5,101638
64,G111-e003Coalescence-mBHI-p5_S32,6,1154220,D3-e003Coalescence-mGAM-p5,101638
65,E3-e003Coalescence-mBHI-p3_S10,6,711439,D3-e003Coalescence-mGAM-p5,101638
66,F2-e003Coalescence-mGAM-p7_S157,3,556375,D3-e003Coalescence-mGAM-p5,101638
67,E100-e003Coalescence-mGAM-p3_S155,9,1461251,D3-e003Coalescence-mGAM-p5,101638
68,E3-e003Coalescence-mGAM-p5_S50,14,1371172,D3-e003Coalescence-mGAM-p5,101638
69,H100-e003Coalescence-mBHI-p5_S43,5,925751,D3-e003Coalescence-mGAM-p5,101638
70,F2-e003Coalescence-mGAM-p5_S61,5,1281223,D3-e003Coalescence-mGAM-p5,101638
71,G100-e003Coalescence-mBHI-p5_S31,2,829979,D3-e003Coalescence-mGAM-p5,101638
72,G4-e003Coalescence-mBHI-p3_S35,2,474244,D3-e003Coalescence-mGAM-p5,101638
73,E4-e003Coalescence-mBHI-p5_S3,13,1426946,D3-e003Coalescence-mGAM-p5,101638
74,E4-e003Coalescence-mGAM-p5_S51,7,579225,D3-e003Coalescence-mGAM-p5,101638
75,G9-e003Coalescence-mGAM-p7_S174,3,622414,D3-e003Coalescence-mGAM-p5,101638
76,E8-e003Coalescence-mGAM-p3_S153,6,1489557,D3-e003Coalescence-mGAM-p5,101638
77,G100-e003Coalescence-mGAM-p7_S175,4,673821,D3-e003Coalescence-mGAM-p5,101638
78,G3-e003Coalescence-mBHI-p7_S122,5,531581,D3-e003Coalescence-mGAM-p5,101638
79,G4-e003Coalescence-mGAM-p5_S75,7,1533148,D3-e003Coalescence-mGAM-p5,101638
80,G8-e003Coalescence-mBHI-p3_S129,2,840340,D3-e003Coalescence-mGAM-p5,101638
81,G2-e003Coalescence-mGAM-p5_S73,9,1525280,D3-e003Coalescence-mGAM-p5,101638
82,E100-e003Coalescence-mGAM-p5_S55,15,1291155,D3-e003Coalescence-mGAM-p5,101638
83,G4-e003Coalescence-mGAM-p3_S83,9,1536688,D3-e003Coalescence-mGAM-p5,101638
84,F4-e003Coalescence-mBHI-p7_S111,0,477586,D3-e003Coalescence-mGAM-p5,101638
85,G4-e003Coalescence-mGAM-p7_S171,7,1471075,D3-e003Coalescence-mGAM-p5,101638
86,F100-e003Coalescence-mBHI-p7_S115,5,1350695,D3-e003Coalescence-mGAM-p5,101638
87,E3-e003Coalescence-mGAM-p7_S146,16,1297929,D3-e003Coalescence-mGAM-p5,101638
88,E3-e003Coalescence-mBHI-p5_S2,8,758841,D3-e003Coalescence-mGAM-p5,101638
89,G2-e003Coalescence-mBHI-p7_S121,12,1251923,D3-e003Coalescence-mGAM-p5,101638
90,F2-e003Coalescence-mBHI-p5_S13,10,1483168,D3-e003Coalescence-mGAM-p5,101638
91,F2-e003Coalescence-mGAM-p3_S69,3,1044013,D3-e003Coalescence-mGAM-p5,101638
92,G100-e003Coalescence-mGAM-p5_S79,7,1518875,D3-e003Coalescence-mGAM-p5,101638
93,E4-e003Coalescence-mGAM-p7_S147,3,1030477,D3-e003Coalescence-mGAM-p5,101638
94,E4-e003Coalescence-mGAM-p3_S59,10,1512400,D3-e003Coalescence-mGAM-p5,101638
95,H100-e003Coalescence-mBHI-p7_S139,8,1461470,D3-e003Coalescence-mGAM-p5,101638
96,G8-e003Coalescence-mBHI-p5_S29,10,757680,D3-e003Coalescence-mGAM-p5,101638
97,G2-e003Coalescence-mBHI-p5_S25,10,1534425,D3-e003Coalescence-mGAM-p5,101638
98,G8-e003Coalescence-mGAM-p7_S173,15,1390044,D3-e003Coalescence-mGAM-p5,101638
99,E4-e003Coalescence-mBHI-p3_S11,11,1489708,D3-e003Coalescence-mGAM-p5,101638
100,G9-e003Coalescence-mBHI-p5_S30,8,972978,D3-e003Coalescence-mGAM-p5,101638
101,E100-e003Coalescence-mGAM-p7_S151,13,1431882,D3-e003Coalescence-mGAM-p5,101638
102,G9-e003Coalescence-mGAM-p3_S178,10,1118807,D3-e003Coalescence-mGAM-p5,101638
103,G2-e003Coalescence-mGAM-p3_S81,11,1516772,D3-e003Coalescence-mGAM-p5,101638
104,G100-e003Coalescence-mBHI-p7_S127,6,560797,D3-e003Coalescence-mGAM-p5,101638
0,C9-e003Coalescence-mGAM-p3,4,712205,C10-e003Coalescence-mGAM-p3,101638
1,C11-e003Coalescence-mBHI-p3,0,455308,C10-e003Coalescence-mGAM-p3,101638
2,C9-e003Coalescence-mGAM-p7,0,500113,C10-e003Coalescence-mGAM-p3,101638
3,C8-e003Coalescence-mGAM-p7,3,1423925,C10-e003Coalescence-mGAM-p3,101638
4,D10-e003Coalescence-mBHI-p3,4,592022,C10-e003Coalescence-mGAM-p3,101638
5,B2-e003Coalescence-mBHI-p3,1,640269,C10-e003Coalescence-mGAM-p3,101638
6,A4-e003Coalescence-mBHI-p7,2,1046978,C10-e003Coalescence-mGAM-p3,101638
7,B3-e003Coalescence-mBHI-p3,28,851498,C10-e003Coalescence-mGAM-p3,101638
8,C2-e003Coalescence-mBHI-p5,4,1531728,C10-e003Coalescence-mGAM-p3,101638
9,C4-e003GlycerolRevival-mBHI-p2,2,655282,C10-e003Coalescence-mGAM-p3,101638
10,B2-e003Coalescence-mBHI-p5,8,1376755,C10-e003Coalescence-mGAM-p3,101638
11,C4-e003Coalescence-mGAM-p7,2,1491174,C10-e003Coalescence-mGAM-p3,101638
12,B10-e003Assembly-mGAM-p5,0,708824,C10-e003Coalescence-mGAM-p3,101638
13,C2-e003Coalescence-mGAM-p7,2,1544636,C10-e003Coalescence-mGAM-p3,101638
14,C9-e003Coalescence-mBHI-p5,3,843947,C10-e003Coalescence-mGAM-p3,101638
15,C2-e003Coalescence-mBHI-p3,5,1550808,C10-e003Coalescence-mGAM-p3,101638
16,C9-e003Coalescence-mBHI-p3,5,1477971,C10-e003Coalescence-mGAM-p3,101638
17,D10-e003Coalescence-mGAM-p5,3,895834,C10-e003Coalescence-mGAM-p3,101638
18,C2-e003Coalescence-mGAM-p3,1,1349817,C10-e003Coalescence-mGAM-p3,101638
19,B10-e003Coalescence-mBHI-p5,1,751178,C10-e003Coalescence-mGAM-p3,101638
20,C4-e003Coalescence-mGAM-p5,2,1406224,C10-e003Coalescence-mGAM-p3,101638
21,D5-e003Coalescence-mBHI-p5,4,1486364,C10-e003Coalescence-mGAM-p3,101638
22,D3-e003Assembly-mBHI-p3,5,768389,C10-e003Coalescence-mGAM-p3,101638
23,C4-e003Coalescence-mGAM-p3,1,1546978,C10-e003Coalescence-mGAM-p3,101638
24,D3-e003Assembly-mBHI-p5,8,1546651,C10-e003Coalescence-mGAM-p3,101638
25,A10-e003Coalescence-mGAM-p3,4,1530862,C10-e003Coalescence-mGAM-p3,101638
26,B2-e003Coalescence-mGAM-p3,3,442858,C10-e003Coalescence-mGAM-p3,101638
27,D3-e003Coalescence-mGAM-p5,0,515212,C10-e003Coalescence-mGAM-p3,101638
28,C10-e003Coalescence-mGAM-p3,0,1520946,C10-e003Coalescence-mGAM-p3,101638
29,C3-e003Coalescence-Inoculumn-mGAM,0,473234,C10-e003Coalescence-mGAM-p3,101638
30,D4-e003Coalescence-Inoculumn-mBHI,4,618720,C10-e003Coalescence-mGAM-p3,101638
31,A4-e003Coalescence-mBHI-p5,4,958917,C10-e003Coalescence-mGAM-p3,101638
32,D10-e003Coalescence-mGAM-p7,0,938266,C10-e003Coalescence-mGAM-p3,101638
33,C11-e003Coalescence-mGAM-p3,0,727674,C10-e003Coalescence-mGAM-p3,101638
34,C10-e003Coalescence-mBHI-p7,18,636171,C10-e003Coalescence-mGAM-p3,101638
35,B10-e003Coalescence-mBHI-p3,1,1064478,C10-e003Coalescence-mGAM-p3,101638
36,C11-e003Coalescence-mBHI-p5,4,1515011,C10-e003Coalescence-mGAM-p3,101638
37,C2-e003Coalescence-Inoculumn-mGAM,0,514343,C10-e003Coalescence-mGAM-p3,101638
38,B4-e003Coalescence-Inoculumn-mGAM,4,1527645,C10-e003Coalescence-mGAM-p3,101638
39,A10-e003Coalescence-mGAM-p7,1,1119734,C10-e003Coalescence-mGAM-p3,101638
40,C4-e003Coalescence-Inoculumn-mGAM,0,1354072,C10-e003Coalescence-mGAM-p3,101638
41,B10-e003Assembly-mGAM-p3,0,526228,C10-e003Coalescence-mGAM-p3,101638
42,D10-e003Coalescence-mBHI-p7,4,560357,C10-e003Coalescence-mGAM-p3,101638
43,B10-e003GlycerolRevival-mGAM-p2,1,912883,C10-e003Coalescence-mGAM-p3,101638
44,C10-e003Coalescence-mGAM-p5,4,1544682,C10-e003Coalescence-mGAM-p3,101638
45,A3-e003Coalescence-mBHI-p3,2,444927,C10-e003Coalescence-mGAM-p3,101638
46,A4-e003Coalescence-mBHI-p3,5,1204293,C10-e003Coalescence-mGAM-p3,101638
47,C9-e003Coalescence-mGAM-p5,3,810866,C10-e003Coalescence-mGAM-p3,101638
48,C2-e003Coalescence-mGAM-p5,5,1502257,C10-e003Coalescence-mGAM-p3,101638
49,C8-e003Coalescence-mBHI-p5,10,1338159,C10-e003Coalescence-mGAM-p3,101638
50,B4-e003Coalescence-Inoculumn-mBHI,10,563867,C10-e003Coalescence-mGAM-p3,101638
51,C5-e003Coalescence-Inoculumn-mGAM,3,1530071,C10-e003Coalescence-mGAM-p3,101638
52,C4-e003Coalescence-mBHI-p5,13,881699,C10-e003Coalescence-mGAM-p3,101638
53,A4-e003Coalescence-Inoculumn-mGAM,6,1506279,C10-e003Coalescence-mGAM-p3,101638
54,C2-e003Coalescence-mBHI-p7,1,569461,C10-e003Coalescence-mGAM-p3,101638
55,C10-e003Coalescence-mGAM-p7,2,1547140,C10-e003Coalescence-mGAM-p3,101638
56,C10-e003Coalescence-mBHI-p3,3,1524472,C10-e003Coalescence-mGAM-p3,101638
57,H4-e003Coalescence-mGAM-p7_S183,9,991821,C10-e003Coalescence-mGAM-p3,101638
58,F5-e003Coalescence-mGAM-p5_S64,3,468781,C10-e003Coalescence-mGAM-p3,101638
59,F100-e003Coalescence-mGAM-p7_S163,6,1155108,C10-e003Coalescence-mGAM-p3,101638
60,E3-e003Coalescence-mGAM-p3_S58,4,516408,C10-e003Coalescence-mGAM-p3,101638
61,G4-e003Coalescence-mBHI-p5_S27,3,878137,C10-e003Coalescence-mGAM-p3,101638
62,G2-e003Coalescence-mBHI-p3_S33,10,1521290,C10-e003Coalescence-mGAM-p3,101638
63,G100-e003Coalescence-mGAM-p3_S179,3,1153539,C10-e003Coalescence-mGAM-p3,101638
64,G111-e003Coalescence-mBHI-p5_S32,12,1154220,C10-e003Coalescence-mGAM-p3,101638
65,E3-e003Coalescence-mBHI-p3_S10,5,711439,C10-e003Coalescence-mGAM-p3,101638
66,F2-e003Coalescence-mGAM-p7_S157,2,556375,C10-e003Coalescence-mGAM-p3,101638
67,E100-e003Coalescence-mGAM-p3_S155,7,1461251,C10-e003Coalescence-mGAM-p3,101638
68,E3-e003Coalescence-mGAM-p5_S50,8,1371172,C10-e003Coalescence-mGAM-p3,101638
69,H100-e003Coalescence-mBHI-p5_S43,3,925751,C10-e003Coalescence-mGAM-p3,101638
70,F2-e003Coalescence-mGAM-p5_S61,3,1281223,C10-e003Coalescence-mGAM-p3,101638
71,G100-e003Coalescence-mBHI-p5_S31,1,829979,C10-e003Coalescence-mGAM-p3,101638
72,G4-e003Coalescence-mBHI-p3_S35,9,474244,C10-e003Coalescence-mGAM-p3,101638
73,E4-e003Coalescence-mBHI-p5_S3,14,1426946,C10-e003Coalescence-mGAM-p3,101638
74,E4-e003Coalescence-mGAM-p5_S51,0,579225,C10-e003Coalescence-mGAM-p3,101638
75,G9-e003Coalescence-mGAM-p7_S174,1,622414,C10-e003Coalescence-mGAM-p3,101638
76,E8-e003Coalescence-mGAM-p3_S153,12,1489557,C10-e003Coalescence-mGAM-p3,101638
77,G100-e003Coalescence-mGAM-p7_S175,5,673821,C10-e003Coalescence-mGAM-p3,101638
78,G3-e003Coalescence-mBHI-p7_S122,6,531581,C10-e003Coalescence-mGAM-p3,101638
79,G4-e003Coalescence-mGAM-p5_S75,9,1533148,C10-e003Coalescence-mGAM-p3,101638
80,G8-e003Coalescence-mBHI-p3_S129,7,840340,C10-e003Coalescence-mGAM-p3,101638
81,G2-e003Coalescence-mGAM-p5_S73,13,1525280,C10-e003Coalescence-mGAM-p3,101638
82,E100-e003Coalescence-mGAM-p5_S55,8,1291155,C10-e003Coalescence-mGAM-p3,101638
83,G4-e003Coalescence-mGAM-p3_S83,11,1536688,C10-e003Coalescence-mGAM-p3,101638
84,F4-e003Coalescence-mBHI-p7_S111,4,477586,C10-e003Coalescence-mGAM-p3,101638
85,G4-e003Coalescence-mGAM-p7_S171,9,1471075,C10-e003Coalescence-mGAM-p3,101638
86,F100-e003Coalescence-mBHI-p7_S115,9,1350695,C10-e003Coalescence-mGAM-p3,101638
87,E3-e003Coalescence-mGAM-p7_S146,9,1297929,C10-e003Coalescence-mGAM-p3,101638
88,E3-e003Coalescence-mBHI-p5_S2,2,758841,C10-e003Coalescence-mGAM-p3,101638
89,G2-e003Coalescence-mBHI-p7_S121,10,1251923,C10-e003Coalescence-mGAM-p3,101638
90,F2-e003Coalescence-mBHI-p5_S13,10,1483168,C10-e003Coalescence-mGAM-p3,101638
91,F2-e003Coalescence-mGAM-p3_S69,2,1044013,C10-e003Coalescence-mGAM-p3,101638
92,G100-e003Coalescence-mGAM-p5_S79,3,1518875,C10-e003Coalescence-mGAM-p3,101638
93,E4-e003Coalescence-mGAM-p7_S147,5,1030477,C10-e003Coalescence-mGAM-p3,101638
94,E4-e003Coalescence-mGAM-p3_S59,10,1512400,C10-e003Coalescence-mGAM-p3,101638
95,H100-e003Coalescence-mBHI-p7_S139,13,1461470,C10-e003Coalescence-mGAM-p3,101638
96,G8-e003Coalescence-mBHI-p5_S29,11,757680,C10-e003Coalescence-mGAM-p3,101638
97,G2-e003Coalescence-mBHI-p5_S25,12,1534425,C10-e003Coalescence-mGAM-p3,101638
98,G8-e003Coalescence-mGAM-p7_S173,13,1390044,C10-e003Coalescence-mGAM-p3,101638
99,E4-e003Coalescence-mBHI-p3_S11,9,1489708,C10-e003Coalescence-mGAM-p3,101638
100,G9-e003Coalescence-mBHI-p5_S30,10,972978,C10-e003Coalescence-mGAM-p3,101638
101,E100-e003Coalescence-mGAM-p7_S151,13,1431882,C10-e003Coalescence-mGAM-p3,101638
102,G9-e003Coalescence-mGAM-p3_S178,9,1118807,C10-e003Coalescence-mGAM-p3,101638
103,G2-e003Coalescence-mGAM-p3_S81,13,1516772,C10-e003Coalescence-mGAM-p3,101638
104,G100-e003Coalescence-mBHI-p7_S127,4,560797,C10-e003Coalescence-mGAM-p3,101638
0,C9-e003Coalescence-mGAM-p3,0,712205,C3-e003Coalescence-Inoculumn-mGAM,101638
1,C11-e003Coalescence-mBHI-p3,0,455308,C3-e003Coalescence-Inoculumn-mGAM,101638
2,C9-e003Coalescence-mGAM-p7,0,500113,C3-e003Coalescence-Inoculumn-mGAM,101638
3,C8-e003Coalescence-mGAM-p7,3,1423925,C3-e003Coalescence-Inoculumn-mGAM,101638
4,D10-e003Coalescence-mBHI-p3,5,592022,C3-e003Coalescence-Inoculumn-mGAM,101638
5,B2-e003Coalescence-mBHI-p3,1,640269,C3-e003Coalescence-Inoculumn-mGAM,101638
6,A4-e003Coalescence-mBHI-p7,3,1046978,C3-e003Coalescence-Inoculumn-mGAM,101638
7,B3-e003Coalescence-mBHI-p3,12,851498,C3-e003Coalescence-Inoculumn-mGAM,101638
8,C2-e003Coalescence-mBHI-p5,3,1531728,C3-e003Coalescence-Inoculumn-mGAM,101638
9,C4-e003GlycerolRevival-mBHI-p2,0,655282,C3-e003Coalescence-Inoculumn-mGAM,101638
10,B2-e003Coalescence-mBHI-p5,6,1376755,C3-e003Coalescence-Inoculumn-mGAM,101638
11,C4-e003Coalescence-mGAM-p7,2,1491174,C3-e003Coalescence-Inoculumn-mGAM,101638
12,B10-e003Assembly-mGAM-p5,0,708824,C3-e003Coalescence-Inoculumn-mGAM,101638
13,C2-e003Coalescence-mGAM-p7,2,1544636,C3-e003Coalescence-Inoculumn-mGAM,101638
14,C9-e003Coalescence-mBHI-p5,1,843947,C3-e003Coalescence-Inoculumn-mGAM,101638
15,C2-e003Coalescence-mBHI-p3,4,1550808,C3-e003Coalescence-Inoculumn-mGAM,101638
16,C9-e003Coalescence-mBHI-p3,2,1477971,C3-e003Coalescence-Inoculumn-mGAM,101638
17,D10-e003Coalescence-mGAM-p5,0,895834,C3-e003Coalescence-Inoculumn-mGAM,101638
18,C2-e003Coalescence-mGAM-p3,3,1349817,C3-e003Coalescence-Inoculumn-mGAM,101638
19,B10-e003Coalescence-mBHI-p5,1,751178,C3-e003Coalescence-Inoculumn-mGAM,101638
20,C4-e003Coalescence-mGAM-p5,2,1406224,C3-e003Coalescence-Inoculumn-mGAM,101638
21,D5-e003Coalescence-mBHI-p5,3,1486364,C3-e003Coalescence-Inoculumn-mGAM,101638
22,D3-e003Assembly-mBHI-p3,3,768389,C3-e003Coalescence-Inoculumn-mGAM,101638
23,C4-e003Coalescence-mGAM-p3,1,1546978,C3-e003Coalescence-Inoculumn-mGAM,101638
24,D3-e003Assembly-mBHI-p5,3,1546651,C3-e003Coalescence-Inoculumn-mGAM,101638
25,A10-e003Coalescence-mGAM-p3,3,1530862,C3-e003Coalescence-Inoculumn-mGAM,101638
26,B2-e003Coalescence-mGAM-p3,4,442858,C3-e003Coalescence-Inoculumn-mGAM,101638
27,D3-e003Coalescence-mGAM-p5,3,515212,C3-e003Coalescence-Inoculumn-mGAM,101638
28,C10-e003Coalescence-mGAM-p3,1,1520946,C3-e003Coalescence-Inoculumn-mGAM,101638
29,C3-e003Coalescence-Inoculumn-mGAM,0,473234,C3-e003Coalescence-Inoculumn-mGAM,101638
30,D4-e003Coalescence-Inoculumn-mBHI,1,618720,C3-e003Coalescence-Inoculumn-mGAM,101638
31,A4-e003Coalescence-mBHI-p5,8,958917,C3-e003Coalescence-Inoculumn-mGAM,101638
32,D10-e003Coalescence-mGAM-p7,1,938266,C3-e003Coalescence-Inoculumn-mGAM,101638
33,C11-e003Coalescence-mGAM-p3,3,727674,C3-e003Coalescence-Inoculumn-mGAM,101638
34,C10-e003Coalescence-mBHI-p7,15,636171,C3-e003Coalescence-Inoculumn-mGAM,101638
35,B10-e003Coalescence-mBHI-p3,1,1064478,C3-e003Coalescence-Inoculumn-mGAM,101638
36,C11-e003Coalescence-mBHI-p5,5,1515011,C3-e003Coalescence-Inoculumn-mGAM,101638
37,C2-e003Coalescence-Inoculumn-mGAM,0,514343,C3-e003Coalescence-Inoculumn-mGAM,101638
38,B4-e003Coalescence-Inoculumn-mGAM,1,1527645,C3-e003Coalescence-Inoculumn-mGAM,101638
39,A10-e003Coalescence-mGAM-p7,2,1119734,C3-e003Coalescence-Inoculumn-mGAM,101638
40,C4-e003Coalescence-Inoculumn-mGAM,1,1354072,C3-e003Coalescence-Inoculumn-mGAM,101638
41,B10-e003Assembly-mGAM-p3,0,526228,C3-e003Coalescence-Inoculumn-mGAM,101638
42,D10-e003Coalescence-mBHI-p7,4,560357,C3-e003Coalescence-Inoculumn-mGAM,101638
43,B10-e003GlycerolRevival-mGAM-p2,0,912883,C3-e003Coalescence-Inoculumn-mGAM,101638
44,C10-e003Coalescence-mGAM-p5,5,1544682,C3-e003Coalescence-Inoculumn-mGAM,101638
45,A3-e003Coalescence-mBHI-p3,3,444927,C3-e003Coalescence-Inoculumn-mGAM,101638
46,A4-e003Coalescence-mBHI-p3,4,1204293,C3-e003Coalescence-Inoculumn-mGAM,101638
47,C9-e003Coalescence-mGAM-p5,0,810866,C3-e003Coalescence-Inoculumn-mGAM,101638
48,C2-e003Coalescence-mGAM-p5,4,1502257,C3-e003Coalescence-Inoculumn-mGAM,101638
49,C8-e003Coalescence-mBHI-p5,9,1338159,C3-e003Coalescence-Inoculumn-mGAM,101638
50,B4-e003Coalescence-Inoculumn-mBHI,2,563867,C3-e003Coalescence-Inoculumn-mGAM,101638
51,C5-e003Coalescence-Inoculumn-mGAM,2,1530071,C3-e003Coalescence-Inoculumn-mGAM,101638
52,C4-e003Coalescence-mBHI-p5,5,881699,C3-e003Coalescence-Inoculumn-mGAM,101638
53,A4-e003Coalescence-Inoculumn-mGAM,3,1506279,C3-e003Coalescence-Inoculumn-mGAM,101638
54,C2-e003Coalescence-mBHI-p7,0,569461,C3-e003Coalescence-Inoculumn-mGAM,101638
55,C10-e003Coalescence-mGAM-p7,0,1547140,C3-e003Coalescence-Inoculumn-mGAM,101638
56,C10-e003Coalescence-mBHI-p3,6,1524472,C3-e003Coalescence-Inoculumn-mGAM,101638
57,H4-e003Coalescence-mGAM-p7_S183,8,991821,C3-e003Coalescence-Inoculumn-mGAM,101638
58,F5-e003Coalescence-mGAM-p5_S64,1,468781,C3-e003Coalescence-Inoculumn-mGAM,101638
59,F100-e003Coalescence-mGAM-p7_S163,3,1155108,C3-e003Coalescence-Inoculumn-mGAM,101638
60,E3-e003Coalescence-mGAM-p3_S58,3,516408,C3-e003Coalescence-Inoculumn-mGAM,101638
61,G4-e003Coalescence-mBHI-p5_S27,3,878137,C3-e003Coalescence-Inoculumn-mGAM,101638
62,G2-e003Coalescence-mBHI-p3_S33,5,1521290,C3-e003Coalescence-Inoculumn-mGAM,101638
63,G100-e003Coalescence-mGAM-p3_S179,0,1153539,C3-e003Coalescence-Inoculumn-mGAM,101638
64,G111-e003Coalescence-mBHI-p5_S32,8,1154220,C3-e003Coalescence-Inoculumn-mGAM,101638
65,E3-e003Coalescence-mBHI-p3_S10,3,711439,C3-e003Coalescence-Inoculumn-mGAM,101638
66,F2-e003Coalescence-mGAM-p7_S157,0,556375,C3-e003Coalescence-Inoculumn-mGAM,101638
67,E100-e003Coalescence-mGAM-p3_S155,4,1461251,C3-e003Coalescence-Inoculumn-mGAM,101638
68,E3-e003Coalescence-mGAM-p5_S50,1,1371172,C3-e003Coalescence-Inoculumn-mGAM,101638
69,H100-e003Coalescence-mBHI-p5_S43,5,925751,C3-e003Coalescence-Inoculumn-mGAM,101638
70,F2-e003Coalescence-mGAM-p5_S61,1,1281223,C3-e003Coalescence-Inoculumn-mGAM,101638
71,G100-e003Coalescence-mBHI-p5_S31,0,829979,C3-e003Coalescence-Inoculumn-mGAM,101638
72,G4-e003Coalescence-mBHI-p3_S35,2,474244,C3-e003Coalescence-Inoculumn-mGAM,101638
73,E4-e003Coalescence-mBHI-p5_S3,8,1426946,C3-e003Coalescence-Inoculumn-mGAM,101638
74,E4-e003Coalescence-mGAM-p5_S51,3,579225,C3-e003Coalescence-Inoculumn-mGAM,101638
75,G9-e003Coalescence-mGAM-p7_S174,1,622414,C3-e003Coalescence-Inoculumn-mGAM,101638
76,E8-e003Coalescence-mGAM-p3_S153,6,1489557,C3-e003Coalescence-Inoculumn-mGAM,101638
77,G100-e003Coalescence-mGAM-p7_S175,1,673821,C3-e003Coalescence-Inoculumn-mGAM,101638
78,G3-e003Coalescence-mBHI-p7_S122,7,531581,C3-e003Coalescence-Inoculumn-mGAM,101638
79,G4-e003Coalescence-mGAM-p5_S75,5,1533148,C3-e003Coalescence-Inoculumn-mGAM,101638
80,G8-e003Coalescence-mBHI-p3_S129,6,840340,C3-e003Coalescence-Inoculumn-mGAM,101638
81,G2-e003Coalescence-mGAM-p5_S73,8,1525280,C3-e003Coalescence-Inoculumn-mGAM,101638
82,E100-e003Coalescence-mGAM-p5_S55,5,1291155,C3-e003Coalescence-Inoculumn-mGAM,101638
83,G4-e003Coalescence-mGAM-p3_S83,6,1536688,C3-e003Coalescence-Inoculumn-mGAM,101638
84,F4-e003Coalescence-mBHI-p7_S111,2,477586,C3-e003Coalescence-Inoculumn-mGAM,101638
85,G4-e003Coalescence-mGAM-p7_S171,6,1471075,C3-e003Coalescence-Inoculumn-mGAM,101638
86,F100-e003Coalescence-mBHI-p7_S115,5,1350695,C3-e003Coalescence-Inoculumn-mGAM,101638
87,E3-e003Coalescence-mGAM-p7_S146,5,1297929,C3-e003Coalescence-Inoculumn-mGAM,101638
88,E3-e003Coalescence-mBHI-p5_S2,3,758841,C3-e003Coalescence-Inoculumn-mGAM,101638
89,G2-e003Coalescence-mBHI-p7_S121,7,1251923,C3-e003Coalescence-Inoculumn-mGAM,101638
90,F2-e003Coalescence-mBHI-p5_S13,6,1483168,C3-e003Coalescence-Inoculumn-mGAM,101638
91,F2-e003Coalescence-mGAM-p3_S69,0,1044013,C3-e003Coalescence-Inoculumn-mGAM,101638
92,G100-e003Coalescence-mGAM-p5_S79,3,1518875,C3-e003Coalescence-Inoculumn-mGAM,101638
93,E4-e003Coalescence-mGAM-p7_S147,3,1030477,C3-e003Coalescence-Inoculumn-mGAM,101638
94,E4-e003Coalescence-mGAM-p3_S59,9,1512400,C3-e003Coalescence-Inoculumn-mGAM,101638
95,H100-e003Coalescence-mBHI-p7_S139,9,1461470,C3-e003Coalescence-Inoculumn-mGAM,101638
96,G8-e003Coalescence-mBHI-p5_S29,9,757680,C3-e003Coalescence-Inoculumn-mGAM,101638
97,G2-e003Coalescence-mBHI-p5_S25,6,1534425,C3-e003Coalescence-Inoculumn-mGAM,101638
98,G8-e003Coalescence-mGAM-p7_S173,8,1390044,C3-e003Coalescence-Inoculumn-mGAM,101638
99,E4-e003Coalescence-mBHI-p3_S11,5,1489708,C3-e003Coalescence-Inoculumn-mGAM,101638
100,G9-e003Coalescence-mBHI-p5_S30,7,972978,C3-e003Coalescence-Inoculumn-mGAM,101638
101,E100-e003Coalescence-mGAM-p7_S151,7,1431882,C3-e003Coalescence-Inoculumn-mGAM,101638
102,G9-e003Coalescence-mGAM-p3_S178,2,1118807,C3-e003Coalescence-Inoculumn-mGAM,101638
103,G2-e003Coalescence-mGAM-p3_S81,8,1516772,C3-e003Coalescence-Inoculumn-mGAM,101638
104,G100-e003Coalescence-mBHI-p7_S127,1,560797,C3-e003Coalescence-Inoculumn-mGAM,101638
0,C9-e003Coalescence-mGAM-p3,2,712205,D4-e003Coalescence-Inoculumn-mBHI,101638
1,C11-e003Coalescence-mBHI-p3,0,455308,D4-e003Coalescence-Inoculumn-mBHI,101638
2,C9-e003Coalescence-mGAM-p7,4,500113,D4-e003Coalescence-Inoculumn-mBHI,101638
3,C8-e003Coalescence-mGAM-p7,6,1423925,D4-e003Coalescence-Inoculumn-mBHI,101638
4,D10-e003Coalescence-mBHI-p3,2,592022,D4-e003Coalescence-Inoculumn-mBHI,101638
5,B2-e003Coalescence-mBHI-p3,2,640269,D4-e003Coalescence-Inoculumn-mBHI,101638
6,A4-e003Coalescence-mBHI-p7,4,1046978,D4-e003Coalescence-Inoculumn-mBHI,101638
7,B3-e003Coalescence-mBHI-p3,16,851498,D4-e003Coalescence-Inoculumn-mBHI,101638
8,C2-e003Coalescence-mBHI-p5,9,1531728,D4-e003Coalescence-Inoculumn-mBHI,101638
9,C4-e003GlycerolRevival-mBHI-p2,4,655282,D4-e003Coalescence-Inoculumn-mBHI,101638
10,B2-e003Coalescence-mBHI-p5,10,1376755,D4-e003Coalescence-Inoculumn-mBHI,101638
11,C4-e003Coalescence-mGAM-p7,2,1491174,D4-e003Coalescence-Inoculumn-mBHI,101638
12,B10-e003Assembly-mGAM-p5,1,708824,D4-e003Coalescence-Inoculumn-mBHI,101638
13,C2-e003Coalescence-mGAM-p7,4,1544636,D4-e003Coalescence-Inoculumn-mBHI,101638
14,C9-e003Coalescence-mBHI-p5,3,843947,D4-e003Coalescence-Inoculumn-mBHI,101638
15,C2-e003Coalescence-mBHI-p3,4,1550808,D4-e003Coalescence-Inoculumn-mBHI,101638
16,C9-e003Coalescence-mBHI-p3,7,1477971,D4-e003Coalescence-Inoculumn-mBHI,101638
17,D10-e003Coalescence-mGAM-p5,7,895834,D4-e003Coalescence-Inoculumn-mBHI,101638
18,C2-e003Coalescence-mGAM-p3,3,1349817,D4-e003Coalescence-Inoculumn-mBHI,101638
19,B10-e003Coalescence-mBHI-p5,0,751178,D4-e003Coalescence-Inoculumn-mBHI,101638
20,C4-e003Coalescence-mGAM-p5,5,1406224,D4-e003Coalescence-Inoculumn-mBHI,101638
21,D5-e003Coalescence-mBHI-p5,17,1486364,D4-e003Coalescence-Inoculumn-mBHI,101638
22,D3-e003Assembly-mBHI-p3,7,768389,D4-e003Coalescence-Inoculumn-mBHI,101638
23,C4-e003Coalescence-mGAM-p3,2,1546978,D4-e003Coalescence-Inoculumn-mBHI,101638
24,D3-e003Assembly-mBHI-p5,13,1546651,D4-e003Coalescence-Inoculumn-mBHI,101638
25,A10-e003Coalescence-mGAM-p3,3,1530862,D4-e003Coalescence-Inoculumn-mBHI,101638
26,B2-e003Coalescence-mGAM-p3,5,442858,D4-e003Coalescence-Inoculumn-mBHI,101638
27,D3-e003Coalescence-mGAM-p5,0,515212,D4-e003Coalescence-Inoculumn-mBHI,101638
28,C10-e003Coalescence-mGAM-p3,4,1520946,D4-e003Coalescence-Inoculumn-mBHI,101638
29,C3-e003Coalescence-Inoculumn-mGAM,1,473234,D4-e003Coalescence-Inoculumn-mBHI,101638
30,D4-e003Coalescence-Inoculumn-mBHI,0,618720,D4-e003Coalescence-Inoculumn-mBHI,101638
31,A4-e003Coalescence-mBHI-p5,3,958917,D4-e003Coalescence-Inoculumn-mBHI,101638
32,D10-e003Coalescence-mGAM-p7,5,938266,D4-e003Coalescence-Inoculumn-mBHI,101638
33,C11-e003Coalescence-mGAM-p3,3,727674,D4-e003Coalescence-Inoculumn-mBHI,101638
34,C10-e003Coalescence-mBHI-p7,11,636171,D4-e003Coalescence-Inoculumn-mBHI,101638
35,B10-e003Coalescence-mBHI-p3,2,1064478,D4-e003Coalescence-Inoculumn-mBHI,101638
36,C11-e003Coalescence-mBHI-p5,8,1515011,D4-e003Coalescence-Inoculumn-mBHI,101638
37,C2-e003Coalescence-Inoculumn-mGAM,1,514343,D4-e003Coalescence-Inoculumn-mBHI,101638
38,B4-e003Coalescence-Inoculumn-mGAM,5,1527645,D4-e003Coalescence-Inoculumn-mBHI,101638
39,A10-e003Coalescence-mGAM-p7,3,1119734,D4-e003Coalescence-Inoculumn-mBHI,101638
40,C4-e003Coalescence-Inoculumn-mGAM,8,1354072,D4-e003Coalescence-Inoculumn-mBHI,101638
41,B10-e003Assembly-mGAM-p3,1,526228,D4-e003Coalescence-Inoculumn-mBHI,101638
42,D10-e003Coalescence-mBHI-p7,2,560357,D4-e003Coalescence-Inoculumn-mBHI,101638
43,B10-e003GlycerolRevival-mGAM-p2,5,912883,D4-e003Coalescence-Inoculumn-mBHI,101638
44,C10-e003Coalescence-mGAM-p5,8,1544682,D4-e003Coalescence-Inoculumn-mBHI,101638
45,A3-e003Coalescence-mBHI-p3,0,444927,D4-e003Coalescence-Inoculumn-mBHI,101638
46,A4-e003Coalescence-mBHI-p3,10,1204293,D4-e003Coalescence-Inoculumn-mBHI,101638
47,C9-e003Coalescence-mGAM-p5,3,810866,D4-e003Coalescence-Inoculumn-mBHI,101638
48,C2-e003Coalescence-mGAM-p5,6,1502257,D4-e003Coalescence-Inoculumn-mBHI,101638
49,C8-e003Coalescence-mBHI-p5,14,1338159,D4-e003Coalescence-Inoculumn-mBHI,101638
50,B4-e003Coalescence-Inoculumn-mBHI,2,563867,D4-e003Coalescence-Inoculumn-mBHI,101638
51,C5-e003Coalescence-Inoculumn-mGAM,3,1530071,D4-e003Coalescence-Inoculumn-mBHI,101638
52,C4-e003Coalescence-mBHI-p5,9,881699,D4-e003Coalescence-Inoculumn-mBHI,101638
53,A4-e003Coalescence-Inoculumn-mGAM,9,1506279,D4-e003Coalescence-Inoculumn-mBHI,101638
54,C2-e003Coalescence-mBHI-p7,1,569461,D4-e003Coalescence-Inoculumn-mBHI,101638
55,C10-e003Coalescence-mGAM-p7,8,1547140,D4-e003Coalescence-Inoculumn-mBHI,101638
56,C10-e003Coalescence-mBHI-p3,10,1524472,D4-e003Coalescence-Inoculumn-mBHI,101638
57,H4-e003Coalescence-mGAM-p7_S183,10,991821,D4-e003Coalescence-Inoculumn-mBHI,101638
58,F5-e003Coalescence-mGAM-p5_S64,2,468781,D4-e003Coalescence-Inoculumn-mBHI,101638
59,F100-e003Coalescence-mGAM-p7_S163,4,1155108,D4-e003Coalescence-Inoculumn-mBHI,101638
60,E3-e003Coalescence-mGAM-p3_S58,6,516408,D4-e003Coalescence-Inoculumn-mBHI,101638
61,G4-e003Coalescence-mBHI-p5_S27,0,878137,D4-e003Coalescence-Inoculumn-mBHI,101638
62,G2-e003Coalescence-mBHI-p3_S33,7,1521290,D4-e003Coalescence-Inoculumn-mBHI,101638
63,G100-e003Coalescence-mGAM-p3_S179,9,1153539,D4-e003Coalescence-Inoculumn-mBHI,101638
64,G111-e003Coalescence-mBHI-p5_S32,7,1154220,D4-e003Coalescence-Inoculumn-mBHI,101638
65,E3-e003Coalescence-mBHI-p3_S10,4,711439,D4-e003Coalescence-Inoculumn-mBHI,101638
66,F2-e003Coalescence-mGAM-p7_S157,0,556375,D4-e003Coalescence-Inoculumn-mBHI,101638
67,E100-e003Coalescence-mGAM-p3_S155,8,1461251,D4-e003Coalescence-Inoculumn-mBHI,101638
68,E3-e003Coalescence-mGAM-p5_S50,11,1371172,D4-e003Coalescence-Inoculumn-mBHI,101638
69,H100-e003Coalescence-mBHI-p5_S43,9,925751,D4-e003Coalescence-Inoculumn-mBHI,101638
70,F2-e003Coalescence-mGAM-p5_S61,4,1281223,D4-e003Coalescence-Inoculumn-mBHI,101638
71,G100-e003Coalescence-mBHI-p5_S31,4,829979,D4-e003Coalescence-Inoculumn-mBHI,101638
72,G4-e003Coalescence-mBHI-p3_S35,6,474244,D4-e003Coalescence-Inoculumn-mBHI,101638
73,E4-e003Coalescence-mBHI-p5_S3,6,1426946,D4-e003Coalescence-Inoculumn-mBHI,101638
74,E4-e003Coalescence-mGAM-p5_S51,0,579225,D4-e003Coalescence-Inoculumn-mBHI,101638
75,G9-e003Coalescence-mGAM-p7_S174,2,622414,D4-e003Coalescence-Inoculumn-mBHI,101638
76,E8-e003Coalescence-mGAM-p3_S153,15,1489557,D4-e003Coalescence-Inoculumn-mBHI,101638
77,G100-e003Coalescence-mGAM-p7_S175,2,673821,D4-e003Coalescence-Inoculumn-mBHI,101638
78,G3-e003Coalescence-mBHI-p7_S122,1,531581,D4-e003Coalescence-Inoculumn-mBHI,101638
79,G4-e003Coalescence-mGAM-p5_S75,4,1533148,D4-e003Coalescence-Inoculumn-mBHI,101638
80,G8-e003Coalescence-mBHI-p3_S129,5,840340,D4-e003Coalescence-Inoculumn-mBHI,101638
81,G2-e003Coalescence-mGAM-p5_S73,9,1525280,D4-e003Coalescence-Inoculumn-mBHI,101638
82,E100-e003Coalescence-mGAM-p5_S55,7,1291155,D4-e003Coalescence-Inoculumn-mBHI,101638
83,G4-e003Coalescence-mGAM-p3_S83,4,1536688,D4-e003Coalescence-Inoculumn-mBHI,101638
84,F4-e003Coalescence-mBHI-p7_S111,2,477586,D4-e003Coalescence-Inoculumn-mBHI,101638
85,G4-e003Coalescence-mGAM-p7_S171,8,1471075,D4-e003Coalescence-Inoculumn-mBHI,101638
86,F100-e003Coalescence-mBHI-p7_S115,7,1350695,D4-e003Coalescence-Inoculumn-mBHI,101638
87,E3-e003Coalescence-mGAM-p7_S146,8,1297929,D4-e003Coalescence-Inoculumn-mBHI,101638
88,E3-e003Coalescence-mBHI-p5_S2,1,758841,D4-e003Coalescence-Inoculumn-mBHI,101638
89,G2-e003Coalescence-mBHI-p7_S121,9,1251923,D4-e003Coalescence-Inoculumn-mBHI,101638
90,F2-e003Coalescence-mBHI-p5_S13,7,1483168,D4-e003Coalescence-Inoculumn-mBHI,101638
91,F2-e003Coalescence-mGAM-p3_S69,4,1044013,D4-e003Coalescence-Inoculumn-mBHI,101638
92,G100-e003Coalescence-mGAM-p5_S79,6,1518875,D4-e003Coalescence-Inoculumn-mBHI,101638
93,E4-e003Coalescence-mGAM-p7_S147,2,1030477,D4-e003Coalescence-Inoculumn-mBHI,101638
94,E4-e003Coalescence-mGAM-p3_S59,7,1512400,D4-e003Coalescence-Inoculumn-mBHI,101638
95,H100-e003Coalescence-mBHI-p7_S139,8,1461470,D4-e003Coalescence-Inoculumn-mBHI,101638
96,G8-e003Coalescence-mBHI-p5_S29,5,757680,D4-e003Coalescence-Inoculumn-mBHI,101638
97,G2-e003Coalescence-mBHI-p5_S25,4,1534425,D4-e003Coalescence-Inoculumn-mBHI,101638
98,G8-e003Coalescence-mGAM-p7_S173,12,1390044,D4-e003Coalescence-Inoculumn-mBHI,101638
99,E4-e003Coalescence-mBHI-p3_S11,7,1489708,D4-e003Coalescence-Inoculumn-mBHI,101638
100,G9-e003Coalescence-mBHI-p5_S30,5,972978,D4-e003Coalescence-Inoculumn-mBHI,101638
101,E100-e003Coalescence-mGAM-p7_S151,8,1431882,D4-e003Coalescence-Inoculumn-mBHI,101638
102,G9-e003Coalescence-mGAM-p3_S178,8,1118807,D4-e003Coalescence-Inoculumn-mBHI,101638
103,G2-e003Coalescence-mGAM-p3_S81,7,1516772,D4-e003Coalescence-Inoculumn-mBHI,101638
104,G100-e003Coalescence-mBHI-p7_S127,6,560797,D4-e003Coalescence-Inoculumn-mBHI,101638
0,C9-e003Coalescence-mGAM-p3,21,712205,A4-e003Coalescence-mBHI-p5,101638
1,C11-e003Coalescence-mBHI-p3,3,455308,A4-e003Coalescence-mBHI-p5,101638
2,C9-e003Coalescence-mGAM-p7,24,500113,A4-e003Coalescence-mBHI-p5,101638
3,C8-e003Coalescence-mGAM-p7,1,1423925,A4-e003Coalescence-mBHI-p5,101638
4,D10-e003Coalescence-mBHI-p3,24,592022,A4-e003Coalescence-mBHI-p5,101638
5,B2-e003Coalescence-mBHI-p3,4,640269,A4-e003Coalescence-mBHI-p5,101638
6,A4-e003Coalescence-mBHI-p7,0,1046978,A4-e003Coalescence-mBHI-p5,101638
7,B3-e003Coalescence-mBHI-p3,22,851498,A4-e003Coalescence-mBHI-p5,101638
8,C2-e003Coalescence-mBHI-p5,0,1531728,A4-e003Coalescence-mBHI-p5,101638
9,C4-e003GlycerolRevival-mBHI-p2,19,655282,A4-e003Coalescence-mBHI-p5,101638
10,B2-e003Coalescence-mBHI-p5,5,1376755,A4-e003Coalescence-mBHI-p5,101638
11,C4-e003Coalescence-mGAM-p7,0,1491174,A4-e003Coalescence-mBHI-p5,101638
12,B10-e003Assembly-mGAM-p5,1,708824,A4-e003Coalescence-mBHI-p5,101638
13,C2-e003Coalescence-mGAM-p7,0,1544636,A4-e003Coalescence-mBHI-p5,101638
14,C9-e003Coalescence-mBHI-p5,26,843947,A4-e003Coalescence-mBHI-p5,101638
15,C2-e003Coalescence-mBHI-p3,0,1550808,A4-e003Coalescence-mBHI-p5,101638
16,C9-e003Coalescence-mBHI-p3,28,1477971,A4-e003Coalescence-mBHI-p5,101638
17,D10-e003Coalescence-mGAM-p5,23,895834,A4-e003Coalescence-mBHI-p5,101638
18,C2-e003Coalescence-mGAM-p3,0,1349817,A4-e003Coalescence-mBHI-p5,101638
19,B10-e003Coalescence-mBHI-p5,18,751178,A4-e003Coalescence-mBHI-p5,101638
20,C4-e003Coalescence-mGAM-p5,0,1406224,A4-e003Coalescence-mBHI-p5,101638
21,D5-e003Coalescence-mBHI-p5,0,1486364,A4-e003Coalescence-mBHI-p5,101638
22,D3-e003Assembly-mBHI-p3,16,768389,A4-e003Coalescence-mBHI-p5,101638
23,C4-e003Coalescence-mGAM-p3,0,1546978,A4-e003Coalescence-mBHI-p5,101638
24,D3-e003Assembly-mBHI-p5,16,1546651,A4-e003Coalescence-mBHI-p5,101638
25,A10-e003Coalescence-mGAM-p3,1,1530862,A4-e003Coalescence-mBHI-p5,101638
26,B2-e003Coalescence-mGAM-p3,3,442858,A4-e003Coalescence-mBHI-p5,101638
27,D3-e003Coalescence-mGAM-p5,8,515212,A4-e003Coalescence-mBHI-p5,101638
28,C10-e003Coalescence-mGAM-p3,5,1520946,A4-e003Coalescence-mBHI-p5,101638
29,C3-e003Coalescence-Inoculumn-mGAM,7,473234,A4-e003Coalescence-mBHI-p5,101638
30,D4-e003Coalescence-Inoculumn-mBHI,3,618720,A4-e003Coalescence-mBHI-p5,101638
31,A4-e003Coalescence-mBHI-p5,0,958917,A4-e003Coalescence-mBHI-p5,101638
32,D10-e003Coalescence-mGAM-p7,16,938266,A4-e003Coalescence-mBHI-p5,101638
33,C11-e003Coalescence-mGAM-p3,39,727674,A4-e003Coalescence-mBHI-p5,101638
34,C10-e003Coalescence-mBHI-p7,19,636171,A4-e003Coalescence-mBHI-p5,101638
35,B10-e003Coalescence-mBHI-p3,21,1064478,A4-e003Coalescence-mBHI-p5,101638
36,C11-e003Coalescence-mBHI-p5,15,1515011,A4-e003Coalescence-mBHI-p5,101638
37,C2-e003Coalescence-Inoculumn-mGAM,0,514343,A4-e003Coalescence-mBHI-p5,101638
38,B4-e003Coalescence-Inoculumn-mGAM,31,1527645,A4-e003Coalescence-mBHI-p5,101638
39,A10-e003Coalescence-mGAM-p7,1,1119734,A4-e003Coalescence-mBHI-p5,101638
40,C4-e003Coalescence-Inoculumn-mGAM,1,1354072,A4-e003Coalescence-mBHI-p5,101638
41,B10-e003Assembly-mGAM-p3,3,526228,A4-e003Coalescence-mBHI-p5,101638
42,D10-e003Coalescence-mBHI-p7,11,560357,A4-e003Coalescence-mBHI-p5,101638
43,B10-e003GlycerolRevival-mGAM-p2,1,912883,A4-e003Coalescence-mBHI-p5,101638
44,C10-e003Coalescence-mGAM-p5,4,1544682,A4-e003Coalescence-mBHI-p5,101638
45,A3-e003Coalescence-mBHI-p3,2,444927,A4-e003Coalescence-mBHI-p5,101638
46,A4-e003Coalescence-mBHI-p3,0,1204293,A4-e003Coalescence-mBHI-p5,101638
47,C9-e003Coalescence-mGAM-p5,23,810866,A4-e003Coalescence-mBHI-p5,101638
48,C2-e003Coalescence-mGAM-p5,0,1502257,A4-e003Coalescence-mBHI-p5,101638
49,C8-e003Coalescence-mBHI-p5,12,1338159,A4-e003Coalescence-mBHI-p5,101638
50,B4-e003Coalescence-Inoculumn-mBHI,8,563867,A4-e003Coalescence-mBHI-p5,101638
51,C5-e003Coalescence-Inoculumn-mGAM,2,1530071,A4-e003Coalescence-mBHI-p5,101638
52,C4-e003Coalescence-mBHI-p5,11,881699,A4-e003Coalescence-mBHI-p5,101638
53,A4-e003Coalescence-Inoculumn-mGAM,0,1506279,A4-e003Coalescence-mBHI-p5,101638
54,C2-e003Coalescence-mBHI-p7,0,569461,A4-e003Coalescence-mBHI-p5,101638
55,C10-e003Coalescence-mGAM-p7,1,1547140,A4-e003Coalescence-mBHI-p5,101638
56,C10-e003Coalescence-mBHI-p3,4,1524472,A4-e003Coalescence-mBHI-p5,101638
57,H4-e003Coalescence-mGAM-p7_S183,11,991821,A4-e003Coalescence-mBHI-p5,101638
58,F5-e003Coalescence-mGAM-p5_S64,3,468781,A4-e003Coalescence-mBHI-p5,101638
59,F100-e003Coalescence-mGAM-p7_S163,8,1155108,A4-e003Coalescence-mBHI-p5,101638
60,E3-e003Coalescence-mGAM-p3_S58,5,516408,A4-e003Coalescence-mBHI-p5,101638
61,G4-e003Coalescence-mBHI-p5_S27,12,878137,A4-e003Coalescence-mBHI-p5,101638
62,G2-e003Coalescence-mBHI-p3_S33,2,1521290,A4-e003Coalescence-mBHI-p5,101638
63,G100-e003Coalescence-mGAM-p3_S179,1,1153539,A4-e003Coalescence-mBHI-p5,101638
64,G111-e003Coalescence-mBHI-p5_S32,34,1154220,A4-e003Coalescence-mBHI-p5,101638
65,E3-e003Coalescence-mBHI-p3_S10,0,711439,A4-e003Coalescence-mBHI-p5,101638
66,F2-e003Coalescence-mGAM-p7_S157,0,556375,A4-e003Coalescence-mBHI-p5,101638
67,E100-e003Coalescence-mGAM-p3_S155,1,1461251,A4-e003Coalescence-mBHI-p5,101638
68,E3-e003Coalescence-mGAM-p5_S50,3,1371172,A4-e003Coalescence-mBHI-p5,101638
69,H100-e003Coalescence-mBHI-p5_S43,32,925751,A4-e003Coalescence-mBHI-p5,101638
70,F2-e003Coalescence-mGAM-p5_S61,0,1281223,A4-e003Coalescence-mBHI-p5,101638
71,G100-e003Coalescence-mBHI-p5_S31,9,829979,A4-e003Coalescence-mBHI-p5,101638
72,G4-e003Coalescence-mBHI-p3_S35,19,474244,A4-e003Coalescence-mBHI-p5,101638
73,E4-e003Coalescence-mBHI-p5_S3,2,1426946,A4-e003Coalescence-mBHI-p5,101638
74,E4-e003Coalescence-mGAM-p5_S51,1,579225,A4-e003Coalescence-mBHI-p5,101638
75,G9-e003Coalescence-mGAM-p7_S174,22,622414,A4-e003Coalescence-mBHI-p5,101638
76,E8-e003Coalescence-mGAM-p3_S153,9,1489557,A4-e003Coalescence-mBHI-p5,101638
77,G100-e003Coalescence-mGAM-p7_S175,2,673821,A4-e003Coalescence-mBHI-p5,101638
78,G3-e003Coalescence-mBHI-p7_S122,33,531581,A4-e003Coalescence-mBHI-p5,101638
79,G4-e003Coalescence-mGAM-p5_S75,0,1533148,A4-e003Coalescence-mBHI-p5,101638
80,G8-e003Coalescence-mBHI-p3_S129,3,840340,A4-e003Coalescence-mBHI-p5,101638
81,G2-e003Coalescence-mGAM-p5_S73,2,1525280,A4-e003Coalescence-mBHI-p5,101638
82,E100-e003Coalescence-mGAM-p5_S55,3,1291155,A4-e003Coalescence-mBHI-p5,101638
83,G4-e003Coalescence-mGAM-p3_S83,2,1536688,A4-e003Coalescence-mBHI-p5,101638
84,F4-e003Coalescence-mBHI-p7_S111,18,477586,A4-e003Coalescence-mBHI-p5,101638
85,G4-e003Coalescence-mGAM-p7_S171,2,1471075,A4-e003Coalescence-mBHI-p5,101638
86,F100-e003Coalescence-mBHI-p7_S115,27,1350695,A4-e003Coalescence-mBHI-p5,101638
87,E3-e003Coalescence-mGAM-p7_S146,4,1297929,A4-e003Coalescence-mBHI-p5,101638
88,E3-e003Coalescence-mBHI-p5_S2,2,758841,A4-e003Coalescence-mBHI-p5,101638
89,G2-e003Coalescence-mBHI-p7_S121,2,1251923,A4-e003Coalescence-mBHI-p5,101638
90,F2-e003Coalescence-mBHI-p5_S13,2,1483168,A4-e003Coalescence-mBHI-p5,101638
91,F2-e003Coalescence-mGAM-p3_S69,2,1044013,A4-e003Coalescence-mBHI-p5,101638
92,G100-e003Coalescence-mGAM-p5_S79,6,1518875,A4-e003Coalescence-mBHI-p5,101638
93,E4-e003Coalescence-mGAM-p7_S147,0,1030477,A4-e003Coalescence-mBHI-p5,101638
94,E4-e003Coalescence-mGAM-p3_S59,2,1512400,A4-e003Coalescence-mBHI-p5,101638
95,H100-e003Coalescence-mBHI-p7_S139,39,1461470,A4-e003Coalescence-mBHI-p5,101638
96,G8-e003Coalescence-mBHI-p5_S29,5,757680,A4-e003Coalescence-mBHI-p5,101638
97,G2-e003Coalescence-mBHI-p5_S25,2,1534425,A4-e003Coalescence-mBHI-p5,101638
98,G8-e003Coalescence-mGAM-p7_S173,13,1390044,A4-e003Coalescence-mBHI-p5,101638
99,E4-e003Coalescence-mBHI-p3_S11,2,1489708,A4-e003Coalescence-mBHI-p5,101638
100,G9-e003Coalescence-mBHI-p5_S30,20,972978,A4-e003Coalescence-mBHI-p5,101638
101,E100-e003Coalescence-mGAM-p7_S151,2,1431882,A4-e003Coalescence-mBHI-p5,101638
102,G9-e003Coalescence-mGAM-p3_S178,30,1118807,A4-e003Coalescence-mBHI-p5,101638
103,G2-e003Coalescence-mGAM-p3_S81,2,1516772,A4-e003Coalescence-mBHI-p5,101638
104,G100-e003Coalescence-mBHI-p7_S127,4,560797,A4-e003Coalescence-mBHI-p5,101638
0,C9-e003Coalescence-mGAM-p3,1,712205,D10-e003Coalescence-mGAM-p7,101638
1,C11-e003Coalescence-mBHI-p3,0,455308,D10-e003Coalescence-mGAM-p7,101638
2,C9-e003Coalescence-mGAM-p7,1,500113,D10-e003Coalescence-mGAM-p7,101638
3,C8-e003Coalescence-mGAM-p7,7,1423925,D10-e003Coalescence-mGAM-p7,101638
4,D10-e003Coalescence-mBHI-p3,9,592022,D10-e003Coalescence-mGAM-p7,101638
5,B2-e003Coalescence-mBHI-p3,5,640269,D10-e003Coalescence-mGAM-p7,101638
6,A4-e003Coalescence-mBHI-p7,9,1046978,D10-e003Coalescence-mGAM-p7,101638
7,B3-e003Coalescence-mBHI-p3,6,851498,D10-e003Coalescence-mGAM-p7,101638
8,C2-e003Coalescence-mBHI-p5,10,1531728,D10-e003Coalescence-mGAM-p7,101638
9,C4-e003GlycerolRevival-mBHI-p2,2,655282,D10-e003Coalescence-mGAM-p7,101638
10,B2-e003Coalescence-mBHI-p5,16,1376755,D10-e003Coalescence-mGAM-p7,101638
11,C4-e003Coalescence-mGAM-p7,0,1491174,D10-e003Coalescence-mGAM-p7,101638
12,B10-e003Assembly-mGAM-p5,0,708824,D10-e003Coalescence-mGAM-p7,101638
13,C2-e003Coalescence-mGAM-p7,6,1544636,D10-e003Coalescence-mGAM-p7,101638
14,C9-e003Coalescence-mBHI-p5,0,843947,D10-e003Coalescence-mGAM-p7,101638
15,C2-e003Coalescence-mBHI-p3,10,1550808,D10-e003Coalescence-mGAM-p7,101638
16,C9-e003Coalescence-mBHI-p3,1,1477971,D10-e003Coalescence-mGAM-p7,101638
17,D10-e003Coalescence-mGAM-p5,0,895834,D10-e003Coalescence-mGAM-p7,101638
18,C2-e003Coalescence-mGAM-p3,7,1349817,D10-e003Coalescence-mGAM-p7,101638
19,B10-e003Coalescence-mBHI-p5,1,751178,D10-e003Coalescence-mGAM-p7,101638
20,C4-e003Coalescence-mGAM-p5,0,1406224,D10-e003Coalescence-mGAM-p7,101638
21,D5-e003Coalescence-mBHI-p5,11,1486364,D10-e003Coalescence-mGAM-p7,101638
22,D3-e003Assembly-mBHI-p3,6,768389,D10-e003Coalescence-mGAM-p7,101638
23,C4-e003Coalescence-mGAM-p3,0,1546978,D10-e003Coalescence-mGAM-p7,101638
24,D3-e003Assembly-mBHI-p5,7,1546651,D10-e003Coalescence-mGAM-p7,101638
25,A10-e003Coalescence-mGAM-p3,10,1530862,D10-e003Coalescence-mGAM-p7,101638
26,B2-e003Coalescence-mGAM-p3,9,442858,D10-e003Coalescence-mGAM-p7,101638
27,D3-e003Coalescence-mGAM-p5,5,515212,D10-e003Coalescence-mGAM-p7,101638
28,C10-e003Coalescence-mGAM-p3,0,1520946,D10-e003Coalescence-mGAM-p7,101638
29,C3-e003Coalescence-Inoculumn-mGAM,1,473234,D10-e003Coalescence-mGAM-p7,101638
30,D4-e003Coalescence-Inoculumn-mBHI,1,618720,D10-e003Coalescence-mGAM-p7,101638
31,A4-e003Coalescence-mBHI-p5,16,958917,D10-e003Coalescence-mGAM-p7,101638
32,D10-e003Coalescence-mGAM-p7,0,938266,D10-e003Coalescence-mGAM-p7,101638
33,C11-e003Coalescence-mGAM-p3,5,727674,D10-e003Coalescence-mGAM-p7,101638
34,C10-e003Coalescence-mBHI-p7,12,636171,D10-e003Coalescence-mGAM-p7,101638
35,B10-e003Coalescence-mBHI-p3,1,1064478,D10-e003Coalescence-mGAM-p7,101638
36,C11-e003Coalescence-mBHI-p5,4,1515011,D10-e003Coalescence-mGAM-p7,101638
37,C2-e003Coalescence-Inoculumn-mGAM,1,514343,D10-e003Coalescence-mGAM-p7,101638
38,B4-e003Coalescence-Inoculumn-mGAM,2,1527645,D10-e003Coalescence-mGAM-p7,101638
39,A10-e003Coalescence-mGAM-p7,2,1119734,D10-e003Coalescence-mGAM-p7,101638
40,C4-e003Coalescence-Inoculumn-mGAM,0,1354072,D10-e003Coalescence-mGAM-p7,101638
41,B10-e003Assembly-mGAM-p3,0,526228,D10-e003Coalescence-mGAM-p7,101638
42,D10-e003Coalescence-mBHI-p7,5,560357,D10-e003Coalescence-mGAM-p7,101638
43,B10-e003GlycerolRevival-mGAM-p2,1,912883,D10-e003Coalescence-mGAM-p7,101638
44,C10-e003Coalescence-mGAM-p5,4,1544682,D10-e003Coalescence-mGAM-p7,101638
45,A3-e003Coalescence-mBHI-p3,3,444927,D10-e003Coalescence-mGAM-p7,101638
46,A4-e003Coalescence-mBHI-p3,6,1204293,D10-e003Coalescence-mGAM-p7,101638
47,C9-e003Coalescence-mGAM-p5,1,810866,D10-e003Coalescence-mGAM-p7,101638
48,C2-e003Coalescence-mGAM-p5,10,1502257,D10-e003Coalescence-mGAM-p7,101638
49,C8-e003Coalescence-mBHI-p5,19,1338159,D10-e003Coalescence-mGAM-p7,101638
50,B4-e003Coalescence-Inoculumn-mBHI,6,563867,D10-e003Coalescence-mGAM-p7,101638
51,C5-e003Coalescence-Inoculumn-mGAM,1,1530071,D10-e003Coalescence-mGAM-p7,101638
52,C4-e003Coalescence-mBHI-p5,10,881699,D10-e003Coalescence-mGAM-p7,101638
53,A4-e003Coalescence-Inoculumn-mGAM,9,1506279,D10-e003Coalescence-mGAM-p7,101638
54,C2-e003Coalescence-mBHI-p7,1,569461,D10-e003Coalescence-mGAM-p7,101638
55,C10-e003Coalescence-mGAM-p7,1,1547140,D10-e003Coalescence-mGAM-p7,101638
56,C10-e003Coalescence-mBHI-p3,12,1524472,D10-e003Coalescence-mGAM-p7,101638
57,H4-e003Coalescence-mGAM-p7_S183,10,991821,D10-e003Coalescence-mGAM-p7,101638
58,F5-e003Coalescence-mGAM-p5_S64,0,468781,D10-e003Coalescence-mGAM-p7,101638
59,F100-e003Coalescence-mGAM-p7_S163,4,1155108,D10-e003Coalescence-mGAM-p7,101638
60,E3-e003Coalescence-mGAM-p3_S58,10,516408,D10-e003Coalescence-mGAM-p7,101638
61,G4-e003Coalescence-mBHI-p5_S27,6,878137,D10-e003Coalescence-mGAM-p7,101638
62,G2-e003Coalescence-mBHI-p3_S33,10,1521290,D10-e003Coalescence-mGAM-p7,101638
63,G100-e003Coalescence-mGAM-p3_S179,3,1153539,D10-e003Coalescence-mGAM-p7,101638
64,G111-e003Coalescence-mBHI-p5_S32,9,1154220,D10-e003Coalescence-mGAM-p7,101638
65,E3-e003Coalescence-mBHI-p3_S10,9,711439,D10-e003Coalescence-mGAM-p7,101638
66,F2-e003Coalescence-mGAM-p7_S157,0,556375,D10-e003Coalescence-mGAM-p7,101638
67,E100-e003Coalescence-mGAM-p3_S155,14,1461251,D10-e003Coalescence-mGAM-p7,101638
68,E3-e003Coalescence-mGAM-p5_S50,9,1371172,D10-e003Coalescence-mGAM-p7,101638
69,H100-e003Coalescence-mBHI-p5_S43,5,925751,D10-e003Coalescence-mGAM-p7,101638
70,F2-e003Coalescence-mGAM-p5_S61,2,1281223,D10-e003Coalescence-mGAM-p7,101638
71,G100-e003Coalescence-mBHI-p5_S31,1,829979,D10-e003Coalescence-mGAM-p7,101638
72,G4-e003Coalescence-mBHI-p3_S35,4,474244,D10-e003Coalescence-mGAM-p7,101638
73,E4-e003Coalescence-mBHI-p5_S3,15,1426946,D10-e003Coalescence-mGAM-p7,101638
74,E4-e003Coalescence-mGAM-p5_S51,10,579225,D10-e003Coalescence-mGAM-p7,101638
75,G9-e003Coalescence-mGAM-p7_S174,2,622414,D10-e003Coalescence-mGAM-p7,101638
76,E8-e003Coalescence-mGAM-p3_S153,5,1489557,D10-e003Coalescence-mGAM-p7,101638
77,G100-e003Coalescence-mGAM-p7_S175,1,673821,D10-e003Coalescence-mGAM-p7,101638
78,G3-e003Coalescence-mBHI-p7_S122,9,531581,D10-e003Coalescence-mGAM-p7,101638
79,G4-e003Coalescence-mGAM-p5_S75,5,1533148,D10-e003Coalescence-mGAM-p7,101638
80,G8-e003Coalescence-mBHI-p3_S129,8,840340,D10-e003Coalescence-mGAM-p7,101638
81,G2-e003Coalescence-mGAM-p5_S73,10,1525280,D10-e003Coalescence-mGAM-p7,101638
82,E100-e003Coalescence-mGAM-p5_S55,12,1291155,D10-e003Coalescence-mGAM-p7,101638
83,G4-e003Coalescence-mGAM-p3_S83,5,1536688,D10-e003Coalescence-mGAM-p7,101638
84,F4-e003Coalescence-mBHI-p7_S111,1,477586,D10-e003Coalescence-mGAM-p7,101638
85,G4-e003Coalescence-mGAM-p7_S171,5,1471075,D10-e003Coalescence-mGAM-p7,101638
86,F100-e003Coalescence-mBHI-p7_S115,6,1350695,D10-e003Coalescence-mGAM-p7,101638
87,E3-e003Coalescence-mGAM-p7_S146,7,1297929,D10-e003Coalescence-mGAM-p7,101638
88,E3-e003Coalescence-mBHI-p5_S2,8,758841,D10-e003Coalescence-mGAM-p7,101638
89,G2-e003Coalescence-mBHI-p7_S121,8,1251923,D10-e003Coalescence-mGAM-p7,101638
90,F2-e003Coalescence-mBHI-p5_S13,11,1483168,D10-e003Coalescence-mGAM-p7,101638
91,F2-e003Coalescence-mGAM-p3_S69,2,1044013,D10-e003Coalescence-mGAM-p7,101638
92,G100-e003Coalescence-mGAM-p5_S79,0,1518875,D10-e003Coalescence-mGAM-p7,101638
93,E4-e003Coalescence-mGAM-p7_S147,3,1030477,D10-e003Coalescence-mGAM-p7,101638
94,E4-e003Coalescence-mGAM-p3_S59,10,1512400,D10-e003Coalescence-mGAM-p7,101638
95,H100-e003Coalescence-mBHI-p7_S139,9,1461470,D10-e003Coalescence-mGAM-p7,101638
96,G8-e003Coalescence-mBHI-p5_S29,14,757680,D10-e003Coalescence-mGAM-p7,101638
97,G2-e003Coalescence-mBHI-p5_S25,5,1534425,D10-e003Coalescence-mGAM-p7,101638
98,G8-e003Coalescence-mGAM-p7_S173,19,1390044,D10-e003Coalescence-mGAM-p7,101638
99,E4-e003Coalescence-mBHI-p3_S11,9,1489708,D10-e003Coalescence-mGAM-p7,101638
100,G9-e003Coalescence-mBHI-p5_S30,7,972978,D10-e003Coalescence-mGAM-p7,101638
101,E100-e003Coalescence-mGAM-p7_S151,16,1431882,D10-e003Coalescence-mGAM-p7,101638
102,G9-e003Coalescence-mGAM-p3_S178,4,1118807,D10-e003Coalescence-mGAM-p7,101638
103,G2-e003Coalescence-mGAM-p3_S81,11,1516772,D10-e003Coalescence-mGAM-p7,101638
104,G100-e003Coalescence-mBHI-p7_S127,6,560797,D10-e003Coalescence-mGAM-p7,101638
0,C9-e003Coalescence-mGAM-p3,5,712205,C11-e003Coalescence-mGAM-p3,101638
1,C11-e003Coalescence-mBHI-p3,1,455308,C11-e003Coalescence-mGAM-p3,101638
2,C9-e003Coalescence-mGAM-p7,4,500113,C11-e003Coalescence-mGAM-p3,101638
3,C8-e003Coalescence-mGAM-p7,25,1423925,C11-e003Coalescence-mGAM-p3,101638
4,D10-e003Coalescence-mBHI-p3,8,592022,C11-e003Coalescence-mGAM-p3,101638
5,B2-e003Coalescence-mBHI-p3,16,640269,C11-e003Coalescence-mGAM-p3,101638
6,A4-e003Coalescence-mBHI-p7,28,1046978,C11-e003Coalescence-mGAM-p3,101638
7,B3-e003Coalescence-mBHI-p3,9,851498,C11-e003Coalescence-mGAM-p3,101638
8,C2-e003Coalescence-mBHI-p5,29,1531728,C11-e003Coalescence-mGAM-p3,101638
9,C4-e003GlycerolRevival-mBHI-p2,4,655282,C11-e003Coalescence-mGAM-p3,101638
10,B2-e003Coalescence-mBHI-p5,38,1376755,C11-e003Coalescence-mGAM-p3,101638
11,C4-e003Coalescence-mGAM-p7,5,1491174,C11-e003Coalescence-mGAM-p3,101638
12,B10-e003Assembly-mGAM-p5,1,708824,C11-e003Coalescence-mGAM-p3,101638
13,C2-e003Coalescence-mGAM-p7,30,1544636,C11-e003Coalescence-mGAM-p3,101638
14,C9-e003Coalescence-mBHI-p5,6,843947,C11-e003Coalescence-mGAM-p3,101638
15,C2-e003Coalescence-mBHI-p3,36,1550808,C11-e003Coalescence-mGAM-p3,101638
16,C9-e003Coalescence-mBHI-p3,11,1477971,C11-e003Coalescence-mGAM-p3,101638
17,D10-e003Coalescence-mGAM-p5,4,895834,C11-e003Coalescence-mGAM-p3,101638
18,C2-e003Coalescence-mGAM-p3,28,1349817,C11-e003Coalescence-mGAM-p3,101638
19,B10-e003Coalescence-mBHI-p5,2,751178,C11-e003Coalescence-mGAM-p3,101638
20,C4-e003Coalescence-mGAM-p5,6,1406224,C11-e003Coalescence-mGAM-p3,101638
21,D5-e003Coalescence-mBHI-p5,31,1486364,C11-e003Coalescence-mGAM-p3,101638
22,D3-e003Assembly-mBHI-p3,7,768389,C11-e003Coalescence-mGAM-p3,101638
23,C4-e003Coalescence-mGAM-p3,4,1546978,C11-e003Coalescence-mGAM-p3,101638
24,D3-e003Assembly-mBHI-p5,7,1546651,C11-e003Coalescence-mGAM-p3,101638
25,A10-e003Coalescence-mGAM-p3,38,1530862,C11-e003Coalescence-mGAM-p3,101638
26,B2-e003Coalescence-mGAM-p3,23,442858,C11-e003Coalescence-mGAM-p3,101638
27,D3-e003Coalescence-mGAM-p5,1,515212,C11-e003Coalescence-mGAM-p3,101638
28,C10-e003Coalescence-mGAM-p3,3,1520946,C11-e003Coalescence-mGAM-p3,101638
29,C3-e003Coalescence-Inoculumn-mGAM,3,473234,C11-e003Coalescence-mGAM-p3,101638
30,D4-e003Coalescence-Inoculumn-mBHI,3,618720,C11-e003Coalescence-mGAM-p3,101638
31,A4-e003Coalescence-mBHI-p5,36,958917,C11-e003Coalescence-mGAM-p3,101638
32,D10-e003Coalescence-mGAM-p7,6,938266,C11-e003Coalescence-mGAM-p3,101638
33,C11-e003Coalescence-mGAM-p3,0,727674,C11-e003Coalescence-mGAM-p3,101638
34,C10-e003Coalescence-mBHI-p7,19,636171,C11-e003Coalescence-mGAM-p3,101638
35,B10-e003Coalescence-mBHI-p3,5,1064478,C11-e003Coalescence-mGAM-p3,101638
36,C11-e003Coalescence-mBHI-p5,9,1515011,C11-e003Coalescence-mGAM-p3,101638
37,C2-e003Coalescence-Inoculumn-mGAM,4,514343,C11-e003Coalescence-mGAM-p3,101638
38,B4-e003Coalescence-Inoculumn-mGAM,8,1527645,C11-e003Coalescence-mGAM-p3,101638
39,A10-e003Coalescence-mGAM-p7,7,1119734,C11-e003Coalescence-mGAM-p3,101638
40,C4-e003Coalescence-Inoculumn-mGAM,8,1354072,C11-e003Coalescence-mGAM-p3,101638
41,B10-e003Assembly-mGAM-p3,0,526228,C11-e003Coalescence-mGAM-p3,101638
42,D10-e003Coalescence-mBHI-p7,6,560357,C11-e003Coalescence-mGAM-p3,101638
43,B10-e003GlycerolRevival-mGAM-p2,2,912883,C11-e003Coalescence-mGAM-p3,101638
44,C10-e003Coalescence-mGAM-p5,8,1544682,C11-e003Coalescence-mGAM-p3,101638
45,A3-e003Coalescence-mBHI-p3,7,444927,C11-e003Coalescence-mGAM-p3,101638
46,A4-e003Coalescence-mBHI-p3,29,1204293,C11-e003Coalescence-mGAM-p3,101638
47,C9-e003Coalescence-mGAM-p5,8,810866,C11-e003Coalescence-mGAM-p3,101638
48,C2-e003Coalescence-mGAM-p5,32,1502257,C11-e003Coalescence-mGAM-p3,101638
49,C8-e003Coalescence-mBHI-p5,25,1338159,C11-e003Coalescence-mGAM-p3,101638
50,B4-e003Coalescence-Inoculumn-mBHI,5,563867,C11-e003Coalescence-mGAM-p3,101638
51,C5-e003Coalescence-Inoculumn-mGAM,6,1530071,C11-e003Coalescence-mGAM-p3,101638
52,C4-e003Coalescence-mBHI-p5,11,881699,C11-e003Coalescence-mGAM-p3,101638
53,A4-e003Coalescence-Inoculumn-mGAM,22,1506279,C11-e003Coalescence-mGAM-p3,101638
54,C2-e003Coalescence-mBHI-p7,0,569461,C11-e003Coalescence-mGAM-p3,101638
55,C10-e003Coalescence-mGAM-p7,5,1547140,C11-e003Coalescence-mGAM-p3,101638
56,C10-e003Coalescence-mBHI-p3,24,1524472,C11-e003Coalescence-mGAM-p3,101638
57,H4-e003Coalescence-mGAM-p7_S183,9,991821,C11-e003Coalescence-mGAM-p3,101638
58,F5-e003Coalescence-mGAM-p5_S64,4,468781,C11-e003Coalescence-mGAM-p3,101638
59,F100-e003Coalescence-mGAM-p7_S163,9,1155108,C11-e003Coalescence-mGAM-p3,101638
60,E3-e003Coalescence-mGAM-p3_S58,20,516408,C11-e003Coalescence-mGAM-p3,101638
61,G4-e003Coalescence-mBHI-p5_S27,7,878137,C11-e003Coalescence-mGAM-p3,101638
62,G2-e003Coalescence-mBHI-p3_S33,24,1521290,C11-e003Coalescence-mGAM-p3,101638
63,G100-e003Coalescence-mGAM-p3_S179,5,1153539,C11-e003Coalescence-mGAM-p3,101638
64,G111-e003Coalescence-mBHI-p5_S32,11,1154220,C11-e003Coalescence-mGAM-p3,101638
65,E3-e003Coalescence-mBHI-p3_S10,23,711439,C11-e003Coalescence-mGAM-p3,101638
66,F2-e003Coalescence-mGAM-p7_S157,4,556375,C11-e003Coalescence-mGAM-p3,101638
67,E100-e003Coalescence-mGAM-p3_S155,40,1461251,C11-e003Coalescence-mGAM-p3,101638
68,E3-e003Coalescence-mGAM-p5_S50,23,1371172,C11-e003Coalescence-mGAM-p3,101638
69,H100-e003Coalescence-mBHI-p5_S43,17,925751,C11-e003Coalescence-mGAM-p3,101638
70,F2-e003Coalescence-mGAM-p5_S61,2,1281223,C11-e003Coalescence-mGAM-p3,101638
71,G100-e003Coalescence-mBHI-p5_S31,7,829979,C11-e003Coalescence-mGAM-p3,101638
72,G4-e003Coalescence-mBHI-p3_S35,8,474244,C11-e003Coalescence-mGAM-p3,101638
73,E4-e003Coalescence-mBHI-p5_S3,39,1426946,C11-e003Coalescence-mGAM-p3,101638
74,E4-e003Coalescence-mGAM-p5_S51,26,579225,C11-e003Coalescence-mGAM-p3,101638
75,G9-e003Coalescence-mGAM-p7_S174,7,622414,C11-e003Coalescence-mGAM-p3,101638
76,E8-e003Coalescence-mGAM-p3_S153,15,1489557,C11-e003Coalescence-mGAM-p3,101638
77,G100-e003Coalescence-mGAM-p7_S175,6,673821,C11-e003Coalescence-mGAM-p3,101638
78,G3-e003Coalescence-mBHI-p7_S122,5,531581,C11-e003Coalescence-mGAM-p3,101638
79,G4-e003Coalescence-mGAM-p5_S75,6,1533148,C11-e003Coalescence-mGAM-p3,101638
80,G8-e003Coalescence-mBHI-p3_S129,19,840340,C11-e003Coalescence-mGAM-p3,101638
81,G2-e003Coalescence-mGAM-p5_S73,23,1525280,C11-e003Coalescence-mGAM-p3,101638
82,E100-e003Coalescence-mGAM-p5_S55,38,1291155,C11-e003Coalescence-mGAM-p3,101638
83,G4-e003Coalescence-mGAM-p3_S83,8,1536688,C11-e003Coalescence-mGAM-p3,101638
84,F4-e003Coalescence-mBHI-p7_S111,7,477586,C11-e003Coalescence-mGAM-p3,101638
85,G4-e003Coalescence-mGAM-p7_S171,6,1471075,C11-e003Coalescence-mGAM-p3,101638
86,F100-e003Coalescence-mBHI-p7_S115,12,1350695,C11-e003Coalescence-mGAM-p3,101638
87,E3-e003Coalescence-mGAM-p7_S146,14,1297929,C11-e003Coalescence-mGAM-p3,101638
88,E3-e003Coalescence-mBHI-p5_S2,22,758841,C11-e003Coalescence-mGAM-p3,101638
89,G2-e003Coalescence-mBHI-p7_S121,20,1251923,C11-e003Coalescence-mGAM-p3,101638
90,F2-e003Coalescence-mBHI-p5_S13,21,1483168,C11-e003Coalescence-mGAM-p3,101638
91,F2-e003Coalescence-mGAM-p3_S69,3,1044013,C11-e003Coalescence-mGAM-p3,101638
92,G100-e003Coalescence-mGAM-p5_S79,7,1518875,C11-e003Coalescence-mGAM-p3,101638
93,E4-e003Coalescence-mGAM-p7_S147,12,1030477,C11-e003Coalescence-mGAM-p3,101638
94,E4-e003Coalescence-mGAM-p3_S59,22,1512400,C11-e003Coalescence-mGAM-p3,101638
95,H100-e003Coalescence-mBHI-p7_S139,14,1461470,C11-e003Coalescence-mGAM-p3,101638
96,G8-e003Coalescence-mBHI-p5_S29,16,757680,C11-e003Coalescence-mGAM-p3,101638
97,G2-e003Coalescence-mBHI-p5_S25,9,1534425,C11-e003Coalescence-mGAM-p3,101638
98,G8-e003Coalescence-mGAM-p7_S173,31,1390044,C11-e003Coalescence-mGAM-p3,101638
99,E4-e003Coalescence-mBHI-p3_S11,28,1489708,C11-e003Coalescence-mGAM-p3,101638
100,G9-e003Coalescence-mBHI-p5_S30,5,972978,C11-e003Coalescence-mGAM-p3,101638
101,E100-e003Coalescence-mGAM-p7_S151,36,1431882,C11-e003Coalescence-mGAM-p3,101638
102,G9-e003Coalescence-mGAM-p3_S178,13,1118807,C11-e003Coalescence-mGAM-p3,101638
103,G2-e003Coalescence-mGAM-p3_S81,29,1516772,C11-e003Coalescence-mGAM-p3,101638
104,G100-e003Coalescence-mBHI-p7_S127,4,560797,C11-e003Coalescence-mGAM-p3,101638
0,C9-e003Coalescence-mGAM-p3,11,712205,C10-e003Coalescence-mBHI-p7,101638
1,C11-e003Coalescence-mBHI-p3,6,455308,C10-e003Coalescence-mBHI-p7,101638
2,C9-e003Coalescence-mGAM-p7,0,500113,C10-e003Coalescence-mBHI-p7,101638
3,C8-e003Coalescence-mGAM-p7,15,1423925,C10-e003Coalescence-mBHI-p7,101638
4,D10-e003Coalescence-mBHI-p3,11,592022,C10-e003Coalescence-mBHI-p7,101638
5,B2-e003Coalescence-mBHI-p3,15,640269,C10-e003Coalescence-mBHI-p7,101638
6,A4-e003Coalescence-mBHI-p7,7,1046978,C10-e003Coalescence-mBHI-p7,101638
7,B3-e003Coalescence-mBHI-p3,20,851498,C10-e003Coalescence-mBHI-p7,101638
8,C2-e003Coalescence-mBHI-p5,19,1531728,C10-e003Coalescence-mBHI-p7,101638
9,C4-e003GlycerolRevival-mBHI-p2,16,655282,C10-e003Coalescence-mBHI-p7,101638
10,B2-e003Coalescence-mBHI-p5,17,1376755,C10-e003Coalescence-mBHI-p7,101638
11,C4-e003Coalescence-mGAM-p7,18,1491174,C10-e003Coalescence-mBHI-p7,101638
12,B10-e003Assembly-mGAM-p5,3,708824,C10-e003Coalescence-mBHI-p7,101638
13,C2-e003Coalescence-mGAM-p7,21,1544636,C10-e003Coalescence-mBHI-p7,101638
14,C9-e003Coalescence-mBHI-p5,13,843947,C10-e003Coalescence-mBHI-p7,101638
15,C2-e003Coalescence-mBHI-p3,22,1550808,C10-e003Coalescence-mBHI-p7,101638
16,C9-e003Coalescence-mBHI-p3,22,1477971,C10-e003Coalescence-mBHI-p7,101638
17,D10-e003Coalescence-mGAM-p5,10,895834,C10-e003Coalescence-mBHI-p7,101638
18,C2-e003Coalescence-mGAM-p3,18,1349817,C10-e003Coalescence-mBHI-p7,101638
19,B10-e003Coalescence-mBHI-p5,17,751178,C10-e003Coalescence-mBHI-p7,101638
20,C4-e003Coalescence-mGAM-p5,16,1406224,C10-e003Coalescence-mBHI-p7,101638
21,D5-e003Coalescence-mBHI-p5,23,1486364,C10-e003Coalescence-mBHI-p7,101638
22,D3-e003Assembly-mBHI-p3,9,768389,C10-e003Coalescence-mBHI-p7,101638
23,C4-e003Coalescence-mGAM-p3,18,1546978,C10-e003Coalescence-mBHI-p7,101638
24,D3-e003Assembly-mBHI-p5,22,1546651,C10-e003Coalescence-mBHI-p7,101638
25,A10-e003Coalescence-mGAM-p3,23,1530862,C10-e003Coalescence-mBHI-p7,101638
26,B2-e003Coalescence-mGAM-p3,4,442858,C10-e003Coalescence-mBHI-p7,101638
27,D3-e003Coalescence-mGAM-p5,7,515212,C10-e003Coalescence-mBHI-p7,101638
28,C10-e003Coalescence-mGAM-p3,22,1520946,C10-e003Coalescence-mBHI-p7,101638
29,C3-e003Coalescence-Inoculumn-mGAM,14,473234,C10-e003Coalescence-mBHI-p7,101638
30,D4-e003Coalescence-Inoculumn-mBHI,14,618720,C10-e003Coalescence-mBHI-p7,101638
31,A4-e003Coalescence-mBHI-p5,19,958917,C10-e003Coalescence-mBHI-p7,101638
32,D10-e003Coalescence-mGAM-p7,14,938266,C10-e003Coalescence-mBHI-p7,101638
33,C11-e003Coalescence-mGAM-p3,23,727674,C10-e003Coalescence-mBHI-p7,101638
34,C10-e003Coalescence-mBHI-p7,0,636171,C10-e003Coalescence-mBHI-p7,101638
35,B10-e003Coalescence-mBHI-p3,11,1064478,C10-e003Coalescence-mBHI-p7,101638
36,C11-e003Coalescence-mBHI-p5,36,1515011,C10-e003Coalescence-mBHI-p7,101638
37,C2-e003Coalescence-Inoculumn-mGAM,6,514343,C10-e003Coalescence-mBHI-p7,101638
38,B4-e003Coalescence-Inoculumn-mGAM,18,1527645,C10-e003Coalescence-mBHI-p7,101638
39,A10-e003Coalescence-mGAM-p7,11,1119734,C10-e003Coalescence-mBHI-p7,101638
40,C4-e003Coalescence-Inoculumn-mGAM,15,1354072,C10-e003Coalescence-mBHI-p7,101638
41,B10-e003Assembly-mGAM-p3,2,526228,C10-e003Coalescence-mBHI-p7,101638
42,D10-e003Coalescence-mBHI-p7,11,560357,C10-e003Coalescence-mBHI-p7,101638
43,B10-e003GlycerolRevival-mGAM-p2,8,912883,C10-e003Coalescence-mBHI-p7,101638
44,C10-e003Coalescence-mGAM-p5,20,1544682,C10-e003Coalescence-mBHI-p7,101638
45,A3-e003Coalescence-mBHI-p3,5,444927,C10-e003Coalescence-mBHI-p7,101638
46,A4-e003Coalescence-mBHI-p3,13,1204293,C10-e003Coalescence-mBHI-p7,101638
47,C9-e003Coalescence-mGAM-p5,10,810866,C10-e003Coalescence-mBHI-p7,101638
48,C2-e003Coalescence-mGAM-p5,18,1502257,C10-e003Coalescence-mBHI-p7,101638
49,C8-e003Coalescence-mBHI-p5,17,1338159,C10-e003Coalescence-mBHI-p7,101638
50,B4-e003Coalescence-Inoculumn-mBHI,13,563867,C10-e003Coalescence-mBHI-p7,101638
51,C5-e003Coalescence-Inoculumn-mGAM,19,1530071,C10-e003Coalescence-mBHI-p7,101638
52,C4-e003Coalescence-mBHI-p5,13,881699,C10-e003Coalescence-mBHI-p7,101638
53,A4-e003Coalescence-Inoculumn-mGAM,21,1506279,C10-e003Coalescence-mBHI-p7,101638
54,C2-e003Coalescence-mBHI-p7,10,569461,C10-e003Coalescence-mBHI-p7,101638
55,C10-e003Coalescence-mGAM-p7,20,1547140,C10-e003Coalescence-mBHI-p7,101638
56,C10-e003Coalescence-mBHI-p3,21,1524472,C10-e003Coalescence-mBHI-p7,101638
57,H4-e003Coalescence-mGAM-p7_S183,25,991821,C10-e003Coalescence-mBHI-p7,101638
58,F5-e003Coalescence-mGAM-p5_S64,5,468781,C10-e003Coalescence-mBHI-p7,101638
59,F100-e003Coalescence-mGAM-p7_S163,21,1155108,C10-e003Coalescence-mBHI-p7,101638
60,E3-e003Coalescence-mGAM-p3_S58,13,516408,C10-e003Coalescence-mBHI-p7,101638
61,G4-e003Coalescence-mBHI-p5_S27,14,878137,C10-e003Coalescence-mBHI-p7,101638
62,G2-e003Coalescence-mBHI-p3_S33,20,1521290,C10-e003Coalescence-mBHI-p7,101638
63,G100-e003Coalescence-mGAM-p3_S179,19,1153539,C10-e003Coalescence-mBHI-p7,101638
64,G111-e003Coalescence-mBHI-p5_S32,43,1154220,C10-e003Coalescence-mBHI-p7,101638
65,E3-e003Coalescence-mBHI-p3_S10,23,711439,C10-e003Coalescence-mBHI-p7,101638
66,F2-e003Coalescence-mGAM-p7_S157,7,556375,C10-e003Coalescence-mBHI-p7,101638
67,E100-e003Coalescence-mGAM-p3_S155,30,1461251,C10-e003Coalescence-mBHI-p7,101638
68,E3-e003Coalescence-mGAM-p5_S50,21,1371172,C10-e003Coalescence-mBHI-p7,101638
69,H100-e003Coalescence-mBHI-p5_S43,26,925751,C10-e003Coalescence-mBHI-p7,101638
70,F2-e003Coalescence-mGAM-p5_S61,20,1281223,C10-e003Coalescence-mBHI-p7,101638
71,G100-e003Coalescence-mBHI-p5_S31,22,829979,C10-e003Coalescence-mBHI-p7,101638
72,G4-e003Coalescence-mBHI-p3_S35,22,474244,C10-e003Coalescence-mBHI-p7,101638
73,E4-e003Coalescence-mBHI-p5_S3,25,1426946,C10-e003Coalescence-mBHI-p7,101638
74,E4-e003Coalescence-mGAM-p5_S51,3,579225,C10-e003Coalescence-mBHI-p7,101638
75,G9-e003Coalescence-mGAM-p7_S174,19,622414,C10-e003Coalescence-mBHI-p7,101638
76,E8-e003Coalescence-mGAM-p3_S153,27,1489557,C10-e003Coalescence-mBHI-p7,101638
77,G100-e003Coalescence-mGAM-p7_S175,5,673821,C10-e003Coalescence-mBHI-p7,101638
78,G3-e003Coalescence-mBHI-p7_S122,20,531581,C10-e003Coalescence-mBHI-p7,101638
79,G4-e003Coalescence-mGAM-p5_S75,23,1533148,C10-e003Coalescence-mBHI-p7,101638
80,G8-e003Coalescence-mBHI-p3_S129,11,840340,C10-e003Coalescence-mBHI-p7,101638
81,G2-e003Coalescence-mGAM-p5_S73,24,1525280,C10-e003Coalescence-mBHI-p7,101638
82,E100-e003Coalescence-mGAM-p5_S55,21,1291155,C10-e003Coalescence-mBHI-p7,101638
83,G4-e003Coalescence-mGAM-p3_S83,24,1536688,C10-e003Coalescence-mBHI-p7,101638
84,F4-e003Coalescence-mBHI-p7_S111,11,477586,C10-e003Coalescence-mBHI-p7,101638
85,G4-e003Coalescence-mGAM-p7_S171,24,1471075,C10-e003Coalescence-mBHI-p7,101638
86,F100-e003Coalescence-mBHI-p7_S115,28,1350695,C10-e003Coalescence-mBHI-p7,101638
87,E3-e003Coalescence-mGAM-p7_S146,24,1297929,C10-e003Coalescence-mBHI-p7,101638
88,E3-e003Coalescence-mBHI-p5_S2,11,758841,C10-e003Coalescence-mBHI-p7,101638
89,G2-e003Coalescence-mBHI-p7_S121,18,1251923,C10-e003Coalescence-mBHI-p7,101638
90,F2-e003Coalescence-mBHI-p5_S13,24,1483168,C10-e003Coalescence-mBHI-p7,101638
91,F2-e003Coalescence-mGAM-p3_S69,7,1044013,C10-e003Coalescence-mBHI-p7,101638
92,G100-e003Coalescence-mGAM-p5_S79,21,1518875,C10-e003Coalescence-mBHI-p7,101638
93,E4-e003Coalescence-mGAM-p7_S147,16,1030477,C10-e003Coalescence-mBHI-p7,101638
94,E4-e003Coalescence-mGAM-p3_S59,25,1512400,C10-e003Coalescence-mBHI-p7,101638
95,H100-e003Coalescence-mBHI-p7_S139,36,1461470,C10-e003Coalescence-mBHI-p7,101638
96,G8-e003Coalescence-mBHI-p5_S29,12,757680,C10-e003Coalescence-mBHI-p7,101638
97,G2-e003Coalescence-mBHI-p5_S25,24,1534425,C10-e003Coalescence-mBHI-p7,101638
98,G8-e003Coalescence-mGAM-p7_S173,27,1390044,C10-e003Coalescence-mBHI-p7,101638
99,E4-e003Coalescence-mBHI-p3_S11,22,1489708,C10-e003Coalescence-mBHI-p7,101638
100,G9-e003Coalescence-mBHI-p5_S30,14,972978,C10-e003Coalescence-mBHI-p7,101638
101,E100-e003Coalescence-mGAM-p7_S151,27,1431882,C10-e003Coalescence-mBHI-p7,101638
102,G9-e003Coalescence-mGAM-p3_S178,24,1118807,C10-e003Coalescence-mBHI-p7,101638
103,G2-e003Coalescence-mGAM-p3_S81,24,1516772,C10-e003Coalescence-mBHI-p7,101638
104,G100-e003Coalescence-mBHI-p7_S127,11,560797,C10-e003Coalescence-mBHI-p7,101638
0,C9-e003Coalescence-mGAM-p3,0,712205,B10-e003Coalescence-mBHI-p3,101638
1,C11-e003Coalescence-mBHI-p3,2,455308,B10-e003Coalescence-mBHI-p3,101638
2,C9-e003Coalescence-mGAM-p7,0,500113,B10-e003Coalescence-mBHI-p3,101638
3,C8-e003Coalescence-mGAM-p7,18,1423925,B10-e003Coalescence-mBHI-p3,101638
4,D10-e003Coalescence-mBHI-p3,5,592022,B10-e003Coalescence-mBHI-p3,101638
5,B2-e003Coalescence-mBHI-p3,11,640269,B10-e003Coalescence-mBHI-p3,101638
6,A4-e003Coalescence-mBHI-p7,22,1046978,B10-e003Coalescence-mBHI-p3,101638
7,B3-e003Coalescence-mBHI-p3,9,851498,B10-e003Coalescence-mBHI-p3,101638
8,C2-e003Coalescence-mBHI-p5,24,1531728,B10-e003Coalescence-mBHI-p3,101638
9,C4-e003GlycerolRevival-mBHI-p2,0,655282,B10-e003Coalescence-mBHI-p3,101638
10,B2-e003Coalescence-mBHI-p5,22,1376755,B10-e003Coalescence-mBHI-p3,101638
11,C4-e003Coalescence-mGAM-p7,0,1491174,B10-e003Coalescence-mBHI-p3,101638
12,B10-e003Assembly-mGAM-p5,0,708824,B10-e003Coalescence-mBHI-p3,101638
13,C2-e003Coalescence-mGAM-p7,10,1544636,B10-e003Coalescence-mBHI-p3,101638
14,C9-e003Coalescence-mBHI-p5,0,843947,B10-e003Coalescence-mBHI-p3,101638
15,C2-e003Coalescence-mBHI-p3,24,1550808,B10-e003Coalescence-mBHI-p3,101638
16,C9-e003Coalescence-mBHI-p3,1,1477971,B10-e003Coalescence-mBHI-p3,101638
17,D10-e003Coalescence-mGAM-p5,2,895834,B10-e003Coalescence-mBHI-p3,101638
18,C2-e003Coalescence-mGAM-p3,20,1349817,B10-e003Coalescence-mBHI-p3,101638
19,B10-e003Coalescence-mBHI-p5,1,751178,B10-e003Coalescence-mBHI-p3,101638
20,C4-e003Coalescence-mGAM-p5,0,1406224,B10-e003Coalescence-mBHI-p3,101638
21,D5-e003Coalescence-mBHI-p5,25,1486364,B10-e003Coalescence-mBHI-p3,101638
22,D3-e003Assembly-mBHI-p3,4,768389,B10-e003Coalescence-mBHI-p3,101638
23,C4-e003Coalescence-mGAM-p3,0,1546978,B10-e003Coalescence-mBHI-p3,101638
24,D3-e003Assembly-mBHI-p5,5,1546651,B10-e003Coalescence-mBHI-p3,101638
25,A10-e003Coalescence-mGAM-p3,24,1530862,B10-e003Coalescence-mBHI-p3,101638
26,B2-e003Coalescence-mGAM-p3,13,442858,B10-e003Coalescence-mBHI-p3,101638
27,D3-e003Coalescence-mGAM-p5,3,515212,B10-e003Coalescence-mBHI-p3,101638
28,C10-e003Coalescence-mGAM-p3,0,1520946,B10-e003Coalescence-mBHI-p3,101638
29,C3-e003Coalescence-Inoculumn-mGAM,0,473234,B10-e003Coalescence-mBHI-p3,101638
30,D4-e003Coalescence-Inoculumn-mBHI,2,618720,B10-e003Coalescence-mBHI-p3,101638
31,A4-e003Coalescence-mBHI-p5,21,958917,B10-e003Coalescence-mBHI-p3,101638
32,D10-e003Coalescence-mGAM-p7,1,938266,B10-e003Coalescence-mBHI-p3,101638
33,C11-e003Coalescence-mGAM-p3,3,727674,B10-e003Coalescence-mBHI-p3,101638
34,C10-e003Coalescence-mBHI-p7,10,636171,B10-e003Coalescence-mBHI-p3,101638
35,B10-e003Coalescence-mBHI-p3,0,1064478,B10-e003Coalescence-mBHI-p3,101638
36,C11-e003Coalescence-mBHI-p5,5,1515011,B10-e003Coalescence-mBHI-p3,101638
37,C2-e003Coalescence-Inoculumn-mGAM,0,514343,B10-e003Coalescence-mBHI-p3,101638
38,B4-e003Coalescence-Inoculumn-mGAM,0,1527645,B10-e003Coalescence-mBHI-p3,101638
39,A10-e003Coalescence-mGAM-p7,6,1119734,B10-e003Coalescence-mBHI-p3,101638
40,C4-e003Coalescence-Inoculumn-mGAM,0,1354072,B10-e003Coalescence-mBHI-p3,101638
41,B10-e003Assembly-mGAM-p3,0,526228,B10-e003Coalescence-mBHI-p3,101638
42,D10-e003Coalescence-mBHI-p7,3,560357,B10-e003Coalescence-mBHI-p3,101638
43,B10-e003GlycerolRevival-mGAM-p2,0,912883,B10-e003Coalescence-mBHI-p3,101638
44,C10-e003Coalescence-mGAM-p5,0,1544682,B10-e003Coalescence-mBHI-p3,101638
45,A3-e003Coalescence-mBHI-p3,8,444927,B10-e003Coalescence-mBHI-p3,101638
46,A4-e003Coalescence-mBHI-p3,16,1204293,B10-e003Coalescence-mBHI-p3,101638
47,C9-e003Coalescence-mGAM-p5,0,810866,B10-e003Coalescence-mBHI-p3,101638
48,C2-e003Coalescence-mGAM-p5,24,1502257,B10-e003Coalescence-mBHI-p3,101638
49,C8-e003Coalescence-mBHI-p5,8,1338159,B10-e003Coalescence-mBHI-p3,101638
50,B4-e003Coalescence-Inoculumn-mBHI,2,563867,B10-e003Coalescence-mBHI-p3,101638
51,C5-e003Coalescence-Inoculumn-mGAM,1,1530071,B10-e003Coalescence-mBHI-p3,101638
52,C4-e003Coalescence-mBHI-p5,4,881699,B10-e003Coalescence-mBHI-p3,101638
53,A4-e003Coalescence-Inoculumn-mGAM,18,1506279,B10-e003Coalescence-mBHI-p3,101638
54,C2-e003Coalescence-mBHI-p7,0,569461,B10-e003Coalescence-mBHI-p3,101638
55,C10-e003Coalescence-mGAM-p7,0,1547140,B10-e003Coalescence-mBHI-p3,101638
56,C10-e003Coalescence-mBHI-p3,0,1524472,B10-e003Coalescence-mBHI-p3,101638
57,H4-e003Coalescence-mGAM-p7_S183,2,991821,B10-e003Coalescence-mBHI-p3,101638
58,F5-e003Coalescence-mGAM-p5_S64,0,468781,B10-e003Coalescence-mBHI-p3,101638
59,F100-e003Coalescence-mGAM-p7_S163,2,1155108,B10-e003Coalescence-mBHI-p3,101638
60,E3-e003Coalescence-mGAM-p3_S58,14,516408,B10-e003Coalescence-mBHI-p3,101638
61,G4-e003Coalescence-mBHI-p5_S27,4,878137,B10-e003Coalescence-mBHI-p3,101638
62,G2-e003Coalescence-mBHI-p3_S33,20,1521290,B10-e003Coalescence-mBHI-p3,101638
63,G100-e003Coalescence-mGAM-p3_S179,2,1153539,B10-e003Coalescence-mBHI-p3,101638
64,G111-e003Coalescence-mBHI-p5_S32,8,1154220,B10-e003Coalescence-mBHI-p3,101638
65,E3-e003Coalescence-mBHI-p3_S10,12,711439,B10-e003Coalescence-mBHI-p3,101638
66,F2-e003Coalescence-mGAM-p7_S157,2,556375,B10-e003Coalescence-mBHI-p3,101638
67,E100-e003Coalescence-mGAM-p3_S155,24,1461251,B10-e003Coalescence-mBHI-p3,101638
68,E3-e003Coalescence-mGAM-p5_S50,11,1371172,B10-e003Coalescence-mBHI-p3,101638
69,H100-e003Coalescence-mBHI-p5_S43,2,925751,B10-e003Coalescence-mBHI-p3,101638
70,F2-e003Coalescence-mGAM-p5_S61,2,1281223,B10-e003Coalescence-mBHI-p3,101638
71,G100-e003Coalescence-mBHI-p5_S31,0,829979,B10-e003Coalescence-mBHI-p3,101638
72,G4-e003Coalescence-mBHI-p3_S35,0,474244,B10-e003Coalescence-mBHI-p3,101638
73,E4-e003Coalescence-mBHI-p5_S3,28,1426946,B10-e003Coalescence-mBHI-p3,101638
74,E4-e003Coalescence-mGAM-p5_S51,20,579225,B10-e003Coalescence-mBHI-p3,101638
75,G9-e003Coalescence-mGAM-p7_S174,0,622414,B10-e003Coalescence-mBHI-p3,101638
76,E8-e003Coalescence-mGAM-p3_S153,4,1489557,B10-e003Coalescence-mBHI-p3,101638
77,G100-e003Coalescence-mGAM-p7_S175,3,673821,B10-e003Coalescence-mBHI-p3,101638
78,G3-e003Coalescence-mBHI-p7_S122,0,531581,B10-e003Coalescence-mBHI-p3,101638
79,G4-e003Coalescence-mGAM-p5_S75,4,1533148,B10-e003Coalescence-mBHI-p3,101638
80,G8-e003Coalescence-mBHI-p3_S129,1,840340,B10-e003Coalescence-mBHI-p3,101638
81,G2-e003Coalescence-mGAM-p5_S73,20,1525280,B10-e003Coalescence-mBHI-p3,101638
82,E100-e003Coalescence-mGAM-p5_S55,23,1291155,B10-e003Coalescence-mBHI-p3,101638
83,G4-e003Coalescence-mGAM-p3_S83,4,1536688,B10-e003Coalescence-mBHI-p3,101638
84,F4-e003Coalescence-mBHI-p7_S111,0,477586,B10-e003Coalescence-mBHI-p3,101638
85,G4-e003Coalescence-mGAM-p7_S171,2,1471075,B10-e003Coalescence-mBHI-p3,101638
86,F100-e003Coalescence-mBHI-p7_S115,4,1350695,B10-e003Coalescence-mBHI-p3,101638
87,E3-e003Coalescence-mGAM-p7_S146,3,1297929,B10-e003Coalescence-mBHI-p3,101638
88,E3-e003Coalescence-mBHI-p5_S2,17,758841,B10-e003Coalescence-mBHI-p3,101638
89,G2-e003Coalescence-mBHI-p7_S121,11,1251923,B10-e003Coalescence-mBHI-p3,101638
90,F2-e003Coalescence-mBHI-p5_S13,7,1483168,B10-e003Coalescence-mBHI-p3,101638
91,F2-e003Coalescence-mGAM-p3_S69,2,1044013,B10-e003Coalescence-mBHI-p3,101638
92,G100-e003Coalescence-mGAM-p5_S79,0,1518875,B10-e003Coalescence-mBHI-p3,101638
93,E4-e003Coalescence-mGAM-p7_S147,2,1030477,B10-e003Coalescence-mBHI-p3,101638
94,E4-e003Coalescence-mGAM-p3_S59,16,1512400,B10-e003Coalescence-mBHI-p3,101638
95,H100-e003Coalescence-mBHI-p7_S139,11,1461470,B10-e003Coalescence-mBHI-p3,101638
96,G8-e003Coalescence-mBHI-p5_S29,7,757680,B10-e003Coalescence-mBHI-p3,101638
97,G2-e003Coalescence-mBHI-p5_S25,6,1534425,B10-e003Coalescence-mBHI-p3,101638
98,G8-e003Coalescence-mGAM-p7_S173,18,1390044,B10-e003Coalescence-mBHI-p3,101638
99,E4-e003Coalescence-mBHI-p3_S11,21,1489708,B10-e003Coalescence-mBHI-p3,101638
100,G9-e003Coalescence-mBHI-p5_S30,4,972978,B10-e003Coalescence-mBHI-p3,101638
101,E100-e003Coalescence-mGAM-p7_S151,28,1431882,B10-e003Coalescence-mBHI-p3,101638
102,G9-e003Coalescence-mGAM-p3_S178,5,1118807,B10-e003Coalescence-mBHI-p3,101638
103,G2-e003Coalescence-mGAM-p3_S81,23,1516772,B10-e003Coalescence-mBHI-p3,101638
104,G100-e003Coalescence-mBHI-p7_S127,2,560797,B10-e003Coalescence-mBHI-p3,101638
0,C9-e003Coalescence-mGAM-p3,2,712205,C11-e003Coalescence-mBHI-p5,101638
1,C11-e003Coalescence-mBHI-p3,0,455308,C11-e003Coalescence-mBHI-p5,101638
2,C9-e003Coalescence-mGAM-p7,4,500113,C11-e003Coalescence-mBHI-p5,101638
3,C8-e003Coalescence-mGAM-p7,14,1423925,C11-e003Coalescence-mBHI-p5,101638
4,D10-e003Coalescence-mBHI-p3,4,592022,C11-e003Coalescence-mBHI-p5,101638
5,B2-e003Coalescence-mBHI-p3,4,640269,C11-e003Coalescence-mBHI-p5,101638
6,A4-e003Coalescence-mBHI-p7,12,1046978,C11-e003Coalescence-mBHI-p5,101638
7,B3-e003Coalescence-mBHI-p3,16,851498,C11-e003Coalescence-mBHI-p5,101638
8,C2-e003Coalescence-mBHI-p5,13,1531728,C11-e003Coalescence-mBHI-p5,101638
9,C4-e003GlycerolRevival-mBHI-p2,3,655282,C11-e003Coalescence-mBHI-p5,101638
10,B2-e003Coalescence-mBHI-p5,21,1376755,C11-e003Coalescence-mBHI-p5,101638
11,C4-e003Coalescence-mGAM-p7,0,1491174,C11-e003Coalescence-mBHI-p5,101638
12,B10-e003Assembly-mGAM-p5,1,708824,C11-e003Coalescence-mBHI-p5,101638
13,C2-e003Coalescence-mGAM-p7,5,1544636,C11-e003Coalescence-mBHI-p5,101638
14,C9-e003Coalescence-mBHI-p5,2,843947,C11-e003Coalescence-mBHI-p5,101638
15,C2-e003Coalescence-mBHI-p3,10,1550808,C11-e003Coalescence-mBHI-p5,101638
16,C9-e003Coalescence-mBHI-p3,9,1477971,C11-e003Coalescence-mBHI-p5,101638
17,D10-e003Coalescence-mGAM-p5,6,895834,C11-e003Coalescence-mBHI-p5,101638
18,C2-e003Coalescence-mGAM-p3,14,1349817,C11-e003Coalescence-mBHI-p5,101638
19,B10-e003Coalescence-mBHI-p5,4,751178,C11-e003Coalescence-mBHI-p5,101638
20,C4-e003Coalescence-mGAM-p5,3,1406224,C11-e003Coalescence-mBHI-p5,101638
21,D5-e003Coalescence-mBHI-p5,20,1486364,C11-e003Coalescence-mBHI-p5,101638
22,D3-e003Assembly-mBHI-p3,9,768389,C11-e003Coalescence-mBHI-p5,101638
23,C4-e003Coalescence-mGAM-p3,0,1546978,C11-e003Coalescence-mBHI-p5,101638
24,D3-e003Assembly-mBHI-p5,14,1546651,C11-e003Coalescence-mBHI-p5,101638
25,A10-e003Coalescence-mGAM-p3,13,1530862,C11-e003Coalescence-mBHI-p5,101638
26,B2-e003Coalescence-mGAM-p3,12,442858,C11-e003Coalescence-mBHI-p5,101638
27,D3-e003Coalescence-mGAM-p5,1,515212,C11-e003Coalescence-mBHI-p5,101638
28,C10-e003Coalescence-mGAM-p3,4,1520946,C11-e003Coalescence-mBHI-p5,101638
29,C3-e003Coalescence-Inoculumn-mGAM,4,473234,C11-e003Coalescence-mBHI-p5,101638
30,D4-e003Coalescence-Inoculumn-mBHI,3,618720,C11-e003Coalescence-mBHI-p5,101638
31,A4-e003Coalescence-mBHI-p5,12,958917,C11-e003Coalescence-mBHI-p5,101638
32,D10-e003Coalescence-mGAM-p7,6,938266,C11-e003Coalescence-mBHI-p5,101638
33,C11-e003Coalescence-mGAM-p3,3,727674,C11-e003Coalescence-mBHI-p5,101638
34,C10-e003Coalescence-mBHI-p7,19,636171,C11-e003Coalescence-mBHI-p5,101638
35,B10-e003Coalescence-mBHI-p3,5,1064478,C11-e003Coalescence-mBHI-p5,101638
36,C11-e003Coalescence-mBHI-p5,0,1515011,C11-e003Coalescence-mBHI-p5,101638
37,C2-e003Coalescence-Inoculumn-mGAM,0,514343,C11-e003Coalescence-mBHI-p5,101638
38,B4-e003Coalescence-Inoculumn-mGAM,5,1527645,C11-e003Coalescence-mBHI-p5,101638
39,A10-e003Coalescence-mGAM-p7,4,1119734,C11-e003Coalescence-mBHI-p5,101638
40,C4-e003Coalescence-Inoculumn-mGAM,0,1354072,C11-e003Coalescence-mBHI-p5,101638
41,B10-e003Assembly-mGAM-p3,1,526228,C11-e003Coalescence-mBHI-p5,101638
42,D10-e003Coalescence-mBHI-p7,2,560357,C11-e003Coalescence-mBHI-p5,101638
43,B10-e003GlycerolRevival-mGAM-p2,3,912883,C11-e003Coalescence-mBHI-p5,101638
44,C10-e003Coalescence-mGAM-p5,8,1544682,C11-e003Coalescence-mBHI-p5,101638
45,A3-e003Coalescence-mBHI-p3,3,444927,C11-e003Coalescence-mBHI-p5,101638
46,A4-e003Coalescence-mBHI-p3,9,1204293,C11-e003Coalescence-mBHI-p5,101638
47,C9-e003Coalescence-mGAM-p5,5,810866,C11-e003Coalescence-mBHI-p5,101638
48,C2-e003Coalescence-mGAM-p5,10,1502257,C11-e003Coalescence-mBHI-p5,101638
49,C8-e003Coalescence-mBHI-p5,27,1338159,C11-e003Coalescence-mBHI-p5,101638
50,B4-e003Coalescence-Inoculumn-mBHI,5,563867,C11-e003Coalescence-mBHI-p5,101638
51,C5-e003Coalescence-Inoculumn-mGAM,4,1530071,C11-e003Coalescence-mBHI-p5,101638
52,C4-e003Coalescence-mBHI-p5,15,881699,C11-e003Coalescence-mBHI-p5,101638
53,A4-e003Coalescence-Inoculumn-mGAM,11,1506279,C11-e003Coalescence-mBHI-p5,101638
54,C2-e003Coalescence-mBHI-p7,1,569461,C11-e003Coalescence-mBHI-p5,101638
55,C10-e003Coalescence-mGAM-p7,3,1547140,C11-e003Coalescence-mBHI-p5,101638
56,C10-e003Coalescence-mBHI-p3,20,1524472,C11-e003Coalescence-mBHI-p5,101638
57,H4-e003Coalescence-mGAM-p7_S183,16,991821,C11-e003Coalescence-mBHI-p5,101638
58,F5-e003Coalescence-mGAM-p5_S64,3,468781,C11-e003Coalescence-mBHI-p5,101638
59,F100-e003Coalescence-mGAM-p7_S163,8,1155108,C11-e003Coalescence-mBHI-p5,101638
60,E3-e003Coalescence-mGAM-p3_S58,11,516408,C11-e003Coalescence-mBHI-p5,101638
61,G4-e003Coalescence-mBHI-p5_S27,2,878137,C11-e003Coalescence-mBHI-p5,101638
62,G2-e003Coalescence-mBHI-p3_S33,13,1521290,C11-e003Coalescence-mBHI-p5,101638
63,G100-e003Coalescence-mGAM-p3_S179,5,1153539,C11-e003Coalescence-mBHI-p5,101638
64,G111-e003Coalescence-mBHI-p5_S32,8,1154220,C11-e003Coalescence-mBHI-p5,101638
65,E3-e003Coalescence-mBHI-p3_S10,10,711439,C11-e003Coalescence-mBHI-p5,101638
66,F2-e003Coalescence-mGAM-p7_S157,2,556375,C11-e003Coalescence-mBHI-p5,101638
67,E100-e003Coalescence-mGAM-p3_S155,15,1461251,C11-e003Coalescence-mBHI-p5,101638
68,E3-e003Coalescence-mGAM-p5_S50,12,1371172,C11-e003Coalescence-mBHI-p5,101638
69,H100-e003Coalescence-mBHI-p5_S43,12,925751,C11-e003Coalescence-mBHI-p5,101638
70,F2-e003Coalescence-mGAM-p5_S61,3,1281223,C11-e003Coalescence-mBHI-p5,101638
71,G100-e003Coalescence-mBHI-p5_S31,2,829979,C11-e003Coalescence-mBHI-p5,101638
72,G4-e003Coalescence-mBHI-p3_S35,3,474244,C11-e003Coalescence-mBHI-p5,101638
73,E4-e003Coalescence-mBHI-p5_S3,19,1426946,C11-e003Coalescence-mBHI-p5,101638
74,E4-e003Coalescence-mGAM-p5_S51,6,579225,C11-e003Coalescence-mBHI-p5,101638
75,G9-e003Coalescence-mGAM-p7_S174,3,622414,C11-e003Coalescence-mBHI-p5,101638
76,E8-e003Coalescence-mGAM-p3_S153,11,1489557,C11-e003Coalescence-mBHI-p5,101638
77,G100-e003Coalescence-mGAM-p7_S175,5,673821,C11-e003Coalescence-mBHI-p5,101638
78,G3-e003Coalescence-mBHI-p7_S122,5,531581,C11-e003Coalescence-mBHI-p5,101638
79,G4-e003Coalescence-mGAM-p5_S75,6,1533148,C11-e003Coalescence-mBHI-p5,101638
80,G8-e003Coalescence-mBHI-p3_S129,10,840340,C11-e003Coalescence-mBHI-p5,101638
81,G2-e003Coalescence-mGAM-p5_S73,17,1525280,C11-e003Coalescence-mBHI-p5,101638
82,E100-e003Coalescence-mGAM-p5_S55,12,1291155,C11-e003Coalescence-mBHI-p5,101638
83,G4-e003Coalescence-mGAM-p3_S83,6,1536688,C11-e003Coalescence-mBHI-p5,101638
84,F4-e003Coalescence-mBHI-p7_S111,3,477586,C11-e003Coalescence-mBHI-p5,101638
85,G4-e003Coalescence-mGAM-p7_S171,4,1471075,C11-e003Coalescence-mBHI-p5,101638
86,F100-e003Coalescence-mBHI-p7_S115,9,1350695,C11-e003Coalescence-mBHI-p5,101638
87,E3-e003Coalescence-mGAM-p7_S146,11,1297929,C11-e003Coalescence-mBHI-p5,101638
88,E3-e003Coalescence-mBHI-p5_S2,12,758841,C11-e003Coalescence-mBHI-p5,101638
89,G2-e003Coalescence-mBHI-p7_S121,12,1251923,C11-e003Coalescence-mBHI-p5,101638
90,F2-e003Coalescence-mBHI-p5_S13,9,1483168,C11-e003Coalescence-mBHI-p5,101638
91,F2-e003Coalescence-mGAM-p3_S69,3,1044013,C11-e003Coalescence-mBHI-p5,101638
92,G100-e003Coalescence-mGAM-p5_S79,7,1518875,C11-e003Coalescence-mBHI-p5,101638
93,E4-e003Coalescence-mGAM-p7_S147,2,1030477,C11-e003Coalescence-mBHI-p5,101638
94,E4-e003Coalescence-mGAM-p3_S59,15,1512400,C11-e003Coalescence-mBHI-p5,101638
95,H100-e003Coalescence-mBHI-p7_S139,8,1461470,C11-e003Coalescence-mBHI-p5,101638
96,G8-e003Coalescence-mBHI-p5_S29,18,757680,C11-e003Coalescence-mBHI-p5,101638
97,G2-e003Coalescence-mBHI-p5_S25,9,1534425,C11-e003Coalescence-mBHI-p5,101638
98,G8-e003Coalescence-mGAM-p7_S173,23,1390044,C11-e003Coalescence-mBHI-p5,101638
99,E4-e003Coalescence-mBHI-p3_S11,16,1489708,C11-e003Coalescence-mBHI-p5,101638
100,G9-e003Coalescence-mBHI-p5_S30,7,972978,C11-e003Coalescence-mBHI-p5,101638
101,E100-e003Coalescence-mGAM-p7_S151,20,1431882,C11-e003Coalescence-mBHI-p5,101638
102,G9-e003Coalescence-mGAM-p3_S178,12,1118807,C11-e003Coalescence-mBHI-p5,101638
103,G2-e003Coalescence-mGAM-p3_S81,11,1516772,C11-e003Coalescence-mBHI-p5,101638
104,G100-e003Coalescence-mBHI-p7_S127,6,560797,C11-e003Coalescence-mBHI-p5,101638
0,C9-e003Coalescence-mGAM-p3,1,712205,C2-e003Coalescence-Inoculumn-mGAM,101638
1,C11-e003Coalescence-mBHI-p3,0,455308,C2-e003Coalescence-Inoculumn-mGAM,101638
2,C9-e003Coalescence-mGAM-p7,0,500113,C2-e003Coalescence-Inoculumn-mGAM,101638
3,C8-e003Coalescence-mGAM-p7,0,1423925,C2-e003Coalescence-Inoculumn-mGAM,101638
4,D10-e003Coalescence-mBHI-p3,0,592022,C2-e003Coalescence-Inoculumn-mGAM,101638
5,B2-e003Coalescence-mBHI-p3,2,640269,C2-e003Coalescence-Inoculumn-mGAM,101638
6,A4-e003Coalescence-mBHI-p7,0,1046978,C2-e003Coalescence-Inoculumn-mGAM,101638
7,B3-e003Coalescence-mBHI-p3,1,851498,C2-e003Coalescence-Inoculumn-mGAM,101638
8,C2-e003Coalescence-mBHI-p5,0,1531728,C2-e003Coalescence-Inoculumn-mGAM,101638
9,C4-e003GlycerolRevival-mBHI-p2,1,655282,C2-e003Coalescence-Inoculumn-mGAM,101638
10,B2-e003Coalescence-mBHI-p5,4,1376755,C2-e003Coalescence-Inoculumn-mGAM,101638
11,C4-e003Coalescence-mGAM-p7,0,1491174,C2-e003Coalescence-Inoculumn-mGAM,101638
12,B10-e003Assembly-mGAM-p5,0,708824,C2-e003Coalescence-Inoculumn-mGAM,101638
13,C2-e003Coalescence-mGAM-p7,0,1544636,C2-e003Coalescence-Inoculumn-mGAM,101638
14,C9-e003Coalescence-mBHI-p5,0,843947,C2-e003Coalescence-Inoculumn-mGAM,101638
15,C2-e003Coalescence-mBHI-p3,1,1550808,C2-e003Coalescence-Inoculumn-mGAM,101638
16,C9-e003Coalescence-mBHI-p3,1,1477971,C2-e003Coalescence-Inoculumn-mGAM,101638
17,D10-e003Coalescence-mGAM-p5,0,895834,C2-e003Coalescence-Inoculumn-mGAM,101638
18,C2-e003Coalescence-mGAM-p3,0,1349817,C2-e003Coalescence-Inoculumn-mGAM,101638
19,B10-e003Coalescence-mBHI-p5,1,751178,C2-e003Coalescence-Inoculumn-mGAM,101638
20,C4-e003Coalescence-mGAM-p5,0,1406224,C2-e003Coalescence-Inoculumn-mGAM,101638
21,D5-e003Coalescence-mBHI-p5,0,1486364,C2-e003Coalescence-Inoculumn-mGAM,101638
22,D3-e003Assembly-mBHI-p3,0,768389,C2-e003Coalescence-Inoculumn-mGAM,101638
23,C4-e003Coalescence-mGAM-p3,0,1546978,C2-e003Coalescence-Inoculumn-mGAM,101638
24,D3-e003Assembly-mBHI-p5,0,1546651,C2-e003Coalescence-Inoculumn-mGAM,101638
25,A10-e003Coalescence-mGAM-p3,0,1530862,C2-e003Coalescence-Inoculumn-mGAM,101638
26,B2-e003Coalescence-mGAM-p3,0,442858,C2-e003Coalescence-Inoculumn-mGAM,101638
27,D3-e003Coalescence-mGAM-p5,1,515212,C2-e003Coalescence-Inoculumn-mGAM,101638
28,C10-e003Coalescence-mGAM-p3,0,1520946,C2-e003Coalescence-Inoculumn-mGAM,101638
29,C3-e003Coalescence-Inoculumn-mGAM,0,473234,C2-e003Coalescence-Inoculumn-mGAM,101638
30,D4-e003Coalescence-Inoculumn-mBHI,1,618720,C2-e003Coalescence-Inoculumn-mGAM,101638
31,A4-e003Coalescence-mBHI-p5,0,958917,C2-e003Coalescence-Inoculumn-mGAM,101638
32,D10-e003Coalescence-mGAM-p7,1,938266,C2-e003Coalescence-Inoculumn-mGAM,101638
33,C11-e003Coalescence-mGAM-p3,0,727674,C2-e003Coalescence-Inoculumn-mGAM,101638
34,C10-e003Coalescence-mBHI-p7,5,636171,C2-e003Coalescence-Inoculumn-mGAM,101638
35,B10-e003Coalescence-mBHI-p3,0,1064478,C2-e003Coalescence-Inoculumn-mGAM,101638
36,C11-e003Coalescence-mBHI-p5,0,1515011,C2-e003Coalescence-Inoculumn-mGAM,101638
37,C2-e003Coalescence-Inoculumn-mGAM,0,514343,C2-e003Coalescence-Inoculumn-mGAM,101638
38,B4-e003Coalescence-Inoculumn-mGAM,0,1527645,C2-e003Coalescence-Inoculumn-mGAM,101638
39,A10-e003Coalescence-mGAM-p7,0,1119734,C2-e003Coalescence-Inoculumn-mGAM,101638
40,C4-e003Coalescence-Inoculumn-mGAM,0,1354072,C2-e003Coalescence-Inoculumn-mGAM,101638
41,B10-e003Assembly-mGAM-p3,0,526228,C2-e003Coalescence-Inoculumn-mGAM,101638
42,D10-e003Coalescence-mBHI-p7,3,560357,C2-e003Coalescence-Inoculumn-mGAM,101638
43,B10-e003GlycerolRevival-mGAM-p2,0,912883,C2-e003Coalescence-Inoculumn-mGAM,101638
44,C10-e003Coalescence-mGAM-p5,2,1544682,C2-e003Coalescence-Inoculumn-mGAM,101638
45,A3-e003Coalescence-mBHI-p3,1,444927,C2-e003Coalescence-Inoculumn-mGAM,101638
46,A4-e003Coalescence-mBHI-p3,0,1204293,C2-e003Coalescence-Inoculumn-mGAM,101638
47,C9-e003Coalescence-mGAM-p5,0,810866,C2-e003Coalescence-Inoculumn-mGAM,101638
48,C2-e003Coalescence-mGAM-p5,0,1502257,C2-e003Coalescence-Inoculumn-mGAM,101638
49,C8-e003Coalescence-mBHI-p5,4,1338159,C2-e003Coalescence-Inoculumn-mGAM,101638
50,B4-e003Coalescence-Inoculumn-mBHI,3,563867,C2-e003Coalescence-Inoculumn-mGAM,101638
51,C5-e003Coalescence-Inoculumn-mGAM,0,1530071,C2-e003Coalescence-Inoculumn-mGAM,101638
52,C4-e003Coalescence-mBHI-p5,2,881699,C2-e003Coalescence-Inoculumn-mGAM,101638
53,A4-e003Coalescence-Inoculumn-mGAM,0,1506279,C2-e003Coalescence-Inoculumn-mGAM,101638
54,C2-e003Coalescence-mBHI-p7,0,569461,C2-e003Coalescence-Inoculumn-mGAM,101638
55,C10-e003Coalescence-mGAM-p7,0,1547140,C2-e003Coalescence-Inoculumn-mGAM,101638
56,C10-e003Coalescence-mBHI-p3,1,1524472,C2-e003Coalescence-Inoculumn-mGAM,101638
57,H4-e003Coalescence-mGAM-p7_S183,3,991821,C2-e003Coalescence-Inoculumn-mGAM,101638
58,F5-e003Coalescence-mGAM-p5_S64,3,468781,C2-e003Coalescence-Inoculumn-mGAM,101638
59,F100-e003Coalescence-mGAM-p7_S163,2,1155108,C2-e003Coalescence-Inoculumn-mGAM,101638
60,E3-e003Coalescence-mGAM-p3_S58,1,516408,C2-e003Coalescence-Inoculumn-mGAM,101638
61,G4-e003Coalescence-mBHI-p5_S27,1,878137,C2-e003Coalescence-Inoculumn-mGAM,101638
62,G2-e003Coalescence-mBHI-p3_S33,2,1521290,C2-e003Coalescence-Inoculumn-mGAM,101638
63,G100-e003Coalescence-mGAM-p3_S179,0,1153539,C2-e003Coalescence-Inoculumn-mGAM,101638
64,G111-e003Coalescence-mBHI-p5_S32,2,1154220,C2-e003Coalescence-Inoculumn-mGAM,101638
65,E3-e003Coalescence-mBHI-p3_S10,0,711439,C2-e003Coalescence-Inoculumn-mGAM,101638
66,F2-e003Coalescence-mGAM-p7_S157,0,556375,C2-e003Coalescence-Inoculumn-mGAM,101638
67,E100-e003Coalescence-mGAM-p3_S155,0,1461251,C2-e003Coalescence-Inoculumn-mGAM,101638
68,E3-e003Coalescence-mGAM-p5_S50,2,1371172,C2-e003Coalescence-Inoculumn-mGAM,101638
69,H100-e003Coalescence-mBHI-p5_S43,2,925751,C2-e003Coalescence-Inoculumn-mGAM,101638
70,F2-e003Coalescence-mGAM-p5_S61,0,1281223,C2-e003Coalescence-Inoculumn-mGAM,101638
71,G100-e003Coalescence-mBHI-p5_S31,0,829979,C2-e003Coalescence-Inoculumn-mGAM,101638
72,G4-e003Coalescence-mBHI-p3_S35,2,474244,C2-e003Coalescence-Inoculumn-mGAM,101638
73,E4-e003Coalescence-mBHI-p5_S3,2,1426946,C2-e003Coalescence-Inoculumn-mGAM,101638
74,E4-e003Coalescence-mGAM-p5_S51,0,579225,C2-e003Coalescence-Inoculumn-mGAM,101638
75,G9-e003Coalescence-mGAM-p7_S174,0,622414,C2-e003Coalescence-Inoculumn-mGAM,101638
76,E8-e003Coalescence-mGAM-p3_S153,2,1489557,C2-e003Coalescence-Inoculumn-mGAM,101638
77,G100-e003Coalescence-mGAM-p7_S175,2,673821,C2-e003Coalescence-Inoculumn-mGAM,101638
78,G3-e003Coalescence-mBHI-p7_S122,2,531581,C2-e003Coalescence-Inoculumn-mGAM,101638
79,G4-e003Coalescence-mGAM-p5_S75,0,1533148,C2-e003Coalescence-Inoculumn-mGAM,101638
80,G8-e003Coalescence-mBHI-p3_S129,2,840340,C2-e003Coalescence-Inoculumn-mGAM,101638
81,G2-e003Coalescence-mGAM-p5_S73,2,1525280,C2-e003Coalescence-Inoculumn-mGAM,101638
82,E100-e003Coalescence-mGAM-p5_S55,2,1291155,C2-e003Coalescence-Inoculumn-mGAM,101638
83,G4-e003Coalescence-mGAM-p3_S83,2,1536688,C2-e003Coalescence-Inoculumn-mGAM,101638
84,F4-e003Coalescence-mBHI-p7_S111,0,477586,C2-e003Coalescence-Inoculumn-mGAM,101638
85,G4-e003Coalescence-mGAM-p7_S171,2,1471075,C2-e003Coalescence-Inoculumn-mGAM,101638
86,F100-e003Coalescence-mBHI-p7_S115,0,1350695,C2-e003Coalescence-Inoculumn-mGAM,101638
87,E3-e003Coalescence-mGAM-p7_S146,3,1297929,C2-e003Coalescence-Inoculumn-mGAM,101638
88,E3-e003Coalescence-mBHI-p5_S2,2,758841,C2-e003Coalescence-Inoculumn-mGAM,101638
89,G2-e003Coalescence-mBHI-p7_S121,2,1251923,C2-e003Coalescence-Inoculumn-mGAM,101638
90,F2-e003Coalescence-mBHI-p5_S13,2,1483168,C2-e003Coalescence-Inoculumn-mGAM,101638
91,F2-e003Coalescence-mGAM-p3_S69,0,1044013,C2-e003Coalescence-Inoculumn-mGAM,101638
92,G100-e003Coalescence-mGAM-p5_S79,2,1518875,C2-e003Coalescence-Inoculumn-mGAM,101638
93,E4-e003Coalescence-mGAM-p7_S147,0,1030477,C2-e003Coalescence-Inoculumn-mGAM,101638
94,E4-e003Coalescence-mGAM-p3_S59,2,1512400,C2-e003Coalescence-Inoculumn-mGAM,101638
95,H100-e003Coalescence-mBHI-p7_S139,2,1461470,C2-e003Coalescence-Inoculumn-mGAM,101638
96,G8-e003Coalescence-mBHI-p5_S29,2,757680,C2-e003Coalescence-Inoculumn-mGAM,101638
97,G2-e003Coalescence-mBHI-p5_S25,2,1534425,C2-e003Coalescence-Inoculumn-mGAM,101638
98,G8-e003Coalescence-mGAM-p7_S173,5,1390044,C2-e003Coalescence-Inoculumn-mGAM,101638
99,E4-e003Coalescence-mBHI-p3_S11,2,1489708,C2-e003Coalescence-Inoculumn-mGAM,101638
100,G9-e003Coalescence-mBHI-p5_S30,2,972978,C2-e003Coalescence-Inoculumn-mGAM,101638
101,E100-e003Coalescence-mGAM-p7_S151,2,1431882,C2-e003Coalescence-Inoculumn-mGAM,101638
102,G9-e003Coalescence-mGAM-p3_S178,2,1118807,C2-e003Coalescence-Inoculumn-mGAM,101638
103,G2-e003Coalescence-mGAM-p3_S81,4,1516772,C2-e003Coalescence-Inoculumn-mGAM,101638
104,G100-e003Coalescence-mBHI-p7_S127,0,560797,C2-e003Coalescence-Inoculumn-mGAM,101638
0,C9-e003Coalescence-mGAM-p3,1,712205,B4-e003Coalescence-Inoculumn-mGAM,101638
1,C11-e003Coalescence-mBHI-p3,4,455308,B4-e003Coalescence-Inoculumn-mGAM,101638
2,C9-e003Coalescence-mGAM-p7,1,500113,B4-e003Coalescence-Inoculumn-mGAM,101638
3,C8-e003Coalescence-mGAM-p7,35,1423925,B4-e003Coalescence-Inoculumn-mGAM,101638
4,D10-e003Coalescence-mBHI-p3,8,592022,B4-e003Coalescence-Inoculumn-mGAM,101638
5,B2-e003Coalescence-mBHI-p3,15,640269,B4-e003Coalescence-Inoculumn-mGAM,101638
6,A4-e003Coalescence-mBHI-p7,37,1046978,B4-e003Coalescence-Inoculumn-mGAM,101638
7,B3-e003Coalescence-mBHI-p3,28,851498,B4-e003Coalescence-Inoculumn-mGAM,101638
8,C2-e003Coalescence-mBHI-p5,34,1531728,B4-e003Coalescence-Inoculumn-mGAM,101638
9,C4-e003GlycerolRevival-mBHI-p2,0,655282,B4-e003Coalescence-Inoculumn-mGAM,101638
10,B2-e003Coalescence-mBHI-p5,41,1376755,B4-e003Coalescence-Inoculumn-mGAM,101638
11,C4-e003Coalescence-mGAM-p7,2,1491174,B4-e003Coalescence-Inoculumn-mGAM,101638
12,B10-e003Assembly-mGAM-p5,0,708824,B4-e003Coalescence-Inoculumn-mGAM,101638
13,C2-e003Coalescence-mGAM-p7,21,1544636,B4-e003Coalescence-Inoculumn-mGAM,101638
14,C9-e003Coalescence-mBHI-p5,2,843947,B4-e003Coalescence-Inoculumn-mGAM,101638
15,C2-e003Coalescence-mBHI-p3,42,1550808,B4-e003Coalescence-Inoculumn-mGAM,101638
16,C9-e003Coalescence-mBHI-p3,9,1477971,B4-e003Coalescence-Inoculumn-mGAM,101638
17,D10-e003Coalescence-mGAM-p5,5,895834,B4-e003Coalescence-Inoculumn-mGAM,101638
18,C2-e003Coalescence-mGAM-p3,34,1349817,B4-e003Coalescence-Inoculumn-mGAM,101638
19,B10-e003Coalescence-mBHI-p5,3,751178,B4-e003Coalescence-Inoculumn-mGAM,101638
20,C4-e003Coalescence-mGAM-p5,2,1406224,B4-e003Coalescence-Inoculumn-mGAM,101638
21,D5-e003Coalescence-mBHI-p5,36,1486364,B4-e003Coalescence-Inoculumn-mGAM,101638
22,D3-e003Assembly-mBHI-p3,7,768389,B4-e003Coalescence-Inoculumn-mGAM,101638
23,C4-e003Coalescence-mGAM-p3,2,1546978,B4-e003Coalescence-Inoculumn-mGAM,101638
24,D3-e003Assembly-mBHI-p5,6,1546651,B4-e003Coalescence-Inoculumn-mGAM,101638
25,A10-e003Coalescence-mGAM-p3,42,1530862,B4-e003Coalescence-Inoculumn-mGAM,101638
26,B2-e003Coalescence-mGAM-p3,30,442858,B4-e003Coalescence-Inoculumn-mGAM,101638
27,D3-e003Coalescence-mGAM-p5,1,515212,B4-e003Coalescence-Inoculumn-mGAM,101638
28,C10-e003Coalescence-mGAM-p3,2,1520946,B4-e003Coalescence-Inoculumn-mGAM,101638
29,C3-e003Coalescence-Inoculumn-mGAM,0,473234,B4-e003Coalescence-Inoculumn-mGAM,101638
30,D4-e003Coalescence-Inoculumn-mBHI,4,618720,B4-e003Coalescence-Inoculumn-mGAM,101638
31,A4-e003Coalescence-mBHI-p5,32,958917,B4-e003Coalescence-Inoculumn-mGAM,101638
32,D10-e003Coalescence-mGAM-p7,2,938266,B4-e003Coalescence-Inoculumn-mGAM,101638
33,C11-e003Coalescence-mGAM-p3,4,727674,B4-e003Coalescence-Inoculumn-mGAM,101638
34,C10-e003Coalescence-mBHI-p7,16,636171,B4-e003Coalescence-Inoculumn-mGAM,101638
35,B10-e003Coalescence-mBHI-p3,2,1064478,B4-e003Coalescence-Inoculumn-mGAM,101638
36,C11-e003Coalescence-mBHI-p5,6,1515011,B4-e003Coalescence-Inoculumn-mGAM,101638
37,C2-e003Coalescence-Inoculumn-mGAM,0,514343,B4-e003Coalescence-Inoculumn-mGAM,101638
38,B4-e003Coalescence-Inoculumn-mGAM,0,1527645,B4-e003Coalescence-Inoculumn-mGAM,101638
39,A10-e003Coalescence-mGAM-p7,8,1119734,B4-e003Coalescence-Inoculumn-mGAM,101638
40,C4-e003Coalescence-Inoculumn-mGAM,1,1354072,B4-e003Coalescence-Inoculumn-mGAM,101638
41,B10-e003Assembly-mGAM-p3,1,526228,B4-e003Coalescence-Inoculumn-mGAM,101638
42,D10-e003Coalescence-mBHI-p7,5,560357,B4-e003Coalescence-Inoculumn-mGAM,101638
43,B10-e003GlycerolRevival-mGAM-p2,1,912883,B4-e003Coalescence-Inoculumn-mGAM,101638
44,C10-e003Coalescence-mGAM-p5,2,1544682,B4-e003Coalescence-Inoculumn-mGAM,101638
45,A3-e003Coalescence-mBHI-p3,14,444927,B4-e003Coalescence-Inoculumn-mGAM,101638
46,A4-e003Coalescence-mBHI-p3,34,1204293,B4-e003Coalescence-Inoculumn-mGAM,101638
47,C9-e003Coalescence-mGAM-p5,0,810866,B4-e003Coalescence-Inoculumn-mGAM,101638
48,C2-e003Coalescence-mGAM-p5,38,1502257,B4-e003Coalescence-Inoculumn-mGAM,101638
49,C8-e003Coalescence-mBHI-p5,13,1338159,B4-e003Coalescence-Inoculumn-mGAM,101638
50,B4-e003Coalescence-Inoculumn-mBHI,10,563867,B4-e003Coalescence-Inoculumn-mGAM,101638
51,C5-e003Coalescence-Inoculumn-mGAM,3,1530071,B4-e003Coalescence-Inoculumn-mGAM,101638
52,C4-e003Coalescence-mBHI-p5,9,881699,B4-e003Coalescence-Inoculumn-mGAM,101638
53,A4-e003Coalescence-Inoculumn-mGAM,26,1506279,B4-e003Coalescence-Inoculumn-mGAM,101638
54,C2-e003Coalescence-mBHI-p7,1,569461,B4-e003Coalescence-Inoculumn-mGAM,101638
55,C10-e003Coalescence-mGAM-p7,1,1547140,B4-e003Coalescence-Inoculumn-mGAM,101638
56,C10-e003Coalescence-mBHI-p3,2,1524472,B4-e003Coalescence-Inoculumn-mGAM,101638
57,H4-e003Coalescence-mGAM-p7_S183,9,991821,B4-e003Coalescence-Inoculumn-mGAM,101638
58,F5-e003Coalescence-mGAM-p5_S64,3,468781,B4-e003Coalescence-Inoculumn-mGAM,101638
59,F100-e003Coalescence-mGAM-p7_S163,5,1155108,B4-e003Coalescence-Inoculumn-mGAM,101638
60,E3-e003Coalescence-mGAM-p3_S58,25,516408,B4-e003Coalescence-Inoculumn-mGAM,101638
61,G4-e003Coalescence-mBHI-p5_S27,4,878137,B4-e003Coalescence-Inoculumn-mGAM,101638
62,G2-e003Coalescence-mBHI-p3_S33,29,1521290,B4-e003Coalescence-Inoculumn-mGAM,101638
63,G100-e003Coalescence-mGAM-p3_S179,3,1153539,B4-e003Coalescence-Inoculumn-mGAM,101638
64,G111-e003Coalescence-mBHI-p5_S32,21,1154220,B4-e003Coalescence-Inoculumn-mGAM,101638
65,E3-e003Coalescence-mBHI-p3_S10,26,711439,B4-e003Coalescence-Inoculumn-mGAM,101638
66,F2-e003Coalescence-mGAM-p7_S157,3,556375,B4-e003Coalescence-Inoculumn-mGAM,101638
67,E100-e003Coalescence-mGAM-p3_S155,38,1461251,B4-e003Coalescence-Inoculumn-mGAM,101638
68,E3-e003Coalescence-mGAM-p5_S50,24,1371172,B4-e003Coalescence-Inoculumn-mGAM,101638
69,H100-e003Coalescence-mBHI-p5_S43,6,925751,B4-e003Coalescence-Inoculumn-mGAM,101638
70,F2-e003Coalescence-mGAM-p5_S61,4,1281223,B4-e003Coalescence-Inoculumn-mGAM,101638
71,G100-e003Coalescence-mBHI-p5_S31,1,829979,B4-e003Coalescence-Inoculumn-mGAM,101638
72,G4-e003Coalescence-mBHI-p3_S35,10,474244,B4-e003Coalescence-Inoculumn-mGAM,101638
73,E4-e003Coalescence-mBHI-p5_S3,49,1426946,B4-e003Coalescence-Inoculumn-mGAM,101638
74,E4-e003Coalescence-mGAM-p5_S51,26,579225,B4-e003Coalescence-Inoculumn-mGAM,101638
75,G9-e003Coalescence-mGAM-p7_S174,1,622414,B4-e003Coalescence-Inoculumn-mGAM,101638
76,E8-e003Coalescence-mGAM-p3_S153,13,1489557,B4-e003Coalescence-Inoculumn-mGAM,101638
77,G100-e003Coalescence-mGAM-p7_S175,5,673821,B4-e003Coalescence-Inoculumn-mGAM,101638
78,G3-e003Coalescence-mBHI-p7_S122,7,531581,B4-e003Coalescence-Inoculumn-mGAM,101638
79,G4-e003Coalescence-mGAM-p5_S75,9,1533148,B4-e003Coalescence-Inoculumn-mGAM,101638
80,G8-e003Coalescence-mBHI-p3_S129,13,840340,B4-e003Coalescence-Inoculumn-mGAM,101638
81,G2-e003Coalescence-mGAM-p5_S73,37,1525280,B4-e003Coalescence-Inoculumn-mGAM,101638
82,E100-e003Coalescence-mGAM-p5_S55,39,1291155,B4-e003Coalescence-Inoculumn-mGAM,101638
83,G4-e003Coalescence-mGAM-p3_S83,11,1536688,B4-e003Coalescence-Inoculumn-mGAM,101638
84,F4-e003Coalescence-mBHI-p7_S111,9,477586,B4-e003Coalescence-Inoculumn-mGAM,101638
85,G4-e003Coalescence-mGAM-p7_S171,9,1471075,B4-e003Coalescence-Inoculumn-mGAM,101638
86,F100-e003Coalescence-mBHI-p7_S115,10,1350695,B4-e003Coalescence-Inoculumn-mGAM,101638
87,E3-e003Coalescence-mGAM-p7_S146,16,1297929,B4-e003Coalescence-Inoculumn-mGAM,101638
88,E3-e003Coalescence-mBHI-p5_S2,21,758841,B4-e003Coalescence-Inoculumn-mGAM,101638
89,G2-e003Coalescence-mBHI-p7_S121,24,1251923,B4-e003Coalescence-Inoculumn-mGAM,101638
90,F2-e003Coalescence-mBHI-p5_S13,22,1483168,B4-e003Coalescence-Inoculumn-mGAM,101638
91,F2-e003Coalescence-mGAM-p3_S69,2,1044013,B4-e003Coalescence-Inoculumn-mGAM,101638
92,G100-e003Coalescence-mGAM-p5_S79,4,1518875,B4-e003Coalescence-Inoculumn-mGAM,101638
93,E4-e003Coalescence-mGAM-p7_S147,12,1030477,B4-e003Coalescence-Inoculumn-mGAM,101638
94,E4-e003Coalescence-mGAM-p3_S59,29,1512400,B4-e003Coalescence-Inoculumn-mGAM,101638
95,H100-e003Coalescence-mBHI-p7_S139,23,1461470,B4-e003Coalescence-Inoculumn-mGAM,101638
96,G8-e003Coalescence-mBHI-p5_S29,12,757680,B4-e003Coalescence-Inoculumn-mGAM,101638
97,G2-e003Coalescence-mBHI-p5_S25,13,1534425,B4-e003Coalescence-Inoculumn-mGAM,101638
98,G8-e003Coalescence-mGAM-p7_S173,36,1390044,B4-e003Coalescence-Inoculumn-mGAM,101638
99,E4-e003Coalescence-mBHI-p3_S11,36,1489708,B4-e003Coalescence-Inoculumn-mGAM,101638
100,G9-e003Coalescence-mBHI-p5_S30,11,972978,B4-e003Coalescence-Inoculumn-mGAM,101638
101,E100-e003Coalescence-mGAM-p7_S151,47,1431882,B4-e003Coalescence-Inoculumn-mGAM,101638
102,G9-e003Coalescence-mGAM-p3_S178,14,1118807,B4-e003Coalescence-Inoculumn-mGAM,101638
103,G2-e003Coalescence-mGAM-p3_S81,40,1516772,B4-e003Coalescence-Inoculumn-mGAM,101638
104,G100-e003Coalescence-mBHI-p7_S127,3,560797,B4-e003Coalescence-Inoculumn-mGAM,101638
0,C9-e003Coalescence-mGAM-p3,4,712205,A10-e003Coalescence-mGAM-p7,101638
1,C11-e003Coalescence-mBHI-p3,1,455308,A10-e003Coalescence-mGAM-p7,101638
2,C9-e003Coalescence-mGAM-p7,6,500113,A10-e003Coalescence-mGAM-p7,101638
3,C8-e003Coalescence-mGAM-p7,0,1423925,A10-e003Coalescence-mGAM-p7,101638
4,D10-e003Coalescence-mBHI-p3,6,592022,A10-e003Coalescence-mGAM-p7,101638
5,B2-e003Coalescence-mBHI-p3,7,640269,A10-e003Coalescence-mGAM-p7,101638
6,A4-e003Coalescence-mBHI-p7,0,1046978,A10-e003Coalescence-mGAM-p7,101638
7,B3-e003Coalescence-mBHI-p3,14,851498,A10-e003Coalescence-mGAM-p7,101638
8,C2-e003Coalescence-mBHI-p5,0,1531728,A10-e003Coalescence-mGAM-p7,101638
9,C4-e003GlycerolRevival-mBHI-p2,7,655282,A10-e003Coalescence-mGAM-p7,101638
10,B2-e003Coalescence-mBHI-p5,5,1376755,A10-e003Coalescence-mGAM-p7,101638
11,C4-e003Coalescence-mGAM-p7,1,1491174,A10-e003Coalescence-mGAM-p7,101638
12,B10-e003Assembly-mGAM-p5,0,708824,A10-e003Coalescence-mGAM-p7,101638
13,C2-e003Coalescence-mGAM-p7,1,1544636,A10-e003Coalescence-mGAM-p7,101638
14,C9-e003Coalescence-mBHI-p5,7,843947,A10-e003Coalescence-mGAM-p7,101638
15,C2-e003Coalescence-mBHI-p3,2,1550808,A10-e003Coalescence-mGAM-p7,101638
16,C9-e003Coalescence-mBHI-p3,12,1477971,A10-e003Coalescence-mGAM-p7,101638
17,D10-e003Coalescence-mGAM-p5,5,895834,A10-e003Coalescence-mGAM-p7,101638
18,C2-e003Coalescence-mGAM-p3,0,1349817,A10-e003Coalescence-mGAM-p7,101638
19,B10-e003Coalescence-mBHI-p5,6,751178,A10-e003Coalescence-mGAM-p7,101638
20,C4-e003Coalescence-mGAM-p5,1,1406224,A10-e003Coalescence-mGAM-p7,101638
21,D5-e003Coalescence-mBHI-p5,0,1486364,A10-e003Coalescence-mGAM-p7,101638
22,D3-e003Assembly-mBHI-p3,10,768389,A10-e003Coalescence-mGAM-p7,101638
23,C4-e003Coalescence-mGAM-p3,1,1546978,A10-e003Coalescence-mGAM-p7,101638
24,D3-e003Assembly-mBHI-p5,6,1546651,A10-e003Coalescence-mGAM-p7,101638
25,A10-e003Coalescence-mGAM-p3,0,1530862,A10-e003Coalescence-mGAM-p7,101638
26,B2-e003Coalescence-mGAM-p3,1,442858,A10-e003Coalescence-mGAM-p7,101638
27,D3-e003Coalescence-mGAM-p5,7,515212,A10-e003Coalescence-mGAM-p7,101638
28,C10-e003Coalescence-mGAM-p3,1,1520946,A10-e003Coalescence-mGAM-p7,101638
29,C3-e003Coalescence-Inoculumn-mGAM,1,473234,A10-e003Coalescence-mGAM-p7,101638
30,D4-e003Coalescence-Inoculumn-mBHI,3,618720,A10-e003Coalescence-mGAM-p7,101638
31,A4-e003Coalescence-mBHI-p5,2,958917,A10-e003Coalescence-mGAM-p7,101638
32,D10-e003Coalescence-mGAM-p7,3,938266,A10-e003Coalescence-mGAM-p7,101638
33,C11-e003Coalescence-mGAM-p3,4,727674,A10-e003Coalescence-mGAM-p7,101638
34,C10-e003Coalescence-mBHI-p7,10,636171,A10-e003Coalescence-mGAM-p7,101638
35,B10-e003Coalescence-mBHI-p3,6,1064478,A10-e003Coalescence-mGAM-p7,101638
36,C11-e003Coalescence-mBHI-p5,6,1515011,A10-e003Coalescence-mGAM-p7,101638
37,C2-e003Coalescence-Inoculumn-mGAM,1,514343,A10-e003Coalescence-mGAM-p7,101638
38,B4-e003Coalescence-Inoculumn-mGAM,8,1527645,A10-e003Coalescence-mGAM-p7,101638
39,A10-e003Coalescence-mGAM-p7,0,1119734,A10-e003Coalescence-mGAM-p7,101638
40,C4-e003Coalescence-Inoculumn-mGAM,0,1354072,A10-e003Coalescence-mGAM-p7,101638
41,B10-e003Assembly-mGAM-p3,0,526228,A10-e003Coalescence-mGAM-p7,101638
42,D10-e003Coalescence-mBHI-p7,7,560357,A10-e003Coalescence-mGAM-p7,101638
43,B10-e003GlycerolRevival-mGAM-p2,0,912883,A10-e003Coalescence-mGAM-p7,101638
44,C10-e003Coalescence-mGAM-p5,2,1544682,A10-e003Coalescence-mGAM-p7,101638
45,A3-e003Coalescence-mBHI-p3,6,444927,A10-e003Coalescence-mGAM-p7,101638
46,A4-e003Coalescence-mBHI-p3,1,1204293,A10-e003Coalescence-mGAM-p7,101638
47,C9-e003Coalescence-mGAM-p5,8,810866,A10-e003Coalescence-mGAM-p7,101638
48,C2-e003Coalescence-mGAM-p5,1,1502257,A10-e003Coalescence-mGAM-p7,101638
49,C8-e003Coalescence-mBHI-p5,8,1338159,A10-e003Coalescence-mGAM-p7,101638
50,B4-e003Coalescence-Inoculumn-mBHI,8,563867,A10-e003Coalescence-mGAM-p7,101638
51,C5-e003Coalescence-Inoculumn-mGAM,2,1530071,A10-e003Coalescence-mGAM-p7,101638
52,C4-e003Coalescence-mBHI-p5,7,881699,A10-e003Coalescence-mGAM-p7,101638
53,A4-e003Coalescence-Inoculumn-mGAM,4,1506279,A10-e003Coalescence-mGAM-p7,101638
54,C2-e003Coalescence-mBHI-p7,0,569461,A10-e003Coalescence-mGAM-p7,101638
55,C10-e003Coalescence-mGAM-p7,0,1547140,A10-e003Coalescence-mGAM-p7,101638
56,C10-e003Coalescence-mBHI-p3,1,1524472,A10-e003Coalescence-mGAM-p7,101638
57,H4-e003Coalescence-mGAM-p7_S183,8,991821,A10-e003Coalescence-mGAM-p7,101638
58,F5-e003Coalescence-mGAM-p5_S64,3,468781,A10-e003Coalescence-mGAM-p7,101638
59,F100-e003Coalescence-mGAM-p7_S163,5,1155108,A10-e003Coalescence-mGAM-p7,101638
60,E3-e003Coalescence-mGAM-p3_S58,4,516408,A10-e003Coalescence-mGAM-p7,101638
61,G4-e003Coalescence-mBHI-p5_S27,4,878137,A10-e003Coalescence-mGAM-p7,101638
62,G2-e003Coalescence-mBHI-p3_S33,5,1521290,A10-e003Coalescence-mGAM-p7,101638
63,G100-e003Coalescence-mGAM-p3_S179,0,1153539,A10-e003Coalescence-mGAM-p7,101638
64,G111-e003Coalescence-mBHI-p5_S32,13,1154220,A10-e003Coalescence-mGAM-p7,101638
65,E3-e003Coalescence-mBHI-p3_S10,3,711439,A10-e003Coalescence-mGAM-p7,101638
66,F2-e003Coalescence-mGAM-p7_S157,1,556375,A10-e003Coalescence-mGAM-p7,101638
67,E100-e003Coalescence-mGAM-p3_S155,2,1461251,A10-e003Coalescence-mGAM-p7,101638
68,E3-e003Coalescence-mGAM-p5_S50,3,1371172,A10-e003Coalescence-mGAM-p7,101638
69,H100-e003Coalescence-mBHI-p5_S43,7,925751,A10-e003Coalescence-mGAM-p7,101638
70,F2-e003Coalescence-mGAM-p5_S61,1,1281223,A10-e003Coalescence-mGAM-p7,101638
71,G100-e003Coalescence-mBHI-p5_S31,0,829979,A10-e003Coalescence-mGAM-p7,101638
72,G4-e003Coalescence-mBHI-p3_S35,2,474244,A10-e003Coalescence-mGAM-p7,101638
73,E4-e003Coalescence-mBHI-p5_S3,8,1426946,A10-e003Coalescence-mGAM-p7,101638
74,E4-e003Coalescence-mGAM-p5_S51,1,579225,A10-e003Coalescence-mGAM-p7,101638
75,G9-e003Coalescence-mGAM-p7_S174,2,622414,A10-e003Coalescence-mGAM-p7,101638
76,E8-e003Coalescence-mGAM-p3_S153,7,1489557,A10-e003Coalescence-mGAM-p7,101638
77,G100-e003Coalescence-mGAM-p7_S175,4,673821,A10-e003Coalescence-mGAM-p7,101638
78,G3-e003Coalescence-mBHI-p7_S122,10,531581,A10-e003Coalescence-mGAM-p7,101638
79,G4-e003Coalescence-mGAM-p5_S75,6,1533148,A10-e003Coalescence-mGAM-p7,101638
80,G8-e003Coalescence-mBHI-p3_S129,6,840340,A10-e003Coalescence-mGAM-p7,101638
81,G2-e003Coalescence-mGAM-p5_S73,6,1525280,A10-e003Coalescence-mGAM-p7,101638
82,E100-e003Coalescence-mGAM-p5_S55,4,1291155,A10-e003Coalescence-mGAM-p7,101638
83,G4-e003Coalescence-mGAM-p3_S83,8,1536688,A10-e003Coalescence-mGAM-p7,101638
84,F4-e003Coalescence-mBHI-p7_S111,10,477586,A10-e003Coalescence-mGAM-p7,101638
85,G4-e003Coalescence-mGAM-p7_S171,7,1471075,A10-e003Coalescence-mGAM-p7,101638
86,F100-e003Coalescence-mBHI-p7_S115,11,1350695,A10-e003Coalescence-mGAM-p7,101638
87,E3-e003Coalescence-mGAM-p7_S146,6,1297929,A10-e003Coalescence-mGAM-p7,101638
88,E3-e003Coalescence-mBHI-p5_S2,2,758841,A10-e003Coalescence-mGAM-p7,101638
89,G2-e003Coalescence-mBHI-p7_S121,6,1251923,A10-e003Coalescence-mGAM-p7,101638
90,F2-e003Coalescence-mBHI-p5_S13,6,1483168,A10-e003Coalescence-mGAM-p7,101638
91,F2-e003Coalescence-mGAM-p3_S69,0,1044013,A10-e003Coalescence-mGAM-p7,101638
92,G100-e003Coalescence-mGAM-p5_S79,4,1518875,A10-e003Coalescence-mGAM-p7,101638
93,E4-e003Coalescence-mGAM-p7_S147,4,1030477,A10-e003Coalescence-mGAM-p7,101638
94,E4-e003Coalescence-mGAM-p3_S59,7,1512400,A10-e003Coalescence-mGAM-p7,101638
95,H100-e003Coalescence-mBHI-p7_S139,16,1461470,A10-e003Coalescence-mGAM-p7,101638
96,G8-e003Coalescence-mBHI-p5_S29,8,757680,A10-e003Coalescence-mGAM-p7,101638
97,G2-e003Coalescence-mBHI-p5_S25,7,1534425,A10-e003Coalescence-mGAM-p7,101638
98,G8-e003Coalescence-mGAM-p7_S173,11,1390044,A10-e003Coalescence-mGAM-p7,101638
99,E4-e003Coalescence-mBHI-p3_S11,4,1489708,A10-e003Coalescence-mGAM-p7,101638
100,G9-e003Coalescence-mBHI-p5_S30,12,972978,A10-e003Coalescence-mGAM-p7,101638
101,E100-e003Coalescence-mGAM-p7_S151,6,1431882,A10-e003Coalescence-mGAM-p7,101638
102,G9-e003Coalescence-mGAM-p3_S178,10,1118807,A10-e003Coalescence-mGAM-p7,101638
103,G2-e003Coalescence-mGAM-p3_S81,6,1516772,A10-e003Coalescence-mGAM-p7,101638
104,G100-e003Coalescence-mBHI-p7_S127,1,560797,A10-e003Coalescence-mGAM-p7,101638
0,C9-e003Coalescence-mGAM-p3,0,712205,C4-e003Coalescence-Inoculumn-mGAM,101638
1,C11-e003Coalescence-mBHI-p3,1,455308,C4-e003Coalescence-Inoculumn-mGAM,101638
2,C9-e003Coalescence-mGAM-p7,2,500113,C4-e003Coalescence-Inoculumn-mGAM,101638
3,C8-e003Coalescence-mGAM-p7,11,1423925,C4-e003Coalescence-Inoculumn-mGAM,101638
4,D10-e003Coalescence-mBHI-p3,1,592022,C4-e003Coalescence-Inoculumn-mGAM,101638
5,B2-e003Coalescence-mBHI-p3,9,640269,C4-e003Coalescence-Inoculumn-mGAM,101638
6,A4-e003Coalescence-mBHI-p7,3,1046978,C4-e003Coalescence-Inoculumn-mGAM,101638
7,B3-e003Coalescence-mBHI-p3,25,851498,C4-e003Coalescence-Inoculumn-mGAM,101638
8,C2-e003Coalescence-mBHI-p5,7,1531728,C4-e003Coalescence-Inoculumn-mGAM,101638
9,C4-e003GlycerolRevival-mBHI-p2,0,655282,C4-e003Coalescence-Inoculumn-mGAM,101638
10,B2-e003Coalescence-mBHI-p5,11,1376755,C4-e003Coalescence-Inoculumn-mGAM,101638
11,C4-e003Coalescence-mGAM-p7,5,1491174,C4-e003Coalescence-Inoculumn-mGAM,101638
12,B10-e003Assembly-mGAM-p5,0,708824,C4-e003Coalescence-Inoculumn-mGAM,101638
13,C2-e003Coalescence-mGAM-p7,6,1544636,C4-e003Coalescence-Inoculumn-mGAM,101638
14,C9-e003Coalescence-mBHI-p5,4,843947,C4-e003Coalescence-Inoculumn-mGAM,101638
15,C2-e003Coalescence-mBHI-p3,6,1550808,C4-e003Coalescence-Inoculumn-mGAM,101638
16,C9-e003Coalescence-mBHI-p3,6,1477971,C4-e003Coalescence-Inoculumn-mGAM,101638
17,D10-e003Coalescence-mGAM-p5,9,895834,C4-e003Coalescence-Inoculumn-mGAM,101638
18,C2-e003Coalescence-mGAM-p3,4,1349817,C4-e003Coalescence-Inoculumn-mGAM,101638
19,B10-e003Coalescence-mBHI-p5,4,751178,C4-e003Coalescence-Inoculumn-mGAM,101638
20,C4-e003Coalescence-mGAM-p5,5,1406224,C4-e003Coalescence-Inoculumn-mGAM,101638
21,D5-e003Coalescence-mBHI-p5,11,1486364,C4-e003Coalescence-Inoculumn-mGAM,101638
22,D3-e003Assembly-mBHI-p3,7,768389,C4-e003Coalescence-Inoculumn-mGAM,101638
23,C4-e003Coalescence-mGAM-p3,5,1546978,C4-e003Coalescence-Inoculumn-mGAM,101638
24,D3-e003Assembly-mBHI-p5,10,1546651,C4-e003Coalescence-Inoculumn-mGAM,101638
25,A10-e003Coalescence-mGAM-p3,5,1530862,C4-e003Coalescence-Inoculumn-mGAM,101638
26,B2-e003Coalescence-mGAM-p3,4,442858,C4-e003Coalescence-Inoculumn-mGAM,101638
27,D3-e003Coalescence-mGAM-p5,4,515212,C4-e003Coalescence-Inoculumn-mGAM,101638
28,C10-e003Coalescence-mGAM-p3,7,1520946,C4-e003Coalescence-Inoculumn-mGAM,101638
29,C3-e003Coalescence-Inoculumn-mGAM,0,473234,C4-e003Coalescence-Inoculumn-mGAM,101638
30,D4-e003Coalescence-Inoculumn-mBHI,8,618720,C4-e003Coalescence-Inoculumn-mGAM,101638
31,A4-e003Coalescence-mBHI-p5,3,958917,C4-e003Coalescence-Inoculumn-mGAM,101638
32,D10-e003Coalescence-mGAM-p7,4,938266,C4-e003Coalescence-Inoculumn-mGAM,101638
33,C11-e003Coalescence-mGAM-p3,6,727674,C4-e003Coalescence-Inoculumn-mGAM,101638
34,C10-e003Coalescence-mBHI-p7,14,636171,C4-e003Coalescence-Inoculumn-mGAM,101638
35,B10-e003Coalescence-mBHI-p3,1,1064478,C4-e003Coalescence-Inoculumn-mGAM,101638
36,C11-e003Coalescence-mBHI-p5,13,1515011,C4-e003Coalescence-Inoculumn-mGAM,101638
37,C2-e003Coalescence-Inoculumn-mGAM,1,514343,C4-e003Coalescence-Inoculumn-mGAM,101638
38,B4-e003Coalescence-Inoculumn-mGAM,5,1527645,C4-e003Coalescence-Inoculumn-mGAM,101638
39,A10-e003Coalescence-mGAM-p7,4,1119734,C4-e003Coalescence-Inoculumn-mGAM,101638
40,C4-e003Coalescence-Inoculumn-mGAM,0,1354072,C4-e003Coalescence-Inoculumn-mGAM,101638
41,B10-e003Assembly-mGAM-p3,0,526228,C4-e003Coalescence-Inoculumn-mGAM,101638
42,D10-e003Coalescence-mBHI-p7,13,560357,C4-e003Coalescence-Inoculumn-mGAM,101638
43,B10-e003GlycerolRevival-mGAM-p2,4,912883,C4-e003Coalescence-Inoculumn-mGAM,101638
44,C10-e003Coalescence-mGAM-p5,11,1544682,C4-e003Coalescence-Inoculumn-mGAM,101638
45,A3-e003Coalescence-mBHI-p3,9,444927,C4-e003Coalescence-Inoculumn-mGAM,101638
46,A4-e003Coalescence-mBHI-p3,5,1204293,C4-e003Coalescence-Inoculumn-mGAM,101638
47,C9-e003Coalescence-mGAM-p5,2,810866,C4-e003Coalescence-Inoculumn-mGAM,101638
48,C2-e003Coalescence-mGAM-p5,5,1502257,C4-e003Coalescence-Inoculumn-mGAM,101638
49,C8-e003Coalescence-mBHI-p5,17,1338159,C4-e003Coalescence-Inoculumn-mGAM,101638
50,B4-e003Coalescence-Inoculumn-mBHI,15,563867,C4-e003Coalescence-Inoculumn-mGAM,101638
51,C5-e003Coalescence-Inoculumn-mGAM,11,1530071,C4-e003Coalescence-Inoculumn-mGAM,101638
52,C4-e003Coalescence-mBHI-p5,15,881699,C4-e003Coalescence-Inoculumn-mGAM,101638
53,A4-e003Coalescence-Inoculumn-mGAM,5,1506279,C4-e003Coalescence-Inoculumn-mGAM,101638
54,C2-e003Coalescence-mBHI-p7,1,569461,C4-e003Coalescence-Inoculumn-mGAM,101638
55,C10-e003Coalescence-mGAM-p7,4,1547140,C4-e003Coalescence-Inoculumn-mGAM,101638
56,C10-e003Coalescence-mBHI-p3,11,1524472,C4-e003Coalescence-Inoculumn-mGAM,101638
57,H4-e003Coalescence-mGAM-p7_S183,10,991821,C4-e003Coalescence-Inoculumn-mGAM,101638
58,F5-e003Coalescence-mGAM-p5_S64,5,468781,C4-e003Coalescence-Inoculumn-mGAM,101638
59,F100-e003Coalescence-mGAM-p7_S163,8,1155108,C4-e003Coalescence-Inoculumn-mGAM,101638
60,E3-e003Coalescence-mGAM-p3_S58,5,516408,C4-e003Coalescence-Inoculumn-mGAM,101638
61,G4-e003Coalescence-mBHI-p5_S27,13,878137,C4-e003Coalescence-Inoculumn-mGAM,101638
62,G2-e003Coalescence-mBHI-p3_S33,11,1521290,C4-e003Coalescence-Inoculumn-mGAM,101638
63,G100-e003Coalescence-mGAM-p3_S179,3,1153539,C4-e003Coalescence-Inoculumn-mGAM,101638
64,G111-e003Coalescence-mBHI-p5_S32,19,1154220,C4-e003Coalescence-Inoculumn-mGAM,101638
65,E3-e003Coalescence-mBHI-p3_S10,5,711439,C4-e003Coalescence-Inoculumn-mGAM,101638
66,F2-e003Coalescence-mGAM-p7_S157,3,556375,C4-e003Coalescence-Inoculumn-mGAM,101638
67,E100-e003Coalescence-mGAM-p3_S155,7,1461251,C4-e003Coalescence-Inoculumn-mGAM,101638
68,E3-e003Coalescence-mGAM-p5_S50,9,1371172,C4-e003Coalescence-Inoculumn-mGAM,101638
69,H100-e003Coalescence-mBHI-p5_S43,10,925751,C4-e003Coalescence-Inoculumn-mGAM,101638
70,F2-e003Coalescence-mGAM-p5_S61,8,1281223,C4-e003Coalescence-Inoculumn-mGAM,101638
71,G100-e003Coalescence-mBHI-p5_S31,4,829979,C4-e003Coalescence-Inoculumn-mGAM,101638
72,G4-e003Coalescence-mBHI-p3_S35,3,474244,C4-e003Coalescence-Inoculumn-mGAM,101638
73,E4-e003Coalescence-mBHI-p5_S3,17,1426946,C4-e003Coalescence-Inoculumn-mGAM,101638
74,E4-e003Coalescence-mGAM-p5_S51,1,579225,C4-e003Coalescence-Inoculumn-mGAM,101638
75,G9-e003Coalescence-mGAM-p7_S174,0,622414,C4-e003Coalescence-Inoculumn-mGAM,101638
76,E8-e003Coalescence-mGAM-p3_S153,20,1489557,C4-e003Coalescence-Inoculumn-mGAM,101638
77,G100-e003Coalescence-mGAM-p7_S175,4,673821,C4-e003Coalescence-Inoculumn-mGAM,101638
78,G3-e003Coalescence-mBHI-p7_S122,12,531581,C4-e003Coalescence-Inoculumn-mGAM,101638
79,G4-e003Coalescence-mGAM-p5_S75,17,1533148,C4-e003Coalescence-Inoculumn-mGAM,101638
80,G8-e003Coalescence-mBHI-p3_S129,15,840340,C4-e003Coalescence-Inoculumn-mGAM,101638
81,G2-e003Coalescence-mGAM-p5_S73,14,1525280,C4-e003Coalescence-Inoculumn-mGAM,101638
82,E100-e003Coalescence-mGAM-p5_S55,12,1291155,C4-e003Coalescence-Inoculumn-mGAM,101638
83,G4-e003Coalescence-mGAM-p3_S83,15,1536688,C4-e003Coalescence-Inoculumn-mGAM,101638
84,F4-e003Coalescence-mBHI-p7_S111,5,477586,C4-e003Coalescence-Inoculumn-mGAM,101638
85,G4-e003Coalescence-mGAM-p7_S171,13,1471075,C4-e003Coalescence-Inoculumn-mGAM,101638
86,F100-e003Coalescence-mBHI-p7_S115,9,1350695,C4-e003Coalescence-Inoculumn-mGAM,101638
87,E3-e003Coalescence-mGAM-p7_S146,11,1297929,C4-e003Coalescence-Inoculumn-mGAM,101638
88,E3-e003Coalescence-mBHI-p5_S2,2,758841,C4-e003Coalescence-Inoculumn-mGAM,101638
89,G2-e003Coalescence-mBHI-p7_S121,10,1251923,C4-e003Coalescence-Inoculumn-mGAM,101638
90,F2-e003Coalescence-mBHI-p5_S13,12,1483168,C4-e003Coalescence-Inoculumn-mGAM,101638
91,F2-e003Coalescence-mGAM-p3_S69,5,1044013,C4-e003Coalescence-Inoculumn-mGAM,101638
92,G100-e003Coalescence-mGAM-p5_S79,7,1518875,C4-e003Coalescence-Inoculumn-mGAM,101638
93,E4-e003Coalescence-mGAM-p7_S147,8,1030477,C4-e003Coalescence-Inoculumn-mGAM,101638
94,E4-e003Coalescence-mGAM-p3_S59,14,1512400,C4-e003Coalescence-Inoculumn-mGAM,101638
95,H100-e003Coalescence-mBHI-p7_S139,18,1461470,C4-e003Coalescence-Inoculumn-mGAM,101638
96,G8-e003Coalescence-mBHI-p5_S29,19,757680,C4-e003Coalescence-Inoculumn-mGAM,101638
97,G2-e003Coalescence-mBHI-p5_S25,14,1534425,C4-e003Coalescence-Inoculumn-mGAM,101638
98,G8-e003Coalescence-mGAM-p7_S173,16,1390044,C4-e003Coalescence-Inoculumn-mGAM,101638
99,E4-e003Coalescence-mBHI-p3_S11,13,1489708,C4-e003Coalescence-Inoculumn-mGAM,101638
100,G9-e003Coalescence-mBHI-p5_S30,12,972978,C4-e003Coalescence-Inoculumn-mGAM,101638
101,E100-e003Coalescence-mGAM-p7_S151,13,1431882,C4-e003Coalescence-Inoculumn-mGAM,101638
102,G9-e003Coalescence-mGAM-p3_S178,6,1118807,C4-e003Coalescence-Inoculumn-mGAM,101638
103,G2-e003Coalescence-mGAM-p3_S81,14,1516772,C4-e003Coalescence-Inoculumn-mGAM,101638
104,G100-e003Coalescence-mBHI-p7_S127,5,560797,C4-e003Coalescence-Inoculumn-mGAM,101638
0,C9-e003Coalescence-mGAM-p3,4,712205,B10-e003Assembly-mGAM-p3,101638
1,C11-e003Coalescence-mBHI-p3,0,455308,B10-e003Assembly-mGAM-p3,101638
2,C9-e003Coalescence-mGAM-p7,0,500113,B10-e003Assembly-mGAM-p3,101638
3,C8-e003Coalescence-mGAM-p7,3,1423925,B10-e003Assembly-mGAM-p3,101638
4,D10-e003Coalescence-mBHI-p3,2,592022,B10-e003Assembly-mGAM-p3,101638
5,B2-e003Coalescence-mBHI-p3,2,640269,B10-e003Assembly-mGAM-p3,101638
6,A4-e003Coalescence-mBHI-p7,2,1046978,B10-e003Assembly-mGAM-p3,101638
7,B3-e003Coalescence-mBHI-p3,11,851498,B10-e003Assembly-mGAM-p3,101638
8,C2-e003Coalescence-mBHI-p5,3,1531728,B10-e003Assembly-mGAM-p3,101638
9,C4-e003GlycerolRevival-mBHI-p2,2,655282,B10-e003Assembly-mGAM-p3,101638
10,B2-e003Coalescence-mBHI-p5,3,1376755,B10-e003Assembly-mGAM-p3,101638
11,C4-e003Coalescence-mGAM-p7,0,1491174,B10-e003Assembly-mGAM-p3,101638
12,B10-e003Assembly-mGAM-p5,0,708824,B10-e003Assembly-mGAM-p3,101638
13,C2-e003Coalescence-mGAM-p7,0,1544636,B10-e003Assembly-mGAM-p3,101638
14,C9-e003Coalescence-mBHI-p5,2,843947,B10-e003Assembly-mGAM-p3,101638
15,C2-e003Coalescence-mBHI-p3,3,1550808,B10-e003Assembly-mGAM-p3,101638
16,C9-e003Coalescence-mBHI-p3,3,1477971,B10-e003Assembly-mGAM-p3,101638
17,D10-e003Coalescence-mGAM-p5,3,895834,B10-e003Assembly-mGAM-p3,101638
18,C2-e003Coalescence-mGAM-p3,1,1349817,B10-e003Assembly-mGAM-p3,101638
19,B10-e003Coalescence-mBHI-p5,1,751178,B10-e003Assembly-mGAM-p3,101638
20,C4-e003Coalescence-mGAM-p5,0,1406224,B10-e003Assembly-mGAM-p3,101638
21,D5-e003Coalescence-mBHI-p5,4,1486364,B10-e003Assembly-mGAM-p3,101638
22,D3-e003Assembly-mBHI-p3,3,768389,B10-e003Assembly-mGAM-p3,101638
23,C4-e003Coalescence-mGAM-p3,0,1546978,B10-e003Assembly-mGAM-p3,101638
24,D3-e003Assembly-mBHI-p5,5,1546651,B10-e003Assembly-mGAM-p3,101638
25,A10-e003Coalescence-mGAM-p3,3,1530862,B10-e003Assembly-mGAM-p3,101638
26,B2-e003Coalescence-mGAM-p3,3,442858,B10-e003Assembly-mGAM-p3,101638
27,D3-e003Coalescence-mGAM-p5,1,515212,B10-e003Assembly-mGAM-p3,101638
28,C10-e003Coalescence-mGAM-p3,0,1520946,B10-e003Assembly-mGAM-p3,101638
29,C3-e003Coalescence-Inoculumn-mGAM,0,473234,B10-e003Assembly-mGAM-p3,101638
30,D4-e003Coalescence-Inoculumn-mBHI,1,618720,B10-e003Assembly-mGAM-p3,101638
31,A4-e003Coalescence-mBHI-p5,3,958917,B10-e003Assembly-mGAM-p3,101638
32,D10-e003Coalescence-mGAM-p7,0,938266,B10-e003Assembly-mGAM-p3,101638
33,C11-e003Coalescence-mGAM-p3,0,727674,B10-e003Assembly-mGAM-p3,101638
34,C10-e003Coalescence-mBHI-p7,2,636171,B10-e003Assembly-mGAM-p3,101638
35,B10-e003Coalescence-mBHI-p3,0,1064478,B10-e003Assembly-mGAM-p3,101638
36,C11-e003Coalescence-mBHI-p5,1,1515011,B10-e003Assembly-mGAM-p3,101638
37,C2-e003Coalescence-Inoculumn-mGAM,0,514343,B10-e003Assembly-mGAM-p3,101638
38,B4-e003Coalescence-Inoculumn-mGAM,3,1527645,B10-e003Assembly-mGAM-p3,101638
39,A10-e003Coalescence-mGAM-p7,0,1119734,B10-e003Assembly-mGAM-p3,101638
40,C4-e003Coalescence-Inoculumn-mGAM,0,1354072,B10-e003Assembly-mGAM-p3,101638
41,B10-e003Assembly-mGAM-p3,0,526228,B10-e003Assembly-mGAM-p3,101638
42,D10-e003Coalescence-mBHI-p7,2,560357,B10-e003Assembly-mGAM-p3,101638
43,B10-e003GlycerolRevival-mGAM-p2,0,912883,B10-e003Assembly-mGAM-p3,101638
44,C10-e003Coalescence-mGAM-p5,0,1544682,B10-e003Assembly-mGAM-p3,101638
45,A3-e003Coalescence-mBHI-p3,2,444927,B10-e003Assembly-mGAM-p3,101638
46,A4-e003Coalescence-mBHI-p3,3,1204293,B10-e003Assembly-mGAM-p3,101638
47,C9-e003Coalescence-mGAM-p5,3,810866,B10-e003Assembly-mGAM-p3,101638
48,C2-e003Coalescence-mGAM-p5,3,1502257,B10-e003Assembly-mGAM-p3,101638
49,C8-e003Coalescence-mBHI-p5,0,1338159,B10-e003Assembly-mGAM-p3,101638
50,B4-e003Coalescence-Inoculumn-mBHI,5,563867,B10-e003Assembly-mGAM-p3,101638
51,C5-e003Coalescence-Inoculumn-mGAM,1,1530071,B10-e003Assembly-mGAM-p3,101638
52,C4-e003Coalescence-mBHI-p5,4,881699,B10-e003Assembly-mGAM-p3,101638
53,A4-e003Coalescence-Inoculumn-mGAM,3,1506279,B10-e003Assembly-mGAM-p3,101638
54,C2-e003Coalescence-mBHI-p7,0,569461,B10-e003Assembly-mGAM-p3,101638
55,C10-e003Coalescence-mGAM-p7,0,1547140,B10-e003Assembly-mGAM-p3,101638
56,C10-e003Coalescence-mBHI-p3,0,1524472,B10-e003Assembly-mGAM-p3,101638
57,H4-e003Coalescence-mGAM-p7_S183,5,991821,B10-e003Assembly-mGAM-p3,101638
58,F5-e003Coalescence-mGAM-p5_S64,0,468781,B10-e003Assembly-mGAM-p3,101638
59,F100-e003Coalescence-mGAM-p7_S163,2,1155108,B10-e003Assembly-mGAM-p3,101638
60,E3-e003Coalescence-mGAM-p3_S58,4,516408,B10-e003Assembly-mGAM-p3,101638
61,G4-e003Coalescence-mBHI-p5_S27,1,878137,B10-e003Assembly-mGAM-p3,101638
62,G2-e003Coalescence-mBHI-p3_S33,6,1521290,B10-e003Assembly-mGAM-p3,101638
63,G100-e003Coalescence-mGAM-p3_S179,2,1153539,B10-e003Assembly-mGAM-p3,101638
64,G111-e003Coalescence-mBHI-p5_S32,8,1154220,B10-e003Assembly-mGAM-p3,101638
65,E3-e003Coalescence-mBHI-p3_S10,5,711439,B10-e003Assembly-mGAM-p3,101638
66,F2-e003Coalescence-mGAM-p7_S157,2,556375,B10-e003Assembly-mGAM-p3,101638
67,E100-e003Coalescence-mGAM-p3_S155,5,1461251,B10-e003Assembly-mGAM-p3,101638
68,E3-e003Coalescence-mGAM-p5_S50,6,1371172,B10-e003Assembly-mGAM-p3,101638
69,H100-e003Coalescence-mBHI-p5_S43,1,925751,B10-e003Assembly-mGAM-p3,101638
70,F2-e003Coalescence-mGAM-p5_S61,2,1281223,B10-e003Assembly-mGAM-p3,101638
71,G100-e003Coalescence-mBHI-p5_S31,1,829979,B10-e003Assembly-mGAM-p3,101638
72,G4-e003Coalescence-mBHI-p3_S35,0,474244,B10-e003Assembly-mGAM-p3,101638
73,E4-e003Coalescence-mBHI-p5_S3,10,1426946,B10-e003Assembly-mGAM-p3,101638
74,E4-e003Coalescence-mGAM-p5_S51,0,579225,B10-e003Assembly-mGAM-p3,101638
75,G9-e003Coalescence-mGAM-p7_S174,0,622414,B10-e003Assembly-mGAM-p3,101638
76,E8-e003Coalescence-mGAM-p3_S153,8,1489557,B10-e003Assembly-mGAM-p3,101638
77,G100-e003Coalescence-mGAM-p7_S175,3,673821,B10-e003Assembly-mGAM-p3,101638
78,G3-e003Coalescence-mBHI-p7_S122,3,531581,B10-e003Assembly-mGAM-p3,101638
79,G4-e003Coalescence-mGAM-p5_S75,7,1533148,B10-e003Assembly-mGAM-p3,101638
80,G8-e003Coalescence-mBHI-p3_S129,4,840340,B10-e003Assembly-mGAM-p3,101638
81,G2-e003Coalescence-mGAM-p5_S73,9,1525280,B10-e003Assembly-mGAM-p3,101638
82,E100-e003Coalescence-mGAM-p5_S55,5,1291155,B10-e003Assembly-mGAM-p3,101638
83,G4-e003Coalescence-mGAM-p3_S83,7,1536688,B10-e003Assembly-mGAM-p3,101638
84,F4-e003Coalescence-mBHI-p7_S111,2,477586,B10-e003Assembly-mGAM-p3,101638
85,G4-e003Coalescence-mGAM-p7_S171,5,1471075,B10-e003Assembly-mGAM-p3,101638
86,F100-e003Coalescence-mBHI-p7_S115,7,1350695,B10-e003Assembly-mGAM-p3,101638
87,E3-e003Coalescence-mGAM-p7_S146,5,1297929,B10-e003Assembly-mGAM-p3,101638
88,E3-e003Coalescence-mBHI-p5_S2,0,758841,B10-e003Assembly-mGAM-p3,101638
89,G2-e003Coalescence-mBHI-p7_S121,7,1251923,B10-e003Assembly-mGAM-p3,101638
90,F2-e003Coalescence-mBHI-p5_S13,6,1483168,B10-e003Assembly-mGAM-p3,101638
91,F2-e003Coalescence-mGAM-p3_S69,2,1044013,B10-e003Assembly-mGAM-p3,101638
92,G100-e003Coalescence-mGAM-p5_S79,0,1518875,B10-e003Assembly-mGAM-p3,101638
93,E4-e003Coalescence-mGAM-p7_S147,5,1030477,B10-e003Assembly-mGAM-p3,101638
94,E4-e003Coalescence-mGAM-p3_S59,7,1512400,B10-e003Assembly-mGAM-p3,101638
95,H100-e003Coalescence-mBHI-p7_S139,10,1461470,B10-e003Assembly-mGAM-p3,101638
96,G8-e003Coalescence-mBHI-p5_S29,6,757680,B10-e003Assembly-mGAM-p3,101638
97,G2-e003Coalescence-mBHI-p5_S25,8,1534425,B10-e003Assembly-mGAM-p3,101638
98,G8-e003Coalescence-mGAM-p7_S173,7,1390044,B10-e003Assembly-mGAM-p3,101638
99,E4-e003Coalescence-mBHI-p3_S11,5,1489708,B10-e003Assembly-mGAM-p3,101638
100,G9-e003Coalescence-mBHI-p5_S30,7,972978,B10-e003Assembly-mGAM-p3,101638
101,E100-e003Coalescence-mGAM-p7_S151,10,1431882,B10-e003Assembly-mGAM-p3,101638
102,G9-e003Coalescence-mGAM-p3_S178,7,1118807,B10-e003Assembly-mGAM-p3,101638
103,G2-e003Coalescence-mGAM-p3_S81,9,1516772,B10-e003Assembly-mGAM-p3,101638
104,G100-e003Coalescence-mBHI-p7_S127,3,560797,B10-e003Assembly-mGAM-p3,101638
0,C9-e003Coalescence-mGAM-p3,0,712205,D10-e003Coalescence-mBHI-p7,101638
1,C11-e003Coalescence-mBHI-p3,1,455308,D10-e003Coalescence-mBHI-p7,101638
2,C9-e003Coalescence-mGAM-p7,6,500113,D10-e003Coalescence-mBHI-p7,101638
3,C8-e003Coalescence-mGAM-p7,9,1423925,D10-e003Coalescence-mBHI-p7,101638
4,D10-e003Coalescence-mBHI-p3,3,592022,D10-e003Coalescence-mBHI-p7,101638
5,B2-e003Coalescence-mBHI-p3,5,640269,D10-e003Coalescence-mBHI-p7,101638
6,A4-e003Coalescence-mBHI-p7,5,1046978,D10-e003Coalescence-mBHI-p7,101638
7,B3-e003Coalescence-mBHI-p3,5,851498,D10-e003Coalescence-mBHI-p7,101638
8,C2-e003Coalescence-mBHI-p5,9,1531728,D10-e003Coalescence-mBHI-p7,101638
9,C4-e003GlycerolRevival-mBHI-p2,0,655282,D10-e003Coalescence-mBHI-p7,101638
10,B2-e003Coalescence-mBHI-p5,20,1376755,D10-e003Coalescence-mBHI-p7,101638
11,C4-e003Coalescence-mGAM-p7,5,1491174,D10-e003Coalescence-mBHI-p7,101638
12,B10-e003Assembly-mGAM-p5,0,708824,D10-e003Coalescence-mBHI-p7,101638
13,C2-e003Coalescence-mGAM-p7,5,1544636,D10-e003Coalescence-mBHI-p7,101638
14,C9-e003Coalescence-mBHI-p5,2,843947,D10-e003Coalescence-mBHI-p7,101638
15,C2-e003Coalescence-mBHI-p3,10,1550808,D10-e003Coalescence-mBHI-p7,101638
16,C9-e003Coalescence-mBHI-p3,5,1477971,D10-e003Coalescence-mBHI-p7,101638
17,D10-e003Coalescence-mGAM-p5,4,895834,D10-e003Coalescence-mBHI-p7,101638
18,C2-e003Coalescence-mGAM-p3,7,1349817,D10-e003Coalescence-mBHI-p7,101638
19,B10-e003Coalescence-mBHI-p5,0,751178,D10-e003Coalescence-mBHI-p7,101638
20,C4-e003Coalescence-mGAM-p5,5,1406224,D10-e003Coalescence-mBHI-p7,101638
21,D5-e003Coalescence-mBHI-p5,17,1486364,D10-e003Coalescence-mBHI-p7,101638
22,D3-e003Assembly-mBHI-p3,10,768389,D10-e003Coalescence-mBHI-p7,101638
23,C4-e003Coalescence-mGAM-p3,4,1546978,D10-e003Coalescence-mBHI-p7,101638
24,D3-e003Assembly-mBHI-p5,10,1546651,D10-e003Coalescence-mBHI-p7,101638
25,A10-e003Coalescence-mGAM-p3,8,1530862,D10-e003Coalescence-mBHI-p7,101638
26,B2-e003Coalescence-mGAM-p3,3,442858,D10-e003Coalescence-mBHI-p7,101638
27,D3-e003Coalescence-mGAM-p5,1,515212,D10-e003Coalescence-mBHI-p7,101638
28,C10-e003Coalescence-mGAM-p3,5,1520946,D10-e003Coalescence-mBHI-p7,101638
29,C3-e003Coalescence-Inoculumn-mGAM,4,473234,D10-e003Coalescence-mBHI-p7,101638
30,D4-e003Coalescence-Inoculumn-mBHI,0,618720,D10-e003Coalescence-mBHI-p7,101638
31,A4-e003Coalescence-mBHI-p5,12,958917,D10-e003Coalescence-mBHI-p7,101638
32,D10-e003Coalescence-mGAM-p7,7,938266,D10-e003Coalescence-mBHI-p7,101638
33,C11-e003Coalescence-mGAM-p3,1,727674,D10-e003Coalescence-mBHI-p7,101638
34,C10-e003Coalescence-mBHI-p7,10,636171,D10-e003Coalescence-mBHI-p7,101638
35,B10-e003Coalescence-mBHI-p3,2,1064478,D10-e003Coalescence-mBHI-p7,101638
36,C11-e003Coalescence-mBHI-p5,5,1515011,D10-e003Coalescence-mBHI-p7,101638
37,C2-e003Coalescence-Inoculumn-mGAM,4,514343,D10-e003Coalescence-mBHI-p7,101638
38,B4-e003Coalescence-Inoculumn-mGAM,6,1527645,D10-e003Coalescence-mBHI-p7,101638
39,A10-e003Coalescence-mGAM-p7,7,1119734,D10-e003Coalescence-mBHI-p7,101638
40,C4-e003Coalescence-Inoculumn-mGAM,12,1354072,D10-e003Coalescence-mBHI-p7,101638
41,B10-e003Assembly-mGAM-p3,1,526228,D10-e003Coalescence-mBHI-p7,101638
42,D10-e003Coalescence-mBHI-p7,0,560357,D10-e003Coalescence-mBHI-p7,101638
43,B10-e003GlycerolRevival-mGAM-p2,2,912883,D10-e003Coalescence-mBHI-p7,101638
44,C10-e003Coalescence-mGAM-p5,6,1544682,D10-e003Coalescence-mBHI-p7,101638
45,A3-e003Coalescence-mBHI-p3,6,444927,D10-e003Coalescence-mBHI-p7,101638
46,A4-e003Coalescence-mBHI-p3,7,1204293,D10-e003Coalescence-mBHI-p7,101638
47,C9-e003Coalescence-mGAM-p5,0,810866,D10-e003Coalescence-mBHI-p7,101638
48,C2-e003Coalescence-mGAM-p5,9,1502257,D10-e003Coalescence-mBHI-p7,101638
49,C8-e003Coalescence-mBHI-p5,16,1338159,D10-e003Coalescence-mBHI-p7,101638
50,B4-e003Coalescence-Inoculumn-mBHI,3,563867,D10-e003Coalescence-mBHI-p7,101638
51,C5-e003Coalescence-Inoculumn-mGAM,4,1530071,D10-e003Coalescence-mBHI-p7,101638
52,C4-e003Coalescence-mBHI-p5,7,881699,D10-e003Coalescence-mBHI-p7,101638
53,A4-e003Coalescence-Inoculumn-mGAM,8,1506279,D10-e003Coalescence-mBHI-p7,101638
54,C2-e003Coalescence-mBHI-p7,2,569461,D10-e003Coalescence-mBHI-p7,101638
55,C10-e003Coalescence-mGAM-p7,6,1547140,D10-e003Coalescence-mBHI-p7,101638
56,C10-e003Coalescence-mBHI-p3,12,1524472,D10-e003Coalescence-mBHI-p7,101638
57,H4-e003Coalescence-mGAM-p7_S183,5,991821,D10-e003Coalescence-mBHI-p7,101638
58,F5-e003Coalescence-mGAM-p5_S64,1,468781,D10-e003Coalescence-mBHI-p7,101638
59,F100-e003Coalescence-mGAM-p7_S163,1,1155108,D10-e003Coalescence-mBHI-p7,101638
60,E3-e003Coalescence-mGAM-p3_S58,4,516408,D10-e003Coalescence-mBHI-p7,101638
61,G4-e003Coalescence-mBHI-p5_S27,2,878137,D10-e003Coalescence-mBHI-p7,101638
62,G2-e003Coalescence-mBHI-p3_S33,10,1521290,D10-e003Coalescence-mBHI-p7,101638
63,G100-e003Coalescence-mGAM-p3_S179,3,1153539,D10-e003Coalescence-mBHI-p7,101638
64,G111-e003Coalescence-mBHI-p5_S32,1,1154220,D10-e003Coalescence-mBHI-p7,101638
65,E3-e003Coalescence-mBHI-p3_S10,4,711439,D10-e003Coalescence-mBHI-p7,101638
66,F2-e003Coalescence-mGAM-p7_S157,0,556375,D10-e003Coalescence-mBHI-p7,101638
67,E100-e003Coalescence-mGAM-p3_S155,8,1461251,D10-e003Coalescence-mBHI-p7,101638
68,E3-e003Coalescence-mGAM-p5_S50,7,1371172,D10-e003Coalescence-mBHI-p7,101638
69,H100-e003Coalescence-mBHI-p5_S43,2,925751,D10-e003Coalescence-mBHI-p7,101638
70,F2-e003Coalescence-mGAM-p5_S61,3,1281223,D10-e003Coalescence-mBHI-p7,101638
71,G100-e003Coalescence-mBHI-p5_S31,1,829979,D10-e003Coalescence-mBHI-p7,101638
72,G4-e003Coalescence-mBHI-p3_S35,0,474244,D10-e003Coalescence-mBHI-p7,101638
73,E4-e003Coalescence-mBHI-p5_S3,9,1426946,D10-e003Coalescence-mBHI-p7,101638
74,E4-e003Coalescence-mGAM-p5_S51,9,579225,D10-e003Coalescence-mBHI-p7,101638
75,G9-e003Coalescence-mGAM-p7_S174,3,622414,D10-e003Coalescence-mBHI-p7,101638
76,E8-e003Coalescence-mGAM-p3_S153,2,1489557,D10-e003Coalescence-mBHI-p7,101638
77,G100-e003Coalescence-mGAM-p7_S175,0,673821,D10-e003Coalescence-mBHI-p7,101638
78,G3-e003Coalescence-mBHI-p7_S122,0,531581,D10-e003Coalescence-mBHI-p7,101638
79,G4-e003Coalescence-mGAM-p5_S75,4,1533148,D10-e003Coalescence-mBHI-p7,101638
80,G8-e003Coalescence-mBHI-p3_S129,4,840340,D10-e003Coalescence-mBHI-p7,101638
81,G2-e003Coalescence-mGAM-p5_S73,7,1525280,D10-e003Coalescence-mBHI-p7,101638
82,E100-e003Coalescence-mGAM-p5_S55,11,1291155,D10-e003Coalescence-mBHI-p7,101638
83,G4-e003Coalescence-mGAM-p3_S83,4,1536688,D10-e003Coalescence-mBHI-p7,101638
84,F4-e003Coalescence-mBHI-p7_S111,1,477586,D10-e003Coalescence-mBHI-p7,101638
85,G4-e003Coalescence-mGAM-p7_S171,6,1471075,D10-e003Coalescence-mBHI-p7,101638
86,F100-e003Coalescence-mBHI-p7_S115,1,1350695,D10-e003Coalescence-mBHI-p7,101638
87,E3-e003Coalescence-mGAM-p7_S146,5,1297929,D10-e003Coalescence-mBHI-p7,101638
88,E3-e003Coalescence-mBHI-p5_S2,5,758841,D10-e003Coalescence-mBHI-p7,101638
89,G2-e003Coalescence-mBHI-p7_S121,5,1251923,D10-e003Coalescence-mBHI-p7,101638
90,F2-e003Coalescence-mBHI-p5_S13,5,1483168,D10-e003Coalescence-mBHI-p7,101638
91,F2-e003Coalescence-mGAM-p3_S69,1,1044013,D10-e003Coalescence-mBHI-p7,101638
92,G100-e003Coalescence-mGAM-p5_S79,5,1518875,D10-e003Coalescence-mBHI-p7,101638
93,E4-e003Coalescence-mGAM-p7_S147,1,1030477,D10-e003Coalescence-mBHI-p7,101638
94,E4-e003Coalescence-mGAM-p3_S59,9,1512400,D10-e003Coalescence-mBHI-p7,101638
95,H100-e003Coalescence-mBHI-p7_S139,1,1461470,D10-e003Coalescence-mBHI-p7,101638
96,G8-e003Coalescence-mBHI-p5_S29,9,757680,D10-e003Coalescence-mBHI-p7,101638
97,G2-e003Coalescence-mBHI-p5_S25,5,1534425,D10-e003Coalescence-mBHI-p7,101638
98,G8-e003Coalescence-mGAM-p7_S173,10,1390044,D10-e003Coalescence-mBHI-p7,101638
99,E4-e003Coalescence-mBHI-p3_S11,9,1489708,D10-e003Coalescence-mBHI-p7,101638
100,G9-e003Coalescence-mBHI-p5_S30,5,972978,D10-e003Coalescence-mBHI-p7,101638
101,E100-e003Coalescence-mGAM-p7_S151,8,1431882,D10-e003Coalescence-mBHI-p7,101638
102,G9-e003Coalescence-mGAM-p3_S178,5,1118807,D10-e003Coalescence-mBHI-p7,101638
103,G2-e003Coalescence-mGAM-p3_S81,9,1516772,D10-e003Coalescence-mBHI-p7,101638
104,G100-e003Coalescence-mBHI-p7_S127,0,560797,D10-e003Coalescence-mBHI-p7,101638
0,C9-e003Coalescence-mGAM-p3,1,712205,B10-e003GlycerolRevival-mGAM-p2,101638
1,C11-e003Coalescence-mBHI-p3,0,455308,B10-e003GlycerolRevival-mGAM-p2,101638
2,C9-e003Coalescence-mGAM-p7,0,500113,B10-e003GlycerolRevival-mGAM-p2,101638
3,C8-e003Coalescence-mGAM-p7,3,1423925,B10-e003GlycerolRevival-mGAM-p2,101638
4,D10-e003Coalescence-mBHI-p3,2,592022,B10-e003GlycerolRevival-mGAM-p2,101638
5,B2-e003Coalescence-mBHI-p3,2,640269,B10-e003GlycerolRevival-mGAM-p2,101638
6,A4-e003Coalescence-mBHI-p7,3,1046978,B10-e003GlycerolRevival-mGAM-p2,101638
7,B3-e003Coalescence-mBHI-p3,9,851498,B10-e003GlycerolRevival-mGAM-p2,101638
8,C2-e003Coalescence-mBHI-p5,4,1531728,B10-e003GlycerolRevival-mGAM-p2,101638
9,C4-e003GlycerolRevival-mBHI-p2,2,655282,B10-e003GlycerolRevival-mGAM-p2,101638
10,B2-e003Coalescence-mBHI-p5,4,1376755,B10-e003GlycerolRevival-mGAM-p2,101638
11,C4-e003Coalescence-mGAM-p7,4,1491174,B10-e003GlycerolRevival-mGAM-p2,101638
12,B10-e003Assembly-mGAM-p5,1,708824,B10-e003GlycerolRevival-mGAM-p2,101638
13,C2-e003Coalescence-mGAM-p7,4,1544636,B10-e003GlycerolRevival-mGAM-p2,101638
14,C9-e003Coalescence-mBHI-p5,3,843947,B10-e003GlycerolRevival-mGAM-p2,101638
15,C2-e003Coalescence-mBHI-p3,4,1550808,B10-e003GlycerolRevival-mGAM-p2,101638
16,C9-e003Coalescence-mBHI-p3,3,1477971,B10-e003GlycerolRevival-mGAM-p2,101638
17,D10-e003Coalescence-mGAM-p5,1,895834,B10-e003GlycerolRevival-mGAM-p2,101638
18,C2-e003Coalescence-mGAM-p3,4,1349817,B10-e003GlycerolRevival-mGAM-p2,101638
19,B10-e003Coalescence-mBHI-p5,3,751178,B10-e003GlycerolRevival-mGAM-p2,101638
20,C4-e003Coalescence-mGAM-p5,3,1406224,B10-e003GlycerolRevival-mGAM-p2,101638
21,D5-e003Coalescence-mBHI-p5,5,1486364,B10-e003GlycerolRevival-mGAM-p2,101638
22,D3-e003Assembly-mBHI-p3,5,768389,B10-e003GlycerolRevival-mGAM-p2,101638
23,C4-e003Coalescence-mGAM-p3,4,1546978,B10-e003GlycerolRevival-mGAM-p2,101638
24,D3-e003Assembly-mBHI-p5,6,1546651,B10-e003GlycerolRevival-mGAM-p2,101638
25,A10-e003Coalescence-mGAM-p3,4,1530862,B10-e003GlycerolRevival-mGAM-p2,101638
26,B2-e003Coalescence-mGAM-p3,2,442858,B10-e003GlycerolRevival-mGAM-p2,101638
27,D3-e003Coalescence-mGAM-p5,3,515212,B10-e003GlycerolRevival-mGAM-p2,101638
28,C10-e003Coalescence-mGAM-p3,3,1520946,B10-e003GlycerolRevival-mGAM-p2,101638
29,C3-e003Coalescence-Inoculumn-mGAM,0,473234,B10-e003GlycerolRevival-mGAM-p2,101638
30,D4-e003Coalescence-Inoculumn-mBHI,5,618720,B10-e003GlycerolRevival-mGAM-p2,101638
31,A4-e003Coalescence-mBHI-p5,2,958917,B10-e003GlycerolRevival-mGAM-p2,101638
32,D10-e003Coalescence-mGAM-p7,2,938266,B10-e003GlycerolRevival-mGAM-p2,101638
33,C11-e003Coalescence-mGAM-p3,0,727674,B10-e003GlycerolRevival-mGAM-p2,101638
34,C10-e003Coalescence-mBHI-p7,9,636171,B10-e003GlycerolRevival-mGAM-p2,101638
35,B10-e003Coalescence-mBHI-p3,3,1064478,B10-e003GlycerolRevival-mGAM-p2,101638
36,C11-e003Coalescence-mBHI-p5,4,1515011,B10-e003GlycerolRevival-mGAM-p2,101638
37,C2-e003Coalescence-Inoculumn-mGAM,0,514343,B10-e003GlycerolRevival-mGAM-p2,101638
38,B4-e003Coalescence-Inoculumn-mGAM,3,1527645,B10-e003GlycerolRevival-mGAM-p2,101638
39,A10-e003Coalescence-mGAM-p7,3,1119734,B10-e003GlycerolRevival-mGAM-p2,101638
40,C4-e003Coalescence-Inoculumn-mGAM,4,1354072,B10-e003GlycerolRevival-mGAM-p2,101638
41,B10-e003Assembly-mGAM-p3,0,526228,B10-e003GlycerolRevival-mGAM-p2,101638
42,D10-e003Coalescence-mBHI-p7,3,560357,B10-e003GlycerolRevival-mGAM-p2,101638
43,B10-e003GlycerolRevival-mGAM-p2,0,912883,B10-e003GlycerolRevival-mGAM-p2,101638
44,C10-e003Coalescence-mGAM-p5,3,1544682,B10-e003GlycerolRevival-mGAM-p2,101638
45,A3-e003Coalescence-mBHI-p3,2,444927,B10-e003GlycerolRevival-mGAM-p2,101638
46,A4-e003Coalescence-mBHI-p3,3,1204293,B10-e003GlycerolRevival-mGAM-p2,101638
47,C9-e003Coalescence-mGAM-p5,1,810866,B10-e003GlycerolRevival-mGAM-p2,101638
48,C2-e003Coalescence-mGAM-p5,4,1502257,B10-e003GlycerolRevival-mGAM-p2,101638
49,C8-e003Coalescence-mBHI-p5,12,1338159,B10-e003GlycerolRevival-mGAM-p2,101638
50,B4-e003Coalescence-Inoculumn-mBHI,2,563867,B10-e003GlycerolRevival-mGAM-p2,101638
51,C5-e003Coalescence-Inoculumn-mGAM,5,1530071,B10-e003GlycerolRevival-mGAM-p2,101638
52,C4-e003Coalescence-mBHI-p5,6,881699,B10-e003GlycerolRevival-mGAM-p2,101638
53,A4-e003Coalescence-Inoculumn-mGAM,4,1506279,B10-e003GlycerolRevival-mGAM-p2,101638
54,C2-e003Coalescence-mBHI-p7,0,569461,B10-e003GlycerolRevival-mGAM-p2,101638
55,C10-e003Coalescence-mGAM-p7,3,1547140,B10-e003GlycerolRevival-mGAM-p2,101638
56,C10-e003Coalescence-mBHI-p3,4,1524472,B10-e003GlycerolRevival-mGAM-p2,101638
57,H4-e003Coalescence-mGAM-p7_S183,5,991821,B10-e003GlycerolRevival-mGAM-p2,101638
58,F5-e003Coalescence-mGAM-p5_S64,0,468781,B10-e003GlycerolRevival-mGAM-p2,101638
59,F100-e003Coalescence-mGAM-p7_S163,6,1155108,B10-e003GlycerolRevival-mGAM-p2,101638
60,E3-e003Coalescence-mGAM-p3_S58,5,516408,B10-e003GlycerolRevival-mGAM-p2,101638
61,G4-e003Coalescence-mBHI-p5_S27,6,878137,B10-e003GlycerolRevival-mGAM-p2,101638
62,G2-e003Coalescence-mBHI-p3_S33,7,1521290,B10-e003GlycerolRevival-mGAM-p2,101638
63,G100-e003Coalescence-mGAM-p3_S179,3,1153539,B10-e003GlycerolRevival-mGAM-p2,101638
64,G111-e003Coalescence-mBHI-p5_S32,6,1154220,B10-e003GlycerolRevival-mGAM-p2,101638
65,E3-e003Coalescence-mBHI-p3_S10,4,711439,B10-e003GlycerolRevival-mGAM-p2,101638
66,F2-e003Coalescence-mGAM-p7_S157,4,556375,B10-e003GlycerolRevival-mGAM-p2,101638
67,E100-e003Coalescence-mGAM-p3_S155,6,1461251,B10-e003GlycerolRevival-mGAM-p2,101638
68,E3-e003Coalescence-mGAM-p5_S50,5,1371172,B10-e003GlycerolRevival-mGAM-p2,101638
69,H100-e003Coalescence-mBHI-p5_S43,4,925751,B10-e003GlycerolRevival-mGAM-p2,101638
70,F2-e003Coalescence-mGAM-p5_S61,6,1281223,B10-e003GlycerolRevival-mGAM-p2,101638
71,G100-e003Coalescence-mBHI-p5_S31,1,829979,B10-e003GlycerolRevival-mGAM-p2,101638
72,G4-e003Coalescence-mBHI-p3_S35,3,474244,B10-e003GlycerolRevival-mGAM-p2,101638
73,E4-e003Coalescence-mBHI-p5_S3,8,1426946,B10-e003GlycerolRevival-mGAM-p2,101638
74,E4-e003Coalescence-mGAM-p5_S51,2,579225,B10-e003GlycerolRevival-mGAM-p2,101638
75,G9-e003Coalescence-mGAM-p7_S174,2,622414,B10-e003GlycerolRevival-mGAM-p2,101638
76,E8-e003Coalescence-mGAM-p3_S153,6,1489557,B10-e003GlycerolRevival-mGAM-p2,101638
77,G100-e003Coalescence-mGAM-p7_S175,3,673821,B10-e003GlycerolRevival-mGAM-p2,101638
78,G3-e003Coalescence-mBHI-p7_S122,1,531581,B10-e003GlycerolRevival-mGAM-p2,101638
79,G4-e003Coalescence-mGAM-p5_S75,8,1533148,B10-e003GlycerolRevival-mGAM-p2,101638
80,G8-e003Coalescence-mBHI-p3_S129,1,840340,B10-e003GlycerolRevival-mGAM-p2,101638
81,G2-e003Coalescence-mGAM-p5_S73,7,1525280,B10-e003GlycerolRevival-mGAM-p2,101638
82,E100-e003Coalescence-mGAM-p5_S55,5,1291155,B10-e003GlycerolRevival-mGAM-p2,101638
83,G4-e003Coalescence-mGAM-p3_S83,8,1536688,B10-e003GlycerolRevival-mGAM-p2,101638
84,F4-e003Coalescence-mBHI-p7_S111,3,477586,B10-e003GlycerolRevival-mGAM-p2,101638
85,G4-e003Coalescence-mGAM-p7_S171,6,1471075,B10-e003GlycerolRevival-mGAM-p2,101638
86,F100-e003Coalescence-mBHI-p7_S115,8,1350695,B10-e003GlycerolRevival-mGAM-p2,101638
87,E3-e003Coalescence-mGAM-p7_S146,3,1297929,B10-e003GlycerolRevival-mGAM-p2,101638
88,E3-e003Coalescence-mBHI-p5_S2,1,758841,B10-e003GlycerolRevival-mGAM-p2,101638
89,G2-e003Coalescence-mBHI-p7_S121,7,1251923,B10-e003GlycerolRevival-mGAM-p2,101638
90,F2-e003Coalescence-mBHI-p5_S13,5,1483168,B10-e003GlycerolRevival-mGAM-p2,101638
91,F2-e003Coalescence-mGAM-p3_S69,3,1044013,B10-e003GlycerolRevival-mGAM-p2,101638
92,G100-e003Coalescence-mGAM-p5_S79,2,1518875,B10-e003GlycerolRevival-mGAM-p2,101638
93,E4-e003Coalescence-mGAM-p7_S147,4,1030477,B10-e003GlycerolRevival-mGAM-p2,101638
94,E4-e003Coalescence-mGAM-p3_S59,8,1512400,B10-e003GlycerolRevival-mGAM-p2,101638
95,H100-e003Coalescence-mBHI-p7_S139,8,1461470,B10-e003GlycerolRevival-mGAM-p2,101638
96,G8-e003Coalescence-mBHI-p5_S29,8,757680,B10-e003GlycerolRevival-mGAM-p2,101638
97,G2-e003Coalescence-mBHI-p5_S25,8,1534425,B10-e003GlycerolRevival-mGAM-p2,101638
98,G8-e003Coalescence-mGAM-p7_S173,8,1390044,B10-e003GlycerolRevival-mGAM-p2,101638
99,E4-e003Coalescence-mBHI-p3_S11,6,1489708,B10-e003GlycerolRevival-mGAM-p2,101638
100,G9-e003Coalescence-mBHI-p5_S30,6,972978,B10-e003GlycerolRevival-mGAM-p2,101638
101,E100-e003Coalescence-mGAM-p7_S151,7,1431882,B10-e003GlycerolRevival-mGAM-p2,101638
102,G9-e003Coalescence-mGAM-p3_S178,7,1118807,B10-e003GlycerolRevival-mGAM-p2,101638
103,G2-e003Coalescence-mGAM-p3_S81,7,1516772,B10-e003GlycerolRevival-mGAM-p2,101638
104,G100-e003Coalescence-mBHI-p7_S127,5,560797,B10-e003GlycerolRevival-mGAM-p2,101638
0,C9-e003Coalescence-mGAM-p3,3,712205,C10-e003Coalescence-mGAM-p5,101638
1,C11-e003Coalescence-mBHI-p3,0,455308,C10-e003Coalescence-mGAM-p5,101638
2,C9-e003Coalescence-mGAM-p7,0,500113,C10-e003Coalescence-mGAM-p5,101638
3,C8-e003Coalescence-mGAM-p7,4,1423925,C10-e003Coalescence-mGAM-p5,101638
4,D10-e003Coalescence-mBHI-p3,4,592022,C10-e003Coalescence-mGAM-p5,101638
5,B2-e003Coalescence-mBHI-p3,2,640269,C10-e003Coalescence-mGAM-p5,101638
6,A4-e003Coalescence-mBHI-p7,3,1046978,C10-e003Coalescence-mGAM-p5,101638
7,B3-e003Coalescence-mBHI-p3,27,851498,C10-e003Coalescence-mGAM-p5,101638
8,C2-e003Coalescence-mBHI-p5,5,1531728,C10-e003Coalescence-mGAM-p5,101638
9,C4-e003GlycerolRevival-mBHI-p2,4,655282,C10-e003Coalescence-mGAM-p5,101638
10,B2-e003Coalescence-mBHI-p5,8,1376755,C10-e003Coalescence-mGAM-p5,101638
11,C4-e003Coalescence-mGAM-p7,3,1491174,C10-e003Coalescence-mGAM-p5,101638
12,B10-e003Assembly-mGAM-p5,0,708824,C10-e003Coalescence-mGAM-p5,101638
13,C2-e003Coalescence-mGAM-p7,3,1544636,C10-e003Coalescence-mGAM-p5,101638
14,C9-e003Coalescence-mBHI-p5,3,843947,C10-e003Coalescence-mGAM-p5,101638
15,C2-e003Coalescence-mBHI-p3,5,1550808,C10-e003Coalescence-mGAM-p5,101638
16,C9-e003Coalescence-mBHI-p3,5,1477971,C10-e003Coalescence-mGAM-p5,101638
17,D10-e003Coalescence-mGAM-p5,5,895834,C10-e003Coalescence-mGAM-p5,101638
18,C2-e003Coalescence-mGAM-p3,3,1349817,C10-e003Coalescence-mGAM-p5,101638
19,B10-e003Coalescence-mBHI-p5,3,751178,C10-e003Coalescence-mGAM-p5,101638
20,C4-e003Coalescence-mGAM-p5,2,1406224,C10-e003Coalescence-mGAM-p5,101638
21,D5-e003Coalescence-mBHI-p5,6,1486364,C10-e003Coalescence-mGAM-p5,101638
22,D3-e003Assembly-mBHI-p3,5,768389,C10-e003Coalescence-mGAM-p5,101638
23,C4-e003Coalescence-mGAM-p3,3,1546978,C10-e003Coalescence-mGAM-p5,101638
24,D3-e003Assembly-mBHI-p5,8,1546651,C10-e003Coalescence-mGAM-p5,101638
25,A10-e003Coalescence-mGAM-p3,4,1530862,C10-e003Coalescence-mGAM-p5,101638
26,B2-e003Coalescence-mGAM-p3,3,442858,C10-e003Coalescence-mGAM-p5,101638
27,D3-e003Coalescence-mGAM-p5,3,515212,C10-e003Coalescence-mGAM-p5,101638
28,C10-e003Coalescence-mGAM-p3,3,1520946,C10-e003Coalescence-mGAM-p5,101638
29,C3-e003Coalescence-Inoculumn-mGAM,3,473234,C10-e003Coalescence-mGAM-p5,101638
30,D4-e003Coalescence-Inoculumn-mBHI,6,618720,C10-e003Coalescence-mGAM-p5,101638
31,A4-e003Coalescence-mBHI-p5,4,958917,C10-e003Coalescence-mGAM-p5,101638
32,D10-e003Coalescence-mGAM-p7,6,938266,C10-e003Coalescence-mGAM-p5,101638
33,C11-e003Coalescence-mGAM-p3,2,727674,C10-e003Coalescence-mGAM-p5,101638
34,C10-e003Coalescence-mBHI-p7,14,636171,C10-e003Coalescence-mGAM-p5,101638
35,B10-e003Coalescence-mBHI-p3,1,1064478,C10-e003Coalescence-mGAM-p5,101638
36,C11-e003Coalescence-mBHI-p5,4,1515011,C10-e003Coalescence-mGAM-p5,101638
37,C2-e003Coalescence-Inoculumn-mGAM,1,514343,C10-e003Coalescence-mGAM-p5,101638
38,B4-e003Coalescence-Inoculumn-mGAM,5,1527645,C10-e003Coalescence-mGAM-p5,101638
39,A10-e003Coalescence-mGAM-p7,2,1119734,C10-e003Coalescence-mGAM-p5,101638
40,C4-e003Coalescence-Inoculumn-mGAM,2,1354072,C10-e003Coalescence-mGAM-p5,101638
41,B10-e003Assembly-mGAM-p3,1,526228,C10-e003Coalescence-mGAM-p5,101638
42,D10-e003Coalescence-mBHI-p7,2,560357,C10-e003Coalescence-mGAM-p5,101638
43,B10-e003GlycerolRevival-mGAM-p2,1,912883,C10-e003Coalescence-mGAM-p5,101638
44,C10-e003Coalescence-mGAM-p5,0,1544682,C10-e003Coalescence-mGAM-p5,101638
45,A3-e003Coalescence-mBHI-p3,3,444927,C10-e003Coalescence-mGAM-p5,101638
46,A4-e003Coalescence-mBHI-p3,5,1204293,C10-e003Coalescence-mGAM-p5,101638
47,C9-e003Coalescence-mGAM-p5,2,810866,C10-e003Coalescence-mGAM-p5,101638
48,C2-e003Coalescence-mGAM-p5,5,1502257,C10-e003Coalescence-mGAM-p5,101638
49,C8-e003Coalescence-mBHI-p5,11,1338159,C10-e003Coalescence-mGAM-p5,101638
50,B4-e003Coalescence-Inoculumn-mBHI,11,563867,C10-e003Coalescence-mGAM-p5,101638
51,C5-e003Coalescence-Inoculumn-mGAM,4,1530071,C10-e003Coalescence-mGAM-p5,101638
52,C4-e003Coalescence-mBHI-p5,14,881699,C10-e003Coalescence-mGAM-p5,101638
53,A4-e003Coalescence-Inoculumn-mGAM,5,1506279,C10-e003Coalescence-mGAM-p5,101638
54,C2-e003Coalescence-mBHI-p7,1,569461,C10-e003Coalescence-mGAM-p5,101638
55,C10-e003Coalescence-mGAM-p7,3,1547140,C10-e003Coalescence-mGAM-p5,101638
56,C10-e003Coalescence-mBHI-p3,3,1524472,C10-e003Coalescence-mGAM-p5,101638
57,H4-e003Coalescence-mGAM-p7_S183,9,991821,C10-e003Coalescence-mGAM-p5,101638
58,F5-e003Coalescence-mGAM-p5_S64,3,468781,C10-e003Coalescence-mGAM-p5,101638
59,F100-e003Coalescence-mGAM-p7_S163,9,1155108,C10-e003Coalescence-mGAM-p5,101638
60,E3-e003Coalescence-mGAM-p3_S58,5,516408,C10-e003Coalescence-mGAM-p5,101638
61,G4-e003Coalescence-mBHI-p5_S27,4,878137,C10-e003Coalescence-mGAM-p5,101638
62,G2-e003Coalescence-mBHI-p3_S33,10,1521290,C10-e003Coalescence-mGAM-p5,101638
63,G100-e003Coalescence-mGAM-p3_S179,3,1153539,C10-e003Coalescence-mGAM-p5,101638
64,G111-e003Coalescence-mBHI-p5_S32,12,1154220,C10-e003Coalescence-mGAM-p5,101638
65,E3-e003Coalescence-mBHI-p3_S10,5,711439,C10-e003Coalescence-mGAM-p5,101638
66,F2-e003Coalescence-mGAM-p7_S157,3,556375,C10-e003Coalescence-mGAM-p5,101638
67,E100-e003Coalescence-mGAM-p3_S155,6,1461251,C10-e003Coalescence-mGAM-p5,101638
68,E3-e003Coalescence-mGAM-p5_S50,9,1371172,C10-e003Coalescence-mGAM-p5,101638
69,H100-e003Coalescence-mBHI-p5_S43,5,925751,C10-e003Coalescence-mGAM-p5,101638
70,F2-e003Coalescence-mGAM-p5_S61,5,1281223,C10-e003Coalescence-mGAM-p5,101638
71,G100-e003Coalescence-mBHI-p5_S31,2,829979,C10-e003Coalescence-mGAM-p5,101638
72,G4-e003Coalescence-mBHI-p3_S35,9,474244,C10-e003Coalescence-mGAM-p5,101638
73,E4-e003Coalescence-mBHI-p5_S3,14,1426946,C10-e003Coalescence-mGAM-p5,101638
74,E4-e003Coalescence-mGAM-p5_S51,0,579225,C10-e003Coalescence-mGAM-p5,101638
75,G9-e003Coalescence-mGAM-p7_S174,3,622414,C10-e003Coalescence-mGAM-p5,101638
76,E8-e003Coalescence-mGAM-p3_S153,12,1489557,C10-e003Coalescence-mGAM-p5,101638
77,G100-e003Coalescence-mGAM-p7_S175,5,673821,C10-e003Coalescence-mGAM-p5,101638
78,G3-e003Coalescence-mBHI-p7_S122,7,531581,C10-e003Coalescence-mGAM-p5,101638
79,G4-e003Coalescence-mGAM-p5_S75,10,1533148,C10-e003Coalescence-mGAM-p5,101638
80,G8-e003Coalescence-mBHI-p3_S129,7,840340,C10-e003Coalescence-mGAM-p5,101638
81,G2-e003Coalescence-mGAM-p5_S73,13,1525280,C10-e003Coalescence-mGAM-p5,101638
82,E100-e003Coalescence-mGAM-p5_S55,8,1291155,C10-e003Coalescence-mGAM-p5,101638
83,G4-e003Coalescence-mGAM-p3_S83,12,1536688,C10-e003Coalescence-mGAM-p5,101638
84,F4-e003Coalescence-mBHI-p7_S111,4,477586,C10-e003Coalescence-mGAM-p5,101638
85,G4-e003Coalescence-mGAM-p7_S171,10,1471075,C10-e003Coalescence-mGAM-p5,101638
86,F100-e003Coalescence-mBHI-p7_S115,10,1350695,C10-e003Coalescence-mGAM-p5,101638
87,E3-e003Coalescence-mGAM-p7_S146,12,1297929,C10-e003Coalescence-mGAM-p5,101638
88,E3-e003Coalescence-mBHI-p5_S2,2,758841,C10-e003Coalescence-mGAM-p5,101638
89,G2-e003Coalescence-mBHI-p7_S121,12,1251923,C10-e003Coalescence-mGAM-p5,101638
90,F2-e003Coalescence-mBHI-p5_S13,10,1483168,C10-e003Coalescence-mGAM-p5,101638
91,F2-e003Coalescence-mGAM-p3_S69,2,1044013,C10-e003Coalescence-mGAM-p5,101638
92,G100-e003Coalescence-mGAM-p5_S79,3,1518875,C10-e003Coalescence-mGAM-p5,101638
93,E4-e003Coalescence-mGAM-p7_S147,7,1030477,C10-e003Coalescence-mGAM-p5,101638
94,E4-e003Coalescence-mGAM-p3_S59,12,1512400,C10-e003Coalescence-mGAM-p5,101638
95,H100-e003Coalescence-mBHI-p7_S139,15,1461470,C10-e003Coalescence-mGAM-p5,101638
96,G8-e003Coalescence-mBHI-p5_S29,13,757680,C10-e003Coalescence-mGAM-p5,101638
97,G2-e003Coalescence-mBHI-p5_S25,13,1534425,C10-e003Coalescence-mGAM-p5,101638
98,G8-e003Coalescence-mGAM-p7_S173,10,1390044,C10-e003Coalescence-mGAM-p5,101638
99,E4-e003Coalescence-mBHI-p3_S11,8,1489708,C10-e003Coalescence-mGAM-p5,101638
100,G9-e003Coalescence-mBHI-p5_S30,11,972978,C10-e003Coalescence-mGAM-p5,101638
101,E100-e003Coalescence-mGAM-p7_S151,13,1431882,C10-e003Coalescence-mGAM-p5,101638
102,G9-e003Coalescence-mGAM-p3_S178,8,1118807,C10-e003Coalescence-mGAM-p5,101638
103,G2-e003Coalescence-mGAM-p3_S81,13,1516772,C10-e003Coalescence-mGAM-p5,101638
104,G100-e003Coalescence-mBHI-p7_S127,3,560797,C10-e003Coalescence-mGAM-p5,101638
0,C9-e003Coalescence-mGAM-p3,6,712205,A3-e003Coalescence-mBHI-p3,101638
1,C11-e003Coalescence-mBHI-p3,0,455308,A3-e003Coalescence-mBHI-p3,101638
2,C9-e003Coalescence-mGAM-p7,16,500113,A3-e003Coalescence-mBHI-p3,101638
3,C8-e003Coalescence-mGAM-p7,6,1423925,A3-e003Coalescence-mBHI-p3,101638
4,D10-e003Coalescence-mBHI-p3,11,592022,A3-e003Coalescence-mBHI-p3,101638
5,B2-e003Coalescence-mBHI-p3,2,640269,A3-e003Coalescence-mBHI-p3,101638
6,A4-e003Coalescence-mBHI-p7,1,1046978,A3-e003Coalescence-mBHI-p3,101638
7,B3-e003Coalescence-mBHI-p3,2,851498,A3-e003Coalescence-mBHI-p3,101638
8,C2-e003Coalescence-mBHI-p5,4,1531728,A3-e003Coalescence-mBHI-p3,101638
9,C4-e003GlycerolRevival-mBHI-p2,6,655282,A3-e003Coalescence-mBHI-p3,101638
10,B2-e003Coalescence-mBHI-p5,8,1376755,A3-e003Coalescence-mBHI-p3,101638
11,C4-e003Coalescence-mGAM-p7,8,1491174,A3-e003Coalescence-mBHI-p3,101638
12,B10-e003Assembly-mGAM-p5,1,708824,A3-e003Coalescence-mBHI-p3,101638
13,C2-e003Coalescence-mGAM-p7,8,1544636,A3-e003Coalescence-mBHI-p3,101638
14,C9-e003Coalescence-mBHI-p5,13,843947,A3-e003Coalescence-mBHI-p3,101638
15,C2-e003Coalescence-mBHI-p3,7,1550808,A3-e003Coalescence-mBHI-p3,101638
16,C9-e003Coalescence-mBHI-p3,15,1477971,A3-e003Coalescence-mBHI-p3,101638
17,D10-e003Coalescence-mGAM-p5,9,895834,A3-e003Coalescence-mBHI-p3,101638
18,C2-e003Coalescence-mGAM-p3,3,1349817,A3-e003Coalescence-mBHI-p3,101638
19,B10-e003Coalescence-mBHI-p5,4,751178,A3-e003Coalescence-mBHI-p3,101638
20,C4-e003Coalescence-mGAM-p5,7,1406224,A3-e003Coalescence-mBHI-p3,101638
21,D5-e003Coalescence-mBHI-p5,7,1486364,A3-e003Coalescence-mBHI-p3,101638
22,D3-e003Assembly-mBHI-p3,11,768389,A3-e003Coalescence-mBHI-p3,101638
23,C4-e003Coalescence-mGAM-p3,7,1546978,A3-e003Coalescence-mBHI-p3,101638
24,D3-e003Assembly-mBHI-p5,11,1546651,A3-e003Coalescence-mBHI-p3,101638
25,A10-e003Coalescence-mGAM-p3,7,1530862,A3-e003Coalescence-mBHI-p3,101638
26,B2-e003Coalescence-mGAM-p3,1,442858,A3-e003Coalescence-mBHI-p3,101638
27,D3-e003Coalescence-mGAM-p5,1,515212,A3-e003Coalescence-mBHI-p3,101638
28,C10-e003Coalescence-mGAM-p3,9,1520946,A3-e003Coalescence-mBHI-p3,101638
29,C3-e003Coalescence-Inoculumn-mGAM,3,473234,A3-e003Coalescence-mBHI-p3,101638
30,D4-e003Coalescence-Inoculumn-mBHI,0,618720,A3-e003Coalescence-mBHI-p3,101638
31,A4-e003Coalescence-mBHI-p5,5,958917,A3-e003Coalescence-mBHI-p3,101638
32,D10-e003Coalescence-mGAM-p7,7,938266,A3-e003Coalescence-mBHI-p3,101638
33,C11-e003Coalescence-mGAM-p3,7,727674,A3-e003Coalescence-mBHI-p3,101638
34,C10-e003Coalescence-mBHI-p7,5,636171,A3-e003Coalescence-mBHI-p3,101638
35,B10-e003Coalescence-mBHI-p3,9,1064478,A3-e003Coalescence-mBHI-p3,101638
36,C11-e003Coalescence-mBHI-p5,9,1515011,A3-e003Coalescence-mBHI-p3,101638
37,C2-e003Coalescence-Inoculumn-mGAM,5,514343,A3-e003Coalescence-mBHI-p3,101638
38,B4-e003Coalescence-Inoculumn-mGAM,17,1527645,A3-e003Coalescence-mBHI-p3,101638
39,A10-e003Coalescence-mGAM-p7,6,1119734,A3-e003Coalescence-mBHI-p3,101638
40,C4-e003Coalescence-Inoculumn-mGAM,9,1354072,A3-e003Coalescence-mBHI-p3,101638
41,B10-e003Assembly-mGAM-p3,2,526228,A3-e003Coalescence-mBHI-p3,101638
42,D10-e003Coalescence-mBHI-p7,7,560357,A3-e003Coalescence-mBHI-p3,101638
43,B10-e003GlycerolRevival-mGAM-p2,3,912883,A3-e003Coalescence-mBHI-p3,101638
44,C10-e003Coalescence-mGAM-p5,9,1544682,A3-e003Coalescence-mBHI-p3,101638
45,A3-e003Coalescence-mBHI-p3,0,444927,A3-e003Coalescence-mBHI-p3,101638
46,A4-e003Coalescence-mBHI-p3,3,1204293,A3-e003Coalescence-mBHI-p3,101638
47,C9-e003Coalescence-mGAM-p5,11,810866,A3-e003Coalescence-mBHI-p3,101638
48,C2-e003Coalescence-mGAM-p5,7,1502257,A3-e003Coalescence-mBHI-p3,101638
49,C8-e003Coalescence-mBHI-p5,0,1338159,A3-e003Coalescence-mBHI-p3,101638
50,B4-e003Coalescence-Inoculumn-mBHI,7,563867,A3-e003Coalescence-mBHI-p3,101638
51,C5-e003Coalescence-Inoculumn-mGAM,7,1530071,A3-e003Coalescence-mBHI-p3,101638
52,C4-e003Coalescence-mBHI-p5,2,881699,A3-e003Coalescence-mBHI-p3,101638
53,A4-e003Coalescence-Inoculumn-mGAM,7,1506279,A3-e003Coalescence-mBHI-p3,101638
54,C2-e003Coalescence-mBHI-p7,1,569461,A3-e003Coalescence-mBHI-p3,101638
55,C10-e003Coalescence-mGAM-p7,8,1547140,A3-e003Coalescence-mBHI-p3,101638
56,C10-e003Coalescence-mBHI-p3,7,1524472,A3-e003Coalescence-mBHI-p3,101638
57,H4-e003Coalescence-mGAM-p7_S183,9,991821,A3-e003Coalescence-mBHI-p3,101638
58,F5-e003Coalescence-mGAM-p5_S64,5,468781,A3-e003Coalescence-mBHI-p3,101638
59,F100-e003Coalescence-mGAM-p7_S163,7,1155108,A3-e003Coalescence-mBHI-p3,101638
60,E3-e003Coalescence-mGAM-p3_S58,2,516408,A3-e003Coalescence-mBHI-p3,101638
61,G4-e003Coalescence-mBHI-p5_S27,3,878137,A3-e003Coalescence-mBHI-p3,101638
62,G2-e003Coalescence-mBHI-p3_S33,9,1521290,A3-e003Coalescence-mBHI-p3,101638
63,G100-e003Coalescence-mGAM-p3_S179,7,1153539,A3-e003Coalescence-mBHI-p3,101638
64,G111-e003Coalescence-mBHI-p5_S32,13,1154220,A3-e003Coalescence-mBHI-p3,101638
65,E3-e003Coalescence-mBHI-p3_S10,2,711439,A3-e003Coalescence-mBHI-p3,101638
66,F2-e003Coalescence-mGAM-p7_S157,0,556375,A3-e003Coalescence-mBHI-p3,101638
67,E100-e003Coalescence-mGAM-p3_S155,5,1461251,A3-e003Coalescence-mBHI-p3,101638
68,E3-e003Coalescence-mGAM-p5_S50,10,1371172,A3-e003Coalescence-mBHI-p3,101638
69,H100-e003Coalescence-mBHI-p5_S43,16,925751,A3-e003Coalescence-mBHI-p3,101638
70,F2-e003Coalescence-mGAM-p5_S61,6,1281223,A3-e003Coalescence-mBHI-p3,101638
71,G100-e003Coalescence-mBHI-p5_S31,6,829979,A3-e003Coalescence-mBHI-p3,101638
72,G4-e003Coalescence-mBHI-p3_S35,6,474244,A3-e003Coalescence-mBHI-p3,101638
73,E4-e003Coalescence-mBHI-p5_S3,8,1426946,A3-e003Coalescence-mBHI-p3,101638
74,E4-e003Coalescence-mGAM-p5_S51,6,579225,A3-e003Coalescence-mBHI-p3,101638
75,G9-e003Coalescence-mGAM-p7_S174,14,622414,A3-e003Coalescence-mBHI-p3,101638
76,E8-e003Coalescence-mGAM-p3_S153,4,1489557,A3-e003Coalescence-mBHI-p3,101638
77,G100-e003Coalescence-mGAM-p7_S175,2,673821,A3-e003Coalescence-mBHI-p3,101638
78,G3-e003Coalescence-mBHI-p7_S122,9,531581,A3-e003Coalescence-mBHI-p3,101638
79,G4-e003Coalescence-mGAM-p5_S75,7,1533148,A3-e003Coalescence-mBHI-p3,101638
80,G8-e003Coalescence-mBHI-p3_S129,4,840340,A3-e003Coalescence-mBHI-p3,101638
81,G2-e003Coalescence-mGAM-p5_S73,8,1525280,A3-e003Coalescence-mBHI-p3,101638
82,E100-e003Coalescence-mGAM-p5_S55,11,1291155,A3-e003Coalescence-mBHI-p3,101638
83,G4-e003Coalescence-mGAM-p3_S83,9,1536688,A3-e003Coalescence-mBHI-p3,101638
84,F4-e003Coalescence-mBHI-p7_S111,8,477586,A3-e003Coalescence-mBHI-p3,101638
85,G4-e003Coalescence-mGAM-p7_S171,9,1471075,A3-e003Coalescence-mBHI-p3,101638
86,F100-e003Coalescence-mBHI-p7_S115,12,1350695,A3-e003Coalescence-mBHI-p3,101638
87,E3-e003Coalescence-mGAM-p7_S146,11,1297929,A3-e003Coalescence-mBHI-p3,101638
88,E3-e003Coalescence-mBHI-p5_S2,5,758841,A3-e003Coalescence-mBHI-p3,101638
89,G2-e003Coalescence-mBHI-p7_S121,7,1251923,A3-e003Coalescence-mBHI-p3,101638
90,F2-e003Coalescence-mBHI-p5_S13,7,1483168,A3-e003Coalescence-mBHI-p3,101638
91,F2-e003Coalescence-mGAM-p3_S69,3,1044013,A3-e003Coalescence-mBHI-p3,101638
92,G100-e003Coalescence-mGAM-p5_S79,12,1518875,A3-e003Coalescence-mBHI-p3,101638
93,E4-e003Coalescence-mGAM-p7_S147,3,1030477,A3-e003Coalescence-mBHI-p3,101638
94,E4-e003Coalescence-mGAM-p3_S59,10,1512400,A3-e003Coalescence-mBHI-p3,101638
95,H100-e003Coalescence-mBHI-p7_S139,14,1461470,A3-e003Coalescence-mBHI-p3,101638
96,G8-e003Coalescence-mBHI-p5_S29,0,757680,A3-e003Coalescence-mBHI-p3,101638
97,G2-e003Coalescence-mBHI-p5_S25,10,1534425,A3-e003Coalescence-mBHI-p3,101638
98,G8-e003Coalescence-mGAM-p7_S173,12,1390044,A3-e003Coalescence-mBHI-p3,101638
99,E4-e003Coalescence-mBHI-p3_S11,9,1489708,A3-e003Coalescence-mBHI-p3,101638
100,G9-e003Coalescence-mBHI-p5_S30,15,972978,A3-e003Coalescence-mBHI-p3,101638
101,E100-e003Coalescence-mGAM-p7_S151,9,1431882,A3-e003Coalescence-mBHI-p3,101638
102,G9-e003Coalescence-mGAM-p3_S178,18,1118807,A3-e003Coalescence-mBHI-p3,101638
103,G2-e003Coalescence-mGAM-p3_S81,10,1516772,A3-e003Coalescence-mBHI-p3,101638
104,G100-e003Coalescence-mBHI-p7_S127,6,560797,A3-e003Coalescence-mBHI-p3,101638
0,C9-e003Coalescence-mGAM-p3,24,712205,A4-e003Coalescence-mBHI-p3,101638
1,C11-e003Coalescence-mBHI-p3,3,455308,A4-e003Coalescence-mBHI-p3,101638
2,C9-e003Coalescence-mGAM-p7,22,500113,A4-e003Coalescence-mBHI-p3,101638
3,C8-e003Coalescence-mGAM-p7,2,1423925,A4-e003Coalescence-mBHI-p3,101638
4,D10-e003Coalescence-mBHI-p3,24,592022,A4-e003Coalescence-mBHI-p3,101638
5,B2-e003Coalescence-mBHI-p3,2,640269,A4-e003Coalescence-mBHI-p3,101638
6,A4-e003Coalescence-mBHI-p7,0,1046978,A4-e003Coalescence-mBHI-p3,101638
7,B3-e003Coalescence-mBHI-p3,26,851498,A4-e003Coalescence-mBHI-p3,101638
8,C2-e003Coalescence-mBHI-p5,0,1531728,A4-e003Coalescence-mBHI-p3,101638
9,C4-e003GlycerolRevival-mBHI-p2,22,655282,A4-e003Coalescence-mBHI-p3,101638
10,B2-e003Coalescence-mBHI-p5,4,1376755,A4-e003Coalescence-mBHI-p3,101638
11,C4-e003Coalescence-mGAM-p7,0,1491174,A4-e003Coalescence-mBHI-p3,101638
12,B10-e003Assembly-mGAM-p5,1,708824,A4-e003Coalescence-mBHI-p3,101638
13,C2-e003Coalescence-mGAM-p7,0,1544636,A4-e003Coalescence-mBHI-p3,101638
14,C9-e003Coalescence-mBHI-p5,31,843947,A4-e003Coalescence-mBHI-p3,101638
15,C2-e003Coalescence-mBHI-p3,0,1550808,A4-e003Coalescence-mBHI-p3,101638
16,C9-e003Coalescence-mBHI-p3,27,1477971,A4-e003Coalescence-mBHI-p3,101638
17,D10-e003Coalescence-mGAM-p5,29,895834,A4-e003Coalescence-mBHI-p3,101638
18,C2-e003Coalescence-mGAM-p3,0,1349817,A4-e003Coalescence-mBHI-p3,101638
19,B10-e003Coalescence-mBHI-p5,9,751178,A4-e003Coalescence-mBHI-p3,101638
20,C4-e003Coalescence-mGAM-p5,0,1406224,A4-e003Coalescence-mBHI-p3,101638
21,D5-e003Coalescence-mBHI-p5,0,1486364,A4-e003Coalescence-mBHI-p3,101638
22,D3-e003Assembly-mBHI-p3,24,768389,A4-e003Coalescence-mBHI-p3,101638
23,C4-e003Coalescence-mGAM-p3,0,1546978,A4-e003Coalescence-mBHI-p3,101638
24,D3-e003Assembly-mBHI-p5,22,1546651,A4-e003Coalescence-mBHI-p3,101638
25,A10-e003Coalescence-mGAM-p3,1,1530862,A4-e003Coalescence-mBHI-p3,101638
26,B2-e003Coalescence-mGAM-p3,4,442858,A4-e003Coalescence-mBHI-p3,101638
27,D3-e003Coalescence-mGAM-p5,5,515212,A4-e003Coalescence-mBHI-p3,101638
28,C10-e003Coalescence-mGAM-p3,5,1520946,A4-e003Coalescence-mBHI-p3,101638
29,C3-e003Coalescence-Inoculumn-mGAM,4,473234,A4-e003Coalescence-mBHI-p3,101638
30,D4-e003Coalescence-Inoculumn-mBHI,10,618720,A4-e003Coalescence-mBHI-p3,101638
31,A4-e003Coalescence-mBHI-p5,0,958917,A4-e003Coalescence-mBHI-p3,101638
32,D10-e003Coalescence-mGAM-p7,6,938266,A4-e003Coalescence-mBHI-p3,101638
33,C11-e003Coalescence-mGAM-p3,27,727674,A4-e003Coalescence-mBHI-p3,101638
34,C10-e003Coalescence-mBHI-p7,12,636171,A4-e003Coalescence-mBHI-p3,101638
35,B10-e003Coalescence-mBHI-p3,16,1064478,A4-e003Coalescence-mBHI-p3,101638
36,C11-e003Coalescence-mBHI-p5,11,1515011,A4-e003Coalescence-mBHI-p3,101638
37,C2-e003Coalescence-Inoculumn-mGAM,0,514343,A4-e003Coalescence-mBHI-p3,101638
38,B4-e003Coalescence-Inoculumn-mGAM,34,1527645,A4-e003Coalescence-mBHI-p3,101638
39,A10-e003Coalescence-mGAM-p7,1,1119734,A4-e003Coalescence-mBHI-p3,101638
40,C4-e003Coalescence-Inoculumn-mGAM,2,1354072,A4-e003Coalescence-mBHI-p3,101638
41,B10-e003Assembly-mGAM-p3,3,526228,A4-e003Coalescence-mBHI-p3,101638
42,D10-e003Coalescence-mBHI-p7,7,560357,A4-e003Coalescence-mBHI-p3,101638
43,B10-e003GlycerolRevival-mGAM-p2,2,912883,A4-e003Coalescence-mBHI-p3,101638
44,C10-e003Coalescence-mGAM-p5,6,1544682,A4-e003Coalescence-mBHI-p3,101638
45,A3-e003Coalescence-mBHI-p3,3,444927,A4-e003Coalescence-mBHI-p3,101638
46,A4-e003Coalescence-mBHI-p3,0,1204293,A4-e003Coalescence-mBHI-p3,101638
47,C9-e003Coalescence-mGAM-p5,27,810866,A4-e003Coalescence-mBHI-p3,101638
48,C2-e003Coalescence-mGAM-p5,0,1502257,A4-e003Coalescence-mBHI-p3,101638
49,C8-e003Coalescence-mBHI-p5,6,1338159,A4-e003Coalescence-mBHI-p3,101638
50,B4-e003Coalescence-Inoculumn-mBHI,15,563867,A4-e003Coalescence-mBHI-p3,101638
51,C5-e003Coalescence-Inoculumn-mGAM,2,1530071,A4-e003Coalescence-mBHI-p3,101638
52,C4-e003Coalescence-mBHI-p5,8,881699,A4-e003Coalescence-mBHI-p3,101638
53,A4-e003Coalescence-Inoculumn-mGAM,2,1506279,A4-e003Coalescence-mBHI-p3,101638
54,C2-e003Coalescence-mBHI-p7,1,569461,A4-e003Coalescence-mBHI-p3,101638
55,C10-e003Coalescence-mGAM-p7,2,1547140,A4-e003Coalescence-mBHI-p3,101638
56,C10-e003Coalescence-mBHI-p3,4,1524472,A4-e003Coalescence-mBHI-p3,101638
57,H4-e003Coalescence-mGAM-p7_S183,7,991821,A4-e003Coalescence-mBHI-p3,101638
58,F5-e003Coalescence-mGAM-p5_S64,3,468781,A4-e003Coalescence-mBHI-p3,101638
59,F100-e003Coalescence-mGAM-p7_S163,9,1155108,A4-e003Coalescence-mBHI-p3,101638
60,E3-e003Coalescence-mGAM-p3_S58,5,516408,A4-e003Coalescence-mBHI-p3,101638
61,G4-e003Coalescence-mBHI-p5_S27,9,878137,A4-e003Coalescence-mBHI-p3,101638
62,G2-e003Coalescence-mBHI-p3_S33,3,1521290,A4-e003Coalescence-mBHI-p3,101638
63,G100-e003Coalescence-mGAM-p3_S179,1,1153539,A4-e003Coalescence-mBHI-p3,101638
64,G111-e003Coalescence-mBHI-p5_S32,35,1154220,A4-e003Coalescence-mBHI-p3,101638
65,E3-e003Coalescence-mBHI-p3_S10,1,711439,A4-e003Coalescence-mBHI-p3,101638
66,F2-e003Coalescence-mGAM-p7_S157,2,556375,A4-e003Coalescence-mBHI-p3,101638
67,E100-e003Coalescence-mGAM-p3_S155,3,1461251,A4-e003Coalescence-mBHI-p3,101638
68,E3-e003Coalescence-mGAM-p5_S50,6,1371172,A4-e003Coalescence-mBHI-p3,101638
69,H100-e003Coalescence-mBHI-p5_S43,30,925751,A4-e003Coalescence-mBHI-p3,101638
70,F2-e003Coalescence-mGAM-p5_S61,0,1281223,A4-e003Coalescence-mBHI-p3,101638
71,G100-e003Coalescence-mBHI-p5_S31,2,829979,A4-e003Coalescence-mBHI-p3,101638
72,G4-e003Coalescence-mBHI-p3_S35,13,474244,A4-e003Coalescence-mBHI-p3,101638
73,E4-e003Coalescence-mBHI-p5_S3,4,1426946,A4-e003Coalescence-mBHI-p3,101638
74,E4-e003Coalescence-mGAM-p5_S51,0,579225,A4-e003Coalescence-mBHI-p3,101638
75,G9-e003Coalescence-mGAM-p7_S174,19,622414,A4-e003Coalescence-mBHI-p3,101638
76,E8-e003Coalescence-mGAM-p3_S153,9,1489557,A4-e003Coalescence-mBHI-p3,101638
77,G100-e003Coalescence-mGAM-p7_S175,4,673821,A4-e003Coalescence-mBHI-p3,101638
78,G3-e003Coalescence-mBHI-p7_S122,28,531581,A4-e003Coalescence-mBHI-p3,101638
79,G4-e003Coalescence-mGAM-p5_S75,2,1533148,A4-e003Coalescence-mBHI-p3,101638
80,G8-e003Coalescence-mBHI-p3_S129,7,840340,A4-e003Coalescence-mBHI-p3,101638
81,G2-e003Coalescence-mGAM-p5_S73,3,1525280,A4-e003Coalescence-mBHI-p3,101638
82,E100-e003Coalescence-mGAM-p5_S55,5,1291155,A4-e003Coalescence-mBHI-p3,101638
83,G4-e003Coalescence-mGAM-p3_S83,4,1536688,A4-e003Coalescence-mBHI-p3,101638
84,F4-e003Coalescence-mBHI-p7_S111,24,477586,A4-e003Coalescence-mBHI-p3,101638
85,G4-e003Coalescence-mGAM-p7_S171,2,1471075,A4-e003Coalescence-mBHI-p3,101638
86,F100-e003Coalescence-mBHI-p7_S115,29,1350695,A4-e003Coalescence-mBHI-p3,101638
87,E3-e003Coalescence-mGAM-p7_S146,3,1297929,A4-e003Coalescence-mBHI-p3,101638
88,E3-e003Coalescence-mBHI-p5_S2,2,758841,A4-e003Coalescence-mBHI-p3,101638
89,G2-e003Coalescence-mBHI-p7_S121,4,1251923,A4-e003Coalescence-mBHI-p3,101638
90,F2-e003Coalescence-mBHI-p5_S13,3,1483168,A4-e003Coalescence-mBHI-p3,101638
91,F2-e003Coalescence-mGAM-p3_S69,1,1044013,A4-e003Coalescence-mBHI-p3,101638
92,G100-e003Coalescence-mGAM-p5_S79,7,1518875,A4-e003Coalescence-mBHI-p3,101638
93,E4-e003Coalescence-mGAM-p7_S147,2,1030477,A4-e003Coalescence-mBHI-p3,101638
94,E4-e003Coalescence-mGAM-p3_S59,4,1512400,A4-e003Coalescence-mBHI-p3,101638
95,H100-e003Coalescence-mBHI-p7_S139,40,1461470,A4-e003Coalescence-mBHI-p3,101638
96,G8-e003Coalescence-mBHI-p5_S29,10,757680,A4-e003Coalescence-mBHI-p3,101638
97,G2-e003Coalescence-mBHI-p5_S25,4,1534425,A4-e003Coalescence-mBHI-p3,101638
98,G8-e003Coalescence-mGAM-p7_S173,17,1390044,A4-e003Coalescence-mBHI-p3,101638
99,E4-e003Coalescence-mBHI-p3_S11,5,1489708,A4-e003Coalescence-mBHI-p3,101638
100,G9-e003Coalescence-mBHI-p5_S30,16,972978,A4-e003Coalescence-mBHI-p3,101638
101,E100-e003Coalescence-mGAM-p7_S151,5,1431882,A4-e003Coalescence-mBHI-p3,101638
102,G9-e003Coalescence-mGAM-p3_S178,31,1118807,A4-e003Coalescence-mBHI-p3,101638
103,G2-e003Coalescence-mGAM-p3_S81,3,1516772,A4-e003Coalescence-mBHI-p3,101638
104,G100-e003Coalescence-mBHI-p7_S127,3,560797,A4-e003Coalescence-mBHI-p3,101638
0,C9-e003Coalescence-mGAM-p3,1,712205,C9-e003Coalescence-mGAM-p5,101638
1,C11-e003Coalescence-mBHI-p3,4,455308,C9-e003Coalescence-mGAM-p5,101638
2,C9-e003Coalescence-mGAM-p7,2,500113,C9-e003Coalescence-mGAM-p5,101638
3,C8-e003Coalescence-mGAM-p7,31,1423925,C9-e003Coalescence-mGAM-p5,101638
4,D10-e003Coalescence-mBHI-p3,4,592022,C9-e003Coalescence-mGAM-p5,101638
5,B2-e003Coalescence-mBHI-p3,10,640269,C9-e003Coalescence-mGAM-p5,101638
6,A4-e003Coalescence-mBHI-p7,32,1046978,C9-e003Coalescence-mGAM-p5,101638
7,B3-e003Coalescence-mBHI-p3,7,851498,C9-e003Coalescence-mGAM-p5,101638
8,C2-e003Coalescence-mBHI-p5,27,1531728,C9-e003Coalescence-mGAM-p5,101638
9,C4-e003GlycerolRevival-mBHI-p2,0,655282,C9-e003Coalescence-mGAM-p5,101638
10,B2-e003Coalescence-mBHI-p5,31,1376755,C9-e003Coalescence-mGAM-p5,101638
11,C4-e003Coalescence-mGAM-p7,2,1491174,C9-e003Coalescence-mGAM-p5,101638
12,B10-e003Assembly-mGAM-p5,1,708824,C9-e003Coalescence-mGAM-p5,101638
13,C2-e003Coalescence-mGAM-p7,15,1544636,C9-e003Coalescence-mGAM-p5,101638
14,C9-e003Coalescence-mBHI-p5,2,843947,C9-e003Coalescence-mGAM-p5,101638
15,C2-e003Coalescence-mBHI-p3,35,1550808,C9-e003Coalescence-mGAM-p5,101638
16,C9-e003Coalescence-mBHI-p3,4,1477971,C9-e003Coalescence-mGAM-p5,101638
17,D10-e003Coalescence-mGAM-p5,6,895834,C9-e003Coalescence-mGAM-p5,101638
18,C2-e003Coalescence-mGAM-p3,27,1349817,C9-e003Coalescence-mGAM-p5,101638
19,B10-e003Coalescence-mBHI-p5,3,751178,C9-e003Coalescence-mGAM-p5,101638
20,C4-e003Coalescence-mGAM-p5,2,1406224,C9-e003Coalescence-mGAM-p5,101638
21,D5-e003Coalescence-mBHI-p5,30,1486364,C9-e003Coalescence-mGAM-p5,101638
22,D3-e003Assembly-mBHI-p3,6,768389,C9-e003Coalescence-mGAM-p5,101638
23,C4-e003Coalescence-mGAM-p3,2,1546978,C9-e003Coalescence-mGAM-p5,101638
24,D3-e003Assembly-mBHI-p5,6,1546651,C9-e003Coalescence-mGAM-p5,101638
25,A10-e003Coalescence-mGAM-p3,35,1530862,C9-e003Coalescence-mGAM-p5,101638
26,B2-e003Coalescence-mGAM-p3,26,442858,C9-e003Coalescence-mGAM-p5,101638
27,D3-e003Coalescence-mGAM-p5,3,515212,C9-e003Coalescence-mGAM-p5,101638
28,C10-e003Coalescence-mGAM-p3,3,1520946,C9-e003Coalescence-mGAM-p5,101638
29,C3-e003Coalescence-Inoculumn-mGAM,0,473234,C9-e003Coalescence-mGAM-p5,101638
30,D4-e003Coalescence-Inoculumn-mBHI,3,618720,C9-e003Coalescence-mGAM-p5,101638
31,A4-e003Coalescence-mBHI-p5,24,958917,C9-e003Coalescence-mGAM-p5,101638
32,D10-e003Coalescence-mGAM-p7,2,938266,C9-e003Coalescence-mGAM-p5,101638
33,C11-e003Coalescence-mGAM-p3,7,727674,C9-e003Coalescence-mGAM-p5,101638
34,C10-e003Coalescence-mBHI-p7,11,636171,C9-e003Coalescence-mGAM-p5,101638
35,B10-e003Coalescence-mBHI-p3,1,1064478,C9-e003Coalescence-mGAM-p5,101638
36,C11-e003Coalescence-mBHI-p5,5,1515011,C9-e003Coalescence-mGAM-p5,101638
37,C2-e003Coalescence-Inoculumn-mGAM,0,514343,C9-e003Coalescence-mGAM-p5,101638
38,B4-e003Coalescence-Inoculumn-mGAM,2,1527645,C9-e003Coalescence-mGAM-p5,101638
39,A10-e003Coalescence-mGAM-p7,10,1119734,C9-e003Coalescence-mGAM-p5,101638
40,C4-e003Coalescence-Inoculumn-mGAM,1,1354072,C9-e003Coalescence-mGAM-p5,101638
41,B10-e003Assembly-mGAM-p3,1,526228,C9-e003Coalescence-mGAM-p5,101638
42,D10-e003Coalescence-mBHI-p7,1,560357,C9-e003Coalescence-mGAM-p5,101638
43,B10-e003GlycerolRevival-mGAM-p2,2,912883,C9-e003Coalescence-mGAM-p5,101638
44,C10-e003Coalescence-mGAM-p5,2,1544682,C9-e003Coalescence-mGAM-p5,101638
45,A3-e003Coalescence-mBHI-p3,11,444927,C9-e003Coalescence-mGAM-p5,101638
46,A4-e003Coalescence-mBHI-p3,28,1204293,C9-e003Coalescence-mGAM-p5,101638
47,C9-e003Coalescence-mGAM-p5,0,810866,C9-e003Coalescence-mGAM-p5,101638
48,C2-e003Coalescence-mGAM-p5,31,1502257,C9-e003Coalescence-mGAM-p5,101638
49,C8-e003Coalescence-mBHI-p5,10,1338159,C9-e003Coalescence-mGAM-p5,101638
50,B4-e003Coalescence-Inoculumn-mBHI,4,563867,C9-e003Coalescence-mGAM-p5,101638
51,C5-e003Coalescence-Inoculumn-mGAM,3,1530071,C9-e003Coalescence-mGAM-p5,101638
52,C4-e003Coalescence-mBHI-p5,4,881699,C9-e003Coalescence-mGAM-p5,101638
53,A4-e003Coalescence-Inoculumn-mGAM,24,1506279,C9-e003Coalescence-mGAM-p5,101638
54,C2-e003Coalescence-mBHI-p7,0,569461,C9-e003Coalescence-mGAM-p5,101638
55,C10-e003Coalescence-mGAM-p7,2,1547140,C9-e003Coalescence-mGAM-p5,101638
56,C10-e003Coalescence-mBHI-p3,4,1524472,C9-e003Coalescence-mGAM-p5,101638
57,H4-e003Coalescence-mGAM-p7_S183,6,991821,C9-e003Coalescence-mGAM-p5,101638
58,F5-e003Coalescence-mGAM-p5_S64,1,468781,C9-e003Coalescence-mGAM-p5,101638
59,F100-e003Coalescence-mGAM-p7_S163,5,1155108,C9-e003Coalescence-mGAM-p5,101638
60,E3-e003Coalescence-mGAM-p3_S58,19,516408,C9-e003Coalescence-mGAM-p5,101638
61,G4-e003Coalescence-mBHI-p5_S27,6,878137,C9-e003Coalescence-mGAM-p5,101638
62,G2-e003Coalescence-mBHI-p3_S33,22,1521290,C9-e003Coalescence-mGAM-p5,101638
63,G100-e003Coalescence-mGAM-p3_S179,2,1153539,C9-e003Coalescence-mGAM-p5,101638
64,G111-e003Coalescence-mBHI-p5_S32,13,1154220,C9-e003Coalescence-mGAM-p5,101638
65,E3-e003Coalescence-mBHI-p3_S10,25,711439,C9-e003Coalescence-mGAM-p5,101638
66,F2-e003Coalescence-mGAM-p7_S157,2,556375,C9-e003Coalescence-mGAM-p5,101638
67,E100-e003Coalescence-mGAM-p3_S155,32,1461251,C9-e003Coalescence-mGAM-p5,101638
68,E3-e003Coalescence-mGAM-p5_S50,19,1371172,C9-e003Coalescence-mGAM-p5,101638
69,H100-e003Coalescence-mBHI-p5_S43,6,925751,C9-e003Coalescence-mGAM-p5,101638
70,F2-e003Coalescence-mGAM-p5_S61,5,1281223,C9-e003Coalescence-mGAM-p5,101638
71,G100-e003Coalescence-mBHI-p5_S31,3,829979,C9-e003Coalescence-mGAM-p5,101638
72,G4-e003Coalescence-mBHI-p3_S35,8,474244,C9-e003Coalescence-mGAM-p5,101638
73,E4-e003Coalescence-mBHI-p5_S3,36,1426946,C9-e003Coalescence-mGAM-p5,101638
74,E4-e003Coalescence-mGAM-p5_S51,21,579225,C9-e003Coalescence-mGAM-p5,101638
75,G9-e003Coalescence-mGAM-p7_S174,1,622414,C9-e003Coalescence-mGAM-p5,101638
76,E8-e003Coalescence-mGAM-p3_S153,8,1489557,C9-e003Coalescence-mGAM-p5,101638
77,G100-e003Coalescence-mGAM-p7_S175,1,673821,C9-e003Coalescence-mGAM-p5,101638
78,G3-e003Coalescence-mBHI-p7_S122,4,531581,C9-e003Coalescence-mGAM-p5,101638
79,G4-e003Coalescence-mGAM-p5_S75,6,1533148,C9-e003Coalescence-mGAM-p5,101638
80,G8-e003Coalescence-mBHI-p3_S129,7,840340,C9-e003Coalescence-mGAM-p5,101638
81,G2-e003Coalescence-mGAM-p5_S73,25,1525280,C9-e003Coalescence-mGAM-p5,101638
82,E100-e003Coalescence-mGAM-p5_S55,31,1291155,C9-e003Coalescence-mGAM-p5,101638
83,G4-e003Coalescence-mGAM-p3_S83,6,1536688,C9-e003Coalescence-mGAM-p5,101638
84,F4-e003Coalescence-mBHI-p7_S111,5,477586,C9-e003Coalescence-mGAM-p5,101638
85,G4-e003Coalescence-mGAM-p7_S171,6,1471075,C9-e003Coalescence-mGAM-p5,101638
86,F100-e003Coalescence-mBHI-p7_S115,6,1350695,C9-e003Coalescence-mGAM-p5,101638
87,E3-e003Coalescence-mGAM-p7_S146,12,1297929,C9-e003Coalescence-mGAM-p5,101638
88,E3-e003Coalescence-mBHI-p5_S2,19,758841,C9-e003Coalescence-mGAM-p5,101638
89,G2-e003Coalescence-mBHI-p7_S121,17,1251923,C9-e003Coalescence-mGAM-p5,101638
90,F2-e003Coalescence-mBHI-p5_S13,20,1483168,C9-e003Coalescence-mGAM-p5,101638
91,F2-e003Coalescence-mGAM-p3_S69,3,1044013,C9-e003Coalescence-mGAM-p5,101638
92,G100-e003Coalescence-mGAM-p5_S79,2,1518875,C9-e003Coalescence-mGAM-p5,101638
93,E4-e003Coalescence-mGAM-p7_S147,9,1030477,C9-e003Coalescence-mGAM-p5,101638
94,E4-e003Coalescence-mGAM-p3_S59,21,1512400,C9-e003Coalescence-mGAM-p5,101638
95,H100-e003Coalescence-mBHI-p7_S139,14,1461470,C9-e003Coalescence-mGAM-p5,101638
96,G8-e003Coalescence-mBHI-p5_S29,8,757680,C9-e003Coalescence-mGAM-p5,101638
97,G2-e003Coalescence-mBHI-p5_S25,8,1534425,C9-e003Coalescence-mGAM-p5,101638
98,G8-e003Coalescence-mGAM-p7_S173,27,1390044,C9-e003Coalescence-mGAM-p5,101638
99,E4-e003Coalescence-mBHI-p3_S11,31,1489708,C9-e003Coalescence-mGAM-p5,101638
100,G9-e003Coalescence-mBHI-p5_S30,6,972978,C9-e003Coalescence-mGAM-p5,101638
101,E100-e003Coalescence-mGAM-p7_S151,35,1431882,C9-e003Coalescence-mGAM-p5,101638
102,G9-e003Coalescence-mGAM-p3_S178,8,1118807,C9-e003Coalescence-mGAM-p5,101638
103,G2-e003Coalescence-mGAM-p3_S81,28,1516772,C9-e003Coalescence-mGAM-p5,101638
104,G100-e003Coalescence-mBHI-p7_S127,5,560797,C9-e003Coalescence-mGAM-p5,101638
0,C9-e003Coalescence-mGAM-p3,21,712205,C2-e003Coalescence-mGAM-p5,101638
1,C11-e003Coalescence-mBHI-p3,3,455308,C2-e003Coalescence-mGAM-p5,101638
2,C9-e003Coalescence-mGAM-p7,28,500113,C2-e003Coalescence-mGAM-p5,101638
3,C8-e003Coalescence-mGAM-p7,3,1423925,C2-e003Coalescence-mGAM-p5,101638
4,D10-e003Coalescence-mBHI-p3,24,592022,C2-e003Coalescence-mGAM-p5,101638
5,B2-e003Coalescence-mBHI-p3,7,640269,C2-e003Coalescence-mGAM-p5,101638
6,A4-e003Coalescence-mBHI-p7,0,1046978,C2-e003Coalescence-mGAM-p5,101638
7,B3-e003Coalescence-mBHI-p3,33,851498,C2-e003Coalescence-mGAM-p5,101638
8,C2-e003Coalescence-mBHI-p5,0,1531728,C2-e003Coalescence-mGAM-p5,101638
9,C4-e003GlycerolRevival-mBHI-p2,20,655282,C2-e003Coalescence-mGAM-p5,101638
10,B2-e003Coalescence-mBHI-p5,7,1376755,C2-e003Coalescence-mGAM-p5,101638
11,C4-e003Coalescence-mGAM-p7,0,1491174,C2-e003Coalescence-mGAM-p5,101638
12,B10-e003Assembly-mGAM-p5,0,708824,C2-e003Coalescence-mGAM-p5,101638
13,C2-e003Coalescence-mGAM-p7,0,1544636,C2-e003Coalescence-mGAM-p5,101638
14,C9-e003Coalescence-mBHI-p5,30,843947,C2-e003Coalescence-mGAM-p5,101638
15,C2-e003Coalescence-mBHI-p3,1,1550808,C2-e003Coalescence-mGAM-p5,101638
16,C9-e003Coalescence-mBHI-p3,31,1477971,C2-e003Coalescence-mGAM-p5,101638
17,D10-e003Coalescence-mGAM-p5,24,895834,C2-e003Coalescence-mGAM-p5,101638
18,C2-e003Coalescence-mGAM-p3,1,1349817,C2-e003Coalescence-mGAM-p5,101638
19,B10-e003Coalescence-mBHI-p5,17,751178,C2-e003Coalescence-mGAM-p5,101638
20,C4-e003Coalescence-mGAM-p5,0,1406224,C2-e003Coalescence-mGAM-p5,101638
21,D5-e003Coalescence-mBHI-p5,1,1486364,C2-e003Coalescence-mGAM-p5,101638
22,D3-e003Assembly-mBHI-p3,25,768389,C2-e003Coalescence-mGAM-p5,101638
23,C4-e003Coalescence-mGAM-p3,1,1546978,C2-e003Coalescence-mGAM-p5,101638
24,D3-e003Assembly-mBHI-p5,20,1546651,C2-e003Coalescence-mGAM-p5,101638
25,A10-e003Coalescence-mGAM-p3,0,1530862,C2-e003Coalescence-mGAM-p5,101638
26,B2-e003Coalescence-mGAM-p3,3,442858,C2-e003Coalescence-mGAM-p5,101638
27,D3-e003Coalescence-mGAM-p5,7,515212,C2-e003Coalescence-mGAM-p5,101638
28,C10-e003Coalescence-mGAM-p3,5,1520946,C2-e003Coalescence-mGAM-p5,101638
29,C3-e003Coalescence-Inoculumn-mGAM,2,473234,C2-e003Coalescence-mGAM-p5,101638
30,D4-e003Coalescence-Inoculumn-mBHI,6,618720,C2-e003Coalescence-mGAM-p5,101638
31,A4-e003Coalescence-mBHI-p5,0,958917,C2-e003Coalescence-mGAM-p5,101638
32,D10-e003Coalescence-mGAM-p7,10,938266,C2-e003Coalescence-mGAM-p5,101638
33,C11-e003Coalescence-mGAM-p3,31,727674,C2-e003Coalescence-mGAM-p5,101638
34,C10-e003Coalescence-mBHI-p7,18,636171,C2-e003Coalescence-mGAM-p5,101638
35,B10-e003Coalescence-mBHI-p3,24,1064478,C2-e003Coalescence-mGAM-p5,101638
36,C11-e003Coalescence-mBHI-p5,10,1515011,C2-e003Coalescence-mGAM-p5,101638
37,C2-e003Coalescence-Inoculumn-mGAM,0,514343,C2-e003Coalescence-mGAM-p5,101638
38,B4-e003Coalescence-Inoculumn-mGAM,39,1527645,C2-e003Coalescence-mGAM-p5,101638
39,A10-e003Coalescence-mGAM-p7,0,1119734,C2-e003Coalescence-mGAM-p5,101638
40,C4-e003Coalescence-Inoculumn-mGAM,0,1354072,C2-e003Coalescence-mGAM-p5,101638
41,B10-e003Assembly-mGAM-p3,3,526228,C2-e003Coalescence-mGAM-p5,101638
42,D10-e003Coalescence-mBHI-p7,10,560357,C2-e003Coalescence-mGAM-p5,101638
43,B10-e003GlycerolRevival-mGAM-p2,2,912883,C2-e003Coalescence-mGAM-p5,101638
44,C10-e003Coalescence-mGAM-p5,3,1544682,C2-e003Coalescence-mGAM-p5,101638
45,A3-e003Coalescence-mBHI-p3,7,444927,C2-e003Coalescence-mGAM-p5,101638
46,A4-e003Coalescence-mBHI-p3,0,1204293,C2-e003Coalescence-mGAM-p5,101638
47,C9-e003Coalescence-mGAM-p5,29,810866,C2-e003Coalescence-mGAM-p5,101638
48,C2-e003Coalescence-mGAM-p5,0,1502257,C2-e003Coalescence-mGAM-p5,101638
49,C8-e003Coalescence-mBHI-p5,10,1338159,C2-e003Coalescence-mGAM-p5,101638
50,B4-e003Coalescence-Inoculumn-mBHI,13,563867,C2-e003Coalescence-mGAM-p5,101638
51,C5-e003Coalescence-Inoculumn-mGAM,4,1530071,C2-e003Coalescence-mGAM-p5,101638
52,C4-e003Coalescence-mBHI-p5,13,881699,C2-e003Coalescence-mGAM-p5,101638
53,A4-e003Coalescence-Inoculumn-mGAM,0,1506279,C2-e003Coalescence-mGAM-p5,101638
54,C2-e003Coalescence-mBHI-p7,0,569461,C2-e003Coalescence-mGAM-p5,101638
55,C10-e003Coalescence-mGAM-p7,1,1547140,C2-e003Coalescence-mGAM-p5,101638
56,C10-e003Coalescence-mBHI-p3,3,1524472,C2-e003Coalescence-mGAM-p5,101638
57,H4-e003Coalescence-mGAM-p7_S183,9,991821,C2-e003Coalescence-mGAM-p5,101638
58,F5-e003Coalescence-mGAM-p5_S64,3,468781,C2-e003Coalescence-mGAM-p5,101638
59,F100-e003Coalescence-mGAM-p7_S163,10,1155108,C2-e003Coalescence-mGAM-p5,101638
60,E3-e003Coalescence-mGAM-p3_S58,8,516408,C2-e003Coalescence-mGAM-p5,101638
61,G4-e003Coalescence-mBHI-p5_S27,6,878137,C2-e003Coalescence-mGAM-p5,101638
62,G2-e003Coalescence-mBHI-p3_S33,5,1521290,C2-e003Coalescence-mGAM-p5,101638
63,G100-e003Coalescence-mGAM-p3_S179,2,1153539,C2-e003Coalescence-mGAM-p5,101638
64,G111-e003Coalescence-mBHI-p5_S32,38,1154220,C2-e003Coalescence-mGAM-p5,101638
65,E3-e003Coalescence-mBHI-p3_S10,5,711439,C2-e003Coalescence-mGAM-p5,101638
66,F2-e003Coalescence-mGAM-p7_S157,2,556375,C2-e003Coalescence-mGAM-p5,101638
67,E100-e003Coalescence-mGAM-p3_S155,6,1461251,C2-e003Coalescence-mGAM-p5,101638
68,E3-e003Coalescence-mGAM-p5_S50,8,1371172,C2-e003Coalescence-mGAM-p5,101638
69,H100-e003Coalescence-mBHI-p5_S43,25,925751,C2-e003Coalescence-mGAM-p5,101638
70,F2-e003Coalescence-mGAM-p5_S61,4,1281223,C2-e003Coalescence-mGAM-p5,101638
71,G100-e003Coalescence-mBHI-p5_S31,1,829979,C2-e003Coalescence-mGAM-p5,101638
72,G4-e003Coalescence-mBHI-p3_S35,9,474244,C2-e003Coalescence-mGAM-p5,101638
73,E4-e003Coalescence-mBHI-p5_S3,11,1426946,C2-e003Coalescence-mGAM-p5,101638
74,E4-e003Coalescence-mGAM-p5_S51,0,579225,C2-e003Coalescence-mGAM-p5,101638
75,G9-e003Coalescence-mGAM-p7_S174,23,622414,C2-e003Coalescence-mGAM-p5,101638
76,E8-e003Coalescence-mGAM-p3_S153,13,1489557,C2-e003Coalescence-mGAM-p5,101638
77,G100-e003Coalescence-mGAM-p7_S175,6,673821,C2-e003Coalescence-mGAM-p5,101638
78,G3-e003Coalescence-mBHI-p7_S122,28,531581,C2-e003Coalescence-mGAM-p5,101638
79,G4-e003Coalescence-mGAM-p5_S75,9,1533148,C2-e003Coalescence-mGAM-p5,101638
80,G8-e003Coalescence-mBHI-p3_S129,7,840340,C2-e003Coalescence-mGAM-p5,101638
81,G2-e003Coalescence-mGAM-p5_S73,8,1525280,C2-e003Coalescence-mGAM-p5,101638
82,E100-e003Coalescence-mGAM-p5_S55,7,1291155,C2-e003Coalescence-mGAM-p5,101638
83,G4-e003Coalescence-mGAM-p3_S83,10,1536688,C2-e003Coalescence-mGAM-p5,101638
84,F4-e003Coalescence-mBHI-p7_S111,23,477586,C2-e003Coalescence-mGAM-p5,101638
85,G4-e003Coalescence-mGAM-p7_S171,7,1471075,C2-e003Coalescence-mGAM-p5,101638
86,F100-e003Coalescence-mBHI-p7_S115,37,1350695,C2-e003Coalescence-mGAM-p5,101638
87,E3-e003Coalescence-mGAM-p7_S146,10,1297929,C2-e003Coalescence-mGAM-p5,101638
88,E3-e003Coalescence-mBHI-p5_S2,2,758841,C2-e003Coalescence-mGAM-p5,101638
89,G2-e003Coalescence-mBHI-p7_S121,9,1251923,C2-e003Coalescence-mGAM-p5,101638
90,F2-e003Coalescence-mBHI-p5_S13,7,1483168,C2-e003Coalescence-mGAM-p5,101638
91,F2-e003Coalescence-mGAM-p3_S69,3,1044013,C2-e003Coalescence-mGAM-p5,101638
92,G100-e003Coalescence-mGAM-p5_S79,7,1518875,C2-e003Coalescence-mGAM-p5,101638
93,E4-e003Coalescence-mGAM-p7_S147,5,1030477,C2-e003Coalescence-mGAM-p5,101638
94,E4-e003Coalescence-mGAM-p3_S59,9,1512400,C2-e003Coalescence-mGAM-p5,101638
95,H100-e003Coalescence-mBHI-p7_S139,45,1461470,C2-e003Coalescence-mGAM-p5,101638
96,G8-e003Coalescence-mBHI-p5_S29,11,757680,C2-e003Coalescence-mGAM-p5,101638
97,G2-e003Coalescence-mBHI-p5_S25,10,1534425,C2-e003Coalescence-mGAM-p5,101638
98,G8-e003Coalescence-mGAM-p7_S173,18,1390044,C2-e003Coalescence-mGAM-p5,101638
99,E4-e003Coalescence-mBHI-p3_S11,7,1489708,C2-e003Coalescence-mGAM-p5,101638
100,G9-e003Coalescence-mBHI-p5_S30,24,972978,C2-e003Coalescence-mGAM-p5,101638
101,E100-e003Coalescence-mGAM-p7_S151,10,1431882,C2-e003Coalescence-mGAM-p5,101638
102,G9-e003Coalescence-mGAM-p3_S178,37,1118807,C2-e003Coalescence-mGAM-p5,101638
103,G2-e003Coalescence-mGAM-p3_S81,8,1516772,C2-e003Coalescence-mGAM-p5,101638
104,G100-e003Coalescence-mBHI-p7_S127,4,560797,C2-e003Coalescence-mGAM-p5,101638
0,C9-e003Coalescence-mGAM-p3,9,712205,C8-e003Coalescence-mBHI-p5,101638
1,C11-e003Coalescence-mBHI-p3,7,455308,C8-e003Coalescence-mBHI-p5,101638
2,C9-e003Coalescence-mGAM-p7,0,500113,C8-e003Coalescence-mBHI-p5,101638
3,C8-e003Coalescence-mGAM-p7,13,1423925,C8-e003Coalescence-mBHI-p5,101638
4,D10-e003Coalescence-mBHI-p3,9,592022,C8-e003Coalescence-mBHI-p5,101638
5,B2-e003Coalescence-mBHI-p3,1,640269,C8-e003Coalescence-mBHI-p5,101638
6,A4-e003Coalescence-mBHI-p7,7,1046978,C8-e003Coalescence-mBHI-p5,101638
7,B3-e003Coalescence-mBHI-p3,24,851498,C8-e003Coalescence-mBHI-p5,101638
8,C2-e003Coalescence-mBHI-p5,12,1531728,C8-e003Coalescence-mBHI-p5,101638
9,C4-e003GlycerolRevival-mBHI-p2,10,655282,C8-e003Coalescence-mBHI-p5,101638
10,B2-e003Coalescence-mBHI-p5,11,1376755,C8-e003Coalescence-mBHI-p5,101638
11,C4-e003Coalescence-mGAM-p7,11,1491174,C8-e003Coalescence-mBHI-p5,101638
12,B10-e003Assembly-mGAM-p5,3,708824,C8-e003Coalescence-mBHI-p5,101638
13,C2-e003Coalescence-mGAM-p7,11,1544636,C8-e003Coalescence-mBHI-p5,101638
14,C9-e003Coalescence-mBHI-p5,10,843947,C8-e003Coalescence-mBHI-p5,101638
15,C2-e003Coalescence-mBHI-p3,11,1550808,C8-e003Coalescence-mBHI-p5,101638
16,C9-e003Coalescence-mBHI-p3,17,1477971,C8-e003Coalescence-mBHI-p5,101638
17,D10-e003Coalescence-mGAM-p5,17,895834,C8-e003Coalescence-mBHI-p5,101638
18,C2-e003Coalescence-mGAM-p3,11,1349817,C8-e003Coalescence-mBHI-p5,101638
19,B10-e003Coalescence-mBHI-p5,15,751178,C8-e003Coalescence-mBHI-p5,101638
20,C4-e003Coalescence-mGAM-p5,12,1406224,C8-e003Coalescence-mBHI-p5,101638
21,D5-e003Coalescence-mBHI-p5,19,1486364,C8-e003Coalescence-mBHI-p5,101638
22,D3-e003Assembly-mBHI-p3,9,768389,C8-e003Coalescence-mBHI-p5,101638
23,C4-e003Coalescence-mGAM-p3,11,1546978,C8-e003Coalescence-mBHI-p5,101638
24,D3-e003Assembly-mBHI-p5,19,1546651,C8-e003Coalescence-mBHI-p5,101638
25,A10-e003Coalescence-mGAM-p3,12,1530862,C8-e003Coalescence-mBHI-p5,101638
26,B2-e003Coalescence-mGAM-p3,2,442858,C8-e003Coalescence-mBHI-p5,101638
27,D3-e003Coalescence-mGAM-p5,12,515212,C8-e003Coalescence-mBHI-p5,101638
28,C10-e003Coalescence-mGAM-p3,15,1520946,C8-e003Coalescence-mBHI-p5,101638
29,C3-e003Coalescence-Inoculumn-mGAM,8,473234,C8-e003Coalescence-mBHI-p5,101638
30,D4-e003Coalescence-Inoculumn-mBHI,14,618720,C8-e003Coalescence-mBHI-p5,101638
31,A4-e003Coalescence-mBHI-p5,12,958917,C8-e003Coalescence-mBHI-p5,101638
32,D10-e003Coalescence-mGAM-p7,22,938266,C8-e003Coalescence-mBHI-p5,101638
33,C11-e003Coalescence-mGAM-p3,33,727674,C8-e003Coalescence-mBHI-p5,101638
34,C10-e003Coalescence-mBHI-p7,7,636171,C8-e003Coalescence-mBHI-p5,101638
35,B10-e003Coalescence-mBHI-p3,8,1064478,C8-e003Coalescence-mBHI-p5,101638
36,C11-e003Coalescence-mBHI-p5,38,1515011,C8-e003Coalescence-mBHI-p5,101638
37,C2-e003Coalescence-Inoculumn-mGAM,9,514343,C8-e003Coalescence-mBHI-p5,101638
38,B4-e003Coalescence-Inoculumn-mGAM,14,1527645,C8-e003Coalescence-mBHI-p5,101638
39,A10-e003Coalescence-mGAM-p7,10,1119734,C8-e003Coalescence-mBHI-p5,101638
40,C4-e003Coalescence-Inoculumn-mGAM,15,1354072,C8-e003Coalescence-mBHI-p5,101638
41,B10-e003Assembly-mGAM-p3,0,526228,C8-e003Coalescence-mBHI-p5,101638
42,D10-e003Coalescence-mBHI-p7,18,560357,C8-e003Coalescence-mBHI-p5,101638
43,B10-e003GlycerolRevival-mGAM-p2,11,912883,C8-e003Coalescence-mBHI-p5,101638
44,C10-e003Coalescence-mGAM-p5,14,1544682,C8-e003Coalescence-mBHI-p5,101638
45,A3-e003Coalescence-mBHI-p3,0,444927,C8-e003Coalescence-mBHI-p5,101638
46,A4-e003Coalescence-mBHI-p3,7,1204293,C8-e003Coalescence-mBHI-p5,101638
47,C9-e003Coalescence-mGAM-p5,9,810866,C8-e003Coalescence-mBHI-p5,101638
48,C2-e003Coalescence-mGAM-p5,11,1502257,C8-e003Coalescence-mBHI-p5,101638
49,C8-e003Coalescence-mBHI-p5,0,1338159,C8-e003Coalescence-mBHI-p5,101638
50,B4-e003Coalescence-Inoculumn-mBHI,31,563867,C8-e003Coalescence-mBHI-p5,101638
51,C5-e003Coalescence-Inoculumn-mGAM,13,1530071,C8-e003Coalescence-mBHI-p5,101638
52,C4-e003Coalescence-mBHI-p5,10,881699,C8-e003Coalescence-mBHI-p5,101638
53,A4-e003Coalescence-Inoculumn-mGAM,17,1506279,C8-e003Coalescence-mBHI-p5,101638
54,C2-e003Coalescence-mBHI-p7,7,569461,C8-e003Coalescence-mBHI-p5,101638
55,C10-e003Coalescence-mGAM-p7,13,1547140,C8-e003Coalescence-mBHI-p5,101638
56,C10-e003Coalescence-mBHI-p3,16,1524472,C8-e003Coalescence-mBHI-p5,101638
57,H4-e003Coalescence-mGAM-p7_S183,36,991821,C8-e003Coalescence-mBHI-p5,101638
58,F5-e003Coalescence-mGAM-p5_S64,3,468781,C8-e003Coalescence-mBHI-p5,101638
59,F100-e003Coalescence-mGAM-p7_S163,9,1155108,C8-e003Coalescence-mBHI-p5,101638
60,E3-e003Coalescence-mGAM-p3_S58,3,516408,C8-e003Coalescence-mBHI-p5,101638
61,G4-e003Coalescence-mBHI-p5_S27,25,878137,C8-e003Coalescence-mBHI-p5,101638
62,G2-e003Coalescence-mBHI-p3_S33,16,1521290,C8-e003Coalescence-mBHI-p5,101638
63,G100-e003Coalescence-mGAM-p3_S179,12,1153539,C8-e003Coalescence-mBHI-p5,101638
64,G111-e003Coalescence-mBHI-p5_S32,50,1154220,C8-e003Coalescence-mBHI-p5,101638
65,E3-e003Coalescence-mBHI-p3_S10,12,711439,C8-e003Coalescence-mBHI-p5,101638
66,F2-e003Coalescence-mGAM-p7_S157,10,556375,C8-e003Coalescence-mBHI-p5,101638
67,E100-e003Coalescence-mGAM-p3_S155,18,1461251,C8-e003Coalescence-mBHI-p5,101638
68,E3-e003Coalescence-mGAM-p5_S50,18,1371172,C8-e003Coalescence-mBHI-p5,101638
69,H100-e003Coalescence-mBHI-p5_S43,31,925751,C8-e003Coalescence-mBHI-p5,101638
70,F2-e003Coalescence-mGAM-p5_S61,12,1281223,C8-e003Coalescence-mBHI-p5,101638
71,G100-e003Coalescence-mBHI-p5_S31,29,829979,C8-e003Coalescence-mBHI-p5,101638
72,G4-e003Coalescence-mBHI-p3_S35,33,474244,C8-e003Coalescence-mBHI-p5,101638
73,E4-e003Coalescence-mBHI-p5_S3,17,1426946,C8-e003Coalescence-mBHI-p5,101638
74,E4-e003Coalescence-mGAM-p5_S51,3,579225,C8-e003Coalescence-mBHI-p5,101638
75,G9-e003Coalescence-mGAM-p7_S174,1,622414,C8-e003Coalescence-mBHI-p5,101638
76,E8-e003Coalescence-mGAM-p3_S153,31,1489557,C8-e003Coalescence-mBHI-p5,101638
77,G100-e003Coalescence-mGAM-p7_S175,11,673821,C8-e003Coalescence-mBHI-p5,101638
78,G3-e003Coalescence-mBHI-p7_S122,35,531581,C8-e003Coalescence-mBHI-p5,101638
79,G4-e003Coalescence-mGAM-p5_S75,15,1533148,C8-e003Coalescence-mBHI-p5,101638
80,G8-e003Coalescence-mBHI-p3_S129,11,840340,C8-e003Coalescence-mBHI-p5,101638
81,G2-e003Coalescence-mGAM-p5_S73,16,1525280,C8-e003Coalescence-mBHI-p5,101638
82,E100-e003Coalescence-mGAM-p5_S55,17,1291155,C8-e003Coalescence-mBHI-p5,101638
83,G4-e003Coalescence-mGAM-p3_S83,17,1536688,C8-e003Coalescence-mBHI-p5,101638
84,F4-e003Coalescence-mBHI-p7_S111,9,477586,C8-e003Coalescence-mBHI-p5,101638
85,G4-e003Coalescence-mGAM-p7_S171,15,1471075,C8-e003Coalescence-mBHI-p5,101638
86,F100-e003Coalescence-mBHI-p7_S115,16,1350695,C8-e003Coalescence-mBHI-p5,101638
87,E3-e003Coalescence-mGAM-p7_S146,16,1297929,C8-e003Coalescence-mBHI-p5,101638
88,E3-e003Coalescence-mBHI-p5_S2,12,758841,C8-e003Coalescence-mBHI-p5,101638
89,G2-e003Coalescence-mBHI-p7_S121,17,1251923,C8-e003Coalescence-mBHI-p5,101638
90,F2-e003Coalescence-mBHI-p5_S13,14,1483168,C8-e003Coalescence-mBHI-p5,101638
91,F2-e003Coalescence-mGAM-p3_S69,8,1044013,C8-e003Coalescence-mBHI-p5,101638
92,G100-e003Coalescence-mGAM-p5_S79,20,1518875,C8-e003Coalescence-mBHI-p5,101638
93,E4-e003Coalescence-mGAM-p7_S147,13,1030477,C8-e003Coalescence-mBHI-p5,101638
94,E4-e003Coalescence-mGAM-p3_S59,18,1512400,C8-e003Coalescence-mBHI-p5,101638
95,H100-e003Coalescence-mBHI-p7_S139,37,1461470,C8-e003Coalescence-mBHI-p5,101638
96,G8-e003Coalescence-mBHI-p5_S29,7,757680,C8-e003Coalescence-mBHI-p5,101638
97,G2-e003Coalescence-mBHI-p5_S25,17,1534425,C8-e003Coalescence-mBHI-p5,101638
98,G8-e003Coalescence-mGAM-p7_S173,21,1390044,C8-e003Coalescence-mBHI-p5,101638
99,E4-e003Coalescence-mBHI-p3_S11,20,1489708,C8-e003Coalescence-mBHI-p5,101638
100,G9-e003Coalescence-mBHI-p5_S30,12,972978,C8-e003Coalescence-mBHI-p5,101638
101,E100-e003Coalescence-mGAM-p7_S151,18,1431882,C8-e003Coalescence-mBHI-p5,101638
102,G9-e003Coalescence-mGAM-p3_S178,19,1118807,C8-e003Coalescence-mBHI-p5,101638
103,G2-e003Coalescence-mGAM-p3_S81,16,1516772,C8-e003Coalescence-mBHI-p5,101638
104,G100-e003Coalescence-mBHI-p7_S127,14,560797,C8-e003Coalescence-mBHI-p5,101638
0,C9-e003Coalescence-mGAM-p3,5,712205,B4-e003Coalescence-Inoculumn-mBHI,101638
1,C11-e003Coalescence-mBHI-p3,2,455308,B4-e003Coalescence-Inoculumn-mBHI,101638
2,C9-e003Coalescence-mGAM-p7,2,500113,B4-e003Coalescence-Inoculumn-mBHI,101638
3,C8-e003Coalescence-mGAM-p7,8,1423925,B4-e003Coalescence-Inoculumn-mBHI,101638
4,D10-e003Coalescence-mBHI-p3,9,592022,B4-e003Coalescence-Inoculumn-mBHI,101638
5,B2-e003Coalescence-mBHI-p3,5,640269,B4-e003Coalescence-Inoculumn-mBHI,101638
6,A4-e003Coalescence-mBHI-p7,2,1046978,B4-e003Coalescence-Inoculumn-mBHI,101638
7,B3-e003Coalescence-mBHI-p3,12,851498,B4-e003Coalescence-Inoculumn-mBHI,101638
8,C2-e003Coalescence-mBHI-p5,14,1531728,B4-e003Coalescence-Inoculumn-mBHI,101638
9,C4-e003GlycerolRevival-mBHI-p2,5,655282,B4-e003Coalescence-Inoculumn-mBHI,101638
10,B2-e003Coalescence-mBHI-p5,14,1376755,B4-e003Coalescence-Inoculumn-mBHI,101638
11,C4-e003Coalescence-mGAM-p7,4,1491174,B4-e003Coalescence-Inoculumn-mBHI,101638
12,B10-e003Assembly-mGAM-p5,4,708824,B4-e003Coalescence-Inoculumn-mBHI,101638
13,C2-e003Coalescence-mGAM-p7,9,1544636,B4-e003Coalescence-Inoculumn-mBHI,101638
14,C9-e003Coalescence-mBHI-p5,4,843947,B4-e003Coalescence-Inoculumn-mBHI,101638
15,C2-e003Coalescence-mBHI-p3,13,1550808,B4-e003Coalescence-Inoculumn-mBHI,101638
16,C9-e003Coalescence-mBHI-p3,13,1477971,B4-e003Coalescence-Inoculumn-mBHI,101638
17,D10-e003Coalescence-mGAM-p5,7,895834,B4-e003Coalescence-Inoculumn-mBHI,101638
18,C2-e003Coalescence-mGAM-p3,8,1349817,B4-e003Coalescence-Inoculumn-mBHI,101638
19,B10-e003Coalescence-mBHI-p5,1,751178,B4-e003Coalescence-Inoculumn-mBHI,101638
20,C4-e003Coalescence-mGAM-p5,3,1406224,B4-e003Coalescence-Inoculumn-mBHI,101638
21,D5-e003Coalescence-mBHI-p5,21,1486364,B4-e003Coalescence-Inoculumn-mBHI,101638
22,D3-e003Assembly-mBHI-p3,5,768389,B4-e003Coalescence-Inoculumn-mBHI,101638
23,C4-e003Coalescence-mGAM-p3,6,1546978,B4-e003Coalescence-Inoculumn-mBHI,101638
24,D3-e003Assembly-mBHI-p5,17,1546651,B4-e003Coalescence-Inoculumn-mBHI,101638
25,A10-e003Coalescence-mGAM-p3,11,1530862,B4-e003Coalescence-Inoculumn-mBHI,101638
26,B2-e003Coalescence-mGAM-p3,5,442858,B4-e003Coalescence-Inoculumn-mBHI,101638
27,D3-e003Coalescence-mGAM-p5,0,515212,B4-e003Coalescence-Inoculumn-mBHI,101638
28,C10-e003Coalescence-mGAM-p3,13,1520946,B4-e003Coalescence-Inoculumn-mBHI,101638
29,C3-e003Coalescence-Inoculumn-mGAM,2,473234,B4-e003Coalescence-Inoculumn-mBHI,101638
30,D4-e003Coalescence-Inoculumn-mBHI,0,618720,B4-e003Coalescence-Inoculumn-mBHI,101638
31,A4-e003Coalescence-mBHI-p5,6,958917,B4-e003Coalescence-Inoculumn-mBHI,101638
32,D10-e003Coalescence-mGAM-p7,8,938266,B4-e003Coalescence-Inoculumn-mBHI,101638
33,C11-e003Coalescence-mGAM-p3,4,727674,B4-e003Coalescence-Inoculumn-mBHI,101638
34,C10-e003Coalescence-mBHI-p7,9,636171,B4-e003Coalescence-Inoculumn-mBHI,101638
35,B10-e003Coalescence-mBHI-p3,2,1064478,B4-e003Coalescence-Inoculumn-mBHI,101638
36,C11-e003Coalescence-mBHI-p5,20,1515011,B4-e003Coalescence-Inoculumn-mBHI,101638
37,C2-e003Coalescence-Inoculumn-mGAM,4,514343,B4-e003Coalescence-Inoculumn-mBHI,101638
38,B4-e003Coalescence-Inoculumn-mGAM,12,1527645,B4-e003Coalescence-Inoculumn-mBHI,101638
39,A10-e003Coalescence-mGAM-p7,8,1119734,B4-e003Coalescence-Inoculumn-mBHI,101638
40,C4-e003Coalescence-Inoculumn-mGAM,15,1354072,B4-e003Coalescence-Inoculumn-mBHI,101638
41,B10-e003Assembly-mGAM-p3,5,526228,B4-e003Coalescence-Inoculumn-mBHI,101638
42,D10-e003Coalescence-mBHI-p7,3,560357,B4-e003Coalescence-Inoculumn-mBHI,101638
43,B10-e003GlycerolRevival-mGAM-p2,2,912883,B4-e003Coalescence-Inoculumn-mBHI,101638
44,C10-e003Coalescence-mGAM-p5,15,1544682,B4-e003Coalescence-Inoculumn-mBHI,101638
45,A3-e003Coalescence-mBHI-p3,3,444927,B4-e003Coalescence-Inoculumn-mBHI,101638
46,A4-e003Coalescence-mBHI-p3,15,1204293,B4-e003Coalescence-Inoculumn-mBHI,101638
47,C9-e003Coalescence-mGAM-p5,4,810866,B4-e003Coalescence-Inoculumn-mBHI,101638
48,C2-e003Coalescence-mGAM-p5,13,1502257,B4-e003Coalescence-Inoculumn-mBHI,101638
49,C8-e003Coalescence-mBHI-p5,24,1338159,B4-e003Coalescence-Inoculumn-mBHI,101638
50,B4-e003Coalescence-Inoculumn-mBHI,0,563867,B4-e003Coalescence-Inoculumn-mBHI,101638
51,C5-e003Coalescence-Inoculumn-mGAM,8,1530071,B4-e003Coalescence-Inoculumn-mBHI,101638
52,C4-e003Coalescence-mBHI-p5,10,881699,B4-e003Coalescence-Inoculumn-mBHI,101638
53,A4-e003Coalescence-Inoculumn-mGAM,10,1506279,B4-e003Coalescence-Inoculumn-mBHI,101638
54,C2-e003Coalescence-mBHI-p7,1,569461,B4-e003Coalescence-Inoculumn-mBHI,101638
55,C10-e003Coalescence-mGAM-p7,10,1547140,B4-e003Coalescence-Inoculumn-mBHI,101638
56,C10-e003Coalescence-mBHI-p3,19,1524472,B4-e003Coalescence-Inoculumn-mBHI,101638
57,H4-e003Coalescence-mGAM-p7_S183,12,991821,B4-e003Coalescence-Inoculumn-mBHI,101638
58,F5-e003Coalescence-mGAM-p5_S64,3,468781,B4-e003Coalescence-Inoculumn-mBHI,101638
59,F100-e003Coalescence-mGAM-p7_S163,8,1155108,B4-e003Coalescence-Inoculumn-mBHI,101638
60,E3-e003Coalescence-mGAM-p3_S58,3,516408,B4-e003Coalescence-Inoculumn-mBHI,101638
61,G4-e003Coalescence-mBHI-p5_S27,8,878137,B4-e003Coalescence-Inoculumn-mBHI,101638
62,G2-e003Coalescence-mBHI-p3_S33,12,1521290,B4-e003Coalescence-Inoculumn-mBHI,101638
63,G100-e003Coalescence-mGAM-p3_S179,3,1153539,B4-e003Coalescence-Inoculumn-mBHI,101638
64,G111-e003Coalescence-mBHI-p5_S32,11,1154220,B4-e003Coalescence-Inoculumn-mBHI,101638
65,E3-e003Coalescence-mBHI-p3_S10,1,711439,B4-e003Coalescence-Inoculumn-mBHI,101638
66,F2-e003Coalescence-mGAM-p7_S157,5,556375,B4-e003Coalescence-Inoculumn-mBHI,101638
67,E100-e003Coalescence-mGAM-p3_S155,6,1461251,B4-e003Coalescence-Inoculumn-mBHI,101638
68,E3-e003Coalescence-mGAM-p5_S50,14,1371172,B4-e003Coalescence-Inoculumn-mBHI,101638
69,H100-e003Coalescence-mBHI-p5_S43,7,925751,B4-e003Coalescence-Inoculumn-mBHI,101638
70,F2-e003Coalescence-mGAM-p5_S61,6,1281223,B4-e003Coalescence-Inoculumn-mBHI,101638
71,G100-e003Coalescence-mBHI-p5_S31,4,829979,B4-e003Coalescence-Inoculumn-mBHI,101638
72,G4-e003Coalescence-mBHI-p3_S35,1,474244,B4-e003Coalescence-Inoculumn-mBHI,101638
73,E4-e003Coalescence-mBHI-p5_S3,5,1426946,B4-e003Coalescence-Inoculumn-mBHI,101638
74,E4-e003Coalescence-mGAM-p5_S51,1,579225,B4-e003Coalescence-Inoculumn-mBHI,101638
75,G9-e003Coalescence-mGAM-p7_S174,3,622414,B4-e003Coalescence-Inoculumn-mBHI,101638
76,E8-e003Coalescence-mGAM-p3_S153,13,1489557,B4-e003Coalescence-Inoculumn-mBHI,101638
77,G100-e003Coalescence-mGAM-p7_S175,1,673821,B4-e003Coalescence-Inoculumn-mBHI,101638
78,G3-e003Coalescence-mBHI-p7_S122,0,531581,B4-e003Coalescence-Inoculumn-mBHI,101638
79,G4-e003Coalescence-mGAM-p5_S75,5,1533148,B4-e003Coalescence-Inoculumn-mBHI,101638
80,G8-e003Coalescence-mBHI-p3_S129,11,840340,B4-e003Coalescence-Inoculumn-mBHI,101638
81,G2-e003Coalescence-mGAM-p5_S73,11,1525280,B4-e003Coalescence-Inoculumn-mBHI,101638
82,E100-e003Coalescence-mGAM-p5_S55,12,1291155,B4-e003Coalescence-Inoculumn-mBHI,101638
83,G4-e003Coalescence-mGAM-p3_S83,8,1536688,B4-e003Coalescence-Inoculumn-mBHI,101638
84,F4-e003Coalescence-mBHI-p7_S111,5,477586,B4-e003Coalescence-Inoculumn-mBHI,101638
85,G4-e003Coalescence-mGAM-p7_S171,11,1471075,B4-e003Coalescence-Inoculumn-mBHI,101638
86,F100-e003Coalescence-mBHI-p7_S115,9,1350695,B4-e003Coalescence-Inoculumn-mBHI,101638
87,E3-e003Coalescence-mGAM-p7_S146,10,1297929,B4-e003Coalescence-Inoculumn-mBHI,101638
88,E3-e003Coalescence-mBHI-p5_S2,3,758841,B4-e003Coalescence-Inoculumn-mBHI,101638
89,G2-e003Coalescence-mBHI-p7_S121,5,1251923,B4-e003Coalescence-Inoculumn-mBHI,101638
90,F2-e003Coalescence-mBHI-p5_S13,13,1483168,B4-e003Coalescence-Inoculumn-mBHI,101638
91,F2-e003Coalescence-mGAM-p3_S69,7,1044013,B4-e003Coalescence-Inoculumn-mBHI,101638
92,G100-e003Coalescence-mGAM-p5_S79,12,1518875,B4-e003Coalescence-Inoculumn-mBHI,101638
93,E4-e003Coalescence-mGAM-p7_S147,2,1030477,B4-e003Coalescence-Inoculumn-mBHI,101638
94,E4-e003Coalescence-mGAM-p3_S59,8,1512400,B4-e003Coalescence-Inoculumn-mBHI,101638
95,H100-e003Coalescence-mBHI-p7_S139,16,1461470,B4-e003Coalescence-Inoculumn-mBHI,101638
96,G8-e003Coalescence-mBHI-p5_S29,16,757680,B4-e003Coalescence-Inoculumn-mBHI,101638
97,G2-e003Coalescence-mBHI-p5_S25,8,1534425,B4-e003Coalescence-Inoculumn-mBHI,101638
98,G8-e003Coalescence-mGAM-p7_S173,11,1390044,B4-e003Coalescence-Inoculumn-mBHI,101638
99,E4-e003Coalescence-mBHI-p3_S11,7,1489708,B4-e003Coalescence-Inoculumn-mBHI,101638
100,G9-e003Coalescence-mBHI-p5_S30,10,972978,B4-e003Coalescence-Inoculumn-mBHI,101638
101,E100-e003Coalescence-mGAM-p7_S151,13,1431882,B4-e003Coalescence-Inoculumn-mBHI,101638
102,G9-e003Coalescence-mGAM-p3_S178,8,1118807,B4-e003Coalescence-Inoculumn-mBHI,101638
103,G2-e003Coalescence-mGAM-p3_S81,13,1516772,B4-e003Coalescence-Inoculumn-mBHI,101638
104,G100-e003Coalescence-mBHI-p7_S127,0,560797,B4-e003Coalescence-Inoculumn-mBHI,101638
0,C9-e003Coalescence-mGAM-p3,0,712205,C5-e003Coalescence-Inoculumn-mGAM,101638
1,C11-e003Coalescence-mBHI-p3,0,455308,C5-e003Coalescence-Inoculumn-mGAM,101638
2,C9-e003Coalescence-mGAM-p7,0,500113,C5-e003Coalescence-Inoculumn-mGAM,101638
3,C8-e003Coalescence-mGAM-p7,4,1423925,C5-e003Coalescence-Inoculumn-mGAM,101638
4,D10-e003Coalescence-mBHI-p3,1,592022,C5-e003Coalescence-Inoculumn-mGAM,101638
5,B2-e003Coalescence-mBHI-p3,6,640269,C5-e003Coalescence-Inoculumn-mGAM,101638
6,A4-e003Coalescence-mBHI-p7,1,1046978,C5-e003Coalescence-Inoculumn-mGAM,101638
7,B3-e003Coalescence-mBHI-p3,25,851498,C5-e003Coalescence-Inoculumn-mGAM,101638
8,C2-e003Coalescence-mBHI-p5,2,1531728,C5-e003Coalescence-Inoculumn-mGAM,101638
9,C4-e003GlycerolRevival-mBHI-p2,0,655282,C5-e003Coalescence-Inoculumn-mGAM,101638
10,B2-e003Coalescence-mBHI-p5,5,1376755,C5-e003Coalescence-Inoculumn-mGAM,101638
11,C4-e003Coalescence-mGAM-p7,0,1491174,C5-e003Coalescence-Inoculumn-mGAM,101638
12,B10-e003Assembly-mGAM-p5,0,708824,C5-e003Coalescence-Inoculumn-mGAM,101638
13,C2-e003Coalescence-mGAM-p7,0,1544636,C5-e003Coalescence-Inoculumn-mGAM,101638
14,C9-e003Coalescence-mBHI-p5,0,843947,C5-e003Coalescence-Inoculumn-mGAM,101638
15,C2-e003Coalescence-mBHI-p3,2,1550808,C5-e003Coalescence-Inoculumn-mGAM,101638
16,C9-e003Coalescence-mBHI-p3,0,1477971,C5-e003Coalescence-Inoculumn-mGAM,101638
17,D10-e003Coalescence-mGAM-p5,0,895834,C5-e003Coalescence-Inoculumn-mGAM,101638
18,C2-e003Coalescence-mGAM-p3,1,1349817,C5-e003Coalescence-Inoculumn-mGAM,101638
19,B10-e003Coalescence-mBHI-p5,0,751178,C5-e003Coalescence-Inoculumn-mGAM,101638
20,C4-e003Coalescence-mGAM-p5,0,1406224,C5-e003Coalescence-Inoculumn-mGAM,101638
21,D5-e003Coalescence-mBHI-p5,2,1486364,C5-e003Coalescence-Inoculumn-mGAM,101638
22,D3-e003Assembly-mBHI-p3,5,768389,C5-e003Coalescence-Inoculumn-mGAM,101638
23,C4-e003Coalescence-mGAM-p3,0,1546978,C5-e003Coalescence-Inoculumn-mGAM,101638
24,D3-e003Assembly-mBHI-p5,6,1546651,C5-e003Coalescence-Inoculumn-mGAM,101638
25,A10-e003Coalescence-mGAM-p3,2,1530862,C5-e003Coalescence-Inoculumn-mGAM,101638
26,B2-e003Coalescence-mGAM-p3,1,442858,C5-e003Coalescence-Inoculumn-mGAM,101638
27,D3-e003Coalescence-mGAM-p5,1,515212,C5-e003Coalescence-Inoculumn-mGAM,101638
28,C10-e003Coalescence-mGAM-p3,0,1520946,C5-e003Coalescence-Inoculumn-mGAM,101638
29,C3-e003Coalescence-Inoculumn-mGAM,0,473234,C5-e003Coalescence-Inoculumn-mGAM,101638
30,D4-e003Coalescence-Inoculumn-mBHI,2,618720,C5-e003Coalescence-Inoculumn-mGAM,101638
31,A4-e003Coalescence-mBHI-p5,2,958917,C5-e003Coalescence-Inoculumn-mGAM,101638
32,D10-e003Coalescence-mGAM-p7,0,938266,C5-e003Coalescence-Inoculumn-mGAM,101638
33,C11-e003Coalescence-mGAM-p3,1,727674,C5-e003Coalescence-Inoculumn-mGAM,101638
34,C10-e003Coalescence-mBHI-p7,16,636171,C5-e003Coalescence-Inoculumn-mGAM,101638
35,B10-e003Coalescence-mBHI-p3,0,1064478,C5-e003Coalescence-Inoculumn-mGAM,101638
36,C11-e003Coalescence-mBHI-p5,1,1515011,C5-e003Coalescence-Inoculumn-mGAM,101638
37,C2-e003Coalescence-Inoculumn-mGAM,0,514343,C5-e003Coalescence-Inoculumn-mGAM,101638
38,B4-e003Coalescence-Inoculumn-mGAM,0,1527645,C5-e003Coalescence-Inoculumn-mGAM,101638
39,A10-e003Coalescence-mGAM-p7,0,1119734,C5-e003Coalescence-Inoculumn-mGAM,101638
40,C4-e003Coalescence-Inoculumn-mGAM,1,1354072,C5-e003Coalescence-Inoculumn-mGAM,101638
41,B10-e003Assembly-mGAM-p3,0,526228,C5-e003Coalescence-Inoculumn-mGAM,101638
42,D10-e003Coalescence-mBHI-p7,1,560357,C5-e003Coalescence-Inoculumn-mGAM,101638
43,B10-e003GlycerolRevival-mGAM-p2,0,912883,C5-e003Coalescence-Inoculumn-mGAM,101638
44,C10-e003Coalescence-mGAM-p5,0,1544682,C5-e003Coalescence-Inoculumn-mGAM,101638
45,A3-e003Coalescence-mBHI-p3,4,444927,C5-e003Coalescence-Inoculumn-mGAM,101638
46,A4-e003Coalescence-mBHI-p3,2,1204293,C5-e003Coalescence-Inoculumn-mGAM,101638
47,C9-e003Coalescence-mGAM-p5,0,810866,C5-e003Coalescence-Inoculumn-mGAM,101638
48,C2-e003Coalescence-mGAM-p5,2,1502257,C5-e003Coalescence-Inoculumn-mGAM,101638
49,C8-e003Coalescence-mBHI-p5,10,1338159,C5-e003Coalescence-Inoculumn-mGAM,101638
50,B4-e003Coalescence-Inoculumn-mBHI,8,563867,C5-e003Coalescence-Inoculumn-mGAM,101638
51,C5-e003Coalescence-Inoculumn-mGAM,0,1530071,C5-e003Coalescence-Inoculumn-mGAM,101638
52,C4-e003Coalescence-mBHI-p5,11,881699,C5-e003Coalescence-Inoculumn-mGAM,101638
53,A4-e003Coalescence-Inoculumn-mGAM,2,1506279,C5-e003Coalescence-Inoculumn-mGAM,101638
54,C2-e003Coalescence-mBHI-p7,0,569461,C5-e003Coalescence-Inoculumn-mGAM,101638
55,C10-e003Coalescence-mGAM-p7,0,1547140,C5-e003Coalescence-Inoculumn-mGAM,101638
56,C10-e003Coalescence-mBHI-p3,0,1524472,C5-e003Coalescence-Inoculumn-mGAM,101638
57,H4-e003Coalescence-mGAM-p7_S183,6,991821,C5-e003Coalescence-Inoculumn-mGAM,101638
58,F5-e003Coalescence-mGAM-p5_S64,2,468781,C5-e003Coalescence-Inoculumn-mGAM,101638
59,F100-e003Coalescence-mGAM-p7_S163,2,1155108,C5-e003Coalescence-Inoculumn-mGAM,101638
60,E3-e003Coalescence-mGAM-p3_S58,3,516408,C5-e003Coalescence-Inoculumn-mGAM,101638
61,G4-e003Coalescence-mBHI-p5_S27,4,878137,C5-e003Coalescence-Inoculumn-mGAM,101638
62,G2-e003Coalescence-mBHI-p3_S33,5,1521290,C5-e003Coalescence-Inoculumn-mGAM,101638
63,G100-e003Coalescence-mGAM-p3_S179,0,1153539,C5-e003Coalescence-Inoculumn-mGAM,101638
64,G111-e003Coalescence-mBHI-p5_S32,5,1154220,C5-e003Coalescence-Inoculumn-mGAM,101638
65,E3-e003Coalescence-mBHI-p3_S10,5,711439,C5-e003Coalescence-Inoculumn-mGAM,101638
66,F2-e003Coalescence-mGAM-p7_S157,2,556375,C5-e003Coalescence-Inoculumn-mGAM,101638
67,E100-e003Coalescence-mGAM-p3_S155,5,1461251,C5-e003Coalescence-Inoculumn-mGAM,101638
68,E3-e003Coalescence-mGAM-p5_S50,5,1371172,C5-e003Coalescence-Inoculumn-mGAM,101638
69,H100-e003Coalescence-mBHI-p5_S43,2,925751,C5-e003Coalescence-Inoculumn-mGAM,101638
70,F2-e003Coalescence-mGAM-p5_S61,1,1281223,C5-e003Coalescence-Inoculumn-mGAM,101638
71,G100-e003Coalescence-mBHI-p5_S31,0,829979,C5-e003Coalescence-Inoculumn-mGAM,101638
72,G4-e003Coalescence-mBHI-p3_S35,8,474244,C5-e003Coalescence-Inoculumn-mGAM,101638
73,E4-e003Coalescence-mBHI-p5_S3,9,1426946,C5-e003Coalescence-Inoculumn-mGAM,101638
74,E4-e003Coalescence-mGAM-p5_S51,1,579225,C5-e003Coalescence-Inoculumn-mGAM,101638
75,G9-e003Coalescence-mGAM-p7_S174,0,622414,C5-e003Coalescence-Inoculumn-mGAM,101638
76,E8-e003Coalescence-mGAM-p3_S153,7,1489557,C5-e003Coalescence-Inoculumn-mGAM,101638
77,G100-e003Coalescence-mGAM-p7_S175,4,673821,C5-e003Coalescence-Inoculumn-mGAM,101638
78,G3-e003Coalescence-mBHI-p7_S122,6,531581,C5-e003Coalescence-Inoculumn-mGAM,101638
79,G4-e003Coalescence-mGAM-p5_S75,5,1533148,C5-e003Coalescence-Inoculumn-mGAM,101638
80,G8-e003Coalescence-mBHI-p3_S129,6,840340,C5-e003Coalescence-Inoculumn-mGAM,101638
81,G2-e003Coalescence-mGAM-p5_S73,8,1525280,C5-e003Coalescence-Inoculumn-mGAM,101638
82,E100-e003Coalescence-mGAM-p5_S55,6,1291155,C5-e003Coalescence-Inoculumn-mGAM,101638
83,G4-e003Coalescence-mGAM-p3_S83,7,1536688,C5-e003Coalescence-Inoculumn-mGAM,101638
84,F4-e003Coalescence-mBHI-p7_S111,2,477586,C5-e003Coalescence-Inoculumn-mGAM,101638
85,G4-e003Coalescence-mGAM-p7_S171,6,1471075,C5-e003Coalescence-Inoculumn-mGAM,101638
86,F100-e003Coalescence-mBHI-p7_S115,5,1350695,C5-e003Coalescence-Inoculumn-mGAM,101638
87,E3-e003Coalescence-mGAM-p7_S146,6,1297929,C5-e003Coalescence-Inoculumn-mGAM,101638
88,E3-e003Coalescence-mBHI-p5_S2,4,758841,C5-e003Coalescence-Inoculumn-mGAM,101638
89,G2-e003Coalescence-mBHI-p7_S121,9,1251923,C5-e003Coalescence-Inoculumn-mGAM,101638
90,F2-e003Coalescence-mBHI-p5_S13,5,1483168,C5-e003Coalescence-Inoculumn-mGAM,101638
91,F2-e003Coalescence-mGAM-p3_S69,0,1044013,C5-e003Coalescence-Inoculumn-mGAM,101638
92,G100-e003Coalescence-mGAM-p5_S79,2,1518875,C5-e003Coalescence-Inoculumn-mGAM,101638
93,E4-e003Coalescence-mGAM-p7_S147,5,1030477,C5-e003Coalescence-Inoculumn-mGAM,101638
94,E4-e003Coalescence-mGAM-p3_S59,7,1512400,C5-e003Coalescence-Inoculumn-mGAM,101638
95,H100-e003Coalescence-mBHI-p7_S139,7,1461470,C5-e003Coalescence-Inoculumn-mGAM,101638
96,G8-e003Coalescence-mBHI-p5_S29,10,757680,C5-e003Coalescence-Inoculumn-mGAM,101638
97,G2-e003Coalescence-mBHI-p5_S25,7,1534425,C5-e003Coalescence-Inoculumn-mGAM,101638
98,G8-e003Coalescence-mGAM-p7_S173,15,1390044,C5-e003Coalescence-Inoculumn-mGAM,101638
99,E4-e003Coalescence-mBHI-p3_S11,5,1489708,C5-e003Coalescence-Inoculumn-mGAM,101638
100,G9-e003Coalescence-mBHI-p5_S30,5,972978,C5-e003Coalescence-Inoculumn-mGAM,101638
101,E100-e003Coalescence-mGAM-p7_S151,9,1431882,C5-e003Coalescence-Inoculumn-mGAM,101638
102,G9-e003Coalescence-mGAM-p3_S178,4,1118807,C5-e003Coalescence-Inoculumn-mGAM,101638
103,G2-e003Coalescence-mGAM-p3_S81,8,1516772,C5-e003Coalescence-Inoculumn-mGAM,101638
104,G100-e003Coalescence-mBHI-p7_S127,1,560797,C5-e003Coalescence-Inoculumn-mGAM,101638
0,C9-e003Coalescence-mGAM-p3,6,712205,C4-e003Coalescence-mBHI-p5,101638
1,C11-e003Coalescence-mBHI-p3,7,455308,C4-e003Coalescence-mBHI-p5,101638
2,C9-e003Coalescence-mGAM-p7,2,500113,C4-e003Coalescence-mBHI-p5,101638
3,C8-e003Coalescence-mGAM-p7,13,1423925,C4-e003Coalescence-mBHI-p5,101638
4,D10-e003Coalescence-mBHI-p3,7,592022,C4-e003Coalescence-mBHI-p5,101638
5,B2-e003Coalescence-mBHI-p3,5,640269,C4-e003Coalescence-mBHI-p5,101638
6,A4-e003Coalescence-mBHI-p7,4,1046978,C4-e003Coalescence-mBHI-p5,101638
7,B3-e003Coalescence-mBHI-p3,10,851498,C4-e003Coalescence-mBHI-p5,101638
8,C2-e003Coalescence-mBHI-p5,14,1531728,C4-e003Coalescence-mBHI-p5,101638
9,C4-e003GlycerolRevival-mBHI-p2,5,655282,C4-e003Coalescence-mBHI-p5,101638
10,B2-e003Coalescence-mBHI-p5,6,1376755,C4-e003Coalescence-mBHI-p5,101638
11,C4-e003Coalescence-mGAM-p7,11,1491174,C4-e003Coalescence-mBHI-p5,101638
12,B10-e003Assembly-mGAM-p5,2,708824,C4-e003Coalescence-mBHI-p5,101638
13,C2-e003Coalescence-mGAM-p7,16,1544636,C4-e003Coalescence-mBHI-p5,101638
14,C9-e003Coalescence-mBHI-p5,7,843947,C4-e003Coalescence-mBHI-p5,101638
15,C2-e003Coalescence-mBHI-p3,17,1550808,C4-e003Coalescence-mBHI-p5,101638
16,C9-e003Coalescence-mBHI-p3,13,1477971,C4-e003Coalescence-mBHI-p5,101638
17,D10-e003Coalescence-mGAM-p5,6,895834,C4-e003Coalescence-mBHI-p5,101638
18,C2-e003Coalescence-mGAM-p3,6,1349817,C4-e003Coalescence-mBHI-p5,101638
19,B10-e003Coalescence-mBHI-p5,4,751178,C4-e003Coalescence-mBHI-p5,101638
20,C4-e003Coalescence-mGAM-p5,9,1406224,C4-e003Coalescence-mBHI-p5,101638
21,D5-e003Coalescence-mBHI-p5,9,1486364,C4-e003Coalescence-mBHI-p5,101638
22,D3-e003Assembly-mBHI-p3,9,768389,C4-e003Coalescence-mBHI-p5,101638
23,C4-e003Coalescence-mGAM-p3,12,1546978,C4-e003Coalescence-mBHI-p5,101638
24,D3-e003Assembly-mBHI-p5,21,1546651,C4-e003Coalescence-mBHI-p5,101638
25,A10-e003Coalescence-mGAM-p3,16,1530862,C4-e003Coalescence-mBHI-p5,101638
26,B2-e003Coalescence-mGAM-p3,3,442858,C4-e003Coalescence-mBHI-p5,101638
27,D3-e003Coalescence-mGAM-p5,8,515212,C4-e003Coalescence-mBHI-p5,101638
28,C10-e003Coalescence-mGAM-p3,13,1520946,C4-e003Coalescence-mBHI-p5,101638
29,C3-e003Coalescence-Inoculumn-mGAM,4,473234,C4-e003Coalescence-mBHI-p5,101638
30,D4-e003Coalescence-Inoculumn-mBHI,7,618720,C4-e003Coalescence-mBHI-p5,101638
31,A4-e003Coalescence-mBHI-p5,11,958917,C4-e003Coalescence-mBHI-p5,101638
32,D10-e003Coalescence-mGAM-p7,10,938266,C4-e003Coalescence-mBHI-p5,101638
33,C11-e003Coalescence-mGAM-p3,10,727674,C4-e003Coalescence-mBHI-p5,101638
34,C10-e003Coalescence-mBHI-p7,5,636171,C4-e003Coalescence-mBHI-p5,101638
35,B10-e003Coalescence-mBHI-p3,4,1064478,C4-e003Coalescence-mBHI-p5,101638
36,C11-e003Coalescence-mBHI-p5,15,1515011,C4-e003Coalescence-mBHI-p5,101638
37,C2-e003Coalescence-Inoculumn-mGAM,2,514343,C4-e003Coalescence-mBHI-p5,101638
38,B4-e003Coalescence-Inoculumn-mGAM,10,1527645,C4-e003Coalescence-mBHI-p5,101638
39,A10-e003Coalescence-mGAM-p7,7,1119734,C4-e003Coalescence-mBHI-p5,101638
40,C4-e003Coalescence-Inoculumn-mGAM,12,1354072,C4-e003Coalescence-mBHI-p5,101638
41,B10-e003Assembly-mGAM-p3,4,526228,C4-e003Coalescence-mBHI-p5,101638
42,D10-e003Coalescence-mBHI-p7,7,560357,C4-e003Coalescence-mBHI-p5,101638
43,B10-e003GlycerolRevival-mGAM-p2,5,912883,C4-e003Coalescence-mBHI-p5,101638
44,C10-e003Coalescence-mGAM-p5,15,1544682,C4-e003Coalescence-mBHI-p5,101638
45,A3-e003Coalescence-mBHI-p3,2,444927,C4-e003Coalescence-mBHI-p5,101638
46,A4-e003Coalescence-mBHI-p3,8,1204293,C4-e003Coalescence-mBHI-p5,101638
47,C9-e003Coalescence-mGAM-p5,5,810866,C4-e003Coalescence-mBHI-p5,101638
48,C2-e003Coalescence-mGAM-p5,13,1502257,C4-e003Coalescence-mBHI-p5,101638
49,C8-e003Coalescence-mBHI-p5,17,1338159,C4-e003Coalescence-mBHI-p5,101638
50,B4-e003Coalescence-Inoculumn-mBHI,5,563867,C4-e003Coalescence-mBHI-p5,101638
51,C5-e003Coalescence-Inoculumn-mGAM,11,1530071,C4-e003Coalescence-mBHI-p5,101638
52,C4-e003Coalescence-mBHI-p5,0,881699,C4-e003Coalescence-mBHI-p5,101638
53,A4-e003Coalescence-Inoculumn-mGAM,14,1506279,C4-e003Coalescence-mBHI-p5,101638
54,C2-e003Coalescence-mBHI-p7,3,569461,C4-e003Coalescence-mBHI-p5,101638
55,C10-e003Coalescence-mGAM-p7,12,1547140,C4-e003Coalescence-mBHI-p5,101638
56,C10-e003Coalescence-mBHI-p3,19,1524472,C4-e003Coalescence-mBHI-p5,101638
57,H4-e003Coalescence-mGAM-p7_S183,29,991821,C4-e003Coalescence-mBHI-p5,101638
58,F5-e003Coalescence-mGAM-p5_S64,5,468781,C4-e003Coalescence-mBHI-p5,101638
59,F100-e003Coalescence-mGAM-p7_S163,8,1155108,C4-e003Coalescence-mBHI-p5,101638
60,E3-e003Coalescence-mGAM-p3_S58,3,516408,C4-e003Coalescence-mBHI-p5,101638
61,G4-e003Coalescence-mBHI-p5_S27,6,878137,C4-e003Coalescence-mBHI-p5,101638
62,G2-e003Coalescence-mBHI-p3_S33,17,1521290,C4-e003Coalescence-mBHI-p5,101638
63,G100-e003Coalescence-mGAM-p3_S179,8,1153539,C4-e003Coalescence-mBHI-p5,101638
64,G111-e003Coalescence-mBHI-p5_S32,22,1154220,C4-e003Coalescence-mBHI-p5,101638
65,E3-e003Coalescence-mBHI-p3_S10,13,711439,C4-e003Coalescence-mBHI-p5,101638
66,F2-e003Coalescence-mGAM-p7_S157,5,556375,C4-e003Coalescence-mBHI-p5,101638
67,E100-e003Coalescence-mGAM-p3_S155,22,1461251,C4-e003Coalescence-mBHI-p5,101638
68,E3-e003Coalescence-mGAM-p5_S50,13,1371172,C4-e003Coalescence-mBHI-p5,101638
69,H100-e003Coalescence-mBHI-p5_S43,14,925751,C4-e003Coalescence-mBHI-p5,101638
70,F2-e003Coalescence-mGAM-p5_S61,7,1281223,C4-e003Coalescence-mBHI-p5,101638
71,G100-e003Coalescence-mBHI-p5_S31,6,829979,C4-e003Coalescence-mBHI-p5,101638
72,G4-e003Coalescence-mBHI-p3_S35,5,474244,C4-e003Coalescence-mBHI-p5,101638
73,E4-e003Coalescence-mBHI-p5_S3,17,1426946,C4-e003Coalescence-mBHI-p5,101638
74,E4-e003Coalescence-mGAM-p5_S51,1,579225,C4-e003Coalescence-mBHI-p5,101638
75,G9-e003Coalescence-mGAM-p7_S174,1,622414,C4-e003Coalescence-mBHI-p5,101638
76,E8-e003Coalescence-mGAM-p3_S153,19,1489557,C4-e003Coalescence-mBHI-p5,101638
77,G100-e003Coalescence-mGAM-p7_S175,5,673821,C4-e003Coalescence-mBHI-p5,101638
78,G3-e003Coalescence-mBHI-p7_S122,9,531581,C4-e003Coalescence-mBHI-p5,101638
79,G4-e003Coalescence-mGAM-p5_S75,17,1533148,C4-e003Coalescence-mBHI-p5,101638
80,G8-e003Coalescence-mBHI-p3_S129,20,840340,C4-e003Coalescence-mBHI-p5,101638
81,G2-e003Coalescence-mGAM-p5_S73,22,1525280,C4-e003Coalescence-mBHI-p5,101638
82,E100-e003Coalescence-mGAM-p5_S55,13,1291155,C4-e003Coalescence-mBHI-p5,101638
83,G4-e003Coalescence-mGAM-p3_S83,19,1536688,C4-e003Coalescence-mBHI-p5,101638
84,F4-e003Coalescence-mBHI-p7_S111,5,477586,C4-e003Coalescence-mBHI-p5,101638
85,G4-e003Coalescence-mGAM-p7_S171,17,1471075,C4-e003Coalescence-mBHI-p5,101638
86,F100-e003Coalescence-mBHI-p7_S115,21,1350695,C4-e003Coalescence-mBHI-p5,101638
87,E3-e003Coalescence-mGAM-p7_S146,19,1297929,C4-e003Coalescence-mBHI-p5,101638
88,E3-e003Coalescence-mBHI-p5_S2,9,758841,C4-e003Coalescence-mBHI-p5,101638
89,G2-e003Coalescence-mBHI-p7_S121,18,1251923,C4-e003Coalescence-mBHI-p5,101638
90,F2-e003Coalescence-mBHI-p5_S13,19,1483168,C4-e003Coalescence-mBHI-p5,101638
91,F2-e003Coalescence-mGAM-p3_S69,6,1044013,C4-e003Coalescence-mBHI-p5,101638
92,G100-e003Coalescence-mGAM-p5_S79,16,1518875,C4-e003Coalescence-mBHI-p5,101638
93,E4-e003Coalescence-mGAM-p7_S147,11,1030477,C4-e003Coalescence-mBHI-p5,101638
94,E4-e003Coalescence-mGAM-p3_S59,19,1512400,C4-e003Coalescence-mBHI-p5,101638
95,H100-e003Coalescence-mBHI-p7_S139,26,1461470,C4-e003Coalescence-mBHI-p5,101638
96,G8-e003Coalescence-mBHI-p5_S29,18,757680,C4-e003Coalescence-mBHI-p5,101638
97,G2-e003Coalescence-mBHI-p5_S25,20,1534425,C4-e003Coalescence-mBHI-p5,101638
98,G8-e003Coalescence-mGAM-p7_S173,26,1390044,C4-e003Coalescence-mBHI-p5,101638
99,E4-e003Coalescence-mBHI-p3_S11,20,1489708,C4-e003Coalescence-mBHI-p5,101638
100,G9-e003Coalescence-mBHI-p5_S30,17,972978,C4-e003Coalescence-mBHI-p5,101638
101,E100-e003Coalescence-mGAM-p7_S151,26,1431882,C4-e003Coalescence-mBHI-p5,101638
102,G9-e003Coalescence-mGAM-p3_S178,20,1118807,C4-e003Coalescence-mBHI-p5,101638
103,G2-e003Coalescence-mGAM-p3_S81,20,1516772,C4-e003Coalescence-mBHI-p5,101638
104,G100-e003Coalescence-mBHI-p7_S127,13,560797,C4-e003Coalescence-mBHI-p5,101638
0,C9-e003Coalescence-mGAM-p3,14,712205,A4-e003Coalescence-Inoculumn-mGAM,101638
1,C11-e003Coalescence-mBHI-p3,2,455308,A4-e003Coalescence-Inoculumn-mGAM,101638
2,C9-e003Coalescence-mGAM-p7,19,500113,A4-e003Coalescence-Inoculumn-mGAM,101638
3,C8-e003Coalescence-mGAM-p7,2,1423925,A4-e003Coalescence-Inoculumn-mGAM,101638
4,D10-e003Coalescence-mBHI-p3,16,592022,A4-e003Coalescence-Inoculumn-mGAM,101638
5,B2-e003Coalescence-mBHI-p3,0,640269,A4-e003Coalescence-Inoculumn-mGAM,101638
6,A4-e003Coalescence-mBHI-p7,0,1046978,A4-e003Coalescence-Inoculumn-mGAM,101638
7,B3-e003Coalescence-mBHI-p3,29,851498,A4-e003Coalescence-Inoculumn-mGAM,101638
8,C2-e003Coalescence-mBHI-p5,0,1531728,A4-e003Coalescence-Inoculumn-mGAM,101638
9,C4-e003GlycerolRevival-mBHI-p2,15,655282,A4-e003Coalescence-Inoculumn-mGAM,101638
10,B2-e003Coalescence-mBHI-p5,6,1376755,A4-e003Coalescence-Inoculumn-mGAM,101638
11,C4-e003Coalescence-mGAM-p7,0,1491174,A4-e003Coalescence-Inoculumn-mGAM,101638
12,B10-e003Assembly-mGAM-p5,0,708824,A4-e003Coalescence-Inoculumn-mGAM,101638
13,C2-e003Coalescence-mGAM-p7,0,1544636,A4-e003Coalescence-Inoculumn-mGAM,101638
14,C9-e003Coalescence-mBHI-p5,19,843947,A4-e003Coalescence-Inoculumn-mGAM,101638
15,C2-e003Coalescence-mBHI-p3,0,1550808,A4-e003Coalescence-Inoculumn-mGAM,101638
16,C9-e003Coalescence-mBHI-p3,23,1477971,A4-e003Coalescence-Inoculumn-mGAM,101638
17,D10-e003Coalescence-mGAM-p5,14,895834,A4-e003Coalescence-Inoculumn-mGAM,101638
18,C2-e003Coalescence-mGAM-p3,0,1349817,A4-e003Coalescence-Inoculumn-mGAM,101638
19,B10-e003Coalescence-mBHI-p5,13,751178,A4-e003Coalescence-Inoculumn-mGAM,101638
20,C4-e003Coalescence-mGAM-p5,0,1406224,A4-e003Coalescence-Inoculumn-mGAM,101638
21,D5-e003Coalescence-mBHI-p5,1,1486364,A4-e003Coalescence-Inoculumn-mGAM,101638
22,D3-e003Assembly-mBHI-p3,17,768389,A4-e003Coalescence-Inoculumn-mGAM,101638
23,C4-e003Coalescence-mGAM-p3,1,1546978,A4-e003Coalescence-Inoculumn-mGAM,101638
24,D3-e003Assembly-mBHI-p5,14,1546651,A4-e003Coalescence-Inoculumn-mGAM,101638
25,A10-e003Coalescence-mGAM-p3,0,1530862,A4-e003Coalescence-Inoculumn-mGAM,101638
26,B2-e003Coalescence-mGAM-p3,3,442858,A4-e003Coalescence-Inoculumn-mGAM,101638
27,D3-e003Coalescence-mGAM-p5,4,515212,A4-e003Coalescence-Inoculumn-mGAM,101638
28,C10-e003Coalescence-mGAM-p3,1,1520946,A4-e003Coalescence-Inoculumn-mGAM,101638
29,C3-e003Coalescence-Inoculumn-mGAM,2,473234,A4-e003Coalescence-Inoculumn-mGAM,101638
30,D4-e003Coalescence-Inoculumn-mBHI,9,618720,A4-e003Coalescence-Inoculumn-mGAM,101638
31,A4-e003Coalescence-mBHI-p5,0,958917,A4-e003Coalescence-Inoculumn-mGAM,101638
32,D10-e003Coalescence-mGAM-p7,9,938266,A4-e003Coalescence-Inoculumn-mGAM,101638
33,C11-e003Coalescence-mGAM-p3,18,727674,A4-e003Coalescence-Inoculumn-mGAM,101638
34,C10-e003Coalescence-mBHI-p7,18,636171,A4-e003Coalescence-Inoculumn-mGAM,101638
35,B10-e003Coalescence-mBHI-p3,18,1064478,A4-e003Coalescence-Inoculumn-mGAM,101638
36,C11-e003Coalescence-mBHI-p5,11,1515011,A4-e003Coalescence-Inoculumn-mGAM,101638
37,C2-e003Coalescence-Inoculumn-mGAM,0,514343,A4-e003Coalescence-Inoculumn-mGAM,101638
38,B4-e003Coalescence-Inoculumn-mGAM,26,1527645,A4-e003Coalescence-Inoculumn-mGAM,101638
39,A10-e003Coalescence-mGAM-p7,3,1119734,A4-e003Coalescence-Inoculumn-mGAM,101638
40,C4-e003Coalescence-Inoculumn-mGAM,0,1354072,A4-e003Coalescence-Inoculumn-mGAM,101638
41,B10-e003Assembly-mGAM-p3,0,526228,A4-e003Coalescence-Inoculumn-mGAM,101638
42,D10-e003Coalescence-mBHI-p7,7,560357,A4-e003Coalescence-Inoculumn-mGAM,101638
43,B10-e003GlycerolRevival-mGAM-p2,0,912883,A4-e003Coalescence-Inoculumn-mGAM,101638
44,C10-e003Coalescence-mGAM-p5,0,1544682,A4-e003Coalescence-Inoculumn-mGAM,101638
45,A3-e003Coalescence-mBHI-p3,1,444927,A4-e003Coalescence-Inoculumn-mGAM,101638
46,A4-e003Coalescence-mBHI-p3,2,1204293,A4-e003Coalescence-Inoculumn-mGAM,101638
47,C9-e003Coalescence-mGAM-p5,22,810866,A4-e003Coalescence-Inoculumn-mGAM,101638
48,C2-e003Coalescence-mGAM-p5,0,1502257,A4-e003Coalescence-Inoculumn-mGAM,101638
49,C8-e003Coalescence-mBHI-p5,14,1338159,A4-e003Coalescence-Inoculumn-mGAM,101638
50,B4-e003Coalescence-Inoculumn-mBHI,10,563867,A4-e003Coalescence-Inoculumn-mGAM,101638
51,C5-e003Coalescence-Inoculumn-mGAM,3,1530071,A4-e003Coalescence-Inoculumn-mGAM,101638
52,C4-e003Coalescence-mBHI-p5,12,881699,A4-e003Coalescence-Inoculumn-mGAM,101638
53,A4-e003Coalescence-Inoculumn-mGAM,0,1506279,A4-e003Coalescence-Inoculumn-mGAM,101638
54,C2-e003Coalescence-mBHI-p7,0,569461,A4-e003Coalescence-Inoculumn-mGAM,101638
55,C10-e003Coalescence-mGAM-p7,1,1547140,A4-e003Coalescence-Inoculumn-mGAM,101638
56,C10-e003Coalescence-mBHI-p3,0,1524472,A4-e003Coalescence-Inoculumn-mGAM,101638
57,H4-e003Coalescence-mGAM-p7_S183,12,991821,A4-e003Coalescence-Inoculumn-mGAM,101638
58,F5-e003Coalescence-mGAM-p5_S64,3,468781,A4-e003Coalescence-Inoculumn-mGAM,101638
59,F100-e003Coalescence-mGAM-p7_S163,9,1155108,A4-e003Coalescence-Inoculumn-mGAM,101638
60,E3-e003Coalescence-mGAM-p3_S58,6,516408,A4-e003Coalescence-Inoculumn-mGAM,101638
61,G4-e003Coalescence-mBHI-p5_S27,3,878137,A4-e003Coalescence-Inoculumn-mGAM,101638
62,G2-e003Coalescence-mBHI-p3_S33,5,1521290,A4-e003Coalescence-Inoculumn-mGAM,101638
63,G100-e003Coalescence-mGAM-p3_S179,2,1153539,A4-e003Coalescence-Inoculumn-mGAM,101638
64,G111-e003Coalescence-mBHI-p5_S32,32,1154220,A4-e003Coalescence-Inoculumn-mGAM,101638
65,E3-e003Coalescence-mBHI-p3_S10,5,711439,A4-e003Coalescence-Inoculumn-mGAM,101638
66,F2-e003Coalescence-mGAM-p7_S157,2,556375,A4-e003Coalescence-Inoculumn-mGAM,101638
67,E100-e003Coalescence-mGAM-p3_S155,5,1461251,A4-e003Coalescence-Inoculumn-mGAM,101638
68,E3-e003Coalescence-mGAM-p5_S50,6,1371172,A4-e003Coalescence-Inoculumn-mGAM,101638
69,H100-e003Coalescence-mBHI-p5_S43,23,925751,A4-e003Coalescence-Inoculumn-mGAM,101638
70,F2-e003Coalescence-mGAM-p5_S61,2,1281223,A4-e003Coalescence-Inoculumn-mGAM,101638
71,G100-e003Coalescence-mBHI-p5_S31,1,829979,A4-e003Coalescence-Inoculumn-mGAM,101638
72,G4-e003Coalescence-mBHI-p3_S35,12,474244,A4-e003Coalescence-Inoculumn-mGAM,101638
73,E4-e003Coalescence-mBHI-p5_S3,10,1426946,A4-e003Coalescence-Inoculumn-mGAM,101638
74,E4-e003Coalescence-mGAM-p5_S51,0,579225,A4-e003Coalescence-Inoculumn-mGAM,101638
75,G9-e003Coalescence-mGAM-p7_S174,13,622414,A4-e003Coalescence-Inoculumn-mGAM,101638
76,E8-e003Coalescence-mGAM-p3_S153,12,1489557,A4-e003Coalescence-Inoculumn-mGAM,101638
77,G100-e003Coalescence-mGAM-p7_S175,6,673821,A4-e003Coalescence-Inoculumn-mGAM,101638
78,G3-e003Coalescence-mBHI-p7_S122,23,531581,A4-e003Coalescence-Inoculumn-mGAM,101638
79,G4-e003Coalescence-mGAM-p5_S75,8,1533148,A4-e003Coalescence-Inoculumn-mGAM,101638
80,G8-e003Coalescence-mBHI-p3_S129,5,840340,A4-e003Coalescence-Inoculumn-mGAM,101638
81,G2-e003Coalescence-mGAM-p5_S73,8,1525280,A4-e003Coalescence-Inoculumn-mGAM,101638
82,E100-e003Coalescence-mGAM-p5_S55,6,1291155,A4-e003Coalescence-Inoculumn-mGAM,101638
83,G4-e003Coalescence-mGAM-p3_S83,9,1536688,A4-e003Coalescence-Inoculumn-mGAM,101638
84,F4-e003Coalescence-mBHI-p7_S111,16,477586,A4-e003Coalescence-Inoculumn-mGAM,101638
85,G4-e003Coalescence-mGAM-p7_S171,7,1471075,A4-e003Coalescence-Inoculumn-mGAM,101638
86,F100-e003Coalescence-mBHI-p7_S115,28,1350695,A4-e003Coalescence-Inoculumn-mGAM,101638
87,E3-e003Coalescence-mGAM-p7_S146,8,1297929,A4-e003Coalescence-Inoculumn-mGAM,101638
88,E3-e003Coalescence-mBHI-p5_S2,2,758841,A4-e003Coalescence-Inoculumn-mGAM,101638
89,G2-e003Coalescence-mBHI-p7_S121,9,1251923,A4-e003Coalescence-Inoculumn-mGAM,101638
90,F2-e003Coalescence-mBHI-p5_S13,6,1483168,A4-e003Coalescence-Inoculumn-mGAM,101638
91,F2-e003Coalescence-mGAM-p3_S69,3,1044013,A4-e003Coalescence-Inoculumn-mGAM,101638
92,G100-e003Coalescence-mGAM-p5_S79,2,1518875,A4-e003Coalescence-Inoculumn-mGAM,101638
93,E4-e003Coalescence-mGAM-p7_S147,5,1030477,A4-e003Coalescence-Inoculumn-mGAM,101638
94,E4-e003Coalescence-mGAM-p3_S59,9,1512400,A4-e003Coalescence-Inoculumn-mGAM,101638
95,H100-e003Coalescence-mBHI-p7_S139,38,1461470,A4-e003Coalescence-Inoculumn-mGAM,101638
96,G8-e003Coalescence-mBHI-p5_S29,9,757680,A4-e003Coalescence-Inoculumn-mGAM,101638
97,G2-e003Coalescence-mBHI-p5_S25,9,1534425,A4-e003Coalescence-Inoculumn-mGAM,101638
98,G8-e003Coalescence-mGAM-p7_S173,15,1390044,A4-e003Coalescence-Inoculumn-mGAM,101638
99,E4-e003Coalescence-mBHI-p3_S11,8,1489708,A4-e003Coalescence-Inoculumn-mGAM,101638
100,G9-e003Coalescence-mBHI-p5_S30,22,972978,A4-e003Coalescence-Inoculumn-mGAM,101638
101,E100-e003Coalescence-mGAM-p7_S151,10,1431882,A4-e003Coalescence-Inoculumn-mGAM,101638
102,G9-e003Coalescence-mGAM-p3_S178,29,1118807,A4-e003Coalescence-Inoculumn-mGAM,101638
103,G2-e003Coalescence-mGAM-p3_S81,8,1516772,A4-e003Coalescence-Inoculumn-mGAM,101638
104,G100-e003Coalescence-mBHI-p7_S127,3,560797,A4-e003Coalescence-Inoculumn-mGAM,101638
0,C9-e003Coalescence-mGAM-p3,0,712205,C2-e003Coalescence-mBHI-p7,101638
1,C11-e003Coalescence-mBHI-p3,0,455308,C2-e003Coalescence-mBHI-p7,101638
2,C9-e003Coalescence-mGAM-p7,1,500113,C2-e003Coalescence-mBHI-p7,101638
3,C8-e003Coalescence-mGAM-p7,1,1423925,C2-e003Coalescence-mBHI-p7,101638
4,D10-e003Coalescence-mBHI-p3,1,592022,C2-e003Coalescence-mBHI-p7,101638
5,B2-e003Coalescence-mBHI-p3,1,640269,C2-e003Coalescence-mBHI-p7,101638
6,A4-e003Coalescence-mBHI-p7,1,1046978,C2-e003Coalescence-mBHI-p7,101638
7,B3-e003Coalescence-mBHI-p3,8,851498,C2-e003Coalescence-mBHI-p7,101638
8,C2-e003Coalescence-mBHI-p5,1,1531728,C2-e003Coalescence-mBHI-p7,101638
9,C4-e003GlycerolRevival-mBHI-p2,0,655282,C2-e003Coalescence-mBHI-p7,101638
10,B2-e003Coalescence-mBHI-p5,5,1376755,C2-e003Coalescence-mBHI-p7,101638
11,C4-e003Coalescence-mGAM-p7,1,1491174,C2-e003Coalescence-mBHI-p7,101638
12,B10-e003Assembly-mGAM-p5,0,708824,C2-e003Coalescence-mBHI-p7,101638
13,C2-e003Coalescence-mGAM-p7,1,1544636,C2-e003Coalescence-mBHI-p7,101638
14,C9-e003Coalescence-mBHI-p5,1,843947,C2-e003Coalescence-mBHI-p7,101638
15,C2-e003Coalescence-mBHI-p3,1,1550808,C2-e003Coalescence-mBHI-p7,101638
16,C9-e003Coalescence-mBHI-p3,1,1477971,C2-e003Coalescence-mBHI-p7,101638
17,D10-e003Coalescence-mGAM-p5,0,895834,C2-e003Coalescence-mBHI-p7,101638
18,C2-e003Coalescence-mGAM-p3,1,1349817,C2-e003Coalescence-mBHI-p7,101638
19,B10-e003Coalescence-mBHI-p5,1,751178,C2-e003Coalescence-mBHI-p7,101638
20,C4-e003Coalescence-mGAM-p5,1,1406224,C2-e003Coalescence-mBHI-p7,101638
21,D5-e003Coalescence-mBHI-p5,2,1486364,C2-e003Coalescence-mBHI-p7,101638
22,D3-e003Assembly-mBHI-p3,2,768389,C2-e003Coalescence-mBHI-p7,101638
23,C4-e003Coalescence-mGAM-p3,1,1546978,C2-e003Coalescence-mBHI-p7,101638
24,D3-e003Assembly-mBHI-p5,3,1546651,C2-e003Coalescence-mBHI-p7,101638
25,A10-e003Coalescence-mGAM-p3,1,1530862,C2-e003Coalescence-mBHI-p7,101638
26,B2-e003Coalescence-mGAM-p3,1,442858,C2-e003Coalescence-mBHI-p7,101638
27,D3-e003Coalescence-mGAM-p5,1,515212,C2-e003Coalescence-mBHI-p7,101638
28,C10-e003Coalescence-mGAM-p3,1,1520946,C2-e003Coalescence-mBHI-p7,101638
29,C3-e003Coalescence-Inoculumn-mGAM,0,473234,C2-e003Coalescence-mBHI-p7,101638
30,D4-e003Coalescence-Inoculumn-mBHI,1,618720,C2-e003Coalescence-mBHI-p7,101638
31,A4-e003Coalescence-mBHI-p5,1,958917,C2-e003Coalescence-mBHI-p7,101638
32,D10-e003Coalescence-mGAM-p7,1,938266,C2-e003Coalescence-mBHI-p7,101638
33,C11-e003Coalescence-mGAM-p3,0,727674,C2-e003Coalescence-mBHI-p7,101638
34,C10-e003Coalescence-mBHI-p7,9,636171,C2-e003Coalescence-mBHI-p7,101638
35,B10-e003Coalescence-mBHI-p3,1,1064478,C2-e003Coalescence-mBHI-p7,101638
36,C11-e003Coalescence-mBHI-p5,1,1515011,C2-e003Coalescence-mBHI-p7,101638
37,C2-e003Coalescence-Inoculumn-mGAM,0,514343,C2-e003Coalescence-mBHI-p7,101638
38,B4-e003Coalescence-Inoculumn-mGAM,0,1527645,C2-e003Coalescence-mBHI-p7,101638
39,A10-e003Coalescence-mGAM-p7,1,1119734,C2-e003Coalescence-mBHI-p7,101638
40,C4-e003Coalescence-Inoculumn-mGAM,1,1354072,C2-e003Coalescence-mBHI-p7,101638
41,B10-e003Assembly-mGAM-p3,0,526228,C2-e003Coalescence-mBHI-p7,101638
42,D10-e003Coalescence-mBHI-p7,3,560357,C2-e003Coalescence-mBHI-p7,101638
43,B10-e003GlycerolRevival-mGAM-p2,0,912883,C2-e003Coalescence-mBHI-p7,101638
44,C10-e003Coalescence-mGAM-p5,2,1544682,C2-e003Coalescence-mBHI-p7,101638
45,A3-e003Coalescence-mBHI-p3,1,444927,C2-e003Coalescence-mBHI-p7,101638
46,A4-e003Coalescence-mBHI-p3,1,1204293,C2-e003Coalescence-mBHI-p7,101638
47,C9-e003Coalescence-mGAM-p5,0,810866,C2-e003Coalescence-mBHI-p7,101638
48,C2-e003Coalescence-mGAM-p5,1,1502257,C2-e003Coalescence-mBHI-p7,101638
49,C8-e003Coalescence-mBHI-p5,8,1338159,C2-e003Coalescence-mBHI-p7,101638
50,B4-e003Coalescence-Inoculumn-mBHI,1,563867,C2-e003Coalescence-mBHI-p7,101638
51,C5-e003Coalescence-Inoculumn-mGAM,2,1530071,C2-e003Coalescence-mBHI-p7,101638
52,C4-e003Coalescence-mBHI-p5,4,881699,C2-e003Coalescence-mBHI-p7,101638
53,A4-e003Coalescence-Inoculumn-mGAM,1,1506279,C2-e003Coalescence-mBHI-p7,101638
54,C2-e003Coalescence-mBHI-p7,0,569461,C2-e003Coalescence-mBHI-p7,101638
55,C10-e003Coalescence-mGAM-p7,0,1547140,C2-e003Coalescence-mBHI-p7,101638
56,C10-e003Coalescence-mBHI-p3,1,1524472,C2-e003Coalescence-mBHI-p7,101638
57,H4-e003Coalescence-mGAM-p7_S183,3,991821,C2-e003Coalescence-mBHI-p7,101638
58,F5-e003Coalescence-mGAM-p5_S64,0,468781,C2-e003Coalescence-mBHI-p7,101638
59,F100-e003Coalescence-mGAM-p7_S163,3,1155108,C2-e003Coalescence-mBHI-p7,101638
60,E3-e003Coalescence-mGAM-p3_S58,5,516408,C2-e003Coalescence-mBHI-p7,101638
61,G4-e003Coalescence-mBHI-p5_S27,4,878137,C2-e003Coalescence-mBHI-p7,101638
62,G2-e003Coalescence-mBHI-p3_S33,4,1521290,C2-e003Coalescence-mBHI-p7,101638
63,G100-e003Coalescence-mGAM-p3_S179,3,1153539,C2-e003Coalescence-mBHI-p7,101638
64,G111-e003Coalescence-mBHI-p5_S32,3,1154220,C2-e003Coalescence-mBHI-p7,101638
65,E3-e003Coalescence-mBHI-p3_S10,2,711439,C2-e003Coalescence-mBHI-p7,101638
66,F2-e003Coalescence-mGAM-p7_S157,2,556375,C2-e003Coalescence-mBHI-p7,101638
67,E100-e003Coalescence-mGAM-p3_S155,4,1461251,C2-e003Coalescence-mBHI-p7,101638
68,E3-e003Coalescence-mGAM-p5_S50,4,1371172,C2-e003Coalescence-mBHI-p7,101638
69,H100-e003Coalescence-mBHI-p5_S43,1,925751,C2-e003Coalescence-mBHI-p7,101638
70,F2-e003Coalescence-mGAM-p5_S61,3,1281223,C2-e003Coalescence-mBHI-p7,101638
71,G100-e003Coalescence-mBHI-p5_S31,1,829979,C2-e003Coalescence-mBHI-p7,101638
72,G4-e003Coalescence-mBHI-p3_S35,1,474244,C2-e003Coalescence-mBHI-p7,101638
73,E4-e003Coalescence-mBHI-p5_S3,5,1426946,C2-e003Coalescence-mBHI-p7,101638
74,E4-e003Coalescence-mGAM-p5_S51,1,579225,C2-e003Coalescence-mBHI-p7,101638
75,G9-e003Coalescence-mGAM-p7_S174,1,622414,C2-e003Coalescence-mBHI-p7,101638
76,E8-e003Coalescence-mGAM-p3_S153,5,1489557,C2-e003Coalescence-mBHI-p7,101638
77,G100-e003Coalescence-mGAM-p7_S175,2,673821,C2-e003Coalescence-mBHI-p7,101638
78,G3-e003Coalescence-mBHI-p7_S122,0,531581,C2-e003Coalescence-mBHI-p7,101638
79,G4-e003Coalescence-mGAM-p5_S75,5,1533148,C2-e003Coalescence-mBHI-p7,101638
80,G8-e003Coalescence-mBHI-p3_S129,0,840340,C2-e003Coalescence-mBHI-p7,101638
81,G2-e003Coalescence-mGAM-p5_S73,4,1525280,C2-e003Coalescence-mBHI-p7,101638
82,E100-e003Coalescence-mGAM-p5_S55,5,1291155,C2-e003Coalescence-mBHI-p7,101638
83,G4-e003Coalescence-mGAM-p3_S83,5,1536688,C2-e003Coalescence-mBHI-p7,101638
84,F4-e003Coalescence-mBHI-p7_S111,1,477586,C2-e003Coalescence-mBHI-p7,101638
85,G4-e003Coalescence-mGAM-p7_S171,3,1471075,C2-e003Coalescence-mBHI-p7,101638
86,F100-e003Coalescence-mBHI-p7_S115,5,1350695,C2-e003Coalescence-mBHI-p7,101638
87,E3-e003Coalescence-mGAM-p7_S146,4,1297929,C2-e003Coalescence-mBHI-p7,101638
88,E3-e003Coalescence-mBHI-p5_S2,0,758841,C2-e003Coalescence-mBHI-p7,101638
89,G2-e003Coalescence-mBHI-p7_S121,5,1251923,C2-e003Coalescence-mBHI-p7,101638
90,F2-e003Coalescence-mBHI-p5_S13,2,1483168,C2-e003Coalescence-mBHI-p7,101638
91,F2-e003Coalescence-mGAM-p3_S69,2,1044013,C2-e003Coalescence-mBHI-p7,101638
92,G100-e003Coalescence-mGAM-p5_S79,2,1518875,C2-e003Coalescence-mBHI-p7,101638
93,E4-e003Coalescence-mGAM-p7_S147,2,1030477,C2-e003Coalescence-mBHI-p7,101638
94,E4-e003Coalescence-mGAM-p3_S59,5,1512400,C2-e003Coalescence-mBHI-p7,101638
95,H100-e003Coalescence-mBHI-p7_S139,5,1461470,C2-e003Coalescence-mBHI-p7,101638
96,G8-e003Coalescence-mBHI-p5_S29,6,757680,C2-e003Coalescence-mBHI-p7,101638
97,G2-e003Coalescence-mBHI-p5_S25,5,1534425,C2-e003Coalescence-mBHI-p7,101638
98,G8-e003Coalescence-mGAM-p7_S173,7,1390044,C2-e003Coalescence-mBHI-p7,101638
99,E4-e003Coalescence-mBHI-p3_S11,4,1489708,C2-e003Coalescence-mBHI-p7,101638
100,G9-e003Coalescence-mBHI-p5_S30,4,972978,C2-e003Coalescence-mBHI-p7,101638
101,E100-e003Coalescence-mGAM-p7_S151,5,1431882,C2-e003Coalescence-mBHI-p7,101638
102,G9-e003Coalescence-mGAM-p3_S178,5,1118807,C2-e003Coalescence-mBHI-p7,101638
103,G2-e003Coalescence-mGAM-p3_S81,4,1516772,C2-e003Coalescence-mBHI-p7,101638
104,G100-e003Coalescence-mBHI-p7_S127,3,560797,C2-e003Coalescence-mBHI-p7,101638
0,C9-e003Coalescence-mGAM-p3,0,712205,C10-e003Coalescence-mGAM-p7,101638
1,C11-e003Coalescence-mBHI-p3,1,455308,C10-e003Coalescence-mGAM-p7,101638
2,C9-e003Coalescence-mGAM-p7,0,500113,C10-e003Coalescence-mGAM-p7,101638
3,C8-e003Coalescence-mGAM-p7,2,1423925,C10-e003Coalescence-mGAM-p7,101638
4,D10-e003Coalescence-mBHI-p3,3,592022,C10-e003Coalescence-mGAM-p7,101638
5,B2-e003Coalescence-mBHI-p3,7,640269,C10-e003Coalescence-mGAM-p7,101638
6,A4-e003Coalescence-mBHI-p7,1,1046978,C10-e003Coalescence-mGAM-p7,101638
7,B3-e003Coalescence-mBHI-p3,30,851498,C10-e003Coalescence-mGAM-p7,101638
8,C2-e003Coalescence-mBHI-p5,1,1531728,C10-e003Coalescence-mGAM-p7,101638
9,C4-e003GlycerolRevival-mBHI-p2,0,655282,C10-e003Coalescence-mGAM-p7,101638
10,B2-e003Coalescence-mBHI-p5,6,1376755,C10-e003Coalescence-mGAM-p7,101638
11,C4-e003Coalescence-mGAM-p7,2,1491174,C10-e003Coalescence-mGAM-p7,101638
12,B10-e003Assembly-mGAM-p5,0,708824,C10-e003Coalescence-mGAM-p7,101638
13,C2-e003Coalescence-mGAM-p7,2,1544636,C10-e003Coalescence-mGAM-p7,101638
14,C9-e003Coalescence-mBHI-p5,1,843947,C10-e003Coalescence-mGAM-p7,101638
15,C2-e003Coalescence-mBHI-p3,3,1550808,C10-e003Coalescence-mGAM-p7,101638
16,C9-e003Coalescence-mBHI-p3,3,1477971,C10-e003Coalescence-mGAM-p7,101638
17,D10-e003Coalescence-mGAM-p5,1,895834,C10-e003Coalescence-mGAM-p7,101638
18,C2-e003Coalescence-mGAM-p3,1,1349817,C10-e003Coalescence-mGAM-p7,101638
19,B10-e003Coalescence-mBHI-p5,1,751178,C10-e003Coalescence-mGAM-p7,101638
20,C4-e003Coalescence-mGAM-p5,3,1406224,C10-e003Coalescence-mGAM-p7,101638
21,D5-e003Coalescence-mBHI-p5,2,1486364,C10-e003Coalescence-mGAM-p7,101638
22,D3-e003Assembly-mBHI-p3,5,768389,C10-e003Coalescence-mGAM-p7,101638
23,C4-e003Coalescence-mGAM-p3,2,1546978,C10-e003Coalescence-mGAM-p7,101638
24,D3-e003Assembly-mBHI-p5,6,1546651,C10-e003Coalescence-mGAM-p7,101638
25,A10-e003Coalescence-mGAM-p3,1,1530862,C10-e003Coalescence-mGAM-p7,101638
26,B2-e003Coalescence-mGAM-p3,2,442858,C10-e003Coalescence-mGAM-p7,101638
27,D3-e003Coalescence-mGAM-p5,4,515212,C10-e003Coalescence-mGAM-p7,101638
28,C10-e003Coalescence-mGAM-p3,2,1520946,C10-e003Coalescence-mGAM-p7,101638
29,C3-e003Coalescence-Inoculumn-mGAM,0,473234,C10-e003Coalescence-mGAM-p7,101638
30,D4-e003Coalescence-Inoculumn-mBHI,8,618720,C10-e003Coalescence-mGAM-p7,101638
31,A4-e003Coalescence-mBHI-p5,3,958917,C10-e003Coalescence-mGAM-p7,101638
32,D10-e003Coalescence-mGAM-p7,2,938266,C10-e003Coalescence-mGAM-p7,101638
33,C11-e003Coalescence-mGAM-p3,1,727674,C10-e003Coalescence-mGAM-p7,101638
34,C10-e003Coalescence-mBHI-p7,19,636171,C10-e003Coalescence-mGAM-p7,101638
35,B10-e003Coalescence-mBHI-p3,1,1064478,C10-e003Coalescence-mGAM-p7,101638
36,C11-e003Coalescence-mBHI-p5,4,1515011,C10-e003Coalescence-mGAM-p7,101638
37,C2-e003Coalescence-Inoculumn-mGAM,1,514343,C10-e003Coalescence-mGAM-p7,101638
38,B4-e003Coalescence-Inoculumn-mGAM,3,1527645,C10-e003Coalescence-mGAM-p7,101638
39,A10-e003Coalescence-mGAM-p7,1,1119734,C10-e003Coalescence-mGAM-p7,101638
40,C4-e003Coalescence-Inoculumn-mGAM,1,1354072,C10-e003Coalescence-mGAM-p7,101638
41,B10-e003Assembly-mGAM-p3,0,526228,C10-e003Coalescence-mGAM-p7,101638
42,D10-e003Coalescence-mBHI-p7,7,560357,C10-e003Coalescence-mGAM-p7,101638
43,B10-e003GlycerolRevival-mGAM-p2,0,912883,C10-e003Coalescence-mGAM-p7,101638
44,C10-e003Coalescence-mGAM-p5,3,1544682,C10-e003Coalescence-mGAM-p7,101638
45,A3-e003Coalescence-mBHI-p3,7,444927,C10-e003Coalescence-mGAM-p7,101638
46,A4-e003Coalescence-mBHI-p3,2,1204293,C10-e003Coalescence-mGAM-p7,101638
47,C9-e003Coalescence-mGAM-p5,0,810866,C10-e003Coalescence-mGAM-p7,101638
48,C2-e003Coalescence-mGAM-p5,2,1502257,C10-e003Coalescence-mGAM-p7,101638
49,C8-e003Coalescence-mBHI-p5,11,1338159,C10-e003Coalescence-mGAM-p7,101638
50,B4-e003Coalescence-Inoculumn-mBHI,10,563867,C10-e003Coalescence-mGAM-p7,101638
51,C5-e003Coalescence-Inoculumn-mGAM,4,1530071,C10-e003Coalescence-mGAM-p7,101638
52,C4-e003Coalescence-mBHI-p5,12,881699,C10-e003Coalescence-mGAM-p7,101638
53,A4-e003Coalescence-Inoculumn-mGAM,2,1506279,C10-e003Coalescence-mGAM-p7,101638
54,C2-e003Coalescence-mBHI-p7,0,569461,C10-e003Coalescence-mGAM-p7,101638
55,C10-e003Coalescence-mGAM-p7,0,1547140,C10-e003Coalescence-mGAM-p7,101638
56,C10-e003Coalescence-mBHI-p3,2,1524472,C10-e003Coalescence-mGAM-p7,101638
57,H4-e003Coalescence-mGAM-p7_S183,14,991821,C10-e003Coalescence-mGAM-p7,101638
58,F5-e003Coalescence-mGAM-p5_S64,2,468781,C10-e003Coalescence-mGAM-p7,101638
59,F100-e003Coalescence-mGAM-p7_S163,7,1155108,C10-e003Coalescence-mGAM-p7,101638
60,E3-e003Coalescence-mGAM-p3_S58,6,516408,C10-e003Coalescence-mGAM-p7,101638
61,G4-e003Coalescence-mBHI-p5_S27,6,878137,C10-e003Coalescence-mGAM-p7,101638
62,G2-e003Coalescence-mBHI-p3_S33,8,1521290,C10-e003Coalescence-mGAM-p7,101638
63,G100-e003Coalescence-mGAM-p3_S179,2,1153539,C10-e003Coalescence-mGAM-p7,101638
64,G111-e003Coalescence-mBHI-p5_S32,11,1154220,C10-e003Coalescence-mGAM-p7,101638
65,E3-e003Coalescence-mBHI-p3_S10,5,711439,C10-e003Coalescence-mGAM-p7,101638
66,F2-e003Coalescence-mGAM-p7_S157,2,556375,C10-e003Coalescence-mGAM-p7,101638
67,E100-e003Coalescence-mGAM-p3_S155,6,1461251,C10-e003Coalescence-mGAM-p7,101638
68,E3-e003Coalescence-mGAM-p5_S50,6,1371172,C10-e003Coalescence-mGAM-p7,101638
69,H100-e003Coalescence-mBHI-p5_S43,6,925751,C10-e003Coalescence-mGAM-p7,101638
70,F2-e003Coalescence-mGAM-p5_S61,4,1281223,C10-e003Coalescence-mGAM-p7,101638
71,G100-e003Coalescence-mBHI-p5_S31,0,829979,C10-e003Coalescence-mGAM-p7,101638
72,G4-e003Coalescence-mBHI-p3_S35,11,474244,C10-e003Coalescence-mGAM-p7,101638
73,E4-e003Coalescence-mBHI-p5_S3,12,1426946,C10-e003Coalescence-mGAM-p7,101638
74,E4-e003Coalescence-mGAM-p5_S51,2,579225,C10-e003Coalescence-mGAM-p7,101638
75,G9-e003Coalescence-mGAM-p7_S174,1,622414,C10-e003Coalescence-mGAM-p7,101638
76,E8-e003Coalescence-mGAM-p3_S153,12,1489557,C10-e003Coalescence-mGAM-p7,101638
77,G100-e003Coalescence-mGAM-p7_S175,5,673821,C10-e003Coalescence-mGAM-p7,101638
78,G3-e003Coalescence-mBHI-p7_S122,7,531581,C10-e003Coalescence-mGAM-p7,101638
79,G4-e003Coalescence-mGAM-p5_S75,10,1533148,C10-e003Coalescence-mGAM-p7,101638
80,G8-e003Coalescence-mBHI-p3_S129,7,840340,C10-e003Coalescence-mGAM-p7,101638
81,G2-e003Coalescence-mGAM-p5_S73,10,1525280,C10-e003Coalescence-mGAM-p7,101638
82,E100-e003Coalescence-mGAM-p5_S55,9,1291155,C10-e003Coalescence-mGAM-p7,101638
83,G4-e003Coalescence-mGAM-p3_S83,12,1536688,C10-e003Coalescence-mGAM-p7,101638
84,F4-e003Coalescence-mBHI-p7_S111,3,477586,C10-e003Coalescence-mGAM-p7,101638
85,G4-e003Coalescence-mGAM-p7_S171,10,1471075,C10-e003Coalescence-mGAM-p7,101638
86,F100-e003Coalescence-mBHI-p7_S115,9,1350695,C10-e003Coalescence-mGAM-p7,101638
87,E3-e003Coalescence-mGAM-p7_S146,10,1297929,C10-e003Coalescence-mGAM-p7,101638
88,E3-e003Coalescence-mBHI-p5_S2,2,758841,C10-e003Coalescence-mGAM-p7,101638
89,G2-e003Coalescence-mBHI-p7_S121,10,1251923,C10-e003Coalescence-mGAM-p7,101638
90,F2-e003Coalescence-mBHI-p5_S13,8,1483168,C10-e003Coalescence-mGAM-p7,101638
91,F2-e003Coalescence-mGAM-p3_S69,2,1044013,C10-e003Coalescence-mGAM-p7,101638
92,G100-e003Coalescence-mGAM-p5_S79,5,1518875,C10-e003Coalescence-mGAM-p7,101638
93,E4-e003Coalescence-mGAM-p7_S147,5,1030477,C10-e003Coalescence-mGAM-p7,101638
94,E4-e003Coalescence-mGAM-p3_S59,11,1512400,C10-e003Coalescence-mGAM-p7,101638
95,H100-e003Coalescence-mBHI-p7_S139,13,1461470,C10-e003Coalescence-mGAM-p7,101638
96,G8-e003Coalescence-mBHI-p5_S29,10,757680,C10-e003Coalescence-mGAM-p7,101638
97,G2-e003Coalescence-mBHI-p5_S25,11,1534425,C10-e003Coalescence-mGAM-p7,101638
98,G8-e003Coalescence-mGAM-p7_S173,8,1390044,C10-e003Coalescence-mGAM-p7,101638
99,E4-e003Coalescence-mBHI-p3_S11,10,1489708,C10-e003Coalescence-mGAM-p7,101638
100,G9-e003Coalescence-mBHI-p5_S30,11,972978,C10-e003Coalescence-mGAM-p7,101638
101,E100-e003Coalescence-mGAM-p7_S151,10,1431882,C10-e003Coalescence-mGAM-p7,101638
102,G9-e003Coalescence-mGAM-p3_S178,8,1118807,C10-e003Coalescence-mGAM-p7,101638
103,G2-e003Coalescence-mGAM-p3_S81,10,1516772,C10-e003Coalescence-mGAM-p7,101638
104,G100-e003Coalescence-mBHI-p7_S127,2,560797,C10-e003Coalescence-mGAM-p7,101638
0,C9-e003Coalescence-mGAM-p3,0,712205,C10-e003Coalescence-mBHI-p3,101638
1,C11-e003Coalescence-mBHI-p3,7,455308,C10-e003Coalescence-mBHI-p3,101638
2,C9-e003Coalescence-mGAM-p7,0,500113,C10-e003Coalescence-mBHI-p3,101638
3,C8-e003Coalescence-mGAM-p7,4,1423925,C10-e003Coalescence-mBHI-p3,101638
4,D10-e003Coalescence-mBHI-p3,8,592022,C10-e003Coalescence-mBHI-p3,101638
5,B2-e003Coalescence-mBHI-p3,4,640269,C10-e003Coalescence-mBHI-p3,101638
6,A4-e003Coalescence-mBHI-p7,0,1046978,C10-e003Coalescence-mBHI-p3,101638
7,B3-e003Coalescence-mBHI-p3,12,851498,C10-e003Coalescence-mBHI-p3,101638
8,C2-e003Coalescence-mBHI-p5,1,1531728,C10-e003Coalescence-mBHI-p3,101638
9,C4-e003GlycerolRevival-mBHI-p2,2,655282,C10-e003Coalescence-mBHI-p3,101638
10,B2-e003Coalescence-mBHI-p5,5,1376755,C10-e003Coalescence-mBHI-p3,101638
11,C4-e003Coalescence-mGAM-p7,0,1491174,C10-e003Coalescence-mBHI-p3,101638
12,B10-e003Assembly-mGAM-p5,0,708824,C10-e003Coalescence-mBHI-p3,101638
13,C2-e003Coalescence-mGAM-p7,5,1544636,C10-e003Coalescence-mBHI-p3,101638
14,C9-e003Coalescence-mBHI-p5,0,843947,C10-e003Coalescence-mBHI-p3,101638
15,C2-e003Coalescence-mBHI-p3,4,1550808,C10-e003Coalescence-mBHI-p3,101638
16,C9-e003Coalescence-mBHI-p3,5,1477971,C10-e003Coalescence-mBHI-p3,101638
17,D10-e003Coalescence-mGAM-p5,5,895834,C10-e003Coalescence-mBHI-p3,101638
18,C2-e003Coalescence-mGAM-p3,0,1349817,C10-e003Coalescence-mBHI-p3,101638
19,B10-e003Coalescence-mBHI-p5,8,751178,C10-e003Coalescence-mBHI-p3,101638
20,C4-e003Coalescence-mGAM-p5,0,1406224,C10-e003Coalescence-mBHI-p3,101638
21,D5-e003Coalescence-mBHI-p5,6,1486364,C10-e003Coalescence-mBHI-p3,101638
22,D3-e003Assembly-mBHI-p3,6,768389,C10-e003Coalescence-mBHI-p3,101638
23,C4-e003Coalescence-mGAM-p3,0,1546978,C10-e003Coalescence-mBHI-p3,101638
24,D3-e003Assembly-mBHI-p5,8,1546651,C10-e003Coalescence-mBHI-p3,101638
25,A10-e003Coalescence-mGAM-p3,5,1530862,C10-e003Coalescence-mBHI-p3,101638
26,B2-e003Coalescence-mGAM-p3,1,442858,C10-e003Coalescence-mBHI-p3,101638
27,D3-e003Coalescence-mGAM-p5,6,515212,C10-e003Coalescence-mBHI-p3,101638
28,C10-e003Coalescence-mGAM-p3,5,1520946,C10-e003Coalescence-mBHI-p3,101638
29,C3-e003Coalescence-Inoculumn-mGAM,4,473234,C10-e003Coalescence-mBHI-p3,101638
30,D4-e003Coalescence-Inoculumn-mBHI,9,618720,C10-e003Coalescence-mBHI-p3,101638
31,A4-e003Coalescence-mBHI-p5,3,958917,C10-e003Coalescence-mBHI-p3,101638
32,D10-e003Coalescence-mGAM-p7,15,938266,C10-e003Coalescence-mBHI-p3,101638
33,C11-e003Coalescence-mGAM-p3,25,727674,C10-e003Coalescence-mBHI-p3,101638
34,C10-e003Coalescence-mBHI-p7,2,636171,C10-e003Coalescence-mBHI-p3,101638
35,B10-e003Coalescence-mBHI-p3,0,1064478,C10-e003Coalescence-mBHI-p3,101638
36,C11-e003Coalescence-mBHI-p5,27,1515011,C10-e003Coalescence-mBHI-p3,101638
37,C2-e003Coalescence-Inoculumn-mGAM,2,514343,C10-e003Coalescence-mBHI-p3,101638
38,B4-e003Coalescence-Inoculumn-mGAM,0,1527645,C10-e003Coalescence-mBHI-p3,101638
39,A10-e003Coalescence-mGAM-p7,0,1119734,C10-e003Coalescence-mBHI-p3,101638
40,C4-e003Coalescence-Inoculumn-mGAM,1,1354072,C10-e003Coalescence-mBHI-p3,101638
41,B10-e003Assembly-mGAM-p3,0,526228,C10-e003Coalescence-mBHI-p3,101638
42,D10-e003Coalescence-mBHI-p7,13,560357,C10-e003Coalescence-mBHI-p3,101638
43,B10-e003GlycerolRevival-mGAM-p2,0,912883,C10-e003Coalescence-mBHI-p3,101638
44,C10-e003Coalescence-mGAM-p5,5,1544682,C10-e003Coalescence-mBHI-p3,101638
45,A3-e003Coalescence-mBHI-p3,7,444927,C10-e003Coalescence-mBHI-p3,101638
46,A4-e003Coalescence-mBHI-p3,2,1204293,C10-e003Coalescence-mBHI-p3,101638
47,C9-e003Coalescence-mGAM-p5,2,810866,C10-e003Coalescence-mBHI-p3,101638
48,C2-e003Coalescence-mGAM-p5,2,1502257,C10-e003Coalescence-mBHI-p3,101638
49,C8-e003Coalescence-mBHI-p5,4,1338159,C10-e003Coalescence-mBHI-p3,101638
50,B4-e003Coalescence-Inoculumn-mBHI,18,563867,C10-e003Coalescence-mBHI-p3,101638
51,C5-e003Coalescence-Inoculumn-mGAM,0,1530071,C10-e003Coalescence-mBHI-p3,101638
52,C4-e003Coalescence-mBHI-p5,7,881699,C10-e003Coalescence-mBHI-p3,101638
53,A4-e003Coalescence-Inoculumn-mGAM,1,1506279,C10-e003Coalescence-mBHI-p3,101638
54,C2-e003Coalescence-mBHI-p7,0,569461,C10-e003Coalescence-mBHI-p3,101638
55,C10-e003Coalescence-mGAM-p7,0,1547140,C10-e003Coalescence-mBHI-p3,101638
56,C10-e003Coalescence-mBHI-p3,0,1524472,C10-e003Coalescence-mBHI-p3,101638
57,H4-e003Coalescence-mGAM-p7_S183,29,991821,C10-e003Coalescence-mBHI-p3,101638
58,F5-e003Coalescence-mGAM-p5_S64,4,468781,C10-e003Coalescence-mBHI-p3,101638
59,F100-e003Coalescence-mGAM-p7_S163,11,1155108,C10-e003Coalescence-mBHI-p3,101638
60,E3-e003Coalescence-mGAM-p3_S58,2,516408,C10-e003Coalescence-mBHI-p3,101638
61,G4-e003Coalescence-mBHI-p5_S27,9,878137,C10-e003Coalescence-mBHI-p3,101638
62,G2-e003Coalescence-mBHI-p3_S33,4,1521290,C10-e003Coalescence-mBHI-p3,101638
63,G100-e003Coalescence-mGAM-p3_S179,1,1153539,C10-e003Coalescence-mBHI-p3,101638
64,G111-e003Coalescence-mBHI-p5_S32,40,1154220,C10-e003Coalescence-mBHI-p3,101638
65,E3-e003Coalescence-mBHI-p3_S10,10,711439,C10-e003Coalescence-mBHI-p3,101638
66,F2-e003Coalescence-mGAM-p7_S157,6,556375,C10-e003Coalescence-mBHI-p3,101638
67,E100-e003Coalescence-mGAM-p3_S155,11,1461251,C10-e003Coalescence-mBHI-p3,101638
68,E3-e003Coalescence-mGAM-p5_S50,8,1371172,C10-e003Coalescence-mBHI-p3,101638
69,H100-e003Coalescence-mBHI-p5_S43,13,925751,C10-e003Coalescence-mBHI-p3,101638
70,F2-e003Coalescence-mGAM-p5_S61,1,1281223,C10-e003Coalescence-mBHI-p3,101638
71,G100-e003Coalescence-mBHI-p5_S31,16,829979,C10-e003Coalescence-mBHI-p3,101638
72,G4-e003Coalescence-mBHI-p3_S35,24,474244,C10-e003Coalescence-mBHI-p3,101638
73,E4-e003Coalescence-mBHI-p5_S3,13,1426946,C10-e003Coalescence-mBHI-p3,101638
74,E4-e003Coalescence-mGAM-p5_S51,2,579225,C10-e003Coalescence-mBHI-p3,101638
75,G9-e003Coalescence-mGAM-p7_S174,6,622414,C10-e003Coalescence-mBHI-p3,101638
76,E8-e003Coalescence-mGAM-p3_S153,15,1489557,C10-e003Coalescence-mBHI-p3,101638
77,G100-e003Coalescence-mGAM-p7_S175,5,673821,C10-e003Coalescence-mBHI-p3,101638
78,G3-e003Coalescence-mBHI-p7_S122,34,531581,C10-e003Coalescence-mBHI-p3,101638
79,G4-e003Coalescence-mGAM-p5_S75,6,1533148,C10-e003Coalescence-mBHI-p3,101638
80,G8-e003Coalescence-mBHI-p3_S129,6,840340,C10-e003Coalescence-mBHI-p3,101638
81,G2-e003Coalescence-mGAM-p5_S73,7,1525280,C10-e003Coalescence-mBHI-p3,101638
82,E100-e003Coalescence-mGAM-p5_S55,10,1291155,C10-e003Coalescence-mBHI-p3,101638
83,G4-e003Coalescence-mGAM-p3_S83,8,1536688,C10-e003Coalescence-mBHI-p3,101638
84,F4-e003Coalescence-mBHI-p7_S111,2,477586,C10-e003Coalescence-mBHI-p3,101638
85,G4-e003Coalescence-mGAM-p7_S171,6,1471075,C10-e003Coalescence-mBHI-p3,101638
86,F100-e003Coalescence-mBHI-p7_S115,12,1350695,C10-e003Coalescence-mBHI-p3,101638
87,E3-e003Coalescence-mGAM-p7_S146,14,1297929,C10-e003Coalescence-mBHI-p3,101638
88,E3-e003Coalescence-mBHI-p5_S2,7,758841,C10-e003Coalescence-mBHI-p3,101638
89,G2-e003Coalescence-mBHI-p7_S121,8,1251923,C10-e003Coalescence-mBHI-p3,101638
90,F2-e003Coalescence-mBHI-p5_S13,10,1483168,C10-e003Coalescence-mBHI-p3,101638
91,F2-e003Coalescence-mGAM-p3_S69,2,1044013,C10-e003Coalescence-mBHI-p3,101638
92,G100-e003Coalescence-mGAM-p5_S79,3,1518875,C10-e003Coalescence-mBHI-p3,101638
93,E4-e003Coalescence-mGAM-p7_S147,9,1030477,C10-e003Coalescence-mBHI-p3,101638
94,E4-e003Coalescence-mGAM-p3_S59,8,1512400,C10-e003Coalescence-mBHI-p3,101638
95,H100-e003Coalescence-mBHI-p7_S139,33,1461470,C10-e003Coalescence-mBHI-p3,101638
96,G8-e003Coalescence-mBHI-p5_S29,6,757680,C10-e003Coalescence-mBHI-p3,101638
97,G2-e003Coalescence-mBHI-p5_S25,8,1534425,C10-e003Coalescence-mBHI-p3,101638
98,G8-e003Coalescence-mGAM-p7_S173,17,1390044,C10-e003Coalescence-mBHI-p3,101638
99,E4-e003Coalescence-mBHI-p3_S11,6,1489708,C10-e003Coalescence-mBHI-p3,101638
100,G9-e003Coalescence-mBHI-p5_S30,7,972978,C10-e003Coalescence-mBHI-p3,101638
101,E100-e003Coalescence-mGAM-p7_S151,13,1431882,C10-e003Coalescence-mBHI-p3,101638
102,G9-e003Coalescence-mGAM-p3_S178,8,1118807,C10-e003Coalescence-mBHI-p3,101638
103,G2-e003Coalescence-mGAM-p3_S81,7,1516772,C10-e003Coalescence-mBHI-p3,101638
104,G100-e003Coalescence-mBHI-p7_S127,4,560797,C10-e003Coalescence-mBHI-p3,101638
0,C9-e003Coalescence-mGAM-p3,1,712205,H4-e003Coalescence-mGAM-p7_S183,101638
1,C11-e003Coalescence-mBHI-p3,1,455308,H4-e003Coalescence-mGAM-p7_S183,101638
2,C9-e003Coalescence-mGAM-p7,1,500113,H4-e003Coalescence-mGAM-p7_S183,101638
3,C8-e003Coalescence-mGAM-p7,9,1423925,H4-e003Coalescence-mGAM-p7_S183,101638
4,D10-e003Coalescence-mBHI-p3,16,592022,H4-e003Coalescence-mGAM-p7_S183,101638
5,B2-e003Coalescence-mBHI-p3,5,640269,H4-e003Coalescence-mGAM-p7_S183,101638
6,A4-e003Coalescence-mBHI-p7,11,1046978,H4-e003Coalescence-mGAM-p7_S183,101638
7,B3-e003Coalescence-mBHI-p3,16,851498,H4-e003Coalescence-mGAM-p7_S183,101638
8,C2-e003Coalescence-mBHI-p5,9,1531728,H4-e003Coalescence-mGAM-p7_S183,101638
9,C4-e003GlycerolRevival-mBHI-p2,0,655282,H4-e003Coalescence-mGAM-p7_S183,101638
10,B2-e003Coalescence-mBHI-p5,14,1376755,H4-e003Coalescence-mGAM-p7_S183,101638
11,C4-e003Coalescence-mGAM-p7,7,1491174,H4-e003Coalescence-mGAM-p7_S183,101638
12,B10-e003Assembly-mGAM-p5,2,708824,H4-e003Coalescence-mGAM-p7_S183,101638
13,C2-e003Coalescence-mGAM-p7,7,1544636,H4-e003Coalescence-mGAM-p7_S183,101638
14,C9-e003Coalescence-mBHI-p5,2,843947,H4-e003Coalescence-mGAM-p7_S183,101638
15,C2-e003Coalescence-mBHI-p3,9,1550808,H4-e003Coalescence-mGAM-p7_S183,101638
16,C9-e003Coalescence-mBHI-p3,13,1477971,H4-e003Coalescence-mGAM-p7_S183,101638
17,D10-e003Coalescence-mGAM-p5,4,895834,H4-e003Coalescence-mGAM-p7_S183,101638
18,C2-e003Coalescence-mGAM-p3,9,1349817,H4-e003Coalescence-mGAM-p7_S183,101638
19,B10-e003Coalescence-mBHI-p5,6,751178,H4-e003Coalescence-mGAM-p7_S183,101638
20,C4-e003Coalescence-mGAM-p5,9,1406224,H4-e003Coalescence-mGAM-p7_S183,101638
21,D5-e003Coalescence-mBHI-p5,11,1486364,H4-e003Coalescence-mGAM-p7_S183,101638
22,D3-e003Assembly-mBHI-p3,12,768389,H4-e003Coalescence-mGAM-p7_S183,101638
23,C4-e003Coalescence-mGAM-p3,7,1546978,H4-e003Coalescence-mGAM-p7_S183,101638
24,D3-e003Assembly-mBHI-p5,19,1546651,H4-e003Coalescence-mGAM-p7_S183,101638
25,A10-e003Coalescence-mGAM-p3,10,1530862,H4-e003Coalescence-mGAM-p7_S183,101638
26,B2-e003Coalescence-mGAM-p3,6,442858,H4-e003Coalescence-mGAM-p7_S183,101638
27,D3-e003Coalescence-mGAM-p5,6,515212,H4-e003Coalescence-mGAM-p7_S183,101638
28,C10-e003Coalescence-mGAM-p3,11,1520946,H4-e003Coalescence-mGAM-p7_S183,101638
29,C3-e003Coalescence-Inoculumn-mGAM,8,473234,H4-e003Coalescence-mGAM-p7_S183,101638
30,D4-e003Coalescence-Inoculumn-mBHI,10,618720,H4-e003Coalescence-mGAM-p7_S183,101638
31,A4-e003Coalescence-mBHI-p5,11,958917,H4-e003Coalescence-mGAM-p7_S183,101638
32,D10-e003Coalescence-mGAM-p7,15,938266,H4-e003Coalescence-mGAM-p7_S183,101638
33,C11-e003Coalescence-mGAM-p3,8,727674,H4-e003Coalescence-mGAM-p7_S183,101638
34,C10-e003Coalescence-mBHI-p7,25,636171,H4-e003Coalescence-mGAM-p7_S183,101638
35,B10-e003Coalescence-mBHI-p3,2,1064478,H4-e003Coalescence-mGAM-p7_S183,101638
36,C11-e003Coalescence-mBHI-p5,20,1515011,H4-e003Coalescence-mGAM-p7_S183,101638
37,C2-e003Coalescence-Inoculumn-mGAM,4,514343,H4-e003Coalescence-mGAM-p7_S183,101638
38,B4-e003Coalescence-Inoculumn-mGAM,9,1527645,H4-e003Coalescence-mGAM-p7_S183,101638
39,A10-e003Coalescence-mGAM-p7,7,1119734,H4-e003Coalescence-mGAM-p7_S183,101638
40,C4-e003Coalescence-Inoculumn-mGAM,9,1354072,H4-e003Coalescence-mGAM-p7_S183,101638
41,B10-e003Assembly-mGAM-p3,5,526228,H4-e003Coalescence-mGAM-p7_S183,101638
42,D10-e003Coalescence-mBHI-p7,3,560357,H4-e003Coalescence-mGAM-p7_S183,101638
43,B10-e003GlycerolRevival-mGAM-p2,5,912883,H4-e003Coalescence-mGAM-p7_S183,101638
44,C10-e003Coalescence-mGAM-p5,14,1544682,H4-e003Coalescence-mGAM-p7_S183,101638
45,A3-e003Coalescence-mBHI-p3,6,444927,H4-e003Coalescence-mGAM-p7_S183,101638
46,A4-e003Coalescence-mBHI-p3,7,1204293,H4-e003Coalescence-mGAM-p7_S183,101638
47,C9-e003Coalescence-mGAM-p5,6,810866,H4-e003Coalescence-mGAM-p7_S183,101638
48,C2-e003Coalescence-mGAM-p5,9,1502257,H4-e003Coalescence-mGAM-p7_S183,101638
49,C8-e003Coalescence-mBHI-p5,35,1338159,H4-e003Coalescence-mGAM-p7_S183,101638
50,B4-e003Coalescence-Inoculumn-mBHI,12,563867,H4-e003Coalescence-mGAM-p7_S183,101638
51,C5-e003Coalescence-Inoculumn-mGAM,7,1530071,H4-e003Coalescence-mGAM-p7_S183,101638
52,C4-e003Coalescence-mBHI-p5,26,881699,H4-e003Coalescence-mGAM-p7_S183,101638
53,A4-e003Coalescence-Inoculumn-mGAM,12,1506279,H4-e003Coalescence-mGAM-p7_S183,101638
54,C2-e003Coalescence-mBHI-p7,3,569461,H4-e003Coalescence-mGAM-p7_S183,101638
55,C10-e003Coalescence-mGAM-p7,13,1547140,H4-e003Coalescence-mGAM-p7_S183,101638
56,C10-e003Coalescence-mBHI-p3,30,1524472,H4-e003Coalescence-mGAM-p7_S183,101638
57,H4-e003Coalescence-mGAM-p7_S183,0,991821,H4-e003Coalescence-mGAM-p7_S183,101638
58,F5-e003Coalescence-mGAM-p5_S64,0,468781,H4-e003Coalescence-mGAM-p7_S183,101638
59,F100-e003Coalescence-mGAM-p7_S163,1,1155108,H4-e003Coalescence-mGAM-p7_S183,101638
60,E3-e003Coalescence-mGAM-p3_S58,4,516408,H4-e003Coalescence-mGAM-p7_S183,101638
61,G4-e003Coalescence-mBHI-p5_S27,11,878137,H4-e003Coalescence-mGAM-p7_S183,101638
62,G2-e003Coalescence-mBHI-p3_S33,0,1521290,H4-e003Coalescence-mGAM-p7_S183,101638
63,G100-e003Coalescence-mGAM-p3_S179,2,1153539,H4-e003Coalescence-mGAM-p7_S183,101638
64,G111-e003Coalescence-mBHI-p5_S32,14,1154220,H4-e003Coalescence-mGAM-p7_S183,101638
65,E3-e003Coalescence-mBHI-p3_S10,3,711439,H4-e003Coalescence-mGAM-p7_S183,101638
66,F2-e003Coalescence-mGAM-p7_S157,0,556375,H4-e003Coalescence-mGAM-p7_S183,101638
67,E100-e003Coalescence-mGAM-p3_S155,10,1461251,H4-e003Coalescence-mGAM-p7_S183,101638
68,E3-e003Coalescence-mGAM-p5_S50,7,1371172,H4-e003Coalescence-mGAM-p7_S183,101638
69,H100-e003Coalescence-mBHI-p5_S43,10,925751,H4-e003Coalescence-mGAM-p7_S183,101638
70,F2-e003Coalescence-mGAM-p5_S61,1,1281223,H4-e003Coalescence-mGAM-p7_S183,101638
71,G100-e003Coalescence-mBHI-p5_S31,11,829979,H4-e003Coalescence-mGAM-p7_S183,101638
72,G4-e003Coalescence-mBHI-p3_S35,6,474244,H4-e003Coalescence-mGAM-p7_S183,101638
73,E4-e003Coalescence-mBHI-p5_S3,3,1426946,H4-e003Coalescence-mGAM-p7_S183,101638
74,E4-e003Coalescence-mGAM-p5_S51,3,579225,H4-e003Coalescence-mGAM-p7_S183,101638
75,G9-e003Coalescence-mGAM-p7_S174,0,622414,H4-e003Coalescence-mGAM-p7_S183,101638
76,E8-e003Coalescence-mGAM-p3_S153,9,1489557,H4-e003Coalescence-mGAM-p7_S183,101638
77,G100-e003Coalescence-mGAM-p7_S175,1,673821,H4-e003Coalescence-mGAM-p7_S183,101638
78,G3-e003Coalescence-mBHI-p7_S122,13,531581,H4-e003Coalescence-mGAM-p7_S183,101638
79,G4-e003Coalescence-mGAM-p5_S75,0,1533148,H4-e003Coalescence-mGAM-p7_S183,101638
80,G8-e003Coalescence-mBHI-p3_S129,11,840340,H4-e003Coalescence-mGAM-p7_S183,101638
81,G2-e003Coalescence-mGAM-p5_S73,3,1525280,H4-e003Coalescence-mGAM-p7_S183,101638
82,E100-e003Coalescence-mGAM-p5_S55,4,1291155,H4-e003Coalescence-mGAM-p7_S183,101638
83,G4-e003Coalescence-mGAM-p3_S83,0,1536688,H4-e003Coalescence-mGAM-p7_S183,101638
84,F4-e003Coalescence-mBHI-p7_S111,5,477586,H4-e003Coalescence-mGAM-p7_S183,101638
85,G4-e003Coalescence-mGAM-p7_S171,0,1471075,H4-e003Coalescence-mGAM-p7_S183,101638
86,F100-e003Coalescence-mBHI-p7_S115,0,1350695,H4-e003Coalescence-mGAM-p7_S183,101638
87,E3-e003Coalescence-mGAM-p7_S146,9,1297929,H4-e003Coalescence-mGAM-p7_S183,101638
88,E3-e003Coalescence-mBHI-p5_S2,3,758841,H4-e003Coalescence-mGAM-p7_S183,101638
89,G2-e003Coalescence-mBHI-p7_S121,2,1251923,H4-e003Coalescence-mGAM-p7_S183,101638
90,F2-e003Coalescence-mBHI-p5_S13,5,1483168,H4-e003Coalescence-mGAM-p7_S183,101638
91,F2-e003Coalescence-mGAM-p3_S69,1,1044013,H4-e003Coalescence-mGAM-p7_S183,101638
92,G100-e003Coalescence-mGAM-p5_S79,4,1518875,H4-e003Coalescence-mGAM-p7_S183,101638
93,E4-e003Coalescence-mGAM-p7_S147,0,1030477,H4-e003Coalescence-mGAM-p7_S183,101638
94,E4-e003Coalescence-mGAM-p3_S59,3,1512400,H4-e003Coalescence-mGAM-p7_S183,101638
95,H100-e003Coalescence-mBHI-p7_S139,13,1461470,H4-e003Coalescence-mGAM-p7_S183,101638
96,G8-e003Coalescence-mBHI-p5_S29,20,757680,H4-e003Coalescence-mGAM-p7_S183,101638
97,G2-e003Coalescence-mBHI-p5_S25,0,1534425,H4-e003Coalescence-mGAM-p7_S183,101638
98,G8-e003Coalescence-mGAM-p7_S173,15,1390044,H4-e003Coalescence-mGAM-p7_S183,101638
99,E4-e003Coalescence-mBHI-p3_S11,4,1489708,H4-e003Coalescence-mGAM-p7_S183,101638
100,G9-e003Coalescence-mBHI-p5_S30,0,972978,H4-e003Coalescence-mGAM-p7_S183,101638
101,E100-e003Coalescence-mGAM-p7_S151,5,1431882,H4-e003Coalescence-mGAM-p7_S183,101638
102,G9-e003Coalescence-mGAM-p3_S178,3,1118807,H4-e003Coalescence-mGAM-p7_S183,101638
103,G2-e003Coalescence-mGAM-p3_S81,1,1516772,H4-e003Coalescence-mGAM-p7_S183,101638
104,G100-e003Coalescence-mBHI-p7_S127,4,560797,H4-e003Coalescence-mGAM-p7_S183,101638
0,C9-e003Coalescence-mGAM-p3,0,712205,F5-e003Coalescence-mGAM-p5_S64,101638
1,C11-e003Coalescence-mBHI-p3,0,455308,F5-e003Coalescence-mGAM-p5_S64,101638
2,C9-e003Coalescence-mGAM-p7,1,500113,F5-e003Coalescence-mGAM-p5_S64,101638
3,C8-e003Coalescence-mGAM-p7,1,1423925,F5-e003Coalescence-mGAM-p5_S64,101638
4,D10-e003Coalescence-mBHI-p3,5,592022,F5-e003Coalescence-mGAM-p5_S64,101638
5,B2-e003Coalescence-mBHI-p3,3,640269,F5-e003Coalescence-mGAM-p5_S64,101638
6,A4-e003Coalescence-mBHI-p7,3,1046978,F5-e003Coalescence-mGAM-p5_S64,101638
7,B3-e003Coalescence-mBHI-p3,6,851498,F5-e003Coalescence-mGAM-p5_S64,101638
8,C2-e003Coalescence-mBHI-p5,4,1531728,F5-e003Coalescence-mGAM-p5_S64,101638
9,C4-e003GlycerolRevival-mBHI-p2,0,655282,F5-e003Coalescence-mGAM-p5_S64,101638
10,B2-e003Coalescence-mBHI-p5,10,1376755,F5-e003Coalescence-mGAM-p5_S64,101638
11,C4-e003Coalescence-mGAM-p7,2,1491174,F5-e003Coalescence-mGAM-p5_S64,101638
12,B10-e003Assembly-mGAM-p5,0,708824,F5-e003Coalescence-mGAM-p5_S64,101638
13,C2-e003Coalescence-mGAM-p7,2,1544636,F5-e003Coalescence-mGAM-p5_S64,101638
14,C9-e003Coalescence-mBHI-p5,0,843947,F5-e003Coalescence-mGAM-p5_S64,101638
15,C2-e003Coalescence-mBHI-p3,3,1550808,F5-e003Coalescence-mGAM-p5_S64,101638
16,C9-e003Coalescence-mBHI-p3,2,1477971,F5-e003Coalescence-mGAM-p5_S64,101638
17,D10-e003Coalescence-mGAM-p5,2,895834,F5-e003Coalescence-mGAM-p5_S64,101638
18,C2-e003Coalescence-mGAM-p3,3,1349817,F5-e003Coalescence-mGAM-p5_S64,101638
19,B10-e003Coalescence-mBHI-p5,2,751178,F5-e003Coalescence-mGAM-p5_S64,101638
20,C4-e003Coalescence-mGAM-p5,2,1406224,F5-e003Coalescence-mGAM-p5_S64,101638
21,D5-e003Coalescence-mBHI-p5,1,1486364,F5-e003Coalescence-mGAM-p5_S64,101638
22,D3-e003Assembly-mBHI-p3,1,768389,F5-e003Coalescence-mGAM-p5_S64,101638
23,C4-e003Coalescence-mGAM-p3,2,1546978,F5-e003Coalescence-mGAM-p5_S64,101638
24,D3-e003Assembly-mBHI-p5,4,1546651,F5-e003Coalescence-mGAM-p5_S64,101638
25,A10-e003Coalescence-mGAM-p3,3,1530862,F5-e003Coalescence-mGAM-p5_S64,101638
26,B2-e003Coalescence-mGAM-p3,2,442858,F5-e003Coalescence-mGAM-p5_S64,101638
27,D3-e003Coalescence-mGAM-p5,5,515212,F5-e003Coalescence-mGAM-p5_S64,101638
28,C10-e003Coalescence-mGAM-p3,3,1520946,F5-e003Coalescence-mGAM-p5_S64,101638
29,C3-e003Coalescence-Inoculumn-mGAM,1,473234,F5-e003Coalescence-mGAM-p5_S64,101638
30,D4-e003Coalescence-Inoculumn-mBHI,2,618720,F5-e003Coalescence-mGAM-p5_S64,101638
31,A4-e003Coalescence-mBHI-p5,3,958917,F5-e003Coalescence-mGAM-p5_S64,101638
32,D10-e003Coalescence-mGAM-p7,1,938266,F5-e003Coalescence-mGAM-p5_S64,101638
33,C11-e003Coalescence-mGAM-p3,3,727674,F5-e003Coalescence-mGAM-p5_S64,101638
34,C10-e003Coalescence-mBHI-p7,5,636171,F5-e003Coalescence-mGAM-p5_S64,101638
35,B10-e003Coalescence-mBHI-p3,0,1064478,F5-e003Coalescence-mGAM-p5_S64,101638
36,C11-e003Coalescence-mBHI-p5,3,1515011,F5-e003Coalescence-mGAM-p5_S64,101638
37,C2-e003Coalescence-Inoculumn-mGAM,3,514343,F5-e003Coalescence-mGAM-p5_S64,101638
38,B4-e003Coalescence-Inoculumn-mGAM,3,1527645,F5-e003Coalescence-mGAM-p5_S64,101638
39,A10-e003Coalescence-mGAM-p7,3,1119734,F5-e003Coalescence-mGAM-p5_S64,101638
40,C4-e003Coalescence-Inoculumn-mGAM,3,1354072,F5-e003Coalescence-mGAM-p5_S64,101638
41,B10-e003Assembly-mGAM-p3,0,526228,F5-e003Coalescence-mGAM-p5_S64,101638
42,D10-e003Coalescence-mBHI-p7,1,560357,F5-e003Coalescence-mGAM-p5_S64,101638
43,B10-e003GlycerolRevival-mGAM-p2,0,912883,F5-e003Coalescence-mGAM-p5_S64,101638
44,C10-e003Coalescence-mGAM-p5,6,1544682,F5-e003Coalescence-mGAM-p5_S64,101638
45,A3-e003Coalescence-mBHI-p3,4,444927,F5-e003Coalescence-mGAM-p5_S64,101638
46,A4-e003Coalescence-mBHI-p3,3,1204293,F5-e003Coalescence-mGAM-p5_S64,101638
47,C9-e003Coalescence-mGAM-p5,0,810866,F5-e003Coalescence-mGAM-p5_S64,101638
48,C2-e003Coalescence-mGAM-p5,4,1502257,F5-e003Coalescence-mGAM-p5_S64,101638
49,C8-e003Coalescence-mBHI-p5,2,1338159,F5-e003Coalescence-mGAM-p5_S64,101638
50,B4-e003Coalescence-Inoculumn-mBHI,3,563867,F5-e003Coalescence-mGAM-p5_S64,101638
51,C5-e003Coalescence-Inoculumn-mGAM,2,1530071,F5-e003Coalescence-mGAM-p5_S64,101638
52,C4-e003Coalescence-mBHI-p5,5,881699,F5-e003Coalescence-mGAM-p5_S64,101638
53,A4-e003Coalescence-Inoculumn-mGAM,4,1506279,F5-e003Coalescence-mGAM-p5_S64,101638
54,C2-e003Coalescence-mBHI-p7,0,569461,F5-e003Coalescence-mGAM-p5_S64,101638
55,C10-e003Coalescence-mGAM-p7,3,1547140,F5-e003Coalescence-mGAM-p5_S64,101638
56,C10-e003Coalescence-mBHI-p3,4,1524472,F5-e003Coalescence-mGAM-p5_S64,101638
57,H4-e003Coalescence-mGAM-p7_S183,0,991821,F5-e003Coalescence-mGAM-p5_S64,101638
58,F5-e003Coalescence-mGAM-p5_S64,0,468781,F5-e003Coalescence-mGAM-p5_S64,101638
59,F100-e003Coalescence-mGAM-p7_S163,1,1155108,F5-e003Coalescence-mGAM-p5_S64,101638
60,E3-e003Coalescence-mGAM-p3_S58,4,516408,F5-e003Coalescence-mGAM-p5_S64,101638
61,G4-e003Coalescence-mBHI-p5_S27,1,878137,F5-e003Coalescence-mGAM-p5_S64,101638
62,G2-e003Coalescence-mBHI-p3_S33,2,1521290,F5-e003Coalescence-mGAM-p5_S64,101638
63,G100-e003Coalescence-mGAM-p3_S179,1,1153539,F5-e003Coalescence-mGAM-p5_S64,101638
64,G111-e003Coalescence-mBHI-p5_S32,1,1154220,F5-e003Coalescence-mGAM-p5_S64,101638
65,E3-e003Coalescence-mBHI-p3_S10,1,711439,F5-e003Coalescence-mGAM-p5_S64,101638
66,F2-e003Coalescence-mGAM-p7_S157,0,556375,F5-e003Coalescence-mGAM-p5_S64,101638
67,E100-e003Coalescence-mGAM-p3_S155,3,1461251,F5-e003Coalescence-mGAM-p5_S64,101638
68,E3-e003Coalescence-mGAM-p5_S50,0,1371172,F5-e003Coalescence-mGAM-p5_S64,101638
69,H100-e003Coalescence-mBHI-p5_S43,2,925751,F5-e003Coalescence-mGAM-p5_S64,101638
70,F2-e003Coalescence-mGAM-p5_S61,1,1281223,F5-e003Coalescence-mGAM-p5_S64,101638
71,G100-e003Coalescence-mBHI-p5_S31,2,829979,F5-e003Coalescence-mGAM-p5_S64,101638
72,G4-e003Coalescence-mBHI-p3_S35,0,474244,F5-e003Coalescence-mGAM-p5_S64,101638
73,E4-e003Coalescence-mBHI-p5_S3,1,1426946,F5-e003Coalescence-mGAM-p5_S64,101638
74,E4-e003Coalescence-mGAM-p5_S51,1,579225,F5-e003Coalescence-mGAM-p5_S64,101638
75,G9-e003Coalescence-mGAM-p7_S174,0,622414,F5-e003Coalescence-mGAM-p5_S64,101638
76,E8-e003Coalescence-mGAM-p3_S153,1,1489557,F5-e003Coalescence-mGAM-p5_S64,101638
77,G100-e003Coalescence-mGAM-p7_S175,0,673821,F5-e003Coalescence-mGAM-p5_S64,101638
78,G3-e003Coalescence-mBHI-p7_S122,1,531581,F5-e003Coalescence-mGAM-p5_S64,101638
79,G4-e003Coalescence-mGAM-p5_S75,1,1533148,F5-e003Coalescence-mGAM-p5_S64,101638
80,G8-e003Coalescence-mBHI-p3_S129,1,840340,F5-e003Coalescence-mGAM-p5_S64,101638
81,G2-e003Coalescence-mGAM-p5_S73,1,1525280,F5-e003Coalescence-mGAM-p5_S64,101638
82,E100-e003Coalescence-mGAM-p5_S55,2,1291155,F5-e003Coalescence-mGAM-p5_S64,101638
83,G4-e003Coalescence-mGAM-p3_S83,0,1536688,F5-e003Coalescence-mGAM-p5_S64,101638
84,F4-e003Coalescence-mBHI-p7_S111,0,477586,F5-e003Coalescence-mGAM-p5_S64,101638
85,G4-e003Coalescence-mGAM-p7_S171,0,1471075,F5-e003Coalescence-mGAM-p5_S64,101638
86,F100-e003Coalescence-mBHI-p7_S115,0,1350695,F5-e003Coalescence-mGAM-p5_S64,101638
87,E3-e003Coalescence-mGAM-p7_S146,4,1297929,F5-e003Coalescence-mGAM-p5_S64,101638
88,E3-e003Coalescence-mBHI-p5_S2,0,758841,F5-e003Coalescence-mGAM-p5_S64,101638
89,G2-e003Coalescence-mBHI-p7_S121,1,1251923,F5-e003Coalescence-mGAM-p5_S64,101638
90,F2-e003Coalescence-mBHI-p5_S13,2,1483168,F5-e003Coalescence-mGAM-p5_S64,101638
91,F2-e003Coalescence-mGAM-p3_S69,0,1044013,F5-e003Coalescence-mGAM-p5_S64,101638
92,G100-e003Coalescence-mGAM-p5_S79,2,1518875,F5-e003Coalescence-mGAM-p5_S64,101638
93,E4-e003Coalescence-mGAM-p7_S147,0,1030477,F5-e003Coalescence-mGAM-p5_S64,101638
94,E4-e003Coalescence-mGAM-p3_S59,0,1512400,F5-e003Coalescence-mGAM-p5_S64,101638
95,H100-e003Coalescence-mBHI-p7_S139,1,1461470,F5-e003Coalescence-mGAM-p5_S64,101638
96,G8-e003Coalescence-mBHI-p5_S29,3,757680,F5-e003Coalescence-mGAM-p5_S64,101638
97,G2-e003Coalescence-mBHI-p5_S25,0,1534425,F5-e003Coalescence-mGAM-p5_S64,101638
98,G8-e003Coalescence-mGAM-p7_S173,9,1390044,F5-e003Coalescence-mGAM-p5_S64,101638
99,E4-e003Coalescence-mBHI-p3_S11,1,1489708,F5-e003Coalescence-mGAM-p5_S64,101638
100,G9-e003Coalescence-mBHI-p5_S30,1,972978,F5-e003Coalescence-mGAM-p5_S64,101638
101,E100-e003Coalescence-mGAM-p7_S151,1,1431882,F5-e003Coalescence-mGAM-p5_S64,101638
102,G9-e003Coalescence-mGAM-p3_S178,0,1118807,F5-e003Coalescence-mGAM-p5_S64,101638
103,G2-e003Coalescence-mGAM-p3_S81,0,1516772,F5-e003Coalescence-mGAM-p5_S64,101638
104,G100-e003Coalescence-mBHI-p7_S127,2,560797,F5-e003Coalescence-mGAM-p5_S64,101638
0,C9-e003Coalescence-mGAM-p3,0,712205,F100-e003Coalescence-mGAM-p7_S163,101638
1,C11-e003Coalescence-mBHI-p3,0,455308,F100-e003Coalescence-mGAM-p7_S163,101638
2,C9-e003Coalescence-mGAM-p7,2,500113,F100-e003Coalescence-mGAM-p7_S163,101638
3,C8-e003Coalescence-mGAM-p7,11,1423925,F100-e003Coalescence-mGAM-p7_S163,101638
4,D10-e003Coalescence-mBHI-p3,12,592022,F100-e003Coalescence-mGAM-p7_S163,101638
5,B2-e003Coalescence-mBHI-p3,12,640269,F100-e003Coalescence-mGAM-p7_S163,101638
6,A4-e003Coalescence-mBHI-p7,6,1046978,F100-e003Coalescence-mGAM-p7_S163,101638
7,B3-e003Coalescence-mBHI-p3,24,851498,F100-e003Coalescence-mGAM-p7_S163,101638
8,C2-e003Coalescence-mBHI-p5,10,1531728,F100-e003Coalescence-mGAM-p7_S163,101638
9,C4-e003GlycerolRevival-mBHI-p2,3,655282,F100-e003Coalescence-mGAM-p7_S163,101638
10,B2-e003Coalescence-mBHI-p5,13,1376755,F100-e003Coalescence-mGAM-p7_S163,101638
11,C4-e003Coalescence-mGAM-p7,4,1491174,F100-e003Coalescence-mGAM-p7_S163,101638
12,B10-e003Assembly-mGAM-p5,1,708824,F100-e003Coalescence-mGAM-p7_S163,101638
13,C2-e003Coalescence-mGAM-p7,13,1544636,F100-e003Coalescence-mGAM-p7_S163,101638
14,C9-e003Coalescence-mBHI-p5,1,843947,F100-e003Coalescence-mGAM-p7_S163,101638
15,C2-e003Coalescence-mBHI-p3,14,1550808,F100-e003Coalescence-mGAM-p7_S163,101638
16,C9-e003Coalescence-mBHI-p3,5,1477971,F100-e003Coalescence-mGAM-p7_S163,101638
17,D10-e003Coalescence-mGAM-p5,3,895834,F100-e003Coalescence-mGAM-p7_S163,101638
18,C2-e003Coalescence-mGAM-p3,9,1349817,F100-e003Coalescence-mGAM-p7_S163,101638
19,B10-e003Coalescence-mBHI-p5,5,751178,F100-e003Coalescence-mGAM-p7_S163,101638
20,C4-e003Coalescence-mGAM-p5,4,1406224,F100-e003Coalescence-mGAM-p7_S163,101638
21,D5-e003Coalescence-mBHI-p5,9,1486364,F100-e003Coalescence-mGAM-p7_S163,101638
22,D3-e003Assembly-mBHI-p3,8,768389,F100-e003Coalescence-mGAM-p7_S163,101638
23,C4-e003Coalescence-mGAM-p3,4,1546978,F100-e003Coalescence-mGAM-p7_S163,101638
24,D3-e003Assembly-mBHI-p5,16,1546651,F100-e003Coalescence-mGAM-p7_S163,101638
25,A10-e003Coalescence-mGAM-p3,15,1530862,F100-e003Coalescence-mGAM-p7_S163,101638
26,B2-e003Coalescence-mGAM-p3,7,442858,F100-e003Coalescence-mGAM-p7_S163,101638
27,D3-e003Coalescence-mGAM-p5,8,515212,F100-e003Coalescence-mGAM-p7_S163,101638
28,C10-e003Coalescence-mGAM-p3,5,1520946,F100-e003Coalescence-mGAM-p7_S163,101638
29,C3-e003Coalescence-Inoculumn-mGAM,2,473234,F100-e003Coalescence-mGAM-p7_S163,101638
30,D4-e003Coalescence-Inoculumn-mBHI,4,618720,F100-e003Coalescence-mGAM-p7_S163,101638
31,A4-e003Coalescence-mBHI-p5,8,958917,F100-e003Coalescence-mGAM-p7_S163,101638
32,D10-e003Coalescence-mGAM-p7,5,938266,F100-e003Coalescence-mGAM-p7_S163,101638
33,C11-e003Coalescence-mGAM-p3,9,727674,F100-e003Coalescence-mGAM-p7_S163,101638
34,C10-e003Coalescence-mBHI-p7,21,636171,F100-e003Coalescence-mGAM-p7_S163,101638
35,B10-e003Coalescence-mBHI-p3,2,1064478,F100-e003Coalescence-mGAM-p7_S163,101638
36,C11-e003Coalescence-mBHI-p5,8,1515011,F100-e003Coalescence-mGAM-p7_S163,101638
37,C2-e003Coalescence-Inoculumn-mGAM,2,514343,F100-e003Coalescence-mGAM-p7_S163,101638
38,B4-e003Coalescence-Inoculumn-mGAM,5,1527645,F100-e003Coalescence-mGAM-p7_S163,101638
39,A10-e003Coalescence-mGAM-p7,4,1119734,F100-e003Coalescence-mGAM-p7_S163,101638
40,C4-e003Coalescence-Inoculumn-mGAM,4,1354072,F100-e003Coalescence-mGAM-p7_S163,101638
41,B10-e003Assembly-mGAM-p3,2,526228,F100-e003Coalescence-mGAM-p7_S163,101638
42,D10-e003Coalescence-mBHI-p7,2,560357,F100-e003Coalescence-mGAM-p7_S163,101638
43,B10-e003GlycerolRevival-mGAM-p2,5,912883,F100-e003Coalescence-mGAM-p7_S163,101638
44,C10-e003Coalescence-mGAM-p5,9,1544682,F100-e003Coalescence-mGAM-p7_S163,101638
45,A3-e003Coalescence-mBHI-p3,7,444927,F100-e003Coalescence-mGAM-p7_S163,101638
46,A4-e003Coalescence-mBHI-p3,9,1204293,F100-e003Coalescence-mGAM-p7_S163,101638
47,C9-e003Coalescence-mGAM-p5,4,810866,F100-e003Coalescence-mGAM-p7_S163,101638
48,C2-e003Coalescence-mGAM-p5,10,1502257,F100-e003Coalescence-mGAM-p7_S163,101638
49,C8-e003Coalescence-mBHI-p5,8,1338159,F100-e003Coalescence-mGAM-p7_S163,101638
50,B4-e003Coalescence-Inoculumn-mBHI,8,563867,F100-e003Coalescence-mGAM-p7_S163,101638
51,C5-e003Coalescence-Inoculumn-mGAM,3,1530071,F100-e003Coalescence-mGAM-p7_S163,101638
52,C4-e003Coalescence-mBHI-p5,8,881699,F100-e003Coalescence-mGAM-p7_S163,101638
53,A4-e003Coalescence-Inoculumn-mGAM,9,1506279,F100-e003Coalescence-mGAM-p7_S163,101638
54,C2-e003Coalescence-mBHI-p7,3,569461,F100-e003Coalescence-mGAM-p7_S163,101638
55,C10-e003Coalescence-mGAM-p7,6,1547140,F100-e003Coalescence-mGAM-p7_S163,101638
56,C10-e003Coalescence-mBHI-p3,11,1524472,F100-e003Coalescence-mGAM-p7_S163,101638
57,H4-e003Coalescence-mGAM-p7_S183,1,991821,F100-e003Coalescence-mGAM-p7_S163,101638
58,F5-e003Coalescence-mGAM-p5_S64,2,468781,F100-e003Coalescence-mGAM-p7_S163,101638
59,F100-e003Coalescence-mGAM-p7_S163,0,1155108,F100-e003Coalescence-mGAM-p7_S163,101638
60,E3-e003Coalescence-mGAM-p3_S58,7,516408,F100-e003Coalescence-mGAM-p7_S163,101638
61,G4-e003Coalescence-mBHI-p5_S27,5,878137,F100-e003Coalescence-mGAM-p7_S163,101638
62,G2-e003Coalescence-mBHI-p3_S33,2,1521290,F100-e003Coalescence-mGAM-p7_S163,101638
63,G100-e003Coalescence-mGAM-p3_S179,3,1153539,F100-e003Coalescence-mGAM-p7_S163,101638
64,G111-e003Coalescence-mBHI-p5_S32,4,1154220,F100-e003Coalescence-mGAM-p7_S163,101638
65,E3-e003Coalescence-mBHI-p3_S10,11,711439,F100-e003Coalescence-mGAM-p7_S163,101638
66,F2-e003Coalescence-mGAM-p7_S157,3,556375,F100-e003Coalescence-mGAM-p7_S163,101638
67,E100-e003Coalescence-mGAM-p3_S155,12,1461251,F100-e003Coalescence-mGAM-p7_S163,101638
68,E3-e003Coalescence-mGAM-p5_S50,9,1371172,F100-e003Coalescence-mGAM-p7_S163,101638
69,H100-e003Coalescence-mBHI-p5_S43,6,925751,F100-e003Coalescence-mGAM-p7_S163,101638
70,F2-e003Coalescence-mGAM-p5_S61,1,1281223,F100-e003Coalescence-mGAM-p7_S163,101638
71,G100-e003Coalescence-mBHI-p5_S31,2,829979,F100-e003Coalescence-mGAM-p7_S163,101638
72,G4-e003Coalescence-mBHI-p3_S35,12,474244,F100-e003Coalescence-mGAM-p7_S163,101638
73,E4-e003Coalescence-mBHI-p5_S3,9,1426946,F100-e003Coalescence-mGAM-p7_S163,101638
74,E4-e003Coalescence-mGAM-p5_S51,4,579225,F100-e003Coalescence-mGAM-p7_S163,101638
75,G9-e003Coalescence-mGAM-p7_S174,0,622414,F100-e003Coalescence-mGAM-p7_S163,101638
76,E8-e003Coalescence-mGAM-p3_S153,1,1489557,F100-e003Coalescence-mGAM-p7_S163,101638
77,G100-e003Coalescence-mGAM-p7_S175,1,673821,F100-e003Coalescence-mGAM-p7_S163,101638
78,G3-e003Coalescence-mBHI-p7_S122,3,531581,F100-e003Coalescence-mGAM-p7_S163,101638
79,G4-e003Coalescence-mGAM-p5_S75,0,1533148,F100-e003Coalescence-mGAM-p7_S163,101638
80,G8-e003Coalescence-mBHI-p3_S129,6,840340,F100-e003Coalescence-mGAM-p7_S163,101638
81,G2-e003Coalescence-mGAM-p5_S73,2,1525280,F100-e003Coalescence-mGAM-p7_S163,101638
82,E100-e003Coalescence-mGAM-p5_S55,12,1291155,F100-e003Coalescence-mGAM-p7_S163,101638
83,G4-e003Coalescence-mGAM-p3_S83,0,1536688,F100-e003Coalescence-mGAM-p7_S163,101638
84,F4-e003Coalescence-mBHI-p7_S111,2,477586,F100-e003Coalescence-mGAM-p7_S163,101638
85,G4-e003Coalescence-mGAM-p7_S171,0,1471075,F100-e003Coalescence-mGAM-p7_S163,101638
86,F100-e003Coalescence-mBHI-p7_S115,2,1350695,F100-e003Coalescence-mGAM-p7_S163,101638
87,E3-e003Coalescence-mGAM-p7_S146,8,1297929,F100-e003Coalescence-mGAM-p7_S163,101638
88,E3-e003Coalescence-mBHI-p5_S2,7,758841,F100-e003Coalescence-mGAM-p7_S163,101638
89,G2-e003Coalescence-mBHI-p7_S121,5,1251923,F100-e003Coalescence-mGAM-p7_S163,101638
90,F2-e003Coalescence-mBHI-p5_S13,9,1483168,F100-e003Coalescence-mGAM-p7_S163,101638
91,F2-e003Coalescence-mGAM-p3_S69,0,1044013,F100-e003Coalescence-mGAM-p7_S163,101638
92,G100-e003Coalescence-mGAM-p5_S79,3,1518875,F100-e003Coalescence-mGAM-p7_S163,101638
93,E4-e003Coalescence-mGAM-p7_S147,8,1030477,F100-e003Coalescence-mGAM-p7_S163,101638
94,E4-e003Coalescence-mGAM-p3_S59,0,1512400,F100-e003Coalescence-mGAM-p7_S163,101638
95,H100-e003Coalescence-mBHI-p7_S139,4,1461470,F100-e003Coalescence-mGAM-p7_S163,101638
96,G8-e003Coalescence-mBHI-p5_S29,5,757680,F100-e003Coalescence-mGAM-p7_S163,101638
97,G2-e003Coalescence-mBHI-p5_S25,0,1534425,F100-e003Coalescence-mGAM-p7_S163,101638
98,G8-e003Coalescence-mGAM-p7_S173,23,1390044,F100-e003Coalescence-mGAM-p7_S163,101638
99,E4-e003Coalescence-mBHI-p3_S11,5,1489708,F100-e003Coalescence-mGAM-p7_S163,101638
100,G9-e003Coalescence-mBHI-p5_S30,0,972978,F100-e003Coalescence-mGAM-p7_S163,101638
101,E100-e003Coalescence-mGAM-p7_S151,8,1431882,F100-e003Coalescence-mGAM-p7_S163,101638
102,G9-e003Coalescence-mGAM-p3_S178,0,1118807,F100-e003Coalescence-mGAM-p7_S163,101638
103,G2-e003Coalescence-mGAM-p3_S81,3,1516772,F100-e003Coalescence-mGAM-p7_S163,101638
104,G100-e003Coalescence-mBHI-p7_S127,9,560797,F100-e003Coalescence-mGAM-p7_S163,101638
0,C9-e003Coalescence-mGAM-p3,13,712205,E3-e003Coalescence-mGAM-p3_S58,101638
1,C11-e003Coalescence-mBHI-p3,2,455308,E3-e003Coalescence-mGAM-p3_S58,101638
2,C9-e003Coalescence-mGAM-p7,18,500113,E3-e003Coalescence-mGAM-p3_S58,101638
3,C8-e003Coalescence-mGAM-p7,8,1423925,E3-e003Coalescence-mGAM-p3_S58,101638
4,D10-e003Coalescence-mBHI-p3,10,592022,E3-e003Coalescence-mGAM-p3_S58,101638
5,B2-e003Coalescence-mBHI-p3,4,640269,E3-e003Coalescence-mGAM-p3_S58,101638
6,A4-e003Coalescence-mBHI-p7,1,1046978,E3-e003Coalescence-mGAM-p3_S58,101638
7,B3-e003Coalescence-mBHI-p3,19,851498,E3-e003Coalescence-mGAM-p3_S58,101638
8,C2-e003Coalescence-mBHI-p5,6,1531728,E3-e003Coalescence-mGAM-p3_S58,101638
9,C4-e003GlycerolRevival-mBHI-p2,14,655282,E3-e003Coalescence-mGAM-p3_S58,101638
10,B2-e003Coalescence-mBHI-p5,6,1376755,E3-e003Coalescence-mGAM-p3_S58,101638
11,C4-e003Coalescence-mGAM-p7,7,1491174,E3-e003Coalescence-mGAM-p3_S58,101638
12,B10-e003Assembly-mGAM-p5,3,708824,E3-e003Coalescence-mGAM-p3_S58,101638
13,C2-e003Coalescence-mGAM-p7,7,1544636,E3-e003Coalescence-mGAM-p3_S58,101638
14,C9-e003Coalescence-mBHI-p5,18,843947,E3-e003Coalescence-mGAM-p3_S58,101638
15,C2-e003Coalescence-mBHI-p3,7,1550808,E3-e003Coalescence-mGAM-p3_S58,101638
16,C9-e003Coalescence-mBHI-p3,24,1477971,E3-e003Coalescence-mGAM-p3_S58,101638
17,D10-e003Coalescence-mGAM-p5,18,895834,E3-e003Coalescence-mGAM-p3_S58,101638
18,C2-e003Coalescence-mGAM-p3,6,1349817,E3-e003Coalescence-mGAM-p3_S58,101638
19,B10-e003Coalescence-mBHI-p5,11,751178,E3-e003Coalescence-mGAM-p3_S58,101638
20,C4-e003Coalescence-mGAM-p5,7,1406224,E3-e003Coalescence-mGAM-p3_S58,101638
21,D5-e003Coalescence-mBHI-p5,6,1486364,E3-e003Coalescence-mGAM-p3_S58,101638
22,D3-e003Assembly-mBHI-p3,13,768389,E3-e003Coalescence-mGAM-p3_S58,101638
23,C4-e003Coalescence-mGAM-p3,7,1546978,E3-e003Coalescence-mGAM-p3_S58,101638
24,D3-e003Assembly-mBHI-p5,11,1546651,E3-e003Coalescence-mGAM-p3_S58,101638
25,A10-e003Coalescence-mGAM-p3,7,1530862,E3-e003Coalescence-mGAM-p3_S58,101638
26,B2-e003Coalescence-mGAM-p3,0,442858,E3-e003Coalescence-mGAM-p3_S58,101638
27,D3-e003Coalescence-mGAM-p5,8,515212,E3-e003Coalescence-mGAM-p3_S58,101638
28,C10-e003Coalescence-mGAM-p3,8,1520946,E3-e003Coalescence-mGAM-p3_S58,101638
29,C3-e003Coalescence-Inoculumn-mGAM,2,473234,E3-e003Coalescence-mGAM-p3_S58,101638
30,D4-e003Coalescence-Inoculumn-mBHI,6,618720,E3-e003Coalescence-mGAM-p3_S58,101638
31,A4-e003Coalescence-mBHI-p5,3,958917,E3-e003Coalescence-mGAM-p3_S58,101638
32,D10-e003Coalescence-mGAM-p7,11,938266,E3-e003Coalescence-mGAM-p3_S58,101638
33,C11-e003Coalescence-mGAM-p3,20,727674,E3-e003Coalescence-mGAM-p3_S58,101638
34,C10-e003Coalescence-mBHI-p7,13,636171,E3-e003Coalescence-mGAM-p3_S58,101638
35,B10-e003Coalescence-mBHI-p3,15,1064478,E3-e003Coalescence-mGAM-p3_S58,101638
36,C11-e003Coalescence-mBHI-p5,13,1515011,E3-e003Coalescence-mGAM-p3_S58,101638
37,C2-e003Coalescence-Inoculumn-mGAM,2,514343,E3-e003Coalescence-mGAM-p3_S58,101638
38,B4-e003Coalescence-Inoculumn-mGAM,26,1527645,E3-e003Coalescence-mGAM-p3_S58,101638
39,A10-e003Coalescence-mGAM-p7,5,1119734,E3-e003Coalescence-mGAM-p3_S58,101638
40,C4-e003Coalescence-Inoculumn-mGAM,7,1354072,E3-e003Coalescence-mGAM-p3_S58,101638
41,B10-e003Assembly-mGAM-p3,4,526228,E3-e003Coalescence-mGAM-p3_S58,101638
42,D10-e003Coalescence-mBHI-p7,6,560357,E3-e003Coalescence-mGAM-p3_S58,101638
43,B10-e003GlycerolRevival-mGAM-p2,4,912883,E3-e003Coalescence-mGAM-p3_S58,101638
44,C10-e003Coalescence-mGAM-p5,7,1544682,E3-e003Coalescence-mGAM-p3_S58,101638
45,A3-e003Coalescence-mBHI-p3,2,444927,E3-e003Coalescence-mGAM-p3_S58,101638
46,A4-e003Coalescence-mBHI-p3,3,1204293,E3-e003Coalescence-mGAM-p3_S58,101638
47,C9-e003Coalescence-mGAM-p5,18,810866,E3-e003Coalescence-mGAM-p3_S58,101638
48,C2-e003Coalescence-mGAM-p5,7,1502257,E3-e003Coalescence-mGAM-p3_S58,101638
49,C8-e003Coalescence-mBHI-p5,4,1338159,E3-e003Coalescence-mGAM-p3_S58,101638
50,B4-e003Coalescence-Inoculumn-mBHI,4,563867,E3-e003Coalescence-mGAM-p3_S58,101638
51,C5-e003Coalescence-Inoculumn-mGAM,6,1530071,E3-e003Coalescence-mGAM-p3_S58,101638
52,C4-e003Coalescence-mBHI-p5,3,881699,E3-e003Coalescence-mGAM-p3_S58,101638
53,A4-e003Coalescence-Inoculumn-mGAM,7,1506279,E3-e003Coalescence-mGAM-p3_S58,101638
54,C2-e003Coalescence-mBHI-p7,4,569461,E3-e003Coalescence-mGAM-p3_S58,101638
55,C10-e003Coalescence-mGAM-p7,7,1547140,E3-e003Coalescence-mGAM-p3_S58,101638
56,C10-e003Coalescence-mBHI-p3,4,1524472,E3-e003Coalescence-mGAM-p3_S58,101638
57,H4-e003Coalescence-mGAM-p7_S183,5,991821,E3-e003Coalescence-mGAM-p3_S58,101638
58,F5-e003Coalescence-mGAM-p5_S64,4,468781,E3-e003Coalescence-mGAM-p3_S58,101638
59,F100-e003Coalescence-mGAM-p7_S163,7,1155108,E3-e003Coalescence-mGAM-p3_S58,101638
60,E3-e003Coalescence-mGAM-p3_S58,0,516408,E3-e003Coalescence-mGAM-p3_S58,101638
61,G4-e003Coalescence-mBHI-p5_S27,3,878137,E3-e003Coalescence-mGAM-p3_S58,101638
62,G2-e003Coalescence-mBHI-p3_S33,5,1521290,E3-e003Coalescence-mGAM-p3_S58,101638
63,G100-e003Coalescence-mGAM-p3_S179,3,1153539,E3-e003Coalescence-mGAM-p3_S58,101638
64,G111-e003Coalescence-mBHI-p5_S32,19,1154220,E3-e003Coalescence-mGAM-p3_S58,101638
65,E3-e003Coalescence-mBHI-p3_S10,1,711439,E3-e003Coalescence-mGAM-p3_S58,101638
66,F2-e003Coalescence-mGAM-p7_S157,1,556375,E3-e003Coalescence-mGAM-p3_S58,101638
67,E100-e003Coalescence-mGAM-p3_S155,4,1461251,E3-e003Coalescence-mGAM-p3_S58,101638
68,E3-e003Coalescence-mGAM-p5_S50,5,1371172,E3-e003Coalescence-mGAM-p3_S58,101638
69,H100-e003Coalescence-mBHI-p5_S43,15,925751,E3-e003Coalescence-mGAM-p3_S58,101638
70,F2-e003Coalescence-mGAM-p5_S61,5,1281223,E3-e003Coalescence-mGAM-p3_S58,101638
71,G100-e003Coalescence-mBHI-p5_S31,2,829979,E3-e003Coalescence-mGAM-p3_S58,101638
72,G4-e003Coalescence-mBHI-p3_S35,1,474244,E3-e003Coalescence-mGAM-p3_S58,101638
73,E4-e003Coalescence-mBHI-p5_S3,5,1426946,E3-e003Coalescence-mGAM-p3_S58,101638
74,E4-e003Coalescence-mGAM-p5_S51,3,579225,E3-e003Coalescence-mGAM-p3_S58,101638
75,G9-e003Coalescence-mGAM-p7_S174,16,622414,E3-e003Coalescence-mGAM-p3_S58,101638
76,E8-e003Coalescence-mGAM-p3_S153,4,1489557,E3-e003Coalescence-mGAM-p3_S58,101638
77,G100-e003Coalescence-mGAM-p7_S175,1,673821,E3-e003Coalescence-mGAM-p3_S58,101638
78,G3-e003Coalescence-mBHI-p7_S122,14,531581,E3-e003Coalescence-mGAM-p3_S58,101638
79,G4-e003Coalescence-mGAM-p5_S75,5,1533148,E3-e003Coalescence-mGAM-p3_S58,101638
80,G8-e003Coalescence-mBHI-p3_S129,0,840340,E3-e003Coalescence-mGAM-p3_S58,101638
81,G2-e003Coalescence-mGAM-p5_S73,5,1525280,E3-e003Coalescence-mGAM-p3_S58,101638
82,E100-e003Coalescence-mGAM-p5_S55,4,1291155,E3-e003Coalescence-mGAM-p3_S58,101638
83,G4-e003Coalescence-mGAM-p3_S83,5,1536688,E3-e003Coalescence-mGAM-p3_S58,101638
84,F4-e003Coalescence-mBHI-p7_S111,12,477586,E3-e003Coalescence-mGAM-p3_S58,101638
85,G4-e003Coalescence-mGAM-p7_S171,5,1471075,E3-e003Coalescence-mGAM-p3_S58,101638
86,F100-e003Coalescence-mBHI-p7_S115,20,1350695,E3-e003Coalescence-mGAM-p3_S58,101638
87,E3-e003Coalescence-mGAM-p7_S146,3,1297929,E3-e003Coalescence-mGAM-p3_S58,101638
88,E3-e003Coalescence-mBHI-p5_S2,2,758841,E3-e003Coalescence-mGAM-p3_S58,101638
89,G2-e003Coalescence-mBHI-p7_S121,3,1251923,E3-e003Coalescence-mGAM-p3_S58,101638
90,F2-e003Coalescence-mBHI-p5_S13,5,1483168,E3-e003Coalescence-mGAM-p3_S58,101638
91,F2-e003Coalescence-mGAM-p3_S69,1,1044013,E3-e003Coalescence-mGAM-p3_S58,101638
92,G100-e003Coalescence-mGAM-p5_S79,4,1518875,E3-e003Coalescence-mGAM-p3_S58,101638
93,E4-e003Coalescence-mGAM-p7_S147,3,1030477,E3-e003Coalescence-mGAM-p3_S58,101638
94,E4-e003Coalescence-mGAM-p3_S59,5,1512400,E3-e003Coalescence-mGAM-p3_S58,101638
95,H100-e003Coalescence-mBHI-p7_S139,22,1461470,E3-e003Coalescence-mGAM-p3_S58,101638
96,G8-e003Coalescence-mBHI-p5_S29,3,757680,E3-e003Coalescence-mGAM-p3_S58,101638
97,G2-e003Coalescence-mBHI-p5_S25,5,1534425,E3-e003Coalescence-mGAM-p3_S58,101638
98,G8-e003Coalescence-mGAM-p7_S173,8,1390044,E3-e003Coalescence-mGAM-p3_S58,101638
99,E4-e003Coalescence-mBHI-p3_S11,5,1489708,E3-e003Coalescence-mGAM-p3_S58,101638
100,G9-e003Coalescence-mBHI-p5_S30,12,972978,E3-e003Coalescence-mGAM-p3_S58,101638
101,E100-e003Coalescence-mGAM-p7_S151,5,1431882,E3-e003Coalescence-mGAM-p3_S58,101638
102,G9-e003Coalescence-mGAM-p3_S178,20,1118807,E3-e003Coalescence-mGAM-p3_S58,101638
103,G2-e003Coalescence-mGAM-p3_S81,5,1516772,E3-e003Coalescence-mGAM-p3_S58,101638
104,G100-e003Coalescence-mBHI-p7_S127,1,560797,E3-e003Coalescence-mGAM-p3_S58,101638
0,C9-e003Coalescence-mGAM-p3,2,712205,G4-e003Coalescence-mBHI-p5_S27,101638
1,C11-e003Coalescence-mBHI-p3,0,455308,G4-e003Coalescence-mBHI-p5_S27,101638
2,C9-e003Coalescence-mGAM-p7,3,500113,G4-e003Coalescence-mBHI-p5_S27,101638
3,C8-e003Coalescence-mGAM-p7,5,1423925,G4-e003Coalescence-mBHI-p5_S27,101638
4,D10-e003Coalescence-mBHI-p3,2,592022,G4-e003Coalescence-mBHI-p5_S27,101638
5,B2-e003Coalescence-mBHI-p3,4,640269,G4-e003Coalescence-mBHI-p5_S27,101638
6,A4-e003Coalescence-mBHI-p7,0,1046978,G4-e003Coalescence-mBHI-p5_S27,101638
7,B3-e003Coalescence-mBHI-p3,10,851498,G4-e003Coalescence-mBHI-p5_S27,101638
8,C2-e003Coalescence-mBHI-p5,8,1531728,G4-e003Coalescence-mBHI-p5_S27,101638
9,C4-e003GlycerolRevival-mBHI-p2,4,655282,G4-e003Coalescence-mBHI-p5_S27,101638
10,B2-e003Coalescence-mBHI-p5,8,1376755,G4-e003Coalescence-mBHI-p5_S27,101638
11,C4-e003Coalescence-mGAM-p7,5,1491174,G4-e003Coalescence-mBHI-p5_S27,101638
12,B10-e003Assembly-mGAM-p5,0,708824,G4-e003Coalescence-mBHI-p5_S27,101638
13,C2-e003Coalescence-mGAM-p7,6,1544636,G4-e003Coalescence-mBHI-p5_S27,101638
14,C9-e003Coalescence-mBHI-p5,4,843947,G4-e003Coalescence-mBHI-p5_S27,101638
15,C2-e003Coalescence-mBHI-p3,7,1550808,G4-e003Coalescence-mBHI-p5_S27,101638
16,C9-e003Coalescence-mBHI-p3,8,1477971,G4-e003Coalescence-mBHI-p5_S27,101638
17,D10-e003Coalescence-mGAM-p5,5,895834,G4-e003Coalescence-mBHI-p5_S27,101638
18,C2-e003Coalescence-mGAM-p3,3,1349817,G4-e003Coalescence-mBHI-p5_S27,101638
19,B10-e003Coalescence-mBHI-p5,5,751178,G4-e003Coalescence-mBHI-p5_S27,101638
20,C4-e003Coalescence-mGAM-p5,4,1406224,G4-e003Coalescence-mBHI-p5_S27,101638
21,D5-e003Coalescence-mBHI-p5,14,1486364,G4-e003Coalescence-mBHI-p5_S27,101638
22,D3-e003Assembly-mBHI-p3,8,768389,G4-e003Coalescence-mBHI-p5_S27,101638
23,C4-e003Coalescence-mGAM-p3,4,1546978,G4-e003Coalescence-mBHI-p5_S27,101638
24,D3-e003Assembly-mBHI-p5,14,1546651,G4-e003Coalescence-mBHI-p5_S27,101638
25,A10-e003Coalescence-mGAM-p3,6,1530862,G4-e003Coalescence-mBHI-p5_S27,101638
26,B2-e003Coalescence-mGAM-p3,3,442858,G4-e003Coalescence-mBHI-p5_S27,101638
27,D3-e003Coalescence-mGAM-p5,2,515212,G4-e003Coalescence-mBHI-p5_S27,101638
28,C10-e003Coalescence-mGAM-p3,5,1520946,G4-e003Coalescence-mBHI-p5_S27,101638
29,C3-e003Coalescence-Inoculumn-mGAM,2,473234,G4-e003Coalescence-mBHI-p5_S27,101638
30,D4-e003Coalescence-Inoculumn-mBHI,0,618720,G4-e003Coalescence-mBHI-p5_S27,101638
31,A4-e003Coalescence-mBHI-p5,8,958917,G4-e003Coalescence-mBHI-p5_S27,101638
32,D10-e003Coalescence-mGAM-p7,7,938266,G4-e003Coalescence-mBHI-p5_S27,101638
33,C11-e003Coalescence-mGAM-p3,6,727674,G4-e003Coalescence-mBHI-p5_S27,101638
34,C10-e003Coalescence-mBHI-p7,13,636171,G4-e003Coalescence-mBHI-p5_S27,101638
35,B10-e003Coalescence-mBHI-p3,4,1064478,G4-e003Coalescence-mBHI-p5_S27,101638
36,C11-e003Coalescence-mBHI-p5,8,1515011,G4-e003Coalescence-mBHI-p5_S27,101638
37,C2-e003Coalescence-Inoculumn-mGAM,2,514343,G4-e003Coalescence-mBHI-p5_S27,101638
38,B4-e003Coalescence-Inoculumn-mGAM,4,1527645,G4-e003Coalescence-mBHI-p5_S27,101638
39,A10-e003Coalescence-mGAM-p7,4,1119734,G4-e003Coalescence-mBHI-p5_S27,101638
40,C4-e003Coalescence-Inoculumn-mGAM,10,1354072,G4-e003Coalescence-mBHI-p5_S27,101638
41,B10-e003Assembly-mGAM-p3,1,526228,G4-e003Coalescence-mBHI-p5_S27,101638
42,D10-e003Coalescence-mBHI-p7,3,560357,G4-e003Coalescence-mBHI-p5_S27,101638
43,B10-e003GlycerolRevival-mGAM-p2,5,912883,G4-e003Coalescence-mBHI-p5_S27,101638
44,C10-e003Coalescence-mGAM-p5,8,1544682,G4-e003Coalescence-mBHI-p5_S27,101638
45,A3-e003Coalescence-mBHI-p3,3,444927,G4-e003Coalescence-mBHI-p5_S27,101638
46,A4-e003Coalescence-mBHI-p3,9,1204293,G4-e003Coalescence-mBHI-p5_S27,101638
47,C9-e003Coalescence-mGAM-p5,5,810866,G4-e003Coalescence-mBHI-p5_S27,101638
48,C2-e003Coalescence-mGAM-p5,6,1502257,G4-e003Coalescence-mBHI-p5_S27,101638
49,C8-e003Coalescence-mBHI-p5,17,1338159,G4-e003Coalescence-mBHI-p5_S27,101638
50,B4-e003Coalescence-Inoculumn-mBHI,8,563867,G4-e003Coalescence-mBHI-p5_S27,101638
51,C5-e003Coalescence-Inoculumn-mGAM,4,1530071,G4-e003Coalescence-mBHI-p5_S27,101638
52,C4-e003Coalescence-mBHI-p5,6,881699,G4-e003Coalescence-mBHI-p5_S27,101638
53,A4-e003Coalescence-Inoculumn-mGAM,5,1506279,G4-e003Coalescence-mBHI-p5_S27,101638
54,C2-e003Coalescence-mBHI-p7,3,569461,G4-e003Coalescence-mBHI-p5_S27,101638
55,C10-e003Coalescence-mGAM-p7,5,1547140,G4-e003Coalescence-mBHI-p5_S27,101638
56,C10-e003Coalescence-mBHI-p3,9,1524472,G4-e003Coalescence-mBHI-p5_S27,101638
57,H4-e003Coalescence-mGAM-p7_S183,11,991821,G4-e003Coalescence-mBHI-p5_S27,101638
58,F5-e003Coalescence-mGAM-p5_S64,1,468781,G4-e003Coalescence-mBHI-p5_S27,101638
59,F100-e003Coalescence-mGAM-p7_S163,5,1155108,G4-e003Coalescence-mBHI-p5_S27,101638
60,E3-e003Coalescence-mGAM-p3_S58,3,516408,G4-e003Coalescence-mBHI-p5_S27,101638
61,G4-e003Coalescence-mBHI-p5_S27,0,878137,G4-e003Coalescence-mBHI-p5_S27,101638
62,G2-e003Coalescence-mBHI-p3_S33,5,1521290,G4-e003Coalescence-mBHI-p5_S27,101638
63,G100-e003Coalescence-mGAM-p3_S179,6,1153539,G4-e003Coalescence-mBHI-p5_S27,101638
64,G111-e003Coalescence-mBHI-p5_S32,8,1154220,G4-e003Coalescence-mBHI-p5_S27,101638
65,E3-e003Coalescence-mBHI-p3_S10,5,711439,G4-e003Coalescence-mBHI-p5_S27,101638
66,F2-e003Coalescence-mGAM-p7_S157,4,556375,G4-e003Coalescence-mBHI-p5_S27,101638
67,E100-e003Coalescence-mGAM-p3_S155,6,1461251,G4-e003Coalescence-mBHI-p5_S27,101638
68,E3-e003Coalescence-mGAM-p5_S50,8,1371172,G4-e003Coalescence-mBHI-p5_S27,101638
69,H100-e003Coalescence-mBHI-p5_S43,4,925751,G4-e003Coalescence-mBHI-p5_S27,101638
70,F2-e003Coalescence-mGAM-p5_S61,3,1281223,G4-e003Coalescence-mBHI-p5_S27,101638
71,G100-e003Coalescence-mBHI-p5_S31,4,829979,G4-e003Coalescence-mBHI-p5_S27,101638
72,G4-e003Coalescence-mBHI-p3_S35,6,474244,G4-e003Coalescence-mBHI-p5_S27,101638
73,E4-e003Coalescence-mBHI-p5_S3,6,1426946,G4-e003Coalescence-mBHI-p5_S27,101638
74,E4-e003Coalescence-mGAM-p5_S51,2,579225,G4-e003Coalescence-mBHI-p5_S27,101638
75,G9-e003Coalescence-mGAM-p7_S174,6,622414,G4-e003Coalescence-mBHI-p5_S27,101638
76,E8-e003Coalescence-mGAM-p3_S153,8,1489557,G4-e003Coalescence-mBHI-p5_S27,101638
77,G100-e003Coalescence-mGAM-p7_S175,3,673821,G4-e003Coalescence-mBHI-p5_S27,101638
78,G3-e003Coalescence-mBHI-p7_S122,0,531581,G4-e003Coalescence-mBHI-p5_S27,101638
79,G4-e003Coalescence-mGAM-p5_S75,4,1533148,G4-e003Coalescence-mBHI-p5_S27,101638
80,G8-e003Coalescence-mBHI-p3_S129,6,840340,G4-e003Coalescence-mBHI-p5_S27,101638
81,G2-e003Coalescence-mGAM-p5_S73,4,1525280,G4-e003Coalescence-mBHI-p5_S27,101638
82,E100-e003Coalescence-mGAM-p5_S55,8,1291155,G4-e003Coalescence-mBHI-p5_S27,101638
83,G4-e003Coalescence-mGAM-p3_S83,4,1536688,G4-e003Coalescence-mBHI-p5_S27,101638
84,F4-e003Coalescence-mBHI-p7_S111,3,477586,G4-e003Coalescence-mBHI-p5_S27,101638
85,G4-e003Coalescence-mGAM-p7_S171,6,1471075,G4-e003Coalescence-mBHI-p5_S27,101638
86,F100-e003Coalescence-mBHI-p7_S115,6,1350695,G4-e003Coalescence-mBHI-p5_S27,101638
87,E3-e003Coalescence-mGAM-p7_S146,7,1297929,G4-e003Coalescence-mBHI-p5_S27,101638
88,E3-e003Coalescence-mBHI-p5_S2,5,758841,G4-e003Coalescence-mBHI-p5_S27,101638
89,G2-e003Coalescence-mBHI-p7_S121,4,1251923,G4-e003Coalescence-mBHI-p5_S27,101638
90,F2-e003Coalescence-mBHI-p5_S13,8,1483168,G4-e003Coalescence-mBHI-p5_S27,101638
91,F2-e003Coalescence-mGAM-p3_S69,3,1044013,G4-e003Coalescence-mBHI-p5_S27,101638
92,G100-e003Coalescence-mGAM-p5_S79,6,1518875,G4-e003Coalescence-mBHI-p5_S27,101638
93,E4-e003Coalescence-mGAM-p7_S147,6,1030477,G4-e003Coalescence-mBHI-p5_S27,101638
94,E4-e003Coalescence-mGAM-p3_S59,5,1512400,G4-e003Coalescence-mBHI-p5_S27,101638
95,H100-e003Coalescence-mBHI-p7_S139,6,1461470,G4-e003Coalescence-mBHI-p5_S27,101638
96,G8-e003Coalescence-mBHI-p5_S29,7,757680,G4-e003Coalescence-mBHI-p5_S27,101638
97,G2-e003Coalescence-mBHI-p5_S25,4,1534425,G4-e003Coalescence-mBHI-p5_S27,101638
98,G8-e003Coalescence-mGAM-p7_S173,16,1390044,G4-e003Coalescence-mBHI-p5_S27,101638
99,E4-e003Coalescence-mBHI-p3_S11,5,1489708,G4-e003Coalescence-mBHI-p5_S27,101638
100,G9-e003Coalescence-mBHI-p5_S30,5,972978,G4-e003Coalescence-mBHI-p5_S27,101638
101,E100-e003Coalescence-mGAM-p7_S151,6,1431882,G4-e003Coalescence-mBHI-p5_S27,101638
102,G9-e003Coalescence-mGAM-p3_S178,7,1118807,G4-e003Coalescence-mBHI-p5_S27,101638
103,G2-e003Coalescence-mGAM-p3_S81,4,1516772,G4-e003Coalescence-mBHI-p5_S27,101638
104,G100-e003Coalescence-mBHI-p7_S127,3,560797,G4-e003Coalescence-mBHI-p5_S27,101638
0,C9-e003Coalescence-mGAM-p3,12,712205,G2-e003Coalescence-mBHI-p3_S33,101638
1,C11-e003Coalescence-mBHI-p3,2,455308,G2-e003Coalescence-mBHI-p3_S33,101638
2,C9-e003Coalescence-mGAM-p7,16,500113,G2-e003Coalescence-mBHI-p3_S33,101638
3,C8-e003Coalescence-mGAM-p7,5,1423925,G2-e003Coalescence-mBHI-p3_S33,101638
4,D10-e003Coalescence-mBHI-p3,19,592022,G2-e003Coalescence-mBHI-p3_S33,101638
5,B2-e003Coalescence-mBHI-p3,5,640269,G2-e003Coalescence-mBHI-p3_S33,101638
6,A4-e003Coalescence-mBHI-p7,2,1046978,G2-e003Coalescence-mBHI-p3_S33,101638
7,B3-e003Coalescence-mBHI-p3,33,851498,G2-e003Coalescence-mBHI-p3_S33,101638
8,C2-e003Coalescence-mBHI-p5,5,1531728,G2-e003Coalescence-mBHI-p3_S33,101638
9,C4-e003GlycerolRevival-mBHI-p2,11,655282,G2-e003Coalescence-mBHI-p3_S33,101638
10,B2-e003Coalescence-mBHI-p5,7,1376755,G2-e003Coalescence-mBHI-p3_S33,101638
11,C4-e003Coalescence-mGAM-p7,5,1491174,G2-e003Coalescence-mBHI-p3_S33,101638
12,B10-e003Assembly-mGAM-p5,3,708824,G2-e003Coalescence-mBHI-p3_S33,101638
13,C2-e003Coalescence-mGAM-p7,5,1544636,G2-e003Coalescence-mBHI-p3_S33,101638
14,C9-e003Coalescence-mBHI-p5,19,843947,G2-e003Coalescence-mBHI-p3_S33,101638
15,C2-e003Coalescence-mBHI-p3,5,1550808,G2-e003Coalescence-mBHI-p3_S33,101638
16,C9-e003Coalescence-mBHI-p3,23,1477971,G2-e003Coalescence-mBHI-p3_S33,101638
17,D10-e003Coalescence-mGAM-p5,17,895834,G2-e003Coalescence-mBHI-p3_S33,101638
18,C2-e003Coalescence-mGAM-p3,5,1349817,G2-e003Coalescence-mBHI-p3_S33,101638
19,B10-e003Coalescence-mBHI-p5,17,751178,G2-e003Coalescence-mBHI-p3_S33,101638
20,C4-e003Coalescence-mGAM-p5,5,1406224,G2-e003Coalescence-mBHI-p3_S33,101638
21,D5-e003Coalescence-mBHI-p5,2,1486364,G2-e003Coalescence-mBHI-p3_S33,101638
22,D3-e003Assembly-mBHI-p3,18,768389,G2-e003Coalescence-mBHI-p3_S33,101638
23,C4-e003Coalescence-mGAM-p3,5,1546978,G2-e003Coalescence-mBHI-p3_S33,101638
24,D3-e003Assembly-mBHI-p5,23,1546651,G2-e003Coalescence-mBHI-p3_S33,101638
25,A10-e003Coalescence-mGAM-p3,6,1530862,G2-e003Coalescence-mBHI-p3_S33,101638
26,B2-e003Coalescence-mGAM-p3,5,442858,G2-e003Coalescence-mBHI-p3_S33,101638
27,D3-e003Coalescence-mGAM-p5,5,515212,G2-e003Coalescence-mBHI-p3_S33,101638
28,C10-e003Coalescence-mGAM-p3,9,1520946,G2-e003Coalescence-mBHI-p3_S33,101638
29,C3-e003Coalescence-Inoculumn-mGAM,3,473234,G2-e003Coalescence-mBHI-p3_S33,101638
30,D4-e003Coalescence-Inoculumn-mBHI,7,618720,G2-e003Coalescence-mBHI-p3_S33,101638
31,A4-e003Coalescence-mBHI-p5,2,958917,G2-e003Coalescence-mBHI-p3_S33,101638
32,D10-e003Coalescence-mGAM-p7,10,938266,G2-e003Coalescence-mBHI-p3_S33,101638
33,C11-e003Coalescence-mGAM-p3,22,727674,G2-e003Coalescence-mBHI-p3_S33,101638
34,C10-e003Coalescence-mBHI-p7,20,636171,G2-e003Coalescence-mBHI-p3_S33,101638
35,B10-e003Coalescence-mBHI-p3,20,1064478,G2-e003Coalescence-mBHI-p3_S33,101638
36,C11-e003Coalescence-mBHI-p5,13,1515011,G2-e003Coalescence-mBHI-p3_S33,101638
37,C2-e003Coalescence-Inoculumn-mGAM,2,514343,G2-e003Coalescence-mBHI-p3_S33,101638
38,B4-e003Coalescence-Inoculumn-mGAM,28,1527645,G2-e003Coalescence-mBHI-p3_S33,101638
39,A10-e003Coalescence-mGAM-p7,3,1119734,G2-e003Coalescence-mBHI-p3_S33,101638
40,C4-e003Coalescence-Inoculumn-mGAM,6,1354072,G2-e003Coalescence-mBHI-p3_S33,101638
41,B10-e003Assembly-mGAM-p3,6,526228,G2-e003Coalescence-mBHI-p3_S33,101638
42,D10-e003Coalescence-mBHI-p7,9,560357,G2-e003Coalescence-mBHI-p3_S33,101638
43,B10-e003GlycerolRevival-mGAM-p2,5,912883,G2-e003Coalescence-mBHI-p3_S33,101638
44,C10-e003Coalescence-mGAM-p5,10,1544682,G2-e003Coalescence-mBHI-p3_S33,101638
45,A3-e003Coalescence-mBHI-p3,4,444927,G2-e003Coalescence-mBHI-p3_S33,101638
46,A4-e003Coalescence-mBHI-p3,3,1204293,G2-e003Coalescence-mBHI-p3_S33,101638
47,C9-e003Coalescence-mGAM-p5,20,810866,G2-e003Coalescence-mBHI-p3_S33,101638
48,C2-e003Coalescence-mGAM-p5,5,1502257,G2-e003Coalescence-mBHI-p3_S33,101638
49,C8-e003Coalescence-mBHI-p5,15,1338159,G2-e003Coalescence-mBHI-p3_S33,101638
50,B4-e003Coalescence-Inoculumn-mBHI,11,563867,G2-e003Coalescence-mBHI-p3_S33,101638
51,C5-e003Coalescence-Inoculumn-mGAM,6,1530071,G2-e003Coalescence-mBHI-p3_S33,101638
52,C4-e003Coalescence-mBHI-p5,17,881699,G2-e003Coalescence-mBHI-p3_S33,101638
53,A4-e003Coalescence-Inoculumn-mGAM,5,1506279,G2-e003Coalescence-mBHI-p3_S33,101638
54,C2-e003Coalescence-mBHI-p7,3,569461,G2-e003Coalescence-mBHI-p3_S33,101638
55,C10-e003Coalescence-mGAM-p7,5,1547140,G2-e003Coalescence-mBHI-p3_S33,101638
56,C10-e003Coalescence-mBHI-p3,4,1524472,G2-e003Coalescence-mBHI-p3_S33,101638
57,H4-e003Coalescence-mGAM-p7_S183,0,991821,G2-e003Coalescence-mBHI-p3_S33,101638
58,F5-e003Coalescence-mGAM-p5_S64,1,468781,G2-e003Coalescence-mBHI-p3_S33,101638
59,F100-e003Coalescence-mGAM-p7_S163,2,1155108,G2-e003Coalescence-mBHI-p3_S33,101638
60,E3-e003Coalescence-mGAM-p3_S58,4,516408,G2-e003Coalescence-mBHI-p3_S33,101638
61,G4-e003Coalescence-mBHI-p5_S27,3,878137,G2-e003Coalescence-mBHI-p3_S33,101638
62,G2-e003Coalescence-mBHI-p3_S33,0,1521290,G2-e003Coalescence-mBHI-p3_S33,101638
63,G100-e003Coalescence-mGAM-p3_S179,1,1153539,G2-e003Coalescence-mBHI-p3_S33,101638
64,G111-e003Coalescence-mBHI-p5_S32,21,1154220,G2-e003Coalescence-mBHI-p3_S33,101638
65,E3-e003Coalescence-mBHI-p3_S10,0,711439,G2-e003Coalescence-mBHI-p3_S33,101638
66,F2-e003Coalescence-mGAM-p7_S157,0,556375,G2-e003Coalescence-mBHI-p3_S33,101638
67,E100-e003Coalescence-mGAM-p3_S155,4,1461251,G2-e003Coalescence-mBHI-p3_S33,101638
68,E3-e003Coalescence-mGAM-p5_S50,2,1371172,G2-e003Coalescence-mBHI-p3_S33,101638
69,H100-e003Coalescence-mBHI-p5_S43,16,925751,G2-e003Coalescence-mBHI-p3_S33,101638
70,F2-e003Coalescence-mGAM-p5_S61,1,1281223,G2-e003Coalescence-mBHI-p3_S33,101638
71,G100-e003Coalescence-mBHI-p5_S31,2,829979,G2-e003Coalescence-mBHI-p3_S33,101638
72,G4-e003Coalescence-mBHI-p3_S35,6,474244,G2-e003Coalescence-mBHI-p3_S33,101638
73,E4-e003Coalescence-mBHI-p5_S3,0,1426946,G2-e003Coalescence-mBHI-p3_S33,101638
74,E4-e003Coalescence-mGAM-p5_S51,0,579225,G2-e003Coalescence-mBHI-p3_S33,101638
75,G9-e003Coalescence-mGAM-p7_S174,12,622414,G2-e003Coalescence-mBHI-p3_S33,101638
76,E8-e003Coalescence-mGAM-p3_S153,2,1489557,G2-e003Coalescence-mBHI-p3_S33,101638
77,G100-e003Coalescence-mGAM-p7_S175,1,673821,G2-e003Coalescence-mBHI-p3_S33,101638
78,G3-e003Coalescence-mBHI-p7_S122,11,531581,G2-e003Coalescence-mBHI-p3_S33,101638
79,G4-e003Coalescence-mGAM-p5_S75,0,1533148,G2-e003Coalescence-mBHI-p3_S33,101638
80,G8-e003Coalescence-mBHI-p3_S129,2,840340,G2-e003Coalescence-mBHI-p3_S33,101638
81,G2-e003Coalescence-mGAM-p5_S73,1,1525280,G2-e003Coalescence-mBHI-p3_S33,101638
82,E100-e003Coalescence-mGAM-p5_S55,2,1291155,G2-e003Coalescence-mBHI-p3_S33,101638
83,G4-e003Coalescence-mGAM-p3_S83,0,1536688,G2-e003Coalescence-mBHI-p3_S33,101638
84,F4-e003Coalescence-mBHI-p7_S111,16,477586,G2-e003Coalescence-mBHI-p3_S33,101638
85,G4-e003Coalescence-mGAM-p7_S171,0,1471075,G2-e003Coalescence-mBHI-p3_S33,101638
86,F100-e003Coalescence-mBHI-p7_S115,20,1350695,G2-e003Coalescence-mBHI-p3_S33,101638
87,E3-e003Coalescence-mGAM-p7_S146,2,1297929,G2-e003Coalescence-mBHI-p3_S33,101638
88,E3-e003Coalescence-mBHI-p5_S2,0,758841,G2-e003Coalescence-mBHI-p3_S33,101638
89,G2-e003Coalescence-mBHI-p7_S121,0,1251923,G2-e003Coalescence-mBHI-p3_S33,101638
90,F2-e003Coalescence-mBHI-p5_S13,1,1483168,G2-e003Coalescence-mBHI-p3_S33,101638
91,F2-e003Coalescence-mGAM-p3_S69,1,1044013,G2-e003Coalescence-mBHI-p3_S33,101638
92,G100-e003Coalescence-mGAM-p5_S79,7,1518875,G2-e003Coalescence-mBHI-p3_S33,101638
93,E4-e003Coalescence-mGAM-p7_S147,0,1030477,G2-e003Coalescence-mBHI-p3_S33,101638
94,E4-e003Coalescence-mGAM-p3_S59,0,1512400,G2-e003Coalescence-mBHI-p3_S33,101638
95,H100-e003Coalescence-mBHI-p7_S139,25,1461470,G2-e003Coalescence-mBHI-p3_S33,101638
96,G8-e003Coalescence-mBHI-p5_S29,6,757680,G2-e003Coalescence-mBHI-p3_S33,101638
97,G2-e003Coalescence-mBHI-p5_S25,0,1534425,G2-e003Coalescence-mBHI-p3_S33,101638
98,G8-e003Coalescence-mGAM-p7_S173,14,1390044,G2-e003Coalescence-mBHI-p3_S33,101638
99,E4-e003Coalescence-mBHI-p3_S11,1,1489708,G2-e003Coalescence-mBHI-p3_S33,101638
100,G9-e003Coalescence-mBHI-p5_S30,16,972978,G2-e003Coalescence-mBHI-p3_S33,101638
101,E100-e003Coalescence-mGAM-p7_S151,1,1431882,G2-e003Coalescence-mBHI-p3_S33,101638
102,G9-e003Coalescence-mGAM-p3_S178,20,1118807,G2-e003Coalescence-mBHI-p3_S33,101638
103,G2-e003Coalescence-mGAM-p3_S81,1,1516772,G2-e003Coalescence-mBHI-p3_S33,101638
104,G100-e003Coalescence-mBHI-p7_S127,1,560797,G2-e003Coalescence-mBHI-p3_S33,101638
0,C9-e003Coalescence-mGAM-p3,0,712205,G100-e003Coalescence-mGAM-p3_S179,101638
1,C11-e003Coalescence-mBHI-p3,0,455308,G100-e003Coalescence-mGAM-p3_S179,101638
2,C9-e003Coalescence-mGAM-p7,2,500113,G100-e003Coalescence-mGAM-p3_S179,101638
3,C8-e003Coalescence-mGAM-p7,8,1423925,G100-e003Coalescence-mGAM-p3_S179,101638
4,D10-e003Coalescence-mBHI-p3,3,592022,G100-e003Coalescence-mGAM-p3_S179,101638
5,B2-e003Coalescence-mBHI-p3,9,640269,G100-e003Coalescence-mGAM-p3_S179,101638
6,A4-e003Coalescence-mBHI-p7,5,1046978,G100-e003Coalescence-mGAM-p3_S179,101638
7,B3-e003Coalescence-mBHI-p3,20,851498,G100-e003Coalescence-mGAM-p3_S179,101638
8,C2-e003Coalescence-mBHI-p5,8,1531728,G100-e003Coalescence-mGAM-p3_S179,101638
9,C4-e003GlycerolRevival-mBHI-p2,0,655282,G100-e003Coalescence-mGAM-p3_S179,101638
10,B2-e003Coalescence-mBHI-p5,6,1376755,G100-e003Coalescence-mGAM-p3_S179,101638
11,C4-e003Coalescence-mGAM-p7,8,1491174,G100-e003Coalescence-mGAM-p3_S179,101638
12,B10-e003Assembly-mGAM-p5,2,708824,G100-e003Coalescence-mGAM-p3_S179,101638
13,C2-e003Coalescence-mGAM-p7,8,1544636,G100-e003Coalescence-mGAM-p3_S179,101638
14,C9-e003Coalescence-mBHI-p5,3,843947,G100-e003Coalescence-mGAM-p3_S179,101638
15,C2-e003Coalescence-mBHI-p3,8,1550808,G100-e003Coalescence-mGAM-p3_S179,101638
16,C9-e003Coalescence-mBHI-p3,7,1477971,G100-e003Coalescence-mGAM-p3_S179,101638
17,D10-e003Coalescence-mGAM-p5,2,895834,G100-e003Coalescence-mGAM-p3_S179,101638
18,C2-e003Coalescence-mGAM-p3,8,1349817,G100-e003Coalescence-mGAM-p3_S179,101638
19,B10-e003Coalescence-mBHI-p5,9,751178,G100-e003Coalescence-mGAM-p3_S179,101638
20,C4-e003Coalescence-mGAM-p5,8,1406224,G100-e003Coalescence-mGAM-p3_S179,101638
21,D5-e003Coalescence-mBHI-p5,7,1486364,G100-e003Coalescence-mGAM-p3_S179,101638
22,D3-e003Assembly-mBHI-p3,8,768389,G100-e003Coalescence-mGAM-p3_S179,101638
23,C4-e003Coalescence-mGAM-p3,8,1546978,G100-e003Coalescence-mGAM-p3_S179,101638
24,D3-e003Assembly-mBHI-p5,11,1546651,G100-e003Coalescence-mGAM-p3_S179,101638
25,A10-e003Coalescence-mGAM-p3,8,1530862,G100-e003Coalescence-mGAM-p3_S179,101638
26,B2-e003Coalescence-mGAM-p3,5,442858,G100-e003Coalescence-mGAM-p3_S179,101638
27,D3-e003Coalescence-mGAM-p5,6,515212,G100-e003Coalescence-mGAM-p3_S179,101638
28,C10-e003Coalescence-mGAM-p3,8,1520946,G100-e003Coalescence-mGAM-p3_S179,101638
29,C3-e003Coalescence-Inoculumn-mGAM,0,473234,G100-e003Coalescence-mGAM-p3_S179,101638
30,D4-e003Coalescence-Inoculumn-mBHI,9,618720,G100-e003Coalescence-mGAM-p3_S179,101638
31,A4-e003Coalescence-mBHI-p5,3,958917,G100-e003Coalescence-mGAM-p3_S179,101638
32,D10-e003Coalescence-mGAM-p7,7,938266,G100-e003Coalescence-mGAM-p3_S179,101638
33,C11-e003Coalescence-mGAM-p3,5,727674,G100-e003Coalescence-mGAM-p3_S179,101638
34,C10-e003Coalescence-mBHI-p7,19,636171,G100-e003Coalescence-mGAM-p3_S179,101638
35,B10-e003Coalescence-mBHI-p3,4,1064478,G100-e003Coalescence-mGAM-p3_S179,101638
36,C11-e003Coalescence-mBHI-p5,8,1515011,G100-e003Coalescence-mGAM-p3_S179,101638
37,C2-e003Coalescence-Inoculumn-mGAM,0,514343,G100-e003Coalescence-mGAM-p3_S179,101638
38,B4-e003Coalescence-Inoculumn-mGAM,7,1527645,G100-e003Coalescence-mGAM-p3_S179,101638
39,A10-e003Coalescence-mGAM-p7,6,1119734,G100-e003Coalescence-mGAM-p3_S179,101638
40,C4-e003Coalescence-Inoculumn-mGAM,5,1354072,G100-e003Coalescence-mGAM-p3_S179,101638
41,B10-e003Assembly-mGAM-p3,2,526228,G100-e003Coalescence-mGAM-p3_S179,101638
42,D10-e003Coalescence-mBHI-p7,5,560357,G100-e003Coalescence-mGAM-p3_S179,101638
43,B10-e003GlycerolRevival-mGAM-p2,5,912883,G100-e003Coalescence-mGAM-p3_S179,101638
44,C10-e003Coalescence-mGAM-p5,7,1544682,G100-e003Coalescence-mGAM-p3_S179,101638
45,A3-e003Coalescence-mBHI-p3,7,444927,G100-e003Coalescence-mGAM-p3_S179,101638
46,A4-e003Coalescence-mBHI-p3,5,1204293,G100-e003Coalescence-mGAM-p3_S179,101638
47,C9-e003Coalescence-mGAM-p5,4,810866,G100-e003Coalescence-mGAM-p3_S179,101638
48,C2-e003Coalescence-mGAM-p5,8,1502257,G100-e003Coalescence-mGAM-p3_S179,101638
49,C8-e003Coalescence-mBHI-p5,15,1338159,G100-e003Coalescence-mGAM-p3_S179,101638
50,B4-e003Coalescence-Inoculumn-mBHI,3,563867,G100-e003Coalescence-mGAM-p3_S179,101638
51,C5-e003Coalescence-Inoculumn-mGAM,7,1530071,G100-e003Coalescence-mGAM-p3_S179,101638
52,C4-e003Coalescence-mBHI-p5,12,881699,G100-e003Coalescence-mGAM-p3_S179,101638
53,A4-e003Coalescence-Inoculumn-mGAM,8,1506279,G100-e003Coalescence-mGAM-p3_S179,101638
54,C2-e003Coalescence-mBHI-p7,3,569461,G100-e003Coalescence-mGAM-p3_S179,101638
55,C10-e003Coalescence-mGAM-p7,7,1547140,G100-e003Coalescence-mGAM-p3_S179,101638
56,C10-e003Coalescence-mBHI-p3,7,1524472,G100-e003Coalescence-mGAM-p3_S179,101638
57,H4-e003Coalescence-mGAM-p7_S183,2,991821,G100-e003Coalescence-mGAM-p3_S179,101638
58,F5-e003Coalescence-mGAM-p5_S64,3,468781,G100-e003Coalescence-mGAM-p3_S179,101638
59,F100-e003Coalescence-mGAM-p7_S163,6,1155108,G100-e003Coalescence-mGAM-p3_S179,101638
60,E3-e003Coalescence-mGAM-p3_S58,4,516408,G100-e003Coalescence-mGAM-p3_S179,101638
61,G4-e003Coalescence-mBHI-p5_S27,10,878137,G100-e003Coalescence-mGAM-p3_S179,101638
62,G2-e003Coalescence-mBHI-p3_S33,6,1521290,G100-e003Coalescence-mGAM-p3_S179,101638
63,G100-e003Coalescence-mGAM-p3_S179,0,1153539,G100-e003Coalescence-mGAM-p3_S179,101638
64,G111-e003Coalescence-mBHI-p5_S32,6,1154220,G100-e003Coalescence-mGAM-p3_S179,101638
65,E3-e003Coalescence-mBHI-p3_S10,1,711439,G100-e003Coalescence-mGAM-p3_S179,101638
66,F2-e003Coalescence-mGAM-p7_S157,2,556375,G100-e003Coalescence-mGAM-p3_S179,101638
67,E100-e003Coalescence-mGAM-p3_S155,4,1461251,G100-e003Coalescence-mGAM-p3_S179,101638
68,E3-e003Coalescence-mGAM-p5_S50,5,1371172,G100-e003Coalescence-mGAM-p3_S179,101638
69,H100-e003Coalescence-mBHI-p5_S43,5,925751,G100-e003Coalescence-mGAM-p3_S179,101638
70,F2-e003Coalescence-mGAM-p5_S61,8,1281223,G100-e003Coalescence-mGAM-p3_S179,101638
71,G100-e003Coalescence-mBHI-p5_S31,4,829979,G100-e003Coalescence-mGAM-p3_S179,101638
72,G4-e003Coalescence-mBHI-p3_S35,2,474244,G100-e003Coalescence-mGAM-p3_S179,101638
73,E4-e003Coalescence-mBHI-p5_S3,4,1426946,G100-e003Coalescence-mGAM-p3_S179,101638
74,E4-e003Coalescence-mGAM-p5_S51,2,579225,G100-e003Coalescence-mGAM-p3_S179,101638
75,G9-e003Coalescence-mGAM-p7_S174,1,622414,G100-e003Coalescence-mGAM-p3_S179,101638
76,E8-e003Coalescence-mGAM-p3_S153,6,1489557,G100-e003Coalescence-mGAM-p3_S179,101638
77,G100-e003Coalescence-mGAM-p7_S175,1,673821,G100-e003Coalescence-mGAM-p3_S179,101638
78,G3-e003Coalescence-mBHI-p7_S122,1,531581,G100-e003Coalescence-mGAM-p3_S179,101638
79,G4-e003Coalescence-mGAM-p5_S75,6,1533148,G100-e003Coalescence-mGAM-p3_S179,101638
80,G8-e003Coalescence-mBHI-p3_S129,0,840340,G100-e003Coalescence-mGAM-p3_S179,101638
81,G2-e003Coalescence-mGAM-p5_S73,6,1525280,G100-e003Coalescence-mGAM-p3_S179,101638
82,E100-e003Coalescence-mGAM-p5_S55,5,1291155,G100-e003Coalescence-mGAM-p3_S179,101638
83,G4-e003Coalescence-mGAM-p3_S83,6,1536688,G100-e003Coalescence-mGAM-p3_S179,101638
84,F4-e003Coalescence-mBHI-p7_S111,6,477586,G100-e003Coalescence-mGAM-p3_S179,101638
85,G4-e003Coalescence-mGAM-p7_S171,6,1471075,G100-e003Coalescence-mGAM-p3_S179,101638
86,F100-e003Coalescence-mBHI-p7_S115,2,1350695,G100-e003Coalescence-mGAM-p3_S179,101638
87,E3-e003Coalescence-mGAM-p7_S146,5,1297929,G100-e003Coalescence-mGAM-p3_S179,101638
88,E3-e003Coalescence-mBHI-p5_S2,0,758841,G100-e003Coalescence-mGAM-p3_S179,101638
89,G2-e003Coalescence-mBHI-p7_S121,2,1251923,G100-e003Coalescence-mGAM-p3_S179,101638
90,F2-e003Coalescence-mBHI-p5_S13,7,1483168,G100-e003Coalescence-mGAM-p3_S179,101638
91,F2-e003Coalescence-mGAM-p3_S69,3,1044013,G100-e003Coalescence-mGAM-p3_S179,101638
92,G100-e003Coalescence-mGAM-p5_S79,4,1518875,G100-e003Coalescence-mGAM-p3_S179,101638
93,E4-e003Coalescence-mGAM-p7_S147,5,1030477,G100-e003Coalescence-mGAM-p3_S179,101638
94,E4-e003Coalescence-mGAM-p3_S59,6,1512400,G100-e003Coalescence-mGAM-p3_S179,101638
95,H100-e003Coalescence-mBHI-p7_S139,6,1461470,G100-e003Coalescence-mGAM-p3_S179,101638
96,G8-e003Coalescence-mBHI-p5_S29,7,757680,G100-e003Coalescence-mGAM-p3_S179,101638
97,G2-e003Coalescence-mBHI-p5_S25,6,1534425,G100-e003Coalescence-mGAM-p3_S179,101638
98,G8-e003Coalescence-mGAM-p7_S173,6,1390044,G100-e003Coalescence-mGAM-p3_S179,101638
99,E4-e003Coalescence-mBHI-p3_S11,6,1489708,G100-e003Coalescence-mGAM-p3_S179,101638
100,G9-e003Coalescence-mBHI-p5_S30,4,972978,G100-e003Coalescence-mGAM-p3_S179,101638
101,E100-e003Coalescence-mGAM-p7_S151,6,1431882,G100-e003Coalescence-mGAM-p3_S179,101638
102,G9-e003Coalescence-mGAM-p3_S178,2,1118807,G100-e003Coalescence-mGAM-p3_S179,101638
103,G2-e003Coalescence-mGAM-p3_S81,6,1516772,G100-e003Coalescence-mGAM-p3_S179,101638
104,G100-e003Coalescence-mBHI-p7_S127,1,560797,G100-e003Coalescence-mGAM-p3_S179,101638
0,C9-e003Coalescence-mGAM-p3,6,712205,G111-e003Coalescence-mBHI-p5_S32,101638
1,C11-e003Coalescence-mBHI-p3,1,455308,G111-e003Coalescence-mBHI-p5_S32,101638
2,C9-e003Coalescence-mGAM-p7,7,500113,G111-e003Coalescence-mBHI-p5_S32,101638
3,C8-e003Coalescence-mGAM-p7,33,1423925,G111-e003Coalescence-mBHI-p5_S32,101638
4,D10-e003Coalescence-mBHI-p3,9,592022,G111-e003Coalescence-mBHI-p5_S32,101638
5,B2-e003Coalescence-mBHI-p3,14,640269,G111-e003Coalescence-mBHI-p5_S32,101638
6,A4-e003Coalescence-mBHI-p7,36,1046978,G111-e003Coalescence-mBHI-p5_S32,101638
7,B3-e003Coalescence-mBHI-p3,27,851498,G111-e003Coalescence-mBHI-p5_S32,101638
8,C2-e003Coalescence-mBHI-p5,37,1531728,G111-e003Coalescence-mBHI-p5_S32,101638
9,C4-e003GlycerolRevival-mBHI-p2,5,655282,G111-e003Coalescence-mBHI-p5_S32,101638
10,B2-e003Coalescence-mBHI-p5,44,1376755,G111-e003Coalescence-mBHI-p5_S32,101638
11,C4-e003Coalescence-mGAM-p7,7,1491174,G111-e003Coalescence-mBHI-p5_S32,101638
12,B10-e003Assembly-mGAM-p5,1,708824,G111-e003Coalescence-mBHI-p5_S32,101638
13,C2-e003Coalescence-mGAM-p7,25,1544636,G111-e003Coalescence-mBHI-p5_S32,101638
14,C9-e003Coalescence-mBHI-p5,7,843947,G111-e003Coalescence-mBHI-p5_S32,101638
15,C2-e003Coalescence-mBHI-p3,41,1550808,G111-e003Coalescence-mBHI-p5_S32,101638
16,C9-e003Coalescence-mBHI-p3,23,1477971,G111-e003Coalescence-mBHI-p5_S32,101638
17,D10-e003Coalescence-mGAM-p5,2,895834,G111-e003Coalescence-mBHI-p5_S32,101638
18,C2-e003Coalescence-mGAM-p3,33,1349817,G111-e003Coalescence-mBHI-p5_S32,101638
19,B10-e003Coalescence-mBHI-p5,7,751178,G111-e003Coalescence-mBHI-p5_S32,101638
20,C4-e003Coalescence-mGAM-p5,10,1406224,G111-e003Coalescence-mBHI-p5_S32,101638
21,D5-e003Coalescence-mBHI-p5,42,1486364,G111-e003Coalescence-mBHI-p5_S32,101638
22,D3-e003Assembly-mBHI-p3,11,768389,G111-e003Coalescence-mBHI-p5_S32,101638
23,C4-e003Coalescence-mGAM-p3,7,1546978,G111-e003Coalescence-mBHI-p5_S32,101638
24,D3-e003Assembly-mBHI-p5,17,1546651,G111-e003Coalescence-mBHI-p5_S32,101638
25,A10-e003Coalescence-mGAM-p3,41,1530862,G111-e003Coalescence-mBHI-p5_S32,101638
26,B2-e003Coalescence-mGAM-p3,24,442858,G111-e003Coalescence-mBHI-p5_S32,101638
27,D3-e003Coalescence-mGAM-p5,5,515212,G111-e003Coalescence-mBHI-p5_S32,101638
28,C10-e003Coalescence-mGAM-p3,11,1520946,G111-e003Coalescence-mBHI-p5_S32,101638
29,C3-e003Coalescence-Inoculumn-mGAM,7,473234,G111-e003Coalescence-mBHI-p5_S32,101638
30,D4-e003Coalescence-Inoculumn-mBHI,4,618720,G111-e003Coalescence-mBHI-p5_S32,101638
31,A4-e003Coalescence-mBHI-p5,32,958917,G111-e003Coalescence-mBHI-p5_S32,101638
32,D10-e003Coalescence-mGAM-p7,13,938266,G111-e003Coalescence-mBHI-p5_S32,101638
33,C11-e003Coalescence-mGAM-p3,4,727674,G111-e003Coalescence-mBHI-p5_S32,101638
34,C10-e003Coalescence-mBHI-p7,31,636171,G111-e003Coalescence-mBHI-p5_S32,101638
35,B10-e003Coalescence-mBHI-p3,8,1064478,G111-e003Coalescence-mBHI-p5_S32,101638
36,C11-e003Coalescence-mBHI-p5,13,1515011,G111-e003Coalescence-mBHI-p5_S32,101638
37,C2-e003Coalescence-Inoculumn-mGAM,5,514343,G111-e003Coalescence-mBHI-p5_S32,101638
38,B4-e003Coalescence-Inoculumn-mGAM,19,1527645,G111-e003Coalescence-mBHI-p5_S32,101638
39,A10-e003Coalescence-mGAM-p7,13,1119734,G111-e003Coalescence-mBHI-p5_S32,101638
40,C4-e003Coalescence-Inoculumn-mGAM,15,1354072,G111-e003Coalescence-mBHI-p5_S32,101638
41,B10-e003Assembly-mGAM-p3,8,526228,G111-e003Coalescence-mBHI-p5_S32,101638
42,D10-e003Coalescence-mBHI-p7,5,560357,G111-e003Coalescence-mBHI-p5_S32,101638
43,B10-e003GlycerolRevival-mGAM-p2,4,912883,G111-e003Coalescence-mBHI-p5_S32,101638
44,C10-e003Coalescence-mGAM-p5,15,1544682,G111-e003Coalescence-mBHI-p5_S32,101638
45,A3-e003Coalescence-mBHI-p3,11,444927,G111-e003Coalescence-mBHI-p5_S32,101638
46,A4-e003Coalescence-mBHI-p3,35,1204293,G111-e003Coalescence-mBHI-p5_S32,101638
47,C9-e003Coalescence-mGAM-p5,13,810866,G111-e003Coalescence-mBHI-p5_S32,101638
48,C2-e003Coalescence-mGAM-p5,38,1502257,G111-e003Coalescence-mBHI-p5_S32,101638
49,C8-e003Coalescence-mBHI-p5,37,1338159,G111-e003Coalescence-mBHI-p5_S32,101638
50,B4-e003Coalescence-Inoculumn-mBHI,6,563867,G111-e003Coalescence-mBHI-p5_S32,101638
51,C5-e003Coalescence-Inoculumn-mGAM,6,1530071,G111-e003Coalescence-mBHI-p5_S32,101638
52,C4-e003Coalescence-mBHI-p5,22,881699,G111-e003Coalescence-mBHI-p5_S32,101638
53,A4-e003Coalescence-Inoculumn-mGAM,32,1506279,G111-e003Coalescence-mBHI-p5_S32,101638
54,C2-e003Coalescence-mBHI-p7,2,569461,G111-e003Coalescence-mBHI-p5_S32,101638
55,C10-e003Coalescence-mGAM-p7,10,1547140,G111-e003Coalescence-mBHI-p5_S32,101638
56,C10-e003Coalescence-mBHI-p3,32,1524472,G111-e003Coalescence-mBHI-p5_S32,101638
57,H4-e003Coalescence-mGAM-p7_S183,11,991821,G111-e003Coalescence-mBHI-p5_S32,101638
58,F5-e003Coalescence-mGAM-p5_S64,0,468781,G111-e003Coalescence-mBHI-p5_S32,101638
59,F100-e003Coalescence-mGAM-p7_S163,2,1155108,G111-e003Coalescence-mBHI-p5_S32,101638
60,E3-e003Coalescence-mGAM-p3_S58,19,516408,G111-e003Coalescence-mBHI-p5_S32,101638
61,G4-e003Coalescence-mBHI-p5_S27,7,878137,G111-e003Coalescence-mBHI-p5_S32,101638
62,G2-e003Coalescence-mBHI-p3_S33,21,1521290,G111-e003Coalescence-mBHI-p5_S32,101638
63,G100-e003Coalescence-mGAM-p3_S179,1,1153539,G111-e003Coalescence-mBHI-p5_S32,101638
64,G111-e003Coalescence-mBHI-p5_S32,0,1154220,G111-e003Coalescence-mBHI-p5_S32,101638
65,E3-e003Coalescence-mBHI-p3_S10,21,711439,G111-e003Coalescence-mBHI-p5_S32,101638
66,F2-e003Coalescence-mGAM-p7_S157,1,556375,G111-e003Coalescence-mBHI-p5_S32,101638
67,E100-e003Coalescence-mGAM-p3_S155,34,1461251,G111-e003Coalescence-mBHI-p5_S32,101638
68,E3-e003Coalescence-mGAM-p5_S50,15,1371172,G111-e003Coalescence-mBHI-p5_S32,101638
69,H100-e003Coalescence-mBHI-p5_S43,5,925751,G111-e003Coalescence-mBHI-p5_S32,101638
70,F2-e003Coalescence-mGAM-p5_S61,1,1281223,G111-e003Coalescence-mBHI-p5_S32,101638
71,G100-e003Coalescence-mBHI-p5_S31,6,829979,G111-e003Coalescence-mBHI-p5_S32,101638
72,G4-e003Coalescence-mBHI-p3_S35,6,474244,G111-e003Coalescence-mBHI-p5_S32,101638
73,E4-e003Coalescence-mBHI-p5_S3,30,1426946,G111-e003Coalescence-mBHI-p5_S32,101638
74,E4-e003Coalescence-mGAM-p5_S51,22,579225,G111-e003Coalescence-mBHI-p5_S32,101638
75,G9-e003Coalescence-mGAM-p7_S174,3,622414,G111-e003Coalescence-mBHI-p5_S32,101638
76,E8-e003Coalescence-mGAM-p3_S153,7,1489557,G111-e003Coalescence-mBHI-p5_S32,101638
77,G100-e003Coalescence-mGAM-p7_S175,0,673821,G111-e003Coalescence-mBHI-p5_S32,101638
78,G3-e003Coalescence-mBHI-p7_S122,3,531581,G111-e003Coalescence-mBHI-p5_S32,101638
79,G4-e003Coalescence-mGAM-p5_S75,0,1533148,G111-e003Coalescence-mBHI-p5_S32,101638
80,G8-e003Coalescence-mBHI-p3_S129,18,840340,G111-e003Coalescence-mBHI-p5_S32,101638
81,G2-e003Coalescence-mGAM-p5_S73,24,1525280,G111-e003Coalescence-mBHI-p5_S32,101638
82,E100-e003Coalescence-mGAM-p5_S55,27,1291155,G111-e003Coalescence-mBHI-p5_S32,101638
83,G4-e003Coalescence-mGAM-p3_S83,0,1536688,G111-e003Coalescence-mBHI-p5_S32,101638
84,F4-e003Coalescence-mBHI-p7_S111,5,477586,G111-e003Coalescence-mBHI-p5_S32,101638
85,G4-e003Coalescence-mGAM-p7_S171,2,1471075,G111-e003Coalescence-mBHI-p5_S32,101638
86,F100-e003Coalescence-mBHI-p7_S115,5,1350695,G111-e003Coalescence-mBHI-p5_S32,101638
87,E3-e003Coalescence-mGAM-p7_S146,12,1297929,G111-e003Coalescence-mBHI-p5_S32,101638
88,E3-e003Coalescence-mBHI-p5_S2,18,758841,G111-e003Coalescence-mBHI-p5_S32,101638
89,G2-e003Coalescence-mBHI-p7_S121,12,1251923,G111-e003Coalescence-mBHI-p5_S32,101638
90,F2-e003Coalescence-mBHI-p5_S13,20,1483168,G111-e003Coalescence-mBHI-p5_S32,101638
91,F2-e003Coalescence-mGAM-p3_S69,0,1044013,G111-e003Coalescence-mBHI-p5_S32,101638
92,G100-e003Coalescence-mGAM-p5_S79,5,1518875,G111-e003Coalescence-mBHI-p5_S32,101638
93,E4-e003Coalescence-mGAM-p7_S147,8,1030477,G111-e003Coalescence-mBHI-p5_S32,101638
94,E4-e003Coalescence-mGAM-p3_S59,21,1512400,G111-e003Coalescence-mBHI-p5_S32,101638
95,H100-e003Coalescence-mBHI-p7_S139,5,1461470,G111-e003Coalescence-mBHI-p5_S32,101638
96,G8-e003Coalescence-mBHI-p5_S29,17,757680,G111-e003Coalescence-mBHI-p5_S32,101638
97,G2-e003Coalescence-mBHI-p5_S25,3,1534425,G111-e003Coalescence-mBHI-p5_S32,101638
98,G8-e003Coalescence-mGAM-p7_S173,29,1390044,G111-e003Coalescence-mBHI-p5_S32,101638
99,E4-e003Coalescence-mBHI-p3_S11,27,1489708,G111-e003Coalescence-mBHI-p5_S32,101638
100,G9-e003Coalescence-mBHI-p5_S30,3,972978,G111-e003Coalescence-mBHI-p5_S32,101638
101,E100-e003Coalescence-mGAM-p7_S151,32,1431882,G111-e003Coalescence-mBHI-p5_S32,101638
102,G9-e003Coalescence-mGAM-p3_S178,7,1118807,G111-e003Coalescence-mBHI-p5_S32,101638
103,G2-e003Coalescence-mGAM-p3_S81,24,1516772,G111-e003Coalescence-mBHI-p5_S32,101638
104,G100-e003Coalescence-mBHI-p7_S127,4,560797,G111-e003Coalescence-mBHI-p5_S32,101638
0,C9-e003Coalescence-mGAM-p3,16,712205,E3-e003Coalescence-mBHI-p3_S10,101638
1,C11-e003Coalescence-mBHI-p3,3,455308,E3-e003Coalescence-mBHI-p3_S10,101638
2,C9-e003Coalescence-mGAM-p7,13,500113,E3-e003Coalescence-mBHI-p3_S10,101638
3,C8-e003Coalescence-mGAM-p7,6,1423925,E3-e003Coalescence-mBHI-p3_S10,101638
4,D10-e003Coalescence-mBHI-p3,25,592022,E3-e003Coalescence-mBHI-p3_S10,101638
5,B2-e003Coalescence-mBHI-p3,3,640269,E3-e003Coalescence-mBHI-p3_S10,101638
6,A4-e003Coalescence-mBHI-p7,4,1046978,E3-e003Coalescence-mBHI-p3_S10,101638
7,B3-e003Coalescence-mBHI-p3,28,851498,E3-e003Coalescence-mBHI-p3_S10,101638
8,C2-e003Coalescence-mBHI-p5,6,1531728,E3-e003Coalescence-mBHI-p3_S10,101638
9,C4-e003GlycerolRevival-mBHI-p2,15,655282,E3-e003Coalescence-mBHI-p3_S10,101638
10,B2-e003Coalescence-mBHI-p5,5,1376755,E3-e003Coalescence-mBHI-p3_S10,101638
11,C4-e003Coalescence-mGAM-p7,6,1491174,E3-e003Coalescence-mBHI-p3_S10,101638
12,B10-e003Assembly-mGAM-p5,1,708824,E3-e003Coalescence-mBHI-p3_S10,101638
13,C2-e003Coalescence-mGAM-p7,6,1544636,E3-e003Coalescence-mBHI-p3_S10,101638
14,C9-e003Coalescence-mBHI-p5,19,843947,E3-e003Coalescence-mBHI-p3_S10,101638
15,C2-e003Coalescence-mBHI-p3,6,1550808,E3-e003Coalescence-mBHI-p3_S10,101638
16,C9-e003Coalescence-mBHI-p3,28,1477971,E3-e003Coalescence-mBHI-p3_S10,101638
17,D10-e003Coalescence-mGAM-p5,19,895834,E3-e003Coalescence-mBHI-p3_S10,101638
18,C2-e003Coalescence-mGAM-p3,6,1349817,E3-e003Coalescence-mBHI-p3_S10,101638
19,B10-e003Coalescence-mBHI-p5,8,751178,E3-e003Coalescence-mBHI-p3_S10,101638
20,C4-e003Coalescence-mGAM-p5,7,1406224,E3-e003Coalescence-mBHI-p3_S10,101638
21,D5-e003Coalescence-mBHI-p5,5,1486364,E3-e003Coalescence-mBHI-p3_S10,101638
22,D3-e003Assembly-mBHI-p3,14,768389,E3-e003Coalescence-mBHI-p3_S10,101638
23,C4-e003Coalescence-mGAM-p3,6,1546978,E3-e003Coalescence-mBHI-p3_S10,101638
24,D3-e003Assembly-mBHI-p5,16,1546651,E3-e003Coalescence-mBHI-p3_S10,101638
25,A10-e003Coalescence-mGAM-p3,6,1530862,E3-e003Coalescence-mBHI-p3_S10,101638
26,B2-e003Coalescence-mGAM-p3,5,442858,E3-e003Coalescence-mBHI-p3_S10,101638
27,D3-e003Coalescence-mGAM-p5,7,515212,E3-e003Coalescence-mBHI-p3_S10,101638
28,C10-e003Coalescence-mGAM-p3,6,1520946,E3-e003Coalescence-mBHI-p3_S10,101638
29,C3-e003Coalescence-Inoculumn-mGAM,3,473234,E3-e003Coalescence-mBHI-p3_S10,101638
30,D4-e003Coalescence-Inoculumn-mBHI,4,618720,E3-e003Coalescence-mBHI-p3_S10,101638
31,A4-e003Coalescence-mBHI-p5,1,958917,E3-e003Coalescence-mBHI-p3_S10,101638
32,D10-e003Coalescence-mGAM-p7,10,938266,E3-e003Coalescence-mBHI-p3_S10,101638
33,C11-e003Coalescence-mGAM-p3,21,727674,E3-e003Coalescence-mBHI-p3_S10,101638
34,C10-e003Coalescence-mBHI-p7,23,636171,E3-e003Coalescence-mBHI-p3_S10,101638
35,B10-e003Coalescence-mBHI-p3,12,1064478,E3-e003Coalescence-mBHI-p3_S10,101638
36,C11-e003Coalescence-mBHI-p5,10,1515011,E3-e003Coalescence-mBHI-p3_S10,101638
37,C2-e003Coalescence-Inoculumn-mGAM,0,514343,E3-e003Coalescence-mBHI-p3_S10,101638
38,B4-e003Coalescence-Inoculumn-mGAM,25,1527645,E3-e003Coalescence-mBHI-p3_S10,101638
39,A10-e003Coalescence-mGAM-p7,4,1119734,E3-e003Coalescence-mBHI-p3_S10,101638
40,C4-e003Coalescence-Inoculumn-mGAM,6,1354072,E3-e003Coalescence-mBHI-p3_S10,101638
41,B10-e003Assembly-mGAM-p3,5,526228,E3-e003Coalescence-mBHI-p3_S10,101638
42,D10-e003Coalescence-mBHI-p7,5,560357,E3-e003Coalescence-mBHI-p3_S10,101638
43,B10-e003GlycerolRevival-mGAM-p2,3,912883,E3-e003Coalescence-mBHI-p3_S10,101638
44,C10-e003Coalescence-mGAM-p5,7,1544682,E3-e003Coalescence-mBHI-p3_S10,101638
45,A3-e003Coalescence-mBHI-p3,0,444927,E3-e003Coalescence-mBHI-p3_S10,101638
46,A4-e003Coalescence-mBHI-p3,1,1204293,E3-e003Coalescence-mBHI-p3_S10,101638
47,C9-e003Coalescence-mGAM-p5,24,810866,E3-e003Coalescence-mBHI-p3_S10,101638
48,C2-e003Coalescence-mGAM-p5,6,1502257,E3-e003Coalescence-mBHI-p3_S10,101638
49,C8-e003Coalescence-mBHI-p5,13,1338159,E3-e003Coalescence-mBHI-p3_S10,101638
50,B4-e003Coalescence-Inoculumn-mBHI,1,563867,E3-e003Coalescence-mBHI-p3_S10,101638
51,C5-e003Coalescence-Inoculumn-mGAM,7,1530071,E3-e003Coalescence-mBHI-p3_S10,101638
52,C4-e003Coalescence-mBHI-p5,14,881699,E3-e003Coalescence-mBHI-p3_S10,101638
53,A4-e003Coalescence-Inoculumn-mGAM,6,1506279,E3-e003Coalescence-mBHI-p3_S10,101638
54,C2-e003Coalescence-mBHI-p7,2,569461,E3-e003Coalescence-mBHI-p3_S10,101638
55,C10-e003Coalescence-mGAM-p7,5,1547140,E3-e003Coalescence-mBHI-p3_S10,101638
56,C10-e003Coalescence-mBHI-p3,11,1524472,E3-e003Coalescence-mBHI-p3_S10,101638
57,H4-e003Coalescence-mGAM-p7_S183,3,991821,E3-e003Coalescence-mBHI-p3_S10,101638
58,F5-e003Coalescence-mGAM-p5_S64,2,468781,E3-e003Coalescence-mBHI-p3_S10,101638
59,F100-e003Coalescence-mGAM-p7_S163,11,1155108,E3-e003Coalescence-mBHI-p3_S10,101638
60,E3-e003Coalescence-mGAM-p3_S58,1,516408,E3-e003Coalescence-mBHI-p3_S10,101638
61,G4-e003Coalescence-mBHI-p5_S27,5,878137,E3-e003Coalescence-mBHI-p3_S10,101638
62,G2-e003Coalescence-mBHI-p3_S33,1,1521290,E3-e003Coalescence-mBHI-p3_S10,101638
63,G100-e003Coalescence-mGAM-p3_S179,0,1153539,E3-e003Coalescence-mBHI-p3_S10,101638
64,G111-e003Coalescence-mBHI-p5_S32,23,1154220,E3-e003Coalescence-mBHI-p3_S10,101638
65,E3-e003Coalescence-mBHI-p3_S10,0,711439,E3-e003Coalescence-mBHI-p3_S10,101638
66,F2-e003Coalescence-mGAM-p7_S157,0,556375,E3-e003Coalescence-mBHI-p3_S10,101638
67,E100-e003Coalescence-mGAM-p3_S155,2,1461251,E3-e003Coalescence-mBHI-p3_S10,101638
68,E3-e003Coalescence-mGAM-p5_S50,1,1371172,E3-e003Coalescence-mBHI-p3_S10,101638
69,H100-e003Coalescence-mBHI-p5_S43,16,925751,E3-e003Coalescence-mBHI-p3_S10,101638
70,F2-e003Coalescence-mGAM-p5_S61,1,1281223,E3-e003Coalescence-mBHI-p3_S10,101638
71,G100-e003Coalescence-mBHI-p5_S31,1,829979,E3-e003Coalescence-mBHI-p3_S10,101638
72,G4-e003Coalescence-mBHI-p3_S35,11,474244,E3-e003Coalescence-mBHI-p3_S10,101638
73,E4-e003Coalescence-mBHI-p5_S3,1,1426946,E3-e003Coalescence-mBHI-p3_S10,101638
74,E4-e003Coalescence-mGAM-p5_S51,1,579225,E3-e003Coalescence-mBHI-p3_S10,101638
75,G9-e003Coalescence-mGAM-p7_S174,17,622414,E3-e003Coalescence-mBHI-p3_S10,101638
76,E8-e003Coalescence-mGAM-p3_S153,2,1489557,E3-e003Coalescence-mBHI-p3_S10,101638
77,G100-e003Coalescence-mGAM-p7_S175,0,673821,E3-e003Coalescence-mBHI-p3_S10,101638
78,G3-e003Coalescence-mBHI-p7_S122,15,531581,E3-e003Coalescence-mBHI-p3_S10,101638
79,G4-e003Coalescence-mGAM-p5_S75,1,1533148,E3-e003Coalescence-mBHI-p3_S10,101638
80,G8-e003Coalescence-mBHI-p3_S129,0,840340,E3-e003Coalescence-mBHI-p3_S10,101638
81,G2-e003Coalescence-mGAM-p5_S73,1,1525280,E3-e003Coalescence-mBHI-p3_S10,101638
82,E100-e003Coalescence-mGAM-p5_S55,2,1291155,E3-e003Coalescence-mBHI-p3_S10,101638
83,G4-e003Coalescence-mGAM-p3_S83,1,1536688,E3-e003Coalescence-mBHI-p3_S10,101638
84,F4-e003Coalescence-mBHI-p7_S111,15,477586,E3-e003Coalescence-mBHI-p3_S10,101638
85,G4-e003Coalescence-mGAM-p7_S171,3,1471075,E3-e003Coalescence-mBHI-p3_S10,101638
86,F100-e003Coalescence-mBHI-p7_S115,21,1350695,E3-e003Coalescence-mBHI-p3_S10,101638
87,E3-e003Coalescence-mGAM-p7_S146,2,1297929,E3-e003Coalescence-mBHI-p3_S10,101638
88,E3-e003Coalescence-mBHI-p5_S2,0,758841,E3-e003Coalescence-mBHI-p3_S10,101638
89,G2-e003Coalescence-mBHI-p7_S121,1,1251923,E3-e003Coalescence-mBHI-p3_S10,101638
90,F2-e003Coalescence-mBHI-p5_S13,2,1483168,E3-e003Coalescence-mBHI-p3_S10,101638
91,F2-e003Coalescence-mGAM-p3_S69,0,1044013,E3-e003Coalescence-mBHI-p3_S10,101638
92,G100-e003Coalescence-mGAM-p5_S79,1,1518875,E3-e003Coalescence-mBHI-p3_S10,101638
93,E4-e003Coalescence-mGAM-p7_S147,0,1030477,E3-e003Coalescence-mBHI-p3_S10,101638
94,E4-e003Coalescence-mGAM-p3_S59,1,1512400,E3-e003Coalescence-mBHI-p3_S10,101638
95,H100-e003Coalescence-mBHI-p7_S139,24,1461470,E3-e003Coalescence-mBHI-p3_S10,101638
96,G8-e003Coalescence-mBHI-p5_S29,4,757680,E3-e003Coalescence-mBHI-p3_S10,101638
97,G2-e003Coalescence-mBHI-p5_S25,1,1534425,E3-e003Coalescence-mBHI-p3_S10,101638
98,G8-e003Coalescence-mGAM-p7_S173,5,1390044,E3-e003Coalescence-mBHI-p3_S10,101638
99,E4-e003Coalescence-mBHI-p3_S11,1,1489708,E3-e003Coalescence-mBHI-p3_S10,101638
100,G9-e003Coalescence-mBHI-p5_S30,14,972978,E3-e003Coalescence-mBHI-p3_S10,101638
101,E100-e003Coalescence-mGAM-p7_S151,1,1431882,E3-e003Coalescence-mBHI-p3_S10,101638
102,G9-e003Coalescence-mGAM-p3_S178,19,1118807,E3-e003Coalescence-mBHI-p3_S10,101638
103,G2-e003Coalescence-mGAM-p3_S81,1,1516772,E3-e003Coalescence-mBHI-p3_S10,101638
104,G100-e003Coalescence-mBHI-p7_S127,6,560797,E3-e003Coalescence-mBHI-p3_S10,101638
0,C9-e003Coalescence-mGAM-p3,2,712205,F2-e003Coalescence-mGAM-p7_S157,101638
1,C11-e003Coalescence-mBHI-p3,0,455308,F2-e003Coalescence-mGAM-p7_S157,101638
2,C9-e003Coalescence-mGAM-p7,0,500113,F2-e003Coalescence-mGAM-p7_S157,101638
3,C8-e003Coalescence-mGAM-p7,3,1423925,F2-e003Coalescence-mGAM-p7_S157,101638
4,D10-e003Coalescence-mBHI-p3,3,592022,F2-e003Coalescence-mGAM-p7_S157,101638
5,B2-e003Coalescence-mBHI-p3,2,640269,F2-e003Coalescence-mGAM-p7_S157,101638
6,A4-e003Coalescence-mBHI-p7,0,1046978,F2-e003Coalescence-mGAM-p7_S157,101638
7,B3-e003Coalescence-mBHI-p3,1,851498,F2-e003Coalescence-mGAM-p7_S157,101638
8,C2-e003Coalescence-mBHI-p5,2,1531728,F2-e003Coalescence-mGAM-p7_S157,101638
9,C4-e003GlycerolRevival-mBHI-p2,3,655282,F2-e003Coalescence-mGAM-p7_S157,101638
10,B2-e003Coalescence-mBHI-p5,2,1376755,F2-e003Coalescence-mGAM-p7_S157,101638
11,C4-e003Coalescence-mGAM-p7,2,1491174,F2-e003Coalescence-mGAM-p7_S157,101638
12,B10-e003Assembly-mGAM-p5,2,708824,F2-e003Coalescence-mGAM-p7_S157,101638
13,C2-e003Coalescence-mGAM-p7,2,1544636,F2-e003Coalescence-mGAM-p7_S157,101638
14,C9-e003Coalescence-mBHI-p5,3,843947,F2-e003Coalescence-mGAM-p7_S157,101638
15,C2-e003Coalescence-mBHI-p3,2,1550808,F2-e003Coalescence-mGAM-p7_S157,101638
16,C9-e003Coalescence-mBHI-p3,4,1477971,F2-e003Coalescence-mGAM-p7_S157,101638
17,D10-e003Coalescence-mGAM-p5,3,895834,F2-e003Coalescence-mGAM-p7_S157,101638
18,C2-e003Coalescence-mGAM-p3,2,1349817,F2-e003Coalescence-mGAM-p7_S157,101638
19,B10-e003Coalescence-mBHI-p5,1,751178,F2-e003Coalescence-mGAM-p7_S157,101638
20,C4-e003Coalescence-mGAM-p5,2,1406224,F2-e003Coalescence-mGAM-p7_S157,101638
21,D5-e003Coalescence-mBHI-p5,5,1486364,F2-e003Coalescence-mGAM-p7_S157,101638
22,D3-e003Assembly-mBHI-p3,3,768389,F2-e003Coalescence-mGAM-p7_S157,101638
23,C4-e003Coalescence-mGAM-p3,2,1546978,F2-e003Coalescence-mGAM-p7_S157,101638
24,D3-e003Assembly-mBHI-p5,5,1546651,F2-e003Coalescence-mGAM-p7_S157,101638
25,A10-e003Coalescence-mGAM-p3,2,1530862,F2-e003Coalescence-mGAM-p7_S157,101638
26,B2-e003Coalescence-mGAM-p3,2,442858,F2-e003Coalescence-mGAM-p7_S157,101638
27,D3-e003Coalescence-mGAM-p5,3,515212,F2-e003Coalescence-mGAM-p7_S157,101638
28,C10-e003Coalescence-mGAM-p3,2,1520946,F2-e003Coalescence-mGAM-p7_S157,101638
29,C3-e003Coalescence-Inoculumn-mGAM,0,473234,F2-e003Coalescence-mGAM-p7_S157,101638
30,D4-e003Coalescence-Inoculumn-mBHI,0,618720,F2-e003Coalescence-mGAM-p7_S157,101638
31,A4-e003Coalescence-mBHI-p5,0,958917,F2-e003Coalescence-mGAM-p7_S157,101638
32,D10-e003Coalescence-mGAM-p7,0,938266,F2-e003Coalescence-mGAM-p7_S157,101638
33,C11-e003Coalescence-mGAM-p3,3,727674,F2-e003Coalescence-mGAM-p7_S157,101638
34,C10-e003Coalescence-mBHI-p7,7,636171,F2-e003Coalescence-mGAM-p7_S157,101638
35,B10-e003Coalescence-mBHI-p3,2,1064478,F2-e003Coalescence-mGAM-p7_S157,101638
36,C11-e003Coalescence-mBHI-p5,2,1515011,F2-e003Coalescence-mGAM-p7_S157,101638
37,C2-e003Coalescence-Inoculumn-mGAM,0,514343,F2-e003Coalescence-mGAM-p7_S157,101638
38,B4-e003Coalescence-Inoculumn-mGAM,3,1527645,F2-e003Coalescence-mGAM-p7_S157,101638
39,A10-e003Coalescence-mGAM-p7,1,1119734,F2-e003Coalescence-mGAM-p7_S157,101638
40,C4-e003Coalescence-Inoculumn-mGAM,3,1354072,F2-e003Coalescence-mGAM-p7_S157,101638
41,B10-e003Assembly-mGAM-p3,2,526228,F2-e003Coalescence-mGAM-p7_S157,101638
42,D10-e003Coalescence-mBHI-p7,0,560357,F2-e003Coalescence-mGAM-p7_S157,101638
43,B10-e003GlycerolRevival-mGAM-p2,2,912883,F2-e003Coalescence-mGAM-p7_S157,101638
44,C10-e003Coalescence-mGAM-p5,2,1544682,F2-e003Coalescence-mGAM-p7_S157,101638
45,A3-e003Coalescence-mBHI-p3,0,444927,F2-e003Coalescence-mGAM-p7_S157,101638
46,A4-e003Coalescence-mBHI-p3,2,1204293,F2-e003Coalescence-mGAM-p7_S157,101638
47,C9-e003Coalescence-mGAM-p5,1,810866,F2-e003Coalescence-mGAM-p7_S157,101638
48,C2-e003Coalescence-mGAM-p5,2,1502257,F2-e003Coalescence-mGAM-p7_S157,101638
49,C8-e003Coalescence-mBHI-p5,8,1338159,F2-e003Coalescence-mGAM-p7_S157,101638
50,B4-e003Coalescence-Inoculumn-mBHI,5,563867,F2-e003Coalescence-mGAM-p7_S157,101638
51,C5-e003Coalescence-Inoculumn-mGAM,2,1530071,F2-e003Coalescence-mGAM-p7_S157,101638
52,C4-e003Coalescence-mBHI-p5,5,881699,F2-e003Coalescence-mGAM-p7_S157,101638
53,A4-e003Coalescence-Inoculumn-mGAM,2,1506279,F2-e003Coalescence-mGAM-p7_S157,101638
54,C2-e003Coalescence-mBHI-p7,2,569461,F2-e003Coalescence-mGAM-p7_S157,101638
55,C10-e003Coalescence-mGAM-p7,2,1547140,F2-e003Coalescence-mGAM-p7_S157,101638
56,C10-e003Coalescence-mBHI-p3,6,1524472,F2-e003Coalescence-mGAM-p7_S157,101638
57,H4-e003Coalescence-mGAM-p7_S183,0,991821,F2-e003Coalescence-mGAM-p7_S157,101638
58,F5-e003Coalescence-mGAM-p5_S64,0,468781,F2-e003Coalescence-mGAM-p7_S157,101638
59,F100-e003Coalescence-mGAM-p7_S163,3,1155108,F2-e003Coalescence-mGAM-p7_S157,101638
60,E3-e003Coalescence-mGAM-p3_S58,0,516408,F2-e003Coalescence-mGAM-p7_S157,101638
61,G4-e003Coalescence-mBHI-p5_S27,4,878137,F2-e003Coalescence-mGAM-p7_S157,101638
62,G2-e003Coalescence-mBHI-p3_S33,1,1521290,F2-e003Coalescence-mGAM-p7_S157,101638
63,G100-e003Coalescence-mGAM-p3_S179,1,1153539,F2-e003Coalescence-mGAM-p7_S157,101638
64,G111-e003Coalescence-mBHI-p5_S32,1,1154220,F2-e003Coalescence-mGAM-p7_S157,101638
65,E3-e003Coalescence-mBHI-p3_S10,0,711439,F2-e003Coalescence-mGAM-p7_S157,101638
66,F2-e003Coalescence-mGAM-p7_S157,0,556375,F2-e003Coalescence-mGAM-p7_S157,101638
67,E100-e003Coalescence-mGAM-p3_S155,1,1461251,F2-e003Coalescence-mGAM-p7_S157,101638
68,E3-e003Coalescence-mGAM-p5_S50,0,1371172,F2-e003Coalescence-mGAM-p7_S157,101638
69,H100-e003Coalescence-mBHI-p5_S43,3,925751,F2-e003Coalescence-mGAM-p7_S157,101638
70,F2-e003Coalescence-mGAM-p5_S61,1,1281223,F2-e003Coalescence-mGAM-p7_S157,101638
71,G100-e003Coalescence-mBHI-p5_S31,1,829979,F2-e003Coalescence-mGAM-p7_S157,101638
72,G4-e003Coalescence-mBHI-p3_S35,4,474244,F2-e003Coalescence-mGAM-p7_S157,101638
73,E4-e003Coalescence-mBHI-p5_S3,0,1426946,F2-e003Coalescence-mGAM-p7_S157,101638
74,E4-e003Coalescence-mGAM-p5_S51,0,579225,F2-e003Coalescence-mGAM-p7_S157,101638
75,G9-e003Coalescence-mGAM-p7_S174,2,622414,F2-e003Coalescence-mGAM-p7_S157,101638
76,E8-e003Coalescence-mGAM-p3_S153,0,1489557,F2-e003Coalescence-mGAM-p7_S157,101638
77,G100-e003Coalescence-mGAM-p7_S175,0,673821,F2-e003Coalescence-mGAM-p7_S157,101638
78,G3-e003Coalescence-mBHI-p7_S122,1,531581,F2-e003Coalescence-mGAM-p7_S157,101638
79,G4-e003Coalescence-mGAM-p5_S75,0,1533148,F2-e003Coalescence-mGAM-p7_S157,101638
80,G8-e003Coalescence-mBHI-p3_S129,0,840340,F2-e003Coalescence-mGAM-p7_S157,101638
81,G2-e003Coalescence-mGAM-p5_S73,1,1525280,F2-e003Coalescence-mGAM-p7_S157,101638
82,E100-e003Coalescence-mGAM-p5_S55,0,1291155,F2-e003Coalescence-mGAM-p7_S157,101638
83,G4-e003Coalescence-mGAM-p3_S83,0,1536688,F2-e003Coalescence-mGAM-p7_S157,101638
84,F4-e003Coalescence-mBHI-p7_S111,1,477586,F2-e003Coalescence-mGAM-p7_S157,101638
85,G4-e003Coalescence-mGAM-p7_S171,0,1471075,F2-e003Coalescence-mGAM-p7_S157,101638
86,F100-e003Coalescence-mBHI-p7_S115,3,1350695,F2-e003Coalescence-mGAM-p7_S157,101638
87,E3-e003Coalescence-mGAM-p7_S146,0,1297929,F2-e003Coalescence-mGAM-p7_S157,101638
88,E3-e003Coalescence-mBHI-p5_S2,0,758841,F2-e003Coalescence-mGAM-p7_S157,101638
89,G2-e003Coalescence-mBHI-p7_S121,1,1251923,F2-e003Coalescence-mGAM-p7_S157,101638
90,F2-e003Coalescence-mBHI-p5_S13,0,1483168,F2-e003Coalescence-mGAM-p7_S157,101638
91,F2-e003Coalescence-mGAM-p3_S69,0,1044013,F2-e003Coalescence-mGAM-p7_S157,101638
92,G100-e003Coalescence-mGAM-p5_S79,1,1518875,F2-e003Coalescence-mGAM-p7_S157,101638
93,E4-e003Coalescence-mGAM-p7_S147,0,1030477,F2-e003Coalescence-mGAM-p7_S157,101638
94,E4-e003Coalescence-mGAM-p3_S59,0,1512400,F2-e003Coalescence-mGAM-p7_S157,101638
95,H100-e003Coalescence-mBHI-p7_S139,0,1461470,F2-e003Coalescence-mGAM-p7_S157,101638
96,G8-e003Coalescence-mBHI-p5_S29,3,757680,F2-e003Coalescence-mGAM-p7_S157,101638
97,G2-e003Coalescence-mBHI-p5_S25,0,1534425,F2-e003Coalescence-mGAM-p7_S157,101638
98,G8-e003Coalescence-mGAM-p7_S173,3,1390044,F2-e003Coalescence-mGAM-p7_S157,101638
99,E4-e003Coalescence-mBHI-p3_S11,1,1489708,F2-e003Coalescence-mGAM-p7_S157,101638
100,G9-e003Coalescence-mBHI-p5_S30,1,972978,F2-e003Coalescence-mGAM-p7_S157,101638
101,E100-e003Coalescence-mGAM-p7_S151,0,1431882,F2-e003Coalescence-mGAM-p7_S157,101638
102,G9-e003Coalescence-mGAM-p3_S178,0,1118807,F2-e003Coalescence-mGAM-p7_S157,101638
103,G2-e003Coalescence-mGAM-p3_S81,1,1516772,F2-e003Coalescence-mGAM-p7_S157,101638
104,G100-e003Coalescence-mBHI-p7_S127,5,560797,F2-e003Coalescence-mGAM-p7_S157,101638
0,C9-e003Coalescence-mGAM-p3,19,712205,E100-e003Coalescence-mGAM-p3_S155,101638
1,C11-e003Coalescence-mBHI-p3,3,455308,E100-e003Coalescence-mGAM-p3_S155,101638
2,C9-e003Coalescence-mGAM-p7,24,500113,E100-e003Coalescence-mGAM-p3_S155,101638
3,C8-e003Coalescence-mGAM-p7,8,1423925,E100-e003Coalescence-mGAM-p3_S155,101638
4,D10-e003Coalescence-mBHI-p3,31,592022,E100-e003Coalescence-mGAM-p3_S155,101638
5,B2-e003Coalescence-mBHI-p3,11,640269,E100-e003Coalescence-mGAM-p3_S155,101638
6,A4-e003Coalescence-mBHI-p7,5,1046978,E100-e003Coalescence-mGAM-p3_S155,101638
7,B3-e003Coalescence-mBHI-p3,34,851498,E100-e003Coalescence-mGAM-p3_S155,101638
8,C2-e003Coalescence-mBHI-p5,8,1531728,E100-e003Coalescence-mGAM-p3_S155,101638
9,C4-e003GlycerolRevival-mBHI-p2,22,655282,E100-e003Coalescence-mGAM-p3_S155,101638
10,B2-e003Coalescence-mBHI-p5,9,1376755,E100-e003Coalescence-mGAM-p3_S155,101638
11,C4-e003Coalescence-mGAM-p7,9,1491174,E100-e003Coalescence-mGAM-p3_S155,101638
12,B10-e003Assembly-mGAM-p5,2,708824,E100-e003Coalescence-mGAM-p3_S155,101638
13,C2-e003Coalescence-mGAM-p7,9,1544636,E100-e003Coalescence-mGAM-p3_S155,101638
14,C9-e003Coalescence-mBHI-p5,27,843947,E100-e003Coalescence-mGAM-p3_S155,101638
15,C2-e003Coalescence-mBHI-p3,9,1550808,E100-e003Coalescence-mGAM-p3_S155,101638
16,C9-e003Coalescence-mBHI-p3,38,1477971,E100-e003Coalescence-mGAM-p3_S155,101638
17,D10-e003Coalescence-mGAM-p5,26,895834,E100-e003Coalescence-mGAM-p3_S155,101638
18,C2-e003Coalescence-mGAM-p3,8,1349817,E100-e003Coalescence-mGAM-p3_S155,101638
19,B10-e003Coalescence-mBHI-p5,18,751178,E100-e003Coalescence-mGAM-p3_S155,101638
20,C4-e003Coalescence-mGAM-p5,8,1406224,E100-e003Coalescence-mGAM-p3_S155,101638
21,D5-e003Coalescence-mBHI-p5,9,1486364,E100-e003Coalescence-mGAM-p3_S155,101638
22,D3-e003Assembly-mBHI-p3,17,768389,E100-e003Coalescence-mGAM-p3_S155,101638
23,C4-e003Coalescence-mGAM-p3,8,1546978,E100-e003Coalescence-mGAM-p3_S155,101638
24,D3-e003Assembly-mBHI-p5,21,1546651,E100-e003Coalescence-mGAM-p3_S155,101638
25,A10-e003Coalescence-mGAM-p3,10,1530862,E100-e003Coalescence-mGAM-p3_S155,101638
26,B2-e003Coalescence-mGAM-p3,7,442858,E100-e003Coalescence-mGAM-p3_S155,101638
27,D3-e003Coalescence-mGAM-p5,11,515212,E100-e003Coalescence-mGAM-p3_S155,101638
28,C10-e003Coalescence-mGAM-p3,9,1520946,E100-e003Coalescence-mGAM-p3_S155,101638
29,C3-e003Coalescence-Inoculumn-mGAM,3,473234,E100-e003Coalescence-mGAM-p3_S155,101638
30,D4-e003Coalescence-Inoculumn-mBHI,8,618720,E100-e003Coalescence-mGAM-p3_S155,101638
31,A4-e003Coalescence-mBHI-p5,1,958917,E100-e003Coalescence-mGAM-p3_S155,101638
32,D10-e003Coalescence-mGAM-p7,18,938266,E100-e003Coalescence-mGAM-p3_S155,101638
33,C11-e003Coalescence-mGAM-p3,37,727674,E100-e003Coalescence-mGAM-p3_S155,101638
34,C10-e003Coalescence-mBHI-p7,29,636171,E100-e003Coalescence-mGAM-p3_S155,101638
35,B10-e003Coalescence-mBHI-p3,25,1064478,E100-e003Coalescence-mGAM-p3_S155,101638
36,C11-e003Coalescence-mBHI-p5,18,1515011,E100-e003Coalescence-mGAM-p3_S155,101638
37,C2-e003Coalescence-Inoculumn-mGAM,0,514343,E100-e003Coalescence-mGAM-p3_S155,101638
38,B4-e003Coalescence-Inoculumn-mGAM,40,1527645,E100-e003Coalescence-mGAM-p3_S155,101638
39,A10-e003Coalescence-mGAM-p7,4,1119734,E100-e003Coalescence-mGAM-p3_S155,101638
40,C4-e003Coalescence-Inoculumn-mGAM,6,1354072,E100-e003Coalescence-mGAM-p3_S155,101638
41,B10-e003Assembly-mGAM-p3,5,526228,E100-e003Coalescence-mGAM-p3_S155,101638
42,D10-e003Coalescence-mBHI-p7,9,560357,E100-e003Coalescence-mGAM-p3_S155,101638
43,B10-e003GlycerolRevival-mGAM-p2,5,912883,E100-e003Coalescence-mGAM-p3_S155,101638
44,C10-e003Coalescence-mGAM-p5,10,1544682,E100-e003Coalescence-mGAM-p3_S155,101638
45,A3-e003Coalescence-mBHI-p3,4,444927,E100-e003Coalescence-mGAM-p3_S155,101638
46,A4-e003Coalescence-mBHI-p3,5,1204293,E100-e003Coalescence-mGAM-p3_S155,101638
47,C9-e003Coalescence-mGAM-p5,32,810866,E100-e003Coalescence-mGAM-p3_S155,101638
48,C2-e003Coalescence-mGAM-p5,9,1502257,E100-e003Coalescence-mGAM-p3_S155,101638
49,C8-e003Coalescence-mBHI-p5,18,1338159,E100-e003Coalescence-mGAM-p3_S155,101638
50,B4-e003Coalescence-Inoculumn-mBHI,6,563867,E100-e003Coalescence-mGAM-p3_S155,101638
51,C5-e003Coalescence-Inoculumn-mGAM,10,1530071,E100-e003Coalescence-mGAM-p3_S155,101638
52,C4-e003Coalescence-mBHI-p5,24,881699,E100-e003Coalescence-mGAM-p3_S155,101638
53,A4-e003Coalescence-Inoculumn-mGAM,10,1506279,E100-e003Coalescence-mGAM-p3_S155,101638
54,C2-e003Coalescence-mBHI-p7,3,569461,E100-e003Coalescence-mGAM-p3_S155,101638
55,C10-e003Coalescence-mGAM-p7,10,1547140,E100-e003Coalescence-mGAM-p3_S155,101638
56,C10-e003Coalescence-mBHI-p3,16,1524472,E100-e003Coalescence-mGAM-p3_S155,101638
57,H4-e003Coalescence-mGAM-p7_S183,6,991821,E100-e003Coalescence-mGAM-p3_S155,101638
58,F5-e003Coalescence-mGAM-p5_S64,3,468781,E100-e003Coalescence-mGAM-p3_S155,101638
59,F100-e003Coalescence-mGAM-p7_S163,14,1155108,E100-e003Coalescence-mGAM-p3_S155,101638
60,E3-e003Coalescence-mGAM-p3_S58,5,516408,E100-e003Coalescence-mGAM-p3_S155,101638
61,G4-e003Coalescence-mBHI-p5_S27,8,878137,E100-e003Coalescence-mGAM-p3_S155,101638
62,G2-e003Coalescence-mBHI-p3_S33,5,1521290,E100-e003Coalescence-mGAM-p3_S155,101638
63,G100-e003Coalescence-mGAM-p3_S179,0,1153539,E100-e003Coalescence-mGAM-p3_S155,101638
64,G111-e003Coalescence-mBHI-p5_S32,34,1154220,E100-e003Coalescence-mGAM-p3_S155,101638
65,E3-e003Coalescence-mBHI-p3_S10,0,711439,E100-e003Coalescence-mGAM-p3_S155,101638
66,F2-e003Coalescence-mGAM-p7_S157,1,556375,E100-e003Coalescence-mGAM-p3_S155,101638
67,E100-e003Coalescence-mGAM-p3_S155,0,1461251,E100-e003Coalescence-mGAM-p3_S155,101638
68,E3-e003Coalescence-mGAM-p5_S50,2,1371172,E100-e003Coalescence-mGAM-p3_S155,101638
69,H100-e003Coalescence-mBHI-p5_S43,29,925751,E100-e003Coalescence-mGAM-p3_S155,101638
70,F2-e003Coalescence-mGAM-p5_S61,5,1281223,E100-e003Coalescence-mGAM-p3_S155,101638
71,G100-e003Coalescence-mBHI-p5_S31,6,829979,E100-e003Coalescence-mGAM-p3_S155,101638
72,G4-e003Coalescence-mBHI-p3_S35,14,474244,E100-e003Coalescence-mGAM-p3_S155,101638
73,E4-e003Coalescence-mBHI-p5_S3,2,1426946,E100-e003Coalescence-mGAM-p3_S155,101638
74,E4-e003Coalescence-mGAM-p5_S51,0,579225,E100-e003Coalescence-mGAM-p3_S155,101638
75,G9-e003Coalescence-mGAM-p7_S174,25,622414,E100-e003Coalescence-mGAM-p3_S155,101638
76,E8-e003Coalescence-mGAM-p3_S153,8,1489557,E100-e003Coalescence-mGAM-p3_S155,101638
77,G100-e003Coalescence-mGAM-p7_S175,1,673821,E100-e003Coalescence-mGAM-p3_S155,101638
78,G3-e003Coalescence-mBHI-p7_S122,29,531581,E100-e003Coalescence-mGAM-p3_S155,101638
79,G4-e003Coalescence-mGAM-p5_S75,4,1533148,E100-e003Coalescence-mGAM-p3_S155,101638
80,G8-e003Coalescence-mBHI-p3_S129,2,840340,E100-e003Coalescence-mGAM-p3_S155,101638
81,G2-e003Coalescence-mGAM-p5_S73,4,1525280,E100-e003Coalescence-mGAM-p3_S155,101638
82,E100-e003Coalescence-mGAM-p5_S55,3,1291155,E100-e003Coalescence-mGAM-p3_S155,101638
83,G4-e003Coalescence-mGAM-p3_S83,4,1536688,E100-e003Coalescence-mGAM-p3_S155,101638
84,F4-e003Coalescence-mBHI-p7_S111,20,477586,E100-e003Coalescence-mGAM-p3_S155,101638
85,G4-e003Coalescence-mGAM-p7_S171,4,1471075,E100-e003Coalescence-mGAM-p3_S155,101638
86,F100-e003Coalescence-mBHI-p7_S115,30,1350695,E100-e003Coalescence-mGAM-p3_S155,101638
87,E3-e003Coalescence-mGAM-p7_S146,3,1297929,E100-e003Coalescence-mGAM-p3_S155,101638
88,E3-e003Coalescence-mBHI-p5_S2,1,758841,E100-e003Coalescence-mGAM-p3_S155,101638
89,G2-e003Coalescence-mBHI-p7_S121,1,1251923,E100-e003Coalescence-mGAM-p3_S155,101638
90,F2-e003Coalescence-mBHI-p5_S13,5,1483168,E100-e003Coalescence-mGAM-p3_S155,101638
91,F2-e003Coalescence-mGAM-p3_S69,2,1044013,E100-e003Coalescence-mGAM-p3_S155,101638
92,G100-e003Coalescence-mGAM-p5_S79,3,1518875,E100-e003Coalescence-mGAM-p3_S155,101638
93,E4-e003Coalescence-mGAM-p7_S147,2,1030477,E100-e003Coalescence-mGAM-p3_S155,101638
94,E4-e003Coalescence-mGAM-p3_S59,4,1512400,E100-e003Coalescence-mGAM-p3_S155,101638
95,H100-e003Coalescence-mBHI-p7_S139,39,1461470,E100-e003Coalescence-mGAM-p3_S155,101638
96,G8-e003Coalescence-mBHI-p5_S29,9,757680,E100-e003Coalescence-mGAM-p3_S155,101638
97,G2-e003Coalescence-mBHI-p5_S25,4,1534425,E100-e003Coalescence-mGAM-p3_S155,101638
98,G8-e003Coalescence-mGAM-p7_S173,6,1390044,E100-e003Coalescence-mGAM-p3_S155,101638
99,E4-e003Coalescence-mBHI-p3_S11,3,1489708,E100-e003Coalescence-mGAM-p3_S155,101638
100,G9-e003Coalescence-mBHI-p5_S30,24,972978,E100-e003Coalescence-mGAM-p3_S155,101638
101,E100-e003Coalescence-mGAM-p7_S151,2,1431882,E100-e003Coalescence-mGAM-p3_S155,101638
102,G9-e003Coalescence-mGAM-p3_S178,30,1118807,E100-e003Coalescence-mGAM-p3_S155,101638
103,G2-e003Coalescence-mGAM-p3_S81,4,1516772,E100-e003Coalescence-mGAM-p3_S155,101638
104,G100-e003Coalescence-mBHI-p7_S127,10,560797,E100-e003Coalescence-mGAM-p3_S155,101638
0,C9-e003Coalescence-mGAM-p3,17,712205,E3-e003Coalescence-mGAM-p5_S50,101638
1,C11-e003Coalescence-mBHI-p3,1,455308,E3-e003Coalescence-mGAM-p5_S50,101638
2,C9-e003Coalescence-mGAM-p7,9,500113,E3-e003Coalescence-mGAM-p5_S50,101638
3,C8-e003Coalescence-mGAM-p7,7,1423925,E3-e003Coalescence-mGAM-p5_S50,101638
4,D10-e003Coalescence-mBHI-p3,16,592022,E3-e003Coalescence-mGAM-p5_S50,101638
5,B2-e003Coalescence-mBHI-p3,12,640269,E3-e003Coalescence-mGAM-p5_S50,101638
6,A4-e003Coalescence-mBHI-p7,4,1046978,E3-e003Coalescence-mGAM-p5_S50,101638
7,B3-e003Coalescence-mBHI-p3,29,851498,E3-e003Coalescence-mGAM-p5_S50,101638
8,C2-e003Coalescence-mBHI-p5,9,1531728,E3-e003Coalescence-mGAM-p5_S50,101638
9,C4-e003GlycerolRevival-mBHI-p2,15,655282,E3-e003Coalescence-mGAM-p5_S50,101638
10,B2-e003Coalescence-mBHI-p5,10,1376755,E3-e003Coalescence-mGAM-p5_S50,101638
11,C4-e003Coalescence-mGAM-p7,9,1491174,E3-e003Coalescence-mGAM-p5_S50,101638
12,B10-e003Assembly-mGAM-p5,3,708824,E3-e003Coalescence-mGAM-p5_S50,101638
13,C2-e003Coalescence-mGAM-p7,9,1544636,E3-e003Coalescence-mGAM-p5_S50,101638
14,C9-e003Coalescence-mBHI-p5,16,843947,E3-e003Coalescence-mGAM-p5_S50,101638
15,C2-e003Coalescence-mBHI-p3,10,1550808,E3-e003Coalescence-mGAM-p5_S50,101638
16,C9-e003Coalescence-mBHI-p3,29,1477971,E3-e003Coalescence-mGAM-p5_S50,101638
17,D10-e003Coalescence-mGAM-p5,14,895834,E3-e003Coalescence-mGAM-p5_S50,101638
18,C2-e003Coalescence-mGAM-p3,9,1349817,E3-e003Coalescence-mGAM-p5_S50,101638
19,B10-e003Coalescence-mBHI-p5,15,751178,E3-e003Coalescence-mGAM-p5_S50,101638
20,C4-e003Coalescence-mGAM-p5,8,1406224,E3-e003Coalescence-mGAM-p5_S50,101638
21,D5-e003Coalescence-mBHI-p5,7,1486364,E3-e003Coalescence-mGAM-p5_S50,101638
22,D3-e003Assembly-mBHI-p3,3,768389,E3-e003Coalescence-mGAM-p5_S50,101638
23,C4-e003Coalescence-mGAM-p3,10,1546978,E3-e003Coalescence-mGAM-p5_S50,101638
24,D3-e003Assembly-mBHI-p5,9,1546651,E3-e003Coalescence-mGAM-p5_S50,101638
25,A10-e003Coalescence-mGAM-p3,10,1530862,E3-e003Coalescence-mGAM-p5_S50,101638
26,B2-e003Coalescence-mGAM-p3,4,442858,E3-e003Coalescence-mGAM-p5_S50,101638
27,D3-e003Coalescence-mGAM-p5,15,515212,E3-e003Coalescence-mGAM-p5_S50,101638
28,C10-e003Coalescence-mGAM-p3,11,1520946,E3-e003Coalescence-mGAM-p5_S50,101638
29,C3-e003Coalescence-Inoculumn-mGAM,1,473234,E3-e003Coalescence-mGAM-p5_S50,101638
30,D4-e003Coalescence-Inoculumn-mBHI,11,618720,E3-e003Coalescence-mGAM-p5_S50,101638
31,A4-e003Coalescence-mBHI-p5,5,958917,E3-e003Coalescence-mGAM-p5_S50,101638
32,D10-e003Coalescence-mGAM-p7,11,938266,E3-e003Coalescence-mGAM-p5_S50,101638
33,C11-e003Coalescence-mGAM-p3,21,727674,E3-e003Coalescence-mGAM-p5_S50,101638
34,C10-e003Coalescence-mBHI-p7,20,636171,E3-e003Coalescence-mGAM-p5_S50,101638
35,B10-e003Coalescence-mBHI-p3,13,1064478,E3-e003Coalescence-mGAM-p5_S50,101638
36,C11-e003Coalescence-mBHI-p5,14,1515011,E3-e003Coalescence-mGAM-p5_S50,101638
37,C2-e003Coalescence-Inoculumn-mGAM,3,514343,E3-e003Coalescence-mGAM-p5_S50,101638
38,B4-e003Coalescence-Inoculumn-mGAM,27,1527645,E3-e003Coalescence-mGAM-p5_S50,101638
39,A10-e003Coalescence-mGAM-p7,5,1119734,E3-e003Coalescence-mGAM-p5_S50,101638
40,C4-e003Coalescence-Inoculumn-mGAM,9,1354072,E3-e003Coalescence-mGAM-p5_S50,101638
41,B10-e003Assembly-mGAM-p3,6,526228,E3-e003Coalescence-mGAM-p5_S50,101638
42,D10-e003Coalescence-mBHI-p7,8,560357,E3-e003Coalescence-mGAM-p5_S50,101638
43,B10-e003GlycerolRevival-mGAM-p2,4,912883,E3-e003Coalescence-mGAM-p5_S50,101638
44,C10-e003Coalescence-mGAM-p5,10,1544682,E3-e003Coalescence-mGAM-p5_S50,101638
45,A3-e003Coalescence-mBHI-p3,9,444927,E3-e003Coalescence-mGAM-p5_S50,101638
46,A4-e003Coalescence-mBHI-p3,7,1204293,E3-e003Coalescence-mGAM-p5_S50,101638
47,C9-e003Coalescence-mGAM-p5,17,810866,E3-e003Coalescence-mGAM-p5_S50,101638
48,C2-e003Coalescence-mGAM-p5,9,1502257,E3-e003Coalescence-mGAM-p5_S50,101638
49,C8-e003Coalescence-mBHI-p5,18,1338159,E3-e003Coalescence-mGAM-p5_S50,101638
50,B4-e003Coalescence-Inoculumn-mBHI,14,563867,E3-e003Coalescence-mGAM-p5_S50,101638
51,C5-e003Coalescence-Inoculumn-mGAM,10,1530071,E3-e003Coalescence-mGAM-p5_S50,101638
52,C4-e003Coalescence-mBHI-p5,14,881699,E3-e003Coalescence-mGAM-p5_S50,101638
53,A4-e003Coalescence-Inoculumn-mGAM,10,1506279,E3-e003Coalescence-mGAM-p5_S50,101638
54,C2-e003Coalescence-mBHI-p7,4,569461,E3-e003Coalescence-mGAM-p5_S50,101638
55,C10-e003Coalescence-mGAM-p7,8,1547140,E3-e003Coalescence-mGAM-p5_S50,101638
56,C10-e003Coalescence-mBHI-p3,11,1524472,E3-e003Coalescence-mGAM-p5_S50,101638
57,H4-e003Coalescence-mGAM-p7_S183,8,991821,E3-e003Coalescence-mGAM-p5_S50,101638
58,F5-e003Coalescence-mGAM-p5_S64,0,468781,E3-e003Coalescence-mGAM-p5_S50,101638
59,F100-e003Coalescence-mGAM-p7_S163,10,1155108,E3-e003Coalescence-mGAM-p5_S50,101638
60,E3-e003Coalescence-mGAM-p3_S58,3,516408,E3-e003Coalescence-mGAM-p5_S50,101638
61,G4-e003Coalescence-mBHI-p5_S27,9,878137,E3-e003Coalescence-mGAM-p5_S50,101638
62,G2-e003Coalescence-mBHI-p3_S33,5,1521290,E3-e003Coalescence-mGAM-p5_S50,101638
63,G100-e003Coalescence-mGAM-p3_S179,1,1153539,E3-e003Coalescence-mGAM-p5_S50,101638
64,G111-e003Coalescence-mBHI-p5_S32,17,1154220,E3-e003Coalescence-mGAM-p5_S50,101638
65,E3-e003Coalescence-mBHI-p3_S10,1,711439,E3-e003Coalescence-mGAM-p5_S50,101638
66,F2-e003Coalescence-mGAM-p7_S157,1,556375,E3-e003Coalescence-mGAM-p5_S50,101638
67,E100-e003Coalescence-mGAM-p3_S155,5,1461251,E3-e003Coalescence-mGAM-p5_S50,101638
68,E3-e003Coalescence-mGAM-p5_S50,0,1371172,E3-e003Coalescence-mGAM-p5_S50,101638
69,H100-e003Coalescence-mBHI-p5_S43,18,925751,E3-e003Coalescence-mGAM-p5_S50,101638
70,F2-e003Coalescence-mGAM-p5_S61,4,1281223,E3-e003Coalescence-mGAM-p5_S50,101638
71,G100-e003Coalescence-mBHI-p5_S31,1,829979,E3-e003Coalescence-mGAM-p5_S50,101638
72,G4-e003Coalescence-mBHI-p3_S35,13,474244,E3-e003Coalescence-mGAM-p5_S50,101638
73,E4-e003Coalescence-mBHI-p5_S3,4,1426946,E3-e003Coalescence-mGAM-p5_S50,101638
74,E4-e003Coalescence-mGAM-p5_S51,2,579225,E3-e003Coalescence-mGAM-p5_S50,101638
75,G9-e003Coalescence-mGAM-p7_S174,13,622414,E3-e003Coalescence-mGAM-p5_S50,101638
76,E8-e003Coalescence-mGAM-p3_S153,4,1489557,E3-e003Coalescence-mGAM-p5_S50,101638
77,G100-e003Coalescence-mGAM-p7_S175,0,673821,E3-e003Coalescence-mGAM-p5_S50,101638
78,G3-e003Coalescence-mBHI-p7_S122,14,531581,E3-e003Coalescence-mGAM-p5_S50,101638
79,G4-e003Coalescence-mGAM-p5_S75,4,1533148,E3-e003Coalescence-mGAM-p5_S50,101638
80,G8-e003Coalescence-mBHI-p3_S129,0,840340,E3-e003Coalescence-mGAM-p5_S50,101638
81,G2-e003Coalescence-mGAM-p5_S73,4,1525280,E3-e003Coalescence-mGAM-p5_S50,101638
82,E100-e003Coalescence-mGAM-p5_S55,1,1291155,E3-e003Coalescence-mGAM-p5_S50,101638
83,G4-e003Coalescence-mGAM-p3_S83,4,1536688,E3-e003Coalescence-mGAM-p5_S50,101638
84,F4-e003Coalescence-mBHI-p7_S111,12,477586,E3-e003Coalescence-mGAM-p5_S50,101638
85,G4-e003Coalescence-mGAM-p7_S171,4,1471075,E3-e003Coalescence-mGAM-p5_S50,101638
86,F100-e003Coalescence-mBHI-p7_S115,16,1350695,E3-e003Coalescence-mGAM-p5_S50,101638
87,E3-e003Coalescence-mGAM-p7_S146,2,1297929,E3-e003Coalescence-mGAM-p5_S50,101638
88,E3-e003Coalescence-mBHI-p5_S2,1,758841,E3-e003Coalescence-mGAM-p5_S50,101638
89,G2-e003Coalescence-mBHI-p7_S121,3,1251923,E3-e003Coalescence-mGAM-p5_S50,101638
90,F2-e003Coalescence-mBHI-p5_S13,4,1483168,E3-e003Coalescence-mGAM-p5_S50,101638
91,F2-e003Coalescence-mGAM-p3_S69,1,1044013,E3-e003Coalescence-mGAM-p5_S50,101638
92,G100-e003Coalescence-mGAM-p5_S79,6,1518875,E3-e003Coalescence-mGAM-p5_S50,101638
93,E4-e003Coalescence-mGAM-p7_S147,1,1030477,E3-e003Coalescence-mGAM-p5_S50,101638
94,E4-e003Coalescence-mGAM-p3_S59,3,1512400,E3-e003Coalescence-mGAM-p5_S50,101638
95,H100-e003Coalescence-mBHI-p7_S139,19,1461470,E3-e003Coalescence-mGAM-p5_S50,101638
96,G8-e003Coalescence-mBHI-p5_S29,5,757680,E3-e003Coalescence-mGAM-p5_S50,101638
97,G2-e003Coalescence-mBHI-p5_S25,3,1534425,E3-e003Coalescence-mGAM-p5_S50,101638
98,G8-e003Coalescence-mGAM-p7_S173,7,1390044,E3-e003Coalescence-mGAM-p5_S50,101638
99,E4-e003Coalescence-mBHI-p3_S11,5,1489708,E3-e003Coalescence-mGAM-p5_S50,101638
100,G9-e003Coalescence-mBHI-p5_S30,16,972978,E3-e003Coalescence-mGAM-p5_S50,101638
101,E100-e003Coalescence-mGAM-p7_S151,2,1431882,E3-e003Coalescence-mGAM-p5_S50,101638
102,G9-e003Coalescence-mGAM-p3_S178,15,1118807,E3-e003Coalescence-mGAM-p5_S50,101638
103,G2-e003Coalescence-mGAM-p3_S81,4,1516772,E3-e003Coalescence-mGAM-p5_S50,101638
104,G100-e003Coalescence-mBHI-p7_S127,6,560797,E3-e003Coalescence-mGAM-p5_S50,101638
0,C9-e003Coalescence-mGAM-p3,2,712205,H100-e003Coalescence-mBHI-p5_S43,101638
1,C11-e003Coalescence-mBHI-p3,5,455308,H100-e003Coalescence-mBHI-p5_S43,101638
2,C9-e003Coalescence-mGAM-p7,3,500113,H100-e003Coalescence-mBHI-p5_S43,101638
3,C8-e003Coalescence-mGAM-p7,23,1423925,H100-e003Coalescence-mBHI-p5_S43,101638
4,D10-e003Coalescence-mBHI-p3,6,592022,H100-e003Coalescence-mBHI-p5_S43,101638
5,B2-e003Coalescence-mBHI-p3,11,640269,H100-e003Coalescence-mBHI-p5_S43,101638
6,A4-e003Coalescence-mBHI-p7,28,1046978,H100-e003Coalescence-mBHI-p5_S43,101638
7,B3-e003Coalescence-mBHI-p3,16,851498,H100-e003Coalescence-mBHI-p5_S43,101638
8,C2-e003Coalescence-mBHI-p5,22,1531728,H100-e003Coalescence-mBHI-p5_S43,101638
9,C4-e003GlycerolRevival-mBHI-p2,1,655282,H100-e003Coalescence-mBHI-p5_S43,101638
10,B2-e003Coalescence-mBHI-p5,27,1376755,H100-e003Coalescence-mBHI-p5_S43,101638
11,C4-e003Coalescence-mGAM-p7,2,1491174,H100-e003Coalescence-mBHI-p5_S43,101638
12,B10-e003Assembly-mGAM-p5,1,708824,H100-e003Coalescence-mBHI-p5_S43,101638
13,C2-e003Coalescence-mGAM-p7,23,1544636,H100-e003Coalescence-mBHI-p5_S43,101638
14,C9-e003Coalescence-mBHI-p5,3,843947,H100-e003Coalescence-mBHI-p5_S43,101638
15,C2-e003Coalescence-mBHI-p3,31,1550808,H100-e003Coalescence-mBHI-p5_S43,101638
16,C9-e003Coalescence-mBHI-p3,7,1477971,H100-e003Coalescence-mBHI-p5_S43,101638
17,D10-e003Coalescence-mGAM-p5,3,895834,H100-e003Coalescence-mBHI-p5_S43,101638
18,C2-e003Coalescence-mGAM-p3,22,1349817,H100-e003Coalescence-mBHI-p5_S43,101638
19,B10-e003Coalescence-mBHI-p5,7,751178,H100-e003Coalescence-mBHI-p5_S43,101638
20,C4-e003Coalescence-mGAM-p5,5,1406224,H100-e003Coalescence-mBHI-p5_S43,101638
21,D5-e003Coalescence-mBHI-p5,29,1486364,H100-e003Coalescence-mBHI-p5_S43,101638
22,D3-e003Assembly-mBHI-p3,10,768389,H100-e003Coalescence-mBHI-p5_S43,101638
23,C4-e003Coalescence-mGAM-p3,2,1546978,H100-e003Coalescence-mBHI-p5_S43,101638
24,D3-e003Assembly-mBHI-p5,13,1546651,H100-e003Coalescence-mBHI-p5_S43,101638
25,A10-e003Coalescence-mGAM-p3,34,1530862,H100-e003Coalescence-mBHI-p5_S43,101638
26,B2-e003Coalescence-mGAM-p3,20,442858,H100-e003Coalescence-mBHI-p5_S43,101638
27,D3-e003Coalescence-mGAM-p5,2,515212,H100-e003Coalescence-mBHI-p5_S43,101638
28,C10-e003Coalescence-mGAM-p3,3,1520946,H100-e003Coalescence-mBHI-p5_S43,101638
29,C3-e003Coalescence-Inoculumn-mGAM,5,473234,H100-e003Coalescence-mBHI-p5_S43,101638
30,D4-e003Coalescence-Inoculumn-mBHI,7,618720,H100-e003Coalescence-mBHI-p5_S43,101638
31,A4-e003Coalescence-mBHI-p5,31,958917,H100-e003Coalescence-mBHI-p5_S43,101638
32,D10-e003Coalescence-mGAM-p7,9,938266,H100-e003Coalescence-mBHI-p5_S43,101638
33,C11-e003Coalescence-mGAM-p3,12,727674,H100-e003Coalescence-mBHI-p5_S43,101638
34,C10-e003Coalescence-mBHI-p7,20,636171,H100-e003Coalescence-mBHI-p5_S43,101638
35,B10-e003Coalescence-mBHI-p3,2,1064478,H100-e003Coalescence-mBHI-p5_S43,101638
36,C11-e003Coalescence-mBHI-p5,9,1515011,H100-e003Coalescence-mBHI-p5_S43,101638
37,C2-e003Coalescence-Inoculumn-mGAM,2,514343,H100-e003Coalescence-mBHI-p5_S43,101638
38,B4-e003Coalescence-Inoculumn-mGAM,6,1527645,H100-e003Coalescence-mBHI-p5_S43,101638
39,A10-e003Coalescence-mGAM-p7,7,1119734,H100-e003Coalescence-mBHI-p5_S43,101638
40,C4-e003Coalescence-Inoculumn-mGAM,2,1354072,H100-e003Coalescence-mBHI-p5_S43,101638
41,B10-e003Assembly-mGAM-p3,1,526228,H100-e003Coalescence-mBHI-p5_S43,101638
42,D10-e003Coalescence-mBHI-p7,0,560357,H100-e003Coalescence-mBHI-p5_S43,101638
43,B10-e003GlycerolRevival-mGAM-p2,3,912883,H100-e003Coalescence-mBHI-p5_S43,101638
44,C10-e003Coalescence-mGAM-p5,7,1544682,H100-e003Coalescence-mBHI-p5_S43,101638
45,A3-e003Coalescence-mBHI-p3,15,444927,H100-e003Coalescence-mBHI-p5_S43,101638
46,A4-e003Coalescence-mBHI-p3,28,1204293,H100-e003Coalescence-mBHI-p5_S43,101638
47,C9-e003Coalescence-mGAM-p5,4,810866,H100-e003Coalescence-mBHI-p5_S43,101638
48,C2-e003Coalescence-mGAM-p5,25,1502257,H100-e003Coalescence-mBHI-p5_S43,101638
49,C8-e003Coalescence-mBHI-p5,18,1338159,H100-e003Coalescence-mBHI-p5_S43,101638
50,B4-e003Coalescence-Inoculumn-mBHI,1,563867,H100-e003Coalescence-mBHI-p5_S43,101638
51,C5-e003Coalescence-Inoculumn-mGAM,2,1530071,H100-e003Coalescence-mBHI-p5_S43,101638
52,C4-e003Coalescence-mBHI-p5,19,881699,H100-e003Coalescence-mBHI-p5_S43,101638
53,A4-e003Coalescence-Inoculumn-mGAM,23,1506279,H100-e003Coalescence-mBHI-p5_S43,101638
54,C2-e003Coalescence-mBHI-p7,1,569461,H100-e003Coalescence-mBHI-p5_S43,101638
55,C10-e003Coalescence-mGAM-p7,6,1547140,H100-e003Coalescence-mBHI-p5_S43,101638
56,C10-e003Coalescence-mBHI-p3,8,1524472,H100-e003Coalescence-mBHI-p5_S43,101638
57,H4-e003Coalescence-mGAM-p7_S183,5,991821,H100-e003Coalescence-mBHI-p5_S43,101638
58,F5-e003Coalescence-mGAM-p5_S64,0,468781,H100-e003Coalescence-mBHI-p5_S43,101638
59,F100-e003Coalescence-mGAM-p7_S163,6,1155108,H100-e003Coalescence-mBHI-p5_S43,101638
60,E3-e003Coalescence-mGAM-p3_S58,14,516408,H100-e003Coalescence-mBHI-p5_S43,101638
61,G4-e003Coalescence-mBHI-p5_S27,2,878137,H100-e003Coalescence-mBHI-p5_S43,101638
62,G2-e003Coalescence-mBHI-p3_S33,16,1521290,H100-e003Coalescence-mBHI-p5_S43,101638
63,G100-e003Coalescence-mGAM-p3_S179,1,1153539,H100-e003Coalescence-mBHI-p5_S43,101638
64,G111-e003Coalescence-mBHI-p5_S32,2,1154220,H100-e003Coalescence-mBHI-p5_S43,101638
65,E3-e003Coalescence-mBHI-p3_S10,17,711439,H100-e003Coalescence-mBHI-p5_S43,101638
66,F2-e003Coalescence-mGAM-p7_S157,3,556375,H100-e003Coalescence-mBHI-p5_S43,101638
67,E100-e003Coalescence-mGAM-p3_S155,29,1461251,H100-e003Coalescence-mBHI-p5_S43,101638
68,E3-e003Coalescence-mGAM-p5_S50,18,1371172,H100-e003Coalescence-mBHI-p5_S43,101638
69,H100-e003Coalescence-mBHI-p5_S43,0,925751,H100-e003Coalescence-mBHI-p5_S43,101638
70,F2-e003Coalescence-mGAM-p5_S61,2,1281223,H100-e003Coalescence-mBHI-p5_S43,101638
71,G100-e003Coalescence-mBHI-p5_S31,0,829979,H100-e003Coalescence-mBHI-p5_S43,101638
72,G4-e003Coalescence-mBHI-p3_S35,1,474244,H100-e003Coalescence-mBHI-p5_S43,101638
73,E4-e003Coalescence-mBHI-p5_S3,28,1426946,H100-e003Coalescence-mBHI-p5_S43,101638
74,E4-e003Coalescence-mGAM-p5_S51,18,579225,H100-e003Coalescence-mBHI-p5_S43,101638
75,G9-e003Coalescence-mGAM-p7_S174,5,622414,H100-e003Coalescence-mBHI-p5_S43,101638
76,E8-e003Coalescence-mGAM-p3_S153,3,1489557,H100-e003Coalescence-mBHI-p5_S43,101638
77,G100-e003Coalescence-mGAM-p7_S175,0,673821,H100-e003Coalescence-mBHI-p5_S43,101638
78,G3-e003Coalescence-mBHI-p7_S122,2,531581,H100-e003Coalescence-mBHI-p5_S43,101638
79,G4-e003Coalescence-mGAM-p5_S75,0,1533148,H100-e003Coalescence-mBHI-p5_S43,101638
80,G8-e003Coalescence-mBHI-p3_S129,13,840340,H100-e003Coalescence-mBHI-p5_S43,101638
81,G2-e003Coalescence-mGAM-p5_S73,17,1525280,H100-e003Coalescence-mBHI-p5_S43,101638
82,E100-e003Coalescence-mGAM-p5_S55,25,1291155,H100-e003Coalescence-mBHI-p5_S43,101638
83,G4-e003Coalescence-mGAM-p3_S83,0,1536688,H100-e003Coalescence-mBHI-p5_S43,101638
84,F4-e003Coalescence-mBHI-p7_S111,1,477586,H100-e003Coalescence-mBHI-p5_S43,101638
85,G4-e003Coalescence-mGAM-p7_S171,0,1471075,H100-e003Coalescence-mBHI-p5_S43,101638
86,F100-e003Coalescence-mBHI-p7_S115,6,1350695,H100-e003Coalescence-mBHI-p5_S43,101638
87,E3-e003Coalescence-mGAM-p7_S146,13,1297929,H100-e003Coalescence-mBHI-p5_S43,101638
88,E3-e003Coalescence-mBHI-p5_S2,19,758841,H100-e003Coalescence-mBHI-p5_S43,101638
89,G2-e003Coalescence-mBHI-p7_S121,8,1251923,H100-e003Coalescence-mBHI-p5_S43,101638
90,F2-e003Coalescence-mBHI-p5_S13,16,1483168,H100-e003Coalescence-mBHI-p5_S43,101638
91,F2-e003Coalescence-mGAM-p3_S69,1,1044013,H100-e003Coalescence-mBHI-p5_S43,101638
92,G100-e003Coalescence-mGAM-p5_S79,2,1518875,H100-e003Coalescence-mBHI-p5_S43,101638
93,E4-e003Coalescence-mGAM-p7_S147,12,1030477,H100-e003Coalescence-mBHI-p5_S43,101638
94,E4-e003Coalescence-mGAM-p3_S59,17,1512400,H100-e003Coalescence-mBHI-p5_S43,101638
95,H100-e003Coalescence-mBHI-p7_S139,3,1461470,H100-e003Coalescence-mBHI-p5_S43,101638
96,G8-e003Coalescence-mBHI-p5_S29,14,757680,H100-e003Coalescence-mBHI-p5_S43,101638
97,G2-e003Coalescence-mBHI-p5_S25,3,1534425,H100-e003Coalescence-mBHI-p5_S43,101638
98,G8-e003Coalescence-mGAM-p7_S173,35,1390044,H100-e003Coalescence-mBHI-p5_S43,101638
99,E4-e003Coalescence-mBHI-p3_S11,20,1489708,H100-e003Coalescence-mBHI-p5_S43,101638
100,G9-e003Coalescence-mBHI-p5_S30,2,972978,H100-e003Coalescence-mBHI-p5_S43,101638
101,E100-e003Coalescence-mGAM-p7_S151,29,1431882,H100-e003Coalescence-mBHI-p5_S43,101638
102,G9-e003Coalescence-mGAM-p3_S178,6,1118807,H100-e003Coalescence-mBHI-p5_S43,101638
103,G2-e003Coalescence-mGAM-p3_S81,18,1516772,H100-e003Coalescence-mBHI-p5_S43,101638
104,G100-e003Coalescence-mBHI-p7_S127,1,560797,H100-e003Coalescence-mBHI-p5_S43,101638
0,C9-e003Coalescence-mGAM-p3,1,712205,F2-e003Coalescence-mGAM-p5_S61,101638
1,C11-e003Coalescence-mBHI-p3,0,455308,F2-e003Coalescence-mGAM-p5_S61,101638
2,C9-e003Coalescence-mGAM-p7,1,500113,F2-e003Coalescence-mGAM-p5_S61,101638
3,C8-e003Coalescence-mGAM-p7,7,1423925,F2-e003Coalescence-mGAM-p5_S61,101638
4,D10-e003Coalescence-mBHI-p3,2,592022,F2-e003Coalescence-mGAM-p5_S61,101638
5,B2-e003Coalescence-mBHI-p3,9,640269,F2-e003Coalescence-mGAM-p5_S61,101638
6,A4-e003Coalescence-mBHI-p7,1,1046978,F2-e003Coalescence-mGAM-p5_S61,101638
7,B3-e003Coalescence-mBHI-p3,18,851498,F2-e003Coalescence-mGAM-p5_S61,101638
8,C2-e003Coalescence-mBHI-p5,4,1531728,F2-e003Coalescence-mGAM-p5_S61,101638
9,C4-e003GlycerolRevival-mBHI-p2,0,655282,F2-e003Coalescence-mGAM-p5_S61,101638
10,B2-e003Coalescence-mBHI-p5,6,1376755,F2-e003Coalescence-mGAM-p5_S61,101638
11,C4-e003Coalescence-mGAM-p7,4,1491174,F2-e003Coalescence-mGAM-p5_S61,101638
12,B10-e003Assembly-mGAM-p5,2,708824,F2-e003Coalescence-mGAM-p5_S61,101638
13,C2-e003Coalescence-mGAM-p7,4,1544636,F2-e003Coalescence-mGAM-p5_S61,101638
14,C9-e003Coalescence-mBHI-p5,2,843947,F2-e003Coalescence-mGAM-p5_S61,101638
15,C2-e003Coalescence-mBHI-p3,4,1550808,F2-e003Coalescence-mGAM-p5_S61,101638
16,C9-e003Coalescence-mBHI-p3,4,1477971,F2-e003Coalescence-mGAM-p5_S61,101638
17,D10-e003Coalescence-mGAM-p5,0,895834,F2-e003Coalescence-mGAM-p5_S61,101638
18,C2-e003Coalescence-mGAM-p3,4,1349817,F2-e003Coalescence-mGAM-p5_S61,101638
19,B10-e003Coalescence-mBHI-p5,3,751178,F2-e003Coalescence-mGAM-p5_S61,101638
20,C4-e003Coalescence-mGAM-p5,4,1406224,F2-e003Coalescence-mGAM-p5_S61,101638
21,D5-e003Coalescence-mBHI-p5,3,1486364,F2-e003Coalescence-mGAM-p5_S61,101638
22,D3-e003Assembly-mBHI-p3,6,768389,F2-e003Coalescence-mGAM-p5_S61,101638
23,C4-e003Coalescence-mGAM-p3,4,1546978,F2-e003Coalescence-mGAM-p5_S61,101638
24,D3-e003Assembly-mBHI-p5,8,1546651,F2-e003Coalescence-mGAM-p5_S61,101638
25,A10-e003Coalescence-mGAM-p3,4,1530862,F2-e003Coalescence-mGAM-p5_S61,101638
26,B2-e003Coalescence-mGAM-p3,1,442858,F2-e003Coalescence-mGAM-p5_S61,101638
27,D3-e003Coalescence-mGAM-p5,5,515212,F2-e003Coalescence-mGAM-p5_S61,101638
28,C10-e003Coalescence-mGAM-p3,4,1520946,F2-e003Coalescence-mGAM-p5_S61,101638
29,C3-e003Coalescence-Inoculumn-mGAM,0,473234,F2-e003Coalescence-mGAM-p5_S61,101638
30,D4-e003Coalescence-Inoculumn-mBHI,4,618720,F2-e003Coalescence-mGAM-p5_S61,101638
31,A4-e003Coalescence-mBHI-p5,1,958917,F2-e003Coalescence-mGAM-p5_S61,101638
32,D10-e003Coalescence-mGAM-p7,4,938266,F2-e003Coalescence-mGAM-p5_S61,101638
33,C11-e003Coalescence-mGAM-p3,0,727674,F2-e003Coalescence-mGAM-p5_S61,101638
34,C10-e003Coalescence-mBHI-p7,18,636171,F2-e003Coalescence-mGAM-p5_S61,101638
35,B10-e003Coalescence-mBHI-p3,2,1064478,F2-e003Coalescence-mGAM-p5_S61,101638
36,C11-e003Coalescence-mBHI-p5,4,1515011,F2-e003Coalescence-mGAM-p5_S61,101638
37,C2-e003Coalescence-Inoculumn-mGAM,0,514343,F2-e003Coalescence-mGAM-p5_S61,101638
38,B4-e003Coalescence-Inoculumn-mGAM,4,1527645,F2-e003Coalescence-mGAM-p5_S61,101638
39,A10-e003Coalescence-mGAM-p7,2,1119734,F2-e003Coalescence-mGAM-p5_S61,101638
40,C4-e003Coalescence-Inoculumn-mGAM,7,1354072,F2-e003Coalescence-mGAM-p5_S61,101638
41,B10-e003Assembly-mGAM-p3,2,526228,F2-e003Coalescence-mGAM-p5_S61,101638
42,D10-e003Coalescence-mBHI-p7,4,560357,F2-e003Coalescence-mGAM-p5_S61,101638
43,B10-e003GlycerolRevival-mGAM-p2,4,912883,F2-e003Coalescence-mGAM-p5_S61,101638
44,C10-e003Coalescence-mGAM-p5,4,1544682,F2-e003Coalescence-mGAM-p5_S61,101638
45,A3-e003Coalescence-mBHI-p3,6,444927,F2-e003Coalescence-mGAM-p5_S61,101638
46,A4-e003Coalescence-mBHI-p3,1,1204293,F2-e003Coalescence-mGAM-p5_S61,101638
47,C9-e003Coalescence-mGAM-p5,5,810866,F2-e003Coalescence-mGAM-p5_S61,101638
48,C2-e003Coalescence-mGAM-p5,4,1502257,F2-e003Coalescence-mGAM-p5_S61,101638
49,C8-e003Coalescence-mBHI-p5,12,1338159,F2-e003Coalescence-mGAM-p5_S61,101638
50,B4-e003Coalescence-Inoculumn-mBHI,6,563867,F2-e003Coalescence-mGAM-p5_S61,101638
51,C5-e003Coalescence-Inoculumn-mGAM,3,1530071,F2-e003Coalescence-mGAM-p5_S61,101638
52,C4-e003Coalescence-mBHI-p5,8,881699,F2-e003Coalescence-mGAM-p5_S61,101638
53,A4-e003Coalescence-Inoculumn-mGAM,4,1506279,F2-e003Coalescence-mGAM-p5_S61,101638
54,C2-e003Coalescence-mBHI-p7,2,569461,F2-e003Coalescence-mGAM-p5_S61,101638
55,C10-e003Coalescence-mGAM-p7,4,1547140,F2-e003Coalescence-mGAM-p5_S61,101638
56,C10-e003Coalescence-mBHI-p3,3,1524472,F2-e003Coalescence-mGAM-p5_S61,101638
57,H4-e003Coalescence-mGAM-p7_S183,1,991821,F2-e003Coalescence-mGAM-p5_S61,101638
58,F5-e003Coalescence-mGAM-p5_S64,2,468781,F2-e003Coalescence-mGAM-p5_S61,101638
59,F100-e003Coalescence-mGAM-p7_S163,2,1155108,F2-e003Coalescence-mGAM-p5_S61,101638
60,E3-e003Coalescence-mGAM-p3_S58,2,516408,F2-e003Coalescence-mGAM-p5_S61,101638
61,G4-e003Coalescence-mBHI-p5_S27,4,878137,F2-e003Coalescence-mGAM-p5_S61,101638
62,G2-e003Coalescence-mBHI-p3_S33,2,1521290,F2-e003Coalescence-mGAM-p5_S61,101638
63,G100-e003Coalescence-mGAM-p3_S179,5,1153539,F2-e003Coalescence-mGAM-p5_S61,101638
64,G111-e003Coalescence-mBHI-p5_S32,2,1154220,F2-e003Coalescence-mGAM-p5_S61,101638
65,E3-e003Coalescence-mBHI-p3_S10,0,711439,F2-e003Coalescence-mGAM-p5_S61,101638
66,F2-e003Coalescence-mGAM-p7_S157,2,556375,F2-e003Coalescence-mGAM-p5_S61,101638
67,E100-e003Coalescence-mGAM-p3_S155,4,1461251,F2-e003Coalescence-mGAM-p5_S61,101638
68,E3-e003Coalescence-mGAM-p5_S50,2,1371172,F2-e003Coalescence-mGAM-p5_S61,101638
69,H100-e003Coalescence-mBHI-p5_S43,2,925751,F2-e003Coalescence-mGAM-p5_S61,101638
70,F2-e003Coalescence-mGAM-p5_S61,0,1281223,F2-e003Coalescence-mGAM-p5_S61,101638
71,G100-e003Coalescence-mBHI-p5_S31,2,829979,F2-e003Coalescence-mGAM-p5_S61,101638
72,G4-e003Coalescence-mBHI-p3_S35,2,474244,F2-e003Coalescence-mGAM-p5_S61,101638
73,E4-e003Coalescence-mBHI-p5_S3,4,1426946,F2-e003Coalescence-mGAM-p5_S61,101638
74,E4-e003Coalescence-mGAM-p5_S51,0,579225,F2-e003Coalescence-mGAM-p5_S61,101638
75,G9-e003Coalescence-mGAM-p7_S174,0,622414,F2-e003Coalescence-mGAM-p5_S61,101638
76,E8-e003Coalescence-mGAM-p3_S153,2,1489557,F2-e003Coalescence-mGAM-p5_S61,101638
77,G100-e003Coalescence-mGAM-p7_S175,1,673821,F2-e003Coalescence-mGAM-p5_S61,101638
78,G3-e003Coalescence-mBHI-p7_S122,0,531581,F2-e003Coalescence-mGAM-p5_S61,101638
79,G4-e003Coalescence-mGAM-p5_S75,2,1533148,F2-e003Coalescence-mGAM-p5_S61,101638
80,G8-e003Coalescence-mBHI-p3_S129,0,840340,F2-e003Coalescence-mGAM-p5_S61,101638
81,G2-e003Coalescence-mGAM-p5_S73,2,1525280,F2-e003Coalescence-mGAM-p5_S61,101638
82,E100-e003Coalescence-mGAM-p5_S55,3,1291155,F2-e003Coalescence-mGAM-p5_S61,101638
83,G4-e003Coalescence-mGAM-p3_S83,2,1536688,F2-e003Coalescence-mGAM-p5_S61,101638
84,F4-e003Coalescence-mBHI-p7_S111,4,477586,F2-e003Coalescence-mGAM-p5_S61,101638
85,G4-e003Coalescence-mGAM-p7_S171,3,1471075,F2-e003Coalescence-mGAM-p5_S61,101638
86,F100-e003Coalescence-mBHI-p7_S115,5,1350695,F2-e003Coalescence-mGAM-p5_S61,101638
87,E3-e003Coalescence-mGAM-p7_S146,3,1297929,F2-e003Coalescence-mGAM-p5_S61,101638
88,E3-e003Coalescence-mBHI-p5_S2,0,758841,F2-e003Coalescence-mGAM-p5_S61,101638
89,G2-e003Coalescence-mBHI-p7_S121,5,1251923,F2-e003Coalescence-mGAM-p5_S61,101638
90,F2-e003Coalescence-mBHI-p5_S13,3,1483168,F2-e003Coalescence-mGAM-p5_S61,101638
91,F2-e003Coalescence-mGAM-p3_S69,1,1044013,F2-e003Coalescence-mGAM-p5_S61,101638
92,G100-e003Coalescence-mGAM-p5_S79,2,1518875,F2-e003Coalescence-mGAM-p5_S61,101638
93,E4-e003Coalescence-mGAM-p7_S147,2,1030477,F2-e003Coalescence-mGAM-p5_S61,101638
94,E4-e003Coalescence-mGAM-p3_S59,2,1512400,F2-e003Coalescence-mGAM-p5_S61,101638
95,H100-e003Coalescence-mBHI-p7_S139,2,1461470,F2-e003Coalescence-mGAM-p5_S61,101638
96,G8-e003Coalescence-mBHI-p5_S29,2,757680,F2-e003Coalescence-mGAM-p5_S61,101638
97,G2-e003Coalescence-mBHI-p5_S25,2,1534425,F2-e003Coalescence-mGAM-p5_S61,101638
98,G8-e003Coalescence-mGAM-p7_S173,7,1390044,F2-e003Coalescence-mGAM-p5_S61,101638
99,E4-e003Coalescence-mBHI-p3_S11,4,1489708,F2-e003Coalescence-mGAM-p5_S61,101638
100,G9-e003Coalescence-mBHI-p5_S30,1,972978,F2-e003Coalescence-mGAM-p5_S61,101638
101,E100-e003Coalescence-mGAM-p7_S151,2,1431882,F2-e003Coalescence-mGAM-p5_S61,101638
102,G9-e003Coalescence-mGAM-p3_S178,2,1118807,F2-e003Coalescence-mGAM-p5_S61,101638
103,G2-e003Coalescence-mGAM-p3_S81,2,1516772,F2-e003Coalescence-mGAM-p5_S61,101638
104,G100-e003Coalescence-mBHI-p7_S127,1,560797,F2-e003Coalescence-mGAM-p5_S61,101638
0,C9-e003Coalescence-mGAM-p3,1,712205,G100-e003Coalescence-mBHI-p5_S31,101638
1,C11-e003Coalescence-mBHI-p3,0,455308,G100-e003Coalescence-mBHI-p5_S31,101638
2,C9-e003Coalescence-mGAM-p7,0,500113,G100-e003Coalescence-mBHI-p5_S31,101638
3,C8-e003Coalescence-mGAM-p7,4,1423925,G100-e003Coalescence-mBHI-p5_S31,101638
4,D10-e003Coalescence-mBHI-p3,0,592022,G100-e003Coalescence-mBHI-p5_S31,101638
5,B2-e003Coalescence-mBHI-p3,1,640269,G100-e003Coalescence-mBHI-p5_S31,101638
6,A4-e003Coalescence-mBHI-p7,0,1046978,G100-e003Coalescence-mBHI-p5_S31,101638
7,B3-e003Coalescence-mBHI-p3,14,851498,G100-e003Coalescence-mBHI-p5_S31,101638
8,C2-e003Coalescence-mBHI-p5,4,1531728,G100-e003Coalescence-mBHI-p5_S31,101638
9,C4-e003GlycerolRevival-mBHI-p2,1,655282,G100-e003Coalescence-mBHI-p5_S31,101638
10,B2-e003Coalescence-mBHI-p5,7,1376755,G100-e003Coalescence-mBHI-p5_S31,101638
11,C4-e003Coalescence-mGAM-p7,2,1491174,G100-e003Coalescence-mBHI-p5_S31,101638
12,B10-e003Assembly-mGAM-p5,0,708824,G100-e003Coalescence-mBHI-p5_S31,101638
13,C2-e003Coalescence-mGAM-p7,4,1544636,G100-e003Coalescence-mBHI-p5_S31,101638
14,C9-e003Coalescence-mBHI-p5,3,843947,G100-e003Coalescence-mBHI-p5_S31,101638
15,C2-e003Coalescence-mBHI-p3,4,1550808,G100-e003Coalescence-mBHI-p5_S31,101638
16,C9-e003Coalescence-mBHI-p3,3,1477971,G100-e003Coalescence-mBHI-p5_S31,101638
17,D10-e003Coalescence-mGAM-p5,1,895834,G100-e003Coalescence-mBHI-p5_S31,101638
18,C2-e003Coalescence-mGAM-p3,1,1349817,G100-e003Coalescence-mBHI-p5_S31,101638
19,B10-e003Coalescence-mBHI-p5,2,751178,G100-e003Coalescence-mBHI-p5_S31,101638
20,C4-e003Coalescence-mGAM-p5,2,1406224,G100-e003Coalescence-mBHI-p5_S31,101638
21,D5-e003Coalescence-mBHI-p5,5,1486364,G100-e003Coalescence-mBHI-p5_S31,101638
22,D3-e003Assembly-mBHI-p3,3,768389,G100-e003Coalescence-mBHI-p5_S31,101638
23,C4-e003Coalescence-mGAM-p3,2,1546978,G100-e003Coalescence-mBHI-p5_S31,101638
24,D3-e003Assembly-mBHI-p5,4,1546651,G100-e003Coalescence-mBHI-p5_S31,101638
25,A10-e003Coalescence-mGAM-p3,3,1530862,G100-e003Coalescence-mBHI-p5_S31,101638
26,B2-e003Coalescence-mGAM-p3,1,442858,G100-e003Coalescence-mBHI-p5_S31,101638
27,D3-e003Coalescence-mGAM-p5,1,515212,G100-e003Coalescence-mBHI-p5_S31,101638
28,C10-e003Coalescence-mGAM-p3,2,1520946,G100-e003Coalescence-mBHI-p5_S31,101638
29,C3-e003Coalescence-Inoculumn-mGAM,0,473234,G100-e003Coalescence-mBHI-p5_S31,101638
30,D4-e003Coalescence-Inoculumn-mBHI,4,618720,G100-e003Coalescence-mBHI-p5_S31,101638
31,A4-e003Coalescence-mBHI-p5,2,958917,G100-e003Coalescence-mBHI-p5_S31,101638
32,D10-e003Coalescence-mGAM-p7,2,938266,G100-e003Coalescence-mBHI-p5_S31,101638
33,C11-e003Coalescence-mGAM-p3,3,727674,G100-e003Coalescence-mBHI-p5_S31,101638
34,C10-e003Coalescence-mBHI-p7,11,636171,G100-e003Coalescence-mBHI-p5_S31,101638
35,B10-e003Coalescence-mBHI-p3,1,1064478,G100-e003Coalescence-mBHI-p5_S31,101638
36,C11-e003Coalescence-mBHI-p5,3,1515011,G100-e003Coalescence-mBHI-p5_S31,101638
37,C2-e003Coalescence-Inoculumn-mGAM,0,514343,G100-e003Coalescence-mBHI-p5_S31,101638
38,B4-e003Coalescence-Inoculumn-mGAM,2,1527645,G100-e003Coalescence-mBHI-p5_S31,101638
39,A10-e003Coalescence-mGAM-p7,2,1119734,G100-e003Coalescence-mBHI-p5_S31,101638
40,C4-e003Coalescence-Inoculumn-mGAM,2,1354072,G100-e003Coalescence-mBHI-p5_S31,101638
41,B10-e003Assembly-mGAM-p3,1,526228,G100-e003Coalescence-mBHI-p5_S31,101638
42,D10-e003Coalescence-mBHI-p7,2,560357,G100-e003Coalescence-mBHI-p5_S31,101638
43,B10-e003GlycerolRevival-mGAM-p2,1,912883,G100-e003Coalescence-mBHI-p5_S31,101638
44,C10-e003Coalescence-mGAM-p5,3,1544682,G100-e003Coalescence-mBHI-p5_S31,101638
45,A3-e003Coalescence-mBHI-p3,5,444927,G100-e003Coalescence-mBHI-p5_S31,101638
46,A4-e003Coalescence-mBHI-p3,3,1204293,G100-e003Coalescence-mBHI-p5_S31,101638
47,C9-e003Coalescence-mGAM-p5,1,810866,G100-e003Coalescence-mBHI-p5_S31,101638
48,C2-e003Coalescence-mGAM-p5,3,1502257,G100-e003Coalescence-mBHI-p5_S31,101638
49,C8-e003Coalescence-mBHI-p5,11,1338159,G100-e003Coalescence-mBHI-p5_S31,101638
50,B4-e003Coalescence-Inoculumn-mBHI,1,563867,G100-e003Coalescence-mBHI-p5_S31,101638
51,C5-e003Coalescence-Inoculumn-mGAM,2,1530071,G100-e003Coalescence-mBHI-p5_S31,101638
52,C4-e003Coalescence-mBHI-p5,6,881699,G100-e003Coalescence-mBHI-p5_S31,101638
53,A4-e003Coalescence-Inoculumn-mGAM,3,1506279,G100-e003Coalescence-mBHI-p5_S31,101638
54,C2-e003Coalescence-mBHI-p7,2,569461,G100-e003Coalescence-mBHI-p5_S31,101638
55,C10-e003Coalescence-mGAM-p7,2,1547140,G100-e003Coalescence-mBHI-p5_S31,101638
56,C10-e003Coalescence-mBHI-p3,10,1524472,G100-e003Coalescence-mBHI-p5_S31,101638
57,H4-e003Coalescence-mGAM-p7_S183,8,991821,G100-e003Coalescence-mBHI-p5_S31,101638
58,F5-e003Coalescence-mGAM-p5_S64,2,468781,G100-e003Coalescence-mBHI-p5_S31,101638
59,F100-e003Coalescence-mGAM-p7_S163,2,1155108,G100-e003Coalescence-mBHI-p5_S31,101638
60,E3-e003Coalescence-mGAM-p3_S58,1,516408,G100-e003Coalescence-mBHI-p5_S31,101638
61,G4-e003Coalescence-mBHI-p5_S27,1,878137,G100-e003Coalescence-mBHI-p5_S31,101638
62,G2-e003Coalescence-mBHI-p3_S33,2,1521290,G100-e003Coalescence-mBHI-p5_S31,101638
63,G100-e003Coalescence-mGAM-p3_S179,1,1153539,G100-e003Coalescence-mBHI-p5_S31,101638
64,G111-e003Coalescence-mBHI-p5_S32,4,1154220,G100-e003Coalescence-mBHI-p5_S31,101638
65,E3-e003Coalescence-mBHI-p3_S10,1,711439,G100-e003Coalescence-mBHI-p5_S31,101638
66,F2-e003Coalescence-mGAM-p7_S157,1,556375,G100-e003Coalescence-mBHI-p5_S31,101638
67,E100-e003Coalescence-mGAM-p3_S155,3,1461251,G100-e003Coalescence-mBHI-p5_S31,101638
68,E3-e003Coalescence-mGAM-p5_S50,2,1371172,G100-e003Coalescence-mBHI-p5_S31,101638
69,H100-e003Coalescence-mBHI-p5_S43,0,925751,G100-e003Coalescence-mBHI-p5_S31,101638
70,F2-e003Coalescence-mGAM-p5_S61,2,1281223,G100-e003Coalescence-mBHI-p5_S31,101638
71,G100-e003Coalescence-mBHI-p5_S31,0,829979,G100-e003Coalescence-mBHI-p5_S31,101638
72,G4-e003Coalescence-mBHI-p3_S35,6,474244,G100-e003Coalescence-mBHI-p5_S31,101638
73,E4-e003Coalescence-mBHI-p5_S3,4,1426946,G100-e003Coalescence-mBHI-p5_S31,101638
74,E4-e003Coalescence-mGAM-p5_S51,1,579225,G100-e003Coalescence-mBHI-p5_S31,101638
75,G9-e003Coalescence-mGAM-p7_S174,1,622414,G100-e003Coalescence-mBHI-p5_S31,101638
76,E8-e003Coalescence-mGAM-p3_S153,3,1489557,G100-e003Coalescence-mBHI-p5_S31,101638
77,G100-e003Coalescence-mGAM-p7_S175,1,673821,G100-e003Coalescence-mBHI-p5_S31,101638
78,G3-e003Coalescence-mBHI-p7_S122,2,531581,G100-e003Coalescence-mBHI-p5_S31,101638
79,G4-e003Coalescence-mGAM-p5_S75,2,1533148,G100-e003Coalescence-mBHI-p5_S31,101638
80,G8-e003Coalescence-mBHI-p3_S129,1,840340,G100-e003Coalescence-mBHI-p5_S31,101638
81,G2-e003Coalescence-mGAM-p5_S73,3,1525280,G100-e003Coalescence-mBHI-p5_S31,101638
82,E100-e003Coalescence-mGAM-p5_S55,2,1291155,G100-e003Coalescence-mBHI-p5_S31,101638
83,G4-e003Coalescence-mGAM-p3_S83,2,1536688,G100-e003Coalescence-mBHI-p5_S31,101638
84,F4-e003Coalescence-mBHI-p7_S111,3,477586,G100-e003Coalescence-mBHI-p5_S31,101638
85,G4-e003Coalescence-mGAM-p7_S171,2,1471075,G100-e003Coalescence-mBHI-p5_S31,101638
86,F100-e003Coalescence-mBHI-p7_S115,3,1350695,G100-e003Coalescence-mBHI-p5_S31,101638
87,E3-e003Coalescence-mGAM-p7_S146,2,1297929,G100-e003Coalescence-mBHI-p5_S31,101638
88,E3-e003Coalescence-mBHI-p5_S2,1,758841,G100-e003Coalescence-mBHI-p5_S31,101638
89,G2-e003Coalescence-mBHI-p7_S121,2,1251923,G100-e003Coalescence-mBHI-p5_S31,101638
90,F2-e003Coalescence-mBHI-p5_S13,4,1483168,G100-e003Coalescence-mBHI-p5_S31,101638
91,F2-e003Coalescence-mGAM-p3_S69,0,1044013,G100-e003Coalescence-mBHI-p5_S31,101638
92,G100-e003Coalescence-mGAM-p5_S79,1,1518875,G100-e003Coalescence-mBHI-p5_S31,101638
93,E4-e003Coalescence-mGAM-p7_S147,2,1030477,G100-e003Coalescence-mBHI-p5_S31,101638
94,E4-e003Coalescence-mGAM-p3_S59,1,1512400,G100-e003Coalescence-mBHI-p5_S31,101638
95,H100-e003Coalescence-mBHI-p7_S139,3,1461470,G100-e003Coalescence-mBHI-p5_S31,101638
96,G8-e003Coalescence-mBHI-p5_S29,2,757680,G100-e003Coalescence-mBHI-p5_S31,101638
97,G2-e003Coalescence-mBHI-p5_S25,2,1534425,G100-e003Coalescence-mBHI-p5_S31,101638
98,G8-e003Coalescence-mGAM-p7_S173,4,1390044,G100-e003Coalescence-mBHI-p5_S31,101638
99,E4-e003Coalescence-mBHI-p3_S11,2,1489708,G100-e003Coalescence-mBHI-p5_S31,101638
100,G9-e003Coalescence-mBHI-p5_S30,1,972978,G100-e003Coalescence-mBHI-p5_S31,101638
101,E100-e003Coalescence-mGAM-p7_S151,4,1431882,G100-e003Coalescence-mBHI-p5_S31,101638
102,G9-e003Coalescence-mGAM-p3_S178,1,1118807,G100-e003Coalescence-mBHI-p5_S31,101638
103,G2-e003Coalescence-mGAM-p3_S81,3,1516772,G100-e003Coalescence-mBHI-p5_S31,101638
104,G100-e003Coalescence-mBHI-p7_S127,1,560797,G100-e003Coalescence-mBHI-p5_S31,101638
0,C9-e003Coalescence-mGAM-p3,0,712205,G4-e003Coalescence-mBHI-p3_S35,101638
1,C11-e003Coalescence-mBHI-p3,2,455308,G4-e003Coalescence-mBHI-p3_S35,101638
2,C9-e003Coalescence-mGAM-p7,1,500113,G4-e003Coalescence-mBHI-p3_S35,101638
3,C8-e003Coalescence-mGAM-p7,8,1423925,G4-e003Coalescence-mBHI-p3_S35,101638
4,D10-e003Coalescence-mBHI-p3,6,592022,G4-e003Coalescence-mBHI-p3_S35,101638
5,B2-e003Coalescence-mBHI-p3,5,640269,G4-e003Coalescence-mBHI-p3_S35,101638
6,A4-e003Coalescence-mBHI-p7,10,1046978,G4-e003Coalescence-mBHI-p3_S35,101638
7,B3-e003Coalescence-mBHI-p3,10,851498,G4-e003Coalescence-mBHI-p3_S35,101638
8,C2-e003Coalescence-mBHI-p5,10,1531728,G4-e003Coalescence-mBHI-p3_S35,101638
9,C4-e003GlycerolRevival-mBHI-p2,6,655282,G4-e003Coalescence-mBHI-p3_S35,101638
10,B2-e003Coalescence-mBHI-p5,4,1376755,G4-e003Coalescence-mBHI-p3_S35,101638
11,C4-e003Coalescence-mGAM-p7,8,1491174,G4-e003Coalescence-mBHI-p3_S35,101638
12,B10-e003Assembly-mGAM-p5,6,708824,G4-e003Coalescence-mBHI-p3_S35,101638
13,C2-e003Coalescence-mGAM-p7,7,1544636,G4-e003Coalescence-mBHI-p3_S35,101638
14,C9-e003Coalescence-mBHI-p5,0,843947,G4-e003Coalescence-mBHI-p3_S35,101638
15,C2-e003Coalescence-mBHI-p3,11,1550808,G4-e003Coalescence-mBHI-p3_S35,101638
16,C9-e003Coalescence-mBHI-p3,11,1477971,G4-e003Coalescence-mBHI-p3_S35,101638
17,D10-e003Coalescence-mGAM-p5,9,895834,G4-e003Coalescence-mBHI-p3_S35,101638
18,C2-e003Coalescence-mGAM-p3,8,1349817,G4-e003Coalescence-mBHI-p3_S35,101638
19,B10-e003Coalescence-mBHI-p5,8,751178,G4-e003Coalescence-mBHI-p3_S35,101638
20,C4-e003Coalescence-mGAM-p5,12,1406224,G4-e003Coalescence-mBHI-p3_S35,101638
21,D5-e003Coalescence-mBHI-p5,8,1486364,G4-e003Coalescence-mBHI-p3_S35,101638
22,D3-e003Assembly-mBHI-p3,8,768389,G4-e003Coalescence-mBHI-p3_S35,101638
23,C4-e003Coalescence-mGAM-p3,3,1546978,G4-e003Coalescence-mBHI-p3_S35,101638
24,D3-e003Assembly-mBHI-p5,17,1546651,G4-e003Coalescence-mBHI-p3_S35,101638
25,A10-e003Coalescence-mGAM-p3,7,1530862,G4-e003Coalescence-mBHI-p3_S35,101638
26,B2-e003Coalescence-mGAM-p3,2,442858,G4-e003Coalescence-mBHI-p3_S35,101638
27,D3-e003Coalescence-mGAM-p5,2,515212,G4-e003Coalescence-mBHI-p3_S35,101638
28,C10-e003Coalescence-mGAM-p3,9,1520946,G4-e003Coalescence-mBHI-p3_S35,101638
29,C3-e003Coalescence-Inoculumn-mGAM,2,473234,G4-e003Coalescence-mBHI-p3_S35,101638
30,D4-e003Coalescence-Inoculumn-mBHI,6,618720,G4-e003Coalescence-mBHI-p3_S35,101638
31,A4-e003Coalescence-mBHI-p5,18,958917,G4-e003Coalescence-mBHI-p3_S35,101638
32,D10-e003Coalescence-mGAM-p7,7,938266,G4-e003Coalescence-mBHI-p3_S35,101638
33,C11-e003Coalescence-mGAM-p3,9,727674,G4-e003Coalescence-mBHI-p3_S35,101638
34,C10-e003Coalescence-mBHI-p7,20,636171,G4-e003Coalescence-mBHI-p3_S35,101638
35,B10-e003Coalescence-mBHI-p3,0,1064478,G4-e003Coalescence-mBHI-p3_S35,101638
36,C11-e003Coalescence-mBHI-p5,9,1515011,G4-e003Coalescence-mBHI-p3_S35,101638
37,C2-e003Coalescence-Inoculumn-mGAM,2,514343,G4-e003Coalescence-mBHI-p3_S35,101638
38,B4-e003Coalescence-Inoculumn-mGAM,10,1527645,G4-e003Coalescence-mBHI-p3_S35,101638
39,A10-e003Coalescence-mGAM-p7,2,1119734,G4-e003Coalescence-mBHI-p3_S35,101638
40,C4-e003Coalescence-Inoculumn-mGAM,3,1354072,G4-e003Coalescence-mBHI-p3_S35,101638
41,B10-e003Assembly-mGAM-p3,0,526228,G4-e003Coalescence-mBHI-p3_S35,101638
42,D10-e003Coalescence-mBHI-p7,0,560357,G4-e003Coalescence-mBHI-p3_S35,101638
43,B10-e003GlycerolRevival-mGAM-p2,3,912883,G4-e003Coalescence-mBHI-p3_S35,101638
44,C10-e003Coalescence-mGAM-p5,13,1544682,G4-e003Coalescence-mBHI-p3_S35,101638
45,A3-e003Coalescence-mBHI-p3,6,444927,G4-e003Coalescence-mBHI-p3_S35,101638
46,A4-e003Coalescence-mBHI-p3,13,1204293,G4-e003Coalescence-mBHI-p3_S35,101638
47,C9-e003Coalescence-mGAM-p5,9,810866,G4-e003Coalescence-mBHI-p3_S35,101638
48,C2-e003Coalescence-mGAM-p5,10,1502257,G4-e003Coalescence-mBHI-p3_S35,101638
49,C8-e003Coalescence-mBHI-p5,31,1338159,G4-e003Coalescence-mBHI-p3_S35,101638
50,B4-e003Coalescence-Inoculumn-mBHI,5,563867,G4-e003Coalescence-mBHI-p3_S35,101638
51,C5-e003Coalescence-Inoculumn-mGAM,8,1530071,G4-e003Coalescence-mBHI-p3_S35,101638
52,C4-e003Coalescence-mBHI-p5,6,881699,G4-e003Coalescence-mBHI-p3_S35,101638
53,A4-e003Coalescence-Inoculumn-mGAM,10,1506279,G4-e003Coalescence-mBHI-p3_S35,101638
54,C2-e003Coalescence-mBHI-p7,1,569461,G4-e003Coalescence-mBHI-p3_S35,101638
55,C10-e003Coalescence-mGAM-p7,13,1547140,G4-e003Coalescence-mBHI-p3_S35,101638
56,C10-e003Coalescence-mBHI-p3,23,1524472,G4-e003Coalescence-mBHI-p3_S35,101638
57,H4-e003Coalescence-mGAM-p7_S183,12,991821,G4-e003Coalescence-mBHI-p3_S35,101638
58,F5-e003Coalescence-mGAM-p5_S64,0,468781,G4-e003Coalescence-mBHI-p3_S35,101638
59,F100-e003Coalescence-mGAM-p7_S163,12,1155108,G4-e003Coalescence-mBHI-p3_S35,101638
60,E3-e003Coalescence-mGAM-p3_S58,1,516408,G4-e003Coalescence-mBHI-p3_S35,101638
61,G4-e003Coalescence-mBHI-p5_S27,6,878137,G4-e003Coalescence-mBHI-p3_S35,101638
62,G2-e003Coalescence-mBHI-p3_S33,6,1521290,G4-e003Coalescence-mBHI-p3_S35,101638
63,G100-e003Coalescence-mGAM-p3_S179,2,1153539,G4-e003Coalescence-mBHI-p3_S35,101638
64,G111-e003Coalescence-mBHI-p5_S32,8,1154220,G4-e003Coalescence-mBHI-p3_S35,101638
65,E3-e003Coalescence-mBHI-p3_S10,11,711439,G4-e003Coalescence-mBHI-p3_S35,101638
66,F2-e003Coalescence-mGAM-p7_S157,4,556375,G4-e003Coalescence-mBHI-p3_S35,101638
67,E100-e003Coalescence-mGAM-p3_S155,17,1461251,G4-e003Coalescence-mBHI-p3_S35,101638
68,E3-e003Coalescence-mGAM-p5_S50,13,1371172,G4-e003Coalescence-mBHI-p3_S35,101638
69,H100-e003Coalescence-mBHI-p5_S43,1,925751,G4-e003Coalescence-mBHI-p3_S35,101638
70,F2-e003Coalescence-mGAM-p5_S61,2,1281223,G4-e003Coalescence-mBHI-p3_S35,101638
71,G100-e003Coalescence-mBHI-p5_S31,9,829979,G4-e003Coalescence-mBHI-p3_S35,101638
72,G4-e003Coalescence-mBHI-p3_S35,0,474244,G4-e003Coalescence-mBHI-p3_S35,101638
73,E4-e003Coalescence-mBHI-p5_S3,4,1426946,G4-e003Coalescence-mBHI-p3_S35,101638
74,E4-e003Coalescence-mGAM-p5_S51,0,579225,G4-e003Coalescence-mBHI-p3_S35,101638
75,G9-e003Coalescence-mGAM-p7_S174,6,622414,G4-e003Coalescence-mBHI-p3_S35,101638
76,E8-e003Coalescence-mGAM-p3_S153,9,1489557,G4-e003Coalescence-mBHI-p3_S35,101638
77,G100-e003Coalescence-mGAM-p7_S175,0,673821,G4-e003Coalescence-mBHI-p3_S35,101638
78,G3-e003Coalescence-mBHI-p7_S122,8,531581,G4-e003Coalescence-mBHI-p3_S35,101638
79,G4-e003Coalescence-mGAM-p5_S75,6,1533148,G4-e003Coalescence-mBHI-p3_S35,101638
80,G8-e003Coalescence-mBHI-p3_S129,6,840340,G4-e003Coalescence-mBHI-p3_S35,101638
81,G2-e003Coalescence-mGAM-p5_S73,8,1525280,G4-e003Coalescence-mBHI-p3_S35,101638
82,E100-e003Coalescence-mGAM-p5_S55,8,1291155,G4-e003Coalescence-mBHI-p3_S35,101638
83,G4-e003Coalescence-mGAM-p3_S83,6,1536688,G4-e003Coalescence-mBHI-p3_S35,101638
84,F4-e003Coalescence-mBHI-p7_S111,0,477586,G4-e003Coalescence-mBHI-p3_S35,101638
85,G4-e003Coalescence-mGAM-p7_S171,3,1471075,G4-e003Coalescence-mBHI-p3_S35,101638
86,F100-e003Coalescence-mBHI-p7_S115,8,1350695,G4-e003Coalescence-mBHI-p3_S35,101638
87,E3-e003Coalescence-mGAM-p7_S146,5,1297929,G4-e003Coalescence-mBHI-p3_S35,101638
88,E3-e003Coalescence-mBHI-p5_S2,4,758841,G4-e003Coalescence-mBHI-p3_S35,101638
89,G2-e003Coalescence-mBHI-p7_S121,0,1251923,G4-e003Coalescence-mBHI-p3_S35,101638
90,F2-e003Coalescence-mBHI-p5_S13,13,1483168,G4-e003Coalescence-mBHI-p3_S35,101638
91,F2-e003Coalescence-mGAM-p3_S69,6,1044013,G4-e003Coalescence-mBHI-p3_S35,101638
92,G100-e003Coalescence-mGAM-p5_S79,9,1518875,G4-e003Coalescence-mBHI-p3_S35,101638
93,E4-e003Coalescence-mGAM-p7_S147,5,1030477,G4-e003Coalescence-mBHI-p3_S35,101638
94,E4-e003Coalescence-mGAM-p3_S59,7,1512400,G4-e003Coalescence-mBHI-p3_S35,101638
95,H100-e003Coalescence-mBHI-p7_S139,9,1461470,G4-e003Coalescence-mBHI-p3_S35,101638
96,G8-e003Coalescence-mBHI-p5_S29,11,757680,G4-e003Coalescence-mBHI-p3_S35,101638
97,G2-e003Coalescence-mBHI-p5_S25,6,1534425,G4-e003Coalescence-mBHI-p3_S35,101638
98,G8-e003Coalescence-mGAM-p7_S173,18,1390044,G4-e003Coalescence-mBHI-p3_S35,101638
99,E4-e003Coalescence-mBHI-p3_S11,8,1489708,G4-e003Coalescence-mBHI-p3_S35,101638
100,G9-e003Coalescence-mBHI-p5_S30,5,972978,G4-e003Coalescence-mBHI-p3_S35,101638
101,E100-e003Coalescence-mGAM-p7_S151,11,1431882,G4-e003Coalescence-mBHI-p3_S35,101638
102,G9-e003Coalescence-mGAM-p3_S178,6,1118807,G4-e003Coalescence-mBHI-p3_S35,101638
103,G2-e003Coalescence-mGAM-p3_S81,5,1516772,G4-e003Coalescence-mBHI-p3_S35,101638
104,G100-e003Coalescence-mBHI-p7_S127,0,560797,G4-e003Coalescence-mBHI-p3_S35,101638
0,C9-e003Coalescence-mGAM-p3,22,712205,E4-e003Coalescence-mBHI-p5_S3,101638
1,C11-e003Coalescence-mBHI-p3,4,455308,E4-e003Coalescence-mBHI-p5_S3,101638
2,C9-e003Coalescence-mGAM-p7,30,500113,E4-e003Coalescence-mBHI-p5_S3,101638
3,C8-e003Coalescence-mGAM-p7,11,1423925,E4-e003Coalescence-mBHI-p5_S3,101638
4,D10-e003Coalescence-mBHI-p3,28,592022,E4-e003Coalescence-mBHI-p5_S3,101638
5,B2-e003Coalescence-mBHI-p3,11,640269,E4-e003Coalescence-mBHI-p5_S3,101638
6,A4-e003Coalescence-mBHI-p7,7,1046978,E4-e003Coalescence-mBHI-p5_S3,101638
7,B3-e003Coalescence-mBHI-p3,28,851498,E4-e003Coalescence-mBHI-p5_S3,101638
8,C2-e003Coalescence-mBHI-p5,12,1531728,E4-e003Coalescence-mBHI-p5_S3,101638
9,C4-e003GlycerolRevival-mBHI-p2,24,655282,E4-e003Coalescence-mBHI-p5_S3,101638
10,B2-e003Coalescence-mBHI-p5,16,1376755,E4-e003Coalescence-mBHI-p5_S3,101638
11,C4-e003Coalescence-mGAM-p7,11,1491174,E4-e003Coalescence-mBHI-p5_S3,101638
12,B10-e003Assembly-mGAM-p5,4,708824,E4-e003Coalescence-mBHI-p5_S3,101638
13,C2-e003Coalescence-mGAM-p7,11,1544636,E4-e003Coalescence-mBHI-p5_S3,101638
14,C9-e003Coalescence-mBHI-p5,34,843947,E4-e003Coalescence-mBHI-p5_S3,101638
15,C2-e003Coalescence-mBHI-p3,12,1550808,E4-e003Coalescence-mBHI-p5_S3,101638
16,C9-e003Coalescence-mBHI-p3,44,1477971,E4-e003Coalescence-mBHI-p5_S3,101638
17,D10-e003Coalescence-mGAM-p5,30,895834,E4-e003Coalescence-mBHI-p5_S3,101638
18,C2-e003Coalescence-mGAM-p3,11,1349817,E4-e003Coalescence-mBHI-p5_S3,101638
19,B10-e003Coalescence-mBHI-p5,24,751178,E4-e003Coalescence-mBHI-p5_S3,101638
20,C4-e003Coalescence-mGAM-p5,11,1406224,E4-e003Coalescence-mBHI-p5_S3,101638
21,D5-e003Coalescence-mBHI-p5,8,1486364,E4-e003Coalescence-mBHI-p5_S3,101638
22,D3-e003Assembly-mBHI-p3,30,768389,E4-e003Coalescence-mBHI-p5_S3,101638
23,C4-e003Coalescence-mGAM-p3,11,1546978,E4-e003Coalescence-mBHI-p5_S3,101638
24,D3-e003Assembly-mBHI-p5,35,1546651,E4-e003Coalescence-mBHI-p5_S3,101638
25,A10-e003Coalescence-mGAM-p3,13,1530862,E4-e003Coalescence-mBHI-p5_S3,101638
26,B2-e003Coalescence-mGAM-p3,9,442858,E4-e003Coalescence-mBHI-p5_S3,101638
27,D3-e003Coalescence-mGAM-p5,12,515212,E4-e003Coalescence-mBHI-p5_S3,101638
28,C10-e003Coalescence-mGAM-p3,16,1520946,E4-e003Coalescence-mBHI-p5_S3,101638
29,C3-e003Coalescence-Inoculumn-mGAM,8,473234,E4-e003Coalescence-mBHI-p5_S3,101638
30,D4-e003Coalescence-Inoculumn-mBHI,6,618720,E4-e003Coalescence-mBHI-p5_S3,101638
31,A4-e003Coalescence-mBHI-p5,2,958917,E4-e003Coalescence-mBHI-p5_S3,101638
32,D10-e003Coalescence-mGAM-p7,18,938266,E4-e003Coalescence-mBHI-p5_S3,101638
33,C11-e003Coalescence-mGAM-p3,39,727674,E4-e003Coalescence-mBHI-p5_S3,101638
34,C10-e003Coalescence-mBHI-p7,25,636171,E4-e003Coalescence-mBHI-p5_S3,101638
35,B10-e003Coalescence-mBHI-p3,28,1064478,E4-e003Coalescence-mBHI-p5_S3,101638
36,C11-e003Coalescence-mBHI-p5,21,1515011,E4-e003Coalescence-mBHI-p5_S3,101638
37,C2-e003Coalescence-Inoculumn-mGAM,2,514343,E4-e003Coalescence-mBHI-p5_S3,101638
38,B4-e003Coalescence-Inoculumn-mGAM,51,1527645,E4-e003Coalescence-mBHI-p5_S3,101638
39,A10-e003Coalescence-mGAM-p7,9,1119734,E4-e003Coalescence-mBHI-p5_S3,101638
40,C4-e003Coalescence-Inoculumn-mGAM,15,1354072,E4-e003Coalescence-mBHI-p5_S3,101638
41,B10-e003Assembly-mGAM-p3,10,526228,E4-e003Coalescence-mBHI-p5_S3,101638
42,D10-e003Coalescence-mBHI-p7,9,560357,E4-e003Coalescence-mBHI-p5_S3,101638
43,B10-e003GlycerolRevival-mGAM-p2,10,912883,E4-e003Coalescence-mBHI-p5_S3,101638
44,C10-e003Coalescence-mGAM-p5,17,1544682,E4-e003Coalescence-mBHI-p5_S3,101638
45,A3-e003Coalescence-mBHI-p3,5,444927,E4-e003Coalescence-mBHI-p5_S3,101638
46,A4-e003Coalescence-mBHI-p3,6,1204293,E4-e003Coalescence-mBHI-p5_S3,101638
47,C9-e003Coalescence-mGAM-p5,37,810866,E4-e003Coalescence-mBHI-p5_S3,101638
48,C2-e003Coalescence-mGAM-p5,12,1502257,E4-e003Coalescence-mBHI-p5_S3,101638
49,C8-e003Coalescence-mBHI-p5,17,1338159,E4-e003Coalescence-mBHI-p5_S3,101638
50,B4-e003Coalescence-Inoculumn-mBHI,5,563867,E4-e003Coalescence-mBHI-p5_S3,101638
51,C5-e003Coalescence-Inoculumn-mGAM,13,1530071,E4-e003Coalescence-mBHI-p5_S3,101638
52,C4-e003Coalescence-mBHI-p5,20,881699,E4-e003Coalescence-mBHI-p5_S3,101638
53,A4-e003Coalescence-Inoculumn-mGAM,12,1506279,E4-e003Coalescence-mBHI-p5_S3,101638
54,C2-e003Coalescence-mBHI-p7,5,569461,E4-e003Coalescence-mBHI-p5_S3,101638
55,C10-e003Coalescence-mGAM-p7,14,1547140,E4-e003Coalescence-mBHI-p5_S3,101638
56,C10-e003Coalescence-mBHI-p3,15,1524472,E4-e003Coalescence-mBHI-p5_S3,101638
57,H4-e003Coalescence-mGAM-p7_S183,3,991821,E4-e003Coalescence-mBHI-p5_S3,101638
58,F5-e003Coalescence-mGAM-p5_S64,3,468781,E4-e003Coalescence-mBHI-p5_S3,101638
59,F100-e003Coalescence-mGAM-p7_S163,11,1155108,E4-e003Coalescence-mBHI-p5_S3,101638
60,E3-e003Coalescence-mGAM-p3_S58,7,516408,E4-e003Coalescence-mBHI-p5_S3,101638
61,G4-e003Coalescence-mBHI-p5_S27,7,878137,E4-e003Coalescence-mBHI-p5_S3,101638
62,G2-e003Coalescence-mBHI-p3_S33,3,1521290,E4-e003Coalescence-mBHI-p5_S3,101638
63,G100-e003Coalescence-mGAM-p3_S179,2,1153539,E4-e003Coalescence-mBHI-p5_S3,101638
64,G111-e003Coalescence-mBHI-p5_S32,33,1154220,E4-e003Coalescence-mBHI-p5_S3,101638
65,E3-e003Coalescence-mBHI-p3_S10,1,711439,E4-e003Coalescence-mBHI-p5_S3,101638
66,F2-e003Coalescence-mGAM-p7_S157,0,556375,E4-e003Coalescence-mBHI-p5_S3,101638
67,E100-e003Coalescence-mGAM-p3_S155,7,1461251,E4-e003Coalescence-mBHI-p5_S3,101638
68,E3-e003Coalescence-mGAM-p5_S50,5,1371172,E4-e003Coalescence-mBHI-p5_S3,101638
69,H100-e003Coalescence-mBHI-p5_S43,30,925751,E4-e003Coalescence-mBHI-p5_S3,101638
70,F2-e003Coalescence-mGAM-p5_S61,4,1281223,E4-e003Coalescence-mBHI-p5_S3,101638
71,G100-e003Coalescence-mBHI-p5_S31,5,829979,E4-e003Coalescence-mBHI-p5_S3,101638
72,G4-e003Coalescence-mBHI-p3_S35,4,474244,E4-e003Coalescence-mBHI-p5_S3,101638
73,E4-e003Coalescence-mBHI-p5_S3,0,1426946,E4-e003Coalescence-mBHI-p5_S3,101638
74,E4-e003Coalescence-mGAM-p5_S51,0,579225,E4-e003Coalescence-mBHI-p5_S3,101638
75,G9-e003Coalescence-mGAM-p7_S174,25,622414,E4-e003Coalescence-mBHI-p5_S3,101638
76,E8-e003Coalescence-mGAM-p3_S153,4,1489557,E4-e003Coalescence-mBHI-p5_S3,101638
77,G100-e003Coalescence-mGAM-p7_S175,1,673821,E4-e003Coalescence-mBHI-p5_S3,101638
78,G3-e003Coalescence-mBHI-p7_S122,24,531581,E4-e003Coalescence-mBHI-p5_S3,101638
79,G4-e003Coalescence-mGAM-p5_S75,3,1533148,E4-e003Coalescence-mBHI-p5_S3,101638
80,G8-e003Coalescence-mBHI-p3_S129,1,840340,E4-e003Coalescence-mBHI-p5_S3,101638
81,G2-e003Coalescence-mGAM-p5_S73,4,1525280,E4-e003Coalescence-mBHI-p5_S3,101638
82,E100-e003Coalescence-mGAM-p5_S55,5,1291155,E4-e003Coalescence-mBHI-p5_S3,101638
83,G4-e003Coalescence-mGAM-p3_S83,2,1536688,E4-e003Coalescence-mBHI-p5_S3,101638
84,F4-e003Coalescence-mBHI-p7_S111,24,477586,E4-e003Coalescence-mBHI-p5_S3,101638
85,G4-e003Coalescence-mGAM-p7_S171,2,1471075,E4-e003Coalescence-mBHI-p5_S3,101638
86,F100-e003Coalescence-mBHI-p7_S115,33,1350695,E4-e003Coalescence-mBHI-p5_S3,101638
87,E3-e003Coalescence-mGAM-p7_S146,6,1297929,E4-e003Coalescence-mBHI-p5_S3,101638
88,E3-e003Coalescence-mBHI-p5_S2,0,758841,E4-e003Coalescence-mBHI-p5_S3,101638
89,G2-e003Coalescence-mBHI-p7_S121,0,1251923,E4-e003Coalescence-mBHI-p5_S3,101638
90,F2-e003Coalescence-mBHI-p5_S13,3,1483168,E4-e003Coalescence-mBHI-p5_S3,101638
91,F2-e003Coalescence-mGAM-p3_S69,3,1044013,E4-e003Coalescence-mBHI-p5_S3,101638
92,G100-e003Coalescence-mGAM-p5_S79,9,1518875,E4-e003Coalescence-mBHI-p5_S3,101638
93,E4-e003Coalescence-mGAM-p7_S147,2,1030477,E4-e003Coalescence-mBHI-p5_S3,101638
94,E4-e003Coalescence-mGAM-p3_S59,2,1512400,E4-e003Coalescence-mBHI-p5_S3,101638
95,H100-e003Coalescence-mBHI-p7_S139,39,1461470,E4-e003Coalescence-mBHI-p5_S3,101638
96,G8-e003Coalescence-mBHI-p5_S29,4,757680,E4-e003Coalescence-mBHI-p5_S3,101638
97,G2-e003Coalescence-mBHI-p5_S25,2,1534425,E4-e003Coalescence-mBHI-p5_S3,101638
98,G8-e003Coalescence-mGAM-p7_S173,15,1390044,E4-e003Coalescence-mBHI-p5_S3,101638
99,E4-e003Coalescence-mBHI-p3_S11,4,1489708,E4-e003Coalescence-mBHI-p5_S3,101638
100,G9-e003Coalescence-mBHI-p5_S30,22,972978,E4-e003Coalescence-mBHI-p5_S3,101638
101,E100-e003Coalescence-mGAM-p7_S151,4,1431882,E4-e003Coalescence-mBHI-p5_S3,101638
102,G9-e003Coalescence-mGAM-p3_S178,32,1118807,E4-e003Coalescence-mBHI-p5_S3,101638
103,G2-e003Coalescence-mGAM-p3_S81,4,1516772,E4-e003Coalescence-mBHI-p5_S3,101638
104,G100-e003Coalescence-mBHI-p7_S127,6,560797,E4-e003Coalescence-mBHI-p5_S3,101638
0,C9-e003Coalescence-mGAM-p3,16,712205,E4-e003Coalescence-mGAM-p5_S51,101638
1,C11-e003Coalescence-mBHI-p3,2,455308,E4-e003Coalescence-mGAM-p5_S51,101638
2,C9-e003Coalescence-mGAM-p7,21,500113,E4-e003Coalescence-mGAM-p5_S51,101638
3,C8-e003Coalescence-mGAM-p7,0,1423925,E4-e003Coalescence-mGAM-p5_S51,101638
4,D10-e003Coalescence-mBHI-p3,17,592022,E4-e003Coalescence-mGAM-p5_S51,101638
5,B2-e003Coalescence-mBHI-p3,6,640269,E4-e003Coalescence-mGAM-p5_S51,101638
6,A4-e003Coalescence-mBHI-p7,0,1046978,E4-e003Coalescence-mGAM-p5_S51,101638
7,B3-e003Coalescence-mBHI-p3,5,851498,E4-e003Coalescence-mGAM-p5_S51,101638
8,C2-e003Coalescence-mBHI-p5,0,1531728,E4-e003Coalescence-mGAM-p5_S51,101638
9,C4-e003GlycerolRevival-mBHI-p2,17,655282,E4-e003Coalescence-mGAM-p5_S51,101638
10,B2-e003Coalescence-mBHI-p5,2,1376755,E4-e003Coalescence-mGAM-p5_S51,101638
11,C4-e003Coalescence-mGAM-p7,0,1491174,E4-e003Coalescence-mGAM-p5_S51,101638
12,B10-e003Assembly-mGAM-p5,0,708824,E4-e003Coalescence-mGAM-p5_S51,101638
13,C2-e003Coalescence-mGAM-p7,0,1544636,E4-e003Coalescence-mGAM-p5_S51,101638
14,C9-e003Coalescence-mBHI-p5,22,843947,E4-e003Coalescence-mGAM-p5_S51,101638
15,C2-e003Coalescence-mBHI-p3,0,1550808,E4-e003Coalescence-mGAM-p5_S51,101638
16,C9-e003Coalescence-mBHI-p3,26,1477971,E4-e003Coalescence-mGAM-p5_S51,101638
17,D10-e003Coalescence-mGAM-p5,16,895834,E4-e003Coalescence-mGAM-p5_S51,101638
18,C2-e003Coalescence-mGAM-p3,0,1349817,E4-e003Coalescence-mGAM-p5_S51,101638
19,B10-e003Coalescence-mBHI-p5,14,751178,E4-e003Coalescence-mGAM-p5_S51,101638
20,C4-e003Coalescence-mGAM-p5,0,1406224,E4-e003Coalescence-mGAM-p5_S51,101638
21,D5-e003Coalescence-mBHI-p5,0,1486364,E4-e003Coalescence-mGAM-p5_S51,101638
22,D3-e003Assembly-mBHI-p3,13,768389,E4-e003Coalescence-mGAM-p5_S51,101638
23,C4-e003Coalescence-mGAM-p3,0,1546978,E4-e003Coalescence-mGAM-p5_S51,101638
24,D3-e003Assembly-mBHI-p5,10,1546651,E4-e003Coalescence-mGAM-p5_S51,101638
25,A10-e003Coalescence-mGAM-p3,0,1530862,E4-e003Coalescence-mGAM-p5_S51,101638
26,B2-e003Coalescence-mGAM-p3,1,442858,E4-e003Coalescence-mGAM-p5_S51,101638
27,D3-e003Coalescence-mGAM-p5,6,515212,E4-e003Coalescence-mGAM-p5_S51,101638
28,C10-e003Coalescence-mGAM-p3,1,1520946,E4-e003Coalescence-mGAM-p5_S51,101638
29,C3-e003Coalescence-Inoculumn-mGAM,2,473234,E4-e003Coalescence-mGAM-p5_S51,101638
30,D4-e003Coalescence-Inoculumn-mBHI,0,618720,E4-e003Coalescence-mGAM-p5_S51,101638
31,A4-e003Coalescence-mBHI-p5,1,958917,E4-e003Coalescence-mGAM-p5_S51,101638
32,D10-e003Coalescence-mGAM-p7,11,938266,E4-e003Coalescence-mGAM-p5_S51,101638
33,C11-e003Coalescence-mGAM-p3,25,727674,E4-e003Coalescence-mGAM-p5_S51,101638
34,C10-e003Coalescence-mBHI-p7,2,636171,E4-e003Coalescence-mGAM-p5_S51,101638
35,B10-e003Coalescence-mBHI-p3,20,1064478,E4-e003Coalescence-mGAM-p5_S51,101638
36,C11-e003Coalescence-mBHI-p5,7,1515011,E4-e003Coalescence-mGAM-p5_S51,101638
37,C2-e003Coalescence-Inoculumn-mGAM,0,514343,E4-e003Coalescence-mGAM-p5_S51,101638
38,B4-e003Coalescence-Inoculumn-mGAM,25,1527645,E4-e003Coalescence-mGAM-p5_S51,101638
39,A10-e003Coalescence-mGAM-p7,0,1119734,E4-e003Coalescence-mGAM-p5_S51,101638
40,C4-e003Coalescence-Inoculumn-mGAM,0,1354072,E4-e003Coalescence-mGAM-p5_S51,101638
41,B10-e003Assembly-mGAM-p3,0,526228,E4-e003Coalescence-mGAM-p5_S51,101638
42,D10-e003Coalescence-mBHI-p7,8,560357,E4-e003Coalescence-mGAM-p5_S51,101638
43,B10-e003GlycerolRevival-mGAM-p2,1,912883,E4-e003Coalescence-mGAM-p5_S51,101638
44,C10-e003Coalescence-mGAM-p5,0,1544682,E4-e003Coalescence-mGAM-p5_S51,101638
45,A3-e003Coalescence-mBHI-p3,5,444927,E4-e003Coalescence-mGAM-p5_S51,101638
46,A4-e003Coalescence-mBHI-p3,0,1204293,E4-e003Coalescence-mGAM-p5_S51,101638
47,C9-e003Coalescence-mGAM-p5,21,810866,E4-e003Coalescence-mGAM-p5_S51,101638
48,C2-e003Coalescence-mGAM-p5,0,1502257,E4-e003Coalescence-mGAM-p5_S51,101638
49,C8-e003Coalescence-mBHI-p5,3,1338159,E4-e003Coalescence-mGAM-p5_S51,101638
50,B4-e003Coalescence-Inoculumn-mBHI,0,563867,E4-e003Coalescence-mGAM-p5_S51,101638
51,C5-e003Coalescence-Inoculumn-mGAM,1,1530071,E4-e003Coalescence-mGAM-p5_S51,101638
52,C4-e003Coalescence-mBHI-p5,1,881699,E4-e003Coalescence-mGAM-p5_S51,101638
53,A4-e003Coalescence-Inoculumn-mGAM,0,1506279,E4-e003Coalescence-mGAM-p5_S51,101638
54,C2-e003Coalescence-mBHI-p7,0,569461,E4-e003Coalescence-mGAM-p5_S51,101638
55,C10-e003Coalescence-mGAM-p7,0,1547140,E4-e003Coalescence-mGAM-p5_S51,101638
56,C10-e003Coalescence-mBHI-p3,2,1524472,E4-e003Coalescence-mGAM-p5_S51,101638
57,H4-e003Coalescence-mGAM-p7_S183,3,991821,E4-e003Coalescence-mGAM-p5_S51,101638
58,F5-e003Coalescence-mGAM-p5_S64,1,468781,E4-e003Coalescence-mGAM-p5_S51,101638
59,F100-e003Coalescence-mGAM-p7_S163,4,1155108,E4-e003Coalescence-mGAM-p5_S51,101638
60,E3-e003Coalescence-mGAM-p3_S58,5,516408,E4-e003Coalescence-mGAM-p5_S51,101638
61,G4-e003Coalescence-mBHI-p5_S27,1,878137,E4-e003Coalescence-mGAM-p5_S51,101638
62,G2-e003Coalescence-mBHI-p3_S33,0,1521290,E4-e003Coalescence-mGAM-p5_S51,101638
63,G100-e003Coalescence-mGAM-p3_S179,1,1153539,E4-e003Coalescence-mGAM-p5_S51,101638
64,G111-e003Coalescence-mBHI-p5_S32,23,1154220,E4-e003Coalescence-mGAM-p5_S51,101638
65,E3-e003Coalescence-mBHI-p3_S10,0,711439,E4-e003Coalescence-mGAM-p5_S51,101638
66,F2-e003Coalescence-mGAM-p7_S157,0,556375,E4-e003Coalescence-mGAM-p5_S51,101638
67,E100-e003Coalescence-mGAM-p3_S155,0,1461251,E4-e003Coalescence-mGAM-p5_S51,101638
68,E3-e003Coalescence-mGAM-p5_S50,0,1371172,E4-e003Coalescence-mGAM-p5_S51,101638
69,H100-e003Coalescence-mBHI-p5_S43,19,925751,E4-e003Coalescence-mGAM-p5_S51,101638
70,F2-e003Coalescence-mGAM-p5_S61,0,1281223,E4-e003Coalescence-mGAM-p5_S51,101638
71,G100-e003Coalescence-mBHI-p5_S31,1,829979,E4-e003Coalescence-mGAM-p5_S51,101638
72,G4-e003Coalescence-mBHI-p3_S35,0,474244,E4-e003Coalescence-mGAM-p5_S51,101638
73,E4-e003Coalescence-mBHI-p5_S3,0,1426946,E4-e003Coalescence-mGAM-p5_S51,101638
74,E4-e003Coalescence-mGAM-p5_S51,0,579225,E4-e003Coalescence-mGAM-p5_S51,101638
75,G9-e003Coalescence-mGAM-p7_S174,20,622414,E4-e003Coalescence-mGAM-p5_S51,101638
76,E8-e003Coalescence-mGAM-p3_S153,0,1489557,E4-e003Coalescence-mGAM-p5_S51,101638
77,G100-e003Coalescence-mGAM-p7_S175,1,673821,E4-e003Coalescence-mGAM-p5_S51,101638
78,G3-e003Coalescence-mBHI-p7_S122,19,531581,E4-e003Coalescence-mGAM-p5_S51,101638
79,G4-e003Coalescence-mGAM-p5_S75,0,1533148,E4-e003Coalescence-mGAM-p5_S51,101638
80,G8-e003Coalescence-mBHI-p3_S129,2,840340,E4-e003Coalescence-mGAM-p5_S51,101638
81,G2-e003Coalescence-mGAM-p5_S73,0,1525280,E4-e003Coalescence-mGAM-p5_S51,101638
82,E100-e003Coalescence-mGAM-p5_S55,1,1291155,E4-e003Coalescence-mGAM-p5_S51,101638
83,G4-e003Coalescence-mGAM-p3_S83,0,1536688,E4-e003Coalescence-mGAM-p5_S51,101638
84,F4-e003Coalescence-mBHI-p7_S111,18,477586,E4-e003Coalescence-mGAM-p5_S51,101638
85,G4-e003Coalescence-mGAM-p7_S171,0,1471075,E4-e003Coalescence-mGAM-p5_S51,101638
86,F100-e003Coalescence-mBHI-p7_S115,24,1350695,E4-e003Coalescence-mGAM-p5_S51,101638
87,E3-e003Coalescence-mGAM-p7_S146,1,1297929,E4-e003Coalescence-mGAM-p5_S51,101638
88,E3-e003Coalescence-mBHI-p5_S2,0,758841,E4-e003Coalescence-mGAM-p5_S51,101638
89,G2-e003Coalescence-mBHI-p7_S121,0,1251923,E4-e003Coalescence-mGAM-p5_S51,101638
90,F2-e003Coalescence-mBHI-p5_S13,0,1483168,E4-e003Coalescence-mGAM-p5_S51,101638
91,F2-e003Coalescence-mGAM-p3_S69,0,1044013,E4-e003Coalescence-mGAM-p5_S51,101638
92,G100-e003Coalescence-mGAM-p5_S79,1,1518875,E4-e003Coalescence-mGAM-p5_S51,101638
93,E4-e003Coalescence-mGAM-p7_S147,0,1030477,E4-e003Coalescence-mGAM-p5_S51,101638
94,E4-e003Coalescence-mGAM-p3_S59,0,1512400,E4-e003Coalescence-mGAM-p5_S51,101638
95,H100-e003Coalescence-mBHI-p7_S139,29,1461470,E4-e003Coalescence-mGAM-p5_S51,101638
96,G8-e003Coalescence-mBHI-p5_S29,2,757680,E4-e003Coalescence-mGAM-p5_S51,101638
97,G2-e003Coalescence-mBHI-p5_S25,0,1534425,E4-e003Coalescence-mGAM-p5_S51,101638
98,G8-e003Coalescence-mGAM-p7_S173,6,1390044,E4-e003Coalescence-mGAM-p5_S51,101638
99,E4-e003Coalescence-mBHI-p3_S11,0,1489708,E4-e003Coalescence-mGAM-p5_S51,101638
100,G9-e003Coalescence-mBHI-p5_S30,13,972978,E4-e003Coalescence-mGAM-p5_S51,101638
101,E100-e003Coalescence-mGAM-p7_S151,0,1431882,E4-e003Coalescence-mGAM-p5_S51,101638
102,G9-e003Coalescence-mGAM-p3_S178,26,1118807,E4-e003Coalescence-mGAM-p5_S51,101638
103,G2-e003Coalescence-mGAM-p3_S81,0,1516772,E4-e003Coalescence-mGAM-p5_S51,101638
104,G100-e003Coalescence-mBHI-p7_S127,1,560797,E4-e003Coalescence-mGAM-p5_S51,101638
0,C9-e003Coalescence-mGAM-p3,0,712205,G9-e003Coalescence-mGAM-p7_S174,101638
1,C11-e003Coalescence-mBHI-p3,0,455308,G9-e003Coalescence-mGAM-p7_S174,101638
2,C9-e003Coalescence-mGAM-p7,1,500113,G9-e003Coalescence-mGAM-p7_S174,101638
3,C8-e003Coalescence-mGAM-p7,17,1423925,G9-e003Coalescence-mGAM-p7_S174,101638
4,D10-e003Coalescence-mBHI-p3,8,592022,G9-e003Coalescence-mGAM-p7_S174,101638
5,B2-e003Coalescence-mBHI-p3,13,640269,G9-e003Coalescence-mGAM-p7_S174,101638
6,A4-e003Coalescence-mBHI-p7,22,1046978,G9-e003Coalescence-mGAM-p7_S174,101638
7,B3-e003Coalescence-mBHI-p3,12,851498,G9-e003Coalescence-mGAM-p7_S174,101638
8,C2-e003Coalescence-mBHI-p5,19,1531728,G9-e003Coalescence-mGAM-p7_S174,101638
9,C4-e003GlycerolRevival-mBHI-p2,1,655282,G9-e003Coalescence-mGAM-p7_S174,101638
10,B2-e003Coalescence-mBHI-p5,21,1376755,G9-e003Coalescence-mGAM-p7_S174,101638
11,C4-e003Coalescence-mGAM-p7,0,1491174,G9-e003Coalescence-mGAM-p7_S174,101638
12,B10-e003Assembly-mGAM-p5,1,708824,G9-e003Coalescence-mGAM-p7_S174,101638
13,C2-e003Coalescence-mGAM-p7,19,1544636,G9-e003Coalescence-mGAM-p7_S174,101638
14,C9-e003Coalescence-mBHI-p5,0,843947,G9-e003Coalescence-mGAM-p7_S174,101638
15,C2-e003Coalescence-mBHI-p3,26,1550808,G9-e003Coalescence-mGAM-p7_S174,101638
16,C9-e003Coalescence-mBHI-p3,2,1477971,G9-e003Coalescence-mGAM-p7_S174,101638
17,D10-e003Coalescence-mGAM-p5,2,895834,G9-e003Coalescence-mGAM-p7_S174,101638
18,C2-e003Coalescence-mGAM-p3,18,1349817,G9-e003Coalescence-mGAM-p7_S174,101638
19,B10-e003Coalescence-mBHI-p5,0,751178,G9-e003Coalescence-mGAM-p7_S174,101638
20,C4-e003Coalescence-mGAM-p5,0,1406224,G9-e003Coalescence-mGAM-p7_S174,101638
21,D5-e003Coalescence-mBHI-p5,22,1486364,G9-e003Coalescence-mGAM-p7_S174,101638
22,D3-e003Assembly-mBHI-p3,7,768389,G9-e003Coalescence-mGAM-p7_S174,101638
23,C4-e003Coalescence-mGAM-p3,0,1546978,G9-e003Coalescence-mGAM-p7_S174,101638
24,D3-e003Assembly-mBHI-p5,7,1546651,G9-e003Coalescence-mGAM-p7_S174,101638
25,A10-e003Coalescence-mGAM-p3,27,1530862,G9-e003Coalescence-mGAM-p7_S174,101638
26,B2-e003Coalescence-mGAM-p3,15,442858,G9-e003Coalescence-mGAM-p7_S174,101638
27,D3-e003Coalescence-mGAM-p5,3,515212,G9-e003Coalescence-mGAM-p7_S174,101638
28,C10-e003Coalescence-mGAM-p3,1,1520946,G9-e003Coalescence-mGAM-p7_S174,101638
29,C3-e003Coalescence-Inoculumn-mGAM,1,473234,G9-e003Coalescence-mGAM-p7_S174,101638
30,D4-e003Coalescence-Inoculumn-mBHI,2,618720,G9-e003Coalescence-mGAM-p7_S174,101638
31,A4-e003Coalescence-mBHI-p5,22,958917,G9-e003Coalescence-mGAM-p7_S174,101638
32,D10-e003Coalescence-mGAM-p7,2,938266,G9-e003Coalescence-mGAM-p7_S174,101638
33,C11-e003Coalescence-mGAM-p3,8,727674,G9-e003Coalescence-mGAM-p7_S174,101638
34,C10-e003Coalescence-mBHI-p7,19,636171,G9-e003Coalescence-mGAM-p7_S174,101638
35,B10-e003Coalescence-mBHI-p3,0,1064478,G9-e003Coalescence-mGAM-p7_S174,101638
36,C11-e003Coalescence-mBHI-p5,3,1515011,G9-e003Coalescence-mGAM-p7_S174,101638
37,C2-e003Coalescence-Inoculumn-mGAM,0,514343,G9-e003Coalescence-mGAM-p7_S174,101638
38,B4-e003Coalescence-Inoculumn-mGAM,1,1527645,G9-e003Coalescence-mGAM-p7_S174,101638
39,A10-e003Coalescence-mGAM-p7,2,1119734,G9-e003Coalescence-mGAM-p7_S174,101638
40,C4-e003Coalescence-Inoculumn-mGAM,0,1354072,G9-e003Coalescence-mGAM-p7_S174,101638
41,B10-e003Assembly-mGAM-p3,0,526228,G9-e003Coalescence-mGAM-p7_S174,101638
42,D10-e003Coalescence-mBHI-p7,3,560357,G9-e003Coalescence-mGAM-p7_S174,101638
43,B10-e003GlycerolRevival-mGAM-p2,2,912883,G9-e003Coalescence-mGAM-p7_S174,101638
44,C10-e003Coalescence-mGAM-p5,3,1544682,G9-e003Coalescence-mGAM-p7_S174,101638
45,A3-e003Coalescence-mBHI-p3,14,444927,G9-e003Coalescence-mGAM-p7_S174,101638
46,A4-e003Coalescence-mBHI-p3,19,1204293,G9-e003Coalescence-mGAM-p7_S174,101638
47,C9-e003Coalescence-mGAM-p5,1,810866,G9-e003Coalescence-mGAM-p7_S174,101638
48,C2-e003Coalescence-mGAM-p5,23,1502257,G9-e003Coalescence-mGAM-p7_S174,101638
49,C8-e003Coalescence-mBHI-p5,1,1338159,G9-e003Coalescence-mGAM-p7_S174,101638
50,B4-e003Coalescence-Inoculumn-mBHI,3,563867,G9-e003Coalescence-mGAM-p7_S174,101638
51,C5-e003Coalescence-Inoculumn-mGAM,0,1530071,G9-e003Coalescence-mGAM-p7_S174,101638
52,C4-e003Coalescence-mBHI-p5,1,881699,G9-e003Coalescence-mGAM-p7_S174,101638
53,A4-e003Coalescence-Inoculumn-mGAM,13,1506279,G9-e003Coalescence-mGAM-p7_S174,101638
54,C2-e003Coalescence-mBHI-p7,1,569461,G9-e003Coalescence-mGAM-p7_S174,101638
55,C10-e003Coalescence-mGAM-p7,1,1547140,G9-e003Coalescence-mGAM-p7_S174,101638
56,C10-e003Coalescence-mBHI-p3,6,1524472,G9-e003Coalescence-mGAM-p7_S174,101638
57,H4-e003Coalescence-mGAM-p7_S183,0,991821,G9-e003Coalescence-mGAM-p7_S174,101638
58,F5-e003Coalescence-mGAM-p5_S64,0,468781,G9-e003Coalescence-mGAM-p7_S174,101638
59,F100-e003Coalescence-mGAM-p7_S163,0,1155108,G9-e003Coalescence-mGAM-p7_S174,101638
60,E3-e003Coalescence-mGAM-p3_S58,16,516408,G9-e003Coalescence-mGAM-p7_S174,101638
61,G4-e003Coalescence-mBHI-p5_S27,6,878137,G9-e003Coalescence-mGAM-p7_S174,101638
62,G2-e003Coalescence-mBHI-p3_S33,12,1521290,G9-e003Coalescence-mGAM-p7_S174,101638
63,G100-e003Coalescence-mGAM-p3_S179,1,1153539,G9-e003Coalescence-mGAM-p7_S174,101638
64,G111-e003Coalescence-mBHI-p5_S32,4,1154220,G9-e003Coalescence-mGAM-p7_S174,101638
65,E3-e003Coalescence-mBHI-p3_S10,18,711439,G9-e003Coalescence-mGAM-p7_S174,101638
66,F2-e003Coalescence-mGAM-p7_S157,2,556375,G9-e003Coalescence-mGAM-p7_S174,101638
67,E100-e003Coalescence-mGAM-p3_S155,25,1461251,G9-e003Coalescence-mGAM-p7_S174,101638
68,E3-e003Coalescence-mGAM-p5_S50,13,1371172,G9-e003Coalescence-mGAM-p7_S174,101638
69,H100-e003Coalescence-mBHI-p5_S43,5,925751,G9-e003Coalescence-mGAM-p7_S174,101638
70,F2-e003Coalescence-mGAM-p5_S61,0,1281223,G9-e003Coalescence-mGAM-p7_S174,101638
71,G100-e003Coalescence-mBHI-p5_S31,1,829979,G9-e003Coalescence-mGAM-p7_S174,101638
72,G4-e003Coalescence-mBHI-p3_S35,6,474244,G9-e003Coalescence-mGAM-p7_S174,101638
73,E4-e003Coalescence-mBHI-p5_S3,24,1426946,G9-e003Coalescence-mGAM-p7_S174,101638
74,E4-e003Coalescence-mGAM-p5_S51,20,579225,G9-e003Coalescence-mGAM-p7_S174,101638
75,G9-e003Coalescence-mGAM-p7_S174,0,622414,G9-e003Coalescence-mGAM-p7_S174,101638
76,E8-e003Coalescence-mGAM-p3_S153,1,1489557,G9-e003Coalescence-mGAM-p7_S174,101638
77,G100-e003Coalescence-mGAM-p7_S175,0,673821,G9-e003Coalescence-mGAM-p7_S174,101638
78,G3-e003Coalescence-mBHI-p7_S122,2,531581,G9-e003Coalescence-mGAM-p7_S174,101638
79,G4-e003Coalescence-mGAM-p5_S75,0,1533148,G9-e003Coalescence-mGAM-p7_S174,101638
80,G8-e003Coalescence-mBHI-p3_S129,2,840340,G9-e003Coalescence-mGAM-p7_S174,101638
81,G2-e003Coalescence-mGAM-p5_S73,13,1525280,G9-e003Coalescence-mGAM-p7_S174,101638
82,E100-e003Coalescence-mGAM-p5_S55,26,1291155,G9-e003Coalescence-mGAM-p7_S174,101638
83,G4-e003Coalescence-mGAM-p3_S83,0,1536688,G9-e003Coalescence-mGAM-p7_S174,101638
84,F4-e003Coalescence-mBHI-p7_S111,0,477586,G9-e003Coalescence-mGAM-p7_S174,101638
85,G4-e003Coalescence-mGAM-p7_S171,0,1471075,G9-e003Coalescence-mGAM-p7_S174,101638
86,F100-e003Coalescence-mBHI-p7_S115,2,1350695,G9-e003Coalescence-mGAM-p7_S174,101638
87,E3-e003Coalescence-mGAM-p7_S146,4,1297929,G9-e003Coalescence-mGAM-p7_S174,101638
88,E3-e003Coalescence-mBHI-p5_S2,15,758841,G9-e003Coalescence-mGAM-p7_S174,101638
89,G2-e003Coalescence-mBHI-p7_S121,4,1251923,G9-e003Coalescence-mGAM-p7_S174,101638
90,F2-e003Coalescence-mBHI-p5_S13,12,1483168,G9-e003Coalescence-mGAM-p7_S174,101638
91,F2-e003Coalescence-mGAM-p3_S69,1,1044013,G9-e003Coalescence-mGAM-p7_S174,101638
92,G100-e003Coalescence-mGAM-p5_S79,1,1518875,G9-e003Coalescence-mGAM-p7_S174,101638
93,E4-e003Coalescence-mGAM-p7_S147,4,1030477,G9-e003Coalescence-mGAM-p7_S174,101638
94,E4-e003Coalescence-mGAM-p3_S59,8,1512400,G9-e003Coalescence-mGAM-p7_S174,101638
95,H100-e003Coalescence-mBHI-p7_S139,5,1461470,G9-e003Coalescence-mGAM-p7_S174,101638
96,G8-e003Coalescence-mBHI-p5_S29,0,757680,G9-e003Coalescence-mGAM-p7_S174,101638
97,G2-e003Coalescence-mBHI-p5_S25,0,1534425,G9-e003Coalescence-mGAM-p7_S174,101638
98,G8-e003Coalescence-mGAM-p7_S173,27,1390044,G9-e003Coalescence-mGAM-p7_S174,101638
99,E4-e003Coalescence-mBHI-p3_S11,15,1489708,G9-e003Coalescence-mGAM-p7_S174,101638
100,G9-e003Coalescence-mBHI-p5_S30,1,972978,G9-e003Coalescence-mGAM-p7_S174,101638
101,E100-e003Coalescence-mGAM-p7_S151,24,1431882,G9-e003Coalescence-mGAM-p7_S174,101638
102,G9-e003Coalescence-mGAM-p3_S178,1,1118807,G9-e003Coalescence-mGAM-p7_S174,101638
103,G2-e003Coalescence-mGAM-p3_S81,18,1516772,G9-e003Coalescence-mGAM-p7_S174,101638
104,G100-e003Coalescence-mBHI-p7_S127,6,560797,G9-e003Coalescence-mGAM-p7_S174,101638
0,C9-e003Coalescence-mGAM-p3,4,712205,E8-e003Coalescence-mGAM-p3_S153,101638
1,C11-e003Coalescence-mBHI-p3,6,455308,E8-e003Coalescence-mGAM-p3_S153,101638
2,C9-e003Coalescence-mGAM-p7,0,500113,E8-e003Coalescence-mGAM-p3_S153,101638
3,C8-e003Coalescence-mGAM-p7,9,1423925,E8-e003Coalescence-mGAM-p3_S153,101638
4,D10-e003Coalescence-mBHI-p3,4,592022,E8-e003Coalescence-mGAM-p3_S153,101638
5,B2-e003Coalescence-mBHI-p3,4,640269,E8-e003Coalescence-mGAM-p3_S153,101638
6,A4-e003Coalescence-mBHI-p7,8,1046978,E8-e003Coalescence-mGAM-p3_S153,101638
7,B3-e003Coalescence-mBHI-p3,27,851498,E8-e003Coalescence-mGAM-p3_S153,101638
8,C2-e003Coalescence-mBHI-p5,11,1531728,E8-e003Coalescence-mGAM-p3_S153,101638
9,C4-e003GlycerolRevival-mBHI-p2,5,655282,E8-e003Coalescence-mGAM-p3_S153,101638
10,B2-e003Coalescence-mBHI-p5,13,1376755,E8-e003Coalescence-mGAM-p3_S153,101638
11,C4-e003Coalescence-mGAM-p7,10,1491174,E8-e003Coalescence-mGAM-p3_S153,101638
12,B10-e003Assembly-mGAM-p5,3,708824,E8-e003Coalescence-mGAM-p3_S153,101638
13,C2-e003Coalescence-mGAM-p7,13,1544636,E8-e003Coalescence-mGAM-p3_S153,101638
14,C9-e003Coalescence-mBHI-p5,4,843947,E8-e003Coalescence-mGAM-p3_S153,101638
15,C2-e003Coalescence-mBHI-p3,12,1550808,E8-e003Coalescence-mGAM-p3_S153,101638
16,C9-e003Coalescence-mBHI-p3,13,1477971,E8-e003Coalescence-mGAM-p3_S153,101638
17,D10-e003Coalescence-mGAM-p5,7,895834,E8-e003Coalescence-mGAM-p3_S153,101638
18,C2-e003Coalescence-mGAM-p3,10,1349817,E8-e003Coalescence-mGAM-p3_S153,101638
19,B10-e003Coalescence-mBHI-p5,4,751178,E8-e003Coalescence-mGAM-p3_S153,101638
20,C4-e003Coalescence-mGAM-p5,12,1406224,E8-e003Coalescence-mGAM-p3_S153,101638
21,D5-e003Coalescence-mBHI-p5,10,1486364,E8-e003Coalescence-mGAM-p3_S153,101638
22,D3-e003Assembly-mBHI-p3,9,768389,E8-e003Coalescence-mGAM-p3_S153,101638
23,C4-e003Coalescence-mGAM-p3,10,1546978,E8-e003Coalescence-mGAM-p3_S153,101638
24,D3-e003Assembly-mBHI-p5,18,1546651,E8-e003Coalescence-mGAM-p3_S153,101638
25,A10-e003Coalescence-mGAM-p3,11,1530862,E8-e003Coalescence-mGAM-p3_S153,101638
26,B2-e003Coalescence-mGAM-p3,5,442858,E8-e003Coalescence-mGAM-p3_S153,101638
27,D3-e003Coalescence-mGAM-p5,6,515212,E8-e003Coalescence-mGAM-p3_S153,101638
28,C10-e003Coalescence-mGAM-p3,11,1520946,E8-e003Coalescence-mGAM-p3_S153,101638
29,C3-e003Coalescence-Inoculumn-mGAM,5,473234,E8-e003Coalescence-mGAM-p3_S153,101638
30,D4-e003Coalescence-Inoculumn-mBHI,10,618720,E8-e003Coalescence-mGAM-p3_S153,101638
31,A4-e003Coalescence-mBHI-p5,4,958917,E8-e003Coalescence-mGAM-p3_S153,101638
32,D10-e003Coalescence-mGAM-p7,7,938266,E8-e003Coalescence-mGAM-p3_S153,101638
33,C11-e003Coalescence-mGAM-p3,10,727674,E8-e003Coalescence-mGAM-p3_S153,101638
34,C10-e003Coalescence-mBHI-p7,17,636171,E8-e003Coalescence-mGAM-p3_S153,101638
35,B10-e003Coalescence-mBHI-p3,4,1064478,E8-e003Coalescence-mGAM-p3_S153,101638
36,C11-e003Coalescence-mBHI-p5,11,1515011,E8-e003Coalescence-mGAM-p3_S153,101638
37,C2-e003Coalescence-Inoculumn-mGAM,2,514343,E8-e003Coalescence-mGAM-p3_S153,101638
38,B4-e003Coalescence-Inoculumn-mGAM,12,1527645,E8-e003Coalescence-mGAM-p3_S153,101638
39,A10-e003Coalescence-mGAM-p7,8,1119734,E8-e003Coalescence-mGAM-p3_S153,101638
40,C4-e003Coalescence-Inoculumn-mGAM,12,1354072,E8-e003Coalescence-mGAM-p3_S153,101638
41,B10-e003Assembly-mGAM-p3,8,526228,E8-e003Coalescence-mGAM-p3_S153,101638
42,D10-e003Coalescence-mBHI-p7,5,560357,E8-e003Coalescence-mGAM-p3_S153,101638
43,B10-e003GlycerolRevival-mGAM-p2,4,912883,E8-e003Coalescence-mGAM-p3_S153,101638
44,C10-e003Coalescence-mGAM-p5,11,1544682,E8-e003Coalescence-mGAM-p3_S153,101638
45,A3-e003Coalescence-mBHI-p3,3,444927,E8-e003Coalescence-mGAM-p3_S153,101638
46,A4-e003Coalescence-mBHI-p3,8,1204293,E8-e003Coalescence-mGAM-p3_S153,101638
47,C9-e003Coalescence-mGAM-p5,6,810866,E8-e003Coalescence-mGAM-p3_S153,101638
48,C2-e003Coalescence-mGAM-p5,12,1502257,E8-e003Coalescence-mGAM-p3_S153,101638
49,C8-e003Coalescence-mBHI-p5,14,1338159,E8-e003Coalescence-mGAM-p3_S153,101638
50,B4-e003Coalescence-Inoculumn-mBHI,10,563867,E8-e003Coalescence-mGAM-p3_S153,101638
51,C5-e003Coalescence-Inoculumn-mGAM,9,1530071,E8-e003Coalescence-mGAM-p3_S153,101638
52,C4-e003Coalescence-mBHI-p5,17,881699,E8-e003Coalescence-mGAM-p3_S153,101638
53,A4-e003Coalescence-Inoculumn-mGAM,13,1506279,E8-e003Coalescence-mGAM-p3_S153,101638
54,C2-e003Coalescence-mBHI-p7,4,569461,E8-e003Coalescence-mGAM-p3_S153,101638
55,C10-e003Coalescence-mGAM-p7,12,1547140,E8-e003Coalescence-mGAM-p3_S153,101638
56,C10-e003Coalescence-mBHI-p3,16,1524472,E8-e003Coalescence-mGAM-p3_S153,101638
57,H4-e003Coalescence-mGAM-p7_S183,8,991821,E8-e003Coalescence-mGAM-p3_S153,101638
58,F5-e003Coalescence-mGAM-p5_S64,0,468781,E8-e003Coalescence-mGAM-p3_S153,101638
59,F100-e003Coalescence-mGAM-p7_S163,1,1155108,E8-e003Coalescence-mGAM-p3_S153,101638
60,E3-e003Coalescence-mGAM-p3_S58,2,516408,E8-e003Coalescence-mGAM-p3_S153,101638
61,G4-e003Coalescence-mBHI-p5_S27,4,878137,E8-e003Coalescence-mGAM-p3_S153,101638
62,G2-e003Coalescence-mBHI-p3_S33,3,1521290,E8-e003Coalescence-mGAM-p3_S153,101638
63,G100-e003Coalescence-mGAM-p3_S179,1,1153539,E8-e003Coalescence-mGAM-p3_S153,101638
64,G111-e003Coalescence-mBHI-p5_S32,6,1154220,E8-e003Coalescence-mGAM-p3_S153,101638
65,E3-e003Coalescence-mBHI-p3_S10,1,711439,E8-e003Coalescence-mGAM-p3_S153,101638
66,F2-e003Coalescence-mGAM-p7_S157,0,556375,E8-e003Coalescence-mGAM-p3_S153,101638
67,E100-e003Coalescence-mGAM-p3_S155,11,1461251,E8-e003Coalescence-mGAM-p3_S153,101638
68,E3-e003Coalescence-mGAM-p5_S50,3,1371172,E8-e003Coalescence-mGAM-p3_S153,101638
69,H100-e003Coalescence-mBHI-p5_S43,4,925751,E8-e003Coalescence-mGAM-p3_S153,101638
70,F2-e003Coalescence-mGAM-p5_S61,2,1281223,E8-e003Coalescence-mGAM-p3_S153,101638
71,G100-e003Coalescence-mBHI-p5_S31,0,829979,E8-e003Coalescence-mGAM-p3_S153,101638
72,G4-e003Coalescence-mBHI-p3_S35,2,474244,E8-e003Coalescence-mGAM-p3_S153,101638
73,E4-e003Coalescence-mBHI-p5_S3,2,1426946,E8-e003Coalescence-mGAM-p3_S153,101638
74,E4-e003Coalescence-mGAM-p5_S51,0,579225,E8-e003Coalescence-mGAM-p3_S153,101638
75,G9-e003Coalescence-mGAM-p7_S174,1,622414,E8-e003Coalescence-mGAM-p3_S153,101638
76,E8-e003Coalescence-mGAM-p3_S153,0,1489557,E8-e003Coalescence-mGAM-p3_S153,101638
77,G100-e003Coalescence-mGAM-p7_S175,1,673821,E8-e003Coalescence-mGAM-p3_S153,101638
78,G3-e003Coalescence-mBHI-p7_S122,5,531581,E8-e003Coalescence-mGAM-p3_S153,101638
79,G4-e003Coalescence-mGAM-p5_S75,1,1533148,E8-e003Coalescence-mGAM-p3_S153,101638
80,G8-e003Coalescence-mBHI-p3_S129,3,840340,E8-e003Coalescence-mGAM-p3_S153,101638
81,G2-e003Coalescence-mGAM-p5_S73,6,1525280,E8-e003Coalescence-mGAM-p3_S153,101638
82,E100-e003Coalescence-mGAM-p5_S55,1,1291155,E8-e003Coalescence-mGAM-p3_S153,101638
83,G4-e003Coalescence-mGAM-p3_S83,1,1536688,E8-e003Coalescence-mGAM-p3_S153,101638
84,F4-e003Coalescence-mBHI-p7_S111,4,477586,E8-e003Coalescence-mGAM-p3_S153,101638
85,G4-e003Coalescence-mGAM-p7_S171,1,1471075,E8-e003Coalescence-mGAM-p3_S153,101638
86,F100-e003Coalescence-mBHI-p7_S115,4,1350695,E8-e003Coalescence-mGAM-p3_S153,101638
87,E3-e003Coalescence-mGAM-p7_S146,1,1297929,E8-e003Coalescence-mGAM-p3_S153,101638
88,E3-e003Coalescence-mBHI-p5_S2,1,758841,E8-e003Coalescence-mGAM-p3_S153,101638
89,G2-e003Coalescence-mBHI-p7_S121,1,1251923,E8-e003Coalescence-mGAM-p3_S153,101638
90,F2-e003Coalescence-mBHI-p5_S13,4,1483168,E8-e003Coalescence-mGAM-p3_S153,101638
91,F2-e003Coalescence-mGAM-p3_S69,1,1044013,E8-e003Coalescence-mGAM-p3_S153,101638
92,G100-e003Coalescence-mGAM-p5_S79,3,1518875,E8-e003Coalescence-mGAM-p3_S153,101638
93,E4-e003Coalescence-mGAM-p7_S147,1,1030477,E8-e003Coalescence-mGAM-p3_S153,101638
94,E4-e003Coalescence-mGAM-p3_S59,4,1512400,E8-e003Coalescence-mGAM-p3_S153,101638
95,H100-e003Coalescence-mBHI-p7_S139,6,1461470,E8-e003Coalescence-mGAM-p3_S153,101638
96,G8-e003Coalescence-mBHI-p5_S29,0,757680,E8-e003Coalescence-mGAM-p3_S153,101638
97,G2-e003Coalescence-mBHI-p5_S25,1,1534425,E8-e003Coalescence-mGAM-p3_S153,101638
98,G8-e003Coalescence-mGAM-p7_S173,2,1390044,E8-e003Coalescence-mGAM-p3_S153,101638
99,E4-e003Coalescence-mBHI-p3_S11,3,1489708,E8-e003Coalescence-mGAM-p3_S153,101638
100,G9-e003Coalescence-mBHI-p5_S30,2,972978,E8-e003Coalescence-mGAM-p3_S153,101638
101,E100-e003Coalescence-mGAM-p7_S151,7,1431882,E8-e003Coalescence-mGAM-p3_S153,101638
102,G9-e003Coalescence-mGAM-p3_S178,7,1118807,E8-e003Coalescence-mGAM-p3_S153,101638
103,G2-e003Coalescence-mGAM-p3_S81,3,1516772,E8-e003Coalescence-mGAM-p3_S153,101638
104,G100-e003Coalescence-mBHI-p7_S127,1,560797,E8-e003Coalescence-mGAM-p3_S153,101638
0,C9-e003Coalescence-mGAM-p3,2,712205,G100-e003Coalescence-mGAM-p7_S175,101638
1,C11-e003Coalescence-mBHI-p3,0,455308,G100-e003Coalescence-mGAM-p7_S175,101638
2,C9-e003Coalescence-mGAM-p7,0,500113,G100-e003Coalescence-mGAM-p7_S175,101638
3,C8-e003Coalescence-mGAM-p7,3,1423925,G100-e003Coalescence-mGAM-p7_S175,101638
4,D10-e003Coalescence-mBHI-p3,2,592022,G100-e003Coalescence-mGAM-p7_S175,101638
5,B2-e003Coalescence-mBHI-p3,3,640269,G100-e003Coalescence-mGAM-p7_S175,101638
6,A4-e003Coalescence-mBHI-p7,2,1046978,G100-e003Coalescence-mGAM-p7_S175,101638
7,B3-e003Coalescence-mBHI-p3,9,851498,G100-e003Coalescence-mGAM-p7_S175,101638
8,C2-e003Coalescence-mBHI-p5,5,1531728,G100-e003Coalescence-mGAM-p7_S175,101638
9,C4-e003GlycerolRevival-mBHI-p2,2,655282,G100-e003Coalescence-mGAM-p7_S175,101638
10,B2-e003Coalescence-mBHI-p5,8,1376755,G100-e003Coalescence-mGAM-p7_S175,101638
11,C4-e003Coalescence-mGAM-p7,5,1491174,G100-e003Coalescence-mGAM-p7_S175,101638
12,B10-e003Assembly-mGAM-p5,3,708824,G100-e003Coalescence-mGAM-p7_S175,101638
13,C2-e003Coalescence-mGAM-p7,5,1544636,G100-e003Coalescence-mGAM-p7_S175,101638
14,C9-e003Coalescence-mBHI-p5,3,843947,G100-e003Coalescence-mGAM-p7_S175,101638
15,C2-e003Coalescence-mBHI-p3,5,1550808,G100-e003Coalescence-mGAM-p7_S175,101638
16,C9-e003Coalescence-mBHI-p3,5,1477971,G100-e003Coalescence-mGAM-p7_S175,101638
17,D10-e003Coalescence-mGAM-p5,4,895834,G100-e003Coalescence-mGAM-p7_S175,101638
18,C2-e003Coalescence-mGAM-p3,6,1349817,G100-e003Coalescence-mGAM-p7_S175,101638
19,B10-e003Coalescence-mBHI-p5,2,751178,G100-e003Coalescence-mGAM-p7_S175,101638
20,C4-e003Coalescence-mGAM-p5,5,1406224,G100-e003Coalescence-mGAM-p7_S175,101638
21,D5-e003Coalescence-mBHI-p5,3,1486364,G100-e003Coalescence-mGAM-p7_S175,101638
22,D3-e003Assembly-mBHI-p3,4,768389,G100-e003Coalescence-mGAM-p7_S175,101638
23,C4-e003Coalescence-mGAM-p3,5,1546978,G100-e003Coalescence-mGAM-p7_S175,101638
24,D3-e003Assembly-mBHI-p5,9,1546651,G100-e003Coalescence-mGAM-p7_S175,101638
25,A10-e003Coalescence-mGAM-p3,6,1530862,G100-e003Coalescence-mGAM-p7_S175,101638
26,B2-e003Coalescence-mGAM-p3,3,442858,G100-e003Coalescence-mGAM-p7_S175,101638
27,D3-e003Coalescence-mGAM-p5,4,515212,G100-e003Coalescence-mGAM-p7_S175,101638
28,C10-e003Coalescence-mGAM-p3,5,1520946,G100-e003Coalescence-mGAM-p7_S175,101638
29,C3-e003Coalescence-Inoculumn-mGAM,1,473234,G100-e003Coalescence-mGAM-p7_S175,101638
30,D4-e003Coalescence-Inoculumn-mBHI,2,618720,G100-e003Coalescence-mGAM-p7_S175,101638
31,A4-e003Coalescence-mBHI-p5,2,958917,G100-e003Coalescence-mGAM-p7_S175,101638
32,D10-e003Coalescence-mGAM-p7,1,938266,G100-e003Coalescence-mGAM-p7_S175,101638
33,C11-e003Coalescence-mGAM-p3,6,727674,G100-e003Coalescence-mGAM-p7_S175,101638
34,C10-e003Coalescence-mBHI-p7,5,636171,G100-e003Coalescence-mGAM-p7_S175,101638
35,B10-e003Coalescence-mBHI-p3,3,1064478,G100-e003Coalescence-mGAM-p7_S175,101638
36,C11-e003Coalescence-mBHI-p5,5,1515011,G100-e003Coalescence-mGAM-p7_S175,101638
37,C2-e003Coalescence-Inoculumn-mGAM,2,514343,G100-e003Coalescence-mGAM-p7_S175,101638
38,B4-e003Coalescence-Inoculumn-mGAM,5,1527645,G100-e003Coalescence-mGAM-p7_S175,101638
39,A10-e003Coalescence-mGAM-p7,4,1119734,G100-e003Coalescence-mGAM-p7_S175,101638
40,C4-e003Coalescence-Inoculumn-mGAM,4,1354072,G100-e003Coalescence-mGAM-p7_S175,101638
41,B10-e003Assembly-mGAM-p3,3,526228,G100-e003Coalescence-mGAM-p7_S175,101638
42,D10-e003Coalescence-mBHI-p7,0,560357,G100-e003Coalescence-mGAM-p7_S175,101638
43,B10-e003GlycerolRevival-mGAM-p2,2,912883,G100-e003Coalescence-mGAM-p7_S175,101638
44,C10-e003Coalescence-mGAM-p5,6,1544682,G100-e003Coalescence-mGAM-p7_S175,101638
45,A3-e003Coalescence-mBHI-p3,2,444927,G100-e003Coalescence-mGAM-p7_S175,101638
46,A4-e003Coalescence-mBHI-p3,4,1204293,G100-e003Coalescence-mGAM-p7_S175,101638
47,C9-e003Coalescence-mGAM-p5,0,810866,G100-e003Coalescence-mGAM-p7_S175,101638
48,C2-e003Coalescence-mGAM-p5,5,1502257,G100-e003Coalescence-mGAM-p7_S175,101638
49,C8-e003Coalescence-mBHI-p5,11,1338159,G100-e003Coalescence-mGAM-p7_S175,101638
50,B4-e003Coalescence-Inoculumn-mBHI,1,563867,G100-e003Coalescence-mGAM-p7_S175,101638
51,C5-e003Coalescence-Inoculumn-mGAM,5,1530071,G100-e003Coalescence-mGAM-p7_S175,101638
52,C4-e003Coalescence-mBHI-p5,5,881699,G100-e003Coalescence-mGAM-p7_S175,101638
53,A4-e003Coalescence-Inoculumn-mGAM,5,1506279,G100-e003Coalescence-mGAM-p7_S175,101638
54,C2-e003Coalescence-mBHI-p7,2,569461,G100-e003Coalescence-mGAM-p7_S175,101638
55,C10-e003Coalescence-mGAM-p7,6,1547140,G100-e003Coalescence-mGAM-p7_S175,101638
56,C10-e003Coalescence-mBHI-p3,5,1524472,G100-e003Coalescence-mGAM-p7_S175,101638
57,H4-e003Coalescence-mGAM-p7_S183,1,991821,G100-e003Coalescence-mGAM-p7_S175,101638
58,F5-e003Coalescence-mGAM-p5_S64,0,468781,G100-e003Coalescence-mGAM-p7_S175,101638
59,F100-e003Coalescence-mGAM-p7_S163,1,1155108,G100-e003Coalescence-mGAM-p7_S175,101638
60,E3-e003Coalescence-mGAM-p3_S58,0,516408,G100-e003Coalescence-mGAM-p7_S175,101638
61,G4-e003Coalescence-mBHI-p5_S27,3,878137,G100-e003Coalescence-mGAM-p7_S175,101638
62,G2-e003Coalescence-mBHI-p3_S33,2,1521290,G100-e003Coalescence-mGAM-p7_S175,101638
63,G100-e003Coalescence-mGAM-p3_S179,0,1153539,G100-e003Coalescence-mGAM-p7_S175,101638
64,G111-e003Coalescence-mBHI-p5_S32,0,1154220,G100-e003Coalescence-mGAM-p7_S175,101638
65,E3-e003Coalescence-mBHI-p3_S10,0,711439,G100-e003Coalescence-mGAM-p7_S175,101638
66,F2-e003Coalescence-mGAM-p7_S157,0,556375,G100-e003Coalescence-mGAM-p7_S175,101638
67,E100-e003Coalescence-mGAM-p3_S155,4,1461251,G100-e003Coalescence-mGAM-p7_S175,101638
68,E3-e003Coalescence-mGAM-p5_S50,0,1371172,G100-e003Coalescence-mGAM-p7_S175,101638
69,H100-e003Coalescence-mBHI-p5_S43,0,925751,G100-e003Coalescence-mGAM-p7_S175,101638
70,F2-e003Coalescence-mGAM-p5_S61,1,1281223,G100-e003Coalescence-mGAM-p7_S175,101638
71,G100-e003Coalescence-mBHI-p5_S31,1,829979,G100-e003Coalescence-mGAM-p7_S175,101638
72,G4-e003Coalescence-mBHI-p3_S35,0,474244,G100-e003Coalescence-mGAM-p7_S175,101638
73,E4-e003Coalescence-mBHI-p5_S3,1,1426946,G100-e003Coalescence-mGAM-p7_S175,101638
74,E4-e003Coalescence-mGAM-p5_S51,1,579225,G100-e003Coalescence-mGAM-p7_S175,101638
75,G9-e003Coalescence-mGAM-p7_S174,0,622414,G100-e003Coalescence-mGAM-p7_S175,101638
76,E8-e003Coalescence-mGAM-p3_S153,1,1489557,G100-e003Coalescence-mGAM-p7_S175,101638
77,G100-e003Coalescence-mGAM-p7_S175,0,673821,G100-e003Coalescence-mGAM-p7_S175,101638
78,G3-e003Coalescence-mBHI-p7_S122,0,531581,G100-e003Coalescence-mGAM-p7_S175,101638
79,G4-e003Coalescence-mGAM-p5_S75,1,1533148,G100-e003Coalescence-mGAM-p7_S175,101638
80,G8-e003Coalescence-mBHI-p3_S129,0,840340,G100-e003Coalescence-mGAM-p7_S175,101638
81,G2-e003Coalescence-mGAM-p5_S73,2,1525280,G100-e003Coalescence-mGAM-p7_S175,101638
82,E100-e003Coalescence-mGAM-p5_S55,1,1291155,G100-e003Coalescence-mGAM-p7_S175,101638
83,G4-e003Coalescence-mGAM-p3_S83,1,1536688,G100-e003Coalescence-mGAM-p7_S175,101638
84,F4-e003Coalescence-mBHI-p7_S111,0,477586,G100-e003Coalescence-mGAM-p7_S175,101638
85,G4-e003Coalescence-mGAM-p7_S171,1,1471075,G100-e003Coalescence-mGAM-p7_S175,101638
86,F100-e003Coalescence-mBHI-p7_S115,1,1350695,G100-e003Coalescence-mGAM-p7_S175,101638
87,E3-e003Coalescence-mGAM-p7_S146,0,1297929,G100-e003Coalescence-mGAM-p7_S175,101638
88,E3-e003Coalescence-mBHI-p5_S2,1,758841,G100-e003Coalescence-mGAM-p7_S175,101638
89,G2-e003Coalescence-mBHI-p7_S121,1,1251923,G100-e003Coalescence-mGAM-p7_S175,101638
90,F2-e003Coalescence-mBHI-p5_S13,1,1483168,G100-e003Coalescence-mGAM-p7_S175,101638
91,F2-e003Coalescence-mGAM-p3_S69,2,1044013,G100-e003Coalescence-mGAM-p7_S175,101638
92,G100-e003Coalescence-mGAM-p5_S79,2,1518875,G100-e003Coalescence-mGAM-p7_S175,101638
93,E4-e003Coalescence-mGAM-p7_S147,1,1030477,G100-e003Coalescence-mGAM-p7_S175,101638
94,E4-e003Coalescence-mGAM-p3_S59,1,1512400,G100-e003Coalescence-mGAM-p7_S175,101638
95,H100-e003Coalescence-mBHI-p7_S139,1,1461470,G100-e003Coalescence-mGAM-p7_S175,101638
96,G8-e003Coalescence-mBHI-p5_S29,4,757680,G100-e003Coalescence-mGAM-p7_S175,101638
97,G2-e003Coalescence-mBHI-p5_S25,1,1534425,G100-e003Coalescence-mGAM-p7_S175,101638
98,G8-e003Coalescence-mGAM-p7_S173,3,1390044,G100-e003Coalescence-mGAM-p7_S175,101638
99,E4-e003Coalescence-mBHI-p3_S11,2,1489708,G100-e003Coalescence-mGAM-p7_S175,101638
100,G9-e003Coalescence-mBHI-p5_S30,2,972978,G100-e003Coalescence-mGAM-p7_S175,101638
101,E100-e003Coalescence-mGAM-p7_S151,1,1431882,G100-e003Coalescence-mGAM-p7_S175,101638
102,G9-e003Coalescence-mGAM-p3_S178,0,1118807,G100-e003Coalescence-mGAM-p7_S175,101638
103,G2-e003Coalescence-mGAM-p3_S81,2,1516772,G100-e003Coalescence-mGAM-p7_S175,101638
104,G100-e003Coalescence-mBHI-p7_S127,0,560797,G100-e003Coalescence-mGAM-p7_S175,101638
0,C9-e003Coalescence-mGAM-p3,1,712205,G3-e003Coalescence-mBHI-p7_S122,101638
1,C11-e003Coalescence-mBHI-p3,2,455308,G3-e003Coalescence-mBHI-p7_S122,101638
2,C9-e003Coalescence-mGAM-p7,1,500113,G3-e003Coalescence-mBHI-p7_S122,101638
3,C8-e003Coalescence-mGAM-p7,21,1423925,G3-e003Coalescence-mBHI-p7_S122,101638
4,D10-e003Coalescence-mBHI-p3,15,592022,G3-e003Coalescence-mBHI-p7_S122,101638
5,B2-e003Coalescence-mBHI-p3,11,640269,G3-e003Coalescence-mBHI-p7_S122,101638
6,A4-e003Coalescence-mBHI-p7,27,1046978,G3-e003Coalescence-mBHI-p7_S122,101638
7,B3-e003Coalescence-mBHI-p3,8,851498,G3-e003Coalescence-mBHI-p7_S122,101638
8,C2-e003Coalescence-mBHI-p5,28,1531728,G3-e003Coalescence-mBHI-p7_S122,101638
9,C4-e003GlycerolRevival-mBHI-p2,0,655282,G3-e003Coalescence-mBHI-p7_S122,101638
10,B2-e003Coalescence-mBHI-p5,37,1376755,G3-e003Coalescence-mBHI-p7_S122,101638
11,C4-e003Coalescence-mGAM-p7,5,1491174,G3-e003Coalescence-mBHI-p7_S122,101638
12,B10-e003Assembly-mGAM-p5,0,708824,G3-e003Coalescence-mBHI-p7_S122,101638
13,C2-e003Coalescence-mGAM-p7,23,1544636,G3-e003Coalescence-mBHI-p7_S122,101638
14,C9-e003Coalescence-mBHI-p5,1,843947,G3-e003Coalescence-mBHI-p7_S122,101638
15,C2-e003Coalescence-mBHI-p3,31,1550808,G3-e003Coalescence-mBHI-p7_S122,101638
16,C9-e003Coalescence-mBHI-p3,9,1477971,G3-e003Coalescence-mBHI-p7_S122,101638
17,D10-e003Coalescence-mGAM-p5,4,895834,G3-e003Coalescence-mBHI-p7_S122,101638
18,C2-e003Coalescence-mGAM-p3,23,1349817,G3-e003Coalescence-mBHI-p7_S122,101638
19,B10-e003Coalescence-mBHI-p5,2,751178,G3-e003Coalescence-mBHI-p7_S122,101638
20,C4-e003Coalescence-mGAM-p5,8,1406224,G3-e003Coalescence-mBHI-p7_S122,101638
21,D5-e003Coalescence-mBHI-p5,32,1486364,G3-e003Coalescence-mBHI-p7_S122,101638
22,D3-e003Assembly-mBHI-p3,4,768389,G3-e003Coalescence-mBHI-p7_S122,101638
23,C4-e003Coalescence-mGAM-p3,5,1546978,G3-e003Coalescence-mBHI-p7_S122,101638
24,D3-e003Assembly-mBHI-p5,9,1546651,G3-e003Coalescence-mBHI-p7_S122,101638
25,A10-e003Coalescence-mGAM-p3,31,1530862,G3-e003Coalescence-mBHI-p7_S122,101638
26,B2-e003Coalescence-mGAM-p3,21,442858,G3-e003Coalescence-mBHI-p7_S122,101638
27,D3-e003Coalescence-mGAM-p5,5,515212,G3-e003Coalescence-mBHI-p7_S122,101638
28,C10-e003Coalescence-mGAM-p3,8,1520946,G3-e003Coalescence-mBHI-p7_S122,101638
29,C3-e003Coalescence-Inoculumn-mGAM,7,473234,G3-e003Coalescence-mBHI-p7_S122,101638
30,D4-e003Coalescence-Inoculumn-mBHI,0,618720,G3-e003Coalescence-mBHI-p7_S122,101638
31,A4-e003Coalescence-mBHI-p5,33,958917,G3-e003Coalescence-mBHI-p7_S122,101638
32,D10-e003Coalescence-mGAM-p7,13,938266,G3-e003Coalescence-mBHI-p7_S122,101638
33,C11-e003Coalescence-mGAM-p3,5,727674,G3-e003Coalescence-mBHI-p7_S122,101638
34,C10-e003Coalescence-mBHI-p7,19,636171,G3-e003Coalescence-mBHI-p7_S122,101638
35,B10-e003Coalescence-mBHI-p3,0,1064478,G3-e003Coalescence-mBHI-p7_S122,101638
36,C11-e003Coalescence-mBHI-p5,13,1515011,G3-e003Coalescence-mBHI-p7_S122,101638
37,C2-e003Coalescence-Inoculumn-mGAM,4,514343,G3-e003Coalescence-mBHI-p7_S122,101638
38,B4-e003Coalescence-Inoculumn-mGAM,8,1527645,G3-e003Coalescence-mBHI-p7_S122,101638
39,A10-e003Coalescence-mGAM-p7,10,1119734,G3-e003Coalescence-mBHI-p7_S122,101638
40,C4-e003Coalescence-Inoculumn-mGAM,12,1354072,G3-e003Coalescence-mBHI-p7_S122,101638
41,B10-e003Assembly-mGAM-p3,3,526228,G3-e003Coalescence-mBHI-p7_S122,101638
42,D10-e003Coalescence-mBHI-p7,3,560357,G3-e003Coalescence-mBHI-p7_S122,101638
43,B10-e003GlycerolRevival-mGAM-p2,1,912883,G3-e003Coalescence-mBHI-p7_S122,101638
44,C10-e003Coalescence-mGAM-p5,13,1544682,G3-e003Coalescence-mBHI-p7_S122,101638
45,A3-e003Coalescence-mBHI-p3,8,444927,G3-e003Coalescence-mBHI-p7_S122,101638
46,A4-e003Coalescence-mBHI-p3,28,1204293,G3-e003Coalescence-mBHI-p7_S122,101638
47,C9-e003Coalescence-mGAM-p5,4,810866,G3-e003Coalescence-mBHI-p7_S122,101638
48,C2-e003Coalescence-mGAM-p5,28,1502257,G3-e003Coalescence-mBHI-p7_S122,101638
49,C8-e003Coalescence-mBHI-p5,35,1338159,G3-e003Coalescence-mBHI-p7_S122,101638
50,B4-e003Coalescence-Inoculumn-mBHI,2,563867,G3-e003Coalescence-mBHI-p7_S122,101638
51,C5-e003Coalescence-Inoculumn-mGAM,7,1530071,G3-e003Coalescence-mBHI-p7_S122,101638
52,C4-e003Coalescence-mBHI-p5,9,881699,G3-e003Coalescence-mBHI-p7_S122,101638
53,A4-e003Coalescence-Inoculumn-mGAM,23,1506279,G3-e003Coalescence-mBHI-p7_S122,101638
54,C2-e003Coalescence-mBHI-p7,0,569461,G3-e003Coalescence-mBHI-p7_S122,101638
55,C10-e003Coalescence-mGAM-p7,8,1547140,G3-e003Coalescence-mBHI-p7_S122,101638
56,C10-e003Coalescence-mBHI-p3,34,1524472,G3-e003Coalescence-mBHI-p7_S122,101638
57,H4-e003Coalescence-mGAM-p7_S183,13,991821,G3-e003Coalescence-mBHI-p7_S122,101638
58,F5-e003Coalescence-mGAM-p5_S64,1,468781,G3-e003Coalescence-mBHI-p7_S122,101638
59,F100-e003Coalescence-mGAM-p7_S163,1,1155108,G3-e003Coalescence-mBHI-p7_S122,101638
60,E3-e003Coalescence-mGAM-p3_S58,14,516408,G3-e003Coalescence-mBHI-p7_S122,101638
61,G4-e003Coalescence-mBHI-p5_S27,2,878137,G3-e003Coalescence-mBHI-p7_S122,101638
62,G2-e003Coalescence-mBHI-p3_S33,11,1521290,G3-e003Coalescence-mBHI-p7_S122,101638
63,G100-e003Coalescence-mGAM-p3_S179,1,1153539,G3-e003Coalescence-mBHI-p7_S122,101638
64,G111-e003Coalescence-mBHI-p5_S32,10,1154220,G3-e003Coalescence-mBHI-p7_S122,101638
65,E3-e003Coalescence-mBHI-p3_S10,15,711439,G3-e003Coalescence-mBHI-p7_S122,101638
66,F2-e003Coalescence-mGAM-p7_S157,1,556375,G3-e003Coalescence-mBHI-p7_S122,101638
67,E100-e003Coalescence-mGAM-p3_S155,31,1461251,G3-e003Coalescence-mBHI-p7_S122,101638
68,E3-e003Coalescence-mGAM-p5_S50,13,1371172,G3-e003Coalescence-mBHI-p7_S122,101638
69,H100-e003Coalescence-mBHI-p5_S43,12,925751,G3-e003Coalescence-mBHI-p7_S122,101638
70,F2-e003Coalescence-mGAM-p5_S61,0,1281223,G3-e003Coalescence-mBHI-p7_S122,101638
71,G100-e003Coalescence-mBHI-p5_S31,5,829979,G3-e003Coalescence-mBHI-p7_S122,101638
72,G4-e003Coalescence-mBHI-p3_S35,2,474244,G3-e003Coalescence-mBHI-p7_S122,101638
73,E4-e003Coalescence-mBHI-p5_S3,23,1426946,G3-e003Coalescence-mBHI-p7_S122,101638
74,E4-e003Coalescence-mGAM-p5_S51,19,579225,G3-e003Coalescence-mBHI-p7_S122,101638
75,G9-e003Coalescence-mGAM-p7_S174,1,622414,G3-e003Coalescence-mBHI-p7_S122,101638
76,E8-e003Coalescence-mGAM-p3_S153,8,1489557,G3-e003Coalescence-mBHI-p7_S122,101638
77,G100-e003Coalescence-mGAM-p7_S175,0,673821,G3-e003Coalescence-mBHI-p7_S122,101638
78,G3-e003Coalescence-mBHI-p7_S122,0,531581,G3-e003Coalescence-mBHI-p7_S122,101638
79,G4-e003Coalescence-mGAM-p5_S75,0,1533148,G3-e003Coalescence-mBHI-p7_S122,101638
80,G8-e003Coalescence-mBHI-p3_S129,24,840340,G3-e003Coalescence-mBHI-p7_S122,101638
81,G2-e003Coalescence-mGAM-p5_S73,13,1525280,G3-e003Coalescence-mBHI-p7_S122,101638
82,E100-e003Coalescence-mGAM-p5_S55,24,1291155,G3-e003Coalescence-mBHI-p7_S122,101638
83,G4-e003Coalescence-mGAM-p3_S83,0,1536688,G3-e003Coalescence-mBHI-p7_S122,101638
84,F4-e003Coalescence-mBHI-p7_S111,0,477586,G3-e003Coalescence-mBHI-p7_S122,101638
85,G4-e003Coalescence-mGAM-p7_S171,3,1471075,G3-e003Coalescence-mBHI-p7_S122,101638
86,F100-e003Coalescence-mBHI-p7_S115,0,1350695,G3-e003Coalescence-mBHI-p7_S122,101638
87,E3-e003Coalescence-mGAM-p7_S146,12,1297929,G3-e003Coalescence-mBHI-p7_S122,101638
88,E3-e003Coalescence-mBHI-p5_S2,15,758841,G3-e003Coalescence-mBHI-p7_S122,101638
89,G2-e003Coalescence-mBHI-p7_S121,6,1251923,G3-e003Coalescence-mBHI-p7_S122,101638
90,F2-e003Coalescence-mBHI-p5_S13,13,1483168,G3-e003Coalescence-mBHI-p7_S122,101638
91,F2-e003Coalescence-mGAM-p3_S69,0,1044013,G3-e003Coalescence-mBHI-p7_S122,101638
92,G100-e003Coalescence-mGAM-p5_S79,3,1518875,G3-e003Coalescence-mBHI-p7_S122,101638
93,E4-e003Coalescence-mGAM-p7_S147,7,1030477,G3-e003Coalescence-mBHI-p7_S122,101638
94,E4-e003Coalescence-mGAM-p3_S59,6,1512400,G3-e003Coalescence-mBHI-p7_S122,101638
95,H100-e003Coalescence-mBHI-p7_S139,7,1461470,G3-e003Coalescence-mBHI-p7_S122,101638
96,G8-e003Coalescence-mBHI-p5_S29,25,757680,G3-e003Coalescence-mBHI-p7_S122,101638
97,G2-e003Coalescence-mBHI-p5_S25,0,1534425,G3-e003Coalescence-mBHI-p7_S122,101638
98,G8-e003Coalescence-mGAM-p7_S173,25,1390044,G3-e003Coalescence-mBHI-p7_S122,101638
99,E4-e003Coalescence-mBHI-p3_S11,15,1489708,G3-e003Coalescence-mBHI-p7_S122,101638
100,G9-e003Coalescence-mBHI-p5_S30,1,972978,G3-e003Coalescence-mBHI-p7_S122,101638
101,E100-e003Coalescence-mGAM-p7_S151,21,1431882,G3-e003Coalescence-mBHI-p7_S122,101638
102,G9-e003Coalescence-mGAM-p3_S178,0,1118807,G3-e003Coalescence-mBHI-p7_S122,101638
103,G2-e003Coalescence-mGAM-p3_S81,18,1516772,G3-e003Coalescence-mBHI-p7_S122,101638
104,G100-e003Coalescence-mBHI-p7_S127,5,560797,G3-e003Coalescence-mBHI-p7_S122,101638
0,C9-e003Coalescence-mGAM-p3,1,712205,G4-e003Coalescence-mGAM-p5_S75,101638
1,C11-e003Coalescence-mBHI-p3,1,455308,G4-e003Coalescence-mGAM-p5_S75,101638
2,C9-e003Coalescence-mGAM-p7,0,500113,G4-e003Coalescence-mGAM-p5_S75,101638
3,C8-e003Coalescence-mGAM-p7,9,1423925,G4-e003Coalescence-mGAM-p5_S75,101638
4,D10-e003Coalescence-mBHI-p3,2,592022,G4-e003Coalescence-mGAM-p5_S75,101638
5,B2-e003Coalescence-mBHI-p3,8,640269,G4-e003Coalescence-mGAM-p5_S75,101638
6,A4-e003Coalescence-mBHI-p7,3,1046978,G4-e003Coalescence-mGAM-p5_S75,101638
7,B3-e003Coalescence-mBHI-p3,31,851498,G4-e003Coalescence-mGAM-p5_S75,101638
8,C2-e003Coalescence-mBHI-p5,7,1531728,G4-e003Coalescence-mGAM-p5_S75,101638
9,C4-e003GlycerolRevival-mBHI-p2,2,655282,G4-e003Coalescence-mGAM-p5_S75,101638
10,B2-e003Coalescence-mBHI-p5,8,1376755,G4-e003Coalescence-mGAM-p5_S75,101638
11,C4-e003Coalescence-mGAM-p7,7,1491174,G4-e003Coalescence-mGAM-p5_S75,101638
12,B10-e003Assembly-mGAM-p5,4,708824,G4-e003Coalescence-mGAM-p5_S75,101638
13,C2-e003Coalescence-mGAM-p7,7,1544636,G4-e003Coalescence-mGAM-p5_S75,101638
14,C9-e003Coalescence-mBHI-p5,2,843947,G4-e003Coalescence-mGAM-p5_S75,101638
15,C2-e003Coalescence-mBHI-p3,7,1550808,G4-e003Coalescence-mGAM-p5_S75,101638
16,C9-e003Coalescence-mBHI-p3,7,1477971,G4-e003Coalescence-mGAM-p5_S75,101638
17,D10-e003Coalescence-mGAM-p5,2,895834,G4-e003Coalescence-mGAM-p5_S75,101638
18,C2-e003Coalescence-mGAM-p3,7,1349817,G4-e003Coalescence-mGAM-p5_S75,101638
19,B10-e003Coalescence-mBHI-p5,2,751178,G4-e003Coalescence-mGAM-p5_S75,101638
20,C4-e003Coalescence-mGAM-p5,7,1406224,G4-e003Coalescence-mGAM-p5_S75,101638
21,D5-e003Coalescence-mBHI-p5,6,1486364,G4-e003Coalescence-mGAM-p5_S75,101638
22,D3-e003Assembly-mBHI-p3,11,768389,G4-e003Coalescence-mGAM-p5_S75,101638
23,C4-e003Coalescence-mGAM-p3,7,1546978,G4-e003Coalescence-mGAM-p5_S75,101638
24,D3-e003Assembly-mBHI-p5,18,1546651,G4-e003Coalescence-mGAM-p5_S75,101638
25,A10-e003Coalescence-mGAM-p3,8,1530862,G4-e003Coalescence-mGAM-p5_S75,101638
26,B2-e003Coalescence-mGAM-p3,4,442858,G4-e003Coalescence-mGAM-p5_S75,101638
27,D3-e003Coalescence-mGAM-p5,5,515212,G4-e003Coalescence-mGAM-p5_S75,101638
28,C10-e003Coalescence-mGAM-p3,7,1520946,G4-e003Coalescence-mGAM-p5_S75,101638
29,C3-e003Coalescence-Inoculumn-mGAM,3,473234,G4-e003Coalescence-mGAM-p5_S75,101638
30,D4-e003Coalescence-Inoculumn-mBHI,4,618720,G4-e003Coalescence-mGAM-p5_S75,101638
31,A4-e003Coalescence-mBHI-p5,0,958917,G4-e003Coalescence-mGAM-p5_S75,101638
32,D10-e003Coalescence-mGAM-p7,5,938266,G4-e003Coalescence-mGAM-p5_S75,101638
33,C11-e003Coalescence-mGAM-p3,3,727674,G4-e003Coalescence-mGAM-p5_S75,101638
34,C10-e003Coalescence-mBHI-p7,22,636171,G4-e003Coalescence-mGAM-p5_S75,101638
35,B10-e003Coalescence-mBHI-p3,4,1064478,G4-e003Coalescence-mGAM-p5_S75,101638
36,C11-e003Coalescence-mBHI-p5,4,1515011,G4-e003Coalescence-mGAM-p5_S75,101638
37,C2-e003Coalescence-Inoculumn-mGAM,0,514343,G4-e003Coalescence-mGAM-p5_S75,101638
38,B4-e003Coalescence-Inoculumn-mGAM,7,1527645,G4-e003Coalescence-mGAM-p5_S75,101638
39,A10-e003Coalescence-mGAM-p7,4,1119734,G4-e003Coalescence-mGAM-p5_S75,101638
40,C4-e003Coalescence-Inoculumn-mGAM,8,1354072,G4-e003Coalescence-mGAM-p5_S75,101638
41,B10-e003Assembly-mGAM-p3,7,526228,G4-e003Coalescence-mGAM-p5_S75,101638
42,D10-e003Coalescence-mBHI-p7,2,560357,G4-e003Coalescence-mGAM-p5_S75,101638
43,B10-e003GlycerolRevival-mGAM-p2,6,912883,G4-e003Coalescence-mGAM-p5_S75,101638
44,C10-e003Coalescence-mGAM-p5,9,1544682,G4-e003Coalescence-mGAM-p5_S75,101638
45,A3-e003Coalescence-mBHI-p3,5,444927,G4-e003Coalescence-mGAM-p5_S75,101638
46,A4-e003Coalescence-mBHI-p3,2,1204293,G4-e003Coalescence-mGAM-p5_S75,101638
47,C9-e003Coalescence-mGAM-p5,5,810866,G4-e003Coalescence-mGAM-p5_S75,101638
48,C2-e003Coalescence-mGAM-p5,7,1502257,G4-e003Coalescence-mGAM-p5_S75,101638
49,C8-e003Coalescence-mBHI-p5,13,1338159,G4-e003Coalescence-mGAM-p5_S75,101638
50,B4-e003Coalescence-Inoculumn-mBHI,5,563867,G4-e003Coalescence-mGAM-p5_S75,101638
51,C5-e003Coalescence-Inoculumn-mGAM,6,1530071,G4-e003Coalescence-mGAM-p5_S75,101638
52,C4-e003Coalescence-mBHI-p5,17,881699,G4-e003Coalescence-mGAM-p5_S75,101638
53,A4-e003Coalescence-Inoculumn-mGAM,7,1506279,G4-e003Coalescence-mGAM-p5_S75,101638
54,C2-e003Coalescence-mBHI-p7,4,569461,G4-e003Coalescence-mGAM-p5_S75,101638
55,C10-e003Coalescence-mGAM-p7,7,1547140,G4-e003Coalescence-mGAM-p5_S75,101638
56,C10-e003Coalescence-mBHI-p3,6,1524472,G4-e003Coalescence-mGAM-p5_S75,101638
57,H4-e003Coalescence-mGAM-p7_S183,0,991821,G4-e003Coalescence-mGAM-p5_S75,101638
58,F5-e003Coalescence-mGAM-p5_S64,0,468781,G4-e003Coalescence-mGAM-p5_S75,101638
59,F100-e003Coalescence-mGAM-p7_S163,0,1155108,G4-e003Coalescence-mGAM-p5_S75,101638
60,E3-e003Coalescence-mGAM-p3_S58,4,516408,G4-e003Coalescence-mGAM-p5_S75,101638
61,G4-e003Coalescence-mBHI-p5_S27,4,878137,G4-e003Coalescence-mGAM-p5_S75,101638
62,G2-e003Coalescence-mBHI-p3_S33,1,1521290,G4-e003Coalescence-mGAM-p5_S75,101638
63,G100-e003Coalescence-mGAM-p3_S179,1,1153539,G4-e003Coalescence-mGAM-p5_S75,101638
64,G111-e003Coalescence-mBHI-p5_S32,0,1154220,G4-e003Coalescence-mGAM-p5_S75,101638
65,E3-e003Coalescence-mBHI-p3_S10,0,711439,G4-e003Coalescence-mGAM-p5_S75,101638
66,F2-e003Coalescence-mGAM-p7_S157,0,556375,G4-e003Coalescence-mGAM-p5_S75,101638
67,E100-e003Coalescence-mGAM-p3_S155,3,1461251,G4-e003Coalescence-mGAM-p5_S75,101638
68,E3-e003Coalescence-mGAM-p5_S50,1,1371172,G4-e003Coalescence-mGAM-p5_S75,101638
69,H100-e003Coalescence-mBHI-p5_S43,0,925751,G4-e003Coalescence-mGAM-p5_S75,101638
70,F2-e003Coalescence-mGAM-p5_S61,1,1281223,G4-e003Coalescence-mGAM-p5_S75,101638
71,G100-e003Coalescence-mBHI-p5_S31,0,829979,G4-e003Coalescence-mGAM-p5_S75,101638
72,G4-e003Coalescence-mBHI-p3_S35,6,474244,G4-e003Coalescence-mGAM-p5_S75,101638
73,E4-e003Coalescence-mBHI-p5_S3,0,1426946,G4-e003Coalescence-mGAM-p5_S75,101638
74,E4-e003Coalescence-mGAM-p5_S51,0,579225,G4-e003Coalescence-mGAM-p5_S75,101638
75,G9-e003Coalescence-mGAM-p7_S174,0,622414,G4-e003Coalescence-mGAM-p5_S75,101638
76,E8-e003Coalescence-mGAM-p3_S153,0,1489557,G4-e003Coalescence-mGAM-p5_S75,101638
77,G100-e003Coalescence-mGAM-p7_S175,1,673821,G4-e003Coalescence-mGAM-p5_S75,101638
78,G3-e003Coalescence-mBHI-p7_S122,0,531581,G4-e003Coalescence-mGAM-p5_S75,101638
79,G4-e003Coalescence-mGAM-p5_S75,0,1533148,G4-e003Coalescence-mGAM-p5_S75,101638
80,G8-e003Coalescence-mBHI-p3_S129,1,840340,G4-e003Coalescence-mGAM-p5_S75,101638
81,G2-e003Coalescence-mGAM-p5_S73,1,1525280,G4-e003Coalescence-mGAM-p5_S75,101638
82,E100-e003Coalescence-mGAM-p5_S55,1,1291155,G4-e003Coalescence-mGAM-p5_S75,101638
83,G4-e003Coalescence-mGAM-p3_S83,0,1536688,G4-e003Coalescence-mGAM-p5_S75,101638
84,F4-e003Coalescence-mBHI-p7_S111,1,477586,G4-e003Coalescence-mGAM-p5_S75,101638
85,G4-e003Coalescence-mGAM-p7_S171,0,1471075,G4-e003Coalescence-mGAM-p5_S75,101638
86,F100-e003Coalescence-mBHI-p7_S115,0,1350695,G4-e003Coalescence-mGAM-p5_S75,101638
87,E3-e003Coalescence-mGAM-p7_S146,3,1297929,G4-e003Coalescence-mGAM-p5_S75,101638
88,E3-e003Coalescence-mBHI-p5_S2,0,758841,G4-e003Coalescence-mGAM-p5_S75,101638
89,G2-e003Coalescence-mBHI-p7_S121,0,1251923,G4-e003Coalescence-mGAM-p5_S75,101638
90,F2-e003Coalescence-mBHI-p5_S13,1,1483168,G4-e003Coalescence-mGAM-p5_S75,101638
91,F2-e003Coalescence-mGAM-p3_S69,1,1044013,G4-e003Coalescence-mGAM-p5_S75,101638
92,G100-e003Coalescence-mGAM-p5_S79,3,1518875,G4-e003Coalescence-mGAM-p5_S75,101638
93,E4-e003Coalescence-mGAM-p7_S147,0,1030477,G4-e003Coalescence-mGAM-p5_S75,101638
94,E4-e003Coalescence-mGAM-p3_S59,0,1512400,G4-e003Coalescence-mGAM-p5_S75,101638
95,H100-e003Coalescence-mBHI-p7_S139,0,1461470,G4-e003Coalescence-mGAM-p5_S75,101638
96,G8-e003Coalescence-mBHI-p5_S29,5,757680,G4-e003Coalescence-mGAM-p5_S75,101638
97,G2-e003Coalescence-mBHI-p5_S25,0,1534425,G4-e003Coalescence-mGAM-p5_S75,101638
98,G8-e003Coalescence-mGAM-p7_S173,12,1390044,G4-e003Coalescence-mGAM-p5_S75,101638
99,E4-e003Coalescence-mBHI-p3_S11,1,1489708,G4-e003Coalescence-mGAM-p5_S75,101638
100,G9-e003Coalescence-mBHI-p5_S30,1,972978,G4-e003Coalescence-mGAM-p5_S75,101638
101,E100-e003Coalescence-mGAM-p7_S151,1,1431882,G4-e003Coalescence-mGAM-p5_S75,101638
102,G9-e003Coalescence-mGAM-p3_S178,0,1118807,G4-e003Coalescence-mGAM-p5_S75,101638
103,G2-e003Coalescence-mGAM-p3_S81,1,1516772,G4-e003Coalescence-mGAM-p5_S75,101638
104,G100-e003Coalescence-mBHI-p7_S127,1,560797,G4-e003Coalescence-mGAM-p5_S75,101638
0,C9-e003Coalescence-mGAM-p3,5,712205,G8-e003Coalescence-mBHI-p3_S129,101638
1,C11-e003Coalescence-mBHI-p3,7,455308,G8-e003Coalescence-mBHI-p3_S129,101638
2,C9-e003Coalescence-mGAM-p7,0,500113,G8-e003Coalescence-mBHI-p3_S129,101638
3,C8-e003Coalescence-mGAM-p7,4,1423925,G8-e003Coalescence-mBHI-p3_S129,101638
4,D10-e003Coalescence-mBHI-p3,10,592022,G8-e003Coalescence-mBHI-p3_S129,101638
5,B2-e003Coalescence-mBHI-p3,1,640269,G8-e003Coalescence-mBHI-p3_S129,101638
6,A4-e003Coalescence-mBHI-p7,6,1046978,G8-e003Coalescence-mBHI-p3_S129,101638
7,B3-e003Coalescence-mBHI-p3,7,851498,G8-e003Coalescence-mBHI-p3_S129,101638
8,C2-e003Coalescence-mBHI-p5,10,1531728,G8-e003Coalescence-mBHI-p3_S129,101638
9,C4-e003GlycerolRevival-mBHI-p2,5,655282,G8-e003Coalescence-mBHI-p3_S129,101638
10,B2-e003Coalescence-mBHI-p5,12,1376755,G8-e003Coalescence-mBHI-p3_S129,101638
11,C4-e003Coalescence-mGAM-p7,7,1491174,G8-e003Coalescence-mBHI-p3_S129,101638
12,B10-e003Assembly-mGAM-p5,0,708824,G8-e003Coalescence-mBHI-p3_S129,101638
13,C2-e003Coalescence-mGAM-p7,6,1544636,G8-e003Coalescence-mBHI-p3_S129,101638
14,C9-e003Coalescence-mBHI-p5,8,843947,G8-e003Coalescence-mBHI-p3_S129,101638
15,C2-e003Coalescence-mBHI-p3,7,1550808,G8-e003Coalescence-mBHI-p3_S129,101638
16,C9-e003Coalescence-mBHI-p3,16,1477971,G8-e003Coalescence-mBHI-p3_S129,101638
17,D10-e003Coalescence-mGAM-p5,13,895834,G8-e003Coalescence-mBHI-p3_S129,101638
18,C2-e003Coalescence-mGAM-p3,5,1349817,G8-e003Coalescence-mBHI-p3_S129,101638
19,B10-e003Coalescence-mBHI-p5,6,751178,G8-e003Coalescence-mBHI-p3_S129,101638
20,C4-e003Coalescence-mGAM-p5,5,1406224,G8-e003Coalescence-mBHI-p3_S129,101638
21,D5-e003Coalescence-mBHI-p5,14,1486364,G8-e003Coalescence-mBHI-p3_S129,101638
22,D3-e003Assembly-mBHI-p3,8,768389,G8-e003Coalescence-mBHI-p3_S129,101638
23,C4-e003Coalescence-mGAM-p3,6,1546978,G8-e003Coalescence-mBHI-p3_S129,101638
24,D3-e003Assembly-mBHI-p5,14,1546651,G8-e003Coalescence-mBHI-p3_S129,101638
25,A10-e003Coalescence-mGAM-p3,6,1530862,G8-e003Coalescence-mBHI-p3_S129,101638
26,B2-e003Coalescence-mGAM-p3,0,442858,G8-e003Coalescence-mBHI-p3_S129,101638
27,D3-e003Coalescence-mGAM-p5,5,515212,G8-e003Coalescence-mBHI-p3_S129,101638
28,C10-e003Coalescence-mGAM-p3,9,1520946,G8-e003Coalescence-mBHI-p3_S129,101638
29,C3-e003Coalescence-Inoculumn-mGAM,5,473234,G8-e003Coalescence-mBHI-p3_S129,101638
30,D4-e003Coalescence-Inoculumn-mBHI,6,618720,G8-e003Coalescence-mBHI-p3_S129,101638
31,A4-e003Coalescence-mBHI-p5,2,958917,G8-e003Coalescence-mBHI-p3_S129,101638
32,D10-e003Coalescence-mGAM-p7,10,938266,G8-e003Coalescence-mBHI-p3_S129,101638
33,C11-e003Coalescence-mGAM-p3,23,727674,G8-e003Coalescence-mBHI-p3_S129,101638
34,C10-e003Coalescence-mBHI-p7,10,636171,G8-e003Coalescence-mBHI-p3_S129,101638
35,B10-e003Coalescence-mBHI-p3,1,1064478,G8-e003Coalescence-mBHI-p3_S129,101638
36,C11-e003Coalescence-mBHI-p5,17,1515011,G8-e003Coalescence-mBHI-p3_S129,101638
37,C2-e003Coalescence-Inoculumn-mGAM,2,514343,G8-e003Coalescence-mBHI-p3_S129,101638
38,B4-e003Coalescence-Inoculumn-mGAM,13,1527645,G8-e003Coalescence-mBHI-p3_S129,101638
39,A10-e003Coalescence-mGAM-p7,5,1119734,G8-e003Coalescence-mBHI-p3_S129,101638
40,C4-e003Coalescence-Inoculumn-mGAM,14,1354072,G8-e003Coalescence-mBHI-p3_S129,101638
41,B10-e003Assembly-mGAM-p3,4,526228,G8-e003Coalescence-mBHI-p3_S129,101638
42,D10-e003Coalescence-mBHI-p7,7,560357,G8-e003Coalescence-mBHI-p3_S129,101638
43,B10-e003GlycerolRevival-mGAM-p2,1,912883,G8-e003Coalescence-mBHI-p3_S129,101638
44,C10-e003Coalescence-mGAM-p5,8,1544682,G8-e003Coalescence-mBHI-p3_S129,101638
45,A3-e003Coalescence-mBHI-p3,4,444927,G8-e003Coalescence-mBHI-p3_S129,101638
46,A4-e003Coalescence-mBHI-p3,7,1204293,G8-e003Coalescence-mBHI-p3_S129,101638
47,C9-e003Coalescence-mGAM-p5,7,810866,G8-e003Coalescence-mBHI-p3_S129,101638
48,C2-e003Coalescence-mGAM-p5,7,1502257,G8-e003Coalescence-mBHI-p3_S129,101638
49,C8-e003Coalescence-mBHI-p5,13,1338159,G8-e003Coalescence-mBHI-p3_S129,101638
50,B4-e003Coalescence-Inoculumn-mBHI,13,563867,G8-e003Coalescence-mBHI-p3_S129,101638
51,C5-e003Coalescence-Inoculumn-mGAM,6,1530071,G8-e003Coalescence-mBHI-p3_S129,101638
52,C4-e003Coalescence-mBHI-p5,13,881699,G8-e003Coalescence-mBHI-p3_S129,101638
53,A4-e003Coalescence-Inoculumn-mGAM,5,1506279,G8-e003Coalescence-mBHI-p3_S129,101638
54,C2-e003Coalescence-mBHI-p7,0,569461,G8-e003Coalescence-mBHI-p3_S129,101638
55,C10-e003Coalescence-mGAM-p7,6,1547140,G8-e003Coalescence-mBHI-p3_S129,101638
56,C10-e003Coalescence-mBHI-p3,10,1524472,G8-e003Coalescence-mBHI-p3_S129,101638
57,H4-e003Coalescence-mGAM-p7_S183,11,991821,G8-e003Coalescence-mBHI-p3_S129,101638
58,F5-e003Coalescence-mGAM-p5_S64,1,468781,G8-e003Coalescence-mBHI-p3_S129,101638
59,F100-e003Coalescence-mGAM-p7_S163,6,1155108,G8-e003Coalescence-mBHI-p3_S129,101638
60,E3-e003Coalescence-mGAM-p3_S58,0,516408,G8-e003Coalescence-mBHI-p3_S129,101638
61,G4-e003Coalescence-mBHI-p5_S27,10,878137,G8-e003Coalescence-mBHI-p3_S129,101638
62,G2-e003Coalescence-mBHI-p3_S33,2,1521290,G8-e003Coalescence-mBHI-p3_S129,101638
63,G100-e003Coalescence-mGAM-p3_S179,0,1153539,G8-e003Coalescence-mBHI-p3_S129,101638
64,G111-e003Coalescence-mBHI-p5_S32,26,1154220,G8-e003Coalescence-mBHI-p3_S129,101638
65,E3-e003Coalescence-mBHI-p3_S10,0,711439,G8-e003Coalescence-mBHI-p3_S129,101638
66,F2-e003Coalescence-mGAM-p7_S157,2,556375,G8-e003Coalescence-mBHI-p3_S129,101638
67,E100-e003Coalescence-mGAM-p3_S155,4,1461251,G8-e003Coalescence-mBHI-p3_S129,101638
68,E3-e003Coalescence-mGAM-p5_S50,0,1371172,G8-e003Coalescence-mBHI-p3_S129,101638
69,H100-e003Coalescence-mBHI-p5_S43,20,925751,G8-e003Coalescence-mBHI-p3_S129,101638
70,F2-e003Coalescence-mGAM-p5_S61,0,1281223,G8-e003Coalescence-mBHI-p3_S129,101638
71,G100-e003Coalescence-mBHI-p5_S31,9,829979,G8-e003Coalescence-mBHI-p3_S129,101638
72,G4-e003Coalescence-mBHI-p3_S35,8,474244,G8-e003Coalescence-mBHI-p3_S129,101638
73,E4-e003Coalescence-mBHI-p5_S3,1,1426946,G8-e003Coalescence-mBHI-p3_S129,101638
74,E4-e003Coalescence-mGAM-p5_S51,2,579225,G8-e003Coalescence-mBHI-p3_S129,101638
75,G9-e003Coalescence-mGAM-p7_S174,2,622414,G8-e003Coalescence-mBHI-p3_S129,101638
76,E8-e003Coalescence-mGAM-p3_S153,8,1489557,G8-e003Coalescence-mBHI-p3_S129,101638
77,G100-e003Coalescence-mGAM-p7_S175,0,673821,G8-e003Coalescence-mBHI-p3_S129,101638
78,G3-e003Coalescence-mBHI-p7_S122,24,531581,G8-e003Coalescence-mBHI-p3_S129,101638
79,G4-e003Coalescence-mGAM-p5_S75,1,1533148,G8-e003Coalescence-mBHI-p3_S129,101638
80,G8-e003Coalescence-mBHI-p3_S129,0,840340,G8-e003Coalescence-mBHI-p3_S129,101638
81,G2-e003Coalescence-mGAM-p5_S73,0,1525280,G8-e003Coalescence-mBHI-p3_S129,101638
82,E100-e003Coalescence-mGAM-p5_S55,0,1291155,G8-e003Coalescence-mBHI-p3_S129,101638
83,G4-e003Coalescence-mGAM-p3_S83,1,1536688,G8-e003Coalescence-mBHI-p3_S129,101638
84,F4-e003Coalescence-mBHI-p7_S111,7,477586,G8-e003Coalescence-mBHI-p3_S129,101638
85,G4-e003Coalescence-mGAM-p7_S171,4,1471075,G8-e003Coalescence-mBHI-p3_S129,101638
86,F100-e003Coalescence-mBHI-p7_S115,9,1350695,G8-e003Coalescence-mBHI-p3_S129,101638
87,E3-e003Coalescence-mGAM-p7_S146,1,1297929,G8-e003Coalescence-mBHI-p3_S129,101638
88,E3-e003Coalescence-mBHI-p5_S2,1,758841,G8-e003Coalescence-mBHI-p3_S129,101638
89,G2-e003Coalescence-mBHI-p7_S121,0,1251923,G8-e003Coalescence-mBHI-p3_S129,101638
90,F2-e003Coalescence-mBHI-p5_S13,3,1483168,G8-e003Coalescence-mBHI-p3_S129,101638
91,F2-e003Coalescence-mGAM-p3_S69,0,1044013,G8-e003Coalescence-mBHI-p3_S129,101638
92,G100-e003Coalescence-mGAM-p5_S79,2,1518875,G8-e003Coalescence-mBHI-p3_S129,101638
93,E4-e003Coalescence-mGAM-p7_S147,0,1030477,G8-e003Coalescence-mBHI-p3_S129,101638
94,E4-e003Coalescence-mGAM-p3_S59,0,1512400,G8-e003Coalescence-mBHI-p3_S129,101638
95,H100-e003Coalescence-mBHI-p7_S139,21,1461470,G8-e003Coalescence-mBHI-p3_S129,101638
96,G8-e003Coalescence-mBHI-p5_S29,2,757680,G8-e003Coalescence-mBHI-p3_S129,101638
97,G2-e003Coalescence-mBHI-p5_S25,0,1534425,G8-e003Coalescence-mBHI-p3_S129,101638
98,G8-e003Coalescence-mGAM-p7_S173,6,1390044,G8-e003Coalescence-mBHI-p3_S129,101638
99,E4-e003Coalescence-mBHI-p3_S11,0,1489708,G8-e003Coalescence-mBHI-p3_S129,101638
100,G9-e003Coalescence-mBHI-p5_S30,8,972978,G8-e003Coalescence-mBHI-p3_S129,101638
101,E100-e003Coalescence-mGAM-p7_S151,2,1431882,G8-e003Coalescence-mBHI-p3_S129,101638
102,G9-e003Coalescence-mGAM-p3_S178,8,1118807,G8-e003Coalescence-mBHI-p3_S129,101638
103,G2-e003Coalescence-mGAM-p3_S81,0,1516772,G8-e003Coalescence-mBHI-p3_S129,101638
104,G100-e003Coalescence-mBHI-p7_S127,0,560797,G8-e003Coalescence-mBHI-p3_S129,101638
0,C9-e003Coalescence-mGAM-p3,17,712205,G2-e003Coalescence-mGAM-p5_S73,101638
1,C11-e003Coalescence-mBHI-p3,4,455308,G2-e003Coalescence-mGAM-p5_S73,101638
2,C9-e003Coalescence-mGAM-p7,21,500113,G2-e003Coalescence-mGAM-p5_S73,101638
3,C8-e003Coalescence-mGAM-p7,8,1423925,G2-e003Coalescence-mGAM-p5_S73,101638
4,D10-e003Coalescence-mBHI-p3,22,592022,G2-e003Coalescence-mGAM-p5_S73,101638
5,B2-e003Coalescence-mBHI-p3,8,640269,G2-e003Coalescence-mGAM-p5_S73,101638
6,A4-e003Coalescence-mBHI-p7,5,1046978,G2-e003Coalescence-mGAM-p5_S73,101638
7,B3-e003Coalescence-mBHI-p3,36,851498,G2-e003Coalescence-mGAM-p5_S73,101638
8,C2-e003Coalescence-mBHI-p5,8,1531728,G2-e003Coalescence-mGAM-p5_S73,101638
9,C4-e003GlycerolRevival-mBHI-p2,16,655282,G2-e003Coalescence-mGAM-p5_S73,101638
10,B2-e003Coalescence-mBHI-p5,10,1376755,G2-e003Coalescence-mGAM-p5_S73,101638
11,C4-e003Coalescence-mGAM-p7,8,1491174,G2-e003Coalescence-mGAM-p5_S73,101638
12,B10-e003Assembly-mGAM-p5,3,708824,G2-e003Coalescence-mGAM-p5_S73,101638
13,C2-e003Coalescence-mGAM-p7,8,1544636,G2-e003Coalescence-mGAM-p5_S73,101638
14,C9-e003Coalescence-mBHI-p5,27,843947,G2-e003Coalescence-mGAM-p5_S73,101638
15,C2-e003Coalescence-mBHI-p3,8,1550808,G2-e003Coalescence-mGAM-p5_S73,101638
16,C9-e003Coalescence-mBHI-p3,29,1477971,G2-e003Coalescence-mGAM-p5_S73,101638
17,D10-e003Coalescence-mGAM-p5,23,895834,G2-e003Coalescence-mGAM-p5_S73,101638
18,C2-e003Coalescence-mGAM-p3,8,1349817,G2-e003Coalescence-mGAM-p5_S73,101638
19,B10-e003Coalescence-mBHI-p5,13,751178,G2-e003Coalescence-mGAM-p5_S73,101638
20,C4-e003Coalescence-mGAM-p5,8,1406224,G2-e003Coalescence-mGAM-p5_S73,101638
21,D5-e003Coalescence-mBHI-p5,5,1486364,G2-e003Coalescence-mGAM-p5_S73,101638
22,D3-e003Assembly-mBHI-p3,25,768389,G2-e003Coalescence-mGAM-p5_S73,101638
23,C4-e003Coalescence-mGAM-p3,8,1546978,G2-e003Coalescence-mGAM-p5_S73,101638
24,D3-e003Assembly-mBHI-p5,27,1546651,G2-e003Coalescence-mGAM-p5_S73,101638
25,A10-e003Coalescence-mGAM-p3,9,1530862,G2-e003Coalescence-mGAM-p5_S73,101638
26,B2-e003Coalescence-mGAM-p3,5,442858,G2-e003Coalescence-mGAM-p5_S73,101638
27,D3-e003Coalescence-mGAM-p5,9,515212,G2-e003Coalescence-mGAM-p5_S73,101638
28,C10-e003Coalescence-mGAM-p3,11,1520946,G2-e003Coalescence-mGAM-p5_S73,101638
29,C3-e003Coalescence-Inoculumn-mGAM,6,473234,G2-e003Coalescence-mGAM-p5_S73,101638
30,D4-e003Coalescence-Inoculumn-mBHI,9,618720,G2-e003Coalescence-mGAM-p5_S73,101638
31,A4-e003Coalescence-mBHI-p5,2,958917,G2-e003Coalescence-mGAM-p5_S73,101638
32,D10-e003Coalescence-mGAM-p7,10,938266,G2-e003Coalescence-mGAM-p5_S73,101638
33,C11-e003Coalescence-mGAM-p3,21,727674,G2-e003Coalescence-mGAM-p5_S73,101638
34,C10-e003Coalescence-mBHI-p7,24,636171,G2-e003Coalescence-mGAM-p5_S73,101638
35,B10-e003Coalescence-mBHI-p3,20,1064478,G2-e003Coalescence-mGAM-p5_S73,101638
36,C11-e003Coalescence-mBHI-p5,17,1515011,G2-e003Coalescence-mGAM-p5_S73,101638
37,C2-e003Coalescence-Inoculumn-mGAM,2,514343,G2-e003Coalescence-mGAM-p5_S73,101638
38,B4-e003Coalescence-Inoculumn-mGAM,35,1527645,G2-e003Coalescence-mGAM-p5_S73,101638
39,A10-e003Coalescence-mGAM-p7,5,1119734,G2-e003Coalescence-mGAM-p5_S73,101638
40,C4-e003Coalescence-Inoculumn-mGAM,8,1354072,G2-e003Coalescence-mGAM-p5_S73,101638
41,B10-e003Assembly-mGAM-p3,9,526228,G2-e003Coalescence-mGAM-p5_S73,101638
42,D10-e003Coalescence-mBHI-p7,8,560357,G2-e003Coalescence-mGAM-p5_S73,101638
43,B10-e003GlycerolRevival-mGAM-p2,5,912883,G2-e003Coalescence-mGAM-p5_S73,101638
44,C10-e003Coalescence-mGAM-p5,12,1544682,G2-e003Coalescence-mGAM-p5_S73,101638
45,A3-e003Coalescence-mBHI-p3,8,444927,G2-e003Coalescence-mGAM-p5_S73,101638
46,A4-e003Coalescence-mBHI-p3,3,1204293,G2-e003Coalescence-mGAM-p5_S73,101638
47,C9-e003Coalescence-mGAM-p5,23,810866,G2-e003Coalescence-mGAM-p5_S73,101638
48,C2-e003Coalescence-mGAM-p5,8,1502257,G2-e003Coalescence-mGAM-p5_S73,101638
49,C8-e003Coalescence-mBHI-p5,15,1338159,G2-e003Coalescence-mGAM-p5_S73,101638
50,B4-e003Coalescence-Inoculumn-mBHI,11,563867,G2-e003Coalescence-mGAM-p5_S73,101638
51,C5-e003Coalescence-Inoculumn-mGAM,9,1530071,G2-e003Coalescence-mGAM-p5_S73,101638
52,C4-e003Coalescence-mBHI-p5,22,881699,G2-e003Coalescence-mGAM-p5_S73,101638
53,A4-e003Coalescence-Inoculumn-mGAM,8,1506279,G2-e003Coalescence-mGAM-p5_S73,101638
54,C2-e003Coalescence-mBHI-p7,3,569461,G2-e003Coalescence-mGAM-p5_S73,101638
55,C10-e003Coalescence-mGAM-p7,8,1547140,G2-e003Coalescence-mGAM-p5_S73,101638
56,C10-e003Coalescence-mBHI-p3,7,1524472,G2-e003Coalescence-mGAM-p5_S73,101638
57,H4-e003Coalescence-mGAM-p7_S183,3,991821,G2-e003Coalescence-mGAM-p5_S73,101638
58,F5-e003Coalescence-mGAM-p5_S64,1,468781,G2-e003Coalescence-mGAM-p5_S73,101638
59,F100-e003Coalescence-mGAM-p7_S163,2,1155108,G2-e003Coalescence-mGAM-p5_S73,101638
60,E3-e003Coalescence-mGAM-p3_S58,5,516408,G2-e003Coalescence-mGAM-p5_S73,101638
61,G4-e003Coalescence-mBHI-p5_S27,4,878137,G2-e003Coalescence-mGAM-p5_S73,101638
62,G2-e003Coalescence-mBHI-p3_S33,1,1521290,G2-e003Coalescence-mGAM-p5_S73,101638
63,G100-e003Coalescence-mGAM-p3_S179,0,1153539,G2-e003Coalescence-mGAM-p5_S73,101638
64,G111-e003Coalescence-mBHI-p5_S32,24,1154220,G2-e003Coalescence-mGAM-p5_S73,101638
65,E3-e003Coalescence-mBHI-p3_S10,0,711439,G2-e003Coalescence-mGAM-p5_S73,101638
66,F2-e003Coalescence-mGAM-p7_S157,0,556375,G2-e003Coalescence-mGAM-p5_S73,101638
67,E100-e003Coalescence-mGAM-p3_S155,4,1461251,G2-e003Coalescence-mGAM-p5_S73,101638
68,E3-e003Coalescence-mGAM-p5_S50,2,1371172,G2-e003Coalescence-mGAM-p5_S73,101638
69,H100-e003Coalescence-mBHI-p5_S43,17,925751,G2-e003Coalescence-mGAM-p5_S73,101638
70,F2-e003Coalescence-mGAM-p5_S61,1,1281223,G2-e003Coalescence-mGAM-p5_S73,101638
71,G100-e003Coalescence-mBHI-p5_S31,1,829979,G2-e003Coalescence-mGAM-p5_S73,101638
72,G4-e003Coalescence-mBHI-p3_S35,8,474244,G2-e003Coalescence-mGAM-p5_S73,101638
73,E4-e003Coalescence-mBHI-p5_S3,0,1426946,G2-e003Coalescence-mGAM-p5_S73,101638
74,E4-e003Coalescence-mGAM-p5_S51,0,579225,G2-e003Coalescence-mGAM-p5_S73,101638
75,G9-e003Coalescence-mGAM-p7_S174,13,622414,G2-e003Coalescence-mGAM-p5_S73,101638
76,E8-e003Coalescence-mGAM-p3_S153,5,1489557,G2-e003Coalescence-mGAM-p5_S73,101638
77,G100-e003Coalescence-mGAM-p7_S175,1,673821,G2-e003Coalescence-mGAM-p5_S73,101638
78,G3-e003Coalescence-mBHI-p7_S122,14,531581,G2-e003Coalescence-mGAM-p5_S73,101638
79,G4-e003Coalescence-mGAM-p5_S75,0,1533148,G2-e003Coalescence-mGAM-p5_S73,101638
80,G8-e003Coalescence-mBHI-p3_S129,0,840340,G2-e003Coalescence-mGAM-p5_S73,101638
81,G2-e003Coalescence-mGAM-p5_S73,0,1525280,G2-e003Coalescence-mGAM-p5_S73,101638
82,E100-e003Coalescence-mGAM-p5_S55,1,1291155,G2-e003Coalescence-mGAM-p5_S73,101638
83,G4-e003Coalescence-mGAM-p3_S83,0,1536688,G2-e003Coalescence-mGAM-p5_S73,101638
84,F4-e003Coalescence-mBHI-p7_S111,21,477586,G2-e003Coalescence-mGAM-p5_S73,101638
85,G4-e003Coalescence-mGAM-p7_S171,0,1471075,G2-e003Coalescence-mGAM-p5_S73,101638
86,F100-e003Coalescence-mBHI-p7_S115,21,1350695,G2-e003Coalescence-mGAM-p5_S73,101638
87,E3-e003Coalescence-mGAM-p7_S146,3,1297929,G2-e003Coalescence-mGAM-p5_S73,101638
88,E3-e003Coalescence-mBHI-p5_S2,0,758841,G2-e003Coalescence-mGAM-p5_S73,101638
89,G2-e003Coalescence-mBHI-p7_S121,0,1251923,G2-e003Coalescence-mGAM-p5_S73,101638
90,F2-e003Coalescence-mBHI-p5_S13,1,1483168,G2-e003Coalescence-mGAM-p5_S73,101638
91,F2-e003Coalescence-mGAM-p3_S69,1,1044013,G2-e003Coalescence-mGAM-p5_S73,101638
92,G100-e003Coalescence-mGAM-p5_S79,4,1518875,G2-e003Coalescence-mGAM-p5_S73,101638
93,E4-e003Coalescence-mGAM-p7_S147,0,1030477,G2-e003Coalescence-mGAM-p5_S73,101638
94,E4-e003Coalescence-mGAM-p3_S59,0,1512400,G2-e003Coalescence-mGAM-p5_S73,101638
95,H100-e003Coalescence-mBHI-p7_S139,28,1461470,G2-e003Coalescence-mGAM-p5_S73,101638
96,G8-e003Coalescence-mBHI-p5_S29,7,757680,G2-e003Coalescence-mGAM-p5_S73,101638
97,G2-e003Coalescence-mBHI-p5_S25,0,1534425,G2-e003Coalescence-mGAM-p5_S73,101638
98,G8-e003Coalescence-mGAM-p7_S173,11,1390044,G2-e003Coalescence-mGAM-p5_S73,101638
99,E4-e003Coalescence-mBHI-p3_S11,1,1489708,G2-e003Coalescence-mGAM-p5_S73,101638
100,G9-e003Coalescence-mBHI-p5_S30,10,972978,G2-e003Coalescence-mGAM-p5_S73,101638
101,E100-e003Coalescence-mGAM-p7_S151,1,1431882,G2-e003Coalescence-mGAM-p5_S73,101638
102,G9-e003Coalescence-mGAM-p3_S178,22,1118807,G2-e003Coalescence-mGAM-p5_S73,101638
103,G2-e003Coalescence-mGAM-p3_S81,0,1516772,G2-e003Coalescence-mGAM-p5_S73,101638
104,G100-e003Coalescence-mBHI-p7_S127,3,560797,G2-e003Coalescence-mGAM-p5_S73,101638
0,C9-e003Coalescence-mGAM-p3,25,712205,E100-e003Coalescence-mGAM-p5_S55,101638
1,C11-e003Coalescence-mBHI-p3,3,455308,E100-e003Coalescence-mGAM-p5_S55,101638
2,C9-e003Coalescence-mGAM-p7,22,500113,E100-e003Coalescence-mGAM-p5_S55,101638
3,C8-e003Coalescence-mGAM-p7,8,1423925,E100-e003Coalescence-mGAM-p5_S55,101638
4,D10-e003Coalescence-mBHI-p3,30,592022,E100-e003Coalescence-mGAM-p5_S55,101638
5,B2-e003Coalescence-mBHI-p3,13,640269,E100-e003Coalescence-mGAM-p5_S55,101638
6,A4-e003Coalescence-mBHI-p7,3,1046978,E100-e003Coalescence-mGAM-p5_S55,101638
7,B3-e003Coalescence-mBHI-p3,28,851498,E100-e003Coalescence-mGAM-p5_S55,101638
8,C2-e003Coalescence-mBHI-p5,9,1531728,E100-e003Coalescence-mGAM-p5_S55,101638
9,C4-e003GlycerolRevival-mBHI-p2,26,655282,E100-e003Coalescence-mGAM-p5_S55,101638
10,B2-e003Coalescence-mBHI-p5,14,1376755,E100-e003Coalescence-mGAM-p5_S55,101638
11,C4-e003Coalescence-mGAM-p7,11,1491174,E100-e003Coalescence-mGAM-p5_S55,101638
12,B10-e003Assembly-mGAM-p5,4,708824,E100-e003Coalescence-mGAM-p5_S55,101638
13,C2-e003Coalescence-mGAM-p7,9,1544636,E100-e003Coalescence-mGAM-p5_S55,101638
14,C9-e003Coalescence-mBHI-p5,32,843947,E100-e003Coalescence-mGAM-p5_S55,101638
15,C2-e003Coalescence-mBHI-p3,10,1550808,E100-e003Coalescence-mGAM-p5_S55,101638
16,C9-e003Coalescence-mBHI-p3,41,1477971,E100-e003Coalescence-mGAM-p5_S55,101638
17,D10-e003Coalescence-mGAM-p5,24,895834,E100-e003Coalescence-mGAM-p5_S55,101638
18,C2-e003Coalescence-mGAM-p3,9,1349817,E100-e003Coalescence-mGAM-p5_S55,101638
19,B10-e003Coalescence-mBHI-p5,19,751178,E100-e003Coalescence-mGAM-p5_S55,101638
20,C4-e003Coalescence-mGAM-p5,9,1406224,E100-e003Coalescence-mGAM-p5_S55,101638
21,D5-e003Coalescence-mBHI-p5,5,1486364,E100-e003Coalescence-mGAM-p5_S55,101638
22,D3-e003Assembly-mBHI-p3,16,768389,E100-e003Coalescence-mGAM-p5_S55,101638
23,C4-e003Coalescence-mGAM-p3,10,1546978,E100-e003Coalescence-mGAM-p5_S55,101638
24,D3-e003Assembly-mBHI-p5,22,1546651,E100-e003Coalescence-mGAM-p5_S55,101638
25,A10-e003Coalescence-mGAM-p3,8,1530862,E100-e003Coalescence-mGAM-p5_S55,101638
26,B2-e003Coalescence-mGAM-p3,6,442858,E100-e003Coalescence-mGAM-p5_S55,101638
27,D3-e003Coalescence-mGAM-p5,16,515212,E100-e003Coalescence-mGAM-p5_S55,101638
28,C10-e003Coalescence-mGAM-p3,9,1520946,E100-e003Coalescence-mGAM-p5_S55,101638
29,C3-e003Coalescence-Inoculumn-mGAM,3,473234,E100-e003Coalescence-mGAM-p5_S55,101638
30,D4-e003Coalescence-Inoculumn-mBHI,7,618720,E100-e003Coalescence-mGAM-p5_S55,101638
31,A4-e003Coalescence-mBHI-p5,4,958917,E100-e003Coalescence-mGAM-p5_S55,101638
32,D10-e003Coalescence-mGAM-p7,14,938266,E100-e003Coalescence-mGAM-p5_S55,101638
33,C11-e003Coalescence-mGAM-p3,36,727674,E100-e003Coalescence-mGAM-p5_S55,101638
34,C10-e003Coalescence-mBHI-p7,21,636171,E100-e003Coalescence-mGAM-p5_S55,101638
35,B10-e003Coalescence-mBHI-p3,25,1064478,E100-e003Coalescence-mGAM-p5_S55,101638
36,C11-e003Coalescence-mBHI-p5,15,1515011,E100-e003Coalescence-mGAM-p5_S55,101638
37,C2-e003Coalescence-Inoculumn-mGAM,3,514343,E100-e003Coalescence-mGAM-p5_S55,101638
38,B4-e003Coalescence-Inoculumn-mGAM,41,1527645,E100-e003Coalescence-mGAM-p5_S55,101638
39,A10-e003Coalescence-mGAM-p7,6,1119734,E100-e003Coalescence-mGAM-p5_S55,101638
40,C4-e003Coalescence-Inoculumn-mGAM,12,1354072,E100-e003Coalescence-mGAM-p5_S55,101638
41,B10-e003Assembly-mGAM-p3,5,526228,E100-e003Coalescence-mGAM-p5_S55,101638
42,D10-e003Coalescence-mBHI-p7,12,560357,E100-e003Coalescence-mGAM-p5_S55,101638
43,B10-e003GlycerolRevival-mGAM-p2,5,912883,E100-e003Coalescence-mGAM-p5_S55,101638
44,C10-e003Coalescence-mGAM-p5,11,1544682,E100-e003Coalescence-mGAM-p5_S55,101638
45,A3-e003Coalescence-mBHI-p3,11,444927,E100-e003Coalescence-mGAM-p5_S55,101638
46,A4-e003Coalescence-mBHI-p3,6,1204293,E100-e003Coalescence-mGAM-p5_S55,101638
47,C9-e003Coalescence-mGAM-p5,31,810866,E100-e003Coalescence-mGAM-p5_S55,101638
48,C2-e003Coalescence-mGAM-p5,9,1502257,E100-e003Coalescence-mGAM-p5_S55,101638
49,C8-e003Coalescence-mBHI-p5,17,1338159,E100-e003Coalescence-mGAM-p5_S55,101638
50,B4-e003Coalescence-Inoculumn-mBHI,12,563867,E100-e003Coalescence-mGAM-p5_S55,101638
51,C5-e003Coalescence-Inoculumn-mGAM,11,1530071,E100-e003Coalescence-mGAM-p5_S55,101638
52,C4-e003Coalescence-mBHI-p5,13,881699,E100-e003Coalescence-mGAM-p5_S55,101638
53,A4-e003Coalescence-Inoculumn-mGAM,10,1506279,E100-e003Coalescence-mGAM-p5_S55,101638
54,C2-e003Coalescence-mBHI-p7,5,569461,E100-e003Coalescence-mGAM-p5_S55,101638
55,C10-e003Coalescence-mGAM-p7,10,1547140,E100-e003Coalescence-mGAM-p5_S55,101638
56,C10-e003Coalescence-mBHI-p3,13,1524472,E100-e003Coalescence-mGAM-p5_S55,101638
57,H4-e003Coalescence-mGAM-p7_S183,5,991821,E100-e003Coalescence-mGAM-p5_S55,101638
58,F5-e003Coalescence-mGAM-p5_S64,3,468781,E100-e003Coalescence-mGAM-p5_S55,101638
59,F100-e003Coalescence-mGAM-p7_S163,12,1155108,E100-e003Coalescence-mGAM-p5_S55,101638
60,E3-e003Coalescence-mGAM-p3_S58,6,516408,E100-e003Coalescence-mGAM-p5_S55,101638
61,G4-e003Coalescence-mBHI-p5_S27,8,878137,E100-e003Coalescence-mGAM-p5_S55,101638
62,G2-e003Coalescence-mBHI-p3_S33,5,1521290,E100-e003Coalescence-mGAM-p5_S55,101638
63,G100-e003Coalescence-mGAM-p3_S179,4,1153539,E100-e003Coalescence-mGAM-p5_S55,101638
64,G111-e003Coalescence-mBHI-p5_S32,30,1154220,E100-e003Coalescence-mGAM-p5_S55,101638
65,E3-e003Coalescence-mBHI-p3_S10,2,711439,E100-e003Coalescence-mGAM-p5_S55,101638
66,F2-e003Coalescence-mGAM-p7_S157,1,556375,E100-e003Coalescence-mGAM-p5_S55,101638
67,E100-e003Coalescence-mGAM-p3_S155,7,1461251,E100-e003Coalescence-mGAM-p5_S55,101638
68,E3-e003Coalescence-mGAM-p5_S50,1,1371172,E100-e003Coalescence-mGAM-p5_S55,101638
69,H100-e003Coalescence-mBHI-p5_S43,26,925751,E100-e003Coalescence-mGAM-p5_S55,101638
70,F2-e003Coalescence-mGAM-p5_S61,2,1281223,E100-e003Coalescence-mGAM-p5_S55,101638
71,G100-e003Coalescence-mBHI-p5_S31,2,829979,E100-e003Coalescence-mGAM-p5_S55,101638
72,G4-e003Coalescence-mBHI-p3_S35,8,474244,E100-e003Coalescence-mGAM-p5_S55,101638
73,E4-e003Coalescence-mBHI-p5_S3,5,1426946,E100-e003Coalescence-mGAM-p5_S55,101638
74,E4-e003Coalescence-mGAM-p5_S51,2,579225,E100-e003Coalescence-mGAM-p5_S55,101638
75,G9-e003Coalescence-mGAM-p7_S174,26,622414,E100-e003Coalescence-mGAM-p5_S55,101638
76,E8-e003Coalescence-mGAM-p3_S153,3,1489557,E100-e003Coalescence-mGAM-p5_S55,101638
77,G100-e003Coalescence-mGAM-p7_S175,2,673821,E100-e003Coalescence-mGAM-p5_S55,101638
78,G3-e003Coalescence-mBHI-p7_S122,25,531581,E100-e003Coalescence-mGAM-p5_S55,101638
79,G4-e003Coalescence-mGAM-p5_S75,4,1533148,E100-e003Coalescence-mGAM-p5_S55,101638
80,G8-e003Coalescence-mBHI-p3_S129,0,840340,E100-e003Coalescence-mGAM-p5_S55,101638
81,G2-e003Coalescence-mGAM-p5_S73,4,1525280,E100-e003Coalescence-mGAM-p5_S55,101638
82,E100-e003Coalescence-mGAM-p5_S55,0,1291155,E100-e003Coalescence-mGAM-p5_S55,101638
83,G4-e003Coalescence-mGAM-p3_S83,4,1536688,E100-e003Coalescence-mGAM-p5_S55,101638
84,F4-e003Coalescence-mBHI-p7_S111,25,477586,E100-e003Coalescence-mGAM-p5_S55,101638
85,G4-e003Coalescence-mGAM-p7_S171,4,1471075,E100-e003Coalescence-mGAM-p5_S55,101638
86,F100-e003Coalescence-mBHI-p7_S115,35,1350695,E100-e003Coalescence-mGAM-p5_S55,101638
87,E3-e003Coalescence-mGAM-p7_S146,1,1297929,E100-e003Coalescence-mGAM-p5_S55,101638
88,E3-e003Coalescence-mBHI-p5_S2,1,758841,E100-e003Coalescence-mGAM-p5_S55,101638
89,G2-e003Coalescence-mBHI-p7_S121,4,1251923,E100-e003Coalescence-mGAM-p5_S55,101638
90,F2-e003Coalescence-mBHI-p5_S13,4,1483168,E100-e003Coalescence-mGAM-p5_S55,101638
91,F2-e003Coalescence-mGAM-p3_S69,1,1044013,E100-e003Coalescence-mGAM-p5_S55,101638
92,G100-e003Coalescence-mGAM-p5_S79,4,1518875,E100-e003Coalescence-mGAM-p5_S55,101638
93,E4-e003Coalescence-mGAM-p7_S147,2,1030477,E100-e003Coalescence-mGAM-p5_S55,101638
94,E4-e003Coalescence-mGAM-p3_S59,2,1512400,E100-e003Coalescence-mGAM-p5_S55,101638
95,H100-e003Coalescence-mBHI-p7_S139,35,1461470,E100-e003Coalescence-mGAM-p5_S55,101638
96,G8-e003Coalescence-mBHI-p5_S29,6,757680,E100-e003Coalescence-mGAM-p5_S55,101638
97,G2-e003Coalescence-mBHI-p5_S25,3,1534425,E100-e003Coalescence-mGAM-p5_S55,101638
98,G8-e003Coalescence-mGAM-p7_S173,5,1390044,E100-e003Coalescence-mGAM-p5_S55,101638
99,E4-e003Coalescence-mBHI-p3_S11,5,1489708,E100-e003Coalescence-mGAM-p5_S55,101638
100,G9-e003Coalescence-mBHI-p5_S30,22,972978,E100-e003Coalescence-mGAM-p5_S55,101638
101,E100-e003Coalescence-mGAM-p7_S151,3,1431882,E100-e003Coalescence-mGAM-p5_S55,101638
102,G9-e003Coalescence-mGAM-p3_S178,31,1118807,E100-e003Coalescence-mGAM-p5_S55,101638
103,G2-e003Coalescence-mGAM-p3_S81,4,1516772,E100-e003Coalescence-mGAM-p5_S55,101638
104,G100-e003Coalescence-mBHI-p7_S127,6,560797,E100-e003Coalescence-mGAM-p5_S55,101638
0,C9-e003Coalescence-mGAM-p3,1,712205,G4-e003Coalescence-mGAM-p3_S83,101638
1,C11-e003Coalescence-mBHI-p3,1,455308,G4-e003Coalescence-mGAM-p3_S83,101638
2,C9-e003Coalescence-mGAM-p7,2,500113,G4-e003Coalescence-mGAM-p3_S83,101638
3,C8-e003Coalescence-mGAM-p7,8,1423925,G4-e003Coalescence-mGAM-p3_S83,101638
4,D10-e003Coalescence-mBHI-p3,5,592022,G4-e003Coalescence-mGAM-p3_S83,101638
5,B2-e003Coalescence-mBHI-p3,8,640269,G4-e003Coalescence-mGAM-p3_S83,101638
6,A4-e003Coalescence-mBHI-p7,5,1046978,G4-e003Coalescence-mGAM-p3_S83,101638
7,B3-e003Coalescence-mBHI-p3,35,851498,G4-e003Coalescence-mGAM-p3_S83,101638
8,C2-e003Coalescence-mBHI-p5,9,1531728,G4-e003Coalescence-mGAM-p3_S83,101638
9,C4-e003GlycerolRevival-mBHI-p2,2,655282,G4-e003Coalescence-mGAM-p3_S83,101638
10,B2-e003Coalescence-mBHI-p5,12,1376755,G4-e003Coalescence-mGAM-p3_S83,101638
11,C4-e003Coalescence-mGAM-p7,9,1491174,G4-e003Coalescence-mGAM-p3_S83,101638
12,B10-e003Assembly-mGAM-p5,3,708824,G4-e003Coalescence-mGAM-p3_S83,101638
13,C2-e003Coalescence-mGAM-p7,9,1544636,G4-e003Coalescence-mGAM-p3_S83,101638
14,C9-e003Coalescence-mBHI-p5,2,843947,G4-e003Coalescence-mGAM-p3_S83,101638
15,C2-e003Coalescence-mBHI-p3,9,1550808,G4-e003Coalescence-mGAM-p3_S83,101638
16,C9-e003Coalescence-mBHI-p3,9,1477971,G4-e003Coalescence-mGAM-p3_S83,101638
17,D10-e003Coalescence-mGAM-p5,5,895834,G4-e003Coalescence-mGAM-p3_S83,101638
18,C2-e003Coalescence-mGAM-p3,9,1349817,G4-e003Coalescence-mGAM-p3_S83,101638
19,B10-e003Coalescence-mBHI-p5,4,751178,G4-e003Coalescence-mGAM-p3_S83,101638
20,C4-e003Coalescence-mGAM-p5,9,1406224,G4-e003Coalescence-mGAM-p3_S83,101638
21,D5-e003Coalescence-mBHI-p5,6,1486364,G4-e003Coalescence-mGAM-p3_S83,101638
22,D3-e003Assembly-mBHI-p3,12,768389,G4-e003Coalescence-mGAM-p3_S83,101638
23,C4-e003Coalescence-mGAM-p3,9,1546978,G4-e003Coalescence-mGAM-p3_S83,101638
24,D3-e003Assembly-mBHI-p5,20,1546651,G4-e003Coalescence-mGAM-p3_S83,101638
25,A10-e003Coalescence-mGAM-p3,9,1530862,G4-e003Coalescence-mGAM-p3_S83,101638
26,B2-e003Coalescence-mGAM-p3,3,442858,G4-e003Coalescence-mGAM-p3_S83,101638
27,D3-e003Coalescence-mGAM-p5,7,515212,G4-e003Coalescence-mGAM-p3_S83,101638
28,C10-e003Coalescence-mGAM-p3,9,1520946,G4-e003Coalescence-mGAM-p3_S83,101638
29,C3-e003Coalescence-Inoculumn-mGAM,5,473234,G4-e003Coalescence-mGAM-p3_S83,101638
30,D4-e003Coalescence-Inoculumn-mBHI,4,618720,G4-e003Coalescence-mGAM-p3_S83,101638
31,A4-e003Coalescence-mBHI-p5,2,958917,G4-e003Coalescence-mGAM-p3_S83,101638
32,D10-e003Coalescence-mGAM-p7,5,938266,G4-e003Coalescence-mGAM-p3_S83,101638
33,C11-e003Coalescence-mGAM-p3,7,727674,G4-e003Coalescence-mGAM-p3_S83,101638
34,C10-e003Coalescence-mBHI-p7,23,636171,G4-e003Coalescence-mGAM-p3_S83,101638
35,B10-e003Coalescence-mBHI-p3,4,1064478,G4-e003Coalescence-mGAM-p3_S83,101638
36,C11-e003Coalescence-mBHI-p5,6,1515011,G4-e003Coalescence-mGAM-p3_S83,101638
37,C2-e003Coalescence-Inoculumn-mGAM,2,514343,G4-e003Coalescence-mGAM-p3_S83,101638
38,B4-e003Coalescence-Inoculumn-mGAM,10,1527645,G4-e003Coalescence-mGAM-p3_S83,101638
39,A10-e003Coalescence-mGAM-p7,6,1119734,G4-e003Coalescence-mGAM-p3_S83,101638
40,C4-e003Coalescence-Inoculumn-mGAM,9,1354072,G4-e003Coalescence-mGAM-p3_S83,101638
41,B10-e003Assembly-mGAM-p3,7,526228,G4-e003Coalescence-mGAM-p3_S83,101638
42,D10-e003Coalescence-mBHI-p7,2,560357,G4-e003Coalescence-mGAM-p3_S83,101638
43,B10-e003GlycerolRevival-mGAM-p2,6,912883,G4-e003Coalescence-mGAM-p3_S83,101638
44,C10-e003Coalescence-mGAM-p5,10,1544682,G4-e003Coalescence-mGAM-p3_S83,101638
45,A3-e003Coalescence-mBHI-p3,7,444927,G4-e003Coalescence-mGAM-p3_S83,101638
46,A4-e003Coalescence-mBHI-p3,4,1204293,G4-e003Coalescence-mGAM-p3_S83,101638
47,C9-e003Coalescence-mGAM-p5,4,810866,G4-e003Coalescence-mGAM-p3_S83,101638
48,C2-e003Coalescence-mGAM-p5,9,1502257,G4-e003Coalescence-mGAM-p3_S83,101638
49,C8-e003Coalescence-mBHI-p5,16,1338159,G4-e003Coalescence-mGAM-p3_S83,101638
50,B4-e003Coalescence-Inoculumn-mBHI,8,563867,G4-e003Coalescence-mGAM-p3_S83,101638
51,C5-e003Coalescence-Inoculumn-mGAM,8,1530071,G4-e003Coalescence-mGAM-p3_S83,101638
52,C4-e003Coalescence-mBHI-p5,19,881699,G4-e003Coalescence-mGAM-p3_S83,101638
53,A4-e003Coalescence-Inoculumn-mGAM,9,1506279,G4-e003Coalescence-mGAM-p3_S83,101638
54,C2-e003Coalescence-mBHI-p7,5,569461,G4-e003Coalescence-mGAM-p3_S83,101638
55,C10-e003Coalescence-mGAM-p7,10,1547140,G4-e003Coalescence-mGAM-p3_S83,101638
56,C10-e003Coalescence-mBHI-p3,8,1524472,G4-e003Coalescence-mGAM-p3_S83,101638
57,H4-e003Coalescence-mGAM-p7_S183,0,991821,G4-e003Coalescence-mGAM-p3_S83,101638
58,F5-e003Coalescence-mGAM-p5_S64,0,468781,G4-e003Coalescence-mGAM-p3_S83,101638
59,F100-e003Coalescence-mGAM-p7_S163,0,1155108,G4-e003Coalescence-mGAM-p3_S83,101638
60,E3-e003Coalescence-mGAM-p3_S58,4,516408,G4-e003Coalescence-mGAM-p3_S83,101638
61,G4-e003Coalescence-mBHI-p5_S27,4,878137,G4-e003Coalescence-mGAM-p3_S83,101638
62,G2-e003Coalescence-mBHI-p3_S33,1,1521290,G4-e003Coalescence-mGAM-p3_S83,101638
63,G100-e003Coalescence-mGAM-p3_S179,2,1153539,G4-e003Coalescence-mGAM-p3_S83,101638
64,G111-e003Coalescence-mBHI-p5_S32,0,1154220,G4-e003Coalescence-mGAM-p3_S83,101638
65,E3-e003Coalescence-mBHI-p3_S10,1,711439,G4-e003Coalescence-mGAM-p3_S83,101638
66,F2-e003Coalescence-mGAM-p7_S157,0,556375,G4-e003Coalescence-mGAM-p3_S83,101638
67,E100-e003Coalescence-mGAM-p3_S155,4,1461251,G4-e003Coalescence-mGAM-p3_S83,101638
68,E3-e003Coalescence-mGAM-p5_S50,2,1371172,G4-e003Coalescence-mGAM-p3_S83,101638
69,H100-e003Coalescence-mBHI-p5_S43,0,925751,G4-e003Coalescence-mGAM-p3_S83,101638
70,F2-e003Coalescence-mGAM-p5_S61,0,1281223,G4-e003Coalescence-mGAM-p3_S83,101638
71,G100-e003Coalescence-mBHI-p5_S31,1,829979,G4-e003Coalescence-mGAM-p3_S83,101638
72,G4-e003Coalescence-mBHI-p3_S35,6,474244,G4-e003Coalescence-mGAM-p3_S83,101638
73,E4-e003Coalescence-mBHI-p5_S3,0,1426946,G4-e003Coalescence-mGAM-p3_S83,101638
74,E4-e003Coalescence-mGAM-p5_S51,0,579225,G4-e003Coalescence-mGAM-p3_S83,101638
75,G9-e003Coalescence-mGAM-p7_S174,0,622414,G4-e003Coalescence-mGAM-p3_S83,101638
76,E8-e003Coalescence-mGAM-p3_S153,1,1489557,G4-e003Coalescence-mGAM-p3_S83,101638
77,G100-e003Coalescence-mGAM-p7_S175,1,673821,G4-e003Coalescence-mGAM-p3_S83,101638
78,G3-e003Coalescence-mBHI-p7_S122,0,531581,G4-e003Coalescence-mGAM-p3_S83,101638
79,G4-e003Coalescence-mGAM-p5_S75,0,1533148,G4-e003Coalescence-mGAM-p3_S83,101638
80,G8-e003Coalescence-mBHI-p3_S129,1,840340,G4-e003Coalescence-mGAM-p3_S83,101638
81,G2-e003Coalescence-mGAM-p5_S73,1,1525280,G4-e003Coalescence-mGAM-p3_S83,101638
82,E100-e003Coalescence-mGAM-p5_S55,1,1291155,G4-e003Coalescence-mGAM-p3_S83,101638
83,G4-e003Coalescence-mGAM-p3_S83,0,1536688,G4-e003Coalescence-mGAM-p3_S83,101638
84,F4-e003Coalescence-mBHI-p7_S111,2,477586,G4-e003Coalescence-mGAM-p3_S83,101638
85,G4-e003Coalescence-mGAM-p7_S171,0,1471075,G4-e003Coalescence-mGAM-p3_S83,101638
86,F100-e003Coalescence-mBHI-p7_S115,0,1350695,G4-e003Coalescence-mGAM-p3_S83,101638
87,E3-e003Coalescence-mGAM-p7_S146,2,1297929,G4-e003Coalescence-mGAM-p3_S83,101638
88,E3-e003Coalescence-mBHI-p5_S2,0,758841,G4-e003Coalescence-mGAM-p3_S83,101638
89,G2-e003Coalescence-mBHI-p7_S121,0,1251923,G4-e003Coalescence-mGAM-p3_S83,101638
90,F2-e003Coalescence-mBHI-p5_S13,1,1483168,G4-e003Coalescence-mGAM-p3_S83,101638
91,F2-e003Coalescence-mGAM-p3_S69,0,1044013,G4-e003Coalescence-mGAM-p3_S83,101638
92,G100-e003Coalescence-mGAM-p5_S79,2,1518875,G4-e003Coalescence-mGAM-p3_S83,101638
93,E4-e003Coalescence-mGAM-p7_S147,0,1030477,G4-e003Coalescence-mGAM-p3_S83,101638
94,E4-e003Coalescence-mGAM-p3_S59,0,1512400,G4-e003Coalescence-mGAM-p3_S83,101638
95,H100-e003Coalescence-mBHI-p7_S139,0,1461470,G4-e003Coalescence-mGAM-p3_S83,101638
96,G8-e003Coalescence-mBHI-p5_S29,5,757680,G4-e003Coalescence-mGAM-p3_S83,101638
97,G2-e003Coalescence-mBHI-p5_S25,0,1534425,G4-e003Coalescence-mGAM-p3_S83,101638
98,G8-e003Coalescence-mGAM-p7_S173,12,1390044,G4-e003Coalescence-mGAM-p3_S83,101638
99,E4-e003Coalescence-mBHI-p3_S11,1,1489708,G4-e003Coalescence-mGAM-p3_S83,101638
100,G9-e003Coalescence-mBHI-p5_S30,1,972978,G4-e003Coalescence-mGAM-p3_S83,101638
101,E100-e003Coalescence-mGAM-p7_S151,0,1431882,G4-e003Coalescence-mGAM-p3_S83,101638
102,G9-e003Coalescence-mGAM-p3_S178,0,1118807,G4-e003Coalescence-mGAM-p3_S83,101638
103,G2-e003Coalescence-mGAM-p3_S81,1,1516772,G4-e003Coalescence-mGAM-p3_S83,101638
104,G100-e003Coalescence-mBHI-p7_S127,1,560797,G4-e003Coalescence-mGAM-p3_S83,101638
0,C9-e003Coalescence-mGAM-p3,7,712205,F4-e003Coalescence-mBHI-p7_S111,101638
1,C11-e003Coalescence-mBHI-p3,1,455308,F4-e003Coalescence-mBHI-p7_S111,101638
2,C9-e003Coalescence-mGAM-p7,6,500113,F4-e003Coalescence-mBHI-p7_S111,101638
3,C8-e003Coalescence-mGAM-p7,18,1423925,F4-e003Coalescence-mBHI-p7_S111,101638
4,D10-e003Coalescence-mBHI-p3,5,592022,F4-e003Coalescence-mBHI-p7_S111,101638
5,B2-e003Coalescence-mBHI-p3,9,640269,F4-e003Coalescence-mBHI-p7_S111,101638
6,A4-e003Coalescence-mBHI-p7,21,1046978,F4-e003Coalescence-mBHI-p7_S111,101638
7,B3-e003Coalescence-mBHI-p3,8,851498,F4-e003Coalescence-mBHI-p7_S111,101638
8,C2-e003Coalescence-mBHI-p5,21,1531728,F4-e003Coalescence-mBHI-p7_S111,101638
9,C4-e003GlycerolRevival-mBHI-p2,3,655282,F4-e003Coalescence-mBHI-p7_S111,101638
10,B2-e003Coalescence-mBHI-p5,25,1376755,F4-e003Coalescence-mBHI-p7_S111,101638
11,C4-e003Coalescence-mGAM-p7,0,1491174,F4-e003Coalescence-mBHI-p7_S111,101638
12,B10-e003Assembly-mGAM-p5,1,708824,F4-e003Coalescence-mBHI-p7_S111,101638
13,C2-e003Coalescence-mGAM-p7,15,1544636,F4-e003Coalescence-mBHI-p7_S111,101638
14,C9-e003Coalescence-mBHI-p5,6,843947,F4-e003Coalescence-mBHI-p7_S111,101638
15,C2-e003Coalescence-mBHI-p3,27,1550808,F4-e003Coalescence-mBHI-p7_S111,101638
16,C9-e003Coalescence-mBHI-p3,5,1477971,F4-e003Coalescence-mBHI-p7_S111,101638
17,D10-e003Coalescence-mGAM-p5,4,895834,F4-e003Coalescence-mBHI-p7_S111,101638
18,C2-e003Coalescence-mGAM-p3,22,1349817,F4-e003Coalescence-mBHI-p7_S111,101638
19,B10-e003Coalescence-mBHI-p5,4,751178,F4-e003Coalescence-mBHI-p7_S111,101638
20,C4-e003Coalescence-mGAM-p5,0,1406224,F4-e003Coalescence-mBHI-p7_S111,101638
21,D5-e003Coalescence-mBHI-p5,26,1486364,F4-e003Coalescence-mBHI-p7_S111,101638
22,D3-e003Assembly-mBHI-p3,7,768389,F4-e003Coalescence-mBHI-p7_S111,101638
23,C4-e003Coalescence-mGAM-p3,1,1546978,F4-e003Coalescence-mBHI-p7_S111,101638
24,D3-e003Assembly-mBHI-p5,11,1546651,F4-e003Coalescence-mBHI-p7_S111,101638
25,A10-e003Coalescence-mGAM-p3,27,1530862,F4-e003Coalescence-mBHI-p7_S111,101638
26,B2-e003Coalescence-mGAM-p3,15,442858,F4-e003Coalescence-mBHI-p7_S111,101638
27,D3-e003Coalescence-mGAM-p5,0,515212,F4-e003Coalescence-mBHI-p7_S111,101638
28,C10-e003Coalescence-mGAM-p3,4,1520946,F4-e003Coalescence-mBHI-p7_S111,101638
29,C3-e003Coalescence-Inoculumn-mGAM,2,473234,F4-e003Coalescence-mBHI-p7_S111,101638
30,D4-e003Coalescence-Inoculumn-mBHI,2,618720,F4-e003Coalescence-mBHI-p7_S111,101638
31,A4-e003Coalescence-mBHI-p5,18,958917,F4-e003Coalescence-mBHI-p7_S111,101638
32,D10-e003Coalescence-mGAM-p7,1,938266,F4-e003Coalescence-mBHI-p7_S111,101638
33,C11-e003Coalescence-mGAM-p3,7,727674,F4-e003Coalescence-mBHI-p7_S111,101638
34,C10-e003Coalescence-mBHI-p7,11,636171,F4-e003Coalescence-mBHI-p7_S111,101638
35,B10-e003Coalescence-mBHI-p3,0,1064478,F4-e003Coalescence-mBHI-p7_S111,101638
36,C11-e003Coalescence-mBHI-p5,6,1515011,F4-e003Coalescence-mBHI-p7_S111,101638
37,C2-e003Coalescence-Inoculumn-mGAM,0,514343,F4-e003Coalescence-mBHI-p7_S111,101638
38,B4-e003Coalescence-Inoculumn-mGAM,10,1527645,F4-e003Coalescence-mBHI-p7_S111,101638
39,A10-e003Coalescence-mGAM-p7,10,1119734,F4-e003Coalescence-mBHI-p7_S111,101638
40,C4-e003Coalescence-Inoculumn-mGAM,2,1354072,F4-e003Coalescence-mBHI-p7_S111,101638
41,B10-e003Assembly-mGAM-p3,2,526228,F4-e003Coalescence-mBHI-p7_S111,101638
42,D10-e003Coalescence-mBHI-p7,1,560357,F4-e003Coalescence-mBHI-p7_S111,101638
43,B10-e003GlycerolRevival-mGAM-p2,3,912883,F4-e003Coalescence-mBHI-p7_S111,101638
44,C10-e003Coalescence-mGAM-p5,5,1544682,F4-e003Coalescence-mBHI-p7_S111,101638
45,A3-e003Coalescence-mBHI-p3,8,444927,F4-e003Coalescence-mBHI-p7_S111,101638
46,A4-e003Coalescence-mBHI-p3,24,1204293,F4-e003Coalescence-mBHI-p7_S111,101638
47,C9-e003Coalescence-mGAM-p5,4,810866,F4-e003Coalescence-mBHI-p7_S111,101638
48,C2-e003Coalescence-mGAM-p5,23,1502257,F4-e003Coalescence-mBHI-p7_S111,101638
49,C8-e003Coalescence-mBHI-p5,8,1338159,F4-e003Coalescence-mBHI-p7_S111,101638
50,B4-e003Coalescence-Inoculumn-mBHI,4,563867,F4-e003Coalescence-mBHI-p7_S111,101638
51,C5-e003Coalescence-Inoculumn-mGAM,2,1530071,F4-e003Coalescence-mBHI-p7_S111,101638
52,C4-e003Coalescence-mBHI-p5,7,881699,F4-e003Coalescence-mBHI-p7_S111,101638
53,A4-e003Coalescence-Inoculumn-mGAM,16,1506279,F4-e003Coalescence-mBHI-p7_S111,101638
54,C2-e003Coalescence-mBHI-p7,1,569461,F4-e003Coalescence-mBHI-p7_S111,101638
55,C10-e003Coalescence-mGAM-p7,3,1547140,F4-e003Coalescence-mBHI-p7_S111,101638
56,C10-e003Coalescence-mBHI-p3,2,1524472,F4-e003Coalescence-mBHI-p7_S111,101638
57,H4-e003Coalescence-mGAM-p7_S183,5,991821,F4-e003Coalescence-mBHI-p7_S111,101638
58,F5-e003Coalescence-mGAM-p5_S64,0,468781,F4-e003Coalescence-mBHI-p7_S111,101638
59,F100-e003Coalescence-mGAM-p7_S163,2,1155108,F4-e003Coalescence-mBHI-p7_S111,101638
60,E3-e003Coalescence-mGAM-p3_S58,12,516408,F4-e003Coalescence-mBHI-p7_S111,101638
61,G4-e003Coalescence-mBHI-p5_S27,3,878137,F4-e003Coalescence-mBHI-p7_S111,101638
62,G2-e003Coalescence-mBHI-p3_S33,16,1521290,F4-e003Coalescence-mBHI-p7_S111,101638
63,G100-e003Coalescence-mGAM-p3_S179,3,1153539,F4-e003Coalescence-mBHI-p7_S111,101638
64,G111-e003Coalescence-mBHI-p5_S32,6,1154220,F4-e003Coalescence-mBHI-p7_S111,101638
65,E3-e003Coalescence-mBHI-p3_S10,16,711439,F4-e003Coalescence-mBHI-p7_S111,101638
66,F2-e003Coalescence-mGAM-p7_S157,1,556375,F4-e003Coalescence-mBHI-p7_S111,101638
67,E100-e003Coalescence-mGAM-p3_S155,18,1461251,F4-e003Coalescence-mBHI-p7_S111,101638
68,E3-e003Coalescence-mGAM-p5_S50,12,1371172,F4-e003Coalescence-mBHI-p7_S111,101638
69,H100-e003Coalescence-mBHI-p5_S43,1,925751,F4-e003Coalescence-mBHI-p7_S111,101638
70,F2-e003Coalescence-mGAM-p5_S61,4,1281223,F4-e003Coalescence-mBHI-p7_S111,101638
71,G100-e003Coalescence-mBHI-p5_S31,3,829979,F4-e003Coalescence-mBHI-p7_S111,101638
72,G4-e003Coalescence-mBHI-p3_S35,0,474244,F4-e003Coalescence-mBHI-p7_S111,101638
73,E4-e003Coalescence-mBHI-p5_S3,22,1426946,F4-e003Coalescence-mBHI-p7_S111,101638
74,E4-e003Coalescence-mGAM-p5_S51,18,579225,F4-e003Coalescence-mBHI-p7_S111,101638
75,G9-e003Coalescence-mGAM-p7_S174,0,622414,F4-e003Coalescence-mBHI-p7_S111,101638
76,E8-e003Coalescence-mGAM-p3_S153,4,1489557,F4-e003Coalescence-mBHI-p7_S111,101638
77,G100-e003Coalescence-mGAM-p7_S175,0,673821,F4-e003Coalescence-mBHI-p7_S111,101638
78,G3-e003Coalescence-mBHI-p7_S122,0,531581,F4-e003Coalescence-mBHI-p7_S111,101638
79,G4-e003Coalescence-mGAM-p5_S75,1,1533148,F4-e003Coalescence-mBHI-p7_S111,101638
80,G8-e003Coalescence-mBHI-p3_S129,7,840340,F4-e003Coalescence-mBHI-p7_S111,101638
81,G2-e003Coalescence-mGAM-p5_S73,21,1525280,F4-e003Coalescence-mBHI-p7_S111,101638
82,E100-e003Coalescence-mGAM-p5_S55,25,1291155,F4-e003Coalescence-mBHI-p7_S111,101638
83,G4-e003Coalescence-mGAM-p3_S83,2,1536688,F4-e003Coalescence-mBHI-p7_S111,101638
84,F4-e003Coalescence-mBHI-p7_S111,0,477586,F4-e003Coalescence-mBHI-p7_S111,101638
85,G4-e003Coalescence-mGAM-p7_S171,2,1471075,F4-e003Coalescence-mBHI-p7_S111,101638
86,F100-e003Coalescence-mBHI-p7_S115,5,1350695,F4-e003Coalescence-mBHI-p7_S111,101638
87,E3-e003Coalescence-mGAM-p7_S146,10,1297929,F4-e003Coalescence-mBHI-p7_S111,101638
88,E3-e003Coalescence-mBHI-p5_S2,14,758841,F4-e003Coalescence-mBHI-p7_S111,101638
89,G2-e003Coalescence-mBHI-p7_S121,7,1251923,F4-e003Coalescence-mBHI-p7_S111,101638
90,F2-e003Coalescence-mBHI-p5_S13,10,1483168,F4-e003Coalescence-mBHI-p7_S111,101638
91,F2-e003Coalescence-mGAM-p3_S69,2,1044013,F4-e003Coalescence-mBHI-p7_S111,101638
92,G100-e003Coalescence-mGAM-p5_S79,6,1518875,F4-e003Coalescence-mBHI-p7_S111,101638
93,E4-e003Coalescence-mGAM-p7_S147,7,1030477,F4-e003Coalescence-mBHI-p7_S111,101638
94,E4-e003Coalescence-mGAM-p3_S59,12,1512400,F4-e003Coalescence-mBHI-p7_S111,101638
95,H100-e003Coalescence-mBHI-p7_S139,8,1461470,F4-e003Coalescence-mBHI-p7_S111,101638
96,G8-e003Coalescence-mBHI-p5_S29,4,757680,F4-e003Coalescence-mBHI-p7_S111,101638
97,G2-e003Coalescence-mBHI-p5_S25,2,1534425,F4-e003Coalescence-mBHI-p7_S111,101638
98,G8-e003Coalescence-mGAM-p7_S173,26,1390044,F4-e003Coalescence-mBHI-p7_S111,101638
99,E4-e003Coalescence-mBHI-p3_S11,19,1489708,F4-e003Coalescence-mBHI-p7_S111,101638
100,G9-e003Coalescence-mBHI-p5_S30,3,972978,F4-e003Coalescence-mBHI-p7_S111,101638
101,E100-e003Coalescence-mGAM-p7_S151,23,1431882,F4-e003Coalescence-mBHI-p7_S111,101638
102,G9-e003Coalescence-mGAM-p3_S178,4,1118807,F4-e003Coalescence-mBHI-p7_S111,101638
103,G2-e003Coalescence-mGAM-p3_S81,23,1516772,F4-e003Coalescence-mBHI-p7_S111,101638
104,G100-e003Coalescence-mBHI-p7_S127,2,560797,F4-e003Coalescence-mBHI-p7_S111,101638
0,C9-e003Coalescence-mGAM-p3,0,712205,G4-e003Coalescence-mGAM-p7_S171,101638
1,C11-e003Coalescence-mBHI-p3,1,455308,G4-e003Coalescence-mGAM-p7_S171,101638
2,C9-e003Coalescence-mGAM-p7,0,500113,G4-e003Coalescence-mGAM-p7_S171,101638
3,C8-e003Coalescence-mGAM-p7,7,1423925,G4-e003Coalescence-mGAM-p7_S171,101638
4,D10-e003Coalescence-mBHI-p3,4,592022,G4-e003Coalescence-mGAM-p7_S171,101638
5,B2-e003Coalescence-mBHI-p3,3,640269,G4-e003Coalescence-mGAM-p7_S171,101638
6,A4-e003Coalescence-mBHI-p7,5,1046978,G4-e003Coalescence-mGAM-p7_S171,101638
7,B3-e003Coalescence-mBHI-p3,32,851498,G4-e003Coalescence-mGAM-p7_S171,101638
8,C2-e003Coalescence-mBHI-p5,7,1531728,G4-e003Coalescence-mGAM-p7_S171,101638
9,C4-e003GlycerolRevival-mBHI-p2,0,655282,G4-e003Coalescence-mGAM-p7_S171,101638
10,B2-e003Coalescence-mBHI-p5,9,1376755,G4-e003Coalescence-mGAM-p7_S171,101638
11,C4-e003Coalescence-mGAM-p7,7,1491174,G4-e003Coalescence-mGAM-p7_S171,101638
12,B10-e003Assembly-mGAM-p5,2,708824,G4-e003Coalescence-mGAM-p7_S171,101638
13,C2-e003Coalescence-mGAM-p7,7,1544636,G4-e003Coalescence-mGAM-p7_S171,101638
14,C9-e003Coalescence-mBHI-p5,0,843947,G4-e003Coalescence-mGAM-p7_S171,101638
15,C2-e003Coalescence-mBHI-p3,7,1550808,G4-e003Coalescence-mGAM-p7_S171,101638
16,C9-e003Coalescence-mBHI-p3,8,1477971,G4-e003Coalescence-mGAM-p7_S171,101638
17,D10-e003Coalescence-mGAM-p5,5,895834,G4-e003Coalescence-mGAM-p7_S171,101638
18,C2-e003Coalescence-mGAM-p3,7,1349817,G4-e003Coalescence-mGAM-p7_S171,101638
19,B10-e003Coalescence-mBHI-p5,4,751178,G4-e003Coalescence-mGAM-p7_S171,101638
20,C4-e003Coalescence-mGAM-p5,7,1406224,G4-e003Coalescence-mGAM-p7_S171,101638
21,D5-e003Coalescence-mBHI-p5,4,1486364,G4-e003Coalescence-mGAM-p7_S171,101638
22,D3-e003Assembly-mBHI-p3,12,768389,G4-e003Coalescence-mGAM-p7_S171,101638
23,C4-e003Coalescence-mGAM-p3,7,1546978,G4-e003Coalescence-mGAM-p7_S171,101638
24,D3-e003Assembly-mBHI-p5,20,1546651,G4-e003Coalescence-mGAM-p7_S171,101638
25,A10-e003Coalescence-mGAM-p3,8,1530862,G4-e003Coalescence-mGAM-p7_S171,101638
26,B2-e003Coalescence-mGAM-p3,2,442858,G4-e003Coalescence-mGAM-p7_S171,101638
27,D3-e003Coalescence-mGAM-p5,4,515212,G4-e003Coalescence-mGAM-p7_S171,101638
28,C10-e003Coalescence-mGAM-p3,8,1520946,G4-e003Coalescence-mGAM-p7_S171,101638
29,C3-e003Coalescence-Inoculumn-mGAM,4,473234,G4-e003Coalescence-mGAM-p7_S171,101638
30,D4-e003Coalescence-Inoculumn-mBHI,8,618720,G4-e003Coalescence-mGAM-p7_S171,101638
31,A4-e003Coalescence-mBHI-p5,2,958917,G4-e003Coalescence-mGAM-p7_S171,101638
32,D10-e003Coalescence-mGAM-p7,5,938266,G4-e003Coalescence-mGAM-p7_S171,101638
33,C11-e003Coalescence-mGAM-p3,3,727674,G4-e003Coalescence-mGAM-p7_S171,101638
34,C10-e003Coalescence-mBHI-p7,22,636171,G4-e003Coalescence-mGAM-p7_S171,101638
35,B10-e003Coalescence-mBHI-p3,2,1064478,G4-e003Coalescence-mGAM-p7_S171,101638
36,C11-e003Coalescence-mBHI-p5,5,1515011,G4-e003Coalescence-mGAM-p7_S171,101638
37,C2-e003Coalescence-Inoculumn-mGAM,2,514343,G4-e003Coalescence-mGAM-p7_S171,101638
38,B4-e003Coalescence-Inoculumn-mGAM,8,1527645,G4-e003Coalescence-mGAM-p7_S171,101638
39,A10-e003Coalescence-mGAM-p7,5,1119734,G4-e003Coalescence-mGAM-p7_S171,101638
40,C4-e003Coalescence-Inoculumn-mGAM,8,1354072,G4-e003Coalescence-mGAM-p7_S171,101638
41,B10-e003Assembly-mGAM-p3,5,526228,G4-e003Coalescence-mGAM-p7_S171,101638
42,D10-e003Coalescence-mBHI-p7,5,560357,G4-e003Coalescence-mGAM-p7_S171,101638
43,B10-e003GlycerolRevival-mGAM-p2,4,912883,G4-e003Coalescence-mGAM-p7_S171,101638
44,C10-e003Coalescence-mGAM-p5,10,1544682,G4-e003Coalescence-mGAM-p7_S171,101638
45,A3-e003Coalescence-mBHI-p3,4,444927,G4-e003Coalescence-mGAM-p7_S171,101638
46,A4-e003Coalescence-mBHI-p3,2,1204293,G4-e003Coalescence-mGAM-p7_S171,101638
47,C9-e003Coalescence-mGAM-p5,5,810866,G4-e003Coalescence-mGAM-p7_S171,101638
48,C2-e003Coalescence-mGAM-p5,7,1502257,G4-e003Coalescence-mGAM-p7_S171,101638
49,C8-e003Coalescence-mBHI-p5,14,1338159,G4-e003Coalescence-mGAM-p7_S171,101638
50,B4-e003Coalescence-Inoculumn-mBHI,10,563867,G4-e003Coalescence-mGAM-p7_S171,101638
51,C5-e003Coalescence-Inoculumn-mGAM,6,1530071,G4-e003Coalescence-mGAM-p7_S171,101638
52,C4-e003Coalescence-mBHI-p5,17,881699,G4-e003Coalescence-mGAM-p7_S171,101638
53,A4-e003Coalescence-Inoculumn-mGAM,7,1506279,G4-e003Coalescence-mGAM-p7_S171,101638
54,C2-e003Coalescence-mBHI-p7,2,569461,G4-e003Coalescence-mGAM-p7_S171,101638
55,C10-e003Coalescence-mGAM-p7,7,1547140,G4-e003Coalescence-mGAM-p7_S171,101638
56,C10-e003Coalescence-mBHI-p3,7,1524472,G4-e003Coalescence-mGAM-p7_S171,101638
57,H4-e003Coalescence-mGAM-p7_S183,0,991821,G4-e003Coalescence-mGAM-p7_S171,101638
58,F5-e003Coalescence-mGAM-p5_S64,0,468781,G4-e003Coalescence-mGAM-p7_S171,101638
59,F100-e003Coalescence-mGAM-p7_S163,0,1155108,G4-e003Coalescence-mGAM-p7_S171,101638
60,E3-e003Coalescence-mGAM-p3_S58,2,516408,G4-e003Coalescence-mGAM-p7_S171,101638
61,G4-e003Coalescence-mBHI-p5_S27,4,878137,G4-e003Coalescence-mGAM-p7_S171,101638
62,G2-e003Coalescence-mBHI-p3_S33,0,1521290,G4-e003Coalescence-mGAM-p7_S171,101638
63,G100-e003Coalescence-mGAM-p3_S179,1,1153539,G4-e003Coalescence-mGAM-p7_S171,101638
64,G111-e003Coalescence-mBHI-p5_S32,2,1154220,G4-e003Coalescence-mGAM-p7_S171,101638
65,E3-e003Coalescence-mBHI-p3_S10,1,711439,G4-e003Coalescence-mGAM-p7_S171,101638
66,F2-e003Coalescence-mGAM-p7_S157,0,556375,G4-e003Coalescence-mGAM-p7_S171,101638
67,E100-e003Coalescence-mGAM-p3_S155,4,1461251,G4-e003Coalescence-mGAM-p7_S171,101638
68,E3-e003Coalescence-mGAM-p5_S50,1,1371172,G4-e003Coalescence-mGAM-p7_S171,101638
69,H100-e003Coalescence-mBHI-p5_S43,1,925751,G4-e003Coalescence-mGAM-p7_S171,101638
70,F2-e003Coalescence-mGAM-p5_S61,1,1281223,G4-e003Coalescence-mGAM-p7_S171,101638
71,G100-e003Coalescence-mBHI-p5_S31,1,829979,G4-e003Coalescence-mGAM-p7_S171,101638
72,G4-e003Coalescence-mBHI-p3_S35,3,474244,G4-e003Coalescence-mGAM-p7_S171,101638
73,E4-e003Coalescence-mBHI-p5_S3,0,1426946,G4-e003Coalescence-mGAM-p7_S171,101638
74,E4-e003Coalescence-mGAM-p5_S51,0,579225,G4-e003Coalescence-mGAM-p7_S171,101638
75,G9-e003Coalescence-mGAM-p7_S174,0,622414,G4-e003Coalescence-mGAM-p7_S171,101638
76,E8-e003Coalescence-mGAM-p3_S153,1,1489557,G4-e003Coalescence-mGAM-p7_S171,101638
77,G100-e003Coalescence-mGAM-p7_S175,1,673821,G4-e003Coalescence-mGAM-p7_S171,101638
78,G3-e003Coalescence-mBHI-p7_S122,3,531581,G4-e003Coalescence-mGAM-p7_S171,101638
79,G4-e003Coalescence-mGAM-p5_S75,0,1533148,G4-e003Coalescence-mGAM-p7_S171,101638
80,G8-e003Coalescence-mBHI-p3_S129,4,840340,G4-e003Coalescence-mGAM-p7_S171,101638
81,G2-e003Coalescence-mGAM-p5_S73,0,1525280,G4-e003Coalescence-mGAM-p7_S171,101638
82,E100-e003Coalescence-mGAM-p5_S55,2,1291155,G4-e003Coalescence-mGAM-p7_S171,101638
83,G4-e003Coalescence-mGAM-p3_S83,0,1536688,G4-e003Coalescence-mGAM-p7_S171,101638
84,F4-e003Coalescence-mBHI-p7_S111,2,477586,G4-e003Coalescence-mGAM-p7_S171,101638
85,G4-e003Coalescence-mGAM-p7_S171,0,1471075,G4-e003Coalescence-mGAM-p7_S171,101638
86,F100-e003Coalescence-mBHI-p7_S115,0,1350695,G4-e003Coalescence-mGAM-p7_S171,101638
87,E3-e003Coalescence-mGAM-p7_S146,3,1297929,G4-e003Coalescence-mGAM-p7_S171,101638
88,E3-e003Coalescence-mBHI-p5_S2,0,758841,G4-e003Coalescence-mGAM-p7_S171,101638
89,G2-e003Coalescence-mBHI-p7_S121,0,1251923,G4-e003Coalescence-mGAM-p7_S171,101638
90,F2-e003Coalescence-mBHI-p5_S13,2,1483168,G4-e003Coalescence-mGAM-p7_S171,101638
91,F2-e003Coalescence-mGAM-p3_S69,1,1044013,G4-e003Coalescence-mGAM-p7_S171,101638
92,G100-e003Coalescence-mGAM-p5_S79,3,1518875,G4-e003Coalescence-mGAM-p7_S171,101638
93,E4-e003Coalescence-mGAM-p7_S147,0,1030477,G4-e003Coalescence-mGAM-p7_S171,101638
94,E4-e003Coalescence-mGAM-p3_S59,0,1512400,G4-e003Coalescence-mGAM-p7_S171,101638
95,H100-e003Coalescence-mBHI-p7_S139,1,1461470,G4-e003Coalescence-mGAM-p7_S171,101638
96,G8-e003Coalescence-mBHI-p5_S29,8,757680,G4-e003Coalescence-mGAM-p7_S171,101638
97,G2-e003Coalescence-mBHI-p5_S25,0,1534425,G4-e003Coalescence-mGAM-p7_S171,101638
98,G8-e003Coalescence-mGAM-p7_S173,13,1390044,G4-e003Coalescence-mGAM-p7_S171,101638
99,E4-e003Coalescence-mBHI-p3_S11,0,1489708,G4-e003Coalescence-mGAM-p7_S171,101638
100,G9-e003Coalescence-mBHI-p5_S30,1,972978,G4-e003Coalescence-mGAM-p7_S171,101638
101,E100-e003Coalescence-mGAM-p7_S151,1,1431882,G4-e003Coalescence-mGAM-p7_S171,101638
102,G9-e003Coalescence-mGAM-p3_S178,0,1118807,G4-e003Coalescence-mGAM-p7_S171,101638
103,G2-e003Coalescence-mGAM-p3_S81,0,1516772,G4-e003Coalescence-mGAM-p7_S171,101638
104,G100-e003Coalescence-mBHI-p7_S127,1,560797,G4-e003Coalescence-mGAM-p7_S171,101638
0,C9-e003Coalescence-mGAM-p3,2,712205,F100-e003Coalescence-mBHI-p7_S115,101638
1,C11-e003Coalescence-mBHI-p3,3,455308,F100-e003Coalescence-mBHI-p7_S115,101638
2,C9-e003Coalescence-mGAM-p7,4,500113,F100-e003Coalescence-mBHI-p7_S115,101638
3,C8-e003Coalescence-mGAM-p7,39,1423925,F100-e003Coalescence-mBHI-p7_S115,101638
4,D10-e003Coalescence-mBHI-p3,7,592022,F100-e003Coalescence-mBHI-p7_S115,101638
5,B2-e003Coalescence-mBHI-p3,22,640269,F100-e003Coalescence-mBHI-p7_S115,101638
6,A4-e003Coalescence-mBHI-p7,36,1046978,F100-e003Coalescence-mBHI-p7_S115,101638
7,B3-e003Coalescence-mBHI-p3,29,851498,F100-e003Coalescence-mBHI-p7_S115,101638
8,C2-e003Coalescence-mBHI-p5,38,1531728,F100-e003Coalescence-mBHI-p7_S115,101638
9,C4-e003GlycerolRevival-mBHI-p2,3,655282,F100-e003Coalescence-mBHI-p7_S115,101638
10,B2-e003Coalescence-mBHI-p5,38,1376755,F100-e003Coalescence-mBHI-p7_S115,101638
11,C4-e003Coalescence-mGAM-p7,10,1491174,F100-e003Coalescence-mBHI-p7_S115,101638
12,B10-e003Assembly-mGAM-p5,4,708824,F100-e003Coalescence-mBHI-p7_S115,101638
13,C2-e003Coalescence-mGAM-p7,31,1544636,F100-e003Coalescence-mBHI-p7_S115,101638
14,C9-e003Coalescence-mBHI-p5,2,843947,F100-e003Coalescence-mBHI-p7_S115,101638
15,C2-e003Coalescence-mBHI-p3,45,1550808,F100-e003Coalescence-mBHI-p7_S115,101638
16,C9-e003Coalescence-mBHI-p3,11,1477971,F100-e003Coalescence-mBHI-p7_S115,101638
17,D10-e003Coalescence-mGAM-p5,5,895834,F100-e003Coalescence-mBHI-p7_S115,101638
18,C2-e003Coalescence-mGAM-p3,35,1349817,F100-e003Coalescence-mBHI-p7_S115,101638
19,B10-e003Coalescence-mBHI-p5,6,751178,F100-e003Coalescence-mBHI-p7_S115,101638
20,C4-e003Coalescence-mGAM-p5,10,1406224,F100-e003Coalescence-mBHI-p7_S115,101638
21,D5-e003Coalescence-mBHI-p5,38,1486364,F100-e003Coalescence-mBHI-p7_S115,101638
22,D3-e003Assembly-mBHI-p3,15,768389,F100-e003Coalescence-mBHI-p7_S115,101638
23,C4-e003Coalescence-mGAM-p3,10,1546978,F100-e003Coalescence-mBHI-p7_S115,101638
24,D3-e003Assembly-mBHI-p5,23,1546651,F100-e003Coalescence-mBHI-p7_S115,101638
25,A10-e003Coalescence-mGAM-p3,47,1530862,F100-e003Coalescence-mBHI-p7_S115,101638
26,B2-e003Coalescence-mGAM-p3,29,442858,F100-e003Coalescence-mBHI-p7_S115,101638
27,D3-e003Coalescence-mGAM-p5,6,515212,F100-e003Coalescence-mBHI-p7_S115,101638
28,C10-e003Coalescence-mGAM-p3,12,1520946,F100-e003Coalescence-mBHI-p7_S115,101638
29,C3-e003Coalescence-Inoculumn-mGAM,5,473234,F100-e003Coalescence-mBHI-p7_S115,101638
30,D4-e003Coalescence-Inoculumn-mBHI,7,618720,F100-e003Coalescence-mBHI-p7_S115,101638
31,A4-e003Coalescence-mBHI-p5,28,958917,F100-e003Coalescence-mBHI-p7_S115,101638
32,D10-e003Coalescence-mGAM-p7,11,938266,F100-e003Coalescence-mBHI-p7_S115,101638
33,C11-e003Coalescence-mGAM-p3,10,727674,F100-e003Coalescence-mBHI-p7_S115,101638
34,C10-e003Coalescence-mBHI-p7,27,636171,F100-e003Coalescence-mBHI-p7_S115,101638
35,B10-e003Coalescence-mBHI-p3,4,1064478,F100-e003Coalescence-mBHI-p7_S115,101638
36,C11-e003Coalescence-mBHI-p5,10,1515011,F100-e003Coalescence-mBHI-p7_S115,101638
37,C2-e003Coalescence-Inoculumn-mGAM,0,514343,F100-e003Coalescence-mBHI-p7_S115,101638
38,B4-e003Coalescence-Inoculumn-mGAM,12,1527645,F100-e003Coalescence-mBHI-p7_S115,101638
39,A10-e003Coalescence-mGAM-p7,14,1119734,F100-e003Coalescence-mBHI-p7_S115,101638
40,C4-e003Coalescence-Inoculumn-mGAM,9,1354072,F100-e003Coalescence-mBHI-p7_S115,101638
41,B10-e003Assembly-mGAM-p3,7,526228,F100-e003Coalescence-mBHI-p7_S115,101638
42,D10-e003Coalescence-mBHI-p7,2,560357,F100-e003Coalescence-mBHI-p7_S115,101638
43,B10-e003GlycerolRevival-mGAM-p2,10,912883,F100-e003Coalescence-mBHI-p7_S115,101638
44,C10-e003Coalescence-mGAM-p5,14,1544682,F100-e003Coalescence-mBHI-p7_S115,101638
45,A3-e003Coalescence-mBHI-p3,12,444927,F100-e003Coalescence-mBHI-p7_S115,101638
46,A4-e003Coalescence-mBHI-p3,32,1204293,F100-e003Coalescence-mBHI-p7_S115,101638
47,C9-e003Coalescence-mGAM-p5,7,810866,F100-e003Coalescence-mBHI-p7_S115,101638
48,C2-e003Coalescence-mGAM-p5,41,1502257,F100-e003Coalescence-mBHI-p7_S115,101638
49,C8-e003Coalescence-mBHI-p5,17,1338159,F100-e003Coalescence-mBHI-p7_S115,101638
50,B4-e003Coalescence-Inoculumn-mBHI,9,563867,F100-e003Coalescence-mBHI-p7_S115,101638
51,C5-e003Coalescence-Inoculumn-mGAM,9,1530071,F100-e003Coalescence-mBHI-p7_S115,101638
52,C4-e003Coalescence-mBHI-p5,22,881699,F100-e003Coalescence-mBHI-p7_S115,101638
53,A4-e003Coalescence-Inoculumn-mGAM,31,1506279,F100-e003Coalescence-mBHI-p7_S115,101638
54,C2-e003Coalescence-mBHI-p7,5,569461,F100-e003Coalescence-mBHI-p7_S115,101638
55,C10-e003Coalescence-mGAM-p7,13,1547140,F100-e003Coalescence-mBHI-p7_S115,101638
56,C10-e003Coalescence-mBHI-p3,15,1524472,F100-e003Coalescence-mBHI-p7_S115,101638
57,H4-e003Coalescence-mGAM-p7_S183,0,991821,F100-e003Coalescence-mBHI-p7_S115,101638
58,F5-e003Coalescence-mGAM-p5_S64,3,468781,F100-e003Coalescence-mBHI-p7_S115,101638
59,F100-e003Coalescence-mGAM-p7_S163,3,1155108,F100-e003Coalescence-mBHI-p7_S115,101638
60,E3-e003Coalescence-mGAM-p3_S58,20,516408,F100-e003Coalescence-mBHI-p7_S115,101638
61,G4-e003Coalescence-mBHI-p5_S27,9,878137,F100-e003Coalescence-mBHI-p7_S115,101638
62,G2-e003Coalescence-mBHI-p3_S33,25,1521290,F100-e003Coalescence-mBHI-p7_S115,101638
63,G100-e003Coalescence-mGAM-p3_S179,2,1153539,F100-e003Coalescence-mBHI-p7_S115,101638
64,G111-e003Coalescence-mBHI-p5_S32,7,1154220,F100-e003Coalescence-mBHI-p7_S115,101638
65,E3-e003Coalescence-mBHI-p3_S10,22,711439,F100-e003Coalescence-mBHI-p7_S115,101638
66,F2-e003Coalescence-mGAM-p7_S157,3,556375,F100-e003Coalescence-mBHI-p7_S115,101638
67,E100-e003Coalescence-mGAM-p3_S155,33,1461251,F100-e003Coalescence-mBHI-p7_S115,101638
68,E3-e003Coalescence-mGAM-p5_S50,18,1371172,F100-e003Coalescence-mBHI-p7_S115,101638
69,H100-e003Coalescence-mBHI-p5_S43,7,925751,F100-e003Coalescence-mBHI-p7_S115,101638
70,F2-e003Coalescence-mGAM-p5_S61,5,1281223,F100-e003Coalescence-mBHI-p7_S115,101638
71,G100-e003Coalescence-mBHI-p5_S31,6,829979,F100-e003Coalescence-mBHI-p7_S115,101638
72,G4-e003Coalescence-mBHI-p3_S35,8,474244,F100-e003Coalescence-mBHI-p7_S115,101638
73,E4-e003Coalescence-mBHI-p5_S3,34,1426946,F100-e003Coalescence-mBHI-p7_S115,101638
74,E4-e003Coalescence-mGAM-p5_S51,24,579225,F100-e003Coalescence-mBHI-p7_S115,101638
75,G9-e003Coalescence-mGAM-p7_S174,0,622414,F100-e003Coalescence-mBHI-p7_S115,101638
76,E8-e003Coalescence-mGAM-p3_S153,6,1489557,F100-e003Coalescence-mBHI-p7_S115,101638
77,G100-e003Coalescence-mGAM-p7_S175,1,673821,F100-e003Coalescence-mBHI-p7_S115,101638
78,G3-e003Coalescence-mBHI-p7_S122,2,531581,F100-e003Coalescence-mBHI-p7_S115,101638
79,G4-e003Coalescence-mGAM-p5_S75,4,1533148,F100-e003Coalescence-mBHI-p7_S115,101638
80,G8-e003Coalescence-mBHI-p3_S129,9,840340,F100-e003Coalescence-mBHI-p7_S115,101638
81,G2-e003Coalescence-mGAM-p5_S73,25,1525280,F100-e003Coalescence-mBHI-p7_S115,101638
82,E100-e003Coalescence-mGAM-p5_S55,35,1291155,F100-e003Coalescence-mBHI-p7_S115,101638
83,G4-e003Coalescence-mGAM-p3_S83,4,1536688,F100-e003Coalescence-mBHI-p7_S115,101638
84,F4-e003Coalescence-mBHI-p7_S111,7,477586,F100-e003Coalescence-mBHI-p7_S115,101638
85,G4-e003Coalescence-mGAM-p7_S171,3,1471075,F100-e003Coalescence-mBHI-p7_S115,101638
86,F100-e003Coalescence-mBHI-p7_S115,0,1350695,F100-e003Coalescence-mBHI-p7_S115,101638
87,E3-e003Coalescence-mGAM-p7_S146,14,1297929,F100-e003Coalescence-mBHI-p7_S115,101638
88,E3-e003Coalescence-mBHI-p5_S2,22,758841,F100-e003Coalescence-mBHI-p7_S115,101638
89,G2-e003Coalescence-mBHI-p7_S121,8,1251923,F100-e003Coalescence-mBHI-p7_S115,101638
90,F2-e003Coalescence-mBHI-p5_S13,18,1483168,F100-e003Coalescence-mBHI-p7_S115,101638
91,F2-e003Coalescence-mGAM-p3_S69,4,1044013,F100-e003Coalescence-mBHI-p7_S115,101638
92,G100-e003Coalescence-mGAM-p5_S79,7,1518875,F100-e003Coalescence-mBHI-p7_S115,101638
93,E4-e003Coalescence-mGAM-p7_S147,12,1030477,F100-e003Coalescence-mBHI-p7_S115,101638
94,E4-e003Coalescence-mGAM-p3_S59,21,1512400,F100-e003Coalescence-mBHI-p7_S115,101638
95,H100-e003Coalescence-mBHI-p7_S139,8,1461470,F100-e003Coalescence-mBHI-p7_S115,101638
96,G8-e003Coalescence-mBHI-p5_S29,10,757680,F100-e003Coalescence-mBHI-p7_S115,101638
97,G2-e003Coalescence-mBHI-p5_S25,5,1534425,F100-e003Coalescence-mBHI-p7_S115,101638
98,G8-e003Coalescence-mGAM-p7_S173,40,1390044,F100-e003Coalescence-mBHI-p7_S115,101638
99,E4-e003Coalescence-mBHI-p3_S11,28,1489708,F100-e003Coalescence-mBHI-p7_S115,101638
100,G9-e003Coalescence-mBHI-p5_S30,3,972978,F100-e003Coalescence-mBHI-p7_S115,101638
101,E100-e003Coalescence-mGAM-p7_S151,35,1431882,F100-e003Coalescence-mBHI-p7_S115,101638
102,G9-e003Coalescence-mGAM-p3_S178,2,1118807,F100-e003Coalescence-mBHI-p7_S115,101638
103,G2-e003Coalescence-mGAM-p3_S81,29,1516772,F100-e003Coalescence-mBHI-p7_S115,101638
104,G100-e003Coalescence-mBHI-p7_S127,9,560797,F100-e003Coalescence-mBHI-p7_S115,101638
0,C9-e003Coalescence-mGAM-p3,6,712205,E3-e003Coalescence-mGAM-p7_S146,101638
1,C11-e003Coalescence-mBHI-p3,2,455308,E3-e003Coalescence-mGAM-p7_S146,101638
2,C9-e003Coalescence-mGAM-p7,0,500113,E3-e003Coalescence-mGAM-p7_S146,101638
3,C8-e003Coalescence-mGAM-p7,9,1423925,E3-e003Coalescence-mGAM-p7_S146,101638
4,D10-e003Coalescence-mBHI-p3,14,592022,E3-e003Coalescence-mGAM-p7_S146,101638
5,B2-e003Coalescence-mBHI-p3,11,640269,E3-e003Coalescence-mGAM-p7_S146,101638
6,A4-e003Coalescence-mBHI-p7,8,1046978,E3-e003Coalescence-mGAM-p7_S146,101638
7,B3-e003Coalescence-mBHI-p3,28,851498,E3-e003Coalescence-mGAM-p7_S146,101638
8,C2-e003Coalescence-mBHI-p5,10,1531728,E3-e003Coalescence-mGAM-p7_S146,101638
9,C4-e003GlycerolRevival-mBHI-p2,9,655282,E3-e003Coalescence-mGAM-p7_S146,101638
10,B2-e003Coalescence-mBHI-p5,17,1376755,E3-e003Coalescence-mGAM-p7_S146,101638
11,C4-e003Coalescence-mGAM-p7,11,1491174,E3-e003Coalescence-mGAM-p7_S146,101638
12,B10-e003Assembly-mGAM-p5,3,708824,E3-e003Coalescence-mGAM-p7_S146,101638
13,C2-e003Coalescence-mGAM-p7,11,1544636,E3-e003Coalescence-mGAM-p7_S146,101638
14,C9-e003Coalescence-mBHI-p5,9,843947,E3-e003Coalescence-mGAM-p7_S146,101638
15,C2-e003Coalescence-mBHI-p3,12,1550808,E3-e003Coalescence-mGAM-p7_S146,101638
16,C9-e003Coalescence-mBHI-p3,16,1477971,E3-e003Coalescence-mGAM-p7_S146,101638
17,D10-e003Coalescence-mGAM-p5,11,895834,E3-e003Coalescence-mGAM-p7_S146,101638
18,C2-e003Coalescence-mGAM-p3,10,1349817,E3-e003Coalescence-mGAM-p7_S146,101638
19,B10-e003Coalescence-mBHI-p5,7,751178,E3-e003Coalescence-mGAM-p7_S146,101638
20,C4-e003Coalescence-mGAM-p5,10,1406224,E3-e003Coalescence-mGAM-p7_S146,101638
21,D5-e003Coalescence-mBHI-p5,8,1486364,E3-e003Coalescence-mGAM-p7_S146,101638
22,D3-e003Assembly-mBHI-p3,6,768389,E3-e003Coalescence-mGAM-p7_S146,101638
23,C4-e003Coalescence-mGAM-p3,12,1546978,E3-e003Coalescence-mGAM-p7_S146,101638
24,D3-e003Assembly-mBHI-p5,11,1546651,E3-e003Coalescence-mGAM-p7_S146,101638
25,A10-e003Coalescence-mGAM-p3,11,1530862,E3-e003Coalescence-mGAM-p7_S146,101638
26,B2-e003Coalescence-mGAM-p3,3,442858,E3-e003Coalescence-mGAM-p7_S146,101638
27,D3-e003Coalescence-mGAM-p5,18,515212,E3-e003Coalescence-mGAM-p7_S146,101638
28,C10-e003Coalescence-mGAM-p3,11,1520946,E3-e003Coalescence-mGAM-p7_S146,101638
29,C3-e003Coalescence-Inoculumn-mGAM,4,473234,E3-e003Coalescence-mGAM-p7_S146,101638
30,D4-e003Coalescence-Inoculumn-mBHI,8,618720,E3-e003Coalescence-mGAM-p7_S146,101638
31,A4-e003Coalescence-mBHI-p5,5,958917,E3-e003Coalescence-mGAM-p7_S146,101638
32,D10-e003Coalescence-mGAM-p7,10,938266,E3-e003Coalescence-mGAM-p7_S146,101638
33,C11-e003Coalescence-mGAM-p3,11,727674,E3-e003Coalescence-mGAM-p7_S146,101638
34,C10-e003Coalescence-mBHI-p7,24,636171,E3-e003Coalescence-mGAM-p7_S146,101638
35,B10-e003Coalescence-mBHI-p3,5,1064478,E3-e003Coalescence-mGAM-p7_S146,101638
36,C11-e003Coalescence-mBHI-p5,14,1515011,E3-e003Coalescence-mGAM-p7_S146,101638
37,C2-e003Coalescence-Inoculumn-mGAM,4,514343,E3-e003Coalescence-mGAM-p7_S146,101638
38,B4-e003Coalescence-Inoculumn-mGAM,18,1527645,E3-e003Coalescence-mGAM-p7_S146,101638
39,A10-e003Coalescence-mGAM-p7,8,1119734,E3-e003Coalescence-mGAM-p7_S146,101638
40,C4-e003Coalescence-Inoculumn-mGAM,10,1354072,E3-e003Coalescence-mGAM-p7_S146,101638
41,B10-e003Assembly-mGAM-p3,5,526228,E3-e003Coalescence-mGAM-p7_S146,101638
42,D10-e003Coalescence-mBHI-p7,6,560357,E3-e003Coalescence-mGAM-p7_S146,101638
43,B10-e003GlycerolRevival-mGAM-p2,2,912883,E3-e003Coalescence-mGAM-p7_S146,101638
44,C10-e003Coalescence-mGAM-p5,15,1544682,E3-e003Coalescence-mGAM-p7_S146,101638
45,A3-e003Coalescence-mBHI-p3,10,444927,E3-e003Coalescence-mGAM-p7_S146,101638
46,A4-e003Coalescence-mBHI-p3,4,1204293,E3-e003Coalescence-mGAM-p7_S146,101638
47,C9-e003Coalescence-mGAM-p5,11,810866,E3-e003Coalescence-mGAM-p7_S146,101638
48,C2-e003Coalescence-mGAM-p5,11,1502257,E3-e003Coalescence-mGAM-p7_S146,101638
49,C8-e003Coalescence-mBHI-p5,16,1338159,E3-e003Coalescence-mGAM-p7_S146,101638
50,B4-e003Coalescence-Inoculumn-mBHI,10,563867,E3-e003Coalescence-mGAM-p7_S146,101638
51,C5-e003Coalescence-Inoculumn-mGAM,11,1530071,E3-e003Coalescence-mGAM-p7_S146,101638
52,C4-e003Coalescence-mBHI-p5,19,881699,E3-e003Coalescence-mGAM-p7_S146,101638
53,A4-e003Coalescence-Inoculumn-mGAM,12,1506279,E3-e003Coalescence-mGAM-p7_S146,101638
54,C2-e003Coalescence-mBHI-p7,3,569461,E3-e003Coalescence-mGAM-p7_S146,101638
55,C10-e003Coalescence-mGAM-p7,12,1547140,E3-e003Coalescence-mGAM-p7_S146,101638
56,C10-e003Coalescence-mBHI-p3,17,1524472,E3-e003Coalescence-mGAM-p7_S146,101638
57,H4-e003Coalescence-mGAM-p7_S183,10,991821,E3-e003Coalescence-mGAM-p7_S146,101638
58,F5-e003Coalescence-mGAM-p5_S64,5,468781,E3-e003Coalescence-mGAM-p7_S146,101638
59,F100-e003Coalescence-mGAM-p7_S163,9,1155108,E3-e003Coalescence-mGAM-p7_S146,101638
60,E3-e003Coalescence-mGAM-p3_S58,2,516408,E3-e003Coalescence-mGAM-p7_S146,101638
61,G4-e003Coalescence-mBHI-p5_S27,8,878137,E3-e003Coalescence-mGAM-p7_S146,101638
62,G2-e003Coalescence-mBHI-p3_S33,5,1521290,E3-e003Coalescence-mGAM-p7_S146,101638
63,G100-e003Coalescence-mGAM-p3_S179,2,1153539,E3-e003Coalescence-mGAM-p7_S146,101638
64,G111-e003Coalescence-mBHI-p5_S32,14,1154220,E3-e003Coalescence-mGAM-p7_S146,101638
65,E3-e003Coalescence-mBHI-p3_S10,2,711439,E3-e003Coalescence-mGAM-p7_S146,101638
66,F2-e003Coalescence-mGAM-p7_S157,2,556375,E3-e003Coalescence-mGAM-p7_S146,101638
67,E100-e003Coalescence-mGAM-p3_S155,6,1461251,E3-e003Coalescence-mGAM-p7_S146,101638
68,E3-e003Coalescence-mGAM-p5_S50,2,1371172,E3-e003Coalescence-mGAM-p7_S146,101638
69,H100-e003Coalescence-mBHI-p5_S43,15,925751,E3-e003Coalescence-mGAM-p7_S146,101638
70,F2-e003Coalescence-mGAM-p5_S61,5,1281223,E3-e003Coalescence-mGAM-p7_S146,101638
71,G100-e003Coalescence-mBHI-p5_S31,2,829979,E3-e003Coalescence-mGAM-p7_S146,101638
72,G4-e003Coalescence-mBHI-p3_S35,5,474244,E3-e003Coalescence-mGAM-p7_S146,101638
73,E4-e003Coalescence-mBHI-p5_S3,5,1426946,E3-e003Coalescence-mGAM-p7_S146,101638
74,E4-e003Coalescence-mGAM-p5_S51,2,579225,E3-e003Coalescence-mGAM-p7_S146,101638
75,G9-e003Coalescence-mGAM-p7_S174,4,622414,E3-e003Coalescence-mGAM-p7_S146,101638
76,E8-e003Coalescence-mGAM-p3_S153,2,1489557,E3-e003Coalescence-mGAM-p7_S146,101638
77,G100-e003Coalescence-mGAM-p7_S175,1,673821,E3-e003Coalescence-mGAM-p7_S146,101638
78,G3-e003Coalescence-mBHI-p7_S122,13,531581,E3-e003Coalescence-mGAM-p7_S146,101638
79,G4-e003Coalescence-mGAM-p5_S75,6,1533148,E3-e003Coalescence-mGAM-p7_S146,101638
80,G8-e003Coalescence-mBHI-p3_S129,1,840340,E3-e003Coalescence-mGAM-p7_S146,101638
81,G2-e003Coalescence-mGAM-p5_S73,4,1525280,E3-e003Coalescence-mGAM-p7_S146,101638
82,E100-e003Coalescence-mGAM-p5_S55,0,1291155,E3-e003Coalescence-mGAM-p7_S146,101638
83,G4-e003Coalescence-mGAM-p3_S83,6,1536688,E3-e003Coalescence-mGAM-p7_S146,101638
84,F4-e003Coalescence-mBHI-p7_S111,10,477586,E3-e003Coalescence-mGAM-p7_S146,101638
85,G4-e003Coalescence-mGAM-p7_S171,6,1471075,E3-e003Coalescence-mGAM-p7_S146,101638
86,F100-e003Coalescence-mBHI-p7_S115,12,1350695,E3-e003Coalescence-mGAM-p7_S146,101638
87,E3-e003Coalescence-mGAM-p7_S146,0,1297929,E3-e003Coalescence-mGAM-p7_S146,101638
88,E3-e003Coalescence-mBHI-p5_S2,1,758841,E3-e003Coalescence-mGAM-p7_S146,101638
89,G2-e003Coalescence-mBHI-p7_S121,3,1251923,E3-e003Coalescence-mGAM-p7_S146,101638
90,F2-e003Coalescence-mBHI-p5_S13,4,1483168,E3-e003Coalescence-mGAM-p7_S146,101638
91,F2-e003Coalescence-mGAM-p3_S69,1,1044013,E3-e003Coalescence-mGAM-p7_S146,101638
92,G100-e003Coalescence-mGAM-p5_S79,4,1518875,E3-e003Coalescence-mGAM-p7_S146,101638
93,E4-e003Coalescence-mGAM-p7_S147,2,1030477,E3-e003Coalescence-mGAM-p7_S146,101638
94,E4-e003Coalescence-mGAM-p3_S59,3,1512400,E3-e003Coalescence-mGAM-p7_S146,101638
95,H100-e003Coalescence-mBHI-p7_S139,14,1461470,E3-e003Coalescence-mGAM-p7_S146,101638
96,G8-e003Coalescence-mBHI-p5_S29,9,757680,E3-e003Coalescence-mGAM-p7_S146,101638
97,G2-e003Coalescence-mBHI-p5_S25,4,1534425,E3-e003Coalescence-mGAM-p7_S146,101638
98,G8-e003Coalescence-mGAM-p7_S173,9,1390044,E3-e003Coalescence-mGAM-p7_S146,101638
99,E4-e003Coalescence-mBHI-p3_S11,4,1489708,E3-e003Coalescence-mGAM-p7_S146,101638
100,G9-e003Coalescence-mBHI-p5_S30,9,972978,E3-e003Coalescence-mGAM-p7_S146,101638
101,E100-e003Coalescence-mGAM-p7_S151,2,1431882,E3-e003Coalescence-mGAM-p7_S146,101638
102,G9-e003Coalescence-mGAM-p3_S178,7,1118807,E3-e003Coalescence-mGAM-p7_S146,101638
103,G2-e003Coalescence-mGAM-p3_S81,4,1516772,E3-e003Coalescence-mGAM-p7_S146,101638
104,G100-e003Coalescence-mBHI-p7_S127,11,560797,E3-e003Coalescence-mGAM-p7_S146,101638
0,C9-e003Coalescence-mGAM-p3,12,712205,E3-e003Coalescence-mBHI-p5_S2,101638
1,C11-e003Coalescence-mBHI-p3,2,455308,E3-e003Coalescence-mBHI-p5_S2,101638
2,C9-e003Coalescence-mGAM-p7,15,500113,E3-e003Coalescence-mBHI-p5_S2,101638
3,C8-e003Coalescence-mGAM-p7,1,1423925,E3-e003Coalescence-mBHI-p5_S2,101638
4,D10-e003Coalescence-mBHI-p3,18,592022,E3-e003Coalescence-mBHI-p5_S2,101638
5,B2-e003Coalescence-mBHI-p3,4,640269,E3-e003Coalescence-mBHI-p5_S2,101638
6,A4-e003Coalescence-mBHI-p7,2,1046978,E3-e003Coalescence-mBHI-p5_S2,101638
7,B3-e003Coalescence-mBHI-p3,11,851498,E3-e003Coalescence-mBHI-p5_S2,101638
8,C2-e003Coalescence-mBHI-p5,2,1531728,E3-e003Coalescence-mBHI-p5_S2,101638
9,C4-e003GlycerolRevival-mBHI-p2,15,655282,E3-e003Coalescence-mBHI-p5_S2,101638
10,B2-e003Coalescence-mBHI-p5,5,1376755,E3-e003Coalescence-mBHI-p5_S2,101638
11,C4-e003Coalescence-mGAM-p7,2,1491174,E3-e003Coalescence-mBHI-p5_S2,101638
12,B10-e003Assembly-mGAM-p5,0,708824,E3-e003Coalescence-mBHI-p5_S2,101638
13,C2-e003Coalescence-mGAM-p7,2,1544636,E3-e003Coalescence-mBHI-p5_S2,101638
14,C9-e003Coalescence-mBHI-p5,17,843947,E3-e003Coalescence-mBHI-p5_S2,101638
15,C2-e003Coalescence-mBHI-p3,2,1550808,E3-e003Coalescence-mBHI-p5_S2,101638
16,C9-e003Coalescence-mBHI-p3,22,1477971,E3-e003Coalescence-mBHI-p5_S2,101638
17,D10-e003Coalescence-mGAM-p5,18,895834,E3-e003Coalescence-mBHI-p5_S2,101638
18,C2-e003Coalescence-mGAM-p3,2,1349817,E3-e003Coalescence-mBHI-p5_S2,101638
19,B10-e003Coalescence-mBHI-p5,13,751178,E3-e003Coalescence-mBHI-p5_S2,101638
20,C4-e003Coalescence-mGAM-p5,2,1406224,E3-e003Coalescence-mBHI-p5_S2,101638
21,D5-e003Coalescence-mBHI-p5,0,1486364,E3-e003Coalescence-mBHI-p5_S2,101638
22,D3-e003Assembly-mBHI-p3,15,768389,E3-e003Coalescence-mBHI-p5_S2,101638
23,C4-e003Coalescence-mGAM-p3,2,1546978,E3-e003Coalescence-mBHI-p5_S2,101638
24,D3-e003Assembly-mBHI-p5,13,1546651,E3-e003Coalescence-mBHI-p5_S2,101638
25,A10-e003Coalescence-mGAM-p3,2,1530862,E3-e003Coalescence-mBHI-p5_S2,101638
26,B2-e003Coalescence-mGAM-p3,3,442858,E3-e003Coalescence-mBHI-p5_S2,101638
27,D3-e003Coalescence-mGAM-p5,9,515212,E3-e003Coalescence-mBHI-p5_S2,101638
28,C10-e003Coalescence-mGAM-p3,2,1520946,E3-e003Coalescence-mBHI-p5_S2,101638
29,C3-e003Coalescence-Inoculumn-mGAM,3,473234,E3-e003Coalescence-mBHI-p5_S2,101638
30,D4-e003Coalescence-Inoculumn-mBHI,1,618720,E3-e003Coalescence-mBHI-p5_S2,101638
31,A4-e003Coalescence-mBHI-p5,2,958917,E3-e003Coalescence-mBHI-p5_S2,101638
32,D10-e003Coalescence-mGAM-p7,9,938266,E3-e003Coalescence-mBHI-p5_S2,101638
33,C11-e003Coalescence-mGAM-p3,22,727674,E3-e003Coalescence-mBHI-p5_S2,101638
34,C10-e003Coalescence-mBHI-p7,11,636171,E3-e003Coalescence-mBHI-p5_S2,101638
35,B10-e003Coalescence-mBHI-p3,17,1064478,E3-e003Coalescence-mBHI-p5_S2,101638
36,C11-e003Coalescence-mBHI-p5,12,1515011,E3-e003Coalescence-mBHI-p5_S2,101638
37,C2-e003Coalescence-Inoculumn-mGAM,2,514343,E3-e003Coalescence-mBHI-p5_S2,101638
38,B4-e003Coalescence-Inoculumn-mGAM,21,1527645,E3-e003Coalescence-mBHI-p5_S2,101638
39,A10-e003Coalescence-mGAM-p7,2,1119734,E3-e003Coalescence-mBHI-p5_S2,101638
40,C4-e003Coalescence-Inoculumn-mGAM,2,1354072,E3-e003Coalescence-mBHI-p5_S2,101638
41,B10-e003Assembly-mGAM-p3,0,526228,E3-e003Coalescence-mBHI-p5_S2,101638
42,D10-e003Coalescence-mBHI-p7,5,560357,E3-e003Coalescence-mBHI-p5_S2,101638
43,B10-e003GlycerolRevival-mGAM-p2,1,912883,E3-e003Coalescence-mBHI-p5_S2,101638
44,C10-e003Coalescence-mGAM-p5,3,1544682,E3-e003Coalescence-mBHI-p5_S2,101638
45,A3-e003Coalescence-mBHI-p3,5,444927,E3-e003Coalescence-mBHI-p5_S2,101638
46,A4-e003Coalescence-mBHI-p3,2,1204293,E3-e003Coalescence-mBHI-p5_S2,101638
47,C9-e003Coalescence-mGAM-p5,19,810866,E3-e003Coalescence-mBHI-p5_S2,101638
48,C2-e003Coalescence-mGAM-p5,2,1502257,E3-e003Coalescence-mBHI-p5_S2,101638
49,C8-e003Coalescence-mBHI-p5,12,1338159,E3-e003Coalescence-mBHI-p5_S2,101638
50,B4-e003Coalescence-Inoculumn-mBHI,3,563867,E3-e003Coalescence-mBHI-p5_S2,101638
51,C5-e003Coalescence-Inoculumn-mGAM,4,1530071,E3-e003Coalescence-mBHI-p5_S2,101638
52,C4-e003Coalescence-mBHI-p5,9,881699,E3-e003Coalescence-mBHI-p5_S2,101638
53,A4-e003Coalescence-Inoculumn-mGAM,2,1506279,E3-e003Coalescence-mBHI-p5_S2,101638
54,C2-e003Coalescence-mBHI-p7,0,569461,E3-e003Coalescence-mBHI-p5_S2,101638
55,C10-e003Coalescence-mGAM-p7,2,1547140,E3-e003Coalescence-mBHI-p5_S2,101638
56,C10-e003Coalescence-mBHI-p3,7,1524472,E3-e003Coalescence-mBHI-p5_S2,101638
57,H4-e003Coalescence-mGAM-p7_S183,3,991821,E3-e003Coalescence-mBHI-p5_S2,101638
58,F5-e003Coalescence-mGAM-p5_S64,1,468781,E3-e003Coalescence-mBHI-p5_S2,101638
59,F100-e003Coalescence-mGAM-p7_S163,7,1155108,E3-e003Coalescence-mBHI-p5_S2,101638
60,E3-e003Coalescence-mGAM-p3_S58,5,516408,E3-e003Coalescence-mBHI-p5_S2,101638
61,G4-e003Coalescence-mBHI-p5_S27,5,878137,E3-e003Coalescence-mBHI-p5_S2,101638
62,G2-e003Coalescence-mBHI-p3_S33,0,1521290,E3-e003Coalescence-mBHI-p5_S2,101638
63,G100-e003Coalescence-mGAM-p3_S179,0,1153539,E3-e003Coalescence-mBHI-p5_S2,101638
64,G111-e003Coalescence-mBHI-p5_S32,19,1154220,E3-e003Coalescence-mBHI-p5_S2,101638
65,E3-e003Coalescence-mBHI-p3_S10,0,711439,E3-e003Coalescence-mBHI-p5_S2,101638
66,F2-e003Coalescence-mGAM-p7_S157,0,556375,E3-e003Coalescence-mBHI-p5_S2,101638
67,E100-e003Coalescence-mGAM-p3_S155,3,1461251,E3-e003Coalescence-mBHI-p5_S2,101638
68,E3-e003Coalescence-mGAM-p5_S50,1,1371172,E3-e003Coalescence-mBHI-p5_S2,101638
69,H100-e003Coalescence-mBHI-p5_S43,19,925751,E3-e003Coalescence-mBHI-p5_S2,101638
70,F2-e003Coalescence-mGAM-p5_S61,0,1281223,E3-e003Coalescence-mBHI-p5_S2,101638
71,G100-e003Coalescence-mBHI-p5_S31,1,829979,E3-e003Coalescence-mBHI-p5_S2,101638
72,G4-e003Coalescence-mBHI-p3_S35,4,474244,E3-e003Coalescence-mBHI-p5_S2,101638
73,E4-e003Coalescence-mBHI-p5_S3,0,1426946,E3-e003Coalescence-mBHI-p5_S2,101638
74,E4-e003Coalescence-mGAM-p5_S51,0,579225,E3-e003Coalescence-mBHI-p5_S2,101638
75,G9-e003Coalescence-mGAM-p7_S174,15,622414,E3-e003Coalescence-mBHI-p5_S2,101638
76,E8-e003Coalescence-mGAM-p3_S153,1,1489557,E3-e003Coalescence-mBHI-p5_S2,101638
77,G100-e003Coalescence-mGAM-p7_S175,1,673821,E3-e003Coalescence-mBHI-p5_S2,101638
78,G3-e003Coalescence-mBHI-p7_S122,16,531581,E3-e003Coalescence-mBHI-p5_S2,101638
79,G4-e003Coalescence-mGAM-p5_S75,0,1533148,E3-e003Coalescence-mBHI-p5_S2,101638
80,G8-e003Coalescence-mBHI-p3_S129,1,840340,E3-e003Coalescence-mBHI-p5_S2,101638
81,G2-e003Coalescence-mGAM-p5_S73,0,1525280,E3-e003Coalescence-mBHI-p5_S2,101638
82,E100-e003Coalescence-mGAM-p5_S55,1,1291155,E3-e003Coalescence-mBHI-p5_S2,101638
83,G4-e003Coalescence-mGAM-p3_S83,0,1536688,E3-e003Coalescence-mBHI-p5_S2,101638
84,F4-e003Coalescence-mBHI-p7_S111,14,477586,E3-e003Coalescence-mBHI-p5_S2,101638
85,G4-e003Coalescence-mGAM-p7_S171,0,1471075,E3-e003Coalescence-mBHI-p5_S2,101638
86,F100-e003Coalescence-mBHI-p7_S115,22,1350695,E3-e003Coalescence-mBHI-p5_S2,101638
87,E3-e003Coalescence-mGAM-p7_S146,1,1297929,E3-e003Coalescence-mBHI-p5_S2,101638
88,E3-e003Coalescence-mBHI-p5_S2,0,758841,E3-e003Coalescence-mBHI-p5_S2,101638
89,G2-e003Coalescence-mBHI-p7_S121,0,1251923,E3-e003Coalescence-mBHI-p5_S2,101638
90,F2-e003Coalescence-mBHI-p5_S13,0,1483168,E3-e003Coalescence-mBHI-p5_S2,101638
91,F2-e003Coalescence-mGAM-p3_S69,0,1044013,E3-e003Coalescence-mBHI-p5_S2,101638
92,G100-e003Coalescence-mGAM-p5_S79,0,1518875,E3-e003Coalescence-mBHI-p5_S2,101638
93,E4-e003Coalescence-mGAM-p7_S147,0,1030477,E3-e003Coalescence-mBHI-p5_S2,101638
94,E4-e003Coalescence-mGAM-p3_S59,0,1512400,E3-e003Coalescence-mBHI-p5_S2,101638
95,H100-e003Coalescence-mBHI-p7_S139,26,1461470,E3-e003Coalescence-mBHI-p5_S2,101638
96,G8-e003Coalescence-mBHI-p5_S29,5,757680,E3-e003Coalescence-mBHI-p5_S2,101638
97,G2-e003Coalescence-mBHI-p5_S25,0,1534425,E3-e003Coalescence-mBHI-p5_S2,101638
98,G8-e003Coalescence-mGAM-p7_S173,6,1390044,E3-e003Coalescence-mBHI-p5_S2,101638
99,E4-e003Coalescence-mBHI-p3_S11,0,1489708,E3-e003Coalescence-mBHI-p5_S2,101638
100,G9-e003Coalescence-mBHI-p5_S30,13,972978,E3-e003Coalescence-mBHI-p5_S2,101638
101,E100-e003Coalescence-mGAM-p7_S151,0,1431882,E3-e003Coalescence-mBHI-p5_S2,101638
102,G9-e003Coalescence-mGAM-p3_S178,21,1118807,E3-e003Coalescence-mBHI-p5_S2,101638
103,G2-e003Coalescence-mGAM-p3_S81,0,1516772,E3-e003Coalescence-mBHI-p5_S2,101638
104,G100-e003Coalescence-mBHI-p7_S127,5,560797,E3-e003Coalescence-mBHI-p5_S2,101638
0,C9-e003Coalescence-mGAM-p3,9,712205,G2-e003Coalescence-mBHI-p7_S121,101638
1,C11-e003Coalescence-mBHI-p3,2,455308,G2-e003Coalescence-mBHI-p7_S121,101638
2,C9-e003Coalescence-mGAM-p7,14,500113,G2-e003Coalescence-mBHI-p7_S121,101638
3,C8-e003Coalescence-mGAM-p7,12,1423925,G2-e003Coalescence-mBHI-p7_S121,101638
4,D10-e003Coalescence-mBHI-p3,11,592022,G2-e003Coalescence-mBHI-p7_S121,101638
5,B2-e003Coalescence-mBHI-p3,10,640269,G2-e003Coalescence-mBHI-p7_S121,101638
6,A4-e003Coalescence-mBHI-p7,8,1046978,G2-e003Coalescence-mBHI-p7_S121,101638
7,B3-e003Coalescence-mBHI-p3,25,851498,G2-e003Coalescence-mBHI-p7_S121,101638
8,C2-e003Coalescence-mBHI-p5,13,1531728,G2-e003Coalescence-mBHI-p7_S121,101638
9,C4-e003GlycerolRevival-mBHI-p2,10,655282,G2-e003Coalescence-mBHI-p7_S121,101638
10,B2-e003Coalescence-mBHI-p5,14,1376755,G2-e003Coalescence-mBHI-p7_S121,101638
11,C4-e003Coalescence-mGAM-p7,12,1491174,G2-e003Coalescence-mBHI-p7_S121,101638
12,B10-e003Assembly-mGAM-p5,4,708824,G2-e003Coalescence-mBHI-p7_S121,101638
13,C2-e003Coalescence-mGAM-p7,12,1544636,G2-e003Coalescence-mBHI-p7_S121,101638
14,C9-e003Coalescence-mBHI-p5,12,843947,G2-e003Coalescence-mBHI-p7_S121,101638
15,C2-e003Coalescence-mBHI-p3,12,1550808,G2-e003Coalescence-mBHI-p7_S121,101638
16,C9-e003Coalescence-mBHI-p3,24,1477971,G2-e003Coalescence-mBHI-p7_S121,101638
17,D10-e003Coalescence-mGAM-p5,14,895834,G2-e003Coalescence-mBHI-p7_S121,101638
18,C2-e003Coalescence-mGAM-p3,12,1349817,G2-e003Coalescence-mBHI-p7_S121,101638
19,B10-e003Coalescence-mBHI-p5,12,751178,G2-e003Coalescence-mBHI-p7_S121,101638
20,C4-e003Coalescence-mGAM-p5,12,1406224,G2-e003Coalescence-mBHI-p7_S121,101638
21,D5-e003Coalescence-mBHI-p5,9,1486364,G2-e003Coalescence-mBHI-p7_S121,101638
22,D3-e003Assembly-mBHI-p3,17,768389,G2-e003Coalescence-mBHI-p7_S121,101638
23,C4-e003Coalescence-mGAM-p3,12,1546978,G2-e003Coalescence-mBHI-p7_S121,101638
24,D3-e003Assembly-mBHI-p5,25,1546651,G2-e003Coalescence-mBHI-p7_S121,101638
25,A10-e003Coalescence-mGAM-p3,13,1530862,G2-e003Coalescence-mBHI-p7_S121,101638
26,B2-e003Coalescence-mGAM-p3,9,442858,G2-e003Coalescence-mBHI-p7_S121,101638
27,D3-e003Coalescence-mGAM-p5,12,515212,G2-e003Coalescence-mBHI-p7_S121,101638
28,C10-e003Coalescence-mGAM-p3,13,1520946,G2-e003Coalescence-mBHI-p7_S121,101638
29,C3-e003Coalescence-Inoculumn-mGAM,7,473234,G2-e003Coalescence-mBHI-p7_S121,101638
30,D4-e003Coalescence-Inoculumn-mBHI,9,618720,G2-e003Coalescence-mBHI-p7_S121,101638
31,A4-e003Coalescence-mBHI-p5,3,958917,G2-e003Coalescence-mBHI-p7_S121,101638
32,D10-e003Coalescence-mGAM-p7,11,938266,G2-e003Coalescence-mBHI-p7_S121,101638
33,C11-e003Coalescence-mGAM-p3,20,727674,G2-e003Coalescence-mBHI-p7_S121,101638
34,C10-e003Coalescence-mBHI-p7,18,636171,G2-e003Coalescence-mBHI-p7_S121,101638
35,B10-e003Coalescence-mBHI-p3,11,1064478,G2-e003Coalescence-mBHI-p7_S121,101638
36,C11-e003Coalescence-mBHI-p5,15,1515011,G2-e003Coalescence-mBHI-p7_S121,101638
37,C2-e003Coalescence-Inoculumn-mGAM,2,514343,G2-e003Coalescence-mBHI-p7_S121,101638
38,B4-e003Coalescence-Inoculumn-mGAM,27,1527645,G2-e003Coalescence-mBHI-p7_S121,101638
39,A10-e003Coalescence-mGAM-p7,9,1119734,G2-e003Coalescence-mBHI-p7_S121,101638
40,C4-e003Coalescence-Inoculumn-mGAM,10,1354072,G2-e003Coalescence-mBHI-p7_S121,101638
41,B10-e003Assembly-mGAM-p3,7,526228,G2-e003Coalescence-mBHI-p7_S121,101638
42,D10-e003Coalescence-mBHI-p7,6,560357,G2-e003Coalescence-mBHI-p7_S121,101638
43,B10-e003GlycerolRevival-mGAM-p2,10,912883,G2-e003Coalescence-mBHI-p7_S121,101638
44,C10-e003Coalescence-mGAM-p5,15,1544682,G2-e003Coalescence-mBHI-p7_S121,101638
45,A3-e003Coalescence-mBHI-p3,7,444927,G2-e003Coalescence-mBHI-p7_S121,101638
46,A4-e003Coalescence-mBHI-p3,7,1204293,G2-e003Coalescence-mBHI-p7_S121,101638
47,C9-e003Coalescence-mGAM-p5,19,810866,G2-e003Coalescence-mBHI-p7_S121,101638
48,C2-e003Coalescence-mGAM-p5,12,1502257,G2-e003Coalescence-mBHI-p7_S121,101638
49,C8-e003Coalescence-mBHI-p5,19,1338159,G2-e003Coalescence-mBHI-p7_S121,101638
50,B4-e003Coalescence-Inoculumn-mBHI,5,563867,G2-e003Coalescence-mBHI-p7_S121,101638
51,C5-e003Coalescence-Inoculumn-mGAM,13,1530071,G2-e003Coalescence-mBHI-p7_S121,101638
52,C4-e003Coalescence-mBHI-p5,21,881699,G2-e003Coalescence-mBHI-p7_S121,101638
53,A4-e003Coalescence-Inoculumn-mGAM,12,1506279,G2-e003Coalescence-mBHI-p7_S121,101638
54,C2-e003Coalescence-mBHI-p7,5,569461,G2-e003Coalescence-mBHI-p7_S121,101638
55,C10-e003Coalescence-mGAM-p7,13,1547140,G2-e003Coalescence-mBHI-p7_S121,101638
56,C10-e003Coalescence-mBHI-p3,11,1524472,G2-e003Coalescence-mBHI-p7_S121,101638
57,H4-e003Coalescence-mGAM-p7_S183,2,991821,G2-e003Coalescence-mBHI-p7_S121,101638
58,F5-e003Coalescence-mGAM-p5_S64,3,468781,G2-e003Coalescence-mBHI-p7_S121,101638
59,F100-e003Coalescence-mGAM-p7_S163,8,1155108,G2-e003Coalescence-mBHI-p7_S121,101638
60,E3-e003Coalescence-mGAM-p3_S58,3,516408,G2-e003Coalescence-mBHI-p7_S121,101638
61,G4-e003Coalescence-mBHI-p5_S27,7,878137,G2-e003Coalescence-mBHI-p7_S121,101638
62,G2-e003Coalescence-mBHI-p3_S33,4,1521290,G2-e003Coalescence-mBHI-p7_S121,101638
63,G100-e003Coalescence-mGAM-p3_S179,2,1153539,G2-e003Coalescence-mBHI-p7_S121,101638
64,G111-e003Coalescence-mBHI-p5_S32,15,1154220,G2-e003Coalescence-mBHI-p7_S121,101638
65,E3-e003Coalescence-mBHI-p3_S10,1,711439,G2-e003Coalescence-mBHI-p7_S121,101638
66,F2-e003Coalescence-mGAM-p7_S157,1,556375,G2-e003Coalescence-mBHI-p7_S121,101638
67,E100-e003Coalescence-mGAM-p3_S155,6,1461251,G2-e003Coalescence-mBHI-p7_S121,101638
68,E3-e003Coalescence-mGAM-p5_S50,6,1371172,G2-e003Coalescence-mBHI-p7_S121,101638
69,H100-e003Coalescence-mBHI-p5_S43,11,925751,G2-e003Coalescence-mBHI-p7_S121,101638
70,F2-e003Coalescence-mGAM-p5_S61,5,1281223,G2-e003Coalescence-mBHI-p7_S121,101638
71,G100-e003Coalescence-mBHI-p5_S31,5,829979,G2-e003Coalescence-mBHI-p7_S121,101638
72,G4-e003Coalescence-mBHI-p3_S35,0,474244,G2-e003Coalescence-mBHI-p7_S121,101638
73,E4-e003Coalescence-mBHI-p5_S3,1,1426946,G2-e003Coalescence-mBHI-p7_S121,101638
74,E4-e003Coalescence-mGAM-p5_S51,0,579225,G2-e003Coalescence-mBHI-p7_S121,101638
75,G9-e003Coalescence-mGAM-p7_S174,4,622414,G2-e003Coalescence-mBHI-p7_S121,101638
76,E8-e003Coalescence-mGAM-p3_S153,4,1489557,G2-e003Coalescence-mBHI-p7_S121,101638
77,G100-e003Coalescence-mGAM-p7_S175,1,673821,G2-e003Coalescence-mBHI-p7_S121,101638
78,G3-e003Coalescence-mBHI-p7_S122,6,531581,G2-e003Coalescence-mBHI-p7_S121,101638
79,G4-e003Coalescence-mGAM-p5_S75,3,1533148,G2-e003Coalescence-mBHI-p7_S121,101638
80,G8-e003Coalescence-mBHI-p3_S129,0,840340,G2-e003Coalescence-mBHI-p7_S121,101638
81,G2-e003Coalescence-mGAM-p5_S73,4,1525280,G2-e003Coalescence-mBHI-p7_S121,101638
82,E100-e003Coalescence-mGAM-p5_S55,5,1291155,G2-e003Coalescence-mBHI-p7_S121,101638
83,G4-e003Coalescence-mGAM-p3_S83,3,1536688,G2-e003Coalescence-mBHI-p7_S121,101638
84,F4-e003Coalescence-mBHI-p7_S111,10,477586,G2-e003Coalescence-mBHI-p7_S121,101638
85,G4-e003Coalescence-mGAM-p7_S171,3,1471075,G2-e003Coalescence-mBHI-p7_S121,101638
86,F100-e003Coalescence-mBHI-p7_S115,8,1350695,G2-e003Coalescence-mBHI-p7_S121,101638
87,E3-e003Coalescence-mGAM-p7_S146,6,1297929,G2-e003Coalescence-mBHI-p7_S121,101638
88,E3-e003Coalescence-mBHI-p5_S2,0,758841,G2-e003Coalescence-mBHI-p7_S121,101638
89,G2-e003Coalescence-mBHI-p7_S121,0,1251923,G2-e003Coalescence-mBHI-p7_S121,101638
90,F2-e003Coalescence-mBHI-p5_S13,4,1483168,G2-e003Coalescence-mBHI-p7_S121,101638
91,F2-e003Coalescence-mGAM-p3_S69,4,1044013,G2-e003Coalescence-mBHI-p7_S121,101638
92,G100-e003Coalescence-mGAM-p5_S79,7,1518875,G2-e003Coalescence-mBHI-p7_S121,101638
93,E4-e003Coalescence-mGAM-p7_S147,3,1030477,G2-e003Coalescence-mBHI-p7_S121,101638
94,E4-e003Coalescence-mGAM-p3_S59,3,1512400,G2-e003Coalescence-mBHI-p7_S121,101638
95,H100-e003Coalescence-mBHI-p7_S139,15,1461470,G2-e003Coalescence-mBHI-p7_S121,101638
96,G8-e003Coalescence-mBHI-p5_S29,5,757680,G2-e003Coalescence-mBHI-p7_S121,101638
97,G2-e003Coalescence-mBHI-p5_S25,3,1534425,G2-e003Coalescence-mBHI-p7_S121,101638
98,G8-e003Coalescence-mGAM-p7_S173,14,1390044,G2-e003Coalescence-mBHI-p7_S121,101638
99,E4-e003Coalescence-mBHI-p3_S11,4,1489708,G2-e003Coalescence-mBHI-p7_S121,101638
100,G9-e003Coalescence-mBHI-p5_S30,11,972978,G2-e003Coalescence-mBHI-p7_S121,101638
101,E100-e003Coalescence-mGAM-p7_S151,4,1431882,G2-e003Coalescence-mBHI-p7_S121,101638
102,G9-e003Coalescence-mGAM-p3_S178,9,1118807,G2-e003Coalescence-mBHI-p7_S121,101638
103,G2-e003Coalescence-mGAM-p3_S81,4,1516772,G2-e003Coalescence-mBHI-p7_S121,101638
104,G100-e003Coalescence-mBHI-p7_S127,1,560797,G2-e003Coalescence-mBHI-p7_S121,101638
0,C9-e003Coalescence-mGAM-p3,14,712205,F2-e003Coalescence-mBHI-p5_S13,101638
1,C11-e003Coalescence-mBHI-p3,1,455308,F2-e003Coalescence-mBHI-p5_S13,101638
2,C9-e003Coalescence-mGAM-p7,8,500113,F2-e003Coalescence-mBHI-p5_S13,101638
3,C8-e003Coalescence-mGAM-p7,5,1423925,F2-e003Coalescence-mBHI-p5_S13,101638
4,D10-e003Coalescence-mBHI-p3,21,592022,F2-e003Coalescence-mBHI-p5_S13,101638
5,B2-e003Coalescence-mBHI-p3,8,640269,F2-e003Coalescence-mBHI-p5_S13,101638
6,A4-e003Coalescence-mBHI-p7,5,1046978,F2-e003Coalescence-mBHI-p5_S13,101638
7,B3-e003Coalescence-mBHI-p3,36,851498,F2-e003Coalescence-mBHI-p5_S13,101638
8,C2-e003Coalescence-mBHI-p5,6,1531728,F2-e003Coalescence-mBHI-p5_S13,101638
9,C4-e003GlycerolRevival-mBHI-p2,14,655282,F2-e003Coalescence-mBHI-p5_S13,101638
10,B2-e003Coalescence-mBHI-p5,6,1376755,F2-e003Coalescence-mBHI-p5_S13,101638
11,C4-e003Coalescence-mGAM-p7,6,1491174,F2-e003Coalescence-mBHI-p5_S13,101638
12,B10-e003Assembly-mGAM-p5,0,708824,F2-e003Coalescence-mBHI-p5_S13,101638
13,C2-e003Coalescence-mGAM-p7,6,1544636,F2-e003Coalescence-mBHI-p5_S13,101638
14,C9-e003Coalescence-mBHI-p5,12,843947,F2-e003Coalescence-mBHI-p5_S13,101638
15,C2-e003Coalescence-mBHI-p3,6,1550808,F2-e003Coalescence-mBHI-p5_S13,101638
16,C9-e003Coalescence-mBHI-p3,24,1477971,F2-e003Coalescence-mBHI-p5_S13,101638
17,D10-e003Coalescence-mGAM-p5,10,895834,F2-e003Coalescence-mBHI-p5_S13,101638
18,C2-e003Coalescence-mGAM-p3,6,1349817,F2-e003Coalescence-mBHI-p5_S13,101638
19,B10-e003Coalescence-mBHI-p5,10,751178,F2-e003Coalescence-mBHI-p5_S13,101638
20,C4-e003Coalescence-mGAM-p5,6,1406224,F2-e003Coalescence-mBHI-p5_S13,101638
21,D5-e003Coalescence-mBHI-p5,3,1486364,F2-e003Coalescence-mBHI-p5_S13,101638
22,D3-e003Assembly-mBHI-p3,9,768389,F2-e003Coalescence-mBHI-p5_S13,101638
23,C4-e003Coalescence-mGAM-p3,6,1546978,F2-e003Coalescence-mBHI-p5_S13,101638
24,D3-e003Assembly-mBHI-p5,12,1546651,F2-e003Coalescence-mBHI-p5_S13,101638
25,A10-e003Coalescence-mGAM-p3,6,1530862,F2-e003Coalescence-mBHI-p5_S13,101638
26,B2-e003Coalescence-mGAM-p3,1,442858,F2-e003Coalescence-mBHI-p5_S13,101638
27,D3-e003Coalescence-mGAM-p5,11,515212,F2-e003Coalescence-mBHI-p5_S13,101638
28,C10-e003Coalescence-mGAM-p3,8,1520946,F2-e003Coalescence-mBHI-p5_S13,101638
29,C3-e003Coalescence-Inoculumn-mGAM,4,473234,F2-e003Coalescence-mBHI-p5_S13,101638
30,D4-e003Coalescence-Inoculumn-mBHI,6,618720,F2-e003Coalescence-mBHI-p5_S13,101638
31,A4-e003Coalescence-mBHI-p5,2,958917,F2-e003Coalescence-mBHI-p5_S13,101638
32,D10-e003Coalescence-mGAM-p7,12,938266,F2-e003Coalescence-mBHI-p5_S13,101638
33,C11-e003Coalescence-mGAM-p3,17,727674,F2-e003Coalescence-mBHI-p5_S13,101638
34,C10-e003Coalescence-mBHI-p7,23,636171,F2-e003Coalescence-mBHI-p5_S13,101638
35,B10-e003Coalescence-mBHI-p3,7,1064478,F2-e003Coalescence-mBHI-p5_S13,101638
36,C11-e003Coalescence-mBHI-p5,9,1515011,F2-e003Coalescence-mBHI-p5_S13,101638
37,C2-e003Coalescence-Inoculumn-mGAM,2,514343,F2-e003Coalescence-mBHI-p5_S13,101638
38,B4-e003Coalescence-Inoculumn-mGAM,20,1527645,F2-e003Coalescence-mBHI-p5_S13,101638
39,A10-e003Coalescence-mGAM-p7,5,1119734,F2-e003Coalescence-mBHI-p5_S13,101638
40,C4-e003Coalescence-Inoculumn-mGAM,6,1354072,F2-e003Coalescence-mBHI-p5_S13,101638
41,B10-e003Assembly-mGAM-p3,6,526228,F2-e003Coalescence-mBHI-p5_S13,101638
42,D10-e003Coalescence-mBHI-p7,4,560357,F2-e003Coalescence-mBHI-p5_S13,101638
43,B10-e003GlycerolRevival-mGAM-p2,1,912883,F2-e003Coalescence-mBHI-p5_S13,101638
44,C10-e003Coalescence-mGAM-p5,8,1544682,F2-e003Coalescence-mBHI-p5_S13,101638
45,A3-e003Coalescence-mBHI-p3,6,444927,F2-e003Coalescence-mBHI-p5_S13,101638
46,A4-e003Coalescence-mBHI-p3,2,1204293,F2-e003Coalescence-mBHI-p5_S13,101638
47,C9-e003Coalescence-mGAM-p5,18,810866,F2-e003Coalescence-mBHI-p5_S13,101638
48,C2-e003Coalescence-mGAM-p5,6,1502257,F2-e003Coalescence-mBHI-p5_S13,101638
49,C8-e003Coalescence-mBHI-p5,12,1338159,F2-e003Coalescence-mBHI-p5_S13,101638
50,B4-e003Coalescence-Inoculumn-mBHI,12,563867,F2-e003Coalescence-mBHI-p5_S13,101638
51,C5-e003Coalescence-Inoculumn-mGAM,5,1530071,F2-e003Coalescence-mBHI-p5_S13,101638
52,C4-e003Coalescence-mBHI-p5,19,881699,F2-e003Coalescence-mBHI-p5_S13,101638
53,A4-e003Coalescence-Inoculumn-mGAM,6,1506279,F2-e003Coalescence-mBHI-p5_S13,101638
54,C2-e003Coalescence-mBHI-p7,1,569461,F2-e003Coalescence-mBHI-p5_S13,101638
55,C10-e003Coalescence-mGAM-p7,6,1547140,F2-e003Coalescence-mBHI-p5_S13,101638
56,C10-e003Coalescence-mBHI-p3,10,1524472,F2-e003Coalescence-mBHI-p5_S13,101638
57,H4-e003Coalescence-mGAM-p7_S183,4,991821,F2-e003Coalescence-mBHI-p5_S13,101638
58,F5-e003Coalescence-mGAM-p5_S64,2,468781,F2-e003Coalescence-mBHI-p5_S13,101638
59,F100-e003Coalescence-mGAM-p7_S163,8,1155108,F2-e003Coalescence-mBHI-p5_S13,101638
60,E3-e003Coalescence-mGAM-p3_S58,2,516408,F2-e003Coalescence-mBHI-p5_S13,101638
61,G4-e003Coalescence-mBHI-p5_S27,7,878137,F2-e003Coalescence-mBHI-p5_S13,101638
62,G2-e003Coalescence-mBHI-p3_S33,0,1521290,F2-e003Coalescence-mBHI-p5_S13,101638
63,G100-e003Coalescence-mGAM-p3_S179,0,1153539,F2-e003Coalescence-mBHI-p5_S13,101638
64,G111-e003Coalescence-mBHI-p5_S32,19,1154220,F2-e003Coalescence-mBHI-p5_S13,101638
65,E3-e003Coalescence-mBHI-p3_S10,0,711439,F2-e003Coalescence-mBHI-p5_S13,101638
66,F2-e003Coalescence-mGAM-p7_S157,0,556375,F2-e003Coalescence-mBHI-p5_S13,101638
67,E100-e003Coalescence-mGAM-p3_S155,3,1461251,F2-e003Coalescence-mBHI-p5_S13,101638
68,E3-e003Coalescence-mGAM-p5_S50,0,1371172,F2-e003Coalescence-mBHI-p5_S13,101638
69,H100-e003Coalescence-mBHI-p5_S43,16,925751,F2-e003Coalescence-mBHI-p5_S13,101638
70,F2-e003Coalescence-mGAM-p5_S61,1,1281223,F2-e003Coalescence-mBHI-p5_S13,101638
71,G100-e003Coalescence-mBHI-p5_S31,2,829979,F2-e003Coalescence-mBHI-p5_S13,101638
72,G4-e003Coalescence-mBHI-p3_S35,13,474244,F2-e003Coalescence-mBHI-p5_S13,101638
73,E4-e003Coalescence-mBHI-p5_S3,0,1426946,F2-e003Coalescence-mBHI-p5_S13,101638
74,E4-e003Coalescence-mGAM-p5_S51,0,579225,F2-e003Coalescence-mBHI-p5_S13,101638
75,G9-e003Coalescence-mGAM-p7_S174,12,622414,F2-e003Coalescence-mBHI-p5_S13,101638
76,E8-e003Coalescence-mGAM-p3_S153,2,1489557,F2-e003Coalescence-mBHI-p5_S13,101638
77,G100-e003Coalescence-mGAM-p7_S175,1,673821,F2-e003Coalescence-mBHI-p5_S13,101638
78,G3-e003Coalescence-mBHI-p7_S122,14,531581,F2-e003Coalescence-mBHI-p5_S13,101638
79,G4-e003Coalescence-mGAM-p5_S75,0,1533148,F2-e003Coalescence-mBHI-p5_S13,101638
80,G8-e003Coalescence-mBHI-p3_S129,1,840340,F2-e003Coalescence-mBHI-p5_S13,101638
81,G2-e003Coalescence-mGAM-p5_S73,0,1525280,F2-e003Coalescence-mBHI-p5_S13,101638
82,E100-e003Coalescence-mGAM-p5_S55,0,1291155,F2-e003Coalescence-mBHI-p5_S13,101638
83,G4-e003Coalescence-mGAM-p3_S83,0,1536688,F2-e003Coalescence-mBHI-p5_S13,101638
84,F4-e003Coalescence-mBHI-p7_S111,10,477586,F2-e003Coalescence-mBHI-p5_S13,101638
85,G4-e003Coalescence-mGAM-p7_S171,0,1471075,F2-e003Coalescence-mBHI-p5_S13,101638
86,F100-e003Coalescence-mBHI-p7_S115,13,1350695,F2-e003Coalescence-mBHI-p5_S13,101638
87,E3-e003Coalescence-mGAM-p7_S146,0,1297929,F2-e003Coalescence-mBHI-p5_S13,101638
88,E3-e003Coalescence-mBHI-p5_S2,0,758841,F2-e003Coalescence-mBHI-p5_S13,101638
89,G2-e003Coalescence-mBHI-p7_S121,0,1251923,F2-e003Coalescence-mBHI-p5_S13,101638
90,F2-e003Coalescence-mBHI-p5_S13,0,1483168,F2-e003Coalescence-mBHI-p5_S13,101638
91,F2-e003Coalescence-mGAM-p3_S69,0,1044013,F2-e003Coalescence-mBHI-p5_S13,101638
92,G100-e003Coalescence-mGAM-p5_S79,2,1518875,F2-e003Coalescence-mBHI-p5_S13,101638
93,E4-e003Coalescence-mGAM-p7_S147,2,1030477,F2-e003Coalescence-mBHI-p5_S13,101638
94,E4-e003Coalescence-mGAM-p3_S59,0,1512400,F2-e003Coalescence-mBHI-p5_S13,101638
95,H100-e003Coalescence-mBHI-p7_S139,17,1461470,F2-e003Coalescence-mBHI-p5_S13,101638
96,G8-e003Coalescence-mBHI-p5_S29,5,757680,F2-e003Coalescence-mBHI-p5_S13,101638
97,G2-e003Coalescence-mBHI-p5_S25,0,1534425,F2-e003Coalescence-mBHI-p5_S13,101638
98,G8-e003Coalescence-mGAM-p7_S173,7,1390044,F2-e003Coalescence-mBHI-p5_S13,101638
99,E4-e003Coalescence-mBHI-p3_S11,1,1489708,F2-e003Coalescence-mBHI-p5_S13,101638
100,G9-e003Coalescence-mBHI-p5_S30,11,972978,F2-e003Coalescence-mBHI-p5_S13,101638
101,E100-e003Coalescence-mGAM-p7_S151,0,1431882,F2-e003Coalescence-mBHI-p5_S13,101638
102,G9-e003Coalescence-mGAM-p3_S178,13,1118807,F2-e003Coalescence-mBHI-p5_S13,101638
103,G2-e003Coalescence-mGAM-p3_S81,0,1516772,F2-e003Coalescence-mBHI-p5_S13,101638
104,G100-e003Coalescence-mBHI-p7_S127,6,560797,F2-e003Coalescence-mBHI-p5_S13,101638
0,C9-e003Coalescence-mGAM-p3,2,712205,F2-e003Coalescence-mGAM-p3_S69,101638
1,C11-e003Coalescence-mBHI-p3,0,455308,F2-e003Coalescence-mGAM-p3_S69,101638
2,C9-e003Coalescence-mGAM-p7,0,500113,F2-e003Coalescence-mGAM-p3_S69,101638
3,C8-e003Coalescence-mGAM-p7,4,1423925,F2-e003Coalescence-mGAM-p3_S69,101638
4,D10-e003Coalescence-mBHI-p3,2,592022,F2-e003Coalescence-mGAM-p3_S69,101638
5,B2-e003Coalescence-mBHI-p3,4,640269,F2-e003Coalescence-mGAM-p3_S69,101638
6,A4-e003Coalescence-mBHI-p7,1,1046978,F2-e003Coalescence-mGAM-p3_S69,101638
7,B3-e003Coalescence-mBHI-p3,10,851498,F2-e003Coalescence-mGAM-p3_S69,101638
8,C2-e003Coalescence-mBHI-p5,3,1531728,F2-e003Coalescence-mGAM-p3_S69,101638
9,C4-e003GlycerolRevival-mBHI-p2,1,655282,F2-e003Coalescence-mGAM-p3_S69,101638
10,B2-e003Coalescence-mBHI-p5,3,1376755,F2-e003Coalescence-mGAM-p3_S69,101638
11,C4-e003Coalescence-mGAM-p7,5,1491174,F2-e003Coalescence-mGAM-p3_S69,101638
12,B10-e003Assembly-mGAM-p5,1,708824,F2-e003Coalescence-mGAM-p3_S69,101638
13,C2-e003Coalescence-mGAM-p7,3,1544636,F2-e003Coalescence-mGAM-p3_S69,101638
14,C9-e003Coalescence-mBHI-p5,1,843947,F2-e003Coalescence-mGAM-p3_S69,101638
15,C2-e003Coalescence-mBHI-p3,3,1550808,F2-e003Coalescence-mGAM-p3_S69,101638
16,C9-e003Coalescence-mBHI-p3,3,1477971,F2-e003Coalescence-mGAM-p3_S69,101638
17,D10-e003Coalescence-mGAM-p5,0,895834,F2-e003Coalescence-mGAM-p3_S69,101638
18,C2-e003Coalescence-mGAM-p3,3,1349817,F2-e003Coalescence-mGAM-p3_S69,101638
19,B10-e003Coalescence-mBHI-p5,2,751178,F2-e003Coalescence-mGAM-p3_S69,101638
20,C4-e003Coalescence-mGAM-p5,3,1406224,F2-e003Coalescence-mGAM-p3_S69,101638
21,D5-e003Coalescence-mBHI-p5,2,1486364,F2-e003Coalescence-mGAM-p3_S69,101638
22,D3-e003Assembly-mBHI-p3,4,768389,F2-e003Coalescence-mGAM-p3_S69,101638
23,C4-e003Coalescence-mGAM-p3,3,1546978,F2-e003Coalescence-mGAM-p3_S69,101638
24,D3-e003Assembly-mBHI-p5,7,1546651,F2-e003Coalescence-mGAM-p3_S69,101638
25,A10-e003Coalescence-mGAM-p3,2,1530862,F2-e003Coalescence-mGAM-p3_S69,101638
26,B2-e003Coalescence-mGAM-p3,0,442858,F2-e003Coalescence-mGAM-p3_S69,101638
27,D3-e003Coalescence-mGAM-p5,4,515212,F2-e003Coalescence-mGAM-p3_S69,101638
28,C10-e003Coalescence-mGAM-p3,3,1520946,F2-e003Coalescence-mGAM-p3_S69,101638
29,C3-e003Coalescence-Inoculumn-mGAM,0,473234,F2-e003Coalescence-mGAM-p3_S69,101638
30,D4-e003Coalescence-Inoculumn-mBHI,4,618720,F2-e003Coalescence-mGAM-p3_S69,101638
31,A4-e003Coalescence-mBHI-p5,2,958917,F2-e003Coalescence-mGAM-p3_S69,101638
32,D10-e003Coalescence-mGAM-p7,2,938266,F2-e003Coalescence-mGAM-p3_S69,101638
33,C11-e003Coalescence-mGAM-p3,1,727674,F2-e003Coalescence-mGAM-p3_S69,101638
34,C10-e003Coalescence-mBHI-p7,6,636171,F2-e003Coalescence-mGAM-p3_S69,101638
35,B10-e003Coalescence-mBHI-p3,2,1064478,F2-e003Coalescence-mGAM-p3_S69,101638
36,C11-e003Coalescence-mBHI-p5,3,1515011,F2-e003Coalescence-mGAM-p3_S69,101638
37,C2-e003Coalescence-Inoculumn-mGAM,0,514343,F2-e003Coalescence-mGAM-p3_S69,101638
38,B4-e003Coalescence-Inoculumn-mGAM,3,1527645,F2-e003Coalescence-mGAM-p3_S69,101638
39,A10-e003Coalescence-mGAM-p7,1,1119734,F2-e003Coalescence-mGAM-p3_S69,101638
40,C4-e003Coalescence-Inoculumn-mGAM,5,1354072,F2-e003Coalescence-mGAM-p3_S69,101638
41,B10-e003Assembly-mGAM-p3,3,526228,F2-e003Coalescence-mGAM-p3_S69,101638
42,D10-e003Coalescence-mBHI-p7,2,560357,F2-e003Coalescence-mGAM-p3_S69,101638
43,B10-e003GlycerolRevival-mGAM-p2,3,912883,F2-e003Coalescence-mGAM-p3_S69,101638
44,C10-e003Coalescence-mGAM-p5,2,1544682,F2-e003Coalescence-mGAM-p3_S69,101638
45,A3-e003Coalescence-mBHI-p3,2,444927,F2-e003Coalescence-mGAM-p3_S69,101638
46,A4-e003Coalescence-mBHI-p3,1,1204293,F2-e003Coalescence-mGAM-p3_S69,101638
47,C9-e003Coalescence-mGAM-p5,3,810866,F2-e003Coalescence-mGAM-p3_S69,101638
48,C2-e003Coalescence-mGAM-p5,4,1502257,F2-e003Coalescence-mGAM-p3_S69,101638
49,C8-e003Coalescence-mBHI-p5,8,1338159,F2-e003Coalescence-mGAM-p3_S69,101638
50,B4-e003Coalescence-Inoculumn-mBHI,7,563867,F2-e003Coalescence-mGAM-p3_S69,101638
51,C5-e003Coalescence-Inoculumn-mGAM,2,1530071,F2-e003Coalescence-mGAM-p3_S69,101638
52,C4-e003Coalescence-mBHI-p5,6,881699,F2-e003Coalescence-mGAM-p3_S69,101638
53,A4-e003Coalescence-Inoculumn-mGAM,4,1506279,F2-e003Coalescence-mGAM-p3_S69,101638
54,C2-e003Coalescence-mBHI-p7,2,569461,F2-e003Coalescence-mGAM-p3_S69,101638
55,C10-e003Coalescence-mGAM-p7,3,1547140,F2-e003Coalescence-mGAM-p3_S69,101638
56,C10-e003Coalescence-mBHI-p3,3,1524472,F2-e003Coalescence-mGAM-p3_S69,101638
57,H4-e003Coalescence-mGAM-p7_S183,1,991821,F2-e003Coalescence-mGAM-p3_S69,101638
58,F5-e003Coalescence-mGAM-p5_S64,0,468781,F2-e003Coalescence-mGAM-p3_S69,101638
59,F100-e003Coalescence-mGAM-p7_S163,0,1155108,F2-e003Coalescence-mGAM-p3_S69,101638
60,E3-e003Coalescence-mGAM-p3_S58,2,516408,F2-e003Coalescence-mGAM-p3_S69,101638
61,G4-e003Coalescence-mBHI-p5_S27,3,878137,F2-e003Coalescence-mGAM-p3_S69,101638
62,G2-e003Coalescence-mBHI-p3_S33,1,1521290,F2-e003Coalescence-mGAM-p3_S69,101638
63,G100-e003Coalescence-mGAM-p3_S179,4,1153539,F2-e003Coalescence-mGAM-p3_S69,101638
64,G111-e003Coalescence-mBHI-p5_S32,0,1154220,F2-e003Coalescence-mGAM-p3_S69,101638
65,E3-e003Coalescence-mBHI-p3_S10,0,711439,F2-e003Coalescence-mGAM-p3_S69,101638
66,F2-e003Coalescence-mGAM-p7_S157,0,556375,F2-e003Coalescence-mGAM-p3_S69,101638
67,E100-e003Coalescence-mGAM-p3_S155,2,1461251,F2-e003Coalescence-mGAM-p3_S69,101638
68,E3-e003Coalescence-mGAM-p5_S50,1,1371172,F2-e003Coalescence-mGAM-p3_S69,101638
69,H100-e003Coalescence-mBHI-p5_S43,1,925751,F2-e003Coalescence-mGAM-p3_S69,101638
70,F2-e003Coalescence-mGAM-p5_S61,2,1281223,F2-e003Coalescence-mGAM-p3_S69,101638
71,G100-e003Coalescence-mBHI-p5_S31,1,829979,F2-e003Coalescence-mGAM-p3_S69,101638
72,G4-e003Coalescence-mBHI-p3_S35,6,474244,F2-e003Coalescence-mGAM-p3_S69,101638
73,E4-e003Coalescence-mBHI-p5_S3,3,1426946,F2-e003Coalescence-mGAM-p3_S69,101638
74,E4-e003Coalescence-mGAM-p5_S51,0,579225,F2-e003Coalescence-mGAM-p3_S69,101638
75,G9-e003Coalescence-mGAM-p7_S174,1,622414,F2-e003Coalescence-mGAM-p3_S69,101638
76,E8-e003Coalescence-mGAM-p3_S153,1,1489557,F2-e003Coalescence-mGAM-p3_S69,101638
77,G100-e003Coalescence-mGAM-p7_S175,2,673821,F2-e003Coalescence-mGAM-p3_S69,101638
78,G3-e003Coalescence-mBHI-p7_S122,0,531581,F2-e003Coalescence-mGAM-p3_S69,101638
79,G4-e003Coalescence-mGAM-p5_S75,1,1533148,F2-e003Coalescence-mGAM-p3_S69,101638
80,G8-e003Coalescence-mBHI-p3_S129,0,840340,F2-e003Coalescence-mGAM-p3_S69,101638
81,G2-e003Coalescence-mGAM-p5_S73,1,1525280,F2-e003Coalescence-mGAM-p3_S69,101638
82,E100-e003Coalescence-mGAM-p5_S55,1,1291155,F2-e003Coalescence-mGAM-p3_S69,101638
83,G4-e003Coalescence-mGAM-p3_S83,1,1536688,F2-e003Coalescence-mGAM-p3_S69,101638
84,F4-e003Coalescence-mBHI-p7_S111,2,477586,F2-e003Coalescence-mGAM-p3_S69,101638
85,G4-e003Coalescence-mGAM-p7_S171,1,1471075,F2-e003Coalescence-mGAM-p3_S69,101638
86,F100-e003Coalescence-mBHI-p7_S115,4,1350695,F2-e003Coalescence-mGAM-p3_S69,101638
87,E3-e003Coalescence-mGAM-p7_S146,1,1297929,F2-e003Coalescence-mGAM-p3_S69,101638
88,E3-e003Coalescence-mBHI-p5_S2,0,758841,F2-e003Coalescence-mGAM-p3_S69,101638
89,G2-e003Coalescence-mBHI-p7_S121,4,1251923,F2-e003Coalescence-mGAM-p3_S69,101638
90,F2-e003Coalescence-mBHI-p5_S13,2,1483168,F2-e003Coalescence-mGAM-p3_S69,101638
91,F2-e003Coalescence-mGAM-p3_S69,0,1044013,F2-e003Coalescence-mGAM-p3_S69,101638
92,G100-e003Coalescence-mGAM-p5_S79,1,1518875,F2-e003Coalescence-mGAM-p3_S69,101638
93,E4-e003Coalescence-mGAM-p7_S147,1,1030477,F2-e003Coalescence-mGAM-p3_S69,101638
94,E4-e003Coalescence-mGAM-p3_S59,1,1512400,F2-e003Coalescence-mGAM-p3_S69,101638
95,H100-e003Coalescence-mBHI-p7_S139,1,1461470,F2-e003Coalescence-mGAM-p3_S69,101638
96,G8-e003Coalescence-mBHI-p5_S29,6,757680,F2-e003Coalescence-mGAM-p3_S69,101638
97,G2-e003Coalescence-mBHI-p5_S25,1,1534425,F2-e003Coalescence-mGAM-p3_S69,101638
98,G8-e003Coalescence-mGAM-p7_S173,4,1390044,F2-e003Coalescence-mGAM-p3_S69,101638
99,E4-e003Coalescence-mBHI-p3_S11,1,1489708,F2-e003Coalescence-mGAM-p3_S69,101638
100,G9-e003Coalescence-mBHI-p5_S30,2,972978,F2-e003Coalescence-mGAM-p3_S69,101638
101,E100-e003Coalescence-mGAM-p7_S151,1,1431882,F2-e003Coalescence-mGAM-p3_S69,101638
102,G9-e003Coalescence-mGAM-p3_S178,0,1118807,F2-e003Coalescence-mGAM-p3_S69,101638
103,G2-e003Coalescence-mGAM-p3_S81,1,1516772,F2-e003Coalescence-mGAM-p3_S69,101638
104,G100-e003Coalescence-mBHI-p7_S127,1,560797,F2-e003Coalescence-mGAM-p3_S69,101638
0,C9-e003Coalescence-mGAM-p3,4,712205,G100-e003Coalescence-mGAM-p5_S79,101638
1,C11-e003Coalescence-mBHI-p3,0,455308,G100-e003Coalescence-mGAM-p5_S79,101638
2,C9-e003Coalescence-mGAM-p7,0,500113,G100-e003Coalescence-mGAM-p5_S79,101638
3,C8-e003Coalescence-mGAM-p7,6,1423925,G100-e003Coalescence-mGAM-p5_S79,101638
4,D10-e003Coalescence-mBHI-p3,5,592022,G100-e003Coalescence-mGAM-p5_S79,101638
5,B2-e003Coalescence-mBHI-p3,3,640269,G100-e003Coalescence-mGAM-p5_S79,101638
6,A4-e003Coalescence-mBHI-p7,6,1046978,G100-e003Coalescence-mGAM-p5_S79,101638
7,B3-e003Coalescence-mBHI-p3,33,851498,G100-e003Coalescence-mGAM-p5_S79,101638
8,C2-e003Coalescence-mBHI-p5,9,1531728,G100-e003Coalescence-mGAM-p5_S79,101638
9,C4-e003GlycerolRevival-mBHI-p2,3,655282,G100-e003Coalescence-mGAM-p5_S79,101638
10,B2-e003Coalescence-mBHI-p5,12,1376755,G100-e003Coalescence-mGAM-p5_S79,101638
11,C4-e003Coalescence-mGAM-p7,6,1491174,G100-e003Coalescence-mGAM-p5_S79,101638
12,B10-e003Assembly-mGAM-p5,1,708824,G100-e003Coalescence-mGAM-p5_S79,101638
13,C2-e003Coalescence-mGAM-p7,6,1544636,G100-e003Coalescence-mGAM-p5_S79,101638
14,C9-e003Coalescence-mBHI-p5,5,843947,G100-e003Coalescence-mGAM-p5_S79,101638
15,C2-e003Coalescence-mBHI-p3,9,1550808,G100-e003Coalescence-mGAM-p5_S79,101638
16,C9-e003Coalescence-mBHI-p3,8,1477971,G100-e003Coalescence-mGAM-p5_S79,101638
17,D10-e003Coalescence-mGAM-p5,7,895834,G100-e003Coalescence-mGAM-p5_S79,101638
18,C2-e003Coalescence-mGAM-p3,6,1349817,G100-e003Coalescence-mGAM-p5_S79,101638
19,B10-e003Coalescence-mBHI-p5,6,751178,G100-e003Coalescence-mGAM-p5_S79,101638
20,C4-e003Coalescence-mGAM-p5,5,1406224,G100-e003Coalescence-mGAM-p5_S79,101638
21,D5-e003Coalescence-mBHI-p5,6,1486364,G100-e003Coalescence-mGAM-p5_S79,101638
22,D3-e003Assembly-mBHI-p3,5,768389,G100-e003Coalescence-mGAM-p5_S79,101638
23,C4-e003Coalescence-mGAM-p3,6,1546978,G100-e003Coalescence-mGAM-p5_S79,101638
24,D3-e003Assembly-mBHI-p5,10,1546651,G100-e003Coalescence-mGAM-p5_S79,101638
25,A10-e003Coalescence-mGAM-p3,8,1530862,G100-e003Coalescence-mGAM-p5_S79,101638
26,B2-e003Coalescence-mGAM-p3,4,442858,G100-e003Coalescence-mGAM-p5_S79,101638
27,D3-e003Coalescence-mGAM-p5,5,515212,G100-e003Coalescence-mGAM-p5_S79,101638
28,C10-e003Coalescence-mGAM-p3,5,1520946,G100-e003Coalescence-mGAM-p5_S79,101638
29,C3-e003Coalescence-Inoculumn-mGAM,1,473234,G100-e003Coalescence-mGAM-p5_S79,101638
30,D4-e003Coalescence-Inoculumn-mBHI,6,618720,G100-e003Coalescence-mGAM-p5_S79,101638
31,A4-e003Coalescence-mBHI-p5,6,958917,G100-e003Coalescence-mGAM-p5_S79,101638
32,D10-e003Coalescence-mGAM-p7,2,938266,G100-e003Coalescence-mGAM-p5_S79,101638
33,C11-e003Coalescence-mGAM-p3,3,727674,G100-e003Coalescence-mGAM-p5_S79,101638
34,C10-e003Coalescence-mBHI-p7,20,636171,G100-e003Coalescence-mGAM-p5_S79,101638
35,B10-e003Coalescence-mBHI-p3,3,1064478,G100-e003Coalescence-mGAM-p5_S79,101638
36,C11-e003Coalescence-mBHI-p5,7,1515011,G100-e003Coalescence-mGAM-p5_S79,101638
37,C2-e003Coalescence-Inoculumn-mGAM,2,514343,G100-e003Coalescence-mGAM-p5_S79,101638
38,B4-e003Coalescence-Inoculumn-mGAM,8,1527645,G100-e003Coalescence-mGAM-p5_S79,101638
39,A10-e003Coalescence-mGAM-p7,5,1119734,G100-e003Coalescence-mGAM-p5_S79,101638
40,C4-e003Coalescence-Inoculumn-mGAM,5,1354072,G100-e003Coalescence-mGAM-p5_S79,101638
41,B10-e003Assembly-mGAM-p3,0,526228,G100-e003Coalescence-mGAM-p5_S79,101638
42,D10-e003Coalescence-mBHI-p7,2,560357,G100-e003Coalescence-mGAM-p5_S79,101638
43,B10-e003GlycerolRevival-mGAM-p2,1,912883,G100-e003Coalescence-mGAM-p5_S79,101638
44,C10-e003Coalescence-mGAM-p5,4,1544682,G100-e003Coalescence-mGAM-p5_S79,101638
45,A3-e003Coalescence-mBHI-p3,8,444927,G100-e003Coalescence-mGAM-p5_S79,101638
46,A4-e003Coalescence-mBHI-p3,8,1204293,G100-e003Coalescence-mGAM-p5_S79,101638
47,C9-e003Coalescence-mGAM-p5,3,810866,G100-e003Coalescence-mGAM-p5_S79,101638
48,C2-e003Coalescence-mGAM-p5,9,1502257,G100-e003Coalescence-mGAM-p5_S79,101638
49,C8-e003Coalescence-mBHI-p5,18,1338159,G100-e003Coalescence-mGAM-p5_S79,101638
50,B4-e003Coalescence-Inoculumn-mBHI,11,563867,G100-e003Coalescence-mGAM-p5_S79,101638
51,C5-e003Coalescence-Inoculumn-mGAM,6,1530071,G100-e003Coalescence-mGAM-p5_S79,101638
52,C4-e003Coalescence-mBHI-p5,15,881699,G100-e003Coalescence-mGAM-p5_S79,101638
53,A4-e003Coalescence-Inoculumn-mGAM,9,1506279,G100-e003Coalescence-mGAM-p5_S79,101638
54,C2-e003Coalescence-mBHI-p7,2,569461,G100-e003Coalescence-mGAM-p5_S79,101638
55,C10-e003Coalescence-mGAM-p7,6,1547140,G100-e003Coalescence-mGAM-p5_S79,101638
56,C10-e003Coalescence-mBHI-p3,7,1524472,G100-e003Coalescence-mGAM-p5_S79,101638
57,H4-e003Coalescence-mGAM-p7_S183,4,991821,G100-e003Coalescence-mGAM-p5_S79,101638
58,F5-e003Coalescence-mGAM-p5_S64,2,468781,G100-e003Coalescence-mGAM-p5_S79,101638
59,F100-e003Coalescence-mGAM-p7_S163,4,1155108,G100-e003Coalescence-mGAM-p5_S79,101638
60,E3-e003Coalescence-mGAM-p3_S58,3,516408,G100-e003Coalescence-mGAM-p5_S79,101638
61,G4-e003Coalescence-mBHI-p5_S27,5,878137,G100-e003Coalescence-mGAM-p5_S79,101638
62,G2-e003Coalescence-mBHI-p3_S33,7,1521290,G100-e003Coalescence-mGAM-p5_S79,101638
63,G100-e003Coalescence-mGAM-p3_S179,1,1153539,G100-e003Coalescence-mGAM-p5_S79,101638
64,G111-e003Coalescence-mBHI-p5_S32,7,1154220,G100-e003Coalescence-mGAM-p5_S79,101638
65,E3-e003Coalescence-mBHI-p3_S10,1,711439,G100-e003Coalescence-mGAM-p5_S79,101638
66,F2-e003Coalescence-mGAM-p7_S157,2,556375,G100-e003Coalescence-mGAM-p5_S79,101638
67,E100-e003Coalescence-mGAM-p3_S155,5,1461251,G100-e003Coalescence-mGAM-p5_S79,101638
68,E3-e003Coalescence-mGAM-p5_S50,4,1371172,G100-e003Coalescence-mGAM-p5_S79,101638
69,H100-e003Coalescence-mBHI-p5_S43,3,925751,G100-e003Coalescence-mGAM-p5_S79,101638
70,F2-e003Coalescence-mGAM-p5_S61,4,1281223,G100-e003Coalescence-mGAM-p5_S79,101638
71,G100-e003Coalescence-mBHI-p5_S31,2,829979,G100-e003Coalescence-mGAM-p5_S79,101638
72,G4-e003Coalescence-mBHI-p3_S35,7,474244,G100-e003Coalescence-mGAM-p5_S79,101638
73,E4-e003Coalescence-mBHI-p5_S3,7,1426946,G100-e003Coalescence-mGAM-p5_S79,101638
74,E4-e003Coalescence-mGAM-p5_S51,1,579225,G100-e003Coalescence-mGAM-p5_S79,101638
75,G9-e003Coalescence-mGAM-p7_S174,1,622414,G100-e003Coalescence-mGAM-p5_S79,101638
76,E8-e003Coalescence-mGAM-p3_S153,4,1489557,G100-e003Coalescence-mGAM-p5_S79,101638
77,G100-e003Coalescence-mGAM-p7_S175,2,673821,G100-e003Coalescence-mGAM-p5_S79,101638
78,G3-e003Coalescence-mBHI-p7_S122,2,531581,G100-e003Coalescence-mGAM-p5_S79,101638
79,G4-e003Coalescence-mGAM-p5_S75,4,1533148,G100-e003Coalescence-mGAM-p5_S79,101638
80,G8-e003Coalescence-mBHI-p3_S129,2,840340,G100-e003Coalescence-mGAM-p5_S79,101638
81,G2-e003Coalescence-mGAM-p5_S73,7,1525280,G100-e003Coalescence-mGAM-p5_S79,101638
82,E100-e003Coalescence-mGAM-p5_S55,2,1291155,G100-e003Coalescence-mGAM-p5_S79,101638
83,G4-e003Coalescence-mGAM-p3_S83,4,1536688,G100-e003Coalescence-mGAM-p5_S79,101638
84,F4-e003Coalescence-mBHI-p7_S111,6,477586,G100-e003Coalescence-mGAM-p5_S79,101638
85,G4-e003Coalescence-mGAM-p7_S171,4,1471075,G100-e003Coalescence-mGAM-p5_S79,101638
86,F100-e003Coalescence-mBHI-p7_S115,3,1350695,G100-e003Coalescence-mGAM-p5_S79,101638
87,E3-e003Coalescence-mGAM-p7_S146,2,1297929,G100-e003Coalescence-mGAM-p5_S79,101638
88,E3-e003Coalescence-mBHI-p5_S2,0,758841,G100-e003Coalescence-mGAM-p5_S79,101638
89,G2-e003Coalescence-mBHI-p7_S121,3,1251923,G100-e003Coalescence-mGAM-p5_S79,101638
90,F2-e003Coalescence-mBHI-p5_S13,6,1483168,G100-e003Coalescence-mGAM-p5_S79,101638
91,F2-e003Coalescence-mGAM-p3_S69,0,1044013,G100-e003Coalescence-mGAM-p5_S79,101638
92,G100-e003Coalescence-mGAM-p5_S79,0,1518875,G100-e003Coalescence-mGAM-p5_S79,101638
93,E4-e003Coalescence-mGAM-p7_S147,2,1030477,G100-e003Coalescence-mGAM-p5_S79,101638
94,E4-e003Coalescence-mGAM-p3_S59,3,1512400,G100-e003Coalescence-mGAM-p5_S79,101638
95,H100-e003Coalescence-mBHI-p7_S139,6,1461470,G100-e003Coalescence-mGAM-p5_S79,101638
96,G8-e003Coalescence-mBHI-p5_S29,9,757680,G100-e003Coalescence-mGAM-p5_S79,101638
97,G2-e003Coalescence-mBHI-p5_S25,5,1534425,G100-e003Coalescence-mGAM-p5_S79,101638
98,G8-e003Coalescence-mGAM-p7_S173,4,1390044,G100-e003Coalescence-mGAM-p5_S79,101638
99,E4-e003Coalescence-mBHI-p3_S11,5,1489708,G100-e003Coalescence-mGAM-p5_S79,101638
100,G9-e003Coalescence-mBHI-p5_S30,4,972978,G100-e003Coalescence-mGAM-p5_S79,101638
101,E100-e003Coalescence-mGAM-p7_S151,6,1431882,G100-e003Coalescence-mGAM-p5_S79,101638
102,G9-e003Coalescence-mGAM-p3_S178,4,1118807,G100-e003Coalescence-mGAM-p5_S79,101638
103,G2-e003Coalescence-mGAM-p3_S81,7,1516772,G100-e003Coalescence-mGAM-p5_S79,101638
104,G100-e003Coalescence-mBHI-p7_S127,1,560797,G100-e003Coalescence-mGAM-p5_S79,101638
0,C9-e003Coalescence-mGAM-p3,6,712205,E4-e003Coalescence-mGAM-p7_S147,101638
1,C11-e003Coalescence-mBHI-p3,1,455308,E4-e003Coalescence-mGAM-p7_S147,101638
2,C9-e003Coalescence-mGAM-p7,0,500113,E4-e003Coalescence-mGAM-p7_S147,101638
3,C8-e003Coalescence-mGAM-p7,6,1423925,E4-e003Coalescence-mGAM-p7_S147,101638
4,D10-e003Coalescence-mBHI-p3,9,592022,E4-e003Coalescence-mGAM-p7_S147,101638
5,B2-e003Coalescence-mBHI-p3,6,640269,E4-e003Coalescence-mGAM-p7_S147,101638
6,A4-e003Coalescence-mBHI-p7,3,1046978,E4-e003Coalescence-mGAM-p7_S147,101638
7,B3-e003Coalescence-mBHI-p3,9,851498,E4-e003Coalescence-mGAM-p7_S147,101638
8,C2-e003Coalescence-mBHI-p5,5,1531728,E4-e003Coalescence-mGAM-p7_S147,101638
9,C4-e003GlycerolRevival-mBHI-p2,7,655282,E4-e003Coalescence-mGAM-p7_S147,101638
10,B2-e003Coalescence-mBHI-p5,5,1376755,E4-e003Coalescence-mGAM-p7_S147,101638
11,C4-e003Coalescence-mGAM-p7,5,1491174,E4-e003Coalescence-mGAM-p7_S147,101638
12,B10-e003Assembly-mGAM-p5,3,708824,E4-e003Coalescence-mGAM-p7_S147,101638
13,C2-e003Coalescence-mGAM-p7,5,1544636,E4-e003Coalescence-mGAM-p7_S147,101638
14,C9-e003Coalescence-mBHI-p5,10,843947,E4-e003Coalescence-mGAM-p7_S147,101638
15,C2-e003Coalescence-mBHI-p3,5,1550808,E4-e003Coalescence-mGAM-p7_S147,101638
16,C9-e003Coalescence-mBHI-p3,13,1477971,E4-e003Coalescence-mGAM-p7_S147,101638
17,D10-e003Coalescence-mGAM-p5,11,895834,E4-e003Coalescence-mGAM-p7_S147,101638
18,C2-e003Coalescence-mGAM-p3,5,1349817,E4-e003Coalescence-mGAM-p7_S147,101638
19,B10-e003Coalescence-mBHI-p5,1,751178,E4-e003Coalescence-mGAM-p7_S147,101638
20,C4-e003Coalescence-mGAM-p5,5,1406224,E4-e003Coalescence-mGAM-p7_S147,101638
21,D5-e003Coalescence-mBHI-p5,5,1486364,E4-e003Coalescence-mGAM-p7_S147,101638
22,D3-e003Assembly-mBHI-p3,9,768389,E4-e003Coalescence-mGAM-p7_S147,101638
23,C4-e003Coalescence-mGAM-p3,5,1546978,E4-e003Coalescence-mGAM-p7_S147,101638
24,D3-e003Assembly-mBHI-p5,12,1546651,E4-e003Coalescence-mGAM-p7_S147,101638
25,A10-e003Coalescence-mGAM-p3,6,1530862,E4-e003Coalescence-mGAM-p7_S147,101638
26,B2-e003Coalescence-mGAM-p3,4,442858,E4-e003Coalescence-mGAM-p7_S147,101638
27,D3-e003Coalescence-mGAM-p5,3,515212,E4-e003Coalescence-mGAM-p7_S147,101638
28,C10-e003Coalescence-mGAM-p3,5,1520946,E4-e003Coalescence-mGAM-p7_S147,101638
29,C3-e003Coalescence-Inoculumn-mGAM,3,473234,E4-e003Coalescence-mGAM-p7_S147,101638
30,D4-e003Coalescence-Inoculumn-mBHI,2,618720,E4-e003Coalescence-mGAM-p7_S147,101638
31,A4-e003Coalescence-mBHI-p5,0,958917,E4-e003Coalescence-mGAM-p7_S147,101638
32,D10-e003Coalescence-mGAM-p7,3,938266,E4-e003Coalescence-mGAM-p7_S147,101638
33,C11-e003Coalescence-mGAM-p3,11,727674,E4-e003Coalescence-mGAM-p7_S147,101638
34,C10-e003Coalescence-mBHI-p7,16,636171,E4-e003Coalescence-mGAM-p7_S147,101638
35,B10-e003Coalescence-mBHI-p3,2,1064478,E4-e003Coalescence-mGAM-p7_S147,101638
36,C11-e003Coalescence-mBHI-p5,2,1515011,E4-e003Coalescence-mGAM-p7_S147,101638
37,C2-e003Coalescence-Inoculumn-mGAM,0,514343,E4-e003Coalescence-mGAM-p7_S147,101638
38,B4-e003Coalescence-Inoculumn-mGAM,12,1527645,E4-e003Coalescence-mGAM-p7_S147,101638
39,A10-e003Coalescence-mGAM-p7,4,1119734,E4-e003Coalescence-mGAM-p7_S147,101638
40,C4-e003Coalescence-Inoculumn-mGAM,5,1354072,E4-e003Coalescence-mGAM-p7_S147,101638
41,B10-e003Assembly-mGAM-p3,5,526228,E4-e003Coalescence-mGAM-p7_S147,101638
42,D10-e003Coalescence-mBHI-p7,1,560357,E4-e003Coalescence-mGAM-p7_S147,101638
43,B10-e003GlycerolRevival-mGAM-p2,3,912883,E4-e003Coalescence-mGAM-p7_S147,101638
44,C10-e003Coalescence-mGAM-p5,6,1544682,E4-e003Coalescence-mGAM-p7_S147,101638
45,A3-e003Coalescence-mBHI-p3,3,444927,E4-e003Coalescence-mGAM-p7_S147,101638
46,A4-e003Coalescence-mBHI-p3,2,1204293,E4-e003Coalescence-mGAM-p7_S147,101638
47,C9-e003Coalescence-mGAM-p5,7,810866,E4-e003Coalescence-mGAM-p7_S147,101638
48,C2-e003Coalescence-mGAM-p5,5,1502257,E4-e003Coalescence-mGAM-p7_S147,101638
49,C8-e003Coalescence-mBHI-p5,12,1338159,E4-e003Coalescence-mGAM-p7_S147,101638
50,B4-e003Coalescence-Inoculumn-mBHI,2,563867,E4-e003Coalescence-mGAM-p7_S147,101638
51,C5-e003Coalescence-Inoculumn-mGAM,5,1530071,E4-e003Coalescence-mGAM-p7_S147,101638
52,C4-e003Coalescence-mBHI-p5,8,881699,E4-e003Coalescence-mGAM-p7_S147,101638
53,A4-e003Coalescence-Inoculumn-mGAM,5,1506279,E4-e003Coalescence-mGAM-p7_S147,101638
54,C2-e003Coalescence-mBHI-p7,2,569461,E4-e003Coalescence-mGAM-p7_S147,101638
55,C10-e003Coalescence-mGAM-p7,5,1547140,E4-e003Coalescence-mGAM-p7_S147,101638
56,C10-e003Coalescence-mBHI-p3,9,1524472,E4-e003Coalescence-mGAM-p7_S147,101638
57,H4-e003Coalescence-mGAM-p7_S183,0,991821,E4-e003Coalescence-mGAM-p7_S147,101638
58,F5-e003Coalescence-mGAM-p5_S64,0,468781,E4-e003Coalescence-mGAM-p7_S147,101638
59,F100-e003Coalescence-mGAM-p7_S163,8,1155108,E4-e003Coalescence-mGAM-p7_S147,101638
60,E3-e003Coalescence-mGAM-p3_S58,1,516408,E4-e003Coalescence-mGAM-p7_S147,101638
61,G4-e003Coalescence-mBHI-p5_S27,6,878137,E4-e003Coalescence-mGAM-p7_S147,101638
62,G2-e003Coalescence-mBHI-p3_S33,1,1521290,E4-e003Coalescence-mGAM-p7_S147,101638
63,G100-e003Coalescence-mGAM-p3_S179,0,1153539,E4-e003Coalescence-mGAM-p7_S147,101638
64,G111-e003Coalescence-mBHI-p5_S32,8,1154220,E4-e003Coalescence-mGAM-p7_S147,101638
65,E3-e003Coalescence-mBHI-p3_S10,0,711439,E4-e003Coalescence-mGAM-p7_S147,101638
66,F2-e003Coalescence-mGAM-p7_S157,2,556375,E4-e003Coalescence-mGAM-p7_S147,101638
67,E100-e003Coalescence-mGAM-p3_S155,2,1461251,E4-e003Coalescence-mGAM-p7_S147,101638
68,E3-e003Coalescence-mGAM-p5_S50,1,1371172,E4-e003Coalescence-mGAM-p7_S147,101638
69,H100-e003Coalescence-mBHI-p5_S43,12,925751,E4-e003Coalescence-mGAM-p7_S147,101638
70,F2-e003Coalescence-mGAM-p5_S61,0,1281223,E4-e003Coalescence-mGAM-p7_S147,101638
71,G100-e003Coalescence-mBHI-p5_S31,1,829979,E4-e003Coalescence-mGAM-p7_S147,101638
72,G4-e003Coalescence-mBHI-p3_S35,5,474244,E4-e003Coalescence-mGAM-p7_S147,101638
73,E4-e003Coalescence-mBHI-p5_S3,0,1426946,E4-e003Coalescence-mGAM-p7_S147,101638
74,E4-e003Coalescence-mGAM-p5_S51,0,579225,E4-e003Coalescence-mGAM-p7_S147,101638
75,G9-e003Coalescence-mGAM-p7_S174,4,622414,E4-e003Coalescence-mGAM-p7_S147,101638
76,E8-e003Coalescence-mGAM-p3_S153,1,1489557,E4-e003Coalescence-mGAM-p7_S147,101638
77,G100-e003Coalescence-mGAM-p7_S175,1,673821,E4-e003Coalescence-mGAM-p7_S147,101638
78,G3-e003Coalescence-mBHI-p7_S122,7,531581,E4-e003Coalescence-mGAM-p7_S147,101638
79,G4-e003Coalescence-mGAM-p5_S75,0,1533148,E4-e003Coalescence-mGAM-p7_S147,101638
80,G8-e003Coalescence-mBHI-p3_S129,0,840340,E4-e003Coalescence-mGAM-p7_S147,101638
81,G2-e003Coalescence-mGAM-p5_S73,1,1525280,E4-e003Coalescence-mGAM-p7_S147,101638
82,E100-e003Coalescence-mGAM-p5_S55,1,1291155,E4-e003Coalescence-mGAM-p7_S147,101638
83,G4-e003Coalescence-mGAM-p3_S83,0,1536688,E4-e003Coalescence-mGAM-p7_S147,101638
84,F4-e003Coalescence-mBHI-p7_S111,7,477586,E4-e003Coalescence-mGAM-p7_S147,101638
85,G4-e003Coalescence-mGAM-p7_S171,0,1471075,E4-e003Coalescence-mGAM-p7_S147,101638
86,F100-e003Coalescence-mBHI-p7_S115,9,1350695,E4-e003Coalescence-mGAM-p7_S147,101638
87,E3-e003Coalescence-mGAM-p7_S146,1,1297929,E4-e003Coalescence-mGAM-p7_S147,101638
88,E3-e003Coalescence-mBHI-p5_S2,0,758841,E4-e003Coalescence-mGAM-p7_S147,101638
89,G2-e003Coalescence-mBHI-p7_S121,0,1251923,E4-e003Coalescence-mGAM-p7_S147,101638
90,F2-e003Coalescence-mBHI-p5_S13,2,1483168,E4-e003Coalescence-mGAM-p7_S147,101638
91,F2-e003Coalescence-mGAM-p3_S69,1,1044013,E4-e003Coalescence-mGAM-p7_S147,101638
92,G100-e003Coalescence-mGAM-p5_S79,1,1518875,E4-e003Coalescence-mGAM-p7_S147,101638
93,E4-e003Coalescence-mGAM-p7_S147,0,1030477,E4-e003Coalescence-mGAM-p7_S147,101638
94,E4-e003Coalescence-mGAM-p3_S59,0,1512400,E4-e003Coalescence-mGAM-p7_S147,101638
95,H100-e003Coalescence-mBHI-p7_S139,8,1461470,E4-e003Coalescence-mGAM-p7_S147,101638
96,G8-e003Coalescence-mBHI-p5_S29,5,757680,E4-e003Coalescence-mGAM-p7_S147,101638
97,G2-e003Coalescence-mBHI-p5_S25,0,1534425,E4-e003Coalescence-mGAM-p7_S147,101638
98,G8-e003Coalescence-mGAM-p7_S173,6,1390044,E4-e003Coalescence-mGAM-p7_S147,101638
99,E4-e003Coalescence-mBHI-p3_S11,1,1489708,E4-e003Coalescence-mGAM-p7_S147,101638
100,G9-e003Coalescence-mBHI-p5_S30,9,972978,E4-e003Coalescence-mGAM-p7_S147,101638
101,E100-e003Coalescence-mGAM-p7_S151,0,1431882,E4-e003Coalescence-mGAM-p7_S147,101638
102,G9-e003Coalescence-mGAM-p3_S178,7,1118807,E4-e003Coalescence-mGAM-p7_S147,101638
103,G2-e003Coalescence-mGAM-p3_S81,1,1516772,E4-e003Coalescence-mGAM-p7_S147,101638
104,G100-e003Coalescence-mBHI-p7_S127,5,560797,E4-e003Coalescence-mGAM-p7_S147,101638
0,C9-e003Coalescence-mGAM-p3,8,712205,E4-e003Coalescence-mGAM-p3_S59,101638
1,C11-e003Coalescence-mBHI-p3,4,455308,E4-e003Coalescence-mGAM-p3_S59,101638
2,C9-e003Coalescence-mGAM-p7,14,500113,E4-e003Coalescence-mGAM-p3_S59,101638
3,C8-e003Coalescence-mGAM-p7,8,1423925,E4-e003Coalescence-mGAM-p3_S59,101638
4,D10-e003Coalescence-mBHI-p3,13,592022,E4-e003Coalescence-mGAM-p3_S59,101638
5,B2-e003Coalescence-mBHI-p3,12,640269,E4-e003Coalescence-mGAM-p3_S59,101638
6,A4-e003Coalescence-mBHI-p7,5,1046978,E4-e003Coalescence-mGAM-p3_S59,101638
7,B3-e003Coalescence-mBHI-p3,31,851498,E4-e003Coalescence-mGAM-p3_S59,101638
8,C2-e003Coalescence-mBHI-p5,9,1531728,E4-e003Coalescence-mGAM-p3_S59,101638
9,C4-e003GlycerolRevival-mBHI-p2,8,655282,E4-e003Coalescence-mGAM-p3_S59,101638
10,B2-e003Coalescence-mBHI-p5,13,1376755,E4-e003Coalescence-mGAM-p3_S59,101638
11,C4-e003Coalescence-mGAM-p7,9,1491174,E4-e003Coalescence-mGAM-p3_S59,101638
12,B10-e003Assembly-mGAM-p5,3,708824,E4-e003Coalescence-mGAM-p3_S59,101638
13,C2-e003Coalescence-mGAM-p7,9,1544636,E4-e003Coalescence-mGAM-p3_S59,101638
14,C9-e003Coalescence-mBHI-p5,16,843947,E4-e003Coalescence-mGAM-p3_S59,101638
15,C2-e003Coalescence-mBHI-p3,10,1550808,E4-e003Coalescence-mGAM-p3_S59,101638
16,C9-e003Coalescence-mBHI-p3,26,1477971,E4-e003Coalescence-mGAM-p3_S59,101638
17,D10-e003Coalescence-mGAM-p5,15,895834,E4-e003Coalescence-mGAM-p3_S59,101638
18,C2-e003Coalescence-mGAM-p3,9,1349817,E4-e003Coalescence-mGAM-p3_S59,101638
19,B10-e003Coalescence-mBHI-p5,17,751178,E4-e003Coalescence-mGAM-p3_S59,101638
20,C4-e003Coalescence-mGAM-p5,9,1406224,E4-e003Coalescence-mGAM-p3_S59,101638
21,D5-e003Coalescence-mBHI-p5,6,1486364,E4-e003Coalescence-mGAM-p3_S59,101638
22,D3-e003Assembly-mBHI-p3,18,768389,E4-e003Coalescence-mGAM-p3_S59,101638
23,C4-e003Coalescence-mGAM-p3,10,1546978,E4-e003Coalescence-mGAM-p3_S59,101638
24,D3-e003Assembly-mBHI-p5,21,1546651,E4-e003Coalescence-mGAM-p3_S59,101638
25,A10-e003Coalescence-mGAM-p3,9,1530862,E4-e003Coalescence-mGAM-p3_S59,101638
26,B2-e003Coalescence-mGAM-p3,3,442858,E4-e003Coalescence-mGAM-p3_S59,101638
27,D3-e003Coalescence-mGAM-p5,10,515212,E4-e003Coalescence-mGAM-p3_S59,101638
28,C10-e003Coalescence-mGAM-p3,11,1520946,E4-e003Coalescence-mGAM-p3_S59,101638
29,C3-e003Coalescence-Inoculumn-mGAM,8,473234,E4-e003Coalescence-mGAM-p3_S59,101638
30,D4-e003Coalescence-Inoculumn-mBHI,7,618720,E4-e003Coalescence-mGAM-p3_S59,101638
31,A4-e003Coalescence-mBHI-p5,3,958917,E4-e003Coalescence-mGAM-p3_S59,101638
32,D10-e003Coalescence-mGAM-p7,11,938266,E4-e003Coalescence-mGAM-p3_S59,101638
33,C11-e003Coalescence-mGAM-p3,19,727674,E4-e003Coalescence-mGAM-p3_S59,101638
34,C10-e003Coalescence-mBHI-p7,24,636171,E4-e003Coalescence-mGAM-p3_S59,101638
35,B10-e003Coalescence-mBHI-p3,16,1064478,E4-e003Coalescence-mGAM-p3_S59,101638
36,C11-e003Coalescence-mBHI-p5,16,1515011,E4-e003Coalescence-mGAM-p3_S59,101638
37,C2-e003Coalescence-Inoculumn-mGAM,3,514343,E4-e003Coalescence-mGAM-p3_S59,101638
38,B4-e003Coalescence-Inoculumn-mGAM,29,1527645,E4-e003Coalescence-mGAM-p3_S59,101638
39,A10-e003Coalescence-mGAM-p7,7,1119734,E4-e003Coalescence-mGAM-p3_S59,101638
40,C4-e003Coalescence-Inoculumn-mGAM,10,1354072,E4-e003Coalescence-mGAM-p3_S59,101638
41,B10-e003Assembly-mGAM-p3,7,526228,E4-e003Coalescence-mGAM-p3_S59,101638
42,D10-e003Coalescence-mBHI-p7,10,560357,E4-e003Coalescence-mGAM-p3_S59,101638
43,B10-e003GlycerolRevival-mGAM-p2,4,912883,E4-e003Coalescence-mGAM-p3_S59,101638
44,C10-e003Coalescence-mGAM-p5,11,1544682,E4-e003Coalescence-mGAM-p3_S59,101638
45,A3-e003Coalescence-mBHI-p3,10,444927,E4-e003Coalescence-mGAM-p3_S59,101638
46,A4-e003Coalescence-mBHI-p3,4,1204293,E4-e003Coalescence-mGAM-p3_S59,101638
47,C9-e003Coalescence-mGAM-p5,19,810866,E4-e003Coalescence-mGAM-p3_S59,101638
48,C2-e003Coalescence-mGAM-p5,9,1502257,E4-e003Coalescence-mGAM-p3_S59,101638
49,C8-e003Coalescence-mBHI-p5,16,1338159,E4-e003Coalescence-mGAM-p3_S59,101638
50,B4-e003Coalescence-Inoculumn-mBHI,8,563867,E4-e003Coalescence-mGAM-p3_S59,101638
51,C5-e003Coalescence-Inoculumn-mGAM,9,1530071,E4-e003Coalescence-mGAM-p3_S59,101638
52,C4-e003Coalescence-mBHI-p5,19,881699,E4-e003Coalescence-mGAM-p3_S59,101638
53,A4-e003Coalescence-Inoculumn-mGAM,10,1506279,E4-e003Coalescence-mGAM-p3_S59,101638
54,C2-e003Coalescence-mBHI-p7,4,569461,E4-e003Coalescence-mGAM-p3_S59,101638
55,C10-e003Coalescence-mGAM-p7,10,1547140,E4-e003Coalescence-mGAM-p3_S59,101638
56,C10-e003Coalescence-mBHI-p3,8,1524472,E4-e003Coalescence-mGAM-p3_S59,101638
57,H4-e003Coalescence-mGAM-p7_S183,4,991821,E4-e003Coalescence-mGAM-p3_S59,101638
58,F5-e003Coalescence-mGAM-p5_S64,0,468781,E4-e003Coalescence-mGAM-p3_S59,101638
59,F100-e003Coalescence-mGAM-p7_S163,0,1155108,E4-e003Coalescence-mGAM-p3_S59,101638
60,E3-e003Coalescence-mGAM-p3_S58,4,516408,E4-e003Coalescence-mGAM-p3_S59,101638
61,G4-e003Coalescence-mBHI-p5_S27,5,878137,E4-e003Coalescence-mGAM-p3_S59,101638
62,G2-e003Coalescence-mBHI-p3_S33,2,1521290,E4-e003Coalescence-mGAM-p3_S59,101638
63,G100-e003Coalescence-mGAM-p3_S179,1,1153539,E4-e003Coalescence-mGAM-p3_S59,101638
64,G111-e003Coalescence-mBHI-p5_S32,20,1154220,E4-e003Coalescence-mGAM-p3_S59,101638
65,E3-e003Coalescence-mBHI-p3_S10,0,711439,E4-e003Coalescence-mGAM-p3_S59,101638
66,F2-e003Coalescence-mGAM-p7_S157,0,556375,E4-e003Coalescence-mGAM-p3_S59,101638
67,E100-e003Coalescence-mGAM-p3_S155,5,1461251,E4-e003Coalescence-mGAM-p3_S59,101638
68,E3-e003Coalescence-mGAM-p5_S50,0,1371172,E4-e003Coalescence-mGAM-p3_S59,101638
69,H100-e003Coalescence-mBHI-p5_S43,17,925751,E4-e003Coalescence-mGAM-p3_S59,101638
70,F2-e003Coalescence-mGAM-p5_S61,1,1281223,E4-e003Coalescence-mGAM-p3_S59,101638
71,G100-e003Coalescence-mBHI-p5_S31,1,829979,E4-e003Coalescence-mGAM-p3_S59,101638
72,G4-e003Coalescence-mBHI-p3_S35,7,474244,E4-e003Coalescence-mGAM-p3_S59,101638
73,E4-e003Coalescence-mBHI-p5_S3,1,1426946,E4-e003Coalescence-mGAM-p3_S59,101638
74,E4-e003Coalescence-mGAM-p5_S51,1,579225,E4-e003Coalescence-mGAM-p3_S59,101638
75,G9-e003Coalescence-mGAM-p7_S174,8,622414,E4-e003Coalescence-mGAM-p3_S59,101638
76,E8-e003Coalescence-mGAM-p3_S153,2,1489557,E4-e003Coalescence-mGAM-p3_S59,101638
77,G100-e003Coalescence-mGAM-p7_S175,1,673821,E4-e003Coalescence-mGAM-p3_S59,101638
78,G3-e003Coalescence-mBHI-p7_S122,7,531581,E4-e003Coalescence-mGAM-p3_S59,101638
79,G4-e003Coalescence-mGAM-p5_S75,1,1533148,E4-e003Coalescence-mGAM-p3_S59,101638
80,G8-e003Coalescence-mBHI-p3_S129,0,840340,E4-e003Coalescence-mGAM-p3_S59,101638
81,G2-e003Coalescence-mGAM-p5_S73,1,1525280,E4-e003Coalescence-mGAM-p3_S59,101638
82,E100-e003Coalescence-mGAM-p5_S55,0,1291155,E4-e003Coalescence-mGAM-p3_S59,101638
83,G4-e003Coalescence-mGAM-p3_S83,1,1536688,E4-e003Coalescence-mGAM-p3_S59,101638
84,F4-e003Coalescence-mBHI-p7_S111,12,477586,E4-e003Coalescence-mGAM-p3_S59,101638
85,G4-e003Coalescence-mGAM-p7_S171,1,1471075,E4-e003Coalescence-mGAM-p3_S59,101638
86,F100-e003Coalescence-mBHI-p7_S115,18,1350695,E4-e003Coalescence-mGAM-p3_S59,101638
87,E3-e003Coalescence-mGAM-p7_S146,0,1297929,E4-e003Coalescence-mGAM-p3_S59,101638
88,E3-e003Coalescence-mBHI-p5_S2,0,758841,E4-e003Coalescence-mGAM-p3_S59,101638
89,G2-e003Coalescence-mBHI-p7_S121,0,1251923,E4-e003Coalescence-mGAM-p3_S59,101638
90,F2-e003Coalescence-mBHI-p5_S13,1,1483168,E4-e003Coalescence-mGAM-p3_S59,101638
91,F2-e003Coalescence-mGAM-p3_S69,0,1044013,E4-e003Coalescence-mGAM-p3_S59,101638
92,G100-e003Coalescence-mGAM-p5_S79,3,1518875,E4-e003Coalescence-mGAM-p3_S59,101638
93,E4-e003Coalescence-mGAM-p7_S147,0,1030477,E4-e003Coalescence-mGAM-p3_S59,101638
94,E4-e003Coalescence-mGAM-p3_S59,0,1512400,E4-e003Coalescence-mGAM-p3_S59,101638
95,H100-e003Coalescence-mBHI-p7_S139,21,1461470,E4-e003Coalescence-mGAM-p3_S59,101638
96,G8-e003Coalescence-mBHI-p5_S29,5,757680,E4-e003Coalescence-mGAM-p3_S59,101638
97,G2-e003Coalescence-mBHI-p5_S25,0,1534425,E4-e003Coalescence-mGAM-p3_S59,101638
98,G8-e003Coalescence-mGAM-p7_S173,12,1390044,E4-e003Coalescence-mGAM-p3_S59,101638
99,E4-e003Coalescence-mBHI-p3_S11,3,1489708,E4-e003Coalescence-mGAM-p3_S59,101638
100,G9-e003Coalescence-mBHI-p5_S30,13,972978,E4-e003Coalescence-mGAM-p3_S59,101638
101,E100-e003Coalescence-mGAM-p7_S151,0,1431882,E4-e003Coalescence-mGAM-p3_S59,101638
102,G9-e003Coalescence-mGAM-p3_S178,17,1118807,E4-e003Coalescence-mGAM-p3_S59,101638
103,G2-e003Coalescence-mGAM-p3_S81,1,1516772,E4-e003Coalescence-mGAM-p3_S59,101638
104,G100-e003Coalescence-mBHI-p7_S127,1,560797,E4-e003Coalescence-mGAM-p3_S59,101638
0,C9-e003Coalescence-mGAM-p3,8,712205,H100-e003Coalescence-mBHI-p7_S139,101638
1,C11-e003Coalescence-mBHI-p3,1,455308,H100-e003Coalescence-mBHI-p7_S139,101638
2,C9-e003Coalescence-mGAM-p7,9,500113,H100-e003Coalescence-mBHI-p7_S139,101638
3,C8-e003Coalescence-mGAM-p7,38,1423925,H100-e003Coalescence-mBHI-p7_S139,101638
4,D10-e003Coalescence-mBHI-p3,13,592022,H100-e003Coalescence-mBHI-p7_S139,101638
5,B2-e003Coalescence-mBHI-p3,16,640269,H100-e003Coalescence-mBHI-p7_S139,101638
6,A4-e003Coalescence-mBHI-p7,41,1046978,H100-e003Coalescence-mBHI-p7_S139,101638
7,B3-e003Coalescence-mBHI-p3,28,851498,H100-e003Coalescence-mBHI-p7_S139,101638
8,C2-e003Coalescence-mBHI-p5,44,1531728,H100-e003Coalescence-mBHI-p7_S139,101638
9,C4-e003GlycerolRevival-mBHI-p2,8,655282,H100-e003Coalescence-mBHI-p7_S139,101638
10,B2-e003Coalescence-mBHI-p5,57,1376755,H100-e003Coalescence-mBHI-p7_S139,101638
11,C4-e003Coalescence-mGAM-p7,9,1491174,H100-e003Coalescence-mBHI-p7_S139,101638
12,B10-e003Assembly-mGAM-p5,4,708824,H100-e003Coalescence-mBHI-p7_S139,101638
13,C2-e003Coalescence-mGAM-p7,32,1544636,H100-e003Coalescence-mBHI-p7_S139,101638
14,C9-e003Coalescence-mBHI-p5,10,843947,H100-e003Coalescence-mBHI-p7_S139,101638
15,C2-e003Coalescence-mBHI-p3,49,1550808,H100-e003Coalescence-mBHI-p7_S139,101638
16,C9-e003Coalescence-mBHI-p3,18,1477971,H100-e003Coalescence-mBHI-p7_S139,101638
17,D10-e003Coalescence-mGAM-p5,6,895834,H100-e003Coalescence-mBHI-p7_S139,101638
18,C2-e003Coalescence-mGAM-p3,41,1349817,H100-e003Coalescence-mBHI-p7_S139,101638
19,B10-e003Coalescence-mBHI-p5,9,751178,H100-e003Coalescence-mBHI-p7_S139,101638
20,C4-e003Coalescence-mGAM-p5,11,1406224,H100-e003Coalescence-mBHI-p7_S139,101638
21,D5-e003Coalescence-mBHI-p5,49,1486364,H100-e003Coalescence-mBHI-p7_S139,101638
22,D3-e003Assembly-mBHI-p3,16,768389,H100-e003Coalescence-mBHI-p7_S139,101638
23,C4-e003Coalescence-mGAM-p3,9,1546978,H100-e003Coalescence-mBHI-p7_S139,101638
24,D3-e003Assembly-mBHI-p5,25,1546651,H100-e003Coalescence-mBHI-p7_S139,101638
25,A10-e003Coalescence-mGAM-p3,50,1530862,H100-e003Coalescence-mBHI-p7_S139,101638
26,B2-e003Coalescence-mGAM-p3,32,442858,H100-e003Coalescence-mBHI-p7_S139,101638
27,D3-e003Coalescence-mGAM-p5,8,515212,H100-e003Coalescence-mBHI-p7_S139,101638
28,C10-e003Coalescence-mGAM-p3,15,1520946,H100-e003Coalescence-mBHI-p7_S139,101638
29,C3-e003Coalescence-Inoculumn-mGAM,9,473234,H100-e003Coalescence-mBHI-p7_S139,101638
30,D4-e003Coalescence-Inoculumn-mBHI,3,618720,H100-e003Coalescence-mBHI-p7_S139,101638
31,A4-e003Coalescence-mBHI-p5,39,958917,H100-e003Coalescence-mBHI-p7_S139,101638
32,D10-e003Coalescence-mGAM-p7,14,938266,H100-e003Coalescence-mBHI-p7_S139,101638
33,C11-e003Coalescence-mGAM-p3,8,727674,H100-e003Coalescence-mBHI-p7_S139,101638
34,C10-e003Coalescence-mBHI-p7,31,636171,H100-e003Coalescence-mBHI-p7_S139,101638
35,B10-e003Coalescence-mBHI-p3,11,1064478,H100-e003Coalescence-mBHI-p7_S139,101638
36,C11-e003Coalescence-mBHI-p5,12,1515011,H100-e003Coalescence-mBHI-p7_S139,101638
37,C2-e003Coalescence-Inoculumn-mGAM,2,514343,H100-e003Coalescence-mBHI-p7_S139,101638
38,B4-e003Coalescence-Inoculumn-mGAM,23,1527645,H100-e003Coalescence-mBHI-p7_S139,101638
39,A10-e003Coalescence-mGAM-p7,16,1119734,H100-e003Coalescence-mBHI-p7_S139,101638
40,C4-e003Coalescence-Inoculumn-mGAM,15,1354072,H100-e003Coalescence-mBHI-p7_S139,101638
41,B10-e003Assembly-mGAM-p3,10,526228,H100-e003Coalescence-mBHI-p7_S139,101638
42,D10-e003Coalescence-mBHI-p7,1,560357,H100-e003Coalescence-mBHI-p7_S139,101638
43,B10-e003GlycerolRevival-mGAM-p2,7,912883,H100-e003Coalescence-mBHI-p7_S139,101638
44,C10-e003Coalescence-mGAM-p5,20,1544682,H100-e003Coalescence-mBHI-p7_S139,101638
45,A3-e003Coalescence-mBHI-p3,13,444927,H100-e003Coalescence-mBHI-p7_S139,101638
46,A4-e003Coalescence-mBHI-p3,40,1204293,H100-e003Coalescence-mBHI-p7_S139,101638
47,C9-e003Coalescence-mGAM-p5,13,810866,H100-e003Coalescence-mBHI-p7_S139,101638
48,C2-e003Coalescence-mGAM-p5,45,1502257,H100-e003Coalescence-mBHI-p7_S139,101638
49,C8-e003Coalescence-mBHI-p5,31,1338159,H100-e003Coalescence-mBHI-p7_S139,101638
50,B4-e003Coalescence-Inoculumn-mBHI,9,563867,H100-e003Coalescence-mBHI-p7_S139,101638
51,C5-e003Coalescence-Inoculumn-mGAM,8,1530071,H100-e003Coalescence-mBHI-p7_S139,101638
52,C4-e003Coalescence-mBHI-p5,25,881699,H100-e003Coalescence-mBHI-p7_S139,101638
53,A4-e003Coalescence-Inoculumn-mGAM,38,1506279,H100-e003Coalescence-mBHI-p7_S139,101638
54,C2-e003Coalescence-mBHI-p7,5,569461,H100-e003Coalescence-mBHI-p7_S139,101638
55,C10-e003Coalescence-mGAM-p7,13,1547140,H100-e003Coalescence-mBHI-p7_S139,101638
56,C10-e003Coalescence-mBHI-p3,27,1524472,H100-e003Coalescence-mBHI-p7_S139,101638
57,H4-e003Coalescence-mGAM-p7_S183,11,991821,H100-e003Coalescence-mBHI-p7_S139,101638
58,F5-e003Coalescence-mGAM-p5_S64,1,468781,H100-e003Coalescence-mBHI-p7_S139,101638
59,F100-e003Coalescence-mGAM-p7_S163,2,1155108,H100-e003Coalescence-mBHI-p7_S139,101638
60,E3-e003Coalescence-mGAM-p3_S58,22,516408,H100-e003Coalescence-mBHI-p7_S139,101638
61,G4-e003Coalescence-mBHI-p5_S27,1,878137,H100-e003Coalescence-mBHI-p7_S139,101638
62,G2-e003Coalescence-mBHI-p3_S33,26,1521290,H100-e003Coalescence-mBHI-p7_S139,101638
63,G100-e003Coalescence-mGAM-p3_S179,2,1153539,H100-e003Coalescence-mBHI-p7_S139,101638
64,G111-e003Coalescence-mBHI-p5_S32,4,1154220,H100-e003Coalescence-mBHI-p7_S139,101638
65,E3-e003Coalescence-mBHI-p3_S10,24,711439,H100-e003Coalescence-mBHI-p7_S139,101638
66,F2-e003Coalescence-mGAM-p7_S157,0,556375,H100-e003Coalescence-mBHI-p7_S139,101638
67,E100-e003Coalescence-mGAM-p3_S155,40,1461251,H100-e003Coalescence-mBHI-p7_S139,101638
68,E3-e003Coalescence-mGAM-p5_S50,19,1371172,H100-e003Coalescence-mBHI-p7_S139,101638
69,H100-e003Coalescence-mBHI-p5_S43,7,925751,H100-e003Coalescence-mBHI-p7_S139,101638
70,F2-e003Coalescence-mGAM-p5_S61,1,1281223,H100-e003Coalescence-mBHI-p7_S139,101638
71,G100-e003Coalescence-mBHI-p5_S31,4,829979,H100-e003Coalescence-mBHI-p7_S139,101638
72,G4-e003Coalescence-mBHI-p3_S35,3,474244,H100-e003Coalescence-mBHI-p7_S139,101638
73,E4-e003Coalescence-mBHI-p5_S3,36,1426946,H100-e003Coalescence-mBHI-p7_S139,101638
74,E4-e003Coalescence-mGAM-p5_S51,29,579225,H100-e003Coalescence-mBHI-p7_S139,101638
75,G9-e003Coalescence-mGAM-p7_S174,4,622414,H100-e003Coalescence-mBHI-p7_S139,101638
76,E8-e003Coalescence-mGAM-p3_S153,4,1489557,H100-e003Coalescence-mBHI-p7_S139,101638
77,G100-e003Coalescence-mGAM-p7_S175,1,673821,H100-e003Coalescence-mBHI-p7_S139,101638
78,G3-e003Coalescence-mBHI-p7_S122,3,531581,H100-e003Coalescence-mBHI-p7_S139,101638
79,G4-e003Coalescence-mGAM-p5_S75,0,1533148,H100-e003Coalescence-mBHI-p7_S139,101638
80,G8-e003Coalescence-mBHI-p3_S129,17,840340,H100-e003Coalescence-mBHI-p7_S139,101638
81,G2-e003Coalescence-mGAM-p5_S73,29,1525280,H100-e003Coalescence-mBHI-p7_S139,101638
82,E100-e003Coalescence-mGAM-p5_S55,33,1291155,H100-e003Coalescence-mBHI-p7_S139,101638
83,G4-e003Coalescence-mGAM-p3_S83,0,1536688,H100-e003Coalescence-mBHI-p7_S139,101638
84,F4-e003Coalescence-mBHI-p7_S111,6,477586,H100-e003Coalescence-mBHI-p7_S139,101638
85,G4-e003Coalescence-mGAM-p7_S171,1,1471075,H100-e003Coalescence-mBHI-p7_S139,101638
86,F100-e003Coalescence-mBHI-p7_S115,6,1350695,H100-e003Coalescence-mBHI-p7_S139,101638
87,E3-e003Coalescence-mGAM-p7_S146,12,1297929,H100-e003Coalescence-mBHI-p7_S139,101638
88,E3-e003Coalescence-mBHI-p5_S2,25,758841,H100-e003Coalescence-mBHI-p7_S139,101638
89,G2-e003Coalescence-mBHI-p7_S121,12,1251923,H100-e003Coalescence-mBHI-p7_S139,101638
90,F2-e003Coalescence-mBHI-p5_S13,17,1483168,H100-e003Coalescence-mBHI-p7_S139,101638
91,F2-e003Coalescence-mGAM-p3_S69,1,1044013,H100-e003Coalescence-mBHI-p7_S139,101638
92,G100-e003Coalescence-mGAM-p5_S79,6,1518875,H100-e003Coalescence-mBHI-p7_S139,101638
93,E4-e003Coalescence-mGAM-p7_S147,8,1030477,H100-e003Coalescence-mBHI-p7_S139,101638
94,E4-e003Coalescence-mGAM-p3_S59,21,1512400,H100-e003Coalescence-mBHI-p7_S139,101638
95,H100-e003Coalescence-mBHI-p7_S139,0,1461470,H100-e003Coalescence-mBHI-p7_S139,101638
96,G8-e003Coalescence-mBHI-p5_S29,21,757680,H100-e003Coalescence-mBHI-p7_S139,101638
97,G2-e003Coalescence-mBHI-p5_S25,3,1534425,H100-e003Coalescence-mBHI-p7_S139,101638
98,G8-e003Coalescence-mGAM-p7_S173,37,1390044,H100-e003Coalescence-mBHI-p7_S139,101638
99,E4-e003Coalescence-mBHI-p3_S11,30,1489708,H100-e003Coalescence-mBHI-p7_S139,101638
100,G9-e003Coalescence-mBHI-p5_S30,4,972978,H100-e003Coalescence-mBHI-p7_S139,101638
101,E100-e003Coalescence-mGAM-p7_S151,38,1431882,H100-e003Coalescence-mBHI-p7_S139,101638
102,G9-e003Coalescence-mGAM-p3_S178,7,1118807,H100-e003Coalescence-mBHI-p7_S139,101638
103,G2-e003Coalescence-mGAM-p3_S81,30,1516772,H100-e003Coalescence-mBHI-p7_S139,101638
104,G100-e003Coalescence-mBHI-p7_S127,6,560797,H100-e003Coalescence-mBHI-p7_S139,101638
0,C9-e003Coalescence-mGAM-p3,5,712205,G8-e003Coalescence-mBHI-p5_S29,101638
1,C11-e003Coalescence-mBHI-p3,7,455308,G8-e003Coalescence-mBHI-p5_S29,101638
2,C9-e003Coalescence-mGAM-p7,1,500113,G8-e003Coalescence-mBHI-p5_S29,101638
3,C8-e003Coalescence-mGAM-p7,10,1423925,G8-e003Coalescence-mBHI-p5_S29,101638
4,D10-e003Coalescence-mBHI-p3,7,592022,G8-e003Coalescence-mBHI-p5_S29,101638
5,B2-e003Coalescence-mBHI-p3,3,640269,G8-e003Coalescence-mBHI-p5_S29,101638
6,A4-e003Coalescence-mBHI-p7,4,1046978,G8-e003Coalescence-mBHI-p5_S29,101638
7,B3-e003Coalescence-mBHI-p3,12,851498,G8-e003Coalescence-mBHI-p5_S29,101638
8,C2-e003Coalescence-mBHI-p5,14,1531728,G8-e003Coalescence-mBHI-p5_S29,101638
9,C4-e003GlycerolRevival-mBHI-p2,7,655282,G8-e003Coalescence-mBHI-p5_S29,101638
10,B2-e003Coalescence-mBHI-p5,16,1376755,G8-e003Coalescence-mBHI-p5_S29,101638
11,C4-e003Coalescence-mGAM-p7,11,1491174,G8-e003Coalescence-mBHI-p5_S29,101638
12,B10-e003Assembly-mGAM-p5,3,708824,G8-e003Coalescence-mBHI-p5_S29,101638
13,C2-e003Coalescence-mGAM-p7,13,1544636,G8-e003Coalescence-mBHI-p5_S29,101638
14,C9-e003Coalescence-mBHI-p5,10,843947,G8-e003Coalescence-mBHI-p5_S29,101638
15,C2-e003Coalescence-mBHI-p3,13,1550808,G8-e003Coalescence-mBHI-p5_S29,101638
16,C9-e003Coalescence-mBHI-p3,16,1477971,G8-e003Coalescence-mBHI-p5_S29,101638
17,D10-e003Coalescence-mGAM-p5,13,895834,G8-e003Coalescence-mBHI-p5_S29,101638
18,C2-e003Coalescence-mGAM-p3,10,1349817,G8-e003Coalescence-mBHI-p5_S29,101638
19,B10-e003Coalescence-mBHI-p5,10,751178,G8-e003Coalescence-mBHI-p5_S29,101638
20,C4-e003Coalescence-mGAM-p5,10,1406224,G8-e003Coalescence-mBHI-p5_S29,101638
21,D5-e003Coalescence-mBHI-p5,18,1486364,G8-e003Coalescence-mBHI-p5_S29,101638
22,D3-e003Assembly-mBHI-p3,7,768389,G8-e003Coalescence-mBHI-p5_S29,101638
23,C4-e003Coalescence-mGAM-p3,10,1546978,G8-e003Coalescence-mBHI-p5_S29,101638
24,D3-e003Assembly-mBHI-p5,16,1546651,G8-e003Coalescence-mBHI-p5_S29,101638
25,A10-e003Coalescence-mGAM-p3,10,1530862,G8-e003Coalescence-mBHI-p5_S29,101638
26,B2-e003Coalescence-mGAM-p3,5,442858,G8-e003Coalescence-mBHI-p5_S29,101638
27,D3-e003Coalescence-mGAM-p5,13,515212,G8-e003Coalescence-mBHI-p5_S29,101638
28,C10-e003Coalescence-mGAM-p3,14,1520946,G8-e003Coalescence-mBHI-p5_S29,101638
29,C3-e003Coalescence-Inoculumn-mGAM,9,473234,G8-e003Coalescence-mBHI-p5_S29,101638
30,D4-e003Coalescence-Inoculumn-mBHI,6,618720,G8-e003Coalescence-mBHI-p5_S29,101638
31,A4-e003Coalescence-mBHI-p5,5,958917,G8-e003Coalescence-mBHI-p5_S29,101638
32,D10-e003Coalescence-mGAM-p7,16,938266,G8-e003Coalescence-mBHI-p5_S29,101638
33,C11-e003Coalescence-mGAM-p3,26,727674,G8-e003Coalescence-mBHI-p5_S29,101638
34,C10-e003Coalescence-mBHI-p7,14,636171,G8-e003Coalescence-mBHI-p5_S29,101638
35,B10-e003Coalescence-mBHI-p3,7,1064478,G8-e003Coalescence-mBHI-p5_S29,101638
36,C11-e003Coalescence-mBHI-p5,25,1515011,G8-e003Coalescence-mBHI-p5_S29,101638
37,C2-e003Coalescence-Inoculumn-mGAM,5,514343,G8-e003Coalescence-mBHI-p5_S29,101638
38,B4-e003Coalescence-Inoculumn-mGAM,12,1527645,G8-e003Coalescence-mBHI-p5_S29,101638
39,A10-e003Coalescence-mGAM-p7,8,1119734,G8-e003Coalescence-mBHI-p5_S29,101638
40,C4-e003Coalescence-Inoculumn-mGAM,19,1354072,G8-e003Coalescence-mBHI-p5_S29,101638
41,B10-e003Assembly-mGAM-p3,6,526228,G8-e003Coalescence-mBHI-p5_S29,101638
42,D10-e003Coalescence-mBHI-p7,11,560357,G8-e003Coalescence-mBHI-p5_S29,101638
43,B10-e003GlycerolRevival-mGAM-p2,8,912883,G8-e003Coalescence-mBHI-p5_S29,101638
44,C10-e003Coalescence-mGAM-p5,12,1544682,G8-e003Coalescence-mBHI-p5_S29,101638
45,A3-e003Coalescence-mBHI-p3,0,444927,G8-e003Coalescence-mBHI-p5_S29,101638
46,A4-e003Coalescence-mBHI-p3,10,1204293,G8-e003Coalescence-mBHI-p5_S29,101638
47,C9-e003Coalescence-mGAM-p5,8,810866,G8-e003Coalescence-mBHI-p5_S29,101638
48,C2-e003Coalescence-mGAM-p5,11,1502257,G8-e003Coalescence-mBHI-p5_S29,101638
49,C8-e003Coalescence-mBHI-p5,12,1338159,G8-e003Coalescence-mBHI-p5_S29,101638
50,B4-e003Coalescence-Inoculumn-mBHI,20,563867,G8-e003Coalescence-mBHI-p5_S29,101638
51,C5-e003Coalescence-Inoculumn-mGAM,10,1530071,G8-e003Coalescence-mBHI-p5_S29,101638
52,C4-e003Coalescence-mBHI-p5,15,881699,G8-e003Coalescence-mBHI-p5_S29,101638
53,A4-e003Coalescence-Inoculumn-mGAM,11,1506279,G8-e003Coalescence-mBHI-p5_S29,101638
54,C2-e003Coalescence-mBHI-p7,6,569461,G8-e003Coalescence-mBHI-p5_S29,101638
55,C10-e003Coalescence-mGAM-p7,10,1547140,G8-e003Coalescence-mBHI-p5_S29,101638
56,C10-e003Coalescence-mBHI-p3,17,1524472,G8-e003Coalescence-mBHI-p5_S29,101638
57,H4-e003Coalescence-mGAM-p7_S183,23,991821,G8-e003Coalescence-mBHI-p5_S29,101638
58,F5-e003Coalescence-mGAM-p5_S64,3,468781,G8-e003Coalescence-mBHI-p5_S29,101638
59,F100-e003Coalescence-mGAM-p7_S163,5,1155108,G8-e003Coalescence-mBHI-p5_S29,101638
60,E3-e003Coalescence-mGAM-p3_S58,2,516408,G8-e003Coalescence-mBHI-p5_S29,101638
61,G4-e003Coalescence-mBHI-p5_S27,12,878137,G8-e003Coalescence-mBHI-p5_S29,101638
62,G2-e003Coalescence-mBHI-p3_S33,7,1521290,G8-e003Coalescence-mBHI-p5_S29,101638
63,G100-e003Coalescence-mGAM-p3_S179,6,1153539,G8-e003Coalescence-mBHI-p5_S29,101638
64,G111-e003Coalescence-mBHI-p5_S32,28,1154220,G8-e003Coalescence-mBHI-p5_S29,101638
65,E3-e003Coalescence-mBHI-p3_S10,4,711439,G8-e003Coalescence-mBHI-p5_S29,101638
66,F2-e003Coalescence-mGAM-p7_S157,5,556375,G8-e003Coalescence-mBHI-p5_S29,101638
67,E100-e003Coalescence-mGAM-p3_S155,11,1461251,G8-e003Coalescence-mBHI-p5_S29,101638
68,E3-e003Coalescence-mGAM-p5_S50,5,1371172,G8-e003Coalescence-mBHI-p5_S29,101638
69,H100-e003Coalescence-mBHI-p5_S43,21,925751,G8-e003Coalescence-mBHI-p5_S29,101638
70,F2-e003Coalescence-mGAM-p5_S61,2,1281223,G8-e003Coalescence-mBHI-p5_S29,101638
71,G100-e003Coalescence-mBHI-p5_S31,15,829979,G8-e003Coalescence-mBHI-p5_S29,101638
72,G4-e003Coalescence-mBHI-p3_S35,14,474244,G8-e003Coalescence-mBHI-p5_S29,101638
73,E4-e003Coalescence-mBHI-p5_S3,4,1426946,G8-e003Coalescence-mBHI-p5_S29,101638
74,E4-e003Coalescence-mGAM-p5_S51,2,579225,G8-e003Coalescence-mBHI-p5_S29,101638
75,G9-e003Coalescence-mGAM-p7_S174,0,622414,G8-e003Coalescence-mBHI-p5_S29,101638
76,E8-e003Coalescence-mGAM-p3_S153,14,1489557,G8-e003Coalescence-mBHI-p5_S29,101638
77,G100-e003Coalescence-mGAM-p7_S175,4,673821,G8-e003Coalescence-mBHI-p5_S29,101638
78,G3-e003Coalescence-mBHI-p7_S122,26,531581,G8-e003Coalescence-mBHI-p5_S29,101638
79,G4-e003Coalescence-mGAM-p5_S75,5,1533148,G8-e003Coalescence-mBHI-p5_S29,101638
80,G8-e003Coalescence-mBHI-p3_S129,7,840340,G8-e003Coalescence-mBHI-p5_S29,101638
81,G2-e003Coalescence-mGAM-p5_S73,8,1525280,G8-e003Coalescence-mBHI-p5_S29,101638
82,E100-e003Coalescence-mGAM-p5_S55,6,1291155,G8-e003Coalescence-mBHI-p5_S29,101638
83,G4-e003Coalescence-mGAM-p3_S83,5,1536688,G8-e003Coalescence-mBHI-p5_S29,101638
84,F4-e003Coalescence-mBHI-p7_S111,4,477586,G8-e003Coalescence-mBHI-p5_S29,101638
85,G4-e003Coalescence-mGAM-p7_S171,8,1471075,G8-e003Coalescence-mBHI-p5_S29,101638
86,F100-e003Coalescence-mBHI-p7_S115,12,1350695,G8-e003Coalescence-mBHI-p5_S29,101638
87,E3-e003Coalescence-mGAM-p7_S146,9,1297929,G8-e003Coalescence-mBHI-p5_S29,101638
88,E3-e003Coalescence-mBHI-p5_S2,5,758841,G8-e003Coalescence-mBHI-p5_S29,101638
89,G2-e003Coalescence-mBHI-p7_S121,5,1251923,G8-e003Coalescence-mBHI-p5_S29,101638
90,F2-e003Coalescence-mBHI-p5_S13,7,1483168,G8-e003Coalescence-mBHI-p5_S29,101638
91,F2-e003Coalescence-mGAM-p3_S69,5,1044013,G8-e003Coalescence-mBHI-p5_S29,101638
92,G100-e003Coalescence-mGAM-p5_S79,9,1518875,G8-e003Coalescence-mBHI-p5_S29,101638
93,E4-e003Coalescence-mGAM-p7_S147,5,1030477,G8-e003Coalescence-mBHI-p5_S29,101638
94,E4-e003Coalescence-mGAM-p3_S59,5,1512400,G8-e003Coalescence-mBHI-p5_S29,101638
95,H100-e003Coalescence-mBHI-p7_S139,27,1461470,G8-e003Coalescence-mBHI-p5_S29,101638
96,G8-e003Coalescence-mBHI-p5_S29,0,757680,G8-e003Coalescence-mBHI-p5_S29,101638
97,G2-e003Coalescence-mBHI-p5_S25,5,1534425,G8-e003Coalescence-mBHI-p5_S29,101638
98,G8-e003Coalescence-mGAM-p7_S173,9,1390044,G8-e003Coalescence-mBHI-p5_S29,101638
99,E4-e003Coalescence-mBHI-p3_S11,6,1489708,G8-e003Coalescence-mBHI-p5_S29,101638
100,G9-e003Coalescence-mBHI-p5_S30,9,972978,G8-e003Coalescence-mBHI-p5_S29,101638
101,E100-e003Coalescence-mGAM-p7_S151,9,1431882,G8-e003Coalescence-mBHI-p5_S29,101638
102,G9-e003Coalescence-mGAM-p3_S178,12,1118807,G8-e003Coalescence-mBHI-p5_S29,101638
103,G2-e003Coalescence-mGAM-p3_S81,6,1516772,G8-e003Coalescence-mBHI-p5_S29,101638
104,G100-e003Coalescence-mBHI-p7_S127,7,560797,G8-e003Coalescence-mBHI-p5_S29,101638
0,C9-e003Coalescence-mGAM-p3,1,712205,G2-e003Coalescence-mBHI-p5_S25,101638
1,C11-e003Coalescence-mBHI-p3,2,455308,G2-e003Coalescence-mBHI-p5_S25,101638
2,C9-e003Coalescence-mGAM-p7,2,500113,G2-e003Coalescence-mBHI-p5_S25,101638
3,C8-e003Coalescence-mGAM-p7,8,1423925,G2-e003Coalescence-mBHI-p5_S25,101638
4,D10-e003Coalescence-mBHI-p3,7,592022,G2-e003Coalescence-mBHI-p5_S25,101638
5,B2-e003Coalescence-mBHI-p3,11,640269,G2-e003Coalescence-mBHI-p5_S25,101638
6,A4-e003Coalescence-mBHI-p7,5,1046978,G2-e003Coalescence-mBHI-p5_S25,101638
7,B3-e003Coalescence-mBHI-p3,33,851498,G2-e003Coalescence-mBHI-p5_S25,101638
8,C2-e003Coalescence-mBHI-p5,9,1531728,G2-e003Coalescence-mBHI-p5_S25,101638
9,C4-e003GlycerolRevival-mBHI-p2,2,655282,G2-e003Coalescence-mBHI-p5_S25,101638
10,B2-e003Coalescence-mBHI-p5,12,1376755,G2-e003Coalescence-mBHI-p5_S25,101638
11,C4-e003Coalescence-mGAM-p7,9,1491174,G2-e003Coalescence-mBHI-p5_S25,101638
12,B10-e003Assembly-mGAM-p5,3,708824,G2-e003Coalescence-mBHI-p5_S25,101638
13,C2-e003Coalescence-mGAM-p7,9,1544636,G2-e003Coalescence-mBHI-p5_S25,101638
14,C9-e003Coalescence-mBHI-p5,4,843947,G2-e003Coalescence-mBHI-p5_S25,101638
15,C2-e003Coalescence-mBHI-p3,10,1550808,G2-e003Coalescence-mBHI-p5_S25,101638
16,C9-e003Coalescence-mBHI-p3,10,1477971,G2-e003Coalescence-mBHI-p5_S25,101638
17,D10-e003Coalescence-mGAM-p5,9,895834,G2-e003Coalescence-mBHI-p5_S25,101638
18,C2-e003Coalescence-mGAM-p3,9,1349817,G2-e003Coalescence-mBHI-p5_S25,101638
19,B10-e003Coalescence-mBHI-p5,4,751178,G2-e003Coalescence-mBHI-p5_S25,101638
20,C4-e003Coalescence-mGAM-p5,9,1406224,G2-e003Coalescence-mBHI-p5_S25,101638
21,D5-e003Coalescence-mBHI-p5,6,1486364,G2-e003Coalescence-mBHI-p5_S25,101638
22,D3-e003Assembly-mBHI-p3,12,768389,G2-e003Coalescence-mBHI-p5_S25,101638
23,C4-e003Coalescence-mGAM-p3,10,1546978,G2-e003Coalescence-mBHI-p5_S25,101638
24,D3-e003Assembly-mBHI-p5,21,1546651,G2-e003Coalescence-mBHI-p5_S25,101638
25,A10-e003Coalescence-mGAM-p3,9,1530862,G2-e003Coalescence-mBHI-p5_S25,101638
26,B2-e003Coalescence-mGAM-p3,3,442858,G2-e003Coalescence-mBHI-p5_S25,101638
27,D3-e003Coalescence-mGAM-p5,10,515212,G2-e003Coalescence-mBHI-p5_S25,101638
28,C10-e003Coalescence-mGAM-p3,12,1520946,G2-e003Coalescence-mBHI-p5_S25,101638
29,C3-e003Coalescence-Inoculumn-mGAM,4,473234,G2-e003Coalescence-mBHI-p5_S25,101638
30,D4-e003Coalescence-Inoculumn-mBHI,4,618720,G2-e003Coalescence-mBHI-p5_S25,101638
31,A4-e003Coalescence-mBHI-p5,3,958917,G2-e003Coalescence-mBHI-p5_S25,101638
32,D10-e003Coalescence-mGAM-p7,6,938266,G2-e003Coalescence-mBHI-p5_S25,101638
33,C11-e003Coalescence-mGAM-p3,7,727674,G2-e003Coalescence-mBHI-p5_S25,101638
34,C10-e003Coalescence-mBHI-p7,23,636171,G2-e003Coalescence-mBHI-p5_S25,101638
35,B10-e003Coalescence-mBHI-p3,6,1064478,G2-e003Coalescence-mBHI-p5_S25,101638
36,C11-e003Coalescence-mBHI-p5,10,1515011,G2-e003Coalescence-mBHI-p5_S25,101638
37,C2-e003Coalescence-Inoculumn-mGAM,3,514343,G2-e003Coalescence-mBHI-p5_S25,101638
38,B4-e003Coalescence-Inoculumn-mGAM,13,1527645,G2-e003Coalescence-mBHI-p5_S25,101638
39,A10-e003Coalescence-mGAM-p7,6,1119734,G2-e003Coalescence-mBHI-p5_S25,101638
40,C4-e003Coalescence-Inoculumn-mGAM,10,1354072,G2-e003Coalescence-mBHI-p5_S25,101638
41,B10-e003Assembly-mGAM-p3,8,526228,G2-e003Coalescence-mBHI-p5_S25,101638
42,D10-e003Coalescence-mBHI-p7,6,560357,G2-e003Coalescence-mBHI-p5_S25,101638
43,B10-e003GlycerolRevival-mGAM-p2,6,912883,G2-e003Coalescence-mBHI-p5_S25,101638
44,C10-e003Coalescence-mGAM-p5,12,1544682,G2-e003Coalescence-mBHI-p5_S25,101638
45,A3-e003Coalescence-mBHI-p3,10,444927,G2-e003Coalescence-mBHI-p5_S25,101638
46,A4-e003Coalescence-mBHI-p3,4,1204293,G2-e003Coalescence-mBHI-p5_S25,101638
47,C9-e003Coalescence-mGAM-p5,7,810866,G2-e003Coalescence-mBHI-p5_S25,101638
48,C2-e003Coalescence-mGAM-p5,9,1502257,G2-e003Coalescence-mBHI-p5_S25,101638
49,C8-e003Coalescence-mBHI-p5,16,1338159,G2-e003Coalescence-mBHI-p5_S25,101638
50,B4-e003Coalescence-Inoculumn-mBHI,8,563867,G2-e003Coalescence-mBHI-p5_S25,101638
51,C5-e003Coalescence-Inoculumn-mGAM,9,1530071,G2-e003Coalescence-mBHI-p5_S25,101638
52,C4-e003Coalescence-mBHI-p5,20,881699,G2-e003Coalescence-mBHI-p5_S25,101638
53,A4-e003Coalescence-Inoculumn-mGAM,10,1506279,G2-e003Coalescence-mBHI-p5_S25,101638
54,C2-e003Coalescence-mBHI-p7,4,569461,G2-e003Coalescence-mBHI-p5_S25,101638
55,C10-e003Coalescence-mGAM-p7,9,1547140,G2-e003Coalescence-mBHI-p5_S25,101638
56,C10-e003Coalescence-mBHI-p3,8,1524472,G2-e003Coalescence-mBHI-p5_S25,101638
57,H4-e003Coalescence-mGAM-p7_S183,1,991821,G2-e003Coalescence-mBHI-p5_S25,101638
58,F5-e003Coalescence-mGAM-p5_S64,0,468781,G2-e003Coalescence-mBHI-p5_S25,101638
59,F100-e003Coalescence-mGAM-p7_S163,0,1155108,G2-e003Coalescence-mBHI-p5_S25,101638
60,E3-e003Coalescence-mGAM-p3_S58,5,516408,G2-e003Coalescence-mBHI-p5_S25,101638
61,G4-e003Coalescence-mBHI-p5_S27,4,878137,G2-e003Coalescence-mBHI-p5_S25,101638
62,G2-e003Coalescence-mBHI-p3_S33,2,1521290,G2-e003Coalescence-mBHI-p5_S25,101638
63,G100-e003Coalescence-mGAM-p3_S179,2,1153539,G2-e003Coalescence-mBHI-p5_S25,101638
64,G111-e003Coalescence-mBHI-p5_S32,3,1154220,G2-e003Coalescence-mBHI-p5_S25,101638
65,E3-e003Coalescence-mBHI-p3_S10,0,711439,G2-e003Coalescence-mBHI-p5_S25,101638
66,F2-e003Coalescence-mGAM-p7_S157,0,556375,G2-e003Coalescence-mBHI-p5_S25,101638
67,E100-e003Coalescence-mGAM-p3_S155,4,1461251,G2-e003Coalescence-mBHI-p5_S25,101638
68,E3-e003Coalescence-mGAM-p5_S50,1,1371172,G2-e003Coalescence-mBHI-p5_S25,101638
69,H100-e003Coalescence-mBHI-p5_S43,3,925751,G2-e003Coalescence-mBHI-p5_S25,101638
70,F2-e003Coalescence-mGAM-p5_S61,1,1281223,G2-e003Coalescence-mBHI-p5_S25,101638
71,G100-e003Coalescence-mBHI-p5_S31,2,829979,G2-e003Coalescence-mBHI-p5_S25,101638
72,G4-e003Coalescence-mBHI-p3_S35,6,474244,G2-e003Coalescence-mBHI-p5_S25,101638
73,E4-e003Coalescence-mBHI-p5_S3,1,1426946,G2-e003Coalescence-mBHI-p5_S25,101638
74,E4-e003Coalescence-mGAM-p5_S51,1,579225,G2-e003Coalescence-mBHI-p5_S25,101638
75,G9-e003Coalescence-mGAM-p7_S174,0,622414,G2-e003Coalescence-mBHI-p5_S25,101638
76,E8-e003Coalescence-mGAM-p3_S153,1,1489557,G2-e003Coalescence-mBHI-p5_S25,101638
77,G100-e003Coalescence-mGAM-p7_S175,1,673821,G2-e003Coalescence-mBHI-p5_S25,101638
78,G3-e003Coalescence-mBHI-p7_S122,0,531581,G2-e003Coalescence-mBHI-p5_S25,101638
79,G4-e003Coalescence-mGAM-p5_S75,1,1533148,G2-e003Coalescence-mBHI-p5_S25,101638
80,G8-e003Coalescence-mBHI-p3_S129,0,840340,G2-e003Coalescence-mBHI-p5_S25,101638
81,G2-e003Coalescence-mGAM-p5_S73,1,1525280,G2-e003Coalescence-mBHI-p5_S25,101638
82,E100-e003Coalescence-mGAM-p5_S55,3,1291155,G2-e003Coalescence-mBHI-p5_S25,101638
83,G4-e003Coalescence-mGAM-p3_S83,1,1536688,G2-e003Coalescence-mBHI-p5_S25,101638
84,F4-e003Coalescence-mBHI-p7_S111,2,477586,G2-e003Coalescence-mBHI-p5_S25,101638
85,G4-e003Coalescence-mGAM-p7_S171,1,1471075,G2-e003Coalescence-mBHI-p5_S25,101638
86,F100-e003Coalescence-mBHI-p7_S115,2,1350695,G2-e003Coalescence-mBHI-p5_S25,101638
87,E3-e003Coalescence-mGAM-p7_S146,3,1297929,G2-e003Coalescence-mBHI-p5_S25,101638
88,E3-e003Coalescence-mBHI-p5_S2,0,758841,G2-e003Coalescence-mBHI-p5_S25,101638
89,G2-e003Coalescence-mBHI-p7_S121,0,1251923,G2-e003Coalescence-mBHI-p5_S25,101638
90,F2-e003Coalescence-mBHI-p5_S13,1,1483168,G2-e003Coalescence-mBHI-p5_S25,101638
91,F2-e003Coalescence-mGAM-p3_S69,0,1044013,G2-e003Coalescence-mBHI-p5_S25,101638
92,G100-e003Coalescence-mGAM-p5_S79,6,1518875,G2-e003Coalescence-mBHI-p5_S25,101638
93,E4-e003Coalescence-mGAM-p7_S147,0,1030477,G2-e003Coalescence-mBHI-p5_S25,101638
94,E4-e003Coalescence-mGAM-p3_S59,0,1512400,G2-e003Coalescence-mBHI-p5_S25,101638
95,H100-e003Coalescence-mBHI-p7_S139,3,1461470,G2-e003Coalescence-mBHI-p5_S25,101638
96,G8-e003Coalescence-mBHI-p5_S29,5,757680,G2-e003Coalescence-mBHI-p5_S25,101638
97,G2-e003Coalescence-mBHI-p5_S25,0,1534425,G2-e003Coalescence-mBHI-p5_S25,101638
98,G8-e003Coalescence-mGAM-p7_S173,14,1390044,G2-e003Coalescence-mBHI-p5_S25,101638
99,E4-e003Coalescence-mBHI-p3_S11,2,1489708,G2-e003Coalescence-mBHI-p5_S25,101638
100,G9-e003Coalescence-mBHI-p5_S30,4,972978,G2-e003Coalescence-mBHI-p5_S25,101638
101,E100-e003Coalescence-mGAM-p7_S151,0,1431882,G2-e003Coalescence-mBHI-p5_S25,101638
102,G9-e003Coalescence-mGAM-p3_S178,2,1118807,G2-e003Coalescence-mBHI-p5_S25,101638
103,G2-e003Coalescence-mGAM-p3_S81,1,1516772,G2-e003Coalescence-mBHI-p5_S25,101638
104,G100-e003Coalescence-mBHI-p7_S127,1,560797,G2-e003Coalescence-mBHI-p5_S25,101638
0,C9-e003Coalescence-mGAM-p3,24,712205,G8-e003Coalescence-mGAM-p7_S173,101638
1,C11-e003Coalescence-mBHI-p3,4,455308,G8-e003Coalescence-mGAM-p7_S173,101638
2,C9-e003Coalescence-mGAM-p7,18,500113,G8-e003Coalescence-mGAM-p7_S173,101638
3,C8-e003Coalescence-mGAM-p7,19,1423925,G8-e003Coalescence-mGAM-p7_S173,101638
4,D10-e003Coalescence-mBHI-p3,29,592022,G8-e003Coalescence-mGAM-p7_S173,101638
5,B2-e003Coalescence-mBHI-p3,12,640269,G8-e003Coalescence-mGAM-p7_S173,101638
6,A4-e003Coalescence-mBHI-p7,15,1046978,G8-e003Coalescence-mGAM-p7_S173,101638
7,B3-e003Coalescence-mBHI-p3,45,851498,G8-e003Coalescence-mGAM-p7_S173,101638
8,C2-e003Coalescence-mBHI-p5,23,1531728,G8-e003Coalescence-mGAM-p7_S173,101638
9,C4-e003GlycerolRevival-mBHI-p2,28,655282,G8-e003Coalescence-mGAM-p7_S173,101638
10,B2-e003Coalescence-mBHI-p5,27,1376755,G8-e003Coalescence-mGAM-p7_S173,101638
11,C4-e003Coalescence-mGAM-p7,23,1491174,G8-e003Coalescence-mGAM-p7_S173,101638
12,B10-e003Assembly-mGAM-p5,5,708824,G8-e003Coalescence-mGAM-p7_S173,101638
13,C2-e003Coalescence-mGAM-p7,24,1544636,G8-e003Coalescence-mGAM-p7_S173,101638
14,C9-e003Coalescence-mBHI-p5,38,843947,G8-e003Coalescence-mGAM-p7_S173,101638
15,C2-e003Coalescence-mBHI-p3,24,1550808,G8-e003Coalescence-mGAM-p7_S173,101638
16,C9-e003Coalescence-mBHI-p3,46,1477971,G8-e003Coalescence-mGAM-p7_S173,101638
17,D10-e003Coalescence-mGAM-p5,30,895834,G8-e003Coalescence-mGAM-p7_S173,101638
18,C2-e003Coalescence-mGAM-p3,19,1349817,G8-e003Coalescence-mGAM-p7_S173,101638
19,B10-e003Coalescence-mBHI-p5,18,751178,G8-e003Coalescence-mGAM-p7_S173,101638
20,C4-e003Coalescence-mGAM-p5,22,1406224,G8-e003Coalescence-mGAM-p7_S173,101638
21,D5-e003Coalescence-mBHI-p5,19,1486364,G8-e003Coalescence-mGAM-p7_S173,101638
22,D3-e003Assembly-mBHI-p3,17,768389,G8-e003Coalescence-mGAM-p7_S173,101638
23,C4-e003Coalescence-mGAM-p3,23,1546978,G8-e003Coalescence-mGAM-p7_S173,101638
24,D3-e003Assembly-mBHI-p5,26,1546651,G8-e003Coalescence-mGAM-p7_S173,101638
25,A10-e003Coalescence-mGAM-p3,21,1530862,G8-e003Coalescence-mGAM-p7_S173,101638
26,B2-e003Coalescence-mGAM-p3,9,442858,G8-e003Coalescence-mGAM-p7_S173,101638
27,D3-e003Coalescence-mGAM-p5,16,515212,G8-e003Coalescence-mGAM-p7_S173,101638
28,C10-e003Coalescence-mGAM-p3,21,1520946,G8-e003Coalescence-mGAM-p7_S173,101638
29,C3-e003Coalescence-Inoculumn-mGAM,8,473234,G8-e003Coalescence-mGAM-p7_S173,101638
30,D4-e003Coalescence-Inoculumn-mBHI,12,618720,G8-e003Coalescence-mGAM-p7_S173,101638
31,A4-e003Coalescence-mBHI-p5,14,958917,G8-e003Coalescence-mGAM-p7_S173,101638
32,D10-e003Coalescence-mGAM-p7,22,938266,G8-e003Coalescence-mGAM-p7_S173,101638
33,C11-e003Coalescence-mGAM-p3,32,727674,G8-e003Coalescence-mGAM-p7_S173,101638
34,C10-e003Coalescence-mBHI-p7,30,636171,G8-e003Coalescence-mGAM-p7_S173,101638
35,B10-e003Coalescence-mBHI-p3,23,1064478,G8-e003Coalescence-mGAM-p7_S173,101638
36,C11-e003Coalescence-mBHI-p5,26,1515011,G8-e003Coalescence-mGAM-p7_S173,101638
37,C2-e003Coalescence-Inoculumn-mGAM,5,514343,G8-e003Coalescence-mGAM-p7_S173,101638
38,B4-e003Coalescence-Inoculumn-mGAM,45,1527645,G8-e003Coalescence-mGAM-p7_S173,101638
39,A10-e003Coalescence-mGAM-p7,19,1119734,G8-e003Coalescence-mGAM-p7_S173,101638
40,C4-e003Coalescence-Inoculumn-mGAM,21,1354072,G8-e003Coalescence-mGAM-p7_S173,101638
41,B10-e003Assembly-mGAM-p3,8,526228,G8-e003Coalescence-mGAM-p7_S173,101638
42,D10-e003Coalescence-mBHI-p7,10,560357,G8-e003Coalescence-mGAM-p7_S173,101638
43,B10-e003GlycerolRevival-mGAM-p2,11,912883,G8-e003Coalescence-mGAM-p7_S173,101638
44,C10-e003Coalescence-mGAM-p5,22,1544682,G8-e003Coalescence-mGAM-p7_S173,101638
45,A3-e003Coalescence-mBHI-p3,8,444927,G8-e003Coalescence-mGAM-p7_S173,101638
46,A4-e003Coalescence-mBHI-p3,19,1204293,G8-e003Coalescence-mGAM-p7_S173,101638
47,C9-e003Coalescence-mGAM-p5,28,810866,G8-e003Coalescence-mGAM-p7_S173,101638
48,C2-e003Coalescence-mGAM-p5,24,1502257,G8-e003Coalescence-mGAM-p7_S173,101638
49,C8-e003Coalescence-mBHI-p5,24,1338159,G8-e003Coalescence-mGAM-p7_S173,101638
50,B4-e003Coalescence-Inoculumn-mBHI,11,563867,G8-e003Coalescence-mGAM-p7_S173,101638
51,C5-e003Coalescence-Inoculumn-mGAM,26,1530071,G8-e003Coalescence-mGAM-p7_S173,101638
52,C4-e003Coalescence-mBHI-p5,27,881699,G8-e003Coalescence-mGAM-p7_S173,101638
53,A4-e003Coalescence-Inoculumn-mGAM,23,1506279,G8-e003Coalescence-mGAM-p7_S173,101638
54,C2-e003Coalescence-mBHI-p7,8,569461,G8-e003Coalescence-mGAM-p7_S173,101638
55,C10-e003Coalescence-mGAM-p7,22,1547140,G8-e003Coalescence-mGAM-p7_S173,101638
56,C10-e003Coalescence-mBHI-p3,29,1524472,G8-e003Coalescence-mGAM-p7_S173,101638
57,H4-e003Coalescence-mGAM-p7_S183,15,991821,G8-e003Coalescence-mGAM-p7_S173,101638
58,F5-e003Coalescence-mGAM-p5_S64,10,468781,G8-e003Coalescence-mGAM-p7_S173,101638
59,F100-e003Coalescence-mGAM-p7_S163,25,1155108,G8-e003Coalescence-mGAM-p7_S173,101638
60,E3-e003Coalescence-mGAM-p3_S58,13,516408,G8-e003Coalescence-mGAM-p7_S173,101638
61,G4-e003Coalescence-mBHI-p5_S27,16,878137,G8-e003Coalescence-mGAM-p7_S173,101638
62,G2-e003Coalescence-mBHI-p3_S33,18,1521290,G8-e003Coalescence-mGAM-p7_S173,101638
63,G100-e003Coalescence-mGAM-p3_S179,11,1153539,G8-e003Coalescence-mGAM-p7_S173,101638
64,G111-e003Coalescence-mBHI-p5_S32,34,1154220,G8-e003Coalescence-mGAM-p7_S173,101638
65,E3-e003Coalescence-mBHI-p3_S10,7,711439,G8-e003Coalescence-mGAM-p7_S173,101638
66,F2-e003Coalescence-mGAM-p7_S157,7,556375,G8-e003Coalescence-mGAM-p7_S173,101638
67,E100-e003Coalescence-mGAM-p3_S155,18,1461251,G8-e003Coalescence-mGAM-p7_S173,101638
68,E3-e003Coalescence-mGAM-p5_S50,11,1371172,G8-e003Coalescence-mGAM-p7_S173,101638
69,H100-e003Coalescence-mBHI-p5_S43,36,925751,G8-e003Coalescence-mGAM-p7_S173,101638
70,F2-e003Coalescence-mGAM-p5_S61,14,1281223,G8-e003Coalescence-mGAM-p7_S173,101638
71,G100-e003Coalescence-mBHI-p5_S31,6,829979,G8-e003Coalescence-mGAM-p7_S173,101638
72,G4-e003Coalescence-mBHI-p3_S35,18,474244,G8-e003Coalescence-mGAM-p7_S173,101638
73,E4-e003Coalescence-mBHI-p5_S3,16,1426946,G8-e003Coalescence-mGAM-p7_S173,101638
74,E4-e003Coalescence-mGAM-p5_S51,7,579225,G8-e003Coalescence-mGAM-p7_S173,101638
75,G9-e003Coalescence-mGAM-p7_S174,27,622414,G8-e003Coalescence-mGAM-p7_S173,101638
76,E8-e003Coalescence-mGAM-p3_S153,14,1489557,G8-e003Coalescence-mGAM-p7_S173,101638
77,G100-e003Coalescence-mGAM-p7_S175,4,673821,G8-e003Coalescence-mGAM-p7_S173,101638
78,G3-e003Coalescence-mBHI-p7_S122,26,531581,G8-e003Coalescence-mGAM-p7_S173,101638
79,G4-e003Coalescence-mGAM-p5_S75,17,1533148,G8-e003Coalescence-mGAM-p7_S173,101638
80,G8-e003Coalescence-mBHI-p3_S129,7,840340,G8-e003Coalescence-mGAM-p7_S173,101638
81,G2-e003Coalescence-mGAM-p5_S73,18,1525280,G8-e003Coalescence-mGAM-p7_S173,101638
82,E100-e003Coalescence-mGAM-p5_S55,9,1291155,G8-e003Coalescence-mGAM-p7_S173,101638
83,G4-e003Coalescence-mGAM-p3_S83,17,1536688,G8-e003Coalescence-mGAM-p7_S173,101638
84,F4-e003Coalescence-mBHI-p7_S111,26,477586,G8-e003Coalescence-mGAM-p7_S173,101638
85,G4-e003Coalescence-mGAM-p7_S171,17,1471075,G8-e003Coalescence-mGAM-p7_S173,101638
86,F100-e003Coalescence-mBHI-p7_S115,41,1350695,G8-e003Coalescence-mGAM-p7_S173,101638
87,E3-e003Coalescence-mGAM-p7_S146,11,1297929,G8-e003Coalescence-mGAM-p7_S173,101638
88,E3-e003Coalescence-mBHI-p5_S2,6,758841,G8-e003Coalescence-mGAM-p7_S173,101638
89,G2-e003Coalescence-mBHI-p7_S121,14,1251923,G8-e003Coalescence-mGAM-p7_S173,101638
90,F2-e003Coalescence-mBHI-p5_S13,17,1483168,G8-e003Coalescence-mGAM-p7_S173,101638
91,F2-e003Coalescence-mGAM-p3_S69,6,1044013,G8-e003Coalescence-mGAM-p7_S173,101638
92,G100-e003Coalescence-mGAM-p5_S79,14,1518875,G8-e003Coalescence-mGAM-p7_S173,101638
93,E4-e003Coalescence-mGAM-p7_S147,8,1030477,G8-e003Coalescence-mGAM-p7_S173,101638
94,E4-e003Coalescence-mGAM-p3_S59,16,1512400,G8-e003Coalescence-mGAM-p7_S173,101638
95,H100-e003Coalescence-mBHI-p7_S139,40,1461470,G8-e003Coalescence-mGAM-p7_S173,101638
96,G8-e003Coalescence-mBHI-p5_S29,11,757680,G8-e003Coalescence-mGAM-p7_S173,101638
97,G2-e003Coalescence-mBHI-p5_S25,17,1534425,G8-e003Coalescence-mGAM-p7_S173,101638
98,G8-e003Coalescence-mGAM-p7_S173,0,1390044,G8-e003Coalescence-mGAM-p7_S173,101638
99,E4-e003Coalescence-mBHI-p3_S11,17,1489708,G8-e003Coalescence-mGAM-p7_S173,101638
100,G9-e003Coalescence-mBHI-p5_S30,24,972978,G8-e003Coalescence-mGAM-p7_S173,101638
101,E100-e003Coalescence-mGAM-p7_S151,13,1431882,G8-e003Coalescence-mGAM-p7_S173,101638
102,G9-e003Coalescence-mGAM-p3_S178,34,1118807,G8-e003Coalescence-mGAM-p7_S173,101638
103,G2-e003Coalescence-mGAM-p3_S81,18,1516772,G8-e003Coalescence-mGAM-p7_S173,101638
104,G100-e003Coalescence-mBHI-p7_S127,8,560797,G8-e003Coalescence-mGAM-p7_S173,101638
0,C9-e003Coalescence-mGAM-p3,19,712205,E4-e003Coalescence-mBHI-p3_S11,101638
1,C11-e003Coalescence-mBHI-p3,3,455308,E4-e003Coalescence-mBHI-p3_S11,101638
2,C9-e003Coalescence-mGAM-p7,24,500113,E4-e003Coalescence-mBHI-p3_S11,101638
3,C8-e003Coalescence-mGAM-p7,4,1423925,E4-e003Coalescence-mBHI-p3_S11,101638
4,D10-e003Coalescence-mBHI-p3,20,592022,E4-e003Coalescence-mBHI-p3_S11,101638
5,B2-e003Coalescence-mBHI-p3,4,640269,E4-e003Coalescence-mBHI-p3_S11,101638
6,A4-e003Coalescence-mBHI-p7,3,1046978,E4-e003Coalescence-mBHI-p3_S11,101638
7,B3-e003Coalescence-mBHI-p3,33,851498,E4-e003Coalescence-mBHI-p3_S11,101638
8,C2-e003Coalescence-mBHI-p5,7,1531728,E4-e003Coalescence-mBHI-p3_S11,101638
9,C4-e003GlycerolRevival-mBHI-p2,15,655282,E4-e003Coalescence-mBHI-p3_S11,101638
10,B2-e003Coalescence-mBHI-p5,8,1376755,E4-e003Coalescence-mBHI-p3_S11,101638
11,C4-e003Coalescence-mGAM-p7,5,1491174,E4-e003Coalescence-mBHI-p3_S11,101638
12,B10-e003Assembly-mGAM-p5,2,708824,E4-e003Coalescence-mBHI-p3_S11,101638
13,C2-e003Coalescence-mGAM-p7,5,1544636,E4-e003Coalescence-mBHI-p3_S11,101638
14,C9-e003Coalescence-mBHI-p5,26,843947,E4-e003Coalescence-mBHI-p3_S11,101638
15,C2-e003Coalescence-mBHI-p3,5,1550808,E4-e003Coalescence-mBHI-p3_S11,101638
16,C9-e003Coalescence-mBHI-p3,30,1477971,E4-e003Coalescence-mBHI-p3_S11,101638
17,D10-e003Coalescence-mGAM-p5,22,895834,E4-e003Coalescence-mBHI-p3_S11,101638
18,C2-e003Coalescence-mGAM-p3,6,1349817,E4-e003Coalescence-mBHI-p3_S11,101638
19,B10-e003Coalescence-mBHI-p5,17,751178,E4-e003Coalescence-mBHI-p3_S11,101638
20,C4-e003Coalescence-mGAM-p5,7,1406224,E4-e003Coalescence-mBHI-p3_S11,101638
21,D5-e003Coalescence-mBHI-p5,4,1486364,E4-e003Coalescence-mBHI-p3_S11,101638
22,D3-e003Assembly-mBHI-p3,19,768389,E4-e003Coalescence-mBHI-p3_S11,101638
23,C4-e003Coalescence-mGAM-p3,5,1546978,E4-e003Coalescence-mBHI-p3_S11,101638
24,D3-e003Assembly-mBHI-p5,23,1546651,E4-e003Coalescence-mBHI-p3_S11,101638
25,A10-e003Coalescence-mGAM-p3,5,1530862,E4-e003Coalescence-mBHI-p3_S11,101638
26,B2-e003Coalescence-mGAM-p3,4,442858,E4-e003Coalescence-mBHI-p3_S11,101638
27,D3-e003Coalescence-mGAM-p5,8,515212,E4-e003Coalescence-mBHI-p3_S11,101638
28,C10-e003Coalescence-mGAM-p3,8,1520946,E4-e003Coalescence-mBHI-p3_S11,101638
29,C3-e003Coalescence-Inoculumn-mGAM,5,473234,E4-e003Coalescence-mBHI-p3_S11,101638
30,D4-e003Coalescence-Inoculumn-mBHI,5,618720,E4-e003Coalescence-mBHI-p3_S11,101638
31,A4-e003Coalescence-mBHI-p5,2,958917,E4-e003Coalescence-mBHI-p3_S11,101638
32,D10-e003Coalescence-mGAM-p7,11,938266,E4-e003Coalescence-mBHI-p3_S11,101638
33,C11-e003Coalescence-mGAM-p3,27,727674,E4-e003Coalescence-mBHI-p3_S11,101638
34,C10-e003Coalescence-mBHI-p7,22,636171,E4-e003Coalescence-mBHI-p3_S11,101638
35,B10-e003Coalescence-mBHI-p3,21,1064478,E4-e003Coalescence-mBHI-p3_S11,101638
36,C11-e003Coalescence-mBHI-p5,17,1515011,E4-e003Coalescence-mBHI-p3_S11,101638
37,C2-e003Coalescence-Inoculumn-mGAM,2,514343,E4-e003Coalescence-mBHI-p3_S11,101638
38,B4-e003Coalescence-Inoculumn-mGAM,35,1527645,E4-e003Coalescence-mBHI-p3_S11,101638
39,A10-e003Coalescence-mGAM-p7,3,1119734,E4-e003Coalescence-mBHI-p3_S11,101638
40,C4-e003Coalescence-Inoculumn-mGAM,8,1354072,E4-e003Coalescence-mBHI-p3_S11,101638
41,B10-e003Assembly-mGAM-p3,5,526228,E4-e003Coalescence-mBHI-p3_S11,101638
42,D10-e003Coalescence-mBHI-p7,8,560357,E4-e003Coalescence-mBHI-p3_S11,101638
43,B10-e003GlycerolRevival-mGAM-p2,5,912883,E4-e003Coalescence-mBHI-p3_S11,101638
44,C10-e003Coalescence-mGAM-p5,7,1544682,E4-e003Coalescence-mBHI-p3_S11,101638
45,A3-e003Coalescence-mBHI-p3,4,444927,E4-e003Coalescence-mBHI-p3_S11,101638
46,A4-e003Coalescence-mBHI-p3,5,1204293,E4-e003Coalescence-mBHI-p3_S11,101638
47,C9-e003Coalescence-mGAM-p5,29,810866,E4-e003Coalescence-mBHI-p3_S11,101638
48,C2-e003Coalescence-mGAM-p5,10,1502257,E4-e003Coalescence-mBHI-p3_S11,101638
49,C8-e003Coalescence-mBHI-p5,19,1338159,E4-e003Coalescence-mBHI-p3_S11,101638
50,B4-e003Coalescence-Inoculumn-mBHI,6,563867,E4-e003Coalescence-mBHI-p3_S11,101638
51,C5-e003Coalescence-Inoculumn-mGAM,6,1530071,E4-e003Coalescence-mBHI-p3_S11,101638
52,C4-e003Coalescence-mBHI-p5,20,881699,E4-e003Coalescence-mBHI-p3_S11,101638
53,A4-e003Coalescence-Inoculumn-mGAM,8,1506279,E4-e003Coalescence-mBHI-p3_S11,101638
54,C2-e003Coalescence-mBHI-p7,4,569461,E4-e003Coalescence-mBHI-p3_S11,101638
55,C10-e003Coalescence-mGAM-p7,9,1547140,E4-e003Coalescence-mBHI-p3_S11,101638
56,C10-e003Coalescence-mBHI-p3,9,1524472,E4-e003Coalescence-mBHI-p3_S11,101638
57,H4-e003Coalescence-mGAM-p7_S183,2,991821,E4-e003Coalescence-mBHI-p3_S11,101638
58,F5-e003Coalescence-mGAM-p5_S64,1,468781,E4-e003Coalescence-mBHI-p3_S11,101638
59,F100-e003Coalescence-mGAM-p7_S163,5,1155108,E4-e003Coalescence-mBHI-p3_S11,101638
60,E3-e003Coalescence-mGAM-p3_S58,5,516408,E4-e003Coalescence-mBHI-p3_S11,101638
61,G4-e003Coalescence-mBHI-p5_S27,2,878137,E4-e003Coalescence-mBHI-p3_S11,101638
62,G2-e003Coalescence-mBHI-p3_S33,1,1521290,E4-e003Coalescence-mBHI-p3_S11,101638
63,G100-e003Coalescence-mGAM-p3_S179,2,1153539,E4-e003Coalescence-mBHI-p3_S11,101638
64,G111-e003Coalescence-mBHI-p5_S32,25,1154220,E4-e003Coalescence-mBHI-p3_S11,101638
65,E3-e003Coalescence-mBHI-p3_S10,1,711439,E4-e003Coalescence-mBHI-p3_S11,101638
66,F2-e003Coalescence-mGAM-p7_S157,0,556375,E4-e003Coalescence-mBHI-p3_S11,101638
67,E100-e003Coalescence-mGAM-p3_S155,3,1461251,E4-e003Coalescence-mBHI-p3_S11,101638
68,E3-e003Coalescence-mGAM-p5_S50,2,1371172,E4-e003Coalescence-mBHI-p3_S11,101638
69,H100-e003Coalescence-mBHI-p5_S43,18,925751,E4-e003Coalescence-mBHI-p3_S11,101638
70,F2-e003Coalescence-mGAM-p5_S61,3,1281223,E4-e003Coalescence-mBHI-p3_S11,101638
71,G100-e003Coalescence-mBHI-p5_S31,1,829979,E4-e003Coalescence-mBHI-p3_S11,101638
72,G4-e003Coalescence-mBHI-p3_S35,6,474244,E4-e003Coalescence-mBHI-p3_S11,101638
73,E4-e003Coalescence-mBHI-p5_S3,0,1426946,E4-e003Coalescence-mBHI-p3_S11,101638
74,E4-e003Coalescence-mGAM-p5_S51,0,579225,E4-e003Coalescence-mBHI-p3_S11,101638
75,G9-e003Coalescence-mGAM-p7_S174,15,622414,E4-e003Coalescence-mBHI-p3_S11,101638
76,E8-e003Coalescence-mGAM-p3_S153,2,1489557,E4-e003Coalescence-mBHI-p3_S11,101638
77,G100-e003Coalescence-mGAM-p7_S175,1,673821,E4-e003Coalescence-mBHI-p3_S11,101638
78,G3-e003Coalescence-mBHI-p7_S122,15,531581,E4-e003Coalescence-mBHI-p3_S11,101638
79,G4-e003Coalescence-mGAM-p5_S75,0,1533148,E4-e003Coalescence-mBHI-p3_S11,101638
80,G8-e003Coalescence-mBHI-p3_S129,0,840340,E4-e003Coalescence-mBHI-p3_S11,101638
81,G2-e003Coalescence-mGAM-p5_S73,0,1525280,E4-e003Coalescence-mBHI-p3_S11,101638
82,E100-e003Coalescence-mGAM-p5_S55,1,1291155,E4-e003Coalescence-mBHI-p3_S11,101638
83,G4-e003Coalescence-mGAM-p3_S83,0,1536688,E4-e003Coalescence-mBHI-p3_S11,101638
84,F4-e003Coalescence-mBHI-p7_S111,19,477586,E4-e003Coalescence-mBHI-p3_S11,101638
85,G4-e003Coalescence-mGAM-p7_S171,2,1471075,E4-e003Coalescence-mBHI-p3_S11,101638
86,F100-e003Coalescence-mBHI-p7_S115,24,1350695,E4-e003Coalescence-mBHI-p3_S11,101638
87,E3-e003Coalescence-mGAM-p7_S146,2,1297929,E4-e003Coalescence-mBHI-p3_S11,101638
88,E3-e003Coalescence-mBHI-p5_S2,0,758841,E4-e003Coalescence-mBHI-p3_S11,101638
89,G2-e003Coalescence-mBHI-p7_S121,0,1251923,E4-e003Coalescence-mBHI-p3_S11,101638
90,F2-e003Coalescence-mBHI-p5_S13,1,1483168,E4-e003Coalescence-mBHI-p3_S11,101638
91,F2-e003Coalescence-mGAM-p3_S69,0,1044013,E4-e003Coalescence-mBHI-p3_S11,101638
92,G100-e003Coalescence-mGAM-p5_S79,3,1518875,E4-e003Coalescence-mBHI-p3_S11,101638
93,E4-e003Coalescence-mGAM-p7_S147,0,1030477,E4-e003Coalescence-mBHI-p3_S11,101638
94,E4-e003Coalescence-mGAM-p3_S59,2,1512400,E4-e003Coalescence-mBHI-p3_S11,101638
95,H100-e003Coalescence-mBHI-p7_S139,28,1461470,E4-e003Coalescence-mBHI-p3_S11,101638
96,G8-e003Coalescence-mBHI-p5_S29,5,757680,E4-e003Coalescence-mBHI-p3_S11,101638
97,G2-e003Coalescence-mBHI-p5_S25,0,1534425,E4-e003Coalescence-mBHI-p3_S11,101638
98,G8-e003Coalescence-mGAM-p7_S173,13,1390044,E4-e003Coalescence-mBHI-p3_S11,101638
99,E4-e003Coalescence-mBHI-p3_S11,0,1489708,E4-e003Coalescence-mBHI-p3_S11,101638
100,G9-e003Coalescence-mBHI-p5_S30,14,972978,E4-e003Coalescence-mBHI-p3_S11,101638
101,E100-e003Coalescence-mGAM-p7_S151,0,1431882,E4-e003Coalescence-mBHI-p3_S11,101638
102,G9-e003Coalescence-mGAM-p3_S178,24,1118807,E4-e003Coalescence-mBHI-p3_S11,101638
103,G2-e003Coalescence-mGAM-p3_S81,2,1516772,E4-e003Coalescence-mBHI-p3_S11,101638
104,G100-e003Coalescence-mBHI-p7_S127,3,560797,E4-e003Coalescence-mBHI-p3_S11,101638
0,C9-e003Coalescence-mGAM-p3,0,712205,G9-e003Coalescence-mBHI-p5_S30,101638
1,C11-e003Coalescence-mBHI-p3,1,455308,G9-e003Coalescence-mBHI-p5_S30,101638
2,C9-e003Coalescence-mGAM-p7,1,500113,G9-e003Coalescence-mBHI-p5_S30,101638
3,C8-e003Coalescence-mGAM-p7,25,1423925,G9-e003Coalescence-mBHI-p5_S30,101638
4,D10-e003Coalescence-mBHI-p3,4,592022,G9-e003Coalescence-mBHI-p5_S30,101638
5,B2-e003Coalescence-mBHI-p3,11,640269,G9-e003Coalescence-mBHI-p5_S30,101638
6,A4-e003Coalescence-mBHI-p7,23,1046978,G9-e003Coalescence-mBHI-p5_S30,101638
7,B3-e003Coalescence-mBHI-p3,29,851498,G9-e003Coalescence-mBHI-p5_S30,101638
8,C2-e003Coalescence-mBHI-p5,24,1531728,G9-e003Coalescence-mBHI-p5_S30,101638
9,C4-e003GlycerolRevival-mBHI-p2,0,655282,G9-e003Coalescence-mBHI-p5_S30,101638
10,B2-e003Coalescence-mBHI-p5,22,1376755,G9-e003Coalescence-mBHI-p5_S30,101638
11,C4-e003Coalescence-mGAM-p7,8,1491174,G9-e003Coalescence-mBHI-p5_S30,101638
12,B10-e003Assembly-mGAM-p5,2,708824,G9-e003Coalescence-mBHI-p5_S30,101638
13,C2-e003Coalescence-mGAM-p7,18,1544636,G9-e003Coalescence-mBHI-p5_S30,101638
14,C9-e003Coalescence-mBHI-p5,0,843947,G9-e003Coalescence-mBHI-p5_S30,101638
15,C2-e003Coalescence-mBHI-p3,29,1550808,G9-e003Coalescence-mBHI-p5_S30,101638
16,C9-e003Coalescence-mBHI-p3,8,1477971,G9-e003Coalescence-mBHI-p5_S30,101638
17,D10-e003Coalescence-mGAM-p5,4,895834,G9-e003Coalescence-mBHI-p5_S30,101638
18,C2-e003Coalescence-mGAM-p3,21,1349817,G9-e003Coalescence-mBHI-p5_S30,101638
19,B10-e003Coalescence-mBHI-p5,4,751178,G9-e003Coalescence-mBHI-p5_S30,101638
20,C4-e003Coalescence-mGAM-p5,8,1406224,G9-e003Coalescence-mBHI-p5_S30,101638
21,D5-e003Coalescence-mBHI-p5,21,1486364,G9-e003Coalescence-mBHI-p5_S30,101638
22,D3-e003Assembly-mBHI-p3,10,768389,G9-e003Coalescence-mBHI-p5_S30,101638
23,C4-e003Coalescence-mGAM-p3,8,1546978,G9-e003Coalescence-mBHI-p5_S30,101638
24,D3-e003Assembly-mBHI-p5,18,1546651,G9-e003Coalescence-mBHI-p5_S30,101638
25,A10-e003Coalescence-mGAM-p3,30,1530862,G9-e003Coalescence-mBHI-p5_S30,101638
26,B2-e003Coalescence-mGAM-p3,12,442858,G9-e003Coalescence-mBHI-p5_S30,101638
27,D3-e003Coalescence-mGAM-p5,5,515212,G9-e003Coalescence-mBHI-p5_S30,101638
28,C10-e003Coalescence-mGAM-p3,11,1520946,G9-e003Coalescence-mBHI-p5_S30,101638
29,C3-e003Coalescence-Inoculumn-mGAM,7,473234,G9-e003Coalescence-mBHI-p5_S30,101638
30,D4-e003Coalescence-Inoculumn-mBHI,5,618720,G9-e003Coalescence-mBHI-p5_S30,101638
31,A4-e003Coalescence-mBHI-p5,20,958917,G9-e003Coalescence-mBHI-p5_S30,101638
32,D10-e003Coalescence-mGAM-p7,7,938266,G9-e003Coalescence-mBHI-p5_S30,101638
33,C11-e003Coalescence-mGAM-p3,5,727674,G9-e003Coalescence-mBHI-p5_S30,101638
34,C10-e003Coalescence-mBHI-p7,13,636171,G9-e003Coalescence-mBHI-p5_S30,101638
35,B10-e003Coalescence-mBHI-p3,3,1064478,G9-e003Coalescence-mBHI-p5_S30,101638
36,C11-e003Coalescence-mBHI-p5,8,1515011,G9-e003Coalescence-mBHI-p5_S30,101638
37,C2-e003Coalescence-Inoculumn-mGAM,2,514343,G9-e003Coalescence-mBHI-p5_S30,101638
38,B4-e003Coalescence-Inoculumn-mGAM,9,1527645,G9-e003Coalescence-mBHI-p5_S30,101638
39,A10-e003Coalescence-mGAM-p7,11,1119734,G9-e003Coalescence-mBHI-p5_S30,101638
40,C4-e003Coalescence-Inoculumn-mGAM,9,1354072,G9-e003Coalescence-mBHI-p5_S30,101638
41,B10-e003Assembly-mGAM-p3,7,526228,G9-e003Coalescence-mBHI-p5_S30,101638
42,D10-e003Coalescence-mBHI-p7,4,560357,G9-e003Coalescence-mBHI-p5_S30,101638
43,B10-e003GlycerolRevival-mGAM-p2,6,912883,G9-e003Coalescence-mBHI-p5_S30,101638
44,C10-e003Coalescence-mGAM-p5,11,1544682,G9-e003Coalescence-mBHI-p5_S30,101638
45,A3-e003Coalescence-mBHI-p3,10,444927,G9-e003Coalescence-mBHI-p5_S30,101638
46,A4-e003Coalescence-mBHI-p3,17,1204293,G9-e003Coalescence-mBHI-p5_S30,101638
47,C9-e003Coalescence-mGAM-p5,5,810866,G9-e003Coalescence-mBHI-p5_S30,101638
48,C2-e003Coalescence-mGAM-p5,25,1502257,G9-e003Coalescence-mBHI-p5_S30,101638
49,C8-e003Coalescence-mBHI-p5,11,1338159,G9-e003Coalescence-mBHI-p5_S30,101638
50,B4-e003Coalescence-Inoculumn-mBHI,9,563867,G9-e003Coalescence-mBHI-p5_S30,101638
51,C5-e003Coalescence-Inoculumn-mGAM,7,1530071,G9-e003Coalescence-mBHI-p5_S30,101638
52,C4-e003Coalescence-mBHI-p5,18,881699,G9-e003Coalescence-mBHI-p5_S30,101638
53,A4-e003Coalescence-Inoculumn-mGAM,22,1506279,G9-e003Coalescence-mBHI-p5_S30,101638
54,C2-e003Coalescence-mBHI-p7,4,569461,G9-e003Coalescence-mBHI-p5_S30,101638
55,C10-e003Coalescence-mGAM-p7,10,1547140,G9-e003Coalescence-mBHI-p5_S30,101638
56,C10-e003Coalescence-mBHI-p3,7,1524472,G9-e003Coalescence-mBHI-p5_S30,101638
57,H4-e003Coalescence-mGAM-p7_S183,0,991821,G9-e003Coalescence-mBHI-p5_S30,101638
58,F5-e003Coalescence-mGAM-p5_S64,1,468781,G9-e003Coalescence-mBHI-p5_S30,101638
59,F100-e003Coalescence-mGAM-p7_S163,1,1155108,G9-e003Coalescence-mBHI-p5_S30,101638
60,E3-e003Coalescence-mGAM-p3_S58,10,516408,G9-e003Coalescence-mBHI-p5_S30,101638
61,G4-e003Coalescence-mBHI-p5_S27,3,878137,G9-e003Coalescence-mBHI-p5_S30,101638
62,G2-e003Coalescence-mBHI-p3_S33,16,1521290,G9-e003Coalescence-mBHI-p5_S30,101638
63,G100-e003Coalescence-mGAM-p3_S179,3,1153539,G9-e003Coalescence-mBHI-p5_S30,101638
64,G111-e003Coalescence-mBHI-p5_S32,3,1154220,G9-e003Coalescence-mBHI-p5_S30,101638
65,E3-e003Coalescence-mBHI-p3_S10,14,711439,G9-e003Coalescence-mBHI-p5_S30,101638
66,F2-e003Coalescence-mGAM-p7_S157,1,556375,G9-e003Coalescence-mBHI-p5_S30,101638
67,E100-e003Coalescence-mGAM-p3_S155,26,1461251,G9-e003Coalescence-mBHI-p5_S30,101638
68,E3-e003Coalescence-mGAM-p5_S50,15,1371172,G9-e003Coalescence-mBHI-p5_S30,101638
69,H100-e003Coalescence-mBHI-p5_S43,2,925751,G9-e003Coalescence-mBHI-p5_S30,101638
70,F2-e003Coalescence-mGAM-p5_S61,1,1281223,G9-e003Coalescence-mBHI-p5_S30,101638
71,G100-e003Coalescence-mBHI-p5_S31,1,829979,G9-e003Coalescence-mBHI-p5_S30,101638
72,G4-e003Coalescence-mBHI-p3_S35,5,474244,G9-e003Coalescence-mBHI-p5_S30,101638
73,E4-e003Coalescence-mBHI-p5_S3,20,1426946,G9-e003Coalescence-mBHI-p5_S30,101638
74,E4-e003Coalescence-mGAM-p5_S51,13,579225,G9-e003Coalescence-mBHI-p5_S30,101638
75,G9-e003Coalescence-mGAM-p7_S174,1,622414,G9-e003Coalescence-mBHI-p5_S30,101638
76,E8-e003Coalescence-mGAM-p3_S153,2,1489557,G9-e003Coalescence-mBHI-p5_S30,101638
77,G100-e003Coalescence-mGAM-p7_S175,2,673821,G9-e003Coalescence-mBHI-p5_S30,101638
78,G3-e003Coalescence-mBHI-p7_S122,1,531581,G9-e003Coalescence-mBHI-p5_S30,101638
79,G4-e003Coalescence-mGAM-p5_S75,1,1533148,G9-e003Coalescence-mBHI-p5_S30,101638
80,G8-e003Coalescence-mBHI-p3_S129,8,840340,G9-e003Coalescence-mBHI-p5_S30,101638
81,G2-e003Coalescence-mGAM-p5_S73,10,1525280,G9-e003Coalescence-mBHI-p5_S30,101638
82,E100-e003Coalescence-mGAM-p5_S55,21,1291155,G9-e003Coalescence-mBHI-p5_S30,101638
83,G4-e003Coalescence-mGAM-p3_S83,1,1536688,G9-e003Coalescence-mBHI-p5_S30,101638
84,F4-e003Coalescence-mBHI-p7_S111,3,477586,G9-e003Coalescence-mBHI-p5_S30,101638
85,G4-e003Coalescence-mGAM-p7_S171,1,1471075,G9-e003Coalescence-mBHI-p5_S30,101638
86,F100-e003Coalescence-mBHI-p7_S115,1,1350695,G9-e003Coalescence-mBHI-p5_S30,101638
87,E3-e003Coalescence-mGAM-p7_S146,9,1297929,G9-e003Coalescence-mBHI-p5_S30,101638
88,E3-e003Coalescence-mBHI-p5_S2,13,758841,G9-e003Coalescence-mBHI-p5_S30,101638
89,G2-e003Coalescence-mBHI-p7_S121,9,1251923,G9-e003Coalescence-mBHI-p5_S30,101638
90,F2-e003Coalescence-mBHI-p5_S13,13,1483168,G9-e003Coalescence-mBHI-p5_S30,101638
91,F2-e003Coalescence-mGAM-p3_S69,1,1044013,G9-e003Coalescence-mBHI-p5_S30,101638
92,G100-e003Coalescence-mGAM-p5_S79,5,1518875,G9-e003Coalescence-mBHI-p5_S30,101638
93,E4-e003Coalescence-mGAM-p7_S147,9,1030477,G9-e003Coalescence-mBHI-p5_S30,101638
94,E4-e003Coalescence-mGAM-p3_S59,12,1512400,G9-e003Coalescence-mBHI-p5_S30,101638
95,H100-e003Coalescence-mBHI-p7_S139,4,1461470,G9-e003Coalescence-mBHI-p5_S30,101638
96,G8-e003Coalescence-mBHI-p5_S29,9,757680,G9-e003Coalescence-mBHI-p5_S30,101638
97,G2-e003Coalescence-mBHI-p5_S25,3,1534425,G9-e003Coalescence-mBHI-p5_S30,101638
98,G8-e003Coalescence-mGAM-p7_S173,23,1390044,G9-e003Coalescence-mBHI-p5_S30,101638
99,E4-e003Coalescence-mBHI-p3_S11,14,1489708,G9-e003Coalescence-mBHI-p5_S30,101638
100,G9-e003Coalescence-mBHI-p5_S30,0,972978,G9-e003Coalescence-mBHI-p5_S30,101638
101,E100-e003Coalescence-mGAM-p7_S151,19,1431882,G9-e003Coalescence-mBHI-p5_S30,101638
102,G9-e003Coalescence-mGAM-p3_S178,0,1118807,G9-e003Coalescence-mBHI-p5_S30,101638
103,G2-e003Coalescence-mGAM-p3_S81,13,1516772,G9-e003Coalescence-mBHI-p5_S30,101638
104,G100-e003Coalescence-mBHI-p7_S127,1,560797,G9-e003Coalescence-mBHI-p5_S30,101638
0,C9-e003Coalescence-mGAM-p3,22,712205,E100-e003Coalescence-mGAM-p7_S151,101638
1,C11-e003Coalescence-mBHI-p3,4,455308,E100-e003Coalescence-mGAM-p7_S151,101638
2,C9-e003Coalescence-mGAM-p7,28,500113,E100-e003Coalescence-mGAM-p7_S151,101638
3,C8-e003Coalescence-mGAM-p7,8,1423925,E100-e003Coalescence-mGAM-p7_S151,101638
4,D10-e003Coalescence-mBHI-p3,30,592022,E100-e003Coalescence-mGAM-p7_S151,101638
5,B2-e003Coalescence-mBHI-p3,12,640269,E100-e003Coalescence-mGAM-p7_S151,101638
6,A4-e003Coalescence-mBHI-p7,7,1046978,E100-e003Coalescence-mGAM-p7_S151,101638
7,B3-e003Coalescence-mBHI-p3,43,851498,E100-e003Coalescence-mGAM-p7_S151,101638
8,C2-e003Coalescence-mBHI-p5,10,1531728,E100-e003Coalescence-mGAM-p7_S151,101638
9,C4-e003GlycerolRevival-mBHI-p2,24,655282,E100-e003Coalescence-mGAM-p7_S151,101638
10,B2-e003Coalescence-mBHI-p5,15,1376755,E100-e003Coalescence-mGAM-p7_S151,101638
11,C4-e003Coalescence-mGAM-p7,10,1491174,E100-e003Coalescence-mGAM-p7_S151,101638
12,B10-e003Assembly-mGAM-p5,3,708824,E100-e003Coalescence-mGAM-p7_S151,101638
13,C2-e003Coalescence-mGAM-p7,10,1544636,E100-e003Coalescence-mGAM-p7_S151,101638
14,C9-e003Coalescence-mBHI-p5,32,843947,E100-e003Coalescence-mGAM-p7_S151,101638
15,C2-e003Coalescence-mBHI-p3,10,1550808,E100-e003Coalescence-mGAM-p7_S151,101638
16,C9-e003Coalescence-mBHI-p3,42,1477971,E100-e003Coalescence-mGAM-p7_S151,101638
17,D10-e003Coalescence-mGAM-p5,27,895834,E100-e003Coalescence-mGAM-p7_S151,101638
18,C2-e003Coalescence-mGAM-p3,10,1349817,E100-e003Coalescence-mGAM-p7_S151,101638
19,B10-e003Coalescence-mBHI-p5,23,751178,E100-e003Coalescence-mGAM-p7_S151,101638
20,C4-e003Coalescence-mGAM-p5,9,1406224,E100-e003Coalescence-mGAM-p7_S151,101638
21,D5-e003Coalescence-mBHI-p5,10,1486364,E100-e003Coalescence-mGAM-p7_S151,101638
22,D3-e003Assembly-mBHI-p3,22,768389,E100-e003Coalescence-mGAM-p7_S151,101638
23,C4-e003Coalescence-mGAM-p3,10,1546978,E100-e003Coalescence-mGAM-p7_S151,101638
24,D3-e003Assembly-mBHI-p5,24,1546651,E100-e003Coalescence-mGAM-p7_S151,101638
25,A10-e003Coalescence-mGAM-p3,10,1530862,E100-e003Coalescence-mGAM-p7_S151,101638
26,B2-e003Coalescence-mGAM-p3,6,442858,E100-e003Coalescence-mGAM-p7_S151,101638
27,D3-e003Coalescence-mGAM-p5,15,515212,E100-e003Coalescence-mGAM-p7_S151,101638
28,C10-e003Coalescence-mGAM-p3,12,1520946,E100-e003Coalescence-mGAM-p7_S151,101638
29,C3-e003Coalescence-Inoculumn-mGAM,6,473234,E100-e003Coalescence-mGAM-p7_S151,101638
30,D4-e003Coalescence-Inoculumn-mBHI,8,618720,E100-e003Coalescence-mGAM-p7_S151,101638
31,A4-e003Coalescence-mBHI-p5,2,958917,E100-e003Coalescence-mGAM-p7_S151,101638
32,D10-e003Coalescence-mGAM-p7,18,938266,E100-e003Coalescence-mGAM-p7_S151,101638
33,C11-e003Coalescence-mGAM-p3,32,727674,E100-e003Coalescence-mGAM-p7_S151,101638
34,C10-e003Coalescence-mBHI-p7,26,636171,E100-e003Coalescence-mGAM-p7_S151,101638
35,B10-e003Coalescence-mBHI-p3,29,1064478,E100-e003Coalescence-mGAM-p7_S151,101638
36,C11-e003Coalescence-mBHI-p5,20,1515011,E100-e003Coalescence-mGAM-p7_S151,101638
37,C2-e003Coalescence-Inoculumn-mGAM,2,514343,E100-e003Coalescence-mGAM-p7_S151,101638
38,B4-e003Coalescence-Inoculumn-mGAM,46,1527645,E100-e003Coalescence-mGAM-p7_S151,101638
39,A10-e003Coalescence-mGAM-p7,6,1119734,E100-e003Coalescence-mGAM-p7_S151,101638
40,C4-e003Coalescence-Inoculumn-mGAM,10,1354072,E100-e003Coalescence-mGAM-p7_S151,101638
41,B10-e003Assembly-mGAM-p3,9,526228,E100-e003Coalescence-mGAM-p7_S151,101638
42,D10-e003Coalescence-mBHI-p7,9,560357,E100-e003Coalescence-mGAM-p7_S151,101638
43,B10-e003GlycerolRevival-mGAM-p2,4,912883,E100-e003Coalescence-mGAM-p7_S151,101638
44,C10-e003Coalescence-mGAM-p5,11,1544682,E100-e003Coalescence-mGAM-p7_S151,101638
45,A3-e003Coalescence-mBHI-p3,8,444927,E100-e003Coalescence-mGAM-p7_S151,101638
46,A4-e003Coalescence-mBHI-p3,5,1204293,E100-e003Coalescence-mGAM-p7_S151,101638
47,C9-e003Coalescence-mGAM-p5,33,810866,E100-e003Coalescence-mGAM-p7_S151,101638
48,C2-e003Coalescence-mGAM-p5,10,1502257,E100-e003Coalescence-mGAM-p7_S151,101638
49,C8-e003Coalescence-mBHI-p5,16,1338159,E100-e003Coalescence-mGAM-p7_S151,101638
50,B4-e003Coalescence-Inoculumn-mBHI,13,563867,E100-e003Coalescence-mGAM-p7_S151,101638
51,C5-e003Coalescence-Inoculumn-mGAM,11,1530071,E100-e003Coalescence-mGAM-p7_S151,101638
52,C4-e003Coalescence-mBHI-p5,25,881699,E100-e003Coalescence-mGAM-p7_S151,101638
53,A4-e003Coalescence-Inoculumn-mGAM,11,1506279,E100-e003Coalescence-mGAM-p7_S151,101638
54,C2-e003Coalescence-mBHI-p7,4,569461,E100-e003Coalescence-mGAM-p7_S151,101638
55,C10-e003Coalescence-mGAM-p7,10,1547140,E100-e003Coalescence-mGAM-p7_S151,101638
56,C10-e003Coalescence-mBHI-p3,14,1524472,E100-e003Coalescence-mGAM-p7_S151,101638
57,H4-e003Coalescence-mGAM-p7_S183,5,991821,E100-e003Coalescence-mGAM-p7_S151,101638
58,F5-e003Coalescence-mGAM-p5_S64,2,468781,E100-e003Coalescence-mGAM-p7_S151,101638
59,F100-e003Coalescence-mGAM-p7_S163,9,1155108,E100-e003Coalescence-mGAM-p7_S151,101638
60,E3-e003Coalescence-mGAM-p3_S58,6,516408,E100-e003Coalescence-mGAM-p7_S151,101638
61,G4-e003Coalescence-mBHI-p5_S27,6,878137,E100-e003Coalescence-mGAM-p7_S151,101638
62,G2-e003Coalescence-mBHI-p3_S33,2,1521290,E100-e003Coalescence-mGAM-p7_S151,101638
63,G100-e003Coalescence-mGAM-p3_S179,0,1153539,E100-e003Coalescence-mGAM-p7_S151,101638
64,G111-e003Coalescence-mBHI-p5_S32,33,1154220,E100-e003Coalescence-mGAM-p7_S151,101638
65,E3-e003Coalescence-mBHI-p3_S10,0,711439,E100-e003Coalescence-mGAM-p7_S151,101638
66,F2-e003Coalescence-mGAM-p7_S157,1,556375,E100-e003Coalescence-mGAM-p7_S151,101638
67,E100-e003Coalescence-mGAM-p3_S155,4,1461251,E100-e003Coalescence-mGAM-p7_S151,101638
68,E3-e003Coalescence-mGAM-p5_S50,0,1371172,E100-e003Coalescence-mGAM-p7_S151,101638
69,H100-e003Coalescence-mBHI-p5_S43,29,925751,E100-e003Coalescence-mGAM-p7_S151,101638
70,F2-e003Coalescence-mGAM-p5_S61,2,1281223,E100-e003Coalescence-mGAM-p7_S151,101638
71,G100-e003Coalescence-mBHI-p5_S31,2,829979,E100-e003Coalescence-mGAM-p7_S151,101638
72,G4-e003Coalescence-mBHI-p3_S35,11,474244,E100-e003Coalescence-mGAM-p7_S151,101638
73,E4-e003Coalescence-mBHI-p5_S3,2,1426946,E100-e003Coalescence-mGAM-p7_S151,101638
74,E4-e003Coalescence-mGAM-p5_S51,0,579225,E100-e003Coalescence-mGAM-p7_S151,101638
75,G9-e003Coalescence-mGAM-p7_S174,24,622414,E100-e003Coalescence-mGAM-p7_S151,101638
76,E8-e003Coalescence-mGAM-p3_S153,6,1489557,E100-e003Coalescence-mGAM-p7_S151,101638
77,G100-e003Coalescence-mGAM-p7_S175,1,673821,E100-e003Coalescence-mGAM-p7_S151,101638
78,G3-e003Coalescence-mBHI-p7_S122,23,531581,E100-e003Coalescence-mGAM-p7_S151,101638
79,G4-e003Coalescence-mGAM-p5_S75,1,1533148,E100-e003Coalescence-mGAM-p7_S151,101638
80,G8-e003Coalescence-mBHI-p3_S129,2,840340,E100-e003Coalescence-mGAM-p7_S151,101638
81,G2-e003Coalescence-mGAM-p5_S73,2,1525280,E100-e003Coalescence-mGAM-p7_S151,101638
82,E100-e003Coalescence-mGAM-p5_S55,0,1291155,E100-e003Coalescence-mGAM-p7_S151,101638
83,G4-e003Coalescence-mGAM-p3_S83,2,1536688,E100-e003Coalescence-mGAM-p7_S151,101638
84,F4-e003Coalescence-mBHI-p7_S111,23,477586,E100-e003Coalescence-mGAM-p7_S151,101638
85,G4-e003Coalescence-mGAM-p7_S171,1,1471075,E100-e003Coalescence-mGAM-p7_S151,101638
86,F100-e003Coalescence-mBHI-p7_S115,32,1350695,E100-e003Coalescence-mGAM-p7_S151,101638
87,E3-e003Coalescence-mGAM-p7_S146,0,1297929,E100-e003Coalescence-mGAM-p7_S151,101638
88,E3-e003Coalescence-mBHI-p5_S2,0,758841,E100-e003Coalescence-mGAM-p7_S151,101638
89,G2-e003Coalescence-mBHI-p7_S121,1,1251923,E100-e003Coalescence-mGAM-p7_S151,101638
90,F2-e003Coalescence-mBHI-p5_S13,2,1483168,E100-e003Coalescence-mGAM-p7_S151,101638
91,F2-e003Coalescence-mGAM-p3_S69,0,1044013,E100-e003Coalescence-mGAM-p7_S151,101638
92,G100-e003Coalescence-mGAM-p5_S79,3,1518875,E100-e003Coalescence-mGAM-p7_S151,101638
93,E4-e003Coalescence-mGAM-p7_S147,0,1030477,E100-e003Coalescence-mGAM-p7_S151,101638
94,E4-e003Coalescence-mGAM-p3_S59,1,1512400,E100-e003Coalescence-mGAM-p7_S151,101638
95,H100-e003Coalescence-mBHI-p7_S139,39,1461470,E100-e003Coalescence-mGAM-p7_S151,101638
96,G8-e003Coalescence-mBHI-p5_S29,9,757680,E100-e003Coalescence-mGAM-p7_S151,101638
97,G2-e003Coalescence-mBHI-p5_S25,1,1534425,E100-e003Coalescence-mGAM-p7_S151,101638
98,G8-e003Coalescence-mGAM-p7_S173,1,1390044,E100-e003Coalescence-mGAM-p7_S151,101638
99,E4-e003Coalescence-mBHI-p3_S11,2,1489708,E100-e003Coalescence-mGAM-p7_S151,101638
100,G9-e003Coalescence-mBHI-p5_S30,19,972978,E100-e003Coalescence-mGAM-p7_S151,101638
101,E100-e003Coalescence-mGAM-p7_S151,0,1431882,E100-e003Coalescence-mGAM-p7_S151,101638
102,G9-e003Coalescence-mGAM-p3_S178,31,1118807,E100-e003Coalescence-mGAM-p7_S151,101638
103,G2-e003Coalescence-mGAM-p3_S81,2,1516772,E100-e003Coalescence-mGAM-p7_S151,101638
104,G100-e003Coalescence-mBHI-p7_S127,10,560797,E100-e003Coalescence-mGAM-p7_S151,101638
0,C9-e003Coalescence-mGAM-p3,1,712205,G9-e003Coalescence-mGAM-p3_S178,101638
1,C11-e003Coalescence-mBHI-p3,1,455308,G9-e003Coalescence-mGAM-p3_S178,101638
2,C9-e003Coalescence-mGAM-p7,1,500113,G9-e003Coalescence-mGAM-p3_S178,101638
3,C8-e003Coalescence-mGAM-p7,29,1423925,G9-e003Coalescence-mGAM-p3_S178,101638
4,D10-e003Coalescence-mBHI-p3,10,592022,G9-e003Coalescence-mGAM-p3_S178,101638
5,B2-e003Coalescence-mBHI-p3,21,640269,G9-e003Coalescence-mGAM-p3_S178,101638
6,A4-e003Coalescence-mBHI-p7,33,1046978,G9-e003Coalescence-mGAM-p3_S178,101638
7,B3-e003Coalescence-mBHI-p3,30,851498,G9-e003Coalescence-mGAM-p3_S178,101638
8,C2-e003Coalescence-mBHI-p5,34,1531728,G9-e003Coalescence-mGAM-p3_S178,101638
9,C4-e003GlycerolRevival-mBHI-p2,2,655282,G9-e003Coalescence-mGAM-p3_S178,101638
10,B2-e003Coalescence-mBHI-p5,35,1376755,G9-e003Coalescence-mGAM-p3_S178,101638
11,C4-e003Coalescence-mGAM-p7,6,1491174,G9-e003Coalescence-mGAM-p3_S178,101638
12,B10-e003Assembly-mGAM-p5,3,708824,G9-e003Coalescence-mGAM-p3_S178,101638
13,C2-e003Coalescence-mGAM-p7,26,1544636,G9-e003Coalescence-mGAM-p3_S178,101638
14,C9-e003Coalescence-mBHI-p5,2,843947,G9-e003Coalescence-mGAM-p3_S178,101638
15,C2-e003Coalescence-mBHI-p3,42,1550808,G9-e003Coalescence-mGAM-p3_S178,101638
16,C9-e003Coalescence-mBHI-p3,8,1477971,G9-e003Coalescence-mGAM-p3_S178,101638
17,D10-e003Coalescence-mGAM-p5,6,895834,G9-e003Coalescence-mGAM-p3_S178,101638
18,C2-e003Coalescence-mGAM-p3,34,1349817,G9-e003Coalescence-mGAM-p3_S178,101638
19,B10-e003Coalescence-mBHI-p5,5,751178,G9-e003Coalescence-mGAM-p3_S178,101638
20,C4-e003Coalescence-mGAM-p5,6,1406224,G9-e003Coalescence-mGAM-p3_S178,101638
21,D5-e003Coalescence-mBHI-p5,32,1486364,G9-e003Coalescence-mGAM-p3_S178,101638
22,D3-e003Assembly-mBHI-p3,9,768389,G9-e003Coalescence-mGAM-p3_S178,101638
23,C4-e003Coalescence-mGAM-p3,7,1546978,G9-e003Coalescence-mGAM-p3_S178,101638
24,D3-e003Assembly-mBHI-p5,15,1546651,G9-e003Coalescence-mGAM-p3_S178,101638
25,A10-e003Coalescence-mGAM-p3,41,1530862,G9-e003Coalescence-mGAM-p3_S178,101638
26,B2-e003Coalescence-mGAM-p3,24,442858,G9-e003Coalescence-mGAM-p3_S178,101638
27,D3-e003Coalescence-mGAM-p5,10,515212,G9-e003Coalescence-mGAM-p3_S178,101638
28,C10-e003Coalescence-mGAM-p3,10,1520946,G9-e003Coalescence-mGAM-p3_S178,101638
29,C3-e003Coalescence-Inoculumn-mGAM,2,473234,G9-e003Coalescence-mGAM-p3_S178,101638
30,D4-e003Coalescence-Inoculumn-mBHI,8,618720,G9-e003Coalescence-mGAM-p3_S178,101638
31,A4-e003Coalescence-mBHI-p5,31,958917,G9-e003Coalescence-mGAM-p3_S178,101638
32,D10-e003Coalescence-mGAM-p7,4,938266,G9-e003Coalescence-mGAM-p3_S178,101638
33,C11-e003Coalescence-mGAM-p3,10,727674,G9-e003Coalescence-mGAM-p3_S178,101638
34,C10-e003Coalescence-mBHI-p7,23,636171,G9-e003Coalescence-mGAM-p3_S178,101638
35,B10-e003Coalescence-mBHI-p3,4,1064478,G9-e003Coalescence-mGAM-p3_S178,101638
36,C11-e003Coalescence-mBHI-p5,10,1515011,G9-e003Coalescence-mGAM-p3_S178,101638
37,C2-e003Coalescence-Inoculumn-mGAM,3,514343,G9-e003Coalescence-mGAM-p3_S178,101638
38,B4-e003Coalescence-Inoculumn-mGAM,8,1527645,G9-e003Coalescence-mGAM-p3_S178,101638
39,A10-e003Coalescence-mGAM-p7,10,1119734,G9-e003Coalescence-mGAM-p3_S178,101638
40,C4-e003Coalescence-Inoculumn-mGAM,6,1354072,G9-e003Coalescence-mGAM-p3_S178,101638
41,B10-e003Assembly-mGAM-p3,7,526228,G9-e003Coalescence-mGAM-p3_S178,101638
42,D10-e003Coalescence-mBHI-p7,6,560357,G9-e003Coalescence-mGAM-p3_S178,101638
43,B10-e003GlycerolRevival-mGAM-p2,6,912883,G9-e003Coalescence-mGAM-p3_S178,101638
44,C10-e003Coalescence-mGAM-p5,9,1544682,G9-e003Coalescence-mGAM-p3_S178,101638
45,A3-e003Coalescence-mBHI-p3,18,444927,G9-e003Coalescence-mGAM-p3_S178,101638
46,A4-e003Coalescence-mBHI-p3,31,1204293,G9-e003Coalescence-mGAM-p3_S178,101638
47,C9-e003Coalescence-mGAM-p5,2,810866,G9-e003Coalescence-mGAM-p3_S178,101638
48,C2-e003Coalescence-mGAM-p5,37,1502257,G9-e003Coalescence-mGAM-p3_S178,101638
49,C8-e003Coalescence-mBHI-p5,19,1338159,G9-e003Coalescence-mGAM-p3_S178,101638
50,B4-e003Coalescence-Inoculumn-mBHI,8,563867,G9-e003Coalescence-mGAM-p3_S178,101638
51,C5-e003Coalescence-Inoculumn-mGAM,6,1530071,G9-e003Coalescence-mGAM-p3_S178,101638
52,C4-e003Coalescence-mBHI-p5,20,881699,G9-e003Coalescence-mGAM-p3_S178,101638
53,A4-e003Coalescence-Inoculumn-mGAM,30,1506279,G9-e003Coalescence-mGAM-p3_S178,101638
54,C2-e003Coalescence-mBHI-p7,5,569461,G9-e003Coalescence-mGAM-p3_S178,101638
55,C10-e003Coalescence-mGAM-p7,8,1547140,G9-e003Coalescence-mGAM-p3_S178,101638
56,C10-e003Coalescence-mBHI-p3,8,1524472,G9-e003Coalescence-mGAM-p3_S178,101638
57,H4-e003Coalescence-mGAM-p7_S183,4,991821,G9-e003Coalescence-mGAM-p3_S178,101638
58,F5-e003Coalescence-mGAM-p5_S64,0,468781,G9-e003Coalescence-mGAM-p3_S178,101638
59,F100-e003Coalescence-mGAM-p7_S163,0,1155108,G9-e003Coalescence-mGAM-p3_S178,101638
60,E3-e003Coalescence-mGAM-p3_S58,20,516408,G9-e003Coalescence-mGAM-p3_S178,101638
61,G4-e003Coalescence-mBHI-p5_S27,7,878137,G9-e003Coalescence-mGAM-p3_S178,101638
62,G2-e003Coalescence-mBHI-p3_S33,22,1521290,G9-e003Coalescence-mGAM-p3_S178,101638
63,G100-e003Coalescence-mGAM-p3_S179,1,1153539,G9-e003Coalescence-mGAM-p3_S178,101638
64,G111-e003Coalescence-mBHI-p5_S32,4,1154220,G9-e003Coalescence-mGAM-p3_S178,101638
65,E3-e003Coalescence-mBHI-p3_S10,20,711439,G9-e003Coalescence-mGAM-p3_S178,101638
66,F2-e003Coalescence-mGAM-p7_S157,0,556375,G9-e003Coalescence-mGAM-p3_S178,101638
67,E100-e003Coalescence-mGAM-p3_S155,33,1461251,G9-e003Coalescence-mGAM-p3_S178,101638
68,E3-e003Coalescence-mGAM-p5_S50,15,1371172,G9-e003Coalescence-mGAM-p3_S178,101638
69,H100-e003Coalescence-mBHI-p5_S43,4,925751,G9-e003Coalescence-mGAM-p3_S178,101638
70,F2-e003Coalescence-mGAM-p5_S61,2,1281223,G9-e003Coalescence-mGAM-p3_S178,101638
71,G100-e003Coalescence-mBHI-p5_S31,1,829979,G9-e003Coalescence-mGAM-p3_S178,101638
72,G4-e003Coalescence-mBHI-p3_S35,6,474244,G9-e003Coalescence-mGAM-p3_S178,101638
73,E4-e003Coalescence-mBHI-p5_S3,33,1426946,G9-e003Coalescence-mGAM-p3_S178,101638
74,E4-e003Coalescence-mGAM-p5_S51,27,579225,G9-e003Coalescence-mGAM-p3_S178,101638
75,G9-e003Coalescence-mGAM-p7_S174,0,622414,G9-e003Coalescence-mGAM-p3_S178,101638
76,E8-e003Coalescence-mGAM-p3_S153,7,1489557,G9-e003Coalescence-mGAM-p3_S178,101638
77,G100-e003Coalescence-mGAM-p7_S175,0,673821,G9-e003Coalescence-mGAM-p3_S178,101638
78,G3-e003Coalescence-mBHI-p7_S122,1,531581,G9-e003Coalescence-mGAM-p3_S178,101638
79,G4-e003Coalescence-mGAM-p5_S75,1,1533148,G9-e003Coalescence-mGAM-p3_S178,101638
80,G8-e003Coalescence-mBHI-p3_S129,8,840340,G9-e003Coalescence-mGAM-p3_S178,101638
81,G2-e003Coalescence-mGAM-p5_S73,23,1525280,G9-e003Coalescence-mGAM-p3_S178,101638
82,E100-e003Coalescence-mGAM-p5_S55,30,1291155,G9-e003Coalescence-mGAM-p3_S178,101638
83,G4-e003Coalescence-mGAM-p3_S83,1,1536688,G9-e003Coalescence-mGAM-p3_S178,101638
84,F4-e003Coalescence-mBHI-p7_S111,3,477586,G9-e003Coalescence-mGAM-p3_S178,101638
85,G4-e003Coalescence-mGAM-p7_S171,1,1471075,G9-e003Coalescence-mGAM-p3_S178,101638
86,F100-e003Coalescence-mBHI-p7_S115,0,1350695,G9-e003Coalescence-mGAM-p3_S178,101638
87,E3-e003Coalescence-mGAM-p7_S146,6,1297929,G9-e003Coalescence-mGAM-p3_S178,101638
88,E3-e003Coalescence-mBHI-p5_S2,21,758841,G9-e003Coalescence-mGAM-p3_S178,101638
89,G2-e003Coalescence-mBHI-p7_S121,9,1251923,G9-e003Coalescence-mGAM-p3_S178,101638
90,F2-e003Coalescence-mBHI-p5_S13,14,1483168,G9-e003Coalescence-mGAM-p3_S178,101638
91,F2-e003Coalescence-mGAM-p3_S69,0,1044013,G9-e003Coalescence-mGAM-p3_S178,101638
92,G100-e003Coalescence-mGAM-p5_S79,6,1518875,G9-e003Coalescence-mGAM-p3_S178,101638
93,E4-e003Coalescence-mGAM-p7_S147,7,1030477,G9-e003Coalescence-mGAM-p3_S178,101638
94,E4-e003Coalescence-mGAM-p3_S59,17,1512400,G9-e003Coalescence-mGAM-p3_S178,101638
95,H100-e003Coalescence-mBHI-p7_S139,3,1461470,G9-e003Coalescence-mGAM-p3_S178,101638
96,G8-e003Coalescence-mBHI-p5_S29,12,757680,G9-e003Coalescence-mGAM-p3_S178,101638
97,G2-e003Coalescence-mBHI-p5_S25,2,1534425,G9-e003Coalescence-mGAM-p3_S178,101638
98,G8-e003Coalescence-mGAM-p7_S173,34,1390044,G9-e003Coalescence-mGAM-p3_S178,101638
99,E4-e003Coalescence-mBHI-p3_S11,27,1489708,G9-e003Coalescence-mGAM-p3_S178,101638
100,G9-e003Coalescence-mBHI-p5_S30,1,972978,G9-e003Coalescence-mGAM-p3_S178,101638
101,E100-e003Coalescence-mGAM-p7_S151,31,1431882,G9-e003Coalescence-mGAM-p3_S178,101638
102,G9-e003Coalescence-mGAM-p3_S178,0,1118807,G9-e003Coalescence-mGAM-p3_S178,101638
103,G2-e003Coalescence-mGAM-p3_S81,27,1516772,G9-e003Coalescence-mGAM-p3_S178,101638
104,G100-e003Coalescence-mBHI-p7_S127,8,560797,G9-e003Coalescence-mGAM-p3_S178,101638
0,C9-e003Coalescence-mGAM-p3,17,712205,G2-e003Coalescence-mGAM-p3_S81,101638
1,C11-e003Coalescence-mBHI-p3,5,455308,G2-e003Coalescence-mGAM-p3_S81,101638
2,C9-e003Coalescence-mGAM-p7,25,500113,G2-e003Coalescence-mGAM-p3_S81,101638
3,C8-e003Coalescence-mGAM-p7,7,1423925,G2-e003Coalescence-mGAM-p3_S81,101638
4,D10-e003Coalescence-mBHI-p3,20,592022,G2-e003Coalescence-mGAM-p3_S81,101638
5,B2-e003Coalescence-mBHI-p3,11,640269,G2-e003Coalescence-mGAM-p3_S81,101638
6,A4-e003Coalescence-mBHI-p7,5,1046978,G2-e003Coalescence-mGAM-p3_S81,101638
7,B3-e003Coalescence-mBHI-p3,34,851498,G2-e003Coalescence-mGAM-p3_S81,101638
8,C2-e003Coalescence-mBHI-p5,8,1531728,G2-e003Coalescence-mGAM-p3_S81,101638
9,C4-e003GlycerolRevival-mBHI-p2,17,655282,G2-e003Coalescence-mGAM-p3_S81,101638
10,B2-e003Coalescence-mBHI-p5,13,1376755,G2-e003Coalescence-mGAM-p3_S81,101638
11,C4-e003Coalescence-mGAM-p7,8,1491174,G2-e003Coalescence-mGAM-p3_S81,101638
12,B10-e003Assembly-mGAM-p5,2,708824,G2-e003Coalescence-mGAM-p3_S81,101638
13,C2-e003Coalescence-mGAM-p7,8,1544636,G2-e003Coalescence-mGAM-p3_S81,101638
14,C9-e003Coalescence-mBHI-p5,27,843947,G2-e003Coalescence-mGAM-p3_S81,101638
15,C2-e003Coalescence-mBHI-p3,9,1550808,G2-e003Coalescence-mGAM-p3_S81,101638
16,C9-e003Coalescence-mBHI-p3,33,1477971,G2-e003Coalescence-mGAM-p3_S81,101638
17,D10-e003Coalescence-mGAM-p5,22,895834,G2-e003Coalescence-mGAM-p3_S81,101638
18,C2-e003Coalescence-mGAM-p3,8,1349817,G2-e003Coalescence-mGAM-p3_S81,101638
19,B10-e003Coalescence-mBHI-p5,16,751178,G2-e003Coalescence-mGAM-p3_S81,101638
20,C4-e003Coalescence-mGAM-p5,8,1406224,G2-e003Coalescence-mGAM-p3_S81,101638
21,D5-e003Coalescence-mBHI-p5,5,1486364,G2-e003Coalescence-mGAM-p3_S81,101638
22,D3-e003Assembly-mBHI-p3,25,768389,G2-e003Coalescence-mGAM-p3_S81,101638
23,C4-e003Coalescence-mGAM-p3,9,1546978,G2-e003Coalescence-mGAM-p3_S81,101638
24,D3-e003Assembly-mBHI-p5,29,1546651,G2-e003Coalescence-mGAM-p3_S81,101638
25,A10-e003Coalescence-mGAM-p3,8,1530862,G2-e003Coalescence-mGAM-p3_S81,101638
26,B2-e003Coalescence-mGAM-p3,4,442858,G2-e003Coalescence-mGAM-p3_S81,101638
27,D3-e003Coalescence-mGAM-p5,11,515212,G2-e003Coalescence-mGAM-p3_S81,101638
28,C10-e003Coalescence-mGAM-p3,14,1520946,G2-e003Coalescence-mGAM-p3_S81,101638
29,C3-e003Coalescence-Inoculumn-mGAM,7,473234,G2-e003Coalescence-mGAM-p3_S81,101638
30,D4-e003Coalescence-Inoculumn-mBHI,7,618720,G2-e003Coalescence-mGAM-p3_S81,101638
31,A4-e003Coalescence-mBHI-p5,3,958917,G2-e003Coalescence-mGAM-p3_S81,101638
32,D10-e003Coalescence-mGAM-p7,12,938266,G2-e003Coalescence-mGAM-p3_S81,101638
33,C11-e003Coalescence-mGAM-p3,26,727674,G2-e003Coalescence-mGAM-p3_S81,101638
34,C10-e003Coalescence-mBHI-p7,23,636171,G2-e003Coalescence-mGAM-p3_S81,101638
35,B10-e003Coalescence-mBHI-p3,23,1064478,G2-e003Coalescence-mGAM-p3_S81,101638
36,C11-e003Coalescence-mBHI-p5,12,1515011,G2-e003Coalescence-mGAM-p3_S81,101638
37,C2-e003Coalescence-Inoculumn-mGAM,3,514343,G2-e003Coalescence-mGAM-p3_S81,101638
38,B4-e003Coalescence-Inoculumn-mGAM,40,1527645,G2-e003Coalescence-mGAM-p3_S81,101638
39,A10-e003Coalescence-mGAM-p7,6,1119734,G2-e003Coalescence-mGAM-p3_S81,101638
40,C4-e003Coalescence-Inoculumn-mGAM,10,1354072,G2-e003Coalescence-mGAM-p3_S81,101638
41,B10-e003Assembly-mGAM-p3,9,526228,G2-e003Coalescence-mGAM-p3_S81,101638
42,D10-e003Coalescence-mBHI-p7,10,560357,G2-e003Coalescence-mGAM-p3_S81,101638
43,B10-e003GlycerolRevival-mGAM-p2,4,912883,G2-e003Coalescence-mGAM-p3_S81,101638
44,C10-e003Coalescence-mGAM-p5,12,1544682,G2-e003Coalescence-mGAM-p3_S81,101638
45,A3-e003Coalescence-mBHI-p3,10,444927,G2-e003Coalescence-mGAM-p3_S81,101638
46,A4-e003Coalescence-mBHI-p3,3,1204293,G2-e003Coalescence-mGAM-p3_S81,101638
47,C9-e003Coalescence-mGAM-p5,27,810866,G2-e003Coalescence-mGAM-p3_S81,101638
48,C2-e003Coalescence-mGAM-p5,8,1502257,G2-e003Coalescence-mGAM-p3_S81,101638
49,C8-e003Coalescence-mBHI-p5,14,1338159,G2-e003Coalescence-mGAM-p3_S81,101638
50,B4-e003Coalescence-Inoculumn-mBHI,13,563867,G2-e003Coalescence-mGAM-p3_S81,101638
51,C5-e003Coalescence-Inoculumn-mGAM,10,1530071,G2-e003Coalescence-mGAM-p3_S81,101638
52,C4-e003Coalescence-mBHI-p5,20,881699,G2-e003Coalescence-mGAM-p3_S81,101638
53,A4-e003Coalescence-Inoculumn-mGAM,9,1506279,G2-e003Coalescence-mGAM-p3_S81,101638
54,C2-e003Coalescence-mBHI-p7,3,569461,G2-e003Coalescence-mGAM-p3_S81,101638
55,C10-e003Coalescence-mGAM-p7,9,1547140,G2-e003Coalescence-mGAM-p3_S81,101638
56,C10-e003Coalescence-mBHI-p3,7,1524472,G2-e003Coalescence-mGAM-p3_S81,101638
57,H4-e003Coalescence-mGAM-p7_S183,2,991821,G2-e003Coalescence-mGAM-p3_S81,101638
58,F5-e003Coalescence-mGAM-p5_S64,0,468781,G2-e003Coalescence-mGAM-p3_S81,101638
59,F100-e003Coalescence-mGAM-p7_S163,3,1155108,G2-e003Coalescence-mGAM-p3_S81,101638
60,E3-e003Coalescence-mGAM-p3_S58,8,516408,G2-e003Coalescence-mGAM-p3_S81,101638
61,G4-e003Coalescence-mBHI-p5_S27,4,878137,G2-e003Coalescence-mGAM-p3_S81,101638
62,G2-e003Coalescence-mBHI-p3_S33,2,1521290,G2-e003Coalescence-mGAM-p3_S81,101638
63,G100-e003Coalescence-mGAM-p3_S179,2,1153539,G2-e003Coalescence-mGAM-p3_S81,101638
64,G111-e003Coalescence-mBHI-p5_S32,24,1154220,G2-e003Coalescence-mGAM-p3_S81,101638
65,E3-e003Coalescence-mBHI-p3_S10,0,711439,G2-e003Coalescence-mGAM-p3_S81,101638
66,F2-e003Coalescence-mGAM-p7_S157,0,556375,G2-e003Coalescence-mGAM-p3_S81,101638
67,E100-e003Coalescence-mGAM-p3_S155,4,1461251,G2-e003Coalescence-mGAM-p3_S81,101638
68,E3-e003Coalescence-mGAM-p5_S50,0,1371172,G2-e003Coalescence-mGAM-p3_S81,101638
69,H100-e003Coalescence-mBHI-p5_S43,18,925751,G2-e003Coalescence-mGAM-p3_S81,101638
70,F2-e003Coalescence-mGAM-p5_S61,1,1281223,G2-e003Coalescence-mGAM-p3_S81,101638
71,G100-e003Coalescence-mBHI-p5_S31,3,829979,G2-e003Coalescence-mGAM-p3_S81,101638
72,G4-e003Coalescence-mBHI-p3_S35,5,474244,G2-e003Coalescence-mGAM-p3_S81,101638
73,E4-e003Coalescence-mBHI-p5_S3,1,1426946,G2-e003Coalescence-mGAM-p3_S81,101638
74,E4-e003Coalescence-mGAM-p5_S51,1,579225,G2-e003Coalescence-mGAM-p3_S81,101638
75,G9-e003Coalescence-mGAM-p7_S174,18,622414,G2-e003Coalescence-mGAM-p3_S81,101638
76,E8-e003Coalescence-mGAM-p3_S153,1,1489557,G2-e003Coalescence-mGAM-p3_S81,101638
77,G100-e003Coalescence-mGAM-p7_S175,1,673821,G2-e003Coalescence-mGAM-p3_S81,101638
78,G3-e003Coalescence-mBHI-p7_S122,18,531581,G2-e003Coalescence-mGAM-p3_S81,101638
79,G4-e003Coalescence-mGAM-p5_S75,1,1533148,G2-e003Coalescence-mGAM-p3_S81,101638
80,G8-e003Coalescence-mBHI-p3_S129,0,840340,G2-e003Coalescence-mGAM-p3_S81,101638
81,G2-e003Coalescence-mGAM-p5_S73,0,1525280,G2-e003Coalescence-mGAM-p3_S81,101638
82,E100-e003Coalescence-mGAM-p5_S55,2,1291155,G2-e003Coalescence-mGAM-p3_S81,101638
83,G4-e003Coalescence-mGAM-p3_S83,1,1536688,G2-e003Coalescence-mGAM-p3_S81,101638
84,F4-e003Coalescence-mBHI-p7_S111,23,477586,G2-e003Coalescence-mGAM-p3_S81,101638
85,G4-e003Coalescence-mGAM-p7_S171,1,1471075,G2-e003Coalescence-mGAM-p3_S81,101638
86,F100-e003Coalescence-mBHI-p7_S115,25,1350695,G2-e003Coalescence-mGAM-p3_S81,101638
87,E3-e003Coalescence-mGAM-p7_S146,2,1297929,G2-e003Coalescence-mGAM-p3_S81,101638
88,E3-e003Coalescence-mBHI-p5_S2,0,758841,G2-e003Coalescence-mGAM-p3_S81,101638
89,G2-e003Coalescence-mBHI-p7_S121,0,1251923,G2-e003Coalescence-mGAM-p3_S81,101638
90,F2-e003Coalescence-mBHI-p5_S13,1,1483168,G2-e003Coalescence-mGAM-p3_S81,101638
91,F2-e003Coalescence-mGAM-p3_S69,0,1044013,G2-e003Coalescence-mGAM-p3_S81,101638
92,G100-e003Coalescence-mGAM-p5_S79,7,1518875,G2-e003Coalescence-mGAM-p3_S81,101638
93,E4-e003Coalescence-mGAM-p7_S147,0,1030477,G2-e003Coalescence-mGAM-p3_S81,101638
94,E4-e003Coalescence-mGAM-p3_S59,0,1512400,G2-e003Coalescence-mGAM-p3_S81,101638
95,H100-e003Coalescence-mBHI-p7_S139,29,1461470,G2-e003Coalescence-mGAM-p3_S81,101638
96,G8-e003Coalescence-mBHI-p5_S29,5,757680,G2-e003Coalescence-mGAM-p3_S81,101638
97,G2-e003Coalescence-mBHI-p5_S25,0,1534425,G2-e003Coalescence-mGAM-p3_S81,101638
98,G8-e003Coalescence-mGAM-p7_S173,14,1390044,G2-e003Coalescence-mGAM-p3_S81,101638
99,E4-e003Coalescence-mBHI-p3_S11,1,1489708,G2-e003Coalescence-mGAM-p3_S81,101638
100,G9-e003Coalescence-mBHI-p5_S30,14,972978,G2-e003Coalescence-mGAM-p3_S81,101638
101,E100-e003Coalescence-mGAM-p7_S151,0,1431882,G2-e003Coalescence-mGAM-p3_S81,101638
102,G9-e003Coalescence-mGAM-p3_S178,26,1118807,G2-e003Coalescence-mGAM-p3_S81,101638
103,G2-e003Coalescence-mGAM-p3_S81,0,1516772,G2-e003Coalescence-mGAM-p3_S81,101638
104,G100-e003Coalescence-mBHI-p7_S127,1,560797,G2-e003Coalescence-mGAM-p3_S81,101638
0,C9-e003Coalescence-mGAM-p3,1,712205,G100-e003Coalescence-mBHI-p7_S127,101638
1,C11-e003Coalescence-mBHI-p3,0,455308,G100-e003Coalescence-mBHI-p7_S127,101638
2,C9-e003Coalescence-mGAM-p7,0,500113,G100-e003Coalescence-mBHI-p7_S127,101638
3,C8-e003Coalescence-mGAM-p7,10,1423925,G100-e003Coalescence-mBHI-p7_S127,101638
4,D10-e003Coalescence-mBHI-p3,5,592022,G100-e003Coalescence-mBHI-p7_S127,101638
5,B2-e003Coalescence-mBHI-p3,7,640269,G100-e003Coalescence-mBHI-p7_S127,101638
6,A4-e003Coalescence-mBHI-p7,1,1046978,G100-e003Coalescence-mBHI-p7_S127,101638
7,B3-e003Coalescence-mBHI-p3,12,851498,G100-e003Coalescence-mBHI-p7_S127,101638
8,C2-e003Coalescence-mBHI-p5,4,1531728,G100-e003Coalescence-mBHI-p7_S127,101638
9,C4-e003GlycerolRevival-mBHI-p2,2,655282,G100-e003Coalescence-mBHI-p7_S127,101638
10,B2-e003Coalescence-mBHI-p5,2,1376755,G100-e003Coalescence-mBHI-p7_S127,101638
11,C4-e003Coalescence-mGAM-p7,3,1491174,G100-e003Coalescence-mBHI-p7_S127,101638
12,B10-e003Assembly-mGAM-p5,1,708824,G100-e003Coalescence-mBHI-p7_S127,101638
13,C2-e003Coalescence-mGAM-p7,11,1544636,G100-e003Coalescence-mBHI-p7_S127,101638
14,C9-e003Coalescence-mBHI-p5,3,843947,G100-e003Coalescence-mBHI-p7_S127,101638
15,C2-e003Coalescence-mBHI-p3,9,1550808,G100-e003Coalescence-mBHI-p7_S127,101638
16,C9-e003Coalescence-mBHI-p3,5,1477971,G100-e003Coalescence-mBHI-p7_S127,101638
17,D10-e003Coalescence-mGAM-p5,1,895834,G100-e003Coalescence-mBHI-p7_S127,101638
18,C2-e003Coalescence-mGAM-p3,3,1349817,G100-e003Coalescence-mBHI-p7_S127,101638
19,B10-e003Coalescence-mBHI-p5,9,751178,G100-e003Coalescence-mBHI-p7_S127,101638
20,C4-e003Coalescence-mGAM-p5,3,1406224,G100-e003Coalescence-mBHI-p7_S127,101638
21,D5-e003Coalescence-mBHI-p5,7,1486364,G100-e003Coalescence-mBHI-p7_S127,101638
22,D3-e003Assembly-mBHI-p3,3,768389,G100-e003Coalescence-mBHI-p7_S127,101638
23,C4-e003Coalescence-mGAM-p3,3,1546978,G100-e003Coalescence-mBHI-p7_S127,101638
24,D3-e003Assembly-mBHI-p5,8,1546651,G100-e003Coalescence-mBHI-p7_S127,101638
25,A10-e003Coalescence-mGAM-p3,8,1530862,G100-e003Coalescence-mBHI-p7_S127,101638
26,B2-e003Coalescence-mGAM-p3,2,442858,G100-e003Coalescence-mBHI-p7_S127,101638
27,D3-e003Coalescence-mGAM-p5,3,515212,G100-e003Coalescence-mBHI-p7_S127,101638
28,C10-e003Coalescence-mGAM-p3,4,1520946,G100-e003Coalescence-mBHI-p7_S127,101638
29,C3-e003Coalescence-Inoculumn-mGAM,1,473234,G100-e003Coalescence-mBHI-p7_S127,101638
30,D4-e003Coalescence-Inoculumn-mBHI,6,618720,G100-e003Coalescence-mBHI-p7_S127,101638
31,A4-e003Coalescence-mBHI-p5,4,958917,G100-e003Coalescence-mBHI-p7_S127,101638
32,D10-e003Coalescence-mGAM-p7,6,938266,G100-e003Coalescence-mBHI-p7_S127,101638
33,C11-e003Coalescence-mGAM-p3,5,727674,G100-e003Coalescence-mBHI-p7_S127,101638
34,C10-e003Coalescence-mBHI-p7,11,636171,G100-e003Coalescence-mBHI-p7_S127,101638
35,B10-e003Coalescence-mBHI-p3,2,1064478,G100-e003Coalescence-mBHI-p7_S127,101638
36,C11-e003Coalescence-mBHI-p5,5,1515011,G100-e003Coalescence-mBHI-p7_S127,101638
37,C2-e003Coalescence-Inoculumn-mGAM,0,514343,G100-e003Coalescence-mBHI-p7_S127,101638
38,B4-e003Coalescence-Inoculumn-mGAM,3,1527645,G100-e003Coalescence-mBHI-p7_S127,101638
39,A10-e003Coalescence-mGAM-p7,1,1119734,G100-e003Coalescence-mBHI-p7_S127,101638
40,C4-e003Coalescence-Inoculumn-mGAM,5,1354072,G100-e003Coalescence-mBHI-p7_S127,101638
41,B10-e003Assembly-mGAM-p3,3,526228,G100-e003Coalescence-mBHI-p7_S127,101638
42,D10-e003Coalescence-mBHI-p7,1,560357,G100-e003Coalescence-mBHI-p7_S127,101638
43,B10-e003GlycerolRevival-mGAM-p2,5,912883,G100-e003Coalescence-mBHI-p7_S127,101638
44,C10-e003Coalescence-mGAM-p5,9,1544682,G100-e003Coalescence-mBHI-p7_S127,101638
45,A3-e003Coalescence-mBHI-p3,6,444927,G100-e003Coalescence-mBHI-p7_S127,101638
46,A4-e003Coalescence-mBHI-p3,3,1204293,G100-e003Coalescence-mBHI-p7_S127,101638
47,C9-e003Coalescence-mGAM-p5,5,810866,G100-e003Coalescence-mBHI-p7_S127,101638
48,C2-e003Coalescence-mGAM-p5,4,1502257,G100-e003Coalescence-mBHI-p7_S127,101638
49,C8-e003Coalescence-mBHI-p5,17,1338159,G100-e003Coalescence-mBHI-p7_S127,101638
50,B4-e003Coalescence-Inoculumn-mBHI,0,563867,G100-e003Coalescence-mBHI-p7_S127,101638
51,C5-e003Coalescence-Inoculumn-mGAM,2,1530071,G100-e003Coalescence-mBHI-p7_S127,101638
52,C4-e003Coalescence-mBHI-p5,12,881699,G100-e003Coalescence-mBHI-p7_S127,101638
53,A4-e003Coalescence-Inoculumn-mGAM,3,1506279,G100-e003Coalescence-mBHI-p7_S127,101638
54,C2-e003Coalescence-mBHI-p7,3,569461,G100-e003Coalescence-mBHI-p7_S127,101638
55,C10-e003Coalescence-mGAM-p7,3,1547140,G100-e003Coalescence-mBHI-p7_S127,101638
56,C10-e003Coalescence-mBHI-p3,8,1524472,G100-e003Coalescence-mBHI-p7_S127,101638
57,H4-e003Coalescence-mGAM-p7_S183,4,991821,G100-e003Coalescence-mBHI-p7_S127,101638
58,F5-e003Coalescence-mGAM-p5_S64,1,468781,G100-e003Coalescence-mBHI-p7_S127,101638
59,F100-e003Coalescence-mGAM-p7_S163,9,1155108,G100-e003Coalescence-mBHI-p7_S127,101638
60,E3-e003Coalescence-mGAM-p3_S58,1,516408,G100-e003Coalescence-mBHI-p7_S127,101638
61,G4-e003Coalescence-mBHI-p5_S27,3,878137,G100-e003Coalescence-mBHI-p7_S127,101638
62,G2-e003Coalescence-mBHI-p3_S33,1,1521290,G100-e003Coalescence-mBHI-p7_S127,101638
63,G100-e003Coalescence-mGAM-p3_S179,1,1153539,G100-e003Coalescence-mBHI-p7_S127,101638
64,G111-e003Coalescence-mBHI-p5_S32,5,1154220,G100-e003Coalescence-mBHI-p7_S127,101638
65,E3-e003Coalescence-mBHI-p3_S10,6,711439,G100-e003Coalescence-mBHI-p7_S127,101638
66,F2-e003Coalescence-mGAM-p7_S157,5,556375,G100-e003Coalescence-mBHI-p7_S127,101638
67,E100-e003Coalescence-mGAM-p3_S155,11,1461251,G100-e003Coalescence-mBHI-p7_S127,101638
68,E3-e003Coalescence-mGAM-p5_S50,6,1371172,G100-e003Coalescence-mBHI-p7_S127,101638
69,H100-e003Coalescence-mBHI-p5_S43,2,925751,G100-e003Coalescence-mBHI-p7_S127,101638
70,F2-e003Coalescence-mGAM-p5_S61,1,1281223,G100-e003Coalescence-mBHI-p7_S127,101638
71,G100-e003Coalescence-mBHI-p5_S31,1,829979,G100-e003Coalescence-mBHI-p7_S127,101638
72,G4-e003Coalescence-mBHI-p3_S35,0,474244,G100-e003Coalescence-mBHI-p7_S127,101638
73,E4-e003Coalescence-mBHI-p5_S3,6,1426946,G100-e003Coalescence-mBHI-p7_S127,101638
74,E4-e003Coalescence-mGAM-p5_S51,1,579225,G100-e003Coalescence-mBHI-p7_S127,101638
75,G9-e003Coalescence-mGAM-p7_S174,6,622414,G100-e003Coalescence-mBHI-p7_S127,101638
76,E8-e003Coalescence-mGAM-p3_S153,2,1489557,G100-e003Coalescence-mBHI-p7_S127,101638
77,G100-e003Coalescence-mGAM-p7_S175,0,673821,G100-e003Coalescence-mBHI-p7_S127,101638
78,G3-e003Coalescence-mBHI-p7_S122,1,531581,G100-e003Coalescence-mBHI-p7_S127,101638
79,G4-e003Coalescence-mGAM-p5_S75,1,1533148,G100-e003Coalescence-mBHI-p7_S127,101638
80,G8-e003Coalescence-mBHI-p3_S129,3,840340,G100-e003Coalescence-mBHI-p7_S127,101638
81,G2-e003Coalescence-mGAM-p5_S73,3,1525280,G100-e003Coalescence-mBHI-p7_S127,101638
82,E100-e003Coalescence-mGAM-p5_S55,7,1291155,G100-e003Coalescence-mBHI-p7_S127,101638
83,G4-e003Coalescence-mGAM-p3_S83,1,1536688,G100-e003Coalescence-mBHI-p7_S127,101638
84,F4-e003Coalescence-mBHI-p7_S111,2,477586,G100-e003Coalescence-mBHI-p7_S127,101638
85,G4-e003Coalescence-mGAM-p7_S171,1,1471075,G100-e003Coalescence-mBHI-p7_S127,101638
86,F100-e003Coalescence-mBHI-p7_S115,11,1350695,G100-e003Coalescence-mBHI-p7_S127,101638
87,E3-e003Coalescence-mGAM-p7_S146,10,1297929,G100-e003Coalescence-mBHI-p7_S127,101638
88,E3-e003Coalescence-mBHI-p5_S2,5,758841,G100-e003Coalescence-mBHI-p7_S127,101638
89,G2-e003Coalescence-mBHI-p7_S121,1,1251923,G100-e003Coalescence-mBHI-p7_S127,101638
90,F2-e003Coalescence-mBHI-p5_S13,7,1483168,G100-e003Coalescence-mBHI-p7_S127,101638
91,F2-e003Coalescence-mGAM-p3_S69,1,1044013,G100-e003Coalescence-mBHI-p7_S127,101638
92,G100-e003Coalescence-mGAM-p5_S79,2,1518875,G100-e003Coalescence-mBHI-p7_S127,101638
93,E4-e003Coalescence-mGAM-p7_S147,5,1030477,G100-e003Coalescence-mBHI-p7_S127,101638
94,E4-e003Coalescence-mGAM-p3_S59,1,1512400,G100-e003Coalescence-mBHI-p7_S127,101638
95,H100-e003Coalescence-mBHI-p7_S139,5,1461470,G100-e003Coalescence-mBHI-p7_S127,101638
96,G8-e003Coalescence-mBHI-p5_S29,7,757680,G100-e003Coalescence-mBHI-p7_S127,101638
97,G2-e003Coalescence-mBHI-p5_S25,1,1534425,G100-e003Coalescence-mBHI-p7_S127,101638
98,G8-e003Coalescence-mGAM-p7_S173,8,1390044,G100-e003Coalescence-mBHI-p7_S127,101638
99,E4-e003Coalescence-mBHI-p3_S11,3,1489708,G100-e003Coalescence-mBHI-p7_S127,101638
100,G9-e003Coalescence-mBHI-p5_S30,1,972978,G100-e003Coalescence-mBHI-p7_S127,101638
101,E100-e003Coalescence-mGAM-p7_S151,11,1431882,G100-e003Coalescence-mBHI-p7_S127,101638
102,G9-e003Coalescence-mGAM-p3_S178,8,1118807,G100-e003Coalescence-mBHI-p7_S127,101638
103,G2-e003Coalescence-mGAM-p3_S81,1,1516772,G100-e003Coalescence-mBHI-p7_S127,101638
104,G100-e003Coalescence-mBHI-p7_S127,0,560797,G100-e003Coalescence-mBHI-p7_S127,101638
