,index,fixed_diffs,num_int_sites,sample1,species_id
0,D11-e003Coalescence-mBHI-p5,0.0,1816078,D11-e003Coalescence-mBHI-p5,101060
1,e004-inoculumn-fecal-BD,5691.0,1831622,D11-e003Coalescence-mBHI-p5,101060
2,D11-e003Coalescence-mGAM-p5,2.0,1831197,D11-e003Coalescence-mBHI-p5,101060
3,A11-e003Coalescence-mGAM-p7,2.0,1531225,D11-e003Coalescence-mBHI-p5,101060
4,E5-e004Assembly-mGAM-p5,6331.0,1838663,D11-e003Coalescence-mBHI-p5,101060
5,D8-e003Coalescence-mGAM-p5,3.0,1828960,D11-e003Coalescence-mBHI-p5,101060
6,A12-e003Coalescence-mGAM-p3,2.0,1624098,D11-e003Coalescence-mBHI-p5,101060
7,B5-e003Coalescence-Inoculumn-mGAM,5.0,1783474,D11-e003Coalescence-mBHI-p5,101060
8,B11-e003Assembly-mGAM-p5,3.0,1686869,D11-e003Coalescence-mBHI-p5,101060
9,E5-e004Assembly-mGAM-p7,6275.0,1826773,D11-e003Coalescence-mBHI-p5,101060
10,D5-e003Coalescence-Inoculumn-mGAM,4.0,1825335,D11-e003Coalescence-mBHI-p5,101060
11,BF-Fecal,4486.0,1874109,D11-e003Coalescence-mBHI-p5,101060
12,D11-e003Assembly-mGAM-p3,0.0,595358,D11-e003Coalescence-mBHI-p5,101060
13,G4-e004Assembly-epsilon-p3,4261.0,1422551,D11-e003Coalescence-mBHI-p5,101060
14,D5-e004Assembly-mGAM-p7,6282.0,1812181,D11-e003Coalescence-mBHI-p5,101060
15,B11-e003Assembly-mGAM-p3,2.0,940326,D11-e003Coalescence-mBHI-p5,101060
16,D5-e004Assembly-mGAM-p3,6299.0,1831264,D11-e003Coalescence-mBHI-p5,101060
17,D11-e003Coalescence-mGAM-p7,3.0,1847216,D11-e003Coalescence-mBHI-p5,101060
18,E5-e004Assembly-mGAM-p3,3921.0,1139136,D11-e003Coalescence-mBHI-p5,101060
19,F4-e004Assembly-epsilon-p7,2075.0,664391,D11-e003Coalescence-mBHI-p5,101060
20,D11-e003Assembly-mGAM-p5,0.0,601630,D11-e003Coalescence-mBHI-p5,101060
21,B11-e003GlycerolRevival-mGAM-p2,3.0,1702101,D11-e003Coalescence-mBHI-p5,101060
22,C11-e003Assembly-mGAM-p3,2.0,1348064,D11-e003Coalescence-mBHI-p5,101060
23,C11-e003Assembly-mGAM-p5,0.0,831093,D11-e003Coalescence-mBHI-p5,101060
24,C11-e003GlycerolRevival-mGAM-p2,2.0,1092630,D11-e003Coalescence-mBHI-p5,101060
25,A5-e003Coalescence-Inoculumn-mGAM,2.0,1802594,D11-e003Coalescence-mBHI-p5,101060
26,D4-e003Coalescence-Inoculumn-mGAM,1.0,662513,D11-e003Coalescence-mBHI-p5,101060
27,D2-e003Coalescence-Inoculumn-mGAM,2.0,1800962,D11-e003Coalescence-mBHI-p5,101060
28,D3-e003Coalescence-Inoculumn-mGAM,6.0,1810330,D11-e003Coalescence-mBHI-p5,101060
29,C5-e003Coalescence-Inoculumn-mGAM,6.0,1837613,D11-e003Coalescence-mBHI-p5,101060
30,BC-Fecal,3914.0,1817040,D11-e003Coalescence-mBHI-p5,101060
31,e004-inoculumn-fecal-BE,6363.0,1844879,D11-e003Coalescence-mBHI-p5,101060
32,e003-inoculumn-fecal-AF,2.0,951572,D11-e003Coalescence-mBHI-p5,101060
33,A11-e003Coalescence-mGAM-p3,2.0,1834942,D11-e003Coalescence-mBHI-p5,101060
34,H111-e003Coalescence-mGAM-p7_S188,7.0,1842542,D11-e003Coalescence-mBHI-p5,101060
35,H111-e003Coalescence-mBHI-p3_S144,3.0,1829245,D11-e003Coalescence-mBHI-p5,101060
36,H111-e003Coalescence-mGAM-p5_S92,4.0,1837727,D11-e003Coalescence-mBHI-p5,101060
37,H8-e003Coalescence-mGAM-p5_S89,2.0,1819422,D11-e003Coalescence-mBHI-p5,101060
38,H111-e003Coalescence-mBHI-p5_S44,1.0,1810076,D11-e003Coalescence-mBHI-p5,101060
39,E111-e003Coalescence-mGAM-p5_S56,6.0,1809572,D11-e003Coalescence-mBHI-p5,101060
40,H111-e003Coalescence-mGAM-p3_S192,6.0,1843030,D11-e003Coalescence-mBHI-p5,101060
41,H8-e003Coalescence-mGAM-p7_S185,6.0,1843221,D11-e003Coalescence-mBHI-p5,101060
0,D11-e003Coalescence-mBHI-p5,5699.0,1816078,e004-inoculumn-fecal-BD,101060
1,e004-inoculumn-fecal-BD,0.0,1831622,e004-inoculumn-fecal-BD,101060
2,D11-e003Coalescence-mGAM-p5,5741.0,1831197,e004-inoculumn-fecal-BD,101060
3,A11-e003Coalescence-mGAM-p7,4866.0,1531225,e004-inoculumn-fecal-BD,101060
4,E5-e004Assembly-mGAM-p5,6291.0,1838663,e004-inoculumn-fecal-BD,101060
5,D8-e003Coalescence-mGAM-p5,5730.0,1828960,e004-inoculumn-fecal-BD,101060
6,A12-e003Coalescence-mGAM-p3,5180.0,1624098,e004-inoculumn-fecal-BD,101060
7,B5-e003Coalescence-Inoculumn-mGAM,5596.0,1783474,e004-inoculumn-fecal-BD,101060
8,B11-e003Assembly-mGAM-p5,5375.0,1686869,e004-inoculumn-fecal-BD,101060
9,E5-e004Assembly-mGAM-p7,6255.0,1826773,e004-inoculumn-fecal-BD,101060
10,D5-e003Coalescence-Inoculumn-mGAM,5662.0,1825335,e004-inoculumn-fecal-BD,101060
11,BF-Fecal,3876.0,1874109,e004-inoculumn-fecal-BD,101060
12,D11-e003Assembly-mGAM-p3,1882.0,595358,e004-inoculumn-fecal-BD,101060
13,G4-e004Assembly-epsilon-p3,1.0,1422551,e004-inoculumn-fecal-BD,101060
14,D5-e004Assembly-mGAM-p7,6252.0,1812181,e004-inoculumn-fecal-BD,101060
15,B11-e003Assembly-mGAM-p3,3034.0,940326,e004-inoculumn-fecal-BD,101060
16,D5-e004Assembly-mGAM-p3,6262.0,1831264,e004-inoculumn-fecal-BD,101060
17,D11-e003Coalescence-mGAM-p7,5798.0,1847216,e004-inoculumn-fecal-BD,101060
18,E5-e004Assembly-mGAM-p3,3865.0,1139136,e004-inoculumn-fecal-BD,101060
19,F4-e004Assembly-epsilon-p7,0.0,664391,e004-inoculumn-fecal-BD,101060
20,D11-e003Assembly-mGAM-p5,1904.0,601630,e004-inoculumn-fecal-BD,101060
21,B11-e003GlycerolRevival-mGAM-p2,5307.0,1702101,e004-inoculumn-fecal-BD,101060
22,C11-e003Assembly-mGAM-p3,4286.0,1348064,e004-inoculumn-fecal-BD,101060
23,C11-e003Assembly-mGAM-p5,2676.0,831093,e004-inoculumn-fecal-BD,101060
24,C11-e003GlycerolRevival-mGAM-p2,3464.0,1092630,e004-inoculumn-fecal-BD,101060
25,A5-e003Coalescence-Inoculumn-mGAM,5662.0,1802594,e004-inoculumn-fecal-BD,101060
26,D4-e003Coalescence-Inoculumn-mGAM,2007.0,662513,e004-inoculumn-fecal-BD,101060
27,D2-e003Coalescence-Inoculumn-mGAM,5633.0,1800962,e004-inoculumn-fecal-BD,101060
28,D3-e003Coalescence-Inoculumn-mGAM,5661.0,1810330,e004-inoculumn-fecal-BD,101060
29,C5-e003Coalescence-Inoculumn-mGAM,5774.0,1837613,e004-inoculumn-fecal-BD,101060
30,BC-Fecal,3727.0,1817040,e004-inoculumn-fecal-BD,101060
31,e004-inoculumn-fecal-BE,6333.0,1844879,e004-inoculumn-fecal-BD,101060
32,e003-inoculumn-fecal-AF,2968.0,951572,e004-inoculumn-fecal-BD,101060
33,A11-e003Coalescence-mGAM-p3,5730.0,1834942,e004-inoculumn-fecal-BD,101060
34,H111-e003Coalescence-mGAM-p7_S188,5703.0,1842542,e004-inoculumn-fecal-BD,101060
35,H111-e003Coalescence-mBHI-p3_S144,5653.0,1829245,e004-inoculumn-fecal-BD,101060
36,H111-e003Coalescence-mGAM-p5_S92,5664.0,1837727,e004-inoculumn-fecal-BD,101060
37,H8-e003Coalescence-mGAM-p5_S89,5662.0,1819422,e004-inoculumn-fecal-BD,101060
38,H111-e003Coalescence-mBHI-p5_S44,5598.0,1810076,e004-inoculumn-fecal-BD,101060
39,E111-e003Coalescence-mGAM-p5_S56,5603.0,1809572,e004-inoculumn-fecal-BD,101060
40,H111-e003Coalescence-mGAM-p3_S192,5694.0,1843030,e004-inoculumn-fecal-BD,101060
41,H8-e003Coalescence-mGAM-p7_S185,5699.0,1843221,e004-inoculumn-fecal-BD,101060
0,D11-e003Coalescence-mBHI-p5,0.0,1816078,D11-e003Coalescence-mGAM-p5,101060
1,e004-inoculumn-fecal-BD,5730.0,1831622,D11-e003Coalescence-mGAM-p5,101060
2,D11-e003Coalescence-mGAM-p5,0.0,1831197,D11-e003Coalescence-mGAM-p5,101060
3,A11-e003Coalescence-mGAM-p7,0.0,1531225,D11-e003Coalescence-mGAM-p5,101060
4,E5-e004Assembly-mGAM-p5,6363.0,1838663,D11-e003Coalescence-mGAM-p5,101060
5,D8-e003Coalescence-mGAM-p5,0.0,1828960,D11-e003Coalescence-mGAM-p5,101060
6,A12-e003Coalescence-mGAM-p3,1.0,1624098,D11-e003Coalescence-mGAM-p5,101060
7,B5-e003Coalescence-Inoculumn-mGAM,0.0,1783474,D11-e003Coalescence-mGAM-p5,101060
8,B11-e003Assembly-mGAM-p5,0.0,1686869,D11-e003Coalescence-mGAM-p5,101060
9,E5-e004Assembly-mGAM-p7,6308.0,1826773,D11-e003Coalescence-mGAM-p5,101060
10,D5-e003Coalescence-Inoculumn-mGAM,2.0,1825335,D11-e003Coalescence-mGAM-p5,101060
11,BF-Fecal,4499.0,1874109,D11-e003Coalescence-mGAM-p5,101060
12,D11-e003Assembly-mGAM-p3,0.0,595358,D11-e003Coalescence-mGAM-p5,101060
13,G4-e004Assembly-epsilon-p3,4304.0,1422551,D11-e003Coalescence-mGAM-p5,101060
14,D5-e004Assembly-mGAM-p7,6319.0,1812181,D11-e003Coalescence-mGAM-p5,101060
15,B11-e003Assembly-mGAM-p3,0.0,940326,D11-e003Coalescence-mGAM-p5,101060
16,D5-e004Assembly-mGAM-p3,6329.0,1831264,D11-e003Coalescence-mGAM-p5,101060
17,D11-e003Coalescence-mGAM-p7,0.0,1847216,D11-e003Coalescence-mGAM-p5,101060
18,E5-e004Assembly-mGAM-p3,3924.0,1139136,D11-e003Coalescence-mGAM-p5,101060
19,F4-e004Assembly-epsilon-p7,2059.0,664391,D11-e003Coalescence-mGAM-p5,101060
20,D11-e003Assembly-mGAM-p5,0.0,601630,D11-e003Coalescence-mGAM-p5,101060
21,B11-e003GlycerolRevival-mGAM-p2,0.0,1702101,D11-e003Coalescence-mGAM-p5,101060
22,C11-e003Assembly-mGAM-p3,1.0,1348064,D11-e003Coalescence-mGAM-p5,101060
23,C11-e003Assembly-mGAM-p5,0.0,831093,D11-e003Coalescence-mGAM-p5,101060
24,C11-e003GlycerolRevival-mGAM-p2,1.0,1092630,D11-e003Coalescence-mGAM-p5,101060
25,A5-e003Coalescence-Inoculumn-mGAM,0.0,1802594,D11-e003Coalescence-mGAM-p5,101060
26,D4-e003Coalescence-Inoculumn-mGAM,1.0,662513,D11-e003Coalescence-mGAM-p5,101060
27,D2-e003Coalescence-Inoculumn-mGAM,0.0,1800962,D11-e003Coalescence-mGAM-p5,101060
28,D3-e003Coalescence-Inoculumn-mGAM,2.0,1810330,D11-e003Coalescence-mGAM-p5,101060
29,C5-e003Coalescence-Inoculumn-mGAM,0.0,1837613,D11-e003Coalescence-mGAM-p5,101060
30,BC-Fecal,3940.0,1817040,D11-e003Coalescence-mGAM-p5,101060
31,e004-inoculumn-fecal-BE,6393.0,1844879,D11-e003Coalescence-mGAM-p5,101060
32,e003-inoculumn-fecal-AF,1.0,951572,D11-e003Coalescence-mGAM-p5,101060
33,A11-e003Coalescence-mGAM-p3,0.0,1834942,D11-e003Coalescence-mGAM-p5,101060
34,H111-e003Coalescence-mGAM-p7_S188,3.0,1842542,D11-e003Coalescence-mGAM-p5,101060
35,H111-e003Coalescence-mBHI-p3_S144,1.0,1829245,D11-e003Coalescence-mGAM-p5,101060
36,H111-e003Coalescence-mGAM-p5_S92,1.0,1837727,D11-e003Coalescence-mGAM-p5,101060
37,H8-e003Coalescence-mGAM-p5_S89,1.0,1819422,D11-e003Coalescence-mGAM-p5,101060
38,H111-e003Coalescence-mBHI-p5_S44,0.0,1810076,D11-e003Coalescence-mGAM-p5,101060
39,E111-e003Coalescence-mGAM-p5_S56,1.0,1809572,D11-e003Coalescence-mGAM-p5,101060
40,H111-e003Coalescence-mGAM-p3_S192,1.0,1843030,D11-e003Coalescence-mGAM-p5,101060
41,H8-e003Coalescence-mGAM-p7_S185,4.0,1843221,D11-e003Coalescence-mGAM-p5,101060
0,D11-e003Coalescence-mBHI-p5,3.0,1816078,A11-e003Coalescence-mGAM-p7,101060
1,e004-inoculumn-fecal-BD,4857.0,1831622,A11-e003Coalescence-mGAM-p7,101060
2,D11-e003Coalescence-mGAM-p5,6.0,1831197,A11-e003Coalescence-mGAM-p7,101060
3,A11-e003Coalescence-mGAM-p7,0.0,1531225,A11-e003Coalescence-mGAM-p7,101060
4,E5-e004Assembly-mGAM-p5,5378.0,1838663,A11-e003Coalescence-mGAM-p7,101060
5,D8-e003Coalescence-mGAM-p5,4.0,1828960,A11-e003Coalescence-mGAM-p7,101060
6,A12-e003Coalescence-mGAM-p3,3.0,1624098,A11-e003Coalescence-mGAM-p7,101060
7,B5-e003Coalescence-Inoculumn-mGAM,4.0,1783474,A11-e003Coalescence-mGAM-p7,101060
8,B11-e003Assembly-mGAM-p5,0.0,1686869,A11-e003Coalescence-mGAM-p7,101060
9,E5-e004Assembly-mGAM-p7,5326.0,1826773,A11-e003Coalescence-mGAM-p7,101060
10,D5-e003Coalescence-Inoculumn-mGAM,4.0,1825335,A11-e003Coalescence-mGAM-p7,101060
11,BF-Fecal,3794.0,1874109,A11-e003Coalescence-mGAM-p7,101060
12,D11-e003Assembly-mGAM-p3,0.0,595358,A11-e003Coalescence-mGAM-p7,101060
13,G4-e004Assembly-epsilon-p3,3635.0,1422551,A11-e003Coalescence-mGAM-p7,101060
14,D5-e004Assembly-mGAM-p7,5330.0,1812181,A11-e003Coalescence-mGAM-p7,101060
15,B11-e003Assembly-mGAM-p3,1.0,940326,A11-e003Coalescence-mGAM-p7,101060
16,D5-e004Assembly-mGAM-p3,5341.0,1831264,A11-e003Coalescence-mGAM-p7,101060
17,D11-e003Coalescence-mGAM-p7,3.0,1847216,A11-e003Coalescence-mGAM-p7,101060
18,E5-e004Assembly-mGAM-p3,3328.0,1139136,A11-e003Coalescence-mGAM-p7,101060
19,F4-e004Assembly-epsilon-p7,1742.0,664391,A11-e003Coalescence-mGAM-p7,101060
20,D11-e003Assembly-mGAM-p5,2.0,601630,A11-e003Coalescence-mGAM-p7,101060
21,B11-e003GlycerolRevival-mGAM-p2,1.0,1702101,A11-e003Coalescence-mGAM-p7,101060
22,C11-e003Assembly-mGAM-p3,2.0,1348064,A11-e003Coalescence-mGAM-p7,101060
23,C11-e003Assembly-mGAM-p5,0.0,831093,A11-e003Coalescence-mGAM-p7,101060
24,C11-e003GlycerolRevival-mGAM-p2,1.0,1092630,A11-e003Coalescence-mGAM-p7,101060
25,A5-e003Coalescence-Inoculumn-mGAM,0.0,1802594,A11-e003Coalescence-mGAM-p7,101060
26,D4-e003Coalescence-Inoculumn-mGAM,2.0,662513,A11-e003Coalescence-mGAM-p7,101060
27,D2-e003Coalescence-Inoculumn-mGAM,6.0,1800962,A11-e003Coalescence-mGAM-p7,101060
28,D3-e003Coalescence-Inoculumn-mGAM,5.0,1810330,A11-e003Coalescence-mGAM-p7,101060
29,C5-e003Coalescence-Inoculumn-mGAM,6.0,1837613,A11-e003Coalescence-mGAM-p7,101060
30,BC-Fecal,3307.0,1817040,A11-e003Coalescence-mGAM-p7,101060
31,e004-inoculumn-fecal-BE,5398.0,1844879,A11-e003Coalescence-mGAM-p7,101060
32,e003-inoculumn-fecal-AF,1.0,951572,A11-e003Coalescence-mGAM-p7,101060
33,A11-e003Coalescence-mGAM-p3,4.0,1834942,A11-e003Coalescence-mGAM-p7,101060
34,H111-e003Coalescence-mGAM-p7_S188,5.0,1842542,A11-e003Coalescence-mGAM-p7,101060
35,H111-e003Coalescence-mBHI-p3_S144,2.0,1829245,A11-e003Coalescence-mGAM-p7,101060
36,H111-e003Coalescence-mGAM-p5_S92,5.0,1837727,A11-e003Coalescence-mGAM-p7,101060
37,H8-e003Coalescence-mGAM-p5_S89,2.0,1819422,A11-e003Coalescence-mGAM-p7,101060
38,H111-e003Coalescence-mBHI-p5_S44,4.0,1810076,A11-e003Coalescence-mGAM-p7,101060
39,E111-e003Coalescence-mGAM-p5_S56,3.0,1809572,A11-e003Coalescence-mGAM-p7,101060
40,H111-e003Coalescence-mGAM-p3_S192,5.0,1843030,A11-e003Coalescence-mGAM-p7,101060
41,H8-e003Coalescence-mGAM-p7_S185,4.0,1843221,A11-e003Coalescence-mGAM-p7,101060
0,D11-e003Coalescence-mBHI-p5,6335.0,1816078,E5-e004Assembly-mGAM-p5,101060
1,e004-inoculumn-fecal-BD,6286.0,1831622,E5-e004Assembly-mGAM-p5,101060
2,D11-e003Coalescence-mGAM-p5,6371.0,1831197,E5-e004Assembly-mGAM-p5,101060
3,A11-e003Coalescence-mGAM-p7,5379.0,1531225,E5-e004Assembly-mGAM-p5,101060
4,E5-e004Assembly-mGAM-p5,0.0,1838663,E5-e004Assembly-mGAM-p5,101060
5,D8-e003Coalescence-mGAM-p5,6378.0,1828960,E5-e004Assembly-mGAM-p5,101060
6,A12-e003Coalescence-mGAM-p3,5738.0,1624098,E5-e004Assembly-mGAM-p5,101060
7,B5-e003Coalescence-Inoculumn-mGAM,6183.0,1783474,E5-e004Assembly-mGAM-p5,101060
8,B11-e003Assembly-mGAM-p5,5866.0,1686869,E5-e004Assembly-mGAM-p5,101060
9,E5-e004Assembly-mGAM-p7,2.0,1826773,E5-e004Assembly-mGAM-p5,101060
10,D5-e003Coalescence-Inoculumn-mGAM,6300.0,1825335,E5-e004Assembly-mGAM-p5,101060
11,BF-Fecal,4461.0,1874109,E5-e004Assembly-mGAM-p5,101060
12,D11-e003Assembly-mGAM-p3,2055.0,595358,E5-e004Assembly-mGAM-p5,101060
13,G4-e004Assembly-epsilon-p3,4793.0,1422551,E5-e004Assembly-mGAM-p5,101060
14,D5-e004Assembly-mGAM-p7,0.0,1812181,E5-e004Assembly-mGAM-p5,101060
15,B11-e003Assembly-mGAM-p3,3247.0,940326,E5-e004Assembly-mGAM-p5,101060
16,D5-e004Assembly-mGAM-p3,3.0,1831264,E5-e004Assembly-mGAM-p5,101060
17,D11-e003Coalescence-mGAM-p7,6425.0,1847216,E5-e004Assembly-mGAM-p5,101060
18,E5-e004Assembly-mGAM-p3,0.0,1139136,E5-e004Assembly-mGAM-p5,101060
19,F4-e004Assembly-epsilon-p7,2294.0,664391,E5-e004Assembly-mGAM-p5,101060
20,D11-e003Assembly-mGAM-p5,2095.0,601630,E5-e004Assembly-mGAM-p5,101060
21,B11-e003GlycerolRevival-mGAM-p2,5893.0,1702101,E5-e004Assembly-mGAM-p5,101060
22,C11-e003Assembly-mGAM-p3,4741.0,1348064,E5-e004Assembly-mGAM-p5,101060
23,C11-e003Assembly-mGAM-p5,2931.0,831093,E5-e004Assembly-mGAM-p5,101060
24,C11-e003GlycerolRevival-mGAM-p2,3767.0,1092630,E5-e004Assembly-mGAM-p5,101060
25,A5-e003Coalescence-Inoculumn-mGAM,6285.0,1802594,E5-e004Assembly-mGAM-p5,101060
26,D4-e003Coalescence-Inoculumn-mGAM,2253.0,662513,E5-e004Assembly-mGAM-p5,101060
27,D2-e003Coalescence-Inoculumn-mGAM,6262.0,1800962,E5-e004Assembly-mGAM-p5,101060
28,D3-e003Coalescence-Inoculumn-mGAM,6299.0,1810330,E5-e004Assembly-mGAM-p5,101060
29,C5-e003Coalescence-Inoculumn-mGAM,6407.0,1837613,E5-e004Assembly-mGAM-p5,101060
30,BC-Fecal,4688.0,1817040,E5-e004Assembly-mGAM-p5,101060
31,e004-inoculumn-fecal-BE,0.0,1844879,E5-e004Assembly-mGAM-p5,101060
32,e003-inoculumn-fecal-AF,3287.0,951572,E5-e004Assembly-mGAM-p5,101060
33,A11-e003Coalescence-mGAM-p3,6378.0,1834942,E5-e004Assembly-mGAM-p5,101060
34,H111-e003Coalescence-mGAM-p7_S188,6339.0,1842542,E5-e004Assembly-mGAM-p5,101060
35,H111-e003Coalescence-mBHI-p3_S144,6274.0,1829245,E5-e004Assembly-mGAM-p5,101060
36,H111-e003Coalescence-mGAM-p5_S92,6302.0,1837727,E5-e004Assembly-mGAM-p5,101060
37,H8-e003Coalescence-mGAM-p5_S89,6279.0,1819422,E5-e004Assembly-mGAM-p5,101060
38,H111-e003Coalescence-mBHI-p5_S44,6224.0,1810076,E5-e004Assembly-mGAM-p5,101060
39,E111-e003Coalescence-mGAM-p5_S56,6218.0,1809572,E5-e004Assembly-mGAM-p5,101060
40,H111-e003Coalescence-mGAM-p3_S192,6347.0,1843030,E5-e004Assembly-mGAM-p5,101060
41,H8-e003Coalescence-mGAM-p7_S185,6346.0,1843221,E5-e004Assembly-mGAM-p5,101060
0,D11-e003Coalescence-mBHI-p5,0.0,1816078,D8-e003Coalescence-mGAM-p5,101060
1,e004-inoculumn-fecal-BD,5720.0,1831622,D8-e003Coalescence-mGAM-p5,101060
2,D11-e003Coalescence-mGAM-p5,1.0,1831197,D8-e003Coalescence-mGAM-p5,101060
3,A11-e003Coalescence-mGAM-p7,1.0,1531225,D8-e003Coalescence-mGAM-p5,101060
4,E5-e004Assembly-mGAM-p5,6374.0,1838663,D8-e003Coalescence-mGAM-p5,101060
5,D8-e003Coalescence-mGAM-p5,0.0,1828960,D8-e003Coalescence-mGAM-p5,101060
6,A12-e003Coalescence-mGAM-p3,0.0,1624098,D8-e003Coalescence-mGAM-p5,101060
7,B5-e003Coalescence-Inoculumn-mGAM,1.0,1783474,D8-e003Coalescence-mGAM-p5,101060
8,B11-e003Assembly-mGAM-p5,1.0,1686869,D8-e003Coalescence-mGAM-p5,101060
9,E5-e004Assembly-mGAM-p7,6316.0,1826773,D8-e003Coalescence-mGAM-p5,101060
10,D5-e003Coalescence-Inoculumn-mGAM,2.0,1825335,D8-e003Coalescence-mGAM-p5,101060
11,BF-Fecal,4504.0,1874109,D8-e003Coalescence-mGAM-p5,101060
12,D11-e003Assembly-mGAM-p3,0.0,595358,D8-e003Coalescence-mGAM-p5,101060
13,G4-e004Assembly-epsilon-p3,4299.0,1422551,D8-e003Coalescence-mGAM-p5,101060
14,D5-e004Assembly-mGAM-p7,6320.0,1812181,D8-e003Coalescence-mGAM-p5,101060
15,B11-e003Assembly-mGAM-p3,0.0,940326,D8-e003Coalescence-mGAM-p5,101060
16,D5-e004Assembly-mGAM-p3,6335.0,1831264,D8-e003Coalescence-mGAM-p5,101060
17,D11-e003Coalescence-mGAM-p7,0.0,1847216,D8-e003Coalescence-mGAM-p5,101060
18,E5-e004Assembly-mGAM-p3,3942.0,1139136,D8-e003Coalescence-mGAM-p5,101060
19,F4-e004Assembly-epsilon-p7,2055.0,664391,D8-e003Coalescence-mGAM-p5,101060
20,D11-e003Assembly-mGAM-p5,1.0,601630,D8-e003Coalescence-mGAM-p5,101060
21,B11-e003GlycerolRevival-mGAM-p2,0.0,1702101,D8-e003Coalescence-mGAM-p5,101060
22,C11-e003Assembly-mGAM-p3,0.0,1348064,D8-e003Coalescence-mGAM-p5,101060
23,C11-e003Assembly-mGAM-p5,0.0,831093,D8-e003Coalescence-mGAM-p5,101060
24,C11-e003GlycerolRevival-mGAM-p2,1.0,1092630,D8-e003Coalescence-mGAM-p5,101060
25,A5-e003Coalescence-Inoculumn-mGAM,0.0,1802594,D8-e003Coalescence-mGAM-p5,101060
26,D4-e003Coalescence-Inoculumn-mGAM,0.0,662513,D8-e003Coalescence-mGAM-p5,101060
27,D2-e003Coalescence-Inoculumn-mGAM,0.0,1800962,D8-e003Coalescence-mGAM-p5,101060
28,D3-e003Coalescence-Inoculumn-mGAM,2.0,1810330,D8-e003Coalescence-mGAM-p5,101060
29,C5-e003Coalescence-Inoculumn-mGAM,1.0,1837613,D8-e003Coalescence-mGAM-p5,101060
30,BC-Fecal,3929.0,1817040,D8-e003Coalescence-mGAM-p5,101060
31,e004-inoculumn-fecal-BE,6400.0,1844879,D8-e003Coalescence-mGAM-p5,101060
32,e003-inoculumn-fecal-AF,0.0,951572,D8-e003Coalescence-mGAM-p5,101060
33,A11-e003Coalescence-mGAM-p3,1.0,1834942,D8-e003Coalescence-mGAM-p5,101060
34,H111-e003Coalescence-mGAM-p7_S188,3.0,1842542,D8-e003Coalescence-mGAM-p5,101060
35,H111-e003Coalescence-mBHI-p3_S144,1.0,1829245,D8-e003Coalescence-mGAM-p5,101060
36,H111-e003Coalescence-mGAM-p5_S92,1.0,1837727,D8-e003Coalescence-mGAM-p5,101060
37,H8-e003Coalescence-mGAM-p5_S89,0.0,1819422,D8-e003Coalescence-mGAM-p5,101060
38,H111-e003Coalescence-mBHI-p5_S44,1.0,1810076,D8-e003Coalescence-mGAM-p5,101060
39,E111-e003Coalescence-mGAM-p5_S56,1.0,1809572,D8-e003Coalescence-mGAM-p5,101060
40,H111-e003Coalescence-mGAM-p3_S192,1.0,1843030,D8-e003Coalescence-mGAM-p5,101060
41,H8-e003Coalescence-mGAM-p7_S185,4.0,1843221,D8-e003Coalescence-mGAM-p5,101060
0,D11-e003Coalescence-mBHI-p5,3.0,1816078,A12-e003Coalescence-mGAM-p3,101060
1,e004-inoculumn-fecal-BD,5175.0,1831622,A12-e003Coalescence-mGAM-p3,101060
2,D11-e003Coalescence-mGAM-p5,4.0,1831197,A12-e003Coalescence-mGAM-p3,101060
3,A11-e003Coalescence-mGAM-p7,5.0,1531225,A12-e003Coalescence-mGAM-p3,101060
4,E5-e004Assembly-mGAM-p5,5736.0,1838663,A12-e003Coalescence-mGAM-p3,101060
5,D8-e003Coalescence-mGAM-p5,4.0,1828960,A12-e003Coalescence-mGAM-p3,101060
6,A12-e003Coalescence-mGAM-p3,0.0,1624098,A12-e003Coalescence-mGAM-p3,101060
7,B5-e003Coalescence-Inoculumn-mGAM,4.0,1783474,A12-e003Coalescence-mGAM-p3,101060
8,B11-e003Assembly-mGAM-p5,5.0,1686869,A12-e003Coalescence-mGAM-p3,101060
9,E5-e004Assembly-mGAM-p7,5686.0,1826773,A12-e003Coalescence-mGAM-p3,101060
10,D5-e003Coalescence-Inoculumn-mGAM,3.0,1825335,A12-e003Coalescence-mGAM-p3,101060
11,BF-Fecal,4020.0,1874109,A12-e003Coalescence-mGAM-p3,101060
12,D11-e003Assembly-mGAM-p3,0.0,595358,A12-e003Coalescence-mGAM-p3,101060
13,G4-e004Assembly-epsilon-p3,3873.0,1422551,A12-e003Coalescence-mGAM-p3,101060
14,D5-e004Assembly-mGAM-p7,5696.0,1812181,A12-e003Coalescence-mGAM-p3,101060
15,B11-e003Assembly-mGAM-p3,2.0,940326,A12-e003Coalescence-mGAM-p3,101060
16,D5-e004Assembly-mGAM-p3,5702.0,1831264,A12-e003Coalescence-mGAM-p3,101060
17,D11-e003Coalescence-mGAM-p7,4.0,1847216,A12-e003Coalescence-mGAM-p3,101060
18,E5-e004Assembly-mGAM-p3,3576.0,1139136,A12-e003Coalescence-mGAM-p3,101060
19,F4-e004Assembly-epsilon-p7,1872.0,664391,A12-e003Coalescence-mGAM-p3,101060
20,D11-e003Assembly-mGAM-p5,2.0,601630,A12-e003Coalescence-mGAM-p3,101060
21,B11-e003GlycerolRevival-mGAM-p2,2.0,1702101,A12-e003Coalescence-mGAM-p3,101060
22,C11-e003Assembly-mGAM-p3,5.0,1348064,A12-e003Coalescence-mGAM-p3,101060
23,C11-e003Assembly-mGAM-p5,1.0,831093,A12-e003Coalescence-mGAM-p3,101060
24,C11-e003GlycerolRevival-mGAM-p2,1.0,1092630,A12-e003Coalescence-mGAM-p3,101060
25,A5-e003Coalescence-Inoculumn-mGAM,4.0,1802594,A12-e003Coalescence-mGAM-p3,101060
26,D4-e003Coalescence-Inoculumn-mGAM,1.0,662513,A12-e003Coalescence-mGAM-p3,101060
27,D2-e003Coalescence-Inoculumn-mGAM,3.0,1800962,A12-e003Coalescence-mGAM-p3,101060
28,D3-e003Coalescence-Inoculumn-mGAM,5.0,1810330,A12-e003Coalescence-mGAM-p3,101060
29,C5-e003Coalescence-Inoculumn-mGAM,4.0,1837613,A12-e003Coalescence-mGAM-p3,101060
30,BC-Fecal,3524.0,1817040,A12-e003Coalescence-mGAM-p3,101060
31,e004-inoculumn-fecal-BE,5768.0,1844879,A12-e003Coalescence-mGAM-p3,101060
32,e003-inoculumn-fecal-AF,3.0,951572,A12-e003Coalescence-mGAM-p3,101060
33,A11-e003Coalescence-mGAM-p3,4.0,1834942,A12-e003Coalescence-mGAM-p3,101060
34,H111-e003Coalescence-mGAM-p7_S188,6.0,1842542,A12-e003Coalescence-mGAM-p3,101060
35,H111-e003Coalescence-mBHI-p3_S144,3.0,1829245,A12-e003Coalescence-mGAM-p3,101060
36,H111-e003Coalescence-mGAM-p5_S92,3.0,1837727,A12-e003Coalescence-mGAM-p3,101060
37,H8-e003Coalescence-mGAM-p5_S89,2.0,1819422,A12-e003Coalescence-mGAM-p3,101060
38,H111-e003Coalescence-mBHI-p5_S44,4.0,1810076,A12-e003Coalescence-mGAM-p3,101060
39,E111-e003Coalescence-mGAM-p5_S56,3.0,1809572,A12-e003Coalescence-mGAM-p3,101060
40,H111-e003Coalescence-mGAM-p3_S192,4.0,1843030,A12-e003Coalescence-mGAM-p3,101060
41,H8-e003Coalescence-mGAM-p7_S185,6.0,1843221,A12-e003Coalescence-mGAM-p3,101060
0,D11-e003Coalescence-mBHI-p5,6.0,1816078,B5-e003Coalescence-Inoculumn-mGAM,101060
1,e004-inoculumn-fecal-BD,5589.0,1831622,B5-e003Coalescence-Inoculumn-mGAM,101060
2,D11-e003Coalescence-mGAM-p5,2.0,1831197,B5-e003Coalescence-Inoculumn-mGAM,101060
3,A11-e003Coalescence-mGAM-p7,1.0,1531225,B5-e003Coalescence-Inoculumn-mGAM,101060
4,E5-e004Assembly-mGAM-p5,6175.0,1838663,B5-e003Coalescence-Inoculumn-mGAM,101060
5,D8-e003Coalescence-mGAM-p5,2.0,1828960,B5-e003Coalescence-Inoculumn-mGAM,101060
6,A12-e003Coalescence-mGAM-p3,2.0,1624098,B5-e003Coalescence-Inoculumn-mGAM,101060
7,B5-e003Coalescence-Inoculumn-mGAM,0.0,1783474,B5-e003Coalescence-Inoculumn-mGAM,101060
8,B11-e003Assembly-mGAM-p5,2.0,1686869,B5-e003Coalescence-Inoculumn-mGAM,101060
9,E5-e004Assembly-mGAM-p7,6120.0,1826773,B5-e003Coalescence-Inoculumn-mGAM,101060
10,D5-e003Coalescence-Inoculumn-mGAM,2.0,1825335,B5-e003Coalescence-Inoculumn-mGAM,101060
11,BF-Fecal,4378.0,1874109,B5-e003Coalescence-Inoculumn-mGAM,101060
12,D11-e003Assembly-mGAM-p3,0.0,595358,B5-e003Coalescence-Inoculumn-mGAM,101060
13,G4-e004Assembly-epsilon-p3,4209.0,1422551,B5-e003Coalescence-Inoculumn-mGAM,101060
14,D5-e004Assembly-mGAM-p7,6119.0,1812181,B5-e003Coalescence-Inoculumn-mGAM,101060
15,B11-e003Assembly-mGAM-p3,0.0,940326,B5-e003Coalescence-Inoculumn-mGAM,101060
16,D5-e004Assembly-mGAM-p3,6132.0,1831264,B5-e003Coalescence-Inoculumn-mGAM,101060
17,D11-e003Coalescence-mGAM-p7,1.0,1847216,B5-e003Coalescence-Inoculumn-mGAM,101060
18,E5-e004Assembly-mGAM-p3,3799.0,1139136,B5-e003Coalescence-Inoculumn-mGAM,101060
19,F4-e004Assembly-epsilon-p7,2006.0,664391,B5-e003Coalescence-Inoculumn-mGAM,101060
20,D11-e003Assembly-mGAM-p5,1.0,601630,B5-e003Coalescence-Inoculumn-mGAM,101060
21,B11-e003GlycerolRevival-mGAM-p2,1.0,1702101,B5-e003Coalescence-Inoculumn-mGAM,101060
22,C11-e003Assembly-mGAM-p3,2.0,1348064,B5-e003Coalescence-Inoculumn-mGAM,101060
23,C11-e003Assembly-mGAM-p5,0.0,831093,B5-e003Coalescence-Inoculumn-mGAM,101060
24,C11-e003GlycerolRevival-mGAM-p2,0.0,1092630,B5-e003Coalescence-Inoculumn-mGAM,101060
25,A5-e003Coalescence-Inoculumn-mGAM,1.0,1802594,B5-e003Coalescence-Inoculumn-mGAM,101060
26,D4-e003Coalescence-Inoculumn-mGAM,6.0,662513,B5-e003Coalescence-Inoculumn-mGAM,101060
27,D2-e003Coalescence-Inoculumn-mGAM,3.0,1800962,B5-e003Coalescence-Inoculumn-mGAM,101060
28,D3-e003Coalescence-Inoculumn-mGAM,6.0,1810330,B5-e003Coalescence-Inoculumn-mGAM,101060
29,C5-e003Coalescence-Inoculumn-mGAM,2.0,1837613,B5-e003Coalescence-Inoculumn-mGAM,101060
30,BC-Fecal,3824.0,1817040,B5-e003Coalescence-Inoculumn-mGAM,101060
31,e004-inoculumn-fecal-BE,6201.0,1844879,B5-e003Coalescence-Inoculumn-mGAM,101060
32,e003-inoculumn-fecal-AF,0.0,951572,B5-e003Coalescence-Inoculumn-mGAM,101060
33,A11-e003Coalescence-mGAM-p3,2.0,1834942,B5-e003Coalescence-Inoculumn-mGAM,101060
34,H111-e003Coalescence-mGAM-p7_S188,3.0,1842542,B5-e003Coalescence-Inoculumn-mGAM,101060
35,H111-e003Coalescence-mBHI-p3_S144,2.0,1829245,B5-e003Coalescence-Inoculumn-mGAM,101060
36,H111-e003Coalescence-mGAM-p5_S92,1.0,1837727,B5-e003Coalescence-Inoculumn-mGAM,101060
37,H8-e003Coalescence-mGAM-p5_S89,1.0,1819422,B5-e003Coalescence-Inoculumn-mGAM,101060
38,H111-e003Coalescence-mBHI-p5_S44,2.0,1810076,B5-e003Coalescence-Inoculumn-mGAM,101060
39,E111-e003Coalescence-mGAM-p5_S56,1.0,1809572,B5-e003Coalescence-Inoculumn-mGAM,101060
40,H111-e003Coalescence-mGAM-p3_S192,3.0,1843030,B5-e003Coalescence-Inoculumn-mGAM,101060
41,H8-e003Coalescence-mGAM-p7_S185,5.0,1843221,B5-e003Coalescence-Inoculumn-mGAM,101060
0,D11-e003Coalescence-mBHI-p5,7.0,1816078,B11-e003Assembly-mGAM-p5,101060
1,e004-inoculumn-fecal-BD,5365.0,1831622,B11-e003Assembly-mGAM-p5,101060
2,D11-e003Coalescence-mGAM-p5,5.0,1831197,B11-e003Assembly-mGAM-p5,101060
3,A11-e003Coalescence-mGAM-p7,2.0,1531225,B11-e003Assembly-mGAM-p5,101060
4,E5-e004Assembly-mGAM-p5,5862.0,1838663,B11-e003Assembly-mGAM-p5,101060
5,D8-e003Coalescence-mGAM-p5,4.0,1828960,B11-e003Assembly-mGAM-p5,101060
6,A12-e003Coalescence-mGAM-p3,3.0,1624098,B11-e003Assembly-mGAM-p5,101060
7,B5-e003Coalescence-Inoculumn-mGAM,6.0,1783474,B11-e003Assembly-mGAM-p5,101060
8,B11-e003Assembly-mGAM-p5,0.0,1686869,B11-e003Assembly-mGAM-p5,101060
9,E5-e004Assembly-mGAM-p7,5811.0,1826773,B11-e003Assembly-mGAM-p5,101060
10,D5-e003Coalescence-Inoculumn-mGAM,4.0,1825335,B11-e003Assembly-mGAM-p5,101060
11,BF-Fecal,4187.0,1874109,B11-e003Assembly-mGAM-p5,101060
12,D11-e003Assembly-mGAM-p3,0.0,595358,B11-e003Assembly-mGAM-p5,101060
13,G4-e004Assembly-epsilon-p3,4023.0,1422551,B11-e003Assembly-mGAM-p5,101060
14,D5-e004Assembly-mGAM-p7,5816.0,1812181,B11-e003Assembly-mGAM-p5,101060
15,B11-e003Assembly-mGAM-p3,1.0,940326,B11-e003Assembly-mGAM-p5,101060
16,D5-e004Assembly-mGAM-p3,5823.0,1831264,B11-e003Assembly-mGAM-p5,101060
17,D11-e003Coalescence-mGAM-p7,3.0,1847216,B11-e003Assembly-mGAM-p5,101060
18,E5-e004Assembly-mGAM-p3,3638.0,1139136,B11-e003Assembly-mGAM-p5,101060
19,F4-e004Assembly-epsilon-p7,1920.0,664391,B11-e003Assembly-mGAM-p5,101060
20,D11-e003Assembly-mGAM-p5,0.0,601630,B11-e003Assembly-mGAM-p5,101060
21,B11-e003GlycerolRevival-mGAM-p2,3.0,1702101,B11-e003Assembly-mGAM-p5,101060
22,C11-e003Assembly-mGAM-p3,1.0,1348064,B11-e003Assembly-mGAM-p5,101060
23,C11-e003Assembly-mGAM-p5,2.0,831093,B11-e003Assembly-mGAM-p5,101060
24,C11-e003GlycerolRevival-mGAM-p2,1.0,1092630,B11-e003Assembly-mGAM-p5,101060
25,A5-e003Coalescence-Inoculumn-mGAM,2.0,1802594,B11-e003Assembly-mGAM-p5,101060
26,D4-e003Coalescence-Inoculumn-mGAM,0.0,662513,B11-e003Assembly-mGAM-p5,101060
27,D2-e003Coalescence-Inoculumn-mGAM,3.0,1800962,B11-e003Assembly-mGAM-p5,101060
28,D3-e003Coalescence-Inoculumn-mGAM,5.0,1810330,B11-e003Assembly-mGAM-p5,101060
29,C5-e003Coalescence-Inoculumn-mGAM,4.0,1837613,B11-e003Assembly-mGAM-p5,101060
30,BC-Fecal,3663.0,1817040,B11-e003Assembly-mGAM-p5,101060
31,e004-inoculumn-fecal-BE,5888.0,1844879,B11-e003Assembly-mGAM-p5,101060
32,e003-inoculumn-fecal-AF,2.0,951572,B11-e003Assembly-mGAM-p5,101060
33,A11-e003Coalescence-mGAM-p3,4.0,1834942,B11-e003Assembly-mGAM-p5,101060
34,H111-e003Coalescence-mGAM-p7_S188,8.0,1842542,B11-e003Assembly-mGAM-p5,101060
35,H111-e003Coalescence-mBHI-p3_S144,5.0,1829245,B11-e003Assembly-mGAM-p5,101060
36,H111-e003Coalescence-mGAM-p5_S92,4.0,1837727,B11-e003Assembly-mGAM-p5,101060
37,H8-e003Coalescence-mGAM-p5_S89,5.0,1819422,B11-e003Assembly-mGAM-p5,101060
38,H111-e003Coalescence-mBHI-p5_S44,3.0,1810076,B11-e003Assembly-mGAM-p5,101060
39,E111-e003Coalescence-mGAM-p5_S56,4.0,1809572,B11-e003Assembly-mGAM-p5,101060
40,H111-e003Coalescence-mGAM-p3_S192,6.0,1843030,B11-e003Assembly-mGAM-p5,101060
41,H8-e003Coalescence-mGAM-p7_S185,7.0,1843221,B11-e003Assembly-mGAM-p5,101060
0,D11-e003Coalescence-mBHI-p5,6274.0,1816078,E5-e004Assembly-mGAM-p7,101060
1,e004-inoculumn-fecal-BD,6253.0,1831622,E5-e004Assembly-mGAM-p7,101060
2,D11-e003Coalescence-mGAM-p5,6311.0,1831197,E5-e004Assembly-mGAM-p7,101060
3,A11-e003Coalescence-mGAM-p7,5326.0,1531225,E5-e004Assembly-mGAM-p7,101060
4,E5-e004Assembly-mGAM-p5,4.0,1838663,E5-e004Assembly-mGAM-p7,101060
5,D8-e003Coalescence-mGAM-p5,6319.0,1828960,E5-e004Assembly-mGAM-p7,101060
6,A12-e003Coalescence-mGAM-p3,5688.0,1624098,E5-e004Assembly-mGAM-p7,101060
7,B5-e003Coalescence-Inoculumn-mGAM,6124.0,1783474,E5-e004Assembly-mGAM-p7,101060
8,B11-e003Assembly-mGAM-p5,5812.0,1686869,E5-e004Assembly-mGAM-p7,101060
9,E5-e004Assembly-mGAM-p7,0.0,1826773,E5-e004Assembly-mGAM-p7,101060
10,D5-e003Coalescence-Inoculumn-mGAM,6250.0,1825335,E5-e004Assembly-mGAM-p7,101060
11,BF-Fecal,4438.0,1874109,E5-e004Assembly-mGAM-p7,101060
12,D11-e003Assembly-mGAM-p3,2031.0,595358,E5-e004Assembly-mGAM-p7,101060
13,G4-e004Assembly-epsilon-p3,4767.0,1422551,E5-e004Assembly-mGAM-p7,101060
14,D5-e004Assembly-mGAM-p7,1.0,1812181,E5-e004Assembly-mGAM-p7,101060
15,B11-e003Assembly-mGAM-p3,3211.0,940326,E5-e004Assembly-mGAM-p7,101060
16,D5-e004Assembly-mGAM-p3,4.0,1831264,E5-e004Assembly-mGAM-p7,101060
17,D11-e003Coalescence-mGAM-p7,6367.0,1847216,E5-e004Assembly-mGAM-p7,101060
18,E5-e004Assembly-mGAM-p3,2.0,1139136,E5-e004Assembly-mGAM-p7,101060
19,F4-e004Assembly-epsilon-p7,2274.0,664391,E5-e004Assembly-mGAM-p7,101060
20,D11-e003Assembly-mGAM-p5,2079.0,601630,E5-e004Assembly-mGAM-p7,101060
21,B11-e003GlycerolRevival-mGAM-p2,5837.0,1702101,E5-e004Assembly-mGAM-p7,101060
22,C11-e003Assembly-mGAM-p3,4690.0,1348064,E5-e004Assembly-mGAM-p7,101060
23,C11-e003Assembly-mGAM-p5,2919.0,831093,E5-e004Assembly-mGAM-p7,101060
24,C11-e003GlycerolRevival-mGAM-p2,3734.0,1092630,E5-e004Assembly-mGAM-p7,101060
25,A5-e003Coalescence-Inoculumn-mGAM,6238.0,1802594,E5-e004Assembly-mGAM-p7,101060
26,D4-e003Coalescence-Inoculumn-mGAM,2235.0,662513,E5-e004Assembly-mGAM-p7,101060
27,D2-e003Coalescence-Inoculumn-mGAM,6204.0,1800962,E5-e004Assembly-mGAM-p7,101060
28,D3-e003Coalescence-Inoculumn-mGAM,6247.0,1810330,E5-e004Assembly-mGAM-p7,101060
29,C5-e003Coalescence-Inoculumn-mGAM,6360.0,1837613,E5-e004Assembly-mGAM-p7,101060
30,BC-Fecal,4638.0,1817040,E5-e004Assembly-mGAM-p7,101060
31,e004-inoculumn-fecal-BE,2.0,1844879,E5-e004Assembly-mGAM-p7,101060
32,e003-inoculumn-fecal-AF,3265.0,951572,E5-e004Assembly-mGAM-p7,101060
33,A11-e003Coalescence-mGAM-p3,6313.0,1834942,E5-e004Assembly-mGAM-p7,101060
34,H111-e003Coalescence-mGAM-p7_S188,6278.0,1842542,E5-e004Assembly-mGAM-p7,101060
35,H111-e003Coalescence-mBHI-p3_S144,6216.0,1829245,E5-e004Assembly-mGAM-p7,101060
36,H111-e003Coalescence-mGAM-p5_S92,6237.0,1837727,E5-e004Assembly-mGAM-p7,101060
37,H8-e003Coalescence-mGAM-p5_S89,6225.0,1819422,E5-e004Assembly-mGAM-p7,101060
38,H111-e003Coalescence-mBHI-p5_S44,6166.0,1810076,E5-e004Assembly-mGAM-p7,101060
39,E111-e003Coalescence-mGAM-p5_S56,6161.0,1809572,E5-e004Assembly-mGAM-p7,101060
40,H111-e003Coalescence-mGAM-p3_S192,6287.0,1843030,E5-e004Assembly-mGAM-p7,101060
41,H8-e003Coalescence-mGAM-p7_S185,6286.0,1843221,E5-e004Assembly-mGAM-p7,101060
0,D11-e003Coalescence-mBHI-p5,0.0,1816078,D5-e003Coalescence-Inoculumn-mGAM,101060
1,e004-inoculumn-fecal-BD,5652.0,1831622,D5-e003Coalescence-Inoculumn-mGAM,101060
2,D11-e003Coalescence-mGAM-p5,1.0,1831197,D5-e003Coalescence-Inoculumn-mGAM,101060
3,A11-e003Coalescence-mGAM-p7,2.0,1531225,D5-e003Coalescence-Inoculumn-mGAM,101060
4,E5-e004Assembly-mGAM-p5,6295.0,1838663,D5-e003Coalescence-Inoculumn-mGAM,101060
5,D8-e003Coalescence-mGAM-p5,0.0,1828960,D5-e003Coalescence-Inoculumn-mGAM,101060
6,A12-e003Coalescence-mGAM-p3,0.0,1624098,D5-e003Coalescence-Inoculumn-mGAM,101060
7,B5-e003Coalescence-Inoculumn-mGAM,1.0,1783474,D5-e003Coalescence-Inoculumn-mGAM,101060
8,B11-e003Assembly-mGAM-p5,1.0,1686869,D5-e003Coalescence-Inoculumn-mGAM,101060
9,E5-e004Assembly-mGAM-p7,6246.0,1826773,D5-e003Coalescence-Inoculumn-mGAM,101060
10,D5-e003Coalescence-Inoculumn-mGAM,0.0,1825335,D5-e003Coalescence-Inoculumn-mGAM,101060
11,BF-Fecal,4443.0,1874109,D5-e003Coalescence-Inoculumn-mGAM,101060
12,D11-e003Assembly-mGAM-p3,0.0,595358,D5-e003Coalescence-Inoculumn-mGAM,101060
13,G4-e004Assembly-epsilon-p3,4256.0,1422551,D5-e003Coalescence-Inoculumn-mGAM,101060
14,D5-e004Assembly-mGAM-p7,6252.0,1812181,D5-e003Coalescence-Inoculumn-mGAM,101060
15,B11-e003Assembly-mGAM-p3,0.0,940326,D5-e003Coalescence-Inoculumn-mGAM,101060
16,D5-e004Assembly-mGAM-p3,6255.0,1831264,D5-e003Coalescence-Inoculumn-mGAM,101060
17,D11-e003Coalescence-mGAM-p7,0.0,1847216,D5-e003Coalescence-Inoculumn-mGAM,101060
18,E5-e004Assembly-mGAM-p3,3893.0,1139136,D5-e003Coalescence-Inoculumn-mGAM,101060
19,F4-e004Assembly-epsilon-p7,2035.0,664391,D5-e003Coalescence-Inoculumn-mGAM,101060
20,D11-e003Assembly-mGAM-p5,0.0,601630,D5-e003Coalescence-Inoculumn-mGAM,101060
21,B11-e003GlycerolRevival-mGAM-p2,0.0,1702101,D5-e003Coalescence-Inoculumn-mGAM,101060
22,C11-e003Assembly-mGAM-p3,0.0,1348064,D5-e003Coalescence-Inoculumn-mGAM,101060
23,C11-e003Assembly-mGAM-p5,0.0,831093,D5-e003Coalescence-Inoculumn-mGAM,101060
24,C11-e003GlycerolRevival-mGAM-p2,0.0,1092630,D5-e003Coalescence-Inoculumn-mGAM,101060
25,A5-e003Coalescence-Inoculumn-mGAM,0.0,1802594,D5-e003Coalescence-Inoculumn-mGAM,101060
26,D4-e003Coalescence-Inoculumn-mGAM,0.0,662513,D5-e003Coalescence-Inoculumn-mGAM,101060
27,D2-e003Coalescence-Inoculumn-mGAM,0.0,1800962,D5-e003Coalescence-Inoculumn-mGAM,101060
28,D3-e003Coalescence-Inoculumn-mGAM,0.0,1810330,D5-e003Coalescence-Inoculumn-mGAM,101060
29,C5-e003Coalescence-Inoculumn-mGAM,1.0,1837613,D5-e003Coalescence-Inoculumn-mGAM,101060
30,BC-Fecal,3884.0,1817040,D5-e003Coalescence-Inoculumn-mGAM,101060
31,e004-inoculumn-fecal-BE,6335.0,1844879,D5-e003Coalescence-Inoculumn-mGAM,101060
32,e003-inoculumn-fecal-AF,0.0,951572,D5-e003Coalescence-Inoculumn-mGAM,101060
33,A11-e003Coalescence-mGAM-p3,1.0,1834942,D5-e003Coalescence-Inoculumn-mGAM,101060
34,H111-e003Coalescence-mGAM-p7_S188,1.0,1842542,D5-e003Coalescence-Inoculumn-mGAM,101060
35,H111-e003Coalescence-mBHI-p3_S144,1.0,1829245,D5-e003Coalescence-Inoculumn-mGAM,101060
36,H111-e003Coalescence-mGAM-p5_S92,1.0,1837727,D5-e003Coalescence-Inoculumn-mGAM,101060
37,H8-e003Coalescence-mGAM-p5_S89,0.0,1819422,D5-e003Coalescence-Inoculumn-mGAM,101060
38,H111-e003Coalescence-mBHI-p5_S44,1.0,1810076,D5-e003Coalescence-Inoculumn-mGAM,101060
39,E111-e003Coalescence-mGAM-p5_S56,1.0,1809572,D5-e003Coalescence-Inoculumn-mGAM,101060
40,H111-e003Coalescence-mGAM-p3_S192,1.0,1843030,D5-e003Coalescence-Inoculumn-mGAM,101060
41,H8-e003Coalescence-mGAM-p7_S185,1.0,1843221,D5-e003Coalescence-Inoculumn-mGAM,101060
0,D11-e003Coalescence-mBHI-p5,4491.0,1816078,BF-Fecal,101060
1,e004-inoculumn-fecal-BD,3875.0,1831622,BF-Fecal,101060
2,D11-e003Coalescence-mGAM-p5,4507.0,1831197,BF-Fecal,101060
3,A11-e003Coalescence-mGAM-p7,3799.0,1531225,BF-Fecal,101060
4,E5-e004Assembly-mGAM-p5,4464.0,1838663,BF-Fecal,101060
5,D8-e003Coalescence-mGAM-p5,4509.0,1828960,BF-Fecal,101060
6,A12-e003Coalescence-mGAM-p3,4022.0,1624098,BF-Fecal,101060
7,B5-e003Coalescence-Inoculumn-mGAM,4385.0,1783474,BF-Fecal,101060
8,B11-e003Assembly-mGAM-p5,4192.0,1686869,BF-Fecal,101060
9,E5-e004Assembly-mGAM-p7,4439.0,1826773,BF-Fecal,101060
10,D5-e003Coalescence-Inoculumn-mGAM,4448.0,1825335,BF-Fecal,101060
11,BF-Fecal,0.0,1874109,BF-Fecal,101060
12,D11-e003Assembly-mGAM-p3,1465.0,595358,BF-Fecal,101060
13,G4-e004Assembly-epsilon-p3,2902.0,1422551,BF-Fecal,101060
14,D5-e004Assembly-mGAM-p7,4424.0,1812181,BF-Fecal,101060
15,B11-e003Assembly-mGAM-p3,2234.0,940326,BF-Fecal,101060
16,D5-e004Assembly-mGAM-p3,4431.0,1831264,BF-Fecal,101060
17,D11-e003Coalescence-mGAM-p7,4564.0,1847216,BF-Fecal,101060
18,E5-e004Assembly-mGAM-p3,2783.0,1139136,BF-Fecal,101060
19,F4-e004Assembly-epsilon-p7,1405.0,664391,BF-Fecal,101060
20,D11-e003Assembly-mGAM-p5,1474.0,601630,BF-Fecal,101060
21,B11-e003GlycerolRevival-mGAM-p2,4161.0,1702101,BF-Fecal,101060
22,C11-e003Assembly-mGAM-p3,3338.0,1348064,BF-Fecal,101060
23,C11-e003Assembly-mGAM-p5,2092.0,831093,BF-Fecal,101060
24,C11-e003GlycerolRevival-mGAM-p2,2638.0,1092630,BF-Fecal,101060
25,A5-e003Coalescence-Inoculumn-mGAM,4446.0,1802594,BF-Fecal,101060
26,D4-e003Coalescence-Inoculumn-mGAM,1467.0,662513,BF-Fecal,101060
27,D2-e003Coalescence-Inoculumn-mGAM,4402.0,1800962,BF-Fecal,101060
28,D3-e003Coalescence-Inoculumn-mGAM,4457.0,1810330,BF-Fecal,101060
29,C5-e003Coalescence-Inoculumn-mGAM,4536.0,1837613,BF-Fecal,101060
30,BC-Fecal,2271.0,1817040,BF-Fecal,101060
31,e004-inoculumn-fecal-BE,4489.0,1844879,BF-Fecal,101060
32,e003-inoculumn-fecal-AF,2222.0,951572,BF-Fecal,101060
33,A11-e003Coalescence-mGAM-p3,4490.0,1834942,BF-Fecal,101060
34,H111-e003Coalescence-mGAM-p7_S188,4452.0,1842542,BF-Fecal,101060
35,H111-e003Coalescence-mBHI-p3_S144,4392.0,1829245,BF-Fecal,101060
36,H111-e003Coalescence-mGAM-p5_S92,4415.0,1837727,BF-Fecal,101060
37,H8-e003Coalescence-mGAM-p5_S89,4443.0,1819422,BF-Fecal,101060
38,H111-e003Coalescence-mBHI-p5_S44,4364.0,1810076,BF-Fecal,101060
39,E111-e003Coalescence-mGAM-p5_S56,4366.0,1809572,BF-Fecal,101060
40,H111-e003Coalescence-mGAM-p3_S192,4449.0,1843030,BF-Fecal,101060
41,H8-e003Coalescence-mGAM-p7_S185,4462.0,1843221,BF-Fecal,101060
0,D11-e003Coalescence-mBHI-p5,2.0,1816078,D11-e003Assembly-mGAM-p3,101060
1,e004-inoculumn-fecal-BD,1880.0,1831622,D11-e003Assembly-mGAM-p3,101060
2,D11-e003Coalescence-mGAM-p5,2.0,1831197,D11-e003Assembly-mGAM-p3,101060
3,A11-e003Coalescence-mGAM-p7,2.0,1531225,D11-e003Assembly-mGAM-p3,101060
4,E5-e004Assembly-mGAM-p5,2055.0,1838663,D11-e003Assembly-mGAM-p3,101060
5,D8-e003Coalescence-mGAM-p5,3.0,1828960,D11-e003Assembly-mGAM-p3,101060
6,A12-e003Coalescence-mGAM-p3,2.0,1624098,D11-e003Assembly-mGAM-p3,101060
7,B5-e003Coalescence-Inoculumn-mGAM,2.0,1783474,D11-e003Assembly-mGAM-p3,101060
8,B11-e003Assembly-mGAM-p5,2.0,1686869,D11-e003Assembly-mGAM-p3,101060
9,E5-e004Assembly-mGAM-p7,2030.0,1826773,D11-e003Assembly-mGAM-p3,101060
10,D5-e003Coalescence-Inoculumn-mGAM,2.0,1825335,D11-e003Assembly-mGAM-p3,101060
11,BF-Fecal,1466.0,1874109,D11-e003Assembly-mGAM-p3,101060
12,D11-e003Assembly-mGAM-p3,0.0,595358,D11-e003Assembly-mGAM-p3,101060
13,G4-e004Assembly-epsilon-p3,1414.0,1422551,D11-e003Assembly-mGAM-p3,101060
14,D5-e004Assembly-mGAM-p7,2038.0,1812181,D11-e003Assembly-mGAM-p3,101060
15,B11-e003Assembly-mGAM-p3,1.0,940326,D11-e003Assembly-mGAM-p3,101060
16,D5-e004Assembly-mGAM-p3,2029.0,1831264,D11-e003Assembly-mGAM-p3,101060
17,D11-e003Coalescence-mGAM-p7,3.0,1847216,D11-e003Assembly-mGAM-p3,101060
18,E5-e004Assembly-mGAM-p3,1281.0,1139136,D11-e003Assembly-mGAM-p3,101060
19,F4-e004Assembly-epsilon-p7,709.0,664391,D11-e003Assembly-mGAM-p3,101060
20,D11-e003Assembly-mGAM-p5,2.0,601630,D11-e003Assembly-mGAM-p3,101060
21,B11-e003GlycerolRevival-mGAM-p2,1.0,1702101,D11-e003Assembly-mGAM-p3,101060
22,C11-e003Assembly-mGAM-p3,3.0,1348064,D11-e003Assembly-mGAM-p3,101060
23,C11-e003Assembly-mGAM-p5,0.0,831093,D11-e003Assembly-mGAM-p3,101060
24,C11-e003GlycerolRevival-mGAM-p2,3.0,1092630,D11-e003Assembly-mGAM-p3,101060
25,A5-e003Coalescence-Inoculumn-mGAM,3.0,1802594,D11-e003Assembly-mGAM-p3,101060
26,D4-e003Coalescence-Inoculumn-mGAM,0.0,662513,D11-e003Assembly-mGAM-p3,101060
27,D2-e003Coalescence-Inoculumn-mGAM,1.0,1800962,D11-e003Assembly-mGAM-p3,101060
28,D3-e003Coalescence-Inoculumn-mGAM,3.0,1810330,D11-e003Assembly-mGAM-p3,101060
29,C5-e003Coalescence-Inoculumn-mGAM,0.0,1837613,D11-e003Assembly-mGAM-p3,101060
30,BC-Fecal,1310.0,1817040,D11-e003Assembly-mGAM-p3,101060
31,e004-inoculumn-fecal-BE,2061.0,1844879,D11-e003Assembly-mGAM-p3,101060
32,e003-inoculumn-fecal-AF,2.0,951572,D11-e003Assembly-mGAM-p3,101060
33,A11-e003Coalescence-mGAM-p3,0.0,1834942,D11-e003Assembly-mGAM-p3,101060
34,H111-e003Coalescence-mGAM-p7_S188,2.0,1842542,D11-e003Assembly-mGAM-p3,101060
35,H111-e003Coalescence-mBHI-p3_S144,2.0,1829245,D11-e003Assembly-mGAM-p3,101060
36,H111-e003Coalescence-mGAM-p5_S92,2.0,1837727,D11-e003Assembly-mGAM-p3,101060
37,H8-e003Coalescence-mGAM-p5_S89,2.0,1819422,D11-e003Assembly-mGAM-p3,101060
38,H111-e003Coalescence-mBHI-p5_S44,3.0,1810076,D11-e003Assembly-mGAM-p3,101060
39,E111-e003Coalescence-mGAM-p5_S56,1.0,1809572,D11-e003Assembly-mGAM-p3,101060
40,H111-e003Coalescence-mGAM-p3_S192,2.0,1843030,D11-e003Assembly-mGAM-p3,101060
41,H8-e003Coalescence-mGAM-p7_S185,2.0,1843221,D11-e003Assembly-mGAM-p3,101060
0,D11-e003Coalescence-mBHI-p5,4270.0,1816078,G4-e004Assembly-epsilon-p3,101060
1,e004-inoculumn-fecal-BD,7.0,1831622,G4-e004Assembly-epsilon-p3,101060
2,D11-e003Coalescence-mGAM-p5,4315.0,1831197,G4-e004Assembly-epsilon-p3,101060
3,A11-e003Coalescence-mGAM-p7,3644.0,1531225,G4-e004Assembly-epsilon-p3,101060
4,E5-e004Assembly-mGAM-p5,4799.0,1838663,G4-e004Assembly-epsilon-p3,101060
5,D8-e003Coalescence-mGAM-p5,4311.0,1828960,G4-e004Assembly-epsilon-p3,101060
6,A12-e003Coalescence-mGAM-p3,3878.0,1624098,G4-e004Assembly-epsilon-p3,101060
7,B5-e003Coalescence-Inoculumn-mGAM,4217.0,1783474,G4-e004Assembly-epsilon-p3,101060
8,B11-e003Assembly-mGAM-p5,4034.0,1686869,G4-e004Assembly-epsilon-p3,101060
9,E5-e004Assembly-mGAM-p7,4769.0,1826773,G4-e004Assembly-epsilon-p3,101060
10,D5-e003Coalescence-Inoculumn-mGAM,4267.0,1825335,G4-e004Assembly-epsilon-p3,101060
11,BF-Fecal,2902.0,1874109,G4-e004Assembly-epsilon-p3,101060
12,D11-e003Assembly-mGAM-p3,1415.0,595358,G4-e004Assembly-epsilon-p3,101060
13,G4-e004Assembly-epsilon-p3,0.0,1422551,G4-e004Assembly-epsilon-p3,101060
14,D5-e004Assembly-mGAM-p7,4786.0,1812181,G4-e004Assembly-epsilon-p3,101060
15,B11-e003Assembly-mGAM-p3,2286.0,940326,G4-e004Assembly-epsilon-p3,101060
16,D5-e004Assembly-mGAM-p3,4772.0,1831264,G4-e004Assembly-epsilon-p3,101060
17,D11-e003Coalescence-mGAM-p7,4358.0,1847216,G4-e004Assembly-epsilon-p3,101060
18,E5-e004Assembly-mGAM-p3,2949.0,1139136,G4-e004Assembly-epsilon-p3,101060
19,F4-e004Assembly-epsilon-p7,3.0,664391,G4-e004Assembly-epsilon-p3,101060
20,D11-e003Assembly-mGAM-p5,1446.0,601630,G4-e004Assembly-epsilon-p3,101060
21,B11-e003GlycerolRevival-mGAM-p2,3981.0,1702101,G4-e004Assembly-epsilon-p3,101060
22,C11-e003Assembly-mGAM-p3,3276.0,1348064,G4-e004Assembly-epsilon-p3,101060
23,C11-e003Assembly-mGAM-p5,2061.0,831093,G4-e004Assembly-epsilon-p3,101060
24,C11-e003GlycerolRevival-mGAM-p2,2659.0,1092630,G4-e004Assembly-epsilon-p3,101060
25,A5-e003Coalescence-Inoculumn-mGAM,4269.0,1802594,G4-e004Assembly-epsilon-p3,101060
26,D4-e003Coalescence-Inoculumn-mGAM,1480.0,662513,G4-e004Assembly-epsilon-p3,101060
27,D2-e003Coalescence-Inoculumn-mGAM,4239.0,1800962,G4-e004Assembly-epsilon-p3,101060
28,D3-e003Coalescence-Inoculumn-mGAM,4267.0,1810330,G4-e004Assembly-epsilon-p3,101060
29,C5-e003Coalescence-Inoculumn-mGAM,4340.0,1837613,G4-e004Assembly-epsilon-p3,101060
30,BC-Fecal,2788.0,1817040,G4-e004Assembly-epsilon-p3,101060
31,e004-inoculumn-fecal-BE,4834.0,1844879,G4-e004Assembly-epsilon-p3,101060
32,e003-inoculumn-fecal-AF,2224.0,951572,G4-e004Assembly-epsilon-p3,101060
33,A11-e003Coalescence-mGAM-p3,4298.0,1834942,G4-e004Assembly-epsilon-p3,101060
34,H111-e003Coalescence-mGAM-p7_S188,4293.0,1842542,G4-e004Assembly-epsilon-p3,101060
35,H111-e003Coalescence-mBHI-p3_S144,4255.0,1829245,G4-e004Assembly-epsilon-p3,101060
36,H111-e003Coalescence-mGAM-p5_S92,4269.0,1837727,G4-e004Assembly-epsilon-p3,101060
37,H8-e003Coalescence-mGAM-p5_S89,4251.0,1819422,G4-e004Assembly-epsilon-p3,101060
38,H111-e003Coalescence-mBHI-p5_S44,4210.0,1810076,G4-e004Assembly-epsilon-p3,101060
39,E111-e003Coalescence-mGAM-p5_S56,4216.0,1809572,G4-e004Assembly-epsilon-p3,101060
40,H111-e003Coalescence-mGAM-p3_S192,4276.0,1843030,G4-e004Assembly-epsilon-p3,101060
41,H8-e003Coalescence-mGAM-p7_S185,4281.0,1843221,G4-e004Assembly-epsilon-p3,101060
0,D11-e003Coalescence-mBHI-p5,6284.0,1816078,D5-e004Assembly-mGAM-p7,101060
1,e004-inoculumn-fecal-BD,6252.0,1831622,D5-e004Assembly-mGAM-p7,101060
2,D11-e003Coalescence-mGAM-p5,6325.0,1831197,D5-e004Assembly-mGAM-p7,101060
3,A11-e003Coalescence-mGAM-p7,5330.0,1531225,D5-e004Assembly-mGAM-p7,101060
4,E5-e004Assembly-mGAM-p5,3.0,1838663,D5-e004Assembly-mGAM-p7,101060
5,D8-e003Coalescence-mGAM-p5,6323.0,1828960,D5-e004Assembly-mGAM-p7,101060
6,A12-e003Coalescence-mGAM-p3,5698.0,1624098,D5-e004Assembly-mGAM-p7,101060
7,B5-e003Coalescence-Inoculumn-mGAM,6125.0,1783474,D5-e004Assembly-mGAM-p7,101060
8,B11-e003Assembly-mGAM-p5,5819.0,1686869,D5-e004Assembly-mGAM-p7,101060
9,E5-e004Assembly-mGAM-p7,1.0,1826773,D5-e004Assembly-mGAM-p7,101060
10,D5-e003Coalescence-Inoculumn-mGAM,6256.0,1825335,D5-e004Assembly-mGAM-p7,101060
11,BF-Fecal,4424.0,1874109,D5-e004Assembly-mGAM-p7,101060
12,D11-e003Assembly-mGAM-p3,2036.0,595358,D5-e004Assembly-mGAM-p7,101060
13,G4-e004Assembly-epsilon-p3,4785.0,1422551,D5-e004Assembly-mGAM-p7,101060
14,D5-e004Assembly-mGAM-p7,0.0,1812181,D5-e004Assembly-mGAM-p7,101060
15,B11-e003Assembly-mGAM-p3,3208.0,940326,D5-e004Assembly-mGAM-p7,101060
16,D5-e004Assembly-mGAM-p3,3.0,1831264,D5-e004Assembly-mGAM-p7,101060
17,D11-e003Coalescence-mGAM-p7,6375.0,1847216,D5-e004Assembly-mGAM-p7,101060
18,E5-e004Assembly-mGAM-p3,1.0,1139136,D5-e004Assembly-mGAM-p7,101060
19,F4-e004Assembly-epsilon-p7,2280.0,664391,D5-e004Assembly-mGAM-p7,101060
20,D11-e003Assembly-mGAM-p5,2075.0,601630,D5-e004Assembly-mGAM-p7,101060
21,B11-e003GlycerolRevival-mGAM-p2,5853.0,1702101,D5-e004Assembly-mGAM-p7,101060
22,C11-e003Assembly-mGAM-p3,4699.0,1348064,D5-e004Assembly-mGAM-p7,101060
23,C11-e003Assembly-mGAM-p5,2928.0,831093,D5-e004Assembly-mGAM-p7,101060
24,C11-e003GlycerolRevival-mGAM-p2,3721.0,1092630,D5-e004Assembly-mGAM-p7,101060
25,A5-e003Coalescence-Inoculumn-mGAM,6231.0,1802594,D5-e004Assembly-mGAM-p7,101060
26,D4-e003Coalescence-Inoculumn-mGAM,2234.0,662513,D5-e004Assembly-mGAM-p7,101060
27,D2-e003Coalescence-Inoculumn-mGAM,6211.0,1800962,D5-e004Assembly-mGAM-p7,101060
28,D3-e003Coalescence-Inoculumn-mGAM,6249.0,1810330,D5-e004Assembly-mGAM-p7,101060
29,C5-e003Coalescence-Inoculumn-mGAM,6351.0,1837613,D5-e004Assembly-mGAM-p7,101060
30,BC-Fecal,4632.0,1817040,D5-e004Assembly-mGAM-p7,101060
31,e004-inoculumn-fecal-BE,1.0,1844879,D5-e004Assembly-mGAM-p7,101060
32,e003-inoculumn-fecal-AF,3259.0,951572,D5-e004Assembly-mGAM-p7,101060
33,A11-e003Coalescence-mGAM-p3,6322.0,1834942,D5-e004Assembly-mGAM-p7,101060
34,H111-e003Coalescence-mGAM-p7_S188,6285.0,1842542,D5-e004Assembly-mGAM-p7,101060
35,H111-e003Coalescence-mBHI-p3_S144,6214.0,1829245,D5-e004Assembly-mGAM-p7,101060
36,H111-e003Coalescence-mGAM-p5_S92,6241.0,1837727,D5-e004Assembly-mGAM-p7,101060
37,H8-e003Coalescence-mGAM-p5_S89,6227.0,1819422,D5-e004Assembly-mGAM-p7,101060
38,H111-e003Coalescence-mBHI-p5_S44,6171.0,1810076,D5-e004Assembly-mGAM-p7,101060
39,E111-e003Coalescence-mGAM-p5_S56,6166.0,1809572,D5-e004Assembly-mGAM-p7,101060
40,H111-e003Coalescence-mGAM-p3_S192,6295.0,1843030,D5-e004Assembly-mGAM-p7,101060
41,H8-e003Coalescence-mGAM-p7_S185,6289.0,1843221,D5-e004Assembly-mGAM-p7,101060
0,D11-e003Coalescence-mBHI-p5,3.0,1816078,B11-e003Assembly-mGAM-p3,101060
1,e004-inoculumn-fecal-BD,3035.0,1831622,B11-e003Assembly-mGAM-p3,101060
2,D11-e003Coalescence-mGAM-p5,4.0,1831197,B11-e003Assembly-mGAM-p3,101060
3,A11-e003Coalescence-mGAM-p7,4.0,1531225,B11-e003Assembly-mGAM-p3,101060
4,E5-e004Assembly-mGAM-p5,3247.0,1838663,B11-e003Assembly-mGAM-p3,101060
5,D8-e003Coalescence-mGAM-p5,2.0,1828960,B11-e003Assembly-mGAM-p3,101060
6,A12-e003Coalescence-mGAM-p3,5.0,1624098,B11-e003Assembly-mGAM-p3,101060
7,B5-e003Coalescence-Inoculumn-mGAM,4.0,1783474,B11-e003Assembly-mGAM-p3,101060
8,B11-e003Assembly-mGAM-p5,5.0,1686869,B11-e003Assembly-mGAM-p3,101060
9,E5-e004Assembly-mGAM-p7,3210.0,1826773,B11-e003Assembly-mGAM-p3,101060
10,D5-e003Coalescence-Inoculumn-mGAM,4.0,1825335,B11-e003Assembly-mGAM-p3,101060
11,BF-Fecal,2237.0,1874109,B11-e003Assembly-mGAM-p3,101060
12,D11-e003Assembly-mGAM-p3,2.0,595358,B11-e003Assembly-mGAM-p3,101060
13,G4-e004Assembly-epsilon-p3,2287.0,1422551,B11-e003Assembly-mGAM-p3,101060
14,D5-e004Assembly-mGAM-p7,3209.0,1812181,B11-e003Assembly-mGAM-p3,101060
15,B11-e003Assembly-mGAM-p3,0.0,940326,B11-e003Assembly-mGAM-p3,101060
16,D5-e004Assembly-mGAM-p3,3223.0,1831264,B11-e003Assembly-mGAM-p3,101060
17,D11-e003Coalescence-mGAM-p7,4.0,1847216,B11-e003Assembly-mGAM-p3,101060
18,E5-e004Assembly-mGAM-p3,2009.0,1139136,B11-e003Assembly-mGAM-p3,101060
19,F4-e004Assembly-epsilon-p7,1146.0,664391,B11-e003Assembly-mGAM-p3,101060
20,D11-e003Assembly-mGAM-p5,3.0,601630,B11-e003Assembly-mGAM-p3,101060
21,B11-e003GlycerolRevival-mGAM-p2,4.0,1702101,B11-e003Assembly-mGAM-p3,101060
22,C11-e003Assembly-mGAM-p3,4.0,1348064,B11-e003Assembly-mGAM-p3,101060
23,C11-e003Assembly-mGAM-p5,2.0,831093,B11-e003Assembly-mGAM-p3,101060
24,C11-e003GlycerolRevival-mGAM-p2,2.0,1092630,B11-e003Assembly-mGAM-p3,101060
25,A5-e003Coalescence-Inoculumn-mGAM,4.0,1802594,B11-e003Assembly-mGAM-p3,101060
26,D4-e003Coalescence-Inoculumn-mGAM,0.0,662513,B11-e003Assembly-mGAM-p3,101060
27,D2-e003Coalescence-Inoculumn-mGAM,3.0,1800962,B11-e003Assembly-mGAM-p3,101060
28,D3-e003Coalescence-Inoculumn-mGAM,4.0,1810330,B11-e003Assembly-mGAM-p3,101060
29,C5-e003Coalescence-Inoculumn-mGAM,2.0,1837613,B11-e003Assembly-mGAM-p3,101060
30,BC-Fecal,2049.0,1817040,B11-e003Assembly-mGAM-p3,101060
31,e004-inoculumn-fecal-BE,3248.0,1844879,B11-e003Assembly-mGAM-p3,101060
32,e003-inoculumn-fecal-AF,1.0,951572,B11-e003Assembly-mGAM-p3,101060
33,A11-e003Coalescence-mGAM-p3,2.0,1834942,B11-e003Assembly-mGAM-p3,101060
34,H111-e003Coalescence-mGAM-p7_S188,5.0,1842542,B11-e003Assembly-mGAM-p3,101060
35,H111-e003Coalescence-mBHI-p3_S144,5.0,1829245,B11-e003Assembly-mGAM-p3,101060
36,H111-e003Coalescence-mGAM-p5_S92,5.0,1837727,B11-e003Assembly-mGAM-p3,101060
37,H8-e003Coalescence-mGAM-p5_S89,3.0,1819422,B11-e003Assembly-mGAM-p3,101060
38,H111-e003Coalescence-mBHI-p5_S44,4.0,1810076,B11-e003Assembly-mGAM-p3,101060
39,E111-e003Coalescence-mGAM-p5_S56,4.0,1809572,B11-e003Assembly-mGAM-p3,101060
40,H111-e003Coalescence-mGAM-p3_S192,5.0,1843030,B11-e003Assembly-mGAM-p3,101060
41,H8-e003Coalescence-mGAM-p7_S185,5.0,1843221,B11-e003Assembly-mGAM-p3,101060
0,D11-e003Coalescence-mBHI-p5,6301.0,1816078,D5-e004Assembly-mGAM-p3,101060
1,e004-inoculumn-fecal-BD,6258.0,1831622,D5-e004Assembly-mGAM-p3,101060
2,D11-e003Coalescence-mGAM-p5,6336.0,1831197,D5-e004Assembly-mGAM-p3,101060
3,A11-e003Coalescence-mGAM-p7,5341.0,1531225,D5-e004Assembly-mGAM-p3,101060
4,E5-e004Assembly-mGAM-p5,4.0,1838663,D5-e004Assembly-mGAM-p3,101060
5,D8-e003Coalescence-mGAM-p5,6338.0,1828960,D5-e004Assembly-mGAM-p3,101060
6,A12-e003Coalescence-mGAM-p3,5703.0,1624098,D5-e004Assembly-mGAM-p3,101060
7,B5-e003Coalescence-Inoculumn-mGAM,6141.0,1783474,D5-e004Assembly-mGAM-p3,101060
8,B11-e003Assembly-mGAM-p5,5828.0,1686869,D5-e004Assembly-mGAM-p3,101060
9,E5-e004Assembly-mGAM-p7,3.0,1826773,D5-e004Assembly-mGAM-p3,101060
10,D5-e003Coalescence-Inoculumn-mGAM,6260.0,1825335,D5-e004Assembly-mGAM-p3,101060
11,BF-Fecal,4430.0,1874109,D5-e004Assembly-mGAM-p3,101060
12,D11-e003Assembly-mGAM-p3,2027.0,595358,D5-e004Assembly-mGAM-p3,101060
13,G4-e004Assembly-epsilon-p3,4767.0,1422551,D5-e004Assembly-mGAM-p3,101060
14,D5-e004Assembly-mGAM-p7,1.0,1812181,D5-e004Assembly-mGAM-p3,101060
15,B11-e003Assembly-mGAM-p3,3222.0,940326,D5-e004Assembly-mGAM-p3,101060
16,D5-e004Assembly-mGAM-p3,0.0,1831264,D5-e004Assembly-mGAM-p3,101060
17,D11-e003Coalescence-mGAM-p7,6393.0,1847216,D5-e004Assembly-mGAM-p3,101060
18,E5-e004Assembly-mGAM-p3,2.0,1139136,D5-e004Assembly-mGAM-p3,101060
19,F4-e004Assembly-epsilon-p7,2282.0,664391,D5-e004Assembly-mGAM-p3,101060
20,D11-e003Assembly-mGAM-p5,2079.0,601630,D5-e004Assembly-mGAM-p3,101060
21,B11-e003GlycerolRevival-mGAM-p2,5862.0,1702101,D5-e004Assembly-mGAM-p3,101060
22,C11-e003Assembly-mGAM-p3,4691.0,1348064,D5-e004Assembly-mGAM-p3,101060
23,C11-e003Assembly-mGAM-p5,2910.0,831093,D5-e004Assembly-mGAM-p3,101060
24,C11-e003GlycerolRevival-mGAM-p2,3730.0,1092630,D5-e004Assembly-mGAM-p3,101060
25,A5-e003Coalescence-Inoculumn-mGAM,6245.0,1802594,D5-e004Assembly-mGAM-p3,101060
26,D4-e003Coalescence-Inoculumn-mGAM,2240.0,662513,D5-e004Assembly-mGAM-p3,101060
27,D2-e003Coalescence-Inoculumn-mGAM,6217.0,1800962,D5-e004Assembly-mGAM-p3,101060
28,D3-e003Coalescence-Inoculumn-mGAM,6266.0,1810330,D5-e004Assembly-mGAM-p3,101060
29,C5-e003Coalescence-Inoculumn-mGAM,6370.0,1837613,D5-e004Assembly-mGAM-p3,101060
30,BC-Fecal,4638.0,1817040,D5-e004Assembly-mGAM-p3,101060
31,e004-inoculumn-fecal-BE,2.0,1844879,D5-e004Assembly-mGAM-p3,101060
32,e003-inoculumn-fecal-AF,3258.0,951572,D5-e004Assembly-mGAM-p3,101060
33,A11-e003Coalescence-mGAM-p3,6337.0,1834942,D5-e004Assembly-mGAM-p3,101060
34,H111-e003Coalescence-mGAM-p7_S188,6291.0,1842542,D5-e004Assembly-mGAM-p3,101060
35,H111-e003Coalescence-mBHI-p3_S144,6223.0,1829245,D5-e004Assembly-mGAM-p3,101060
36,H111-e003Coalescence-mGAM-p5_S92,6254.0,1837727,D5-e004Assembly-mGAM-p3,101060
37,H8-e003Coalescence-mGAM-p5_S89,6237.0,1819422,D5-e004Assembly-mGAM-p3,101060
38,H111-e003Coalescence-mBHI-p5_S44,6181.0,1810076,D5-e004Assembly-mGAM-p3,101060
39,E111-e003Coalescence-mGAM-p5_S56,6175.0,1809572,D5-e004Assembly-mGAM-p3,101060
40,H111-e003Coalescence-mGAM-p3_S192,6302.0,1843030,D5-e004Assembly-mGAM-p3,101060
41,H8-e003Coalescence-mGAM-p7_S185,6305.0,1843221,D5-e004Assembly-mGAM-p3,101060
0,D11-e003Coalescence-mBHI-p5,1.0,1816078,D11-e003Coalescence-mGAM-p7,101060
1,e004-inoculumn-fecal-BD,5788.0,1831622,D11-e003Coalescence-mGAM-p7,101060
2,D11-e003Coalescence-mGAM-p5,2.0,1831197,D11-e003Coalescence-mGAM-p7,101060
3,A11-e003Coalescence-mGAM-p7,1.0,1531225,D11-e003Coalescence-mGAM-p7,101060
4,E5-e004Assembly-mGAM-p5,6421.0,1838663,D11-e003Coalescence-mGAM-p7,101060
5,D8-e003Coalescence-mGAM-p5,1.0,1828960,D11-e003Coalescence-mGAM-p7,101060
6,A12-e003Coalescence-mGAM-p3,1.0,1624098,D11-e003Coalescence-mGAM-p7,101060
7,B5-e003Coalescence-Inoculumn-mGAM,1.0,1783474,D11-e003Coalescence-mGAM-p7,101060
8,B11-e003Assembly-mGAM-p5,1.0,1686869,D11-e003Coalescence-mGAM-p7,101060
9,E5-e004Assembly-mGAM-p7,6364.0,1826773,D11-e003Coalescence-mGAM-p7,101060
10,D5-e003Coalescence-Inoculumn-mGAM,0.0,1825335,D11-e003Coalescence-mGAM-p7,101060
11,BF-Fecal,4559.0,1874109,D11-e003Coalescence-mGAM-p7,101060
12,D11-e003Assembly-mGAM-p3,0.0,595358,D11-e003Coalescence-mGAM-p7,101060
13,G4-e004Assembly-epsilon-p3,4347.0,1422551,D11-e003Coalescence-mGAM-p7,101060
14,D5-e004Assembly-mGAM-p7,6372.0,1812181,D11-e003Coalescence-mGAM-p7,101060
15,B11-e003Assembly-mGAM-p3,0.0,940326,D11-e003Coalescence-mGAM-p7,101060
16,D5-e004Assembly-mGAM-p3,6388.0,1831264,D11-e003Coalescence-mGAM-p7,101060
17,D11-e003Coalescence-mGAM-p7,0.0,1847216,D11-e003Coalescence-mGAM-p7,101060
18,E5-e004Assembly-mGAM-p3,3954.0,1139136,D11-e003Coalescence-mGAM-p7,101060
19,F4-e004Assembly-epsilon-p7,2082.0,664391,D11-e003Coalescence-mGAM-p7,101060
20,D11-e003Assembly-mGAM-p5,0.0,601630,D11-e003Coalescence-mGAM-p7,101060
21,B11-e003GlycerolRevival-mGAM-p2,1.0,1702101,D11-e003Coalescence-mGAM-p7,101060
22,C11-e003Assembly-mGAM-p3,1.0,1348064,D11-e003Coalescence-mGAM-p7,101060
23,C11-e003Assembly-mGAM-p5,0.0,831093,D11-e003Coalescence-mGAM-p7,101060
24,C11-e003GlycerolRevival-mGAM-p2,0.0,1092630,D11-e003Coalescence-mGAM-p7,101060
25,A5-e003Coalescence-Inoculumn-mGAM,0.0,1802594,D11-e003Coalescence-mGAM-p7,101060
26,D4-e003Coalescence-Inoculumn-mGAM,0.0,662513,D11-e003Coalescence-mGAM-p7,101060
27,D2-e003Coalescence-Inoculumn-mGAM,1.0,1800962,D11-e003Coalescence-mGAM-p7,101060
28,D3-e003Coalescence-Inoculumn-mGAM,0.0,1810330,D11-e003Coalescence-mGAM-p7,101060
29,C5-e003Coalescence-Inoculumn-mGAM,2.0,1837613,D11-e003Coalescence-mGAM-p7,101060
30,BC-Fecal,3965.0,1817040,D11-e003Coalescence-mGAM-p7,101060
31,e004-inoculumn-fecal-BE,6449.0,1844879,D11-e003Coalescence-mGAM-p7,101060
32,e003-inoculumn-fecal-AF,0.0,951572,D11-e003Coalescence-mGAM-p7,101060
33,A11-e003Coalescence-mGAM-p3,2.0,1834942,D11-e003Coalescence-mGAM-p7,101060
34,H111-e003Coalescence-mGAM-p7_S188,4.0,1842542,D11-e003Coalescence-mGAM-p7,101060
35,H111-e003Coalescence-mBHI-p3_S144,4.0,1829245,D11-e003Coalescence-mGAM-p7,101060
36,H111-e003Coalescence-mGAM-p5_S92,4.0,1837727,D11-e003Coalescence-mGAM-p7,101060
37,H8-e003Coalescence-mGAM-p5_S89,2.0,1819422,D11-e003Coalescence-mGAM-p7,101060
38,H111-e003Coalescence-mBHI-p5_S44,3.0,1810076,D11-e003Coalescence-mGAM-p7,101060
39,E111-e003Coalescence-mGAM-p5_S56,3.0,1809572,D11-e003Coalescence-mGAM-p7,101060
40,H111-e003Coalescence-mGAM-p3_S192,4.0,1843030,D11-e003Coalescence-mGAM-p7,101060
41,H8-e003Coalescence-mGAM-p7_S185,2.0,1843221,D11-e003Coalescence-mGAM-p7,101060
0,D11-e003Coalescence-mBHI-p5,3924.0,1816078,E5-e004Assembly-mGAM-p3,101060
1,e004-inoculumn-fecal-BD,3861.0,1831622,E5-e004Assembly-mGAM-p3,101060
2,D11-e003Coalescence-mGAM-p5,3931.0,1831197,E5-e004Assembly-mGAM-p3,101060
3,A11-e003Coalescence-mGAM-p7,3329.0,1531225,E5-e004Assembly-mGAM-p3,101060
4,E5-e004Assembly-mGAM-p5,2.0,1838663,E5-e004Assembly-mGAM-p3,101060
5,D8-e003Coalescence-mGAM-p5,3946.0,1828960,E5-e004Assembly-mGAM-p3,101060
6,A12-e003Coalescence-mGAM-p3,3578.0,1624098,E5-e004Assembly-mGAM-p3,101060
7,B5-e003Coalescence-Inoculumn-mGAM,3808.0,1783474,E5-e004Assembly-mGAM-p3,101060
8,B11-e003Assembly-mGAM-p5,3642.0,1686869,E5-e004Assembly-mGAM-p3,101060
9,E5-e004Assembly-mGAM-p7,2.0,1826773,E5-e004Assembly-mGAM-p3,101060
10,D5-e003Coalescence-Inoculumn-mGAM,3897.0,1825335,E5-e004Assembly-mGAM-p3,101060
11,BF-Fecal,2782.0,1874109,E5-e004Assembly-mGAM-p3,101060
12,D11-e003Assembly-mGAM-p3,1280.0,595358,E5-e004Assembly-mGAM-p3,101060
13,G4-e004Assembly-epsilon-p3,2945.0,1422551,E5-e004Assembly-mGAM-p3,101060
14,D5-e004Assembly-mGAM-p7,1.0,1812181,E5-e004Assembly-mGAM-p3,101060
15,B11-e003Assembly-mGAM-p3,2008.0,940326,E5-e004Assembly-mGAM-p3,101060
16,D5-e004Assembly-mGAM-p3,1.0,1831264,E5-e004Assembly-mGAM-p3,101060
17,D11-e003Coalescence-mGAM-p7,3960.0,1847216,E5-e004Assembly-mGAM-p3,101060
18,E5-e004Assembly-mGAM-p3,0.0,1139136,E5-e004Assembly-mGAM-p3,101060
19,F4-e004Assembly-epsilon-p7,1384.0,664391,E5-e004Assembly-mGAM-p3,101060
20,D11-e003Assembly-mGAM-p5,1296.0,601630,E5-e004Assembly-mGAM-p3,101060
21,B11-e003GlycerolRevival-mGAM-p2,3656.0,1702101,E5-e004Assembly-mGAM-p3,101060
22,C11-e003Assembly-mGAM-p3,2980.0,1348064,E5-e004Assembly-mGAM-p3,101060
23,C11-e003Assembly-mGAM-p5,1811.0,831093,E5-e004Assembly-mGAM-p3,101060
24,C11-e003GlycerolRevival-mGAM-p2,2365.0,1092630,E5-e004Assembly-mGAM-p3,101060
25,A5-e003Coalescence-Inoculumn-mGAM,3896.0,1802594,E5-e004Assembly-mGAM-p3,101060
26,D4-e003Coalescence-Inoculumn-mGAM,1439.0,662513,E5-e004Assembly-mGAM-p3,101060
27,D2-e003Coalescence-Inoculumn-mGAM,3852.0,1800962,E5-e004Assembly-mGAM-p3,101060
28,D3-e003Coalescence-Inoculumn-mGAM,3892.0,1810330,E5-e004Assembly-mGAM-p3,101060
29,C5-e003Coalescence-Inoculumn-mGAM,3950.0,1837613,E5-e004Assembly-mGAM-p3,101060
30,BC-Fecal,2887.0,1817040,E5-e004Assembly-mGAM-p3,101060
31,e004-inoculumn-fecal-BE,1.0,1844879,E5-e004Assembly-mGAM-p3,101060
32,e003-inoculumn-fecal-AF,2097.0,951572,E5-e004Assembly-mGAM-p3,101060
33,A11-e003Coalescence-mGAM-p3,3934.0,1834942,E5-e004Assembly-mGAM-p3,101060
34,H111-e003Coalescence-mGAM-p7_S188,3908.0,1842542,E5-e004Assembly-mGAM-p3,101060
35,H111-e003Coalescence-mBHI-p3_S144,3868.0,1829245,E5-e004Assembly-mGAM-p3,101060
36,H111-e003Coalescence-mGAM-p5_S92,3881.0,1837727,E5-e004Assembly-mGAM-p3,101060
37,H8-e003Coalescence-mGAM-p5_S89,3870.0,1819422,E5-e004Assembly-mGAM-p3,101060
38,H111-e003Coalescence-mBHI-p5_S44,3843.0,1810076,E5-e004Assembly-mGAM-p3,101060
39,E111-e003Coalescence-mGAM-p5_S56,3833.0,1809572,E5-e004Assembly-mGAM-p3,101060
40,H111-e003Coalescence-mGAM-p3_S192,3900.0,1843030,E5-e004Assembly-mGAM-p3,101060
41,H8-e003Coalescence-mGAM-p7_S185,3913.0,1843221,E5-e004Assembly-mGAM-p3,101060
0,D11-e003Coalescence-mBHI-p5,2075.0,1816078,F4-e004Assembly-epsilon-p7,101060
1,e004-inoculumn-fecal-BD,6.0,1831622,F4-e004Assembly-epsilon-p7,101060
2,D11-e003Coalescence-mGAM-p5,2059.0,1831197,F4-e004Assembly-epsilon-p7,101060
3,A11-e003Coalescence-mGAM-p7,1742.0,1531225,F4-e004Assembly-epsilon-p7,101060
4,E5-e004Assembly-mGAM-p5,2296.0,1838663,F4-e004Assembly-epsilon-p7,101060
5,D8-e003Coalescence-mGAM-p5,2056.0,1828960,F4-e004Assembly-epsilon-p7,101060
6,A12-e003Coalescence-mGAM-p3,1872.0,1624098,F4-e004Assembly-epsilon-p7,101060
7,B5-e003Coalescence-Inoculumn-mGAM,2006.0,1783474,F4-e004Assembly-epsilon-p7,101060
8,B11-e003Assembly-mGAM-p5,1919.0,1686869,F4-e004Assembly-epsilon-p7,101060
9,E5-e004Assembly-mGAM-p7,2276.0,1826773,F4-e004Assembly-epsilon-p7,101060
10,D5-e003Coalescence-Inoculumn-mGAM,2035.0,1825335,F4-e004Assembly-epsilon-p7,101060
11,BF-Fecal,1404.0,1874109,F4-e004Assembly-epsilon-p7,101060
12,D11-e003Assembly-mGAM-p3,711.0,595358,F4-e004Assembly-epsilon-p7,101060
13,G4-e004Assembly-epsilon-p3,4.0,1422551,F4-e004Assembly-epsilon-p7,101060
14,D5-e004Assembly-mGAM-p7,2282.0,1812181,F4-e004Assembly-epsilon-p7,101060
15,B11-e003Assembly-mGAM-p3,1148.0,940326,F4-e004Assembly-epsilon-p7,101060
16,D5-e004Assembly-mGAM-p3,2285.0,1831264,F4-e004Assembly-epsilon-p7,101060
17,D11-e003Coalescence-mGAM-p7,2084.0,1847216,F4-e004Assembly-epsilon-p7,101060
18,E5-e004Assembly-mGAM-p3,1387.0,1139136,F4-e004Assembly-epsilon-p7,101060
19,F4-e004Assembly-epsilon-p7,0.0,664391,F4-e004Assembly-epsilon-p7,101060
20,D11-e003Assembly-mGAM-p5,696.0,601630,F4-e004Assembly-epsilon-p7,101060
21,B11-e003GlycerolRevival-mGAM-p2,1891.0,1702101,F4-e004Assembly-epsilon-p7,101060
22,C11-e003Assembly-mGAM-p3,1551.0,1348064,F4-e004Assembly-epsilon-p7,101060
23,C11-e003Assembly-mGAM-p5,990.0,831093,F4-e004Assembly-epsilon-p7,101060
24,C11-e003GlycerolRevival-mGAM-p2,1302.0,1092630,F4-e004Assembly-epsilon-p7,101060
25,A5-e003Coalescence-Inoculumn-mGAM,2042.0,1802594,F4-e004Assembly-epsilon-p7,101060
26,D4-e003Coalescence-Inoculumn-mGAM,672.0,662513,F4-e004Assembly-epsilon-p7,101060
27,D2-e003Coalescence-Inoculumn-mGAM,2035.0,1800962,F4-e004Assembly-epsilon-p7,101060
28,D3-e003Coalescence-Inoculumn-mGAM,2036.0,1810330,F4-e004Assembly-epsilon-p7,101060
29,C5-e003Coalescence-Inoculumn-mGAM,2070.0,1837613,F4-e004Assembly-epsilon-p7,101060
30,BC-Fecal,1324.0,1817040,F4-e004Assembly-epsilon-p7,101060
31,e004-inoculumn-fecal-BE,2311.0,1844879,F4-e004Assembly-epsilon-p7,101060
32,e003-inoculumn-fecal-AF,1036.0,951572,F4-e004Assembly-epsilon-p7,101060
33,A11-e003Coalescence-mGAM-p3,2048.0,1834942,F4-e004Assembly-epsilon-p7,101060
34,H111-e003Coalescence-mGAM-p7_S188,2051.0,1842542,F4-e004Assembly-epsilon-p7,101060
35,H111-e003Coalescence-mBHI-p3_S144,2041.0,1829245,F4-e004Assembly-epsilon-p7,101060
36,H111-e003Coalescence-mGAM-p5_S92,2042.0,1837727,F4-e004Assembly-epsilon-p7,101060
37,H8-e003Coalescence-mGAM-p5_S89,2054.0,1819422,F4-e004Assembly-epsilon-p7,101060
38,H111-e003Coalescence-mBHI-p5_S44,2006.0,1810076,F4-e004Assembly-epsilon-p7,101060
39,E111-e003Coalescence-mGAM-p5_S56,2018.0,1809572,F4-e004Assembly-epsilon-p7,101060
40,H111-e003Coalescence-mGAM-p3_S192,2051.0,1843030,F4-e004Assembly-epsilon-p7,101060
41,H8-e003Coalescence-mGAM-p7_S185,2054.0,1843221,F4-e004Assembly-epsilon-p7,101060
0,D11-e003Coalescence-mBHI-p5,2.0,1816078,D11-e003Assembly-mGAM-p5,101060
1,e004-inoculumn-fecal-BD,1900.0,1831622,D11-e003Assembly-mGAM-p5,101060
2,D11-e003Coalescence-mGAM-p5,3.0,1831197,D11-e003Assembly-mGAM-p5,101060
3,A11-e003Coalescence-mGAM-p7,2.0,1531225,D11-e003Assembly-mGAM-p5,101060
4,E5-e004Assembly-mGAM-p5,2094.0,1838663,D11-e003Assembly-mGAM-p5,101060
5,D8-e003Coalescence-mGAM-p5,3.0,1828960,D11-e003Assembly-mGAM-p5,101060
6,A12-e003Coalescence-mGAM-p3,3.0,1624098,D11-e003Assembly-mGAM-p5,101060
7,B5-e003Coalescence-Inoculumn-mGAM,3.0,1783474,D11-e003Assembly-mGAM-p5,101060
8,B11-e003Assembly-mGAM-p5,2.0,1686869,D11-e003Assembly-mGAM-p5,101060
9,E5-e004Assembly-mGAM-p7,2078.0,1826773,D11-e003Assembly-mGAM-p5,101060
10,D5-e003Coalescence-Inoculumn-mGAM,3.0,1825335,D11-e003Assembly-mGAM-p5,101060
11,BF-Fecal,1474.0,1874109,D11-e003Assembly-mGAM-p5,101060
12,D11-e003Assembly-mGAM-p3,4.0,595358,D11-e003Assembly-mGAM-p5,101060
13,G4-e004Assembly-epsilon-p3,1441.0,1422551,D11-e003Assembly-mGAM-p5,101060
14,D5-e004Assembly-mGAM-p7,2074.0,1812181,D11-e003Assembly-mGAM-p5,101060
15,B11-e003Assembly-mGAM-p3,3.0,940326,D11-e003Assembly-mGAM-p5,101060
16,D5-e004Assembly-mGAM-p3,2078.0,1831264,D11-e003Assembly-mGAM-p5,101060
17,D11-e003Coalescence-mGAM-p7,3.0,1847216,D11-e003Assembly-mGAM-p5,101060
18,E5-e004Assembly-mGAM-p3,1295.0,1139136,D11-e003Assembly-mGAM-p5,101060
19,F4-e004Assembly-epsilon-p7,696.0,664391,D11-e003Assembly-mGAM-p5,101060
20,D11-e003Assembly-mGAM-p5,0.0,601630,D11-e003Assembly-mGAM-p5,101060
21,B11-e003GlycerolRevival-mGAM-p2,3.0,1702101,D11-e003Assembly-mGAM-p5,101060
22,C11-e003Assembly-mGAM-p3,2.0,1348064,D11-e003Assembly-mGAM-p5,101060
23,C11-e003Assembly-mGAM-p5,2.0,831093,D11-e003Assembly-mGAM-p5,101060
24,C11-e003GlycerolRevival-mGAM-p2,1.0,1092630,D11-e003Assembly-mGAM-p5,101060
25,A5-e003Coalescence-Inoculumn-mGAM,2.0,1802594,D11-e003Assembly-mGAM-p5,101060
26,D4-e003Coalescence-Inoculumn-mGAM,1.0,662513,D11-e003Assembly-mGAM-p5,101060
27,D2-e003Coalescence-Inoculumn-mGAM,1.0,1800962,D11-e003Assembly-mGAM-p5,101060
28,D3-e003Coalescence-Inoculumn-mGAM,3.0,1810330,D11-e003Assembly-mGAM-p5,101060
29,C5-e003Coalescence-Inoculumn-mGAM,3.0,1837613,D11-e003Assembly-mGAM-p5,101060
30,BC-Fecal,1327.0,1817040,D11-e003Assembly-mGAM-p5,101060
31,e004-inoculumn-fecal-BE,2097.0,1844879,D11-e003Assembly-mGAM-p5,101060
32,e003-inoculumn-fecal-AF,3.0,951572,D11-e003Assembly-mGAM-p5,101060
33,A11-e003Coalescence-mGAM-p3,2.0,1834942,D11-e003Assembly-mGAM-p5,101060
34,H111-e003Coalescence-mGAM-p7_S188,2.0,1842542,D11-e003Assembly-mGAM-p5,101060
35,H111-e003Coalescence-mBHI-p3_S144,3.0,1829245,D11-e003Assembly-mGAM-p5,101060
36,H111-e003Coalescence-mGAM-p5_S92,3.0,1837727,D11-e003Assembly-mGAM-p5,101060
37,H8-e003Coalescence-mGAM-p5_S89,3.0,1819422,D11-e003Assembly-mGAM-p5,101060
38,H111-e003Coalescence-mBHI-p5_S44,2.0,1810076,D11-e003Assembly-mGAM-p5,101060
39,E111-e003Coalescence-mGAM-p5_S56,3.0,1809572,D11-e003Assembly-mGAM-p5,101060
40,H111-e003Coalescence-mGAM-p3_S192,2.0,1843030,D11-e003Assembly-mGAM-p5,101060
41,H8-e003Coalescence-mGAM-p7_S185,3.0,1843221,D11-e003Assembly-mGAM-p5,101060
0,D11-e003Coalescence-mBHI-p5,5.0,1816078,B11-e003GlycerolRevival-mGAM-p2,101060
1,e004-inoculumn-fecal-BD,5301.0,1831622,B11-e003GlycerolRevival-mGAM-p2,101060
2,D11-e003Coalescence-mGAM-p5,3.0,1831197,B11-e003GlycerolRevival-mGAM-p2,101060
3,A11-e003Coalescence-mGAM-p7,2.0,1531225,B11-e003GlycerolRevival-mGAM-p2,101060
4,E5-e004Assembly-mGAM-p5,5893.0,1838663,B11-e003GlycerolRevival-mGAM-p2,101060
5,D8-e003Coalescence-mGAM-p5,3.0,1828960,B11-e003GlycerolRevival-mGAM-p2,101060
6,A12-e003Coalescence-mGAM-p3,2.0,1624098,B11-e003GlycerolRevival-mGAM-p2,101060
7,B5-e003Coalescence-Inoculumn-mGAM,4.0,1783474,B11-e003GlycerolRevival-mGAM-p2,101060
8,B11-e003Assembly-mGAM-p5,2.0,1686869,B11-e003GlycerolRevival-mGAM-p2,101060
9,E5-e004Assembly-mGAM-p7,5836.0,1826773,B11-e003GlycerolRevival-mGAM-p2,101060
10,D5-e003Coalescence-Inoculumn-mGAM,3.0,1825335,B11-e003GlycerolRevival-mGAM-p2,101060
11,BF-Fecal,4160.0,1874109,B11-e003GlycerolRevival-mGAM-p2,101060
12,D11-e003Assembly-mGAM-p3,0.0,595358,B11-e003GlycerolRevival-mGAM-p2,101060
13,G4-e004Assembly-epsilon-p3,3974.0,1422551,B11-e003GlycerolRevival-mGAM-p2,101060
14,D5-e004Assembly-mGAM-p7,5853.0,1812181,B11-e003GlycerolRevival-mGAM-p2,101060
15,B11-e003Assembly-mGAM-p3,2.0,940326,B11-e003GlycerolRevival-mGAM-p2,101060
16,D5-e004Assembly-mGAM-p3,5861.0,1831264,B11-e003GlycerolRevival-mGAM-p2,101060
17,D11-e003Coalescence-mGAM-p7,3.0,1847216,B11-e003GlycerolRevival-mGAM-p2,101060
18,E5-e004Assembly-mGAM-p3,3657.0,1139136,B11-e003GlycerolRevival-mGAM-p2,101060
19,F4-e004Assembly-epsilon-p7,1891.0,664391,B11-e003GlycerolRevival-mGAM-p2,101060
20,D11-e003Assembly-mGAM-p5,1.0,601630,B11-e003GlycerolRevival-mGAM-p2,101060
21,B11-e003GlycerolRevival-mGAM-p2,0.0,1702101,B11-e003GlycerolRevival-mGAM-p2,101060
22,C11-e003Assembly-mGAM-p3,1.0,1348064,B11-e003GlycerolRevival-mGAM-p2,101060
23,C11-e003Assembly-mGAM-p5,1.0,831093,B11-e003GlycerolRevival-mGAM-p2,101060
24,C11-e003GlycerolRevival-mGAM-p2,2.0,1092630,B11-e003GlycerolRevival-mGAM-p2,101060
25,A5-e003Coalescence-Inoculumn-mGAM,2.0,1802594,B11-e003GlycerolRevival-mGAM-p2,101060
26,D4-e003Coalescence-Inoculumn-mGAM,5.0,662513,B11-e003GlycerolRevival-mGAM-p2,101060
27,D2-e003Coalescence-Inoculumn-mGAM,3.0,1800962,B11-e003GlycerolRevival-mGAM-p2,101060
28,D3-e003Coalescence-Inoculumn-mGAM,4.0,1810330,B11-e003GlycerolRevival-mGAM-p2,101060
29,C5-e003Coalescence-Inoculumn-mGAM,5.0,1837613,B11-e003GlycerolRevival-mGAM-p2,101060
30,BC-Fecal,3659.0,1817040,B11-e003GlycerolRevival-mGAM-p2,101060
31,e004-inoculumn-fecal-BE,5921.0,1844879,B11-e003GlycerolRevival-mGAM-p2,101060
32,e003-inoculumn-fecal-AF,0.0,951572,B11-e003GlycerolRevival-mGAM-p2,101060
33,A11-e003Coalescence-mGAM-p3,3.0,1834942,B11-e003GlycerolRevival-mGAM-p2,101060
34,H111-e003Coalescence-mGAM-p7_S188,7.0,1842542,B11-e003GlycerolRevival-mGAM-p2,101060
35,H111-e003Coalescence-mBHI-p3_S144,4.0,1829245,B11-e003GlycerolRevival-mGAM-p2,101060
36,H111-e003Coalescence-mGAM-p5_S92,5.0,1837727,B11-e003GlycerolRevival-mGAM-p2,101060
37,H8-e003Coalescence-mGAM-p5_S89,2.0,1819422,B11-e003GlycerolRevival-mGAM-p2,101060
38,H111-e003Coalescence-mBHI-p5_S44,4.0,1810076,B11-e003GlycerolRevival-mGAM-p2,101060
39,E111-e003Coalescence-mGAM-p5_S56,6.0,1809572,B11-e003GlycerolRevival-mGAM-p2,101060
40,H111-e003Coalescence-mGAM-p3_S192,6.0,1843030,B11-e003GlycerolRevival-mGAM-p2,101060
41,H8-e003Coalescence-mGAM-p7_S185,5.0,1843221,B11-e003GlycerolRevival-mGAM-p2,101060
0,D11-e003Coalescence-mBHI-p5,1.0,1816078,C11-e003Assembly-mGAM-p3,101060
1,e004-inoculumn-fecal-BD,4281.0,1831622,C11-e003Assembly-mGAM-p3,101060
2,D11-e003Coalescence-mGAM-p5,3.0,1831197,C11-e003Assembly-mGAM-p3,101060
3,A11-e003Coalescence-mGAM-p7,1.0,1531225,C11-e003Assembly-mGAM-p3,101060
4,E5-e004Assembly-mGAM-p5,4741.0,1838663,C11-e003Assembly-mGAM-p3,101060
5,D8-e003Coalescence-mGAM-p5,3.0,1828960,C11-e003Assembly-mGAM-p3,101060
6,A12-e003Coalescence-mGAM-p3,4.0,1624098,C11-e003Assembly-mGAM-p3,101060
7,B5-e003Coalescence-Inoculumn-mGAM,4.0,1783474,C11-e003Assembly-mGAM-p3,101060
8,B11-e003Assembly-mGAM-p5,1.0,1686869,C11-e003Assembly-mGAM-p3,101060
9,E5-e004Assembly-mGAM-p7,4689.0,1826773,C11-e003Assembly-mGAM-p3,101060
10,D5-e003Coalescence-Inoculumn-mGAM,2.0,1825335,C11-e003Assembly-mGAM-p3,101060
11,BF-Fecal,3336.0,1874109,C11-e003Assembly-mGAM-p3,101060
12,D11-e003Assembly-mGAM-p3,1.0,595358,C11-e003Assembly-mGAM-p3,101060
13,G4-e004Assembly-epsilon-p3,3270.0,1422551,C11-e003Assembly-mGAM-p3,101060
14,D5-e004Assembly-mGAM-p7,4698.0,1812181,C11-e003Assembly-mGAM-p3,101060
15,B11-e003Assembly-mGAM-p3,3.0,940326,C11-e003Assembly-mGAM-p3,101060
16,D5-e004Assembly-mGAM-p3,4690.0,1831264,C11-e003Assembly-mGAM-p3,101060
17,D11-e003Coalescence-mGAM-p7,3.0,1847216,C11-e003Assembly-mGAM-p3,101060
18,E5-e004Assembly-mGAM-p3,2978.0,1139136,C11-e003Assembly-mGAM-p3,101060
19,F4-e004Assembly-epsilon-p7,1549.0,664391,C11-e003Assembly-mGAM-p3,101060
20,D11-e003Assembly-mGAM-p5,1.0,601630,C11-e003Assembly-mGAM-p3,101060
21,B11-e003GlycerolRevival-mGAM-p2,3.0,1702101,C11-e003Assembly-mGAM-p3,101060
22,C11-e003Assembly-mGAM-p3,0.0,1348064,C11-e003Assembly-mGAM-p3,101060
23,C11-e003Assembly-mGAM-p5,3.0,831093,C11-e003Assembly-mGAM-p3,101060
24,C11-e003GlycerolRevival-mGAM-p2,2.0,1092630,C11-e003Assembly-mGAM-p3,101060
25,A5-e003Coalescence-Inoculumn-mGAM,3.0,1802594,C11-e003Assembly-mGAM-p3,101060
26,D4-e003Coalescence-Inoculumn-mGAM,1.0,662513,C11-e003Assembly-mGAM-p3,101060
27,D2-e003Coalescence-Inoculumn-mGAM,3.0,1800962,C11-e003Assembly-mGAM-p3,101060
28,D3-e003Coalescence-Inoculumn-mGAM,2.0,1810330,C11-e003Assembly-mGAM-p3,101060
29,C5-e003Coalescence-Inoculumn-mGAM,3.0,1837613,C11-e003Assembly-mGAM-p3,101060
30,BC-Fecal,2971.0,1817040,C11-e003Assembly-mGAM-p3,101060
31,e004-inoculumn-fecal-BE,4761.0,1844879,C11-e003Assembly-mGAM-p3,101060
32,e003-inoculumn-fecal-AF,2.0,951572,C11-e003Assembly-mGAM-p3,101060
33,A11-e003Coalescence-mGAM-p3,1.0,1834942,C11-e003Assembly-mGAM-p3,101060
34,H111-e003Coalescence-mGAM-p7_S188,2.0,1842542,C11-e003Assembly-mGAM-p3,101060
35,H111-e003Coalescence-mBHI-p3_S144,4.0,1829245,C11-e003Assembly-mGAM-p3,101060
36,H111-e003Coalescence-mGAM-p5_S92,4.0,1837727,C11-e003Assembly-mGAM-p3,101060
37,H8-e003Coalescence-mGAM-p5_S89,4.0,1819422,C11-e003Assembly-mGAM-p3,101060
38,H111-e003Coalescence-mBHI-p5_S44,4.0,1810076,C11-e003Assembly-mGAM-p3,101060
39,E111-e003Coalescence-mGAM-p5_S56,5.0,1809572,C11-e003Assembly-mGAM-p3,101060
40,H111-e003Coalescence-mGAM-p3_S192,5.0,1843030,C11-e003Assembly-mGAM-p3,101060
41,H8-e003Coalescence-mGAM-p7_S185,4.0,1843221,C11-e003Assembly-mGAM-p3,101060
0,D11-e003Coalescence-mBHI-p5,0.0,1816078,C11-e003Assembly-mGAM-p5,101060
1,e004-inoculumn-fecal-BD,2672.0,1831622,C11-e003Assembly-mGAM-p5,101060
2,D11-e003Coalescence-mGAM-p5,2.0,1831197,C11-e003Assembly-mGAM-p5,101060
3,A11-e003Coalescence-mGAM-p7,1.0,1531225,C11-e003Assembly-mGAM-p5,101060
4,E5-e004Assembly-mGAM-p5,2930.0,1838663,C11-e003Assembly-mGAM-p5,101060
5,D8-e003Coalescence-mGAM-p5,1.0,1828960,C11-e003Assembly-mGAM-p5,101060
6,A12-e003Coalescence-mGAM-p3,1.0,1624098,C11-e003Assembly-mGAM-p5,101060
7,B5-e003Coalescence-Inoculumn-mGAM,2.0,1783474,C11-e003Assembly-mGAM-p5,101060
8,B11-e003Assembly-mGAM-p5,3.0,1686869,C11-e003Assembly-mGAM-p5,101060
9,E5-e004Assembly-mGAM-p7,2918.0,1826773,C11-e003Assembly-mGAM-p5,101060
10,D5-e003Coalescence-Inoculumn-mGAM,1.0,1825335,C11-e003Assembly-mGAM-p5,101060
11,BF-Fecal,2089.0,1874109,C11-e003Assembly-mGAM-p5,101060
12,D11-e003Assembly-mGAM-p3,0.0,595358,C11-e003Assembly-mGAM-p5,101060
13,G4-e004Assembly-epsilon-p3,2057.0,1422551,C11-e003Assembly-mGAM-p5,101060
14,D5-e004Assembly-mGAM-p7,2927.0,1812181,C11-e003Assembly-mGAM-p5,101060
15,B11-e003Assembly-mGAM-p3,1.0,940326,C11-e003Assembly-mGAM-p5,101060
16,D5-e004Assembly-mGAM-p3,2909.0,1831264,C11-e003Assembly-mGAM-p5,101060
17,D11-e003Coalescence-mGAM-p7,1.0,1847216,C11-e003Assembly-mGAM-p5,101060
18,E5-e004Assembly-mGAM-p3,1811.0,1139136,C11-e003Assembly-mGAM-p5,101060
19,F4-e004Assembly-epsilon-p7,990.0,664391,C11-e003Assembly-mGAM-p5,101060
20,D11-e003Assembly-mGAM-p5,1.0,601630,C11-e003Assembly-mGAM-p5,101060
21,B11-e003GlycerolRevival-mGAM-p2,1.0,1702101,C11-e003Assembly-mGAM-p5,101060
22,C11-e003Assembly-mGAM-p3,3.0,1348064,C11-e003Assembly-mGAM-p5,101060
23,C11-e003Assembly-mGAM-p5,0.0,831093,C11-e003Assembly-mGAM-p5,101060
24,C11-e003GlycerolRevival-mGAM-p2,1.0,1092630,C11-e003Assembly-mGAM-p5,101060
25,A5-e003Coalescence-Inoculumn-mGAM,1.0,1802594,C11-e003Assembly-mGAM-p5,101060
26,D4-e003Coalescence-Inoculumn-mGAM,1.0,662513,C11-e003Assembly-mGAM-p5,101060
27,D2-e003Coalescence-Inoculumn-mGAM,1.0,1800962,C11-e003Assembly-mGAM-p5,101060
28,D3-e003Coalescence-Inoculumn-mGAM,0.0,1810330,C11-e003Assembly-mGAM-p5,101060
29,C5-e003Coalescence-Inoculumn-mGAM,2.0,1837613,C11-e003Assembly-mGAM-p5,101060
30,BC-Fecal,1827.0,1817040,C11-e003Assembly-mGAM-p5,101060
31,e004-inoculumn-fecal-BE,2948.0,1844879,C11-e003Assembly-mGAM-p5,101060
32,e003-inoculumn-fecal-AF,2.0,951572,C11-e003Assembly-mGAM-p5,101060
33,A11-e003Coalescence-mGAM-p3,1.0,1834942,C11-e003Assembly-mGAM-p5,101060
34,H111-e003Coalescence-mGAM-p7_S188,1.0,1842542,C11-e003Assembly-mGAM-p5,101060
35,H111-e003Coalescence-mBHI-p3_S144,2.0,1829245,C11-e003Assembly-mGAM-p5,101060
36,H111-e003Coalescence-mGAM-p5_S92,2.0,1837727,C11-e003Assembly-mGAM-p5,101060
37,H8-e003Coalescence-mGAM-p5_S89,1.0,1819422,C11-e003Assembly-mGAM-p5,101060
38,H111-e003Coalescence-mBHI-p5_S44,2.0,1810076,C11-e003Assembly-mGAM-p5,101060
39,E111-e003Coalescence-mGAM-p5_S56,2.0,1809572,C11-e003Assembly-mGAM-p5,101060
40,H111-e003Coalescence-mGAM-p3_S192,2.0,1843030,C11-e003Assembly-mGAM-p5,101060
41,H8-e003Coalescence-mGAM-p7_S185,2.0,1843221,C11-e003Assembly-mGAM-p5,101060
0,D11-e003Coalescence-mBHI-p5,2.0,1816078,C11-e003GlycerolRevival-mGAM-p2,101060
1,e004-inoculumn-fecal-BD,3460.0,1831622,C11-e003GlycerolRevival-mGAM-p2,101060
2,D11-e003Coalescence-mGAM-p5,2.0,1831197,C11-e003GlycerolRevival-mGAM-p2,101060
3,A11-e003Coalescence-mGAM-p7,1.0,1531225,C11-e003GlycerolRevival-mGAM-p2,101060
4,E5-e004Assembly-mGAM-p5,3765.0,1838663,C11-e003GlycerolRevival-mGAM-p2,101060
5,D8-e003Coalescence-mGAM-p5,3.0,1828960,C11-e003GlycerolRevival-mGAM-p2,101060
6,A12-e003Coalescence-mGAM-p3,0.0,1624098,C11-e003GlycerolRevival-mGAM-p2,101060
7,B5-e003Coalescence-Inoculumn-mGAM,2.0,1783474,C11-e003GlycerolRevival-mGAM-p2,101060
8,B11-e003Assembly-mGAM-p5,1.0,1686869,C11-e003GlycerolRevival-mGAM-p2,101060
9,E5-e004Assembly-mGAM-p7,3731.0,1826773,C11-e003GlycerolRevival-mGAM-p2,101060
10,D5-e003Coalescence-Inoculumn-mGAM,3.0,1825335,C11-e003GlycerolRevival-mGAM-p2,101060
11,BF-Fecal,2637.0,1874109,C11-e003GlycerolRevival-mGAM-p2,101060
12,D11-e003Assembly-mGAM-p3,0.0,595358,C11-e003GlycerolRevival-mGAM-p2,101060
13,G4-e004Assembly-epsilon-p3,2654.0,1422551,C11-e003GlycerolRevival-mGAM-p2,101060
14,D5-e004Assembly-mGAM-p7,3720.0,1812181,C11-e003GlycerolRevival-mGAM-p2,101060
15,B11-e003Assembly-mGAM-p3,0.0,940326,C11-e003GlycerolRevival-mGAM-p2,101060
16,D5-e004Assembly-mGAM-p3,3728.0,1831264,C11-e003GlycerolRevival-mGAM-p2,101060
17,D11-e003Coalescence-mGAM-p7,4.0,1847216,C11-e003GlycerolRevival-mGAM-p2,101060
18,E5-e004Assembly-mGAM-p3,2365.0,1139136,C11-e003GlycerolRevival-mGAM-p2,101060
19,F4-e004Assembly-epsilon-p7,1301.0,664391,C11-e003GlycerolRevival-mGAM-p2,101060
20,D11-e003Assembly-mGAM-p5,2.0,601630,C11-e003GlycerolRevival-mGAM-p2,101060
21,B11-e003GlycerolRevival-mGAM-p2,3.0,1702101,C11-e003GlycerolRevival-mGAM-p2,101060
22,C11-e003Assembly-mGAM-p3,1.0,1348064,C11-e003GlycerolRevival-mGAM-p2,101060
23,C11-e003Assembly-mGAM-p5,0.0,831093,C11-e003GlycerolRevival-mGAM-p2,101060
24,C11-e003GlycerolRevival-mGAM-p2,0.0,1092630,C11-e003GlycerolRevival-mGAM-p2,101060
25,A5-e003Coalescence-Inoculumn-mGAM,3.0,1802594,C11-e003GlycerolRevival-mGAM-p2,101060
26,D4-e003Coalescence-Inoculumn-mGAM,0.0,662513,C11-e003GlycerolRevival-mGAM-p2,101060
27,D2-e003Coalescence-Inoculumn-mGAM,1.0,1800962,C11-e003GlycerolRevival-mGAM-p2,101060
28,D3-e003Coalescence-Inoculumn-mGAM,1.0,1810330,C11-e003GlycerolRevival-mGAM-p2,101060
29,C5-e003Coalescence-Inoculumn-mGAM,3.0,1837613,C11-e003GlycerolRevival-mGAM-p2,101060
30,BC-Fecal,2347.0,1817040,C11-e003GlycerolRevival-mGAM-p2,101060
31,e004-inoculumn-fecal-BE,3781.0,1844879,C11-e003GlycerolRevival-mGAM-p2,101060
32,e003-inoculumn-fecal-AF,1.0,951572,C11-e003GlycerolRevival-mGAM-p2,101060
33,A11-e003Coalescence-mGAM-p3,1.0,1834942,C11-e003GlycerolRevival-mGAM-p2,101060
34,H111-e003Coalescence-mGAM-p7_S188,2.0,1842542,C11-e003GlycerolRevival-mGAM-p2,101060
35,H111-e003Coalescence-mBHI-p3_S144,3.0,1829245,C11-e003GlycerolRevival-mGAM-p2,101060
36,H111-e003Coalescence-mGAM-p5_S92,3.0,1837727,C11-e003GlycerolRevival-mGAM-p2,101060
37,H8-e003Coalescence-mGAM-p5_S89,1.0,1819422,C11-e003GlycerolRevival-mGAM-p2,101060
38,H111-e003Coalescence-mBHI-p5_S44,1.0,1810076,C11-e003GlycerolRevival-mGAM-p2,101060
39,E111-e003Coalescence-mGAM-p5_S56,2.0,1809572,C11-e003GlycerolRevival-mGAM-p2,101060
40,H111-e003Coalescence-mGAM-p3_S192,2.0,1843030,C11-e003GlycerolRevival-mGAM-p2,101060
41,H8-e003Coalescence-mGAM-p7_S185,3.0,1843221,C11-e003GlycerolRevival-mGAM-p2,101060
0,D11-e003Coalescence-mBHI-p5,0.0,1816078,A5-e003Coalescence-Inoculumn-mGAM,101060
1,e004-inoculumn-fecal-BD,5653.0,1831622,A5-e003Coalescence-Inoculumn-mGAM,101060
2,D11-e003Coalescence-mGAM-p5,1.0,1831197,A5-e003Coalescence-Inoculumn-mGAM,101060
3,A11-e003Coalescence-mGAM-p7,1.0,1531225,A5-e003Coalescence-Inoculumn-mGAM,101060
4,E5-e004Assembly-mGAM-p5,6281.0,1838663,A5-e003Coalescence-Inoculumn-mGAM,101060
5,D8-e003Coalescence-mGAM-p5,0.0,1828960,A5-e003Coalescence-Inoculumn-mGAM,101060
6,A12-e003Coalescence-mGAM-p3,1.0,1624098,A5-e003Coalescence-Inoculumn-mGAM,101060
7,B5-e003Coalescence-Inoculumn-mGAM,2.0,1783474,A5-e003Coalescence-Inoculumn-mGAM,101060
8,B11-e003Assembly-mGAM-p5,1.0,1686869,A5-e003Coalescence-Inoculumn-mGAM,101060
9,E5-e004Assembly-mGAM-p7,6234.0,1826773,A5-e003Coalescence-Inoculumn-mGAM,101060
10,D5-e003Coalescence-Inoculumn-mGAM,2.0,1825335,A5-e003Coalescence-Inoculumn-mGAM,101060
11,BF-Fecal,4441.0,1874109,A5-e003Coalescence-Inoculumn-mGAM,101060
12,D11-e003Assembly-mGAM-p3,0.0,595358,A5-e003Coalescence-Inoculumn-mGAM,101060
13,G4-e004Assembly-epsilon-p3,4258.0,1422551,A5-e003Coalescence-Inoculumn-mGAM,101060
14,D5-e004Assembly-mGAM-p7,6228.0,1812181,A5-e003Coalescence-Inoculumn-mGAM,101060
15,B11-e003Assembly-mGAM-p3,0.0,940326,A5-e003Coalescence-Inoculumn-mGAM,101060
16,D5-e004Assembly-mGAM-p3,6241.0,1831264,A5-e003Coalescence-Inoculumn-mGAM,101060
17,D11-e003Coalescence-mGAM-p7,0.0,1847216,A5-e003Coalescence-Inoculumn-mGAM,101060
18,E5-e004Assembly-mGAM-p3,3892.0,1139136,A5-e003Coalescence-Inoculumn-mGAM,101060
19,F4-e004Assembly-epsilon-p7,2040.0,664391,A5-e003Coalescence-Inoculumn-mGAM,101060
20,D11-e003Assembly-mGAM-p5,1.0,601630,A5-e003Coalescence-Inoculumn-mGAM,101060
21,B11-e003GlycerolRevival-mGAM-p2,0.0,1702101,A5-e003Coalescence-Inoculumn-mGAM,101060
22,C11-e003Assembly-mGAM-p3,0.0,1348064,A5-e003Coalescence-Inoculumn-mGAM,101060
23,C11-e003Assembly-mGAM-p5,0.0,831093,A5-e003Coalescence-Inoculumn-mGAM,101060
24,C11-e003GlycerolRevival-mGAM-p2,0.0,1092630,A5-e003Coalescence-Inoculumn-mGAM,101060
25,A5-e003Coalescence-Inoculumn-mGAM,0.0,1802594,A5-e003Coalescence-Inoculumn-mGAM,101060
26,D4-e003Coalescence-Inoculumn-mGAM,0.0,662513,A5-e003Coalescence-Inoculumn-mGAM,101060
27,D2-e003Coalescence-Inoculumn-mGAM,0.0,1800962,A5-e003Coalescence-Inoculumn-mGAM,101060
28,D3-e003Coalescence-Inoculumn-mGAM,2.0,1810330,A5-e003Coalescence-Inoculumn-mGAM,101060
29,C5-e003Coalescence-Inoculumn-mGAM,1.0,1837613,A5-e003Coalescence-Inoculumn-mGAM,101060
30,BC-Fecal,3861.0,1817040,A5-e003Coalescence-Inoculumn-mGAM,101060
31,e004-inoculumn-fecal-BE,6311.0,1844879,A5-e003Coalescence-Inoculumn-mGAM,101060
32,e003-inoculumn-fecal-AF,0.0,951572,A5-e003Coalescence-Inoculumn-mGAM,101060
33,A11-e003Coalescence-mGAM-p3,1.0,1834942,A5-e003Coalescence-Inoculumn-mGAM,101060
34,H111-e003Coalescence-mGAM-p7_S188,5.0,1842542,A5-e003Coalescence-Inoculumn-mGAM,101060
35,H111-e003Coalescence-mBHI-p3_S144,3.0,1829245,A5-e003Coalescence-Inoculumn-mGAM,101060
36,H111-e003Coalescence-mGAM-p5_S92,3.0,1837727,A5-e003Coalescence-Inoculumn-mGAM,101060
37,H8-e003Coalescence-mGAM-p5_S89,2.0,1819422,A5-e003Coalescence-Inoculumn-mGAM,101060
38,H111-e003Coalescence-mBHI-p5_S44,2.0,1810076,A5-e003Coalescence-Inoculumn-mGAM,101060
39,E111-e003Coalescence-mGAM-p5_S56,3.0,1809572,A5-e003Coalescence-Inoculumn-mGAM,101060
40,H111-e003Coalescence-mGAM-p3_S192,3.0,1843030,A5-e003Coalescence-Inoculumn-mGAM,101060
41,H8-e003Coalescence-mGAM-p7_S185,5.0,1843221,A5-e003Coalescence-Inoculumn-mGAM,101060
0,D11-e003Coalescence-mBHI-p5,7.0,1816078,D4-e003Coalescence-Inoculumn-mGAM,101060
1,e004-inoculumn-fecal-BD,2008.0,1831622,D4-e003Coalescence-Inoculumn-mGAM,101060
2,D11-e003Coalescence-mGAM-p5,7.0,1831197,D4-e003Coalescence-Inoculumn-mGAM,101060
3,A11-e003Coalescence-mGAM-p7,4.0,1531225,D4-e003Coalescence-Inoculumn-mGAM,101060
4,E5-e004Assembly-mGAM-p5,2253.0,1838663,D4-e003Coalescence-Inoculumn-mGAM,101060
5,D8-e003Coalescence-mGAM-p5,5.0,1828960,D4-e003Coalescence-Inoculumn-mGAM,101060
6,A12-e003Coalescence-mGAM-p3,4.0,1624098,D4-e003Coalescence-Inoculumn-mGAM,101060
7,B5-e003Coalescence-Inoculumn-mGAM,8.0,1783474,D4-e003Coalescence-Inoculumn-mGAM,101060
8,B11-e003Assembly-mGAM-p5,1.0,1686869,D4-e003Coalescence-Inoculumn-mGAM,101060
9,E5-e004Assembly-mGAM-p7,2235.0,1826773,D4-e003Coalescence-Inoculumn-mGAM,101060
10,D5-e003Coalescence-Inoculumn-mGAM,6.0,1825335,D4-e003Coalescence-Inoculumn-mGAM,101060
11,BF-Fecal,1470.0,1874109,D4-e003Coalescence-Inoculumn-mGAM,101060
12,D11-e003Assembly-mGAM-p3,1.0,595358,D4-e003Coalescence-Inoculumn-mGAM,101060
13,G4-e004Assembly-epsilon-p3,1481.0,1422551,D4-e003Coalescence-Inoculumn-mGAM,101060
14,D5-e004Assembly-mGAM-p7,2236.0,1812181,D4-e003Coalescence-Inoculumn-mGAM,101060
15,B11-e003Assembly-mGAM-p3,1.0,940326,D4-e003Coalescence-Inoculumn-mGAM,101060
16,D5-e004Assembly-mGAM-p3,2240.0,1831264,D4-e003Coalescence-Inoculumn-mGAM,101060
17,D11-e003Coalescence-mGAM-p7,8.0,1847216,D4-e003Coalescence-Inoculumn-mGAM,101060
18,E5-e004Assembly-mGAM-p3,1439.0,1139136,D4-e003Coalescence-Inoculumn-mGAM,101060
19,F4-e004Assembly-epsilon-p7,673.0,664391,D4-e003Coalescence-Inoculumn-mGAM,101060
20,D11-e003Assembly-mGAM-p5,1.0,601630,D4-e003Coalescence-Inoculumn-mGAM,101060
21,B11-e003GlycerolRevival-mGAM-p2,7.0,1702101,D4-e003Coalescence-Inoculumn-mGAM,101060
22,C11-e003Assembly-mGAM-p3,2.0,1348064,D4-e003Coalescence-Inoculumn-mGAM,101060
23,C11-e003Assembly-mGAM-p5,3.0,831093,D4-e003Coalescence-Inoculumn-mGAM,101060
24,C11-e003GlycerolRevival-mGAM-p2,1.0,1092630,D4-e003Coalescence-Inoculumn-mGAM,101060
25,A5-e003Coalescence-Inoculumn-mGAM,6.0,1802594,D4-e003Coalescence-Inoculumn-mGAM,101060
26,D4-e003Coalescence-Inoculumn-mGAM,0.0,662513,D4-e003Coalescence-Inoculumn-mGAM,101060
27,D2-e003Coalescence-Inoculumn-mGAM,6.0,1800962,D4-e003Coalescence-Inoculumn-mGAM,101060
28,D3-e003Coalescence-Inoculumn-mGAM,7.0,1810330,D4-e003Coalescence-Inoculumn-mGAM,101060
29,C5-e003Coalescence-Inoculumn-mGAM,7.0,1837613,D4-e003Coalescence-Inoculumn-mGAM,101060
30,BC-Fecal,1359.0,1817040,D4-e003Coalescence-Inoculumn-mGAM,101060
31,e004-inoculumn-fecal-BE,2266.0,1844879,D4-e003Coalescence-Inoculumn-mGAM,101060
32,e003-inoculumn-fecal-AF,1.0,951572,D4-e003Coalescence-Inoculumn-mGAM,101060
33,A11-e003Coalescence-mGAM-p3,7.0,1834942,D4-e003Coalescence-Inoculumn-mGAM,101060
34,H111-e003Coalescence-mGAM-p7_S188,6.0,1842542,D4-e003Coalescence-Inoculumn-mGAM,101060
35,H111-e003Coalescence-mBHI-p3_S144,9.0,1829245,D4-e003Coalescence-Inoculumn-mGAM,101060
36,H111-e003Coalescence-mGAM-p5_S92,6.0,1837727,D4-e003Coalescence-Inoculumn-mGAM,101060
37,H8-e003Coalescence-mGAM-p5_S89,6.0,1819422,D4-e003Coalescence-Inoculumn-mGAM,101060
38,H111-e003Coalescence-mBHI-p5_S44,5.0,1810076,D4-e003Coalescence-Inoculumn-mGAM,101060
39,E111-e003Coalescence-mGAM-p5_S56,8.0,1809572,D4-e003Coalescence-Inoculumn-mGAM,101060
40,H111-e003Coalescence-mGAM-p3_S192,8.0,1843030,D4-e003Coalescence-Inoculumn-mGAM,101060
41,H8-e003Coalescence-mGAM-p7_S185,7.0,1843221,D4-e003Coalescence-Inoculumn-mGAM,101060
0,D11-e003Coalescence-mBHI-p5,2.0,1816078,D2-e003Coalescence-Inoculumn-mGAM,101060
1,e004-inoculumn-fecal-BD,5621.0,1831622,D2-e003Coalescence-Inoculumn-mGAM,101060
2,D11-e003Coalescence-mGAM-p5,2.0,1831197,D2-e003Coalescence-Inoculumn-mGAM,101060
3,A11-e003Coalescence-mGAM-p7,3.0,1531225,D2-e003Coalescence-Inoculumn-mGAM,101060
4,E5-e004Assembly-mGAM-p5,6251.0,1838663,D2-e003Coalescence-Inoculumn-mGAM,101060
5,D8-e003Coalescence-mGAM-p5,2.0,1828960,D2-e003Coalescence-Inoculumn-mGAM,101060
6,A12-e003Coalescence-mGAM-p3,3.0,1624098,D2-e003Coalescence-Inoculumn-mGAM,101060
7,B5-e003Coalescence-Inoculumn-mGAM,3.0,1783474,D2-e003Coalescence-Inoculumn-mGAM,101060
8,B11-e003Assembly-mGAM-p5,2.0,1686869,D2-e003Coalescence-Inoculumn-mGAM,101060
9,E5-e004Assembly-mGAM-p7,6196.0,1826773,D2-e003Coalescence-Inoculumn-mGAM,101060
10,D5-e003Coalescence-Inoculumn-mGAM,3.0,1825335,D2-e003Coalescence-Inoculumn-mGAM,101060
11,BF-Fecal,4393.0,1874109,D2-e003Coalescence-Inoculumn-mGAM,101060
12,D11-e003Assembly-mGAM-p3,1.0,595358,D2-e003Coalescence-Inoculumn-mGAM,101060
13,G4-e004Assembly-epsilon-p3,4226.0,1422551,D2-e003Coalescence-Inoculumn-mGAM,101060
14,D5-e004Assembly-mGAM-p7,6201.0,1812181,D2-e003Coalescence-Inoculumn-mGAM,101060
15,B11-e003Assembly-mGAM-p3,0.0,940326,D2-e003Coalescence-Inoculumn-mGAM,101060
16,D5-e004Assembly-mGAM-p3,6206.0,1831264,D2-e003Coalescence-Inoculumn-mGAM,101060
17,D11-e003Coalescence-mGAM-p7,1.0,1847216,D2-e003Coalescence-Inoculumn-mGAM,101060
18,E5-e004Assembly-mGAM-p3,3843.0,1139136,D2-e003Coalescence-Inoculumn-mGAM,101060
19,F4-e004Assembly-epsilon-p7,2035.0,664391,D2-e003Coalescence-Inoculumn-mGAM,101060
20,D11-e003Assembly-mGAM-p5,0.0,601630,D2-e003Coalescence-Inoculumn-mGAM,101060
21,B11-e003GlycerolRevival-mGAM-p2,1.0,1702101,D2-e003Coalescence-Inoculumn-mGAM,101060
22,C11-e003Assembly-mGAM-p3,1.0,1348064,D2-e003Coalescence-Inoculumn-mGAM,101060
23,C11-e003Assembly-mGAM-p5,1.0,831093,D2-e003Coalescence-Inoculumn-mGAM,101060
24,C11-e003GlycerolRevival-mGAM-p2,0.0,1092630,D2-e003Coalescence-Inoculumn-mGAM,101060
25,A5-e003Coalescence-Inoculumn-mGAM,1.0,1802594,D2-e003Coalescence-Inoculumn-mGAM,101060
26,D4-e003Coalescence-Inoculumn-mGAM,3.0,662513,D2-e003Coalescence-Inoculumn-mGAM,101060
27,D2-e003Coalescence-Inoculumn-mGAM,0.0,1800962,D2-e003Coalescence-Inoculumn-mGAM,101060
28,D3-e003Coalescence-Inoculumn-mGAM,5.0,1810330,D2-e003Coalescence-Inoculumn-mGAM,101060
29,C5-e003Coalescence-Inoculumn-mGAM,2.0,1837613,D2-e003Coalescence-Inoculumn-mGAM,101060
30,BC-Fecal,3846.0,1817040,D2-e003Coalescence-Inoculumn-mGAM,101060
31,e004-inoculumn-fecal-BE,6279.0,1844879,D2-e003Coalescence-Inoculumn-mGAM,101060
32,e003-inoculumn-fecal-AF,1.0,951572,D2-e003Coalescence-Inoculumn-mGAM,101060
33,A11-e003Coalescence-mGAM-p3,2.0,1834942,D2-e003Coalescence-Inoculumn-mGAM,101060
34,H111-e003Coalescence-mGAM-p7_S188,5.0,1842542,D2-e003Coalescence-Inoculumn-mGAM,101060
35,H111-e003Coalescence-mBHI-p3_S144,3.0,1829245,D2-e003Coalescence-Inoculumn-mGAM,101060
36,H111-e003Coalescence-mGAM-p5_S92,3.0,1837727,D2-e003Coalescence-Inoculumn-mGAM,101060
37,H8-e003Coalescence-mGAM-p5_S89,4.0,1819422,D2-e003Coalescence-Inoculumn-mGAM,101060
38,H111-e003Coalescence-mBHI-p5_S44,2.0,1810076,D2-e003Coalescence-Inoculumn-mGAM,101060
39,E111-e003Coalescence-mGAM-p5_S56,3.0,1809572,D2-e003Coalescence-Inoculumn-mGAM,101060
40,H111-e003Coalescence-mGAM-p3_S192,3.0,1843030,D2-e003Coalescence-Inoculumn-mGAM,101060
41,H8-e003Coalescence-mGAM-p7_S185,6.0,1843221,D2-e003Coalescence-Inoculumn-mGAM,101060
0,D11-e003Coalescence-mBHI-p5,6.0,1816078,D3-e003Coalescence-Inoculumn-mGAM,101060
1,e004-inoculumn-fecal-BD,5650.0,1831622,D3-e003Coalescence-Inoculumn-mGAM,101060
2,D11-e003Coalescence-mGAM-p5,5.0,1831197,D3-e003Coalescence-Inoculumn-mGAM,101060
3,A11-e003Coalescence-mGAM-p7,2.0,1531225,D3-e003Coalescence-Inoculumn-mGAM,101060
4,E5-e004Assembly-mGAM-p5,6297.0,1838663,D3-e003Coalescence-Inoculumn-mGAM,101060
5,D8-e003Coalescence-mGAM-p5,5.0,1828960,D3-e003Coalescence-Inoculumn-mGAM,101060
6,A12-e003Coalescence-mGAM-p3,1.0,1624098,D3-e003Coalescence-Inoculumn-mGAM,101060
7,B5-e003Coalescence-Inoculumn-mGAM,5.0,1783474,D3-e003Coalescence-Inoculumn-mGAM,101060
8,B11-e003Assembly-mGAM-p5,1.0,1686869,D3-e003Coalescence-Inoculumn-mGAM,101060
9,E5-e004Assembly-mGAM-p7,6245.0,1826773,D3-e003Coalescence-Inoculumn-mGAM,101060
10,D5-e003Coalescence-Inoculumn-mGAM,3.0,1825335,D3-e003Coalescence-Inoculumn-mGAM,101060
11,BF-Fecal,4453.0,1874109,D3-e003Coalescence-Inoculumn-mGAM,101060
12,D11-e003Assembly-mGAM-p3,0.0,595358,D3-e003Coalescence-Inoculumn-mGAM,101060
13,G4-e004Assembly-epsilon-p3,4254.0,1422551,D3-e003Coalescence-Inoculumn-mGAM,101060
14,D5-e004Assembly-mGAM-p7,6248.0,1812181,D3-e003Coalescence-Inoculumn-mGAM,101060
15,B11-e003Assembly-mGAM-p3,1.0,940326,D3-e003Coalescence-Inoculumn-mGAM,101060
16,D5-e004Assembly-mGAM-p3,6264.0,1831264,D3-e003Coalescence-Inoculumn-mGAM,101060
17,D11-e003Coalescence-mGAM-p7,4.0,1847216,D3-e003Coalescence-Inoculumn-mGAM,101060
18,E5-e004Assembly-mGAM-p3,3889.0,1139136,D3-e003Coalescence-Inoculumn-mGAM,101060
19,F4-e004Assembly-epsilon-p7,2033.0,664391,D3-e003Coalescence-Inoculumn-mGAM,101060
20,D11-e003Assembly-mGAM-p5,1.0,601630,D3-e003Coalescence-Inoculumn-mGAM,101060
21,B11-e003GlycerolRevival-mGAM-p2,3.0,1702101,D3-e003Coalescence-Inoculumn-mGAM,101060
22,C11-e003Assembly-mGAM-p3,1.0,1348064,D3-e003Coalescence-Inoculumn-mGAM,101060
23,C11-e003Assembly-mGAM-p5,0.0,831093,D3-e003Coalescence-Inoculumn-mGAM,101060
24,C11-e003GlycerolRevival-mGAM-p2,1.0,1092630,D3-e003Coalescence-Inoculumn-mGAM,101060
25,A5-e003Coalescence-Inoculumn-mGAM,2.0,1802594,D3-e003Coalescence-Inoculumn-mGAM,101060
26,D4-e003Coalescence-Inoculumn-mGAM,1.0,662513,D3-e003Coalescence-Inoculumn-mGAM,101060
27,D2-e003Coalescence-Inoculumn-mGAM,5.0,1800962,D3-e003Coalescence-Inoculumn-mGAM,101060
28,D3-e003Coalescence-Inoculumn-mGAM,0.0,1810330,D3-e003Coalescence-Inoculumn-mGAM,101060
29,C5-e003Coalescence-Inoculumn-mGAM,7.0,1837613,D3-e003Coalescence-Inoculumn-mGAM,101060
30,BC-Fecal,3898.0,1817040,D3-e003Coalescence-Inoculumn-mGAM,101060
31,e004-inoculumn-fecal-BE,6328.0,1844879,D3-e003Coalescence-Inoculumn-mGAM,101060
32,e003-inoculumn-fecal-AF,1.0,951572,D3-e003Coalescence-Inoculumn-mGAM,101060
33,A11-e003Coalescence-mGAM-p3,5.0,1834942,D3-e003Coalescence-Inoculumn-mGAM,101060
34,H111-e003Coalescence-mGAM-p7_S188,7.0,1842542,D3-e003Coalescence-Inoculumn-mGAM,101060
35,H111-e003Coalescence-mBHI-p3_S144,6.0,1829245,D3-e003Coalescence-Inoculumn-mGAM,101060
36,H111-e003Coalescence-mGAM-p5_S92,6.0,1837727,D3-e003Coalescence-Inoculumn-mGAM,101060
37,H8-e003Coalescence-mGAM-p5_S89,1.0,1819422,D3-e003Coalescence-Inoculumn-mGAM,101060
38,H111-e003Coalescence-mBHI-p5_S44,4.0,1810076,D3-e003Coalescence-Inoculumn-mGAM,101060
39,E111-e003Coalescence-mGAM-p5_S56,6.0,1809572,D3-e003Coalescence-Inoculumn-mGAM,101060
40,H111-e003Coalescence-mGAM-p3_S192,7.0,1843030,D3-e003Coalescence-Inoculumn-mGAM,101060
41,H8-e003Coalescence-mGAM-p7_S185,7.0,1843221,D3-e003Coalescence-Inoculumn-mGAM,101060
0,D11-e003Coalescence-mBHI-p5,0.0,1816078,C5-e003Coalescence-Inoculumn-mGAM,101060
1,e004-inoculumn-fecal-BD,5763.0,1831622,C5-e003Coalescence-Inoculumn-mGAM,101060
2,D11-e003Coalescence-mGAM-p5,0.0,1831197,C5-e003Coalescence-Inoculumn-mGAM,101060
3,A11-e003Coalescence-mGAM-p7,0.0,1531225,C5-e003Coalescence-Inoculumn-mGAM,101060
4,E5-e004Assembly-mGAM-p5,6400.0,1838663,C5-e003Coalescence-Inoculumn-mGAM,101060
5,D8-e003Coalescence-mGAM-p5,0.0,1828960,C5-e003Coalescence-Inoculumn-mGAM,101060
6,A12-e003Coalescence-mGAM-p3,1.0,1624098,C5-e003Coalescence-Inoculumn-mGAM,101060
7,B5-e003Coalescence-Inoculumn-mGAM,0.0,1783474,C5-e003Coalescence-Inoculumn-mGAM,101060
8,B11-e003Assembly-mGAM-p5,1.0,1686869,C5-e003Coalescence-Inoculumn-mGAM,101060
9,E5-e004Assembly-mGAM-p7,6356.0,1826773,C5-e003Coalescence-Inoculumn-mGAM,101060
10,D5-e003Coalescence-Inoculumn-mGAM,0.0,1825335,C5-e003Coalescence-Inoculumn-mGAM,101060
11,BF-Fecal,4527.0,1874109,C5-e003Coalescence-Inoculumn-mGAM,101060
12,D11-e003Assembly-mGAM-p3,0.0,595358,C5-e003Coalescence-Inoculumn-mGAM,101060
13,G4-e004Assembly-epsilon-p3,4327.0,1422551,C5-e003Coalescence-Inoculumn-mGAM,101060
14,D5-e004Assembly-mGAM-p7,6345.0,1812181,C5-e003Coalescence-Inoculumn-mGAM,101060
15,B11-e003Assembly-mGAM-p3,0.0,940326,C5-e003Coalescence-Inoculumn-mGAM,101060
16,D5-e004Assembly-mGAM-p3,6362.0,1831264,C5-e003Coalescence-Inoculumn-mGAM,101060
17,D11-e003Coalescence-mGAM-p7,0.0,1847216,C5-e003Coalescence-Inoculumn-mGAM,101060
18,E5-e004Assembly-mGAM-p3,3942.0,1139136,C5-e003Coalescence-Inoculumn-mGAM,101060
19,F4-e004Assembly-epsilon-p7,2069.0,664391,C5-e003Coalescence-Inoculumn-mGAM,101060
20,D11-e003Assembly-mGAM-p5,0.0,601630,C5-e003Coalescence-Inoculumn-mGAM,101060
21,B11-e003GlycerolRevival-mGAM-p2,0.0,1702101,C5-e003Coalescence-Inoculumn-mGAM,101060
22,C11-e003Assembly-mGAM-p3,1.0,1348064,C5-e003Coalescence-Inoculumn-mGAM,101060
23,C11-e003Assembly-mGAM-p5,0.0,831093,C5-e003Coalescence-Inoculumn-mGAM,101060
24,C11-e003GlycerolRevival-mGAM-p2,0.0,1092630,C5-e003Coalescence-Inoculumn-mGAM,101060
25,A5-e003Coalescence-Inoculumn-mGAM,0.0,1802594,C5-e003Coalescence-Inoculumn-mGAM,101060
26,D4-e003Coalescence-Inoculumn-mGAM,0.0,662513,C5-e003Coalescence-Inoculumn-mGAM,101060
27,D2-e003Coalescence-Inoculumn-mGAM,0.0,1800962,C5-e003Coalescence-Inoculumn-mGAM,101060
28,D3-e003Coalescence-Inoculumn-mGAM,0.0,1810330,C5-e003Coalescence-Inoculumn-mGAM,101060
29,C5-e003Coalescence-Inoculumn-mGAM,0.0,1837613,C5-e003Coalescence-Inoculumn-mGAM,101060
30,BC-Fecal,3937.0,1817040,C5-e003Coalescence-Inoculumn-mGAM,101060
31,e004-inoculumn-fecal-BE,6432.0,1844879,C5-e003Coalescence-Inoculumn-mGAM,101060
32,e003-inoculumn-fecal-AF,1.0,951572,C5-e003Coalescence-Inoculumn-mGAM,101060
33,A11-e003Coalescence-mGAM-p3,0.0,1834942,C5-e003Coalescence-Inoculumn-mGAM,101060
34,H111-e003Coalescence-mGAM-p7_S188,1.0,1842542,C5-e003Coalescence-Inoculumn-mGAM,101060
35,H111-e003Coalescence-mBHI-p3_S144,1.0,1829245,C5-e003Coalescence-Inoculumn-mGAM,101060
36,H111-e003Coalescence-mGAM-p5_S92,1.0,1837727,C5-e003Coalescence-Inoculumn-mGAM,101060
37,H8-e003Coalescence-mGAM-p5_S89,1.0,1819422,C5-e003Coalescence-Inoculumn-mGAM,101060
38,H111-e003Coalescence-mBHI-p5_S44,0.0,1810076,C5-e003Coalescence-Inoculumn-mGAM,101060
39,E111-e003Coalescence-mGAM-p5_S56,1.0,1809572,C5-e003Coalescence-Inoculumn-mGAM,101060
40,H111-e003Coalescence-mGAM-p3_S192,1.0,1843030,C5-e003Coalescence-Inoculumn-mGAM,101060
41,H8-e003Coalescence-mGAM-p7_S185,1.0,1843221,C5-e003Coalescence-Inoculumn-mGAM,101060
0,D11-e003Coalescence-mBHI-p5,3916.0,1816078,BC-Fecal,101060
1,e004-inoculumn-fecal-BD,3729.0,1831622,BC-Fecal,101060
2,D11-e003Coalescence-mGAM-p5,3943.0,1831197,BC-Fecal,101060
3,A11-e003Coalescence-mGAM-p7,3309.0,1531225,BC-Fecal,101060
4,E5-e004Assembly-mGAM-p5,4682.0,1838663,BC-Fecal,101060
5,D8-e003Coalescence-mGAM-p5,3929.0,1828960,BC-Fecal,101060
6,A12-e003Coalescence-mGAM-p3,3524.0,1624098,BC-Fecal,101060
7,B5-e003Coalescence-Inoculumn-mGAM,3827.0,1783474,BC-Fecal,101060
8,B11-e003Assembly-mGAM-p5,3663.0,1686869,BC-Fecal,101060
9,E5-e004Assembly-mGAM-p7,4637.0,1826773,BC-Fecal,101060
10,D5-e003Coalescence-Inoculumn-mGAM,3886.0,1825335,BC-Fecal,101060
11,BF-Fecal,2263.0,1874109,BC-Fecal,101060
12,D11-e003Assembly-mGAM-p3,1311.0,595358,BC-Fecal,101060
13,G4-e004Assembly-epsilon-p3,2790.0,1422551,BC-Fecal,101060
14,D5-e004Assembly-mGAM-p7,4625.0,1812181,BC-Fecal,101060
15,B11-e003Assembly-mGAM-p3,2048.0,940326,BC-Fecal,101060
16,D5-e004Assembly-mGAM-p3,4631.0,1831264,BC-Fecal,101060
17,D11-e003Coalescence-mGAM-p7,3966.0,1847216,BC-Fecal,101060
18,E5-e004Assembly-mGAM-p3,2880.0,1139136,BC-Fecal,101060
19,F4-e004Assembly-epsilon-p7,1324.0,664391,BC-Fecal,101060
20,D11-e003Assembly-mGAM-p5,1325.0,601630,BC-Fecal,101060
21,B11-e003GlycerolRevival-mGAM-p2,3660.0,1702101,BC-Fecal,101060
22,C11-e003Assembly-mGAM-p3,2972.0,1348064,BC-Fecal,101060
23,C11-e003Assembly-mGAM-p5,1827.0,831093,BC-Fecal,101060
24,C11-e003GlycerolRevival-mGAM-p2,2348.0,1092630,BC-Fecal,101060
25,A5-e003Coalescence-Inoculumn-mGAM,3863.0,1802594,BC-Fecal,101060
26,D4-e003Coalescence-Inoculumn-mGAM,1357.0,662513,BC-Fecal,101060
27,D2-e003Coalescence-Inoculumn-mGAM,3848.0,1800962,BC-Fecal,101060
28,D3-e003Coalescence-Inoculumn-mGAM,3901.0,1810330,BC-Fecal,101060
29,C5-e003Coalescence-Inoculumn-mGAM,3941.0,1837613,BC-Fecal,101060
30,BC-Fecal,0.0,1817040,BC-Fecal,101060
31,e004-inoculumn-fecal-BE,4686.0,1844879,BC-Fecal,101060
32,e003-inoculumn-fecal-AF,1987.0,951572,BC-Fecal,101060
33,A11-e003Coalescence-mGAM-p3,3918.0,1834942,BC-Fecal,101060
34,H111-e003Coalescence-mGAM-p7_S188,3908.0,1842542,BC-Fecal,101060
35,H111-e003Coalescence-mBHI-p3_S144,3856.0,1829245,BC-Fecal,101060
36,H111-e003Coalescence-mGAM-p5_S92,3880.0,1837727,BC-Fecal,101060
37,H8-e003Coalescence-mGAM-p5_S89,3876.0,1819422,BC-Fecal,101060
38,H111-e003Coalescence-mBHI-p5_S44,3840.0,1810076,BC-Fecal,101060
39,E111-e003Coalescence-mGAM-p5_S56,3818.0,1809572,BC-Fecal,101060
40,H111-e003Coalescence-mGAM-p3_S192,3917.0,1843030,BC-Fecal,101060
41,H8-e003Coalescence-mGAM-p7_S185,3914.0,1843221,BC-Fecal,101060
0,D11-e003Coalescence-mBHI-p5,6365.0,1816078,e004-inoculumn-fecal-BE,101060
1,e004-inoculumn-fecal-BD,6330.0,1831622,e004-inoculumn-fecal-BE,101060
2,D11-e003Coalescence-mGAM-p5,6401.0,1831197,e004-inoculumn-fecal-BE,101060
3,A11-e003Coalescence-mGAM-p7,5400.0,1531225,e004-inoculumn-fecal-BE,101060
4,E5-e004Assembly-mGAM-p5,4.0,1838663,e004-inoculumn-fecal-BE,101060
5,D8-e003Coalescence-mGAM-p5,6404.0,1828960,e004-inoculumn-fecal-BE,101060
6,A12-e003Coalescence-mGAM-p3,5769.0,1624098,e004-inoculumn-fecal-BE,101060
7,B5-e003Coalescence-Inoculumn-mGAM,6211.0,1783474,e004-inoculumn-fecal-BE,101060
8,B11-e003Assembly-mGAM-p5,5893.0,1686869,e004-inoculumn-fecal-BE,101060
9,E5-e004Assembly-mGAM-p7,2.0,1826773,e004-inoculumn-fecal-BE,101060
10,D5-e003Coalescence-Inoculumn-mGAM,6341.0,1825335,e004-inoculumn-fecal-BE,101060
11,BF-Fecal,4489.0,1874109,e004-inoculumn-fecal-BE,101060
12,D11-e003Assembly-mGAM-p3,2059.0,595358,e004-inoculumn-fecal-BE,101060
13,G4-e004Assembly-epsilon-p3,4828.0,1422551,e004-inoculumn-fecal-BE,101060
14,D5-e004Assembly-mGAM-p7,2.0,1812181,e004-inoculumn-fecal-BE,101060
15,B11-e003Assembly-mGAM-p3,3248.0,940326,e004-inoculumn-fecal-BE,101060
16,D5-e004Assembly-mGAM-p3,4.0,1831264,e004-inoculumn-fecal-BE,101060
17,D11-e003Coalescence-mGAM-p7,6455.0,1847216,e004-inoculumn-fecal-BE,101060
18,E5-e004Assembly-mGAM-p3,1.0,1139136,e004-inoculumn-fecal-BE,101060
19,F4-e004Assembly-epsilon-p7,2307.0,664391,e004-inoculumn-fecal-BE,101060
20,D11-e003Assembly-mGAM-p5,2098.0,601630,e004-inoculumn-fecal-BE,101060
21,B11-e003GlycerolRevival-mGAM-p2,5922.0,1702101,e004-inoculumn-fecal-BE,101060
22,C11-e003Assembly-mGAM-p3,4762.0,1348064,e004-inoculumn-fecal-BE,101060
23,C11-e003Assembly-mGAM-p5,2949.0,831093,e004-inoculumn-fecal-BE,101060
24,C11-e003GlycerolRevival-mGAM-p2,3784.0,1092630,e004-inoculumn-fecal-BE,101060
25,A5-e003Coalescence-Inoculumn-mGAM,6315.0,1802594,e004-inoculumn-fecal-BE,101060
26,D4-e003Coalescence-Inoculumn-mGAM,2265.0,662513,e004-inoculumn-fecal-BE,101060
27,D2-e003Coalescence-Inoculumn-mGAM,6291.0,1800962,e004-inoculumn-fecal-BE,101060
28,D3-e003Coalescence-Inoculumn-mGAM,6331.0,1810330,e004-inoculumn-fecal-BE,101060
29,C5-e003Coalescence-Inoculumn-mGAM,6441.0,1837613,e004-inoculumn-fecal-BE,101060
30,BC-Fecal,4691.0,1817040,e004-inoculumn-fecal-BE,101060
31,e004-inoculumn-fecal-BE,0.0,1844879,e004-inoculumn-fecal-BE,101060
32,e003-inoculumn-fecal-AF,3305.0,951572,e004-inoculumn-fecal-BE,101060
33,A11-e003Coalescence-mGAM-p3,6401.0,1834942,e004-inoculumn-fecal-BE,101060
34,H111-e003Coalescence-mGAM-p7_S188,6366.0,1842542,e004-inoculumn-fecal-BE,101060
35,H111-e003Coalescence-mBHI-p3_S144,6305.0,1829245,e004-inoculumn-fecal-BE,101060
36,H111-e003Coalescence-mGAM-p5_S92,6327.0,1837727,e004-inoculumn-fecal-BE,101060
37,H8-e003Coalescence-mGAM-p5_S89,6314.0,1819422,e004-inoculumn-fecal-BE,101060
38,H111-e003Coalescence-mBHI-p5_S44,6248.0,1810076,e004-inoculumn-fecal-BE,101060
39,E111-e003Coalescence-mGAM-p5_S56,6247.0,1809572,e004-inoculumn-fecal-BE,101060
40,H111-e003Coalescence-mGAM-p3_S192,6374.0,1843030,e004-inoculumn-fecal-BE,101060
41,H8-e003Coalescence-mGAM-p7_S185,6374.0,1843221,e004-inoculumn-fecal-BE,101060
0,D11-e003Coalescence-mBHI-p5,2.0,1816078,e003-inoculumn-fecal-AF,101060
1,e004-inoculumn-fecal-BD,2966.0,1831622,e003-inoculumn-fecal-AF,101060
2,D11-e003Coalescence-mGAM-p5,3.0,1831197,e003-inoculumn-fecal-AF,101060
3,A11-e003Coalescence-mGAM-p7,2.0,1531225,e003-inoculumn-fecal-AF,101060
4,E5-e004Assembly-mGAM-p5,3285.0,1838663,e003-inoculumn-fecal-AF,101060
5,D8-e003Coalescence-mGAM-p5,2.0,1828960,e003-inoculumn-fecal-AF,101060
6,A12-e003Coalescence-mGAM-p3,1.0,1624098,e003-inoculumn-fecal-AF,101060
7,B5-e003Coalescence-Inoculumn-mGAM,3.0,1783474,e003-inoculumn-fecal-AF,101060
8,B11-e003Assembly-mGAM-p5,3.0,1686869,e003-inoculumn-fecal-AF,101060
9,E5-e004Assembly-mGAM-p7,3263.0,1826773,e003-inoculumn-fecal-AF,101060
10,D5-e003Coalescence-Inoculumn-mGAM,2.0,1825335,e003-inoculumn-fecal-AF,101060
11,BF-Fecal,2221.0,1874109,e003-inoculumn-fecal-AF,101060
12,D11-e003Assembly-mGAM-p3,1.0,595358,e003-inoculumn-fecal-AF,101060
13,G4-e004Assembly-epsilon-p3,2220.0,1422551,e003-inoculumn-fecal-AF,101060
14,D5-e004Assembly-mGAM-p7,3258.0,1812181,e003-inoculumn-fecal-AF,101060
15,B11-e003Assembly-mGAM-p3,0.0,940326,e003-inoculumn-fecal-AF,101060
16,D5-e004Assembly-mGAM-p3,3256.0,1831264,e003-inoculumn-fecal-AF,101060
17,D11-e003Coalescence-mGAM-p7,2.0,1847216,e003-inoculumn-fecal-AF,101060
18,E5-e004Assembly-mGAM-p3,2094.0,1139136,e003-inoculumn-fecal-AF,101060
19,F4-e004Assembly-epsilon-p7,1034.0,664391,e003-inoculumn-fecal-AF,101060
20,D11-e003Assembly-mGAM-p5,2.0,601630,e003-inoculumn-fecal-AF,101060
21,B11-e003GlycerolRevival-mGAM-p2,2.0,1702101,e003-inoculumn-fecal-AF,101060
22,C11-e003Assembly-mGAM-p3,2.0,1348064,e003-inoculumn-fecal-AF,101060
23,C11-e003Assembly-mGAM-p5,1.0,831093,e003-inoculumn-fecal-AF,101060
24,C11-e003GlycerolRevival-mGAM-p2,2.0,1092630,e003-inoculumn-fecal-AF,101060
25,A5-e003Coalescence-Inoculumn-mGAM,2.0,1802594,e003-inoculumn-fecal-AF,101060
26,D4-e003Coalescence-Inoculumn-mGAM,0.0,662513,e003-inoculumn-fecal-AF,101060
27,D2-e003Coalescence-Inoculumn-mGAM,2.0,1800962,e003-inoculumn-fecal-AF,101060
28,D3-e003Coalescence-Inoculumn-mGAM,2.0,1810330,e003-inoculumn-fecal-AF,101060
29,C5-e003Coalescence-Inoculumn-mGAM,3.0,1837613,e003-inoculumn-fecal-AF,101060
30,BC-Fecal,1989.0,1817040,e003-inoculumn-fecal-AF,101060
31,e004-inoculumn-fecal-BE,3304.0,1844879,e003-inoculumn-fecal-AF,101060
32,e003-inoculumn-fecal-AF,0.0,951572,e003-inoculumn-fecal-AF,101060
33,A11-e003Coalescence-mGAM-p3,3.0,1834942,e003-inoculumn-fecal-AF,101060
34,H111-e003Coalescence-mGAM-p7_S188,5.0,1842542,e003-inoculumn-fecal-AF,101060
35,H111-e003Coalescence-mBHI-p3_S144,4.0,1829245,e003-inoculumn-fecal-AF,101060
36,H111-e003Coalescence-mGAM-p5_S92,4.0,1837727,e003-inoculumn-fecal-AF,101060
37,H8-e003Coalescence-mGAM-p5_S89,3.0,1819422,e003-inoculumn-fecal-AF,101060
38,H111-e003Coalescence-mBHI-p5_S44,2.0,1810076,e003-inoculumn-fecal-AF,101060
39,E111-e003Coalescence-mGAM-p5_S56,4.0,1809572,e003-inoculumn-fecal-AF,101060
40,H111-e003Coalescence-mGAM-p3_S192,5.0,1843030,e003-inoculumn-fecal-AF,101060
41,H8-e003Coalescence-mGAM-p7_S185,4.0,1843221,e003-inoculumn-fecal-AF,101060
0,D11-e003Coalescence-mBHI-p5,0.0,1816078,A11-e003Coalescence-mGAM-p3,101060
1,e004-inoculumn-fecal-BD,5719.0,1831622,A11-e003Coalescence-mGAM-p3,101060
2,D11-e003Coalescence-mGAM-p5,0.0,1831197,A11-e003Coalescence-mGAM-p3,101060
3,A11-e003Coalescence-mGAM-p7,0.0,1531225,A11-e003Coalescence-mGAM-p3,101060
4,E5-e004Assembly-mGAM-p5,6375.0,1838663,A11-e003Coalescence-mGAM-p3,101060
5,D8-e003Coalescence-mGAM-p5,0.0,1828960,A11-e003Coalescence-mGAM-p3,101060
6,A12-e003Coalescence-mGAM-p3,1.0,1624098,A11-e003Coalescence-mGAM-p3,101060
7,B5-e003Coalescence-Inoculumn-mGAM,0.0,1783474,A11-e003Coalescence-mGAM-p3,101060
8,B11-e003Assembly-mGAM-p5,0.0,1686869,A11-e003Coalescence-mGAM-p3,101060
9,E5-e004Assembly-mGAM-p7,6312.0,1826773,A11-e003Coalescence-mGAM-p3,101060
10,D5-e003Coalescence-Inoculumn-mGAM,2.0,1825335,A11-e003Coalescence-mGAM-p3,101060
11,BF-Fecal,4484.0,1874109,A11-e003Coalescence-mGAM-p3,101060
12,D11-e003Assembly-mGAM-p3,0.0,595358,A11-e003Coalescence-mGAM-p3,101060
13,G4-e004Assembly-epsilon-p3,4287.0,1422551,A11-e003Coalescence-mGAM-p3,101060
14,D5-e004Assembly-mGAM-p7,6321.0,1812181,A11-e003Coalescence-mGAM-p3,101060
15,B11-e003Assembly-mGAM-p3,0.0,940326,A11-e003Coalescence-mGAM-p3,101060
16,D5-e004Assembly-mGAM-p3,6334.0,1831264,A11-e003Coalescence-mGAM-p3,101060
17,D11-e003Coalescence-mGAM-p7,0.0,1847216,A11-e003Coalescence-mGAM-p3,101060
18,E5-e004Assembly-mGAM-p3,3931.0,1139136,A11-e003Coalescence-mGAM-p3,101060
19,F4-e004Assembly-epsilon-p7,2047.0,664391,A11-e003Coalescence-mGAM-p3,101060
20,D11-e003Assembly-mGAM-p5,0.0,601630,A11-e003Coalescence-mGAM-p3,101060
21,B11-e003GlycerolRevival-mGAM-p2,0.0,1702101,A11-e003Coalescence-mGAM-p3,101060
22,C11-e003Assembly-mGAM-p3,1.0,1348064,A11-e003Coalescence-mGAM-p3,101060
23,C11-e003Assembly-mGAM-p5,0.0,831093,A11-e003Coalescence-mGAM-p3,101060
24,C11-e003GlycerolRevival-mGAM-p2,0.0,1092630,A11-e003Coalescence-mGAM-p3,101060
25,A5-e003Coalescence-Inoculumn-mGAM,0.0,1802594,A11-e003Coalescence-mGAM-p3,101060
26,D4-e003Coalescence-Inoculumn-mGAM,0.0,662513,A11-e003Coalescence-mGAM-p3,101060
27,D2-e003Coalescence-Inoculumn-mGAM,0.0,1800962,A11-e003Coalescence-mGAM-p3,101060
28,D3-e003Coalescence-Inoculumn-mGAM,2.0,1810330,A11-e003Coalescence-mGAM-p3,101060
29,C5-e003Coalescence-Inoculumn-mGAM,0.0,1837613,A11-e003Coalescence-mGAM-p3,101060
30,BC-Fecal,3916.0,1817040,A11-e003Coalescence-mGAM-p3,101060
31,e004-inoculumn-fecal-BE,6397.0,1844879,A11-e003Coalescence-mGAM-p3,101060
32,e003-inoculumn-fecal-AF,0.0,951572,A11-e003Coalescence-mGAM-p3,101060
33,A11-e003Coalescence-mGAM-p3,0.0,1834942,A11-e003Coalescence-mGAM-p3,101060
34,H111-e003Coalescence-mGAM-p7_S188,5.0,1842542,A11-e003Coalescence-mGAM-p3,101060
35,H111-e003Coalescence-mBHI-p3_S144,1.0,1829245,A11-e003Coalescence-mGAM-p3,101060
36,H111-e003Coalescence-mGAM-p5_S92,1.0,1837727,A11-e003Coalescence-mGAM-p3,101060
37,H8-e003Coalescence-mGAM-p5_S89,1.0,1819422,A11-e003Coalescence-mGAM-p3,101060
38,H111-e003Coalescence-mBHI-p5_S44,0.0,1810076,A11-e003Coalescence-mGAM-p3,101060
39,E111-e003Coalescence-mGAM-p5_S56,1.0,1809572,A11-e003Coalescence-mGAM-p3,101060
40,H111-e003Coalescence-mGAM-p3_S192,2.0,1843030,A11-e003Coalescence-mGAM-p3,101060
41,H8-e003Coalescence-mGAM-p7_S185,4.0,1843221,A11-e003Coalescence-mGAM-p3,101060
0,D11-e003Coalescence-mBHI-p5,2.0,1816078,H111-e003Coalescence-mGAM-p7_S188,101060
1,e004-inoculumn-fecal-BD,5691.0,1831622,H111-e003Coalescence-mGAM-p7_S188,101060
2,D11-e003Coalescence-mGAM-p5,1.0,1831197,H111-e003Coalescence-mGAM-p7_S188,101060
3,A11-e003Coalescence-mGAM-p7,1.0,1531225,H111-e003Coalescence-mGAM-p7_S188,101060
4,E5-e004Assembly-mGAM-p5,6337.0,1838663,H111-e003Coalescence-mGAM-p7_S188,101060
5,D8-e003Coalescence-mGAM-p5,1.0,1828960,H111-e003Coalescence-mGAM-p7_S188,101060
6,A12-e003Coalescence-mGAM-p3,1.0,1624098,H111-e003Coalescence-mGAM-p7_S188,101060
7,B5-e003Coalescence-Inoculumn-mGAM,1.0,1783474,H111-e003Coalescence-mGAM-p7_S188,101060
8,B11-e003Assembly-mGAM-p5,3.0,1686869,H111-e003Coalescence-mGAM-p7_S188,101060
9,E5-e004Assembly-mGAM-p7,6278.0,1826773,H111-e003Coalescence-mGAM-p7_S188,101060
10,D5-e003Coalescence-Inoculumn-mGAM,0.0,1825335,H111-e003Coalescence-mGAM-p7_S188,101060
11,BF-Fecal,4446.0,1874109,H111-e003Coalescence-mGAM-p7_S188,101060
12,D11-e003Assembly-mGAM-p3,0.0,595358,H111-e003Coalescence-mGAM-p7_S188,101060
13,G4-e004Assembly-epsilon-p3,4281.0,1422551,H111-e003Coalescence-mGAM-p7_S188,101060
14,D5-e004Assembly-mGAM-p7,6283.0,1812181,H111-e003Coalescence-mGAM-p7_S188,101060
15,B11-e003Assembly-mGAM-p3,0.0,940326,H111-e003Coalescence-mGAM-p7_S188,101060
16,D5-e004Assembly-mGAM-p3,6289.0,1831264,H111-e003Coalescence-mGAM-p7_S188,101060
17,D11-e003Coalescence-mGAM-p7,2.0,1847216,H111-e003Coalescence-mGAM-p7_S188,101060
18,E5-e004Assembly-mGAM-p3,3906.0,1139136,H111-e003Coalescence-mGAM-p7_S188,101060
19,F4-e004Assembly-epsilon-p7,2051.0,664391,H111-e003Coalescence-mGAM-p7_S188,101060
20,D11-e003Assembly-mGAM-p5,0.0,601630,H111-e003Coalescence-mGAM-p7_S188,101060
21,B11-e003GlycerolRevival-mGAM-p2,3.0,1702101,H111-e003Coalescence-mGAM-p7_S188,101060
22,C11-e003Assembly-mGAM-p3,2.0,1348064,H111-e003Coalescence-mGAM-p7_S188,101060
23,C11-e003Assembly-mGAM-p5,0.0,831093,H111-e003Coalescence-mGAM-p7_S188,101060
24,C11-e003GlycerolRevival-mGAM-p2,0.0,1092630,H111-e003Coalescence-mGAM-p7_S188,101060
25,A5-e003Coalescence-Inoculumn-mGAM,2.0,1802594,H111-e003Coalescence-mGAM-p7_S188,101060
26,D4-e003Coalescence-Inoculumn-mGAM,0.0,662513,H111-e003Coalescence-mGAM-p7_S188,101060
27,D2-e003Coalescence-Inoculumn-mGAM,2.0,1800962,H111-e003Coalescence-mGAM-p7_S188,101060
28,D3-e003Coalescence-Inoculumn-mGAM,1.0,1810330,H111-e003Coalescence-mGAM-p7_S188,101060
29,C5-e003Coalescence-Inoculumn-mGAM,1.0,1837613,H111-e003Coalescence-mGAM-p7_S188,101060
30,BC-Fecal,3905.0,1817040,H111-e003Coalescence-mGAM-p7_S188,101060
31,e004-inoculumn-fecal-BE,6364.0,1844879,H111-e003Coalescence-mGAM-p7_S188,101060
32,e003-inoculumn-fecal-AF,3.0,951572,H111-e003Coalescence-mGAM-p7_S188,101060
33,A11-e003Coalescence-mGAM-p3,3.0,1834942,H111-e003Coalescence-mGAM-p7_S188,101060
34,H111-e003Coalescence-mGAM-p7_S188,0.0,1842542,H111-e003Coalescence-mGAM-p7_S188,101060
35,H111-e003Coalescence-mBHI-p3_S144,0.0,1829245,H111-e003Coalescence-mGAM-p7_S188,101060
36,H111-e003Coalescence-mGAM-p5_S92,0.0,1837727,H111-e003Coalescence-mGAM-p7_S188,101060
37,H8-e003Coalescence-mGAM-p5_S89,0.0,1819422,H111-e003Coalescence-mGAM-p7_S188,101060
38,H111-e003Coalescence-mBHI-p5_S44,0.0,1810076,H111-e003Coalescence-mGAM-p7_S188,101060
39,E111-e003Coalescence-mGAM-p5_S56,0.0,1809572,H111-e003Coalescence-mGAM-p7_S188,101060
40,H111-e003Coalescence-mGAM-p3_S192,0.0,1843030,H111-e003Coalescence-mGAM-p7_S188,101060
41,H8-e003Coalescence-mGAM-p7_S185,1.0,1843221,H111-e003Coalescence-mGAM-p7_S188,101060
0,D11-e003Coalescence-mBHI-p5,1.0,1816078,H111-e003Coalescence-mBHI-p3_S144,101060
1,e004-inoculumn-fecal-BD,5642.0,1831622,H111-e003Coalescence-mBHI-p3_S144,101060
2,D11-e003Coalescence-mGAM-p5,2.0,1831197,H111-e003Coalescence-mBHI-p3_S144,101060
3,A11-e003Coalescence-mGAM-p7,1.0,1531225,H111-e003Coalescence-mBHI-p3_S144,101060
4,E5-e004Assembly-mGAM-p5,6268.0,1838663,H111-e003Coalescence-mBHI-p3_S144,101060
5,D8-e003Coalescence-mGAM-p5,2.0,1828960,H111-e003Coalescence-mBHI-p3_S144,101060
6,A12-e003Coalescence-mGAM-p3,0.0,1624098,H111-e003Coalescence-mBHI-p3_S144,101060
7,B5-e003Coalescence-Inoculumn-mGAM,2.0,1783474,H111-e003Coalescence-mBHI-p3_S144,101060
8,B11-e003Assembly-mGAM-p5,1.0,1686869,H111-e003Coalescence-mBHI-p3_S144,101060
9,E5-e004Assembly-mGAM-p7,6214.0,1826773,H111-e003Coalescence-mBHI-p3_S144,101060
10,D5-e003Coalescence-Inoculumn-mGAM,1.0,1825335,H111-e003Coalescence-mBHI-p3_S144,101060
11,BF-Fecal,4385.0,1874109,H111-e003Coalescence-mBHI-p3_S144,101060
12,D11-e003Assembly-mGAM-p3,0.0,595358,H111-e003Coalescence-mBHI-p3_S144,101060
13,G4-e004Assembly-epsilon-p3,4245.0,1422551,H111-e003Coalescence-mBHI-p3_S144,101060
14,D5-e004Assembly-mGAM-p7,6209.0,1812181,H111-e003Coalescence-mBHI-p3_S144,101060
15,B11-e003Assembly-mGAM-p3,1.0,940326,H111-e003Coalescence-mBHI-p3_S144,101060
16,D5-e004Assembly-mGAM-p3,6216.0,1831264,H111-e003Coalescence-mBHI-p3_S144,101060
17,D11-e003Coalescence-mGAM-p7,3.0,1847216,H111-e003Coalescence-mBHI-p3_S144,101060
18,E5-e004Assembly-mGAM-p3,3860.0,1139136,H111-e003Coalescence-mBHI-p3_S144,101060
19,F4-e004Assembly-epsilon-p7,2040.0,664391,H111-e003Coalescence-mBHI-p3_S144,101060
20,D11-e003Assembly-mGAM-p5,0.0,601630,H111-e003Coalescence-mBHI-p3_S144,101060
21,B11-e003GlycerolRevival-mGAM-p2,1.0,1702101,H111-e003Coalescence-mBHI-p3_S144,101060
22,C11-e003Assembly-mGAM-p3,2.0,1348064,H111-e003Coalescence-mBHI-p3_S144,101060
23,C11-e003Assembly-mGAM-p5,0.0,831093,H111-e003Coalescence-mBHI-p3_S144,101060
24,C11-e003GlycerolRevival-mGAM-p2,1.0,1092630,H111-e003Coalescence-mBHI-p3_S144,101060
25,A5-e003Coalescence-Inoculumn-mGAM,2.0,1802594,H111-e003Coalescence-mBHI-p3_S144,101060
26,D4-e003Coalescence-Inoculumn-mGAM,1.0,662513,H111-e003Coalescence-mBHI-p3_S144,101060
27,D2-e003Coalescence-Inoculumn-mGAM,3.0,1800962,H111-e003Coalescence-mBHI-p3_S144,101060
28,D3-e003Coalescence-Inoculumn-mGAM,1.0,1810330,H111-e003Coalescence-mBHI-p3_S144,101060
29,C5-e003Coalescence-Inoculumn-mGAM,2.0,1837613,H111-e003Coalescence-mBHI-p3_S144,101060
30,BC-Fecal,3855.0,1817040,H111-e003Coalescence-mBHI-p3_S144,101060
31,e004-inoculumn-fecal-BE,6298.0,1844879,H111-e003Coalescence-mBHI-p3_S144,101060
32,e003-inoculumn-fecal-AF,1.0,951572,H111-e003Coalescence-mBHI-p3_S144,101060
33,A11-e003Coalescence-mGAM-p3,2.0,1834942,H111-e003Coalescence-mBHI-p3_S144,101060
34,H111-e003Coalescence-mGAM-p7_S188,1.0,1842542,H111-e003Coalescence-mBHI-p3_S144,101060
35,H111-e003Coalescence-mBHI-p3_S144,0.0,1829245,H111-e003Coalescence-mBHI-p3_S144,101060
36,H111-e003Coalescence-mGAM-p5_S92,1.0,1837727,H111-e003Coalescence-mBHI-p3_S144,101060
37,H8-e003Coalescence-mGAM-p5_S89,0.0,1819422,H111-e003Coalescence-mBHI-p3_S144,101060
38,H111-e003Coalescence-mBHI-p5_S44,0.0,1810076,H111-e003Coalescence-mBHI-p3_S144,101060
39,E111-e003Coalescence-mGAM-p5_S56,1.0,1809572,H111-e003Coalescence-mBHI-p3_S144,101060
40,H111-e003Coalescence-mGAM-p3_S192,1.0,1843030,H111-e003Coalescence-mBHI-p3_S144,101060
41,H8-e003Coalescence-mGAM-p7_S185,2.0,1843221,H111-e003Coalescence-mBHI-p3_S144,101060
0,D11-e003Coalescence-mBHI-p5,1.0,1816078,H111-e003Coalescence-mGAM-p5_S92,101060
1,e004-inoculumn-fecal-BD,5653.0,1831622,H111-e003Coalescence-mGAM-p5_S92,101060
2,D11-e003Coalescence-mGAM-p5,1.0,1831197,H111-e003Coalescence-mGAM-p5_S92,101060
3,A11-e003Coalescence-mGAM-p7,1.0,1531225,H111-e003Coalescence-mGAM-p5_S92,101060
4,E5-e004Assembly-mGAM-p5,6298.0,1838663,H111-e003Coalescence-mGAM-p5_S92,101060
5,D8-e003Coalescence-mGAM-p5,1.0,1828960,H111-e003Coalescence-mGAM-p5_S92,101060
6,A12-e003Coalescence-mGAM-p3,0.0,1624098,H111-e003Coalescence-mGAM-p5_S92,101060
7,B5-e003Coalescence-Inoculumn-mGAM,1.0,1783474,H111-e003Coalescence-mGAM-p5_S92,101060
8,B11-e003Assembly-mGAM-p5,1.0,1686869,H111-e003Coalescence-mGAM-p5_S92,101060
9,E5-e004Assembly-mGAM-p7,6235.0,1826773,H111-e003Coalescence-mGAM-p5_S92,101060
10,D5-e003Coalescence-Inoculumn-mGAM,0.0,1825335,H111-e003Coalescence-mGAM-p5_S92,101060
11,BF-Fecal,4409.0,1874109,H111-e003Coalescence-mGAM-p5_S92,101060
12,D11-e003Assembly-mGAM-p3,0.0,595358,H111-e003Coalescence-mGAM-p5_S92,101060
13,G4-e004Assembly-epsilon-p3,4258.0,1422551,H111-e003Coalescence-mGAM-p5_S92,101060
14,D5-e004Assembly-mGAM-p7,6238.0,1812181,H111-e003Coalescence-mGAM-p5_S92,101060
15,B11-e003Assembly-mGAM-p3,0.0,940326,H111-e003Coalescence-mGAM-p5_S92,101060
16,D5-e004Assembly-mGAM-p3,6249.0,1831264,H111-e003Coalescence-mGAM-p5_S92,101060
17,D11-e003Coalescence-mGAM-p7,2.0,1847216,H111-e003Coalescence-mGAM-p5_S92,101060
18,E5-e004Assembly-mGAM-p3,3876.0,1139136,H111-e003Coalescence-mGAM-p5_S92,101060
19,F4-e004Assembly-epsilon-p7,2041.0,664391,H111-e003Coalescence-mGAM-p5_S92,101060
20,D11-e003Assembly-mGAM-p5,0.0,601630,H111-e003Coalescence-mGAM-p5_S92,101060
21,B11-e003GlycerolRevival-mGAM-p2,1.0,1702101,H111-e003Coalescence-mGAM-p5_S92,101060
22,C11-e003Assembly-mGAM-p3,2.0,1348064,H111-e003Coalescence-mGAM-p5_S92,101060
23,C11-e003Assembly-mGAM-p5,0.0,831093,H111-e003Coalescence-mGAM-p5_S92,101060
24,C11-e003GlycerolRevival-mGAM-p2,0.0,1092630,H111-e003Coalescence-mGAM-p5_S92,101060
25,A5-e003Coalescence-Inoculumn-mGAM,2.0,1802594,H111-e003Coalescence-mGAM-p5_S92,101060
26,D4-e003Coalescence-Inoculumn-mGAM,0.0,662513,H111-e003Coalescence-mGAM-p5_S92,101060
27,D2-e003Coalescence-Inoculumn-mGAM,2.0,1800962,H111-e003Coalescence-mGAM-p5_S92,101060
28,D3-e003Coalescence-Inoculumn-mGAM,1.0,1810330,H111-e003Coalescence-mGAM-p5_S92,101060
29,C5-e003Coalescence-Inoculumn-mGAM,1.0,1837613,H111-e003Coalescence-mGAM-p5_S92,101060
30,BC-Fecal,3879.0,1817040,H111-e003Coalescence-mGAM-p5_S92,101060
31,e004-inoculumn-fecal-BE,6323.0,1844879,H111-e003Coalescence-mGAM-p5_S92,101060
32,e003-inoculumn-fecal-AF,2.0,951572,H111-e003Coalescence-mGAM-p5_S92,101060
33,A11-e003Coalescence-mGAM-p3,1.0,1834942,H111-e003Coalescence-mGAM-p5_S92,101060
34,H111-e003Coalescence-mGAM-p7_S188,0.0,1842542,H111-e003Coalescence-mGAM-p5_S92,101060
35,H111-e003Coalescence-mBHI-p3_S144,0.0,1829245,H111-e003Coalescence-mGAM-p5_S92,101060
36,H111-e003Coalescence-mGAM-p5_S92,0.0,1837727,H111-e003Coalescence-mGAM-p5_S92,101060
37,H8-e003Coalescence-mGAM-p5_S89,0.0,1819422,H111-e003Coalescence-mGAM-p5_S92,101060
38,H111-e003Coalescence-mBHI-p5_S44,0.0,1810076,H111-e003Coalescence-mGAM-p5_S92,101060
39,E111-e003Coalescence-mGAM-p5_S56,0.0,1809572,H111-e003Coalescence-mGAM-p5_S92,101060
40,H111-e003Coalescence-mGAM-p3_S192,0.0,1843030,H111-e003Coalescence-mGAM-p5_S92,101060
41,H8-e003Coalescence-mGAM-p7_S185,1.0,1843221,H111-e003Coalescence-mGAM-p5_S92,101060
0,D11-e003Coalescence-mBHI-p5,3.0,1816078,H8-e003Coalescence-mGAM-p5_S89,101060
1,e004-inoculumn-fecal-BD,5651.0,1831622,H8-e003Coalescence-mGAM-p5_S89,101060
2,D11-e003Coalescence-mGAM-p5,5.0,1831197,H8-e003Coalescence-mGAM-p5_S89,101060
3,A11-e003Coalescence-mGAM-p7,2.0,1531225,H8-e003Coalescence-mGAM-p5_S89,101060
4,E5-e004Assembly-mGAM-p5,6276.0,1838663,H8-e003Coalescence-mGAM-p5_S89,101060
5,D8-e003Coalescence-mGAM-p5,4.0,1828960,H8-e003Coalescence-mGAM-p5_S89,101060
6,A12-e003Coalescence-mGAM-p3,0.0,1624098,H8-e003Coalescence-mGAM-p5_S89,101060
7,B5-e003Coalescence-Inoculumn-mGAM,4.0,1783474,H8-e003Coalescence-mGAM-p5_S89,101060
8,B11-e003Assembly-mGAM-p5,3.0,1686869,H8-e003Coalescence-mGAM-p5_S89,101060
9,E5-e004Assembly-mGAM-p7,6223.0,1826773,H8-e003Coalescence-mGAM-p5_S89,101060
10,D5-e003Coalescence-Inoculumn-mGAM,2.0,1825335,H8-e003Coalescence-mGAM-p5_S89,101060
11,BF-Fecal,4439.0,1874109,H8-e003Coalescence-mGAM-p5_S89,101060
12,D11-e003Assembly-mGAM-p3,0.0,595358,H8-e003Coalescence-mGAM-p5_S89,101060
13,G4-e004Assembly-epsilon-p3,4239.0,1422551,H8-e003Coalescence-mGAM-p5_S89,101060
14,D5-e004Assembly-mGAM-p7,6225.0,1812181,H8-e003Coalescence-mGAM-p5_S89,101060
15,B11-e003Assembly-mGAM-p3,1.0,940326,H8-e003Coalescence-mGAM-p5_S89,101060
16,D5-e004Assembly-mGAM-p3,6234.0,1831264,H8-e003Coalescence-mGAM-p5_S89,101060
17,D11-e003Coalescence-mGAM-p7,4.0,1847216,H8-e003Coalescence-mGAM-p5_S89,101060
18,E5-e004Assembly-mGAM-p3,3867.0,1139136,H8-e003Coalescence-mGAM-p5_S89,101060
19,F4-e004Assembly-epsilon-p7,2053.0,664391,H8-e003Coalescence-mGAM-p5_S89,101060
20,D11-e003Assembly-mGAM-p5,2.0,601630,H8-e003Coalescence-mGAM-p5_S89,101060
21,B11-e003GlycerolRevival-mGAM-p2,3.0,1702101,H8-e003Coalescence-mGAM-p5_S89,101060
22,C11-e003Assembly-mGAM-p3,2.0,1348064,H8-e003Coalescence-mGAM-p5_S89,101060
23,C11-e003Assembly-mGAM-p5,0.0,831093,H8-e003Coalescence-mGAM-p5_S89,101060
24,C11-e003GlycerolRevival-mGAM-p2,2.0,1092630,H8-e003Coalescence-mGAM-p5_S89,101060
25,A5-e003Coalescence-Inoculumn-mGAM,3.0,1802594,H8-e003Coalescence-mGAM-p5_S89,101060
26,D4-e003Coalescence-Inoculumn-mGAM,4.0,662513,H8-e003Coalescence-mGAM-p5_S89,101060
27,D2-e003Coalescence-Inoculumn-mGAM,6.0,1800962,H8-e003Coalescence-mGAM-p5_S89,101060
28,D3-e003Coalescence-Inoculumn-mGAM,2.0,1810330,H8-e003Coalescence-mGAM-p5_S89,101060
29,C5-e003Coalescence-Inoculumn-mGAM,5.0,1837613,H8-e003Coalescence-mGAM-p5_S89,101060
30,BC-Fecal,3875.0,1817040,H8-e003Coalescence-mGAM-p5_S89,101060
31,e004-inoculumn-fecal-BE,6311.0,1844879,H8-e003Coalescence-mGAM-p5_S89,101060
32,e003-inoculumn-fecal-AF,2.0,951572,H8-e003Coalescence-mGAM-p5_S89,101060
33,A11-e003Coalescence-mGAM-p3,5.0,1834942,H8-e003Coalescence-mGAM-p5_S89,101060
34,H111-e003Coalescence-mGAM-p7_S188,4.0,1842542,H8-e003Coalescence-mGAM-p5_S89,101060
35,H111-e003Coalescence-mBHI-p3_S144,3.0,1829245,H8-e003Coalescence-mGAM-p5_S89,101060
36,H111-e003Coalescence-mGAM-p5_S92,4.0,1837727,H8-e003Coalescence-mGAM-p5_S89,101060
37,H8-e003Coalescence-mGAM-p5_S89,0.0,1819422,H8-e003Coalescence-mGAM-p5_S89,101060
38,H111-e003Coalescence-mBHI-p5_S44,2.0,1810076,H8-e003Coalescence-mGAM-p5_S89,101060
39,E111-e003Coalescence-mGAM-p5_S56,3.0,1809572,H8-e003Coalescence-mGAM-p5_S89,101060
40,H111-e003Coalescence-mGAM-p3_S192,5.0,1843030,H8-e003Coalescence-mGAM-p5_S89,101060
41,H8-e003Coalescence-mGAM-p7_S185,4.0,1843221,H8-e003Coalescence-mGAM-p5_S89,101060
0,D11-e003Coalescence-mBHI-p5,1.0,1816078,H111-e003Coalescence-mBHI-p5_S44,101060
1,e004-inoculumn-fecal-BD,5586.0,1831622,H111-e003Coalescence-mBHI-p5_S44,101060
2,D11-e003Coalescence-mGAM-p5,1.0,1831197,H111-e003Coalescence-mBHI-p5_S44,101060
3,A11-e003Coalescence-mGAM-p7,0.0,1531225,H111-e003Coalescence-mBHI-p5_S44,101060
4,E5-e004Assembly-mGAM-p5,6218.0,1838663,H111-e003Coalescence-mBHI-p5_S44,101060
5,D8-e003Coalescence-mGAM-p5,2.0,1828960,H111-e003Coalescence-mBHI-p5_S44,101060
6,A12-e003Coalescence-mGAM-p3,0.0,1624098,H111-e003Coalescence-mBHI-p5_S44,101060
7,B5-e003Coalescence-Inoculumn-mGAM,2.0,1783474,H111-e003Coalescence-mBHI-p5_S44,101060
8,B11-e003Assembly-mGAM-p5,1.0,1686869,H111-e003Coalescence-mBHI-p5_S44,101060
9,E5-e004Assembly-mGAM-p7,6165.0,1826773,H111-e003Coalescence-mBHI-p5_S44,101060
10,D5-e003Coalescence-Inoculumn-mGAM,2.0,1825335,H111-e003Coalescence-mBHI-p5_S44,101060
11,BF-Fecal,4356.0,1874109,H111-e003Coalescence-mBHI-p5_S44,101060
12,D11-e003Assembly-mGAM-p3,0.0,595358,H111-e003Coalescence-mBHI-p5_S44,101060
13,G4-e004Assembly-epsilon-p3,4200.0,1422551,H111-e003Coalescence-mBHI-p5_S44,101060
14,D5-e004Assembly-mGAM-p7,6165.0,1812181,H111-e003Coalescence-mBHI-p5_S44,101060
15,B11-e003Assembly-mGAM-p3,1.0,940326,H111-e003Coalescence-mBHI-p5_S44,101060
16,D5-e004Assembly-mGAM-p3,6176.0,1831264,H111-e003Coalescence-mBHI-p5_S44,101060
17,D11-e003Coalescence-mGAM-p7,2.0,1847216,H111-e003Coalescence-mBHI-p5_S44,101060
18,E5-e004Assembly-mGAM-p3,3836.0,1139136,H111-e003Coalescence-mBHI-p5_S44,101060
19,F4-e004Assembly-epsilon-p7,2004.0,664391,H111-e003Coalescence-mBHI-p5_S44,101060
20,D11-e003Assembly-mGAM-p5,0.0,601630,H111-e003Coalescence-mBHI-p5_S44,101060
21,B11-e003GlycerolRevival-mGAM-p2,0.0,1702101,H111-e003Coalescence-mBHI-p5_S44,101060
22,C11-e003Assembly-mGAM-p3,2.0,1348064,H111-e003Coalescence-mBHI-p5_S44,101060
23,C11-e003Assembly-mGAM-p5,0.0,831093,H111-e003Coalescence-mBHI-p5_S44,101060
24,C11-e003GlycerolRevival-mGAM-p2,1.0,1092630,H111-e003Coalescence-mBHI-p5_S44,101060
25,A5-e003Coalescence-Inoculumn-mGAM,2.0,1802594,H111-e003Coalescence-mBHI-p5_S44,101060
26,D4-e003Coalescence-Inoculumn-mGAM,1.0,662513,H111-e003Coalescence-mBHI-p5_S44,101060
27,D2-e003Coalescence-Inoculumn-mGAM,3.0,1800962,H111-e003Coalescence-mBHI-p5_S44,101060
28,D3-e003Coalescence-Inoculumn-mGAM,0.0,1810330,H111-e003Coalescence-mBHI-p5_S44,101060
29,C5-e003Coalescence-Inoculumn-mGAM,2.0,1837613,H111-e003Coalescence-mBHI-p5_S44,101060
30,BC-Fecal,3838.0,1817040,H111-e003Coalescence-mBHI-p5_S44,101060
31,e004-inoculumn-fecal-BE,6242.0,1844879,H111-e003Coalescence-mBHI-p5_S44,101060
32,e003-inoculumn-fecal-AF,0.0,951572,H111-e003Coalescence-mBHI-p5_S44,101060
33,A11-e003Coalescence-mGAM-p3,2.0,1834942,H111-e003Coalescence-mBHI-p5_S44,101060
34,H111-e003Coalescence-mGAM-p7_S188,1.0,1842542,H111-e003Coalescence-mBHI-p5_S44,101060
35,H111-e003Coalescence-mBHI-p3_S144,0.0,1829245,H111-e003Coalescence-mBHI-p5_S44,101060
36,H111-e003Coalescence-mGAM-p5_S92,1.0,1837727,H111-e003Coalescence-mBHI-p5_S44,101060
37,H8-e003Coalescence-mGAM-p5_S89,0.0,1819422,H111-e003Coalescence-mBHI-p5_S44,101060
38,H111-e003Coalescence-mBHI-p5_S44,0.0,1810076,H111-e003Coalescence-mBHI-p5_S44,101060
39,E111-e003Coalescence-mGAM-p5_S56,2.0,1809572,H111-e003Coalescence-mBHI-p5_S44,101060
40,H111-e003Coalescence-mGAM-p3_S192,1.0,1843030,H111-e003Coalescence-mBHI-p5_S44,101060
41,H8-e003Coalescence-mGAM-p7_S185,2.0,1843221,H111-e003Coalescence-mBHI-p5_S44,101060
0,D11-e003Coalescence-mBHI-p5,3.0,1816078,E111-e003Coalescence-mGAM-p5_S56,101060
1,e004-inoculumn-fecal-BD,5593.0,1831622,E111-e003Coalescence-mGAM-p5_S56,101060
2,D11-e003Coalescence-mGAM-p5,2.0,1831197,E111-e003Coalescence-mGAM-p5_S56,101060
3,A11-e003Coalescence-mGAM-p7,2.0,1531225,E111-e003Coalescence-mGAM-p5_S56,101060
4,E5-e004Assembly-mGAM-p5,6215.0,1838663,E111-e003Coalescence-mGAM-p5_S56,101060
5,D8-e003Coalescence-mGAM-p5,2.0,1828960,E111-e003Coalescence-mGAM-p5_S56,101060
6,A12-e003Coalescence-mGAM-p3,1.0,1624098,E111-e003Coalescence-mGAM-p5_S56,101060
7,B5-e003Coalescence-Inoculumn-mGAM,2.0,1783474,E111-e003Coalescence-mGAM-p5_S56,101060
8,B11-e003Assembly-mGAM-p5,2.0,1686869,E111-e003Coalescence-mGAM-p5_S56,101060
9,E5-e004Assembly-mGAM-p7,6159.0,1826773,E111-e003Coalescence-mGAM-p5_S56,101060
10,D5-e003Coalescence-Inoculumn-mGAM,1.0,1825335,E111-e003Coalescence-mGAM-p5_S56,101060
11,BF-Fecal,4361.0,1874109,E111-e003Coalescence-mGAM-p5_S56,101060
12,D11-e003Assembly-mGAM-p3,0.0,595358,E111-e003Coalescence-mGAM-p5_S56,101060
13,G4-e004Assembly-epsilon-p3,4206.0,1422551,E111-e003Coalescence-mGAM-p5_S56,101060
14,D5-e004Assembly-mGAM-p7,6163.0,1812181,E111-e003Coalescence-mGAM-p5_S56,101060
15,B11-e003Assembly-mGAM-p3,0.0,940326,E111-e003Coalescence-mGAM-p5_S56,101060
16,D5-e004Assembly-mGAM-p3,6171.0,1831264,E111-e003Coalescence-mGAM-p5_S56,101060
17,D11-e003Coalescence-mGAM-p7,3.0,1847216,E111-e003Coalescence-mGAM-p5_S56,101060
18,E5-e004Assembly-mGAM-p3,3829.0,1139136,E111-e003Coalescence-mGAM-p5_S56,101060
19,F4-e004Assembly-epsilon-p7,2017.0,664391,E111-e003Coalescence-mGAM-p5_S56,101060
20,D11-e003Assembly-mGAM-p5,1.0,601630,E111-e003Coalescence-mGAM-p5_S56,101060
21,B11-e003GlycerolRevival-mGAM-p2,2.0,1702101,E111-e003Coalescence-mGAM-p5_S56,101060
22,C11-e003Assembly-mGAM-p3,4.0,1348064,E111-e003Coalescence-mGAM-p5_S56,101060
23,C11-e003Assembly-mGAM-p5,0.0,831093,E111-e003Coalescence-mGAM-p5_S56,101060
24,C11-e003GlycerolRevival-mGAM-p2,1.0,1092630,E111-e003Coalescence-mGAM-p5_S56,101060
25,A5-e003Coalescence-Inoculumn-mGAM,3.0,1802594,E111-e003Coalescence-mGAM-p5_S56,101060
26,D4-e003Coalescence-Inoculumn-mGAM,0.0,662513,E111-e003Coalescence-mGAM-p5_S56,101060
27,D2-e003Coalescence-Inoculumn-mGAM,3.0,1800962,E111-e003Coalescence-mGAM-p5_S56,101060
28,D3-e003Coalescence-Inoculumn-mGAM,2.0,1810330,E111-e003Coalescence-mGAM-p5_S56,101060
29,C5-e003Coalescence-Inoculumn-mGAM,1.0,1837613,E111-e003Coalescence-mGAM-p5_S56,101060
30,BC-Fecal,3816.0,1817040,E111-e003Coalescence-mGAM-p5_S56,101060
31,e004-inoculumn-fecal-BE,6243.0,1844879,E111-e003Coalescence-mGAM-p5_S56,101060
32,e003-inoculumn-fecal-AF,2.0,951572,E111-e003Coalescence-mGAM-p5_S56,101060
33,A11-e003Coalescence-mGAM-p3,1.0,1834942,E111-e003Coalescence-mGAM-p5_S56,101060
34,H111-e003Coalescence-mGAM-p7_S188,1.0,1842542,E111-e003Coalescence-mGAM-p5_S56,101060
35,H111-e003Coalescence-mBHI-p3_S144,1.0,1829245,E111-e003Coalescence-mGAM-p5_S56,101060
36,H111-e003Coalescence-mGAM-p5_S92,1.0,1837727,E111-e003Coalescence-mGAM-p5_S56,101060
37,H8-e003Coalescence-mGAM-p5_S89,1.0,1819422,E111-e003Coalescence-mGAM-p5_S56,101060
38,H111-e003Coalescence-mBHI-p5_S44,1.0,1810076,E111-e003Coalescence-mGAM-p5_S56,101060
39,E111-e003Coalescence-mGAM-p5_S56,0.0,1809572,E111-e003Coalescence-mGAM-p5_S56,101060
40,H111-e003Coalescence-mGAM-p3_S192,1.0,1843030,E111-e003Coalescence-mGAM-p5_S56,101060
41,H8-e003Coalescence-mGAM-p7_S185,2.0,1843221,E111-e003Coalescence-mGAM-p5_S56,101060
0,D11-e003Coalescence-mBHI-p5,1.0,1816078,H111-e003Coalescence-mGAM-p3_S192,101060
1,e004-inoculumn-fecal-BD,5683.0,1831622,H111-e003Coalescence-mGAM-p3_S192,101060
2,D11-e003Coalescence-mGAM-p5,1.0,1831197,H111-e003Coalescence-mGAM-p3_S192,101060
3,A11-e003Coalescence-mGAM-p7,1.0,1531225,H111-e003Coalescence-mGAM-p3_S192,101060
4,E5-e004Assembly-mGAM-p5,6343.0,1838663,H111-e003Coalescence-mGAM-p3_S192,101060
5,D8-e003Coalescence-mGAM-p5,1.0,1828960,H111-e003Coalescence-mGAM-p3_S192,101060
6,A12-e003Coalescence-mGAM-p3,1.0,1624098,H111-e003Coalescence-mGAM-p3_S192,101060
7,B5-e003Coalescence-Inoculumn-mGAM,1.0,1783474,H111-e003Coalescence-mGAM-p3_S192,101060
8,B11-e003Assembly-mGAM-p5,2.0,1686869,H111-e003Coalescence-mGAM-p3_S192,101060
9,E5-e004Assembly-mGAM-p7,6285.0,1826773,H111-e003Coalescence-mGAM-p3_S192,101060
10,D5-e003Coalescence-Inoculumn-mGAM,0.0,1825335,H111-e003Coalescence-mGAM-p3_S192,101060
11,BF-Fecal,4444.0,1874109,H111-e003Coalescence-mGAM-p3_S192,101060
12,D11-e003Assembly-mGAM-p3,0.0,595358,H111-e003Coalescence-mGAM-p3_S192,101060
13,G4-e004Assembly-epsilon-p3,4265.0,1422551,H111-e003Coalescence-mGAM-p3_S192,101060
14,D5-e004Assembly-mGAM-p7,6292.0,1812181,H111-e003Coalescence-mGAM-p3_S192,101060
15,B11-e003Assembly-mGAM-p3,0.0,940326,H111-e003Coalescence-mGAM-p3_S192,101060
16,D5-e004Assembly-mGAM-p3,6297.0,1831264,H111-e003Coalescence-mGAM-p3_S192,101060
17,D11-e003Coalescence-mGAM-p7,2.0,1847216,H111-e003Coalescence-mGAM-p3_S192,101060
18,E5-e004Assembly-mGAM-p3,3894.0,1139136,H111-e003Coalescence-mGAM-p3_S192,101060
19,F4-e004Assembly-epsilon-p7,2050.0,664391,H111-e003Coalescence-mGAM-p3_S192,101060
20,D11-e003Assembly-mGAM-p5,0.0,601630,H111-e003Coalescence-mGAM-p3_S192,101060
21,B11-e003GlycerolRevival-mGAM-p2,2.0,1702101,H111-e003Coalescence-mGAM-p3_S192,101060
22,C11-e003Assembly-mGAM-p3,3.0,1348064,H111-e003Coalescence-mGAM-p3_S192,101060
23,C11-e003Assembly-mGAM-p5,0.0,831093,H111-e003Coalescence-mGAM-p3_S192,101060
24,C11-e003GlycerolRevival-mGAM-p2,0.0,1092630,H111-e003Coalescence-mGAM-p3_S192,101060
25,A5-e003Coalescence-Inoculumn-mGAM,2.0,1802594,H111-e003Coalescence-mGAM-p3_S192,101060
26,D4-e003Coalescence-Inoculumn-mGAM,0.0,662513,H111-e003Coalescence-mGAM-p3_S192,101060
27,D2-e003Coalescence-Inoculumn-mGAM,2.0,1800962,H111-e003Coalescence-mGAM-p3_S192,101060
28,D3-e003Coalescence-Inoculumn-mGAM,1.0,1810330,H111-e003Coalescence-mGAM-p3_S192,101060
29,C5-e003Coalescence-Inoculumn-mGAM,1.0,1837613,H111-e003Coalescence-mGAM-p3_S192,101060
30,BC-Fecal,3916.0,1817040,H111-e003Coalescence-mGAM-p3_S192,101060
31,e004-inoculumn-fecal-BE,6369.0,1844879,H111-e003Coalescence-mGAM-p3_S192,101060
32,e003-inoculumn-fecal-AF,3.0,951572,H111-e003Coalescence-mGAM-p3_S192,101060
33,A11-e003Coalescence-mGAM-p3,2.0,1834942,H111-e003Coalescence-mGAM-p3_S192,101060
34,H111-e003Coalescence-mGAM-p7_S188,0.0,1842542,H111-e003Coalescence-mGAM-p3_S192,101060
35,H111-e003Coalescence-mBHI-p3_S144,0.0,1829245,H111-e003Coalescence-mGAM-p3_S192,101060
36,H111-e003Coalescence-mGAM-p5_S92,0.0,1837727,H111-e003Coalescence-mGAM-p3_S192,101060
37,H8-e003Coalescence-mGAM-p5_S89,0.0,1819422,H111-e003Coalescence-mGAM-p3_S192,101060
38,H111-e003Coalescence-mBHI-p5_S44,0.0,1810076,H111-e003Coalescence-mGAM-p3_S192,101060
39,E111-e003Coalescence-mGAM-p5_S56,0.0,1809572,H111-e003Coalescence-mGAM-p3_S192,101060
40,H111-e003Coalescence-mGAM-p3_S192,0.0,1843030,H111-e003Coalescence-mGAM-p3_S192,101060
41,H8-e003Coalescence-mGAM-p7_S185,1.0,1843221,H111-e003Coalescence-mGAM-p3_S192,101060
0,D11-e003Coalescence-mBHI-p5,5.0,1816078,H8-e003Coalescence-mGAM-p7_S185,101060
1,e004-inoculumn-fecal-BD,5691.0,1831622,H8-e003Coalescence-mGAM-p7_S185,101060
2,D11-e003Coalescence-mGAM-p5,5.0,1831197,H8-e003Coalescence-mGAM-p7_S185,101060
3,A11-e003Coalescence-mGAM-p7,2.0,1531225,H8-e003Coalescence-mGAM-p7_S185,101060
4,E5-e004Assembly-mGAM-p5,6341.0,1838663,H8-e003Coalescence-mGAM-p7_S185,101060
5,D8-e003Coalescence-mGAM-p5,5.0,1828960,H8-e003Coalescence-mGAM-p7_S185,101060
6,A12-e003Coalescence-mGAM-p3,3.0,1624098,H8-e003Coalescence-mGAM-p7_S185,101060
7,B5-e003Coalescence-Inoculumn-mGAM,5.0,1783474,H8-e003Coalescence-mGAM-p7_S185,101060
8,B11-e003Assembly-mGAM-p5,4.0,1686869,H8-e003Coalescence-mGAM-p7_S185,101060
9,E5-e004Assembly-mGAM-p7,6283.0,1826773,H8-e003Coalescence-mGAM-p7_S185,101060
10,D5-e003Coalescence-Inoculumn-mGAM,1.0,1825335,H8-e003Coalescence-mGAM-p7_S185,101060
11,BF-Fecal,4456.0,1874109,H8-e003Coalescence-mGAM-p7_S185,101060
12,D11-e003Assembly-mGAM-p3,0.0,595358,H8-e003Coalescence-mGAM-p7_S185,101060
13,G4-e004Assembly-epsilon-p3,4272.0,1422551,H8-e003Coalescence-mGAM-p7_S185,101060
14,D5-e004Assembly-mGAM-p7,6285.0,1812181,H8-e003Coalescence-mGAM-p7_S185,101060
15,B11-e003Assembly-mGAM-p3,0.0,940326,H8-e003Coalescence-mGAM-p7_S185,101060
16,D5-e004Assembly-mGAM-p3,6299.0,1831264,H8-e003Coalescence-mGAM-p7_S185,101060
17,D11-e003Coalescence-mGAM-p7,2.0,1847216,H8-e003Coalescence-mGAM-p7_S185,101060
18,E5-e004Assembly-mGAM-p3,3906.0,1139136,H8-e003Coalescence-mGAM-p7_S185,101060
19,F4-e004Assembly-epsilon-p7,2053.0,664391,H8-e003Coalescence-mGAM-p7_S185,101060
20,D11-e003Assembly-mGAM-p5,0.0,601630,H8-e003Coalescence-mGAM-p7_S185,101060
21,B11-e003GlycerolRevival-mGAM-p2,1.0,1702101,H8-e003Coalescence-mGAM-p7_S185,101060
22,C11-e003Assembly-mGAM-p3,2.0,1348064,H8-e003Coalescence-mGAM-p7_S185,101060
23,C11-e003Assembly-mGAM-p5,0.0,831093,H8-e003Coalescence-mGAM-p7_S185,101060
24,C11-e003GlycerolRevival-mGAM-p2,1.0,1092630,H8-e003Coalescence-mGAM-p7_S185,101060
25,A5-e003Coalescence-Inoculumn-mGAM,5.0,1802594,H8-e003Coalescence-mGAM-p7_S185,101060
26,D4-e003Coalescence-Inoculumn-mGAM,0.0,662513,H8-e003Coalescence-mGAM-p7_S185,101060
27,D2-e003Coalescence-Inoculumn-mGAM,5.0,1800962,H8-e003Coalescence-mGAM-p7_S185,101060
28,D3-e003Coalescence-Inoculumn-mGAM,3.0,1810330,H8-e003Coalescence-mGAM-p7_S185,101060
29,C5-e003Coalescence-Inoculumn-mGAM,2.0,1837613,H8-e003Coalescence-mGAM-p7_S185,101060
30,BC-Fecal,3913.0,1817040,H8-e003Coalescence-mGAM-p7_S185,101060
31,e004-inoculumn-fecal-BE,6368.0,1844879,H8-e003Coalescence-mGAM-p7_S185,101060
32,e003-inoculumn-fecal-AF,3.0,951572,H8-e003Coalescence-mGAM-p7_S185,101060
33,A11-e003Coalescence-mGAM-p3,5.0,1834942,H8-e003Coalescence-mGAM-p7_S185,101060
34,H111-e003Coalescence-mGAM-p7_S188,1.0,1842542,H8-e003Coalescence-mGAM-p7_S185,101060
35,H111-e003Coalescence-mBHI-p3_S144,1.0,1829245,H8-e003Coalescence-mGAM-p7_S185,101060
36,H111-e003Coalescence-mGAM-p5_S92,1.0,1837727,H8-e003Coalescence-mGAM-p7_S185,101060
37,H8-e003Coalescence-mGAM-p5_S89,1.0,1819422,H8-e003Coalescence-mGAM-p7_S185,101060
38,H111-e003Coalescence-mBHI-p5_S44,0.0,1810076,H8-e003Coalescence-mGAM-p7_S185,101060
39,E111-e003Coalescence-mGAM-p5_S56,1.0,1809572,H8-e003Coalescence-mGAM-p7_S185,101060
40,H111-e003Coalescence-mGAM-p3_S192,1.0,1843030,H8-e003Coalescence-mGAM-p7_S185,101060
41,H8-e003Coalescence-mGAM-p7_S185,0.0,1843221,H8-e003Coalescence-mGAM-p7_S185,101060
