,index,fixed_diffs,comparisons,sample1,species_id
0,A_C5_C8_AA_AE_mGAM_mBHI_2_S29,0,1240202,A_C5_C8_AA_AE_mGAM_mBHI_2_S29,103876
1,A_C8_C11_AF_AE_mGAM_mBHI_2_S32,16,2148058,A_C5_C8_AA_AE_mGAM_mBHI_2_S29,103876
2,A_C11_C4_AE_AE_mBHI_mBHI_4_S35,21,2544423,A_C5_C8_AA_AE_mGAM_mBHI_2_S29,103876
3,A_C12_C5_AF_AE_mBHI_mBHI_4_S36,41,1318209,A_C5_C8_AA_AE_mGAM_mBHI_2_S29,103876
4,B_A7_E10_AE_AA_mGAM_mBHI_2_S103,50,1585269,A_C5_C8_AA_AE_mGAM_mBHI_2_S29,103876
5,B_C7_G10_AE_AE_mGAM_mBHI_2_S127,20,2297583,A_C5_C8_AA_AE_mGAM_mBHI_2_S29,103876
6,B_C11_C10_AE_AE_mGAM_mBHI_4_S131,14,2142327,A_C5_C8_AA_AE_mGAM_mBHI_2_S29,103876
7,B_G7_G10_AE_AE_mGAM_mGAM_2_S175,18,2129061,A_C5_C8_AA_AE_mGAM_mBHI_2_S29,103876
8,B_G11_C10_AE_AE_mGAM_mGAM_4_S179,11,1605800,A_C5_C8_AA_AE_mGAM_mBHI_2_S29,103876
9,C_C3_C4_AE_AE_mBHI_mBHI_6_S219,19,2333234,A_C5_C8_AA_AE_mGAM_mBHI_2_S29,103876
10,C_C5_C8_AA_AE_mGAM_mBHI_6_S221,3316,983611,A_C5_C8_AA_AE_mGAM_mBHI_2_S29,103876
11,C_C7_C10_AE_AE_mGAM_mBHI_6_S223,21,2496763,A_C5_C8_AA_AE_mGAM_mBHI_2_S29,103876
12,C_C8_C11_AF_AE_mGAM_mBHI_6_S224,93,2423530,A_C5_C8_AA_AE_mGAM_mBHI_2_S29,103876
13,C_C11_G4_AE_AE_mBHI_mBHI_4_S227,18,2284384,A_C5_C8_AA_AE_mGAM_mBHI_2_S29,103876
14,C_H12_H5_AF_AF_mBHI_mGAM_4_S288,63,2152529,A_C5_C8_AA_AE_mGAM_mBHI_2_S29,103876
15,D_A6_A9_ACPP_AA_mGAM_mBHI_6_S294,21,1982379,A_C5_C8_AA_AE_mGAM_mBHI_2_S29,103876
16,D_A7_A10_AE_AA_mGAM_mBHI_6_S295,3136,1410130,A_C5_C8_AA_AE_mGAM_mBHI_2_S29,103876
17,D_C3_C4_AE_AE_mBHI_mBHI_6_S315,23,1938021,A_C5_C8_AA_AE_mGAM_mBHI_2_S29,103876
18,D_C6_C9_ACPP_AE_mGAM_mBHI_6_S318,21,2546864,A_C5_C8_AA_AE_mGAM_mBHI_2_S29,103876
19,D_C7_C10_AE_AE_mGAM_mBHI_6_S319,21,2486700,A_C5_C8_AA_AE_mGAM_mBHI_2_S29,103876
20,D_C8_C11_AF_AE_mGAM_mBHI_6_S320,75,2295176,A_C5_C8_AA_AE_mGAM_mBHI_2_S29,103876
21,D_C11_G10_AE_AE_mGAM_mBHI_4_S323,21,2482678,A_C5_C8_AA_AE_mGAM_mBHI_2_S29,103876
22,D_G3_C4_AE_AE_mBHI_mGAM_6_S363,11,1654388,A_C5_C8_AA_AE_mGAM_mBHI_2_S29,103876
23,D_G6_C9_ACPP_AE_mGAM_mGAM_6_S366,24,2300167,A_C5_C8_AA_AE_mGAM_mBHI_2_S29,103876
24,C10-e003Coalescence-mBHI-p7,23,2135952,A_C5_C8_AA_AE_mGAM_mBHI_2_S29,103876
25,C11-e003Coalescence-mBHI-p5,74,2002690,A_C5_C8_AA_AE_mGAM_mBHI_2_S29,103876
26,C10-e003Coalescence-mBHI-p5,21,2385009,A_C5_C8_AA_AE_mGAM_mBHI_2_S29,103876
27,C8-e003Coalescence-mBHI-p5,1583,1198645,A_C5_C8_AA_AE_mGAM_mBHI_2_S29,103876
28,C4-e003Coalescence-mBHI-p5,21,2502890,A_C5_C8_AA_AE_mGAM_mBHI_2_S29,103876
29,C10-e003Coalescence-mGAM-p7,22,2061650,A_C5_C8_AA_AE_mGAM_mBHI_2_S29,103876
30,C10-e003Coalescence-mBHI-p3,20,2460943,A_C5_C8_AA_AE_mGAM_mBHI_2_S29,103876
31,G4-e003Coalescence-mBHI-p5_S27,19,1919003,A_C5_C8_AA_AE_mGAM_mBHI_2_S29,103876
32,G111-e003Coalescence-mBHI-p5_S32,44,1391982,A_C5_C8_AA_AE_mGAM_mBHI_2_S29,103876
33,G100-e003Coalescence-mBHI-p5_S31,19,2324546,A_C5_C8_AA_AE_mGAM_mBHI_2_S29,103876
34,G4-e003Coalescence-mBHI-p3_S35,15,2069895,A_C5_C8_AA_AE_mGAM_mBHI_2_S29,103876
35,G4-e003Coalescence-mGAM-p5_S75,11,1366979,A_C5_C8_AA_AE_mGAM_mBHI_2_S29,103876
36,G4-e003Coalescence-mGAM-p3_S83,14,1423657,A_C5_C8_AA_AE_mGAM_mBHI_2_S29,103876
37,G4-e003Coalescence-mBHI-p7_S123,19,1756502,A_C5_C8_AA_AE_mGAM_mBHI_2_S29,103876
38,G100-e003Coalescence-mBHI-p7_S127,15,1668930,A_C5_C8_AA_AE_mGAM_mBHI_2_S29,103876
39,C5-e003Coalescence-mBHI-inoculumn-redo,14,1580573,A_C5_C8_AA_AE_mGAM_mBHI_2_S29,103876
40,D4-e003Coalescence-Inoculumn-mBHI,15,1905366,A_C5_C8_AA_AE_mGAM_mBHI_2_S29,103876
41,C3-e003Coalescence-mBHI-inoculumn-redo,12,1386131,A_C5_C8_AA_AE_mGAM_mBHI_2_S29,103876
42,B4-e003Coalescence-Inoculumn-mBHI,17,1569971,A_C5_C8_AA_AE_mGAM_mBHI_2_S29,103876
43,C5-e003Coalescence-Inoculumn-mGAM,17,1196374,A_C5_C8_AA_AE_mGAM_mBHI_2_S29,103876
44,A4-e003Coalescence-Inoculumn-mGAM,103,1498117,A_C5_C8_AA_AE_mGAM_mBHI_2_S29,103876
45,G10-e003Coalescence-mBHI-p1_S830,17,2428880,A_C5_C8_AA_AE_mGAM_mBHI_2_S29,103876
46,Coalescence-F2-E10-AA-AE-mGAM-mBHI-3_S681,34,1470280,A_C5_C8_AA_AE_mGAM_mBHI_2_S29,103876
47,Coalescence-E5-C4-AE-AE-mBHI-mBHI-3_S672,21,2530214,A_C5_C8_AA_AE_mGAM_mBHI_2_S29,103876
48,Coalescence-A12-D11-AF-AF-mGAM-mBHI-7_S631,54,1874895,A_C5_C8_AA_AE_mGAM_mBHI_2_S29,103876
49,Coalescence-E8-D11-AF-AF-mGAM-mBHI-3_S675,63,1958325,A_C5_C8_AA_AE_mGAM_mBHI_2_S29,103876
50,Coalescence-A10-C11-AE-AF-mGAM-mBHI-7_S629,101,2451568,A_C5_C8_AA_AE_mGAM_mBHI_2_S29,103876
51,Assembly-G5-C10-AE-mGAM-5_S696,20,2151131,A_C5_C8_AA_AE_mGAM_mBHI_2_S29,103876
52,D_F11_e003Assembly_S359,18,1852547,A_C5_C8_AA_AE_mGAM_mBHI_2_S29,103876
53,C_C2_e003Assembly_S218,24,2486586,A_C5_C8_AA_AE_mGAM_mBHI_2_S29,103876
0,A_C5_C8_AA_AE_mGAM_mBHI_2_S29,16,1240202,A_C8_C11_AF_AE_mGAM_mBHI_2_S32,103876
1,A_C8_C11_AF_AE_mGAM_mBHI_2_S32,0,2148058,A_C8_C11_AF_AE_mGAM_mBHI_2_S32,103876
2,A_C11_C4_AE_AE_mBHI_mBHI_4_S35,1,2544423,A_C8_C11_AF_AE_mGAM_mBHI_2_S32,103876
3,A_C12_C5_AF_AE_mBHI_mBHI_4_S36,45,1318209,A_C8_C11_AF_AE_mGAM_mBHI_2_S32,103876
4,B_A7_E10_AE_AA_mGAM_mBHI_2_S103,88,1585269,A_C8_C11_AF_AE_mGAM_mBHI_2_S32,103876
5,B_C7_G10_AE_AE_mGAM_mBHI_2_S127,1,2297583,A_C8_C11_AF_AE_mGAM_mBHI_2_S32,103876
6,B_C11_C10_AE_AE_mGAM_mBHI_4_S131,2,2142327,A_C8_C11_AF_AE_mGAM_mBHI_2_S32,103876
7,B_G7_G10_AE_AE_mGAM_mGAM_2_S175,1,2129061,A_C8_C11_AF_AE_mGAM_mBHI_2_S32,103876
8,B_G11_C10_AE_AE_mGAM_mGAM_4_S179,2,1605800,A_C8_C11_AF_AE_mGAM_mBHI_2_S32,103876
9,C_C3_C4_AE_AE_mBHI_mBHI_6_S219,4,2333234,A_C8_C11_AF_AE_mGAM_mBHI_2_S32,103876
10,C_C5_C8_AA_AE_mGAM_mBHI_6_S221,7446,983611,A_C8_C11_AF_AE_mGAM_mBHI_2_S32,103876
11,C_C7_C10_AE_AE_mGAM_mBHI_6_S223,1,2496763,A_C8_C11_AF_AE_mGAM_mBHI_2_S32,103876
12,C_C8_C11_AF_AE_mGAM_mBHI_6_S224,121,2423530,A_C8_C11_AF_AE_mGAM_mBHI_2_S32,103876
13,C_C11_G4_AE_AE_mBHI_mBHI_4_S227,2,2284384,A_C8_C11_AF_AE_mGAM_mBHI_2_S32,103876
14,C_H12_H5_AF_AF_mBHI_mGAM_4_S288,74,2152529,A_C8_C11_AF_AE_mGAM_mBHI_2_S32,103876
15,D_A6_A9_ACPP_AA_mGAM_mBHI_6_S294,17,1982379,A_C8_C11_AF_AE_mGAM_mBHI_2_S32,103876
16,D_A7_A10_AE_AA_mGAM_mBHI_6_S295,6802,1410130,A_C8_C11_AF_AE_mGAM_mBHI_2_S32,103876
17,D_C3_C4_AE_AE_mBHI_mBHI_6_S315,3,1938021,A_C8_C11_AF_AE_mGAM_mBHI_2_S32,103876
18,D_C6_C9_ACPP_AE_mGAM_mBHI_6_S318,1,2546864,A_C8_C11_AF_AE_mGAM_mBHI_2_S32,103876
19,D_C7_C10_AE_AE_mGAM_mBHI_6_S319,1,2486700,A_C8_C11_AF_AE_mGAM_mBHI_2_S32,103876
20,D_C8_C11_AF_AE_mGAM_mBHI_6_S320,89,2295176,A_C8_C11_AF_AE_mGAM_mBHI_2_S32,103876
21,D_C11_G10_AE_AE_mGAM_mBHI_4_S323,1,2482678,A_C8_C11_AF_AE_mGAM_mBHI_2_S32,103876
22,D_G3_C4_AE_AE_mBHI_mGAM_6_S363,1,1654388,A_C8_C11_AF_AE_mGAM_mBHI_2_S32,103876
23,D_G6_C9_ACPP_AE_mGAM_mGAM_6_S366,1,2300167,A_C8_C11_AF_AE_mGAM_mBHI_2_S32,103876
24,C10-e003Coalescence-mBHI-p7,3,2135952,A_C8_C11_AF_AE_mGAM_mBHI_2_S32,103876
25,C11-e003Coalescence-mBHI-p5,91,2002690,A_C8_C11_AF_AE_mGAM_mBHI_2_S32,103876
26,C10-e003Coalescence-mBHI-p5,1,2385009,A_C8_C11_AF_AE_mGAM_mBHI_2_S32,103876
27,C8-e003Coalescence-mBHI-p5,3548,1198645,A_C8_C11_AF_AE_mGAM_mBHI_2_S32,103876
28,C4-e003Coalescence-mBHI-p5,1,2502890,A_C8_C11_AF_AE_mGAM_mBHI_2_S32,103876
29,C10-e003Coalescence-mGAM-p7,2,2061650,A_C8_C11_AF_AE_mGAM_mBHI_2_S32,103876
30,C10-e003Coalescence-mBHI-p3,3,2460943,A_C8_C11_AF_AE_mGAM_mBHI_2_S32,103876
31,G4-e003Coalescence-mBHI-p5_S27,1,1919003,A_C8_C11_AF_AE_mGAM_mBHI_2_S32,103876
32,G111-e003Coalescence-mBHI-p5_S32,52,1391982,A_C8_C11_AF_AE_mGAM_mBHI_2_S32,103876
33,G100-e003Coalescence-mBHI-p5_S31,1,2324546,A_C8_C11_AF_AE_mGAM_mBHI_2_S32,103876
34,G4-e003Coalescence-mBHI-p3_S35,2,2069895,A_C8_C11_AF_AE_mGAM_mBHI_2_S32,103876
35,G4-e003Coalescence-mGAM-p5_S75,2,1366979,A_C8_C11_AF_AE_mGAM_mBHI_2_S32,103876
36,G4-e003Coalescence-mGAM-p3_S83,2,1423657,A_C8_C11_AF_AE_mGAM_mBHI_2_S32,103876
37,G4-e003Coalescence-mBHI-p7_S123,0,1756502,A_C8_C11_AF_AE_mGAM_mBHI_2_S32,103876
38,G100-e003Coalescence-mBHI-p7_S127,2,1668930,A_C8_C11_AF_AE_mGAM_mBHI_2_S32,103876
39,C5-e003Coalescence-mBHI-inoculumn-redo,3,1580573,A_C8_C11_AF_AE_mGAM_mBHI_2_S32,103876
40,D4-e003Coalescence-Inoculumn-mBHI,1,1905366,A_C8_C11_AF_AE_mGAM_mBHI_2_S32,103876
41,C3-e003Coalescence-mBHI-inoculumn-redo,2,1386131,A_C8_C11_AF_AE_mGAM_mBHI_2_S32,103876
42,B4-e003Coalescence-Inoculumn-mBHI,6,1569971,A_C8_C11_AF_AE_mGAM_mBHI_2_S32,103876
43,C5-e003Coalescence-Inoculumn-mGAM,0,1196374,A_C8_C11_AF_AE_mGAM_mBHI_2_S32,103876
44,A4-e003Coalescence-Inoculumn-mGAM,231,1498117,A_C8_C11_AF_AE_mGAM_mBHI_2_S32,103876
45,G10-e003Coalescence-mBHI-p1_S830,1,2428880,A_C8_C11_AF_AE_mGAM_mBHI_2_S32,103876
46,Coalescence-F2-E10-AA-AE-mGAM-mBHI-3_S681,99,1470280,A_C8_C11_AF_AE_mGAM_mBHI_2_S32,103876
47,Coalescence-E5-C4-AE-AE-mBHI-mBHI-3_S672,1,2530214,A_C8_C11_AF_AE_mGAM_mBHI_2_S32,103876
48,Coalescence-A12-D11-AF-AF-mGAM-mBHI-7_S631,82,1874895,A_C8_C11_AF_AE_mGAM_mBHI_2_S32,103876
49,Coalescence-E8-D11-AF-AF-mGAM-mBHI-3_S675,83,1958325,A_C8_C11_AF_AE_mGAM_mBHI_2_S32,103876
50,Coalescence-A10-C11-AE-AF-mGAM-mBHI-7_S629,124,2451568,A_C8_C11_AF_AE_mGAM_mBHI_2_S32,103876
51,Assembly-G5-C10-AE-mGAM-5_S696,1,2151131,A_C8_C11_AF_AE_mGAM_mBHI_2_S32,103876
52,D_F11_e003Assembly_S359,3,1852547,A_C8_C11_AF_AE_mGAM_mBHI_2_S32,103876
53,C_C2_e003Assembly_S218,3,2486586,A_C8_C11_AF_AE_mGAM_mBHI_2_S32,103876
0,A_C5_C8_AA_AE_mGAM_mBHI_2_S29,21,1240202,A_C11_C4_AE_AE_mBHI_mBHI_4_S35,103876
1,A_C8_C11_AF_AE_mGAM_mBHI_2_S32,1,2148058,A_C11_C4_AE_AE_mBHI_mBHI_4_S35,103876
2,A_C11_C4_AE_AE_mBHI_mBHI_4_S35,0,2544423,A_C11_C4_AE_AE_mBHI_mBHI_4_S35,103876
3,A_C12_C5_AF_AE_mBHI_mBHI_4_S36,68,1318209,A_C11_C4_AE_AE_mBHI_mBHI_4_S35,103876
4,B_A7_E10_AE_AA_mGAM_mBHI_2_S103,104,1585269,A_C11_C4_AE_AE_mBHI_mBHI_4_S35,103876
5,B_C7_G10_AE_AE_mGAM_mBHI_2_S127,0,2297583,A_C11_C4_AE_AE_mBHI_mBHI_4_S35,103876
6,B_C11_C10_AE_AE_mGAM_mBHI_4_S131,0,2142327,A_C11_C4_AE_AE_mBHI_mBHI_4_S35,103876
7,B_G7_G10_AE_AE_mGAM_mGAM_2_S175,0,2129061,A_C11_C4_AE_AE_mBHI_mBHI_4_S35,103876
8,B_G11_C10_AE_AE_mGAM_mGAM_4_S179,0,1605800,A_C11_C4_AE_AE_mBHI_mBHI_4_S35,103876
9,C_C3_C4_AE_AE_mBHI_mBHI_6_S219,0,2333234,A_C11_C4_AE_AE_mBHI_mBHI_4_S35,103876
10,C_C5_C8_AA_AE_mGAM_mBHI_6_S221,8677,983611,A_C11_C4_AE_AE_mBHI_mBHI_4_S35,103876
11,C_C7_C10_AE_AE_mGAM_mBHI_6_S223,0,2496763,A_C11_C4_AE_AE_mBHI_mBHI_4_S35,103876
12,C_C8_C11_AF_AE_mGAM_mBHI_6_S224,180,2423530,A_C11_C4_AE_AE_mBHI_mBHI_4_S35,103876
13,C_C11_G4_AE_AE_mBHI_mBHI_4_S227,0,2284384,A_C11_C4_AE_AE_mBHI_mBHI_4_S35,103876
14,C_H12_H5_AF_AF_mBHI_mGAM_4_S288,112,2152529,A_C11_C4_AE_AE_mBHI_mBHI_4_S35,103876
15,D_A6_A9_ACPP_AA_mGAM_mBHI_6_S294,27,1982379,A_C11_C4_AE_AE_mBHI_mBHI_4_S35,103876
16,D_A7_A10_AE_AA_mGAM_mBHI_6_S295,7950,1410130,A_C11_C4_AE_AE_mBHI_mBHI_4_S35,103876
17,D_C3_C4_AE_AE_mBHI_mBHI_6_S315,0,1938021,A_C11_C4_AE_AE_mBHI_mBHI_4_S35,103876
18,D_C6_C9_ACPP_AE_mGAM_mBHI_6_S318,0,2546864,A_C11_C4_AE_AE_mBHI_mBHI_4_S35,103876
19,D_C7_C10_AE_AE_mGAM_mBHI_6_S319,0,2486700,A_C11_C4_AE_AE_mBHI_mBHI_4_S35,103876
20,D_C8_C11_AF_AE_mGAM_mBHI_6_S320,137,2295176,A_C11_C4_AE_AE_mBHI_mBHI_4_S35,103876
21,D_C11_G10_AE_AE_mGAM_mBHI_4_S323,0,2482678,A_C11_C4_AE_AE_mBHI_mBHI_4_S35,103876
22,D_G3_C4_AE_AE_mBHI_mGAM_6_S363,0,1654388,A_C11_C4_AE_AE_mBHI_mBHI_4_S35,103876
23,D_G6_C9_ACPP_AE_mGAM_mGAM_6_S366,0,2300167,A_C11_C4_AE_AE_mBHI_mBHI_4_S35,103876
24,C10-e003Coalescence-mBHI-p7,2,2135952,A_C11_C4_AE_AE_mBHI_mBHI_4_S35,103876
25,C11-e003Coalescence-mBHI-p5,139,2002690,A_C11_C4_AE_AE_mBHI_mBHI_4_S35,103876
26,C10-e003Coalescence-mBHI-p5,3,2385009,A_C11_C4_AE_AE_mBHI_mBHI_4_S35,103876
27,C8-e003Coalescence-mBHI-p5,4169,1198645,A_C11_C4_AE_AE_mBHI_mBHI_4_S35,103876
28,C4-e003Coalescence-mBHI-p5,0,2502890,A_C11_C4_AE_AE_mBHI_mBHI_4_S35,103876
29,C10-e003Coalescence-mGAM-p7,2,2061650,A_C11_C4_AE_AE_mBHI_mBHI_4_S35,103876
30,C10-e003Coalescence-mBHI-p3,4,2460943,A_C11_C4_AE_AE_mBHI_mBHI_4_S35,103876
31,G4-e003Coalescence-mBHI-p5_S27,0,1919003,A_C11_C4_AE_AE_mBHI_mBHI_4_S35,103876
32,G111-e003Coalescence-mBHI-p5_S32,83,1391982,A_C11_C4_AE_AE_mBHI_mBHI_4_S35,103876
33,G100-e003Coalescence-mBHI-p5_S31,0,2324546,A_C11_C4_AE_AE_mBHI_mBHI_4_S35,103876
34,G4-e003Coalescence-mBHI-p3_S35,0,2069895,A_C11_C4_AE_AE_mBHI_mBHI_4_S35,103876
35,G4-e003Coalescence-mGAM-p5_S75,0,1366979,A_C11_C4_AE_AE_mBHI_mBHI_4_S35,103876
36,G4-e003Coalescence-mGAM-p3_S83,1,1423657,A_C11_C4_AE_AE_mBHI_mBHI_4_S35,103876
37,G4-e003Coalescence-mBHI-p7_S123,0,1756502,A_C11_C4_AE_AE_mBHI_mBHI_4_S35,103876
38,G100-e003Coalescence-mBHI-p7_S127,2,1668930,A_C11_C4_AE_AE_mBHI_mBHI_4_S35,103876
39,C5-e003Coalescence-mBHI-inoculumn-redo,1,1580573,A_C11_C4_AE_AE_mBHI_mBHI_4_S35,103876
40,D4-e003Coalescence-Inoculumn-mBHI,0,1905366,A_C11_C4_AE_AE_mBHI_mBHI_4_S35,103876
41,C3-e003Coalescence-mBHI-inoculumn-redo,1,1386131,A_C11_C4_AE_AE_mBHI_mBHI_4_S35,103876
42,B4-e003Coalescence-Inoculumn-mBHI,1,1569971,A_C11_C4_AE_AE_mBHI_mBHI_4_S35,103876
43,C5-e003Coalescence-Inoculumn-mGAM,0,1196374,A_C11_C4_AE_AE_mBHI_mBHI_4_S35,103876
44,A4-e003Coalescence-Inoculumn-mGAM,272,1498117,A_C11_C4_AE_AE_mBHI_mBHI_4_S35,103876
45,G10-e003Coalescence-mBHI-p1_S830,0,2428880,A_C11_C4_AE_AE_mBHI_mBHI_4_S35,103876
46,Coalescence-F2-E10-AA-AE-mGAM-mBHI-3_S681,102,1470280,A_C11_C4_AE_AE_mBHI_mBHI_4_S35,103876
47,Coalescence-E5-C4-AE-AE-mBHI-mBHI-3_S672,0,2530214,A_C11_C4_AE_AE_mBHI_mBHI_4_S35,103876
48,Coalescence-A12-D11-AF-AF-mGAM-mBHI-7_S631,113,1874895,A_C11_C4_AE_AE_mBHI_mBHI_4_S35,103876
49,Coalescence-E8-D11-AF-AF-mGAM-mBHI-3_S675,125,1958325,A_C11_C4_AE_AE_mBHI_mBHI_4_S35,103876
50,Coalescence-A10-C11-AE-AF-mGAM-mBHI-7_S629,191,2451568,A_C11_C4_AE_AE_mBHI_mBHI_4_S35,103876
51,Assembly-G5-C10-AE-mGAM-5_S696,0,2151131,A_C11_C4_AE_AE_mBHI_mBHI_4_S35,103876
52,D_F11_e003Assembly_S359,0,1852547,A_C11_C4_AE_AE_mBHI_mBHI_4_S35,103876
53,C_C2_e003Assembly_S218,1,2486586,A_C11_C4_AE_AE_mBHI_mBHI_4_S35,103876
0,A_C5_C8_AA_AE_mGAM_mBHI_2_S29,41,1240202,A_C12_C5_AF_AE_mBHI_mBHI_4_S36,103876
1,A_C8_C11_AF_AE_mGAM_mBHI_2_S32,45,2148058,A_C12_C5_AF_AE_mBHI_mBHI_4_S36,103876
2,A_C11_C4_AE_AE_mBHI_mBHI_4_S35,68,2544423,A_C12_C5_AF_AE_mBHI_mBHI_4_S36,103876
3,A_C12_C5_AF_AE_mBHI_mBHI_4_S36,0,1318209,A_C12_C5_AF_AE_mBHI_mBHI_4_S36,103876
4,B_A7_E10_AE_AA_mGAM_mBHI_2_S103,79,1585269,A_C12_C5_AF_AE_mBHI_mBHI_4_S36,103876
5,B_C7_G10_AE_AE_mGAM_mBHI_2_S127,69,2297583,A_C12_C5_AF_AE_mBHI_mBHI_4_S36,103876
6,B_C11_C10_AE_AE_mGAM_mBHI_4_S131,59,2142327,A_C12_C5_AF_AE_mBHI_mBHI_4_S36,103876
7,B_G7_G10_AE_AE_mGAM_mGAM_2_S175,61,2129061,A_C12_C5_AF_AE_mBHI_mBHI_4_S36,103876
8,B_G11_C10_AE_AE_mGAM_mGAM_4_S179,46,1605800,A_C12_C5_AF_AE_mBHI_mBHI_4_S36,103876
9,C_C3_C4_AE_AE_mBHI_mBHI_6_S219,63,2333234,A_C12_C5_AF_AE_mBHI_mBHI_4_S36,103876
10,C_C5_C8_AA_AE_mGAM_mBHI_6_S221,4580,983611,A_C12_C5_AF_AE_mBHI_mBHI_4_S36,103876
11,C_C7_C10_AE_AE_mGAM_mBHI_6_S223,69,2496763,A_C12_C5_AF_AE_mBHI_mBHI_4_S36,103876
12,C_C8_C11_AF_AE_mGAM_mBHI_6_S224,1,2423530,A_C12_C5_AF_AE_mBHI_mBHI_4_S36,103876
13,C_C11_G4_AE_AE_mBHI_mBHI_4_S227,63,2284384,A_C12_C5_AF_AE_mBHI_mBHI_4_S36,103876
14,C_H12_H5_AF_AF_mBHI_mGAM_4_S288,2,2152529,A_C12_C5_AF_AE_mBHI_mBHI_4_S36,103876
15,D_A6_A9_ACPP_AA_mGAM_mBHI_6_S294,64,1982379,A_C12_C5_AF_AE_mBHI_mBHI_4_S36,103876
16,D_A7_A10_AE_AA_mGAM_mBHI_6_S295,4321,1410130,A_C12_C5_AF_AE_mBHI_mBHI_4_S36,103876
17,D_C3_C4_AE_AE_mBHI_mBHI_6_S315,52,1938021,A_C12_C5_AF_AE_mBHI_mBHI_4_S36,103876
18,D_C6_C9_ACPP_AE_mGAM_mBHI_6_S318,73,2546864,A_C12_C5_AF_AE_mBHI_mBHI_4_S36,103876
19,D_C7_C10_AE_AE_mGAM_mBHI_6_S319,69,2486700,A_C12_C5_AF_AE_mBHI_mBHI_4_S36,103876
20,D_C8_C11_AF_AE_mGAM_mBHI_6_S320,2,2295176,A_C12_C5_AF_AE_mBHI_mBHI_4_S36,103876
21,D_C11_G10_AE_AE_mGAM_mBHI_4_S323,69,2482678,A_C12_C5_AF_AE_mBHI_mBHI_4_S36,103876
22,D_G3_C4_AE_AE_mBHI_mGAM_6_S363,52,1654388,A_C12_C5_AF_AE_mBHI_mBHI_4_S36,103876
23,D_G6_C9_ACPP_AE_mGAM_mGAM_6_S366,67,2300167,A_C12_C5_AF_AE_mBHI_mBHI_4_S36,103876
24,C10-e003Coalescence-mBHI-p7,65,2135952,A_C12_C5_AF_AE_mBHI_mBHI_4_S36,103876
25,C11-e003Coalescence-mBHI-p5,2,2002690,A_C12_C5_AF_AE_mBHI_mBHI_4_S36,103876
26,C10-e003Coalescence-mBHI-p5,68,2385009,A_C12_C5_AF_AE_mBHI_mBHI_4_S36,103876
27,C8-e003Coalescence-mBHI-p5,2171,1198645,A_C12_C5_AF_AE_mBHI_mBHI_4_S36,103876
28,C4-e003Coalescence-mBHI-p5,63,2502890,A_C12_C5_AF_AE_mBHI_mBHI_4_S36,103876
29,C10-e003Coalescence-mGAM-p7,62,2061650,A_C12_C5_AF_AE_mBHI_mBHI_4_S36,103876
30,C10-e003Coalescence-mBHI-p3,76,2460943,A_C12_C5_AF_AE_mBHI_mBHI_4_S36,103876
31,G4-e003Coalescence-mBHI-p5_S27,46,1919003,A_C12_C5_AF_AE_mBHI_mBHI_4_S36,103876
32,G111-e003Coalescence-mBHI-p5_S32,2,1391982,A_C12_C5_AF_AE_mBHI_mBHI_4_S36,103876
33,G100-e003Coalescence-mBHI-p5_S31,66,2324546,A_C12_C5_AF_AE_mBHI_mBHI_4_S36,103876
34,G4-e003Coalescence-mBHI-p3_S35,61,2069895,A_C12_C5_AF_AE_mBHI_mBHI_4_S36,103876
35,G4-e003Coalescence-mGAM-p5_S75,36,1366979,A_C12_C5_AF_AE_mBHI_mBHI_4_S36,103876
36,G4-e003Coalescence-mGAM-p3_S83,34,1423657,A_C12_C5_AF_AE_mBHI_mBHI_4_S36,103876
37,G4-e003Coalescence-mBHI-p7_S123,50,1756502,A_C12_C5_AF_AE_mBHI_mBHI_4_S36,103876
38,G100-e003Coalescence-mBHI-p7_S127,51,1668930,A_C12_C5_AF_AE_mBHI_mBHI_4_S36,103876
39,C5-e003Coalescence-mBHI-inoculumn-redo,32,1580573,A_C12_C5_AF_AE_mBHI_mBHI_4_S36,103876
40,D4-e003Coalescence-Inoculumn-mBHI,42,1905366,A_C12_C5_AF_AE_mBHI_mBHI_4_S36,103876
41,C3-e003Coalescence-mBHI-inoculumn-redo,36,1386131,A_C12_C5_AF_AE_mBHI_mBHI_4_S36,103876
42,B4-e003Coalescence-Inoculumn-mBHI,40,1569971,A_C12_C5_AF_AE_mBHI_mBHI_4_S36,103876
43,C5-e003Coalescence-Inoculumn-mGAM,29,1196374,A_C12_C5_AF_AE_mBHI_mBHI_4_S36,103876
44,A4-e003Coalescence-Inoculumn-mGAM,172,1498117,A_C12_C5_AF_AE_mBHI_mBHI_4_S36,103876
45,G10-e003Coalescence-mBHI-p1_S830,69,2428880,A_C12_C5_AF_AE_mBHI_mBHI_4_S36,103876
46,Coalescence-F2-E10-AA-AE-mGAM-mBHI-3_S681,97,1470280,A_C12_C5_AF_AE_mBHI_mBHI_4_S36,103876
47,Coalescence-E5-C4-AE-AE-mBHI-mBHI-3_S672,67,2530214,A_C12_C5_AF_AE_mBHI_mBHI_4_S36,103876
48,Coalescence-A12-D11-AF-AF-mGAM-mBHI-7_S631,4,1874895,A_C12_C5_AF_AE_mBHI_mBHI_4_S36,103876
49,Coalescence-E8-D11-AF-AF-mGAM-mBHI-3_S675,2,1958325,A_C12_C5_AF_AE_mBHI_mBHI_4_S36,103876
50,Coalescence-A10-C11-AE-AF-mGAM-mBHI-7_S629,3,2451568,A_C12_C5_AF_AE_mBHI_mBHI_4_S36,103876
51,Assembly-G5-C10-AE-mGAM-5_S696,63,2151131,A_C12_C5_AF_AE_mBHI_mBHI_4_S36,103876
52,D_F11_e003Assembly_S359,59,1852547,A_C12_C5_AF_AE_mBHI_mBHI_4_S36,103876
53,C_C2_e003Assembly_S218,67,2486586,A_C12_C5_AF_AE_mBHI_mBHI_4_S36,103876
0,A_C5_C8_AA_AE_mGAM_mBHI_2_S29,50,1240202,B_A7_E10_AE_AA_mGAM_mBHI_2_S103,103876
1,A_C8_C11_AF_AE_mGAM_mBHI_2_S32,88,2148058,B_A7_E10_AE_AA_mGAM_mBHI_2_S103,103876
2,A_C11_C4_AE_AE_mBHI_mBHI_4_S35,104,2544423,B_A7_E10_AE_AA_mGAM_mBHI_2_S103,103876
3,A_C12_C5_AF_AE_mBHI_mBHI_4_S36,79,1318209,B_A7_E10_AE_AA_mGAM_mBHI_2_S103,103876
4,B_A7_E10_AE_AA_mGAM_mBHI_2_S103,0,1585269,B_A7_E10_AE_AA_mGAM_mBHI_2_S103,103876
5,B_C7_G10_AE_AE_mGAM_mBHI_2_S127,85,2297583,B_A7_E10_AE_AA_mGAM_mBHI_2_S103,103876
6,B_C11_C10_AE_AE_mGAM_mBHI_4_S131,81,2142327,B_A7_E10_AE_AA_mGAM_mBHI_2_S103,103876
7,B_G7_G10_AE_AE_mGAM_mGAM_2_S175,80,2129061,B_A7_E10_AE_AA_mGAM_mBHI_2_S103,103876
8,B_G11_C10_AE_AE_mGAM_mGAM_4_S179,57,1605800,B_A7_E10_AE_AA_mGAM_mBHI_2_S103,103876
9,C_C3_C4_AE_AE_mBHI_mBHI_6_S219,85,2333234,B_A7_E10_AE_AA_mGAM_mBHI_2_S103,103876
10,C_C5_C8_AA_AE_mGAM_mBHI_6_S221,3321,983611,B_A7_E10_AE_AA_mGAM_mBHI_2_S103,103876
11,C_C7_C10_AE_AE_mGAM_mBHI_6_S223,96,2496763,B_A7_E10_AE_AA_mGAM_mBHI_2_S103,103876
12,C_C8_C11_AF_AE_mGAM_mBHI_6_S224,195,2423530,B_A7_E10_AE_AA_mGAM_mBHI_2_S103,103876
13,C_C11_G4_AE_AE_mBHI_mBHI_4_S227,92,2284384,B_A7_E10_AE_AA_mGAM_mBHI_2_S103,103876
14,C_H12_H5_AF_AF_mBHI_mGAM_4_S288,142,2152529,B_A7_E10_AE_AA_mGAM_mBHI_2_S103,103876
15,D_A6_A9_ACPP_AA_mGAM_mBHI_6_S294,61,1982379,B_A7_E10_AE_AA_mGAM_mBHI_2_S103,103876
16,D_A7_A10_AE_AA_mGAM_mBHI_6_S295,2924,1410130,B_A7_E10_AE_AA_mGAM_mBHI_2_S103,103876
17,D_C3_C4_AE_AE_mBHI_mBHI_6_S315,76,1938021,B_A7_E10_AE_AA_mGAM_mBHI_2_S103,103876
18,D_C6_C9_ACPP_AE_mGAM_mBHI_6_S318,104,2546864,B_A7_E10_AE_AA_mGAM_mBHI_2_S103,103876
19,D_C7_C10_AE_AE_mGAM_mBHI_6_S319,99,2486700,B_A7_E10_AE_AA_mGAM_mBHI_2_S103,103876
20,D_C8_C11_AF_AE_mGAM_mBHI_6_S320,159,2295176,B_A7_E10_AE_AA_mGAM_mBHI_2_S103,103876
21,D_C11_G10_AE_AE_mGAM_mBHI_4_S323,101,2482678,B_A7_E10_AE_AA_mGAM_mBHI_2_S103,103876
22,D_G3_C4_AE_AE_mBHI_mGAM_6_S363,67,1654388,B_A7_E10_AE_AA_mGAM_mBHI_2_S103,103876
23,D_G6_C9_ACPP_AE_mGAM_mGAM_6_S366,98,2300167,B_A7_E10_AE_AA_mGAM_mBHI_2_S103,103876
24,C10-e003Coalescence-mBHI-p7,95,2135952,B_A7_E10_AE_AA_mGAM_mBHI_2_S103,103876
25,C11-e003Coalescence-mBHI-p5,146,2002690,B_A7_E10_AE_AA_mGAM_mBHI_2_S103,103876
26,C10-e003Coalescence-mBHI-p5,100,2385009,B_A7_E10_AE_AA_mGAM_mBHI_2_S103,103876
27,C8-e003Coalescence-mBHI-p5,1672,1198645,B_A7_E10_AE_AA_mGAM_mBHI_2_S103,103876
28,C4-e003Coalescence-mBHI-p5,103,2502890,B_A7_E10_AE_AA_mGAM_mBHI_2_S103,103876
29,C10-e003Coalescence-mGAM-p7,76,2061650,B_A7_E10_AE_AA_mGAM_mBHI_2_S103,103876
30,C10-e003Coalescence-mBHI-p3,105,2460943,B_A7_E10_AE_AA_mGAM_mBHI_2_S103,103876
31,G4-e003Coalescence-mBHI-p5_S27,76,1919003,B_A7_E10_AE_AA_mGAM_mBHI_2_S103,103876
32,G111-e003Coalescence-mBHI-p5_S32,95,1391982,B_A7_E10_AE_AA_mGAM_mBHI_2_S103,103876
33,G100-e003Coalescence-mBHI-p5_S31,91,2324546,B_A7_E10_AE_AA_mGAM_mBHI_2_S103,103876
34,G4-e003Coalescence-mBHI-p3_S35,82,2069895,B_A7_E10_AE_AA_mGAM_mBHI_2_S103,103876
35,G4-e003Coalescence-mGAM-p5_S75,48,1366979,B_A7_E10_AE_AA_mGAM_mBHI_2_S103,103876
36,G4-e003Coalescence-mGAM-p3_S83,55,1423657,B_A7_E10_AE_AA_mGAM_mBHI_2_S103,103876
37,G4-e003Coalescence-mBHI-p7_S123,61,1756502,B_A7_E10_AE_AA_mGAM_mBHI_2_S103,103876
38,G100-e003Coalescence-mBHI-p7_S127,54,1668930,B_A7_E10_AE_AA_mGAM_mBHI_2_S103,103876
39,C5-e003Coalescence-mBHI-inoculumn-redo,75,1580573,B_A7_E10_AE_AA_mGAM_mBHI_2_S103,103876
40,D4-e003Coalescence-Inoculumn-mBHI,67,1905366,B_A7_E10_AE_AA_mGAM_mBHI_2_S103,103876
41,C3-e003Coalescence-mBHI-inoculumn-redo,67,1386131,B_A7_E10_AE_AA_mGAM_mBHI_2_S103,103876
42,B4-e003Coalescence-Inoculumn-mBHI,66,1569971,B_A7_E10_AE_AA_mGAM_mBHI_2_S103,103876
43,C5-e003Coalescence-Inoculumn-mGAM,47,1196374,B_A7_E10_AE_AA_mGAM_mBHI_2_S103,103876
44,A4-e003Coalescence-Inoculumn-mGAM,152,1498117,B_A7_E10_AE_AA_mGAM_mBHI_2_S103,103876
45,G10-e003Coalescence-mBHI-p1_S830,97,2428880,B_A7_E10_AE_AA_mGAM_mBHI_2_S103,103876
46,Coalescence-F2-E10-AA-AE-mGAM-mBHI-3_S681,74,1470280,B_A7_E10_AE_AA_mGAM_mBHI_2_S103,103876
47,Coalescence-E5-C4-AE-AE-mBHI-mBHI-3_S672,103,2530214,B_A7_E10_AE_AA_mGAM_mBHI_2_S103,103876
48,Coalescence-A12-D11-AF-AF-mGAM-mBHI-7_S631,129,1874895,B_A7_E10_AE_AA_mGAM_mBHI_2_S103,103876
49,Coalescence-E8-D11-AF-AF-mGAM-mBHI-3_S675,137,1958325,B_A7_E10_AE_AA_mGAM_mBHI_2_S103,103876
50,Coalescence-A10-C11-AE-AF-mGAM-mBHI-7_S629,201,2451568,B_A7_E10_AE_AA_mGAM_mBHI_2_S103,103876
51,Assembly-G5-C10-AE-mGAM-5_S696,75,2151131,B_A7_E10_AE_AA_mGAM_mBHI_2_S103,103876
52,D_F11_e003Assembly_S359,65,1852547,B_A7_E10_AE_AA_mGAM_mBHI_2_S103,103876
53,C_C2_e003Assembly_S218,104,2486586,B_A7_E10_AE_AA_mGAM_mBHI_2_S103,103876
0,A_C5_C8_AA_AE_mGAM_mBHI_2_S29,20,1240202,B_C7_G10_AE_AE_mGAM_mBHI_2_S127,103876
1,A_C8_C11_AF_AE_mGAM_mBHI_2_S32,1,2148058,B_C7_G10_AE_AE_mGAM_mBHI_2_S127,103876
2,A_C11_C4_AE_AE_mBHI_mBHI_4_S35,0,2544423,B_C7_G10_AE_AE_mGAM_mBHI_2_S127,103876
3,A_C12_C5_AF_AE_mBHI_mBHI_4_S36,69,1318209,B_C7_G10_AE_AE_mGAM_mBHI_2_S127,103876
4,B_A7_E10_AE_AA_mGAM_mBHI_2_S103,85,1585269,B_C7_G10_AE_AE_mGAM_mBHI_2_S127,103876
5,B_C7_G10_AE_AE_mGAM_mBHI_2_S127,0,2297583,B_C7_G10_AE_AE_mGAM_mBHI_2_S127,103876
6,B_C11_C10_AE_AE_mGAM_mBHI_4_S131,0,2142327,B_C7_G10_AE_AE_mGAM_mBHI_2_S127,103876
7,B_G7_G10_AE_AE_mGAM_mGAM_2_S175,0,2129061,B_C7_G10_AE_AE_mGAM_mBHI_2_S127,103876
8,B_G11_C10_AE_AE_mGAM_mGAM_4_S179,0,1605800,B_C7_G10_AE_AE_mGAM_mBHI_2_S127,103876
9,C_C3_C4_AE_AE_mBHI_mBHI_6_S219,3,2333234,B_C7_G10_AE_AE_mGAM_mBHI_2_S127,103876
10,C_C5_C8_AA_AE_mGAM_mBHI_6_S221,7894,983611,B_C7_G10_AE_AE_mGAM_mBHI_2_S127,103876
11,C_C7_C10_AE_AE_mGAM_mBHI_6_S223,0,2496763,B_C7_G10_AE_AE_mGAM_mBHI_2_S127,103876
12,C_C8_C11_AF_AE_mGAM_mBHI_6_S224,174,2423530,B_C7_G10_AE_AE_mGAM_mBHI_2_S127,103876
13,C_C11_G4_AE_AE_mBHI_mBHI_4_S227,1,2284384,B_C7_G10_AE_AE_mGAM_mBHI_2_S127,103876
14,C_H12_H5_AF_AF_mBHI_mGAM_4_S288,107,2152529,B_C7_G10_AE_AE_mGAM_mBHI_2_S127,103876
15,D_A6_A9_ACPP_AA_mGAM_mBHI_6_S294,24,1982379,B_C7_G10_AE_AE_mGAM_mBHI_2_S127,103876
16,D_A7_A10_AE_AA_mGAM_mBHI_6_S295,7198,1410130,B_C7_G10_AE_AE_mGAM_mBHI_2_S127,103876
17,D_C3_C4_AE_AE_mBHI_mBHI_6_S315,2,1938021,B_C7_G10_AE_AE_mGAM_mBHI_2_S127,103876
18,D_C6_C9_ACPP_AE_mGAM_mBHI_6_S318,0,2546864,B_C7_G10_AE_AE_mGAM_mBHI_2_S127,103876
19,D_C7_C10_AE_AE_mGAM_mBHI_6_S319,0,2486700,B_C7_G10_AE_AE_mGAM_mBHI_2_S127,103876
20,D_C8_C11_AF_AE_mGAM_mBHI_6_S320,135,2295176,B_C7_G10_AE_AE_mGAM_mBHI_2_S127,103876
21,D_C11_G10_AE_AE_mGAM_mBHI_4_S323,0,2482678,B_C7_G10_AE_AE_mGAM_mBHI_2_S127,103876
22,D_G3_C4_AE_AE_mBHI_mGAM_6_S363,1,1654388,B_C7_G10_AE_AE_mGAM_mBHI_2_S127,103876
23,D_G6_C9_ACPP_AE_mGAM_mGAM_6_S366,0,2300167,B_C7_G10_AE_AE_mGAM_mBHI_2_S127,103876
24,C10-e003Coalescence-mBHI-p7,2,2135952,B_C7_G10_AE_AE_mGAM_mBHI_2_S127,103876
25,C11-e003Coalescence-mBHI-p5,137,2002690,B_C7_G10_AE_AE_mGAM_mBHI_2_S127,103876
26,C10-e003Coalescence-mBHI-p5,2,2385009,B_C7_G10_AE_AE_mGAM_mBHI_2_S127,103876
27,C8-e003Coalescence-mBHI-p5,3847,1198645,B_C7_G10_AE_AE_mGAM_mBHI_2_S127,103876
28,C4-e003Coalescence-mBHI-p5,0,2502890,B_C7_G10_AE_AE_mGAM_mBHI_2_S127,103876
29,C10-e003Coalescence-mGAM-p7,2,2061650,B_C7_G10_AE_AE_mGAM_mBHI_2_S127,103876
30,C10-e003Coalescence-mBHI-p3,4,2460943,B_C7_G10_AE_AE_mGAM_mBHI_2_S127,103876
31,G4-e003Coalescence-mBHI-p5_S27,1,1919003,B_C7_G10_AE_AE_mGAM_mBHI_2_S127,103876
32,G111-e003Coalescence-mBHI-p5_S32,83,1391982,B_C7_G10_AE_AE_mGAM_mBHI_2_S127,103876
33,G100-e003Coalescence-mBHI-p5_S31,0,2324546,B_C7_G10_AE_AE_mGAM_mBHI_2_S127,103876
34,G4-e003Coalescence-mBHI-p3_S35,2,2069895,B_C7_G10_AE_AE_mGAM_mBHI_2_S127,103876
35,G4-e003Coalescence-mGAM-p5_S75,1,1366979,B_C7_G10_AE_AE_mGAM_mBHI_2_S127,103876
36,G4-e003Coalescence-mGAM-p3_S83,1,1423657,B_C7_G10_AE_AE_mGAM_mBHI_2_S127,103876
37,G4-e003Coalescence-mBHI-p7_S123,0,1756502,B_C7_G10_AE_AE_mGAM_mBHI_2_S127,103876
38,G100-e003Coalescence-mBHI-p7_S127,0,1668930,B_C7_G10_AE_AE_mGAM_mBHI_2_S127,103876
39,C5-e003Coalescence-mBHI-inoculumn-redo,2,1580573,B_C7_G10_AE_AE_mGAM_mBHI_2_S127,103876
40,D4-e003Coalescence-Inoculumn-mBHI,2,1905366,B_C7_G10_AE_AE_mGAM_mBHI_2_S127,103876
41,C3-e003Coalescence-mBHI-inoculumn-redo,1,1386131,B_C7_G10_AE_AE_mGAM_mBHI_2_S127,103876
42,B4-e003Coalescence-Inoculumn-mBHI,6,1569971,B_C7_G10_AE_AE_mGAM_mBHI_2_S127,103876
43,C5-e003Coalescence-Inoculumn-mGAM,0,1196374,B_C7_G10_AE_AE_mGAM_mBHI_2_S127,103876
44,A4-e003Coalescence-Inoculumn-mGAM,242,1498117,B_C7_G10_AE_AE_mGAM_mBHI_2_S127,103876
45,G10-e003Coalescence-mBHI-p1_S830,0,2428880,B_C7_G10_AE_AE_mGAM_mBHI_2_S127,103876
46,Coalescence-F2-E10-AA-AE-mGAM-mBHI-3_S681,83,1470280,B_C7_G10_AE_AE_mGAM_mBHI_2_S127,103876
47,Coalescence-E5-C4-AE-AE-mBHI-mBHI-3_S672,0,2530214,B_C7_G10_AE_AE_mGAM_mBHI_2_S127,103876
48,Coalescence-A12-D11-AF-AF-mGAM-mBHI-7_S631,116,1874895,B_C7_G10_AE_AE_mGAM_mBHI_2_S127,103876
49,Coalescence-E8-D11-AF-AF-mGAM-mBHI-3_S675,116,1958325,B_C7_G10_AE_AE_mGAM_mBHI_2_S127,103876
50,Coalescence-A10-C11-AE-AF-mGAM-mBHI-7_S629,185,2451568,B_C7_G10_AE_AE_mGAM_mBHI_2_S127,103876
51,Assembly-G5-C10-AE-mGAM-5_S696,0,2151131,B_C7_G10_AE_AE_mGAM_mBHI_2_S127,103876
52,D_F11_e003Assembly_S359,2,1852547,B_C7_G10_AE_AE_mGAM_mBHI_2_S127,103876
53,C_C2_e003Assembly_S218,5,2486586,B_C7_G10_AE_AE_mGAM_mBHI_2_S127,103876
0,A_C5_C8_AA_AE_mGAM_mBHI_2_S29,14,1240202,B_C11_C10_AE_AE_mGAM_mBHI_4_S131,103876
1,A_C8_C11_AF_AE_mGAM_mBHI_2_S32,2,2148058,B_C11_C10_AE_AE_mGAM_mBHI_4_S131,103876
2,A_C11_C4_AE_AE_mBHI_mBHI_4_S35,0,2544423,B_C11_C10_AE_AE_mGAM_mBHI_4_S131,103876
3,A_C12_C5_AF_AE_mBHI_mBHI_4_S36,59,1318209,B_C11_C10_AE_AE_mGAM_mBHI_4_S131,103876
4,B_A7_E10_AE_AA_mGAM_mBHI_2_S103,81,1585269,B_C11_C10_AE_AE_mGAM_mBHI_4_S131,103876
5,B_C7_G10_AE_AE_mGAM_mBHI_2_S127,0,2297583,B_C11_C10_AE_AE_mGAM_mBHI_4_S131,103876
6,B_C11_C10_AE_AE_mGAM_mBHI_4_S131,0,2142327,B_C11_C10_AE_AE_mGAM_mBHI_4_S131,103876
7,B_G7_G10_AE_AE_mGAM_mGAM_2_S175,0,2129061,B_C11_C10_AE_AE_mGAM_mBHI_4_S131,103876
8,B_G11_C10_AE_AE_mGAM_mGAM_4_S179,0,1605800,B_C11_C10_AE_AE_mGAM_mBHI_4_S131,103876
9,C_C3_C4_AE_AE_mBHI_mBHI_6_S219,1,2333234,B_C11_C10_AE_AE_mGAM_mBHI_4_S131,103876
10,C_C5_C8_AA_AE_mGAM_mBHI_6_S221,7335,983611,B_C11_C10_AE_AE_mGAM_mBHI_4_S131,103876
11,C_C7_C10_AE_AE_mGAM_mBHI_6_S223,0,2496763,B_C11_C10_AE_AE_mGAM_mBHI_4_S131,103876
12,C_C8_C11_AF_AE_mGAM_mBHI_6_S224,168,2423530,B_C11_C10_AE_AE_mGAM_mBHI_4_S131,103876
13,C_C11_G4_AE_AE_mBHI_mBHI_4_S227,1,2284384,B_C11_C10_AE_AE_mGAM_mBHI_4_S131,103876
14,C_H12_H5_AF_AF_mBHI_mGAM_4_S288,106,2152529,B_C11_C10_AE_AE_mGAM_mBHI_4_S131,103876
15,D_A6_A9_ACPP_AA_mGAM_mBHI_6_S294,21,1982379,B_C11_C10_AE_AE_mGAM_mBHI_4_S131,103876
16,D_A7_A10_AE_AA_mGAM_mBHI_6_S295,6763,1410130,B_C11_C10_AE_AE_mGAM_mBHI_4_S131,103876
17,D_C3_C4_AE_AE_mBHI_mBHI_6_S315,3,1938021,B_C11_C10_AE_AE_mGAM_mBHI_4_S131,103876
18,D_C6_C9_ACPP_AE_mGAM_mBHI_6_S318,0,2546864,B_C11_C10_AE_AE_mGAM_mBHI_4_S131,103876
19,D_C7_C10_AE_AE_mGAM_mBHI_6_S319,0,2486700,B_C11_C10_AE_AE_mGAM_mBHI_4_S131,103876
20,D_C8_C11_AF_AE_mGAM_mBHI_6_S320,128,2295176,B_C11_C10_AE_AE_mGAM_mBHI_4_S131,103876
21,D_C11_G10_AE_AE_mGAM_mBHI_4_S323,0,2482678,B_C11_C10_AE_AE_mGAM_mBHI_4_S131,103876
22,D_G3_C4_AE_AE_mBHI_mGAM_6_S363,2,1654388,B_C11_C10_AE_AE_mGAM_mBHI_4_S131,103876
23,D_G6_C9_ACPP_AE_mGAM_mGAM_6_S366,0,2300167,B_C11_C10_AE_AE_mGAM_mBHI_4_S131,103876
24,C10-e003Coalescence-mBHI-p7,2,2135952,B_C11_C10_AE_AE_mGAM_mBHI_4_S131,103876
25,C11-e003Coalescence-mBHI-p5,120,2002690,B_C11_C10_AE_AE_mGAM_mBHI_4_S131,103876
26,C10-e003Coalescence-mBHI-p5,2,2385009,B_C11_C10_AE_AE_mGAM_mBHI_4_S131,103876
27,C8-e003Coalescence-mBHI-p5,3489,1198645,B_C11_C10_AE_AE_mGAM_mBHI_4_S131,103876
28,C4-e003Coalescence-mBHI-p5,1,2502890,B_C11_C10_AE_AE_mGAM_mBHI_4_S131,103876
29,C10-e003Coalescence-mGAM-p7,2,2061650,B_C11_C10_AE_AE_mGAM_mBHI_4_S131,103876
30,C10-e003Coalescence-mBHI-p3,4,2460943,B_C11_C10_AE_AE_mGAM_mBHI_4_S131,103876
31,G4-e003Coalescence-mBHI-p5_S27,1,1919003,B_C11_C10_AE_AE_mGAM_mBHI_4_S131,103876
32,G111-e003Coalescence-mBHI-p5_S32,80,1391982,B_C11_C10_AE_AE_mGAM_mBHI_4_S131,103876
33,G100-e003Coalescence-mBHI-p5_S31,0,2324546,B_C11_C10_AE_AE_mGAM_mBHI_4_S131,103876
34,G4-e003Coalescence-mBHI-p3_S35,2,2069895,B_C11_C10_AE_AE_mGAM_mBHI_4_S131,103876
35,G4-e003Coalescence-mGAM-p5_S75,0,1366979,B_C11_C10_AE_AE_mGAM_mBHI_4_S131,103876
36,G4-e003Coalescence-mGAM-p3_S83,0,1423657,B_C11_C10_AE_AE_mGAM_mBHI_4_S131,103876
37,G4-e003Coalescence-mBHI-p7_S123,0,1756502,B_C11_C10_AE_AE_mGAM_mBHI_4_S131,103876
38,G100-e003Coalescence-mBHI-p7_S127,0,1668930,B_C11_C10_AE_AE_mGAM_mBHI_4_S131,103876
39,C5-e003Coalescence-mBHI-inoculumn-redo,1,1580573,B_C11_C10_AE_AE_mGAM_mBHI_4_S131,103876
40,D4-e003Coalescence-Inoculumn-mBHI,1,1905366,B_C11_C10_AE_AE_mGAM_mBHI_4_S131,103876
41,C3-e003Coalescence-mBHI-inoculumn-redo,1,1386131,B_C11_C10_AE_AE_mGAM_mBHI_4_S131,103876
42,B4-e003Coalescence-Inoculumn-mBHI,6,1569971,B_C11_C10_AE_AE_mGAM_mBHI_4_S131,103876
43,C5-e003Coalescence-Inoculumn-mGAM,0,1196374,B_C11_C10_AE_AE_mGAM_mBHI_4_S131,103876
44,A4-e003Coalescence-Inoculumn-mGAM,231,1498117,B_C11_C10_AE_AE_mGAM_mBHI_4_S131,103876
45,G10-e003Coalescence-mBHI-p1_S830,0,2428880,B_C11_C10_AE_AE_mGAM_mBHI_4_S131,103876
46,Coalescence-F2-E10-AA-AE-mGAM-mBHI-3_S681,83,1470280,B_C11_C10_AE_AE_mGAM_mBHI_4_S131,103876
47,Coalescence-E5-C4-AE-AE-mBHI-mBHI-3_S672,0,2530214,B_C11_C10_AE_AE_mGAM_mBHI_4_S131,103876
48,Coalescence-A12-D11-AF-AF-mGAM-mBHI-7_S631,107,1874895,B_C11_C10_AE_AE_mGAM_mBHI_4_S131,103876
49,Coalescence-E8-D11-AF-AF-mGAM-mBHI-3_S675,115,1958325,B_C11_C10_AE_AE_mGAM_mBHI_4_S131,103876
50,Coalescence-A10-C11-AE-AF-mGAM-mBHI-7_S629,176,2451568,B_C11_C10_AE_AE_mGAM_mBHI_4_S131,103876
51,Assembly-G5-C10-AE-mGAM-5_S696,0,2151131,B_C11_C10_AE_AE_mGAM_mBHI_4_S131,103876
52,D_F11_e003Assembly_S359,1,1852547,B_C11_C10_AE_AE_mGAM_mBHI_4_S131,103876
53,C_C2_e003Assembly_S218,3,2486586,B_C11_C10_AE_AE_mGAM_mBHI_4_S131,103876
0,A_C5_C8_AA_AE_mGAM_mBHI_2_S29,18,1240202,B_G7_G10_AE_AE_mGAM_mGAM_2_S175,103876
1,A_C8_C11_AF_AE_mGAM_mBHI_2_S32,1,2148058,B_G7_G10_AE_AE_mGAM_mGAM_2_S175,103876
2,A_C11_C4_AE_AE_mBHI_mBHI_4_S35,0,2544423,B_G7_G10_AE_AE_mGAM_mGAM_2_S175,103876
3,A_C12_C5_AF_AE_mBHI_mBHI_4_S36,61,1318209,B_G7_G10_AE_AE_mGAM_mGAM_2_S175,103876
4,B_A7_E10_AE_AA_mGAM_mBHI_2_S103,80,1585269,B_G7_G10_AE_AE_mGAM_mGAM_2_S175,103876
5,B_C7_G10_AE_AE_mGAM_mBHI_2_S127,0,2297583,B_G7_G10_AE_AE_mGAM_mGAM_2_S175,103876
6,B_C11_C10_AE_AE_mGAM_mBHI_4_S131,0,2142327,B_G7_G10_AE_AE_mGAM_mGAM_2_S175,103876
7,B_G7_G10_AE_AE_mGAM_mGAM_2_S175,0,2129061,B_G7_G10_AE_AE_mGAM_mGAM_2_S175,103876
8,B_G11_C10_AE_AE_mGAM_mGAM_4_S179,0,1605800,B_G7_G10_AE_AE_mGAM_mGAM_2_S175,103876
9,C_C3_C4_AE_AE_mBHI_mBHI_6_S219,2,2333234,B_G7_G10_AE_AE_mGAM_mGAM_2_S175,103876
10,C_C5_C8_AA_AE_mGAM_mBHI_6_S221,7304,983611,B_G7_G10_AE_AE_mGAM_mGAM_2_S175,103876
11,C_C7_C10_AE_AE_mGAM_mBHI_6_S223,0,2496763,B_G7_G10_AE_AE_mGAM_mGAM_2_S175,103876
12,C_C8_C11_AF_AE_mGAM_mBHI_6_S224,173,2423530,B_G7_G10_AE_AE_mGAM_mGAM_2_S175,103876
13,C_C11_G4_AE_AE_mBHI_mBHI_4_S227,1,2284384,B_G7_G10_AE_AE_mGAM_mGAM_2_S175,103876
14,C_H12_H5_AF_AF_mBHI_mGAM_4_S288,107,2152529,B_G7_G10_AE_AE_mGAM_mGAM_2_S175,103876
15,D_A6_A9_ACPP_AA_mGAM_mBHI_6_S294,23,1982379,B_G7_G10_AE_AE_mGAM_mGAM_2_S175,103876
16,D_A7_A10_AE_AA_mGAM_mBHI_6_S295,6699,1410130,B_G7_G10_AE_AE_mGAM_mGAM_2_S175,103876
17,D_C3_C4_AE_AE_mBHI_mBHI_6_S315,2,1938021,B_G7_G10_AE_AE_mGAM_mGAM_2_S175,103876
18,D_C6_C9_ACPP_AE_mGAM_mBHI_6_S318,0,2546864,B_G7_G10_AE_AE_mGAM_mGAM_2_S175,103876
19,D_C7_C10_AE_AE_mGAM_mBHI_6_S319,0,2486700,B_G7_G10_AE_AE_mGAM_mGAM_2_S175,103876
20,D_C8_C11_AF_AE_mGAM_mBHI_6_S320,131,2295176,B_G7_G10_AE_AE_mGAM_mGAM_2_S175,103876
21,D_C11_G10_AE_AE_mGAM_mBHI_4_S323,0,2482678,B_G7_G10_AE_AE_mGAM_mGAM_2_S175,103876
22,D_G3_C4_AE_AE_mBHI_mGAM_6_S363,1,1654388,B_G7_G10_AE_AE_mGAM_mGAM_2_S175,103876
23,D_G6_C9_ACPP_AE_mGAM_mGAM_6_S366,0,2300167,B_G7_G10_AE_AE_mGAM_mGAM_2_S175,103876
24,C10-e003Coalescence-mBHI-p7,2,2135952,B_G7_G10_AE_AE_mGAM_mGAM_2_S175,103876
25,C11-e003Coalescence-mBHI-p5,130,2002690,B_G7_G10_AE_AE_mGAM_mGAM_2_S175,103876
26,C10-e003Coalescence-mBHI-p5,3,2385009,B_G7_G10_AE_AE_mGAM_mGAM_2_S175,103876
27,C8-e003Coalescence-mBHI-p5,3472,1198645,B_G7_G10_AE_AE_mGAM_mGAM_2_S175,103876
28,C4-e003Coalescence-mBHI-p5,1,2502890,B_G7_G10_AE_AE_mGAM_mGAM_2_S175,103876
29,C10-e003Coalescence-mGAM-p7,3,2061650,B_G7_G10_AE_AE_mGAM_mGAM_2_S175,103876
30,C10-e003Coalescence-mBHI-p3,4,2460943,B_G7_G10_AE_AE_mGAM_mGAM_2_S175,103876
31,G4-e003Coalescence-mBHI-p5_S27,1,1919003,B_G7_G10_AE_AE_mGAM_mGAM_2_S175,103876
32,G111-e003Coalescence-mBHI-p5_S32,81,1391982,B_G7_G10_AE_AE_mGAM_mGAM_2_S175,103876
33,G100-e003Coalescence-mBHI-p5_S31,0,2324546,B_G7_G10_AE_AE_mGAM_mGAM_2_S175,103876
34,G4-e003Coalescence-mBHI-p3_S35,2,2069895,B_G7_G10_AE_AE_mGAM_mGAM_2_S175,103876
35,G4-e003Coalescence-mGAM-p5_S75,1,1366979,B_G7_G10_AE_AE_mGAM_mGAM_2_S175,103876
36,G4-e003Coalescence-mGAM-p3_S83,0,1423657,B_G7_G10_AE_AE_mGAM_mGAM_2_S175,103876
37,G4-e003Coalescence-mBHI-p7_S123,0,1756502,B_G7_G10_AE_AE_mGAM_mGAM_2_S175,103876
38,G100-e003Coalescence-mBHI-p7_S127,0,1668930,B_G7_G10_AE_AE_mGAM_mGAM_2_S175,103876
39,C5-e003Coalescence-mBHI-inoculumn-redo,3,1580573,B_G7_G10_AE_AE_mGAM_mGAM_2_S175,103876
40,D4-e003Coalescence-Inoculumn-mBHI,2,1905366,B_G7_G10_AE_AE_mGAM_mGAM_2_S175,103876
41,C3-e003Coalescence-mBHI-inoculumn-redo,1,1386131,B_G7_G10_AE_AE_mGAM_mGAM_2_S175,103876
42,B4-e003Coalescence-Inoculumn-mBHI,6,1569971,B_G7_G10_AE_AE_mGAM_mGAM_2_S175,103876
43,C5-e003Coalescence-Inoculumn-mGAM,0,1196374,B_G7_G10_AE_AE_mGAM_mGAM_2_S175,103876
44,A4-e003Coalescence-Inoculumn-mGAM,210,1498117,B_G7_G10_AE_AE_mGAM_mGAM_2_S175,103876
45,G10-e003Coalescence-mBHI-p1_S830,0,2428880,B_G7_G10_AE_AE_mGAM_mGAM_2_S175,103876
46,Coalescence-F2-E10-AA-AE-mGAM-mBHI-3_S681,87,1470280,B_G7_G10_AE_AE_mGAM_mGAM_2_S175,103876
47,Coalescence-E5-C4-AE-AE-mBHI-mBHI-3_S672,0,2530214,B_G7_G10_AE_AE_mGAM_mGAM_2_S175,103876
48,Coalescence-A12-D11-AF-AF-mGAM-mBHI-7_S631,107,1874895,B_G7_G10_AE_AE_mGAM_mGAM_2_S175,103876
49,Coalescence-E8-D11-AF-AF-mGAM-mBHI-3_S675,122,1958325,B_G7_G10_AE_AE_mGAM_mGAM_2_S175,103876
50,Coalescence-A10-C11-AE-AF-mGAM-mBHI-7_S629,179,2451568,B_G7_G10_AE_AE_mGAM_mGAM_2_S175,103876
51,Assembly-G5-C10-AE-mGAM-5_S696,1,2151131,B_G7_G10_AE_AE_mGAM_mGAM_2_S175,103876
52,D_F11_e003Assembly_S359,1,1852547,B_G7_G10_AE_AE_mGAM_mGAM_2_S175,103876
53,C_C2_e003Assembly_S218,4,2486586,B_G7_G10_AE_AE_mGAM_mGAM_2_S175,103876
0,A_C5_C8_AA_AE_mGAM_mBHI_2_S29,11,1240202,B_G11_C10_AE_AE_mGAM_mGAM_4_S179,103876
1,A_C8_C11_AF_AE_mGAM_mBHI_2_S32,2,2148058,B_G11_C10_AE_AE_mGAM_mGAM_4_S179,103876
2,A_C11_C4_AE_AE_mBHI_mBHI_4_S35,0,2544423,B_G11_C10_AE_AE_mGAM_mGAM_4_S179,103876
3,A_C12_C5_AF_AE_mBHI_mBHI_4_S36,46,1318209,B_G11_C10_AE_AE_mGAM_mGAM_4_S179,103876
4,B_A7_E10_AE_AA_mGAM_mBHI_2_S103,57,1585269,B_G11_C10_AE_AE_mGAM_mGAM_4_S179,103876
5,B_C7_G10_AE_AE_mGAM_mBHI_2_S127,0,2297583,B_G11_C10_AE_AE_mGAM_mGAM_4_S179,103876
6,B_C11_C10_AE_AE_mGAM_mBHI_4_S131,0,2142327,B_G11_C10_AE_AE_mGAM_mGAM_4_S179,103876
7,B_G7_G10_AE_AE_mGAM_mGAM_2_S175,0,2129061,B_G11_C10_AE_AE_mGAM_mGAM_4_S179,103876
8,B_G11_C10_AE_AE_mGAM_mGAM_4_S179,0,1605800,B_G11_C10_AE_AE_mGAM_mGAM_4_S179,103876
9,C_C3_C4_AE_AE_mBHI_mBHI_6_S219,2,2333234,B_G11_C10_AE_AE_mGAM_mGAM_4_S179,103876
10,C_C5_C8_AA_AE_mGAM_mBHI_6_S221,5400,983611,B_G11_C10_AE_AE_mGAM_mGAM_4_S179,103876
11,C_C7_C10_AE_AE_mGAM_mBHI_6_S223,0,2496763,B_G11_C10_AE_AE_mGAM_mGAM_4_S179,103876
12,C_C8_C11_AF_AE_mGAM_mBHI_6_S224,134,2423530,B_G11_C10_AE_AE_mGAM_mGAM_4_S179,103876
13,C_C11_G4_AE_AE_mBHI_mBHI_4_S227,1,2284384,B_G11_C10_AE_AE_mGAM_mGAM_4_S179,103876
14,C_H12_H5_AF_AF_mBHI_mGAM_4_S288,88,2152529,B_G11_C10_AE_AE_mGAM_mGAM_4_S179,103876
15,D_A6_A9_ACPP_AA_mGAM_mBHI_6_S294,15,1982379,B_G11_C10_AE_AE_mGAM_mGAM_4_S179,103876
16,D_A7_A10_AE_AA_mGAM_mBHI_6_S295,5017,1410130,B_G11_C10_AE_AE_mGAM_mGAM_4_S179,103876
17,D_C3_C4_AE_AE_mBHI_mBHI_6_S315,0,1938021,B_G11_C10_AE_AE_mGAM_mGAM_4_S179,103876
18,D_C6_C9_ACPP_AE_mGAM_mBHI_6_S318,0,2546864,B_G11_C10_AE_AE_mGAM_mGAM_4_S179,103876
19,D_C7_C10_AE_AE_mGAM_mBHI_6_S319,0,2486700,B_G11_C10_AE_AE_mGAM_mGAM_4_S179,103876
20,D_C8_C11_AF_AE_mGAM_mBHI_6_S320,103,2295176,B_G11_C10_AE_AE_mGAM_mGAM_4_S179,103876
21,D_C11_G10_AE_AE_mGAM_mBHI_4_S323,0,2482678,B_G11_C10_AE_AE_mGAM_mGAM_4_S179,103876
22,D_G3_C4_AE_AE_mBHI_mGAM_6_S363,1,1654388,B_G11_C10_AE_AE_mGAM_mGAM_4_S179,103876
23,D_G6_C9_ACPP_AE_mGAM_mGAM_6_S366,0,2300167,B_G11_C10_AE_AE_mGAM_mGAM_4_S179,103876
24,C10-e003Coalescence-mBHI-p7,2,2135952,B_G11_C10_AE_AE_mGAM_mGAM_4_S179,103876
25,C11-e003Coalescence-mBHI-p5,95,2002690,B_G11_C10_AE_AE_mGAM_mGAM_4_S179,103876
26,C10-e003Coalescence-mBHI-p5,0,2385009,B_G11_C10_AE_AE_mGAM_mGAM_4_S179,103876
27,C8-e003Coalescence-mBHI-p5,2593,1198645,B_G11_C10_AE_AE_mGAM_mGAM_4_S179,103876
28,C4-e003Coalescence-mBHI-p5,1,2502890,B_G11_C10_AE_AE_mGAM_mGAM_4_S179,103876
29,C10-e003Coalescence-mGAM-p7,0,2061650,B_G11_C10_AE_AE_mGAM_mGAM_4_S179,103876
30,C10-e003Coalescence-mBHI-p3,0,2460943,B_G11_C10_AE_AE_mGAM_mGAM_4_S179,103876
31,G4-e003Coalescence-mBHI-p5_S27,0,1919003,B_G11_C10_AE_AE_mGAM_mGAM_4_S179,103876
32,G111-e003Coalescence-mBHI-p5_S32,60,1391982,B_G11_C10_AE_AE_mGAM_mGAM_4_S179,103876
33,G100-e003Coalescence-mBHI-p5_S31,0,2324546,B_G11_C10_AE_AE_mGAM_mGAM_4_S179,103876
34,G4-e003Coalescence-mBHI-p3_S35,0,2069895,B_G11_C10_AE_AE_mGAM_mGAM_4_S179,103876
35,G4-e003Coalescence-mGAM-p5_S75,0,1366979,B_G11_C10_AE_AE_mGAM_mGAM_4_S179,103876
36,G4-e003Coalescence-mGAM-p3_S83,1,1423657,B_G11_C10_AE_AE_mGAM_mGAM_4_S179,103876
37,G4-e003Coalescence-mBHI-p7_S123,0,1756502,B_G11_C10_AE_AE_mGAM_mGAM_4_S179,103876
38,G100-e003Coalescence-mBHI-p7_S127,0,1668930,B_G11_C10_AE_AE_mGAM_mGAM_4_S179,103876
39,C5-e003Coalescence-mBHI-inoculumn-redo,1,1580573,B_G11_C10_AE_AE_mGAM_mGAM_4_S179,103876
40,D4-e003Coalescence-Inoculumn-mBHI,2,1905366,B_G11_C10_AE_AE_mGAM_mGAM_4_S179,103876
41,C3-e003Coalescence-mBHI-inoculumn-redo,1,1386131,B_G11_C10_AE_AE_mGAM_mGAM_4_S179,103876
42,B4-e003Coalescence-Inoculumn-mBHI,5,1569971,B_G11_C10_AE_AE_mGAM_mGAM_4_S179,103876
43,C5-e003Coalescence-Inoculumn-mGAM,0,1196374,B_G11_C10_AE_AE_mGAM_mGAM_4_S179,103876
44,A4-e003Coalescence-Inoculumn-mGAM,172,1498117,B_G11_C10_AE_AE_mGAM_mGAM_4_S179,103876
45,G10-e003Coalescence-mBHI-p1_S830,0,2428880,B_G11_C10_AE_AE_mGAM_mGAM_4_S179,103876
46,Coalescence-F2-E10-AA-AE-mGAM-mBHI-3_S681,55,1470280,B_G11_C10_AE_AE_mGAM_mGAM_4_S179,103876
47,Coalescence-E5-C4-AE-AE-mBHI-mBHI-3_S672,1,2530214,B_G11_C10_AE_AE_mGAM_mGAM_4_S179,103876
48,Coalescence-A12-D11-AF-AF-mGAM-mBHI-7_S631,81,1874895,B_G11_C10_AE_AE_mGAM_mGAM_4_S179,103876
49,Coalescence-E8-D11-AF-AF-mGAM-mBHI-3_S675,80,1958325,B_G11_C10_AE_AE_mGAM_mGAM_4_S179,103876
50,Coalescence-A10-C11-AE-AF-mGAM-mBHI-7_S629,144,2451568,B_G11_C10_AE_AE_mGAM_mGAM_4_S179,103876
51,Assembly-G5-C10-AE-mGAM-5_S696,0,2151131,B_G11_C10_AE_AE_mGAM_mGAM_4_S179,103876
52,D_F11_e003Assembly_S359,0,1852547,B_G11_C10_AE_AE_mGAM_mGAM_4_S179,103876
53,C_C2_e003Assembly_S218,3,2486586,B_G11_C10_AE_AE_mGAM_mGAM_4_S179,103876
0,A_C5_C8_AA_AE_mGAM_mBHI_2_S29,19,1240202,C_C3_C4_AE_AE_mBHI_mBHI_6_S219,103876
1,A_C8_C11_AF_AE_mGAM_mBHI_2_S32,4,2148058,C_C3_C4_AE_AE_mBHI_mBHI_6_S219,103876
2,A_C11_C4_AE_AE_mBHI_mBHI_4_S35,0,2544423,C_C3_C4_AE_AE_mBHI_mBHI_6_S219,103876
3,A_C12_C5_AF_AE_mBHI_mBHI_4_S36,63,1318209,C_C3_C4_AE_AE_mBHI_mBHI_6_S219,103876
4,B_A7_E10_AE_AA_mGAM_mBHI_2_S103,85,1585269,C_C3_C4_AE_AE_mBHI_mBHI_6_S219,103876
5,B_C7_G10_AE_AE_mGAM_mBHI_2_S127,3,2297583,C_C3_C4_AE_AE_mBHI_mBHI_6_S219,103876
6,B_C11_C10_AE_AE_mGAM_mBHI_4_S131,1,2142327,C_C3_C4_AE_AE_mBHI_mBHI_6_S219,103876
7,B_G7_G10_AE_AE_mGAM_mGAM_2_S175,2,2129061,C_C3_C4_AE_AE_mBHI_mBHI_6_S219,103876
8,B_G11_C10_AE_AE_mGAM_mGAM_4_S179,2,1605800,C_C3_C4_AE_AE_mBHI_mBHI_6_S219,103876
9,C_C3_C4_AE_AE_mBHI_mBHI_6_S219,0,2333234,C_C3_C4_AE_AE_mBHI_mBHI_6_S219,103876
10,C_C5_C8_AA_AE_mGAM_mBHI_6_S221,8127,983611,C_C3_C4_AE_AE_mBHI_mBHI_6_S219,103876
11,C_C7_C10_AE_AE_mGAM_mBHI_6_S223,3,2496763,C_C3_C4_AE_AE_mBHI_mBHI_6_S219,103876
12,C_C8_C11_AF_AE_mGAM_mBHI_6_S224,176,2423530,C_C3_C4_AE_AE_mBHI_mBHI_6_S219,103876
13,C_C11_G4_AE_AE_mBHI_mBHI_4_S227,1,2284384,C_C3_C4_AE_AE_mBHI_mBHI_6_S219,103876
14,C_H12_H5_AF_AF_mBHI_mGAM_4_S288,110,2152529,C_C3_C4_AE_AE_mBHI_mBHI_6_S219,103876
15,D_A6_A9_ACPP_AA_mGAM_mBHI_6_S294,28,1982379,C_C3_C4_AE_AE_mBHI_mBHI_6_S219,103876
16,D_A7_A10_AE_AA_mGAM_mBHI_6_S295,7363,1410130,C_C3_C4_AE_AE_mBHI_mBHI_6_S219,103876
17,D_C3_C4_AE_AE_mBHI_mBHI_6_S315,1,1938021,C_C3_C4_AE_AE_mBHI_mBHI_6_S219,103876
18,D_C6_C9_ACPP_AE_mGAM_mBHI_6_S318,1,2546864,C_C3_C4_AE_AE_mBHI_mBHI_6_S219,103876
19,D_C7_C10_AE_AE_mGAM_mBHI_6_S319,2,2486700,C_C3_C4_AE_AE_mBHI_mBHI_6_S219,103876
20,D_C8_C11_AF_AE_mGAM_mBHI_6_S320,139,2295176,C_C3_C4_AE_AE_mBHI_mBHI_6_S219,103876
21,D_C11_G10_AE_AE_mGAM_mBHI_4_S323,2,2482678,C_C3_C4_AE_AE_mBHI_mBHI_6_S219,103876
22,D_G3_C4_AE_AE_mBHI_mGAM_6_S363,0,1654388,C_C3_C4_AE_AE_mBHI_mBHI_6_S219,103876
23,D_G6_C9_ACPP_AE_mGAM_mGAM_6_S366,3,2300167,C_C3_C4_AE_AE_mBHI_mBHI_6_S219,103876
24,C10-e003Coalescence-mBHI-p7,5,2135952,C_C3_C4_AE_AE_mBHI_mBHI_6_S219,103876
25,C11-e003Coalescence-mBHI-p5,134,2002690,C_C3_C4_AE_AE_mBHI_mBHI_6_S219,103876
26,C10-e003Coalescence-mBHI-p5,6,2385009,C_C3_C4_AE_AE_mBHI_mBHI_6_S219,103876
27,C8-e003Coalescence-mBHI-p5,3915,1198645,C_C3_C4_AE_AE_mBHI_mBHI_6_S219,103876
28,C4-e003Coalescence-mBHI-p5,0,2502890,C_C3_C4_AE_AE_mBHI_mBHI_6_S219,103876
29,C10-e003Coalescence-mGAM-p7,5,2061650,C_C3_C4_AE_AE_mBHI_mBHI_6_S219,103876
30,C10-e003Coalescence-mBHI-p3,6,2460943,C_C3_C4_AE_AE_mBHI_mBHI_6_S219,103876
31,G4-e003Coalescence-mBHI-p5_S27,0,1919003,C_C3_C4_AE_AE_mBHI_mBHI_6_S219,103876
32,G111-e003Coalescence-mBHI-p5_S32,84,1391982,C_C3_C4_AE_AE_mBHI_mBHI_6_S219,103876
33,G100-e003Coalescence-mBHI-p5_S31,2,2324546,C_C3_C4_AE_AE_mBHI_mBHI_6_S219,103876
34,G4-e003Coalescence-mBHI-p3_S35,2,2069895,C_C3_C4_AE_AE_mBHI_mBHI_6_S219,103876
35,G4-e003Coalescence-mGAM-p5_S75,0,1366979,C_C3_C4_AE_AE_mBHI_mBHI_6_S219,103876
36,G4-e003Coalescence-mGAM-p3_S83,0,1423657,C_C3_C4_AE_AE_mBHI_mBHI_6_S219,103876
37,G4-e003Coalescence-mBHI-p7_S123,0,1756502,C_C3_C4_AE_AE_mBHI_mBHI_6_S219,103876
38,G100-e003Coalescence-mBHI-p7_S127,2,1668930,C_C3_C4_AE_AE_mBHI_mBHI_6_S219,103876
39,C5-e003Coalescence-mBHI-inoculumn-redo,2,1580573,C_C3_C4_AE_AE_mBHI_mBHI_6_S219,103876
40,D4-e003Coalescence-Inoculumn-mBHI,2,1905366,C_C3_C4_AE_AE_mBHI_mBHI_6_S219,103876
41,C3-e003Coalescence-mBHI-inoculumn-redo,2,1386131,C_C3_C4_AE_AE_mBHI_mBHI_6_S219,103876
42,B4-e003Coalescence-Inoculumn-mBHI,6,1569971,C_C3_C4_AE_AE_mBHI_mBHI_6_S219,103876
43,C5-e003Coalescence-Inoculumn-mGAM,1,1196374,C_C3_C4_AE_AE_mBHI_mBHI_6_S219,103876
44,A4-e003Coalescence-Inoculumn-mGAM,255,1498117,C_C3_C4_AE_AE_mBHI_mBHI_6_S219,103876
45,G10-e003Coalescence-mBHI-p1_S830,2,2428880,C_C3_C4_AE_AE_mBHI_mBHI_6_S219,103876
46,Coalescence-F2-E10-AA-AE-mGAM-mBHI-3_S681,93,1470280,C_C3_C4_AE_AE_mBHI_mBHI_6_S219,103876
47,Coalescence-E5-C4-AE-AE-mBHI-mBHI-3_S672,0,2530214,C_C3_C4_AE_AE_mBHI_mBHI_6_S219,103876
48,Coalescence-A12-D11-AF-AF-mGAM-mBHI-7_S631,115,1874895,C_C3_C4_AE_AE_mBHI_mBHI_6_S219,103876
49,Coalescence-E8-D11-AF-AF-mGAM-mBHI-3_S675,124,1958325,C_C3_C4_AE_AE_mBHI_mBHI_6_S219,103876
50,Coalescence-A10-C11-AE-AF-mGAM-mBHI-7_S629,181,2451568,C_C3_C4_AE_AE_mBHI_mBHI_6_S219,103876
51,Assembly-G5-C10-AE-mGAM-5_S696,1,2151131,C_C3_C4_AE_AE_mBHI_mBHI_6_S219,103876
52,D_F11_e003Assembly_S359,1,1852547,C_C3_C4_AE_AE_mBHI_mBHI_6_S219,103876
53,C_C2_e003Assembly_S218,2,2486586,C_C3_C4_AE_AE_mBHI_mBHI_6_S219,103876
0,A_C5_C8_AA_AE_mGAM_mBHI_2_S29,3316,1240202,C_C5_C8_AA_AE_mGAM_mBHI_6_S221,103876
1,A_C8_C11_AF_AE_mGAM_mBHI_2_S32,7446,2148058,C_C5_C8_AA_AE_mGAM_mBHI_6_S221,103876
2,A_C11_C4_AE_AE_mBHI_mBHI_4_S35,8677,2544423,C_C5_C8_AA_AE_mGAM_mBHI_6_S221,103876
3,A_C12_C5_AF_AE_mBHI_mBHI_4_S36,4580,1318209,C_C5_C8_AA_AE_mGAM_mBHI_6_S221,103876
4,B_A7_E10_AE_AA_mGAM_mBHI_2_S103,3321,1585269,C_C5_C8_AA_AE_mGAM_mBHI_6_S221,103876
5,B_C7_G10_AE_AE_mGAM_mBHI_2_S127,7894,2297583,C_C5_C8_AA_AE_mGAM_mBHI_6_S221,103876
6,B_C11_C10_AE_AE_mGAM_mBHI_4_S131,7335,2142327,C_C5_C8_AA_AE_mGAM_mBHI_6_S221,103876
7,B_G7_G10_AE_AE_mGAM_mGAM_2_S175,7304,2129061,C_C5_C8_AA_AE_mGAM_mBHI_6_S221,103876
8,B_G11_C10_AE_AE_mGAM_mGAM_4_S179,5400,1605800,C_C5_C8_AA_AE_mGAM_mBHI_6_S221,103876
9,C_C3_C4_AE_AE_mBHI_mBHI_6_S219,8127,2333234,C_C5_C8_AA_AE_mGAM_mBHI_6_S221,103876
10,C_C5_C8_AA_AE_mGAM_mBHI_6_S221,0,983611,C_C5_C8_AA_AE_mGAM_mBHI_6_S221,103876
11,C_C7_C10_AE_AE_mGAM_mBHI_6_S223,8610,2496763,C_C5_C8_AA_AE_mGAM_mBHI_6_S221,103876
12,C_C8_C11_AF_AE_mGAM_mBHI_6_S224,8555,2423530,C_C5_C8_AA_AE_mGAM_mBHI_6_S221,103876
13,C_C11_G4_AE_AE_mBHI_mBHI_4_S227,7959,2284384,C_C5_C8_AA_AE_mGAM_mBHI_6_S221,103876
14,C_H12_H5_AF_AF_mBHI_mGAM_4_S288,7470,2152529,C_C5_C8_AA_AE_mGAM_mBHI_6_S221,103876
15,D_A6_A9_ACPP_AA_mGAM_mBHI_6_S294,4357,1982379,C_C5_C8_AA_AE_mGAM_mBHI_6_S221,103876
16,D_A7_A10_AE_AA_mGAM_mBHI_6_S295,214,1410130,C_C5_C8_AA_AE_mGAM_mBHI_6_S221,103876
17,D_C3_C4_AE_AE_mBHI_mBHI_6_S315,6710,1938021,C_C5_C8_AA_AE_mGAM_mBHI_6_S221,103876
18,D_C6_C9_ACPP_AE_mGAM_mBHI_6_S318,8723,2546864,C_C5_C8_AA_AE_mGAM_mBHI_6_S221,103876
19,D_C7_C10_AE_AE_mGAM_mBHI_6_S319,8582,2486700,C_C5_C8_AA_AE_mGAM_mBHI_6_S221,103876
20,D_C8_C11_AF_AE_mGAM_mBHI_6_S320,8024,2295176,C_C5_C8_AA_AE_mGAM_mBHI_6_S221,103876
21,D_C11_G10_AE_AE_mGAM_mBHI_4_S323,8560,2482678,C_C5_C8_AA_AE_mGAM_mBHI_6_S221,103876
22,D_G3_C4_AE_AE_mBHI_mGAM_6_S363,5796,1654388,C_C5_C8_AA_AE_mGAM_mBHI_6_S221,103876
23,D_G6_C9_ACPP_AE_mGAM_mGAM_6_S366,7937,2300167,C_C5_C8_AA_AE_mGAM_mBHI_6_S221,103876
24,C10-e003Coalescence-mBHI-p7,7412,2135952,C_C5_C8_AA_AE_mGAM_mBHI_6_S221,103876
25,C11-e003Coalescence-mBHI-p5,6994,2002690,C_C5_C8_AA_AE_mGAM_mBHI_6_S221,103876
26,C10-e003Coalescence-mBHI-p5,8146,2385009,C_C5_C8_AA_AE_mGAM_mBHI_6_S221,103876
27,C8-e003Coalescence-mBHI-p5,612,1198645,C_C5_C8_AA_AE_mGAM_mBHI_6_S221,103876
28,C4-e003Coalescence-mBHI-p5,8510,2502890,C_C5_C8_AA_AE_mGAM_mBHI_6_S221,103876
29,C10-e003Coalescence-mGAM-p7,7050,2061650,C_C5_C8_AA_AE_mGAM_mBHI_6_S221,103876
30,C10-e003Coalescence-mBHI-p3,8475,2460943,C_C5_C8_AA_AE_mGAM_mBHI_6_S221,103876
31,G4-e003Coalescence-mBHI-p5_S27,6724,1919003,C_C5_C8_AA_AE_mGAM_mBHI_6_S221,103876
32,G111-e003Coalescence-mBHI-p5_S32,4907,1391982,C_C5_C8_AA_AE_mGAM_mBHI_6_S221,103876
33,G100-e003Coalescence-mBHI-p5_S31,8067,2324546,C_C5_C8_AA_AE_mGAM_mBHI_6_S221,103876
34,G4-e003Coalescence-mBHI-p3_S35,7198,2069895,C_C5_C8_AA_AE_mGAM_mBHI_6_S221,103876
35,G4-e003Coalescence-mGAM-p5_S75,4787,1366979,C_C5_C8_AA_AE_mGAM_mBHI_6_S221,103876
36,G4-e003Coalescence-mGAM-p3_S83,4973,1423657,C_C5_C8_AA_AE_mGAM_mBHI_6_S221,103876
37,G4-e003Coalescence-mBHI-p7_S123,6168,1756502,C_C5_C8_AA_AE_mGAM_mBHI_6_S221,103876
38,G100-e003Coalescence-mBHI-p7_S127,5842,1668930,C_C5_C8_AA_AE_mGAM_mBHI_6_S221,103876
39,C5-e003Coalescence-mBHI-inoculumn-redo,5376,1580573,C_C5_C8_AA_AE_mGAM_mBHI_6_S221,103876
40,D4-e003Coalescence-Inoculumn-mBHI,6631,1905366,C_C5_C8_AA_AE_mGAM_mBHI_6_S221,103876
41,C3-e003Coalescence-mBHI-inoculumn-redo,4844,1386131,C_C5_C8_AA_AE_mGAM_mBHI_6_S221,103876
42,B4-e003Coalescence-Inoculumn-mBHI,5436,1569971,C_C5_C8_AA_AE_mGAM_mBHI_6_S221,103876
43,C5-e003Coalescence-Inoculumn-mGAM,4168,1196374,C_C5_C8_AA_AE_mGAM_mBHI_6_S221,103876
44,A4-e003Coalescence-Inoculumn-mGAM,3124,1498117,C_C5_C8_AA_AE_mGAM_mBHI_6_S221,103876
45,G10-e003Coalescence-mBHI-p1_S830,8277,2428880,C_C5_C8_AA_AE_mGAM_mBHI_6_S221,103876
46,Coalescence-F2-E10-AA-AE-mGAM-mBHI-3_S681,3119,1470280,C_C5_C8_AA_AE_mGAM_mBHI_6_S221,103876
47,Coalescence-E5-C4-AE-AE-mBHI-mBHI-3_S672,8627,2530214,C_C5_C8_AA_AE_mGAM_mBHI_6_S221,103876
48,Coalescence-A12-D11-AF-AF-mGAM-mBHI-7_S631,6457,1874895,C_C5_C8_AA_AE_mGAM_mBHI_6_S221,103876
49,Coalescence-E8-D11-AF-AF-mGAM-mBHI-3_S675,6814,1958325,C_C5_C8_AA_AE_mGAM_mBHI_6_S221,103876
50,Coalescence-A10-C11-AE-AF-mGAM-mBHI-7_S629,8594,2451568,C_C5_C8_AA_AE_mGAM_mBHI_6_S221,103876
51,Assembly-G5-C10-AE-mGAM-5_S696,7378,2151131,C_C5_C8_AA_AE_mGAM_mBHI_6_S221,103876
52,D_F11_e003Assembly_S359,6517,1852547,C_C5_C8_AA_AE_mGAM_mBHI_6_S221,103876
53,C_C2_e003Assembly_S218,8539,2486586,C_C5_C8_AA_AE_mGAM_mBHI_6_S221,103876
0,A_C5_C8_AA_AE_mGAM_mBHI_2_S29,21,1240202,C_C7_C10_AE_AE_mGAM_mBHI_6_S223,103876
1,A_C8_C11_AF_AE_mGAM_mBHI_2_S32,1,2148058,C_C7_C10_AE_AE_mGAM_mBHI_6_S223,103876
2,A_C11_C4_AE_AE_mBHI_mBHI_4_S35,0,2544423,C_C7_C10_AE_AE_mGAM_mBHI_6_S223,103876
3,A_C12_C5_AF_AE_mBHI_mBHI_4_S36,69,1318209,C_C7_C10_AE_AE_mGAM_mBHI_6_S223,103876
4,B_A7_E10_AE_AA_mGAM_mBHI_2_S103,96,1585269,C_C7_C10_AE_AE_mGAM_mBHI_6_S223,103876
5,B_C7_G10_AE_AE_mGAM_mBHI_2_S127,0,2297583,C_C7_C10_AE_AE_mGAM_mBHI_6_S223,103876
6,B_C11_C10_AE_AE_mGAM_mBHI_4_S131,0,2142327,C_C7_C10_AE_AE_mGAM_mBHI_6_S223,103876
7,B_G7_G10_AE_AE_mGAM_mGAM_2_S175,0,2129061,C_C7_C10_AE_AE_mGAM_mBHI_6_S223,103876
8,B_G11_C10_AE_AE_mGAM_mGAM_4_S179,0,1605800,C_C7_C10_AE_AE_mGAM_mBHI_6_S223,103876
9,C_C3_C4_AE_AE_mBHI_mBHI_6_S219,3,2333234,C_C7_C10_AE_AE_mGAM_mBHI_6_S223,103876
10,C_C5_C8_AA_AE_mGAM_mBHI_6_S221,8610,983611,C_C7_C10_AE_AE_mGAM_mBHI_6_S223,103876
11,C_C7_C10_AE_AE_mGAM_mBHI_6_S223,0,2496763,C_C7_C10_AE_AE_mGAM_mBHI_6_S223,103876
12,C_C8_C11_AF_AE_mGAM_mBHI_6_S224,189,2423530,C_C7_C10_AE_AE_mGAM_mBHI_6_S223,103876
13,C_C11_G4_AE_AE_mBHI_mBHI_4_S227,1,2284384,C_C7_C10_AE_AE_mGAM_mBHI_6_S223,103876
14,C_H12_H5_AF_AF_mBHI_mGAM_4_S288,119,2152529,C_C7_C10_AE_AE_mGAM_mBHI_6_S223,103876
15,D_A6_A9_ACPP_AA_mGAM_mBHI_6_S294,27,1982379,C_C7_C10_AE_AE_mGAM_mBHI_6_S223,103876
16,D_A7_A10_AE_AA_mGAM_mBHI_6_S295,7882,1410130,C_C7_C10_AE_AE_mGAM_mBHI_6_S223,103876
17,D_C3_C4_AE_AE_mBHI_mBHI_6_S315,3,1938021,C_C7_C10_AE_AE_mGAM_mBHI_6_S223,103876
18,D_C6_C9_ACPP_AE_mGAM_mBHI_6_S318,0,2546864,C_C7_C10_AE_AE_mGAM_mBHI_6_S223,103876
19,D_C7_C10_AE_AE_mGAM_mBHI_6_S319,0,2486700,C_C7_C10_AE_AE_mGAM_mBHI_6_S223,103876
20,D_C8_C11_AF_AE_mGAM_mBHI_6_S320,142,2295176,C_C7_C10_AE_AE_mGAM_mBHI_6_S223,103876
21,D_C11_G10_AE_AE_mGAM_mBHI_4_S323,0,2482678,C_C7_C10_AE_AE_mGAM_mBHI_6_S223,103876
22,D_G3_C4_AE_AE_mBHI_mGAM_6_S363,2,1654388,C_C7_C10_AE_AE_mGAM_mBHI_6_S223,103876
23,D_G6_C9_ACPP_AE_mGAM_mGAM_6_S366,0,2300167,C_C7_C10_AE_AE_mGAM_mBHI_6_S223,103876
24,C10-e003Coalescence-mBHI-p7,2,2135952,C_C7_C10_AE_AE_mGAM_mBHI_6_S223,103876
25,C11-e003Coalescence-mBHI-p5,143,2002690,C_C7_C10_AE_AE_mGAM_mBHI_6_S223,103876
26,C10-e003Coalescence-mBHI-p5,2,2385009,C_C7_C10_AE_AE_mGAM_mBHI_6_S223,103876
27,C8-e003Coalescence-mBHI-p5,4144,1198645,C_C7_C10_AE_AE_mGAM_mBHI_6_S223,103876
28,C4-e003Coalescence-mBHI-p5,1,2502890,C_C7_C10_AE_AE_mGAM_mBHI_6_S223,103876
29,C10-e003Coalescence-mGAM-p7,2,2061650,C_C7_C10_AE_AE_mGAM_mBHI_6_S223,103876
30,C10-e003Coalescence-mBHI-p3,4,2460943,C_C7_C10_AE_AE_mGAM_mBHI_6_S223,103876
31,G4-e003Coalescence-mBHI-p5_S27,1,1919003,C_C7_C10_AE_AE_mGAM_mBHI_6_S223,103876
32,G111-e003Coalescence-mBHI-p5_S32,88,1391982,C_C7_C10_AE_AE_mGAM_mBHI_6_S223,103876
33,G100-e003Coalescence-mBHI-p5_S31,0,2324546,C_C7_C10_AE_AE_mGAM_mBHI_6_S223,103876
34,G4-e003Coalescence-mBHI-p3_S35,2,2069895,C_C7_C10_AE_AE_mGAM_mBHI_6_S223,103876
35,G4-e003Coalescence-mGAM-p5_S75,1,1366979,C_C7_C10_AE_AE_mGAM_mBHI_6_S223,103876
36,G4-e003Coalescence-mGAM-p3_S83,1,1423657,C_C7_C10_AE_AE_mGAM_mBHI_6_S223,103876
37,G4-e003Coalescence-mBHI-p7_S123,0,1756502,C_C7_C10_AE_AE_mGAM_mBHI_6_S223,103876
38,G100-e003Coalescence-mBHI-p7_S127,2,1668930,C_C7_C10_AE_AE_mGAM_mBHI_6_S223,103876
39,C5-e003Coalescence-mBHI-inoculumn-redo,2,1580573,C_C7_C10_AE_AE_mGAM_mBHI_6_S223,103876
40,D4-e003Coalescence-Inoculumn-mBHI,1,1905366,C_C7_C10_AE_AE_mGAM_mBHI_6_S223,103876
41,C3-e003Coalescence-mBHI-inoculumn-redo,1,1386131,C_C7_C10_AE_AE_mGAM_mBHI_6_S223,103876
42,B4-e003Coalescence-Inoculumn-mBHI,6,1569971,C_C7_C10_AE_AE_mGAM_mBHI_6_S223,103876
43,C5-e003Coalescence-Inoculumn-mGAM,0,1196374,C_C7_C10_AE_AE_mGAM_mBHI_6_S223,103876
44,A4-e003Coalescence-Inoculumn-mGAM,273,1498117,C_C7_C10_AE_AE_mGAM_mBHI_6_S223,103876
45,G10-e003Coalescence-mBHI-p1_S830,0,2428880,C_C7_C10_AE_AE_mGAM_mBHI_6_S223,103876
46,Coalescence-F2-E10-AA-AE-mGAM-mBHI-3_S681,98,1470280,C_C7_C10_AE_AE_mGAM_mBHI_6_S223,103876
47,Coalescence-E5-C4-AE-AE-mBHI-mBHI-3_S672,0,2530214,C_C7_C10_AE_AE_mGAM_mBHI_6_S223,103876
48,Coalescence-A12-D11-AF-AF-mGAM-mBHI-7_S631,120,1874895,C_C7_C10_AE_AE_mGAM_mBHI_6_S223,103876
49,Coalescence-E8-D11-AF-AF-mGAM-mBHI-3_S675,132,1958325,C_C7_C10_AE_AE_mGAM_mBHI_6_S223,103876
50,Coalescence-A10-C11-AE-AF-mGAM-mBHI-7_S629,198,2451568,C_C7_C10_AE_AE_mGAM_mBHI_6_S223,103876
51,Assembly-G5-C10-AE-mGAM-5_S696,1,2151131,C_C7_C10_AE_AE_mGAM_mBHI_6_S223,103876
52,D_F11_e003Assembly_S359,3,1852547,C_C7_C10_AE_AE_mGAM_mBHI_6_S223,103876
53,C_C2_e003Assembly_S218,5,2486586,C_C7_C10_AE_AE_mGAM_mBHI_6_S223,103876
0,A_C5_C8_AA_AE_mGAM_mBHI_2_S29,93,1240202,C_C8_C11_AF_AE_mGAM_mBHI_6_S224,103876
1,A_C8_C11_AF_AE_mGAM_mBHI_2_S32,121,2148058,C_C8_C11_AF_AE_mGAM_mBHI_6_S224,103876
2,A_C11_C4_AE_AE_mBHI_mBHI_4_S35,180,2544423,C_C8_C11_AF_AE_mGAM_mBHI_6_S224,103876
3,A_C12_C5_AF_AE_mBHI_mBHI_4_S36,1,1318209,C_C8_C11_AF_AE_mGAM_mBHI_6_S224,103876
4,B_A7_E10_AE_AA_mGAM_mBHI_2_S103,195,1585269,C_C8_C11_AF_AE_mGAM_mBHI_6_S224,103876
5,B_C7_G10_AE_AE_mGAM_mBHI_2_S127,174,2297583,C_C8_C11_AF_AE_mGAM_mBHI_6_S224,103876
6,B_C11_C10_AE_AE_mGAM_mBHI_4_S131,168,2142327,C_C8_C11_AF_AE_mGAM_mBHI_6_S224,103876
7,B_G7_G10_AE_AE_mGAM_mGAM_2_S175,173,2129061,C_C8_C11_AF_AE_mGAM_mBHI_6_S224,103876
8,B_G11_C10_AE_AE_mGAM_mGAM_4_S179,134,1605800,C_C8_C11_AF_AE_mGAM_mBHI_6_S224,103876
9,C_C3_C4_AE_AE_mBHI_mBHI_6_S219,176,2333234,C_C8_C11_AF_AE_mGAM_mBHI_6_S224,103876
10,C_C5_C8_AA_AE_mGAM_mBHI_6_S221,8555,983611,C_C8_C11_AF_AE_mGAM_mBHI_6_S224,103876
11,C_C7_C10_AE_AE_mGAM_mBHI_6_S223,189,2496763,C_C8_C11_AF_AE_mGAM_mBHI_6_S224,103876
12,C_C8_C11_AF_AE_mGAM_mBHI_6_S224,0,2423530,C_C8_C11_AF_AE_mGAM_mBHI_6_S224,103876
13,C_C11_G4_AE_AE_mBHI_mBHI_4_S227,159,2284384,C_C8_C11_AF_AE_mGAM_mBHI_6_S224,103876
14,C_H12_H5_AF_AF_mBHI_mGAM_4_S288,3,2152529,C_C8_C11_AF_AE_mGAM_mBHI_6_S224,103876
15,D_A6_A9_ACPP_AA_mGAM_mBHI_6_S294,165,1982379,C_C8_C11_AF_AE_mGAM_mBHI_6_S224,103876
16,D_A7_A10_AE_AA_mGAM_mBHI_6_S295,7852,1410130,C_C8_C11_AF_AE_mGAM_mBHI_6_S224,103876
17,D_C3_C4_AE_AE_mBHI_mBHI_6_S315,121,1938021,C_C8_C11_AF_AE_mGAM_mBHI_6_S224,103876
18,D_C6_C9_ACPP_AE_mGAM_mBHI_6_S318,189,2546864,C_C8_C11_AF_AE_mGAM_mBHI_6_S224,103876
19,D_C7_C10_AE_AE_mGAM_mBHI_6_S319,189,2486700,C_C8_C11_AF_AE_mGAM_mBHI_6_S224,103876
20,D_C8_C11_AF_AE_mGAM_mBHI_6_S320,0,2295176,C_C8_C11_AF_AE_mGAM_mBHI_6_S224,103876
21,D_C11_G10_AE_AE_mGAM_mBHI_4_S323,184,2482678,C_C8_C11_AF_AE_mGAM_mBHI_6_S224,103876
22,D_G3_C4_AE_AE_mBHI_mGAM_6_S363,130,1654388,C_C8_C11_AF_AE_mGAM_mBHI_6_S224,103876
23,D_G6_C9_ACPP_AE_mGAM_mGAM_6_S366,183,2300167,C_C8_C11_AF_AE_mGAM_mBHI_6_S224,103876
24,C10-e003Coalescence-mBHI-p7,164,2135952,C_C8_C11_AF_AE_mGAM_mBHI_6_S224,103876
25,C11-e003Coalescence-mBHI-p5,0,2002690,C_C8_C11_AF_AE_mGAM_mBHI_6_S224,103876
26,C10-e003Coalescence-mBHI-p5,167,2385009,C_C8_C11_AF_AE_mGAM_mBHI_6_S224,103876
27,C8-e003Coalescence-mBHI-p5,4150,1198645,C_C8_C11_AF_AE_mGAM_mBHI_6_S224,103876
28,C4-e003Coalescence-mBHI-p5,179,2502890,C_C8_C11_AF_AE_mGAM_mBHI_6_S224,103876
29,C10-e003Coalescence-mGAM-p7,167,2061650,C_C8_C11_AF_AE_mGAM_mBHI_6_S224,103876
30,C10-e003Coalescence-mBHI-p3,188,2460943,C_C8_C11_AF_AE_mGAM_mBHI_6_S224,103876
31,G4-e003Coalescence-mBHI-p5_S27,129,1919003,C_C8_C11_AF_AE_mGAM_mBHI_6_S224,103876
32,G111-e003Coalescence-mBHI-p5_S32,1,1391982,C_C8_C11_AF_AE_mGAM_mBHI_6_S224,103876
33,G100-e003Coalescence-mBHI-p5_S31,179,2324546,C_C8_C11_AF_AE_mGAM_mBHI_6_S224,103876
34,G4-e003Coalescence-mBHI-p3_S35,167,2069895,C_C8_C11_AF_AE_mGAM_mBHI_6_S224,103876
35,G4-e003Coalescence-mGAM-p5_S75,94,1366979,C_C8_C11_AF_AE_mGAM_mBHI_6_S224,103876
36,G4-e003Coalescence-mGAM-p3_S83,105,1423657,C_C8_C11_AF_AE_mGAM_mBHI_6_S224,103876
37,G4-e003Coalescence-mBHI-p7_S123,144,1756502,C_C8_C11_AF_AE_mGAM_mBHI_6_S224,103876
38,G100-e003Coalescence-mBHI-p7_S127,125,1668930,C_C8_C11_AF_AE_mGAM_mBHI_6_S224,103876
39,C5-e003Coalescence-mBHI-inoculumn-redo,89,1580573,C_C8_C11_AF_AE_mGAM_mBHI_6_S224,103876
40,D4-e003Coalescence-Inoculumn-mBHI,112,1905366,C_C8_C11_AF_AE_mGAM_mBHI_6_S224,103876
41,C3-e003Coalescence-mBHI-inoculumn-redo,104,1386131,C_C8_C11_AF_AE_mGAM_mBHI_6_S224,103876
42,B4-e003Coalescence-Inoculumn-mBHI,127,1569971,C_C8_C11_AF_AE_mGAM_mBHI_6_S224,103876
43,C5-e003Coalescence-Inoculumn-mGAM,75,1196374,C_C8_C11_AF_AE_mGAM_mBHI_6_S224,103876
44,A4-e003Coalescence-Inoculumn-mGAM,376,1498117,C_C8_C11_AF_AE_mGAM_mBHI_6_S224,103876
45,G10-e003Coalescence-mBHI-p1_S830,180,2428880,C_C8_C11_AF_AE_mGAM_mBHI_6_S224,103876
46,Coalescence-F2-E10-AA-AE-mGAM-mBHI-3_S681,199,1470280,C_C8_C11_AF_AE_mGAM_mBHI_6_S224,103876
47,Coalescence-E5-C4-AE-AE-mBHI-mBHI-3_S672,180,2530214,C_C8_C11_AF_AE_mGAM_mBHI_6_S224,103876
48,Coalescence-A12-D11-AF-AF-mGAM-mBHI-7_S631,0,1874895,C_C8_C11_AF_AE_mGAM_mBHI_6_S224,103876
49,Coalescence-E8-D11-AF-AF-mGAM-mBHI-3_S675,0,1958325,C_C8_C11_AF_AE_mGAM_mBHI_6_S224,103876
50,Coalescence-A10-C11-AE-AF-mGAM-mBHI-7_S629,0,2451568,C_C8_C11_AF_AE_mGAM_mBHI_6_S224,103876
51,Assembly-G5-C10-AE-mGAM-5_S696,162,2151131,C_C8_C11_AF_AE_mGAM_mBHI_6_S224,103876
52,D_F11_e003Assembly_S359,148,1852547,C_C8_C11_AF_AE_mGAM_mBHI_6_S224,103876
53,C_C2_e003Assembly_S218,182,2486586,C_C8_C11_AF_AE_mGAM_mBHI_6_S224,103876
0,A_C5_C8_AA_AE_mGAM_mBHI_2_S29,18,1240202,C_C11_G4_AE_AE_mBHI_mBHI_4_S227,103876
1,A_C8_C11_AF_AE_mGAM_mBHI_2_S32,2,2148058,C_C11_G4_AE_AE_mBHI_mBHI_4_S227,103876
2,A_C11_C4_AE_AE_mBHI_mBHI_4_S35,0,2544423,C_C11_G4_AE_AE_mBHI_mBHI_4_S227,103876
3,A_C12_C5_AF_AE_mBHI_mBHI_4_S36,63,1318209,C_C11_G4_AE_AE_mBHI_mBHI_4_S227,103876
4,B_A7_E10_AE_AA_mGAM_mBHI_2_S103,92,1585269,C_C11_G4_AE_AE_mBHI_mBHI_4_S227,103876
5,B_C7_G10_AE_AE_mGAM_mBHI_2_S127,1,2297583,C_C11_G4_AE_AE_mBHI_mBHI_4_S227,103876
6,B_C11_C10_AE_AE_mGAM_mBHI_4_S131,1,2142327,C_C11_G4_AE_AE_mBHI_mBHI_4_S227,103876
7,B_G7_G10_AE_AE_mGAM_mGAM_2_S175,1,2129061,C_C11_G4_AE_AE_mBHI_mBHI_4_S227,103876
8,B_G11_C10_AE_AE_mGAM_mGAM_4_S179,1,1605800,C_C11_G4_AE_AE_mBHI_mBHI_4_S227,103876
9,C_C3_C4_AE_AE_mBHI_mBHI_6_S219,1,2333234,C_C11_G4_AE_AE_mBHI_mBHI_4_S227,103876
10,C_C5_C8_AA_AE_mGAM_mBHI_6_S221,7959,983611,C_C11_G4_AE_AE_mBHI_mBHI_4_S227,103876
11,C_C7_C10_AE_AE_mGAM_mBHI_6_S223,1,2496763,C_C11_G4_AE_AE_mBHI_mBHI_4_S227,103876
12,C_C8_C11_AF_AE_mGAM_mBHI_6_S224,159,2423530,C_C11_G4_AE_AE_mBHI_mBHI_4_S227,103876
13,C_C11_G4_AE_AE_mBHI_mBHI_4_S227,0,2284384,C_C11_G4_AE_AE_mBHI_mBHI_4_S227,103876
14,C_H12_H5_AF_AF_mBHI_mGAM_4_S288,104,2152529,C_C11_G4_AE_AE_mBHI_mBHI_4_S227,103876
15,D_A6_A9_ACPP_AA_mGAM_mBHI_6_S294,28,1982379,C_C11_G4_AE_AE_mBHI_mBHI_4_S227,103876
16,D_A7_A10_AE_AA_mGAM_mBHI_6_S295,7280,1410130,C_C11_G4_AE_AE_mBHI_mBHI_4_S227,103876
17,D_C3_C4_AE_AE_mBHI_mBHI_6_S315,1,1938021,C_C11_G4_AE_AE_mBHI_mBHI_4_S227,103876
18,D_C6_C9_ACPP_AE_mGAM_mBHI_6_S318,1,2546864,C_C11_G4_AE_AE_mBHI_mBHI_4_S227,103876
19,D_C7_C10_AE_AE_mGAM_mBHI_6_S319,1,2486700,C_C11_G4_AE_AE_mBHI_mBHI_4_S227,103876
20,D_C8_C11_AF_AE_mGAM_mBHI_6_S320,128,2295176,C_C11_G4_AE_AE_mBHI_mBHI_4_S227,103876
21,D_C11_G10_AE_AE_mGAM_mBHI_4_S323,1,2482678,C_C11_G4_AE_AE_mBHI_mBHI_4_S227,103876
22,D_G3_C4_AE_AE_mBHI_mGAM_6_S363,1,1654388,C_C11_G4_AE_AE_mBHI_mBHI_4_S227,103876
23,D_G6_C9_ACPP_AE_mGAM_mGAM_6_S366,1,2300167,C_C11_G4_AE_AE_mBHI_mBHI_4_S227,103876
24,C10-e003Coalescence-mBHI-p7,3,2135952,C_C11_G4_AE_AE_mBHI_mBHI_4_S227,103876
25,C11-e003Coalescence-mBHI-p5,129,2002690,C_C11_G4_AE_AE_mBHI_mBHI_4_S227,103876
26,C10-e003Coalescence-mBHI-p5,4,2385009,C_C11_G4_AE_AE_mBHI_mBHI_4_S227,103876
27,C8-e003Coalescence-mBHI-p5,3800,1198645,C_C11_G4_AE_AE_mBHI_mBHI_4_S227,103876
28,C4-e003Coalescence-mBHI-p5,2,2502890,C_C11_G4_AE_AE_mBHI_mBHI_4_S227,103876
29,C10-e003Coalescence-mGAM-p7,3,2061650,C_C11_G4_AE_AE_mBHI_mBHI_4_S227,103876
30,C10-e003Coalescence-mBHI-p3,5,2460943,C_C11_G4_AE_AE_mBHI_mBHI_4_S227,103876
31,G4-e003Coalescence-mBHI-p5_S27,0,1919003,C_C11_G4_AE_AE_mBHI_mBHI_4_S227,103876
32,G111-e003Coalescence-mBHI-p5_S32,74,1391982,C_C11_G4_AE_AE_mBHI_mBHI_4_S227,103876
33,G100-e003Coalescence-mBHI-p5_S31,1,2324546,C_C11_G4_AE_AE_mBHI_mBHI_4_S227,103876
34,G4-e003Coalescence-mBHI-p3_S35,0,2069895,C_C11_G4_AE_AE_mBHI_mBHI_4_S227,103876
35,G4-e003Coalescence-mGAM-p5_S75,0,1366979,C_C11_G4_AE_AE_mBHI_mBHI_4_S227,103876
36,G4-e003Coalescence-mGAM-p3_S83,1,1423657,C_C11_G4_AE_AE_mBHI_mBHI_4_S227,103876
37,G4-e003Coalescence-mBHI-p7_S123,0,1756502,C_C11_G4_AE_AE_mBHI_mBHI_4_S227,103876
38,G100-e003Coalescence-mBHI-p7_S127,3,1668930,C_C11_G4_AE_AE_mBHI_mBHI_4_S227,103876
39,C5-e003Coalescence-mBHI-inoculumn-redo,1,1580573,C_C11_G4_AE_AE_mBHI_mBHI_4_S227,103876
40,D4-e003Coalescence-Inoculumn-mBHI,0,1905366,C_C11_G4_AE_AE_mBHI_mBHI_4_S227,103876
41,C3-e003Coalescence-mBHI-inoculumn-redo,0,1386131,C_C11_G4_AE_AE_mBHI_mBHI_4_S227,103876
42,B4-e003Coalescence-Inoculumn-mBHI,1,1569971,C_C11_G4_AE_AE_mBHI_mBHI_4_S227,103876
43,C5-e003Coalescence-Inoculumn-mGAM,0,1196374,C_C11_G4_AE_AE_mBHI_mBHI_4_S227,103876
44,A4-e003Coalescence-Inoculumn-mGAM,240,1498117,C_C11_G4_AE_AE_mBHI_mBHI_4_S227,103876
45,G10-e003Coalescence-mBHI-p1_S830,1,2428880,C_C11_G4_AE_AE_mBHI_mBHI_4_S227,103876
46,Coalescence-F2-E10-AA-AE-mGAM-mBHI-3_S681,91,1470280,C_C11_G4_AE_AE_mBHI_mBHI_4_S227,103876
47,Coalescence-E5-C4-AE-AE-mBHI-mBHI-3_S672,0,2530214,C_C11_G4_AE_AE_mBHI_mBHI_4_S227,103876
48,Coalescence-A12-D11-AF-AF-mGAM-mBHI-7_S631,104,1874895,C_C11_G4_AE_AE_mBHI_mBHI_4_S227,103876
49,Coalescence-E8-D11-AF-AF-mGAM-mBHI-3_S675,111,1958325,C_C11_G4_AE_AE_mBHI_mBHI_4_S227,103876
50,Coalescence-A10-C11-AE-AF-mGAM-mBHI-7_S629,172,2451568,C_C11_G4_AE_AE_mBHI_mBHI_4_S227,103876
51,Assembly-G5-C10-AE-mGAM-5_S696,3,2151131,C_C11_G4_AE_AE_mBHI_mBHI_4_S227,103876
52,D_F11_e003Assembly_S359,0,1852547,C_C11_G4_AE_AE_mBHI_mBHI_4_S227,103876
53,C_C2_e003Assembly_S218,0,2486586,C_C11_G4_AE_AE_mBHI_mBHI_4_S227,103876
0,A_C5_C8_AA_AE_mGAM_mBHI_2_S29,63,1240202,C_H12_H5_AF_AF_mBHI_mGAM_4_S288,103876
1,A_C8_C11_AF_AE_mGAM_mBHI_2_S32,74,2148058,C_H12_H5_AF_AF_mBHI_mGAM_4_S288,103876
2,A_C11_C4_AE_AE_mBHI_mBHI_4_S35,112,2544423,C_H12_H5_AF_AF_mBHI_mGAM_4_S288,103876
3,A_C12_C5_AF_AE_mBHI_mBHI_4_S36,2,1318209,C_H12_H5_AF_AF_mBHI_mGAM_4_S288,103876
4,B_A7_E10_AE_AA_mGAM_mBHI_2_S103,142,1585269,C_H12_H5_AF_AF_mBHI_mGAM_4_S288,103876
5,B_C7_G10_AE_AE_mGAM_mBHI_2_S127,107,2297583,C_H12_H5_AF_AF_mBHI_mGAM_4_S288,103876
6,B_C11_C10_AE_AE_mGAM_mBHI_4_S131,106,2142327,C_H12_H5_AF_AF_mBHI_mGAM_4_S288,103876
7,B_G7_G10_AE_AE_mGAM_mGAM_2_S175,107,2129061,C_H12_H5_AF_AF_mBHI_mGAM_4_S288,103876
8,B_G11_C10_AE_AE_mGAM_mGAM_4_S179,88,1605800,C_H12_H5_AF_AF_mBHI_mGAM_4_S288,103876
9,C_C3_C4_AE_AE_mBHI_mBHI_6_S219,110,2333234,C_H12_H5_AF_AF_mBHI_mGAM_4_S288,103876
10,C_C5_C8_AA_AE_mGAM_mBHI_6_S221,7470,983611,C_H12_H5_AF_AF_mBHI_mGAM_4_S288,103876
11,C_C7_C10_AE_AE_mGAM_mBHI_6_S223,119,2496763,C_H12_H5_AF_AF_mBHI_mGAM_4_S288,103876
12,C_C8_C11_AF_AE_mGAM_mBHI_6_S224,3,2423530,C_H12_H5_AF_AF_mBHI_mGAM_4_S288,103876
13,C_C11_G4_AE_AE_mBHI_mBHI_4_S227,104,2284384,C_H12_H5_AF_AF_mBHI_mGAM_4_S288,103876
14,C_H12_H5_AF_AF_mBHI_mGAM_4_S288,0,2152529,C_H12_H5_AF_AF_mBHI_mGAM_4_S288,103876
15,D_A6_A9_ACPP_AA_mGAM_mBHI_6_S294,103,1982379,C_H12_H5_AF_AF_mBHI_mGAM_4_S288,103876
16,D_A7_A10_AE_AA_mGAM_mBHI_6_S295,6857,1410130,C_H12_H5_AF_AF_mBHI_mGAM_4_S288,103876
17,D_C3_C4_AE_AE_mBHI_mBHI_6_S315,78,1938021,C_H12_H5_AF_AF_mBHI_mGAM_4_S288,103876
18,D_C6_C9_ACPP_AE_mGAM_mBHI_6_S318,119,2546864,C_H12_H5_AF_AF_mBHI_mGAM_4_S288,103876
19,D_C7_C10_AE_AE_mGAM_mBHI_6_S319,118,2486700,C_H12_H5_AF_AF_mBHI_mGAM_4_S288,103876
20,D_C8_C11_AF_AE_mGAM_mBHI_6_S320,3,2295176,C_H12_H5_AF_AF_mBHI_mGAM_4_S288,103876
21,D_C11_G10_AE_AE_mGAM_mBHI_4_S323,117,2482678,C_H12_H5_AF_AF_mBHI_mGAM_4_S288,103876
22,D_G3_C4_AE_AE_mBHI_mGAM_6_S363,87,1654388,C_H12_H5_AF_AF_mBHI_mGAM_4_S288,103876
23,D_G6_C9_ACPP_AE_mGAM_mGAM_6_S366,114,2300167,C_H12_H5_AF_AF_mBHI_mGAM_4_S288,103876
24,C10-e003Coalescence-mBHI-p7,103,2135952,C_H12_H5_AF_AF_mBHI_mGAM_4_S288,103876
25,C11-e003Coalescence-mBHI-p5,4,2002690,C_H12_H5_AF_AF_mBHI_mGAM_4_S288,103876
26,C10-e003Coalescence-mBHI-p5,110,2385009,C_H12_H5_AF_AF_mBHI_mGAM_4_S288,103876
27,C8-e003Coalescence-mBHI-p5,3622,1198645,C_H12_H5_AF_AF_mBHI_mGAM_4_S288,103876
28,C4-e003Coalescence-mBHI-p5,113,2502890,C_H12_H5_AF_AF_mBHI_mGAM_4_S288,103876
29,C10-e003Coalescence-mGAM-p7,95,2061650,C_H12_H5_AF_AF_mBHI_mGAM_4_S288,103876
30,C10-e003Coalescence-mBHI-p3,120,2460943,C_H12_H5_AF_AF_mBHI_mGAM_4_S288,103876
31,G4-e003Coalescence-mBHI-p5_S27,81,1919003,C_H12_H5_AF_AF_mBHI_mGAM_4_S288,103876
32,G111-e003Coalescence-mBHI-p5_S32,2,1391982,C_H12_H5_AF_AF_mBHI_mGAM_4_S288,103876
33,G100-e003Coalescence-mBHI-p5_S31,110,2324546,C_H12_H5_AF_AF_mBHI_mGAM_4_S288,103876
34,G4-e003Coalescence-mBHI-p3_S35,106,2069895,C_H12_H5_AF_AF_mBHI_mGAM_4_S288,103876
35,G4-e003Coalescence-mGAM-p5_S75,67,1366979,C_H12_H5_AF_AF_mBHI_mGAM_4_S288,103876
36,G4-e003Coalescence-mGAM-p3_S83,75,1423657,C_H12_H5_AF_AF_mBHI_mGAM_4_S288,103876
37,G4-e003Coalescence-mBHI-p7_S123,94,1756502,C_H12_H5_AF_AF_mBHI_mGAM_4_S288,103876
38,G100-e003Coalescence-mBHI-p7_S127,96,1668930,C_H12_H5_AF_AF_mBHI_mGAM_4_S288,103876
39,C5-e003Coalescence-mBHI-inoculumn-redo,66,1580573,C_H12_H5_AF_AF_mBHI_mGAM_4_S288,103876
40,D4-e003Coalescence-Inoculumn-mBHI,61,1905366,C_H12_H5_AF_AF_mBHI_mGAM_4_S288,103876
41,C3-e003Coalescence-mBHI-inoculumn-redo,66,1386131,C_H12_H5_AF_AF_mBHI_mGAM_4_S288,103876
42,B4-e003Coalescence-Inoculumn-mBHI,80,1569971,C_H12_H5_AF_AF_mBHI_mGAM_4_S288,103876
43,C5-e003Coalescence-Inoculumn-mGAM,47,1196374,C_H12_H5_AF_AF_mBHI_mGAM_4_S288,103876
44,A4-e003Coalescence-Inoculumn-mGAM,318,1498117,C_H12_H5_AF_AF_mBHI_mGAM_4_S288,103876
45,G10-e003Coalescence-mBHI-p1_S830,117,2428880,C_H12_H5_AF_AF_mBHI_mGAM_4_S288,103876
46,Coalescence-F2-E10-AA-AE-mGAM-mBHI-3_S681,140,1470280,C_H12_H5_AF_AF_mBHI_mGAM_4_S288,103876
47,Coalescence-E5-C4-AE-AE-mBHI-mBHI-3_S672,111,2530214,C_H12_H5_AF_AF_mBHI_mGAM_4_S288,103876
48,Coalescence-A12-D11-AF-AF-mGAM-mBHI-7_S631,5,1874895,C_H12_H5_AF_AF_mBHI_mGAM_4_S288,103876
49,Coalescence-E8-D11-AF-AF-mGAM-mBHI-3_S675,3,1958325,C_H12_H5_AF_AF_mBHI_mGAM_4_S288,103876
50,Coalescence-A10-C11-AE-AF-mGAM-mBHI-7_S629,4,2451568,C_H12_H5_AF_AF_mBHI_mGAM_4_S288,103876
51,Assembly-G5-C10-AE-mGAM-5_S696,101,2151131,C_H12_H5_AF_AF_mBHI_mGAM_4_S288,103876
52,D_F11_e003Assembly_S359,97,1852547,C_H12_H5_AF_AF_mBHI_mGAM_4_S288,103876
53,C_C2_e003Assembly_S218,112,2486586,C_H12_H5_AF_AF_mBHI_mGAM_4_S288,103876
0,A_C5_C8_AA_AE_mGAM_mBHI_2_S29,21,1240202,D_A6_A9_ACPP_AA_mGAM_mBHI_6_S294,103876
1,A_C8_C11_AF_AE_mGAM_mBHI_2_S32,17,2148058,D_A6_A9_ACPP_AA_mGAM_mBHI_6_S294,103876
2,A_C11_C4_AE_AE_mBHI_mBHI_4_S35,27,2544423,D_A6_A9_ACPP_AA_mGAM_mBHI_6_S294,103876
3,A_C12_C5_AF_AE_mBHI_mBHI_4_S36,64,1318209,D_A6_A9_ACPP_AA_mGAM_mBHI_6_S294,103876
4,B_A7_E10_AE_AA_mGAM_mBHI_2_S103,61,1585269,D_A6_A9_ACPP_AA_mGAM_mBHI_6_S294,103876
5,B_C7_G10_AE_AE_mGAM_mBHI_2_S127,24,2297583,D_A6_A9_ACPP_AA_mGAM_mBHI_6_S294,103876
6,B_C11_C10_AE_AE_mGAM_mBHI_4_S131,21,2142327,D_A6_A9_ACPP_AA_mGAM_mBHI_6_S294,103876
7,B_G7_G10_AE_AE_mGAM_mGAM_2_S175,23,2129061,D_A6_A9_ACPP_AA_mGAM_mBHI_6_S294,103876
8,B_G11_C10_AE_AE_mGAM_mGAM_4_S179,15,1605800,D_A6_A9_ACPP_AA_mGAM_mBHI_6_S294,103876
9,C_C3_C4_AE_AE_mBHI_mBHI_6_S219,28,2333234,D_A6_A9_ACPP_AA_mGAM_mBHI_6_S294,103876
10,C_C5_C8_AA_AE_mGAM_mBHI_6_S221,4357,983611,D_A6_A9_ACPP_AA_mGAM_mBHI_6_S294,103876
11,C_C7_C10_AE_AE_mGAM_mBHI_6_S223,27,2496763,D_A6_A9_ACPP_AA_mGAM_mBHI_6_S294,103876
12,C_C8_C11_AF_AE_mGAM_mBHI_6_S224,165,2423530,D_A6_A9_ACPP_AA_mGAM_mBHI_6_S294,103876
13,C_C11_G4_AE_AE_mBHI_mBHI_4_S227,28,2284384,D_A6_A9_ACPP_AA_mGAM_mBHI_6_S294,103876
14,C_H12_H5_AF_AF_mBHI_mGAM_4_S288,103,2152529,D_A6_A9_ACPP_AA_mGAM_mBHI_6_S294,103876
15,D_A6_A9_ACPP_AA_mGAM_mBHI_6_S294,0,1982379,D_A6_A9_ACPP_AA_mGAM_mBHI_6_S294,103876
16,D_A7_A10_AE_AA_mGAM_mBHI_6_S295,3906,1410130,D_A6_A9_ACPP_AA_mGAM_mBHI_6_S294,103876
17,D_C3_C4_AE_AE_mBHI_mBHI_6_S315,21,1938021,D_A6_A9_ACPP_AA_mGAM_mBHI_6_S294,103876
18,D_C6_C9_ACPP_AE_mGAM_mBHI_6_S318,27,2546864,D_A6_A9_ACPP_AA_mGAM_mBHI_6_S294,103876
19,D_C7_C10_AE_AE_mGAM_mBHI_6_S319,27,2486700,D_A6_A9_ACPP_AA_mGAM_mBHI_6_S294,103876
20,D_C8_C11_AF_AE_mGAM_mBHI_6_S320,122,2295176,D_A6_A9_ACPP_AA_mGAM_mBHI_6_S294,103876
21,D_C11_G10_AE_AE_mGAM_mBHI_4_S323,27,2482678,D_A6_A9_ACPP_AA_mGAM_mBHI_6_S294,103876
22,D_G3_C4_AE_AE_mBHI_mGAM_6_S363,20,1654388,D_A6_A9_ACPP_AA_mGAM_mBHI_6_S294,103876
23,D_G6_C9_ACPP_AE_mGAM_mGAM_6_S366,28,2300167,D_A6_A9_ACPP_AA_mGAM_mBHI_6_S294,103876
24,C10-e003Coalescence-mBHI-p7,29,2135952,D_A6_A9_ACPP_AA_mGAM_mBHI_6_S294,103876
25,C11-e003Coalescence-mBHI-p5,126,2002690,D_A6_A9_ACPP_AA_mGAM_mBHI_6_S294,103876
26,C10-e003Coalescence-mBHI-p5,29,2385009,D_A6_A9_ACPP_AA_mGAM_mBHI_6_S294,103876
27,C8-e003Coalescence-mBHI-p5,2119,1198645,D_A6_A9_ACPP_AA_mGAM_mBHI_6_S294,103876
28,C4-e003Coalescence-mBHI-p5,25,2502890,D_A6_A9_ACPP_AA_mGAM_mBHI_6_S294,103876
29,C10-e003Coalescence-mGAM-p7,24,2061650,D_A6_A9_ACPP_AA_mGAM_mBHI_6_S294,103876
30,C10-e003Coalescence-mBHI-p3,29,2460943,D_A6_A9_ACPP_AA_mGAM_mBHI_6_S294,103876
31,G4-e003Coalescence-mBHI-p5_S27,25,1919003,D_A6_A9_ACPP_AA_mGAM_mBHI_6_S294,103876
32,G111-e003Coalescence-mBHI-p5_S32,86,1391982,D_A6_A9_ACPP_AA_mGAM_mBHI_6_S294,103876
33,G100-e003Coalescence-mBHI-p5_S31,27,2324546,D_A6_A9_ACPP_AA_mGAM_mBHI_6_S294,103876
34,G4-e003Coalescence-mBHI-p3_S35,21,2069895,D_A6_A9_ACPP_AA_mGAM_mBHI_6_S294,103876
35,G4-e003Coalescence-mGAM-p5_S75,14,1366979,D_A6_A9_ACPP_AA_mGAM_mBHI_6_S294,103876
36,G4-e003Coalescence-mGAM-p3_S83,12,1423657,D_A6_A9_ACPP_AA_mGAM_mBHI_6_S294,103876
37,G4-e003Coalescence-mBHI-p7_S123,19,1756502,D_A6_A9_ACPP_AA_mGAM_mBHI_6_S294,103876
38,G100-e003Coalescence-mBHI-p7_S127,20,1668930,D_A6_A9_ACPP_AA_mGAM_mBHI_6_S294,103876
39,C5-e003Coalescence-mBHI-inoculumn-redo,11,1580573,D_A6_A9_ACPP_AA_mGAM_mBHI_6_S294,103876
40,D4-e003Coalescence-Inoculumn-mBHI,16,1905366,D_A6_A9_ACPP_AA_mGAM_mBHI_6_S294,103876
41,C3-e003Coalescence-mBHI-inoculumn-redo,14,1386131,D_A6_A9_ACPP_AA_mGAM_mBHI_6_S294,103876
42,B4-e003Coalescence-Inoculumn-mBHI,20,1569971,D_A6_A9_ACPP_AA_mGAM_mBHI_6_S294,103876
43,C5-e003Coalescence-Inoculumn-mGAM,17,1196374,D_A6_A9_ACPP_AA_mGAM_mBHI_6_S294,103876
44,A4-e003Coalescence-Inoculumn-mGAM,129,1498117,D_A6_A9_ACPP_AA_mGAM_mBHI_6_S294,103876
45,G10-e003Coalescence-mBHI-p1_S830,27,2428880,D_A6_A9_ACPP_AA_mGAM_mBHI_6_S294,103876
46,Coalescence-F2-E10-AA-AE-mGAM-mBHI-3_S681,67,1470280,D_A6_A9_ACPP_AA_mGAM_mBHI_6_S294,103876
47,Coalescence-E5-C4-AE-AE-mBHI-mBHI-3_S672,28,2530214,D_A6_A9_ACPP_AA_mGAM_mBHI_6_S294,103876
48,Coalescence-A12-D11-AF-AF-mGAM-mBHI-7_S631,94,1874895,D_A6_A9_ACPP_AA_mGAM_mBHI_6_S294,103876
49,Coalescence-E8-D11-AF-AF-mGAM-mBHI-3_S675,112,1958325,D_A6_A9_ACPP_AA_mGAM_mBHI_6_S294,103876
50,Coalescence-A10-C11-AE-AF-mGAM-mBHI-7_S629,166,2451568,D_A6_A9_ACPP_AA_mGAM_mBHI_6_S294,103876
51,Assembly-G5-C10-AE-mGAM-5_S696,18,2151131,D_A6_A9_ACPP_AA_mGAM_mBHI_6_S294,103876
52,D_F11_e003Assembly_S359,21,1852547,D_A6_A9_ACPP_AA_mGAM_mBHI_6_S294,103876
53,C_C2_e003Assembly_S218,31,2486586,D_A6_A9_ACPP_AA_mGAM_mBHI_6_S294,103876
0,A_C5_C8_AA_AE_mGAM_mBHI_2_S29,3136,1240202,D_A7_A10_AE_AA_mGAM_mBHI_6_S295,103876
1,A_C8_C11_AF_AE_mGAM_mBHI_2_S32,6802,2148058,D_A7_A10_AE_AA_mGAM_mBHI_6_S295,103876
2,A_C11_C4_AE_AE_mBHI_mBHI_4_S35,7950,2544423,D_A7_A10_AE_AA_mGAM_mBHI_6_S295,103876
3,A_C12_C5_AF_AE_mBHI_mBHI_4_S36,4321,1318209,D_A7_A10_AE_AA_mGAM_mBHI_6_S295,103876
4,B_A7_E10_AE_AA_mGAM_mBHI_2_S103,2924,1585269,D_A7_A10_AE_AA_mGAM_mBHI_6_S295,103876
5,B_C7_G10_AE_AE_mGAM_mBHI_2_S127,7198,2297583,D_A7_A10_AE_AA_mGAM_mBHI_6_S295,103876
6,B_C11_C10_AE_AE_mGAM_mBHI_4_S131,6763,2142327,D_A7_A10_AE_AA_mGAM_mBHI_6_S295,103876
7,B_G7_G10_AE_AE_mGAM_mGAM_2_S175,6699,2129061,D_A7_A10_AE_AA_mGAM_mBHI_6_S295,103876
8,B_G11_C10_AE_AE_mGAM_mGAM_4_S179,5017,1605800,D_A7_A10_AE_AA_mGAM_mBHI_6_S295,103876
9,C_C3_C4_AE_AE_mBHI_mBHI_6_S219,7363,2333234,D_A7_A10_AE_AA_mGAM_mBHI_6_S295,103876
10,C_C5_C8_AA_AE_mGAM_mBHI_6_S221,214,983611,D_A7_A10_AE_AA_mGAM_mBHI_6_S295,103876
11,C_C7_C10_AE_AE_mGAM_mBHI_6_S223,7882,2496763,D_A7_A10_AE_AA_mGAM_mBHI_6_S295,103876
12,C_C8_C11_AF_AE_mGAM_mBHI_6_S224,7852,2423530,D_A7_A10_AE_AA_mGAM_mBHI_6_S295,103876
13,C_C11_G4_AE_AE_mBHI_mBHI_4_S227,7280,2284384,D_A7_A10_AE_AA_mGAM_mBHI_6_S295,103876
14,C_H12_H5_AF_AF_mBHI_mGAM_4_S288,6857,2152529,D_A7_A10_AE_AA_mGAM_mBHI_6_S295,103876
15,D_A6_A9_ACPP_AA_mGAM_mBHI_6_S294,3906,1982379,D_A7_A10_AE_AA_mGAM_mBHI_6_S295,103876
16,D_A7_A10_AE_AA_mGAM_mBHI_6_S295,0,1410130,D_A7_A10_AE_AA_mGAM_mBHI_6_S295,103876
17,D_C3_C4_AE_AE_mBHI_mBHI_6_S315,6249,1938021,D_A7_A10_AE_AA_mGAM_mBHI_6_S295,103876
18,D_C6_C9_ACPP_AE_mGAM_mBHI_6_S318,7992,2546864,D_A7_A10_AE_AA_mGAM_mBHI_6_S295,103876
19,D_C7_C10_AE_AE_mGAM_mBHI_6_S319,7831,2486700,D_A7_A10_AE_AA_mGAM_mBHI_6_S295,103876
20,D_C8_C11_AF_AE_mGAM_mBHI_6_S320,7420,2295176,D_A7_A10_AE_AA_mGAM_mBHI_6_S295,103876
21,D_C11_G10_AE_AE_mGAM_mBHI_4_S323,7825,2482678,D_A7_A10_AE_AA_mGAM_mBHI_6_S295,103876
22,D_G3_C4_AE_AE_mBHI_mGAM_6_S363,5374,1654388,D_A7_A10_AE_AA_mGAM_mBHI_6_S295,103876
23,D_G6_C9_ACPP_AE_mGAM_mGAM_6_S366,7306,2300167,D_A7_A10_AE_AA_mGAM_mBHI_6_S295,103876
24,C10-e003Coalescence-mBHI-p7,6718,2135952,D_A7_A10_AE_AA_mGAM_mBHI_6_S295,103876
25,C11-e003Coalescence-mBHI-p5,6377,2002690,D_A7_A10_AE_AA_mGAM_mBHI_6_S295,103876
26,C10-e003Coalescence-mBHI-p5,7473,2385009,D_A7_A10_AE_AA_mGAM_mBHI_6_S295,103876
27,C8-e003Coalescence-mBHI-p5,575,1198645,D_A7_A10_AE_AA_mGAM_mBHI_6_S295,103876
28,C4-e003Coalescence-mBHI-p5,7802,2502890,D_A7_A10_AE_AA_mGAM_mBHI_6_S295,103876
29,C10-e003Coalescence-mGAM-p7,6467,2061650,D_A7_A10_AE_AA_mGAM_mBHI_6_S295,103876
30,C10-e003Coalescence-mBHI-p3,7743,2460943,D_A7_A10_AE_AA_mGAM_mBHI_6_S295,103876
31,G4-e003Coalescence-mBHI-p5_S27,6138,1919003,D_A7_A10_AE_AA_mGAM_mBHI_6_S295,103876
32,G111-e003Coalescence-mBHI-p5_S32,4486,1391982,D_A7_A10_AE_AA_mGAM_mBHI_6_S295,103876
33,G100-e003Coalescence-mBHI-p5_S31,7358,2324546,D_A7_A10_AE_AA_mGAM_mBHI_6_S295,103876
34,G4-e003Coalescence-mBHI-p3_S35,6587,2069895,D_A7_A10_AE_AA_mGAM_mBHI_6_S295,103876
35,G4-e003Coalescence-mGAM-p5_S75,4353,1366979,D_A7_A10_AE_AA_mGAM_mBHI_6_S295,103876
36,G4-e003Coalescence-mGAM-p3_S83,4599,1423657,D_A7_A10_AE_AA_mGAM_mBHI_6_S295,103876
37,G4-e003Coalescence-mBHI-p7_S123,5600,1756502,D_A7_A10_AE_AA_mGAM_mBHI_6_S295,103876
38,G100-e003Coalescence-mBHI-p7_S127,5481,1668930,D_A7_A10_AE_AA_mGAM_mBHI_6_S295,103876
39,C5-e003Coalescence-mBHI-inoculumn-redo,4944,1580573,D_A7_A10_AE_AA_mGAM_mBHI_6_S295,103876
40,D4-e003Coalescence-Inoculumn-mBHI,5976,1905366,D_A7_A10_AE_AA_mGAM_mBHI_6_S295,103876
41,C3-e003Coalescence-mBHI-inoculumn-redo,4381,1386131,D_A7_A10_AE_AA_mGAM_mBHI_6_S295,103876
42,B4-e003Coalescence-Inoculumn-mBHI,4924,1569971,D_A7_A10_AE_AA_mGAM_mBHI_6_S295,103876
43,C5-e003Coalescence-Inoculumn-mGAM,3782,1196374,D_A7_A10_AE_AA_mGAM_mBHI_6_S295,103876
44,A4-e003Coalescence-Inoculumn-mGAM,2868,1498117,D_A7_A10_AE_AA_mGAM_mBHI_6_S295,103876
45,G10-e003Coalescence-mBHI-p1_S830,7619,2428880,D_A7_A10_AE_AA_mGAM_mBHI_6_S295,103876
46,Coalescence-F2-E10-AA-AE-mGAM-mBHI-3_S681,2844,1470280,D_A7_A10_AE_AA_mGAM_mBHI_6_S295,103876
47,Coalescence-E5-C4-AE-AE-mBHI-mBHI-3_S672,7915,2530214,D_A7_A10_AE_AA_mGAM_mBHI_6_S295,103876
48,Coalescence-A12-D11-AF-AF-mGAM-mBHI-7_S631,5865,1874895,D_A7_A10_AE_AA_mGAM_mBHI_6_S295,103876
49,Coalescence-E8-D11-AF-AF-mGAM-mBHI-3_S675,6284,1958325,D_A7_A10_AE_AA_mGAM_mBHI_6_S295,103876
50,Coalescence-A10-C11-AE-AF-mGAM-mBHI-7_S629,7891,2451568,D_A7_A10_AE_AA_mGAM_mBHI_6_S295,103876
51,Assembly-G5-C10-AE-mGAM-5_S696,6694,2151131,D_A7_A10_AE_AA_mGAM_mBHI_6_S295,103876
52,D_F11_e003Assembly_S359,5840,1852547,D_A7_A10_AE_AA_mGAM_mBHI_6_S295,103876
53,C_C2_e003Assembly_S218,7818,2486586,D_A7_A10_AE_AA_mGAM_mBHI_6_S295,103876
0,A_C5_C8_AA_AE_mGAM_mBHI_2_S29,23,1240202,D_C3_C4_AE_AE_mBHI_mBHI_6_S315,103876
1,A_C8_C11_AF_AE_mGAM_mBHI_2_S32,3,2148058,D_C3_C4_AE_AE_mBHI_mBHI_6_S315,103876
2,A_C11_C4_AE_AE_mBHI_mBHI_4_S35,0,2544423,D_C3_C4_AE_AE_mBHI_mBHI_6_S315,103876
3,A_C12_C5_AF_AE_mBHI_mBHI_4_S36,52,1318209,D_C3_C4_AE_AE_mBHI_mBHI_6_S315,103876
4,B_A7_E10_AE_AA_mGAM_mBHI_2_S103,76,1585269,D_C3_C4_AE_AE_mBHI_mBHI_6_S315,103876
5,B_C7_G10_AE_AE_mGAM_mBHI_2_S127,2,2297583,D_C3_C4_AE_AE_mBHI_mBHI_6_S315,103876
6,B_C11_C10_AE_AE_mGAM_mBHI_4_S131,3,2142327,D_C3_C4_AE_AE_mBHI_mBHI_6_S315,103876
7,B_G7_G10_AE_AE_mGAM_mGAM_2_S175,2,2129061,D_C3_C4_AE_AE_mBHI_mBHI_6_S315,103876
8,B_G11_C10_AE_AE_mGAM_mGAM_4_S179,0,1605800,D_C3_C4_AE_AE_mBHI_mBHI_6_S315,103876
9,C_C3_C4_AE_AE_mBHI_mBHI_6_S219,1,2333234,D_C3_C4_AE_AE_mBHI_mBHI_6_S315,103876
10,C_C5_C8_AA_AE_mGAM_mBHI_6_S221,6710,983611,D_C3_C4_AE_AE_mBHI_mBHI_6_S315,103876
11,C_C7_C10_AE_AE_mGAM_mBHI_6_S223,3,2496763,D_C3_C4_AE_AE_mBHI_mBHI_6_S315,103876
12,C_C8_C11_AF_AE_mGAM_mBHI_6_S224,121,2423530,D_C3_C4_AE_AE_mBHI_mBHI_6_S315,103876
13,C_C11_G4_AE_AE_mBHI_mBHI_4_S227,1,2284384,D_C3_C4_AE_AE_mBHI_mBHI_6_S315,103876
14,C_H12_H5_AF_AF_mBHI_mGAM_4_S288,78,2152529,D_C3_C4_AE_AE_mBHI_mBHI_6_S315,103876
15,D_A6_A9_ACPP_AA_mGAM_mBHI_6_S294,21,1982379,D_C3_C4_AE_AE_mBHI_mBHI_6_S315,103876
16,D_A7_A10_AE_AA_mGAM_mBHI_6_S295,6249,1410130,D_C3_C4_AE_AE_mBHI_mBHI_6_S315,103876
17,D_C3_C4_AE_AE_mBHI_mBHI_6_S315,0,1938021,D_C3_C4_AE_AE_mBHI_mBHI_6_S315,103876
18,D_C6_C9_ACPP_AE_mGAM_mBHI_6_S318,3,2546864,D_C3_C4_AE_AE_mBHI_mBHI_6_S315,103876
19,D_C7_C10_AE_AE_mGAM_mBHI_6_S319,3,2486700,D_C3_C4_AE_AE_mBHI_mBHI_6_S315,103876
20,D_C8_C11_AF_AE_mGAM_mBHI_6_S320,105,2295176,D_C3_C4_AE_AE_mBHI_mBHI_6_S315,103876
21,D_C11_G10_AE_AE_mGAM_mBHI_4_S323,3,2482678,D_C3_C4_AE_AE_mBHI_mBHI_6_S315,103876
22,D_G3_C4_AE_AE_mBHI_mGAM_6_S363,2,1654388,D_C3_C4_AE_AE_mBHI_mBHI_6_S315,103876
23,D_G6_C9_ACPP_AE_mGAM_mGAM_6_S366,6,2300167,D_C3_C4_AE_AE_mBHI_mBHI_6_S315,103876
24,C10-e003Coalescence-mBHI-p7,5,2135952,D_C3_C4_AE_AE_mBHI_mBHI_6_S315,103876
25,C11-e003Coalescence-mBHI-p5,105,2002690,D_C3_C4_AE_AE_mBHI_mBHI_6_S315,103876
26,C10-e003Coalescence-mBHI-p5,5,2385009,D_C3_C4_AE_AE_mBHI_mBHI_6_S315,103876
27,C8-e003Coalescence-mBHI-p5,3259,1198645,D_C3_C4_AE_AE_mBHI_mBHI_6_S315,103876
28,C4-e003Coalescence-mBHI-p5,0,2502890,D_C3_C4_AE_AE_mBHI_mBHI_6_S315,103876
29,C10-e003Coalescence-mGAM-p7,5,2061650,D_C3_C4_AE_AE_mBHI_mBHI_6_S315,103876
30,C10-e003Coalescence-mBHI-p3,7,2460943,D_C3_C4_AE_AE_mBHI_mBHI_6_S315,103876
31,G4-e003Coalescence-mBHI-p5_S27,0,1919003,D_C3_C4_AE_AE_mBHI_mBHI_6_S315,103876
32,G111-e003Coalescence-mBHI-p5_S32,58,1391982,D_C3_C4_AE_AE_mBHI_mBHI_6_S315,103876
33,G100-e003Coalescence-mBHI-p5_S31,1,2324546,D_C3_C4_AE_AE_mBHI_mBHI_6_S315,103876
34,G4-e003Coalescence-mBHI-p3_S35,0,2069895,D_C3_C4_AE_AE_mBHI_mBHI_6_S315,103876
35,G4-e003Coalescence-mGAM-p5_S75,0,1366979,D_C3_C4_AE_AE_mBHI_mBHI_6_S315,103876
36,G4-e003Coalescence-mGAM-p3_S83,3,1423657,D_C3_C4_AE_AE_mBHI_mBHI_6_S315,103876
37,G4-e003Coalescence-mBHI-p7_S123,0,1756502,D_C3_C4_AE_AE_mBHI_mBHI_6_S315,103876
38,G100-e003Coalescence-mBHI-p7_S127,2,1668930,D_C3_C4_AE_AE_mBHI_mBHI_6_S315,103876
39,C5-e003Coalescence-mBHI-inoculumn-redo,1,1580573,D_C3_C4_AE_AE_mBHI_mBHI_6_S315,103876
40,D4-e003Coalescence-Inoculumn-mBHI,1,1905366,D_C3_C4_AE_AE_mBHI_mBHI_6_S315,103876
41,C3-e003Coalescence-mBHI-inoculumn-redo,0,1386131,D_C3_C4_AE_AE_mBHI_mBHI_6_S315,103876
42,B4-e003Coalescence-Inoculumn-mBHI,1,1569971,D_C3_C4_AE_AE_mBHI_mBHI_6_S315,103876
43,C5-e003Coalescence-Inoculumn-mGAM,0,1196374,D_C3_C4_AE_AE_mBHI_mBHI_6_S315,103876
44,A4-e003Coalescence-Inoculumn-mGAM,215,1498117,D_C3_C4_AE_AE_mBHI_mBHI_6_S315,103876
45,G10-e003Coalescence-mBHI-p1_S830,3,2428880,D_C3_C4_AE_AE_mBHI_mBHI_6_S315,103876
46,Coalescence-F2-E10-AA-AE-mGAM-mBHI-3_S681,83,1470280,D_C3_C4_AE_AE_mBHI_mBHI_6_S315,103876
47,Coalescence-E5-C4-AE-AE-mBHI-mBHI-3_S672,0,2530214,D_C3_C4_AE_AE_mBHI_mBHI_6_S315,103876
48,Coalescence-A12-D11-AF-AF-mGAM-mBHI-7_S631,85,1874895,D_C3_C4_AE_AE_mBHI_mBHI_6_S315,103876
49,Coalescence-E8-D11-AF-AF-mGAM-mBHI-3_S675,93,1958325,D_C3_C4_AE_AE_mBHI_mBHI_6_S315,103876
50,Coalescence-A10-C11-AE-AF-mGAM-mBHI-7_S629,128,2451568,D_C3_C4_AE_AE_mBHI_mBHI_6_S315,103876
51,Assembly-G5-C10-AE-mGAM-5_S696,2,2151131,D_C3_C4_AE_AE_mBHI_mBHI_6_S315,103876
52,D_F11_e003Assembly_S359,2,1852547,D_C3_C4_AE_AE_mBHI_mBHI_6_S315,103876
53,C_C2_e003Assembly_S218,0,2486586,D_C3_C4_AE_AE_mBHI_mBHI_6_S315,103876
0,A_C5_C8_AA_AE_mGAM_mBHI_2_S29,21,1240202,D_C6_C9_ACPP_AE_mGAM_mBHI_6_S318,103876
1,A_C8_C11_AF_AE_mGAM_mBHI_2_S32,1,2148058,D_C6_C9_ACPP_AE_mGAM_mBHI_6_S318,103876
2,A_C11_C4_AE_AE_mBHI_mBHI_4_S35,0,2544423,D_C6_C9_ACPP_AE_mGAM_mBHI_6_S318,103876
3,A_C12_C5_AF_AE_mBHI_mBHI_4_S36,73,1318209,D_C6_C9_ACPP_AE_mGAM_mBHI_6_S318,103876
4,B_A7_E10_AE_AA_mGAM_mBHI_2_S103,104,1585269,D_C6_C9_ACPP_AE_mGAM_mBHI_6_S318,103876
5,B_C7_G10_AE_AE_mGAM_mBHI_2_S127,0,2297583,D_C6_C9_ACPP_AE_mGAM_mBHI_6_S318,103876
6,B_C11_C10_AE_AE_mGAM_mBHI_4_S131,0,2142327,D_C6_C9_ACPP_AE_mGAM_mBHI_6_S318,103876
7,B_G7_G10_AE_AE_mGAM_mGAM_2_S175,0,2129061,D_C6_C9_ACPP_AE_mGAM_mBHI_6_S318,103876
8,B_G11_C10_AE_AE_mGAM_mGAM_4_S179,0,1605800,D_C6_C9_ACPP_AE_mGAM_mBHI_6_S318,103876
9,C_C3_C4_AE_AE_mBHI_mBHI_6_S219,1,2333234,D_C6_C9_ACPP_AE_mGAM_mBHI_6_S318,103876
10,C_C5_C8_AA_AE_mGAM_mBHI_6_S221,8723,983611,D_C6_C9_ACPP_AE_mGAM_mBHI_6_S318,103876
11,C_C7_C10_AE_AE_mGAM_mBHI_6_S223,0,2496763,D_C6_C9_ACPP_AE_mGAM_mBHI_6_S318,103876
12,C_C8_C11_AF_AE_mGAM_mBHI_6_S224,189,2423530,D_C6_C9_ACPP_AE_mGAM_mBHI_6_S318,103876
13,C_C11_G4_AE_AE_mBHI_mBHI_4_S227,1,2284384,D_C6_C9_ACPP_AE_mGAM_mBHI_6_S318,103876
14,C_H12_H5_AF_AF_mBHI_mGAM_4_S288,119,2152529,D_C6_C9_ACPP_AE_mGAM_mBHI_6_S318,103876
15,D_A6_A9_ACPP_AA_mGAM_mBHI_6_S294,27,1982379,D_C6_C9_ACPP_AE_mGAM_mBHI_6_S318,103876
16,D_A7_A10_AE_AA_mGAM_mBHI_6_S295,7992,1410130,D_C6_C9_ACPP_AE_mGAM_mBHI_6_S318,103876
17,D_C3_C4_AE_AE_mBHI_mBHI_6_S315,3,1938021,D_C6_C9_ACPP_AE_mGAM_mBHI_6_S318,103876
18,D_C6_C9_ACPP_AE_mGAM_mBHI_6_S318,0,2546864,D_C6_C9_ACPP_AE_mGAM_mBHI_6_S318,103876
19,D_C7_C10_AE_AE_mGAM_mBHI_6_S319,0,2486700,D_C6_C9_ACPP_AE_mGAM_mBHI_6_S318,103876
20,D_C8_C11_AF_AE_mGAM_mBHI_6_S320,147,2295176,D_C6_C9_ACPP_AE_mGAM_mBHI_6_S318,103876
21,D_C11_G10_AE_AE_mGAM_mBHI_4_S323,0,2482678,D_C6_C9_ACPP_AE_mGAM_mBHI_6_S318,103876
22,D_G3_C4_AE_AE_mBHI_mGAM_6_S363,3,1654388,D_C6_C9_ACPP_AE_mGAM_mBHI_6_S318,103876
23,D_G6_C9_ACPP_AE_mGAM_mGAM_6_S366,0,2300167,D_C6_C9_ACPP_AE_mGAM_mBHI_6_S318,103876
24,C10-e003Coalescence-mBHI-p7,2,2135952,D_C6_C9_ACPP_AE_mGAM_mBHI_6_S318,103876
25,C11-e003Coalescence-mBHI-p5,146,2002690,D_C6_C9_ACPP_AE_mGAM_mBHI_6_S318,103876
26,C10-e003Coalescence-mBHI-p5,2,2385009,D_C6_C9_ACPP_AE_mGAM_mBHI_6_S318,103876
27,C8-e003Coalescence-mBHI-p5,4179,1198645,D_C6_C9_ACPP_AE_mGAM_mBHI_6_S318,103876
28,C4-e003Coalescence-mBHI-p5,0,2502890,D_C6_C9_ACPP_AE_mGAM_mBHI_6_S318,103876
29,C10-e003Coalescence-mGAM-p7,2,2061650,D_C6_C9_ACPP_AE_mGAM_mBHI_6_S318,103876
30,C10-e003Coalescence-mBHI-p3,4,2460943,D_C6_C9_ACPP_AE_mGAM_mBHI_6_S318,103876
31,G4-e003Coalescence-mBHI-p5_S27,1,1919003,D_C6_C9_ACPP_AE_mGAM_mBHI_6_S318,103876
32,G111-e003Coalescence-mBHI-p5_S32,88,1391982,D_C6_C9_ACPP_AE_mGAM_mBHI_6_S318,103876
33,G100-e003Coalescence-mBHI-p5_S31,0,2324546,D_C6_C9_ACPP_AE_mGAM_mBHI_6_S318,103876
34,G4-e003Coalescence-mBHI-p3_S35,2,2069895,D_C6_C9_ACPP_AE_mGAM_mBHI_6_S318,103876
35,G4-e003Coalescence-mGAM-p5_S75,0,1366979,D_C6_C9_ACPP_AE_mGAM_mBHI_6_S318,103876
36,G4-e003Coalescence-mGAM-p3_S83,0,1423657,D_C6_C9_ACPP_AE_mGAM_mBHI_6_S318,103876
37,G4-e003Coalescence-mBHI-p7_S123,0,1756502,D_C6_C9_ACPP_AE_mGAM_mBHI_6_S318,103876
38,G100-e003Coalescence-mBHI-p7_S127,2,1668930,D_C6_C9_ACPP_AE_mGAM_mBHI_6_S318,103876
39,C5-e003Coalescence-mBHI-inoculumn-redo,2,1580573,D_C6_C9_ACPP_AE_mGAM_mBHI_6_S318,103876
40,D4-e003Coalescence-Inoculumn-mBHI,3,1905366,D_C6_C9_ACPP_AE_mGAM_mBHI_6_S318,103876
41,C3-e003Coalescence-mBHI-inoculumn-redo,1,1386131,D_C6_C9_ACPP_AE_mGAM_mBHI_6_S318,103876
42,B4-e003Coalescence-Inoculumn-mBHI,6,1569971,D_C6_C9_ACPP_AE_mGAM_mBHI_6_S318,103876
43,C5-e003Coalescence-Inoculumn-mGAM,0,1196374,D_C6_C9_ACPP_AE_mGAM_mBHI_6_S318,103876
44,A4-e003Coalescence-Inoculumn-mGAM,277,1498117,D_C6_C9_ACPP_AE_mGAM_mBHI_6_S318,103876
45,G10-e003Coalescence-mBHI-p1_S830,0,2428880,D_C6_C9_ACPP_AE_mGAM_mBHI_6_S318,103876
46,Coalescence-F2-E10-AA-AE-mGAM-mBHI-3_S681,102,1470280,D_C6_C9_ACPP_AE_mGAM_mBHI_6_S318,103876
47,Coalescence-E5-C4-AE-AE-mBHI-mBHI-3_S672,0,2530214,D_C6_C9_ACPP_AE_mGAM_mBHI_6_S318,103876
48,Coalescence-A12-D11-AF-AF-mGAM-mBHI-7_S631,121,1874895,D_C6_C9_ACPP_AE_mGAM_mBHI_6_S318,103876
49,Coalescence-E8-D11-AF-AF-mGAM-mBHI-3_S675,132,1958325,D_C6_C9_ACPP_AE_mGAM_mBHI_6_S318,103876
50,Coalescence-A10-C11-AE-AF-mGAM-mBHI-7_S629,200,2451568,D_C6_C9_ACPP_AE_mGAM_mBHI_6_S318,103876
51,Assembly-G5-C10-AE-mGAM-5_S696,0,2151131,D_C6_C9_ACPP_AE_mGAM_mBHI_6_S318,103876
52,D_F11_e003Assembly_S359,1,1852547,D_C6_C9_ACPP_AE_mGAM_mBHI_6_S318,103876
53,C_C2_e003Assembly_S218,5,2486586,D_C6_C9_ACPP_AE_mGAM_mBHI_6_S318,103876
0,A_C5_C8_AA_AE_mGAM_mBHI_2_S29,21,1240202,D_C7_C10_AE_AE_mGAM_mBHI_6_S319,103876
1,A_C8_C11_AF_AE_mGAM_mBHI_2_S32,1,2148058,D_C7_C10_AE_AE_mGAM_mBHI_6_S319,103876
2,A_C11_C4_AE_AE_mBHI_mBHI_4_S35,0,2544423,D_C7_C10_AE_AE_mGAM_mBHI_6_S319,103876
3,A_C12_C5_AF_AE_mBHI_mBHI_4_S36,69,1318209,D_C7_C10_AE_AE_mGAM_mBHI_6_S319,103876
4,B_A7_E10_AE_AA_mGAM_mBHI_2_S103,99,1585269,D_C7_C10_AE_AE_mGAM_mBHI_6_S319,103876
5,B_C7_G10_AE_AE_mGAM_mBHI_2_S127,0,2297583,D_C7_C10_AE_AE_mGAM_mBHI_6_S319,103876
6,B_C11_C10_AE_AE_mGAM_mBHI_4_S131,0,2142327,D_C7_C10_AE_AE_mGAM_mBHI_6_S319,103876
7,B_G7_G10_AE_AE_mGAM_mGAM_2_S175,0,2129061,D_C7_C10_AE_AE_mGAM_mBHI_6_S319,103876
8,B_G11_C10_AE_AE_mGAM_mGAM_4_S179,0,1605800,D_C7_C10_AE_AE_mGAM_mBHI_6_S319,103876
9,C_C3_C4_AE_AE_mBHI_mBHI_6_S219,2,2333234,D_C7_C10_AE_AE_mGAM_mBHI_6_S319,103876
10,C_C5_C8_AA_AE_mGAM_mBHI_6_S221,8582,983611,D_C7_C10_AE_AE_mGAM_mBHI_6_S319,103876
11,C_C7_C10_AE_AE_mGAM_mBHI_6_S223,0,2496763,D_C7_C10_AE_AE_mGAM_mBHI_6_S319,103876
12,C_C8_C11_AF_AE_mGAM_mBHI_6_S224,189,2423530,D_C7_C10_AE_AE_mGAM_mBHI_6_S319,103876
13,C_C11_G4_AE_AE_mBHI_mBHI_4_S227,1,2284384,D_C7_C10_AE_AE_mGAM_mBHI_6_S319,103876
14,C_H12_H5_AF_AF_mBHI_mGAM_4_S288,118,2152529,D_C7_C10_AE_AE_mGAM_mBHI_6_S319,103876
15,D_A6_A9_ACPP_AA_mGAM_mBHI_6_S294,27,1982379,D_C7_C10_AE_AE_mGAM_mBHI_6_S319,103876
16,D_A7_A10_AE_AA_mGAM_mBHI_6_S295,7831,1410130,D_C7_C10_AE_AE_mGAM_mBHI_6_S319,103876
17,D_C3_C4_AE_AE_mBHI_mBHI_6_S315,3,1938021,D_C7_C10_AE_AE_mGAM_mBHI_6_S319,103876
18,D_C6_C9_ACPP_AE_mGAM_mBHI_6_S318,0,2546864,D_C7_C10_AE_AE_mGAM_mBHI_6_S319,103876
19,D_C7_C10_AE_AE_mGAM_mBHI_6_S319,0,2486700,D_C7_C10_AE_AE_mGAM_mBHI_6_S319,103876
20,D_C8_C11_AF_AE_mGAM_mBHI_6_S320,140,2295176,D_C7_C10_AE_AE_mGAM_mBHI_6_S319,103876
21,D_C11_G10_AE_AE_mGAM_mBHI_4_S323,0,2482678,D_C7_C10_AE_AE_mGAM_mBHI_6_S319,103876
22,D_G3_C4_AE_AE_mBHI_mGAM_6_S363,2,1654388,D_C7_C10_AE_AE_mGAM_mBHI_6_S319,103876
23,D_G6_C9_ACPP_AE_mGAM_mGAM_6_S366,0,2300167,D_C7_C10_AE_AE_mGAM_mBHI_6_S319,103876
24,C10-e003Coalescence-mBHI-p7,2,2135952,D_C7_C10_AE_AE_mGAM_mBHI_6_S319,103876
25,C11-e003Coalescence-mBHI-p5,143,2002690,D_C7_C10_AE_AE_mGAM_mBHI_6_S319,103876
26,C10-e003Coalescence-mBHI-p5,3,2385009,D_C7_C10_AE_AE_mGAM_mBHI_6_S319,103876
27,C8-e003Coalescence-mBHI-p5,4122,1198645,D_C7_C10_AE_AE_mGAM_mBHI_6_S319,103876
28,C4-e003Coalescence-mBHI-p5,2,2502890,D_C7_C10_AE_AE_mGAM_mBHI_6_S319,103876
29,C10-e003Coalescence-mGAM-p7,2,2061650,D_C7_C10_AE_AE_mGAM_mBHI_6_S319,103876
30,C10-e003Coalescence-mBHI-p3,2,2460943,D_C7_C10_AE_AE_mGAM_mBHI_6_S319,103876
31,G4-e003Coalescence-mBHI-p5_S27,1,1919003,D_C7_C10_AE_AE_mGAM_mBHI_6_S319,103876
32,G111-e003Coalescence-mBHI-p5_S32,88,1391982,D_C7_C10_AE_AE_mGAM_mBHI_6_S319,103876
33,G100-e003Coalescence-mBHI-p5_S31,0,2324546,D_C7_C10_AE_AE_mGAM_mBHI_6_S319,103876
34,G4-e003Coalescence-mBHI-p3_S35,2,2069895,D_C7_C10_AE_AE_mGAM_mBHI_6_S319,103876
35,G4-e003Coalescence-mGAM-p5_S75,0,1366979,D_C7_C10_AE_AE_mGAM_mBHI_6_S319,103876
36,G4-e003Coalescence-mGAM-p3_S83,1,1423657,D_C7_C10_AE_AE_mGAM_mBHI_6_S319,103876
37,G4-e003Coalescence-mBHI-p7_S123,0,1756502,D_C7_C10_AE_AE_mGAM_mBHI_6_S319,103876
38,G100-e003Coalescence-mBHI-p7_S127,0,1668930,D_C7_C10_AE_AE_mGAM_mBHI_6_S319,103876
39,C5-e003Coalescence-mBHI-inoculumn-redo,2,1580573,D_C7_C10_AE_AE_mGAM_mBHI_6_S319,103876
40,D4-e003Coalescence-Inoculumn-mBHI,1,1905366,D_C7_C10_AE_AE_mGAM_mBHI_6_S319,103876
41,C3-e003Coalescence-mBHI-inoculumn-redo,1,1386131,D_C7_C10_AE_AE_mGAM_mBHI_6_S319,103876
42,B4-e003Coalescence-Inoculumn-mBHI,6,1569971,D_C7_C10_AE_AE_mGAM_mBHI_6_S319,103876
43,C5-e003Coalescence-Inoculumn-mGAM,0,1196374,D_C7_C10_AE_AE_mGAM_mBHI_6_S319,103876
44,A4-e003Coalescence-Inoculumn-mGAM,271,1498117,D_C7_C10_AE_AE_mGAM_mBHI_6_S319,103876
45,G10-e003Coalescence-mBHI-p1_S830,0,2428880,D_C7_C10_AE_AE_mGAM_mBHI_6_S319,103876
46,Coalescence-F2-E10-AA-AE-mGAM-mBHI-3_S681,100,1470280,D_C7_C10_AE_AE_mGAM_mBHI_6_S319,103876
47,Coalescence-E5-C4-AE-AE-mBHI-mBHI-3_S672,0,2530214,D_C7_C10_AE_AE_mGAM_mBHI_6_S319,103876
48,Coalescence-A12-D11-AF-AF-mGAM-mBHI-7_S631,120,1874895,D_C7_C10_AE_AE_mGAM_mBHI_6_S319,103876
49,Coalescence-E8-D11-AF-AF-mGAM-mBHI-3_S675,132,1958325,D_C7_C10_AE_AE_mGAM_mBHI_6_S319,103876
50,Coalescence-A10-C11-AE-AF-mGAM-mBHI-7_S629,197,2451568,D_C7_C10_AE_AE_mGAM_mBHI_6_S319,103876
51,Assembly-G5-C10-AE-mGAM-5_S696,1,2151131,D_C7_C10_AE_AE_mGAM_mBHI_6_S319,103876
52,D_F11_e003Assembly_S359,2,1852547,D_C7_C10_AE_AE_mGAM_mBHI_6_S319,103876
53,C_C2_e003Assembly_S218,5,2486586,D_C7_C10_AE_AE_mGAM_mBHI_6_S319,103876
0,A_C5_C8_AA_AE_mGAM_mBHI_2_S29,75,1240202,D_C8_C11_AF_AE_mGAM_mBHI_6_S320,103876
1,A_C8_C11_AF_AE_mGAM_mBHI_2_S32,89,2148058,D_C8_C11_AF_AE_mGAM_mBHI_6_S320,103876
2,A_C11_C4_AE_AE_mBHI_mBHI_4_S35,137,2544423,D_C8_C11_AF_AE_mGAM_mBHI_6_S320,103876
3,A_C12_C5_AF_AE_mBHI_mBHI_4_S36,2,1318209,D_C8_C11_AF_AE_mGAM_mBHI_6_S320,103876
4,B_A7_E10_AE_AA_mGAM_mBHI_2_S103,159,1585269,D_C8_C11_AF_AE_mGAM_mBHI_6_S320,103876
5,B_C7_G10_AE_AE_mGAM_mBHI_2_S127,135,2297583,D_C8_C11_AF_AE_mGAM_mBHI_6_S320,103876
6,B_C11_C10_AE_AE_mGAM_mBHI_4_S131,128,2142327,D_C8_C11_AF_AE_mGAM_mBHI_6_S320,103876
7,B_G7_G10_AE_AE_mGAM_mGAM_2_S175,131,2129061,D_C8_C11_AF_AE_mGAM_mBHI_6_S320,103876
8,B_G11_C10_AE_AE_mGAM_mGAM_4_S179,103,1605800,D_C8_C11_AF_AE_mGAM_mBHI_6_S320,103876
9,C_C3_C4_AE_AE_mBHI_mBHI_6_S219,139,2333234,D_C8_C11_AF_AE_mGAM_mBHI_6_S320,103876
10,C_C5_C8_AA_AE_mGAM_mBHI_6_S221,8024,983611,D_C8_C11_AF_AE_mGAM_mBHI_6_S320,103876
11,C_C7_C10_AE_AE_mGAM_mBHI_6_S223,142,2496763,D_C8_C11_AF_AE_mGAM_mBHI_6_S320,103876
12,C_C8_C11_AF_AE_mGAM_mBHI_6_S224,0,2423530,D_C8_C11_AF_AE_mGAM_mBHI_6_S320,103876
13,C_C11_G4_AE_AE_mBHI_mBHI_4_S227,128,2284384,D_C8_C11_AF_AE_mGAM_mBHI_6_S320,103876
14,C_H12_H5_AF_AF_mBHI_mGAM_4_S288,3,2152529,D_C8_C11_AF_AE_mGAM_mBHI_6_S320,103876
15,D_A6_A9_ACPP_AA_mGAM_mBHI_6_S294,122,1982379,D_C8_C11_AF_AE_mGAM_mBHI_6_S320,103876
16,D_A7_A10_AE_AA_mGAM_mBHI_6_S295,7420,1410130,D_C8_C11_AF_AE_mGAM_mBHI_6_S320,103876
17,D_C3_C4_AE_AE_mBHI_mBHI_6_S315,105,1938021,D_C8_C11_AF_AE_mGAM_mBHI_6_S320,103876
18,D_C6_C9_ACPP_AE_mGAM_mBHI_6_S318,147,2546864,D_C8_C11_AF_AE_mGAM_mBHI_6_S320,103876
19,D_C7_C10_AE_AE_mGAM_mBHI_6_S319,140,2486700,D_C8_C11_AF_AE_mGAM_mBHI_6_S320,103876
20,D_C8_C11_AF_AE_mGAM_mBHI_6_S320,0,2295176,D_C8_C11_AF_AE_mGAM_mBHI_6_S320,103876
21,D_C11_G10_AE_AE_mGAM_mBHI_4_S323,139,2482678,D_C8_C11_AF_AE_mGAM_mBHI_6_S320,103876
22,D_G3_C4_AE_AE_mBHI_mGAM_6_S363,102,1654388,D_C8_C11_AF_AE_mGAM_mBHI_6_S320,103876
23,D_G6_C9_ACPP_AE_mGAM_mGAM_6_S366,140,2300167,D_C8_C11_AF_AE_mGAM_mBHI_6_S320,103876
24,C10-e003Coalescence-mBHI-p7,124,2135952,D_C8_C11_AF_AE_mGAM_mBHI_6_S320,103876
25,C11-e003Coalescence-mBHI-p5,0,2002690,D_C8_C11_AF_AE_mGAM_mBHI_6_S320,103876
26,C10-e003Coalescence-mBHI-p5,140,2385009,D_C8_C11_AF_AE_mGAM_mBHI_6_S320,103876
27,C8-e003Coalescence-mBHI-p5,3897,1198645,D_C8_C11_AF_AE_mGAM_mBHI_6_S320,103876
28,C4-e003Coalescence-mBHI-p5,134,2502890,D_C8_C11_AF_AE_mGAM_mBHI_6_S320,103876
29,C10-e003Coalescence-mGAM-p7,119,2061650,D_C8_C11_AF_AE_mGAM_mBHI_6_S320,103876
30,C10-e003Coalescence-mBHI-p3,149,2460943,D_C8_C11_AF_AE_mGAM_mBHI_6_S320,103876
31,G4-e003Coalescence-mBHI-p5_S27,92,1919003,D_C8_C11_AF_AE_mGAM_mBHI_6_S320,103876
32,G111-e003Coalescence-mBHI-p5_S32,1,1391982,D_C8_C11_AF_AE_mGAM_mBHI_6_S320,103876
33,G100-e003Coalescence-mBHI-p5_S31,130,2324546,D_C8_C11_AF_AE_mGAM_mBHI_6_S320,103876
34,G4-e003Coalescence-mBHI-p3_S35,124,2069895,D_C8_C11_AF_AE_mGAM_mBHI_6_S320,103876
35,G4-e003Coalescence-mGAM-p5_S75,74,1366979,D_C8_C11_AF_AE_mGAM_mBHI_6_S320,103876
36,G4-e003Coalescence-mGAM-p3_S83,79,1423657,D_C8_C11_AF_AE_mGAM_mBHI_6_S320,103876
37,G4-e003Coalescence-mBHI-p7_S123,102,1756502,D_C8_C11_AF_AE_mGAM_mBHI_6_S320,103876
38,G100-e003Coalescence-mBHI-p7_S127,106,1668930,D_C8_C11_AF_AE_mGAM_mBHI_6_S320,103876
39,C5-e003Coalescence-mBHI-inoculumn-redo,72,1580573,D_C8_C11_AF_AE_mGAM_mBHI_6_S320,103876
40,D4-e003Coalescence-Inoculumn-mBHI,74,1905366,D_C8_C11_AF_AE_mGAM_mBHI_6_S320,103876
41,C3-e003Coalescence-mBHI-inoculumn-redo,82,1386131,D_C8_C11_AF_AE_mGAM_mBHI_6_S320,103876
42,B4-e003Coalescence-Inoculumn-mBHI,97,1569971,D_C8_C11_AF_AE_mGAM_mBHI_6_S320,103876
43,C5-e003Coalescence-Inoculumn-mGAM,48,1196374,D_C8_C11_AF_AE_mGAM_mBHI_6_S320,103876
44,A4-e003Coalescence-Inoculumn-mGAM,333,1498117,D_C8_C11_AF_AE_mGAM_mBHI_6_S320,103876
45,G10-e003Coalescence-mBHI-p1_S830,140,2428880,D_C8_C11_AF_AE_mGAM_mBHI_6_S320,103876
46,Coalescence-F2-E10-AA-AE-mGAM-mBHI-3_S681,154,1470280,D_C8_C11_AF_AE_mGAM_mBHI_6_S320,103876
47,Coalescence-E5-C4-AE-AE-mBHI-mBHI-3_S672,138,2530214,D_C8_C11_AF_AE_mGAM_mBHI_6_S320,103876
48,Coalescence-A12-D11-AF-AF-mGAM-mBHI-7_S631,0,1874895,D_C8_C11_AF_AE_mGAM_mBHI_6_S320,103876
49,Coalescence-E8-D11-AF-AF-mGAM-mBHI-3_S675,0,1958325,D_C8_C11_AF_AE_mGAM_mBHI_6_S320,103876
50,Coalescence-A10-C11-AE-AF-mGAM-mBHI-7_S629,0,2451568,D_C8_C11_AF_AE_mGAM_mBHI_6_S320,103876
51,Assembly-G5-C10-AE-mGAM-5_S696,127,2151131,D_C8_C11_AF_AE_mGAM_mBHI_6_S320,103876
52,D_F11_e003Assembly_S359,111,1852547,D_C8_C11_AF_AE_mGAM_mBHI_6_S320,103876
53,C_C2_e003Assembly_S218,137,2486586,D_C8_C11_AF_AE_mGAM_mBHI_6_S320,103876
0,A_C5_C8_AA_AE_mGAM_mBHI_2_S29,21,1240202,D_C11_G10_AE_AE_mGAM_mBHI_4_S323,103876
1,A_C8_C11_AF_AE_mGAM_mBHI_2_S32,1,2148058,D_C11_G10_AE_AE_mGAM_mBHI_4_S323,103876
2,A_C11_C4_AE_AE_mBHI_mBHI_4_S35,0,2544423,D_C11_G10_AE_AE_mGAM_mBHI_4_S323,103876
3,A_C12_C5_AF_AE_mBHI_mBHI_4_S36,69,1318209,D_C11_G10_AE_AE_mGAM_mBHI_4_S323,103876
4,B_A7_E10_AE_AA_mGAM_mBHI_2_S103,101,1585269,D_C11_G10_AE_AE_mGAM_mBHI_4_S323,103876
5,B_C7_G10_AE_AE_mGAM_mBHI_2_S127,0,2297583,D_C11_G10_AE_AE_mGAM_mBHI_4_S323,103876
6,B_C11_C10_AE_AE_mGAM_mBHI_4_S131,0,2142327,D_C11_G10_AE_AE_mGAM_mBHI_4_S323,103876
7,B_G7_G10_AE_AE_mGAM_mGAM_2_S175,0,2129061,D_C11_G10_AE_AE_mGAM_mBHI_4_S323,103876
8,B_G11_C10_AE_AE_mGAM_mGAM_4_S179,0,1605800,D_C11_G10_AE_AE_mGAM_mBHI_4_S323,103876
9,C_C3_C4_AE_AE_mBHI_mBHI_6_S219,2,2333234,D_C11_G10_AE_AE_mGAM_mBHI_4_S323,103876
10,C_C5_C8_AA_AE_mGAM_mBHI_6_S221,8560,983611,D_C11_G10_AE_AE_mGAM_mBHI_4_S323,103876
11,C_C7_C10_AE_AE_mGAM_mBHI_6_S223,0,2496763,D_C11_G10_AE_AE_mGAM_mBHI_4_S323,103876
12,C_C8_C11_AF_AE_mGAM_mBHI_6_S224,184,2423530,D_C11_G10_AE_AE_mGAM_mBHI_4_S323,103876
13,C_C11_G4_AE_AE_mBHI_mBHI_4_S227,1,2284384,D_C11_G10_AE_AE_mGAM_mBHI_4_S323,103876
14,C_H12_H5_AF_AF_mBHI_mGAM_4_S288,117,2152529,D_C11_G10_AE_AE_mGAM_mBHI_4_S323,103876
15,D_A6_A9_ACPP_AA_mGAM_mBHI_6_S294,27,1982379,D_C11_G10_AE_AE_mGAM_mBHI_4_S323,103876
16,D_A7_A10_AE_AA_mGAM_mBHI_6_S295,7825,1410130,D_C11_G10_AE_AE_mGAM_mBHI_4_S323,103876
17,D_C3_C4_AE_AE_mBHI_mBHI_6_S315,3,1938021,D_C11_G10_AE_AE_mGAM_mBHI_4_S323,103876
18,D_C6_C9_ACPP_AE_mGAM_mBHI_6_S318,0,2546864,D_C11_G10_AE_AE_mGAM_mBHI_4_S323,103876
19,D_C7_C10_AE_AE_mGAM_mBHI_6_S319,0,2486700,D_C11_G10_AE_AE_mGAM_mBHI_4_S323,103876
20,D_C8_C11_AF_AE_mGAM_mBHI_6_S320,139,2295176,D_C11_G10_AE_AE_mGAM_mBHI_4_S323,103876
21,D_C11_G10_AE_AE_mGAM_mBHI_4_S323,0,2482678,D_C11_G10_AE_AE_mGAM_mBHI_4_S323,103876
22,D_G3_C4_AE_AE_mBHI_mGAM_6_S363,2,1654388,D_C11_G10_AE_AE_mGAM_mBHI_4_S323,103876
23,D_G6_C9_ACPP_AE_mGAM_mGAM_6_S366,0,2300167,D_C11_G10_AE_AE_mGAM_mBHI_4_S323,103876
24,C10-e003Coalescence-mBHI-p7,2,2135952,D_C11_G10_AE_AE_mGAM_mBHI_4_S323,103876
25,C11-e003Coalescence-mBHI-p5,141,2002690,D_C11_G10_AE_AE_mGAM_mBHI_4_S323,103876
26,C10-e003Coalescence-mBHI-p5,2,2385009,D_C11_G10_AE_AE_mGAM_mBHI_4_S323,103876
27,C8-e003Coalescence-mBHI-p5,4108,1198645,D_C11_G10_AE_AE_mGAM_mBHI_4_S323,103876
28,C4-e003Coalescence-mBHI-p5,0,2502890,D_C11_G10_AE_AE_mGAM_mBHI_4_S323,103876
29,C10-e003Coalescence-mGAM-p7,2,2061650,D_C11_G10_AE_AE_mGAM_mBHI_4_S323,103876
30,C10-e003Coalescence-mBHI-p3,4,2460943,D_C11_G10_AE_AE_mGAM_mBHI_4_S323,103876
31,G4-e003Coalescence-mBHI-p5_S27,1,1919003,D_C11_G10_AE_AE_mGAM_mBHI_4_S323,103876
32,G111-e003Coalescence-mBHI-p5_S32,86,1391982,D_C11_G10_AE_AE_mGAM_mBHI_4_S323,103876
33,G100-e003Coalescence-mBHI-p5_S31,0,2324546,D_C11_G10_AE_AE_mGAM_mBHI_4_S323,103876
34,G4-e003Coalescence-mBHI-p3_S35,2,2069895,D_C11_G10_AE_AE_mGAM_mBHI_4_S323,103876
35,G4-e003Coalescence-mGAM-p5_S75,1,1366979,D_C11_G10_AE_AE_mGAM_mBHI_4_S323,103876
36,G4-e003Coalescence-mGAM-p3_S83,0,1423657,D_C11_G10_AE_AE_mGAM_mBHI_4_S323,103876
37,G4-e003Coalescence-mBHI-p7_S123,0,1756502,D_C11_G10_AE_AE_mGAM_mBHI_4_S323,103876
38,G100-e003Coalescence-mBHI-p7_S127,2,1668930,D_C11_G10_AE_AE_mGAM_mBHI_4_S323,103876
39,C5-e003Coalescence-mBHI-inoculumn-redo,2,1580573,D_C11_G10_AE_AE_mGAM_mBHI_4_S323,103876
40,D4-e003Coalescence-Inoculumn-mBHI,1,1905366,D_C11_G10_AE_AE_mGAM_mBHI_4_S323,103876
41,C3-e003Coalescence-mBHI-inoculumn-redo,1,1386131,D_C11_G10_AE_AE_mGAM_mBHI_4_S323,103876
42,B4-e003Coalescence-Inoculumn-mBHI,6,1569971,D_C11_G10_AE_AE_mGAM_mBHI_4_S323,103876
43,C5-e003Coalescence-Inoculumn-mGAM,0,1196374,D_C11_G10_AE_AE_mGAM_mBHI_4_S323,103876
44,A4-e003Coalescence-Inoculumn-mGAM,267,1498117,D_C11_G10_AE_AE_mGAM_mBHI_4_S323,103876
45,G10-e003Coalescence-mBHI-p1_S830,0,2428880,D_C11_G10_AE_AE_mGAM_mBHI_4_S323,103876
46,Coalescence-F2-E10-AA-AE-mGAM-mBHI-3_S681,101,1470280,D_C11_G10_AE_AE_mGAM_mBHI_4_S323,103876
47,Coalescence-E5-C4-AE-AE-mBHI-mBHI-3_S672,0,2530214,D_C11_G10_AE_AE_mGAM_mBHI_4_S323,103876
48,Coalescence-A12-D11-AF-AF-mGAM-mBHI-7_S631,118,1874895,D_C11_G10_AE_AE_mGAM_mBHI_4_S323,103876
49,Coalescence-E8-D11-AF-AF-mGAM-mBHI-3_S675,127,1958325,D_C11_G10_AE_AE_mGAM_mBHI_4_S323,103876
50,Coalescence-A10-C11-AE-AF-mGAM-mBHI-7_S629,195,2451568,D_C11_G10_AE_AE_mGAM_mBHI_4_S323,103876
51,Assembly-G5-C10-AE-mGAM-5_S696,0,2151131,D_C11_G10_AE_AE_mGAM_mBHI_4_S323,103876
52,D_F11_e003Assembly_S359,2,1852547,D_C11_G10_AE_AE_mGAM_mBHI_4_S323,103876
53,C_C2_e003Assembly_S218,5,2486586,D_C11_G10_AE_AE_mGAM_mBHI_4_S323,103876
0,A_C5_C8_AA_AE_mGAM_mBHI_2_S29,11,1240202,D_G3_C4_AE_AE_mBHI_mGAM_6_S363,103876
1,A_C8_C11_AF_AE_mGAM_mBHI_2_S32,1,2148058,D_G3_C4_AE_AE_mBHI_mGAM_6_S363,103876
2,A_C11_C4_AE_AE_mBHI_mBHI_4_S35,0,2544423,D_G3_C4_AE_AE_mBHI_mGAM_6_S363,103876
3,A_C12_C5_AF_AE_mBHI_mBHI_4_S36,52,1318209,D_G3_C4_AE_AE_mBHI_mGAM_6_S363,103876
4,B_A7_E10_AE_AA_mGAM_mBHI_2_S103,67,1585269,D_G3_C4_AE_AE_mBHI_mGAM_6_S363,103876
5,B_C7_G10_AE_AE_mGAM_mBHI_2_S127,1,2297583,D_G3_C4_AE_AE_mBHI_mGAM_6_S363,103876
6,B_C11_C10_AE_AE_mGAM_mBHI_4_S131,2,2142327,D_G3_C4_AE_AE_mBHI_mGAM_6_S363,103876
7,B_G7_G10_AE_AE_mGAM_mGAM_2_S175,1,2129061,D_G3_C4_AE_AE_mBHI_mGAM_6_S363,103876
8,B_G11_C10_AE_AE_mGAM_mGAM_4_S179,1,1605800,D_G3_C4_AE_AE_mBHI_mGAM_6_S363,103876
9,C_C3_C4_AE_AE_mBHI_mBHI_6_S219,0,2333234,D_G3_C4_AE_AE_mBHI_mGAM_6_S363,103876
10,C_C5_C8_AA_AE_mGAM_mBHI_6_S221,5796,983611,D_G3_C4_AE_AE_mBHI_mGAM_6_S363,103876
11,C_C7_C10_AE_AE_mGAM_mBHI_6_S223,2,2496763,D_G3_C4_AE_AE_mBHI_mGAM_6_S363,103876
12,C_C8_C11_AF_AE_mGAM_mBHI_6_S224,130,2423530,D_G3_C4_AE_AE_mBHI_mGAM_6_S363,103876
13,C_C11_G4_AE_AE_mBHI_mBHI_4_S227,1,2284384,D_G3_C4_AE_AE_mBHI_mGAM_6_S363,103876
14,C_H12_H5_AF_AF_mBHI_mGAM_4_S288,87,2152529,D_G3_C4_AE_AE_mBHI_mGAM_6_S363,103876
15,D_A6_A9_ACPP_AA_mGAM_mBHI_6_S294,20,1982379,D_G3_C4_AE_AE_mBHI_mGAM_6_S363,103876
16,D_A7_A10_AE_AA_mGAM_mBHI_6_S295,5374,1410130,D_G3_C4_AE_AE_mBHI_mGAM_6_S363,103876
17,D_C3_C4_AE_AE_mBHI_mBHI_6_S315,2,1938021,D_G3_C4_AE_AE_mBHI_mGAM_6_S363,103876
18,D_C6_C9_ACPP_AE_mGAM_mBHI_6_S318,3,2546864,D_G3_C4_AE_AE_mBHI_mGAM_6_S363,103876
19,D_C7_C10_AE_AE_mGAM_mBHI_6_S319,2,2486700,D_G3_C4_AE_AE_mBHI_mGAM_6_S363,103876
20,D_C8_C11_AF_AE_mGAM_mBHI_6_S320,102,2295176,D_G3_C4_AE_AE_mBHI_mGAM_6_S363,103876
21,D_C11_G10_AE_AE_mGAM_mBHI_4_S323,2,2482678,D_G3_C4_AE_AE_mBHI_mGAM_6_S363,103876
22,D_G3_C4_AE_AE_mBHI_mGAM_6_S363,0,1654388,D_G3_C4_AE_AE_mBHI_mGAM_6_S363,103876
23,D_G6_C9_ACPP_AE_mGAM_mGAM_6_S366,2,2300167,D_G3_C4_AE_AE_mBHI_mGAM_6_S363,103876
24,C10-e003Coalescence-mBHI-p7,3,2135952,D_G3_C4_AE_AE_mBHI_mGAM_6_S363,103876
25,C11-e003Coalescence-mBHI-p5,104,2002690,D_G3_C4_AE_AE_mBHI_mGAM_6_S363,103876
26,C10-e003Coalescence-mBHI-p5,5,2385009,D_G3_C4_AE_AE_mBHI_mGAM_6_S363,103876
27,C8-e003Coalescence-mBHI-p5,2813,1198645,D_G3_C4_AE_AE_mBHI_mGAM_6_S363,103876
28,C4-e003Coalescence-mBHI-p5,0,2502890,D_G3_C4_AE_AE_mBHI_mGAM_6_S363,103876
29,C10-e003Coalescence-mGAM-p7,2,2061650,D_G3_C4_AE_AE_mBHI_mGAM_6_S363,103876
30,C10-e003Coalescence-mBHI-p3,3,2460943,D_G3_C4_AE_AE_mBHI_mGAM_6_S363,103876
31,G4-e003Coalescence-mBHI-p5_S27,1,1919003,D_G3_C4_AE_AE_mBHI_mGAM_6_S363,103876
32,G111-e003Coalescence-mBHI-p5_S32,60,1391982,D_G3_C4_AE_AE_mBHI_mGAM_6_S363,103876
33,G100-e003Coalescence-mBHI-p5_S31,1,2324546,D_G3_C4_AE_AE_mBHI_mGAM_6_S363,103876
34,G4-e003Coalescence-mBHI-p3_S35,1,2069895,D_G3_C4_AE_AE_mBHI_mGAM_6_S363,103876
35,G4-e003Coalescence-mGAM-p5_S75,0,1366979,D_G3_C4_AE_AE_mBHI_mGAM_6_S363,103876
36,G4-e003Coalescence-mGAM-p3_S83,0,1423657,D_G3_C4_AE_AE_mBHI_mGAM_6_S363,103876
37,G4-e003Coalescence-mBHI-p7_S123,0,1756502,D_G3_C4_AE_AE_mBHI_mGAM_6_S363,103876
38,G100-e003Coalescence-mBHI-p7_S127,2,1668930,D_G3_C4_AE_AE_mBHI_mGAM_6_S363,103876
39,C5-e003Coalescence-mBHI-inoculumn-redo,2,1580573,D_G3_C4_AE_AE_mBHI_mGAM_6_S363,103876
40,D4-e003Coalescence-Inoculumn-mBHI,3,1905366,D_G3_C4_AE_AE_mBHI_mGAM_6_S363,103876
41,C3-e003Coalescence-mBHI-inoculumn-redo,1,1386131,D_G3_C4_AE_AE_mBHI_mGAM_6_S363,103876
42,B4-e003Coalescence-Inoculumn-mBHI,3,1569971,D_G3_C4_AE_AE_mBHI_mGAM_6_S363,103876
43,C5-e003Coalescence-Inoculumn-mGAM,0,1196374,D_G3_C4_AE_AE_mBHI_mGAM_6_S363,103876
44,A4-e003Coalescence-Inoculumn-mGAM,177,1498117,D_G3_C4_AE_AE_mBHI_mGAM_6_S363,103876
45,G10-e003Coalescence-mBHI-p1_S830,3,2428880,D_G3_C4_AE_AE_mBHI_mGAM_6_S363,103876
46,Coalescence-F2-E10-AA-AE-mGAM-mBHI-3_S681,73,1470280,D_G3_C4_AE_AE_mBHI_mGAM_6_S363,103876
47,Coalescence-E5-C4-AE-AE-mBHI-mBHI-3_S672,0,2530214,D_G3_C4_AE_AE_mBHI_mGAM_6_S363,103876
48,Coalescence-A12-D11-AF-AF-mGAM-mBHI-7_S631,85,1874895,D_G3_C4_AE_AE_mBHI_mGAM_6_S363,103876
49,Coalescence-E8-D11-AF-AF-mGAM-mBHI-3_S675,94,1958325,D_G3_C4_AE_AE_mBHI_mGAM_6_S363,103876
50,Coalescence-A10-C11-AE-AF-mGAM-mBHI-7_S629,126,2451568,D_G3_C4_AE_AE_mBHI_mGAM_6_S363,103876
51,Assembly-G5-C10-AE-mGAM-5_S696,1,2151131,D_G3_C4_AE_AE_mBHI_mGAM_6_S363,103876
52,D_F11_e003Assembly_S359,1,1852547,D_G3_C4_AE_AE_mBHI_mGAM_6_S363,103876
53,C_C2_e003Assembly_S218,5,2486586,D_G3_C4_AE_AE_mBHI_mGAM_6_S363,103876
0,A_C5_C8_AA_AE_mGAM_mBHI_2_S29,24,1240202,D_G6_C9_ACPP_AE_mGAM_mGAM_6_S366,103876
1,A_C8_C11_AF_AE_mGAM_mBHI_2_S32,1,2148058,D_G6_C9_ACPP_AE_mGAM_mGAM_6_S366,103876
2,A_C11_C4_AE_AE_mBHI_mBHI_4_S35,0,2544423,D_G6_C9_ACPP_AE_mGAM_mGAM_6_S366,103876
3,A_C12_C5_AF_AE_mBHI_mBHI_4_S36,67,1318209,D_G6_C9_ACPP_AE_mGAM_mGAM_6_S366,103876
4,B_A7_E10_AE_AA_mGAM_mBHI_2_S103,98,1585269,D_G6_C9_ACPP_AE_mGAM_mGAM_6_S366,103876
5,B_C7_G10_AE_AE_mGAM_mBHI_2_S127,0,2297583,D_G6_C9_ACPP_AE_mGAM_mGAM_6_S366,103876
6,B_C11_C10_AE_AE_mGAM_mBHI_4_S131,0,2142327,D_G6_C9_ACPP_AE_mGAM_mGAM_6_S366,103876
7,B_G7_G10_AE_AE_mGAM_mGAM_2_S175,0,2129061,D_G6_C9_ACPP_AE_mGAM_mGAM_6_S366,103876
8,B_G11_C10_AE_AE_mGAM_mGAM_4_S179,0,1605800,D_G6_C9_ACPP_AE_mGAM_mGAM_6_S366,103876
9,C_C3_C4_AE_AE_mBHI_mBHI_6_S219,3,2333234,D_G6_C9_ACPP_AE_mGAM_mGAM_6_S366,103876
10,C_C5_C8_AA_AE_mGAM_mBHI_6_S221,7937,983611,D_G6_C9_ACPP_AE_mGAM_mGAM_6_S366,103876
11,C_C7_C10_AE_AE_mGAM_mBHI_6_S223,0,2496763,D_G6_C9_ACPP_AE_mGAM_mGAM_6_S366,103876
12,C_C8_C11_AF_AE_mGAM_mBHI_6_S224,183,2423530,D_G6_C9_ACPP_AE_mGAM_mGAM_6_S366,103876
13,C_C11_G4_AE_AE_mBHI_mBHI_4_S227,1,2284384,D_G6_C9_ACPP_AE_mGAM_mGAM_6_S366,103876
14,C_H12_H5_AF_AF_mBHI_mGAM_4_S288,114,2152529,D_G6_C9_ACPP_AE_mGAM_mGAM_6_S366,103876
15,D_A6_A9_ACPP_AA_mGAM_mBHI_6_S294,28,1982379,D_G6_C9_ACPP_AE_mGAM_mGAM_6_S366,103876
16,D_A7_A10_AE_AA_mGAM_mBHI_6_S295,7306,1410130,D_G6_C9_ACPP_AE_mGAM_mGAM_6_S366,103876
17,D_C3_C4_AE_AE_mBHI_mBHI_6_S315,6,1938021,D_G6_C9_ACPP_AE_mGAM_mGAM_6_S366,103876
18,D_C6_C9_ACPP_AE_mGAM_mBHI_6_S318,0,2546864,D_G6_C9_ACPP_AE_mGAM_mGAM_6_S366,103876
19,D_C7_C10_AE_AE_mGAM_mBHI_6_S319,0,2486700,D_G6_C9_ACPP_AE_mGAM_mGAM_6_S366,103876
20,D_C8_C11_AF_AE_mGAM_mBHI_6_S320,140,2295176,D_G6_C9_ACPP_AE_mGAM_mGAM_6_S366,103876
21,D_C11_G10_AE_AE_mGAM_mBHI_4_S323,0,2482678,D_G6_C9_ACPP_AE_mGAM_mGAM_6_S366,103876
22,D_G3_C4_AE_AE_mBHI_mGAM_6_S363,2,1654388,D_G6_C9_ACPP_AE_mGAM_mGAM_6_S366,103876
23,D_G6_C9_ACPP_AE_mGAM_mGAM_6_S366,0,2300167,D_G6_C9_ACPP_AE_mGAM_mGAM_6_S366,103876
24,C10-e003Coalescence-mBHI-p7,2,2135952,D_G6_C9_ACPP_AE_mGAM_mGAM_6_S366,103876
25,C11-e003Coalescence-mBHI-p5,139,2002690,D_G6_C9_ACPP_AE_mGAM_mGAM_6_S366,103876
26,C10-e003Coalescence-mBHI-p5,4,2385009,D_G6_C9_ACPP_AE_mGAM_mGAM_6_S366,103876
27,C8-e003Coalescence-mBHI-p5,3827,1198645,D_G6_C9_ACPP_AE_mGAM_mGAM_6_S366,103876
28,C4-e003Coalescence-mBHI-p5,0,2502890,D_G6_C9_ACPP_AE_mGAM_mGAM_6_S366,103876
29,C10-e003Coalescence-mGAM-p7,4,2061650,D_G6_C9_ACPP_AE_mGAM_mGAM_6_S366,103876
30,C10-e003Coalescence-mBHI-p3,4,2460943,D_G6_C9_ACPP_AE_mGAM_mGAM_6_S366,103876
31,G4-e003Coalescence-mBHI-p5_S27,1,1919003,D_G6_C9_ACPP_AE_mGAM_mGAM_6_S366,103876
32,G111-e003Coalescence-mBHI-p5_S32,86,1391982,D_G6_C9_ACPP_AE_mGAM_mGAM_6_S366,103876
33,G100-e003Coalescence-mBHI-p5_S31,0,2324546,D_G6_C9_ACPP_AE_mGAM_mGAM_6_S366,103876
34,G4-e003Coalescence-mBHI-p3_S35,1,2069895,D_G6_C9_ACPP_AE_mGAM_mGAM_6_S366,103876
35,G4-e003Coalescence-mGAM-p5_S75,0,1366979,D_G6_C9_ACPP_AE_mGAM_mGAM_6_S366,103876
36,G4-e003Coalescence-mGAM-p3_S83,1,1423657,D_G6_C9_ACPP_AE_mGAM_mGAM_6_S366,103876
37,G4-e003Coalescence-mBHI-p7_S123,3,1756502,D_G6_C9_ACPP_AE_mGAM_mGAM_6_S366,103876
38,G100-e003Coalescence-mBHI-p7_S127,4,1668930,D_G6_C9_ACPP_AE_mGAM_mGAM_6_S366,103876
39,C5-e003Coalescence-mBHI-inoculumn-redo,4,1580573,D_G6_C9_ACPP_AE_mGAM_mGAM_6_S366,103876
40,D4-e003Coalescence-Inoculumn-mBHI,1,1905366,D_G6_C9_ACPP_AE_mGAM_mGAM_6_S366,103876
41,C3-e003Coalescence-mBHI-inoculumn-redo,1,1386131,D_G6_C9_ACPP_AE_mGAM_mGAM_6_S366,103876
42,B4-e003Coalescence-Inoculumn-mBHI,6,1569971,D_G6_C9_ACPP_AE_mGAM_mGAM_6_S366,103876
43,C5-e003Coalescence-Inoculumn-mGAM,0,1196374,D_G6_C9_ACPP_AE_mGAM_mGAM_6_S366,103876
44,A4-e003Coalescence-Inoculumn-mGAM,242,1498117,D_G6_C9_ACPP_AE_mGAM_mGAM_6_S366,103876
45,G10-e003Coalescence-mBHI-p1_S830,1,2428880,D_G6_C9_ACPP_AE_mGAM_mGAM_6_S366,103876
46,Coalescence-F2-E10-AA-AE-mGAM-mBHI-3_S681,94,1470280,D_G6_C9_ACPP_AE_mGAM_mGAM_6_S366,103876
47,Coalescence-E5-C4-AE-AE-mBHI-mBHI-3_S672,0,2530214,D_G6_C9_ACPP_AE_mGAM_mGAM_6_S366,103876
48,Coalescence-A12-D11-AF-AF-mGAM-mBHI-7_S631,116,1874895,D_G6_C9_ACPP_AE_mGAM_mGAM_6_S366,103876
49,Coalescence-E8-D11-AF-AF-mGAM-mBHI-3_S675,129,1958325,D_G6_C9_ACPP_AE_mGAM_mGAM_6_S366,103876
50,Coalescence-A10-C11-AE-AF-mGAM-mBHI-7_S629,190,2451568,D_G6_C9_ACPP_AE_mGAM_mGAM_6_S366,103876
51,Assembly-G5-C10-AE-mGAM-5_S696,0,2151131,D_G6_C9_ACPP_AE_mGAM_mGAM_6_S366,103876
52,D_F11_e003Assembly_S359,2,1852547,D_G6_C9_ACPP_AE_mGAM_mGAM_6_S366,103876
53,C_C2_e003Assembly_S218,4,2486586,D_G6_C9_ACPP_AE_mGAM_mGAM_6_S366,103876
0,A_C5_C8_AA_AE_mGAM_mBHI_2_S29,23,1240202,C10-e003Coalescence-mBHI-p7,103876
1,A_C8_C11_AF_AE_mGAM_mBHI_2_S32,3,2148058,C10-e003Coalescence-mBHI-p7,103876
2,A_C11_C4_AE_AE_mBHI_mBHI_4_S35,2,2544423,C10-e003Coalescence-mBHI-p7,103876
3,A_C12_C5_AF_AE_mBHI_mBHI_4_S36,65,1318209,C10-e003Coalescence-mBHI-p7,103876
4,B_A7_E10_AE_AA_mGAM_mBHI_2_S103,95,1585269,C10-e003Coalescence-mBHI-p7,103876
5,B_C7_G10_AE_AE_mGAM_mBHI_2_S127,2,2297583,C10-e003Coalescence-mBHI-p7,103876
6,B_C11_C10_AE_AE_mGAM_mBHI_4_S131,2,2142327,C10-e003Coalescence-mBHI-p7,103876
7,B_G7_G10_AE_AE_mGAM_mGAM_2_S175,2,2129061,C10-e003Coalescence-mBHI-p7,103876
8,B_G11_C10_AE_AE_mGAM_mGAM_4_S179,2,1605800,C10-e003Coalescence-mBHI-p7,103876
9,C_C3_C4_AE_AE_mBHI_mBHI_6_S219,5,2333234,C10-e003Coalescence-mBHI-p7,103876
10,C_C5_C8_AA_AE_mGAM_mBHI_6_S221,7412,983611,C10-e003Coalescence-mBHI-p7,103876
11,C_C7_C10_AE_AE_mGAM_mBHI_6_S223,2,2496763,C10-e003Coalescence-mBHI-p7,103876
12,C_C8_C11_AF_AE_mGAM_mBHI_6_S224,164,2423530,C10-e003Coalescence-mBHI-p7,103876
13,C_C11_G4_AE_AE_mBHI_mBHI_4_S227,3,2284384,C10-e003Coalescence-mBHI-p7,103876
14,C_H12_H5_AF_AF_mBHI_mGAM_4_S288,103,2152529,C10-e003Coalescence-mBHI-p7,103876
15,D_A6_A9_ACPP_AA_mGAM_mBHI_6_S294,29,1982379,C10-e003Coalescence-mBHI-p7,103876
16,D_A7_A10_AE_AA_mGAM_mBHI_6_S295,6718,1410130,C10-e003Coalescence-mBHI-p7,103876
17,D_C3_C4_AE_AE_mBHI_mBHI_6_S315,5,1938021,C10-e003Coalescence-mBHI-p7,103876
18,D_C6_C9_ACPP_AE_mGAM_mBHI_6_S318,2,2546864,C10-e003Coalescence-mBHI-p7,103876
19,D_C7_C10_AE_AE_mGAM_mBHI_6_S319,2,2486700,C10-e003Coalescence-mBHI-p7,103876
20,D_C8_C11_AF_AE_mGAM_mBHI_6_S320,124,2295176,C10-e003Coalescence-mBHI-p7,103876
21,D_C11_G10_AE_AE_mGAM_mBHI_4_S323,2,2482678,C10-e003Coalescence-mBHI-p7,103876
22,D_G3_C4_AE_AE_mBHI_mGAM_6_S363,3,1654388,C10-e003Coalescence-mBHI-p7,103876
23,D_G6_C9_ACPP_AE_mGAM_mGAM_6_S366,2,2300167,C10-e003Coalescence-mBHI-p7,103876
24,C10-e003Coalescence-mBHI-p7,0,2135952,C10-e003Coalescence-mBHI-p7,103876
25,C11-e003Coalescence-mBHI-p5,124,2002690,C10-e003Coalescence-mBHI-p7,103876
26,C10-e003Coalescence-mBHI-p5,0,2385009,C10-e003Coalescence-mBHI-p7,103876
27,C8-e003Coalescence-mBHI-p5,3514,1198645,C10-e003Coalescence-mBHI-p7,103876
28,C4-e003Coalescence-mBHI-p5,0,2502890,C10-e003Coalescence-mBHI-p7,103876
29,C10-e003Coalescence-mGAM-p7,1,2061650,C10-e003Coalescence-mBHI-p7,103876
30,C10-e003Coalescence-mBHI-p3,2,2460943,C10-e003Coalescence-mBHI-p7,103876
31,G4-e003Coalescence-mBHI-p5_S27,3,1919003,C10-e003Coalescence-mBHI-p7,103876
32,G111-e003Coalescence-mBHI-p5_S32,76,1391982,C10-e003Coalescence-mBHI-p7,103876
33,G100-e003Coalescence-mBHI-p5_S31,2,2324546,C10-e003Coalescence-mBHI-p7,103876
34,G4-e003Coalescence-mBHI-p3_S35,4,2069895,C10-e003Coalescence-mBHI-p7,103876
35,G4-e003Coalescence-mGAM-p5_S75,4,1366979,C10-e003Coalescence-mBHI-p7,103876
36,G4-e003Coalescence-mGAM-p3_S83,4,1423657,C10-e003Coalescence-mBHI-p7,103876
37,G4-e003Coalescence-mBHI-p7_S123,0,1756502,C10-e003Coalescence-mBHI-p7,103876
38,G100-e003Coalescence-mBHI-p7_S127,3,1668930,C10-e003Coalescence-mBHI-p7,103876
39,C5-e003Coalescence-mBHI-inoculumn-redo,3,1580573,C10-e003Coalescence-mBHI-p7,103876
40,D4-e003Coalescence-Inoculumn-mBHI,1,1905366,C10-e003Coalescence-mBHI-p7,103876
41,C3-e003Coalescence-mBHI-inoculumn-redo,3,1386131,C10-e003Coalescence-mBHI-p7,103876
42,B4-e003Coalescence-Inoculumn-mBHI,4,1569971,C10-e003Coalescence-mBHI-p7,103876
43,C5-e003Coalescence-Inoculumn-mGAM,0,1196374,C10-e003Coalescence-mBHI-p7,103876
44,A4-e003Coalescence-Inoculumn-mGAM,232,1498117,C10-e003Coalescence-mBHI-p7,103876
45,G10-e003Coalescence-mBHI-p1_S830,0,2428880,C10-e003Coalescence-mBHI-p7,103876
46,Coalescence-F2-E10-AA-AE-mGAM-mBHI-3_S681,86,1470280,C10-e003Coalescence-mBHI-p7,103876
47,Coalescence-E5-C4-AE-AE-mBHI-mBHI-3_S672,0,2530214,C10-e003Coalescence-mBHI-p7,103876
48,Coalescence-A12-D11-AF-AF-mGAM-mBHI-7_S631,105,1874895,C10-e003Coalescence-mBHI-p7,103876
49,Coalescence-E8-D11-AF-AF-mGAM-mBHI-3_S675,116,1958325,C10-e003Coalescence-mBHI-p7,103876
50,Coalescence-A10-C11-AE-AF-mGAM-mBHI-7_S629,167,2451568,C10-e003Coalescence-mBHI-p7,103876
51,Assembly-G5-C10-AE-mGAM-5_S696,2,2151131,C10-e003Coalescence-mBHI-p7,103876
52,D_F11_e003Assembly_S359,4,1852547,C10-e003Coalescence-mBHI-p7,103876
53,C_C2_e003Assembly_S218,7,2486586,C10-e003Coalescence-mBHI-p7,103876
0,A_C5_C8_AA_AE_mGAM_mBHI_2_S29,74,1240202,C11-e003Coalescence-mBHI-p5,103876
1,A_C8_C11_AF_AE_mGAM_mBHI_2_S32,91,2148058,C11-e003Coalescence-mBHI-p5,103876
2,A_C11_C4_AE_AE_mBHI_mBHI_4_S35,139,2544423,C11-e003Coalescence-mBHI-p5,103876
3,A_C12_C5_AF_AE_mBHI_mBHI_4_S36,2,1318209,C11-e003Coalescence-mBHI-p5,103876
4,B_A7_E10_AE_AA_mGAM_mBHI_2_S103,146,1585269,C11-e003Coalescence-mBHI-p5,103876
5,B_C7_G10_AE_AE_mGAM_mBHI_2_S127,137,2297583,C11-e003Coalescence-mBHI-p5,103876
6,B_C11_C10_AE_AE_mGAM_mBHI_4_S131,120,2142327,C11-e003Coalescence-mBHI-p5,103876
7,B_G7_G10_AE_AE_mGAM_mGAM_2_S175,130,2129061,C11-e003Coalescence-mBHI-p5,103876
8,B_G11_C10_AE_AE_mGAM_mGAM_4_S179,95,1605800,C11-e003Coalescence-mBHI-p5,103876
9,C_C3_C4_AE_AE_mBHI_mBHI_6_S219,134,2333234,C11-e003Coalescence-mBHI-p5,103876
10,C_C5_C8_AA_AE_mGAM_mBHI_6_S221,6994,983611,C11-e003Coalescence-mBHI-p5,103876
11,C_C7_C10_AE_AE_mGAM_mBHI_6_S223,143,2496763,C11-e003Coalescence-mBHI-p5,103876
12,C_C8_C11_AF_AE_mGAM_mBHI_6_S224,0,2423530,C11-e003Coalescence-mBHI-p5,103876
13,C_C11_G4_AE_AE_mBHI_mBHI_4_S227,129,2284384,C11-e003Coalescence-mBHI-p5,103876
14,C_H12_H5_AF_AF_mBHI_mGAM_4_S288,4,2152529,C11-e003Coalescence-mBHI-p5,103876
15,D_A6_A9_ACPP_AA_mGAM_mBHI_6_S294,126,1982379,C11-e003Coalescence-mBHI-p5,103876
16,D_A7_A10_AE_AA_mGAM_mBHI_6_S295,6377,1410130,C11-e003Coalescence-mBHI-p5,103876
17,D_C3_C4_AE_AE_mBHI_mBHI_6_S315,105,1938021,C11-e003Coalescence-mBHI-p5,103876
18,D_C6_C9_ACPP_AE_mGAM_mBHI_6_S318,146,2546864,C11-e003Coalescence-mBHI-p5,103876
19,D_C7_C10_AE_AE_mGAM_mBHI_6_S319,143,2486700,C11-e003Coalescence-mBHI-p5,103876
20,D_C8_C11_AF_AE_mGAM_mBHI_6_S320,0,2295176,C11-e003Coalescence-mBHI-p5,103876
21,D_C11_G10_AE_AE_mGAM_mBHI_4_S323,141,2482678,C11-e003Coalescence-mBHI-p5,103876
22,D_G3_C4_AE_AE_mBHI_mGAM_6_S363,104,1654388,C11-e003Coalescence-mBHI-p5,103876
23,D_G6_C9_ACPP_AE_mGAM_mGAM_6_S366,139,2300167,C11-e003Coalescence-mBHI-p5,103876
24,C10-e003Coalescence-mBHI-p7,124,2135952,C11-e003Coalescence-mBHI-p5,103876
25,C11-e003Coalescence-mBHI-p5,0,2002690,C11-e003Coalescence-mBHI-p5,103876
26,C10-e003Coalescence-mBHI-p5,128,2385009,C11-e003Coalescence-mBHI-p5,103876
27,C8-e003Coalescence-mBHI-p5,3422,1198645,C11-e003Coalescence-mBHI-p5,103876
28,C4-e003Coalescence-mBHI-p5,133,2502890,C11-e003Coalescence-mBHI-p5,103876
29,C10-e003Coalescence-mGAM-p7,120,2061650,C11-e003Coalescence-mBHI-p5,103876
30,C10-e003Coalescence-mBHI-p3,142,2460943,C11-e003Coalescence-mBHI-p5,103876
31,G4-e003Coalescence-mBHI-p5_S27,99,1919003,C11-e003Coalescence-mBHI-p5,103876
32,G111-e003Coalescence-mBHI-p5_S32,1,1391982,C11-e003Coalescence-mBHI-p5,103876
33,G100-e003Coalescence-mBHI-p5_S31,133,2324546,C11-e003Coalescence-mBHI-p5,103876
34,G4-e003Coalescence-mBHI-p3_S35,125,2069895,C11-e003Coalescence-mBHI-p5,103876
35,G4-e003Coalescence-mGAM-p5_S75,80,1366979,C11-e003Coalescence-mBHI-p5,103876
36,G4-e003Coalescence-mGAM-p3_S83,87,1423657,C11-e003Coalescence-mBHI-p5,103876
37,G4-e003Coalescence-mBHI-p7_S123,102,1756502,C11-e003Coalescence-mBHI-p5,103876
38,G100-e003Coalescence-mBHI-p7_S127,90,1668930,C11-e003Coalescence-mBHI-p5,103876
39,C5-e003Coalescence-mBHI-inoculumn-redo,70,1580573,C11-e003Coalescence-mBHI-p5,103876
40,D4-e003Coalescence-Inoculumn-mBHI,81,1905366,C11-e003Coalescence-mBHI-p5,103876
41,C3-e003Coalescence-mBHI-inoculumn-redo,74,1386131,C11-e003Coalescence-mBHI-p5,103876
42,B4-e003Coalescence-Inoculumn-mBHI,94,1569971,C11-e003Coalescence-mBHI-p5,103876
43,C5-e003Coalescence-Inoculumn-mGAM,53,1196374,C11-e003Coalescence-mBHI-p5,103876
44,A4-e003Coalescence-Inoculumn-mGAM,309,1498117,C11-e003Coalescence-mBHI-p5,103876
45,G10-e003Coalescence-mBHI-p1_S830,141,2428880,C11-e003Coalescence-mBHI-p5,103876
46,Coalescence-F2-E10-AA-AE-mGAM-mBHI-3_S681,171,1470280,C11-e003Coalescence-mBHI-p5,103876
47,Coalescence-E5-C4-AE-AE-mBHI-mBHI-3_S672,141,2530214,C11-e003Coalescence-mBHI-p5,103876
48,Coalescence-A12-D11-AF-AF-mGAM-mBHI-7_S631,1,1874895,C11-e003Coalescence-mBHI-p5,103876
49,Coalescence-E8-D11-AF-AF-mGAM-mBHI-3_S675,0,1958325,C11-e003Coalescence-mBHI-p5,103876
50,Coalescence-A10-C11-AE-AF-mGAM-mBHI-7_S629,0,2451568,C11-e003Coalescence-mBHI-p5,103876
51,Assembly-G5-C10-AE-mGAM-5_S696,127,2151131,C11-e003Coalescence-mBHI-p5,103876
52,D_F11_e003Assembly_S359,107,1852547,C11-e003Coalescence-mBHI-p5,103876
53,C_C2_e003Assembly_S218,139,2486586,C11-e003Coalescence-mBHI-p5,103876
0,A_C5_C8_AA_AE_mGAM_mBHI_2_S29,21,1240202,C10-e003Coalescence-mBHI-p5,103876
1,A_C8_C11_AF_AE_mGAM_mBHI_2_S32,1,2148058,C10-e003Coalescence-mBHI-p5,103876
2,A_C11_C4_AE_AE_mBHI_mBHI_4_S35,3,2544423,C10-e003Coalescence-mBHI-p5,103876
3,A_C12_C5_AF_AE_mBHI_mBHI_4_S36,68,1318209,C10-e003Coalescence-mBHI-p5,103876
4,B_A7_E10_AE_AA_mGAM_mBHI_2_S103,100,1585269,C10-e003Coalescence-mBHI-p5,103876
5,B_C7_G10_AE_AE_mGAM_mBHI_2_S127,2,2297583,C10-e003Coalescence-mBHI-p5,103876
6,B_C11_C10_AE_AE_mGAM_mBHI_4_S131,2,2142327,C10-e003Coalescence-mBHI-p5,103876
7,B_G7_G10_AE_AE_mGAM_mGAM_2_S175,3,2129061,C10-e003Coalescence-mBHI-p5,103876
8,B_G11_C10_AE_AE_mGAM_mGAM_4_S179,0,1605800,C10-e003Coalescence-mBHI-p5,103876
9,C_C3_C4_AE_AE_mBHI_mBHI_6_S219,6,2333234,C10-e003Coalescence-mBHI-p5,103876
10,C_C5_C8_AA_AE_mGAM_mBHI_6_S221,8146,983611,C10-e003Coalescence-mBHI-p5,103876
11,C_C7_C10_AE_AE_mGAM_mBHI_6_S223,2,2496763,C10-e003Coalescence-mBHI-p5,103876
12,C_C8_C11_AF_AE_mGAM_mBHI_6_S224,167,2423530,C10-e003Coalescence-mBHI-p5,103876
13,C_C11_G4_AE_AE_mBHI_mBHI_4_S227,4,2284384,C10-e003Coalescence-mBHI-p5,103876
14,C_H12_H5_AF_AF_mBHI_mGAM_4_S288,110,2152529,C10-e003Coalescence-mBHI-p5,103876
15,D_A6_A9_ACPP_AA_mGAM_mBHI_6_S294,29,1982379,C10-e003Coalescence-mBHI-p5,103876
16,D_A7_A10_AE_AA_mGAM_mBHI_6_S295,7473,1410130,C10-e003Coalescence-mBHI-p5,103876
17,D_C3_C4_AE_AE_mBHI_mBHI_6_S315,5,1938021,C10-e003Coalescence-mBHI-p5,103876
18,D_C6_C9_ACPP_AE_mGAM_mBHI_6_S318,2,2546864,C10-e003Coalescence-mBHI-p5,103876
19,D_C7_C10_AE_AE_mGAM_mBHI_6_S319,3,2486700,C10-e003Coalescence-mBHI-p5,103876
20,D_C8_C11_AF_AE_mGAM_mBHI_6_S320,140,2295176,C10-e003Coalescence-mBHI-p5,103876
21,D_C11_G10_AE_AE_mGAM_mBHI_4_S323,2,2482678,C10-e003Coalescence-mBHI-p5,103876
22,D_G3_C4_AE_AE_mBHI_mGAM_6_S363,5,1654388,C10-e003Coalescence-mBHI-p5,103876
23,D_G6_C9_ACPP_AE_mGAM_mGAM_6_S366,4,2300167,C10-e003Coalescence-mBHI-p5,103876
24,C10-e003Coalescence-mBHI-p7,0,2135952,C10-e003Coalescence-mBHI-p5,103876
25,C11-e003Coalescence-mBHI-p5,128,2002690,C10-e003Coalescence-mBHI-p5,103876
26,C10-e003Coalescence-mBHI-p5,0,2385009,C10-e003Coalescence-mBHI-p5,103876
27,C8-e003Coalescence-mBHI-p5,3910,1198645,C10-e003Coalescence-mBHI-p5,103876
28,C4-e003Coalescence-mBHI-p5,1,2502890,C10-e003Coalescence-mBHI-p5,103876
29,C10-e003Coalescence-mGAM-p7,2,2061650,C10-e003Coalescence-mBHI-p5,103876
30,C10-e003Coalescence-mBHI-p3,0,2460943,C10-e003Coalescence-mBHI-p5,103876
31,G4-e003Coalescence-mBHI-p5_S27,4,1919003,C10-e003Coalescence-mBHI-p5,103876
32,G111-e003Coalescence-mBHI-p5_S32,86,1391982,C10-e003Coalescence-mBHI-p5,103876
33,G100-e003Coalescence-mBHI-p5_S31,2,2324546,C10-e003Coalescence-mBHI-p5,103876
34,G4-e003Coalescence-mBHI-p3_S35,5,2069895,C10-e003Coalescence-mBHI-p5,103876
35,G4-e003Coalescence-mGAM-p5_S75,3,1366979,C10-e003Coalescence-mBHI-p5,103876
36,G4-e003Coalescence-mGAM-p3_S83,4,1423657,C10-e003Coalescence-mBHI-p5,103876
37,G4-e003Coalescence-mBHI-p7_S123,1,1756502,C10-e003Coalescence-mBHI-p5,103876
38,G100-e003Coalescence-mBHI-p7_S127,2,1668930,C10-e003Coalescence-mBHI-p5,103876
39,C5-e003Coalescence-mBHI-inoculumn-redo,3,1580573,C10-e003Coalescence-mBHI-p5,103876
40,D4-e003Coalescence-Inoculumn-mBHI,3,1905366,C10-e003Coalescence-mBHI-p5,103876
41,C3-e003Coalescence-mBHI-inoculumn-redo,4,1386131,C10-e003Coalescence-mBHI-p5,103876
42,B4-e003Coalescence-Inoculumn-mBHI,5,1569971,C10-e003Coalescence-mBHI-p5,103876
43,C5-e003Coalescence-Inoculumn-mGAM,0,1196374,C10-e003Coalescence-mBHI-p5,103876
44,A4-e003Coalescence-Inoculumn-mGAM,260,1498117,C10-e003Coalescence-mBHI-p5,103876
45,G10-e003Coalescence-mBHI-p1_S830,1,2428880,C10-e003Coalescence-mBHI-p5,103876
46,Coalescence-F2-E10-AA-AE-mGAM-mBHI-3_S681,98,1470280,C10-e003Coalescence-mBHI-p5,103876
47,Coalescence-E5-C4-AE-AE-mBHI-mBHI-3_S672,1,2530214,C10-e003Coalescence-mBHI-p5,103876
48,Coalescence-A12-D11-AF-AF-mGAM-mBHI-7_S631,115,1874895,C10-e003Coalescence-mBHI-p5,103876
49,Coalescence-E8-D11-AF-AF-mGAM-mBHI-3_S675,128,1958325,C10-e003Coalescence-mBHI-p5,103876
50,Coalescence-A10-C11-AE-AF-mGAM-mBHI-7_S629,175,2451568,C10-e003Coalescence-mBHI-p5,103876
51,Assembly-G5-C10-AE-mGAM-5_S696,3,2151131,C10-e003Coalescence-mBHI-p5,103876
52,D_F11_e003Assembly_S359,6,1852547,C10-e003Coalescence-mBHI-p5,103876
53,C_C2_e003Assembly_S218,7,2486586,C10-e003Coalescence-mBHI-p5,103876
0,A_C5_C8_AA_AE_mGAM_mBHI_2_S29,1583,1240202,C8-e003Coalescence-mBHI-p5,103876
1,A_C8_C11_AF_AE_mGAM_mBHI_2_S32,3548,2148058,C8-e003Coalescence-mBHI-p5,103876
2,A_C11_C4_AE_AE_mBHI_mBHI_4_S35,4169,2544423,C8-e003Coalescence-mBHI-p5,103876
3,A_C12_C5_AF_AE_mBHI_mBHI_4_S36,2171,1318209,C8-e003Coalescence-mBHI-p5,103876
4,B_A7_E10_AE_AA_mGAM_mBHI_2_S103,1672,1585269,C8-e003Coalescence-mBHI-p5,103876
5,B_C7_G10_AE_AE_mGAM_mBHI_2_S127,3847,2297583,C8-e003Coalescence-mBHI-p5,103876
6,B_C11_C10_AE_AE_mGAM_mBHI_4_S131,3489,2142327,C8-e003Coalescence-mBHI-p5,103876
7,B_G7_G10_AE_AE_mGAM_mGAM_2_S175,3472,2129061,C8-e003Coalescence-mBHI-p5,103876
8,B_G11_C10_AE_AE_mGAM_mGAM_4_S179,2593,1605800,C8-e003Coalescence-mBHI-p5,103876
9,C_C3_C4_AE_AE_mBHI_mBHI_6_S219,3915,2333234,C8-e003Coalescence-mBHI-p5,103876
10,C_C5_C8_AA_AE_mGAM_mBHI_6_S221,612,983611,C8-e003Coalescence-mBHI-p5,103876
11,C_C7_C10_AE_AE_mGAM_mBHI_6_S223,4144,2496763,C8-e003Coalescence-mBHI-p5,103876
12,C_C8_C11_AF_AE_mGAM_mBHI_6_S224,4150,2423530,C8-e003Coalescence-mBHI-p5,103876
13,C_C11_G4_AE_AE_mBHI_mBHI_4_S227,3800,2284384,C8-e003Coalescence-mBHI-p5,103876
14,C_H12_H5_AF_AF_mBHI_mGAM_4_S288,3622,2152529,C8-e003Coalescence-mBHI-p5,103876
15,D_A6_A9_ACPP_AA_mGAM_mBHI_6_S294,2119,1982379,C8-e003Coalescence-mBHI-p5,103876
16,D_A7_A10_AE_AA_mGAM_mBHI_6_S295,575,1410130,C8-e003Coalescence-mBHI-p5,103876
17,D_C3_C4_AE_AE_mBHI_mBHI_6_S315,3259,1938021,C8-e003Coalescence-mBHI-p5,103876
18,D_C6_C9_ACPP_AE_mGAM_mBHI_6_S318,4179,2546864,C8-e003Coalescence-mBHI-p5,103876
19,D_C7_C10_AE_AE_mGAM_mBHI_6_S319,4122,2486700,C8-e003Coalescence-mBHI-p5,103876
20,D_C8_C11_AF_AE_mGAM_mBHI_6_S320,3897,2295176,C8-e003Coalescence-mBHI-p5,103876
21,D_C11_G10_AE_AE_mGAM_mBHI_4_S323,4108,2482678,C8-e003Coalescence-mBHI-p5,103876
22,D_G3_C4_AE_AE_mBHI_mGAM_6_S363,2813,1654388,C8-e003Coalescence-mBHI-p5,103876
23,D_G6_C9_ACPP_AE_mGAM_mGAM_6_S366,3827,2300167,C8-e003Coalescence-mBHI-p5,103876
24,C10-e003Coalescence-mBHI-p7,3514,2135952,C8-e003Coalescence-mBHI-p5,103876
25,C11-e003Coalescence-mBHI-p5,3422,2002690,C8-e003Coalescence-mBHI-p5,103876
26,C10-e003Coalescence-mBHI-p5,3910,2385009,C8-e003Coalescence-mBHI-p5,103876
27,C8-e003Coalescence-mBHI-p5,0,1198645,C8-e003Coalescence-mBHI-p5,103876
28,C4-e003Coalescence-mBHI-p5,4106,2502890,C8-e003Coalescence-mBHI-p5,103876
29,C10-e003Coalescence-mGAM-p7,3403,2061650,C8-e003Coalescence-mBHI-p5,103876
30,C10-e003Coalescence-mBHI-p3,4074,2460943,C8-e003Coalescence-mBHI-p5,103876
31,G4-e003Coalescence-mBHI-p5_S27,3255,1919003,C8-e003Coalescence-mBHI-p5,103876
32,G111-e003Coalescence-mBHI-p5_S32,2479,1391982,C8-e003Coalescence-mBHI-p5,103876
33,G100-e003Coalescence-mBHI-p5_S31,3899,2324546,C8-e003Coalescence-mBHI-p5,103876
34,G4-e003Coalescence-mBHI-p3_S35,3493,2069895,C8-e003Coalescence-mBHI-p5,103876
35,G4-e003Coalescence-mGAM-p5_S75,2455,1366979,C8-e003Coalescence-mBHI-p5,103876
36,G4-e003Coalescence-mGAM-p3_S83,2343,1423657,C8-e003Coalescence-mBHI-p5,103876
37,G4-e003Coalescence-mBHI-p7_S123,2977,1756502,C8-e003Coalescence-mBHI-p5,103876
38,G100-e003Coalescence-mBHI-p7_S127,2853,1668930,C8-e003Coalescence-mBHI-p5,103876
39,C5-e003Coalescence-mBHI-inoculumn-redo,2605,1580573,C8-e003Coalescence-mBHI-p5,103876
40,D4-e003Coalescence-Inoculumn-mBHI,3209,1905366,C8-e003Coalescence-mBHI-p5,103876
41,C3-e003Coalescence-mBHI-inoculumn-redo,2278,1386131,C8-e003Coalescence-mBHI-p5,103876
42,B4-e003Coalescence-Inoculumn-mBHI,2652,1569971,C8-e003Coalescence-mBHI-p5,103876
43,C5-e003Coalescence-Inoculumn-mGAM,2003,1196374,C8-e003Coalescence-mBHI-p5,103876
44,A4-e003Coalescence-Inoculumn-mGAM,1478,1498117,C8-e003Coalescence-mBHI-p5,103876
45,G10-e003Coalescence-mBHI-p1_S830,3967,2428880,C8-e003Coalescence-mBHI-p5,103876
46,Coalescence-F2-E10-AA-AE-mGAM-mBHI-3_S681,1580,1470280,C8-e003Coalescence-mBHI-p5,103876
47,Coalescence-E5-C4-AE-AE-mBHI-mBHI-3_S672,4125,2530214,C8-e003Coalescence-mBHI-p5,103876
48,Coalescence-A12-D11-AF-AF-mGAM-mBHI-7_S631,3149,1874895,C8-e003Coalescence-mBHI-p5,103876
49,Coalescence-E8-D11-AF-AF-mGAM-mBHI-3_S675,3291,1958325,C8-e003Coalescence-mBHI-p5,103876
50,Coalescence-A10-C11-AE-AF-mGAM-mBHI-7_S629,4171,2451568,C8-e003Coalescence-mBHI-p5,103876
51,Assembly-G5-C10-AE-mGAM-5_S696,3497,2151131,C8-e003Coalescence-mBHI-p5,103876
52,D_F11_e003Assembly_S359,3093,1852547,C8-e003Coalescence-mBHI-p5,103876
53,C_C2_e003Assembly_S218,4093,2486586,C8-e003Coalescence-mBHI-p5,103876
0,A_C5_C8_AA_AE_mGAM_mBHI_2_S29,21,1240202,C4-e003Coalescence-mBHI-p5,103876
1,A_C8_C11_AF_AE_mGAM_mBHI_2_S32,1,2148058,C4-e003Coalescence-mBHI-p5,103876
2,A_C11_C4_AE_AE_mBHI_mBHI_4_S35,0,2544423,C4-e003Coalescence-mBHI-p5,103876
3,A_C12_C5_AF_AE_mBHI_mBHI_4_S36,63,1318209,C4-e003Coalescence-mBHI-p5,103876
4,B_A7_E10_AE_AA_mGAM_mBHI_2_S103,103,1585269,C4-e003Coalescence-mBHI-p5,103876
5,B_C7_G10_AE_AE_mGAM_mBHI_2_S127,0,2297583,C4-e003Coalescence-mBHI-p5,103876
6,B_C11_C10_AE_AE_mGAM_mBHI_4_S131,1,2142327,C4-e003Coalescence-mBHI-p5,103876
7,B_G7_G10_AE_AE_mGAM_mGAM_2_S175,1,2129061,C4-e003Coalescence-mBHI-p5,103876
8,B_G11_C10_AE_AE_mGAM_mGAM_4_S179,1,1605800,C4-e003Coalescence-mBHI-p5,103876
9,C_C3_C4_AE_AE_mBHI_mBHI_6_S219,0,2333234,C4-e003Coalescence-mBHI-p5,103876
10,C_C5_C8_AA_AE_mGAM_mBHI_6_S221,8510,983611,C4-e003Coalescence-mBHI-p5,103876
11,C_C7_C10_AE_AE_mGAM_mBHI_6_S223,1,2496763,C4-e003Coalescence-mBHI-p5,103876
12,C_C8_C11_AF_AE_mGAM_mBHI_6_S224,179,2423530,C4-e003Coalescence-mBHI-p5,103876
13,C_C11_G4_AE_AE_mBHI_mBHI_4_S227,2,2284384,C4-e003Coalescence-mBHI-p5,103876
14,C_H12_H5_AF_AF_mBHI_mGAM_4_S288,113,2152529,C4-e003Coalescence-mBHI-p5,103876
15,D_A6_A9_ACPP_AA_mGAM_mBHI_6_S294,25,1982379,C4-e003Coalescence-mBHI-p5,103876
16,D_A7_A10_AE_AA_mGAM_mBHI_6_S295,7802,1410130,C4-e003Coalescence-mBHI-p5,103876
17,D_C3_C4_AE_AE_mBHI_mBHI_6_S315,0,1938021,C4-e003Coalescence-mBHI-p5,103876
18,D_C6_C9_ACPP_AE_mGAM_mBHI_6_S318,0,2546864,C4-e003Coalescence-mBHI-p5,103876
19,D_C7_C10_AE_AE_mGAM_mBHI_6_S319,2,2486700,C4-e003Coalescence-mBHI-p5,103876
20,D_C8_C11_AF_AE_mGAM_mBHI_6_S320,134,2295176,C4-e003Coalescence-mBHI-p5,103876
21,D_C11_G10_AE_AE_mGAM_mBHI_4_S323,0,2482678,C4-e003Coalescence-mBHI-p5,103876
22,D_G3_C4_AE_AE_mBHI_mGAM_6_S363,0,1654388,C4-e003Coalescence-mBHI-p5,103876
23,D_G6_C9_ACPP_AE_mGAM_mGAM_6_S366,0,2300167,C4-e003Coalescence-mBHI-p5,103876
24,C10-e003Coalescence-mBHI-p7,0,2135952,C4-e003Coalescence-mBHI-p5,103876
25,C11-e003Coalescence-mBHI-p5,133,2002690,C4-e003Coalescence-mBHI-p5,103876
26,C10-e003Coalescence-mBHI-p5,1,2385009,C4-e003Coalescence-mBHI-p5,103876
27,C8-e003Coalescence-mBHI-p5,4106,1198645,C4-e003Coalescence-mBHI-p5,103876
28,C4-e003Coalescence-mBHI-p5,0,2502890,C4-e003Coalescence-mBHI-p5,103876
29,C10-e003Coalescence-mGAM-p7,0,2061650,C4-e003Coalescence-mBHI-p5,103876
30,C10-e003Coalescence-mBHI-p3,0,2460943,C4-e003Coalescence-mBHI-p5,103876
31,G4-e003Coalescence-mBHI-p5_S27,1,1919003,C4-e003Coalescence-mBHI-p5,103876
32,G111-e003Coalescence-mBHI-p5_S32,87,1391982,C4-e003Coalescence-mBHI-p5,103876
33,G100-e003Coalescence-mBHI-p5_S31,1,2324546,C4-e003Coalescence-mBHI-p5,103876
34,G4-e003Coalescence-mBHI-p3_S35,0,2069895,C4-e003Coalescence-mBHI-p5,103876
35,G4-e003Coalescence-mGAM-p5_S75,0,1366979,C4-e003Coalescence-mBHI-p5,103876
36,G4-e003Coalescence-mGAM-p3_S83,1,1423657,C4-e003Coalescence-mBHI-p5,103876
37,G4-e003Coalescence-mBHI-p7_S123,0,1756502,C4-e003Coalescence-mBHI-p5,103876
38,G100-e003Coalescence-mBHI-p7_S127,1,1668930,C4-e003Coalescence-mBHI-p5,103876
39,C5-e003Coalescence-mBHI-inoculumn-redo,1,1580573,C4-e003Coalescence-mBHI-p5,103876
40,D4-e003Coalescence-Inoculumn-mBHI,2,1905366,C4-e003Coalescence-mBHI-p5,103876
41,C3-e003Coalescence-mBHI-inoculumn-redo,2,1386131,C4-e003Coalescence-mBHI-p5,103876
42,B4-e003Coalescence-Inoculumn-mBHI,3,1569971,C4-e003Coalescence-mBHI-p5,103876
43,C5-e003Coalescence-Inoculumn-mGAM,0,1196374,C4-e003Coalescence-mBHI-p5,103876
44,A4-e003Coalescence-Inoculumn-mGAM,272,1498117,C4-e003Coalescence-mBHI-p5,103876
45,G10-e003Coalescence-mBHI-p1_S830,0,2428880,C4-e003Coalescence-mBHI-p5,103876
46,Coalescence-F2-E10-AA-AE-mGAM-mBHI-3_S681,99,1470280,C4-e003Coalescence-mBHI-p5,103876
47,Coalescence-E5-C4-AE-AE-mBHI-mBHI-3_S672,2,2530214,C4-e003Coalescence-mBHI-p5,103876
48,Coalescence-A12-D11-AF-AF-mGAM-mBHI-7_S631,111,1874895,C4-e003Coalescence-mBHI-p5,103876
49,Coalescence-E8-D11-AF-AF-mGAM-mBHI-3_S675,127,1958325,C4-e003Coalescence-mBHI-p5,103876
50,Coalescence-A10-C11-AE-AF-mGAM-mBHI-7_S629,186,2451568,C4-e003Coalescence-mBHI-p5,103876
51,Assembly-G5-C10-AE-mGAM-5_S696,1,2151131,C4-e003Coalescence-mBHI-p5,103876
52,D_F11_e003Assembly_S359,0,1852547,C4-e003Coalescence-mBHI-p5,103876
53,C_C2_e003Assembly_S218,2,2486586,C4-e003Coalescence-mBHI-p5,103876
0,A_C5_C8_AA_AE_mGAM_mBHI_2_S29,22,1240202,C10-e003Coalescence-mGAM-p7,103876
1,A_C8_C11_AF_AE_mGAM_mBHI_2_S32,2,2148058,C10-e003Coalescence-mGAM-p7,103876
2,A_C11_C4_AE_AE_mBHI_mBHI_4_S35,2,2544423,C10-e003Coalescence-mGAM-p7,103876
3,A_C12_C5_AF_AE_mBHI_mBHI_4_S36,62,1318209,C10-e003Coalescence-mGAM-p7,103876
4,B_A7_E10_AE_AA_mGAM_mBHI_2_S103,76,1585269,C10-e003Coalescence-mGAM-p7,103876
5,B_C7_G10_AE_AE_mGAM_mBHI_2_S127,2,2297583,C10-e003Coalescence-mGAM-p7,103876
6,B_C11_C10_AE_AE_mGAM_mBHI_4_S131,2,2142327,C10-e003Coalescence-mGAM-p7,103876
7,B_G7_G10_AE_AE_mGAM_mGAM_2_S175,3,2129061,C10-e003Coalescence-mGAM-p7,103876
8,B_G11_C10_AE_AE_mGAM_mGAM_4_S179,0,1605800,C10-e003Coalescence-mGAM-p7,103876
9,C_C3_C4_AE_AE_mBHI_mBHI_6_S219,5,2333234,C10-e003Coalescence-mGAM-p7,103876
10,C_C5_C8_AA_AE_mGAM_mBHI_6_S221,7050,983611,C10-e003Coalescence-mGAM-p7,103876
11,C_C7_C10_AE_AE_mGAM_mBHI_6_S223,2,2496763,C10-e003Coalescence-mGAM-p7,103876
12,C_C8_C11_AF_AE_mGAM_mBHI_6_S224,167,2423530,C10-e003Coalescence-mGAM-p7,103876
13,C_C11_G4_AE_AE_mBHI_mBHI_4_S227,3,2284384,C10-e003Coalescence-mGAM-p7,103876
14,C_H12_H5_AF_AF_mBHI_mGAM_4_S288,95,2152529,C10-e003Coalescence-mGAM-p7,103876
15,D_A6_A9_ACPP_AA_mGAM_mBHI_6_S294,24,1982379,C10-e003Coalescence-mGAM-p7,103876
16,D_A7_A10_AE_AA_mGAM_mBHI_6_S295,6467,1410130,C10-e003Coalescence-mGAM-p7,103876
17,D_C3_C4_AE_AE_mBHI_mBHI_6_S315,5,1938021,C10-e003Coalescence-mGAM-p7,103876
18,D_C6_C9_ACPP_AE_mGAM_mBHI_6_S318,2,2546864,C10-e003Coalescence-mGAM-p7,103876
19,D_C7_C10_AE_AE_mGAM_mBHI_6_S319,2,2486700,C10-e003Coalescence-mGAM-p7,103876
20,D_C8_C11_AF_AE_mGAM_mBHI_6_S320,119,2295176,C10-e003Coalescence-mGAM-p7,103876
21,D_C11_G10_AE_AE_mGAM_mBHI_4_S323,2,2482678,C10-e003Coalescence-mGAM-p7,103876
22,D_G3_C4_AE_AE_mBHI_mGAM_6_S363,2,1654388,C10-e003Coalescence-mGAM-p7,103876
23,D_G6_C9_ACPP_AE_mGAM_mGAM_6_S366,4,2300167,C10-e003Coalescence-mGAM-p7,103876
24,C10-e003Coalescence-mBHI-p7,1,2135952,C10-e003Coalescence-mGAM-p7,103876
25,C11-e003Coalescence-mBHI-p5,120,2002690,C10-e003Coalescence-mGAM-p7,103876
26,C10-e003Coalescence-mBHI-p5,2,2385009,C10-e003Coalescence-mGAM-p7,103876
27,C8-e003Coalescence-mBHI-p5,3403,1198645,C10-e003Coalescence-mGAM-p7,103876
28,C4-e003Coalescence-mBHI-p5,0,2502890,C10-e003Coalescence-mGAM-p7,103876
29,C10-e003Coalescence-mGAM-p7,0,2061650,C10-e003Coalescence-mGAM-p7,103876
30,C10-e003Coalescence-mBHI-p3,0,2460943,C10-e003Coalescence-mGAM-p7,103876
31,G4-e003Coalescence-mBHI-p5_S27,3,1919003,C10-e003Coalescence-mGAM-p7,103876
32,G111-e003Coalescence-mBHI-p5_S32,75,1391982,C10-e003Coalescence-mGAM-p7,103876
33,G100-e003Coalescence-mBHI-p5_S31,2,2324546,C10-e003Coalescence-mGAM-p7,103876
34,G4-e003Coalescence-mBHI-p3_S35,3,2069895,C10-e003Coalescence-mGAM-p7,103876
35,G4-e003Coalescence-mGAM-p5_S75,3,1366979,C10-e003Coalescence-mGAM-p7,103876
36,G4-e003Coalescence-mGAM-p3_S83,3,1423657,C10-e003Coalescence-mGAM-p7,103876
37,G4-e003Coalescence-mBHI-p7_S123,0,1756502,C10-e003Coalescence-mGAM-p7,103876
38,G100-e003Coalescence-mBHI-p7_S127,4,1668930,C10-e003Coalescence-mGAM-p7,103876
39,C5-e003Coalescence-mBHI-inoculumn-redo,2,1580573,C10-e003Coalescence-mGAM-p7,103876
40,D4-e003Coalescence-Inoculumn-mBHI,2,1905366,C10-e003Coalescence-mGAM-p7,103876
41,C3-e003Coalescence-mBHI-inoculumn-redo,3,1386131,C10-e003Coalescence-mGAM-p7,103876
42,B4-e003Coalescence-Inoculumn-mBHI,5,1569971,C10-e003Coalescence-mGAM-p7,103876
43,C5-e003Coalescence-Inoculumn-mGAM,0,1196374,C10-e003Coalescence-mGAM-p7,103876
44,A4-e003Coalescence-Inoculumn-mGAM,232,1498117,C10-e003Coalescence-mGAM-p7,103876
45,G10-e003Coalescence-mBHI-p1_S830,0,2428880,C10-e003Coalescence-mGAM-p7,103876
46,Coalescence-F2-E10-AA-AE-mGAM-mBHI-3_S681,89,1470280,C10-e003Coalescence-mGAM-p7,103876
47,Coalescence-E5-C4-AE-AE-mBHI-mBHI-3_S672,0,2530214,C10-e003Coalescence-mGAM-p7,103876
48,Coalescence-A12-D11-AF-AF-mGAM-mBHI-7_S631,102,1874895,C10-e003Coalescence-mGAM-p7,103876
49,Coalescence-E8-D11-AF-AF-mGAM-mBHI-3_S675,117,1958325,C10-e003Coalescence-mGAM-p7,103876
50,Coalescence-A10-C11-AE-AF-mGAM-mBHI-7_S629,165,2451568,C10-e003Coalescence-mGAM-p7,103876
51,Assembly-G5-C10-AE-mGAM-5_S696,3,2151131,C10-e003Coalescence-mGAM-p7,103876
52,D_F11_e003Assembly_S359,5,1852547,C10-e003Coalescence-mGAM-p7,103876
53,C_C2_e003Assembly_S218,6,2486586,C10-e003Coalescence-mGAM-p7,103876
0,A_C5_C8_AA_AE_mGAM_mBHI_2_S29,20,1240202,C10-e003Coalescence-mBHI-p3,103876
1,A_C8_C11_AF_AE_mGAM_mBHI_2_S32,3,2148058,C10-e003Coalescence-mBHI-p3,103876
2,A_C11_C4_AE_AE_mBHI_mBHI_4_S35,4,2544423,C10-e003Coalescence-mBHI-p3,103876
3,A_C12_C5_AF_AE_mBHI_mBHI_4_S36,76,1318209,C10-e003Coalescence-mBHI-p3,103876
4,B_A7_E10_AE_AA_mGAM_mBHI_2_S103,105,1585269,C10-e003Coalescence-mBHI-p3,103876
5,B_C7_G10_AE_AE_mGAM_mBHI_2_S127,4,2297583,C10-e003Coalescence-mBHI-p3,103876
6,B_C11_C10_AE_AE_mGAM_mBHI_4_S131,4,2142327,C10-e003Coalescence-mBHI-p3,103876
7,B_G7_G10_AE_AE_mGAM_mGAM_2_S175,4,2129061,C10-e003Coalescence-mBHI-p3,103876
8,B_G11_C10_AE_AE_mGAM_mGAM_4_S179,0,1605800,C10-e003Coalescence-mBHI-p3,103876
9,C_C3_C4_AE_AE_mBHI_mBHI_6_S219,6,2333234,C10-e003Coalescence-mBHI-p3,103876
10,C_C5_C8_AA_AE_mGAM_mBHI_6_S221,8475,983611,C10-e003Coalescence-mBHI-p3,103876
11,C_C7_C10_AE_AE_mGAM_mBHI_6_S223,4,2496763,C10-e003Coalescence-mBHI-p3,103876
12,C_C8_C11_AF_AE_mGAM_mBHI_6_S224,188,2423530,C10-e003Coalescence-mBHI-p3,103876
13,C_C11_G4_AE_AE_mBHI_mBHI_4_S227,5,2284384,C10-e003Coalescence-mBHI-p3,103876
14,C_H12_H5_AF_AF_mBHI_mGAM_4_S288,120,2152529,C10-e003Coalescence-mBHI-p3,103876
15,D_A6_A9_ACPP_AA_mGAM_mBHI_6_S294,29,1982379,C10-e003Coalescence-mBHI-p3,103876
16,D_A7_A10_AE_AA_mGAM_mBHI_6_S295,7743,1410130,C10-e003Coalescence-mBHI-p3,103876
17,D_C3_C4_AE_AE_mBHI_mBHI_6_S315,7,1938021,C10-e003Coalescence-mBHI-p3,103876
18,D_C6_C9_ACPP_AE_mGAM_mBHI_6_S318,4,2546864,C10-e003Coalescence-mBHI-p3,103876
19,D_C7_C10_AE_AE_mGAM_mBHI_6_S319,2,2486700,C10-e003Coalescence-mBHI-p3,103876
20,D_C8_C11_AF_AE_mGAM_mBHI_6_S320,149,2295176,C10-e003Coalescence-mBHI-p3,103876
21,D_C11_G10_AE_AE_mGAM_mBHI_4_S323,4,2482678,C10-e003Coalescence-mBHI-p3,103876
22,D_G3_C4_AE_AE_mBHI_mGAM_6_S363,3,1654388,C10-e003Coalescence-mBHI-p3,103876
23,D_G6_C9_ACPP_AE_mGAM_mGAM_6_S366,4,2300167,C10-e003Coalescence-mBHI-p3,103876
24,C10-e003Coalescence-mBHI-p7,2,2135952,C10-e003Coalescence-mBHI-p3,103876
25,C11-e003Coalescence-mBHI-p5,142,2002690,C10-e003Coalescence-mBHI-p3,103876
26,C10-e003Coalescence-mBHI-p5,0,2385009,C10-e003Coalescence-mBHI-p3,103876
27,C8-e003Coalescence-mBHI-p5,4074,1198645,C10-e003Coalescence-mBHI-p3,103876
28,C4-e003Coalescence-mBHI-p5,0,2502890,C10-e003Coalescence-mBHI-p3,103876
29,C10-e003Coalescence-mGAM-p7,0,2061650,C10-e003Coalescence-mBHI-p3,103876
30,C10-e003Coalescence-mBHI-p3,0,2460943,C10-e003Coalescence-mBHI-p3,103876
31,G4-e003Coalescence-mBHI-p5_S27,5,1919003,C10-e003Coalescence-mBHI-p3,103876
32,G111-e003Coalescence-mBHI-p5_S32,89,1391982,C10-e003Coalescence-mBHI-p3,103876
33,G100-e003Coalescence-mBHI-p5_S31,4,2324546,C10-e003Coalescence-mBHI-p3,103876
34,G4-e003Coalescence-mBHI-p3_S35,6,2069895,C10-e003Coalescence-mBHI-p3,103876
35,G4-e003Coalescence-mGAM-p5_S75,2,1366979,C10-e003Coalescence-mBHI-p3,103876
36,G4-e003Coalescence-mGAM-p3_S83,4,1423657,C10-e003Coalescence-mBHI-p3,103876
37,G4-e003Coalescence-mBHI-p7_S123,3,1756502,C10-e003Coalescence-mBHI-p3,103876
38,G100-e003Coalescence-mBHI-p7_S127,4,1668930,C10-e003Coalescence-mBHI-p3,103876
39,C5-e003Coalescence-mBHI-inoculumn-redo,2,1580573,C10-e003Coalescence-mBHI-p3,103876
40,D4-e003Coalescence-Inoculumn-mBHI,1,1905366,C10-e003Coalescence-mBHI-p3,103876
41,C3-e003Coalescence-mBHI-inoculumn-redo,3,1386131,C10-e003Coalescence-mBHI-p3,103876
42,B4-e003Coalescence-Inoculumn-mBHI,5,1569971,C10-e003Coalescence-mBHI-p3,103876
43,C5-e003Coalescence-Inoculumn-mGAM,1,1196374,C10-e003Coalescence-mBHI-p3,103876
44,A4-e003Coalescence-Inoculumn-mGAM,258,1498117,C10-e003Coalescence-mBHI-p3,103876
45,G10-e003Coalescence-mBHI-p1_S830,3,2428880,C10-e003Coalescence-mBHI-p3,103876
46,Coalescence-F2-E10-AA-AE-mGAM-mBHI-3_S681,102,1470280,C10-e003Coalescence-mBHI-p3,103876
47,Coalescence-E5-C4-AE-AE-mBHI-mBHI-3_S672,2,2530214,C10-e003Coalescence-mBHI-p3,103876
48,Coalescence-A12-D11-AF-AF-mGAM-mBHI-7_S631,126,1874895,C10-e003Coalescence-mBHI-p3,103876
49,Coalescence-E8-D11-AF-AF-mGAM-mBHI-3_S675,135,1958325,C10-e003Coalescence-mBHI-p3,103876
50,Coalescence-A10-C11-AE-AF-mGAM-mBHI-7_S629,199,2451568,C10-e003Coalescence-mBHI-p3,103876
51,Assembly-G5-C10-AE-mGAM-5_S696,4,2151131,C10-e003Coalescence-mBHI-p3,103876
52,D_F11_e003Assembly_S359,5,1852547,C10-e003Coalescence-mBHI-p3,103876
53,C_C2_e003Assembly_S218,8,2486586,C10-e003Coalescence-mBHI-p3,103876
0,A_C5_C8_AA_AE_mGAM_mBHI_2_S29,19,1240202,G4-e003Coalescence-mBHI-p5_S27,103876
1,A_C8_C11_AF_AE_mGAM_mBHI_2_S32,1,2148058,G4-e003Coalescence-mBHI-p5_S27,103876
2,A_C11_C4_AE_AE_mBHI_mBHI_4_S35,0,2544423,G4-e003Coalescence-mBHI-p5_S27,103876
3,A_C12_C5_AF_AE_mBHI_mBHI_4_S36,46,1318209,G4-e003Coalescence-mBHI-p5_S27,103876
4,B_A7_E10_AE_AA_mGAM_mBHI_2_S103,76,1585269,G4-e003Coalescence-mBHI-p5_S27,103876
5,B_C7_G10_AE_AE_mGAM_mBHI_2_S127,1,2297583,G4-e003Coalescence-mBHI-p5_S27,103876
6,B_C11_C10_AE_AE_mGAM_mBHI_4_S131,1,2142327,G4-e003Coalescence-mBHI-p5_S27,103876
7,B_G7_G10_AE_AE_mGAM_mGAM_2_S175,1,2129061,G4-e003Coalescence-mBHI-p5_S27,103876
8,B_G11_C10_AE_AE_mGAM_mGAM_4_S179,0,1605800,G4-e003Coalescence-mBHI-p5_S27,103876
9,C_C3_C4_AE_AE_mBHI_mBHI_6_S219,0,2333234,G4-e003Coalescence-mBHI-p5_S27,103876
10,C_C5_C8_AA_AE_mGAM_mBHI_6_S221,6724,983611,G4-e003Coalescence-mBHI-p5_S27,103876
11,C_C7_C10_AE_AE_mGAM_mBHI_6_S223,1,2496763,G4-e003Coalescence-mBHI-p5_S27,103876
12,C_C8_C11_AF_AE_mGAM_mBHI_6_S224,129,2423530,G4-e003Coalescence-mBHI-p5_S27,103876
13,C_C11_G4_AE_AE_mBHI_mBHI_4_S227,0,2284384,G4-e003Coalescence-mBHI-p5_S27,103876
14,C_H12_H5_AF_AF_mBHI_mGAM_4_S288,81,2152529,G4-e003Coalescence-mBHI-p5_S27,103876
15,D_A6_A9_ACPP_AA_mGAM_mBHI_6_S294,25,1982379,G4-e003Coalescence-mBHI-p5_S27,103876
16,D_A7_A10_AE_AA_mGAM_mBHI_6_S295,6138,1410130,G4-e003Coalescence-mBHI-p5_S27,103876
17,D_C3_C4_AE_AE_mBHI_mBHI_6_S315,0,1938021,G4-e003Coalescence-mBHI-p5_S27,103876
18,D_C6_C9_ACPP_AE_mGAM_mBHI_6_S318,1,2546864,G4-e003Coalescence-mBHI-p5_S27,103876
19,D_C7_C10_AE_AE_mGAM_mBHI_6_S319,1,2486700,G4-e003Coalescence-mBHI-p5_S27,103876
20,D_C8_C11_AF_AE_mGAM_mBHI_6_S320,92,2295176,G4-e003Coalescence-mBHI-p5_S27,103876
21,D_C11_G10_AE_AE_mGAM_mBHI_4_S323,1,2482678,G4-e003Coalescence-mBHI-p5_S27,103876
22,D_G3_C4_AE_AE_mBHI_mGAM_6_S363,1,1654388,G4-e003Coalescence-mBHI-p5_S27,103876
23,D_G6_C9_ACPP_AE_mGAM_mGAM_6_S366,1,2300167,G4-e003Coalescence-mBHI-p5_S27,103876
24,C10-e003Coalescence-mBHI-p7,3,2135952,G4-e003Coalescence-mBHI-p5_S27,103876
25,C11-e003Coalescence-mBHI-p5,99,2002690,G4-e003Coalescence-mBHI-p5_S27,103876
26,C10-e003Coalescence-mBHI-p5,4,2385009,G4-e003Coalescence-mBHI-p5_S27,103876
27,C8-e003Coalescence-mBHI-p5,3255,1198645,G4-e003Coalescence-mBHI-p5_S27,103876
28,C4-e003Coalescence-mBHI-p5,1,2502890,G4-e003Coalescence-mBHI-p5_S27,103876
29,C10-e003Coalescence-mGAM-p7,3,2061650,G4-e003Coalescence-mBHI-p5_S27,103876
30,C10-e003Coalescence-mBHI-p3,5,2460943,G4-e003Coalescence-mBHI-p5_S27,103876
31,G4-e003Coalescence-mBHI-p5_S27,0,1919003,G4-e003Coalescence-mBHI-p5_S27,103876
32,G111-e003Coalescence-mBHI-p5_S32,66,1391982,G4-e003Coalescence-mBHI-p5_S27,103876
33,G100-e003Coalescence-mBHI-p5_S31,1,2324546,G4-e003Coalescence-mBHI-p5_S27,103876
34,G4-e003Coalescence-mBHI-p3_S35,0,2069895,G4-e003Coalescence-mBHI-p5_S27,103876
35,G4-e003Coalescence-mGAM-p5_S75,1,1366979,G4-e003Coalescence-mBHI-p5_S27,103876
36,G4-e003Coalescence-mGAM-p3_S83,2,1423657,G4-e003Coalescence-mBHI-p5_S27,103876
37,G4-e003Coalescence-mBHI-p7_S123,0,1756502,G4-e003Coalescence-mBHI-p5_S27,103876
38,G100-e003Coalescence-mBHI-p7_S127,2,1668930,G4-e003Coalescence-mBHI-p5_S27,103876
39,C5-e003Coalescence-mBHI-inoculumn-redo,3,1580573,G4-e003Coalescence-mBHI-p5_S27,103876
40,D4-e003Coalescence-Inoculumn-mBHI,0,1905366,G4-e003Coalescence-mBHI-p5_S27,103876
41,C3-e003Coalescence-mBHI-inoculumn-redo,0,1386131,G4-e003Coalescence-mBHI-p5_S27,103876
42,B4-e003Coalescence-Inoculumn-mBHI,1,1569971,G4-e003Coalescence-mBHI-p5_S27,103876
43,C5-e003Coalescence-Inoculumn-mGAM,1,1196374,G4-e003Coalescence-mBHI-p5_S27,103876
44,A4-e003Coalescence-Inoculumn-mGAM,224,1498117,G4-e003Coalescence-mBHI-p5_S27,103876
45,G10-e003Coalescence-mBHI-p1_S830,1,2428880,G4-e003Coalescence-mBHI-p5_S27,103876
46,Coalescence-F2-E10-AA-AE-mGAM-mBHI-3_S681,83,1470280,G4-e003Coalescence-mBHI-p5_S27,103876
47,Coalescence-E5-C4-AE-AE-mBHI-mBHI-3_S672,0,2530214,G4-e003Coalescence-mBHI-p5_S27,103876
48,Coalescence-A12-D11-AF-AF-mGAM-mBHI-7_S631,77,1874895,G4-e003Coalescence-mBHI-p5_S27,103876
49,Coalescence-E8-D11-AF-AF-mGAM-mBHI-3_S675,89,1958325,G4-e003Coalescence-mBHI-p5_S27,103876
50,Coalescence-A10-C11-AE-AF-mGAM-mBHI-7_S629,137,2451568,G4-e003Coalescence-mBHI-p5_S27,103876
51,Assembly-G5-C10-AE-mGAM-5_S696,2,2151131,G4-e003Coalescence-mBHI-p5_S27,103876
52,D_F11_e003Assembly_S359,1,1852547,G4-e003Coalescence-mBHI-p5_S27,103876
53,C_C2_e003Assembly_S218,1,2486586,G4-e003Coalescence-mBHI-p5_S27,103876
0,A_C5_C8_AA_AE_mGAM_mBHI_2_S29,44,1240202,G111-e003Coalescence-mBHI-p5_S32,103876
1,A_C8_C11_AF_AE_mGAM_mBHI_2_S32,52,2148058,G111-e003Coalescence-mBHI-p5_S32,103876
2,A_C11_C4_AE_AE_mBHI_mBHI_4_S35,83,2544423,G111-e003Coalescence-mBHI-p5_S32,103876
3,A_C12_C5_AF_AE_mBHI_mBHI_4_S36,2,1318209,G111-e003Coalescence-mBHI-p5_S32,103876
4,B_A7_E10_AE_AA_mGAM_mBHI_2_S103,95,1585269,G111-e003Coalescence-mBHI-p5_S32,103876
5,B_C7_G10_AE_AE_mGAM_mBHI_2_S127,83,2297583,G111-e003Coalescence-mBHI-p5_S32,103876
6,B_C11_C10_AE_AE_mGAM_mBHI_4_S131,80,2142327,G111-e003Coalescence-mBHI-p5_S32,103876
7,B_G7_G10_AE_AE_mGAM_mGAM_2_S175,81,2129061,G111-e003Coalescence-mBHI-p5_S32,103876
8,B_G11_C10_AE_AE_mGAM_mGAM_4_S179,60,1605800,G111-e003Coalescence-mBHI-p5_S32,103876
9,C_C3_C4_AE_AE_mBHI_mBHI_6_S219,84,2333234,G111-e003Coalescence-mBHI-p5_S32,103876
10,C_C5_C8_AA_AE_mGAM_mBHI_6_S221,4907,983611,G111-e003Coalescence-mBHI-p5_S32,103876
11,C_C7_C10_AE_AE_mGAM_mBHI_6_S223,88,2496763,G111-e003Coalescence-mBHI-p5_S32,103876
12,C_C8_C11_AF_AE_mGAM_mBHI_6_S224,1,2423530,G111-e003Coalescence-mBHI-p5_S32,103876
13,C_C11_G4_AE_AE_mBHI_mBHI_4_S227,74,2284384,G111-e003Coalescence-mBHI-p5_S32,103876
14,C_H12_H5_AF_AF_mBHI_mGAM_4_S288,2,2152529,G111-e003Coalescence-mBHI-p5_S32,103876
15,D_A6_A9_ACPP_AA_mGAM_mBHI_6_S294,86,1982379,G111-e003Coalescence-mBHI-p5_S32,103876
16,D_A7_A10_AE_AA_mGAM_mBHI_6_S295,4486,1410130,G111-e003Coalescence-mBHI-p5_S32,103876
17,D_C3_C4_AE_AE_mBHI_mBHI_6_S315,58,1938021,G111-e003Coalescence-mBHI-p5_S32,103876
18,D_C6_C9_ACPP_AE_mGAM_mBHI_6_S318,88,2546864,G111-e003Coalescence-mBHI-p5_S32,103876
19,D_C7_C10_AE_AE_mGAM_mBHI_6_S319,88,2486700,G111-e003Coalescence-mBHI-p5_S32,103876
20,D_C8_C11_AF_AE_mGAM_mBHI_6_S320,1,2295176,G111-e003Coalescence-mBHI-p5_S32,103876
21,D_C11_G10_AE_AE_mGAM_mBHI_4_S323,86,2482678,G111-e003Coalescence-mBHI-p5_S32,103876
22,D_G3_C4_AE_AE_mBHI_mGAM_6_S363,60,1654388,G111-e003Coalescence-mBHI-p5_S32,103876
23,D_G6_C9_ACPP_AE_mGAM_mGAM_6_S366,86,2300167,G111-e003Coalescence-mBHI-p5_S32,103876
24,C10-e003Coalescence-mBHI-p7,76,2135952,G111-e003Coalescence-mBHI-p5_S32,103876
25,C11-e003Coalescence-mBHI-p5,1,2002690,G111-e003Coalescence-mBHI-p5_S32,103876
26,C10-e003Coalescence-mBHI-p5,86,2385009,G111-e003Coalescence-mBHI-p5_S32,103876
27,C8-e003Coalescence-mBHI-p5,2479,1198645,G111-e003Coalescence-mBHI-p5_S32,103876
28,C4-e003Coalescence-mBHI-p5,87,2502890,G111-e003Coalescence-mBHI-p5_S32,103876
29,C10-e003Coalescence-mGAM-p7,75,2061650,G111-e003Coalescence-mBHI-p5_S32,103876
30,C10-e003Coalescence-mBHI-p3,89,2460943,G111-e003Coalescence-mBHI-p5_S32,103876
31,G4-e003Coalescence-mBHI-p5_S27,66,1919003,G111-e003Coalescence-mBHI-p5_S32,103876
32,G111-e003Coalescence-mBHI-p5_S32,0,1391982,G111-e003Coalescence-mBHI-p5_S32,103876
33,G100-e003Coalescence-mBHI-p5_S31,82,2324546,G111-e003Coalescence-mBHI-p5_S32,103876
34,G4-e003Coalescence-mBHI-p3_S35,79,2069895,G111-e003Coalescence-mBHI-p5_S32,103876
35,G4-e003Coalescence-mGAM-p5_S75,52,1366979,G111-e003Coalescence-mBHI-p5_S32,103876
36,G4-e003Coalescence-mGAM-p3_S83,53,1423657,G111-e003Coalescence-mBHI-p5_S32,103876
37,G4-e003Coalescence-mBHI-p7_S123,67,1756502,G111-e003Coalescence-mBHI-p5_S32,103876
38,G100-e003Coalescence-mBHI-p7_S127,64,1668930,G111-e003Coalescence-mBHI-p5_S32,103876
39,C5-e003Coalescence-mBHI-inoculumn-redo,47,1580573,G111-e003Coalescence-mBHI-p5_S32,103876
40,D4-e003Coalescence-Inoculumn-mBHI,43,1905366,G111-e003Coalescence-mBHI-p5_S32,103876
41,C3-e003Coalescence-mBHI-inoculumn-redo,49,1386131,G111-e003Coalescence-mBHI-p5_S32,103876
42,B4-e003Coalescence-Inoculumn-mBHI,57,1569971,G111-e003Coalescence-mBHI-p5_S32,103876
43,C5-e003Coalescence-Inoculumn-mGAM,36,1196374,G111-e003Coalescence-mBHI-p5_S32,103876
44,A4-e003Coalescence-Inoculumn-mGAM,196,1498117,G111-e003Coalescence-mBHI-p5_S32,103876
45,G10-e003Coalescence-mBHI-p1_S830,86,2428880,G111-e003Coalescence-mBHI-p5_S32,103876
46,Coalescence-F2-E10-AA-AE-mGAM-mBHI-3_S681,106,1470280,G111-e003Coalescence-mBHI-p5_S32,103876
47,Coalescence-E5-C4-AE-AE-mBHI-mBHI-3_S672,86,2530214,G111-e003Coalescence-mBHI-p5_S32,103876
48,Coalescence-A12-D11-AF-AF-mGAM-mBHI-7_S631,0,1874895,G111-e003Coalescence-mBHI-p5_S32,103876
49,Coalescence-E8-D11-AF-AF-mGAM-mBHI-3_S675,0,1958325,G111-e003Coalescence-mBHI-p5_S32,103876
50,Coalescence-A10-C11-AE-AF-mGAM-mBHI-7_S629,1,2451568,G111-e003Coalescence-mBHI-p5_S32,103876
51,Assembly-G5-C10-AE-mGAM-5_S696,72,2151131,G111-e003Coalescence-mBHI-p5_S32,103876
52,D_F11_e003Assembly_S359,73,1852547,G111-e003Coalescence-mBHI-p5_S32,103876
53,C_C2_e003Assembly_S218,85,2486586,G111-e003Coalescence-mBHI-p5_S32,103876
0,A_C5_C8_AA_AE_mGAM_mBHI_2_S29,19,1240202,G100-e003Coalescence-mBHI-p5_S31,103876
1,A_C8_C11_AF_AE_mGAM_mBHI_2_S32,1,2148058,G100-e003Coalescence-mBHI-p5_S31,103876
2,A_C11_C4_AE_AE_mBHI_mBHI_4_S35,0,2544423,G100-e003Coalescence-mBHI-p5_S31,103876
3,A_C12_C5_AF_AE_mBHI_mBHI_4_S36,66,1318209,G100-e003Coalescence-mBHI-p5_S31,103876
4,B_A7_E10_AE_AA_mGAM_mBHI_2_S103,91,1585269,G100-e003Coalescence-mBHI-p5_S31,103876
5,B_C7_G10_AE_AE_mGAM_mBHI_2_S127,0,2297583,G100-e003Coalescence-mBHI-p5_S31,103876
6,B_C11_C10_AE_AE_mGAM_mBHI_4_S131,0,2142327,G100-e003Coalescence-mBHI-p5_S31,103876
7,B_G7_G10_AE_AE_mGAM_mGAM_2_S175,0,2129061,G100-e003Coalescence-mBHI-p5_S31,103876
8,B_G11_C10_AE_AE_mGAM_mGAM_4_S179,0,1605800,G100-e003Coalescence-mBHI-p5_S31,103876
9,C_C3_C4_AE_AE_mBHI_mBHI_6_S219,2,2333234,G100-e003Coalescence-mBHI-p5_S31,103876
10,C_C5_C8_AA_AE_mGAM_mBHI_6_S221,8067,983611,G100-e003Coalescence-mBHI-p5_S31,103876
11,C_C7_C10_AE_AE_mGAM_mBHI_6_S223,0,2496763,G100-e003Coalescence-mBHI-p5_S31,103876
12,C_C8_C11_AF_AE_mGAM_mBHI_6_S224,179,2423530,G100-e003Coalescence-mBHI-p5_S31,103876
13,C_C11_G4_AE_AE_mBHI_mBHI_4_S227,1,2284384,G100-e003Coalescence-mBHI-p5_S31,103876
14,C_H12_H5_AF_AF_mBHI_mGAM_4_S288,110,2152529,G100-e003Coalescence-mBHI-p5_S31,103876
15,D_A6_A9_ACPP_AA_mGAM_mBHI_6_S294,27,1982379,G100-e003Coalescence-mBHI-p5_S31,103876
16,D_A7_A10_AE_AA_mGAM_mBHI_6_S295,7358,1410130,G100-e003Coalescence-mBHI-p5_S31,103876
17,D_C3_C4_AE_AE_mBHI_mBHI_6_S315,1,1938021,G100-e003Coalescence-mBHI-p5_S31,103876
18,D_C6_C9_ACPP_AE_mGAM_mBHI_6_S318,0,2546864,G100-e003Coalescence-mBHI-p5_S31,103876
19,D_C7_C10_AE_AE_mGAM_mBHI_6_S319,0,2486700,G100-e003Coalescence-mBHI-p5_S31,103876
20,D_C8_C11_AF_AE_mGAM_mBHI_6_S320,130,2295176,G100-e003Coalescence-mBHI-p5_S31,103876
21,D_C11_G10_AE_AE_mGAM_mBHI_4_S323,0,2482678,G100-e003Coalescence-mBHI-p5_S31,103876
22,D_G3_C4_AE_AE_mBHI_mGAM_6_S363,1,1654388,G100-e003Coalescence-mBHI-p5_S31,103876
23,D_G6_C9_ACPP_AE_mGAM_mGAM_6_S366,0,2300167,G100-e003Coalescence-mBHI-p5_S31,103876
24,C10-e003Coalescence-mBHI-p7,2,2135952,G100-e003Coalescence-mBHI-p5_S31,103876
25,C11-e003Coalescence-mBHI-p5,133,2002690,G100-e003Coalescence-mBHI-p5_S31,103876
26,C10-e003Coalescence-mBHI-p5,2,2385009,G100-e003Coalescence-mBHI-p5_S31,103876
27,C8-e003Coalescence-mBHI-p5,3899,1198645,G100-e003Coalescence-mBHI-p5_S31,103876
28,C4-e003Coalescence-mBHI-p5,1,2502890,G100-e003Coalescence-mBHI-p5_S31,103876
29,C10-e003Coalescence-mGAM-p7,2,2061650,G100-e003Coalescence-mBHI-p5_S31,103876
30,C10-e003Coalescence-mBHI-p3,4,2460943,G100-e003Coalescence-mBHI-p5_S31,103876
31,G4-e003Coalescence-mBHI-p5_S27,1,1919003,G100-e003Coalescence-mBHI-p5_S31,103876
32,G111-e003Coalescence-mBHI-p5_S32,82,1391982,G100-e003Coalescence-mBHI-p5_S31,103876
33,G100-e003Coalescence-mBHI-p5_S31,0,2324546,G100-e003Coalescence-mBHI-p5_S31,103876
34,G4-e003Coalescence-mBHI-p3_S35,2,2069895,G100-e003Coalescence-mBHI-p5_S31,103876
35,G4-e003Coalescence-mGAM-p5_S75,0,1366979,G100-e003Coalescence-mBHI-p5_S31,103876
36,G4-e003Coalescence-mGAM-p3_S83,2,1423657,G100-e003Coalescence-mBHI-p5_S31,103876
37,G4-e003Coalescence-mBHI-p7_S123,0,1756502,G100-e003Coalescence-mBHI-p5_S31,103876
38,G100-e003Coalescence-mBHI-p7_S127,2,1668930,G100-e003Coalescence-mBHI-p5_S31,103876
39,C5-e003Coalescence-mBHI-inoculumn-redo,2,1580573,G100-e003Coalescence-mBHI-p5_S31,103876
40,D4-e003Coalescence-Inoculumn-mBHI,2,1905366,G100-e003Coalescence-mBHI-p5_S31,103876
41,C3-e003Coalescence-mBHI-inoculumn-redo,0,1386131,G100-e003Coalescence-mBHI-p5_S31,103876
42,B4-e003Coalescence-Inoculumn-mBHI,5,1569971,G100-e003Coalescence-mBHI-p5_S31,103876
43,C5-e003Coalescence-Inoculumn-mGAM,0,1196374,G100-e003Coalescence-mBHI-p5_S31,103876
44,A4-e003Coalescence-Inoculumn-mGAM,240,1498117,G100-e003Coalescence-mBHI-p5_S31,103876
45,G10-e003Coalescence-mBHI-p1_S830,0,2428880,G100-e003Coalescence-mBHI-p5_S31,103876
46,Coalescence-F2-E10-AA-AE-mGAM-mBHI-3_S681,96,1470280,G100-e003Coalescence-mBHI-p5_S31,103876
47,Coalescence-E5-C4-AE-AE-mBHI-mBHI-3_S672,0,2530214,G100-e003Coalescence-mBHI-p5_S31,103876
48,Coalescence-A12-D11-AF-AF-mGAM-mBHI-7_S631,109,1874895,G100-e003Coalescence-mBHI-p5_S31,103876
49,Coalescence-E8-D11-AF-AF-mGAM-mBHI-3_S675,123,1958325,G100-e003Coalescence-mBHI-p5_S31,103876
50,Coalescence-A10-C11-AE-AF-mGAM-mBHI-7_S629,185,2451568,G100-e003Coalescence-mBHI-p5_S31,103876
51,Assembly-G5-C10-AE-mGAM-5_S696,2,2151131,G100-e003Coalescence-mBHI-p5_S31,103876
52,D_F11_e003Assembly_S359,1,1852547,G100-e003Coalescence-mBHI-p5_S31,103876
53,C_C2_e003Assembly_S218,5,2486586,G100-e003Coalescence-mBHI-p5_S31,103876
0,A_C5_C8_AA_AE_mGAM_mBHI_2_S29,15,1240202,G4-e003Coalescence-mBHI-p3_S35,103876
1,A_C8_C11_AF_AE_mGAM_mBHI_2_S32,2,2148058,G4-e003Coalescence-mBHI-p3_S35,103876
2,A_C11_C4_AE_AE_mBHI_mBHI_4_S35,0,2544423,G4-e003Coalescence-mBHI-p3_S35,103876
3,A_C12_C5_AF_AE_mBHI_mBHI_4_S36,61,1318209,G4-e003Coalescence-mBHI-p3_S35,103876
4,B_A7_E10_AE_AA_mGAM_mBHI_2_S103,82,1585269,G4-e003Coalescence-mBHI-p3_S35,103876
5,B_C7_G10_AE_AE_mGAM_mBHI_2_S127,2,2297583,G4-e003Coalescence-mBHI-p3_S35,103876
6,B_C11_C10_AE_AE_mGAM_mBHI_4_S131,2,2142327,G4-e003Coalescence-mBHI-p3_S35,103876
7,B_G7_G10_AE_AE_mGAM_mGAM_2_S175,2,2129061,G4-e003Coalescence-mBHI-p3_S35,103876
8,B_G11_C10_AE_AE_mGAM_mGAM_4_S179,0,1605800,G4-e003Coalescence-mBHI-p3_S35,103876
9,C_C3_C4_AE_AE_mBHI_mBHI_6_S219,2,2333234,G4-e003Coalescence-mBHI-p3_S35,103876
10,C_C5_C8_AA_AE_mGAM_mBHI_6_S221,7198,983611,G4-e003Coalescence-mBHI-p3_S35,103876
11,C_C7_C10_AE_AE_mGAM_mBHI_6_S223,2,2496763,G4-e003Coalescence-mBHI-p3_S35,103876
12,C_C8_C11_AF_AE_mGAM_mBHI_6_S224,167,2423530,G4-e003Coalescence-mBHI-p3_S35,103876
13,C_C11_G4_AE_AE_mBHI_mBHI_4_S227,0,2284384,G4-e003Coalescence-mBHI-p3_S35,103876
14,C_H12_H5_AF_AF_mBHI_mGAM_4_S288,106,2152529,G4-e003Coalescence-mBHI-p3_S35,103876
15,D_A6_A9_ACPP_AA_mGAM_mBHI_6_S294,21,1982379,G4-e003Coalescence-mBHI-p3_S35,103876
16,D_A7_A10_AE_AA_mGAM_mBHI_6_S295,6587,1410130,G4-e003Coalescence-mBHI-p3_S35,103876
17,D_C3_C4_AE_AE_mBHI_mBHI_6_S315,0,1938021,G4-e003Coalescence-mBHI-p3_S35,103876
18,D_C6_C9_ACPP_AE_mGAM_mBHI_6_S318,2,2546864,G4-e003Coalescence-mBHI-p3_S35,103876
19,D_C7_C10_AE_AE_mGAM_mBHI_6_S319,2,2486700,G4-e003Coalescence-mBHI-p3_S35,103876
20,D_C8_C11_AF_AE_mGAM_mBHI_6_S320,124,2295176,G4-e003Coalescence-mBHI-p3_S35,103876
21,D_C11_G10_AE_AE_mGAM_mBHI_4_S323,2,2482678,G4-e003Coalescence-mBHI-p3_S35,103876
22,D_G3_C4_AE_AE_mBHI_mGAM_6_S363,1,1654388,G4-e003Coalescence-mBHI-p3_S35,103876
23,D_G6_C9_ACPP_AE_mGAM_mGAM_6_S366,1,2300167,G4-e003Coalescence-mBHI-p3_S35,103876
24,C10-e003Coalescence-mBHI-p7,4,2135952,G4-e003Coalescence-mBHI-p3_S35,103876
25,C11-e003Coalescence-mBHI-p5,125,2002690,G4-e003Coalescence-mBHI-p3_S35,103876
26,C10-e003Coalescence-mBHI-p5,5,2385009,G4-e003Coalescence-mBHI-p3_S35,103876
27,C8-e003Coalescence-mBHI-p5,3493,1198645,G4-e003Coalescence-mBHI-p3_S35,103876
28,C4-e003Coalescence-mBHI-p5,0,2502890,G4-e003Coalescence-mBHI-p3_S35,103876
29,C10-e003Coalescence-mGAM-p7,3,2061650,G4-e003Coalescence-mBHI-p3_S35,103876
30,C10-e003Coalescence-mBHI-p3,6,2460943,G4-e003Coalescence-mBHI-p3_S35,103876
31,G4-e003Coalescence-mBHI-p5_S27,0,1919003,G4-e003Coalescence-mBHI-p3_S35,103876
32,G111-e003Coalescence-mBHI-p5_S32,79,1391982,G4-e003Coalescence-mBHI-p3_S35,103876
33,G100-e003Coalescence-mBHI-p5_S31,2,2324546,G4-e003Coalescence-mBHI-p3_S35,103876
34,G4-e003Coalescence-mBHI-p3_S35,0,2069895,G4-e003Coalescence-mBHI-p3_S35,103876
35,G4-e003Coalescence-mGAM-p5_S75,1,1366979,G4-e003Coalescence-mBHI-p3_S35,103876
36,G4-e003Coalescence-mGAM-p3_S83,2,1423657,G4-e003Coalescence-mBHI-p3_S35,103876
37,G4-e003Coalescence-mBHI-p7_S123,0,1756502,G4-e003Coalescence-mBHI-p3_S35,103876
38,G100-e003Coalescence-mBHI-p7_S127,3,1668930,G4-e003Coalescence-mBHI-p3_S35,103876
39,C5-e003Coalescence-mBHI-inoculumn-redo,3,1580573,G4-e003Coalescence-mBHI-p3_S35,103876
40,D4-e003Coalescence-Inoculumn-mBHI,1,1905366,G4-e003Coalescence-mBHI-p3_S35,103876
41,C3-e003Coalescence-mBHI-inoculumn-redo,1,1386131,G4-e003Coalescence-mBHI-p3_S35,103876
42,B4-e003Coalescence-Inoculumn-mBHI,1,1569971,G4-e003Coalescence-mBHI-p3_S35,103876
43,C5-e003Coalescence-Inoculumn-mGAM,2,1196374,G4-e003Coalescence-mBHI-p3_S35,103876
44,A4-e003Coalescence-Inoculumn-mGAM,221,1498117,G4-e003Coalescence-mBHI-p3_S35,103876
45,G10-e003Coalescence-mBHI-p1_S830,2,2428880,G4-e003Coalescence-mBHI-p3_S35,103876
46,Coalescence-F2-E10-AA-AE-mGAM-mBHI-3_S681,90,1470280,G4-e003Coalescence-mBHI-p3_S35,103876
47,Coalescence-E5-C4-AE-AE-mBHI-mBHI-3_S672,0,2530214,G4-e003Coalescence-mBHI-p3_S35,103876
48,Coalescence-A12-D11-AF-AF-mGAM-mBHI-7_S631,102,1874895,G4-e003Coalescence-mBHI-p3_S35,103876
49,Coalescence-E8-D11-AF-AF-mGAM-mBHI-3_S675,120,1958325,G4-e003Coalescence-mBHI-p3_S35,103876
50,Coalescence-A10-C11-AE-AF-mGAM-mBHI-7_S629,180,2451568,G4-e003Coalescence-mBHI-p3_S35,103876
51,Assembly-G5-C10-AE-mGAM-5_S696,2,2151131,G4-e003Coalescence-mBHI-p3_S35,103876
52,D_F11_e003Assembly_S359,3,1852547,G4-e003Coalescence-mBHI-p3_S35,103876
53,C_C2_e003Assembly_S218,0,2486586,G4-e003Coalescence-mBHI-p3_S35,103876
0,A_C5_C8_AA_AE_mGAM_mBHI_2_S29,11,1240202,G4-e003Coalescence-mGAM-p5_S75,103876
1,A_C8_C11_AF_AE_mGAM_mBHI_2_S32,2,2148058,G4-e003Coalescence-mGAM-p5_S75,103876
2,A_C11_C4_AE_AE_mBHI_mBHI_4_S35,0,2544423,G4-e003Coalescence-mGAM-p5_S75,103876
3,A_C12_C5_AF_AE_mBHI_mBHI_4_S36,36,1318209,G4-e003Coalescence-mGAM-p5_S75,103876
4,B_A7_E10_AE_AA_mGAM_mBHI_2_S103,48,1585269,G4-e003Coalescence-mGAM-p5_S75,103876
5,B_C7_G10_AE_AE_mGAM_mBHI_2_S127,1,2297583,G4-e003Coalescence-mGAM-p5_S75,103876
6,B_C11_C10_AE_AE_mGAM_mBHI_4_S131,0,2142327,G4-e003Coalescence-mGAM-p5_S75,103876
7,B_G7_G10_AE_AE_mGAM_mGAM_2_S175,1,2129061,G4-e003Coalescence-mGAM-p5_S75,103876
8,B_G11_C10_AE_AE_mGAM_mGAM_4_S179,0,1605800,G4-e003Coalescence-mGAM-p5_S75,103876
9,C_C3_C4_AE_AE_mBHI_mBHI_6_S219,0,2333234,G4-e003Coalescence-mGAM-p5_S75,103876
10,C_C5_C8_AA_AE_mGAM_mBHI_6_S221,4787,983611,G4-e003Coalescence-mGAM-p5_S75,103876
11,C_C7_C10_AE_AE_mGAM_mBHI_6_S223,1,2496763,G4-e003Coalescence-mGAM-p5_S75,103876
12,C_C8_C11_AF_AE_mGAM_mBHI_6_S224,94,2423530,G4-e003Coalescence-mGAM-p5_S75,103876
13,C_C11_G4_AE_AE_mBHI_mBHI_4_S227,0,2284384,G4-e003Coalescence-mGAM-p5_S75,103876
14,C_H12_H5_AF_AF_mBHI_mGAM_4_S288,67,2152529,G4-e003Coalescence-mGAM-p5_S75,103876
15,D_A6_A9_ACPP_AA_mGAM_mBHI_6_S294,14,1982379,G4-e003Coalescence-mGAM-p5_S75,103876
16,D_A7_A10_AE_AA_mGAM_mBHI_6_S295,4353,1410130,G4-e003Coalescence-mGAM-p5_S75,103876
17,D_C3_C4_AE_AE_mBHI_mBHI_6_S315,0,1938021,G4-e003Coalescence-mGAM-p5_S75,103876
18,D_C6_C9_ACPP_AE_mGAM_mBHI_6_S318,0,2546864,G4-e003Coalescence-mGAM-p5_S75,103876
19,D_C7_C10_AE_AE_mGAM_mBHI_6_S319,0,2486700,G4-e003Coalescence-mGAM-p5_S75,103876
20,D_C8_C11_AF_AE_mGAM_mBHI_6_S320,74,2295176,G4-e003Coalescence-mGAM-p5_S75,103876
21,D_C11_G10_AE_AE_mGAM_mBHI_4_S323,1,2482678,G4-e003Coalescence-mGAM-p5_S75,103876
22,D_G3_C4_AE_AE_mBHI_mGAM_6_S363,0,1654388,G4-e003Coalescence-mGAM-p5_S75,103876
23,D_G6_C9_ACPP_AE_mGAM_mGAM_6_S366,0,2300167,G4-e003Coalescence-mGAM-p5_S75,103876
24,C10-e003Coalescence-mBHI-p7,4,2135952,G4-e003Coalescence-mGAM-p5_S75,103876
25,C11-e003Coalescence-mBHI-p5,80,2002690,G4-e003Coalescence-mGAM-p5_S75,103876
26,C10-e003Coalescence-mBHI-p5,3,2385009,G4-e003Coalescence-mGAM-p5_S75,103876
27,C8-e003Coalescence-mBHI-p5,2455,1198645,G4-e003Coalescence-mGAM-p5_S75,103876
28,C4-e003Coalescence-mBHI-p5,0,2502890,G4-e003Coalescence-mGAM-p5_S75,103876
29,C10-e003Coalescence-mGAM-p7,3,2061650,G4-e003Coalescence-mGAM-p5_S75,103876
30,C10-e003Coalescence-mBHI-p3,2,2460943,G4-e003Coalescence-mGAM-p5_S75,103876
31,G4-e003Coalescence-mBHI-p5_S27,1,1919003,G4-e003Coalescence-mGAM-p5_S75,103876
32,G111-e003Coalescence-mBHI-p5_S32,52,1391982,G4-e003Coalescence-mGAM-p5_S75,103876
33,G100-e003Coalescence-mBHI-p5_S31,0,2324546,G4-e003Coalescence-mGAM-p5_S75,103876
34,G4-e003Coalescence-mBHI-p3_S35,1,2069895,G4-e003Coalescence-mGAM-p5_S75,103876
35,G4-e003Coalescence-mGAM-p5_S75,0,1366979,G4-e003Coalescence-mGAM-p5_S75,103876
36,G4-e003Coalescence-mGAM-p3_S83,0,1423657,G4-e003Coalescence-mGAM-p5_S75,103876
37,G4-e003Coalescence-mBHI-p7_S123,0,1756502,G4-e003Coalescence-mGAM-p5_S75,103876
38,G100-e003Coalescence-mBHI-p7_S127,2,1668930,G4-e003Coalescence-mGAM-p5_S75,103876
39,C5-e003Coalescence-mBHI-inoculumn-redo,2,1580573,G4-e003Coalescence-mGAM-p5_S75,103876
40,D4-e003Coalescence-Inoculumn-mBHI,1,1905366,G4-e003Coalescence-mGAM-p5_S75,103876
41,C3-e003Coalescence-mBHI-inoculumn-redo,2,1386131,G4-e003Coalescence-mGAM-p5_S75,103876
42,B4-e003Coalescence-Inoculumn-mBHI,3,1569971,G4-e003Coalescence-mGAM-p5_S75,103876
43,C5-e003Coalescence-Inoculumn-mGAM,0,1196374,G4-e003Coalescence-mGAM-p5_S75,103876
44,A4-e003Coalescence-Inoculumn-mGAM,124,1498117,G4-e003Coalescence-mGAM-p5_S75,103876
45,G10-e003Coalescence-mBHI-p1_S830,0,2428880,G4-e003Coalescence-mGAM-p5_S75,103876
46,Coalescence-F2-E10-AA-AE-mGAM-mBHI-3_S681,60,1470280,G4-e003Coalescence-mGAM-p5_S75,103876
47,Coalescence-E5-C4-AE-AE-mBHI-mBHI-3_S672,1,2530214,G4-e003Coalescence-mGAM-p5_S75,103876
48,Coalescence-A12-D11-AF-AF-mGAM-mBHI-7_S631,62,1874895,G4-e003Coalescence-mGAM-p5_S75,103876
49,Coalescence-E8-D11-AF-AF-mGAM-mBHI-3_S675,73,1958325,G4-e003Coalescence-mGAM-p5_S75,103876
50,Coalescence-A10-C11-AE-AF-mGAM-mBHI-7_S629,99,2451568,G4-e003Coalescence-mGAM-p5_S75,103876
51,Assembly-G5-C10-AE-mGAM-5_S696,0,2151131,G4-e003Coalescence-mGAM-p5_S75,103876
52,D_F11_e003Assembly_S359,0,1852547,G4-e003Coalescence-mGAM-p5_S75,103876
53,C_C2_e003Assembly_S218,4,2486586,G4-e003Coalescence-mGAM-p5_S75,103876
0,A_C5_C8_AA_AE_mGAM_mBHI_2_S29,14,1240202,G4-e003Coalescence-mGAM-p3_S83,103876
1,A_C8_C11_AF_AE_mGAM_mBHI_2_S32,2,2148058,G4-e003Coalescence-mGAM-p3_S83,103876
2,A_C11_C4_AE_AE_mBHI_mBHI_4_S35,1,2544423,G4-e003Coalescence-mGAM-p3_S83,103876
3,A_C12_C5_AF_AE_mBHI_mBHI_4_S36,34,1318209,G4-e003Coalescence-mGAM-p3_S83,103876
4,B_A7_E10_AE_AA_mGAM_mBHI_2_S103,55,1585269,G4-e003Coalescence-mGAM-p3_S83,103876
5,B_C7_G10_AE_AE_mGAM_mBHI_2_S127,1,2297583,G4-e003Coalescence-mGAM-p3_S83,103876
6,B_C11_C10_AE_AE_mGAM_mBHI_4_S131,0,2142327,G4-e003Coalescence-mGAM-p3_S83,103876
7,B_G7_G10_AE_AE_mGAM_mGAM_2_S175,0,2129061,G4-e003Coalescence-mGAM-p3_S83,103876
8,B_G11_C10_AE_AE_mGAM_mGAM_4_S179,1,1605800,G4-e003Coalescence-mGAM-p3_S83,103876
9,C_C3_C4_AE_AE_mBHI_mBHI_6_S219,0,2333234,G4-e003Coalescence-mGAM-p3_S83,103876
10,C_C5_C8_AA_AE_mGAM_mBHI_6_S221,4973,983611,G4-e003Coalescence-mGAM-p3_S83,103876
11,C_C7_C10_AE_AE_mGAM_mBHI_6_S223,1,2496763,G4-e003Coalescence-mGAM-p3_S83,103876
12,C_C8_C11_AF_AE_mGAM_mBHI_6_S224,105,2423530,G4-e003Coalescence-mGAM-p3_S83,103876
13,C_C11_G4_AE_AE_mBHI_mBHI_4_S227,1,2284384,G4-e003Coalescence-mGAM-p3_S83,103876
14,C_H12_H5_AF_AF_mBHI_mGAM_4_S288,75,2152529,G4-e003Coalescence-mGAM-p3_S83,103876
15,D_A6_A9_ACPP_AA_mGAM_mBHI_6_S294,12,1982379,G4-e003Coalescence-mGAM-p3_S83,103876
16,D_A7_A10_AE_AA_mGAM_mBHI_6_S295,4599,1410130,G4-e003Coalescence-mGAM-p3_S83,103876
17,D_C3_C4_AE_AE_mBHI_mBHI_6_S315,3,1938021,G4-e003Coalescence-mGAM-p3_S83,103876
18,D_C6_C9_ACPP_AE_mGAM_mBHI_6_S318,0,2546864,G4-e003Coalescence-mGAM-p3_S83,103876
19,D_C7_C10_AE_AE_mGAM_mBHI_6_S319,1,2486700,G4-e003Coalescence-mGAM-p3_S83,103876
20,D_C8_C11_AF_AE_mGAM_mBHI_6_S320,79,2295176,G4-e003Coalescence-mGAM-p3_S83,103876
21,D_C11_G10_AE_AE_mGAM_mBHI_4_S323,0,2482678,G4-e003Coalescence-mGAM-p3_S83,103876
22,D_G3_C4_AE_AE_mBHI_mGAM_6_S363,0,1654388,G4-e003Coalescence-mGAM-p3_S83,103876
23,D_G6_C9_ACPP_AE_mGAM_mGAM_6_S366,1,2300167,G4-e003Coalescence-mGAM-p3_S83,103876
24,C10-e003Coalescence-mBHI-p7,4,2135952,G4-e003Coalescence-mGAM-p3_S83,103876
25,C11-e003Coalescence-mBHI-p5,87,2002690,G4-e003Coalescence-mGAM-p3_S83,103876
26,C10-e003Coalescence-mBHI-p5,4,2385009,G4-e003Coalescence-mGAM-p3_S83,103876
27,C8-e003Coalescence-mBHI-p5,2343,1198645,G4-e003Coalescence-mGAM-p3_S83,103876
28,C4-e003Coalescence-mBHI-p5,1,2502890,G4-e003Coalescence-mGAM-p3_S83,103876
29,C10-e003Coalescence-mGAM-p7,3,2061650,G4-e003Coalescence-mGAM-p3_S83,103876
30,C10-e003Coalescence-mBHI-p3,4,2460943,G4-e003Coalescence-mGAM-p3_S83,103876
31,G4-e003Coalescence-mBHI-p5_S27,2,1919003,G4-e003Coalescence-mGAM-p3_S83,103876
32,G111-e003Coalescence-mBHI-p5_S32,53,1391982,G4-e003Coalescence-mGAM-p3_S83,103876
33,G100-e003Coalescence-mBHI-p5_S31,2,2324546,G4-e003Coalescence-mGAM-p3_S83,103876
34,G4-e003Coalescence-mBHI-p3_S35,2,2069895,G4-e003Coalescence-mGAM-p3_S83,103876
35,G4-e003Coalescence-mGAM-p5_S75,0,1366979,G4-e003Coalescence-mGAM-p3_S83,103876
36,G4-e003Coalescence-mGAM-p3_S83,0,1423657,G4-e003Coalescence-mGAM-p3_S83,103876
37,G4-e003Coalescence-mBHI-p7_S123,0,1756502,G4-e003Coalescence-mGAM-p3_S83,103876
38,G100-e003Coalescence-mBHI-p7_S127,1,1668930,G4-e003Coalescence-mGAM-p3_S83,103876
39,C5-e003Coalescence-mBHI-inoculumn-redo,4,1580573,G4-e003Coalescence-mGAM-p3_S83,103876
40,D4-e003Coalescence-Inoculumn-mBHI,1,1905366,G4-e003Coalescence-mGAM-p3_S83,103876
41,C3-e003Coalescence-mBHI-inoculumn-redo,2,1386131,G4-e003Coalescence-mGAM-p3_S83,103876
42,B4-e003Coalescence-Inoculumn-mBHI,4,1569971,G4-e003Coalescence-mGAM-p3_S83,103876
43,C5-e003Coalescence-Inoculumn-mGAM,1,1196374,G4-e003Coalescence-mGAM-p3_S83,103876
44,A4-e003Coalescence-Inoculumn-mGAM,133,1498117,G4-e003Coalescence-mGAM-p3_S83,103876
45,G10-e003Coalescence-mBHI-p1_S830,1,2428880,G4-e003Coalescence-mGAM-p3_S83,103876
46,Coalescence-F2-E10-AA-AE-mGAM-mBHI-3_S681,52,1470280,G4-e003Coalescence-mGAM-p3_S83,103876
47,Coalescence-E5-C4-AE-AE-mBHI-mBHI-3_S672,0,2530214,G4-e003Coalescence-mGAM-p3_S83,103876
48,Coalescence-A12-D11-AF-AF-mGAM-mBHI-7_S631,70,1874895,G4-e003Coalescence-mGAM-p3_S83,103876
49,Coalescence-E8-D11-AF-AF-mGAM-mBHI-3_S675,63,1958325,G4-e003Coalescence-mGAM-p3_S83,103876
50,Coalescence-A10-C11-AE-AF-mGAM-mBHI-7_S629,114,2451568,G4-e003Coalescence-mGAM-p3_S83,103876
51,Assembly-G5-C10-AE-mGAM-5_S696,1,2151131,G4-e003Coalescence-mGAM-p3_S83,103876
52,D_F11_e003Assembly_S359,0,1852547,G4-e003Coalescence-mGAM-p3_S83,103876
53,C_C2_e003Assembly_S218,1,2486586,G4-e003Coalescence-mGAM-p3_S83,103876
0,A_C5_C8_AA_AE_mGAM_mBHI_2_S29,19,1240202,G4-e003Coalescence-mBHI-p7_S123,103876
1,A_C8_C11_AF_AE_mGAM_mBHI_2_S32,0,2148058,G4-e003Coalescence-mBHI-p7_S123,103876
2,A_C11_C4_AE_AE_mBHI_mBHI_4_S35,0,2544423,G4-e003Coalescence-mBHI-p7_S123,103876
3,A_C12_C5_AF_AE_mBHI_mBHI_4_S36,50,1318209,G4-e003Coalescence-mBHI-p7_S123,103876
4,B_A7_E10_AE_AA_mGAM_mBHI_2_S103,61,1585269,G4-e003Coalescence-mBHI-p7_S123,103876
5,B_C7_G10_AE_AE_mGAM_mBHI_2_S127,0,2297583,G4-e003Coalescence-mBHI-p7_S123,103876
6,B_C11_C10_AE_AE_mGAM_mBHI_4_S131,0,2142327,G4-e003Coalescence-mBHI-p7_S123,103876
7,B_G7_G10_AE_AE_mGAM_mGAM_2_S175,0,2129061,G4-e003Coalescence-mBHI-p7_S123,103876
8,B_G11_C10_AE_AE_mGAM_mGAM_4_S179,0,1605800,G4-e003Coalescence-mBHI-p7_S123,103876
9,C_C3_C4_AE_AE_mBHI_mBHI_6_S219,0,2333234,G4-e003Coalescence-mBHI-p7_S123,103876
10,C_C5_C8_AA_AE_mGAM_mBHI_6_S221,6168,983611,G4-e003Coalescence-mBHI-p7_S123,103876
11,C_C7_C10_AE_AE_mGAM_mBHI_6_S223,0,2496763,G4-e003Coalescence-mBHI-p7_S123,103876
12,C_C8_C11_AF_AE_mGAM_mBHI_6_S224,144,2423530,G4-e003Coalescence-mBHI-p7_S123,103876
13,C_C11_G4_AE_AE_mBHI_mBHI_4_S227,0,2284384,G4-e003Coalescence-mBHI-p7_S123,103876
14,C_H12_H5_AF_AF_mBHI_mGAM_4_S288,94,2152529,G4-e003Coalescence-mBHI-p7_S123,103876
15,D_A6_A9_ACPP_AA_mGAM_mBHI_6_S294,19,1982379,G4-e003Coalescence-mBHI-p7_S123,103876
16,D_A7_A10_AE_AA_mGAM_mBHI_6_S295,5600,1410130,G4-e003Coalescence-mBHI-p7_S123,103876
17,D_C3_C4_AE_AE_mBHI_mBHI_6_S315,0,1938021,G4-e003Coalescence-mBHI-p7_S123,103876
18,D_C6_C9_ACPP_AE_mGAM_mBHI_6_S318,0,2546864,G4-e003Coalescence-mBHI-p7_S123,103876
19,D_C7_C10_AE_AE_mGAM_mBHI_6_S319,0,2486700,G4-e003Coalescence-mBHI-p7_S123,103876
20,D_C8_C11_AF_AE_mGAM_mBHI_6_S320,102,2295176,G4-e003Coalescence-mBHI-p7_S123,103876
21,D_C11_G10_AE_AE_mGAM_mBHI_4_S323,0,2482678,G4-e003Coalescence-mBHI-p7_S123,103876
22,D_G3_C4_AE_AE_mBHI_mGAM_6_S363,0,1654388,G4-e003Coalescence-mBHI-p7_S123,103876
23,D_G6_C9_ACPP_AE_mGAM_mGAM_6_S366,3,2300167,G4-e003Coalescence-mBHI-p7_S123,103876
24,C10-e003Coalescence-mBHI-p7,0,2135952,G4-e003Coalescence-mBHI-p7_S123,103876
25,C11-e003Coalescence-mBHI-p5,102,2002690,G4-e003Coalescence-mBHI-p7_S123,103876
26,C10-e003Coalescence-mBHI-p5,1,2385009,G4-e003Coalescence-mBHI-p7_S123,103876
27,C8-e003Coalescence-mBHI-p5,2977,1198645,G4-e003Coalescence-mBHI-p7_S123,103876
28,C4-e003Coalescence-mBHI-p5,0,2502890,G4-e003Coalescence-mBHI-p7_S123,103876
29,C10-e003Coalescence-mGAM-p7,0,2061650,G4-e003Coalescence-mBHI-p7_S123,103876
30,C10-e003Coalescence-mBHI-p3,3,2460943,G4-e003Coalescence-mBHI-p7_S123,103876
31,G4-e003Coalescence-mBHI-p5_S27,0,1919003,G4-e003Coalescence-mBHI-p7_S123,103876
32,G111-e003Coalescence-mBHI-p5_S32,67,1391982,G4-e003Coalescence-mBHI-p7_S123,103876
33,G100-e003Coalescence-mBHI-p5_S31,0,2324546,G4-e003Coalescence-mBHI-p7_S123,103876
34,G4-e003Coalescence-mBHI-p3_S35,0,2069895,G4-e003Coalescence-mBHI-p7_S123,103876
35,G4-e003Coalescence-mGAM-p5_S75,0,1366979,G4-e003Coalescence-mBHI-p7_S123,103876
36,G4-e003Coalescence-mGAM-p3_S83,0,1423657,G4-e003Coalescence-mBHI-p7_S123,103876
37,G4-e003Coalescence-mBHI-p7_S123,0,1756502,G4-e003Coalescence-mBHI-p7_S123,103876
38,G100-e003Coalescence-mBHI-p7_S127,1,1668930,G4-e003Coalescence-mBHI-p7_S123,103876
39,C5-e003Coalescence-mBHI-inoculumn-redo,1,1580573,G4-e003Coalescence-mBHI-p7_S123,103876
40,D4-e003Coalescence-Inoculumn-mBHI,0,1905366,G4-e003Coalescence-mBHI-p7_S123,103876
41,C3-e003Coalescence-mBHI-inoculumn-redo,0,1386131,G4-e003Coalescence-mBHI-p7_S123,103876
42,B4-e003Coalescence-Inoculumn-mBHI,0,1569971,G4-e003Coalescence-mBHI-p7_S123,103876
43,C5-e003Coalescence-Inoculumn-mGAM,0,1196374,G4-e003Coalescence-mBHI-p7_S123,103876
44,A4-e003Coalescence-Inoculumn-mGAM,176,1498117,G4-e003Coalescence-mBHI-p7_S123,103876
45,G10-e003Coalescence-mBHI-p1_S830,0,2428880,G4-e003Coalescence-mBHI-p7_S123,103876
46,Coalescence-F2-E10-AA-AE-mGAM-mBHI-3_S681,68,1470280,G4-e003Coalescence-mBHI-p7_S123,103876
47,Coalescence-E5-C4-AE-AE-mBHI-mBHI-3_S672,0,2530214,G4-e003Coalescence-mBHI-p7_S123,103876
48,Coalescence-A12-D11-AF-AF-mGAM-mBHI-7_S631,85,1874895,G4-e003Coalescence-mBHI-p7_S123,103876
49,Coalescence-E8-D11-AF-AF-mGAM-mBHI-3_S675,99,1958325,G4-e003Coalescence-mBHI-p7_S123,103876
50,Coalescence-A10-C11-AE-AF-mGAM-mBHI-7_S629,154,2451568,G4-e003Coalescence-mBHI-p7_S123,103876
51,Assembly-G5-C10-AE-mGAM-5_S696,0,2151131,G4-e003Coalescence-mBHI-p7_S123,103876
52,D_F11_e003Assembly_S359,0,1852547,G4-e003Coalescence-mBHI-p7_S123,103876
53,C_C2_e003Assembly_S218,0,2486586,G4-e003Coalescence-mBHI-p7_S123,103876
0,A_C5_C8_AA_AE_mGAM_mBHI_2_S29,15,1240202,G100-e003Coalescence-mBHI-p7_S127,103876
1,A_C8_C11_AF_AE_mGAM_mBHI_2_S32,2,2148058,G100-e003Coalescence-mBHI-p7_S127,103876
2,A_C11_C4_AE_AE_mBHI_mBHI_4_S35,2,2544423,G100-e003Coalescence-mBHI-p7_S127,103876
3,A_C12_C5_AF_AE_mBHI_mBHI_4_S36,51,1318209,G100-e003Coalescence-mBHI-p7_S127,103876
4,B_A7_E10_AE_AA_mGAM_mBHI_2_S103,54,1585269,G100-e003Coalescence-mBHI-p7_S127,103876
5,B_C7_G10_AE_AE_mGAM_mBHI_2_S127,0,2297583,G100-e003Coalescence-mBHI-p7_S127,103876
6,B_C11_C10_AE_AE_mGAM_mBHI_4_S131,0,2142327,G100-e003Coalescence-mBHI-p7_S127,103876
7,B_G7_G10_AE_AE_mGAM_mGAM_2_S175,0,2129061,G100-e003Coalescence-mBHI-p7_S127,103876
8,B_G11_C10_AE_AE_mGAM_mGAM_4_S179,0,1605800,G100-e003Coalescence-mBHI-p7_S127,103876
9,C_C3_C4_AE_AE_mBHI_mBHI_6_S219,2,2333234,G100-e003Coalescence-mBHI-p7_S127,103876
10,C_C5_C8_AA_AE_mGAM_mBHI_6_S221,5842,983611,G100-e003Coalescence-mBHI-p7_S127,103876
11,C_C7_C10_AE_AE_mGAM_mBHI_6_S223,2,2496763,G100-e003Coalescence-mBHI-p7_S127,103876
12,C_C8_C11_AF_AE_mGAM_mBHI_6_S224,125,2423530,G100-e003Coalescence-mBHI-p7_S127,103876
13,C_C11_G4_AE_AE_mBHI_mBHI_4_S227,3,2284384,G100-e003Coalescence-mBHI-p7_S127,103876
14,C_H12_H5_AF_AF_mBHI_mGAM_4_S288,96,2152529,G100-e003Coalescence-mBHI-p7_S127,103876
15,D_A6_A9_ACPP_AA_mGAM_mBHI_6_S294,20,1982379,G100-e003Coalescence-mBHI-p7_S127,103876
16,D_A7_A10_AE_AA_mGAM_mBHI_6_S295,5481,1410130,G100-e003Coalescence-mBHI-p7_S127,103876
17,D_C3_C4_AE_AE_mBHI_mBHI_6_S315,2,1938021,G100-e003Coalescence-mBHI-p7_S127,103876
18,D_C6_C9_ACPP_AE_mGAM_mBHI_6_S318,2,2546864,G100-e003Coalescence-mBHI-p7_S127,103876
19,D_C7_C10_AE_AE_mGAM_mBHI_6_S319,0,2486700,G100-e003Coalescence-mBHI-p7_S127,103876
20,D_C8_C11_AF_AE_mGAM_mBHI_6_S320,106,2295176,G100-e003Coalescence-mBHI-p7_S127,103876
21,D_C11_G10_AE_AE_mGAM_mBHI_4_S323,2,2482678,G100-e003Coalescence-mBHI-p7_S127,103876
22,D_G3_C4_AE_AE_mBHI_mGAM_6_S363,2,1654388,G100-e003Coalescence-mBHI-p7_S127,103876
23,D_G6_C9_ACPP_AE_mGAM_mGAM_6_S366,4,2300167,G100-e003Coalescence-mBHI-p7_S127,103876
24,C10-e003Coalescence-mBHI-p7,3,2135952,G100-e003Coalescence-mBHI-p7_S127,103876
25,C11-e003Coalescence-mBHI-p5,90,2002690,G100-e003Coalescence-mBHI-p7_S127,103876
26,C10-e003Coalescence-mBHI-p5,2,2385009,G100-e003Coalescence-mBHI-p7_S127,103876
27,C8-e003Coalescence-mBHI-p5,2853,1198645,G100-e003Coalescence-mBHI-p7_S127,103876
28,C4-e003Coalescence-mBHI-p5,1,2502890,G100-e003Coalescence-mBHI-p7_S127,103876
29,C10-e003Coalescence-mGAM-p7,4,2061650,G100-e003Coalescence-mBHI-p7_S127,103876
30,C10-e003Coalescence-mBHI-p3,4,2460943,G100-e003Coalescence-mBHI-p7_S127,103876
31,G4-e003Coalescence-mBHI-p5_S27,2,1919003,G100-e003Coalescence-mBHI-p7_S127,103876
32,G111-e003Coalescence-mBHI-p5_S32,64,1391982,G100-e003Coalescence-mBHI-p7_S127,103876
33,G100-e003Coalescence-mBHI-p5_S31,2,2324546,G100-e003Coalescence-mBHI-p7_S127,103876
34,G4-e003Coalescence-mBHI-p3_S35,3,2069895,G100-e003Coalescence-mBHI-p7_S127,103876
35,G4-e003Coalescence-mGAM-p5_S75,2,1366979,G100-e003Coalescence-mBHI-p7_S127,103876
36,G4-e003Coalescence-mGAM-p3_S83,1,1423657,G100-e003Coalescence-mBHI-p7_S127,103876
37,G4-e003Coalescence-mBHI-p7_S123,1,1756502,G100-e003Coalescence-mBHI-p7_S127,103876
38,G100-e003Coalescence-mBHI-p7_S127,0,1668930,G100-e003Coalescence-mBHI-p7_S127,103876
39,C5-e003Coalescence-mBHI-inoculumn-redo,3,1580573,G100-e003Coalescence-mBHI-p7_S127,103876
40,D4-e003Coalescence-Inoculumn-mBHI,1,1905366,G100-e003Coalescence-mBHI-p7_S127,103876
41,C3-e003Coalescence-mBHI-inoculumn-redo,0,1386131,G100-e003Coalescence-mBHI-p7_S127,103876
42,B4-e003Coalescence-Inoculumn-mBHI,4,1569971,G100-e003Coalescence-mBHI-p7_S127,103876
43,C5-e003Coalescence-Inoculumn-mGAM,0,1196374,G100-e003Coalescence-mBHI-p7_S127,103876
44,A4-e003Coalescence-Inoculumn-mGAM,204,1498117,G100-e003Coalescence-mBHI-p7_S127,103876
45,G10-e003Coalescence-mBHI-p1_S830,2,2428880,G100-e003Coalescence-mBHI-p7_S127,103876
46,Coalescence-F2-E10-AA-AE-mGAM-mBHI-3_S681,63,1470280,G100-e003Coalescence-mBHI-p7_S127,103876
47,Coalescence-E5-C4-AE-AE-mBHI-mBHI-3_S672,2,2530214,G100-e003Coalescence-mBHI-p7_S127,103876
48,Coalescence-A12-D11-AF-AF-mGAM-mBHI-7_S631,82,1874895,G100-e003Coalescence-mBHI-p7_S127,103876
49,Coalescence-E8-D11-AF-AF-mGAM-mBHI-3_S675,86,1958325,G100-e003Coalescence-mBHI-p7_S127,103876
50,Coalescence-A10-C11-AE-AF-mGAM-mBHI-7_S629,136,2451568,G100-e003Coalescence-mBHI-p7_S127,103876
51,Assembly-G5-C10-AE-mGAM-5_S696,0,2151131,G100-e003Coalescence-mBHI-p7_S127,103876
52,D_F11_e003Assembly_S359,4,1852547,G100-e003Coalescence-mBHI-p7_S127,103876
53,C_C2_e003Assembly_S218,6,2486586,G100-e003Coalescence-mBHI-p7_S127,103876
0,A_C5_C8_AA_AE_mGAM_mBHI_2_S29,14,1240202,C5-e003Coalescence-mBHI-inoculumn-redo,103876
1,A_C8_C11_AF_AE_mGAM_mBHI_2_S32,3,2148058,C5-e003Coalescence-mBHI-inoculumn-redo,103876
2,A_C11_C4_AE_AE_mBHI_mBHI_4_S35,1,2544423,C5-e003Coalescence-mBHI-inoculumn-redo,103876
3,A_C12_C5_AF_AE_mBHI_mBHI_4_S36,32,1318209,C5-e003Coalescence-mBHI-inoculumn-redo,103876
4,B_A7_E10_AE_AA_mGAM_mBHI_2_S103,75,1585269,C5-e003Coalescence-mBHI-inoculumn-redo,103876
5,B_C7_G10_AE_AE_mGAM_mBHI_2_S127,2,2297583,C5-e003Coalescence-mBHI-inoculumn-redo,103876
6,B_C11_C10_AE_AE_mGAM_mBHI_4_S131,1,2142327,C5-e003Coalescence-mBHI-inoculumn-redo,103876
7,B_G7_G10_AE_AE_mGAM_mGAM_2_S175,3,2129061,C5-e003Coalescence-mBHI-inoculumn-redo,103876
8,B_G11_C10_AE_AE_mGAM_mGAM_4_S179,1,1605800,C5-e003Coalescence-mBHI-inoculumn-redo,103876
9,C_C3_C4_AE_AE_mBHI_mBHI_6_S219,2,2333234,C5-e003Coalescence-mBHI-inoculumn-redo,103876
10,C_C5_C8_AA_AE_mGAM_mBHI_6_S221,5376,983611,C5-e003Coalescence-mBHI-inoculumn-redo,103876
11,C_C7_C10_AE_AE_mGAM_mBHI_6_S223,2,2496763,C5-e003Coalescence-mBHI-inoculumn-redo,103876
12,C_C8_C11_AF_AE_mGAM_mBHI_6_S224,89,2423530,C5-e003Coalescence-mBHI-inoculumn-redo,103876
13,C_C11_G4_AE_AE_mBHI_mBHI_4_S227,1,2284384,C5-e003Coalescence-mBHI-inoculumn-redo,103876
14,C_H12_H5_AF_AF_mBHI_mGAM_4_S288,66,2152529,C5-e003Coalescence-mBHI-inoculumn-redo,103876
15,D_A6_A9_ACPP_AA_mGAM_mBHI_6_S294,11,1982379,C5-e003Coalescence-mBHI-inoculumn-redo,103876
16,D_A7_A10_AE_AA_mGAM_mBHI_6_S295,4944,1410130,C5-e003Coalescence-mBHI-inoculumn-redo,103876
17,D_C3_C4_AE_AE_mBHI_mBHI_6_S315,1,1938021,C5-e003Coalescence-mBHI-inoculumn-redo,103876
18,D_C6_C9_ACPP_AE_mGAM_mBHI_6_S318,2,2546864,C5-e003Coalescence-mBHI-inoculumn-redo,103876
19,D_C7_C10_AE_AE_mGAM_mBHI_6_S319,2,2486700,C5-e003Coalescence-mBHI-inoculumn-redo,103876
20,D_C8_C11_AF_AE_mGAM_mBHI_6_S320,72,2295176,C5-e003Coalescence-mBHI-inoculumn-redo,103876
21,D_C11_G10_AE_AE_mGAM_mBHI_4_S323,2,2482678,C5-e003Coalescence-mBHI-inoculumn-redo,103876
22,D_G3_C4_AE_AE_mBHI_mGAM_6_S363,2,1654388,C5-e003Coalescence-mBHI-inoculumn-redo,103876
23,D_G6_C9_ACPP_AE_mGAM_mGAM_6_S366,4,2300167,C5-e003Coalescence-mBHI-inoculumn-redo,103876
24,C10-e003Coalescence-mBHI-p7,3,2135952,C5-e003Coalescence-mBHI-inoculumn-redo,103876
25,C11-e003Coalescence-mBHI-p5,70,2002690,C5-e003Coalescence-mBHI-inoculumn-redo,103876
26,C10-e003Coalescence-mBHI-p5,3,2385009,C5-e003Coalescence-mBHI-inoculumn-redo,103876
27,C8-e003Coalescence-mBHI-p5,2605,1198645,C5-e003Coalescence-mBHI-inoculumn-redo,103876
28,C4-e003Coalescence-mBHI-p5,1,2502890,C5-e003Coalescence-mBHI-inoculumn-redo,103876
29,C10-e003Coalescence-mGAM-p7,2,2061650,C5-e003Coalescence-mBHI-inoculumn-redo,103876
30,C10-e003Coalescence-mBHI-p3,2,2460943,C5-e003Coalescence-mBHI-inoculumn-redo,103876
31,G4-e003Coalescence-mBHI-p5_S27,3,1919003,C5-e003Coalescence-mBHI-inoculumn-redo,103876
32,G111-e003Coalescence-mBHI-p5_S32,47,1391982,C5-e003Coalescence-mBHI-inoculumn-redo,103876
33,G100-e003Coalescence-mBHI-p5_S31,2,2324546,C5-e003Coalescence-mBHI-inoculumn-redo,103876
34,G4-e003Coalescence-mBHI-p3_S35,3,2069895,C5-e003Coalescence-mBHI-inoculumn-redo,103876
35,G4-e003Coalescence-mGAM-p5_S75,2,1366979,C5-e003Coalescence-mBHI-inoculumn-redo,103876
36,G4-e003Coalescence-mGAM-p3_S83,4,1423657,C5-e003Coalescence-mBHI-inoculumn-redo,103876
37,G4-e003Coalescence-mBHI-p7_S123,1,1756502,C5-e003Coalescence-mBHI-inoculumn-redo,103876
38,G100-e003Coalescence-mBHI-p7_S127,3,1668930,C5-e003Coalescence-mBHI-inoculumn-redo,103876
39,C5-e003Coalescence-mBHI-inoculumn-redo,0,1580573,C5-e003Coalescence-mBHI-inoculumn-redo,103876
40,D4-e003Coalescence-Inoculumn-mBHI,1,1905366,C5-e003Coalescence-mBHI-inoculumn-redo,103876
41,C3-e003Coalescence-mBHI-inoculumn-redo,0,1386131,C5-e003Coalescence-mBHI-inoculumn-redo,103876
42,B4-e003Coalescence-Inoculumn-mBHI,5,1569971,C5-e003Coalescence-mBHI-inoculumn-redo,103876
43,C5-e003Coalescence-Inoculumn-mGAM,1,1196374,C5-e003Coalescence-mBHI-inoculumn-redo,103876
44,A4-e003Coalescence-Inoculumn-mGAM,190,1498117,C5-e003Coalescence-mBHI-inoculumn-redo,103876
45,G10-e003Coalescence-mBHI-p1_S830,2,2428880,C5-e003Coalescence-mBHI-inoculumn-redo,103876
46,Coalescence-F2-E10-AA-AE-mGAM-mBHI-3_S681,80,1470280,C5-e003Coalescence-mBHI-inoculumn-redo,103876
47,Coalescence-E5-C4-AE-AE-mBHI-mBHI-3_S672,1,2530214,C5-e003Coalescence-mBHI-inoculumn-redo,103876
48,Coalescence-A12-D11-AF-AF-mGAM-mBHI-7_S631,55,1874895,C5-e003Coalescence-mBHI-inoculumn-redo,103876
49,Coalescence-E8-D11-AF-AF-mGAM-mBHI-3_S675,61,1958325,C5-e003Coalescence-mBHI-inoculumn-redo,103876
50,Coalescence-A10-C11-AE-AF-mGAM-mBHI-7_S629,95,2451568,C5-e003Coalescence-mBHI-inoculumn-redo,103876
51,Assembly-G5-C10-AE-mGAM-5_S696,7,2151131,C5-e003Coalescence-mBHI-inoculumn-redo,103876
52,D_F11_e003Assembly_S359,2,1852547,C5-e003Coalescence-mBHI-inoculumn-redo,103876
53,C_C2_e003Assembly_S218,1,2486586,C5-e003Coalescence-mBHI-inoculumn-redo,103876
0,A_C5_C8_AA_AE_mGAM_mBHI_2_S29,15,1240202,D4-e003Coalescence-Inoculumn-mBHI,103876
1,A_C8_C11_AF_AE_mGAM_mBHI_2_S32,1,2148058,D4-e003Coalescence-Inoculumn-mBHI,103876
2,A_C11_C4_AE_AE_mBHI_mBHI_4_S35,0,2544423,D4-e003Coalescence-Inoculumn-mBHI,103876
3,A_C12_C5_AF_AE_mBHI_mBHI_4_S36,42,1318209,D4-e003Coalescence-Inoculumn-mBHI,103876
4,B_A7_E10_AE_AA_mGAM_mBHI_2_S103,67,1585269,D4-e003Coalescence-Inoculumn-mBHI,103876
5,B_C7_G10_AE_AE_mGAM_mBHI_2_S127,2,2297583,D4-e003Coalescence-Inoculumn-mBHI,103876
6,B_C11_C10_AE_AE_mGAM_mBHI_4_S131,1,2142327,D4-e003Coalescence-Inoculumn-mBHI,103876
7,B_G7_G10_AE_AE_mGAM_mGAM_2_S175,2,2129061,D4-e003Coalescence-Inoculumn-mBHI,103876
8,B_G11_C10_AE_AE_mGAM_mGAM_4_S179,2,1605800,D4-e003Coalescence-Inoculumn-mBHI,103876
9,C_C3_C4_AE_AE_mBHI_mBHI_6_S219,2,2333234,D4-e003Coalescence-Inoculumn-mBHI,103876
10,C_C5_C8_AA_AE_mGAM_mBHI_6_S221,6631,983611,D4-e003Coalescence-Inoculumn-mBHI,103876
11,C_C7_C10_AE_AE_mGAM_mBHI_6_S223,1,2496763,D4-e003Coalescence-Inoculumn-mBHI,103876
12,C_C8_C11_AF_AE_mGAM_mBHI_6_S224,112,2423530,D4-e003Coalescence-Inoculumn-mBHI,103876
13,C_C11_G4_AE_AE_mBHI_mBHI_4_S227,0,2284384,D4-e003Coalescence-Inoculumn-mBHI,103876
14,C_H12_H5_AF_AF_mBHI_mGAM_4_S288,61,2152529,D4-e003Coalescence-Inoculumn-mBHI,103876
15,D_A6_A9_ACPP_AA_mGAM_mBHI_6_S294,16,1982379,D4-e003Coalescence-Inoculumn-mBHI,103876
16,D_A7_A10_AE_AA_mGAM_mBHI_6_S295,5976,1410130,D4-e003Coalescence-Inoculumn-mBHI,103876
17,D_C3_C4_AE_AE_mBHI_mBHI_6_S315,1,1938021,D4-e003Coalescence-Inoculumn-mBHI,103876
18,D_C6_C9_ACPP_AE_mGAM_mBHI_6_S318,3,2546864,D4-e003Coalescence-Inoculumn-mBHI,103876
19,D_C7_C10_AE_AE_mGAM_mBHI_6_S319,1,2486700,D4-e003Coalescence-Inoculumn-mBHI,103876
20,D_C8_C11_AF_AE_mGAM_mBHI_6_S320,74,2295176,D4-e003Coalescence-Inoculumn-mBHI,103876
21,D_C11_G10_AE_AE_mGAM_mBHI_4_S323,1,2482678,D4-e003Coalescence-Inoculumn-mBHI,103876
22,D_G3_C4_AE_AE_mBHI_mGAM_6_S363,3,1654388,D4-e003Coalescence-Inoculumn-mBHI,103876
23,D_G6_C9_ACPP_AE_mGAM_mGAM_6_S366,1,2300167,D4-e003Coalescence-Inoculumn-mBHI,103876
24,C10-e003Coalescence-mBHI-p7,1,2135952,D4-e003Coalescence-Inoculumn-mBHI,103876
25,C11-e003Coalescence-mBHI-p5,81,2002690,D4-e003Coalescence-Inoculumn-mBHI,103876
26,C10-e003Coalescence-mBHI-p5,3,2385009,D4-e003Coalescence-Inoculumn-mBHI,103876
27,C8-e003Coalescence-mBHI-p5,3209,1198645,D4-e003Coalescence-Inoculumn-mBHI,103876
28,C4-e003Coalescence-mBHI-p5,2,2502890,D4-e003Coalescence-Inoculumn-mBHI,103876
29,C10-e003Coalescence-mGAM-p7,2,2061650,D4-e003Coalescence-Inoculumn-mBHI,103876
30,C10-e003Coalescence-mBHI-p3,1,2460943,D4-e003Coalescence-Inoculumn-mBHI,103876
31,G4-e003Coalescence-mBHI-p5_S27,0,1919003,D4-e003Coalescence-Inoculumn-mBHI,103876
32,G111-e003Coalescence-mBHI-p5_S32,43,1391982,D4-e003Coalescence-Inoculumn-mBHI,103876
33,G100-e003Coalescence-mBHI-p5_S31,2,2324546,D4-e003Coalescence-Inoculumn-mBHI,103876
34,G4-e003Coalescence-mBHI-p3_S35,1,2069895,D4-e003Coalescence-Inoculumn-mBHI,103876
35,G4-e003Coalescence-mGAM-p5_S75,1,1366979,D4-e003Coalescence-Inoculumn-mBHI,103876
36,G4-e003Coalescence-mGAM-p3_S83,1,1423657,D4-e003Coalescence-Inoculumn-mBHI,103876
37,G4-e003Coalescence-mBHI-p7_S123,0,1756502,D4-e003Coalescence-Inoculumn-mBHI,103876
38,G100-e003Coalescence-mBHI-p7_S127,1,1668930,D4-e003Coalescence-Inoculumn-mBHI,103876
39,C5-e003Coalescence-mBHI-inoculumn-redo,1,1580573,D4-e003Coalescence-Inoculumn-mBHI,103876
40,D4-e003Coalescence-Inoculumn-mBHI,0,1905366,D4-e003Coalescence-Inoculumn-mBHI,103876
41,C3-e003Coalescence-mBHI-inoculumn-redo,0,1386131,D4-e003Coalescence-Inoculumn-mBHI,103876
42,B4-e003Coalescence-Inoculumn-mBHI,0,1569971,D4-e003Coalescence-Inoculumn-mBHI,103876
43,C5-e003Coalescence-Inoculumn-mGAM,1,1196374,D4-e003Coalescence-Inoculumn-mBHI,103876
44,A4-e003Coalescence-Inoculumn-mGAM,206,1498117,D4-e003Coalescence-Inoculumn-mBHI,103876
45,G10-e003Coalescence-mBHI-p1_S830,2,2428880,D4-e003Coalescence-Inoculumn-mBHI,103876
46,Coalescence-F2-E10-AA-AE-mGAM-mBHI-3_S681,62,1470280,D4-e003Coalescence-Inoculumn-mBHI,103876
47,Coalescence-E5-C4-AE-AE-mBHI-mBHI-3_S672,0,2530214,D4-e003Coalescence-Inoculumn-mBHI,103876
48,Coalescence-A12-D11-AF-AF-mGAM-mBHI-7_S631,69,1874895,D4-e003Coalescence-Inoculumn-mBHI,103876
49,Coalescence-E8-D11-AF-AF-mGAM-mBHI-3_S675,76,1958325,D4-e003Coalescence-Inoculumn-mBHI,103876
50,Coalescence-A10-C11-AE-AF-mGAM-mBHI-7_S629,121,2451568,D4-e003Coalescence-Inoculumn-mBHI,103876
51,Assembly-G5-C10-AE-mGAM-5_S696,1,2151131,D4-e003Coalescence-Inoculumn-mBHI,103876
52,D_F11_e003Assembly_S359,2,1852547,D4-e003Coalescence-Inoculumn-mBHI,103876
53,C_C2_e003Assembly_S218,0,2486586,D4-e003Coalescence-Inoculumn-mBHI,103876
0,A_C5_C8_AA_AE_mGAM_mBHI_2_S29,12,1240202,C3-e003Coalescence-mBHI-inoculumn-redo,103876
1,A_C8_C11_AF_AE_mGAM_mBHI_2_S32,2,2148058,C3-e003Coalescence-mBHI-inoculumn-redo,103876
2,A_C11_C4_AE_AE_mBHI_mBHI_4_S35,1,2544423,C3-e003Coalescence-mBHI-inoculumn-redo,103876
3,A_C12_C5_AF_AE_mBHI_mBHI_4_S36,36,1318209,C3-e003Coalescence-mBHI-inoculumn-redo,103876
4,B_A7_E10_AE_AA_mGAM_mBHI_2_S103,67,1585269,C3-e003Coalescence-mBHI-inoculumn-redo,103876
5,B_C7_G10_AE_AE_mGAM_mBHI_2_S127,1,2297583,C3-e003Coalescence-mBHI-inoculumn-redo,103876
6,B_C11_C10_AE_AE_mGAM_mBHI_4_S131,1,2142327,C3-e003Coalescence-mBHI-inoculumn-redo,103876
7,B_G7_G10_AE_AE_mGAM_mGAM_2_S175,1,2129061,C3-e003Coalescence-mBHI-inoculumn-redo,103876
8,B_G11_C10_AE_AE_mGAM_mGAM_4_S179,1,1605800,C3-e003Coalescence-mBHI-inoculumn-redo,103876
9,C_C3_C4_AE_AE_mBHI_mBHI_6_S219,2,2333234,C3-e003Coalescence-mBHI-inoculumn-redo,103876
10,C_C5_C8_AA_AE_mGAM_mBHI_6_S221,4844,983611,C3-e003Coalescence-mBHI-inoculumn-redo,103876
11,C_C7_C10_AE_AE_mGAM_mBHI_6_S223,1,2496763,C3-e003Coalescence-mBHI-inoculumn-redo,103876
12,C_C8_C11_AF_AE_mGAM_mBHI_6_S224,104,2423530,C3-e003Coalescence-mBHI-inoculumn-redo,103876
13,C_C11_G4_AE_AE_mBHI_mBHI_4_S227,0,2284384,C3-e003Coalescence-mBHI-inoculumn-redo,103876
14,C_H12_H5_AF_AF_mBHI_mGAM_4_S288,66,2152529,C3-e003Coalescence-mBHI-inoculumn-redo,103876
15,D_A6_A9_ACPP_AA_mGAM_mBHI_6_S294,14,1982379,C3-e003Coalescence-mBHI-inoculumn-redo,103876
16,D_A7_A10_AE_AA_mGAM_mBHI_6_S295,4381,1410130,C3-e003Coalescence-mBHI-inoculumn-redo,103876
17,D_C3_C4_AE_AE_mBHI_mBHI_6_S315,0,1938021,C3-e003Coalescence-mBHI-inoculumn-redo,103876
18,D_C6_C9_ACPP_AE_mGAM_mBHI_6_S318,1,2546864,C3-e003Coalescence-mBHI-inoculumn-redo,103876
19,D_C7_C10_AE_AE_mGAM_mBHI_6_S319,1,2486700,C3-e003Coalescence-mBHI-inoculumn-redo,103876
20,D_C8_C11_AF_AE_mGAM_mBHI_6_S320,82,2295176,C3-e003Coalescence-mBHI-inoculumn-redo,103876
21,D_C11_G10_AE_AE_mGAM_mBHI_4_S323,1,2482678,C3-e003Coalescence-mBHI-inoculumn-redo,103876
22,D_G3_C4_AE_AE_mBHI_mGAM_6_S363,1,1654388,C3-e003Coalescence-mBHI-inoculumn-redo,103876
23,D_G6_C9_ACPP_AE_mGAM_mGAM_6_S366,1,2300167,C3-e003Coalescence-mBHI-inoculumn-redo,103876
24,C10-e003Coalescence-mBHI-p7,3,2135952,C3-e003Coalescence-mBHI-inoculumn-redo,103876
25,C11-e003Coalescence-mBHI-p5,74,2002690,C3-e003Coalescence-mBHI-inoculumn-redo,103876
26,C10-e003Coalescence-mBHI-p5,4,2385009,C3-e003Coalescence-mBHI-inoculumn-redo,103876
27,C8-e003Coalescence-mBHI-p5,2278,1198645,C3-e003Coalescence-mBHI-inoculumn-redo,103876
28,C4-e003Coalescence-mBHI-p5,2,2502890,C3-e003Coalescence-mBHI-inoculumn-redo,103876
29,C10-e003Coalescence-mGAM-p7,3,2061650,C3-e003Coalescence-mBHI-inoculumn-redo,103876
30,C10-e003Coalescence-mBHI-p3,3,2460943,C3-e003Coalescence-mBHI-inoculumn-redo,103876
31,G4-e003Coalescence-mBHI-p5_S27,0,1919003,C3-e003Coalescence-mBHI-inoculumn-redo,103876
32,G111-e003Coalescence-mBHI-p5_S32,49,1391982,C3-e003Coalescence-mBHI-inoculumn-redo,103876
33,G100-e003Coalescence-mBHI-p5_S31,0,2324546,C3-e003Coalescence-mBHI-inoculumn-redo,103876
34,G4-e003Coalescence-mBHI-p3_S35,1,2069895,C3-e003Coalescence-mBHI-inoculumn-redo,103876
35,G4-e003Coalescence-mGAM-p5_S75,2,1366979,C3-e003Coalescence-mBHI-inoculumn-redo,103876
36,G4-e003Coalescence-mGAM-p3_S83,2,1423657,C3-e003Coalescence-mBHI-inoculumn-redo,103876
37,G4-e003Coalescence-mBHI-p7_S123,0,1756502,C3-e003Coalescence-mBHI-inoculumn-redo,103876
38,G100-e003Coalescence-mBHI-p7_S127,0,1668930,C3-e003Coalescence-mBHI-inoculumn-redo,103876
39,C5-e003Coalescence-mBHI-inoculumn-redo,0,1580573,C3-e003Coalescence-mBHI-inoculumn-redo,103876
40,D4-e003Coalescence-Inoculumn-mBHI,0,1905366,C3-e003Coalescence-mBHI-inoculumn-redo,103876
41,C3-e003Coalescence-mBHI-inoculumn-redo,0,1386131,C3-e003Coalescence-mBHI-inoculumn-redo,103876
42,B4-e003Coalescence-Inoculumn-mBHI,1,1569971,C3-e003Coalescence-mBHI-inoculumn-redo,103876
43,C5-e003Coalescence-Inoculumn-mGAM,0,1196374,C3-e003Coalescence-mBHI-inoculumn-redo,103876
44,A4-e003Coalescence-Inoculumn-mGAM,111,1498117,C3-e003Coalescence-mBHI-inoculumn-redo,103876
45,G10-e003Coalescence-mBHI-p1_S830,1,2428880,C3-e003Coalescence-mBHI-inoculumn-redo,103876
46,Coalescence-F2-E10-AA-AE-mGAM-mBHI-3_S681,55,1470280,C3-e003Coalescence-mBHI-inoculumn-redo,103876
47,Coalescence-E5-C4-AE-AE-mBHI-mBHI-3_S672,1,2530214,C3-e003Coalescence-mBHI-inoculumn-redo,103876
48,Coalescence-A12-D11-AF-AF-mGAM-mBHI-7_S631,65,1874895,C3-e003Coalescence-mBHI-inoculumn-redo,103876
49,Coalescence-E8-D11-AF-AF-mGAM-mBHI-3_S675,78,1958325,C3-e003Coalescence-mBHI-inoculumn-redo,103876
50,Coalescence-A10-C11-AE-AF-mGAM-mBHI-7_S629,105,2451568,C3-e003Coalescence-mBHI-inoculumn-redo,103876
51,Assembly-G5-C10-AE-mGAM-5_S696,0,2151131,C3-e003Coalescence-mBHI-inoculumn-redo,103876
52,D_F11_e003Assembly_S359,2,1852547,C3-e003Coalescence-mBHI-inoculumn-redo,103876
53,C_C2_e003Assembly_S218,0,2486586,C3-e003Coalescence-mBHI-inoculumn-redo,103876
0,A_C5_C8_AA_AE_mGAM_mBHI_2_S29,17,1240202,B4-e003Coalescence-Inoculumn-mBHI,103876
1,A_C8_C11_AF_AE_mGAM_mBHI_2_S32,6,2148058,B4-e003Coalescence-Inoculumn-mBHI,103876
2,A_C11_C4_AE_AE_mBHI_mBHI_4_S35,1,2544423,B4-e003Coalescence-Inoculumn-mBHI,103876
3,A_C12_C5_AF_AE_mBHI_mBHI_4_S36,40,1318209,B4-e003Coalescence-Inoculumn-mBHI,103876
4,B_A7_E10_AE_AA_mGAM_mBHI_2_S103,66,1585269,B4-e003Coalescence-Inoculumn-mBHI,103876
5,B_C7_G10_AE_AE_mGAM_mBHI_2_S127,6,2297583,B4-e003Coalescence-Inoculumn-mBHI,103876
6,B_C11_C10_AE_AE_mGAM_mBHI_4_S131,6,2142327,B4-e003Coalescence-Inoculumn-mBHI,103876
7,B_G7_G10_AE_AE_mGAM_mGAM_2_S175,6,2129061,B4-e003Coalescence-Inoculumn-mBHI,103876
8,B_G11_C10_AE_AE_mGAM_mGAM_4_S179,5,1605800,B4-e003Coalescence-Inoculumn-mBHI,103876
9,C_C3_C4_AE_AE_mBHI_mBHI_6_S219,6,2333234,B4-e003Coalescence-Inoculumn-mBHI,103876
10,C_C5_C8_AA_AE_mGAM_mBHI_6_S221,5436,983611,B4-e003Coalescence-Inoculumn-mBHI,103876
11,C_C7_C10_AE_AE_mGAM_mBHI_6_S223,6,2496763,B4-e003Coalescence-Inoculumn-mBHI,103876
12,C_C8_C11_AF_AE_mGAM_mBHI_6_S224,127,2423530,B4-e003Coalescence-Inoculumn-mBHI,103876
13,C_C11_G4_AE_AE_mBHI_mBHI_4_S227,1,2284384,B4-e003Coalescence-Inoculumn-mBHI,103876
14,C_H12_H5_AF_AF_mBHI_mGAM_4_S288,80,2152529,B4-e003Coalescence-Inoculumn-mBHI,103876
15,D_A6_A9_ACPP_AA_mGAM_mBHI_6_S294,20,1982379,B4-e003Coalescence-Inoculumn-mBHI,103876
16,D_A7_A10_AE_AA_mGAM_mBHI_6_S295,4924,1410130,B4-e003Coalescence-Inoculumn-mBHI,103876
17,D_C3_C4_AE_AE_mBHI_mBHI_6_S315,1,1938021,B4-e003Coalescence-Inoculumn-mBHI,103876
18,D_C6_C9_ACPP_AE_mGAM_mBHI_6_S318,6,2546864,B4-e003Coalescence-Inoculumn-mBHI,103876
19,D_C7_C10_AE_AE_mGAM_mBHI_6_S319,6,2486700,B4-e003Coalescence-Inoculumn-mBHI,103876
20,D_C8_C11_AF_AE_mGAM_mBHI_6_S320,97,2295176,B4-e003Coalescence-Inoculumn-mBHI,103876
21,D_C11_G10_AE_AE_mGAM_mBHI_4_S323,6,2482678,B4-e003Coalescence-Inoculumn-mBHI,103876
22,D_G3_C4_AE_AE_mBHI_mGAM_6_S363,3,1654388,B4-e003Coalescence-Inoculumn-mBHI,103876
23,D_G6_C9_ACPP_AE_mGAM_mGAM_6_S366,6,2300167,B4-e003Coalescence-Inoculumn-mBHI,103876
24,C10-e003Coalescence-mBHI-p7,4,2135952,B4-e003Coalescence-Inoculumn-mBHI,103876
25,C11-e003Coalescence-mBHI-p5,94,2002690,B4-e003Coalescence-Inoculumn-mBHI,103876
26,C10-e003Coalescence-mBHI-p5,5,2385009,B4-e003Coalescence-Inoculumn-mBHI,103876
27,C8-e003Coalescence-mBHI-p5,2652,1198645,B4-e003Coalescence-Inoculumn-mBHI,103876
28,C4-e003Coalescence-mBHI-p5,3,2502890,B4-e003Coalescence-Inoculumn-mBHI,103876
29,C10-e003Coalescence-mGAM-p7,5,2061650,B4-e003Coalescence-Inoculumn-mBHI,103876
30,C10-e003Coalescence-mBHI-p3,5,2460943,B4-e003Coalescence-Inoculumn-mBHI,103876
31,G4-e003Coalescence-mBHI-p5_S27,1,1919003,B4-e003Coalescence-Inoculumn-mBHI,103876
32,G111-e003Coalescence-mBHI-p5_S32,57,1391982,B4-e003Coalescence-Inoculumn-mBHI,103876
33,G100-e003Coalescence-mBHI-p5_S31,5,2324546,B4-e003Coalescence-Inoculumn-mBHI,103876
34,G4-e003Coalescence-mBHI-p3_S35,1,2069895,B4-e003Coalescence-Inoculumn-mBHI,103876
35,G4-e003Coalescence-mGAM-p5_S75,3,1366979,B4-e003Coalescence-Inoculumn-mBHI,103876
36,G4-e003Coalescence-mGAM-p3_S83,4,1423657,B4-e003Coalescence-Inoculumn-mBHI,103876
37,G4-e003Coalescence-mBHI-p7_S123,0,1756502,B4-e003Coalescence-Inoculumn-mBHI,103876
38,G100-e003Coalescence-mBHI-p7_S127,4,1668930,B4-e003Coalescence-Inoculumn-mBHI,103876
39,C5-e003Coalescence-mBHI-inoculumn-redo,5,1580573,B4-e003Coalescence-Inoculumn-mBHI,103876
40,D4-e003Coalescence-Inoculumn-mBHI,0,1905366,B4-e003Coalescence-Inoculumn-mBHI,103876
41,C3-e003Coalescence-mBHI-inoculumn-redo,1,1386131,B4-e003Coalescence-Inoculumn-mBHI,103876
42,B4-e003Coalescence-Inoculumn-mBHI,0,1569971,B4-e003Coalescence-Inoculumn-mBHI,103876
43,C5-e003Coalescence-Inoculumn-mGAM,1,1196374,B4-e003Coalescence-Inoculumn-mBHI,103876
44,A4-e003Coalescence-Inoculumn-mGAM,187,1498117,B4-e003Coalescence-Inoculumn-mBHI,103876
45,G10-e003Coalescence-mBHI-p1_S830,4,2428880,B4-e003Coalescence-Inoculumn-mBHI,103876
46,Coalescence-F2-E10-AA-AE-mGAM-mBHI-3_S681,78,1470280,B4-e003Coalescence-Inoculumn-mBHI,103876
47,Coalescence-E5-C4-AE-AE-mBHI-mBHI-3_S672,2,2530214,B4-e003Coalescence-Inoculumn-mBHI,103876
48,Coalescence-A12-D11-AF-AF-mGAM-mBHI-7_S631,81,1874895,B4-e003Coalescence-Inoculumn-mBHI,103876
49,Coalescence-E8-D11-AF-AF-mGAM-mBHI-3_S675,84,1958325,B4-e003Coalescence-Inoculumn-mBHI,103876
50,Coalescence-A10-C11-AE-AF-mGAM-mBHI-7_S629,140,2451568,B4-e003Coalescence-Inoculumn-mBHI,103876
51,Assembly-G5-C10-AE-mGAM-5_S696,5,2151131,B4-e003Coalescence-Inoculumn-mBHI,103876
52,D_F11_e003Assembly_S359,4,1852547,B4-e003Coalescence-Inoculumn-mBHI,103876
53,C_C2_e003Assembly_S218,2,2486586,B4-e003Coalescence-Inoculumn-mBHI,103876
0,A_C5_C8_AA_AE_mGAM_mBHI_2_S29,17,1240202,C5-e003Coalescence-Inoculumn-mGAM,103876
1,A_C8_C11_AF_AE_mGAM_mBHI_2_S32,0,2148058,C5-e003Coalescence-Inoculumn-mGAM,103876
2,A_C11_C4_AE_AE_mBHI_mBHI_4_S35,0,2544423,C5-e003Coalescence-Inoculumn-mGAM,103876
3,A_C12_C5_AF_AE_mBHI_mBHI_4_S36,29,1318209,C5-e003Coalescence-Inoculumn-mGAM,103876
4,B_A7_E10_AE_AA_mGAM_mBHI_2_S103,47,1585269,C5-e003Coalescence-Inoculumn-mGAM,103876
5,B_C7_G10_AE_AE_mGAM_mBHI_2_S127,0,2297583,C5-e003Coalescence-Inoculumn-mGAM,103876
6,B_C11_C10_AE_AE_mGAM_mBHI_4_S131,0,2142327,C5-e003Coalescence-Inoculumn-mGAM,103876
7,B_G7_G10_AE_AE_mGAM_mGAM_2_S175,0,2129061,C5-e003Coalescence-Inoculumn-mGAM,103876
8,B_G11_C10_AE_AE_mGAM_mGAM_4_S179,0,1605800,C5-e003Coalescence-Inoculumn-mGAM,103876
9,C_C3_C4_AE_AE_mBHI_mBHI_6_S219,1,2333234,C5-e003Coalescence-Inoculumn-mGAM,103876
10,C_C5_C8_AA_AE_mGAM_mBHI_6_S221,4168,983611,C5-e003Coalescence-Inoculumn-mGAM,103876
11,C_C7_C10_AE_AE_mGAM_mBHI_6_S223,0,2496763,C5-e003Coalescence-Inoculumn-mGAM,103876
12,C_C8_C11_AF_AE_mGAM_mBHI_6_S224,75,2423530,C5-e003Coalescence-Inoculumn-mGAM,103876
13,C_C11_G4_AE_AE_mBHI_mBHI_4_S227,0,2284384,C5-e003Coalescence-Inoculumn-mGAM,103876
14,C_H12_H5_AF_AF_mBHI_mGAM_4_S288,47,2152529,C5-e003Coalescence-Inoculumn-mGAM,103876
15,D_A6_A9_ACPP_AA_mGAM_mBHI_6_S294,17,1982379,C5-e003Coalescence-Inoculumn-mGAM,103876
16,D_A7_A10_AE_AA_mGAM_mBHI_6_S295,3782,1410130,C5-e003Coalescence-Inoculumn-mGAM,103876
17,D_C3_C4_AE_AE_mBHI_mBHI_6_S315,0,1938021,C5-e003Coalescence-Inoculumn-mGAM,103876
18,D_C6_C9_ACPP_AE_mGAM_mBHI_6_S318,0,2546864,C5-e003Coalescence-Inoculumn-mGAM,103876
19,D_C7_C10_AE_AE_mGAM_mBHI_6_S319,0,2486700,C5-e003Coalescence-Inoculumn-mGAM,103876
20,D_C8_C11_AF_AE_mGAM_mBHI_6_S320,48,2295176,C5-e003Coalescence-Inoculumn-mGAM,103876
21,D_C11_G10_AE_AE_mGAM_mBHI_4_S323,0,2482678,C5-e003Coalescence-Inoculumn-mGAM,103876
22,D_G3_C4_AE_AE_mBHI_mGAM_6_S363,0,1654388,C5-e003Coalescence-Inoculumn-mGAM,103876
23,D_G6_C9_ACPP_AE_mGAM_mGAM_6_S366,0,2300167,C5-e003Coalescence-Inoculumn-mGAM,103876
24,C10-e003Coalescence-mBHI-p7,0,2135952,C5-e003Coalescence-Inoculumn-mGAM,103876
25,C11-e003Coalescence-mBHI-p5,53,2002690,C5-e003Coalescence-Inoculumn-mGAM,103876
26,C10-e003Coalescence-mBHI-p5,0,2385009,C5-e003Coalescence-Inoculumn-mGAM,103876
27,C8-e003Coalescence-mBHI-p5,2003,1198645,C5-e003Coalescence-Inoculumn-mGAM,103876
28,C4-e003Coalescence-mBHI-p5,0,2502890,C5-e003Coalescence-Inoculumn-mGAM,103876
29,C10-e003Coalescence-mGAM-p7,0,2061650,C5-e003Coalescence-Inoculumn-mGAM,103876
30,C10-e003Coalescence-mBHI-p3,1,2460943,C5-e003Coalescence-Inoculumn-mGAM,103876
31,G4-e003Coalescence-mBHI-p5_S27,1,1919003,C5-e003Coalescence-Inoculumn-mGAM,103876
32,G111-e003Coalescence-mBHI-p5_S32,36,1391982,C5-e003Coalescence-Inoculumn-mGAM,103876
33,G100-e003Coalescence-mBHI-p5_S31,0,2324546,C5-e003Coalescence-Inoculumn-mGAM,103876
34,G4-e003Coalescence-mBHI-p3_S35,2,2069895,C5-e003Coalescence-Inoculumn-mGAM,103876
35,G4-e003Coalescence-mGAM-p5_S75,0,1366979,C5-e003Coalescence-Inoculumn-mGAM,103876
36,G4-e003Coalescence-mGAM-p3_S83,1,1423657,C5-e003Coalescence-Inoculumn-mGAM,103876
37,G4-e003Coalescence-mBHI-p7_S123,0,1756502,C5-e003Coalescence-Inoculumn-mGAM,103876
38,G100-e003Coalescence-mBHI-p7_S127,0,1668930,C5-e003Coalescence-Inoculumn-mGAM,103876
39,C5-e003Coalescence-mBHI-inoculumn-redo,1,1580573,C5-e003Coalescence-Inoculumn-mGAM,103876
40,D4-e003Coalescence-Inoculumn-mBHI,1,1905366,C5-e003Coalescence-Inoculumn-mGAM,103876
41,C3-e003Coalescence-mBHI-inoculumn-redo,0,1386131,C5-e003Coalescence-Inoculumn-mGAM,103876
42,B4-e003Coalescence-Inoculumn-mBHI,1,1569971,C5-e003Coalescence-Inoculumn-mGAM,103876
43,C5-e003Coalescence-Inoculumn-mGAM,0,1196374,C5-e003Coalescence-Inoculumn-mGAM,103876
44,A4-e003Coalescence-Inoculumn-mGAM,126,1498117,C5-e003Coalescence-Inoculumn-mGAM,103876
45,G10-e003Coalescence-mBHI-p1_S830,0,2428880,C5-e003Coalescence-Inoculumn-mGAM,103876
46,Coalescence-F2-E10-AA-AE-mGAM-mBHI-3_S681,42,1470280,C5-e003Coalescence-Inoculumn-mGAM,103876
47,Coalescence-E5-C4-AE-AE-mBHI-mBHI-3_S672,0,2530214,C5-e003Coalescence-Inoculumn-mGAM,103876
48,Coalescence-A12-D11-AF-AF-mGAM-mBHI-7_S631,45,1874895,C5-e003Coalescence-Inoculumn-mGAM,103876
49,Coalescence-E8-D11-AF-AF-mGAM-mBHI-3_S675,55,1958325,C5-e003Coalescence-Inoculumn-mGAM,103876
50,Coalescence-A10-C11-AE-AF-mGAM-mBHI-7_S629,76,2451568,C5-e003Coalescence-Inoculumn-mGAM,103876
51,Assembly-G5-C10-AE-mGAM-5_S696,0,2151131,C5-e003Coalescence-Inoculumn-mGAM,103876
52,D_F11_e003Assembly_S359,1,1852547,C5-e003Coalescence-Inoculumn-mGAM,103876
53,C_C2_e003Assembly_S218,2,2486586,C5-e003Coalescence-Inoculumn-mGAM,103876
0,A_C5_C8_AA_AE_mGAM_mBHI_2_S29,103,1240202,A4-e003Coalescence-Inoculumn-mGAM,103876
1,A_C8_C11_AF_AE_mGAM_mBHI_2_S32,231,2148058,A4-e003Coalescence-Inoculumn-mGAM,103876
2,A_C11_C4_AE_AE_mBHI_mBHI_4_S35,272,2544423,A4-e003Coalescence-Inoculumn-mGAM,103876
3,A_C12_C5_AF_AE_mBHI_mBHI_4_S36,172,1318209,A4-e003Coalescence-Inoculumn-mGAM,103876
4,B_A7_E10_AE_AA_mGAM_mBHI_2_S103,152,1585269,A4-e003Coalescence-Inoculumn-mGAM,103876
5,B_C7_G10_AE_AE_mGAM_mBHI_2_S127,242,2297583,A4-e003Coalescence-Inoculumn-mGAM,103876
6,B_C11_C10_AE_AE_mGAM_mBHI_4_S131,231,2142327,A4-e003Coalescence-Inoculumn-mGAM,103876
7,B_G7_G10_AE_AE_mGAM_mGAM_2_S175,210,2129061,A4-e003Coalescence-Inoculumn-mGAM,103876
8,B_G11_C10_AE_AE_mGAM_mGAM_4_S179,172,1605800,A4-e003Coalescence-Inoculumn-mGAM,103876
9,C_C3_C4_AE_AE_mBHI_mBHI_6_S219,255,2333234,A4-e003Coalescence-Inoculumn-mGAM,103876
10,C_C5_C8_AA_AE_mGAM_mBHI_6_S221,3124,983611,A4-e003Coalescence-Inoculumn-mGAM,103876
11,C_C7_C10_AE_AE_mGAM_mBHI_6_S223,273,2496763,A4-e003Coalescence-Inoculumn-mGAM,103876
12,C_C8_C11_AF_AE_mGAM_mBHI_6_S224,376,2423530,A4-e003Coalescence-Inoculumn-mGAM,103876
13,C_C11_G4_AE_AE_mBHI_mBHI_4_S227,240,2284384,A4-e003Coalescence-Inoculumn-mGAM,103876
14,C_H12_H5_AF_AF_mBHI_mGAM_4_S288,318,2152529,A4-e003Coalescence-Inoculumn-mGAM,103876
15,D_A6_A9_ACPP_AA_mGAM_mBHI_6_S294,129,1982379,A4-e003Coalescence-Inoculumn-mGAM,103876
16,D_A7_A10_AE_AA_mGAM_mBHI_6_S295,2868,1410130,A4-e003Coalescence-Inoculumn-mGAM,103876
17,D_C3_C4_AE_AE_mBHI_mBHI_6_S315,215,1938021,A4-e003Coalescence-Inoculumn-mGAM,103876
18,D_C6_C9_ACPP_AE_mGAM_mBHI_6_S318,277,2546864,A4-e003Coalescence-Inoculumn-mGAM,103876
19,D_C7_C10_AE_AE_mGAM_mBHI_6_S319,271,2486700,A4-e003Coalescence-Inoculumn-mGAM,103876
20,D_C8_C11_AF_AE_mGAM_mBHI_6_S320,333,2295176,A4-e003Coalescence-Inoculumn-mGAM,103876
21,D_C11_G10_AE_AE_mGAM_mBHI_4_S323,267,2482678,A4-e003Coalescence-Inoculumn-mGAM,103876
22,D_G3_C4_AE_AE_mBHI_mGAM_6_S363,177,1654388,A4-e003Coalescence-Inoculumn-mGAM,103876
23,D_G6_C9_ACPP_AE_mGAM_mGAM_6_S366,242,2300167,A4-e003Coalescence-Inoculumn-mGAM,103876
24,C10-e003Coalescence-mBHI-p7,232,2135952,A4-e003Coalescence-Inoculumn-mGAM,103876
25,C11-e003Coalescence-mBHI-p5,309,2002690,A4-e003Coalescence-Inoculumn-mGAM,103876
26,C10-e003Coalescence-mBHI-p5,260,2385009,A4-e003Coalescence-Inoculumn-mGAM,103876
27,C8-e003Coalescence-mBHI-p5,1478,1198645,A4-e003Coalescence-Inoculumn-mGAM,103876
28,C4-e003Coalescence-mBHI-p5,272,2502890,A4-e003Coalescence-Inoculumn-mGAM,103876
29,C10-e003Coalescence-mGAM-p7,232,2061650,A4-e003Coalescence-Inoculumn-mGAM,103876
30,C10-e003Coalescence-mBHI-p3,258,2460943,A4-e003Coalescence-Inoculumn-mGAM,103876
31,G4-e003Coalescence-mBHI-p5_S27,224,1919003,A4-e003Coalescence-Inoculumn-mGAM,103876
32,G111-e003Coalescence-mBHI-p5_S32,196,1391982,A4-e003Coalescence-Inoculumn-mGAM,103876
33,G100-e003Coalescence-mBHI-p5_S31,240,2324546,A4-e003Coalescence-Inoculumn-mGAM,103876
34,G4-e003Coalescence-mBHI-p3_S35,221,2069895,A4-e003Coalescence-Inoculumn-mGAM,103876
35,G4-e003Coalescence-mGAM-p5_S75,124,1366979,A4-e003Coalescence-Inoculumn-mGAM,103876
36,G4-e003Coalescence-mGAM-p3_S83,133,1423657,A4-e003Coalescence-Inoculumn-mGAM,103876
37,G4-e003Coalescence-mBHI-p7_S123,176,1756502,A4-e003Coalescence-Inoculumn-mGAM,103876
38,G100-e003Coalescence-mBHI-p7_S127,204,1668930,A4-e003Coalescence-Inoculumn-mGAM,103876
39,C5-e003Coalescence-mBHI-inoculumn-redo,190,1580573,A4-e003Coalescence-Inoculumn-mGAM,103876
40,D4-e003Coalescence-Inoculumn-mBHI,206,1905366,A4-e003Coalescence-Inoculumn-mGAM,103876
41,C3-e003Coalescence-mBHI-inoculumn-redo,111,1386131,A4-e003Coalescence-Inoculumn-mGAM,103876
42,B4-e003Coalescence-Inoculumn-mBHI,187,1569971,A4-e003Coalescence-Inoculumn-mGAM,103876
43,C5-e003Coalescence-Inoculumn-mGAM,126,1196374,A4-e003Coalescence-Inoculumn-mGAM,103876
44,A4-e003Coalescence-Inoculumn-mGAM,0,1498117,A4-e003Coalescence-Inoculumn-mGAM,103876
45,G10-e003Coalescence-mBHI-p1_S830,262,2428880,A4-e003Coalescence-Inoculumn-mGAM,103876
46,Coalescence-F2-E10-AA-AE-mGAM-mBHI-3_S681,111,1470280,A4-e003Coalescence-Inoculumn-mGAM,103876
47,Coalescence-E5-C4-AE-AE-mBHI-mBHI-3_S672,270,2530214,A4-e003Coalescence-Inoculumn-mGAM,103876
48,Coalescence-A12-D11-AF-AF-mGAM-mBHI-7_S631,243,1874895,A4-e003Coalescence-Inoculumn-mGAM,103876
49,Coalescence-E8-D11-AF-AF-mGAM-mBHI-3_S675,266,1958325,A4-e003Coalescence-Inoculumn-mGAM,103876
50,Coalescence-A10-C11-AE-AF-mGAM-mBHI-7_S629,386,2451568,A4-e003Coalescence-Inoculumn-mGAM,103876
51,Assembly-G5-C10-AE-mGAM-5_S696,224,2151131,A4-e003Coalescence-Inoculumn-mGAM,103876
52,D_F11_e003Assembly_S359,195,1852547,A4-e003Coalescence-Inoculumn-mGAM,103876
53,C_C2_e003Assembly_S218,261,2486586,A4-e003Coalescence-Inoculumn-mGAM,103876
0,A_C5_C8_AA_AE_mGAM_mBHI_2_S29,17,1240202,G10-e003Coalescence-mBHI-p1_S830,103876
1,A_C8_C11_AF_AE_mGAM_mBHI_2_S32,1,2148058,G10-e003Coalescence-mBHI-p1_S830,103876
2,A_C11_C4_AE_AE_mBHI_mBHI_4_S35,0,2544423,G10-e003Coalescence-mBHI-p1_S830,103876
3,A_C12_C5_AF_AE_mBHI_mBHI_4_S36,69,1318209,G10-e003Coalescence-mBHI-p1_S830,103876
4,B_A7_E10_AE_AA_mGAM_mBHI_2_S103,97,1585269,G10-e003Coalescence-mBHI-p1_S830,103876
5,B_C7_G10_AE_AE_mGAM_mBHI_2_S127,0,2297583,G10-e003Coalescence-mBHI-p1_S830,103876
6,B_C11_C10_AE_AE_mGAM_mBHI_4_S131,0,2142327,G10-e003Coalescence-mBHI-p1_S830,103876
7,B_G7_G10_AE_AE_mGAM_mGAM_2_S175,0,2129061,G10-e003Coalescence-mBHI-p1_S830,103876
8,B_G11_C10_AE_AE_mGAM_mGAM_4_S179,0,1605800,G10-e003Coalescence-mBHI-p1_S830,103876
9,C_C3_C4_AE_AE_mBHI_mBHI_6_S219,2,2333234,G10-e003Coalescence-mBHI-p1_S830,103876
10,C_C5_C8_AA_AE_mGAM_mBHI_6_S221,8277,983611,G10-e003Coalescence-mBHI-p1_S830,103876
11,C_C7_C10_AE_AE_mGAM_mBHI_6_S223,0,2496763,G10-e003Coalescence-mBHI-p1_S830,103876
12,C_C8_C11_AF_AE_mGAM_mBHI_6_S224,180,2423530,G10-e003Coalescence-mBHI-p1_S830,103876
13,C_C11_G4_AE_AE_mBHI_mBHI_4_S227,1,2284384,G10-e003Coalescence-mBHI-p1_S830,103876
14,C_H12_H5_AF_AF_mBHI_mGAM_4_S288,117,2152529,G10-e003Coalescence-mBHI-p1_S830,103876
15,D_A6_A9_ACPP_AA_mGAM_mBHI_6_S294,27,1982379,G10-e003Coalescence-mBHI-p1_S830,103876
16,D_A7_A10_AE_AA_mGAM_mBHI_6_S295,7619,1410130,G10-e003Coalescence-mBHI-p1_S830,103876
17,D_C3_C4_AE_AE_mBHI_mBHI_6_S315,3,1938021,G10-e003Coalescence-mBHI-p1_S830,103876
18,D_C6_C9_ACPP_AE_mGAM_mBHI_6_S318,0,2546864,G10-e003Coalescence-mBHI-p1_S830,103876
19,D_C7_C10_AE_AE_mGAM_mBHI_6_S319,0,2486700,G10-e003Coalescence-mBHI-p1_S830,103876
20,D_C8_C11_AF_AE_mGAM_mBHI_6_S320,140,2295176,G10-e003Coalescence-mBHI-p1_S830,103876
21,D_C11_G10_AE_AE_mGAM_mBHI_4_S323,0,2482678,G10-e003Coalescence-mBHI-p1_S830,103876
22,D_G3_C4_AE_AE_mBHI_mGAM_6_S363,3,1654388,G10-e003Coalescence-mBHI-p1_S830,103876
23,D_G6_C9_ACPP_AE_mGAM_mGAM_6_S366,1,2300167,G10-e003Coalescence-mBHI-p1_S830,103876
24,C10-e003Coalescence-mBHI-p7,0,2135952,G10-e003Coalescence-mBHI-p1_S830,103876
25,C11-e003Coalescence-mBHI-p5,141,2002690,G10-e003Coalescence-mBHI-p1_S830,103876
26,C10-e003Coalescence-mBHI-p5,1,2385009,G10-e003Coalescence-mBHI-p1_S830,103876
27,C8-e003Coalescence-mBHI-p5,3967,1198645,G10-e003Coalescence-mBHI-p1_S830,103876
28,C4-e003Coalescence-mBHI-p5,0,2502890,G10-e003Coalescence-mBHI-p1_S830,103876
29,C10-e003Coalescence-mGAM-p7,0,2061650,G10-e003Coalescence-mBHI-p1_S830,103876
30,C10-e003Coalescence-mBHI-p3,3,2460943,G10-e003Coalescence-mBHI-p1_S830,103876
31,G4-e003Coalescence-mBHI-p5_S27,1,1919003,G10-e003Coalescence-mBHI-p1_S830,103876
32,G111-e003Coalescence-mBHI-p5_S32,86,1391982,G10-e003Coalescence-mBHI-p1_S830,103876
33,G100-e003Coalescence-mBHI-p5_S31,0,2324546,G10-e003Coalescence-mBHI-p1_S830,103876
34,G4-e003Coalescence-mBHI-p3_S35,2,2069895,G10-e003Coalescence-mBHI-p1_S830,103876
35,G4-e003Coalescence-mGAM-p5_S75,0,1366979,G10-e003Coalescence-mBHI-p1_S830,103876
36,G4-e003Coalescence-mGAM-p3_S83,1,1423657,G10-e003Coalescence-mBHI-p1_S830,103876
37,G4-e003Coalescence-mBHI-p7_S123,0,1756502,G10-e003Coalescence-mBHI-p1_S830,103876
38,G100-e003Coalescence-mBHI-p7_S127,2,1668930,G10-e003Coalescence-mBHI-p1_S830,103876
39,C5-e003Coalescence-mBHI-inoculumn-redo,2,1580573,G10-e003Coalescence-mBHI-p1_S830,103876
40,D4-e003Coalescence-Inoculumn-mBHI,2,1905366,G10-e003Coalescence-mBHI-p1_S830,103876
41,C3-e003Coalescence-mBHI-inoculumn-redo,1,1386131,G10-e003Coalescence-mBHI-p1_S830,103876
42,B4-e003Coalescence-Inoculumn-mBHI,4,1569971,G10-e003Coalescence-mBHI-p1_S830,103876
43,C5-e003Coalescence-Inoculumn-mGAM,0,1196374,G10-e003Coalescence-mBHI-p1_S830,103876
44,A4-e003Coalescence-Inoculumn-mGAM,262,1498117,G10-e003Coalescence-mBHI-p1_S830,103876
45,G10-e003Coalescence-mBHI-p1_S830,0,2428880,G10-e003Coalescence-mBHI-p1_S830,103876
46,Coalescence-F2-E10-AA-AE-mGAM-mBHI-3_S681,93,1470280,G10-e003Coalescence-mBHI-p1_S830,103876
47,Coalescence-E5-C4-AE-AE-mBHI-mBHI-3_S672,0,2530214,G10-e003Coalescence-mBHI-p1_S830,103876
48,Coalescence-A12-D11-AF-AF-mGAM-mBHI-7_S631,120,1874895,G10-e003Coalescence-mBHI-p1_S830,103876
49,Coalescence-E8-D11-AF-AF-mGAM-mBHI-3_S675,126,1958325,G10-e003Coalescence-mBHI-p1_S830,103876
50,Coalescence-A10-C11-AE-AF-mGAM-mBHI-7_S629,189,2451568,G10-e003Coalescence-mBHI-p1_S830,103876
51,Assembly-G5-C10-AE-mGAM-5_S696,0,2151131,G10-e003Coalescence-mBHI-p1_S830,103876
52,D_F11_e003Assembly_S359,1,1852547,G10-e003Coalescence-mBHI-p1_S830,103876
53,C_C2_e003Assembly_S218,5,2486586,G10-e003Coalescence-mBHI-p1_S830,103876
0,A_C5_C8_AA_AE_mGAM_mBHI_2_S29,34,1240202,Coalescence-F2-E10-AA-AE-mGAM-mBHI-3_S681,103876
1,A_C8_C11_AF_AE_mGAM_mBHI_2_S32,99,2148058,Coalescence-F2-E10-AA-AE-mGAM-mBHI-3_S681,103876
2,A_C11_C4_AE_AE_mBHI_mBHI_4_S35,102,2544423,Coalescence-F2-E10-AA-AE-mGAM-mBHI-3_S681,103876
3,A_C12_C5_AF_AE_mBHI_mBHI_4_S36,97,1318209,Coalescence-F2-E10-AA-AE-mGAM-mBHI-3_S681,103876
4,B_A7_E10_AE_AA_mGAM_mBHI_2_S103,74,1585269,Coalescence-F2-E10-AA-AE-mGAM-mBHI-3_S681,103876
5,B_C7_G10_AE_AE_mGAM_mBHI_2_S127,83,2297583,Coalescence-F2-E10-AA-AE-mGAM-mBHI-3_S681,103876
6,B_C11_C10_AE_AE_mGAM_mBHI_4_S131,83,2142327,Coalescence-F2-E10-AA-AE-mGAM-mBHI-3_S681,103876
7,B_G7_G10_AE_AE_mGAM_mGAM_2_S175,87,2129061,Coalescence-F2-E10-AA-AE-mGAM-mBHI-3_S681,103876
8,B_G11_C10_AE_AE_mGAM_mGAM_4_S179,55,1605800,Coalescence-F2-E10-AA-AE-mGAM-mBHI-3_S681,103876
9,C_C3_C4_AE_AE_mBHI_mBHI_6_S219,93,2333234,Coalescence-F2-E10-AA-AE-mGAM-mBHI-3_S681,103876
10,C_C5_C8_AA_AE_mGAM_mBHI_6_S221,3119,983611,Coalescence-F2-E10-AA-AE-mGAM-mBHI-3_S681,103876
11,C_C7_C10_AE_AE_mGAM_mBHI_6_S223,98,2496763,Coalescence-F2-E10-AA-AE-mGAM-mBHI-3_S681,103876
12,C_C8_C11_AF_AE_mGAM_mBHI_6_S224,199,2423530,Coalescence-F2-E10-AA-AE-mGAM-mBHI-3_S681,103876
13,C_C11_G4_AE_AE_mBHI_mBHI_4_S227,91,2284384,Coalescence-F2-E10-AA-AE-mGAM-mBHI-3_S681,103876
14,C_H12_H5_AF_AF_mBHI_mGAM_4_S288,140,2152529,Coalescence-F2-E10-AA-AE-mGAM-mBHI-3_S681,103876
15,D_A6_A9_ACPP_AA_mGAM_mBHI_6_S294,67,1982379,Coalescence-F2-E10-AA-AE-mGAM-mBHI-3_S681,103876
16,D_A7_A10_AE_AA_mGAM_mBHI_6_S295,2844,1410130,Coalescence-F2-E10-AA-AE-mGAM-mBHI-3_S681,103876
17,D_C3_C4_AE_AE_mBHI_mBHI_6_S315,83,1938021,Coalescence-F2-E10-AA-AE-mGAM-mBHI-3_S681,103876
18,D_C6_C9_ACPP_AE_mGAM_mBHI_6_S318,102,2546864,Coalescence-F2-E10-AA-AE-mGAM-mBHI-3_S681,103876
19,D_C7_C10_AE_AE_mGAM_mBHI_6_S319,100,2486700,Coalescence-F2-E10-AA-AE-mGAM-mBHI-3_S681,103876
20,D_C8_C11_AF_AE_mGAM_mBHI_6_S320,154,2295176,Coalescence-F2-E10-AA-AE-mGAM-mBHI-3_S681,103876
21,D_C11_G10_AE_AE_mGAM_mBHI_4_S323,101,2482678,Coalescence-F2-E10-AA-AE-mGAM-mBHI-3_S681,103876
22,D_G3_C4_AE_AE_mBHI_mGAM_6_S363,73,1654388,Coalescence-F2-E10-AA-AE-mGAM-mBHI-3_S681,103876
23,D_G6_C9_ACPP_AE_mGAM_mGAM_6_S366,94,2300167,Coalescence-F2-E10-AA-AE-mGAM-mBHI-3_S681,103876
24,C10-e003Coalescence-mBHI-p7,86,2135952,Coalescence-F2-E10-AA-AE-mGAM-mBHI-3_S681,103876
25,C11-e003Coalescence-mBHI-p5,171,2002690,Coalescence-F2-E10-AA-AE-mGAM-mBHI-3_S681,103876
26,C10-e003Coalescence-mBHI-p5,98,2385009,Coalescence-F2-E10-AA-AE-mGAM-mBHI-3_S681,103876
27,C8-e003Coalescence-mBHI-p5,1580,1198645,Coalescence-F2-E10-AA-AE-mGAM-mBHI-3_S681,103876
28,C4-e003Coalescence-mBHI-p5,99,2502890,Coalescence-F2-E10-AA-AE-mGAM-mBHI-3_S681,103876
29,C10-e003Coalescence-mGAM-p7,89,2061650,Coalescence-F2-E10-AA-AE-mGAM-mBHI-3_S681,103876
30,C10-e003Coalescence-mBHI-p3,102,2460943,Coalescence-F2-E10-AA-AE-mGAM-mBHI-3_S681,103876
31,G4-e003Coalescence-mBHI-p5_S27,83,1919003,Coalescence-F2-E10-AA-AE-mGAM-mBHI-3_S681,103876
32,G111-e003Coalescence-mBHI-p5_S32,106,1391982,Coalescence-F2-E10-AA-AE-mGAM-mBHI-3_S681,103876
33,G100-e003Coalescence-mBHI-p5_S31,96,2324546,Coalescence-F2-E10-AA-AE-mGAM-mBHI-3_S681,103876
34,G4-e003Coalescence-mBHI-p3_S35,90,2069895,Coalescence-F2-E10-AA-AE-mGAM-mBHI-3_S681,103876
35,G4-e003Coalescence-mGAM-p5_S75,60,1366979,Coalescence-F2-E10-AA-AE-mGAM-mBHI-3_S681,103876
36,G4-e003Coalescence-mGAM-p3_S83,52,1423657,Coalescence-F2-E10-AA-AE-mGAM-mBHI-3_S681,103876
37,G4-e003Coalescence-mBHI-p7_S123,68,1756502,Coalescence-F2-E10-AA-AE-mGAM-mBHI-3_S681,103876
38,G100-e003Coalescence-mBHI-p7_S127,63,1668930,Coalescence-F2-E10-AA-AE-mGAM-mBHI-3_S681,103876
39,C5-e003Coalescence-mBHI-inoculumn-redo,80,1580573,Coalescence-F2-E10-AA-AE-mGAM-mBHI-3_S681,103876
40,D4-e003Coalescence-Inoculumn-mBHI,62,1905366,Coalescence-F2-E10-AA-AE-mGAM-mBHI-3_S681,103876
41,C3-e003Coalescence-mBHI-inoculumn-redo,55,1386131,Coalescence-F2-E10-AA-AE-mGAM-mBHI-3_S681,103876
42,B4-e003Coalescence-Inoculumn-mBHI,78,1569971,Coalescence-F2-E10-AA-AE-mGAM-mBHI-3_S681,103876
43,C5-e003Coalescence-Inoculumn-mGAM,42,1196374,Coalescence-F2-E10-AA-AE-mGAM-mBHI-3_S681,103876
44,A4-e003Coalescence-Inoculumn-mGAM,111,1498117,Coalescence-F2-E10-AA-AE-mGAM-mBHI-3_S681,103876
45,G10-e003Coalescence-mBHI-p1_S830,93,2428880,Coalescence-F2-E10-AA-AE-mGAM-mBHI-3_S681,103876
46,Coalescence-F2-E10-AA-AE-mGAM-mBHI-3_S681,0,1470280,Coalescence-F2-E10-AA-AE-mGAM-mBHI-3_S681,103876
47,Coalescence-E5-C4-AE-AE-mBHI-mBHI-3_S672,102,2530214,Coalescence-F2-E10-AA-AE-mGAM-mBHI-3_S681,103876
48,Coalescence-A12-D11-AF-AF-mGAM-mBHI-7_S631,130,1874895,Coalescence-F2-E10-AA-AE-mGAM-mBHI-3_S681,103876
49,Coalescence-E8-D11-AF-AF-mGAM-mBHI-3_S675,153,1958325,Coalescence-F2-E10-AA-AE-mGAM-mBHI-3_S681,103876
50,Coalescence-A10-C11-AE-AF-mGAM-mBHI-7_S629,203,2451568,Coalescence-F2-E10-AA-AE-mGAM-mBHI-3_S681,103876
51,Assembly-G5-C10-AE-mGAM-5_S696,84,2151131,Coalescence-F2-E10-AA-AE-mGAM-mBHI-3_S681,103876
52,D_F11_e003Assembly_S359,72,1852547,Coalescence-F2-E10-AA-AE-mGAM-mBHI-3_S681,103876
53,C_C2_e003Assembly_S218,105,2486586,Coalescence-F2-E10-AA-AE-mGAM-mBHI-3_S681,103876
0,A_C5_C8_AA_AE_mGAM_mBHI_2_S29,21,1240202,Coalescence-E5-C4-AE-AE-mBHI-mBHI-3_S672,103876
1,A_C8_C11_AF_AE_mGAM_mBHI_2_S32,1,2148058,Coalescence-E5-C4-AE-AE-mBHI-mBHI-3_S672,103876
2,A_C11_C4_AE_AE_mBHI_mBHI_4_S35,0,2544423,Coalescence-E5-C4-AE-AE-mBHI-mBHI-3_S672,103876
3,A_C12_C5_AF_AE_mBHI_mBHI_4_S36,67,1318209,Coalescence-E5-C4-AE-AE-mBHI-mBHI-3_S672,103876
4,B_A7_E10_AE_AA_mGAM_mBHI_2_S103,103,1585269,Coalescence-E5-C4-AE-AE-mBHI-mBHI-3_S672,103876
5,B_C7_G10_AE_AE_mGAM_mBHI_2_S127,0,2297583,Coalescence-E5-C4-AE-AE-mBHI-mBHI-3_S672,103876
6,B_C11_C10_AE_AE_mGAM_mBHI_4_S131,0,2142327,Coalescence-E5-C4-AE-AE-mBHI-mBHI-3_S672,103876
7,B_G7_G10_AE_AE_mGAM_mGAM_2_S175,0,2129061,Coalescence-E5-C4-AE-AE-mBHI-mBHI-3_S672,103876
8,B_G11_C10_AE_AE_mGAM_mGAM_4_S179,1,1605800,Coalescence-E5-C4-AE-AE-mBHI-mBHI-3_S672,103876
9,C_C3_C4_AE_AE_mBHI_mBHI_6_S219,0,2333234,Coalescence-E5-C4-AE-AE-mBHI-mBHI-3_S672,103876
10,C_C5_C8_AA_AE_mGAM_mBHI_6_S221,8627,983611,Coalescence-E5-C4-AE-AE-mBHI-mBHI-3_S672,103876
11,C_C7_C10_AE_AE_mGAM_mBHI_6_S223,0,2496763,Coalescence-E5-C4-AE-AE-mBHI-mBHI-3_S672,103876
12,C_C8_C11_AF_AE_mGAM_mBHI_6_S224,180,2423530,Coalescence-E5-C4-AE-AE-mBHI-mBHI-3_S672,103876
13,C_C11_G4_AE_AE_mBHI_mBHI_4_S227,0,2284384,Coalescence-E5-C4-AE-AE-mBHI-mBHI-3_S672,103876
14,C_H12_H5_AF_AF_mBHI_mGAM_4_S288,111,2152529,Coalescence-E5-C4-AE-AE-mBHI-mBHI-3_S672,103876
15,D_A6_A9_ACPP_AA_mGAM_mBHI_6_S294,28,1982379,Coalescence-E5-C4-AE-AE-mBHI-mBHI-3_S672,103876
16,D_A7_A10_AE_AA_mGAM_mBHI_6_S295,7915,1410130,Coalescence-E5-C4-AE-AE-mBHI-mBHI-3_S672,103876
17,D_C3_C4_AE_AE_mBHI_mBHI_6_S315,0,1938021,Coalescence-E5-C4-AE-AE-mBHI-mBHI-3_S672,103876
18,D_C6_C9_ACPP_AE_mGAM_mBHI_6_S318,0,2546864,Coalescence-E5-C4-AE-AE-mBHI-mBHI-3_S672,103876
19,D_C7_C10_AE_AE_mGAM_mBHI_6_S319,0,2486700,Coalescence-E5-C4-AE-AE-mBHI-mBHI-3_S672,103876
20,D_C8_C11_AF_AE_mGAM_mBHI_6_S320,138,2295176,Coalescence-E5-C4-AE-AE-mBHI-mBHI-3_S672,103876
21,D_C11_G10_AE_AE_mGAM_mBHI_4_S323,0,2482678,Coalescence-E5-C4-AE-AE-mBHI-mBHI-3_S672,103876
22,D_G3_C4_AE_AE_mBHI_mGAM_6_S363,0,1654388,Coalescence-E5-C4-AE-AE-mBHI-mBHI-3_S672,103876
23,D_G6_C9_ACPP_AE_mGAM_mGAM_6_S366,0,2300167,Coalescence-E5-C4-AE-AE-mBHI-mBHI-3_S672,103876
24,C10-e003Coalescence-mBHI-p7,0,2135952,Coalescence-E5-C4-AE-AE-mBHI-mBHI-3_S672,103876
25,C11-e003Coalescence-mBHI-p5,141,2002690,Coalescence-E5-C4-AE-AE-mBHI-mBHI-3_S672,103876
26,C10-e003Coalescence-mBHI-p5,1,2385009,Coalescence-E5-C4-AE-AE-mBHI-mBHI-3_S672,103876
27,C8-e003Coalescence-mBHI-p5,4125,1198645,Coalescence-E5-C4-AE-AE-mBHI-mBHI-3_S672,103876
28,C4-e003Coalescence-mBHI-p5,2,2502890,Coalescence-E5-C4-AE-AE-mBHI-mBHI-3_S672,103876
29,C10-e003Coalescence-mGAM-p7,0,2061650,Coalescence-E5-C4-AE-AE-mBHI-mBHI-3_S672,103876
30,C10-e003Coalescence-mBHI-p3,2,2460943,Coalescence-E5-C4-AE-AE-mBHI-mBHI-3_S672,103876
31,G4-e003Coalescence-mBHI-p5_S27,0,1919003,Coalescence-E5-C4-AE-AE-mBHI-mBHI-3_S672,103876
32,G111-e003Coalescence-mBHI-p5_S32,86,1391982,Coalescence-E5-C4-AE-AE-mBHI-mBHI-3_S672,103876
33,G100-e003Coalescence-mBHI-p5_S31,0,2324546,Coalescence-E5-C4-AE-AE-mBHI-mBHI-3_S672,103876
34,G4-e003Coalescence-mBHI-p3_S35,0,2069895,Coalescence-E5-C4-AE-AE-mBHI-mBHI-3_S672,103876
35,G4-e003Coalescence-mGAM-p5_S75,1,1366979,Coalescence-E5-C4-AE-AE-mBHI-mBHI-3_S672,103876
36,G4-e003Coalescence-mGAM-p3_S83,0,1423657,Coalescence-E5-C4-AE-AE-mBHI-mBHI-3_S672,103876
37,G4-e003Coalescence-mBHI-p7_S123,0,1756502,Coalescence-E5-C4-AE-AE-mBHI-mBHI-3_S672,103876
38,G100-e003Coalescence-mBHI-p7_S127,2,1668930,Coalescence-E5-C4-AE-AE-mBHI-mBHI-3_S672,103876
39,C5-e003Coalescence-mBHI-inoculumn-redo,1,1580573,Coalescence-E5-C4-AE-AE-mBHI-mBHI-3_S672,103876
40,D4-e003Coalescence-Inoculumn-mBHI,0,1905366,Coalescence-E5-C4-AE-AE-mBHI-mBHI-3_S672,103876
41,C3-e003Coalescence-mBHI-inoculumn-redo,1,1386131,Coalescence-E5-C4-AE-AE-mBHI-mBHI-3_S672,103876
42,B4-e003Coalescence-Inoculumn-mBHI,2,1569971,Coalescence-E5-C4-AE-AE-mBHI-mBHI-3_S672,103876
43,C5-e003Coalescence-Inoculumn-mGAM,0,1196374,Coalescence-E5-C4-AE-AE-mBHI-mBHI-3_S672,103876
44,A4-e003Coalescence-Inoculumn-mGAM,270,1498117,Coalescence-E5-C4-AE-AE-mBHI-mBHI-3_S672,103876
45,G10-e003Coalescence-mBHI-p1_S830,0,2428880,Coalescence-E5-C4-AE-AE-mBHI-mBHI-3_S672,103876
46,Coalescence-F2-E10-AA-AE-mGAM-mBHI-3_S681,102,1470280,Coalescence-E5-C4-AE-AE-mBHI-mBHI-3_S672,103876
47,Coalescence-E5-C4-AE-AE-mBHI-mBHI-3_S672,0,2530214,Coalescence-E5-C4-AE-AE-mBHI-mBHI-3_S672,103876
48,Coalescence-A12-D11-AF-AF-mGAM-mBHI-7_S631,115,1874895,Coalescence-E5-C4-AE-AE-mBHI-mBHI-3_S672,103876
49,Coalescence-E8-D11-AF-AF-mGAM-mBHI-3_S675,124,1958325,Coalescence-E5-C4-AE-AE-mBHI-mBHI-3_S672,103876
50,Coalescence-A10-C11-AE-AF-mGAM-mBHI-7_S629,193,2451568,Coalescence-E5-C4-AE-AE-mBHI-mBHI-3_S672,103876
51,Assembly-G5-C10-AE-mGAM-5_S696,0,2151131,Coalescence-E5-C4-AE-AE-mBHI-mBHI-3_S672,103876
52,D_F11_e003Assembly_S359,0,1852547,Coalescence-E5-C4-AE-AE-mBHI-mBHI-3_S672,103876
53,C_C2_e003Assembly_S218,0,2486586,Coalescence-E5-C4-AE-AE-mBHI-mBHI-3_S672,103876
0,A_C5_C8_AA_AE_mGAM_mBHI_2_S29,54,1240202,Coalescence-A12-D11-AF-AF-mGAM-mBHI-7_S631,103876
1,A_C8_C11_AF_AE_mGAM_mBHI_2_S32,82,2148058,Coalescence-A12-D11-AF-AF-mGAM-mBHI-7_S631,103876
2,A_C11_C4_AE_AE_mBHI_mBHI_4_S35,113,2544423,Coalescence-A12-D11-AF-AF-mGAM-mBHI-7_S631,103876
3,A_C12_C5_AF_AE_mBHI_mBHI_4_S36,4,1318209,Coalescence-A12-D11-AF-AF-mGAM-mBHI-7_S631,103876
4,B_A7_E10_AE_AA_mGAM_mBHI_2_S103,129,1585269,Coalescence-A12-D11-AF-AF-mGAM-mBHI-7_S631,103876
5,B_C7_G10_AE_AE_mGAM_mBHI_2_S127,116,2297583,Coalescence-A12-D11-AF-AF-mGAM-mBHI-7_S631,103876
6,B_C11_C10_AE_AE_mGAM_mBHI_4_S131,107,2142327,Coalescence-A12-D11-AF-AF-mGAM-mBHI-7_S631,103876
7,B_G7_G10_AE_AE_mGAM_mGAM_2_S175,107,2129061,Coalescence-A12-D11-AF-AF-mGAM-mBHI-7_S631,103876
8,B_G11_C10_AE_AE_mGAM_mGAM_4_S179,81,1605800,Coalescence-A12-D11-AF-AF-mGAM-mBHI-7_S631,103876
9,C_C3_C4_AE_AE_mBHI_mBHI_6_S219,115,2333234,Coalescence-A12-D11-AF-AF-mGAM-mBHI-7_S631,103876
10,C_C5_C8_AA_AE_mGAM_mBHI_6_S221,6457,983611,Coalescence-A12-D11-AF-AF-mGAM-mBHI-7_S631,103876
11,C_C7_C10_AE_AE_mGAM_mBHI_6_S223,120,2496763,Coalescence-A12-D11-AF-AF-mGAM-mBHI-7_S631,103876
12,C_C8_C11_AF_AE_mGAM_mBHI_6_S224,0,2423530,Coalescence-A12-D11-AF-AF-mGAM-mBHI-7_S631,103876
13,C_C11_G4_AE_AE_mBHI_mBHI_4_S227,104,2284384,Coalescence-A12-D11-AF-AF-mGAM-mBHI-7_S631,103876
14,C_H12_H5_AF_AF_mBHI_mGAM_4_S288,5,2152529,Coalescence-A12-D11-AF-AF-mGAM-mBHI-7_S631,103876
15,D_A6_A9_ACPP_AA_mGAM_mBHI_6_S294,94,1982379,Coalescence-A12-D11-AF-AF-mGAM-mBHI-7_S631,103876
16,D_A7_A10_AE_AA_mGAM_mBHI_6_S295,5865,1410130,Coalescence-A12-D11-AF-AF-mGAM-mBHI-7_S631,103876
17,D_C3_C4_AE_AE_mBHI_mBHI_6_S315,85,1938021,Coalescence-A12-D11-AF-AF-mGAM-mBHI-7_S631,103876
18,D_C6_C9_ACPP_AE_mGAM_mBHI_6_S318,121,2546864,Coalescence-A12-D11-AF-AF-mGAM-mBHI-7_S631,103876
19,D_C7_C10_AE_AE_mGAM_mBHI_6_S319,120,2486700,Coalescence-A12-D11-AF-AF-mGAM-mBHI-7_S631,103876
20,D_C8_C11_AF_AE_mGAM_mBHI_6_S320,0,2295176,Coalescence-A12-D11-AF-AF-mGAM-mBHI-7_S631,103876
21,D_C11_G10_AE_AE_mGAM_mBHI_4_S323,118,2482678,Coalescence-A12-D11-AF-AF-mGAM-mBHI-7_S631,103876
22,D_G3_C4_AE_AE_mBHI_mGAM_6_S363,85,1654388,Coalescence-A12-D11-AF-AF-mGAM-mBHI-7_S631,103876
23,D_G6_C9_ACPP_AE_mGAM_mGAM_6_S366,116,2300167,Coalescence-A12-D11-AF-AF-mGAM-mBHI-7_S631,103876
24,C10-e003Coalescence-mBHI-p7,105,2135952,Coalescence-A12-D11-AF-AF-mGAM-mBHI-7_S631,103876
25,C11-e003Coalescence-mBHI-p5,1,2002690,Coalescence-A12-D11-AF-AF-mGAM-mBHI-7_S631,103876
26,C10-e003Coalescence-mBHI-p5,115,2385009,Coalescence-A12-D11-AF-AF-mGAM-mBHI-7_S631,103876
27,C8-e003Coalescence-mBHI-p5,3149,1198645,Coalescence-A12-D11-AF-AF-mGAM-mBHI-7_S631,103876
28,C4-e003Coalescence-mBHI-p5,111,2502890,Coalescence-A12-D11-AF-AF-mGAM-mBHI-7_S631,103876
29,C10-e003Coalescence-mGAM-p7,102,2061650,Coalescence-A12-D11-AF-AF-mGAM-mBHI-7_S631,103876
30,C10-e003Coalescence-mBHI-p3,126,2460943,Coalescence-A12-D11-AF-AF-mGAM-mBHI-7_S631,103876
31,G4-e003Coalescence-mBHI-p5_S27,77,1919003,Coalescence-A12-D11-AF-AF-mGAM-mBHI-7_S631,103876
32,G111-e003Coalescence-mBHI-p5_S32,0,1391982,Coalescence-A12-D11-AF-AF-mGAM-mBHI-7_S631,103876
33,G100-e003Coalescence-mBHI-p5_S31,109,2324546,Coalescence-A12-D11-AF-AF-mGAM-mBHI-7_S631,103876
34,G4-e003Coalescence-mBHI-p3_S35,102,2069895,Coalescence-A12-D11-AF-AF-mGAM-mBHI-7_S631,103876
35,G4-e003Coalescence-mGAM-p5_S75,62,1366979,Coalescence-A12-D11-AF-AF-mGAM-mBHI-7_S631,103876
36,G4-e003Coalescence-mGAM-p3_S83,70,1423657,Coalescence-A12-D11-AF-AF-mGAM-mBHI-7_S631,103876
37,G4-e003Coalescence-mBHI-p7_S123,85,1756502,Coalescence-A12-D11-AF-AF-mGAM-mBHI-7_S631,103876
38,G100-e003Coalescence-mBHI-p7_S127,82,1668930,Coalescence-A12-D11-AF-AF-mGAM-mBHI-7_S631,103876
39,C5-e003Coalescence-mBHI-inoculumn-redo,55,1580573,Coalescence-A12-D11-AF-AF-mGAM-mBHI-7_S631,103876
40,D4-e003Coalescence-Inoculumn-mBHI,69,1905366,Coalescence-A12-D11-AF-AF-mGAM-mBHI-7_S631,103876
41,C3-e003Coalescence-mBHI-inoculumn-redo,65,1386131,Coalescence-A12-D11-AF-AF-mGAM-mBHI-7_S631,103876
42,B4-e003Coalescence-Inoculumn-mBHI,81,1569971,Coalescence-A12-D11-AF-AF-mGAM-mBHI-7_S631,103876
43,C5-e003Coalescence-Inoculumn-mGAM,45,1196374,Coalescence-A12-D11-AF-AF-mGAM-mBHI-7_S631,103876
44,A4-e003Coalescence-Inoculumn-mGAM,243,1498117,Coalescence-A12-D11-AF-AF-mGAM-mBHI-7_S631,103876
45,G10-e003Coalescence-mBHI-p1_S830,120,2428880,Coalescence-A12-D11-AF-AF-mGAM-mBHI-7_S631,103876
46,Coalescence-F2-E10-AA-AE-mGAM-mBHI-3_S681,130,1470280,Coalescence-A12-D11-AF-AF-mGAM-mBHI-7_S631,103876
47,Coalescence-E5-C4-AE-AE-mBHI-mBHI-3_S672,115,2530214,Coalescence-A12-D11-AF-AF-mGAM-mBHI-7_S631,103876
48,Coalescence-A12-D11-AF-AF-mGAM-mBHI-7_S631,0,1874895,Coalescence-A12-D11-AF-AF-mGAM-mBHI-7_S631,103876
49,Coalescence-E8-D11-AF-AF-mGAM-mBHI-3_S675,1,1958325,Coalescence-A12-D11-AF-AF-mGAM-mBHI-7_S631,103876
50,Coalescence-A10-C11-AE-AF-mGAM-mBHI-7_S629,0,2451568,Coalescence-A12-D11-AF-AF-mGAM-mBHI-7_S631,103876
51,Assembly-G5-C10-AE-mGAM-5_S696,106,2151131,Coalescence-A12-D11-AF-AF-mGAM-mBHI-7_S631,103876
52,D_F11_e003Assembly_S359,85,1852547,Coalescence-A12-D11-AF-AF-mGAM-mBHI-7_S631,103876
53,C_C2_e003Assembly_S218,115,2486586,Coalescence-A12-D11-AF-AF-mGAM-mBHI-7_S631,103876
0,A_C5_C8_AA_AE_mGAM_mBHI_2_S29,63,1240202,Coalescence-E8-D11-AF-AF-mGAM-mBHI-3_S675,103876
1,A_C8_C11_AF_AE_mGAM_mBHI_2_S32,83,2148058,Coalescence-E8-D11-AF-AF-mGAM-mBHI-3_S675,103876
2,A_C11_C4_AE_AE_mBHI_mBHI_4_S35,125,2544423,Coalescence-E8-D11-AF-AF-mGAM-mBHI-3_S675,103876
3,A_C12_C5_AF_AE_mBHI_mBHI_4_S36,2,1318209,Coalescence-E8-D11-AF-AF-mGAM-mBHI-3_S675,103876
4,B_A7_E10_AE_AA_mGAM_mBHI_2_S103,137,1585269,Coalescence-E8-D11-AF-AF-mGAM-mBHI-3_S675,103876
5,B_C7_G10_AE_AE_mGAM_mBHI_2_S127,116,2297583,Coalescence-E8-D11-AF-AF-mGAM-mBHI-3_S675,103876
6,B_C11_C10_AE_AE_mGAM_mBHI_4_S131,115,2142327,Coalescence-E8-D11-AF-AF-mGAM-mBHI-3_S675,103876
7,B_G7_G10_AE_AE_mGAM_mGAM_2_S175,122,2129061,Coalescence-E8-D11-AF-AF-mGAM-mBHI-3_S675,103876
8,B_G11_C10_AE_AE_mGAM_mGAM_4_S179,80,1605800,Coalescence-E8-D11-AF-AF-mGAM-mBHI-3_S675,103876
9,C_C3_C4_AE_AE_mBHI_mBHI_6_S219,124,2333234,Coalescence-E8-D11-AF-AF-mGAM-mBHI-3_S675,103876
10,C_C5_C8_AA_AE_mGAM_mBHI_6_S221,6814,983611,Coalescence-E8-D11-AF-AF-mGAM-mBHI-3_S675,103876
11,C_C7_C10_AE_AE_mGAM_mBHI_6_S223,132,2496763,Coalescence-E8-D11-AF-AF-mGAM-mBHI-3_S675,103876
12,C_C8_C11_AF_AE_mGAM_mBHI_6_S224,0,2423530,Coalescence-E8-D11-AF-AF-mGAM-mBHI-3_S675,103876
13,C_C11_G4_AE_AE_mBHI_mBHI_4_S227,111,2284384,Coalescence-E8-D11-AF-AF-mGAM-mBHI-3_S675,103876
14,C_H12_H5_AF_AF_mBHI_mGAM_4_S288,3,2152529,Coalescence-E8-D11-AF-AF-mGAM-mBHI-3_S675,103876
15,D_A6_A9_ACPP_AA_mGAM_mBHI_6_S294,112,1982379,Coalescence-E8-D11-AF-AF-mGAM-mBHI-3_S675,103876
16,D_A7_A10_AE_AA_mGAM_mBHI_6_S295,6284,1410130,Coalescence-E8-D11-AF-AF-mGAM-mBHI-3_S675,103876
17,D_C3_C4_AE_AE_mBHI_mBHI_6_S315,93,1938021,Coalescence-E8-D11-AF-AF-mGAM-mBHI-3_S675,103876
18,D_C6_C9_ACPP_AE_mGAM_mBHI_6_S318,132,2546864,Coalescence-E8-D11-AF-AF-mGAM-mBHI-3_S675,103876
19,D_C7_C10_AE_AE_mGAM_mBHI_6_S319,132,2486700,Coalescence-E8-D11-AF-AF-mGAM-mBHI-3_S675,103876
20,D_C8_C11_AF_AE_mGAM_mBHI_6_S320,0,2295176,Coalescence-E8-D11-AF-AF-mGAM-mBHI-3_S675,103876
21,D_C11_G10_AE_AE_mGAM_mBHI_4_S323,127,2482678,Coalescence-E8-D11-AF-AF-mGAM-mBHI-3_S675,103876
22,D_G3_C4_AE_AE_mBHI_mGAM_6_S363,94,1654388,Coalescence-E8-D11-AF-AF-mGAM-mBHI-3_S675,103876
23,D_G6_C9_ACPP_AE_mGAM_mGAM_6_S366,129,2300167,Coalescence-E8-D11-AF-AF-mGAM-mBHI-3_S675,103876
24,C10-e003Coalescence-mBHI-p7,116,2135952,Coalescence-E8-D11-AF-AF-mGAM-mBHI-3_S675,103876
25,C11-e003Coalescence-mBHI-p5,0,2002690,Coalescence-E8-D11-AF-AF-mGAM-mBHI-3_S675,103876
26,C10-e003Coalescence-mBHI-p5,128,2385009,Coalescence-E8-D11-AF-AF-mGAM-mBHI-3_S675,103876
27,C8-e003Coalescence-mBHI-p5,3291,1198645,Coalescence-E8-D11-AF-AF-mGAM-mBHI-3_S675,103876
28,C4-e003Coalescence-mBHI-p5,127,2502890,Coalescence-E8-D11-AF-AF-mGAM-mBHI-3_S675,103876
29,C10-e003Coalescence-mGAM-p7,117,2061650,Coalescence-E8-D11-AF-AF-mGAM-mBHI-3_S675,103876
30,C10-e003Coalescence-mBHI-p3,135,2460943,Coalescence-E8-D11-AF-AF-mGAM-mBHI-3_S675,103876
31,G4-e003Coalescence-mBHI-p5_S27,89,1919003,Coalescence-E8-D11-AF-AF-mGAM-mBHI-3_S675,103876
32,G111-e003Coalescence-mBHI-p5_S32,0,1391982,Coalescence-E8-D11-AF-AF-mGAM-mBHI-3_S675,103876
33,G100-e003Coalescence-mBHI-p5_S31,123,2324546,Coalescence-E8-D11-AF-AF-mGAM-mBHI-3_S675,103876
34,G4-e003Coalescence-mBHI-p3_S35,120,2069895,Coalescence-E8-D11-AF-AF-mGAM-mBHI-3_S675,103876
35,G4-e003Coalescence-mGAM-p5_S75,73,1366979,Coalescence-E8-D11-AF-AF-mGAM-mBHI-3_S675,103876
36,G4-e003Coalescence-mGAM-p3_S83,63,1423657,Coalescence-E8-D11-AF-AF-mGAM-mBHI-3_S675,103876
37,G4-e003Coalescence-mBHI-p7_S123,99,1756502,Coalescence-E8-D11-AF-AF-mGAM-mBHI-3_S675,103876
38,G100-e003Coalescence-mBHI-p7_S127,86,1668930,Coalescence-E8-D11-AF-AF-mGAM-mBHI-3_S675,103876
39,C5-e003Coalescence-mBHI-inoculumn-redo,61,1580573,Coalescence-E8-D11-AF-AF-mGAM-mBHI-3_S675,103876
40,D4-e003Coalescence-Inoculumn-mBHI,76,1905366,Coalescence-E8-D11-AF-AF-mGAM-mBHI-3_S675,103876
41,C3-e003Coalescence-mBHI-inoculumn-redo,78,1386131,Coalescence-E8-D11-AF-AF-mGAM-mBHI-3_S675,103876
42,B4-e003Coalescence-Inoculumn-mBHI,84,1569971,Coalescence-E8-D11-AF-AF-mGAM-mBHI-3_S675,103876
43,C5-e003Coalescence-Inoculumn-mGAM,55,1196374,Coalescence-E8-D11-AF-AF-mGAM-mBHI-3_S675,103876
44,A4-e003Coalescence-Inoculumn-mGAM,266,1498117,Coalescence-E8-D11-AF-AF-mGAM-mBHI-3_S675,103876
45,G10-e003Coalescence-mBHI-p1_S830,126,2428880,Coalescence-E8-D11-AF-AF-mGAM-mBHI-3_S675,103876
46,Coalescence-F2-E10-AA-AE-mGAM-mBHI-3_S681,153,1470280,Coalescence-E8-D11-AF-AF-mGAM-mBHI-3_S675,103876
47,Coalescence-E5-C4-AE-AE-mBHI-mBHI-3_S672,124,2530214,Coalescence-E8-D11-AF-AF-mGAM-mBHI-3_S675,103876
48,Coalescence-A12-D11-AF-AF-mGAM-mBHI-7_S631,1,1874895,Coalescence-E8-D11-AF-AF-mGAM-mBHI-3_S675,103876
49,Coalescence-E8-D11-AF-AF-mGAM-mBHI-3_S675,0,1958325,Coalescence-E8-D11-AF-AF-mGAM-mBHI-3_S675,103876
50,Coalescence-A10-C11-AE-AF-mGAM-mBHI-7_S629,0,2451568,Coalescence-E8-D11-AF-AF-mGAM-mBHI-3_S675,103876
51,Assembly-G5-C10-AE-mGAM-5_S696,105,2151131,Coalescence-E8-D11-AF-AF-mGAM-mBHI-3_S675,103876
52,D_F11_e003Assembly_S359,102,1852547,Coalescence-E8-D11-AF-AF-mGAM-mBHI-3_S675,103876
53,C_C2_e003Assembly_S218,127,2486586,Coalescence-E8-D11-AF-AF-mGAM-mBHI-3_S675,103876
0,A_C5_C8_AA_AE_mGAM_mBHI_2_S29,101,1240202,Coalescence-A10-C11-AE-AF-mGAM-mBHI-7_S629,103876
1,A_C8_C11_AF_AE_mGAM_mBHI_2_S32,124,2148058,Coalescence-A10-C11-AE-AF-mGAM-mBHI-7_S629,103876
2,A_C11_C4_AE_AE_mBHI_mBHI_4_S35,191,2544423,Coalescence-A10-C11-AE-AF-mGAM-mBHI-7_S629,103876
3,A_C12_C5_AF_AE_mBHI_mBHI_4_S36,3,1318209,Coalescence-A10-C11-AE-AF-mGAM-mBHI-7_S629,103876
4,B_A7_E10_AE_AA_mGAM_mBHI_2_S103,201,1585269,Coalescence-A10-C11-AE-AF-mGAM-mBHI-7_S629,103876
5,B_C7_G10_AE_AE_mGAM_mBHI_2_S127,185,2297583,Coalescence-A10-C11-AE-AF-mGAM-mBHI-7_S629,103876
6,B_C11_C10_AE_AE_mGAM_mBHI_4_S131,176,2142327,Coalescence-A10-C11-AE-AF-mGAM-mBHI-7_S629,103876
7,B_G7_G10_AE_AE_mGAM_mGAM_2_S175,179,2129061,Coalescence-A10-C11-AE-AF-mGAM-mBHI-7_S629,103876
8,B_G11_C10_AE_AE_mGAM_mGAM_4_S179,144,1605800,Coalescence-A10-C11-AE-AF-mGAM-mBHI-7_S629,103876
9,C_C3_C4_AE_AE_mBHI_mBHI_6_S219,181,2333234,Coalescence-A10-C11-AE-AF-mGAM-mBHI-7_S629,103876
10,C_C5_C8_AA_AE_mGAM_mBHI_6_S221,8594,983611,Coalescence-A10-C11-AE-AF-mGAM-mBHI-7_S629,103876
11,C_C7_C10_AE_AE_mGAM_mBHI_6_S223,198,2496763,Coalescence-A10-C11-AE-AF-mGAM-mBHI-7_S629,103876
12,C_C8_C11_AF_AE_mGAM_mBHI_6_S224,0,2423530,Coalescence-A10-C11-AE-AF-mGAM-mBHI-7_S629,103876
13,C_C11_G4_AE_AE_mBHI_mBHI_4_S227,172,2284384,Coalescence-A10-C11-AE-AF-mGAM-mBHI-7_S629,103876
14,C_H12_H5_AF_AF_mBHI_mGAM_4_S288,4,2152529,Coalescence-A10-C11-AE-AF-mGAM-mBHI-7_S629,103876
15,D_A6_A9_ACPP_AA_mGAM_mBHI_6_S294,166,1982379,Coalescence-A10-C11-AE-AF-mGAM-mBHI-7_S629,103876
16,D_A7_A10_AE_AA_mGAM_mBHI_6_S295,7891,1410130,Coalescence-A10-C11-AE-AF-mGAM-mBHI-7_S629,103876
17,D_C3_C4_AE_AE_mBHI_mBHI_6_S315,128,1938021,Coalescence-A10-C11-AE-AF-mGAM-mBHI-7_S629,103876
18,D_C6_C9_ACPP_AE_mGAM_mBHI_6_S318,200,2546864,Coalescence-A10-C11-AE-AF-mGAM-mBHI-7_S629,103876
19,D_C7_C10_AE_AE_mGAM_mBHI_6_S319,197,2486700,Coalescence-A10-C11-AE-AF-mGAM-mBHI-7_S629,103876
20,D_C8_C11_AF_AE_mGAM_mBHI_6_S320,0,2295176,Coalescence-A10-C11-AE-AF-mGAM-mBHI-7_S629,103876
21,D_C11_G10_AE_AE_mGAM_mBHI_4_S323,195,2482678,Coalescence-A10-C11-AE-AF-mGAM-mBHI-7_S629,103876
22,D_G3_C4_AE_AE_mBHI_mGAM_6_S363,126,1654388,Coalescence-A10-C11-AE-AF-mGAM-mBHI-7_S629,103876
23,D_G6_C9_ACPP_AE_mGAM_mGAM_6_S366,190,2300167,Coalescence-A10-C11-AE-AF-mGAM-mBHI-7_S629,103876
24,C10-e003Coalescence-mBHI-p7,167,2135952,Coalescence-A10-C11-AE-AF-mGAM-mBHI-7_S629,103876
25,C11-e003Coalescence-mBHI-p5,0,2002690,Coalescence-A10-C11-AE-AF-mGAM-mBHI-7_S629,103876
26,C10-e003Coalescence-mBHI-p5,175,2385009,Coalescence-A10-C11-AE-AF-mGAM-mBHI-7_S629,103876
27,C8-e003Coalescence-mBHI-p5,4171,1198645,Coalescence-A10-C11-AE-AF-mGAM-mBHI-7_S629,103876
28,C4-e003Coalescence-mBHI-p5,186,2502890,Coalescence-A10-C11-AE-AF-mGAM-mBHI-7_S629,103876
29,C10-e003Coalescence-mGAM-p7,165,2061650,Coalescence-A10-C11-AE-AF-mGAM-mBHI-7_S629,103876
30,C10-e003Coalescence-mBHI-p3,199,2460943,Coalescence-A10-C11-AE-AF-mGAM-mBHI-7_S629,103876
31,G4-e003Coalescence-mBHI-p5_S27,137,1919003,Coalescence-A10-C11-AE-AF-mGAM-mBHI-7_S629,103876
32,G111-e003Coalescence-mBHI-p5_S32,1,1391982,Coalescence-A10-C11-AE-AF-mGAM-mBHI-7_S629,103876
33,G100-e003Coalescence-mBHI-p5_S31,185,2324546,Coalescence-A10-C11-AE-AF-mGAM-mBHI-7_S629,103876
34,G4-e003Coalescence-mBHI-p3_S35,180,2069895,Coalescence-A10-C11-AE-AF-mGAM-mBHI-7_S629,103876
35,G4-e003Coalescence-mGAM-p5_S75,99,1366979,Coalescence-A10-C11-AE-AF-mGAM-mBHI-7_S629,103876
36,G4-e003Coalescence-mGAM-p3_S83,114,1423657,Coalescence-A10-C11-AE-AF-mGAM-mBHI-7_S629,103876
37,G4-e003Coalescence-mBHI-p7_S123,154,1756502,Coalescence-A10-C11-AE-AF-mGAM-mBHI-7_S629,103876
38,G100-e003Coalescence-mBHI-p7_S127,136,1668930,Coalescence-A10-C11-AE-AF-mGAM-mBHI-7_S629,103876
39,C5-e003Coalescence-mBHI-inoculumn-redo,95,1580573,Coalescence-A10-C11-AE-AF-mGAM-mBHI-7_S629,103876
40,D4-e003Coalescence-Inoculumn-mBHI,121,1905366,Coalescence-A10-C11-AE-AF-mGAM-mBHI-7_S629,103876
41,C3-e003Coalescence-mBHI-inoculumn-redo,105,1386131,Coalescence-A10-C11-AE-AF-mGAM-mBHI-7_S629,103876
42,B4-e003Coalescence-Inoculumn-mBHI,140,1569971,Coalescence-A10-C11-AE-AF-mGAM-mBHI-7_S629,103876
43,C5-e003Coalescence-Inoculumn-mGAM,76,1196374,Coalescence-A10-C11-AE-AF-mGAM-mBHI-7_S629,103876
44,A4-e003Coalescence-Inoculumn-mGAM,386,1498117,Coalescence-A10-C11-AE-AF-mGAM-mBHI-7_S629,103876
45,G10-e003Coalescence-mBHI-p1_S830,189,2428880,Coalescence-A10-C11-AE-AF-mGAM-mBHI-7_S629,103876
46,Coalescence-F2-E10-AA-AE-mGAM-mBHI-3_S681,203,1470280,Coalescence-A10-C11-AE-AF-mGAM-mBHI-7_S629,103876
47,Coalescence-E5-C4-AE-AE-mBHI-mBHI-3_S672,193,2530214,Coalescence-A10-C11-AE-AF-mGAM-mBHI-7_S629,103876
48,Coalescence-A12-D11-AF-AF-mGAM-mBHI-7_S631,0,1874895,Coalescence-A10-C11-AE-AF-mGAM-mBHI-7_S629,103876
49,Coalescence-E8-D11-AF-AF-mGAM-mBHI-3_S675,0,1958325,Coalescence-A10-C11-AE-AF-mGAM-mBHI-7_S629,103876
50,Coalescence-A10-C11-AE-AF-mGAM-mBHI-7_S629,0,2451568,Coalescence-A10-C11-AE-AF-mGAM-mBHI-7_S629,103876
51,Assembly-G5-C10-AE-mGAM-5_S696,175,2151131,Coalescence-A10-C11-AE-AF-mGAM-mBHI-7_S629,103876
52,D_F11_e003Assembly_S359,150,1852547,Coalescence-A10-C11-AE-AF-mGAM-mBHI-7_S629,103876
53,C_C2_e003Assembly_S218,193,2486586,Coalescence-A10-C11-AE-AF-mGAM-mBHI-7_S629,103876
0,A_C5_C8_AA_AE_mGAM_mBHI_2_S29,20,1240202,Assembly-G5-C10-AE-mGAM-5_S696,103876
1,A_C8_C11_AF_AE_mGAM_mBHI_2_S32,1,2148058,Assembly-G5-C10-AE-mGAM-5_S696,103876
2,A_C11_C4_AE_AE_mBHI_mBHI_4_S35,0,2544423,Assembly-G5-C10-AE-mGAM-5_S696,103876
3,A_C12_C5_AF_AE_mBHI_mBHI_4_S36,63,1318209,Assembly-G5-C10-AE-mGAM-5_S696,103876
4,B_A7_E10_AE_AA_mGAM_mBHI_2_S103,75,1585269,Assembly-G5-C10-AE-mGAM-5_S696,103876
5,B_C7_G10_AE_AE_mGAM_mBHI_2_S127,0,2297583,Assembly-G5-C10-AE-mGAM-5_S696,103876
6,B_C11_C10_AE_AE_mGAM_mBHI_4_S131,0,2142327,Assembly-G5-C10-AE-mGAM-5_S696,103876
7,B_G7_G10_AE_AE_mGAM_mGAM_2_S175,1,2129061,Assembly-G5-C10-AE-mGAM-5_S696,103876
8,B_G11_C10_AE_AE_mGAM_mGAM_4_S179,0,1605800,Assembly-G5-C10-AE-mGAM-5_S696,103876
9,C_C3_C4_AE_AE_mBHI_mBHI_6_S219,1,2333234,Assembly-G5-C10-AE-mGAM-5_S696,103876
10,C_C5_C8_AA_AE_mGAM_mBHI_6_S221,7378,983611,Assembly-G5-C10-AE-mGAM-5_S696,103876
11,C_C7_C10_AE_AE_mGAM_mBHI_6_S223,1,2496763,Assembly-G5-C10-AE-mGAM-5_S696,103876
12,C_C8_C11_AF_AE_mGAM_mBHI_6_S224,162,2423530,Assembly-G5-C10-AE-mGAM-5_S696,103876
13,C_C11_G4_AE_AE_mBHI_mBHI_4_S227,3,2284384,Assembly-G5-C10-AE-mGAM-5_S696,103876
14,C_H12_H5_AF_AF_mBHI_mGAM_4_S288,101,2152529,Assembly-G5-C10-AE-mGAM-5_S696,103876
15,D_A6_A9_ACPP_AA_mGAM_mBHI_6_S294,18,1982379,Assembly-G5-C10-AE-mGAM-5_S696,103876
16,D_A7_A10_AE_AA_mGAM_mBHI_6_S295,6694,1410130,Assembly-G5-C10-AE-mGAM-5_S696,103876
17,D_C3_C4_AE_AE_mBHI_mBHI_6_S315,2,1938021,Assembly-G5-C10-AE-mGAM-5_S696,103876
18,D_C6_C9_ACPP_AE_mGAM_mBHI_6_S318,0,2546864,Assembly-G5-C10-AE-mGAM-5_S696,103876
19,D_C7_C10_AE_AE_mGAM_mBHI_6_S319,1,2486700,Assembly-G5-C10-AE-mGAM-5_S696,103876
20,D_C8_C11_AF_AE_mGAM_mBHI_6_S320,127,2295176,Assembly-G5-C10-AE-mGAM-5_S696,103876
21,D_C11_G10_AE_AE_mGAM_mBHI_4_S323,0,2482678,Assembly-G5-C10-AE-mGAM-5_S696,103876
22,D_G3_C4_AE_AE_mBHI_mGAM_6_S363,1,1654388,Assembly-G5-C10-AE-mGAM-5_S696,103876
23,D_G6_C9_ACPP_AE_mGAM_mGAM_6_S366,0,2300167,Assembly-G5-C10-AE-mGAM-5_S696,103876
24,C10-e003Coalescence-mBHI-p7,2,2135952,Assembly-G5-C10-AE-mGAM-5_S696,103876
25,C11-e003Coalescence-mBHI-p5,127,2002690,Assembly-G5-C10-AE-mGAM-5_S696,103876
26,C10-e003Coalescence-mBHI-p5,3,2385009,Assembly-G5-C10-AE-mGAM-5_S696,103876
27,C8-e003Coalescence-mBHI-p5,3497,1198645,Assembly-G5-C10-AE-mGAM-5_S696,103876
28,C4-e003Coalescence-mBHI-p5,1,2502890,Assembly-G5-C10-AE-mGAM-5_S696,103876
29,C10-e003Coalescence-mGAM-p7,3,2061650,Assembly-G5-C10-AE-mGAM-5_S696,103876
30,C10-e003Coalescence-mBHI-p3,4,2460943,Assembly-G5-C10-AE-mGAM-5_S696,103876
31,G4-e003Coalescence-mBHI-p5_S27,2,1919003,Assembly-G5-C10-AE-mGAM-5_S696,103876
32,G111-e003Coalescence-mBHI-p5_S32,72,1391982,Assembly-G5-C10-AE-mGAM-5_S696,103876
33,G100-e003Coalescence-mBHI-p5_S31,2,2324546,Assembly-G5-C10-AE-mGAM-5_S696,103876
34,G4-e003Coalescence-mBHI-p3_S35,2,2069895,Assembly-G5-C10-AE-mGAM-5_S696,103876
35,G4-e003Coalescence-mGAM-p5_S75,0,1366979,Assembly-G5-C10-AE-mGAM-5_S696,103876
36,G4-e003Coalescence-mGAM-p3_S83,1,1423657,Assembly-G5-C10-AE-mGAM-5_S696,103876
37,G4-e003Coalescence-mBHI-p7_S123,0,1756502,Assembly-G5-C10-AE-mGAM-5_S696,103876
38,G100-e003Coalescence-mBHI-p7_S127,0,1668930,Assembly-G5-C10-AE-mGAM-5_S696,103876
39,C5-e003Coalescence-mBHI-inoculumn-redo,7,1580573,Assembly-G5-C10-AE-mGAM-5_S696,103876
40,D4-e003Coalescence-Inoculumn-mBHI,1,1905366,Assembly-G5-C10-AE-mGAM-5_S696,103876
41,C3-e003Coalescence-mBHI-inoculumn-redo,0,1386131,Assembly-G5-C10-AE-mGAM-5_S696,103876
42,B4-e003Coalescence-Inoculumn-mBHI,5,1569971,Assembly-G5-C10-AE-mGAM-5_S696,103876
43,C5-e003Coalescence-Inoculumn-mGAM,0,1196374,Assembly-G5-C10-AE-mGAM-5_S696,103876
44,A4-e003Coalescence-Inoculumn-mGAM,224,1498117,Assembly-G5-C10-AE-mGAM-5_S696,103876
45,G10-e003Coalescence-mBHI-p1_S830,0,2428880,Assembly-G5-C10-AE-mGAM-5_S696,103876
46,Coalescence-F2-E10-AA-AE-mGAM-mBHI-3_S681,84,1470280,Assembly-G5-C10-AE-mGAM-5_S696,103876
47,Coalescence-E5-C4-AE-AE-mBHI-mBHI-3_S672,0,2530214,Assembly-G5-C10-AE-mGAM-5_S696,103876
48,Coalescence-A12-D11-AF-AF-mGAM-mBHI-7_S631,106,1874895,Assembly-G5-C10-AE-mGAM-5_S696,103876
49,Coalescence-E8-D11-AF-AF-mGAM-mBHI-3_S675,105,1958325,Assembly-G5-C10-AE-mGAM-5_S696,103876
50,Coalescence-A10-C11-AE-AF-mGAM-mBHI-7_S629,175,2451568,Assembly-G5-C10-AE-mGAM-5_S696,103876
51,Assembly-G5-C10-AE-mGAM-5_S696,0,2151131,Assembly-G5-C10-AE-mGAM-5_S696,103876
52,D_F11_e003Assembly_S359,0,1852547,Assembly-G5-C10-AE-mGAM-5_S696,103876
53,C_C2_e003Assembly_S218,3,2486586,Assembly-G5-C10-AE-mGAM-5_S696,103876
0,A_C5_C8_AA_AE_mGAM_mBHI_2_S29,18,1240202,D_F11_e003Assembly_S359,103876
1,A_C8_C11_AF_AE_mGAM_mBHI_2_S32,3,2148058,D_F11_e003Assembly_S359,103876
2,A_C11_C4_AE_AE_mBHI_mBHI_4_S35,0,2544423,D_F11_e003Assembly_S359,103876
3,A_C12_C5_AF_AE_mBHI_mBHI_4_S36,59,1318209,D_F11_e003Assembly_S359,103876
4,B_A7_E10_AE_AA_mGAM_mBHI_2_S103,65,1585269,D_F11_e003Assembly_S359,103876
5,B_C7_G10_AE_AE_mGAM_mBHI_2_S127,2,2297583,D_F11_e003Assembly_S359,103876
6,B_C11_C10_AE_AE_mGAM_mBHI_4_S131,1,2142327,D_F11_e003Assembly_S359,103876
7,B_G7_G10_AE_AE_mGAM_mGAM_2_S175,1,2129061,D_F11_e003Assembly_S359,103876
8,B_G11_C10_AE_AE_mGAM_mGAM_4_S179,0,1605800,D_F11_e003Assembly_S359,103876
9,C_C3_C4_AE_AE_mBHI_mBHI_6_S219,1,2333234,D_F11_e003Assembly_S359,103876
10,C_C5_C8_AA_AE_mGAM_mBHI_6_S221,6517,983611,D_F11_e003Assembly_S359,103876
11,C_C7_C10_AE_AE_mGAM_mBHI_6_S223,3,2496763,D_F11_e003Assembly_S359,103876
12,C_C8_C11_AF_AE_mGAM_mBHI_6_S224,148,2423530,D_F11_e003Assembly_S359,103876
13,C_C11_G4_AE_AE_mBHI_mBHI_4_S227,0,2284384,D_F11_e003Assembly_S359,103876
14,C_H12_H5_AF_AF_mBHI_mGAM_4_S288,97,2152529,D_F11_e003Assembly_S359,103876
15,D_A6_A9_ACPP_AA_mGAM_mBHI_6_S294,21,1982379,D_F11_e003Assembly_S359,103876
16,D_A7_A10_AE_AA_mGAM_mBHI_6_S295,5840,1410130,D_F11_e003Assembly_S359,103876
17,D_C3_C4_AE_AE_mBHI_mBHI_6_S315,2,1938021,D_F11_e003Assembly_S359,103876
18,D_C6_C9_ACPP_AE_mGAM_mBHI_6_S318,1,2546864,D_F11_e003Assembly_S359,103876
19,D_C7_C10_AE_AE_mGAM_mBHI_6_S319,2,2486700,D_F11_e003Assembly_S359,103876
20,D_C8_C11_AF_AE_mGAM_mBHI_6_S320,111,2295176,D_F11_e003Assembly_S359,103876
21,D_C11_G10_AE_AE_mGAM_mBHI_4_S323,2,2482678,D_F11_e003Assembly_S359,103876
22,D_G3_C4_AE_AE_mBHI_mGAM_6_S363,1,1654388,D_F11_e003Assembly_S359,103876
23,D_G6_C9_ACPP_AE_mGAM_mGAM_6_S366,2,2300167,D_F11_e003Assembly_S359,103876
24,C10-e003Coalescence-mBHI-p7,4,2135952,D_F11_e003Assembly_S359,103876
25,C11-e003Coalescence-mBHI-p5,107,2002690,D_F11_e003Assembly_S359,103876
26,C10-e003Coalescence-mBHI-p5,6,2385009,D_F11_e003Assembly_S359,103876
27,C8-e003Coalescence-mBHI-p5,3093,1198645,D_F11_e003Assembly_S359,103876
28,C4-e003Coalescence-mBHI-p5,0,2502890,D_F11_e003Assembly_S359,103876
29,C10-e003Coalescence-mGAM-p7,5,2061650,D_F11_e003Assembly_S359,103876
30,C10-e003Coalescence-mBHI-p3,5,2460943,D_F11_e003Assembly_S359,103876
31,G4-e003Coalescence-mBHI-p5_S27,1,1919003,D_F11_e003Assembly_S359,103876
32,G111-e003Coalescence-mBHI-p5_S32,73,1391982,D_F11_e003Assembly_S359,103876
33,G100-e003Coalescence-mBHI-p5_S31,1,2324546,D_F11_e003Assembly_S359,103876
34,G4-e003Coalescence-mBHI-p3_S35,3,2069895,D_F11_e003Assembly_S359,103876
35,G4-e003Coalescence-mGAM-p5_S75,0,1366979,D_F11_e003Assembly_S359,103876
36,G4-e003Coalescence-mGAM-p3_S83,0,1423657,D_F11_e003Assembly_S359,103876
37,G4-e003Coalescence-mBHI-p7_S123,0,1756502,D_F11_e003Assembly_S359,103876
38,G100-e003Coalescence-mBHI-p7_S127,4,1668930,D_F11_e003Assembly_S359,103876
39,C5-e003Coalescence-mBHI-inoculumn-redo,2,1580573,D_F11_e003Assembly_S359,103876
40,D4-e003Coalescence-Inoculumn-mBHI,2,1905366,D_F11_e003Assembly_S359,103876
41,C3-e003Coalescence-mBHI-inoculumn-redo,2,1386131,D_F11_e003Assembly_S359,103876
42,B4-e003Coalescence-Inoculumn-mBHI,4,1569971,D_F11_e003Assembly_S359,103876
43,C5-e003Coalescence-Inoculumn-mGAM,1,1196374,D_F11_e003Assembly_S359,103876
44,A4-e003Coalescence-Inoculumn-mGAM,195,1498117,D_F11_e003Assembly_S359,103876
45,G10-e003Coalescence-mBHI-p1_S830,1,2428880,D_F11_e003Assembly_S359,103876
46,Coalescence-F2-E10-AA-AE-mGAM-mBHI-3_S681,72,1470280,D_F11_e003Assembly_S359,103876
47,Coalescence-E5-C4-AE-AE-mBHI-mBHI-3_S672,0,2530214,D_F11_e003Assembly_S359,103876
48,Coalescence-A12-D11-AF-AF-mGAM-mBHI-7_S631,85,1874895,D_F11_e003Assembly_S359,103876
49,Coalescence-E8-D11-AF-AF-mGAM-mBHI-3_S675,102,1958325,D_F11_e003Assembly_S359,103876
50,Coalescence-A10-C11-AE-AF-mGAM-mBHI-7_S629,150,2451568,D_F11_e003Assembly_S359,103876
51,Assembly-G5-C10-AE-mGAM-5_S696,0,2151131,D_F11_e003Assembly_S359,103876
52,D_F11_e003Assembly_S359,0,1852547,D_F11_e003Assembly_S359,103876
53,C_C2_e003Assembly_S218,4,2486586,D_F11_e003Assembly_S359,103876
0,A_C5_C8_AA_AE_mGAM_mBHI_2_S29,24,1240202,C_C2_e003Assembly_S218,103876
1,A_C8_C11_AF_AE_mGAM_mBHI_2_S32,3,2148058,C_C2_e003Assembly_S218,103876
2,A_C11_C4_AE_AE_mBHI_mBHI_4_S35,1,2544423,C_C2_e003Assembly_S218,103876
3,A_C12_C5_AF_AE_mBHI_mBHI_4_S36,67,1318209,C_C2_e003Assembly_S218,103876
4,B_A7_E10_AE_AA_mGAM_mBHI_2_S103,104,1585269,C_C2_e003Assembly_S218,103876
5,B_C7_G10_AE_AE_mGAM_mBHI_2_S127,5,2297583,C_C2_e003Assembly_S218,103876
6,B_C11_C10_AE_AE_mGAM_mBHI_4_S131,3,2142327,C_C2_e003Assembly_S218,103876
7,B_G7_G10_AE_AE_mGAM_mGAM_2_S175,4,2129061,C_C2_e003Assembly_S218,103876
8,B_G11_C10_AE_AE_mGAM_mGAM_4_S179,3,1605800,C_C2_e003Assembly_S218,103876
9,C_C3_C4_AE_AE_mBHI_mBHI_6_S219,2,2333234,C_C2_e003Assembly_S218,103876
10,C_C5_C8_AA_AE_mGAM_mBHI_6_S221,8539,983611,C_C2_e003Assembly_S218,103876
11,C_C7_C10_AE_AE_mGAM_mBHI_6_S223,5,2496763,C_C2_e003Assembly_S218,103876
12,C_C8_C11_AF_AE_mGAM_mBHI_6_S224,182,2423530,C_C2_e003Assembly_S218,103876
13,C_C11_G4_AE_AE_mBHI_mBHI_4_S227,0,2284384,C_C2_e003Assembly_S218,103876
14,C_H12_H5_AF_AF_mBHI_mGAM_4_S288,112,2152529,C_C2_e003Assembly_S218,103876
15,D_A6_A9_ACPP_AA_mGAM_mBHI_6_S294,31,1982379,C_C2_e003Assembly_S218,103876
16,D_A7_A10_AE_AA_mGAM_mBHI_6_S295,7818,1410130,C_C2_e003Assembly_S218,103876
17,D_C3_C4_AE_AE_mBHI_mBHI_6_S315,0,1938021,C_C2_e003Assembly_S218,103876
18,D_C6_C9_ACPP_AE_mGAM_mBHI_6_S318,5,2546864,C_C2_e003Assembly_S218,103876
19,D_C7_C10_AE_AE_mGAM_mBHI_6_S319,5,2486700,C_C2_e003Assembly_S218,103876
20,D_C8_C11_AF_AE_mGAM_mBHI_6_S320,137,2295176,C_C2_e003Assembly_S218,103876
21,D_C11_G10_AE_AE_mGAM_mBHI_4_S323,5,2482678,C_C2_e003Assembly_S218,103876
22,D_G3_C4_AE_AE_mBHI_mGAM_6_S363,5,1654388,C_C2_e003Assembly_S218,103876
23,D_G6_C9_ACPP_AE_mGAM_mGAM_6_S366,4,2300167,C_C2_e003Assembly_S218,103876
24,C10-e003Coalescence-mBHI-p7,7,2135952,C_C2_e003Assembly_S218,103876
25,C11-e003Coalescence-mBHI-p5,139,2002690,C_C2_e003Assembly_S218,103876
26,C10-e003Coalescence-mBHI-p5,7,2385009,C_C2_e003Assembly_S218,103876
27,C8-e003Coalescence-mBHI-p5,4093,1198645,C_C2_e003Assembly_S218,103876
28,C4-e003Coalescence-mBHI-p5,2,2502890,C_C2_e003Assembly_S218,103876
29,C10-e003Coalescence-mGAM-p7,6,2061650,C_C2_e003Assembly_S218,103876
30,C10-e003Coalescence-mBHI-p3,8,2460943,C_C2_e003Assembly_S218,103876
31,G4-e003Coalescence-mBHI-p5_S27,1,1919003,C_C2_e003Assembly_S218,103876
32,G111-e003Coalescence-mBHI-p5_S32,85,1391982,C_C2_e003Assembly_S218,103876
33,G100-e003Coalescence-mBHI-p5_S31,5,2324546,C_C2_e003Assembly_S218,103876
34,G4-e003Coalescence-mBHI-p3_S35,0,2069895,C_C2_e003Assembly_S218,103876
35,G4-e003Coalescence-mGAM-p5_S75,4,1366979,C_C2_e003Assembly_S218,103876
36,G4-e003Coalescence-mGAM-p3_S83,1,1423657,C_C2_e003Assembly_S218,103876
37,G4-e003Coalescence-mBHI-p7_S123,0,1756502,C_C2_e003Assembly_S218,103876
38,G100-e003Coalescence-mBHI-p7_S127,6,1668930,C_C2_e003Assembly_S218,103876
39,C5-e003Coalescence-mBHI-inoculumn-redo,1,1580573,C_C2_e003Assembly_S218,103876
40,D4-e003Coalescence-Inoculumn-mBHI,0,1905366,C_C2_e003Assembly_S218,103876
41,C3-e003Coalescence-mBHI-inoculumn-redo,0,1386131,C_C2_e003Assembly_S218,103876
42,B4-e003Coalescence-Inoculumn-mBHI,2,1569971,C_C2_e003Assembly_S218,103876
43,C5-e003Coalescence-Inoculumn-mGAM,2,1196374,C_C2_e003Assembly_S218,103876
44,A4-e003Coalescence-Inoculumn-mGAM,261,1498117,C_C2_e003Assembly_S218,103876
45,G10-e003Coalescence-mBHI-p1_S830,5,2428880,C_C2_e003Assembly_S218,103876
46,Coalescence-F2-E10-AA-AE-mGAM-mBHI-3_S681,105,1470280,C_C2_e003Assembly_S218,103876
47,Coalescence-E5-C4-AE-AE-mBHI-mBHI-3_S672,0,2530214,C_C2_e003Assembly_S218,103876
48,Coalescence-A12-D11-AF-AF-mGAM-mBHI-7_S631,115,1874895,C_C2_e003Assembly_S218,103876
49,Coalescence-E8-D11-AF-AF-mGAM-mBHI-3_S675,127,1958325,C_C2_e003Assembly_S218,103876
50,Coalescence-A10-C11-AE-AF-mGAM-mBHI-7_S629,193,2451568,C_C2_e003Assembly_S218,103876
51,Assembly-G5-C10-AE-mGAM-5_S696,3,2151131,C_C2_e003Assembly_S218,103876
52,D_F11_e003Assembly_S359,4,1852547,C_C2_e003Assembly_S218,103876
53,C_C2_e003Assembly_S218,0,2486586,C_C2_e003Assembly_S218,103876
