,index,fixed_diffs,num_int_sites,sample1,species_id
0,C9-e003Coalescence-mGAM-p3,0,745406,C9-e003Coalescence-mGAM-p3,101958
1,A8-e003Coalescence-mBHI-p3,6125,1148611,C9-e003Coalescence-mGAM-p3,101958
2,B9-e003Coalescence-mGAM-p5,8,1266654,C9-e003Coalescence-mGAM-p3,101958
3,C8-e003Assembly-mGAM-p3,3585,691607,C9-e003Coalescence-mGAM-p3,101958
4,C8-e003Assembly-mGAM-p5,2838,529291,C9-e003Coalescence-mGAM-p3,101958
5,A11-e003Coalescence-mGAM-p7,3217,600457,C9-e003Coalescence-mGAM-p3,101958
6,B11-e003Coalescence-mGAM-p3,8,1218073,C9-e003Coalescence-mGAM-p3,101958
7,A2-e003Coalescence-Inoculumn-mGAM,5900,1120015,C9-e003Coalescence-mGAM-p3,101958
8,D8-e003Coalescence-mGAM-p5,6885,1314015,C9-e003Coalescence-mGAM-p3,101958
9,A12-e003Coalescence-mGAM-p3,5564,1039277,C9-e003Coalescence-mGAM-p3,101958
10,B5-e003Coalescence-Inoculumn-mGAM,10,414446,C9-e003Coalescence-mGAM-p3,101958
11,C9-e003Coalescence-mBHI-p3,11,938458,C9-e003Coalescence-mGAM-p3,101958
12,C8-e003Coalescence-mBHI-p7,3268,594610,C9-e003Coalescence-mGAM-p3,101958
13,D8-e003Coalescence-mBHI-p5,3124,614083,C9-e003Coalescence-mGAM-p3,101958
14,B8-e003Assembly-mGAM-p3,2788,511311,C9-e003Coalescence-mGAM-p3,101958
15,A8-e003Coalescence-mBHI-p7,2719,508703,C9-e003Coalescence-mGAM-p3,101958
16,B2-e003Coalescence-Inoculumn-mGAM,4399,1049541,C9-e003Coalescence-mGAM-p3,101958
17,A3-e003Coalescence-Inoculumn-mGAM,1860,560503,C9-e003Coalescence-mGAM-p3,101958
18,A9-e003Coalescence-mBHI-p3,3998,1258192,C9-e003Coalescence-mGAM-p3,101958
19,B9-e003Coalescence-mGAM-p7,5,898503,C9-e003Coalescence-mGAM-p3,101958
20,C3-e003Coalescence-Inoculumn-mGAM,12,638925,C9-e003Coalescence-mGAM-p3,101958
21,B10-e003Coalescence-mBHI-p3,15,972288,C9-e003Coalescence-mGAM-p3,101958
22,A9-e003Coalescence-mBHI-p7,5113,1278174,C9-e003Coalescence-mGAM-p3,101958
23,C2-e003Coalescence-Inoculumn-mGAM,3053,582785,C9-e003Coalescence-mGAM-p3,101958
24,B3-e003Coalescence-Inoculumn-mGAM,7,1149670,C9-e003Coalescence-mGAM-p3,101958
25,B4-e003Coalescence-Inoculumn-mGAM,17,1001069,C9-e003Coalescence-mGAM-p3,101958
26,A2-e003Coalescence-mGAM-p5,5390,1011017,C9-e003Coalescence-mGAM-p3,101958
27,B8-e003Coalescence-mGAM-p5,3995,928737,C9-e003Coalescence-mGAM-p3,101958
28,A5-e003Coalescence-Inoculumn-mGAM,2671,521556,C9-e003Coalescence-mGAM-p3,101958
29,B8-e003GlycerolRevival-mGAM-p2,2324,422751,C9-e003Coalescence-mGAM-p3,101958
30,C8-e003Coalescence-mBHI-p5,6644,1271024,C9-e003Coalescence-mGAM-p3,101958
31,B8-e003Coalescence-mGAM-p7,2821,820884,C9-e003Coalescence-mGAM-p3,101958
32,D2-e003Coalescence-Inoculumn-mGAM,3208,604238,C9-e003Coalescence-mGAM-p3,101958
33,D3-e003Coalescence-Inoculumn-mGAM,4,824536,C9-e003Coalescence-mGAM-p3,101958
34,A11-e003Coalescence-mBHI-p3,6684,1273349,C9-e003Coalescence-mGAM-p3,101958
35,A4-e003Coalescence-Inoculumn-mGAM,6383,1214206,C9-e003Coalescence-mGAM-p3,101958
36,A9-e003Coalescence-mGAM-p5,3821,864112,C9-e003Coalescence-mGAM-p3,101958
37,A11-e003Coalescence-mGAM-p3,6834,1299785,C9-e003Coalescence-mGAM-p3,101958
38,E8-e003Coalescence-mBHI-p5_S5,2894,544751,C9-e003Coalescence-mGAM-p3,101958
39,E9-e003Coalescence-mBHI-p5_S6,192,571529,C9-e003Coalescence-mGAM-p3,101958
40,F111-e003Coalescence-mGAM-p5_S68,10,483352,C9-e003Coalescence-mGAM-p3,101958
41,H2-e003Coalescence-mGAM-p7_S181,6613,1262475,C9-e003Coalescence-mGAM-p3,101958
42,E100-e003Coalescence-mBHI-p7_S103,1963,380075,C9-e003Coalescence-mGAM-p3,101958
43,F9-e003Coalescence-mGAM-p5_S66,18,1107465,C9-e003Coalescence-mGAM-p3,101958
44,F111-e003Coalescence-mGAM-p7_S164,12,554759,C9-e003Coalescence-mGAM-p3,101958
45,E111-e003Coalescence-mBHI-p5_S8,2115,418252,C9-e003Coalescence-mGAM-p3,101958
46,H8-e003Coalescence-mBHI-p7_S137,5669,1076503,C9-e003Coalescence-mGAM-p3,101958
47,E8-e003Coalescence-mBHI-p7_S101,3172,665052,C9-e003Coalescence-mGAM-p3,101958
48,H8-e003Coalescence-mBHI-p5_S41,4250,806338,C9-e003Coalescence-mGAM-p3,101958
49,E100-e003Coalescence-mBHI-p5_S7,2785,524284,C9-e003Coalescence-mGAM-p3,101958
50,F9-e003Coalescence-mGAM-p7_S162,11,524905,C9-e003Coalescence-mGAM-p3,101958
51,F8-e003Coalescence-mGAM-p7_S161,1997,455511,C9-e003Coalescence-mGAM-p3,101958
52,G8-e003Coalescence-mBHI-p3_S129,2741,509674,C9-e003Coalescence-mGAM-p3,101958
53,H8-e003Coalescence-mGAM-p5_S89,6645,1268328,C9-e003Coalescence-mGAM-p3,101958
54,G100-e003Coalescence-mBHI-p3_S131,3212,612901,C9-e003Coalescence-mGAM-p3,101958
55,E9-e003Coalescence-mGAM-p3_S154,2820,749107,C9-e003Coalescence-mGAM-p3,101958
56,F111-e003Coalescence-mGAM-p3_S168,12,682972,C9-e003Coalescence-mGAM-p3,101958
57,G8-e003Coalescence-mBHI-p7_S125,3640,697792,C9-e003Coalescence-mGAM-p3,101958
58,E111-e003Coalescence-mBHI-p7_S104,2476,479608,C9-e003Coalescence-mGAM-p3,101958
59,E111-e003Coalescence-mGAM-p5_S56,6669,1269734,C9-e003Coalescence-mGAM-p3,101958
60,E4-e003Coalescence-mGAM-p7_S147,2226,441794,C9-e003Coalescence-mGAM-p3,101958
61,G8-e003Coalescence-mBHI-p5_S29,3851,724274,C9-e003Coalescence-mGAM-p3,101958
62,E8-e003Coalescence-mBHI-p3_S105,6472,1241202,C9-e003Coalescence-mGAM-p3,101958
63,E8-e003Coalescence-mGAM-p7_S149,2250,443489,C9-e003Coalescence-mGAM-p3,101958
64,G9-e003Coalescence-mGAM-p3_S178,8,597708,C9-e003Coalescence-mGAM-p3,101958
65,H8-e003Coalescence-mGAM-p7_S185,6778,1287125,C9-e003Coalescence-mGAM-p3,101958
0,C9-e003Coalescence-mGAM-p3,6121,745406,A8-e003Coalescence-mBHI-p3,101958
1,A8-e003Coalescence-mBHI-p3,0,1148611,A8-e003Coalescence-mBHI-p3,101958
2,B9-e003Coalescence-mGAM-p5,10788,1266654,A8-e003Coalescence-mBHI-p3,101958
3,C8-e003Assembly-mGAM-p3,3,691607,A8-e003Coalescence-mBHI-p3,101958
4,C8-e003Assembly-mGAM-p5,2,529291,A8-e003Coalescence-mBHI-p3,101958
5,A11-e003Coalescence-mGAM-p7,5,600457,A8-e003Coalescence-mBHI-p3,101958
6,B11-e003Coalescence-mGAM-p3,10401,1218073,A8-e003Coalescence-mBHI-p3,101958
7,A2-e003Coalescence-Inoculumn-mGAM,5,1120015,A8-e003Coalescence-mBHI-p3,101958
8,D8-e003Coalescence-mGAM-p5,8,1314015,A8-e003Coalescence-mBHI-p3,101958
9,A12-e003Coalescence-mGAM-p3,6,1039277,A8-e003Coalescence-mBHI-p3,101958
10,B5-e003Coalescence-Inoculumn-mGAM,3431,414446,A8-e003Coalescence-mBHI-p3,101958
11,C9-e003Coalescence-mBHI-p3,7912,938458,A8-e003Coalescence-mBHI-p3,101958
12,C8-e003Coalescence-mBHI-p7,1,594610,A8-e003Coalescence-mBHI-p3,101958
13,D8-e003Coalescence-mBHI-p5,2,614083,A8-e003Coalescence-mBHI-p3,101958
14,B8-e003Assembly-mGAM-p3,2,511311,A8-e003Coalescence-mBHI-p3,101958
15,A8-e003Coalescence-mBHI-p7,6,508703,A8-e003Coalescence-mBHI-p3,101958
16,B2-e003Coalescence-Inoculumn-mGAM,783,1049541,A8-e003Coalescence-mBHI-p3,101958
17,A3-e003Coalescence-Inoculumn-mGAM,558,560503,A8-e003Coalescence-mBHI-p3,101958
18,A9-e003Coalescence-mBHI-p3,3680,1258192,A8-e003Coalescence-mBHI-p3,101958
19,B9-e003Coalescence-mGAM-p7,7720,898503,A8-e003Coalescence-mBHI-p3,101958
20,C3-e003Coalescence-Inoculumn-mGAM,5342,638925,A8-e003Coalescence-mBHI-p3,101958
21,B10-e003Coalescence-mBHI-p3,8151,972288,A8-e003Coalescence-mBHI-p3,101958
22,A9-e003Coalescence-mBHI-p7,2062,1278174,A8-e003Coalescence-mBHI-p3,101958
23,C2-e003Coalescence-Inoculumn-mGAM,8,582785,A8-e003Coalescence-mBHI-p3,101958
24,B3-e003Coalescence-Inoculumn-mGAM,9747,1149670,A8-e003Coalescence-mBHI-p3,101958
25,B4-e003Coalescence-Inoculumn-mGAM,8349,1001069,A8-e003Coalescence-mBHI-p3,101958
26,A2-e003Coalescence-mGAM-p5,2,1011017,A8-e003Coalescence-mBHI-p3,101958
27,B8-e003Coalescence-mGAM-p5,335,928737,A8-e003Coalescence-mBHI-p3,101958
28,A5-e003Coalescence-Inoculumn-mGAM,3,521556,A8-e003Coalescence-mBHI-p3,101958
29,B8-e003GlycerolRevival-mGAM-p2,3,422751,A8-e003Coalescence-mBHI-p3,101958
30,C8-e003Coalescence-mBHI-p5,7,1271024,A8-e003Coalescence-mBHI-p3,101958
31,B8-e003Coalescence-mGAM-p7,924,820884,A8-e003Coalescence-mBHI-p3,101958
32,D2-e003Coalescence-Inoculumn-mGAM,5,604238,A8-e003Coalescence-mBHI-p3,101958
33,D3-e003Coalescence-Inoculumn-mGAM,7052,824536,A8-e003Coalescence-mBHI-p3,101958
34,A11-e003Coalescence-mBHI-p3,4,1273349,A8-e003Coalescence-mBHI-p3,101958
35,A4-e003Coalescence-Inoculumn-mGAM,3,1214206,A8-e003Coalescence-mBHI-p3,101958
36,A9-e003Coalescence-mGAM-p5,146,864112,A8-e003Coalescence-mBHI-p3,101958
37,A11-e003Coalescence-mGAM-p3,6,1299785,A8-e003Coalescence-mBHI-p3,101958
38,E8-e003Coalescence-mBHI-p5_S5,8,544751,A8-e003Coalescence-mBHI-p3,101958
39,E9-e003Coalescence-mBHI-p5_S6,3741,571529,A8-e003Coalescence-mBHI-p3,101958
40,F111-e003Coalescence-mGAM-p5_S68,3889,483352,A8-e003Coalescence-mBHI-p3,101958
41,H2-e003Coalescence-mGAM-p7_S181,48,1262475,A8-e003Coalescence-mBHI-p3,101958
42,E100-e003Coalescence-mBHI-p7_S103,17,380075,A8-e003Coalescence-mBHI-p3,101958
43,F9-e003Coalescence-mGAM-p5_S66,9291,1107465,A8-e003Coalescence-mBHI-p3,101958
44,F111-e003Coalescence-mGAM-p7_S164,4631,554759,A8-e003Coalescence-mBHI-p3,101958
45,E111-e003Coalescence-mBHI-p5_S8,9,418252,A8-e003Coalescence-mBHI-p3,101958
46,H8-e003Coalescence-mBHI-p7_S137,29,1076503,A8-e003Coalescence-mBHI-p3,101958
47,E8-e003Coalescence-mBHI-p7_S101,27,665052,A8-e003Coalescence-mBHI-p3,101958
48,H8-e003Coalescence-mBHI-p5_S41,19,806338,A8-e003Coalescence-mBHI-p3,101958
49,E100-e003Coalescence-mBHI-p5_S7,11,524284,A8-e003Coalescence-mBHI-p3,101958
50,F9-e003Coalescence-mGAM-p7_S162,4399,524905,A8-e003Coalescence-mBHI-p3,101958
51,F8-e003Coalescence-mGAM-p7_S161,26,455511,A8-e003Coalescence-mBHI-p3,101958
52,G8-e003Coalescence-mBHI-p3_S129,13,509674,A8-e003Coalescence-mBHI-p3,101958
53,H8-e003Coalescence-mGAM-p5_S89,38,1268328,A8-e003Coalescence-mBHI-p3,101958
54,G100-e003Coalescence-mBHI-p3_S131,6,612901,A8-e003Coalescence-mBHI-p3,101958
55,E9-e003Coalescence-mGAM-p3_S154,459,749107,A8-e003Coalescence-mBHI-p3,101958
56,F111-e003Coalescence-mGAM-p3_S168,5558,682972,A8-e003Coalescence-mBHI-p3,101958
57,G8-e003Coalescence-mBHI-p7_S125,22,697792,A8-e003Coalescence-mBHI-p3,101958
58,E111-e003Coalescence-mBHI-p7_S104,9,479608,A8-e003Coalescence-mBHI-p3,101958
59,E111-e003Coalescence-mGAM-p5_S56,38,1269734,A8-e003Coalescence-mBHI-p3,101958
60,E4-e003Coalescence-mGAM-p7_S147,11,441794,A8-e003Coalescence-mBHI-p3,101958
61,G8-e003Coalescence-mBHI-p5_S29,13,724274,A8-e003Coalescence-mBHI-p3,101958
62,E8-e003Coalescence-mBHI-p3_S105,38,1241202,A8-e003Coalescence-mBHI-p3,101958
63,E8-e003Coalescence-mGAM-p7_S149,6,443489,A8-e003Coalescence-mBHI-p3,101958
64,G9-e003Coalescence-mGAM-p3_S178,4940,597708,A8-e003Coalescence-mBHI-p3,101958
65,H8-e003Coalescence-mGAM-p7_S185,42,1287125,A8-e003Coalescence-mBHI-p3,101958
0,C9-e003Coalescence-mGAM-p3,6,745406,B9-e003Coalescence-mGAM-p5,101958
1,A8-e003Coalescence-mBHI-p3,10790,1148611,B9-e003Coalescence-mGAM-p5,101958
2,B9-e003Coalescence-mGAM-p5,0,1266654,B9-e003Coalescence-mGAM-p5,101958
3,C8-e003Assembly-mGAM-p3,6251,691607,B9-e003Coalescence-mGAM-p5,101958
4,C8-e003Assembly-mGAM-p5,4733,529291,B9-e003Coalescence-mGAM-p5,101958
5,A11-e003Coalescence-mGAM-p7,5576,600457,B9-e003Coalescence-mGAM-p5,101958
6,B11-e003Coalescence-mGAM-p3,17,1218073,B9-e003Coalescence-mGAM-p5,101958
7,A2-e003Coalescence-Inoculumn-mGAM,10364,1120015,B9-e003Coalescence-mGAM-p5,101958
8,D8-e003Coalescence-mGAM-p5,12341,1314015,B9-e003Coalescence-mGAM-p5,101958
9,A12-e003Coalescence-mGAM-p3,9620,1039277,B9-e003Coalescence-mGAM-p5,101958
10,B5-e003Coalescence-Inoculumn-mGAM,1,414446,B9-e003Coalescence-mGAM-p5,101958
11,C9-e003Coalescence-mBHI-p3,7,938458,B9-e003Coalescence-mGAM-p5,101958
12,C8-e003Coalescence-mBHI-p7,5684,594610,B9-e003Coalescence-mGAM-p5,101958
13,D8-e003Coalescence-mBHI-p5,5477,614083,B9-e003Coalescence-mGAM-p5,101958
14,B8-e003Assembly-mGAM-p3,4728,511311,B9-e003Coalescence-mGAM-p5,101958
15,A8-e003Coalescence-mBHI-p7,4829,508703,B9-e003Coalescence-mGAM-p5,101958
16,B2-e003Coalescence-Inoculumn-mGAM,7628,1049541,B9-e003Coalescence-mGAM-p5,101958
17,A3-e003Coalescence-Inoculumn-mGAM,3119,560503,B9-e003Coalescence-mGAM-p5,101958
18,A9-e003Coalescence-mBHI-p3,7207,1258192,B9-e003Coalescence-mGAM-p5,101958
19,B9-e003Coalescence-mGAM-p7,5,898503,B9-e003Coalescence-mGAM-p5,101958
20,C3-e003Coalescence-Inoculumn-mGAM,20,638925,B9-e003Coalescence-mGAM-p5,101958
21,B10-e003Coalescence-mBHI-p3,15,972288,B9-e003Coalescence-mGAM-p5,101958
22,A9-e003Coalescence-mBHI-p7,9071,1278174,B9-e003Coalescence-mGAM-p5,101958
23,C2-e003Coalescence-Inoculumn-mGAM,5377,582785,B9-e003Coalescence-mGAM-p5,101958
24,B3-e003Coalescence-Inoculumn-mGAM,2,1149670,B9-e003Coalescence-mGAM-p5,101958
25,B4-e003Coalescence-Inoculumn-mGAM,19,1001069,B9-e003Coalescence-mGAM-p5,101958
26,A2-e003Coalescence-mGAM-p5,9438,1011017,B9-e003Coalescence-mGAM-p5,101958
27,B8-e003Coalescence-mGAM-p5,6827,928737,B9-e003Coalescence-mGAM-p5,101958
28,A5-e003Coalescence-Inoculumn-mGAM,4686,521556,B9-e003Coalescence-mGAM-p5,101958
29,B8-e003GlycerolRevival-mGAM-p2,3861,422751,B9-e003Coalescence-mGAM-p5,101958
30,C8-e003Coalescence-mBHI-p5,11856,1271024,B9-e003Coalescence-mGAM-p5,101958
31,B8-e003Coalescence-mGAM-p7,4863,820884,B9-e003Coalescence-mGAM-p5,101958
32,D2-e003Coalescence-Inoculumn-mGAM,5509,604238,B9-e003Coalescence-mGAM-p5,101958
33,D3-e003Coalescence-Inoculumn-mGAM,3,824536,B9-e003Coalescence-mGAM-p5,101958
34,A11-e003Coalescence-mBHI-p3,11857,1273349,B9-e003Coalescence-mGAM-p5,101958
35,A4-e003Coalescence-Inoculumn-mGAM,11280,1214206,B9-e003Coalescence-mGAM-p5,101958
36,A9-e003Coalescence-mGAM-p5,6691,864112,B9-e003Coalescence-mGAM-p5,101958
37,A11-e003Coalescence-mGAM-p3,12154,1299785,B9-e003Coalescence-mGAM-p5,101958
38,E8-e003Coalescence-mBHI-p5_S5,4939,544751,B9-e003Coalescence-mGAM-p5,101958
39,E9-e003Coalescence-mBHI-p5_S6,319,571529,B9-e003Coalescence-mGAM-p5,101958
40,F111-e003Coalescence-mGAM-p5_S68,10,483352,B9-e003Coalescence-mGAM-p5,101958
41,H2-e003Coalescence-mGAM-p7_S181,11779,1262475,B9-e003Coalescence-mGAM-p5,101958
42,E100-e003Coalescence-mBHI-p7_S103,3409,380075,B9-e003Coalescence-mGAM-p5,101958
43,F9-e003Coalescence-mGAM-p5_S66,40,1107465,B9-e003Coalescence-mGAM-p5,101958
44,F111-e003Coalescence-mGAM-p7_S164,12,554759,B9-e003Coalescence-mGAM-p5,101958
45,E111-e003Coalescence-mBHI-p5_S8,3647,418252,B9-e003Coalescence-mGAM-p5,101958
46,H8-e003Coalescence-mBHI-p7_S137,9971,1076503,B9-e003Coalescence-mGAM-p5,101958
47,E8-e003Coalescence-mBHI-p7_S101,5487,665052,B9-e003Coalescence-mGAM-p5,101958
48,H8-e003Coalescence-mBHI-p5_S41,7275,806338,B9-e003Coalescence-mGAM-p5,101958
49,E100-e003Coalescence-mBHI-p5_S7,4700,524284,B9-e003Coalescence-mGAM-p5,101958
50,F9-e003Coalescence-mGAM-p7_S162,15,524905,B9-e003Coalescence-mGAM-p5,101958
51,F8-e003Coalescence-mGAM-p7_S161,3538,455511,B9-e003Coalescence-mGAM-p5,101958
52,G8-e003Coalescence-mBHI-p3_S129,4644,509674,B9-e003Coalescence-mGAM-p5,101958
53,H8-e003Coalescence-mGAM-p5_S89,11786,1268328,B9-e003Coalescence-mGAM-p5,101958
54,G100-e003Coalescence-mBHI-p3_S131,5604,612901,B9-e003Coalescence-mGAM-p5,101958
55,E9-e003Coalescence-mGAM-p3_S154,4665,749107,B9-e003Coalescence-mGAM-p5,101958
56,F111-e003Coalescence-mGAM-p3_S168,17,682972,B9-e003Coalescence-mGAM-p5,101958
57,G8-e003Coalescence-mBHI-p7_S125,6295,697792,B9-e003Coalescence-mGAM-p5,101958
58,E111-e003Coalescence-mBHI-p7_S104,4153,479608,B9-e003Coalescence-mGAM-p5,101958
59,E111-e003Coalescence-mGAM-p5_S56,11826,1269734,B9-e003Coalescence-mGAM-p5,101958
60,E4-e003Coalescence-mGAM-p7_S147,3808,441794,B9-e003Coalescence-mGAM-p5,101958
61,G8-e003Coalescence-mBHI-p5_S29,6629,724274,B9-e003Coalescence-mGAM-p5,101958
62,E8-e003Coalescence-mBHI-p3_S105,11479,1241202,B9-e003Coalescence-mGAM-p5,101958
63,E8-e003Coalescence-mGAM-p7_S149,3958,443489,B9-e003Coalescence-mGAM-p5,101958
64,G9-e003Coalescence-mGAM-p3_S178,19,597708,B9-e003Coalescence-mGAM-p5,101958
65,H8-e003Coalescence-mGAM-p7_S185,12005,1287125,B9-e003Coalescence-mGAM-p5,101958
0,C9-e003Coalescence-mGAM-p3,3580,745406,C8-e003Assembly-mGAM-p3,101958
1,A8-e003Coalescence-mBHI-p3,10,1148611,C8-e003Assembly-mGAM-p3,101958
2,B9-e003Coalescence-mGAM-p5,6248,1266654,C8-e003Assembly-mGAM-p3,101958
3,C8-e003Assembly-mGAM-p3,0,691607,C8-e003Assembly-mGAM-p3,101958
4,C8-e003Assembly-mGAM-p5,2,529291,C8-e003Assembly-mGAM-p3,101958
5,A11-e003Coalescence-mGAM-p7,4,600457,C8-e003Assembly-mGAM-p3,101958
6,B11-e003Coalescence-mGAM-p3,6001,1218073,C8-e003Assembly-mGAM-p3,101958
7,A2-e003Coalescence-Inoculumn-mGAM,9,1120015,C8-e003Assembly-mGAM-p3,101958
8,D8-e003Coalescence-mGAM-p5,9,1314015,C8-e003Assembly-mGAM-p3,101958
9,A12-e003Coalescence-mGAM-p3,8,1039277,C8-e003Assembly-mGAM-p3,101958
10,B5-e003Coalescence-Inoculumn-mGAM,2037,414446,C8-e003Assembly-mGAM-p3,101958
11,C9-e003Coalescence-mBHI-p3,4643,938458,C8-e003Assembly-mGAM-p3,101958
12,C8-e003Coalescence-mBHI-p7,9,594610,C8-e003Assembly-mGAM-p3,101958
13,D8-e003Coalescence-mBHI-p5,6,614083,C8-e003Assembly-mGAM-p3,101958
14,B8-e003Assembly-mGAM-p3,5,511311,C8-e003Assembly-mGAM-p3,101958
15,A8-e003Coalescence-mBHI-p7,7,508703,C8-e003Assembly-mGAM-p3,101958
16,B2-e003Coalescence-Inoculumn-mGAM,423,1049541,C8-e003Assembly-mGAM-p3,101958
17,A3-e003Coalescence-Inoculumn-mGAM,354,560503,C8-e003Assembly-mGAM-p3,101958
18,A9-e003Coalescence-mBHI-p3,1939,1258192,C8-e003Assembly-mGAM-p3,101958
19,B9-e003Coalescence-mGAM-p7,4397,898503,C8-e003Assembly-mGAM-p3,101958
20,C3-e003Coalescence-Inoculumn-mGAM,3153,638925,C8-e003Assembly-mGAM-p3,101958
21,B10-e003Coalescence-mBHI-p3,4772,972288,C8-e003Assembly-mGAM-p3,101958
22,A9-e003Coalescence-mBHI-p7,1080,1278174,C8-e003Assembly-mGAM-p3,101958
23,C2-e003Coalescence-Inoculumn-mGAM,11,582785,C8-e003Assembly-mGAM-p3,101958
24,B3-e003Coalescence-Inoculumn-mGAM,5670,1149670,C8-e003Assembly-mGAM-p3,101958
25,B4-e003Coalescence-Inoculumn-mGAM,4866,1001069,C8-e003Assembly-mGAM-p3,101958
26,A2-e003Coalescence-mGAM-p5,4,1011017,C8-e003Assembly-mGAM-p3,101958
27,B8-e003Coalescence-mGAM-p5,200,928737,C8-e003Assembly-mGAM-p3,101958
28,A5-e003Coalescence-Inoculumn-mGAM,10,521556,C8-e003Assembly-mGAM-p3,101958
29,B8-e003GlycerolRevival-mGAM-p2,5,422751,C8-e003Assembly-mGAM-p3,101958
30,C8-e003Coalescence-mBHI-p5,7,1271024,C8-e003Assembly-mGAM-p3,101958
31,B8-e003Coalescence-mGAM-p7,518,820884,C8-e003Assembly-mGAM-p3,101958
32,D2-e003Coalescence-Inoculumn-mGAM,13,604238,C8-e003Assembly-mGAM-p3,101958
33,D3-e003Coalescence-Inoculumn-mGAM,4139,824536,C8-e003Assembly-mGAM-p3,101958
34,A11-e003Coalescence-mBHI-p3,9,1273349,C8-e003Assembly-mGAM-p3,101958
35,A4-e003Coalescence-Inoculumn-mGAM,6,1214206,C8-e003Assembly-mGAM-p3,101958
36,A9-e003Coalescence-mGAM-p5,74,864112,C8-e003Assembly-mGAM-p3,101958
37,A11-e003Coalescence-mGAM-p3,6,1299785,C8-e003Assembly-mGAM-p3,101958
38,E8-e003Coalescence-mBHI-p5_S5,5,544751,C8-e003Assembly-mGAM-p3,101958
39,E9-e003Coalescence-mBHI-p5_S6,2254,571529,C8-e003Assembly-mGAM-p3,101958
40,F111-e003Coalescence-mGAM-p5_S68,2326,483352,C8-e003Assembly-mGAM-p3,101958
41,H2-e003Coalescence-mGAM-p7_S181,20,1262475,C8-e003Assembly-mGAM-p3,101958
42,E100-e003Coalescence-mBHI-p7_S103,6,380075,C8-e003Assembly-mGAM-p3,101958
43,F9-e003Coalescence-mGAM-p5_S66,5371,1107465,C8-e003Assembly-mGAM-p3,101958
44,F111-e003Coalescence-mGAM-p7_S164,2835,554759,C8-e003Assembly-mGAM-p3,101958
45,E111-e003Coalescence-mBHI-p5_S8,9,418252,C8-e003Assembly-mGAM-p3,101958
46,H8-e003Coalescence-mBHI-p7_S137,14,1076503,C8-e003Assembly-mGAM-p3,101958
47,E8-e003Coalescence-mBHI-p7_S101,16,665052,C8-e003Assembly-mGAM-p3,101958
48,H8-e003Coalescence-mBHI-p5_S41,15,806338,C8-e003Assembly-mGAM-p3,101958
49,E100-e003Coalescence-mBHI-p5_S7,13,524284,C8-e003Assembly-mGAM-p3,101958
50,F9-e003Coalescence-mGAM-p7_S162,2547,524905,C8-e003Assembly-mGAM-p3,101958
51,F8-e003Coalescence-mGAM-p7_S161,26,455511,C8-e003Assembly-mGAM-p3,101958
52,G8-e003Coalescence-mBHI-p3_S129,8,509674,C8-e003Assembly-mGAM-p3,101958
53,H8-e003Coalescence-mGAM-p5_S89,18,1268328,C8-e003Assembly-mGAM-p3,101958
54,G100-e003Coalescence-mBHI-p3_S131,9,612901,C8-e003Assembly-mGAM-p3,101958
55,E9-e003Coalescence-mGAM-p3_S154,254,749107,C8-e003Assembly-mGAM-p3,101958
56,F111-e003Coalescence-mGAM-p3_S168,3313,682972,C8-e003Assembly-mGAM-p3,101958
57,G8-e003Coalescence-mBHI-p7_S125,12,697792,C8-e003Assembly-mGAM-p3,101958
58,E111-e003Coalescence-mBHI-p7_S104,11,479608,C8-e003Assembly-mGAM-p3,101958
59,E111-e003Coalescence-mGAM-p5_S56,21,1269734,C8-e003Assembly-mGAM-p3,101958
60,E4-e003Coalescence-mGAM-p7_S147,11,441794,C8-e003Assembly-mGAM-p3,101958
61,G8-e003Coalescence-mBHI-p5_S29,16,724274,C8-e003Assembly-mGAM-p3,101958
62,E8-e003Coalescence-mBHI-p3_S105,18,1241202,C8-e003Assembly-mGAM-p3,101958
63,E8-e003Coalescence-mGAM-p7_S149,7,443489,C8-e003Assembly-mGAM-p3,101958
64,G9-e003Coalescence-mGAM-p3_S178,2878,597708,C8-e003Assembly-mGAM-p3,101958
65,H8-e003Coalescence-mGAM-p7_S185,24,1287125,C8-e003Assembly-mGAM-p3,101958
0,C9-e003Coalescence-mGAM-p3,2837,745406,C8-e003Assembly-mGAM-p5,101958
1,A8-e003Coalescence-mBHI-p3,8,1148611,C8-e003Assembly-mGAM-p5,101958
2,B9-e003Coalescence-mGAM-p5,4733,1266654,C8-e003Assembly-mGAM-p5,101958
3,C8-e003Assembly-mGAM-p3,6,691607,C8-e003Assembly-mGAM-p5,101958
4,C8-e003Assembly-mGAM-p5,0,529291,C8-e003Assembly-mGAM-p5,101958
5,A11-e003Coalescence-mGAM-p7,3,600457,C8-e003Assembly-mGAM-p5,101958
6,B11-e003Coalescence-mGAM-p3,4553,1218073,C8-e003Assembly-mGAM-p5,101958
7,A2-e003Coalescence-Inoculumn-mGAM,8,1120015,C8-e003Assembly-mGAM-p5,101958
8,D8-e003Coalescence-mGAM-p5,6,1314015,C8-e003Assembly-mGAM-p5,101958
9,A12-e003Coalescence-mGAM-p3,7,1039277,C8-e003Assembly-mGAM-p5,101958
10,B5-e003Coalescence-Inoculumn-mGAM,1513,414446,C8-e003Assembly-mGAM-p5,101958
11,C9-e003Coalescence-mBHI-p3,3495,938458,C8-e003Assembly-mGAM-p5,101958
12,C8-e003Coalescence-mBHI-p7,11,594610,C8-e003Assembly-mGAM-p5,101958
13,D8-e003Coalescence-mBHI-p5,3,614083,C8-e003Assembly-mGAM-p5,101958
14,B8-e003Assembly-mGAM-p3,5,511311,C8-e003Assembly-mGAM-p5,101958
15,A8-e003Coalescence-mBHI-p7,11,508703,C8-e003Assembly-mGAM-p5,101958
16,B2-e003Coalescence-Inoculumn-mGAM,337,1049541,C8-e003Assembly-mGAM-p5,101958
17,A3-e003Coalescence-Inoculumn-mGAM,280,560503,C8-e003Assembly-mGAM-p5,101958
18,A9-e003Coalescence-mBHI-p3,1543,1258192,C8-e003Assembly-mGAM-p5,101958
19,B9-e003Coalescence-mGAM-p7,3463,898503,C8-e003Assembly-mGAM-p5,101958
20,C3-e003Coalescence-Inoculumn-mGAM,2427,638925,C8-e003Assembly-mGAM-p5,101958
21,B10-e003Coalescence-mBHI-p3,3579,972288,C8-e003Assembly-mGAM-p5,101958
22,A9-e003Coalescence-mBHI-p7,825,1278174,C8-e003Assembly-mGAM-p5,101958
23,C2-e003Coalescence-Inoculumn-mGAM,13,582785,C8-e003Assembly-mGAM-p5,101958
24,B3-e003Coalescence-Inoculumn-mGAM,4338,1149670,C8-e003Assembly-mGAM-p5,101958
25,B4-e003Coalescence-Inoculumn-mGAM,3721,1001069,C8-e003Assembly-mGAM-p5,101958
26,A2-e003Coalescence-mGAM-p5,5,1011017,C8-e003Assembly-mGAM-p5,101958
27,B8-e003Coalescence-mGAM-p5,128,928737,C8-e003Assembly-mGAM-p5,101958
28,A5-e003Coalescence-Inoculumn-mGAM,4,521556,C8-e003Assembly-mGAM-p5,101958
29,B8-e003GlycerolRevival-mGAM-p2,6,422751,C8-e003Assembly-mGAM-p5,101958
30,C8-e003Coalescence-mBHI-p5,8,1271024,C8-e003Assembly-mGAM-p5,101958
31,B8-e003Coalescence-mGAM-p7,398,820884,C8-e003Assembly-mGAM-p5,101958
32,D2-e003Coalescence-Inoculumn-mGAM,8,604238,C8-e003Assembly-mGAM-p5,101958
33,D3-e003Coalescence-Inoculumn-mGAM,3159,824536,C8-e003Assembly-mGAM-p5,101958
34,A11-e003Coalescence-mBHI-p3,8,1273349,C8-e003Assembly-mGAM-p5,101958
35,A4-e003Coalescence-Inoculumn-mGAM,5,1214206,C8-e003Assembly-mGAM-p5,101958
36,A9-e003Coalescence-mGAM-p5,76,864112,C8-e003Assembly-mGAM-p5,101958
37,A11-e003Coalescence-mGAM-p3,8,1299785,C8-e003Assembly-mGAM-p5,101958
38,E8-e003Coalescence-mBHI-p5_S5,5,544751,C8-e003Assembly-mGAM-p5,101958
39,E9-e003Coalescence-mBHI-p5_S6,1697,571529,C8-e003Assembly-mGAM-p5,101958
40,F111-e003Coalescence-mGAM-p5_S68,1745,483352,C8-e003Assembly-mGAM-p5,101958
41,H2-e003Coalescence-mGAM-p7_S181,24,1262475,C8-e003Assembly-mGAM-p5,101958
42,E100-e003Coalescence-mBHI-p7_S103,9,380075,C8-e003Assembly-mGAM-p5,101958
43,F9-e003Coalescence-mGAM-p5_S66,4141,1107465,C8-e003Assembly-mGAM-p5,101958
44,F111-e003Coalescence-mGAM-p7_S164,2053,554759,C8-e003Assembly-mGAM-p5,101958
45,E111-e003Coalescence-mBHI-p5_S8,5,418252,C8-e003Assembly-mGAM-p5,101958
46,H8-e003Coalescence-mBHI-p7_S137,15,1076503,C8-e003Assembly-mGAM-p5,101958
47,E8-e003Coalescence-mBHI-p7_S101,19,665052,C8-e003Assembly-mGAM-p5,101958
48,H8-e003Coalescence-mBHI-p5_S41,17,806338,C8-e003Assembly-mGAM-p5,101958
49,E100-e003Coalescence-mBHI-p5_S7,11,524284,C8-e003Assembly-mGAM-p5,101958
50,F9-e003Coalescence-mGAM-p7_S162,1966,524905,C8-e003Assembly-mGAM-p5,101958
51,F8-e003Coalescence-mGAM-p7_S161,9,455511,C8-e003Assembly-mGAM-p5,101958
52,G8-e003Coalescence-mBHI-p3_S129,8,509674,C8-e003Assembly-mGAM-p5,101958
53,H8-e003Coalescence-mGAM-p5_S89,20,1268328,C8-e003Assembly-mGAM-p5,101958
54,G100-e003Coalescence-mBHI-p3_S131,7,612901,C8-e003Assembly-mGAM-p5,101958
55,E9-e003Coalescence-mGAM-p3_S154,190,749107,C8-e003Assembly-mGAM-p5,101958
56,F111-e003Coalescence-mGAM-p3_S168,2517,682972,C8-e003Assembly-mGAM-p5,101958
57,G8-e003Coalescence-mBHI-p7_S125,12,697792,C8-e003Assembly-mGAM-p5,101958
58,E111-e003Coalescence-mBHI-p7_S104,12,479608,C8-e003Assembly-mGAM-p5,101958
59,E111-e003Coalescence-mGAM-p5_S56,23,1269734,C8-e003Assembly-mGAM-p5,101958
60,E4-e003Coalescence-mGAM-p7_S147,7,441794,C8-e003Assembly-mGAM-p5,101958
61,G8-e003Coalescence-mBHI-p5_S29,11,724274,C8-e003Assembly-mGAM-p5,101958
62,E8-e003Coalescence-mBHI-p3_S105,19,1241202,C8-e003Assembly-mGAM-p5,101958
63,E8-e003Coalescence-mGAM-p7_S149,8,443489,C8-e003Assembly-mGAM-p5,101958
64,G9-e003Coalescence-mGAM-p3_S178,2180,597708,C8-e003Assembly-mGAM-p5,101958
65,H8-e003Coalescence-mGAM-p7_S185,24,1287125,C8-e003Assembly-mGAM-p5,101958
0,C9-e003Coalescence-mGAM-p3,3214,745406,A11-e003Coalescence-mGAM-p7,101958
1,A8-e003Coalescence-mBHI-p3,7,1148611,A11-e003Coalescence-mGAM-p7,101958
2,B9-e003Coalescence-mGAM-p5,5576,1266654,A11-e003Coalescence-mGAM-p7,101958
3,C8-e003Assembly-mGAM-p3,8,691607,A11-e003Coalescence-mGAM-p7,101958
4,C8-e003Assembly-mGAM-p5,2,529291,A11-e003Coalescence-mGAM-p7,101958
5,A11-e003Coalescence-mGAM-p7,0,600457,A11-e003Coalescence-mGAM-p7,101958
6,B11-e003Coalescence-mGAM-p3,5409,1218073,A11-e003Coalescence-mGAM-p7,101958
7,A2-e003Coalescence-Inoculumn-mGAM,5,1120015,A11-e003Coalescence-mGAM-p7,101958
8,D8-e003Coalescence-mGAM-p5,4,1314015,A11-e003Coalescence-mGAM-p7,101958
9,A12-e003Coalescence-mGAM-p3,6,1039277,A11-e003Coalescence-mGAM-p7,101958
10,B5-e003Coalescence-Inoculumn-mGAM,1822,414446,A11-e003Coalescence-mGAM-p7,101958
11,C9-e003Coalescence-mBHI-p3,4194,938458,A11-e003Coalescence-mGAM-p7,101958
12,C8-e003Coalescence-mBHI-p7,2,594610,A11-e003Coalescence-mGAM-p7,101958
13,D8-e003Coalescence-mBHI-p5,5,614083,A11-e003Coalescence-mGAM-p7,101958
14,B8-e003Assembly-mGAM-p3,4,511311,A11-e003Coalescence-mGAM-p7,101958
15,A8-e003Coalescence-mBHI-p7,6,508703,A11-e003Coalescence-mGAM-p7,101958
16,B2-e003Coalescence-Inoculumn-mGAM,397,1049541,A11-e003Coalescence-mGAM-p7,101958
17,A3-e003Coalescence-Inoculumn-mGAM,310,560503,A11-e003Coalescence-mGAM-p7,101958
18,A9-e003Coalescence-mBHI-p3,1814,1258192,A11-e003Coalescence-mGAM-p7,101958
19,B9-e003Coalescence-mGAM-p7,4102,898503,A11-e003Coalescence-mGAM-p7,101958
20,C3-e003Coalescence-Inoculumn-mGAM,2831,638925,A11-e003Coalescence-mGAM-p7,101958
21,B10-e003Coalescence-mBHI-p3,4215,972288,A11-e003Coalescence-mGAM-p7,101958
22,A9-e003Coalescence-mBHI-p7,958,1278174,A11-e003Coalescence-mGAM-p7,101958
23,C2-e003Coalescence-Inoculumn-mGAM,6,582785,A11-e003Coalescence-mGAM-p7,101958
24,B3-e003Coalescence-Inoculumn-mGAM,5010,1149670,A11-e003Coalescence-mGAM-p7,101958
25,B4-e003Coalescence-Inoculumn-mGAM,4398,1001069,A11-e003Coalescence-mGAM-p7,101958
26,A2-e003Coalescence-mGAM-p5,5,1011017,A11-e003Coalescence-mGAM-p7,101958
27,B8-e003Coalescence-mGAM-p5,151,928737,A11-e003Coalescence-mGAM-p7,101958
28,A5-e003Coalescence-Inoculumn-mGAM,3,521556,A11-e003Coalescence-mGAM-p7,101958
29,B8-e003GlycerolRevival-mGAM-p2,4,422751,A11-e003Coalescence-mGAM-p7,101958
30,C8-e003Coalescence-mBHI-p5,3,1271024,A11-e003Coalescence-mGAM-p7,101958
31,B8-e003Coalescence-mGAM-p7,476,820884,A11-e003Coalescence-mGAM-p7,101958
32,D2-e003Coalescence-Inoculumn-mGAM,1,604238,A11-e003Coalescence-mGAM-p7,101958
33,D3-e003Coalescence-Inoculumn-mGAM,3709,824536,A11-e003Coalescence-mGAM-p7,101958
34,A11-e003Coalescence-mBHI-p3,1,1273349,A11-e003Coalescence-mGAM-p7,101958
35,A4-e003Coalescence-Inoculumn-mGAM,4,1214206,A11-e003Coalescence-mGAM-p7,101958
36,A9-e003Coalescence-mGAM-p5,85,864112,A11-e003Coalescence-mGAM-p7,101958
37,A11-e003Coalescence-mGAM-p3,4,1299785,A11-e003Coalescence-mGAM-p7,101958
38,E8-e003Coalescence-mBHI-p5_S5,5,544751,A11-e003Coalescence-mGAM-p7,101958
39,E9-e003Coalescence-mBHI-p5_S6,2005,571529,A11-e003Coalescence-mGAM-p7,101958
40,F111-e003Coalescence-mGAM-p5_S68,2089,483352,A11-e003Coalescence-mGAM-p7,101958
41,H2-e003Coalescence-mGAM-p7_S181,19,1262475,A11-e003Coalescence-mGAM-p7,101958
42,E100-e003Coalescence-mBHI-p7_S103,7,380075,A11-e003Coalescence-mGAM-p7,101958
43,F9-e003Coalescence-mGAM-p5_S66,4782,1107465,A11-e003Coalescence-mGAM-p7,101958
44,F111-e003Coalescence-mGAM-p7_S164,2475,554759,A11-e003Coalescence-mGAM-p7,101958
45,E111-e003Coalescence-mBHI-p5_S8,7,418252,A11-e003Coalescence-mGAM-p7,101958
46,H8-e003Coalescence-mBHI-p7_S137,11,1076503,A11-e003Coalescence-mGAM-p7,101958
47,E8-e003Coalescence-mBHI-p7_S101,16,665052,A11-e003Coalescence-mGAM-p7,101958
48,H8-e003Coalescence-mBHI-p5_S41,12,806338,A11-e003Coalescence-mGAM-p7,101958
49,E100-e003Coalescence-mBHI-p5_S7,8,524284,A11-e003Coalescence-mGAM-p7,101958
50,F9-e003Coalescence-mGAM-p7_S162,2339,524905,A11-e003Coalescence-mGAM-p7,101958
51,F8-e003Coalescence-mGAM-p7_S161,16,455511,A11-e003Coalescence-mGAM-p7,101958
52,G8-e003Coalescence-mBHI-p3_S129,6,509674,A11-e003Coalescence-mGAM-p7,101958
53,H8-e003Coalescence-mGAM-p5_S89,21,1268328,A11-e003Coalescence-mGAM-p7,101958
54,G100-e003Coalescence-mBHI-p3_S131,5,612901,A11-e003Coalescence-mGAM-p7,101958
55,E9-e003Coalescence-mGAM-p3_S154,214,749107,A11-e003Coalescence-mGAM-p7,101958
56,F111-e003Coalescence-mGAM-p3_S168,2906,682972,A11-e003Coalescence-mGAM-p7,101958
57,G8-e003Coalescence-mBHI-p7_S125,9,697792,A11-e003Coalescence-mGAM-p7,101958
58,E111-e003Coalescence-mBHI-p7_S104,5,479608,A11-e003Coalescence-mGAM-p7,101958
59,E111-e003Coalescence-mGAM-p5_S56,17,1269734,A11-e003Coalescence-mGAM-p7,101958
60,E4-e003Coalescence-mGAM-p7_S147,6,441794,A11-e003Coalescence-mGAM-p7,101958
61,G8-e003Coalescence-mBHI-p5_S29,6,724274,A11-e003Coalescence-mGAM-p7,101958
62,E8-e003Coalescence-mBHI-p3_S105,19,1241202,A11-e003Coalescence-mGAM-p7,101958
63,E8-e003Coalescence-mGAM-p7_S149,3,443489,A11-e003Coalescence-mGAM-p7,101958
64,G9-e003Coalescence-mGAM-p3_S178,2655,597708,A11-e003Coalescence-mGAM-p7,101958
65,H8-e003Coalescence-mGAM-p7_S185,21,1287125,A11-e003Coalescence-mGAM-p7,101958
0,C9-e003Coalescence-mGAM-p3,4,745406,B11-e003Coalescence-mGAM-p3,101958
1,A8-e003Coalescence-mBHI-p3,10403,1148611,B11-e003Coalescence-mGAM-p3,101958
2,B9-e003Coalescence-mGAM-p5,11,1266654,B11-e003Coalescence-mGAM-p3,101958
3,C8-e003Assembly-mGAM-p3,6004,691607,B11-e003Coalescence-mGAM-p3,101958
4,C8-e003Assembly-mGAM-p5,4553,529291,B11-e003Coalescence-mGAM-p3,101958
5,A11-e003Coalescence-mGAM-p7,5411,600457,B11-e003Coalescence-mGAM-p3,101958
6,B11-e003Coalescence-mGAM-p3,0,1218073,B11-e003Coalescence-mGAM-p3,101958
7,A2-e003Coalescence-Inoculumn-mGAM,9977,1120015,B11-e003Coalescence-mGAM-p3,101958
8,D8-e003Coalescence-mGAM-p5,11861,1314015,B11-e003Coalescence-mGAM-p3,101958
9,A12-e003Coalescence-mGAM-p3,9278,1039277,B11-e003Coalescence-mGAM-p3,101958
10,B5-e003Coalescence-Inoculumn-mGAM,2,414446,B11-e003Coalescence-mGAM-p3,101958
11,C9-e003Coalescence-mBHI-p3,8,938458,B11-e003Coalescence-mGAM-p3,101958
12,C8-e003Coalescence-mBHI-p7,5435,594610,B11-e003Coalescence-mGAM-p3,101958
13,D8-e003Coalescence-mBHI-p5,5292,614083,B11-e003Coalescence-mGAM-p3,101958
14,B8-e003Assembly-mGAM-p3,4612,511311,B11-e003Coalescence-mGAM-p3,101958
15,A8-e003Coalescence-mBHI-p7,4670,508703,B11-e003Coalescence-mGAM-p3,101958
16,B2-e003Coalescence-Inoculumn-mGAM,7355,1049541,B11-e003Coalescence-mGAM-p3,101958
17,A3-e003Coalescence-Inoculumn-mGAM,3009,560503,B11-e003Coalescence-mGAM-p3,101958
18,A9-e003Coalescence-mBHI-p3,6910,1258192,B11-e003Coalescence-mGAM-p3,101958
19,B9-e003Coalescence-mGAM-p7,7,898503,B11-e003Coalescence-mGAM-p3,101958
20,C3-e003Coalescence-Inoculumn-mGAM,14,638925,B11-e003Coalescence-mGAM-p3,101958
21,B10-e003Coalescence-mBHI-p3,17,972288,B11-e003Coalescence-mGAM-p3,101958
22,A9-e003Coalescence-mBHI-p7,8809,1278174,B11-e003Coalescence-mGAM-p3,101958
23,C2-e003Coalescence-Inoculumn-mGAM,5190,582785,B11-e003Coalescence-mGAM-p3,101958
24,B3-e003Coalescence-Inoculumn-mGAM,5,1149670,B11-e003Coalescence-mGAM-p3,101958
25,B4-e003Coalescence-Inoculumn-mGAM,20,1001069,B11-e003Coalescence-mGAM-p3,101958
26,A2-e003Coalescence-mGAM-p5,9067,1011017,B11-e003Coalescence-mGAM-p3,101958
27,B8-e003Coalescence-mGAM-p5,6604,928737,B11-e003Coalescence-mGAM-p3,101958
28,A5-e003Coalescence-Inoculumn-mGAM,4521,521556,B11-e003Coalescence-mGAM-p3,101958
29,B8-e003GlycerolRevival-mGAM-p2,3713,422751,B11-e003Coalescence-mGAM-p3,101958
30,C8-e003Coalescence-mBHI-p5,11383,1271024,B11-e003Coalescence-mGAM-p3,101958
31,B8-e003Coalescence-mGAM-p7,4676,820884,B11-e003Coalescence-mGAM-p3,101958
32,D2-e003Coalescence-Inoculumn-mGAM,5290,604238,B11-e003Coalescence-mGAM-p3,101958
33,D3-e003Coalescence-Inoculumn-mGAM,2,824536,B11-e003Coalescence-mGAM-p3,101958
34,A11-e003Coalescence-mBHI-p3,11421,1273349,B11-e003Coalescence-mGAM-p3,101958
35,A4-e003Coalescence-Inoculumn-mGAM,10876,1214206,B11-e003Coalescence-mGAM-p3,101958
36,A9-e003Coalescence-mGAM-p5,6440,864112,B11-e003Coalescence-mGAM-p3,101958
37,A11-e003Coalescence-mGAM-p3,11713,1299785,B11-e003Coalescence-mGAM-p3,101958
38,E8-e003Coalescence-mBHI-p5_S5,4784,544751,B11-e003Coalescence-mGAM-p3,101958
39,E9-e003Coalescence-mBHI-p5_S6,316,571529,B11-e003Coalescence-mGAM-p3,101958
40,F111-e003Coalescence-mGAM-p5_S68,7,483352,B11-e003Coalescence-mGAM-p3,101958
41,H2-e003Coalescence-mGAM-p7_S181,11347,1262475,B11-e003Coalescence-mGAM-p3,101958
42,E100-e003Coalescence-mBHI-p7_S103,3299,380075,B11-e003Coalescence-mGAM-p3,101958
43,F9-e003Coalescence-mGAM-p5_S66,43,1107465,B11-e003Coalescence-mGAM-p3,101958
44,F111-e003Coalescence-mGAM-p7_S164,13,554759,B11-e003Coalescence-mGAM-p3,101958
45,E111-e003Coalescence-mBHI-p5_S8,3539,418252,B11-e003Coalescence-mGAM-p3,101958
46,H8-e003Coalescence-mBHI-p7_S137,9575,1076503,B11-e003Coalescence-mGAM-p3,101958
47,E8-e003Coalescence-mBHI-p7_S101,5273,665052,B11-e003Coalescence-mGAM-p3,101958
48,H8-e003Coalescence-mBHI-p5_S41,7033,806338,B11-e003Coalescence-mGAM-p3,101958
49,E100-e003Coalescence-mBHI-p5_S7,4541,524284,B11-e003Coalescence-mGAM-p3,101958
50,F9-e003Coalescence-mGAM-p7_S162,18,524905,B11-e003Coalescence-mGAM-p3,101958
51,F8-e003Coalescence-mGAM-p7_S161,3402,455511,B11-e003Coalescence-mGAM-p3,101958
52,G8-e003Coalescence-mBHI-p3_S129,4518,509674,B11-e003Coalescence-mGAM-p3,101958
53,H8-e003Coalescence-mGAM-p5_S89,11386,1268328,B11-e003Coalescence-mGAM-p3,101958
54,G100-e003Coalescence-mBHI-p3_S131,5409,612901,B11-e003Coalescence-mGAM-p3,101958
55,E9-e003Coalescence-mGAM-p3_S154,4514,749107,B11-e003Coalescence-mGAM-p3,101958
56,F111-e003Coalescence-mGAM-p3_S168,19,682972,B11-e003Coalescence-mGAM-p3,101958
57,G8-e003Coalescence-mBHI-p7_S125,6073,697792,B11-e003Coalescence-mGAM-p3,101958
58,E111-e003Coalescence-mBHI-p7_S104,4033,479608,B11-e003Coalescence-mGAM-p3,101958
59,E111-e003Coalescence-mGAM-p5_S56,11387,1269734,B11-e003Coalescence-mGAM-p3,101958
60,E4-e003Coalescence-mGAM-p7_S147,3668,441794,B11-e003Coalescence-mGAM-p3,101958
61,G8-e003Coalescence-mBHI-p5_S29,6423,724274,B11-e003Coalescence-mGAM-p3,101958
62,E8-e003Coalescence-mBHI-p3_S105,11069,1241202,B11-e003Coalescence-mGAM-p3,101958
63,E8-e003Coalescence-mGAM-p7_S149,3814,443489,B11-e003Coalescence-mGAM-p3,101958
64,G9-e003Coalescence-mGAM-p3_S178,19,597708,B11-e003Coalescence-mGAM-p3,101958
65,H8-e003Coalescence-mGAM-p7_S185,11549,1287125,B11-e003Coalescence-mGAM-p3,101958
0,C9-e003Coalescence-mGAM-p3,5897,745406,A2-e003Coalescence-Inoculumn-mGAM,101958
1,A8-e003Coalescence-mBHI-p3,2,1148611,A2-e003Coalescence-Inoculumn-mGAM,101958
2,B9-e003Coalescence-mGAM-p5,10360,1266654,A2-e003Coalescence-Inoculumn-mGAM,101958
3,C8-e003Assembly-mGAM-p3,2,691607,A2-e003Coalescence-Inoculumn-mGAM,101958
4,C8-e003Assembly-mGAM-p5,0,529291,A2-e003Coalescence-Inoculumn-mGAM,101958
5,A11-e003Coalescence-mGAM-p7,0,600457,A2-e003Coalescence-Inoculumn-mGAM,101958
6,B11-e003Coalescence-mGAM-p3,9974,1218073,A2-e003Coalescence-Inoculumn-mGAM,101958
7,A2-e003Coalescence-Inoculumn-mGAM,0,1120015,A2-e003Coalescence-Inoculumn-mGAM,101958
8,D8-e003Coalescence-mGAM-p5,0,1314015,A2-e003Coalescence-Inoculumn-mGAM,101958
9,A12-e003Coalescence-mGAM-p3,1,1039277,A2-e003Coalescence-Inoculumn-mGAM,101958
10,B5-e003Coalescence-Inoculumn-mGAM,3271,414446,A2-e003Coalescence-Inoculumn-mGAM,101958
11,C9-e003Coalescence-mBHI-p3,7613,938458,A2-e003Coalescence-Inoculumn-mGAM,101958
12,C8-e003Coalescence-mBHI-p7,4,594610,A2-e003Coalescence-Inoculumn-mGAM,101958
13,D8-e003Coalescence-mBHI-p5,0,614083,A2-e003Coalescence-Inoculumn-mGAM,101958
14,B8-e003Assembly-mGAM-p3,2,511311,A2-e003Coalescence-Inoculumn-mGAM,101958
15,A8-e003Coalescence-mBHI-p7,9,508703,A2-e003Coalescence-Inoculumn-mGAM,101958
16,B2-e003Coalescence-Inoculumn-mGAM,765,1049541,A2-e003Coalescence-Inoculumn-mGAM,101958
17,A3-e003Coalescence-Inoculumn-mGAM,529,560503,A2-e003Coalescence-Inoculumn-mGAM,101958
18,A9-e003Coalescence-mBHI-p3,3502,1258192,A2-e003Coalescence-Inoculumn-mGAM,101958
19,B9-e003Coalescence-mGAM-p7,7404,898503,A2-e003Coalescence-Inoculumn-mGAM,101958
20,C3-e003Coalescence-Inoculumn-mGAM,5187,638925,A2-e003Coalescence-Inoculumn-mGAM,101958
21,B10-e003Coalescence-mBHI-p3,7779,972288,A2-e003Coalescence-Inoculumn-mGAM,101958
22,A9-e003Coalescence-mBHI-p7,1972,1278174,A2-e003Coalescence-Inoculumn-mGAM,101958
23,C2-e003Coalescence-Inoculumn-mGAM,5,582785,A2-e003Coalescence-Inoculumn-mGAM,101958
24,B3-e003Coalescence-Inoculumn-mGAM,9332,1149670,A2-e003Coalescence-Inoculumn-mGAM,101958
25,B4-e003Coalescence-Inoculumn-mGAM,7992,1001069,A2-e003Coalescence-Inoculumn-mGAM,101958
26,A2-e003Coalescence-mGAM-p5,0,1011017,A2-e003Coalescence-Inoculumn-mGAM,101958
27,B8-e003Coalescence-mGAM-p5,333,928737,A2-e003Coalescence-Inoculumn-mGAM,101958
28,A5-e003Coalescence-Inoculumn-mGAM,3,521556,A2-e003Coalescence-Inoculumn-mGAM,101958
29,B8-e003GlycerolRevival-mGAM-p2,8,422751,A2-e003Coalescence-Inoculumn-mGAM,101958
30,C8-e003Coalescence-mBHI-p5,3,1271024,A2-e003Coalescence-Inoculumn-mGAM,101958
31,B8-e003Coalescence-mGAM-p7,853,820884,A2-e003Coalescence-Inoculumn-mGAM,101958
32,D2-e003Coalescence-Inoculumn-mGAM,0,604238,A2-e003Coalescence-Inoculumn-mGAM,101958
33,D3-e003Coalescence-Inoculumn-mGAM,6771,824536,A2-e003Coalescence-Inoculumn-mGAM,101958
34,A11-e003Coalescence-mBHI-p3,8,1273349,A2-e003Coalescence-Inoculumn-mGAM,101958
35,A4-e003Coalescence-Inoculumn-mGAM,3,1214206,A2-e003Coalescence-Inoculumn-mGAM,101958
36,A9-e003Coalescence-mGAM-p5,145,864112,A2-e003Coalescence-Inoculumn-mGAM,101958
37,A11-e003Coalescence-mGAM-p3,3,1299785,A2-e003Coalescence-Inoculumn-mGAM,101958
38,E8-e003Coalescence-mBHI-p5_S5,6,544751,A2-e003Coalescence-Inoculumn-mGAM,101958
39,E9-e003Coalescence-mBHI-p5_S6,3586,571529,A2-e003Coalescence-Inoculumn-mGAM,101958
40,F111-e003Coalescence-mGAM-p5_S68,3766,483352,A2-e003Coalescence-Inoculumn-mGAM,101958
41,H2-e003Coalescence-mGAM-p7_S181,40,1262475,A2-e003Coalescence-Inoculumn-mGAM,101958
42,E100-e003Coalescence-mBHI-p7_S103,11,380075,A2-e003Coalescence-Inoculumn-mGAM,101958
43,F9-e003Coalescence-mGAM-p5_S66,8938,1107465,A2-e003Coalescence-Inoculumn-mGAM,101958
44,F111-e003Coalescence-mGAM-p7_S164,4461,554759,A2-e003Coalescence-Inoculumn-mGAM,101958
45,E111-e003Coalescence-mBHI-p5_S8,7,418252,A2-e003Coalescence-Inoculumn-mGAM,101958
46,H8-e003Coalescence-mBHI-p7_S137,27,1076503,A2-e003Coalescence-Inoculumn-mGAM,101958
47,E8-e003Coalescence-mBHI-p7_S101,24,665052,A2-e003Coalescence-Inoculumn-mGAM,101958
48,H8-e003Coalescence-mBHI-p5_S41,16,806338,A2-e003Coalescence-Inoculumn-mGAM,101958
49,E100-e003Coalescence-mBHI-p5_S7,11,524284,A2-e003Coalescence-Inoculumn-mGAM,101958
50,F9-e003Coalescence-mGAM-p7_S162,4255,524905,A2-e003Coalescence-Inoculumn-mGAM,101958
51,F8-e003Coalescence-mGAM-p7_S161,16,455511,A2-e003Coalescence-Inoculumn-mGAM,101958
52,G8-e003Coalescence-mBHI-p3_S129,15,509674,A2-e003Coalescence-Inoculumn-mGAM,101958
53,H8-e003Coalescence-mGAM-p5_S89,30,1268328,A2-e003Coalescence-Inoculumn-mGAM,101958
54,G100-e003Coalescence-mBHI-p3_S131,6,612901,A2-e003Coalescence-Inoculumn-mGAM,101958
55,E9-e003Coalescence-mGAM-p3_S154,405,749107,A2-e003Coalescence-Inoculumn-mGAM,101958
56,F111-e003Coalescence-mGAM-p3_S168,5371,682972,A2-e003Coalescence-Inoculumn-mGAM,101958
57,G8-e003Coalescence-mBHI-p7_S125,18,697792,A2-e003Coalescence-Inoculumn-mGAM,101958
58,E111-e003Coalescence-mBHI-p7_S104,12,479608,A2-e003Coalescence-Inoculumn-mGAM,101958
59,E111-e003Coalescence-mGAM-p5_S56,34,1269734,A2-e003Coalescence-Inoculumn-mGAM,101958
60,E4-e003Coalescence-mGAM-p7_S147,9,441794,A2-e003Coalescence-Inoculumn-mGAM,101958
61,G8-e003Coalescence-mBHI-p5_S29,14,724274,A2-e003Coalescence-Inoculumn-mGAM,101958
62,E8-e003Coalescence-mBHI-p3_S105,31,1241202,A2-e003Coalescence-Inoculumn-mGAM,101958
63,E8-e003Coalescence-mGAM-p7_S149,5,443489,A2-e003Coalescence-Inoculumn-mGAM,101958
64,G9-e003Coalescence-mGAM-p3_S178,4655,597708,A2-e003Coalescence-Inoculumn-mGAM,101958
65,H8-e003Coalescence-mGAM-p7_S185,41,1287125,A2-e003Coalescence-Inoculumn-mGAM,101958
0,C9-e003Coalescence-mGAM-p3,6882,745406,D8-e003Coalescence-mGAM-p5,101958
1,A8-e003Coalescence-mBHI-p3,0,1148611,D8-e003Coalescence-mGAM-p5,101958
2,B9-e003Coalescence-mGAM-p5,12335,1266654,D8-e003Coalescence-mGAM-p5,101958
3,C8-e003Assembly-mGAM-p3,0,691607,D8-e003Coalescence-mGAM-p5,101958
4,C8-e003Assembly-mGAM-p5,1,529291,D8-e003Coalescence-mGAM-p5,101958
5,A11-e003Coalescence-mGAM-p7,1,600457,D8-e003Coalescence-mGAM-p5,101958
6,B11-e003Coalescence-mGAM-p3,11851,1218073,D8-e003Coalescence-mGAM-p5,101958
7,A2-e003Coalescence-Inoculumn-mGAM,0,1120015,D8-e003Coalescence-mGAM-p5,101958
8,D8-e003Coalescence-mGAM-p5,0,1314015,D8-e003Coalescence-mGAM-p5,101958
9,A12-e003Coalescence-mGAM-p3,0,1039277,D8-e003Coalescence-mGAM-p5,101958
10,B5-e003Coalescence-Inoculumn-mGAM,3782,414446,D8-e003Coalescence-mGAM-p5,101958
11,C9-e003Coalescence-mBHI-p3,8955,938458,D8-e003Coalescence-mGAM-p5,101958
12,C8-e003Coalescence-mBHI-p7,0,594610,D8-e003Coalescence-mGAM-p5,101958
13,D8-e003Coalescence-mBHI-p5,1,614083,D8-e003Coalescence-mGAM-p5,101958
14,B8-e003Assembly-mGAM-p3,0,511311,D8-e003Coalescence-mGAM-p5,101958
15,A8-e003Coalescence-mBHI-p7,14,508703,D8-e003Coalescence-mGAM-p5,101958
16,B2-e003Coalescence-Inoculumn-mGAM,900,1049541,D8-e003Coalescence-mGAM-p5,101958
17,A3-e003Coalescence-Inoculumn-mGAM,633,560503,D8-e003Coalescence-mGAM-p5,101958
18,A9-e003Coalescence-mBHI-p3,4252,1258192,D8-e003Coalescence-mGAM-p5,101958
19,B9-e003Coalescence-mGAM-p7,8772,898503,D8-e003Coalescence-mGAM-p5,101958
20,C3-e003Coalescence-Inoculumn-mGAM,6050,638925,D8-e003Coalescence-mGAM-p5,101958
21,B10-e003Coalescence-mBHI-p3,9214,972288,D8-e003Coalescence-mGAM-p5,101958
22,A9-e003Coalescence-mBHI-p7,2358,1278174,D8-e003Coalescence-mGAM-p5,101958
23,C2-e003Coalescence-Inoculumn-mGAM,6,582785,D8-e003Coalescence-mGAM-p5,101958
24,B3-e003Coalescence-Inoculumn-mGAM,11038,1149670,D8-e003Coalescence-mGAM-p5,101958
25,B4-e003Coalescence-Inoculumn-mGAM,9499,1001069,D8-e003Coalescence-mGAM-p5,101958
26,A2-e003Coalescence-mGAM-p5,0,1011017,D8-e003Coalescence-mGAM-p5,101958
27,B8-e003Coalescence-mGAM-p5,396,928737,D8-e003Coalescence-mGAM-p5,101958
28,A5-e003Coalescence-Inoculumn-mGAM,1,521556,D8-e003Coalescence-mGAM-p5,101958
29,B8-e003GlycerolRevival-mGAM-p2,2,422751,D8-e003Coalescence-mGAM-p5,101958
30,C8-e003Coalescence-mBHI-p5,3,1271024,D8-e003Coalescence-mGAM-p5,101958
31,B8-e003Coalescence-mGAM-p7,1020,820884,D8-e003Coalescence-mGAM-p5,101958
32,D2-e003Coalescence-Inoculumn-mGAM,0,604238,D8-e003Coalescence-mGAM-p5,101958
33,D3-e003Coalescence-Inoculumn-mGAM,7968,824536,D8-e003Coalescence-mGAM-p5,101958
34,A11-e003Coalescence-mBHI-p3,1,1273349,D8-e003Coalescence-mGAM-p5,101958
35,A4-e003Coalescence-Inoculumn-mGAM,0,1214206,D8-e003Coalescence-mGAM-p5,101958
36,A9-e003Coalescence-mGAM-p5,192,864112,D8-e003Coalescence-mGAM-p5,101958
37,A11-e003Coalescence-mGAM-p3,0,1299785,D8-e003Coalescence-mGAM-p5,101958
38,E8-e003Coalescence-mBHI-p5_S5,7,544751,D8-e003Coalescence-mGAM-p5,101958
39,E9-e003Coalescence-mBHI-p5_S6,4230,571529,D8-e003Coalescence-mGAM-p5,101958
40,F111-e003Coalescence-mGAM-p5_S68,4380,483352,D8-e003Coalescence-mGAM-p5,101958
41,H2-e003Coalescence-mGAM-p7_S181,46,1262475,D8-e003Coalescence-mGAM-p5,101958
42,E100-e003Coalescence-mBHI-p7_S103,15,380075,D8-e003Coalescence-mGAM-p5,101958
43,F9-e003Coalescence-mGAM-p5_S66,10501,1107465,D8-e003Coalescence-mGAM-p5,101958
44,F111-e003Coalescence-mGAM-p7_S164,5216,554759,D8-e003Coalescence-mGAM-p5,101958
45,E111-e003Coalescence-mBHI-p5_S8,6,418252,D8-e003Coalescence-mGAM-p5,101958
46,H8-e003Coalescence-mBHI-p7_S137,30,1076503,D8-e003Coalescence-mGAM-p5,101958
47,E8-e003Coalescence-mBHI-p7_S101,28,665052,D8-e003Coalescence-mGAM-p5,101958
48,H8-e003Coalescence-mBHI-p5_S41,20,806338,D8-e003Coalescence-mGAM-p5,101958
49,E100-e003Coalescence-mBHI-p5_S7,14,524284,D8-e003Coalescence-mGAM-p5,101958
50,F9-e003Coalescence-mGAM-p7_S162,4949,524905,D8-e003Coalescence-mGAM-p5,101958
51,F8-e003Coalescence-mGAM-p7_S161,22,455511,D8-e003Coalescence-mGAM-p5,101958
52,G8-e003Coalescence-mBHI-p3_S129,16,509674,D8-e003Coalescence-mGAM-p5,101958
53,H8-e003Coalescence-mGAM-p5_S89,36,1268328,D8-e003Coalescence-mGAM-p5,101958
54,G100-e003Coalescence-mBHI-p3_S131,5,612901,D8-e003Coalescence-mGAM-p5,101958
55,E9-e003Coalescence-mGAM-p3_S154,501,749107,D8-e003Coalescence-mGAM-p5,101958
56,F111-e003Coalescence-mGAM-p3_S168,6268,682972,D8-e003Coalescence-mGAM-p5,101958
57,G8-e003Coalescence-mBHI-p7_S125,22,697792,D8-e003Coalescence-mGAM-p5,101958
58,E111-e003Coalescence-mBHI-p7_S104,8,479608,D8-e003Coalescence-mGAM-p5,101958
59,E111-e003Coalescence-mGAM-p5_S56,40,1269734,D8-e003Coalescence-mGAM-p5,101958
60,E4-e003Coalescence-mGAM-p7_S147,9,441794,D8-e003Coalescence-mGAM-p5,101958
61,G8-e003Coalescence-mBHI-p5_S29,14,724274,D8-e003Coalescence-mGAM-p5,101958
62,E8-e003Coalescence-mBHI-p3_S105,37,1241202,D8-e003Coalescence-mGAM-p5,101958
63,E8-e003Coalescence-mGAM-p7_S149,6,443489,D8-e003Coalescence-mGAM-p5,101958
64,G9-e003Coalescence-mGAM-p3_S178,5495,597708,D8-e003Coalescence-mGAM-p5,101958
65,H8-e003Coalescence-mGAM-p7_S185,44,1287125,D8-e003Coalescence-mGAM-p5,101958
0,C9-e003Coalescence-mGAM-p3,5560,745406,A12-e003Coalescence-mGAM-p3,101958
1,A8-e003Coalescence-mBHI-p3,8,1148611,A12-e003Coalescence-mGAM-p3,101958
2,B9-e003Coalescence-mGAM-p5,9616,1266654,A12-e003Coalescence-mGAM-p3,101958
3,C8-e003Assembly-mGAM-p3,4,691607,A12-e003Coalescence-mGAM-p3,101958
4,C8-e003Assembly-mGAM-p5,2,529291,A12-e003Coalescence-mGAM-p3,101958
5,A11-e003Coalescence-mGAM-p7,4,600457,A12-e003Coalescence-mGAM-p3,101958
6,B11-e003Coalescence-mGAM-p3,9276,1218073,A12-e003Coalescence-mGAM-p3,101958
7,A2-e003Coalescence-Inoculumn-mGAM,12,1120015,A12-e003Coalescence-mGAM-p3,101958
8,D8-e003Coalescence-mGAM-p5,12,1314015,A12-e003Coalescence-mGAM-p3,101958
9,A12-e003Coalescence-mGAM-p3,0,1039277,A12-e003Coalescence-mGAM-p3,101958
10,B5-e003Coalescence-Inoculumn-mGAM,3044,414446,A12-e003Coalescence-mGAM-p3,101958
11,C9-e003Coalescence-mBHI-p3,7068,938458,A12-e003Coalescence-mGAM-p3,101958
12,C8-e003Coalescence-mBHI-p7,9,594610,A12-e003Coalescence-mGAM-p3,101958
13,D8-e003Coalescence-mBHI-p5,3,614083,A12-e003Coalescence-mGAM-p3,101958
14,B8-e003Assembly-mGAM-p3,4,511311,A12-e003Coalescence-mGAM-p3,101958
15,A8-e003Coalescence-mBHI-p7,17,508703,A12-e003Coalescence-mGAM-p3,101958
16,B2-e003Coalescence-Inoculumn-mGAM,700,1049541,A12-e003Coalescence-mGAM-p3,101958
17,A3-e003Coalescence-Inoculumn-mGAM,516,560503,A12-e003Coalescence-mGAM-p3,101958
18,A9-e003Coalescence-mBHI-p3,3184,1258192,A12-e003Coalescence-mGAM-p3,101958
19,B9-e003Coalescence-mGAM-p7,6996,898503,A12-e003Coalescence-mGAM-p3,101958
20,C3-e003Coalescence-Inoculumn-mGAM,4781,638925,A12-e003Coalescence-mGAM-p3,101958
21,B10-e003Coalescence-mBHI-p3,7248,972288,A12-e003Coalescence-mGAM-p3,101958
22,A9-e003Coalescence-mBHI-p7,1751,1278174,A12-e003Coalescence-mGAM-p3,101958
23,C2-e003Coalescence-Inoculumn-mGAM,8,582785,A12-e003Coalescence-mGAM-p3,101958
24,B3-e003Coalescence-Inoculumn-mGAM,8708,1149670,A12-e003Coalescence-mGAM-p3,101958
25,B4-e003Coalescence-Inoculumn-mGAM,7486,1001069,A12-e003Coalescence-mGAM-p3,101958
26,A2-e003Coalescence-mGAM-p5,10,1011017,A12-e003Coalescence-mGAM-p3,101958
27,B8-e003Coalescence-mGAM-p5,291,928737,A12-e003Coalescence-mGAM-p3,101958
28,A5-e003Coalescence-Inoculumn-mGAM,7,521556,A12-e003Coalescence-mGAM-p3,101958
29,B8-e003GlycerolRevival-mGAM-p2,1,422751,A12-e003Coalescence-mGAM-p3,101958
30,C8-e003Coalescence-mBHI-p5,14,1271024,A12-e003Coalescence-mGAM-p3,101958
31,B8-e003Coalescence-mGAM-p7,797,820884,A12-e003Coalescence-mGAM-p3,101958
32,D2-e003Coalescence-Inoculumn-mGAM,5,604238,A12-e003Coalescence-mGAM-p3,101958
33,D3-e003Coalescence-Inoculumn-mGAM,6322,824536,A12-e003Coalescence-mGAM-p3,101958
34,A11-e003Coalescence-mBHI-p3,13,1273349,A12-e003Coalescence-mGAM-p3,101958
35,A4-e003Coalescence-Inoculumn-mGAM,6,1214206,A12-e003Coalescence-mGAM-p3,101958
36,A9-e003Coalescence-mGAM-p5,138,864112,A12-e003Coalescence-mGAM-p3,101958
37,A11-e003Coalescence-mGAM-p3,10,1299785,A12-e003Coalescence-mGAM-p3,101958
38,E8-e003Coalescence-mBHI-p5_S5,7,544751,A12-e003Coalescence-mGAM-p3,101958
39,E9-e003Coalescence-mBHI-p5_S6,3366,571529,A12-e003Coalescence-mGAM-p3,101958
40,F111-e003Coalescence-mGAM-p5_S68,3575,483352,A12-e003Coalescence-mGAM-p3,101958
41,H2-e003Coalescence-mGAM-p7_S181,40,1262475,A12-e003Coalescence-mGAM-p3,101958
42,E100-e003Coalescence-mBHI-p7_S103,12,380075,A12-e003Coalescence-mGAM-p3,101958
43,F9-e003Coalescence-mGAM-p5_S66,8320,1107465,A12-e003Coalescence-mGAM-p3,101958
44,F111-e003Coalescence-mGAM-p7_S164,4210,554759,A12-e003Coalescence-mGAM-p3,101958
45,E111-e003Coalescence-mBHI-p5_S8,5,418252,A12-e003Coalescence-mGAM-p3,101958
46,H8-e003Coalescence-mBHI-p7_S137,26,1076503,A12-e003Coalescence-mGAM-p3,101958
47,E8-e003Coalescence-mBHI-p7_S101,26,665052,A12-e003Coalescence-mGAM-p3,101958
48,H8-e003Coalescence-mBHI-p5_S41,21,806338,A12-e003Coalescence-mGAM-p3,101958
49,E100-e003Coalescence-mBHI-p5_S7,16,524284,A12-e003Coalescence-mGAM-p3,101958
50,F9-e003Coalescence-mGAM-p7_S162,3962,524905,A12-e003Coalescence-mGAM-p3,101958
51,F8-e003Coalescence-mGAM-p7_S161,20,455511,A12-e003Coalescence-mGAM-p3,101958
52,G8-e003Coalescence-mBHI-p3_S129,14,509674,A12-e003Coalescence-mGAM-p3,101958
53,H8-e003Coalescence-mGAM-p5_S89,38,1268328,A12-e003Coalescence-mGAM-p3,101958
54,G100-e003Coalescence-mBHI-p3_S131,7,612901,A12-e003Coalescence-mGAM-p3,101958
55,E9-e003Coalescence-mGAM-p3_S154,383,749107,A12-e003Coalescence-mGAM-p3,101958
56,F111-e003Coalescence-mGAM-p3_S168,5052,682972,A12-e003Coalescence-mGAM-p3,101958
57,G8-e003Coalescence-mBHI-p7_S125,20,697792,A12-e003Coalescence-mGAM-p3,101958
58,E111-e003Coalescence-mBHI-p7_S104,14,479608,A12-e003Coalescence-mGAM-p3,101958
59,E111-e003Coalescence-mGAM-p5_S56,37,1269734,A12-e003Coalescence-mGAM-p3,101958
60,E4-e003Coalescence-mGAM-p7_S147,12,441794,A12-e003Coalescence-mGAM-p3,101958
61,G8-e003Coalescence-mBHI-p5_S29,16,724274,A12-e003Coalescence-mGAM-p3,101958
62,E8-e003Coalescence-mBHI-p3_S105,33,1241202,A12-e003Coalescence-mGAM-p3,101958
63,E8-e003Coalescence-mGAM-p7_S149,6,443489,A12-e003Coalescence-mGAM-p3,101958
64,G9-e003Coalescence-mGAM-p3_S178,4433,597708,A12-e003Coalescence-mGAM-p3,101958
65,H8-e003Coalescence-mGAM-p7_S185,44,1287125,A12-e003Coalescence-mGAM-p3,101958
0,C9-e003Coalescence-mGAM-p3,10,745406,B5-e003Coalescence-Inoculumn-mGAM,101958
1,A8-e003Coalescence-mBHI-p3,3437,1148611,B5-e003Coalescence-Inoculumn-mGAM,101958
2,B9-e003Coalescence-mGAM-p5,12,1266654,B5-e003Coalescence-Inoculumn-mGAM,101958
3,C8-e003Assembly-mGAM-p3,2038,691607,B5-e003Coalescence-Inoculumn-mGAM,101958
4,C8-e003Assembly-mGAM-p5,1518,529291,B5-e003Coalescence-Inoculumn-mGAM,101958
5,A11-e003Coalescence-mGAM-p7,1828,600457,B5-e003Coalescence-Inoculumn-mGAM,101958
6,B11-e003Coalescence-mGAM-p3,13,1218073,B5-e003Coalescence-Inoculumn-mGAM,101958
7,A2-e003Coalescence-Inoculumn-mGAM,3278,1120015,B5-e003Coalescence-Inoculumn-mGAM,101958
8,D8-e003Coalescence-mGAM-p5,3790,1314015,B5-e003Coalescence-Inoculumn-mGAM,101958
9,A12-e003Coalescence-mGAM-p3,3053,1039277,B5-e003Coalescence-Inoculumn-mGAM,101958
10,B5-e003Coalescence-Inoculumn-mGAM,0,414446,B5-e003Coalescence-Inoculumn-mGAM,101958
11,C9-e003Coalescence-mBHI-p3,2,938458,B5-e003Coalescence-Inoculumn-mGAM,101958
12,C8-e003Coalescence-mBHI-p7,1893,594610,B5-e003Coalescence-Inoculumn-mGAM,101958
13,D8-e003Coalescence-mBHI-p5,1716,614083,B5-e003Coalescence-Inoculumn-mGAM,101958
14,B8-e003Assembly-mGAM-p3,1494,511311,B5-e003Coalescence-Inoculumn-mGAM,101958
15,A8-e003Coalescence-mBHI-p7,1513,508703,B5-e003Coalescence-Inoculumn-mGAM,101958
16,B2-e003Coalescence-Inoculumn-mGAM,2428,1049541,B5-e003Coalescence-Inoculumn-mGAM,101958
17,A3-e003Coalescence-Inoculumn-mGAM,1016,560503,B5-e003Coalescence-Inoculumn-mGAM,101958
18,A9-e003Coalescence-mBHI-p3,2211,1258192,B5-e003Coalescence-Inoculumn-mGAM,101958
19,B9-e003Coalescence-mGAM-p7,11,898503,B5-e003Coalescence-Inoculumn-mGAM,101958
20,C3-e003Coalescence-Inoculumn-mGAM,12,638925,B5-e003Coalescence-Inoculumn-mGAM,101958
21,B10-e003Coalescence-mBHI-p3,13,972288,B5-e003Coalescence-Inoculumn-mGAM,101958
22,A9-e003Coalescence-mBHI-p7,2849,1278174,B5-e003Coalescence-Inoculumn-mGAM,101958
23,C2-e003Coalescence-Inoculumn-mGAM,1692,582785,B5-e003Coalescence-Inoculumn-mGAM,101958
24,B3-e003Coalescence-Inoculumn-mGAM,16,1149670,B5-e003Coalescence-Inoculumn-mGAM,101958
25,B4-e003Coalescence-Inoculumn-mGAM,22,1001069,B5-e003Coalescence-Inoculumn-mGAM,101958
26,A2-e003Coalescence-mGAM-p5,3020,1011017,B5-e003Coalescence-Inoculumn-mGAM,101958
27,B8-e003Coalescence-mGAM-p5,2251,928737,B5-e003Coalescence-Inoculumn-mGAM,101958
28,A5-e003Coalescence-Inoculumn-mGAM,1455,521556,B5-e003Coalescence-Inoculumn-mGAM,101958
29,B8-e003GlycerolRevival-mGAM-p2,1211,422751,B5-e003Coalescence-Inoculumn-mGAM,101958
30,C8-e003Coalescence-mBHI-p5,3667,1271024,B5-e003Coalescence-Inoculumn-mGAM,101958
31,B8-e003Coalescence-mGAM-p7,1561,820884,B5-e003Coalescence-Inoculumn-mGAM,101958
32,D2-e003Coalescence-Inoculumn-mGAM,1782,604238,B5-e003Coalescence-Inoculumn-mGAM,101958
33,D3-e003Coalescence-Inoculumn-mGAM,13,824536,B5-e003Coalescence-Inoculumn-mGAM,101958
34,A11-e003Coalescence-mBHI-p3,3694,1273349,B5-e003Coalescence-Inoculumn-mGAM,101958
35,A4-e003Coalescence-Inoculumn-mGAM,3486,1214206,B5-e003Coalescence-Inoculumn-mGAM,101958
36,A9-e003Coalescence-mGAM-p5,2072,864112,B5-e003Coalescence-Inoculumn-mGAM,101958
37,A11-e003Coalescence-mGAM-p3,3773,1299785,B5-e003Coalescence-Inoculumn-mGAM,101958
38,E8-e003Coalescence-mBHI-p5_S5,1583,544751,B5-e003Coalescence-Inoculumn-mGAM,101958
39,E9-e003Coalescence-mBHI-p5_S6,106,571529,B5-e003Coalescence-Inoculumn-mGAM,101958
40,F111-e003Coalescence-mGAM-p5_S68,3,483352,B5-e003Coalescence-Inoculumn-mGAM,101958
41,H2-e003Coalescence-mGAM-p7_S181,3671,1262475,B5-e003Coalescence-Inoculumn-mGAM,101958
42,E100-e003Coalescence-mBHI-p7_S103,1038,380075,B5-e003Coalescence-Inoculumn-mGAM,101958
43,F9-e003Coalescence-mGAM-p5_S66,15,1107465,B5-e003Coalescence-Inoculumn-mGAM,101958
44,F111-e003Coalescence-mGAM-p7_S164,4,554759,B5-e003Coalescence-Inoculumn-mGAM,101958
45,E111-e003Coalescence-mBHI-p5_S8,1202,418252,B5-e003Coalescence-Inoculumn-mGAM,101958
46,H8-e003Coalescence-mBHI-p7_S137,3176,1076503,B5-e003Coalescence-Inoculumn-mGAM,101958
47,E8-e003Coalescence-mBHI-p7_S101,1794,665052,B5-e003Coalescence-Inoculumn-mGAM,101958
48,H8-e003Coalescence-mBHI-p5_S41,2329,806338,B5-e003Coalescence-Inoculumn-mGAM,101958
49,E100-e003Coalescence-mBHI-p5_S7,1549,524284,B5-e003Coalescence-Inoculumn-mGAM,101958
50,F9-e003Coalescence-mGAM-p7_S162,10,524905,B5-e003Coalescence-Inoculumn-mGAM,101958
51,F8-e003Coalescence-mGAM-p7_S161,1153,455511,B5-e003Coalescence-Inoculumn-mGAM,101958
52,G8-e003Coalescence-mBHI-p3_S129,1498,509674,B5-e003Coalescence-Inoculumn-mGAM,101958
53,H8-e003Coalescence-mGAM-p5_S89,3682,1268328,B5-e003Coalescence-Inoculumn-mGAM,101958
54,G100-e003Coalescence-mBHI-p3_S131,1810,612901,B5-e003Coalescence-Inoculumn-mGAM,101958
55,E9-e003Coalescence-mGAM-p3_S154,1519,749107,B5-e003Coalescence-Inoculumn-mGAM,101958
56,F111-e003Coalescence-mGAM-p3_S168,10,682972,B5-e003Coalescence-Inoculumn-mGAM,101958
57,G8-e003Coalescence-mBHI-p7_S125,2017,697792,B5-e003Coalescence-Inoculumn-mGAM,101958
58,E111-e003Coalescence-mBHI-p7_S104,1410,479608,B5-e003Coalescence-Inoculumn-mGAM,101958
59,E111-e003Coalescence-mGAM-p5_S56,3703,1269734,B5-e003Coalescence-Inoculumn-mGAM,101958
60,E4-e003Coalescence-mGAM-p7_S147,1230,441794,B5-e003Coalescence-Inoculumn-mGAM,101958
61,G8-e003Coalescence-mBHI-p5_S29,2172,724274,B5-e003Coalescence-Inoculumn-mGAM,101958
62,E8-e003Coalescence-mBHI-p3_S105,3586,1241202,B5-e003Coalescence-Inoculumn-mGAM,101958
63,E8-e003Coalescence-mGAM-p7_S149,1247,443489,B5-e003Coalescence-Inoculumn-mGAM,101958
64,G9-e003Coalescence-mGAM-p3_S178,9,597708,B5-e003Coalescence-Inoculumn-mGAM,101958
65,H8-e003Coalescence-mGAM-p7_S185,3727,1287125,B5-e003Coalescence-Inoculumn-mGAM,101958
0,C9-e003Coalescence-mGAM-p3,5,745406,C9-e003Coalescence-mBHI-p3,101958
1,A8-e003Coalescence-mBHI-p3,7913,1148611,C9-e003Coalescence-mBHI-p3,101958
2,B9-e003Coalescence-mGAM-p5,8,1266654,C9-e003Coalescence-mBHI-p3,101958
3,C8-e003Assembly-mGAM-p3,4646,691607,C9-e003Coalescence-mBHI-p3,101958
4,C8-e003Assembly-mGAM-p5,3494,529291,C9-e003Coalescence-mBHI-p3,101958
5,A11-e003Coalescence-mGAM-p7,4195,600457,C9-e003Coalescence-mBHI-p3,101958
6,B11-e003Coalescence-mGAM-p3,9,1218073,C9-e003Coalescence-mBHI-p3,101958
7,A2-e003Coalescence-Inoculumn-mGAM,7616,1120015,C9-e003Coalescence-mBHI-p3,101958
8,D8-e003Coalescence-mGAM-p5,8959,1314015,C9-e003Coalescence-mBHI-p3,101958
9,A12-e003Coalescence-mGAM-p3,7070,1039277,C9-e003Coalescence-mBHI-p3,101958
10,B5-e003Coalescence-Inoculumn-mGAM,1,414446,C9-e003Coalescence-mBHI-p3,101958
11,C9-e003Coalescence-mBHI-p3,0,938458,C9-e003Coalescence-mBHI-p3,101958
12,C8-e003Coalescence-mBHI-p7,4210,594610,C9-e003Coalescence-mBHI-p3,101958
13,D8-e003Coalescence-mBHI-p5,4074,614083,C9-e003Coalescence-mBHI-p3,101958
14,B8-e003Assembly-mGAM-p3,3540,511311,C9-e003Coalescence-mBHI-p3,101958
15,A8-e003Coalescence-mBHI-p7,3539,508703,C9-e003Coalescence-mBHI-p3,101958
16,B2-e003Coalescence-Inoculumn-mGAM,5659,1049541,C9-e003Coalescence-mBHI-p3,101958
17,A3-e003Coalescence-Inoculumn-mGAM,2270,560503,C9-e003Coalescence-mBHI-p3,101958
18,A9-e003Coalescence-mBHI-p3,5238,1258192,C9-e003Coalescence-mBHI-p3,101958
19,B9-e003Coalescence-mGAM-p7,3,898503,C9-e003Coalescence-mBHI-p3,101958
20,C3-e003Coalescence-Inoculumn-mGAM,8,638925,C9-e003Coalescence-mBHI-p3,101958
21,B10-e003Coalescence-mBHI-p3,12,972288,C9-e003Coalescence-mBHI-p3,101958
22,A9-e003Coalescence-mBHI-p7,6668,1278174,C9-e003Coalescence-mBHI-p3,101958
23,C2-e003Coalescence-Inoculumn-mGAM,4034,582785,C9-e003Coalescence-mBHI-p3,101958
24,B3-e003Coalescence-Inoculumn-mGAM,2,1149670,C9-e003Coalescence-mBHI-p3,101958
25,B4-e003Coalescence-Inoculumn-mGAM,25,1001069,C9-e003Coalescence-mBHI-p3,101958
26,A2-e003Coalescence-mGAM-p5,6983,1011017,C9-e003Coalescence-mBHI-p3,101958
27,B8-e003Coalescence-mGAM-p5,5075,928737,C9-e003Coalescence-mBHI-p3,101958
28,A5-e003Coalescence-Inoculumn-mGAM,3422,521556,C9-e003Coalescence-mBHI-p3,101958
29,B8-e003GlycerolRevival-mGAM-p2,2882,422751,C9-e003Coalescence-mBHI-p3,101958
30,C8-e003Coalescence-mBHI-p5,8668,1271024,C9-e003Coalescence-mBHI-p3,101958
31,B8-e003Coalescence-mGAM-p7,3554,820884,C9-e003Coalescence-mBHI-p3,101958
32,D2-e003Coalescence-Inoculumn-mGAM,4060,604238,C9-e003Coalescence-mBHI-p3,101958
33,D3-e003Coalescence-Inoculumn-mGAM,2,824536,C9-e003Coalescence-mBHI-p3,101958
34,A11-e003Coalescence-mBHI-p3,8658,1273349,C9-e003Coalescence-mBHI-p3,101958
35,A4-e003Coalescence-Inoculumn-mGAM,8318,1214206,C9-e003Coalescence-mBHI-p3,101958
36,A9-e003Coalescence-mGAM-p5,4908,864112,C9-e003Coalescence-mBHI-p3,101958
37,A11-e003Coalescence-mGAM-p3,8875,1299785,C9-e003Coalescence-mBHI-p3,101958
38,E8-e003Coalescence-mBHI-p5_S5,3700,544751,C9-e003Coalescence-mBHI-p3,101958
39,E9-e003Coalescence-mBHI-p5_S6,232,571529,C9-e003Coalescence-mBHI-p3,101958
40,F111-e003Coalescence-mGAM-p5_S68,4,483352,C9-e003Coalescence-mBHI-p3,101958
41,H2-e003Coalescence-mGAM-p7_S181,8592,1262475,C9-e003Coalescence-mBHI-p3,101958
42,E100-e003Coalescence-mBHI-p7_S103,2530,380075,C9-e003Coalescence-mBHI-p3,101958
43,F9-e003Coalescence-mGAM-p5_S66,21,1107465,C9-e003Coalescence-mBHI-p3,101958
44,F111-e003Coalescence-mGAM-p7_S164,9,554759,C9-e003Coalescence-mBHI-p3,101958
45,E111-e003Coalescence-mBHI-p5_S8,2722,418252,C9-e003Coalescence-mBHI-p3,101958
46,H8-e003Coalescence-mBHI-p7_S137,7296,1076503,C9-e003Coalescence-mBHI-p3,101958
47,E8-e003Coalescence-mBHI-p7_S101,4073,665052,C9-e003Coalescence-mBHI-p3,101958
48,H8-e003Coalescence-mBHI-p5_S41,5423,806338,C9-e003Coalescence-mBHI-p3,101958
49,E100-e003Coalescence-mBHI-p5_S7,3560,524284,C9-e003Coalescence-mBHI-p3,101958
50,F9-e003Coalescence-mGAM-p7_S162,10,524905,C9-e003Coalescence-mBHI-p3,101958
51,F8-e003Coalescence-mGAM-p7_S161,2690,455511,C9-e003Coalescence-mBHI-p3,101958
52,G8-e003Coalescence-mBHI-p3_S129,3419,509674,C9-e003Coalescence-mBHI-p3,101958
53,H8-e003Coalescence-mGAM-p5_S89,8640,1268328,C9-e003Coalescence-mBHI-p3,101958
54,G100-e003Coalescence-mBHI-p3_S131,4111,612901,C9-e003Coalescence-mBHI-p3,101958
55,E9-e003Coalescence-mGAM-p3_S154,3493,749107,C9-e003Coalescence-mBHI-p3,101958
56,F111-e003Coalescence-mGAM-p3_S168,9,682972,C9-e003Coalescence-mBHI-p3,101958
57,G8-e003Coalescence-mBHI-p7_S125,4622,697792,C9-e003Coalescence-mBHI-p3,101958
58,E111-e003Coalescence-mBHI-p7_S104,3211,479608,C9-e003Coalescence-mBHI-p3,101958
59,E111-e003Coalescence-mGAM-p5_S56,8656,1269734,C9-e003Coalescence-mBHI-p3,101958
60,E4-e003Coalescence-mGAM-p7_S147,2853,441794,C9-e003Coalescence-mBHI-p3,101958
61,G8-e003Coalescence-mBHI-p5_S29,4915,724274,C9-e003Coalescence-mBHI-p3,101958
62,E8-e003Coalescence-mBHI-p3_S105,8431,1241202,C9-e003Coalescence-mBHI-p3,101958
63,E8-e003Coalescence-mGAM-p7_S149,2871,443489,C9-e003Coalescence-mBHI-p3,101958
64,G9-e003Coalescence-mGAM-p3_S178,9,597708,C9-e003Coalescence-mBHI-p3,101958
65,H8-e003Coalescence-mGAM-p7_S185,8759,1287125,C9-e003Coalescence-mBHI-p3,101958
0,C9-e003Coalescence-mGAM-p3,3266,745406,C8-e003Coalescence-mBHI-p7,101958
1,A8-e003Coalescence-mBHI-p3,12,1148611,C8-e003Coalescence-mBHI-p7,101958
2,B9-e003Coalescence-mGAM-p5,5681,1266654,C8-e003Coalescence-mBHI-p7,101958
3,C8-e003Assembly-mGAM-p3,11,691607,C8-e003Coalescence-mBHI-p7,101958
4,C8-e003Assembly-mGAM-p5,9,529291,C8-e003Coalescence-mBHI-p7,101958
5,A11-e003Coalescence-mGAM-p7,4,600457,C8-e003Coalescence-mBHI-p7,101958
6,B11-e003Coalescence-mGAM-p3,5431,1218073,C8-e003Coalescence-mBHI-p7,101958
7,A2-e003Coalescence-Inoculumn-mGAM,13,1120015,C8-e003Coalescence-mBHI-p7,101958
8,D8-e003Coalescence-mGAM-p5,13,1314015,C8-e003Coalescence-mBHI-p7,101958
9,A12-e003Coalescence-mGAM-p3,12,1039277,C8-e003Coalescence-mBHI-p7,101958
10,B5-e003Coalescence-Inoculumn-mGAM,1893,414446,C8-e003Coalescence-mBHI-p7,101958
11,C9-e003Coalescence-mBHI-p3,4208,938458,C8-e003Coalescence-mBHI-p7,101958
12,C8-e003Coalescence-mBHI-p7,0,594610,C8-e003Coalescence-mBHI-p7,101958
13,D8-e003Coalescence-mBHI-p5,7,614083,C8-e003Coalescence-mBHI-p7,101958
14,B8-e003Assembly-mGAM-p3,6,511311,C8-e003Coalescence-mBHI-p7,101958
15,A8-e003Coalescence-mBHI-p7,2,508703,C8-e003Coalescence-mBHI-p7,101958
16,B2-e003Coalescence-Inoculumn-mGAM,368,1049541,C8-e003Coalescence-mBHI-p7,101958
17,A3-e003Coalescence-Inoculumn-mGAM,306,560503,C8-e003Coalescence-mBHI-p7,101958
18,A9-e003Coalescence-mBHI-p3,1876,1258192,C8-e003Coalescence-mBHI-p7,101958
19,B9-e003Coalescence-mGAM-p7,4061,898503,C8-e003Coalescence-mBHI-p7,101958
20,C3-e003Coalescence-Inoculumn-mGAM,2833,638925,C8-e003Coalescence-mBHI-p7,101958
21,B10-e003Coalescence-mBHI-p3,4293,972288,C8-e003Coalescence-mBHI-p7,101958
22,A9-e003Coalescence-mBHI-p7,1027,1278174,C8-e003Coalescence-mBHI-p7,101958
23,C2-e003Coalescence-Inoculumn-mGAM,7,582785,C8-e003Coalescence-mBHI-p7,101958
24,B3-e003Coalescence-Inoculumn-mGAM,5140,1149670,C8-e003Coalescence-mBHI-p7,101958
25,B4-e003Coalescence-Inoculumn-mGAM,4398,1001069,C8-e003Coalescence-mBHI-p7,101958
26,A2-e003Coalescence-mGAM-p5,13,1011017,C8-e003Coalescence-mBHI-p7,101958
27,B8-e003Coalescence-mGAM-p5,162,928737,C8-e003Coalescence-mBHI-p7,101958
28,A5-e003Coalescence-Inoculumn-mGAM,3,521556,C8-e003Coalescence-mBHI-p7,101958
29,B8-e003GlycerolRevival-mGAM-p2,5,422751,C8-e003Coalescence-mBHI-p7,101958
30,C8-e003Coalescence-mBHI-p5,14,1271024,C8-e003Coalescence-mBHI-p7,101958
31,B8-e003Coalescence-mGAM-p7,459,820884,C8-e003Coalescence-mBHI-p7,101958
32,D2-e003Coalescence-Inoculumn-mGAM,11,604238,C8-e003Coalescence-mBHI-p7,101958
33,D3-e003Coalescence-Inoculumn-mGAM,3740,824536,C8-e003Coalescence-mBHI-p7,101958
34,A11-e003Coalescence-mBHI-p3,11,1273349,C8-e003Coalescence-mBHI-p7,101958
35,A4-e003Coalescence-Inoculumn-mGAM,5,1214206,C8-e003Coalescence-mBHI-p7,101958
36,A9-e003Coalescence-mGAM-p5,75,864112,C8-e003Coalescence-mBHI-p7,101958
37,A11-e003Coalescence-mGAM-p3,12,1299785,C8-e003Coalescence-mBHI-p7,101958
38,E8-e003Coalescence-mBHI-p5_S5,16,544751,C8-e003Coalescence-mBHI-p7,101958
39,E9-e003Coalescence-mBHI-p5_S6,1941,571529,C8-e003Coalescence-mBHI-p7,101958
40,F111-e003Coalescence-mGAM-p5_S68,2101,483352,C8-e003Coalescence-mBHI-p7,101958
41,H2-e003Coalescence-mGAM-p7_S181,32,1262475,C8-e003Coalescence-mBHI-p7,101958
42,E100-e003Coalescence-mBHI-p7_S103,10,380075,C8-e003Coalescence-mBHI-p7,101958
43,F9-e003Coalescence-mGAM-p5_S66,4902,1107465,C8-e003Coalescence-mBHI-p7,101958
44,F111-e003Coalescence-mGAM-p7_S164,2439,554759,C8-e003Coalescence-mBHI-p7,101958
45,E111-e003Coalescence-mBHI-p5_S8,12,418252,C8-e003Coalescence-mBHI-p7,101958
46,H8-e003Coalescence-mBHI-p7_S137,20,1076503,C8-e003Coalescence-mBHI-p7,101958
47,E8-e003Coalescence-mBHI-p7_S101,30,665052,C8-e003Coalescence-mBHI-p7,101958
48,H8-e003Coalescence-mBHI-p5_S41,19,806338,C8-e003Coalescence-mBHI-p7,101958
49,E100-e003Coalescence-mBHI-p5_S7,12,524284,C8-e003Coalescence-mBHI-p7,101958
50,F9-e003Coalescence-mGAM-p7_S162,2312,524905,C8-e003Coalescence-mBHI-p7,101958
51,F8-e003Coalescence-mGAM-p7_S161,11,455511,C8-e003Coalescence-mBHI-p7,101958
52,G8-e003Coalescence-mBHI-p3_S129,9,509674,C8-e003Coalescence-mBHI-p7,101958
53,H8-e003Coalescence-mGAM-p5_S89,27,1268328,C8-e003Coalescence-mBHI-p7,101958
54,G100-e003Coalescence-mBHI-p3_S131,14,612901,C8-e003Coalescence-mBHI-p7,101958
55,E9-e003Coalescence-mGAM-p3_S154,242,749107,C8-e003Coalescence-mBHI-p7,101958
56,F111-e003Coalescence-mGAM-p3_S168,2910,682972,C8-e003Coalescence-mBHI-p7,101958
57,G8-e003Coalescence-mBHI-p7_S125,13,697792,C8-e003Coalescence-mBHI-p7,101958
58,E111-e003Coalescence-mBHI-p7_S104,7,479608,C8-e003Coalescence-mBHI-p7,101958
59,E111-e003Coalescence-mGAM-p5_S56,31,1269734,C8-e003Coalescence-mBHI-p7,101958
60,E4-e003Coalescence-mGAM-p7_S147,9,441794,C8-e003Coalescence-mBHI-p7,101958
61,G8-e003Coalescence-mBHI-p5_S29,15,724274,C8-e003Coalescence-mBHI-p7,101958
62,E8-e003Coalescence-mBHI-p3_S105,31,1241202,C8-e003Coalescence-mBHI-p7,101958
63,E8-e003Coalescence-mGAM-p7_S149,7,443489,C8-e003Coalescence-mBHI-p7,101958
64,G9-e003Coalescence-mGAM-p3_S178,2604,597708,C8-e003Coalescence-mBHI-p7,101958
65,H8-e003Coalescence-mGAM-p7_S185,32,1287125,C8-e003Coalescence-mBHI-p7,101958
0,C9-e003Coalescence-mGAM-p3,3123,745406,D8-e003Coalescence-mBHI-p5,101958
1,A8-e003Coalescence-mBHI-p3,2,1148611,D8-e003Coalescence-mBHI-p5,101958
2,B9-e003Coalescence-mGAM-p5,5476,1266654,D8-e003Coalescence-mBHI-p5,101958
3,C8-e003Assembly-mGAM-p3,9,691607,D8-e003Coalescence-mBHI-p5,101958
4,C8-e003Assembly-mGAM-p5,5,529291,D8-e003Coalescence-mBHI-p5,101958
5,A11-e003Coalescence-mGAM-p7,3,600457,D8-e003Coalescence-mBHI-p5,101958
6,B11-e003Coalescence-mGAM-p3,5291,1218073,D8-e003Coalescence-mBHI-p5,101958
7,A2-e003Coalescence-Inoculumn-mGAM,8,1120015,D8-e003Coalescence-mBHI-p5,101958
8,D8-e003Coalescence-mGAM-p5,8,1314015,D8-e003Coalescence-mBHI-p5,101958
9,A12-e003Coalescence-mGAM-p3,9,1039277,D8-e003Coalescence-mBHI-p5,101958
10,B5-e003Coalescence-Inoculumn-mGAM,1715,414446,D8-e003Coalescence-mBHI-p5,101958
11,C9-e003Coalescence-mBHI-p3,4073,938458,D8-e003Coalescence-mBHI-p5,101958
12,C8-e003Coalescence-mBHI-p7,5,594610,D8-e003Coalescence-mBHI-p5,101958
13,D8-e003Coalescence-mBHI-p5,0,614083,D8-e003Coalescence-mBHI-p5,101958
14,B8-e003Assembly-mGAM-p3,3,511311,D8-e003Coalescence-mBHI-p5,101958
15,A8-e003Coalescence-mBHI-p7,2,508703,D8-e003Coalescence-mBHI-p5,101958
16,B2-e003Coalescence-Inoculumn-mGAM,404,1049541,D8-e003Coalescence-mBHI-p5,101958
17,A3-e003Coalescence-Inoculumn-mGAM,295,560503,D8-e003Coalescence-mBHI-p5,101958
18,A9-e003Coalescence-mBHI-p3,1859,1258192,D8-e003Coalescence-mBHI-p5,101958
19,B9-e003Coalescence-mGAM-p7,4009,898503,D8-e003Coalescence-mBHI-p5,101958
20,C3-e003Coalescence-Inoculumn-mGAM,2750,638925,D8-e003Coalescence-mBHI-p5,101958
21,B10-e003Coalescence-mBHI-p3,4175,972288,D8-e003Coalescence-mBHI-p5,101958
22,A9-e003Coalescence-mBHI-p7,1002,1278174,D8-e003Coalescence-mBHI-p5,101958
23,C2-e003Coalescence-Inoculumn-mGAM,6,582785,D8-e003Coalescence-mBHI-p5,101958
24,B3-e003Coalescence-Inoculumn-mGAM,4980,1149670,D8-e003Coalescence-mBHI-p5,101958
25,B4-e003Coalescence-Inoculumn-mGAM,4296,1001069,D8-e003Coalescence-mBHI-p5,101958
26,A2-e003Coalescence-mGAM-p5,6,1011017,D8-e003Coalescence-mBHI-p5,101958
27,B8-e003Coalescence-mGAM-p5,175,928737,D8-e003Coalescence-mBHI-p5,101958
28,A5-e003Coalescence-Inoculumn-mGAM,3,521556,D8-e003Coalescence-mBHI-p5,101958
29,B8-e003GlycerolRevival-mGAM-p2,4,422751,D8-e003Coalescence-mBHI-p5,101958
30,C8-e003Coalescence-mBHI-p5,8,1271024,D8-e003Coalescence-mBHI-p5,101958
31,B8-e003Coalescence-mGAM-p7,461,820884,D8-e003Coalescence-mBHI-p5,101958
32,D2-e003Coalescence-Inoculumn-mGAM,5,604238,D8-e003Coalescence-mBHI-p5,101958
33,D3-e003Coalescence-Inoculumn-mGAM,3546,824536,D8-e003Coalescence-mBHI-p5,101958
34,A11-e003Coalescence-mBHI-p3,3,1273349,D8-e003Coalescence-mBHI-p5,101958
35,A4-e003Coalescence-Inoculumn-mGAM,7,1214206,D8-e003Coalescence-mBHI-p5,101958
36,A9-e003Coalescence-mGAM-p5,79,864112,D8-e003Coalescence-mBHI-p5,101958
37,A11-e003Coalescence-mGAM-p3,8,1299785,D8-e003Coalescence-mBHI-p5,101958
38,E8-e003Coalescence-mBHI-p5_S5,10,544751,D8-e003Coalescence-mBHI-p5,101958
39,E9-e003Coalescence-mBHI-p5_S6,2020,571529,D8-e003Coalescence-mBHI-p5,101958
40,F111-e003Coalescence-mGAM-p5_S68,1973,483352,D8-e003Coalescence-mBHI-p5,101958
41,H2-e003Coalescence-mGAM-p7_S181,33,1262475,D8-e003Coalescence-mBHI-p5,101958
42,E100-e003Coalescence-mBHI-p7_S103,10,380075,D8-e003Coalescence-mBHI-p5,101958
43,F9-e003Coalescence-mGAM-p5_S66,4724,1107465,D8-e003Coalescence-mBHI-p5,101958
44,F111-e003Coalescence-mGAM-p7_S164,2413,554759,D8-e003Coalescence-mBHI-p5,101958
45,E111-e003Coalescence-mBHI-p5_S8,5,418252,D8-e003Coalescence-mBHI-p5,101958
46,H8-e003Coalescence-mBHI-p7_S137,20,1076503,D8-e003Coalescence-mBHI-p5,101958
47,E8-e003Coalescence-mBHI-p7_S101,23,665052,D8-e003Coalescence-mBHI-p5,101958
48,H8-e003Coalescence-mBHI-p5_S41,11,806338,D8-e003Coalescence-mBHI-p5,101958
49,E100-e003Coalescence-mBHI-p5_S7,8,524284,D8-e003Coalescence-mBHI-p5,101958
50,F9-e003Coalescence-mGAM-p7_S162,2339,524905,D8-e003Coalescence-mBHI-p5,101958
51,F8-e003Coalescence-mGAM-p7_S161,13,455511,D8-e003Coalescence-mBHI-p5,101958
52,G8-e003Coalescence-mBHI-p3_S129,9,509674,D8-e003Coalescence-mBHI-p5,101958
53,H8-e003Coalescence-mGAM-p5_S89,30,1268328,D8-e003Coalescence-mBHI-p5,101958
54,G100-e003Coalescence-mBHI-p3_S131,7,612901,D8-e003Coalescence-mBHI-p5,101958
55,E9-e003Coalescence-mGAM-p3_S154,215,749107,D8-e003Coalescence-mBHI-p5,101958
56,F111-e003Coalescence-mGAM-p3_S168,2910,682972,D8-e003Coalescence-mBHI-p5,101958
57,G8-e003Coalescence-mBHI-p7_S125,23,697792,D8-e003Coalescence-mBHI-p5,101958
58,E111-e003Coalescence-mBHI-p7_S104,9,479608,D8-e003Coalescence-mBHI-p5,101958
59,E111-e003Coalescence-mGAM-p5_S56,26,1269734,D8-e003Coalescence-mBHI-p5,101958
60,E4-e003Coalescence-mGAM-p7_S147,10,441794,D8-e003Coalescence-mBHI-p5,101958
61,G8-e003Coalescence-mBHI-p5_S29,8,724274,D8-e003Coalescence-mBHI-p5,101958
62,E8-e003Coalescence-mBHI-p3_S105,26,1241202,D8-e003Coalescence-mBHI-p5,101958
63,E8-e003Coalescence-mGAM-p7_S149,5,443489,D8-e003Coalescence-mBHI-p5,101958
64,G9-e003Coalescence-mGAM-p3_S178,2482,597708,D8-e003Coalescence-mBHI-p5,101958
65,H8-e003Coalescence-mGAM-p7_S185,27,1287125,D8-e003Coalescence-mBHI-p5,101958
0,C9-e003Coalescence-mGAM-p3,2787,745406,B8-e003Assembly-mGAM-p3,101958
1,A8-e003Coalescence-mBHI-p3,1,1148611,B8-e003Assembly-mGAM-p3,101958
2,B9-e003Coalescence-mGAM-p5,4727,1266654,B8-e003Assembly-mGAM-p3,101958
3,C8-e003Assembly-mGAM-p3,1,691607,B8-e003Assembly-mGAM-p3,101958
4,C8-e003Assembly-mGAM-p5,1,529291,B8-e003Assembly-mGAM-p3,101958
5,A11-e003Coalescence-mGAM-p7,3,600457,B8-e003Assembly-mGAM-p3,101958
6,B11-e003Coalescence-mGAM-p3,4611,1218073,B8-e003Assembly-mGAM-p3,101958
7,A2-e003Coalescence-Inoculumn-mGAM,2,1120015,B8-e003Assembly-mGAM-p3,101958
8,D8-e003Coalescence-mGAM-p5,3,1314015,B8-e003Assembly-mGAM-p3,101958
9,A12-e003Coalescence-mGAM-p3,2,1039277,B8-e003Assembly-mGAM-p3,101958
10,B5-e003Coalescence-Inoculumn-mGAM,1493,414446,B8-e003Assembly-mGAM-p3,101958
11,C9-e003Coalescence-mBHI-p3,3539,938458,B8-e003Assembly-mGAM-p3,101958
12,C8-e003Coalescence-mBHI-p7,5,594610,B8-e003Assembly-mGAM-p3,101958
13,D8-e003Coalescence-mBHI-p5,3,614083,B8-e003Assembly-mGAM-p3,101958
14,B8-e003Assembly-mGAM-p3,0,511311,B8-e003Assembly-mGAM-p3,101958
15,A8-e003Coalescence-mBHI-p7,9,508703,B8-e003Assembly-mGAM-p3,101958
16,B2-e003Coalescence-Inoculumn-mGAM,312,1049541,B8-e003Assembly-mGAM-p3,101958
17,A3-e003Coalescence-Inoculumn-mGAM,235,560503,B8-e003Assembly-mGAM-p3,101958
18,A9-e003Coalescence-mBHI-p3,1509,1258192,B8-e003Assembly-mGAM-p3,101958
19,B9-e003Coalescence-mGAM-p7,3469,898503,B8-e003Assembly-mGAM-p3,101958
20,C3-e003Coalescence-Inoculumn-mGAM,2382,638925,B8-e003Assembly-mGAM-p3,101958
21,B10-e003Coalescence-mBHI-p3,3627,972288,B8-e003Assembly-mGAM-p3,101958
22,A9-e003Coalescence-mBHI-p7,817,1278174,B8-e003Assembly-mGAM-p3,101958
23,C2-e003Coalescence-Inoculumn-mGAM,3,582785,B8-e003Assembly-mGAM-p3,101958
24,B3-e003Coalescence-Inoculumn-mGAM,4356,1149670,B8-e003Assembly-mGAM-p3,101958
25,B4-e003Coalescence-Inoculumn-mGAM,3769,1001069,B8-e003Assembly-mGAM-p3,101958
26,A2-e003Coalescence-mGAM-p5,0,1011017,B8-e003Assembly-mGAM-p3,101958
27,B8-e003Coalescence-mGAM-p5,123,928737,B8-e003Assembly-mGAM-p3,101958
28,A5-e003Coalescence-Inoculumn-mGAM,1,521556,B8-e003Assembly-mGAM-p3,101958
29,B8-e003GlycerolRevival-mGAM-p2,0,422751,B8-e003Assembly-mGAM-p3,101958
30,C8-e003Coalescence-mBHI-p5,2,1271024,B8-e003Assembly-mGAM-p3,101958
31,B8-e003Coalescence-mGAM-p7,371,820884,B8-e003Assembly-mGAM-p3,101958
32,D2-e003Coalescence-Inoculumn-mGAM,1,604238,B8-e003Assembly-mGAM-p3,101958
33,D3-e003Coalescence-Inoculumn-mGAM,3122,824536,B8-e003Assembly-mGAM-p3,101958
34,A11-e003Coalescence-mBHI-p3,3,1273349,B8-e003Assembly-mGAM-p3,101958
35,A4-e003Coalescence-Inoculumn-mGAM,1,1214206,B8-e003Assembly-mGAM-p3,101958
36,A9-e003Coalescence-mGAM-p5,59,864112,B8-e003Assembly-mGAM-p3,101958
37,A11-e003Coalescence-mGAM-p3,2,1299785,B8-e003Assembly-mGAM-p3,101958
38,E8-e003Coalescence-mBHI-p5_S5,1,544751,B8-e003Assembly-mGAM-p3,101958
39,E9-e003Coalescence-mBHI-p5_S6,1689,571529,B8-e003Assembly-mGAM-p3,101958
40,F111-e003Coalescence-mGAM-p5_S68,1802,483352,B8-e003Assembly-mGAM-p3,101958
41,H2-e003Coalescence-mGAM-p7_S181,11,1262475,B8-e003Assembly-mGAM-p3,101958
42,E100-e003Coalescence-mBHI-p7_S103,3,380075,B8-e003Assembly-mGAM-p3,101958
43,F9-e003Coalescence-mGAM-p5_S66,4170,1107465,B8-e003Assembly-mGAM-p3,101958
44,F111-e003Coalescence-mGAM-p7_S164,2139,554759,B8-e003Assembly-mGAM-p3,101958
45,E111-e003Coalescence-mBHI-p5_S8,2,418252,B8-e003Assembly-mGAM-p3,101958
46,H8-e003Coalescence-mBHI-p7_S137,5,1076503,B8-e003Assembly-mGAM-p3,101958
47,E8-e003Coalescence-mBHI-p7_S101,10,665052,B8-e003Assembly-mGAM-p3,101958
48,H8-e003Coalescence-mBHI-p5_S41,2,806338,B8-e003Assembly-mGAM-p3,101958
49,E100-e003Coalescence-mBHI-p5_S7,2,524284,B8-e003Assembly-mGAM-p3,101958
50,F9-e003Coalescence-mGAM-p7_S162,2099,524905,B8-e003Assembly-mGAM-p3,101958
51,F8-e003Coalescence-mGAM-p7_S161,11,455511,B8-e003Assembly-mGAM-p3,101958
52,G8-e003Coalescence-mBHI-p3_S129,5,509674,B8-e003Assembly-mGAM-p3,101958
53,H8-e003Coalescence-mGAM-p5_S89,9,1268328,B8-e003Assembly-mGAM-p3,101958
54,G100-e003Coalescence-mBHI-p3_S131,1,612901,B8-e003Assembly-mGAM-p3,101958
55,E9-e003Coalescence-mGAM-p3_S154,178,749107,B8-e003Assembly-mGAM-p3,101958
56,F111-e003Coalescence-mGAM-p3_S168,2585,682972,B8-e003Assembly-mGAM-p3,101958
57,G8-e003Coalescence-mBHI-p7_S125,5,697792,B8-e003Assembly-mGAM-p3,101958
58,E111-e003Coalescence-mBHI-p7_S104,4,479608,B8-e003Assembly-mGAM-p3,101958
59,E111-e003Coalescence-mGAM-p5_S56,6,1269734,B8-e003Assembly-mGAM-p3,101958
60,E4-e003Coalescence-mGAM-p7_S147,2,441794,B8-e003Assembly-mGAM-p3,101958
61,G8-e003Coalescence-mBHI-p5_S29,2,724274,B8-e003Assembly-mGAM-p3,101958
62,E8-e003Coalescence-mBHI-p3_S105,8,1241202,B8-e003Assembly-mGAM-p3,101958
63,E8-e003Coalescence-mGAM-p7_S149,2,443489,B8-e003Assembly-mGAM-p3,101958
64,G9-e003Coalescence-mGAM-p3_S178,2221,597708,B8-e003Assembly-mGAM-p3,101958
65,H8-e003Coalescence-mGAM-p7_S185,9,1287125,B8-e003Assembly-mGAM-p3,101958
0,C9-e003Coalescence-mGAM-p3,2717,745406,A8-e003Coalescence-mBHI-p7,101958
1,A8-e003Coalescence-mBHI-p3,17,1148611,A8-e003Coalescence-mBHI-p7,101958
2,B9-e003Coalescence-mGAM-p5,4828,1266654,A8-e003Coalescence-mBHI-p7,101958
3,C8-e003Assembly-mGAM-p3,8,691607,A8-e003Coalescence-mBHI-p7,101958
4,C8-e003Assembly-mGAM-p5,11,529291,A8-e003Coalescence-mBHI-p7,101958
5,A11-e003Coalescence-mGAM-p7,9,600457,A8-e003Coalescence-mBHI-p7,101958
6,B11-e003Coalescence-mGAM-p3,4668,1218073,A8-e003Coalescence-mBHI-p7,101958
7,A2-e003Coalescence-Inoculumn-mGAM,14,1120015,A8-e003Coalescence-mBHI-p7,101958
8,D8-e003Coalescence-mGAM-p5,18,1314015,A8-e003Coalescence-mBHI-p7,101958
9,A12-e003Coalescence-mGAM-p3,22,1039277,A8-e003Coalescence-mBHI-p7,101958
10,B5-e003Coalescence-Inoculumn-mGAM,1512,414446,A8-e003Coalescence-mBHI-p7,101958
11,C9-e003Coalescence-mBHI-p3,3538,938458,A8-e003Coalescence-mBHI-p7,101958
12,C8-e003Coalescence-mBHI-p7,14,594610,A8-e003Coalescence-mBHI-p7,101958
13,D8-e003Coalescence-mBHI-p5,5,614083,A8-e003Coalescence-mBHI-p7,101958
14,B8-e003Assembly-mGAM-p3,12,511311,A8-e003Coalescence-mBHI-p7,101958
15,A8-e003Coalescence-mBHI-p7,0,508703,A8-e003Coalescence-mBHI-p7,101958
16,B2-e003Coalescence-Inoculumn-mGAM,340,1049541,A8-e003Coalescence-mBHI-p7,101958
17,A3-e003Coalescence-Inoculumn-mGAM,225,560503,A8-e003Coalescence-mBHI-p7,101958
18,A9-e003Coalescence-mBHI-p3,1603,1258192,A8-e003Coalescence-mBHI-p7,101958
19,B9-e003Coalescence-mGAM-p7,3559,898503,A8-e003Coalescence-mBHI-p7,101958
20,C3-e003Coalescence-Inoculumn-mGAM,2435,638925,A8-e003Coalescence-mBHI-p7,101958
21,B10-e003Coalescence-mBHI-p3,3686,972288,A8-e003Coalescence-mBHI-p7,101958
22,A9-e003Coalescence-mBHI-p7,770,1278174,A8-e003Coalescence-mBHI-p7,101958
23,C2-e003Coalescence-Inoculumn-mGAM,11,582785,A8-e003Coalescence-mBHI-p7,101958
24,B3-e003Coalescence-Inoculumn-mGAM,4351,1149670,A8-e003Coalescence-mBHI-p7,101958
25,B4-e003Coalescence-Inoculumn-mGAM,3763,1001069,A8-e003Coalescence-mBHI-p7,101958
26,A2-e003Coalescence-mGAM-p5,17,1011017,A8-e003Coalescence-mBHI-p7,101958
27,B8-e003Coalescence-mGAM-p5,175,928737,A8-e003Coalescence-mBHI-p7,101958
28,A5-e003Coalescence-Inoculumn-mGAM,12,521556,A8-e003Coalescence-mBHI-p7,101958
29,B8-e003GlycerolRevival-mGAM-p2,9,422751,A8-e003Coalescence-mBHI-p7,101958
30,C8-e003Coalescence-mBHI-p5,20,1271024,A8-e003Coalescence-mBHI-p7,101958
31,B8-e003Coalescence-mGAM-p7,379,820884,A8-e003Coalescence-mBHI-p7,101958
32,D2-e003Coalescence-Inoculumn-mGAM,11,604238,A8-e003Coalescence-mBHI-p7,101958
33,D3-e003Coalescence-Inoculumn-mGAM,3188,824536,A8-e003Coalescence-mBHI-p7,101958
34,A11-e003Coalescence-mBHI-p3,19,1273349,A8-e003Coalescence-mBHI-p7,101958
35,A4-e003Coalescence-Inoculumn-mGAM,20,1214206,A8-e003Coalescence-mBHI-p7,101958
36,A9-e003Coalescence-mGAM-p5,84,864112,A8-e003Coalescence-mBHI-p7,101958
37,A11-e003Coalescence-mGAM-p3,21,1299785,A8-e003Coalescence-mBHI-p7,101958
38,E8-e003Coalescence-mBHI-p5_S5,11,544751,A8-e003Coalescence-mBHI-p7,101958
39,E9-e003Coalescence-mBHI-p5_S6,1757,571529,A8-e003Coalescence-mBHI-p7,101958
40,F111-e003Coalescence-mGAM-p5_S68,1686,483352,A8-e003Coalescence-mBHI-p7,101958
41,H2-e003Coalescence-mGAM-p7_S181,33,1262475,A8-e003Coalescence-mBHI-p7,101958
42,E100-e003Coalescence-mBHI-p7_S103,15,380075,A8-e003Coalescence-mBHI-p7,101958
43,F9-e003Coalescence-mGAM-p5_S66,4142,1107465,A8-e003Coalescence-mBHI-p7,101958
44,F111-e003Coalescence-mGAM-p7_S164,2099,554759,A8-e003Coalescence-mBHI-p7,101958
45,E111-e003Coalescence-mBHI-p5_S8,16,418252,A8-e003Coalescence-mBHI-p7,101958
46,H8-e003Coalescence-mBHI-p7_S137,27,1076503,A8-e003Coalescence-mBHI-p7,101958
47,E8-e003Coalescence-mBHI-p7_S101,16,665052,A8-e003Coalescence-mBHI-p7,101958
48,H8-e003Coalescence-mBHI-p5_S41,25,806338,A8-e003Coalescence-mBHI-p7,101958
49,E100-e003Coalescence-mBHI-p5_S7,13,524284,A8-e003Coalescence-mBHI-p7,101958
50,F9-e003Coalescence-mGAM-p7_S162,1942,524905,A8-e003Coalescence-mBHI-p7,101958
51,F8-e003Coalescence-mGAM-p7_S161,24,455511,A8-e003Coalescence-mBHI-p7,101958
52,G8-e003Coalescence-mBHI-p3_S129,16,509674,A8-e003Coalescence-mBHI-p7,101958
53,H8-e003Coalescence-mGAM-p5_S89,31,1268328,A8-e003Coalescence-mBHI-p7,101958
54,G100-e003Coalescence-mBHI-p3_S131,9,612901,A8-e003Coalescence-mBHI-p7,101958
55,E9-e003Coalescence-mGAM-p3_S154,204,749107,A8-e003Coalescence-mBHI-p7,101958
56,F111-e003Coalescence-mGAM-p3_S168,2567,682972,A8-e003Coalescence-mBHI-p7,101958
57,G8-e003Coalescence-mBHI-p7_S125,26,697792,A8-e003Coalescence-mBHI-p7,101958
58,E111-e003Coalescence-mBHI-p7_S104,10,479608,A8-e003Coalescence-mBHI-p7,101958
59,E111-e003Coalescence-mGAM-p5_S56,27,1269734,A8-e003Coalescence-mBHI-p7,101958
60,E4-e003Coalescence-mGAM-p7_S147,7,441794,A8-e003Coalescence-mBHI-p7,101958
61,G8-e003Coalescence-mBHI-p5_S29,13,724274,A8-e003Coalescence-mBHI-p7,101958
62,E8-e003Coalescence-mBHI-p3_S105,25,1241202,A8-e003Coalescence-mBHI-p7,101958
63,E8-e003Coalescence-mGAM-p7_S149,11,443489,A8-e003Coalescence-mBHI-p7,101958
64,G9-e003Coalescence-mGAM-p3_S178,2146,597708,A8-e003Coalescence-mBHI-p7,101958
65,H8-e003Coalescence-mGAM-p7_S185,32,1287125,A8-e003Coalescence-mBHI-p7,101958
0,C9-e003Coalescence-mGAM-p3,1404,745406,B2-e003Coalescence-Inoculumn-mGAM,101958
1,A8-e003Coalescence-mBHI-p3,738,1148611,B2-e003Coalescence-Inoculumn-mGAM,101958
2,B9-e003Coalescence-mGAM-p5,2583,1266654,B2-e003Coalescence-Inoculumn-mGAM,101958
3,C8-e003Assembly-mGAM-p3,392,691607,B2-e003Coalescence-Inoculumn-mGAM,101958
4,C8-e003Assembly-mGAM-p5,313,529291,B2-e003Coalescence-Inoculumn-mGAM,101958
5,A11-e003Coalescence-mGAM-p7,382,600457,B2-e003Coalescence-Inoculumn-mGAM,101958
6,B11-e003Coalescence-mGAM-p3,2495,1218073,B2-e003Coalescence-Inoculumn-mGAM,101958
7,A2-e003Coalescence-Inoculumn-mGAM,713,1120015,B2-e003Coalescence-Inoculumn-mGAM,101958
8,D8-e003Coalescence-mGAM-p5,821,1314015,B2-e003Coalescence-Inoculumn-mGAM,101958
9,A12-e003Coalescence-mGAM-p3,656,1039277,B2-e003Coalescence-Inoculumn-mGAM,101958
10,B5-e003Coalescence-Inoculumn-mGAM,713,414446,B2-e003Coalescence-Inoculumn-mGAM,101958
11,C9-e003Coalescence-mBHI-p3,1880,938458,B2-e003Coalescence-Inoculumn-mGAM,101958
12,C8-e003Coalescence-mBHI-p7,333,594610,B2-e003Coalescence-Inoculumn-mGAM,101958
13,D8-e003Coalescence-mBHI-p5,373,614083,B2-e003Coalescence-Inoculumn-mGAM,101958
14,B8-e003Assembly-mGAM-p3,304,511311,B2-e003Coalescence-Inoculumn-mGAM,101958
15,A8-e003Coalescence-mBHI-p7,329,508703,B2-e003Coalescence-Inoculumn-mGAM,101958
16,B2-e003Coalescence-Inoculumn-mGAM,0,1049541,B2-e003Coalescence-Inoculumn-mGAM,101958
17,A3-e003Coalescence-Inoculumn-mGAM,310,560503,B2-e003Coalescence-Inoculumn-mGAM,101958
18,A9-e003Coalescence-mBHI-p3,1258,1258192,B2-e003Coalescence-Inoculumn-mGAM,101958
19,B9-e003Coalescence-mGAM-p7,1769,898503,B2-e003Coalescence-Inoculumn-mGAM,101958
20,C3-e003Coalescence-Inoculumn-mGAM,1265,638925,B2-e003Coalescence-Inoculumn-mGAM,101958
21,B10-e003Coalescence-mBHI-p3,1900,972288,B2-e003Coalescence-Inoculumn-mGAM,101958
22,A9-e003Coalescence-mBHI-p7,1098,1278174,B2-e003Coalescence-Inoculumn-mGAM,101958
23,C2-e003Coalescence-Inoculumn-mGAM,372,582785,B2-e003Coalescence-Inoculumn-mGAM,101958
24,B3-e003Coalescence-Inoculumn-mGAM,2329,1149670,B2-e003Coalescence-Inoculumn-mGAM,101958
25,B4-e003Coalescence-Inoculumn-mGAM,2032,1001069,B2-e003Coalescence-Inoculumn-mGAM,101958
26,A2-e003Coalescence-mGAM-p5,644,1011017,B2-e003Coalescence-Inoculumn-mGAM,101958
27,B8-e003Coalescence-mGAM-p5,514,928737,B2-e003Coalescence-Inoculumn-mGAM,101958
28,A5-e003Coalescence-Inoculumn-mGAM,300,521556,B2-e003Coalescence-Inoculumn-mGAM,101958
29,B8-e003GlycerolRevival-mGAM-p2,212,422751,B2-e003Coalescence-Inoculumn-mGAM,101958
30,C8-e003Coalescence-mBHI-p5,823,1271024,B2-e003Coalescence-Inoculumn-mGAM,101958
31,B8-e003Coalescence-mGAM-p7,528,820884,B2-e003Coalescence-Inoculumn-mGAM,101958
32,D2-e003Coalescence-Inoculumn-mGAM,359,604238,B2-e003Coalescence-Inoculumn-mGAM,101958
33,D3-e003Coalescence-Inoculumn-mGAM,1624,824536,B2-e003Coalescence-Inoculumn-mGAM,101958
34,A11-e003Coalescence-mBHI-p3,818,1273349,B2-e003Coalescence-Inoculumn-mGAM,101958
35,A4-e003Coalescence-Inoculumn-mGAM,779,1214206,B2-e003Coalescence-Inoculumn-mGAM,101958
36,A9-e003Coalescence-mGAM-p5,430,864112,B2-e003Coalescence-Inoculumn-mGAM,101958
37,A11-e003Coalescence-mGAM-p3,824,1299785,B2-e003Coalescence-Inoculumn-mGAM,101958
38,E8-e003Coalescence-mBHI-p5_S5,347,544751,B2-e003Coalescence-Inoculumn-mGAM,101958
39,E9-e003Coalescence-mBHI-p5_S6,877,571529,B2-e003Coalescence-Inoculumn-mGAM,101958
40,F111-e003Coalescence-mGAM-p5_S68,897,483352,B2-e003Coalescence-Inoculumn-mGAM,101958
41,H2-e003Coalescence-mGAM-p7_S181,809,1262475,B2-e003Coalescence-Inoculumn-mGAM,101958
42,E100-e003Coalescence-mBHI-p7_S103,205,380075,B2-e003Coalescence-Inoculumn-mGAM,101958
43,F9-e003Coalescence-mGAM-p5_S66,2200,1107465,B2-e003Coalescence-Inoculumn-mGAM,101958
44,F111-e003Coalescence-mGAM-p7_S164,1034,554759,B2-e003Coalescence-Inoculumn-mGAM,101958
45,E111-e003Coalescence-mBHI-p5_S8,247,418252,B2-e003Coalescence-Inoculumn-mGAM,101958
46,H8-e003Coalescence-mBHI-p7_S137,677,1076503,B2-e003Coalescence-Inoculumn-mGAM,101958
47,E8-e003Coalescence-mBHI-p7_S101,367,665052,B2-e003Coalescence-Inoculumn-mGAM,101958
48,H8-e003Coalescence-mBHI-p5_S41,498,806338,B2-e003Coalescence-Inoculumn-mGAM,101958
49,E100-e003Coalescence-mBHI-p5_S7,296,524284,B2-e003Coalescence-Inoculumn-mGAM,101958
50,F9-e003Coalescence-mGAM-p7_S162,1042,524905,B2-e003Coalescence-Inoculumn-mGAM,101958
51,F8-e003Coalescence-mGAM-p7_S161,253,455511,B2-e003Coalescence-Inoculumn-mGAM,101958
52,G8-e003Coalescence-mBHI-p3_S129,344,509674,B2-e003Coalescence-Inoculumn-mGAM,101958
53,H8-e003Coalescence-mGAM-p5_S89,820,1268328,B2-e003Coalescence-Inoculumn-mGAM,101958
54,G100-e003Coalescence-mBHI-p3_S131,400,612901,B2-e003Coalescence-Inoculumn-mGAM,101958
55,E9-e003Coalescence-mGAM-p3_S154,396,749107,B2-e003Coalescence-Inoculumn-mGAM,101958
56,F111-e003Coalescence-mGAM-p3_S168,1252,682972,B2-e003Coalescence-Inoculumn-mGAM,101958
57,G8-e003Coalescence-mBHI-p7_S125,431,697792,B2-e003Coalescence-Inoculumn-mGAM,101958
58,E111-e003Coalescence-mBHI-p7_S104,290,479608,B2-e003Coalescence-Inoculumn-mGAM,101958
59,E111-e003Coalescence-mGAM-p5_S56,813,1269734,B2-e003Coalescence-Inoculumn-mGAM,101958
60,E4-e003Coalescence-mGAM-p7_S147,255,441794,B2-e003Coalescence-Inoculumn-mGAM,101958
61,G8-e003Coalescence-mBHI-p5_S29,449,724274,B2-e003Coalescence-Inoculumn-mGAM,101958
62,E8-e003Coalescence-mBHI-p3_S105,798,1241202,B2-e003Coalescence-Inoculumn-mGAM,101958
63,E8-e003Coalescence-mGAM-p7_S149,239,443489,B2-e003Coalescence-Inoculumn-mGAM,101958
64,G9-e003Coalescence-mGAM-p3_S178,1108,597708,B2-e003Coalescence-Inoculumn-mGAM,101958
65,H8-e003Coalescence-mGAM-p7_S185,828,1287125,B2-e003Coalescence-Inoculumn-mGAM,101958
0,C9-e003Coalescence-mGAM-p3,979,745406,A3-e003Coalescence-Inoculumn-mGAM,101958
1,A8-e003Coalescence-mBHI-p3,550,1148611,A3-e003Coalescence-Inoculumn-mGAM,101958
2,B9-e003Coalescence-mGAM-p5,1664,1266654,A3-e003Coalescence-Inoculumn-mGAM,101958
3,C8-e003Assembly-mGAM-p3,350,691607,A3-e003Coalescence-Inoculumn-mGAM,101958
4,C8-e003Assembly-mGAM-p5,278,529291,A3-e003Coalescence-Inoculumn-mGAM,101958
5,A11-e003Coalescence-mGAM-p7,308,600457,A3-e003Coalescence-Inoculumn-mGAM,101958
6,B11-e003Coalescence-mGAM-p3,1609,1218073,A3-e003Coalescence-Inoculumn-mGAM,101958
7,A2-e003Coalescence-Inoculumn-mGAM,525,1120015,A3-e003Coalescence-Inoculumn-mGAM,101958
8,D8-e003Coalescence-mGAM-p5,622,1314015,A3-e003Coalescence-Inoculumn-mGAM,101958
9,A12-e003Coalescence-mGAM-p3,508,1039277,A3-e003Coalescence-Inoculumn-mGAM,101958
10,B5-e003Coalescence-Inoculumn-mGAM,543,414446,A3-e003Coalescence-Inoculumn-mGAM,101958
11,C9-e003Coalescence-mBHI-p3,1156,938458,A3-e003Coalescence-Inoculumn-mGAM,101958
12,C8-e003Coalescence-mBHI-p7,302,594610,A3-e003Coalescence-Inoculumn-mGAM,101958
13,D8-e003Coalescence-mBHI-p5,290,614083,A3-e003Coalescence-Inoculumn-mGAM,101958
14,B8-e003Assembly-mGAM-p3,232,511311,A3-e003Coalescence-Inoculumn-mGAM,101958
15,A8-e003Coalescence-mBHI-p7,223,508703,A3-e003Coalescence-Inoculumn-mGAM,101958
16,B2-e003Coalescence-Inoculumn-mGAM,483,1049541,A3-e003Coalescence-Inoculumn-mGAM,101958
17,A3-e003Coalescence-Inoculumn-mGAM,0,560503,A3-e003Coalescence-Inoculumn-mGAM,101958
18,A9-e003Coalescence-mBHI-p3,913,1258192,A3-e003Coalescence-Inoculumn-mGAM,101958
19,B9-e003Coalescence-mGAM-p7,1249,898503,A3-e003Coalescence-Inoculumn-mGAM,101958
20,C3-e003Coalescence-Inoculumn-mGAM,818,638925,A3-e003Coalescence-Inoculumn-mGAM,101958
21,B10-e003Coalescence-mBHI-p3,1260,972288,A3-e003Coalescence-Inoculumn-mGAM,101958
22,A9-e003Coalescence-mBHI-p7,763,1278174,A3-e003Coalescence-Inoculumn-mGAM,101958
23,C2-e003Coalescence-Inoculumn-mGAM,279,582785,A3-e003Coalescence-Inoculumn-mGAM,101958
24,B3-e003Coalescence-Inoculumn-mGAM,1489,1149670,A3-e003Coalescence-Inoculumn-mGAM,101958
25,B4-e003Coalescence-Inoculumn-mGAM,1327,1001069,A3-e003Coalescence-Inoculumn-mGAM,101958
26,A2-e003Coalescence-mGAM-p5,470,1011017,A3-e003Coalescence-Inoculumn-mGAM,101958
27,B8-e003Coalescence-mGAM-p5,409,928737,A3-e003Coalescence-Inoculumn-mGAM,101958
28,A5-e003Coalescence-Inoculumn-mGAM,215,521556,A3-e003Coalescence-Inoculumn-mGAM,101958
29,B8-e003GlycerolRevival-mGAM-p2,214,422751,A3-e003Coalescence-Inoculumn-mGAM,101958
30,C8-e003Coalescence-mBHI-p5,605,1271024,A3-e003Coalescence-Inoculumn-mGAM,101958
31,B8-e003Coalescence-mGAM-p7,385,820884,A3-e003Coalescence-Inoculumn-mGAM,101958
32,D2-e003Coalescence-Inoculumn-mGAM,278,604238,A3-e003Coalescence-Inoculumn-mGAM,101958
33,D3-e003Coalescence-Inoculumn-mGAM,1046,824536,A3-e003Coalescence-Inoculumn-mGAM,101958
34,A11-e003Coalescence-mBHI-p3,621,1273349,A3-e003Coalescence-Inoculumn-mGAM,101958
35,A4-e003Coalescence-Inoculumn-mGAM,568,1214206,A3-e003Coalescence-Inoculumn-mGAM,101958
36,A9-e003Coalescence-mGAM-p5,349,864112,A3-e003Coalescence-Inoculumn-mGAM,101958
37,A11-e003Coalescence-mGAM-p3,615,1299785,A3-e003Coalescence-Inoculumn-mGAM,101958
38,E8-e003Coalescence-mBHI-p5_S5,254,544751,A3-e003Coalescence-Inoculumn-mGAM,101958
39,E9-e003Coalescence-mBHI-p5_S6,600,571529,A3-e003Coalescence-Inoculumn-mGAM,101958
40,F111-e003Coalescence-mGAM-p5_S68,593,483352,A3-e003Coalescence-Inoculumn-mGAM,101958
41,H2-e003Coalescence-mGAM-p7_S181,618,1262475,A3-e003Coalescence-Inoculumn-mGAM,101958
42,E100-e003Coalescence-mBHI-p7_S103,194,380075,A3-e003Coalescence-Inoculumn-mGAM,101958
43,F9-e003Coalescence-mGAM-p5_S66,1432,1107465,A3-e003Coalescence-Inoculumn-mGAM,101958
44,F111-e003Coalescence-mGAM-p7_S164,684,554759,A3-e003Coalescence-Inoculumn-mGAM,101958
45,E111-e003Coalescence-mBHI-p5_S8,206,418252,A3-e003Coalescence-Inoculumn-mGAM,101958
46,H8-e003Coalescence-mBHI-p7_S137,516,1076503,A3-e003Coalescence-Inoculumn-mGAM,101958
47,E8-e003Coalescence-mBHI-p7_S101,287,665052,A3-e003Coalescence-Inoculumn-mGAM,101958
48,H8-e003Coalescence-mBHI-p5_S41,394,806338,A3-e003Coalescence-Inoculumn-mGAM,101958
49,E100-e003Coalescence-mBHI-p5_S7,228,524284,A3-e003Coalescence-Inoculumn-mGAM,101958
50,F9-e003Coalescence-mGAM-p7_S162,677,524905,A3-e003Coalescence-Inoculumn-mGAM,101958
51,F8-e003Coalescence-mGAM-p7_S161,211,455511,A3-e003Coalescence-Inoculumn-mGAM,101958
52,G8-e003Coalescence-mBHI-p3_S129,275,509674,A3-e003Coalescence-Inoculumn-mGAM,101958
53,H8-e003Coalescence-mGAM-p5_S89,624,1268328,A3-e003Coalescence-Inoculumn-mGAM,101958
54,G100-e003Coalescence-mBHI-p3_S131,292,612901,A3-e003Coalescence-Inoculumn-mGAM,101958
55,E9-e003Coalescence-mGAM-p3_S154,304,749107,A3-e003Coalescence-Inoculumn-mGAM,101958
56,F111-e003Coalescence-mGAM-p3_S168,863,682972,A3-e003Coalescence-Inoculumn-mGAM,101958
57,G8-e003Coalescence-mBHI-p7_S125,324,697792,A3-e003Coalescence-Inoculumn-mGAM,101958
58,E111-e003Coalescence-mBHI-p7_S104,238,479608,A3-e003Coalescence-Inoculumn-mGAM,101958
59,E111-e003Coalescence-mGAM-p5_S56,612,1269734,A3-e003Coalescence-Inoculumn-mGAM,101958
60,E4-e003Coalescence-mGAM-p7_S147,192,441794,A3-e003Coalescence-Inoculumn-mGAM,101958
61,G8-e003Coalescence-mBHI-p5_S29,349,724274,A3-e003Coalescence-Inoculumn-mGAM,101958
62,E8-e003Coalescence-mBHI-p3_S105,589,1241202,A3-e003Coalescence-Inoculumn-mGAM,101958
63,E8-e003Coalescence-mGAM-p7_S149,187,443489,A3-e003Coalescence-Inoculumn-mGAM,101958
64,G9-e003Coalescence-mGAM-p3_S178,720,597708,A3-e003Coalescence-Inoculumn-mGAM,101958
65,H8-e003Coalescence-mGAM-p7_S185,613,1287125,A3-e003Coalescence-Inoculumn-mGAM,101958
0,C9-e003Coalescence-mGAM-p3,14,745406,A9-e003Coalescence-mBHI-p3,101958
1,A8-e003Coalescence-mBHI-p3,3625,1148611,A9-e003Coalescence-mBHI-p3,101958
2,B9-e003Coalescence-mGAM-p5,37,1266654,A9-e003Coalescence-mBHI-p3,101958
3,C8-e003Assembly-mGAM-p3,1909,691607,A9-e003Coalescence-mBHI-p3,101958
4,C8-e003Assembly-mGAM-p5,1520,529291,A9-e003Coalescence-mBHI-p3,101958
5,A11-e003Coalescence-mGAM-p7,1784,600457,A9-e003Coalescence-mBHI-p3,101958
6,B11-e003Coalescence-mGAM-p3,41,1218073,A9-e003Coalescence-mBHI-p3,101958
7,A2-e003Coalescence-Inoculumn-mGAM,3459,1120015,A9-e003Coalescence-mBHI-p3,101958
8,D8-e003Coalescence-mGAM-p5,4172,1314015,A9-e003Coalescence-mBHI-p3,101958
9,A12-e003Coalescence-mGAM-p3,3124,1039277,A9-e003Coalescence-mBHI-p3,101958
10,B5-e003Coalescence-Inoculumn-mGAM,4,414446,A9-e003Coalescence-mBHI-p3,101958
11,C9-e003Coalescence-mBHI-p3,22,938458,A9-e003Coalescence-mBHI-p3,101958
12,C8-e003Coalescence-mBHI-p7,1855,594610,A9-e003Coalescence-mBHI-p3,101958
13,D8-e003Coalescence-mBHI-p5,1834,614083,A9-e003Coalescence-mBHI-p3,101958
14,B8-e003Assembly-mGAM-p3,1499,511311,A9-e003Coalescence-mBHI-p3,101958
15,A8-e003Coalescence-mBHI-p7,1578,508703,A9-e003Coalescence-mBHI-p3,101958
16,B2-e003Coalescence-Inoculumn-mGAM,2407,1049541,A9-e003Coalescence-mBHI-p3,101958
17,A3-e003Coalescence-Inoculumn-mGAM,985,560503,A9-e003Coalescence-mBHI-p3,101958
18,A9-e003Coalescence-mBHI-p3,0,1258192,A9-e003Coalescence-mBHI-p3,101958
19,B9-e003Coalescence-mGAM-p7,20,898503,A9-e003Coalescence-mBHI-p3,101958
20,C3-e003Coalescence-Inoculumn-mGAM,27,638925,A9-e003Coalescence-mBHI-p3,101958
21,B10-e003Coalescence-mBHI-p3,32,972288,A9-e003Coalescence-mBHI-p3,101958
22,A9-e003Coalescence-mBHI-p7,2965,1278174,A9-e003Coalescence-mBHI-p3,101958
23,C2-e003Coalescence-Inoculumn-mGAM,1770,582785,A9-e003Coalescence-mBHI-p3,101958
24,B3-e003Coalescence-Inoculumn-mGAM,36,1149670,A9-e003Coalescence-mBHI-p3,101958
25,B4-e003Coalescence-Inoculumn-mGAM,51,1001069,A9-e003Coalescence-mBHI-p3,101958
26,A2-e003Coalescence-mGAM-p5,3154,1011017,A9-e003Coalescence-mBHI-p3,101958
27,B8-e003Coalescence-mGAM-p5,2136,928737,A9-e003Coalescence-mBHI-p3,101958
28,A5-e003Coalescence-Inoculumn-mGAM,1548,521556,A9-e003Coalescence-mBHI-p3,101958
29,B8-e003GlycerolRevival-mGAM-p2,1265,422751,A9-e003Coalescence-mBHI-p3,101958
30,C8-e003Coalescence-mBHI-p5,3968,1271024,A9-e003Coalescence-mBHI-p3,101958
31,B8-e003Coalescence-mGAM-p7,1568,820884,A9-e003Coalescence-mBHI-p3,101958
32,D2-e003Coalescence-Inoculumn-mGAM,1838,604238,A9-e003Coalescence-mBHI-p3,101958
33,D3-e003Coalescence-Inoculumn-mGAM,14,824536,A9-e003Coalescence-mBHI-p3,101958
34,A11-e003Coalescence-mBHI-p3,3976,1273349,A9-e003Coalescence-mBHI-p3,101958
35,A4-e003Coalescence-Inoculumn-mGAM,3822,1214206,A9-e003Coalescence-mBHI-p3,101958
36,A9-e003Coalescence-mGAM-p5,2154,864112,A9-e003Coalescence-mBHI-p3,101958
37,A11-e003Coalescence-mGAM-p3,4110,1299785,A9-e003Coalescence-mBHI-p3,101958
38,E8-e003Coalescence-mBHI-p5_S5,1577,544751,A9-e003Coalescence-mBHI-p3,101958
39,E9-e003Coalescence-mBHI-p5_S6,115,571529,A9-e003Coalescence-mBHI-p3,101958
40,F111-e003Coalescence-mGAM-p5_S68,16,483352,A9-e003Coalescence-mBHI-p3,101958
41,H2-e003Coalescence-mGAM-p7_S181,3939,1262475,A9-e003Coalescence-mBHI-p3,101958
42,E100-e003Coalescence-mBHI-p7_S103,1049,380075,A9-e003Coalescence-mBHI-p3,101958
43,F9-e003Coalescence-mGAM-p5_S66,46,1107465,A9-e003Coalescence-mBHI-p3,101958
44,F111-e003Coalescence-mGAM-p7_S164,8,554759,A9-e003Coalescence-mBHI-p3,101958
45,E111-e003Coalescence-mBHI-p5_S8,1144,418252,A9-e003Coalescence-mBHI-p3,101958
46,H8-e003Coalescence-mBHI-p7_S137,3271,1076503,A9-e003Coalescence-mBHI-p3,101958
47,E8-e003Coalescence-mBHI-p7_S101,1742,665052,A9-e003Coalescence-mBHI-p3,101958
48,H8-e003Coalescence-mBHI-p5_S41,2326,806338,A9-e003Coalescence-mBHI-p3,101958
49,E100-e003Coalescence-mBHI-p5_S7,1532,524284,A9-e003Coalescence-mBHI-p3,101958
50,F9-e003Coalescence-mGAM-p7_S162,28,524905,A9-e003Coalescence-mBHI-p3,101958
51,F8-e003Coalescence-mGAM-p7_S161,1180,455511,A9-e003Coalescence-mBHI-p3,101958
52,G8-e003Coalescence-mBHI-p3_S129,1468,509674,A9-e003Coalescence-mBHI-p3,101958
53,H8-e003Coalescence-mGAM-p5_S89,3926,1268328,A9-e003Coalescence-mBHI-p3,101958
54,G100-e003Coalescence-mBHI-p3_S131,1792,612901,A9-e003Coalescence-mBHI-p3,101958
55,E9-e003Coalescence-mGAM-p3_S154,1514,749107,A9-e003Coalescence-mBHI-p3,101958
56,F111-e003Coalescence-mGAM-p3_S168,16,682972,A9-e003Coalescence-mBHI-p3,101958
57,G8-e003Coalescence-mBHI-p7_S125,2001,697792,A9-e003Coalescence-mBHI-p3,101958
58,E111-e003Coalescence-mBHI-p7_S104,1386,479608,A9-e003Coalescence-mBHI-p3,101958
59,E111-e003Coalescence-mGAM-p5_S56,3931,1269734,A9-e003Coalescence-mBHI-p3,101958
60,E4-e003Coalescence-mGAM-p7_S147,1275,441794,A9-e003Coalescence-mBHI-p3,101958
61,G8-e003Coalescence-mBHI-p5_S29,2133,724274,A9-e003Coalescence-mBHI-p3,101958
62,E8-e003Coalescence-mBHI-p3_S105,3858,1241202,A9-e003Coalescence-mBHI-p3,101958
63,E8-e003Coalescence-mGAM-p7_S149,1249,443489,A9-e003Coalescence-mBHI-p3,101958
64,G9-e003Coalescence-mGAM-p3_S178,23,597708,A9-e003Coalescence-mBHI-p3,101958
65,H8-e003Coalescence-mGAM-p7_S185,4021,1287125,A9-e003Coalescence-mBHI-p3,101958
0,C9-e003Coalescence-mGAM-p3,5,745406,B9-e003Coalescence-mGAM-p7,101958
1,A8-e003Coalescence-mBHI-p3,7722,1148611,B9-e003Coalescence-mGAM-p7,101958
2,B9-e003Coalescence-mGAM-p5,5,1266654,B9-e003Coalescence-mGAM-p7,101958
3,C8-e003Assembly-mGAM-p3,4400,691607,B9-e003Coalescence-mGAM-p7,101958
4,C8-e003Assembly-mGAM-p5,3462,529291,B9-e003Coalescence-mGAM-p7,101958
5,A11-e003Coalescence-mGAM-p7,4103,600457,B9-e003Coalescence-mGAM-p7,101958
6,B11-e003Coalescence-mGAM-p3,15,1218073,B9-e003Coalescence-mGAM-p7,101958
7,A2-e003Coalescence-Inoculumn-mGAM,7405,1120015,B9-e003Coalescence-mGAM-p7,101958
8,D8-e003Coalescence-mGAM-p5,8775,1314015,B9-e003Coalescence-mGAM-p7,101958
9,A12-e003Coalescence-mGAM-p3,6998,1039277,B9-e003Coalescence-mGAM-p7,101958
10,B5-e003Coalescence-Inoculumn-mGAM,10,414446,B9-e003Coalescence-mGAM-p7,101958
11,C9-e003Coalescence-mBHI-p3,4,938458,B9-e003Coalescence-mGAM-p7,101958
12,C8-e003Coalescence-mBHI-p7,4063,594610,B9-e003Coalescence-mGAM-p7,101958
13,D8-e003Coalescence-mBHI-p5,4010,614083,B9-e003Coalescence-mGAM-p7,101958
14,B8-e003Assembly-mGAM-p3,3470,511311,B9-e003Coalescence-mGAM-p7,101958
15,A8-e003Coalescence-mBHI-p7,3559,508703,B9-e003Coalescence-mGAM-p7,101958
16,B2-e003Coalescence-Inoculumn-mGAM,5516,1049541,B9-e003Coalescence-mGAM-p7,101958
17,A3-e003Coalescence-Inoculumn-mGAM,2309,560503,B9-e003Coalescence-mGAM-p7,101958
18,A9-e003Coalescence-mBHI-p3,5120,1258192,B9-e003Coalescence-mGAM-p7,101958
19,B9-e003Coalescence-mGAM-p7,0,898503,B9-e003Coalescence-mGAM-p7,101958
20,C3-e003Coalescence-Inoculumn-mGAM,9,638925,B9-e003Coalescence-mGAM-p7,101958
21,B10-e003Coalescence-mBHI-p3,16,972288,B9-e003Coalescence-mGAM-p7,101958
22,A9-e003Coalescence-mBHI-p7,6448,1278174,B9-e003Coalescence-mGAM-p7,101958
23,C2-e003Coalescence-Inoculumn-mGAM,3942,582785,B9-e003Coalescence-mGAM-p7,101958
24,B3-e003Coalescence-Inoculumn-mGAM,5,1149670,B9-e003Coalescence-mGAM-p7,101958
25,B4-e003Coalescence-Inoculumn-mGAM,12,1001069,B9-e003Coalescence-mGAM-p7,101958
26,A2-e003Coalescence-mGAM-p5,6870,1011017,B9-e003Coalescence-mGAM-p7,101958
27,B8-e003Coalescence-mGAM-p5,4954,928737,B9-e003Coalescence-mGAM-p7,101958
28,A5-e003Coalescence-Inoculumn-mGAM,3410,521556,B9-e003Coalescence-mGAM-p7,101958
29,B8-e003GlycerolRevival-mGAM-p2,2797,422751,B9-e003Coalescence-mGAM-p7,101958
30,C8-e003Coalescence-mBHI-p5,8417,1271024,B9-e003Coalescence-mGAM-p7,101958
31,B8-e003Coalescence-mGAM-p7,3563,820884,B9-e003Coalescence-mGAM-p7,101958
32,D2-e003Coalescence-Inoculumn-mGAM,3971,604238,B9-e003Coalescence-mGAM-p7,101958
33,D3-e003Coalescence-Inoculumn-mGAM,5,824536,B9-e003Coalescence-mGAM-p7,101958
34,A11-e003Coalescence-mBHI-p3,8412,1273349,B9-e003Coalescence-mGAM-p7,101958
35,A4-e003Coalescence-Inoculumn-mGAM,8027,1214206,B9-e003Coalescence-mGAM-p7,101958
36,A9-e003Coalescence-mGAM-p5,4840,864112,B9-e003Coalescence-mGAM-p7,101958
37,A11-e003Coalescence-mGAM-p3,8667,1299785,B9-e003Coalescence-mGAM-p7,101958
38,E8-e003Coalescence-mBHI-p5_S5,3559,544751,B9-e003Coalescence-mGAM-p7,101958
39,E9-e003Coalescence-mBHI-p5_S6,242,571529,B9-e003Coalescence-mGAM-p7,101958
40,F111-e003Coalescence-mGAM-p5_S68,9,483352,B9-e003Coalescence-mGAM-p7,101958
41,H2-e003Coalescence-mGAM-p7_S181,8399,1262475,B9-e003Coalescence-mGAM-p7,101958
42,E100-e003Coalescence-mBHI-p7_S103,2527,380075,B9-e003Coalescence-mGAM-p7,101958
43,F9-e003Coalescence-mGAM-p5_S66,29,1107465,B9-e003Coalescence-mGAM-p7,101958
44,F111-e003Coalescence-mGAM-p7_S164,18,554759,B9-e003Coalescence-mGAM-p7,101958
45,E111-e003Coalescence-mBHI-p5_S8,2660,418252,B9-e003Coalescence-mGAM-p7,101958
46,H8-e003Coalescence-mBHI-p7_S137,7122,1076503,B9-e003Coalescence-mGAM-p7,101958
47,E8-e003Coalescence-mBHI-p7_S101,4040,665052,B9-e003Coalescence-mGAM-p7,101958
48,H8-e003Coalescence-mBHI-p5_S41,5260,806338,B9-e003Coalescence-mGAM-p7,101958
49,E100-e003Coalescence-mBHI-p5_S7,3442,524284,B9-e003Coalescence-mGAM-p7,101958
50,F9-e003Coalescence-mGAM-p7_S162,7,524905,B9-e003Coalescence-mGAM-p7,101958
51,F8-e003Coalescence-mGAM-p7_S161,2608,455511,B9-e003Coalescence-mGAM-p7,101958
52,G8-e003Coalescence-mBHI-p3_S129,3414,509674,B9-e003Coalescence-mGAM-p7,101958
53,H8-e003Coalescence-mGAM-p5_S89,8426,1268328,B9-e003Coalescence-mGAM-p7,101958
54,G100-e003Coalescence-mBHI-p3_S131,4102,612901,B9-e003Coalescence-mGAM-p7,101958
55,E9-e003Coalescence-mGAM-p3_S154,3426,749107,B9-e003Coalescence-mGAM-p7,101958
56,F111-e003Coalescence-mGAM-p3_S168,16,682972,B9-e003Coalescence-mGAM-p7,101958
57,G8-e003Coalescence-mBHI-p7_S125,4573,697792,B9-e003Coalescence-mGAM-p7,101958
58,E111-e003Coalescence-mBHI-p7_S104,3079,479608,B9-e003Coalescence-mGAM-p7,101958
59,E111-e003Coalescence-mGAM-p5_S56,8416,1269734,B9-e003Coalescence-mGAM-p7,101958
60,E4-e003Coalescence-mGAM-p7_S147,2706,441794,B9-e003Coalescence-mGAM-p7,101958
61,G8-e003Coalescence-mBHI-p5_S29,4857,724274,B9-e003Coalescence-mGAM-p7,101958
62,E8-e003Coalescence-mBHI-p3_S105,8215,1241202,B9-e003Coalescence-mGAM-p7,101958
63,E8-e003Coalescence-mGAM-p7_S149,2863,443489,B9-e003Coalescence-mGAM-p7,101958
64,G9-e003Coalescence-mGAM-p3_S178,12,597708,B9-e003Coalescence-mGAM-p7,101958
65,H8-e003Coalescence-mGAM-p7_S185,8548,1287125,B9-e003Coalescence-mGAM-p7,101958
0,C9-e003Coalescence-mGAM-p3,12,745406,C3-e003Coalescence-Inoculumn-mGAM,101958
1,A8-e003Coalescence-mBHI-p3,5343,1148611,C3-e003Coalescence-Inoculumn-mGAM,101958
2,B9-e003Coalescence-mGAM-p5,20,1266654,C3-e003Coalescence-Inoculumn-mGAM,101958
3,C8-e003Assembly-mGAM-p3,3155,691607,C3-e003Coalescence-Inoculumn-mGAM,101958
4,C8-e003Assembly-mGAM-p5,2427,529291,C3-e003Coalescence-Inoculumn-mGAM,101958
5,A11-e003Coalescence-mGAM-p7,2831,600457,C3-e003Coalescence-Inoculumn-mGAM,101958
6,B11-e003Coalescence-mGAM-p3,18,1218073,C3-e003Coalescence-Inoculumn-mGAM,101958
7,A2-e003Coalescence-Inoculumn-mGAM,5190,1120015,C3-e003Coalescence-Inoculumn-mGAM,101958
8,D8-e003Coalescence-mGAM-p5,6054,1314015,C3-e003Coalescence-Inoculumn-mGAM,101958
9,A12-e003Coalescence-mGAM-p3,4784,1039277,C3-e003Coalescence-Inoculumn-mGAM,101958
10,B5-e003Coalescence-Inoculumn-mGAM,11,414446,C3-e003Coalescence-Inoculumn-mGAM,101958
11,C9-e003Coalescence-mBHI-p3,9,938458,C3-e003Coalescence-Inoculumn-mGAM,101958
12,C8-e003Coalescence-mBHI-p7,2834,594610,C3-e003Coalescence-Inoculumn-mGAM,101958
13,D8-e003Coalescence-mBHI-p5,2751,614083,C3-e003Coalescence-Inoculumn-mGAM,101958
14,B8-e003Assembly-mGAM-p3,2383,511311,C3-e003Coalescence-Inoculumn-mGAM,101958
15,A8-e003Coalescence-mBHI-p7,2435,508703,C3-e003Coalescence-Inoculumn-mGAM,101958
16,B2-e003Coalescence-Inoculumn-mGAM,3911,1049541,C3-e003Coalescence-Inoculumn-mGAM,101958
17,A3-e003Coalescence-Inoculumn-mGAM,1585,560503,C3-e003Coalescence-Inoculumn-mGAM,101958
18,A9-e003Coalescence-mBHI-p3,3565,1258192,C3-e003Coalescence-Inoculumn-mGAM,101958
19,B9-e003Coalescence-mGAM-p7,5,898503,C3-e003Coalescence-Inoculumn-mGAM,101958
20,C3-e003Coalescence-Inoculumn-mGAM,0,638925,C3-e003Coalescence-Inoculumn-mGAM,101958
21,B10-e003Coalescence-mBHI-p3,26,972288,C3-e003Coalescence-Inoculumn-mGAM,101958
22,A9-e003Coalescence-mBHI-p7,4554,1278174,C3-e003Coalescence-Inoculumn-mGAM,101958
23,C2-e003Coalescence-Inoculumn-mGAM,2734,582785,C3-e003Coalescence-Inoculumn-mGAM,101958
24,B3-e003Coalescence-Inoculumn-mGAM,20,1149670,C3-e003Coalescence-Inoculumn-mGAM,101958
25,B4-e003Coalescence-Inoculumn-mGAM,25,1001069,C3-e003Coalescence-Inoculumn-mGAM,101958
26,A2-e003Coalescence-mGAM-p5,4761,1011017,C3-e003Coalescence-Inoculumn-mGAM,101958
27,B8-e003Coalescence-mGAM-p5,3379,928737,C3-e003Coalescence-Inoculumn-mGAM,101958
28,A5-e003Coalescence-Inoculumn-mGAM,2364,521556,C3-e003Coalescence-Inoculumn-mGAM,101958
29,B8-e003GlycerolRevival-mGAM-p2,1980,422751,C3-e003Coalescence-Inoculumn-mGAM,101958
30,C8-e003Coalescence-mBHI-p5,5797,1271024,C3-e003Coalescence-Inoculumn-mGAM,101958
31,B8-e003Coalescence-mGAM-p7,2469,820884,C3-e003Coalescence-Inoculumn-mGAM,101958
32,D2-e003Coalescence-Inoculumn-mGAM,2851,604238,C3-e003Coalescence-Inoculumn-mGAM,101958
33,D3-e003Coalescence-Inoculumn-mGAM,16,824536,C3-e003Coalescence-Inoculumn-mGAM,101958
34,A11-e003Coalescence-mBHI-p3,5828,1273349,C3-e003Coalescence-Inoculumn-mGAM,101958
35,A4-e003Coalescence-Inoculumn-mGAM,5574,1214206,C3-e003Coalescence-Inoculumn-mGAM,101958
36,A9-e003Coalescence-mGAM-p5,3345,864112,C3-e003Coalescence-Inoculumn-mGAM,101958
37,A11-e003Coalescence-mGAM-p3,5990,1299785,C3-e003Coalescence-Inoculumn-mGAM,101958
38,E8-e003Coalescence-mBHI-p5_S5,2539,544751,C3-e003Coalescence-Inoculumn-mGAM,101958
39,E9-e003Coalescence-mBHI-p5_S6,160,571529,C3-e003Coalescence-Inoculumn-mGAM,101958
40,F111-e003Coalescence-mGAM-p5_S68,12,483352,C3-e003Coalescence-Inoculumn-mGAM,101958
41,H2-e003Coalescence-mGAM-p7_S181,5785,1262475,C3-e003Coalescence-Inoculumn-mGAM,101958
42,E100-e003Coalescence-mBHI-p7_S103,1695,380075,C3-e003Coalescence-Inoculumn-mGAM,101958
43,F9-e003Coalescence-mGAM-p5_S66,31,1107465,C3-e003Coalescence-Inoculumn-mGAM,101958
44,F111-e003Coalescence-mGAM-p7_S164,11,554759,C3-e003Coalescence-Inoculumn-mGAM,101958
45,E111-e003Coalescence-mBHI-p5_S8,1782,418252,C3-e003Coalescence-Inoculumn-mGAM,101958
46,H8-e003Coalescence-mBHI-p7_S137,4970,1076503,C3-e003Coalescence-Inoculumn-mGAM,101958
47,E8-e003Coalescence-mBHI-p7_S101,2774,665052,C3-e003Coalescence-Inoculumn-mGAM,101958
48,H8-e003Coalescence-mBHI-p5_S41,3659,806338,C3-e003Coalescence-Inoculumn-mGAM,101958
49,E100-e003Coalescence-mBHI-p5_S7,2403,524284,C3-e003Coalescence-Inoculumn-mGAM,101958
50,F9-e003Coalescence-mGAM-p7_S162,20,524905,C3-e003Coalescence-Inoculumn-mGAM,101958
51,F8-e003Coalescence-mGAM-p7_S161,1781,455511,C3-e003Coalescence-Inoculumn-mGAM,101958
52,G8-e003Coalescence-mBHI-p3_S129,2395,509674,C3-e003Coalescence-Inoculumn-mGAM,101958
53,H8-e003Coalescence-mGAM-p5_S89,5779,1268328,C3-e003Coalescence-Inoculumn-mGAM,101958
54,G100-e003Coalescence-mBHI-p3_S131,2844,612901,C3-e003Coalescence-Inoculumn-mGAM,101958
55,E9-e003Coalescence-mGAM-p3_S154,2420,749107,C3-e003Coalescence-Inoculumn-mGAM,101958
56,F111-e003Coalescence-mGAM-p3_S168,18,682972,C3-e003Coalescence-Inoculumn-mGAM,101958
57,G8-e003Coalescence-mBHI-p7_S125,3114,697792,C3-e003Coalescence-Inoculumn-mGAM,101958
58,E111-e003Coalescence-mBHI-p7_S104,2127,479608,C3-e003Coalescence-Inoculumn-mGAM,101958
59,E111-e003Coalescence-mGAM-p5_S56,5841,1269734,C3-e003Coalescence-Inoculumn-mGAM,101958
60,E4-e003Coalescence-mGAM-p7_S147,2037,441794,C3-e003Coalescence-Inoculumn-mGAM,101958
61,G8-e003Coalescence-mBHI-p5_S29,3387,724274,C3-e003Coalescence-Inoculumn-mGAM,101958
62,E8-e003Coalescence-mBHI-p3_S105,5668,1241202,C3-e003Coalescence-Inoculumn-mGAM,101958
63,E8-e003Coalescence-mGAM-p7_S149,2027,443489,C3-e003Coalescence-Inoculumn-mGAM,101958
64,G9-e003Coalescence-mGAM-p3_S178,15,597708,C3-e003Coalescence-Inoculumn-mGAM,101958
65,H8-e003Coalescence-mGAM-p7_S185,5914,1287125,C3-e003Coalescence-Inoculumn-mGAM,101958
0,C9-e003Coalescence-mGAM-p3,3,745406,B10-e003Coalescence-mBHI-p3,101958
1,A8-e003Coalescence-mBHI-p3,8151,1148611,B10-e003Coalescence-mBHI-p3,101958
2,B9-e003Coalescence-mGAM-p5,11,1266654,B10-e003Coalescence-mBHI-p3,101958
3,C8-e003Assembly-mGAM-p3,4775,691607,B10-e003Coalescence-mBHI-p3,101958
4,C8-e003Assembly-mGAM-p5,3578,529291,B10-e003Coalescence-mBHI-p3,101958
5,A11-e003Coalescence-mGAM-p7,4216,600457,B10-e003Coalescence-mBHI-p3,101958
6,B11-e003Coalescence-mGAM-p3,12,1218073,B10-e003Coalescence-mBHI-p3,101958
7,A2-e003Coalescence-Inoculumn-mGAM,7781,1120015,B10-e003Coalescence-mBHI-p3,101958
8,D8-e003Coalescence-mGAM-p5,9218,1314015,B10-e003Coalescence-mBHI-p3,101958
9,A12-e003Coalescence-mGAM-p3,7251,1039277,B10-e003Coalescence-mBHI-p3,101958
10,B5-e003Coalescence-Inoculumn-mGAM,1,414446,B10-e003Coalescence-mBHI-p3,101958
11,C9-e003Coalescence-mBHI-p3,5,938458,B10-e003Coalescence-mBHI-p3,101958
12,C8-e003Coalescence-mBHI-p7,4295,594610,B10-e003Coalescence-mBHI-p3,101958
13,D8-e003Coalescence-mBHI-p5,4176,614083,B10-e003Coalescence-mBHI-p3,101958
14,B8-e003Assembly-mGAM-p3,3627,511311,B10-e003Coalescence-mBHI-p3,101958
15,A8-e003Coalescence-mBHI-p7,3686,508703,B10-e003Coalescence-mBHI-p3,101958
16,B2-e003Coalescence-Inoculumn-mGAM,5786,1049541,B10-e003Coalescence-mBHI-p3,101958
17,A3-e003Coalescence-Inoculumn-mGAM,2352,560503,B10-e003Coalescence-mBHI-p3,101958
18,A9-e003Coalescence-mBHI-p3,5382,1258192,B10-e003Coalescence-mBHI-p3,101958
19,B9-e003Coalescence-mGAM-p7,5,898503,B10-e003Coalescence-mBHI-p3,101958
20,C3-e003Coalescence-Inoculumn-mGAM,18,638925,B10-e003Coalescence-mBHI-p3,101958
21,B10-e003Coalescence-mBHI-p3,0,972288,B10-e003Coalescence-mBHI-p3,101958
22,A9-e003Coalescence-mBHI-p7,6924,1278174,B10-e003Coalescence-mBHI-p3,101958
23,C2-e003Coalescence-Inoculumn-mGAM,4082,582785,B10-e003Coalescence-mBHI-p3,101958
24,B3-e003Coalescence-Inoculumn-mGAM,5,1149670,B10-e003Coalescence-mBHI-p3,101958
25,B4-e003Coalescence-Inoculumn-mGAM,20,1001069,B10-e003Coalescence-mBHI-p3,101958
26,A2-e003Coalescence-mGAM-p5,7082,1011017,B10-e003Coalescence-mBHI-p3,101958
27,B8-e003Coalescence-mGAM-p5,5166,928737,B10-e003Coalescence-mBHI-p3,101958
28,A5-e003Coalescence-Inoculumn-mGAM,3539,521556,B10-e003Coalescence-mBHI-p3,101958
29,B8-e003GlycerolRevival-mGAM-p2,2947,422751,B10-e003Coalescence-mBHI-p3,101958
30,C8-e003Coalescence-mBHI-p5,8896,1271024,B10-e003Coalescence-mBHI-p3,101958
31,B8-e003Coalescence-mGAM-p7,3699,820884,B10-e003Coalescence-mBHI-p3,101958
32,D2-e003Coalescence-Inoculumn-mGAM,4251,604238,B10-e003Coalescence-mBHI-p3,101958
33,D3-e003Coalescence-Inoculumn-mGAM,3,824536,B10-e003Coalescence-mBHI-p3,101958
34,A11-e003Coalescence-mBHI-p3,8878,1273349,B10-e003Coalescence-mBHI-p3,101958
35,A4-e003Coalescence-Inoculumn-mGAM,8486,1214206,B10-e003Coalescence-mBHI-p3,101958
36,A9-e003Coalescence-mGAM-p5,5106,864112,B10-e003Coalescence-mBHI-p3,101958
37,A11-e003Coalescence-mGAM-p3,9066,1299785,B10-e003Coalescence-mBHI-p3,101958
38,E8-e003Coalescence-mBHI-p5_S5,3792,544751,B10-e003Coalescence-mBHI-p3,101958
39,E9-e003Coalescence-mBHI-p5_S6,250,571529,B10-e003Coalescence-mBHI-p3,101958
40,F111-e003Coalescence-mGAM-p5_S68,9,483352,B10-e003Coalescence-mBHI-p3,101958
41,H2-e003Coalescence-mGAM-p7_S181,8795,1262475,B10-e003Coalescence-mBHI-p3,101958
42,E100-e003Coalescence-mBHI-p7_S103,2547,380075,B10-e003Coalescence-mBHI-p3,101958
43,F9-e003Coalescence-mGAM-p5_S66,24,1107465,B10-e003Coalescence-mBHI-p3,101958
44,F111-e003Coalescence-mGAM-p7_S164,9,554759,B10-e003Coalescence-mBHI-p3,101958
45,E111-e003Coalescence-mBHI-p5_S8,2772,418252,B10-e003Coalescence-mBHI-p3,101958
46,H8-e003Coalescence-mBHI-p7_S137,7504,1076503,B10-e003Coalescence-mBHI-p3,101958
47,E8-e003Coalescence-mBHI-p7_S101,4186,665052,B10-e003Coalescence-mBHI-p3,101958
48,H8-e003Coalescence-mBHI-p5_S41,5487,806338,B10-e003Coalescence-mBHI-p3,101958
49,E100-e003Coalescence-mBHI-p5_S7,3544,524284,B10-e003Coalescence-mBHI-p3,101958
50,F9-e003Coalescence-mGAM-p7_S162,11,524905,B10-e003Coalescence-mBHI-p3,101958
51,F8-e003Coalescence-mGAM-p7_S161,2704,455511,B10-e003Coalescence-mBHI-p3,101958
52,G8-e003Coalescence-mBHI-p3_S129,3613,509674,B10-e003Coalescence-mBHI-p3,101958
53,H8-e003Coalescence-mGAM-p5_S89,8838,1268328,B10-e003Coalescence-mBHI-p3,101958
54,G100-e003Coalescence-mBHI-p3_S131,4225,612901,B10-e003Coalescence-mBHI-p3,101958
55,E9-e003Coalescence-mGAM-p3_S154,3625,749107,B10-e003Coalescence-mBHI-p3,101958
56,F111-e003Coalescence-mGAM-p3_S168,16,682972,B10-e003Coalescence-mBHI-p3,101958
57,G8-e003Coalescence-mBHI-p7_S125,4787,697792,B10-e003Coalescence-mBHI-p3,101958
58,E111-e003Coalescence-mBHI-p7_S104,3278,479608,B10-e003Coalescence-mBHI-p3,101958
59,E111-e003Coalescence-mGAM-p5_S56,8889,1269734,B10-e003Coalescence-mBHI-p3,101958
60,E4-e003Coalescence-mGAM-p7_S147,2908,441794,B10-e003Coalescence-mBHI-p3,101958
61,G8-e003Coalescence-mBHI-p5_S29,4997,724274,B10-e003Coalescence-mBHI-p3,101958
62,E8-e003Coalescence-mBHI-p3_S105,8642,1241202,B10-e003Coalescence-mBHI-p3,101958
63,E8-e003Coalescence-mGAM-p7_S149,3016,443489,B10-e003Coalescence-mBHI-p3,101958
64,G9-e003Coalescence-mGAM-p3_S178,19,597708,B10-e003Coalescence-mBHI-p3,101958
65,H8-e003Coalescence-mGAM-p7_S185,8956,1287125,B10-e003Coalescence-mBHI-p3,101958
0,C9-e003Coalescence-mGAM-p3,224,745406,A9-e003Coalescence-mBHI-p7,101958
1,A8-e003Coalescence-mBHI-p3,1967,1148611,A9-e003Coalescence-mBHI-p7,101958
2,B9-e003Coalescence-mGAM-p5,473,1266654,A9-e003Coalescence-mBHI-p7,101958
3,C8-e003Assembly-mGAM-p3,1036,691607,A9-e003Coalescence-mBHI-p7,101958
4,C8-e003Assembly-mGAM-p5,790,529291,A9-e003Coalescence-mBHI-p7,101958
5,A11-e003Coalescence-mGAM-p7,928,600457,A9-e003Coalescence-mBHI-p7,101958
6,B11-e003Coalescence-mGAM-p3,497,1218073,A9-e003Coalescence-mBHI-p7,101958
7,A2-e003Coalescence-Inoculumn-mGAM,1882,1120015,A9-e003Coalescence-mBHI-p7,101958
8,D8-e003Coalescence-mGAM-p5,2229,1314015,A9-e003Coalescence-mBHI-p7,101958
9,A12-e003Coalescence-mGAM-p3,1683,1039277,A9-e003Coalescence-mBHI-p7,101958
10,B5-e003Coalescence-Inoculumn-mGAM,156,414446,A9-e003Coalescence-mBHI-p7,101958
11,C9-e003Coalescence-mBHI-p3,324,938458,A9-e003Coalescence-mBHI-p7,101958
12,C8-e003Coalescence-mBHI-p7,995,594610,A9-e003Coalescence-mBHI-p7,101958
13,D8-e003Coalescence-mBHI-p5,961,614083,A9-e003Coalescence-mBHI-p7,101958
14,B8-e003Assembly-mGAM-p3,804,511311,A9-e003Coalescence-mBHI-p7,101958
15,A8-e003Coalescence-mBHI-p7,733,508703,A9-e003Coalescence-mBHI-p7,101958
16,B2-e003Coalescence-Inoculumn-mGAM,1313,1049541,A9-e003Coalescence-mBHI-p7,101958
17,A3-e003Coalescence-Inoculumn-mGAM,553,560503,A9-e003Coalescence-mBHI-p7,101958
18,A9-e003Coalescence-mBHI-p3,1376,1258192,A9-e003Coalescence-mBHI-p7,101958
19,B9-e003Coalescence-mGAM-p7,317,898503,A9-e003Coalescence-mBHI-p7,101958
20,C3-e003Coalescence-Inoculumn-mGAM,214,638925,A9-e003Coalescence-mBHI-p7,101958
21,B10-e003Coalescence-mBHI-p3,324,972288,A9-e003Coalescence-mBHI-p7,101958
22,A9-e003Coalescence-mBHI-p7,0,1278174,A9-e003Coalescence-mBHI-p7,101958
23,C2-e003Coalescence-Inoculumn-mGAM,971,582785,A9-e003Coalescence-mBHI-p7,101958
24,B3-e003Coalescence-Inoculumn-mGAM,414,1149670,A9-e003Coalescence-mBHI-p7,101958
25,B4-e003Coalescence-Inoculumn-mGAM,344,1001069,A9-e003Coalescence-mBHI-p7,101958
26,A2-e003Coalescence-mGAM-p5,1646,1011017,A9-e003Coalescence-mBHI-p7,101958
27,B8-e003Coalescence-mGAM-p5,1155,928737,A9-e003Coalescence-mBHI-p7,101958
28,A5-e003Coalescence-Inoculumn-mGAM,809,521556,A9-e003Coalescence-mBHI-p7,101958
29,B8-e003GlycerolRevival-mGAM-p2,641,422751,A9-e003Coalescence-mBHI-p7,101958
30,C8-e003Coalescence-mBHI-p5,2157,1271024,A9-e003Coalescence-mBHI-p7,101958
31,B8-e003Coalescence-mGAM-p7,854,820884,A9-e003Coalescence-mBHI-p7,101958
32,D2-e003Coalescence-Inoculumn-mGAM,920,604238,A9-e003Coalescence-mBHI-p7,101958
33,D3-e003Coalescence-Inoculumn-mGAM,242,824536,A9-e003Coalescence-mBHI-p7,101958
34,A11-e003Coalescence-mBHI-p3,2152,1273349,A9-e003Coalescence-mBHI-p7,101958
35,A4-e003Coalescence-Inoculumn-mGAM,2019,1214206,A9-e003Coalescence-mBHI-p7,101958
36,A9-e003Coalescence-mGAM-p5,1186,864112,A9-e003Coalescence-mBHI-p7,101958
37,A11-e003Coalescence-mGAM-p3,2185,1299785,A9-e003Coalescence-mBHI-p7,101958
38,E8-e003Coalescence-mBHI-p5_S5,812,544751,A9-e003Coalescence-mBHI-p7,101958
39,E9-e003Coalescence-mBHI-p5_S6,227,571529,A9-e003Coalescence-mBHI-p7,101958
40,F111-e003Coalescence-mGAM-p5_S68,145,483352,A9-e003Coalescence-mBHI-p7,101958
41,H2-e003Coalescence-mGAM-p7_S181,2113,1262475,A9-e003Coalescence-mBHI-p7,101958
42,E100-e003Coalescence-mBHI-p7_S103,539,380075,A9-e003Coalescence-mBHI-p7,101958
43,F9-e003Coalescence-mGAM-p5_S66,377,1107465,A9-e003Coalescence-mBHI-p7,101958
44,F111-e003Coalescence-mGAM-p7_S164,165,554759,A9-e003Coalescence-mBHI-p7,101958
45,E111-e003Coalescence-mBHI-p5_S8,603,418252,A9-e003Coalescence-mBHI-p7,101958
46,H8-e003Coalescence-mBHI-p7_S137,1721,1076503,A9-e003Coalescence-mBHI-p7,101958
47,E8-e003Coalescence-mBHI-p7_S101,923,665052,A9-e003Coalescence-mBHI-p7,101958
48,H8-e003Coalescence-mBHI-p5_S41,1237,806338,A9-e003Coalescence-mBHI-p7,101958
49,E100-e003Coalescence-mBHI-p5_S7,816,524284,A9-e003Coalescence-mBHI-p7,101958
50,F9-e003Coalescence-mGAM-p7_S162,174,524905,A9-e003Coalescence-mBHI-p7,101958
51,F8-e003Coalescence-mGAM-p7_S161,575,455511,A9-e003Coalescence-mBHI-p7,101958
52,G8-e003Coalescence-mBHI-p3_S129,747,509674,A9-e003Coalescence-mBHI-p7,101958
53,H8-e003Coalescence-mGAM-p5_S89,2096,1268328,A9-e003Coalescence-mBHI-p7,101958
54,G100-e003Coalescence-mBHI-p3_S131,949,612901,A9-e003Coalescence-mBHI-p7,101958
55,E9-e003Coalescence-mGAM-p3_S154,754,749107,A9-e003Coalescence-mBHI-p7,101958
56,F111-e003Coalescence-mGAM-p3_S168,174,682972,A9-e003Coalescence-mBHI-p7,101958
57,G8-e003Coalescence-mBHI-p7_S125,1056,697792,A9-e003Coalescence-mBHI-p7,101958
58,E111-e003Coalescence-mBHI-p7_S104,707,479608,A9-e003Coalescence-mBHI-p7,101958
59,E111-e003Coalescence-mGAM-p5_S56,2090,1269734,A9-e003Coalescence-mBHI-p7,101958
60,E4-e003Coalescence-mGAM-p7_S147,671,441794,A9-e003Coalescence-mBHI-p7,101958
61,G8-e003Coalescence-mBHI-p5_S29,1155,724274,A9-e003Coalescence-mBHI-p7,101958
62,E8-e003Coalescence-mBHI-p3_S105,2027,1241202,A9-e003Coalescence-mBHI-p7,101958
63,E8-e003Coalescence-mGAM-p7_S149,689,443489,A9-e003Coalescence-mBHI-p7,101958
64,G9-e003Coalescence-mGAM-p3_S178,188,597708,A9-e003Coalescence-mBHI-p7,101958
65,H8-e003Coalescence-mGAM-p7_S185,2139,1287125,A9-e003Coalescence-mBHI-p7,101958
0,C9-e003Coalescence-mGAM-p3,3051,745406,C2-e003Coalescence-Inoculumn-mGAM,101958
1,A8-e003Coalescence-mBHI-p3,15,1148611,C2-e003Coalescence-Inoculumn-mGAM,101958
2,B9-e003Coalescence-mGAM-p5,5374,1266654,C2-e003Coalescence-Inoculumn-mGAM,101958
3,C8-e003Assembly-mGAM-p3,8,691607,C2-e003Coalescence-Inoculumn-mGAM,101958
4,C8-e003Assembly-mGAM-p5,12,529291,C2-e003Coalescence-Inoculumn-mGAM,101958
5,A11-e003Coalescence-mGAM-p7,8,600457,C2-e003Coalescence-Inoculumn-mGAM,101958
6,B11-e003Coalescence-mGAM-p3,5187,1218073,C2-e003Coalescence-Inoculumn-mGAM,101958
7,A2-e003Coalescence-Inoculumn-mGAM,10,1120015,C2-e003Coalescence-Inoculumn-mGAM,101958
8,D8-e003Coalescence-mGAM-p5,16,1314015,C2-e003Coalescence-Inoculumn-mGAM,101958
9,A12-e003Coalescence-mGAM-p3,13,1039277,C2-e003Coalescence-Inoculumn-mGAM,101958
10,B5-e003Coalescence-Inoculumn-mGAM,1690,414446,C2-e003Coalescence-Inoculumn-mGAM,101958
11,C9-e003Coalescence-mBHI-p3,4030,938458,C2-e003Coalescence-Inoculumn-mGAM,101958
12,C8-e003Coalescence-mBHI-p7,10,594610,C2-e003Coalescence-Inoculumn-mGAM,101958
13,D8-e003Coalescence-mBHI-p5,7,614083,C2-e003Coalescence-Inoculumn-mGAM,101958
14,B8-e003Assembly-mGAM-p3,5,511311,C2-e003Coalescence-Inoculumn-mGAM,101958
15,A8-e003Coalescence-mBHI-p7,14,508703,C2-e003Coalescence-Inoculumn-mGAM,101958
16,B2-e003Coalescence-Inoculumn-mGAM,398,1049541,C2-e003Coalescence-Inoculumn-mGAM,101958
17,A3-e003Coalescence-Inoculumn-mGAM,283,560503,C2-e003Coalescence-Inoculumn-mGAM,101958
18,A9-e003Coalescence-mBHI-p3,1793,1258192,C2-e003Coalescence-Inoculumn-mGAM,101958
19,B9-e003Coalescence-mGAM-p7,3939,898503,C2-e003Coalescence-Inoculumn-mGAM,101958
20,C3-e003Coalescence-Inoculumn-mGAM,2733,638925,C2-e003Coalescence-Inoculumn-mGAM,101958
21,B10-e003Coalescence-mBHI-p3,4076,972288,C2-e003Coalescence-Inoculumn-mGAM,101958
22,A9-e003Coalescence-mBHI-p7,994,1278174,C2-e003Coalescence-Inoculumn-mGAM,101958
23,C2-e003Coalescence-Inoculumn-mGAM,0,582785,C2-e003Coalescence-Inoculumn-mGAM,101958
24,B3-e003Coalescence-Inoculumn-mGAM,4900,1149670,C2-e003Coalescence-Inoculumn-mGAM,101958
25,B4-e003Coalescence-Inoculumn-mGAM,4327,1001069,C2-e003Coalescence-Inoculumn-mGAM,101958
26,A2-e003Coalescence-mGAM-p5,12,1011017,C2-e003Coalescence-Inoculumn-mGAM,101958
27,B8-e003Coalescence-mGAM-p5,178,928737,C2-e003Coalescence-Inoculumn-mGAM,101958
28,A5-e003Coalescence-Inoculumn-mGAM,3,521556,C2-e003Coalescence-Inoculumn-mGAM,101958
29,B8-e003GlycerolRevival-mGAM-p2,4,422751,C2-e003Coalescence-Inoculumn-mGAM,101958
30,C8-e003Coalescence-mBHI-p5,14,1271024,C2-e003Coalescence-Inoculumn-mGAM,101958
31,B8-e003Coalescence-mGAM-p7,443,820884,C2-e003Coalescence-Inoculumn-mGAM,101958
32,D2-e003Coalescence-Inoculumn-mGAM,9,604238,C2-e003Coalescence-Inoculumn-mGAM,101958
33,D3-e003Coalescence-Inoculumn-mGAM,3529,824536,C2-e003Coalescence-Inoculumn-mGAM,101958
34,A11-e003Coalescence-mBHI-p3,13,1273349,C2-e003Coalescence-Inoculumn-mGAM,101958
35,A4-e003Coalescence-Inoculumn-mGAM,10,1214206,C2-e003Coalescence-Inoculumn-mGAM,101958
36,A9-e003Coalescence-mGAM-p5,101,864112,C2-e003Coalescence-Inoculumn-mGAM,101958
37,A11-e003Coalescence-mGAM-p3,15,1299785,C2-e003Coalescence-Inoculumn-mGAM,101958
38,E8-e003Coalescence-mBHI-p5_S5,13,544751,C2-e003Coalescence-Inoculumn-mGAM,101958
39,E9-e003Coalescence-mBHI-p5_S6,1839,571529,C2-e003Coalescence-Inoculumn-mGAM,101958
40,F111-e003Coalescence-mGAM-p5_S68,1960,483352,C2-e003Coalescence-Inoculumn-mGAM,101958
41,H2-e003Coalescence-mGAM-p7_S181,30,1262475,C2-e003Coalescence-Inoculumn-mGAM,101958
42,E100-e003Coalescence-mBHI-p7_S103,13,380075,C2-e003Coalescence-Inoculumn-mGAM,101958
43,F9-e003Coalescence-mGAM-p5_S66,4641,1107465,C2-e003Coalescence-Inoculumn-mGAM,101958
44,F111-e003Coalescence-mGAM-p7_S164,2432,554759,C2-e003Coalescence-Inoculumn-mGAM,101958
45,E111-e003Coalescence-mBHI-p5_S8,7,418252,C2-e003Coalescence-Inoculumn-mGAM,101958
46,H8-e003Coalescence-mBHI-p7_S137,24,1076503,C2-e003Coalescence-Inoculumn-mGAM,101958
47,E8-e003Coalescence-mBHI-p7_S101,23,665052,C2-e003Coalescence-Inoculumn-mGAM,101958
48,H8-e003Coalescence-mBHI-p5_S41,23,806338,C2-e003Coalescence-Inoculumn-mGAM,101958
49,E100-e003Coalescence-mBHI-p5_S7,12,524284,C2-e003Coalescence-Inoculumn-mGAM,101958
50,F9-e003Coalescence-mGAM-p7_S162,2189,524905,C2-e003Coalescence-Inoculumn-mGAM,101958
51,F8-e003Coalescence-mGAM-p7_S161,19,455511,C2-e003Coalescence-Inoculumn-mGAM,101958
52,G8-e003Coalescence-mBHI-p3_S129,12,509674,C2-e003Coalescence-Inoculumn-mGAM,101958
53,H8-e003Coalescence-mGAM-p5_S89,31,1268328,C2-e003Coalescence-Inoculumn-mGAM,101958
54,G100-e003Coalescence-mBHI-p3_S131,7,612901,C2-e003Coalescence-Inoculumn-mGAM,101958
55,E9-e003Coalescence-mGAM-p3_S154,222,749107,C2-e003Coalescence-Inoculumn-mGAM,101958
56,F111-e003Coalescence-mGAM-p3_S168,2848,682972,C2-e003Coalescence-Inoculumn-mGAM,101958
57,G8-e003Coalescence-mBHI-p7_S125,19,697792,C2-e003Coalescence-Inoculumn-mGAM,101958
58,E111-e003Coalescence-mBHI-p7_S104,13,479608,C2-e003Coalescence-Inoculumn-mGAM,101958
59,E111-e003Coalescence-mGAM-p5_S56,27,1269734,C2-e003Coalescence-Inoculumn-mGAM,101958
60,E4-e003Coalescence-mGAM-p7_S147,9,441794,C2-e003Coalescence-Inoculumn-mGAM,101958
61,G8-e003Coalescence-mBHI-p5_S29,20,724274,C2-e003Coalescence-Inoculumn-mGAM,101958
62,E8-e003Coalescence-mBHI-p3_S105,29,1241202,C2-e003Coalescence-Inoculumn-mGAM,101958
63,E8-e003Coalescence-mGAM-p7_S149,17,443489,C2-e003Coalescence-Inoculumn-mGAM,101958
64,G9-e003Coalescence-mGAM-p3_S178,2460,597708,C2-e003Coalescence-Inoculumn-mGAM,101958
65,H8-e003Coalescence-mGAM-p7_S185,30,1287125,C2-e003Coalescence-Inoculumn-mGAM,101958
0,C9-e003Coalescence-mGAM-p3,6,745406,B3-e003Coalescence-Inoculumn-mGAM,101958
1,A8-e003Coalescence-mBHI-p3,9749,1148611,B3-e003Coalescence-Inoculumn-mGAM,101958
2,B9-e003Coalescence-mGAM-p5,9,1266654,B3-e003Coalescence-Inoculumn-mGAM,101958
3,C8-e003Assembly-mGAM-p3,5672,691607,B3-e003Coalescence-Inoculumn-mGAM,101958
4,C8-e003Assembly-mGAM-p5,4337,529291,B3-e003Coalescence-Inoculumn-mGAM,101958
5,A11-e003Coalescence-mGAM-p7,5011,600457,B3-e003Coalescence-Inoculumn-mGAM,101958
6,B11-e003Coalescence-mGAM-p3,15,1218073,B3-e003Coalescence-Inoculumn-mGAM,101958
7,A2-e003Coalescence-Inoculumn-mGAM,9336,1120015,B3-e003Coalescence-Inoculumn-mGAM,101958
8,D8-e003Coalescence-mGAM-p5,11044,1314015,B3-e003Coalescence-Inoculumn-mGAM,101958
9,A12-e003Coalescence-mGAM-p3,8710,1039277,B3-e003Coalescence-Inoculumn-mGAM,101958
10,B5-e003Coalescence-Inoculumn-mGAM,10,414446,B3-e003Coalescence-Inoculumn-mGAM,101958
11,C9-e003Coalescence-mBHI-p3,4,938458,B3-e003Coalescence-Inoculumn-mGAM,101958
12,C8-e003Coalescence-mBHI-p7,5143,594610,B3-e003Coalescence-Inoculumn-mGAM,101958
13,D8-e003Coalescence-mBHI-p5,4981,614083,B3-e003Coalescence-Inoculumn-mGAM,101958
14,B8-e003Assembly-mGAM-p3,4357,511311,B3-e003Coalescence-Inoculumn-mGAM,101958
15,A8-e003Coalescence-mBHI-p7,4352,508703,B3-e003Coalescence-Inoculumn-mGAM,101958
16,B2-e003Coalescence-Inoculumn-mGAM,6902,1049541,B3-e003Coalescence-Inoculumn-mGAM,101958
17,A3-e003Coalescence-Inoculumn-mGAM,2842,560503,B3-e003Coalescence-Inoculumn-mGAM,101958
18,A9-e003Coalescence-mBHI-p3,6443,1258192,B3-e003Coalescence-Inoculumn-mGAM,101958
19,B9-e003Coalescence-mGAM-p7,6,898503,B3-e003Coalescence-Inoculumn-mGAM,101958
20,C3-e003Coalescence-Inoculumn-mGAM,22,638925,B3-e003Coalescence-Inoculumn-mGAM,101958
21,B10-e003Coalescence-mBHI-p3,16,972288,B3-e003Coalescence-Inoculumn-mGAM,101958
22,A9-e003Coalescence-mBHI-p7,8153,1278174,B3-e003Coalescence-Inoculumn-mGAM,101958
23,C2-e003Coalescence-Inoculumn-mGAM,4903,582785,B3-e003Coalescence-Inoculumn-mGAM,101958
24,B3-e003Coalescence-Inoculumn-mGAM,0,1149670,B3-e003Coalescence-Inoculumn-mGAM,101958
25,B4-e003Coalescence-Inoculumn-mGAM,25,1001069,B3-e003Coalescence-Inoculumn-mGAM,101958
26,A2-e003Coalescence-mGAM-p5,8500,1011017,B3-e003Coalescence-Inoculumn-mGAM,101958
27,B8-e003Coalescence-mGAM-p5,6158,928737,B3-e003Coalescence-Inoculumn-mGAM,101958
28,A5-e003Coalescence-Inoculumn-mGAM,4245,521556,B3-e003Coalescence-Inoculumn-mGAM,101958
29,B8-e003GlycerolRevival-mGAM-p2,3523,422751,B3-e003Coalescence-Inoculumn-mGAM,101958
30,C8-e003Coalescence-mBHI-p5,10605,1271024,B3-e003Coalescence-Inoculumn-mGAM,101958
31,B8-e003Coalescence-mGAM-p7,4399,820884,B3-e003Coalescence-Inoculumn-mGAM,101958
32,D2-e003Coalescence-Inoculumn-mGAM,5028,604238,B3-e003Coalescence-Inoculumn-mGAM,101958
33,D3-e003Coalescence-Inoculumn-mGAM,4,824536,B3-e003Coalescence-Inoculumn-mGAM,101958
34,A11-e003Coalescence-mBHI-p3,10657,1273349,B3-e003Coalescence-Inoculumn-mGAM,101958
35,A4-e003Coalescence-Inoculumn-mGAM,10164,1214206,B3-e003Coalescence-Inoculumn-mGAM,101958
36,A9-e003Coalescence-mGAM-p5,6070,864112,B3-e003Coalescence-Inoculumn-mGAM,101958
37,A11-e003Coalescence-mGAM-p3,10908,1299785,B3-e003Coalescence-Inoculumn-mGAM,101958
38,E8-e003Coalescence-mBHI-p5_S5,4552,544751,B3-e003Coalescence-Inoculumn-mGAM,101958
39,E9-e003Coalescence-mBHI-p5_S6,311,571529,B3-e003Coalescence-Inoculumn-mGAM,101958
40,F111-e003Coalescence-mGAM-p5_S68,7,483352,B3-e003Coalescence-Inoculumn-mGAM,101958
41,H2-e003Coalescence-mGAM-p7_S181,10601,1262475,B3-e003Coalescence-Inoculumn-mGAM,101958
42,E100-e003Coalescence-mBHI-p7_S103,3083,380075,B3-e003Coalescence-Inoculumn-mGAM,101958
43,F9-e003Coalescence-mGAM-p5_S66,35,1107465,B3-e003Coalescence-Inoculumn-mGAM,101958
44,F111-e003Coalescence-mGAM-p7_S164,11,554759,B3-e003Coalescence-Inoculumn-mGAM,101958
45,E111-e003Coalescence-mBHI-p5_S8,3306,418252,B3-e003Coalescence-Inoculumn-mGAM,101958
46,H8-e003Coalescence-mBHI-p7_S137,9018,1076503,B3-e003Coalescence-Inoculumn-mGAM,101958
47,E8-e003Coalescence-mBHI-p7_S101,5017,665052,B3-e003Coalescence-Inoculumn-mGAM,101958
48,H8-e003Coalescence-mBHI-p5_S41,6571,806338,B3-e003Coalescence-Inoculumn-mGAM,101958
49,E100-e003Coalescence-mBHI-p5_S7,4290,524284,B3-e003Coalescence-Inoculumn-mGAM,101958
50,F9-e003Coalescence-mGAM-p7_S162,15,524905,B3-e003Coalescence-Inoculumn-mGAM,101958
51,F8-e003Coalescence-mGAM-p7_S161,3221,455511,B3-e003Coalescence-Inoculumn-mGAM,101958
52,G8-e003Coalescence-mBHI-p3_S129,4204,509674,B3-e003Coalescence-Inoculumn-mGAM,101958
53,H8-e003Coalescence-mGAM-p5_S89,10596,1268328,B3-e003Coalescence-Inoculumn-mGAM,101958
54,G100-e003Coalescence-mBHI-p3_S131,5090,612901,B3-e003Coalescence-Inoculumn-mGAM,101958
55,E9-e003Coalescence-mGAM-p3_S154,4285,749107,B3-e003Coalescence-Inoculumn-mGAM,101958
56,F111-e003Coalescence-mGAM-p3_S168,21,682972,B3-e003Coalescence-Inoculumn-mGAM,101958
57,G8-e003Coalescence-mBHI-p7_S125,5660,697792,B3-e003Coalescence-Inoculumn-mGAM,101958
58,E111-e003Coalescence-mBHI-p7_S104,3789,479608,B3-e003Coalescence-Inoculumn-mGAM,101958
59,E111-e003Coalescence-mGAM-p5_S56,10639,1269734,B3-e003Coalescence-Inoculumn-mGAM,101958
60,E4-e003Coalescence-mGAM-p7_S147,3461,441794,B3-e003Coalescence-Inoculumn-mGAM,101958
61,G8-e003Coalescence-mBHI-p5_S29,5980,724274,B3-e003Coalescence-Inoculumn-mGAM,101958
62,E8-e003Coalescence-mBHI-p3_S105,10368,1241202,B3-e003Coalescence-Inoculumn-mGAM,101958
63,E8-e003Coalescence-mGAM-p7_S149,3557,443489,B3-e003Coalescence-Inoculumn-mGAM,101958
64,G9-e003Coalescence-mGAM-p3_S178,18,597708,B3-e003Coalescence-Inoculumn-mGAM,101958
65,H8-e003Coalescence-mGAM-p7_S185,10786,1287125,B3-e003Coalescence-Inoculumn-mGAM,101958
0,C9-e003Coalescence-mGAM-p3,8,745406,B4-e003Coalescence-Inoculumn-mGAM,101958
1,A8-e003Coalescence-mBHI-p3,8351,1148611,B4-e003Coalescence-Inoculumn-mGAM,101958
2,B9-e003Coalescence-mGAM-p5,14,1266654,B4-e003Coalescence-Inoculumn-mGAM,101958
3,C8-e003Assembly-mGAM-p3,4870,691607,B4-e003Coalescence-Inoculumn-mGAM,101958
4,C8-e003Assembly-mGAM-p5,3720,529291,B4-e003Coalescence-Inoculumn-mGAM,101958
5,A11-e003Coalescence-mGAM-p7,4399,600457,B4-e003Coalescence-Inoculumn-mGAM,101958
6,B11-e003Coalescence-mGAM-p3,14,1218073,B4-e003Coalescence-Inoculumn-mGAM,101958
7,A2-e003Coalescence-Inoculumn-mGAM,7995,1120015,B4-e003Coalescence-Inoculumn-mGAM,101958
8,D8-e003Coalescence-mGAM-p5,9503,1314015,B4-e003Coalescence-Inoculumn-mGAM,101958
9,A12-e003Coalescence-mGAM-p3,7488,1039277,B4-e003Coalescence-Inoculumn-mGAM,101958
10,B5-e003Coalescence-Inoculumn-mGAM,14,414446,B4-e003Coalescence-Inoculumn-mGAM,101958
11,C9-e003Coalescence-mBHI-p3,17,938458,B4-e003Coalescence-Inoculumn-mGAM,101958
12,C8-e003Coalescence-mBHI-p7,4400,594610,B4-e003Coalescence-Inoculumn-mGAM,101958
13,D8-e003Coalescence-mBHI-p5,4297,614083,B4-e003Coalescence-Inoculumn-mGAM,101958
14,B8-e003Assembly-mGAM-p3,3769,511311,B4-e003Coalescence-Inoculumn-mGAM,101958
15,A8-e003Coalescence-mBHI-p7,3766,508703,B4-e003Coalescence-Inoculumn-mGAM,101958
16,B2-e003Coalescence-Inoculumn-mGAM,5991,1049541,B4-e003Coalescence-Inoculumn-mGAM,101958
17,A3-e003Coalescence-Inoculumn-mGAM,2475,560503,B4-e003Coalescence-Inoculumn-mGAM,101958
18,A9-e003Coalescence-mBHI-p3,5560,1258192,B4-e003Coalescence-Inoculumn-mGAM,101958
19,B9-e003Coalescence-mGAM-p7,8,898503,B4-e003Coalescence-Inoculumn-mGAM,101958
20,C3-e003Coalescence-Inoculumn-mGAM,9,638925,B4-e003Coalescence-Inoculumn-mGAM,101958
21,B10-e003Coalescence-mBHI-p3,20,972288,B4-e003Coalescence-Inoculumn-mGAM,101958
22,A9-e003Coalescence-mBHI-p7,7045,1278174,B4-e003Coalescence-Inoculumn-mGAM,101958
23,C2-e003Coalescence-Inoculumn-mGAM,4322,582785,B4-e003Coalescence-Inoculumn-mGAM,101958
24,B3-e003Coalescence-Inoculumn-mGAM,12,1149670,B4-e003Coalescence-Inoculumn-mGAM,101958
25,B4-e003Coalescence-Inoculumn-mGAM,0,1001069,B4-e003Coalescence-Inoculumn-mGAM,101958
26,A2-e003Coalescence-mGAM-p5,7306,1011017,B4-e003Coalescence-Inoculumn-mGAM,101958
27,B8-e003Coalescence-mGAM-p5,5340,928737,B4-e003Coalescence-Inoculumn-mGAM,101958
28,A5-e003Coalescence-Inoculumn-mGAM,3657,521556,B4-e003Coalescence-Inoculumn-mGAM,101958
29,B8-e003GlycerolRevival-mGAM-p2,3071,422751,B4-e003Coalescence-Inoculumn-mGAM,101958
30,C8-e003Coalescence-mBHI-p5,9144,1271024,B4-e003Coalescence-Inoculumn-mGAM,101958
31,B8-e003Coalescence-mGAM-p7,3865,820884,B4-e003Coalescence-Inoculumn-mGAM,101958
32,D2-e003Coalescence-Inoculumn-mGAM,4285,604238,B4-e003Coalescence-Inoculumn-mGAM,101958
33,D3-e003Coalescence-Inoculumn-mGAM,13,824536,B4-e003Coalescence-Inoculumn-mGAM,101958
34,A11-e003Coalescence-mBHI-p3,9194,1273349,B4-e003Coalescence-Inoculumn-mGAM,101958
35,A4-e003Coalescence-Inoculumn-mGAM,8734,1214206,B4-e003Coalescence-Inoculumn-mGAM,101958
36,A9-e003Coalescence-mGAM-p5,5172,864112,B4-e003Coalescence-Inoculumn-mGAM,101958
37,A11-e003Coalescence-mGAM-p3,9385,1299785,B4-e003Coalescence-Inoculumn-mGAM,101958
38,E8-e003Coalescence-mBHI-p5_S5,3968,544751,B4-e003Coalescence-Inoculumn-mGAM,101958
39,E9-e003Coalescence-mBHI-p5_S6,269,571529,B4-e003Coalescence-Inoculumn-mGAM,101958
40,F111-e003Coalescence-mGAM-p5_S68,9,483352,B4-e003Coalescence-Inoculumn-mGAM,101958
41,H2-e003Coalescence-mGAM-p7_S181,9114,1262475,B4-e003Coalescence-Inoculumn-mGAM,101958
42,E100-e003Coalescence-mBHI-p7_S103,2658,380075,B4-e003Coalescence-Inoculumn-mGAM,101958
43,F9-e003Coalescence-mGAM-p5_S66,37,1107465,B4-e003Coalescence-Inoculumn-mGAM,101958
44,F111-e003Coalescence-mGAM-p7_S164,10,554759,B4-e003Coalescence-Inoculumn-mGAM,101958
45,E111-e003Coalescence-mBHI-p5_S8,2834,418252,B4-e003Coalescence-Inoculumn-mGAM,101958
46,H8-e003Coalescence-mBHI-p7_S137,7793,1076503,B4-e003Coalescence-Inoculumn-mGAM,101958
47,E8-e003Coalescence-mBHI-p7_S101,4336,665052,B4-e003Coalescence-Inoculumn-mGAM,101958
48,H8-e003Coalescence-mBHI-p5_S41,5771,806338,B4-e003Coalescence-Inoculumn-mGAM,101958
49,E100-e003Coalescence-mBHI-p5_S7,3673,524284,B4-e003Coalescence-Inoculumn-mGAM,101958
50,F9-e003Coalescence-mGAM-p7_S162,17,524905,B4-e003Coalescence-Inoculumn-mGAM,101958
51,F8-e003Coalescence-mGAM-p7_S161,2769,455511,B4-e003Coalescence-Inoculumn-mGAM,101958
52,G8-e003Coalescence-mBHI-p3_S129,3660,509674,B4-e003Coalescence-Inoculumn-mGAM,101958
53,H8-e003Coalescence-mGAM-p5_S89,9102,1268328,B4-e003Coalescence-Inoculumn-mGAM,101958
54,G100-e003Coalescence-mBHI-p3_S131,4392,612901,B4-e003Coalescence-Inoculumn-mGAM,101958
55,E9-e003Coalescence-mGAM-p3_S154,3675,749107,B4-e003Coalescence-Inoculumn-mGAM,101958
56,F111-e003Coalescence-mGAM-p3_S168,12,682972,B4-e003Coalescence-Inoculumn-mGAM,101958
57,G8-e003Coalescence-mBHI-p7_S125,4858,697792,B4-e003Coalescence-Inoculumn-mGAM,101958
58,E111-e003Coalescence-mBHI-p7_S104,3329,479608,B4-e003Coalescence-Inoculumn-mGAM,101958
59,E111-e003Coalescence-mGAM-p5_S56,9145,1269734,B4-e003Coalescence-Inoculumn-mGAM,101958
60,E4-e003Coalescence-mGAM-p7_S147,2997,441794,B4-e003Coalescence-Inoculumn-mGAM,101958
61,G8-e003Coalescence-mBHI-p5_S29,5240,724274,B4-e003Coalescence-Inoculumn-mGAM,101958
62,E8-e003Coalescence-mBHI-p3_S105,8911,1241202,B4-e003Coalescence-Inoculumn-mGAM,101958
63,E8-e003Coalescence-mGAM-p7_S149,3035,443489,B4-e003Coalescence-Inoculumn-mGAM,101958
64,G9-e003Coalescence-mGAM-p3_S178,16,597708,B4-e003Coalescence-Inoculumn-mGAM,101958
65,H8-e003Coalescence-mGAM-p7_S185,9302,1287125,B4-e003Coalescence-Inoculumn-mGAM,101958
0,C9-e003Coalescence-mGAM-p3,5385,745406,A2-e003Coalescence-mGAM-p5,101958
1,A8-e003Coalescence-mBHI-p3,2,1148611,A2-e003Coalescence-mGAM-p5,101958
2,B9-e003Coalescence-mGAM-p5,9430,1266654,A2-e003Coalescence-mGAM-p5,101958
3,C8-e003Assembly-mGAM-p3,1,691607,A2-e003Coalescence-mGAM-p5,101958
4,C8-e003Assembly-mGAM-p5,3,529291,A2-e003Coalescence-mGAM-p5,101958
5,A11-e003Coalescence-mGAM-p7,3,600457,A2-e003Coalescence-mGAM-p5,101958
6,B11-e003Coalescence-mGAM-p3,9060,1218073,A2-e003Coalescence-mGAM-p5,101958
7,A2-e003Coalescence-Inoculumn-mGAM,1,1120015,A2-e003Coalescence-mGAM-p5,101958
8,D8-e003Coalescence-mGAM-p5,2,1314015,A2-e003Coalescence-mGAM-p5,101958
9,A12-e003Coalescence-mGAM-p3,6,1039277,A2-e003Coalescence-mGAM-p5,101958
10,B5-e003Coalescence-Inoculumn-mGAM,3010,414446,A2-e003Coalescence-mGAM-p5,101958
11,C9-e003Coalescence-mBHI-p3,6978,938458,A2-e003Coalescence-mGAM-p5,101958
12,C8-e003Coalescence-mBHI-p7,7,594610,A2-e003Coalescence-mGAM-p5,101958
13,D8-e003Coalescence-mBHI-p5,2,614083,A2-e003Coalescence-mGAM-p5,101958
14,B8-e003Assembly-mGAM-p3,0,511311,A2-e003Coalescence-mGAM-p5,101958
15,A8-e003Coalescence-mBHI-p7,14,508703,A2-e003Coalescence-mGAM-p5,101958
16,B2-e003Coalescence-Inoculumn-mGAM,698,1049541,A2-e003Coalescence-mGAM-p5,101958
17,A3-e003Coalescence-Inoculumn-mGAM,480,560503,A2-e003Coalescence-mGAM-p5,101958
18,A9-e003Coalescence-mBHI-p3,3199,1258192,A2-e003Coalescence-mGAM-p5,101958
19,B9-e003Coalescence-mGAM-p7,6866,898503,A2-e003Coalescence-mGAM-p5,101958
20,C3-e003Coalescence-Inoculumn-mGAM,4757,638925,A2-e003Coalescence-mGAM-p5,101958
21,B10-e003Coalescence-mBHI-p3,7075,972288,A2-e003Coalescence-mGAM-p5,101958
22,A9-e003Coalescence-mBHI-p7,1704,1278174,A2-e003Coalescence-mGAM-p5,101958
23,C2-e003Coalescence-Inoculumn-mGAM,6,582785,A2-e003Coalescence-mGAM-p5,101958
24,B3-e003Coalescence-Inoculumn-mGAM,8494,1149670,A2-e003Coalescence-mGAM-p5,101958
25,B4-e003Coalescence-Inoculumn-mGAM,7303,1001069,A2-e003Coalescence-mGAM-p5,101958
26,A2-e003Coalescence-mGAM-p5,0,1011017,A2-e003Coalescence-mGAM-p5,101958
27,B8-e003Coalescence-mGAM-p5,282,928737,A2-e003Coalescence-mGAM-p5,101958
28,A5-e003Coalescence-Inoculumn-mGAM,3,521556,A2-e003Coalescence-mGAM-p5,101958
29,B8-e003GlycerolRevival-mGAM-p2,3,422751,A2-e003Coalescence-mGAM-p5,101958
30,C8-e003Coalescence-mBHI-p5,5,1271024,A2-e003Coalescence-mGAM-p5,101958
31,B8-e003Coalescence-mGAM-p7,737,820884,A2-e003Coalescence-mGAM-p5,101958
32,D2-e003Coalescence-Inoculumn-mGAM,4,604238,A2-e003Coalescence-mGAM-p5,101958
33,D3-e003Coalescence-Inoculumn-mGAM,6196,824536,A2-e003Coalescence-mGAM-p5,101958
34,A11-e003Coalescence-mBHI-p3,6,1273349,A2-e003Coalescence-mGAM-p5,101958
35,A4-e003Coalescence-Inoculumn-mGAM,3,1214206,A2-e003Coalescence-mGAM-p5,101958
36,A9-e003Coalescence-mGAM-p5,120,864112,A2-e003Coalescence-mGAM-p5,101958
37,A11-e003Coalescence-mGAM-p3,7,1299785,A2-e003Coalescence-mGAM-p5,101958
38,E8-e003Coalescence-mBHI-p5_S5,10,544751,A2-e003Coalescence-mGAM-p5,101958
39,E9-e003Coalescence-mBHI-p5_S6,3295,571529,A2-e003Coalescence-mGAM-p5,101958
40,F111-e003Coalescence-mGAM-p5_S68,3416,483352,A2-e003Coalescence-mGAM-p5,101958
41,H2-e003Coalescence-mGAM-p7_S181,39,1262475,A2-e003Coalescence-mGAM-p5,101958
42,E100-e003Coalescence-mBHI-p7_S103,13,380075,A2-e003Coalescence-mGAM-p5,101958
43,F9-e003Coalescence-mGAM-p5_S66,8110,1107465,A2-e003Coalescence-mGAM-p5,101958
44,F111-e003Coalescence-mGAM-p7_S164,4159,554759,A2-e003Coalescence-mGAM-p5,101958
45,E111-e003Coalescence-mBHI-p5_S8,10,418252,A2-e003Coalescence-mGAM-p5,101958
46,H8-e003Coalescence-mBHI-p7_S137,30,1076503,A2-e003Coalescence-mGAM-p5,101958
47,E8-e003Coalescence-mBHI-p7_S101,20,665052,A2-e003Coalescence-mGAM-p5,101958
48,H8-e003Coalescence-mBHI-p5_S41,19,806338,A2-e003Coalescence-mGAM-p5,101958
49,E100-e003Coalescence-mBHI-p5_S7,12,524284,A2-e003Coalescence-mGAM-p5,101958
50,F9-e003Coalescence-mGAM-p7_S162,3908,524905,A2-e003Coalescence-mGAM-p5,101958
51,F8-e003Coalescence-mGAM-p7_S161,20,455511,A2-e003Coalescence-mGAM-p5,101958
52,G8-e003Coalescence-mBHI-p3_S129,14,509674,A2-e003Coalescence-mGAM-p5,101958
53,H8-e003Coalescence-mGAM-p5_S89,36,1268328,A2-e003Coalescence-mGAM-p5,101958
54,G100-e003Coalescence-mBHI-p3_S131,10,612901,A2-e003Coalescence-mGAM-p5,101958
55,E9-e003Coalescence-mGAM-p3_S154,360,749107,A2-e003Coalescence-mGAM-p5,101958
56,F111-e003Coalescence-mGAM-p3_S168,4930,682972,A2-e003Coalescence-mGAM-p5,101958
57,G8-e003Coalescence-mBHI-p7_S125,22,697792,A2-e003Coalescence-mGAM-p5,101958
58,E111-e003Coalescence-mBHI-p7_S104,10,479608,A2-e003Coalescence-mGAM-p5,101958
59,E111-e003Coalescence-mGAM-p5_S56,36,1269734,A2-e003Coalescence-mGAM-p5,101958
60,E4-e003Coalescence-mGAM-p7_S147,12,441794,A2-e003Coalescence-mGAM-p5,101958
61,G8-e003Coalescence-mBHI-p5_S29,13,724274,A2-e003Coalescence-mGAM-p5,101958
62,E8-e003Coalescence-mBHI-p3_S105,37,1241202,A2-e003Coalescence-mGAM-p5,101958
63,E8-e003Coalescence-mGAM-p7_S149,4,443489,A2-e003Coalescence-mGAM-p5,101958
64,G9-e003Coalescence-mGAM-p3_S178,4344,597708,A2-e003Coalescence-mGAM-p5,101958
65,H8-e003Coalescence-mGAM-p7_S185,47,1287125,A2-e003Coalescence-mGAM-p5,101958
0,C9-e003Coalescence-mGAM-p3,2149,745406,B8-e003Coalescence-mGAM-p5,101958
1,A8-e003Coalescence-mBHI-p3,283,1148611,B8-e003Coalescence-mGAM-p5,101958
2,B9-e003Coalescence-mGAM-p5,3777,1266654,B8-e003Coalescence-mGAM-p5,101958
3,C8-e003Assembly-mGAM-p3,179,691607,B8-e003Coalescence-mGAM-p5,101958
4,C8-e003Assembly-mGAM-p5,106,529291,B8-e003Coalescence-mGAM-p5,101958
5,A11-e003Coalescence-mGAM-p7,134,600457,B8-e003Coalescence-mGAM-p5,101958
6,B11-e003Coalescence-mGAM-p3,3655,1218073,B8-e003Coalescence-mGAM-p5,101958
7,A2-e003Coalescence-Inoculumn-mGAM,283,1120015,B8-e003Coalescence-mGAM-p5,101958
8,D8-e003Coalescence-mGAM-p5,337,1314015,B8-e003Coalescence-mGAM-p5,101958
9,A12-e003Coalescence-mGAM-p3,262,1039277,B8-e003Coalescence-mGAM-p5,101958
10,B5-e003Coalescence-Inoculumn-mGAM,1226,414446,B8-e003Coalescence-mGAM-p5,101958
11,C9-e003Coalescence-mBHI-p3,2712,938458,B8-e003Coalescence-mGAM-p5,101958
12,C8-e003Coalescence-mBHI-p7,142,594610,B8-e003Coalescence-mGAM-p5,101958
13,D8-e003Coalescence-mBHI-p5,146,614083,B8-e003Coalescence-mGAM-p5,101958
14,B8-e003Assembly-mGAM-p3,112,511311,B8-e003Coalescence-mGAM-p5,101958
15,A8-e003Coalescence-mBHI-p7,166,508703,B8-e003Coalescence-mGAM-p5,101958
16,B2-e003Coalescence-Inoculumn-mGAM,474,1049541,B8-e003Coalescence-mGAM-p5,101958
17,A3-e003Coalescence-Inoculumn-mGAM,238,560503,B8-e003Coalescence-mGAM-p5,101958
18,A9-e003Coalescence-mBHI-p3,1372,1258192,B8-e003Coalescence-mGAM-p5,101958
19,B9-e003Coalescence-mGAM-p7,2701,898503,B8-e003Coalescence-mGAM-p5,101958
20,C3-e003Coalescence-Inoculumn-mGAM,1799,638925,B8-e003Coalescence-mGAM-p5,101958
21,B10-e003Coalescence-mBHI-p3,2827,972288,B8-e003Coalescence-mGAM-p5,101958
22,A9-e003Coalescence-mBHI-p7,887,1278174,B8-e003Coalescence-mGAM-p5,101958
23,C2-e003Coalescence-Inoculumn-mGAM,162,582785,B8-e003Coalescence-mGAM-p5,101958
24,B3-e003Coalescence-Inoculumn-mGAM,3348,1149670,B8-e003Coalescence-mGAM-p5,101958
25,B4-e003Coalescence-Inoculumn-mGAM,2939,1001069,B8-e003Coalescence-mGAM-p5,101958
26,A2-e003Coalescence-mGAM-p5,254,1011017,B8-e003Coalescence-mGAM-p5,101958
27,B8-e003Coalescence-mGAM-p5,0,928737,B8-e003Coalescence-mGAM-p5,101958
28,A5-e003Coalescence-Inoculumn-mGAM,127,521556,B8-e003Coalescence-mGAM-p5,101958
29,B8-e003GlycerolRevival-mGAM-p2,109,422751,B8-e003Coalescence-mGAM-p5,101958
30,C8-e003Coalescence-mBHI-p5,338,1271024,B8-e003Coalescence-mGAM-p5,101958
31,B8-e003Coalescence-mGAM-p7,393,820884,B8-e003Coalescence-mGAM-p5,101958
32,D2-e003Coalescence-Inoculumn-mGAM,159,604238,B8-e003Coalescence-mGAM-p5,101958
33,D3-e003Coalescence-Inoculumn-mGAM,2392,824536,B8-e003Coalescence-mGAM-p5,101958
34,A11-e003Coalescence-mBHI-p3,337,1273349,B8-e003Coalescence-mGAM-p5,101958
35,A4-e003Coalescence-Inoculumn-mGAM,319,1214206,B8-e003Coalescence-mGAM-p5,101958
36,A9-e003Coalescence-mGAM-p5,240,864112,B8-e003Coalescence-mGAM-p5,101958
37,A11-e003Coalescence-mGAM-p3,338,1299785,B8-e003Coalescence-mGAM-p5,101958
38,E8-e003Coalescence-mBHI-p5_S5,116,544751,B8-e003Coalescence-mGAM-p5,101958
39,E9-e003Coalescence-mBHI-p5_S6,1300,571529,B8-e003Coalescence-mGAM-p5,101958
40,F111-e003Coalescence-mGAM-p5_S68,1323,483352,B8-e003Coalescence-mGAM-p5,101958
41,H2-e003Coalescence-mGAM-p7_S181,337,1262475,B8-e003Coalescence-mGAM-p5,101958
42,E100-e003Coalescence-mBHI-p7_S103,92,380075,B8-e003Coalescence-mGAM-p5,101958
43,F9-e003Coalescence-mGAM-p5_S66,3171,1107465,B8-e003Coalescence-mGAM-p5,101958
44,F111-e003Coalescence-mGAM-p7_S164,1610,554759,B8-e003Coalescence-mGAM-p5,101958
45,E111-e003Coalescence-mBHI-p5_S8,101,418252,B8-e003Coalescence-mGAM-p5,101958
46,H8-e003Coalescence-mBHI-p7_S137,295,1076503,B8-e003Coalescence-mGAM-p5,101958
47,E8-e003Coalescence-mBHI-p7_S101,154,665052,B8-e003Coalescence-mGAM-p5,101958
48,H8-e003Coalescence-mBHI-p5_S41,200,806338,B8-e003Coalescence-mGAM-p5,101958
49,E100-e003Coalescence-mBHI-p5_S7,105,524284,B8-e003Coalescence-mGAM-p5,101958
50,F9-e003Coalescence-mGAM-p7_S162,1516,524905,B8-e003Coalescence-mGAM-p5,101958
51,F8-e003Coalescence-mGAM-p7_S161,84,455511,B8-e003Coalescence-mGAM-p5,101958
52,G8-e003Coalescence-mBHI-p3_S129,130,509674,B8-e003Coalescence-mGAM-p5,101958
53,H8-e003Coalescence-mGAM-p5_S89,348,1268328,B8-e003Coalescence-mGAM-p5,101958
54,G100-e003Coalescence-mBHI-p3_S131,165,612901,B8-e003Coalescence-mGAM-p5,101958
55,E9-e003Coalescence-mGAM-p3_S154,271,749107,B8-e003Coalescence-mGAM-p5,101958
56,F111-e003Coalescence-mGAM-p3_S168,1969,682972,B8-e003Coalescence-mGAM-p5,101958
57,G8-e003Coalescence-mBHI-p7_S125,208,697792,B8-e003Coalescence-mGAM-p5,101958
58,E111-e003Coalescence-mBHI-p7_S104,110,479608,B8-e003Coalescence-mGAM-p5,101958
59,E111-e003Coalescence-mGAM-p5_S56,344,1269734,B8-e003Coalescence-mGAM-p5,101958
60,E4-e003Coalescence-mGAM-p7_S147,107,441794,B8-e003Coalescence-mGAM-p5,101958
61,G8-e003Coalescence-mBHI-p5_S29,181,724274,B8-e003Coalescence-mGAM-p5,101958
62,E8-e003Coalescence-mBHI-p3_S105,347,1241202,B8-e003Coalescence-mGAM-p5,101958
63,E8-e003Coalescence-mGAM-p7_S149,108,443489,B8-e003Coalescence-mGAM-p5,101958
64,G9-e003Coalescence-mGAM-p3_S178,1656,597708,B8-e003Coalescence-mGAM-p5,101958
65,H8-e003Coalescence-mGAM-p7_S185,348,1287125,B8-e003Coalescence-mGAM-p5,101958
0,C9-e003Coalescence-mGAM-p3,2668,745406,A5-e003Coalescence-Inoculumn-mGAM,101958
1,A8-e003Coalescence-mBHI-p3,2,1148611,A5-e003Coalescence-Inoculumn-mGAM,101958
2,B9-e003Coalescence-mGAM-p5,4683,1266654,A5-e003Coalescence-Inoculumn-mGAM,101958
3,C8-e003Assembly-mGAM-p3,8,691607,A5-e003Coalescence-Inoculumn-mGAM,101958
4,C8-e003Assembly-mGAM-p5,2,529291,A5-e003Coalescence-Inoculumn-mGAM,101958
5,A11-e003Coalescence-mGAM-p7,2,600457,A5-e003Coalescence-Inoculumn-mGAM,101958
6,B11-e003Coalescence-mGAM-p3,4517,1218073,A5-e003Coalescence-Inoculumn-mGAM,101958
7,A2-e003Coalescence-Inoculumn-mGAM,6,1120015,A5-e003Coalescence-Inoculumn-mGAM,101958
8,D8-e003Coalescence-mGAM-p5,4,1314015,A5-e003Coalescence-Inoculumn-mGAM,101958
9,A12-e003Coalescence-mGAM-p3,7,1039277,A5-e003Coalescence-Inoculumn-mGAM,101958
10,B5-e003Coalescence-Inoculumn-mGAM,1451,414446,A5-e003Coalescence-Inoculumn-mGAM,101958
11,C9-e003Coalescence-mBHI-p3,3420,938458,A5-e003Coalescence-Inoculumn-mGAM,101958
12,C8-e003Coalescence-mBHI-p7,1,594610,A5-e003Coalescence-Inoculumn-mGAM,101958
13,D8-e003Coalescence-mBHI-p5,0,614083,A5-e003Coalescence-Inoculumn-mGAM,101958
14,B8-e003Assembly-mGAM-p3,0,511311,A5-e003Coalescence-Inoculumn-mGAM,101958
15,A8-e003Coalescence-mBHI-p7,11,508703,A5-e003Coalescence-Inoculumn-mGAM,101958
16,B2-e003Coalescence-Inoculumn-mGAM,314,1049541,A5-e003Coalescence-Inoculumn-mGAM,101958
17,A3-e003Coalescence-Inoculumn-mGAM,217,560503,A5-e003Coalescence-Inoculumn-mGAM,101958
18,A9-e003Coalescence-mBHI-p3,1572,1258192,A5-e003Coalescence-Inoculumn-mGAM,101958
19,B9-e003Coalescence-mGAM-p7,3408,898503,A5-e003Coalescence-Inoculumn-mGAM,101958
20,C3-e003Coalescence-Inoculumn-mGAM,2362,638925,A5-e003Coalescence-Inoculumn-mGAM,101958
21,B10-e003Coalescence-mBHI-p3,3538,972288,A5-e003Coalescence-Inoculumn-mGAM,101958
22,A9-e003Coalescence-mBHI-p7,841,1278174,A5-e003Coalescence-Inoculumn-mGAM,101958
23,C2-e003Coalescence-Inoculumn-mGAM,3,582785,A5-e003Coalescence-Inoculumn-mGAM,101958
24,B3-e003Coalescence-Inoculumn-mGAM,4243,1149670,A5-e003Coalescence-Inoculumn-mGAM,101958
25,B4-e003Coalescence-Inoculumn-mGAM,3655,1001069,A5-e003Coalescence-Inoculumn-mGAM,101958
26,A2-e003Coalescence-mGAM-p5,5,1011017,A5-e003Coalescence-Inoculumn-mGAM,101958
27,B8-e003Coalescence-mGAM-p5,162,928737,A5-e003Coalescence-Inoculumn-mGAM,101958
28,A5-e003Coalescence-Inoculumn-mGAM,0,521556,A5-e003Coalescence-Inoculumn-mGAM,101958
29,B8-e003GlycerolRevival-mGAM-p2,1,422751,A5-e003Coalescence-Inoculumn-mGAM,101958
30,C8-e003Coalescence-mBHI-p5,4,1271024,A5-e003Coalescence-Inoculumn-mGAM,101958
31,B8-e003Coalescence-mGAM-p7,336,820884,A5-e003Coalescence-Inoculumn-mGAM,101958
32,D2-e003Coalescence-Inoculumn-mGAM,1,604238,A5-e003Coalescence-Inoculumn-mGAM,101958
33,D3-e003Coalescence-Inoculumn-mGAM,3081,824536,A5-e003Coalescence-Inoculumn-mGAM,101958
34,A11-e003Coalescence-mBHI-p3,3,1273349,A5-e003Coalescence-Inoculumn-mGAM,101958
35,A4-e003Coalescence-Inoculumn-mGAM,4,1214206,A5-e003Coalescence-Inoculumn-mGAM,101958
36,A9-e003Coalescence-mGAM-p5,71,864112,A5-e003Coalescence-Inoculumn-mGAM,101958
37,A11-e003Coalescence-mGAM-p3,5,1299785,A5-e003Coalescence-Inoculumn-mGAM,101958
38,E8-e003Coalescence-mBHI-p5_S5,4,544751,A5-e003Coalescence-Inoculumn-mGAM,101958
39,E9-e003Coalescence-mBHI-p5_S6,1651,571529,A5-e003Coalescence-Inoculumn-mGAM,101958
40,F111-e003Coalescence-mGAM-p5_S68,1775,483352,A5-e003Coalescence-Inoculumn-mGAM,101958
41,H2-e003Coalescence-mGAM-p7_S181,19,1262475,A5-e003Coalescence-Inoculumn-mGAM,101958
42,E100-e003Coalescence-mBHI-p7_S103,10,380075,A5-e003Coalescence-Inoculumn-mGAM,101958
43,F9-e003Coalescence-mGAM-p5_S66,4082,1107465,A5-e003Coalescence-Inoculumn-mGAM,101958
44,F111-e003Coalescence-mGAM-p7_S164,2007,554759,A5-e003Coalescence-Inoculumn-mGAM,101958
45,E111-e003Coalescence-mBHI-p5_S8,2,418252,A5-e003Coalescence-Inoculumn-mGAM,101958
46,H8-e003Coalescence-mBHI-p7_S137,11,1076503,A5-e003Coalescence-Inoculumn-mGAM,101958
47,E8-e003Coalescence-mBHI-p7_S101,14,665052,A5-e003Coalescence-Inoculumn-mGAM,101958
48,H8-e003Coalescence-mBHI-p5_S41,7,806338,A5-e003Coalescence-Inoculumn-mGAM,101958
49,E100-e003Coalescence-mBHI-p5_S7,6,524284,A5-e003Coalescence-Inoculumn-mGAM,101958
50,F9-e003Coalescence-mGAM-p7_S162,1928,524905,A5-e003Coalescence-Inoculumn-mGAM,101958
51,F8-e003Coalescence-mGAM-p7_S161,12,455511,A5-e003Coalescence-Inoculumn-mGAM,101958
52,G8-e003Coalescence-mBHI-p3_S129,6,509674,A5-e003Coalescence-Inoculumn-mGAM,101958
53,H8-e003Coalescence-mGAM-p5_S89,14,1268328,A5-e003Coalescence-Inoculumn-mGAM,101958
54,G100-e003Coalescence-mBHI-p3_S131,1,612901,A5-e003Coalescence-Inoculumn-mGAM,101958
55,E9-e003Coalescence-mGAM-p3_S154,202,749107,A5-e003Coalescence-Inoculumn-mGAM,101958
56,F111-e003Coalescence-mGAM-p3_S168,2533,682972,A5-e003Coalescence-Inoculumn-mGAM,101958
57,G8-e003Coalescence-mBHI-p7_S125,15,697792,A5-e003Coalescence-Inoculumn-mGAM,101958
58,E111-e003Coalescence-mBHI-p7_S104,3,479608,A5-e003Coalescence-Inoculumn-mGAM,101958
59,E111-e003Coalescence-mGAM-p5_S56,18,1269734,A5-e003Coalescence-Inoculumn-mGAM,101958
60,E4-e003Coalescence-mGAM-p7_S147,4,441794,A5-e003Coalescence-Inoculumn-mGAM,101958
61,G8-e003Coalescence-mBHI-p5_S29,5,724274,A5-e003Coalescence-Inoculumn-mGAM,101958
62,E8-e003Coalescence-mBHI-p3_S105,15,1241202,A5-e003Coalescence-Inoculumn-mGAM,101958
63,E8-e003Coalescence-mGAM-p7_S149,2,443489,A5-e003Coalescence-Inoculumn-mGAM,101958
64,G9-e003Coalescence-mGAM-p3_S178,2211,597708,A5-e003Coalescence-Inoculumn-mGAM,101958
65,H8-e003Coalescence-mGAM-p7_S185,16,1287125,A5-e003Coalescence-Inoculumn-mGAM,101958
0,C9-e003Coalescence-mGAM-p3,2323,745406,B8-e003GlycerolRevival-mGAM-p2,101958
1,A8-e003Coalescence-mBHI-p3,8,1148611,B8-e003GlycerolRevival-mGAM-p2,101958
2,B9-e003Coalescence-mGAM-p5,3861,1266654,B8-e003GlycerolRevival-mGAM-p2,101958
3,C8-e003Assembly-mGAM-p3,6,691607,B8-e003GlycerolRevival-mGAM-p2,101958
4,C8-e003Assembly-mGAM-p5,7,529291,B8-e003GlycerolRevival-mGAM-p2,101958
5,A11-e003Coalescence-mGAM-p7,5,600457,B8-e003GlycerolRevival-mGAM-p2,101958
6,B11-e003Coalescence-mGAM-p3,3713,1218073,B8-e003GlycerolRevival-mGAM-p2,101958
7,A2-e003Coalescence-Inoculumn-mGAM,16,1120015,B8-e003GlycerolRevival-mGAM-p2,101958
8,D8-e003Coalescence-mGAM-p5,10,1314015,B8-e003GlycerolRevival-mGAM-p2,101958
9,A12-e003Coalescence-mGAM-p3,9,1039277,B8-e003GlycerolRevival-mGAM-p2,101958
10,B5-e003Coalescence-Inoculumn-mGAM,1211,414446,B8-e003GlycerolRevival-mGAM-p2,101958
11,C9-e003Coalescence-mBHI-p3,2882,938458,B8-e003GlycerolRevival-mGAM-p2,101958
12,C8-e003Coalescence-mBHI-p7,8,594610,B8-e003GlycerolRevival-mGAM-p2,101958
13,D8-e003Coalescence-mBHI-p5,4,614083,B8-e003GlycerolRevival-mGAM-p2,101958
14,B8-e003Assembly-mGAM-p3,5,511311,B8-e003GlycerolRevival-mGAM-p2,101958
15,A8-e003Coalescence-mBHI-p7,8,508703,B8-e003GlycerolRevival-mGAM-p2,101958
16,B2-e003Coalescence-Inoculumn-mGAM,228,1049541,B8-e003GlycerolRevival-mGAM-p2,101958
17,A3-e003Coalescence-Inoculumn-mGAM,223,560503,B8-e003GlycerolRevival-mGAM-p2,101958
18,A9-e003Coalescence-mBHI-p3,1278,1258192,B8-e003GlycerolRevival-mGAM-p2,101958
19,B9-e003Coalescence-mGAM-p7,2797,898503,B8-e003GlycerolRevival-mGAM-p2,101958
20,C3-e003Coalescence-Inoculumn-mGAM,1980,638925,B8-e003GlycerolRevival-mGAM-p2,101958
21,B10-e003Coalescence-mBHI-p3,2945,972288,B8-e003GlycerolRevival-mGAM-p2,101958
22,A9-e003Coalescence-mBHI-p7,655,1278174,B8-e003GlycerolRevival-mGAM-p2,101958
23,C2-e003Coalescence-Inoculumn-mGAM,2,582785,B8-e003GlycerolRevival-mGAM-p2,101958
24,B3-e003Coalescence-Inoculumn-mGAM,3523,1149670,B8-e003GlycerolRevival-mGAM-p2,101958
25,B4-e003Coalescence-Inoculumn-mGAM,3071,1001069,B8-e003GlycerolRevival-mGAM-p2,101958
26,A2-e003Coalescence-mGAM-p5,6,1011017,B8-e003GlycerolRevival-mGAM-p2,101958
27,B8-e003Coalescence-mGAM-p5,121,928737,B8-e003GlycerolRevival-mGAM-p2,101958
28,A5-e003Coalescence-Inoculumn-mGAM,5,521556,B8-e003GlycerolRevival-mGAM-p2,101958
29,B8-e003GlycerolRevival-mGAM-p2,0,422751,B8-e003GlycerolRevival-mGAM-p2,101958
30,C8-e003Coalescence-mBHI-p5,10,1271024,B8-e003GlycerolRevival-mGAM-p2,101958
31,B8-e003Coalescence-mGAM-p7,320,820884,B8-e003GlycerolRevival-mGAM-p2,101958
32,D2-e003Coalescence-Inoculumn-mGAM,4,604238,B8-e003GlycerolRevival-mGAM-p2,101958
33,D3-e003Coalescence-Inoculumn-mGAM,2535,824536,B8-e003GlycerolRevival-mGAM-p2,101958
34,A11-e003Coalescence-mBHI-p3,12,1273349,B8-e003GlycerolRevival-mGAM-p2,101958
35,A4-e003Coalescence-Inoculumn-mGAM,10,1214206,B8-e003GlycerolRevival-mGAM-p2,101958
36,A9-e003Coalescence-mGAM-p5,49,864112,B8-e003GlycerolRevival-mGAM-p2,101958
37,A11-e003Coalescence-mGAM-p3,9,1299785,B8-e003GlycerolRevival-mGAM-p2,101958
38,E8-e003Coalescence-mBHI-p5_S5,7,544751,B8-e003GlycerolRevival-mGAM-p2,101958
39,E9-e003Coalescence-mBHI-p5_S6,1330,571529,B8-e003GlycerolRevival-mGAM-p2,101958
40,F111-e003Coalescence-mGAM-p5_S68,1417,483352,B8-e003GlycerolRevival-mGAM-p2,101958
41,H2-e003Coalescence-mGAM-p7_S181,21,1262475,B8-e003GlycerolRevival-mGAM-p2,101958
42,E100-e003Coalescence-mBHI-p7_S103,5,380075,B8-e003GlycerolRevival-mGAM-p2,101958
43,F9-e003Coalescence-mGAM-p5_S66,3358,1107465,B8-e003GlycerolRevival-mGAM-p2,101958
44,F111-e003Coalescence-mGAM-p7_S164,1723,554759,B8-e003GlycerolRevival-mGAM-p2,101958
45,E111-e003Coalescence-mBHI-p5_S8,8,418252,B8-e003GlycerolRevival-mGAM-p2,101958
46,H8-e003Coalescence-mBHI-p7_S137,25,1076503,B8-e003GlycerolRevival-mGAM-p2,101958
47,E8-e003Coalescence-mBHI-p7_S101,10,665052,B8-e003GlycerolRevival-mGAM-p2,101958
48,H8-e003Coalescence-mBHI-p5_S41,10,806338,B8-e003GlycerolRevival-mGAM-p2,101958
49,E100-e003Coalescence-mBHI-p5_S7,8,524284,B8-e003GlycerolRevival-mGAM-p2,101958
50,F9-e003Coalescence-mGAM-p7_S162,1662,524905,B8-e003GlycerolRevival-mGAM-p2,101958
51,F8-e003Coalescence-mGAM-p7_S161,13,455511,B8-e003GlycerolRevival-mGAM-p2,101958
52,G8-e003Coalescence-mBHI-p3_S129,16,509674,B8-e003GlycerolRevival-mGAM-p2,101958
53,H8-e003Coalescence-mGAM-p5_S89,18,1268328,B8-e003GlycerolRevival-mGAM-p2,101958
54,G100-e003Coalescence-mBHI-p3_S131,7,612901,B8-e003GlycerolRevival-mGAM-p2,101958
55,E9-e003Coalescence-mGAM-p3_S154,144,749107,B8-e003GlycerolRevival-mGAM-p2,101958
56,F111-e003Coalescence-mGAM-p3_S168,2110,682972,B8-e003GlycerolRevival-mGAM-p2,101958
57,G8-e003Coalescence-mBHI-p7_S125,11,697792,B8-e003GlycerolRevival-mGAM-p2,101958
58,E111-e003Coalescence-mBHI-p7_S104,6,479608,B8-e003GlycerolRevival-mGAM-p2,101958
59,E111-e003Coalescence-mGAM-p5_S56,18,1269734,B8-e003GlycerolRevival-mGAM-p2,101958
60,E4-e003Coalescence-mGAM-p7_S147,6,441794,B8-e003GlycerolRevival-mGAM-p2,101958
61,G8-e003Coalescence-mBHI-p5_S29,12,724274,B8-e003GlycerolRevival-mGAM-p2,101958
62,E8-e003Coalescence-mBHI-p3_S105,17,1241202,B8-e003GlycerolRevival-mGAM-p2,101958
63,E8-e003Coalescence-mGAM-p7_S149,9,443489,B8-e003GlycerolRevival-mGAM-p2,101958
64,G9-e003Coalescence-mGAM-p3_S178,1841,597708,B8-e003GlycerolRevival-mGAM-p2,101958
65,H8-e003Coalescence-mGAM-p7_S185,18,1287125,B8-e003GlycerolRevival-mGAM-p2,101958
0,C9-e003Coalescence-mGAM-p3,6637,745406,C8-e003Coalescence-mBHI-p5,101958
1,A8-e003Coalescence-mBHI-p3,2,1148611,C8-e003Coalescence-mBHI-p5,101958
2,B9-e003Coalescence-mGAM-p5,11847,1266654,C8-e003Coalescence-mBHI-p5,101958
3,C8-e003Assembly-mGAM-p3,0,691607,C8-e003Coalescence-mBHI-p5,101958
4,C8-e003Assembly-mGAM-p5,0,529291,C8-e003Coalescence-mBHI-p5,101958
5,A11-e003Coalescence-mGAM-p7,0,600457,C8-e003Coalescence-mBHI-p5,101958
6,B11-e003Coalescence-mGAM-p3,11374,1218073,C8-e003Coalescence-mBHI-p5,101958
7,A2-e003Coalescence-Inoculumn-mGAM,4,1120015,C8-e003Coalescence-mBHI-p5,101958
8,D8-e003Coalescence-mGAM-p5,4,1314015,C8-e003Coalescence-mBHI-p5,101958
9,A12-e003Coalescence-mGAM-p3,2,1039277,C8-e003Coalescence-mBHI-p5,101958
10,B5-e003Coalescence-Inoculumn-mGAM,3660,414446,C8-e003Coalescence-mBHI-p5,101958
11,C9-e003Coalescence-mBHI-p3,8660,938458,C8-e003Coalescence-mBHI-p5,101958
12,C8-e003Coalescence-mBHI-p7,1,594610,C8-e003Coalescence-mBHI-p5,101958
13,D8-e003Coalescence-mBHI-p5,1,614083,C8-e003Coalescence-mBHI-p5,101958
14,B8-e003Assembly-mGAM-p3,0,511311,C8-e003Coalescence-mBHI-p5,101958
15,A8-e003Coalescence-mBHI-p7,0,508703,C8-e003Coalescence-mBHI-p5,101958
16,B2-e003Coalescence-Inoculumn-mGAM,891,1049541,C8-e003Coalescence-mBHI-p5,101958
17,A3-e003Coalescence-Inoculumn-mGAM,610,560503,C8-e003Coalescence-mBHI-p5,101958
18,A9-e003Coalescence-mBHI-p3,4047,1258192,C8-e003Coalescence-mBHI-p5,101958
19,B9-e003Coalescence-mGAM-p7,8410,898503,C8-e003Coalescence-mBHI-p5,101958
20,C3-e003Coalescence-Inoculumn-mGAM,5789,638925,C8-e003Coalescence-mBHI-p5,101958
21,B10-e003Coalescence-mBHI-p3,8889,972288,C8-e003Coalescence-mBHI-p5,101958
22,A9-e003Coalescence-mBHI-p7,2256,1278174,C8-e003Coalescence-mBHI-p5,101958
23,C2-e003Coalescence-Inoculumn-mGAM,7,582785,C8-e003Coalescence-mBHI-p5,101958
24,B3-e003Coalescence-Inoculumn-mGAM,10594,1149670,C8-e003Coalescence-mBHI-p5,101958
25,B4-e003Coalescence-Inoculumn-mGAM,9134,1001069,C8-e003Coalescence-mBHI-p5,101958
26,A2-e003Coalescence-mGAM-p5,1,1011017,C8-e003Coalescence-mBHI-p5,101958
27,B8-e003Coalescence-mGAM-p5,381,928737,C8-e003Coalescence-mBHI-p5,101958
28,A5-e003Coalescence-Inoculumn-mGAM,4,521556,C8-e003Coalescence-mBHI-p5,101958
29,B8-e003GlycerolRevival-mGAM-p2,0,422751,C8-e003Coalescence-mBHI-p5,101958
30,C8-e003Coalescence-mBHI-p5,0,1271024,C8-e003Coalescence-mBHI-p5,101958
31,B8-e003Coalescence-mGAM-p7,976,820884,C8-e003Coalescence-mBHI-p5,101958
32,D2-e003Coalescence-Inoculumn-mGAM,0,604238,C8-e003Coalescence-mBHI-p5,101958
33,D3-e003Coalescence-Inoculumn-mGAM,7644,824536,C8-e003Coalescence-mBHI-p5,101958
34,A11-e003Coalescence-mBHI-p3,8,1273349,C8-e003Coalescence-mBHI-p5,101958
35,A4-e003Coalescence-Inoculumn-mGAM,3,1214206,C8-e003Coalescence-mBHI-p5,101958
36,A9-e003Coalescence-mGAM-p5,176,864112,C8-e003Coalescence-mBHI-p5,101958
37,A11-e003Coalescence-mGAM-p3,6,1299785,C8-e003Coalescence-mBHI-p5,101958
38,E8-e003Coalescence-mBHI-p5_S5,7,544751,C8-e003Coalescence-mBHI-p5,101958
39,E9-e003Coalescence-mBHI-p5_S6,4076,571529,C8-e003Coalescence-mBHI-p5,101958
40,F111-e003Coalescence-mGAM-p5_S68,4218,483352,C8-e003Coalescence-mBHI-p5,101958
41,H2-e003Coalescence-mGAM-p7_S181,45,1262475,C8-e003Coalescence-mBHI-p5,101958
42,E100-e003Coalescence-mBHI-p7_S103,17,380075,C8-e003Coalescence-mBHI-p5,101958
43,F9-e003Coalescence-mGAM-p5_S66,10134,1107465,C8-e003Coalescence-mBHI-p5,101958
44,F111-e003Coalescence-mGAM-p7_S164,5083,554759,C8-e003Coalescence-mBHI-p5,101958
45,E111-e003Coalescence-mBHI-p5_S8,5,418252,C8-e003Coalescence-mBHI-p5,101958
46,H8-e003Coalescence-mBHI-p7_S137,32,1076503,C8-e003Coalescence-mBHI-p5,101958
47,E8-e003Coalescence-mBHI-p7_S101,26,665052,C8-e003Coalescence-mBHI-p5,101958
48,H8-e003Coalescence-mBHI-p5_S41,20,806338,C8-e003Coalescence-mBHI-p5,101958
49,E100-e003Coalescence-mBHI-p5_S7,10,524284,C8-e003Coalescence-mBHI-p5,101958
50,F9-e003Coalescence-mGAM-p7_S162,4777,524905,C8-e003Coalescence-mBHI-p5,101958
51,F8-e003Coalescence-mGAM-p7_S161,24,455511,C8-e003Coalescence-mBHI-p5,101958
52,G8-e003Coalescence-mBHI-p3_S129,10,509674,C8-e003Coalescence-mBHI-p5,101958
53,H8-e003Coalescence-mGAM-p5_S89,36,1268328,C8-e003Coalescence-mBHI-p5,101958
54,G100-e003Coalescence-mBHI-p3_S131,4,612901,C8-e003Coalescence-mBHI-p5,101958
55,E9-e003Coalescence-mGAM-p3_S154,496,749107,C8-e003Coalescence-mBHI-p5,101958
56,F111-e003Coalescence-mGAM-p3_S168,6052,682972,C8-e003Coalescence-mBHI-p5,101958
57,G8-e003Coalescence-mBHI-p7_S125,21,697792,C8-e003Coalescence-mBHI-p5,101958
58,E111-e003Coalescence-mBHI-p7_S104,9,479608,C8-e003Coalescence-mBHI-p5,101958
59,E111-e003Coalescence-mGAM-p5_S56,39,1269734,C8-e003Coalescence-mBHI-p5,101958
60,E4-e003Coalescence-mGAM-p7_S147,10,441794,C8-e003Coalescence-mBHI-p5,101958
61,G8-e003Coalescence-mBHI-p5_S29,13,724274,C8-e003Coalescence-mBHI-p5,101958
62,E8-e003Coalescence-mBHI-p3_S105,37,1241202,C8-e003Coalescence-mBHI-p5,101958
63,E8-e003Coalescence-mGAM-p7_S149,6,443489,C8-e003Coalescence-mBHI-p5,101958
64,G9-e003Coalescence-mGAM-p3_S178,5285,597708,C8-e003Coalescence-mBHI-p5,101958
65,H8-e003Coalescence-mGAM-p7_S185,42,1287125,C8-e003Coalescence-mBHI-p5,101958
0,C9-e003Coalescence-mGAM-p3,967,745406,B8-e003Coalescence-mGAM-p7,101958
1,A8-e003Coalescence-mBHI-p3,898,1148611,B8-e003Coalescence-mGAM-p7,101958
2,B9-e003Coalescence-mGAM-p5,1698,1266654,B8-e003Coalescence-mGAM-p7,101958
3,C8-e003Assembly-mGAM-p3,509,691607,B8-e003Coalescence-mGAM-p7,101958
4,C8-e003Assembly-mGAM-p5,382,529291,B8-e003Coalescence-mGAM-p7,101958
5,A11-e003Coalescence-mGAM-p7,466,600457,B8-e003Coalescence-mGAM-p7,101958
6,B11-e003Coalescence-mGAM-p3,1638,1218073,B8-e003Coalescence-mGAM-p7,101958
7,A2-e003Coalescence-Inoculumn-mGAM,835,1120015,B8-e003Coalescence-mGAM-p7,101958
8,D8-e003Coalescence-mGAM-p5,984,1314015,B8-e003Coalescence-mGAM-p7,101958
9,A12-e003Coalescence-mGAM-p3,776,1039277,B8-e003Coalescence-mGAM-p7,101958
10,B5-e003Coalescence-Inoculumn-mGAM,537,414446,B8-e003Coalescence-mGAM-p7,101958
11,C9-e003Coalescence-mBHI-p3,1182,938458,B8-e003Coalescence-mGAM-p7,101958
12,C8-e003Coalescence-mBHI-p7,449,594610,B8-e003Coalescence-mGAM-p7,101958
13,D8-e003Coalescence-mBHI-p5,445,614083,B8-e003Coalescence-mGAM-p7,101958
14,B8-e003Assembly-mGAM-p3,364,511311,B8-e003Coalescence-mGAM-p7,101958
15,A8-e003Coalescence-mBHI-p7,360,508703,B8-e003Coalescence-mGAM-p7,101958
16,B2-e003Coalescence-Inoculumn-mGAM,741,1049541,B8-e003Coalescence-mGAM-p7,101958
17,A3-e003Coalescence-Inoculumn-mGAM,339,560503,B8-e003Coalescence-mGAM-p7,101958
18,A9-e003Coalescence-mBHI-p3,1087,1258192,B8-e003Coalescence-mGAM-p7,101958
19,B9-e003Coalescence-mGAM-p7,1189,898503,B8-e003Coalescence-mGAM-p7,101958
20,C3-e003Coalescence-Inoculumn-mGAM,823,638925,B8-e003Coalescence-mGAM-p7,101958
21,B10-e003Coalescence-mBHI-p3,1277,972288,B8-e003Coalescence-mGAM-p7,101958
22,A9-e003Coalescence-mBHI-p7,967,1278174,B8-e003Coalescence-mGAM-p7,101958
23,C2-e003Coalescence-Inoculumn-mGAM,431,582785,B8-e003Coalescence-mGAM-p7,101958
24,B3-e003Coalescence-Inoculumn-mGAM,1546,1149670,B8-e003Coalescence-mGAM-p7,101958
25,B4-e003Coalescence-Inoculumn-mGAM,1322,1001069,B8-e003Coalescence-mGAM-p7,101958
26,A2-e003Coalescence-mGAM-p5,720,1011017,B8-e003Coalescence-mGAM-p7,101958
27,B8-e003Coalescence-mGAM-p5,572,928737,B8-e003Coalescence-mGAM-p7,101958
28,A5-e003Coalescence-Inoculumn-mGAM,327,521556,B8-e003Coalescence-mGAM-p7,101958
29,B8-e003GlycerolRevival-mGAM-p2,311,422751,B8-e003Coalescence-mGAM-p7,101958
30,C8-e003Coalescence-mBHI-p5,948,1271024,B8-e003Coalescence-mGAM-p7,101958
31,B8-e003Coalescence-mGAM-p7,0,820884,B8-e003Coalescence-mGAM-p7,101958
32,D2-e003Coalescence-Inoculumn-mGAM,451,604238,B8-e003Coalescence-mGAM-p7,101958
33,D3-e003Coalescence-Inoculumn-mGAM,1109,824536,B8-e003Coalescence-mGAM-p7,101958
34,A11-e003Coalescence-mBHI-p3,945,1273349,B8-e003Coalescence-mGAM-p7,101958
35,A4-e003Coalescence-Inoculumn-mGAM,873,1214206,B8-e003Coalescence-mGAM-p7,101958
36,A9-e003Coalescence-mGAM-p5,571,864112,B8-e003Coalescence-mGAM-p7,101958
37,A11-e003Coalescence-mGAM-p3,970,1299785,B8-e003Coalescence-mGAM-p7,101958
38,E8-e003Coalescence-mBHI-p5_S5,411,544751,B8-e003Coalescence-mGAM-p7,101958
39,E9-e003Coalescence-mBHI-p5_S6,638,571529,B8-e003Coalescence-mGAM-p7,101958
40,F111-e003Coalescence-mGAM-p5_S68,599,483352,B8-e003Coalescence-mGAM-p7,101958
41,H2-e003Coalescence-mGAM-p7_S181,962,1262475,B8-e003Coalescence-mGAM-p7,101958
42,E100-e003Coalescence-mBHI-p7_S103,341,380075,B8-e003Coalescence-mGAM-p7,101958
43,F9-e003Coalescence-mGAM-p5_S66,1435,1107465,B8-e003Coalescence-mGAM-p7,101958
44,F111-e003Coalescence-mGAM-p7_S164,697,554759,B8-e003Coalescence-mGAM-p7,101958
45,E111-e003Coalescence-mBHI-p5_S8,313,418252,B8-e003Coalescence-mGAM-p7,101958
46,H8-e003Coalescence-mBHI-p7_S137,803,1076503,B8-e003Coalescence-mGAM-p7,101958
47,E8-e003Coalescence-mBHI-p7_S101,430,665052,B8-e003Coalescence-mGAM-p7,101958
48,H8-e003Coalescence-mBHI-p5_S41,545,806338,B8-e003Coalescence-mGAM-p7,101958
49,E100-e003Coalescence-mBHI-p5_S7,414,524284,B8-e003Coalescence-mGAM-p7,101958
50,F9-e003Coalescence-mGAM-p7_S162,656,524905,B8-e003Coalescence-mGAM-p7,101958
51,F8-e003Coalescence-mGAM-p7_S161,298,455511,B8-e003Coalescence-mGAM-p7,101958
52,G8-e003Coalescence-mBHI-p3_S129,380,509674,B8-e003Coalescence-mGAM-p7,101958
53,H8-e003Coalescence-mGAM-p5_S89,941,1268328,B8-e003Coalescence-mGAM-p7,101958
54,G100-e003Coalescence-mBHI-p3_S131,465,612901,B8-e003Coalescence-mGAM-p7,101958
55,E9-e003Coalescence-mGAM-p3_S154,438,749107,B8-e003Coalescence-mGAM-p7,101958
56,F111-e003Coalescence-mGAM-p3_S168,846,682972,B8-e003Coalescence-mGAM-p7,101958
57,G8-e003Coalescence-mBHI-p7_S125,473,697792,B8-e003Coalescence-mGAM-p7,101958
58,E111-e003Coalescence-mBHI-p7_S104,317,479608,B8-e003Coalescence-mGAM-p7,101958
59,E111-e003Coalescence-mGAM-p5_S56,956,1269734,B8-e003Coalescence-mGAM-p7,101958
60,E4-e003Coalescence-mGAM-p7_S147,292,441794,B8-e003Coalescence-mGAM-p7,101958
61,G8-e003Coalescence-mBHI-p5_S29,556,724274,B8-e003Coalescence-mGAM-p7,101958
62,E8-e003Coalescence-mBHI-p3_S105,937,1241202,B8-e003Coalescence-mGAM-p7,101958
63,E8-e003Coalescence-mGAM-p7_S149,321,443489,B8-e003Coalescence-mGAM-p7,101958
64,G9-e003Coalescence-mGAM-p3_S178,705,597708,B8-e003Coalescence-mGAM-p7,101958
65,H8-e003Coalescence-mGAM-p7_S185,964,1287125,B8-e003Coalescence-mGAM-p7,101958
0,C9-e003Coalescence-mGAM-p3,3206,745406,D2-e003Coalescence-Inoculumn-mGAM,101958
1,A8-e003Coalescence-mBHI-p3,4,1148611,D2-e003Coalescence-Inoculumn-mGAM,101958
2,B9-e003Coalescence-mGAM-p5,5506,1266654,D2-e003Coalescence-Inoculumn-mGAM,101958
3,C8-e003Assembly-mGAM-p3,12,691607,D2-e003Coalescence-Inoculumn-mGAM,101958
4,C8-e003Assembly-mGAM-p5,6,529291,D2-e003Coalescence-Inoculumn-mGAM,101958
5,A11-e003Coalescence-mGAM-p7,3,600457,D2-e003Coalescence-Inoculumn-mGAM,101958
6,B11-e003Coalescence-mGAM-p3,5287,1218073,D2-e003Coalescence-Inoculumn-mGAM,101958
7,A2-e003Coalescence-Inoculumn-mGAM,3,1120015,D2-e003Coalescence-Inoculumn-mGAM,101958
8,D8-e003Coalescence-mGAM-p5,4,1314015,D2-e003Coalescence-Inoculumn-mGAM,101958
9,A12-e003Coalescence-mGAM-p3,4,1039277,D2-e003Coalescence-Inoculumn-mGAM,101958
10,B5-e003Coalescence-Inoculumn-mGAM,1781,414446,D2-e003Coalescence-Inoculumn-mGAM,101958
11,C9-e003Coalescence-mBHI-p3,4058,938458,D2-e003Coalescence-Inoculumn-mGAM,101958
12,C8-e003Coalescence-mBHI-p7,2,594610,D2-e003Coalescence-Inoculumn-mGAM,101958
13,D8-e003Coalescence-mBHI-p5,3,614083,D2-e003Coalescence-Inoculumn-mGAM,101958
14,B8-e003Assembly-mGAM-p3,1,511311,D2-e003Coalescence-Inoculumn-mGAM,101958
15,A8-e003Coalescence-mBHI-p7,7,508703,D2-e003Coalescence-Inoculumn-mGAM,101958
16,B2-e003Coalescence-Inoculumn-mGAM,383,1049541,D2-e003Coalescence-Inoculumn-mGAM,101958
17,A3-e003Coalescence-Inoculumn-mGAM,283,560503,D2-e003Coalescence-Inoculumn-mGAM,101958
18,A9-e003Coalescence-mBHI-p3,1853,1258192,D2-e003Coalescence-Inoculumn-mGAM,101958
19,B9-e003Coalescence-mGAM-p7,3970,898503,D2-e003Coalescence-Inoculumn-mGAM,101958
20,C3-e003Coalescence-Inoculumn-mGAM,2848,638925,D2-e003Coalescence-Inoculumn-mGAM,101958
21,B10-e003Coalescence-mBHI-p3,4250,972288,D2-e003Coalescence-Inoculumn-mGAM,101958
22,A9-e003Coalescence-mBHI-p7,945,1278174,D2-e003Coalescence-Inoculumn-mGAM,101958
23,C2-e003Coalescence-Inoculumn-mGAM,5,582785,D2-e003Coalescence-Inoculumn-mGAM,101958
24,B3-e003Coalescence-Inoculumn-mGAM,5026,1149670,D2-e003Coalescence-Inoculumn-mGAM,101958
25,B4-e003Coalescence-Inoculumn-mGAM,4282,1001069,D2-e003Coalescence-Inoculumn-mGAM,101958
26,A2-e003Coalescence-mGAM-p5,3,1011017,D2-e003Coalescence-Inoculumn-mGAM,101958
27,B8-e003Coalescence-mGAM-p5,183,928737,D2-e003Coalescence-Inoculumn-mGAM,101958
28,A5-e003Coalescence-Inoculumn-mGAM,0,521556,D2-e003Coalescence-Inoculumn-mGAM,101958
29,B8-e003GlycerolRevival-mGAM-p2,2,422751,D2-e003Coalescence-Inoculumn-mGAM,101958
30,C8-e003Coalescence-mBHI-p5,3,1271024,D2-e003Coalescence-Inoculumn-mGAM,101958
31,B8-e003Coalescence-mGAM-p7,459,820884,D2-e003Coalescence-Inoculumn-mGAM,101958
32,D2-e003Coalescence-Inoculumn-mGAM,0,604238,D2-e003Coalescence-Inoculumn-mGAM,101958
33,D3-e003Coalescence-Inoculumn-mGAM,3647,824536,D2-e003Coalescence-Inoculumn-mGAM,101958
34,A11-e003Coalescence-mBHI-p3,2,1273349,D2-e003Coalescence-Inoculumn-mGAM,101958
35,A4-e003Coalescence-Inoculumn-mGAM,1,1214206,D2-e003Coalescence-Inoculumn-mGAM,101958
36,A9-e003Coalescence-mGAM-p5,67,864112,D2-e003Coalescence-Inoculumn-mGAM,101958
37,A11-e003Coalescence-mGAM-p3,4,1299785,D2-e003Coalescence-Inoculumn-mGAM,101958
38,E8-e003Coalescence-mBHI-p5_S5,9,544751,D2-e003Coalescence-Inoculumn-mGAM,101958
39,E9-e003Coalescence-mBHI-p5_S6,1944,571529,D2-e003Coalescence-Inoculumn-mGAM,101958
40,F111-e003Coalescence-mGAM-p5_S68,2114,483352,D2-e003Coalescence-Inoculumn-mGAM,101958
41,H2-e003Coalescence-mGAM-p7_S181,24,1262475,D2-e003Coalescence-Inoculumn-mGAM,101958
42,E100-e003Coalescence-mBHI-p7_S103,9,380075,D2-e003Coalescence-Inoculumn-mGAM,101958
43,F9-e003Coalescence-mGAM-p5_S66,4801,1107465,D2-e003Coalescence-Inoculumn-mGAM,101958
44,F111-e003Coalescence-mGAM-p7_S164,2384,554759,D2-e003Coalescence-Inoculumn-mGAM,101958
45,E111-e003Coalescence-mBHI-p5_S8,2,418252,D2-e003Coalescence-Inoculumn-mGAM,101958
46,H8-e003Coalescence-mBHI-p7_S137,21,1076503,D2-e003Coalescence-Inoculumn-mGAM,101958
47,E8-e003Coalescence-mBHI-p7_S101,15,665052,D2-e003Coalescence-Inoculumn-mGAM,101958
48,H8-e003Coalescence-mBHI-p5_S41,12,806338,D2-e003Coalescence-Inoculumn-mGAM,101958
49,E100-e003Coalescence-mBHI-p5_S7,8,524284,D2-e003Coalescence-Inoculumn-mGAM,101958
50,F9-e003Coalescence-mGAM-p7_S162,2248,524905,D2-e003Coalescence-Inoculumn-mGAM,101958
51,F8-e003Coalescence-mGAM-p7_S161,9,455511,D2-e003Coalescence-Inoculumn-mGAM,101958
52,G8-e003Coalescence-mBHI-p3_S129,14,509674,D2-e003Coalescence-Inoculumn-mGAM,101958
53,H8-e003Coalescence-mGAM-p5_S89,20,1268328,D2-e003Coalescence-Inoculumn-mGAM,101958
54,G100-e003Coalescence-mBHI-p3_S131,2,612901,D2-e003Coalescence-Inoculumn-mGAM,101958
55,E9-e003Coalescence-mGAM-p3_S154,220,749107,D2-e003Coalescence-Inoculumn-mGAM,101958
56,F111-e003Coalescence-mGAM-p3_S168,2947,682972,D2-e003Coalescence-Inoculumn-mGAM,101958
57,G8-e003Coalescence-mBHI-p7_S125,11,697792,D2-e003Coalescence-Inoculumn-mGAM,101958
58,E111-e003Coalescence-mBHI-p7_S104,5,479608,D2-e003Coalescence-Inoculumn-mGAM,101958
59,E111-e003Coalescence-mGAM-p5_S56,17,1269734,D2-e003Coalescence-Inoculumn-mGAM,101958
60,E4-e003Coalescence-mGAM-p7_S147,5,441794,D2-e003Coalescence-Inoculumn-mGAM,101958
61,G8-e003Coalescence-mBHI-p5_S29,7,724274,D2-e003Coalescence-Inoculumn-mGAM,101958
62,E8-e003Coalescence-mBHI-p3_S105,16,1241202,D2-e003Coalescence-Inoculumn-mGAM,101958
63,E8-e003Coalescence-mGAM-p7_S149,6,443489,D2-e003Coalescence-Inoculumn-mGAM,101958
64,G9-e003Coalescence-mGAM-p3_S178,2445,597708,D2-e003Coalescence-Inoculumn-mGAM,101958
65,H8-e003Coalescence-mGAM-p7_S185,23,1287125,D2-e003Coalescence-Inoculumn-mGAM,101958
0,C9-e003Coalescence-mGAM-p3,5,745406,D3-e003Coalescence-Inoculumn-mGAM,101958
1,A8-e003Coalescence-mBHI-p3,7054,1148611,D3-e003Coalescence-Inoculumn-mGAM,101958
2,B9-e003Coalescence-mGAM-p5,7,1266654,D3-e003Coalescence-Inoculumn-mGAM,101958
3,C8-e003Assembly-mGAM-p3,4142,691607,D3-e003Coalescence-Inoculumn-mGAM,101958
4,C8-e003Assembly-mGAM-p5,3159,529291,D3-e003Coalescence-Inoculumn-mGAM,101958
5,A11-e003Coalescence-mGAM-p7,3710,600457,D3-e003Coalescence-Inoculumn-mGAM,101958
6,B11-e003Coalescence-mGAM-p3,8,1218073,D3-e003Coalescence-Inoculumn-mGAM,101958
7,A2-e003Coalescence-Inoculumn-mGAM,6774,1120015,D3-e003Coalescence-Inoculumn-mGAM,101958
8,D8-e003Coalescence-mGAM-p5,7973,1314015,D3-e003Coalescence-Inoculumn-mGAM,101958
9,A12-e003Coalescence-mGAM-p3,6326,1039277,D3-e003Coalescence-Inoculumn-mGAM,101958
10,B5-e003Coalescence-Inoculumn-mGAM,3,414446,D3-e003Coalescence-Inoculumn-mGAM,101958
11,C9-e003Coalescence-mBHI-p3,2,938458,D3-e003Coalescence-Inoculumn-mGAM,101958
12,C8-e003Coalescence-mBHI-p7,3741,594610,D3-e003Coalescence-Inoculumn-mGAM,101958
13,D8-e003Coalescence-mBHI-p5,3547,614083,D3-e003Coalescence-Inoculumn-mGAM,101958
14,B8-e003Assembly-mGAM-p3,3123,511311,D3-e003Coalescence-Inoculumn-mGAM,101958
15,A8-e003Coalescence-mBHI-p7,3190,508703,D3-e003Coalescence-Inoculumn-mGAM,101958
16,B2-e003Coalescence-Inoculumn-mGAM,5003,1049541,D3-e003Coalescence-Inoculumn-mGAM,101958
17,A3-e003Coalescence-Inoculumn-mGAM,2029,560503,D3-e003Coalescence-Inoculumn-mGAM,101958
18,A9-e003Coalescence-mBHI-p3,4643,1258192,D3-e003Coalescence-Inoculumn-mGAM,101958
19,B9-e003Coalescence-mGAM-p7,5,898503,D3-e003Coalescence-Inoculumn-mGAM,101958
20,C3-e003Coalescence-Inoculumn-mGAM,16,638925,D3-e003Coalescence-Inoculumn-mGAM,101958
21,B10-e003Coalescence-mBHI-p3,10,972288,D3-e003Coalescence-Inoculumn-mGAM,101958
22,A9-e003Coalescence-mBHI-p7,5954,1278174,D3-e003Coalescence-Inoculumn-mGAM,101958
23,C2-e003Coalescence-Inoculumn-mGAM,3531,582785,D3-e003Coalescence-Inoculumn-mGAM,101958
24,B3-e003Coalescence-Inoculumn-mGAM,3,1149670,D3-e003Coalescence-Inoculumn-mGAM,101958
25,B4-e003Coalescence-Inoculumn-mGAM,16,1001069,D3-e003Coalescence-Inoculumn-mGAM,101958
26,A2-e003Coalescence-mGAM-p5,6203,1011017,D3-e003Coalescence-Inoculumn-mGAM,101958
27,B8-e003Coalescence-mGAM-p5,4474,928737,D3-e003Coalescence-Inoculumn-mGAM,101958
28,A5-e003Coalescence-Inoculumn-mGAM,3080,521556,D3-e003Coalescence-Inoculumn-mGAM,101958
29,B8-e003GlycerolRevival-mGAM-p2,2535,422751,D3-e003Coalescence-Inoculumn-mGAM,101958
30,C8-e003Coalescence-mBHI-p5,7649,1271024,D3-e003Coalescence-Inoculumn-mGAM,101958
31,B8-e003Coalescence-mGAM-p7,3227,820884,D3-e003Coalescence-Inoculumn-mGAM,101958
32,D2-e003Coalescence-Inoculumn-mGAM,3642,604238,D3-e003Coalescence-Inoculumn-mGAM,101958
33,D3-e003Coalescence-Inoculumn-mGAM,0,824536,D3-e003Coalescence-Inoculumn-mGAM,101958
34,A11-e003Coalescence-mBHI-p3,7654,1273349,D3-e003Coalescence-Inoculumn-mGAM,101958
35,A4-e003Coalescence-Inoculumn-mGAM,7302,1214206,D3-e003Coalescence-Inoculumn-mGAM,101958
36,A9-e003Coalescence-mGAM-p5,4448,864112,D3-e003Coalescence-Inoculumn-mGAM,101958
37,A11-e003Coalescence-mGAM-p3,7852,1299785,D3-e003Coalescence-Inoculumn-mGAM,101958
38,E8-e003Coalescence-mBHI-p5_S5,3309,544751,D3-e003Coalescence-Inoculumn-mGAM,101958
39,E9-e003Coalescence-mBHI-p5_S6,221,571529,D3-e003Coalescence-Inoculumn-mGAM,101958
40,F111-e003Coalescence-mGAM-p5_S68,6,483352,D3-e003Coalescence-Inoculumn-mGAM,101958
41,H2-e003Coalescence-mGAM-p7_S181,7642,1262475,D3-e003Coalescence-Inoculumn-mGAM,101958
42,E100-e003Coalescence-mBHI-p7_S103,2273,380075,D3-e003Coalescence-Inoculumn-mGAM,101958
43,F9-e003Coalescence-mGAM-p5_S66,26,1107465,D3-e003Coalescence-Inoculumn-mGAM,101958
44,F111-e003Coalescence-mGAM-p7_S164,9,554759,D3-e003Coalescence-Inoculumn-mGAM,101958
45,E111-e003Coalescence-mBHI-p5_S8,2441,418252,D3-e003Coalescence-Inoculumn-mGAM,101958
46,H8-e003Coalescence-mBHI-p7_S137,6503,1076503,D3-e003Coalescence-Inoculumn-mGAM,101958
47,E8-e003Coalescence-mBHI-p7_S101,3659,665052,D3-e003Coalescence-Inoculumn-mGAM,101958
48,H8-e003Coalescence-mBHI-p5_S41,4740,806338,D3-e003Coalescence-Inoculumn-mGAM,101958
49,E100-e003Coalescence-mBHI-p5_S7,3145,524284,D3-e003Coalescence-Inoculumn-mGAM,101958
50,F9-e003Coalescence-mGAM-p7_S162,11,524905,D3-e003Coalescence-Inoculumn-mGAM,101958
51,F8-e003Coalescence-mGAM-p7_S161,2380,455511,D3-e003Coalescence-Inoculumn-mGAM,101958
52,G8-e003Coalescence-mBHI-p3_S129,3087,509674,D3-e003Coalescence-Inoculumn-mGAM,101958
53,H8-e003Coalescence-mGAM-p5_S89,7635,1268328,D3-e003Coalescence-Inoculumn-mGAM,101958
54,G100-e003Coalescence-mBHI-p3_S131,3708,612901,D3-e003Coalescence-Inoculumn-mGAM,101958
55,E9-e003Coalescence-mGAM-p3_S154,3188,749107,D3-e003Coalescence-Inoculumn-mGAM,101958
56,F111-e003Coalescence-mGAM-p3_S168,15,682972,D3-e003Coalescence-Inoculumn-mGAM,101958
57,G8-e003Coalescence-mBHI-p7_S125,4109,697792,D3-e003Coalescence-Inoculumn-mGAM,101958
58,E111-e003Coalescence-mBHI-p7_S104,2748,479608,D3-e003Coalescence-Inoculumn-mGAM,101958
59,E111-e003Coalescence-mGAM-p5_S56,7632,1269734,D3-e003Coalescence-Inoculumn-mGAM,101958
60,E4-e003Coalescence-mGAM-p7_S147,2545,441794,D3-e003Coalescence-Inoculumn-mGAM,101958
61,G8-e003Coalescence-mBHI-p5_S29,4390,724274,D3-e003Coalescence-Inoculumn-mGAM,101958
62,E8-e003Coalescence-mBHI-p3_S105,7476,1241202,D3-e003Coalescence-Inoculumn-mGAM,101958
63,E8-e003Coalescence-mGAM-p7_S149,2609,443489,D3-e003Coalescence-Inoculumn-mGAM,101958
64,G9-e003Coalescence-mGAM-p3_S178,13,597708,D3-e003Coalescence-Inoculumn-mGAM,101958
65,H8-e003Coalescence-mGAM-p7_S185,7774,1287125,D3-e003Coalescence-Inoculumn-mGAM,101958
0,C9-e003Coalescence-mGAM-p3,6679,745406,A11-e003Coalescence-mBHI-p3,101958
1,A8-e003Coalescence-mBHI-p3,2,1148611,A11-e003Coalescence-mBHI-p3,101958
2,B9-e003Coalescence-mGAM-p5,11846,1266654,A11-e003Coalescence-mBHI-p3,101958
3,C8-e003Assembly-mGAM-p3,1,691607,A11-e003Coalescence-mBHI-p3,101958
4,C8-e003Assembly-mGAM-p5,0,529291,A11-e003Coalescence-mBHI-p3,101958
5,A11-e003Coalescence-mGAM-p7,0,600457,A11-e003Coalescence-mBHI-p3,101958
6,B11-e003Coalescence-mGAM-p3,11407,1218073,A11-e003Coalescence-mBHI-p3,101958
7,A2-e003Coalescence-Inoculumn-mGAM,2,1120015,A11-e003Coalescence-mBHI-p3,101958
8,D8-e003Coalescence-mGAM-p5,3,1314015,A11-e003Coalescence-mBHI-p3,101958
9,A12-e003Coalescence-mGAM-p3,1,1039277,A11-e003Coalescence-mBHI-p3,101958
10,B5-e003Coalescence-Inoculumn-mGAM,3688,414446,A11-e003Coalescence-mBHI-p3,101958
11,C9-e003Coalescence-mBHI-p3,8650,938458,A11-e003Coalescence-mBHI-p3,101958
12,C8-e003Coalescence-mBHI-p7,1,594610,A11-e003Coalescence-mBHI-p3,101958
13,D8-e003Coalescence-mBHI-p5,0,614083,A11-e003Coalescence-mBHI-p3,101958
14,B8-e003Assembly-mGAM-p3,1,511311,A11-e003Coalescence-mBHI-p3,101958
15,A8-e003Coalescence-mBHI-p7,0,508703,A11-e003Coalescence-mBHI-p3,101958
16,B2-e003Coalescence-Inoculumn-mGAM,890,1049541,A11-e003Coalescence-mBHI-p3,101958
17,A3-e003Coalescence-Inoculumn-mGAM,632,560503,A11-e003Coalescence-mBHI-p3,101958
18,A9-e003Coalescence-mBHI-p3,4052,1258192,A11-e003Coalescence-mBHI-p3,101958
19,B9-e003Coalescence-mGAM-p7,8404,898503,A11-e003Coalescence-mBHI-p3,101958
20,C3-e003Coalescence-Inoculumn-mGAM,5822,638925,A11-e003Coalescence-mBHI-p3,101958
21,B10-e003Coalescence-mBHI-p3,8871,972288,A11-e003Coalescence-mBHI-p3,101958
22,A9-e003Coalescence-mBHI-p7,2251,1278174,A11-e003Coalescence-mBHI-p3,101958
23,C2-e003Coalescence-Inoculumn-mGAM,6,582785,A11-e003Coalescence-mBHI-p3,101958
24,B3-e003Coalescence-Inoculumn-mGAM,10645,1149670,A11-e003Coalescence-mBHI-p3,101958
25,B4-e003Coalescence-Inoculumn-mGAM,9184,1001069,A11-e003Coalescence-mBHI-p3,101958
26,A2-e003Coalescence-mGAM-p5,2,1011017,A11-e003Coalescence-mBHI-p3,101958
27,B8-e003Coalescence-mGAM-p5,391,928737,A11-e003Coalescence-mBHI-p3,101958
28,A5-e003Coalescence-Inoculumn-mGAM,0,521556,A11-e003Coalescence-mBHI-p3,101958
29,B8-e003GlycerolRevival-mGAM-p2,1,422751,A11-e003Coalescence-mBHI-p3,101958
30,C8-e003Coalescence-mBHI-p5,5,1271024,A11-e003Coalescence-mBHI-p3,101958
31,B8-e003Coalescence-mGAM-p7,976,820884,A11-e003Coalescence-mBHI-p3,101958
32,D2-e003Coalescence-Inoculumn-mGAM,0,604238,A11-e003Coalescence-mBHI-p3,101958
33,D3-e003Coalescence-Inoculumn-mGAM,7649,824536,A11-e003Coalescence-mBHI-p3,101958
34,A11-e003Coalescence-mBHI-p3,0,1273349,A11-e003Coalescence-mBHI-p3,101958
35,A4-e003Coalescence-Inoculumn-mGAM,1,1214206,A11-e003Coalescence-mBHI-p3,101958
36,A9-e003Coalescence-mGAM-p5,181,864112,A11-e003Coalescence-mBHI-p3,101958
37,A11-e003Coalescence-mGAM-p3,5,1299785,A11-e003Coalescence-mBHI-p3,101958
38,E8-e003Coalescence-mBHI-p5_S5,6,544751,A11-e003Coalescence-mBHI-p3,101958
39,E9-e003Coalescence-mBHI-p5_S6,4087,571529,A11-e003Coalescence-mBHI-p3,101958
40,F111-e003Coalescence-mGAM-p5_S68,4243,483352,A11-e003Coalescence-mBHI-p3,101958
41,H2-e003Coalescence-mGAM-p7_S181,46,1262475,A11-e003Coalescence-mBHI-p3,101958
42,E100-e003Coalescence-mBHI-p7_S103,15,380075,A11-e003Coalescence-mBHI-p3,101958
43,F9-e003Coalescence-mGAM-p5_S66,10156,1107465,A11-e003Coalescence-mBHI-p3,101958
44,F111-e003Coalescence-mGAM-p7_S164,5054,554759,A11-e003Coalescence-mBHI-p3,101958
45,E111-e003Coalescence-mBHI-p5_S8,6,418252,A11-e003Coalescence-mBHI-p3,101958
46,H8-e003Coalescence-mBHI-p7_S137,28,1076503,A11-e003Coalescence-mBHI-p3,101958
47,E8-e003Coalescence-mBHI-p7_S101,28,665052,A11-e003Coalescence-mBHI-p3,101958
48,H8-e003Coalescence-mBHI-p5_S41,19,806338,A11-e003Coalescence-mBHI-p3,101958
49,E100-e003Coalescence-mBHI-p5_S7,13,524284,A11-e003Coalescence-mBHI-p3,101958
50,F9-e003Coalescence-mGAM-p7_S162,4841,524905,A11-e003Coalescence-mBHI-p3,101958
51,F8-e003Coalescence-mGAM-p7_S161,23,455511,A11-e003Coalescence-mBHI-p3,101958
52,G8-e003Coalescence-mBHI-p3_S129,12,509674,A11-e003Coalescence-mBHI-p3,101958
53,H8-e003Coalescence-mGAM-p5_S89,36,1268328,A11-e003Coalescence-mBHI-p3,101958
54,G100-e003Coalescence-mBHI-p3_S131,3,612901,A11-e003Coalescence-mBHI-p3,101958
55,E9-e003Coalescence-mGAM-p3_S154,473,749107,A11-e003Coalescence-mBHI-p3,101958
56,F111-e003Coalescence-mGAM-p3_S168,6093,682972,A11-e003Coalescence-mBHI-p3,101958
57,G8-e003Coalescence-mBHI-p7_S125,22,697792,A11-e003Coalescence-mBHI-p3,101958
58,E111-e003Coalescence-mBHI-p7_S104,8,479608,A11-e003Coalescence-mBHI-p3,101958
59,E111-e003Coalescence-mGAM-p5_S56,40,1269734,A11-e003Coalescence-mBHI-p3,101958
60,E4-e003Coalescence-mGAM-p7_S147,9,441794,A11-e003Coalescence-mBHI-p3,101958
61,G8-e003Coalescence-mBHI-p5_S29,15,724274,A11-e003Coalescence-mBHI-p3,101958
62,E8-e003Coalescence-mBHI-p3_S105,42,1241202,A11-e003Coalescence-mBHI-p3,101958
63,E8-e003Coalescence-mGAM-p7_S149,6,443489,A11-e003Coalescence-mBHI-p3,101958
64,G9-e003Coalescence-mGAM-p3_S178,5328,597708,A11-e003Coalescence-mBHI-p3,101958
65,H8-e003Coalescence-mGAM-p7_S185,44,1287125,A11-e003Coalescence-mBHI-p3,101958
0,C9-e003Coalescence-mGAM-p3,6379,745406,A4-e003Coalescence-Inoculumn-mGAM,101958
1,A8-e003Coalescence-mBHI-p3,5,1148611,A4-e003Coalescence-Inoculumn-mGAM,101958
2,B9-e003Coalescence-mGAM-p5,11273,1266654,A4-e003Coalescence-Inoculumn-mGAM,101958
3,C8-e003Assembly-mGAM-p3,1,691607,A4-e003Coalescence-Inoculumn-mGAM,101958
4,C8-e003Assembly-mGAM-p5,1,529291,A4-e003Coalescence-Inoculumn-mGAM,101958
5,A11-e003Coalescence-mGAM-p7,2,600457,A4-e003Coalescence-Inoculumn-mGAM,101958
6,B11-e003Coalescence-mGAM-p3,10869,1218073,A4-e003Coalescence-Inoculumn-mGAM,101958
7,A2-e003Coalescence-Inoculumn-mGAM,6,1120015,A4-e003Coalescence-Inoculumn-mGAM,101958
8,D8-e003Coalescence-mGAM-p5,6,1314015,A4-e003Coalescence-Inoculumn-mGAM,101958
9,A12-e003Coalescence-mGAM-p3,6,1039277,A4-e003Coalescence-Inoculumn-mGAM,101958
10,B5-e003Coalescence-Inoculumn-mGAM,3482,414446,A4-e003Coalescence-Inoculumn-mGAM,101958
11,C9-e003Coalescence-mBHI-p3,8313,938458,A4-e003Coalescence-Inoculumn-mGAM,101958
12,C8-e003Coalescence-mBHI-p7,0,594610,A4-e003Coalescence-Inoculumn-mGAM,101958
13,D8-e003Coalescence-mBHI-p5,0,614083,A4-e003Coalescence-Inoculumn-mGAM,101958
14,B8-e003Assembly-mGAM-p3,3,511311,A4-e003Coalescence-Inoculumn-mGAM,101958
15,A8-e003Coalescence-mBHI-p7,16,508703,A4-e003Coalescence-Inoculumn-mGAM,101958
16,B2-e003Coalescence-Inoculumn-mGAM,846,1049541,A4-e003Coalescence-Inoculumn-mGAM,101958
17,A3-e003Coalescence-Inoculumn-mGAM,578,560503,A4-e003Coalescence-Inoculumn-mGAM,101958
18,A9-e003Coalescence-mBHI-p3,3902,1258192,A4-e003Coalescence-Inoculumn-mGAM,101958
19,B9-e003Coalescence-mGAM-p7,8023,898503,A4-e003Coalescence-Inoculumn-mGAM,101958
20,C3-e003Coalescence-Inoculumn-mGAM,5555,638925,A4-e003Coalescence-Inoculumn-mGAM,101958
21,B10-e003Coalescence-mBHI-p3,8486,972288,A4-e003Coalescence-Inoculumn-mGAM,101958
22,A9-e003Coalescence-mBHI-p7,2116,1278174,A4-e003Coalescence-Inoculumn-mGAM,101958
23,C2-e003Coalescence-Inoculumn-mGAM,3,582785,A4-e003Coalescence-Inoculumn-mGAM,101958
24,B3-e003Coalescence-Inoculumn-mGAM,10156,1149670,A4-e003Coalescence-Inoculumn-mGAM,101958
25,B4-e003Coalescence-Inoculumn-mGAM,8739,1001069,A4-e003Coalescence-Inoculumn-mGAM,101958
26,A2-e003Coalescence-mGAM-p5,2,1011017,A4-e003Coalescence-Inoculumn-mGAM,101958
27,B8-e003Coalescence-mGAM-p5,354,928737,A4-e003Coalescence-Inoculumn-mGAM,101958
28,A5-e003Coalescence-Inoculumn-mGAM,3,521556,A4-e003Coalescence-Inoculumn-mGAM,101958
29,B8-e003GlycerolRevival-mGAM-p2,2,422751,A4-e003Coalescence-Inoculumn-mGAM,101958
30,C8-e003Coalescence-mBHI-p5,6,1271024,A4-e003Coalescence-Inoculumn-mGAM,101958
31,B8-e003Coalescence-mGAM-p7,908,820884,A4-e003Coalescence-Inoculumn-mGAM,101958
32,D2-e003Coalescence-Inoculumn-mGAM,2,604238,A4-e003Coalescence-Inoculumn-mGAM,101958
33,D3-e003Coalescence-Inoculumn-mGAM,7296,824536,A4-e003Coalescence-Inoculumn-mGAM,101958
34,A11-e003Coalescence-mBHI-p3,6,1273349,A4-e003Coalescence-Inoculumn-mGAM,101958
35,A4-e003Coalescence-Inoculumn-mGAM,0,1214206,A4-e003Coalescence-Inoculumn-mGAM,101958
36,A9-e003Coalescence-mGAM-p5,166,864112,A4-e003Coalescence-Inoculumn-mGAM,101958
37,A11-e003Coalescence-mGAM-p3,6,1299785,A4-e003Coalescence-Inoculumn-mGAM,101958
38,E8-e003Coalescence-mBHI-p5_S5,10,544751,A4-e003Coalescence-Inoculumn-mGAM,101958
39,E9-e003Coalescence-mBHI-p5_S6,3913,571529,A4-e003Coalescence-Inoculumn-mGAM,101958
40,F111-e003Coalescence-mGAM-p5_S68,4031,483352,A4-e003Coalescence-Inoculumn-mGAM,101958
41,H2-e003Coalescence-mGAM-p7_S181,51,1262475,A4-e003Coalescence-Inoculumn-mGAM,101958
42,E100-e003Coalescence-mBHI-p7_S103,19,380075,A4-e003Coalescence-Inoculumn-mGAM,101958
43,F9-e003Coalescence-mGAM-p5_S66,9673,1107465,A4-e003Coalescence-Inoculumn-mGAM,101958
44,F111-e003Coalescence-mGAM-p7_S164,4841,554759,A4-e003Coalescence-Inoculumn-mGAM,101958
45,E111-e003Coalescence-mBHI-p5_S8,6,418252,A4-e003Coalescence-Inoculumn-mGAM,101958
46,H8-e003Coalescence-mBHI-p7_S137,32,1076503,A4-e003Coalescence-Inoculumn-mGAM,101958
47,E8-e003Coalescence-mBHI-p7_S101,33,665052,A4-e003Coalescence-Inoculumn-mGAM,101958
48,H8-e003Coalescence-mBHI-p5_S41,25,806338,A4-e003Coalescence-Inoculumn-mGAM,101958
49,E100-e003Coalescence-mBHI-p5_S7,15,524284,A4-e003Coalescence-Inoculumn-mGAM,101958
50,F9-e003Coalescence-mGAM-p7_S162,4568,524905,A4-e003Coalescence-Inoculumn-mGAM,101958
51,F8-e003Coalescence-mGAM-p7_S161,26,455511,A4-e003Coalescence-Inoculumn-mGAM,101958
52,G8-e003Coalescence-mBHI-p3_S129,17,509674,A4-e003Coalescence-Inoculumn-mGAM,101958
53,H8-e003Coalescence-mGAM-p5_S89,44,1268328,A4-e003Coalescence-Inoculumn-mGAM,101958
54,G100-e003Coalescence-mBHI-p3_S131,11,612901,A4-e003Coalescence-Inoculumn-mGAM,101958
55,E9-e003Coalescence-mGAM-p3_S154,467,749107,A4-e003Coalescence-Inoculumn-mGAM,101958
56,F111-e003Coalescence-mGAM-p3_S168,5829,682972,A4-e003Coalescence-Inoculumn-mGAM,101958
57,G8-e003Coalescence-mBHI-p7_S125,23,697792,A4-e003Coalescence-Inoculumn-mGAM,101958
58,E111-e003Coalescence-mBHI-p7_S104,8,479608,A4-e003Coalescence-Inoculumn-mGAM,101958
59,E111-e003Coalescence-mGAM-p5_S56,47,1269734,A4-e003Coalescence-Inoculumn-mGAM,101958
60,E4-e003Coalescence-mGAM-p7_S147,11,441794,A4-e003Coalescence-Inoculumn-mGAM,101958
61,G8-e003Coalescence-mBHI-p5_S29,17,724274,A4-e003Coalescence-Inoculumn-mGAM,101958
62,E8-e003Coalescence-mBHI-p3_S105,44,1241202,A4-e003Coalescence-Inoculumn-mGAM,101958
63,E8-e003Coalescence-mGAM-p7_S149,9,443489,A4-e003Coalescence-Inoculumn-mGAM,101958
64,G9-e003Coalescence-mGAM-p3_S178,5053,597708,A4-e003Coalescence-Inoculumn-mGAM,101958
65,H8-e003Coalescence-mGAM-p7_S185,51,1287125,A4-e003Coalescence-Inoculumn-mGAM,101958
0,C9-e003Coalescence-mGAM-p3,2847,745406,A9-e003Coalescence-mGAM-p5,101958
1,A8-e003Coalescence-mBHI-p3,128,1148611,A9-e003Coalescence-mGAM-p5,101958
2,B9-e003Coalescence-mGAM-p5,5037,1266654,A9-e003Coalescence-mGAM-p5,101958
3,C8-e003Assembly-mGAM-p3,64,691607,A9-e003Coalescence-mGAM-p5,101958
4,C8-e003Assembly-mGAM-p5,60,529291,A9-e003Coalescence-mGAM-p5,101958
5,A11-e003Coalescence-mGAM-p7,64,600457,A9-e003Coalescence-mGAM-p5,101958
6,B11-e003Coalescence-mGAM-p3,4827,1218073,A9-e003Coalescence-mGAM-p5,101958
7,A2-e003Coalescence-Inoculumn-mGAM,123,1120015,A9-e003Coalescence-mGAM-p5,101958
8,D8-e003Coalescence-mGAM-p5,150,1314015,A9-e003Coalescence-mGAM-p5,101958
9,A12-e003Coalescence-mGAM-p3,116,1039277,A9-e003Coalescence-mGAM-p5,101958
10,B5-e003Coalescence-Inoculumn-mGAM,1522,414446,A9-e003Coalescence-mGAM-p5,101958
11,C9-e003Coalescence-mBHI-p3,3641,938458,A9-e003Coalescence-mGAM-p5,101958
12,C8-e003Coalescence-mBHI-p7,57,594610,A9-e003Coalescence-mGAM-p5,101958
13,D8-e003Coalescence-mBHI-p5,63,614083,A9-e003Coalescence-mGAM-p5,101958
14,B8-e003Assembly-mGAM-p3,52,511311,A9-e003Coalescence-mGAM-p5,101958
15,A8-e003Coalescence-mBHI-p7,66,508703,A9-e003Coalescence-mGAM-p5,101958
16,B2-e003Coalescence-Inoculumn-mGAM,405,1049541,A9-e003Coalescence-mGAM-p5,101958
17,A3-e003Coalescence-Inoculumn-mGAM,283,560503,A9-e003Coalescence-mGAM-p5,101958
18,A9-e003Coalescence-mBHI-p3,1726,1258192,A9-e003Coalescence-mGAM-p5,101958
19,B9-e003Coalescence-mGAM-p7,3586,898503,A9-e003Coalescence-mGAM-p5,101958
20,C3-e003Coalescence-Inoculumn-mGAM,2455,638925,A9-e003Coalescence-mGAM-p5,101958
21,B10-e003Coalescence-mBHI-p3,3820,972288,A9-e003Coalescence-mGAM-p5,101958
22,A9-e003Coalescence-mBHI-p7,1036,1278174,A9-e003Coalescence-mGAM-p5,101958
23,C2-e003Coalescence-Inoculumn-mGAM,86,582785,A9-e003Coalescence-mGAM-p5,101958
24,B3-e003Coalescence-Inoculumn-mGAM,4528,1149670,A9-e003Coalescence-mGAM-p5,101958
25,B4-e003Coalescence-Inoculumn-mGAM,3919,1001069,A9-e003Coalescence-mGAM-p5,101958
26,A2-e003Coalescence-mGAM-p5,99,1011017,A9-e003Coalescence-mGAM-p5,101958
27,B8-e003Coalescence-mGAM-p5,240,928737,A9-e003Coalescence-mGAM-p5,101958
28,A5-e003Coalescence-Inoculumn-mGAM,55,521556,A9-e003Coalescence-mGAM-p5,101958
29,B8-e003GlycerolRevival-mGAM-p2,35,422751,A9-e003Coalescence-mGAM-p5,101958
30,C8-e003Coalescence-mBHI-p5,149,1271024,A9-e003Coalescence-mGAM-p5,101958
31,B8-e003Coalescence-mGAM-p7,475,820884,A9-e003Coalescence-mGAM-p5,101958
32,D2-e003Coalescence-Inoculumn-mGAM,54,604238,A9-e003Coalescence-mGAM-p5,101958
33,D3-e003Coalescence-Inoculumn-mGAM,3275,824536,A9-e003Coalescence-mGAM-p5,101958
34,A11-e003Coalescence-mBHI-p3,149,1273349,A9-e003Coalescence-mGAM-p5,101958
35,A4-e003Coalescence-Inoculumn-mGAM,128,1214206,A9-e003Coalescence-mGAM-p5,101958
36,A9-e003Coalescence-mGAM-p5,0,864112,A9-e003Coalescence-mGAM-p5,101958
37,A11-e003Coalescence-mGAM-p3,143,1299785,A9-e003Coalescence-mGAM-p5,101958
38,E8-e003Coalescence-mBHI-p5_S5,54,544751,A9-e003Coalescence-mGAM-p5,101958
39,E9-e003Coalescence-mBHI-p5_S6,1788,571529,A9-e003Coalescence-mGAM-p5,101958
40,F111-e003Coalescence-mGAM-p5_S68,1863,483352,A9-e003Coalescence-mGAM-p5,101958
41,H2-e003Coalescence-mGAM-p7_S181,174,1262475,A9-e003Coalescence-mGAM-p5,101958
42,E100-e003Coalescence-mBHI-p7_S103,53,380075,A9-e003Coalescence-mGAM-p5,101958
43,F9-e003Coalescence-mGAM-p5_S66,4351,1107465,A9-e003Coalescence-mGAM-p5,101958
44,F111-e003Coalescence-mGAM-p7_S164,2177,554759,A9-e003Coalescence-mGAM-p5,101958
45,E111-e003Coalescence-mBHI-p5_S8,43,418252,A9-e003Coalescence-mGAM-p5,101958
46,H8-e003Coalescence-mBHI-p7_S137,130,1076503,A9-e003Coalescence-mGAM-p5,101958
47,E8-e003Coalescence-mBHI-p7_S101,76,665052,A9-e003Coalescence-mGAM-p5,101958
48,H8-e003Coalescence-mBHI-p5_S41,99,806338,A9-e003Coalescence-mGAM-p5,101958
49,E100-e003Coalescence-mBHI-p5_S7,54,524284,A9-e003Coalescence-mGAM-p5,101958
50,F9-e003Coalescence-mGAM-p7_S162,1995,524905,A9-e003Coalescence-mGAM-p5,101958
51,F8-e003Coalescence-mGAM-p7_S161,56,455511,A9-e003Coalescence-mGAM-p5,101958
52,G8-e003Coalescence-mBHI-p3_S129,44,509674,A9-e003Coalescence-mGAM-p5,101958
53,H8-e003Coalescence-mGAM-p5_S89,163,1268328,A9-e003Coalescence-mGAM-p5,101958
54,G100-e003Coalescence-mBHI-p3_S131,70,612901,A9-e003Coalescence-mGAM-p5,101958
55,E9-e003Coalescence-mGAM-p3_S154,262,749107,A9-e003Coalescence-mGAM-p5,101958
56,F111-e003Coalescence-mGAM-p3_S168,2597,682972,A9-e003Coalescence-mGAM-p5,101958
57,G8-e003Coalescence-mBHI-p7_S125,90,697792,A9-e003Coalescence-mGAM-p5,101958
58,E111-e003Coalescence-mBHI-p7_S104,42,479608,A9-e003Coalescence-mGAM-p5,101958
59,E111-e003Coalescence-mGAM-p5_S56,155,1269734,A9-e003Coalescence-mGAM-p5,101958
60,E4-e003Coalescence-mGAM-p7_S147,63,441794,A9-e003Coalescence-mGAM-p5,101958
61,G8-e003Coalescence-mBHI-p5_S29,88,724274,A9-e003Coalescence-mGAM-p5,101958
62,E8-e003Coalescence-mBHI-p3_S105,152,1241202,A9-e003Coalescence-mGAM-p5,101958
63,E8-e003Coalescence-mGAM-p7_S149,46,443489,A9-e003Coalescence-mGAM-p5,101958
64,G9-e003Coalescence-mGAM-p3_S178,2245,597708,A9-e003Coalescence-mGAM-p5,101958
65,H8-e003Coalescence-mGAM-p7_S185,166,1287125,A9-e003Coalescence-mGAM-p5,101958
0,C9-e003Coalescence-mGAM-p3,6831,745406,A11-e003Coalescence-mGAM-p3,101958
1,A8-e003Coalescence-mBHI-p3,3,1148611,A11-e003Coalescence-mGAM-p3,101958
2,B9-e003Coalescence-mGAM-p5,12154,1266654,A11-e003Coalescence-mGAM-p3,101958
3,C8-e003Assembly-mGAM-p3,0,691607,A11-e003Coalescence-mGAM-p3,101958
4,C8-e003Assembly-mGAM-p5,0,529291,A11-e003Coalescence-mGAM-p3,101958
5,A11-e003Coalescence-mGAM-p7,0,600457,A11-e003Coalescence-mGAM-p3,101958
6,B11-e003Coalescence-mGAM-p3,11708,1218073,A11-e003Coalescence-mGAM-p3,101958
7,A2-e003Coalescence-Inoculumn-mGAM,1,1120015,A11-e003Coalescence-mGAM-p3,101958
8,D8-e003Coalescence-mGAM-p5,3,1314015,A11-e003Coalescence-mGAM-p3,101958
9,A12-e003Coalescence-mGAM-p3,1,1039277,A11-e003Coalescence-mGAM-p3,101958
10,B5-e003Coalescence-Inoculumn-mGAM,3767,414446,A11-e003Coalescence-mGAM-p3,101958
11,C9-e003Coalescence-mBHI-p3,8875,938458,A11-e003Coalescence-mGAM-p3,101958
12,C8-e003Coalescence-mBHI-p7,0,594610,A11-e003Coalescence-mGAM-p3,101958
13,D8-e003Coalescence-mBHI-p5,1,614083,A11-e003Coalescence-mGAM-p3,101958
14,B8-e003Assembly-mGAM-p3,0,511311,A11-e003Coalescence-mGAM-p3,101958
15,A8-e003Coalescence-mBHI-p7,15,508703,A11-e003Coalescence-mGAM-p3,101958
16,B2-e003Coalescence-Inoculumn-mGAM,895,1049541,A11-e003Coalescence-mGAM-p3,101958
17,A3-e003Coalescence-Inoculumn-mGAM,622,560503,A11-e003Coalescence-mGAM-p3,101958
18,A9-e003Coalescence-mBHI-p3,4192,1258192,A11-e003Coalescence-mGAM-p3,101958
19,B9-e003Coalescence-mGAM-p7,8666,898503,A11-e003Coalescence-mGAM-p3,101958
20,C3-e003Coalescence-Inoculumn-mGAM,5989,638925,A11-e003Coalescence-mGAM-p3,101958
21,B10-e003Coalescence-mBHI-p3,9066,972288,A11-e003Coalescence-mGAM-p3,101958
22,A9-e003Coalescence-mBHI-p7,2312,1278174,A11-e003Coalescence-mGAM-p3,101958
23,C2-e003Coalescence-Inoculumn-mGAM,7,582785,A11-e003Coalescence-mGAM-p3,101958
24,B3-e003Coalescence-Inoculumn-mGAM,10906,1149670,A11-e003Coalescence-mGAM-p3,101958
25,B4-e003Coalescence-Inoculumn-mGAM,9383,1001069,A11-e003Coalescence-mGAM-p3,101958
26,A2-e003Coalescence-mGAM-p5,3,1011017,A11-e003Coalescence-mGAM-p3,101958
27,B8-e003Coalescence-mGAM-p5,383,928737,A11-e003Coalescence-mGAM-p3,101958
28,A5-e003Coalescence-Inoculumn-mGAM,2,521556,A11-e003Coalescence-mGAM-p3,101958
29,B8-e003GlycerolRevival-mGAM-p2,0,422751,A11-e003Coalescence-mGAM-p3,101958
30,C8-e003Coalescence-mBHI-p5,2,1271024,A11-e003Coalescence-mGAM-p3,101958
31,B8-e003Coalescence-mGAM-p7,995,820884,A11-e003Coalescence-mGAM-p3,101958
32,D2-e003Coalescence-Inoculumn-mGAM,0,604238,A11-e003Coalescence-mGAM-p3,101958
33,D3-e003Coalescence-Inoculumn-mGAM,7851,824536,A11-e003Coalescence-mGAM-p3,101958
34,A11-e003Coalescence-mBHI-p3,4,1273349,A11-e003Coalescence-mGAM-p3,101958
35,A4-e003Coalescence-Inoculumn-mGAM,2,1214206,A11-e003Coalescence-mGAM-p3,101958
36,A9-e003Coalescence-mGAM-p5,184,864112,A11-e003Coalescence-mGAM-p3,101958
37,A11-e003Coalescence-mGAM-p3,0,1299785,A11-e003Coalescence-mGAM-p3,101958
38,E8-e003Coalescence-mBHI-p5_S5,7,544751,A11-e003Coalescence-mGAM-p3,101958
39,E9-e003Coalescence-mBHI-p5_S6,4183,571529,A11-e003Coalescence-mGAM-p3,101958
40,F111-e003Coalescence-mGAM-p5_S68,4362,483352,A11-e003Coalescence-mGAM-p3,101958
41,H2-e003Coalescence-mGAM-p7_S181,42,1262475,A11-e003Coalescence-mGAM-p3,101958
42,E100-e003Coalescence-mBHI-p7_S103,15,380075,A11-e003Coalescence-mGAM-p3,101958
43,F9-e003Coalescence-mGAM-p5_S66,10413,1107465,A11-e003Coalescence-mGAM-p3,101958
44,F111-e003Coalescence-mGAM-p7_S164,5185,554759,A11-e003Coalescence-mGAM-p3,101958
45,E111-e003Coalescence-mBHI-p5_S8,6,418252,A11-e003Coalescence-mGAM-p3,101958
46,H8-e003Coalescence-mBHI-p7_S137,28,1076503,A11-e003Coalescence-mGAM-p3,101958
47,E8-e003Coalescence-mBHI-p7_S101,25,665052,A11-e003Coalescence-mGAM-p3,101958
48,H8-e003Coalescence-mBHI-p5_S41,15,806338,A11-e003Coalescence-mGAM-p3,101958
49,E100-e003Coalescence-mBHI-p5_S7,8,524284,A11-e003Coalescence-mGAM-p3,101958
50,F9-e003Coalescence-mGAM-p7_S162,4891,524905,A11-e003Coalescence-mGAM-p3,101958
51,F8-e003Coalescence-mGAM-p7_S161,24,455511,A11-e003Coalescence-mGAM-p3,101958
52,G8-e003Coalescence-mBHI-p3_S129,14,509674,A11-e003Coalescence-mGAM-p3,101958
53,H8-e003Coalescence-mGAM-p5_S89,32,1268328,A11-e003Coalescence-mGAM-p3,101958
54,G100-e003Coalescence-mBHI-p3_S131,2,612901,A11-e003Coalescence-mGAM-p3,101958
55,E9-e003Coalescence-mGAM-p3_S154,473,749107,A11-e003Coalescence-mGAM-p3,101958
56,F111-e003Coalescence-mGAM-p3_S168,6224,682972,A11-e003Coalescence-mGAM-p3,101958
57,G8-e003Coalescence-mBHI-p7_S125,20,697792,A11-e003Coalescence-mGAM-p3,101958
58,E111-e003Coalescence-mBHI-p7_S104,8,479608,A11-e003Coalescence-mGAM-p3,101958
59,E111-e003Coalescence-mGAM-p5_S56,31,1269734,A11-e003Coalescence-mGAM-p3,101958
60,E4-e003Coalescence-mGAM-p7_S147,10,441794,A11-e003Coalescence-mGAM-p3,101958
61,G8-e003Coalescence-mBHI-p5_S29,14,724274,A11-e003Coalescence-mGAM-p3,101958
62,E8-e003Coalescence-mBHI-p3_S105,31,1241202,A11-e003Coalescence-mGAM-p3,101958
63,E8-e003Coalescence-mGAM-p7_S149,3,443489,A11-e003Coalescence-mGAM-p3,101958
64,G9-e003Coalescence-mGAM-p3_S178,5421,597708,A11-e003Coalescence-mGAM-p3,101958
65,H8-e003Coalescence-mGAM-p7_S185,39,1287125,A11-e003Coalescence-mGAM-p3,101958
0,C9-e003Coalescence-mGAM-p3,2894,745406,E8-e003Coalescence-mBHI-p5_S5,101958
1,A8-e003Coalescence-mBHI-p3,14,1148611,E8-e003Coalescence-mBHI-p5_S5,101958
2,B9-e003Coalescence-mGAM-p5,4938,1266654,E8-e003Coalescence-mBHI-p5_S5,101958
3,C8-e003Assembly-mGAM-p3,8,691607,E8-e003Coalescence-mBHI-p5_S5,101958
4,C8-e003Assembly-mGAM-p5,4,529291,E8-e003Coalescence-mBHI-p5_S5,101958
5,A11-e003Coalescence-mGAM-p7,4,600457,E8-e003Coalescence-mBHI-p5_S5,101958
6,B11-e003Coalescence-mGAM-p3,4783,1218073,E8-e003Coalescence-mBHI-p5_S5,101958
7,A2-e003Coalescence-Inoculumn-mGAM,16,1120015,E8-e003Coalescence-mBHI-p5_S5,101958
8,D8-e003Coalescence-mGAM-p5,17,1314015,E8-e003Coalescence-mBHI-p5_S5,101958
9,A12-e003Coalescence-mGAM-p3,10,1039277,E8-e003Coalescence-mBHI-p5_S5,101958
10,B5-e003Coalescence-Inoculumn-mGAM,1583,414446,E8-e003Coalescence-mBHI-p5_S5,101958
11,C9-e003Coalescence-mBHI-p3,3699,938458,E8-e003Coalescence-mBHI-p5_S5,101958
12,C8-e003Coalescence-mBHI-p7,12,594610,E8-e003Coalescence-mBHI-p5_S5,101958
13,D8-e003Coalescence-mBHI-p5,12,614083,E8-e003Coalescence-mBHI-p5_S5,101958
14,B8-e003Assembly-mGAM-p3,3,511311,E8-e003Coalescence-mBHI-p5_S5,101958
15,A8-e003Coalescence-mBHI-p7,12,508703,E8-e003Coalescence-mBHI-p5_S5,101958
16,B2-e003Coalescence-Inoculumn-mGAM,354,1049541,E8-e003Coalescence-mBHI-p5_S5,101958
17,A3-e003Coalescence-Inoculumn-mGAM,252,560503,E8-e003Coalescence-mBHI-p5_S5,101958
18,A9-e003Coalescence-mBHI-p3,1593,1258192,E8-e003Coalescence-mBHI-p5_S5,101958
19,B9-e003Coalescence-mGAM-p7,3560,898503,E8-e003Coalescence-mBHI-p5_S5,101958
20,C3-e003Coalescence-Inoculumn-mGAM,2539,638925,E8-e003Coalescence-mBHI-p5_S5,101958
21,B10-e003Coalescence-mBHI-p3,3791,972288,E8-e003Coalescence-mBHI-p5_S5,101958
22,A9-e003Coalescence-mBHI-p7,829,1278174,E8-e003Coalescence-mBHI-p5_S5,101958
23,C2-e003Coalescence-Inoculumn-mGAM,13,582785,E8-e003Coalescence-mBHI-p5_S5,101958
24,B3-e003Coalescence-Inoculumn-mGAM,4551,1149670,E8-e003Coalescence-mBHI-p5_S5,101958
25,B4-e003Coalescence-Inoculumn-mGAM,3967,1001069,E8-e003Coalescence-mBHI-p5_S5,101958
26,A2-e003Coalescence-mGAM-p5,13,1011017,E8-e003Coalescence-mBHI-p5_S5,101958
27,B8-e003Coalescence-mGAM-p5,123,928737,E8-e003Coalescence-mBHI-p5_S5,101958
28,A5-e003Coalescence-Inoculumn-mGAM,5,521556,E8-e003Coalescence-mBHI-p5_S5,101958
29,B8-e003GlycerolRevival-mGAM-p2,5,422751,E8-e003Coalescence-mBHI-p5_S5,101958
30,C8-e003Coalescence-mBHI-p5,16,1271024,E8-e003Coalescence-mBHI-p5_S5,101958
31,B8-e003Coalescence-mGAM-p7,416,820884,E8-e003Coalescence-mBHI-p5_S5,101958
32,D2-e003Coalescence-Inoculumn-mGAM,8,604238,E8-e003Coalescence-mBHI-p5_S5,101958
33,D3-e003Coalescence-Inoculumn-mGAM,3308,824536,E8-e003Coalescence-mBHI-p5_S5,101958
34,A11-e003Coalescence-mBHI-p3,18,1273349,E8-e003Coalescence-mBHI-p5_S5,101958
35,A4-e003Coalescence-Inoculumn-mGAM,16,1214206,E8-e003Coalescence-mBHI-p5_S5,101958
36,A9-e003Coalescence-mGAM-p5,63,864112,E8-e003Coalescence-mBHI-p5_S5,101958
37,A11-e003Coalescence-mGAM-p3,13,1299785,E8-e003Coalescence-mBHI-p5_S5,101958
38,E8-e003Coalescence-mBHI-p5_S5,0,544751,E8-e003Coalescence-mBHI-p5_S5,101958
39,E9-e003Coalescence-mBHI-p5_S6,1819,571529,E8-e003Coalescence-mBHI-p5_S5,101958
40,F111-e003Coalescence-mGAM-p5_S68,1814,483352,E8-e003Coalescence-mBHI-p5_S5,101958
41,H2-e003Coalescence-mGAM-p7_S181,10,1262475,E8-e003Coalescence-mBHI-p5_S5,101958
42,E100-e003Coalescence-mBHI-p7_S103,7,380075,E8-e003Coalescence-mBHI-p5_S5,101958
43,F9-e003Coalescence-mGAM-p5_S66,4373,1107465,E8-e003Coalescence-mBHI-p5_S5,101958
44,F111-e003Coalescence-mGAM-p7_S164,2261,554759,E8-e003Coalescence-mBHI-p5_S5,101958
45,E111-e003Coalescence-mBHI-p5_S8,9,418252,E8-e003Coalescence-mBHI-p5_S5,101958
46,H8-e003Coalescence-mBHI-p7_S137,9,1076503,E8-e003Coalescence-mBHI-p5_S5,101958
47,E8-e003Coalescence-mBHI-p7_S101,11,665052,E8-e003Coalescence-mBHI-p5_S5,101958
48,H8-e003Coalescence-mBHI-p5_S41,8,806338,E8-e003Coalescence-mBHI-p5_S5,101958
49,E100-e003Coalescence-mBHI-p5_S7,7,524284,E8-e003Coalescence-mBHI-p5_S5,101958
50,F9-e003Coalescence-mGAM-p7_S162,2058,524905,E8-e003Coalescence-mBHI-p5_S5,101958
51,F8-e003Coalescence-mGAM-p7_S161,7,455511,E8-e003Coalescence-mBHI-p5_S5,101958
52,G8-e003Coalescence-mBHI-p3_S129,7,509674,E8-e003Coalescence-mBHI-p5_S5,101958
53,H8-e003Coalescence-mGAM-p5_S89,12,1268328,E8-e003Coalescence-mBHI-p5_S5,101958
54,G100-e003Coalescence-mBHI-p3_S131,2,612901,E8-e003Coalescence-mBHI-p5_S5,101958
55,E9-e003Coalescence-mGAM-p3_S154,184,749107,E8-e003Coalescence-mBHI-p5_S5,101958
56,F111-e003Coalescence-mGAM-p3_S168,2743,682972,E8-e003Coalescence-mBHI-p5_S5,101958
57,G8-e003Coalescence-mBHI-p7_S125,6,697792,E8-e003Coalescence-mBHI-p5_S5,101958
58,E111-e003Coalescence-mBHI-p7_S104,7,479608,E8-e003Coalescence-mBHI-p5_S5,101958
59,E111-e003Coalescence-mGAM-p5_S56,11,1269734,E8-e003Coalescence-mBHI-p5_S5,101958
60,E4-e003Coalescence-mGAM-p7_S147,3,441794,E8-e003Coalescence-mBHI-p5_S5,101958
61,G8-e003Coalescence-mBHI-p5_S29,8,724274,E8-e003Coalescence-mBHI-p5_S5,101958
62,E8-e003Coalescence-mBHI-p3_S105,9,1241202,E8-e003Coalescence-mBHI-p5_S5,101958
63,E8-e003Coalescence-mGAM-p7_S149,4,443489,E8-e003Coalescence-mBHI-p5_S5,101958
64,G9-e003Coalescence-mGAM-p3_S178,2366,597708,E8-e003Coalescence-mBHI-p5_S5,101958
65,H8-e003Coalescence-mGAM-p7_S185,12,1287125,E8-e003Coalescence-mBHI-p5_S5,101958
0,C9-e003Coalescence-mGAM-p3,28,745406,E9-e003Coalescence-mBHI-p5_S6,101958
1,A8-e003Coalescence-mBHI-p3,3741,1148611,E9-e003Coalescence-mBHI-p5_S6,101958
2,B9-e003Coalescence-mGAM-p5,46,1266654,E9-e003Coalescence-mBHI-p5_S6,101958
3,C8-e003Assembly-mGAM-p3,2255,691607,E9-e003Coalescence-mBHI-p5_S6,101958
4,C8-e003Assembly-mGAM-p5,1697,529291,E9-e003Coalescence-mBHI-p5_S6,101958
5,A11-e003Coalescence-mGAM-p7,2007,600457,E9-e003Coalescence-mBHI-p5_S6,101958
6,B11-e003Coalescence-mGAM-p3,49,1218073,E9-e003Coalescence-mBHI-p5_S6,101958
7,A2-e003Coalescence-Inoculumn-mGAM,3587,1120015,E9-e003Coalescence-mBHI-p5_S6,101958
8,D8-e003Coalescence-mGAM-p5,4232,1314015,E9-e003Coalescence-mBHI-p5_S6,101958
9,A12-e003Coalescence-mGAM-p3,3368,1039277,E9-e003Coalescence-mBHI-p5_S6,101958
10,B5-e003Coalescence-Inoculumn-mGAM,16,414446,E9-e003Coalescence-mBHI-p5_S6,101958
11,C9-e003Coalescence-mBHI-p3,30,938458,E9-e003Coalescence-mBHI-p5_S6,101958
12,C8-e003Coalescence-mBHI-p7,1941,594610,E9-e003Coalescence-mBHI-p5_S6,101958
13,D8-e003Coalescence-mBHI-p5,2021,614083,E9-e003Coalescence-mBHI-p5_S6,101958
14,B8-e003Assembly-mGAM-p3,1690,511311,E9-e003Coalescence-mBHI-p5_S6,101958
15,A8-e003Coalescence-mBHI-p7,1757,508703,E9-e003Coalescence-mBHI-p5_S6,101958
16,B2-e003Coalescence-Inoculumn-mGAM,2696,1049541,E9-e003Coalescence-mBHI-p5_S6,101958
17,A3-e003Coalescence-Inoculumn-mGAM,1127,560503,E9-e003Coalescence-mBHI-p5_S6,101958
18,A9-e003Coalescence-mBHI-p3,2484,1258192,E9-e003Coalescence-mBHI-p5_S6,101958
19,B9-e003Coalescence-mGAM-p7,42,898503,E9-e003Coalescence-mBHI-p5_S6,101958
20,C3-e003Coalescence-Inoculumn-mGAM,30,638925,E9-e003Coalescence-mBHI-p5_S6,101958
21,B10-e003Coalescence-mBHI-p3,43,972288,E9-e003Coalescence-mBHI-p5_S6,101958
22,A9-e003Coalescence-mBHI-p7,3171,1278174,E9-e003Coalescence-mBHI-p5_S6,101958
23,C2-e003Coalescence-Inoculumn-mGAM,1839,582785,E9-e003Coalescence-mBHI-p5_S6,101958
24,B3-e003Coalescence-Inoculumn-mGAM,49,1149670,E9-e003Coalescence-mBHI-p5_S6,101958
25,B4-e003Coalescence-Inoculumn-mGAM,47,1001069,E9-e003Coalescence-mBHI-p5_S6,101958
26,A2-e003Coalescence-mGAM-p5,3296,1011017,E9-e003Coalescence-mBHI-p5_S6,101958
27,B8-e003Coalescence-mGAM-p5,2435,928737,E9-e003Coalescence-mBHI-p5_S6,101958
28,A5-e003Coalescence-Inoculumn-mGAM,1652,521556,E9-e003Coalescence-mBHI-p5_S6,101958
29,B8-e003GlycerolRevival-mGAM-p2,1330,422751,E9-e003Coalescence-mBHI-p5_S6,101958
30,C8-e003Coalescence-mBHI-p5,4079,1271024,E9-e003Coalescence-mBHI-p5_S6,101958
31,B8-e003Coalescence-mGAM-p7,1789,820884,E9-e003Coalescence-mBHI-p5_S6,101958
32,D2-e003Coalescence-Inoculumn-mGAM,1945,604238,E9-e003Coalescence-mBHI-p5_S6,101958
33,D3-e003Coalescence-Inoculumn-mGAM,27,824536,E9-e003Coalescence-mBHI-p5_S6,101958
34,A11-e003Coalescence-mBHI-p3,4089,1273349,E9-e003Coalescence-mBHI-p5_S6,101958
35,A4-e003Coalescence-Inoculumn-mGAM,3914,1214206,E9-e003Coalescence-mBHI-p5_S6,101958
36,A9-e003Coalescence-mGAM-p5,2368,864112,E9-e003Coalescence-mBHI-p5_S6,101958
37,A11-e003Coalescence-mGAM-p3,4186,1299785,E9-e003Coalescence-mBHI-p5_S6,101958
38,E8-e003Coalescence-mBHI-p5_S5,1817,544751,E9-e003Coalescence-mBHI-p5_S6,101958
39,E9-e003Coalescence-mBHI-p5_S6,0,571529,E9-e003Coalescence-mBHI-p5_S6,101958
40,F111-e003Coalescence-mGAM-p5_S68,15,483352,E9-e003Coalescence-mBHI-p5_S6,101958
41,H2-e003Coalescence-mGAM-p7_S181,4086,1262475,E9-e003Coalescence-mBHI-p5_S6,101958
42,E100-e003Coalescence-mBHI-p7_S103,1199,380075,E9-e003Coalescence-mBHI-p5_S6,101958
43,F9-e003Coalescence-mGAM-p5_S66,29,1107465,E9-e003Coalescence-mBHI-p5_S6,101958
44,F111-e003Coalescence-mGAM-p7_S164,16,554759,E9-e003Coalescence-mBHI-p5_S6,101958
45,E111-e003Coalescence-mBHI-p5_S8,1274,418252,E9-e003Coalescence-mBHI-p5_S6,101958
46,H8-e003Coalescence-mBHI-p7_S137,3475,1076503,E9-e003Coalescence-mBHI-p5_S6,101958
47,E8-e003Coalescence-mBHI-p7_S101,1978,665052,E9-e003Coalescence-mBHI-p5_S6,101958
48,H8-e003Coalescence-mBHI-p5_S41,2582,806338,E9-e003Coalescence-mBHI-p5_S6,101958
49,E100-e003Coalescence-mBHI-p5_S7,1758,524284,E9-e003Coalescence-mBHI-p5_S6,101958
50,F9-e003Coalescence-mGAM-p7_S162,12,524905,E9-e003Coalescence-mBHI-p5_S6,101958
51,F8-e003Coalescence-mGAM-p7_S161,1222,455511,E9-e003Coalescence-mBHI-p5_S6,101958
52,G8-e003Coalescence-mBHI-p3_S129,1642,509674,E9-e003Coalescence-mBHI-p5_S6,101958
53,H8-e003Coalescence-mGAM-p5_S89,4076,1268328,E9-e003Coalescence-mBHI-p5_S6,101958
54,G100-e003Coalescence-mBHI-p3_S131,2048,612901,E9-e003Coalescence-mBHI-p5_S6,101958
55,E9-e003Coalescence-mGAM-p3_S154,1751,749107,E9-e003Coalescence-mBHI-p5_S6,101958
56,F111-e003Coalescence-mGAM-p3_S168,29,682972,E9-e003Coalescence-mBHI-p5_S6,101958
57,G8-e003Coalescence-mBHI-p7_S125,2209,697792,E9-e003Coalescence-mBHI-p5_S6,101958
58,E111-e003Coalescence-mBHI-p7_S104,1626,479608,E9-e003Coalescence-mBHI-p5_S6,101958
59,E111-e003Coalescence-mGAM-p5_S56,4108,1269734,E9-e003Coalescence-mBHI-p5_S6,101958
60,E4-e003Coalescence-mGAM-p7_S147,1375,441794,E9-e003Coalescence-mBHI-p5_S6,101958
61,G8-e003Coalescence-mBHI-p5_S29,2389,724274,E9-e003Coalescence-mBHI-p5_S6,101958
62,E8-e003Coalescence-mBHI-p3_S105,3992,1241202,E9-e003Coalescence-mBHI-p5_S6,101958
63,E8-e003Coalescence-mGAM-p7_S149,1397,443489,E9-e003Coalescence-mBHI-p5_S6,101958
64,G9-e003Coalescence-mGAM-p3_S178,15,597708,E9-e003Coalescence-mBHI-p5_S6,101958
65,H8-e003Coalescence-mGAM-p7_S185,4145,1287125,E9-e003Coalescence-mBHI-p5_S6,101958
0,C9-e003Coalescence-mGAM-p3,8,745406,F111-e003Coalescence-mGAM-p5_S68,101958
1,A8-e003Coalescence-mBHI-p3,3889,1148611,F111-e003Coalescence-mGAM-p5_S68,101958
2,B9-e003Coalescence-mGAM-p5,17,1266654,F111-e003Coalescence-mGAM-p5_S68,101958
3,C8-e003Assembly-mGAM-p3,2327,691607,F111-e003Coalescence-mGAM-p5_S68,101958
4,C8-e003Assembly-mGAM-p5,1745,529291,F111-e003Coalescence-mGAM-p5_S68,101958
5,A11-e003Coalescence-mGAM-p7,2089,600457,F111-e003Coalescence-mGAM-p5_S68,101958
6,B11-e003Coalescence-mGAM-p3,9,1218073,F111-e003Coalescence-mGAM-p5_S68,101958
7,A2-e003Coalescence-Inoculumn-mGAM,3766,1120015,F111-e003Coalescence-mGAM-p5_S68,101958
8,D8-e003Coalescence-mGAM-p5,4381,1314015,F111-e003Coalescence-mGAM-p5_S68,101958
9,A12-e003Coalescence-mGAM-p3,3576,1039277,F111-e003Coalescence-mGAM-p5_S68,101958
10,B5-e003Coalescence-Inoculumn-mGAM,3,414446,F111-e003Coalescence-mGAM-p5_S68,101958
11,C9-e003Coalescence-mBHI-p3,5,938458,F111-e003Coalescence-mGAM-p5_S68,101958
12,C8-e003Coalescence-mBHI-p7,2101,594610,F111-e003Coalescence-mGAM-p5_S68,101958
13,D8-e003Coalescence-mBHI-p5,1974,614083,F111-e003Coalescence-mGAM-p5_S68,101958
14,B8-e003Assembly-mGAM-p3,1803,511311,F111-e003Coalescence-mGAM-p5_S68,101958
15,A8-e003Coalescence-mBHI-p7,1686,508703,F111-e003Coalescence-mGAM-p5_S68,101958
16,B2-e003Coalescence-Inoculumn-mGAM,2836,1049541,F111-e003Coalescence-mGAM-p5_S68,101958
17,A3-e003Coalescence-Inoculumn-mGAM,1186,560503,F111-e003Coalescence-mGAM-p5_S68,101958
18,A9-e003Coalescence-mBHI-p3,2634,1258192,F111-e003Coalescence-mGAM-p5_S68,101958
19,B9-e003Coalescence-mGAM-p7,10,898503,F111-e003Coalescence-mGAM-p5_S68,101958
20,C3-e003Coalescence-Inoculumn-mGAM,15,638925,F111-e003Coalescence-mGAM-p5_S68,101958
21,B10-e003Coalescence-mBHI-p3,14,972288,F111-e003Coalescence-mGAM-p5_S68,101958
22,A9-e003Coalescence-mBHI-p7,3347,1278174,F111-e003Coalescence-mGAM-p5_S68,101958
23,C2-e003Coalescence-Inoculumn-mGAM,1961,582785,F111-e003Coalescence-mGAM-p5_S68,101958
24,B3-e003Coalescence-Inoculumn-mGAM,8,1149670,F111-e003Coalescence-mGAM-p5_S68,101958
25,B4-e003Coalescence-Inoculumn-mGAM,19,1001069,F111-e003Coalescence-mGAM-p5_S68,101958
26,A2-e003Coalescence-mGAM-p5,3418,1011017,F111-e003Coalescence-mGAM-p5_S68,101958
27,B8-e003Coalescence-mGAM-p5,2552,928737,F111-e003Coalescence-mGAM-p5_S68,101958
28,A5-e003Coalescence-Inoculumn-mGAM,1777,521556,F111-e003Coalescence-mGAM-p5_S68,101958
29,B8-e003GlycerolRevival-mGAM-p2,1417,422751,F111-e003Coalescence-mGAM-p5_S68,101958
30,C8-e003Coalescence-mBHI-p5,4221,1271024,F111-e003Coalescence-mGAM-p5_S68,101958
31,B8-e003Coalescence-mGAM-p7,1806,820884,F111-e003Coalescence-mGAM-p5_S68,101958
32,D2-e003Coalescence-Inoculumn-mGAM,2116,604238,F111-e003Coalescence-mGAM-p5_S68,101958
33,D3-e003Coalescence-Inoculumn-mGAM,5,824536,F111-e003Coalescence-mGAM-p5_S68,101958
34,A11-e003Coalescence-mBHI-p3,4245,1273349,F111-e003Coalescence-mGAM-p5_S68,101958
35,A4-e003Coalescence-Inoculumn-mGAM,4033,1214206,F111-e003Coalescence-mGAM-p5_S68,101958
36,A9-e003Coalescence-mGAM-p5,2506,864112,F111-e003Coalescence-mGAM-p5_S68,101958
37,A11-e003Coalescence-mGAM-p3,4362,1299785,F111-e003Coalescence-mGAM-p5_S68,101958
38,E8-e003Coalescence-mBHI-p5_S5,1814,544751,F111-e003Coalescence-mGAM-p5_S68,101958
39,E9-e003Coalescence-mBHI-p5_S6,137,571529,F111-e003Coalescence-mGAM-p5_S68,101958
40,F111-e003Coalescence-mGAM-p5_S68,0,483352,F111-e003Coalescence-mGAM-p5_S68,101958
41,H2-e003Coalescence-mGAM-p7_S181,4212,1262475,F111-e003Coalescence-mGAM-p5_S68,101958
42,E100-e003Coalescence-mBHI-p7_S103,1329,380075,F111-e003Coalescence-mGAM-p5_S68,101958
43,F9-e003Coalescence-mGAM-p5_S66,2,1107465,F111-e003Coalescence-mGAM-p5_S68,101958
44,F111-e003Coalescence-mGAM-p7_S164,0,554759,F111-e003Coalescence-mGAM-p5_S68,101958
45,E111-e003Coalescence-mBHI-p5_S8,1345,418252,F111-e003Coalescence-mGAM-p5_S68,101958
46,H8-e003Coalescence-mBHI-p7_S137,3640,1076503,F111-e003Coalescence-mGAM-p5_S68,101958
47,E8-e003Coalescence-mBHI-p7_S101,2057,665052,F111-e003Coalescence-mGAM-p5_S68,101958
48,H8-e003Coalescence-mBHI-p5_S41,2696,806338,F111-e003Coalescence-mGAM-p5_S68,101958
49,E100-e003Coalescence-mBHI-p5_S7,1811,524284,F111-e003Coalescence-mGAM-p5_S68,101958
50,F9-e003Coalescence-mGAM-p7_S162,0,524905,F111-e003Coalescence-mGAM-p5_S68,101958
51,F8-e003Coalescence-mGAM-p7_S161,1434,455511,F111-e003Coalescence-mGAM-p5_S68,101958
52,G8-e003Coalescence-mBHI-p3_S129,1786,509674,F111-e003Coalescence-mGAM-p5_S68,101958
53,H8-e003Coalescence-mGAM-p5_S89,4218,1268328,F111-e003Coalescence-mGAM-p5_S68,101958
54,G100-e003Coalescence-mBHI-p3_S131,2190,612901,F111-e003Coalescence-mGAM-p5_S68,101958
55,E9-e003Coalescence-mGAM-p3_S154,1862,749107,F111-e003Coalescence-mGAM-p5_S68,101958
56,F111-e003Coalescence-mGAM-p3_S168,10,682972,F111-e003Coalescence-mGAM-p5_S68,101958
57,G8-e003Coalescence-mBHI-p7_S125,2407,697792,F111-e003Coalescence-mGAM-p5_S68,101958
58,E111-e003Coalescence-mBHI-p7_S104,1590,479608,F111-e003Coalescence-mGAM-p5_S68,101958
59,E111-e003Coalescence-mGAM-p5_S56,4251,1269734,F111-e003Coalescence-mGAM-p5_S68,101958
60,E4-e003Coalescence-mGAM-p7_S147,1490,441794,F111-e003Coalescence-mGAM-p5_S68,101958
61,G8-e003Coalescence-mBHI-p5_S29,2491,724274,F111-e003Coalescence-mGAM-p5_S68,101958
62,E8-e003Coalescence-mBHI-p3_S105,4138,1241202,F111-e003Coalescence-mGAM-p5_S68,101958
63,E8-e003Coalescence-mGAM-p7_S149,1575,443489,F111-e003Coalescence-mGAM-p5_S68,101958
64,G9-e003Coalescence-mGAM-p3_S178,0,597708,F111-e003Coalescence-mGAM-p5_S68,101958
65,H8-e003Coalescence-mGAM-p7_S185,4300,1287125,F111-e003Coalescence-mGAM-p5_S68,101958
0,C9-e003Coalescence-mGAM-p3,6610,745406,H2-e003Coalescence-mGAM-p7_S181,101958
1,A8-e003Coalescence-mBHI-p3,44,1148611,H2-e003Coalescence-mGAM-p7_S181,101958
2,B9-e003Coalescence-mGAM-p5,11777,1266654,H2-e003Coalescence-mGAM-p7_S181,101958
3,C8-e003Assembly-mGAM-p3,13,691607,H2-e003Coalescence-mGAM-p7_S181,101958
4,C8-e003Assembly-mGAM-p5,19,529291,H2-e003Coalescence-mGAM-p7_S181,101958
5,A11-e003Coalescence-mGAM-p7,21,600457,H2-e003Coalescence-mGAM-p7_S181,101958
6,B11-e003Coalescence-mGAM-p3,11341,1218073,H2-e003Coalescence-mGAM-p7_S181,101958
7,A2-e003Coalescence-Inoculumn-mGAM,39,1120015,H2-e003Coalescence-mGAM-p7_S181,101958
8,D8-e003Coalescence-mGAM-p5,46,1314015,H2-e003Coalescence-mGAM-p7_S181,101958
9,A12-e003Coalescence-mGAM-p3,39,1039277,H2-e003Coalescence-mGAM-p7_S181,101958
10,B5-e003Coalescence-Inoculumn-mGAM,3667,414446,H2-e003Coalescence-mGAM-p7_S181,101958
11,C9-e003Coalescence-mBHI-p3,8591,938458,H2-e003Coalescence-mGAM-p7_S181,101958
12,C8-e003Coalescence-mBHI-p7,21,594610,H2-e003Coalescence-mGAM-p7_S181,101958
13,D8-e003Coalescence-mBHI-p5,24,614083,H2-e003Coalescence-mGAM-p7_S181,101958
14,B8-e003Assembly-mGAM-p3,9,511311,H2-e003Coalescence-mGAM-p7_S181,101958
15,A8-e003Coalescence-mBHI-p7,27,508703,H2-e003Coalescence-mGAM-p7_S181,101958
16,B2-e003Coalescence-Inoculumn-mGAM,870,1049541,H2-e003Coalescence-mGAM-p7_S181,101958
17,A3-e003Coalescence-Inoculumn-mGAM,625,560503,H2-e003Coalescence-mGAM-p7_S181,101958
18,A9-e003Coalescence-mBHI-p3,3992,1258192,H2-e003Coalescence-mGAM-p7_S181,101958
19,B9-e003Coalescence-mGAM-p7,8399,898503,H2-e003Coalescence-mGAM-p7_S181,101958
20,C3-e003Coalescence-Inoculumn-mGAM,5782,638925,H2-e003Coalescence-mGAM-p7_S181,101958
21,B10-e003Coalescence-mBHI-p3,8793,972288,H2-e003Coalescence-mGAM-p7_S181,101958
22,A9-e003Coalescence-mBHI-p7,2187,1278174,H2-e003Coalescence-mGAM-p7_S181,101958
23,C2-e003Coalescence-Inoculumn-mGAM,27,582785,H2-e003Coalescence-mGAM-p7_S181,101958
24,B3-e003Coalescence-Inoculumn-mGAM,10598,1149670,H2-e003Coalescence-mGAM-p7_S181,101958
25,B4-e003Coalescence-Inoculumn-mGAM,9112,1001069,H2-e003Coalescence-mGAM-p7_S181,101958
26,A2-e003Coalescence-mGAM-p5,38,1011017,H2-e003Coalescence-mGAM-p7_S181,101958
27,B8-e003Coalescence-mGAM-p5,374,928737,H2-e003Coalescence-mGAM-p7_S181,101958
28,A5-e003Coalescence-Inoculumn-mGAM,16,521556,H2-e003Coalescence-mGAM-p7_S181,101958
29,B8-e003GlycerolRevival-mGAM-p2,15,422751,H2-e003Coalescence-mGAM-p7_S181,101958
30,C8-e003Coalescence-mBHI-p5,44,1271024,H2-e003Coalescence-mGAM-p7_S181,101958
31,B8-e003Coalescence-mGAM-p7,980,820884,H2-e003Coalescence-mGAM-p7_S181,101958
32,D2-e003Coalescence-Inoculumn-mGAM,19,604238,H2-e003Coalescence-mGAM-p7_S181,101958
33,D3-e003Coalescence-Inoculumn-mGAM,7639,824536,H2-e003Coalescence-mGAM-p7_S181,101958
34,A11-e003Coalescence-mBHI-p3,50,1273349,H2-e003Coalescence-mGAM-p7_S181,101958
35,A4-e003Coalescence-Inoculumn-mGAM,45,1214206,H2-e003Coalescence-mGAM-p7_S181,101958
36,A9-e003Coalescence-mGAM-p5,200,864112,H2-e003Coalescence-mGAM-p7_S181,101958
37,A11-e003Coalescence-mGAM-p3,44,1299785,H2-e003Coalescence-mGAM-p7_S181,101958
38,E8-e003Coalescence-mBHI-p5_S5,4,544751,H2-e003Coalescence-mGAM-p7_S181,101958
39,E9-e003Coalescence-mBHI-p5_S6,4083,571529,H2-e003Coalescence-mGAM-p7_S181,101958
40,F111-e003Coalescence-mGAM-p5_S68,4212,483352,H2-e003Coalescence-mGAM-p7_S181,101958
41,H2-e003Coalescence-mGAM-p7_S181,0,1262475,H2-e003Coalescence-mGAM-p7_S181,101958
42,E100-e003Coalescence-mBHI-p7_S103,2,380075,H2-e003Coalescence-mGAM-p7_S181,101958
43,F9-e003Coalescence-mGAM-p5_S66,10033,1107465,H2-e003Coalescence-mGAM-p7_S181,101958
44,F111-e003Coalescence-mGAM-p7_S164,5025,554759,H2-e003Coalescence-mGAM-p7_S181,101958
45,E111-e003Coalescence-mBHI-p5_S8,3,418252,H2-e003Coalescence-mGAM-p7_S181,101958
46,H8-e003Coalescence-mBHI-p7_S137,7,1076503,H2-e003Coalescence-mGAM-p7_S181,101958
47,E8-e003Coalescence-mBHI-p7_S101,9,665052,H2-e003Coalescence-mGAM-p7_S181,101958
48,H8-e003Coalescence-mBHI-p5_S41,4,806338,H2-e003Coalescence-mGAM-p7_S181,101958
49,E100-e003Coalescence-mBHI-p5_S7,6,524284,H2-e003Coalescence-mGAM-p7_S181,101958
50,F9-e003Coalescence-mGAM-p7_S162,4761,524905,H2-e003Coalescence-mGAM-p7_S181,101958
51,F8-e003Coalescence-mGAM-p7_S161,17,455511,H2-e003Coalescence-mGAM-p7_S181,101958
52,G8-e003Coalescence-mBHI-p3_S129,8,509674,H2-e003Coalescence-mGAM-p7_S181,101958
53,H8-e003Coalescence-mGAM-p5_S89,10,1268328,H2-e003Coalescence-mGAM-p7_S181,101958
54,G100-e003Coalescence-mBHI-p3_S131,2,612901,H2-e003Coalescence-mGAM-p7_S181,101958
55,E9-e003Coalescence-mGAM-p3_S154,444,749107,H2-e003Coalescence-mGAM-p7_S181,101958
56,F111-e003Coalescence-mGAM-p3_S168,6010,682972,H2-e003Coalescence-mGAM-p7_S181,101958
57,G8-e003Coalescence-mBHI-p7_S125,1,697792,H2-e003Coalescence-mGAM-p7_S181,101958
58,E111-e003Coalescence-mBHI-p7_S104,0,479608,H2-e003Coalescence-mGAM-p7_S181,101958
59,E111-e003Coalescence-mGAM-p5_S56,6,1269734,H2-e003Coalescence-mGAM-p7_S181,101958
60,E4-e003Coalescence-mGAM-p7_S147,3,441794,H2-e003Coalescence-mGAM-p7_S181,101958
61,G8-e003Coalescence-mBHI-p5_S29,1,724274,H2-e003Coalescence-mGAM-p7_S181,101958
62,E8-e003Coalescence-mBHI-p3_S105,7,1241202,H2-e003Coalescence-mGAM-p7_S181,101958
63,E8-e003Coalescence-mGAM-p7_S149,1,443489,H2-e003Coalescence-mGAM-p7_S181,101958
64,G9-e003Coalescence-mGAM-p3_S178,5243,597708,H2-e003Coalescence-mGAM-p7_S181,101958
65,H8-e003Coalescence-mGAM-p7_S185,7,1287125,H2-e003Coalescence-mGAM-p7_S181,101958
0,C9-e003Coalescence-mGAM-p3,1964,745406,E100-e003Coalescence-mBHI-p7_S103,101958
1,A8-e003Coalescence-mBHI-p3,25,1148611,E100-e003Coalescence-mBHI-p7_S103,101958
2,B9-e003Coalescence-mGAM-p5,3411,1266654,E100-e003Coalescence-mBHI-p7_S103,101958
3,C8-e003Assembly-mGAM-p3,14,691607,E100-e003Coalescence-mBHI-p7_S103,101958
4,C8-e003Assembly-mGAM-p5,14,529291,E100-e003Coalescence-mBHI-p7_S103,101958
5,A11-e003Coalescence-mGAM-p7,11,600457,E100-e003Coalescence-mBHI-p7_S103,101958
6,B11-e003Coalescence-mGAM-p3,3299,1218073,E100-e003Coalescence-mBHI-p7_S103,101958
7,A2-e003Coalescence-Inoculumn-mGAM,20,1120015,E100-e003Coalescence-mBHI-p7_S103,101958
8,D8-e003Coalescence-mGAM-p5,25,1314015,E100-e003Coalescence-mBHI-p7_S103,101958
9,A12-e003Coalescence-mGAM-p3,24,1039277,E100-e003Coalescence-mBHI-p7_S103,101958
10,B5-e003Coalescence-Inoculumn-mGAM,1038,414446,E100-e003Coalescence-mBHI-p7_S103,101958
11,C9-e003Coalescence-mBHI-p3,2530,938458,E100-e003Coalescence-mBHI-p7_S103,101958
12,C8-e003Coalescence-mBHI-p7,13,594610,E100-e003Coalescence-mBHI-p7_S103,101958
13,D8-e003Coalescence-mBHI-p5,12,614083,E100-e003Coalescence-mBHI-p7_S103,101958
14,B8-e003Assembly-mGAM-p3,6,511311,E100-e003Coalescence-mBHI-p7_S103,101958
15,A8-e003Coalescence-mBHI-p7,15,508703,E100-e003Coalescence-mBHI-p7_S103,101958
16,B2-e003Coalescence-Inoculumn-mGAM,212,1049541,E100-e003Coalescence-mBHI-p7_S103,101958
17,A3-e003Coalescence-Inoculumn-mGAM,195,560503,E100-e003Coalescence-mBHI-p7_S103,101958
18,A9-e003Coalescence-mBHI-p3,1053,1258192,E100-e003Coalescence-mBHI-p7_S103,101958
19,B9-e003Coalescence-mGAM-p7,2527,898503,E100-e003Coalescence-mBHI-p7_S103,101958
20,C3-e003Coalescence-Inoculumn-mGAM,1695,638925,E100-e003Coalescence-mBHI-p7_S103,101958
21,B10-e003Coalescence-mBHI-p3,2547,972288,E100-e003Coalescence-mBHI-p7_S103,101958
22,A9-e003Coalescence-mBHI-p7,550,1278174,E100-e003Coalescence-mBHI-p7_S103,101958
23,C2-e003Coalescence-Inoculumn-mGAM,14,582785,E100-e003Coalescence-mBHI-p7_S103,101958
24,B3-e003Coalescence-Inoculumn-mGAM,3085,1149670,E100-e003Coalescence-mBHI-p7_S103,101958
25,B4-e003Coalescence-Inoculumn-mGAM,2660,1001069,E100-e003Coalescence-mBHI-p7_S103,101958
26,A2-e003Coalescence-mGAM-p5,24,1011017,E100-e003Coalescence-mBHI-p7_S103,101958
27,B8-e003Coalescence-mGAM-p5,103,928737,E100-e003Coalescence-mBHI-p7_S103,101958
28,A5-e003Coalescence-Inoculumn-mGAM,13,521556,E100-e003Coalescence-mBHI-p7_S103,101958
29,B8-e003GlycerolRevival-mGAM-p2,9,422751,E100-e003Coalescence-mBHI-p7_S103,101958
30,C8-e003Coalescence-mBHI-p5,29,1271024,E100-e003Coalescence-mBHI-p7_S103,101958
31,B8-e003Coalescence-mGAM-p7,346,820884,E100-e003Coalescence-mBHI-p7_S103,101958
32,D2-e003Coalescence-Inoculumn-mGAM,15,604238,E100-e003Coalescence-mBHI-p7_S103,101958
33,D3-e003Coalescence-Inoculumn-mGAM,2275,824536,E100-e003Coalescence-mBHI-p7_S103,101958
34,A11-e003Coalescence-mBHI-p3,23,1273349,E100-e003Coalescence-mBHI-p7_S103,101958
35,A4-e003Coalescence-Inoculumn-mGAM,26,1214206,E100-e003Coalescence-mBHI-p7_S103,101958
36,A9-e003Coalescence-mGAM-p5,63,864112,E100-e003Coalescence-mBHI-p7_S103,101958
37,A11-e003Coalescence-mGAM-p3,29,1299785,E100-e003Coalescence-mBHI-p7_S103,101958
38,E8-e003Coalescence-mBHI-p5_S5,6,544751,E100-e003Coalescence-mBHI-p7_S103,101958
39,E9-e003Coalescence-mBHI-p5_S6,1199,571529,E100-e003Coalescence-mBHI-p7_S103,101958
40,F111-e003Coalescence-mGAM-p5_S68,1332,483352,E100-e003Coalescence-mBHI-p7_S103,101958
41,H2-e003Coalescence-mGAM-p7_S181,14,1262475,E100-e003Coalescence-mBHI-p7_S103,101958
42,E100-e003Coalescence-mBHI-p7_S103,0,380075,E100-e003Coalescence-mBHI-p7_S103,101958
43,F9-e003Coalescence-mGAM-p5_S66,2981,1107465,E100-e003Coalescence-mBHI-p7_S103,101958
44,F111-e003Coalescence-mGAM-p7_S164,1543,554759,E100-e003Coalescence-mBHI-p7_S103,101958
45,E111-e003Coalescence-mBHI-p5_S8,2,418252,E100-e003Coalescence-mBHI-p7_S103,101958
46,H8-e003Coalescence-mBHI-p7_S137,4,1076503,E100-e003Coalescence-mBHI-p7_S103,101958
47,E8-e003Coalescence-mBHI-p7_S101,11,665052,E100-e003Coalescence-mBHI-p7_S103,101958
48,H8-e003Coalescence-mBHI-p5_S41,6,806338,E100-e003Coalescence-mBHI-p7_S103,101958
49,E100-e003Coalescence-mBHI-p5_S7,9,524284,E100-e003Coalescence-mBHI-p7_S103,101958
50,F9-e003Coalescence-mGAM-p7_S162,1444,524905,E100-e003Coalescence-mBHI-p7_S103,101958
51,F8-e003Coalescence-mGAM-p7_S161,11,455511,E100-e003Coalescence-mBHI-p7_S103,101958
52,G8-e003Coalescence-mBHI-p3_S129,5,509674,E100-e003Coalescence-mBHI-p7_S103,101958
53,H8-e003Coalescence-mGAM-p5_S89,11,1268328,E100-e003Coalescence-mBHI-p7_S103,101958
54,G100-e003Coalescence-mBHI-p3_S131,2,612901,E100-e003Coalescence-mBHI-p7_S103,101958
55,E9-e003Coalescence-mGAM-p3_S154,122,749107,E100-e003Coalescence-mBHI-p7_S103,101958
56,F111-e003Coalescence-mGAM-p3_S168,1864,682972,E100-e003Coalescence-mBHI-p7_S103,101958
57,G8-e003Coalescence-mBHI-p7_S125,10,697792,E100-e003Coalescence-mBHI-p7_S103,101958
58,E111-e003Coalescence-mBHI-p7_S104,3,479608,E100-e003Coalescence-mBHI-p7_S103,101958
59,E111-e003Coalescence-mGAM-p5_S56,12,1269734,E100-e003Coalescence-mBHI-p7_S103,101958
60,E4-e003Coalescence-mGAM-p7_S147,1,441794,E100-e003Coalescence-mBHI-p7_S103,101958
61,G8-e003Coalescence-mBHI-p5_S29,6,724274,E100-e003Coalescence-mBHI-p7_S103,101958
62,E8-e003Coalescence-mBHI-p3_S105,13,1241202,E100-e003Coalescence-mBHI-p7_S103,101958
63,E8-e003Coalescence-mGAM-p7_S149,9,443489,E100-e003Coalescence-mBHI-p7_S103,101958
64,G9-e003Coalescence-mGAM-p3_S178,1594,597708,E100-e003Coalescence-mBHI-p7_S103,101958
65,H8-e003Coalescence-mGAM-p7_S185,11,1287125,E100-e003Coalescence-mBHI-p7_S103,101958
0,C9-e003Coalescence-mGAM-p3,19,745406,F9-e003Coalescence-mGAM-p5_S66,101958
1,A8-e003Coalescence-mBHI-p3,9295,1148611,F9-e003Coalescence-mGAM-p5_S66,101958
2,B9-e003Coalescence-mGAM-p5,47,1266654,F9-e003Coalescence-mGAM-p5_S66,101958
3,C8-e003Assembly-mGAM-p3,5374,691607,F9-e003Coalescence-mGAM-p5_S66,101958
4,C8-e003Assembly-mGAM-p5,4140,529291,F9-e003Coalescence-mGAM-p5_S66,101958
5,A11-e003Coalescence-mGAM-p7,4786,600457,F9-e003Coalescence-mGAM-p5_S66,101958
6,B11-e003Coalescence-mGAM-p3,51,1218073,F9-e003Coalescence-mGAM-p5_S66,101958
7,A2-e003Coalescence-Inoculumn-mGAM,8941,1120015,F9-e003Coalescence-mGAM-p5_S66,101958
8,D8-e003Coalescence-mGAM-p5,10505,1314015,F9-e003Coalescence-mGAM-p5_S66,101958
9,A12-e003Coalescence-mGAM-p3,8325,1039277,F9-e003Coalescence-mGAM-p5_S66,101958
10,B5-e003Coalescence-Inoculumn-mGAM,11,414446,F9-e003Coalescence-mGAM-p5_S66,101958
11,C9-e003Coalescence-mBHI-p3,26,938458,F9-e003Coalescence-mGAM-p5_S66,101958
12,C8-e003Coalescence-mBHI-p7,4905,594610,F9-e003Coalescence-mGAM-p5_S66,101958
13,D8-e003Coalescence-mBHI-p5,4725,614083,F9-e003Coalescence-mGAM-p5_S66,101958
14,B8-e003Assembly-mGAM-p3,4171,511311,F9-e003Coalescence-mGAM-p5_S66,101958
15,A8-e003Coalescence-mBHI-p7,4144,508703,F9-e003Coalescence-mGAM-p5_S66,101958
16,B2-e003Coalescence-Inoculumn-mGAM,6629,1049541,F9-e003Coalescence-mGAM-p5_S66,101958
17,A3-e003Coalescence-Inoculumn-mGAM,2728,560503,F9-e003Coalescence-mGAM-p5_S66,101958
18,A9-e003Coalescence-mBHI-p3,6167,1258192,F9-e003Coalescence-mGAM-p5_S66,101958
19,B9-e003Coalescence-mGAM-p7,33,898503,F9-e003Coalescence-mGAM-p5_S66,101958
20,C3-e003Coalescence-Inoculumn-mGAM,36,638925,F9-e003Coalescence-mGAM-p5_S66,101958
21,B10-e003Coalescence-mBHI-p3,36,972288,F9-e003Coalescence-mGAM-p5_S66,101958
22,A9-e003Coalescence-mBHI-p7,7806,1278174,F9-e003Coalescence-mGAM-p5_S66,101958
23,C2-e003Coalescence-Inoculumn-mGAM,4644,582785,F9-e003Coalescence-mGAM-p5_S66,101958
24,B3-e003Coalescence-Inoculumn-mGAM,36,1149670,F9-e003Coalescence-mGAM-p5_S66,101958
25,B4-e003Coalescence-Inoculumn-mGAM,49,1001069,F9-e003Coalescence-mGAM-p5_S66,101958
26,A2-e003Coalescence-mGAM-p5,8118,1011017,F9-e003Coalescence-mGAM-p5_S66,101958
27,B8-e003Coalescence-mGAM-p5,5891,928737,F9-e003Coalescence-mGAM-p5_S66,101958
28,A5-e003Coalescence-Inoculumn-mGAM,4084,521556,F9-e003Coalescence-mGAM-p5_S66,101958
29,B8-e003GlycerolRevival-mGAM-p2,3358,422751,F9-e003Coalescence-mGAM-p5_S66,101958
30,C8-e003Coalescence-mBHI-p5,10142,1271024,F9-e003Coalescence-mGAM-p5_S66,101958
31,B8-e003Coalescence-mGAM-p7,4251,820884,F9-e003Coalescence-mGAM-p5_S66,101958
32,D2-e003Coalescence-Inoculumn-mGAM,4803,604238,F9-e003Coalescence-mGAM-p5_S66,101958
33,D3-e003Coalescence-Inoculumn-mGAM,29,824536,F9-e003Coalescence-mGAM-p5_S66,101958
34,A11-e003Coalescence-mBHI-p3,10172,1273349,F9-e003Coalescence-mGAM-p5_S66,101958
35,A4-e003Coalescence-Inoculumn-mGAM,9678,1214206,F9-e003Coalescence-mGAM-p5_S66,101958
36,A9-e003Coalescence-mGAM-p5,5859,864112,F9-e003Coalescence-mGAM-p5_S66,101958
37,A11-e003Coalescence-mGAM-p3,10415,1299785,F9-e003Coalescence-mGAM-p5_S66,101958
38,E8-e003Coalescence-mBHI-p5_S5,4373,544751,F9-e003Coalescence-mGAM-p5_S66,101958
39,E9-e003Coalescence-mBHI-p5_S6,274,571529,F9-e003Coalescence-mGAM-p5_S66,101958
40,F111-e003Coalescence-mGAM-p5_S68,2,483352,F9-e003Coalescence-mGAM-p5_S66,101958
41,H2-e003Coalescence-mGAM-p7_S181,10038,1262475,F9-e003Coalescence-mGAM-p5_S66,101958
42,E100-e003Coalescence-mBHI-p7_S103,2981,380075,F9-e003Coalescence-mGAM-p5_S66,101958
43,F9-e003Coalescence-mGAM-p5_S66,0,1107465,F9-e003Coalescence-mGAM-p5_S66,101958
44,F111-e003Coalescence-mGAM-p7_S164,1,554759,F9-e003Coalescence-mGAM-p5_S66,101958
45,E111-e003Coalescence-mBHI-p5_S8,3208,418252,F9-e003Coalescence-mGAM-p5_S66,101958
46,H8-e003Coalescence-mBHI-p7_S137,8609,1076503,F9-e003Coalescence-mGAM-p5_S66,101958
47,E8-e003Coalescence-mBHI-p7_S101,4758,665052,F9-e003Coalescence-mGAM-p5_S66,101958
48,H8-e003Coalescence-mBHI-p5_S41,6320,806338,F9-e003Coalescence-mGAM-p5_S66,101958
49,E100-e003Coalescence-mBHI-p5_S7,4131,524284,F9-e003Coalescence-mGAM-p5_S66,101958
50,F9-e003Coalescence-mGAM-p7_S162,4,524905,F9-e003Coalescence-mGAM-p5_S66,101958
51,F8-e003Coalescence-mGAM-p7_S161,3115,455511,F9-e003Coalescence-mGAM-p5_S66,101958
52,G8-e003Coalescence-mBHI-p3_S129,4048,509674,F9-e003Coalescence-mGAM-p5_S66,101958
53,H8-e003Coalescence-mGAM-p5_S89,10106,1268328,F9-e003Coalescence-mGAM-p5_S66,101958
54,G100-e003Coalescence-mBHI-p3_S131,4905,612901,F9-e003Coalescence-mGAM-p5_S66,101958
55,E9-e003Coalescence-mGAM-p3_S154,4205,749107,F9-e003Coalescence-mGAM-p5_S66,101958
56,F111-e003Coalescence-mGAM-p3_S168,5,682972,F9-e003Coalescence-mGAM-p5_S66,101958
57,G8-e003Coalescence-mBHI-p7_S125,5491,697792,F9-e003Coalescence-mGAM-p5_S66,101958
58,E111-e003Coalescence-mBHI-p7_S104,3704,479608,F9-e003Coalescence-mGAM-p5_S66,101958
59,E111-e003Coalescence-mGAM-p5_S56,10156,1269734,F9-e003Coalescence-mGAM-p5_S66,101958
60,E4-e003Coalescence-mGAM-p7_S147,3321,441794,F9-e003Coalescence-mGAM-p5_S66,101958
61,G8-e003Coalescence-mBHI-p5_S29,5752,724274,F9-e003Coalescence-mGAM-p5_S66,101958
62,E8-e003Coalescence-mBHI-p3_S105,9893,1241202,F9-e003Coalescence-mGAM-p5_S66,101958
63,E8-e003Coalescence-mGAM-p7_S149,3391,443489,F9-e003Coalescence-mGAM-p5_S66,101958
64,G9-e003Coalescence-mGAM-p3_S178,0,597708,F9-e003Coalescence-mGAM-p5_S66,101958
65,H8-e003Coalescence-mGAM-p7_S185,10259,1287125,F9-e003Coalescence-mGAM-p5_S66,101958
0,C9-e003Coalescence-mGAM-p3,13,745406,F111-e003Coalescence-mGAM-p7_S164,101958
1,A8-e003Coalescence-mBHI-p3,4634,1148611,F111-e003Coalescence-mGAM-p7_S164,101958
2,B9-e003Coalescence-mGAM-p5,18,1266654,F111-e003Coalescence-mGAM-p7_S164,101958
3,C8-e003Assembly-mGAM-p3,2836,691607,F111-e003Coalescence-mGAM-p7_S164,101958
4,C8-e003Assembly-mGAM-p5,2056,529291,F111-e003Coalescence-mGAM-p7_S164,101958
5,A11-e003Coalescence-mGAM-p7,2479,600457,F111-e003Coalescence-mGAM-p7_S164,101958
6,B11-e003Coalescence-mGAM-p3,22,1218073,F111-e003Coalescence-mGAM-p7_S164,101958
7,A2-e003Coalescence-Inoculumn-mGAM,4469,1120015,F111-e003Coalescence-mGAM-p7_S164,101958
8,D8-e003Coalescence-mGAM-p5,5223,1314015,F111-e003Coalescence-mGAM-p7_S164,101958
9,A12-e003Coalescence-mGAM-p3,4220,1039277,F111-e003Coalescence-mGAM-p7_S164,101958
10,B5-e003Coalescence-Inoculumn-mGAM,3,414446,F111-e003Coalescence-mGAM-p7_S164,101958
11,C9-e003Coalescence-mBHI-p3,12,938458,F111-e003Coalescence-mGAM-p7_S164,101958
12,C8-e003Coalescence-mBHI-p7,2440,594610,F111-e003Coalescence-mGAM-p7_S164,101958
13,D8-e003Coalescence-mBHI-p5,2414,614083,F111-e003Coalescence-mGAM-p7_S164,101958
14,B8-e003Assembly-mGAM-p3,2140,511311,F111-e003Coalescence-mGAM-p7_S164,101958
15,A8-e003Coalescence-mBHI-p7,2100,508703,F111-e003Coalescence-mGAM-p7_S164,101958
16,B2-e003Coalescence-Inoculumn-mGAM,3360,1049541,F111-e003Coalescence-mGAM-p7_S164,101958
17,A3-e003Coalescence-Inoculumn-mGAM,1365,560503,F111-e003Coalescence-mGAM-p7_S164,101958
18,A9-e003Coalescence-mBHI-p3,3120,1258192,F111-e003Coalescence-mGAM-p7_S164,101958
19,B9-e003Coalescence-mGAM-p7,17,898503,F111-e003Coalescence-mGAM-p7_S164,101958
20,C3-e003Coalescence-Inoculumn-mGAM,13,638925,F111-e003Coalescence-mGAM-p7_S164,101958
21,B10-e003Coalescence-mBHI-p3,21,972288,F111-e003Coalescence-mGAM-p7_S164,101958
22,A9-e003Coalescence-mBHI-p7,3942,1278174,F111-e003Coalescence-mGAM-p7_S164,101958
23,C2-e003Coalescence-Inoculumn-mGAM,2435,582785,F111-e003Coalescence-mGAM-p7_S164,101958
24,B3-e003Coalescence-Inoculumn-mGAM,16,1149670,F111-e003Coalescence-mGAM-p7_S164,101958
25,B4-e003Coalescence-Inoculumn-mGAM,21,1001069,F111-e003Coalescence-mGAM-p7_S164,101958
26,A2-e003Coalescence-mGAM-p5,4166,1011017,F111-e003Coalescence-mGAM-p7_S164,101958
27,B8-e003Coalescence-mGAM-p5,2989,928737,F111-e003Coalescence-mGAM-p7_S164,101958
28,A5-e003Coalescence-Inoculumn-mGAM,2013,521556,F111-e003Coalescence-mGAM-p7_S164,101958
29,B8-e003GlycerolRevival-mGAM-p2,1723,422751,F111-e003Coalescence-mGAM-p7_S164,101958
30,C8-e003Coalescence-mBHI-p5,5088,1271024,F111-e003Coalescence-mGAM-p7_S164,101958
31,B8-e003Coalescence-mGAM-p7,2136,820884,F111-e003Coalescence-mGAM-p7_S164,101958
32,D2-e003Coalescence-Inoculumn-mGAM,2387,604238,F111-e003Coalescence-mGAM-p7_S164,101958
33,D3-e003Coalescence-Inoculumn-mGAM,13,824536,F111-e003Coalescence-mGAM-p7_S164,101958
34,A11-e003Coalescence-mBHI-p3,5061,1273349,F111-e003Coalescence-mGAM-p7_S164,101958
35,A4-e003Coalescence-Inoculumn-mGAM,4847,1214206,F111-e003Coalescence-mGAM-p7_S164,101958
36,A9-e003Coalescence-mGAM-p5,2988,864112,F111-e003Coalescence-mGAM-p7_S164,101958
37,A11-e003Coalescence-mGAM-p3,5190,1299785,F111-e003Coalescence-mGAM-p7_S164,101958
38,E8-e003Coalescence-mBHI-p5_S5,2261,544751,F111-e003Coalescence-mGAM-p7_S164,101958
39,E9-e003Coalescence-mBHI-p5_S6,148,571529,F111-e003Coalescence-mGAM-p7_S164,101958
40,F111-e003Coalescence-mGAM-p5_S68,0,483352,F111-e003Coalescence-mGAM-p7_S164,101958
41,H2-e003Coalescence-mGAM-p7_S181,5030,1262475,F111-e003Coalescence-mGAM-p7_S164,101958
42,E100-e003Coalescence-mBHI-p7_S103,1543,380075,F111-e003Coalescence-mGAM-p7_S164,101958
43,F9-e003Coalescence-mGAM-p5_S66,3,1107465,F111-e003Coalescence-mGAM-p7_S164,101958
44,F111-e003Coalescence-mGAM-p7_S164,0,554759,F111-e003Coalescence-mGAM-p7_S164,101958
45,E111-e003Coalescence-mBHI-p5_S8,1624,418252,F111-e003Coalescence-mGAM-p7_S164,101958
46,H8-e003Coalescence-mBHI-p7_S137,4374,1076503,F111-e003Coalescence-mGAM-p7_S164,101958
47,E8-e003Coalescence-mBHI-p7_S101,2415,665052,F111-e003Coalescence-mGAM-p7_S164,101958
48,H8-e003Coalescence-mBHI-p5_S41,3272,806338,F111-e003Coalescence-mGAM-p7_S164,101958
49,E100-e003Coalescence-mBHI-p5_S7,2113,524284,F111-e003Coalescence-mGAM-p7_S164,101958
50,F9-e003Coalescence-mGAM-p7_S162,5,524905,F111-e003Coalescence-mGAM-p7_S164,101958
51,F8-e003Coalescence-mGAM-p7_S161,1617,455511,F111-e003Coalescence-mGAM-p7_S164,101958
52,G8-e003Coalescence-mBHI-p3_S129,2090,509674,F111-e003Coalescence-mGAM-p7_S164,101958
53,H8-e003Coalescence-mGAM-p5_S89,5076,1268328,F111-e003Coalescence-mGAM-p7_S164,101958
54,G100-e003Coalescence-mBHI-p3_S131,2465,612901,F111-e003Coalescence-mGAM-p7_S164,101958
55,E9-e003Coalescence-mGAM-p3_S154,2154,749107,F111-e003Coalescence-mGAM-p7_S164,101958
56,F111-e003Coalescence-mGAM-p3_S168,4,682972,F111-e003Coalescence-mGAM-p7_S164,101958
57,G8-e003Coalescence-mBHI-p7_S125,2764,697792,F111-e003Coalescence-mGAM-p7_S164,101958
58,E111-e003Coalescence-mBHI-p7_S104,1948,479608,F111-e003Coalescence-mGAM-p7_S164,101958
59,E111-e003Coalescence-mGAM-p5_S56,5078,1269734,F111-e003Coalescence-mGAM-p7_S164,101958
60,E4-e003Coalescence-mGAM-p7_S147,1676,441794,F111-e003Coalescence-mGAM-p7_S164,101958
61,G8-e003Coalescence-mBHI-p5_S29,2964,724274,F111-e003Coalescence-mGAM-p7_S164,101958
62,E8-e003Coalescence-mBHI-p3_S105,4981,1241202,F111-e003Coalescence-mGAM-p7_S164,101958
63,E8-e003Coalescence-mGAM-p7_S149,1774,443489,F111-e003Coalescence-mGAM-p7_S164,101958
64,G9-e003Coalescence-mGAM-p3_S178,5,597708,F111-e003Coalescence-mGAM-p7_S164,101958
65,H8-e003Coalescence-mGAM-p7_S185,5127,1287125,F111-e003Coalescence-mGAM-p7_S164,101958
0,C9-e003Coalescence-mGAM-p3,2115,745406,E111-e003Coalescence-mBHI-p5_S8,101958
1,A8-e003Coalescence-mBHI-p3,14,1148611,E111-e003Coalescence-mBHI-p5_S8,101958
2,B9-e003Coalescence-mGAM-p5,3647,1266654,E111-e003Coalescence-mBHI-p5_S8,101958
3,C8-e003Assembly-mGAM-p3,15,691607,E111-e003Coalescence-mBHI-p5_S8,101958
4,C8-e003Assembly-mGAM-p5,9,529291,E111-e003Coalescence-mBHI-p5_S8,101958
5,A11-e003Coalescence-mGAM-p7,9,600457,E111-e003Coalescence-mBHI-p5_S8,101958
6,B11-e003Coalescence-mGAM-p3,3539,1218073,E111-e003Coalescence-mBHI-p5_S8,101958
7,A2-e003Coalescence-Inoculumn-mGAM,17,1120015,E111-e003Coalescence-mBHI-p5_S8,101958
8,D8-e003Coalescence-mGAM-p5,14,1314015,E111-e003Coalescence-mBHI-p5_S8,101958
9,A12-e003Coalescence-mGAM-p3,15,1039277,E111-e003Coalescence-mBHI-p5_S8,101958
10,B5-e003Coalescence-Inoculumn-mGAM,1202,414446,E111-e003Coalescence-mBHI-p5_S8,101958
11,C9-e003Coalescence-mBHI-p3,2722,938458,E111-e003Coalescence-mBHI-p5_S8,101958
12,C8-e003Coalescence-mBHI-p7,12,594610,E111-e003Coalescence-mBHI-p5_S8,101958
13,D8-e003Coalescence-mBHI-p5,5,614083,E111-e003Coalescence-mBHI-p5_S8,101958
14,B8-e003Assembly-mGAM-p3,5,511311,E111-e003Coalescence-mBHI-p5_S8,101958
15,A8-e003Coalescence-mBHI-p7,14,508703,E111-e003Coalescence-mBHI-p5_S8,101958
16,B2-e003Coalescence-Inoculumn-mGAM,260,1049541,E111-e003Coalescence-mBHI-p5_S8,101958
17,A3-e003Coalescence-Inoculumn-mGAM,209,560503,E111-e003Coalescence-mBHI-p5_S8,101958
18,A9-e003Coalescence-mBHI-p3,1151,1258192,E111-e003Coalescence-mBHI-p5_S8,101958
19,B9-e003Coalescence-mGAM-p7,2660,898503,E111-e003Coalescence-mBHI-p5_S8,101958
20,C3-e003Coalescence-Inoculumn-mGAM,1782,638925,E111-e003Coalescence-mBHI-p5_S8,101958
21,B10-e003Coalescence-mBHI-p3,2772,972288,E111-e003Coalescence-mBHI-p5_S8,101958
22,A9-e003Coalescence-mBHI-p7,612,1278174,E111-e003Coalescence-mBHI-p5_S8,101958
23,C2-e003Coalescence-Inoculumn-mGAM,7,582785,E111-e003Coalescence-mBHI-p5_S8,101958
24,B3-e003Coalescence-Inoculumn-mGAM,3306,1149670,E111-e003Coalescence-mBHI-p5_S8,101958
25,B4-e003Coalescence-Inoculumn-mGAM,2834,1001069,E111-e003Coalescence-mBHI-p5_S8,101958
26,A2-e003Coalescence-mGAM-p5,19,1011017,E111-e003Coalescence-mBHI-p5_S8,101958
27,B8-e003Coalescence-mGAM-p5,109,928737,E111-e003Coalescence-mBHI-p5_S8,101958
28,A5-e003Coalescence-Inoculumn-mGAM,3,521556,E111-e003Coalescence-mBHI-p5_S8,101958
29,B8-e003GlycerolRevival-mGAM-p2,8,422751,E111-e003Coalescence-mBHI-p5_S8,101958
30,C8-e003Coalescence-mBHI-p5,16,1271024,E111-e003Coalescence-mBHI-p5_S8,101958
31,B8-e003Coalescence-mGAM-p7,319,820884,E111-e003Coalescence-mBHI-p5_S8,101958
32,D2-e003Coalescence-Inoculumn-mGAM,7,604238,E111-e003Coalescence-mBHI-p5_S8,101958
33,D3-e003Coalescence-Inoculumn-mGAM,2441,824536,E111-e003Coalescence-mBHI-p5_S8,101958
34,A11-e003Coalescence-mBHI-p3,12,1273349,E111-e003Coalescence-mBHI-p5_S8,101958
35,A4-e003Coalescence-Inoculumn-mGAM,11,1214206,E111-e003Coalescence-mBHI-p5_S8,101958
36,A9-e003Coalescence-mGAM-p5,55,864112,E111-e003Coalescence-mBHI-p5_S8,101958
37,A11-e003Coalescence-mGAM-p3,14,1299785,E111-e003Coalescence-mBHI-p5_S8,101958
38,E8-e003Coalescence-mBHI-p5_S5,13,544751,E111-e003Coalescence-mBHI-p5_S8,101958
39,E9-e003Coalescence-mBHI-p5_S6,1274,571529,E111-e003Coalescence-mBHI-p5_S8,101958
40,F111-e003Coalescence-mGAM-p5_S68,1345,483352,E111-e003Coalescence-mBHI-p5_S8,101958
41,H2-e003Coalescence-mGAM-p7_S181,11,1262475,E111-e003Coalescence-mBHI-p5_S8,101958
42,E100-e003Coalescence-mBHI-p7_S103,4,380075,E111-e003Coalescence-mBHI-p5_S8,101958
43,F9-e003Coalescence-mGAM-p5_S66,3208,1107465,E111-e003Coalescence-mBHI-p5_S8,101958
44,F111-e003Coalescence-mGAM-p7_S164,1624,554759,E111-e003Coalescence-mBHI-p5_S8,101958
45,E111-e003Coalescence-mBHI-p5_S8,0,418252,E111-e003Coalescence-mBHI-p5_S8,101958
46,H8-e003Coalescence-mBHI-p7_S137,5,1076503,E111-e003Coalescence-mBHI-p5_S8,101958
47,E8-e003Coalescence-mBHI-p7_S101,11,665052,E111-e003Coalescence-mBHI-p5_S8,101958
48,H8-e003Coalescence-mBHI-p5_S41,10,806338,E111-e003Coalescence-mBHI-p5_S8,101958
49,E100-e003Coalescence-mBHI-p5_S7,10,524284,E111-e003Coalescence-mBHI-p5_S8,101958
50,F9-e003Coalescence-mGAM-p7_S162,1525,524905,E111-e003Coalescence-mBHI-p5_S8,101958
51,F8-e003Coalescence-mGAM-p7_S161,14,455511,E111-e003Coalescence-mBHI-p5_S8,101958
52,G8-e003Coalescence-mBHI-p3_S129,9,509674,E111-e003Coalescence-mBHI-p5_S8,101958
53,H8-e003Coalescence-mGAM-p5_S89,12,1268328,E111-e003Coalescence-mBHI-p5_S8,101958
54,G100-e003Coalescence-mBHI-p3_S131,4,612901,E111-e003Coalescence-mBHI-p5_S8,101958
55,E9-e003Coalescence-mGAM-p3_S154,141,749107,E111-e003Coalescence-mBHI-p5_S8,101958
56,F111-e003Coalescence-mGAM-p3_S168,1990,682972,E111-e003Coalescence-mBHI-p5_S8,101958
57,G8-e003Coalescence-mBHI-p7_S125,10,697792,E111-e003Coalescence-mBHI-p5_S8,101958
58,E111-e003Coalescence-mBHI-p7_S104,8,479608,E111-e003Coalescence-mBHI-p5_S8,101958
59,E111-e003Coalescence-mGAM-p5_S56,12,1269734,E111-e003Coalescence-mBHI-p5_S8,101958
60,E4-e003Coalescence-mGAM-p7_S147,6,441794,E111-e003Coalescence-mBHI-p5_S8,101958
61,G8-e003Coalescence-mBHI-p5_S29,5,724274,E111-e003Coalescence-mBHI-p5_S8,101958
62,E8-e003Coalescence-mBHI-p3_S105,11,1241202,E111-e003Coalescence-mBHI-p5_S8,101958
63,E8-e003Coalescence-mGAM-p7_S149,4,443489,E111-e003Coalescence-mBHI-p5_S8,101958
64,G9-e003Coalescence-mGAM-p3_S178,1752,597708,E111-e003Coalescence-mBHI-p5_S8,101958
65,H8-e003Coalescence-mGAM-p7_S185,10,1287125,E111-e003Coalescence-mBHI-p5_S8,101958
0,C9-e003Coalescence-mGAM-p3,5669,745406,H8-e003Coalescence-mBHI-p7_S137,101958
1,A8-e003Coalescence-mBHI-p3,28,1148611,H8-e003Coalescence-mBHI-p7_S137,101958
2,B9-e003Coalescence-mGAM-p5,9970,1266654,H8-e003Coalescence-mBHI-p7_S137,101958
3,C8-e003Assembly-mGAM-p3,12,691607,H8-e003Coalescence-mBHI-p7_S137,101958
4,C8-e003Assembly-mGAM-p5,10,529291,H8-e003Coalescence-mBHI-p7_S137,101958
5,A11-e003Coalescence-mGAM-p7,12,600457,H8-e003Coalescence-mBHI-p7_S137,101958
6,B11-e003Coalescence-mGAM-p3,9575,1218073,H8-e003Coalescence-mBHI-p7_S137,101958
7,A2-e003Coalescence-Inoculumn-mGAM,27,1120015,H8-e003Coalescence-mBHI-p7_S137,101958
8,D8-e003Coalescence-mGAM-p5,36,1314015,H8-e003Coalescence-mBHI-p7_S137,101958
9,A12-e003Coalescence-mGAM-p3,23,1039277,H8-e003Coalescence-mBHI-p7_S137,101958
10,B5-e003Coalescence-Inoculumn-mGAM,3169,414446,H8-e003Coalescence-mBHI-p7_S137,101958
11,C9-e003Coalescence-mBHI-p3,7296,938458,H8-e003Coalescence-mBHI-p7_S137,101958
12,C8-e003Coalescence-mBHI-p7,14,594610,H8-e003Coalescence-mBHI-p7_S137,101958
13,D8-e003Coalescence-mBHI-p5,18,614083,H8-e003Coalescence-mBHI-p7_S137,101958
14,B8-e003Assembly-mGAM-p3,4,511311,H8-e003Coalescence-mBHI-p7_S137,101958
15,A8-e003Coalescence-mBHI-p7,20,508703,H8-e003Coalescence-mBHI-p7_S137,101958
16,B2-e003Coalescence-Inoculumn-mGAM,705,1049541,H8-e003Coalescence-mBHI-p7_S137,101958
17,A3-e003Coalescence-Inoculumn-mGAM,521,560503,H8-e003Coalescence-mBHI-p7_S137,101958
18,A9-e003Coalescence-mBHI-p3,3307,1258192,H8-e003Coalescence-mBHI-p7_S137,101958
19,B9-e003Coalescence-mGAM-p7,7122,898503,H8-e003Coalescence-mBHI-p7_S137,101958
20,C3-e003Coalescence-Inoculumn-mGAM,4969,638925,H8-e003Coalescence-mBHI-p7_S137,101958
21,B10-e003Coalescence-mBHI-p3,7504,972288,H8-e003Coalescence-mBHI-p7_S137,101958
22,A9-e003Coalescence-mBHI-p7,1776,1278174,H8-e003Coalescence-mBHI-p7_S137,101958
23,C2-e003Coalescence-Inoculumn-mGAM,22,582785,H8-e003Coalescence-mBHI-p7_S137,101958
24,B3-e003Coalescence-Inoculumn-mGAM,9018,1149670,H8-e003Coalescence-mBHI-p7_S137,101958
25,B4-e003Coalescence-Inoculumn-mGAM,7792,1001069,H8-e003Coalescence-mBHI-p7_S137,101958
26,A2-e003Coalescence-mGAM-p5,29,1011017,H8-e003Coalescence-mBHI-p7_S137,101958
27,B8-e003Coalescence-mGAM-p5,318,928737,H8-e003Coalescence-mBHI-p7_S137,101958
28,A5-e003Coalescence-Inoculumn-mGAM,10,521556,H8-e003Coalescence-mBHI-p7_S137,101958
29,B8-e003GlycerolRevival-mGAM-p2,21,422751,H8-e003Coalescence-mBHI-p7_S137,101958
30,C8-e003Coalescence-mBHI-p5,36,1271024,H8-e003Coalescence-mBHI-p7_S137,101958
31,B8-e003Coalescence-mGAM-p7,812,820884,H8-e003Coalescence-mBHI-p7_S137,101958
32,D2-e003Coalescence-Inoculumn-mGAM,18,604238,H8-e003Coalescence-mBHI-p7_S137,101958
33,D3-e003Coalescence-Inoculumn-mGAM,6503,824536,H8-e003Coalescence-mBHI-p7_S137,101958
34,A11-e003Coalescence-mBHI-p3,37,1273349,H8-e003Coalescence-mBHI-p7_S137,101958
35,A4-e003Coalescence-Inoculumn-mGAM,32,1214206,H8-e003Coalescence-mBHI-p7_S137,101958
36,A9-e003Coalescence-mGAM-p5,148,864112,H8-e003Coalescence-mBHI-p7_S137,101958
37,A11-e003Coalescence-mGAM-p3,27,1299785,H8-e003Coalescence-mBHI-p7_S137,101958
38,E8-e003Coalescence-mBHI-p5_S5,3,544751,H8-e003Coalescence-mBHI-p7_S137,101958
39,E9-e003Coalescence-mBHI-p5_S6,3474,571529,H8-e003Coalescence-mBHI-p7_S137,101958
40,F111-e003Coalescence-mGAM-p5_S68,3640,483352,H8-e003Coalescence-mBHI-p7_S137,101958
41,H2-e003Coalescence-mGAM-p7_S181,7,1262475,H8-e003Coalescence-mBHI-p7_S137,101958
42,E100-e003Coalescence-mBHI-p7_S103,2,380075,H8-e003Coalescence-mBHI-p7_S137,101958
43,F9-e003Coalescence-mGAM-p5_S66,8607,1107465,H8-e003Coalescence-mBHI-p7_S137,101958
44,F111-e003Coalescence-mGAM-p7_S164,4369,554759,H8-e003Coalescence-mBHI-p7_S137,101958
45,E111-e003Coalescence-mBHI-p5_S8,2,418252,H8-e003Coalescence-mBHI-p7_S137,101958
46,H8-e003Coalescence-mBHI-p7_S137,0,1076503,H8-e003Coalescence-mBHI-p7_S137,101958
47,E8-e003Coalescence-mBHI-p7_S101,10,665052,H8-e003Coalescence-mBHI-p7_S137,101958
48,H8-e003Coalescence-mBHI-p5_S41,7,806338,H8-e003Coalescence-mBHI-p7_S137,101958
49,E100-e003Coalescence-mBHI-p5_S7,5,524284,H8-e003Coalescence-mBHI-p7_S137,101958
50,F9-e003Coalescence-mGAM-p7_S162,4087,524905,H8-e003Coalescence-mBHI-p7_S137,101958
51,F8-e003Coalescence-mGAM-p7_S161,16,455511,H8-e003Coalescence-mBHI-p7_S137,101958
52,G8-e003Coalescence-mBHI-p3_S129,1,509674,H8-e003Coalescence-mBHI-p7_S137,101958
53,H8-e003Coalescence-mGAM-p5_S89,8,1268328,H8-e003Coalescence-mBHI-p7_S137,101958
54,G100-e003Coalescence-mBHI-p3_S131,3,612901,H8-e003Coalescence-mBHI-p7_S137,101958
55,E9-e003Coalescence-mGAM-p3_S154,393,749107,H8-e003Coalescence-mBHI-p7_S137,101958
56,F111-e003Coalescence-mGAM-p3_S168,5194,682972,H8-e003Coalescence-mBHI-p7_S137,101958
57,G8-e003Coalescence-mBHI-p7_S125,1,697792,H8-e003Coalescence-mBHI-p7_S137,101958
58,E111-e003Coalescence-mBHI-p7_S104,1,479608,H8-e003Coalescence-mBHI-p7_S137,101958
59,E111-e003Coalescence-mGAM-p5_S56,7,1269734,H8-e003Coalescence-mBHI-p7_S137,101958
60,E4-e003Coalescence-mGAM-p7_S147,3,441794,H8-e003Coalescence-mBHI-p7_S137,101958
61,G8-e003Coalescence-mBHI-p5_S29,5,724274,H8-e003Coalescence-mBHI-p7_S137,101958
62,E8-e003Coalescence-mBHI-p3_S105,5,1241202,H8-e003Coalescence-mBHI-p7_S137,101958
63,E8-e003Coalescence-mGAM-p7_S149,1,443489,H8-e003Coalescence-mBHI-p7_S137,101958
64,G9-e003Coalescence-mGAM-p3_S178,4565,597708,H8-e003Coalescence-mBHI-p7_S137,101958
65,H8-e003Coalescence-mGAM-p7_S185,8,1287125,H8-e003Coalescence-mBHI-p7_S137,101958
0,C9-e003Coalescence-mGAM-p3,3074,745406,E8-e003Coalescence-mBHI-p7_S101,101958
1,A8-e003Coalescence-mBHI-p3,33,1148611,E8-e003Coalescence-mBHI-p7_S101,101958
2,B9-e003Coalescence-mGAM-p5,5308,1266654,E8-e003Coalescence-mBHI-p7_S101,101958
3,C8-e003Assembly-mGAM-p3,20,691607,E8-e003Coalescence-mBHI-p7_S101,101958
4,C8-e003Assembly-mGAM-p5,18,529291,E8-e003Coalescence-mBHI-p7_S101,101958
5,A11-e003Coalescence-mGAM-p7,14,600457,E8-e003Coalescence-mBHI-p7_S101,101958
6,B11-e003Coalescence-mGAM-p3,5107,1218073,E8-e003Coalescence-mBHI-p7_S101,101958
7,A2-e003Coalescence-Inoculumn-mGAM,33,1120015,E8-e003Coalescence-mBHI-p7_S101,101958
8,D8-e003Coalescence-mGAM-p5,37,1314015,E8-e003Coalescence-mBHI-p7_S101,101958
9,A12-e003Coalescence-mGAM-p3,35,1039277,E8-e003Coalescence-mBHI-p7_S101,101958
10,B5-e003Coalescence-Inoculumn-mGAM,1738,414446,E8-e003Coalescence-mBHI-p7_S101,101958
11,C9-e003Coalescence-mBHI-p3,3937,938458,E8-e003Coalescence-mBHI-p7_S101,101958
12,C8-e003Coalescence-mBHI-p7,20,594610,E8-e003Coalescence-mBHI-p7_S101,101958
13,D8-e003Coalescence-mBHI-p5,22,614083,E8-e003Coalescence-mBHI-p7_S101,101958
14,B8-e003Assembly-mGAM-p3,17,511311,E8-e003Coalescence-mBHI-p7_S101,101958
15,A8-e003Coalescence-mBHI-p7,12,508703,E8-e003Coalescence-mBHI-p7_S101,101958
16,B2-e003Coalescence-Inoculumn-mGAM,377,1049541,E8-e003Coalescence-mBHI-p7_S101,101958
17,A3-e003Coalescence-Inoculumn-mGAM,282,560503,E8-e003Coalescence-mBHI-p7_S101,101958
18,A9-e003Coalescence-mBHI-p3,1709,1258192,E8-e003Coalescence-mBHI-p7_S101,101958
19,B9-e003Coalescence-mGAM-p7,3899,898503,E8-e003Coalescence-mBHI-p7_S101,101958
20,C3-e003Coalescence-Inoculumn-mGAM,2675,638925,E8-e003Coalescence-mBHI-p7_S101,101958
21,B10-e003Coalescence-mBHI-p3,4048,972288,E8-e003Coalescence-mBHI-p7_S101,101958
22,A9-e003Coalescence-mBHI-p7,922,1278174,E8-e003Coalescence-mBHI-p7_S101,101958
23,C2-e003Coalescence-Inoculumn-mGAM,24,582785,E8-e003Coalescence-mBHI-p7_S101,101958
24,B3-e003Coalescence-Inoculumn-mGAM,4854,1149670,E8-e003Coalescence-mBHI-p7_S101,101958
25,B4-e003Coalescence-Inoculumn-mGAM,4195,1001069,E8-e003Coalescence-mBHI-p7_S101,101958
26,A2-e003Coalescence-mGAM-p5,24,1011017,E8-e003Coalescence-mBHI-p7_S101,101958
27,B8-e003Coalescence-mGAM-p5,172,928737,E8-e003Coalescence-mBHI-p7_S101,101958
28,A5-e003Coalescence-Inoculumn-mGAM,18,521556,E8-e003Coalescence-mBHI-p7_S101,101958
29,B8-e003GlycerolRevival-mGAM-p2,11,422751,E8-e003Coalescence-mBHI-p7_S101,101958
30,C8-e003Coalescence-mBHI-p5,35,1271024,E8-e003Coalescence-mBHI-p7_S101,101958
31,B8-e003Coalescence-mGAM-p7,414,820884,E8-e003Coalescence-mBHI-p7_S101,101958
32,D2-e003Coalescence-Inoculumn-mGAM,19,604238,E8-e003Coalescence-mBHI-p7_S101,101958
33,D3-e003Coalescence-Inoculumn-mGAM,3538,824536,E8-e003Coalescence-mBHI-p7_S101,101958
34,A11-e003Coalescence-mBHI-p3,40,1273349,E8-e003Coalescence-mBHI-p7_S101,101958
35,A4-e003Coalescence-Inoculumn-mGAM,35,1214206,E8-e003Coalescence-mBHI-p7_S101,101958
36,A9-e003Coalescence-mGAM-p5,90,864112,E8-e003Coalescence-mBHI-p7_S101,101958
37,A11-e003Coalescence-mGAM-p3,32,1299785,E8-e003Coalescence-mBHI-p7_S101,101958
38,E8-e003Coalescence-mBHI-p5_S5,9,544751,E8-e003Coalescence-mBHI-p7_S101,101958
39,E9-e003Coalescence-mBHI-p5_S6,1912,571529,E8-e003Coalescence-mBHI-p7_S101,101958
40,F111-e003Coalescence-mGAM-p5_S68,1996,483352,E8-e003Coalescence-mBHI-p7_S101,101958
41,H2-e003Coalescence-mGAM-p7_S181,16,1262475,E8-e003Coalescence-mBHI-p7_S101,101958
42,E100-e003Coalescence-mBHI-p7_S103,9,380075,E8-e003Coalescence-mBHI-p7_S101,101958
43,F9-e003Coalescence-mGAM-p5_S66,4602,1107465,E8-e003Coalescence-mBHI-p7_S101,101958
44,F111-e003Coalescence-mGAM-p7_S164,2338,554759,E8-e003Coalescence-mBHI-p7_S101,101958
45,E111-e003Coalescence-mBHI-p5_S8,6,418252,E8-e003Coalescence-mBHI-p7_S101,101958
46,H8-e003Coalescence-mBHI-p7_S137,18,1076503,E8-e003Coalescence-mBHI-p7_S101,101958
47,E8-e003Coalescence-mBHI-p7_S101,0,665052,E8-e003Coalescence-mBHI-p7_S101,101958
48,H8-e003Coalescence-mBHI-p5_S41,13,806338,E8-e003Coalescence-mBHI-p7_S101,101958
49,E100-e003Coalescence-mBHI-p5_S7,9,524284,E8-e003Coalescence-mBHI-p7_S101,101958
50,F9-e003Coalescence-mGAM-p7_S162,2172,524905,E8-e003Coalescence-mBHI-p7_S101,101958
51,F8-e003Coalescence-mGAM-p7_S161,17,455511,E8-e003Coalescence-mBHI-p7_S101,101958
52,G8-e003Coalescence-mBHI-p3_S129,10,509674,E8-e003Coalescence-mBHI-p7_S101,101958
53,H8-e003Coalescence-mGAM-p5_S89,19,1268328,E8-e003Coalescence-mBHI-p7_S101,101958
54,G100-e003Coalescence-mBHI-p3_S131,7,612901,E8-e003Coalescence-mBHI-p7_S101,101958
55,E9-e003Coalescence-mGAM-p3_S154,229,749107,E8-e003Coalescence-mBHI-p7_S101,101958
56,F111-e003Coalescence-mGAM-p3_S168,2935,682972,E8-e003Coalescence-mBHI-p7_S101,101958
57,G8-e003Coalescence-mBHI-p7_S125,7,697792,E8-e003Coalescence-mBHI-p7_S101,101958
58,E111-e003Coalescence-mBHI-p7_S104,1,479608,E8-e003Coalescence-mBHI-p7_S101,101958
59,E111-e003Coalescence-mGAM-p5_S56,18,1269734,E8-e003Coalescence-mBHI-p7_S101,101958
60,E4-e003Coalescence-mGAM-p7_S147,11,441794,E8-e003Coalescence-mBHI-p7_S101,101958
61,G8-e003Coalescence-mBHI-p5_S29,17,724274,E8-e003Coalescence-mBHI-p7_S101,101958
62,E8-e003Coalescence-mBHI-p3_S105,15,1241202,E8-e003Coalescence-mBHI-p7_S101,101958
63,E8-e003Coalescence-mGAM-p7_S149,5,443489,E8-e003Coalescence-mBHI-p7_S101,101958
64,G9-e003Coalescence-mGAM-p3_S178,2534,597708,E8-e003Coalescence-mBHI-p7_S101,101958
65,H8-e003Coalescence-mGAM-p7_S185,20,1287125,E8-e003Coalescence-mBHI-p7_S101,101958
0,C9-e003Coalescence-mGAM-p3,4249,745406,H8-e003Coalescence-mBHI-p5_S41,101958
1,A8-e003Coalescence-mBHI-p3,20,1148611,H8-e003Coalescence-mBHI-p5_S41,101958
2,B9-e003Coalescence-mGAM-p5,7275,1266654,H8-e003Coalescence-mBHI-p5_S41,101958
3,C8-e003Assembly-mGAM-p3,9,691607,H8-e003Coalescence-mBHI-p5_S41,101958
4,C8-e003Assembly-mGAM-p5,12,529291,H8-e003Coalescence-mBHI-p5_S41,101958
5,A11-e003Coalescence-mGAM-p7,13,600457,H8-e003Coalescence-mBHI-p5_S41,101958
6,B11-e003Coalescence-mGAM-p3,7032,1218073,H8-e003Coalescence-mBHI-p5_S41,101958
7,A2-e003Coalescence-Inoculumn-mGAM,19,1120015,H8-e003Coalescence-mBHI-p5_S41,101958
8,D8-e003Coalescence-mGAM-p5,23,1314015,H8-e003Coalescence-mBHI-p5_S41,101958
9,A12-e003Coalescence-mGAM-p3,20,1039277,H8-e003Coalescence-mBHI-p5_S41,101958
10,B5-e003Coalescence-Inoculumn-mGAM,2329,414446,H8-e003Coalescence-mBHI-p5_S41,101958
11,C9-e003Coalescence-mBHI-p3,5423,938458,H8-e003Coalescence-mBHI-p5_S41,101958
12,C8-e003Coalescence-mBHI-p7,16,594610,H8-e003Coalescence-mBHI-p5_S41,101958
13,D8-e003Coalescence-mBHI-p5,11,614083,H8-e003Coalescence-mBHI-p5_S41,101958
14,B8-e003Assembly-mGAM-p3,2,511311,H8-e003Coalescence-mBHI-p5_S41,101958
15,A8-e003Coalescence-mBHI-p7,15,508703,H8-e003Coalescence-mBHI-p5_S41,101958
16,B2-e003Coalescence-Inoculumn-mGAM,509,1049541,H8-e003Coalescence-mBHI-p5_S41,101958
17,A3-e003Coalescence-Inoculumn-mGAM,397,560503,H8-e003Coalescence-mBHI-p5_S41,101958
18,A9-e003Coalescence-mBHI-p3,2344,1258192,H8-e003Coalescence-mBHI-p5_S41,101958
19,B9-e003Coalescence-mGAM-p7,5259,898503,H8-e003Coalescence-mBHI-p5_S41,101958
20,C3-e003Coalescence-Inoculumn-mGAM,3658,638925,H8-e003Coalescence-mBHI-p5_S41,101958
21,B10-e003Coalescence-mBHI-p3,5487,972288,H8-e003Coalescence-mBHI-p5_S41,101958
22,A9-e003Coalescence-mBHI-p7,1256,1278174,H8-e003Coalescence-mBHI-p5_S41,101958
23,C2-e003Coalescence-Inoculumn-mGAM,17,582785,H8-e003Coalescence-mBHI-p5_S41,101958
24,B3-e003Coalescence-Inoculumn-mGAM,6570,1149670,H8-e003Coalescence-mBHI-p5_S41,101958
25,B4-e003Coalescence-Inoculumn-mGAM,5771,1001069,H8-e003Coalescence-mBHI-p5_S41,101958
26,A2-e003Coalescence-mGAM-p5,19,1011017,H8-e003Coalescence-mBHI-p5_S41,101958
27,B8-e003Coalescence-mGAM-p5,215,928737,H8-e003Coalescence-mBHI-p5_S41,101958
28,A5-e003Coalescence-Inoculumn-mGAM,5,521556,H8-e003Coalescence-mBHI-p5_S41,101958
29,B8-e003GlycerolRevival-mGAM-p2,6,422751,H8-e003Coalescence-mBHI-p5_S41,101958
30,C8-e003Coalescence-mBHI-p5,22,1271024,H8-e003Coalescence-mBHI-p5_S41,101958
31,B8-e003Coalescence-mGAM-p7,552,820884,H8-e003Coalescence-mBHI-p5_S41,101958
32,D2-e003Coalescence-Inoculumn-mGAM,13,604238,H8-e003Coalescence-mBHI-p5_S41,101958
33,D3-e003Coalescence-Inoculumn-mGAM,4740,824536,H8-e003Coalescence-mBHI-p5_S41,101958
34,A11-e003Coalescence-mBHI-p3,22,1273349,H8-e003Coalescence-mBHI-p5_S41,101958
35,A4-e003Coalescence-Inoculumn-mGAM,25,1214206,H8-e003Coalescence-mBHI-p5_S41,101958
36,A9-e003Coalescence-mGAM-p5,106,864112,H8-e003Coalescence-mBHI-p5_S41,101958
37,A11-e003Coalescence-mGAM-p3,19,1299785,H8-e003Coalescence-mBHI-p5_S41,101958
38,E8-e003Coalescence-mBHI-p5_S5,1,544751,H8-e003Coalescence-mBHI-p5_S41,101958
39,E9-e003Coalescence-mBHI-p5_S6,2581,571529,H8-e003Coalescence-mBHI-p5_S41,101958
40,F111-e003Coalescence-mGAM-p5_S68,2696,483352,H8-e003Coalescence-mBHI-p5_S41,101958
41,H2-e003Coalescence-mGAM-p7_S181,5,1262475,H8-e003Coalescence-mBHI-p5_S41,101958
42,E100-e003Coalescence-mBHI-p7_S103,1,380075,H8-e003Coalescence-mBHI-p5_S41,101958
43,F9-e003Coalescence-mGAM-p5_S66,6320,1107465,H8-e003Coalescence-mBHI-p5_S41,101958
44,F111-e003Coalescence-mGAM-p7_S164,3270,554759,H8-e003Coalescence-mBHI-p5_S41,101958
45,E111-e003Coalescence-mBHI-p5_S8,2,418252,H8-e003Coalescence-mBHI-p5_S41,101958
46,H8-e003Coalescence-mBHI-p7_S137,8,1076503,H8-e003Coalescence-mBHI-p5_S41,101958
47,E8-e003Coalescence-mBHI-p7_S101,6,665052,H8-e003Coalescence-mBHI-p5_S41,101958
48,H8-e003Coalescence-mBHI-p5_S41,0,806338,H8-e003Coalescence-mBHI-p5_S41,101958
49,E100-e003Coalescence-mBHI-p5_S7,4,524284,H8-e003Coalescence-mBHI-p5_S41,101958
50,F9-e003Coalescence-mGAM-p7_S162,3018,524905,H8-e003Coalescence-mBHI-p5_S41,101958
51,F8-e003Coalescence-mGAM-p7_S161,15,455511,H8-e003Coalescence-mBHI-p5_S41,101958
52,G8-e003Coalescence-mBHI-p3_S129,4,509674,H8-e003Coalescence-mBHI-p5_S41,101958
53,H8-e003Coalescence-mGAM-p5_S89,5,1268328,H8-e003Coalescence-mBHI-p5_S41,101958
54,G100-e003Coalescence-mBHI-p3_S131,4,612901,H8-e003Coalescence-mBHI-p5_S41,101958
55,E9-e003Coalescence-mGAM-p3_S154,281,749107,H8-e003Coalescence-mBHI-p5_S41,101958
56,F111-e003Coalescence-mGAM-p3_S168,3858,682972,H8-e003Coalescence-mBHI-p5_S41,101958
57,G8-e003Coalescence-mBHI-p7_S125,2,697792,H8-e003Coalescence-mBHI-p5_S41,101958
58,E111-e003Coalescence-mBHI-p7_S104,5,479608,H8-e003Coalescence-mBHI-p5_S41,101958
59,E111-e003Coalescence-mGAM-p5_S56,6,1269734,H8-e003Coalescence-mBHI-p5_S41,101958
60,E4-e003Coalescence-mGAM-p7_S147,1,441794,H8-e003Coalescence-mBHI-p5_S41,101958
61,G8-e003Coalescence-mBHI-p5_S29,4,724274,H8-e003Coalescence-mBHI-p5_S41,101958
62,E8-e003Coalescence-mBHI-p3_S105,4,1241202,H8-e003Coalescence-mBHI-p5_S41,101958
63,E8-e003Coalescence-mGAM-p7_S149,1,443489,H8-e003Coalescence-mBHI-p5_S41,101958
64,G9-e003Coalescence-mGAM-p3_S178,3380,597708,H8-e003Coalescence-mBHI-p5_S41,101958
65,H8-e003Coalescence-mGAM-p7_S185,4,1287125,H8-e003Coalescence-mBHI-p5_S41,101958
0,C9-e003Coalescence-mGAM-p3,2785,745406,E100-e003Coalescence-mBHI-p5_S7,101958
1,A8-e003Coalescence-mBHI-p3,13,1148611,E100-e003Coalescence-mBHI-p5_S7,101958
2,B9-e003Coalescence-mGAM-p5,4700,1266654,E100-e003Coalescence-mBHI-p5_S7,101958
3,C8-e003Assembly-mGAM-p3,7,691607,E100-e003Coalescence-mBHI-p5_S7,101958
4,C8-e003Assembly-mGAM-p5,9,529291,E100-e003Coalescence-mBHI-p5_S7,101958
5,A11-e003Coalescence-mGAM-p7,5,600457,E100-e003Coalescence-mBHI-p5_S7,101958
6,B11-e003Coalescence-mGAM-p3,4541,1218073,E100-e003Coalescence-mBHI-p5_S7,101958
7,A2-e003Coalescence-Inoculumn-mGAM,15,1120015,E100-e003Coalescence-mBHI-p5_S7,101958
8,D8-e003Coalescence-mGAM-p5,17,1314015,E100-e003Coalescence-mBHI-p5_S7,101958
9,A12-e003Coalescence-mGAM-p3,14,1039277,E100-e003Coalescence-mBHI-p5_S7,101958
10,B5-e003Coalescence-Inoculumn-mGAM,1543,414446,E100-e003Coalescence-mBHI-p5_S7,101958
11,C9-e003Coalescence-mBHI-p3,3560,938458,E100-e003Coalescence-mBHI-p5_S7,101958
12,C8-e003Coalescence-mBHI-p7,7,594610,E100-e003Coalescence-mBHI-p5_S7,101958
13,D8-e003Coalescence-mBHI-p5,3,614083,E100-e003Coalescence-mBHI-p5_S7,101958
14,B8-e003Assembly-mGAM-p3,3,511311,E100-e003Coalescence-mBHI-p5_S7,101958
15,A8-e003Coalescence-mBHI-p7,13,508703,E100-e003Coalescence-mBHI-p5_S7,101958
16,B2-e003Coalescence-Inoculumn-mGAM,308,1049541,E100-e003Coalescence-mBHI-p5_S7,101958
17,A3-e003Coalescence-Inoculumn-mGAM,232,560503,E100-e003Coalescence-mBHI-p5_S7,101958
18,A9-e003Coalescence-mBHI-p3,1541,1258192,E100-e003Coalescence-mBHI-p5_S7,101958
19,B9-e003Coalescence-mGAM-p7,3442,898503,E100-e003Coalescence-mBHI-p5_S7,101958
20,C3-e003Coalescence-Inoculumn-mGAM,2403,638925,E100-e003Coalescence-mBHI-p5_S7,101958
21,B10-e003Coalescence-mBHI-p3,3544,972288,E100-e003Coalescence-mBHI-p5_S7,101958
22,A9-e003Coalescence-mBHI-p7,828,1278174,E100-e003Coalescence-mBHI-p5_S7,101958
23,C2-e003Coalescence-Inoculumn-mGAM,8,582785,E100-e003Coalescence-mBHI-p5_S7,101958
24,B3-e003Coalescence-Inoculumn-mGAM,4290,1149670,E100-e003Coalescence-mBHI-p5_S7,101958
25,B4-e003Coalescence-Inoculumn-mGAM,3673,1001069,E100-e003Coalescence-mBHI-p5_S7,101958
26,A2-e003Coalescence-mGAM-p5,11,1011017,E100-e003Coalescence-mBHI-p5_S7,101958
27,B8-e003Coalescence-mGAM-p5,115,928737,E100-e003Coalescence-mBHI-p5_S7,101958
28,A5-e003Coalescence-Inoculumn-mGAM,6,521556,E100-e003Coalescence-mBHI-p5_S7,101958
29,B8-e003GlycerolRevival-mGAM-p2,6,422751,E100-e003Coalescence-mBHI-p5_S7,101958
30,C8-e003Coalescence-mBHI-p5,14,1271024,E100-e003Coalescence-mBHI-p5_S7,101958
31,B8-e003Coalescence-mGAM-p7,416,820884,E100-e003Coalescence-mBHI-p5_S7,101958
32,D2-e003Coalescence-Inoculumn-mGAM,7,604238,E100-e003Coalescence-mBHI-p5_S7,101958
33,D3-e003Coalescence-Inoculumn-mGAM,3145,824536,E100-e003Coalescence-mBHI-p5_S7,101958
34,A11-e003Coalescence-mBHI-p3,18,1273349,E100-e003Coalescence-mBHI-p5_S7,101958
35,A4-e003Coalescence-Inoculumn-mGAM,16,1214206,E100-e003Coalescence-mBHI-p5_S7,101958
36,A9-e003Coalescence-mGAM-p5,60,864112,E100-e003Coalescence-mBHI-p5_S7,101958
37,A11-e003Coalescence-mGAM-p3,11,1299785,E100-e003Coalescence-mBHI-p5_S7,101958
38,E8-e003Coalescence-mBHI-p5_S5,7,544751,E100-e003Coalescence-mBHI-p5_S7,101958
39,E9-e003Coalescence-mBHI-p5_S6,1758,571529,E100-e003Coalescence-mBHI-p5_S7,101958
40,F111-e003Coalescence-mGAM-p5_S68,1811,483352,E100-e003Coalescence-mBHI-p5_S7,101958
41,H2-e003Coalescence-mGAM-p7_S181,9,1262475,E100-e003Coalescence-mBHI-p5_S7,101958
42,E100-e003Coalescence-mBHI-p7_S103,2,380075,E100-e003Coalescence-mBHI-p5_S7,101958
43,F9-e003Coalescence-mGAM-p5_S66,4131,1107465,E100-e003Coalescence-mBHI-p5_S7,101958
44,F111-e003Coalescence-mGAM-p7_S164,2109,554759,E100-e003Coalescence-mBHI-p5_S7,101958
45,E111-e003Coalescence-mBHI-p5_S8,7,418252,E100-e003Coalescence-mBHI-p5_S7,101958
46,H8-e003Coalescence-mBHI-p7_S137,7,1076503,E100-e003Coalescence-mBHI-p5_S7,101958
47,E8-e003Coalescence-mBHI-p7_S101,4,665052,E100-e003Coalescence-mBHI-p5_S7,101958
48,H8-e003Coalescence-mBHI-p5_S41,6,806338,E100-e003Coalescence-mBHI-p5_S7,101958
49,E100-e003Coalescence-mBHI-p5_S7,0,524284,E100-e003Coalescence-mBHI-p5_S7,101958
50,F9-e003Coalescence-mGAM-p7_S162,2014,524905,E100-e003Coalescence-mBHI-p5_S7,101958
51,F8-e003Coalescence-mGAM-p7_S161,7,455511,E100-e003Coalescence-mBHI-p5_S7,101958
52,G8-e003Coalescence-mBHI-p3_S129,7,509674,E100-e003Coalescence-mBHI-p5_S7,101958
53,H8-e003Coalescence-mGAM-p5_S89,10,1268328,E100-e003Coalescence-mBHI-p5_S7,101958
54,G100-e003Coalescence-mBHI-p3_S131,4,612901,E100-e003Coalescence-mBHI-p5_S7,101958
55,E9-e003Coalescence-mGAM-p3_S154,170,749107,E100-e003Coalescence-mBHI-p5_S7,101958
56,F111-e003Coalescence-mGAM-p3_S168,2650,682972,E100-e003Coalescence-mBHI-p5_S7,101958
57,G8-e003Coalescence-mBHI-p7_S125,4,697792,E100-e003Coalescence-mBHI-p5_S7,101958
58,E111-e003Coalescence-mBHI-p7_S104,6,479608,E100-e003Coalescence-mBHI-p5_S7,101958
59,E111-e003Coalescence-mGAM-p5_S56,9,1269734,E100-e003Coalescence-mBHI-p5_S7,101958
60,E4-e003Coalescence-mGAM-p7_S147,6,441794,E100-e003Coalescence-mBHI-p5_S7,101958
61,G8-e003Coalescence-mBHI-p5_S29,4,724274,E100-e003Coalescence-mBHI-p5_S7,101958
62,E8-e003Coalescence-mBHI-p3_S105,7,1241202,E100-e003Coalescence-mBHI-p5_S7,101958
63,E8-e003Coalescence-mGAM-p7_S149,3,443489,E100-e003Coalescence-mBHI-p5_S7,101958
64,G9-e003Coalescence-mGAM-p3_S178,2216,597708,E100-e003Coalescence-mBHI-p5_S7,101958
65,H8-e003Coalescence-mGAM-p7_S185,9,1287125,E100-e003Coalescence-mBHI-p5_S7,101958
0,C9-e003Coalescence-mGAM-p3,11,745406,F9-e003Coalescence-mGAM-p7_S162,101958
1,A8-e003Coalescence-mBHI-p3,4400,1148611,F9-e003Coalescence-mGAM-p7_S162,101958
2,B9-e003Coalescence-mGAM-p5,16,1266654,F9-e003Coalescence-mGAM-p7_S162,101958
3,C8-e003Assembly-mGAM-p3,2548,691607,F9-e003Coalescence-mGAM-p7_S162,101958
4,C8-e003Assembly-mGAM-p5,1966,529291,F9-e003Coalescence-mGAM-p7_S162,101958
5,A11-e003Coalescence-mGAM-p7,2339,600457,F9-e003Coalescence-mGAM-p7_S162,101958
6,B11-e003Coalescence-mGAM-p3,22,1218073,F9-e003Coalescence-mGAM-p7_S162,101958
7,A2-e003Coalescence-Inoculumn-mGAM,4256,1120015,F9-e003Coalescence-mGAM-p7_S162,101958
8,D8-e003Coalescence-mGAM-p5,4950,1314015,F9-e003Coalescence-mGAM-p7_S162,101958
9,A12-e003Coalescence-mGAM-p3,3963,1039277,F9-e003Coalescence-mGAM-p7_S162,101958
10,B5-e003Coalescence-Inoculumn-mGAM,10,414446,F9-e003Coalescence-mGAM-p7_S162,101958
11,C9-e003Coalescence-mBHI-p3,13,938458,F9-e003Coalescence-mGAM-p7_S162,101958
12,C8-e003Coalescence-mBHI-p7,2314,594610,F9-e003Coalescence-mGAM-p7_S162,101958
13,D8-e003Coalescence-mBHI-p5,2339,614083,F9-e003Coalescence-mGAM-p7_S162,101958
14,B8-e003Assembly-mGAM-p3,2099,511311,F9-e003Coalescence-mGAM-p7_S162,101958
15,A8-e003Coalescence-mBHI-p7,1942,508703,F9-e003Coalescence-mGAM-p7_S162,101958
16,B2-e003Coalescence-Inoculumn-mGAM,3241,1049541,F9-e003Coalescence-mGAM-p7_S162,101958
17,A3-e003Coalescence-Inoculumn-mGAM,1317,560503,F9-e003Coalescence-mGAM-p7_S162,101958
18,A9-e003Coalescence-mBHI-p3,2905,1258192,F9-e003Coalescence-mGAM-p7_S162,101958
19,B9-e003Coalescence-mGAM-p7,14,898503,F9-e003Coalescence-mGAM-p7_S162,101958
20,C3-e003Coalescence-Inoculumn-mGAM,24,638925,F9-e003Coalescence-mGAM-p7_S162,101958
21,B10-e003Coalescence-mBHI-p3,17,972288,F9-e003Coalescence-mGAM-p7_S162,101958
22,A9-e003Coalescence-mBHI-p7,3712,1278174,F9-e003Coalescence-mGAM-p7_S162,101958
23,C2-e003Coalescence-Inoculumn-mGAM,2191,582785,F9-e003Coalescence-mGAM-p7_S162,101958
24,B3-e003Coalescence-Inoculumn-mGAM,14,1149670,F9-e003Coalescence-mGAM-p7_S162,101958
25,B4-e003Coalescence-Inoculumn-mGAM,23,1001069,F9-e003Coalescence-mGAM-p7_S162,101958
26,A2-e003Coalescence-mGAM-p5,3912,1011017,F9-e003Coalescence-mGAM-p7_S162,101958
27,B8-e003Coalescence-mGAM-p5,2894,928737,F9-e003Coalescence-mGAM-p7_S162,101958
28,A5-e003Coalescence-Inoculumn-mGAM,1929,521556,F9-e003Coalescence-mGAM-p7_S162,101958
29,B8-e003GlycerolRevival-mGAM-p2,1662,422751,F9-e003Coalescence-mGAM-p7_S162,101958
30,C8-e003Coalescence-mBHI-p5,4782,1271024,F9-e003Coalescence-mGAM-p7_S162,101958
31,B8-e003Coalescence-mGAM-p7,1988,820884,F9-e003Coalescence-mGAM-p7_S162,101958
32,D2-e003Coalescence-Inoculumn-mGAM,2250,604238,F9-e003Coalescence-mGAM-p7_S162,101958
33,D3-e003Coalescence-Inoculumn-mGAM,11,824536,F9-e003Coalescence-mGAM-p7_S162,101958
34,A11-e003Coalescence-mBHI-p3,4844,1273349,F9-e003Coalescence-mGAM-p7_S162,101958
35,A4-e003Coalescence-Inoculumn-mGAM,4573,1214206,F9-e003Coalescence-mGAM-p7_S162,101958
36,A9-e003Coalescence-mGAM-p5,2779,864112,F9-e003Coalescence-mGAM-p7_S162,101958
37,A11-e003Coalescence-mGAM-p3,4893,1299785,F9-e003Coalescence-mGAM-p7_S162,101958
38,E8-e003Coalescence-mBHI-p5_S5,2058,544751,F9-e003Coalescence-mGAM-p7_S162,101958
39,E9-e003Coalescence-mBHI-p5_S6,157,571529,F9-e003Coalescence-mGAM-p7_S162,101958
40,F111-e003Coalescence-mGAM-p5_S68,1,483352,F9-e003Coalescence-mGAM-p7_S162,101958
41,H2-e003Coalescence-mGAM-p7_S181,4762,1262475,F9-e003Coalescence-mGAM-p7_S162,101958
42,E100-e003Coalescence-mBHI-p7_S103,1443,380075,F9-e003Coalescence-mGAM-p7_S162,101958
43,F9-e003Coalescence-mGAM-p5_S66,2,1107465,F9-e003Coalescence-mGAM-p7_S162,101958
44,F111-e003Coalescence-mGAM-p7_S164,5,554759,F9-e003Coalescence-mGAM-p7_S162,101958
45,E111-e003Coalescence-mBHI-p5_S8,1524,418252,F9-e003Coalescence-mGAM-p7_S162,101958
46,H8-e003Coalescence-mBHI-p7_S137,4086,1076503,F9-e003Coalescence-mGAM-p7_S162,101958
47,E8-e003Coalescence-mBHI-p7_S101,2264,665052,F9-e003Coalescence-mGAM-p7_S162,101958
48,H8-e003Coalescence-mBHI-p5_S41,3018,806338,F9-e003Coalescence-mGAM-p7_S162,101958
49,E100-e003Coalescence-mBHI-p5_S7,2013,524284,F9-e003Coalescence-mGAM-p7_S162,101958
50,F9-e003Coalescence-mGAM-p7_S162,0,524905,F9-e003Coalescence-mGAM-p7_S162,101958
51,F8-e003Coalescence-mGAM-p7_S161,1599,455511,F9-e003Coalescence-mGAM-p7_S162,101958
52,G8-e003Coalescence-mBHI-p3_S129,1878,509674,F9-e003Coalescence-mGAM-p7_S162,101958
53,H8-e003Coalescence-mGAM-p5_S89,4753,1268328,F9-e003Coalescence-mGAM-p7_S162,101958
54,G100-e003Coalescence-mBHI-p3_S131,2387,612901,F9-e003Coalescence-mGAM-p7_S162,101958
55,E9-e003Coalescence-mGAM-p3_S154,2010,749107,F9-e003Coalescence-mGAM-p7_S162,101958
56,F111-e003Coalescence-mGAM-p3_S168,6,682972,F9-e003Coalescence-mGAM-p7_S162,101958
57,G8-e003Coalescence-mBHI-p7_S125,2696,697792,F9-e003Coalescence-mGAM-p7_S162,101958
58,E111-e003Coalescence-mBHI-p7_S104,1803,479608,F9-e003Coalescence-mGAM-p7_S162,101958
59,E111-e003Coalescence-mGAM-p5_S56,4813,1269734,F9-e003Coalescence-mGAM-p7_S162,101958
60,E4-e003Coalescence-mGAM-p7_S147,1640,441794,F9-e003Coalescence-mGAM-p7_S162,101958
61,G8-e003Coalescence-mBHI-p5_S29,2686,724274,F9-e003Coalescence-mGAM-p7_S162,101958
62,E8-e003Coalescence-mBHI-p3_S105,4686,1241202,F9-e003Coalescence-mGAM-p7_S162,101958
63,E8-e003Coalescence-mGAM-p7_S149,1674,443489,F9-e003Coalescence-mGAM-p7_S162,101958
64,G9-e003Coalescence-mGAM-p3_S178,0,597708,F9-e003Coalescence-mGAM-p7_S162,101958
65,H8-e003Coalescence-mGAM-p7_S185,4855,1287125,F9-e003Coalescence-mGAM-p7_S162,101958
0,C9-e003Coalescence-mGAM-p3,1854,745406,F8-e003Coalescence-mGAM-p7_S161,101958
1,A8-e003Coalescence-mBHI-p3,31,1148611,F8-e003Coalescence-mGAM-p7_S161,101958
2,B9-e003Coalescence-mGAM-p5,3271,1266654,F8-e003Coalescence-mGAM-p7_S161,101958
3,C8-e003Assembly-mGAM-p3,28,691607,F8-e003Coalescence-mGAM-p7_S161,101958
4,C8-e003Assembly-mGAM-p5,11,529291,F8-e003Coalescence-mGAM-p7_S161,101958
5,A11-e003Coalescence-mGAM-p7,17,600457,F8-e003Coalescence-mGAM-p7_S161,101958
6,B11-e003Coalescence-mGAM-p3,3140,1218073,F8-e003Coalescence-mGAM-p7_S161,101958
7,A2-e003Coalescence-Inoculumn-mGAM,22,1120015,F8-e003Coalescence-mGAM-p7_S161,101958
8,D8-e003Coalescence-mGAM-p5,26,1314015,F8-e003Coalescence-mGAM-p7_S161,101958
9,A12-e003Coalescence-mGAM-p3,26,1039277,F8-e003Coalescence-mGAM-p7_S161,101958
10,B5-e003Coalescence-Inoculumn-mGAM,1058,414446,F8-e003Coalescence-mGAM-p7_S161,101958
11,C9-e003Coalescence-mBHI-p3,2477,938458,F8-e003Coalescence-mGAM-p7_S161,101958
12,C8-e003Coalescence-mBHI-p7,12,594610,F8-e003Coalescence-mGAM-p7_S161,101958
13,D8-e003Coalescence-mBHI-p5,16,614083,F8-e003Coalescence-mGAM-p7_S161,101958
14,B8-e003Assembly-mGAM-p3,15,511311,F8-e003Coalescence-mGAM-p7_S161,101958
15,A8-e003Coalescence-mBHI-p7,23,508703,F8-e003Coalescence-mGAM-p7_S161,101958
16,B2-e003Coalescence-Inoculumn-mGAM,256,1049541,F8-e003Coalescence-mGAM-p7_S161,101958
17,A3-e003Coalescence-Inoculumn-mGAM,194,560503,F8-e003Coalescence-mGAM-p7_S161,101958
18,A9-e003Coalescence-mBHI-p3,1111,1258192,F8-e003Coalescence-mGAM-p7_S161,101958
19,B9-e003Coalescence-mGAM-p7,2422,898503,F8-e003Coalescence-mGAM-p7_S161,101958
20,C3-e003Coalescence-Inoculumn-mGAM,1630,638925,F8-e003Coalescence-mGAM-p7_S161,101958
21,B10-e003Coalescence-mBHI-p3,2503,972288,F8-e003Coalescence-mGAM-p7_S161,101958
22,A9-e003Coalescence-mBHI-p7,552,1278174,F8-e003Coalescence-mGAM-p7_S161,101958
23,C2-e003Coalescence-Inoculumn-mGAM,22,582785,F8-e003Coalescence-mGAM-p7_S161,101958
24,B3-e003Coalescence-Inoculumn-mGAM,2970,1149670,F8-e003Coalescence-mGAM-p7_S161,101958
25,B4-e003Coalescence-Inoculumn-mGAM,2549,1001069,F8-e003Coalescence-mGAM-p7_S161,101958
26,A2-e003Coalescence-mGAM-p5,26,1011017,F8-e003Coalescence-mGAM-p7_S161,101958
27,B8-e003Coalescence-mGAM-p5,96,928737,F8-e003Coalescence-mGAM-p7_S161,101958
28,A5-e003Coalescence-Inoculumn-mGAM,16,521556,F8-e003Coalescence-mGAM-p7_S161,101958
29,B8-e003GlycerolRevival-mGAM-p2,17,422751,F8-e003Coalescence-mGAM-p7_S161,101958
30,C8-e003Coalescence-mBHI-p5,30,1271024,F8-e003Coalescence-mGAM-p7_S161,101958
31,B8-e003Coalescence-mGAM-p7,283,820884,F8-e003Coalescence-mGAM-p7_S161,101958
32,D2-e003Coalescence-Inoculumn-mGAM,13,604238,F8-e003Coalescence-mGAM-p7_S161,101958
33,D3-e003Coalescence-Inoculumn-mGAM,2197,824536,F8-e003Coalescence-mGAM-p7_S161,101958
34,A11-e003Coalescence-mBHI-p3,28,1273349,F8-e003Coalescence-mGAM-p7_S161,101958
35,A4-e003Coalescence-Inoculumn-mGAM,29,1214206,F8-e003Coalescence-mGAM-p7_S161,101958
36,A9-e003Coalescence-mGAM-p5,63,864112,F8-e003Coalescence-mGAM-p7_S161,101958
37,A11-e003Coalescence-mGAM-p3,29,1299785,F8-e003Coalescence-mGAM-p7_S161,101958
38,E8-e003Coalescence-mBHI-p5_S5,7,544751,F8-e003Coalescence-mGAM-p7_S161,101958
39,E9-e003Coalescence-mBHI-p5_S6,1135,571529,F8-e003Coalescence-mGAM-p7_S161,101958
40,F111-e003Coalescence-mGAM-p5_S68,1338,483352,F8-e003Coalescence-mGAM-p7_S161,101958
41,H2-e003Coalescence-mGAM-p7_S181,24,1262475,F8-e003Coalescence-mGAM-p7_S161,101958
42,E100-e003Coalescence-mBHI-p7_S103,12,380075,F8-e003Coalescence-mGAM-p7_S161,101958
43,F9-e003Coalescence-mGAM-p5_S66,2873,1107465,F8-e003Coalescence-mGAM-p7_S161,101958
44,F111-e003Coalescence-mGAM-p7_S164,1483,554759,F8-e003Coalescence-mGAM-p7_S161,101958
45,E111-e003Coalescence-mBHI-p5_S8,13,418252,F8-e003Coalescence-mGAM-p7_S161,101958
46,H8-e003Coalescence-mBHI-p7_S137,18,1076503,F8-e003Coalescence-mGAM-p7_S161,101958
47,E8-e003Coalescence-mBHI-p7_S101,18,665052,F8-e003Coalescence-mGAM-p7_S161,101958
48,H8-e003Coalescence-mBHI-p5_S41,19,806338,F8-e003Coalescence-mGAM-p7_S161,101958
49,E100-e003Coalescence-mBHI-p5_S7,9,524284,F8-e003Coalescence-mGAM-p7_S161,101958
50,F9-e003Coalescence-mGAM-p7_S162,1465,524905,F8-e003Coalescence-mGAM-p7_S161,101958
51,F8-e003Coalescence-mGAM-p7_S161,0,455511,F8-e003Coalescence-mGAM-p7_S161,101958
52,G8-e003Coalescence-mBHI-p3_S129,14,509674,F8-e003Coalescence-mGAM-p7_S161,101958
53,H8-e003Coalescence-mGAM-p5_S89,23,1268328,F8-e003Coalescence-mGAM-p7_S161,101958
54,G100-e003Coalescence-mBHI-p3_S131,15,612901,F8-e003Coalescence-mGAM-p7_S161,101958
55,E9-e003Coalescence-mGAM-p3_S154,139,749107,F8-e003Coalescence-mGAM-p7_S161,101958
56,F111-e003Coalescence-mGAM-p3_S168,1789,682972,F8-e003Coalescence-mGAM-p7_S161,101958
57,G8-e003Coalescence-mBHI-p7_S125,13,697792,F8-e003Coalescence-mGAM-p7_S161,101958
58,E111-e003Coalescence-mBHI-p7_S104,15,479608,F8-e003Coalescence-mGAM-p7_S161,101958
59,E111-e003Coalescence-mGAM-p5_S56,23,1269734,F8-e003Coalescence-mGAM-p7_S161,101958
60,E4-e003Coalescence-mGAM-p7_S147,7,441794,F8-e003Coalescence-mGAM-p7_S161,101958
61,G8-e003Coalescence-mBHI-p5_S29,14,724274,F8-e003Coalescence-mGAM-p7_S161,101958
62,E8-e003Coalescence-mBHI-p3_S105,23,1241202,F8-e003Coalescence-mGAM-p7_S161,101958
63,E8-e003Coalescence-mGAM-p7_S149,15,443489,F8-e003Coalescence-mGAM-p7_S161,101958
64,G9-e003Coalescence-mGAM-p3_S178,1547,597708,F8-e003Coalescence-mGAM-p7_S161,101958
65,H8-e003Coalescence-mGAM-p7_S185,23,1287125,F8-e003Coalescence-mGAM-p7_S161,101958
0,C9-e003Coalescence-mGAM-p3,2739,745406,G8-e003Coalescence-mBHI-p3_S129,101958
1,A8-e003Coalescence-mBHI-p3,23,1148611,G8-e003Coalescence-mBHI-p3_S129,101958
2,B9-e003Coalescence-mGAM-p5,4641,1266654,G8-e003Coalescence-mBHI-p3_S129,101958
3,C8-e003Assembly-mGAM-p3,10,691607,G8-e003Coalescence-mBHI-p3_S129,101958
4,C8-e003Assembly-mGAM-p5,8,529291,G8-e003Coalescence-mBHI-p3_S129,101958
5,A11-e003Coalescence-mGAM-p7,7,600457,G8-e003Coalescence-mBHI-p3_S129,101958
6,B11-e003Coalescence-mGAM-p3,4515,1218073,G8-e003Coalescence-mBHI-p3_S129,101958
7,A2-e003Coalescence-Inoculumn-mGAM,26,1120015,G8-e003Coalescence-mBHI-p3_S129,101958
8,D8-e003Coalescence-mGAM-p5,27,1314015,G8-e003Coalescence-mBHI-p3_S129,101958
9,A12-e003Coalescence-mGAM-p3,23,1039277,G8-e003Coalescence-mBHI-p3_S129,101958
10,B5-e003Coalescence-Inoculumn-mGAM,1497,414446,G8-e003Coalescence-mBHI-p3_S129,101958
11,C9-e003Coalescence-mBHI-p3,3416,938458,G8-e003Coalescence-mBHI-p3_S129,101958
12,C8-e003Coalescence-mBHI-p7,10,594610,G8-e003Coalescence-mBHI-p3_S129,101958
13,D8-e003Coalescence-mBHI-p5,13,614083,G8-e003Coalescence-mBHI-p3_S129,101958
14,B8-e003Assembly-mGAM-p3,11,511311,G8-e003Coalescence-mBHI-p3_S129,101958
15,A8-e003Coalescence-mBHI-p7,9,508703,G8-e003Coalescence-mBHI-p3_S129,101958
16,B2-e003Coalescence-Inoculumn-mGAM,356,1049541,G8-e003Coalescence-mBHI-p3_S129,101958
17,A3-e003Coalescence-Inoculumn-mGAM,279,560503,G8-e003Coalescence-mBHI-p3_S129,101958
18,A9-e003Coalescence-mBHI-p3,1478,1258192,G8-e003Coalescence-mBHI-p3_S129,101958
19,B9-e003Coalescence-mGAM-p7,3412,898503,G8-e003Coalescence-mBHI-p3_S129,101958
20,C3-e003Coalescence-Inoculumn-mGAM,2392,638925,G8-e003Coalescence-mBHI-p3_S129,101958
21,B10-e003Coalescence-mBHI-p3,3610,972288,G8-e003Coalescence-mBHI-p3_S129,101958
22,A9-e003Coalescence-mBHI-p7,764,1278174,G8-e003Coalescence-mBHI-p3_S129,101958
23,C2-e003Coalescence-Inoculumn-mGAM,13,582785,G8-e003Coalescence-mBHI-p3_S129,101958
24,B3-e003Coalescence-Inoculumn-mGAM,4201,1149670,G8-e003Coalescence-mBHI-p3_S129,101958
25,B4-e003Coalescence-Inoculumn-mGAM,3657,1001069,G8-e003Coalescence-mBHI-p3_S129,101958
26,A2-e003Coalescence-mGAM-p5,19,1011017,G8-e003Coalescence-mBHI-p3_S129,101958
27,B8-e003Coalescence-mGAM-p5,140,928737,G8-e003Coalescence-mBHI-p3_S129,101958
28,A5-e003Coalescence-Inoculumn-mGAM,8,521556,G8-e003Coalescence-mBHI-p3_S129,101958
29,B8-e003GlycerolRevival-mGAM-p2,12,422751,G8-e003Coalescence-mBHI-p3_S129,101958
30,C8-e003Coalescence-mBHI-p5,23,1271024,G8-e003Coalescence-mBHI-p3_S129,101958
31,B8-e003Coalescence-mGAM-p7,384,820884,G8-e003Coalescence-mBHI-p3_S129,101958
32,D2-e003Coalescence-Inoculumn-mGAM,16,604238,G8-e003Coalescence-mBHI-p3_S129,101958
33,D3-e003Coalescence-Inoculumn-mGAM,3086,824536,G8-e003Coalescence-mBHI-p3_S129,101958
34,A11-e003Coalescence-mBHI-p3,22,1273349,G8-e003Coalescence-mBHI-p3_S129,101958
35,A4-e003Coalescence-Inoculumn-mGAM,23,1214206,G8-e003Coalescence-mBHI-p3_S129,101958
36,A9-e003Coalescence-mGAM-p5,58,864112,G8-e003Coalescence-mBHI-p3_S129,101958
37,A11-e003Coalescence-mGAM-p3,24,1299785,G8-e003Coalescence-mBHI-p3_S129,101958
38,E8-e003Coalescence-mBHI-p5_S5,8,544751,G8-e003Coalescence-mBHI-p3_S129,101958
39,E9-e003Coalescence-mBHI-p5_S6,1643,571529,G8-e003Coalescence-mBHI-p3_S129,101958
40,F111-e003Coalescence-mGAM-p5_S68,1786,483352,G8-e003Coalescence-mBHI-p3_S129,101958
41,H2-e003Coalescence-mGAM-p7_S181,14,1262475,G8-e003Coalescence-mBHI-p3_S129,101958
42,E100-e003Coalescence-mBHI-p7_S103,2,380075,G8-e003Coalescence-mBHI-p3_S129,101958
43,F9-e003Coalescence-mGAM-p5_S66,4043,1107465,G8-e003Coalescence-mBHI-p3_S129,101958
44,F111-e003Coalescence-mGAM-p7_S164,2089,554759,G8-e003Coalescence-mBHI-p3_S129,101958
45,E111-e003Coalescence-mBHI-p5_S8,11,418252,G8-e003Coalescence-mBHI-p3_S129,101958
46,H8-e003Coalescence-mBHI-p7_S137,8,1076503,G8-e003Coalescence-mBHI-p3_S129,101958
47,E8-e003Coalescence-mBHI-p7_S101,13,665052,G8-e003Coalescence-mBHI-p3_S129,101958
48,H8-e003Coalescence-mBHI-p5_S41,10,806338,G8-e003Coalescence-mBHI-p3_S129,101958
49,E100-e003Coalescence-mBHI-p5_S7,10,524284,G8-e003Coalescence-mBHI-p3_S129,101958
50,F9-e003Coalescence-mGAM-p7_S162,1876,524905,G8-e003Coalescence-mBHI-p3_S129,101958
51,F8-e003Coalescence-mGAM-p7_S161,13,455511,G8-e003Coalescence-mBHI-p3_S129,101958
52,G8-e003Coalescence-mBHI-p3_S129,0,509674,G8-e003Coalescence-mBHI-p3_S129,101958
53,H8-e003Coalescence-mGAM-p5_S89,17,1268328,G8-e003Coalescence-mBHI-p3_S129,101958
54,G100-e003Coalescence-mBHI-p3_S131,7,612901,G8-e003Coalescence-mBHI-p3_S129,101958
55,E9-e003Coalescence-mGAM-p3_S154,180,749107,G8-e003Coalescence-mBHI-p3_S129,101958
56,F111-e003Coalescence-mGAM-p3_S168,2510,682972,G8-e003Coalescence-mBHI-p3_S129,101958
57,G8-e003Coalescence-mBHI-p7_S125,5,697792,G8-e003Coalescence-mBHI-p3_S129,101958
58,E111-e003Coalescence-mBHI-p7_S104,6,479608,G8-e003Coalescence-mBHI-p3_S129,101958
59,E111-e003Coalescence-mGAM-p5_S56,15,1269734,G8-e003Coalescence-mBHI-p3_S129,101958
60,E4-e003Coalescence-mGAM-p7_S147,9,441794,G8-e003Coalescence-mBHI-p3_S129,101958
61,G8-e003Coalescence-mBHI-p5_S29,9,724274,G8-e003Coalescence-mBHI-p3_S129,101958
62,E8-e003Coalescence-mBHI-p3_S105,10,1241202,G8-e003Coalescence-mBHI-p3_S129,101958
63,E8-e003Coalescence-mGAM-p7_S149,5,443489,G8-e003Coalescence-mBHI-p3_S129,101958
64,G9-e003Coalescence-mGAM-p3_S178,2146,597708,G8-e003Coalescence-mBHI-p3_S129,101958
65,H8-e003Coalescence-mGAM-p7_S185,18,1287125,G8-e003Coalescence-mBHI-p3_S129,101958
0,C9-e003Coalescence-mGAM-p3,6639,745406,H8-e003Coalescence-mGAM-p5_S89,101958
1,A8-e003Coalescence-mBHI-p3,33,1148611,H8-e003Coalescence-mGAM-p5_S89,101958
2,B9-e003Coalescence-mGAM-p5,11783,1266654,H8-e003Coalescence-mGAM-p5_S89,101958
3,C8-e003Assembly-mGAM-p3,12,691607,H8-e003Coalescence-mGAM-p5_S89,101958
4,C8-e003Assembly-mGAM-p5,13,529291,H8-e003Coalescence-mGAM-p5_S89,101958
5,A11-e003Coalescence-mGAM-p7,19,600457,H8-e003Coalescence-mGAM-p5_S89,101958
6,B11-e003Coalescence-mGAM-p3,11383,1218073,H8-e003Coalescence-mGAM-p5_S89,101958
7,A2-e003Coalescence-Inoculumn-mGAM,31,1120015,H8-e003Coalescence-mGAM-p5_S89,101958
8,D8-e003Coalescence-mGAM-p5,38,1314015,H8-e003Coalescence-mGAM-p5_S89,101958
9,A12-e003Coalescence-mGAM-p3,33,1039277,H8-e003Coalescence-mGAM-p5_S89,101958
10,B5-e003Coalescence-Inoculumn-mGAM,3674,414446,H8-e003Coalescence-mGAM-p5_S89,101958
11,C9-e003Coalescence-mBHI-p3,8637,938458,H8-e003Coalescence-mGAM-p5_S89,101958
12,C8-e003Coalescence-mBHI-p7,16,594610,H8-e003Coalescence-mGAM-p5_S89,101958
13,D8-e003Coalescence-mBHI-p5,24,614083,H8-e003Coalescence-mGAM-p5_S89,101958
14,B8-e003Assembly-mGAM-p3,7,511311,H8-e003Coalescence-mGAM-p5_S89,101958
15,A8-e003Coalescence-mBHI-p7,25,508703,H8-e003Coalescence-mGAM-p5_S89,101958
16,B2-e003Coalescence-Inoculumn-mGAM,877,1049541,H8-e003Coalescence-mGAM-p5_S89,101958
17,A3-e003Coalescence-Inoculumn-mGAM,631,560503,H8-e003Coalescence-mGAM-p5_S89,101958
18,A9-e003Coalescence-mBHI-p3,3982,1258192,H8-e003Coalescence-mGAM-p5_S89,101958
19,B9-e003Coalescence-mGAM-p7,8421,898503,H8-e003Coalescence-mGAM-p5_S89,101958
20,C3-e003Coalescence-Inoculumn-mGAM,5776,638925,H8-e003Coalescence-mGAM-p5_S89,101958
21,B10-e003Coalescence-mBHI-p3,8837,972288,H8-e003Coalescence-mGAM-p5_S89,101958
22,A9-e003Coalescence-mBHI-p7,2177,1278174,H8-e003Coalescence-mGAM-p5_S89,101958
23,C2-e003Coalescence-Inoculumn-mGAM,25,582785,H8-e003Coalescence-mGAM-p5_S89,101958
24,B3-e003Coalescence-Inoculumn-mGAM,10592,1149670,H8-e003Coalescence-mGAM-p5_S89,101958
25,B4-e003Coalescence-Inoculumn-mGAM,9098,1001069,H8-e003Coalescence-mGAM-p5_S89,101958
26,A2-e003Coalescence-mGAM-p5,36,1011017,H8-e003Coalescence-mGAM-p5_S89,101958
27,B8-e003Coalescence-mGAM-p5,389,928737,H8-e003Coalescence-mGAM-p5_S89,101958
28,A5-e003Coalescence-Inoculumn-mGAM,12,521556,H8-e003Coalescence-mGAM-p5_S89,101958
29,B8-e003GlycerolRevival-mGAM-p2,10,422751,H8-e003Coalescence-mGAM-p5_S89,101958
30,C8-e003Coalescence-mBHI-p5,37,1271024,H8-e003Coalescence-mGAM-p5_S89,101958
31,B8-e003Coalescence-mGAM-p7,954,820884,H8-e003Coalescence-mGAM-p5_S89,101958
32,D2-e003Coalescence-Inoculumn-mGAM,18,604238,H8-e003Coalescence-mGAM-p5_S89,101958
33,D3-e003Coalescence-Inoculumn-mGAM,7631,824536,H8-e003Coalescence-mGAM-p5_S89,101958
34,A11-e003Coalescence-mBHI-p3,38,1273349,H8-e003Coalescence-mGAM-p5_S89,101958
35,A4-e003Coalescence-Inoculumn-mGAM,38,1214206,H8-e003Coalescence-mGAM-p5_S89,101958
36,A9-e003Coalescence-mGAM-p5,187,864112,H8-e003Coalescence-mGAM-p5_S89,101958
37,A11-e003Coalescence-mGAM-p3,35,1299785,H8-e003Coalescence-mGAM-p5_S89,101958
38,E8-e003Coalescence-mBHI-p5_S5,3,544751,H8-e003Coalescence-mGAM-p5_S89,101958
39,E9-e003Coalescence-mBHI-p5_S6,4074,571529,H8-e003Coalescence-mGAM-p5_S89,101958
40,F111-e003Coalescence-mGAM-p5_S68,4218,483352,H8-e003Coalescence-mGAM-p5_S89,101958
41,H2-e003Coalescence-mGAM-p7_S181,7,1262475,H8-e003Coalescence-mGAM-p5_S89,101958
42,E100-e003Coalescence-mBHI-p7_S103,1,380075,H8-e003Coalescence-mGAM-p5_S89,101958
43,F9-e003Coalescence-mGAM-p5_S66,10100,1107465,H8-e003Coalescence-mGAM-p5_S89,101958
44,F111-e003Coalescence-mGAM-p7_S164,5070,554759,H8-e003Coalescence-mGAM-p5_S89,101958
45,E111-e003Coalescence-mBHI-p5_S8,2,418252,H8-e003Coalescence-mGAM-p5_S89,101958
46,H8-e003Coalescence-mBHI-p7_S137,4,1076503,H8-e003Coalescence-mGAM-p5_S89,101958
47,E8-e003Coalescence-mBHI-p7_S101,10,665052,H8-e003Coalescence-mGAM-p5_S89,101958
48,H8-e003Coalescence-mBHI-p5_S41,1,806338,H8-e003Coalescence-mGAM-p5_S89,101958
49,E100-e003Coalescence-mBHI-p5_S7,6,524284,H8-e003Coalescence-mGAM-p5_S89,101958
50,F9-e003Coalescence-mGAM-p7_S162,4751,524905,H8-e003Coalescence-mGAM-p5_S89,101958
51,F8-e003Coalescence-mGAM-p7_S161,18,455511,H8-e003Coalescence-mGAM-p5_S89,101958
52,G8-e003Coalescence-mBHI-p3_S129,6,509674,H8-e003Coalescence-mGAM-p5_S89,101958
53,H8-e003Coalescence-mGAM-p5_S89,0,1268328,H8-e003Coalescence-mGAM-p5_S89,101958
54,G100-e003Coalescence-mBHI-p3_S131,0,612901,H8-e003Coalescence-mGAM-p5_S89,101958
55,E9-e003Coalescence-mGAM-p3_S154,448,749107,H8-e003Coalescence-mGAM-p5_S89,101958
56,F111-e003Coalescence-mGAM-p3_S168,6057,682972,H8-e003Coalescence-mGAM-p5_S89,101958
57,G8-e003Coalescence-mBHI-p7_S125,2,697792,H8-e003Coalescence-mGAM-p5_S89,101958
58,E111-e003Coalescence-mBHI-p7_S104,0,479608,H8-e003Coalescence-mGAM-p5_S89,101958
59,E111-e003Coalescence-mGAM-p5_S56,3,1269734,H8-e003Coalescence-mGAM-p5_S89,101958
60,E4-e003Coalescence-mGAM-p7_S147,2,441794,H8-e003Coalescence-mGAM-p5_S89,101958
61,G8-e003Coalescence-mBHI-p5_S29,2,724274,H8-e003Coalescence-mGAM-p5_S89,101958
62,E8-e003Coalescence-mBHI-p3_S105,4,1241202,H8-e003Coalescence-mGAM-p5_S89,101958
63,E8-e003Coalescence-mGAM-p7_S149,2,443489,H8-e003Coalescence-mGAM-p5_S89,101958
64,G9-e003Coalescence-mGAM-p3_S178,5266,597708,H8-e003Coalescence-mGAM-p5_S89,101958
65,H8-e003Coalescence-mGAM-p7_S185,1,1287125,H8-e003Coalescence-mGAM-p5_S89,101958
0,C9-e003Coalescence-mGAM-p3,3212,745406,G100-e003Coalescence-mBHI-p3_S131,101958
1,A8-e003Coalescence-mBHI-p3,11,1148611,G100-e003Coalescence-mBHI-p3_S131,101958
2,B9-e003Coalescence-mGAM-p5,5604,1266654,G100-e003Coalescence-mBHI-p3_S131,101958
3,C8-e003Assembly-mGAM-p3,9,691607,G100-e003Coalescence-mBHI-p3_S131,101958
4,C8-e003Assembly-mGAM-p5,5,529291,G100-e003Coalescence-mBHI-p3_S131,101958
5,A11-e003Coalescence-mGAM-p7,6,600457,G100-e003Coalescence-mBHI-p3_S131,101958
6,B11-e003Coalescence-mGAM-p3,5409,1218073,G100-e003Coalescence-mBHI-p3_S131,101958
7,A2-e003Coalescence-Inoculumn-mGAM,10,1120015,G100-e003Coalescence-mBHI-p3_S131,101958
8,D8-e003Coalescence-mGAM-p5,10,1314015,G100-e003Coalescence-mBHI-p3_S131,101958
9,A12-e003Coalescence-mGAM-p3,8,1039277,G100-e003Coalescence-mBHI-p3_S131,101958
10,B5-e003Coalescence-Inoculumn-mGAM,1810,414446,G100-e003Coalescence-mBHI-p3_S131,101958
11,C9-e003Coalescence-mBHI-p3,4111,938458,G100-e003Coalescence-mBHI-p3_S131,101958
12,C8-e003Coalescence-mBHI-p7,7,594610,G100-e003Coalescence-mBHI-p3_S131,101958
13,D8-e003Coalescence-mBHI-p5,6,614083,G100-e003Coalescence-mBHI-p3_S131,101958
14,B8-e003Assembly-mGAM-p3,3,511311,G100-e003Coalescence-mBHI-p3_S131,101958
15,A8-e003Coalescence-mBHI-p7,6,508703,G100-e003Coalescence-mBHI-p3_S131,101958
16,B2-e003Coalescence-Inoculumn-mGAM,418,1049541,G100-e003Coalescence-mBHI-p3_S131,101958
17,A3-e003Coalescence-Inoculumn-mGAM,296,560503,G100-e003Coalescence-mBHI-p3_S131,101958
18,A9-e003Coalescence-mBHI-p3,1799,1258192,G100-e003Coalescence-mBHI-p3_S131,101958
19,B9-e003Coalescence-mGAM-p7,4102,898503,G100-e003Coalescence-mBHI-p3_S131,101958
20,C3-e003Coalescence-Inoculumn-mGAM,2846,638925,G100-e003Coalescence-mBHI-p3_S131,101958
21,B10-e003Coalescence-mBHI-p3,4225,972288,G100-e003Coalescence-mBHI-p3_S131,101958
22,A9-e003Coalescence-mBHI-p7,953,1278174,G100-e003Coalescence-mBHI-p3_S131,101958
23,C2-e003Coalescence-Inoculumn-mGAM,7,582785,G100-e003Coalescence-mBHI-p3_S131,101958
24,B3-e003Coalescence-Inoculumn-mGAM,5090,1149670,G100-e003Coalescence-mBHI-p3_S131,101958
25,B4-e003Coalescence-Inoculumn-mGAM,4393,1001069,G100-e003Coalescence-mBHI-p3_S131,101958
26,A2-e003Coalescence-mGAM-p5,13,1011017,G100-e003Coalescence-mBHI-p3_S131,101958
27,B8-e003Coalescence-mGAM-p5,184,928737,G100-e003Coalescence-mBHI-p3_S131,101958
28,A5-e003Coalescence-Inoculumn-mGAM,3,521556,G100-e003Coalescence-mBHI-p3_S131,101958
29,B8-e003GlycerolRevival-mGAM-p2,6,422751,G100-e003Coalescence-mBHI-p3_S131,101958
30,C8-e003Coalescence-mBHI-p5,11,1271024,G100-e003Coalescence-mBHI-p3_S131,101958
31,B8-e003Coalescence-mGAM-p7,471,820884,G100-e003Coalescence-mBHI-p3_S131,101958
32,D2-e003Coalescence-Inoculumn-mGAM,5,604238,G100-e003Coalescence-mBHI-p3_S131,101958
33,D3-e003Coalescence-Inoculumn-mGAM,3708,824536,G100-e003Coalescence-mBHI-p3_S131,101958
34,A11-e003Coalescence-mBHI-p3,9,1273349,G100-e003Coalescence-mBHI-p3_S131,101958
35,A4-e003Coalescence-Inoculumn-mGAM,15,1214206,G100-e003Coalescence-mBHI-p3_S131,101958
36,A9-e003Coalescence-mGAM-p5,80,864112,G100-e003Coalescence-mBHI-p3_S131,101958
37,A11-e003Coalescence-mGAM-p3,7,1299785,G100-e003Coalescence-mBHI-p3_S131,101958
38,E8-e003Coalescence-mBHI-p5_S5,7,544751,G100-e003Coalescence-mBHI-p3_S131,101958
39,E9-e003Coalescence-mBHI-p5_S6,2049,571529,G100-e003Coalescence-mBHI-p3_S131,101958
40,F111-e003Coalescence-mGAM-p5_S68,2190,483352,G100-e003Coalescence-mBHI-p3_S131,101958
41,H2-e003Coalescence-mGAM-p7_S181,7,1262475,G100-e003Coalescence-mBHI-p3_S131,101958
42,E100-e003Coalescence-mBHI-p7_S103,4,380075,G100-e003Coalescence-mBHI-p3_S131,101958
43,F9-e003Coalescence-mGAM-p5_S66,4905,1107465,G100-e003Coalescence-mBHI-p3_S131,101958
44,F111-e003Coalescence-mGAM-p7_S164,2465,554759,G100-e003Coalescence-mBHI-p3_S131,101958
45,E111-e003Coalescence-mBHI-p5_S8,3,418252,G100-e003Coalescence-mBHI-p3_S131,101958
46,H8-e003Coalescence-mBHI-p7_S137,7,1076503,G100-e003Coalescence-mBHI-p3_S131,101958
47,E8-e003Coalescence-mBHI-p7_S101,8,665052,G100-e003Coalescence-mBHI-p3_S131,101958
48,H8-e003Coalescence-mBHI-p5_S41,6,806338,G100-e003Coalescence-mBHI-p3_S131,101958
49,E100-e003Coalescence-mBHI-p5_S7,5,524284,G100-e003Coalescence-mBHI-p3_S131,101958
50,F9-e003Coalescence-mGAM-p7_S162,2387,524905,G100-e003Coalescence-mBHI-p3_S131,101958
51,F8-e003Coalescence-mGAM-p7_S161,14,455511,G100-e003Coalescence-mBHI-p3_S131,101958
52,G8-e003Coalescence-mBHI-p3_S129,5,509674,G100-e003Coalescence-mBHI-p3_S131,101958
53,H8-e003Coalescence-mGAM-p5_S89,7,1268328,G100-e003Coalescence-mBHI-p3_S131,101958
54,G100-e003Coalescence-mBHI-p3_S131,0,612901,G100-e003Coalescence-mBHI-p3_S131,101958
55,E9-e003Coalescence-mGAM-p3_S154,228,749107,G100-e003Coalescence-mBHI-p3_S131,101958
56,F111-e003Coalescence-mGAM-p3_S168,3054,682972,G100-e003Coalescence-mBHI-p3_S131,101958
57,G8-e003Coalescence-mBHI-p7_S125,6,697792,G100-e003Coalescence-mBHI-p3_S131,101958
58,E111-e003Coalescence-mBHI-p7_S104,4,479608,G100-e003Coalescence-mBHI-p3_S131,101958
59,E111-e003Coalescence-mGAM-p5_S56,6,1269734,G100-e003Coalescence-mBHI-p3_S131,101958
60,E4-e003Coalescence-mGAM-p7_S147,4,441794,G100-e003Coalescence-mBHI-p3_S131,101958
61,G8-e003Coalescence-mBHI-p5_S29,7,724274,G100-e003Coalescence-mBHI-p3_S131,101958
62,E8-e003Coalescence-mBHI-p3_S105,7,1241202,G100-e003Coalescence-mBHI-p3_S131,101958
63,E8-e003Coalescence-mGAM-p7_S149,2,443489,G100-e003Coalescence-mBHI-p3_S131,101958
64,G9-e003Coalescence-mGAM-p3_S178,2665,597708,G100-e003Coalescence-mBHI-p3_S131,101958
65,H8-e003Coalescence-mGAM-p7_S185,7,1287125,G100-e003Coalescence-mBHI-p3_S131,101958
0,C9-e003Coalescence-mGAM-p3,1445,745406,E9-e003Coalescence-mGAM-p3_S154,101958
1,A8-e003Coalescence-mBHI-p3,452,1148611,E9-e003Coalescence-mGAM-p3_S154,101958
2,B9-e003Coalescence-mGAM-p5,2424,1266654,E9-e003Coalescence-mGAM-p3_S154,101958
3,C8-e003Assembly-mGAM-p3,251,691607,E9-e003Coalescence-mGAM-p3_S154,101958
4,C8-e003Assembly-mGAM-p5,189,529291,E9-e003Coalescence-mGAM-p3_S154,101958
5,A11-e003Coalescence-mGAM-p7,214,600457,E9-e003Coalescence-mGAM-p3_S154,101958
6,B11-e003Coalescence-mGAM-p3,2343,1218073,E9-e003Coalescence-mGAM-p3_S154,101958
7,A2-e003Coalescence-Inoculumn-mGAM,405,1120015,E9-e003Coalescence-mGAM-p3_S154,101958
8,D8-e003Coalescence-mGAM-p5,490,1314015,E9-e003Coalescence-mGAM-p3_S154,101958
9,A12-e003Coalescence-mGAM-p3,380,1039277,E9-e003Coalescence-mGAM-p3_S154,101958
10,B5-e003Coalescence-Inoculumn-mGAM,755,414446,E9-e003Coalescence-mGAM-p3_S154,101958
11,C9-e003Coalescence-mBHI-p3,1759,938458,E9-e003Coalescence-mGAM-p3_S154,101958
12,C8-e003Coalescence-mBHI-p7,231,594610,E9-e003Coalescence-mGAM-p3_S154,101958
13,D8-e003Coalescence-mBHI-p5,215,614083,E9-e003Coalescence-mGAM-p3_S154,101958
14,B8-e003Assembly-mGAM-p3,181,511311,E9-e003Coalescence-mGAM-p3_S154,101958
15,A8-e003Coalescence-mBHI-p7,203,508703,E9-e003Coalescence-mGAM-p3_S154,101958
16,B2-e003Coalescence-Inoculumn-mGAM,441,1049541,E9-e003Coalescence-mGAM-p3_S154,101958
17,A3-e003Coalescence-Inoculumn-mGAM,221,560503,E9-e003Coalescence-mGAM-p3_S154,101958
18,A9-e003Coalescence-mBHI-p3,1050,1258192,E9-e003Coalescence-mGAM-p3_S154,101958
19,B9-e003Coalescence-mGAM-p7,1760,898503,E9-e003Coalescence-mGAM-p3_S154,101958
20,C3-e003Coalescence-Inoculumn-mGAM,1246,638925,E9-e003Coalescence-mGAM-p3_S154,101958
21,B10-e003Coalescence-mBHI-p3,1864,972288,E9-e003Coalescence-mGAM-p3_S154,101958
22,A9-e003Coalescence-mBHI-p7,719,1278174,E9-e003Coalescence-mGAM-p3_S154,101958
23,C2-e003Coalescence-Inoculumn-mGAM,215,582785,E9-e003Coalescence-mGAM-p3_S154,101958
24,B3-e003Coalescence-Inoculumn-mGAM,2244,1149670,E9-e003Coalescence-mGAM-p3_S154,101958
25,B4-e003Coalescence-Inoculumn-mGAM,1881,1001069,E9-e003Coalescence-mGAM-p3_S154,101958
26,A2-e003Coalescence-mGAM-p5,353,1011017,E9-e003Coalescence-mGAM-p3_S154,101958
27,B8-e003Coalescence-mGAM-p5,342,928737,E9-e003Coalescence-mGAM-p3_S154,101958
28,A5-e003Coalescence-Inoculumn-mGAM,202,521556,E9-e003Coalescence-mGAM-p3_S154,101958
29,B8-e003GlycerolRevival-mGAM-p2,143,422751,E9-e003Coalescence-mGAM-p3_S154,101958
30,C8-e003Coalescence-mBHI-p5,486,1271024,E9-e003Coalescence-mGAM-p3_S154,101958
31,B8-e003Coalescence-mGAM-p7,381,820884,E9-e003Coalescence-mGAM-p3_S154,101958
32,D2-e003Coalescence-Inoculumn-mGAM,223,604238,E9-e003Coalescence-mGAM-p3_S154,101958
33,D3-e003Coalescence-Inoculumn-mGAM,1590,824536,E9-e003Coalescence-mGAM-p3_S154,101958
34,A11-e003Coalescence-mBHI-p3,473,1273349,E9-e003Coalescence-mGAM-p3_S154,101958
35,A4-e003Coalescence-Inoculumn-mGAM,458,1214206,E9-e003Coalescence-mGAM-p3_S154,101958
36,A9-e003Coalescence-mGAM-p5,300,864112,E9-e003Coalescence-mGAM-p3_S154,101958
37,A11-e003Coalescence-mGAM-p3,469,1299785,E9-e003Coalescence-mGAM-p3_S154,101958
38,E8-e003Coalescence-mBHI-p5_S5,182,544751,E9-e003Coalescence-mGAM-p3_S154,101958
39,E9-e003Coalescence-mBHI-p5_S6,853,571529,E9-e003Coalescence-mGAM-p3_S154,101958
40,F111-e003Coalescence-mGAM-p5_S68,900,483352,E9-e003Coalescence-mGAM-p3_S154,101958
41,H2-e003Coalescence-mGAM-p7_S181,439,1262475,E9-e003Coalescence-mGAM-p3_S154,101958
42,E100-e003Coalescence-mBHI-p7_S103,118,380075,E9-e003Coalescence-mGAM-p3_S154,101958
43,F9-e003Coalescence-mGAM-p5_S66,2127,1107465,E9-e003Coalescence-mGAM-p3_S154,101958
44,F111-e003Coalescence-mGAM-p7_S164,1075,554759,E9-e003Coalescence-mGAM-p3_S154,101958
45,E111-e003Coalescence-mBHI-p5_S8,140,418252,E9-e003Coalescence-mGAM-p3_S154,101958
46,H8-e003Coalescence-mBHI-p7_S137,395,1076503,E9-e003Coalescence-mGAM-p3_S154,101958
47,E8-e003Coalescence-mBHI-p7_S101,234,665052,E9-e003Coalescence-mGAM-p3_S154,101958
48,H8-e003Coalescence-mBHI-p5_S41,283,806338,E9-e003Coalescence-mGAM-p3_S154,101958
49,E100-e003Coalescence-mBHI-p5_S7,170,524284,E9-e003Coalescence-mGAM-p3_S154,101958
50,F9-e003Coalescence-mGAM-p7_S162,972,524905,E9-e003Coalescence-mGAM-p3_S154,101958
51,F8-e003Coalescence-mGAM-p7_S161,135,455511,E9-e003Coalescence-mGAM-p3_S154,101958
52,G8-e003Coalescence-mBHI-p3_S129,175,509674,E9-e003Coalescence-mGAM-p3_S154,101958
53,H8-e003Coalescence-mGAM-p5_S89,446,1268328,E9-e003Coalescence-mGAM-p3_S154,101958
54,G100-e003Coalescence-mBHI-p3_S131,224,612901,E9-e003Coalescence-mGAM-p3_S154,101958
55,E9-e003Coalescence-mGAM-p3_S154,0,749107,E9-e003Coalescence-mGAM-p3_S154,101958
56,F111-e003Coalescence-mGAM-p3_S168,1295,682972,E9-e003Coalescence-mGAM-p3_S154,101958
57,G8-e003Coalescence-mBHI-p7_S125,207,697792,E9-e003Coalescence-mGAM-p3_S154,101958
58,E111-e003Coalescence-mBHI-p7_S104,174,479608,E9-e003Coalescence-mGAM-p3_S154,101958
59,E111-e003Coalescence-mGAM-p5_S56,437,1269734,E9-e003Coalescence-mGAM-p3_S154,101958
60,E4-e003Coalescence-mGAM-p7_S147,153,441794,E9-e003Coalescence-mGAM-p3_S154,101958
61,G8-e003Coalescence-mBHI-p5_S29,283,724274,E9-e003Coalescence-mGAM-p3_S154,101958
62,E8-e003Coalescence-mBHI-p3_S105,440,1241202,E9-e003Coalescence-mGAM-p3_S154,101958
63,E8-e003Coalescence-mGAM-p7_S149,150,443489,E9-e003Coalescence-mGAM-p3_S154,101958
64,G9-e003Coalescence-mGAM-p3_S178,1125,597708,E9-e003Coalescence-mGAM-p3_S154,101958
65,H8-e003Coalescence-mGAM-p7_S185,448,1287125,E9-e003Coalescence-mGAM-p3_S154,101958
0,C9-e003Coalescence-mGAM-p3,9,745406,F111-e003Coalescence-mGAM-p3_S168,101958
1,A8-e003Coalescence-mBHI-p3,5561,1148611,F111-e003Coalescence-mGAM-p3_S168,101958
2,B9-e003Coalescence-mGAM-p5,13,1266654,F111-e003Coalescence-mGAM-p3_S168,101958
3,C8-e003Assembly-mGAM-p3,3316,691607,F111-e003Coalescence-mGAM-p3_S168,101958
4,C8-e003Assembly-mGAM-p5,2517,529291,F111-e003Coalescence-mGAM-p3_S168,101958
5,A11-e003Coalescence-mGAM-p7,2906,600457,F111-e003Coalescence-mGAM-p3_S168,101958
6,B11-e003Coalescence-mGAM-p3,13,1218073,F111-e003Coalescence-mGAM-p3_S168,101958
7,A2-e003Coalescence-Inoculumn-mGAM,5374,1120015,F111-e003Coalescence-mGAM-p3_S168,101958
8,D8-e003Coalescence-mGAM-p5,6271,1314015,F111-e003Coalescence-mGAM-p3_S168,101958
9,A12-e003Coalescence-mGAM-p3,5053,1039277,F111-e003Coalescence-mGAM-p3_S168,101958
10,B5-e003Coalescence-Inoculumn-mGAM,1,414446,F111-e003Coalescence-mGAM-p3_S168,101958
11,C9-e003Coalescence-mBHI-p3,7,938458,F111-e003Coalescence-mGAM-p3_S168,101958
12,C8-e003Coalescence-mBHI-p7,2912,594610,F111-e003Coalescence-mGAM-p3_S168,101958
13,D8-e003Coalescence-mBHI-p5,2911,614083,F111-e003Coalescence-mGAM-p3_S168,101958
14,B8-e003Assembly-mGAM-p3,2586,511311,F111-e003Coalescence-mGAM-p3_S168,101958
15,A8-e003Coalescence-mBHI-p7,2569,508703,F111-e003Coalescence-mGAM-p3_S168,101958
16,B2-e003Coalescence-Inoculumn-mGAM,4098,1049541,F111-e003Coalescence-mGAM-p3_S168,101958
17,A3-e003Coalescence-Inoculumn-mGAM,1693,560503,F111-e003Coalescence-mGAM-p3_S168,101958
18,A9-e003Coalescence-mBHI-p3,3747,1258192,F111-e003Coalescence-mGAM-p3_S168,101958
19,B9-e003Coalescence-mGAM-p7,10,898503,F111-e003Coalescence-mGAM-p3_S168,101958
20,C3-e003Coalescence-Inoculumn-mGAM,17,638925,F111-e003Coalescence-mGAM-p3_S168,101958
21,B10-e003Coalescence-mBHI-p3,19,972288,F111-e003Coalescence-mGAM-p3_S168,101958
22,A9-e003Coalescence-mBHI-p7,4777,1278174,F111-e003Coalescence-mGAM-p3_S168,101958
23,C2-e003Coalescence-Inoculumn-mGAM,2850,582785,F111-e003Coalescence-mGAM-p3_S168,101958
24,B3-e003Coalescence-Inoculumn-mGAM,11,1149670,F111-e003Coalescence-mGAM-p3_S168,101958
25,B4-e003Coalescence-Inoculumn-mGAM,19,1001069,F111-e003Coalescence-mGAM-p3_S168,101958
26,A2-e003Coalescence-mGAM-p5,4935,1011017,F111-e003Coalescence-mGAM-p3_S168,101958
27,B8-e003Coalescence-mGAM-p5,3667,928737,F111-e003Coalescence-mGAM-p3_S168,101958
28,A5-e003Coalescence-Inoculumn-mGAM,2535,521556,F111-e003Coalescence-mGAM-p3_S168,101958
29,B8-e003GlycerolRevival-mGAM-p2,2110,422751,F111-e003Coalescence-mGAM-p3_S168,101958
30,C8-e003Coalescence-mBHI-p5,6059,1271024,F111-e003Coalescence-mGAM-p3_S168,101958
31,B8-e003Coalescence-mGAM-p7,2585,820884,F111-e003Coalescence-mGAM-p3_S168,101958
32,D2-e003Coalescence-Inoculumn-mGAM,2948,604238,F111-e003Coalescence-mGAM-p3_S168,101958
33,D3-e003Coalescence-Inoculumn-mGAM,10,824536,F111-e003Coalescence-mGAM-p3_S168,101958
34,A11-e003Coalescence-mBHI-p3,6101,1273349,F111-e003Coalescence-mGAM-p3_S168,101958
35,A4-e003Coalescence-Inoculumn-mGAM,5834,1214206,F111-e003Coalescence-mGAM-p3_S168,101958
36,A9-e003Coalescence-mGAM-p5,3531,864112,F111-e003Coalescence-mGAM-p3_S168,101958
37,A11-e003Coalescence-mGAM-p3,6225,1299785,F111-e003Coalescence-mGAM-p3_S168,101958
38,E8-e003Coalescence-mBHI-p5_S5,2743,544751,F111-e003Coalescence-mGAM-p3_S168,101958
39,E9-e003Coalescence-mBHI-p5_S6,181,571529,F111-e003Coalescence-mGAM-p3_S168,101958
40,F111-e003Coalescence-mGAM-p5_S68,1,483352,F111-e003Coalescence-mGAM-p3_S168,101958
41,H2-e003Coalescence-mGAM-p7_S181,6010,1262475,F111-e003Coalescence-mGAM-p3_S168,101958
42,E100-e003Coalescence-mBHI-p7_S103,1862,380075,F111-e003Coalescence-mGAM-p3_S168,101958
43,F9-e003Coalescence-mGAM-p5_S66,3,1107465,F111-e003Coalescence-mGAM-p3_S168,101958
44,F111-e003Coalescence-mGAM-p7_S164,1,554759,F111-e003Coalescence-mGAM-p3_S168,101958
45,E111-e003Coalescence-mBHI-p5_S8,1990,418252,F111-e003Coalescence-mGAM-p3_S168,101958
46,H8-e003Coalescence-mBHI-p7_S137,5193,1076503,F111-e003Coalescence-mGAM-p3_S168,101958
47,E8-e003Coalescence-mBHI-p7_S101,3045,665052,F111-e003Coalescence-mGAM-p3_S168,101958
48,H8-e003Coalescence-mBHI-p5_S41,3860,806338,F111-e003Coalescence-mGAM-p3_S168,101958
49,E100-e003Coalescence-mBHI-p5_S7,2650,524284,F111-e003Coalescence-mGAM-p3_S168,101958
50,F9-e003Coalescence-mGAM-p7_S162,1,524905,F111-e003Coalescence-mGAM-p3_S168,101958
51,F8-e003Coalescence-mGAM-p7_S161,1946,455511,F111-e003Coalescence-mGAM-p3_S168,101958
52,G8-e003Coalescence-mBHI-p3_S129,2513,509674,F111-e003Coalescence-mGAM-p3_S168,101958
53,H8-e003Coalescence-mGAM-p5_S89,6059,1268328,F111-e003Coalescence-mGAM-p3_S168,101958
54,G100-e003Coalescence-mBHI-p3_S131,3054,612901,F111-e003Coalescence-mGAM-p3_S168,101958
55,E9-e003Coalescence-mGAM-p3_S154,2595,749107,F111-e003Coalescence-mGAM-p3_S168,101958
56,F111-e003Coalescence-mGAM-p3_S168,0,682972,F111-e003Coalescence-mGAM-p3_S168,101958
57,G8-e003Coalescence-mBHI-p7_S125,3413,697792,F111-e003Coalescence-mGAM-p3_S168,101958
58,E111-e003Coalescence-mBHI-p7_S104,2385,479608,F111-e003Coalescence-mGAM-p3_S168,101958
59,E111-e003Coalescence-mGAM-p5_S56,6093,1269734,F111-e003Coalescence-mGAM-p3_S168,101958
60,E4-e003Coalescence-mGAM-p7_S147,2054,441794,F111-e003Coalescence-mGAM-p3_S168,101958
61,G8-e003Coalescence-mBHI-p5_S29,3592,724274,F111-e003Coalescence-mGAM-p3_S168,101958
62,E8-e003Coalescence-mBHI-p3_S105,5968,1241202,F111-e003Coalescence-mGAM-p3_S168,101958
63,E8-e003Coalescence-mGAM-p7_S149,2125,443489,F111-e003Coalescence-mGAM-p3_S168,101958
64,G9-e003Coalescence-mGAM-p3_S178,0,597708,F111-e003Coalescence-mGAM-p3_S168,101958
65,H8-e003Coalescence-mGAM-p7_S185,6157,1287125,F111-e003Coalescence-mGAM-p3_S168,101958
0,C9-e003Coalescence-mGAM-p3,3639,745406,G8-e003Coalescence-mBHI-p7_S125,101958
1,A8-e003Coalescence-mBHI-p3,25,1148611,G8-e003Coalescence-mBHI-p7_S125,101958
2,B9-e003Coalescence-mGAM-p5,6292,1266654,G8-e003Coalescence-mBHI-p7_S125,101958
3,C8-e003Assembly-mGAM-p3,14,691607,G8-e003Coalescence-mBHI-p7_S125,101958
4,C8-e003Assembly-mGAM-p5,9,529291,G8-e003Coalescence-mBHI-p7_S125,101958
5,A11-e003Coalescence-mGAM-p7,11,600457,G8-e003Coalescence-mBHI-p7_S125,101958
6,B11-e003Coalescence-mGAM-p3,6070,1218073,G8-e003Coalescence-mBHI-p7_S125,101958
7,A2-e003Coalescence-Inoculumn-mGAM,21,1120015,G8-e003Coalescence-mBHI-p7_S125,101958
8,D8-e003Coalescence-mGAM-p5,26,1314015,G8-e003Coalescence-mBHI-p7_S125,101958
9,A12-e003Coalescence-mGAM-p3,24,1039277,G8-e003Coalescence-mBHI-p7_S125,101958
10,B5-e003Coalescence-Inoculumn-mGAM,2012,414446,G8-e003Coalescence-mBHI-p7_S125,101958
11,C9-e003Coalescence-mBHI-p3,4619,938458,G8-e003Coalescence-mBHI-p7_S125,101958
12,C8-e003Coalescence-mBHI-p7,11,594610,G8-e003Coalescence-mBHI-p7_S125,101958
13,D8-e003Coalescence-mBHI-p5,25,614083,G8-e003Coalescence-mBHI-p7_S125,101958
14,B8-e003Assembly-mGAM-p3,9,511311,G8-e003Coalescence-mBHI-p7_S125,101958
15,A8-e003Coalescence-mBHI-p7,17,508703,G8-e003Coalescence-mBHI-p7_S125,101958
16,B2-e003Coalescence-Inoculumn-mGAM,441,1049541,G8-e003Coalescence-mBHI-p7_S125,101958
17,A3-e003Coalescence-Inoculumn-mGAM,325,560503,G8-e003Coalescence-mBHI-p7_S125,101958
18,A9-e003Coalescence-mBHI-p3,2005,1258192,G8-e003Coalescence-mBHI-p7_S125,101958
19,B9-e003Coalescence-mGAM-p7,4570,898503,G8-e003Coalescence-mBHI-p7_S125,101958
20,C3-e003Coalescence-Inoculumn-mGAM,3111,638925,G8-e003Coalescence-mBHI-p7_S125,101958
21,B10-e003Coalescence-mBHI-p3,4784,972288,G8-e003Coalescence-mBHI-p7_S125,101958
22,A9-e003Coalescence-mBHI-p7,1077,1278174,G8-e003Coalescence-mBHI-p7_S125,101958
23,C2-e003Coalescence-Inoculumn-mGAM,14,582785,G8-e003Coalescence-mBHI-p7_S125,101958
24,B3-e003Coalescence-Inoculumn-mGAM,5657,1149670,G8-e003Coalescence-mBHI-p7_S125,101958
25,B4-e003Coalescence-Inoculumn-mGAM,4854,1001069,G8-e003Coalescence-mBHI-p7_S125,101958
26,A2-e003Coalescence-mGAM-p5,22,1011017,G8-e003Coalescence-mBHI-p7_S125,101958
27,B8-e003Coalescence-mGAM-p5,221,928737,G8-e003Coalescence-mBHI-p7_S125,101958
28,A5-e003Coalescence-Inoculumn-mGAM,16,521556,G8-e003Coalescence-mBHI-p7_S125,101958
29,B8-e003GlycerolRevival-mGAM-p2,7,422751,G8-e003Coalescence-mBHI-p7_S125,101958
30,C8-e003Coalescence-mBHI-p5,26,1271024,G8-e003Coalescence-mBHI-p7_S125,101958
31,B8-e003Coalescence-mGAM-p7,476,820884,G8-e003Coalescence-mBHI-p7_S125,101958
32,D2-e003Coalescence-Inoculumn-mGAM,11,604238,G8-e003Coalescence-mBHI-p7_S125,101958
33,D3-e003Coalescence-Inoculumn-mGAM,4109,824536,G8-e003Coalescence-mBHI-p7_S125,101958
34,A11-e003Coalescence-mBHI-p3,26,1273349,G8-e003Coalescence-mBHI-p7_S125,101958
35,A4-e003Coalescence-Inoculumn-mGAM,25,1214206,G8-e003Coalescence-mBHI-p7_S125,101958
36,A9-e003Coalescence-mGAM-p5,102,864112,G8-e003Coalescence-mBHI-p7_S125,101958
37,A11-e003Coalescence-mGAM-p3,27,1299785,G8-e003Coalescence-mBHI-p7_S125,101958
38,E8-e003Coalescence-mBHI-p5_S5,6,544751,G8-e003Coalescence-mBHI-p7_S125,101958
39,E9-e003Coalescence-mBHI-p5_S6,2210,571529,G8-e003Coalescence-mBHI-p7_S125,101958
40,F111-e003Coalescence-mGAM-p5_S68,2408,483352,G8-e003Coalescence-mBHI-p7_S125,101958
41,H2-e003Coalescence-mGAM-p7_S181,4,1262475,G8-e003Coalescence-mBHI-p7_S125,101958
42,E100-e003Coalescence-mBHI-p7_S103,6,380075,G8-e003Coalescence-mBHI-p7_S125,101958
43,F9-e003Coalescence-mGAM-p5_S66,5488,1107465,G8-e003Coalescence-mBHI-p7_S125,101958
44,F111-e003Coalescence-mGAM-p7_S164,2760,554759,G8-e003Coalescence-mBHI-p7_S125,101958
45,E111-e003Coalescence-mBHI-p5_S8,7,418252,G8-e003Coalescence-mBHI-p7_S125,101958
46,H8-e003Coalescence-mBHI-p7_S137,6,1076503,G8-e003Coalescence-mBHI-p7_S125,101958
47,E8-e003Coalescence-mBHI-p7_S101,9,665052,G8-e003Coalescence-mBHI-p7_S125,101958
48,H8-e003Coalescence-mBHI-p5_S41,6,806338,G8-e003Coalescence-mBHI-p7_S125,101958
49,E100-e003Coalescence-mBHI-p5_S7,6,524284,G8-e003Coalescence-mBHI-p7_S125,101958
50,F9-e003Coalescence-mGAM-p7_S162,2694,524905,G8-e003Coalescence-mBHI-p7_S125,101958
51,F8-e003Coalescence-mGAM-p7_S161,9,455511,G8-e003Coalescence-mBHI-p7_S125,101958
52,G8-e003Coalescence-mBHI-p3_S129,0,509674,G8-e003Coalescence-mBHI-p7_S125,101958
53,H8-e003Coalescence-mGAM-p5_S89,6,1268328,G8-e003Coalescence-mBHI-p7_S125,101958
54,G100-e003Coalescence-mBHI-p3_S131,3,612901,G8-e003Coalescence-mBHI-p7_S125,101958
55,E9-e003Coalescence-mGAM-p3_S154,208,749107,G8-e003Coalescence-mBHI-p7_S125,101958
56,F111-e003Coalescence-mGAM-p3_S168,3410,682972,G8-e003Coalescence-mBHI-p7_S125,101958
57,G8-e003Coalescence-mBHI-p7_S125,0,697792,G8-e003Coalescence-mBHI-p7_S125,101958
58,E111-e003Coalescence-mBHI-p7_S104,6,479608,G8-e003Coalescence-mBHI-p7_S125,101958
59,E111-e003Coalescence-mGAM-p5_S56,6,1269734,G8-e003Coalescence-mBHI-p7_S125,101958
60,E4-e003Coalescence-mGAM-p7_S147,2,441794,G8-e003Coalescence-mBHI-p7_S125,101958
61,G8-e003Coalescence-mBHI-p5_S29,5,724274,G8-e003Coalescence-mBHI-p7_S125,101958
62,E8-e003Coalescence-mBHI-p3_S105,5,1241202,G8-e003Coalescence-mBHI-p7_S125,101958
63,E8-e003Coalescence-mGAM-p7_S149,2,443489,G8-e003Coalescence-mBHI-p7_S125,101958
64,G9-e003Coalescence-mGAM-p3_S178,2899,597708,G8-e003Coalescence-mBHI-p7_S125,101958
65,H8-e003Coalescence-mGAM-p7_S185,6,1287125,G8-e003Coalescence-mBHI-p7_S125,101958
0,C9-e003Coalescence-mGAM-p3,2455,745406,E111-e003Coalescence-mBHI-p7_S104,101958
1,A8-e003Coalescence-mBHI-p3,19,1148611,E111-e003Coalescence-mBHI-p7_S104,101958
2,B9-e003Coalescence-mGAM-p5,4115,1266654,E111-e003Coalescence-mBHI-p7_S104,101958
3,C8-e003Assembly-mGAM-p3,18,691607,E111-e003Coalescence-mBHI-p7_S104,101958
4,C8-e003Assembly-mGAM-p5,17,529291,E111-e003Coalescence-mBHI-p7_S104,101958
5,A11-e003Coalescence-mGAM-p7,9,600457,E111-e003Coalescence-mBHI-p7_S104,101958
6,B11-e003Coalescence-mGAM-p3,3996,1218073,E111-e003Coalescence-mBHI-p7_S104,101958
7,A2-e003Coalescence-Inoculumn-mGAM,24,1120015,E111-e003Coalescence-mBHI-p7_S104,101958
8,D8-e003Coalescence-mGAM-p5,19,1314015,E111-e003Coalescence-mBHI-p7_S104,101958
9,A12-e003Coalescence-mGAM-p3,25,1039277,E111-e003Coalescence-mBHI-p7_S104,101958
10,B5-e003Coalescence-Inoculumn-mGAM,1392,414446,E111-e003Coalescence-mBHI-p7_S104,101958
11,C9-e003Coalescence-mBHI-p3,3180,938458,E111-e003Coalescence-mBHI-p7_S104,101958
12,C8-e003Coalescence-mBHI-p7,10,594610,E111-e003Coalescence-mBHI-p7_S104,101958
13,D8-e003Coalescence-mBHI-p5,15,614083,E111-e003Coalescence-mBHI-p7_S104,101958
14,B8-e003Assembly-mGAM-p3,7,511311,E111-e003Coalescence-mBHI-p7_S104,101958
15,A8-e003Coalescence-mBHI-p7,9,508703,E111-e003Coalescence-mBHI-p7_S104,101958
16,B2-e003Coalescence-Inoculumn-mGAM,311,1049541,E111-e003Coalescence-mBHI-p7_S104,101958
17,A3-e003Coalescence-Inoculumn-mGAM,238,560503,E111-e003Coalescence-mBHI-p7_S104,101958
18,A9-e003Coalescence-mBHI-p3,1382,1258192,E111-e003Coalescence-mBHI-p7_S104,101958
19,B9-e003Coalescence-mGAM-p7,3051,898503,E111-e003Coalescence-mBHI-p7_S104,101958
20,C3-e003Coalescence-Inoculumn-mGAM,2101,638925,E111-e003Coalescence-mBHI-p7_S104,101958
21,B10-e003Coalescence-mBHI-p3,3248,972288,E111-e003Coalescence-mBHI-p7_S104,101958
22,A9-e003Coalescence-mBHI-p7,718,1278174,E111-e003Coalescence-mBHI-p7_S104,101958
23,C2-e003Coalescence-Inoculumn-mGAM,12,582785,E111-e003Coalescence-mBHI-p7_S104,101958
24,B3-e003Coalescence-Inoculumn-mGAM,3754,1149670,E111-e003Coalescence-mBHI-p7_S104,101958
25,B4-e003Coalescence-Inoculumn-mGAM,3298,1001069,E111-e003Coalescence-mBHI-p7_S104,101958
26,A2-e003Coalescence-mGAM-p5,20,1011017,E111-e003Coalescence-mBHI-p7_S104,101958
27,B8-e003Coalescence-mGAM-p5,125,928737,E111-e003Coalescence-mBHI-p7_S104,101958
28,A5-e003Coalescence-Inoculumn-mGAM,5,521556,E111-e003Coalescence-mBHI-p7_S104,101958
29,B8-e003GlycerolRevival-mGAM-p2,7,422751,E111-e003Coalescence-mBHI-p7_S104,101958
30,C8-e003Coalescence-mBHI-p5,24,1271024,E111-e003Coalescence-mBHI-p7_S104,101958
31,B8-e003Coalescence-mGAM-p7,323,820884,E111-e003Coalescence-mBHI-p7_S104,101958
32,D2-e003Coalescence-Inoculumn-mGAM,16,604238,E111-e003Coalescence-mBHI-p7_S104,101958
33,D3-e003Coalescence-Inoculumn-mGAM,2716,824536,E111-e003Coalescence-mBHI-p7_S104,101958
34,A11-e003Coalescence-mBHI-p3,17,1273349,E111-e003Coalescence-mBHI-p7_S104,101958
35,A4-e003Coalescence-Inoculumn-mGAM,12,1214206,E111-e003Coalescence-mBHI-p7_S104,101958
36,A9-e003Coalescence-mGAM-p5,54,864112,E111-e003Coalescence-mBHI-p7_S104,101958
37,A11-e003Coalescence-mGAM-p3,23,1299785,E111-e003Coalescence-mBHI-p7_S104,101958
38,E8-e003Coalescence-mBHI-p5_S5,11,544751,E111-e003Coalescence-mBHI-p7_S104,101958
39,E9-e003Coalescence-mBHI-p5_S6,1610,571529,E111-e003Coalescence-mBHI-p7_S104,101958
40,F111-e003Coalescence-mGAM-p5_S68,1575,483352,E111-e003Coalescence-mBHI-p7_S104,101958
41,H2-e003Coalescence-mGAM-p7_S181,11,1262475,E111-e003Coalescence-mBHI-p7_S104,101958
42,E100-e003Coalescence-mBHI-p7_S103,3,380075,E111-e003Coalescence-mBHI-p7_S104,101958
43,F9-e003Coalescence-mGAM-p5_S66,3670,1107465,E111-e003Coalescence-mBHI-p7_S104,101958
44,F111-e003Coalescence-mGAM-p7_S164,1928,554759,E111-e003Coalescence-mBHI-p7_S104,101958
45,E111-e003Coalescence-mBHI-p5_S8,6,418252,E111-e003Coalescence-mBHI-p7_S104,101958
46,H8-e003Coalescence-mBHI-p7_S137,9,1076503,E111-e003Coalescence-mBHI-p7_S104,101958
47,E8-e003Coalescence-mBHI-p7_S101,12,665052,E111-e003Coalescence-mBHI-p7_S104,101958
48,H8-e003Coalescence-mBHI-p5_S41,8,806338,E111-e003Coalescence-mBHI-p7_S104,101958
49,E100-e003Coalescence-mBHI-p5_S7,11,524284,E111-e003Coalescence-mBHI-p7_S104,101958
50,F9-e003Coalescence-mGAM-p7_S162,1785,524905,E111-e003Coalescence-mBHI-p7_S104,101958
51,F8-e003Coalescence-mGAM-p7_S161,14,455511,E111-e003Coalescence-mBHI-p7_S104,101958
52,G8-e003Coalescence-mBHI-p3_S129,8,509674,E111-e003Coalescence-mBHI-p7_S104,101958
53,H8-e003Coalescence-mGAM-p5_S89,13,1268328,E111-e003Coalescence-mBHI-p7_S104,101958
54,G100-e003Coalescence-mBHI-p3_S131,9,612901,E111-e003Coalescence-mBHI-p7_S104,101958
55,E9-e003Coalescence-mGAM-p3_S154,177,749107,E111-e003Coalescence-mBHI-p7_S104,101958
56,F111-e003Coalescence-mGAM-p3_S168,2370,682972,E111-e003Coalescence-mBHI-p7_S104,101958
57,G8-e003Coalescence-mBHI-p7_S125,7,697792,E111-e003Coalescence-mBHI-p7_S104,101958
58,E111-e003Coalescence-mBHI-p7_S104,0,479608,E111-e003Coalescence-mBHI-p7_S104,101958
59,E111-e003Coalescence-mGAM-p5_S56,15,1269734,E111-e003Coalescence-mBHI-p7_S104,101958
60,E4-e003Coalescence-mGAM-p7_S147,7,441794,E111-e003Coalescence-mBHI-p7_S104,101958
61,G8-e003Coalescence-mBHI-p5_S29,10,724274,E111-e003Coalescence-mBHI-p7_S104,101958
62,E8-e003Coalescence-mBHI-p3_S105,17,1241202,E111-e003Coalescence-mBHI-p7_S104,101958
63,E8-e003Coalescence-mGAM-p7_S149,5,443489,E111-e003Coalescence-mBHI-p7_S104,101958
64,G9-e003Coalescence-mGAM-p3_S178,1981,597708,E111-e003Coalescence-mBHI-p7_S104,101958
65,H8-e003Coalescence-mGAM-p7_S185,10,1287125,E111-e003Coalescence-mBHI-p7_S104,101958
0,C9-e003Coalescence-mGAM-p3,6664,745406,E111-e003Coalescence-mGAM-p5_S56,101958
1,A8-e003Coalescence-mBHI-p3,38,1148611,E111-e003Coalescence-mGAM-p5_S56,101958
2,B9-e003Coalescence-mGAM-p5,11823,1266654,E111-e003Coalescence-mGAM-p5_S56,101958
3,C8-e003Assembly-mGAM-p3,14,691607,E111-e003Coalescence-mGAM-p5_S56,101958
4,C8-e003Assembly-mGAM-p5,15,529291,E111-e003Coalescence-mGAM-p5_S56,101958
5,A11-e003Coalescence-mGAM-p7,15,600457,E111-e003Coalescence-mGAM-p5_S56,101958
6,B11-e003Coalescence-mGAM-p3,11381,1218073,E111-e003Coalescence-mGAM-p5_S56,101958
7,A2-e003Coalescence-Inoculumn-mGAM,33,1120015,E111-e003Coalescence-mGAM-p5_S56,101958
8,D8-e003Coalescence-mGAM-p5,42,1314015,E111-e003Coalescence-mGAM-p5_S56,101958
9,A12-e003Coalescence-mGAM-p3,32,1039277,E111-e003Coalescence-mGAM-p5_S56,101958
10,B5-e003Coalescence-Inoculumn-mGAM,3696,414446,E111-e003Coalescence-mGAM-p5_S56,101958
11,C9-e003Coalescence-mBHI-p3,8652,938458,E111-e003Coalescence-mGAM-p5_S56,101958
12,C8-e003Coalescence-mBHI-p7,18,594610,E111-e003Coalescence-mGAM-p5_S56,101958
13,D8-e003Coalescence-mBHI-p5,18,614083,E111-e003Coalescence-mGAM-p5_S56,101958
14,B8-e003Assembly-mGAM-p3,5,511311,E111-e003Coalescence-mGAM-p5_S56,101958
15,A8-e003Coalescence-mBHI-p7,22,508703,E111-e003Coalescence-mGAM-p5_S56,101958
16,B2-e003Coalescence-Inoculumn-mGAM,859,1049541,E111-e003Coalescence-mGAM-p5_S56,101958
17,A3-e003Coalescence-Inoculumn-mGAM,617,560503,E111-e003Coalescence-mGAM-p5_S56,101958
18,A9-e003Coalescence-mBHI-p3,3975,1258192,E111-e003Coalescence-mGAM-p5_S56,101958
19,B9-e003Coalescence-mGAM-p7,8414,898503,E111-e003Coalescence-mGAM-p5_S56,101958
20,C3-e003Coalescence-Inoculumn-mGAM,5840,638925,E111-e003Coalescence-mGAM-p5_S56,101958
21,B10-e003Coalescence-mBHI-p3,8887,972288,E111-e003Coalescence-mGAM-p5_S56,101958
22,A9-e003Coalescence-mBHI-p7,2155,1278174,E111-e003Coalescence-mGAM-p5_S56,101958
23,C2-e003Coalescence-Inoculumn-mGAM,20,582785,E111-e003Coalescence-mGAM-p5_S56,101958
24,B3-e003Coalescence-Inoculumn-mGAM,10636,1149670,E111-e003Coalescence-mGAM-p5_S56,101958
25,B4-e003Coalescence-Inoculumn-mGAM,9142,1001069,E111-e003Coalescence-mGAM-p5_S56,101958
26,A2-e003Coalescence-mGAM-p5,35,1011017,E111-e003Coalescence-mGAM-p5_S56,101958
27,B8-e003Coalescence-mGAM-p5,365,928737,E111-e003Coalescence-mGAM-p5_S56,101958
28,A5-e003Coalescence-Inoculumn-mGAM,16,521556,E111-e003Coalescence-mGAM-p5_S56,101958
29,B8-e003GlycerolRevival-mGAM-p2,10,422751,E111-e003Coalescence-mGAM-p5_S56,101958
30,C8-e003Coalescence-mBHI-p5,40,1271024,E111-e003Coalescence-mGAM-p5_S56,101958
31,B8-e003Coalescence-mGAM-p7,974,820884,E111-e003Coalescence-mGAM-p5_S56,101958
32,D2-e003Coalescence-Inoculumn-mGAM,16,604238,E111-e003Coalescence-mGAM-p5_S56,101958
33,D3-e003Coalescence-Inoculumn-mGAM,7629,824536,E111-e003Coalescence-mGAM-p5_S56,101958
34,A11-e003Coalescence-mBHI-p3,41,1273349,E111-e003Coalescence-mGAM-p5_S56,101958
35,A4-e003Coalescence-Inoculumn-mGAM,42,1214206,E111-e003Coalescence-mGAM-p5_S56,101958
36,A9-e003Coalescence-mGAM-p5,173,864112,E111-e003Coalescence-mGAM-p5_S56,101958
37,A11-e003Coalescence-mGAM-p3,33,1299785,E111-e003Coalescence-mGAM-p5_S56,101958
38,E8-e003Coalescence-mBHI-p5_S5,2,544751,E111-e003Coalescence-mGAM-p5_S56,101958
39,E9-e003Coalescence-mBHI-p5_S6,4106,571529,E111-e003Coalescence-mGAM-p5_S56,101958
40,F111-e003Coalescence-mGAM-p5_S68,4252,483352,E111-e003Coalescence-mGAM-p5_S56,101958
41,H2-e003Coalescence-mGAM-p7_S181,4,1262475,E111-e003Coalescence-mGAM-p5_S56,101958
42,E100-e003Coalescence-mBHI-p7_S103,0,380075,E111-e003Coalescence-mGAM-p5_S56,101958
43,F9-e003Coalescence-mGAM-p5_S66,10153,1107465,E111-e003Coalescence-mGAM-p5_S56,101958
44,F111-e003Coalescence-mGAM-p7_S164,5073,554759,E111-e003Coalescence-mGAM-p5_S56,101958
45,E111-e003Coalescence-mBHI-p5_S8,2,418252,E111-e003Coalescence-mGAM-p5_S56,101958
46,H8-e003Coalescence-mBHI-p7_S137,3,1076503,E111-e003Coalescence-mGAM-p5_S56,101958
47,E8-e003Coalescence-mBHI-p7_S101,9,665052,E111-e003Coalescence-mGAM-p5_S56,101958
48,H8-e003Coalescence-mBHI-p5_S41,1,806338,E111-e003Coalescence-mGAM-p5_S56,101958
49,E100-e003Coalescence-mBHI-p5_S7,5,524284,E111-e003Coalescence-mGAM-p5_S56,101958
50,F9-e003Coalescence-mGAM-p7_S162,4812,524905,E111-e003Coalescence-mGAM-p5_S56,101958
51,F8-e003Coalescence-mGAM-p7_S161,17,455511,E111-e003Coalescence-mGAM-p5_S56,101958
52,G8-e003Coalescence-mBHI-p3_S129,8,509674,E111-e003Coalescence-mGAM-p5_S56,101958
53,H8-e003Coalescence-mGAM-p5_S89,5,1268328,E111-e003Coalescence-mGAM-p5_S56,101958
54,G100-e003Coalescence-mBHI-p3_S131,0,612901,E111-e003Coalescence-mGAM-p5_S56,101958
55,E9-e003Coalescence-mGAM-p3_S154,442,749107,E111-e003Coalescence-mGAM-p5_S56,101958
56,F111-e003Coalescence-mGAM-p3_S168,6092,682972,E111-e003Coalescence-mGAM-p5_S56,101958
57,G8-e003Coalescence-mBHI-p7_S125,1,697792,E111-e003Coalescence-mGAM-p5_S56,101958
58,E111-e003Coalescence-mBHI-p7_S104,0,479608,E111-e003Coalescence-mGAM-p5_S56,101958
59,E111-e003Coalescence-mGAM-p5_S56,0,1269734,E111-e003Coalescence-mGAM-p5_S56,101958
60,E4-e003Coalescence-mGAM-p7_S147,0,441794,E111-e003Coalescence-mGAM-p5_S56,101958
61,G8-e003Coalescence-mBHI-p5_S29,2,724274,E111-e003Coalescence-mGAM-p5_S56,101958
62,E8-e003Coalescence-mBHI-p3_S105,3,1241202,E111-e003Coalescence-mGAM-p5_S56,101958
63,E8-e003Coalescence-mGAM-p7_S149,0,443489,E111-e003Coalescence-mGAM-p5_S56,101958
64,G9-e003Coalescence-mGAM-p3_S178,5283,597708,E111-e003Coalescence-mGAM-p5_S56,101958
65,H8-e003Coalescence-mGAM-p7_S185,2,1287125,E111-e003Coalescence-mGAM-p5_S56,101958
0,C9-e003Coalescence-mGAM-p3,2228,745406,E4-e003Coalescence-mGAM-p7_S147,101958
1,A8-e003Coalescence-mBHI-p3,19,1148611,E4-e003Coalescence-mGAM-p7_S147,101958
2,B9-e003Coalescence-mGAM-p5,3809,1266654,E4-e003Coalescence-mGAM-p7_S147,101958
3,C8-e003Assembly-mGAM-p3,13,691607,E4-e003Coalescence-mGAM-p7_S147,101958
4,C8-e003Assembly-mGAM-p5,8,529291,E4-e003Coalescence-mGAM-p7_S147,101958
5,A11-e003Coalescence-mGAM-p7,7,600457,E4-e003Coalescence-mGAM-p7_S147,101958
6,B11-e003Coalescence-mGAM-p3,3667,1218073,E4-e003Coalescence-mGAM-p7_S147,101958
7,A2-e003Coalescence-Inoculumn-mGAM,14,1120015,E4-e003Coalescence-mGAM-p7_S147,101958
8,D8-e003Coalescence-mGAM-p5,16,1314015,E4-e003Coalescence-mGAM-p7_S147,101958
9,A12-e003Coalescence-mGAM-p3,17,1039277,E4-e003Coalescence-mGAM-p7_S147,101958
10,B5-e003Coalescence-Inoculumn-mGAM,1230,414446,E4-e003Coalescence-mGAM-p7_S147,101958
11,C9-e003Coalescence-mBHI-p3,2853,938458,E4-e003Coalescence-mGAM-p7_S147,101958
12,C8-e003Coalescence-mBHI-p7,11,594610,E4-e003Coalescence-mGAM-p7_S147,101958
13,D8-e003Coalescence-mBHI-p5,12,614083,E4-e003Coalescence-mGAM-p7_S147,101958
14,B8-e003Assembly-mGAM-p3,4,511311,E4-e003Coalescence-mGAM-p7_S147,101958
15,A8-e003Coalescence-mBHI-p7,8,508703,E4-e003Coalescence-mGAM-p7_S147,101958
16,B2-e003Coalescence-Inoculumn-mGAM,264,1049541,E4-e003Coalescence-mGAM-p7_S147,101958
17,A3-e003Coalescence-Inoculumn-mGAM,195,560503,E4-e003Coalescence-mGAM-p7_S147,101958
18,A9-e003Coalescence-mBHI-p3,1285,1258192,E4-e003Coalescence-mGAM-p7_S147,101958
19,B9-e003Coalescence-mGAM-p7,2707,898503,E4-e003Coalescence-mGAM-p7_S147,101958
20,C3-e003Coalescence-Inoculumn-mGAM,2038,638925,E4-e003Coalescence-mGAM-p7_S147,101958
21,B10-e003Coalescence-mBHI-p3,2908,972288,E4-e003Coalescence-mGAM-p7_S147,101958
22,A9-e003Coalescence-mBHI-p7,686,1278174,E4-e003Coalescence-mGAM-p7_S147,101958
23,C2-e003Coalescence-Inoculumn-mGAM,10,582785,E4-e003Coalescence-mGAM-p7_S147,101958
24,B3-e003Coalescence-Inoculumn-mGAM,3462,1149670,E4-e003Coalescence-mGAM-p7_S147,101958
25,B4-e003Coalescence-Inoculumn-mGAM,3009,1001069,E4-e003Coalescence-mGAM-p7_S147,101958
26,A2-e003Coalescence-mGAM-p5,19,1011017,E4-e003Coalescence-mGAM-p7_S147,101958
27,B8-e003Coalescence-mGAM-p5,120,928737,E4-e003Coalescence-mGAM-p7_S147,101958
28,A5-e003Coalescence-Inoculumn-mGAM,8,521556,E4-e003Coalescence-mGAM-p7_S147,101958
29,B8-e003GlycerolRevival-mGAM-p2,10,422751,E4-e003Coalescence-mGAM-p7_S147,101958
30,C8-e003Coalescence-mBHI-p5,18,1271024,E4-e003Coalescence-mGAM-p7_S147,101958
31,B8-e003Coalescence-mGAM-p7,301,820884,E4-e003Coalescence-mGAM-p7_S147,101958
32,D2-e003Coalescence-Inoculumn-mGAM,8,604238,E4-e003Coalescence-mGAM-p7_S147,101958
33,D3-e003Coalescence-Inoculumn-mGAM,2546,824536,E4-e003Coalescence-mGAM-p7_S147,101958
34,A11-e003Coalescence-mBHI-p3,19,1273349,E4-e003Coalescence-mGAM-p7_S147,101958
35,A4-e003Coalescence-Inoculumn-mGAM,16,1214206,E4-e003Coalescence-mGAM-p7_S147,101958
36,A9-e003Coalescence-mGAM-p5,67,864112,E4-e003Coalescence-mGAM-p7_S147,101958
37,A11-e003Coalescence-mGAM-p3,17,1299785,E4-e003Coalescence-mGAM-p7_S147,101958
38,E8-e003Coalescence-mBHI-p5_S5,4,544751,E4-e003Coalescence-mGAM-p7_S147,101958
39,E9-e003Coalescence-mBHI-p5_S6,1375,571529,E4-e003Coalescence-mGAM-p7_S147,101958
40,F111-e003Coalescence-mGAM-p5_S68,1493,483352,E4-e003Coalescence-mGAM-p7_S147,101958
41,H2-e003Coalescence-mGAM-p7_S181,11,1262475,E4-e003Coalescence-mGAM-p7_S147,101958
42,E100-e003Coalescence-mBHI-p7_S103,2,380075,E4-e003Coalescence-mGAM-p7_S147,101958
43,F9-e003Coalescence-mGAM-p5_S66,3320,1107465,E4-e003Coalescence-mGAM-p7_S147,101958
44,F111-e003Coalescence-mGAM-p7_S164,1675,554759,E4-e003Coalescence-mGAM-p7_S147,101958
45,E111-e003Coalescence-mBHI-p5_S8,6,418252,E4-e003Coalescence-mGAM-p7_S147,101958
46,H8-e003Coalescence-mBHI-p7_S137,5,1076503,E4-e003Coalescence-mGAM-p7_S147,101958
47,E8-e003Coalescence-mBHI-p7_S101,11,665052,E4-e003Coalescence-mGAM-p7_S147,101958
48,H8-e003Coalescence-mBHI-p5_S41,7,806338,E4-e003Coalescence-mGAM-p7_S147,101958
49,E100-e003Coalescence-mBHI-p5_S7,9,524284,E4-e003Coalescence-mGAM-p7_S147,101958
50,F9-e003Coalescence-mGAM-p7_S162,1642,524905,E4-e003Coalescence-mGAM-p7_S147,101958
51,F8-e003Coalescence-mGAM-p7_S161,5,455511,E4-e003Coalescence-mGAM-p7_S147,101958
52,G8-e003Coalescence-mBHI-p3_S129,8,509674,E4-e003Coalescence-mGAM-p7_S147,101958
53,H8-e003Coalescence-mGAM-p5_S89,12,1268328,E4-e003Coalescence-mGAM-p7_S147,101958
54,G100-e003Coalescence-mBHI-p3_S131,5,612901,E4-e003Coalescence-mGAM-p7_S147,101958
55,E9-e003Coalescence-mGAM-p3_S154,158,749107,E4-e003Coalescence-mGAM-p7_S147,101958
56,F111-e003Coalescence-mGAM-p3_S168,2056,682972,E4-e003Coalescence-mGAM-p7_S147,101958
57,G8-e003Coalescence-mBHI-p7_S125,8,697792,E4-e003Coalescence-mGAM-p7_S147,101958
58,E111-e003Coalescence-mBHI-p7_S104,3,479608,E4-e003Coalescence-mGAM-p7_S147,101958
59,E111-e003Coalescence-mGAM-p5_S56,8,1269734,E4-e003Coalescence-mGAM-p7_S147,101958
60,E4-e003Coalescence-mGAM-p7_S147,0,441794,E4-e003Coalescence-mGAM-p7_S147,101958
61,G8-e003Coalescence-mBHI-p5_S29,8,724274,E4-e003Coalescence-mGAM-p7_S147,101958
62,E8-e003Coalescence-mBHI-p3_S105,8,1241202,E4-e003Coalescence-mGAM-p7_S147,101958
63,E8-e003Coalescence-mGAM-p7_S149,10,443489,E4-e003Coalescence-mGAM-p7_S147,101958
64,G9-e003Coalescence-mGAM-p3_S178,1849,597708,E4-e003Coalescence-mGAM-p7_S147,101958
65,H8-e003Coalescence-mGAM-p7_S185,10,1287125,E4-e003Coalescence-mGAM-p7_S147,101958
0,C9-e003Coalescence-mGAM-p3,3849,745406,G8-e003Coalescence-mBHI-p5_S29,101958
1,A8-e003Coalescence-mBHI-p3,16,1148611,G8-e003Coalescence-mBHI-p5_S29,101958
2,B9-e003Coalescence-mGAM-p5,6627,1266654,G8-e003Coalescence-mBHI-p5_S29,101958
3,C8-e003Assembly-mGAM-p3,9,691607,G8-e003Coalescence-mBHI-p5_S29,101958
4,C8-e003Assembly-mGAM-p5,8,529291,G8-e003Coalescence-mBHI-p5_S29,101958
5,A11-e003Coalescence-mGAM-p7,5,600457,G8-e003Coalescence-mBHI-p5_S29,101958
6,B11-e003Coalescence-mGAM-p3,6422,1218073,G8-e003Coalescence-mBHI-p5_S29,101958
7,A2-e003Coalescence-Inoculumn-mGAM,17,1120015,G8-e003Coalescence-mBHI-p5_S29,101958
8,D8-e003Coalescence-mGAM-p5,19,1314015,G8-e003Coalescence-mBHI-p5_S29,101958
9,A12-e003Coalescence-mGAM-p3,15,1039277,G8-e003Coalescence-mBHI-p5_S29,101958
10,B5-e003Coalescence-Inoculumn-mGAM,2171,414446,G8-e003Coalescence-mBHI-p5_S29,101958
11,C9-e003Coalescence-mBHI-p3,4913,938458,G8-e003Coalescence-mBHI-p5_S29,101958
12,C8-e003Coalescence-mBHI-p7,7,594610,G8-e003Coalescence-mBHI-p5_S29,101958
13,D8-e003Coalescence-mBHI-p5,5,614083,G8-e003Coalescence-mBHI-p5_S29,101958
14,B8-e003Assembly-mGAM-p3,2,511311,G8-e003Coalescence-mBHI-p5_S29,101958
15,A8-e003Coalescence-mBHI-p7,9,508703,G8-e003Coalescence-mBHI-p5_S29,101958
16,B2-e003Coalescence-Inoculumn-mGAM,455,1049541,G8-e003Coalescence-mBHI-p5_S29,101958
17,A3-e003Coalescence-Inoculumn-mGAM,351,560503,G8-e003Coalescence-mBHI-p5_S29,101958
18,A9-e003Coalescence-mBHI-p3,2152,1258192,G8-e003Coalescence-mBHI-p5_S29,101958
19,B9-e003Coalescence-mGAM-p7,4855,898503,G8-e003Coalescence-mBHI-p5_S29,101958
20,C3-e003Coalescence-Inoculumn-mGAM,3387,638925,G8-e003Coalescence-mBHI-p5_S29,101958
21,B10-e003Coalescence-mBHI-p3,4995,972288,G8-e003Coalescence-mBHI-p5_S29,101958
22,A9-e003Coalescence-mBHI-p7,1175,1278174,G8-e003Coalescence-mBHI-p5_S29,101958
23,C2-e003Coalescence-Inoculumn-mGAM,15,582785,G8-e003Coalescence-mBHI-p5_S29,101958
24,B3-e003Coalescence-Inoculumn-mGAM,5978,1149670,G8-e003Coalescence-mBHI-p5_S29,101958
25,B4-e003Coalescence-Inoculumn-mGAM,5237,1001069,G8-e003Coalescence-mBHI-p5_S29,101958
26,A2-e003Coalescence-mGAM-p5,14,1011017,G8-e003Coalescence-mBHI-p5_S29,101958
27,B8-e003Coalescence-mGAM-p5,193,928737,G8-e003Coalescence-mBHI-p5_S29,101958
28,A5-e003Coalescence-Inoculumn-mGAM,4,521556,G8-e003Coalescence-mBHI-p5_S29,101958
29,B8-e003GlycerolRevival-mGAM-p2,7,422751,G8-e003Coalescence-mBHI-p5_S29,101958
30,C8-e003Coalescence-mBHI-p5,16,1271024,G8-e003Coalescence-mBHI-p5_S29,101958
31,B8-e003Coalescence-mGAM-p7,560,820884,G8-e003Coalescence-mBHI-p5_S29,101958
32,D2-e003Coalescence-Inoculumn-mGAM,7,604238,G8-e003Coalescence-mBHI-p5_S29,101958
33,D3-e003Coalescence-Inoculumn-mGAM,4389,824536,G8-e003Coalescence-mBHI-p5_S29,101958
34,A11-e003Coalescence-mBHI-p3,19,1273349,G8-e003Coalescence-mBHI-p5_S29,101958
35,A4-e003Coalescence-Inoculumn-mGAM,15,1214206,G8-e003Coalescence-mBHI-p5_S29,101958
36,A9-e003Coalescence-mGAM-p5,100,864112,G8-e003Coalescence-mBHI-p5_S29,101958
37,A11-e003Coalescence-mGAM-p3,17,1299785,G8-e003Coalescence-mBHI-p5_S29,101958
38,E8-e003Coalescence-mBHI-p5_S5,5,544751,G8-e003Coalescence-mBHI-p5_S29,101958
39,E9-e003Coalescence-mBHI-p5_S6,2387,571529,G8-e003Coalescence-mBHI-p5_S29,101958
40,F111-e003Coalescence-mGAM-p5_S68,2489,483352,G8-e003Coalescence-mBHI-p5_S29,101958
41,H2-e003Coalescence-mGAM-p7_S181,7,1262475,G8-e003Coalescence-mBHI-p5_S29,101958
42,E100-e003Coalescence-mBHI-p7_S103,4,380075,G8-e003Coalescence-mBHI-p5_S29,101958
43,F9-e003Coalescence-mGAM-p5_S66,5750,1107465,G8-e003Coalescence-mBHI-p5_S29,101958
44,F111-e003Coalescence-mGAM-p7_S164,2962,554759,G8-e003Coalescence-mBHI-p5_S29,101958
45,E111-e003Coalescence-mBHI-p5_S8,3,418252,G8-e003Coalescence-mBHI-p5_S29,101958
46,H8-e003Coalescence-mBHI-p7_S137,6,1076503,G8-e003Coalescence-mBHI-p5_S29,101958
47,E8-e003Coalescence-mBHI-p7_S101,14,665052,G8-e003Coalescence-mBHI-p5_S29,101958
48,H8-e003Coalescence-mBHI-p5_S41,3,806338,G8-e003Coalescence-mBHI-p5_S29,101958
49,E100-e003Coalescence-mBHI-p5_S7,2,524284,G8-e003Coalescence-mBHI-p5_S29,101958
50,F9-e003Coalescence-mGAM-p7_S162,2685,524905,G8-e003Coalescence-mBHI-p5_S29,101958
51,F8-e003Coalescence-mGAM-p7_S161,11,455511,G8-e003Coalescence-mBHI-p5_S29,101958
52,G8-e003Coalescence-mBHI-p3_S129,3,509674,G8-e003Coalescence-mBHI-p5_S29,101958
53,H8-e003Coalescence-mGAM-p5_S89,4,1268328,G8-e003Coalescence-mBHI-p5_S29,101958
54,G100-e003Coalescence-mBHI-p3_S131,4,612901,G8-e003Coalescence-mBHI-p5_S29,101958
55,E9-e003Coalescence-mGAM-p3_S154,283,749107,G8-e003Coalescence-mBHI-p5_S29,101958
56,F111-e003Coalescence-mGAM-p3_S168,3591,682972,G8-e003Coalescence-mBHI-p5_S29,101958
57,G8-e003Coalescence-mBHI-p7_S125,3,697792,G8-e003Coalescence-mBHI-p5_S29,101958
58,E111-e003Coalescence-mBHI-p7_S104,3,479608,G8-e003Coalescence-mBHI-p5_S29,101958
59,E111-e003Coalescence-mGAM-p5_S56,4,1269734,G8-e003Coalescence-mBHI-p5_S29,101958
60,E4-e003Coalescence-mGAM-p7_S147,4,441794,G8-e003Coalescence-mBHI-p5_S29,101958
61,G8-e003Coalescence-mBHI-p5_S29,0,724274,G8-e003Coalescence-mBHI-p5_S29,101958
62,E8-e003Coalescence-mBHI-p3_S105,7,1241202,G8-e003Coalescence-mBHI-p5_S29,101958
63,E8-e003Coalescence-mGAM-p7_S149,1,443489,G8-e003Coalescence-mBHI-p5_S29,101958
64,G9-e003Coalescence-mGAM-p3_S178,3083,597708,G8-e003Coalescence-mBHI-p5_S29,101958
65,H8-e003Coalescence-mGAM-p7_S185,5,1287125,G8-e003Coalescence-mBHI-p5_S29,101958
0,C9-e003Coalescence-mGAM-p3,6472,745406,E8-e003Coalescence-mBHI-p3_S105,101958
1,A8-e003Coalescence-mBHI-p3,37,1148611,E8-e003Coalescence-mBHI-p3_S105,101958
2,B9-e003Coalescence-mGAM-p5,11476,1266654,E8-e003Coalescence-mBHI-p3_S105,101958
3,C8-e003Assembly-mGAM-p3,12,691607,E8-e003Coalescence-mBHI-p3_S105,101958
4,C8-e003Assembly-mGAM-p5,15,529291,E8-e003Coalescence-mBHI-p3_S105,101958
5,A11-e003Coalescence-mGAM-p7,18,600457,E8-e003Coalescence-mBHI-p3_S105,101958
6,B11-e003Coalescence-mGAM-p3,11060,1218073,E8-e003Coalescence-mBHI-p3_S105,101958
7,A2-e003Coalescence-Inoculumn-mGAM,32,1120015,E8-e003Coalescence-mBHI-p3_S105,101958
8,D8-e003Coalescence-mGAM-p5,42,1314015,E8-e003Coalescence-mBHI-p3_S105,101958
9,A12-e003Coalescence-mGAM-p3,32,1039277,E8-e003Coalescence-mBHI-p3_S105,101958
10,B5-e003Coalescence-Inoculumn-mGAM,3579,414446,E8-e003Coalescence-mBHI-p3_S105,101958
11,C9-e003Coalescence-mBHI-p3,8428,938458,E8-e003Coalescence-mBHI-p3_S105,101958
12,C8-e003Coalescence-mBHI-p7,18,594610,E8-e003Coalescence-mBHI-p3_S105,101958
13,D8-e003Coalescence-mBHI-p5,18,614083,E8-e003Coalescence-mBHI-p3_S105,101958
14,B8-e003Assembly-mGAM-p3,8,511311,E8-e003Coalescence-mBHI-p3_S105,101958
15,A8-e003Coalescence-mBHI-p7,14,508703,E8-e003Coalescence-mBHI-p3_S105,101958
16,B2-e003Coalescence-Inoculumn-mGAM,849,1049541,E8-e003Coalescence-mBHI-p3_S105,101958
17,A3-e003Coalescence-Inoculumn-mGAM,596,560503,E8-e003Coalescence-mBHI-p3_S105,101958
18,A9-e003Coalescence-mBHI-p3,3901,1258192,E8-e003Coalescence-mBHI-p3_S105,101958
19,B9-e003Coalescence-mGAM-p7,8212,898503,E8-e003Coalescence-mBHI-p3_S105,101958
20,C3-e003Coalescence-Inoculumn-mGAM,5664,638925,E8-e003Coalescence-mBHI-p3_S105,101958
21,B10-e003Coalescence-mBHI-p3,8639,972288,E8-e003Coalescence-mBHI-p3_S105,101958
22,A9-e003Coalescence-mBHI-p7,2106,1278174,E8-e003Coalescence-mBHI-p3_S105,101958
23,C2-e003Coalescence-Inoculumn-mGAM,23,582785,E8-e003Coalescence-mBHI-p3_S105,101958
24,B3-e003Coalescence-Inoculumn-mGAM,10363,1149670,E8-e003Coalescence-mBHI-p3_S105,101958
25,B4-e003Coalescence-Inoculumn-mGAM,8907,1001069,E8-e003Coalescence-mBHI-p3_S105,101958
26,A2-e003Coalescence-mGAM-p5,34,1011017,E8-e003Coalescence-mBHI-p3_S105,101958
27,B8-e003Coalescence-mGAM-p5,376,928737,E8-e003Coalescence-mBHI-p3_S105,101958
28,A5-e003Coalescence-Inoculumn-mGAM,13,521556,E8-e003Coalescence-mBHI-p3_S105,101958
29,B8-e003GlycerolRevival-mGAM-p2,9,422751,E8-e003Coalescence-mBHI-p3_S105,101958
30,C8-e003Coalescence-mBHI-p5,39,1271024,E8-e003Coalescence-mBHI-p3_S105,101958
31,B8-e003Coalescence-mGAM-p7,958,820884,E8-e003Coalescence-mBHI-p3_S105,101958
32,D2-e003Coalescence-Inoculumn-mGAM,16,604238,E8-e003Coalescence-mBHI-p3_S105,101958
33,D3-e003Coalescence-Inoculumn-mGAM,7473,824536,E8-e003Coalescence-mBHI-p3_S105,101958
34,A11-e003Coalescence-mBHI-p3,45,1273349,E8-e003Coalescence-mBHI-p3_S105,101958
35,A4-e003Coalescence-Inoculumn-mGAM,41,1214206,E8-e003Coalescence-mBHI-p3_S105,101958
36,A9-e003Coalescence-mGAM-p5,178,864112,E8-e003Coalescence-mBHI-p3_S105,101958
37,A11-e003Coalescence-mGAM-p3,33,1299785,E8-e003Coalescence-mBHI-p3_S105,101958
38,E8-e003Coalescence-mBHI-p5_S5,1,544751,E8-e003Coalescence-mBHI-p3_S105,101958
39,E9-e003Coalescence-mBHI-p5_S6,3992,571529,E8-e003Coalescence-mBHI-p3_S105,101958
40,F111-e003Coalescence-mGAM-p5_S68,4138,483352,E8-e003Coalescence-mBHI-p3_S105,101958
41,H2-e003Coalescence-mGAM-p7_S181,6,1262475,E8-e003Coalescence-mBHI-p3_S105,101958
42,E100-e003Coalescence-mBHI-p7_S103,1,380075,E8-e003Coalescence-mBHI-p3_S105,101958
43,F9-e003Coalescence-mGAM-p5_S66,9889,1107465,E8-e003Coalescence-mBHI-p3_S105,101958
44,F111-e003Coalescence-mGAM-p7_S164,4977,554759,E8-e003Coalescence-mBHI-p3_S105,101958
45,E111-e003Coalescence-mBHI-p5_S8,2,418252,E8-e003Coalescence-mBHI-p3_S105,101958
46,H8-e003Coalescence-mBHI-p7_S137,4,1076503,E8-e003Coalescence-mBHI-p3_S105,101958
47,E8-e003Coalescence-mBHI-p7_S101,9,665052,E8-e003Coalescence-mBHI-p3_S105,101958
48,H8-e003Coalescence-mBHI-p5_S41,5,806338,E8-e003Coalescence-mBHI-p3_S105,101958
49,E100-e003Coalescence-mBHI-p5_S7,2,524284,E8-e003Coalescence-mBHI-p3_S105,101958
50,F9-e003Coalescence-mGAM-p7_S162,4684,524905,E8-e003Coalescence-mBHI-p3_S105,101958
51,F8-e003Coalescence-mGAM-p7_S161,19,455511,E8-e003Coalescence-mBHI-p3_S105,101958
52,G8-e003Coalescence-mBHI-p3_S129,1,509674,E8-e003Coalescence-mBHI-p3_S105,101958
53,H8-e003Coalescence-mGAM-p5_S89,8,1268328,E8-e003Coalescence-mBHI-p3_S105,101958
54,G100-e003Coalescence-mBHI-p3_S131,2,612901,E8-e003Coalescence-mBHI-p3_S105,101958
55,E9-e003Coalescence-mGAM-p3_S154,444,749107,E8-e003Coalescence-mBHI-p3_S105,101958
56,F111-e003Coalescence-mGAM-p3_S168,5965,682972,E8-e003Coalescence-mBHI-p3_S105,101958
57,G8-e003Coalescence-mBHI-p7_S125,0,697792,E8-e003Coalescence-mBHI-p3_S105,101958
58,E111-e003Coalescence-mBHI-p7_S104,2,479608,E8-e003Coalescence-mBHI-p3_S105,101958
59,E111-e003Coalescence-mGAM-p5_S56,6,1269734,E8-e003Coalescence-mBHI-p3_S105,101958
60,E4-e003Coalescence-mGAM-p7_S147,3,441794,E8-e003Coalescence-mBHI-p3_S105,101958
61,G8-e003Coalescence-mBHI-p5_S29,3,724274,E8-e003Coalescence-mBHI-p3_S105,101958
62,E8-e003Coalescence-mBHI-p3_S105,0,1241202,E8-e003Coalescence-mBHI-p3_S105,101958
63,E8-e003Coalescence-mGAM-p7_S149,1,443489,E8-e003Coalescence-mBHI-p3_S105,101958
64,G9-e003Coalescence-mGAM-p3_S178,5189,597708,E8-e003Coalescence-mBHI-p3_S105,101958
65,H8-e003Coalescence-mGAM-p7_S185,6,1287125,E8-e003Coalescence-mBHI-p3_S105,101958
0,C9-e003Coalescence-mGAM-p3,2249,745406,E8-e003Coalescence-mGAM-p7_S149,101958
1,A8-e003Coalescence-mBHI-p3,8,1148611,E8-e003Coalescence-mGAM-p7_S149,101958
2,B9-e003Coalescence-mGAM-p5,3956,1266654,E8-e003Coalescence-mGAM-p7_S149,101958
3,C8-e003Assembly-mGAM-p3,6,691607,E8-e003Coalescence-mGAM-p7_S149,101958
4,C8-e003Assembly-mGAM-p5,7,529291,E8-e003Coalescence-mGAM-p7_S149,101958
5,A11-e003Coalescence-mGAM-p7,5,600457,E8-e003Coalescence-mGAM-p7_S149,101958
6,B11-e003Coalescence-mGAM-p3,3812,1218073,E8-e003Coalescence-mGAM-p7_S149,101958
7,A2-e003Coalescence-Inoculumn-mGAM,10,1120015,E8-e003Coalescence-mGAM-p7_S149,101958
8,D8-e003Coalescence-mGAM-p5,10,1314015,E8-e003Coalescence-mGAM-p7_S149,101958
9,A12-e003Coalescence-mGAM-p3,12,1039277,E8-e003Coalescence-mGAM-p7_S149,101958
10,B5-e003Coalescence-Inoculumn-mGAM,1245,414446,E8-e003Coalescence-mGAM-p7_S149,101958
11,C9-e003Coalescence-mBHI-p3,2869,938458,E8-e003Coalescence-mGAM-p7_S149,101958
12,C8-e003Coalescence-mBHI-p7,7,594610,E8-e003Coalescence-mGAM-p7_S149,101958
13,D8-e003Coalescence-mBHI-p5,4,614083,E8-e003Coalescence-mGAM-p7_S149,101958
14,B8-e003Assembly-mGAM-p3,4,511311,E8-e003Coalescence-mGAM-p7_S149,101958
15,A8-e003Coalescence-mBHI-p7,11,508703,E8-e003Coalescence-mGAM-p7_S149,101958
16,B2-e003Coalescence-Inoculumn-mGAM,250,1049541,E8-e003Coalescence-mGAM-p7_S149,101958
17,A3-e003Coalescence-Inoculumn-mGAM,186,560503,E8-e003Coalescence-mGAM-p7_S149,101958
18,A9-e003Coalescence-mBHI-p3,1254,1258192,E8-e003Coalescence-mGAM-p7_S149,101958
19,B9-e003Coalescence-mGAM-p7,2863,898503,E8-e003Coalescence-mGAM-p7_S149,101958
20,C3-e003Coalescence-Inoculumn-mGAM,2025,638925,E8-e003Coalescence-mGAM-p7_S149,101958
21,B10-e003Coalescence-mBHI-p3,3014,972288,E8-e003Coalescence-mGAM-p7_S149,101958
22,A9-e003Coalescence-mBHI-p7,702,1278174,E8-e003Coalescence-mGAM-p7_S149,101958
23,C2-e003Coalescence-Inoculumn-mGAM,15,582785,E8-e003Coalescence-mGAM-p7_S149,101958
24,B3-e003Coalescence-Inoculumn-mGAM,3555,1149670,E8-e003Coalescence-mGAM-p7_S149,101958
25,B4-e003Coalescence-Inoculumn-mGAM,3032,1001069,E8-e003Coalescence-mGAM-p7_S149,101958
26,A2-e003Coalescence-mGAM-p5,8,1011017,E8-e003Coalescence-mGAM-p7_S149,101958
27,B8-e003Coalescence-mGAM-p5,119,928737,E8-e003Coalescence-mGAM-p7_S149,101958
28,A5-e003Coalescence-Inoculumn-mGAM,5,521556,E8-e003Coalescence-mGAM-p7_S149,101958
29,B8-e003GlycerolRevival-mGAM-p2,9,422751,E8-e003Coalescence-mGAM-p7_S149,101958
30,C8-e003Coalescence-mBHI-p5,13,1271024,E8-e003Coalescence-mGAM-p7_S149,101958
31,B8-e003Coalescence-mGAM-p7,325,820884,E8-e003Coalescence-mGAM-p7_S149,101958
32,D2-e003Coalescence-Inoculumn-mGAM,6,604238,E8-e003Coalescence-mGAM-p7_S149,101958
33,D3-e003Coalescence-Inoculumn-mGAM,2606,824536,E8-e003Coalescence-mGAM-p7_S149,101958
34,A11-e003Coalescence-mBHI-p3,13,1273349,E8-e003Coalescence-mGAM-p7_S149,101958
35,A4-e003Coalescence-Inoculumn-mGAM,14,1214206,E8-e003Coalescence-mGAM-p7_S149,101958
36,A9-e003Coalescence-mGAM-p5,59,864112,E8-e003Coalescence-mGAM-p7_S149,101958
37,A11-e003Coalescence-mGAM-p3,8,1299785,E8-e003Coalescence-mGAM-p7_S149,101958
38,E8-e003Coalescence-mBHI-p5_S5,3,544751,E8-e003Coalescence-mGAM-p7_S149,101958
39,E9-e003Coalescence-mBHI-p5_S6,1397,571529,E8-e003Coalescence-mGAM-p7_S149,101958
40,F111-e003Coalescence-mGAM-p5_S68,1574,483352,E8-e003Coalescence-mGAM-p7_S149,101958
41,H2-e003Coalescence-mGAM-p7_S181,7,1262475,E8-e003Coalescence-mGAM-p7_S149,101958
42,E100-e003Coalescence-mBHI-p7_S103,6,380075,E8-e003Coalescence-mGAM-p7_S149,101958
43,F9-e003Coalescence-mGAM-p5_S66,3388,1107465,E8-e003Coalescence-mGAM-p7_S149,101958
44,F111-e003Coalescence-mGAM-p7_S164,1772,554759,E8-e003Coalescence-mGAM-p7_S149,101958
45,E111-e003Coalescence-mBHI-p5_S8,4,418252,E8-e003Coalescence-mGAM-p7_S149,101958
46,H8-e003Coalescence-mBHI-p7_S137,3,1076503,E8-e003Coalescence-mGAM-p7_S149,101958
47,E8-e003Coalescence-mBHI-p7_S101,7,665052,E8-e003Coalescence-mGAM-p7_S149,101958
48,H8-e003Coalescence-mBHI-p5_S41,4,806338,E8-e003Coalescence-mGAM-p7_S149,101958
49,E100-e003Coalescence-mBHI-p5_S7,5,524284,E8-e003Coalescence-mGAM-p7_S149,101958
50,F9-e003Coalescence-mGAM-p7_S162,1672,524905,E8-e003Coalescence-mGAM-p7_S149,101958
51,F8-e003Coalescence-mGAM-p7_S161,15,455511,E8-e003Coalescence-mGAM-p7_S149,101958
52,G8-e003Coalescence-mBHI-p3_S129,3,509674,E8-e003Coalescence-mGAM-p7_S149,101958
53,H8-e003Coalescence-mGAM-p5_S89,10,1268328,E8-e003Coalescence-mGAM-p7_S149,101958
54,G100-e003Coalescence-mBHI-p3_S131,2,612901,E8-e003Coalescence-mGAM-p7_S149,101958
55,E9-e003Coalescence-mGAM-p3_S154,149,749107,E8-e003Coalescence-mGAM-p7_S149,101958
56,F111-e003Coalescence-mGAM-p3_S168,2124,682972,E8-e003Coalescence-mGAM-p7_S149,101958
57,G8-e003Coalescence-mBHI-p7_S125,3,697792,E8-e003Coalescence-mGAM-p7_S149,101958
58,E111-e003Coalescence-mBHI-p7_S104,4,479608,E8-e003Coalescence-mGAM-p7_S149,101958
59,E111-e003Coalescence-mGAM-p5_S56,7,1269734,E8-e003Coalescence-mGAM-p7_S149,101958
60,E4-e003Coalescence-mGAM-p7_S147,8,441794,E8-e003Coalescence-mGAM-p7_S149,101958
61,G8-e003Coalescence-mBHI-p5_S29,4,724274,E8-e003Coalescence-mGAM-p7_S149,101958
62,E8-e003Coalescence-mBHI-p3_S105,1,1241202,E8-e003Coalescence-mGAM-p7_S149,101958
63,E8-e003Coalescence-mGAM-p7_S149,0,443489,E8-e003Coalescence-mGAM-p7_S149,101958
64,G9-e003Coalescence-mGAM-p3_S178,1932,597708,E8-e003Coalescence-mGAM-p7_S149,101958
65,H8-e003Coalescence-mGAM-p7_S185,7,1287125,E8-e003Coalescence-mGAM-p7_S149,101958
0,C9-e003Coalescence-mGAM-p3,11,745406,G9-e003Coalescence-mGAM-p3_S178,101958
1,A8-e003Coalescence-mBHI-p3,4943,1148611,G9-e003Coalescence-mGAM-p3_S178,101958
2,B9-e003Coalescence-mGAM-p5,27,1266654,G9-e003Coalescence-mGAM-p3_S178,101958
3,C8-e003Assembly-mGAM-p3,2883,691607,G9-e003Coalescence-mGAM-p3_S178,101958
4,C8-e003Assembly-mGAM-p5,2182,529291,G9-e003Coalescence-mGAM-p3_S178,101958
5,A11-e003Coalescence-mGAM-p7,2659,600457,G9-e003Coalescence-mGAM-p3_S178,101958
6,B11-e003Coalescence-mGAM-p3,25,1218073,G9-e003Coalescence-mGAM-p3_S178,101958
7,A2-e003Coalescence-Inoculumn-mGAM,4657,1120015,G9-e003Coalescence-mGAM-p3_S178,101958
8,D8-e003Coalescence-mGAM-p5,5497,1314015,G9-e003Coalescence-mGAM-p3_S178,101958
9,A12-e003Coalescence-mGAM-p3,4440,1039277,G9-e003Coalescence-mGAM-p3_S178,101958
10,B5-e003Coalescence-Inoculumn-mGAM,7,414446,G9-e003Coalescence-mGAM-p3_S178,101958
11,C9-e003Coalescence-mBHI-p3,11,938458,G9-e003Coalescence-mGAM-p3_S178,101958
12,C8-e003Coalescence-mBHI-p7,2607,594610,G9-e003Coalescence-mGAM-p3_S178,101958
13,D8-e003Coalescence-mBHI-p5,2483,614083,G9-e003Coalescence-mGAM-p3_S178,101958
14,B8-e003Assembly-mGAM-p3,2222,511311,G9-e003Coalescence-mGAM-p3_S178,101958
15,A8-e003Coalescence-mBHI-p7,2147,508703,G9-e003Coalescence-mGAM-p3_S178,101958
16,B2-e003Coalescence-Inoculumn-mGAM,3554,1049541,G9-e003Coalescence-mGAM-p3_S178,101958
17,A3-e003Coalescence-Inoculumn-mGAM,1410,560503,G9-e003Coalescence-mGAM-p3_S178,101958
18,A9-e003Coalescence-mBHI-p3,3263,1258192,G9-e003Coalescence-mGAM-p3_S178,101958
19,B9-e003Coalescence-mGAM-p7,12,898503,G9-e003Coalescence-mGAM-p3_S178,101958
20,C3-e003Coalescence-Inoculumn-mGAM,19,638925,G9-e003Coalescence-mGAM-p3_S178,101958
21,B10-e003Coalescence-mBHI-p3,22,972288,G9-e003Coalescence-mGAM-p3_S178,101958
22,A9-e003Coalescence-mBHI-p7,4178,1278174,G9-e003Coalescence-mGAM-p3_S178,101958
23,C2-e003Coalescence-Inoculumn-mGAM,2465,582785,G9-e003Coalescence-mGAM-p3_S178,101958
24,B3-e003Coalescence-Inoculumn-mGAM,21,1149670,G9-e003Coalescence-mGAM-p3_S178,101958
25,B4-e003Coalescence-Inoculumn-mGAM,25,1001069,G9-e003Coalescence-mGAM-p3_S178,101958
26,A2-e003Coalescence-mGAM-p5,4350,1011017,G9-e003Coalescence-mGAM-p3_S178,101958
27,B8-e003Coalescence-mGAM-p5,3150,928737,G9-e003Coalescence-mGAM-p3_S178,101958
28,A5-e003Coalescence-Inoculumn-mGAM,2216,521556,G9-e003Coalescence-mGAM-p3_S178,101958
29,B8-e003GlycerolRevival-mGAM-p2,1843,422751,G9-e003Coalescence-mGAM-p3_S178,101958
30,C8-e003Coalescence-mBHI-p5,5292,1271024,G9-e003Coalescence-mGAM-p3_S178,101958
31,B8-e003Coalescence-mGAM-p7,2192,820884,G9-e003Coalescence-mGAM-p3_S178,101958
32,D2-e003Coalescence-Inoculumn-mGAM,2450,604238,G9-e003Coalescence-mGAM-p3_S178,101958
33,D3-e003Coalescence-Inoculumn-mGAM,15,824536,G9-e003Coalescence-mGAM-p3_S178,101958
34,A11-e003Coalescence-mBHI-p3,5334,1273349,G9-e003Coalescence-mGAM-p3_S178,101958
35,A4-e003Coalescence-Inoculumn-mGAM,5059,1214206,G9-e003Coalescence-mGAM-p3_S178,101958
36,A9-e003Coalescence-mGAM-p5,3054,864112,G9-e003Coalescence-mGAM-p3_S178,101958
37,A11-e003Coalescence-mGAM-p3,5424,1299785,G9-e003Coalescence-mGAM-p3_S178,101958
38,E8-e003Coalescence-mBHI-p5_S5,2366,544751,G9-e003Coalescence-mGAM-p3_S178,101958
39,E9-e003Coalescence-mBHI-p5_S6,162,571529,G9-e003Coalescence-mGAM-p3_S178,101958
40,F111-e003Coalescence-mGAM-p5_S68,3,483352,G9-e003Coalescence-mGAM-p3_S178,101958
41,H2-e003Coalescence-mGAM-p7_S181,5248,1262475,G9-e003Coalescence-mGAM-p3_S178,101958
42,E100-e003Coalescence-mBHI-p7_S103,1594,380075,G9-e003Coalescence-mGAM-p3_S178,101958
43,F9-e003Coalescence-mGAM-p5_S66,1,1107465,G9-e003Coalescence-mGAM-p3_S178,101958
44,F111-e003Coalescence-mGAM-p7_S164,2,554759,G9-e003Coalescence-mGAM-p3_S178,101958
45,E111-e003Coalescence-mBHI-p5_S8,1752,418252,G9-e003Coalescence-mGAM-p3_S178,101958
46,H8-e003Coalescence-mBHI-p7_S137,4567,1076503,G9-e003Coalescence-mGAM-p3_S178,101958
47,E8-e003Coalescence-mBHI-p7_S101,2614,665052,G9-e003Coalescence-mGAM-p3_S178,101958
48,H8-e003Coalescence-mBHI-p5_S41,3381,806338,G9-e003Coalescence-mGAM-p3_S178,101958
49,E100-e003Coalescence-mBHI-p5_S7,2216,524284,G9-e003Coalescence-mGAM-p3_S178,101958
50,F9-e003Coalescence-mGAM-p7_S162,2,524905,G9-e003Coalescence-mGAM-p3_S178,101958
51,F8-e003Coalescence-mGAM-p7_S161,1695,455511,G9-e003Coalescence-mGAM-p3_S178,101958
52,G8-e003Coalescence-mBHI-p3_S129,2148,509674,G9-e003Coalescence-mGAM-p3_S178,101958
53,H8-e003Coalescence-mGAM-p5_S89,5271,1268328,G9-e003Coalescence-mGAM-p3_S178,101958
54,G100-e003Coalescence-mBHI-p3_S131,2665,612901,G9-e003Coalescence-mGAM-p3_S178,101958
55,E9-e003Coalescence-mGAM-p3_S154,2316,749107,G9-e003Coalescence-mGAM-p3_S178,101958
56,F111-e003Coalescence-mGAM-p3_S168,5,682972,G9-e003Coalescence-mGAM-p3_S178,101958
57,G8-e003Coalescence-mBHI-p7_S125,2901,697792,G9-e003Coalescence-mGAM-p3_S178,101958
58,E111-e003Coalescence-mBHI-p7_S104,2008,479608,G9-e003Coalescence-mGAM-p3_S178,101958
59,E111-e003Coalescence-mGAM-p5_S56,5288,1269734,G9-e003Coalescence-mGAM-p3_S178,101958
60,E4-e003Coalescence-mGAM-p7_S147,1849,441794,G9-e003Coalescence-mGAM-p3_S178,101958
61,G8-e003Coalescence-mBHI-p5_S29,3085,724274,G9-e003Coalescence-mGAM-p3_S178,101958
62,E8-e003Coalescence-mBHI-p3_S105,5191,1241202,G9-e003Coalescence-mGAM-p3_S178,101958
63,E8-e003Coalescence-mGAM-p7_S149,1935,443489,G9-e003Coalescence-mGAM-p3_S178,101958
64,G9-e003Coalescence-mGAM-p3_S178,0,597708,G9-e003Coalescence-mGAM-p3_S178,101958
65,H8-e003Coalescence-mGAM-p7_S185,5346,1287125,G9-e003Coalescence-mGAM-p3_S178,101958
0,C9-e003Coalescence-mGAM-p3,6776,745406,H8-e003Coalescence-mGAM-p7_S185,101958
1,A8-e003Coalescence-mBHI-p3,39,1148611,H8-e003Coalescence-mGAM-p7_S185,101958
2,B9-e003Coalescence-mGAM-p5,12003,1266654,H8-e003Coalescence-mGAM-p7_S185,101958
3,C8-e003Assembly-mGAM-p3,14,691607,H8-e003Coalescence-mGAM-p7_S185,101958
4,C8-e003Assembly-mGAM-p5,15,529291,H8-e003Coalescence-mGAM-p7_S185,101958
5,A11-e003Coalescence-mGAM-p7,19,600457,H8-e003Coalescence-mGAM-p7_S185,101958
6,B11-e003Coalescence-mGAM-p3,11543,1218073,H8-e003Coalescence-mGAM-p7_S185,101958
7,A2-e003Coalescence-Inoculumn-mGAM,39,1120015,H8-e003Coalescence-mGAM-p7_S185,101958
8,D8-e003Coalescence-mGAM-p5,45,1314015,H8-e003Coalescence-mGAM-p7_S185,101958
9,A12-e003Coalescence-mGAM-p3,37,1039277,H8-e003Coalescence-mGAM-p7_S185,101958
10,B5-e003Coalescence-Inoculumn-mGAM,3719,414446,H8-e003Coalescence-mGAM-p7_S185,101958
11,C9-e003Coalescence-mBHI-p3,8759,938458,H8-e003Coalescence-mGAM-p7_S185,101958
12,C8-e003Coalescence-mBHI-p7,21,594610,H8-e003Coalescence-mGAM-p7_S185,101958
13,D8-e003Coalescence-mBHI-p5,21,614083,H8-e003Coalescence-mGAM-p7_S185,101958
14,B8-e003Assembly-mGAM-p3,7,511311,H8-e003Coalescence-mGAM-p7_S185,101958
15,A8-e003Coalescence-mBHI-p7,25,508703,H8-e003Coalescence-mGAM-p7_S185,101958
16,B2-e003Coalescence-Inoculumn-mGAM,879,1049541,H8-e003Coalescence-mGAM-p7_S185,101958
17,A3-e003Coalescence-Inoculumn-mGAM,617,560503,H8-e003Coalescence-mGAM-p7_S185,101958
18,A9-e003Coalescence-mBHI-p3,4068,1258192,H8-e003Coalescence-mGAM-p7_S185,101958
19,B9-e003Coalescence-mGAM-p7,8549,898503,H8-e003Coalescence-mGAM-p7_S185,101958
20,C3-e003Coalescence-Inoculumn-mGAM,5913,638925,H8-e003Coalescence-mGAM-p7_S185,101958
21,B10-e003Coalescence-mBHI-p3,8954,972288,H8-e003Coalescence-mGAM-p7_S185,101958
22,A9-e003Coalescence-mBHI-p7,2211,1278174,H8-e003Coalescence-mGAM-p7_S185,101958
23,C2-e003Coalescence-Inoculumn-mGAM,24,582785,H8-e003Coalescence-mGAM-p7_S185,101958
24,B3-e003Coalescence-Inoculumn-mGAM,10783,1149670,H8-e003Coalescence-mGAM-p7_S185,101958
25,B4-e003Coalescence-Inoculumn-mGAM,9299,1001069,H8-e003Coalescence-mGAM-p7_S185,101958
26,A2-e003Coalescence-mGAM-p5,44,1011017,H8-e003Coalescence-mGAM-p7_S185,101958
27,B8-e003Coalescence-mGAM-p5,378,928737,H8-e003Coalescence-mGAM-p7_S185,101958
28,A5-e003Coalescence-Inoculumn-mGAM,13,521556,H8-e003Coalescence-mGAM-p7_S185,101958
29,B8-e003GlycerolRevival-mGAM-p2,10,422751,H8-e003Coalescence-mGAM-p7_S185,101958
30,C8-e003Coalescence-mBHI-p5,40,1271024,H8-e003Coalescence-mGAM-p7_S185,101958
31,B8-e003Coalescence-mGAM-p7,976,820884,H8-e003Coalescence-mGAM-p7_S185,101958
32,D2-e003Coalescence-Inoculumn-mGAM,20,604238,H8-e003Coalescence-mGAM-p7_S185,101958
33,D3-e003Coalescence-Inoculumn-mGAM,7772,824536,H8-e003Coalescence-mGAM-p7_S185,101958
34,A11-e003Coalescence-mBHI-p3,44,1273349,H8-e003Coalescence-mGAM-p7_S185,101958
35,A4-e003Coalescence-Inoculumn-mGAM,46,1214206,H8-e003Coalescence-mGAM-p7_S185,101958
36,A9-e003Coalescence-mGAM-p5,192,864112,H8-e003Coalescence-mGAM-p7_S185,101958
37,A11-e003Coalescence-mGAM-p3,38,1299785,H8-e003Coalescence-mGAM-p7_S185,101958
38,E8-e003Coalescence-mBHI-p5_S5,2,544751,H8-e003Coalescence-mGAM-p7_S185,101958
39,E9-e003Coalescence-mBHI-p5_S6,4144,571529,H8-e003Coalescence-mGAM-p7_S185,101958
40,F111-e003Coalescence-mGAM-p5_S68,4300,483352,H8-e003Coalescence-mGAM-p7_S185,101958
41,H2-e003Coalescence-mGAM-p7_S181,4,1262475,H8-e003Coalescence-mGAM-p7_S185,101958
42,E100-e003Coalescence-mBHI-p7_S103,1,380075,H8-e003Coalescence-mGAM-p7_S185,101958
43,F9-e003Coalescence-mGAM-p5_S66,10257,1107465,H8-e003Coalescence-mGAM-p7_S185,101958
44,F111-e003Coalescence-mGAM-p7_S164,5119,554759,H8-e003Coalescence-mGAM-p7_S185,101958
45,E111-e003Coalescence-mBHI-p5_S8,2,418252,H8-e003Coalescence-mGAM-p7_S185,101958
46,H8-e003Coalescence-mBHI-p7_S137,2,1076503,H8-e003Coalescence-mGAM-p7_S185,101958
47,E8-e003Coalescence-mBHI-p7_S101,9,665052,H8-e003Coalescence-mGAM-p7_S185,101958
48,H8-e003Coalescence-mBHI-p5_S41,1,806338,H8-e003Coalescence-mGAM-p7_S185,101958
49,E100-e003Coalescence-mBHI-p5_S7,4,524284,H8-e003Coalescence-mGAM-p7_S185,101958
50,F9-e003Coalescence-mGAM-p7_S162,4854,524905,H8-e003Coalescence-mGAM-p7_S185,101958
51,F8-e003Coalescence-mGAM-p7_S161,17,455511,H8-e003Coalescence-mGAM-p7_S185,101958
52,G8-e003Coalescence-mBHI-p3_S129,8,509674,H8-e003Coalescence-mGAM-p7_S185,101958
53,H8-e003Coalescence-mGAM-p5_S89,4,1268328,H8-e003Coalescence-mGAM-p7_S185,101958
54,G100-e003Coalescence-mBHI-p3_S131,0,612901,H8-e003Coalescence-mGAM-p7_S185,101958
55,E9-e003Coalescence-mGAM-p3_S154,450,749107,H8-e003Coalescence-mGAM-p7_S185,101958
56,F111-e003Coalescence-mGAM-p3_S168,6158,682972,H8-e003Coalescence-mGAM-p7_S185,101958
57,G8-e003Coalescence-mBHI-p7_S125,1,697792,H8-e003Coalescence-mGAM-p7_S185,101958
58,E111-e003Coalescence-mBHI-p7_S104,0,479608,H8-e003Coalescence-mGAM-p7_S185,101958
59,E111-e003Coalescence-mGAM-p5_S56,1,1269734,H8-e003Coalescence-mGAM-p7_S185,101958
60,E4-e003Coalescence-mGAM-p7_S147,0,441794,H8-e003Coalescence-mGAM-p7_S185,101958
61,G8-e003Coalescence-mBHI-p5_S29,1,724274,H8-e003Coalescence-mGAM-p7_S185,101958
62,E8-e003Coalescence-mBHI-p3_S105,3,1241202,H8-e003Coalescence-mGAM-p7_S185,101958
63,E8-e003Coalescence-mGAM-p7_S149,0,443489,H8-e003Coalescence-mGAM-p7_S185,101958
64,G9-e003Coalescence-mGAM-p3_S178,5342,597708,H8-e003Coalescence-mGAM-p7_S185,101958
65,H8-e003Coalescence-mGAM-p7_S185,0,1287125,H8-e003Coalescence-mGAM-p7_S185,101958
