,read1,read2,trim1,trim2,filter1,filter2,Sample
0,/oak/stanford/groups/dpetrov/swalton/Sophie_Oct2024_Seq/D5-e003Coalescence-mBHI-p5_S40_R1_001.fastq.gz,/oak/stanford/groups/dpetrov/swalton/Sophie_Oct2024_Seq/D5-e003Coalescence-mBHI-p5_S40_R2_001.fastq.gz,workflow/out/trimmed/H5-e003Coalescence-mBHI-p5_S40-trimmed-pair1.fastq.gz,workflow/out/trimmed/H5-e003Coalescence-mBHI-p5_S40-trimmed-pair2.fastq.gz,workflow/out/filter/H5-e003Coalescence-mBHI-p5_S40-filtered.1.fastq.gz,workflow/out/filter/H5-e003Coalescence-mBHI-p5_S40-filtered.2.fastq.gz,H5-e003Coalescence-mBHI-p5_S40
1,/oak/stanford/groups/dpetrov/swalton/Sophie_Oct2024_Seq/A2-e003Coalescence-mGAM-p7_S145_R1_001.fastq.gz,/oak/stanford/groups/dpetrov/swalton/Sophie_Oct2024_Seq/A2-e003Coalescence-mGAM-p7_S145_R2_001.fastq.gz,workflow/out/trimmed/E2-e003Coalescence-mGAM-p7_S145-trimmed-pair1.fastq.gz,workflow/out/trimmed/E2-e003Coalescence-mGAM-p7_S145-trimmed-pair2.fastq.gz,workflow/out/filter/E2-e003Coalescence-mGAM-p7_S145-filtered.1.fastq.gz,workflow/out/filter/E2-e003Coalescence-mGAM-p7_S145-filtered.2.fastq.gz,E2-e003Coalescence-mGAM-p7_S145
2,/oak/stanford/groups/dpetrov/swalton/Sophie_Oct2024_Seq/C5-e003Coalescence-mBHI-p7_S124_R1_001.fastq.gz,/oak/stanford/groups/dpetrov/swalton/Sophie_Oct2024_Seq/C5-e003Coalescence-mBHI-p7_S124_R2_001.fastq.gz,workflow/out/trimmed/G5-e003Coalescence-mBHI-p7_S124-trimmed-pair1.fastq.gz,workflow/out/trimmed/G5-e003Coalescence-mBHI-p7_S124-trimmed-pair2.fastq.gz,workflow/out/filter/G5-e003Coalescence-mBHI-p7_S124-filtered.1.fastq.gz,workflow/out/filter/G5-e003Coalescence-mBHI-p7_S124-filtered.2.fastq.gz,G5-e003Coalescence-mBHI-p7_S124
3,/oak/stanford/groups/dpetrov/swalton/Sophie_Oct2024_Seq/D11-e003Coalescence-mGAM-p7_S188_R1_001.fastq.gz,/oak/stanford/groups/dpetrov/swalton/Sophie_Oct2024_Seq/D11-e003Coalescence-mGAM-p7_S188_R2_001.fastq.gz,workflow/out/trimmed/H111-e003Coalescence-mGAM-p7_S188-trimmed-pair1.fastq.gz,workflow/out/trimmed/H111-e003Coalescence-mGAM-p7_S188-trimmed-pair2.fastq.gz,workflow/out/filter/H111-e003Coalescence-mGAM-p7_S188-filtered.1.fastq.gz,workflow/out/filter/H111-e003Coalescence-mGAM-p7_S188-filtered.2.fastq.gz,H111-e003Coalescence-mGAM-p7_S188
4,/oak/stanford/groups/dpetrov/swalton/Sophie_Oct2024_Seq/D4-e003Coalescence-mGAM-p7_S183_R1_001.fastq.gz,/oak/stanford/groups/dpetrov/swalton/Sophie_Oct2024_Seq/D4-e003Coalescence-mGAM-p7_S183_R2_001.fastq.gz,workflow/out/trimmed/H4-e003Coalescence-mGAM-p7_S183-trimmed-pair1.fastq.gz,workflow/out/trimmed/H4-e003Coalescence-mGAM-p7_S183-trimmed-pair2.fastq.gz,workflow/out/filter/H4-e003Coalescence-mGAM-p7_S183-filtered.1.fastq.gz,workflow/out/filter/H4-e003Coalescence-mGAM-p7_S183-filtered.2.fastq.gz,H4-e003Coalescence-mGAM-p7_S183
5,/oak/stanford/groups/dpetrov/swalton/Sophie_Oct2024_Seq/B5-e003Coalescence-mGAM-p5_S64_R1_001.fastq.gz,/oak/stanford/groups/dpetrov/swalton/Sophie_Oct2024_Seq/B5-e003Coalescence-mGAM-p5_S64_R2_001.fastq.gz,workflow/out/trimmed/F5-e003Coalescence-mGAM-p5_S64-trimmed-pair1.fastq.gz,workflow/out/trimmed/F5-e003Coalescence-mGAM-p5_S64-trimmed-pair2.fastq.gz,workflow/out/filter/F5-e003Coalescence-mGAM-p5_S64-filtered.1.fastq.gz,workflow/out/filter/F5-e003Coalescence-mGAM-p5_S64-filtered.2.fastq.gz,F5-e003Coalescence-mGAM-p5_S64
6,/oak/stanford/groups/dpetrov/swalton/Sophie_Oct2024_Seq/B5-e003Coalescence-mGAM-p7_S160_R1_001.fastq.gz,/oak/stanford/groups/dpetrov/swalton/Sophie_Oct2024_Seq/B5-e003Coalescence-mGAM-p7_S160_R2_001.fastq.gz,workflow/out/trimmed/F5-e003Coalescence-mGAM-p7_S160-trimmed-pair1.fastq.gz,workflow/out/trimmed/F5-e003Coalescence-mGAM-p7_S160-trimmed-pair2.fastq.gz,workflow/out/filter/F5-e003Coalescence-mGAM-p7_S160-filtered.1.fastq.gz,workflow/out/filter/F5-e003Coalescence-mGAM-p7_S160-filtered.2.fastq.gz,F5-e003Coalescence-mGAM-p7_S160
7,/oak/stanford/groups/dpetrov/swalton/Sophie_Oct2024_Seq/B8-e003Coalescence-mBHI-p3_S117_R1_001.fastq.gz,/oak/stanford/groups/dpetrov/swalton/Sophie_Oct2024_Seq/B8-e003Coalescence-mBHI-p3_S117_R2_001.fastq.gz,workflow/out/trimmed/F8-e003Coalescence-mBHI-p3_S117-trimmed-pair1.fastq.gz,workflow/out/trimmed/F8-e003Coalescence-mBHI-p3_S117-trimmed-pair2.fastq.gz,workflow/out/filter/F8-e003Coalescence-mBHI-p3_S117-filtered.1.fastq.gz,workflow/out/filter/F8-e003Coalescence-mBHI-p3_S117-filtered.2.fastq.gz,F8-e003Coalescence-mBHI-p3_S117
8,/oak/stanford/groups/dpetrov/swalton/Sophie_Oct2024_Seq/D3-e003Coalescence-mBHI-p3_S46_R1_001.fastq.gz,/oak/stanford/groups/dpetrov/swalton/Sophie_Oct2024_Seq/D3-e003Coalescence-mBHI-p3_S46_R2_001.fastq.gz,workflow/out/trimmed/H3-e003Coalescence-mBHI-p3_S46-trimmed-pair1.fastq.gz,workflow/out/trimmed/H3-e003Coalescence-mBHI-p3_S46-trimmed-pair2.fastq.gz,workflow/out/filter/H3-e003Coalescence-mBHI-p3_S46-filtered.1.fastq.gz,workflow/out/filter/H3-e003Coalescence-mBHI-p3_S46-filtered.2.fastq.gz,H3-e003Coalescence-mBHI-p3_S46
9,/oak/stanford/groups/dpetrov/swalton/Sophie_Oct2024_Seq/D2-e003Coalescence-mBHI-p7_S133_R1_001.fastq.gz,/oak/stanford/groups/dpetrov/swalton/Sophie_Oct2024_Seq/D2-e003Coalescence-mBHI-p7_S133_R2_001.fastq.gz,workflow/out/trimmed/H2-e003Coalescence-mBHI-p7_S133-trimmed-pair1.fastq.gz,workflow/out/trimmed/H2-e003Coalescence-mBHI-p7_S133-trimmed-pair2.fastq.gz,workflow/out/filter/H2-e003Coalescence-mBHI-p7_S133-filtered.1.fastq.gz,workflow/out/filter/H2-e003Coalescence-mBHI-p7_S133-filtered.2.fastq.gz,H2-e003Coalescence-mBHI-p7_S133
10,/oak/stanford/groups/dpetrov/swalton/Sophie_Oct2024_Seq/A3-e003Coalescence-mBHI-p7_S98_R1_001.fastq.gz,/oak/stanford/groups/dpetrov/swalton/Sophie_Oct2024_Seq/A3-e003Coalescence-mBHI-p7_S98_R2_001.fastq.gz,workflow/out/trimmed/E3-e003Coalescence-mBHI-p7_S98-trimmed-pair1.fastq.gz,workflow/out/trimmed/E3-e003Coalescence-mBHI-p7_S98-trimmed-pair2.fastq.gz,workflow/out/filter/E3-e003Coalescence-mBHI-p7_S98-filtered.1.fastq.gz,workflow/out/filter/E3-e003Coalescence-mBHI-p7_S98-filtered.2.fastq.gz,E3-e003Coalescence-mBHI-p7_S98
11,/oak/stanford/groups/dpetrov/swalton/Sophie_Oct2024_Seq/A5-e003Coalescence-mBHI-p3_S12_R1_001.fastq.gz,/oak/stanford/groups/dpetrov/swalton/Sophie_Oct2024_Seq/A5-e003Coalescence-mBHI-p3_S12_R2_001.fastq.gz,workflow/out/trimmed/E5-e003Coalescence-mBHI-p3_S12-trimmed-pair1.fastq.gz,workflow/out/trimmed/E5-e003Coalescence-mBHI-p3_S12-trimmed-pair2.fastq.gz,workflow/out/filter/E5-e003Coalescence-mBHI-p3_S12-filtered.1.fastq.gz,workflow/out/filter/E5-e003Coalescence-mBHI-p3_S12-filtered.2.fastq.gz,E5-e003Coalescence-mBHI-p3_S12
12,/oak/stanford/groups/dpetrov/swalton/Sophie_Oct2024_Seq/B10-e003Coalescence-mGAM-p7_S163_R1_001.fastq.gz,/oak/stanford/groups/dpetrov/swalton/Sophie_Oct2024_Seq/B10-e003Coalescence-mGAM-p7_S163_R2_001.fastq.gz,workflow/out/trimmed/F100-e003Coalescence-mGAM-p7_S163-trimmed-pair1.fastq.gz,workflow/out/trimmed/F100-e003Coalescence-mGAM-p7_S163-trimmed-pair2.fastq.gz,workflow/out/filter/F100-e003Coalescence-mGAM-p7_S163-filtered.1.fastq.gz,workflow/out/filter/F100-e003Coalescence-mGAM-p7_S163-filtered.2.fastq.gz,F100-e003Coalescence-mGAM-p7_S163
13,/oak/stanford/groups/dpetrov/swalton/Sophie_Oct2024_Seq/A11-e003Coalescence-mGAM-p7_S152_R1_001.fastq.gz,/oak/stanford/groups/dpetrov/swalton/Sophie_Oct2024_Seq/A11-e003Coalescence-mGAM-p7_S152_R2_001.fastq.gz,workflow/out/trimmed/E111-e003Coalescence-mGAM-p7_S152-trimmed-pair1.fastq.gz,workflow/out/trimmed/E111-e003Coalescence-mGAM-p7_S152-trimmed-pair2.fastq.gz,workflow/out/filter/E111-e003Coalescence-mGAM-p7_S152-filtered.1.fastq.gz,workflow/out/filter/E111-e003Coalescence-mGAM-p7_S152-filtered.2.fastq.gz,E111-e003Coalescence-mGAM-p7_S152
14,/oak/stanford/groups/dpetrov/swalton/Sophie_Oct2024_Seq/B9-e003Coalescence-mBHI-p5_S18_R1_001.fastq.gz,/oak/stanford/groups/dpetrov/swalton/Sophie_Oct2024_Seq/B9-e003Coalescence-mBHI-p5_S18_R2_001.fastq.gz,workflow/out/trimmed/F9-e003Coalescence-mBHI-p5_S18-trimmed-pair1.fastq.gz,workflow/out/trimmed/F9-e003Coalescence-mBHI-p5_S18-trimmed-pair2.fastq.gz,workflow/out/filter/F9-e003Coalescence-mBHI-p5_S18-filtered.1.fastq.gz,workflow/out/filter/F9-e003Coalescence-mBHI-p5_S18-filtered.2.fastq.gz,F9-e003Coalescence-mBHI-p5_S18
15,/oak/stanford/groups/dpetrov/swalton/Sophie_Oct2024_Seq/D3-e003Coalescence-mBHI-p7_S134_R1_001.fastq.gz,/oak/stanford/groups/dpetrov/swalton/Sophie_Oct2024_Seq/D3-e003Coalescence-mBHI-p7_S134_R2_001.fastq.gz,workflow/out/trimmed/H3-e003Coalescence-mBHI-p7_S134-trimmed-pair1.fastq.gz,workflow/out/trimmed/H3-e003Coalescence-mBHI-p7_S134-trimmed-pair2.fastq.gz,workflow/out/filter/H3-e003Coalescence-mBHI-p7_S134-filtered.1.fastq.gz,workflow/out/filter/H3-e003Coalescence-mBHI-p7_S134-filtered.2.fastq.gz,H3-e003Coalescence-mBHI-p7_S134
16,/oak/stanford/groups/dpetrov/swalton/Sophie_Oct2024_Seq/A3-e003Coalescence-mGAM-p3_S58_R1_001.fastq.gz,/oak/stanford/groups/dpetrov/swalton/Sophie_Oct2024_Seq/A3-e003Coalescence-mGAM-p3_S58_R2_001.fastq.gz,workflow/out/trimmed/E3-e003Coalescence-mGAM-p3_S58-trimmed-pair1.fastq.gz,workflow/out/trimmed/E3-e003Coalescence-mGAM-p3_S58-trimmed-pair2.fastq.gz,workflow/out/filter/E3-e003Coalescence-mGAM-p3_S58-filtered.1.fastq.gz,workflow/out/filter/E3-e003Coalescence-mGAM-p3_S58-filtered.2.fastq.gz,E3-e003Coalescence-mGAM-p3_S58
17,/oak/stanford/groups/dpetrov/swalton/Sophie_Oct2024_Seq/D8-e003Coalescence-mBHI-p3_S141_R1_001.fastq.gz,/oak/stanford/groups/dpetrov/swalton/Sophie_Oct2024_Seq/D8-e003Coalescence-mBHI-p3_S141_R2_001.fastq.gz,workflow/out/trimmed/H8-e003Coalescence-mBHI-p3_S141-trimmed-pair1.fastq.gz,workflow/out/trimmed/H8-e003Coalescence-mBHI-p3_S141-trimmed-pair2.fastq.gz,workflow/out/filter/H8-e003Coalescence-mBHI-p3_S141-filtered.1.fastq.gz,workflow/out/filter/H8-e003Coalescence-mBHI-p3_S141-filtered.2.fastq.gz,H8-e003Coalescence-mBHI-p3_S141
18,/oak/stanford/groups/dpetrov/swalton/Sophie_Oct2024_Seq/C4-e003Coalescence-mBHI-p5_S27_R1_001.fastq.gz,/oak/stanford/groups/dpetrov/swalton/Sophie_Oct2024_Seq/C4-e003Coalescence-mBHI-p5_S27_R2_001.fastq.gz,workflow/out/trimmed/G4-e003Coalescence-mBHI-p5_S27-trimmed-pair1.fastq.gz,workflow/out/trimmed/G4-e003Coalescence-mBHI-p5_S27-trimmed-pair2.fastq.gz,workflow/out/filter/G4-e003Coalescence-mBHI-p5_S27-filtered.1.fastq.gz,workflow/out/filter/G4-e003Coalescence-mBHI-p5_S27-filtered.2.fastq.gz,G4-e003Coalescence-mBHI-p5_S27
19,/oak/stanford/groups/dpetrov/swalton/Sophie_Oct2024_Seq/A8-e003Coalescence-mBHI-p5_S5_R1_001.fastq.gz,/oak/stanford/groups/dpetrov/swalton/Sophie_Oct2024_Seq/A8-e003Coalescence-mBHI-p5_S5_R2_001.fastq.gz,workflow/out/trimmed/E8-e003Coalescence-mBHI-p5_S5-trimmed-pair1.fastq.gz,workflow/out/trimmed/E8-e003Coalescence-mBHI-p5_S5-trimmed-pair2.fastq.gz,workflow/out/filter/E8-e003Coalescence-mBHI-p5_S5-filtered.1.fastq.gz,workflow/out/filter/E8-e003Coalescence-mBHI-p5_S5-filtered.2.fastq.gz,E8-e003Coalescence-mBHI-p5_S5
20,/oak/stanford/groups/dpetrov/swalton/Sophie_Oct2024_Seq/C2-e003Coalescence-mBHI-p3_S33_R1_001.fastq.gz,/oak/stanford/groups/dpetrov/swalton/Sophie_Oct2024_Seq/C2-e003Coalescence-mBHI-p3_S33_R2_001.fastq.gz,workflow/out/trimmed/G2-e003Coalescence-mBHI-p3_S33-trimmed-pair1.fastq.gz,workflow/out/trimmed/G2-e003Coalescence-mBHI-p3_S33-trimmed-pair2.fastq.gz,workflow/out/filter/G2-e003Coalescence-mBHI-p3_S33-filtered.1.fastq.gz,workflow/out/filter/G2-e003Coalescence-mBHI-p3_S33-filtered.2.fastq.gz,G2-e003Coalescence-mBHI-p3_S33
21,/oak/stanford/groups/dpetrov/swalton/Sophie_Oct2024_Seq/B10-e003Coalescence-mBHI-p3_S119_R1_001.fastq.gz,/oak/stanford/groups/dpetrov/swalton/Sophie_Oct2024_Seq/B10-e003Coalescence-mBHI-p3_S119_R2_001.fastq.gz,workflow/out/trimmed/F100-e003Coalescence-mBHI-p3_S119-trimmed-pair1.fastq.gz,workflow/out/trimmed/F100-e003Coalescence-mBHI-p3_S119-trimmed-pair2.fastq.gz,workflow/out/filter/F100-e003Coalescence-mBHI-p3_S119-filtered.1.fastq.gz,workflow/out/filter/F100-e003Coalescence-mBHI-p3_S119-filtered.2.fastq.gz,F100-e003Coalescence-mBHI-p3_S119
22,/oak/stanford/groups/dpetrov/swalton/Sophie_Oct2024_Seq/A9-e003Coalescence-mBHI-p5_S6_R1_001.fastq.gz,/oak/stanford/groups/dpetrov/swalton/Sophie_Oct2024_Seq/A9-e003Coalescence-mBHI-p5_S6_R2_001.fastq.gz,workflow/out/trimmed/E9-e003Coalescence-mBHI-p5_S6-trimmed-pair1.fastq.gz,workflow/out/trimmed/E9-e003Coalescence-mBHI-p5_S6-trimmed-pair2.fastq.gz,workflow/out/filter/E9-e003Coalescence-mBHI-p5_S6-filtered.1.fastq.gz,workflow/out/filter/E9-e003Coalescence-mBHI-p5_S6-filtered.2.fastq.gz,E9-e003Coalescence-mBHI-p5_S6
23,/oak/stanford/groups/dpetrov/swalton/Sophie_Oct2024_Seq/C3-e003Coalescence-mGAM-p7_S170_R1_001.fastq.gz,/oak/stanford/groups/dpetrov/swalton/Sophie_Oct2024_Seq/C3-e003Coalescence-mGAM-p7_S170_R2_001.fastq.gz,workflow/out/trimmed/G3-e003Coalescence-mGAM-p7_S170-trimmed-pair1.fastq.gz,workflow/out/trimmed/G3-e003Coalescence-mGAM-p7_S170-trimmed-pair2.fastq.gz,workflow/out/filter/G3-e003Coalescence-mGAM-p7_S170-filtered.1.fastq.gz,workflow/out/filter/G3-e003Coalescence-mGAM-p7_S170-filtered.2.fastq.gz,G3-e003Coalescence-mGAM-p7_S170
24,/oak/stanford/groups/dpetrov/swalton/Sophie_Oct2024_Seq/D11-e003Coalescence-mBHI-p3_S144_R1_001.fastq.gz,/oak/stanford/groups/dpetrov/swalton/Sophie_Oct2024_Seq/D11-e003Coalescence-mBHI-p3_S144_R2_001.fastq.gz,workflow/out/trimmed/H111-e003Coalescence-mBHI-p3_S144-trimmed-pair1.fastq.gz,workflow/out/trimmed/H111-e003Coalescence-mBHI-p3_S144-trimmed-pair2.fastq.gz,workflow/out/filter/H111-e003Coalescence-mBHI-p3_S144-filtered.1.fastq.gz,workflow/out/filter/H111-e003Coalescence-mBHI-p3_S144-filtered.2.fastq.gz,H111-e003Coalescence-mBHI-p3_S144
25,/oak/stanford/groups/dpetrov/swalton/Sophie_Oct2024_Seq/C11-e003Coalescence-mGAM-p5_S80_R1_001.fastq.gz,/oak/stanford/groups/dpetrov/swalton/Sophie_Oct2024_Seq/C11-e003Coalescence-mGAM-p5_S80_R2_001.fastq.gz,workflow/out/trimmed/G111-e003Coalescence-mGAM-p5_S80-trimmed-pair1.fastq.gz,workflow/out/trimmed/G111-e003Coalescence-mGAM-p5_S80-trimmed-pair2.fastq.gz,workflow/out/filter/G111-e003Coalescence-mGAM-p5_S80-filtered.1.fastq.gz,workflow/out/filter/G111-e003Coalescence-mGAM-p5_S80-filtered.2.fastq.gz,G111-e003Coalescence-mGAM-p5_S80
26,/oak/stanford/groups/dpetrov/swalton/Sophie_Oct2024_Seq/C10-e003Coalescence-mGAM-p3_S179_R1_001.fastq.gz,/oak/stanford/groups/dpetrov/swalton/Sophie_Oct2024_Seq/C10-e003Coalescence-mGAM-p3_S179_R2_001.fastq.gz,workflow/out/trimmed/G100-e003Coalescence-mGAM-p3_S179-trimmed-pair1.fastq.gz,workflow/out/trimmed/G100-e003Coalescence-mGAM-p3_S179-trimmed-pair2.fastq.gz,workflow/out/filter/G100-e003Coalescence-mGAM-p3_S179-filtered.1.fastq.gz,workflow/out/filter/G100-e003Coalescence-mGAM-p3_S179-filtered.2.fastq.gz,G100-e003Coalescence-mGAM-p3_S179
27,/oak/stanford/groups/dpetrov/swalton/Sophie_Oct2024_Seq/B11-e003Coalescence-mGAM-p5_S68_R1_001.fastq.gz,/oak/stanford/groups/dpetrov/swalton/Sophie_Oct2024_Seq/B11-e003Coalescence-mGAM-p5_S68_R2_001.fastq.gz,workflow/out/trimmed/F111-e003Coalescence-mGAM-p5_S68-trimmed-pair1.fastq.gz,workflow/out/trimmed/F111-e003Coalescence-mGAM-p5_S68-trimmed-pair2.fastq.gz,workflow/out/filter/F111-e003Coalescence-mGAM-p5_S68-filtered.1.fastq.gz,workflow/out/filter/F111-e003Coalescence-mGAM-p5_S68-filtered.2.fastq.gz,F111-e003Coalescence-mGAM-p5_S68
28,/oak/stanford/groups/dpetrov/swalton/Sophie_Oct2024_Seq/C11-e003Coalescence-mBHI-p5_S32_R1_001.fastq.gz,/oak/stanford/groups/dpetrov/swalton/Sophie_Oct2024_Seq/C11-e003Coalescence-mBHI-p5_S32_R2_001.fastq.gz,workflow/out/trimmed/G111-e003Coalescence-mBHI-p5_S32-trimmed-pair1.fastq.gz,workflow/out/trimmed/G111-e003Coalescence-mBHI-p5_S32-trimmed-pair2.fastq.gz,workflow/out/filter/G111-e003Coalescence-mBHI-p5_S32-filtered.1.fastq.gz,workflow/out/filter/G111-e003Coalescence-mBHI-p5_S32-filtered.2.fastq.gz,G111-e003Coalescence-mBHI-p5_S32
29,/oak/stanford/groups/dpetrov/swalton/Sophie_Oct2024_Seq/C5-e003Coalescence-mBHI-p3_S36_R1_001.fastq.gz,/oak/stanford/groups/dpetrov/swalton/Sophie_Oct2024_Seq/C5-e003Coalescence-mBHI-p3_S36_R2_001.fastq.gz,workflow/out/trimmed/G5-e003Coalescence-mBHI-p3_S36-trimmed-pair1.fastq.gz,workflow/out/trimmed/G5-e003Coalescence-mBHI-p3_S36-trimmed-pair2.fastq.gz,workflow/out/filter/G5-e003Coalescence-mBHI-p3_S36-filtered.1.fastq.gz,workflow/out/filter/G5-e003Coalescence-mBHI-p3_S36-filtered.2.fastq.gz,G5-e003Coalescence-mBHI-p3_S36
30,/oak/stanford/groups/dpetrov/swalton/Sophie_Oct2024_Seq/D2-e003Coalescence-mGAM-p7_S181_R1_001.fastq.gz,/oak/stanford/groups/dpetrov/swalton/Sophie_Oct2024_Seq/D2-e003Coalescence-mGAM-p7_S181_R2_001.fastq.gz,workflow/out/trimmed/H2-e003Coalescence-mGAM-p7_S181-trimmed-pair1.fastq.gz,workflow/out/trimmed/H2-e003Coalescence-mGAM-p7_S181-trimmed-pair2.fastq.gz,workflow/out/filter/H2-e003Coalescence-mGAM-p7_S181-filtered.1.fastq.gz,workflow/out/filter/H2-e003Coalescence-mGAM-p7_S181-filtered.2.fastq.gz,H2-e003Coalescence-mGAM-p7_S181
31,/oak/stanford/groups/dpetrov/swalton/Sophie_Oct2024_Seq/D9-e003Coalescence-mGAM-p3_S190_R1_001.fastq.gz,/oak/stanford/groups/dpetrov/swalton/Sophie_Oct2024_Seq/D9-e003Coalescence-mGAM-p3_S190_R2_001.fastq.gz,workflow/out/trimmed/H9-e003Coalescence-mGAM-p3_S190-trimmed-pair1.fastq.gz,workflow/out/trimmed/H9-e003Coalescence-mGAM-p3_S190-trimmed-pair2.fastq.gz,workflow/out/filter/H9-e003Coalescence-mGAM-p3_S190-filtered.1.fastq.gz,workflow/out/filter/H9-e003Coalescence-mGAM-p3_S190-filtered.2.fastq.gz,H9-e003Coalescence-mGAM-p3_S190
32,/oak/stanford/groups/dpetrov/swalton/Sophie_Oct2024_Seq/B2-e003Coalescence-mBHI-p7_S109_R1_001.fastq.gz,/oak/stanford/groups/dpetrov/swalton/Sophie_Oct2024_Seq/B2-e003Coalescence-mBHI-p7_S109_R2_001.fastq.gz,workflow/out/trimmed/F2-e003Coalescence-mBHI-p7_S109-trimmed-pair1.fastq.gz,workflow/out/trimmed/F2-e003Coalescence-mBHI-p7_S109-trimmed-pair2.fastq.gz,workflow/out/filter/F2-e003Coalescence-mBHI-p7_S109-filtered.1.fastq.gz,workflow/out/filter/F2-e003Coalescence-mBHI-p7_S109-filtered.2.fastq.gz,F2-e003Coalescence-mBHI-p7_S109
33,/oak/stanford/groups/dpetrov/swalton/Sophie_Oct2024_Seq/A3-e003Coalescence-mBHI-p3_S10_R1_001.fastq.gz,/oak/stanford/groups/dpetrov/swalton/Sophie_Oct2024_Seq/A3-e003Coalescence-mBHI-p3_S10_R2_001.fastq.gz,workflow/out/trimmed/E3-e003Coalescence-mBHI-p3_S10-trimmed-pair1.fastq.gz,workflow/out/trimmed/E3-e003Coalescence-mBHI-p3_S10-trimmed-pair2.fastq.gz,workflow/out/filter/E3-e003Coalescence-mBHI-p3_S10-filtered.1.fastq.gz,workflow/out/filter/E3-e003Coalescence-mBHI-p3_S10-filtered.2.fastq.gz,E3-e003Coalescence-mBHI-p3_S10
34,/oak/stanford/groups/dpetrov/swalton/Sophie_Oct2024_Seq/D2-e003Coalescence-mGAM-p5_S85_R1_001.fastq.gz,/oak/stanford/groups/dpetrov/swalton/Sophie_Oct2024_Seq/D2-e003Coalescence-mGAM-p5_S85_R2_001.fastq.gz,workflow/out/trimmed/H2-e003Coalescence-mGAM-p5_S85-trimmed-pair1.fastq.gz,workflow/out/trimmed/H2-e003Coalescence-mGAM-p5_S85-trimmed-pair2.fastq.gz,workflow/out/filter/H2-e003Coalescence-mGAM-p5_S85-filtered.1.fastq.gz,workflow/out/filter/H2-e003Coalescence-mGAM-p5_S85-filtered.2.fastq.gz,H2-e003Coalescence-mGAM-p5_S85
35,/oak/stanford/groups/dpetrov/swalton/Sophie_Oct2024_Seq/C8-e003Coalescence-mGAM-p3_S177_R1_001.fastq.gz,/oak/stanford/groups/dpetrov/swalton/Sophie_Oct2024_Seq/C8-e003Coalescence-mGAM-p3_S177_R2_001.fastq.gz,workflow/out/trimmed/G8-e003Coalescence-mGAM-p3_S177-trimmed-pair1.fastq.gz,workflow/out/trimmed/G8-e003Coalescence-mGAM-p3_S177-trimmed-pair2.fastq.gz,workflow/out/filter/G8-e003Coalescence-mGAM-p3_S177-filtered.1.fastq.gz,workflow/out/filter/G8-e003Coalescence-mGAM-p3_S177-filtered.2.fastq.gz,G8-e003Coalescence-mGAM-p3_S177
36,/oak/stanford/groups/dpetrov/swalton/Sophie_Oct2024_Seq/D11-e003Coalescence-mBHI-p7_S140_R1_001.fastq.gz,/oak/stanford/groups/dpetrov/swalton/Sophie_Oct2024_Seq/D11-e003Coalescence-mBHI-p7_S140_R2_001.fastq.gz,workflow/out/trimmed/H111-e003Coalescence-mBHI-p7_S140-trimmed-pair1.fastq.gz,workflow/out/trimmed/H111-e003Coalescence-mBHI-p7_S140-trimmed-pair2.fastq.gz,workflow/out/filter/H111-e003Coalescence-mBHI-p7_S140-filtered.1.fastq.gz,workflow/out/filter/H111-e003Coalescence-mBHI-p7_S140-filtered.2.fastq.gz,H111-e003Coalescence-mBHI-p7_S140
37,/oak/stanford/groups/dpetrov/swalton/Sophie_Oct2024_Seq/B2-e003Coalescence-mGAM-p7_S157_R1_001.fastq.gz,/oak/stanford/groups/dpetrov/swalton/Sophie_Oct2024_Seq/B2-e003Coalescence-mGAM-p7_S157_R2_001.fastq.gz,workflow/out/trimmed/F2-e003Coalescence-mGAM-p7_S157-trimmed-pair1.fastq.gz,workflow/out/trimmed/F2-e003Coalescence-mGAM-p7_S157-trimmed-pair2.fastq.gz,workflow/out/filter/F2-e003Coalescence-mGAM-p7_S157-filtered.1.fastq.gz,workflow/out/filter/F2-e003Coalescence-mGAM-p7_S157-filtered.2.fastq.gz,F2-e003Coalescence-mGAM-p7_S157
38,/oak/stanford/groups/dpetrov/swalton/Sophie_Oct2024_Seq/D3-e003Coalescence-mGAM-p3_S94_R1_001.fastq.gz,/oak/stanford/groups/dpetrov/swalton/Sophie_Oct2024_Seq/D3-e003Coalescence-mGAM-p3_S94_R2_001.fastq.gz,workflow/out/trimmed/H3-e003Coalescence-mGAM-p3_S94-trimmed-pair1.fastq.gz,workflow/out/trimmed/H3-e003Coalescence-mGAM-p3_S94-trimmed-pair2.fastq.gz,workflow/out/filter/H3-e003Coalescence-mGAM-p3_S94-filtered.1.fastq.gz,workflow/out/filter/H3-e003Coalescence-mGAM-p3_S94-filtered.2.fastq.gz,H3-e003Coalescence-mGAM-p3_S94
39,/oak/stanford/groups/dpetrov/swalton/Sophie_Oct2024_Seq/D8-e003Coalescence-mGAM-p3_S189_R1_001.fastq.gz,/oak/stanford/groups/dpetrov/swalton/Sophie_Oct2024_Seq/D8-e003Coalescence-mGAM-p3_S189_R2_001.fastq.gz,workflow/out/trimmed/H8-e003Coalescence-mGAM-p3_S189-trimmed-pair1.fastq.gz,workflow/out/trimmed/H8-e003Coalescence-mGAM-p3_S189-trimmed-pair2.fastq.gz,workflow/out/filter/H8-e003Coalescence-mGAM-p3_S189-filtered.1.fastq.gz,workflow/out/filter/H8-e003Coalescence-mGAM-p3_S189-filtered.2.fastq.gz,H8-e003Coalescence-mGAM-p3_S189
40,/oak/stanford/groups/dpetrov/swalton/Sophie_Oct2024_Seq/D4-e003Coalescence-mGAM-p3_S95_R1_001.fastq.gz,/oak/stanford/groups/dpetrov/swalton/Sophie_Oct2024_Seq/D4-e003Coalescence-mGAM-p3_S95_R2_001.fastq.gz,workflow/out/trimmed/H4-e003Coalescence-mGAM-p3_S95-trimmed-pair1.fastq.gz,workflow/out/trimmed/H4-e003Coalescence-mGAM-p3_S95-trimmed-pair2.fastq.gz,workflow/out/filter/H4-e003Coalescence-mGAM-p3_S95-filtered.1.fastq.gz,workflow/out/filter/H4-e003Coalescence-mGAM-p3_S95-filtered.2.fastq.gz,H4-e003Coalescence-mGAM-p3_S95
41,/oak/stanford/groups/dpetrov/swalton/Sophie_Oct2024_Seq/A5-e003Coalescence-mBHI-p7_S100_R1_001.fastq.gz,/oak/stanford/groups/dpetrov/swalton/Sophie_Oct2024_Seq/A5-e003Coalescence-mBHI-p7_S100_R2_001.fastq.gz,workflow/out/trimmed/E5-e003Coalescence-mBHI-p7_S100-trimmed-pair1.fastq.gz,workflow/out/trimmed/E5-e003Coalescence-mBHI-p7_S100-trimmed-pair2.fastq.gz,workflow/out/filter/E5-e003Coalescence-mBHI-p7_S100-filtered.1.fastq.gz,workflow/out/filter/E5-e003Coalescence-mBHI-p7_S100-filtered.2.fastq.gz,E5-e003Coalescence-mBHI-p7_S100
42,/oak/stanford/groups/dpetrov/swalton/Sophie_Oct2024_Seq/C11-e003Coalescence-mBHI-p3_S132_R1_001.fastq.gz,/oak/stanford/groups/dpetrov/swalton/Sophie_Oct2024_Seq/C11-e003Coalescence-mBHI-p3_S132_R2_001.fastq.gz,workflow/out/trimmed/G111-e003Coalescence-mBHI-p3_S132-trimmed-pair1.fastq.gz,workflow/out/trimmed/G111-e003Coalescence-mBHI-p3_S132-trimmed-pair2.fastq.gz,workflow/out/filter/G111-e003Coalescence-mBHI-p3_S132-filtered.1.fastq.gz,workflow/out/filter/G111-e003Coalescence-mBHI-p3_S132-filtered.2.fastq.gz,G111-e003Coalescence-mBHI-p3_S132
43,/oak/stanford/groups/dpetrov/swalton/Sophie_Oct2024_Seq/B3-e003Coalescence-mGAM-p3_S70_R1_001.fastq.gz,/oak/stanford/groups/dpetrov/swalton/Sophie_Oct2024_Seq/B3-e003Coalescence-mGAM-p3_S70_R2_001.fastq.gz,workflow/out/trimmed/F3-e003Coalescence-mGAM-p3_S70-trimmed-pair1.fastq.gz,workflow/out/trimmed/F3-e003Coalescence-mGAM-p3_S70-trimmed-pair2.fastq.gz,workflow/out/filter/F3-e003Coalescence-mGAM-p3_S70-filtered.1.fastq.gz,workflow/out/filter/F3-e003Coalescence-mGAM-p3_S70-filtered.2.fastq.gz,F3-e003Coalescence-mGAM-p3_S70
44,/oak/stanford/groups/dpetrov/swalton/Sophie_Oct2024_Seq/A10-e003Coalescence-mBHI-p7_S103_R1_001.fastq.gz,/oak/stanford/groups/dpetrov/swalton/Sophie_Oct2024_Seq/A10-e003Coalescence-mBHI-p7_S103_R2_001.fastq.gz,workflow/out/trimmed/E100-e003Coalescence-mBHI-p7_S103-trimmed-pair1.fastq.gz,workflow/out/trimmed/E100-e003Coalescence-mBHI-p7_S103-trimmed-pair2.fastq.gz,workflow/out/filter/E100-e003Coalescence-mBHI-p7_S103-filtered.1.fastq.gz,workflow/out/filter/E100-e003Coalescence-mBHI-p7_S103-filtered.2.fastq.gz,E100-e003Coalescence-mBHI-p7_S103
45,/oak/stanford/groups/dpetrov/swalton/Sophie_Oct2024_Seq/B9-e003Coalescence-mGAM-p5_S66_R1_001.fastq.gz,/oak/stanford/groups/dpetrov/swalton/Sophie_Oct2024_Seq/B9-e003Coalescence-mGAM-p5_S66_R2_001.fastq.gz,workflow/out/trimmed/F9-e003Coalescence-mGAM-p5_S66-trimmed-pair1.fastq.gz,workflow/out/trimmed/F9-e003Coalescence-mGAM-p5_S66-trimmed-pair2.fastq.gz,workflow/out/filter/F9-e003Coalescence-mGAM-p5_S66-filtered.1.fastq.gz,workflow/out/filter/F9-e003Coalescence-mGAM-p5_S66-filtered.2.fastq.gz,F9-e003Coalescence-mGAM-p5_S66
46,/oak/stanford/groups/dpetrov/swalton/Sophie_Oct2024_Seq/C11-e003Coalescence-mGAM-p7_S176_R1_001.fastq.gz,/oak/stanford/groups/dpetrov/swalton/Sophie_Oct2024_Seq/C11-e003Coalescence-mGAM-p7_S176_R2_001.fastq.gz,workflow/out/trimmed/G111-e003Coalescence-mGAM-p7_S176-trimmed-pair1.fastq.gz,workflow/out/trimmed/G111-e003Coalescence-mGAM-p7_S176-trimmed-pair2.fastq.gz,workflow/out/filter/G111-e003Coalescence-mGAM-p7_S176-filtered.1.fastq.gz,workflow/out/filter/G111-e003Coalescence-mGAM-p7_S176-filtered.2.fastq.gz,G111-e003Coalescence-mGAM-p7_S176
47,/oak/stanford/groups/dpetrov/swalton/Sophie_Oct2024_Seq/D10-e003Coalescence-mGAM-p7_S187_R1_001.fastq.gz,/oak/stanford/groups/dpetrov/swalton/Sophie_Oct2024_Seq/D10-e003Coalescence-mGAM-p7_S187_R2_001.fastq.gz,workflow/out/trimmed/H100-e003Coalescence-mGAM-p7_S187-trimmed-pair1.fastq.gz,workflow/out/trimmed/H100-e003Coalescence-mGAM-p7_S187-trimmed-pair2.fastq.gz,workflow/out/filter/H100-e003Coalescence-mGAM-p7_S187-filtered.1.fastq.gz,workflow/out/filter/H100-e003Coalescence-mGAM-p7_S187-filtered.2.fastq.gz,H100-e003Coalescence-mGAM-p7_S187
48,/oak/stanford/groups/dpetrov/swalton/Sophie_Oct2024_Seq/A10-e003Coalescence-mGAM-p3_S155_R1_001.fastq.gz,/oak/stanford/groups/dpetrov/swalton/Sophie_Oct2024_Seq/A10-e003Coalescence-mGAM-p3_S155_R2_001.fastq.gz,workflow/out/trimmed/E100-e003Coalescence-mGAM-p3_S155-trimmed-pair1.fastq.gz,workflow/out/trimmed/E100-e003Coalescence-mGAM-p3_S155-trimmed-pair2.fastq.gz,workflow/out/filter/E100-e003Coalescence-mGAM-p3_S155-filtered.1.fastq.gz,workflow/out/filter/E100-e003Coalescence-mGAM-p3_S155-filtered.2.fastq.gz,E100-e003Coalescence-mGAM-p3_S155
49,/oak/stanford/groups/dpetrov/swalton/Sophie_Oct2024_Seq/A3-e003Coalescence-mGAM-p5_S50_R1_001.fastq.gz,/oak/stanford/groups/dpetrov/swalton/Sophie_Oct2024_Seq/A3-e003Coalescence-mGAM-p5_S50_R2_001.fastq.gz,workflow/out/trimmed/E3-e003Coalescence-mGAM-p5_S50-trimmed-pair1.fastq.gz,workflow/out/trimmed/E3-e003Coalescence-mGAM-p5_S50-trimmed-pair2.fastq.gz,workflow/out/filter/E3-e003Coalescence-mGAM-p5_S50-filtered.1.fastq.gz,workflow/out/filter/E3-e003Coalescence-mGAM-p5_S50-filtered.2.fastq.gz,E3-e003Coalescence-mGAM-p5_S50
50,/oak/stanford/groups/dpetrov/swalton/Sophie_Oct2024_Seq/B5-e003Coalescence-mGAM-p3_S72_R1_001.fastq.gz,/oak/stanford/groups/dpetrov/swalton/Sophie_Oct2024_Seq/B5-e003Coalescence-mGAM-p3_S72_R2_001.fastq.gz,workflow/out/trimmed/F5-e003Coalescence-mGAM-p3_S72-trimmed-pair1.fastq.gz,workflow/out/trimmed/F5-e003Coalescence-mGAM-p3_S72-trimmed-pair2.fastq.gz,workflow/out/filter/F5-e003Coalescence-mGAM-p3_S72-filtered.1.fastq.gz,workflow/out/filter/F5-e003Coalescence-mGAM-p3_S72-filtered.2.fastq.gz,F5-e003Coalescence-mGAM-p3_S72
51,/oak/stanford/groups/dpetrov/swalton/Sophie_Oct2024_Seq/A9-e003Coalescence-mBHI-p7_S102_R1_001.fastq.gz,/oak/stanford/groups/dpetrov/swalton/Sophie_Oct2024_Seq/A9-e003Coalescence-mBHI-p7_S102_R2_001.fastq.gz,workflow/out/trimmed/E9-e003Coalescence-mBHI-p7_S102-trimmed-pair1.fastq.gz,workflow/out/trimmed/E9-e003Coalescence-mBHI-p7_S102-trimmed-pair2.fastq.gz,workflow/out/filter/E9-e003Coalescence-mBHI-p7_S102-filtered.1.fastq.gz,workflow/out/filter/E9-e003Coalescence-mBHI-p7_S102-filtered.2.fastq.gz,E9-e003Coalescence-mBHI-p7_S102
52,/oak/stanford/groups/dpetrov/swalton/Sophie_Oct2024_Seq/A5-e003Coalescence-mBHI-p5_S4_R1_001.fastq.gz,/oak/stanford/groups/dpetrov/swalton/Sophie_Oct2024_Seq/A5-e003Coalescence-mBHI-p5_S4_R2_001.fastq.gz,workflow/out/trimmed/E5-e003Coalescence-mBHI-p5_S4-trimmed-pair1.fastq.gz,workflow/out/trimmed/E5-e003Coalescence-mBHI-p5_S4-trimmed-pair2.fastq.gz,workflow/out/filter/E5-e003Coalescence-mBHI-p5_S4-filtered.1.fastq.gz,workflow/out/filter/E5-e003Coalescence-mBHI-p5_S4-filtered.2.fastq.gz,E5-e003Coalescence-mBHI-p5_S4
53,/oak/stanford/groups/dpetrov/swalton/Sophie_Oct2024_Seq/B11-e003Coalescence-mGAM-p7_S164_R1_001.fastq.gz,/oak/stanford/groups/dpetrov/swalton/Sophie_Oct2024_Seq/B11-e003Coalescence-mGAM-p7_S164_R2_001.fastq.gz,workflow/out/trimmed/F111-e003Coalescence-mGAM-p7_S164-trimmed-pair1.fastq.gz,workflow/out/trimmed/F111-e003Coalescence-mGAM-p7_S164-trimmed-pair2.fastq.gz,workflow/out/filter/F111-e003Coalescence-mGAM-p7_S164-filtered.1.fastq.gz,workflow/out/filter/F111-e003Coalescence-mGAM-p7_S164-filtered.2.fastq.gz,F111-e003Coalescence-mGAM-p7_S164
54,/oak/stanford/groups/dpetrov/swalton/Sophie_Oct2024_Seq/A11-e003Coalescence-mBHI-p5_S8_R1_001.fastq.gz,/oak/stanford/groups/dpetrov/swalton/Sophie_Oct2024_Seq/A11-e003Coalescence-mBHI-p5_S8_R2_001.fastq.gz,workflow/out/trimmed/E111-e003Coalescence-mBHI-p5_S8-trimmed-pair1.fastq.gz,workflow/out/trimmed/E111-e003Coalescence-mBHI-p5_S8-trimmed-pair2.fastq.gz,workflow/out/filter/E111-e003Coalescence-mBHI-p5_S8-filtered.1.fastq.gz,workflow/out/filter/E111-e003Coalescence-mBHI-p5_S8-filtered.2.fastq.gz,E111-e003Coalescence-mBHI-p5_S8
55,/oak/stanford/groups/dpetrov/swalton/Sophie_Oct2024_Seq/D10-e003Coalescence-mBHI-p5_S43_R1_001.fastq.gz,/oak/stanford/groups/dpetrov/swalton/Sophie_Oct2024_Seq/D10-e003Coalescence-mBHI-p5_S43_R2_001.fastq.gz,workflow/out/trimmed/H100-e003Coalescence-mBHI-p5_S43-trimmed-pair1.fastq.gz,workflow/out/trimmed/H100-e003Coalescence-mBHI-p5_S43-trimmed-pair2.fastq.gz,workflow/out/filter/H100-e003Coalescence-mBHI-p5_S43-filtered.1.fastq.gz,workflow/out/filter/H100-e003Coalescence-mBHI-p5_S43-filtered.2.fastq.gz,H100-e003Coalescence-mBHI-p5_S43
56,/oak/stanford/groups/dpetrov/swalton/Sophie_Oct2024_Seq/C2-e003Coalescence-mGAM-p7_S169_R1_001.fastq.gz,/oak/stanford/groups/dpetrov/swalton/Sophie_Oct2024_Seq/C2-e003Coalescence-mGAM-p7_S169_R2_001.fastq.gz,workflow/out/trimmed/G2-e003Coalescence-mGAM-p7_S169-trimmed-pair1.fastq.gz,workflow/out/trimmed/G2-e003Coalescence-mGAM-p7_S169-trimmed-pair2.fastq.gz,workflow/out/filter/G2-e003Coalescence-mGAM-p7_S169-filtered.1.fastq.gz,workflow/out/filter/G2-e003Coalescence-mGAM-p7_S169-filtered.2.fastq.gz,G2-e003Coalescence-mGAM-p7_S169
57,/oak/stanford/groups/dpetrov/swalton/Sophie_Oct2024_Seq/B2-e003Coalescence-mGAM-p5_S61_R1_001.fastq.gz,/oak/stanford/groups/dpetrov/swalton/Sophie_Oct2024_Seq/B2-e003Coalescence-mGAM-p5_S61_R2_001.fastq.gz,workflow/out/trimmed/F2-e003Coalescence-mGAM-p5_S61-trimmed-pair1.fastq.gz,workflow/out/trimmed/F2-e003Coalescence-mGAM-p5_S61-trimmed-pair2.fastq.gz,workflow/out/filter/F2-e003Coalescence-mGAM-p5_S61-filtered.1.fastq.gz,workflow/out/filter/F2-e003Coalescence-mGAM-p5_S61-filtered.2.fastq.gz,F2-e003Coalescence-mGAM-p5_S61
58,/oak/stanford/groups/dpetrov/swalton/Sophie_Oct2024_Seq/B5-e003Coalescence-mBHI-p5_S16_R1_001.fastq.gz,/oak/stanford/groups/dpetrov/swalton/Sophie_Oct2024_Seq/B5-e003Coalescence-mBHI-p5_S16_R2_001.fastq.gz,workflow/out/trimmed/F5-e003Coalescence-mBHI-p5_S16-trimmed-pair1.fastq.gz,workflow/out/trimmed/F5-e003Coalescence-mBHI-p5_S16-trimmed-pair2.fastq.gz,workflow/out/filter/F5-e003Coalescence-mBHI-p5_S16-filtered.1.fastq.gz,workflow/out/filter/F5-e003Coalescence-mBHI-p5_S16-filtered.2.fastq.gz,F5-e003Coalescence-mBHI-p5_S16
59,/oak/stanford/groups/dpetrov/swalton/Sophie_Oct2024_Seq/B8-e003Coalescence-mGAM-p5_S65_R1_001.fastq.gz,/oak/stanford/groups/dpetrov/swalton/Sophie_Oct2024_Seq/B8-e003Coalescence-mGAM-p5_S65_R2_001.fastq.gz,workflow/out/trimmed/F8-e003Coalescence-mGAM-p5_S65-trimmed-pair1.fastq.gz,workflow/out/trimmed/F8-e003Coalescence-mGAM-p5_S65-trimmed-pair2.fastq.gz,workflow/out/filter/F8-e003Coalescence-mGAM-p5_S65-filtered.1.fastq.gz,workflow/out/filter/F8-e003Coalescence-mGAM-p5_S65-filtered.2.fastq.gz,F8-e003Coalescence-mGAM-p5_S65
60,/oak/stanford/groups/dpetrov/swalton/Sophie_Oct2024_Seq/D8-e003Coalescence-mBHI-p7_S137_R1_001.fastq.gz,/oak/stanford/groups/dpetrov/swalton/Sophie_Oct2024_Seq/D8-e003Coalescence-mBHI-p7_S137_R2_001.fastq.gz,workflow/out/trimmed/H8-e003Coalescence-mBHI-p7_S137-trimmed-pair1.fastq.gz,workflow/out/trimmed/H8-e003Coalescence-mBHI-p7_S137-trimmed-pair2.fastq.gz,workflow/out/filter/H8-e003Coalescence-mBHI-p7_S137-filtered.1.fastq.gz,workflow/out/filter/H8-e003Coalescence-mBHI-p7_S137-filtered.2.fastq.gz,H8-e003Coalescence-mBHI-p7_S137
61,/oak/stanford/groups/dpetrov/swalton/Sophie_Oct2024_Seq/A11-e003Coalescence-mGAM-p3_S156_R1_001.fastq.gz,/oak/stanford/groups/dpetrov/swalton/Sophie_Oct2024_Seq/A11-e003Coalescence-mGAM-p3_S156_R2_001.fastq.gz,workflow/out/trimmed/E111-e003Coalescence-mGAM-p3_S156-trimmed-pair1.fastq.gz,workflow/out/trimmed/E111-e003Coalescence-mGAM-p3_S156-trimmed-pair2.fastq.gz,workflow/out/filter/E111-e003Coalescence-mGAM-p3_S156-filtered.1.fastq.gz,workflow/out/filter/E111-e003Coalescence-mGAM-p3_S156-filtered.2.fastq.gz,E111-e003Coalescence-mGAM-p3_S156
62,/oak/stanford/groups/dpetrov/swalton/Sophie_Oct2024_Seq/D5-e003Coalescence-mBHI-p3_S48_R1_001.fastq.gz,/oak/stanford/groups/dpetrov/swalton/Sophie_Oct2024_Seq/D5-e003Coalescence-mBHI-p3_S48_R2_001.fastq.gz,workflow/out/trimmed/H5-e003Coalescence-mBHI-p3_S48-trimmed-pair1.fastq.gz,workflow/out/trimmed/H5-e003Coalescence-mBHI-p3_S48-trimmed-pair2.fastq.gz,workflow/out/filter/H5-e003Coalescence-mBHI-p3_S48-filtered.1.fastq.gz,workflow/out/filter/H5-e003Coalescence-mBHI-p3_S48-filtered.2.fastq.gz,H5-e003Coalescence-mBHI-p3_S48
63,/oak/stanford/groups/dpetrov/swalton/Sophie_Oct2024_Seq/C9-e003Coalescence-mGAM-p5_S78_R1_001.fastq.gz,/oak/stanford/groups/dpetrov/swalton/Sophie_Oct2024_Seq/C9-e003Coalescence-mGAM-p5_S78_R2_001.fastq.gz,workflow/out/trimmed/G9-e003Coalescence-mGAM-p5_S78-trimmed-pair1.fastq.gz,workflow/out/trimmed/G9-e003Coalescence-mGAM-p5_S78-trimmed-pair2.fastq.gz,workflow/out/filter/G9-e003Coalescence-mGAM-p5_S78-filtered.1.fastq.gz,workflow/out/filter/G9-e003Coalescence-mGAM-p5_S78-filtered.2.fastq.gz,G9-e003Coalescence-mGAM-p5_S78
64,/oak/stanford/groups/dpetrov/swalton/Sophie_Oct2024_Seq/A2-e003Coalescence-mBHI-p5_S1_R1_001.fastq.gz,/oak/stanford/groups/dpetrov/swalton/Sophie_Oct2024_Seq/A2-e003Coalescence-mBHI-p5_S1_R2_001.fastq.gz,workflow/out/trimmed/E2-e003Coalescence-mBHI-p5_S1-trimmed-pair1.fastq.gz,workflow/out/trimmed/E2-e003Coalescence-mBHI-p5_S1-trimmed-pair2.fastq.gz,workflow/out/filter/E2-e003Coalescence-mBHI-p5_S1-filtered.1.fastq.gz,workflow/out/filter/E2-e003Coalescence-mBHI-p5_S1-filtered.2.fastq.gz,E2-e003Coalescence-mBHI-p5_S1
65,/oak/stanford/groups/dpetrov/swalton/Sophie_Oct2024_Seq/A2-e003Coalescence-mBHI-p3_S9_R1_001.fastq.gz,/oak/stanford/groups/dpetrov/swalton/Sophie_Oct2024_Seq/A2-e003Coalescence-mBHI-p3_S9_R2_001.fastq.gz,workflow/out/trimmed/E2-e003Coalescence-mBHI-p3_S9-trimmed-pair1.fastq.gz,workflow/out/trimmed/E2-e003Coalescence-mBHI-p3_S9-trimmed-pair2.fastq.gz,workflow/out/filter/E2-e003Coalescence-mBHI-p3_S9-filtered.1.fastq.gz,workflow/out/filter/E2-e003Coalescence-mBHI-p3_S9-filtered.2.fastq.gz,E2-e003Coalescence-mBHI-p3_S9
66,/oak/stanford/groups/dpetrov/swalton/Sophie_Oct2024_Seq/C8-e003Coalescence-mGAM-p5_S77_R1_001.fastq.gz,/oak/stanford/groups/dpetrov/swalton/Sophie_Oct2024_Seq/C8-e003Coalescence-mGAM-p5_S77_R2_001.fastq.gz,workflow/out/trimmed/G8-e003Coalescence-mGAM-p5_S77-trimmed-pair1.fastq.gz,workflow/out/trimmed/G8-e003Coalescence-mGAM-p5_S77-trimmed-pair2.fastq.gz,workflow/out/filter/G8-e003Coalescence-mGAM-p5_S77-filtered.1.fastq.gz,workflow/out/filter/G8-e003Coalescence-mGAM-p5_S77-filtered.2.fastq.gz,G8-e003Coalescence-mGAM-p5_S77
67,/oak/stanford/groups/dpetrov/swalton/Sophie_Oct2024_Seq/C3-e003Coalescence-mBHI-p3_S34_R1_001.fastq.gz,/oak/stanford/groups/dpetrov/swalton/Sophie_Oct2024_Seq/C3-e003Coalescence-mBHI-p3_S34_R2_001.fastq.gz,workflow/out/trimmed/G3-e003Coalescence-mBHI-p3_S34-trimmed-pair1.fastq.gz,workflow/out/trimmed/G3-e003Coalescence-mBHI-p3_S34-trimmed-pair2.fastq.gz,workflow/out/filter/G3-e003Coalescence-mBHI-p3_S34-filtered.1.fastq.gz,workflow/out/filter/G3-e003Coalescence-mBHI-p3_S34-filtered.2.fastq.gz,G3-e003Coalescence-mBHI-p3_S34
68,/oak/stanford/groups/dpetrov/swalton/Sophie_Oct2024_Seq/C10-e003Coalescence-mBHI-p5_S31_R1_001.fastq.gz,/oak/stanford/groups/dpetrov/swalton/Sophie_Oct2024_Seq/C10-e003Coalescence-mBHI-p5_S31_R2_001.fastq.gz,workflow/out/trimmed/G100-e003Coalescence-mBHI-p5_S31-trimmed-pair1.fastq.gz,workflow/out/trimmed/G100-e003Coalescence-mBHI-p5_S31-trimmed-pair2.fastq.gz,workflow/out/filter/G100-e003Coalescence-mBHI-p5_S31-filtered.1.fastq.gz,workflow/out/filter/G100-e003Coalescence-mBHI-p5_S31-filtered.2.fastq.gz,G100-e003Coalescence-mBHI-p5_S31
69,/oak/stanford/groups/dpetrov/swalton/Sophie_Oct2024_Seq/B9-e003Coalescence-mBHI-p3_S118_R1_001.fastq.gz,/oak/stanford/groups/dpetrov/swalton/Sophie_Oct2024_Seq/B9-e003Coalescence-mBHI-p3_S118_R2_001.fastq.gz,workflow/out/trimmed/F9-e003Coalescence-mBHI-p3_S118-trimmed-pair1.fastq.gz,workflow/out/trimmed/F9-e003Coalescence-mBHI-p3_S118-trimmed-pair2.fastq.gz,workflow/out/filter/F9-e003Coalescence-mBHI-p3_S118-filtered.1.fastq.gz,workflow/out/filter/F9-e003Coalescence-mBHI-p3_S118-filtered.2.fastq.gz,F9-e003Coalescence-mBHI-p3_S118
70,/oak/stanford/groups/dpetrov/swalton/Sophie_Oct2024_Seq/A11-e003Coalescence-mBHI-p3_S108_R1_001.fastq.gz,/oak/stanford/groups/dpetrov/swalton/Sophie_Oct2024_Seq/A11-e003Coalescence-mBHI-p3_S108_R2_001.fastq.gz,workflow/out/trimmed/E111-e003Coalescence-mBHI-p3_S108-trimmed-pair1.fastq.gz,workflow/out/trimmed/E111-e003Coalescence-mBHI-p3_S108-trimmed-pair2.fastq.gz,workflow/out/filter/E111-e003Coalescence-mBHI-p3_S108-filtered.1.fastq.gz,workflow/out/filter/E111-e003Coalescence-mBHI-p3_S108-filtered.2.fastq.gz,E111-e003Coalescence-mBHI-p3_S108
71,/oak/stanford/groups/dpetrov/swalton/Sophie_Oct2024_Seq/B8-e003Coalescence-mGAM-p3_S165_R1_001.fastq.gz,/oak/stanford/groups/dpetrov/swalton/Sophie_Oct2024_Seq/B8-e003Coalescence-mGAM-p3_S165_R2_001.fastq.gz,workflow/out/trimmed/F8-e003Coalescence-mGAM-p3_S165-trimmed-pair1.fastq.gz,workflow/out/trimmed/F8-e003Coalescence-mGAM-p3_S165-trimmed-pair2.fastq.gz,workflow/out/filter/F8-e003Coalescence-mGAM-p3_S165-filtered.1.fastq.gz,workflow/out/filter/F8-e003Coalescence-mGAM-p3_S165-filtered.2.fastq.gz,F8-e003Coalescence-mGAM-p3_S165
72,/oak/stanford/groups/dpetrov/swalton/Sophie_Oct2024_Seq/C3-e003Coalescence-mBHI-p5_S26_R1_001.fastq.gz,/oak/stanford/groups/dpetrov/swalton/Sophie_Oct2024_Seq/C3-e003Coalescence-mBHI-p5_S26_R2_001.fastq.gz,workflow/out/trimmed/G3-e003Coalescence-mBHI-p5_S26-trimmed-pair1.fastq.gz,workflow/out/trimmed/G3-e003Coalescence-mBHI-p5_S26-trimmed-pair2.fastq.gz,workflow/out/filter/G3-e003Coalescence-mBHI-p5_S26-filtered.1.fastq.gz,workflow/out/filter/G3-e003Coalescence-mBHI-p5_S26-filtered.2.fastq.gz,G3-e003Coalescence-mBHI-p5_S26
73,/oak/stanford/groups/dpetrov/swalton/Sophie_Oct2024_Seq/C5-e003Coalescence-mBHI-p5_S28_R1_001.fastq.gz,/oak/stanford/groups/dpetrov/swalton/Sophie_Oct2024_Seq/C5-e003Coalescence-mBHI-p5_S28_R2_001.fastq.gz,workflow/out/trimmed/G5-e003Coalescence-mBHI-p5_S28-trimmed-pair1.fastq.gz,workflow/out/trimmed/G5-e003Coalescence-mBHI-p5_S28-trimmed-pair2.fastq.gz,workflow/out/filter/G5-e003Coalescence-mBHI-p5_S28-filtered.1.fastq.gz,workflow/out/filter/G5-e003Coalescence-mBHI-p5_S28-filtered.2.fastq.gz,G5-e003Coalescence-mBHI-p5_S28
74,/oak/stanford/groups/dpetrov/swalton/Sophie_Oct2024_Seq/D11-e003Coalescence-mGAM-p5_S92_R1_001.fastq.gz,/oak/stanford/groups/dpetrov/swalton/Sophie_Oct2024_Seq/D11-e003Coalescence-mGAM-p5_S92_R2_001.fastq.gz,workflow/out/trimmed/H111-e003Coalescence-mGAM-p5_S92-trimmed-pair1.fastq.gz,workflow/out/trimmed/H111-e003Coalescence-mGAM-p5_S92-trimmed-pair2.fastq.gz,workflow/out/filter/H111-e003Coalescence-mGAM-p5_S92-filtered.1.fastq.gz,workflow/out/filter/H111-e003Coalescence-mGAM-p5_S92-filtered.2.fastq.gz,H111-e003Coalescence-mGAM-p5_S92
75,/oak/stanford/groups/dpetrov/swalton/Sophie_Oct2024_Seq/C4-e003Coalescence-mBHI-p3_S35_R1_001.fastq.gz,/oak/stanford/groups/dpetrov/swalton/Sophie_Oct2024_Seq/C4-e003Coalescence-mBHI-p3_S35_R2_001.fastq.gz,workflow/out/trimmed/G4-e003Coalescence-mBHI-p3_S35-trimmed-pair1.fastq.gz,workflow/out/trimmed/G4-e003Coalescence-mBHI-p3_S35-trimmed-pair2.fastq.gz,workflow/out/filter/G4-e003Coalescence-mBHI-p3_S35-filtered.1.fastq.gz,workflow/out/filter/G4-e003Coalescence-mBHI-p3_S35-filtered.2.fastq.gz,G4-e003Coalescence-mBHI-p3_S35
76,/oak/stanford/groups/dpetrov/swalton/Sophie_Oct2024_Seq/D9-e003Coalescence-mGAM-p5_S90_R1_001.fastq.gz,/oak/stanford/groups/dpetrov/swalton/Sophie_Oct2024_Seq/D9-e003Coalescence-mGAM-p5_S90_R2_001.fastq.gz,workflow/out/trimmed/H9-e003Coalescence-mGAM-p5_S90-trimmed-pair1.fastq.gz,workflow/out/trimmed/H9-e003Coalescence-mGAM-p5_S90-trimmed-pair2.fastq.gz,workflow/out/filter/H9-e003Coalescence-mGAM-p5_S90-filtered.1.fastq.gz,workflow/out/filter/H9-e003Coalescence-mGAM-p5_S90-filtered.2.fastq.gz,H9-e003Coalescence-mGAM-p5_S90
77,/oak/stanford/groups/dpetrov/swalton/Sophie_Oct2024_Seq/D2-e003Coalescence-mBHI-p3_S45_R1_001.fastq.gz,/oak/stanford/groups/dpetrov/swalton/Sophie_Oct2024_Seq/D2-e003Coalescence-mBHI-p3_S45_R2_001.fastq.gz,workflow/out/trimmed/H2-e003Coalescence-mBHI-p3_S45-trimmed-pair1.fastq.gz,workflow/out/trimmed/H2-e003Coalescence-mBHI-p3_S45-trimmed-pair2.fastq.gz,workflow/out/filter/H2-e003Coalescence-mBHI-p3_S45-filtered.1.fastq.gz,workflow/out/filter/H2-e003Coalescence-mBHI-p3_S45-filtered.2.fastq.gz,H2-e003Coalescence-mBHI-p3_S45
78,/oak/stanford/groups/dpetrov/swalton/Sophie_Oct2024_Seq/A8-e003Coalescence-mBHI-p7_S101_R1_001.fastq.gz,/oak/stanford/groups/dpetrov/swalton/Sophie_Oct2024_Seq/A8-e003Coalescence-mBHI-p7_S101_R2_001.fastq.gz,workflow/out/trimmed/E8-e003Coalescence-mBHI-p7_S101-trimmed-pair1.fastq.gz,workflow/out/trimmed/E8-e003Coalescence-mBHI-p7_S101-trimmed-pair2.fastq.gz,workflow/out/filter/E8-e003Coalescence-mBHI-p7_S101-filtered.1.fastq.gz,workflow/out/filter/E8-e003Coalescence-mBHI-p7_S101-filtered.2.fastq.gz,E8-e003Coalescence-mBHI-p7_S101
79,/oak/stanford/groups/dpetrov/swalton/Sophie_Oct2024_Seq/A4-e003Coalescence-mBHI-p5_S3_R1_001.fastq.gz,/oak/stanford/groups/dpetrov/swalton/Sophie_Oct2024_Seq/A4-e003Coalescence-mBHI-p5_S3_R2_001.fastq.gz,workflow/out/trimmed/E4-e003Coalescence-mBHI-p5_S3-trimmed-pair1.fastq.gz,workflow/out/trimmed/E4-e003Coalescence-mBHI-p5_S3-trimmed-pair2.fastq.gz,workflow/out/filter/E4-e003Coalescence-mBHI-p5_S3-filtered.1.fastq.gz,workflow/out/filter/E4-e003Coalescence-mBHI-p5_S3-filtered.2.fastq.gz,E4-e003Coalescence-mBHI-p5_S3
80,/oak/stanford/groups/dpetrov/swalton/Sophie_Oct2024_Seq/D2-e003Coalescence-mGAM-p3_S93_R1_001.fastq.gz,/oak/stanford/groups/dpetrov/swalton/Sophie_Oct2024_Seq/D2-e003Coalescence-mGAM-p3_S93_R2_001.fastq.gz,workflow/out/trimmed/H2-e003Coalescence-mGAM-p3_S93-trimmed-pair1.fastq.gz,workflow/out/trimmed/H2-e003Coalescence-mGAM-p3_S93-trimmed-pair2.fastq.gz,workflow/out/filter/H2-e003Coalescence-mGAM-p3_S93-filtered.1.fastq.gz,workflow/out/filter/H2-e003Coalescence-mGAM-p3_S93-filtered.2.fastq.gz,H2-e003Coalescence-mGAM-p3_S93
81,/oak/stanford/groups/dpetrov/swalton/Sophie_Oct2024_Seq/A4-e003Coalescence-mGAM-p5_S51_R1_001.fastq.gz,/oak/stanford/groups/dpetrov/swalton/Sophie_Oct2024_Seq/A4-e003Coalescence-mGAM-p5_S51_R2_001.fastq.gz,workflow/out/trimmed/E4-e003Coalescence-mGAM-p5_S51-trimmed-pair1.fastq.gz,workflow/out/trimmed/E4-e003Coalescence-mGAM-p5_S51-trimmed-pair2.fastq.gz,workflow/out/filter/E4-e003Coalescence-mGAM-p5_S51-filtered.1.fastq.gz,workflow/out/filter/E4-e003Coalescence-mGAM-p5_S51-filtered.2.fastq.gz,E4-e003Coalescence-mGAM-p5_S51
82,/oak/stanford/groups/dpetrov/swalton/Sophie_Oct2024_Seq/C9-e003Coalescence-mGAM-p7_S174_R1_001.fastq.gz,/oak/stanford/groups/dpetrov/swalton/Sophie_Oct2024_Seq/C9-e003Coalescence-mGAM-p7_S174_R2_001.fastq.gz,workflow/out/trimmed/G9-e003Coalescence-mGAM-p7_S174-trimmed-pair1.fastq.gz,workflow/out/trimmed/G9-e003Coalescence-mGAM-p7_S174-trimmed-pair2.fastq.gz,workflow/out/filter/G9-e003Coalescence-mGAM-p7_S174-filtered.1.fastq.gz,workflow/out/filter/G9-e003Coalescence-mGAM-p7_S174-filtered.2.fastq.gz,G9-e003Coalescence-mGAM-p7_S174
83,/oak/stanford/groups/dpetrov/swalton/Sophie_Oct2024_Seq/B9-e003Coalescence-mBHI-p7_S114_R1_001.fastq.gz,/oak/stanford/groups/dpetrov/swalton/Sophie_Oct2024_Seq/B9-e003Coalescence-mBHI-p7_S114_R2_001.fastq.gz,workflow/out/trimmed/F9-e003Coalescence-mBHI-p7_S114-trimmed-pair1.fastq.gz,workflow/out/trimmed/F9-e003Coalescence-mBHI-p7_S114-trimmed-pair2.fastq.gz,workflow/out/filter/F9-e003Coalescence-mBHI-p7_S114-filtered.1.fastq.gz,workflow/out/filter/F9-e003Coalescence-mBHI-p7_S114-filtered.2.fastq.gz,F9-e003Coalescence-mBHI-p7_S114
84,/oak/stanford/groups/dpetrov/swalton/Sophie_Oct2024_Seq/B2-e003Coalescence-mBHI-p3_S21_R1_001.fastq.gz,/oak/stanford/groups/dpetrov/swalton/Sophie_Oct2024_Seq/B2-e003Coalescence-mBHI-p3_S21_R2_001.fastq.gz,workflow/out/trimmed/F2-e003Coalescence-mBHI-p3_S21-trimmed-pair1.fastq.gz,workflow/out/trimmed/F2-e003Coalescence-mBHI-p3_S21-trimmed-pair2.fastq.gz,workflow/out/filter/F2-e003Coalescence-mBHI-p3_S21-filtered.1.fastq.gz,workflow/out/filter/F2-e003Coalescence-mBHI-p3_S21-filtered.2.fastq.gz,F2-e003Coalescence-mBHI-p3_S21
85,/oak/stanford/groups/dpetrov/swalton/Sophie_Oct2024_Seq/A8-e003Coalescence-mGAM-p3_S153_R1_001.fastq.gz,/oak/stanford/groups/dpetrov/swalton/Sophie_Oct2024_Seq/A8-e003Coalescence-mGAM-p3_S153_R2_001.fastq.gz,workflow/out/trimmed/E8-e003Coalescence-mGAM-p3_S153-trimmed-pair1.fastq.gz,workflow/out/trimmed/E8-e003Coalescence-mGAM-p3_S153-trimmed-pair2.fastq.gz,workflow/out/filter/E8-e003Coalescence-mGAM-p3_S153-filtered.1.fastq.gz,workflow/out/filter/E8-e003Coalescence-mGAM-p3_S153-filtered.2.fastq.gz,E8-e003Coalescence-mGAM-p3_S153
86,/oak/stanford/groups/dpetrov/swalton/Sophie_Oct2024_Seq/C11-e003Coalescence-mGAM-p3_S180_R1_001.fastq.gz,/oak/stanford/groups/dpetrov/swalton/Sophie_Oct2024_Seq/C11-e003Coalescence-mGAM-p3_S180_R2_001.fastq.gz,workflow/out/trimmed/G111-e003Coalescence-mGAM-p3_S180-trimmed-pair1.fastq.gz,workflow/out/trimmed/G111-e003Coalescence-mGAM-p3_S180-trimmed-pair2.fastq.gz,workflow/out/filter/G111-e003Coalescence-mGAM-p3_S180-filtered.1.fastq.gz,workflow/out/filter/G111-e003Coalescence-mGAM-p3_S180-filtered.2.fastq.gz,G111-e003Coalescence-mGAM-p3_S180
87,/oak/stanford/groups/dpetrov/swalton/Sophie_Oct2024_Seq/C5-e003Coalescence-mGAM-p3_S84_R1_001.fastq.gz,/oak/stanford/groups/dpetrov/swalton/Sophie_Oct2024_Seq/C5-e003Coalescence-mGAM-p3_S84_R2_001.fastq.gz,workflow/out/trimmed/G5-e003Coalescence-mGAM-p3_S84-trimmed-pair1.fastq.gz,workflow/out/trimmed/G5-e003Coalescence-mGAM-p3_S84-trimmed-pair2.fastq.gz,workflow/out/filter/G5-e003Coalescence-mGAM-p3_S84-filtered.1.fastq.gz,workflow/out/filter/G5-e003Coalescence-mGAM-p3_S84-filtered.2.fastq.gz,G5-e003Coalescence-mGAM-p3_S84
88,/oak/stanford/groups/dpetrov/swalton/Sophie_Oct2024_Seq/D8-e003Coalescence-mBHI-p5_S41_R1_001.fastq.gz,/oak/stanford/groups/dpetrov/swalton/Sophie_Oct2024_Seq/D8-e003Coalescence-mBHI-p5_S41_R2_001.fastq.gz,workflow/out/trimmed/H8-e003Coalescence-mBHI-p5_S41-trimmed-pair1.fastq.gz,workflow/out/trimmed/H8-e003Coalescence-mBHI-p5_S41-trimmed-pair2.fastq.gz,workflow/out/filter/H8-e003Coalescence-mBHI-p5_S41-filtered.1.fastq.gz,workflow/out/filter/H8-e003Coalescence-mBHI-p5_S41-filtered.2.fastq.gz,H8-e003Coalescence-mBHI-p5_S41
89,/oak/stanford/groups/dpetrov/swalton/Sophie_Oct2024_Seq/A10-e003Coalescence-mBHI-p5_S7_R1_001.fastq.gz,/oak/stanford/groups/dpetrov/swalton/Sophie_Oct2024_Seq/A10-e003Coalescence-mBHI-p5_S7_R2_001.fastq.gz,workflow/out/trimmed/E100-e003Coalescence-mBHI-p5_S7-trimmed-pair1.fastq.gz,workflow/out/trimmed/E100-e003Coalescence-mBHI-p5_S7-trimmed-pair2.fastq.gz,workflow/out/filter/E100-e003Coalescence-mBHI-p5_S7-filtered.1.fastq.gz,workflow/out/filter/E100-e003Coalescence-mBHI-p5_S7-filtered.2.fastq.gz,E100-e003Coalescence-mBHI-p5_S7
90,/oak/stanford/groups/dpetrov/swalton/Sophie_Oct2024_Seq/C10-e003Coalescence-mGAM-p7_S175_R1_001.fastq.gz,/oak/stanford/groups/dpetrov/swalton/Sophie_Oct2024_Seq/C10-e003Coalescence-mGAM-p7_S175_R2_001.fastq.gz,workflow/out/trimmed/G100-e003Coalescence-mGAM-p7_S175-trimmed-pair1.fastq.gz,workflow/out/trimmed/G100-e003Coalescence-mGAM-p7_S175-trimmed-pair2.fastq.gz,workflow/out/filter/G100-e003Coalescence-mGAM-p7_S175-filtered.1.fastq.gz,workflow/out/filter/G100-e003Coalescence-mGAM-p7_S175-filtered.2.fastq.gz,G100-e003Coalescence-mGAM-p7_S175
91,/oak/stanford/groups/dpetrov/swalton/Sophie_Oct2024_Seq/B9-e003Coalescence-mGAM-p7_S162_R1_001.fastq.gz,/oak/stanford/groups/dpetrov/swalton/Sophie_Oct2024_Seq/B9-e003Coalescence-mGAM-p7_S162_R2_001.fastq.gz,workflow/out/trimmed/F9-e003Coalescence-mGAM-p7_S162-trimmed-pair1.fastq.gz,workflow/out/trimmed/F9-e003Coalescence-mGAM-p7_S162-trimmed-pair2.fastq.gz,workflow/out/filter/F9-e003Coalescence-mGAM-p7_S162-filtered.1.fastq.gz,workflow/out/filter/F9-e003Coalescence-mGAM-p7_S162-filtered.2.fastq.gz,F9-e003Coalescence-mGAM-p7_S162
92,/oak/stanford/groups/dpetrov/swalton/Sophie_Oct2024_Seq/A2-e003Coalescence-mBHI-p7_S97_R1_001.fastq.gz,/oak/stanford/groups/dpetrov/swalton/Sophie_Oct2024_Seq/A2-e003Coalescence-mBHI-p7_S97_R2_001.fastq.gz,workflow/out/trimmed/E2-e003Coalescence-mBHI-p7_S97-trimmed-pair1.fastq.gz,workflow/out/trimmed/E2-e003Coalescence-mBHI-p7_S97-trimmed-pair2.fastq.gz,workflow/out/filter/E2-e003Coalescence-mBHI-p7_S97-filtered.1.fastq.gz,workflow/out/filter/E2-e003Coalescence-mBHI-p7_S97-filtered.2.fastq.gz,E2-e003Coalescence-mBHI-p7_S97
93,/oak/stanford/groups/dpetrov/swalton/Sophie_Oct2024_Seq/B8-e003Coalescence-mGAM-p7_S161_R1_001.fastq.gz,/oak/stanford/groups/dpetrov/swalton/Sophie_Oct2024_Seq/B8-e003Coalescence-mGAM-p7_S161_R2_001.fastq.gz,workflow/out/trimmed/F8-e003Coalescence-mGAM-p7_S161-trimmed-pair1.fastq.gz,workflow/out/trimmed/F8-e003Coalescence-mGAM-p7_S161-trimmed-pair2.fastq.gz,workflow/out/filter/F8-e003Coalescence-mGAM-p7_S161-filtered.1.fastq.gz,workflow/out/filter/F8-e003Coalescence-mGAM-p7_S161-filtered.2.fastq.gz,F8-e003Coalescence-mGAM-p7_S161
94,/oak/stanford/groups/dpetrov/swalton/Sophie_Oct2024_Seq/B3-e003Coalescence-mBHI-p3_S22_R1_001.fastq.gz,/oak/stanford/groups/dpetrov/swalton/Sophie_Oct2024_Seq/B3-e003Coalescence-mBHI-p3_S22_R2_001.fastq.gz,workflow/out/trimmed/F3-e003Coalescence-mBHI-p3_S22-trimmed-pair1.fastq.gz,workflow/out/trimmed/F3-e003Coalescence-mBHI-p3_S22-trimmed-pair2.fastq.gz,workflow/out/filter/F3-e003Coalescence-mBHI-p3_S22-filtered.1.fastq.gz,workflow/out/filter/F3-e003Coalescence-mBHI-p3_S22-filtered.2.fastq.gz,F3-e003Coalescence-mBHI-p3_S22
95,/oak/stanford/groups/dpetrov/swalton/Sophie_Oct2024_Seq/C3-e003Coalescence-mBHI-p7_S122_R1_001.fastq.gz,/oak/stanford/groups/dpetrov/swalton/Sophie_Oct2024_Seq/C3-e003Coalescence-mBHI-p7_S122_R2_001.fastq.gz,workflow/out/trimmed/G3-e003Coalescence-mBHI-p7_S122-trimmed-pair1.fastq.gz,workflow/out/trimmed/G3-e003Coalescence-mBHI-p7_S122-trimmed-pair2.fastq.gz,workflow/out/filter/G3-e003Coalescence-mBHI-p7_S122-filtered.1.fastq.gz,workflow/out/filter/G3-e003Coalescence-mBHI-p7_S122-filtered.2.fastq.gz,G3-e003Coalescence-mBHI-p7_S122
96,/oak/stanford/groups/dpetrov/swalton/Sophie_Oct2024_Seq/C5-e003Coalescence-mGAM-p5_S76_R1_001.fastq.gz,/oak/stanford/groups/dpetrov/swalton/Sophie_Oct2024_Seq/C5-e003Coalescence-mGAM-p5_S76_R2_001.fastq.gz,workflow/out/trimmed/G5-e003Coalescence-mGAM-p5_S76-trimmed-pair1.fastq.gz,workflow/out/trimmed/G5-e003Coalescence-mGAM-p5_S76-trimmed-pair2.fastq.gz,workflow/out/filter/G5-e003Coalescence-mGAM-p5_S76-filtered.1.fastq.gz,workflow/out/filter/G5-e003Coalescence-mGAM-p5_S76-filtered.2.fastq.gz,G5-e003Coalescence-mGAM-p5_S76
97,/oak/stanford/groups/dpetrov/swalton/Sophie_Oct2024_Seq/C5-e003Coalescence-mGAM-p7_S172_R1_001.fastq.gz,/oak/stanford/groups/dpetrov/swalton/Sophie_Oct2024_Seq/C5-e003Coalescence-mGAM-p7_S172_R2_001.fastq.gz,workflow/out/trimmed/G5-e003Coalescence-mGAM-p7_S172-trimmed-pair1.fastq.gz,workflow/out/trimmed/G5-e003Coalescence-mGAM-p7_S172-trimmed-pair2.fastq.gz,workflow/out/filter/G5-e003Coalescence-mGAM-p7_S172-filtered.1.fastq.gz,workflow/out/filter/G5-e003Coalescence-mGAM-p7_S172-filtered.2.fastq.gz,G5-e003Coalescence-mGAM-p7_S172
98,/oak/stanford/groups/dpetrov/swalton/Sophie_Oct2024_Seq/D10-e003Coalescence-mBHI-p3_S143_R1_001.fastq.gz,/oak/stanford/groups/dpetrov/swalton/Sophie_Oct2024_Seq/D10-e003Coalescence-mBHI-p3_S143_R2_001.fastq.gz,workflow/out/trimmed/H100-e003Coalescence-mBHI-p3_S143-trimmed-pair1.fastq.gz,workflow/out/trimmed/H100-e003Coalescence-mBHI-p3_S143-trimmed-pair2.fastq.gz,workflow/out/filter/H100-e003Coalescence-mBHI-p3_S143-filtered.1.fastq.gz,workflow/out/filter/H100-e003Coalescence-mBHI-p3_S143-filtered.2.fastq.gz,H100-e003Coalescence-mBHI-p3_S143
99,/oak/stanford/groups/dpetrov/swalton/Sophie_Oct2024_Seq/C4-e003Coalescence-mGAM-p5_S75_R1_001.fastq.gz,/oak/stanford/groups/dpetrov/swalton/Sophie_Oct2024_Seq/C4-e003Coalescence-mGAM-p5_S75_R2_001.fastq.gz,workflow/out/trimmed/G4-e003Coalescence-mGAM-p5_S75-trimmed-pair1.fastq.gz,workflow/out/trimmed/G4-e003Coalescence-mGAM-p5_S75-trimmed-pair2.fastq.gz,workflow/out/filter/G4-e003Coalescence-mGAM-p5_S75-filtered.1.fastq.gz,workflow/out/filter/G4-e003Coalescence-mGAM-p5_S75-filtered.2.fastq.gz,G4-e003Coalescence-mGAM-p5_S75
100,/oak/stanford/groups/dpetrov/swalton/Sophie_Oct2024_Seq/C8-e003Coalescence-mBHI-p3_S129_R1_001.fastq.gz,/oak/stanford/groups/dpetrov/swalton/Sophie_Oct2024_Seq/C8-e003Coalescence-mBHI-p3_S129_R2_001.fastq.gz,workflow/out/trimmed/G8-e003Coalescence-mBHI-p3_S129-trimmed-pair1.fastq.gz,workflow/out/trimmed/G8-e003Coalescence-mBHI-p3_S129-trimmed-pair2.fastq.gz,workflow/out/filter/G8-e003Coalescence-mBHI-p3_S129-filtered.1.fastq.gz,workflow/out/filter/G8-e003Coalescence-mBHI-p3_S129-filtered.2.fastq.gz,G8-e003Coalescence-mBHI-p3_S129
101,/oak/stanford/groups/dpetrov/swalton/Sophie_Oct2024_Seq/A5-e003Coalescence-mGAM-p3_S60_R1_001.fastq.gz,/oak/stanford/groups/dpetrov/swalton/Sophie_Oct2024_Seq/A5-e003Coalescence-mGAM-p3_S60_R2_001.fastq.gz,workflow/out/trimmed/E5-e003Coalescence-mGAM-p3_S60-trimmed-pair1.fastq.gz,workflow/out/trimmed/E5-e003Coalescence-mGAM-p3_S60-trimmed-pair2.fastq.gz,workflow/out/filter/E5-e003Coalescence-mGAM-p3_S60-filtered.1.fastq.gz,workflow/out/filter/E5-e003Coalescence-mGAM-p3_S60-filtered.2.fastq.gz,E5-e003Coalescence-mGAM-p3_S60
102,/oak/stanford/groups/dpetrov/swalton/Sophie_Oct2024_Seq/C2-e003Coalescence-mGAM-p5_S73_R1_001.fastq.gz,/oak/stanford/groups/dpetrov/swalton/Sophie_Oct2024_Seq/C2-e003Coalescence-mGAM-p5_S73_R2_001.fastq.gz,workflow/out/trimmed/G2-e003Coalescence-mGAM-p5_S73-trimmed-pair1.fastq.gz,workflow/out/trimmed/G2-e003Coalescence-mGAM-p5_S73-trimmed-pair2.fastq.gz,workflow/out/filter/G2-e003Coalescence-mGAM-p5_S73-filtered.1.fastq.gz,workflow/out/filter/G2-e003Coalescence-mGAM-p5_S73-filtered.2.fastq.gz,G2-e003Coalescence-mGAM-p5_S73
103,/oak/stanford/groups/dpetrov/swalton/Sophie_Oct2024_Seq/A5-e003Coalescence-mGAM-p7_S148_R1_001.fastq.gz,/oak/stanford/groups/dpetrov/swalton/Sophie_Oct2024_Seq/A5-e003Coalescence-mGAM-p7_S148_R2_001.fastq.gz,workflow/out/trimmed/E5-e003Coalescence-mGAM-p7_S148-trimmed-pair1.fastq.gz,workflow/out/trimmed/E5-e003Coalescence-mGAM-p7_S148-trimmed-pair2.fastq.gz,workflow/out/filter/E5-e003Coalescence-mGAM-p7_S148-filtered.1.fastq.gz,workflow/out/filter/E5-e003Coalescence-mGAM-p7_S148-filtered.2.fastq.gz,E5-e003Coalescence-mGAM-p7_S148
104,/oak/stanford/groups/dpetrov/swalton/Sophie_Oct2024_Seq/D9-e003Coalescence-mGAM-p7_S186_R1_001.fastq.gz,/oak/stanford/groups/dpetrov/swalton/Sophie_Oct2024_Seq/D9-e003Coalescence-mGAM-p7_S186_R2_001.fastq.gz,workflow/out/trimmed/H9-e003Coalescence-mGAM-p7_S186-trimmed-pair1.fastq.gz,workflow/out/trimmed/H9-e003Coalescence-mGAM-p7_S186-trimmed-pair2.fastq.gz,workflow/out/filter/H9-e003Coalescence-mGAM-p7_S186-filtered.1.fastq.gz,workflow/out/filter/H9-e003Coalescence-mGAM-p7_S186-filtered.2.fastq.gz,H9-e003Coalescence-mGAM-p7_S186
105,/oak/stanford/groups/dpetrov/swalton/Sophie_Oct2024_Seq/A10-e003Coalescence-mGAM-p5_S55_R1_001.fastq.gz,/oak/stanford/groups/dpetrov/swalton/Sophie_Oct2024_Seq/A10-e003Coalescence-mGAM-p5_S55_R2_001.fastq.gz,workflow/out/trimmed/E100-e003Coalescence-mGAM-p5_S55-trimmed-pair1.fastq.gz,workflow/out/trimmed/E100-e003Coalescence-mGAM-p5_S55-trimmed-pair2.fastq.gz,workflow/out/filter/E100-e003Coalescence-mGAM-p5_S55-filtered.1.fastq.gz,workflow/out/filter/E100-e003Coalescence-mGAM-p5_S55-filtered.2.fastq.gz,E100-e003Coalescence-mGAM-p5_S55
106,/oak/stanford/groups/dpetrov/swalton/Sophie_Oct2024_Seq/A8-e003Coalescence-mGAM-p5_S53_R1_001.fastq.gz,/oak/stanford/groups/dpetrov/swalton/Sophie_Oct2024_Seq/A8-e003Coalescence-mGAM-p5_S53_R2_001.fastq.gz,workflow/out/trimmed/E8-e003Coalescence-mGAM-p5_S53-trimmed-pair1.fastq.gz,workflow/out/trimmed/E8-e003Coalescence-mGAM-p5_S53-trimmed-pair2.fastq.gz,workflow/out/filter/E8-e003Coalescence-mGAM-p5_S53-filtered.1.fastq.gz,workflow/out/filter/E8-e003Coalescence-mGAM-p5_S53-filtered.2.fastq.gz,E8-e003Coalescence-mGAM-p5_S53
107,/oak/stanford/groups/dpetrov/swalton/Sophie_Oct2024_Seq/D5-e003Coalescence-mGAM-p3_S96_R1_001.fastq.gz,/oak/stanford/groups/dpetrov/swalton/Sophie_Oct2024_Seq/D5-e003Coalescence-mGAM-p3_S96_R2_001.fastq.gz,workflow/out/trimmed/H5-e003Coalescence-mGAM-p3_S96-trimmed-pair1.fastq.gz,workflow/out/trimmed/H5-e003Coalescence-mGAM-p3_S96-trimmed-pair2.fastq.gz,workflow/out/filter/H5-e003Coalescence-mGAM-p3_S96-filtered.1.fastq.gz,workflow/out/filter/H5-e003Coalescence-mGAM-p3_S96-filtered.2.fastq.gz,H5-e003Coalescence-mGAM-p3_S96
108,/oak/stanford/groups/dpetrov/swalton/Sophie_Oct2024_Seq/C4-e003Coalescence-mGAM-p3_S83_R1_001.fastq.gz,/oak/stanford/groups/dpetrov/swalton/Sophie_Oct2024_Seq/C4-e003Coalescence-mGAM-p3_S83_R2_001.fastq.gz,workflow/out/trimmed/G4-e003Coalescence-mGAM-p3_S83-trimmed-pair1.fastq.gz,workflow/out/trimmed/G4-e003Coalescence-mGAM-p3_S83-trimmed-pair2.fastq.gz,workflow/out/filter/G4-e003Coalescence-mGAM-p3_S83-filtered.1.fastq.gz,workflow/out/filter/G4-e003Coalescence-mGAM-p3_S83-filtered.2.fastq.gz,G4-e003Coalescence-mGAM-p3_S83
109,/oak/stanford/groups/dpetrov/swalton/Sophie_Oct2024_Seq/B4-e003Coalescence-mBHI-p7_S111_R1_001.fastq.gz,/oak/stanford/groups/dpetrov/swalton/Sophie_Oct2024_Seq/B4-e003Coalescence-mBHI-p7_S111_R2_001.fastq.gz,workflow/out/trimmed/F4-e003Coalescence-mBHI-p7_S111-trimmed-pair1.fastq.gz,workflow/out/trimmed/F4-e003Coalescence-mBHI-p7_S111-trimmed-pair2.fastq.gz,workflow/out/filter/F4-e003Coalescence-mBHI-p7_S111-filtered.1.fastq.gz,workflow/out/filter/F4-e003Coalescence-mBHI-p7_S111-filtered.2.fastq.gz,F4-e003Coalescence-mBHI-p7_S111
110,/oak/stanford/groups/dpetrov/swalton/Sophie_Oct2024_Seq/D3-e003Coalescence-mGAM-p7_S182_R1_001.fastq.gz,/oak/stanford/groups/dpetrov/swalton/Sophie_Oct2024_Seq/D3-e003Coalescence-mGAM-p7_S182_R2_001.fastq.gz,workflow/out/trimmed/H3-e003Coalescence-mGAM-p7_S182-trimmed-pair1.fastq.gz,workflow/out/trimmed/H3-e003Coalescence-mGAM-p7_S182-trimmed-pair2.fastq.gz,workflow/out/filter/H3-e003Coalescence-mGAM-p7_S182-filtered.1.fastq.gz,workflow/out/filter/H3-e003Coalescence-mGAM-p7_S182-filtered.2.fastq.gz,H3-e003Coalescence-mGAM-p7_S182
111,/oak/stanford/groups/dpetrov/swalton/Sophie_Oct2024_Seq/D5-e003Coalescence-mGAM-p5_S88_R1_001.fastq.gz,/oak/stanford/groups/dpetrov/swalton/Sophie_Oct2024_Seq/D5-e003Coalescence-mGAM-p5_S88_R2_001.fastq.gz,workflow/out/trimmed/H5-e003Coalescence-mGAM-p5_S88-trimmed-pair1.fastq.gz,workflow/out/trimmed/H5-e003Coalescence-mGAM-p5_S88-trimmed-pair2.fastq.gz,workflow/out/filter/H5-e003Coalescence-mGAM-p5_S88-filtered.1.fastq.gz,workflow/out/filter/H5-e003Coalescence-mGAM-p5_S88-filtered.2.fastq.gz,H5-e003Coalescence-mGAM-p5_S88
112,/oak/stanford/groups/dpetrov/swalton/Sophie_Oct2024_Seq/B4-e003Coalescence-mGAM-p5_S63_R1_001.fastq.gz,/oak/stanford/groups/dpetrov/swalton/Sophie_Oct2024_Seq/B4-e003Coalescence-mGAM-p5_S63_R2_001.fastq.gz,workflow/out/trimmed/F4-e003Coalescence-mGAM-p5_S63-trimmed-pair1.fastq.gz,workflow/out/trimmed/F4-e003Coalescence-mGAM-p5_S63-trimmed-pair2.fastq.gz,workflow/out/filter/F4-e003Coalescence-mGAM-p5_S63-filtered.1.fastq.gz,workflow/out/filter/F4-e003Coalescence-mGAM-p5_S63-filtered.2.fastq.gz,F4-e003Coalescence-mGAM-p5_S63
113,/oak/stanford/groups/dpetrov/swalton/Sophie_Oct2024_Seq/C4-e003Coalescence-mGAM-p7_S171_R1_001.fastq.gz,/oak/stanford/groups/dpetrov/swalton/Sophie_Oct2024_Seq/C4-e003Coalescence-mGAM-p7_S171_R2_001.fastq.gz,workflow/out/trimmed/G4-e003Coalescence-mGAM-p7_S171-trimmed-pair1.fastq.gz,workflow/out/trimmed/G4-e003Coalescence-mGAM-p7_S171-trimmed-pair2.fastq.gz,workflow/out/filter/G4-e003Coalescence-mGAM-p7_S171-filtered.1.fastq.gz,workflow/out/filter/G4-e003Coalescence-mGAM-p7_S171-filtered.2.fastq.gz,G4-e003Coalescence-mGAM-p7_S171
114,/oak/stanford/groups/dpetrov/swalton/Sophie_Oct2024_Seq/D8-e003Coalescence-mGAM-p5_S89_R1_001.fastq.gz,/oak/stanford/groups/dpetrov/swalton/Sophie_Oct2024_Seq/D8-e003Coalescence-mGAM-p5_S89_R2_001.fastq.gz,workflow/out/trimmed/H8-e003Coalescence-mGAM-p5_S89-trimmed-pair1.fastq.gz,workflow/out/trimmed/H8-e003Coalescence-mGAM-p5_S89-trimmed-pair2.fastq.gz,workflow/out/filter/H8-e003Coalescence-mGAM-p5_S89-filtered.1.fastq.gz,workflow/out/filter/H8-e003Coalescence-mGAM-p5_S89-filtered.2.fastq.gz,H8-e003Coalescence-mGAM-p5_S89
115,/oak/stanford/groups/dpetrov/swalton/Sophie_Oct2024_Seq/B3-e003Coalescence-mBHI-p5_S14_R1_001.fastq.gz,/oak/stanford/groups/dpetrov/swalton/Sophie_Oct2024_Seq/B3-e003Coalescence-mBHI-p5_S14_R2_001.fastq.gz,workflow/out/trimmed/F3-e003Coalescence-mBHI-p5_S14-trimmed-pair1.fastq.gz,workflow/out/trimmed/F3-e003Coalescence-mBHI-p5_S14-trimmed-pair2.fastq.gz,workflow/out/filter/F3-e003Coalescence-mBHI-p5_S14-filtered.1.fastq.gz,workflow/out/filter/F3-e003Coalescence-mBHI-p5_S14-filtered.2.fastq.gz,F3-e003Coalescence-mBHI-p5_S14
116,/oak/stanford/groups/dpetrov/swalton/Sophie_Oct2024_Seq/B10-e003Coalescence-mBHI-p7_S115_R1_001.fastq.gz,/oak/stanford/groups/dpetrov/swalton/Sophie_Oct2024_Seq/B10-e003Coalescence-mBHI-p7_S115_R2_001.fastq.gz,workflow/out/trimmed/F100-e003Coalescence-mBHI-p7_S115-trimmed-pair1.fastq.gz,workflow/out/trimmed/F100-e003Coalescence-mBHI-p7_S115-trimmed-pair2.fastq.gz,workflow/out/filter/F100-e003Coalescence-mBHI-p7_S115-filtered.1.fastq.gz,workflow/out/filter/F100-e003Coalescence-mBHI-p7_S115-filtered.2.fastq.gz,F100-e003Coalescence-mBHI-p7_S115
117,/oak/stanford/groups/dpetrov/swalton/Sophie_Oct2024_Seq/A3-e003Coalescence-mGAM-p7_S146_R1_001.fastq.gz,/oak/stanford/groups/dpetrov/swalton/Sophie_Oct2024_Seq/A3-e003Coalescence-mGAM-p7_S146_R2_001.fastq.gz,workflow/out/trimmed/E3-e003Coalescence-mGAM-p7_S146-trimmed-pair1.fastq.gz,workflow/out/trimmed/E3-e003Coalescence-mGAM-p7_S146-trimmed-pair2.fastq.gz,workflow/out/filter/E3-e003Coalescence-mGAM-p7_S146-filtered.1.fastq.gz,workflow/out/filter/E3-e003Coalescence-mGAM-p7_S146-filtered.2.fastq.gz,E3-e003Coalescence-mGAM-p7_S146
118,/oak/stanford/groups/dpetrov/swalton/Sophie_Oct2024_Seq/B10-e003Coalescence-mGAM-p3_S167_R1_001.fastq.gz,/oak/stanford/groups/dpetrov/swalton/Sophie_Oct2024_Seq/B10-e003Coalescence-mGAM-p3_S167_R2_001.fastq.gz,workflow/out/trimmed/F100-e003Coalescence-mGAM-p3_S167-trimmed-pair1.fastq.gz,workflow/out/trimmed/F100-e003Coalescence-mGAM-p3_S167-trimmed-pair2.fastq.gz,workflow/out/filter/F100-e003Coalescence-mGAM-p3_S167-filtered.1.fastq.gz,workflow/out/filter/F100-e003Coalescence-mGAM-p3_S167-filtered.2.fastq.gz,F100-e003Coalescence-mGAM-p3_S167
119,/oak/stanford/groups/dpetrov/swalton/Sophie_Oct2024_Seq/C10-e003Coalescence-mBHI-p3_S131_R1_001.fastq.gz,/oak/stanford/groups/dpetrov/swalton/Sophie_Oct2024_Seq/C10-e003Coalescence-mBHI-p3_S131_R2_001.fastq.gz,workflow/out/trimmed/G100-e003Coalescence-mBHI-p3_S131-trimmed-pair1.fastq.gz,workflow/out/trimmed/G100-e003Coalescence-mBHI-p3_S131-trimmed-pair2.fastq.gz,workflow/out/filter/G100-e003Coalescence-mBHI-p3_S131-filtered.1.fastq.gz,workflow/out/filter/G100-e003Coalescence-mBHI-p3_S131-filtered.2.fastq.gz,G100-e003Coalescence-mBHI-p3_S131
120,/oak/stanford/groups/dpetrov/swalton/Sophie_Oct2024_Seq/C4-e003Coalescence-mBHI-p7_S123_R1_001.fastq.gz,/oak/stanford/groups/dpetrov/swalton/Sophie_Oct2024_Seq/C4-e003Coalescence-mBHI-p7_S123_R2_001.fastq.gz,workflow/out/trimmed/G4-e003Coalescence-mBHI-p7_S123-trimmed-pair1.fastq.gz,workflow/out/trimmed/G4-e003Coalescence-mBHI-p7_S123-trimmed-pair2.fastq.gz,workflow/out/filter/G4-e003Coalescence-mBHI-p7_S123-filtered.1.fastq.gz,workflow/out/filter/G4-e003Coalescence-mBHI-p7_S123-filtered.2.fastq.gz,G4-e003Coalescence-mBHI-p7_S123
121,/oak/stanford/groups/dpetrov/swalton/Sophie_Oct2024_Seq/A9-e003Coalescence-mGAM-p3_S154_R1_001.fastq.gz,/oak/stanford/groups/dpetrov/swalton/Sophie_Oct2024_Seq/A9-e003Coalescence-mGAM-p3_S154_R2_001.fastq.gz,workflow/out/trimmed/E9-e003Coalescence-mGAM-p3_S154-trimmed-pair1.fastq.gz,workflow/out/trimmed/E9-e003Coalescence-mGAM-p3_S154-trimmed-pair2.fastq.gz,workflow/out/filter/E9-e003Coalescence-mGAM-p3_S154-filtered.1.fastq.gz,workflow/out/filter/E9-e003Coalescence-mGAM-p3_S154-filtered.2.fastq.gz,E9-e003Coalescence-mGAM-p3_S154
122,/oak/stanford/groups/dpetrov/swalton/Sophie_Oct2024_Seq/B3-e003Coalescence-mGAM-p5_S62_R1_001.fastq.gz,/oak/stanford/groups/dpetrov/swalton/Sophie_Oct2024_Seq/B3-e003Coalescence-mGAM-p5_S62_R2_001.fastq.gz,workflow/out/trimmed/F3-e003Coalescence-mGAM-p5_S62-trimmed-pair1.fastq.gz,workflow/out/trimmed/F3-e003Coalescence-mGAM-p5_S62-trimmed-pair2.fastq.gz,workflow/out/filter/F3-e003Coalescence-mGAM-p5_S62-filtered.1.fastq.gz,workflow/out/filter/F3-e003Coalescence-mGAM-p5_S62-filtered.2.fastq.gz,F3-e003Coalescence-mGAM-p5_S62
123,/oak/stanford/groups/dpetrov/swalton/Sophie_Oct2024_Seq/D4-e003Coalescence-mBHI-p7_S135_R1_001.fastq.gz,/oak/stanford/groups/dpetrov/swalton/Sophie_Oct2024_Seq/D4-e003Coalescence-mBHI-p7_S135_R2_001.fastq.gz,workflow/out/trimmed/H4-e003Coalescence-mBHI-p7_S135-trimmed-pair1.fastq.gz,workflow/out/trimmed/H4-e003Coalescence-mBHI-p7_S135-trimmed-pair2.fastq.gz,workflow/out/filter/H4-e003Coalescence-mBHI-p7_S135-filtered.1.fastq.gz,workflow/out/filter/H4-e003Coalescence-mBHI-p7_S135-filtered.2.fastq.gz,H4-e003Coalescence-mBHI-p7_S135
124,/oak/stanford/groups/dpetrov/swalton/Sophie_Oct2024_Seq/A3-e003Coalescence-mBHI-p5_S2_R1_001.fastq.gz,/oak/stanford/groups/dpetrov/swalton/Sophie_Oct2024_Seq/A3-e003Coalescence-mBHI-p5_S2_R2_001.fastq.gz,workflow/out/trimmed/E3-e003Coalescence-mBHI-p5_S2-trimmed-pair1.fastq.gz,workflow/out/trimmed/E3-e003Coalescence-mBHI-p5_S2-trimmed-pair2.fastq.gz,workflow/out/filter/E3-e003Coalescence-mBHI-p5_S2-filtered.1.fastq.gz,workflow/out/filter/E3-e003Coalescence-mBHI-p5_S2-filtered.2.fastq.gz,E3-e003Coalescence-mBHI-p5_S2
125,/oak/stanford/groups/dpetrov/swalton/Sophie_Oct2024_Seq/D10-e003Coalescence-mGAM-p3_S191_R1_001.fastq.gz,/oak/stanford/groups/dpetrov/swalton/Sophie_Oct2024_Seq/D10-e003Coalescence-mGAM-p3_S191_R2_001.fastq.gz,workflow/out/trimmed/H100-e003Coalescence-mGAM-p3_S191-trimmed-pair1.fastq.gz,workflow/out/trimmed/H100-e003Coalescence-mGAM-p3_S191-trimmed-pair2.fastq.gz,workflow/out/filter/H100-e003Coalescence-mGAM-p3_S191-filtered.1.fastq.gz,workflow/out/filter/H100-e003Coalescence-mGAM-p3_S191-filtered.2.fastq.gz,H100-e003Coalescence-mGAM-p3_S191
126,/oak/stanford/groups/dpetrov/swalton/Sophie_Oct2024_Seq/C11-e003Coalescence-mBHI-p7_S128_R1_001.fastq.gz,/oak/stanford/groups/dpetrov/swalton/Sophie_Oct2024_Seq/C11-e003Coalescence-mBHI-p7_S128_R2_001.fastq.gz,workflow/out/trimmed/G111-e003Coalescence-mBHI-p7_S128-trimmed-pair1.fastq.gz,workflow/out/trimmed/G111-e003Coalescence-mBHI-p7_S128-trimmed-pair2.fastq.gz,workflow/out/filter/G111-e003Coalescence-mBHI-p7_S128-filtered.1.fastq.gz,workflow/out/filter/G111-e003Coalescence-mBHI-p7_S128-filtered.2.fastq.gz,G111-e003Coalescence-mBHI-p7_S128
127,/oak/stanford/groups/dpetrov/swalton/Sophie_Oct2024_Seq/D3-e003Coalescence-mBHI-p5_S38_R1_001.fastq.gz,/oak/stanford/groups/dpetrov/swalton/Sophie_Oct2024_Seq/D3-e003Coalescence-mBHI-p5_S38_R2_001.fastq.gz,workflow/out/trimmed/H3-e003Coalescence-mBHI-p5_S38-trimmed-pair1.fastq.gz,workflow/out/trimmed/H3-e003Coalescence-mBHI-p5_S38-trimmed-pair2.fastq.gz,workflow/out/filter/H3-e003Coalescence-mBHI-p5_S38-filtered.1.fastq.gz,workflow/out/filter/H3-e003Coalescence-mBHI-p5_S38-filtered.2.fastq.gz,H3-e003Coalescence-mBHI-p5_S38
128,/oak/stanford/groups/dpetrov/swalton/Sophie_Oct2024_Seq/C3-e003Coalescence-mGAM-p3_S82_R1_001.fastq.gz,/oak/stanford/groups/dpetrov/swalton/Sophie_Oct2024_Seq/C3-e003Coalescence-mGAM-p3_S82_R2_001.fastq.gz,workflow/out/trimmed/G3-e003Coalescence-mGAM-p3_S82-trimmed-pair1.fastq.gz,workflow/out/trimmed/G3-e003Coalescence-mGAM-p3_S82-trimmed-pair2.fastq.gz,workflow/out/filter/G3-e003Coalescence-mGAM-p3_S82-filtered.1.fastq.gz,workflow/out/filter/G3-e003Coalescence-mGAM-p3_S82-filtered.2.fastq.gz,G3-e003Coalescence-mGAM-p3_S82
129,/oak/stanford/groups/dpetrov/swalton/Sophie_Oct2024_Seq/B11-e003Coalescence-mGAM-p3_S168_R1_001.fastq.gz,/oak/stanford/groups/dpetrov/swalton/Sophie_Oct2024_Seq/B11-e003Coalescence-mGAM-p3_S168_R2_001.fastq.gz,workflow/out/trimmed/F111-e003Coalescence-mGAM-p3_S168-trimmed-pair1.fastq.gz,workflow/out/trimmed/F111-e003Coalescence-mGAM-p3_S168-trimmed-pair2.fastq.gz,workflow/out/filter/F111-e003Coalescence-mGAM-p3_S168-filtered.1.fastq.gz,workflow/out/filter/F111-e003Coalescence-mGAM-p3_S168-filtered.2.fastq.gz,F111-e003Coalescence-mGAM-p3_S168
130,/oak/stanford/groups/dpetrov/swalton/Sophie_Oct2024_Seq/B3-e003Coalescence-mGAM-p7_S158_R1_001.fastq.gz,/oak/stanford/groups/dpetrov/swalton/Sophie_Oct2024_Seq/B3-e003Coalescence-mGAM-p7_S158_R2_001.fastq.gz,workflow/out/trimmed/F3-e003Coalescence-mGAM-p7_S158-trimmed-pair1.fastq.gz,workflow/out/trimmed/F3-e003Coalescence-mGAM-p7_S158-trimmed-pair2.fastq.gz,workflow/out/filter/F3-e003Coalescence-mGAM-p7_S158-filtered.1.fastq.gz,workflow/out/filter/F3-e003Coalescence-mGAM-p7_S158-filtered.2.fastq.gz,F3-e003Coalescence-mGAM-p7_S158
131,/oak/stanford/groups/dpetrov/swalton/Sophie_Oct2024_Seq/A9-e003Coalescence-mBHI-p3_S106_R1_001.fastq.gz,/oak/stanford/groups/dpetrov/swalton/Sophie_Oct2024_Seq/A9-e003Coalescence-mBHI-p3_S106_R2_001.fastq.gz,workflow/out/trimmed/E9-e003Coalescence-mBHI-p3_S106-trimmed-pair1.fastq.gz,workflow/out/trimmed/E9-e003Coalescence-mBHI-p3_S106-trimmed-pair2.fastq.gz,workflow/out/filter/E9-e003Coalescence-mBHI-p3_S106-filtered.1.fastq.gz,workflow/out/filter/E9-e003Coalescence-mBHI-p3_S106-filtered.2.fastq.gz,E9-e003Coalescence-mBHI-p3_S106
132,/oak/stanford/groups/dpetrov/swalton/Sophie_Oct2024_Seq/B8-e003Coalescence-mBHI-p7_S113_R1_001.fastq.gz,/oak/stanford/groups/dpetrov/swalton/Sophie_Oct2024_Seq/B8-e003Coalescence-mBHI-p7_S113_R2_001.fastq.gz,workflow/out/trimmed/F8-e003Coalescence-mBHI-p7_S113-trimmed-pair1.fastq.gz,workflow/out/trimmed/F8-e003Coalescence-mBHI-p7_S113-trimmed-pair2.fastq.gz,workflow/out/filter/F8-e003Coalescence-mBHI-p7_S113-filtered.1.fastq.gz,workflow/out/filter/F8-e003Coalescence-mBHI-p7_S113-filtered.2.fastq.gz,F8-e003Coalescence-mBHI-p7_S113
133,/oak/stanford/groups/dpetrov/swalton/Sophie_Oct2024_Seq/C2-e003Coalescence-mBHI-p7_S121_R1_001.fastq.gz,/oak/stanford/groups/dpetrov/swalton/Sophie_Oct2024_Seq/C2-e003Coalescence-mBHI-p7_S121_R2_001.fastq.gz,workflow/out/trimmed/G2-e003Coalescence-mBHI-p7_S121-trimmed-pair1.fastq.gz,workflow/out/trimmed/G2-e003Coalescence-mBHI-p7_S121-trimmed-pair2.fastq.gz,workflow/out/filter/G2-e003Coalescence-mBHI-p7_S121-filtered.1.fastq.gz,workflow/out/filter/G2-e003Coalescence-mBHI-p7_S121-filtered.2.fastq.gz,G2-e003Coalescence-mBHI-p7_S121
134,/oak/stanford/groups/dpetrov/swalton/Sophie_Oct2024_Seq/D4-e003Coalescence-mBHI-p3_S47_R1_001.fastq.gz,/oak/stanford/groups/dpetrov/swalton/Sophie_Oct2024_Seq/D4-e003Coalescence-mBHI-p3_S47_R2_001.fastq.gz,workflow/out/trimmed/H4-e003Coalescence-mBHI-p3_S47-trimmed-pair1.fastq.gz,workflow/out/trimmed/H4-e003Coalescence-mBHI-p3_S47-trimmed-pair2.fastq.gz,workflow/out/filter/H4-e003Coalescence-mBHI-p3_S47-filtered.1.fastq.gz,workflow/out/filter/H4-e003Coalescence-mBHI-p3_S47-filtered.2.fastq.gz,H4-e003Coalescence-mBHI-p3_S47
135,/oak/stanford/groups/dpetrov/swalton/Sophie_Oct2024_Seq/B3-e003Coalescence-mBHI-p7_S110_R1_001.fastq.gz,/oak/stanford/groups/dpetrov/swalton/Sophie_Oct2024_Seq/B3-e003Coalescence-mBHI-p7_S110_R2_001.fastq.gz,workflow/out/trimmed/F3-e003Coalescence-mBHI-p7_S110-trimmed-pair1.fastq.gz,workflow/out/trimmed/F3-e003Coalescence-mBHI-p7_S110-trimmed-pair2.fastq.gz,workflow/out/filter/F3-e003Coalescence-mBHI-p7_S110-filtered.1.fastq.gz,workflow/out/filter/F3-e003Coalescence-mBHI-p7_S110-filtered.2.fastq.gz,F3-e003Coalescence-mBHI-p7_S110
136,/oak/stanford/groups/dpetrov/swalton/Sophie_Oct2024_Seq/B10-e003Coalescence-mGAM-p5_S67_R1_001.fastq.gz,/oak/stanford/groups/dpetrov/swalton/Sophie_Oct2024_Seq/B10-e003Coalescence-mGAM-p5_S67_R2_001.fastq.gz,workflow/out/trimmed/F100-e003Coalescence-mGAM-p5_S67-trimmed-pair1.fastq.gz,workflow/out/trimmed/F100-e003Coalescence-mGAM-p5_S67-trimmed-pair2.fastq.gz,workflow/out/filter/F100-e003Coalescence-mGAM-p5_S67-filtered.1.fastq.gz,workflow/out/filter/F100-e003Coalescence-mGAM-p5_S67-filtered.2.fastq.gz,F100-e003Coalescence-mGAM-p5_S67
137,/oak/stanford/groups/dpetrov/swalton/Sophie_Oct2024_Seq/C8-e003Coalescence-mBHI-p7_S125_R1_001.fastq.gz,/oak/stanford/groups/dpetrov/swalton/Sophie_Oct2024_Seq/C8-e003Coalescence-mBHI-p7_S125_R2_001.fastq.gz,workflow/out/trimmed/G8-e003Coalescence-mBHI-p7_S125-trimmed-pair1.fastq.gz,workflow/out/trimmed/G8-e003Coalescence-mBHI-p7_S125-trimmed-pair2.fastq.gz,workflow/out/filter/G8-e003Coalescence-mBHI-p7_S125-filtered.1.fastq.gz,workflow/out/filter/G8-e003Coalescence-mBHI-p7_S125-filtered.2.fastq.gz,G8-e003Coalescence-mBHI-p7_S125
138,/oak/stanford/groups/dpetrov/swalton/Sophie_Oct2024_Seq/B4-e003Coalescence-mBHI-p5_S15_R1_001.fastq.gz,/oak/stanford/groups/dpetrov/swalton/Sophie_Oct2024_Seq/B4-e003Coalescence-mBHI-p5_S15_R2_001.fastq.gz,workflow/out/trimmed/F4-e003Coalescence-mBHI-p5_S15-trimmed-pair1.fastq.gz,workflow/out/trimmed/F4-e003Coalescence-mBHI-p5_S15-trimmed-pair2.fastq.gz,workflow/out/filter/F4-e003Coalescence-mBHI-p5_S15-filtered.1.fastq.gz,workflow/out/filter/F4-e003Coalescence-mBHI-p5_S15-filtered.2.fastq.gz,F4-e003Coalescence-mBHI-p5_S15
139,/oak/stanford/groups/dpetrov/swalton/Sophie_Oct2024_Seq/D11-e003Coalescence-mBHI-p5_S44_R1_001.fastq.gz,/oak/stanford/groups/dpetrov/swalton/Sophie_Oct2024_Seq/D11-e003Coalescence-mBHI-p5_S44_R2_001.fastq.gz,workflow/out/trimmed/H111-e003Coalescence-mBHI-p5_S44-trimmed-pair1.fastq.gz,workflow/out/trimmed/H111-e003Coalescence-mBHI-p5_S44-trimmed-pair2.fastq.gz,workflow/out/filter/H111-e003Coalescence-mBHI-p5_S44-filtered.1.fastq.gz,workflow/out/filter/H111-e003Coalescence-mBHI-p5_S44-filtered.2.fastq.gz,H111-e003Coalescence-mBHI-p5_S44
140,/oak/stanford/groups/dpetrov/swalton/Sophie_Oct2024_Seq/D2-e003Coalescence-mBHI-p5_S37_R1_001.fastq.gz,/oak/stanford/groups/dpetrov/swalton/Sophie_Oct2024_Seq/D2-e003Coalescence-mBHI-p5_S37_R2_001.fastq.gz,workflow/out/trimmed/H2-e003Coalescence-mBHI-p5_S37-trimmed-pair1.fastq.gz,workflow/out/trimmed/H2-e003Coalescence-mBHI-p5_S37-trimmed-pair2.fastq.gz,workflow/out/filter/H2-e003Coalescence-mBHI-p5_S37-filtered.1.fastq.gz,workflow/out/filter/H2-e003Coalescence-mBHI-p5_S37-filtered.2.fastq.gz,H2-e003Coalescence-mBHI-p5_S37
141,/oak/stanford/groups/dpetrov/swalton/Sophie_Oct2024_Seq/A11-e003Coalescence-mBHI-p7_S104_R1_001.fastq.gz,/oak/stanford/groups/dpetrov/swalton/Sophie_Oct2024_Seq/A11-e003Coalescence-mBHI-p7_S104_R2_001.fastq.gz,workflow/out/trimmed/E111-e003Coalescence-mBHI-p7_S104-trimmed-pair1.fastq.gz,workflow/out/trimmed/E111-e003Coalescence-mBHI-p7_S104-trimmed-pair2.fastq.gz,workflow/out/filter/E111-e003Coalescence-mBHI-p7_S104-filtered.1.fastq.gz,workflow/out/filter/E111-e003Coalescence-mBHI-p7_S104-filtered.2.fastq.gz,E111-e003Coalescence-mBHI-p7_S104
142,/oak/stanford/groups/dpetrov/swalton/Sophie_Oct2024_Seq/A2-e003Coalescence-mGAM-p3_S57_R1_001.fastq.gz,/oak/stanford/groups/dpetrov/swalton/Sophie_Oct2024_Seq/A2-e003Coalescence-mGAM-p3_S57_R2_001.fastq.gz,workflow/out/trimmed/E2-e003Coalescence-mGAM-p3_S57-trimmed-pair1.fastq.gz,workflow/out/trimmed/E2-e003Coalescence-mGAM-p3_S57-trimmed-pair2.fastq.gz,workflow/out/filter/E2-e003Coalescence-mGAM-p3_S57-filtered.1.fastq.gz,workflow/out/filter/E2-e003Coalescence-mGAM-p3_S57-filtered.2.fastq.gz,E2-e003Coalescence-mGAM-p3_S57
143,/oak/stanford/groups/dpetrov/swalton/Sophie_Oct2024_Seq/B2-e003Coalescence-mBHI-p5_S13_R1_001.fastq.gz,/oak/stanford/groups/dpetrov/swalton/Sophie_Oct2024_Seq/B2-e003Coalescence-mBHI-p5_S13_R2_001.fastq.gz,workflow/out/trimmed/F2-e003Coalescence-mBHI-p5_S13-trimmed-pair1.fastq.gz,workflow/out/trimmed/F2-e003Coalescence-mBHI-p5_S13-trimmed-pair2.fastq.gz,workflow/out/filter/F2-e003Coalescence-mBHI-p5_S13-filtered.1.fastq.gz,workflow/out/filter/F2-e003Coalescence-mBHI-p5_S13-filtered.2.fastq.gz,F2-e003Coalescence-mBHI-p5_S13
144,/oak/stanford/groups/dpetrov/swalton/Sophie_Oct2024_Seq/B4-e003Coalescence-mBHI-p3_S23_R1_001.fastq.gz,/oak/stanford/groups/dpetrov/swalton/Sophie_Oct2024_Seq/B4-e003Coalescence-mBHI-p3_S23_R2_001.fastq.gz,workflow/out/trimmed/F4-e003Coalescence-mBHI-p3_S23-trimmed-pair1.fastq.gz,workflow/out/trimmed/F4-e003Coalescence-mBHI-p3_S23-trimmed-pair2.fastq.gz,workflow/out/filter/F4-e003Coalescence-mBHI-p3_S23-filtered.1.fastq.gz,workflow/out/filter/F4-e003Coalescence-mBHI-p3_S23-filtered.2.fastq.gz,F4-e003Coalescence-mBHI-p3_S23
145,/oak/stanford/groups/dpetrov/swalton/Sophie_Oct2024_Seq/B2-e003Coalescence-mGAM-p3_S69_R1_001.fastq.gz,/oak/stanford/groups/dpetrov/swalton/Sophie_Oct2024_Seq/B2-e003Coalescence-mGAM-p3_S69_R2_001.fastq.gz,workflow/out/trimmed/F2-e003Coalescence-mGAM-p3_S69-trimmed-pair1.fastq.gz,workflow/out/trimmed/F2-e003Coalescence-mGAM-p3_S69-trimmed-pair2.fastq.gz,workflow/out/filter/F2-e003Coalescence-mGAM-p3_S69-filtered.1.fastq.gz,workflow/out/filter/F2-e003Coalescence-mGAM-p3_S69-filtered.2.fastq.gz,F2-e003Coalescence-mGAM-p3_S69
146,/oak/stanford/groups/dpetrov/swalton/Sophie_Oct2024_Seq/A9-e003Coalescence-mGAM-p5_S54_R1_001.fastq.gz,/oak/stanford/groups/dpetrov/swalton/Sophie_Oct2024_Seq/A9-e003Coalescence-mGAM-p5_S54_R2_001.fastq.gz,workflow/out/trimmed/E9-e003Coalescence-mGAM-p5_S54-trimmed-pair1.fastq.gz,workflow/out/trimmed/E9-e003Coalescence-mGAM-p5_S54-trimmed-pair2.fastq.gz,workflow/out/filter/E9-e003Coalescence-mGAM-p5_S54-filtered.1.fastq.gz,workflow/out/filter/E9-e003Coalescence-mGAM-p5_S54-filtered.2.fastq.gz,E9-e003Coalescence-mGAM-p5_S54
147,/oak/stanford/groups/dpetrov/swalton/Sophie_Oct2024_Seq/C3-e003Coalescence-mGAM-p5_S74_R1_001.fastq.gz,/oak/stanford/groups/dpetrov/swalton/Sophie_Oct2024_Seq/C3-e003Coalescence-mGAM-p5_S74_R2_001.fastq.gz,workflow/out/trimmed/G3-e003Coalescence-mGAM-p5_S74-trimmed-pair1.fastq.gz,workflow/out/trimmed/G3-e003Coalescence-mGAM-p5_S74-trimmed-pair2.fastq.gz,workflow/out/filter/G3-e003Coalescence-mGAM-p5_S74-filtered.1.fastq.gz,workflow/out/filter/G3-e003Coalescence-mGAM-p5_S74-filtered.2.fastq.gz,G3-e003Coalescence-mGAM-p5_S74
148,/oak/stanford/groups/dpetrov/swalton/Sophie_Oct2024_Seq/A11-e003Coalescence-mGAM-p5_S56_R1_001.fastq.gz,/oak/stanford/groups/dpetrov/swalton/Sophie_Oct2024_Seq/A11-e003Coalescence-mGAM-p5_S56_R2_001.fastq.gz,workflow/out/trimmed/E111-e003Coalescence-mGAM-p5_S56-trimmed-pair1.fastq.gz,workflow/out/trimmed/E111-e003Coalescence-mGAM-p5_S56-trimmed-pair2.fastq.gz,workflow/out/filter/E111-e003Coalescence-mGAM-p5_S56-filtered.1.fastq.gz,workflow/out/filter/E111-e003Coalescence-mGAM-p5_S56-filtered.2.fastq.gz,E111-e003Coalescence-mGAM-p5_S56
149,/oak/stanford/groups/dpetrov/swalton/Sophie_Oct2024_Seq/C10-e003Coalescence-mGAM-p5_S79_R1_001.fastq.gz,/oak/stanford/groups/dpetrov/swalton/Sophie_Oct2024_Seq/C10-e003Coalescence-mGAM-p5_S79_R2_001.fastq.gz,workflow/out/trimmed/G100-e003Coalescence-mGAM-p5_S79-trimmed-pair1.fastq.gz,workflow/out/trimmed/G100-e003Coalescence-mGAM-p5_S79-trimmed-pair2.fastq.gz,workflow/out/filter/G100-e003Coalescence-mGAM-p5_S79-filtered.1.fastq.gz,workflow/out/filter/G100-e003Coalescence-mGAM-p5_S79-filtered.2.fastq.gz,G100-e003Coalescence-mGAM-p5_S79
150,/oak/stanford/groups/dpetrov/swalton/Sophie_Oct2024_Seq/D10-e003Coalescence-mGAM-p5_S91_R1_001.fastq.gz,/oak/stanford/groups/dpetrov/swalton/Sophie_Oct2024_Seq/D10-e003Coalescence-mGAM-p5_S91_R2_001.fastq.gz,workflow/out/trimmed/H100-e003Coalescence-mGAM-p5_S91-trimmed-pair1.fastq.gz,workflow/out/trimmed/H100-e003Coalescence-mGAM-p5_S91-trimmed-pair2.fastq.gz,workflow/out/filter/H100-e003Coalescence-mGAM-p5_S91-filtered.1.fastq.gz,workflow/out/filter/H100-e003Coalescence-mGAM-p5_S91-filtered.2.fastq.gz,H100-e003Coalescence-mGAM-p5_S91
151,/oak/stanford/groups/dpetrov/swalton/Sophie_Oct2024_Seq/C9-e003Coalescence-mBHI-p3_S130_R1_001.fastq.gz,/oak/stanford/groups/dpetrov/swalton/Sophie_Oct2024_Seq/C9-e003Coalescence-mBHI-p3_S130_R2_001.fastq.gz,workflow/out/trimmed/G9-e003Coalescence-mBHI-p3_S130-trimmed-pair1.fastq.gz,workflow/out/trimmed/G9-e003Coalescence-mBHI-p3_S130-trimmed-pair2.fastq.gz,workflow/out/filter/G9-e003Coalescence-mBHI-p3_S130-filtered.1.fastq.gz,workflow/out/filter/G9-e003Coalescence-mBHI-p3_S130-filtered.2.fastq.gz,G9-e003Coalescence-mBHI-p3_S130
152,/oak/stanford/groups/dpetrov/swalton/Sophie_Oct2024_Seq/A4-e003Coalescence-mGAM-p7_S147_R1_001.fastq.gz,/oak/stanford/groups/dpetrov/swalton/Sophie_Oct2024_Seq/A4-e003Coalescence-mGAM-p7_S147_R2_001.fastq.gz,workflow/out/trimmed/E4-e003Coalescence-mGAM-p7_S147-trimmed-pair1.fastq.gz,workflow/out/trimmed/E4-e003Coalescence-mGAM-p7_S147-trimmed-pair2.fastq.gz,workflow/out/filter/E4-e003Coalescence-mGAM-p7_S147-filtered.1.fastq.gz,workflow/out/filter/E4-e003Coalescence-mGAM-p7_S147-filtered.2.fastq.gz,E4-e003Coalescence-mGAM-p7_S147
153,/oak/stanford/groups/dpetrov/swalton/Sophie_Oct2024_Seq/C9-e003Coalescence-mBHI-p7_S126_R1_001.fastq.gz,/oak/stanford/groups/dpetrov/swalton/Sophie_Oct2024_Seq/C9-e003Coalescence-mBHI-p7_S126_R2_001.fastq.gz,workflow/out/trimmed/G9-e003Coalescence-mBHI-p7_S126-trimmed-pair1.fastq.gz,workflow/out/trimmed/G9-e003Coalescence-mBHI-p7_S126-trimmed-pair2.fastq.gz,workflow/out/filter/G9-e003Coalescence-mBHI-p7_S126-filtered.1.fastq.gz,workflow/out/filter/G9-e003Coalescence-mBHI-p7_S126-filtered.2.fastq.gz,G9-e003Coalescence-mBHI-p7_S126
154,/oak/stanford/groups/dpetrov/swalton/Sophie_Oct2024_Seq/A4-e003Coalescence-mGAM-p3_S59_R1_001.fastq.gz,/oak/stanford/groups/dpetrov/swalton/Sophie_Oct2024_Seq/A4-e003Coalescence-mGAM-p3_S59_R2_001.fastq.gz,workflow/out/trimmed/E4-e003Coalescence-mGAM-p3_S59-trimmed-pair1.fastq.gz,workflow/out/trimmed/E4-e003Coalescence-mGAM-p3_S59-trimmed-pair2.fastq.gz,workflow/out/filter/E4-e003Coalescence-mGAM-p3_S59-filtered.1.fastq.gz,workflow/out/filter/E4-e003Coalescence-mGAM-p3_S59-filtered.2.fastq.gz,E4-e003Coalescence-mGAM-p3_S59
155,/oak/stanford/groups/dpetrov/swalton/Sophie_Oct2024_Seq/B9-e003Coalescence-mGAM-p3_S166_R1_001.fastq.gz,/oak/stanford/groups/dpetrov/swalton/Sophie_Oct2024_Seq/B9-e003Coalescence-mGAM-p3_S166_R2_001.fastq.gz,workflow/out/trimmed/F9-e003Coalescence-mGAM-p3_S166-trimmed-pair1.fastq.gz,workflow/out/trimmed/F9-e003Coalescence-mGAM-p3_S166-trimmed-pair2.fastq.gz,workflow/out/filter/F9-e003Coalescence-mGAM-p3_S166-filtered.1.fastq.gz,workflow/out/filter/F9-e003Coalescence-mGAM-p3_S166-filtered.2.fastq.gz,F9-e003Coalescence-mGAM-p3_S166
156,/oak/stanford/groups/dpetrov/swalton/Sophie_Oct2024_Seq/D4-e003Coalescence-mBHI-p5_S39_R1_001.fastq.gz,/oak/stanford/groups/dpetrov/swalton/Sophie_Oct2024_Seq/D4-e003Coalescence-mBHI-p5_S39_R2_001.fastq.gz,workflow/out/trimmed/H4-e003Coalescence-mBHI-p5_S39-trimmed-pair1.fastq.gz,workflow/out/trimmed/H4-e003Coalescence-mBHI-p5_S39-trimmed-pair2.fastq.gz,workflow/out/filter/H4-e003Coalescence-mBHI-p5_S39-filtered.1.fastq.gz,workflow/out/filter/H4-e003Coalescence-mBHI-p5_S39-filtered.2.fastq.gz,H4-e003Coalescence-mBHI-p5_S39
157,/oak/stanford/groups/dpetrov/swalton/Sophie_Oct2024_Seq/D9-e003Coalescence-mBHI-p3_S142_R1_001.fastq.gz,/oak/stanford/groups/dpetrov/swalton/Sophie_Oct2024_Seq/D9-e003Coalescence-mBHI-p3_S142_R2_001.fastq.gz,workflow/out/trimmed/H9-e003Coalescence-mBHI-p3_S142-trimmed-pair1.fastq.gz,workflow/out/trimmed/H9-e003Coalescence-mBHI-p3_S142-trimmed-pair2.fastq.gz,workflow/out/filter/H9-e003Coalescence-mBHI-p3_S142-filtered.1.fastq.gz,workflow/out/filter/H9-e003Coalescence-mBHI-p3_S142-filtered.2.fastq.gz,H9-e003Coalescence-mBHI-p3_S142
158,/oak/stanford/groups/dpetrov/swalton/Sophie_Oct2024_Seq/B4-e003Coalescence-mGAM-p3_S71_R1_001.fastq.gz,/oak/stanford/groups/dpetrov/swalton/Sophie_Oct2024_Seq/B4-e003Coalescence-mGAM-p3_S71_R2_001.fastq.gz,workflow/out/trimmed/F4-e003Coalescence-mGAM-p3_S71-trimmed-pair1.fastq.gz,workflow/out/trimmed/F4-e003Coalescence-mGAM-p3_S71-trimmed-pair2.fastq.gz,workflow/out/filter/F4-e003Coalescence-mGAM-p3_S71-filtered.1.fastq.gz,workflow/out/filter/F4-e003Coalescence-mGAM-p3_S71-filtered.2.fastq.gz,F4-e003Coalescence-mGAM-p3_S71
159,/oak/stanford/groups/dpetrov/swalton/Sophie_Oct2024_Seq/D5-e003Coalescence-mGAM-p7_S184_R1_001.fastq.gz,/oak/stanford/groups/dpetrov/swalton/Sophie_Oct2024_Seq/D5-e003Coalescence-mGAM-p7_S184_R2_001.fastq.gz,workflow/out/trimmed/H5-e003Coalescence-mGAM-p7_S184-trimmed-pair1.fastq.gz,workflow/out/trimmed/H5-e003Coalescence-mGAM-p7_S184-trimmed-pair2.fastq.gz,workflow/out/filter/H5-e003Coalescence-mGAM-p7_S184-filtered.1.fastq.gz,workflow/out/filter/H5-e003Coalescence-mGAM-p7_S184-filtered.2.fastq.gz,H5-e003Coalescence-mGAM-p7_S184
160,/oak/stanford/groups/dpetrov/swalton/Sophie_Oct2024_Seq/D10-e003Coalescence-mBHI-p7_S139_R1_001.fastq.gz,/oak/stanford/groups/dpetrov/swalton/Sophie_Oct2024_Seq/D10-e003Coalescence-mBHI-p7_S139_R2_001.fastq.gz,workflow/out/trimmed/H100-e003Coalescence-mBHI-p7_S139-trimmed-pair1.fastq.gz,workflow/out/trimmed/H100-e003Coalescence-mBHI-p7_S139-trimmed-pair2.fastq.gz,workflow/out/filter/H100-e003Coalescence-mBHI-p7_S139-filtered.1.fastq.gz,workflow/out/filter/H100-e003Coalescence-mBHI-p7_S139-filtered.2.fastq.gz,H100-e003Coalescence-mBHI-p7_S139
161,/oak/stanford/groups/dpetrov/swalton/Sophie_Oct2024_Seq/C8-e003Coalescence-mBHI-p5_S29_R1_001.fastq.gz,/oak/stanford/groups/dpetrov/swalton/Sophie_Oct2024_Seq/C8-e003Coalescence-mBHI-p5_S29_R2_001.fastq.gz,workflow/out/trimmed/G8-e003Coalescence-mBHI-p5_S29-trimmed-pair1.fastq.gz,workflow/out/trimmed/G8-e003Coalescence-mBHI-p5_S29-trimmed-pair2.fastq.gz,workflow/out/filter/G8-e003Coalescence-mBHI-p5_S29-filtered.1.fastq.gz,workflow/out/filter/G8-e003Coalescence-mBHI-p5_S29-filtered.2.fastq.gz,G8-e003Coalescence-mBHI-p5_S29
162,/oak/stanford/groups/dpetrov/swalton/Sophie_Oct2024_Seq/C2-e003Coalescence-mBHI-p5_S25_R1_001.fastq.gz,/oak/stanford/groups/dpetrov/swalton/Sophie_Oct2024_Seq/C2-e003Coalescence-mBHI-p5_S25_R2_001.fastq.gz,workflow/out/trimmed/G2-e003Coalescence-mBHI-p5_S25-trimmed-pair1.fastq.gz,workflow/out/trimmed/G2-e003Coalescence-mBHI-p5_S25-trimmed-pair2.fastq.gz,workflow/out/filter/G2-e003Coalescence-mBHI-p5_S25-filtered.1.fastq.gz,workflow/out/filter/G2-e003Coalescence-mBHI-p5_S25-filtered.2.fastq.gz,G2-e003Coalescence-mBHI-p5_S25
163,/oak/stanford/groups/dpetrov/swalton/Sophie_Oct2024_Seq/C8-e003Coalescence-mGAM-p7_S173_R1_001.fastq.gz,/oak/stanford/groups/dpetrov/swalton/Sophie_Oct2024_Seq/C8-e003Coalescence-mGAM-p7_S173_R2_001.fastq.gz,workflow/out/trimmed/G8-e003Coalescence-mGAM-p7_S173-trimmed-pair1.fastq.gz,workflow/out/trimmed/G8-e003Coalescence-mGAM-p7_S173-trimmed-pair2.fastq.gz,workflow/out/filter/G8-e003Coalescence-mGAM-p7_S173-filtered.1.fastq.gz,workflow/out/filter/G8-e003Coalescence-mGAM-p7_S173-filtered.2.fastq.gz,G8-e003Coalescence-mGAM-p7_S173
164,/oak/stanford/groups/dpetrov/swalton/Sophie_Oct2024_Seq/A4-e003Coalescence-mBHI-p3_S11_R1_001.fastq.gz,/oak/stanford/groups/dpetrov/swalton/Sophie_Oct2024_Seq/A4-e003Coalescence-mBHI-p3_S11_R2_001.fastq.gz,workflow/out/trimmed/E4-e003Coalescence-mBHI-p3_S11-trimmed-pair1.fastq.gz,workflow/out/trimmed/E4-e003Coalescence-mBHI-p3_S11-trimmed-pair2.fastq.gz,workflow/out/filter/E4-e003Coalescence-mBHI-p3_S11-filtered.1.fastq.gz,workflow/out/filter/E4-e003Coalescence-mBHI-p3_S11-filtered.2.fastq.gz,E4-e003Coalescence-mBHI-p3_S11
165,/oak/stanford/groups/dpetrov/swalton/Sophie_Oct2024_Seq/A2-e003Coalescence-mGAM-p5_S49_R1_001.fastq.gz,/oak/stanford/groups/dpetrov/swalton/Sophie_Oct2024_Seq/A2-e003Coalescence-mGAM-p5_S49_R2_001.fastq.gz,workflow/out/trimmed/E2-e003Coalescence-mGAM-p5_S49-trimmed-pair1.fastq.gz,workflow/out/trimmed/E2-e003Coalescence-mGAM-p5_S49-trimmed-pair2.fastq.gz,workflow/out/filter/E2-e003Coalescence-mGAM-p5_S49-filtered.1.fastq.gz,workflow/out/filter/E2-e003Coalescence-mGAM-p5_S49-filtered.2.fastq.gz,E2-e003Coalescence-mGAM-p5_S49
166,/oak/stanford/groups/dpetrov/swalton/Sophie_Oct2024_Seq/D9-e003Coalescence-mBHI-p5_S42_R1_001.fastq.gz,/oak/stanford/groups/dpetrov/swalton/Sophie_Oct2024_Seq/D9-e003Coalescence-mBHI-p5_S42_R2_001.fastq.gz,workflow/out/trimmed/H9-e003Coalescence-mBHI-p5_S42-trimmed-pair1.fastq.gz,workflow/out/trimmed/H9-e003Coalescence-mBHI-p5_S42-trimmed-pair2.fastq.gz,workflow/out/filter/H9-e003Coalescence-mBHI-p5_S42-filtered.1.fastq.gz,workflow/out/filter/H9-e003Coalescence-mBHI-p5_S42-filtered.2.fastq.gz,H9-e003Coalescence-mBHI-p5_S42
167,/oak/stanford/groups/dpetrov/swalton/Sophie_Oct2024_Seq/D11-e003Coalescence-mGAM-p3_S192_R1_001.fastq.gz,/oak/stanford/groups/dpetrov/swalton/Sophie_Oct2024_Seq/D11-e003Coalescence-mGAM-p3_S192_R2_001.fastq.gz,workflow/out/trimmed/H111-e003Coalescence-mGAM-p3_S192-trimmed-pair1.fastq.gz,workflow/out/trimmed/H111-e003Coalescence-mGAM-p3_S192-trimmed-pair2.fastq.gz,workflow/out/filter/H111-e003Coalescence-mGAM-p3_S192-filtered.1.fastq.gz,workflow/out/filter/H111-e003Coalescence-mGAM-p3_S192-filtered.2.fastq.gz,H111-e003Coalescence-mGAM-p3_S192
168,/oak/stanford/groups/dpetrov/swalton/Sophie_Oct2024_Seq/B5-e003Coalescence-mBHI-p3_S24_R1_001.fastq.gz,/oak/stanford/groups/dpetrov/swalton/Sophie_Oct2024_Seq/B5-e003Coalescence-mBHI-p3_S24_R2_001.fastq.gz,workflow/out/trimmed/F5-e003Coalescence-mBHI-p3_S24-trimmed-pair1.fastq.gz,workflow/out/trimmed/F5-e003Coalescence-mBHI-p3_S24-trimmed-pair2.fastq.gz,workflow/out/filter/F5-e003Coalescence-mBHI-p3_S24-filtered.1.fastq.gz,workflow/out/filter/F5-e003Coalescence-mBHI-p3_S24-filtered.2.fastq.gz,F5-e003Coalescence-mBHI-p3_S24
169,/oak/stanford/groups/dpetrov/swalton/Sophie_Oct2024_Seq/A8-e003Coalescence-mBHI-p3_S105_R1_001.fastq.gz,/oak/stanford/groups/dpetrov/swalton/Sophie_Oct2024_Seq/A8-e003Coalescence-mBHI-p3_S105_R2_001.fastq.gz,workflow/out/trimmed/E8-e003Coalescence-mBHI-p3_S105-trimmed-pair1.fastq.gz,workflow/out/trimmed/E8-e003Coalescence-mBHI-p3_S105-trimmed-pair2.fastq.gz,workflow/out/filter/E8-e003Coalescence-mBHI-p3_S105-filtered.1.fastq.gz,workflow/out/filter/E8-e003Coalescence-mBHI-p3_S105-filtered.2.fastq.gz,E8-e003Coalescence-mBHI-p3_S105
170,/oak/stanford/groups/dpetrov/swalton/Sophie_Oct2024_Seq/A8-e003Coalescence-mGAM-p7_S149_R1_001.fastq.gz,/oak/stanford/groups/dpetrov/swalton/Sophie_Oct2024_Seq/A8-e003Coalescence-mGAM-p7_S149_R2_001.fastq.gz,workflow/out/trimmed/E8-e003Coalescence-mGAM-p7_S149-trimmed-pair1.fastq.gz,workflow/out/trimmed/E8-e003Coalescence-mGAM-p7_S149-trimmed-pair2.fastq.gz,workflow/out/filter/E8-e003Coalescence-mGAM-p7_S149-filtered.1.fastq.gz,workflow/out/filter/E8-e003Coalescence-mGAM-p7_S149-filtered.2.fastq.gz,E8-e003Coalescence-mGAM-p7_S149
171,/oak/stanford/groups/dpetrov/swalton/Sophie_Oct2024_Seq/A9-e003Coalescence-mGAM-p7_S150_R1_001.fastq.gz,/oak/stanford/groups/dpetrov/swalton/Sophie_Oct2024_Seq/A9-e003Coalescence-mGAM-p7_S150_R2_001.fastq.gz,workflow/out/trimmed/E9-e003Coalescence-mGAM-p7_S150-trimmed-pair1.fastq.gz,workflow/out/trimmed/E9-e003Coalescence-mGAM-p7_S150-trimmed-pair2.fastq.gz,workflow/out/filter/E9-e003Coalescence-mGAM-p7_S150-filtered.1.fastq.gz,workflow/out/filter/E9-e003Coalescence-mGAM-p7_S150-filtered.2.fastq.gz,E9-e003Coalescence-mGAM-p7_S150
172,/oak/stanford/groups/dpetrov/swalton/Sophie_Oct2024_Seq/D5-e003Coalescence-mBHI-p7_S136_R1_001.fastq.gz,/oak/stanford/groups/dpetrov/swalton/Sophie_Oct2024_Seq/D5-e003Coalescence-mBHI-p7_S136_R2_001.fastq.gz,workflow/out/trimmed/H5-e003Coalescence-mBHI-p7_S136-trimmed-pair1.fastq.gz,workflow/out/trimmed/H5-e003Coalescence-mBHI-p7_S136-trimmed-pair2.fastq.gz,workflow/out/filter/H5-e003Coalescence-mBHI-p7_S136-filtered.1.fastq.gz,workflow/out/filter/H5-e003Coalescence-mBHI-p7_S136-filtered.2.fastq.gz,H5-e003Coalescence-mBHI-p7_S136
173,/oak/stanford/groups/dpetrov/swalton/Sophie_Oct2024_Seq/C9-e003Coalescence-mBHI-p5_S30_R1_001.fastq.gz,/oak/stanford/groups/dpetrov/swalton/Sophie_Oct2024_Seq/C9-e003Coalescence-mBHI-p5_S30_R2_001.fastq.gz,workflow/out/trimmed/G9-e003Coalescence-mBHI-p5_S30-trimmed-pair1.fastq.gz,workflow/out/trimmed/G9-e003Coalescence-mBHI-p5_S30-trimmed-pair2.fastq.gz,workflow/out/filter/G9-e003Coalescence-mBHI-p5_S30-filtered.1.fastq.gz,workflow/out/filter/G9-e003Coalescence-mBHI-p5_S30-filtered.2.fastq.gz,G9-e003Coalescence-mBHI-p5_S30
174,/oak/stanford/groups/dpetrov/swalton/Sophie_Oct2024_Seq/B11-e003Coalescence-mBHI-p7_S116_R1_001.fastq.gz,/oak/stanford/groups/dpetrov/swalton/Sophie_Oct2024_Seq/B11-e003Coalescence-mBHI-p7_S116_R2_001.fastq.gz,workflow/out/trimmed/F111-e003Coalescence-mBHI-p7_S116-trimmed-pair1.fastq.gz,workflow/out/trimmed/F111-e003Coalescence-mBHI-p7_S116-trimmed-pair2.fastq.gz,workflow/out/filter/F111-e003Coalescence-mBHI-p7_S116-filtered.1.fastq.gz,workflow/out/filter/F111-e003Coalescence-mBHI-p7_S116-filtered.2.fastq.gz,F111-e003Coalescence-mBHI-p7_S116
175,/oak/stanford/groups/dpetrov/swalton/Sophie_Oct2024_Seq/B5-e003Coalescence-mBHI-p7_S112_R1_001.fastq.gz,/oak/stanford/groups/dpetrov/swalton/Sophie_Oct2024_Seq/B5-e003Coalescence-mBHI-p7_S112_R2_001.fastq.gz,workflow/out/trimmed/F5-e003Coalescence-mBHI-p7_S112-trimmed-pair1.fastq.gz,workflow/out/trimmed/F5-e003Coalescence-mBHI-p7_S112-trimmed-pair2.fastq.gz,workflow/out/filter/F5-e003Coalescence-mBHI-p7_S112-filtered.1.fastq.gz,workflow/out/filter/F5-e003Coalescence-mBHI-p7_S112-filtered.2.fastq.gz,F5-e003Coalescence-mBHI-p7_S112
176,/oak/stanford/groups/dpetrov/swalton/Sophie_Oct2024_Seq/B4-e003Coalescence-mGAM-p7_S159_R1_001.fastq.gz,/oak/stanford/groups/dpetrov/swalton/Sophie_Oct2024_Seq/B4-e003Coalescence-mGAM-p7_S159_R2_001.fastq.gz,workflow/out/trimmed/F4-e003Coalescence-mGAM-p7_S159-trimmed-pair1.fastq.gz,workflow/out/trimmed/F4-e003Coalescence-mGAM-p7_S159-trimmed-pair2.fastq.gz,workflow/out/filter/F4-e003Coalescence-mGAM-p7_S159-filtered.1.fastq.gz,workflow/out/filter/F4-e003Coalescence-mGAM-p7_S159-filtered.2.fastq.gz,F4-e003Coalescence-mGAM-p7_S159
177,/oak/stanford/groups/dpetrov/swalton/Sophie_Oct2024_Seq/A10-e003Coalescence-mBHI-p3_S107_R1_001.fastq.gz,/oak/stanford/groups/dpetrov/swalton/Sophie_Oct2024_Seq/A10-e003Coalescence-mBHI-p3_S107_R2_001.fastq.gz,workflow/out/trimmed/E100-e003Coalescence-mBHI-p3_S107-trimmed-pair1.fastq.gz,workflow/out/trimmed/E100-e003Coalescence-mBHI-p3_S107-trimmed-pair2.fastq.gz,workflow/out/filter/E100-e003Coalescence-mBHI-p3_S107-filtered.1.fastq.gz,workflow/out/filter/E100-e003Coalescence-mBHI-p3_S107-filtered.2.fastq.gz,E100-e003Coalescence-mBHI-p3_S107
178,/oak/stanford/groups/dpetrov/swalton/Sophie_Oct2024_Seq/B11-e003Coalescence-mBHI-p3_S120_R1_001.fastq.gz,/oak/stanford/groups/dpetrov/swalton/Sophie_Oct2024_Seq/B11-e003Coalescence-mBHI-p3_S120_R2_001.fastq.gz,workflow/out/trimmed/F111-e003Coalescence-mBHI-p3_S120-trimmed-pair1.fastq.gz,workflow/out/trimmed/F111-e003Coalescence-mBHI-p3_S120-trimmed-pair2.fastq.gz,workflow/out/filter/F111-e003Coalescence-mBHI-p3_S120-filtered.1.fastq.gz,workflow/out/filter/F111-e003Coalescence-mBHI-p3_S120-filtered.2.fastq.gz,F111-e003Coalescence-mBHI-p3_S120
179,/oak/stanford/groups/dpetrov/swalton/Sophie_Oct2024_Seq/D3-e003Coalescence-mGAM-p5_S86_R1_001.fastq.gz,/oak/stanford/groups/dpetrov/swalton/Sophie_Oct2024_Seq/D3-e003Coalescence-mGAM-p5_S86_R2_001.fastq.gz,workflow/out/trimmed/H3-e003Coalescence-mGAM-p5_S86-trimmed-pair1.fastq.gz,workflow/out/trimmed/H3-e003Coalescence-mGAM-p5_S86-trimmed-pair2.fastq.gz,workflow/out/filter/H3-e003Coalescence-mGAM-p5_S86-filtered.1.fastq.gz,workflow/out/filter/H3-e003Coalescence-mGAM-p5_S86-filtered.2.fastq.gz,H3-e003Coalescence-mGAM-p5_S86
180,/oak/stanford/groups/dpetrov/swalton/Sophie_Oct2024_Seq/A4-e003Coalescence-mBHI-p7_S99_R1_001.fastq.gz,/oak/stanford/groups/dpetrov/swalton/Sophie_Oct2024_Seq/A4-e003Coalescence-mBHI-p7_S99_R2_001.fastq.gz,workflow/out/trimmed/E4-e003Coalescence-mBHI-p7_S99-trimmed-pair1.fastq.gz,workflow/out/trimmed/E4-e003Coalescence-mBHI-p7_S99-trimmed-pair2.fastq.gz,workflow/out/filter/E4-e003Coalescence-mBHI-p7_S99-filtered.1.fastq.gz,workflow/out/filter/E4-e003Coalescence-mBHI-p7_S99-filtered.2.fastq.gz,E4-e003Coalescence-mBHI-p7_S99
181,/oak/stanford/groups/dpetrov/swalton/Sophie_Oct2024_Seq/D4-e003Coalescence-mGAM-p5_S87_R1_001.fastq.gz,/oak/stanford/groups/dpetrov/swalton/Sophie_Oct2024_Seq/D4-e003Coalescence-mGAM-p5_S87_R2_001.fastq.gz,workflow/out/trimmed/H4-e003Coalescence-mGAM-p5_S87-trimmed-pair1.fastq.gz,workflow/out/trimmed/H4-e003Coalescence-mGAM-p5_S87-trimmed-pair2.fastq.gz,workflow/out/filter/H4-e003Coalescence-mGAM-p5_S87-filtered.1.fastq.gz,workflow/out/filter/H4-e003Coalescence-mGAM-p5_S87-filtered.2.fastq.gz,H4-e003Coalescence-mGAM-p5_S87
182,/oak/stanford/groups/dpetrov/swalton/Sophie_Oct2024_Seq/B10-e003Coalescence-mBHI-p5_S19_R1_001.fastq.gz,/oak/stanford/groups/dpetrov/swalton/Sophie_Oct2024_Seq/B10-e003Coalescence-mBHI-p5_S19_R2_001.fastq.gz,workflow/out/trimmed/F100-e003Coalescence-mBHI-p5_S19-trimmed-pair1.fastq.gz,workflow/out/trimmed/F100-e003Coalescence-mBHI-p5_S19-trimmed-pair2.fastq.gz,workflow/out/filter/F100-e003Coalescence-mBHI-p5_S19-filtered.1.fastq.gz,workflow/out/filter/F100-e003Coalescence-mBHI-p5_S19-filtered.2.fastq.gz,F100-e003Coalescence-mBHI-p5_S19
183,/oak/stanford/groups/dpetrov/swalton/Sophie_Oct2024_Seq/A10-e003Coalescence-mGAM-p7_S151_R1_001.fastq.gz,/oak/stanford/groups/dpetrov/swalton/Sophie_Oct2024_Seq/A10-e003Coalescence-mGAM-p7_S151_R2_001.fastq.gz,workflow/out/trimmed/E100-e003Coalescence-mGAM-p7_S151-trimmed-pair1.fastq.gz,workflow/out/trimmed/E100-e003Coalescence-mGAM-p7_S151-trimmed-pair2.fastq.gz,workflow/out/filter/E100-e003Coalescence-mGAM-p7_S151-filtered.1.fastq.gz,workflow/out/filter/E100-e003Coalescence-mGAM-p7_S151-filtered.2.fastq.gz,E100-e003Coalescence-mGAM-p7_S151
184,/oak/stanford/groups/dpetrov/swalton/Sophie_Oct2024_Seq/C9-e003Coalescence-mGAM-p3_S178_R1_001.fastq.gz,/oak/stanford/groups/dpetrov/swalton/Sophie_Oct2024_Seq/C9-e003Coalescence-mGAM-p3_S178_R2_001.fastq.gz,workflow/out/trimmed/G9-e003Coalescence-mGAM-p3_S178-trimmed-pair1.fastq.gz,workflow/out/trimmed/G9-e003Coalescence-mGAM-p3_S178-trimmed-pair2.fastq.gz,workflow/out/filter/G9-e003Coalescence-mGAM-p3_S178-filtered.1.fastq.gz,workflow/out/filter/G9-e003Coalescence-mGAM-p3_S178-filtered.2.fastq.gz,G9-e003Coalescence-mGAM-p3_S178
185,/oak/stanford/groups/dpetrov/swalton/Sophie_Oct2024_Seq/D9-e003Coalescence-mBHI-p7_S138_R1_001.fastq.gz,/oak/stanford/groups/dpetrov/swalton/Sophie_Oct2024_Seq/D9-e003Coalescence-mBHI-p7_S138_R2_001.fastq.gz,workflow/out/trimmed/H9-e003Coalescence-mBHI-p7_S138-trimmed-pair1.fastq.gz,workflow/out/trimmed/H9-e003Coalescence-mBHI-p7_S138-trimmed-pair2.fastq.gz,workflow/out/filter/H9-e003Coalescence-mBHI-p7_S138-filtered.1.fastq.gz,workflow/out/filter/H9-e003Coalescence-mBHI-p7_S138-filtered.2.fastq.gz,H9-e003Coalescence-mBHI-p7_S138
186,/oak/stanford/groups/dpetrov/swalton/Sophie_Oct2024_Seq/D8-e003Coalescence-mGAM-p7_S185_R1_001.fastq.gz,/oak/stanford/groups/dpetrov/swalton/Sophie_Oct2024_Seq/D8-e003Coalescence-mGAM-p7_S185_R2_001.fastq.gz,workflow/out/trimmed/H8-e003Coalescence-mGAM-p7_S185-trimmed-pair1.fastq.gz,workflow/out/trimmed/H8-e003Coalescence-mGAM-p7_S185-trimmed-pair2.fastq.gz,workflow/out/filter/H8-e003Coalescence-mGAM-p7_S185-filtered.1.fastq.gz,workflow/out/filter/H8-e003Coalescence-mGAM-p7_S185-filtered.2.fastq.gz,H8-e003Coalescence-mGAM-p7_S185
187,/oak/stanford/groups/dpetrov/swalton/Sophie_Oct2024_Seq/C2-e003Coalescence-mGAM-p3_S81_R1_001.fastq.gz,/oak/stanford/groups/dpetrov/swalton/Sophie_Oct2024_Seq/C2-e003Coalescence-mGAM-p3_S81_R2_001.fastq.gz,workflow/out/trimmed/G2-e003Coalescence-mGAM-p3_S81-trimmed-pair1.fastq.gz,workflow/out/trimmed/G2-e003Coalescence-mGAM-p3_S81-trimmed-pair2.fastq.gz,workflow/out/filter/G2-e003Coalescence-mGAM-p3_S81-filtered.1.fastq.gz,workflow/out/filter/G2-e003Coalescence-mGAM-p3_S81-filtered.2.fastq.gz,G2-e003Coalescence-mGAM-p3_S81
188,/oak/stanford/groups/dpetrov/swalton/Sophie_Oct2024_Seq/B11-e003Coalescence-mBHI-p5_S20_R1_001.fastq.gz,/oak/stanford/groups/dpetrov/swalton/Sophie_Oct2024_Seq/B11-e003Coalescence-mBHI-p5_S20_R2_001.fastq.gz,workflow/out/trimmed/F111-e003Coalescence-mBHI-p5_S20-trimmed-pair1.fastq.gz,workflow/out/trimmed/F111-e003Coalescence-mBHI-p5_S20-trimmed-pair2.fastq.gz,workflow/out/filter/F111-e003Coalescence-mBHI-p5_S20-filtered.1.fastq.gz,workflow/out/filter/F111-e003Coalescence-mBHI-p5_S20-filtered.2.fastq.gz,F111-e003Coalescence-mBHI-p5_S20
189,/oak/stanford/groups/dpetrov/swalton/Sophie_Oct2024_Seq/B8-e003Coalescence-mBHI-p5_S17_R1_001.fastq.gz,/oak/stanford/groups/dpetrov/swalton/Sophie_Oct2024_Seq/B8-e003Coalescence-mBHI-p5_S17_R2_001.fastq.gz,workflow/out/trimmed/F8-e003Coalescence-mBHI-p5_S17-trimmed-pair1.fastq.gz,workflow/out/trimmed/F8-e003Coalescence-mBHI-p5_S17-trimmed-pair2.fastq.gz,workflow/out/filter/F8-e003Coalescence-mBHI-p5_S17-filtered.1.fastq.gz,workflow/out/filter/F8-e003Coalescence-mBHI-p5_S17-filtered.2.fastq.gz,F8-e003Coalescence-mBHI-p5_S17
190,/oak/stanford/groups/dpetrov/swalton/Sophie_Oct2024_Seq/C10-e003Coalescence-mBHI-p7_S127_R1_001.fastq.gz,/oak/stanford/groups/dpetrov/swalton/Sophie_Oct2024_Seq/C10-e003Coalescence-mBHI-p7_S127_R2_001.fastq.gz,workflow/out/trimmed/G100-e003Coalescence-mBHI-p7_S127-trimmed-pair1.fastq.gz,workflow/out/trimmed/G100-e003Coalescence-mBHI-p7_S127-trimmed-pair2.fastq.gz,workflow/out/filter/G100-e003Coalescence-mBHI-p7_S127-filtered.1.fastq.gz,workflow/out/filter/G100-e003Coalescence-mBHI-p7_S127-filtered.2.fastq.gz,G100-e003Coalescence-mBHI-p7_S127
191,/oak/stanford/groups/dpetrov/swalton/Sophie_Oct2024_Seq/A5-e003Coalescence-mGAM-p5_S52_R1_001.fastq.gz,/oak/stanford/groups/dpetrov/swalton/Sophie_Oct2024_Seq/A5-e003Coalescence-mGAM-p5_S52_R2_001.fastq.gz,workflow/out/trimmed/E5-e003Coalescence-mGAM-p5_S52-trimmed-pair1.fastq.gz,workflow/out/trimmed/E5-e003Coalescence-mGAM-p5_S52-trimmed-pair2.fastq.gz,workflow/out/filter/E5-e003Coalescence-mGAM-p5_S52-filtered.1.fastq.gz,workflow/out/filter/E5-e003Coalescence-mGAM-p5_S52-filtered.2.fastq.gz,E5-e003Coalescence-mGAM-p5_S52
