,index,fixed_diffs,comparisons,sample1,species_id
0,A_C3_C4_AE_AE_mBHI_mBHI_2_S27,0,1830153,A_C3_C4_AE_AE_mBHI_mBHI_2_S27,102625
1,A_C4_C5_AF_AE_mBHI_mBHI_2_S28,0,1831891,A_C3_C4_AE_AE_mBHI_mBHI_2_S27,102625
2,A_C11_C4_AE_AE_mBHI_mBHI_4_S35,0,1830141,A_C3_C4_AE_AE_mBHI_mBHI_2_S27,102625
3,A_D11_D4_AE_AF_mBHI_mBHI_4_S47,2,1191497,A_C3_C4_AE_AE_mBHI_mBHI_2_S27,102625
4,A_E3_A4_AE_AA_mBHI_mGAM_2_S51,0,1044170,A_C3_C4_AE_AE_mBHI_mBHI_2_S27,102625
5,A_E11_A4_AE_AA_mBHI_mGAM_4_S59,0,2146010,A_C3_C4_AE_AE_mBHI_mBHI_2_S27,102625
6,A_G1_C2_AA_AE_mBHI_mGAM_2_S73,0,2142841,A_C3_C4_AE_AE_mBHI_mBHI_2_S27,102625
7,A_G3_C4_AE_AE_mBHI_mGAM_2_S75,1,2091004,A_C3_C4_AE_AE_mBHI_mBHI_2_S27,102625
8,A_G4_C5_AF_AE_mBHI_mGAM_2_S76,0,1677063,A_C3_C4_AE_AE_mBHI_mBHI_2_S27,102625
9,A_G9_C2_AA_AE_mBHI_mGAM_4_S81,0,2159450,A_C3_C4_AE_AE_mBHI_mBHI_2_S27,102625
10,A_G10_C3_ACPP_AE_mBHI_mGAM_4_S82,0,2100659,A_C3_C4_AE_AE_mBHI_mBHI_2_S27,102625
11,A_H3_D4_AE_AF_mBHI_mGAM_2_S87,0,1928409,A_C3_C4_AE_AE_mBHI_mBHI_2_S27,102625
12,B_E3_E4_AE_AA_mBHI_mGAM_2_S147,0,1045740,A_C3_C4_AE_AE_mBHI_mBHI_2_S27,102625
13,B_G1_G2_AA_AE_mBHI_mGAM_2_S169,0,2159590,A_C3_C4_AE_AE_mBHI_mBHI_2_S27,102625
14,B_H3_H4_AE_AF_mBHI_mGAM_2_S183,0,1457926,A_C3_C4_AE_AE_mBHI_mBHI_2_S27,102625
15,C_C11_G4_AE_AE_mBHI_mBHI_4_S227,0,1523518,A_C3_C4_AE_AE_mBHI_mBHI_2_S27,102625
16,C_E3_A4_AE_AA_mBHI_mGAM_6_S243,0,2145227,A_C3_C4_AE_AE_mBHI_mBHI_2_S27,102625
17,C_E11_E4_AE_AA_mBHI_mGAM_4_S251,0,2164170,A_C3_C4_AE_AE_mBHI_mBHI_2_S27,102625
18,C_G3_C4_AE_AE_mBHI_mGAM_6_S267,3,1555228,A_C3_C4_AE_AE_mBHI_mBHI_2_S27,102625
19,C_G11_G4_AE_AE_mBHI_mGAM_4_S275,0,2041192,A_C3_C4_AE_AE_mBHI_mBHI_2_S27,102625
20,C_H11_H4_AE_AF_mBHI_mGAM_4_S287,0,1662792,A_C3_C4_AE_AE_mBHI_mBHI_2_S27,102625
21,D_E3_A4_AE_AA_mBHI_mGAM_6_S339,0,2168722,A_C3_C4_AE_AE_mBHI_mBHI_2_S27,102625
22,D_G1_C2_AA_AE_mBHI_mGAM_6_S361,0,2165921,A_C3_C4_AE_AE_mBHI_mBHI_2_S27,102625
23,D_G3_C4_AE_AE_mBHI_mGAM_6_S363,0,2139279,A_C3_C4_AE_AE_mBHI_mBHI_2_S27,102625
24,D_H3_D4_AE_AF_mBHI_mGAM_6_S375,2,1929446,A_C3_C4_AE_AE_mBHI_mBHI_2_S27,102625
25,C4-e003Coalescence-mGAM-p7,30,1507607,A_C3_C4_AE_AE_mBHI_mBHI_2_S27,102625
26,C3-e003Coalescence-mGAM-p3,50,2175580,A_C3_C4_AE_AE_mBHI_mBHI_2_S27,102625
27,C2-e003Coalescence-mGAM-p7,50,2190353,A_C3_C4_AE_AE_mBHI_mBHI_2_S27,102625
28,B4-e003Coalescence-mGAM-p5,47,2112758,A_C3_C4_AE_AE_mBHI_mBHI_2_S27,102625
29,D4-e003Coalescence-mGAM-p5,30,1378041,A_C3_C4_AE_AE_mBHI_mBHI_2_S27,102625
30,C2-e003Coalescence-mGAM-p3,30,1272026,A_C3_C4_AE_AE_mBHI_mBHI_2_S27,102625
31,C4-e003Coalescence-mGAM-p5,32,1470780,A_C3_C4_AE_AE_mBHI_mBHI_2_S27,102625
32,C4-e003Coalescence-mGAM-p3,49,2170545,A_C3_C4_AE_AE_mBHI_mBHI_2_S27,102625
33,C5-e003Coalescence-mGAM-p3,31,1755780,A_C3_C4_AE_AE_mBHI_mBHI_2_S27,102625
34,C3-e003Coalescence-mGAM-p5,49,2102070,A_C3_C4_AE_AE_mBHI_mBHI_2_S27,102625
35,D4-e003Coalescence-mGAM-p3,42,1955064,A_C3_C4_AE_AE_mBHI_mBHI_2_S27,102625
36,C3-e003Coalescence-mGAM-p7,50,2177723,A_C3_C4_AE_AE_mBHI_mBHI_2_S27,102625
37,C2-e003Coalescence-mGAM-p5,46,2091417,A_C3_C4_AE_AE_mBHI_mBHI_2_S27,102625
38,H4-e003Coalescence-mGAM-p7_S183,0,2127707,A_C3_C4_AE_AE_mBHI_mBHI_2_S27,102625
39,G3-e003Coalescence-mBHI-p5_S26,0,1984187,A_C3_C4_AE_AE_mBHI_mBHI_2_S27,102625
40,E4-e003Coalescence-mGAM-p5_S51,2,2046969,A_C3_C4_AE_AE_mBHI_mBHI_2_S27,102625
41,G5-e003Coalescence-mGAM-p3_S84,0,1327011,A_C3_C4_AE_AE_mBHI_mBHI_2_S27,102625
42,G3-e003Coalescence-mBHI-p7_S122,0,2051412,A_C3_C4_AE_AE_mBHI_mBHI_2_S27,102625
43,G5-e003Coalescence-mGAM-p7_S172,0,2000174,A_C3_C4_AE_AE_mBHI_mBHI_2_S27,102625
44,G4-e003Coalescence-mGAM-p5_S75,0,2083119,A_C3_C4_AE_AE_mBHI_mBHI_2_S27,102625
45,G2-e003Coalescence-mGAM-p5_S73,0,2095666,A_C3_C4_AE_AE_mBHI_mBHI_2_S27,102625
46,G4-e003Coalescence-mGAM-p3_S83,0,2123891,A_C3_C4_AE_AE_mBHI_mBHI_2_S27,102625
47,F4-e003Coalescence-mGAM-p5_S63,0,2012196,A_C3_C4_AE_AE_mBHI_mBHI_2_S27,102625
48,G4-e003Coalescence-mGAM-p7_S171,1,1341178,A_C3_C4_AE_AE_mBHI_mBHI_2_S27,102625
49,G3-e003Coalescence-mGAM-p3_S82,0,2148001,A_C3_C4_AE_AE_mBHI_mBHI_2_S27,102625
50,G3-e003Coalescence-mGAM-p5_S74,0,2126090,A_C3_C4_AE_AE_mBHI_mBHI_2_S27,102625
51,E4-e003Coalescence-mGAM-p7_S147,0,2145639,A_C3_C4_AE_AE_mBHI_mBHI_2_S27,102625
52,E4-e003Coalescence-mGAM-p3_S59,0,2087042,A_C3_C4_AE_AE_mBHI_mBHI_2_S27,102625
53,F4-e003Coalescence-mGAM-p3_S71,0,2109664,A_C3_C4_AE_AE_mBHI_mBHI_2_S27,102625
54,F4-e003Coalescence-mGAM-p7_S159,0,2100682,A_C3_C4_AE_AE_mBHI_mBHI_2_S27,102625
55,G2-e003Coalescence-mGAM-p3_S81,0,2106083,A_C3_C4_AE_AE_mBHI_mBHI_2_S27,102625
56,C4-e003Coalescence-mGAM-p1_S738,0,1463124,A_C3_C4_AE_AE_mBHI_mBHI_2_S27,102625
57,D4-e003Coalescence-mGAM-p1_S739,0,1848658,A_C3_C4_AE_AE_mBHI_mBHI_2_S27,102625
58,B4-e003Coalescence-mGAM-p1_S737,0,1405634,A_C3_C4_AE_AE_mBHI_mBHI_2_S27,102625
59,Coalescence-E5-C4-AE-AE-mBHI-mBHI-3_S672,0,2109217,A_C3_C4_AE_AE_mBHI_mBHI_2_S27,102625
60,Coalescence-C6-A4-AA-AE-mBHI-mGAM-5_S649,0,2160650,A_C3_C4_AE_AE_mBHI_mBHI_2_S27,102625
61,Coalescence-D12-B4-ACPP-AE-mBHI-mGAM-3_S667,0,2160583,A_C3_C4_AE_AE_mBHI_mBHI_2_S27,102625
62,Coalescence-D8-A4-AA-AE-mBHI-mGAM-3_S663,0,2106366,A_C3_C4_AE_AE_mBHI_mBHI_2_S27,102625
63,Coalescence-B9-G3-ACPP-AE-mBHI-mGAM-7_S640,0,2145029,A_C3_C4_AE_AE_mBHI_mBHI_2_S27,102625
64,Coalescence-E4-C3-ACPP-AE-mBHI-mBHI-3_S671,0,1231438,A_C3_C4_AE_AE_mBHI_mBHI_2_S27,102625
65,D_F11_e003Assembly_S359,1,2166211,A_C3_C4_AE_AE_mBHI_mBHI_2_S27,102625
66,C_C2_e003Assembly_S218,0,2063067,A_C3_C4_AE_AE_mBHI_mBHI_2_S27,102625
67,C_C6_e003Assembly_S222,1,1156589,A_C3_C4_AE_AE_mBHI_mBHI_2_S27,102625
68,C_G6_e003Assembly_S270,2,1957903,A_C3_C4_AE_AE_mBHI_mBHI_2_S27,102625
0,A_C3_C4_AE_AE_mBHI_mBHI_2_S27,0,1830153,A_C4_C5_AF_AE_mBHI_mBHI_2_S28,102625
1,A_C4_C5_AF_AE_mBHI_mBHI_2_S28,0,1831891,A_C4_C5_AF_AE_mBHI_mBHI_2_S28,102625
2,A_C11_C4_AE_AE_mBHI_mBHI_4_S35,0,1830141,A_C4_C5_AF_AE_mBHI_mBHI_2_S28,102625
3,A_D11_D4_AE_AF_mBHI_mBHI_4_S47,2,1191497,A_C4_C5_AF_AE_mBHI_mBHI_2_S28,102625
4,A_E3_A4_AE_AA_mBHI_mGAM_2_S51,0,1044170,A_C4_C5_AF_AE_mBHI_mBHI_2_S28,102625
5,A_E11_A4_AE_AA_mBHI_mGAM_4_S59,0,2146010,A_C4_C5_AF_AE_mBHI_mBHI_2_S28,102625
6,A_G1_C2_AA_AE_mBHI_mGAM_2_S73,0,2142841,A_C4_C5_AF_AE_mBHI_mBHI_2_S28,102625
7,A_G3_C4_AE_AE_mBHI_mGAM_2_S75,0,2091004,A_C4_C5_AF_AE_mBHI_mBHI_2_S28,102625
8,A_G4_C5_AF_AE_mBHI_mGAM_2_S76,1,1677063,A_C4_C5_AF_AE_mBHI_mBHI_2_S28,102625
9,A_G9_C2_AA_AE_mBHI_mGAM_4_S81,0,2159450,A_C4_C5_AF_AE_mBHI_mBHI_2_S28,102625
10,A_G10_C3_ACPP_AE_mBHI_mGAM_4_S82,3,2100659,A_C4_C5_AF_AE_mBHI_mBHI_2_S28,102625
11,A_H3_D4_AE_AF_mBHI_mGAM_2_S87,0,1928409,A_C4_C5_AF_AE_mBHI_mBHI_2_S28,102625
12,B_E3_E4_AE_AA_mBHI_mGAM_2_S147,0,1045740,A_C4_C5_AF_AE_mBHI_mBHI_2_S28,102625
13,B_G1_G2_AA_AE_mBHI_mGAM_2_S169,0,2159590,A_C4_C5_AF_AE_mBHI_mBHI_2_S28,102625
14,B_H3_H4_AE_AF_mBHI_mGAM_2_S183,0,1457926,A_C4_C5_AF_AE_mBHI_mBHI_2_S28,102625
15,C_C11_G4_AE_AE_mBHI_mBHI_4_S227,0,1523518,A_C4_C5_AF_AE_mBHI_mBHI_2_S28,102625
16,C_E3_A4_AE_AA_mBHI_mGAM_6_S243,0,2145227,A_C4_C5_AF_AE_mBHI_mBHI_2_S28,102625
17,C_E11_E4_AE_AA_mBHI_mGAM_4_S251,0,2164170,A_C4_C5_AF_AE_mBHI_mBHI_2_S28,102625
18,C_G3_C4_AE_AE_mBHI_mGAM_6_S267,0,1555228,A_C4_C5_AF_AE_mBHI_mBHI_2_S28,102625
19,C_G11_G4_AE_AE_mBHI_mGAM_4_S275,0,2041192,A_C4_C5_AF_AE_mBHI_mBHI_2_S28,102625
20,C_H11_H4_AE_AF_mBHI_mGAM_4_S287,0,1662792,A_C4_C5_AF_AE_mBHI_mBHI_2_S28,102625
21,D_E3_A4_AE_AA_mBHI_mGAM_6_S339,0,2168722,A_C4_C5_AF_AE_mBHI_mBHI_2_S28,102625
22,D_G1_C2_AA_AE_mBHI_mGAM_6_S361,0,2165921,A_C4_C5_AF_AE_mBHI_mBHI_2_S28,102625
23,D_G3_C4_AE_AE_mBHI_mGAM_6_S363,0,2139279,A_C4_C5_AF_AE_mBHI_mBHI_2_S28,102625
24,D_H3_D4_AE_AF_mBHI_mGAM_6_S375,0,1929446,A_C4_C5_AF_AE_mBHI_mBHI_2_S28,102625
25,C4-e003Coalescence-mGAM-p7,26,1507607,A_C4_C5_AF_AE_mBHI_mBHI_2_S28,102625
26,C3-e003Coalescence-mGAM-p3,42,2175580,A_C4_C5_AF_AE_mBHI_mBHI_2_S28,102625
27,C2-e003Coalescence-mGAM-p7,42,2190353,A_C4_C5_AF_AE_mBHI_mBHI_2_S28,102625
28,B4-e003Coalescence-mGAM-p5,37,2112758,A_C4_C5_AF_AE_mBHI_mBHI_2_S28,102625
29,D4-e003Coalescence-mGAM-p5,27,1378041,A_C4_C5_AF_AE_mBHI_mBHI_2_S28,102625
30,C2-e003Coalescence-mGAM-p3,26,1272026,A_C4_C5_AF_AE_mBHI_mBHI_2_S28,102625
31,C4-e003Coalescence-mGAM-p5,29,1470780,A_C4_C5_AF_AE_mBHI_mBHI_2_S28,102625
32,C4-e003Coalescence-mGAM-p3,42,2170545,A_C4_C5_AF_AE_mBHI_mBHI_2_S28,102625
33,C5-e003Coalescence-mGAM-p3,25,1755780,A_C4_C5_AF_AE_mBHI_mBHI_2_S28,102625
34,C3-e003Coalescence-mGAM-p5,39,2102070,A_C4_C5_AF_AE_mBHI_mBHI_2_S28,102625
35,D4-e003Coalescence-mGAM-p3,34,1955064,A_C4_C5_AF_AE_mBHI_mBHI_2_S28,102625
36,C3-e003Coalescence-mGAM-p7,42,2177723,A_C4_C5_AF_AE_mBHI_mBHI_2_S28,102625
37,C2-e003Coalescence-mGAM-p5,33,2091417,A_C4_C5_AF_AE_mBHI_mBHI_2_S28,102625
38,H4-e003Coalescence-mGAM-p7_S183,0,2127707,A_C4_C5_AF_AE_mBHI_mBHI_2_S28,102625
39,G3-e003Coalescence-mBHI-p5_S26,0,1984187,A_C4_C5_AF_AE_mBHI_mBHI_2_S28,102625
40,E4-e003Coalescence-mGAM-p5_S51,0,2046969,A_C4_C5_AF_AE_mBHI_mBHI_2_S28,102625
41,G5-e003Coalescence-mGAM-p3_S84,0,1327011,A_C4_C5_AF_AE_mBHI_mBHI_2_S28,102625
42,G3-e003Coalescence-mBHI-p7_S122,0,2051412,A_C4_C5_AF_AE_mBHI_mBHI_2_S28,102625
43,G5-e003Coalescence-mGAM-p7_S172,0,2000174,A_C4_C5_AF_AE_mBHI_mBHI_2_S28,102625
44,G4-e003Coalescence-mGAM-p5_S75,0,2083119,A_C4_C5_AF_AE_mBHI_mBHI_2_S28,102625
45,G2-e003Coalescence-mGAM-p5_S73,0,2095666,A_C4_C5_AF_AE_mBHI_mBHI_2_S28,102625
46,G4-e003Coalescence-mGAM-p3_S83,0,2123891,A_C4_C5_AF_AE_mBHI_mBHI_2_S28,102625
47,F4-e003Coalescence-mGAM-p5_S63,0,2012196,A_C4_C5_AF_AE_mBHI_mBHI_2_S28,102625
48,G4-e003Coalescence-mGAM-p7_S171,1,1341178,A_C4_C5_AF_AE_mBHI_mBHI_2_S28,102625
49,G3-e003Coalescence-mGAM-p3_S82,0,2148001,A_C4_C5_AF_AE_mBHI_mBHI_2_S28,102625
50,G3-e003Coalescence-mGAM-p5_S74,0,2126090,A_C4_C5_AF_AE_mBHI_mBHI_2_S28,102625
51,E4-e003Coalescence-mGAM-p7_S147,0,2145639,A_C4_C5_AF_AE_mBHI_mBHI_2_S28,102625
52,E4-e003Coalescence-mGAM-p3_S59,1,2087042,A_C4_C5_AF_AE_mBHI_mBHI_2_S28,102625
53,F4-e003Coalescence-mGAM-p3_S71,0,2109664,A_C4_C5_AF_AE_mBHI_mBHI_2_S28,102625
54,F4-e003Coalescence-mGAM-p7_S159,2,2100682,A_C4_C5_AF_AE_mBHI_mBHI_2_S28,102625
55,G2-e003Coalescence-mGAM-p3_S81,0,2106083,A_C4_C5_AF_AE_mBHI_mBHI_2_S28,102625
56,C4-e003Coalescence-mGAM-p1_S738,0,1463124,A_C4_C5_AF_AE_mBHI_mBHI_2_S28,102625
57,D4-e003Coalescence-mGAM-p1_S739,0,1848658,A_C4_C5_AF_AE_mBHI_mBHI_2_S28,102625
58,B4-e003Coalescence-mGAM-p1_S737,0,1405634,A_C4_C5_AF_AE_mBHI_mBHI_2_S28,102625
59,Coalescence-E5-C4-AE-AE-mBHI-mBHI-3_S672,0,2109217,A_C4_C5_AF_AE_mBHI_mBHI_2_S28,102625
60,Coalescence-C6-A4-AA-AE-mBHI-mGAM-5_S649,0,2160650,A_C4_C5_AF_AE_mBHI_mBHI_2_S28,102625
61,Coalescence-D12-B4-ACPP-AE-mBHI-mGAM-3_S667,0,2160583,A_C4_C5_AF_AE_mBHI_mBHI_2_S28,102625
62,Coalescence-D8-A4-AA-AE-mBHI-mGAM-3_S663,0,2106366,A_C4_C5_AF_AE_mBHI_mBHI_2_S28,102625
63,Coalescence-B9-G3-ACPP-AE-mBHI-mGAM-7_S640,0,2145029,A_C4_C5_AF_AE_mBHI_mBHI_2_S28,102625
64,Coalescence-E4-C3-ACPP-AE-mBHI-mBHI-3_S671,0,1231438,A_C4_C5_AF_AE_mBHI_mBHI_2_S28,102625
65,D_F11_e003Assembly_S359,1,2166211,A_C4_C5_AF_AE_mBHI_mBHI_2_S28,102625
66,C_C2_e003Assembly_S218,0,2063067,A_C4_C5_AF_AE_mBHI_mBHI_2_S28,102625
67,C_C6_e003Assembly_S222,0,1156589,A_C4_C5_AF_AE_mBHI_mBHI_2_S28,102625
68,C_G6_e003Assembly_S270,2,1957903,A_C4_C5_AF_AE_mBHI_mBHI_2_S28,102625
0,A_C3_C4_AE_AE_mBHI_mBHI_2_S27,0,1830153,A_C11_C4_AE_AE_mBHI_mBHI_4_S35,102625
1,A_C4_C5_AF_AE_mBHI_mBHI_2_S28,0,1831891,A_C11_C4_AE_AE_mBHI_mBHI_4_S35,102625
2,A_C11_C4_AE_AE_mBHI_mBHI_4_S35,0,1830141,A_C11_C4_AE_AE_mBHI_mBHI_4_S35,102625
3,A_D11_D4_AE_AF_mBHI_mBHI_4_S47,2,1191497,A_C11_C4_AE_AE_mBHI_mBHI_4_S35,102625
4,A_E3_A4_AE_AA_mBHI_mGAM_2_S51,0,1044170,A_C11_C4_AE_AE_mBHI_mBHI_4_S35,102625
5,A_E11_A4_AE_AA_mBHI_mGAM_4_S59,0,2146010,A_C11_C4_AE_AE_mBHI_mBHI_4_S35,102625
6,A_G1_C2_AA_AE_mBHI_mGAM_2_S73,0,2142841,A_C11_C4_AE_AE_mBHI_mBHI_4_S35,102625
7,A_G3_C4_AE_AE_mBHI_mGAM_2_S75,0,2091004,A_C11_C4_AE_AE_mBHI_mBHI_4_S35,102625
8,A_G4_C5_AF_AE_mBHI_mGAM_2_S76,0,1677063,A_C11_C4_AE_AE_mBHI_mBHI_4_S35,102625
9,A_G9_C2_AA_AE_mBHI_mGAM_4_S81,0,2159450,A_C11_C4_AE_AE_mBHI_mBHI_4_S35,102625
10,A_G10_C3_ACPP_AE_mBHI_mGAM_4_S82,0,2100659,A_C11_C4_AE_AE_mBHI_mBHI_4_S35,102625
11,A_H3_D4_AE_AF_mBHI_mGAM_2_S87,0,1928409,A_C11_C4_AE_AE_mBHI_mBHI_4_S35,102625
12,B_E3_E4_AE_AA_mBHI_mGAM_2_S147,0,1045740,A_C11_C4_AE_AE_mBHI_mBHI_4_S35,102625
13,B_G1_G2_AA_AE_mBHI_mGAM_2_S169,0,2159590,A_C11_C4_AE_AE_mBHI_mBHI_4_S35,102625
14,B_H3_H4_AE_AF_mBHI_mGAM_2_S183,0,1457926,A_C11_C4_AE_AE_mBHI_mBHI_4_S35,102625
15,C_C11_G4_AE_AE_mBHI_mBHI_4_S227,0,1523518,A_C11_C4_AE_AE_mBHI_mBHI_4_S35,102625
16,C_E3_A4_AE_AA_mBHI_mGAM_6_S243,0,2145227,A_C11_C4_AE_AE_mBHI_mBHI_4_S35,102625
17,C_E11_E4_AE_AA_mBHI_mGAM_4_S251,0,2164170,A_C11_C4_AE_AE_mBHI_mBHI_4_S35,102625
18,C_G3_C4_AE_AE_mBHI_mGAM_6_S267,0,1555228,A_C11_C4_AE_AE_mBHI_mBHI_4_S35,102625
19,C_G11_G4_AE_AE_mBHI_mGAM_4_S275,0,2041192,A_C11_C4_AE_AE_mBHI_mBHI_4_S35,102625
20,C_H11_H4_AE_AF_mBHI_mGAM_4_S287,0,1662792,A_C11_C4_AE_AE_mBHI_mBHI_4_S35,102625
21,D_E3_A4_AE_AA_mBHI_mGAM_6_S339,0,2168722,A_C11_C4_AE_AE_mBHI_mBHI_4_S35,102625
22,D_G1_C2_AA_AE_mBHI_mGAM_6_S361,0,2165921,A_C11_C4_AE_AE_mBHI_mBHI_4_S35,102625
23,D_G3_C4_AE_AE_mBHI_mGAM_6_S363,0,2139279,A_C11_C4_AE_AE_mBHI_mBHI_4_S35,102625
24,D_H3_D4_AE_AF_mBHI_mGAM_6_S375,0,1929446,A_C11_C4_AE_AE_mBHI_mBHI_4_S35,102625
25,C4-e003Coalescence-mGAM-p7,28,1507607,A_C11_C4_AE_AE_mBHI_mBHI_4_S35,102625
26,C3-e003Coalescence-mGAM-p3,42,2175580,A_C11_C4_AE_AE_mBHI_mBHI_4_S35,102625
27,C2-e003Coalescence-mGAM-p7,42,2190353,A_C11_C4_AE_AE_mBHI_mBHI_4_S35,102625
28,B4-e003Coalescence-mGAM-p5,40,2112758,A_C11_C4_AE_AE_mBHI_mBHI_4_S35,102625
29,D4-e003Coalescence-mGAM-p5,30,1378041,A_C11_C4_AE_AE_mBHI_mBHI_4_S35,102625
30,C2-e003Coalescence-mGAM-p3,24,1272026,A_C11_C4_AE_AE_mBHI_mBHI_4_S35,102625
31,C4-e003Coalescence-mGAM-p5,30,1470780,A_C11_C4_AE_AE_mBHI_mBHI_4_S35,102625
32,C4-e003Coalescence-mGAM-p3,43,2170545,A_C11_C4_AE_AE_mBHI_mBHI_4_S35,102625
33,C5-e003Coalescence-mGAM-p3,28,1755780,A_C11_C4_AE_AE_mBHI_mBHI_4_S35,102625
34,C3-e003Coalescence-mGAM-p5,42,2102070,A_C11_C4_AE_AE_mBHI_mBHI_4_S35,102625
35,D4-e003Coalescence-mGAM-p3,33,1955064,A_C11_C4_AE_AE_mBHI_mBHI_4_S35,102625
36,C3-e003Coalescence-mGAM-p7,42,2177723,A_C11_C4_AE_AE_mBHI_mBHI_4_S35,102625
37,C2-e003Coalescence-mGAM-p5,39,2091417,A_C11_C4_AE_AE_mBHI_mBHI_4_S35,102625
38,H4-e003Coalescence-mGAM-p7_S183,0,2127707,A_C11_C4_AE_AE_mBHI_mBHI_4_S35,102625
39,G3-e003Coalescence-mBHI-p5_S26,0,1984187,A_C11_C4_AE_AE_mBHI_mBHI_4_S35,102625
40,E4-e003Coalescence-mGAM-p5_S51,0,2046969,A_C11_C4_AE_AE_mBHI_mBHI_4_S35,102625
41,G5-e003Coalescence-mGAM-p3_S84,0,1327011,A_C11_C4_AE_AE_mBHI_mBHI_4_S35,102625
42,G3-e003Coalescence-mBHI-p7_S122,0,2051412,A_C11_C4_AE_AE_mBHI_mBHI_4_S35,102625
43,G5-e003Coalescence-mGAM-p7_S172,0,2000174,A_C11_C4_AE_AE_mBHI_mBHI_4_S35,102625
44,G4-e003Coalescence-mGAM-p5_S75,0,2083119,A_C11_C4_AE_AE_mBHI_mBHI_4_S35,102625
45,G2-e003Coalescence-mGAM-p5_S73,0,2095666,A_C11_C4_AE_AE_mBHI_mBHI_4_S35,102625
46,G4-e003Coalescence-mGAM-p3_S83,0,2123891,A_C11_C4_AE_AE_mBHI_mBHI_4_S35,102625
47,F4-e003Coalescence-mGAM-p5_S63,0,2012196,A_C11_C4_AE_AE_mBHI_mBHI_4_S35,102625
48,G4-e003Coalescence-mGAM-p7_S171,0,1341178,A_C11_C4_AE_AE_mBHI_mBHI_4_S35,102625
49,G3-e003Coalescence-mGAM-p3_S82,0,2148001,A_C11_C4_AE_AE_mBHI_mBHI_4_S35,102625
50,G3-e003Coalescence-mGAM-p5_S74,0,2126090,A_C11_C4_AE_AE_mBHI_mBHI_4_S35,102625
51,E4-e003Coalescence-mGAM-p7_S147,0,2145639,A_C11_C4_AE_AE_mBHI_mBHI_4_S35,102625
52,E4-e003Coalescence-mGAM-p3_S59,0,2087042,A_C11_C4_AE_AE_mBHI_mBHI_4_S35,102625
53,F4-e003Coalescence-mGAM-p3_S71,0,2109664,A_C11_C4_AE_AE_mBHI_mBHI_4_S35,102625
54,F4-e003Coalescence-mGAM-p7_S159,2,2100682,A_C11_C4_AE_AE_mBHI_mBHI_4_S35,102625
55,G2-e003Coalescence-mGAM-p3_S81,0,2106083,A_C11_C4_AE_AE_mBHI_mBHI_4_S35,102625
56,C4-e003Coalescence-mGAM-p1_S738,0,1463124,A_C11_C4_AE_AE_mBHI_mBHI_4_S35,102625
57,D4-e003Coalescence-mGAM-p1_S739,0,1848658,A_C11_C4_AE_AE_mBHI_mBHI_4_S35,102625
58,B4-e003Coalescence-mGAM-p1_S737,0,1405634,A_C11_C4_AE_AE_mBHI_mBHI_4_S35,102625
59,Coalescence-E5-C4-AE-AE-mBHI-mBHI-3_S672,0,2109217,A_C11_C4_AE_AE_mBHI_mBHI_4_S35,102625
60,Coalescence-C6-A4-AA-AE-mBHI-mGAM-5_S649,0,2160650,A_C11_C4_AE_AE_mBHI_mBHI_4_S35,102625
61,Coalescence-D12-B4-ACPP-AE-mBHI-mGAM-3_S667,0,2160583,A_C11_C4_AE_AE_mBHI_mBHI_4_S35,102625
62,Coalescence-D8-A4-AA-AE-mBHI-mGAM-3_S663,0,2106366,A_C11_C4_AE_AE_mBHI_mBHI_4_S35,102625
63,Coalescence-B9-G3-ACPP-AE-mBHI-mGAM-7_S640,0,2145029,A_C11_C4_AE_AE_mBHI_mBHI_4_S35,102625
64,Coalescence-E4-C3-ACPP-AE-mBHI-mBHI-3_S671,0,1231438,A_C11_C4_AE_AE_mBHI_mBHI_4_S35,102625
65,D_F11_e003Assembly_S359,1,2166211,A_C11_C4_AE_AE_mBHI_mBHI_4_S35,102625
66,C_C2_e003Assembly_S218,0,2063067,A_C11_C4_AE_AE_mBHI_mBHI_4_S35,102625
67,C_C6_e003Assembly_S222,0,1156589,A_C11_C4_AE_AE_mBHI_mBHI_4_S35,102625
68,C_G6_e003Assembly_S270,1,1957903,A_C11_C4_AE_AE_mBHI_mBHI_4_S35,102625
0,A_C3_C4_AE_AE_mBHI_mBHI_2_S27,2,1830153,A_D11_D4_AE_AF_mBHI_mBHI_4_S47,102625
1,A_C4_C5_AF_AE_mBHI_mBHI_2_S28,2,1831891,A_D11_D4_AE_AF_mBHI_mBHI_4_S47,102625
2,A_C11_C4_AE_AE_mBHI_mBHI_4_S35,2,1830141,A_D11_D4_AE_AF_mBHI_mBHI_4_S47,102625
3,A_D11_D4_AE_AF_mBHI_mBHI_4_S47,0,1191497,A_D11_D4_AE_AF_mBHI_mBHI_4_S47,102625
4,A_E3_A4_AE_AA_mBHI_mGAM_2_S51,0,1044170,A_D11_D4_AE_AF_mBHI_mBHI_4_S47,102625
5,A_E11_A4_AE_AA_mBHI_mGAM_4_S59,0,2146010,A_D11_D4_AE_AF_mBHI_mBHI_4_S47,102625
6,A_G1_C2_AA_AE_mBHI_mGAM_2_S73,2,2142841,A_D11_D4_AE_AF_mBHI_mBHI_4_S47,102625
7,A_G3_C4_AE_AE_mBHI_mGAM_2_S75,2,2091004,A_D11_D4_AE_AF_mBHI_mBHI_4_S47,102625
8,A_G4_C5_AF_AE_mBHI_mGAM_2_S76,1,1677063,A_D11_D4_AE_AF_mBHI_mBHI_4_S47,102625
9,A_G9_C2_AA_AE_mBHI_mGAM_4_S81,0,2159450,A_D11_D4_AE_AF_mBHI_mBHI_4_S47,102625
10,A_G10_C3_ACPP_AE_mBHI_mGAM_4_S82,0,2100659,A_D11_D4_AE_AF_mBHI_mBHI_4_S47,102625
11,A_H3_D4_AE_AF_mBHI_mGAM_2_S87,3,1928409,A_D11_D4_AE_AF_mBHI_mBHI_4_S47,102625
12,B_E3_E4_AE_AA_mBHI_mGAM_2_S147,0,1045740,A_D11_D4_AE_AF_mBHI_mBHI_4_S47,102625
13,B_G1_G2_AA_AE_mBHI_mGAM_2_S169,0,2159590,A_D11_D4_AE_AF_mBHI_mBHI_4_S47,102625
14,B_H3_H4_AE_AF_mBHI_mGAM_2_S183,0,1457926,A_D11_D4_AE_AF_mBHI_mBHI_4_S47,102625
15,C_C11_G4_AE_AE_mBHI_mBHI_4_S227,0,1523518,A_D11_D4_AE_AF_mBHI_mBHI_4_S47,102625
16,C_E3_A4_AE_AA_mBHI_mGAM_6_S243,0,2145227,A_D11_D4_AE_AF_mBHI_mBHI_4_S47,102625
17,C_E11_E4_AE_AA_mBHI_mGAM_4_S251,0,2164170,A_D11_D4_AE_AF_mBHI_mBHI_4_S47,102625
18,C_G3_C4_AE_AE_mBHI_mGAM_6_S267,3,1555228,A_D11_D4_AE_AF_mBHI_mBHI_4_S47,102625
19,C_G11_G4_AE_AE_mBHI_mGAM_4_S275,0,2041192,A_D11_D4_AE_AF_mBHI_mBHI_4_S47,102625
20,C_H11_H4_AE_AF_mBHI_mGAM_4_S287,1,1662792,A_D11_D4_AE_AF_mBHI_mBHI_4_S47,102625
21,D_E3_A4_AE_AA_mBHI_mGAM_6_S339,0,2168722,A_D11_D4_AE_AF_mBHI_mBHI_4_S47,102625
22,D_G1_C2_AA_AE_mBHI_mGAM_6_S361,0,2165921,A_D11_D4_AE_AF_mBHI_mBHI_4_S47,102625
23,D_G3_C4_AE_AE_mBHI_mGAM_6_S363,0,2139279,A_D11_D4_AE_AF_mBHI_mBHI_4_S47,102625
24,D_H3_D4_AE_AF_mBHI_mGAM_6_S375,0,1929446,A_D11_D4_AE_AF_mBHI_mBHI_4_S47,102625
25,C4-e003Coalescence-mGAM-p7,14,1507607,A_D11_D4_AE_AF_mBHI_mBHI_4_S47,102625
26,C3-e003Coalescence-mGAM-p3,25,2175580,A_D11_D4_AE_AF_mBHI_mBHI_4_S47,102625
27,C2-e003Coalescence-mGAM-p7,25,2190353,A_D11_D4_AE_AF_mBHI_mBHI_4_S47,102625
28,B4-e003Coalescence-mGAM-p5,27,2112758,A_D11_D4_AE_AF_mBHI_mBHI_4_S47,102625
29,D4-e003Coalescence-mGAM-p5,14,1378041,A_D11_D4_AE_AF_mBHI_mBHI_4_S47,102625
30,C2-e003Coalescence-mGAM-p3,23,1272026,A_D11_D4_AE_AF_mBHI_mBHI_4_S47,102625
31,C4-e003Coalescence-mGAM-p5,18,1470780,A_D11_D4_AE_AF_mBHI_mBHI_4_S47,102625
32,C4-e003Coalescence-mGAM-p3,27,2170545,A_D11_D4_AE_AF_mBHI_mBHI_4_S47,102625
33,C5-e003Coalescence-mGAM-p3,17,1755780,A_D11_D4_AE_AF_mBHI_mBHI_4_S47,102625
34,C3-e003Coalescence-mGAM-p5,25,2102070,A_D11_D4_AE_AF_mBHI_mBHI_4_S47,102625
35,D4-e003Coalescence-mGAM-p3,20,1955064,A_D11_D4_AE_AF_mBHI_mBHI_4_S47,102625
36,C3-e003Coalescence-mGAM-p7,25,2177723,A_D11_D4_AE_AF_mBHI_mBHI_4_S47,102625
37,C2-e003Coalescence-mGAM-p5,22,2091417,A_D11_D4_AE_AF_mBHI_mBHI_4_S47,102625
38,H4-e003Coalescence-mGAM-p7_S183,2,2127707,A_D11_D4_AE_AF_mBHI_mBHI_4_S47,102625
39,G3-e003Coalescence-mBHI-p5_S26,2,1984187,A_D11_D4_AE_AF_mBHI_mBHI_4_S47,102625
40,E4-e003Coalescence-mGAM-p5_S51,2,2046969,A_D11_D4_AE_AF_mBHI_mBHI_4_S47,102625
41,G5-e003Coalescence-mGAM-p3_S84,3,1327011,A_D11_D4_AE_AF_mBHI_mBHI_4_S47,102625
42,G3-e003Coalescence-mBHI-p7_S122,2,2051412,A_D11_D4_AE_AF_mBHI_mBHI_4_S47,102625
43,G5-e003Coalescence-mGAM-p7_S172,2,2000174,A_D11_D4_AE_AF_mBHI_mBHI_4_S47,102625
44,G4-e003Coalescence-mGAM-p5_S75,0,2083119,A_D11_D4_AE_AF_mBHI_mBHI_4_S47,102625
45,G2-e003Coalescence-mGAM-p5_S73,0,2095666,A_D11_D4_AE_AF_mBHI_mBHI_4_S47,102625
46,G4-e003Coalescence-mGAM-p3_S83,0,2123891,A_D11_D4_AE_AF_mBHI_mBHI_4_S47,102625
47,F4-e003Coalescence-mGAM-p5_S63,1,2012196,A_D11_D4_AE_AF_mBHI_mBHI_4_S47,102625
48,G4-e003Coalescence-mGAM-p7_S171,0,1341178,A_D11_D4_AE_AF_mBHI_mBHI_4_S47,102625
49,G3-e003Coalescence-mGAM-p3_S82,2,2148001,A_D11_D4_AE_AF_mBHI_mBHI_4_S47,102625
50,G3-e003Coalescence-mGAM-p5_S74,0,2126090,A_D11_D4_AE_AF_mBHI_mBHI_4_S47,102625
51,E4-e003Coalescence-mGAM-p7_S147,1,2145639,A_D11_D4_AE_AF_mBHI_mBHI_4_S47,102625
52,E4-e003Coalescence-mGAM-p3_S59,1,2087042,A_D11_D4_AE_AF_mBHI_mBHI_4_S47,102625
53,F4-e003Coalescence-mGAM-p3_S71,0,2109664,A_D11_D4_AE_AF_mBHI_mBHI_4_S47,102625
54,F4-e003Coalescence-mGAM-p7_S159,0,2100682,A_D11_D4_AE_AF_mBHI_mBHI_4_S47,102625
55,G2-e003Coalescence-mGAM-p3_S81,0,2106083,A_D11_D4_AE_AF_mBHI_mBHI_4_S47,102625
56,C4-e003Coalescence-mGAM-p1_S738,2,1463124,A_D11_D4_AE_AF_mBHI_mBHI_4_S47,102625
57,D4-e003Coalescence-mGAM-p1_S739,0,1848658,A_D11_D4_AE_AF_mBHI_mBHI_4_S47,102625
58,B4-e003Coalescence-mGAM-p1_S737,2,1405634,A_D11_D4_AE_AF_mBHI_mBHI_4_S47,102625
59,Coalescence-E5-C4-AE-AE-mBHI-mBHI-3_S672,0,2109217,A_D11_D4_AE_AF_mBHI_mBHI_4_S47,102625
60,Coalescence-C6-A4-AA-AE-mBHI-mGAM-5_S649,0,2160650,A_D11_D4_AE_AF_mBHI_mBHI_4_S47,102625
61,Coalescence-D12-B4-ACPP-AE-mBHI-mGAM-3_S667,0,2160583,A_D11_D4_AE_AF_mBHI_mBHI_4_S47,102625
62,Coalescence-D8-A4-AA-AE-mBHI-mGAM-3_S663,1,2106366,A_D11_D4_AE_AF_mBHI_mBHI_4_S47,102625
63,Coalescence-B9-G3-ACPP-AE-mBHI-mGAM-7_S640,0,2145029,A_D11_D4_AE_AF_mBHI_mBHI_4_S47,102625
64,Coalescence-E4-C3-ACPP-AE-mBHI-mBHI-3_S671,1,1231438,A_D11_D4_AE_AF_mBHI_mBHI_4_S47,102625
65,D_F11_e003Assembly_S359,1,2166211,A_D11_D4_AE_AF_mBHI_mBHI_4_S47,102625
66,C_C2_e003Assembly_S218,0,2063067,A_D11_D4_AE_AF_mBHI_mBHI_4_S47,102625
67,C_C6_e003Assembly_S222,1,1156589,A_D11_D4_AE_AF_mBHI_mBHI_4_S47,102625
68,C_G6_e003Assembly_S270,1,1957903,A_D11_D4_AE_AF_mBHI_mBHI_4_S47,102625
0,A_C3_C4_AE_AE_mBHI_mBHI_2_S27,0,1830153,A_E3_A4_AE_AA_mBHI_mGAM_2_S51,102625
1,A_C4_C5_AF_AE_mBHI_mBHI_2_S28,0,1831891,A_E3_A4_AE_AA_mBHI_mGAM_2_S51,102625
2,A_C11_C4_AE_AE_mBHI_mBHI_4_S35,0,1830141,A_E3_A4_AE_AA_mBHI_mGAM_2_S51,102625
3,A_D11_D4_AE_AF_mBHI_mBHI_4_S47,0,1191497,A_E3_A4_AE_AA_mBHI_mGAM_2_S51,102625
4,A_E3_A4_AE_AA_mBHI_mGAM_2_S51,0,1044170,A_E3_A4_AE_AA_mBHI_mGAM_2_S51,102625
5,A_E11_A4_AE_AA_mBHI_mGAM_4_S59,0,2146010,A_E3_A4_AE_AA_mBHI_mGAM_2_S51,102625
6,A_G1_C2_AA_AE_mBHI_mGAM_2_S73,0,2142841,A_E3_A4_AE_AA_mBHI_mGAM_2_S51,102625
7,A_G3_C4_AE_AE_mBHI_mGAM_2_S75,0,2091004,A_E3_A4_AE_AA_mBHI_mGAM_2_S51,102625
8,A_G4_C5_AF_AE_mBHI_mGAM_2_S76,0,1677063,A_E3_A4_AE_AA_mBHI_mGAM_2_S51,102625
9,A_G9_C2_AA_AE_mBHI_mGAM_4_S81,0,2159450,A_E3_A4_AE_AA_mBHI_mGAM_2_S51,102625
10,A_G10_C3_ACPP_AE_mBHI_mGAM_4_S82,0,2100659,A_E3_A4_AE_AA_mBHI_mGAM_2_S51,102625
11,A_H3_D4_AE_AF_mBHI_mGAM_2_S87,1,1928409,A_E3_A4_AE_AA_mBHI_mGAM_2_S51,102625
12,B_E3_E4_AE_AA_mBHI_mGAM_2_S147,0,1045740,A_E3_A4_AE_AA_mBHI_mGAM_2_S51,102625
13,B_G1_G2_AA_AE_mBHI_mGAM_2_S169,0,2159590,A_E3_A4_AE_AA_mBHI_mGAM_2_S51,102625
14,B_H3_H4_AE_AF_mBHI_mGAM_2_S183,0,1457926,A_E3_A4_AE_AA_mBHI_mGAM_2_S51,102625
15,C_C11_G4_AE_AE_mBHI_mBHI_4_S227,0,1523518,A_E3_A4_AE_AA_mBHI_mGAM_2_S51,102625
16,C_E3_A4_AE_AA_mBHI_mGAM_6_S243,0,2145227,A_E3_A4_AE_AA_mBHI_mGAM_2_S51,102625
17,C_E11_E4_AE_AA_mBHI_mGAM_4_S251,0,2164170,A_E3_A4_AE_AA_mBHI_mGAM_2_S51,102625
18,C_G3_C4_AE_AE_mBHI_mGAM_6_S267,0,1555228,A_E3_A4_AE_AA_mBHI_mGAM_2_S51,102625
19,C_G11_G4_AE_AE_mBHI_mGAM_4_S275,0,2041192,A_E3_A4_AE_AA_mBHI_mGAM_2_S51,102625
20,C_H11_H4_AE_AF_mBHI_mGAM_4_S287,0,1662792,A_E3_A4_AE_AA_mBHI_mGAM_2_S51,102625
21,D_E3_A4_AE_AA_mBHI_mGAM_6_S339,0,2168722,A_E3_A4_AE_AA_mBHI_mGAM_2_S51,102625
22,D_G1_C2_AA_AE_mBHI_mGAM_6_S361,0,2165921,A_E3_A4_AE_AA_mBHI_mGAM_2_S51,102625
23,D_G3_C4_AE_AE_mBHI_mGAM_6_S363,0,2139279,A_E3_A4_AE_AA_mBHI_mGAM_2_S51,102625
24,D_H3_D4_AE_AF_mBHI_mGAM_6_S375,0,1929446,A_E3_A4_AE_AA_mBHI_mGAM_2_S51,102625
25,C4-e003Coalescence-mGAM-p7,10,1507607,A_E3_A4_AE_AA_mBHI_mGAM_2_S51,102625
26,C3-e003Coalescence-mGAM-p3,14,2175580,A_E3_A4_AE_AA_mBHI_mGAM_2_S51,102625
27,C2-e003Coalescence-mGAM-p7,15,2190353,A_E3_A4_AE_AA_mBHI_mGAM_2_S51,102625
28,B4-e003Coalescence-mGAM-p5,15,2112758,A_E3_A4_AE_AA_mBHI_mGAM_2_S51,102625
29,D4-e003Coalescence-mGAM-p5,5,1378041,A_E3_A4_AE_AA_mBHI_mGAM_2_S51,102625
30,C2-e003Coalescence-mGAM-p3,12,1272026,A_E3_A4_AE_AA_mBHI_mGAM_2_S51,102625
31,C4-e003Coalescence-mGAM-p5,8,1470780,A_E3_A4_AE_AA_mBHI_mGAM_2_S51,102625
32,C4-e003Coalescence-mGAM-p3,14,2170545,A_E3_A4_AE_AA_mBHI_mGAM_2_S51,102625
33,C5-e003Coalescence-mGAM-p3,8,1755780,A_E3_A4_AE_AA_mBHI_mGAM_2_S51,102625
34,C3-e003Coalescence-mGAM-p5,13,2102070,A_E3_A4_AE_AA_mBHI_mGAM_2_S51,102625
35,D4-e003Coalescence-mGAM-p3,11,1955064,A_E3_A4_AE_AA_mBHI_mGAM_2_S51,102625
36,C3-e003Coalescence-mGAM-p7,15,2177723,A_E3_A4_AE_AA_mBHI_mGAM_2_S51,102625
37,C2-e003Coalescence-mGAM-p5,15,2091417,A_E3_A4_AE_AA_mBHI_mGAM_2_S51,102625
38,H4-e003Coalescence-mGAM-p7_S183,0,2127707,A_E3_A4_AE_AA_mBHI_mGAM_2_S51,102625
39,G3-e003Coalescence-mBHI-p5_S26,1,1984187,A_E3_A4_AE_AA_mBHI_mGAM_2_S51,102625
40,E4-e003Coalescence-mGAM-p5_S51,0,2046969,A_E3_A4_AE_AA_mBHI_mGAM_2_S51,102625
41,G5-e003Coalescence-mGAM-p3_S84,0,1327011,A_E3_A4_AE_AA_mBHI_mGAM_2_S51,102625
42,G3-e003Coalescence-mBHI-p7_S122,0,2051412,A_E3_A4_AE_AA_mBHI_mGAM_2_S51,102625
43,G5-e003Coalescence-mGAM-p7_S172,0,2000174,A_E3_A4_AE_AA_mBHI_mGAM_2_S51,102625
44,G4-e003Coalescence-mGAM-p5_S75,0,2083119,A_E3_A4_AE_AA_mBHI_mGAM_2_S51,102625
45,G2-e003Coalescence-mGAM-p5_S73,0,2095666,A_E3_A4_AE_AA_mBHI_mGAM_2_S51,102625
46,G4-e003Coalescence-mGAM-p3_S83,0,2123891,A_E3_A4_AE_AA_mBHI_mGAM_2_S51,102625
47,F4-e003Coalescence-mGAM-p5_S63,0,2012196,A_E3_A4_AE_AA_mBHI_mGAM_2_S51,102625
48,G4-e003Coalescence-mGAM-p7_S171,0,1341178,A_E3_A4_AE_AA_mBHI_mGAM_2_S51,102625
49,G3-e003Coalescence-mGAM-p3_S82,0,2148001,A_E3_A4_AE_AA_mBHI_mGAM_2_S51,102625
50,G3-e003Coalescence-mGAM-p5_S74,0,2126090,A_E3_A4_AE_AA_mBHI_mGAM_2_S51,102625
51,E4-e003Coalescence-mGAM-p7_S147,0,2145639,A_E3_A4_AE_AA_mBHI_mGAM_2_S51,102625
52,E4-e003Coalescence-mGAM-p3_S59,0,2087042,A_E3_A4_AE_AA_mBHI_mGAM_2_S51,102625
53,F4-e003Coalescence-mGAM-p3_S71,0,2109664,A_E3_A4_AE_AA_mBHI_mGAM_2_S51,102625
54,F4-e003Coalescence-mGAM-p7_S159,0,2100682,A_E3_A4_AE_AA_mBHI_mGAM_2_S51,102625
55,G2-e003Coalescence-mGAM-p3_S81,0,2106083,A_E3_A4_AE_AA_mBHI_mGAM_2_S51,102625
56,C4-e003Coalescence-mGAM-p1_S738,0,1463124,A_E3_A4_AE_AA_mBHI_mGAM_2_S51,102625
57,D4-e003Coalescence-mGAM-p1_S739,0,1848658,A_E3_A4_AE_AA_mBHI_mGAM_2_S51,102625
58,B4-e003Coalescence-mGAM-p1_S737,1,1405634,A_E3_A4_AE_AA_mBHI_mGAM_2_S51,102625
59,Coalescence-E5-C4-AE-AE-mBHI-mBHI-3_S672,0,2109217,A_E3_A4_AE_AA_mBHI_mGAM_2_S51,102625
60,Coalescence-C6-A4-AA-AE-mBHI-mGAM-5_S649,0,2160650,A_E3_A4_AE_AA_mBHI_mGAM_2_S51,102625
61,Coalescence-D12-B4-ACPP-AE-mBHI-mGAM-3_S667,0,2160583,A_E3_A4_AE_AA_mBHI_mGAM_2_S51,102625
62,Coalescence-D8-A4-AA-AE-mBHI-mGAM-3_S663,0,2106366,A_E3_A4_AE_AA_mBHI_mGAM_2_S51,102625
63,Coalescence-B9-G3-ACPP-AE-mBHI-mGAM-7_S640,0,2145029,A_E3_A4_AE_AA_mBHI_mGAM_2_S51,102625
64,Coalescence-E4-C3-ACPP-AE-mBHI-mBHI-3_S671,0,1231438,A_E3_A4_AE_AA_mBHI_mGAM_2_S51,102625
65,D_F11_e003Assembly_S359,1,2166211,A_E3_A4_AE_AA_mBHI_mGAM_2_S51,102625
66,C_C2_e003Assembly_S218,0,2063067,A_E3_A4_AE_AA_mBHI_mGAM_2_S51,102625
67,C_C6_e003Assembly_S222,0,1156589,A_E3_A4_AE_AA_mBHI_mGAM_2_S51,102625
68,C_G6_e003Assembly_S270,1,1957903,A_E3_A4_AE_AA_mBHI_mGAM_2_S51,102625
0,A_C3_C4_AE_AE_mBHI_mBHI_2_S27,0,1830153,A_E11_A4_AE_AA_mBHI_mGAM_4_S59,102625
1,A_C4_C5_AF_AE_mBHI_mBHI_2_S28,0,1831891,A_E11_A4_AE_AA_mBHI_mGAM_4_S59,102625
2,A_C11_C4_AE_AE_mBHI_mBHI_4_S35,0,1830141,A_E11_A4_AE_AA_mBHI_mGAM_4_S59,102625
3,A_D11_D4_AE_AF_mBHI_mBHI_4_S47,0,1191497,A_E11_A4_AE_AA_mBHI_mGAM_4_S59,102625
4,A_E3_A4_AE_AA_mBHI_mGAM_2_S51,0,1044170,A_E11_A4_AE_AA_mBHI_mGAM_4_S59,102625
5,A_E11_A4_AE_AA_mBHI_mGAM_4_S59,0,2146010,A_E11_A4_AE_AA_mBHI_mGAM_4_S59,102625
6,A_G1_C2_AA_AE_mBHI_mGAM_2_S73,0,2142841,A_E11_A4_AE_AA_mBHI_mGAM_4_S59,102625
7,A_G3_C4_AE_AE_mBHI_mGAM_2_S75,0,2091004,A_E11_A4_AE_AA_mBHI_mGAM_4_S59,102625
8,A_G4_C5_AF_AE_mBHI_mGAM_2_S76,0,1677063,A_E11_A4_AE_AA_mBHI_mGAM_4_S59,102625
9,A_G9_C2_AA_AE_mBHI_mGAM_4_S81,0,2159450,A_E11_A4_AE_AA_mBHI_mGAM_4_S59,102625
10,A_G10_C3_ACPP_AE_mBHI_mGAM_4_S82,0,2100659,A_E11_A4_AE_AA_mBHI_mGAM_4_S59,102625
11,A_H3_D4_AE_AF_mBHI_mGAM_2_S87,1,1928409,A_E11_A4_AE_AA_mBHI_mGAM_4_S59,102625
12,B_E3_E4_AE_AA_mBHI_mGAM_2_S147,0,1045740,A_E11_A4_AE_AA_mBHI_mGAM_4_S59,102625
13,B_G1_G2_AA_AE_mBHI_mGAM_2_S169,0,2159590,A_E11_A4_AE_AA_mBHI_mGAM_4_S59,102625
14,B_H3_H4_AE_AF_mBHI_mGAM_2_S183,0,1457926,A_E11_A4_AE_AA_mBHI_mGAM_4_S59,102625
15,C_C11_G4_AE_AE_mBHI_mBHI_4_S227,0,1523518,A_E11_A4_AE_AA_mBHI_mGAM_4_S59,102625
16,C_E3_A4_AE_AA_mBHI_mGAM_6_S243,0,2145227,A_E11_A4_AE_AA_mBHI_mGAM_4_S59,102625
17,C_E11_E4_AE_AA_mBHI_mGAM_4_S251,0,2164170,A_E11_A4_AE_AA_mBHI_mGAM_4_S59,102625
18,C_G3_C4_AE_AE_mBHI_mGAM_6_S267,0,1555228,A_E11_A4_AE_AA_mBHI_mGAM_4_S59,102625
19,C_G11_G4_AE_AE_mBHI_mGAM_4_S275,0,2041192,A_E11_A4_AE_AA_mBHI_mGAM_4_S59,102625
20,C_H11_H4_AE_AF_mBHI_mGAM_4_S287,0,1662792,A_E11_A4_AE_AA_mBHI_mGAM_4_S59,102625
21,D_E3_A4_AE_AA_mBHI_mGAM_6_S339,0,2168722,A_E11_A4_AE_AA_mBHI_mGAM_4_S59,102625
22,D_G1_C2_AA_AE_mBHI_mGAM_6_S361,0,2165921,A_E11_A4_AE_AA_mBHI_mGAM_4_S59,102625
23,D_G3_C4_AE_AE_mBHI_mGAM_6_S363,0,2139279,A_E11_A4_AE_AA_mBHI_mGAM_4_S59,102625
24,D_H3_D4_AE_AF_mBHI_mGAM_6_S375,0,1929446,A_E11_A4_AE_AA_mBHI_mGAM_4_S59,102625
25,C4-e003Coalescence-mGAM-p7,38,1507607,A_E11_A4_AE_AA_mBHI_mGAM_4_S59,102625
26,C3-e003Coalescence-mGAM-p3,65,2175580,A_E11_A4_AE_AA_mBHI_mGAM_4_S59,102625
27,C2-e003Coalescence-mGAM-p7,64,2190353,A_E11_A4_AE_AA_mBHI_mGAM_4_S59,102625
28,B4-e003Coalescence-mGAM-p5,59,2112758,A_E11_A4_AE_AA_mBHI_mGAM_4_S59,102625
29,D4-e003Coalescence-mGAM-p5,30,1378041,A_E11_A4_AE_AA_mBHI_mGAM_4_S59,102625
30,C2-e003Coalescence-mGAM-p3,42,1272026,A_E11_A4_AE_AA_mBHI_mGAM_4_S59,102625
31,C4-e003Coalescence-mGAM-p5,43,1470780,A_E11_A4_AE_AA_mBHI_mGAM_4_S59,102625
32,C4-e003Coalescence-mGAM-p3,62,2170545,A_E11_A4_AE_AA_mBHI_mGAM_4_S59,102625
33,C5-e003Coalescence-mGAM-p3,38,1755780,A_E11_A4_AE_AA_mBHI_mGAM_4_S59,102625
34,C3-e003Coalescence-mGAM-p5,59,2102070,A_E11_A4_AE_AA_mBHI_mGAM_4_S59,102625
35,D4-e003Coalescence-mGAM-p3,53,1955064,A_E11_A4_AE_AA_mBHI_mGAM_4_S59,102625
36,C3-e003Coalescence-mGAM-p7,64,2177723,A_E11_A4_AE_AA_mBHI_mGAM_4_S59,102625
37,C2-e003Coalescence-mGAM-p5,58,2091417,A_E11_A4_AE_AA_mBHI_mGAM_4_S59,102625
38,H4-e003Coalescence-mGAM-p7_S183,0,2127707,A_E11_A4_AE_AA_mBHI_mGAM_4_S59,102625
39,G3-e003Coalescence-mBHI-p5_S26,1,1984187,A_E11_A4_AE_AA_mBHI_mGAM_4_S59,102625
40,E4-e003Coalescence-mGAM-p5_S51,1,2046969,A_E11_A4_AE_AA_mBHI_mGAM_4_S59,102625
41,G5-e003Coalescence-mGAM-p3_S84,0,1327011,A_E11_A4_AE_AA_mBHI_mGAM_4_S59,102625
42,G3-e003Coalescence-mBHI-p7_S122,0,2051412,A_E11_A4_AE_AA_mBHI_mGAM_4_S59,102625
43,G5-e003Coalescence-mGAM-p7_S172,0,2000174,A_E11_A4_AE_AA_mBHI_mGAM_4_S59,102625
44,G4-e003Coalescence-mGAM-p5_S75,0,2083119,A_E11_A4_AE_AA_mBHI_mGAM_4_S59,102625
45,G2-e003Coalescence-mGAM-p5_S73,0,2095666,A_E11_A4_AE_AA_mBHI_mGAM_4_S59,102625
46,G4-e003Coalescence-mGAM-p3_S83,0,2123891,A_E11_A4_AE_AA_mBHI_mGAM_4_S59,102625
47,F4-e003Coalescence-mGAM-p5_S63,0,2012196,A_E11_A4_AE_AA_mBHI_mGAM_4_S59,102625
48,G4-e003Coalescence-mGAM-p7_S171,0,1341178,A_E11_A4_AE_AA_mBHI_mGAM_4_S59,102625
49,G3-e003Coalescence-mGAM-p3_S82,0,2148001,A_E11_A4_AE_AA_mBHI_mGAM_4_S59,102625
50,G3-e003Coalescence-mGAM-p5_S74,0,2126090,A_E11_A4_AE_AA_mBHI_mGAM_4_S59,102625
51,E4-e003Coalescence-mGAM-p7_S147,0,2145639,A_E11_A4_AE_AA_mBHI_mGAM_4_S59,102625
52,E4-e003Coalescence-mGAM-p3_S59,0,2087042,A_E11_A4_AE_AA_mBHI_mGAM_4_S59,102625
53,F4-e003Coalescence-mGAM-p3_S71,0,2109664,A_E11_A4_AE_AA_mBHI_mGAM_4_S59,102625
54,F4-e003Coalescence-mGAM-p7_S159,0,2100682,A_E11_A4_AE_AA_mBHI_mGAM_4_S59,102625
55,G2-e003Coalescence-mGAM-p3_S81,0,2106083,A_E11_A4_AE_AA_mBHI_mGAM_4_S59,102625
56,C4-e003Coalescence-mGAM-p1_S738,0,1463124,A_E11_A4_AE_AA_mBHI_mGAM_4_S59,102625
57,D4-e003Coalescence-mGAM-p1_S739,0,1848658,A_E11_A4_AE_AA_mBHI_mGAM_4_S59,102625
58,B4-e003Coalescence-mGAM-p1_S737,0,1405634,A_E11_A4_AE_AA_mBHI_mGAM_4_S59,102625
59,Coalescence-E5-C4-AE-AE-mBHI-mBHI-3_S672,0,2109217,A_E11_A4_AE_AA_mBHI_mGAM_4_S59,102625
60,Coalescence-C6-A4-AA-AE-mBHI-mGAM-5_S649,0,2160650,A_E11_A4_AE_AA_mBHI_mGAM_4_S59,102625
61,Coalescence-D12-B4-ACPP-AE-mBHI-mGAM-3_S667,0,2160583,A_E11_A4_AE_AA_mBHI_mGAM_4_S59,102625
62,Coalescence-D8-A4-AA-AE-mBHI-mGAM-3_S663,0,2106366,A_E11_A4_AE_AA_mBHI_mGAM_4_S59,102625
63,Coalescence-B9-G3-ACPP-AE-mBHI-mGAM-7_S640,0,2145029,A_E11_A4_AE_AA_mBHI_mGAM_4_S59,102625
64,Coalescence-E4-C3-ACPP-AE-mBHI-mBHI-3_S671,0,1231438,A_E11_A4_AE_AA_mBHI_mGAM_4_S59,102625
65,D_F11_e003Assembly_S359,1,2166211,A_E11_A4_AE_AA_mBHI_mGAM_4_S59,102625
66,C_C2_e003Assembly_S218,0,2063067,A_E11_A4_AE_AA_mBHI_mGAM_4_S59,102625
67,C_C6_e003Assembly_S222,0,1156589,A_E11_A4_AE_AA_mBHI_mGAM_4_S59,102625
68,C_G6_e003Assembly_S270,1,1957903,A_E11_A4_AE_AA_mBHI_mGAM_4_S59,102625
0,A_C3_C4_AE_AE_mBHI_mBHI_2_S27,0,1830153,A_G1_C2_AA_AE_mBHI_mGAM_2_S73,102625
1,A_C4_C5_AF_AE_mBHI_mBHI_2_S28,0,1831891,A_G1_C2_AA_AE_mBHI_mGAM_2_S73,102625
2,A_C11_C4_AE_AE_mBHI_mBHI_4_S35,0,1830141,A_G1_C2_AA_AE_mBHI_mGAM_2_S73,102625
3,A_D11_D4_AE_AF_mBHI_mBHI_4_S47,2,1191497,A_G1_C2_AA_AE_mBHI_mGAM_2_S73,102625
4,A_E3_A4_AE_AA_mBHI_mGAM_2_S51,0,1044170,A_G1_C2_AA_AE_mBHI_mGAM_2_S73,102625
5,A_E11_A4_AE_AA_mBHI_mGAM_4_S59,0,2146010,A_G1_C2_AA_AE_mBHI_mGAM_2_S73,102625
6,A_G1_C2_AA_AE_mBHI_mGAM_2_S73,0,2142841,A_G1_C2_AA_AE_mBHI_mGAM_2_S73,102625
7,A_G3_C4_AE_AE_mBHI_mGAM_2_S75,0,2091004,A_G1_C2_AA_AE_mBHI_mGAM_2_S73,102625
8,A_G4_C5_AF_AE_mBHI_mGAM_2_S76,0,1677063,A_G1_C2_AA_AE_mBHI_mGAM_2_S73,102625
9,A_G9_C2_AA_AE_mBHI_mGAM_4_S81,0,2159450,A_G1_C2_AA_AE_mBHI_mGAM_2_S73,102625
10,A_G10_C3_ACPP_AE_mBHI_mGAM_4_S82,0,2100659,A_G1_C2_AA_AE_mBHI_mGAM_2_S73,102625
11,A_H3_D4_AE_AF_mBHI_mGAM_2_S87,2,1928409,A_G1_C2_AA_AE_mBHI_mGAM_2_S73,102625
12,B_E3_E4_AE_AA_mBHI_mGAM_2_S147,0,1045740,A_G1_C2_AA_AE_mBHI_mGAM_2_S73,102625
13,B_G1_G2_AA_AE_mBHI_mGAM_2_S169,0,2159590,A_G1_C2_AA_AE_mBHI_mGAM_2_S73,102625
14,B_H3_H4_AE_AF_mBHI_mGAM_2_S183,0,1457926,A_G1_C2_AA_AE_mBHI_mGAM_2_S73,102625
15,C_C11_G4_AE_AE_mBHI_mBHI_4_S227,0,1523518,A_G1_C2_AA_AE_mBHI_mGAM_2_S73,102625
16,C_E3_A4_AE_AA_mBHI_mGAM_6_S243,0,2145227,A_G1_C2_AA_AE_mBHI_mGAM_2_S73,102625
17,C_E11_E4_AE_AA_mBHI_mGAM_4_S251,0,2164170,A_G1_C2_AA_AE_mBHI_mGAM_2_S73,102625
18,C_G3_C4_AE_AE_mBHI_mGAM_6_S267,0,1555228,A_G1_C2_AA_AE_mBHI_mGAM_2_S73,102625
19,C_G11_G4_AE_AE_mBHI_mGAM_4_S275,0,2041192,A_G1_C2_AA_AE_mBHI_mGAM_2_S73,102625
20,C_H11_H4_AE_AF_mBHI_mGAM_4_S287,0,1662792,A_G1_C2_AA_AE_mBHI_mGAM_2_S73,102625
21,D_E3_A4_AE_AA_mBHI_mGAM_6_S339,0,2168722,A_G1_C2_AA_AE_mBHI_mGAM_2_S73,102625
22,D_G1_C2_AA_AE_mBHI_mGAM_6_S361,0,2165921,A_G1_C2_AA_AE_mBHI_mGAM_2_S73,102625
23,D_G3_C4_AE_AE_mBHI_mGAM_6_S363,0,2139279,A_G1_C2_AA_AE_mBHI_mGAM_2_S73,102625
24,D_H3_D4_AE_AF_mBHI_mGAM_6_S375,0,1929446,A_G1_C2_AA_AE_mBHI_mGAM_2_S73,102625
25,C4-e003Coalescence-mGAM-p7,37,1507607,A_G1_C2_AA_AE_mBHI_mGAM_2_S73,102625
26,C3-e003Coalescence-mGAM-p3,61,2175580,A_G1_C2_AA_AE_mBHI_mGAM_2_S73,102625
27,C2-e003Coalescence-mGAM-p7,58,2190353,A_G1_C2_AA_AE_mBHI_mGAM_2_S73,102625
28,B4-e003Coalescence-mGAM-p5,56,2112758,A_G1_C2_AA_AE_mBHI_mGAM_2_S73,102625
29,D4-e003Coalescence-mGAM-p5,33,1378041,A_G1_C2_AA_AE_mBHI_mGAM_2_S73,102625
30,C2-e003Coalescence-mGAM-p3,36,1272026,A_G1_C2_AA_AE_mBHI_mGAM_2_S73,102625
31,C4-e003Coalescence-mGAM-p5,40,1470780,A_G1_C2_AA_AE_mBHI_mGAM_2_S73,102625
32,C4-e003Coalescence-mGAM-p3,57,2170545,A_G1_C2_AA_AE_mBHI_mGAM_2_S73,102625
33,C5-e003Coalescence-mGAM-p3,35,1755780,A_G1_C2_AA_AE_mBHI_mGAM_2_S73,102625
34,C3-e003Coalescence-mGAM-p5,55,2102070,A_G1_C2_AA_AE_mBHI_mGAM_2_S73,102625
35,D4-e003Coalescence-mGAM-p3,48,1955064,A_G1_C2_AA_AE_mBHI_mGAM_2_S73,102625
36,C3-e003Coalescence-mGAM-p7,59,2177723,A_G1_C2_AA_AE_mBHI_mGAM_2_S73,102625
37,C2-e003Coalescence-mGAM-p5,52,2091417,A_G1_C2_AA_AE_mBHI_mGAM_2_S73,102625
38,H4-e003Coalescence-mGAM-p7_S183,0,2127707,A_G1_C2_AA_AE_mBHI_mGAM_2_S73,102625
39,G3-e003Coalescence-mBHI-p5_S26,0,1984187,A_G1_C2_AA_AE_mBHI_mGAM_2_S73,102625
40,E4-e003Coalescence-mGAM-p5_S51,0,2046969,A_G1_C2_AA_AE_mBHI_mGAM_2_S73,102625
41,G5-e003Coalescence-mGAM-p3_S84,0,1327011,A_G1_C2_AA_AE_mBHI_mGAM_2_S73,102625
42,G3-e003Coalescence-mBHI-p7_S122,0,2051412,A_G1_C2_AA_AE_mBHI_mGAM_2_S73,102625
43,G5-e003Coalescence-mGAM-p7_S172,0,2000174,A_G1_C2_AA_AE_mBHI_mGAM_2_S73,102625
44,G4-e003Coalescence-mGAM-p5_S75,0,2083119,A_G1_C2_AA_AE_mBHI_mGAM_2_S73,102625
45,G2-e003Coalescence-mGAM-p5_S73,0,2095666,A_G1_C2_AA_AE_mBHI_mGAM_2_S73,102625
46,G4-e003Coalescence-mGAM-p3_S83,0,2123891,A_G1_C2_AA_AE_mBHI_mGAM_2_S73,102625
47,F4-e003Coalescence-mGAM-p5_S63,0,2012196,A_G1_C2_AA_AE_mBHI_mGAM_2_S73,102625
48,G4-e003Coalescence-mGAM-p7_S171,0,1341178,A_G1_C2_AA_AE_mBHI_mGAM_2_S73,102625
49,G3-e003Coalescence-mGAM-p3_S82,0,2148001,A_G1_C2_AA_AE_mBHI_mGAM_2_S73,102625
50,G3-e003Coalescence-mGAM-p5_S74,0,2126090,A_G1_C2_AA_AE_mBHI_mGAM_2_S73,102625
51,E4-e003Coalescence-mGAM-p7_S147,0,2145639,A_G1_C2_AA_AE_mBHI_mGAM_2_S73,102625
52,E4-e003Coalescence-mGAM-p3_S59,0,2087042,A_G1_C2_AA_AE_mBHI_mGAM_2_S73,102625
53,F4-e003Coalescence-mGAM-p3_S71,0,2109664,A_G1_C2_AA_AE_mBHI_mGAM_2_S73,102625
54,F4-e003Coalescence-mGAM-p7_S159,0,2100682,A_G1_C2_AA_AE_mBHI_mGAM_2_S73,102625
55,G2-e003Coalescence-mGAM-p3_S81,0,2106083,A_G1_C2_AA_AE_mBHI_mGAM_2_S73,102625
56,C4-e003Coalescence-mGAM-p1_S738,0,1463124,A_G1_C2_AA_AE_mBHI_mGAM_2_S73,102625
57,D4-e003Coalescence-mGAM-p1_S739,0,1848658,A_G1_C2_AA_AE_mBHI_mGAM_2_S73,102625
58,B4-e003Coalescence-mGAM-p1_S737,0,1405634,A_G1_C2_AA_AE_mBHI_mGAM_2_S73,102625
59,Coalescence-E5-C4-AE-AE-mBHI-mBHI-3_S672,0,2109217,A_G1_C2_AA_AE_mBHI_mGAM_2_S73,102625
60,Coalescence-C6-A4-AA-AE-mBHI-mGAM-5_S649,0,2160650,A_G1_C2_AA_AE_mBHI_mGAM_2_S73,102625
61,Coalescence-D12-B4-ACPP-AE-mBHI-mGAM-3_S667,0,2160583,A_G1_C2_AA_AE_mBHI_mGAM_2_S73,102625
62,Coalescence-D8-A4-AA-AE-mBHI-mGAM-3_S663,0,2106366,A_G1_C2_AA_AE_mBHI_mGAM_2_S73,102625
63,Coalescence-B9-G3-ACPP-AE-mBHI-mGAM-7_S640,0,2145029,A_G1_C2_AA_AE_mBHI_mGAM_2_S73,102625
64,Coalescence-E4-C3-ACPP-AE-mBHI-mBHI-3_S671,0,1231438,A_G1_C2_AA_AE_mBHI_mGAM_2_S73,102625
65,D_F11_e003Assembly_S359,1,2166211,A_G1_C2_AA_AE_mBHI_mGAM_2_S73,102625
66,C_C2_e003Assembly_S218,0,2063067,A_G1_C2_AA_AE_mBHI_mGAM_2_S73,102625
67,C_C6_e003Assembly_S222,0,1156589,A_G1_C2_AA_AE_mBHI_mGAM_2_S73,102625
68,C_G6_e003Assembly_S270,1,1957903,A_G1_C2_AA_AE_mBHI_mGAM_2_S73,102625
0,A_C3_C4_AE_AE_mBHI_mBHI_2_S27,1,1830153,A_G3_C4_AE_AE_mBHI_mGAM_2_S75,102625
1,A_C4_C5_AF_AE_mBHI_mBHI_2_S28,0,1831891,A_G3_C4_AE_AE_mBHI_mGAM_2_S75,102625
2,A_C11_C4_AE_AE_mBHI_mBHI_4_S35,0,1830141,A_G3_C4_AE_AE_mBHI_mGAM_2_S75,102625
3,A_D11_D4_AE_AF_mBHI_mBHI_4_S47,2,1191497,A_G3_C4_AE_AE_mBHI_mGAM_2_S75,102625
4,A_E3_A4_AE_AA_mBHI_mGAM_2_S51,0,1044170,A_G3_C4_AE_AE_mBHI_mGAM_2_S75,102625
5,A_E11_A4_AE_AA_mBHI_mGAM_4_S59,0,2146010,A_G3_C4_AE_AE_mBHI_mGAM_2_S75,102625
6,A_G1_C2_AA_AE_mBHI_mGAM_2_S73,0,2142841,A_G3_C4_AE_AE_mBHI_mGAM_2_S75,102625
7,A_G3_C4_AE_AE_mBHI_mGAM_2_S75,0,2091004,A_G3_C4_AE_AE_mBHI_mGAM_2_S75,102625
8,A_G4_C5_AF_AE_mBHI_mGAM_2_S76,0,1677063,A_G3_C4_AE_AE_mBHI_mGAM_2_S75,102625
9,A_G9_C2_AA_AE_mBHI_mGAM_4_S81,0,2159450,A_G3_C4_AE_AE_mBHI_mGAM_2_S75,102625
10,A_G10_C3_ACPP_AE_mBHI_mGAM_4_S82,1,2100659,A_G3_C4_AE_AE_mBHI_mGAM_2_S75,102625
11,A_H3_D4_AE_AF_mBHI_mGAM_2_S87,0,1928409,A_G3_C4_AE_AE_mBHI_mGAM_2_S75,102625
12,B_E3_E4_AE_AA_mBHI_mGAM_2_S147,0,1045740,A_G3_C4_AE_AE_mBHI_mGAM_2_S75,102625
13,B_G1_G2_AA_AE_mBHI_mGAM_2_S169,0,2159590,A_G3_C4_AE_AE_mBHI_mGAM_2_S75,102625
14,B_H3_H4_AE_AF_mBHI_mGAM_2_S183,0,1457926,A_G3_C4_AE_AE_mBHI_mGAM_2_S75,102625
15,C_C11_G4_AE_AE_mBHI_mBHI_4_S227,0,1523518,A_G3_C4_AE_AE_mBHI_mGAM_2_S75,102625
16,C_E3_A4_AE_AA_mBHI_mGAM_6_S243,0,2145227,A_G3_C4_AE_AE_mBHI_mGAM_2_S75,102625
17,C_E11_E4_AE_AA_mBHI_mGAM_4_S251,0,2164170,A_G3_C4_AE_AE_mBHI_mGAM_2_S75,102625
18,C_G3_C4_AE_AE_mBHI_mGAM_6_S267,0,1555228,A_G3_C4_AE_AE_mBHI_mGAM_2_S75,102625
19,C_G11_G4_AE_AE_mBHI_mGAM_4_S275,0,2041192,A_G3_C4_AE_AE_mBHI_mGAM_2_S75,102625
20,C_H11_H4_AE_AF_mBHI_mGAM_4_S287,1,1662792,A_G3_C4_AE_AE_mBHI_mGAM_2_S75,102625
21,D_E3_A4_AE_AA_mBHI_mGAM_6_S339,0,2168722,A_G3_C4_AE_AE_mBHI_mGAM_2_S75,102625
22,D_G1_C2_AA_AE_mBHI_mGAM_6_S361,0,2165921,A_G3_C4_AE_AE_mBHI_mGAM_2_S75,102625
23,D_G3_C4_AE_AE_mBHI_mGAM_6_S363,0,2139279,A_G3_C4_AE_AE_mBHI_mGAM_2_S75,102625
24,D_H3_D4_AE_AF_mBHI_mGAM_6_S375,0,1929446,A_G3_C4_AE_AE_mBHI_mGAM_2_S75,102625
25,C4-e003Coalescence-mGAM-p7,37,1507607,A_G3_C4_AE_AE_mBHI_mGAM_2_S75,102625
26,C3-e003Coalescence-mGAM-p3,60,2175580,A_G3_C4_AE_AE_mBHI_mGAM_2_S75,102625
27,C2-e003Coalescence-mGAM-p7,60,2190353,A_G3_C4_AE_AE_mBHI_mGAM_2_S75,102625
28,B4-e003Coalescence-mGAM-p5,53,2112758,A_G3_C4_AE_AE_mBHI_mGAM_2_S75,102625
29,D4-e003Coalescence-mGAM-p5,33,1378041,A_G3_C4_AE_AE_mBHI_mGAM_2_S75,102625
30,C2-e003Coalescence-mGAM-p3,39,1272026,A_G3_C4_AE_AE_mBHI_mGAM_2_S75,102625
31,C4-e003Coalescence-mGAM-p5,43,1470780,A_G3_C4_AE_AE_mBHI_mGAM_2_S75,102625
32,C4-e003Coalescence-mGAM-p3,58,2170545,A_G3_C4_AE_AE_mBHI_mGAM_2_S75,102625
33,C5-e003Coalescence-mGAM-p3,36,1755780,A_G3_C4_AE_AE_mBHI_mGAM_2_S75,102625
34,C3-e003Coalescence-mGAM-p5,60,2102070,A_G3_C4_AE_AE_mBHI_mGAM_2_S75,102625
35,D4-e003Coalescence-mGAM-p3,55,1955064,A_G3_C4_AE_AE_mBHI_mGAM_2_S75,102625
36,C3-e003Coalescence-mGAM-p7,60,2177723,A_G3_C4_AE_AE_mBHI_mGAM_2_S75,102625
37,C2-e003Coalescence-mGAM-p5,53,2091417,A_G3_C4_AE_AE_mBHI_mGAM_2_S75,102625
38,H4-e003Coalescence-mGAM-p7_S183,0,2127707,A_G3_C4_AE_AE_mBHI_mGAM_2_S75,102625
39,G3-e003Coalescence-mBHI-p5_S26,2,1984187,A_G3_C4_AE_AE_mBHI_mGAM_2_S75,102625
40,E4-e003Coalescence-mGAM-p5_S51,1,2046969,A_G3_C4_AE_AE_mBHI_mGAM_2_S75,102625
41,G5-e003Coalescence-mGAM-p3_S84,0,1327011,A_G3_C4_AE_AE_mBHI_mGAM_2_S75,102625
42,G3-e003Coalescence-mBHI-p7_S122,0,2051412,A_G3_C4_AE_AE_mBHI_mGAM_2_S75,102625
43,G5-e003Coalescence-mGAM-p7_S172,0,2000174,A_G3_C4_AE_AE_mBHI_mGAM_2_S75,102625
44,G4-e003Coalescence-mGAM-p5_S75,0,2083119,A_G3_C4_AE_AE_mBHI_mGAM_2_S75,102625
45,G2-e003Coalescence-mGAM-p5_S73,0,2095666,A_G3_C4_AE_AE_mBHI_mGAM_2_S75,102625
46,G4-e003Coalescence-mGAM-p3_S83,0,2123891,A_G3_C4_AE_AE_mBHI_mGAM_2_S75,102625
47,F4-e003Coalescence-mGAM-p5_S63,0,2012196,A_G3_C4_AE_AE_mBHI_mGAM_2_S75,102625
48,G4-e003Coalescence-mGAM-p7_S171,0,1341178,A_G3_C4_AE_AE_mBHI_mGAM_2_S75,102625
49,G3-e003Coalescence-mGAM-p3_S82,0,2148001,A_G3_C4_AE_AE_mBHI_mGAM_2_S75,102625
50,G3-e003Coalescence-mGAM-p5_S74,0,2126090,A_G3_C4_AE_AE_mBHI_mGAM_2_S75,102625
51,E4-e003Coalescence-mGAM-p7_S147,0,2145639,A_G3_C4_AE_AE_mBHI_mGAM_2_S75,102625
52,E4-e003Coalescence-mGAM-p3_S59,0,2087042,A_G3_C4_AE_AE_mBHI_mGAM_2_S75,102625
53,F4-e003Coalescence-mGAM-p3_S71,0,2109664,A_G3_C4_AE_AE_mBHI_mGAM_2_S75,102625
54,F4-e003Coalescence-mGAM-p7_S159,0,2100682,A_G3_C4_AE_AE_mBHI_mGAM_2_S75,102625
55,G2-e003Coalescence-mGAM-p3_S81,0,2106083,A_G3_C4_AE_AE_mBHI_mGAM_2_S75,102625
56,C4-e003Coalescence-mGAM-p1_S738,0,1463124,A_G3_C4_AE_AE_mBHI_mGAM_2_S75,102625
57,D4-e003Coalescence-mGAM-p1_S739,0,1848658,A_G3_C4_AE_AE_mBHI_mGAM_2_S75,102625
58,B4-e003Coalescence-mGAM-p1_S737,0,1405634,A_G3_C4_AE_AE_mBHI_mGAM_2_S75,102625
59,Coalescence-E5-C4-AE-AE-mBHI-mBHI-3_S672,0,2109217,A_G3_C4_AE_AE_mBHI_mGAM_2_S75,102625
60,Coalescence-C6-A4-AA-AE-mBHI-mGAM-5_S649,0,2160650,A_G3_C4_AE_AE_mBHI_mGAM_2_S75,102625
61,Coalescence-D12-B4-ACPP-AE-mBHI-mGAM-3_S667,0,2160583,A_G3_C4_AE_AE_mBHI_mGAM_2_S75,102625
62,Coalescence-D8-A4-AA-AE-mBHI-mGAM-3_S663,0,2106366,A_G3_C4_AE_AE_mBHI_mGAM_2_S75,102625
63,Coalescence-B9-G3-ACPP-AE-mBHI-mGAM-7_S640,0,2145029,A_G3_C4_AE_AE_mBHI_mGAM_2_S75,102625
64,Coalescence-E4-C3-ACPP-AE-mBHI-mBHI-3_S671,1,1231438,A_G3_C4_AE_AE_mBHI_mGAM_2_S75,102625
65,D_F11_e003Assembly_S359,1,2166211,A_G3_C4_AE_AE_mBHI_mGAM_2_S75,102625
66,C_C2_e003Assembly_S218,0,2063067,A_G3_C4_AE_AE_mBHI_mGAM_2_S75,102625
67,C_C6_e003Assembly_S222,0,1156589,A_G3_C4_AE_AE_mBHI_mGAM_2_S75,102625
68,C_G6_e003Assembly_S270,1,1957903,A_G3_C4_AE_AE_mBHI_mGAM_2_S75,102625
0,A_C3_C4_AE_AE_mBHI_mBHI_2_S27,0,1830153,A_G4_C5_AF_AE_mBHI_mGAM_2_S76,102625
1,A_C4_C5_AF_AE_mBHI_mBHI_2_S28,1,1831891,A_G4_C5_AF_AE_mBHI_mGAM_2_S76,102625
2,A_C11_C4_AE_AE_mBHI_mBHI_4_S35,0,1830141,A_G4_C5_AF_AE_mBHI_mGAM_2_S76,102625
3,A_D11_D4_AE_AF_mBHI_mBHI_4_S47,1,1191497,A_G4_C5_AF_AE_mBHI_mGAM_2_S76,102625
4,A_E3_A4_AE_AA_mBHI_mGAM_2_S51,0,1044170,A_G4_C5_AF_AE_mBHI_mGAM_2_S76,102625
5,A_E11_A4_AE_AA_mBHI_mGAM_4_S59,0,2146010,A_G4_C5_AF_AE_mBHI_mGAM_2_S76,102625
6,A_G1_C2_AA_AE_mBHI_mGAM_2_S73,0,2142841,A_G4_C5_AF_AE_mBHI_mGAM_2_S76,102625
7,A_G3_C4_AE_AE_mBHI_mGAM_2_S75,0,2091004,A_G4_C5_AF_AE_mBHI_mGAM_2_S76,102625
8,A_G4_C5_AF_AE_mBHI_mGAM_2_S76,0,1677063,A_G4_C5_AF_AE_mBHI_mGAM_2_S76,102625
9,A_G9_C2_AA_AE_mBHI_mGAM_4_S81,0,2159450,A_G4_C5_AF_AE_mBHI_mGAM_2_S76,102625
10,A_G10_C3_ACPP_AE_mBHI_mGAM_4_S82,0,2100659,A_G4_C5_AF_AE_mBHI_mGAM_2_S76,102625
11,A_H3_D4_AE_AF_mBHI_mGAM_2_S87,0,1928409,A_G4_C5_AF_AE_mBHI_mGAM_2_S76,102625
12,B_E3_E4_AE_AA_mBHI_mGAM_2_S147,0,1045740,A_G4_C5_AF_AE_mBHI_mGAM_2_S76,102625
13,B_G1_G2_AA_AE_mBHI_mGAM_2_S169,0,2159590,A_G4_C5_AF_AE_mBHI_mGAM_2_S76,102625
14,B_H3_H4_AE_AF_mBHI_mGAM_2_S183,0,1457926,A_G4_C5_AF_AE_mBHI_mGAM_2_S76,102625
15,C_C11_G4_AE_AE_mBHI_mBHI_4_S227,1,1523518,A_G4_C5_AF_AE_mBHI_mGAM_2_S76,102625
16,C_E3_A4_AE_AA_mBHI_mGAM_6_S243,0,2145227,A_G4_C5_AF_AE_mBHI_mGAM_2_S76,102625
17,C_E11_E4_AE_AA_mBHI_mGAM_4_S251,0,2164170,A_G4_C5_AF_AE_mBHI_mGAM_2_S76,102625
18,C_G3_C4_AE_AE_mBHI_mGAM_6_S267,0,1555228,A_G4_C5_AF_AE_mBHI_mGAM_2_S76,102625
19,C_G11_G4_AE_AE_mBHI_mGAM_4_S275,0,2041192,A_G4_C5_AF_AE_mBHI_mGAM_2_S76,102625
20,C_H11_H4_AE_AF_mBHI_mGAM_4_S287,0,1662792,A_G4_C5_AF_AE_mBHI_mGAM_2_S76,102625
21,D_E3_A4_AE_AA_mBHI_mGAM_6_S339,0,2168722,A_G4_C5_AF_AE_mBHI_mGAM_2_S76,102625
22,D_G1_C2_AA_AE_mBHI_mGAM_6_S361,0,2165921,A_G4_C5_AF_AE_mBHI_mGAM_2_S76,102625
23,D_G3_C4_AE_AE_mBHI_mGAM_6_S363,0,2139279,A_G4_C5_AF_AE_mBHI_mGAM_2_S76,102625
24,D_H3_D4_AE_AF_mBHI_mGAM_6_S375,0,1929446,A_G4_C5_AF_AE_mBHI_mGAM_2_S76,102625
25,C4-e003Coalescence-mGAM-p7,28,1507607,A_G4_C5_AF_AE_mBHI_mGAM_2_S76,102625
26,C3-e003Coalescence-mGAM-p3,40,2175580,A_G4_C5_AF_AE_mBHI_mGAM_2_S76,102625
27,C2-e003Coalescence-mGAM-p7,43,2190353,A_G4_C5_AF_AE_mBHI_mGAM_2_S76,102625
28,B4-e003Coalescence-mGAM-p5,41,2112758,A_G4_C5_AF_AE_mBHI_mGAM_2_S76,102625
29,D4-e003Coalescence-mGAM-p5,20,1378041,A_G4_C5_AF_AE_mBHI_mGAM_2_S76,102625
30,C2-e003Coalescence-mGAM-p3,27,1272026,A_G4_C5_AF_AE_mBHI_mGAM_2_S76,102625
31,C4-e003Coalescence-mGAM-p5,28,1470780,A_G4_C5_AF_AE_mBHI_mGAM_2_S76,102625
32,C4-e003Coalescence-mGAM-p3,42,2170545,A_G4_C5_AF_AE_mBHI_mGAM_2_S76,102625
33,C5-e003Coalescence-mGAM-p3,28,1755780,A_G4_C5_AF_AE_mBHI_mGAM_2_S76,102625
34,C3-e003Coalescence-mGAM-p5,40,2102070,A_G4_C5_AF_AE_mBHI_mGAM_2_S76,102625
35,D4-e003Coalescence-mGAM-p3,34,1955064,A_G4_C5_AF_AE_mBHI_mGAM_2_S76,102625
36,C3-e003Coalescence-mGAM-p7,43,2177723,A_G4_C5_AF_AE_mBHI_mGAM_2_S76,102625
37,C2-e003Coalescence-mGAM-p5,34,2091417,A_G4_C5_AF_AE_mBHI_mGAM_2_S76,102625
38,H4-e003Coalescence-mGAM-p7_S183,0,2127707,A_G4_C5_AF_AE_mBHI_mGAM_2_S76,102625
39,G3-e003Coalescence-mBHI-p5_S26,1,1984187,A_G4_C5_AF_AE_mBHI_mGAM_2_S76,102625
40,E4-e003Coalescence-mGAM-p5_S51,0,2046969,A_G4_C5_AF_AE_mBHI_mGAM_2_S76,102625
41,G5-e003Coalescence-mGAM-p3_S84,0,1327011,A_G4_C5_AF_AE_mBHI_mGAM_2_S76,102625
42,G3-e003Coalescence-mBHI-p7_S122,0,2051412,A_G4_C5_AF_AE_mBHI_mGAM_2_S76,102625
43,G5-e003Coalescence-mGAM-p7_S172,0,2000174,A_G4_C5_AF_AE_mBHI_mGAM_2_S76,102625
44,G4-e003Coalescence-mGAM-p5_S75,0,2083119,A_G4_C5_AF_AE_mBHI_mGAM_2_S76,102625
45,G2-e003Coalescence-mGAM-p5_S73,0,2095666,A_G4_C5_AF_AE_mBHI_mGAM_2_S76,102625
46,G4-e003Coalescence-mGAM-p3_S83,0,2123891,A_G4_C5_AF_AE_mBHI_mGAM_2_S76,102625
47,F4-e003Coalescence-mGAM-p5_S63,0,2012196,A_G4_C5_AF_AE_mBHI_mGAM_2_S76,102625
48,G4-e003Coalescence-mGAM-p7_S171,0,1341178,A_G4_C5_AF_AE_mBHI_mGAM_2_S76,102625
49,G3-e003Coalescence-mGAM-p3_S82,0,2148001,A_G4_C5_AF_AE_mBHI_mGAM_2_S76,102625
50,G3-e003Coalescence-mGAM-p5_S74,0,2126090,A_G4_C5_AF_AE_mBHI_mGAM_2_S76,102625
51,E4-e003Coalescence-mGAM-p7_S147,0,2145639,A_G4_C5_AF_AE_mBHI_mGAM_2_S76,102625
52,E4-e003Coalescence-mGAM-p3_S59,0,2087042,A_G4_C5_AF_AE_mBHI_mGAM_2_S76,102625
53,F4-e003Coalescence-mGAM-p3_S71,0,2109664,A_G4_C5_AF_AE_mBHI_mGAM_2_S76,102625
54,F4-e003Coalescence-mGAM-p7_S159,0,2100682,A_G4_C5_AF_AE_mBHI_mGAM_2_S76,102625
55,G2-e003Coalescence-mGAM-p3_S81,0,2106083,A_G4_C5_AF_AE_mBHI_mGAM_2_S76,102625
56,C4-e003Coalescence-mGAM-p1_S738,0,1463124,A_G4_C5_AF_AE_mBHI_mGAM_2_S76,102625
57,D4-e003Coalescence-mGAM-p1_S739,1,1848658,A_G4_C5_AF_AE_mBHI_mGAM_2_S76,102625
58,B4-e003Coalescence-mGAM-p1_S737,0,1405634,A_G4_C5_AF_AE_mBHI_mGAM_2_S76,102625
59,Coalescence-E5-C4-AE-AE-mBHI-mBHI-3_S672,0,2109217,A_G4_C5_AF_AE_mBHI_mGAM_2_S76,102625
60,Coalescence-C6-A4-AA-AE-mBHI-mGAM-5_S649,0,2160650,A_G4_C5_AF_AE_mBHI_mGAM_2_S76,102625
61,Coalescence-D12-B4-ACPP-AE-mBHI-mGAM-3_S667,0,2160583,A_G4_C5_AF_AE_mBHI_mGAM_2_S76,102625
62,Coalescence-D8-A4-AA-AE-mBHI-mGAM-3_S663,0,2106366,A_G4_C5_AF_AE_mBHI_mGAM_2_S76,102625
63,Coalescence-B9-G3-ACPP-AE-mBHI-mGAM-7_S640,0,2145029,A_G4_C5_AF_AE_mBHI_mGAM_2_S76,102625
64,Coalescence-E4-C3-ACPP-AE-mBHI-mBHI-3_S671,0,1231438,A_G4_C5_AF_AE_mBHI_mGAM_2_S76,102625
65,D_F11_e003Assembly_S359,0,2166211,A_G4_C5_AF_AE_mBHI_mGAM_2_S76,102625
66,C_C2_e003Assembly_S218,0,2063067,A_G4_C5_AF_AE_mBHI_mGAM_2_S76,102625
67,C_C6_e003Assembly_S222,2,1156589,A_G4_C5_AF_AE_mBHI_mGAM_2_S76,102625
68,C_G6_e003Assembly_S270,0,1957903,A_G4_C5_AF_AE_mBHI_mGAM_2_S76,102625
0,A_C3_C4_AE_AE_mBHI_mBHI_2_S27,0,1830153,A_G9_C2_AA_AE_mBHI_mGAM_4_S81,102625
1,A_C4_C5_AF_AE_mBHI_mBHI_2_S28,0,1831891,A_G9_C2_AA_AE_mBHI_mGAM_4_S81,102625
2,A_C11_C4_AE_AE_mBHI_mBHI_4_S35,0,1830141,A_G9_C2_AA_AE_mBHI_mGAM_4_S81,102625
3,A_D11_D4_AE_AF_mBHI_mBHI_4_S47,0,1191497,A_G9_C2_AA_AE_mBHI_mGAM_4_S81,102625
4,A_E3_A4_AE_AA_mBHI_mGAM_2_S51,0,1044170,A_G9_C2_AA_AE_mBHI_mGAM_4_S81,102625
5,A_E11_A4_AE_AA_mBHI_mGAM_4_S59,0,2146010,A_G9_C2_AA_AE_mBHI_mGAM_4_S81,102625
6,A_G1_C2_AA_AE_mBHI_mGAM_2_S73,0,2142841,A_G9_C2_AA_AE_mBHI_mGAM_4_S81,102625
7,A_G3_C4_AE_AE_mBHI_mGAM_2_S75,0,2091004,A_G9_C2_AA_AE_mBHI_mGAM_4_S81,102625
8,A_G4_C5_AF_AE_mBHI_mGAM_2_S76,0,1677063,A_G9_C2_AA_AE_mBHI_mGAM_4_S81,102625
9,A_G9_C2_AA_AE_mBHI_mGAM_4_S81,0,2159450,A_G9_C2_AA_AE_mBHI_mGAM_4_S81,102625
10,A_G10_C3_ACPP_AE_mBHI_mGAM_4_S82,0,2100659,A_G9_C2_AA_AE_mBHI_mGAM_4_S81,102625
11,A_H3_D4_AE_AF_mBHI_mGAM_2_S87,0,1928409,A_G9_C2_AA_AE_mBHI_mGAM_4_S81,102625
12,B_E3_E4_AE_AA_mBHI_mGAM_2_S147,0,1045740,A_G9_C2_AA_AE_mBHI_mGAM_4_S81,102625
13,B_G1_G2_AA_AE_mBHI_mGAM_2_S169,0,2159590,A_G9_C2_AA_AE_mBHI_mGAM_4_S81,102625
14,B_H3_H4_AE_AF_mBHI_mGAM_2_S183,0,1457926,A_G9_C2_AA_AE_mBHI_mGAM_4_S81,102625
15,C_C11_G4_AE_AE_mBHI_mBHI_4_S227,0,1523518,A_G9_C2_AA_AE_mBHI_mGAM_4_S81,102625
16,C_E3_A4_AE_AA_mBHI_mGAM_6_S243,0,2145227,A_G9_C2_AA_AE_mBHI_mGAM_4_S81,102625
17,C_E11_E4_AE_AA_mBHI_mGAM_4_S251,0,2164170,A_G9_C2_AA_AE_mBHI_mGAM_4_S81,102625
18,C_G3_C4_AE_AE_mBHI_mGAM_6_S267,0,1555228,A_G9_C2_AA_AE_mBHI_mGAM_4_S81,102625
19,C_G11_G4_AE_AE_mBHI_mGAM_4_S275,0,2041192,A_G9_C2_AA_AE_mBHI_mGAM_4_S81,102625
20,C_H11_H4_AE_AF_mBHI_mGAM_4_S287,0,1662792,A_G9_C2_AA_AE_mBHI_mGAM_4_S81,102625
21,D_E3_A4_AE_AA_mBHI_mGAM_6_S339,0,2168722,A_G9_C2_AA_AE_mBHI_mGAM_4_S81,102625
22,D_G1_C2_AA_AE_mBHI_mGAM_6_S361,0,2165921,A_G9_C2_AA_AE_mBHI_mGAM_4_S81,102625
23,D_G3_C4_AE_AE_mBHI_mGAM_6_S363,0,2139279,A_G9_C2_AA_AE_mBHI_mGAM_4_S81,102625
24,D_H3_D4_AE_AF_mBHI_mGAM_6_S375,0,1929446,A_G9_C2_AA_AE_mBHI_mGAM_4_S81,102625
25,C4-e003Coalescence-mGAM-p7,40,1507607,A_G9_C2_AA_AE_mBHI_mGAM_4_S81,102625
26,C3-e003Coalescence-mGAM-p3,65,2175580,A_G9_C2_AA_AE_mBHI_mGAM_4_S81,102625
27,C2-e003Coalescence-mGAM-p7,66,2190353,A_G9_C2_AA_AE_mBHI_mGAM_4_S81,102625
28,B4-e003Coalescence-mGAM-p5,64,2112758,A_G9_C2_AA_AE_mBHI_mGAM_4_S81,102625
29,D4-e003Coalescence-mGAM-p5,36,1378041,A_G9_C2_AA_AE_mBHI_mGAM_4_S81,102625
30,C2-e003Coalescence-mGAM-p3,43,1272026,A_G9_C2_AA_AE_mBHI_mGAM_4_S81,102625
31,C4-e003Coalescence-mGAM-p5,44,1470780,A_G9_C2_AA_AE_mBHI_mGAM_4_S81,102625
32,C4-e003Coalescence-mGAM-p3,65,2170545,A_G9_C2_AA_AE_mBHI_mGAM_4_S81,102625
33,C5-e003Coalescence-mGAM-p3,41,1755780,A_G9_C2_AA_AE_mBHI_mGAM_4_S81,102625
34,C3-e003Coalescence-mGAM-p5,63,2102070,A_G9_C2_AA_AE_mBHI_mGAM_4_S81,102625
35,D4-e003Coalescence-mGAM-p3,52,1955064,A_G9_C2_AA_AE_mBHI_mGAM_4_S81,102625
36,C3-e003Coalescence-mGAM-p7,67,2177723,A_G9_C2_AA_AE_mBHI_mGAM_4_S81,102625
37,C2-e003Coalescence-mGAM-p5,59,2091417,A_G9_C2_AA_AE_mBHI_mGAM_4_S81,102625
38,H4-e003Coalescence-mGAM-p7_S183,0,2127707,A_G9_C2_AA_AE_mBHI_mGAM_4_S81,102625
39,G3-e003Coalescence-mBHI-p5_S26,1,1984187,A_G9_C2_AA_AE_mBHI_mGAM_4_S81,102625
40,E4-e003Coalescence-mGAM-p5_S51,0,2046969,A_G9_C2_AA_AE_mBHI_mGAM_4_S81,102625
41,G5-e003Coalescence-mGAM-p3_S84,0,1327011,A_G9_C2_AA_AE_mBHI_mGAM_4_S81,102625
42,G3-e003Coalescence-mBHI-p7_S122,0,2051412,A_G9_C2_AA_AE_mBHI_mGAM_4_S81,102625
43,G5-e003Coalescence-mGAM-p7_S172,0,2000174,A_G9_C2_AA_AE_mBHI_mGAM_4_S81,102625
44,G4-e003Coalescence-mGAM-p5_S75,0,2083119,A_G9_C2_AA_AE_mBHI_mGAM_4_S81,102625
45,G2-e003Coalescence-mGAM-p5_S73,0,2095666,A_G9_C2_AA_AE_mBHI_mGAM_4_S81,102625
46,G4-e003Coalescence-mGAM-p3_S83,0,2123891,A_G9_C2_AA_AE_mBHI_mGAM_4_S81,102625
47,F4-e003Coalescence-mGAM-p5_S63,0,2012196,A_G9_C2_AA_AE_mBHI_mGAM_4_S81,102625
48,G4-e003Coalescence-mGAM-p7_S171,0,1341178,A_G9_C2_AA_AE_mBHI_mGAM_4_S81,102625
49,G3-e003Coalescence-mGAM-p3_S82,0,2148001,A_G9_C2_AA_AE_mBHI_mGAM_4_S81,102625
50,G3-e003Coalescence-mGAM-p5_S74,0,2126090,A_G9_C2_AA_AE_mBHI_mGAM_4_S81,102625
51,E4-e003Coalescence-mGAM-p7_S147,0,2145639,A_G9_C2_AA_AE_mBHI_mGAM_4_S81,102625
52,E4-e003Coalescence-mGAM-p3_S59,0,2087042,A_G9_C2_AA_AE_mBHI_mGAM_4_S81,102625
53,F4-e003Coalescence-mGAM-p3_S71,0,2109664,A_G9_C2_AA_AE_mBHI_mGAM_4_S81,102625
54,F4-e003Coalescence-mGAM-p7_S159,0,2100682,A_G9_C2_AA_AE_mBHI_mGAM_4_S81,102625
55,G2-e003Coalescence-mGAM-p3_S81,0,2106083,A_G9_C2_AA_AE_mBHI_mGAM_4_S81,102625
56,C4-e003Coalescence-mGAM-p1_S738,0,1463124,A_G9_C2_AA_AE_mBHI_mGAM_4_S81,102625
57,D4-e003Coalescence-mGAM-p1_S739,0,1848658,A_G9_C2_AA_AE_mBHI_mGAM_4_S81,102625
58,B4-e003Coalescence-mGAM-p1_S737,0,1405634,A_G9_C2_AA_AE_mBHI_mGAM_4_S81,102625
59,Coalescence-E5-C4-AE-AE-mBHI-mBHI-3_S672,0,2109217,A_G9_C2_AA_AE_mBHI_mGAM_4_S81,102625
60,Coalescence-C6-A4-AA-AE-mBHI-mGAM-5_S649,0,2160650,A_G9_C2_AA_AE_mBHI_mGAM_4_S81,102625
61,Coalescence-D12-B4-ACPP-AE-mBHI-mGAM-3_S667,0,2160583,A_G9_C2_AA_AE_mBHI_mGAM_4_S81,102625
62,Coalescence-D8-A4-AA-AE-mBHI-mGAM-3_S663,0,2106366,A_G9_C2_AA_AE_mBHI_mGAM_4_S81,102625
63,Coalescence-B9-G3-ACPP-AE-mBHI-mGAM-7_S640,0,2145029,A_G9_C2_AA_AE_mBHI_mGAM_4_S81,102625
64,Coalescence-E4-C3-ACPP-AE-mBHI-mBHI-3_S671,0,1231438,A_G9_C2_AA_AE_mBHI_mGAM_4_S81,102625
65,D_F11_e003Assembly_S359,1,2166211,A_G9_C2_AA_AE_mBHI_mGAM_4_S81,102625
66,C_C2_e003Assembly_S218,0,2063067,A_G9_C2_AA_AE_mBHI_mGAM_4_S81,102625
67,C_C6_e003Assembly_S222,0,1156589,A_G9_C2_AA_AE_mBHI_mGAM_4_S81,102625
68,C_G6_e003Assembly_S270,1,1957903,A_G9_C2_AA_AE_mBHI_mGAM_4_S81,102625
0,A_C3_C4_AE_AE_mBHI_mBHI_2_S27,0,1830153,A_G10_C3_ACPP_AE_mBHI_mGAM_4_S82,102625
1,A_C4_C5_AF_AE_mBHI_mBHI_2_S28,3,1831891,A_G10_C3_ACPP_AE_mBHI_mGAM_4_S82,102625
2,A_C11_C4_AE_AE_mBHI_mBHI_4_S35,0,1830141,A_G10_C3_ACPP_AE_mBHI_mGAM_4_S82,102625
3,A_D11_D4_AE_AF_mBHI_mBHI_4_S47,0,1191497,A_G10_C3_ACPP_AE_mBHI_mGAM_4_S82,102625
4,A_E3_A4_AE_AA_mBHI_mGAM_2_S51,0,1044170,A_G10_C3_ACPP_AE_mBHI_mGAM_4_S82,102625
5,A_E11_A4_AE_AA_mBHI_mGAM_4_S59,0,2146010,A_G10_C3_ACPP_AE_mBHI_mGAM_4_S82,102625
6,A_G1_C2_AA_AE_mBHI_mGAM_2_S73,0,2142841,A_G10_C3_ACPP_AE_mBHI_mGAM_4_S82,102625
7,A_G3_C4_AE_AE_mBHI_mGAM_2_S75,1,2091004,A_G10_C3_ACPP_AE_mBHI_mGAM_4_S82,102625
8,A_G4_C5_AF_AE_mBHI_mGAM_2_S76,0,1677063,A_G10_C3_ACPP_AE_mBHI_mGAM_4_S82,102625
9,A_G9_C2_AA_AE_mBHI_mGAM_4_S81,0,2159450,A_G10_C3_ACPP_AE_mBHI_mGAM_4_S82,102625
10,A_G10_C3_ACPP_AE_mBHI_mGAM_4_S82,0,2100659,A_G10_C3_ACPP_AE_mBHI_mGAM_4_S82,102625
11,A_H3_D4_AE_AF_mBHI_mGAM_2_S87,0,1928409,A_G10_C3_ACPP_AE_mBHI_mGAM_4_S82,102625
12,B_E3_E4_AE_AA_mBHI_mGAM_2_S147,0,1045740,A_G10_C3_ACPP_AE_mBHI_mGAM_4_S82,102625
13,B_G1_G2_AA_AE_mBHI_mGAM_2_S169,0,2159590,A_G10_C3_ACPP_AE_mBHI_mGAM_4_S82,102625
14,B_H3_H4_AE_AF_mBHI_mGAM_2_S183,0,1457926,A_G10_C3_ACPP_AE_mBHI_mGAM_4_S82,102625
15,C_C11_G4_AE_AE_mBHI_mBHI_4_S227,0,1523518,A_G10_C3_ACPP_AE_mBHI_mGAM_4_S82,102625
16,C_E3_A4_AE_AA_mBHI_mGAM_6_S243,0,2145227,A_G10_C3_ACPP_AE_mBHI_mGAM_4_S82,102625
17,C_E11_E4_AE_AA_mBHI_mGAM_4_S251,0,2164170,A_G10_C3_ACPP_AE_mBHI_mGAM_4_S82,102625
18,C_G3_C4_AE_AE_mBHI_mGAM_6_S267,1,1555228,A_G10_C3_ACPP_AE_mBHI_mGAM_4_S82,102625
19,C_G11_G4_AE_AE_mBHI_mGAM_4_S275,0,2041192,A_G10_C3_ACPP_AE_mBHI_mGAM_4_S82,102625
20,C_H11_H4_AE_AF_mBHI_mGAM_4_S287,0,1662792,A_G10_C3_ACPP_AE_mBHI_mGAM_4_S82,102625
21,D_E3_A4_AE_AA_mBHI_mGAM_6_S339,0,2168722,A_G10_C3_ACPP_AE_mBHI_mGAM_4_S82,102625
22,D_G1_C2_AA_AE_mBHI_mGAM_6_S361,0,2165921,A_G10_C3_ACPP_AE_mBHI_mGAM_4_S82,102625
23,D_G3_C4_AE_AE_mBHI_mGAM_6_S363,0,2139279,A_G10_C3_ACPP_AE_mBHI_mGAM_4_S82,102625
24,D_H3_D4_AE_AF_mBHI_mGAM_6_S375,0,1929446,A_G10_C3_ACPP_AE_mBHI_mGAM_4_S82,102625
25,C4-e003Coalescence-mGAM-p7,36,1507607,A_G10_C3_ACPP_AE_mBHI_mGAM_4_S82,102625
26,C3-e003Coalescence-mGAM-p3,58,2175580,A_G10_C3_ACPP_AE_mBHI_mGAM_4_S82,102625
27,C2-e003Coalescence-mGAM-p7,61,2190353,A_G10_C3_ACPP_AE_mBHI_mGAM_4_S82,102625
28,B4-e003Coalescence-mGAM-p5,56,2112758,A_G10_C3_ACPP_AE_mBHI_mGAM_4_S82,102625
29,D4-e003Coalescence-mGAM-p5,32,1378041,A_G10_C3_ACPP_AE_mBHI_mGAM_4_S82,102625
30,C2-e003Coalescence-mGAM-p3,35,1272026,A_G10_C3_ACPP_AE_mBHI_mGAM_4_S82,102625
31,C4-e003Coalescence-mGAM-p5,42,1470780,A_G10_C3_ACPP_AE_mBHI_mGAM_4_S82,102625
32,C4-e003Coalescence-mGAM-p3,57,2170545,A_G10_C3_ACPP_AE_mBHI_mGAM_4_S82,102625
33,C5-e003Coalescence-mGAM-p3,39,1755780,A_G10_C3_ACPP_AE_mBHI_mGAM_4_S82,102625
34,C3-e003Coalescence-mGAM-p5,59,2102070,A_G10_C3_ACPP_AE_mBHI_mGAM_4_S82,102625
35,D4-e003Coalescence-mGAM-p3,52,1955064,A_G10_C3_ACPP_AE_mBHI_mGAM_4_S82,102625
36,C3-e003Coalescence-mGAM-p7,59,2177723,A_G10_C3_ACPP_AE_mBHI_mGAM_4_S82,102625
37,C2-e003Coalescence-mGAM-p5,52,2091417,A_G10_C3_ACPP_AE_mBHI_mGAM_4_S82,102625
38,H4-e003Coalescence-mGAM-p7_S183,0,2127707,A_G10_C3_ACPP_AE_mBHI_mGAM_4_S82,102625
39,G3-e003Coalescence-mBHI-p5_S26,1,1984187,A_G10_C3_ACPP_AE_mBHI_mGAM_4_S82,102625
40,E4-e003Coalescence-mGAM-p5_S51,0,2046969,A_G10_C3_ACPP_AE_mBHI_mGAM_4_S82,102625
41,G5-e003Coalescence-mGAM-p3_S84,0,1327011,A_G10_C3_ACPP_AE_mBHI_mGAM_4_S82,102625
42,G3-e003Coalescence-mBHI-p7_S122,0,2051412,A_G10_C3_ACPP_AE_mBHI_mGAM_4_S82,102625
43,G5-e003Coalescence-mGAM-p7_S172,0,2000174,A_G10_C3_ACPP_AE_mBHI_mGAM_4_S82,102625
44,G4-e003Coalescence-mGAM-p5_S75,0,2083119,A_G10_C3_ACPP_AE_mBHI_mGAM_4_S82,102625
45,G2-e003Coalescence-mGAM-p5_S73,1,2095666,A_G10_C3_ACPP_AE_mBHI_mGAM_4_S82,102625
46,G4-e003Coalescence-mGAM-p3_S83,0,2123891,A_G10_C3_ACPP_AE_mBHI_mGAM_4_S82,102625
47,F4-e003Coalescence-mGAM-p5_S63,0,2012196,A_G10_C3_ACPP_AE_mBHI_mGAM_4_S82,102625
48,G4-e003Coalescence-mGAM-p7_S171,0,1341178,A_G10_C3_ACPP_AE_mBHI_mGAM_4_S82,102625
49,G3-e003Coalescence-mGAM-p3_S82,0,2148001,A_G10_C3_ACPP_AE_mBHI_mGAM_4_S82,102625
50,G3-e003Coalescence-mGAM-p5_S74,0,2126090,A_G10_C3_ACPP_AE_mBHI_mGAM_4_S82,102625
51,E4-e003Coalescence-mGAM-p7_S147,0,2145639,A_G10_C3_ACPP_AE_mBHI_mGAM_4_S82,102625
52,E4-e003Coalescence-mGAM-p3_S59,0,2087042,A_G10_C3_ACPP_AE_mBHI_mGAM_4_S82,102625
53,F4-e003Coalescence-mGAM-p3_S71,0,2109664,A_G10_C3_ACPP_AE_mBHI_mGAM_4_S82,102625
54,F4-e003Coalescence-mGAM-p7_S159,0,2100682,A_G10_C3_ACPP_AE_mBHI_mGAM_4_S82,102625
55,G2-e003Coalescence-mGAM-p3_S81,0,2106083,A_G10_C3_ACPP_AE_mBHI_mGAM_4_S82,102625
56,C4-e003Coalescence-mGAM-p1_S738,0,1463124,A_G10_C3_ACPP_AE_mBHI_mGAM_4_S82,102625
57,D4-e003Coalescence-mGAM-p1_S739,0,1848658,A_G10_C3_ACPP_AE_mBHI_mGAM_4_S82,102625
58,B4-e003Coalescence-mGAM-p1_S737,1,1405634,A_G10_C3_ACPP_AE_mBHI_mGAM_4_S82,102625
59,Coalescence-E5-C4-AE-AE-mBHI-mBHI-3_S672,0,2109217,A_G10_C3_ACPP_AE_mBHI_mGAM_4_S82,102625
60,Coalescence-C6-A4-AA-AE-mBHI-mGAM-5_S649,0,2160650,A_G10_C3_ACPP_AE_mBHI_mGAM_4_S82,102625
61,Coalescence-D12-B4-ACPP-AE-mBHI-mGAM-3_S667,0,2160583,A_G10_C3_ACPP_AE_mBHI_mGAM_4_S82,102625
62,Coalescence-D8-A4-AA-AE-mBHI-mGAM-3_S663,0,2106366,A_G10_C3_ACPP_AE_mBHI_mGAM_4_S82,102625
63,Coalescence-B9-G3-ACPP-AE-mBHI-mGAM-7_S640,0,2145029,A_G10_C3_ACPP_AE_mBHI_mGAM_4_S82,102625
64,Coalescence-E4-C3-ACPP-AE-mBHI-mBHI-3_S671,0,1231438,A_G10_C3_ACPP_AE_mBHI_mGAM_4_S82,102625
65,D_F11_e003Assembly_S359,1,2166211,A_G10_C3_ACPP_AE_mBHI_mGAM_4_S82,102625
66,C_C2_e003Assembly_S218,2,2063067,A_G10_C3_ACPP_AE_mBHI_mGAM_4_S82,102625
67,C_C6_e003Assembly_S222,2,1156589,A_G10_C3_ACPP_AE_mBHI_mGAM_4_S82,102625
68,C_G6_e003Assembly_S270,1,1957903,A_G10_C3_ACPP_AE_mBHI_mGAM_4_S82,102625
0,A_C3_C4_AE_AE_mBHI_mBHI_2_S27,0,1830153,A_H3_D4_AE_AF_mBHI_mGAM_2_S87,102625
1,A_C4_C5_AF_AE_mBHI_mBHI_2_S28,0,1831891,A_H3_D4_AE_AF_mBHI_mGAM_2_S87,102625
2,A_C11_C4_AE_AE_mBHI_mBHI_4_S35,0,1830141,A_H3_D4_AE_AF_mBHI_mGAM_2_S87,102625
3,A_D11_D4_AE_AF_mBHI_mBHI_4_S47,3,1191497,A_H3_D4_AE_AF_mBHI_mGAM_2_S87,102625
4,A_E3_A4_AE_AA_mBHI_mGAM_2_S51,1,1044170,A_H3_D4_AE_AF_mBHI_mGAM_2_S87,102625
5,A_E11_A4_AE_AA_mBHI_mGAM_4_S59,1,2146010,A_H3_D4_AE_AF_mBHI_mGAM_2_S87,102625
6,A_G1_C2_AA_AE_mBHI_mGAM_2_S73,2,2142841,A_H3_D4_AE_AF_mBHI_mGAM_2_S87,102625
7,A_G3_C4_AE_AE_mBHI_mGAM_2_S75,0,2091004,A_H3_D4_AE_AF_mBHI_mGAM_2_S87,102625
8,A_G4_C5_AF_AE_mBHI_mGAM_2_S76,0,1677063,A_H3_D4_AE_AF_mBHI_mGAM_2_S87,102625
9,A_G9_C2_AA_AE_mBHI_mGAM_4_S81,0,2159450,A_H3_D4_AE_AF_mBHI_mGAM_2_S87,102625
10,A_G10_C3_ACPP_AE_mBHI_mGAM_4_S82,0,2100659,A_H3_D4_AE_AF_mBHI_mGAM_2_S87,102625
11,A_H3_D4_AE_AF_mBHI_mGAM_2_S87,0,1928409,A_H3_D4_AE_AF_mBHI_mGAM_2_S87,102625
12,B_E3_E4_AE_AA_mBHI_mGAM_2_S147,2,1045740,A_H3_D4_AE_AF_mBHI_mGAM_2_S87,102625
13,B_G1_G2_AA_AE_mBHI_mGAM_2_S169,2,2159590,A_H3_D4_AE_AF_mBHI_mGAM_2_S87,102625
14,B_H3_H4_AE_AF_mBHI_mGAM_2_S183,0,1457926,A_H3_D4_AE_AF_mBHI_mGAM_2_S87,102625
15,C_C11_G4_AE_AE_mBHI_mBHI_4_S227,0,1523518,A_H3_D4_AE_AF_mBHI_mGAM_2_S87,102625
16,C_E3_A4_AE_AA_mBHI_mGAM_6_S243,0,2145227,A_H3_D4_AE_AF_mBHI_mGAM_2_S87,102625
17,C_E11_E4_AE_AA_mBHI_mGAM_4_S251,0,2164170,A_H3_D4_AE_AF_mBHI_mGAM_2_S87,102625
18,C_G3_C4_AE_AE_mBHI_mGAM_6_S267,0,1555228,A_H3_D4_AE_AF_mBHI_mGAM_2_S87,102625
19,C_G11_G4_AE_AE_mBHI_mGAM_4_S275,0,2041192,A_H3_D4_AE_AF_mBHI_mGAM_2_S87,102625
20,C_H11_H4_AE_AF_mBHI_mGAM_4_S287,0,1662792,A_H3_D4_AE_AF_mBHI_mGAM_2_S87,102625
21,D_E3_A4_AE_AA_mBHI_mGAM_6_S339,0,2168722,A_H3_D4_AE_AF_mBHI_mGAM_2_S87,102625
22,D_G1_C2_AA_AE_mBHI_mGAM_6_S361,0,2165921,A_H3_D4_AE_AF_mBHI_mGAM_2_S87,102625
23,D_G3_C4_AE_AE_mBHI_mGAM_6_S363,0,2139279,A_H3_D4_AE_AF_mBHI_mGAM_2_S87,102625
24,D_H3_D4_AE_AF_mBHI_mGAM_6_S375,0,1929446,A_H3_D4_AE_AF_mBHI_mGAM_2_S87,102625
25,C4-e003Coalescence-mGAM-p7,22,1507607,A_H3_D4_AE_AF_mBHI_mGAM_2_S87,102625
26,C3-e003Coalescence-mGAM-p3,41,2175580,A_H3_D4_AE_AF_mBHI_mGAM_2_S87,102625
27,C2-e003Coalescence-mGAM-p7,45,2190353,A_H3_D4_AE_AF_mBHI_mGAM_2_S87,102625
28,B4-e003Coalescence-mGAM-p5,42,2112758,A_H3_D4_AE_AF_mBHI_mGAM_2_S87,102625
29,D4-e003Coalescence-mGAM-p5,21,1378041,A_H3_D4_AE_AF_mBHI_mGAM_2_S87,102625
30,C2-e003Coalescence-mGAM-p3,25,1272026,A_H3_D4_AE_AF_mBHI_mGAM_2_S87,102625
31,C4-e003Coalescence-mGAM-p5,28,1470780,A_H3_D4_AE_AF_mBHI_mGAM_2_S87,102625
32,C4-e003Coalescence-mGAM-p3,46,2170545,A_H3_D4_AE_AF_mBHI_mGAM_2_S87,102625
33,C5-e003Coalescence-mGAM-p3,27,1755780,A_H3_D4_AE_AF_mBHI_mGAM_2_S87,102625
34,C3-e003Coalescence-mGAM-p5,40,2102070,A_H3_D4_AE_AF_mBHI_mGAM_2_S87,102625
35,D4-e003Coalescence-mGAM-p3,33,1955064,A_H3_D4_AE_AF_mBHI_mGAM_2_S87,102625
36,C3-e003Coalescence-mGAM-p7,44,2177723,A_H3_D4_AE_AF_mBHI_mGAM_2_S87,102625
37,C2-e003Coalescence-mGAM-p5,36,2091417,A_H3_D4_AE_AF_mBHI_mGAM_2_S87,102625
38,H4-e003Coalescence-mGAM-p7_S183,0,2127707,A_H3_D4_AE_AF_mBHI_mGAM_2_S87,102625
39,G3-e003Coalescence-mBHI-p5_S26,1,1984187,A_H3_D4_AE_AF_mBHI_mGAM_2_S87,102625
40,E4-e003Coalescence-mGAM-p5_S51,0,2046969,A_H3_D4_AE_AF_mBHI_mGAM_2_S87,102625
41,G5-e003Coalescence-mGAM-p3_S84,0,1327011,A_H3_D4_AE_AF_mBHI_mGAM_2_S87,102625
42,G3-e003Coalescence-mBHI-p7_S122,0,2051412,A_H3_D4_AE_AF_mBHI_mGAM_2_S87,102625
43,G5-e003Coalescence-mGAM-p7_S172,0,2000174,A_H3_D4_AE_AF_mBHI_mGAM_2_S87,102625
44,G4-e003Coalescence-mGAM-p5_S75,0,2083119,A_H3_D4_AE_AF_mBHI_mGAM_2_S87,102625
45,G2-e003Coalescence-mGAM-p5_S73,0,2095666,A_H3_D4_AE_AF_mBHI_mGAM_2_S87,102625
46,G4-e003Coalescence-mGAM-p3_S83,0,2123891,A_H3_D4_AE_AF_mBHI_mGAM_2_S87,102625
47,F4-e003Coalescence-mGAM-p5_S63,0,2012196,A_H3_D4_AE_AF_mBHI_mGAM_2_S87,102625
48,G4-e003Coalescence-mGAM-p7_S171,0,1341178,A_H3_D4_AE_AF_mBHI_mGAM_2_S87,102625
49,G3-e003Coalescence-mGAM-p3_S82,0,2148001,A_H3_D4_AE_AF_mBHI_mGAM_2_S87,102625
50,G3-e003Coalescence-mGAM-p5_S74,0,2126090,A_H3_D4_AE_AF_mBHI_mGAM_2_S87,102625
51,E4-e003Coalescence-mGAM-p7_S147,0,2145639,A_H3_D4_AE_AF_mBHI_mGAM_2_S87,102625
52,E4-e003Coalescence-mGAM-p3_S59,0,2087042,A_H3_D4_AE_AF_mBHI_mGAM_2_S87,102625
53,F4-e003Coalescence-mGAM-p3_S71,0,2109664,A_H3_D4_AE_AF_mBHI_mGAM_2_S87,102625
54,F4-e003Coalescence-mGAM-p7_S159,0,2100682,A_H3_D4_AE_AF_mBHI_mGAM_2_S87,102625
55,G2-e003Coalescence-mGAM-p3_S81,0,2106083,A_H3_D4_AE_AF_mBHI_mGAM_2_S87,102625
56,C4-e003Coalescence-mGAM-p1_S738,0,1463124,A_H3_D4_AE_AF_mBHI_mGAM_2_S87,102625
57,D4-e003Coalescence-mGAM-p1_S739,2,1848658,A_H3_D4_AE_AF_mBHI_mGAM_2_S87,102625
58,B4-e003Coalescence-mGAM-p1_S737,0,1405634,A_H3_D4_AE_AF_mBHI_mGAM_2_S87,102625
59,Coalescence-E5-C4-AE-AE-mBHI-mBHI-3_S672,0,2109217,A_H3_D4_AE_AF_mBHI_mGAM_2_S87,102625
60,Coalescence-C6-A4-AA-AE-mBHI-mGAM-5_S649,0,2160650,A_H3_D4_AE_AF_mBHI_mGAM_2_S87,102625
61,Coalescence-D12-B4-ACPP-AE-mBHI-mGAM-3_S667,0,2160583,A_H3_D4_AE_AF_mBHI_mGAM_2_S87,102625
62,Coalescence-D8-A4-AA-AE-mBHI-mGAM-3_S663,0,2106366,A_H3_D4_AE_AF_mBHI_mGAM_2_S87,102625
63,Coalescence-B9-G3-ACPP-AE-mBHI-mGAM-7_S640,0,2145029,A_H3_D4_AE_AF_mBHI_mGAM_2_S87,102625
64,Coalescence-E4-C3-ACPP-AE-mBHI-mBHI-3_S671,0,1231438,A_H3_D4_AE_AF_mBHI_mGAM_2_S87,102625
65,D_F11_e003Assembly_S359,1,2166211,A_H3_D4_AE_AF_mBHI_mGAM_2_S87,102625
66,C_C2_e003Assembly_S218,0,2063067,A_H3_D4_AE_AF_mBHI_mGAM_2_S87,102625
67,C_C6_e003Assembly_S222,1,1156589,A_H3_D4_AE_AF_mBHI_mGAM_2_S87,102625
68,C_G6_e003Assembly_S270,1,1957903,A_H3_D4_AE_AF_mBHI_mGAM_2_S87,102625
0,A_C3_C4_AE_AE_mBHI_mBHI_2_S27,0,1830153,B_E3_E4_AE_AA_mBHI_mGAM_2_S147,102625
1,A_C4_C5_AF_AE_mBHI_mBHI_2_S28,0,1831891,B_E3_E4_AE_AA_mBHI_mGAM_2_S147,102625
2,A_C11_C4_AE_AE_mBHI_mBHI_4_S35,0,1830141,B_E3_E4_AE_AA_mBHI_mGAM_2_S147,102625
3,A_D11_D4_AE_AF_mBHI_mBHI_4_S47,0,1191497,B_E3_E4_AE_AA_mBHI_mGAM_2_S147,102625
4,A_E3_A4_AE_AA_mBHI_mGAM_2_S51,0,1044170,B_E3_E4_AE_AA_mBHI_mGAM_2_S147,102625
5,A_E11_A4_AE_AA_mBHI_mGAM_4_S59,0,2146010,B_E3_E4_AE_AA_mBHI_mGAM_2_S147,102625
6,A_G1_C2_AA_AE_mBHI_mGAM_2_S73,0,2142841,B_E3_E4_AE_AA_mBHI_mGAM_2_S147,102625
7,A_G3_C4_AE_AE_mBHI_mGAM_2_S75,0,2091004,B_E3_E4_AE_AA_mBHI_mGAM_2_S147,102625
8,A_G4_C5_AF_AE_mBHI_mGAM_2_S76,0,1677063,B_E3_E4_AE_AA_mBHI_mGAM_2_S147,102625
9,A_G9_C2_AA_AE_mBHI_mGAM_4_S81,0,2159450,B_E3_E4_AE_AA_mBHI_mGAM_2_S147,102625
10,A_G10_C3_ACPP_AE_mBHI_mGAM_4_S82,0,2100659,B_E3_E4_AE_AA_mBHI_mGAM_2_S147,102625
11,A_H3_D4_AE_AF_mBHI_mGAM_2_S87,2,1928409,B_E3_E4_AE_AA_mBHI_mGAM_2_S147,102625
12,B_E3_E4_AE_AA_mBHI_mGAM_2_S147,0,1045740,B_E3_E4_AE_AA_mBHI_mGAM_2_S147,102625
13,B_G1_G2_AA_AE_mBHI_mGAM_2_S169,0,2159590,B_E3_E4_AE_AA_mBHI_mGAM_2_S147,102625
14,B_H3_H4_AE_AF_mBHI_mGAM_2_S183,0,1457926,B_E3_E4_AE_AA_mBHI_mGAM_2_S147,102625
15,C_C11_G4_AE_AE_mBHI_mBHI_4_S227,0,1523518,B_E3_E4_AE_AA_mBHI_mGAM_2_S147,102625
16,C_E3_A4_AE_AA_mBHI_mGAM_6_S243,0,2145227,B_E3_E4_AE_AA_mBHI_mGAM_2_S147,102625
17,C_E11_E4_AE_AA_mBHI_mGAM_4_S251,0,2164170,B_E3_E4_AE_AA_mBHI_mGAM_2_S147,102625
18,C_G3_C4_AE_AE_mBHI_mGAM_6_S267,0,1555228,B_E3_E4_AE_AA_mBHI_mGAM_2_S147,102625
19,C_G11_G4_AE_AE_mBHI_mGAM_4_S275,0,2041192,B_E3_E4_AE_AA_mBHI_mGAM_2_S147,102625
20,C_H11_H4_AE_AF_mBHI_mGAM_4_S287,0,1662792,B_E3_E4_AE_AA_mBHI_mGAM_2_S147,102625
21,D_E3_A4_AE_AA_mBHI_mGAM_6_S339,0,2168722,B_E3_E4_AE_AA_mBHI_mGAM_2_S147,102625
22,D_G1_C2_AA_AE_mBHI_mGAM_6_S361,0,2165921,B_E3_E4_AE_AA_mBHI_mGAM_2_S147,102625
23,D_G3_C4_AE_AE_mBHI_mGAM_6_S363,0,2139279,B_E3_E4_AE_AA_mBHI_mGAM_2_S147,102625
24,D_H3_D4_AE_AF_mBHI_mGAM_6_S375,0,1929446,B_E3_E4_AE_AA_mBHI_mGAM_2_S147,102625
25,C4-e003Coalescence-mGAM-p7,11,1507607,B_E3_E4_AE_AA_mBHI_mGAM_2_S147,102625
26,C3-e003Coalescence-mGAM-p3,21,2175580,B_E3_E4_AE_AA_mBHI_mGAM_2_S147,102625
27,C2-e003Coalescence-mGAM-p7,21,2190353,B_E3_E4_AE_AA_mBHI_mGAM_2_S147,102625
28,B4-e003Coalescence-mGAM-p5,21,2112758,B_E3_E4_AE_AA_mBHI_mGAM_2_S147,102625
29,D4-e003Coalescence-mGAM-p5,11,1378041,B_E3_E4_AE_AA_mBHI_mGAM_2_S147,102625
30,C2-e003Coalescence-mGAM-p3,11,1272026,B_E3_E4_AE_AA_mBHI_mGAM_2_S147,102625
31,C4-e003Coalescence-mGAM-p5,12,1470780,B_E3_E4_AE_AA_mBHI_mGAM_2_S147,102625
32,C4-e003Coalescence-mGAM-p3,21,2170545,B_E3_E4_AE_AA_mBHI_mGAM_2_S147,102625
33,C5-e003Coalescence-mGAM-p3,9,1755780,B_E3_E4_AE_AA_mBHI_mGAM_2_S147,102625
34,C3-e003Coalescence-mGAM-p5,18,2102070,B_E3_E4_AE_AA_mBHI_mGAM_2_S147,102625
35,D4-e003Coalescence-mGAM-p3,15,1955064,B_E3_E4_AE_AA_mBHI_mGAM_2_S147,102625
36,C3-e003Coalescence-mGAM-p7,21,2177723,B_E3_E4_AE_AA_mBHI_mGAM_2_S147,102625
37,C2-e003Coalescence-mGAM-p5,21,2091417,B_E3_E4_AE_AA_mBHI_mGAM_2_S147,102625
38,H4-e003Coalescence-mGAM-p7_S183,0,2127707,B_E3_E4_AE_AA_mBHI_mGAM_2_S147,102625
39,G3-e003Coalescence-mBHI-p5_S26,0,1984187,B_E3_E4_AE_AA_mBHI_mGAM_2_S147,102625
40,E4-e003Coalescence-mGAM-p5_S51,0,2046969,B_E3_E4_AE_AA_mBHI_mGAM_2_S147,102625
41,G5-e003Coalescence-mGAM-p3_S84,0,1327011,B_E3_E4_AE_AA_mBHI_mGAM_2_S147,102625
42,G3-e003Coalescence-mBHI-p7_S122,0,2051412,B_E3_E4_AE_AA_mBHI_mGAM_2_S147,102625
43,G5-e003Coalescence-mGAM-p7_S172,0,2000174,B_E3_E4_AE_AA_mBHI_mGAM_2_S147,102625
44,G4-e003Coalescence-mGAM-p5_S75,0,2083119,B_E3_E4_AE_AA_mBHI_mGAM_2_S147,102625
45,G2-e003Coalescence-mGAM-p5_S73,0,2095666,B_E3_E4_AE_AA_mBHI_mGAM_2_S147,102625
46,G4-e003Coalescence-mGAM-p3_S83,0,2123891,B_E3_E4_AE_AA_mBHI_mGAM_2_S147,102625
47,F4-e003Coalescence-mGAM-p5_S63,0,2012196,B_E3_E4_AE_AA_mBHI_mGAM_2_S147,102625
48,G4-e003Coalescence-mGAM-p7_S171,0,1341178,B_E3_E4_AE_AA_mBHI_mGAM_2_S147,102625
49,G3-e003Coalescence-mGAM-p3_S82,0,2148001,B_E3_E4_AE_AA_mBHI_mGAM_2_S147,102625
50,G3-e003Coalescence-mGAM-p5_S74,0,2126090,B_E3_E4_AE_AA_mBHI_mGAM_2_S147,102625
51,E4-e003Coalescence-mGAM-p7_S147,0,2145639,B_E3_E4_AE_AA_mBHI_mGAM_2_S147,102625
52,E4-e003Coalescence-mGAM-p3_S59,0,2087042,B_E3_E4_AE_AA_mBHI_mGAM_2_S147,102625
53,F4-e003Coalescence-mGAM-p3_S71,0,2109664,B_E3_E4_AE_AA_mBHI_mGAM_2_S147,102625
54,F4-e003Coalescence-mGAM-p7_S159,0,2100682,B_E3_E4_AE_AA_mBHI_mGAM_2_S147,102625
55,G2-e003Coalescence-mGAM-p3_S81,0,2106083,B_E3_E4_AE_AA_mBHI_mGAM_2_S147,102625
56,C4-e003Coalescence-mGAM-p1_S738,0,1463124,B_E3_E4_AE_AA_mBHI_mGAM_2_S147,102625
57,D4-e003Coalescence-mGAM-p1_S739,0,1848658,B_E3_E4_AE_AA_mBHI_mGAM_2_S147,102625
58,B4-e003Coalescence-mGAM-p1_S737,0,1405634,B_E3_E4_AE_AA_mBHI_mGAM_2_S147,102625
59,Coalescence-E5-C4-AE-AE-mBHI-mBHI-3_S672,0,2109217,B_E3_E4_AE_AA_mBHI_mGAM_2_S147,102625
60,Coalescence-C6-A4-AA-AE-mBHI-mGAM-5_S649,0,2160650,B_E3_E4_AE_AA_mBHI_mGAM_2_S147,102625
61,Coalescence-D12-B4-ACPP-AE-mBHI-mGAM-3_S667,0,2160583,B_E3_E4_AE_AA_mBHI_mGAM_2_S147,102625
62,Coalescence-D8-A4-AA-AE-mBHI-mGAM-3_S663,0,2106366,B_E3_E4_AE_AA_mBHI_mGAM_2_S147,102625
63,Coalescence-B9-G3-ACPP-AE-mBHI-mGAM-7_S640,0,2145029,B_E3_E4_AE_AA_mBHI_mGAM_2_S147,102625
64,Coalescence-E4-C3-ACPP-AE-mBHI-mBHI-3_S671,0,1231438,B_E3_E4_AE_AA_mBHI_mGAM_2_S147,102625
65,D_F11_e003Assembly_S359,1,2166211,B_E3_E4_AE_AA_mBHI_mGAM_2_S147,102625
66,C_C2_e003Assembly_S218,0,2063067,B_E3_E4_AE_AA_mBHI_mGAM_2_S147,102625
67,C_C6_e003Assembly_S222,0,1156589,B_E3_E4_AE_AA_mBHI_mGAM_2_S147,102625
68,C_G6_e003Assembly_S270,1,1957903,B_E3_E4_AE_AA_mBHI_mGAM_2_S147,102625
0,A_C3_C4_AE_AE_mBHI_mBHI_2_S27,0,1830153,B_G1_G2_AA_AE_mBHI_mGAM_2_S169,102625
1,A_C4_C5_AF_AE_mBHI_mBHI_2_S28,0,1831891,B_G1_G2_AA_AE_mBHI_mGAM_2_S169,102625
2,A_C11_C4_AE_AE_mBHI_mBHI_4_S35,0,1830141,B_G1_G2_AA_AE_mBHI_mGAM_2_S169,102625
3,A_D11_D4_AE_AF_mBHI_mBHI_4_S47,0,1191497,B_G1_G2_AA_AE_mBHI_mGAM_2_S169,102625
4,A_E3_A4_AE_AA_mBHI_mGAM_2_S51,0,1044170,B_G1_G2_AA_AE_mBHI_mGAM_2_S169,102625
5,A_E11_A4_AE_AA_mBHI_mGAM_4_S59,0,2146010,B_G1_G2_AA_AE_mBHI_mGAM_2_S169,102625
6,A_G1_C2_AA_AE_mBHI_mGAM_2_S73,0,2142841,B_G1_G2_AA_AE_mBHI_mGAM_2_S169,102625
7,A_G3_C4_AE_AE_mBHI_mGAM_2_S75,0,2091004,B_G1_G2_AA_AE_mBHI_mGAM_2_S169,102625
8,A_G4_C5_AF_AE_mBHI_mGAM_2_S76,0,1677063,B_G1_G2_AA_AE_mBHI_mGAM_2_S169,102625
9,A_G9_C2_AA_AE_mBHI_mGAM_4_S81,0,2159450,B_G1_G2_AA_AE_mBHI_mGAM_2_S169,102625
10,A_G10_C3_ACPP_AE_mBHI_mGAM_4_S82,0,2100659,B_G1_G2_AA_AE_mBHI_mGAM_2_S169,102625
11,A_H3_D4_AE_AF_mBHI_mGAM_2_S87,2,1928409,B_G1_G2_AA_AE_mBHI_mGAM_2_S169,102625
12,B_E3_E4_AE_AA_mBHI_mGAM_2_S147,0,1045740,B_G1_G2_AA_AE_mBHI_mGAM_2_S169,102625
13,B_G1_G2_AA_AE_mBHI_mGAM_2_S169,0,2159590,B_G1_G2_AA_AE_mBHI_mGAM_2_S169,102625
14,B_H3_H4_AE_AF_mBHI_mGAM_2_S183,0,1457926,B_G1_G2_AA_AE_mBHI_mGAM_2_S169,102625
15,C_C11_G4_AE_AE_mBHI_mBHI_4_S227,0,1523518,B_G1_G2_AA_AE_mBHI_mGAM_2_S169,102625
16,C_E3_A4_AE_AA_mBHI_mGAM_6_S243,0,2145227,B_G1_G2_AA_AE_mBHI_mGAM_2_S169,102625
17,C_E11_E4_AE_AA_mBHI_mGAM_4_S251,0,2164170,B_G1_G2_AA_AE_mBHI_mGAM_2_S169,102625
18,C_G3_C4_AE_AE_mBHI_mGAM_6_S267,0,1555228,B_G1_G2_AA_AE_mBHI_mGAM_2_S169,102625
19,C_G11_G4_AE_AE_mBHI_mGAM_4_S275,0,2041192,B_G1_G2_AA_AE_mBHI_mGAM_2_S169,102625
20,C_H11_H4_AE_AF_mBHI_mGAM_4_S287,0,1662792,B_G1_G2_AA_AE_mBHI_mGAM_2_S169,102625
21,D_E3_A4_AE_AA_mBHI_mGAM_6_S339,0,2168722,B_G1_G2_AA_AE_mBHI_mGAM_2_S169,102625
22,D_G1_C2_AA_AE_mBHI_mGAM_6_S361,0,2165921,B_G1_G2_AA_AE_mBHI_mGAM_2_S169,102625
23,D_G3_C4_AE_AE_mBHI_mGAM_6_S363,0,2139279,B_G1_G2_AA_AE_mBHI_mGAM_2_S169,102625
24,D_H3_D4_AE_AF_mBHI_mGAM_6_S375,0,1929446,B_G1_G2_AA_AE_mBHI_mGAM_2_S169,102625
25,C4-e003Coalescence-mGAM-p7,40,1507607,B_G1_G2_AA_AE_mBHI_mGAM_2_S169,102625
26,C3-e003Coalescence-mGAM-p3,70,2175580,B_G1_G2_AA_AE_mBHI_mGAM_2_S169,102625
27,C2-e003Coalescence-mGAM-p7,70,2190353,B_G1_G2_AA_AE_mBHI_mGAM_2_S169,102625
28,B4-e003Coalescence-mGAM-p5,65,2112758,B_G1_G2_AA_AE_mBHI_mGAM_2_S169,102625
29,D4-e003Coalescence-mGAM-p5,36,1378041,B_G1_G2_AA_AE_mBHI_mGAM_2_S169,102625
30,C2-e003Coalescence-mGAM-p3,41,1272026,B_G1_G2_AA_AE_mBHI_mGAM_2_S169,102625
31,C4-e003Coalescence-mGAM-p5,47,1470780,B_G1_G2_AA_AE_mBHI_mGAM_2_S169,102625
32,C4-e003Coalescence-mGAM-p3,70,2170545,B_G1_G2_AA_AE_mBHI_mGAM_2_S169,102625
33,C5-e003Coalescence-mGAM-p3,42,1755780,B_G1_G2_AA_AE_mBHI_mGAM_2_S169,102625
34,C3-e003Coalescence-mGAM-p5,66,2102070,B_G1_G2_AA_AE_mBHI_mGAM_2_S169,102625
35,D4-e003Coalescence-mGAM-p3,58,1955064,B_G1_G2_AA_AE_mBHI_mGAM_2_S169,102625
36,C3-e003Coalescence-mGAM-p7,71,2177723,B_G1_G2_AA_AE_mBHI_mGAM_2_S169,102625
37,C2-e003Coalescence-mGAM-p5,64,2091417,B_G1_G2_AA_AE_mBHI_mGAM_2_S169,102625
38,H4-e003Coalescence-mGAM-p7_S183,0,2127707,B_G1_G2_AA_AE_mBHI_mGAM_2_S169,102625
39,G3-e003Coalescence-mBHI-p5_S26,1,1984187,B_G1_G2_AA_AE_mBHI_mGAM_2_S169,102625
40,E4-e003Coalescence-mGAM-p5_S51,0,2046969,B_G1_G2_AA_AE_mBHI_mGAM_2_S169,102625
41,G5-e003Coalescence-mGAM-p3_S84,0,1327011,B_G1_G2_AA_AE_mBHI_mGAM_2_S169,102625
42,G3-e003Coalescence-mBHI-p7_S122,0,2051412,B_G1_G2_AA_AE_mBHI_mGAM_2_S169,102625
43,G5-e003Coalescence-mGAM-p7_S172,0,2000174,B_G1_G2_AA_AE_mBHI_mGAM_2_S169,102625
44,G4-e003Coalescence-mGAM-p5_S75,0,2083119,B_G1_G2_AA_AE_mBHI_mGAM_2_S169,102625
45,G2-e003Coalescence-mGAM-p5_S73,0,2095666,B_G1_G2_AA_AE_mBHI_mGAM_2_S169,102625
46,G4-e003Coalescence-mGAM-p3_S83,0,2123891,B_G1_G2_AA_AE_mBHI_mGAM_2_S169,102625
47,F4-e003Coalescence-mGAM-p5_S63,0,2012196,B_G1_G2_AA_AE_mBHI_mGAM_2_S169,102625
48,G4-e003Coalescence-mGAM-p7_S171,0,1341178,B_G1_G2_AA_AE_mBHI_mGAM_2_S169,102625
49,G3-e003Coalescence-mGAM-p3_S82,0,2148001,B_G1_G2_AA_AE_mBHI_mGAM_2_S169,102625
50,G3-e003Coalescence-mGAM-p5_S74,0,2126090,B_G1_G2_AA_AE_mBHI_mGAM_2_S169,102625
51,E4-e003Coalescence-mGAM-p7_S147,0,2145639,B_G1_G2_AA_AE_mBHI_mGAM_2_S169,102625
52,E4-e003Coalescence-mGAM-p3_S59,0,2087042,B_G1_G2_AA_AE_mBHI_mGAM_2_S169,102625
53,F4-e003Coalescence-mGAM-p3_S71,0,2109664,B_G1_G2_AA_AE_mBHI_mGAM_2_S169,102625
54,F4-e003Coalescence-mGAM-p7_S159,0,2100682,B_G1_G2_AA_AE_mBHI_mGAM_2_S169,102625
55,G2-e003Coalescence-mGAM-p3_S81,0,2106083,B_G1_G2_AA_AE_mBHI_mGAM_2_S169,102625
56,C4-e003Coalescence-mGAM-p1_S738,0,1463124,B_G1_G2_AA_AE_mBHI_mGAM_2_S169,102625
57,D4-e003Coalescence-mGAM-p1_S739,0,1848658,B_G1_G2_AA_AE_mBHI_mGAM_2_S169,102625
58,B4-e003Coalescence-mGAM-p1_S737,0,1405634,B_G1_G2_AA_AE_mBHI_mGAM_2_S169,102625
59,Coalescence-E5-C4-AE-AE-mBHI-mBHI-3_S672,0,2109217,B_G1_G2_AA_AE_mBHI_mGAM_2_S169,102625
60,Coalescence-C6-A4-AA-AE-mBHI-mGAM-5_S649,0,2160650,B_G1_G2_AA_AE_mBHI_mGAM_2_S169,102625
61,Coalescence-D12-B4-ACPP-AE-mBHI-mGAM-3_S667,0,2160583,B_G1_G2_AA_AE_mBHI_mGAM_2_S169,102625
62,Coalescence-D8-A4-AA-AE-mBHI-mGAM-3_S663,0,2106366,B_G1_G2_AA_AE_mBHI_mGAM_2_S169,102625
63,Coalescence-B9-G3-ACPP-AE-mBHI-mGAM-7_S640,0,2145029,B_G1_G2_AA_AE_mBHI_mGAM_2_S169,102625
64,Coalescence-E4-C3-ACPP-AE-mBHI-mBHI-3_S671,0,1231438,B_G1_G2_AA_AE_mBHI_mGAM_2_S169,102625
65,D_F11_e003Assembly_S359,1,2166211,B_G1_G2_AA_AE_mBHI_mGAM_2_S169,102625
66,C_C2_e003Assembly_S218,0,2063067,B_G1_G2_AA_AE_mBHI_mGAM_2_S169,102625
67,C_C6_e003Assembly_S222,0,1156589,B_G1_G2_AA_AE_mBHI_mGAM_2_S169,102625
68,C_G6_e003Assembly_S270,1,1957903,B_G1_G2_AA_AE_mBHI_mGAM_2_S169,102625
0,A_C3_C4_AE_AE_mBHI_mBHI_2_S27,0,1830153,B_H3_H4_AE_AF_mBHI_mGAM_2_S183,102625
1,A_C4_C5_AF_AE_mBHI_mBHI_2_S28,0,1831891,B_H3_H4_AE_AF_mBHI_mGAM_2_S183,102625
2,A_C11_C4_AE_AE_mBHI_mBHI_4_S35,0,1830141,B_H3_H4_AE_AF_mBHI_mGAM_2_S183,102625
3,A_D11_D4_AE_AF_mBHI_mBHI_4_S47,0,1191497,B_H3_H4_AE_AF_mBHI_mGAM_2_S183,102625
4,A_E3_A4_AE_AA_mBHI_mGAM_2_S51,0,1044170,B_H3_H4_AE_AF_mBHI_mGAM_2_S183,102625
5,A_E11_A4_AE_AA_mBHI_mGAM_4_S59,0,2146010,B_H3_H4_AE_AF_mBHI_mGAM_2_S183,102625
6,A_G1_C2_AA_AE_mBHI_mGAM_2_S73,0,2142841,B_H3_H4_AE_AF_mBHI_mGAM_2_S183,102625
7,A_G3_C4_AE_AE_mBHI_mGAM_2_S75,0,2091004,B_H3_H4_AE_AF_mBHI_mGAM_2_S183,102625
8,A_G4_C5_AF_AE_mBHI_mGAM_2_S76,0,1677063,B_H3_H4_AE_AF_mBHI_mGAM_2_S183,102625
9,A_G9_C2_AA_AE_mBHI_mGAM_4_S81,0,2159450,B_H3_H4_AE_AF_mBHI_mGAM_2_S183,102625
10,A_G10_C3_ACPP_AE_mBHI_mGAM_4_S82,0,2100659,B_H3_H4_AE_AF_mBHI_mGAM_2_S183,102625
11,A_H3_D4_AE_AF_mBHI_mGAM_2_S87,0,1928409,B_H3_H4_AE_AF_mBHI_mGAM_2_S183,102625
12,B_E3_E4_AE_AA_mBHI_mGAM_2_S147,0,1045740,B_H3_H4_AE_AF_mBHI_mGAM_2_S183,102625
13,B_G1_G2_AA_AE_mBHI_mGAM_2_S169,0,2159590,B_H3_H4_AE_AF_mBHI_mGAM_2_S183,102625
14,B_H3_H4_AE_AF_mBHI_mGAM_2_S183,0,1457926,B_H3_H4_AE_AF_mBHI_mGAM_2_S183,102625
15,C_C11_G4_AE_AE_mBHI_mBHI_4_S227,0,1523518,B_H3_H4_AE_AF_mBHI_mGAM_2_S183,102625
16,C_E3_A4_AE_AA_mBHI_mGAM_6_S243,0,2145227,B_H3_H4_AE_AF_mBHI_mGAM_2_S183,102625
17,C_E11_E4_AE_AA_mBHI_mGAM_4_S251,0,2164170,B_H3_H4_AE_AF_mBHI_mGAM_2_S183,102625
18,C_G3_C4_AE_AE_mBHI_mGAM_6_S267,0,1555228,B_H3_H4_AE_AF_mBHI_mGAM_2_S183,102625
19,C_G11_G4_AE_AE_mBHI_mGAM_4_S275,0,2041192,B_H3_H4_AE_AF_mBHI_mGAM_2_S183,102625
20,C_H11_H4_AE_AF_mBHI_mGAM_4_S287,0,1662792,B_H3_H4_AE_AF_mBHI_mGAM_2_S183,102625
21,D_E3_A4_AE_AA_mBHI_mGAM_6_S339,0,2168722,B_H3_H4_AE_AF_mBHI_mGAM_2_S183,102625
22,D_G1_C2_AA_AE_mBHI_mGAM_6_S361,0,2165921,B_H3_H4_AE_AF_mBHI_mGAM_2_S183,102625
23,D_G3_C4_AE_AE_mBHI_mGAM_6_S363,0,2139279,B_H3_H4_AE_AF_mBHI_mGAM_2_S183,102625
24,D_H3_D4_AE_AF_mBHI_mGAM_6_S375,0,1929446,B_H3_H4_AE_AF_mBHI_mGAM_2_S183,102625
25,C4-e003Coalescence-mGAM-p7,19,1507607,B_H3_H4_AE_AF_mBHI_mGAM_2_S183,102625
26,C3-e003Coalescence-mGAM-p3,21,2175580,B_H3_H4_AE_AF_mBHI_mGAM_2_S183,102625
27,C2-e003Coalescence-mGAM-p7,23,2190353,B_H3_H4_AE_AF_mBHI_mGAM_2_S183,102625
28,B4-e003Coalescence-mGAM-p5,23,2112758,B_H3_H4_AE_AF_mBHI_mGAM_2_S183,102625
29,D4-e003Coalescence-mGAM-p5,15,1378041,B_H3_H4_AE_AF_mBHI_mGAM_2_S183,102625
30,C2-e003Coalescence-mGAM-p3,9,1272026,B_H3_H4_AE_AF_mBHI_mGAM_2_S183,102625
31,C4-e003Coalescence-mGAM-p5,16,1470780,B_H3_H4_AE_AF_mBHI_mGAM_2_S183,102625
32,C4-e003Coalescence-mGAM-p3,23,2170545,B_H3_H4_AE_AF_mBHI_mGAM_2_S183,102625
33,C5-e003Coalescence-mGAM-p3,18,1755780,B_H3_H4_AE_AF_mBHI_mGAM_2_S183,102625
34,C3-e003Coalescence-mGAM-p5,23,2102070,B_H3_H4_AE_AF_mBHI_mGAM_2_S183,102625
35,D4-e003Coalescence-mGAM-p3,18,1955064,B_H3_H4_AE_AF_mBHI_mGAM_2_S183,102625
36,C3-e003Coalescence-mGAM-p7,23,2177723,B_H3_H4_AE_AF_mBHI_mGAM_2_S183,102625
37,C2-e003Coalescence-mGAM-p5,17,2091417,B_H3_H4_AE_AF_mBHI_mGAM_2_S183,102625
38,H4-e003Coalescence-mGAM-p7_S183,0,2127707,B_H3_H4_AE_AF_mBHI_mGAM_2_S183,102625
39,G3-e003Coalescence-mBHI-p5_S26,0,1984187,B_H3_H4_AE_AF_mBHI_mGAM_2_S183,102625
40,E4-e003Coalescence-mGAM-p5_S51,0,2046969,B_H3_H4_AE_AF_mBHI_mGAM_2_S183,102625
41,G5-e003Coalescence-mGAM-p3_S84,0,1327011,B_H3_H4_AE_AF_mBHI_mGAM_2_S183,102625
42,G3-e003Coalescence-mBHI-p7_S122,0,2051412,B_H3_H4_AE_AF_mBHI_mGAM_2_S183,102625
43,G5-e003Coalescence-mGAM-p7_S172,0,2000174,B_H3_H4_AE_AF_mBHI_mGAM_2_S183,102625
44,G4-e003Coalescence-mGAM-p5_S75,0,2083119,B_H3_H4_AE_AF_mBHI_mGAM_2_S183,102625
45,G2-e003Coalescence-mGAM-p5_S73,0,2095666,B_H3_H4_AE_AF_mBHI_mGAM_2_S183,102625
46,G4-e003Coalescence-mGAM-p3_S83,0,2123891,B_H3_H4_AE_AF_mBHI_mGAM_2_S183,102625
47,F4-e003Coalescence-mGAM-p5_S63,0,2012196,B_H3_H4_AE_AF_mBHI_mGAM_2_S183,102625
48,G4-e003Coalescence-mGAM-p7_S171,0,1341178,B_H3_H4_AE_AF_mBHI_mGAM_2_S183,102625
49,G3-e003Coalescence-mGAM-p3_S82,0,2148001,B_H3_H4_AE_AF_mBHI_mGAM_2_S183,102625
50,G3-e003Coalescence-mGAM-p5_S74,0,2126090,B_H3_H4_AE_AF_mBHI_mGAM_2_S183,102625
51,E4-e003Coalescence-mGAM-p7_S147,0,2145639,B_H3_H4_AE_AF_mBHI_mGAM_2_S183,102625
52,E4-e003Coalescence-mGAM-p3_S59,0,2087042,B_H3_H4_AE_AF_mBHI_mGAM_2_S183,102625
53,F4-e003Coalescence-mGAM-p3_S71,0,2109664,B_H3_H4_AE_AF_mBHI_mGAM_2_S183,102625
54,F4-e003Coalescence-mGAM-p7_S159,0,2100682,B_H3_H4_AE_AF_mBHI_mGAM_2_S183,102625
55,G2-e003Coalescence-mGAM-p3_S81,0,2106083,B_H3_H4_AE_AF_mBHI_mGAM_2_S183,102625
56,C4-e003Coalescence-mGAM-p1_S738,0,1463124,B_H3_H4_AE_AF_mBHI_mGAM_2_S183,102625
57,D4-e003Coalescence-mGAM-p1_S739,0,1848658,B_H3_H4_AE_AF_mBHI_mGAM_2_S183,102625
58,B4-e003Coalescence-mGAM-p1_S737,0,1405634,B_H3_H4_AE_AF_mBHI_mGAM_2_S183,102625
59,Coalescence-E5-C4-AE-AE-mBHI-mBHI-3_S672,0,2109217,B_H3_H4_AE_AF_mBHI_mGAM_2_S183,102625
60,Coalescence-C6-A4-AA-AE-mBHI-mGAM-5_S649,0,2160650,B_H3_H4_AE_AF_mBHI_mGAM_2_S183,102625
61,Coalescence-D12-B4-ACPP-AE-mBHI-mGAM-3_S667,0,2160583,B_H3_H4_AE_AF_mBHI_mGAM_2_S183,102625
62,Coalescence-D8-A4-AA-AE-mBHI-mGAM-3_S663,0,2106366,B_H3_H4_AE_AF_mBHI_mGAM_2_S183,102625
63,Coalescence-B9-G3-ACPP-AE-mBHI-mGAM-7_S640,0,2145029,B_H3_H4_AE_AF_mBHI_mGAM_2_S183,102625
64,Coalescence-E4-C3-ACPP-AE-mBHI-mBHI-3_S671,0,1231438,B_H3_H4_AE_AF_mBHI_mGAM_2_S183,102625
65,D_F11_e003Assembly_S359,1,2166211,B_H3_H4_AE_AF_mBHI_mGAM_2_S183,102625
66,C_C2_e003Assembly_S218,0,2063067,B_H3_H4_AE_AF_mBHI_mGAM_2_S183,102625
67,C_C6_e003Assembly_S222,0,1156589,B_H3_H4_AE_AF_mBHI_mGAM_2_S183,102625
68,C_G6_e003Assembly_S270,1,1957903,B_H3_H4_AE_AF_mBHI_mGAM_2_S183,102625
0,A_C3_C4_AE_AE_mBHI_mBHI_2_S27,0,1830153,C_C11_G4_AE_AE_mBHI_mBHI_4_S227,102625
1,A_C4_C5_AF_AE_mBHI_mBHI_2_S28,0,1831891,C_C11_G4_AE_AE_mBHI_mBHI_4_S227,102625
2,A_C11_C4_AE_AE_mBHI_mBHI_4_S35,0,1830141,C_C11_G4_AE_AE_mBHI_mBHI_4_S227,102625
3,A_D11_D4_AE_AF_mBHI_mBHI_4_S47,0,1191497,C_C11_G4_AE_AE_mBHI_mBHI_4_S227,102625
4,A_E3_A4_AE_AA_mBHI_mGAM_2_S51,0,1044170,C_C11_G4_AE_AE_mBHI_mBHI_4_S227,102625
5,A_E11_A4_AE_AA_mBHI_mGAM_4_S59,0,2146010,C_C11_G4_AE_AE_mBHI_mBHI_4_S227,102625
6,A_G1_C2_AA_AE_mBHI_mGAM_2_S73,0,2142841,C_C11_G4_AE_AE_mBHI_mBHI_4_S227,102625
7,A_G3_C4_AE_AE_mBHI_mGAM_2_S75,0,2091004,C_C11_G4_AE_AE_mBHI_mBHI_4_S227,102625
8,A_G4_C5_AF_AE_mBHI_mGAM_2_S76,1,1677063,C_C11_G4_AE_AE_mBHI_mBHI_4_S227,102625
9,A_G9_C2_AA_AE_mBHI_mGAM_4_S81,0,2159450,C_C11_G4_AE_AE_mBHI_mBHI_4_S227,102625
10,A_G10_C3_ACPP_AE_mBHI_mGAM_4_S82,0,2100659,C_C11_G4_AE_AE_mBHI_mBHI_4_S227,102625
11,A_H3_D4_AE_AF_mBHI_mGAM_2_S87,0,1928409,C_C11_G4_AE_AE_mBHI_mBHI_4_S227,102625
12,B_E3_E4_AE_AA_mBHI_mGAM_2_S147,0,1045740,C_C11_G4_AE_AE_mBHI_mBHI_4_S227,102625
13,B_G1_G2_AA_AE_mBHI_mGAM_2_S169,0,2159590,C_C11_G4_AE_AE_mBHI_mBHI_4_S227,102625
14,B_H3_H4_AE_AF_mBHI_mGAM_2_S183,0,1457926,C_C11_G4_AE_AE_mBHI_mBHI_4_S227,102625
15,C_C11_G4_AE_AE_mBHI_mBHI_4_S227,0,1523518,C_C11_G4_AE_AE_mBHI_mBHI_4_S227,102625
16,C_E3_A4_AE_AA_mBHI_mGAM_6_S243,0,2145227,C_C11_G4_AE_AE_mBHI_mBHI_4_S227,102625
17,C_E11_E4_AE_AA_mBHI_mGAM_4_S251,0,2164170,C_C11_G4_AE_AE_mBHI_mBHI_4_S227,102625
18,C_G3_C4_AE_AE_mBHI_mGAM_6_S267,1,1555228,C_C11_G4_AE_AE_mBHI_mBHI_4_S227,102625
19,C_G11_G4_AE_AE_mBHI_mGAM_4_S275,0,2041192,C_C11_G4_AE_AE_mBHI_mBHI_4_S227,102625
20,C_H11_H4_AE_AF_mBHI_mGAM_4_S287,0,1662792,C_C11_G4_AE_AE_mBHI_mBHI_4_S227,102625
21,D_E3_A4_AE_AA_mBHI_mGAM_6_S339,0,2168722,C_C11_G4_AE_AE_mBHI_mBHI_4_S227,102625
22,D_G1_C2_AA_AE_mBHI_mGAM_6_S361,0,2165921,C_C11_G4_AE_AE_mBHI_mBHI_4_S227,102625
23,D_G3_C4_AE_AE_mBHI_mGAM_6_S363,0,2139279,C_C11_G4_AE_AE_mBHI_mBHI_4_S227,102625
24,D_H3_D4_AE_AF_mBHI_mGAM_6_S375,1,1929446,C_C11_G4_AE_AE_mBHI_mBHI_4_S227,102625
25,C4-e003Coalescence-mGAM-p7,22,1507607,C_C11_G4_AE_AE_mBHI_mBHI_4_S227,102625
26,C3-e003Coalescence-mGAM-p3,35,2175580,C_C11_G4_AE_AE_mBHI_mBHI_4_S227,102625
27,C2-e003Coalescence-mGAM-p7,36,2190353,C_C11_G4_AE_AE_mBHI_mBHI_4_S227,102625
28,B4-e003Coalescence-mGAM-p5,35,2112758,C_C11_G4_AE_AE_mBHI_mBHI_4_S227,102625
29,D4-e003Coalescence-mGAM-p5,20,1378041,C_C11_G4_AE_AE_mBHI_mBHI_4_S227,102625
30,C2-e003Coalescence-mGAM-p3,20,1272026,C_C11_G4_AE_AE_mBHI_mBHI_4_S227,102625
31,C4-e003Coalescence-mGAM-p5,22,1470780,C_C11_G4_AE_AE_mBHI_mBHI_4_S227,102625
32,C4-e003Coalescence-mGAM-p3,35,2170545,C_C11_G4_AE_AE_mBHI_mBHI_4_S227,102625
33,C5-e003Coalescence-mGAM-p3,20,1755780,C_C11_G4_AE_AE_mBHI_mBHI_4_S227,102625
34,C3-e003Coalescence-mGAM-p5,36,2102070,C_C11_G4_AE_AE_mBHI_mBHI_4_S227,102625
35,D4-e003Coalescence-mGAM-p3,28,1955064,C_C11_G4_AE_AE_mBHI_mBHI_4_S227,102625
36,C3-e003Coalescence-mGAM-p7,36,2177723,C_C11_G4_AE_AE_mBHI_mBHI_4_S227,102625
37,C2-e003Coalescence-mGAM-p5,29,2091417,C_C11_G4_AE_AE_mBHI_mBHI_4_S227,102625
38,H4-e003Coalescence-mGAM-p7_S183,0,2127707,C_C11_G4_AE_AE_mBHI_mBHI_4_S227,102625
39,G3-e003Coalescence-mBHI-p5_S26,0,1984187,C_C11_G4_AE_AE_mBHI_mBHI_4_S227,102625
40,E4-e003Coalescence-mGAM-p5_S51,0,2046969,C_C11_G4_AE_AE_mBHI_mBHI_4_S227,102625
41,G5-e003Coalescence-mGAM-p3_S84,0,1327011,C_C11_G4_AE_AE_mBHI_mBHI_4_S227,102625
42,G3-e003Coalescence-mBHI-p7_S122,0,2051412,C_C11_G4_AE_AE_mBHI_mBHI_4_S227,102625
43,G5-e003Coalescence-mGAM-p7_S172,0,2000174,C_C11_G4_AE_AE_mBHI_mBHI_4_S227,102625
44,G4-e003Coalescence-mGAM-p5_S75,0,2083119,C_C11_G4_AE_AE_mBHI_mBHI_4_S227,102625
45,G2-e003Coalescence-mGAM-p5_S73,0,2095666,C_C11_G4_AE_AE_mBHI_mBHI_4_S227,102625
46,G4-e003Coalescence-mGAM-p3_S83,0,2123891,C_C11_G4_AE_AE_mBHI_mBHI_4_S227,102625
47,F4-e003Coalescence-mGAM-p5_S63,0,2012196,C_C11_G4_AE_AE_mBHI_mBHI_4_S227,102625
48,G4-e003Coalescence-mGAM-p7_S171,0,1341178,C_C11_G4_AE_AE_mBHI_mBHI_4_S227,102625
49,G3-e003Coalescence-mGAM-p3_S82,0,2148001,C_C11_G4_AE_AE_mBHI_mBHI_4_S227,102625
50,G3-e003Coalescence-mGAM-p5_S74,0,2126090,C_C11_G4_AE_AE_mBHI_mBHI_4_S227,102625
51,E4-e003Coalescence-mGAM-p7_S147,0,2145639,C_C11_G4_AE_AE_mBHI_mBHI_4_S227,102625
52,E4-e003Coalescence-mGAM-p3_S59,0,2087042,C_C11_G4_AE_AE_mBHI_mBHI_4_S227,102625
53,F4-e003Coalescence-mGAM-p3_S71,0,2109664,C_C11_G4_AE_AE_mBHI_mBHI_4_S227,102625
54,F4-e003Coalescence-mGAM-p7_S159,2,2100682,C_C11_G4_AE_AE_mBHI_mBHI_4_S227,102625
55,G2-e003Coalescence-mGAM-p3_S81,0,2106083,C_C11_G4_AE_AE_mBHI_mBHI_4_S227,102625
56,C4-e003Coalescence-mGAM-p1_S738,0,1463124,C_C11_G4_AE_AE_mBHI_mBHI_4_S227,102625
57,D4-e003Coalescence-mGAM-p1_S739,0,1848658,C_C11_G4_AE_AE_mBHI_mBHI_4_S227,102625
58,B4-e003Coalescence-mGAM-p1_S737,0,1405634,C_C11_G4_AE_AE_mBHI_mBHI_4_S227,102625
59,Coalescence-E5-C4-AE-AE-mBHI-mBHI-3_S672,0,2109217,C_C11_G4_AE_AE_mBHI_mBHI_4_S227,102625
60,Coalescence-C6-A4-AA-AE-mBHI-mGAM-5_S649,0,2160650,C_C11_G4_AE_AE_mBHI_mBHI_4_S227,102625
61,Coalescence-D12-B4-ACPP-AE-mBHI-mGAM-3_S667,0,2160583,C_C11_G4_AE_AE_mBHI_mBHI_4_S227,102625
62,Coalescence-D8-A4-AA-AE-mBHI-mGAM-3_S663,0,2106366,C_C11_G4_AE_AE_mBHI_mBHI_4_S227,102625
63,Coalescence-B9-G3-ACPP-AE-mBHI-mGAM-7_S640,0,2145029,C_C11_G4_AE_AE_mBHI_mBHI_4_S227,102625
64,Coalescence-E4-C3-ACPP-AE-mBHI-mBHI-3_S671,0,1231438,C_C11_G4_AE_AE_mBHI_mBHI_4_S227,102625
65,D_F11_e003Assembly_S359,1,2166211,C_C11_G4_AE_AE_mBHI_mBHI_4_S227,102625
66,C_C2_e003Assembly_S218,0,2063067,C_C11_G4_AE_AE_mBHI_mBHI_4_S227,102625
67,C_C6_e003Assembly_S222,2,1156589,C_C11_G4_AE_AE_mBHI_mBHI_4_S227,102625
68,C_G6_e003Assembly_S270,2,1957903,C_C11_G4_AE_AE_mBHI_mBHI_4_S227,102625
0,A_C3_C4_AE_AE_mBHI_mBHI_2_S27,0,1830153,C_E3_A4_AE_AA_mBHI_mGAM_6_S243,102625
1,A_C4_C5_AF_AE_mBHI_mBHI_2_S28,0,1831891,C_E3_A4_AE_AA_mBHI_mGAM_6_S243,102625
2,A_C11_C4_AE_AE_mBHI_mBHI_4_S35,0,1830141,C_E3_A4_AE_AA_mBHI_mGAM_6_S243,102625
3,A_D11_D4_AE_AF_mBHI_mBHI_4_S47,0,1191497,C_E3_A4_AE_AA_mBHI_mGAM_6_S243,102625
4,A_E3_A4_AE_AA_mBHI_mGAM_2_S51,0,1044170,C_E3_A4_AE_AA_mBHI_mGAM_6_S243,102625
5,A_E11_A4_AE_AA_mBHI_mGAM_4_S59,0,2146010,C_E3_A4_AE_AA_mBHI_mGAM_6_S243,102625
6,A_G1_C2_AA_AE_mBHI_mGAM_2_S73,0,2142841,C_E3_A4_AE_AA_mBHI_mGAM_6_S243,102625
7,A_G3_C4_AE_AE_mBHI_mGAM_2_S75,0,2091004,C_E3_A4_AE_AA_mBHI_mGAM_6_S243,102625
8,A_G4_C5_AF_AE_mBHI_mGAM_2_S76,0,1677063,C_E3_A4_AE_AA_mBHI_mGAM_6_S243,102625
9,A_G9_C2_AA_AE_mBHI_mGAM_4_S81,0,2159450,C_E3_A4_AE_AA_mBHI_mGAM_6_S243,102625
10,A_G10_C3_ACPP_AE_mBHI_mGAM_4_S82,0,2100659,C_E3_A4_AE_AA_mBHI_mGAM_6_S243,102625
11,A_H3_D4_AE_AF_mBHI_mGAM_2_S87,0,1928409,C_E3_A4_AE_AA_mBHI_mGAM_6_S243,102625
12,B_E3_E4_AE_AA_mBHI_mGAM_2_S147,0,1045740,C_E3_A4_AE_AA_mBHI_mGAM_6_S243,102625
13,B_G1_G2_AA_AE_mBHI_mGAM_2_S169,0,2159590,C_E3_A4_AE_AA_mBHI_mGAM_6_S243,102625
14,B_H3_H4_AE_AF_mBHI_mGAM_2_S183,0,1457926,C_E3_A4_AE_AA_mBHI_mGAM_6_S243,102625
15,C_C11_G4_AE_AE_mBHI_mBHI_4_S227,0,1523518,C_E3_A4_AE_AA_mBHI_mGAM_6_S243,102625
16,C_E3_A4_AE_AA_mBHI_mGAM_6_S243,0,2145227,C_E3_A4_AE_AA_mBHI_mGAM_6_S243,102625
17,C_E11_E4_AE_AA_mBHI_mGAM_4_S251,0,2164170,C_E3_A4_AE_AA_mBHI_mGAM_6_S243,102625
18,C_G3_C4_AE_AE_mBHI_mGAM_6_S267,0,1555228,C_E3_A4_AE_AA_mBHI_mGAM_6_S243,102625
19,C_G11_G4_AE_AE_mBHI_mGAM_4_S275,0,2041192,C_E3_A4_AE_AA_mBHI_mGAM_6_S243,102625
20,C_H11_H4_AE_AF_mBHI_mGAM_4_S287,0,1662792,C_E3_A4_AE_AA_mBHI_mGAM_6_S243,102625
21,D_E3_A4_AE_AA_mBHI_mGAM_6_S339,0,2168722,C_E3_A4_AE_AA_mBHI_mGAM_6_S243,102625
22,D_G1_C2_AA_AE_mBHI_mGAM_6_S361,0,2165921,C_E3_A4_AE_AA_mBHI_mGAM_6_S243,102625
23,D_G3_C4_AE_AE_mBHI_mGAM_6_S363,0,2139279,C_E3_A4_AE_AA_mBHI_mGAM_6_S243,102625
24,D_H3_D4_AE_AF_mBHI_mGAM_6_S375,0,1929446,C_E3_A4_AE_AA_mBHI_mGAM_6_S243,102625
25,C4-e003Coalescence-mGAM-p7,33,1507607,C_E3_A4_AE_AA_mBHI_mGAM_6_S243,102625
26,C3-e003Coalescence-mGAM-p3,60,2175580,C_E3_A4_AE_AA_mBHI_mGAM_6_S243,102625
27,C2-e003Coalescence-mGAM-p7,61,2190353,C_E3_A4_AE_AA_mBHI_mGAM_6_S243,102625
28,B4-e003Coalescence-mGAM-p5,55,2112758,C_E3_A4_AE_AA_mBHI_mGAM_6_S243,102625
29,D4-e003Coalescence-mGAM-p5,37,1378041,C_E3_A4_AE_AA_mBHI_mGAM_6_S243,102625
30,C2-e003Coalescence-mGAM-p3,39,1272026,C_E3_A4_AE_AA_mBHI_mGAM_6_S243,102625
31,C4-e003Coalescence-mGAM-p5,40,1470780,C_E3_A4_AE_AA_mBHI_mGAM_6_S243,102625
32,C4-e003Coalescence-mGAM-p3,59,2170545,C_E3_A4_AE_AA_mBHI_mGAM_6_S243,102625
33,C5-e003Coalescence-mGAM-p3,34,1755780,C_E3_A4_AE_AA_mBHI_mGAM_6_S243,102625
34,C3-e003Coalescence-mGAM-p5,53,2102070,C_E3_A4_AE_AA_mBHI_mGAM_6_S243,102625
35,D4-e003Coalescence-mGAM-p3,49,1955064,C_E3_A4_AE_AA_mBHI_mGAM_6_S243,102625
36,C3-e003Coalescence-mGAM-p7,59,2177723,C_E3_A4_AE_AA_mBHI_mGAM_6_S243,102625
37,C2-e003Coalescence-mGAM-p5,50,2091417,C_E3_A4_AE_AA_mBHI_mGAM_6_S243,102625
38,H4-e003Coalescence-mGAM-p7_S183,0,2127707,C_E3_A4_AE_AA_mBHI_mGAM_6_S243,102625
39,G3-e003Coalescence-mBHI-p5_S26,0,1984187,C_E3_A4_AE_AA_mBHI_mGAM_6_S243,102625
40,E4-e003Coalescence-mGAM-p5_S51,1,2046969,C_E3_A4_AE_AA_mBHI_mGAM_6_S243,102625
41,G5-e003Coalescence-mGAM-p3_S84,0,1327011,C_E3_A4_AE_AA_mBHI_mGAM_6_S243,102625
42,G3-e003Coalescence-mBHI-p7_S122,0,2051412,C_E3_A4_AE_AA_mBHI_mGAM_6_S243,102625
43,G5-e003Coalescence-mGAM-p7_S172,0,2000174,C_E3_A4_AE_AA_mBHI_mGAM_6_S243,102625
44,G4-e003Coalescence-mGAM-p5_S75,0,2083119,C_E3_A4_AE_AA_mBHI_mGAM_6_S243,102625
45,G2-e003Coalescence-mGAM-p5_S73,0,2095666,C_E3_A4_AE_AA_mBHI_mGAM_6_S243,102625
46,G4-e003Coalescence-mGAM-p3_S83,0,2123891,C_E3_A4_AE_AA_mBHI_mGAM_6_S243,102625
47,F4-e003Coalescence-mGAM-p5_S63,0,2012196,C_E3_A4_AE_AA_mBHI_mGAM_6_S243,102625
48,G4-e003Coalescence-mGAM-p7_S171,0,1341178,C_E3_A4_AE_AA_mBHI_mGAM_6_S243,102625
49,G3-e003Coalescence-mGAM-p3_S82,0,2148001,C_E3_A4_AE_AA_mBHI_mGAM_6_S243,102625
50,G3-e003Coalescence-mGAM-p5_S74,0,2126090,C_E3_A4_AE_AA_mBHI_mGAM_6_S243,102625
51,E4-e003Coalescence-mGAM-p7_S147,0,2145639,C_E3_A4_AE_AA_mBHI_mGAM_6_S243,102625
52,E4-e003Coalescence-mGAM-p3_S59,0,2087042,C_E3_A4_AE_AA_mBHI_mGAM_6_S243,102625
53,F4-e003Coalescence-mGAM-p3_S71,0,2109664,C_E3_A4_AE_AA_mBHI_mGAM_6_S243,102625
54,F4-e003Coalescence-mGAM-p7_S159,0,2100682,C_E3_A4_AE_AA_mBHI_mGAM_6_S243,102625
55,G2-e003Coalescence-mGAM-p3_S81,0,2106083,C_E3_A4_AE_AA_mBHI_mGAM_6_S243,102625
56,C4-e003Coalescence-mGAM-p1_S738,0,1463124,C_E3_A4_AE_AA_mBHI_mGAM_6_S243,102625
57,D4-e003Coalescence-mGAM-p1_S739,0,1848658,C_E3_A4_AE_AA_mBHI_mGAM_6_S243,102625
58,B4-e003Coalescence-mGAM-p1_S737,0,1405634,C_E3_A4_AE_AA_mBHI_mGAM_6_S243,102625
59,Coalescence-E5-C4-AE-AE-mBHI-mBHI-3_S672,0,2109217,C_E3_A4_AE_AA_mBHI_mGAM_6_S243,102625
60,Coalescence-C6-A4-AA-AE-mBHI-mGAM-5_S649,0,2160650,C_E3_A4_AE_AA_mBHI_mGAM_6_S243,102625
61,Coalescence-D12-B4-ACPP-AE-mBHI-mGAM-3_S667,0,2160583,C_E3_A4_AE_AA_mBHI_mGAM_6_S243,102625
62,Coalescence-D8-A4-AA-AE-mBHI-mGAM-3_S663,0,2106366,C_E3_A4_AE_AA_mBHI_mGAM_6_S243,102625
63,Coalescence-B9-G3-ACPP-AE-mBHI-mGAM-7_S640,0,2145029,C_E3_A4_AE_AA_mBHI_mGAM_6_S243,102625
64,Coalescence-E4-C3-ACPP-AE-mBHI-mBHI-3_S671,0,1231438,C_E3_A4_AE_AA_mBHI_mGAM_6_S243,102625
65,D_F11_e003Assembly_S359,1,2166211,C_E3_A4_AE_AA_mBHI_mGAM_6_S243,102625
66,C_C2_e003Assembly_S218,0,2063067,C_E3_A4_AE_AA_mBHI_mGAM_6_S243,102625
67,C_C6_e003Assembly_S222,0,1156589,C_E3_A4_AE_AA_mBHI_mGAM_6_S243,102625
68,C_G6_e003Assembly_S270,1,1957903,C_E3_A4_AE_AA_mBHI_mGAM_6_S243,102625
0,A_C3_C4_AE_AE_mBHI_mBHI_2_S27,0,1830153,C_E11_E4_AE_AA_mBHI_mGAM_4_S251,102625
1,A_C4_C5_AF_AE_mBHI_mBHI_2_S28,0,1831891,C_E11_E4_AE_AA_mBHI_mGAM_4_S251,102625
2,A_C11_C4_AE_AE_mBHI_mBHI_4_S35,0,1830141,C_E11_E4_AE_AA_mBHI_mGAM_4_S251,102625
3,A_D11_D4_AE_AF_mBHI_mBHI_4_S47,0,1191497,C_E11_E4_AE_AA_mBHI_mGAM_4_S251,102625
4,A_E3_A4_AE_AA_mBHI_mGAM_2_S51,0,1044170,C_E11_E4_AE_AA_mBHI_mGAM_4_S251,102625
5,A_E11_A4_AE_AA_mBHI_mGAM_4_S59,0,2146010,C_E11_E4_AE_AA_mBHI_mGAM_4_S251,102625
6,A_G1_C2_AA_AE_mBHI_mGAM_2_S73,0,2142841,C_E11_E4_AE_AA_mBHI_mGAM_4_S251,102625
7,A_G3_C4_AE_AE_mBHI_mGAM_2_S75,0,2091004,C_E11_E4_AE_AA_mBHI_mGAM_4_S251,102625
8,A_G4_C5_AF_AE_mBHI_mGAM_2_S76,0,1677063,C_E11_E4_AE_AA_mBHI_mGAM_4_S251,102625
9,A_G9_C2_AA_AE_mBHI_mGAM_4_S81,0,2159450,C_E11_E4_AE_AA_mBHI_mGAM_4_S251,102625
10,A_G10_C3_ACPP_AE_mBHI_mGAM_4_S82,0,2100659,C_E11_E4_AE_AA_mBHI_mGAM_4_S251,102625
11,A_H3_D4_AE_AF_mBHI_mGAM_2_S87,0,1928409,C_E11_E4_AE_AA_mBHI_mGAM_4_S251,102625
12,B_E3_E4_AE_AA_mBHI_mGAM_2_S147,0,1045740,C_E11_E4_AE_AA_mBHI_mGAM_4_S251,102625
13,B_G1_G2_AA_AE_mBHI_mGAM_2_S169,0,2159590,C_E11_E4_AE_AA_mBHI_mGAM_4_S251,102625
14,B_H3_H4_AE_AF_mBHI_mGAM_2_S183,0,1457926,C_E11_E4_AE_AA_mBHI_mGAM_4_S251,102625
15,C_C11_G4_AE_AE_mBHI_mBHI_4_S227,0,1523518,C_E11_E4_AE_AA_mBHI_mGAM_4_S251,102625
16,C_E3_A4_AE_AA_mBHI_mGAM_6_S243,0,2145227,C_E11_E4_AE_AA_mBHI_mGAM_4_S251,102625
17,C_E11_E4_AE_AA_mBHI_mGAM_4_S251,0,2164170,C_E11_E4_AE_AA_mBHI_mGAM_4_S251,102625
18,C_G3_C4_AE_AE_mBHI_mGAM_6_S267,0,1555228,C_E11_E4_AE_AA_mBHI_mGAM_4_S251,102625
19,C_G11_G4_AE_AE_mBHI_mGAM_4_S275,0,2041192,C_E11_E4_AE_AA_mBHI_mGAM_4_S251,102625
20,C_H11_H4_AE_AF_mBHI_mGAM_4_S287,0,1662792,C_E11_E4_AE_AA_mBHI_mGAM_4_S251,102625
21,D_E3_A4_AE_AA_mBHI_mGAM_6_S339,0,2168722,C_E11_E4_AE_AA_mBHI_mGAM_4_S251,102625
22,D_G1_C2_AA_AE_mBHI_mGAM_6_S361,0,2165921,C_E11_E4_AE_AA_mBHI_mGAM_4_S251,102625
23,D_G3_C4_AE_AE_mBHI_mGAM_6_S363,0,2139279,C_E11_E4_AE_AA_mBHI_mGAM_4_S251,102625
24,D_H3_D4_AE_AF_mBHI_mGAM_6_S375,0,1929446,C_E11_E4_AE_AA_mBHI_mGAM_4_S251,102625
25,C4-e003Coalescence-mGAM-p7,38,1507607,C_E11_E4_AE_AA_mBHI_mGAM_4_S251,102625
26,C3-e003Coalescence-mGAM-p3,64,2175580,C_E11_E4_AE_AA_mBHI_mGAM_4_S251,102625
27,C2-e003Coalescence-mGAM-p7,63,2190353,C_E11_E4_AE_AA_mBHI_mGAM_4_S251,102625
28,B4-e003Coalescence-mGAM-p5,61,2112758,C_E11_E4_AE_AA_mBHI_mGAM_4_S251,102625
29,D4-e003Coalescence-mGAM-p5,36,1378041,C_E11_E4_AE_AA_mBHI_mGAM_4_S251,102625
30,C2-e003Coalescence-mGAM-p3,41,1272026,C_E11_E4_AE_AA_mBHI_mGAM_4_S251,102625
31,C4-e003Coalescence-mGAM-p5,42,1470780,C_E11_E4_AE_AA_mBHI_mGAM_4_S251,102625
32,C4-e003Coalescence-mGAM-p3,64,2170545,C_E11_E4_AE_AA_mBHI_mGAM_4_S251,102625
33,C5-e003Coalescence-mGAM-p3,39,1755780,C_E11_E4_AE_AA_mBHI_mGAM_4_S251,102625
34,C3-e003Coalescence-mGAM-p5,62,2102070,C_E11_E4_AE_AA_mBHI_mGAM_4_S251,102625
35,D4-e003Coalescence-mGAM-p3,51,1955064,C_E11_E4_AE_AA_mBHI_mGAM_4_S251,102625
36,C3-e003Coalescence-mGAM-p7,66,2177723,C_E11_E4_AE_AA_mBHI_mGAM_4_S251,102625
37,C2-e003Coalescence-mGAM-p5,60,2091417,C_E11_E4_AE_AA_mBHI_mGAM_4_S251,102625
38,H4-e003Coalescence-mGAM-p7_S183,0,2127707,C_E11_E4_AE_AA_mBHI_mGAM_4_S251,102625
39,G3-e003Coalescence-mBHI-p5_S26,0,1984187,C_E11_E4_AE_AA_mBHI_mGAM_4_S251,102625
40,E4-e003Coalescence-mGAM-p5_S51,1,2046969,C_E11_E4_AE_AA_mBHI_mGAM_4_S251,102625
41,G5-e003Coalescence-mGAM-p3_S84,0,1327011,C_E11_E4_AE_AA_mBHI_mGAM_4_S251,102625
42,G3-e003Coalescence-mBHI-p7_S122,0,2051412,C_E11_E4_AE_AA_mBHI_mGAM_4_S251,102625
43,G5-e003Coalescence-mGAM-p7_S172,0,2000174,C_E11_E4_AE_AA_mBHI_mGAM_4_S251,102625
44,G4-e003Coalescence-mGAM-p5_S75,0,2083119,C_E11_E4_AE_AA_mBHI_mGAM_4_S251,102625
45,G2-e003Coalescence-mGAM-p5_S73,0,2095666,C_E11_E4_AE_AA_mBHI_mGAM_4_S251,102625
46,G4-e003Coalescence-mGAM-p3_S83,0,2123891,C_E11_E4_AE_AA_mBHI_mGAM_4_S251,102625
47,F4-e003Coalescence-mGAM-p5_S63,0,2012196,C_E11_E4_AE_AA_mBHI_mGAM_4_S251,102625
48,G4-e003Coalescence-mGAM-p7_S171,0,1341178,C_E11_E4_AE_AA_mBHI_mGAM_4_S251,102625
49,G3-e003Coalescence-mGAM-p3_S82,0,2148001,C_E11_E4_AE_AA_mBHI_mGAM_4_S251,102625
50,G3-e003Coalescence-mGAM-p5_S74,0,2126090,C_E11_E4_AE_AA_mBHI_mGAM_4_S251,102625
51,E4-e003Coalescence-mGAM-p7_S147,0,2145639,C_E11_E4_AE_AA_mBHI_mGAM_4_S251,102625
52,E4-e003Coalescence-mGAM-p3_S59,0,2087042,C_E11_E4_AE_AA_mBHI_mGAM_4_S251,102625
53,F4-e003Coalescence-mGAM-p3_S71,0,2109664,C_E11_E4_AE_AA_mBHI_mGAM_4_S251,102625
54,F4-e003Coalescence-mGAM-p7_S159,0,2100682,C_E11_E4_AE_AA_mBHI_mGAM_4_S251,102625
55,G2-e003Coalescence-mGAM-p3_S81,0,2106083,C_E11_E4_AE_AA_mBHI_mGAM_4_S251,102625
56,C4-e003Coalescence-mGAM-p1_S738,0,1463124,C_E11_E4_AE_AA_mBHI_mGAM_4_S251,102625
57,D4-e003Coalescence-mGAM-p1_S739,0,1848658,C_E11_E4_AE_AA_mBHI_mGAM_4_S251,102625
58,B4-e003Coalescence-mGAM-p1_S737,0,1405634,C_E11_E4_AE_AA_mBHI_mGAM_4_S251,102625
59,Coalescence-E5-C4-AE-AE-mBHI-mBHI-3_S672,0,2109217,C_E11_E4_AE_AA_mBHI_mGAM_4_S251,102625
60,Coalescence-C6-A4-AA-AE-mBHI-mGAM-5_S649,0,2160650,C_E11_E4_AE_AA_mBHI_mGAM_4_S251,102625
61,Coalescence-D12-B4-ACPP-AE-mBHI-mGAM-3_S667,0,2160583,C_E11_E4_AE_AA_mBHI_mGAM_4_S251,102625
62,Coalescence-D8-A4-AA-AE-mBHI-mGAM-3_S663,0,2106366,C_E11_E4_AE_AA_mBHI_mGAM_4_S251,102625
63,Coalescence-B9-G3-ACPP-AE-mBHI-mGAM-7_S640,0,2145029,C_E11_E4_AE_AA_mBHI_mGAM_4_S251,102625
64,Coalescence-E4-C3-ACPP-AE-mBHI-mBHI-3_S671,0,1231438,C_E11_E4_AE_AA_mBHI_mGAM_4_S251,102625
65,D_F11_e003Assembly_S359,1,2166211,C_E11_E4_AE_AA_mBHI_mGAM_4_S251,102625
66,C_C2_e003Assembly_S218,0,2063067,C_E11_E4_AE_AA_mBHI_mGAM_4_S251,102625
67,C_C6_e003Assembly_S222,0,1156589,C_E11_E4_AE_AA_mBHI_mGAM_4_S251,102625
68,C_G6_e003Assembly_S270,1,1957903,C_E11_E4_AE_AA_mBHI_mGAM_4_S251,102625
0,A_C3_C4_AE_AE_mBHI_mBHI_2_S27,3,1830153,C_G3_C4_AE_AE_mBHI_mGAM_6_S267,102625
1,A_C4_C5_AF_AE_mBHI_mBHI_2_S28,0,1831891,C_G3_C4_AE_AE_mBHI_mGAM_6_S267,102625
2,A_C11_C4_AE_AE_mBHI_mBHI_4_S35,0,1830141,C_G3_C4_AE_AE_mBHI_mGAM_6_S267,102625
3,A_D11_D4_AE_AF_mBHI_mBHI_4_S47,3,1191497,C_G3_C4_AE_AE_mBHI_mGAM_6_S267,102625
4,A_E3_A4_AE_AA_mBHI_mGAM_2_S51,0,1044170,C_G3_C4_AE_AE_mBHI_mGAM_6_S267,102625
5,A_E11_A4_AE_AA_mBHI_mGAM_4_S59,0,2146010,C_G3_C4_AE_AE_mBHI_mGAM_6_S267,102625
6,A_G1_C2_AA_AE_mBHI_mGAM_2_S73,0,2142841,C_G3_C4_AE_AE_mBHI_mGAM_6_S267,102625
7,A_G3_C4_AE_AE_mBHI_mGAM_2_S75,0,2091004,C_G3_C4_AE_AE_mBHI_mGAM_6_S267,102625
8,A_G4_C5_AF_AE_mBHI_mGAM_2_S76,0,1677063,C_G3_C4_AE_AE_mBHI_mGAM_6_S267,102625
9,A_G9_C2_AA_AE_mBHI_mGAM_4_S81,0,2159450,C_G3_C4_AE_AE_mBHI_mGAM_6_S267,102625
10,A_G10_C3_ACPP_AE_mBHI_mGAM_4_S82,1,2100659,C_G3_C4_AE_AE_mBHI_mGAM_6_S267,102625
11,A_H3_D4_AE_AF_mBHI_mGAM_2_S87,0,1928409,C_G3_C4_AE_AE_mBHI_mGAM_6_S267,102625
12,B_E3_E4_AE_AA_mBHI_mGAM_2_S147,0,1045740,C_G3_C4_AE_AE_mBHI_mGAM_6_S267,102625
13,B_G1_G2_AA_AE_mBHI_mGAM_2_S169,0,2159590,C_G3_C4_AE_AE_mBHI_mGAM_6_S267,102625
14,B_H3_H4_AE_AF_mBHI_mGAM_2_S183,0,1457926,C_G3_C4_AE_AE_mBHI_mGAM_6_S267,102625
15,C_C11_G4_AE_AE_mBHI_mBHI_4_S227,1,1523518,C_G3_C4_AE_AE_mBHI_mGAM_6_S267,102625
16,C_E3_A4_AE_AA_mBHI_mGAM_6_S243,0,2145227,C_G3_C4_AE_AE_mBHI_mGAM_6_S267,102625
17,C_E11_E4_AE_AA_mBHI_mGAM_4_S251,0,2164170,C_G3_C4_AE_AE_mBHI_mGAM_6_S267,102625
18,C_G3_C4_AE_AE_mBHI_mGAM_6_S267,0,1555228,C_G3_C4_AE_AE_mBHI_mGAM_6_S267,102625
19,C_G11_G4_AE_AE_mBHI_mGAM_4_S275,0,2041192,C_G3_C4_AE_AE_mBHI_mGAM_6_S267,102625
20,C_H11_H4_AE_AF_mBHI_mGAM_4_S287,0,1662792,C_G3_C4_AE_AE_mBHI_mGAM_6_S267,102625
21,D_E3_A4_AE_AA_mBHI_mGAM_6_S339,0,2168722,C_G3_C4_AE_AE_mBHI_mGAM_6_S267,102625
22,D_G1_C2_AA_AE_mBHI_mGAM_6_S361,0,2165921,C_G3_C4_AE_AE_mBHI_mGAM_6_S267,102625
23,D_G3_C4_AE_AE_mBHI_mGAM_6_S363,0,2139279,C_G3_C4_AE_AE_mBHI_mGAM_6_S267,102625
24,D_H3_D4_AE_AF_mBHI_mGAM_6_S375,1,1929446,C_G3_C4_AE_AE_mBHI_mGAM_6_S267,102625
25,C4-e003Coalescence-mGAM-p7,19,1507607,C_G3_C4_AE_AE_mBHI_mGAM_6_S267,102625
26,C3-e003Coalescence-mGAM-p3,30,2175580,C_G3_C4_AE_AE_mBHI_mGAM_6_S267,102625
27,C2-e003Coalescence-mGAM-p7,30,2190353,C_G3_C4_AE_AE_mBHI_mGAM_6_S267,102625
28,B4-e003Coalescence-mGAM-p5,30,2112758,C_G3_C4_AE_AE_mBHI_mGAM_6_S267,102625
29,D4-e003Coalescence-mGAM-p5,21,1378041,C_G3_C4_AE_AE_mBHI_mGAM_6_S267,102625
30,C2-e003Coalescence-mGAM-p3,21,1272026,C_G3_C4_AE_AE_mBHI_mGAM_6_S267,102625
31,C4-e003Coalescence-mGAM-p5,21,1470780,C_G3_C4_AE_AE_mBHI_mGAM_6_S267,102625
32,C4-e003Coalescence-mGAM-p3,30,2170545,C_G3_C4_AE_AE_mBHI_mGAM_6_S267,102625
33,C5-e003Coalescence-mGAM-p3,21,1755780,C_G3_C4_AE_AE_mBHI_mGAM_6_S267,102625
34,C3-e003Coalescence-mGAM-p5,30,2102070,C_G3_C4_AE_AE_mBHI_mGAM_6_S267,102625
35,D4-e003Coalescence-mGAM-p3,26,1955064,C_G3_C4_AE_AE_mBHI_mGAM_6_S267,102625
36,C3-e003Coalescence-mGAM-p7,30,2177723,C_G3_C4_AE_AE_mBHI_mGAM_6_S267,102625
37,C2-e003Coalescence-mGAM-p5,23,2091417,C_G3_C4_AE_AE_mBHI_mGAM_6_S267,102625
38,H4-e003Coalescence-mGAM-p7_S183,0,2127707,C_G3_C4_AE_AE_mBHI_mGAM_6_S267,102625
39,G3-e003Coalescence-mBHI-p5_S26,0,1984187,C_G3_C4_AE_AE_mBHI_mGAM_6_S267,102625
40,E4-e003Coalescence-mGAM-p5_S51,0,2046969,C_G3_C4_AE_AE_mBHI_mGAM_6_S267,102625
41,G5-e003Coalescence-mGAM-p3_S84,0,1327011,C_G3_C4_AE_AE_mBHI_mGAM_6_S267,102625
42,G3-e003Coalescence-mBHI-p7_S122,0,2051412,C_G3_C4_AE_AE_mBHI_mGAM_6_S267,102625
43,G5-e003Coalescence-mGAM-p7_S172,0,2000174,C_G3_C4_AE_AE_mBHI_mGAM_6_S267,102625
44,G4-e003Coalescence-mGAM-p5_S75,0,2083119,C_G3_C4_AE_AE_mBHI_mGAM_6_S267,102625
45,G2-e003Coalescence-mGAM-p5_S73,0,2095666,C_G3_C4_AE_AE_mBHI_mGAM_6_S267,102625
46,G4-e003Coalescence-mGAM-p3_S83,0,2123891,C_G3_C4_AE_AE_mBHI_mGAM_6_S267,102625
47,F4-e003Coalescence-mGAM-p5_S63,1,2012196,C_G3_C4_AE_AE_mBHI_mGAM_6_S267,102625
48,G4-e003Coalescence-mGAM-p7_S171,0,1341178,C_G3_C4_AE_AE_mBHI_mGAM_6_S267,102625
49,G3-e003Coalescence-mGAM-p3_S82,0,2148001,C_G3_C4_AE_AE_mBHI_mGAM_6_S267,102625
50,G3-e003Coalescence-mGAM-p5_S74,0,2126090,C_G3_C4_AE_AE_mBHI_mGAM_6_S267,102625
51,E4-e003Coalescence-mGAM-p7_S147,0,2145639,C_G3_C4_AE_AE_mBHI_mGAM_6_S267,102625
52,E4-e003Coalescence-mGAM-p3_S59,0,2087042,C_G3_C4_AE_AE_mBHI_mGAM_6_S267,102625
53,F4-e003Coalescence-mGAM-p3_S71,0,2109664,C_G3_C4_AE_AE_mBHI_mGAM_6_S267,102625
54,F4-e003Coalescence-mGAM-p7_S159,0,2100682,C_G3_C4_AE_AE_mBHI_mGAM_6_S267,102625
55,G2-e003Coalescence-mGAM-p3_S81,0,2106083,C_G3_C4_AE_AE_mBHI_mGAM_6_S267,102625
56,C4-e003Coalescence-mGAM-p1_S738,0,1463124,C_G3_C4_AE_AE_mBHI_mGAM_6_S267,102625
57,D4-e003Coalescence-mGAM-p1_S739,0,1848658,C_G3_C4_AE_AE_mBHI_mGAM_6_S267,102625
58,B4-e003Coalescence-mGAM-p1_S737,1,1405634,C_G3_C4_AE_AE_mBHI_mGAM_6_S267,102625
59,Coalescence-E5-C4-AE-AE-mBHI-mBHI-3_S672,0,2109217,C_G3_C4_AE_AE_mBHI_mGAM_6_S267,102625
60,Coalescence-C6-A4-AA-AE-mBHI-mGAM-5_S649,0,2160650,C_G3_C4_AE_AE_mBHI_mGAM_6_S267,102625
61,Coalescence-D12-B4-ACPP-AE-mBHI-mGAM-3_S667,0,2160583,C_G3_C4_AE_AE_mBHI_mGAM_6_S267,102625
62,Coalescence-D8-A4-AA-AE-mBHI-mGAM-3_S663,0,2106366,C_G3_C4_AE_AE_mBHI_mGAM_6_S267,102625
63,Coalescence-B9-G3-ACPP-AE-mBHI-mGAM-7_S640,0,2145029,C_G3_C4_AE_AE_mBHI_mGAM_6_S267,102625
64,Coalescence-E4-C3-ACPP-AE-mBHI-mBHI-3_S671,2,1231438,C_G3_C4_AE_AE_mBHI_mGAM_6_S267,102625
65,D_F11_e003Assembly_S359,1,2166211,C_G3_C4_AE_AE_mBHI_mGAM_6_S267,102625
66,C_C2_e003Assembly_S218,0,2063067,C_G3_C4_AE_AE_mBHI_mGAM_6_S267,102625
67,C_C6_e003Assembly_S222,0,1156589,C_G3_C4_AE_AE_mBHI_mGAM_6_S267,102625
68,C_G6_e003Assembly_S270,1,1957903,C_G3_C4_AE_AE_mBHI_mGAM_6_S267,102625
0,A_C3_C4_AE_AE_mBHI_mBHI_2_S27,0,1830153,C_G11_G4_AE_AE_mBHI_mGAM_4_S275,102625
1,A_C4_C5_AF_AE_mBHI_mBHI_2_S28,0,1831891,C_G11_G4_AE_AE_mBHI_mGAM_4_S275,102625
2,A_C11_C4_AE_AE_mBHI_mBHI_4_S35,0,1830141,C_G11_G4_AE_AE_mBHI_mGAM_4_S275,102625
3,A_D11_D4_AE_AF_mBHI_mBHI_4_S47,0,1191497,C_G11_G4_AE_AE_mBHI_mGAM_4_S275,102625
4,A_E3_A4_AE_AA_mBHI_mGAM_2_S51,0,1044170,C_G11_G4_AE_AE_mBHI_mGAM_4_S275,102625
5,A_E11_A4_AE_AA_mBHI_mGAM_4_S59,0,2146010,C_G11_G4_AE_AE_mBHI_mGAM_4_S275,102625
6,A_G1_C2_AA_AE_mBHI_mGAM_2_S73,0,2142841,C_G11_G4_AE_AE_mBHI_mGAM_4_S275,102625
7,A_G3_C4_AE_AE_mBHI_mGAM_2_S75,0,2091004,C_G11_G4_AE_AE_mBHI_mGAM_4_S275,102625
8,A_G4_C5_AF_AE_mBHI_mGAM_2_S76,0,1677063,C_G11_G4_AE_AE_mBHI_mGAM_4_S275,102625
9,A_G9_C2_AA_AE_mBHI_mGAM_4_S81,0,2159450,C_G11_G4_AE_AE_mBHI_mGAM_4_S275,102625
10,A_G10_C3_ACPP_AE_mBHI_mGAM_4_S82,0,2100659,C_G11_G4_AE_AE_mBHI_mGAM_4_S275,102625
11,A_H3_D4_AE_AF_mBHI_mGAM_2_S87,0,1928409,C_G11_G4_AE_AE_mBHI_mGAM_4_S275,102625
12,B_E3_E4_AE_AA_mBHI_mGAM_2_S147,0,1045740,C_G11_G4_AE_AE_mBHI_mGAM_4_S275,102625
13,B_G1_G2_AA_AE_mBHI_mGAM_2_S169,0,2159590,C_G11_G4_AE_AE_mBHI_mGAM_4_S275,102625
14,B_H3_H4_AE_AF_mBHI_mGAM_2_S183,0,1457926,C_G11_G4_AE_AE_mBHI_mGAM_4_S275,102625
15,C_C11_G4_AE_AE_mBHI_mBHI_4_S227,0,1523518,C_G11_G4_AE_AE_mBHI_mGAM_4_S275,102625
16,C_E3_A4_AE_AA_mBHI_mGAM_6_S243,0,2145227,C_G11_G4_AE_AE_mBHI_mGAM_4_S275,102625
17,C_E11_E4_AE_AA_mBHI_mGAM_4_S251,0,2164170,C_G11_G4_AE_AE_mBHI_mGAM_4_S275,102625
18,C_G3_C4_AE_AE_mBHI_mGAM_6_S267,0,1555228,C_G11_G4_AE_AE_mBHI_mGAM_4_S275,102625
19,C_G11_G4_AE_AE_mBHI_mGAM_4_S275,0,2041192,C_G11_G4_AE_AE_mBHI_mGAM_4_S275,102625
20,C_H11_H4_AE_AF_mBHI_mGAM_4_S287,0,1662792,C_G11_G4_AE_AE_mBHI_mGAM_4_S275,102625
21,D_E3_A4_AE_AA_mBHI_mGAM_6_S339,0,2168722,C_G11_G4_AE_AE_mBHI_mGAM_4_S275,102625
22,D_G1_C2_AA_AE_mBHI_mGAM_6_S361,0,2165921,C_G11_G4_AE_AE_mBHI_mGAM_4_S275,102625
23,D_G3_C4_AE_AE_mBHI_mGAM_6_S363,0,2139279,C_G11_G4_AE_AE_mBHI_mGAM_4_S275,102625
24,D_H3_D4_AE_AF_mBHI_mGAM_6_S375,0,1929446,C_G11_G4_AE_AE_mBHI_mGAM_4_S275,102625
25,C4-e003Coalescence-mGAM-p7,34,1507607,C_G11_G4_AE_AE_mBHI_mGAM_4_S275,102625
26,C3-e003Coalescence-mGAM-p3,54,2175580,C_G11_G4_AE_AE_mBHI_mGAM_4_S275,102625
27,C2-e003Coalescence-mGAM-p7,52,2190353,C_G11_G4_AE_AE_mBHI_mGAM_4_S275,102625
28,B4-e003Coalescence-mGAM-p5,49,2112758,C_G11_G4_AE_AE_mBHI_mGAM_4_S275,102625
29,D4-e003Coalescence-mGAM-p5,31,1378041,C_G11_G4_AE_AE_mBHI_mGAM_4_S275,102625
30,C2-e003Coalescence-mGAM-p3,30,1272026,C_G11_G4_AE_AE_mBHI_mGAM_4_S275,102625
31,C4-e003Coalescence-mGAM-p5,36,1470780,C_G11_G4_AE_AE_mBHI_mGAM_4_S275,102625
32,C4-e003Coalescence-mGAM-p3,52,2170545,C_G11_G4_AE_AE_mBHI_mGAM_4_S275,102625
33,C5-e003Coalescence-mGAM-p3,29,1755780,C_G11_G4_AE_AE_mBHI_mGAM_4_S275,102625
34,C3-e003Coalescence-mGAM-p5,50,2102070,C_G11_G4_AE_AE_mBHI_mGAM_4_S275,102625
35,D4-e003Coalescence-mGAM-p3,42,1955064,C_G11_G4_AE_AE_mBHI_mGAM_4_S275,102625
36,C3-e003Coalescence-mGAM-p7,51,2177723,C_G11_G4_AE_AE_mBHI_mGAM_4_S275,102625
37,C2-e003Coalescence-mGAM-p5,49,2091417,C_G11_G4_AE_AE_mBHI_mGAM_4_S275,102625
38,H4-e003Coalescence-mGAM-p7_S183,0,2127707,C_G11_G4_AE_AE_mBHI_mGAM_4_S275,102625
39,G3-e003Coalescence-mBHI-p5_S26,0,1984187,C_G11_G4_AE_AE_mBHI_mGAM_4_S275,102625
40,E4-e003Coalescence-mGAM-p5_S51,0,2046969,C_G11_G4_AE_AE_mBHI_mGAM_4_S275,102625
41,G5-e003Coalescence-mGAM-p3_S84,0,1327011,C_G11_G4_AE_AE_mBHI_mGAM_4_S275,102625
42,G3-e003Coalescence-mBHI-p7_S122,1,2051412,C_G11_G4_AE_AE_mBHI_mGAM_4_S275,102625
43,G5-e003Coalescence-mGAM-p7_S172,0,2000174,C_G11_G4_AE_AE_mBHI_mGAM_4_S275,102625
44,G4-e003Coalescence-mGAM-p5_S75,0,2083119,C_G11_G4_AE_AE_mBHI_mGAM_4_S275,102625
45,G2-e003Coalescence-mGAM-p5_S73,0,2095666,C_G11_G4_AE_AE_mBHI_mGAM_4_S275,102625
46,G4-e003Coalescence-mGAM-p3_S83,0,2123891,C_G11_G4_AE_AE_mBHI_mGAM_4_S275,102625
47,F4-e003Coalescence-mGAM-p5_S63,0,2012196,C_G11_G4_AE_AE_mBHI_mGAM_4_S275,102625
48,G4-e003Coalescence-mGAM-p7_S171,0,1341178,C_G11_G4_AE_AE_mBHI_mGAM_4_S275,102625
49,G3-e003Coalescence-mGAM-p3_S82,0,2148001,C_G11_G4_AE_AE_mBHI_mGAM_4_S275,102625
50,G3-e003Coalescence-mGAM-p5_S74,0,2126090,C_G11_G4_AE_AE_mBHI_mGAM_4_S275,102625
51,E4-e003Coalescence-mGAM-p7_S147,0,2145639,C_G11_G4_AE_AE_mBHI_mGAM_4_S275,102625
52,E4-e003Coalescence-mGAM-p3_S59,0,2087042,C_G11_G4_AE_AE_mBHI_mGAM_4_S275,102625
53,F4-e003Coalescence-mGAM-p3_S71,0,2109664,C_G11_G4_AE_AE_mBHI_mGAM_4_S275,102625
54,F4-e003Coalescence-mGAM-p7_S159,0,2100682,C_G11_G4_AE_AE_mBHI_mGAM_4_S275,102625
55,G2-e003Coalescence-mGAM-p3_S81,0,2106083,C_G11_G4_AE_AE_mBHI_mGAM_4_S275,102625
56,C4-e003Coalescence-mGAM-p1_S738,0,1463124,C_G11_G4_AE_AE_mBHI_mGAM_4_S275,102625
57,D4-e003Coalescence-mGAM-p1_S739,1,1848658,C_G11_G4_AE_AE_mBHI_mGAM_4_S275,102625
58,B4-e003Coalescence-mGAM-p1_S737,0,1405634,C_G11_G4_AE_AE_mBHI_mGAM_4_S275,102625
59,Coalescence-E5-C4-AE-AE-mBHI-mBHI-3_S672,0,2109217,C_G11_G4_AE_AE_mBHI_mGAM_4_S275,102625
60,Coalescence-C6-A4-AA-AE-mBHI-mGAM-5_S649,0,2160650,C_G11_G4_AE_AE_mBHI_mGAM_4_S275,102625
61,Coalescence-D12-B4-ACPP-AE-mBHI-mGAM-3_S667,0,2160583,C_G11_G4_AE_AE_mBHI_mGAM_4_S275,102625
62,Coalescence-D8-A4-AA-AE-mBHI-mGAM-3_S663,0,2106366,C_G11_G4_AE_AE_mBHI_mGAM_4_S275,102625
63,Coalescence-B9-G3-ACPP-AE-mBHI-mGAM-7_S640,0,2145029,C_G11_G4_AE_AE_mBHI_mGAM_4_S275,102625
64,Coalescence-E4-C3-ACPP-AE-mBHI-mBHI-3_S671,0,1231438,C_G11_G4_AE_AE_mBHI_mGAM_4_S275,102625
65,D_F11_e003Assembly_S359,1,2166211,C_G11_G4_AE_AE_mBHI_mGAM_4_S275,102625
66,C_C2_e003Assembly_S218,0,2063067,C_G11_G4_AE_AE_mBHI_mGAM_4_S275,102625
67,C_C6_e003Assembly_S222,0,1156589,C_G11_G4_AE_AE_mBHI_mGAM_4_S275,102625
68,C_G6_e003Assembly_S270,1,1957903,C_G11_G4_AE_AE_mBHI_mGAM_4_S275,102625
0,A_C3_C4_AE_AE_mBHI_mBHI_2_S27,0,1830153,C_H11_H4_AE_AF_mBHI_mGAM_4_S287,102625
1,A_C4_C5_AF_AE_mBHI_mBHI_2_S28,0,1831891,C_H11_H4_AE_AF_mBHI_mGAM_4_S287,102625
2,A_C11_C4_AE_AE_mBHI_mBHI_4_S35,0,1830141,C_H11_H4_AE_AF_mBHI_mGAM_4_S287,102625
3,A_D11_D4_AE_AF_mBHI_mBHI_4_S47,1,1191497,C_H11_H4_AE_AF_mBHI_mGAM_4_S287,102625
4,A_E3_A4_AE_AA_mBHI_mGAM_2_S51,0,1044170,C_H11_H4_AE_AF_mBHI_mGAM_4_S287,102625
5,A_E11_A4_AE_AA_mBHI_mGAM_4_S59,0,2146010,C_H11_H4_AE_AF_mBHI_mGAM_4_S287,102625
6,A_G1_C2_AA_AE_mBHI_mGAM_2_S73,0,2142841,C_H11_H4_AE_AF_mBHI_mGAM_4_S287,102625
7,A_G3_C4_AE_AE_mBHI_mGAM_2_S75,1,2091004,C_H11_H4_AE_AF_mBHI_mGAM_4_S287,102625
8,A_G4_C5_AF_AE_mBHI_mGAM_2_S76,0,1677063,C_H11_H4_AE_AF_mBHI_mGAM_4_S287,102625
9,A_G9_C2_AA_AE_mBHI_mGAM_4_S81,0,2159450,C_H11_H4_AE_AF_mBHI_mGAM_4_S287,102625
10,A_G10_C3_ACPP_AE_mBHI_mGAM_4_S82,0,2100659,C_H11_H4_AE_AF_mBHI_mGAM_4_S287,102625
11,A_H3_D4_AE_AF_mBHI_mGAM_2_S87,0,1928409,C_H11_H4_AE_AF_mBHI_mGAM_4_S287,102625
12,B_E3_E4_AE_AA_mBHI_mGAM_2_S147,0,1045740,C_H11_H4_AE_AF_mBHI_mGAM_4_S287,102625
13,B_G1_G2_AA_AE_mBHI_mGAM_2_S169,0,2159590,C_H11_H4_AE_AF_mBHI_mGAM_4_S287,102625
14,B_H3_H4_AE_AF_mBHI_mGAM_2_S183,0,1457926,C_H11_H4_AE_AF_mBHI_mGAM_4_S287,102625
15,C_C11_G4_AE_AE_mBHI_mBHI_4_S227,0,1523518,C_H11_H4_AE_AF_mBHI_mGAM_4_S287,102625
16,C_E3_A4_AE_AA_mBHI_mGAM_6_S243,0,2145227,C_H11_H4_AE_AF_mBHI_mGAM_4_S287,102625
17,C_E11_E4_AE_AA_mBHI_mGAM_4_S251,0,2164170,C_H11_H4_AE_AF_mBHI_mGAM_4_S287,102625
18,C_G3_C4_AE_AE_mBHI_mGAM_6_S267,0,1555228,C_H11_H4_AE_AF_mBHI_mGAM_4_S287,102625
19,C_G11_G4_AE_AE_mBHI_mGAM_4_S275,0,2041192,C_H11_H4_AE_AF_mBHI_mGAM_4_S287,102625
20,C_H11_H4_AE_AF_mBHI_mGAM_4_S287,0,1662792,C_H11_H4_AE_AF_mBHI_mGAM_4_S287,102625
21,D_E3_A4_AE_AA_mBHI_mGAM_6_S339,0,2168722,C_H11_H4_AE_AF_mBHI_mGAM_4_S287,102625
22,D_G1_C2_AA_AE_mBHI_mGAM_6_S361,0,2165921,C_H11_H4_AE_AF_mBHI_mGAM_4_S287,102625
23,D_G3_C4_AE_AE_mBHI_mGAM_6_S363,0,2139279,C_H11_H4_AE_AF_mBHI_mGAM_4_S287,102625
24,D_H3_D4_AE_AF_mBHI_mGAM_6_S375,0,1929446,C_H11_H4_AE_AF_mBHI_mGAM_4_S287,102625
25,C4-e003Coalescence-mGAM-p7,24,1507607,C_H11_H4_AE_AF_mBHI_mGAM_4_S287,102625
26,C3-e003Coalescence-mGAM-p3,38,2175580,C_H11_H4_AE_AF_mBHI_mGAM_4_S287,102625
27,C2-e003Coalescence-mGAM-p7,39,2190353,C_H11_H4_AE_AF_mBHI_mGAM_4_S287,102625
28,B4-e003Coalescence-mGAM-p5,38,2112758,C_H11_H4_AE_AF_mBHI_mGAM_4_S287,102625
29,D4-e003Coalescence-mGAM-p5,24,1378041,C_H11_H4_AE_AF_mBHI_mGAM_4_S287,102625
30,C2-e003Coalescence-mGAM-p3,26,1272026,C_H11_H4_AE_AF_mBHI_mGAM_4_S287,102625
31,C4-e003Coalescence-mGAM-p5,24,1470780,C_H11_H4_AE_AF_mBHI_mGAM_4_S287,102625
32,C4-e003Coalescence-mGAM-p3,37,2170545,C_H11_H4_AE_AF_mBHI_mGAM_4_S287,102625
33,C5-e003Coalescence-mGAM-p3,22,1755780,C_H11_H4_AE_AF_mBHI_mGAM_4_S287,102625
34,C3-e003Coalescence-mGAM-p5,36,2102070,C_H11_H4_AE_AF_mBHI_mGAM_4_S287,102625
35,D4-e003Coalescence-mGAM-p3,32,1955064,C_H11_H4_AE_AF_mBHI_mGAM_4_S287,102625
36,C3-e003Coalescence-mGAM-p7,39,2177723,C_H11_H4_AE_AF_mBHI_mGAM_4_S287,102625
37,C2-e003Coalescence-mGAM-p5,34,2091417,C_H11_H4_AE_AF_mBHI_mGAM_4_S287,102625
38,H4-e003Coalescence-mGAM-p7_S183,0,2127707,C_H11_H4_AE_AF_mBHI_mGAM_4_S287,102625
39,G3-e003Coalescence-mBHI-p5_S26,0,1984187,C_H11_H4_AE_AF_mBHI_mGAM_4_S287,102625
40,E4-e003Coalescence-mGAM-p5_S51,1,2046969,C_H11_H4_AE_AF_mBHI_mGAM_4_S287,102625
41,G5-e003Coalescence-mGAM-p3_S84,0,1327011,C_H11_H4_AE_AF_mBHI_mGAM_4_S287,102625
42,G3-e003Coalescence-mBHI-p7_S122,0,2051412,C_H11_H4_AE_AF_mBHI_mGAM_4_S287,102625
43,G5-e003Coalescence-mGAM-p7_S172,0,2000174,C_H11_H4_AE_AF_mBHI_mGAM_4_S287,102625
44,G4-e003Coalescence-mGAM-p5_S75,0,2083119,C_H11_H4_AE_AF_mBHI_mGAM_4_S287,102625
45,G2-e003Coalescence-mGAM-p5_S73,0,2095666,C_H11_H4_AE_AF_mBHI_mGAM_4_S287,102625
46,G4-e003Coalescence-mGAM-p3_S83,0,2123891,C_H11_H4_AE_AF_mBHI_mGAM_4_S287,102625
47,F4-e003Coalescence-mGAM-p5_S63,0,2012196,C_H11_H4_AE_AF_mBHI_mGAM_4_S287,102625
48,G4-e003Coalescence-mGAM-p7_S171,0,1341178,C_H11_H4_AE_AF_mBHI_mGAM_4_S287,102625
49,G3-e003Coalescence-mGAM-p3_S82,0,2148001,C_H11_H4_AE_AF_mBHI_mGAM_4_S287,102625
50,G3-e003Coalescence-mGAM-p5_S74,0,2126090,C_H11_H4_AE_AF_mBHI_mGAM_4_S287,102625
51,E4-e003Coalescence-mGAM-p7_S147,0,2145639,C_H11_H4_AE_AF_mBHI_mGAM_4_S287,102625
52,E4-e003Coalescence-mGAM-p3_S59,1,2087042,C_H11_H4_AE_AF_mBHI_mGAM_4_S287,102625
53,F4-e003Coalescence-mGAM-p3_S71,0,2109664,C_H11_H4_AE_AF_mBHI_mGAM_4_S287,102625
54,F4-e003Coalescence-mGAM-p7_S159,0,2100682,C_H11_H4_AE_AF_mBHI_mGAM_4_S287,102625
55,G2-e003Coalescence-mGAM-p3_S81,1,2106083,C_H11_H4_AE_AF_mBHI_mGAM_4_S287,102625
56,C4-e003Coalescence-mGAM-p1_S738,0,1463124,C_H11_H4_AE_AF_mBHI_mGAM_4_S287,102625
57,D4-e003Coalescence-mGAM-p1_S739,0,1848658,C_H11_H4_AE_AF_mBHI_mGAM_4_S287,102625
58,B4-e003Coalescence-mGAM-p1_S737,1,1405634,C_H11_H4_AE_AF_mBHI_mGAM_4_S287,102625
59,Coalescence-E5-C4-AE-AE-mBHI-mBHI-3_S672,0,2109217,C_H11_H4_AE_AF_mBHI_mGAM_4_S287,102625
60,Coalescence-C6-A4-AA-AE-mBHI-mGAM-5_S649,0,2160650,C_H11_H4_AE_AF_mBHI_mGAM_4_S287,102625
61,Coalescence-D12-B4-ACPP-AE-mBHI-mGAM-3_S667,0,2160583,C_H11_H4_AE_AF_mBHI_mGAM_4_S287,102625
62,Coalescence-D8-A4-AA-AE-mBHI-mGAM-3_S663,0,2106366,C_H11_H4_AE_AF_mBHI_mGAM_4_S287,102625
63,Coalescence-B9-G3-ACPP-AE-mBHI-mGAM-7_S640,0,2145029,C_H11_H4_AE_AF_mBHI_mGAM_4_S287,102625
64,Coalescence-E4-C3-ACPP-AE-mBHI-mBHI-3_S671,0,1231438,C_H11_H4_AE_AF_mBHI_mGAM_4_S287,102625
65,D_F11_e003Assembly_S359,0,2166211,C_H11_H4_AE_AF_mBHI_mGAM_4_S287,102625
66,C_C2_e003Assembly_S218,0,2063067,C_H11_H4_AE_AF_mBHI_mGAM_4_S287,102625
67,C_C6_e003Assembly_S222,2,1156589,C_H11_H4_AE_AF_mBHI_mGAM_4_S287,102625
68,C_G6_e003Assembly_S270,0,1957903,C_H11_H4_AE_AF_mBHI_mGAM_4_S287,102625
0,A_C3_C4_AE_AE_mBHI_mBHI_2_S27,0,1830153,D_E3_A4_AE_AA_mBHI_mGAM_6_S339,102625
1,A_C4_C5_AF_AE_mBHI_mBHI_2_S28,0,1831891,D_E3_A4_AE_AA_mBHI_mGAM_6_S339,102625
2,A_C11_C4_AE_AE_mBHI_mBHI_4_S35,0,1830141,D_E3_A4_AE_AA_mBHI_mGAM_6_S339,102625
3,A_D11_D4_AE_AF_mBHI_mBHI_4_S47,0,1191497,D_E3_A4_AE_AA_mBHI_mGAM_6_S339,102625
4,A_E3_A4_AE_AA_mBHI_mGAM_2_S51,0,1044170,D_E3_A4_AE_AA_mBHI_mGAM_6_S339,102625
5,A_E11_A4_AE_AA_mBHI_mGAM_4_S59,0,2146010,D_E3_A4_AE_AA_mBHI_mGAM_6_S339,102625
6,A_G1_C2_AA_AE_mBHI_mGAM_2_S73,0,2142841,D_E3_A4_AE_AA_mBHI_mGAM_6_S339,102625
7,A_G3_C4_AE_AE_mBHI_mGAM_2_S75,0,2091004,D_E3_A4_AE_AA_mBHI_mGAM_6_S339,102625
8,A_G4_C5_AF_AE_mBHI_mGAM_2_S76,0,1677063,D_E3_A4_AE_AA_mBHI_mGAM_6_S339,102625
9,A_G9_C2_AA_AE_mBHI_mGAM_4_S81,0,2159450,D_E3_A4_AE_AA_mBHI_mGAM_6_S339,102625
10,A_G10_C3_ACPP_AE_mBHI_mGAM_4_S82,0,2100659,D_E3_A4_AE_AA_mBHI_mGAM_6_S339,102625
11,A_H3_D4_AE_AF_mBHI_mGAM_2_S87,0,1928409,D_E3_A4_AE_AA_mBHI_mGAM_6_S339,102625
12,B_E3_E4_AE_AA_mBHI_mGAM_2_S147,0,1045740,D_E3_A4_AE_AA_mBHI_mGAM_6_S339,102625
13,B_G1_G2_AA_AE_mBHI_mGAM_2_S169,0,2159590,D_E3_A4_AE_AA_mBHI_mGAM_6_S339,102625
14,B_H3_H4_AE_AF_mBHI_mGAM_2_S183,0,1457926,D_E3_A4_AE_AA_mBHI_mGAM_6_S339,102625
15,C_C11_G4_AE_AE_mBHI_mBHI_4_S227,0,1523518,D_E3_A4_AE_AA_mBHI_mGAM_6_S339,102625
16,C_E3_A4_AE_AA_mBHI_mGAM_6_S243,0,2145227,D_E3_A4_AE_AA_mBHI_mGAM_6_S339,102625
17,C_E11_E4_AE_AA_mBHI_mGAM_4_S251,0,2164170,D_E3_A4_AE_AA_mBHI_mGAM_6_S339,102625
18,C_G3_C4_AE_AE_mBHI_mGAM_6_S267,0,1555228,D_E3_A4_AE_AA_mBHI_mGAM_6_S339,102625
19,C_G11_G4_AE_AE_mBHI_mGAM_4_S275,0,2041192,D_E3_A4_AE_AA_mBHI_mGAM_6_S339,102625
20,C_H11_H4_AE_AF_mBHI_mGAM_4_S287,0,1662792,D_E3_A4_AE_AA_mBHI_mGAM_6_S339,102625
21,D_E3_A4_AE_AA_mBHI_mGAM_6_S339,0,2168722,D_E3_A4_AE_AA_mBHI_mGAM_6_S339,102625
22,D_G1_C2_AA_AE_mBHI_mGAM_6_S361,0,2165921,D_E3_A4_AE_AA_mBHI_mGAM_6_S339,102625
23,D_G3_C4_AE_AE_mBHI_mGAM_6_S363,0,2139279,D_E3_A4_AE_AA_mBHI_mGAM_6_S339,102625
24,D_H3_D4_AE_AF_mBHI_mGAM_6_S375,0,1929446,D_E3_A4_AE_AA_mBHI_mGAM_6_S339,102625
25,C4-e003Coalescence-mGAM-p7,37,1507607,D_E3_A4_AE_AA_mBHI_mGAM_6_S339,102625
26,C3-e003Coalescence-mGAM-p3,65,2175580,D_E3_A4_AE_AA_mBHI_mGAM_6_S339,102625
27,C2-e003Coalescence-mGAM-p7,63,2190353,D_E3_A4_AE_AA_mBHI_mGAM_6_S339,102625
28,B4-e003Coalescence-mGAM-p5,59,2112758,D_E3_A4_AE_AA_mBHI_mGAM_6_S339,102625
29,D4-e003Coalescence-mGAM-p5,38,1378041,D_E3_A4_AE_AA_mBHI_mGAM_6_S339,102625
30,C2-e003Coalescence-mGAM-p3,41,1272026,D_E3_A4_AE_AA_mBHI_mGAM_6_S339,102625
31,C4-e003Coalescence-mGAM-p5,44,1470780,D_E3_A4_AE_AA_mBHI_mGAM_6_S339,102625
32,C4-e003Coalescence-mGAM-p3,65,2170545,D_E3_A4_AE_AA_mBHI_mGAM_6_S339,102625
33,C5-e003Coalescence-mGAM-p3,38,1755780,D_E3_A4_AE_AA_mBHI_mGAM_6_S339,102625
34,C3-e003Coalescence-mGAM-p5,62,2102070,D_E3_A4_AE_AA_mBHI_mGAM_6_S339,102625
35,D4-e003Coalescence-mGAM-p3,53,1955064,D_E3_A4_AE_AA_mBHI_mGAM_6_S339,102625
36,C3-e003Coalescence-mGAM-p7,66,2177723,D_E3_A4_AE_AA_mBHI_mGAM_6_S339,102625
37,C2-e003Coalescence-mGAM-p5,59,2091417,D_E3_A4_AE_AA_mBHI_mGAM_6_S339,102625
38,H4-e003Coalescence-mGAM-p7_S183,0,2127707,D_E3_A4_AE_AA_mBHI_mGAM_6_S339,102625
39,G3-e003Coalescence-mBHI-p5_S26,0,1984187,D_E3_A4_AE_AA_mBHI_mGAM_6_S339,102625
40,E4-e003Coalescence-mGAM-p5_S51,0,2046969,D_E3_A4_AE_AA_mBHI_mGAM_6_S339,102625
41,G5-e003Coalescence-mGAM-p3_S84,0,1327011,D_E3_A4_AE_AA_mBHI_mGAM_6_S339,102625
42,G3-e003Coalescence-mBHI-p7_S122,0,2051412,D_E3_A4_AE_AA_mBHI_mGAM_6_S339,102625
43,G5-e003Coalescence-mGAM-p7_S172,0,2000174,D_E3_A4_AE_AA_mBHI_mGAM_6_S339,102625
44,G4-e003Coalescence-mGAM-p5_S75,0,2083119,D_E3_A4_AE_AA_mBHI_mGAM_6_S339,102625
45,G2-e003Coalescence-mGAM-p5_S73,1,2095666,D_E3_A4_AE_AA_mBHI_mGAM_6_S339,102625
46,G4-e003Coalescence-mGAM-p3_S83,0,2123891,D_E3_A4_AE_AA_mBHI_mGAM_6_S339,102625
47,F4-e003Coalescence-mGAM-p5_S63,0,2012196,D_E3_A4_AE_AA_mBHI_mGAM_6_S339,102625
48,G4-e003Coalescence-mGAM-p7_S171,0,1341178,D_E3_A4_AE_AA_mBHI_mGAM_6_S339,102625
49,G3-e003Coalescence-mGAM-p3_S82,0,2148001,D_E3_A4_AE_AA_mBHI_mGAM_6_S339,102625
50,G3-e003Coalescence-mGAM-p5_S74,0,2126090,D_E3_A4_AE_AA_mBHI_mGAM_6_S339,102625
51,E4-e003Coalescence-mGAM-p7_S147,0,2145639,D_E3_A4_AE_AA_mBHI_mGAM_6_S339,102625
52,E4-e003Coalescence-mGAM-p3_S59,0,2087042,D_E3_A4_AE_AA_mBHI_mGAM_6_S339,102625
53,F4-e003Coalescence-mGAM-p3_S71,0,2109664,D_E3_A4_AE_AA_mBHI_mGAM_6_S339,102625
54,F4-e003Coalescence-mGAM-p7_S159,0,2100682,D_E3_A4_AE_AA_mBHI_mGAM_6_S339,102625
55,G2-e003Coalescence-mGAM-p3_S81,0,2106083,D_E3_A4_AE_AA_mBHI_mGAM_6_S339,102625
56,C4-e003Coalescence-mGAM-p1_S738,0,1463124,D_E3_A4_AE_AA_mBHI_mGAM_6_S339,102625
57,D4-e003Coalescence-mGAM-p1_S739,0,1848658,D_E3_A4_AE_AA_mBHI_mGAM_6_S339,102625
58,B4-e003Coalescence-mGAM-p1_S737,0,1405634,D_E3_A4_AE_AA_mBHI_mGAM_6_S339,102625
59,Coalescence-E5-C4-AE-AE-mBHI-mBHI-3_S672,0,2109217,D_E3_A4_AE_AA_mBHI_mGAM_6_S339,102625
60,Coalescence-C6-A4-AA-AE-mBHI-mGAM-5_S649,0,2160650,D_E3_A4_AE_AA_mBHI_mGAM_6_S339,102625
61,Coalescence-D12-B4-ACPP-AE-mBHI-mGAM-3_S667,0,2160583,D_E3_A4_AE_AA_mBHI_mGAM_6_S339,102625
62,Coalescence-D8-A4-AA-AE-mBHI-mGAM-3_S663,0,2106366,D_E3_A4_AE_AA_mBHI_mGAM_6_S339,102625
63,Coalescence-B9-G3-ACPP-AE-mBHI-mGAM-7_S640,0,2145029,D_E3_A4_AE_AA_mBHI_mGAM_6_S339,102625
64,Coalescence-E4-C3-ACPP-AE-mBHI-mBHI-3_S671,0,1231438,D_E3_A4_AE_AA_mBHI_mGAM_6_S339,102625
65,D_F11_e003Assembly_S359,1,2166211,D_E3_A4_AE_AA_mBHI_mGAM_6_S339,102625
66,C_C2_e003Assembly_S218,0,2063067,D_E3_A4_AE_AA_mBHI_mGAM_6_S339,102625
67,C_C6_e003Assembly_S222,0,1156589,D_E3_A4_AE_AA_mBHI_mGAM_6_S339,102625
68,C_G6_e003Assembly_S270,1,1957903,D_E3_A4_AE_AA_mBHI_mGAM_6_S339,102625
0,A_C3_C4_AE_AE_mBHI_mBHI_2_S27,0,1830153,D_G1_C2_AA_AE_mBHI_mGAM_6_S361,102625
1,A_C4_C5_AF_AE_mBHI_mBHI_2_S28,0,1831891,D_G1_C2_AA_AE_mBHI_mGAM_6_S361,102625
2,A_C11_C4_AE_AE_mBHI_mBHI_4_S35,0,1830141,D_G1_C2_AA_AE_mBHI_mGAM_6_S361,102625
3,A_D11_D4_AE_AF_mBHI_mBHI_4_S47,0,1191497,D_G1_C2_AA_AE_mBHI_mGAM_6_S361,102625
4,A_E3_A4_AE_AA_mBHI_mGAM_2_S51,0,1044170,D_G1_C2_AA_AE_mBHI_mGAM_6_S361,102625
5,A_E11_A4_AE_AA_mBHI_mGAM_4_S59,0,2146010,D_G1_C2_AA_AE_mBHI_mGAM_6_S361,102625
6,A_G1_C2_AA_AE_mBHI_mGAM_2_S73,0,2142841,D_G1_C2_AA_AE_mBHI_mGAM_6_S361,102625
7,A_G3_C4_AE_AE_mBHI_mGAM_2_S75,0,2091004,D_G1_C2_AA_AE_mBHI_mGAM_6_S361,102625
8,A_G4_C5_AF_AE_mBHI_mGAM_2_S76,0,1677063,D_G1_C2_AA_AE_mBHI_mGAM_6_S361,102625
9,A_G9_C2_AA_AE_mBHI_mGAM_4_S81,0,2159450,D_G1_C2_AA_AE_mBHI_mGAM_6_S361,102625
10,A_G10_C3_ACPP_AE_mBHI_mGAM_4_S82,0,2100659,D_G1_C2_AA_AE_mBHI_mGAM_6_S361,102625
11,A_H3_D4_AE_AF_mBHI_mGAM_2_S87,0,1928409,D_G1_C2_AA_AE_mBHI_mGAM_6_S361,102625
12,B_E3_E4_AE_AA_mBHI_mGAM_2_S147,0,1045740,D_G1_C2_AA_AE_mBHI_mGAM_6_S361,102625
13,B_G1_G2_AA_AE_mBHI_mGAM_2_S169,0,2159590,D_G1_C2_AA_AE_mBHI_mGAM_6_S361,102625
14,B_H3_H4_AE_AF_mBHI_mGAM_2_S183,0,1457926,D_G1_C2_AA_AE_mBHI_mGAM_6_S361,102625
15,C_C11_G4_AE_AE_mBHI_mBHI_4_S227,0,1523518,D_G1_C2_AA_AE_mBHI_mGAM_6_S361,102625
16,C_E3_A4_AE_AA_mBHI_mGAM_6_S243,0,2145227,D_G1_C2_AA_AE_mBHI_mGAM_6_S361,102625
17,C_E11_E4_AE_AA_mBHI_mGAM_4_S251,0,2164170,D_G1_C2_AA_AE_mBHI_mGAM_6_S361,102625
18,C_G3_C4_AE_AE_mBHI_mGAM_6_S267,0,1555228,D_G1_C2_AA_AE_mBHI_mGAM_6_S361,102625
19,C_G11_G4_AE_AE_mBHI_mGAM_4_S275,0,2041192,D_G1_C2_AA_AE_mBHI_mGAM_6_S361,102625
20,C_H11_H4_AE_AF_mBHI_mGAM_4_S287,0,1662792,D_G1_C2_AA_AE_mBHI_mGAM_6_S361,102625
21,D_E3_A4_AE_AA_mBHI_mGAM_6_S339,0,2168722,D_G1_C2_AA_AE_mBHI_mGAM_6_S361,102625
22,D_G1_C2_AA_AE_mBHI_mGAM_6_S361,0,2165921,D_G1_C2_AA_AE_mBHI_mGAM_6_S361,102625
23,D_G3_C4_AE_AE_mBHI_mGAM_6_S363,0,2139279,D_G1_C2_AA_AE_mBHI_mGAM_6_S361,102625
24,D_H3_D4_AE_AF_mBHI_mGAM_6_S375,0,1929446,D_G1_C2_AA_AE_mBHI_mGAM_6_S361,102625
25,C4-e003Coalescence-mGAM-p7,42,1507607,D_G1_C2_AA_AE_mBHI_mGAM_6_S361,102625
26,C3-e003Coalescence-mGAM-p3,68,2175580,D_G1_C2_AA_AE_mBHI_mGAM_6_S361,102625
27,C2-e003Coalescence-mGAM-p7,64,2190353,D_G1_C2_AA_AE_mBHI_mGAM_6_S361,102625
28,B4-e003Coalescence-mGAM-p5,62,2112758,D_G1_C2_AA_AE_mBHI_mGAM_6_S361,102625
29,D4-e003Coalescence-mGAM-p5,38,1378041,D_G1_C2_AA_AE_mBHI_mGAM_6_S361,102625
30,C2-e003Coalescence-mGAM-p3,42,1272026,D_G1_C2_AA_AE_mBHI_mGAM_6_S361,102625
31,C4-e003Coalescence-mGAM-p5,43,1470780,D_G1_C2_AA_AE_mBHI_mGAM_6_S361,102625
32,C4-e003Coalescence-mGAM-p3,66,2170545,D_G1_C2_AA_AE_mBHI_mGAM_6_S361,102625
33,C5-e003Coalescence-mGAM-p3,41,1755780,D_G1_C2_AA_AE_mBHI_mGAM_6_S361,102625
34,C3-e003Coalescence-mGAM-p5,63,2102070,D_G1_C2_AA_AE_mBHI_mGAM_6_S361,102625
35,D4-e003Coalescence-mGAM-p3,54,1955064,D_G1_C2_AA_AE_mBHI_mGAM_6_S361,102625
36,C3-e003Coalescence-mGAM-p7,67,2177723,D_G1_C2_AA_AE_mBHI_mGAM_6_S361,102625
37,C2-e003Coalescence-mGAM-p5,60,2091417,D_G1_C2_AA_AE_mBHI_mGAM_6_S361,102625
38,H4-e003Coalescence-mGAM-p7_S183,0,2127707,D_G1_C2_AA_AE_mBHI_mGAM_6_S361,102625
39,G3-e003Coalescence-mBHI-p5_S26,1,1984187,D_G1_C2_AA_AE_mBHI_mGAM_6_S361,102625
40,E4-e003Coalescence-mGAM-p5_S51,1,2046969,D_G1_C2_AA_AE_mBHI_mGAM_6_S361,102625
41,G5-e003Coalescence-mGAM-p3_S84,0,1327011,D_G1_C2_AA_AE_mBHI_mGAM_6_S361,102625
42,G3-e003Coalescence-mBHI-p7_S122,0,2051412,D_G1_C2_AA_AE_mBHI_mGAM_6_S361,102625
43,G5-e003Coalescence-mGAM-p7_S172,0,2000174,D_G1_C2_AA_AE_mBHI_mGAM_6_S361,102625
44,G4-e003Coalescence-mGAM-p5_S75,0,2083119,D_G1_C2_AA_AE_mBHI_mGAM_6_S361,102625
45,G2-e003Coalescence-mGAM-p5_S73,0,2095666,D_G1_C2_AA_AE_mBHI_mGAM_6_S361,102625
46,G4-e003Coalescence-mGAM-p3_S83,0,2123891,D_G1_C2_AA_AE_mBHI_mGAM_6_S361,102625
47,F4-e003Coalescence-mGAM-p5_S63,0,2012196,D_G1_C2_AA_AE_mBHI_mGAM_6_S361,102625
48,G4-e003Coalescence-mGAM-p7_S171,0,1341178,D_G1_C2_AA_AE_mBHI_mGAM_6_S361,102625
49,G3-e003Coalescence-mGAM-p3_S82,0,2148001,D_G1_C2_AA_AE_mBHI_mGAM_6_S361,102625
50,G3-e003Coalescence-mGAM-p5_S74,0,2126090,D_G1_C2_AA_AE_mBHI_mGAM_6_S361,102625
51,E4-e003Coalescence-mGAM-p7_S147,0,2145639,D_G1_C2_AA_AE_mBHI_mGAM_6_S361,102625
52,E4-e003Coalescence-mGAM-p3_S59,0,2087042,D_G1_C2_AA_AE_mBHI_mGAM_6_S361,102625
53,F4-e003Coalescence-mGAM-p3_S71,0,2109664,D_G1_C2_AA_AE_mBHI_mGAM_6_S361,102625
54,F4-e003Coalescence-mGAM-p7_S159,0,2100682,D_G1_C2_AA_AE_mBHI_mGAM_6_S361,102625
55,G2-e003Coalescence-mGAM-p3_S81,0,2106083,D_G1_C2_AA_AE_mBHI_mGAM_6_S361,102625
56,C4-e003Coalescence-mGAM-p1_S738,0,1463124,D_G1_C2_AA_AE_mBHI_mGAM_6_S361,102625
57,D4-e003Coalescence-mGAM-p1_S739,0,1848658,D_G1_C2_AA_AE_mBHI_mGAM_6_S361,102625
58,B4-e003Coalescence-mGAM-p1_S737,0,1405634,D_G1_C2_AA_AE_mBHI_mGAM_6_S361,102625
59,Coalescence-E5-C4-AE-AE-mBHI-mBHI-3_S672,0,2109217,D_G1_C2_AA_AE_mBHI_mGAM_6_S361,102625
60,Coalescence-C6-A4-AA-AE-mBHI-mGAM-5_S649,0,2160650,D_G1_C2_AA_AE_mBHI_mGAM_6_S361,102625
61,Coalescence-D12-B4-ACPP-AE-mBHI-mGAM-3_S667,0,2160583,D_G1_C2_AA_AE_mBHI_mGAM_6_S361,102625
62,Coalescence-D8-A4-AA-AE-mBHI-mGAM-3_S663,0,2106366,D_G1_C2_AA_AE_mBHI_mGAM_6_S361,102625
63,Coalescence-B9-G3-ACPP-AE-mBHI-mGAM-7_S640,0,2145029,D_G1_C2_AA_AE_mBHI_mGAM_6_S361,102625
64,Coalescence-E4-C3-ACPP-AE-mBHI-mBHI-3_S671,0,1231438,D_G1_C2_AA_AE_mBHI_mGAM_6_S361,102625
65,D_F11_e003Assembly_S359,1,2166211,D_G1_C2_AA_AE_mBHI_mGAM_6_S361,102625
66,C_C2_e003Assembly_S218,0,2063067,D_G1_C2_AA_AE_mBHI_mGAM_6_S361,102625
67,C_C6_e003Assembly_S222,0,1156589,D_G1_C2_AA_AE_mBHI_mGAM_6_S361,102625
68,C_G6_e003Assembly_S270,1,1957903,D_G1_C2_AA_AE_mBHI_mGAM_6_S361,102625
0,A_C3_C4_AE_AE_mBHI_mBHI_2_S27,0,1830153,D_G3_C4_AE_AE_mBHI_mGAM_6_S363,102625
1,A_C4_C5_AF_AE_mBHI_mBHI_2_S28,0,1831891,D_G3_C4_AE_AE_mBHI_mGAM_6_S363,102625
2,A_C11_C4_AE_AE_mBHI_mBHI_4_S35,0,1830141,D_G3_C4_AE_AE_mBHI_mGAM_6_S363,102625
3,A_D11_D4_AE_AF_mBHI_mBHI_4_S47,0,1191497,D_G3_C4_AE_AE_mBHI_mGAM_6_S363,102625
4,A_E3_A4_AE_AA_mBHI_mGAM_2_S51,0,1044170,D_G3_C4_AE_AE_mBHI_mGAM_6_S363,102625
5,A_E11_A4_AE_AA_mBHI_mGAM_4_S59,0,2146010,D_G3_C4_AE_AE_mBHI_mGAM_6_S363,102625
6,A_G1_C2_AA_AE_mBHI_mGAM_2_S73,0,2142841,D_G3_C4_AE_AE_mBHI_mGAM_6_S363,102625
7,A_G3_C4_AE_AE_mBHI_mGAM_2_S75,0,2091004,D_G3_C4_AE_AE_mBHI_mGAM_6_S363,102625
8,A_G4_C5_AF_AE_mBHI_mGAM_2_S76,0,1677063,D_G3_C4_AE_AE_mBHI_mGAM_6_S363,102625
9,A_G9_C2_AA_AE_mBHI_mGAM_4_S81,0,2159450,D_G3_C4_AE_AE_mBHI_mGAM_6_S363,102625
10,A_G10_C3_ACPP_AE_mBHI_mGAM_4_S82,0,2100659,D_G3_C4_AE_AE_mBHI_mGAM_6_S363,102625
11,A_H3_D4_AE_AF_mBHI_mGAM_2_S87,0,1928409,D_G3_C4_AE_AE_mBHI_mGAM_6_S363,102625
12,B_E3_E4_AE_AA_mBHI_mGAM_2_S147,0,1045740,D_G3_C4_AE_AE_mBHI_mGAM_6_S363,102625
13,B_G1_G2_AA_AE_mBHI_mGAM_2_S169,0,2159590,D_G3_C4_AE_AE_mBHI_mGAM_6_S363,102625
14,B_H3_H4_AE_AF_mBHI_mGAM_2_S183,0,1457926,D_G3_C4_AE_AE_mBHI_mGAM_6_S363,102625
15,C_C11_G4_AE_AE_mBHI_mBHI_4_S227,0,1523518,D_G3_C4_AE_AE_mBHI_mGAM_6_S363,102625
16,C_E3_A4_AE_AA_mBHI_mGAM_6_S243,0,2145227,D_G3_C4_AE_AE_mBHI_mGAM_6_S363,102625
17,C_E11_E4_AE_AA_mBHI_mGAM_4_S251,0,2164170,D_G3_C4_AE_AE_mBHI_mGAM_6_S363,102625
18,C_G3_C4_AE_AE_mBHI_mGAM_6_S267,0,1555228,D_G3_C4_AE_AE_mBHI_mGAM_6_S363,102625
19,C_G11_G4_AE_AE_mBHI_mGAM_4_S275,0,2041192,D_G3_C4_AE_AE_mBHI_mGAM_6_S363,102625
20,C_H11_H4_AE_AF_mBHI_mGAM_4_S287,0,1662792,D_G3_C4_AE_AE_mBHI_mGAM_6_S363,102625
21,D_E3_A4_AE_AA_mBHI_mGAM_6_S339,0,2168722,D_G3_C4_AE_AE_mBHI_mGAM_6_S363,102625
22,D_G1_C2_AA_AE_mBHI_mGAM_6_S361,0,2165921,D_G3_C4_AE_AE_mBHI_mGAM_6_S363,102625
23,D_G3_C4_AE_AE_mBHI_mGAM_6_S363,0,2139279,D_G3_C4_AE_AE_mBHI_mGAM_6_S363,102625
24,D_H3_D4_AE_AF_mBHI_mGAM_6_S375,0,1929446,D_G3_C4_AE_AE_mBHI_mGAM_6_S363,102625
25,C4-e003Coalescence-mGAM-p7,29,1507607,D_G3_C4_AE_AE_mBHI_mGAM_6_S363,102625
26,C3-e003Coalescence-mGAM-p3,58,2175580,D_G3_C4_AE_AE_mBHI_mGAM_6_S363,102625
27,C2-e003Coalescence-mGAM-p7,58,2190353,D_G3_C4_AE_AE_mBHI_mGAM_6_S363,102625
28,B4-e003Coalescence-mGAM-p5,52,2112758,D_G3_C4_AE_AE_mBHI_mGAM_6_S363,102625
29,D4-e003Coalescence-mGAM-p5,32,1378041,D_G3_C4_AE_AE_mBHI_mGAM_6_S363,102625
30,C2-e003Coalescence-mGAM-p3,34,1272026,D_G3_C4_AE_AE_mBHI_mGAM_6_S363,102625
31,C4-e003Coalescence-mGAM-p5,40,1470780,D_G3_C4_AE_AE_mBHI_mGAM_6_S363,102625
32,C4-e003Coalescence-mGAM-p3,57,2170545,D_G3_C4_AE_AE_mBHI_mGAM_6_S363,102625
33,C5-e003Coalescence-mGAM-p3,31,1755780,D_G3_C4_AE_AE_mBHI_mGAM_6_S363,102625
34,C3-e003Coalescence-mGAM-p5,54,2102070,D_G3_C4_AE_AE_mBHI_mGAM_6_S363,102625
35,D4-e003Coalescence-mGAM-p3,46,1955064,D_G3_C4_AE_AE_mBHI_mGAM_6_S363,102625
36,C3-e003Coalescence-mGAM-p7,58,2177723,D_G3_C4_AE_AE_mBHI_mGAM_6_S363,102625
37,C2-e003Coalescence-mGAM-p5,52,2091417,D_G3_C4_AE_AE_mBHI_mGAM_6_S363,102625
38,H4-e003Coalescence-mGAM-p7_S183,0,2127707,D_G3_C4_AE_AE_mBHI_mGAM_6_S363,102625
39,G3-e003Coalescence-mBHI-p5_S26,0,1984187,D_G3_C4_AE_AE_mBHI_mGAM_6_S363,102625
40,E4-e003Coalescence-mGAM-p5_S51,1,2046969,D_G3_C4_AE_AE_mBHI_mGAM_6_S363,102625
41,G5-e003Coalescence-mGAM-p3_S84,0,1327011,D_G3_C4_AE_AE_mBHI_mGAM_6_S363,102625
42,G3-e003Coalescence-mBHI-p7_S122,0,2051412,D_G3_C4_AE_AE_mBHI_mGAM_6_S363,102625
43,G5-e003Coalescence-mGAM-p7_S172,0,2000174,D_G3_C4_AE_AE_mBHI_mGAM_6_S363,102625
44,G4-e003Coalescence-mGAM-p5_S75,0,2083119,D_G3_C4_AE_AE_mBHI_mGAM_6_S363,102625
45,G2-e003Coalescence-mGAM-p5_S73,0,2095666,D_G3_C4_AE_AE_mBHI_mGAM_6_S363,102625
46,G4-e003Coalescence-mGAM-p3_S83,0,2123891,D_G3_C4_AE_AE_mBHI_mGAM_6_S363,102625
47,F4-e003Coalescence-mGAM-p5_S63,1,2012196,D_G3_C4_AE_AE_mBHI_mGAM_6_S363,102625
48,G4-e003Coalescence-mGAM-p7_S171,0,1341178,D_G3_C4_AE_AE_mBHI_mGAM_6_S363,102625
49,G3-e003Coalescence-mGAM-p3_S82,0,2148001,D_G3_C4_AE_AE_mBHI_mGAM_6_S363,102625
50,G3-e003Coalescence-mGAM-p5_S74,0,2126090,D_G3_C4_AE_AE_mBHI_mGAM_6_S363,102625
51,E4-e003Coalescence-mGAM-p7_S147,0,2145639,D_G3_C4_AE_AE_mBHI_mGAM_6_S363,102625
52,E4-e003Coalescence-mGAM-p3_S59,0,2087042,D_G3_C4_AE_AE_mBHI_mGAM_6_S363,102625
53,F4-e003Coalescence-mGAM-p3_S71,0,2109664,D_G3_C4_AE_AE_mBHI_mGAM_6_S363,102625
54,F4-e003Coalescence-mGAM-p7_S159,0,2100682,D_G3_C4_AE_AE_mBHI_mGAM_6_S363,102625
55,G2-e003Coalescence-mGAM-p3_S81,0,2106083,D_G3_C4_AE_AE_mBHI_mGAM_6_S363,102625
56,C4-e003Coalescence-mGAM-p1_S738,0,1463124,D_G3_C4_AE_AE_mBHI_mGAM_6_S363,102625
57,D4-e003Coalescence-mGAM-p1_S739,1,1848658,D_G3_C4_AE_AE_mBHI_mGAM_6_S363,102625
58,B4-e003Coalescence-mGAM-p1_S737,0,1405634,D_G3_C4_AE_AE_mBHI_mGAM_6_S363,102625
59,Coalescence-E5-C4-AE-AE-mBHI-mBHI-3_S672,0,2109217,D_G3_C4_AE_AE_mBHI_mGAM_6_S363,102625
60,Coalescence-C6-A4-AA-AE-mBHI-mGAM-5_S649,0,2160650,D_G3_C4_AE_AE_mBHI_mGAM_6_S363,102625
61,Coalescence-D12-B4-ACPP-AE-mBHI-mGAM-3_S667,0,2160583,D_G3_C4_AE_AE_mBHI_mGAM_6_S363,102625
62,Coalescence-D8-A4-AA-AE-mBHI-mGAM-3_S663,0,2106366,D_G3_C4_AE_AE_mBHI_mGAM_6_S363,102625
63,Coalescence-B9-G3-ACPP-AE-mBHI-mGAM-7_S640,0,2145029,D_G3_C4_AE_AE_mBHI_mGAM_6_S363,102625
64,Coalescence-E4-C3-ACPP-AE-mBHI-mBHI-3_S671,0,1231438,D_G3_C4_AE_AE_mBHI_mGAM_6_S363,102625
65,D_F11_e003Assembly_S359,1,2166211,D_G3_C4_AE_AE_mBHI_mGAM_6_S363,102625
66,C_C2_e003Assembly_S218,0,2063067,D_G3_C4_AE_AE_mBHI_mGAM_6_S363,102625
67,C_C6_e003Assembly_S222,0,1156589,D_G3_C4_AE_AE_mBHI_mGAM_6_S363,102625
68,C_G6_e003Assembly_S270,1,1957903,D_G3_C4_AE_AE_mBHI_mGAM_6_S363,102625
0,A_C3_C4_AE_AE_mBHI_mBHI_2_S27,2,1830153,D_H3_D4_AE_AF_mBHI_mGAM_6_S375,102625
1,A_C4_C5_AF_AE_mBHI_mBHI_2_S28,0,1831891,D_H3_D4_AE_AF_mBHI_mGAM_6_S375,102625
2,A_C11_C4_AE_AE_mBHI_mBHI_4_S35,0,1830141,D_H3_D4_AE_AF_mBHI_mGAM_6_S375,102625
3,A_D11_D4_AE_AF_mBHI_mBHI_4_S47,0,1191497,D_H3_D4_AE_AF_mBHI_mGAM_6_S375,102625
4,A_E3_A4_AE_AA_mBHI_mGAM_2_S51,0,1044170,D_H3_D4_AE_AF_mBHI_mGAM_6_S375,102625
5,A_E11_A4_AE_AA_mBHI_mGAM_4_S59,0,2146010,D_H3_D4_AE_AF_mBHI_mGAM_6_S375,102625
6,A_G1_C2_AA_AE_mBHI_mGAM_2_S73,0,2142841,D_H3_D4_AE_AF_mBHI_mGAM_6_S375,102625
7,A_G3_C4_AE_AE_mBHI_mGAM_2_S75,0,2091004,D_H3_D4_AE_AF_mBHI_mGAM_6_S375,102625
8,A_G4_C5_AF_AE_mBHI_mGAM_2_S76,0,1677063,D_H3_D4_AE_AF_mBHI_mGAM_6_S375,102625
9,A_G9_C2_AA_AE_mBHI_mGAM_4_S81,0,2159450,D_H3_D4_AE_AF_mBHI_mGAM_6_S375,102625
10,A_G10_C3_ACPP_AE_mBHI_mGAM_4_S82,0,2100659,D_H3_D4_AE_AF_mBHI_mGAM_6_S375,102625
11,A_H3_D4_AE_AF_mBHI_mGAM_2_S87,0,1928409,D_H3_D4_AE_AF_mBHI_mGAM_6_S375,102625
12,B_E3_E4_AE_AA_mBHI_mGAM_2_S147,0,1045740,D_H3_D4_AE_AF_mBHI_mGAM_6_S375,102625
13,B_G1_G2_AA_AE_mBHI_mGAM_2_S169,0,2159590,D_H3_D4_AE_AF_mBHI_mGAM_6_S375,102625
14,B_H3_H4_AE_AF_mBHI_mGAM_2_S183,0,1457926,D_H3_D4_AE_AF_mBHI_mGAM_6_S375,102625
15,C_C11_G4_AE_AE_mBHI_mBHI_4_S227,1,1523518,D_H3_D4_AE_AF_mBHI_mGAM_6_S375,102625
16,C_E3_A4_AE_AA_mBHI_mGAM_6_S243,0,2145227,D_H3_D4_AE_AF_mBHI_mGAM_6_S375,102625
17,C_E11_E4_AE_AA_mBHI_mGAM_4_S251,0,2164170,D_H3_D4_AE_AF_mBHI_mGAM_6_S375,102625
18,C_G3_C4_AE_AE_mBHI_mGAM_6_S267,1,1555228,D_H3_D4_AE_AF_mBHI_mGAM_6_S375,102625
19,C_G11_G4_AE_AE_mBHI_mGAM_4_S275,0,2041192,D_H3_D4_AE_AF_mBHI_mGAM_6_S375,102625
20,C_H11_H4_AE_AF_mBHI_mGAM_4_S287,0,1662792,D_H3_D4_AE_AF_mBHI_mGAM_6_S375,102625
21,D_E3_A4_AE_AA_mBHI_mGAM_6_S339,0,2168722,D_H3_D4_AE_AF_mBHI_mGAM_6_S375,102625
22,D_G1_C2_AA_AE_mBHI_mGAM_6_S361,0,2165921,D_H3_D4_AE_AF_mBHI_mGAM_6_S375,102625
23,D_G3_C4_AE_AE_mBHI_mGAM_6_S363,0,2139279,D_H3_D4_AE_AF_mBHI_mGAM_6_S375,102625
24,D_H3_D4_AE_AF_mBHI_mGAM_6_S375,0,1929446,D_H3_D4_AE_AF_mBHI_mGAM_6_S375,102625
25,C4-e003Coalescence-mGAM-p7,27,1507607,D_H3_D4_AE_AF_mBHI_mGAM_6_S375,102625
26,C3-e003Coalescence-mGAM-p3,44,2175580,D_H3_D4_AE_AF_mBHI_mGAM_6_S375,102625
27,C2-e003Coalescence-mGAM-p7,47,2190353,D_H3_D4_AE_AF_mBHI_mGAM_6_S375,102625
28,B4-e003Coalescence-mGAM-p5,40,2112758,D_H3_D4_AE_AF_mBHI_mGAM_6_S375,102625
29,D4-e003Coalescence-mGAM-p5,24,1378041,D_H3_D4_AE_AF_mBHI_mGAM_6_S375,102625
30,C2-e003Coalescence-mGAM-p3,33,1272026,D_H3_D4_AE_AF_mBHI_mGAM_6_S375,102625
31,C4-e003Coalescence-mGAM-p5,29,1470780,D_H3_D4_AE_AF_mBHI_mGAM_6_S375,102625
32,C4-e003Coalescence-mGAM-p3,45,2170545,D_H3_D4_AE_AF_mBHI_mGAM_6_S375,102625
33,C5-e003Coalescence-mGAM-p3,25,1755780,D_H3_D4_AE_AF_mBHI_mGAM_6_S375,102625
34,C3-e003Coalescence-mGAM-p5,44,2102070,D_H3_D4_AE_AF_mBHI_mGAM_6_S375,102625
35,D4-e003Coalescence-mGAM-p3,39,1955064,D_H3_D4_AE_AF_mBHI_mGAM_6_S375,102625
36,C3-e003Coalescence-mGAM-p7,46,2177723,D_H3_D4_AE_AF_mBHI_mGAM_6_S375,102625
37,C2-e003Coalescence-mGAM-p5,38,2091417,D_H3_D4_AE_AF_mBHI_mGAM_6_S375,102625
38,H4-e003Coalescence-mGAM-p7_S183,0,2127707,D_H3_D4_AE_AF_mBHI_mGAM_6_S375,102625
39,G3-e003Coalescence-mBHI-p5_S26,1,1984187,D_H3_D4_AE_AF_mBHI_mGAM_6_S375,102625
40,E4-e003Coalescence-mGAM-p5_S51,0,2046969,D_H3_D4_AE_AF_mBHI_mGAM_6_S375,102625
41,G5-e003Coalescence-mGAM-p3_S84,0,1327011,D_H3_D4_AE_AF_mBHI_mGAM_6_S375,102625
42,G3-e003Coalescence-mBHI-p7_S122,0,2051412,D_H3_D4_AE_AF_mBHI_mGAM_6_S375,102625
43,G5-e003Coalescence-mGAM-p7_S172,0,2000174,D_H3_D4_AE_AF_mBHI_mGAM_6_S375,102625
44,G4-e003Coalescence-mGAM-p5_S75,0,2083119,D_H3_D4_AE_AF_mBHI_mGAM_6_S375,102625
45,G2-e003Coalescence-mGAM-p5_S73,0,2095666,D_H3_D4_AE_AF_mBHI_mGAM_6_S375,102625
46,G4-e003Coalescence-mGAM-p3_S83,0,2123891,D_H3_D4_AE_AF_mBHI_mGAM_6_S375,102625
47,F4-e003Coalescence-mGAM-p5_S63,0,2012196,D_H3_D4_AE_AF_mBHI_mGAM_6_S375,102625
48,G4-e003Coalescence-mGAM-p7_S171,0,1341178,D_H3_D4_AE_AF_mBHI_mGAM_6_S375,102625
49,G3-e003Coalescence-mGAM-p3_S82,0,2148001,D_H3_D4_AE_AF_mBHI_mGAM_6_S375,102625
50,G3-e003Coalescence-mGAM-p5_S74,0,2126090,D_H3_D4_AE_AF_mBHI_mGAM_6_S375,102625
51,E4-e003Coalescence-mGAM-p7_S147,0,2145639,D_H3_D4_AE_AF_mBHI_mGAM_6_S375,102625
52,E4-e003Coalescence-mGAM-p3_S59,0,2087042,D_H3_D4_AE_AF_mBHI_mGAM_6_S375,102625
53,F4-e003Coalescence-mGAM-p3_S71,0,2109664,D_H3_D4_AE_AF_mBHI_mGAM_6_S375,102625
54,F4-e003Coalescence-mGAM-p7_S159,0,2100682,D_H3_D4_AE_AF_mBHI_mGAM_6_S375,102625
55,G2-e003Coalescence-mGAM-p3_S81,0,2106083,D_H3_D4_AE_AF_mBHI_mGAM_6_S375,102625
56,C4-e003Coalescence-mGAM-p1_S738,0,1463124,D_H3_D4_AE_AF_mBHI_mGAM_6_S375,102625
57,D4-e003Coalescence-mGAM-p1_S739,1,1848658,D_H3_D4_AE_AF_mBHI_mGAM_6_S375,102625
58,B4-e003Coalescence-mGAM-p1_S737,0,1405634,D_H3_D4_AE_AF_mBHI_mGAM_6_S375,102625
59,Coalescence-E5-C4-AE-AE-mBHI-mBHI-3_S672,0,2109217,D_H3_D4_AE_AF_mBHI_mGAM_6_S375,102625
60,Coalescence-C6-A4-AA-AE-mBHI-mGAM-5_S649,0,2160650,D_H3_D4_AE_AF_mBHI_mGAM_6_S375,102625
61,Coalescence-D12-B4-ACPP-AE-mBHI-mGAM-3_S667,0,2160583,D_H3_D4_AE_AF_mBHI_mGAM_6_S375,102625
62,Coalescence-D8-A4-AA-AE-mBHI-mGAM-3_S663,0,2106366,D_H3_D4_AE_AF_mBHI_mGAM_6_S375,102625
63,Coalescence-B9-G3-ACPP-AE-mBHI-mGAM-7_S640,0,2145029,D_H3_D4_AE_AF_mBHI_mGAM_6_S375,102625
64,Coalescence-E4-C3-ACPP-AE-mBHI-mBHI-3_S671,1,1231438,D_H3_D4_AE_AF_mBHI_mGAM_6_S375,102625
65,D_F11_e003Assembly_S359,1,2166211,D_H3_D4_AE_AF_mBHI_mGAM_6_S375,102625
66,C_C2_e003Assembly_S218,0,2063067,D_H3_D4_AE_AF_mBHI_mGAM_6_S375,102625
67,C_C6_e003Assembly_S222,0,1156589,D_H3_D4_AE_AF_mBHI_mGAM_6_S375,102625
68,C_G6_e003Assembly_S270,1,1957903,D_H3_D4_AE_AF_mBHI_mGAM_6_S375,102625
0,A_C3_C4_AE_AE_mBHI_mBHI_2_S27,30,1830153,C4-e003Coalescence-mGAM-p7,102625
1,A_C4_C5_AF_AE_mBHI_mBHI_2_S28,26,1831891,C4-e003Coalescence-mGAM-p7,102625
2,A_C11_C4_AE_AE_mBHI_mBHI_4_S35,28,1830141,C4-e003Coalescence-mGAM-p7,102625
3,A_D11_D4_AE_AF_mBHI_mBHI_4_S47,14,1191497,C4-e003Coalescence-mGAM-p7,102625
4,A_E3_A4_AE_AA_mBHI_mGAM_2_S51,10,1044170,C4-e003Coalescence-mGAM-p7,102625
5,A_E11_A4_AE_AA_mBHI_mGAM_4_S59,38,2146010,C4-e003Coalescence-mGAM-p7,102625
6,A_G1_C2_AA_AE_mBHI_mGAM_2_S73,37,2142841,C4-e003Coalescence-mGAM-p7,102625
7,A_G3_C4_AE_AE_mBHI_mGAM_2_S75,37,2091004,C4-e003Coalescence-mGAM-p7,102625
8,A_G4_C5_AF_AE_mBHI_mGAM_2_S76,28,1677063,C4-e003Coalescence-mGAM-p7,102625
9,A_G9_C2_AA_AE_mBHI_mGAM_4_S81,40,2159450,C4-e003Coalescence-mGAM-p7,102625
10,A_G10_C3_ACPP_AE_mBHI_mGAM_4_S82,36,2100659,C4-e003Coalescence-mGAM-p7,102625
11,A_H3_D4_AE_AF_mBHI_mGAM_2_S87,22,1928409,C4-e003Coalescence-mGAM-p7,102625
12,B_E3_E4_AE_AA_mBHI_mGAM_2_S147,11,1045740,C4-e003Coalescence-mGAM-p7,102625
13,B_G1_G2_AA_AE_mBHI_mGAM_2_S169,40,2159590,C4-e003Coalescence-mGAM-p7,102625
14,B_H3_H4_AE_AF_mBHI_mGAM_2_S183,19,1457926,C4-e003Coalescence-mGAM-p7,102625
15,C_C11_G4_AE_AE_mBHI_mBHI_4_S227,22,1523518,C4-e003Coalescence-mGAM-p7,102625
16,C_E3_A4_AE_AA_mBHI_mGAM_6_S243,33,2145227,C4-e003Coalescence-mGAM-p7,102625
17,C_E11_E4_AE_AA_mBHI_mGAM_4_S251,38,2164170,C4-e003Coalescence-mGAM-p7,102625
18,C_G3_C4_AE_AE_mBHI_mGAM_6_S267,19,1555228,C4-e003Coalescence-mGAM-p7,102625
19,C_G11_G4_AE_AE_mBHI_mGAM_4_S275,34,2041192,C4-e003Coalescence-mGAM-p7,102625
20,C_H11_H4_AE_AF_mBHI_mGAM_4_S287,24,1662792,C4-e003Coalescence-mGAM-p7,102625
21,D_E3_A4_AE_AA_mBHI_mGAM_6_S339,37,2168722,C4-e003Coalescence-mGAM-p7,102625
22,D_G1_C2_AA_AE_mBHI_mGAM_6_S361,42,2165921,C4-e003Coalescence-mGAM-p7,102625
23,D_G3_C4_AE_AE_mBHI_mGAM_6_S363,29,2139279,C4-e003Coalescence-mGAM-p7,102625
24,D_H3_D4_AE_AF_mBHI_mGAM_6_S375,27,1929446,C4-e003Coalescence-mGAM-p7,102625
25,C4-e003Coalescence-mGAM-p7,0,1507607,C4-e003Coalescence-mGAM-p7,102625
26,C3-e003Coalescence-mGAM-p3,0,2175580,C4-e003Coalescence-mGAM-p7,102625
27,C2-e003Coalescence-mGAM-p7,0,2190353,C4-e003Coalescence-mGAM-p7,102625
28,B4-e003Coalescence-mGAM-p5,0,2112758,C4-e003Coalescence-mGAM-p7,102625
29,D4-e003Coalescence-mGAM-p5,0,1378041,C4-e003Coalescence-mGAM-p7,102625
30,C2-e003Coalescence-mGAM-p3,0,1272026,C4-e003Coalescence-mGAM-p7,102625
31,C4-e003Coalescence-mGAM-p5,1,1470780,C4-e003Coalescence-mGAM-p7,102625
32,C4-e003Coalescence-mGAM-p3,0,2170545,C4-e003Coalescence-mGAM-p7,102625
33,C5-e003Coalescence-mGAM-p3,0,1755780,C4-e003Coalescence-mGAM-p7,102625
34,C3-e003Coalescence-mGAM-p5,0,2102070,C4-e003Coalescence-mGAM-p7,102625
35,D4-e003Coalescence-mGAM-p3,0,1955064,C4-e003Coalescence-mGAM-p7,102625
36,C3-e003Coalescence-mGAM-p7,0,2177723,C4-e003Coalescence-mGAM-p7,102625
37,C2-e003Coalescence-mGAM-p5,0,2091417,C4-e003Coalescence-mGAM-p7,102625
38,H4-e003Coalescence-mGAM-p7_S183,36,2127707,C4-e003Coalescence-mGAM-p7,102625
39,G3-e003Coalescence-mBHI-p5_S26,22,1984187,C4-e003Coalescence-mGAM-p7,102625
40,E4-e003Coalescence-mGAM-p5_S51,32,2046969,C4-e003Coalescence-mGAM-p7,102625
41,G5-e003Coalescence-mGAM-p3_S84,26,1327011,C4-e003Coalescence-mGAM-p7,102625
42,G3-e003Coalescence-mBHI-p7_S122,25,2051412,C4-e003Coalescence-mGAM-p7,102625
43,G5-e003Coalescence-mGAM-p7_S172,25,2000174,C4-e003Coalescence-mGAM-p7,102625
44,G4-e003Coalescence-mGAM-p5_S75,38,2083119,C4-e003Coalescence-mGAM-p7,102625
45,G2-e003Coalescence-mGAM-p5_S73,37,2095666,C4-e003Coalescence-mGAM-p7,102625
46,G4-e003Coalescence-mGAM-p3_S83,34,2123891,C4-e003Coalescence-mGAM-p7,102625
47,F4-e003Coalescence-mGAM-p5_S63,20,2012196,C4-e003Coalescence-mGAM-p7,102625
48,G4-e003Coalescence-mGAM-p7_S171,11,1341178,C4-e003Coalescence-mGAM-p7,102625
49,G3-e003Coalescence-mGAM-p3_S82,34,2148001,C4-e003Coalescence-mGAM-p7,102625
50,G3-e003Coalescence-mGAM-p5_S74,33,2126090,C4-e003Coalescence-mGAM-p7,102625
51,E4-e003Coalescence-mGAM-p7_S147,36,2145639,C4-e003Coalescence-mGAM-p7,102625
52,E4-e003Coalescence-mGAM-p3_S59,29,2087042,C4-e003Coalescence-mGAM-p7,102625
53,F4-e003Coalescence-mGAM-p3_S71,33,2109664,C4-e003Coalescence-mGAM-p7,102625
54,F4-e003Coalescence-mGAM-p7_S159,33,2100682,C4-e003Coalescence-mGAM-p7,102625
55,G2-e003Coalescence-mGAM-p3_S81,38,2106083,C4-e003Coalescence-mGAM-p7,102625
56,C4-e003Coalescence-mGAM-p1_S738,19,1463124,C4-e003Coalescence-mGAM-p7,102625
57,D4-e003Coalescence-mGAM-p1_S739,24,1848658,C4-e003Coalescence-mGAM-p7,102625
58,B4-e003Coalescence-mGAM-p1_S737,25,1405634,C4-e003Coalescence-mGAM-p7,102625
59,Coalescence-E5-C4-AE-AE-mBHI-mBHI-3_S672,34,2109217,C4-e003Coalescence-mGAM-p7,102625
60,Coalescence-C6-A4-AA-AE-mBHI-mGAM-5_S649,40,2160650,C4-e003Coalescence-mGAM-p7,102625
61,Coalescence-D12-B4-ACPP-AE-mBHI-mGAM-3_S667,38,2160583,C4-e003Coalescence-mGAM-p7,102625
62,Coalescence-D8-A4-AA-AE-mBHI-mGAM-3_S663,31,2106366,C4-e003Coalescence-mGAM-p7,102625
63,Coalescence-B9-G3-ACPP-AE-mBHI-mGAM-7_S640,42,2145029,C4-e003Coalescence-mGAM-p7,102625
64,Coalescence-E4-C3-ACPP-AE-mBHI-mBHI-3_S671,18,1231438,C4-e003Coalescence-mGAM-p7,102625
65,D_F11_e003Assembly_S359,38,2166211,C4-e003Coalescence-mGAM-p7,102625
66,C_C2_e003Assembly_S218,39,2063067,C4-e003Coalescence-mGAM-p7,102625
67,C_C6_e003Assembly_S222,8,1156589,C4-e003Coalescence-mGAM-p7,102625
68,C_G6_e003Assembly_S270,27,1957903,C4-e003Coalescence-mGAM-p7,102625
0,A_C3_C4_AE_AE_mBHI_mBHI_2_S27,50,1830153,C3-e003Coalescence-mGAM-p3,102625
1,A_C4_C5_AF_AE_mBHI_mBHI_2_S28,42,1831891,C3-e003Coalescence-mGAM-p3,102625
2,A_C11_C4_AE_AE_mBHI_mBHI_4_S35,42,1830141,C3-e003Coalescence-mGAM-p3,102625
3,A_D11_D4_AE_AF_mBHI_mBHI_4_S47,25,1191497,C3-e003Coalescence-mGAM-p3,102625
4,A_E3_A4_AE_AA_mBHI_mGAM_2_S51,14,1044170,C3-e003Coalescence-mGAM-p3,102625
5,A_E11_A4_AE_AA_mBHI_mGAM_4_S59,65,2146010,C3-e003Coalescence-mGAM-p3,102625
6,A_G1_C2_AA_AE_mBHI_mGAM_2_S73,61,2142841,C3-e003Coalescence-mGAM-p3,102625
7,A_G3_C4_AE_AE_mBHI_mGAM_2_S75,60,2091004,C3-e003Coalescence-mGAM-p3,102625
8,A_G4_C5_AF_AE_mBHI_mGAM_2_S76,40,1677063,C3-e003Coalescence-mGAM-p3,102625
9,A_G9_C2_AA_AE_mBHI_mGAM_4_S81,65,2159450,C3-e003Coalescence-mGAM-p3,102625
10,A_G10_C3_ACPP_AE_mBHI_mGAM_4_S82,58,2100659,C3-e003Coalescence-mGAM-p3,102625
11,A_H3_D4_AE_AF_mBHI_mGAM_2_S87,41,1928409,C3-e003Coalescence-mGAM-p3,102625
12,B_E3_E4_AE_AA_mBHI_mGAM_2_S147,21,1045740,C3-e003Coalescence-mGAM-p3,102625
13,B_G1_G2_AA_AE_mBHI_mGAM_2_S169,70,2159590,C3-e003Coalescence-mGAM-p3,102625
14,B_H3_H4_AE_AF_mBHI_mGAM_2_S183,21,1457926,C3-e003Coalescence-mGAM-p3,102625
15,C_C11_G4_AE_AE_mBHI_mBHI_4_S227,35,1523518,C3-e003Coalescence-mGAM-p3,102625
16,C_E3_A4_AE_AA_mBHI_mGAM_6_S243,60,2145227,C3-e003Coalescence-mGAM-p3,102625
17,C_E11_E4_AE_AA_mBHI_mGAM_4_S251,64,2164170,C3-e003Coalescence-mGAM-p3,102625
18,C_G3_C4_AE_AE_mBHI_mGAM_6_S267,30,1555228,C3-e003Coalescence-mGAM-p3,102625
19,C_G11_G4_AE_AE_mBHI_mGAM_4_S275,54,2041192,C3-e003Coalescence-mGAM-p3,102625
20,C_H11_H4_AE_AF_mBHI_mGAM_4_S287,38,1662792,C3-e003Coalescence-mGAM-p3,102625
21,D_E3_A4_AE_AA_mBHI_mGAM_6_S339,65,2168722,C3-e003Coalescence-mGAM-p3,102625
22,D_G1_C2_AA_AE_mBHI_mGAM_6_S361,68,2165921,C3-e003Coalescence-mGAM-p3,102625
23,D_G3_C4_AE_AE_mBHI_mGAM_6_S363,58,2139279,C3-e003Coalescence-mGAM-p3,102625
24,D_H3_D4_AE_AF_mBHI_mGAM_6_S375,44,1929446,C3-e003Coalescence-mGAM-p3,102625
25,C4-e003Coalescence-mGAM-p7,0,1507607,C3-e003Coalescence-mGAM-p3,102625
26,C3-e003Coalescence-mGAM-p3,0,2175580,C3-e003Coalescence-mGAM-p3,102625
27,C2-e003Coalescence-mGAM-p7,0,2190353,C3-e003Coalescence-mGAM-p3,102625
28,B4-e003Coalescence-mGAM-p5,0,2112758,C3-e003Coalescence-mGAM-p3,102625
29,D4-e003Coalescence-mGAM-p5,0,1378041,C3-e003Coalescence-mGAM-p3,102625
30,C2-e003Coalescence-mGAM-p3,0,1272026,C3-e003Coalescence-mGAM-p3,102625
31,C4-e003Coalescence-mGAM-p5,0,1470780,C3-e003Coalescence-mGAM-p3,102625
32,C4-e003Coalescence-mGAM-p3,0,2170545,C3-e003Coalescence-mGAM-p3,102625
33,C5-e003Coalescence-mGAM-p3,0,1755780,C3-e003Coalescence-mGAM-p3,102625
34,C3-e003Coalescence-mGAM-p5,0,2102070,C3-e003Coalescence-mGAM-p3,102625
35,D4-e003Coalescence-mGAM-p3,0,1955064,C3-e003Coalescence-mGAM-p3,102625
36,C3-e003Coalescence-mGAM-p7,0,2177723,C3-e003Coalescence-mGAM-p3,102625
37,C2-e003Coalescence-mGAM-p5,0,2091417,C3-e003Coalescence-mGAM-p3,102625
38,H4-e003Coalescence-mGAM-p7_S183,56,2127707,C3-e003Coalescence-mGAM-p3,102625
39,G3-e003Coalescence-mBHI-p5_S26,43,1984187,C3-e003Coalescence-mGAM-p3,102625
40,E4-e003Coalescence-mGAM-p5_S51,53,2046969,C3-e003Coalescence-mGAM-p3,102625
41,G5-e003Coalescence-mGAM-p3_S84,33,1327011,C3-e003Coalescence-mGAM-p3,102625
42,G3-e003Coalescence-mBHI-p7_S122,48,2051412,C3-e003Coalescence-mGAM-p3,102625
43,G5-e003Coalescence-mGAM-p7_S172,38,2000174,C3-e003Coalescence-mGAM-p3,102625
44,G4-e003Coalescence-mGAM-p5_S75,64,2083119,C3-e003Coalescence-mGAM-p3,102625
45,G2-e003Coalescence-mGAM-p5_S73,55,2095666,C3-e003Coalescence-mGAM-p3,102625
46,G4-e003Coalescence-mGAM-p3_S83,53,2123891,C3-e003Coalescence-mGAM-p3,102625
47,F4-e003Coalescence-mGAM-p5_S63,40,2012196,C3-e003Coalescence-mGAM-p3,102625
48,G4-e003Coalescence-mGAM-p7_S171,20,1341178,C3-e003Coalescence-mGAM-p3,102625
49,G3-e003Coalescence-mGAM-p3_S82,54,2148001,C3-e003Coalescence-mGAM-p3,102625
50,G3-e003Coalescence-mGAM-p5_S74,52,2126090,C3-e003Coalescence-mGAM-p3,102625
51,E4-e003Coalescence-mGAM-p7_S147,60,2145639,C3-e003Coalescence-mGAM-p3,102625
52,E4-e003Coalescence-mGAM-p3_S59,49,2087042,C3-e003Coalescence-mGAM-p3,102625
53,F4-e003Coalescence-mGAM-p3_S71,52,2109664,C3-e003Coalescence-mGAM-p3,102625
54,F4-e003Coalescence-mGAM-p7_S159,57,2100682,C3-e003Coalescence-mGAM-p3,102625
55,G2-e003Coalescence-mGAM-p3_S81,60,2106083,C3-e003Coalescence-mGAM-p3,102625
56,C4-e003Coalescence-mGAM-p1_S738,28,1463124,C3-e003Coalescence-mGAM-p3,102625
57,D4-e003Coalescence-mGAM-p1_S739,42,1848658,C3-e003Coalescence-mGAM-p3,102625
58,B4-e003Coalescence-mGAM-p1_S737,35,1405634,C3-e003Coalescence-mGAM-p3,102625
59,Coalescence-E5-C4-AE-AE-mBHI-mBHI-3_S672,53,2109217,C3-e003Coalescence-mGAM-p3,102625
60,Coalescence-C6-A4-AA-AE-mBHI-mGAM-5_S649,66,2160650,C3-e003Coalescence-mGAM-p3,102625
61,Coalescence-D12-B4-ACPP-AE-mBHI-mGAM-3_S667,65,2160583,C3-e003Coalescence-mGAM-p3,102625
62,Coalescence-D8-A4-AA-AE-mBHI-mGAM-3_S663,53,2106366,C3-e003Coalescence-mGAM-p3,102625
63,Coalescence-B9-G3-ACPP-AE-mBHI-mGAM-7_S640,62,2145029,C3-e003Coalescence-mGAM-p3,102625
64,Coalescence-E4-C3-ACPP-AE-mBHI-mBHI-3_S671,23,1231438,C3-e003Coalescence-mGAM-p3,102625
65,D_F11_e003Assembly_S359,63,2166211,C3-e003Coalescence-mGAM-p3,102625
66,C_C2_e003Assembly_S218,63,2063067,C3-e003Coalescence-mGAM-p3,102625
67,C_C6_e003Assembly_S222,13,1156589,C3-e003Coalescence-mGAM-p3,102625
68,C_G6_e003Assembly_S270,50,1957903,C3-e003Coalescence-mGAM-p3,102625
0,A_C3_C4_AE_AE_mBHI_mBHI_2_S27,50,1830153,C2-e003Coalescence-mGAM-p7,102625
1,A_C4_C5_AF_AE_mBHI_mBHI_2_S28,42,1831891,C2-e003Coalescence-mGAM-p7,102625
2,A_C11_C4_AE_AE_mBHI_mBHI_4_S35,42,1830141,C2-e003Coalescence-mGAM-p7,102625
3,A_D11_D4_AE_AF_mBHI_mBHI_4_S47,25,1191497,C2-e003Coalescence-mGAM-p7,102625
4,A_E3_A4_AE_AA_mBHI_mGAM_2_S51,15,1044170,C2-e003Coalescence-mGAM-p7,102625
5,A_E11_A4_AE_AA_mBHI_mGAM_4_S59,64,2146010,C2-e003Coalescence-mGAM-p7,102625
6,A_G1_C2_AA_AE_mBHI_mGAM_2_S73,58,2142841,C2-e003Coalescence-mGAM-p7,102625
7,A_G3_C4_AE_AE_mBHI_mGAM_2_S75,60,2091004,C2-e003Coalescence-mGAM-p7,102625
8,A_G4_C5_AF_AE_mBHI_mGAM_2_S76,43,1677063,C2-e003Coalescence-mGAM-p7,102625
9,A_G9_C2_AA_AE_mBHI_mGAM_4_S81,66,2159450,C2-e003Coalescence-mGAM-p7,102625
10,A_G10_C3_ACPP_AE_mBHI_mGAM_4_S82,61,2100659,C2-e003Coalescence-mGAM-p7,102625
11,A_H3_D4_AE_AF_mBHI_mGAM_2_S87,45,1928409,C2-e003Coalescence-mGAM-p7,102625
12,B_E3_E4_AE_AA_mBHI_mGAM_2_S147,21,1045740,C2-e003Coalescence-mGAM-p7,102625
13,B_G1_G2_AA_AE_mBHI_mGAM_2_S169,70,2159590,C2-e003Coalescence-mGAM-p7,102625
14,B_H3_H4_AE_AF_mBHI_mGAM_2_S183,23,1457926,C2-e003Coalescence-mGAM-p7,102625
15,C_C11_G4_AE_AE_mBHI_mBHI_4_S227,36,1523518,C2-e003Coalescence-mGAM-p7,102625
16,C_E3_A4_AE_AA_mBHI_mGAM_6_S243,61,2145227,C2-e003Coalescence-mGAM-p7,102625
17,C_E11_E4_AE_AA_mBHI_mGAM_4_S251,63,2164170,C2-e003Coalescence-mGAM-p7,102625
18,C_G3_C4_AE_AE_mBHI_mGAM_6_S267,30,1555228,C2-e003Coalescence-mGAM-p7,102625
19,C_G11_G4_AE_AE_mBHI_mGAM_4_S275,52,2041192,C2-e003Coalescence-mGAM-p7,102625
20,C_H11_H4_AE_AF_mBHI_mGAM_4_S287,39,1662792,C2-e003Coalescence-mGAM-p7,102625
21,D_E3_A4_AE_AA_mBHI_mGAM_6_S339,63,2168722,C2-e003Coalescence-mGAM-p7,102625
22,D_G1_C2_AA_AE_mBHI_mGAM_6_S361,64,2165921,C2-e003Coalescence-mGAM-p7,102625
23,D_G3_C4_AE_AE_mBHI_mGAM_6_S363,58,2139279,C2-e003Coalescence-mGAM-p7,102625
24,D_H3_D4_AE_AF_mBHI_mGAM_6_S375,47,1929446,C2-e003Coalescence-mGAM-p7,102625
25,C4-e003Coalescence-mGAM-p7,0,1507607,C2-e003Coalescence-mGAM-p7,102625
26,C3-e003Coalescence-mGAM-p3,0,2175580,C2-e003Coalescence-mGAM-p7,102625
27,C2-e003Coalescence-mGAM-p7,0,2190353,C2-e003Coalescence-mGAM-p7,102625
28,B4-e003Coalescence-mGAM-p5,0,2112758,C2-e003Coalescence-mGAM-p7,102625
29,D4-e003Coalescence-mGAM-p5,0,1378041,C2-e003Coalescence-mGAM-p7,102625
30,C2-e003Coalescence-mGAM-p3,0,1272026,C2-e003Coalescence-mGAM-p7,102625
31,C4-e003Coalescence-mGAM-p5,0,1470780,C2-e003Coalescence-mGAM-p7,102625
32,C4-e003Coalescence-mGAM-p3,0,2170545,C2-e003Coalescence-mGAM-p7,102625
33,C5-e003Coalescence-mGAM-p3,0,1755780,C2-e003Coalescence-mGAM-p7,102625
34,C3-e003Coalescence-mGAM-p5,0,2102070,C2-e003Coalescence-mGAM-p7,102625
35,D4-e003Coalescence-mGAM-p3,0,1955064,C2-e003Coalescence-mGAM-p7,102625
36,C3-e003Coalescence-mGAM-p7,0,2177723,C2-e003Coalescence-mGAM-p7,102625
37,C2-e003Coalescence-mGAM-p5,0,2091417,C2-e003Coalescence-mGAM-p7,102625
38,H4-e003Coalescence-mGAM-p7_S183,58,2127707,C2-e003Coalescence-mGAM-p7,102625
39,G3-e003Coalescence-mBHI-p5_S26,44,1984187,C2-e003Coalescence-mGAM-p7,102625
40,E4-e003Coalescence-mGAM-p5_S51,51,2046969,C2-e003Coalescence-mGAM-p7,102625
41,G5-e003Coalescence-mGAM-p3_S84,35,1327011,C2-e003Coalescence-mGAM-p7,102625
42,G3-e003Coalescence-mBHI-p7_S122,49,2051412,C2-e003Coalescence-mGAM-p7,102625
43,G5-e003Coalescence-mGAM-p7_S172,39,2000174,C2-e003Coalescence-mGAM-p7,102625
44,G4-e003Coalescence-mGAM-p5_S75,63,2083119,C2-e003Coalescence-mGAM-p7,102625
45,G2-e003Coalescence-mGAM-p5_S73,57,2095666,C2-e003Coalescence-mGAM-p7,102625
46,G4-e003Coalescence-mGAM-p3_S83,55,2123891,C2-e003Coalescence-mGAM-p7,102625
47,F4-e003Coalescence-mGAM-p5_S63,38,2012196,C2-e003Coalescence-mGAM-p7,102625
48,G4-e003Coalescence-mGAM-p7_S171,23,1341178,C2-e003Coalescence-mGAM-p7,102625
49,G3-e003Coalescence-mGAM-p3_S82,57,2148001,C2-e003Coalescence-mGAM-p7,102625
50,G3-e003Coalescence-mGAM-p5_S74,51,2126090,C2-e003Coalescence-mGAM-p7,102625
51,E4-e003Coalescence-mGAM-p7_S147,60,2145639,C2-e003Coalescence-mGAM-p7,102625
52,E4-e003Coalescence-mGAM-p3_S59,50,2087042,C2-e003Coalescence-mGAM-p7,102625
53,F4-e003Coalescence-mGAM-p3_S71,52,2109664,C2-e003Coalescence-mGAM-p7,102625
54,F4-e003Coalescence-mGAM-p7_S159,56,2100682,C2-e003Coalescence-mGAM-p7,102625
55,G2-e003Coalescence-mGAM-p3_S81,59,2106083,C2-e003Coalescence-mGAM-p7,102625
56,C4-e003Coalescence-mGAM-p1_S738,29,1463124,C2-e003Coalescence-mGAM-p7,102625
57,D4-e003Coalescence-mGAM-p1_S739,41,1848658,C2-e003Coalescence-mGAM-p7,102625
58,B4-e003Coalescence-mGAM-p1_S737,33,1405634,C2-e003Coalescence-mGAM-p7,102625
59,Coalescence-E5-C4-AE-AE-mBHI-mBHI-3_S672,54,2109217,C2-e003Coalescence-mGAM-p7,102625
60,Coalescence-C6-A4-AA-AE-mBHI-mGAM-5_S649,64,2160650,C2-e003Coalescence-mGAM-p7,102625
61,Coalescence-D12-B4-ACPP-AE-mBHI-mGAM-3_S667,63,2160583,C2-e003Coalescence-mGAM-p7,102625
62,Coalescence-D8-A4-AA-AE-mBHI-mGAM-3_S663,49,2106366,C2-e003Coalescence-mGAM-p7,102625
63,Coalescence-B9-G3-ACPP-AE-mBHI-mGAM-7_S640,61,2145029,C2-e003Coalescence-mGAM-p7,102625
64,Coalescence-E4-C3-ACPP-AE-mBHI-mBHI-3_S671,24,1231438,C2-e003Coalescence-mGAM-p7,102625
65,D_F11_e003Assembly_S359,66,2166211,C2-e003Coalescence-mGAM-p7,102625
66,C_C2_e003Assembly_S218,63,2063067,C2-e003Coalescence-mGAM-p7,102625
67,C_C6_e003Assembly_S222,13,1156589,C2-e003Coalescence-mGAM-p7,102625
68,C_G6_e003Assembly_S270,49,1957903,C2-e003Coalescence-mGAM-p7,102625
0,A_C3_C4_AE_AE_mBHI_mBHI_2_S27,47,1830153,B4-e003Coalescence-mGAM-p5,102625
1,A_C4_C5_AF_AE_mBHI_mBHI_2_S28,37,1831891,B4-e003Coalescence-mGAM-p5,102625
2,A_C11_C4_AE_AE_mBHI_mBHI_4_S35,40,1830141,B4-e003Coalescence-mGAM-p5,102625
3,A_D11_D4_AE_AF_mBHI_mBHI_4_S47,27,1191497,B4-e003Coalescence-mGAM-p5,102625
4,A_E3_A4_AE_AA_mBHI_mGAM_2_S51,15,1044170,B4-e003Coalescence-mGAM-p5,102625
5,A_E11_A4_AE_AA_mBHI_mGAM_4_S59,59,2146010,B4-e003Coalescence-mGAM-p5,102625
6,A_G1_C2_AA_AE_mBHI_mGAM_2_S73,56,2142841,B4-e003Coalescence-mGAM-p5,102625
7,A_G3_C4_AE_AE_mBHI_mGAM_2_S75,53,2091004,B4-e003Coalescence-mGAM-p5,102625
8,A_G4_C5_AF_AE_mBHI_mGAM_2_S76,41,1677063,B4-e003Coalescence-mGAM-p5,102625
9,A_G9_C2_AA_AE_mBHI_mGAM_4_S81,64,2159450,B4-e003Coalescence-mGAM-p5,102625
10,A_G10_C3_ACPP_AE_mBHI_mGAM_4_S82,56,2100659,B4-e003Coalescence-mGAM-p5,102625
11,A_H3_D4_AE_AF_mBHI_mGAM_2_S87,42,1928409,B4-e003Coalescence-mGAM-p5,102625
12,B_E3_E4_AE_AA_mBHI_mGAM_2_S147,21,1045740,B4-e003Coalescence-mGAM-p5,102625
13,B_G1_G2_AA_AE_mBHI_mGAM_2_S169,65,2159590,B4-e003Coalescence-mGAM-p5,102625
14,B_H3_H4_AE_AF_mBHI_mGAM_2_S183,23,1457926,B4-e003Coalescence-mGAM-p5,102625
15,C_C11_G4_AE_AE_mBHI_mBHI_4_S227,35,1523518,B4-e003Coalescence-mGAM-p5,102625
16,C_E3_A4_AE_AA_mBHI_mGAM_6_S243,55,2145227,B4-e003Coalescence-mGAM-p5,102625
17,C_E11_E4_AE_AA_mBHI_mGAM_4_S251,61,2164170,B4-e003Coalescence-mGAM-p5,102625
18,C_G3_C4_AE_AE_mBHI_mGAM_6_S267,30,1555228,B4-e003Coalescence-mGAM-p5,102625
19,C_G11_G4_AE_AE_mBHI_mGAM_4_S275,49,2041192,B4-e003Coalescence-mGAM-p5,102625
20,C_H11_H4_AE_AF_mBHI_mGAM_4_S287,38,1662792,B4-e003Coalescence-mGAM-p5,102625
21,D_E3_A4_AE_AA_mBHI_mGAM_6_S339,59,2168722,B4-e003Coalescence-mGAM-p5,102625
22,D_G1_C2_AA_AE_mBHI_mGAM_6_S361,62,2165921,B4-e003Coalescence-mGAM-p5,102625
23,D_G3_C4_AE_AE_mBHI_mGAM_6_S363,52,2139279,B4-e003Coalescence-mGAM-p5,102625
24,D_H3_D4_AE_AF_mBHI_mGAM_6_S375,40,1929446,B4-e003Coalescence-mGAM-p5,102625
25,C4-e003Coalescence-mGAM-p7,0,1507607,B4-e003Coalescence-mGAM-p5,102625
26,C3-e003Coalescence-mGAM-p3,0,2175580,B4-e003Coalescence-mGAM-p5,102625
27,C2-e003Coalescence-mGAM-p7,0,2190353,B4-e003Coalescence-mGAM-p5,102625
28,B4-e003Coalescence-mGAM-p5,0,2112758,B4-e003Coalescence-mGAM-p5,102625
29,D4-e003Coalescence-mGAM-p5,0,1378041,B4-e003Coalescence-mGAM-p5,102625
30,C2-e003Coalescence-mGAM-p3,0,1272026,B4-e003Coalescence-mGAM-p5,102625
31,C4-e003Coalescence-mGAM-p5,3,1470780,B4-e003Coalescence-mGAM-p5,102625
32,C4-e003Coalescence-mGAM-p3,0,2170545,B4-e003Coalescence-mGAM-p5,102625
33,C5-e003Coalescence-mGAM-p3,0,1755780,B4-e003Coalescence-mGAM-p5,102625
34,C3-e003Coalescence-mGAM-p5,1,2102070,B4-e003Coalescence-mGAM-p5,102625
35,D4-e003Coalescence-mGAM-p3,3,1955064,B4-e003Coalescence-mGAM-p5,102625
36,C3-e003Coalescence-mGAM-p7,0,2177723,B4-e003Coalescence-mGAM-p5,102625
37,C2-e003Coalescence-mGAM-p5,0,2091417,B4-e003Coalescence-mGAM-p5,102625
38,H4-e003Coalescence-mGAM-p7_S183,55,2127707,B4-e003Coalescence-mGAM-p5,102625
39,G3-e003Coalescence-mBHI-p5_S26,40,1984187,B4-e003Coalescence-mGAM-p5,102625
40,E4-e003Coalescence-mGAM-p5_S51,46,2046969,B4-e003Coalescence-mGAM-p5,102625
41,G5-e003Coalescence-mGAM-p3_S84,32,1327011,B4-e003Coalescence-mGAM-p5,102625
42,G3-e003Coalescence-mBHI-p7_S122,44,2051412,B4-e003Coalescence-mGAM-p5,102625
43,G5-e003Coalescence-mGAM-p7_S172,42,2000174,B4-e003Coalescence-mGAM-p5,102625
44,G4-e003Coalescence-mGAM-p5_S75,61,2083119,B4-e003Coalescence-mGAM-p5,102625
45,G2-e003Coalescence-mGAM-p5_S73,57,2095666,B4-e003Coalescence-mGAM-p5,102625
46,G4-e003Coalescence-mGAM-p3_S83,52,2123891,B4-e003Coalescence-mGAM-p5,102625
47,F4-e003Coalescence-mGAM-p5_S63,40,2012196,B4-e003Coalescence-mGAM-p5,102625
48,G4-e003Coalescence-mGAM-p7_S171,23,1341178,B4-e003Coalescence-mGAM-p5,102625
49,G3-e003Coalescence-mGAM-p3_S82,54,2148001,B4-e003Coalescence-mGAM-p5,102625
50,G3-e003Coalescence-mGAM-p5_S74,49,2126090,B4-e003Coalescence-mGAM-p5,102625
51,E4-e003Coalescence-mGAM-p7_S147,57,2145639,B4-e003Coalescence-mGAM-p5,102625
52,E4-e003Coalescence-mGAM-p3_S59,49,2087042,B4-e003Coalescence-mGAM-p5,102625
53,F4-e003Coalescence-mGAM-p3_S71,47,2109664,B4-e003Coalescence-mGAM-p5,102625
54,F4-e003Coalescence-mGAM-p7_S159,55,2100682,B4-e003Coalescence-mGAM-p5,102625
55,G2-e003Coalescence-mGAM-p3_S81,55,2106083,B4-e003Coalescence-mGAM-p5,102625
56,C4-e003Coalescence-mGAM-p1_S738,27,1463124,B4-e003Coalescence-mGAM-p5,102625
57,D4-e003Coalescence-mGAM-p1_S739,41,1848658,B4-e003Coalescence-mGAM-p5,102625
58,B4-e003Coalescence-mGAM-p1_S737,34,1405634,B4-e003Coalescence-mGAM-p5,102625
59,Coalescence-E5-C4-AE-AE-mBHI-mBHI-3_S672,50,2109217,B4-e003Coalescence-mGAM-p5,102625
60,Coalescence-C6-A4-AA-AE-mBHI-mGAM-5_S649,61,2160650,B4-e003Coalescence-mGAM-p5,102625
61,Coalescence-D12-B4-ACPP-AE-mBHI-mGAM-3_S667,62,2160583,B4-e003Coalescence-mGAM-p5,102625
62,Coalescence-D8-A4-AA-AE-mBHI-mGAM-3_S663,47,2106366,B4-e003Coalescence-mGAM-p5,102625
63,Coalescence-B9-G3-ACPP-AE-mBHI-mGAM-7_S640,60,2145029,B4-e003Coalescence-mGAM-p5,102625
64,Coalescence-E4-C3-ACPP-AE-mBHI-mBHI-3_S671,22,1231438,B4-e003Coalescence-mGAM-p5,102625
65,D_F11_e003Assembly_S359,62,2166211,B4-e003Coalescence-mGAM-p5,102625
66,C_C2_e003Assembly_S218,61,2063067,B4-e003Coalescence-mGAM-p5,102625
67,C_C6_e003Assembly_S222,13,1156589,B4-e003Coalescence-mGAM-p5,102625
68,C_G6_e003Assembly_S270,45,1957903,B4-e003Coalescence-mGAM-p5,102625
0,A_C3_C4_AE_AE_mBHI_mBHI_2_S27,30,1830153,D4-e003Coalescence-mGAM-p5,102625
1,A_C4_C5_AF_AE_mBHI_mBHI_2_S28,27,1831891,D4-e003Coalescence-mGAM-p5,102625
2,A_C11_C4_AE_AE_mBHI_mBHI_4_S35,30,1830141,D4-e003Coalescence-mGAM-p5,102625
3,A_D11_D4_AE_AF_mBHI_mBHI_4_S47,14,1191497,D4-e003Coalescence-mGAM-p5,102625
4,A_E3_A4_AE_AA_mBHI_mGAM_2_S51,5,1044170,D4-e003Coalescence-mGAM-p5,102625
5,A_E11_A4_AE_AA_mBHI_mGAM_4_S59,30,2146010,D4-e003Coalescence-mGAM-p5,102625
6,A_G1_C2_AA_AE_mBHI_mGAM_2_S73,33,2142841,D4-e003Coalescence-mGAM-p5,102625
7,A_G3_C4_AE_AE_mBHI_mGAM_2_S75,33,2091004,D4-e003Coalescence-mGAM-p5,102625
8,A_G4_C5_AF_AE_mBHI_mGAM_2_S76,20,1677063,D4-e003Coalescence-mGAM-p5,102625
9,A_G9_C2_AA_AE_mBHI_mGAM_4_S81,36,2159450,D4-e003Coalescence-mGAM-p5,102625
10,A_G10_C3_ACPP_AE_mBHI_mGAM_4_S82,32,2100659,D4-e003Coalescence-mGAM-p5,102625
11,A_H3_D4_AE_AF_mBHI_mGAM_2_S87,21,1928409,D4-e003Coalescence-mGAM-p5,102625
12,B_E3_E4_AE_AA_mBHI_mGAM_2_S147,11,1045740,D4-e003Coalescence-mGAM-p5,102625
13,B_G1_G2_AA_AE_mBHI_mGAM_2_S169,36,2159590,D4-e003Coalescence-mGAM-p5,102625
14,B_H3_H4_AE_AF_mBHI_mGAM_2_S183,15,1457926,D4-e003Coalescence-mGAM-p5,102625
15,C_C11_G4_AE_AE_mBHI_mBHI_4_S227,20,1523518,D4-e003Coalescence-mGAM-p5,102625
16,C_E3_A4_AE_AA_mBHI_mGAM_6_S243,37,2145227,D4-e003Coalescence-mGAM-p5,102625
17,C_E11_E4_AE_AA_mBHI_mGAM_4_S251,36,2164170,D4-e003Coalescence-mGAM-p5,102625
18,C_G3_C4_AE_AE_mBHI_mGAM_6_S267,21,1555228,D4-e003Coalescence-mGAM-p5,102625
19,C_G11_G4_AE_AE_mBHI_mGAM_4_S275,31,2041192,D4-e003Coalescence-mGAM-p5,102625
20,C_H11_H4_AE_AF_mBHI_mGAM_4_S287,24,1662792,D4-e003Coalescence-mGAM-p5,102625
21,D_E3_A4_AE_AA_mBHI_mGAM_6_S339,38,2168722,D4-e003Coalescence-mGAM-p5,102625
22,D_G1_C2_AA_AE_mBHI_mGAM_6_S361,38,2165921,D4-e003Coalescence-mGAM-p5,102625
23,D_G3_C4_AE_AE_mBHI_mGAM_6_S363,32,2139279,D4-e003Coalescence-mGAM-p5,102625
24,D_H3_D4_AE_AF_mBHI_mGAM_6_S375,24,1929446,D4-e003Coalescence-mGAM-p5,102625
25,C4-e003Coalescence-mGAM-p7,0,1507607,D4-e003Coalescence-mGAM-p5,102625
26,C3-e003Coalescence-mGAM-p3,0,2175580,D4-e003Coalescence-mGAM-p5,102625
27,C2-e003Coalescence-mGAM-p7,0,2190353,D4-e003Coalescence-mGAM-p5,102625
28,B4-e003Coalescence-mGAM-p5,0,2112758,D4-e003Coalescence-mGAM-p5,102625
29,D4-e003Coalescence-mGAM-p5,0,1378041,D4-e003Coalescence-mGAM-p5,102625
30,C2-e003Coalescence-mGAM-p3,1,1272026,D4-e003Coalescence-mGAM-p5,102625
31,C4-e003Coalescence-mGAM-p5,1,1470780,D4-e003Coalescence-mGAM-p5,102625
32,C4-e003Coalescence-mGAM-p3,0,2170545,D4-e003Coalescence-mGAM-p5,102625
33,C5-e003Coalescence-mGAM-p3,0,1755780,D4-e003Coalescence-mGAM-p5,102625
34,C3-e003Coalescence-mGAM-p5,0,2102070,D4-e003Coalescence-mGAM-p5,102625
35,D4-e003Coalescence-mGAM-p3,0,1955064,D4-e003Coalescence-mGAM-p5,102625
36,C3-e003Coalescence-mGAM-p7,0,2177723,D4-e003Coalescence-mGAM-p5,102625
37,C2-e003Coalescence-mGAM-p5,0,2091417,D4-e003Coalescence-mGAM-p5,102625
38,H4-e003Coalescence-mGAM-p7_S183,32,2127707,D4-e003Coalescence-mGAM-p5,102625
39,G3-e003Coalescence-mBHI-p5_S26,21,1984187,D4-e003Coalescence-mGAM-p5,102625
40,E4-e003Coalescence-mGAM-p5_S51,28,2046969,D4-e003Coalescence-mGAM-p5,102625
41,G5-e003Coalescence-mGAM-p3_S84,18,1327011,D4-e003Coalescence-mGAM-p5,102625
42,G3-e003Coalescence-mBHI-p7_S122,26,2051412,D4-e003Coalescence-mGAM-p5,102625
43,G5-e003Coalescence-mGAM-p7_S172,25,2000174,D4-e003Coalescence-mGAM-p5,102625
44,G4-e003Coalescence-mGAM-p5_S75,36,2083119,D4-e003Coalescence-mGAM-p5,102625
45,G2-e003Coalescence-mGAM-p5_S73,33,2095666,D4-e003Coalescence-mGAM-p5,102625
46,G4-e003Coalescence-mGAM-p3_S83,33,2123891,D4-e003Coalescence-mGAM-p5,102625
47,F4-e003Coalescence-mGAM-p5_S63,20,2012196,D4-e003Coalescence-mGAM-p5,102625
48,G4-e003Coalescence-mGAM-p7_S171,7,1341178,D4-e003Coalescence-mGAM-p5,102625
49,G3-e003Coalescence-mGAM-p3_S82,30,2148001,D4-e003Coalescence-mGAM-p5,102625
50,G3-e003Coalescence-mGAM-p5_S74,31,2126090,D4-e003Coalescence-mGAM-p5,102625
51,E4-e003Coalescence-mGAM-p7_S147,33,2145639,D4-e003Coalescence-mGAM-p5,102625
52,E4-e003Coalescence-mGAM-p3_S59,23,2087042,D4-e003Coalescence-mGAM-p5,102625
53,F4-e003Coalescence-mGAM-p3_S71,29,2109664,D4-e003Coalescence-mGAM-p5,102625
54,F4-e003Coalescence-mGAM-p7_S159,31,2100682,D4-e003Coalescence-mGAM-p5,102625
55,G2-e003Coalescence-mGAM-p3_S81,34,2106083,D4-e003Coalescence-mGAM-p5,102625
56,C4-e003Coalescence-mGAM-p1_S738,19,1463124,D4-e003Coalescence-mGAM-p5,102625
57,D4-e003Coalescence-mGAM-p1_S739,24,1848658,D4-e003Coalescence-mGAM-p5,102625
58,B4-e003Coalescence-mGAM-p1_S737,22,1405634,D4-e003Coalescence-mGAM-p5,102625
59,Coalescence-E5-C4-AE-AE-mBHI-mBHI-3_S672,31,2109217,D4-e003Coalescence-mGAM-p5,102625
60,Coalescence-C6-A4-AA-AE-mBHI-mGAM-5_S649,36,2160650,D4-e003Coalescence-mGAM-p5,102625
61,Coalescence-D12-B4-ACPP-AE-mBHI-mGAM-3_S667,33,2160583,D4-e003Coalescence-mGAM-p5,102625
62,Coalescence-D8-A4-AA-AE-mBHI-mGAM-3_S663,29,2106366,D4-e003Coalescence-mGAM-p5,102625
63,Coalescence-B9-G3-ACPP-AE-mBHI-mGAM-7_S640,32,2145029,D4-e003Coalescence-mGAM-p5,102625
64,Coalescence-E4-C3-ACPP-AE-mBHI-mBHI-3_S671,13,1231438,D4-e003Coalescence-mGAM-p5,102625
65,D_F11_e003Assembly_S359,35,2166211,D4-e003Coalescence-mGAM-p5,102625
66,C_C2_e003Assembly_S218,33,2063067,D4-e003Coalescence-mGAM-p5,102625
67,C_C6_e003Assembly_S222,7,1156589,D4-e003Coalescence-mGAM-p5,102625
68,C_G6_e003Assembly_S270,31,1957903,D4-e003Coalescence-mGAM-p5,102625
0,A_C3_C4_AE_AE_mBHI_mBHI_2_S27,30,1830153,C2-e003Coalescence-mGAM-p3,102625
1,A_C4_C5_AF_AE_mBHI_mBHI_2_S28,26,1831891,C2-e003Coalescence-mGAM-p3,102625
2,A_C11_C4_AE_AE_mBHI_mBHI_4_S35,24,1830141,C2-e003Coalescence-mGAM-p3,102625
3,A_D11_D4_AE_AF_mBHI_mBHI_4_S47,23,1191497,C2-e003Coalescence-mGAM-p3,102625
4,A_E3_A4_AE_AA_mBHI_mGAM_2_S51,12,1044170,C2-e003Coalescence-mGAM-p3,102625
5,A_E11_A4_AE_AA_mBHI_mGAM_4_S59,42,2146010,C2-e003Coalescence-mGAM-p3,102625
6,A_G1_C2_AA_AE_mBHI_mGAM_2_S73,36,2142841,C2-e003Coalescence-mGAM-p3,102625
7,A_G3_C4_AE_AE_mBHI_mGAM_2_S75,39,2091004,C2-e003Coalescence-mGAM-p3,102625
8,A_G4_C5_AF_AE_mBHI_mGAM_2_S76,27,1677063,C2-e003Coalescence-mGAM-p3,102625
9,A_G9_C2_AA_AE_mBHI_mGAM_4_S81,43,2159450,C2-e003Coalescence-mGAM-p3,102625
10,A_G10_C3_ACPP_AE_mBHI_mGAM_4_S82,35,2100659,C2-e003Coalescence-mGAM-p3,102625
11,A_H3_D4_AE_AF_mBHI_mGAM_2_S87,25,1928409,C2-e003Coalescence-mGAM-p3,102625
12,B_E3_E4_AE_AA_mBHI_mGAM_2_S147,11,1045740,C2-e003Coalescence-mGAM-p3,102625
13,B_G1_G2_AA_AE_mBHI_mGAM_2_S169,41,2159590,C2-e003Coalescence-mGAM-p3,102625
14,B_H3_H4_AE_AF_mBHI_mGAM_2_S183,9,1457926,C2-e003Coalescence-mGAM-p3,102625
15,C_C11_G4_AE_AE_mBHI_mBHI_4_S227,20,1523518,C2-e003Coalescence-mGAM-p3,102625
16,C_E3_A4_AE_AA_mBHI_mGAM_6_S243,39,2145227,C2-e003Coalescence-mGAM-p3,102625
17,C_E11_E4_AE_AA_mBHI_mGAM_4_S251,41,2164170,C2-e003Coalescence-mGAM-p3,102625
18,C_G3_C4_AE_AE_mBHI_mGAM_6_S267,21,1555228,C2-e003Coalescence-mGAM-p3,102625
19,C_G11_G4_AE_AE_mBHI_mGAM_4_S275,30,2041192,C2-e003Coalescence-mGAM-p3,102625
20,C_H11_H4_AE_AF_mBHI_mGAM_4_S287,26,1662792,C2-e003Coalescence-mGAM-p3,102625
21,D_E3_A4_AE_AA_mBHI_mGAM_6_S339,41,2168722,C2-e003Coalescence-mGAM-p3,102625
22,D_G1_C2_AA_AE_mBHI_mGAM_6_S361,42,2165921,C2-e003Coalescence-mGAM-p3,102625
23,D_G3_C4_AE_AE_mBHI_mGAM_6_S363,34,2139279,C2-e003Coalescence-mGAM-p3,102625
24,D_H3_D4_AE_AF_mBHI_mGAM_6_S375,33,1929446,C2-e003Coalescence-mGAM-p3,102625
25,C4-e003Coalescence-mGAM-p7,0,1507607,C2-e003Coalescence-mGAM-p3,102625
26,C3-e003Coalescence-mGAM-p3,0,2175580,C2-e003Coalescence-mGAM-p3,102625
27,C2-e003Coalescence-mGAM-p7,0,2190353,C2-e003Coalescence-mGAM-p3,102625
28,B4-e003Coalescence-mGAM-p5,0,2112758,C2-e003Coalescence-mGAM-p3,102625
29,D4-e003Coalescence-mGAM-p5,1,1378041,C2-e003Coalescence-mGAM-p3,102625
30,C2-e003Coalescence-mGAM-p3,0,1272026,C2-e003Coalescence-mGAM-p3,102625
31,C4-e003Coalescence-mGAM-p5,0,1470780,C2-e003Coalescence-mGAM-p3,102625
32,C4-e003Coalescence-mGAM-p3,0,2170545,C2-e003Coalescence-mGAM-p3,102625
33,C5-e003Coalescence-mGAM-p3,0,1755780,C2-e003Coalescence-mGAM-p3,102625
34,C3-e003Coalescence-mGAM-p5,3,2102070,C2-e003Coalescence-mGAM-p3,102625
35,D4-e003Coalescence-mGAM-p3,1,1955064,C2-e003Coalescence-mGAM-p3,102625
36,C3-e003Coalescence-mGAM-p7,0,2177723,C2-e003Coalescence-mGAM-p3,102625
37,C2-e003Coalescence-mGAM-p5,1,2091417,C2-e003Coalescence-mGAM-p3,102625
38,H4-e003Coalescence-mGAM-p7_S183,37,2127707,C2-e003Coalescence-mGAM-p3,102625
39,G3-e003Coalescence-mBHI-p5_S26,26,1984187,C2-e003Coalescence-mGAM-p3,102625
40,E4-e003Coalescence-mGAM-p5_S51,34,2046969,C2-e003Coalescence-mGAM-p3,102625
41,G5-e003Coalescence-mGAM-p3_S84,20,1327011,C2-e003Coalescence-mGAM-p3,102625
42,G3-e003Coalescence-mBHI-p7_S122,31,2051412,C2-e003Coalescence-mGAM-p3,102625
43,G5-e003Coalescence-mGAM-p7_S172,28,2000174,C2-e003Coalescence-mGAM-p3,102625
44,G4-e003Coalescence-mGAM-p5_S75,35,2083119,C2-e003Coalescence-mGAM-p3,102625
45,G2-e003Coalescence-mGAM-p5_S73,37,2095666,C2-e003Coalescence-mGAM-p3,102625
46,G4-e003Coalescence-mGAM-p3_S83,31,2123891,C2-e003Coalescence-mGAM-p3,102625
47,F4-e003Coalescence-mGAM-p5_S63,22,2012196,C2-e003Coalescence-mGAM-p3,102625
48,G4-e003Coalescence-mGAM-p7_S171,15,1341178,C2-e003Coalescence-mGAM-p3,102625
49,G3-e003Coalescence-mGAM-p3_S82,38,2148001,C2-e003Coalescence-mGAM-p3,102625
50,G3-e003Coalescence-mGAM-p5_S74,37,2126090,C2-e003Coalescence-mGAM-p3,102625
51,E4-e003Coalescence-mGAM-p7_S147,34,2145639,C2-e003Coalescence-mGAM-p3,102625
52,E4-e003Coalescence-mGAM-p3_S59,31,2087042,C2-e003Coalescence-mGAM-p3,102625
53,F4-e003Coalescence-mGAM-p3_S71,37,2109664,C2-e003Coalescence-mGAM-p3,102625
54,F4-e003Coalescence-mGAM-p7_S159,36,2100682,C2-e003Coalescence-mGAM-p3,102625
55,G2-e003Coalescence-mGAM-p3_S81,38,2106083,C2-e003Coalescence-mGAM-p3,102625
56,C4-e003Coalescence-mGAM-p1_S738,21,1463124,C2-e003Coalescence-mGAM-p3,102625
57,D4-e003Coalescence-mGAM-p1_S739,23,1848658,C2-e003Coalescence-mGAM-p3,102625
58,B4-e003Coalescence-mGAM-p1_S737,25,1405634,C2-e003Coalescence-mGAM-p3,102625
59,Coalescence-E5-C4-AE-AE-mBHI-mBHI-3_S672,33,2109217,C2-e003Coalescence-mGAM-p3,102625
60,Coalescence-C6-A4-AA-AE-mBHI-mGAM-5_S649,39,2160650,C2-e003Coalescence-mGAM-p3,102625
61,Coalescence-D12-B4-ACPP-AE-mBHI-mGAM-3_S667,39,2160583,C2-e003Coalescence-mGAM-p3,102625
62,Coalescence-D8-A4-AA-AE-mBHI-mGAM-3_S663,30,2106366,C2-e003Coalescence-mGAM-p3,102625
63,Coalescence-B9-G3-ACPP-AE-mBHI-mGAM-7_S640,42,2145029,C2-e003Coalescence-mGAM-p3,102625
64,Coalescence-E4-C3-ACPP-AE-mBHI-mBHI-3_S671,14,1231438,C2-e003Coalescence-mGAM-p3,102625
65,D_F11_e003Assembly_S359,42,2166211,C2-e003Coalescence-mGAM-p3,102625
66,C_C2_e003Assembly_S218,36,2063067,C2-e003Coalescence-mGAM-p3,102625
67,C_C6_e003Assembly_S222,8,1156589,C2-e003Coalescence-mGAM-p3,102625
68,C_G6_e003Assembly_S270,35,1957903,C2-e003Coalescence-mGAM-p3,102625
0,A_C3_C4_AE_AE_mBHI_mBHI_2_S27,32,1830153,C4-e003Coalescence-mGAM-p5,102625
1,A_C4_C5_AF_AE_mBHI_mBHI_2_S28,29,1831891,C4-e003Coalescence-mGAM-p5,102625
2,A_C11_C4_AE_AE_mBHI_mBHI_4_S35,30,1830141,C4-e003Coalescence-mGAM-p5,102625
3,A_D11_D4_AE_AF_mBHI_mBHI_4_S47,18,1191497,C4-e003Coalescence-mGAM-p5,102625
4,A_E3_A4_AE_AA_mBHI_mGAM_2_S51,8,1044170,C4-e003Coalescence-mGAM-p5,102625
5,A_E11_A4_AE_AA_mBHI_mGAM_4_S59,43,2146010,C4-e003Coalescence-mGAM-p5,102625
6,A_G1_C2_AA_AE_mBHI_mGAM_2_S73,40,2142841,C4-e003Coalescence-mGAM-p5,102625
7,A_G3_C4_AE_AE_mBHI_mGAM_2_S75,43,2091004,C4-e003Coalescence-mGAM-p5,102625
8,A_G4_C5_AF_AE_mBHI_mGAM_2_S76,28,1677063,C4-e003Coalescence-mGAM-p5,102625
9,A_G9_C2_AA_AE_mBHI_mGAM_4_S81,44,2159450,C4-e003Coalescence-mGAM-p5,102625
10,A_G10_C3_ACPP_AE_mBHI_mGAM_4_S82,42,2100659,C4-e003Coalescence-mGAM-p5,102625
11,A_H3_D4_AE_AF_mBHI_mGAM_2_S87,28,1928409,C4-e003Coalescence-mGAM-p5,102625
12,B_E3_E4_AE_AA_mBHI_mGAM_2_S147,12,1045740,C4-e003Coalescence-mGAM-p5,102625
13,B_G1_G2_AA_AE_mBHI_mGAM_2_S169,47,2159590,C4-e003Coalescence-mGAM-p5,102625
14,B_H3_H4_AE_AF_mBHI_mGAM_2_S183,16,1457926,C4-e003Coalescence-mGAM-p5,102625
15,C_C11_G4_AE_AE_mBHI_mBHI_4_S227,22,1523518,C4-e003Coalescence-mGAM-p5,102625
16,C_E3_A4_AE_AA_mBHI_mGAM_6_S243,40,2145227,C4-e003Coalescence-mGAM-p5,102625
17,C_E11_E4_AE_AA_mBHI_mGAM_4_S251,42,2164170,C4-e003Coalescence-mGAM-p5,102625
18,C_G3_C4_AE_AE_mBHI_mGAM_6_S267,21,1555228,C4-e003Coalescence-mGAM-p5,102625
19,C_G11_G4_AE_AE_mBHI_mGAM_4_S275,36,2041192,C4-e003Coalescence-mGAM-p5,102625
20,C_H11_H4_AE_AF_mBHI_mGAM_4_S287,24,1662792,C4-e003Coalescence-mGAM-p5,102625
21,D_E3_A4_AE_AA_mBHI_mGAM_6_S339,44,2168722,C4-e003Coalescence-mGAM-p5,102625
22,D_G1_C2_AA_AE_mBHI_mGAM_6_S361,43,2165921,C4-e003Coalescence-mGAM-p5,102625
23,D_G3_C4_AE_AE_mBHI_mGAM_6_S363,40,2139279,C4-e003Coalescence-mGAM-p5,102625
24,D_H3_D4_AE_AF_mBHI_mGAM_6_S375,29,1929446,C4-e003Coalescence-mGAM-p5,102625
25,C4-e003Coalescence-mGAM-p7,1,1507607,C4-e003Coalescence-mGAM-p5,102625
26,C3-e003Coalescence-mGAM-p3,0,2175580,C4-e003Coalescence-mGAM-p5,102625
27,C2-e003Coalescence-mGAM-p7,0,2190353,C4-e003Coalescence-mGAM-p5,102625
28,B4-e003Coalescence-mGAM-p5,3,2112758,C4-e003Coalescence-mGAM-p5,102625
29,D4-e003Coalescence-mGAM-p5,1,1378041,C4-e003Coalescence-mGAM-p5,102625
30,C2-e003Coalescence-mGAM-p3,0,1272026,C4-e003Coalescence-mGAM-p5,102625
31,C4-e003Coalescence-mGAM-p5,0,1470780,C4-e003Coalescence-mGAM-p5,102625
32,C4-e003Coalescence-mGAM-p3,0,2170545,C4-e003Coalescence-mGAM-p5,102625
33,C5-e003Coalescence-mGAM-p3,1,1755780,C4-e003Coalescence-mGAM-p5,102625
34,C3-e003Coalescence-mGAM-p5,0,2102070,C4-e003Coalescence-mGAM-p5,102625
35,D4-e003Coalescence-mGAM-p3,0,1955064,C4-e003Coalescence-mGAM-p5,102625
36,C3-e003Coalescence-mGAM-p7,0,2177723,C4-e003Coalescence-mGAM-p5,102625
37,C2-e003Coalescence-mGAM-p5,0,2091417,C4-e003Coalescence-mGAM-p5,102625
38,H4-e003Coalescence-mGAM-p7_S183,36,2127707,C4-e003Coalescence-mGAM-p5,102625
39,G3-e003Coalescence-mBHI-p5_S26,27,1984187,C4-e003Coalescence-mGAM-p5,102625
40,E4-e003Coalescence-mGAM-p5_S51,31,2046969,C4-e003Coalescence-mGAM-p5,102625
41,G5-e003Coalescence-mGAM-p3_S84,17,1327011,C4-e003Coalescence-mGAM-p5,102625
42,G3-e003Coalescence-mBHI-p7_S122,30,2051412,C4-e003Coalescence-mGAM-p5,102625
43,G5-e003Coalescence-mGAM-p7_S172,27,2000174,C4-e003Coalescence-mGAM-p5,102625
44,G4-e003Coalescence-mGAM-p5_S75,39,2083119,C4-e003Coalescence-mGAM-p5,102625
45,G2-e003Coalescence-mGAM-p5_S73,37,2095666,C4-e003Coalescence-mGAM-p5,102625
46,G4-e003Coalescence-mGAM-p3_S83,35,2123891,C4-e003Coalescence-mGAM-p5,102625
47,F4-e003Coalescence-mGAM-p5_S63,23,2012196,C4-e003Coalescence-mGAM-p5,102625
48,G4-e003Coalescence-mGAM-p7_S171,10,1341178,C4-e003Coalescence-mGAM-p5,102625
49,G3-e003Coalescence-mGAM-p3_S82,39,2148001,C4-e003Coalescence-mGAM-p5,102625
50,G3-e003Coalescence-mGAM-p5_S74,34,2126090,C4-e003Coalescence-mGAM-p5,102625
51,E4-e003Coalescence-mGAM-p7_S147,38,2145639,C4-e003Coalescence-mGAM-p5,102625
52,E4-e003Coalescence-mGAM-p3_S59,34,2087042,C4-e003Coalescence-mGAM-p5,102625
53,F4-e003Coalescence-mGAM-p3_S71,33,2109664,C4-e003Coalescence-mGAM-p5,102625
54,F4-e003Coalescence-mGAM-p7_S159,38,2100682,C4-e003Coalescence-mGAM-p5,102625
55,G2-e003Coalescence-mGAM-p3_S81,45,2106083,C4-e003Coalescence-mGAM-p5,102625
56,C4-e003Coalescence-mGAM-p1_S738,19,1463124,C4-e003Coalescence-mGAM-p5,102625
57,D4-e003Coalescence-mGAM-p1_S739,23,1848658,C4-e003Coalescence-mGAM-p5,102625
58,B4-e003Coalescence-mGAM-p1_S737,30,1405634,C4-e003Coalescence-mGAM-p5,102625
59,Coalescence-E5-C4-AE-AE-mBHI-mBHI-3_S672,33,2109217,C4-e003Coalescence-mGAM-p5,102625
60,Coalescence-C6-A4-AA-AE-mBHI-mGAM-5_S649,46,2160650,C4-e003Coalescence-mGAM-p5,102625
61,Coalescence-D12-B4-ACPP-AE-mBHI-mGAM-3_S667,42,2160583,C4-e003Coalescence-mGAM-p5,102625
62,Coalescence-D8-A4-AA-AE-mBHI-mGAM-3_S663,34,2106366,C4-e003Coalescence-mGAM-p5,102625
63,Coalescence-B9-G3-ACPP-AE-mBHI-mGAM-7_S640,38,2145029,C4-e003Coalescence-mGAM-p5,102625
64,Coalescence-E4-C3-ACPP-AE-mBHI-mBHI-3_S671,14,1231438,C4-e003Coalescence-mGAM-p5,102625
65,D_F11_e003Assembly_S359,46,2166211,C4-e003Coalescence-mGAM-p5,102625
66,C_C2_e003Assembly_S218,42,2063067,C4-e003Coalescence-mGAM-p5,102625
67,C_C6_e003Assembly_S222,9,1156589,C4-e003Coalescence-mGAM-p5,102625
68,C_G6_e003Assembly_S270,36,1957903,C4-e003Coalescence-mGAM-p5,102625
0,A_C3_C4_AE_AE_mBHI_mBHI_2_S27,49,1830153,C4-e003Coalescence-mGAM-p3,102625
1,A_C4_C5_AF_AE_mBHI_mBHI_2_S28,42,1831891,C4-e003Coalescence-mGAM-p3,102625
2,A_C11_C4_AE_AE_mBHI_mBHI_4_S35,43,1830141,C4-e003Coalescence-mGAM-p3,102625
3,A_D11_D4_AE_AF_mBHI_mBHI_4_S47,27,1191497,C4-e003Coalescence-mGAM-p3,102625
4,A_E3_A4_AE_AA_mBHI_mGAM_2_S51,14,1044170,C4-e003Coalescence-mGAM-p3,102625
5,A_E11_A4_AE_AA_mBHI_mGAM_4_S59,62,2146010,C4-e003Coalescence-mGAM-p3,102625
6,A_G1_C2_AA_AE_mBHI_mGAM_2_S73,57,2142841,C4-e003Coalescence-mGAM-p3,102625
7,A_G3_C4_AE_AE_mBHI_mGAM_2_S75,58,2091004,C4-e003Coalescence-mGAM-p3,102625
8,A_G4_C5_AF_AE_mBHI_mGAM_2_S76,42,1677063,C4-e003Coalescence-mGAM-p3,102625
9,A_G9_C2_AA_AE_mBHI_mGAM_4_S81,65,2159450,C4-e003Coalescence-mGAM-p3,102625
10,A_G10_C3_ACPP_AE_mBHI_mGAM_4_S82,57,2100659,C4-e003Coalescence-mGAM-p3,102625
11,A_H3_D4_AE_AF_mBHI_mGAM_2_S87,46,1928409,C4-e003Coalescence-mGAM-p3,102625
12,B_E3_E4_AE_AA_mBHI_mGAM_2_S147,21,1045740,C4-e003Coalescence-mGAM-p3,102625
13,B_G1_G2_AA_AE_mBHI_mGAM_2_S169,70,2159590,C4-e003Coalescence-mGAM-p3,102625
14,B_H3_H4_AE_AF_mBHI_mGAM_2_S183,23,1457926,C4-e003Coalescence-mGAM-p3,102625
15,C_C11_G4_AE_AE_mBHI_mBHI_4_S227,35,1523518,C4-e003Coalescence-mGAM-p3,102625
16,C_E3_A4_AE_AA_mBHI_mGAM_6_S243,59,2145227,C4-e003Coalescence-mGAM-p3,102625
17,C_E11_E4_AE_AA_mBHI_mGAM_4_S251,64,2164170,C4-e003Coalescence-mGAM-p3,102625
18,C_G3_C4_AE_AE_mBHI_mGAM_6_S267,30,1555228,C4-e003Coalescence-mGAM-p3,102625
19,C_G11_G4_AE_AE_mBHI_mGAM_4_S275,52,2041192,C4-e003Coalescence-mGAM-p3,102625
20,C_H11_H4_AE_AF_mBHI_mGAM_4_S287,37,1662792,C4-e003Coalescence-mGAM-p3,102625
21,D_E3_A4_AE_AA_mBHI_mGAM_6_S339,65,2168722,C4-e003Coalescence-mGAM-p3,102625
22,D_G1_C2_AA_AE_mBHI_mGAM_6_S361,66,2165921,C4-e003Coalescence-mGAM-p3,102625
23,D_G3_C4_AE_AE_mBHI_mGAM_6_S363,57,2139279,C4-e003Coalescence-mGAM-p3,102625
24,D_H3_D4_AE_AF_mBHI_mGAM_6_S375,45,1929446,C4-e003Coalescence-mGAM-p3,102625
25,C4-e003Coalescence-mGAM-p7,0,1507607,C4-e003Coalescence-mGAM-p3,102625
26,C3-e003Coalescence-mGAM-p3,0,2175580,C4-e003Coalescence-mGAM-p3,102625
27,C2-e003Coalescence-mGAM-p7,0,2190353,C4-e003Coalescence-mGAM-p3,102625
28,B4-e003Coalescence-mGAM-p5,0,2112758,C4-e003Coalescence-mGAM-p3,102625
29,D4-e003Coalescence-mGAM-p5,0,1378041,C4-e003Coalescence-mGAM-p3,102625
30,C2-e003Coalescence-mGAM-p3,0,1272026,C4-e003Coalescence-mGAM-p3,102625
31,C4-e003Coalescence-mGAM-p5,0,1470780,C4-e003Coalescence-mGAM-p3,102625
32,C4-e003Coalescence-mGAM-p3,0,2170545,C4-e003Coalescence-mGAM-p3,102625
33,C5-e003Coalescence-mGAM-p3,0,1755780,C4-e003Coalescence-mGAM-p3,102625
34,C3-e003Coalescence-mGAM-p5,0,2102070,C4-e003Coalescence-mGAM-p3,102625
35,D4-e003Coalescence-mGAM-p3,0,1955064,C4-e003Coalescence-mGAM-p3,102625
36,C3-e003Coalescence-mGAM-p7,0,2177723,C4-e003Coalescence-mGAM-p3,102625
37,C2-e003Coalescence-mGAM-p5,0,2091417,C4-e003Coalescence-mGAM-p3,102625
38,H4-e003Coalescence-mGAM-p7_S183,56,2127707,C4-e003Coalescence-mGAM-p3,102625
39,G3-e003Coalescence-mBHI-p5_S26,41,1984187,C4-e003Coalescence-mGAM-p3,102625
40,E4-e003Coalescence-mGAM-p5_S51,52,2046969,C4-e003Coalescence-mGAM-p3,102625
41,G5-e003Coalescence-mGAM-p3_S84,35,1327011,C4-e003Coalescence-mGAM-p3,102625
42,G3-e003Coalescence-mBHI-p7_S122,49,2051412,C4-e003Coalescence-mGAM-p3,102625
43,G5-e003Coalescence-mGAM-p7_S172,42,2000174,C4-e003Coalescence-mGAM-p3,102625
44,G4-e003Coalescence-mGAM-p5_S75,63,2083119,C4-e003Coalescence-mGAM-p3,102625
45,G2-e003Coalescence-mGAM-p5_S73,57,2095666,C4-e003Coalescence-mGAM-p3,102625
46,G4-e003Coalescence-mGAM-p3_S83,56,2123891,C4-e003Coalescence-mGAM-p3,102625
47,F4-e003Coalescence-mGAM-p5_S63,38,2012196,C4-e003Coalescence-mGAM-p3,102625
48,G4-e003Coalescence-mGAM-p7_S171,21,1341178,C4-e003Coalescence-mGAM-p3,102625
49,G3-e003Coalescence-mGAM-p3_S82,55,2148001,C4-e003Coalescence-mGAM-p3,102625
50,G3-e003Coalescence-mGAM-p5_S74,51,2126090,C4-e003Coalescence-mGAM-p3,102625
51,E4-e003Coalescence-mGAM-p7_S147,62,2145639,C4-e003Coalescence-mGAM-p3,102625
52,E4-e003Coalescence-mGAM-p3_S59,52,2087042,C4-e003Coalescence-mGAM-p3,102625
53,F4-e003Coalescence-mGAM-p3_S71,48,2109664,C4-e003Coalescence-mGAM-p3,102625
54,F4-e003Coalescence-mGAM-p7_S159,59,2100682,C4-e003Coalescence-mGAM-p3,102625
55,G2-e003Coalescence-mGAM-p3_S81,58,2106083,C4-e003Coalescence-mGAM-p3,102625
56,C4-e003Coalescence-mGAM-p1_S738,28,1463124,C4-e003Coalescence-mGAM-p3,102625
57,D4-e003Coalescence-mGAM-p1_S739,39,1848658,C4-e003Coalescence-mGAM-p3,102625
58,B4-e003Coalescence-mGAM-p1_S737,34,1405634,C4-e003Coalescence-mGAM-p3,102625
59,Coalescence-E5-C4-AE-AE-mBHI-mBHI-3_S672,54,2109217,C4-e003Coalescence-mGAM-p3,102625
60,Coalescence-C6-A4-AA-AE-mBHI-mGAM-5_S649,65,2160650,C4-e003Coalescence-mGAM-p3,102625
61,Coalescence-D12-B4-ACPP-AE-mBHI-mGAM-3_S667,65,2160583,C4-e003Coalescence-mGAM-p3,102625
62,Coalescence-D8-A4-AA-AE-mBHI-mGAM-3_S663,50,2106366,C4-e003Coalescence-mGAM-p3,102625
63,Coalescence-B9-G3-ACPP-AE-mBHI-mGAM-7_S640,61,2145029,C4-e003Coalescence-mGAM-p3,102625
64,Coalescence-E4-C3-ACPP-AE-mBHI-mBHI-3_S671,21,1231438,C4-e003Coalescence-mGAM-p3,102625
65,D_F11_e003Assembly_S359,66,2166211,C4-e003Coalescence-mGAM-p3,102625
66,C_C2_e003Assembly_S218,63,2063067,C4-e003Coalescence-mGAM-p3,102625
67,C_C6_e003Assembly_S222,13,1156589,C4-e003Coalescence-mGAM-p3,102625
68,C_G6_e003Assembly_S270,48,1957903,C4-e003Coalescence-mGAM-p3,102625
0,A_C3_C4_AE_AE_mBHI_mBHI_2_S27,31,1830153,C5-e003Coalescence-mGAM-p3,102625
1,A_C4_C5_AF_AE_mBHI_mBHI_2_S28,25,1831891,C5-e003Coalescence-mGAM-p3,102625
2,A_C11_C4_AE_AE_mBHI_mBHI_4_S35,28,1830141,C5-e003Coalescence-mGAM-p3,102625
3,A_D11_D4_AE_AF_mBHI_mBHI_4_S47,17,1191497,C5-e003Coalescence-mGAM-p3,102625
4,A_E3_A4_AE_AA_mBHI_mGAM_2_S51,8,1044170,C5-e003Coalescence-mGAM-p3,102625
5,A_E11_A4_AE_AA_mBHI_mGAM_4_S59,38,2146010,C5-e003Coalescence-mGAM-p3,102625
6,A_G1_C2_AA_AE_mBHI_mGAM_2_S73,35,2142841,C5-e003Coalescence-mGAM-p3,102625
7,A_G3_C4_AE_AE_mBHI_mGAM_2_S75,36,2091004,C5-e003Coalescence-mGAM-p3,102625
8,A_G4_C5_AF_AE_mBHI_mGAM_2_S76,28,1677063,C5-e003Coalescence-mGAM-p3,102625
9,A_G9_C2_AA_AE_mBHI_mGAM_4_S81,41,2159450,C5-e003Coalescence-mGAM-p3,102625
10,A_G10_C3_ACPP_AE_mBHI_mGAM_4_S82,39,2100659,C5-e003Coalescence-mGAM-p3,102625
11,A_H3_D4_AE_AF_mBHI_mGAM_2_S87,27,1928409,C5-e003Coalescence-mGAM-p3,102625
12,B_E3_E4_AE_AA_mBHI_mGAM_2_S147,9,1045740,C5-e003Coalescence-mGAM-p3,102625
13,B_G1_G2_AA_AE_mBHI_mGAM_2_S169,42,2159590,C5-e003Coalescence-mGAM-p3,102625
14,B_H3_H4_AE_AF_mBHI_mGAM_2_S183,18,1457926,C5-e003Coalescence-mGAM-p3,102625
15,C_C11_G4_AE_AE_mBHI_mBHI_4_S227,20,1523518,C5-e003Coalescence-mGAM-p3,102625
16,C_E3_A4_AE_AA_mBHI_mGAM_6_S243,34,2145227,C5-e003Coalescence-mGAM-p3,102625
17,C_E11_E4_AE_AA_mBHI_mGAM_4_S251,39,2164170,C5-e003Coalescence-mGAM-p3,102625
18,C_G3_C4_AE_AE_mBHI_mGAM_6_S267,21,1555228,C5-e003Coalescence-mGAM-p3,102625
19,C_G11_G4_AE_AE_mBHI_mGAM_4_S275,29,2041192,C5-e003Coalescence-mGAM-p3,102625
20,C_H11_H4_AE_AF_mBHI_mGAM_4_S287,22,1662792,C5-e003Coalescence-mGAM-p3,102625
21,D_E3_A4_AE_AA_mBHI_mGAM_6_S339,38,2168722,C5-e003Coalescence-mGAM-p3,102625
22,D_G1_C2_AA_AE_mBHI_mGAM_6_S361,41,2165921,C5-e003Coalescence-mGAM-p3,102625
23,D_G3_C4_AE_AE_mBHI_mGAM_6_S363,31,2139279,C5-e003Coalescence-mGAM-p3,102625
24,D_H3_D4_AE_AF_mBHI_mGAM_6_S375,25,1929446,C5-e003Coalescence-mGAM-p3,102625
25,C4-e003Coalescence-mGAM-p7,0,1507607,C5-e003Coalescence-mGAM-p3,102625
26,C3-e003Coalescence-mGAM-p3,0,2175580,C5-e003Coalescence-mGAM-p3,102625
27,C2-e003Coalescence-mGAM-p7,0,2190353,C5-e003Coalescence-mGAM-p3,102625
28,B4-e003Coalescence-mGAM-p5,0,2112758,C5-e003Coalescence-mGAM-p3,102625
29,D4-e003Coalescence-mGAM-p5,0,1378041,C5-e003Coalescence-mGAM-p3,102625
30,C2-e003Coalescence-mGAM-p3,0,1272026,C5-e003Coalescence-mGAM-p3,102625
31,C4-e003Coalescence-mGAM-p5,1,1470780,C5-e003Coalescence-mGAM-p3,102625
32,C4-e003Coalescence-mGAM-p3,0,2170545,C5-e003Coalescence-mGAM-p3,102625
33,C5-e003Coalescence-mGAM-p3,0,1755780,C5-e003Coalescence-mGAM-p3,102625
34,C3-e003Coalescence-mGAM-p5,0,2102070,C5-e003Coalescence-mGAM-p3,102625
35,D4-e003Coalescence-mGAM-p3,0,1955064,C5-e003Coalescence-mGAM-p3,102625
36,C3-e003Coalescence-mGAM-p7,0,2177723,C5-e003Coalescence-mGAM-p3,102625
37,C2-e003Coalescence-mGAM-p5,0,2091417,C5-e003Coalescence-mGAM-p3,102625
38,H4-e003Coalescence-mGAM-p7_S183,36,2127707,C5-e003Coalescence-mGAM-p3,102625
39,G3-e003Coalescence-mBHI-p5_S26,22,1984187,C5-e003Coalescence-mGAM-p3,102625
40,E4-e003Coalescence-mGAM-p5_S51,32,2046969,C5-e003Coalescence-mGAM-p3,102625
41,G5-e003Coalescence-mGAM-p3_S84,25,1327011,C5-e003Coalescence-mGAM-p3,102625
42,G3-e003Coalescence-mBHI-p7_S122,32,2051412,C5-e003Coalescence-mGAM-p3,102625
43,G5-e003Coalescence-mGAM-p7_S172,20,2000174,C5-e003Coalescence-mGAM-p3,102625
44,G4-e003Coalescence-mGAM-p5_S75,37,2083119,C5-e003Coalescence-mGAM-p3,102625
45,G2-e003Coalescence-mGAM-p5_S73,35,2095666,C5-e003Coalescence-mGAM-p3,102625
46,G4-e003Coalescence-mGAM-p3_S83,36,2123891,C5-e003Coalescence-mGAM-p3,102625
47,F4-e003Coalescence-mGAM-p5_S63,21,2012196,C5-e003Coalescence-mGAM-p3,102625
48,G4-e003Coalescence-mGAM-p7_S171,8,1341178,C5-e003Coalescence-mGAM-p3,102625
49,G3-e003Coalescence-mGAM-p3_S82,36,2148001,C5-e003Coalescence-mGAM-p3,102625
50,G3-e003Coalescence-mGAM-p5_S74,30,2126090,C5-e003Coalescence-mGAM-p3,102625
51,E4-e003Coalescence-mGAM-p7_S147,39,2145639,C5-e003Coalescence-mGAM-p3,102625
52,E4-e003Coalescence-mGAM-p3_S59,30,2087042,C5-e003Coalescence-mGAM-p3,102625
53,F4-e003Coalescence-mGAM-p3_S71,29,2109664,C5-e003Coalescence-mGAM-p3,102625
54,F4-e003Coalescence-mGAM-p7_S159,36,2100682,C5-e003Coalescence-mGAM-p3,102625
55,G2-e003Coalescence-mGAM-p3_S81,36,2106083,C5-e003Coalescence-mGAM-p3,102625
56,C4-e003Coalescence-mGAM-p1_S738,15,1463124,C5-e003Coalescence-mGAM-p3,102625
57,D4-e003Coalescence-mGAM-p1_S739,26,1848658,C5-e003Coalescence-mGAM-p3,102625
58,B4-e003Coalescence-mGAM-p1_S737,22,1405634,C5-e003Coalescence-mGAM-p3,102625
59,Coalescence-E5-C4-AE-AE-mBHI-mBHI-3_S672,32,2109217,C5-e003Coalescence-mGAM-p3,102625
60,Coalescence-C6-A4-AA-AE-mBHI-mGAM-5_S649,41,2160650,C5-e003Coalescence-mGAM-p3,102625
61,Coalescence-D12-B4-ACPP-AE-mBHI-mGAM-3_S667,37,2160583,C5-e003Coalescence-mGAM-p3,102625
62,Coalescence-D8-A4-AA-AE-mBHI-mGAM-3_S663,31,2106366,C5-e003Coalescence-mGAM-p3,102625
63,Coalescence-B9-G3-ACPP-AE-mBHI-mGAM-7_S640,39,2145029,C5-e003Coalescence-mGAM-p3,102625
64,Coalescence-E4-C3-ACPP-AE-mBHI-mBHI-3_S671,19,1231438,C5-e003Coalescence-mGAM-p3,102625
65,D_F11_e003Assembly_S359,40,2166211,C5-e003Coalescence-mGAM-p3,102625
66,C_C2_e003Assembly_S218,39,2063067,C5-e003Coalescence-mGAM-p3,102625
67,C_C6_e003Assembly_S222,10,1156589,C5-e003Coalescence-mGAM-p3,102625
68,C_G6_e003Assembly_S270,26,1957903,C5-e003Coalescence-mGAM-p3,102625
0,A_C3_C4_AE_AE_mBHI_mBHI_2_S27,49,1830153,C3-e003Coalescence-mGAM-p5,102625
1,A_C4_C5_AF_AE_mBHI_mBHI_2_S28,39,1831891,C3-e003Coalescence-mGAM-p5,102625
2,A_C11_C4_AE_AE_mBHI_mBHI_4_S35,42,1830141,C3-e003Coalescence-mGAM-p5,102625
3,A_D11_D4_AE_AF_mBHI_mBHI_4_S47,25,1191497,C3-e003Coalescence-mGAM-p5,102625
4,A_E3_A4_AE_AA_mBHI_mGAM_2_S51,13,1044170,C3-e003Coalescence-mGAM-p5,102625
5,A_E11_A4_AE_AA_mBHI_mGAM_4_S59,59,2146010,C3-e003Coalescence-mGAM-p5,102625
6,A_G1_C2_AA_AE_mBHI_mGAM_2_S73,55,2142841,C3-e003Coalescence-mGAM-p5,102625
7,A_G3_C4_AE_AE_mBHI_mGAM_2_S75,60,2091004,C3-e003Coalescence-mGAM-p5,102625
8,A_G4_C5_AF_AE_mBHI_mGAM_2_S76,40,1677063,C3-e003Coalescence-mGAM-p5,102625
9,A_G9_C2_AA_AE_mBHI_mGAM_4_S81,63,2159450,C3-e003Coalescence-mGAM-p5,102625
10,A_G10_C3_ACPP_AE_mBHI_mGAM_4_S82,59,2100659,C3-e003Coalescence-mGAM-p5,102625
11,A_H3_D4_AE_AF_mBHI_mGAM_2_S87,40,1928409,C3-e003Coalescence-mGAM-p5,102625
12,B_E3_E4_AE_AA_mBHI_mGAM_2_S147,18,1045740,C3-e003Coalescence-mGAM-p5,102625
13,B_G1_G2_AA_AE_mBHI_mGAM_2_S169,66,2159590,C3-e003Coalescence-mGAM-p5,102625
14,B_H3_H4_AE_AF_mBHI_mGAM_2_S183,23,1457926,C3-e003Coalescence-mGAM-p5,102625
15,C_C11_G4_AE_AE_mBHI_mBHI_4_S227,36,1523518,C3-e003Coalescence-mGAM-p5,102625
16,C_E3_A4_AE_AA_mBHI_mGAM_6_S243,53,2145227,C3-e003Coalescence-mGAM-p5,102625
17,C_E11_E4_AE_AA_mBHI_mGAM_4_S251,62,2164170,C3-e003Coalescence-mGAM-p5,102625
18,C_G3_C4_AE_AE_mBHI_mGAM_6_S267,30,1555228,C3-e003Coalescence-mGAM-p5,102625
19,C_G11_G4_AE_AE_mBHI_mGAM_4_S275,50,2041192,C3-e003Coalescence-mGAM-p5,102625
20,C_H11_H4_AE_AF_mBHI_mGAM_4_S287,36,1662792,C3-e003Coalescence-mGAM-p5,102625
21,D_E3_A4_AE_AA_mBHI_mGAM_6_S339,62,2168722,C3-e003Coalescence-mGAM-p5,102625
22,D_G1_C2_AA_AE_mBHI_mGAM_6_S361,63,2165921,C3-e003Coalescence-mGAM-p5,102625
23,D_G3_C4_AE_AE_mBHI_mGAM_6_S363,54,2139279,C3-e003Coalescence-mGAM-p5,102625
24,D_H3_D4_AE_AF_mBHI_mGAM_6_S375,44,1929446,C3-e003Coalescence-mGAM-p5,102625
25,C4-e003Coalescence-mGAM-p7,0,1507607,C3-e003Coalescence-mGAM-p5,102625
26,C3-e003Coalescence-mGAM-p3,0,2175580,C3-e003Coalescence-mGAM-p5,102625
27,C2-e003Coalescence-mGAM-p7,0,2190353,C3-e003Coalescence-mGAM-p5,102625
28,B4-e003Coalescence-mGAM-p5,1,2112758,C3-e003Coalescence-mGAM-p5,102625
29,D4-e003Coalescence-mGAM-p5,0,1378041,C3-e003Coalescence-mGAM-p5,102625
30,C2-e003Coalescence-mGAM-p3,3,1272026,C3-e003Coalescence-mGAM-p5,102625
31,C4-e003Coalescence-mGAM-p5,0,1470780,C3-e003Coalescence-mGAM-p5,102625
32,C4-e003Coalescence-mGAM-p3,0,2170545,C3-e003Coalescence-mGAM-p5,102625
33,C5-e003Coalescence-mGAM-p3,0,1755780,C3-e003Coalescence-mGAM-p5,102625
34,C3-e003Coalescence-mGAM-p5,0,2102070,C3-e003Coalescence-mGAM-p5,102625
35,D4-e003Coalescence-mGAM-p3,0,1955064,C3-e003Coalescence-mGAM-p5,102625
36,C3-e003Coalescence-mGAM-p7,0,2177723,C3-e003Coalescence-mGAM-p5,102625
37,C2-e003Coalescence-mGAM-p5,0,2091417,C3-e003Coalescence-mGAM-p5,102625
38,H4-e003Coalescence-mGAM-p7_S183,54,2127707,C3-e003Coalescence-mGAM-p5,102625
39,G3-e003Coalescence-mBHI-p5_S26,41,1984187,C3-e003Coalescence-mGAM-p5,102625
40,E4-e003Coalescence-mGAM-p5_S51,50,2046969,C3-e003Coalescence-mGAM-p5,102625
41,G5-e003Coalescence-mGAM-p3_S84,32,1327011,C3-e003Coalescence-mGAM-p5,102625
42,G3-e003Coalescence-mBHI-p7_S122,46,2051412,C3-e003Coalescence-mGAM-p5,102625
43,G5-e003Coalescence-mGAM-p7_S172,38,2000174,C3-e003Coalescence-mGAM-p5,102625
44,G4-e003Coalescence-mGAM-p5_S75,57,2083119,C3-e003Coalescence-mGAM-p5,102625
45,G2-e003Coalescence-mGAM-p5_S73,56,2095666,C3-e003Coalescence-mGAM-p5,102625
46,G4-e003Coalescence-mGAM-p3_S83,56,2123891,C3-e003Coalescence-mGAM-p5,102625
47,F4-e003Coalescence-mGAM-p5_S63,36,2012196,C3-e003Coalescence-mGAM-p5,102625
48,G4-e003Coalescence-mGAM-p7_S171,20,1341178,C3-e003Coalescence-mGAM-p5,102625
49,G3-e003Coalescence-mGAM-p3_S82,55,2148001,C3-e003Coalescence-mGAM-p5,102625
50,G3-e003Coalescence-mGAM-p5_S74,48,2126090,C3-e003Coalescence-mGAM-p5,102625
51,E4-e003Coalescence-mGAM-p7_S147,59,2145639,C3-e003Coalescence-mGAM-p5,102625
52,E4-e003Coalescence-mGAM-p3_S59,49,2087042,C3-e003Coalescence-mGAM-p5,102625
53,F4-e003Coalescence-mGAM-p3_S71,49,2109664,C3-e003Coalescence-mGAM-p5,102625
54,F4-e003Coalescence-mGAM-p7_S159,55,2100682,C3-e003Coalescence-mGAM-p5,102625
55,G2-e003Coalescence-mGAM-p3_S81,58,2106083,C3-e003Coalescence-mGAM-p5,102625
56,C4-e003Coalescence-mGAM-p1_S738,29,1463124,C3-e003Coalescence-mGAM-p5,102625
57,D4-e003Coalescence-mGAM-p1_S739,35,1848658,C3-e003Coalescence-mGAM-p5,102625
58,B4-e003Coalescence-mGAM-p1_S737,34,1405634,C3-e003Coalescence-mGAM-p5,102625
59,Coalescence-E5-C4-AE-AE-mBHI-mBHI-3_S672,52,2109217,C3-e003Coalescence-mGAM-p5,102625
60,Coalescence-C6-A4-AA-AE-mBHI-mGAM-5_S649,65,2160650,C3-e003Coalescence-mGAM-p5,102625
61,Coalescence-D12-B4-ACPP-AE-mBHI-mGAM-3_S667,62,2160583,C3-e003Coalescence-mGAM-p5,102625
62,Coalescence-D8-A4-AA-AE-mBHI-mGAM-3_S663,50,2106366,C3-e003Coalescence-mGAM-p5,102625
63,Coalescence-B9-G3-ACPP-AE-mBHI-mGAM-7_S640,58,2145029,C3-e003Coalescence-mGAM-p5,102625
64,Coalescence-E4-C3-ACPP-AE-mBHI-mBHI-3_S671,23,1231438,C3-e003Coalescence-mGAM-p5,102625
65,D_F11_e003Assembly_S359,62,2166211,C3-e003Coalescence-mGAM-p5,102625
66,C_C2_e003Assembly_S218,59,2063067,C3-e003Coalescence-mGAM-p5,102625
67,C_C6_e003Assembly_S222,13,1156589,C3-e003Coalescence-mGAM-p5,102625
68,C_G6_e003Assembly_S270,46,1957903,C3-e003Coalescence-mGAM-p5,102625
0,A_C3_C4_AE_AE_mBHI_mBHI_2_S27,42,1830153,D4-e003Coalescence-mGAM-p3,102625
1,A_C4_C5_AF_AE_mBHI_mBHI_2_S28,34,1831891,D4-e003Coalescence-mGAM-p3,102625
2,A_C11_C4_AE_AE_mBHI_mBHI_4_S35,33,1830141,D4-e003Coalescence-mGAM-p3,102625
3,A_D11_D4_AE_AF_mBHI_mBHI_4_S47,20,1191497,D4-e003Coalescence-mGAM-p3,102625
4,A_E3_A4_AE_AA_mBHI_mGAM_2_S51,11,1044170,D4-e003Coalescence-mGAM-p3,102625
5,A_E11_A4_AE_AA_mBHI_mGAM_4_S59,53,2146010,D4-e003Coalescence-mGAM-p3,102625
6,A_G1_C2_AA_AE_mBHI_mGAM_2_S73,48,2142841,D4-e003Coalescence-mGAM-p3,102625
7,A_G3_C4_AE_AE_mBHI_mGAM_2_S75,55,2091004,D4-e003Coalescence-mGAM-p3,102625
8,A_G4_C5_AF_AE_mBHI_mGAM_2_S76,34,1677063,D4-e003Coalescence-mGAM-p3,102625
9,A_G9_C2_AA_AE_mBHI_mGAM_4_S81,52,2159450,D4-e003Coalescence-mGAM-p3,102625
10,A_G10_C3_ACPP_AE_mBHI_mGAM_4_S82,52,2100659,D4-e003Coalescence-mGAM-p3,102625
11,A_H3_D4_AE_AF_mBHI_mGAM_2_S87,33,1928409,D4-e003Coalescence-mGAM-p3,102625
12,B_E3_E4_AE_AA_mBHI_mGAM_2_S147,15,1045740,D4-e003Coalescence-mGAM-p3,102625
13,B_G1_G2_AA_AE_mBHI_mGAM_2_S169,58,2159590,D4-e003Coalescence-mGAM-p3,102625
14,B_H3_H4_AE_AF_mBHI_mGAM_2_S183,18,1457926,D4-e003Coalescence-mGAM-p3,102625
15,C_C11_G4_AE_AE_mBHI_mBHI_4_S227,28,1523518,D4-e003Coalescence-mGAM-p3,102625
16,C_E3_A4_AE_AA_mBHI_mGAM_6_S243,49,2145227,D4-e003Coalescence-mGAM-p3,102625
17,C_E11_E4_AE_AA_mBHI_mGAM_4_S251,51,2164170,D4-e003Coalescence-mGAM-p3,102625
18,C_G3_C4_AE_AE_mBHI_mGAM_6_S267,26,1555228,D4-e003Coalescence-mGAM-p3,102625
19,C_G11_G4_AE_AE_mBHI_mGAM_4_S275,42,2041192,D4-e003Coalescence-mGAM-p3,102625
20,C_H11_H4_AE_AF_mBHI_mGAM_4_S287,32,1662792,D4-e003Coalescence-mGAM-p3,102625
21,D_E3_A4_AE_AA_mBHI_mGAM_6_S339,53,2168722,D4-e003Coalescence-mGAM-p3,102625
22,D_G1_C2_AA_AE_mBHI_mGAM_6_S361,54,2165921,D4-e003Coalescence-mGAM-p3,102625
23,D_G3_C4_AE_AE_mBHI_mGAM_6_S363,46,2139279,D4-e003Coalescence-mGAM-p3,102625
24,D_H3_D4_AE_AF_mBHI_mGAM_6_S375,39,1929446,D4-e003Coalescence-mGAM-p3,102625
25,C4-e003Coalescence-mGAM-p7,0,1507607,D4-e003Coalescence-mGAM-p3,102625
26,C3-e003Coalescence-mGAM-p3,0,2175580,D4-e003Coalescence-mGAM-p3,102625
27,C2-e003Coalescence-mGAM-p7,0,2190353,D4-e003Coalescence-mGAM-p3,102625
28,B4-e003Coalescence-mGAM-p5,3,2112758,D4-e003Coalescence-mGAM-p3,102625
29,D4-e003Coalescence-mGAM-p5,0,1378041,D4-e003Coalescence-mGAM-p3,102625
30,C2-e003Coalescence-mGAM-p3,1,1272026,D4-e003Coalescence-mGAM-p3,102625
31,C4-e003Coalescence-mGAM-p5,0,1470780,D4-e003Coalescence-mGAM-p3,102625
32,C4-e003Coalescence-mGAM-p3,0,2170545,D4-e003Coalescence-mGAM-p3,102625
33,C5-e003Coalescence-mGAM-p3,0,1755780,D4-e003Coalescence-mGAM-p3,102625
34,C3-e003Coalescence-mGAM-p5,0,2102070,D4-e003Coalescence-mGAM-p3,102625
35,D4-e003Coalescence-mGAM-p3,0,1955064,D4-e003Coalescence-mGAM-p3,102625
36,C3-e003Coalescence-mGAM-p7,0,2177723,D4-e003Coalescence-mGAM-p3,102625
37,C2-e003Coalescence-mGAM-p5,0,2091417,D4-e003Coalescence-mGAM-p3,102625
38,H4-e003Coalescence-mGAM-p7_S183,44,2127707,D4-e003Coalescence-mGAM-p3,102625
39,G3-e003Coalescence-mBHI-p5_S26,34,1984187,D4-e003Coalescence-mGAM-p3,102625
40,E4-e003Coalescence-mGAM-p5_S51,42,2046969,D4-e003Coalescence-mGAM-p3,102625
41,G5-e003Coalescence-mGAM-p3_S84,26,1327011,D4-e003Coalescence-mGAM-p3,102625
42,G3-e003Coalescence-mBHI-p7_S122,41,2051412,D4-e003Coalescence-mGAM-p3,102625
43,G5-e003Coalescence-mGAM-p7_S172,30,2000174,D4-e003Coalescence-mGAM-p3,102625
44,G4-e003Coalescence-mGAM-p5_S75,48,2083119,D4-e003Coalescence-mGAM-p3,102625
45,G2-e003Coalescence-mGAM-p5_S73,46,2095666,D4-e003Coalescence-mGAM-p3,102625
46,G4-e003Coalescence-mGAM-p3_S83,45,2123891,D4-e003Coalescence-mGAM-p3,102625
47,F4-e003Coalescence-mGAM-p5_S63,31,2012196,D4-e003Coalescence-mGAM-p3,102625
48,G4-e003Coalescence-mGAM-p7_S171,14,1341178,D4-e003Coalescence-mGAM-p3,102625
49,G3-e003Coalescence-mGAM-p3_S82,48,2148001,D4-e003Coalescence-mGAM-p3,102625
50,G3-e003Coalescence-mGAM-p5_S74,38,2126090,D4-e003Coalescence-mGAM-p3,102625
51,E4-e003Coalescence-mGAM-p7_S147,48,2145639,D4-e003Coalescence-mGAM-p3,102625
52,E4-e003Coalescence-mGAM-p3_S59,38,2087042,D4-e003Coalescence-mGAM-p3,102625
53,F4-e003Coalescence-mGAM-p3_S71,42,2109664,D4-e003Coalescence-mGAM-p3,102625
54,F4-e003Coalescence-mGAM-p7_S159,46,2100682,D4-e003Coalescence-mGAM-p3,102625
55,G2-e003Coalescence-mGAM-p3_S81,50,2106083,D4-e003Coalescence-mGAM-p3,102625
56,C4-e003Coalescence-mGAM-p1_S738,23,1463124,D4-e003Coalescence-mGAM-p3,102625
57,D4-e003Coalescence-mGAM-p1_S739,33,1848658,D4-e003Coalescence-mGAM-p3,102625
58,B4-e003Coalescence-mGAM-p1_S737,29,1405634,D4-e003Coalescence-mGAM-p3,102625
59,Coalescence-E5-C4-AE-AE-mBHI-mBHI-3_S672,44,2109217,D4-e003Coalescence-mGAM-p3,102625
60,Coalescence-C6-A4-AA-AE-mBHI-mGAM-5_S649,54,2160650,D4-e003Coalescence-mGAM-p3,102625
61,Coalescence-D12-B4-ACPP-AE-mBHI-mGAM-3_S667,52,2160583,D4-e003Coalescence-mGAM-p3,102625
62,Coalescence-D8-A4-AA-AE-mBHI-mGAM-3_S663,41,2106366,D4-e003Coalescence-mGAM-p3,102625
63,Coalescence-B9-G3-ACPP-AE-mBHI-mGAM-7_S640,50,2145029,D4-e003Coalescence-mGAM-p3,102625
64,Coalescence-E4-C3-ACPP-AE-mBHI-mBHI-3_S671,20,1231438,D4-e003Coalescence-mGAM-p3,102625
65,D_F11_e003Assembly_S359,52,2166211,D4-e003Coalescence-mGAM-p3,102625
66,C_C2_e003Assembly_S218,49,2063067,D4-e003Coalescence-mGAM-p3,102625
67,C_C6_e003Assembly_S222,11,1156589,D4-e003Coalescence-mGAM-p3,102625
68,C_G6_e003Assembly_S270,39,1957903,D4-e003Coalescence-mGAM-p3,102625
0,A_C3_C4_AE_AE_mBHI_mBHI_2_S27,50,1830153,C3-e003Coalescence-mGAM-p7,102625
1,A_C4_C5_AF_AE_mBHI_mBHI_2_S28,42,1831891,C3-e003Coalescence-mGAM-p7,102625
2,A_C11_C4_AE_AE_mBHI_mBHI_4_S35,42,1830141,C3-e003Coalescence-mGAM-p7,102625
3,A_D11_D4_AE_AF_mBHI_mBHI_4_S47,25,1191497,C3-e003Coalescence-mGAM-p7,102625
4,A_E3_A4_AE_AA_mBHI_mGAM_2_S51,15,1044170,C3-e003Coalescence-mGAM-p7,102625
5,A_E11_A4_AE_AA_mBHI_mGAM_4_S59,64,2146010,C3-e003Coalescence-mGAM-p7,102625
6,A_G1_C2_AA_AE_mBHI_mGAM_2_S73,59,2142841,C3-e003Coalescence-mGAM-p7,102625
7,A_G3_C4_AE_AE_mBHI_mGAM_2_S75,60,2091004,C3-e003Coalescence-mGAM-p7,102625
8,A_G4_C5_AF_AE_mBHI_mGAM_2_S76,43,1677063,C3-e003Coalescence-mGAM-p7,102625
9,A_G9_C2_AA_AE_mBHI_mGAM_4_S81,67,2159450,C3-e003Coalescence-mGAM-p7,102625
10,A_G10_C3_ACPP_AE_mBHI_mGAM_4_S82,59,2100659,C3-e003Coalescence-mGAM-p7,102625
11,A_H3_D4_AE_AF_mBHI_mGAM_2_S87,44,1928409,C3-e003Coalescence-mGAM-p7,102625
12,B_E3_E4_AE_AA_mBHI_mGAM_2_S147,21,1045740,C3-e003Coalescence-mGAM-p7,102625
13,B_G1_G2_AA_AE_mBHI_mGAM_2_S169,71,2159590,C3-e003Coalescence-mGAM-p7,102625
14,B_H3_H4_AE_AF_mBHI_mGAM_2_S183,23,1457926,C3-e003Coalescence-mGAM-p7,102625
15,C_C11_G4_AE_AE_mBHI_mBHI_4_S227,36,1523518,C3-e003Coalescence-mGAM-p7,102625
16,C_E3_A4_AE_AA_mBHI_mGAM_6_S243,59,2145227,C3-e003Coalescence-mGAM-p7,102625
17,C_E11_E4_AE_AA_mBHI_mGAM_4_S251,66,2164170,C3-e003Coalescence-mGAM-p7,102625
18,C_G3_C4_AE_AE_mBHI_mGAM_6_S267,30,1555228,C3-e003Coalescence-mGAM-p7,102625
19,C_G11_G4_AE_AE_mBHI_mGAM_4_S275,51,2041192,C3-e003Coalescence-mGAM-p7,102625
20,C_H11_H4_AE_AF_mBHI_mGAM_4_S287,39,1662792,C3-e003Coalescence-mGAM-p7,102625
21,D_E3_A4_AE_AA_mBHI_mGAM_6_S339,66,2168722,C3-e003Coalescence-mGAM-p7,102625
22,D_G1_C2_AA_AE_mBHI_mGAM_6_S361,67,2165921,C3-e003Coalescence-mGAM-p7,102625
23,D_G3_C4_AE_AE_mBHI_mGAM_6_S363,58,2139279,C3-e003Coalescence-mGAM-p7,102625
24,D_H3_D4_AE_AF_mBHI_mGAM_6_S375,46,1929446,C3-e003Coalescence-mGAM-p7,102625
25,C4-e003Coalescence-mGAM-p7,0,1507607,C3-e003Coalescence-mGAM-p7,102625
26,C3-e003Coalescence-mGAM-p3,0,2175580,C3-e003Coalescence-mGAM-p7,102625
27,C2-e003Coalescence-mGAM-p7,0,2190353,C3-e003Coalescence-mGAM-p7,102625
28,B4-e003Coalescence-mGAM-p5,0,2112758,C3-e003Coalescence-mGAM-p7,102625
29,D4-e003Coalescence-mGAM-p5,0,1378041,C3-e003Coalescence-mGAM-p7,102625
30,C2-e003Coalescence-mGAM-p3,0,1272026,C3-e003Coalescence-mGAM-p7,102625
31,C4-e003Coalescence-mGAM-p5,0,1470780,C3-e003Coalescence-mGAM-p7,102625
32,C4-e003Coalescence-mGAM-p3,0,2170545,C3-e003Coalescence-mGAM-p7,102625
33,C5-e003Coalescence-mGAM-p3,0,1755780,C3-e003Coalescence-mGAM-p7,102625
34,C3-e003Coalescence-mGAM-p5,0,2102070,C3-e003Coalescence-mGAM-p7,102625
35,D4-e003Coalescence-mGAM-p3,0,1955064,C3-e003Coalescence-mGAM-p7,102625
36,C3-e003Coalescence-mGAM-p7,0,2177723,C3-e003Coalescence-mGAM-p7,102625
37,C2-e003Coalescence-mGAM-p5,0,2091417,C3-e003Coalescence-mGAM-p7,102625
38,H4-e003Coalescence-mGAM-p7_S183,57,2127707,C3-e003Coalescence-mGAM-p7,102625
39,G3-e003Coalescence-mBHI-p5_S26,43,1984187,C3-e003Coalescence-mGAM-p7,102625
40,E4-e003Coalescence-mGAM-p5_S51,53,2046969,C3-e003Coalescence-mGAM-p7,102625
41,G5-e003Coalescence-mGAM-p3_S84,35,1327011,C3-e003Coalescence-mGAM-p7,102625
42,G3-e003Coalescence-mBHI-p7_S122,50,2051412,C3-e003Coalescence-mGAM-p7,102625
43,G5-e003Coalescence-mGAM-p7_S172,41,2000174,C3-e003Coalescence-mGAM-p7,102625
44,G4-e003Coalescence-mGAM-p5_S75,62,2083119,C3-e003Coalescence-mGAM-p7,102625
45,G2-e003Coalescence-mGAM-p5_S73,58,2095666,C3-e003Coalescence-mGAM-p7,102625
46,G4-e003Coalescence-mGAM-p3_S83,57,2123891,C3-e003Coalescence-mGAM-p7,102625
47,F4-e003Coalescence-mGAM-p5_S63,40,2012196,C3-e003Coalescence-mGAM-p7,102625
48,G4-e003Coalescence-mGAM-p7_S171,23,1341178,C3-e003Coalescence-mGAM-p7,102625
49,G3-e003Coalescence-mGAM-p3_S82,56,2148001,C3-e003Coalescence-mGAM-p7,102625
50,G3-e003Coalescence-mGAM-p5_S74,52,2126090,C3-e003Coalescence-mGAM-p7,102625
51,E4-e003Coalescence-mGAM-p7_S147,63,2145639,C3-e003Coalescence-mGAM-p7,102625
52,E4-e003Coalescence-mGAM-p3_S59,52,2087042,C3-e003Coalescence-mGAM-p7,102625
53,F4-e003Coalescence-mGAM-p3_S71,50,2109664,C3-e003Coalescence-mGAM-p7,102625
54,F4-e003Coalescence-mGAM-p7_S159,59,2100682,C3-e003Coalescence-mGAM-p7,102625
55,G2-e003Coalescence-mGAM-p3_S81,59,2106083,C3-e003Coalescence-mGAM-p7,102625
56,C4-e003Coalescence-mGAM-p1_S738,30,1463124,C3-e003Coalescence-mGAM-p7,102625
57,D4-e003Coalescence-mGAM-p1_S739,39,1848658,C3-e003Coalescence-mGAM-p7,102625
58,B4-e003Coalescence-mGAM-p1_S737,34,1405634,C3-e003Coalescence-mGAM-p7,102625
59,Coalescence-E5-C4-AE-AE-mBHI-mBHI-3_S672,56,2109217,C3-e003Coalescence-mGAM-p7,102625
60,Coalescence-C6-A4-AA-AE-mBHI-mGAM-5_S649,66,2160650,C3-e003Coalescence-mGAM-p7,102625
61,Coalescence-D12-B4-ACPP-AE-mBHI-mGAM-3_S667,67,2160583,C3-e003Coalescence-mGAM-p7,102625
62,Coalescence-D8-A4-AA-AE-mBHI-mGAM-3_S663,51,2106366,C3-e003Coalescence-mGAM-p7,102625
63,Coalescence-B9-G3-ACPP-AE-mBHI-mGAM-7_S640,62,2145029,C3-e003Coalescence-mGAM-p7,102625
64,Coalescence-E4-C3-ACPP-AE-mBHI-mBHI-3_S671,23,1231438,C3-e003Coalescence-mGAM-p7,102625
65,D_F11_e003Assembly_S359,66,2166211,C3-e003Coalescence-mGAM-p7,102625
66,C_C2_e003Assembly_S218,62,2063067,C3-e003Coalescence-mGAM-p7,102625
67,C_C6_e003Assembly_S222,13,1156589,C3-e003Coalescence-mGAM-p7,102625
68,C_G6_e003Assembly_S270,50,1957903,C3-e003Coalescence-mGAM-p7,102625
0,A_C3_C4_AE_AE_mBHI_mBHI_2_S27,46,1830153,C2-e003Coalescence-mGAM-p5,102625
1,A_C4_C5_AF_AE_mBHI_mBHI_2_S28,33,1831891,C2-e003Coalescence-mGAM-p5,102625
2,A_C11_C4_AE_AE_mBHI_mBHI_4_S35,39,1830141,C2-e003Coalescence-mGAM-p5,102625
3,A_D11_D4_AE_AF_mBHI_mBHI_4_S47,22,1191497,C2-e003Coalescence-mGAM-p5,102625
4,A_E3_A4_AE_AA_mBHI_mGAM_2_S51,15,1044170,C2-e003Coalescence-mGAM-p5,102625
5,A_E11_A4_AE_AA_mBHI_mGAM_4_S59,58,2146010,C2-e003Coalescence-mGAM-p5,102625
6,A_G1_C2_AA_AE_mBHI_mGAM_2_S73,52,2142841,C2-e003Coalescence-mGAM-p5,102625
7,A_G3_C4_AE_AE_mBHI_mGAM_2_S75,53,2091004,C2-e003Coalescence-mGAM-p5,102625
8,A_G4_C5_AF_AE_mBHI_mGAM_2_S76,34,1677063,C2-e003Coalescence-mGAM-p5,102625
9,A_G9_C2_AA_AE_mBHI_mGAM_4_S81,59,2159450,C2-e003Coalescence-mGAM-p5,102625
10,A_G10_C3_ACPP_AE_mBHI_mGAM_4_S82,52,2100659,C2-e003Coalescence-mGAM-p5,102625
11,A_H3_D4_AE_AF_mBHI_mGAM_2_S87,36,1928409,C2-e003Coalescence-mGAM-p5,102625
12,B_E3_E4_AE_AA_mBHI_mGAM_2_S147,21,1045740,C2-e003Coalescence-mGAM-p5,102625
13,B_G1_G2_AA_AE_mBHI_mGAM_2_S169,64,2159590,C2-e003Coalescence-mGAM-p5,102625
14,B_H3_H4_AE_AF_mBHI_mGAM_2_S183,17,1457926,C2-e003Coalescence-mGAM-p5,102625
15,C_C11_G4_AE_AE_mBHI_mBHI_4_S227,29,1523518,C2-e003Coalescence-mGAM-p5,102625
16,C_E3_A4_AE_AA_mBHI_mGAM_6_S243,50,2145227,C2-e003Coalescence-mGAM-p5,102625
17,C_E11_E4_AE_AA_mBHI_mGAM_4_S251,60,2164170,C2-e003Coalescence-mGAM-p5,102625
18,C_G3_C4_AE_AE_mBHI_mGAM_6_S267,23,1555228,C2-e003Coalescence-mGAM-p5,102625
19,C_G11_G4_AE_AE_mBHI_mGAM_4_S275,49,2041192,C2-e003Coalescence-mGAM-p5,102625
20,C_H11_H4_AE_AF_mBHI_mGAM_4_S287,34,1662792,C2-e003Coalescence-mGAM-p5,102625
21,D_E3_A4_AE_AA_mBHI_mGAM_6_S339,59,2168722,C2-e003Coalescence-mGAM-p5,102625
22,D_G1_C2_AA_AE_mBHI_mGAM_6_S361,60,2165921,C2-e003Coalescence-mGAM-p5,102625
23,D_G3_C4_AE_AE_mBHI_mGAM_6_S363,52,2139279,C2-e003Coalescence-mGAM-p5,102625
24,D_H3_D4_AE_AF_mBHI_mGAM_6_S375,38,1929446,C2-e003Coalescence-mGAM-p5,102625
25,C4-e003Coalescence-mGAM-p7,0,1507607,C2-e003Coalescence-mGAM-p5,102625
26,C3-e003Coalescence-mGAM-p3,0,2175580,C2-e003Coalescence-mGAM-p5,102625
27,C2-e003Coalescence-mGAM-p7,0,2190353,C2-e003Coalescence-mGAM-p5,102625
28,B4-e003Coalescence-mGAM-p5,0,2112758,C2-e003Coalescence-mGAM-p5,102625
29,D4-e003Coalescence-mGAM-p5,0,1378041,C2-e003Coalescence-mGAM-p5,102625
30,C2-e003Coalescence-mGAM-p3,1,1272026,C2-e003Coalescence-mGAM-p5,102625
31,C4-e003Coalescence-mGAM-p5,0,1470780,C2-e003Coalescence-mGAM-p5,102625
32,C4-e003Coalescence-mGAM-p3,0,2170545,C2-e003Coalescence-mGAM-p5,102625
33,C5-e003Coalescence-mGAM-p3,0,1755780,C2-e003Coalescence-mGAM-p5,102625
34,C3-e003Coalescence-mGAM-p5,0,2102070,C2-e003Coalescence-mGAM-p5,102625
35,D4-e003Coalescence-mGAM-p3,0,1955064,C2-e003Coalescence-mGAM-p5,102625
36,C3-e003Coalescence-mGAM-p7,0,2177723,C2-e003Coalescence-mGAM-p5,102625
37,C2-e003Coalescence-mGAM-p5,0,2091417,C2-e003Coalescence-mGAM-p5,102625
38,H4-e003Coalescence-mGAM-p7_S183,53,2127707,C2-e003Coalescence-mGAM-p5,102625
39,G3-e003Coalescence-mBHI-p5_S26,38,1984187,C2-e003Coalescence-mGAM-p5,102625
40,E4-e003Coalescence-mGAM-p5_S51,48,2046969,C2-e003Coalescence-mGAM-p5,102625
41,G5-e003Coalescence-mGAM-p3_S84,31,1327011,C2-e003Coalescence-mGAM-p5,102625
42,G3-e003Coalescence-mBHI-p7_S122,42,2051412,C2-e003Coalescence-mGAM-p5,102625
43,G5-e003Coalescence-mGAM-p7_S172,37,2000174,C2-e003Coalescence-mGAM-p5,102625
44,G4-e003Coalescence-mGAM-p5_S75,59,2083119,C2-e003Coalescence-mGAM-p5,102625
45,G2-e003Coalescence-mGAM-p5_S73,52,2095666,C2-e003Coalescence-mGAM-p5,102625
46,G4-e003Coalescence-mGAM-p3_S83,50,2123891,C2-e003Coalescence-mGAM-p5,102625
47,F4-e003Coalescence-mGAM-p5_S63,35,2012196,C2-e003Coalescence-mGAM-p5,102625
48,G4-e003Coalescence-mGAM-p7_S171,23,1341178,C2-e003Coalescence-mGAM-p5,102625
49,G3-e003Coalescence-mGAM-p3_S82,50,2148001,C2-e003Coalescence-mGAM-p5,102625
50,G3-e003Coalescence-mGAM-p5_S74,47,2126090,C2-e003Coalescence-mGAM-p5,102625
51,E4-e003Coalescence-mGAM-p7_S147,54,2145639,C2-e003Coalescence-mGAM-p5,102625
52,E4-e003Coalescence-mGAM-p3_S59,48,2087042,C2-e003Coalescence-mGAM-p5,102625
53,F4-e003Coalescence-mGAM-p3_S71,45,2109664,C2-e003Coalescence-mGAM-p5,102625
54,F4-e003Coalescence-mGAM-p7_S159,50,2100682,C2-e003Coalescence-mGAM-p5,102625
55,G2-e003Coalescence-mGAM-p3_S81,53,2106083,C2-e003Coalescence-mGAM-p5,102625
56,C4-e003Coalescence-mGAM-p1_S738,27,1463124,C2-e003Coalescence-mGAM-p5,102625
57,D4-e003Coalescence-mGAM-p1_S739,33,1848658,C2-e003Coalescence-mGAM-p5,102625
58,B4-e003Coalescence-mGAM-p1_S737,35,1405634,C2-e003Coalescence-mGAM-p5,102625
59,Coalescence-E5-C4-AE-AE-mBHI-mBHI-3_S672,48,2109217,C2-e003Coalescence-mGAM-p5,102625
60,Coalescence-C6-A4-AA-AE-mBHI-mGAM-5_S649,62,2160650,C2-e003Coalescence-mGAM-p5,102625
61,Coalescence-D12-B4-ACPP-AE-mBHI-mGAM-3_S667,61,2160583,C2-e003Coalescence-mGAM-p5,102625
62,Coalescence-D8-A4-AA-AE-mBHI-mGAM-3_S663,47,2106366,C2-e003Coalescence-mGAM-p5,102625
63,Coalescence-B9-G3-ACPP-AE-mBHI-mGAM-7_S640,54,2145029,C2-e003Coalescence-mGAM-p5,102625
64,Coalescence-E4-C3-ACPP-AE-mBHI-mBHI-3_S671,16,1231438,C2-e003Coalescence-mGAM-p5,102625
65,D_F11_e003Assembly_S359,59,2166211,C2-e003Coalescence-mGAM-p5,102625
66,C_C2_e003Assembly_S218,58,2063067,C2-e003Coalescence-mGAM-p5,102625
67,C_C6_e003Assembly_S222,7,1156589,C2-e003Coalescence-mGAM-p5,102625
68,C_G6_e003Assembly_S270,43,1957903,C2-e003Coalescence-mGAM-p5,102625
0,A_C3_C4_AE_AE_mBHI_mBHI_2_S27,0,1830153,H4-e003Coalescence-mGAM-p7_S183,102625
1,A_C4_C5_AF_AE_mBHI_mBHI_2_S28,0,1831891,H4-e003Coalescence-mGAM-p7_S183,102625
2,A_C11_C4_AE_AE_mBHI_mBHI_4_S35,0,1830141,H4-e003Coalescence-mGAM-p7_S183,102625
3,A_D11_D4_AE_AF_mBHI_mBHI_4_S47,2,1191497,H4-e003Coalescence-mGAM-p7_S183,102625
4,A_E3_A4_AE_AA_mBHI_mGAM_2_S51,0,1044170,H4-e003Coalescence-mGAM-p7_S183,102625
5,A_E11_A4_AE_AA_mBHI_mGAM_4_S59,0,2146010,H4-e003Coalescence-mGAM-p7_S183,102625
6,A_G1_C2_AA_AE_mBHI_mGAM_2_S73,0,2142841,H4-e003Coalescence-mGAM-p7_S183,102625
7,A_G3_C4_AE_AE_mBHI_mGAM_2_S75,0,2091004,H4-e003Coalescence-mGAM-p7_S183,102625
8,A_G4_C5_AF_AE_mBHI_mGAM_2_S76,0,1677063,H4-e003Coalescence-mGAM-p7_S183,102625
9,A_G9_C2_AA_AE_mBHI_mGAM_4_S81,0,2159450,H4-e003Coalescence-mGAM-p7_S183,102625
10,A_G10_C3_ACPP_AE_mBHI_mGAM_4_S82,0,2100659,H4-e003Coalescence-mGAM-p7_S183,102625
11,A_H3_D4_AE_AF_mBHI_mGAM_2_S87,0,1928409,H4-e003Coalescence-mGAM-p7_S183,102625
12,B_E3_E4_AE_AA_mBHI_mGAM_2_S147,0,1045740,H4-e003Coalescence-mGAM-p7_S183,102625
13,B_G1_G2_AA_AE_mBHI_mGAM_2_S169,0,2159590,H4-e003Coalescence-mGAM-p7_S183,102625
14,B_H3_H4_AE_AF_mBHI_mGAM_2_S183,0,1457926,H4-e003Coalescence-mGAM-p7_S183,102625
15,C_C11_G4_AE_AE_mBHI_mBHI_4_S227,0,1523518,H4-e003Coalescence-mGAM-p7_S183,102625
16,C_E3_A4_AE_AA_mBHI_mGAM_6_S243,0,2145227,H4-e003Coalescence-mGAM-p7_S183,102625
17,C_E11_E4_AE_AA_mBHI_mGAM_4_S251,0,2164170,H4-e003Coalescence-mGAM-p7_S183,102625
18,C_G3_C4_AE_AE_mBHI_mGAM_6_S267,0,1555228,H4-e003Coalescence-mGAM-p7_S183,102625
19,C_G11_G4_AE_AE_mBHI_mGAM_4_S275,0,2041192,H4-e003Coalescence-mGAM-p7_S183,102625
20,C_H11_H4_AE_AF_mBHI_mGAM_4_S287,0,1662792,H4-e003Coalescence-mGAM-p7_S183,102625
21,D_E3_A4_AE_AA_mBHI_mGAM_6_S339,0,2168722,H4-e003Coalescence-mGAM-p7_S183,102625
22,D_G1_C2_AA_AE_mBHI_mGAM_6_S361,0,2165921,H4-e003Coalescence-mGAM-p7_S183,102625
23,D_G3_C4_AE_AE_mBHI_mGAM_6_S363,0,2139279,H4-e003Coalescence-mGAM-p7_S183,102625
24,D_H3_D4_AE_AF_mBHI_mGAM_6_S375,0,1929446,H4-e003Coalescence-mGAM-p7_S183,102625
25,C4-e003Coalescence-mGAM-p7,36,1507607,H4-e003Coalescence-mGAM-p7_S183,102625
26,C3-e003Coalescence-mGAM-p3,56,2175580,H4-e003Coalescence-mGAM-p7_S183,102625
27,C2-e003Coalescence-mGAM-p7,58,2190353,H4-e003Coalescence-mGAM-p7_S183,102625
28,B4-e003Coalescence-mGAM-p5,55,2112758,H4-e003Coalescence-mGAM-p7_S183,102625
29,D4-e003Coalescence-mGAM-p5,32,1378041,H4-e003Coalescence-mGAM-p7_S183,102625
30,C2-e003Coalescence-mGAM-p3,37,1272026,H4-e003Coalescence-mGAM-p7_S183,102625
31,C4-e003Coalescence-mGAM-p5,36,1470780,H4-e003Coalescence-mGAM-p7_S183,102625
32,C4-e003Coalescence-mGAM-p3,56,2170545,H4-e003Coalescence-mGAM-p7_S183,102625
33,C5-e003Coalescence-mGAM-p3,36,1755780,H4-e003Coalescence-mGAM-p7_S183,102625
34,C3-e003Coalescence-mGAM-p5,54,2102070,H4-e003Coalescence-mGAM-p7_S183,102625
35,D4-e003Coalescence-mGAM-p3,44,1955064,H4-e003Coalescence-mGAM-p7_S183,102625
36,C3-e003Coalescence-mGAM-p7,57,2177723,H4-e003Coalescence-mGAM-p7_S183,102625
37,C2-e003Coalescence-mGAM-p5,53,2091417,H4-e003Coalescence-mGAM-p7_S183,102625
38,H4-e003Coalescence-mGAM-p7_S183,0,2127707,H4-e003Coalescence-mGAM-p7_S183,102625
39,G3-e003Coalescence-mBHI-p5_S26,0,1984187,H4-e003Coalescence-mGAM-p7_S183,102625
40,E4-e003Coalescence-mGAM-p5_S51,0,2046969,H4-e003Coalescence-mGAM-p7_S183,102625
41,G5-e003Coalescence-mGAM-p3_S84,0,1327011,H4-e003Coalescence-mGAM-p7_S183,102625
42,G3-e003Coalescence-mBHI-p7_S122,0,2051412,H4-e003Coalescence-mGAM-p7_S183,102625
43,G5-e003Coalescence-mGAM-p7_S172,0,2000174,H4-e003Coalescence-mGAM-p7_S183,102625
44,G4-e003Coalescence-mGAM-p5_S75,0,2083119,H4-e003Coalescence-mGAM-p7_S183,102625
45,G2-e003Coalescence-mGAM-p5_S73,0,2095666,H4-e003Coalescence-mGAM-p7_S183,102625
46,G4-e003Coalescence-mGAM-p3_S83,0,2123891,H4-e003Coalescence-mGAM-p7_S183,102625
47,F4-e003Coalescence-mGAM-p5_S63,1,2012196,H4-e003Coalescence-mGAM-p7_S183,102625
48,G4-e003Coalescence-mGAM-p7_S171,0,1341178,H4-e003Coalescence-mGAM-p7_S183,102625
49,G3-e003Coalescence-mGAM-p3_S82,0,2148001,H4-e003Coalescence-mGAM-p7_S183,102625
50,G3-e003Coalescence-mGAM-p5_S74,0,2126090,H4-e003Coalescence-mGAM-p7_S183,102625
51,E4-e003Coalescence-mGAM-p7_S147,0,2145639,H4-e003Coalescence-mGAM-p7_S183,102625
52,E4-e003Coalescence-mGAM-p3_S59,0,2087042,H4-e003Coalescence-mGAM-p7_S183,102625
53,F4-e003Coalescence-mGAM-p3_S71,0,2109664,H4-e003Coalescence-mGAM-p7_S183,102625
54,F4-e003Coalescence-mGAM-p7_S159,0,2100682,H4-e003Coalescence-mGAM-p7_S183,102625
55,G2-e003Coalescence-mGAM-p3_S81,0,2106083,H4-e003Coalescence-mGAM-p7_S183,102625
56,C4-e003Coalescence-mGAM-p1_S738,0,1463124,H4-e003Coalescence-mGAM-p7_S183,102625
57,D4-e003Coalescence-mGAM-p1_S739,0,1848658,H4-e003Coalescence-mGAM-p7_S183,102625
58,B4-e003Coalescence-mGAM-p1_S737,0,1405634,H4-e003Coalescence-mGAM-p7_S183,102625
59,Coalescence-E5-C4-AE-AE-mBHI-mBHI-3_S672,0,2109217,H4-e003Coalescence-mGAM-p7_S183,102625
60,Coalescence-C6-A4-AA-AE-mBHI-mGAM-5_S649,0,2160650,H4-e003Coalescence-mGAM-p7_S183,102625
61,Coalescence-D12-B4-ACPP-AE-mBHI-mGAM-3_S667,0,2160583,H4-e003Coalescence-mGAM-p7_S183,102625
62,Coalescence-D8-A4-AA-AE-mBHI-mGAM-3_S663,0,2106366,H4-e003Coalescence-mGAM-p7_S183,102625
63,Coalescence-B9-G3-ACPP-AE-mBHI-mGAM-7_S640,0,2145029,H4-e003Coalescence-mGAM-p7_S183,102625
64,Coalescence-E4-C3-ACPP-AE-mBHI-mBHI-3_S671,0,1231438,H4-e003Coalescence-mGAM-p7_S183,102625
65,D_F11_e003Assembly_S359,1,2166211,H4-e003Coalescence-mGAM-p7_S183,102625
66,C_C2_e003Assembly_S218,0,2063067,H4-e003Coalescence-mGAM-p7_S183,102625
67,C_C6_e003Assembly_S222,0,1156589,H4-e003Coalescence-mGAM-p7_S183,102625
68,C_G6_e003Assembly_S270,1,1957903,H4-e003Coalescence-mGAM-p7_S183,102625
0,A_C3_C4_AE_AE_mBHI_mBHI_2_S27,0,1830153,G3-e003Coalescence-mBHI-p5_S26,102625
1,A_C4_C5_AF_AE_mBHI_mBHI_2_S28,0,1831891,G3-e003Coalescence-mBHI-p5_S26,102625
2,A_C11_C4_AE_AE_mBHI_mBHI_4_S35,0,1830141,G3-e003Coalescence-mBHI-p5_S26,102625
3,A_D11_D4_AE_AF_mBHI_mBHI_4_S47,2,1191497,G3-e003Coalescence-mBHI-p5_S26,102625
4,A_E3_A4_AE_AA_mBHI_mGAM_2_S51,1,1044170,G3-e003Coalescence-mBHI-p5_S26,102625
5,A_E11_A4_AE_AA_mBHI_mGAM_4_S59,1,2146010,G3-e003Coalescence-mBHI-p5_S26,102625
6,A_G1_C2_AA_AE_mBHI_mGAM_2_S73,0,2142841,G3-e003Coalescence-mBHI-p5_S26,102625
7,A_G3_C4_AE_AE_mBHI_mGAM_2_S75,2,2091004,G3-e003Coalescence-mBHI-p5_S26,102625
8,A_G4_C5_AF_AE_mBHI_mGAM_2_S76,1,1677063,G3-e003Coalescence-mBHI-p5_S26,102625
9,A_G9_C2_AA_AE_mBHI_mGAM_4_S81,1,2159450,G3-e003Coalescence-mBHI-p5_S26,102625
10,A_G10_C3_ACPP_AE_mBHI_mGAM_4_S82,1,2100659,G3-e003Coalescence-mBHI-p5_S26,102625
11,A_H3_D4_AE_AF_mBHI_mGAM_2_S87,1,1928409,G3-e003Coalescence-mBHI-p5_S26,102625
12,B_E3_E4_AE_AA_mBHI_mGAM_2_S147,0,1045740,G3-e003Coalescence-mBHI-p5_S26,102625
13,B_G1_G2_AA_AE_mBHI_mGAM_2_S169,1,2159590,G3-e003Coalescence-mBHI-p5_S26,102625
14,B_H3_H4_AE_AF_mBHI_mGAM_2_S183,0,1457926,G3-e003Coalescence-mBHI-p5_S26,102625
15,C_C11_G4_AE_AE_mBHI_mBHI_4_S227,0,1523518,G3-e003Coalescence-mBHI-p5_S26,102625
16,C_E3_A4_AE_AA_mBHI_mGAM_6_S243,0,2145227,G3-e003Coalescence-mBHI-p5_S26,102625
17,C_E11_E4_AE_AA_mBHI_mGAM_4_S251,0,2164170,G3-e003Coalescence-mBHI-p5_S26,102625
18,C_G3_C4_AE_AE_mBHI_mGAM_6_S267,0,1555228,G3-e003Coalescence-mBHI-p5_S26,102625
19,C_G11_G4_AE_AE_mBHI_mGAM_4_S275,0,2041192,G3-e003Coalescence-mBHI-p5_S26,102625
20,C_H11_H4_AE_AF_mBHI_mGAM_4_S287,0,1662792,G3-e003Coalescence-mBHI-p5_S26,102625
21,D_E3_A4_AE_AA_mBHI_mGAM_6_S339,0,2168722,G3-e003Coalescence-mBHI-p5_S26,102625
22,D_G1_C2_AA_AE_mBHI_mGAM_6_S361,1,2165921,G3-e003Coalescence-mBHI-p5_S26,102625
23,D_G3_C4_AE_AE_mBHI_mGAM_6_S363,0,2139279,G3-e003Coalescence-mBHI-p5_S26,102625
24,D_H3_D4_AE_AF_mBHI_mGAM_6_S375,1,1929446,G3-e003Coalescence-mBHI-p5_S26,102625
25,C4-e003Coalescence-mGAM-p7,22,1507607,G3-e003Coalescence-mBHI-p5_S26,102625
26,C3-e003Coalescence-mGAM-p3,43,2175580,G3-e003Coalescence-mBHI-p5_S26,102625
27,C2-e003Coalescence-mGAM-p7,44,2190353,G3-e003Coalescence-mBHI-p5_S26,102625
28,B4-e003Coalescence-mGAM-p5,40,2112758,G3-e003Coalescence-mBHI-p5_S26,102625
29,D4-e003Coalescence-mGAM-p5,21,1378041,G3-e003Coalescence-mBHI-p5_S26,102625
30,C2-e003Coalescence-mGAM-p3,26,1272026,G3-e003Coalescence-mBHI-p5_S26,102625
31,C4-e003Coalescence-mGAM-p5,27,1470780,G3-e003Coalescence-mBHI-p5_S26,102625
32,C4-e003Coalescence-mGAM-p3,41,2170545,G3-e003Coalescence-mBHI-p5_S26,102625
33,C5-e003Coalescence-mGAM-p3,22,1755780,G3-e003Coalescence-mBHI-p5_S26,102625
34,C3-e003Coalescence-mGAM-p5,41,2102070,G3-e003Coalescence-mBHI-p5_S26,102625
35,D4-e003Coalescence-mGAM-p3,34,1955064,G3-e003Coalescence-mBHI-p5_S26,102625
36,C3-e003Coalescence-mGAM-p7,43,2177723,G3-e003Coalescence-mBHI-p5_S26,102625
37,C2-e003Coalescence-mGAM-p5,38,2091417,G3-e003Coalescence-mBHI-p5_S26,102625
38,H4-e003Coalescence-mGAM-p7_S183,0,2127707,G3-e003Coalescence-mBHI-p5_S26,102625
39,G3-e003Coalescence-mBHI-p5_S26,0,1984187,G3-e003Coalescence-mBHI-p5_S26,102625
40,E4-e003Coalescence-mGAM-p5_S51,0,2046969,G3-e003Coalescence-mBHI-p5_S26,102625
41,G5-e003Coalescence-mGAM-p3_S84,0,1327011,G3-e003Coalescence-mBHI-p5_S26,102625
42,G3-e003Coalescence-mBHI-p7_S122,0,2051412,G3-e003Coalescence-mBHI-p5_S26,102625
43,G5-e003Coalescence-mGAM-p7_S172,0,2000174,G3-e003Coalescence-mBHI-p5_S26,102625
44,G4-e003Coalescence-mGAM-p5_S75,1,2083119,G3-e003Coalescence-mBHI-p5_S26,102625
45,G2-e003Coalescence-mGAM-p5_S73,1,2095666,G3-e003Coalescence-mBHI-p5_S26,102625
46,G4-e003Coalescence-mGAM-p3_S83,0,2123891,G3-e003Coalescence-mBHI-p5_S26,102625
47,F4-e003Coalescence-mGAM-p5_S63,0,2012196,G3-e003Coalescence-mBHI-p5_S26,102625
48,G4-e003Coalescence-mGAM-p7_S171,0,1341178,G3-e003Coalescence-mBHI-p5_S26,102625
49,G3-e003Coalescence-mGAM-p3_S82,1,2148001,G3-e003Coalescence-mBHI-p5_S26,102625
50,G3-e003Coalescence-mGAM-p5_S74,0,2126090,G3-e003Coalescence-mBHI-p5_S26,102625
51,E4-e003Coalescence-mGAM-p7_S147,0,2145639,G3-e003Coalescence-mBHI-p5_S26,102625
52,E4-e003Coalescence-mGAM-p3_S59,2,2087042,G3-e003Coalescence-mBHI-p5_S26,102625
53,F4-e003Coalescence-mGAM-p3_S71,1,2109664,G3-e003Coalescence-mBHI-p5_S26,102625
54,F4-e003Coalescence-mGAM-p7_S159,0,2100682,G3-e003Coalescence-mBHI-p5_S26,102625
55,G2-e003Coalescence-mGAM-p3_S81,2,2106083,G3-e003Coalescence-mBHI-p5_S26,102625
56,C4-e003Coalescence-mGAM-p1_S738,0,1463124,G3-e003Coalescence-mBHI-p5_S26,102625
57,D4-e003Coalescence-mGAM-p1_S739,0,1848658,G3-e003Coalescence-mBHI-p5_S26,102625
58,B4-e003Coalescence-mGAM-p1_S737,2,1405634,G3-e003Coalescence-mBHI-p5_S26,102625
59,Coalescence-E5-C4-AE-AE-mBHI-mBHI-3_S672,0,2109217,G3-e003Coalescence-mBHI-p5_S26,102625
60,Coalescence-C6-A4-AA-AE-mBHI-mGAM-5_S649,1,2160650,G3-e003Coalescence-mBHI-p5_S26,102625
61,Coalescence-D12-B4-ACPP-AE-mBHI-mGAM-3_S667,1,2160583,G3-e003Coalescence-mBHI-p5_S26,102625
62,Coalescence-D8-A4-AA-AE-mBHI-mGAM-3_S663,0,2106366,G3-e003Coalescence-mBHI-p5_S26,102625
63,Coalescence-B9-G3-ACPP-AE-mBHI-mGAM-7_S640,1,2145029,G3-e003Coalescence-mBHI-p5_S26,102625
64,Coalescence-E4-C3-ACPP-AE-mBHI-mBHI-3_S671,0,1231438,G3-e003Coalescence-mBHI-p5_S26,102625
65,D_F11_e003Assembly_S359,2,2166211,G3-e003Coalescence-mBHI-p5_S26,102625
66,C_C2_e003Assembly_S218,1,2063067,G3-e003Coalescence-mBHI-p5_S26,102625
67,C_C6_e003Assembly_S222,0,1156589,G3-e003Coalescence-mBHI-p5_S26,102625
68,C_G6_e003Assembly_S270,1,1957903,G3-e003Coalescence-mBHI-p5_S26,102625
0,A_C3_C4_AE_AE_mBHI_mBHI_2_S27,2,1830153,E4-e003Coalescence-mGAM-p5_S51,102625
1,A_C4_C5_AF_AE_mBHI_mBHI_2_S28,0,1831891,E4-e003Coalescence-mGAM-p5_S51,102625
2,A_C11_C4_AE_AE_mBHI_mBHI_4_S35,0,1830141,E4-e003Coalescence-mGAM-p5_S51,102625
3,A_D11_D4_AE_AF_mBHI_mBHI_4_S47,2,1191497,E4-e003Coalescence-mGAM-p5_S51,102625
4,A_E3_A4_AE_AA_mBHI_mGAM_2_S51,0,1044170,E4-e003Coalescence-mGAM-p5_S51,102625
5,A_E11_A4_AE_AA_mBHI_mGAM_4_S59,1,2146010,E4-e003Coalescence-mGAM-p5_S51,102625
6,A_G1_C2_AA_AE_mBHI_mGAM_2_S73,0,2142841,E4-e003Coalescence-mGAM-p5_S51,102625
7,A_G3_C4_AE_AE_mBHI_mGAM_2_S75,1,2091004,E4-e003Coalescence-mGAM-p5_S51,102625
8,A_G4_C5_AF_AE_mBHI_mGAM_2_S76,0,1677063,E4-e003Coalescence-mGAM-p5_S51,102625
9,A_G9_C2_AA_AE_mBHI_mGAM_4_S81,0,2159450,E4-e003Coalescence-mGAM-p5_S51,102625
10,A_G10_C3_ACPP_AE_mBHI_mGAM_4_S82,0,2100659,E4-e003Coalescence-mGAM-p5_S51,102625
11,A_H3_D4_AE_AF_mBHI_mGAM_2_S87,0,1928409,E4-e003Coalescence-mGAM-p5_S51,102625
12,B_E3_E4_AE_AA_mBHI_mGAM_2_S147,0,1045740,E4-e003Coalescence-mGAM-p5_S51,102625
13,B_G1_G2_AA_AE_mBHI_mGAM_2_S169,0,2159590,E4-e003Coalescence-mGAM-p5_S51,102625
14,B_H3_H4_AE_AF_mBHI_mGAM_2_S183,0,1457926,E4-e003Coalescence-mGAM-p5_S51,102625
15,C_C11_G4_AE_AE_mBHI_mBHI_4_S227,0,1523518,E4-e003Coalescence-mGAM-p5_S51,102625
16,C_E3_A4_AE_AA_mBHI_mGAM_6_S243,1,2145227,E4-e003Coalescence-mGAM-p5_S51,102625
17,C_E11_E4_AE_AA_mBHI_mGAM_4_S251,1,2164170,E4-e003Coalescence-mGAM-p5_S51,102625
18,C_G3_C4_AE_AE_mBHI_mGAM_6_S267,0,1555228,E4-e003Coalescence-mGAM-p5_S51,102625
19,C_G11_G4_AE_AE_mBHI_mGAM_4_S275,0,2041192,E4-e003Coalescence-mGAM-p5_S51,102625
20,C_H11_H4_AE_AF_mBHI_mGAM_4_S287,1,1662792,E4-e003Coalescence-mGAM-p5_S51,102625
21,D_E3_A4_AE_AA_mBHI_mGAM_6_S339,0,2168722,E4-e003Coalescence-mGAM-p5_S51,102625
22,D_G1_C2_AA_AE_mBHI_mGAM_6_S361,1,2165921,E4-e003Coalescence-mGAM-p5_S51,102625
23,D_G3_C4_AE_AE_mBHI_mGAM_6_S363,1,2139279,E4-e003Coalescence-mGAM-p5_S51,102625
24,D_H3_D4_AE_AF_mBHI_mGAM_6_S375,0,1929446,E4-e003Coalescence-mGAM-p5_S51,102625
25,C4-e003Coalescence-mGAM-p7,32,1507607,E4-e003Coalescence-mGAM-p5_S51,102625
26,C3-e003Coalescence-mGAM-p3,53,2175580,E4-e003Coalescence-mGAM-p5_S51,102625
27,C2-e003Coalescence-mGAM-p7,51,2190353,E4-e003Coalescence-mGAM-p5_S51,102625
28,B4-e003Coalescence-mGAM-p5,46,2112758,E4-e003Coalescence-mGAM-p5_S51,102625
29,D4-e003Coalescence-mGAM-p5,28,1378041,E4-e003Coalescence-mGAM-p5_S51,102625
30,C2-e003Coalescence-mGAM-p3,34,1272026,E4-e003Coalescence-mGAM-p5_S51,102625
31,C4-e003Coalescence-mGAM-p5,31,1470780,E4-e003Coalescence-mGAM-p5_S51,102625
32,C4-e003Coalescence-mGAM-p3,52,2170545,E4-e003Coalescence-mGAM-p5_S51,102625
33,C5-e003Coalescence-mGAM-p3,32,1755780,E4-e003Coalescence-mGAM-p5_S51,102625
34,C3-e003Coalescence-mGAM-p5,50,2102070,E4-e003Coalescence-mGAM-p5_S51,102625
35,D4-e003Coalescence-mGAM-p3,42,1955064,E4-e003Coalescence-mGAM-p5_S51,102625
36,C3-e003Coalescence-mGAM-p7,53,2177723,E4-e003Coalescence-mGAM-p5_S51,102625
37,C2-e003Coalescence-mGAM-p5,48,2091417,E4-e003Coalescence-mGAM-p5_S51,102625
38,H4-e003Coalescence-mGAM-p7_S183,0,2127707,E4-e003Coalescence-mGAM-p5_S51,102625
39,G3-e003Coalescence-mBHI-p5_S26,0,1984187,E4-e003Coalescence-mGAM-p5_S51,102625
40,E4-e003Coalescence-mGAM-p5_S51,0,2046969,E4-e003Coalescence-mGAM-p5_S51,102625
41,G5-e003Coalescence-mGAM-p3_S84,0,1327011,E4-e003Coalescence-mGAM-p5_S51,102625
42,G3-e003Coalescence-mBHI-p7_S122,1,2051412,E4-e003Coalescence-mGAM-p5_S51,102625
43,G5-e003Coalescence-mGAM-p7_S172,0,2000174,E4-e003Coalescence-mGAM-p5_S51,102625
44,G4-e003Coalescence-mGAM-p5_S75,0,2083119,E4-e003Coalescence-mGAM-p5_S51,102625
45,G2-e003Coalescence-mGAM-p5_S73,1,2095666,E4-e003Coalescence-mGAM-p5_S51,102625
46,G4-e003Coalescence-mGAM-p3_S83,0,2123891,E4-e003Coalescence-mGAM-p5_S51,102625
47,F4-e003Coalescence-mGAM-p5_S63,1,2012196,E4-e003Coalescence-mGAM-p5_S51,102625
48,G4-e003Coalescence-mGAM-p7_S171,0,1341178,E4-e003Coalescence-mGAM-p5_S51,102625
49,G3-e003Coalescence-mGAM-p3_S82,0,2148001,E4-e003Coalescence-mGAM-p5_S51,102625
50,G3-e003Coalescence-mGAM-p5_S74,0,2126090,E4-e003Coalescence-mGAM-p5_S51,102625
51,E4-e003Coalescence-mGAM-p7_S147,0,2145639,E4-e003Coalescence-mGAM-p5_S51,102625
52,E4-e003Coalescence-mGAM-p3_S59,0,2087042,E4-e003Coalescence-mGAM-p5_S51,102625
53,F4-e003Coalescence-mGAM-p3_S71,0,2109664,E4-e003Coalescence-mGAM-p5_S51,102625
54,F4-e003Coalescence-mGAM-p7_S159,1,2100682,E4-e003Coalescence-mGAM-p5_S51,102625
55,G2-e003Coalescence-mGAM-p3_S81,0,2106083,E4-e003Coalescence-mGAM-p5_S51,102625
56,C4-e003Coalescence-mGAM-p1_S738,0,1463124,E4-e003Coalescence-mGAM-p5_S51,102625
57,D4-e003Coalescence-mGAM-p1_S739,2,1848658,E4-e003Coalescence-mGAM-p5_S51,102625
58,B4-e003Coalescence-mGAM-p1_S737,1,1405634,E4-e003Coalescence-mGAM-p5_S51,102625
59,Coalescence-E5-C4-AE-AE-mBHI-mBHI-3_S672,0,2109217,E4-e003Coalescence-mGAM-p5_S51,102625
60,Coalescence-C6-A4-AA-AE-mBHI-mGAM-5_S649,0,2160650,E4-e003Coalescence-mGAM-p5_S51,102625
61,Coalescence-D12-B4-ACPP-AE-mBHI-mGAM-3_S667,0,2160583,E4-e003Coalescence-mGAM-p5_S51,102625
62,Coalescence-D8-A4-AA-AE-mBHI-mGAM-3_S663,1,2106366,E4-e003Coalescence-mGAM-p5_S51,102625
63,Coalescence-B9-G3-ACPP-AE-mBHI-mGAM-7_S640,1,2145029,E4-e003Coalescence-mGAM-p5_S51,102625
64,Coalescence-E4-C3-ACPP-AE-mBHI-mBHI-3_S671,0,1231438,E4-e003Coalescence-mGAM-p5_S51,102625
65,D_F11_e003Assembly_S359,1,2166211,E4-e003Coalescence-mGAM-p5_S51,102625
66,C_C2_e003Assembly_S218,1,2063067,E4-e003Coalescence-mGAM-p5_S51,102625
67,C_C6_e003Assembly_S222,0,1156589,E4-e003Coalescence-mGAM-p5_S51,102625
68,C_G6_e003Assembly_S270,1,1957903,E4-e003Coalescence-mGAM-p5_S51,102625
0,A_C3_C4_AE_AE_mBHI_mBHI_2_S27,0,1830153,G5-e003Coalescence-mGAM-p3_S84,102625
1,A_C4_C5_AF_AE_mBHI_mBHI_2_S28,0,1831891,G5-e003Coalescence-mGAM-p3_S84,102625
2,A_C11_C4_AE_AE_mBHI_mBHI_4_S35,0,1830141,G5-e003Coalescence-mGAM-p3_S84,102625
3,A_D11_D4_AE_AF_mBHI_mBHI_4_S47,3,1191497,G5-e003Coalescence-mGAM-p3_S84,102625
4,A_E3_A4_AE_AA_mBHI_mGAM_2_S51,0,1044170,G5-e003Coalescence-mGAM-p3_S84,102625
5,A_E11_A4_AE_AA_mBHI_mGAM_4_S59,0,2146010,G5-e003Coalescence-mGAM-p3_S84,102625
6,A_G1_C2_AA_AE_mBHI_mGAM_2_S73,0,2142841,G5-e003Coalescence-mGAM-p3_S84,102625
7,A_G3_C4_AE_AE_mBHI_mGAM_2_S75,0,2091004,G5-e003Coalescence-mGAM-p3_S84,102625
8,A_G4_C5_AF_AE_mBHI_mGAM_2_S76,0,1677063,G5-e003Coalescence-mGAM-p3_S84,102625
9,A_G9_C2_AA_AE_mBHI_mGAM_4_S81,0,2159450,G5-e003Coalescence-mGAM-p3_S84,102625
10,A_G10_C3_ACPP_AE_mBHI_mGAM_4_S82,0,2100659,G5-e003Coalescence-mGAM-p3_S84,102625
11,A_H3_D4_AE_AF_mBHI_mGAM_2_S87,0,1928409,G5-e003Coalescence-mGAM-p3_S84,102625
12,B_E3_E4_AE_AA_mBHI_mGAM_2_S147,0,1045740,G5-e003Coalescence-mGAM-p3_S84,102625
13,B_G1_G2_AA_AE_mBHI_mGAM_2_S169,0,2159590,G5-e003Coalescence-mGAM-p3_S84,102625
14,B_H3_H4_AE_AF_mBHI_mGAM_2_S183,0,1457926,G5-e003Coalescence-mGAM-p3_S84,102625
15,C_C11_G4_AE_AE_mBHI_mBHI_4_S227,0,1523518,G5-e003Coalescence-mGAM-p3_S84,102625
16,C_E3_A4_AE_AA_mBHI_mGAM_6_S243,0,2145227,G5-e003Coalescence-mGAM-p3_S84,102625
17,C_E11_E4_AE_AA_mBHI_mGAM_4_S251,0,2164170,G5-e003Coalescence-mGAM-p3_S84,102625
18,C_G3_C4_AE_AE_mBHI_mGAM_6_S267,0,1555228,G5-e003Coalescence-mGAM-p3_S84,102625
19,C_G11_G4_AE_AE_mBHI_mGAM_4_S275,0,2041192,G5-e003Coalescence-mGAM-p3_S84,102625
20,C_H11_H4_AE_AF_mBHI_mGAM_4_S287,0,1662792,G5-e003Coalescence-mGAM-p3_S84,102625
21,D_E3_A4_AE_AA_mBHI_mGAM_6_S339,0,2168722,G5-e003Coalescence-mGAM-p3_S84,102625
22,D_G1_C2_AA_AE_mBHI_mGAM_6_S361,0,2165921,G5-e003Coalescence-mGAM-p3_S84,102625
23,D_G3_C4_AE_AE_mBHI_mGAM_6_S363,0,2139279,G5-e003Coalescence-mGAM-p3_S84,102625
24,D_H3_D4_AE_AF_mBHI_mGAM_6_S375,0,1929446,G5-e003Coalescence-mGAM-p3_S84,102625
25,C4-e003Coalescence-mGAM-p7,26,1507607,G5-e003Coalescence-mGAM-p3_S84,102625
26,C3-e003Coalescence-mGAM-p3,33,2175580,G5-e003Coalescence-mGAM-p3_S84,102625
27,C2-e003Coalescence-mGAM-p7,35,2190353,G5-e003Coalescence-mGAM-p3_S84,102625
28,B4-e003Coalescence-mGAM-p5,32,2112758,G5-e003Coalescence-mGAM-p3_S84,102625
29,D4-e003Coalescence-mGAM-p5,18,1378041,G5-e003Coalescence-mGAM-p3_S84,102625
30,C2-e003Coalescence-mGAM-p3,20,1272026,G5-e003Coalescence-mGAM-p3_S84,102625
31,C4-e003Coalescence-mGAM-p5,17,1470780,G5-e003Coalescence-mGAM-p3_S84,102625
32,C4-e003Coalescence-mGAM-p3,35,2170545,G5-e003Coalescence-mGAM-p3_S84,102625
33,C5-e003Coalescence-mGAM-p3,25,1755780,G5-e003Coalescence-mGAM-p3_S84,102625
34,C3-e003Coalescence-mGAM-p5,32,2102070,G5-e003Coalescence-mGAM-p3_S84,102625
35,D4-e003Coalescence-mGAM-p3,26,1955064,G5-e003Coalescence-mGAM-p3_S84,102625
36,C3-e003Coalescence-mGAM-p7,35,2177723,G5-e003Coalescence-mGAM-p3_S84,102625
37,C2-e003Coalescence-mGAM-p5,31,2091417,G5-e003Coalescence-mGAM-p3_S84,102625
38,H4-e003Coalescence-mGAM-p7_S183,0,2127707,G5-e003Coalescence-mGAM-p3_S84,102625
39,G3-e003Coalescence-mBHI-p5_S26,0,1984187,G5-e003Coalescence-mGAM-p3_S84,102625
40,E4-e003Coalescence-mGAM-p5_S51,0,2046969,G5-e003Coalescence-mGAM-p3_S84,102625
41,G5-e003Coalescence-mGAM-p3_S84,0,1327011,G5-e003Coalescence-mGAM-p3_S84,102625
42,G3-e003Coalescence-mBHI-p7_S122,0,2051412,G5-e003Coalescence-mGAM-p3_S84,102625
43,G5-e003Coalescence-mGAM-p7_S172,0,2000174,G5-e003Coalescence-mGAM-p3_S84,102625
44,G4-e003Coalescence-mGAM-p5_S75,0,2083119,G5-e003Coalescence-mGAM-p3_S84,102625
45,G2-e003Coalescence-mGAM-p5_S73,0,2095666,G5-e003Coalescence-mGAM-p3_S84,102625
46,G4-e003Coalescence-mGAM-p3_S83,0,2123891,G5-e003Coalescence-mGAM-p3_S84,102625
47,F4-e003Coalescence-mGAM-p5_S63,0,2012196,G5-e003Coalescence-mGAM-p3_S84,102625
48,G4-e003Coalescence-mGAM-p7_S171,0,1341178,G5-e003Coalescence-mGAM-p3_S84,102625
49,G3-e003Coalescence-mGAM-p3_S82,0,2148001,G5-e003Coalescence-mGAM-p3_S84,102625
50,G3-e003Coalescence-mGAM-p5_S74,0,2126090,G5-e003Coalescence-mGAM-p3_S84,102625
51,E4-e003Coalescence-mGAM-p7_S147,0,2145639,G5-e003Coalescence-mGAM-p3_S84,102625
52,E4-e003Coalescence-mGAM-p3_S59,0,2087042,G5-e003Coalescence-mGAM-p3_S84,102625
53,F4-e003Coalescence-mGAM-p3_S71,0,2109664,G5-e003Coalescence-mGAM-p3_S84,102625
54,F4-e003Coalescence-mGAM-p7_S159,0,2100682,G5-e003Coalescence-mGAM-p3_S84,102625
55,G2-e003Coalescence-mGAM-p3_S81,0,2106083,G5-e003Coalescence-mGAM-p3_S84,102625
56,C4-e003Coalescence-mGAM-p1_S738,0,1463124,G5-e003Coalescence-mGAM-p3_S84,102625
57,D4-e003Coalescence-mGAM-p1_S739,0,1848658,G5-e003Coalescence-mGAM-p3_S84,102625
58,B4-e003Coalescence-mGAM-p1_S737,0,1405634,G5-e003Coalescence-mGAM-p3_S84,102625
59,Coalescence-E5-C4-AE-AE-mBHI-mBHI-3_S672,0,2109217,G5-e003Coalescence-mGAM-p3_S84,102625
60,Coalescence-C6-A4-AA-AE-mBHI-mGAM-5_S649,0,2160650,G5-e003Coalescence-mGAM-p3_S84,102625
61,Coalescence-D12-B4-ACPP-AE-mBHI-mGAM-3_S667,0,2160583,G5-e003Coalescence-mGAM-p3_S84,102625
62,Coalescence-D8-A4-AA-AE-mBHI-mGAM-3_S663,0,2106366,G5-e003Coalescence-mGAM-p3_S84,102625
63,Coalescence-B9-G3-ACPP-AE-mBHI-mGAM-7_S640,0,2145029,G5-e003Coalescence-mGAM-p3_S84,102625
64,Coalescence-E4-C3-ACPP-AE-mBHI-mBHI-3_S671,0,1231438,G5-e003Coalescence-mGAM-p3_S84,102625
65,D_F11_e003Assembly_S359,1,2166211,G5-e003Coalescence-mGAM-p3_S84,102625
66,C_C2_e003Assembly_S218,0,2063067,G5-e003Coalescence-mGAM-p3_S84,102625
67,C_C6_e003Assembly_S222,0,1156589,G5-e003Coalescence-mGAM-p3_S84,102625
68,C_G6_e003Assembly_S270,1,1957903,G5-e003Coalescence-mGAM-p3_S84,102625
0,A_C3_C4_AE_AE_mBHI_mBHI_2_S27,0,1830153,G3-e003Coalescence-mBHI-p7_S122,102625
1,A_C4_C5_AF_AE_mBHI_mBHI_2_S28,0,1831891,G3-e003Coalescence-mBHI-p7_S122,102625
2,A_C11_C4_AE_AE_mBHI_mBHI_4_S35,0,1830141,G3-e003Coalescence-mBHI-p7_S122,102625
3,A_D11_D4_AE_AF_mBHI_mBHI_4_S47,2,1191497,G3-e003Coalescence-mBHI-p7_S122,102625
4,A_E3_A4_AE_AA_mBHI_mGAM_2_S51,0,1044170,G3-e003Coalescence-mBHI-p7_S122,102625
5,A_E11_A4_AE_AA_mBHI_mGAM_4_S59,0,2146010,G3-e003Coalescence-mBHI-p7_S122,102625
6,A_G1_C2_AA_AE_mBHI_mGAM_2_S73,0,2142841,G3-e003Coalescence-mBHI-p7_S122,102625
7,A_G3_C4_AE_AE_mBHI_mGAM_2_S75,0,2091004,G3-e003Coalescence-mBHI-p7_S122,102625
8,A_G4_C5_AF_AE_mBHI_mGAM_2_S76,0,1677063,G3-e003Coalescence-mBHI-p7_S122,102625
9,A_G9_C2_AA_AE_mBHI_mGAM_4_S81,0,2159450,G3-e003Coalescence-mBHI-p7_S122,102625
10,A_G10_C3_ACPP_AE_mBHI_mGAM_4_S82,0,2100659,G3-e003Coalescence-mBHI-p7_S122,102625
11,A_H3_D4_AE_AF_mBHI_mGAM_2_S87,0,1928409,G3-e003Coalescence-mBHI-p7_S122,102625
12,B_E3_E4_AE_AA_mBHI_mGAM_2_S147,0,1045740,G3-e003Coalescence-mBHI-p7_S122,102625
13,B_G1_G2_AA_AE_mBHI_mGAM_2_S169,0,2159590,G3-e003Coalescence-mBHI-p7_S122,102625
14,B_H3_H4_AE_AF_mBHI_mGAM_2_S183,0,1457926,G3-e003Coalescence-mBHI-p7_S122,102625
15,C_C11_G4_AE_AE_mBHI_mBHI_4_S227,0,1523518,G3-e003Coalescence-mBHI-p7_S122,102625
16,C_E3_A4_AE_AA_mBHI_mGAM_6_S243,0,2145227,G3-e003Coalescence-mBHI-p7_S122,102625
17,C_E11_E4_AE_AA_mBHI_mGAM_4_S251,0,2164170,G3-e003Coalescence-mBHI-p7_S122,102625
18,C_G3_C4_AE_AE_mBHI_mGAM_6_S267,0,1555228,G3-e003Coalescence-mBHI-p7_S122,102625
19,C_G11_G4_AE_AE_mBHI_mGAM_4_S275,1,2041192,G3-e003Coalescence-mBHI-p7_S122,102625
20,C_H11_H4_AE_AF_mBHI_mGAM_4_S287,0,1662792,G3-e003Coalescence-mBHI-p7_S122,102625
21,D_E3_A4_AE_AA_mBHI_mGAM_6_S339,0,2168722,G3-e003Coalescence-mBHI-p7_S122,102625
22,D_G1_C2_AA_AE_mBHI_mGAM_6_S361,0,2165921,G3-e003Coalescence-mBHI-p7_S122,102625
23,D_G3_C4_AE_AE_mBHI_mGAM_6_S363,0,2139279,G3-e003Coalescence-mBHI-p7_S122,102625
24,D_H3_D4_AE_AF_mBHI_mGAM_6_S375,0,1929446,G3-e003Coalescence-mBHI-p7_S122,102625
25,C4-e003Coalescence-mGAM-p7,25,1507607,G3-e003Coalescence-mBHI-p7_S122,102625
26,C3-e003Coalescence-mGAM-p3,48,2175580,G3-e003Coalescence-mBHI-p7_S122,102625
27,C2-e003Coalescence-mGAM-p7,49,2190353,G3-e003Coalescence-mBHI-p7_S122,102625
28,B4-e003Coalescence-mGAM-p5,44,2112758,G3-e003Coalescence-mBHI-p7_S122,102625
29,D4-e003Coalescence-mGAM-p5,26,1378041,G3-e003Coalescence-mBHI-p7_S122,102625
30,C2-e003Coalescence-mGAM-p3,31,1272026,G3-e003Coalescence-mBHI-p7_S122,102625
31,C4-e003Coalescence-mGAM-p5,30,1470780,G3-e003Coalescence-mBHI-p7_S122,102625
32,C4-e003Coalescence-mGAM-p3,49,2170545,G3-e003Coalescence-mBHI-p7_S122,102625
33,C5-e003Coalescence-mGAM-p3,32,1755780,G3-e003Coalescence-mBHI-p7_S122,102625
34,C3-e003Coalescence-mGAM-p5,46,2102070,G3-e003Coalescence-mBHI-p7_S122,102625
35,D4-e003Coalescence-mGAM-p3,41,1955064,G3-e003Coalescence-mBHI-p7_S122,102625
36,C3-e003Coalescence-mGAM-p7,50,2177723,G3-e003Coalescence-mBHI-p7_S122,102625
37,C2-e003Coalescence-mGAM-p5,42,2091417,G3-e003Coalescence-mBHI-p7_S122,102625
38,H4-e003Coalescence-mGAM-p7_S183,0,2127707,G3-e003Coalescence-mBHI-p7_S122,102625
39,G3-e003Coalescence-mBHI-p5_S26,0,1984187,G3-e003Coalescence-mBHI-p7_S122,102625
40,E4-e003Coalescence-mGAM-p5_S51,1,2046969,G3-e003Coalescence-mBHI-p7_S122,102625
41,G5-e003Coalescence-mGAM-p3_S84,0,1327011,G3-e003Coalescence-mBHI-p7_S122,102625
42,G3-e003Coalescence-mBHI-p7_S122,0,2051412,G3-e003Coalescence-mBHI-p7_S122,102625
43,G5-e003Coalescence-mGAM-p7_S172,0,2000174,G3-e003Coalescence-mBHI-p7_S122,102625
44,G4-e003Coalescence-mGAM-p5_S75,0,2083119,G3-e003Coalescence-mBHI-p7_S122,102625
45,G2-e003Coalescence-mGAM-p5_S73,0,2095666,G3-e003Coalescence-mBHI-p7_S122,102625
46,G4-e003Coalescence-mGAM-p3_S83,0,2123891,G3-e003Coalescence-mBHI-p7_S122,102625
47,F4-e003Coalescence-mGAM-p5_S63,0,2012196,G3-e003Coalescence-mBHI-p7_S122,102625
48,G4-e003Coalescence-mGAM-p7_S171,0,1341178,G3-e003Coalescence-mBHI-p7_S122,102625
49,G3-e003Coalescence-mGAM-p3_S82,0,2148001,G3-e003Coalescence-mBHI-p7_S122,102625
50,G3-e003Coalescence-mGAM-p5_S74,0,2126090,G3-e003Coalescence-mBHI-p7_S122,102625
51,E4-e003Coalescence-mGAM-p7_S147,0,2145639,G3-e003Coalescence-mBHI-p7_S122,102625
52,E4-e003Coalescence-mGAM-p3_S59,0,2087042,G3-e003Coalescence-mBHI-p7_S122,102625
53,F4-e003Coalescence-mGAM-p3_S71,0,2109664,G3-e003Coalescence-mBHI-p7_S122,102625
54,F4-e003Coalescence-mGAM-p7_S159,1,2100682,G3-e003Coalescence-mBHI-p7_S122,102625
55,G2-e003Coalescence-mGAM-p3_S81,0,2106083,G3-e003Coalescence-mBHI-p7_S122,102625
56,C4-e003Coalescence-mGAM-p1_S738,0,1463124,G3-e003Coalescence-mBHI-p7_S122,102625
57,D4-e003Coalescence-mGAM-p1_S739,0,1848658,G3-e003Coalescence-mBHI-p7_S122,102625
58,B4-e003Coalescence-mGAM-p1_S737,1,1405634,G3-e003Coalescence-mBHI-p7_S122,102625
59,Coalescence-E5-C4-AE-AE-mBHI-mBHI-3_S672,0,2109217,G3-e003Coalescence-mBHI-p7_S122,102625
60,Coalescence-C6-A4-AA-AE-mBHI-mGAM-5_S649,0,2160650,G3-e003Coalescence-mBHI-p7_S122,102625
61,Coalescence-D12-B4-ACPP-AE-mBHI-mGAM-3_S667,0,2160583,G3-e003Coalescence-mBHI-p7_S122,102625
62,Coalescence-D8-A4-AA-AE-mBHI-mGAM-3_S663,0,2106366,G3-e003Coalescence-mBHI-p7_S122,102625
63,Coalescence-B9-G3-ACPP-AE-mBHI-mGAM-7_S640,0,2145029,G3-e003Coalescence-mBHI-p7_S122,102625
64,Coalescence-E4-C3-ACPP-AE-mBHI-mBHI-3_S671,0,1231438,G3-e003Coalescence-mBHI-p7_S122,102625
65,D_F11_e003Assembly_S359,1,2166211,G3-e003Coalescence-mBHI-p7_S122,102625
66,C_C2_e003Assembly_S218,0,2063067,G3-e003Coalescence-mBHI-p7_S122,102625
67,C_C6_e003Assembly_S222,0,1156589,G3-e003Coalescence-mBHI-p7_S122,102625
68,C_G6_e003Assembly_S270,1,1957903,G3-e003Coalescence-mBHI-p7_S122,102625
0,A_C3_C4_AE_AE_mBHI_mBHI_2_S27,0,1830153,G5-e003Coalescence-mGAM-p7_S172,102625
1,A_C4_C5_AF_AE_mBHI_mBHI_2_S28,0,1831891,G5-e003Coalescence-mGAM-p7_S172,102625
2,A_C11_C4_AE_AE_mBHI_mBHI_4_S35,0,1830141,G5-e003Coalescence-mGAM-p7_S172,102625
3,A_D11_D4_AE_AF_mBHI_mBHI_4_S47,2,1191497,G5-e003Coalescence-mGAM-p7_S172,102625
4,A_E3_A4_AE_AA_mBHI_mGAM_2_S51,0,1044170,G5-e003Coalescence-mGAM-p7_S172,102625
5,A_E11_A4_AE_AA_mBHI_mGAM_4_S59,0,2146010,G5-e003Coalescence-mGAM-p7_S172,102625
6,A_G1_C2_AA_AE_mBHI_mGAM_2_S73,0,2142841,G5-e003Coalescence-mGAM-p7_S172,102625
7,A_G3_C4_AE_AE_mBHI_mGAM_2_S75,0,2091004,G5-e003Coalescence-mGAM-p7_S172,102625
8,A_G4_C5_AF_AE_mBHI_mGAM_2_S76,0,1677063,G5-e003Coalescence-mGAM-p7_S172,102625
9,A_G9_C2_AA_AE_mBHI_mGAM_4_S81,0,2159450,G5-e003Coalescence-mGAM-p7_S172,102625
10,A_G10_C3_ACPP_AE_mBHI_mGAM_4_S82,0,2100659,G5-e003Coalescence-mGAM-p7_S172,102625
11,A_H3_D4_AE_AF_mBHI_mGAM_2_S87,0,1928409,G5-e003Coalescence-mGAM-p7_S172,102625
12,B_E3_E4_AE_AA_mBHI_mGAM_2_S147,0,1045740,G5-e003Coalescence-mGAM-p7_S172,102625
13,B_G1_G2_AA_AE_mBHI_mGAM_2_S169,0,2159590,G5-e003Coalescence-mGAM-p7_S172,102625
14,B_H3_H4_AE_AF_mBHI_mGAM_2_S183,0,1457926,G5-e003Coalescence-mGAM-p7_S172,102625
15,C_C11_G4_AE_AE_mBHI_mBHI_4_S227,0,1523518,G5-e003Coalescence-mGAM-p7_S172,102625
16,C_E3_A4_AE_AA_mBHI_mGAM_6_S243,0,2145227,G5-e003Coalescence-mGAM-p7_S172,102625
17,C_E11_E4_AE_AA_mBHI_mGAM_4_S251,0,2164170,G5-e003Coalescence-mGAM-p7_S172,102625
18,C_G3_C4_AE_AE_mBHI_mGAM_6_S267,0,1555228,G5-e003Coalescence-mGAM-p7_S172,102625
19,C_G11_G4_AE_AE_mBHI_mGAM_4_S275,0,2041192,G5-e003Coalescence-mGAM-p7_S172,102625
20,C_H11_H4_AE_AF_mBHI_mGAM_4_S287,0,1662792,G5-e003Coalescence-mGAM-p7_S172,102625
21,D_E3_A4_AE_AA_mBHI_mGAM_6_S339,0,2168722,G5-e003Coalescence-mGAM-p7_S172,102625
22,D_G1_C2_AA_AE_mBHI_mGAM_6_S361,0,2165921,G5-e003Coalescence-mGAM-p7_S172,102625
23,D_G3_C4_AE_AE_mBHI_mGAM_6_S363,0,2139279,G5-e003Coalescence-mGAM-p7_S172,102625
24,D_H3_D4_AE_AF_mBHI_mGAM_6_S375,0,1929446,G5-e003Coalescence-mGAM-p7_S172,102625
25,C4-e003Coalescence-mGAM-p7,25,1507607,G5-e003Coalescence-mGAM-p7_S172,102625
26,C3-e003Coalescence-mGAM-p3,38,2175580,G5-e003Coalescence-mGAM-p7_S172,102625
27,C2-e003Coalescence-mGAM-p7,39,2190353,G5-e003Coalescence-mGAM-p7_S172,102625
28,B4-e003Coalescence-mGAM-p5,42,2112758,G5-e003Coalescence-mGAM-p7_S172,102625
29,D4-e003Coalescence-mGAM-p5,25,1378041,G5-e003Coalescence-mGAM-p7_S172,102625
30,C2-e003Coalescence-mGAM-p3,28,1272026,G5-e003Coalescence-mGAM-p7_S172,102625
31,C4-e003Coalescence-mGAM-p5,27,1470780,G5-e003Coalescence-mGAM-p7_S172,102625
32,C4-e003Coalescence-mGAM-p3,42,2170545,G5-e003Coalescence-mGAM-p7_S172,102625
33,C5-e003Coalescence-mGAM-p3,20,1755780,G5-e003Coalescence-mGAM-p7_S172,102625
34,C3-e003Coalescence-mGAM-p5,38,2102070,G5-e003Coalescence-mGAM-p7_S172,102625
35,D4-e003Coalescence-mGAM-p3,30,1955064,G5-e003Coalescence-mGAM-p7_S172,102625
36,C3-e003Coalescence-mGAM-p7,41,2177723,G5-e003Coalescence-mGAM-p7_S172,102625
37,C2-e003Coalescence-mGAM-p5,37,2091417,G5-e003Coalescence-mGAM-p7_S172,102625
38,H4-e003Coalescence-mGAM-p7_S183,0,2127707,G5-e003Coalescence-mGAM-p7_S172,102625
39,G3-e003Coalescence-mBHI-p5_S26,0,1984187,G5-e003Coalescence-mGAM-p7_S172,102625
40,E4-e003Coalescence-mGAM-p5_S51,0,2046969,G5-e003Coalescence-mGAM-p7_S172,102625
41,G5-e003Coalescence-mGAM-p3_S84,0,1327011,G5-e003Coalescence-mGAM-p7_S172,102625
42,G3-e003Coalescence-mBHI-p7_S122,0,2051412,G5-e003Coalescence-mGAM-p7_S172,102625
43,G5-e003Coalescence-mGAM-p7_S172,0,2000174,G5-e003Coalescence-mGAM-p7_S172,102625
44,G4-e003Coalescence-mGAM-p5_S75,0,2083119,G5-e003Coalescence-mGAM-p7_S172,102625
45,G2-e003Coalescence-mGAM-p5_S73,0,2095666,G5-e003Coalescence-mGAM-p7_S172,102625
46,G4-e003Coalescence-mGAM-p3_S83,0,2123891,G5-e003Coalescence-mGAM-p7_S172,102625
47,F4-e003Coalescence-mGAM-p5_S63,0,2012196,G5-e003Coalescence-mGAM-p7_S172,102625
48,G4-e003Coalescence-mGAM-p7_S171,0,1341178,G5-e003Coalescence-mGAM-p7_S172,102625
49,G3-e003Coalescence-mGAM-p3_S82,0,2148001,G5-e003Coalescence-mGAM-p7_S172,102625
50,G3-e003Coalescence-mGAM-p5_S74,0,2126090,G5-e003Coalescence-mGAM-p7_S172,102625
51,E4-e003Coalescence-mGAM-p7_S147,0,2145639,G5-e003Coalescence-mGAM-p7_S172,102625
52,E4-e003Coalescence-mGAM-p3_S59,0,2087042,G5-e003Coalescence-mGAM-p7_S172,102625
53,F4-e003Coalescence-mGAM-p3_S71,0,2109664,G5-e003Coalescence-mGAM-p7_S172,102625
54,F4-e003Coalescence-mGAM-p7_S159,0,2100682,G5-e003Coalescence-mGAM-p7_S172,102625
55,G2-e003Coalescence-mGAM-p3_S81,0,2106083,G5-e003Coalescence-mGAM-p7_S172,102625
56,C4-e003Coalescence-mGAM-p1_S738,0,1463124,G5-e003Coalescence-mGAM-p7_S172,102625
57,D4-e003Coalescence-mGAM-p1_S739,2,1848658,G5-e003Coalescence-mGAM-p7_S172,102625
58,B4-e003Coalescence-mGAM-p1_S737,0,1405634,G5-e003Coalescence-mGAM-p7_S172,102625
59,Coalescence-E5-C4-AE-AE-mBHI-mBHI-3_S672,0,2109217,G5-e003Coalescence-mGAM-p7_S172,102625
60,Coalescence-C6-A4-AA-AE-mBHI-mGAM-5_S649,0,2160650,G5-e003Coalescence-mGAM-p7_S172,102625
61,Coalescence-D12-B4-ACPP-AE-mBHI-mGAM-3_S667,0,2160583,G5-e003Coalescence-mGAM-p7_S172,102625
62,Coalescence-D8-A4-AA-AE-mBHI-mGAM-3_S663,0,2106366,G5-e003Coalescence-mGAM-p7_S172,102625
63,Coalescence-B9-G3-ACPP-AE-mBHI-mGAM-7_S640,0,2145029,G5-e003Coalescence-mGAM-p7_S172,102625
64,Coalescence-E4-C3-ACPP-AE-mBHI-mBHI-3_S671,0,1231438,G5-e003Coalescence-mGAM-p7_S172,102625
65,D_F11_e003Assembly_S359,1,2166211,G5-e003Coalescence-mGAM-p7_S172,102625
66,C_C2_e003Assembly_S218,0,2063067,G5-e003Coalescence-mGAM-p7_S172,102625
67,C_C6_e003Assembly_S222,0,1156589,G5-e003Coalescence-mGAM-p7_S172,102625
68,C_G6_e003Assembly_S270,1,1957903,G5-e003Coalescence-mGAM-p7_S172,102625
0,A_C3_C4_AE_AE_mBHI_mBHI_2_S27,0,1830153,G4-e003Coalescence-mGAM-p5_S75,102625
1,A_C4_C5_AF_AE_mBHI_mBHI_2_S28,0,1831891,G4-e003Coalescence-mGAM-p5_S75,102625
2,A_C11_C4_AE_AE_mBHI_mBHI_4_S35,0,1830141,G4-e003Coalescence-mGAM-p5_S75,102625
3,A_D11_D4_AE_AF_mBHI_mBHI_4_S47,0,1191497,G4-e003Coalescence-mGAM-p5_S75,102625
4,A_E3_A4_AE_AA_mBHI_mGAM_2_S51,0,1044170,G4-e003Coalescence-mGAM-p5_S75,102625
5,A_E11_A4_AE_AA_mBHI_mGAM_4_S59,0,2146010,G4-e003Coalescence-mGAM-p5_S75,102625
6,A_G1_C2_AA_AE_mBHI_mGAM_2_S73,0,2142841,G4-e003Coalescence-mGAM-p5_S75,102625
7,A_G3_C4_AE_AE_mBHI_mGAM_2_S75,0,2091004,G4-e003Coalescence-mGAM-p5_S75,102625
8,A_G4_C5_AF_AE_mBHI_mGAM_2_S76,0,1677063,G4-e003Coalescence-mGAM-p5_S75,102625
9,A_G9_C2_AA_AE_mBHI_mGAM_4_S81,0,2159450,G4-e003Coalescence-mGAM-p5_S75,102625
10,A_G10_C3_ACPP_AE_mBHI_mGAM_4_S82,0,2100659,G4-e003Coalescence-mGAM-p5_S75,102625
11,A_H3_D4_AE_AF_mBHI_mGAM_2_S87,0,1928409,G4-e003Coalescence-mGAM-p5_S75,102625
12,B_E3_E4_AE_AA_mBHI_mGAM_2_S147,0,1045740,G4-e003Coalescence-mGAM-p5_S75,102625
13,B_G1_G2_AA_AE_mBHI_mGAM_2_S169,0,2159590,G4-e003Coalescence-mGAM-p5_S75,102625
14,B_H3_H4_AE_AF_mBHI_mGAM_2_S183,0,1457926,G4-e003Coalescence-mGAM-p5_S75,102625
15,C_C11_G4_AE_AE_mBHI_mBHI_4_S227,0,1523518,G4-e003Coalescence-mGAM-p5_S75,102625
16,C_E3_A4_AE_AA_mBHI_mGAM_6_S243,0,2145227,G4-e003Coalescence-mGAM-p5_S75,102625
17,C_E11_E4_AE_AA_mBHI_mGAM_4_S251,0,2164170,G4-e003Coalescence-mGAM-p5_S75,102625
18,C_G3_C4_AE_AE_mBHI_mGAM_6_S267,0,1555228,G4-e003Coalescence-mGAM-p5_S75,102625
19,C_G11_G4_AE_AE_mBHI_mGAM_4_S275,0,2041192,G4-e003Coalescence-mGAM-p5_S75,102625
20,C_H11_H4_AE_AF_mBHI_mGAM_4_S287,0,1662792,G4-e003Coalescence-mGAM-p5_S75,102625
21,D_E3_A4_AE_AA_mBHI_mGAM_6_S339,0,2168722,G4-e003Coalescence-mGAM-p5_S75,102625
22,D_G1_C2_AA_AE_mBHI_mGAM_6_S361,0,2165921,G4-e003Coalescence-mGAM-p5_S75,102625
23,D_G3_C4_AE_AE_mBHI_mGAM_6_S363,0,2139279,G4-e003Coalescence-mGAM-p5_S75,102625
24,D_H3_D4_AE_AF_mBHI_mGAM_6_S375,0,1929446,G4-e003Coalescence-mGAM-p5_S75,102625
25,C4-e003Coalescence-mGAM-p7,38,1507607,G4-e003Coalescence-mGAM-p5_S75,102625
26,C3-e003Coalescence-mGAM-p3,64,2175580,G4-e003Coalescence-mGAM-p5_S75,102625
27,C2-e003Coalescence-mGAM-p7,63,2190353,G4-e003Coalescence-mGAM-p5_S75,102625
28,B4-e003Coalescence-mGAM-p5,61,2112758,G4-e003Coalescence-mGAM-p5_S75,102625
29,D4-e003Coalescence-mGAM-p5,36,1378041,G4-e003Coalescence-mGAM-p5_S75,102625
30,C2-e003Coalescence-mGAM-p3,35,1272026,G4-e003Coalescence-mGAM-p5_S75,102625
31,C4-e003Coalescence-mGAM-p5,39,1470780,G4-e003Coalescence-mGAM-p5_S75,102625
32,C4-e003Coalescence-mGAM-p3,63,2170545,G4-e003Coalescence-mGAM-p5_S75,102625
33,C5-e003Coalescence-mGAM-p3,37,1755780,G4-e003Coalescence-mGAM-p5_S75,102625
34,C3-e003Coalescence-mGAM-p5,57,2102070,G4-e003Coalescence-mGAM-p5_S75,102625
35,D4-e003Coalescence-mGAM-p3,48,1955064,G4-e003Coalescence-mGAM-p5_S75,102625
36,C3-e003Coalescence-mGAM-p7,62,2177723,G4-e003Coalescence-mGAM-p5_S75,102625
37,C2-e003Coalescence-mGAM-p5,59,2091417,G4-e003Coalescence-mGAM-p5_S75,102625
38,H4-e003Coalescence-mGAM-p7_S183,0,2127707,G4-e003Coalescence-mGAM-p5_S75,102625
39,G3-e003Coalescence-mBHI-p5_S26,1,1984187,G4-e003Coalescence-mGAM-p5_S75,102625
40,E4-e003Coalescence-mGAM-p5_S51,0,2046969,G4-e003Coalescence-mGAM-p5_S75,102625
41,G5-e003Coalescence-mGAM-p3_S84,0,1327011,G4-e003Coalescence-mGAM-p5_S75,102625
42,G3-e003Coalescence-mBHI-p7_S122,0,2051412,G4-e003Coalescence-mGAM-p5_S75,102625
43,G5-e003Coalescence-mGAM-p7_S172,0,2000174,G4-e003Coalescence-mGAM-p5_S75,102625
44,G4-e003Coalescence-mGAM-p5_S75,0,2083119,G4-e003Coalescence-mGAM-p5_S75,102625
45,G2-e003Coalescence-mGAM-p5_S73,0,2095666,G4-e003Coalescence-mGAM-p5_S75,102625
46,G4-e003Coalescence-mGAM-p3_S83,0,2123891,G4-e003Coalescence-mGAM-p5_S75,102625
47,F4-e003Coalescence-mGAM-p5_S63,1,2012196,G4-e003Coalescence-mGAM-p5_S75,102625
48,G4-e003Coalescence-mGAM-p7_S171,0,1341178,G4-e003Coalescence-mGAM-p5_S75,102625
49,G3-e003Coalescence-mGAM-p3_S82,0,2148001,G4-e003Coalescence-mGAM-p5_S75,102625
50,G3-e003Coalescence-mGAM-p5_S74,0,2126090,G4-e003Coalescence-mGAM-p5_S75,102625
51,E4-e003Coalescence-mGAM-p7_S147,0,2145639,G4-e003Coalescence-mGAM-p5_S75,102625
52,E4-e003Coalescence-mGAM-p3_S59,0,2087042,G4-e003Coalescence-mGAM-p5_S75,102625
53,F4-e003Coalescence-mGAM-p3_S71,0,2109664,G4-e003Coalescence-mGAM-p5_S75,102625
54,F4-e003Coalescence-mGAM-p7_S159,0,2100682,G4-e003Coalescence-mGAM-p5_S75,102625
55,G2-e003Coalescence-mGAM-p3_S81,0,2106083,G4-e003Coalescence-mGAM-p5_S75,102625
56,C4-e003Coalescence-mGAM-p1_S738,0,1463124,G4-e003Coalescence-mGAM-p5_S75,102625
57,D4-e003Coalescence-mGAM-p1_S739,0,1848658,G4-e003Coalescence-mGAM-p5_S75,102625
58,B4-e003Coalescence-mGAM-p1_S737,0,1405634,G4-e003Coalescence-mGAM-p5_S75,102625
59,Coalescence-E5-C4-AE-AE-mBHI-mBHI-3_S672,0,2109217,G4-e003Coalescence-mGAM-p5_S75,102625
60,Coalescence-C6-A4-AA-AE-mBHI-mGAM-5_S649,0,2160650,G4-e003Coalescence-mGAM-p5_S75,102625
61,Coalescence-D12-B4-ACPP-AE-mBHI-mGAM-3_S667,0,2160583,G4-e003Coalescence-mGAM-p5_S75,102625
62,Coalescence-D8-A4-AA-AE-mBHI-mGAM-3_S663,0,2106366,G4-e003Coalescence-mGAM-p5_S75,102625
63,Coalescence-B9-G3-ACPP-AE-mBHI-mGAM-7_S640,0,2145029,G4-e003Coalescence-mGAM-p5_S75,102625
64,Coalescence-E4-C3-ACPP-AE-mBHI-mBHI-3_S671,0,1231438,G4-e003Coalescence-mGAM-p5_S75,102625
65,D_F11_e003Assembly_S359,1,2166211,G4-e003Coalescence-mGAM-p5_S75,102625
66,C_C2_e003Assembly_S218,0,2063067,G4-e003Coalescence-mGAM-p5_S75,102625
67,C_C6_e003Assembly_S222,0,1156589,G4-e003Coalescence-mGAM-p5_S75,102625
68,C_G6_e003Assembly_S270,1,1957903,G4-e003Coalescence-mGAM-p5_S75,102625
0,A_C3_C4_AE_AE_mBHI_mBHI_2_S27,0,1830153,G2-e003Coalescence-mGAM-p5_S73,102625
1,A_C4_C5_AF_AE_mBHI_mBHI_2_S28,0,1831891,G2-e003Coalescence-mGAM-p5_S73,102625
2,A_C11_C4_AE_AE_mBHI_mBHI_4_S35,0,1830141,G2-e003Coalescence-mGAM-p5_S73,102625
3,A_D11_D4_AE_AF_mBHI_mBHI_4_S47,0,1191497,G2-e003Coalescence-mGAM-p5_S73,102625
4,A_E3_A4_AE_AA_mBHI_mGAM_2_S51,0,1044170,G2-e003Coalescence-mGAM-p5_S73,102625
5,A_E11_A4_AE_AA_mBHI_mGAM_4_S59,0,2146010,G2-e003Coalescence-mGAM-p5_S73,102625
6,A_G1_C2_AA_AE_mBHI_mGAM_2_S73,0,2142841,G2-e003Coalescence-mGAM-p5_S73,102625
7,A_G3_C4_AE_AE_mBHI_mGAM_2_S75,0,2091004,G2-e003Coalescence-mGAM-p5_S73,102625
8,A_G4_C5_AF_AE_mBHI_mGAM_2_S76,0,1677063,G2-e003Coalescence-mGAM-p5_S73,102625
9,A_G9_C2_AA_AE_mBHI_mGAM_4_S81,0,2159450,G2-e003Coalescence-mGAM-p5_S73,102625
10,A_G10_C3_ACPP_AE_mBHI_mGAM_4_S82,1,2100659,G2-e003Coalescence-mGAM-p5_S73,102625
11,A_H3_D4_AE_AF_mBHI_mGAM_2_S87,0,1928409,G2-e003Coalescence-mGAM-p5_S73,102625
12,B_E3_E4_AE_AA_mBHI_mGAM_2_S147,0,1045740,G2-e003Coalescence-mGAM-p5_S73,102625
13,B_G1_G2_AA_AE_mBHI_mGAM_2_S169,0,2159590,G2-e003Coalescence-mGAM-p5_S73,102625
14,B_H3_H4_AE_AF_mBHI_mGAM_2_S183,0,1457926,G2-e003Coalescence-mGAM-p5_S73,102625
15,C_C11_G4_AE_AE_mBHI_mBHI_4_S227,0,1523518,G2-e003Coalescence-mGAM-p5_S73,102625
16,C_E3_A4_AE_AA_mBHI_mGAM_6_S243,0,2145227,G2-e003Coalescence-mGAM-p5_S73,102625
17,C_E11_E4_AE_AA_mBHI_mGAM_4_S251,0,2164170,G2-e003Coalescence-mGAM-p5_S73,102625
18,C_G3_C4_AE_AE_mBHI_mGAM_6_S267,0,1555228,G2-e003Coalescence-mGAM-p5_S73,102625
19,C_G11_G4_AE_AE_mBHI_mGAM_4_S275,0,2041192,G2-e003Coalescence-mGAM-p5_S73,102625
20,C_H11_H4_AE_AF_mBHI_mGAM_4_S287,0,1662792,G2-e003Coalescence-mGAM-p5_S73,102625
21,D_E3_A4_AE_AA_mBHI_mGAM_6_S339,1,2168722,G2-e003Coalescence-mGAM-p5_S73,102625
22,D_G1_C2_AA_AE_mBHI_mGAM_6_S361,0,2165921,G2-e003Coalescence-mGAM-p5_S73,102625
23,D_G3_C4_AE_AE_mBHI_mGAM_6_S363,0,2139279,G2-e003Coalescence-mGAM-p5_S73,102625
24,D_H3_D4_AE_AF_mBHI_mGAM_6_S375,0,1929446,G2-e003Coalescence-mGAM-p5_S73,102625
25,C4-e003Coalescence-mGAM-p7,37,1507607,G2-e003Coalescence-mGAM-p5_S73,102625
26,C3-e003Coalescence-mGAM-p3,55,2175580,G2-e003Coalescence-mGAM-p5_S73,102625
27,C2-e003Coalescence-mGAM-p7,57,2190353,G2-e003Coalescence-mGAM-p5_S73,102625
28,B4-e003Coalescence-mGAM-p5,57,2112758,G2-e003Coalescence-mGAM-p5_S73,102625
29,D4-e003Coalescence-mGAM-p5,33,1378041,G2-e003Coalescence-mGAM-p5_S73,102625
30,C2-e003Coalescence-mGAM-p3,37,1272026,G2-e003Coalescence-mGAM-p5_S73,102625
31,C4-e003Coalescence-mGAM-p5,37,1470780,G2-e003Coalescence-mGAM-p5_S73,102625
32,C4-e003Coalescence-mGAM-p3,57,2170545,G2-e003Coalescence-mGAM-p5_S73,102625
33,C5-e003Coalescence-mGAM-p3,35,1755780,G2-e003Coalescence-mGAM-p5_S73,102625
34,C3-e003Coalescence-mGAM-p5,56,2102070,G2-e003Coalescence-mGAM-p5_S73,102625
35,D4-e003Coalescence-mGAM-p3,46,1955064,G2-e003Coalescence-mGAM-p5_S73,102625
36,C3-e003Coalescence-mGAM-p7,58,2177723,G2-e003Coalescence-mGAM-p5_S73,102625
37,C2-e003Coalescence-mGAM-p5,52,2091417,G2-e003Coalescence-mGAM-p5_S73,102625
38,H4-e003Coalescence-mGAM-p7_S183,0,2127707,G2-e003Coalescence-mGAM-p5_S73,102625
39,G3-e003Coalescence-mBHI-p5_S26,1,1984187,G2-e003Coalescence-mGAM-p5_S73,102625
40,E4-e003Coalescence-mGAM-p5_S51,1,2046969,G2-e003Coalescence-mGAM-p5_S73,102625
41,G5-e003Coalescence-mGAM-p3_S84,0,1327011,G2-e003Coalescence-mGAM-p5_S73,102625
42,G3-e003Coalescence-mBHI-p7_S122,0,2051412,G2-e003Coalescence-mGAM-p5_S73,102625
43,G5-e003Coalescence-mGAM-p7_S172,0,2000174,G2-e003Coalescence-mGAM-p5_S73,102625
44,G4-e003Coalescence-mGAM-p5_S75,0,2083119,G2-e003Coalescence-mGAM-p5_S73,102625
45,G2-e003Coalescence-mGAM-p5_S73,0,2095666,G2-e003Coalescence-mGAM-p5_S73,102625
46,G4-e003Coalescence-mGAM-p3_S83,1,2123891,G2-e003Coalescence-mGAM-p5_S73,102625
47,F4-e003Coalescence-mGAM-p5_S63,0,2012196,G2-e003Coalescence-mGAM-p5_S73,102625
48,G4-e003Coalescence-mGAM-p7_S171,0,1341178,G2-e003Coalescence-mGAM-p5_S73,102625
49,G3-e003Coalescence-mGAM-p3_S82,0,2148001,G2-e003Coalescence-mGAM-p5_S73,102625
50,G3-e003Coalescence-mGAM-p5_S74,0,2126090,G2-e003Coalescence-mGAM-p5_S73,102625
51,E4-e003Coalescence-mGAM-p7_S147,0,2145639,G2-e003Coalescence-mGAM-p5_S73,102625
52,E4-e003Coalescence-mGAM-p3_S59,0,2087042,G2-e003Coalescence-mGAM-p5_S73,102625
53,F4-e003Coalescence-mGAM-p3_S71,0,2109664,G2-e003Coalescence-mGAM-p5_S73,102625
54,F4-e003Coalescence-mGAM-p7_S159,0,2100682,G2-e003Coalescence-mGAM-p5_S73,102625
55,G2-e003Coalescence-mGAM-p3_S81,0,2106083,G2-e003Coalescence-mGAM-p5_S73,102625
56,C4-e003Coalescence-mGAM-p1_S738,0,1463124,G2-e003Coalescence-mGAM-p5_S73,102625
57,D4-e003Coalescence-mGAM-p1_S739,0,1848658,G2-e003Coalescence-mGAM-p5_S73,102625
58,B4-e003Coalescence-mGAM-p1_S737,0,1405634,G2-e003Coalescence-mGAM-p5_S73,102625
59,Coalescence-E5-C4-AE-AE-mBHI-mBHI-3_S672,0,2109217,G2-e003Coalescence-mGAM-p5_S73,102625
60,Coalescence-C6-A4-AA-AE-mBHI-mGAM-5_S649,0,2160650,G2-e003Coalescence-mGAM-p5_S73,102625
61,Coalescence-D12-B4-ACPP-AE-mBHI-mGAM-3_S667,0,2160583,G2-e003Coalescence-mGAM-p5_S73,102625
62,Coalescence-D8-A4-AA-AE-mBHI-mGAM-3_S663,1,2106366,G2-e003Coalescence-mGAM-p5_S73,102625
63,Coalescence-B9-G3-ACPP-AE-mBHI-mGAM-7_S640,0,2145029,G2-e003Coalescence-mGAM-p5_S73,102625
64,Coalescence-E4-C3-ACPP-AE-mBHI-mBHI-3_S671,0,1231438,G2-e003Coalescence-mGAM-p5_S73,102625
65,D_F11_e003Assembly_S359,2,2166211,G2-e003Coalescence-mGAM-p5_S73,102625
66,C_C2_e003Assembly_S218,0,2063067,G2-e003Coalescence-mGAM-p5_S73,102625
67,C_C6_e003Assembly_S222,2,1156589,G2-e003Coalescence-mGAM-p5_S73,102625
68,C_G6_e003Assembly_S270,1,1957903,G2-e003Coalescence-mGAM-p5_S73,102625
0,A_C3_C4_AE_AE_mBHI_mBHI_2_S27,0,1830153,G4-e003Coalescence-mGAM-p3_S83,102625
1,A_C4_C5_AF_AE_mBHI_mBHI_2_S28,0,1831891,G4-e003Coalescence-mGAM-p3_S83,102625
2,A_C11_C4_AE_AE_mBHI_mBHI_4_S35,0,1830141,G4-e003Coalescence-mGAM-p3_S83,102625
3,A_D11_D4_AE_AF_mBHI_mBHI_4_S47,0,1191497,G4-e003Coalescence-mGAM-p3_S83,102625
4,A_E3_A4_AE_AA_mBHI_mGAM_2_S51,0,1044170,G4-e003Coalescence-mGAM-p3_S83,102625
5,A_E11_A4_AE_AA_mBHI_mGAM_4_S59,0,2146010,G4-e003Coalescence-mGAM-p3_S83,102625
6,A_G1_C2_AA_AE_mBHI_mGAM_2_S73,0,2142841,G4-e003Coalescence-mGAM-p3_S83,102625
7,A_G3_C4_AE_AE_mBHI_mGAM_2_S75,0,2091004,G4-e003Coalescence-mGAM-p3_S83,102625
8,A_G4_C5_AF_AE_mBHI_mGAM_2_S76,0,1677063,G4-e003Coalescence-mGAM-p3_S83,102625
9,A_G9_C2_AA_AE_mBHI_mGAM_4_S81,0,2159450,G4-e003Coalescence-mGAM-p3_S83,102625
10,A_G10_C3_ACPP_AE_mBHI_mGAM_4_S82,0,2100659,G4-e003Coalescence-mGAM-p3_S83,102625
11,A_H3_D4_AE_AF_mBHI_mGAM_2_S87,0,1928409,G4-e003Coalescence-mGAM-p3_S83,102625
12,B_E3_E4_AE_AA_mBHI_mGAM_2_S147,0,1045740,G4-e003Coalescence-mGAM-p3_S83,102625
13,B_G1_G2_AA_AE_mBHI_mGAM_2_S169,0,2159590,G4-e003Coalescence-mGAM-p3_S83,102625
14,B_H3_H4_AE_AF_mBHI_mGAM_2_S183,0,1457926,G4-e003Coalescence-mGAM-p3_S83,102625
15,C_C11_G4_AE_AE_mBHI_mBHI_4_S227,0,1523518,G4-e003Coalescence-mGAM-p3_S83,102625
16,C_E3_A4_AE_AA_mBHI_mGAM_6_S243,0,2145227,G4-e003Coalescence-mGAM-p3_S83,102625
17,C_E11_E4_AE_AA_mBHI_mGAM_4_S251,0,2164170,G4-e003Coalescence-mGAM-p3_S83,102625
18,C_G3_C4_AE_AE_mBHI_mGAM_6_S267,0,1555228,G4-e003Coalescence-mGAM-p3_S83,102625
19,C_G11_G4_AE_AE_mBHI_mGAM_4_S275,0,2041192,G4-e003Coalescence-mGAM-p3_S83,102625
20,C_H11_H4_AE_AF_mBHI_mGAM_4_S287,0,1662792,G4-e003Coalescence-mGAM-p3_S83,102625
21,D_E3_A4_AE_AA_mBHI_mGAM_6_S339,0,2168722,G4-e003Coalescence-mGAM-p3_S83,102625
22,D_G1_C2_AA_AE_mBHI_mGAM_6_S361,0,2165921,G4-e003Coalescence-mGAM-p3_S83,102625
23,D_G3_C4_AE_AE_mBHI_mGAM_6_S363,0,2139279,G4-e003Coalescence-mGAM-p3_S83,102625
24,D_H3_D4_AE_AF_mBHI_mGAM_6_S375,0,1929446,G4-e003Coalescence-mGAM-p3_S83,102625
25,C4-e003Coalescence-mGAM-p7,34,1507607,G4-e003Coalescence-mGAM-p3_S83,102625
26,C3-e003Coalescence-mGAM-p3,53,2175580,G4-e003Coalescence-mGAM-p3_S83,102625
27,C2-e003Coalescence-mGAM-p7,55,2190353,G4-e003Coalescence-mGAM-p3_S83,102625
28,B4-e003Coalescence-mGAM-p5,52,2112758,G4-e003Coalescence-mGAM-p3_S83,102625
29,D4-e003Coalescence-mGAM-p5,33,1378041,G4-e003Coalescence-mGAM-p3_S83,102625
30,C2-e003Coalescence-mGAM-p3,31,1272026,G4-e003Coalescence-mGAM-p3_S83,102625
31,C4-e003Coalescence-mGAM-p5,35,1470780,G4-e003Coalescence-mGAM-p3_S83,102625
32,C4-e003Coalescence-mGAM-p3,56,2170545,G4-e003Coalescence-mGAM-p3_S83,102625
33,C5-e003Coalescence-mGAM-p3,36,1755780,G4-e003Coalescence-mGAM-p3_S83,102625
34,C3-e003Coalescence-mGAM-p5,56,2102070,G4-e003Coalescence-mGAM-p3_S83,102625
35,D4-e003Coalescence-mGAM-p3,45,1955064,G4-e003Coalescence-mGAM-p3_S83,102625
36,C3-e003Coalescence-mGAM-p7,57,2177723,G4-e003Coalescence-mGAM-p3_S83,102625
37,C2-e003Coalescence-mGAM-p5,50,2091417,G4-e003Coalescence-mGAM-p3_S83,102625
38,H4-e003Coalescence-mGAM-p7_S183,0,2127707,G4-e003Coalescence-mGAM-p3_S83,102625
39,G3-e003Coalescence-mBHI-p5_S26,0,1984187,G4-e003Coalescence-mGAM-p3_S83,102625
40,E4-e003Coalescence-mGAM-p5_S51,0,2046969,G4-e003Coalescence-mGAM-p3_S83,102625
41,G5-e003Coalescence-mGAM-p3_S84,0,1327011,G4-e003Coalescence-mGAM-p3_S83,102625
42,G3-e003Coalescence-mBHI-p7_S122,0,2051412,G4-e003Coalescence-mGAM-p3_S83,102625
43,G5-e003Coalescence-mGAM-p7_S172,0,2000174,G4-e003Coalescence-mGAM-p3_S83,102625
44,G4-e003Coalescence-mGAM-p5_S75,0,2083119,G4-e003Coalescence-mGAM-p3_S83,102625
45,G2-e003Coalescence-mGAM-p5_S73,1,2095666,G4-e003Coalescence-mGAM-p3_S83,102625
46,G4-e003Coalescence-mGAM-p3_S83,0,2123891,G4-e003Coalescence-mGAM-p3_S83,102625
47,F4-e003Coalescence-mGAM-p5_S63,0,2012196,G4-e003Coalescence-mGAM-p3_S83,102625
48,G4-e003Coalescence-mGAM-p7_S171,0,1341178,G4-e003Coalescence-mGAM-p3_S83,102625
49,G3-e003Coalescence-mGAM-p3_S82,0,2148001,G4-e003Coalescence-mGAM-p3_S83,102625
50,G3-e003Coalescence-mGAM-p5_S74,0,2126090,G4-e003Coalescence-mGAM-p3_S83,102625
51,E4-e003Coalescence-mGAM-p7_S147,0,2145639,G4-e003Coalescence-mGAM-p3_S83,102625
52,E4-e003Coalescence-mGAM-p3_S59,0,2087042,G4-e003Coalescence-mGAM-p3_S83,102625
53,F4-e003Coalescence-mGAM-p3_S71,0,2109664,G4-e003Coalescence-mGAM-p3_S83,102625
54,F4-e003Coalescence-mGAM-p7_S159,0,2100682,G4-e003Coalescence-mGAM-p3_S83,102625
55,G2-e003Coalescence-mGAM-p3_S81,0,2106083,G4-e003Coalescence-mGAM-p3_S83,102625
56,C4-e003Coalescence-mGAM-p1_S738,0,1463124,G4-e003Coalescence-mGAM-p3_S83,102625
57,D4-e003Coalescence-mGAM-p1_S739,0,1848658,G4-e003Coalescence-mGAM-p3_S83,102625
58,B4-e003Coalescence-mGAM-p1_S737,1,1405634,G4-e003Coalescence-mGAM-p3_S83,102625
59,Coalescence-E5-C4-AE-AE-mBHI-mBHI-3_S672,0,2109217,G4-e003Coalescence-mGAM-p3_S83,102625
60,Coalescence-C6-A4-AA-AE-mBHI-mGAM-5_S649,0,2160650,G4-e003Coalescence-mGAM-p3_S83,102625
61,Coalescence-D12-B4-ACPP-AE-mBHI-mGAM-3_S667,0,2160583,G4-e003Coalescence-mGAM-p3_S83,102625
62,Coalescence-D8-A4-AA-AE-mBHI-mGAM-3_S663,0,2106366,G4-e003Coalescence-mGAM-p3_S83,102625
63,Coalescence-B9-G3-ACPP-AE-mBHI-mGAM-7_S640,0,2145029,G4-e003Coalescence-mGAM-p3_S83,102625
64,Coalescence-E4-C3-ACPP-AE-mBHI-mBHI-3_S671,0,1231438,G4-e003Coalescence-mGAM-p3_S83,102625
65,D_F11_e003Assembly_S359,1,2166211,G4-e003Coalescence-mGAM-p3_S83,102625
66,C_C2_e003Assembly_S218,0,2063067,G4-e003Coalescence-mGAM-p3_S83,102625
67,C_C6_e003Assembly_S222,0,1156589,G4-e003Coalescence-mGAM-p3_S83,102625
68,C_G6_e003Assembly_S270,1,1957903,G4-e003Coalescence-mGAM-p3_S83,102625
0,A_C3_C4_AE_AE_mBHI_mBHI_2_S27,0,1830153,F4-e003Coalescence-mGAM-p5_S63,102625
1,A_C4_C5_AF_AE_mBHI_mBHI_2_S28,0,1831891,F4-e003Coalescence-mGAM-p5_S63,102625
2,A_C11_C4_AE_AE_mBHI_mBHI_4_S35,0,1830141,F4-e003Coalescence-mGAM-p5_S63,102625
3,A_D11_D4_AE_AF_mBHI_mBHI_4_S47,1,1191497,F4-e003Coalescence-mGAM-p5_S63,102625
4,A_E3_A4_AE_AA_mBHI_mGAM_2_S51,0,1044170,F4-e003Coalescence-mGAM-p5_S63,102625
5,A_E11_A4_AE_AA_mBHI_mGAM_4_S59,0,2146010,F4-e003Coalescence-mGAM-p5_S63,102625
6,A_G1_C2_AA_AE_mBHI_mGAM_2_S73,0,2142841,F4-e003Coalescence-mGAM-p5_S63,102625
7,A_G3_C4_AE_AE_mBHI_mGAM_2_S75,0,2091004,F4-e003Coalescence-mGAM-p5_S63,102625
8,A_G4_C5_AF_AE_mBHI_mGAM_2_S76,0,1677063,F4-e003Coalescence-mGAM-p5_S63,102625
9,A_G9_C2_AA_AE_mBHI_mGAM_4_S81,0,2159450,F4-e003Coalescence-mGAM-p5_S63,102625
10,A_G10_C3_ACPP_AE_mBHI_mGAM_4_S82,0,2100659,F4-e003Coalescence-mGAM-p5_S63,102625
11,A_H3_D4_AE_AF_mBHI_mGAM_2_S87,0,1928409,F4-e003Coalescence-mGAM-p5_S63,102625
12,B_E3_E4_AE_AA_mBHI_mGAM_2_S147,0,1045740,F4-e003Coalescence-mGAM-p5_S63,102625
13,B_G1_G2_AA_AE_mBHI_mGAM_2_S169,0,2159590,F4-e003Coalescence-mGAM-p5_S63,102625
14,B_H3_H4_AE_AF_mBHI_mGAM_2_S183,0,1457926,F4-e003Coalescence-mGAM-p5_S63,102625
15,C_C11_G4_AE_AE_mBHI_mBHI_4_S227,0,1523518,F4-e003Coalescence-mGAM-p5_S63,102625
16,C_E3_A4_AE_AA_mBHI_mGAM_6_S243,0,2145227,F4-e003Coalescence-mGAM-p5_S63,102625
17,C_E11_E4_AE_AA_mBHI_mGAM_4_S251,0,2164170,F4-e003Coalescence-mGAM-p5_S63,102625
18,C_G3_C4_AE_AE_mBHI_mGAM_6_S267,1,1555228,F4-e003Coalescence-mGAM-p5_S63,102625
19,C_G11_G4_AE_AE_mBHI_mGAM_4_S275,0,2041192,F4-e003Coalescence-mGAM-p5_S63,102625
20,C_H11_H4_AE_AF_mBHI_mGAM_4_S287,0,1662792,F4-e003Coalescence-mGAM-p5_S63,102625
21,D_E3_A4_AE_AA_mBHI_mGAM_6_S339,0,2168722,F4-e003Coalescence-mGAM-p5_S63,102625
22,D_G1_C2_AA_AE_mBHI_mGAM_6_S361,0,2165921,F4-e003Coalescence-mGAM-p5_S63,102625
23,D_G3_C4_AE_AE_mBHI_mGAM_6_S363,1,2139279,F4-e003Coalescence-mGAM-p5_S63,102625
24,D_H3_D4_AE_AF_mBHI_mGAM_6_S375,0,1929446,F4-e003Coalescence-mGAM-p5_S63,102625
25,C4-e003Coalescence-mGAM-p7,20,1507607,F4-e003Coalescence-mGAM-p5_S63,102625
26,C3-e003Coalescence-mGAM-p3,40,2175580,F4-e003Coalescence-mGAM-p5_S63,102625
27,C2-e003Coalescence-mGAM-p7,38,2190353,F4-e003Coalescence-mGAM-p5_S63,102625
28,B4-e003Coalescence-mGAM-p5,40,2112758,F4-e003Coalescence-mGAM-p5_S63,102625
29,D4-e003Coalescence-mGAM-p5,20,1378041,F4-e003Coalescence-mGAM-p5_S63,102625
30,C2-e003Coalescence-mGAM-p3,22,1272026,F4-e003Coalescence-mGAM-p5_S63,102625
31,C4-e003Coalescence-mGAM-p5,23,1470780,F4-e003Coalescence-mGAM-p5_S63,102625
32,C4-e003Coalescence-mGAM-p3,38,2170545,F4-e003Coalescence-mGAM-p5_S63,102625
33,C5-e003Coalescence-mGAM-p3,21,1755780,F4-e003Coalescence-mGAM-p5_S63,102625
34,C3-e003Coalescence-mGAM-p5,36,2102070,F4-e003Coalescence-mGAM-p5_S63,102625
35,D4-e003Coalescence-mGAM-p3,31,1955064,F4-e003Coalescence-mGAM-p5_S63,102625
36,C3-e003Coalescence-mGAM-p7,40,2177723,F4-e003Coalescence-mGAM-p5_S63,102625
37,C2-e003Coalescence-mGAM-p5,35,2091417,F4-e003Coalescence-mGAM-p5_S63,102625
38,H4-e003Coalescence-mGAM-p7_S183,1,2127707,F4-e003Coalescence-mGAM-p5_S63,102625
39,G3-e003Coalescence-mBHI-p5_S26,0,1984187,F4-e003Coalescence-mGAM-p5_S63,102625
40,E4-e003Coalescence-mGAM-p5_S51,1,2046969,F4-e003Coalescence-mGAM-p5_S63,102625
41,G5-e003Coalescence-mGAM-p3_S84,0,1327011,F4-e003Coalescence-mGAM-p5_S63,102625
42,G3-e003Coalescence-mBHI-p7_S122,0,2051412,F4-e003Coalescence-mGAM-p5_S63,102625
43,G5-e003Coalescence-mGAM-p7_S172,0,2000174,F4-e003Coalescence-mGAM-p5_S63,102625
44,G4-e003Coalescence-mGAM-p5_S75,1,2083119,F4-e003Coalescence-mGAM-p5_S63,102625
45,G2-e003Coalescence-mGAM-p5_S73,0,2095666,F4-e003Coalescence-mGAM-p5_S63,102625
46,G4-e003Coalescence-mGAM-p3_S83,0,2123891,F4-e003Coalescence-mGAM-p5_S63,102625
47,F4-e003Coalescence-mGAM-p5_S63,0,2012196,F4-e003Coalescence-mGAM-p5_S63,102625
48,G4-e003Coalescence-mGAM-p7_S171,0,1341178,F4-e003Coalescence-mGAM-p5_S63,102625
49,G3-e003Coalescence-mGAM-p3_S82,0,2148001,F4-e003Coalescence-mGAM-p5_S63,102625
50,G3-e003Coalescence-mGAM-p5_S74,0,2126090,F4-e003Coalescence-mGAM-p5_S63,102625
51,E4-e003Coalescence-mGAM-p7_S147,0,2145639,F4-e003Coalescence-mGAM-p5_S63,102625
52,E4-e003Coalescence-mGAM-p3_S59,0,2087042,F4-e003Coalescence-mGAM-p5_S63,102625
53,F4-e003Coalescence-mGAM-p3_S71,1,2109664,F4-e003Coalescence-mGAM-p5_S63,102625
54,F4-e003Coalescence-mGAM-p7_S159,0,2100682,F4-e003Coalescence-mGAM-p5_S63,102625
55,G2-e003Coalescence-mGAM-p3_S81,0,2106083,F4-e003Coalescence-mGAM-p5_S63,102625
56,C4-e003Coalescence-mGAM-p1_S738,0,1463124,F4-e003Coalescence-mGAM-p5_S63,102625
57,D4-e003Coalescence-mGAM-p1_S739,0,1848658,F4-e003Coalescence-mGAM-p5_S63,102625
58,B4-e003Coalescence-mGAM-p1_S737,1,1405634,F4-e003Coalescence-mGAM-p5_S63,102625
59,Coalescence-E5-C4-AE-AE-mBHI-mBHI-3_S672,0,2109217,F4-e003Coalescence-mGAM-p5_S63,102625
60,Coalescence-C6-A4-AA-AE-mBHI-mGAM-5_S649,0,2160650,F4-e003Coalescence-mGAM-p5_S63,102625
61,Coalescence-D12-B4-ACPP-AE-mBHI-mGAM-3_S667,0,2160583,F4-e003Coalescence-mGAM-p5_S63,102625
62,Coalescence-D8-A4-AA-AE-mBHI-mGAM-3_S663,0,2106366,F4-e003Coalescence-mGAM-p5_S63,102625
63,Coalescence-B9-G3-ACPP-AE-mBHI-mGAM-7_S640,0,2145029,F4-e003Coalescence-mGAM-p5_S63,102625
64,Coalescence-E4-C3-ACPP-AE-mBHI-mBHI-3_S671,0,1231438,F4-e003Coalescence-mGAM-p5_S63,102625
65,D_F11_e003Assembly_S359,1,2166211,F4-e003Coalescence-mGAM-p5_S63,102625
66,C_C2_e003Assembly_S218,0,2063067,F4-e003Coalescence-mGAM-p5_S63,102625
67,C_C6_e003Assembly_S222,0,1156589,F4-e003Coalescence-mGAM-p5_S63,102625
68,C_G6_e003Assembly_S270,1,1957903,F4-e003Coalescence-mGAM-p5_S63,102625
0,A_C3_C4_AE_AE_mBHI_mBHI_2_S27,1,1830153,G4-e003Coalescence-mGAM-p7_S171,102625
1,A_C4_C5_AF_AE_mBHI_mBHI_2_S28,1,1831891,G4-e003Coalescence-mGAM-p7_S171,102625
2,A_C11_C4_AE_AE_mBHI_mBHI_4_S35,0,1830141,G4-e003Coalescence-mGAM-p7_S171,102625
3,A_D11_D4_AE_AF_mBHI_mBHI_4_S47,0,1191497,G4-e003Coalescence-mGAM-p7_S171,102625
4,A_E3_A4_AE_AA_mBHI_mGAM_2_S51,0,1044170,G4-e003Coalescence-mGAM-p7_S171,102625
5,A_E11_A4_AE_AA_mBHI_mGAM_4_S59,0,2146010,G4-e003Coalescence-mGAM-p7_S171,102625
6,A_G1_C2_AA_AE_mBHI_mGAM_2_S73,0,2142841,G4-e003Coalescence-mGAM-p7_S171,102625
7,A_G3_C4_AE_AE_mBHI_mGAM_2_S75,0,2091004,G4-e003Coalescence-mGAM-p7_S171,102625
8,A_G4_C5_AF_AE_mBHI_mGAM_2_S76,0,1677063,G4-e003Coalescence-mGAM-p7_S171,102625
9,A_G9_C2_AA_AE_mBHI_mGAM_4_S81,0,2159450,G4-e003Coalescence-mGAM-p7_S171,102625
10,A_G10_C3_ACPP_AE_mBHI_mGAM_4_S82,0,2100659,G4-e003Coalescence-mGAM-p7_S171,102625
11,A_H3_D4_AE_AF_mBHI_mGAM_2_S87,0,1928409,G4-e003Coalescence-mGAM-p7_S171,102625
12,B_E3_E4_AE_AA_mBHI_mGAM_2_S147,0,1045740,G4-e003Coalescence-mGAM-p7_S171,102625
13,B_G1_G2_AA_AE_mBHI_mGAM_2_S169,0,2159590,G4-e003Coalescence-mGAM-p7_S171,102625
14,B_H3_H4_AE_AF_mBHI_mGAM_2_S183,0,1457926,G4-e003Coalescence-mGAM-p7_S171,102625
15,C_C11_G4_AE_AE_mBHI_mBHI_4_S227,0,1523518,G4-e003Coalescence-mGAM-p7_S171,102625
16,C_E3_A4_AE_AA_mBHI_mGAM_6_S243,0,2145227,G4-e003Coalescence-mGAM-p7_S171,102625
17,C_E11_E4_AE_AA_mBHI_mGAM_4_S251,0,2164170,G4-e003Coalescence-mGAM-p7_S171,102625
18,C_G3_C4_AE_AE_mBHI_mGAM_6_S267,0,1555228,G4-e003Coalescence-mGAM-p7_S171,102625
19,C_G11_G4_AE_AE_mBHI_mGAM_4_S275,0,2041192,G4-e003Coalescence-mGAM-p7_S171,102625
20,C_H11_H4_AE_AF_mBHI_mGAM_4_S287,0,1662792,G4-e003Coalescence-mGAM-p7_S171,102625
21,D_E3_A4_AE_AA_mBHI_mGAM_6_S339,0,2168722,G4-e003Coalescence-mGAM-p7_S171,102625
22,D_G1_C2_AA_AE_mBHI_mGAM_6_S361,0,2165921,G4-e003Coalescence-mGAM-p7_S171,102625
23,D_G3_C4_AE_AE_mBHI_mGAM_6_S363,0,2139279,G4-e003Coalescence-mGAM-p7_S171,102625
24,D_H3_D4_AE_AF_mBHI_mGAM_6_S375,0,1929446,G4-e003Coalescence-mGAM-p7_S171,102625
25,C4-e003Coalescence-mGAM-p7,11,1507607,G4-e003Coalescence-mGAM-p7_S171,102625
26,C3-e003Coalescence-mGAM-p3,20,2175580,G4-e003Coalescence-mGAM-p7_S171,102625
27,C2-e003Coalescence-mGAM-p7,23,2190353,G4-e003Coalescence-mGAM-p7_S171,102625
28,B4-e003Coalescence-mGAM-p5,23,2112758,G4-e003Coalescence-mGAM-p7_S171,102625
29,D4-e003Coalescence-mGAM-p5,7,1378041,G4-e003Coalescence-mGAM-p7_S171,102625
30,C2-e003Coalescence-mGAM-p3,15,1272026,G4-e003Coalescence-mGAM-p7_S171,102625
31,C4-e003Coalescence-mGAM-p5,10,1470780,G4-e003Coalescence-mGAM-p7_S171,102625
32,C4-e003Coalescence-mGAM-p3,21,2170545,G4-e003Coalescence-mGAM-p7_S171,102625
33,C5-e003Coalescence-mGAM-p3,8,1755780,G4-e003Coalescence-mGAM-p7_S171,102625
34,C3-e003Coalescence-mGAM-p5,20,2102070,G4-e003Coalescence-mGAM-p7_S171,102625
35,D4-e003Coalescence-mGAM-p3,14,1955064,G4-e003Coalescence-mGAM-p7_S171,102625
36,C3-e003Coalescence-mGAM-p7,23,2177723,G4-e003Coalescence-mGAM-p7_S171,102625
37,C2-e003Coalescence-mGAM-p5,23,2091417,G4-e003Coalescence-mGAM-p7_S171,102625
38,H4-e003Coalescence-mGAM-p7_S183,0,2127707,G4-e003Coalescence-mGAM-p7_S171,102625
39,G3-e003Coalescence-mBHI-p5_S26,0,1984187,G4-e003Coalescence-mGAM-p7_S171,102625
40,E4-e003Coalescence-mGAM-p5_S51,0,2046969,G4-e003Coalescence-mGAM-p7_S171,102625
41,G5-e003Coalescence-mGAM-p3_S84,0,1327011,G4-e003Coalescence-mGAM-p7_S171,102625
42,G3-e003Coalescence-mBHI-p7_S122,0,2051412,G4-e003Coalescence-mGAM-p7_S171,102625
43,G5-e003Coalescence-mGAM-p7_S172,0,2000174,G4-e003Coalescence-mGAM-p7_S171,102625
44,G4-e003Coalescence-mGAM-p5_S75,0,2083119,G4-e003Coalescence-mGAM-p7_S171,102625
45,G2-e003Coalescence-mGAM-p5_S73,0,2095666,G4-e003Coalescence-mGAM-p7_S171,102625
46,G4-e003Coalescence-mGAM-p3_S83,0,2123891,G4-e003Coalescence-mGAM-p7_S171,102625
47,F4-e003Coalescence-mGAM-p5_S63,0,2012196,G4-e003Coalescence-mGAM-p7_S171,102625
48,G4-e003Coalescence-mGAM-p7_S171,0,1341178,G4-e003Coalescence-mGAM-p7_S171,102625
49,G3-e003Coalescence-mGAM-p3_S82,0,2148001,G4-e003Coalescence-mGAM-p7_S171,102625
50,G3-e003Coalescence-mGAM-p5_S74,0,2126090,G4-e003Coalescence-mGAM-p7_S171,102625
51,E4-e003Coalescence-mGAM-p7_S147,0,2145639,G4-e003Coalescence-mGAM-p7_S171,102625
52,E4-e003Coalescence-mGAM-p3_S59,0,2087042,G4-e003Coalescence-mGAM-p7_S171,102625
53,F4-e003Coalescence-mGAM-p3_S71,0,2109664,G4-e003Coalescence-mGAM-p7_S171,102625
54,F4-e003Coalescence-mGAM-p7_S159,0,2100682,G4-e003Coalescence-mGAM-p7_S171,102625
55,G2-e003Coalescence-mGAM-p3_S81,0,2106083,G4-e003Coalescence-mGAM-p7_S171,102625
56,C4-e003Coalescence-mGAM-p1_S738,0,1463124,G4-e003Coalescence-mGAM-p7_S171,102625
57,D4-e003Coalescence-mGAM-p1_S739,0,1848658,G4-e003Coalescence-mGAM-p7_S171,102625
58,B4-e003Coalescence-mGAM-p1_S737,0,1405634,G4-e003Coalescence-mGAM-p7_S171,102625
59,Coalescence-E5-C4-AE-AE-mBHI-mBHI-3_S672,0,2109217,G4-e003Coalescence-mGAM-p7_S171,102625
60,Coalescence-C6-A4-AA-AE-mBHI-mGAM-5_S649,0,2160650,G4-e003Coalescence-mGAM-p7_S171,102625
61,Coalescence-D12-B4-ACPP-AE-mBHI-mGAM-3_S667,0,2160583,G4-e003Coalescence-mGAM-p7_S171,102625
62,Coalescence-D8-A4-AA-AE-mBHI-mGAM-3_S663,0,2106366,G4-e003Coalescence-mGAM-p7_S171,102625
63,Coalescence-B9-G3-ACPP-AE-mBHI-mGAM-7_S640,0,2145029,G4-e003Coalescence-mGAM-p7_S171,102625
64,Coalescence-E4-C3-ACPP-AE-mBHI-mBHI-3_S671,0,1231438,G4-e003Coalescence-mGAM-p7_S171,102625
65,D_F11_e003Assembly_S359,0,2166211,G4-e003Coalescence-mGAM-p7_S171,102625
66,C_C2_e003Assembly_S218,0,2063067,G4-e003Coalescence-mGAM-p7_S171,102625
67,C_C6_e003Assembly_S222,0,1156589,G4-e003Coalescence-mGAM-p7_S171,102625
68,C_G6_e003Assembly_S270,0,1957903,G4-e003Coalescence-mGAM-p7_S171,102625
0,A_C3_C4_AE_AE_mBHI_mBHI_2_S27,0,1830153,G3-e003Coalescence-mGAM-p3_S82,102625
1,A_C4_C5_AF_AE_mBHI_mBHI_2_S28,0,1831891,G3-e003Coalescence-mGAM-p3_S82,102625
2,A_C11_C4_AE_AE_mBHI_mBHI_4_S35,0,1830141,G3-e003Coalescence-mGAM-p3_S82,102625
3,A_D11_D4_AE_AF_mBHI_mBHI_4_S47,2,1191497,G3-e003Coalescence-mGAM-p3_S82,102625
4,A_E3_A4_AE_AA_mBHI_mGAM_2_S51,0,1044170,G3-e003Coalescence-mGAM-p3_S82,102625
5,A_E11_A4_AE_AA_mBHI_mGAM_4_S59,0,2146010,G3-e003Coalescence-mGAM-p3_S82,102625
6,A_G1_C2_AA_AE_mBHI_mGAM_2_S73,0,2142841,G3-e003Coalescence-mGAM-p3_S82,102625
7,A_G3_C4_AE_AE_mBHI_mGAM_2_S75,0,2091004,G3-e003Coalescence-mGAM-p3_S82,102625
8,A_G4_C5_AF_AE_mBHI_mGAM_2_S76,0,1677063,G3-e003Coalescence-mGAM-p3_S82,102625
9,A_G9_C2_AA_AE_mBHI_mGAM_4_S81,0,2159450,G3-e003Coalescence-mGAM-p3_S82,102625
10,A_G10_C3_ACPP_AE_mBHI_mGAM_4_S82,0,2100659,G3-e003Coalescence-mGAM-p3_S82,102625
11,A_H3_D4_AE_AF_mBHI_mGAM_2_S87,0,1928409,G3-e003Coalescence-mGAM-p3_S82,102625
12,B_E3_E4_AE_AA_mBHI_mGAM_2_S147,0,1045740,G3-e003Coalescence-mGAM-p3_S82,102625
13,B_G1_G2_AA_AE_mBHI_mGAM_2_S169,0,2159590,G3-e003Coalescence-mGAM-p3_S82,102625
14,B_H3_H4_AE_AF_mBHI_mGAM_2_S183,0,1457926,G3-e003Coalescence-mGAM-p3_S82,102625
15,C_C11_G4_AE_AE_mBHI_mBHI_4_S227,0,1523518,G3-e003Coalescence-mGAM-p3_S82,102625
16,C_E3_A4_AE_AA_mBHI_mGAM_6_S243,0,2145227,G3-e003Coalescence-mGAM-p3_S82,102625
17,C_E11_E4_AE_AA_mBHI_mGAM_4_S251,0,2164170,G3-e003Coalescence-mGAM-p3_S82,102625
18,C_G3_C4_AE_AE_mBHI_mGAM_6_S267,0,1555228,G3-e003Coalescence-mGAM-p3_S82,102625
19,C_G11_G4_AE_AE_mBHI_mGAM_4_S275,0,2041192,G3-e003Coalescence-mGAM-p3_S82,102625
20,C_H11_H4_AE_AF_mBHI_mGAM_4_S287,0,1662792,G3-e003Coalescence-mGAM-p3_S82,102625
21,D_E3_A4_AE_AA_mBHI_mGAM_6_S339,0,2168722,G3-e003Coalescence-mGAM-p3_S82,102625
22,D_G1_C2_AA_AE_mBHI_mGAM_6_S361,0,2165921,G3-e003Coalescence-mGAM-p3_S82,102625
23,D_G3_C4_AE_AE_mBHI_mGAM_6_S363,0,2139279,G3-e003Coalescence-mGAM-p3_S82,102625
24,D_H3_D4_AE_AF_mBHI_mGAM_6_S375,0,1929446,G3-e003Coalescence-mGAM-p3_S82,102625
25,C4-e003Coalescence-mGAM-p7,34,1507607,G3-e003Coalescence-mGAM-p3_S82,102625
26,C3-e003Coalescence-mGAM-p3,54,2175580,G3-e003Coalescence-mGAM-p3_S82,102625
27,C2-e003Coalescence-mGAM-p7,57,2190353,G3-e003Coalescence-mGAM-p3_S82,102625
28,B4-e003Coalescence-mGAM-p5,54,2112758,G3-e003Coalescence-mGAM-p3_S82,102625
29,D4-e003Coalescence-mGAM-p5,30,1378041,G3-e003Coalescence-mGAM-p3_S82,102625
30,C2-e003Coalescence-mGAM-p3,38,1272026,G3-e003Coalescence-mGAM-p3_S82,102625
31,C4-e003Coalescence-mGAM-p5,39,1470780,G3-e003Coalescence-mGAM-p3_S82,102625
32,C4-e003Coalescence-mGAM-p3,55,2170545,G3-e003Coalescence-mGAM-p3_S82,102625
33,C5-e003Coalescence-mGAM-p3,36,1755780,G3-e003Coalescence-mGAM-p3_S82,102625
34,C3-e003Coalescence-mGAM-p5,55,2102070,G3-e003Coalescence-mGAM-p3_S82,102625
35,D4-e003Coalescence-mGAM-p3,48,1955064,G3-e003Coalescence-mGAM-p3_S82,102625
36,C3-e003Coalescence-mGAM-p7,56,2177723,G3-e003Coalescence-mGAM-p3_S82,102625
37,C2-e003Coalescence-mGAM-p5,50,2091417,G3-e003Coalescence-mGAM-p3_S82,102625
38,H4-e003Coalescence-mGAM-p7_S183,0,2127707,G3-e003Coalescence-mGAM-p3_S82,102625
39,G3-e003Coalescence-mBHI-p5_S26,1,1984187,G3-e003Coalescence-mGAM-p3_S82,102625
40,E4-e003Coalescence-mGAM-p5_S51,0,2046969,G3-e003Coalescence-mGAM-p3_S82,102625
41,G5-e003Coalescence-mGAM-p3_S84,0,1327011,G3-e003Coalescence-mGAM-p3_S82,102625
42,G3-e003Coalescence-mBHI-p7_S122,0,2051412,G3-e003Coalescence-mGAM-p3_S82,102625
43,G5-e003Coalescence-mGAM-p7_S172,0,2000174,G3-e003Coalescence-mGAM-p3_S82,102625
44,G4-e003Coalescence-mGAM-p5_S75,0,2083119,G3-e003Coalescence-mGAM-p3_S82,102625
45,G2-e003Coalescence-mGAM-p5_S73,0,2095666,G3-e003Coalescence-mGAM-p3_S82,102625
46,G4-e003Coalescence-mGAM-p3_S83,0,2123891,G3-e003Coalescence-mGAM-p3_S82,102625
47,F4-e003Coalescence-mGAM-p5_S63,0,2012196,G3-e003Coalescence-mGAM-p3_S82,102625
48,G4-e003Coalescence-mGAM-p7_S171,0,1341178,G3-e003Coalescence-mGAM-p3_S82,102625
49,G3-e003Coalescence-mGAM-p3_S82,0,2148001,G3-e003Coalescence-mGAM-p3_S82,102625
50,G3-e003Coalescence-mGAM-p5_S74,0,2126090,G3-e003Coalescence-mGAM-p3_S82,102625
51,E4-e003Coalescence-mGAM-p7_S147,0,2145639,G3-e003Coalescence-mGAM-p3_S82,102625
52,E4-e003Coalescence-mGAM-p3_S59,0,2087042,G3-e003Coalescence-mGAM-p3_S82,102625
53,F4-e003Coalescence-mGAM-p3_S71,0,2109664,G3-e003Coalescence-mGAM-p3_S82,102625
54,F4-e003Coalescence-mGAM-p7_S159,0,2100682,G3-e003Coalescence-mGAM-p3_S82,102625
55,G2-e003Coalescence-mGAM-p3_S81,0,2106083,G3-e003Coalescence-mGAM-p3_S82,102625
56,C4-e003Coalescence-mGAM-p1_S738,0,1463124,G3-e003Coalescence-mGAM-p3_S82,102625
57,D4-e003Coalescence-mGAM-p1_S739,0,1848658,G3-e003Coalescence-mGAM-p3_S82,102625
58,B4-e003Coalescence-mGAM-p1_S737,0,1405634,G3-e003Coalescence-mGAM-p3_S82,102625
59,Coalescence-E5-C4-AE-AE-mBHI-mBHI-3_S672,0,2109217,G3-e003Coalescence-mGAM-p3_S82,102625
60,Coalescence-C6-A4-AA-AE-mBHI-mGAM-5_S649,0,2160650,G3-e003Coalescence-mGAM-p3_S82,102625
61,Coalescence-D12-B4-ACPP-AE-mBHI-mGAM-3_S667,0,2160583,G3-e003Coalescence-mGAM-p3_S82,102625
62,Coalescence-D8-A4-AA-AE-mBHI-mGAM-3_S663,0,2106366,G3-e003Coalescence-mGAM-p3_S82,102625
63,Coalescence-B9-G3-ACPP-AE-mBHI-mGAM-7_S640,0,2145029,G3-e003Coalescence-mGAM-p3_S82,102625
64,Coalescence-E4-C3-ACPP-AE-mBHI-mBHI-3_S671,0,1231438,G3-e003Coalescence-mGAM-p3_S82,102625
65,D_F11_e003Assembly_S359,1,2166211,G3-e003Coalescence-mGAM-p3_S82,102625
66,C_C2_e003Assembly_S218,0,2063067,G3-e003Coalescence-mGAM-p3_S82,102625
67,C_C6_e003Assembly_S222,0,1156589,G3-e003Coalescence-mGAM-p3_S82,102625
68,C_G6_e003Assembly_S270,1,1957903,G3-e003Coalescence-mGAM-p3_S82,102625
0,A_C3_C4_AE_AE_mBHI_mBHI_2_S27,0,1830153,G3-e003Coalescence-mGAM-p5_S74,102625
1,A_C4_C5_AF_AE_mBHI_mBHI_2_S28,0,1831891,G3-e003Coalescence-mGAM-p5_S74,102625
2,A_C11_C4_AE_AE_mBHI_mBHI_4_S35,0,1830141,G3-e003Coalescence-mGAM-p5_S74,102625
3,A_D11_D4_AE_AF_mBHI_mBHI_4_S47,0,1191497,G3-e003Coalescence-mGAM-p5_S74,102625
4,A_E3_A4_AE_AA_mBHI_mGAM_2_S51,0,1044170,G3-e003Coalescence-mGAM-p5_S74,102625
5,A_E11_A4_AE_AA_mBHI_mGAM_4_S59,0,2146010,G3-e003Coalescence-mGAM-p5_S74,102625
6,A_G1_C2_AA_AE_mBHI_mGAM_2_S73,0,2142841,G3-e003Coalescence-mGAM-p5_S74,102625
7,A_G3_C4_AE_AE_mBHI_mGAM_2_S75,0,2091004,G3-e003Coalescence-mGAM-p5_S74,102625
8,A_G4_C5_AF_AE_mBHI_mGAM_2_S76,0,1677063,G3-e003Coalescence-mGAM-p5_S74,102625
9,A_G9_C2_AA_AE_mBHI_mGAM_4_S81,0,2159450,G3-e003Coalescence-mGAM-p5_S74,102625
10,A_G10_C3_ACPP_AE_mBHI_mGAM_4_S82,0,2100659,G3-e003Coalescence-mGAM-p5_S74,102625
11,A_H3_D4_AE_AF_mBHI_mGAM_2_S87,0,1928409,G3-e003Coalescence-mGAM-p5_S74,102625
12,B_E3_E4_AE_AA_mBHI_mGAM_2_S147,0,1045740,G3-e003Coalescence-mGAM-p5_S74,102625
13,B_G1_G2_AA_AE_mBHI_mGAM_2_S169,0,2159590,G3-e003Coalescence-mGAM-p5_S74,102625
14,B_H3_H4_AE_AF_mBHI_mGAM_2_S183,0,1457926,G3-e003Coalescence-mGAM-p5_S74,102625
15,C_C11_G4_AE_AE_mBHI_mBHI_4_S227,0,1523518,G3-e003Coalescence-mGAM-p5_S74,102625
16,C_E3_A4_AE_AA_mBHI_mGAM_6_S243,0,2145227,G3-e003Coalescence-mGAM-p5_S74,102625
17,C_E11_E4_AE_AA_mBHI_mGAM_4_S251,0,2164170,G3-e003Coalescence-mGAM-p5_S74,102625
18,C_G3_C4_AE_AE_mBHI_mGAM_6_S267,0,1555228,G3-e003Coalescence-mGAM-p5_S74,102625
19,C_G11_G4_AE_AE_mBHI_mGAM_4_S275,0,2041192,G3-e003Coalescence-mGAM-p5_S74,102625
20,C_H11_H4_AE_AF_mBHI_mGAM_4_S287,0,1662792,G3-e003Coalescence-mGAM-p5_S74,102625
21,D_E3_A4_AE_AA_mBHI_mGAM_6_S339,0,2168722,G3-e003Coalescence-mGAM-p5_S74,102625
22,D_G1_C2_AA_AE_mBHI_mGAM_6_S361,0,2165921,G3-e003Coalescence-mGAM-p5_S74,102625
23,D_G3_C4_AE_AE_mBHI_mGAM_6_S363,0,2139279,G3-e003Coalescence-mGAM-p5_S74,102625
24,D_H3_D4_AE_AF_mBHI_mGAM_6_S375,0,1929446,G3-e003Coalescence-mGAM-p5_S74,102625
25,C4-e003Coalescence-mGAM-p7,33,1507607,G3-e003Coalescence-mGAM-p5_S74,102625
26,C3-e003Coalescence-mGAM-p3,52,2175580,G3-e003Coalescence-mGAM-p5_S74,102625
27,C2-e003Coalescence-mGAM-p7,51,2190353,G3-e003Coalescence-mGAM-p5_S74,102625
28,B4-e003Coalescence-mGAM-p5,49,2112758,G3-e003Coalescence-mGAM-p5_S74,102625
29,D4-e003Coalescence-mGAM-p5,31,1378041,G3-e003Coalescence-mGAM-p5_S74,102625
30,C2-e003Coalescence-mGAM-p3,37,1272026,G3-e003Coalescence-mGAM-p5_S74,102625
31,C4-e003Coalescence-mGAM-p5,34,1470780,G3-e003Coalescence-mGAM-p5_S74,102625
32,C4-e003Coalescence-mGAM-p3,51,2170545,G3-e003Coalescence-mGAM-p5_S74,102625
33,C5-e003Coalescence-mGAM-p3,30,1755780,G3-e003Coalescence-mGAM-p5_S74,102625
34,C3-e003Coalescence-mGAM-p5,48,2102070,G3-e003Coalescence-mGAM-p5_S74,102625
35,D4-e003Coalescence-mGAM-p3,38,1955064,G3-e003Coalescence-mGAM-p5_S74,102625
36,C3-e003Coalescence-mGAM-p7,52,2177723,G3-e003Coalescence-mGAM-p5_S74,102625
37,C2-e003Coalescence-mGAM-p5,47,2091417,G3-e003Coalescence-mGAM-p5_S74,102625
38,H4-e003Coalescence-mGAM-p7_S183,0,2127707,G3-e003Coalescence-mGAM-p5_S74,102625
39,G3-e003Coalescence-mBHI-p5_S26,0,1984187,G3-e003Coalescence-mGAM-p5_S74,102625
40,E4-e003Coalescence-mGAM-p5_S51,0,2046969,G3-e003Coalescence-mGAM-p5_S74,102625
41,G5-e003Coalescence-mGAM-p3_S84,0,1327011,G3-e003Coalescence-mGAM-p5_S74,102625
42,G3-e003Coalescence-mBHI-p7_S122,0,2051412,G3-e003Coalescence-mGAM-p5_S74,102625
43,G5-e003Coalescence-mGAM-p7_S172,0,2000174,G3-e003Coalescence-mGAM-p5_S74,102625
44,G4-e003Coalescence-mGAM-p5_S75,0,2083119,G3-e003Coalescence-mGAM-p5_S74,102625
45,G2-e003Coalescence-mGAM-p5_S73,0,2095666,G3-e003Coalescence-mGAM-p5_S74,102625
46,G4-e003Coalescence-mGAM-p3_S83,0,2123891,G3-e003Coalescence-mGAM-p5_S74,102625
47,F4-e003Coalescence-mGAM-p5_S63,0,2012196,G3-e003Coalescence-mGAM-p5_S74,102625
48,G4-e003Coalescence-mGAM-p7_S171,0,1341178,G3-e003Coalescence-mGAM-p5_S74,102625
49,G3-e003Coalescence-mGAM-p3_S82,0,2148001,G3-e003Coalescence-mGAM-p5_S74,102625
50,G3-e003Coalescence-mGAM-p5_S74,0,2126090,G3-e003Coalescence-mGAM-p5_S74,102625
51,E4-e003Coalescence-mGAM-p7_S147,0,2145639,G3-e003Coalescence-mGAM-p5_S74,102625
52,E4-e003Coalescence-mGAM-p3_S59,0,2087042,G3-e003Coalescence-mGAM-p5_S74,102625
53,F4-e003Coalescence-mGAM-p3_S71,0,2109664,G3-e003Coalescence-mGAM-p5_S74,102625
54,F4-e003Coalescence-mGAM-p7_S159,0,2100682,G3-e003Coalescence-mGAM-p5_S74,102625
55,G2-e003Coalescence-mGAM-p3_S81,0,2106083,G3-e003Coalescence-mGAM-p5_S74,102625
56,C4-e003Coalescence-mGAM-p1_S738,0,1463124,G3-e003Coalescence-mGAM-p5_S74,102625
57,D4-e003Coalescence-mGAM-p1_S739,0,1848658,G3-e003Coalescence-mGAM-p5_S74,102625
58,B4-e003Coalescence-mGAM-p1_S737,0,1405634,G3-e003Coalescence-mGAM-p5_S74,102625
59,Coalescence-E5-C4-AE-AE-mBHI-mBHI-3_S672,0,2109217,G3-e003Coalescence-mGAM-p5_S74,102625
60,Coalescence-C6-A4-AA-AE-mBHI-mGAM-5_S649,0,2160650,G3-e003Coalescence-mGAM-p5_S74,102625
61,Coalescence-D12-B4-ACPP-AE-mBHI-mGAM-3_S667,0,2160583,G3-e003Coalescence-mGAM-p5_S74,102625
62,Coalescence-D8-A4-AA-AE-mBHI-mGAM-3_S663,0,2106366,G3-e003Coalescence-mGAM-p5_S74,102625
63,Coalescence-B9-G3-ACPP-AE-mBHI-mGAM-7_S640,0,2145029,G3-e003Coalescence-mGAM-p5_S74,102625
64,Coalescence-E4-C3-ACPP-AE-mBHI-mBHI-3_S671,0,1231438,G3-e003Coalescence-mGAM-p5_S74,102625
65,D_F11_e003Assembly_S359,1,2166211,G3-e003Coalescence-mGAM-p5_S74,102625
66,C_C2_e003Assembly_S218,0,2063067,G3-e003Coalescence-mGAM-p5_S74,102625
67,C_C6_e003Assembly_S222,0,1156589,G3-e003Coalescence-mGAM-p5_S74,102625
68,C_G6_e003Assembly_S270,1,1957903,G3-e003Coalescence-mGAM-p5_S74,102625
0,A_C3_C4_AE_AE_mBHI_mBHI_2_S27,0,1830153,E4-e003Coalescence-mGAM-p7_S147,102625
1,A_C4_C5_AF_AE_mBHI_mBHI_2_S28,0,1831891,E4-e003Coalescence-mGAM-p7_S147,102625
2,A_C11_C4_AE_AE_mBHI_mBHI_4_S35,0,1830141,E4-e003Coalescence-mGAM-p7_S147,102625
3,A_D11_D4_AE_AF_mBHI_mBHI_4_S47,1,1191497,E4-e003Coalescence-mGAM-p7_S147,102625
4,A_E3_A4_AE_AA_mBHI_mGAM_2_S51,0,1044170,E4-e003Coalescence-mGAM-p7_S147,102625
5,A_E11_A4_AE_AA_mBHI_mGAM_4_S59,0,2146010,E4-e003Coalescence-mGAM-p7_S147,102625
6,A_G1_C2_AA_AE_mBHI_mGAM_2_S73,0,2142841,E4-e003Coalescence-mGAM-p7_S147,102625
7,A_G3_C4_AE_AE_mBHI_mGAM_2_S75,0,2091004,E4-e003Coalescence-mGAM-p7_S147,102625
8,A_G4_C5_AF_AE_mBHI_mGAM_2_S76,0,1677063,E4-e003Coalescence-mGAM-p7_S147,102625
9,A_G9_C2_AA_AE_mBHI_mGAM_4_S81,0,2159450,E4-e003Coalescence-mGAM-p7_S147,102625
10,A_G10_C3_ACPP_AE_mBHI_mGAM_4_S82,0,2100659,E4-e003Coalescence-mGAM-p7_S147,102625
11,A_H3_D4_AE_AF_mBHI_mGAM_2_S87,0,1928409,E4-e003Coalescence-mGAM-p7_S147,102625
12,B_E3_E4_AE_AA_mBHI_mGAM_2_S147,0,1045740,E4-e003Coalescence-mGAM-p7_S147,102625
13,B_G1_G2_AA_AE_mBHI_mGAM_2_S169,0,2159590,E4-e003Coalescence-mGAM-p7_S147,102625
14,B_H3_H4_AE_AF_mBHI_mGAM_2_S183,0,1457926,E4-e003Coalescence-mGAM-p7_S147,102625
15,C_C11_G4_AE_AE_mBHI_mBHI_4_S227,0,1523518,E4-e003Coalescence-mGAM-p7_S147,102625
16,C_E3_A4_AE_AA_mBHI_mGAM_6_S243,0,2145227,E4-e003Coalescence-mGAM-p7_S147,102625
17,C_E11_E4_AE_AA_mBHI_mGAM_4_S251,0,2164170,E4-e003Coalescence-mGAM-p7_S147,102625
18,C_G3_C4_AE_AE_mBHI_mGAM_6_S267,0,1555228,E4-e003Coalescence-mGAM-p7_S147,102625
19,C_G11_G4_AE_AE_mBHI_mGAM_4_S275,0,2041192,E4-e003Coalescence-mGAM-p7_S147,102625
20,C_H11_H4_AE_AF_mBHI_mGAM_4_S287,0,1662792,E4-e003Coalescence-mGAM-p7_S147,102625
21,D_E3_A4_AE_AA_mBHI_mGAM_6_S339,0,2168722,E4-e003Coalescence-mGAM-p7_S147,102625
22,D_G1_C2_AA_AE_mBHI_mGAM_6_S361,0,2165921,E4-e003Coalescence-mGAM-p7_S147,102625
23,D_G3_C4_AE_AE_mBHI_mGAM_6_S363,0,2139279,E4-e003Coalescence-mGAM-p7_S147,102625
24,D_H3_D4_AE_AF_mBHI_mGAM_6_S375,0,1929446,E4-e003Coalescence-mGAM-p7_S147,102625
25,C4-e003Coalescence-mGAM-p7,36,1507607,E4-e003Coalescence-mGAM-p7_S147,102625
26,C3-e003Coalescence-mGAM-p3,60,2175580,E4-e003Coalescence-mGAM-p7_S147,102625
27,C2-e003Coalescence-mGAM-p7,60,2190353,E4-e003Coalescence-mGAM-p7_S147,102625
28,B4-e003Coalescence-mGAM-p5,57,2112758,E4-e003Coalescence-mGAM-p7_S147,102625
29,D4-e003Coalescence-mGAM-p5,33,1378041,E4-e003Coalescence-mGAM-p7_S147,102625
30,C2-e003Coalescence-mGAM-p3,34,1272026,E4-e003Coalescence-mGAM-p7_S147,102625
31,C4-e003Coalescence-mGAM-p5,38,1470780,E4-e003Coalescence-mGAM-p7_S147,102625
32,C4-e003Coalescence-mGAM-p3,62,2170545,E4-e003Coalescence-mGAM-p7_S147,102625
33,C5-e003Coalescence-mGAM-p3,39,1755780,E4-e003Coalescence-mGAM-p7_S147,102625
34,C3-e003Coalescence-mGAM-p5,59,2102070,E4-e003Coalescence-mGAM-p7_S147,102625
35,D4-e003Coalescence-mGAM-p3,48,1955064,E4-e003Coalescence-mGAM-p7_S147,102625
36,C3-e003Coalescence-mGAM-p7,63,2177723,E4-e003Coalescence-mGAM-p7_S147,102625
37,C2-e003Coalescence-mGAM-p5,54,2091417,E4-e003Coalescence-mGAM-p7_S147,102625
38,H4-e003Coalescence-mGAM-p7_S183,0,2127707,E4-e003Coalescence-mGAM-p7_S147,102625
39,G3-e003Coalescence-mBHI-p5_S26,0,1984187,E4-e003Coalescence-mGAM-p7_S147,102625
40,E4-e003Coalescence-mGAM-p5_S51,0,2046969,E4-e003Coalescence-mGAM-p7_S147,102625
41,G5-e003Coalescence-mGAM-p3_S84,0,1327011,E4-e003Coalescence-mGAM-p7_S147,102625
42,G3-e003Coalescence-mBHI-p7_S122,0,2051412,E4-e003Coalescence-mGAM-p7_S147,102625
43,G5-e003Coalescence-mGAM-p7_S172,0,2000174,E4-e003Coalescence-mGAM-p7_S147,102625
44,G4-e003Coalescence-mGAM-p5_S75,0,2083119,E4-e003Coalescence-mGAM-p7_S147,102625
45,G2-e003Coalescence-mGAM-p5_S73,0,2095666,E4-e003Coalescence-mGAM-p7_S147,102625
46,G4-e003Coalescence-mGAM-p3_S83,0,2123891,E4-e003Coalescence-mGAM-p7_S147,102625
47,F4-e003Coalescence-mGAM-p5_S63,0,2012196,E4-e003Coalescence-mGAM-p7_S147,102625
48,G4-e003Coalescence-mGAM-p7_S171,0,1341178,E4-e003Coalescence-mGAM-p7_S147,102625
49,G3-e003Coalescence-mGAM-p3_S82,0,2148001,E4-e003Coalescence-mGAM-p7_S147,102625
50,G3-e003Coalescence-mGAM-p5_S74,0,2126090,E4-e003Coalescence-mGAM-p7_S147,102625
51,E4-e003Coalescence-mGAM-p7_S147,0,2145639,E4-e003Coalescence-mGAM-p7_S147,102625
52,E4-e003Coalescence-mGAM-p3_S59,0,2087042,E4-e003Coalescence-mGAM-p7_S147,102625
53,F4-e003Coalescence-mGAM-p3_S71,0,2109664,E4-e003Coalescence-mGAM-p7_S147,102625
54,F4-e003Coalescence-mGAM-p7_S159,0,2100682,E4-e003Coalescence-mGAM-p7_S147,102625
55,G2-e003Coalescence-mGAM-p3_S81,0,2106083,E4-e003Coalescence-mGAM-p7_S147,102625
56,C4-e003Coalescence-mGAM-p1_S738,0,1463124,E4-e003Coalescence-mGAM-p7_S147,102625
57,D4-e003Coalescence-mGAM-p1_S739,0,1848658,E4-e003Coalescence-mGAM-p7_S147,102625
58,B4-e003Coalescence-mGAM-p1_S737,0,1405634,E4-e003Coalescence-mGAM-p7_S147,102625
59,Coalescence-E5-C4-AE-AE-mBHI-mBHI-3_S672,0,2109217,E4-e003Coalescence-mGAM-p7_S147,102625
60,Coalescence-C6-A4-AA-AE-mBHI-mGAM-5_S649,0,2160650,E4-e003Coalescence-mGAM-p7_S147,102625
61,Coalescence-D12-B4-ACPP-AE-mBHI-mGAM-3_S667,0,2160583,E4-e003Coalescence-mGAM-p7_S147,102625
62,Coalescence-D8-A4-AA-AE-mBHI-mGAM-3_S663,0,2106366,E4-e003Coalescence-mGAM-p7_S147,102625
63,Coalescence-B9-G3-ACPP-AE-mBHI-mGAM-7_S640,0,2145029,E4-e003Coalescence-mGAM-p7_S147,102625
64,Coalescence-E4-C3-ACPP-AE-mBHI-mBHI-3_S671,0,1231438,E4-e003Coalescence-mGAM-p7_S147,102625
65,D_F11_e003Assembly_S359,1,2166211,E4-e003Coalescence-mGAM-p7_S147,102625
66,C_C2_e003Assembly_S218,0,2063067,E4-e003Coalescence-mGAM-p7_S147,102625
67,C_C6_e003Assembly_S222,0,1156589,E4-e003Coalescence-mGAM-p7_S147,102625
68,C_G6_e003Assembly_S270,1,1957903,E4-e003Coalescence-mGAM-p7_S147,102625
0,A_C3_C4_AE_AE_mBHI_mBHI_2_S27,0,1830153,E4-e003Coalescence-mGAM-p3_S59,102625
1,A_C4_C5_AF_AE_mBHI_mBHI_2_S28,1,1831891,E4-e003Coalescence-mGAM-p3_S59,102625
2,A_C11_C4_AE_AE_mBHI_mBHI_4_S35,0,1830141,E4-e003Coalescence-mGAM-p3_S59,102625
3,A_D11_D4_AE_AF_mBHI_mBHI_4_S47,1,1191497,E4-e003Coalescence-mGAM-p3_S59,102625
4,A_E3_A4_AE_AA_mBHI_mGAM_2_S51,0,1044170,E4-e003Coalescence-mGAM-p3_S59,102625
5,A_E11_A4_AE_AA_mBHI_mGAM_4_S59,0,2146010,E4-e003Coalescence-mGAM-p3_S59,102625
6,A_G1_C2_AA_AE_mBHI_mGAM_2_S73,0,2142841,E4-e003Coalescence-mGAM-p3_S59,102625
7,A_G3_C4_AE_AE_mBHI_mGAM_2_S75,0,2091004,E4-e003Coalescence-mGAM-p3_S59,102625
8,A_G4_C5_AF_AE_mBHI_mGAM_2_S76,0,1677063,E4-e003Coalescence-mGAM-p3_S59,102625
9,A_G9_C2_AA_AE_mBHI_mGAM_4_S81,0,2159450,E4-e003Coalescence-mGAM-p3_S59,102625
10,A_G10_C3_ACPP_AE_mBHI_mGAM_4_S82,0,2100659,E4-e003Coalescence-mGAM-p3_S59,102625
11,A_H3_D4_AE_AF_mBHI_mGAM_2_S87,0,1928409,E4-e003Coalescence-mGAM-p3_S59,102625
12,B_E3_E4_AE_AA_mBHI_mGAM_2_S147,0,1045740,E4-e003Coalescence-mGAM-p3_S59,102625
13,B_G1_G2_AA_AE_mBHI_mGAM_2_S169,0,2159590,E4-e003Coalescence-mGAM-p3_S59,102625
14,B_H3_H4_AE_AF_mBHI_mGAM_2_S183,0,1457926,E4-e003Coalescence-mGAM-p3_S59,102625
15,C_C11_G4_AE_AE_mBHI_mBHI_4_S227,0,1523518,E4-e003Coalescence-mGAM-p3_S59,102625
16,C_E3_A4_AE_AA_mBHI_mGAM_6_S243,0,2145227,E4-e003Coalescence-mGAM-p3_S59,102625
17,C_E11_E4_AE_AA_mBHI_mGAM_4_S251,0,2164170,E4-e003Coalescence-mGAM-p3_S59,102625
18,C_G3_C4_AE_AE_mBHI_mGAM_6_S267,0,1555228,E4-e003Coalescence-mGAM-p3_S59,102625
19,C_G11_G4_AE_AE_mBHI_mGAM_4_S275,0,2041192,E4-e003Coalescence-mGAM-p3_S59,102625
20,C_H11_H4_AE_AF_mBHI_mGAM_4_S287,1,1662792,E4-e003Coalescence-mGAM-p3_S59,102625
21,D_E3_A4_AE_AA_mBHI_mGAM_6_S339,0,2168722,E4-e003Coalescence-mGAM-p3_S59,102625
22,D_G1_C2_AA_AE_mBHI_mGAM_6_S361,0,2165921,E4-e003Coalescence-mGAM-p3_S59,102625
23,D_G3_C4_AE_AE_mBHI_mGAM_6_S363,0,2139279,E4-e003Coalescence-mGAM-p3_S59,102625
24,D_H3_D4_AE_AF_mBHI_mGAM_6_S375,0,1929446,E4-e003Coalescence-mGAM-p3_S59,102625
25,C4-e003Coalescence-mGAM-p7,29,1507607,E4-e003Coalescence-mGAM-p3_S59,102625
26,C3-e003Coalescence-mGAM-p3,49,2175580,E4-e003Coalescence-mGAM-p3_S59,102625
27,C2-e003Coalescence-mGAM-p7,50,2190353,E4-e003Coalescence-mGAM-p3_S59,102625
28,B4-e003Coalescence-mGAM-p5,49,2112758,E4-e003Coalescence-mGAM-p3_S59,102625
29,D4-e003Coalescence-mGAM-p5,23,1378041,E4-e003Coalescence-mGAM-p3_S59,102625
30,C2-e003Coalescence-mGAM-p3,31,1272026,E4-e003Coalescence-mGAM-p3_S59,102625
31,C4-e003Coalescence-mGAM-p5,34,1470780,E4-e003Coalescence-mGAM-p3_S59,102625
32,C4-e003Coalescence-mGAM-p3,52,2170545,E4-e003Coalescence-mGAM-p3_S59,102625
33,C5-e003Coalescence-mGAM-p3,30,1755780,E4-e003Coalescence-mGAM-p3_S59,102625
34,C3-e003Coalescence-mGAM-p5,49,2102070,E4-e003Coalescence-mGAM-p3_S59,102625
35,D4-e003Coalescence-mGAM-p3,38,1955064,E4-e003Coalescence-mGAM-p3_S59,102625
36,C3-e003Coalescence-mGAM-p7,52,2177723,E4-e003Coalescence-mGAM-p3_S59,102625
37,C2-e003Coalescence-mGAM-p5,48,2091417,E4-e003Coalescence-mGAM-p3_S59,102625
38,H4-e003Coalescence-mGAM-p7_S183,0,2127707,E4-e003Coalescence-mGAM-p3_S59,102625
39,G3-e003Coalescence-mBHI-p5_S26,2,1984187,E4-e003Coalescence-mGAM-p3_S59,102625
40,E4-e003Coalescence-mGAM-p5_S51,0,2046969,E4-e003Coalescence-mGAM-p3_S59,102625
41,G5-e003Coalescence-mGAM-p3_S84,0,1327011,E4-e003Coalescence-mGAM-p3_S59,102625
42,G3-e003Coalescence-mBHI-p7_S122,0,2051412,E4-e003Coalescence-mGAM-p3_S59,102625
43,G5-e003Coalescence-mGAM-p7_S172,0,2000174,E4-e003Coalescence-mGAM-p3_S59,102625
44,G4-e003Coalescence-mGAM-p5_S75,0,2083119,E4-e003Coalescence-mGAM-p3_S59,102625
45,G2-e003Coalescence-mGAM-p5_S73,0,2095666,E4-e003Coalescence-mGAM-p3_S59,102625
46,G4-e003Coalescence-mGAM-p3_S83,0,2123891,E4-e003Coalescence-mGAM-p3_S59,102625
47,F4-e003Coalescence-mGAM-p5_S63,0,2012196,E4-e003Coalescence-mGAM-p3_S59,102625
48,G4-e003Coalescence-mGAM-p7_S171,0,1341178,E4-e003Coalescence-mGAM-p3_S59,102625
49,G3-e003Coalescence-mGAM-p3_S82,0,2148001,E4-e003Coalescence-mGAM-p3_S59,102625
50,G3-e003Coalescence-mGAM-p5_S74,0,2126090,E4-e003Coalescence-mGAM-p3_S59,102625
51,E4-e003Coalescence-mGAM-p7_S147,0,2145639,E4-e003Coalescence-mGAM-p3_S59,102625
52,E4-e003Coalescence-mGAM-p3_S59,0,2087042,E4-e003Coalescence-mGAM-p3_S59,102625
53,F4-e003Coalescence-mGAM-p3_S71,0,2109664,E4-e003Coalescence-mGAM-p3_S59,102625
54,F4-e003Coalescence-mGAM-p7_S159,0,2100682,E4-e003Coalescence-mGAM-p3_S59,102625
55,G2-e003Coalescence-mGAM-p3_S81,0,2106083,E4-e003Coalescence-mGAM-p3_S59,102625
56,C4-e003Coalescence-mGAM-p1_S738,0,1463124,E4-e003Coalescence-mGAM-p3_S59,102625
57,D4-e003Coalescence-mGAM-p1_S739,0,1848658,E4-e003Coalescence-mGAM-p3_S59,102625
58,B4-e003Coalescence-mGAM-p1_S737,0,1405634,E4-e003Coalescence-mGAM-p3_S59,102625
59,Coalescence-E5-C4-AE-AE-mBHI-mBHI-3_S672,0,2109217,E4-e003Coalescence-mGAM-p3_S59,102625
60,Coalescence-C6-A4-AA-AE-mBHI-mGAM-5_S649,0,2160650,E4-e003Coalescence-mGAM-p3_S59,102625
61,Coalescence-D12-B4-ACPP-AE-mBHI-mGAM-3_S667,0,2160583,E4-e003Coalescence-mGAM-p3_S59,102625
62,Coalescence-D8-A4-AA-AE-mBHI-mGAM-3_S663,0,2106366,E4-e003Coalescence-mGAM-p3_S59,102625
63,Coalescence-B9-G3-ACPP-AE-mBHI-mGAM-7_S640,0,2145029,E4-e003Coalescence-mGAM-p3_S59,102625
64,Coalescence-E4-C3-ACPP-AE-mBHI-mBHI-3_S671,0,1231438,E4-e003Coalescence-mGAM-p3_S59,102625
65,D_F11_e003Assembly_S359,1,2166211,E4-e003Coalescence-mGAM-p3_S59,102625
66,C_C2_e003Assembly_S218,2,2063067,E4-e003Coalescence-mGAM-p3_S59,102625
67,C_C6_e003Assembly_S222,0,1156589,E4-e003Coalescence-mGAM-p3_S59,102625
68,C_G6_e003Assembly_S270,1,1957903,E4-e003Coalescence-mGAM-p3_S59,102625
0,A_C3_C4_AE_AE_mBHI_mBHI_2_S27,0,1830153,F4-e003Coalescence-mGAM-p3_S71,102625
1,A_C4_C5_AF_AE_mBHI_mBHI_2_S28,0,1831891,F4-e003Coalescence-mGAM-p3_S71,102625
2,A_C11_C4_AE_AE_mBHI_mBHI_4_S35,0,1830141,F4-e003Coalescence-mGAM-p3_S71,102625
3,A_D11_D4_AE_AF_mBHI_mBHI_4_S47,0,1191497,F4-e003Coalescence-mGAM-p3_S71,102625
4,A_E3_A4_AE_AA_mBHI_mGAM_2_S51,0,1044170,F4-e003Coalescence-mGAM-p3_S71,102625
5,A_E11_A4_AE_AA_mBHI_mGAM_4_S59,0,2146010,F4-e003Coalescence-mGAM-p3_S71,102625
6,A_G1_C2_AA_AE_mBHI_mGAM_2_S73,0,2142841,F4-e003Coalescence-mGAM-p3_S71,102625
7,A_G3_C4_AE_AE_mBHI_mGAM_2_S75,0,2091004,F4-e003Coalescence-mGAM-p3_S71,102625
8,A_G4_C5_AF_AE_mBHI_mGAM_2_S76,0,1677063,F4-e003Coalescence-mGAM-p3_S71,102625
9,A_G9_C2_AA_AE_mBHI_mGAM_4_S81,0,2159450,F4-e003Coalescence-mGAM-p3_S71,102625
10,A_G10_C3_ACPP_AE_mBHI_mGAM_4_S82,0,2100659,F4-e003Coalescence-mGAM-p3_S71,102625
11,A_H3_D4_AE_AF_mBHI_mGAM_2_S87,0,1928409,F4-e003Coalescence-mGAM-p3_S71,102625
12,B_E3_E4_AE_AA_mBHI_mGAM_2_S147,0,1045740,F4-e003Coalescence-mGAM-p3_S71,102625
13,B_G1_G2_AA_AE_mBHI_mGAM_2_S169,0,2159590,F4-e003Coalescence-mGAM-p3_S71,102625
14,B_H3_H4_AE_AF_mBHI_mGAM_2_S183,0,1457926,F4-e003Coalescence-mGAM-p3_S71,102625
15,C_C11_G4_AE_AE_mBHI_mBHI_4_S227,0,1523518,F4-e003Coalescence-mGAM-p3_S71,102625
16,C_E3_A4_AE_AA_mBHI_mGAM_6_S243,0,2145227,F4-e003Coalescence-mGAM-p3_S71,102625
17,C_E11_E4_AE_AA_mBHI_mGAM_4_S251,0,2164170,F4-e003Coalescence-mGAM-p3_S71,102625
18,C_G3_C4_AE_AE_mBHI_mGAM_6_S267,0,1555228,F4-e003Coalescence-mGAM-p3_S71,102625
19,C_G11_G4_AE_AE_mBHI_mGAM_4_S275,0,2041192,F4-e003Coalescence-mGAM-p3_S71,102625
20,C_H11_H4_AE_AF_mBHI_mGAM_4_S287,0,1662792,F4-e003Coalescence-mGAM-p3_S71,102625
21,D_E3_A4_AE_AA_mBHI_mGAM_6_S339,0,2168722,F4-e003Coalescence-mGAM-p3_S71,102625
22,D_G1_C2_AA_AE_mBHI_mGAM_6_S361,0,2165921,F4-e003Coalescence-mGAM-p3_S71,102625
23,D_G3_C4_AE_AE_mBHI_mGAM_6_S363,0,2139279,F4-e003Coalescence-mGAM-p3_S71,102625
24,D_H3_D4_AE_AF_mBHI_mGAM_6_S375,0,1929446,F4-e003Coalescence-mGAM-p3_S71,102625
25,C4-e003Coalescence-mGAM-p7,33,1507607,F4-e003Coalescence-mGAM-p3_S71,102625
26,C3-e003Coalescence-mGAM-p3,52,2175580,F4-e003Coalescence-mGAM-p3_S71,102625
27,C2-e003Coalescence-mGAM-p7,52,2190353,F4-e003Coalescence-mGAM-p3_S71,102625
28,B4-e003Coalescence-mGAM-p5,47,2112758,F4-e003Coalescence-mGAM-p3_S71,102625
29,D4-e003Coalescence-mGAM-p5,29,1378041,F4-e003Coalescence-mGAM-p3_S71,102625
30,C2-e003Coalescence-mGAM-p3,37,1272026,F4-e003Coalescence-mGAM-p3_S71,102625
31,C4-e003Coalescence-mGAM-p5,33,1470780,F4-e003Coalescence-mGAM-p3_S71,102625
32,C4-e003Coalescence-mGAM-p3,48,2170545,F4-e003Coalescence-mGAM-p3_S71,102625
33,C5-e003Coalescence-mGAM-p3,29,1755780,F4-e003Coalescence-mGAM-p3_S71,102625
34,C3-e003Coalescence-mGAM-p5,49,2102070,F4-e003Coalescence-mGAM-p3_S71,102625
35,D4-e003Coalescence-mGAM-p3,42,1955064,F4-e003Coalescence-mGAM-p3_S71,102625
36,C3-e003Coalescence-mGAM-p7,50,2177723,F4-e003Coalescence-mGAM-p3_S71,102625
37,C2-e003Coalescence-mGAM-p5,45,2091417,F4-e003Coalescence-mGAM-p3_S71,102625
38,H4-e003Coalescence-mGAM-p7_S183,0,2127707,F4-e003Coalescence-mGAM-p3_S71,102625
39,G3-e003Coalescence-mBHI-p5_S26,1,1984187,F4-e003Coalescence-mGAM-p3_S71,102625
40,E4-e003Coalescence-mGAM-p5_S51,0,2046969,F4-e003Coalescence-mGAM-p3_S71,102625
41,G5-e003Coalescence-mGAM-p3_S84,0,1327011,F4-e003Coalescence-mGAM-p3_S71,102625
42,G3-e003Coalescence-mBHI-p7_S122,0,2051412,F4-e003Coalescence-mGAM-p3_S71,102625
43,G5-e003Coalescence-mGAM-p7_S172,0,2000174,F4-e003Coalescence-mGAM-p3_S71,102625
44,G4-e003Coalescence-mGAM-p5_S75,0,2083119,F4-e003Coalescence-mGAM-p3_S71,102625
45,G2-e003Coalescence-mGAM-p5_S73,0,2095666,F4-e003Coalescence-mGAM-p3_S71,102625
46,G4-e003Coalescence-mGAM-p3_S83,0,2123891,F4-e003Coalescence-mGAM-p3_S71,102625
47,F4-e003Coalescence-mGAM-p5_S63,1,2012196,F4-e003Coalescence-mGAM-p3_S71,102625
48,G4-e003Coalescence-mGAM-p7_S171,0,1341178,F4-e003Coalescence-mGAM-p3_S71,102625
49,G3-e003Coalescence-mGAM-p3_S82,0,2148001,F4-e003Coalescence-mGAM-p3_S71,102625
50,G3-e003Coalescence-mGAM-p5_S74,0,2126090,F4-e003Coalescence-mGAM-p3_S71,102625
51,E4-e003Coalescence-mGAM-p7_S147,0,2145639,F4-e003Coalescence-mGAM-p3_S71,102625
52,E4-e003Coalescence-mGAM-p3_S59,0,2087042,F4-e003Coalescence-mGAM-p3_S71,102625
53,F4-e003Coalescence-mGAM-p3_S71,0,2109664,F4-e003Coalescence-mGAM-p3_S71,102625
54,F4-e003Coalescence-mGAM-p7_S159,0,2100682,F4-e003Coalescence-mGAM-p3_S71,102625
55,G2-e003Coalescence-mGAM-p3_S81,0,2106083,F4-e003Coalescence-mGAM-p3_S71,102625
56,C4-e003Coalescence-mGAM-p1_S738,0,1463124,F4-e003Coalescence-mGAM-p3_S71,102625
57,D4-e003Coalescence-mGAM-p1_S739,0,1848658,F4-e003Coalescence-mGAM-p3_S71,102625
58,B4-e003Coalescence-mGAM-p1_S737,0,1405634,F4-e003Coalescence-mGAM-p3_S71,102625
59,Coalescence-E5-C4-AE-AE-mBHI-mBHI-3_S672,0,2109217,F4-e003Coalescence-mGAM-p3_S71,102625
60,Coalescence-C6-A4-AA-AE-mBHI-mGAM-5_S649,0,2160650,F4-e003Coalescence-mGAM-p3_S71,102625
61,Coalescence-D12-B4-ACPP-AE-mBHI-mGAM-3_S667,0,2160583,F4-e003Coalescence-mGAM-p3_S71,102625
62,Coalescence-D8-A4-AA-AE-mBHI-mGAM-3_S663,0,2106366,F4-e003Coalescence-mGAM-p3_S71,102625
63,Coalescence-B9-G3-ACPP-AE-mBHI-mGAM-7_S640,0,2145029,F4-e003Coalescence-mGAM-p3_S71,102625
64,Coalescence-E4-C3-ACPP-AE-mBHI-mBHI-3_S671,0,1231438,F4-e003Coalescence-mGAM-p3_S71,102625
65,D_F11_e003Assembly_S359,1,2166211,F4-e003Coalescence-mGAM-p3_S71,102625
66,C_C2_e003Assembly_S218,1,2063067,F4-e003Coalescence-mGAM-p3_S71,102625
67,C_C6_e003Assembly_S222,0,1156589,F4-e003Coalescence-mGAM-p3_S71,102625
68,C_G6_e003Assembly_S270,1,1957903,F4-e003Coalescence-mGAM-p3_S71,102625
0,A_C3_C4_AE_AE_mBHI_mBHI_2_S27,0,1830153,F4-e003Coalescence-mGAM-p7_S159,102625
1,A_C4_C5_AF_AE_mBHI_mBHI_2_S28,2,1831891,F4-e003Coalescence-mGAM-p7_S159,102625
2,A_C11_C4_AE_AE_mBHI_mBHI_4_S35,2,1830141,F4-e003Coalescence-mGAM-p7_S159,102625
3,A_D11_D4_AE_AF_mBHI_mBHI_4_S47,0,1191497,F4-e003Coalescence-mGAM-p7_S159,102625
4,A_E3_A4_AE_AA_mBHI_mGAM_2_S51,0,1044170,F4-e003Coalescence-mGAM-p7_S159,102625
5,A_E11_A4_AE_AA_mBHI_mGAM_4_S59,0,2146010,F4-e003Coalescence-mGAM-p7_S159,102625
6,A_G1_C2_AA_AE_mBHI_mGAM_2_S73,0,2142841,F4-e003Coalescence-mGAM-p7_S159,102625
7,A_G3_C4_AE_AE_mBHI_mGAM_2_S75,0,2091004,F4-e003Coalescence-mGAM-p7_S159,102625
8,A_G4_C5_AF_AE_mBHI_mGAM_2_S76,0,1677063,F4-e003Coalescence-mGAM-p7_S159,102625
9,A_G9_C2_AA_AE_mBHI_mGAM_4_S81,0,2159450,F4-e003Coalescence-mGAM-p7_S159,102625
10,A_G10_C3_ACPP_AE_mBHI_mGAM_4_S82,0,2100659,F4-e003Coalescence-mGAM-p7_S159,102625
11,A_H3_D4_AE_AF_mBHI_mGAM_2_S87,0,1928409,F4-e003Coalescence-mGAM-p7_S159,102625
12,B_E3_E4_AE_AA_mBHI_mGAM_2_S147,0,1045740,F4-e003Coalescence-mGAM-p7_S159,102625
13,B_G1_G2_AA_AE_mBHI_mGAM_2_S169,0,2159590,F4-e003Coalescence-mGAM-p7_S159,102625
14,B_H3_H4_AE_AF_mBHI_mGAM_2_S183,0,1457926,F4-e003Coalescence-mGAM-p7_S159,102625
15,C_C11_G4_AE_AE_mBHI_mBHI_4_S227,2,1523518,F4-e003Coalescence-mGAM-p7_S159,102625
16,C_E3_A4_AE_AA_mBHI_mGAM_6_S243,0,2145227,F4-e003Coalescence-mGAM-p7_S159,102625
17,C_E11_E4_AE_AA_mBHI_mGAM_4_S251,0,2164170,F4-e003Coalescence-mGAM-p7_S159,102625
18,C_G3_C4_AE_AE_mBHI_mGAM_6_S267,0,1555228,F4-e003Coalescence-mGAM-p7_S159,102625
19,C_G11_G4_AE_AE_mBHI_mGAM_4_S275,0,2041192,F4-e003Coalescence-mGAM-p7_S159,102625
20,C_H11_H4_AE_AF_mBHI_mGAM_4_S287,0,1662792,F4-e003Coalescence-mGAM-p7_S159,102625
21,D_E3_A4_AE_AA_mBHI_mGAM_6_S339,0,2168722,F4-e003Coalescence-mGAM-p7_S159,102625
22,D_G1_C2_AA_AE_mBHI_mGAM_6_S361,0,2165921,F4-e003Coalescence-mGAM-p7_S159,102625
23,D_G3_C4_AE_AE_mBHI_mGAM_6_S363,0,2139279,F4-e003Coalescence-mGAM-p7_S159,102625
24,D_H3_D4_AE_AF_mBHI_mGAM_6_S375,0,1929446,F4-e003Coalescence-mGAM-p7_S159,102625
25,C4-e003Coalescence-mGAM-p7,33,1507607,F4-e003Coalescence-mGAM-p7_S159,102625
26,C3-e003Coalescence-mGAM-p3,57,2175580,F4-e003Coalescence-mGAM-p7_S159,102625
27,C2-e003Coalescence-mGAM-p7,56,2190353,F4-e003Coalescence-mGAM-p7_S159,102625
28,B4-e003Coalescence-mGAM-p5,55,2112758,F4-e003Coalescence-mGAM-p7_S159,102625
29,D4-e003Coalescence-mGAM-p5,31,1378041,F4-e003Coalescence-mGAM-p7_S159,102625
30,C2-e003Coalescence-mGAM-p3,36,1272026,F4-e003Coalescence-mGAM-p7_S159,102625
31,C4-e003Coalescence-mGAM-p5,38,1470780,F4-e003Coalescence-mGAM-p7_S159,102625
32,C4-e003Coalescence-mGAM-p3,59,2170545,F4-e003Coalescence-mGAM-p7_S159,102625
33,C5-e003Coalescence-mGAM-p3,36,1755780,F4-e003Coalescence-mGAM-p7_S159,102625
34,C3-e003Coalescence-mGAM-p5,55,2102070,F4-e003Coalescence-mGAM-p7_S159,102625
35,D4-e003Coalescence-mGAM-p3,46,1955064,F4-e003Coalescence-mGAM-p7_S159,102625
36,C3-e003Coalescence-mGAM-p7,59,2177723,F4-e003Coalescence-mGAM-p7_S159,102625
37,C2-e003Coalescence-mGAM-p5,50,2091417,F4-e003Coalescence-mGAM-p7_S159,102625
38,H4-e003Coalescence-mGAM-p7_S183,0,2127707,F4-e003Coalescence-mGAM-p7_S159,102625
39,G3-e003Coalescence-mBHI-p5_S26,0,1984187,F4-e003Coalescence-mGAM-p7_S159,102625
40,E4-e003Coalescence-mGAM-p5_S51,1,2046969,F4-e003Coalescence-mGAM-p7_S159,102625
41,G5-e003Coalescence-mGAM-p3_S84,0,1327011,F4-e003Coalescence-mGAM-p7_S159,102625
42,G3-e003Coalescence-mBHI-p7_S122,1,2051412,F4-e003Coalescence-mGAM-p7_S159,102625
43,G5-e003Coalescence-mGAM-p7_S172,0,2000174,F4-e003Coalescence-mGAM-p7_S159,102625
44,G4-e003Coalescence-mGAM-p5_S75,0,2083119,F4-e003Coalescence-mGAM-p7_S159,102625
45,G2-e003Coalescence-mGAM-p5_S73,0,2095666,F4-e003Coalescence-mGAM-p7_S159,102625
46,G4-e003Coalescence-mGAM-p3_S83,0,2123891,F4-e003Coalescence-mGAM-p7_S159,102625
47,F4-e003Coalescence-mGAM-p5_S63,0,2012196,F4-e003Coalescence-mGAM-p7_S159,102625
48,G4-e003Coalescence-mGAM-p7_S171,0,1341178,F4-e003Coalescence-mGAM-p7_S159,102625
49,G3-e003Coalescence-mGAM-p3_S82,0,2148001,F4-e003Coalescence-mGAM-p7_S159,102625
50,G3-e003Coalescence-mGAM-p5_S74,0,2126090,F4-e003Coalescence-mGAM-p7_S159,102625
51,E4-e003Coalescence-mGAM-p7_S147,0,2145639,F4-e003Coalescence-mGAM-p7_S159,102625
52,E4-e003Coalescence-mGAM-p3_S59,0,2087042,F4-e003Coalescence-mGAM-p7_S159,102625
53,F4-e003Coalescence-mGAM-p3_S71,0,2109664,F4-e003Coalescence-mGAM-p7_S159,102625
54,F4-e003Coalescence-mGAM-p7_S159,0,2100682,F4-e003Coalescence-mGAM-p7_S159,102625
55,G2-e003Coalescence-mGAM-p3_S81,0,2106083,F4-e003Coalescence-mGAM-p7_S159,102625
56,C4-e003Coalescence-mGAM-p1_S738,0,1463124,F4-e003Coalescence-mGAM-p7_S159,102625
57,D4-e003Coalescence-mGAM-p1_S739,0,1848658,F4-e003Coalescence-mGAM-p7_S159,102625
58,B4-e003Coalescence-mGAM-p1_S737,0,1405634,F4-e003Coalescence-mGAM-p7_S159,102625
59,Coalescence-E5-C4-AE-AE-mBHI-mBHI-3_S672,0,2109217,F4-e003Coalescence-mGAM-p7_S159,102625
60,Coalescence-C6-A4-AA-AE-mBHI-mGAM-5_S649,0,2160650,F4-e003Coalescence-mGAM-p7_S159,102625
61,Coalescence-D12-B4-ACPP-AE-mBHI-mGAM-3_S667,0,2160583,F4-e003Coalescence-mGAM-p7_S159,102625
62,Coalescence-D8-A4-AA-AE-mBHI-mGAM-3_S663,0,2106366,F4-e003Coalescence-mGAM-p7_S159,102625
63,Coalescence-B9-G3-ACPP-AE-mBHI-mGAM-7_S640,0,2145029,F4-e003Coalescence-mGAM-p7_S159,102625
64,Coalescence-E4-C3-ACPP-AE-mBHI-mBHI-3_S671,2,1231438,F4-e003Coalescence-mGAM-p7_S159,102625
65,D_F11_e003Assembly_S359,1,2166211,F4-e003Coalescence-mGAM-p7_S159,102625
66,C_C2_e003Assembly_S218,0,2063067,F4-e003Coalescence-mGAM-p7_S159,102625
67,C_C6_e003Assembly_S222,0,1156589,F4-e003Coalescence-mGAM-p7_S159,102625
68,C_G6_e003Assembly_S270,1,1957903,F4-e003Coalescence-mGAM-p7_S159,102625
0,A_C3_C4_AE_AE_mBHI_mBHI_2_S27,0,1830153,G2-e003Coalescence-mGAM-p3_S81,102625
1,A_C4_C5_AF_AE_mBHI_mBHI_2_S28,0,1831891,G2-e003Coalescence-mGAM-p3_S81,102625
2,A_C11_C4_AE_AE_mBHI_mBHI_4_S35,0,1830141,G2-e003Coalescence-mGAM-p3_S81,102625
3,A_D11_D4_AE_AF_mBHI_mBHI_4_S47,0,1191497,G2-e003Coalescence-mGAM-p3_S81,102625
4,A_E3_A4_AE_AA_mBHI_mGAM_2_S51,0,1044170,G2-e003Coalescence-mGAM-p3_S81,102625
5,A_E11_A4_AE_AA_mBHI_mGAM_4_S59,0,2146010,G2-e003Coalescence-mGAM-p3_S81,102625
6,A_G1_C2_AA_AE_mBHI_mGAM_2_S73,0,2142841,G2-e003Coalescence-mGAM-p3_S81,102625
7,A_G3_C4_AE_AE_mBHI_mGAM_2_S75,0,2091004,G2-e003Coalescence-mGAM-p3_S81,102625
8,A_G4_C5_AF_AE_mBHI_mGAM_2_S76,0,1677063,G2-e003Coalescence-mGAM-p3_S81,102625
9,A_G9_C2_AA_AE_mBHI_mGAM_4_S81,0,2159450,G2-e003Coalescence-mGAM-p3_S81,102625
10,A_G10_C3_ACPP_AE_mBHI_mGAM_4_S82,0,2100659,G2-e003Coalescence-mGAM-p3_S81,102625
11,A_H3_D4_AE_AF_mBHI_mGAM_2_S87,0,1928409,G2-e003Coalescence-mGAM-p3_S81,102625
12,B_E3_E4_AE_AA_mBHI_mGAM_2_S147,0,1045740,G2-e003Coalescence-mGAM-p3_S81,102625
13,B_G1_G2_AA_AE_mBHI_mGAM_2_S169,0,2159590,G2-e003Coalescence-mGAM-p3_S81,102625
14,B_H3_H4_AE_AF_mBHI_mGAM_2_S183,0,1457926,G2-e003Coalescence-mGAM-p3_S81,102625
15,C_C11_G4_AE_AE_mBHI_mBHI_4_S227,0,1523518,G2-e003Coalescence-mGAM-p3_S81,102625
16,C_E3_A4_AE_AA_mBHI_mGAM_6_S243,0,2145227,G2-e003Coalescence-mGAM-p3_S81,102625
17,C_E11_E4_AE_AA_mBHI_mGAM_4_S251,0,2164170,G2-e003Coalescence-mGAM-p3_S81,102625
18,C_G3_C4_AE_AE_mBHI_mGAM_6_S267,0,1555228,G2-e003Coalescence-mGAM-p3_S81,102625
19,C_G11_G4_AE_AE_mBHI_mGAM_4_S275,0,2041192,G2-e003Coalescence-mGAM-p3_S81,102625
20,C_H11_H4_AE_AF_mBHI_mGAM_4_S287,1,1662792,G2-e003Coalescence-mGAM-p3_S81,102625
21,D_E3_A4_AE_AA_mBHI_mGAM_6_S339,0,2168722,G2-e003Coalescence-mGAM-p3_S81,102625
22,D_G1_C2_AA_AE_mBHI_mGAM_6_S361,0,2165921,G2-e003Coalescence-mGAM-p3_S81,102625
23,D_G3_C4_AE_AE_mBHI_mGAM_6_S363,0,2139279,G2-e003Coalescence-mGAM-p3_S81,102625
24,D_H3_D4_AE_AF_mBHI_mGAM_6_S375,0,1929446,G2-e003Coalescence-mGAM-p3_S81,102625
25,C4-e003Coalescence-mGAM-p7,38,1507607,G2-e003Coalescence-mGAM-p3_S81,102625
26,C3-e003Coalescence-mGAM-p3,60,2175580,G2-e003Coalescence-mGAM-p3_S81,102625
27,C2-e003Coalescence-mGAM-p7,59,2190353,G2-e003Coalescence-mGAM-p3_S81,102625
28,B4-e003Coalescence-mGAM-p5,55,2112758,G2-e003Coalescence-mGAM-p3_S81,102625
29,D4-e003Coalescence-mGAM-p5,34,1378041,G2-e003Coalescence-mGAM-p3_S81,102625
30,C2-e003Coalescence-mGAM-p3,38,1272026,G2-e003Coalescence-mGAM-p3_S81,102625
31,C4-e003Coalescence-mGAM-p5,45,1470780,G2-e003Coalescence-mGAM-p3_S81,102625
32,C4-e003Coalescence-mGAM-p3,58,2170545,G2-e003Coalescence-mGAM-p3_S81,102625
33,C5-e003Coalescence-mGAM-p3,36,1755780,G2-e003Coalescence-mGAM-p3_S81,102625
34,C3-e003Coalescence-mGAM-p5,58,2102070,G2-e003Coalescence-mGAM-p3_S81,102625
35,D4-e003Coalescence-mGAM-p3,50,1955064,G2-e003Coalescence-mGAM-p3_S81,102625
36,C3-e003Coalescence-mGAM-p7,59,2177723,G2-e003Coalescence-mGAM-p3_S81,102625
37,C2-e003Coalescence-mGAM-p5,53,2091417,G2-e003Coalescence-mGAM-p3_S81,102625
38,H4-e003Coalescence-mGAM-p7_S183,0,2127707,G2-e003Coalescence-mGAM-p3_S81,102625
39,G3-e003Coalescence-mBHI-p5_S26,2,1984187,G2-e003Coalescence-mGAM-p3_S81,102625
40,E4-e003Coalescence-mGAM-p5_S51,0,2046969,G2-e003Coalescence-mGAM-p3_S81,102625
41,G5-e003Coalescence-mGAM-p3_S84,0,1327011,G2-e003Coalescence-mGAM-p3_S81,102625
42,G3-e003Coalescence-mBHI-p7_S122,0,2051412,G2-e003Coalescence-mGAM-p3_S81,102625
43,G5-e003Coalescence-mGAM-p7_S172,0,2000174,G2-e003Coalescence-mGAM-p3_S81,102625
44,G4-e003Coalescence-mGAM-p5_S75,0,2083119,G2-e003Coalescence-mGAM-p3_S81,102625
45,G2-e003Coalescence-mGAM-p5_S73,0,2095666,G2-e003Coalescence-mGAM-p3_S81,102625
46,G4-e003Coalescence-mGAM-p3_S83,0,2123891,G2-e003Coalescence-mGAM-p3_S81,102625
47,F4-e003Coalescence-mGAM-p5_S63,0,2012196,G2-e003Coalescence-mGAM-p3_S81,102625
48,G4-e003Coalescence-mGAM-p7_S171,0,1341178,G2-e003Coalescence-mGAM-p3_S81,102625
49,G3-e003Coalescence-mGAM-p3_S82,0,2148001,G2-e003Coalescence-mGAM-p3_S81,102625
50,G3-e003Coalescence-mGAM-p5_S74,0,2126090,G2-e003Coalescence-mGAM-p3_S81,102625
51,E4-e003Coalescence-mGAM-p7_S147,0,2145639,G2-e003Coalescence-mGAM-p3_S81,102625
52,E4-e003Coalescence-mGAM-p3_S59,0,2087042,G2-e003Coalescence-mGAM-p3_S81,102625
53,F4-e003Coalescence-mGAM-p3_S71,0,2109664,G2-e003Coalescence-mGAM-p3_S81,102625
54,F4-e003Coalescence-mGAM-p7_S159,0,2100682,G2-e003Coalescence-mGAM-p3_S81,102625
55,G2-e003Coalescence-mGAM-p3_S81,0,2106083,G2-e003Coalescence-mGAM-p3_S81,102625
56,C4-e003Coalescence-mGAM-p1_S738,0,1463124,G2-e003Coalescence-mGAM-p3_S81,102625
57,D4-e003Coalescence-mGAM-p1_S739,0,1848658,G2-e003Coalescence-mGAM-p3_S81,102625
58,B4-e003Coalescence-mGAM-p1_S737,0,1405634,G2-e003Coalescence-mGAM-p3_S81,102625
59,Coalescence-E5-C4-AE-AE-mBHI-mBHI-3_S672,0,2109217,G2-e003Coalescence-mGAM-p3_S81,102625
60,Coalescence-C6-A4-AA-AE-mBHI-mGAM-5_S649,0,2160650,G2-e003Coalescence-mGAM-p3_S81,102625
61,Coalescence-D12-B4-ACPP-AE-mBHI-mGAM-3_S667,0,2160583,G2-e003Coalescence-mGAM-p3_S81,102625
62,Coalescence-D8-A4-AA-AE-mBHI-mGAM-3_S663,0,2106366,G2-e003Coalescence-mGAM-p3_S81,102625
63,Coalescence-B9-G3-ACPP-AE-mBHI-mGAM-7_S640,0,2145029,G2-e003Coalescence-mGAM-p3_S81,102625
64,Coalescence-E4-C3-ACPP-AE-mBHI-mBHI-3_S671,0,1231438,G2-e003Coalescence-mGAM-p3_S81,102625
65,D_F11_e003Assembly_S359,1,2166211,G2-e003Coalescence-mGAM-p3_S81,102625
66,C_C2_e003Assembly_S218,0,2063067,G2-e003Coalescence-mGAM-p3_S81,102625
67,C_C6_e003Assembly_S222,0,1156589,G2-e003Coalescence-mGAM-p3_S81,102625
68,C_G6_e003Assembly_S270,1,1957903,G2-e003Coalescence-mGAM-p3_S81,102625
0,A_C3_C4_AE_AE_mBHI_mBHI_2_S27,0,1830153,C4-e003Coalescence-mGAM-p1_S738,102625
1,A_C4_C5_AF_AE_mBHI_mBHI_2_S28,0,1831891,C4-e003Coalescence-mGAM-p1_S738,102625
2,A_C11_C4_AE_AE_mBHI_mBHI_4_S35,0,1830141,C4-e003Coalescence-mGAM-p1_S738,102625
3,A_D11_D4_AE_AF_mBHI_mBHI_4_S47,2,1191497,C4-e003Coalescence-mGAM-p1_S738,102625
4,A_E3_A4_AE_AA_mBHI_mGAM_2_S51,0,1044170,C4-e003Coalescence-mGAM-p1_S738,102625
5,A_E11_A4_AE_AA_mBHI_mGAM_4_S59,0,2146010,C4-e003Coalescence-mGAM-p1_S738,102625
6,A_G1_C2_AA_AE_mBHI_mGAM_2_S73,0,2142841,C4-e003Coalescence-mGAM-p1_S738,102625
7,A_G3_C4_AE_AE_mBHI_mGAM_2_S75,0,2091004,C4-e003Coalescence-mGAM-p1_S738,102625
8,A_G4_C5_AF_AE_mBHI_mGAM_2_S76,0,1677063,C4-e003Coalescence-mGAM-p1_S738,102625
9,A_G9_C2_AA_AE_mBHI_mGAM_4_S81,0,2159450,C4-e003Coalescence-mGAM-p1_S738,102625
10,A_G10_C3_ACPP_AE_mBHI_mGAM_4_S82,0,2100659,C4-e003Coalescence-mGAM-p1_S738,102625
11,A_H3_D4_AE_AF_mBHI_mGAM_2_S87,0,1928409,C4-e003Coalescence-mGAM-p1_S738,102625
12,B_E3_E4_AE_AA_mBHI_mGAM_2_S147,0,1045740,C4-e003Coalescence-mGAM-p1_S738,102625
13,B_G1_G2_AA_AE_mBHI_mGAM_2_S169,0,2159590,C4-e003Coalescence-mGAM-p1_S738,102625
14,B_H3_H4_AE_AF_mBHI_mGAM_2_S183,0,1457926,C4-e003Coalescence-mGAM-p1_S738,102625
15,C_C11_G4_AE_AE_mBHI_mBHI_4_S227,0,1523518,C4-e003Coalescence-mGAM-p1_S738,102625
16,C_E3_A4_AE_AA_mBHI_mGAM_6_S243,0,2145227,C4-e003Coalescence-mGAM-p1_S738,102625
17,C_E11_E4_AE_AA_mBHI_mGAM_4_S251,0,2164170,C4-e003Coalescence-mGAM-p1_S738,102625
18,C_G3_C4_AE_AE_mBHI_mGAM_6_S267,0,1555228,C4-e003Coalescence-mGAM-p1_S738,102625
19,C_G11_G4_AE_AE_mBHI_mGAM_4_S275,0,2041192,C4-e003Coalescence-mGAM-p1_S738,102625
20,C_H11_H4_AE_AF_mBHI_mGAM_4_S287,0,1662792,C4-e003Coalescence-mGAM-p1_S738,102625
21,D_E3_A4_AE_AA_mBHI_mGAM_6_S339,0,2168722,C4-e003Coalescence-mGAM-p1_S738,102625
22,D_G1_C2_AA_AE_mBHI_mGAM_6_S361,0,2165921,C4-e003Coalescence-mGAM-p1_S738,102625
23,D_G3_C4_AE_AE_mBHI_mGAM_6_S363,0,2139279,C4-e003Coalescence-mGAM-p1_S738,102625
24,D_H3_D4_AE_AF_mBHI_mGAM_6_S375,0,1929446,C4-e003Coalescence-mGAM-p1_S738,102625
25,C4-e003Coalescence-mGAM-p7,19,1507607,C4-e003Coalescence-mGAM-p1_S738,102625
26,C3-e003Coalescence-mGAM-p3,28,2175580,C4-e003Coalescence-mGAM-p1_S738,102625
27,C2-e003Coalescence-mGAM-p7,29,2190353,C4-e003Coalescence-mGAM-p1_S738,102625
28,B4-e003Coalescence-mGAM-p5,27,2112758,C4-e003Coalescence-mGAM-p1_S738,102625
29,D4-e003Coalescence-mGAM-p5,19,1378041,C4-e003Coalescence-mGAM-p1_S738,102625
30,C2-e003Coalescence-mGAM-p3,21,1272026,C4-e003Coalescence-mGAM-p1_S738,102625
31,C4-e003Coalescence-mGAM-p5,19,1470780,C4-e003Coalescence-mGAM-p1_S738,102625
32,C4-e003Coalescence-mGAM-p3,28,2170545,C4-e003Coalescence-mGAM-p1_S738,102625
33,C5-e003Coalescence-mGAM-p3,15,1755780,C4-e003Coalescence-mGAM-p1_S738,102625
34,C3-e003Coalescence-mGAM-p5,29,2102070,C4-e003Coalescence-mGAM-p1_S738,102625
35,D4-e003Coalescence-mGAM-p3,23,1955064,C4-e003Coalescence-mGAM-p1_S738,102625
36,C3-e003Coalescence-mGAM-p7,30,2177723,C4-e003Coalescence-mGAM-p1_S738,102625
37,C2-e003Coalescence-mGAM-p5,27,2091417,C4-e003Coalescence-mGAM-p1_S738,102625
38,H4-e003Coalescence-mGAM-p7_S183,0,2127707,C4-e003Coalescence-mGAM-p1_S738,102625
39,G3-e003Coalescence-mBHI-p5_S26,0,1984187,C4-e003Coalescence-mGAM-p1_S738,102625
40,E4-e003Coalescence-mGAM-p5_S51,0,2046969,C4-e003Coalescence-mGAM-p1_S738,102625
41,G5-e003Coalescence-mGAM-p3_S84,0,1327011,C4-e003Coalescence-mGAM-p1_S738,102625
42,G3-e003Coalescence-mBHI-p7_S122,0,2051412,C4-e003Coalescence-mGAM-p1_S738,102625
43,G5-e003Coalescence-mGAM-p7_S172,0,2000174,C4-e003Coalescence-mGAM-p1_S738,102625
44,G4-e003Coalescence-mGAM-p5_S75,0,2083119,C4-e003Coalescence-mGAM-p1_S738,102625
45,G2-e003Coalescence-mGAM-p5_S73,0,2095666,C4-e003Coalescence-mGAM-p1_S738,102625
46,G4-e003Coalescence-mGAM-p3_S83,0,2123891,C4-e003Coalescence-mGAM-p1_S738,102625
47,F4-e003Coalescence-mGAM-p5_S63,0,2012196,C4-e003Coalescence-mGAM-p1_S738,102625
48,G4-e003Coalescence-mGAM-p7_S171,0,1341178,C4-e003Coalescence-mGAM-p1_S738,102625
49,G3-e003Coalescence-mGAM-p3_S82,0,2148001,C4-e003Coalescence-mGAM-p1_S738,102625
50,G3-e003Coalescence-mGAM-p5_S74,0,2126090,C4-e003Coalescence-mGAM-p1_S738,102625
51,E4-e003Coalescence-mGAM-p7_S147,0,2145639,C4-e003Coalescence-mGAM-p1_S738,102625
52,E4-e003Coalescence-mGAM-p3_S59,0,2087042,C4-e003Coalescence-mGAM-p1_S738,102625
53,F4-e003Coalescence-mGAM-p3_S71,0,2109664,C4-e003Coalescence-mGAM-p1_S738,102625
54,F4-e003Coalescence-mGAM-p7_S159,0,2100682,C4-e003Coalescence-mGAM-p1_S738,102625
55,G2-e003Coalescence-mGAM-p3_S81,0,2106083,C4-e003Coalescence-mGAM-p1_S738,102625
56,C4-e003Coalescence-mGAM-p1_S738,0,1463124,C4-e003Coalescence-mGAM-p1_S738,102625
57,D4-e003Coalescence-mGAM-p1_S739,0,1848658,C4-e003Coalescence-mGAM-p1_S738,102625
58,B4-e003Coalescence-mGAM-p1_S737,0,1405634,C4-e003Coalescence-mGAM-p1_S738,102625
59,Coalescence-E5-C4-AE-AE-mBHI-mBHI-3_S672,0,2109217,C4-e003Coalescence-mGAM-p1_S738,102625
60,Coalescence-C6-A4-AA-AE-mBHI-mGAM-5_S649,0,2160650,C4-e003Coalescence-mGAM-p1_S738,102625
61,Coalescence-D12-B4-ACPP-AE-mBHI-mGAM-3_S667,0,2160583,C4-e003Coalescence-mGAM-p1_S738,102625
62,Coalescence-D8-A4-AA-AE-mBHI-mGAM-3_S663,0,2106366,C4-e003Coalescence-mGAM-p1_S738,102625
63,Coalescence-B9-G3-ACPP-AE-mBHI-mGAM-7_S640,0,2145029,C4-e003Coalescence-mGAM-p1_S738,102625
64,Coalescence-E4-C3-ACPP-AE-mBHI-mBHI-3_S671,0,1231438,C4-e003Coalescence-mGAM-p1_S738,102625
65,D_F11_e003Assembly_S359,0,2166211,C4-e003Coalescence-mGAM-p1_S738,102625
66,C_C2_e003Assembly_S218,0,2063067,C4-e003Coalescence-mGAM-p1_S738,102625
67,C_C6_e003Assembly_S222,0,1156589,C4-e003Coalescence-mGAM-p1_S738,102625
68,C_G6_e003Assembly_S270,0,1957903,C4-e003Coalescence-mGAM-p1_S738,102625
0,A_C3_C4_AE_AE_mBHI_mBHI_2_S27,0,1830153,D4-e003Coalescence-mGAM-p1_S739,102625
1,A_C4_C5_AF_AE_mBHI_mBHI_2_S28,0,1831891,D4-e003Coalescence-mGAM-p1_S739,102625
2,A_C11_C4_AE_AE_mBHI_mBHI_4_S35,0,1830141,D4-e003Coalescence-mGAM-p1_S739,102625
3,A_D11_D4_AE_AF_mBHI_mBHI_4_S47,0,1191497,D4-e003Coalescence-mGAM-p1_S739,102625
4,A_E3_A4_AE_AA_mBHI_mGAM_2_S51,0,1044170,D4-e003Coalescence-mGAM-p1_S739,102625
5,A_E11_A4_AE_AA_mBHI_mGAM_4_S59,0,2146010,D4-e003Coalescence-mGAM-p1_S739,102625
6,A_G1_C2_AA_AE_mBHI_mGAM_2_S73,0,2142841,D4-e003Coalescence-mGAM-p1_S739,102625
7,A_G3_C4_AE_AE_mBHI_mGAM_2_S75,0,2091004,D4-e003Coalescence-mGAM-p1_S739,102625
8,A_G4_C5_AF_AE_mBHI_mGAM_2_S76,1,1677063,D4-e003Coalescence-mGAM-p1_S739,102625
9,A_G9_C2_AA_AE_mBHI_mGAM_4_S81,0,2159450,D4-e003Coalescence-mGAM-p1_S739,102625
10,A_G10_C3_ACPP_AE_mBHI_mGAM_4_S82,0,2100659,D4-e003Coalescence-mGAM-p1_S739,102625
11,A_H3_D4_AE_AF_mBHI_mGAM_2_S87,2,1928409,D4-e003Coalescence-mGAM-p1_S739,102625
12,B_E3_E4_AE_AA_mBHI_mGAM_2_S147,0,1045740,D4-e003Coalescence-mGAM-p1_S739,102625
13,B_G1_G2_AA_AE_mBHI_mGAM_2_S169,0,2159590,D4-e003Coalescence-mGAM-p1_S739,102625
14,B_H3_H4_AE_AF_mBHI_mGAM_2_S183,0,1457926,D4-e003Coalescence-mGAM-p1_S739,102625
15,C_C11_G4_AE_AE_mBHI_mBHI_4_S227,0,1523518,D4-e003Coalescence-mGAM-p1_S739,102625
16,C_E3_A4_AE_AA_mBHI_mGAM_6_S243,0,2145227,D4-e003Coalescence-mGAM-p1_S739,102625
17,C_E11_E4_AE_AA_mBHI_mGAM_4_S251,0,2164170,D4-e003Coalescence-mGAM-p1_S739,102625
18,C_G3_C4_AE_AE_mBHI_mGAM_6_S267,0,1555228,D4-e003Coalescence-mGAM-p1_S739,102625
19,C_G11_G4_AE_AE_mBHI_mGAM_4_S275,1,2041192,D4-e003Coalescence-mGAM-p1_S739,102625
20,C_H11_H4_AE_AF_mBHI_mGAM_4_S287,0,1662792,D4-e003Coalescence-mGAM-p1_S739,102625
21,D_E3_A4_AE_AA_mBHI_mGAM_6_S339,0,2168722,D4-e003Coalescence-mGAM-p1_S739,102625
22,D_G1_C2_AA_AE_mBHI_mGAM_6_S361,0,2165921,D4-e003Coalescence-mGAM-p1_S739,102625
23,D_G3_C4_AE_AE_mBHI_mGAM_6_S363,1,2139279,D4-e003Coalescence-mGAM-p1_S739,102625
24,D_H3_D4_AE_AF_mBHI_mGAM_6_S375,1,1929446,D4-e003Coalescence-mGAM-p1_S739,102625
25,C4-e003Coalescence-mGAM-p7,24,1507607,D4-e003Coalescence-mGAM-p1_S739,102625
26,C3-e003Coalescence-mGAM-p3,42,2175580,D4-e003Coalescence-mGAM-p1_S739,102625
27,C2-e003Coalescence-mGAM-p7,41,2190353,D4-e003Coalescence-mGAM-p1_S739,102625
28,B4-e003Coalescence-mGAM-p5,41,2112758,D4-e003Coalescence-mGAM-p1_S739,102625
29,D4-e003Coalescence-mGAM-p5,24,1378041,D4-e003Coalescence-mGAM-p1_S739,102625
30,C2-e003Coalescence-mGAM-p3,23,1272026,D4-e003Coalescence-mGAM-p1_S739,102625
31,C4-e003Coalescence-mGAM-p5,23,1470780,D4-e003Coalescence-mGAM-p1_S739,102625
32,C4-e003Coalescence-mGAM-p3,39,2170545,D4-e003Coalescence-mGAM-p1_S739,102625
33,C5-e003Coalescence-mGAM-p3,26,1755780,D4-e003Coalescence-mGAM-p1_S739,102625
34,C3-e003Coalescence-mGAM-p5,35,2102070,D4-e003Coalescence-mGAM-p1_S739,102625
35,D4-e003Coalescence-mGAM-p3,33,1955064,D4-e003Coalescence-mGAM-p1_S739,102625
36,C3-e003Coalescence-mGAM-p7,39,2177723,D4-e003Coalescence-mGAM-p1_S739,102625
37,C2-e003Coalescence-mGAM-p5,33,2091417,D4-e003Coalescence-mGAM-p1_S739,102625
38,H4-e003Coalescence-mGAM-p7_S183,0,2127707,D4-e003Coalescence-mGAM-p1_S739,102625
39,G3-e003Coalescence-mBHI-p5_S26,0,1984187,D4-e003Coalescence-mGAM-p1_S739,102625
40,E4-e003Coalescence-mGAM-p5_S51,2,2046969,D4-e003Coalescence-mGAM-p1_S739,102625
41,G5-e003Coalescence-mGAM-p3_S84,0,1327011,D4-e003Coalescence-mGAM-p1_S739,102625
42,G3-e003Coalescence-mBHI-p7_S122,0,2051412,D4-e003Coalescence-mGAM-p1_S739,102625
43,G5-e003Coalescence-mGAM-p7_S172,2,2000174,D4-e003Coalescence-mGAM-p1_S739,102625
44,G4-e003Coalescence-mGAM-p5_S75,0,2083119,D4-e003Coalescence-mGAM-p1_S739,102625
45,G2-e003Coalescence-mGAM-p5_S73,0,2095666,D4-e003Coalescence-mGAM-p1_S739,102625
46,G4-e003Coalescence-mGAM-p3_S83,0,2123891,D4-e003Coalescence-mGAM-p1_S739,102625
47,F4-e003Coalescence-mGAM-p5_S63,0,2012196,D4-e003Coalescence-mGAM-p1_S739,102625
48,G4-e003Coalescence-mGAM-p7_S171,0,1341178,D4-e003Coalescence-mGAM-p1_S739,102625
49,G3-e003Coalescence-mGAM-p3_S82,0,2148001,D4-e003Coalescence-mGAM-p1_S739,102625
50,G3-e003Coalescence-mGAM-p5_S74,0,2126090,D4-e003Coalescence-mGAM-p1_S739,102625
51,E4-e003Coalescence-mGAM-p7_S147,0,2145639,D4-e003Coalescence-mGAM-p1_S739,102625
52,E4-e003Coalescence-mGAM-p3_S59,0,2087042,D4-e003Coalescence-mGAM-p1_S739,102625
53,F4-e003Coalescence-mGAM-p3_S71,0,2109664,D4-e003Coalescence-mGAM-p1_S739,102625
54,F4-e003Coalescence-mGAM-p7_S159,0,2100682,D4-e003Coalescence-mGAM-p1_S739,102625
55,G2-e003Coalescence-mGAM-p3_S81,0,2106083,D4-e003Coalescence-mGAM-p1_S739,102625
56,C4-e003Coalescence-mGAM-p1_S738,0,1463124,D4-e003Coalescence-mGAM-p1_S739,102625
57,D4-e003Coalescence-mGAM-p1_S739,0,1848658,D4-e003Coalescence-mGAM-p1_S739,102625
58,B4-e003Coalescence-mGAM-p1_S737,0,1405634,D4-e003Coalescence-mGAM-p1_S739,102625
59,Coalescence-E5-C4-AE-AE-mBHI-mBHI-3_S672,0,2109217,D4-e003Coalescence-mGAM-p1_S739,102625
60,Coalescence-C6-A4-AA-AE-mBHI-mGAM-5_S649,0,2160650,D4-e003Coalescence-mGAM-p1_S739,102625
61,Coalescence-D12-B4-ACPP-AE-mBHI-mGAM-3_S667,0,2160583,D4-e003Coalescence-mGAM-p1_S739,102625
62,Coalescence-D8-A4-AA-AE-mBHI-mGAM-3_S663,0,2106366,D4-e003Coalescence-mGAM-p1_S739,102625
63,Coalescence-B9-G3-ACPP-AE-mBHI-mGAM-7_S640,1,2145029,D4-e003Coalescence-mGAM-p1_S739,102625
64,Coalescence-E4-C3-ACPP-AE-mBHI-mBHI-3_S671,0,1231438,D4-e003Coalescence-mGAM-p1_S739,102625
65,D_F11_e003Assembly_S359,1,2166211,D4-e003Coalescence-mGAM-p1_S739,102625
66,C_C2_e003Assembly_S218,2,2063067,D4-e003Coalescence-mGAM-p1_S739,102625
67,C_C6_e003Assembly_S222,0,1156589,D4-e003Coalescence-mGAM-p1_S739,102625
68,C_G6_e003Assembly_S270,1,1957903,D4-e003Coalescence-mGAM-p1_S739,102625
0,A_C3_C4_AE_AE_mBHI_mBHI_2_S27,0,1830153,B4-e003Coalescence-mGAM-p1_S737,102625
1,A_C4_C5_AF_AE_mBHI_mBHI_2_S28,0,1831891,B4-e003Coalescence-mGAM-p1_S737,102625
2,A_C11_C4_AE_AE_mBHI_mBHI_4_S35,0,1830141,B4-e003Coalescence-mGAM-p1_S737,102625
3,A_D11_D4_AE_AF_mBHI_mBHI_4_S47,2,1191497,B4-e003Coalescence-mGAM-p1_S737,102625
4,A_E3_A4_AE_AA_mBHI_mGAM_2_S51,1,1044170,B4-e003Coalescence-mGAM-p1_S737,102625
5,A_E11_A4_AE_AA_mBHI_mGAM_4_S59,0,2146010,B4-e003Coalescence-mGAM-p1_S737,102625
6,A_G1_C2_AA_AE_mBHI_mGAM_2_S73,0,2142841,B4-e003Coalescence-mGAM-p1_S737,102625
7,A_G3_C4_AE_AE_mBHI_mGAM_2_S75,0,2091004,B4-e003Coalescence-mGAM-p1_S737,102625
8,A_G4_C5_AF_AE_mBHI_mGAM_2_S76,0,1677063,B4-e003Coalescence-mGAM-p1_S737,102625
9,A_G9_C2_AA_AE_mBHI_mGAM_4_S81,0,2159450,B4-e003Coalescence-mGAM-p1_S737,102625
10,A_G10_C3_ACPP_AE_mBHI_mGAM_4_S82,1,2100659,B4-e003Coalescence-mGAM-p1_S737,102625
11,A_H3_D4_AE_AF_mBHI_mGAM_2_S87,0,1928409,B4-e003Coalescence-mGAM-p1_S737,102625
12,B_E3_E4_AE_AA_mBHI_mGAM_2_S147,0,1045740,B4-e003Coalescence-mGAM-p1_S737,102625
13,B_G1_G2_AA_AE_mBHI_mGAM_2_S169,0,2159590,B4-e003Coalescence-mGAM-p1_S737,102625
14,B_H3_H4_AE_AF_mBHI_mGAM_2_S183,0,1457926,B4-e003Coalescence-mGAM-p1_S737,102625
15,C_C11_G4_AE_AE_mBHI_mBHI_4_S227,0,1523518,B4-e003Coalescence-mGAM-p1_S737,102625
16,C_E3_A4_AE_AA_mBHI_mGAM_6_S243,0,2145227,B4-e003Coalescence-mGAM-p1_S737,102625
17,C_E11_E4_AE_AA_mBHI_mGAM_4_S251,0,2164170,B4-e003Coalescence-mGAM-p1_S737,102625
18,C_G3_C4_AE_AE_mBHI_mGAM_6_S267,1,1555228,B4-e003Coalescence-mGAM-p1_S737,102625
19,C_G11_G4_AE_AE_mBHI_mGAM_4_S275,0,2041192,B4-e003Coalescence-mGAM-p1_S737,102625
20,C_H11_H4_AE_AF_mBHI_mGAM_4_S287,1,1662792,B4-e003Coalescence-mGAM-p1_S737,102625
21,D_E3_A4_AE_AA_mBHI_mGAM_6_S339,0,2168722,B4-e003Coalescence-mGAM-p1_S737,102625
22,D_G1_C2_AA_AE_mBHI_mGAM_6_S361,0,2165921,B4-e003Coalescence-mGAM-p1_S737,102625
23,D_G3_C4_AE_AE_mBHI_mGAM_6_S363,0,2139279,B4-e003Coalescence-mGAM-p1_S737,102625
24,D_H3_D4_AE_AF_mBHI_mGAM_6_S375,0,1929446,B4-e003Coalescence-mGAM-p1_S737,102625
25,C4-e003Coalescence-mGAM-p7,25,1507607,B4-e003Coalescence-mGAM-p1_S737,102625
26,C3-e003Coalescence-mGAM-p3,35,2175580,B4-e003Coalescence-mGAM-p1_S737,102625
27,C2-e003Coalescence-mGAM-p7,33,2190353,B4-e003Coalescence-mGAM-p1_S737,102625
28,B4-e003Coalescence-mGAM-p5,34,2112758,B4-e003Coalescence-mGAM-p1_S737,102625
29,D4-e003Coalescence-mGAM-p5,22,1378041,B4-e003Coalescence-mGAM-p1_S737,102625
30,C2-e003Coalescence-mGAM-p3,25,1272026,B4-e003Coalescence-mGAM-p1_S737,102625
31,C4-e003Coalescence-mGAM-p5,30,1470780,B4-e003Coalescence-mGAM-p1_S737,102625
32,C4-e003Coalescence-mGAM-p3,34,2170545,B4-e003Coalescence-mGAM-p1_S737,102625
33,C5-e003Coalescence-mGAM-p3,22,1755780,B4-e003Coalescence-mGAM-p1_S737,102625
34,C3-e003Coalescence-mGAM-p5,34,2102070,B4-e003Coalescence-mGAM-p1_S737,102625
35,D4-e003Coalescence-mGAM-p3,29,1955064,B4-e003Coalescence-mGAM-p1_S737,102625
36,C3-e003Coalescence-mGAM-p7,34,2177723,B4-e003Coalescence-mGAM-p1_S737,102625
37,C2-e003Coalescence-mGAM-p5,35,2091417,B4-e003Coalescence-mGAM-p1_S737,102625
38,H4-e003Coalescence-mGAM-p7_S183,0,2127707,B4-e003Coalescence-mGAM-p1_S737,102625
39,G3-e003Coalescence-mBHI-p5_S26,2,1984187,B4-e003Coalescence-mGAM-p1_S737,102625
40,E4-e003Coalescence-mGAM-p5_S51,1,2046969,B4-e003Coalescence-mGAM-p1_S737,102625
41,G5-e003Coalescence-mGAM-p3_S84,0,1327011,B4-e003Coalescence-mGAM-p1_S737,102625
42,G3-e003Coalescence-mBHI-p7_S122,1,2051412,B4-e003Coalescence-mGAM-p1_S737,102625
43,G5-e003Coalescence-mGAM-p7_S172,0,2000174,B4-e003Coalescence-mGAM-p1_S737,102625
44,G4-e003Coalescence-mGAM-p5_S75,0,2083119,B4-e003Coalescence-mGAM-p1_S737,102625
45,G2-e003Coalescence-mGAM-p5_S73,0,2095666,B4-e003Coalescence-mGAM-p1_S737,102625
46,G4-e003Coalescence-mGAM-p3_S83,1,2123891,B4-e003Coalescence-mGAM-p1_S737,102625
47,F4-e003Coalescence-mGAM-p5_S63,1,2012196,B4-e003Coalescence-mGAM-p1_S737,102625
48,G4-e003Coalescence-mGAM-p7_S171,0,1341178,B4-e003Coalescence-mGAM-p1_S737,102625
49,G3-e003Coalescence-mGAM-p3_S82,0,2148001,B4-e003Coalescence-mGAM-p1_S737,102625
50,G3-e003Coalescence-mGAM-p5_S74,0,2126090,B4-e003Coalescence-mGAM-p1_S737,102625
51,E4-e003Coalescence-mGAM-p7_S147,0,2145639,B4-e003Coalescence-mGAM-p1_S737,102625
52,E4-e003Coalescence-mGAM-p3_S59,0,2087042,B4-e003Coalescence-mGAM-p1_S737,102625
53,F4-e003Coalescence-mGAM-p3_S71,0,2109664,B4-e003Coalescence-mGAM-p1_S737,102625
54,F4-e003Coalescence-mGAM-p7_S159,0,2100682,B4-e003Coalescence-mGAM-p1_S737,102625
55,G2-e003Coalescence-mGAM-p3_S81,0,2106083,B4-e003Coalescence-mGAM-p1_S737,102625
56,C4-e003Coalescence-mGAM-p1_S738,0,1463124,B4-e003Coalescence-mGAM-p1_S737,102625
57,D4-e003Coalescence-mGAM-p1_S739,0,1848658,B4-e003Coalescence-mGAM-p1_S737,102625
58,B4-e003Coalescence-mGAM-p1_S737,0,1405634,B4-e003Coalescence-mGAM-p1_S737,102625
59,Coalescence-E5-C4-AE-AE-mBHI-mBHI-3_S672,2,2109217,B4-e003Coalescence-mGAM-p1_S737,102625
60,Coalescence-C6-A4-AA-AE-mBHI-mGAM-5_S649,0,2160650,B4-e003Coalescence-mGAM-p1_S737,102625
61,Coalescence-D12-B4-ACPP-AE-mBHI-mGAM-3_S667,0,2160583,B4-e003Coalescence-mGAM-p1_S737,102625
62,Coalescence-D8-A4-AA-AE-mBHI-mGAM-3_S663,0,2106366,B4-e003Coalescence-mGAM-p1_S737,102625
63,Coalescence-B9-G3-ACPP-AE-mBHI-mGAM-7_S640,0,2145029,B4-e003Coalescence-mGAM-p1_S737,102625
64,Coalescence-E4-C3-ACPP-AE-mBHI-mBHI-3_S671,1,1231438,B4-e003Coalescence-mGAM-p1_S737,102625
65,D_F11_e003Assembly_S359,1,2166211,B4-e003Coalescence-mGAM-p1_S737,102625
66,C_C2_e003Assembly_S218,0,2063067,B4-e003Coalescence-mGAM-p1_S737,102625
67,C_C6_e003Assembly_S222,1,1156589,B4-e003Coalescence-mGAM-p1_S737,102625
68,C_G6_e003Assembly_S270,2,1957903,B4-e003Coalescence-mGAM-p1_S737,102625
0,A_C3_C4_AE_AE_mBHI_mBHI_2_S27,0,1830153,Coalescence-E5-C4-AE-AE-mBHI-mBHI-3_S672,102625
1,A_C4_C5_AF_AE_mBHI_mBHI_2_S28,0,1831891,Coalescence-E5-C4-AE-AE-mBHI-mBHI-3_S672,102625
2,A_C11_C4_AE_AE_mBHI_mBHI_4_S35,0,1830141,Coalescence-E5-C4-AE-AE-mBHI-mBHI-3_S672,102625
3,A_D11_D4_AE_AF_mBHI_mBHI_4_S47,0,1191497,Coalescence-E5-C4-AE-AE-mBHI-mBHI-3_S672,102625
4,A_E3_A4_AE_AA_mBHI_mGAM_2_S51,0,1044170,Coalescence-E5-C4-AE-AE-mBHI-mBHI-3_S672,102625
5,A_E11_A4_AE_AA_mBHI_mGAM_4_S59,0,2146010,Coalescence-E5-C4-AE-AE-mBHI-mBHI-3_S672,102625
6,A_G1_C2_AA_AE_mBHI_mGAM_2_S73,0,2142841,Coalescence-E5-C4-AE-AE-mBHI-mBHI-3_S672,102625
7,A_G3_C4_AE_AE_mBHI_mGAM_2_S75,0,2091004,Coalescence-E5-C4-AE-AE-mBHI-mBHI-3_S672,102625
8,A_G4_C5_AF_AE_mBHI_mGAM_2_S76,0,1677063,Coalescence-E5-C4-AE-AE-mBHI-mBHI-3_S672,102625
9,A_G9_C2_AA_AE_mBHI_mGAM_4_S81,0,2159450,Coalescence-E5-C4-AE-AE-mBHI-mBHI-3_S672,102625
10,A_G10_C3_ACPP_AE_mBHI_mGAM_4_S82,0,2100659,Coalescence-E5-C4-AE-AE-mBHI-mBHI-3_S672,102625
11,A_H3_D4_AE_AF_mBHI_mGAM_2_S87,0,1928409,Coalescence-E5-C4-AE-AE-mBHI-mBHI-3_S672,102625
12,B_E3_E4_AE_AA_mBHI_mGAM_2_S147,0,1045740,Coalescence-E5-C4-AE-AE-mBHI-mBHI-3_S672,102625
13,B_G1_G2_AA_AE_mBHI_mGAM_2_S169,0,2159590,Coalescence-E5-C4-AE-AE-mBHI-mBHI-3_S672,102625
14,B_H3_H4_AE_AF_mBHI_mGAM_2_S183,0,1457926,Coalescence-E5-C4-AE-AE-mBHI-mBHI-3_S672,102625
15,C_C11_G4_AE_AE_mBHI_mBHI_4_S227,0,1523518,Coalescence-E5-C4-AE-AE-mBHI-mBHI-3_S672,102625
16,C_E3_A4_AE_AA_mBHI_mGAM_6_S243,0,2145227,Coalescence-E5-C4-AE-AE-mBHI-mBHI-3_S672,102625
17,C_E11_E4_AE_AA_mBHI_mGAM_4_S251,0,2164170,Coalescence-E5-C4-AE-AE-mBHI-mBHI-3_S672,102625
18,C_G3_C4_AE_AE_mBHI_mGAM_6_S267,0,1555228,Coalescence-E5-C4-AE-AE-mBHI-mBHI-3_S672,102625
19,C_G11_G4_AE_AE_mBHI_mGAM_4_S275,0,2041192,Coalescence-E5-C4-AE-AE-mBHI-mBHI-3_S672,102625
20,C_H11_H4_AE_AF_mBHI_mGAM_4_S287,0,1662792,Coalescence-E5-C4-AE-AE-mBHI-mBHI-3_S672,102625
21,D_E3_A4_AE_AA_mBHI_mGAM_6_S339,0,2168722,Coalescence-E5-C4-AE-AE-mBHI-mBHI-3_S672,102625
22,D_G1_C2_AA_AE_mBHI_mGAM_6_S361,0,2165921,Coalescence-E5-C4-AE-AE-mBHI-mBHI-3_S672,102625
23,D_G3_C4_AE_AE_mBHI_mGAM_6_S363,0,2139279,Coalescence-E5-C4-AE-AE-mBHI-mBHI-3_S672,102625
24,D_H3_D4_AE_AF_mBHI_mGAM_6_S375,0,1929446,Coalescence-E5-C4-AE-AE-mBHI-mBHI-3_S672,102625
25,C4-e003Coalescence-mGAM-p7,34,1507607,Coalescence-E5-C4-AE-AE-mBHI-mBHI-3_S672,102625
26,C3-e003Coalescence-mGAM-p3,53,2175580,Coalescence-E5-C4-AE-AE-mBHI-mBHI-3_S672,102625
27,C2-e003Coalescence-mGAM-p7,54,2190353,Coalescence-E5-C4-AE-AE-mBHI-mBHI-3_S672,102625
28,B4-e003Coalescence-mGAM-p5,50,2112758,Coalescence-E5-C4-AE-AE-mBHI-mBHI-3_S672,102625
29,D4-e003Coalescence-mGAM-p5,31,1378041,Coalescence-E5-C4-AE-AE-mBHI-mBHI-3_S672,102625
30,C2-e003Coalescence-mGAM-p3,33,1272026,Coalescence-E5-C4-AE-AE-mBHI-mBHI-3_S672,102625
31,C4-e003Coalescence-mGAM-p5,33,1470780,Coalescence-E5-C4-AE-AE-mBHI-mBHI-3_S672,102625
32,C4-e003Coalescence-mGAM-p3,54,2170545,Coalescence-E5-C4-AE-AE-mBHI-mBHI-3_S672,102625
33,C5-e003Coalescence-mGAM-p3,32,1755780,Coalescence-E5-C4-AE-AE-mBHI-mBHI-3_S672,102625
34,C3-e003Coalescence-mGAM-p5,52,2102070,Coalescence-E5-C4-AE-AE-mBHI-mBHI-3_S672,102625
35,D4-e003Coalescence-mGAM-p3,44,1955064,Coalescence-E5-C4-AE-AE-mBHI-mBHI-3_S672,102625
36,C3-e003Coalescence-mGAM-p7,56,2177723,Coalescence-E5-C4-AE-AE-mBHI-mBHI-3_S672,102625
37,C2-e003Coalescence-mGAM-p5,48,2091417,Coalescence-E5-C4-AE-AE-mBHI-mBHI-3_S672,102625
38,H4-e003Coalescence-mGAM-p7_S183,0,2127707,Coalescence-E5-C4-AE-AE-mBHI-mBHI-3_S672,102625
39,G3-e003Coalescence-mBHI-p5_S26,0,1984187,Coalescence-E5-C4-AE-AE-mBHI-mBHI-3_S672,102625
40,E4-e003Coalescence-mGAM-p5_S51,0,2046969,Coalescence-E5-C4-AE-AE-mBHI-mBHI-3_S672,102625
41,G5-e003Coalescence-mGAM-p3_S84,0,1327011,Coalescence-E5-C4-AE-AE-mBHI-mBHI-3_S672,102625
42,G3-e003Coalescence-mBHI-p7_S122,0,2051412,Coalescence-E5-C4-AE-AE-mBHI-mBHI-3_S672,102625
43,G5-e003Coalescence-mGAM-p7_S172,0,2000174,Coalescence-E5-C4-AE-AE-mBHI-mBHI-3_S672,102625
44,G4-e003Coalescence-mGAM-p5_S75,0,2083119,Coalescence-E5-C4-AE-AE-mBHI-mBHI-3_S672,102625
45,G2-e003Coalescence-mGAM-p5_S73,0,2095666,Coalescence-E5-C4-AE-AE-mBHI-mBHI-3_S672,102625
46,G4-e003Coalescence-mGAM-p3_S83,0,2123891,Coalescence-E5-C4-AE-AE-mBHI-mBHI-3_S672,102625
47,F4-e003Coalescence-mGAM-p5_S63,0,2012196,Coalescence-E5-C4-AE-AE-mBHI-mBHI-3_S672,102625
48,G4-e003Coalescence-mGAM-p7_S171,0,1341178,Coalescence-E5-C4-AE-AE-mBHI-mBHI-3_S672,102625
49,G3-e003Coalescence-mGAM-p3_S82,0,2148001,Coalescence-E5-C4-AE-AE-mBHI-mBHI-3_S672,102625
50,G3-e003Coalescence-mGAM-p5_S74,0,2126090,Coalescence-E5-C4-AE-AE-mBHI-mBHI-3_S672,102625
51,E4-e003Coalescence-mGAM-p7_S147,0,2145639,Coalescence-E5-C4-AE-AE-mBHI-mBHI-3_S672,102625
52,E4-e003Coalescence-mGAM-p3_S59,0,2087042,Coalescence-E5-C4-AE-AE-mBHI-mBHI-3_S672,102625
53,F4-e003Coalescence-mGAM-p3_S71,0,2109664,Coalescence-E5-C4-AE-AE-mBHI-mBHI-3_S672,102625
54,F4-e003Coalescence-mGAM-p7_S159,0,2100682,Coalescence-E5-C4-AE-AE-mBHI-mBHI-3_S672,102625
55,G2-e003Coalescence-mGAM-p3_S81,0,2106083,Coalescence-E5-C4-AE-AE-mBHI-mBHI-3_S672,102625
56,C4-e003Coalescence-mGAM-p1_S738,0,1463124,Coalescence-E5-C4-AE-AE-mBHI-mBHI-3_S672,102625
57,D4-e003Coalescence-mGAM-p1_S739,0,1848658,Coalescence-E5-C4-AE-AE-mBHI-mBHI-3_S672,102625
58,B4-e003Coalescence-mGAM-p1_S737,2,1405634,Coalescence-E5-C4-AE-AE-mBHI-mBHI-3_S672,102625
59,Coalescence-E5-C4-AE-AE-mBHI-mBHI-3_S672,0,2109217,Coalescence-E5-C4-AE-AE-mBHI-mBHI-3_S672,102625
60,Coalescence-C6-A4-AA-AE-mBHI-mGAM-5_S649,0,2160650,Coalescence-E5-C4-AE-AE-mBHI-mBHI-3_S672,102625
61,Coalescence-D12-B4-ACPP-AE-mBHI-mGAM-3_S667,0,2160583,Coalescence-E5-C4-AE-AE-mBHI-mBHI-3_S672,102625
62,Coalescence-D8-A4-AA-AE-mBHI-mGAM-3_S663,0,2106366,Coalescence-E5-C4-AE-AE-mBHI-mBHI-3_S672,102625
63,Coalescence-B9-G3-ACPP-AE-mBHI-mGAM-7_S640,0,2145029,Coalescence-E5-C4-AE-AE-mBHI-mBHI-3_S672,102625
64,Coalescence-E4-C3-ACPP-AE-mBHI-mBHI-3_S671,0,1231438,Coalescence-E5-C4-AE-AE-mBHI-mBHI-3_S672,102625
65,D_F11_e003Assembly_S359,0,2166211,Coalescence-E5-C4-AE-AE-mBHI-mBHI-3_S672,102625
66,C_C2_e003Assembly_S218,0,2063067,Coalescence-E5-C4-AE-AE-mBHI-mBHI-3_S672,102625
67,C_C6_e003Assembly_S222,1,1156589,Coalescence-E5-C4-AE-AE-mBHI-mBHI-3_S672,102625
68,C_G6_e003Assembly_S270,0,1957903,Coalescence-E5-C4-AE-AE-mBHI-mBHI-3_S672,102625
0,A_C3_C4_AE_AE_mBHI_mBHI_2_S27,0,1830153,Coalescence-C6-A4-AA-AE-mBHI-mGAM-5_S649,102625
1,A_C4_C5_AF_AE_mBHI_mBHI_2_S28,0,1831891,Coalescence-C6-A4-AA-AE-mBHI-mGAM-5_S649,102625
2,A_C11_C4_AE_AE_mBHI_mBHI_4_S35,0,1830141,Coalescence-C6-A4-AA-AE-mBHI-mGAM-5_S649,102625
3,A_D11_D4_AE_AF_mBHI_mBHI_4_S47,0,1191497,Coalescence-C6-A4-AA-AE-mBHI-mGAM-5_S649,102625
4,A_E3_A4_AE_AA_mBHI_mGAM_2_S51,0,1044170,Coalescence-C6-A4-AA-AE-mBHI-mGAM-5_S649,102625
5,A_E11_A4_AE_AA_mBHI_mGAM_4_S59,0,2146010,Coalescence-C6-A4-AA-AE-mBHI-mGAM-5_S649,102625
6,A_G1_C2_AA_AE_mBHI_mGAM_2_S73,0,2142841,Coalescence-C6-A4-AA-AE-mBHI-mGAM-5_S649,102625
7,A_G3_C4_AE_AE_mBHI_mGAM_2_S75,0,2091004,Coalescence-C6-A4-AA-AE-mBHI-mGAM-5_S649,102625
8,A_G4_C5_AF_AE_mBHI_mGAM_2_S76,0,1677063,Coalescence-C6-A4-AA-AE-mBHI-mGAM-5_S649,102625
9,A_G9_C2_AA_AE_mBHI_mGAM_4_S81,0,2159450,Coalescence-C6-A4-AA-AE-mBHI-mGAM-5_S649,102625
10,A_G10_C3_ACPP_AE_mBHI_mGAM_4_S82,0,2100659,Coalescence-C6-A4-AA-AE-mBHI-mGAM-5_S649,102625
11,A_H3_D4_AE_AF_mBHI_mGAM_2_S87,0,1928409,Coalescence-C6-A4-AA-AE-mBHI-mGAM-5_S649,102625
12,B_E3_E4_AE_AA_mBHI_mGAM_2_S147,0,1045740,Coalescence-C6-A4-AA-AE-mBHI-mGAM-5_S649,102625
13,B_G1_G2_AA_AE_mBHI_mGAM_2_S169,0,2159590,Coalescence-C6-A4-AA-AE-mBHI-mGAM-5_S649,102625
14,B_H3_H4_AE_AF_mBHI_mGAM_2_S183,0,1457926,Coalescence-C6-A4-AA-AE-mBHI-mGAM-5_S649,102625
15,C_C11_G4_AE_AE_mBHI_mBHI_4_S227,0,1523518,Coalescence-C6-A4-AA-AE-mBHI-mGAM-5_S649,102625
16,C_E3_A4_AE_AA_mBHI_mGAM_6_S243,0,2145227,Coalescence-C6-A4-AA-AE-mBHI-mGAM-5_S649,102625
17,C_E11_E4_AE_AA_mBHI_mGAM_4_S251,0,2164170,Coalescence-C6-A4-AA-AE-mBHI-mGAM-5_S649,102625
18,C_G3_C4_AE_AE_mBHI_mGAM_6_S267,0,1555228,Coalescence-C6-A4-AA-AE-mBHI-mGAM-5_S649,102625
19,C_G11_G4_AE_AE_mBHI_mGAM_4_S275,0,2041192,Coalescence-C6-A4-AA-AE-mBHI-mGAM-5_S649,102625
20,C_H11_H4_AE_AF_mBHI_mGAM_4_S287,0,1662792,Coalescence-C6-A4-AA-AE-mBHI-mGAM-5_S649,102625
21,D_E3_A4_AE_AA_mBHI_mGAM_6_S339,0,2168722,Coalescence-C6-A4-AA-AE-mBHI-mGAM-5_S649,102625
22,D_G1_C2_AA_AE_mBHI_mGAM_6_S361,0,2165921,Coalescence-C6-A4-AA-AE-mBHI-mGAM-5_S649,102625
23,D_G3_C4_AE_AE_mBHI_mGAM_6_S363,0,2139279,Coalescence-C6-A4-AA-AE-mBHI-mGAM-5_S649,102625
24,D_H3_D4_AE_AF_mBHI_mGAM_6_S375,0,1929446,Coalescence-C6-A4-AA-AE-mBHI-mGAM-5_S649,102625
25,C4-e003Coalescence-mGAM-p7,40,1507607,Coalescence-C6-A4-AA-AE-mBHI-mGAM-5_S649,102625
26,C3-e003Coalescence-mGAM-p3,66,2175580,Coalescence-C6-A4-AA-AE-mBHI-mGAM-5_S649,102625
27,C2-e003Coalescence-mGAM-p7,64,2190353,Coalescence-C6-A4-AA-AE-mBHI-mGAM-5_S649,102625
28,B4-e003Coalescence-mGAM-p5,61,2112758,Coalescence-C6-A4-AA-AE-mBHI-mGAM-5_S649,102625
29,D4-e003Coalescence-mGAM-p5,36,1378041,Coalescence-C6-A4-AA-AE-mBHI-mGAM-5_S649,102625
30,C2-e003Coalescence-mGAM-p3,39,1272026,Coalescence-C6-A4-AA-AE-mBHI-mGAM-5_S649,102625
31,C4-e003Coalescence-mGAM-p5,46,1470780,Coalescence-C6-A4-AA-AE-mBHI-mGAM-5_S649,102625
32,C4-e003Coalescence-mGAM-p3,65,2170545,Coalescence-C6-A4-AA-AE-mBHI-mGAM-5_S649,102625
33,C5-e003Coalescence-mGAM-p3,41,1755780,Coalescence-C6-A4-AA-AE-mBHI-mGAM-5_S649,102625
34,C3-e003Coalescence-mGAM-p5,65,2102070,Coalescence-C6-A4-AA-AE-mBHI-mGAM-5_S649,102625
35,D4-e003Coalescence-mGAM-p3,54,1955064,Coalescence-C6-A4-AA-AE-mBHI-mGAM-5_S649,102625
36,C3-e003Coalescence-mGAM-p7,66,2177723,Coalescence-C6-A4-AA-AE-mBHI-mGAM-5_S649,102625
37,C2-e003Coalescence-mGAM-p5,62,2091417,Coalescence-C6-A4-AA-AE-mBHI-mGAM-5_S649,102625
38,H4-e003Coalescence-mGAM-p7_S183,0,2127707,Coalescence-C6-A4-AA-AE-mBHI-mGAM-5_S649,102625
39,G3-e003Coalescence-mBHI-p5_S26,1,1984187,Coalescence-C6-A4-AA-AE-mBHI-mGAM-5_S649,102625
40,E4-e003Coalescence-mGAM-p5_S51,0,2046969,Coalescence-C6-A4-AA-AE-mBHI-mGAM-5_S649,102625
41,G5-e003Coalescence-mGAM-p3_S84,0,1327011,Coalescence-C6-A4-AA-AE-mBHI-mGAM-5_S649,102625
42,G3-e003Coalescence-mBHI-p7_S122,0,2051412,Coalescence-C6-A4-AA-AE-mBHI-mGAM-5_S649,102625
43,G5-e003Coalescence-mGAM-p7_S172,0,2000174,Coalescence-C6-A4-AA-AE-mBHI-mGAM-5_S649,102625
44,G4-e003Coalescence-mGAM-p5_S75,0,2083119,Coalescence-C6-A4-AA-AE-mBHI-mGAM-5_S649,102625
45,G2-e003Coalescence-mGAM-p5_S73,0,2095666,Coalescence-C6-A4-AA-AE-mBHI-mGAM-5_S649,102625
46,G4-e003Coalescence-mGAM-p3_S83,0,2123891,Coalescence-C6-A4-AA-AE-mBHI-mGAM-5_S649,102625
47,F4-e003Coalescence-mGAM-p5_S63,0,2012196,Coalescence-C6-A4-AA-AE-mBHI-mGAM-5_S649,102625
48,G4-e003Coalescence-mGAM-p7_S171,0,1341178,Coalescence-C6-A4-AA-AE-mBHI-mGAM-5_S649,102625
49,G3-e003Coalescence-mGAM-p3_S82,0,2148001,Coalescence-C6-A4-AA-AE-mBHI-mGAM-5_S649,102625
50,G3-e003Coalescence-mGAM-p5_S74,0,2126090,Coalescence-C6-A4-AA-AE-mBHI-mGAM-5_S649,102625
51,E4-e003Coalescence-mGAM-p7_S147,0,2145639,Coalescence-C6-A4-AA-AE-mBHI-mGAM-5_S649,102625
52,E4-e003Coalescence-mGAM-p3_S59,0,2087042,Coalescence-C6-A4-AA-AE-mBHI-mGAM-5_S649,102625
53,F4-e003Coalescence-mGAM-p3_S71,0,2109664,Coalescence-C6-A4-AA-AE-mBHI-mGAM-5_S649,102625
54,F4-e003Coalescence-mGAM-p7_S159,0,2100682,Coalescence-C6-A4-AA-AE-mBHI-mGAM-5_S649,102625
55,G2-e003Coalescence-mGAM-p3_S81,0,2106083,Coalescence-C6-A4-AA-AE-mBHI-mGAM-5_S649,102625
56,C4-e003Coalescence-mGAM-p1_S738,0,1463124,Coalescence-C6-A4-AA-AE-mBHI-mGAM-5_S649,102625
57,D4-e003Coalescence-mGAM-p1_S739,0,1848658,Coalescence-C6-A4-AA-AE-mBHI-mGAM-5_S649,102625
58,B4-e003Coalescence-mGAM-p1_S737,0,1405634,Coalescence-C6-A4-AA-AE-mBHI-mGAM-5_S649,102625
59,Coalescence-E5-C4-AE-AE-mBHI-mBHI-3_S672,0,2109217,Coalescence-C6-A4-AA-AE-mBHI-mGAM-5_S649,102625
60,Coalescence-C6-A4-AA-AE-mBHI-mGAM-5_S649,0,2160650,Coalescence-C6-A4-AA-AE-mBHI-mGAM-5_S649,102625
61,Coalescence-D12-B4-ACPP-AE-mBHI-mGAM-3_S667,0,2160583,Coalescence-C6-A4-AA-AE-mBHI-mGAM-5_S649,102625
62,Coalescence-D8-A4-AA-AE-mBHI-mGAM-3_S663,0,2106366,Coalescence-C6-A4-AA-AE-mBHI-mGAM-5_S649,102625
63,Coalescence-B9-G3-ACPP-AE-mBHI-mGAM-7_S640,0,2145029,Coalescence-C6-A4-AA-AE-mBHI-mGAM-5_S649,102625
64,Coalescence-E4-C3-ACPP-AE-mBHI-mBHI-3_S671,0,1231438,Coalescence-C6-A4-AA-AE-mBHI-mGAM-5_S649,102625
65,D_F11_e003Assembly_S359,1,2166211,Coalescence-C6-A4-AA-AE-mBHI-mGAM-5_S649,102625
66,C_C2_e003Assembly_S218,0,2063067,Coalescence-C6-A4-AA-AE-mBHI-mGAM-5_S649,102625
67,C_C6_e003Assembly_S222,0,1156589,Coalescence-C6-A4-AA-AE-mBHI-mGAM-5_S649,102625
68,C_G6_e003Assembly_S270,1,1957903,Coalescence-C6-A4-AA-AE-mBHI-mGAM-5_S649,102625
0,A_C3_C4_AE_AE_mBHI_mBHI_2_S27,0,1830153,Coalescence-D12-B4-ACPP-AE-mBHI-mGAM-3_S667,102625
1,A_C4_C5_AF_AE_mBHI_mBHI_2_S28,0,1831891,Coalescence-D12-B4-ACPP-AE-mBHI-mGAM-3_S667,102625
2,A_C11_C4_AE_AE_mBHI_mBHI_4_S35,0,1830141,Coalescence-D12-B4-ACPP-AE-mBHI-mGAM-3_S667,102625
3,A_D11_D4_AE_AF_mBHI_mBHI_4_S47,0,1191497,Coalescence-D12-B4-ACPP-AE-mBHI-mGAM-3_S667,102625
4,A_E3_A4_AE_AA_mBHI_mGAM_2_S51,0,1044170,Coalescence-D12-B4-ACPP-AE-mBHI-mGAM-3_S667,102625
5,A_E11_A4_AE_AA_mBHI_mGAM_4_S59,0,2146010,Coalescence-D12-B4-ACPP-AE-mBHI-mGAM-3_S667,102625
6,A_G1_C2_AA_AE_mBHI_mGAM_2_S73,0,2142841,Coalescence-D12-B4-ACPP-AE-mBHI-mGAM-3_S667,102625
7,A_G3_C4_AE_AE_mBHI_mGAM_2_S75,0,2091004,Coalescence-D12-B4-ACPP-AE-mBHI-mGAM-3_S667,102625
8,A_G4_C5_AF_AE_mBHI_mGAM_2_S76,0,1677063,Coalescence-D12-B4-ACPP-AE-mBHI-mGAM-3_S667,102625
9,A_G9_C2_AA_AE_mBHI_mGAM_4_S81,0,2159450,Coalescence-D12-B4-ACPP-AE-mBHI-mGAM-3_S667,102625
10,A_G10_C3_ACPP_AE_mBHI_mGAM_4_S82,0,2100659,Coalescence-D12-B4-ACPP-AE-mBHI-mGAM-3_S667,102625
11,A_H3_D4_AE_AF_mBHI_mGAM_2_S87,0,1928409,Coalescence-D12-B4-ACPP-AE-mBHI-mGAM-3_S667,102625
12,B_E3_E4_AE_AA_mBHI_mGAM_2_S147,0,1045740,Coalescence-D12-B4-ACPP-AE-mBHI-mGAM-3_S667,102625
13,B_G1_G2_AA_AE_mBHI_mGAM_2_S169,0,2159590,Coalescence-D12-B4-ACPP-AE-mBHI-mGAM-3_S667,102625
14,B_H3_H4_AE_AF_mBHI_mGAM_2_S183,0,1457926,Coalescence-D12-B4-ACPP-AE-mBHI-mGAM-3_S667,102625
15,C_C11_G4_AE_AE_mBHI_mBHI_4_S227,0,1523518,Coalescence-D12-B4-ACPP-AE-mBHI-mGAM-3_S667,102625
16,C_E3_A4_AE_AA_mBHI_mGAM_6_S243,0,2145227,Coalescence-D12-B4-ACPP-AE-mBHI-mGAM-3_S667,102625
17,C_E11_E4_AE_AA_mBHI_mGAM_4_S251,0,2164170,Coalescence-D12-B4-ACPP-AE-mBHI-mGAM-3_S667,102625
18,C_G3_C4_AE_AE_mBHI_mGAM_6_S267,0,1555228,Coalescence-D12-B4-ACPP-AE-mBHI-mGAM-3_S667,102625
19,C_G11_G4_AE_AE_mBHI_mGAM_4_S275,0,2041192,Coalescence-D12-B4-ACPP-AE-mBHI-mGAM-3_S667,102625
20,C_H11_H4_AE_AF_mBHI_mGAM_4_S287,0,1662792,Coalescence-D12-B4-ACPP-AE-mBHI-mGAM-3_S667,102625
21,D_E3_A4_AE_AA_mBHI_mGAM_6_S339,0,2168722,Coalescence-D12-B4-ACPP-AE-mBHI-mGAM-3_S667,102625
22,D_G1_C2_AA_AE_mBHI_mGAM_6_S361,0,2165921,Coalescence-D12-B4-ACPP-AE-mBHI-mGAM-3_S667,102625
23,D_G3_C4_AE_AE_mBHI_mGAM_6_S363,0,2139279,Coalescence-D12-B4-ACPP-AE-mBHI-mGAM-3_S667,102625
24,D_H3_D4_AE_AF_mBHI_mGAM_6_S375,0,1929446,Coalescence-D12-B4-ACPP-AE-mBHI-mGAM-3_S667,102625
25,C4-e003Coalescence-mGAM-p7,38,1507607,Coalescence-D12-B4-ACPP-AE-mBHI-mGAM-3_S667,102625
26,C3-e003Coalescence-mGAM-p3,65,2175580,Coalescence-D12-B4-ACPP-AE-mBHI-mGAM-3_S667,102625
27,C2-e003Coalescence-mGAM-p7,63,2190353,Coalescence-D12-B4-ACPP-AE-mBHI-mGAM-3_S667,102625
28,B4-e003Coalescence-mGAM-p5,62,2112758,Coalescence-D12-B4-ACPP-AE-mBHI-mGAM-3_S667,102625
29,D4-e003Coalescence-mGAM-p5,33,1378041,Coalescence-D12-B4-ACPP-AE-mBHI-mGAM-3_S667,102625
30,C2-e003Coalescence-mGAM-p3,39,1272026,Coalescence-D12-B4-ACPP-AE-mBHI-mGAM-3_S667,102625
31,C4-e003Coalescence-mGAM-p5,42,1470780,Coalescence-D12-B4-ACPP-AE-mBHI-mGAM-3_S667,102625
32,C4-e003Coalescence-mGAM-p3,65,2170545,Coalescence-D12-B4-ACPP-AE-mBHI-mGAM-3_S667,102625
33,C5-e003Coalescence-mGAM-p3,37,1755780,Coalescence-D12-B4-ACPP-AE-mBHI-mGAM-3_S667,102625
34,C3-e003Coalescence-mGAM-p5,62,2102070,Coalescence-D12-B4-ACPP-AE-mBHI-mGAM-3_S667,102625
35,D4-e003Coalescence-mGAM-p3,52,1955064,Coalescence-D12-B4-ACPP-AE-mBHI-mGAM-3_S667,102625
36,C3-e003Coalescence-mGAM-p7,67,2177723,Coalescence-D12-B4-ACPP-AE-mBHI-mGAM-3_S667,102625
37,C2-e003Coalescence-mGAM-p5,61,2091417,Coalescence-D12-B4-ACPP-AE-mBHI-mGAM-3_S667,102625
38,H4-e003Coalescence-mGAM-p7_S183,0,2127707,Coalescence-D12-B4-ACPP-AE-mBHI-mGAM-3_S667,102625
39,G3-e003Coalescence-mBHI-p5_S26,1,1984187,Coalescence-D12-B4-ACPP-AE-mBHI-mGAM-3_S667,102625
40,E4-e003Coalescence-mGAM-p5_S51,0,2046969,Coalescence-D12-B4-ACPP-AE-mBHI-mGAM-3_S667,102625
41,G5-e003Coalescence-mGAM-p3_S84,0,1327011,Coalescence-D12-B4-ACPP-AE-mBHI-mGAM-3_S667,102625
42,G3-e003Coalescence-mBHI-p7_S122,0,2051412,Coalescence-D12-B4-ACPP-AE-mBHI-mGAM-3_S667,102625
43,G5-e003Coalescence-mGAM-p7_S172,0,2000174,Coalescence-D12-B4-ACPP-AE-mBHI-mGAM-3_S667,102625
44,G4-e003Coalescence-mGAM-p5_S75,0,2083119,Coalescence-D12-B4-ACPP-AE-mBHI-mGAM-3_S667,102625
45,G2-e003Coalescence-mGAM-p5_S73,0,2095666,Coalescence-D12-B4-ACPP-AE-mBHI-mGAM-3_S667,102625
46,G4-e003Coalescence-mGAM-p3_S83,0,2123891,Coalescence-D12-B4-ACPP-AE-mBHI-mGAM-3_S667,102625
47,F4-e003Coalescence-mGAM-p5_S63,0,2012196,Coalescence-D12-B4-ACPP-AE-mBHI-mGAM-3_S667,102625
48,G4-e003Coalescence-mGAM-p7_S171,0,1341178,Coalescence-D12-B4-ACPP-AE-mBHI-mGAM-3_S667,102625
49,G3-e003Coalescence-mGAM-p3_S82,0,2148001,Coalescence-D12-B4-ACPP-AE-mBHI-mGAM-3_S667,102625
50,G3-e003Coalescence-mGAM-p5_S74,0,2126090,Coalescence-D12-B4-ACPP-AE-mBHI-mGAM-3_S667,102625
51,E4-e003Coalescence-mGAM-p7_S147,0,2145639,Coalescence-D12-B4-ACPP-AE-mBHI-mGAM-3_S667,102625
52,E4-e003Coalescence-mGAM-p3_S59,0,2087042,Coalescence-D12-B4-ACPP-AE-mBHI-mGAM-3_S667,102625
53,F4-e003Coalescence-mGAM-p3_S71,0,2109664,Coalescence-D12-B4-ACPP-AE-mBHI-mGAM-3_S667,102625
54,F4-e003Coalescence-mGAM-p7_S159,0,2100682,Coalescence-D12-B4-ACPP-AE-mBHI-mGAM-3_S667,102625
55,G2-e003Coalescence-mGAM-p3_S81,0,2106083,Coalescence-D12-B4-ACPP-AE-mBHI-mGAM-3_S667,102625
56,C4-e003Coalescence-mGAM-p1_S738,0,1463124,Coalescence-D12-B4-ACPP-AE-mBHI-mGAM-3_S667,102625
57,D4-e003Coalescence-mGAM-p1_S739,0,1848658,Coalescence-D12-B4-ACPP-AE-mBHI-mGAM-3_S667,102625
58,B4-e003Coalescence-mGAM-p1_S737,0,1405634,Coalescence-D12-B4-ACPP-AE-mBHI-mGAM-3_S667,102625
59,Coalescence-E5-C4-AE-AE-mBHI-mBHI-3_S672,0,2109217,Coalescence-D12-B4-ACPP-AE-mBHI-mGAM-3_S667,102625
60,Coalescence-C6-A4-AA-AE-mBHI-mGAM-5_S649,0,2160650,Coalescence-D12-B4-ACPP-AE-mBHI-mGAM-3_S667,102625
61,Coalescence-D12-B4-ACPP-AE-mBHI-mGAM-3_S667,0,2160583,Coalescence-D12-B4-ACPP-AE-mBHI-mGAM-3_S667,102625
62,Coalescence-D8-A4-AA-AE-mBHI-mGAM-3_S663,0,2106366,Coalescence-D12-B4-ACPP-AE-mBHI-mGAM-3_S667,102625
63,Coalescence-B9-G3-ACPP-AE-mBHI-mGAM-7_S640,0,2145029,Coalescence-D12-B4-ACPP-AE-mBHI-mGAM-3_S667,102625
64,Coalescence-E4-C3-ACPP-AE-mBHI-mBHI-3_S671,0,1231438,Coalescence-D12-B4-ACPP-AE-mBHI-mGAM-3_S667,102625
65,D_F11_e003Assembly_S359,1,2166211,Coalescence-D12-B4-ACPP-AE-mBHI-mGAM-3_S667,102625
66,C_C2_e003Assembly_S218,0,2063067,Coalescence-D12-B4-ACPP-AE-mBHI-mGAM-3_S667,102625
67,C_C6_e003Assembly_S222,0,1156589,Coalescence-D12-B4-ACPP-AE-mBHI-mGAM-3_S667,102625
68,C_G6_e003Assembly_S270,1,1957903,Coalescence-D12-B4-ACPP-AE-mBHI-mGAM-3_S667,102625
0,A_C3_C4_AE_AE_mBHI_mBHI_2_S27,0,1830153,Coalescence-D8-A4-AA-AE-mBHI-mGAM-3_S663,102625
1,A_C4_C5_AF_AE_mBHI_mBHI_2_S28,0,1831891,Coalescence-D8-A4-AA-AE-mBHI-mGAM-3_S663,102625
2,A_C11_C4_AE_AE_mBHI_mBHI_4_S35,0,1830141,Coalescence-D8-A4-AA-AE-mBHI-mGAM-3_S663,102625
3,A_D11_D4_AE_AF_mBHI_mBHI_4_S47,1,1191497,Coalescence-D8-A4-AA-AE-mBHI-mGAM-3_S663,102625
4,A_E3_A4_AE_AA_mBHI_mGAM_2_S51,0,1044170,Coalescence-D8-A4-AA-AE-mBHI-mGAM-3_S663,102625
5,A_E11_A4_AE_AA_mBHI_mGAM_4_S59,0,2146010,Coalescence-D8-A4-AA-AE-mBHI-mGAM-3_S663,102625
6,A_G1_C2_AA_AE_mBHI_mGAM_2_S73,0,2142841,Coalescence-D8-A4-AA-AE-mBHI-mGAM-3_S663,102625
7,A_G3_C4_AE_AE_mBHI_mGAM_2_S75,0,2091004,Coalescence-D8-A4-AA-AE-mBHI-mGAM-3_S663,102625
8,A_G4_C5_AF_AE_mBHI_mGAM_2_S76,0,1677063,Coalescence-D8-A4-AA-AE-mBHI-mGAM-3_S663,102625
9,A_G9_C2_AA_AE_mBHI_mGAM_4_S81,0,2159450,Coalescence-D8-A4-AA-AE-mBHI-mGAM-3_S663,102625
10,A_G10_C3_ACPP_AE_mBHI_mGAM_4_S82,0,2100659,Coalescence-D8-A4-AA-AE-mBHI-mGAM-3_S663,102625
11,A_H3_D4_AE_AF_mBHI_mGAM_2_S87,0,1928409,Coalescence-D8-A4-AA-AE-mBHI-mGAM-3_S663,102625
12,B_E3_E4_AE_AA_mBHI_mGAM_2_S147,0,1045740,Coalescence-D8-A4-AA-AE-mBHI-mGAM-3_S663,102625
13,B_G1_G2_AA_AE_mBHI_mGAM_2_S169,0,2159590,Coalescence-D8-A4-AA-AE-mBHI-mGAM-3_S663,102625
14,B_H3_H4_AE_AF_mBHI_mGAM_2_S183,0,1457926,Coalescence-D8-A4-AA-AE-mBHI-mGAM-3_S663,102625
15,C_C11_G4_AE_AE_mBHI_mBHI_4_S227,0,1523518,Coalescence-D8-A4-AA-AE-mBHI-mGAM-3_S663,102625
16,C_E3_A4_AE_AA_mBHI_mGAM_6_S243,0,2145227,Coalescence-D8-A4-AA-AE-mBHI-mGAM-3_S663,102625
17,C_E11_E4_AE_AA_mBHI_mGAM_4_S251,0,2164170,Coalescence-D8-A4-AA-AE-mBHI-mGAM-3_S663,102625
18,C_G3_C4_AE_AE_mBHI_mGAM_6_S267,0,1555228,Coalescence-D8-A4-AA-AE-mBHI-mGAM-3_S663,102625
19,C_G11_G4_AE_AE_mBHI_mGAM_4_S275,0,2041192,Coalescence-D8-A4-AA-AE-mBHI-mGAM-3_S663,102625
20,C_H11_H4_AE_AF_mBHI_mGAM_4_S287,0,1662792,Coalescence-D8-A4-AA-AE-mBHI-mGAM-3_S663,102625
21,D_E3_A4_AE_AA_mBHI_mGAM_6_S339,0,2168722,Coalescence-D8-A4-AA-AE-mBHI-mGAM-3_S663,102625
22,D_G1_C2_AA_AE_mBHI_mGAM_6_S361,0,2165921,Coalescence-D8-A4-AA-AE-mBHI-mGAM-3_S663,102625
23,D_G3_C4_AE_AE_mBHI_mGAM_6_S363,0,2139279,Coalescence-D8-A4-AA-AE-mBHI-mGAM-3_S663,102625
24,D_H3_D4_AE_AF_mBHI_mGAM_6_S375,0,1929446,Coalescence-D8-A4-AA-AE-mBHI-mGAM-3_S663,102625
25,C4-e003Coalescence-mGAM-p7,31,1507607,Coalescence-D8-A4-AA-AE-mBHI-mGAM-3_S663,102625
26,C3-e003Coalescence-mGAM-p3,53,2175580,Coalescence-D8-A4-AA-AE-mBHI-mGAM-3_S663,102625
27,C2-e003Coalescence-mGAM-p7,49,2190353,Coalescence-D8-A4-AA-AE-mBHI-mGAM-3_S663,102625
28,B4-e003Coalescence-mGAM-p5,47,2112758,Coalescence-D8-A4-AA-AE-mBHI-mGAM-3_S663,102625
29,D4-e003Coalescence-mGAM-p5,29,1378041,Coalescence-D8-A4-AA-AE-mBHI-mGAM-3_S663,102625
30,C2-e003Coalescence-mGAM-p3,30,1272026,Coalescence-D8-A4-AA-AE-mBHI-mGAM-3_S663,102625
31,C4-e003Coalescence-mGAM-p5,34,1470780,Coalescence-D8-A4-AA-AE-mBHI-mGAM-3_S663,102625
32,C4-e003Coalescence-mGAM-p3,50,2170545,Coalescence-D8-A4-AA-AE-mBHI-mGAM-3_S663,102625
33,C5-e003Coalescence-mGAM-p3,31,1755780,Coalescence-D8-A4-AA-AE-mBHI-mGAM-3_S663,102625
34,C3-e003Coalescence-mGAM-p5,50,2102070,Coalescence-D8-A4-AA-AE-mBHI-mGAM-3_S663,102625
35,D4-e003Coalescence-mGAM-p3,41,1955064,Coalescence-D8-A4-AA-AE-mBHI-mGAM-3_S663,102625
36,C3-e003Coalescence-mGAM-p7,51,2177723,Coalescence-D8-A4-AA-AE-mBHI-mGAM-3_S663,102625
37,C2-e003Coalescence-mGAM-p5,47,2091417,Coalescence-D8-A4-AA-AE-mBHI-mGAM-3_S663,102625
38,H4-e003Coalescence-mGAM-p7_S183,0,2127707,Coalescence-D8-A4-AA-AE-mBHI-mGAM-3_S663,102625
39,G3-e003Coalescence-mBHI-p5_S26,0,1984187,Coalescence-D8-A4-AA-AE-mBHI-mGAM-3_S663,102625
40,E4-e003Coalescence-mGAM-p5_S51,1,2046969,Coalescence-D8-A4-AA-AE-mBHI-mGAM-3_S663,102625
41,G5-e003Coalescence-mGAM-p3_S84,0,1327011,Coalescence-D8-A4-AA-AE-mBHI-mGAM-3_S663,102625
42,G3-e003Coalescence-mBHI-p7_S122,0,2051412,Coalescence-D8-A4-AA-AE-mBHI-mGAM-3_S663,102625
43,G5-e003Coalescence-mGAM-p7_S172,0,2000174,Coalescence-D8-A4-AA-AE-mBHI-mGAM-3_S663,102625
44,G4-e003Coalescence-mGAM-p5_S75,0,2083119,Coalescence-D8-A4-AA-AE-mBHI-mGAM-3_S663,102625
45,G2-e003Coalescence-mGAM-p5_S73,1,2095666,Coalescence-D8-A4-AA-AE-mBHI-mGAM-3_S663,102625
46,G4-e003Coalescence-mGAM-p3_S83,0,2123891,Coalescence-D8-A4-AA-AE-mBHI-mGAM-3_S663,102625
47,F4-e003Coalescence-mGAM-p5_S63,0,2012196,Coalescence-D8-A4-AA-AE-mBHI-mGAM-3_S663,102625
48,G4-e003Coalescence-mGAM-p7_S171,0,1341178,Coalescence-D8-A4-AA-AE-mBHI-mGAM-3_S663,102625
49,G3-e003Coalescence-mGAM-p3_S82,0,2148001,Coalescence-D8-A4-AA-AE-mBHI-mGAM-3_S663,102625
50,G3-e003Coalescence-mGAM-p5_S74,0,2126090,Coalescence-D8-A4-AA-AE-mBHI-mGAM-3_S663,102625
51,E4-e003Coalescence-mGAM-p7_S147,0,2145639,Coalescence-D8-A4-AA-AE-mBHI-mGAM-3_S663,102625
52,E4-e003Coalescence-mGAM-p3_S59,0,2087042,Coalescence-D8-A4-AA-AE-mBHI-mGAM-3_S663,102625
53,F4-e003Coalescence-mGAM-p3_S71,0,2109664,Coalescence-D8-A4-AA-AE-mBHI-mGAM-3_S663,102625
54,F4-e003Coalescence-mGAM-p7_S159,0,2100682,Coalescence-D8-A4-AA-AE-mBHI-mGAM-3_S663,102625
55,G2-e003Coalescence-mGAM-p3_S81,0,2106083,Coalescence-D8-A4-AA-AE-mBHI-mGAM-3_S663,102625
56,C4-e003Coalescence-mGAM-p1_S738,0,1463124,Coalescence-D8-A4-AA-AE-mBHI-mGAM-3_S663,102625
57,D4-e003Coalescence-mGAM-p1_S739,0,1848658,Coalescence-D8-A4-AA-AE-mBHI-mGAM-3_S663,102625
58,B4-e003Coalescence-mGAM-p1_S737,0,1405634,Coalescence-D8-A4-AA-AE-mBHI-mGAM-3_S663,102625
59,Coalescence-E5-C4-AE-AE-mBHI-mBHI-3_S672,0,2109217,Coalescence-D8-A4-AA-AE-mBHI-mGAM-3_S663,102625
60,Coalescence-C6-A4-AA-AE-mBHI-mGAM-5_S649,0,2160650,Coalescence-D8-A4-AA-AE-mBHI-mGAM-3_S663,102625
61,Coalescence-D12-B4-ACPP-AE-mBHI-mGAM-3_S667,0,2160583,Coalescence-D8-A4-AA-AE-mBHI-mGAM-3_S663,102625
62,Coalescence-D8-A4-AA-AE-mBHI-mGAM-3_S663,0,2106366,Coalescence-D8-A4-AA-AE-mBHI-mGAM-3_S663,102625
63,Coalescence-B9-G3-ACPP-AE-mBHI-mGAM-7_S640,0,2145029,Coalescence-D8-A4-AA-AE-mBHI-mGAM-3_S663,102625
64,Coalescence-E4-C3-ACPP-AE-mBHI-mBHI-3_S671,0,1231438,Coalescence-D8-A4-AA-AE-mBHI-mGAM-3_S663,102625
65,D_F11_e003Assembly_S359,1,2166211,Coalescence-D8-A4-AA-AE-mBHI-mGAM-3_S663,102625
66,C_C2_e003Assembly_S218,0,2063067,Coalescence-D8-A4-AA-AE-mBHI-mGAM-3_S663,102625
67,C_C6_e003Assembly_S222,0,1156589,Coalescence-D8-A4-AA-AE-mBHI-mGAM-3_S663,102625
68,C_G6_e003Assembly_S270,1,1957903,Coalescence-D8-A4-AA-AE-mBHI-mGAM-3_S663,102625
0,A_C3_C4_AE_AE_mBHI_mBHI_2_S27,0,1830153,Coalescence-B9-G3-ACPP-AE-mBHI-mGAM-7_S640,102625
1,A_C4_C5_AF_AE_mBHI_mBHI_2_S28,0,1831891,Coalescence-B9-G3-ACPP-AE-mBHI-mGAM-7_S640,102625
2,A_C11_C4_AE_AE_mBHI_mBHI_4_S35,0,1830141,Coalescence-B9-G3-ACPP-AE-mBHI-mGAM-7_S640,102625
3,A_D11_D4_AE_AF_mBHI_mBHI_4_S47,0,1191497,Coalescence-B9-G3-ACPP-AE-mBHI-mGAM-7_S640,102625
4,A_E3_A4_AE_AA_mBHI_mGAM_2_S51,0,1044170,Coalescence-B9-G3-ACPP-AE-mBHI-mGAM-7_S640,102625
5,A_E11_A4_AE_AA_mBHI_mGAM_4_S59,0,2146010,Coalescence-B9-G3-ACPP-AE-mBHI-mGAM-7_S640,102625
6,A_G1_C2_AA_AE_mBHI_mGAM_2_S73,0,2142841,Coalescence-B9-G3-ACPP-AE-mBHI-mGAM-7_S640,102625
7,A_G3_C4_AE_AE_mBHI_mGAM_2_S75,0,2091004,Coalescence-B9-G3-ACPP-AE-mBHI-mGAM-7_S640,102625
8,A_G4_C5_AF_AE_mBHI_mGAM_2_S76,0,1677063,Coalescence-B9-G3-ACPP-AE-mBHI-mGAM-7_S640,102625
9,A_G9_C2_AA_AE_mBHI_mGAM_4_S81,0,2159450,Coalescence-B9-G3-ACPP-AE-mBHI-mGAM-7_S640,102625
10,A_G10_C3_ACPP_AE_mBHI_mGAM_4_S82,0,2100659,Coalescence-B9-G3-ACPP-AE-mBHI-mGAM-7_S640,102625
11,A_H3_D4_AE_AF_mBHI_mGAM_2_S87,0,1928409,Coalescence-B9-G3-ACPP-AE-mBHI-mGAM-7_S640,102625
12,B_E3_E4_AE_AA_mBHI_mGAM_2_S147,0,1045740,Coalescence-B9-G3-ACPP-AE-mBHI-mGAM-7_S640,102625
13,B_G1_G2_AA_AE_mBHI_mGAM_2_S169,0,2159590,Coalescence-B9-G3-ACPP-AE-mBHI-mGAM-7_S640,102625
14,B_H3_H4_AE_AF_mBHI_mGAM_2_S183,0,1457926,Coalescence-B9-G3-ACPP-AE-mBHI-mGAM-7_S640,102625
15,C_C11_G4_AE_AE_mBHI_mBHI_4_S227,0,1523518,Coalescence-B9-G3-ACPP-AE-mBHI-mGAM-7_S640,102625
16,C_E3_A4_AE_AA_mBHI_mGAM_6_S243,0,2145227,Coalescence-B9-G3-ACPP-AE-mBHI-mGAM-7_S640,102625
17,C_E11_E4_AE_AA_mBHI_mGAM_4_S251,0,2164170,Coalescence-B9-G3-ACPP-AE-mBHI-mGAM-7_S640,102625
18,C_G3_C4_AE_AE_mBHI_mGAM_6_S267,0,1555228,Coalescence-B9-G3-ACPP-AE-mBHI-mGAM-7_S640,102625
19,C_G11_G4_AE_AE_mBHI_mGAM_4_S275,0,2041192,Coalescence-B9-G3-ACPP-AE-mBHI-mGAM-7_S640,102625
20,C_H11_H4_AE_AF_mBHI_mGAM_4_S287,0,1662792,Coalescence-B9-G3-ACPP-AE-mBHI-mGAM-7_S640,102625
21,D_E3_A4_AE_AA_mBHI_mGAM_6_S339,0,2168722,Coalescence-B9-G3-ACPP-AE-mBHI-mGAM-7_S640,102625
22,D_G1_C2_AA_AE_mBHI_mGAM_6_S361,0,2165921,Coalescence-B9-G3-ACPP-AE-mBHI-mGAM-7_S640,102625
23,D_G3_C4_AE_AE_mBHI_mGAM_6_S363,0,2139279,Coalescence-B9-G3-ACPP-AE-mBHI-mGAM-7_S640,102625
24,D_H3_D4_AE_AF_mBHI_mGAM_6_S375,0,1929446,Coalescence-B9-G3-ACPP-AE-mBHI-mGAM-7_S640,102625
25,C4-e003Coalescence-mGAM-p7,42,1507607,Coalescence-B9-G3-ACPP-AE-mBHI-mGAM-7_S640,102625
26,C3-e003Coalescence-mGAM-p3,62,2175580,Coalescence-B9-G3-ACPP-AE-mBHI-mGAM-7_S640,102625
27,C2-e003Coalescence-mGAM-p7,61,2190353,Coalescence-B9-G3-ACPP-AE-mBHI-mGAM-7_S640,102625
28,B4-e003Coalescence-mGAM-p5,60,2112758,Coalescence-B9-G3-ACPP-AE-mBHI-mGAM-7_S640,102625
29,D4-e003Coalescence-mGAM-p5,32,1378041,Coalescence-B9-G3-ACPP-AE-mBHI-mGAM-7_S640,102625
30,C2-e003Coalescence-mGAM-p3,42,1272026,Coalescence-B9-G3-ACPP-AE-mBHI-mGAM-7_S640,102625
31,C4-e003Coalescence-mGAM-p5,38,1470780,Coalescence-B9-G3-ACPP-AE-mBHI-mGAM-7_S640,102625
32,C4-e003Coalescence-mGAM-p3,61,2170545,Coalescence-B9-G3-ACPP-AE-mBHI-mGAM-7_S640,102625
33,C5-e003Coalescence-mGAM-p3,39,1755780,Coalescence-B9-G3-ACPP-AE-mBHI-mGAM-7_S640,102625
34,C3-e003Coalescence-mGAM-p5,58,2102070,Coalescence-B9-G3-ACPP-AE-mBHI-mGAM-7_S640,102625
35,D4-e003Coalescence-mGAM-p3,50,1955064,Coalescence-B9-G3-ACPP-AE-mBHI-mGAM-7_S640,102625
36,C3-e003Coalescence-mGAM-p7,62,2177723,Coalescence-B9-G3-ACPP-AE-mBHI-mGAM-7_S640,102625
37,C2-e003Coalescence-mGAM-p5,54,2091417,Coalescence-B9-G3-ACPP-AE-mBHI-mGAM-7_S640,102625
38,H4-e003Coalescence-mGAM-p7_S183,0,2127707,Coalescence-B9-G3-ACPP-AE-mBHI-mGAM-7_S640,102625
39,G3-e003Coalescence-mBHI-p5_S26,1,1984187,Coalescence-B9-G3-ACPP-AE-mBHI-mGAM-7_S640,102625
40,E4-e003Coalescence-mGAM-p5_S51,1,2046969,Coalescence-B9-G3-ACPP-AE-mBHI-mGAM-7_S640,102625
41,G5-e003Coalescence-mGAM-p3_S84,0,1327011,Coalescence-B9-G3-ACPP-AE-mBHI-mGAM-7_S640,102625
42,G3-e003Coalescence-mBHI-p7_S122,0,2051412,Coalescence-B9-G3-ACPP-AE-mBHI-mGAM-7_S640,102625
43,G5-e003Coalescence-mGAM-p7_S172,0,2000174,Coalescence-B9-G3-ACPP-AE-mBHI-mGAM-7_S640,102625
44,G4-e003Coalescence-mGAM-p5_S75,0,2083119,Coalescence-B9-G3-ACPP-AE-mBHI-mGAM-7_S640,102625
45,G2-e003Coalescence-mGAM-p5_S73,0,2095666,Coalescence-B9-G3-ACPP-AE-mBHI-mGAM-7_S640,102625
46,G4-e003Coalescence-mGAM-p3_S83,0,2123891,Coalescence-B9-G3-ACPP-AE-mBHI-mGAM-7_S640,102625
47,F4-e003Coalescence-mGAM-p5_S63,0,2012196,Coalescence-B9-G3-ACPP-AE-mBHI-mGAM-7_S640,102625
48,G4-e003Coalescence-mGAM-p7_S171,0,1341178,Coalescence-B9-G3-ACPP-AE-mBHI-mGAM-7_S640,102625
49,G3-e003Coalescence-mGAM-p3_S82,0,2148001,Coalescence-B9-G3-ACPP-AE-mBHI-mGAM-7_S640,102625
50,G3-e003Coalescence-mGAM-p5_S74,0,2126090,Coalescence-B9-G3-ACPP-AE-mBHI-mGAM-7_S640,102625
51,E4-e003Coalescence-mGAM-p7_S147,0,2145639,Coalescence-B9-G3-ACPP-AE-mBHI-mGAM-7_S640,102625
52,E4-e003Coalescence-mGAM-p3_S59,0,2087042,Coalescence-B9-G3-ACPP-AE-mBHI-mGAM-7_S640,102625
53,F4-e003Coalescence-mGAM-p3_S71,0,2109664,Coalescence-B9-G3-ACPP-AE-mBHI-mGAM-7_S640,102625
54,F4-e003Coalescence-mGAM-p7_S159,0,2100682,Coalescence-B9-G3-ACPP-AE-mBHI-mGAM-7_S640,102625
55,G2-e003Coalescence-mGAM-p3_S81,0,2106083,Coalescence-B9-G3-ACPP-AE-mBHI-mGAM-7_S640,102625
56,C4-e003Coalescence-mGAM-p1_S738,0,1463124,Coalescence-B9-G3-ACPP-AE-mBHI-mGAM-7_S640,102625
57,D4-e003Coalescence-mGAM-p1_S739,1,1848658,Coalescence-B9-G3-ACPP-AE-mBHI-mGAM-7_S640,102625
58,B4-e003Coalescence-mGAM-p1_S737,0,1405634,Coalescence-B9-G3-ACPP-AE-mBHI-mGAM-7_S640,102625
59,Coalescence-E5-C4-AE-AE-mBHI-mBHI-3_S672,0,2109217,Coalescence-B9-G3-ACPP-AE-mBHI-mGAM-7_S640,102625
60,Coalescence-C6-A4-AA-AE-mBHI-mGAM-5_S649,0,2160650,Coalescence-B9-G3-ACPP-AE-mBHI-mGAM-7_S640,102625
61,Coalescence-D12-B4-ACPP-AE-mBHI-mGAM-3_S667,0,2160583,Coalescence-B9-G3-ACPP-AE-mBHI-mGAM-7_S640,102625
62,Coalescence-D8-A4-AA-AE-mBHI-mGAM-3_S663,0,2106366,Coalescence-B9-G3-ACPP-AE-mBHI-mGAM-7_S640,102625
63,Coalescence-B9-G3-ACPP-AE-mBHI-mGAM-7_S640,0,2145029,Coalescence-B9-G3-ACPP-AE-mBHI-mGAM-7_S640,102625
64,Coalescence-E4-C3-ACPP-AE-mBHI-mBHI-3_S671,0,1231438,Coalescence-B9-G3-ACPP-AE-mBHI-mGAM-7_S640,102625
65,D_F11_e003Assembly_S359,1,2166211,Coalescence-B9-G3-ACPP-AE-mBHI-mGAM-7_S640,102625
66,C_C2_e003Assembly_S218,0,2063067,Coalescence-B9-G3-ACPP-AE-mBHI-mGAM-7_S640,102625
67,C_C6_e003Assembly_S222,0,1156589,Coalescence-B9-G3-ACPP-AE-mBHI-mGAM-7_S640,102625
68,C_G6_e003Assembly_S270,1,1957903,Coalescence-B9-G3-ACPP-AE-mBHI-mGAM-7_S640,102625
0,A_C3_C4_AE_AE_mBHI_mBHI_2_S27,0,1830153,Coalescence-E4-C3-ACPP-AE-mBHI-mBHI-3_S671,102625
1,A_C4_C5_AF_AE_mBHI_mBHI_2_S28,0,1831891,Coalescence-E4-C3-ACPP-AE-mBHI-mBHI-3_S671,102625
2,A_C11_C4_AE_AE_mBHI_mBHI_4_S35,0,1830141,Coalescence-E4-C3-ACPP-AE-mBHI-mBHI-3_S671,102625
3,A_D11_D4_AE_AF_mBHI_mBHI_4_S47,1,1191497,Coalescence-E4-C3-ACPP-AE-mBHI-mBHI-3_S671,102625
4,A_E3_A4_AE_AA_mBHI_mGAM_2_S51,0,1044170,Coalescence-E4-C3-ACPP-AE-mBHI-mBHI-3_S671,102625
5,A_E11_A4_AE_AA_mBHI_mGAM_4_S59,0,2146010,Coalescence-E4-C3-ACPP-AE-mBHI-mBHI-3_S671,102625
6,A_G1_C2_AA_AE_mBHI_mGAM_2_S73,0,2142841,Coalescence-E4-C3-ACPP-AE-mBHI-mBHI-3_S671,102625
7,A_G3_C4_AE_AE_mBHI_mGAM_2_S75,1,2091004,Coalescence-E4-C3-ACPP-AE-mBHI-mBHI-3_S671,102625
8,A_G4_C5_AF_AE_mBHI_mGAM_2_S76,0,1677063,Coalescence-E4-C3-ACPP-AE-mBHI-mBHI-3_S671,102625
9,A_G9_C2_AA_AE_mBHI_mGAM_4_S81,0,2159450,Coalescence-E4-C3-ACPP-AE-mBHI-mBHI-3_S671,102625
10,A_G10_C3_ACPP_AE_mBHI_mGAM_4_S82,0,2100659,Coalescence-E4-C3-ACPP-AE-mBHI-mBHI-3_S671,102625
11,A_H3_D4_AE_AF_mBHI_mGAM_2_S87,0,1928409,Coalescence-E4-C3-ACPP-AE-mBHI-mBHI-3_S671,102625
12,B_E3_E4_AE_AA_mBHI_mGAM_2_S147,0,1045740,Coalescence-E4-C3-ACPP-AE-mBHI-mBHI-3_S671,102625
13,B_G1_G2_AA_AE_mBHI_mGAM_2_S169,0,2159590,Coalescence-E4-C3-ACPP-AE-mBHI-mBHI-3_S671,102625
14,B_H3_H4_AE_AF_mBHI_mGAM_2_S183,0,1457926,Coalescence-E4-C3-ACPP-AE-mBHI-mBHI-3_S671,102625
15,C_C11_G4_AE_AE_mBHI_mBHI_4_S227,0,1523518,Coalescence-E4-C3-ACPP-AE-mBHI-mBHI-3_S671,102625
16,C_E3_A4_AE_AA_mBHI_mGAM_6_S243,0,2145227,Coalescence-E4-C3-ACPP-AE-mBHI-mBHI-3_S671,102625
17,C_E11_E4_AE_AA_mBHI_mGAM_4_S251,0,2164170,Coalescence-E4-C3-ACPP-AE-mBHI-mBHI-3_S671,102625
18,C_G3_C4_AE_AE_mBHI_mGAM_6_S267,2,1555228,Coalescence-E4-C3-ACPP-AE-mBHI-mBHI-3_S671,102625
19,C_G11_G4_AE_AE_mBHI_mGAM_4_S275,0,2041192,Coalescence-E4-C3-ACPP-AE-mBHI-mBHI-3_S671,102625
20,C_H11_H4_AE_AF_mBHI_mGAM_4_S287,0,1662792,Coalescence-E4-C3-ACPP-AE-mBHI-mBHI-3_S671,102625
21,D_E3_A4_AE_AA_mBHI_mGAM_6_S339,0,2168722,Coalescence-E4-C3-ACPP-AE-mBHI-mBHI-3_S671,102625
22,D_G1_C2_AA_AE_mBHI_mGAM_6_S361,0,2165921,Coalescence-E4-C3-ACPP-AE-mBHI-mBHI-3_S671,102625
23,D_G3_C4_AE_AE_mBHI_mGAM_6_S363,0,2139279,Coalescence-E4-C3-ACPP-AE-mBHI-mBHI-3_S671,102625
24,D_H3_D4_AE_AF_mBHI_mGAM_6_S375,1,1929446,Coalescence-E4-C3-ACPP-AE-mBHI-mBHI-3_S671,102625
25,C4-e003Coalescence-mGAM-p7,18,1507607,Coalescence-E4-C3-ACPP-AE-mBHI-mBHI-3_S671,102625
26,C3-e003Coalescence-mGAM-p3,23,2175580,Coalescence-E4-C3-ACPP-AE-mBHI-mBHI-3_S671,102625
27,C2-e003Coalescence-mGAM-p7,24,2190353,Coalescence-E4-C3-ACPP-AE-mBHI-mBHI-3_S671,102625
28,B4-e003Coalescence-mGAM-p5,22,2112758,Coalescence-E4-C3-ACPP-AE-mBHI-mBHI-3_S671,102625
29,D4-e003Coalescence-mGAM-p5,13,1378041,Coalescence-E4-C3-ACPP-AE-mBHI-mBHI-3_S671,102625
30,C2-e003Coalescence-mGAM-p3,14,1272026,Coalescence-E4-C3-ACPP-AE-mBHI-mBHI-3_S671,102625
31,C4-e003Coalescence-mGAM-p5,14,1470780,Coalescence-E4-C3-ACPP-AE-mBHI-mBHI-3_S671,102625
32,C4-e003Coalescence-mGAM-p3,21,2170545,Coalescence-E4-C3-ACPP-AE-mBHI-mBHI-3_S671,102625
33,C5-e003Coalescence-mGAM-p3,19,1755780,Coalescence-E4-C3-ACPP-AE-mBHI-mBHI-3_S671,102625
34,C3-e003Coalescence-mGAM-p5,23,2102070,Coalescence-E4-C3-ACPP-AE-mBHI-mBHI-3_S671,102625
35,D4-e003Coalescence-mGAM-p3,20,1955064,Coalescence-E4-C3-ACPP-AE-mBHI-mBHI-3_S671,102625
36,C3-e003Coalescence-mGAM-p7,23,2177723,Coalescence-E4-C3-ACPP-AE-mBHI-mBHI-3_S671,102625
37,C2-e003Coalescence-mGAM-p5,16,2091417,Coalescence-E4-C3-ACPP-AE-mBHI-mBHI-3_S671,102625
38,H4-e003Coalescence-mGAM-p7_S183,0,2127707,Coalescence-E4-C3-ACPP-AE-mBHI-mBHI-3_S671,102625
39,G3-e003Coalescence-mBHI-p5_S26,0,1984187,Coalescence-E4-C3-ACPP-AE-mBHI-mBHI-3_S671,102625
40,E4-e003Coalescence-mGAM-p5_S51,0,2046969,Coalescence-E4-C3-ACPP-AE-mBHI-mBHI-3_S671,102625
41,G5-e003Coalescence-mGAM-p3_S84,0,1327011,Coalescence-E4-C3-ACPP-AE-mBHI-mBHI-3_S671,102625
42,G3-e003Coalescence-mBHI-p7_S122,0,2051412,Coalescence-E4-C3-ACPP-AE-mBHI-mBHI-3_S671,102625
43,G5-e003Coalescence-mGAM-p7_S172,0,2000174,Coalescence-E4-C3-ACPP-AE-mBHI-mBHI-3_S671,102625
44,G4-e003Coalescence-mGAM-p5_S75,0,2083119,Coalescence-E4-C3-ACPP-AE-mBHI-mBHI-3_S671,102625
45,G2-e003Coalescence-mGAM-p5_S73,0,2095666,Coalescence-E4-C3-ACPP-AE-mBHI-mBHI-3_S671,102625
46,G4-e003Coalescence-mGAM-p3_S83,0,2123891,Coalescence-E4-C3-ACPP-AE-mBHI-mBHI-3_S671,102625
47,F4-e003Coalescence-mGAM-p5_S63,0,2012196,Coalescence-E4-C3-ACPP-AE-mBHI-mBHI-3_S671,102625
48,G4-e003Coalescence-mGAM-p7_S171,0,1341178,Coalescence-E4-C3-ACPP-AE-mBHI-mBHI-3_S671,102625
49,G3-e003Coalescence-mGAM-p3_S82,0,2148001,Coalescence-E4-C3-ACPP-AE-mBHI-mBHI-3_S671,102625
50,G3-e003Coalescence-mGAM-p5_S74,0,2126090,Coalescence-E4-C3-ACPP-AE-mBHI-mBHI-3_S671,102625
51,E4-e003Coalescence-mGAM-p7_S147,0,2145639,Coalescence-E4-C3-ACPP-AE-mBHI-mBHI-3_S671,102625
52,E4-e003Coalescence-mGAM-p3_S59,0,2087042,Coalescence-E4-C3-ACPP-AE-mBHI-mBHI-3_S671,102625
53,F4-e003Coalescence-mGAM-p3_S71,0,2109664,Coalescence-E4-C3-ACPP-AE-mBHI-mBHI-3_S671,102625
54,F4-e003Coalescence-mGAM-p7_S159,2,2100682,Coalescence-E4-C3-ACPP-AE-mBHI-mBHI-3_S671,102625
55,G2-e003Coalescence-mGAM-p3_S81,0,2106083,Coalescence-E4-C3-ACPP-AE-mBHI-mBHI-3_S671,102625
56,C4-e003Coalescence-mGAM-p1_S738,0,1463124,Coalescence-E4-C3-ACPP-AE-mBHI-mBHI-3_S671,102625
57,D4-e003Coalescence-mGAM-p1_S739,0,1848658,Coalescence-E4-C3-ACPP-AE-mBHI-mBHI-3_S671,102625
58,B4-e003Coalescence-mGAM-p1_S737,1,1405634,Coalescence-E4-C3-ACPP-AE-mBHI-mBHI-3_S671,102625
59,Coalescence-E5-C4-AE-AE-mBHI-mBHI-3_S672,0,2109217,Coalescence-E4-C3-ACPP-AE-mBHI-mBHI-3_S671,102625
60,Coalescence-C6-A4-AA-AE-mBHI-mGAM-5_S649,0,2160650,Coalescence-E4-C3-ACPP-AE-mBHI-mBHI-3_S671,102625
61,Coalescence-D12-B4-ACPP-AE-mBHI-mGAM-3_S667,0,2160583,Coalescence-E4-C3-ACPP-AE-mBHI-mBHI-3_S671,102625
62,Coalescence-D8-A4-AA-AE-mBHI-mGAM-3_S663,0,2106366,Coalescence-E4-C3-ACPP-AE-mBHI-mBHI-3_S671,102625
63,Coalescence-B9-G3-ACPP-AE-mBHI-mGAM-7_S640,0,2145029,Coalescence-E4-C3-ACPP-AE-mBHI-mBHI-3_S671,102625
64,Coalescence-E4-C3-ACPP-AE-mBHI-mBHI-3_S671,0,1231438,Coalescence-E4-C3-ACPP-AE-mBHI-mBHI-3_S671,102625
65,D_F11_e003Assembly_S359,0,2166211,Coalescence-E4-C3-ACPP-AE-mBHI-mBHI-3_S671,102625
66,C_C2_e003Assembly_S218,0,2063067,Coalescence-E4-C3-ACPP-AE-mBHI-mBHI-3_S671,102625
67,C_C6_e003Assembly_S222,3,1156589,Coalescence-E4-C3-ACPP-AE-mBHI-mBHI-3_S671,102625
68,C_G6_e003Assembly_S270,0,1957903,Coalescence-E4-C3-ACPP-AE-mBHI-mBHI-3_S671,102625
0,A_C3_C4_AE_AE_mBHI_mBHI_2_S27,1,1830153,D_F11_e003Assembly_S359,102625
1,A_C4_C5_AF_AE_mBHI_mBHI_2_S28,1,1831891,D_F11_e003Assembly_S359,102625
2,A_C11_C4_AE_AE_mBHI_mBHI_4_S35,1,1830141,D_F11_e003Assembly_S359,102625
3,A_D11_D4_AE_AF_mBHI_mBHI_4_S47,1,1191497,D_F11_e003Assembly_S359,102625
4,A_E3_A4_AE_AA_mBHI_mGAM_2_S51,1,1044170,D_F11_e003Assembly_S359,102625
5,A_E11_A4_AE_AA_mBHI_mGAM_4_S59,1,2146010,D_F11_e003Assembly_S359,102625
6,A_G1_C2_AA_AE_mBHI_mGAM_2_S73,1,2142841,D_F11_e003Assembly_S359,102625
7,A_G3_C4_AE_AE_mBHI_mGAM_2_S75,1,2091004,D_F11_e003Assembly_S359,102625
8,A_G4_C5_AF_AE_mBHI_mGAM_2_S76,0,1677063,D_F11_e003Assembly_S359,102625
9,A_G9_C2_AA_AE_mBHI_mGAM_4_S81,1,2159450,D_F11_e003Assembly_S359,102625
10,A_G10_C3_ACPP_AE_mBHI_mGAM_4_S82,1,2100659,D_F11_e003Assembly_S359,102625
11,A_H3_D4_AE_AF_mBHI_mGAM_2_S87,1,1928409,D_F11_e003Assembly_S359,102625
12,B_E3_E4_AE_AA_mBHI_mGAM_2_S147,1,1045740,D_F11_e003Assembly_S359,102625
13,B_G1_G2_AA_AE_mBHI_mGAM_2_S169,1,2159590,D_F11_e003Assembly_S359,102625
14,B_H3_H4_AE_AF_mBHI_mGAM_2_S183,1,1457926,D_F11_e003Assembly_S359,102625
15,C_C11_G4_AE_AE_mBHI_mBHI_4_S227,1,1523518,D_F11_e003Assembly_S359,102625
16,C_E3_A4_AE_AA_mBHI_mGAM_6_S243,1,2145227,D_F11_e003Assembly_S359,102625
17,C_E11_E4_AE_AA_mBHI_mGAM_4_S251,1,2164170,D_F11_e003Assembly_S359,102625
18,C_G3_C4_AE_AE_mBHI_mGAM_6_S267,1,1555228,D_F11_e003Assembly_S359,102625
19,C_G11_G4_AE_AE_mBHI_mGAM_4_S275,1,2041192,D_F11_e003Assembly_S359,102625
20,C_H11_H4_AE_AF_mBHI_mGAM_4_S287,0,1662792,D_F11_e003Assembly_S359,102625
21,D_E3_A4_AE_AA_mBHI_mGAM_6_S339,1,2168722,D_F11_e003Assembly_S359,102625
22,D_G1_C2_AA_AE_mBHI_mGAM_6_S361,1,2165921,D_F11_e003Assembly_S359,102625
23,D_G3_C4_AE_AE_mBHI_mGAM_6_S363,1,2139279,D_F11_e003Assembly_S359,102625
24,D_H3_D4_AE_AF_mBHI_mGAM_6_S375,1,1929446,D_F11_e003Assembly_S359,102625
25,C4-e003Coalescence-mGAM-p7,38,1507607,D_F11_e003Assembly_S359,102625
26,C3-e003Coalescence-mGAM-p3,63,2175580,D_F11_e003Assembly_S359,102625
27,C2-e003Coalescence-mGAM-p7,66,2190353,D_F11_e003Assembly_S359,102625
28,B4-e003Coalescence-mGAM-p5,62,2112758,D_F11_e003Assembly_S359,102625
29,D4-e003Coalescence-mGAM-p5,35,1378041,D_F11_e003Assembly_S359,102625
30,C2-e003Coalescence-mGAM-p3,42,1272026,D_F11_e003Assembly_S359,102625
31,C4-e003Coalescence-mGAM-p5,46,1470780,D_F11_e003Assembly_S359,102625
32,C4-e003Coalescence-mGAM-p3,66,2170545,D_F11_e003Assembly_S359,102625
33,C5-e003Coalescence-mGAM-p3,40,1755780,D_F11_e003Assembly_S359,102625
34,C3-e003Coalescence-mGAM-p5,62,2102070,D_F11_e003Assembly_S359,102625
35,D4-e003Coalescence-mGAM-p3,52,1955064,D_F11_e003Assembly_S359,102625
36,C3-e003Coalescence-mGAM-p7,66,2177723,D_F11_e003Assembly_S359,102625
37,C2-e003Coalescence-mGAM-p5,59,2091417,D_F11_e003Assembly_S359,102625
38,H4-e003Coalescence-mGAM-p7_S183,1,2127707,D_F11_e003Assembly_S359,102625
39,G3-e003Coalescence-mBHI-p5_S26,2,1984187,D_F11_e003Assembly_S359,102625
40,E4-e003Coalescence-mGAM-p5_S51,1,2046969,D_F11_e003Assembly_S359,102625
41,G5-e003Coalescence-mGAM-p3_S84,1,1327011,D_F11_e003Assembly_S359,102625
42,G3-e003Coalescence-mBHI-p7_S122,1,2051412,D_F11_e003Assembly_S359,102625
43,G5-e003Coalescence-mGAM-p7_S172,1,2000174,D_F11_e003Assembly_S359,102625
44,G4-e003Coalescence-mGAM-p5_S75,1,2083119,D_F11_e003Assembly_S359,102625
45,G2-e003Coalescence-mGAM-p5_S73,2,2095666,D_F11_e003Assembly_S359,102625
46,G4-e003Coalescence-mGAM-p3_S83,1,2123891,D_F11_e003Assembly_S359,102625
47,F4-e003Coalescence-mGAM-p5_S63,1,2012196,D_F11_e003Assembly_S359,102625
48,G4-e003Coalescence-mGAM-p7_S171,0,1341178,D_F11_e003Assembly_S359,102625
49,G3-e003Coalescence-mGAM-p3_S82,1,2148001,D_F11_e003Assembly_S359,102625
50,G3-e003Coalescence-mGAM-p5_S74,1,2126090,D_F11_e003Assembly_S359,102625
51,E4-e003Coalescence-mGAM-p7_S147,1,2145639,D_F11_e003Assembly_S359,102625
52,E4-e003Coalescence-mGAM-p3_S59,1,2087042,D_F11_e003Assembly_S359,102625
53,F4-e003Coalescence-mGAM-p3_S71,1,2109664,D_F11_e003Assembly_S359,102625
54,F4-e003Coalescence-mGAM-p7_S159,1,2100682,D_F11_e003Assembly_S359,102625
55,G2-e003Coalescence-mGAM-p3_S81,1,2106083,D_F11_e003Assembly_S359,102625
56,C4-e003Coalescence-mGAM-p1_S738,0,1463124,D_F11_e003Assembly_S359,102625
57,D4-e003Coalescence-mGAM-p1_S739,1,1848658,D_F11_e003Assembly_S359,102625
58,B4-e003Coalescence-mGAM-p1_S737,1,1405634,D_F11_e003Assembly_S359,102625
59,Coalescence-E5-C4-AE-AE-mBHI-mBHI-3_S672,0,2109217,D_F11_e003Assembly_S359,102625
60,Coalescence-C6-A4-AA-AE-mBHI-mGAM-5_S649,1,2160650,D_F11_e003Assembly_S359,102625
61,Coalescence-D12-B4-ACPP-AE-mBHI-mGAM-3_S667,1,2160583,D_F11_e003Assembly_S359,102625
62,Coalescence-D8-A4-AA-AE-mBHI-mGAM-3_S663,1,2106366,D_F11_e003Assembly_S359,102625
63,Coalescence-B9-G3-ACPP-AE-mBHI-mGAM-7_S640,1,2145029,D_F11_e003Assembly_S359,102625
64,Coalescence-E4-C3-ACPP-AE-mBHI-mBHI-3_S671,0,1231438,D_F11_e003Assembly_S359,102625
65,D_F11_e003Assembly_S359,0,2166211,D_F11_e003Assembly_S359,102625
66,C_C2_e003Assembly_S218,1,2063067,D_F11_e003Assembly_S359,102625
67,C_C6_e003Assembly_S222,1,1156589,D_F11_e003Assembly_S359,102625
68,C_G6_e003Assembly_S270,0,1957903,D_F11_e003Assembly_S359,102625
0,A_C3_C4_AE_AE_mBHI_mBHI_2_S27,0,1830153,C_C2_e003Assembly_S218,102625
1,A_C4_C5_AF_AE_mBHI_mBHI_2_S28,0,1831891,C_C2_e003Assembly_S218,102625
2,A_C11_C4_AE_AE_mBHI_mBHI_4_S35,0,1830141,C_C2_e003Assembly_S218,102625
3,A_D11_D4_AE_AF_mBHI_mBHI_4_S47,0,1191497,C_C2_e003Assembly_S218,102625
4,A_E3_A4_AE_AA_mBHI_mGAM_2_S51,0,1044170,C_C2_e003Assembly_S218,102625
5,A_E11_A4_AE_AA_mBHI_mGAM_4_S59,0,2146010,C_C2_e003Assembly_S218,102625
6,A_G1_C2_AA_AE_mBHI_mGAM_2_S73,0,2142841,C_C2_e003Assembly_S218,102625
7,A_G3_C4_AE_AE_mBHI_mGAM_2_S75,0,2091004,C_C2_e003Assembly_S218,102625
8,A_G4_C5_AF_AE_mBHI_mGAM_2_S76,0,1677063,C_C2_e003Assembly_S218,102625
9,A_G9_C2_AA_AE_mBHI_mGAM_4_S81,0,2159450,C_C2_e003Assembly_S218,102625
10,A_G10_C3_ACPP_AE_mBHI_mGAM_4_S82,2,2100659,C_C2_e003Assembly_S218,102625
11,A_H3_D4_AE_AF_mBHI_mGAM_2_S87,0,1928409,C_C2_e003Assembly_S218,102625
12,B_E3_E4_AE_AA_mBHI_mGAM_2_S147,0,1045740,C_C2_e003Assembly_S218,102625
13,B_G1_G2_AA_AE_mBHI_mGAM_2_S169,0,2159590,C_C2_e003Assembly_S218,102625
14,B_H3_H4_AE_AF_mBHI_mGAM_2_S183,0,1457926,C_C2_e003Assembly_S218,102625
15,C_C11_G4_AE_AE_mBHI_mBHI_4_S227,0,1523518,C_C2_e003Assembly_S218,102625
16,C_E3_A4_AE_AA_mBHI_mGAM_6_S243,0,2145227,C_C2_e003Assembly_S218,102625
17,C_E11_E4_AE_AA_mBHI_mGAM_4_S251,0,2164170,C_C2_e003Assembly_S218,102625
18,C_G3_C4_AE_AE_mBHI_mGAM_6_S267,0,1555228,C_C2_e003Assembly_S218,102625
19,C_G11_G4_AE_AE_mBHI_mGAM_4_S275,0,2041192,C_C2_e003Assembly_S218,102625
20,C_H11_H4_AE_AF_mBHI_mGAM_4_S287,0,1662792,C_C2_e003Assembly_S218,102625
21,D_E3_A4_AE_AA_mBHI_mGAM_6_S339,0,2168722,C_C2_e003Assembly_S218,102625
22,D_G1_C2_AA_AE_mBHI_mGAM_6_S361,0,2165921,C_C2_e003Assembly_S218,102625
23,D_G3_C4_AE_AE_mBHI_mGAM_6_S363,0,2139279,C_C2_e003Assembly_S218,102625
24,D_H3_D4_AE_AF_mBHI_mGAM_6_S375,0,1929446,C_C2_e003Assembly_S218,102625
25,C4-e003Coalescence-mGAM-p7,39,1507607,C_C2_e003Assembly_S218,102625
26,C3-e003Coalescence-mGAM-p3,63,2175580,C_C2_e003Assembly_S218,102625
27,C2-e003Coalescence-mGAM-p7,63,2190353,C_C2_e003Assembly_S218,102625
28,B4-e003Coalescence-mGAM-p5,61,2112758,C_C2_e003Assembly_S218,102625
29,D4-e003Coalescence-mGAM-p5,33,1378041,C_C2_e003Assembly_S218,102625
30,C2-e003Coalescence-mGAM-p3,36,1272026,C_C2_e003Assembly_S218,102625
31,C4-e003Coalescence-mGAM-p5,42,1470780,C_C2_e003Assembly_S218,102625
32,C4-e003Coalescence-mGAM-p3,63,2170545,C_C2_e003Assembly_S218,102625
33,C5-e003Coalescence-mGAM-p3,39,1755780,C_C2_e003Assembly_S218,102625
34,C3-e003Coalescence-mGAM-p5,59,2102070,C_C2_e003Assembly_S218,102625
35,D4-e003Coalescence-mGAM-p3,49,1955064,C_C2_e003Assembly_S218,102625
36,C3-e003Coalescence-mGAM-p7,62,2177723,C_C2_e003Assembly_S218,102625
37,C2-e003Coalescence-mGAM-p5,58,2091417,C_C2_e003Assembly_S218,102625
38,H4-e003Coalescence-mGAM-p7_S183,0,2127707,C_C2_e003Assembly_S218,102625
39,G3-e003Coalescence-mBHI-p5_S26,1,1984187,C_C2_e003Assembly_S218,102625
40,E4-e003Coalescence-mGAM-p5_S51,1,2046969,C_C2_e003Assembly_S218,102625
41,G5-e003Coalescence-mGAM-p3_S84,0,1327011,C_C2_e003Assembly_S218,102625
42,G3-e003Coalescence-mBHI-p7_S122,0,2051412,C_C2_e003Assembly_S218,102625
43,G5-e003Coalescence-mGAM-p7_S172,0,2000174,C_C2_e003Assembly_S218,102625
44,G4-e003Coalescence-mGAM-p5_S75,0,2083119,C_C2_e003Assembly_S218,102625
45,G2-e003Coalescence-mGAM-p5_S73,0,2095666,C_C2_e003Assembly_S218,102625
46,G4-e003Coalescence-mGAM-p3_S83,0,2123891,C_C2_e003Assembly_S218,102625
47,F4-e003Coalescence-mGAM-p5_S63,0,2012196,C_C2_e003Assembly_S218,102625
48,G4-e003Coalescence-mGAM-p7_S171,0,1341178,C_C2_e003Assembly_S218,102625
49,G3-e003Coalescence-mGAM-p3_S82,0,2148001,C_C2_e003Assembly_S218,102625
50,G3-e003Coalescence-mGAM-p5_S74,0,2126090,C_C2_e003Assembly_S218,102625
51,E4-e003Coalescence-mGAM-p7_S147,0,2145639,C_C2_e003Assembly_S218,102625
52,E4-e003Coalescence-mGAM-p3_S59,2,2087042,C_C2_e003Assembly_S218,102625
53,F4-e003Coalescence-mGAM-p3_S71,1,2109664,C_C2_e003Assembly_S218,102625
54,F4-e003Coalescence-mGAM-p7_S159,0,2100682,C_C2_e003Assembly_S218,102625
55,G2-e003Coalescence-mGAM-p3_S81,0,2106083,C_C2_e003Assembly_S218,102625
56,C4-e003Coalescence-mGAM-p1_S738,0,1463124,C_C2_e003Assembly_S218,102625
57,D4-e003Coalescence-mGAM-p1_S739,2,1848658,C_C2_e003Assembly_S218,102625
58,B4-e003Coalescence-mGAM-p1_S737,0,1405634,C_C2_e003Assembly_S218,102625
59,Coalescence-E5-C4-AE-AE-mBHI-mBHI-3_S672,0,2109217,C_C2_e003Assembly_S218,102625
60,Coalescence-C6-A4-AA-AE-mBHI-mGAM-5_S649,0,2160650,C_C2_e003Assembly_S218,102625
61,Coalescence-D12-B4-ACPP-AE-mBHI-mGAM-3_S667,0,2160583,C_C2_e003Assembly_S218,102625
62,Coalescence-D8-A4-AA-AE-mBHI-mGAM-3_S663,0,2106366,C_C2_e003Assembly_S218,102625
63,Coalescence-B9-G3-ACPP-AE-mBHI-mGAM-7_S640,0,2145029,C_C2_e003Assembly_S218,102625
64,Coalescence-E4-C3-ACPP-AE-mBHI-mBHI-3_S671,0,1231438,C_C2_e003Assembly_S218,102625
65,D_F11_e003Assembly_S359,1,2166211,C_C2_e003Assembly_S218,102625
66,C_C2_e003Assembly_S218,0,2063067,C_C2_e003Assembly_S218,102625
67,C_C6_e003Assembly_S222,0,1156589,C_C2_e003Assembly_S218,102625
68,C_G6_e003Assembly_S270,1,1957903,C_C2_e003Assembly_S218,102625
0,A_C3_C4_AE_AE_mBHI_mBHI_2_S27,1,1830153,C_C6_e003Assembly_S222,102625
1,A_C4_C5_AF_AE_mBHI_mBHI_2_S28,0,1831891,C_C6_e003Assembly_S222,102625
2,A_C11_C4_AE_AE_mBHI_mBHI_4_S35,0,1830141,C_C6_e003Assembly_S222,102625
3,A_D11_D4_AE_AF_mBHI_mBHI_4_S47,1,1191497,C_C6_e003Assembly_S222,102625
4,A_E3_A4_AE_AA_mBHI_mGAM_2_S51,0,1044170,C_C6_e003Assembly_S222,102625
5,A_E11_A4_AE_AA_mBHI_mGAM_4_S59,0,2146010,C_C6_e003Assembly_S222,102625
6,A_G1_C2_AA_AE_mBHI_mGAM_2_S73,0,2142841,C_C6_e003Assembly_S222,102625
7,A_G3_C4_AE_AE_mBHI_mGAM_2_S75,0,2091004,C_C6_e003Assembly_S222,102625
8,A_G4_C5_AF_AE_mBHI_mGAM_2_S76,2,1677063,C_C6_e003Assembly_S222,102625
9,A_G9_C2_AA_AE_mBHI_mGAM_4_S81,0,2159450,C_C6_e003Assembly_S222,102625
10,A_G10_C3_ACPP_AE_mBHI_mGAM_4_S82,2,2100659,C_C6_e003Assembly_S222,102625
11,A_H3_D4_AE_AF_mBHI_mGAM_2_S87,1,1928409,C_C6_e003Assembly_S222,102625
12,B_E3_E4_AE_AA_mBHI_mGAM_2_S147,0,1045740,C_C6_e003Assembly_S222,102625
13,B_G1_G2_AA_AE_mBHI_mGAM_2_S169,0,2159590,C_C6_e003Assembly_S222,102625
14,B_H3_H4_AE_AF_mBHI_mGAM_2_S183,0,1457926,C_C6_e003Assembly_S222,102625
15,C_C11_G4_AE_AE_mBHI_mBHI_4_S227,2,1523518,C_C6_e003Assembly_S222,102625
16,C_E3_A4_AE_AA_mBHI_mGAM_6_S243,0,2145227,C_C6_e003Assembly_S222,102625
17,C_E11_E4_AE_AA_mBHI_mGAM_4_S251,0,2164170,C_C6_e003Assembly_S222,102625
18,C_G3_C4_AE_AE_mBHI_mGAM_6_S267,0,1555228,C_C6_e003Assembly_S222,102625
19,C_G11_G4_AE_AE_mBHI_mGAM_4_S275,0,2041192,C_C6_e003Assembly_S222,102625
20,C_H11_H4_AE_AF_mBHI_mGAM_4_S287,2,1662792,C_C6_e003Assembly_S222,102625
21,D_E3_A4_AE_AA_mBHI_mGAM_6_S339,0,2168722,C_C6_e003Assembly_S222,102625
22,D_G1_C2_AA_AE_mBHI_mGAM_6_S361,0,2165921,C_C6_e003Assembly_S222,102625
23,D_G3_C4_AE_AE_mBHI_mGAM_6_S363,0,2139279,C_C6_e003Assembly_S222,102625
24,D_H3_D4_AE_AF_mBHI_mGAM_6_S375,0,1929446,C_C6_e003Assembly_S222,102625
25,C4-e003Coalescence-mGAM-p7,8,1507607,C_C6_e003Assembly_S222,102625
26,C3-e003Coalescence-mGAM-p3,13,2175580,C_C6_e003Assembly_S222,102625
27,C2-e003Coalescence-mGAM-p7,13,2190353,C_C6_e003Assembly_S222,102625
28,B4-e003Coalescence-mGAM-p5,13,2112758,C_C6_e003Assembly_S222,102625
29,D4-e003Coalescence-mGAM-p5,7,1378041,C_C6_e003Assembly_S222,102625
30,C2-e003Coalescence-mGAM-p3,8,1272026,C_C6_e003Assembly_S222,102625
31,C4-e003Coalescence-mGAM-p5,9,1470780,C_C6_e003Assembly_S222,102625
32,C4-e003Coalescence-mGAM-p3,13,2170545,C_C6_e003Assembly_S222,102625
33,C5-e003Coalescence-mGAM-p3,10,1755780,C_C6_e003Assembly_S222,102625
34,C3-e003Coalescence-mGAM-p5,13,2102070,C_C6_e003Assembly_S222,102625
35,D4-e003Coalescence-mGAM-p3,11,1955064,C_C6_e003Assembly_S222,102625
36,C3-e003Coalescence-mGAM-p7,13,2177723,C_C6_e003Assembly_S222,102625
37,C2-e003Coalescence-mGAM-p5,7,2091417,C_C6_e003Assembly_S222,102625
38,H4-e003Coalescence-mGAM-p7_S183,0,2127707,C_C6_e003Assembly_S222,102625
39,G3-e003Coalescence-mBHI-p5_S26,0,1984187,C_C6_e003Assembly_S222,102625
40,E4-e003Coalescence-mGAM-p5_S51,0,2046969,C_C6_e003Assembly_S222,102625
41,G5-e003Coalescence-mGAM-p3_S84,0,1327011,C_C6_e003Assembly_S222,102625
42,G3-e003Coalescence-mBHI-p7_S122,0,2051412,C_C6_e003Assembly_S222,102625
43,G5-e003Coalescence-mGAM-p7_S172,0,2000174,C_C6_e003Assembly_S222,102625
44,G4-e003Coalescence-mGAM-p5_S75,0,2083119,C_C6_e003Assembly_S222,102625
45,G2-e003Coalescence-mGAM-p5_S73,2,2095666,C_C6_e003Assembly_S222,102625
46,G4-e003Coalescence-mGAM-p3_S83,0,2123891,C_C6_e003Assembly_S222,102625
47,F4-e003Coalescence-mGAM-p5_S63,0,2012196,C_C6_e003Assembly_S222,102625
48,G4-e003Coalescence-mGAM-p7_S171,0,1341178,C_C6_e003Assembly_S222,102625
49,G3-e003Coalescence-mGAM-p3_S82,0,2148001,C_C6_e003Assembly_S222,102625
50,G3-e003Coalescence-mGAM-p5_S74,0,2126090,C_C6_e003Assembly_S222,102625
51,E4-e003Coalescence-mGAM-p7_S147,0,2145639,C_C6_e003Assembly_S222,102625
52,E4-e003Coalescence-mGAM-p3_S59,0,2087042,C_C6_e003Assembly_S222,102625
53,F4-e003Coalescence-mGAM-p3_S71,0,2109664,C_C6_e003Assembly_S222,102625
54,F4-e003Coalescence-mGAM-p7_S159,0,2100682,C_C6_e003Assembly_S222,102625
55,G2-e003Coalescence-mGAM-p3_S81,0,2106083,C_C6_e003Assembly_S222,102625
56,C4-e003Coalescence-mGAM-p1_S738,0,1463124,C_C6_e003Assembly_S222,102625
57,D4-e003Coalescence-mGAM-p1_S739,0,1848658,C_C6_e003Assembly_S222,102625
58,B4-e003Coalescence-mGAM-p1_S737,1,1405634,C_C6_e003Assembly_S222,102625
59,Coalescence-E5-C4-AE-AE-mBHI-mBHI-3_S672,1,2109217,C_C6_e003Assembly_S222,102625
60,Coalescence-C6-A4-AA-AE-mBHI-mGAM-5_S649,0,2160650,C_C6_e003Assembly_S222,102625
61,Coalescence-D12-B4-ACPP-AE-mBHI-mGAM-3_S667,0,2160583,C_C6_e003Assembly_S222,102625
62,Coalescence-D8-A4-AA-AE-mBHI-mGAM-3_S663,0,2106366,C_C6_e003Assembly_S222,102625
63,Coalescence-B9-G3-ACPP-AE-mBHI-mGAM-7_S640,0,2145029,C_C6_e003Assembly_S222,102625
64,Coalescence-E4-C3-ACPP-AE-mBHI-mBHI-3_S671,3,1231438,C_C6_e003Assembly_S222,102625
65,D_F11_e003Assembly_S359,1,2166211,C_C6_e003Assembly_S222,102625
66,C_C2_e003Assembly_S218,0,2063067,C_C6_e003Assembly_S222,102625
67,C_C6_e003Assembly_S222,0,1156589,C_C6_e003Assembly_S222,102625
68,C_G6_e003Assembly_S270,1,1957903,C_C6_e003Assembly_S222,102625
0,A_C3_C4_AE_AE_mBHI_mBHI_2_S27,2,1830153,C_G6_e003Assembly_S270,102625
1,A_C4_C5_AF_AE_mBHI_mBHI_2_S28,2,1831891,C_G6_e003Assembly_S270,102625
2,A_C11_C4_AE_AE_mBHI_mBHI_4_S35,1,1830141,C_G6_e003Assembly_S270,102625
3,A_D11_D4_AE_AF_mBHI_mBHI_4_S47,1,1191497,C_G6_e003Assembly_S270,102625
4,A_E3_A4_AE_AA_mBHI_mGAM_2_S51,1,1044170,C_G6_e003Assembly_S270,102625
5,A_E11_A4_AE_AA_mBHI_mGAM_4_S59,1,2146010,C_G6_e003Assembly_S270,102625
6,A_G1_C2_AA_AE_mBHI_mGAM_2_S73,1,2142841,C_G6_e003Assembly_S270,102625
7,A_G3_C4_AE_AE_mBHI_mGAM_2_S75,1,2091004,C_G6_e003Assembly_S270,102625
8,A_G4_C5_AF_AE_mBHI_mGAM_2_S76,0,1677063,C_G6_e003Assembly_S270,102625
9,A_G9_C2_AA_AE_mBHI_mGAM_4_S81,1,2159450,C_G6_e003Assembly_S270,102625
10,A_G10_C3_ACPP_AE_mBHI_mGAM_4_S82,1,2100659,C_G6_e003Assembly_S270,102625
11,A_H3_D4_AE_AF_mBHI_mGAM_2_S87,1,1928409,C_G6_e003Assembly_S270,102625
12,B_E3_E4_AE_AA_mBHI_mGAM_2_S147,1,1045740,C_G6_e003Assembly_S270,102625
13,B_G1_G2_AA_AE_mBHI_mGAM_2_S169,1,2159590,C_G6_e003Assembly_S270,102625
14,B_H3_H4_AE_AF_mBHI_mGAM_2_S183,1,1457926,C_G6_e003Assembly_S270,102625
15,C_C11_G4_AE_AE_mBHI_mBHI_4_S227,2,1523518,C_G6_e003Assembly_S270,102625
16,C_E3_A4_AE_AA_mBHI_mGAM_6_S243,1,2145227,C_G6_e003Assembly_S270,102625
17,C_E11_E4_AE_AA_mBHI_mGAM_4_S251,1,2164170,C_G6_e003Assembly_S270,102625
18,C_G3_C4_AE_AE_mBHI_mGAM_6_S267,1,1555228,C_G6_e003Assembly_S270,102625
19,C_G11_G4_AE_AE_mBHI_mGAM_4_S275,1,2041192,C_G6_e003Assembly_S270,102625
20,C_H11_H4_AE_AF_mBHI_mGAM_4_S287,0,1662792,C_G6_e003Assembly_S270,102625
21,D_E3_A4_AE_AA_mBHI_mGAM_6_S339,1,2168722,C_G6_e003Assembly_S270,102625
22,D_G1_C2_AA_AE_mBHI_mGAM_6_S361,1,2165921,C_G6_e003Assembly_S270,102625
23,D_G3_C4_AE_AE_mBHI_mGAM_6_S363,1,2139279,C_G6_e003Assembly_S270,102625
24,D_H3_D4_AE_AF_mBHI_mGAM_6_S375,1,1929446,C_G6_e003Assembly_S270,102625
25,C4-e003Coalescence-mGAM-p7,27,1507607,C_G6_e003Assembly_S270,102625
26,C3-e003Coalescence-mGAM-p3,50,2175580,C_G6_e003Assembly_S270,102625
27,C2-e003Coalescence-mGAM-p7,49,2190353,C_G6_e003Assembly_S270,102625
28,B4-e003Coalescence-mGAM-p5,45,2112758,C_G6_e003Assembly_S270,102625
29,D4-e003Coalescence-mGAM-p5,31,1378041,C_G6_e003Assembly_S270,102625
30,C2-e003Coalescence-mGAM-p3,35,1272026,C_G6_e003Assembly_S270,102625
31,C4-e003Coalescence-mGAM-p5,36,1470780,C_G6_e003Assembly_S270,102625
32,C4-e003Coalescence-mGAM-p3,48,2170545,C_G6_e003Assembly_S270,102625
33,C5-e003Coalescence-mGAM-p3,26,1755780,C_G6_e003Assembly_S270,102625
34,C3-e003Coalescence-mGAM-p5,46,2102070,C_G6_e003Assembly_S270,102625
35,D4-e003Coalescence-mGAM-p3,39,1955064,C_G6_e003Assembly_S270,102625
36,C3-e003Coalescence-mGAM-p7,50,2177723,C_G6_e003Assembly_S270,102625
37,C2-e003Coalescence-mGAM-p5,43,2091417,C_G6_e003Assembly_S270,102625
38,H4-e003Coalescence-mGAM-p7_S183,1,2127707,C_G6_e003Assembly_S270,102625
39,G3-e003Coalescence-mBHI-p5_S26,1,1984187,C_G6_e003Assembly_S270,102625
40,E4-e003Coalescence-mGAM-p5_S51,1,2046969,C_G6_e003Assembly_S270,102625
41,G5-e003Coalescence-mGAM-p3_S84,1,1327011,C_G6_e003Assembly_S270,102625
42,G3-e003Coalescence-mBHI-p7_S122,1,2051412,C_G6_e003Assembly_S270,102625
43,G5-e003Coalescence-mGAM-p7_S172,1,2000174,C_G6_e003Assembly_S270,102625
44,G4-e003Coalescence-mGAM-p5_S75,1,2083119,C_G6_e003Assembly_S270,102625
45,G2-e003Coalescence-mGAM-p5_S73,1,2095666,C_G6_e003Assembly_S270,102625
46,G4-e003Coalescence-mGAM-p3_S83,1,2123891,C_G6_e003Assembly_S270,102625
47,F4-e003Coalescence-mGAM-p5_S63,1,2012196,C_G6_e003Assembly_S270,102625
48,G4-e003Coalescence-mGAM-p7_S171,0,1341178,C_G6_e003Assembly_S270,102625
49,G3-e003Coalescence-mGAM-p3_S82,1,2148001,C_G6_e003Assembly_S270,102625
50,G3-e003Coalescence-mGAM-p5_S74,1,2126090,C_G6_e003Assembly_S270,102625
51,E4-e003Coalescence-mGAM-p7_S147,1,2145639,C_G6_e003Assembly_S270,102625
52,E4-e003Coalescence-mGAM-p3_S59,1,2087042,C_G6_e003Assembly_S270,102625
53,F4-e003Coalescence-mGAM-p3_S71,1,2109664,C_G6_e003Assembly_S270,102625
54,F4-e003Coalescence-mGAM-p7_S159,1,2100682,C_G6_e003Assembly_S270,102625
55,G2-e003Coalescence-mGAM-p3_S81,1,2106083,C_G6_e003Assembly_S270,102625
56,C4-e003Coalescence-mGAM-p1_S738,0,1463124,C_G6_e003Assembly_S270,102625
57,D4-e003Coalescence-mGAM-p1_S739,1,1848658,C_G6_e003Assembly_S270,102625
58,B4-e003Coalescence-mGAM-p1_S737,2,1405634,C_G6_e003Assembly_S270,102625
59,Coalescence-E5-C4-AE-AE-mBHI-mBHI-3_S672,0,2109217,C_G6_e003Assembly_S270,102625
60,Coalescence-C6-A4-AA-AE-mBHI-mGAM-5_S649,1,2160650,C_G6_e003Assembly_S270,102625
61,Coalescence-D12-B4-ACPP-AE-mBHI-mGAM-3_S667,1,2160583,C_G6_e003Assembly_S270,102625
62,Coalescence-D8-A4-AA-AE-mBHI-mGAM-3_S663,1,2106366,C_G6_e003Assembly_S270,102625
63,Coalescence-B9-G3-ACPP-AE-mBHI-mGAM-7_S640,1,2145029,C_G6_e003Assembly_S270,102625
64,Coalescence-E4-C3-ACPP-AE-mBHI-mBHI-3_S671,0,1231438,C_G6_e003Assembly_S270,102625
65,D_F11_e003Assembly_S359,0,2166211,C_G6_e003Assembly_S270,102625
66,C_C2_e003Assembly_S218,1,2063067,C_G6_e003Assembly_S270,102625
67,C_C6_e003Assembly_S222,1,1156589,C_G6_e003Assembly_S270,102625
68,C_G6_e003Assembly_S270,0,1957903,C_G6_e003Assembly_S270,102625
