,index,fixed_diffs,comparisons,sample1,species_id
0,A_A5_A8_AA_AA_mGAM_mBHI_2_S5,0,1417316,A_A5_A8_AA_AA_mGAM_mBHI_2_S5,102316
1,A_A8_A11_AF_AA_mGAM_mBHI_2_S8,6,1079879,A_A5_A8_AA_AA_mGAM_mBHI_2_S5,102316
2,A_C5_C8_AA_AE_mGAM_mBHI_2_S29,0,1427638,A_A5_A8_AA_AA_mGAM_mBHI_2_S5,102316
3,A_D5_D8_AA_AF_mGAM_mBHI_2_S41,31,966462,A_A5_A8_AA_AA_mGAM_mBHI_2_S5,102316
4,A_D8_D11_AF_AF_mGAM_mBHI_2_S44,19385,1169381,A_A5_A8_AA_AA_mGAM_mBHI_2_S5,102316
5,A_E5_A8_AA_AA_mGAM_mGAM_2_S53,24,1019189,A_A5_A8_AA_AA_mGAM_mBHI_2_S5,102316
6,A_E9_A2_AA_AA_mBHI_mGAM_4_S57,14,1413231,A_A5_A8_AA_AA_mGAM_mBHI_2_S5,102316
7,A_G1_C2_AA_AE_mBHI_mGAM_2_S73,17,712175,A_A5_A8_AA_AA_mGAM_mBHI_2_S5,102316
8,A_G5_C8_AA_AE_mGAM_mGAM_2_S77,44,1416857,A_A5_A8_AA_AA_mGAM_mBHI_2_S5,102316
9,A_G9_C2_AA_AE_mBHI_mGAM_4_S81,14,1411062,A_A5_A8_AA_AA_mGAM_mBHI_2_S5,102316
10,B_A5_E8_AA_AA_mGAM_mBHI_2_S101,1,1425704,A_A5_A8_AA_AA_mGAM_mBHI_2_S5,102316
11,B_A6_E9_ACPP_AA_mGAM_mBHI_2_S102,10,1117375,A_A5_A8_AA_AA_mGAM_mBHI_2_S5,102316
12,B_A7_E10_AE_AA_mGAM_mBHI_2_S103,2,1427518,A_A5_A8_AA_AA_mGAM_mBHI_2_S5,102316
13,B_A11_A10_AE_AA_mGAM_mBHI_4_S107,16,1383768,A_A5_A8_AA_AA_mGAM_mBHI_2_S5,102316
14,B_A12_A11_AF_AA_mGAM_mBHI_4_S108,12,1434911,A_A5_A8_AA_AA_mGAM_mBHI_2_S5,102316
15,B_C12_C11_AF_AE_mGAM_mBHI_4_S132,17288,1052319,A_A5_A8_AA_AA_mGAM_mBHI_2_S5,102316
16,B_D7_H10_AE_AF_mGAM_mBHI_2_S139,22769,1353892,A_A5_A8_AA_AA_mGAM_mBHI_2_S5,102316
17,B_D11_D10_AE_AF_mGAM_mBHI_4_S143,19966,1203283,A_A5_A8_AA_AA_mGAM_mBHI_2_S5,102316
18,B_E5_E8_AA_AA_mGAM_mGAM_2_S149,20,946657,A_A5_A8_AA_AA_mGAM_mBHI_2_S5,102316
19,B_E7_E10_AE_AA_mGAM_mGAM_2_S151,12,1444031,A_A5_A8_AA_AA_mGAM_mBHI_2_S5,102316
20,B_E8_E11_AF_AA_mGAM_mGAM_2_S152,17,849793,A_A5_A8_AA_AA_mGAM_mBHI_2_S5,102316
21,B_E11_A10_AE_AA_mGAM_mGAM_4_S155,5,1028220,A_A5_A8_AA_AA_mGAM_mBHI_2_S5,102316
22,B_G1_G2_AA_AE_mBHI_mGAM_2_S169,22,1033473,A_A5_A8_AA_AA_mGAM_mBHI_2_S5,102316
23,B_H5_H8_AA_AF_mGAM_mGAM_2_S185,8,1427983,A_A5_A8_AA_AA_mGAM_mBHI_2_S5,102316
24,C_C5_C8_AA_AE_mGAM_mBHI_6_S221,3,977407,A_A5_A8_AA_AA_mGAM_mBHI_2_S5,102316
25,C_C8_C11_AF_AE_mGAM_mBHI_6_S224,20278,1218207,A_A5_A8_AA_AA_mGAM_mBHI_2_S5,102316
26,C_D5_D8_AA_AF_mGAM_mBHI_6_S233,81,1127572,A_A5_A8_AA_AA_mGAM_mBHI_2_S5,102316
27,C_D7_D10_AE_AF_mGAM_mBHI_6_S235,23705,1404179,A_A5_A8_AA_AA_mGAM_mBHI_2_S5,102316
28,C_E5_A8_AA_AA_mGAM_mGAM_6_S245,33,1431755,A_A5_A8_AA_AA_mGAM_mBHI_2_S5,102316
29,C_E7_A10_AE_AA_mGAM_mGAM_6_S247,5,1413289,A_A5_A8_AA_AA_mGAM_mBHI_2_S5,102316
30,C_E9_E2_AA_AA_mBHI_mGAM_4_S249,15,1403356,A_A5_A8_AA_AA_mGAM_mBHI_2_S5,102316
31,C_E11_E4_AE_AA_mBHI_mGAM_4_S251,6,1422885,A_A5_A8_AA_AA_mGAM_mBHI_2_S5,102316
32,D_A6_A9_ACPP_AA_mGAM_mBHI_6_S294,1,1440130,A_A5_A8_AA_AA_mGAM_mBHI_2_S5,102316
33,D_A7_A10_AE_AA_mGAM_mBHI_6_S295,3,1433602,A_A5_A8_AA_AA_mGAM_mBHI_2_S5,102316
34,D_A8_A11_AF_AA_mGAM_mBHI_6_S296,8,1436671,A_A5_A8_AA_AA_mGAM_mBHI_2_S5,102316
35,D_A9_E8_AA_AA_mGAM_mBHI_4_S297,0,1437286,A_A5_A8_AA_AA_mGAM_mBHI_2_S5,102316
36,D_A12_E11_AF_AA_mGAM_mBHI_4_S300,16,1396823,A_A5_A8_AA_AA_mGAM_mBHI_2_S5,102316
37,D_C8_C11_AF_AE_mGAM_mBHI_6_S320,21529,1292174,A_A5_A8_AA_AA_mGAM_mBHI_2_S5,102316
38,D_C9_G8_AA_AE_mGAM_mBHI_4_S321,7,1110163,A_A5_A8_AA_AA_mGAM_mBHI_2_S5,102316
39,D_C12_G11_AF_AE_mGAM_mBHI_4_S324,22401,1330220,A_A5_A8_AA_AA_mGAM_mBHI_2_S5,102316
40,D_D7_D10_AE_AF_mGAM_mBHI_6_S331,22453,1338259,A_A5_A8_AA_AA_mGAM_mBHI_2_S5,102316
41,D_D11_H10_AE_AF_mGAM_mBHI_4_S335,22028,1308265,A_A5_A8_AA_AA_mGAM_mBHI_2_S5,102316
42,D_E1_A2_AA_AA_mBHI_mGAM_6_S337,11,1436963,A_A5_A8_AA_AA_mGAM_mBHI_2_S5,102316
43,D_E3_A4_AE_AA_mBHI_mGAM_6_S339,8,1417311,A_A5_A8_AA_AA_mGAM_mBHI_2_S5,102316
44,D_E6_A9_ACPP_AA_mGAM_mGAM_6_S342,9,1303681,A_A5_A8_AA_AA_mGAM_mBHI_2_S5,102316
45,D_E7_A10_AE_AA_mGAM_mGAM_6_S343,4,1343749,A_A5_A8_AA_AA_mGAM_mBHI_2_S5,102316
46,D_E9_E8_AA_AA_mGAM_mGAM_4_S345,55,1400809,A_A5_A8_AA_AA_mGAM_mBHI_2_S5,102316
47,D_E11_E10_AE_AA_mGAM_mGAM_4_S347,1,1397326,A_A5_A8_AA_AA_mGAM_mBHI_2_S5,102316
48,D_G1_C2_AA_AE_mBHI_mGAM_6_S361,12,712918,A_A5_A8_AA_AA_mGAM_mBHI_2_S5,102316
49,D_H5_D8_AA_AF_mGAM_mGAM_6_S377,4321,1125549,A_A5_A8_AA_AA_mGAM_mBHI_2_S5,102316
50,D10-e003Coalescence-mBHI-p3,12037,721454,A_A5_A8_AA_AA_mGAM_mBHI_2_S5,102316
51,C2-e003Coalescence-mGAM-p7,75,1453552,A_A5_A8_AA_AA_mGAM_mBHI_2_S5,102316
52,D10-e003Coalescence-mBHI-p5,11916,723373,A_A5_A8_AA_AA_mGAM_mBHI_2_S5,102316
53,D8-e003Coalescence-mBHI-p5,105,795854,A_A5_A8_AA_AA_mGAM_mBHI_2_S5,102316
54,A8-e003Coalescence-mBHI-p7,68,1437763,A_A5_A8_AA_AA_mGAM_mBHI_2_S5,102316
55,A10-e003Coalescence-mGAM-p3,32,960054,A_A5_A8_AA_AA_mGAM_mBHI_2_S5,102316
56,A8-e003Coalescence-mBHI-p5,34,1099058,A_A5_A8_AA_AA_mGAM_mBHI_2_S5,102316
57,A10-e003Coalescence-mBHI-p7,59,1171728,A_A5_A8_AA_AA_mGAM_mBHI_2_S5,102316
58,A2-e003Coalescence-mGAM-p5,53,1119246,A_A5_A8_AA_AA_mGAM_mBHI_2_S5,102316
59,C8-e003Coalescence-mBHI-p5,42,1251387,A_A5_A8_AA_AA_mGAM_mBHI_2_S5,102316
60,A11-e003Coalescence-mBHI-p3,72,1455400,A_A5_A8_AA_AA_mGAM_mBHI_2_S5,102316
61,E2-e003Coalescence-mGAM-p7_S145,10,960650,A_A5_A8_AA_AA_mGAM_mBHI_2_S5,102316
62,E8-e003Coalescence-mBHI-p5_S5,10,1129168,A_A5_A8_AA_AA_mGAM_mBHI_2_S5,102316
63,H111-e003Coalescence-mBHI-p3_S144,20671,1229895,A_A5_A8_AA_AA_mGAM_mBHI_2_S5,102316
64,E100-e003Coalescence-mGAM-p3_S155,1,1310955,A_A5_A8_AA_AA_mGAM_mBHI_2_S5,102316
65,E111-e003Coalescence-mBHI-p5_S8,52,719187,A_A5_A8_AA_AA_mGAM_mBHI_2_S5,102316
66,H100-e003Coalescence-mBHI-p5_S43,17128,1043416,A_A5_A8_AA_AA_mGAM_mBHI_2_S5,102316
67,H8-e003Coalescence-mBHI-p7_S137,25,1241668,A_A5_A8_AA_AA_mGAM_mBHI_2_S5,102316
68,G8-e003Coalescence-mGAM-p5_S77,22,1348310,A_A5_A8_AA_AA_mGAM_mBHI_2_S5,102316
69,H8-e003Coalescence-mBHI-p5_S41,13,797551,A_A5_A8_AA_AA_mGAM_mBHI_2_S5,102316
70,E100-e003Coalescence-mBHI-p5_S7,2,890217,A_A5_A8_AA_AA_mGAM_mBHI_2_S5,102316
71,E100-e003Coalescence-mGAM-p5_S55,3,809705,A_A5_A8_AA_AA_mGAM_mBHI_2_S5,102316
72,H111-e003Coalescence-mBHI-p5_S44,10777,674095,A_A5_A8_AA_AA_mGAM_mBHI_2_S5,102316
73,E2-e003Coalescence-mGAM-p3_S57,6,1046865,A_A5_A8_AA_AA_mGAM_mBHI_2_S5,102316
74,H100-e003Coalescence-mBHI-p7_S139,21224,1277434,A_A5_A8_AA_AA_mGAM_mBHI_2_S5,102316
75,G8-e003Coalescence-mBHI-p5_S29,1,748494,A_A5_A8_AA_AA_mGAM_mBHI_2_S5,102316
76,E8-e003Coalescence-mBHI-p3_S105,3,1300226,A_A5_A8_AA_AA_mGAM_mBHI_2_S5,102316
77,E8-e003Coalescence-mGAM-p7_S149,44,1417361,A_A5_A8_AA_AA_mGAM_mBHI_2_S5,102316
78,H8-e003Coalescence-mGAM-p7_S185,5276,983015,A_A5_A8_AA_AA_mGAM_mBHI_2_S5,102316
79,A2-e003Coalescence-Inoculumn-mGAM,65,766653,A_A5_A8_AA_AA_mGAM_mBHI_2_S5,102316
80,B8-e003Coalescence-mBHI-p1_S749,63,1268450,A_A5_A8_AA_AA_mGAM_mBHI_2_S5,102316
81,A8-e003Coalescence-mBHI-p1_S748,0,1289758,A_A5_A8_AA_AA_mGAM_mBHI_2_S5,102316
82,H8-e003Coalescence-mBHI-p1_S815,18,1218424,A_A5_A8_AA_AA_mGAM_mBHI_2_S5,102316
83,E8-e003Coalescence-mBHI-p1_S812,0,1401516,A_A5_A8_AA_AA_mGAM_mBHI_2_S5,102316
84,G8-e003Coalescence-mGAM-p1_S818,12,827892,A_A5_A8_AA_AA_mGAM_mBHI_2_S5,102316
85,D8-e003Coalescence-mGAM-p1_S755,31,701330,A_A5_A8_AA_AA_mGAM_mBHI_2_S5,102316
86,A9-e003Coalescence-mBHI-p1_S756,72,1437416,A_A5_A8_AA_AA_mGAM_mBHI_2_S5,102316
87,E11-e003Coalescence-mBHI-p1_S836,4,1451168,A_A5_A8_AA_AA_mGAM_mBHI_2_S5,102316
88,A10-e003Coalescence-mBHI-p1_S764,0,1193259,A_A5_A8_AA_AA_mGAM_mBHI_2_S5,102316
89,A11-e003Coalescence-mBHI-p1_S772,7,1248804,A_A5_A8_AA_AA_mGAM_mBHI_2_S5,102316
90,Coalescence-F2-E10-AA-AE-mGAM-mBHI-3_S681,3,1425787,A_A5_A8_AA_AA_mGAM_mBHI_2_S5,102316
91,Coalescence-E8-D11-AF-AF-mGAM-mBHI-3_S675,18779,1135698,A_A5_A8_AA_AA_mGAM_mBHI_2_S5,102316
92,Coalescence-F10-H8-AA-AF-mGAM-mGAM-3_S689,118,1095751,A_A5_A8_AA_AA_mGAM_mBHI_2_S5,102316
93,Coalescence-A10-C11-AE-AF-mGAM-mBHI-7_S629,11330,698926,A_A5_A8_AA_AA_mGAM_mBHI_2_S5,102316
94,C_E2_e003Assembly_S242,22,781119,A_A5_A8_AA_AA_mGAM_mBHI_2_S5,102316
0,A_A5_A8_AA_AA_mGAM_mBHI_2_S5,6,1417316,A_A8_A11_AF_AA_mGAM_mBHI_2_S8,102316
1,A_A8_A11_AF_AA_mGAM_mBHI_2_S8,0,1079879,A_A8_A11_AF_AA_mGAM_mBHI_2_S8,102316
2,A_C5_C8_AA_AE_mGAM_mBHI_2_S29,6,1427638,A_A8_A11_AF_AA_mGAM_mBHI_2_S8,102316
3,A_D5_D8_AA_AF_mGAM_mBHI_2_S41,7,966462,A_A8_A11_AF_AA_mGAM_mBHI_2_S8,102316
4,A_D8_D11_AF_AF_mGAM_mBHI_2_S44,12052,1169381,A_A8_A11_AF_AA_mGAM_mBHI_2_S8,102316
5,A_E5_A8_AA_AA_mGAM_mGAM_2_S53,31,1019189,A_A8_A11_AF_AA_mGAM_mBHI_2_S8,102316
6,A_E9_A2_AA_AA_mBHI_mGAM_4_S57,22,1413231,A_A8_A11_AF_AA_mGAM_mBHI_2_S8,102316
7,A_G1_C2_AA_AE_mBHI_mGAM_2_S73,16,712175,A_A8_A11_AF_AA_mGAM_mBHI_2_S8,102316
8,A_G5_C8_AA_AE_mGAM_mGAM_2_S77,50,1416857,A_A8_A11_AF_AA_mGAM_mBHI_2_S8,102316
9,A_G9_C2_AA_AE_mBHI_mGAM_4_S81,8,1411062,A_A8_A11_AF_AA_mGAM_mBHI_2_S8,102316
10,B_A5_E8_AA_AA_mGAM_mBHI_2_S101,5,1425704,A_A8_A11_AF_AA_mGAM_mBHI_2_S8,102316
11,B_A6_E9_ACPP_AA_mGAM_mBHI_2_S102,32,1117375,A_A8_A11_AF_AA_mGAM_mBHI_2_S8,102316
12,B_A7_E10_AE_AA_mGAM_mBHI_2_S103,2,1427518,A_A8_A11_AF_AA_mGAM_mBHI_2_S8,102316
13,B_A11_A10_AE_AA_mGAM_mBHI_4_S107,4,1383768,A_A8_A11_AF_AA_mGAM_mBHI_2_S8,102316
14,B_A12_A11_AF_AA_mGAM_mBHI_4_S108,2,1434911,A_A8_A11_AF_AA_mGAM_mBHI_2_S8,102316
15,B_C12_C11_AF_AE_mGAM_mBHI_4_S132,10799,1052319,A_A8_A11_AF_AA_mGAM_mBHI_2_S8,102316
16,B_D7_H10_AE_AF_mGAM_mBHI_2_S139,14226,1353892,A_A8_A11_AF_AA_mGAM_mBHI_2_S8,102316
17,B_D11_D10_AE_AF_mGAM_mBHI_4_S143,12442,1203283,A_A8_A11_AF_AA_mGAM_mBHI_2_S8,102316
18,B_E5_E8_AA_AA_mGAM_mGAM_2_S149,14,946657,A_A8_A11_AF_AA_mGAM_mBHI_2_S8,102316
19,B_E7_E10_AE_AA_mGAM_mGAM_2_S151,19,1444031,A_A8_A11_AF_AA_mGAM_mBHI_2_S8,102316
20,B_E8_E11_AF_AA_mGAM_mGAM_2_S152,18,849793,A_A8_A11_AF_AA_mGAM_mBHI_2_S8,102316
21,B_E11_A10_AE_AA_mGAM_mGAM_4_S155,2,1028220,A_A8_A11_AF_AA_mGAM_mBHI_2_S8,102316
22,B_G1_G2_AA_AE_mBHI_mGAM_2_S169,24,1033473,A_A8_A11_AF_AA_mGAM_mBHI_2_S8,102316
23,B_H5_H8_AA_AF_mGAM_mGAM_2_S185,7,1427983,A_A8_A11_AF_AA_mGAM_mBHI_2_S8,102316
24,C_C5_C8_AA_AE_mGAM_mBHI_6_S221,1,977407,A_A8_A11_AF_AA_mGAM_mBHI_2_S8,102316
25,C_C8_C11_AF_AE_mGAM_mBHI_6_S224,12626,1218207,A_A8_A11_AF_AA_mGAM_mBHI_2_S8,102316
26,C_D5_D8_AA_AF_mGAM_mBHI_6_S233,44,1127572,A_A8_A11_AF_AA_mGAM_mBHI_2_S8,102316
27,C_D7_D10_AE_AF_mGAM_mBHI_6_S235,14742,1404179,A_A8_A11_AF_AA_mGAM_mBHI_2_S8,102316
28,C_E5_A8_AA_AA_mGAM_mGAM_6_S245,49,1431755,A_A8_A11_AF_AA_mGAM_mBHI_2_S8,102316
29,C_E7_A10_AE_AA_mGAM_mGAM_6_S247,8,1413289,A_A8_A11_AF_AA_mGAM_mBHI_2_S8,102316
30,C_E9_E2_AA_AA_mBHI_mGAM_4_S249,12,1403356,A_A8_A11_AF_AA_mGAM_mBHI_2_S8,102316
31,C_E11_E4_AE_AA_mBHI_mGAM_4_S251,11,1422885,A_A8_A11_AF_AA_mGAM_mBHI_2_S8,102316
32,D_A6_A9_ACPP_AA_mGAM_mBHI_6_S294,1,1440130,A_A8_A11_AF_AA_mGAM_mBHI_2_S8,102316
33,D_A7_A10_AE_AA_mGAM_mBHI_6_S295,3,1433602,A_A8_A11_AF_AA_mGAM_mBHI_2_S8,102316
34,D_A8_A11_AF_AA_mGAM_mBHI_6_S296,3,1436671,A_A8_A11_AF_AA_mGAM_mBHI_2_S8,102316
35,D_A9_E8_AA_AA_mGAM_mBHI_4_S297,15,1437286,A_A8_A11_AF_AA_mGAM_mBHI_2_S8,102316
36,D_A12_E11_AF_AA_mGAM_mBHI_4_S300,4,1396823,A_A8_A11_AF_AA_mGAM_mBHI_2_S8,102316
37,D_C8_C11_AF_AE_mGAM_mBHI_6_S320,13488,1292174,A_A8_A11_AF_AA_mGAM_mBHI_2_S8,102316
38,D_C9_G8_AA_AE_mGAM_mBHI_4_S321,1,1110163,A_A8_A11_AF_AA_mGAM_mBHI_2_S8,102316
39,D_C12_G11_AF_AE_mGAM_mBHI_4_S324,13988,1330220,A_A8_A11_AF_AA_mGAM_mBHI_2_S8,102316
40,D_D7_D10_AE_AF_mGAM_mBHI_6_S331,13973,1338259,A_A8_A11_AF_AA_mGAM_mBHI_2_S8,102316
41,D_D11_H10_AE_AF_mGAM_mBHI_4_S335,13751,1308265,A_A8_A11_AF_AA_mGAM_mBHI_2_S8,102316
42,D_E1_A2_AA_AA_mBHI_mGAM_6_S337,16,1436963,A_A8_A11_AF_AA_mGAM_mBHI_2_S8,102316
43,D_E3_A4_AE_AA_mBHI_mGAM_6_S339,12,1417311,A_A8_A11_AF_AA_mGAM_mBHI_2_S8,102316
44,D_E6_A9_ACPP_AA_mGAM_mGAM_6_S342,20,1303681,A_A8_A11_AF_AA_mGAM_mBHI_2_S8,102316
45,D_E7_A10_AE_AA_mGAM_mGAM_6_S343,4,1343749,A_A8_A11_AF_AA_mGAM_mBHI_2_S8,102316
46,D_E9_E8_AA_AA_mGAM_mGAM_4_S345,52,1400809,A_A8_A11_AF_AA_mGAM_mBHI_2_S8,102316
47,D_E11_E10_AE_AA_mGAM_mGAM_4_S347,9,1397326,A_A8_A11_AF_AA_mGAM_mBHI_2_S8,102316
48,D_G1_C2_AA_AE_mBHI_mGAM_6_S361,11,712918,A_A8_A11_AF_AA_mGAM_mBHI_2_S8,102316
49,D_H5_D8_AA_AF_mGAM_mGAM_6_S377,2491,1125549,A_A8_A11_AF_AA_mGAM_mBHI_2_S8,102316
50,D10-e003Coalescence-mBHI-p3,7622,721454,A_A8_A11_AF_AA_mGAM_mBHI_2_S8,102316
51,C2-e003Coalescence-mGAM-p7,48,1453552,A_A8_A11_AF_AA_mGAM_mBHI_2_S8,102316
52,D10-e003Coalescence-mBHI-p5,7595,723373,A_A8_A11_AF_AA_mGAM_mBHI_2_S8,102316
53,D8-e003Coalescence-mBHI-p5,53,795854,A_A8_A11_AF_AA_mGAM_mBHI_2_S8,102316
54,A8-e003Coalescence-mBHI-p7,45,1437763,A_A8_A11_AF_AA_mGAM_mBHI_2_S8,102316
55,A10-e003Coalescence-mGAM-p3,25,960054,A_A8_A11_AF_AA_mGAM_mBHI_2_S8,102316
56,A8-e003Coalescence-mBHI-p5,20,1099058,A_A8_A11_AF_AA_mGAM_mBHI_2_S8,102316
57,A10-e003Coalescence-mBHI-p7,30,1171728,A_A8_A11_AF_AA_mGAM_mBHI_2_S8,102316
58,A2-e003Coalescence-mGAM-p5,37,1119246,A_A8_A11_AF_AA_mGAM_mBHI_2_S8,102316
59,C8-e003Coalescence-mBHI-p5,39,1251387,A_A8_A11_AF_AA_mGAM_mBHI_2_S8,102316
60,A11-e003Coalescence-mBHI-p3,39,1455400,A_A8_A11_AF_AA_mGAM_mBHI_2_S8,102316
61,E2-e003Coalescence-mGAM-p7_S145,9,960650,A_A8_A11_AF_AA_mGAM_mBHI_2_S8,102316
62,E8-e003Coalescence-mBHI-p5_S5,9,1129168,A_A8_A11_AF_AA_mGAM_mBHI_2_S8,102316
63,H111-e003Coalescence-mBHI-p3_S144,12883,1229895,A_A8_A11_AF_AA_mGAM_mBHI_2_S8,102316
64,E100-e003Coalescence-mGAM-p3_S155,10,1310955,A_A8_A11_AF_AA_mGAM_mBHI_2_S8,102316
65,E111-e003Coalescence-mBHI-p5_S8,32,719187,A_A8_A11_AF_AA_mGAM_mBHI_2_S8,102316
66,H100-e003Coalescence-mBHI-p5_S43,10656,1043416,A_A8_A11_AF_AA_mGAM_mBHI_2_S8,102316
67,H8-e003Coalescence-mBHI-p7_S137,2,1241668,A_A8_A11_AF_AA_mGAM_mBHI_2_S8,102316
68,G8-e003Coalescence-mGAM-p5_S77,25,1348310,A_A8_A11_AF_AA_mGAM_mBHI_2_S8,102316
69,H8-e003Coalescence-mBHI-p5_S41,2,797551,A_A8_A11_AF_AA_mGAM_mBHI_2_S8,102316
70,E100-e003Coalescence-mBHI-p5_S7,2,890217,A_A8_A11_AF_AA_mGAM_mBHI_2_S8,102316
71,E100-e003Coalescence-mGAM-p5_S55,4,809705,A_A8_A11_AF_AA_mGAM_mBHI_2_S8,102316
72,H111-e003Coalescence-mBHI-p5_S44,6850,674095,A_A8_A11_AF_AA_mGAM_mBHI_2_S8,102316
73,E2-e003Coalescence-mGAM-p3_S57,13,1046865,A_A8_A11_AF_AA_mGAM_mBHI_2_S8,102316
74,H100-e003Coalescence-mBHI-p7_S139,13226,1277434,A_A8_A11_AF_AA_mGAM_mBHI_2_S8,102316
75,G8-e003Coalescence-mBHI-p5_S29,5,748494,A_A8_A11_AF_AA_mGAM_mBHI_2_S8,102316
76,E8-e003Coalescence-mBHI-p3_S105,11,1300226,A_A8_A11_AF_AA_mGAM_mBHI_2_S8,102316
77,E8-e003Coalescence-mGAM-p7_S149,63,1417361,A_A8_A11_AF_AA_mGAM_mBHI_2_S8,102316
78,H8-e003Coalescence-mGAM-p7_S185,3311,983015,A_A8_A11_AF_AA_mGAM_mBHI_2_S8,102316
79,A2-e003Coalescence-Inoculumn-mGAM,47,766653,A_A8_A11_AF_AA_mGAM_mBHI_2_S8,102316
80,B8-e003Coalescence-mBHI-p1_S749,69,1268450,A_A8_A11_AF_AA_mGAM_mBHI_2_S8,102316
81,A8-e003Coalescence-mBHI-p1_S748,3,1289758,A_A8_A11_AF_AA_mGAM_mBHI_2_S8,102316
82,H8-e003Coalescence-mBHI-p1_S815,20,1218424,A_A8_A11_AF_AA_mGAM_mBHI_2_S8,102316
83,E8-e003Coalescence-mBHI-p1_S812,8,1401516,A_A8_A11_AF_AA_mGAM_mBHI_2_S8,102316
84,G8-e003Coalescence-mGAM-p1_S818,6,827892,A_A8_A11_AF_AA_mGAM_mBHI_2_S8,102316
85,D8-e003Coalescence-mGAM-p1_S755,18,701330,A_A8_A11_AF_AA_mGAM_mBHI_2_S8,102316
86,A9-e003Coalescence-mBHI-p1_S756,61,1437416,A_A8_A11_AF_AA_mGAM_mBHI_2_S8,102316
87,E11-e003Coalescence-mBHI-p1_S836,8,1451168,A_A8_A11_AF_AA_mGAM_mBHI_2_S8,102316
88,A10-e003Coalescence-mBHI-p1_S764,7,1193259,A_A8_A11_AF_AA_mGAM_mBHI_2_S8,102316
89,A11-e003Coalescence-mBHI-p1_S772,8,1248804,A_A8_A11_AF_AA_mGAM_mBHI_2_S8,102316
90,Coalescence-F2-E10-AA-AE-mGAM-mBHI-3_S681,9,1425787,A_A8_A11_AF_AA_mGAM_mBHI_2_S8,102316
91,Coalescence-E8-D11-AF-AF-mGAM-mBHI-3_S675,11713,1135698,A_A8_A11_AF_AA_mGAM_mBHI_2_S8,102316
92,Coalescence-F10-H8-AA-AF-mGAM-mGAM-3_S689,47,1095751,A_A8_A11_AF_AA_mGAM_mBHI_2_S8,102316
93,Coalescence-A10-C11-AE-AF-mGAM-mBHI-7_S629,7209,698926,A_A8_A11_AF_AA_mGAM_mBHI_2_S8,102316
94,C_E2_e003Assembly_S242,16,781119,A_A8_A11_AF_AA_mGAM_mBHI_2_S8,102316
0,A_A5_A8_AA_AA_mGAM_mBHI_2_S5,0,1417316,A_C5_C8_AA_AE_mGAM_mBHI_2_S29,102316
1,A_A8_A11_AF_AA_mGAM_mBHI_2_S8,6,1079879,A_C5_C8_AA_AE_mGAM_mBHI_2_S29,102316
2,A_C5_C8_AA_AE_mGAM_mBHI_2_S29,0,1427638,A_C5_C8_AA_AE_mGAM_mBHI_2_S29,102316
3,A_D5_D8_AA_AF_mGAM_mBHI_2_S41,27,966462,A_C5_C8_AA_AE_mGAM_mBHI_2_S29,102316
4,A_D8_D11_AF_AF_mGAM_mBHI_2_S44,19396,1169381,A_C5_C8_AA_AE_mGAM_mBHI_2_S29,102316
5,A_E5_A8_AA_AA_mGAM_mGAM_2_S53,42,1019189,A_C5_C8_AA_AE_mGAM_mBHI_2_S29,102316
6,A_E9_A2_AA_AA_mBHI_mGAM_4_S57,3,1413231,A_C5_C8_AA_AE_mGAM_mBHI_2_S29,102316
7,A_G1_C2_AA_AE_mBHI_mGAM_2_S73,29,712175,A_C5_C8_AA_AE_mGAM_mBHI_2_S29,102316
8,A_G5_C8_AA_AE_mGAM_mGAM_2_S77,41,1416857,A_C5_C8_AA_AE_mGAM_mBHI_2_S29,102316
9,A_G9_C2_AA_AE_mBHI_mGAM_4_S81,10,1411062,A_C5_C8_AA_AE_mGAM_mBHI_2_S29,102316
10,B_A5_E8_AA_AA_mGAM_mBHI_2_S101,0,1425704,A_C5_C8_AA_AE_mGAM_mBHI_2_S29,102316
11,B_A6_E9_ACPP_AA_mGAM_mBHI_2_S102,7,1117375,A_C5_C8_AA_AE_mGAM_mBHI_2_S29,102316
12,B_A7_E10_AE_AA_mGAM_mBHI_2_S103,0,1427518,A_C5_C8_AA_AE_mGAM_mBHI_2_S29,102316
13,B_A11_A10_AE_AA_mGAM_mBHI_4_S107,1,1383768,A_C5_C8_AA_AE_mGAM_mBHI_2_S29,102316
14,B_A12_A11_AF_AA_mGAM_mBHI_4_S108,5,1434911,A_C5_C8_AA_AE_mGAM_mBHI_2_S29,102316
15,B_C12_C11_AF_AE_mGAM_mBHI_4_S132,17348,1052319,A_C5_C8_AA_AE_mGAM_mBHI_2_S29,102316
16,B_D7_H10_AE_AF_mGAM_mBHI_2_S139,22873,1353892,A_C5_C8_AA_AE_mGAM_mBHI_2_S29,102316
17,B_D11_D10_AE_AF_mGAM_mBHI_4_S143,20062,1203283,A_C5_C8_AA_AE_mGAM_mBHI_2_S29,102316
18,B_E5_E8_AA_AA_mGAM_mGAM_2_S149,37,946657,A_C5_C8_AA_AE_mGAM_mBHI_2_S29,102316
19,B_E7_E10_AE_AA_mGAM_mGAM_2_S151,8,1444031,A_C5_C8_AA_AE_mGAM_mBHI_2_S29,102316
20,B_E8_E11_AF_AA_mGAM_mGAM_2_S152,17,849793,A_C5_C8_AA_AE_mGAM_mBHI_2_S29,102316
21,B_E11_A10_AE_AA_mGAM_mGAM_4_S155,1,1028220,A_C5_C8_AA_AE_mGAM_mBHI_2_S29,102316
22,B_G1_G2_AA_AE_mBHI_mGAM_2_S169,31,1033473,A_C5_C8_AA_AE_mGAM_mBHI_2_S29,102316
23,B_H5_H8_AA_AF_mGAM_mGAM_2_S185,10,1427983,A_C5_C8_AA_AE_mGAM_mBHI_2_S29,102316
24,C_C5_C8_AA_AE_mGAM_mBHI_6_S221,5,977407,A_C5_C8_AA_AE_mGAM_mBHI_2_S29,102316
25,C_C8_C11_AF_AE_mGAM_mBHI_6_S224,20386,1218207,A_C5_C8_AA_AE_mGAM_mBHI_2_S29,102316
26,C_D5_D8_AA_AF_mGAM_mBHI_6_S233,91,1127572,A_C5_C8_AA_AE_mGAM_mBHI_2_S29,102316
27,C_D7_D10_AE_AF_mGAM_mBHI_6_S235,23782,1404179,A_C5_C8_AA_AE_mGAM_mBHI_2_S29,102316
28,C_E5_A8_AA_AA_mGAM_mGAM_6_S245,45,1431755,A_C5_C8_AA_AE_mGAM_mBHI_2_S29,102316
29,C_E7_A10_AE_AA_mGAM_mGAM_6_S247,5,1413289,A_C5_C8_AA_AE_mGAM_mBHI_2_S29,102316
30,C_E9_E2_AA_AA_mBHI_mGAM_4_S249,2,1403356,A_C5_C8_AA_AE_mGAM_mBHI_2_S29,102316
31,C_E11_E4_AE_AA_mBHI_mGAM_4_S251,1,1422885,A_C5_C8_AA_AE_mGAM_mBHI_2_S29,102316
32,D_A6_A9_ACPP_AA_mGAM_mBHI_6_S294,0,1440130,A_C5_C8_AA_AE_mGAM_mBHI_2_S29,102316
33,D_A7_A10_AE_AA_mGAM_mBHI_6_S295,0,1433602,A_C5_C8_AA_AE_mGAM_mBHI_2_S29,102316
34,D_A8_A11_AF_AA_mGAM_mBHI_6_S296,5,1436671,A_C5_C8_AA_AE_mGAM_mBHI_2_S29,102316
35,D_A9_E8_AA_AA_mGAM_mBHI_4_S297,0,1437286,A_C5_C8_AA_AE_mGAM_mBHI_2_S29,102316
36,D_A12_E11_AF_AA_mGAM_mBHI_4_S300,4,1396823,A_C5_C8_AA_AE_mGAM_mBHI_2_S29,102316
37,D_C8_C11_AF_AE_mGAM_mBHI_6_S320,21556,1292174,A_C5_C8_AA_AE_mGAM_mBHI_2_S29,102316
38,D_C9_G8_AA_AE_mGAM_mBHI_4_S321,1,1110163,A_C5_C8_AA_AE_mGAM_mBHI_2_S29,102316
39,D_C12_G11_AF_AE_mGAM_mBHI_4_S324,22406,1330220,A_C5_C8_AA_AE_mGAM_mBHI_2_S29,102316
40,D_D7_D10_AE_AF_mGAM_mBHI_6_S331,22530,1338259,A_C5_C8_AA_AE_mGAM_mBHI_2_S29,102316
41,D_D11_H10_AE_AF_mGAM_mBHI_4_S335,22121,1308265,A_C5_C8_AA_AE_mGAM_mBHI_2_S29,102316
42,D_E1_A2_AA_AA_mBHI_mGAM_6_S337,2,1436963,A_C5_C8_AA_AE_mGAM_mBHI_2_S29,102316
43,D_E3_A4_AE_AA_mBHI_mGAM_6_S339,3,1417311,A_C5_C8_AA_AE_mGAM_mBHI_2_S29,102316
44,D_E6_A9_ACPP_AA_mGAM_mGAM_6_S342,16,1303681,A_C5_C8_AA_AE_mGAM_mBHI_2_S29,102316
45,D_E7_A10_AE_AA_mGAM_mGAM_6_S343,0,1343749,A_C5_C8_AA_AE_mGAM_mBHI_2_S29,102316
46,D_E9_E8_AA_AA_mGAM_mGAM_4_S345,53,1400809,A_C5_C8_AA_AE_mGAM_mBHI_2_S29,102316
47,D_E11_E10_AE_AA_mGAM_mGAM_4_S347,3,1397326,A_C5_C8_AA_AE_mGAM_mBHI_2_S29,102316
48,D_G1_C2_AA_AE_mBHI_mGAM_6_S361,8,712918,A_C5_C8_AA_AE_mGAM_mBHI_2_S29,102316
49,D_H5_D8_AA_AF_mGAM_mGAM_6_S377,4212,1125549,A_C5_C8_AA_AE_mGAM_mBHI_2_S29,102316
50,D10-e003Coalescence-mBHI-p3,12082,721454,A_C5_C8_AA_AE_mGAM_mBHI_2_S29,102316
51,C2-e003Coalescence-mGAM-p7,72,1453552,A_C5_C8_AA_AE_mGAM_mBHI_2_S29,102316
52,D10-e003Coalescence-mBHI-p5,11912,723373,A_C5_C8_AA_AE_mGAM_mBHI_2_S29,102316
53,D8-e003Coalescence-mBHI-p5,105,795854,A_C5_C8_AA_AE_mGAM_mBHI_2_S29,102316
54,A8-e003Coalescence-mBHI-p7,67,1437763,A_C5_C8_AA_AE_mGAM_mBHI_2_S29,102316
55,A10-e003Coalescence-mGAM-p3,39,960054,A_C5_C8_AA_AE_mGAM_mBHI_2_S29,102316
56,A8-e003Coalescence-mBHI-p5,40,1099058,A_C5_C8_AA_AE_mGAM_mBHI_2_S29,102316
57,A10-e003Coalescence-mBHI-p7,62,1171728,A_C5_C8_AA_AE_mGAM_mBHI_2_S29,102316
58,A2-e003Coalescence-mGAM-p5,48,1119246,A_C5_C8_AA_AE_mGAM_mBHI_2_S29,102316
59,C8-e003Coalescence-mBHI-p5,40,1251387,A_C5_C8_AA_AE_mGAM_mBHI_2_S29,102316
60,A11-e003Coalescence-mBHI-p3,66,1455400,A_C5_C8_AA_AE_mGAM_mBHI_2_S29,102316
61,E2-e003Coalescence-mGAM-p7_S145,3,960650,A_C5_C8_AA_AE_mGAM_mBHI_2_S29,102316
62,E8-e003Coalescence-mBHI-p5_S5,2,1129168,A_C5_C8_AA_AE_mGAM_mBHI_2_S29,102316
63,H111-e003Coalescence-mBHI-p3_S144,20720,1229895,A_C5_C8_AA_AE_mGAM_mBHI_2_S29,102316
64,E100-e003Coalescence-mGAM-p3_S155,6,1310955,A_C5_C8_AA_AE_mGAM_mBHI_2_S29,102316
65,E111-e003Coalescence-mBHI-p5_S8,54,719187,A_C5_C8_AA_AE_mGAM_mBHI_2_S29,102316
66,H100-e003Coalescence-mBHI-p5_S43,17154,1043416,A_C5_C8_AA_AE_mGAM_mBHI_2_S29,102316
67,H8-e003Coalescence-mBHI-p7_S137,21,1241668,A_C5_C8_AA_AE_mGAM_mBHI_2_S29,102316
68,G8-e003Coalescence-mGAM-p5_S77,15,1348310,A_C5_C8_AA_AE_mGAM_mBHI_2_S29,102316
69,H8-e003Coalescence-mBHI-p5_S41,17,797551,A_C5_C8_AA_AE_mGAM_mBHI_2_S29,102316
70,E100-e003Coalescence-mBHI-p5_S7,1,890217,A_C5_C8_AA_AE_mGAM_mBHI_2_S29,102316
71,E100-e003Coalescence-mGAM-p5_S55,3,809705,A_C5_C8_AA_AE_mGAM_mBHI_2_S29,102316
72,H111-e003Coalescence-mBHI-p5_S44,10865,674095,A_C5_C8_AA_AE_mGAM_mBHI_2_S29,102316
73,E2-e003Coalescence-mGAM-p3_S57,5,1046865,A_C5_C8_AA_AE_mGAM_mBHI_2_S29,102316
74,H100-e003Coalescence-mBHI-p7_S139,21305,1277434,A_C5_C8_AA_AE_mGAM_mBHI_2_S29,102316
75,G8-e003Coalescence-mBHI-p5_S29,1,748494,A_C5_C8_AA_AE_mGAM_mBHI_2_S29,102316
76,E8-e003Coalescence-mBHI-p3_S105,1,1300226,A_C5_C8_AA_AE_mGAM_mBHI_2_S29,102316
77,E8-e003Coalescence-mGAM-p7_S149,54,1417361,A_C5_C8_AA_AE_mGAM_mBHI_2_S29,102316
78,H8-e003Coalescence-mGAM-p7_S185,5294,983015,A_C5_C8_AA_AE_mGAM_mBHI_2_S29,102316
79,A2-e003Coalescence-Inoculumn-mGAM,82,766653,A_C5_C8_AA_AE_mGAM_mBHI_2_S29,102316
80,B8-e003Coalescence-mBHI-p1_S749,43,1268450,A_C5_C8_AA_AE_mGAM_mBHI_2_S29,102316
81,A8-e003Coalescence-mBHI-p1_S748,0,1289758,A_C5_C8_AA_AE_mGAM_mBHI_2_S29,102316
82,H8-e003Coalescence-mBHI-p1_S815,16,1218424,A_C5_C8_AA_AE_mGAM_mBHI_2_S29,102316
83,E8-e003Coalescence-mBHI-p1_S812,0,1401516,A_C5_C8_AA_AE_mGAM_mBHI_2_S29,102316
84,G8-e003Coalescence-mGAM-p1_S818,24,827892,A_C5_C8_AA_AE_mGAM_mBHI_2_S29,102316
85,D8-e003Coalescence-mGAM-p1_S755,24,701330,A_C5_C8_AA_AE_mGAM_mBHI_2_S29,102316
86,A9-e003Coalescence-mBHI-p1_S756,39,1437416,A_C5_C8_AA_AE_mGAM_mBHI_2_S29,102316
87,E11-e003Coalescence-mBHI-p1_S836,4,1451168,A_C5_C8_AA_AE_mGAM_mBHI_2_S29,102316
88,A10-e003Coalescence-mBHI-p1_S764,0,1193259,A_C5_C8_AA_AE_mGAM_mBHI_2_S29,102316
89,A11-e003Coalescence-mBHI-p1_S772,10,1248804,A_C5_C8_AA_AE_mGAM_mBHI_2_S29,102316
90,Coalescence-F2-E10-AA-AE-mGAM-mBHI-3_S681,0,1425787,A_C5_C8_AA_AE_mGAM_mBHI_2_S29,102316
91,Coalescence-E8-D11-AF-AF-mGAM-mBHI-3_S675,18801,1135698,A_C5_C8_AA_AE_mGAM_mBHI_2_S29,102316
92,Coalescence-F10-H8-AA-AF-mGAM-mGAM-3_S689,117,1095751,A_C5_C8_AA_AE_mGAM_mBHI_2_S29,102316
93,Coalescence-A10-C11-AE-AF-mGAM-mBHI-7_S629,11369,698926,A_C5_C8_AA_AE_mGAM_mBHI_2_S29,102316
94,C_E2_e003Assembly_S242,35,781119,A_C5_C8_AA_AE_mGAM_mBHI_2_S29,102316
0,A_A5_A8_AA_AA_mGAM_mBHI_2_S5,31,1417316,A_D5_D8_AA_AF_mGAM_mBHI_2_S41,102316
1,A_A8_A11_AF_AA_mGAM_mBHI_2_S8,7,1079879,A_D5_D8_AA_AF_mGAM_mBHI_2_S41,102316
2,A_C5_C8_AA_AE_mGAM_mBHI_2_S29,27,1427638,A_D5_D8_AA_AF_mGAM_mBHI_2_S41,102316
3,A_D5_D8_AA_AF_mGAM_mBHI_2_S41,0,966462,A_D5_D8_AA_AF_mGAM_mBHI_2_S41,102316
4,A_D8_D11_AF_AF_mGAM_mBHI_2_S44,9118,1169381,A_D5_D8_AA_AF_mGAM_mBHI_2_S41,102316
5,A_E5_A8_AA_AA_mGAM_mGAM_2_S53,43,1019189,A_D5_D8_AA_AF_mGAM_mBHI_2_S41,102316
6,A_E9_A2_AA_AA_mBHI_mGAM_4_S57,43,1413231,A_D5_D8_AA_AF_mGAM_mBHI_2_S41,102316
7,A_G1_C2_AA_AE_mBHI_mGAM_2_S73,20,712175,A_D5_D8_AA_AF_mGAM_mBHI_2_S41,102316
8,A_G5_C8_AA_AE_mGAM_mGAM_2_S77,58,1416857,A_D5_D8_AA_AF_mGAM_mBHI_2_S41,102316
9,A_G9_C2_AA_AE_mBHI_mGAM_4_S81,24,1411062,A_D5_D8_AA_AF_mGAM_mBHI_2_S41,102316
10,B_A5_E8_AA_AA_mGAM_mBHI_2_S101,24,1425704,A_D5_D8_AA_AF_mGAM_mBHI_2_S41,102316
11,B_A6_E9_ACPP_AA_mGAM_mBHI_2_S102,35,1117375,A_D5_D8_AA_AF_mGAM_mBHI_2_S41,102316
12,B_A7_E10_AE_AA_mGAM_mBHI_2_S103,20,1427518,A_D5_D8_AA_AF_mGAM_mBHI_2_S41,102316
13,B_A11_A10_AE_AA_mGAM_mBHI_4_S107,26,1383768,A_D5_D8_AA_AF_mGAM_mBHI_2_S41,102316
14,B_A12_A11_AF_AA_mGAM_mBHI_4_S108,12,1434911,A_D5_D8_AA_AF_mGAM_mBHI_2_S41,102316
15,B_C12_C11_AF_AE_mGAM_mBHI_4_S132,8189,1052319,A_D5_D8_AA_AF_mGAM_mBHI_2_S41,102316
16,B_D7_H10_AE_AF_mGAM_mBHI_2_S139,10702,1353892,A_D5_D8_AA_AF_mGAM_mBHI_2_S41,102316
17,B_D11_D10_AE_AF_mGAM_mBHI_4_S143,9414,1203283,A_D5_D8_AA_AF_mGAM_mBHI_2_S41,102316
18,B_E5_E8_AA_AA_mGAM_mGAM_2_S149,39,946657,A_D5_D8_AA_AF_mGAM_mBHI_2_S41,102316
19,B_E7_E10_AE_AA_mGAM_mGAM_2_S151,39,1444031,A_D5_D8_AA_AF_mGAM_mBHI_2_S41,102316
20,B_E8_E11_AF_AA_mGAM_mGAM_2_S152,18,849793,A_D5_D8_AA_AF_mGAM_mBHI_2_S41,102316
21,B_E11_A10_AE_AA_mGAM_mGAM_4_S155,10,1028220,A_D5_D8_AA_AF_mGAM_mBHI_2_S41,102316
22,B_G1_G2_AA_AE_mBHI_mGAM_2_S169,26,1033473,A_D5_D8_AA_AF_mGAM_mBHI_2_S41,102316
23,B_H5_H8_AA_AF_mGAM_mGAM_2_S185,32,1427983,A_D5_D8_AA_AF_mGAM_mBHI_2_S41,102316
24,C_C5_C8_AA_AE_mGAM_mBHI_6_S221,12,977407,A_D5_D8_AA_AF_mGAM_mBHI_2_S41,102316
25,C_C8_C11_AF_AE_mGAM_mBHI_6_S224,9580,1218207,A_D5_D8_AA_AF_mGAM_mBHI_2_S41,102316
26,C_D5_D8_AA_AF_mGAM_mBHI_6_S233,36,1127572,A_D5_D8_AA_AF_mGAM_mBHI_2_S41,102316
27,C_D7_D10_AE_AF_mGAM_mBHI_6_S235,11070,1404179,A_D5_D8_AA_AF_mGAM_mBHI_2_S41,102316
28,C_E5_A8_AA_AA_mGAM_mGAM_6_S245,67,1431755,A_D5_D8_AA_AF_mGAM_mBHI_2_S41,102316
29,C_E7_A10_AE_AA_mGAM_mGAM_6_S247,34,1413289,A_D5_D8_AA_AF_mGAM_mBHI_2_S41,102316
30,C_E9_E2_AA_AA_mBHI_mGAM_4_S249,29,1403356,A_D5_D8_AA_AF_mGAM_mBHI_2_S41,102316
31,C_E11_E4_AE_AA_mBHI_mGAM_4_S251,29,1422885,A_D5_D8_AA_AF_mGAM_mBHI_2_S41,102316
32,D_A6_A9_ACPP_AA_mGAM_mBHI_6_S294,22,1440130,A_D5_D8_AA_AF_mGAM_mBHI_2_S41,102316
33,D_A7_A10_AE_AA_mGAM_mBHI_6_S295,25,1433602,A_D5_D8_AA_AF_mGAM_mBHI_2_S41,102316
34,D_A8_A11_AF_AA_mGAM_mBHI_6_S296,10,1436671,A_D5_D8_AA_AF_mGAM_mBHI_2_S41,102316
35,D_A9_E8_AA_AA_mGAM_mBHI_4_S297,17,1437286,A_D5_D8_AA_AF_mGAM_mBHI_2_S41,102316
36,D_A12_E11_AF_AA_mGAM_mBHI_4_S300,14,1396823,A_D5_D8_AA_AF_mGAM_mBHI_2_S41,102316
37,D_C8_C11_AF_AE_mGAM_mBHI_6_S320,10175,1292174,A_D5_D8_AA_AF_mGAM_mBHI_2_S41,102316
38,D_C9_G8_AA_AE_mGAM_mBHI_4_S321,14,1110163,A_D5_D8_AA_AF_mGAM_mBHI_2_S41,102316
39,D_C12_G11_AF_AE_mGAM_mBHI_4_S324,10482,1330220,A_D5_D8_AA_AF_mGAM_mBHI_2_S41,102316
40,D_D7_D10_AE_AF_mGAM_mBHI_6_S331,10500,1338259,A_D5_D8_AA_AF_mGAM_mBHI_2_S41,102316
41,D_D11_H10_AE_AF_mGAM_mBHI_4_S335,10385,1308265,A_D5_D8_AA_AF_mGAM_mBHI_2_S41,102316
42,D_E1_A2_AA_AA_mBHI_mGAM_6_S337,30,1436963,A_D5_D8_AA_AF_mGAM_mBHI_2_S41,102316
43,D_E3_A4_AE_AA_mBHI_mGAM_6_S339,28,1417311,A_D5_D8_AA_AF_mGAM_mBHI_2_S41,102316
44,D_E6_A9_ACPP_AA_mGAM_mGAM_6_S342,29,1303681,A_D5_D8_AA_AF_mGAM_mBHI_2_S41,102316
45,D_E7_A10_AE_AA_mGAM_mGAM_6_S343,31,1343749,A_D5_D8_AA_AF_mGAM_mBHI_2_S41,102316
46,D_E9_E8_AA_AA_mGAM_mGAM_4_S345,84,1400809,A_D5_D8_AA_AF_mGAM_mBHI_2_S41,102316
47,D_E11_E10_AE_AA_mGAM_mGAM_4_S347,25,1397326,A_D5_D8_AA_AF_mGAM_mBHI_2_S41,102316
48,D_G1_C2_AA_AE_mBHI_mGAM_6_S361,7,712918,A_D5_D8_AA_AF_mGAM_mBHI_2_S41,102316
49,D_H5_D8_AA_AF_mGAM_mGAM_6_S377,1831,1125549,A_D5_D8_AA_AF_mGAM_mBHI_2_S41,102316
50,D10-e003Coalescence-mBHI-p3,5670,721454,A_D5_D8_AA_AF_mGAM_mBHI_2_S41,102316
51,C2-e003Coalescence-mGAM-p7,60,1453552,A_D5_D8_AA_AF_mGAM_mBHI_2_S41,102316
52,D10-e003Coalescence-mBHI-p5,5590,723373,A_D5_D8_AA_AF_mGAM_mBHI_2_S41,102316
53,D8-e003Coalescence-mBHI-p5,56,795854,A_D5_D8_AA_AF_mGAM_mBHI_2_S41,102316
54,A8-e003Coalescence-mBHI-p7,59,1437763,A_D5_D8_AA_AF_mGAM_mBHI_2_S41,102316
55,A10-e003Coalescence-mGAM-p3,49,960054,A_D5_D8_AA_AF_mGAM_mBHI_2_S41,102316
56,A8-e003Coalescence-mBHI-p5,28,1099058,A_D5_D8_AA_AF_mGAM_mBHI_2_S41,102316
57,A10-e003Coalescence-mBHI-p7,38,1171728,A_D5_D8_AA_AF_mGAM_mBHI_2_S41,102316
58,A2-e003Coalescence-mGAM-p5,52,1119246,A_D5_D8_AA_AF_mGAM_mBHI_2_S41,102316
59,C8-e003Coalescence-mBHI-p5,41,1251387,A_D5_D8_AA_AF_mGAM_mBHI_2_S41,102316
60,A11-e003Coalescence-mBHI-p3,54,1455400,A_D5_D8_AA_AF_mGAM_mBHI_2_S41,102316
61,E2-e003Coalescence-mGAM-p7_S145,17,960650,A_D5_D8_AA_AF_mGAM_mBHI_2_S41,102316
62,E8-e003Coalescence-mBHI-p5_S5,13,1129168,A_D5_D8_AA_AF_mGAM_mBHI_2_S41,102316
63,H111-e003Coalescence-mBHI-p3_S144,9737,1229895,A_D5_D8_AA_AF_mGAM_mBHI_2_S41,102316
64,E100-e003Coalescence-mGAM-p3_S155,28,1310955,A_D5_D8_AA_AF_mGAM_mBHI_2_S41,102316
65,E111-e003Coalescence-mBHI-p5_S8,29,719187,A_D5_D8_AA_AF_mGAM_mBHI_2_S41,102316
66,H100-e003Coalescence-mBHI-p5_S43,8082,1043416,A_D5_D8_AA_AF_mGAM_mBHI_2_S41,102316
67,H8-e003Coalescence-mBHI-p7_S137,13,1241668,A_D5_D8_AA_AF_mGAM_mBHI_2_S41,102316
68,G8-e003Coalescence-mGAM-p5_S77,40,1348310,A_D5_D8_AA_AF_mGAM_mBHI_2_S41,102316
69,H8-e003Coalescence-mBHI-p5_S41,10,797551,A_D5_D8_AA_AF_mGAM_mBHI_2_S41,102316
70,E100-e003Coalescence-mBHI-p5_S7,13,890217,A_D5_D8_AA_AF_mGAM_mBHI_2_S41,102316
71,E100-e003Coalescence-mGAM-p5_S55,14,809705,A_D5_D8_AA_AF_mGAM_mBHI_2_S41,102316
72,H111-e003Coalescence-mBHI-p5_S44,5080,674095,A_D5_D8_AA_AF_mGAM_mBHI_2_S41,102316
73,E2-e003Coalescence-mGAM-p3_S57,16,1046865,A_D5_D8_AA_AF_mGAM_mBHI_2_S41,102316
74,H100-e003Coalescence-mBHI-p7_S139,10007,1277434,A_D5_D8_AA_AF_mGAM_mBHI_2_S41,102316
75,G8-e003Coalescence-mBHI-p5_S29,5,748494,A_D5_D8_AA_AF_mGAM_mBHI_2_S41,102316
76,E8-e003Coalescence-mBHI-p3_S105,16,1300226,A_D5_D8_AA_AF_mGAM_mBHI_2_S41,102316
77,E8-e003Coalescence-mGAM-p7_S149,74,1417361,A_D5_D8_AA_AF_mGAM_mBHI_2_S41,102316
78,H8-e003Coalescence-mGAM-p7_S185,2360,983015,A_D5_D8_AA_AF_mGAM_mBHI_2_S41,102316
79,A2-e003Coalescence-Inoculumn-mGAM,54,766653,A_D5_D8_AA_AF_mGAM_mBHI_2_S41,102316
80,B8-e003Coalescence-mBHI-p1_S749,54,1268450,A_D5_D8_AA_AF_mGAM_mBHI_2_S41,102316
81,A8-e003Coalescence-mBHI-p1_S748,20,1289758,A_D5_D8_AA_AF_mGAM_mBHI_2_S41,102316
82,H8-e003Coalescence-mBHI-p1_S815,31,1218424,A_D5_D8_AA_AF_mGAM_mBHI_2_S41,102316
83,E8-e003Coalescence-mBHI-p1_S812,26,1401516,A_D5_D8_AA_AF_mGAM_mBHI_2_S41,102316
84,G8-e003Coalescence-mGAM-p1_S818,24,827892,A_D5_D8_AA_AF_mGAM_mBHI_2_S41,102316
85,D8-e003Coalescence-mGAM-p1_S755,23,701330,A_D5_D8_AA_AF_mGAM_mBHI_2_S41,102316
86,A9-e003Coalescence-mBHI-p1_S756,74,1437416,A_D5_D8_AA_AF_mGAM_mBHI_2_S41,102316
87,E11-e003Coalescence-mBHI-p1_S836,29,1451168,A_D5_D8_AA_AF_mGAM_mBHI_2_S41,102316
88,A10-e003Coalescence-mBHI-p1_S764,24,1193259,A_D5_D8_AA_AF_mGAM_mBHI_2_S41,102316
89,A11-e003Coalescence-mBHI-p1_S772,24,1248804,A_D5_D8_AA_AF_mGAM_mBHI_2_S41,102316
90,Coalescence-F2-E10-AA-AE-mGAM-mBHI-3_S681,21,1425787,A_D5_D8_AA_AF_mGAM_mBHI_2_S41,102316
91,Coalescence-E8-D11-AF-AF-mGAM-mBHI-3_S675,8902,1135698,A_D5_D8_AA_AF_mGAM_mBHI_2_S41,102316
92,Coalescence-F10-H8-AA-AF-mGAM-mGAM-3_S689,45,1095751,A_D5_D8_AA_AF_mGAM_mBHI_2_S41,102316
93,Coalescence-A10-C11-AE-AF-mGAM-mBHI-7_S629,5426,698926,A_D5_D8_AA_AF_mGAM_mBHI_2_S41,102316
94,C_E2_e003Assembly_S242,28,781119,A_D5_D8_AA_AF_mGAM_mBHI_2_S41,102316
0,A_A5_A8_AA_AA_mGAM_mBHI_2_S5,19385,1417316,A_D8_D11_AF_AF_mGAM_mBHI_2_S44,102316
1,A_A8_A11_AF_AA_mGAM_mBHI_2_S8,12052,1079879,A_D8_D11_AF_AF_mGAM_mBHI_2_S44,102316
2,A_C5_C8_AA_AE_mGAM_mBHI_2_S29,19396,1427638,A_D8_D11_AF_AF_mGAM_mBHI_2_S44,102316
3,A_D5_D8_AA_AF_mGAM_mBHI_2_S41,9118,966462,A_D8_D11_AF_AF_mGAM_mBHI_2_S44,102316
4,A_D8_D11_AF_AF_mGAM_mBHI_2_S44,0,1169381,A_D8_D11_AF_AF_mGAM_mBHI_2_S44,102316
5,A_E5_A8_AA_AA_mGAM_mGAM_2_S53,13674,1019189,A_D8_D11_AF_AF_mGAM_mBHI_2_S44,102316
6,A_E9_A2_AA_AA_mBHI_mGAM_4_S57,19211,1413231,A_D8_D11_AF_AF_mGAM_mBHI_2_S44,102316
7,A_G1_C2_AA_AE_mBHI_mGAM_2_S73,9419,712175,A_D8_D11_AF_AF_mGAM_mBHI_2_S44,102316
8,A_G5_C8_AA_AE_mGAM_mGAM_2_S77,19180,1416857,A_D8_D11_AF_AF_mGAM_mBHI_2_S44,102316
9,A_G9_C2_AA_AE_mBHI_mGAM_4_S81,18953,1411062,A_D8_D11_AF_AF_mGAM_mBHI_2_S44,102316
10,B_A5_E8_AA_AA_mGAM_mBHI_2_S101,19392,1425704,A_D8_D11_AF_AF_mGAM_mBHI_2_S44,102316
11,B_A6_E9_ACPP_AA_mGAM_mBHI_2_S102,15155,1117375,A_D8_D11_AF_AF_mGAM_mBHI_2_S44,102316
12,B_A7_E10_AE_AA_mGAM_mBHI_2_S103,19512,1427518,A_D8_D11_AF_AF_mGAM_mBHI_2_S44,102316
13,B_A11_A10_AE_AA_mGAM_mBHI_4_S107,18873,1383768,A_D8_D11_AF_AF_mGAM_mBHI_2_S44,102316
14,B_A12_A11_AF_AA_mGAM_mBHI_4_S108,16534,1434911,A_D8_D11_AF_AF_mGAM_mBHI_2_S44,102316
15,B_C12_C11_AF_AE_mGAM_mBHI_4_S132,2,1052319,A_D8_D11_AF_AF_mGAM_mBHI_2_S44,102316
16,B_D7_H10_AE_AF_mGAM_mBHI_2_S139,0,1353892,A_D8_D11_AF_AF_mGAM_mBHI_2_S44,102316
17,B_D11_D10_AE_AF_mGAM_mBHI_4_S143,8,1203283,A_D8_D11_AF_AF_mGAM_mBHI_2_S44,102316
18,B_E5_E8_AA_AA_mGAM_mGAM_2_S149,12471,946657,A_D8_D11_AF_AF_mGAM_mBHI_2_S44,102316
19,B_E7_E10_AE_AA_mGAM_mGAM_2_S151,19642,1444031,A_D8_D11_AF_AF_mGAM_mBHI_2_S44,102316
20,B_E8_E11_AF_AA_mGAM_mGAM_2_S152,9534,849793,A_D8_D11_AF_AF_mGAM_mBHI_2_S44,102316
21,B_E11_A10_AE_AA_mGAM_mGAM_4_S155,13727,1028220,A_D8_D11_AF_AF_mGAM_mBHI_2_S44,102316
22,B_G1_G2_AA_AE_mBHI_mGAM_2_S169,13832,1033473,A_D8_D11_AF_AF_mGAM_mBHI_2_S44,102316
23,B_H5_H8_AA_AF_mGAM_mGAM_2_S185,14837,1427983,A_D8_D11_AF_AF_mGAM_mBHI_2_S44,102316
24,C_C5_C8_AA_AE_mGAM_mBHI_6_S221,13101,977407,A_D8_D11_AF_AF_mGAM_mBHI_2_S44,102316
25,C_C8_C11_AF_AE_mGAM_mBHI_6_S224,12,1218207,A_D8_D11_AF_AF_mGAM_mBHI_2_S44,102316
26,C_D5_D8_AA_AF_mGAM_mBHI_6_S233,8964,1127572,A_D8_D11_AF_AF_mGAM_mBHI_2_S44,102316
27,C_D7_D10_AE_AF_mGAM_mBHI_6_S235,6,1404179,A_D8_D11_AF_AF_mGAM_mBHI_2_S44,102316
28,C_E5_A8_AA_AA_mGAM_mGAM_6_S245,19451,1431755,A_D8_D11_AF_AF_mGAM_mBHI_2_S44,102316
29,C_E7_A10_AE_AA_mGAM_mGAM_6_S247,19194,1413289,A_D8_D11_AF_AF_mGAM_mBHI_2_S44,102316
30,C_E9_E2_AA_AA_mBHI_mGAM_4_S249,18988,1403356,A_D8_D11_AF_AF_mGAM_mBHI_2_S44,102316
31,C_E11_E4_AE_AA_mBHI_mGAM_4_S251,19245,1422885,A_D8_D11_AF_AF_mGAM_mBHI_2_S44,102316
32,D_A6_A9_ACPP_AA_mGAM_mBHI_6_S294,19663,1440130,A_D8_D11_AF_AF_mGAM_mBHI_2_S44,102316
33,D_A7_A10_AE_AA_mGAM_mBHI_6_S295,19669,1433602,A_D8_D11_AF_AF_mGAM_mBHI_2_S44,102316
34,D_A8_A11_AF_AA_mGAM_mBHI_6_S296,14642,1436671,A_D8_D11_AF_AF_mGAM_mBHI_2_S44,102316
35,D_A9_E8_AA_AA_mGAM_mBHI_4_S297,19656,1437286,A_D8_D11_AF_AF_mGAM_mBHI_2_S44,102316
36,D_A12_E11_AF_AA_mGAM_mBHI_4_S300,15549,1396823,A_D8_D11_AF_AF_mGAM_mBHI_2_S44,102316
37,D_C8_C11_AF_AE_mGAM_mBHI_6_S320,6,1292174,A_D8_D11_AF_AF_mGAM_mBHI_2_S44,102316
38,D_C9_G8_AA_AE_mGAM_mBHI_4_S321,14849,1110163,A_D8_D11_AF_AF_mGAM_mBHI_2_S44,102316
39,D_C12_G11_AF_AE_mGAM_mBHI_4_S324,3,1330220,A_D8_D11_AF_AF_mGAM_mBHI_2_S44,102316
40,D_D7_D10_AE_AF_mGAM_mBHI_6_S331,3,1338259,A_D8_D11_AF_AF_mGAM_mBHI_2_S44,102316
41,D_D11_H10_AE_AF_mGAM_mBHI_4_S335,1,1308265,A_D8_D11_AF_AF_mGAM_mBHI_2_S44,102316
42,D_E1_A2_AA_AA_mBHI_mGAM_6_S337,19511,1436963,A_D8_D11_AF_AF_mGAM_mBHI_2_S44,102316
43,D_E3_A4_AE_AA_mBHI_mGAM_6_S339,19185,1417311,A_D8_D11_AF_AF_mGAM_mBHI_2_S44,102316
44,D_E6_A9_ACPP_AA_mGAM_mGAM_6_S342,17720,1303681,A_D8_D11_AF_AF_mGAM_mBHI_2_S44,102316
45,D_E7_A10_AE_AA_mGAM_mGAM_6_S343,18262,1343749,A_D8_D11_AF_AF_mGAM_mBHI_2_S44,102316
46,D_E9_E8_AA_AA_mGAM_mGAM_4_S345,19091,1400809,A_D8_D11_AF_AF_mGAM_mBHI_2_S44,102316
47,D_E11_E10_AE_AA_mGAM_mGAM_4_S347,19149,1397326,A_D8_D11_AF_AF_mGAM_mBHI_2_S44,102316
48,D_G1_C2_AA_AE_mBHI_mGAM_6_S361,9270,712918,A_D8_D11_AF_AF_mGAM_mBHI_2_S44,102316
49,D_H5_D8_AA_AF_mGAM_mGAM_6_S377,433,1125549,A_D8_D11_AF_AF_mGAM_mBHI_2_S44,102316
50,D10-e003Coalescence-mBHI-p3,53,721454,A_D8_D11_AF_AF_mGAM_mBHI_2_S44,102316
51,C2-e003Coalescence-mGAM-p7,19853,1453552,A_D8_D11_AF_AF_mGAM_mBHI_2_S44,102316
52,D10-e003Coalescence-mBHI-p5,39,723373,A_D8_D11_AF_AF_mGAM_mBHI_2_S44,102316
53,D8-e003Coalescence-mBHI-p5,7068,795854,A_D8_D11_AF_AF_mGAM_mBHI_2_S44,102316
54,A8-e003Coalescence-mBHI-p7,19939,1437763,A_D8_D11_AF_AF_mGAM_mBHI_2_S44,102316
55,A10-e003Coalescence-mGAM-p3,13040,960054,A_D8_D11_AF_AF_mGAM_mBHI_2_S44,102316
56,A8-e003Coalescence-mBHI-p5,15021,1099058,A_D8_D11_AF_AF_mGAM_mBHI_2_S44,102316
57,A10-e003Coalescence-mBHI-p7,16043,1171728,A_D8_D11_AF_AF_mGAM_mBHI_2_S44,102316
58,A2-e003Coalescence-mGAM-p5,15286,1119246,A_D8_D11_AF_AF_mGAM_mBHI_2_S44,102316
59,C8-e003Coalescence-mBHI-p5,17080,1251387,A_D8_D11_AF_AF_mGAM_mBHI_2_S44,102316
60,A11-e003Coalescence-mBHI-p3,18498,1455400,A_D8_D11_AF_AF_mGAM_mBHI_2_S44,102316
61,E2-e003Coalescence-mGAM-p7_S145,12752,960650,A_D8_D11_AF_AF_mGAM_mBHI_2_S44,102316
62,E8-e003Coalescence-mBHI-p5_S5,15118,1129168,A_D8_D11_AF_AF_mGAM_mBHI_2_S44,102316
63,H111-e003Coalescence-mBHI-p3_S144,2,1229895,A_D8_D11_AF_AF_mGAM_mBHI_2_S44,102316
64,E100-e003Coalescence-mGAM-p3_S155,17693,1310955,A_D8_D11_AF_AF_mGAM_mBHI_2_S44,102316
65,E111-e003Coalescence-mBHI-p5_S8,6863,719187,A_D8_D11_AF_AF_mGAM_mBHI_2_S44,102316
66,H100-e003Coalescence-mBHI-p5_S43,4,1043416,A_D8_D11_AF_AF_mGAM_mBHI_2_S44,102316
67,H8-e003Coalescence-mBHI-p7_S137,15451,1241668,A_D8_D11_AF_AF_mGAM_mBHI_2_S44,102316
68,G8-e003Coalescence-mGAM-p5_S77,18194,1348310,A_D8_D11_AF_AF_mGAM_mBHI_2_S44,102316
69,H8-e003Coalescence-mBHI-p5_S41,10201,797551,A_D8_D11_AF_AF_mGAM_mBHI_2_S44,102316
70,E100-e003Coalescence-mBHI-p5_S7,11653,890217,A_D8_D11_AF_AF_mGAM_mBHI_2_S44,102316
71,E100-e003Coalescence-mGAM-p5_S55,10702,809705,A_D8_D11_AF_AF_mGAM_mBHI_2_S44,102316
72,H111-e003Coalescence-mBHI-p5_S44,0,674095,A_D8_D11_AF_AF_mGAM_mBHI_2_S44,102316
73,E2-e003Coalescence-mGAM-p3_S57,13818,1046865,A_D8_D11_AF_AF_mGAM_mBHI_2_S44,102316
74,H100-e003Coalescence-mBHI-p7_S139,14,1277434,A_D8_D11_AF_AF_mGAM_mBHI_2_S44,102316
75,G8-e003Coalescence-mBHI-p5_S29,10021,748494,A_D8_D11_AF_AF_mGAM_mBHI_2_S44,102316
76,E8-e003Coalescence-mBHI-p3_S105,17547,1300226,A_D8_D11_AF_AF_mGAM_mBHI_2_S44,102316
77,E8-e003Coalescence-mGAM-p7_S149,19238,1417361,A_D8_D11_AF_AF_mGAM_mBHI_2_S44,102316
78,H8-e003Coalescence-mGAM-p7_S185,450,983015,A_D8_D11_AF_AF_mGAM_mBHI_2_S44,102316
79,A2-e003Coalescence-Inoculumn-mGAM,10482,766653,A_D8_D11_AF_AF_mGAM_mBHI_2_S44,102316
80,B8-e003Coalescence-mBHI-p1_S749,17211,1268450,A_D8_D11_AF_AF_mGAM_mBHI_2_S44,102316
81,A8-e003Coalescence-mBHI-p1_S748,17373,1289758,A_D8_D11_AF_AF_mGAM_mBHI_2_S44,102316
82,H8-e003Coalescence-mBHI-p1_S815,13922,1218424,A_D8_D11_AF_AF_mGAM_mBHI_2_S44,102316
83,E8-e003Coalescence-mBHI-p1_S812,19109,1401516,A_D8_D11_AF_AF_mGAM_mBHI_2_S44,102316
84,G8-e003Coalescence-mGAM-p1_S818,11270,827892,A_D8_D11_AF_AF_mGAM_mBHI_2_S44,102316
85,D8-e003Coalescence-mGAM-p1_S755,8194,701330,A_D8_D11_AF_AF_mGAM_mBHI_2_S44,102316
86,A9-e003Coalescence-mBHI-p1_S756,19597,1437416,A_D8_D11_AF_AF_mGAM_mBHI_2_S44,102316
87,E11-e003Coalescence-mBHI-p1_S836,18842,1451168,A_D8_D11_AF_AF_mGAM_mBHI_2_S44,102316
88,A10-e003Coalescence-mBHI-p1_S764,15844,1193259,A_D8_D11_AF_AF_mGAM_mBHI_2_S44,102316
89,A11-e003Coalescence-mBHI-p1_S772,14884,1248804,A_D8_D11_AF_AF_mGAM_mBHI_2_S44,102316
90,Coalescence-F2-E10-AA-AE-mGAM-mBHI-3_S681,19432,1425787,A_D8_D11_AF_AF_mGAM_mBHI_2_S44,102316
91,Coalescence-E8-D11-AF-AF-mGAM-mBHI-3_S675,0,1135698,A_D8_D11_AF_AF_mGAM_mBHI_2_S44,102316
92,Coalescence-F10-H8-AA-AF-mGAM-mGAM-3_S689,8111,1095751,A_D8_D11_AF_AF_mGAM_mBHI_2_S44,102316
93,Coalescence-A10-C11-AE-AF-mGAM-mBHI-7_S629,1,698926,A_D8_D11_AF_AF_mGAM_mBHI_2_S44,102316
94,C_E2_e003Assembly_S242,10408,781119,A_D8_D11_AF_AF_mGAM_mBHI_2_S44,102316
0,A_A5_A8_AA_AA_mGAM_mBHI_2_S5,24,1417316,A_E5_A8_AA_AA_mGAM_mGAM_2_S53,102316
1,A_A8_A11_AF_AA_mGAM_mBHI_2_S8,31,1079879,A_E5_A8_AA_AA_mGAM_mGAM_2_S53,102316
2,A_C5_C8_AA_AE_mGAM_mBHI_2_S29,42,1427638,A_E5_A8_AA_AA_mGAM_mGAM_2_S53,102316
3,A_D5_D8_AA_AF_mGAM_mBHI_2_S41,43,966462,A_E5_A8_AA_AA_mGAM_mGAM_2_S53,102316
4,A_D8_D11_AF_AF_mGAM_mBHI_2_S44,13674,1169381,A_E5_A8_AA_AA_mGAM_mGAM_2_S53,102316
5,A_E5_A8_AA_AA_mGAM_mGAM_2_S53,0,1019189,A_E5_A8_AA_AA_mGAM_mGAM_2_S53,102316
6,A_E9_A2_AA_AA_mBHI_mGAM_4_S57,41,1413231,A_E5_A8_AA_AA_mGAM_mGAM_2_S53,102316
7,A_G1_C2_AA_AE_mBHI_mGAM_2_S73,35,712175,A_E5_A8_AA_AA_mGAM_mGAM_2_S53,102316
8,A_G5_C8_AA_AE_mGAM_mGAM_2_S77,2,1416857,A_E5_A8_AA_AA_mGAM_mGAM_2_S53,102316
9,A_G9_C2_AA_AE_mBHI_mGAM_4_S81,40,1411062,A_E5_A8_AA_AA_mGAM_mGAM_2_S53,102316
10,B_A5_E8_AA_AA_mGAM_mBHI_2_S101,37,1425704,A_E5_A8_AA_AA_mGAM_mGAM_2_S53,102316
11,B_A6_E9_ACPP_AA_mGAM_mBHI_2_S102,37,1117375,A_E5_A8_AA_AA_mGAM_mGAM_2_S53,102316
12,B_A7_E10_AE_AA_mGAM_mBHI_2_S103,21,1427518,A_E5_A8_AA_AA_mGAM_mGAM_2_S53,102316
13,B_A11_A10_AE_AA_mGAM_mBHI_4_S107,23,1383768,A_E5_A8_AA_AA_mGAM_mGAM_2_S53,102316
14,B_A12_A11_AF_AA_mGAM_mBHI_4_S108,38,1434911,A_E5_A8_AA_AA_mGAM_mGAM_2_S53,102316
15,B_C12_C11_AF_AE_mGAM_mBHI_4_S132,12291,1052319,A_E5_A8_AA_AA_mGAM_mGAM_2_S53,102316
16,B_D7_H10_AE_AF_mGAM_mBHI_2_S139,16055,1353892,A_E5_A8_AA_AA_mGAM_mGAM_2_S53,102316
17,B_D11_D10_AE_AF_mGAM_mBHI_4_S143,14146,1203283,A_E5_A8_AA_AA_mGAM_mGAM_2_S53,102316
18,B_E5_E8_AA_AA_mGAM_mGAM_2_S149,0,946657,A_E5_A8_AA_AA_mGAM_mGAM_2_S53,102316
19,B_E7_E10_AE_AA_mGAM_mGAM_2_S151,27,1444031,A_E5_A8_AA_AA_mGAM_mGAM_2_S53,102316
20,B_E8_E11_AF_AA_mGAM_mGAM_2_S152,14,849793,A_E5_A8_AA_AA_mGAM_mGAM_2_S53,102316
21,B_E11_A10_AE_AA_mGAM_mGAM_4_S155,15,1028220,A_E5_A8_AA_AA_mGAM_mGAM_2_S53,102316
22,B_G1_G2_AA_AE_mBHI_mGAM_2_S169,55,1033473,A_E5_A8_AA_AA_mGAM_mGAM_2_S53,102316
23,B_H5_H8_AA_AF_mGAM_mGAM_2_S185,9,1427983,A_E5_A8_AA_AA_mGAM_mGAM_2_S53,102316
24,C_C5_C8_AA_AE_mGAM_mBHI_6_S221,15,977407,A_E5_A8_AA_AA_mGAM_mGAM_2_S53,102316
25,C_C8_C11_AF_AE_mGAM_mBHI_6_S224,14330,1218207,A_E5_A8_AA_AA_mGAM_mGAM_2_S53,102316
26,C_D5_D8_AA_AF_mGAM_mBHI_6_S233,70,1127572,A_E5_A8_AA_AA_mGAM_mGAM_2_S53,102316
27,C_D7_D10_AE_AF_mGAM_mBHI_6_S235,16630,1404179,A_E5_A8_AA_AA_mGAM_mGAM_2_S53,102316
28,C_E5_A8_AA_AA_mGAM_mGAM_6_S245,1,1431755,A_E5_A8_AA_AA_mGAM_mGAM_2_S53,102316
29,C_E7_A10_AE_AA_mGAM_mGAM_6_S247,31,1413289,A_E5_A8_AA_AA_mGAM_mGAM_2_S53,102316
30,C_E9_E2_AA_AA_mBHI_mGAM_4_S249,34,1403356,A_E5_A8_AA_AA_mGAM_mGAM_2_S53,102316
31,C_E11_E4_AE_AA_mBHI_mGAM_4_S251,43,1422885,A_E5_A8_AA_AA_mGAM_mGAM_2_S53,102316
32,D_A6_A9_ACPP_AA_mGAM_mBHI_6_S294,19,1440130,A_E5_A8_AA_AA_mGAM_mGAM_2_S53,102316
33,D_A7_A10_AE_AA_mGAM_mBHI_6_S295,23,1433602,A_E5_A8_AA_AA_mGAM_mGAM_2_S53,102316
34,D_A8_A11_AF_AA_mGAM_mBHI_6_S296,38,1436671,A_E5_A8_AA_AA_mGAM_mGAM_2_S53,102316
35,D_A9_E8_AA_AA_mGAM_mBHI_4_S297,27,1437286,A_E5_A8_AA_AA_mGAM_mGAM_2_S53,102316
36,D_A12_E11_AF_AA_mGAM_mBHI_4_S300,35,1396823,A_E5_A8_AA_AA_mGAM_mGAM_2_S53,102316
37,D_C8_C11_AF_AE_mGAM_mBHI_6_S320,15152,1292174,A_E5_A8_AA_AA_mGAM_mGAM_2_S53,102316
38,D_C9_G8_AA_AE_mGAM_mBHI_4_S321,18,1110163,A_E5_A8_AA_AA_mGAM_mGAM_2_S53,102316
39,D_C12_G11_AF_AE_mGAM_mBHI_4_S324,15672,1330220,A_E5_A8_AA_AA_mGAM_mGAM_2_S53,102316
40,D_D7_D10_AE_AF_mGAM_mBHI_6_S331,15836,1338259,A_E5_A8_AA_AA_mGAM_mGAM_2_S53,102316
41,D_D11_H10_AE_AF_mGAM_mBHI_4_S335,15525,1308265,A_E5_A8_AA_AA_mGAM_mGAM_2_S53,102316
42,D_E1_A2_AA_AA_mBHI_mGAM_6_S337,44,1436963,A_E5_A8_AA_AA_mGAM_mGAM_2_S53,102316
43,D_E3_A4_AE_AA_mBHI_mGAM_6_S339,25,1417311,A_E5_A8_AA_AA_mGAM_mGAM_2_S53,102316
44,D_E6_A9_ACPP_AA_mGAM_mGAM_6_S342,22,1303681,A_E5_A8_AA_AA_mGAM_mGAM_2_S53,102316
45,D_E7_A10_AE_AA_mGAM_mGAM_6_S343,31,1343749,A_E5_A8_AA_AA_mGAM_mGAM_2_S53,102316
46,D_E9_E8_AA_AA_mGAM_mGAM_4_S345,1,1400809,A_E5_A8_AA_AA_mGAM_mGAM_2_S53,102316
47,D_E11_E10_AE_AA_mGAM_mGAM_4_S347,30,1397326,A_E5_A8_AA_AA_mGAM_mGAM_2_S53,102316
48,D_G1_C2_AA_AE_mBHI_mGAM_6_S361,18,712918,A_E5_A8_AA_AA_mGAM_mGAM_2_S53,102316
49,D_H5_D8_AA_AF_mGAM_mGAM_6_S377,2899,1125549,A_E5_A8_AA_AA_mGAM_mGAM_2_S53,102316
50,D10-e003Coalescence-mBHI-p3,8670,721454,A_E5_A8_AA_AA_mGAM_mGAM_2_S53,102316
51,C2-e003Coalescence-mGAM-p7,82,1453552,A_E5_A8_AA_AA_mGAM_mGAM_2_S53,102316
52,D10-e003Coalescence-mBHI-p5,8391,723373,A_E5_A8_AA_AA_mGAM_mGAM_2_S53,102316
53,D8-e003Coalescence-mBHI-p5,87,795854,A_E5_A8_AA_AA_mGAM_mGAM_2_S53,102316
54,A8-e003Coalescence-mBHI-p7,64,1437763,A_E5_A8_AA_AA_mGAM_mGAM_2_S53,102316
55,A10-e003Coalescence-mGAM-p3,49,960054,A_E5_A8_AA_AA_mGAM_mGAM_2_S53,102316
56,A8-e003Coalescence-mBHI-p5,35,1099058,A_E5_A8_AA_AA_mGAM_mGAM_2_S53,102316
57,A10-e003Coalescence-mBHI-p7,50,1171728,A_E5_A8_AA_AA_mGAM_mGAM_2_S53,102316
58,A2-e003Coalescence-mGAM-p5,54,1119246,A_E5_A8_AA_AA_mGAM_mGAM_2_S53,102316
59,C8-e003Coalescence-mBHI-p5,42,1251387,A_E5_A8_AA_AA_mGAM_mGAM_2_S53,102316
60,A11-e003Coalescence-mBHI-p3,55,1455400,A_E5_A8_AA_AA_mGAM_mGAM_2_S53,102316
61,E2-e003Coalescence-mGAM-p7_S145,16,960650,A_E5_A8_AA_AA_mGAM_mGAM_2_S53,102316
62,E8-e003Coalescence-mBHI-p5_S5,17,1129168,A_E5_A8_AA_AA_mGAM_mGAM_2_S53,102316
63,H111-e003Coalescence-mBHI-p3_S144,14642,1229895,A_E5_A8_AA_AA_mGAM_mGAM_2_S53,102316
64,E100-e003Coalescence-mGAM-p3_S155,21,1310955,A_E5_A8_AA_AA_mGAM_mGAM_2_S53,102316
65,E111-e003Coalescence-mBHI-p5_S8,47,719187,A_E5_A8_AA_AA_mGAM_mGAM_2_S53,102316
66,H100-e003Coalescence-mBHI-p5_S43,12138,1043416,A_E5_A8_AA_AA_mGAM_mGAM_2_S53,102316
67,H8-e003Coalescence-mBHI-p7_S137,34,1241668,A_E5_A8_AA_AA_mGAM_mGAM_2_S53,102316
68,G8-e003Coalescence-mGAM-p5_S77,6,1348310,A_E5_A8_AA_AA_mGAM_mGAM_2_S53,102316
69,H8-e003Coalescence-mBHI-p5_S41,29,797551,A_E5_A8_AA_AA_mGAM_mGAM_2_S53,102316
70,E100-e003Coalescence-mBHI-p5_S7,7,890217,A_E5_A8_AA_AA_mGAM_mGAM_2_S53,102316
71,E100-e003Coalescence-mGAM-p5_S55,20,809705,A_E5_A8_AA_AA_mGAM_mGAM_2_S53,102316
72,H111-e003Coalescence-mBHI-p5_S44,7759,674095,A_E5_A8_AA_AA_mGAM_mGAM_2_S53,102316
73,E2-e003Coalescence-mGAM-p3_S57,31,1046865,A_E5_A8_AA_AA_mGAM_mGAM_2_S53,102316
74,H100-e003Coalescence-mBHI-p7_S139,15005,1277434,A_E5_A8_AA_AA_mGAM_mGAM_2_S53,102316
75,G8-e003Coalescence-mBHI-p5_S29,14,748494,A_E5_A8_AA_AA_mGAM_mGAM_2_S53,102316
76,E8-e003Coalescence-mBHI-p3_S105,15,1300226,A_E5_A8_AA_AA_mGAM_mGAM_2_S53,102316
77,E8-e003Coalescence-mGAM-p7_S149,0,1417361,A_E5_A8_AA_AA_mGAM_mGAM_2_S53,102316
78,H8-e003Coalescence-mGAM-p7_S185,3673,983015,A_E5_A8_AA_AA_mGAM_mGAM_2_S53,102316
79,A2-e003Coalescence-Inoculumn-mGAM,13,766653,A_E5_A8_AA_AA_mGAM_mGAM_2_S53,102316
80,B8-e003Coalescence-mBHI-p1_S749,52,1268450,A_E5_A8_AA_AA_mGAM_mGAM_2_S53,102316
81,A8-e003Coalescence-mBHI-p1_S748,28,1289758,A_E5_A8_AA_AA_mGAM_mGAM_2_S53,102316
82,H8-e003Coalescence-mBHI-p1_S815,28,1218424,A_E5_A8_AA_AA_mGAM_mGAM_2_S53,102316
83,E8-e003Coalescence-mBHI-p1_S812,45,1401516,A_E5_A8_AA_AA_mGAM_mGAM_2_S53,102316
84,G8-e003Coalescence-mGAM-p1_S818,0,827892,A_E5_A8_AA_AA_mGAM_mGAM_2_S53,102316
85,D8-e003Coalescence-mGAM-p1_S755,18,701330,A_E5_A8_AA_AA_mGAM_mGAM_2_S53,102316
86,A9-e003Coalescence-mBHI-p1_S756,71,1437416,A_E5_A8_AA_AA_mGAM_mGAM_2_S53,102316
87,E11-e003Coalescence-mBHI-p1_S836,27,1451168,A_E5_A8_AA_AA_mGAM_mGAM_2_S53,102316
88,A10-e003Coalescence-mBHI-p1_S764,32,1193259,A_E5_A8_AA_AA_mGAM_mGAM_2_S53,102316
89,A11-e003Coalescence-mBHI-p1_S772,25,1248804,A_E5_A8_AA_AA_mGAM_mGAM_2_S53,102316
90,Coalescence-F2-E10-AA-AE-mGAM-mBHI-3_S681,23,1425787,A_E5_A8_AA_AA_mGAM_mGAM_2_S53,102316
91,Coalescence-E8-D11-AF-AF-mGAM-mBHI-3_S675,13283,1135698,A_E5_A8_AA_AA_mGAM_mGAM_2_S53,102316
92,Coalescence-F10-H8-AA-AF-mGAM-mGAM-3_S689,107,1095751,A_E5_A8_AA_AA_mGAM_mGAM_2_S53,102316
93,Coalescence-A10-C11-AE-AF-mGAM-mBHI-7_S629,8204,698926,A_E5_A8_AA_AA_mGAM_mGAM_2_S53,102316
94,C_E2_e003Assembly_S242,10,781119,A_E5_A8_AA_AA_mGAM_mGAM_2_S53,102316
0,A_A5_A8_AA_AA_mGAM_mBHI_2_S5,14,1417316,A_E9_A2_AA_AA_mBHI_mGAM_4_S57,102316
1,A_A8_A11_AF_AA_mGAM_mBHI_2_S8,22,1079879,A_E9_A2_AA_AA_mBHI_mGAM_4_S57,102316
2,A_C5_C8_AA_AE_mGAM_mBHI_2_S29,3,1427638,A_E9_A2_AA_AA_mBHI_mGAM_4_S57,102316
3,A_D5_D8_AA_AF_mGAM_mBHI_2_S41,43,966462,A_E9_A2_AA_AA_mBHI_mGAM_4_S57,102316
4,A_D8_D11_AF_AF_mGAM_mBHI_2_S44,19211,1169381,A_E9_A2_AA_AA_mBHI_mGAM_4_S57,102316
5,A_E5_A8_AA_AA_mGAM_mGAM_2_S53,41,1019189,A_E9_A2_AA_AA_mBHI_mGAM_4_S57,102316
6,A_E9_A2_AA_AA_mBHI_mGAM_4_S57,0,1413231,A_E9_A2_AA_AA_mBHI_mGAM_4_S57,102316
7,A_G1_C2_AA_AE_mBHI_mGAM_2_S73,10,712175,A_E9_A2_AA_AA_mBHI_mGAM_4_S57,102316
8,A_G5_C8_AA_AE_mGAM_mGAM_2_S77,55,1416857,A_E9_A2_AA_AA_mBHI_mGAM_4_S57,102316
9,A_G9_C2_AA_AE_mBHI_mGAM_4_S81,3,1411062,A_E9_A2_AA_AA_mBHI_mGAM_4_S57,102316
10,B_A5_E8_AA_AA_mGAM_mBHI_2_S101,1,1425704,A_E9_A2_AA_AA_mBHI_mGAM_4_S57,102316
11,B_A6_E9_ACPP_AA_mGAM_mBHI_2_S102,18,1117375,A_E9_A2_AA_AA_mBHI_mGAM_4_S57,102316
12,B_A7_E10_AE_AA_mGAM_mBHI_2_S103,6,1427518,A_E9_A2_AA_AA_mBHI_mGAM_4_S57,102316
13,B_A11_A10_AE_AA_mGAM_mBHI_4_S107,16,1383768,A_E9_A2_AA_AA_mBHI_mGAM_4_S57,102316
14,B_A12_A11_AF_AA_mGAM_mBHI_4_S108,22,1434911,A_E9_A2_AA_AA_mBHI_mGAM_4_S57,102316
15,B_C12_C11_AF_AE_mGAM_mBHI_4_S132,17228,1052319,A_E9_A2_AA_AA_mBHI_mGAM_4_S57,102316
16,B_D7_H10_AE_AF_mGAM_mBHI_2_S139,22703,1353892,A_E9_A2_AA_AA_mBHI_mGAM_4_S57,102316
17,B_D11_D10_AE_AF_mGAM_mBHI_4_S143,19825,1203283,A_E9_A2_AA_AA_mBHI_mGAM_4_S57,102316
18,B_E5_E8_AA_AA_mGAM_mGAM_2_S149,37,946657,A_E9_A2_AA_AA_mBHI_mGAM_4_S57,102316
19,B_E7_E10_AE_AA_mGAM_mGAM_2_S151,27,1444031,A_E9_A2_AA_AA_mBHI_mGAM_4_S57,102316
20,B_E8_E11_AF_AA_mGAM_mGAM_2_S152,36,849793,A_E9_A2_AA_AA_mBHI_mGAM_4_S57,102316
21,B_E11_A10_AE_AA_mGAM_mGAM_4_S155,10,1028220,A_E9_A2_AA_AA_mBHI_mGAM_4_S57,102316
22,B_G1_G2_AA_AE_mBHI_mGAM_2_S169,21,1033473,A_E9_A2_AA_AA_mBHI_mGAM_4_S57,102316
23,B_H5_H8_AA_AF_mGAM_mGAM_2_S185,31,1427983,A_E9_A2_AA_AA_mBHI_mGAM_4_S57,102316
24,C_C5_C8_AA_AE_mGAM_mBHI_6_S221,6,977407,A_E9_A2_AA_AA_mBHI_mGAM_4_S57,102316
25,C_C8_C11_AF_AE_mGAM_mBHI_6_S224,20114,1218207,A_E9_A2_AA_AA_mBHI_mGAM_4_S57,102316
26,C_D5_D8_AA_AF_mGAM_mBHI_6_S233,90,1127572,A_E9_A2_AA_AA_mBHI_mGAM_4_S57,102316
27,C_D7_D10_AE_AF_mGAM_mBHI_6_S235,23582,1404179,A_E9_A2_AA_AA_mBHI_mGAM_4_S57,102316
28,C_E5_A8_AA_AA_mGAM_mGAM_6_S245,56,1431755,A_E9_A2_AA_AA_mBHI_mGAM_4_S57,102316
29,C_E7_A10_AE_AA_mGAM_mGAM_6_S247,5,1413289,A_E9_A2_AA_AA_mBHI_mGAM_4_S57,102316
30,C_E9_E2_AA_AA_mBHI_mGAM_4_S249,1,1403356,A_E9_A2_AA_AA_mBHI_mGAM_4_S57,102316
31,C_E11_E4_AE_AA_mBHI_mGAM_4_S251,4,1422885,A_E9_A2_AA_AA_mBHI_mGAM_4_S57,102316
32,D_A6_A9_ACPP_AA_mGAM_mBHI_6_S294,3,1440130,A_E9_A2_AA_AA_mBHI_mGAM_4_S57,102316
33,D_A7_A10_AE_AA_mGAM_mBHI_6_S295,0,1433602,A_E9_A2_AA_AA_mBHI_mGAM_4_S57,102316
34,D_A8_A11_AF_AA_mGAM_mBHI_6_S296,15,1436671,A_E9_A2_AA_AA_mBHI_mGAM_4_S57,102316
35,D_A9_E8_AA_AA_mGAM_mBHI_4_S297,11,1437286,A_E9_A2_AA_AA_mBHI_mGAM_4_S57,102316
36,D_A12_E11_AF_AA_mGAM_mBHI_4_S300,34,1396823,A_E9_A2_AA_AA_mBHI_mGAM_4_S57,102316
37,D_C8_C11_AF_AE_mGAM_mBHI_6_S320,21390,1292174,A_E9_A2_AA_AA_mBHI_mGAM_4_S57,102316
38,D_C9_G8_AA_AE_mGAM_mBHI_4_S321,2,1110163,A_E9_A2_AA_AA_mBHI_mGAM_4_S57,102316
39,D_C12_G11_AF_AE_mGAM_mBHI_4_S324,22213,1330220,A_E9_A2_AA_AA_mBHI_mGAM_4_S57,102316
40,D_D7_D10_AE_AF_mGAM_mBHI_6_S331,22279,1338259,A_E9_A2_AA_AA_mBHI_mGAM_4_S57,102316
41,D_D11_H10_AE_AF_mGAM_mBHI_4_S335,21897,1308265,A_E9_A2_AA_AA_mBHI_mGAM_4_S57,102316
42,D_E1_A2_AA_AA_mBHI_mGAM_6_S337,1,1436963,A_E9_A2_AA_AA_mBHI_mGAM_4_S57,102316
43,D_E3_A4_AE_AA_mBHI_mGAM_6_S339,11,1417311,A_E9_A2_AA_AA_mBHI_mGAM_4_S57,102316
44,D_E6_A9_ACPP_AA_mGAM_mGAM_6_S342,15,1303681,A_E9_A2_AA_AA_mBHI_mGAM_4_S57,102316
45,D_E7_A10_AE_AA_mGAM_mGAM_6_S343,5,1343749,A_E9_A2_AA_AA_mBHI_mGAM_4_S57,102316
46,D_E9_E8_AA_AA_mGAM_mGAM_4_S345,78,1400809,A_E9_A2_AA_AA_mBHI_mGAM_4_S57,102316
47,D_E11_E10_AE_AA_mGAM_mGAM_4_S347,8,1397326,A_E9_A2_AA_AA_mBHI_mGAM_4_S57,102316
48,D_G1_C2_AA_AE_mBHI_mGAM_6_S361,2,712918,A_E9_A2_AA_AA_mBHI_mGAM_4_S57,102316
49,D_H5_D8_AA_AF_mGAM_mGAM_6_S377,4257,1125549,A_E9_A2_AA_AA_mBHI_mGAM_4_S57,102316
50,D10-e003Coalescence-mBHI-p3,11947,721454,A_E9_A2_AA_AA_mBHI_mGAM_4_S57,102316
51,C2-e003Coalescence-mGAM-p7,73,1453552,A_E9_A2_AA_AA_mBHI_mGAM_4_S57,102316
52,D10-e003Coalescence-mBHI-p5,11805,723373,A_E9_A2_AA_AA_mBHI_mGAM_4_S57,102316
53,D8-e003Coalescence-mBHI-p5,110,795854,A_E9_A2_AA_AA_mBHI_mGAM_4_S57,102316
54,A8-e003Coalescence-mBHI-p7,68,1437763,A_E9_A2_AA_AA_mBHI_mGAM_4_S57,102316
55,A10-e003Coalescence-mGAM-p3,40,960054,A_E9_A2_AA_AA_mBHI_mGAM_4_S57,102316
56,A8-e003Coalescence-mBHI-p5,35,1099058,A_E9_A2_AA_AA_mBHI_mGAM_4_S57,102316
57,A10-e003Coalescence-mBHI-p7,48,1171728,A_E9_A2_AA_AA_mBHI_mGAM_4_S57,102316
58,A2-e003Coalescence-mGAM-p5,39,1119246,A_E9_A2_AA_AA_mBHI_mGAM_4_S57,102316
59,C8-e003Coalescence-mBHI-p5,46,1251387,A_E9_A2_AA_AA_mBHI_mGAM_4_S57,102316
60,A11-e003Coalescence-mBHI-p3,67,1455400,A_E9_A2_AA_AA_mBHI_mGAM_4_S57,102316
61,E2-e003Coalescence-mGAM-p7_S145,6,960650,A_E9_A2_AA_AA_mBHI_mGAM_4_S57,102316
62,E8-e003Coalescence-mBHI-p5_S5,15,1129168,A_E9_A2_AA_AA_mBHI_mGAM_4_S57,102316
63,H111-e003Coalescence-mBHI-p3_S144,20564,1229895,A_E9_A2_AA_AA_mBHI_mGAM_4_S57,102316
64,E100-e003Coalescence-mGAM-p3_S155,14,1310955,A_E9_A2_AA_AA_mBHI_mGAM_4_S57,102316
65,E111-e003Coalescence-mBHI-p5_S8,49,719187,A_E9_A2_AA_AA_mBHI_mGAM_4_S57,102316
66,H100-e003Coalescence-mBHI-p5_S43,16949,1043416,A_E9_A2_AA_AA_mBHI_mGAM_4_S57,102316
67,H8-e003Coalescence-mBHI-p7_S137,30,1241668,A_E9_A2_AA_AA_mBHI_mGAM_4_S57,102316
68,G8-e003Coalescence-mGAM-p5_S77,26,1348310,A_E9_A2_AA_AA_mBHI_mGAM_4_S57,102316
69,H8-e003Coalescence-mBHI-p5_S41,24,797551,A_E9_A2_AA_AA_mBHI_mGAM_4_S57,102316
70,E100-e003Coalescence-mBHI-p5_S7,7,890217,A_E9_A2_AA_AA_mBHI_mGAM_4_S57,102316
71,E100-e003Coalescence-mGAM-p5_S55,3,809705,A_E9_A2_AA_AA_mBHI_mGAM_4_S57,102316
72,H111-e003Coalescence-mBHI-p5_S44,10746,674095,A_E9_A2_AA_AA_mBHI_mGAM_4_S57,102316
73,E2-e003Coalescence-mGAM-p3_S57,0,1046865,A_E9_A2_AA_AA_mBHI_mGAM_4_S57,102316
74,H100-e003Coalescence-mBHI-p7_S139,21120,1277434,A_E9_A2_AA_AA_mBHI_mGAM_4_S57,102316
75,G8-e003Coalescence-mBHI-p5_S29,3,748494,A_E9_A2_AA_AA_mBHI_mGAM_4_S57,102316
76,E8-e003Coalescence-mBHI-p3_S105,8,1300226,A_E9_A2_AA_AA_mBHI_mGAM_4_S57,102316
77,E8-e003Coalescence-mGAM-p7_S149,67,1417361,A_E9_A2_AA_AA_mBHI_mGAM_4_S57,102316
78,H8-e003Coalescence-mGAM-p7_S185,5248,983015,A_E9_A2_AA_AA_mBHI_mGAM_4_S57,102316
79,A2-e003Coalescence-Inoculumn-mGAM,82,766653,A_E9_A2_AA_AA_mBHI_mGAM_4_S57,102316
80,B8-e003Coalescence-mBHI-p1_S749,61,1268450,A_E9_A2_AA_AA_mBHI_mGAM_4_S57,102316
81,A8-e003Coalescence-mBHI-p1_S748,3,1289758,A_E9_A2_AA_AA_mBHI_mGAM_4_S57,102316
82,H8-e003Coalescence-mBHI-p1_S815,26,1218424,A_E9_A2_AA_AA_mBHI_mGAM_4_S57,102316
83,E8-e003Coalescence-mBHI-p1_S812,1,1401516,A_E9_A2_AA_AA_mBHI_mGAM_4_S57,102316
84,G8-e003Coalescence-mGAM-p1_S818,31,827892,A_E9_A2_AA_AA_mBHI_mGAM_4_S57,102316
85,D8-e003Coalescence-mGAM-p1_S755,37,701330,A_E9_A2_AA_AA_mBHI_mGAM_4_S57,102316
86,A9-e003Coalescence-mBHI-p1_S756,58,1437416,A_E9_A2_AA_AA_mBHI_mGAM_4_S57,102316
87,E11-e003Coalescence-mBHI-p1_S836,18,1451168,A_E9_A2_AA_AA_mBHI_mGAM_4_S57,102316
88,A10-e003Coalescence-mBHI-p1_S764,2,1193259,A_E9_A2_AA_AA_mBHI_mGAM_4_S57,102316
89,A11-e003Coalescence-mBHI-p1_S772,24,1248804,A_E9_A2_AA_AA_mBHI_mGAM_4_S57,102316
90,Coalescence-F2-E10-AA-AE-mGAM-mBHI-3_S681,3,1425787,A_E9_A2_AA_AA_mBHI_mGAM_4_S57,102316
91,Coalescence-E8-D11-AF-AF-mGAM-mBHI-3_S675,18647,1135698,A_E9_A2_AA_AA_mBHI_mGAM_4_S57,102316
92,Coalescence-F10-H8-AA-AF-mGAM-mGAM-3_S689,152,1095751,A_E9_A2_AA_AA_mBHI_mGAM_4_S57,102316
93,Coalescence-A10-C11-AE-AF-mGAM-mBHI-7_S629,11248,698926,A_E9_A2_AA_AA_mBHI_mGAM_4_S57,102316
94,C_E2_e003Assembly_S242,50,781119,A_E9_A2_AA_AA_mBHI_mGAM_4_S57,102316
0,A_A5_A8_AA_AA_mGAM_mBHI_2_S5,17,1417316,A_G1_C2_AA_AE_mBHI_mGAM_2_S73,102316
1,A_A8_A11_AF_AA_mGAM_mBHI_2_S8,16,1079879,A_G1_C2_AA_AE_mBHI_mGAM_2_S73,102316
2,A_C5_C8_AA_AE_mGAM_mBHI_2_S29,29,1427638,A_G1_C2_AA_AE_mBHI_mGAM_2_S73,102316
3,A_D5_D8_AA_AF_mGAM_mBHI_2_S41,20,966462,A_G1_C2_AA_AE_mBHI_mGAM_2_S73,102316
4,A_D8_D11_AF_AF_mGAM_mBHI_2_S44,9419,1169381,A_G1_C2_AA_AE_mBHI_mGAM_2_S73,102316
5,A_E5_A8_AA_AA_mGAM_mGAM_2_S53,35,1019189,A_G1_C2_AA_AE_mBHI_mGAM_2_S73,102316
6,A_E9_A2_AA_AA_mBHI_mGAM_4_S57,10,1413231,A_G1_C2_AA_AE_mBHI_mGAM_2_S73,102316
7,A_G1_C2_AA_AE_mBHI_mGAM_2_S73,0,712175,A_G1_C2_AA_AE_mBHI_mGAM_2_S73,102316
8,A_G5_C8_AA_AE_mGAM_mGAM_2_S77,54,1416857,A_G1_C2_AA_AE_mBHI_mGAM_2_S73,102316
9,A_G9_C2_AA_AE_mBHI_mGAM_4_S81,3,1411062,A_G1_C2_AA_AE_mBHI_mGAM_2_S73,102316
10,B_A5_E8_AA_AA_mGAM_mBHI_2_S101,19,1425704,A_G1_C2_AA_AE_mBHI_mGAM_2_S73,102316
11,B_A6_E9_ACPP_AA_mGAM_mBHI_2_S102,28,1117375,A_G1_C2_AA_AE_mBHI_mGAM_2_S73,102316
12,B_A7_E10_AE_AA_mGAM_mBHI_2_S103,17,1427518,A_G1_C2_AA_AE_mBHI_mGAM_2_S73,102316
13,B_A11_A10_AE_AA_mGAM_mBHI_4_S107,25,1383768,A_G1_C2_AA_AE_mBHI_mGAM_2_S73,102316
14,B_A12_A11_AF_AA_mGAM_mBHI_4_S108,30,1434911,A_G1_C2_AA_AE_mBHI_mGAM_2_S73,102316
15,B_C12_C11_AF_AE_mGAM_mBHI_4_S132,8440,1052319,A_G1_C2_AA_AE_mBHI_mGAM_2_S73,102316
16,B_D7_H10_AE_AF_mGAM_mBHI_2_S139,10890,1353892,A_G1_C2_AA_AE_mBHI_mGAM_2_S73,102316
17,B_D11_D10_AE_AF_mGAM_mBHI_4_S143,9561,1203283,A_G1_C2_AA_AE_mBHI_mGAM_2_S73,102316
18,B_E5_E8_AA_AA_mGAM_mGAM_2_S149,33,946657,A_G1_C2_AA_AE_mBHI_mGAM_2_S73,102316
19,B_E7_E10_AE_AA_mGAM_mGAM_2_S151,29,1444031,A_G1_C2_AA_AE_mBHI_mGAM_2_S73,102316
20,B_E8_E11_AF_AA_mGAM_mGAM_2_S152,20,849793,A_G1_C2_AA_AE_mBHI_mGAM_2_S73,102316
21,B_E11_A10_AE_AA_mGAM_mGAM_4_S155,13,1028220,A_G1_C2_AA_AE_mBHI_mGAM_2_S73,102316
22,B_G1_G2_AA_AE_mBHI_mGAM_2_S169,1,1033473,A_G1_C2_AA_AE_mBHI_mGAM_2_S73,102316
23,B_H5_H8_AA_AF_mGAM_mGAM_2_S185,50,1427983,A_G1_C2_AA_AE_mBHI_mGAM_2_S73,102316
24,C_C5_C8_AA_AE_mGAM_mBHI_6_S221,2,977407,A_G1_C2_AA_AE_mBHI_mGAM_2_S73,102316
25,C_C8_C11_AF_AE_mGAM_mBHI_6_S224,9807,1218207,A_G1_C2_AA_AE_mBHI_mGAM_2_S73,102316
26,C_D5_D8_AA_AF_mGAM_mBHI_6_S233,37,1127572,A_G1_C2_AA_AE_mBHI_mGAM_2_S73,102316
27,C_D7_D10_AE_AF_mGAM_mBHI_6_S235,11354,1404179,A_G1_C2_AA_AE_mBHI_mGAM_2_S73,102316
28,C_E5_A8_AA_AA_mGAM_mGAM_6_S245,62,1431755,A_G1_C2_AA_AE_mBHI_mGAM_2_S73,102316
29,C_E7_A10_AE_AA_mGAM_mGAM_6_S247,22,1413289,A_G1_C2_AA_AE_mBHI_mGAM_2_S73,102316
30,C_E9_E2_AA_AA_mBHI_mGAM_4_S249,10,1403356,A_G1_C2_AA_AE_mBHI_mGAM_2_S73,102316
31,C_E11_E4_AE_AA_mBHI_mGAM_4_S251,8,1422885,A_G1_C2_AA_AE_mBHI_mGAM_2_S73,102316
32,D_A6_A9_ACPP_AA_mGAM_mBHI_6_S294,15,1440130,A_G1_C2_AA_AE_mBHI_mGAM_2_S73,102316
33,D_A7_A10_AE_AA_mGAM_mBHI_6_S295,13,1433602,A_G1_C2_AA_AE_mBHI_mGAM_2_S73,102316
34,D_A8_A11_AF_AA_mGAM_mBHI_6_S296,20,1436671,A_G1_C2_AA_AE_mBHI_mGAM_2_S73,102316
35,D_A9_E8_AA_AA_mGAM_mBHI_4_S297,22,1437286,A_G1_C2_AA_AE_mBHI_mGAM_2_S73,102316
36,D_A12_E11_AF_AA_mGAM_mBHI_4_S300,20,1396823,A_G1_C2_AA_AE_mBHI_mGAM_2_S73,102316
37,D_C8_C11_AF_AE_mGAM_mBHI_6_S320,10348,1292174,A_G1_C2_AA_AE_mBHI_mGAM_2_S73,102316
38,D_C9_G8_AA_AE_mGAM_mBHI_4_S321,7,1110163,A_G1_C2_AA_AE_mBHI_mGAM_2_S73,102316
39,D_C12_G11_AF_AE_mGAM_mBHI_4_S324,10742,1330220,A_G1_C2_AA_AE_mBHI_mGAM_2_S73,102316
40,D_D7_D10_AE_AF_mGAM_mBHI_6_S331,10733,1338259,A_G1_C2_AA_AE_mBHI_mGAM_2_S73,102316
41,D_D11_H10_AE_AF_mGAM_mBHI_4_S335,10698,1308265,A_G1_C2_AA_AE_mBHI_mGAM_2_S73,102316
42,D_E1_A2_AA_AA_mBHI_mGAM_6_S337,10,1436963,A_G1_C2_AA_AE_mBHI_mGAM_2_S73,102316
43,D_E3_A4_AE_AA_mBHI_mGAM_6_S339,5,1417311,A_G1_C2_AA_AE_mBHI_mGAM_2_S73,102316
44,D_E6_A9_ACPP_AA_mGAM_mGAM_6_S342,24,1303681,A_G1_C2_AA_AE_mBHI_mGAM_2_S73,102316
45,D_E7_A10_AE_AA_mGAM_mGAM_6_S343,15,1343749,A_G1_C2_AA_AE_mBHI_mGAM_2_S73,102316
46,D_E9_E8_AA_AA_mGAM_mGAM_4_S345,60,1400809,A_G1_C2_AA_AE_mBHI_mGAM_2_S73,102316
47,D_E11_E10_AE_AA_mGAM_mGAM_4_S347,24,1397326,A_G1_C2_AA_AE_mBHI_mGAM_2_S73,102316
48,D_G1_C2_AA_AE_mBHI_mGAM_6_S361,5,712918,A_G1_C2_AA_AE_mBHI_mGAM_2_S73,102316
49,D_H5_D8_AA_AF_mGAM_mGAM_6_S377,2006,1125549,A_G1_C2_AA_AE_mBHI_mGAM_2_S73,102316
50,D10-e003Coalescence-mBHI-p3,5906,721454,A_G1_C2_AA_AE_mBHI_mGAM_2_S73,102316
51,C2-e003Coalescence-mGAM-p7,39,1453552,A_G1_C2_AA_AE_mBHI_mGAM_2_S73,102316
52,D10-e003Coalescence-mBHI-p5,5656,723373,A_G1_C2_AA_AE_mBHI_mGAM_2_S73,102316
53,D8-e003Coalescence-mBHI-p5,66,795854,A_G1_C2_AA_AE_mBHI_mGAM_2_S73,102316
54,A8-e003Coalescence-mBHI-p7,54,1437763,A_G1_C2_AA_AE_mBHI_mGAM_2_S73,102316
55,A10-e003Coalescence-mGAM-p3,40,960054,A_G1_C2_AA_AE_mBHI_mGAM_2_S73,102316
56,A8-e003Coalescence-mBHI-p5,35,1099058,A_G1_C2_AA_AE_mBHI_mGAM_2_S73,102316
57,A10-e003Coalescence-mBHI-p7,35,1171728,A_G1_C2_AA_AE_mBHI_mGAM_2_S73,102316
58,A2-e003Coalescence-mGAM-p5,32,1119246,A_G1_C2_AA_AE_mBHI_mGAM_2_S73,102316
59,C8-e003Coalescence-mBHI-p5,55,1251387,A_G1_C2_AA_AE_mBHI_mGAM_2_S73,102316
60,A11-e003Coalescence-mBHI-p3,48,1455400,A_G1_C2_AA_AE_mBHI_mGAM_2_S73,102316
61,E2-e003Coalescence-mGAM-p7_S145,10,960650,A_G1_C2_AA_AE_mBHI_mGAM_2_S73,102316
62,E8-e003Coalescence-mBHI-p5_S5,26,1129168,A_G1_C2_AA_AE_mBHI_mGAM_2_S73,102316
63,H111-e003Coalescence-mBHI-p3_S144,9930,1229895,A_G1_C2_AA_AE_mBHI_mGAM_2_S73,102316
64,E100-e003Coalescence-mGAM-p3_S155,17,1310955,A_G1_C2_AA_AE_mBHI_mGAM_2_S73,102316
65,E111-e003Coalescence-mBHI-p5_S8,37,719187,A_G1_C2_AA_AE_mBHI_mGAM_2_S73,102316
66,H100-e003Coalescence-mBHI-p5_S43,8232,1043416,A_G1_C2_AA_AE_mBHI_mGAM_2_S73,102316
67,H8-e003Coalescence-mBHI-p7_S137,35,1241668,A_G1_C2_AA_AE_mBHI_mGAM_2_S73,102316
68,G8-e003Coalescence-mGAM-p5_S77,47,1348310,A_G1_C2_AA_AE_mBHI_mGAM_2_S73,102316
69,H8-e003Coalescence-mBHI-p5_S41,14,797551,A_G1_C2_AA_AE_mBHI_mGAM_2_S73,102316
70,E100-e003Coalescence-mBHI-p5_S7,4,890217,A_G1_C2_AA_AE_mBHI_mGAM_2_S73,102316
71,E100-e003Coalescence-mGAM-p5_S55,3,809705,A_G1_C2_AA_AE_mBHI_mGAM_2_S73,102316
72,H111-e003Coalescence-mBHI-p5_S44,5294,674095,A_G1_C2_AA_AE_mBHI_mGAM_2_S73,102316
73,E2-e003Coalescence-mGAM-p3_S57,3,1046865,A_G1_C2_AA_AE_mBHI_mGAM_2_S73,102316
74,H100-e003Coalescence-mBHI-p7_S139,10201,1277434,A_G1_C2_AA_AE_mBHI_mGAM_2_S73,102316
75,G8-e003Coalescence-mBHI-p5_S29,6,748494,A_G1_C2_AA_AE_mBHI_mGAM_2_S73,102316
76,E8-e003Coalescence-mBHI-p3_S105,22,1300226,A_G1_C2_AA_AE_mBHI_mGAM_2_S73,102316
77,E8-e003Coalescence-mGAM-p7_S149,57,1417361,A_G1_C2_AA_AE_mBHI_mGAM_2_S73,102316
78,H8-e003Coalescence-mGAM-p7_S185,2593,983015,A_G1_C2_AA_AE_mBHI_mGAM_2_S73,102316
79,A2-e003Coalescence-Inoculumn-mGAM,50,766653,A_G1_C2_AA_AE_mBHI_mGAM_2_S73,102316
80,B8-e003Coalescence-mBHI-p1_S749,55,1268450,A_G1_C2_AA_AE_mBHI_mGAM_2_S73,102316
81,A8-e003Coalescence-mBHI-p1_S748,24,1289758,A_G1_C2_AA_AE_mBHI_mGAM_2_S73,102316
82,H8-e003Coalescence-mBHI-p1_S815,36,1218424,A_G1_C2_AA_AE_mBHI_mGAM_2_S73,102316
83,E8-e003Coalescence-mBHI-p1_S812,23,1401516,A_G1_C2_AA_AE_mBHI_mGAM_2_S73,102316
84,G8-e003Coalescence-mGAM-p1_S818,11,827892,A_G1_C2_AA_AE_mBHI_mGAM_2_S73,102316
85,D8-e003Coalescence-mGAM-p1_S755,36,701330,A_G1_C2_AA_AE_mBHI_mGAM_2_S73,102316
86,A9-e003Coalescence-mBHI-p1_S756,57,1437416,A_G1_C2_AA_AE_mBHI_mGAM_2_S73,102316
87,E11-e003Coalescence-mBHI-p1_S836,27,1451168,A_G1_C2_AA_AE_mBHI_mGAM_2_S73,102316
88,A10-e003Coalescence-mBHI-p1_S764,10,1193259,A_G1_C2_AA_AE_mBHI_mGAM_2_S73,102316
89,A11-e003Coalescence-mBHI-p1_S772,35,1248804,A_G1_C2_AA_AE_mBHI_mGAM_2_S73,102316
90,Coalescence-F2-E10-AA-AE-mGAM-mBHI-3_S681,28,1425787,A_G1_C2_AA_AE_mBHI_mGAM_2_S73,102316
91,Coalescence-E8-D11-AF-AF-mGAM-mBHI-3_S675,9080,1135698,A_G1_C2_AA_AE_mBHI_mGAM_2_S73,102316
92,Coalescence-F10-H8-AA-AF-mGAM-mGAM-3_S689,56,1095751,A_G1_C2_AA_AE_mBHI_mGAM_2_S73,102316
93,Coalescence-A10-C11-AE-AF-mGAM-mBHI-7_S629,5643,698926,A_G1_C2_AA_AE_mBHI_mGAM_2_S73,102316
94,C_E2_e003Assembly_S242,27,781119,A_G1_C2_AA_AE_mBHI_mGAM_2_S73,102316
0,A_A5_A8_AA_AA_mGAM_mBHI_2_S5,44,1417316,A_G5_C8_AA_AE_mGAM_mGAM_2_S77,102316
1,A_A8_A11_AF_AA_mGAM_mBHI_2_S8,50,1079879,A_G5_C8_AA_AE_mGAM_mGAM_2_S77,102316
2,A_C5_C8_AA_AE_mGAM_mBHI_2_S29,41,1427638,A_G5_C8_AA_AE_mGAM_mGAM_2_S77,102316
3,A_D5_D8_AA_AF_mGAM_mBHI_2_S41,58,966462,A_G5_C8_AA_AE_mGAM_mGAM_2_S77,102316
4,A_D8_D11_AF_AF_mGAM_mBHI_2_S44,19180,1169381,A_G5_C8_AA_AE_mGAM_mGAM_2_S77,102316
5,A_E5_A8_AA_AA_mGAM_mGAM_2_S53,2,1019189,A_G5_C8_AA_AE_mGAM_mGAM_2_S77,102316
6,A_E9_A2_AA_AA_mBHI_mGAM_4_S57,55,1413231,A_G5_C8_AA_AE_mGAM_mGAM_2_S77,102316
7,A_G1_C2_AA_AE_mBHI_mGAM_2_S73,54,712175,A_G5_C8_AA_AE_mGAM_mGAM_2_S77,102316
8,A_G5_C8_AA_AE_mGAM_mGAM_2_S77,0,1416857,A_G5_C8_AA_AE_mGAM_mGAM_2_S77,102316
9,A_G9_C2_AA_AE_mBHI_mGAM_4_S81,73,1411062,A_G5_C8_AA_AE_mGAM_mGAM_2_S77,102316
10,B_A5_E8_AA_AA_mGAM_mBHI_2_S101,41,1425704,A_G5_C8_AA_AE_mGAM_mGAM_2_S77,102316
11,B_A6_E9_ACPP_AA_mGAM_mBHI_2_S102,49,1117375,A_G5_C8_AA_AE_mGAM_mGAM_2_S77,102316
12,B_A7_E10_AE_AA_mGAM_mBHI_2_S103,48,1427518,A_G5_C8_AA_AE_mGAM_mGAM_2_S77,102316
13,B_A11_A10_AE_AA_mGAM_mBHI_4_S107,54,1383768,A_G5_C8_AA_AE_mGAM_mGAM_2_S77,102316
14,B_A12_A11_AF_AA_mGAM_mBHI_4_S108,61,1434911,A_G5_C8_AA_AE_mGAM_mGAM_2_S77,102316
15,B_C12_C11_AF_AE_mGAM_mBHI_4_S132,17142,1052319,A_G5_C8_AA_AE_mGAM_mGAM_2_S77,102316
16,B_D7_H10_AE_AF_mGAM_mBHI_2_S139,22715,1353892,A_G5_C8_AA_AE_mGAM_mGAM_2_S77,102316
17,B_D11_D10_AE_AF_mGAM_mBHI_4_S143,19861,1203283,A_G5_C8_AA_AE_mGAM_mGAM_2_S77,102316
18,B_E5_E8_AA_AA_mGAM_mGAM_2_S149,0,946657,A_G5_C8_AA_AE_mGAM_mGAM_2_S77,102316
19,B_E7_E10_AE_AA_mGAM_mGAM_2_S151,5,1444031,A_G5_C8_AA_AE_mGAM_mGAM_2_S77,102316
20,B_E8_E11_AF_AA_mGAM_mGAM_2_S152,18,849793,A_G5_C8_AA_AE_mGAM_mGAM_2_S77,102316
21,B_E11_A10_AE_AA_mGAM_mGAM_4_S155,26,1028220,A_G5_C8_AA_AE_mGAM_mGAM_2_S77,102316
22,B_G1_G2_AA_AE_mBHI_mGAM_2_S169,72,1033473,A_G5_C8_AA_AE_mGAM_mGAM_2_S77,102316
23,B_H5_H8_AA_AF_mGAM_mGAM_2_S185,11,1427983,A_G5_C8_AA_AE_mGAM_mGAM_2_S77,102316
24,C_C5_C8_AA_AE_mGAM_mBHI_6_S221,27,977407,A_G5_C8_AA_AE_mGAM_mGAM_2_S77,102316
25,C_C8_C11_AF_AE_mGAM_mBHI_6_S224,20159,1218207,A_G5_C8_AA_AE_mGAM_mGAM_2_S77,102316
26,C_D5_D8_AA_AF_mGAM_mBHI_6_S233,109,1127572,A_G5_C8_AA_AE_mGAM_mGAM_2_S77,102316
27,C_D7_D10_AE_AF_mGAM_mBHI_6_S235,23570,1404179,A_G5_C8_AA_AE_mGAM_mGAM_2_S77,102316
28,C_E5_A8_AA_AA_mGAM_mGAM_6_S245,7,1431755,A_G5_C8_AA_AE_mGAM_mGAM_2_S77,102316
29,C_E7_A10_AE_AA_mGAM_mGAM_6_S247,46,1413289,A_G5_C8_AA_AE_mGAM_mGAM_2_S77,102316
30,C_E9_E2_AA_AA_mBHI_mGAM_4_S249,57,1403356,A_G5_C8_AA_AE_mGAM_mGAM_2_S77,102316
31,C_E11_E4_AE_AA_mBHI_mGAM_4_S251,59,1422885,A_G5_C8_AA_AE_mGAM_mGAM_2_S77,102316
32,D_A6_A9_ACPP_AA_mGAM_mBHI_6_S294,33,1440130,A_G5_C8_AA_AE_mGAM_mGAM_2_S77,102316
33,D_A7_A10_AE_AA_mGAM_mBHI_6_S295,38,1433602,A_G5_C8_AA_AE_mGAM_mGAM_2_S77,102316
34,D_A8_A11_AF_AA_mGAM_mBHI_6_S296,61,1436671,A_G5_C8_AA_AE_mGAM_mGAM_2_S77,102316
35,D_A9_E8_AA_AA_mGAM_mBHI_4_S297,40,1437286,A_G5_C8_AA_AE_mGAM_mGAM_2_S77,102316
36,D_A12_E11_AF_AA_mGAM_mBHI_4_S300,62,1396823,A_G5_C8_AA_AE_mGAM_mGAM_2_S77,102316
37,D_C8_C11_AF_AE_mGAM_mBHI_6_S320,21365,1292174,A_G5_C8_AA_AE_mGAM_mGAM_2_S77,102316
38,D_C9_G8_AA_AE_mGAM_mBHI_4_S321,32,1110163,A_G5_C8_AA_AE_mGAM_mGAM_2_S77,102316
39,D_C12_G11_AF_AE_mGAM_mBHI_4_S324,22220,1330220,A_G5_C8_AA_AE_mGAM_mGAM_2_S77,102316
40,D_D7_D10_AE_AF_mGAM_mBHI_6_S331,22257,1338259,A_G5_C8_AA_AE_mGAM_mGAM_2_S77,102316
41,D_D11_H10_AE_AF_mGAM_mBHI_4_S335,21903,1308265,A_G5_C8_AA_AE_mGAM_mGAM_2_S77,102316
42,D_E1_A2_AA_AA_mBHI_mGAM_6_S337,72,1436963,A_G5_C8_AA_AE_mGAM_mGAM_2_S77,102316
43,D_E3_A4_AE_AA_mBHI_mGAM_6_S339,52,1417311,A_G5_C8_AA_AE_mGAM_mGAM_2_S77,102316
44,D_E6_A9_ACPP_AA_mGAM_mGAM_6_S342,25,1303681,A_G5_C8_AA_AE_mGAM_mGAM_2_S77,102316
45,D_E7_A10_AE_AA_mGAM_mGAM_6_S343,46,1343749,A_G5_C8_AA_AE_mGAM_mGAM_2_S77,102316
46,D_E9_E8_AA_AA_mGAM_mGAM_4_S345,7,1400809,A_G5_C8_AA_AE_mGAM_mGAM_2_S77,102316
47,D_E11_E10_AE_AA_mGAM_mGAM_4_S347,46,1397326,A_G5_C8_AA_AE_mGAM_mGAM_2_S77,102316
48,D_G1_C2_AA_AE_mBHI_mGAM_6_S361,26,712918,A_G5_C8_AA_AE_mGAM_mGAM_2_S77,102316
49,D_H5_D8_AA_AF_mGAM_mGAM_6_S377,4309,1125549,A_G5_C8_AA_AE_mGAM_mGAM_2_S77,102316
50,D10-e003Coalescence-mBHI-p3,11992,721454,A_G5_C8_AA_AE_mGAM_mGAM_2_S77,102316
51,C2-e003Coalescence-mGAM-p7,133,1453552,A_G5_C8_AA_AE_mGAM_mGAM_2_S77,102316
52,D10-e003Coalescence-mBHI-p5,11796,723373,A_G5_C8_AA_AE_mGAM_mGAM_2_S77,102316
53,D8-e003Coalescence-mBHI-p5,144,795854,A_G5_C8_AA_AE_mGAM_mGAM_2_S77,102316
54,A8-e003Coalescence-mBHI-p7,103,1437763,A_G5_C8_AA_AE_mGAM_mGAM_2_S77,102316
55,A10-e003Coalescence-mGAM-p3,55,960054,A_G5_C8_AA_AE_mGAM_mGAM_2_S77,102316
56,A8-e003Coalescence-mBHI-p5,61,1099058,A_G5_C8_AA_AE_mGAM_mGAM_2_S77,102316
57,A10-e003Coalescence-mBHI-p7,73,1171728,A_G5_C8_AA_AE_mGAM_mGAM_2_S77,102316
58,A2-e003Coalescence-mGAM-p5,90,1119246,A_G5_C8_AA_AE_mGAM_mGAM_2_S77,102316
59,C8-e003Coalescence-mBHI-p5,65,1251387,A_G5_C8_AA_AE_mGAM_mGAM_2_S77,102316
60,A11-e003Coalescence-mBHI-p3,99,1455400,A_G5_C8_AA_AE_mGAM_mGAM_2_S77,102316
61,E2-e003Coalescence-mGAM-p7_S145,30,960650,A_G5_C8_AA_AE_mGAM_mGAM_2_S77,102316
62,E8-e003Coalescence-mBHI-p5_S5,39,1129168,A_G5_C8_AA_AE_mGAM_mGAM_2_S77,102316
63,H111-e003Coalescence-mBHI-p3_S144,20531,1229895,A_G5_C8_AA_AE_mGAM_mGAM_2_S77,102316
64,E100-e003Coalescence-mGAM-p3_S155,40,1310955,A_G5_C8_AA_AE_mGAM_mGAM_2_S77,102316
65,E111-e003Coalescence-mBHI-p5_S8,75,719187,A_G5_C8_AA_AE_mGAM_mGAM_2_S77,102316
66,H100-e003Coalescence-mBHI-p5_S43,16985,1043416,A_G5_C8_AA_AE_mGAM_mGAM_2_S77,102316
67,H8-e003Coalescence-mBHI-p7_S137,74,1241668,A_G5_C8_AA_AE_mGAM_mGAM_2_S77,102316
68,G8-e003Coalescence-mGAM-p5_S77,12,1348310,A_G5_C8_AA_AE_mGAM_mGAM_2_S77,102316
69,H8-e003Coalescence-mBHI-p5_S41,70,797551,A_G5_C8_AA_AE_mGAM_mGAM_2_S77,102316
70,E100-e003Coalescence-mBHI-p5_S7,25,890217,A_G5_C8_AA_AE_mGAM_mGAM_2_S77,102316
71,E100-e003Coalescence-mGAM-p5_S55,22,809705,A_G5_C8_AA_AE_mGAM_mGAM_2_S77,102316
72,H111-e003Coalescence-mBHI-p5_S44,10770,674095,A_G5_C8_AA_AE_mGAM_mGAM_2_S77,102316
73,E2-e003Coalescence-mGAM-p3_S57,47,1046865,A_G5_C8_AA_AE_mGAM_mGAM_2_S77,102316
74,H100-e003Coalescence-mBHI-p7_S139,21157,1277434,A_G5_C8_AA_AE_mGAM_mGAM_2_S77,102316
75,G8-e003Coalescence-mBHI-p5_S29,20,748494,A_G5_C8_AA_AE_mGAM_mGAM_2_S77,102316
76,E8-e003Coalescence-mBHI-p3_S105,21,1300226,A_G5_C8_AA_AE_mGAM_mGAM_2_S77,102316
77,E8-e003Coalescence-mGAM-p7_S149,10,1417361,A_G5_C8_AA_AE_mGAM_mGAM_2_S77,102316
78,H8-e003Coalescence-mGAM-p7_S185,5335,983015,A_G5_C8_AA_AE_mGAM_mGAM_2_S77,102316
79,A2-e003Coalescence-Inoculumn-mGAM,28,766653,A_G5_C8_AA_AE_mGAM_mGAM_2_S77,102316
80,B8-e003Coalescence-mBHI-p1_S749,66,1268450,A_G5_C8_AA_AE_mGAM_mGAM_2_S77,102316
81,A8-e003Coalescence-mBHI-p1_S748,24,1289758,A_G5_C8_AA_AE_mGAM_mGAM_2_S77,102316
82,H8-e003Coalescence-mBHI-p1_S815,45,1218424,A_G5_C8_AA_AE_mGAM_mGAM_2_S77,102316
83,E8-e003Coalescence-mBHI-p1_S812,56,1401516,A_G5_C8_AA_AE_mGAM_mGAM_2_S77,102316
84,G8-e003Coalescence-mGAM-p1_S818,2,827892,A_G5_C8_AA_AE_mGAM_mGAM_2_S77,102316
85,D8-e003Coalescence-mGAM-p1_S755,21,701330,A_G5_C8_AA_AE_mGAM_mGAM_2_S77,102316
86,A9-e003Coalescence-mBHI-p1_S756,78,1437416,A_G5_C8_AA_AE_mGAM_mGAM_2_S77,102316
87,E11-e003Coalescence-mBHI-p1_S836,41,1451168,A_G5_C8_AA_AE_mGAM_mGAM_2_S77,102316
88,A10-e003Coalescence-mBHI-p1_S764,35,1193259,A_G5_C8_AA_AE_mGAM_mGAM_2_S77,102316
89,A11-e003Coalescence-mBHI-p1_S772,45,1248804,A_G5_C8_AA_AE_mGAM_mGAM_2_S77,102316
90,Coalescence-F2-E10-AA-AE-mGAM-mBHI-3_S681,39,1425787,A_G5_C8_AA_AE_mGAM_mGAM_2_S77,102316
91,Coalescence-E8-D11-AF-AF-mGAM-mBHI-3_S675,18637,1135698,A_G5_C8_AA_AE_mGAM_mGAM_2_S77,102316
92,Coalescence-F10-H8-AA-AF-mGAM-mGAM-3_S689,173,1095751,A_G5_C8_AA_AE_mGAM_mGAM_2_S77,102316
93,Coalescence-A10-C11-AE-AF-mGAM-mBHI-7_S629,11240,698926,A_G5_C8_AA_AE_mGAM_mGAM_2_S77,102316
94,C_E2_e003Assembly_S242,14,781119,A_G5_C8_AA_AE_mGAM_mGAM_2_S77,102316
0,A_A5_A8_AA_AA_mGAM_mBHI_2_S5,14,1417316,A_G9_C2_AA_AE_mBHI_mGAM_4_S81,102316
1,A_A8_A11_AF_AA_mGAM_mBHI_2_S8,8,1079879,A_G9_C2_AA_AE_mBHI_mGAM_4_S81,102316
2,A_C5_C8_AA_AE_mGAM_mBHI_2_S29,10,1427638,A_G9_C2_AA_AE_mBHI_mGAM_4_S81,102316
3,A_D5_D8_AA_AF_mGAM_mBHI_2_S41,24,966462,A_G9_C2_AA_AE_mBHI_mGAM_4_S81,102316
4,A_D8_D11_AF_AF_mGAM_mBHI_2_S44,18953,1169381,A_G9_C2_AA_AE_mBHI_mGAM_4_S81,102316
5,A_E5_A8_AA_AA_mGAM_mGAM_2_S53,40,1019189,A_G9_C2_AA_AE_mBHI_mGAM_4_S81,102316
6,A_E9_A2_AA_AA_mBHI_mGAM_4_S57,3,1413231,A_G9_C2_AA_AE_mBHI_mGAM_4_S81,102316
7,A_G1_C2_AA_AE_mBHI_mGAM_2_S73,3,712175,A_G9_C2_AA_AE_mBHI_mGAM_4_S81,102316
8,A_G5_C8_AA_AE_mGAM_mGAM_2_S77,73,1416857,A_G9_C2_AA_AE_mBHI_mGAM_4_S81,102316
9,A_G9_C2_AA_AE_mBHI_mGAM_4_S81,0,1411062,A_G9_C2_AA_AE_mBHI_mGAM_4_S81,102316
10,B_A5_E8_AA_AA_mGAM_mBHI_2_S101,11,1425704,A_G9_C2_AA_AE_mBHI_mGAM_4_S81,102316
11,B_A6_E9_ACPP_AA_mGAM_mBHI_2_S102,23,1117375,A_G9_C2_AA_AE_mBHI_mGAM_4_S81,102316
12,B_A7_E10_AE_AA_mGAM_mBHI_2_S103,5,1427518,A_G9_C2_AA_AE_mBHI_mGAM_4_S81,102316
13,B_A11_A10_AE_AA_mGAM_mBHI_4_S107,24,1383768,A_G9_C2_AA_AE_mBHI_mGAM_4_S81,102316
14,B_A12_A11_AF_AA_mGAM_mBHI_4_S108,13,1434911,A_G9_C2_AA_AE_mBHI_mGAM_4_S81,102316
15,B_C12_C11_AF_AE_mGAM_mBHI_4_S132,16934,1052319,A_G9_C2_AA_AE_mBHI_mGAM_4_S81,102316
16,B_D7_H10_AE_AF_mGAM_mBHI_2_S139,22356,1353892,A_G9_C2_AA_AE_mBHI_mGAM_4_S81,102316
17,B_D11_D10_AE_AF_mGAM_mBHI_4_S143,19546,1203283,A_G9_C2_AA_AE_mBHI_mGAM_4_S81,102316
18,B_E5_E8_AA_AA_mGAM_mGAM_2_S149,33,946657,A_G9_C2_AA_AE_mBHI_mGAM_4_S81,102316
19,B_E7_E10_AE_AA_mGAM_mGAM_2_S151,35,1444031,A_G9_C2_AA_AE_mBHI_mGAM_4_S81,102316
20,B_E8_E11_AF_AA_mGAM_mGAM_2_S152,30,849793,A_G9_C2_AA_AE_mBHI_mGAM_4_S81,102316
21,B_E11_A10_AE_AA_mGAM_mGAM_4_S155,10,1028220,A_G9_C2_AA_AE_mBHI_mGAM_4_S81,102316
22,B_G1_G2_AA_AE_mBHI_mGAM_2_S169,4,1033473,A_G9_C2_AA_AE_mBHI_mGAM_4_S81,102316
23,B_H5_H8_AA_AF_mGAM_mGAM_2_S185,26,1427983,A_G9_C2_AA_AE_mBHI_mGAM_4_S81,102316
24,C_C5_C8_AA_AE_mGAM_mBHI_6_S221,3,977407,A_G9_C2_AA_AE_mBHI_mGAM_4_S81,102316
25,C_C8_C11_AF_AE_mGAM_mBHI_6_S224,19885,1218207,A_G9_C2_AA_AE_mBHI_mGAM_4_S81,102316
26,C_D5_D8_AA_AF_mGAM_mBHI_6_S233,83,1127572,A_G9_C2_AA_AE_mBHI_mGAM_4_S81,102316
27,C_D7_D10_AE_AF_mGAM_mBHI_6_S235,23166,1404179,A_G9_C2_AA_AE_mBHI_mGAM_4_S81,102316
28,C_E5_A8_AA_AA_mGAM_mGAM_6_S245,60,1431755,A_G9_C2_AA_AE_mBHI_mGAM_4_S81,102316
29,C_E7_A10_AE_AA_mGAM_mGAM_6_S247,15,1413289,A_G9_C2_AA_AE_mBHI_mGAM_4_S81,102316
30,C_E9_E2_AA_AA_mBHI_mGAM_4_S249,0,1403356,A_G9_C2_AA_AE_mBHI_mGAM_4_S81,102316
31,C_E11_E4_AE_AA_mBHI_mGAM_4_S251,1,1422885,A_G9_C2_AA_AE_mBHI_mGAM_4_S81,102316
32,D_A6_A9_ACPP_AA_mGAM_mBHI_6_S294,5,1440130,A_G9_C2_AA_AE_mBHI_mGAM_4_S81,102316
33,D_A7_A10_AE_AA_mGAM_mBHI_6_S295,6,1433602,A_G9_C2_AA_AE_mBHI_mGAM_4_S81,102316
34,D_A8_A11_AF_AA_mGAM_mBHI_6_S296,13,1436671,A_G9_C2_AA_AE_mBHI_mGAM_4_S81,102316
35,D_A9_E8_AA_AA_mGAM_mBHI_4_S297,6,1437286,A_G9_C2_AA_AE_mBHI_mGAM_4_S81,102316
36,D_A12_E11_AF_AA_mGAM_mBHI_4_S300,12,1396823,A_G9_C2_AA_AE_mBHI_mGAM_4_S81,102316
37,D_C8_C11_AF_AE_mGAM_mBHI_6_S320,21048,1292174,A_G9_C2_AA_AE_mBHI_mGAM_4_S81,102316
38,D_C9_G8_AA_AE_mGAM_mBHI_4_S321,5,1110163,A_G9_C2_AA_AE_mBHI_mGAM_4_S81,102316
39,D_C12_G11_AF_AE_mGAM_mBHI_4_S324,21846,1330220,A_G9_C2_AA_AE_mBHI_mGAM_4_S81,102316
40,D_D7_D10_AE_AF_mGAM_mBHI_6_S331,21897,1338259,A_G9_C2_AA_AE_mBHI_mGAM_4_S81,102316
41,D_D11_H10_AE_AF_mGAM_mBHI_4_S335,21557,1308265,A_G9_C2_AA_AE_mBHI_mGAM_4_S81,102316
42,D_E1_A2_AA_AA_mBHI_mGAM_6_S337,1,1436963,A_G9_C2_AA_AE_mBHI_mGAM_4_S81,102316
43,D_E3_A4_AE_AA_mBHI_mGAM_6_S339,1,1417311,A_G9_C2_AA_AE_mBHI_mGAM_4_S81,102316
44,D_E6_A9_ACPP_AA_mGAM_mGAM_6_S342,22,1303681,A_G9_C2_AA_AE_mBHI_mGAM_4_S81,102316
45,D_E7_A10_AE_AA_mGAM_mGAM_6_S343,11,1343749,A_G9_C2_AA_AE_mBHI_mGAM_4_S81,102316
46,D_E9_E8_AA_AA_mGAM_mGAM_4_S345,74,1400809,A_G9_C2_AA_AE_mBHI_mGAM_4_S81,102316
47,D_E11_E10_AE_AA_mGAM_mGAM_4_S347,7,1397326,A_G9_C2_AA_AE_mBHI_mGAM_4_S81,102316
48,D_G1_C2_AA_AE_mBHI_mGAM_6_S361,0,712918,A_G9_C2_AA_AE_mBHI_mGAM_4_S81,102316
49,D_H5_D8_AA_AF_mGAM_mGAM_6_S377,4131,1125549,A_G9_C2_AA_AE_mBHI_mGAM_4_S81,102316
50,D10-e003Coalescence-mBHI-p3,11848,721454,A_G9_C2_AA_AE_mBHI_mGAM_4_S81,102316
51,C2-e003Coalescence-mGAM-p7,65,1453552,A_G9_C2_AA_AE_mBHI_mGAM_4_S81,102316
52,D10-e003Coalescence-mBHI-p5,11665,723373,A_G9_C2_AA_AE_mBHI_mGAM_4_S81,102316
53,D8-e003Coalescence-mBHI-p5,105,795854,A_G9_C2_AA_AE_mBHI_mGAM_4_S81,102316
54,A8-e003Coalescence-mBHI-p7,70,1437763,A_G9_C2_AA_AE_mBHI_mGAM_4_S81,102316
55,A10-e003Coalescence-mGAM-p3,50,960054,A_G9_C2_AA_AE_mBHI_mGAM_4_S81,102316
56,A8-e003Coalescence-mBHI-p5,35,1099058,A_G9_C2_AA_AE_mBHI_mGAM_4_S81,102316
57,A10-e003Coalescence-mBHI-p7,52,1171728,A_G9_C2_AA_AE_mBHI_mGAM_4_S81,102316
58,A2-e003Coalescence-mGAM-p5,40,1119246,A_G9_C2_AA_AE_mBHI_mGAM_4_S81,102316
59,C8-e003Coalescence-mBHI-p5,52,1251387,A_G9_C2_AA_AE_mBHI_mGAM_4_S81,102316
60,A11-e003Coalescence-mBHI-p3,74,1455400,A_G9_C2_AA_AE_mBHI_mGAM_4_S81,102316
61,E2-e003Coalescence-mGAM-p7_S145,3,960650,A_G9_C2_AA_AE_mBHI_mGAM_4_S81,102316
62,E8-e003Coalescence-mBHI-p5_S5,10,1129168,A_G9_C2_AA_AE_mBHI_mGAM_4_S81,102316
63,H111-e003Coalescence-mBHI-p3_S144,20204,1229895,A_G9_C2_AA_AE_mBHI_mGAM_4_S81,102316
64,E100-e003Coalescence-mGAM-p3_S155,9,1310955,A_G9_C2_AA_AE_mBHI_mGAM_4_S81,102316
65,E111-e003Coalescence-mBHI-p5_S8,42,719187,A_G9_C2_AA_AE_mBHI_mGAM_4_S81,102316
66,H100-e003Coalescence-mBHI-p5_S43,16655,1043416,A_G9_C2_AA_AE_mBHI_mGAM_4_S81,102316
67,H8-e003Coalescence-mBHI-p7_S137,28,1241668,A_G9_C2_AA_AE_mBHI_mGAM_4_S81,102316
68,G8-e003Coalescence-mGAM-p5_S77,47,1348310,A_G9_C2_AA_AE_mBHI_mGAM_4_S81,102316
69,H8-e003Coalescence-mBHI-p5_S41,19,797551,A_G9_C2_AA_AE_mBHI_mGAM_4_S81,102316
70,E100-e003Coalescence-mBHI-p5_S7,0,890217,A_G9_C2_AA_AE_mBHI_mGAM_4_S81,102316
71,E100-e003Coalescence-mGAM-p5_S55,7,809705,A_G9_C2_AA_AE_mBHI_mGAM_4_S81,102316
72,H111-e003Coalescence-mBHI-p5_S44,10579,674095,A_G9_C2_AA_AE_mBHI_mGAM_4_S81,102316
73,E2-e003Coalescence-mGAM-p3_S57,0,1046865,A_G9_C2_AA_AE_mBHI_mGAM_4_S81,102316
74,H100-e003Coalescence-mBHI-p7_S139,20781,1277434,A_G9_C2_AA_AE_mBHI_mGAM_4_S81,102316
75,G8-e003Coalescence-mBHI-p5_S29,7,748494,A_G9_C2_AA_AE_mBHI_mGAM_4_S81,102316
76,E8-e003Coalescence-mBHI-p3_S105,5,1300226,A_G9_C2_AA_AE_mBHI_mGAM_4_S81,102316
77,E8-e003Coalescence-mGAM-p7_S149,77,1417361,A_G9_C2_AA_AE_mBHI_mGAM_4_S81,102316
78,H8-e003Coalescence-mGAM-p7_S185,5153,983015,A_G9_C2_AA_AE_mBHI_mGAM_4_S81,102316
79,A2-e003Coalescence-Inoculumn-mGAM,74,766653,A_G9_C2_AA_AE_mBHI_mGAM_4_S81,102316
80,B8-e003Coalescence-mBHI-p1_S749,70,1268450,A_G9_C2_AA_AE_mBHI_mGAM_4_S81,102316
81,A8-e003Coalescence-mBHI-p1_S748,6,1289758,A_G9_C2_AA_AE_mBHI_mGAM_4_S81,102316
82,H8-e003Coalescence-mBHI-p1_S815,37,1218424,A_G9_C2_AA_AE_mBHI_mGAM_4_S81,102316
83,E8-e003Coalescence-mBHI-p1_S812,12,1401516,A_G9_C2_AA_AE_mBHI_mGAM_4_S81,102316
84,G8-e003Coalescence-mGAM-p1_S818,25,827892,A_G9_C2_AA_AE_mBHI_mGAM_4_S81,102316
85,D8-e003Coalescence-mGAM-p1_S755,44,701330,A_G9_C2_AA_AE_mBHI_mGAM_4_S81,102316
86,A9-e003Coalescence-mBHI-p1_S756,70,1437416,A_G9_C2_AA_AE_mBHI_mGAM_4_S81,102316
87,E11-e003Coalescence-mBHI-p1_S836,20,1451168,A_G9_C2_AA_AE_mBHI_mGAM_4_S81,102316
88,A10-e003Coalescence-mBHI-p1_S764,1,1193259,A_G9_C2_AA_AE_mBHI_mGAM_4_S81,102316
89,A11-e003Coalescence-mBHI-p1_S772,45,1248804,A_G9_C2_AA_AE_mBHI_mGAM_4_S81,102316
90,Coalescence-F2-E10-AA-AE-mGAM-mBHI-3_S681,8,1425787,A_G9_C2_AA_AE_mBHI_mGAM_4_S81,102316
91,Coalescence-E8-D11-AF-AF-mGAM-mBHI-3_S675,18403,1135698,A_G9_C2_AA_AE_mBHI_mGAM_4_S81,102316
92,Coalescence-F10-H8-AA-AF-mGAM-mGAM-3_S689,136,1095751,A_G9_C2_AA_AE_mBHI_mGAM_4_S81,102316
93,Coalescence-A10-C11-AE-AF-mGAM-mBHI-7_S629,11081,698926,A_G9_C2_AA_AE_mBHI_mGAM_4_S81,102316
94,C_E2_e003Assembly_S242,46,781119,A_G9_C2_AA_AE_mBHI_mGAM_4_S81,102316
0,A_A5_A8_AA_AA_mGAM_mBHI_2_S5,1,1417316,B_A5_E8_AA_AA_mGAM_mBHI_2_S101,102316
1,A_A8_A11_AF_AA_mGAM_mBHI_2_S8,5,1079879,B_A5_E8_AA_AA_mGAM_mBHI_2_S101,102316
2,A_C5_C8_AA_AE_mGAM_mBHI_2_S29,0,1427638,B_A5_E8_AA_AA_mGAM_mBHI_2_S101,102316
3,A_D5_D8_AA_AF_mGAM_mBHI_2_S41,24,966462,B_A5_E8_AA_AA_mGAM_mBHI_2_S101,102316
4,A_D8_D11_AF_AF_mGAM_mBHI_2_S44,19392,1169381,B_A5_E8_AA_AA_mGAM_mBHI_2_S101,102316
5,A_E5_A8_AA_AA_mGAM_mGAM_2_S53,37,1019189,B_A5_E8_AA_AA_mGAM_mBHI_2_S101,102316
6,A_E9_A2_AA_AA_mBHI_mGAM_4_S57,1,1413231,B_A5_E8_AA_AA_mGAM_mBHI_2_S101,102316
7,A_G1_C2_AA_AE_mBHI_mGAM_2_S73,19,712175,B_A5_E8_AA_AA_mGAM_mBHI_2_S101,102316
8,A_G5_C8_AA_AE_mGAM_mGAM_2_S77,41,1416857,B_A5_E8_AA_AA_mGAM_mBHI_2_S101,102316
9,A_G9_C2_AA_AE_mBHI_mGAM_4_S81,11,1411062,B_A5_E8_AA_AA_mGAM_mBHI_2_S101,102316
10,B_A5_E8_AA_AA_mGAM_mBHI_2_S101,0,1425704,B_A5_E8_AA_AA_mGAM_mBHI_2_S101,102316
11,B_A6_E9_ACPP_AA_mGAM_mBHI_2_S102,7,1117375,B_A5_E8_AA_AA_mGAM_mBHI_2_S101,102316
12,B_A7_E10_AE_AA_mGAM_mBHI_2_S103,0,1427518,B_A5_E8_AA_AA_mGAM_mBHI_2_S101,102316
13,B_A11_A10_AE_AA_mGAM_mBHI_4_S107,0,1383768,B_A5_E8_AA_AA_mGAM_mBHI_2_S101,102316
14,B_A12_A11_AF_AA_mGAM_mBHI_4_S108,2,1434911,B_A5_E8_AA_AA_mGAM_mBHI_2_S101,102316
15,B_C12_C11_AF_AE_mGAM_mBHI_4_S132,17346,1052319,B_A5_E8_AA_AA_mGAM_mBHI_2_S101,102316
16,B_D7_H10_AE_AF_mGAM_mBHI_2_S139,22902,1353892,B_A5_E8_AA_AA_mGAM_mBHI_2_S101,102316
17,B_D11_D10_AE_AF_mGAM_mBHI_4_S143,20097,1203283,B_A5_E8_AA_AA_mGAM_mBHI_2_S101,102316
18,B_E5_E8_AA_AA_mGAM_mGAM_2_S149,36,946657,B_A5_E8_AA_AA_mGAM_mBHI_2_S101,102316
19,B_E7_E10_AE_AA_mGAM_mGAM_2_S151,8,1444031,B_A5_E8_AA_AA_mGAM_mBHI_2_S101,102316
20,B_E8_E11_AF_AA_mGAM_mGAM_2_S152,14,849793,B_A5_E8_AA_AA_mGAM_mBHI_2_S101,102316
21,B_E11_A10_AE_AA_mGAM_mGAM_4_S155,3,1028220,B_A5_E8_AA_AA_mGAM_mBHI_2_S101,102316
22,B_G1_G2_AA_AE_mBHI_mGAM_2_S169,22,1033473,B_A5_E8_AA_AA_mGAM_mBHI_2_S101,102316
23,B_H5_H8_AA_AF_mGAM_mGAM_2_S185,7,1427983,B_A5_E8_AA_AA_mGAM_mBHI_2_S101,102316
24,C_C5_C8_AA_AE_mGAM_mBHI_6_S221,0,977407,B_A5_E8_AA_AA_mGAM_mBHI_2_S101,102316
25,C_C8_C11_AF_AE_mGAM_mBHI_6_S224,20357,1218207,B_A5_E8_AA_AA_mGAM_mBHI_2_S101,102316
26,C_D5_D8_AA_AF_mGAM_mBHI_6_S233,97,1127572,B_A5_E8_AA_AA_mGAM_mBHI_2_S101,102316
27,C_D7_D10_AE_AF_mGAM_mBHI_6_S235,23792,1404179,B_A5_E8_AA_AA_mGAM_mBHI_2_S101,102316
28,C_E5_A8_AA_AA_mGAM_mGAM_6_S245,34,1431755,B_A5_E8_AA_AA_mGAM_mBHI_2_S101,102316
29,C_E7_A10_AE_AA_mGAM_mGAM_6_S247,0,1413289,B_A5_E8_AA_AA_mGAM_mBHI_2_S101,102316
30,C_E9_E2_AA_AA_mBHI_mGAM_4_S249,3,1403356,B_A5_E8_AA_AA_mGAM_mBHI_2_S101,102316
31,C_E11_E4_AE_AA_mBHI_mGAM_4_S251,0,1422885,B_A5_E8_AA_AA_mGAM_mBHI_2_S101,102316
32,D_A6_A9_ACPP_AA_mGAM_mBHI_6_S294,0,1440130,B_A5_E8_AA_AA_mGAM_mBHI_2_S101,102316
33,D_A7_A10_AE_AA_mGAM_mBHI_6_S295,0,1433602,B_A5_E8_AA_AA_mGAM_mBHI_2_S101,102316
34,D_A8_A11_AF_AA_mGAM_mBHI_6_S296,3,1436671,B_A5_E8_AA_AA_mGAM_mBHI_2_S101,102316
35,D_A9_E8_AA_AA_mGAM_mBHI_4_S297,0,1437286,B_A5_E8_AA_AA_mGAM_mBHI_2_S101,102316
36,D_A12_E11_AF_AA_mGAM_mBHI_4_S300,6,1396823,B_A5_E8_AA_AA_mGAM_mBHI_2_S101,102316
37,D_C8_C11_AF_AE_mGAM_mBHI_6_S320,21574,1292174,B_A5_E8_AA_AA_mGAM_mBHI_2_S101,102316
38,D_C9_G8_AA_AE_mGAM_mBHI_4_S321,0,1110163,B_A5_E8_AA_AA_mGAM_mBHI_2_S101,102316
39,D_C12_G11_AF_AE_mGAM_mBHI_4_S324,22433,1330220,B_A5_E8_AA_AA_mGAM_mBHI_2_S101,102316
40,D_D7_D10_AE_AF_mGAM_mBHI_6_S331,22507,1338259,B_A5_E8_AA_AA_mGAM_mBHI_2_S101,102316
41,D_D11_H10_AE_AF_mGAM_mBHI_4_S335,22125,1308265,B_A5_E8_AA_AA_mGAM_mBHI_2_S101,102316
42,D_E1_A2_AA_AA_mBHI_mGAM_6_S337,2,1436963,B_A5_E8_AA_AA_mGAM_mBHI_2_S101,102316
43,D_E3_A4_AE_AA_mBHI_mGAM_6_S339,1,1417311,B_A5_E8_AA_AA_mGAM_mBHI_2_S101,102316
44,D_E6_A9_ACPP_AA_mGAM_mGAM_6_S342,10,1303681,B_A5_E8_AA_AA_mGAM_mBHI_2_S101,102316
45,D_E7_A10_AE_AA_mGAM_mGAM_6_S343,0,1343749,B_A5_E8_AA_AA_mGAM_mBHI_2_S101,102316
46,D_E9_E8_AA_AA_mGAM_mGAM_4_S345,42,1400809,B_A5_E8_AA_AA_mGAM_mBHI_2_S101,102316
47,D_E11_E10_AE_AA_mGAM_mGAM_4_S347,2,1397326,B_A5_E8_AA_AA_mGAM_mBHI_2_S101,102316
48,D_G1_C2_AA_AE_mBHI_mGAM_6_S361,5,712918,B_A5_E8_AA_AA_mGAM_mBHI_2_S101,102316
49,D_H5_D8_AA_AF_mGAM_mGAM_6_S377,4277,1125549,B_A5_E8_AA_AA_mGAM_mBHI_2_S101,102316
50,D10-e003Coalescence-mBHI-p3,12115,721454,B_A5_E8_AA_AA_mGAM_mBHI_2_S101,102316
51,C2-e003Coalescence-mGAM-p7,77,1453552,B_A5_E8_AA_AA_mGAM_mBHI_2_S101,102316
52,D10-e003Coalescence-mBHI-p5,11897,723373,B_A5_E8_AA_AA_mGAM_mBHI_2_S101,102316
53,D8-e003Coalescence-mBHI-p5,117,795854,B_A5_E8_AA_AA_mGAM_mBHI_2_S101,102316
54,A8-e003Coalescence-mBHI-p7,77,1437763,B_A5_E8_AA_AA_mGAM_mBHI_2_S101,102316
55,A10-e003Coalescence-mGAM-p3,44,960054,B_A5_E8_AA_AA_mGAM_mBHI_2_S101,102316
56,A8-e003Coalescence-mBHI-p5,36,1099058,B_A5_E8_AA_AA_mGAM_mBHI_2_S101,102316
57,A10-e003Coalescence-mBHI-p7,59,1171728,B_A5_E8_AA_AA_mGAM_mBHI_2_S101,102316
58,A2-e003Coalescence-mGAM-p5,54,1119246,B_A5_E8_AA_AA_mGAM_mBHI_2_S101,102316
59,C8-e003Coalescence-mBHI-p5,43,1251387,B_A5_E8_AA_AA_mGAM_mBHI_2_S101,102316
60,A11-e003Coalescence-mBHI-p3,77,1455400,B_A5_E8_AA_AA_mGAM_mBHI_2_S101,102316
61,E2-e003Coalescence-mGAM-p7_S145,3,960650,B_A5_E8_AA_AA_mGAM_mBHI_2_S101,102316
62,E8-e003Coalescence-mBHI-p5_S5,0,1129168,B_A5_E8_AA_AA_mGAM_mBHI_2_S101,102316
63,H111-e003Coalescence-mBHI-p3_S144,20737,1229895,B_A5_E8_AA_AA_mGAM_mBHI_2_S101,102316
64,E100-e003Coalescence-mGAM-p3_S155,1,1310955,B_A5_E8_AA_AA_mGAM_mBHI_2_S101,102316
65,E111-e003Coalescence-mBHI-p5_S8,58,719187,B_A5_E8_AA_AA_mGAM_mBHI_2_S101,102316
66,H100-e003Coalescence-mBHI-p5_S43,17079,1043416,B_A5_E8_AA_AA_mGAM_mBHI_2_S101,102316
67,H8-e003Coalescence-mBHI-p7_S137,19,1241668,B_A5_E8_AA_AA_mGAM_mBHI_2_S101,102316
68,G8-e003Coalescence-mGAM-p5_S77,2,1348310,B_A5_E8_AA_AA_mGAM_mBHI_2_S101,102316
69,H8-e003Coalescence-mBHI-p5_S41,11,797551,B_A5_E8_AA_AA_mGAM_mBHI_2_S101,102316
70,E100-e003Coalescence-mBHI-p5_S7,0,890217,B_A5_E8_AA_AA_mGAM_mBHI_2_S101,102316
71,E100-e003Coalescence-mGAM-p5_S55,3,809705,B_A5_E8_AA_AA_mGAM_mBHI_2_S101,102316
72,H111-e003Coalescence-mBHI-p5_S44,10858,674095,B_A5_E8_AA_AA_mGAM_mBHI_2_S101,102316
73,E2-e003Coalescence-mGAM-p3_S57,4,1046865,B_A5_E8_AA_AA_mGAM_mBHI_2_S101,102316
74,H100-e003Coalescence-mBHI-p7_S139,21332,1277434,B_A5_E8_AA_AA_mGAM_mBHI_2_S101,102316
75,G8-e003Coalescence-mBHI-p5_S29,0,748494,B_A5_E8_AA_AA_mGAM_mBHI_2_S101,102316
76,E8-e003Coalescence-mBHI-p3_S105,2,1300226,B_A5_E8_AA_AA_mGAM_mBHI_2_S101,102316
77,E8-e003Coalescence-mGAM-p7_S149,45,1417361,B_A5_E8_AA_AA_mGAM_mBHI_2_S101,102316
78,H8-e003Coalescence-mGAM-p7_S185,5304,983015,B_A5_E8_AA_AA_mGAM_mBHI_2_S101,102316
79,A2-e003Coalescence-Inoculumn-mGAM,79,766653,B_A5_E8_AA_AA_mGAM_mBHI_2_S101,102316
80,B8-e003Coalescence-mBHI-p1_S749,48,1268450,B_A5_E8_AA_AA_mGAM_mBHI_2_S101,102316
81,A8-e003Coalescence-mBHI-p1_S748,0,1289758,B_A5_E8_AA_AA_mGAM_mBHI_2_S101,102316
82,H8-e003Coalescence-mBHI-p1_S815,14,1218424,B_A5_E8_AA_AA_mGAM_mBHI_2_S101,102316
83,E8-e003Coalescence-mBHI-p1_S812,0,1401516,B_A5_E8_AA_AA_mGAM_mBHI_2_S101,102316
84,G8-e003Coalescence-mGAM-p1_S818,27,827892,B_A5_E8_AA_AA_mGAM_mBHI_2_S101,102316
85,D8-e003Coalescence-mGAM-p1_S755,17,701330,B_A5_E8_AA_AA_mGAM_mBHI_2_S101,102316
86,A9-e003Coalescence-mBHI-p1_S756,45,1437416,B_A5_E8_AA_AA_mGAM_mBHI_2_S101,102316
87,E11-e003Coalescence-mBHI-p1_S836,1,1451168,B_A5_E8_AA_AA_mGAM_mBHI_2_S101,102316
88,A10-e003Coalescence-mBHI-p1_S764,0,1193259,B_A5_E8_AA_AA_mGAM_mBHI_2_S101,102316
89,A11-e003Coalescence-mBHI-p1_S772,8,1248804,B_A5_E8_AA_AA_mGAM_mBHI_2_S101,102316
90,Coalescence-F2-E10-AA-AE-mGAM-mBHI-3_S681,0,1425787,B_A5_E8_AA_AA_mGAM_mBHI_2_S101,102316
91,Coalescence-E8-D11-AF-AF-mGAM-mBHI-3_S675,18836,1135698,B_A5_E8_AA_AA_mGAM_mBHI_2_S101,102316
92,Coalescence-F10-H8-AA-AF-mGAM-mGAM-3_S689,125,1095751,B_A5_E8_AA_AA_mGAM_mBHI_2_S101,102316
93,Coalescence-A10-C11-AE-AF-mGAM-mBHI-7_S629,11328,698926,B_A5_E8_AA_AA_mGAM_mBHI_2_S101,102316
94,C_E2_e003Assembly_S242,24,781119,B_A5_E8_AA_AA_mGAM_mBHI_2_S101,102316
0,A_A5_A8_AA_AA_mGAM_mBHI_2_S5,10,1417316,B_A6_E9_ACPP_AA_mGAM_mBHI_2_S102,102316
1,A_A8_A11_AF_AA_mGAM_mBHI_2_S8,32,1079879,B_A6_E9_ACPP_AA_mGAM_mBHI_2_S102,102316
2,A_C5_C8_AA_AE_mGAM_mBHI_2_S29,7,1427638,B_A6_E9_ACPP_AA_mGAM_mBHI_2_S102,102316
3,A_D5_D8_AA_AF_mGAM_mBHI_2_S41,35,966462,B_A6_E9_ACPP_AA_mGAM_mBHI_2_S102,102316
4,A_D8_D11_AF_AF_mGAM_mBHI_2_S44,15155,1169381,B_A6_E9_ACPP_AA_mGAM_mBHI_2_S102,102316
5,A_E5_A8_AA_AA_mGAM_mGAM_2_S53,37,1019189,B_A6_E9_ACPP_AA_mGAM_mBHI_2_S102,102316
6,A_E9_A2_AA_AA_mBHI_mGAM_4_S57,18,1413231,B_A6_E9_ACPP_AA_mGAM_mBHI_2_S102,102316
7,A_G1_C2_AA_AE_mBHI_mGAM_2_S73,28,712175,B_A6_E9_ACPP_AA_mGAM_mBHI_2_S102,102316
8,A_G5_C8_AA_AE_mGAM_mGAM_2_S77,49,1416857,B_A6_E9_ACPP_AA_mGAM_mBHI_2_S102,102316
9,A_G9_C2_AA_AE_mBHI_mGAM_4_S81,23,1411062,B_A6_E9_ACPP_AA_mGAM_mBHI_2_S102,102316
10,B_A5_E8_AA_AA_mGAM_mBHI_2_S101,7,1425704,B_A6_E9_ACPP_AA_mGAM_mBHI_2_S102,102316
11,B_A6_E9_ACPP_AA_mGAM_mBHI_2_S102,0,1117375,B_A6_E9_ACPP_AA_mGAM_mBHI_2_S102,102316
12,B_A7_E10_AE_AA_mGAM_mBHI_2_S103,11,1427518,B_A6_E9_ACPP_AA_mGAM_mBHI_2_S102,102316
13,B_A11_A10_AE_AA_mGAM_mBHI_4_S107,27,1383768,B_A6_E9_ACPP_AA_mGAM_mBHI_2_S102,102316
14,B_A12_A11_AF_AA_mGAM_mBHI_4_S108,23,1434911,B_A6_E9_ACPP_AA_mGAM_mBHI_2_S102,102316
15,B_C12_C11_AF_AE_mGAM_mBHI_4_S132,13437,1052319,B_A6_E9_ACPP_AA_mGAM_mBHI_2_S102,102316
16,B_D7_H10_AE_AF_mGAM_mBHI_2_S139,17607,1353892,B_A6_E9_ACPP_AA_mGAM_mBHI_2_S102,102316
17,B_D11_D10_AE_AF_mGAM_mBHI_4_S143,15500,1203283,B_A6_E9_ACPP_AA_mGAM_mBHI_2_S102,102316
18,B_E5_E8_AA_AA_mGAM_mGAM_2_S149,18,946657,B_A6_E9_ACPP_AA_mGAM_mBHI_2_S102,102316
19,B_E7_E10_AE_AA_mGAM_mGAM_2_S151,26,1444031,B_A6_E9_ACPP_AA_mGAM_mBHI_2_S102,102316
20,B_E8_E11_AF_AA_mGAM_mGAM_2_S152,34,849793,B_A6_E9_ACPP_AA_mGAM_mBHI_2_S102,102316
21,B_E11_A10_AE_AA_mGAM_mGAM_4_S155,8,1028220,B_A6_E9_ACPP_AA_mGAM_mBHI_2_S102,102316
22,B_G1_G2_AA_AE_mBHI_mGAM_2_S169,38,1033473,B_A6_E9_ACPP_AA_mGAM_mBHI_2_S102,102316
23,B_H5_H8_AA_AF_mGAM_mGAM_2_S185,41,1427983,B_A6_E9_ACPP_AA_mGAM_mBHI_2_S102,102316
24,C_C5_C8_AA_AE_mGAM_mBHI_6_S221,10,977407,B_A6_E9_ACPP_AA_mGAM_mBHI_2_S102,102316
25,C_C8_C11_AF_AE_mGAM_mBHI_6_S224,15738,1218207,B_A6_E9_ACPP_AA_mGAM_mBHI_2_S102,102316
26,C_D5_D8_AA_AF_mGAM_mBHI_6_S233,78,1127572,B_A6_E9_ACPP_AA_mGAM_mBHI_2_S102,102316
27,C_D7_D10_AE_AF_mGAM_mBHI_6_S235,18319,1404179,B_A6_E9_ACPP_AA_mGAM_mBHI_2_S102,102316
28,C_E5_A8_AA_AA_mGAM_mGAM_6_S245,37,1431755,B_A6_E9_ACPP_AA_mGAM_mBHI_2_S102,102316
29,C_E7_A10_AE_AA_mGAM_mGAM_6_S247,8,1413289,B_A6_E9_ACPP_AA_mGAM_mBHI_2_S102,102316
30,C_E9_E2_AA_AA_mBHI_mGAM_4_S249,19,1403356,B_A6_E9_ACPP_AA_mGAM_mBHI_2_S102,102316
31,C_E11_E4_AE_AA_mBHI_mGAM_4_S251,22,1422885,B_A6_E9_ACPP_AA_mGAM_mBHI_2_S102,102316
32,D_A6_A9_ACPP_AA_mGAM_mBHI_6_S294,8,1440130,B_A6_E9_ACPP_AA_mGAM_mBHI_2_S102,102316
33,D_A7_A10_AE_AA_mGAM_mBHI_6_S295,12,1433602,B_A6_E9_ACPP_AA_mGAM_mBHI_2_S102,102316
34,D_A8_A11_AF_AA_mGAM_mBHI_6_S296,23,1436671,B_A6_E9_ACPP_AA_mGAM_mBHI_2_S102,102316
35,D_A9_E8_AA_AA_mGAM_mBHI_4_S297,13,1437286,B_A6_E9_ACPP_AA_mGAM_mBHI_2_S102,102316
36,D_A12_E11_AF_AA_mGAM_mBHI_4_S300,24,1396823,B_A6_E9_ACPP_AA_mGAM_mBHI_2_S102,102316
37,D_C8_C11_AF_AE_mGAM_mBHI_6_S320,16699,1292174,B_A6_E9_ACPP_AA_mGAM_mBHI_2_S102,102316
38,D_C9_G8_AA_AE_mGAM_mBHI_4_S321,15,1110163,B_A6_E9_ACPP_AA_mGAM_mBHI_2_S102,102316
39,D_C12_G11_AF_AE_mGAM_mBHI_4_S324,17334,1330220,B_A6_E9_ACPP_AA_mGAM_mBHI_2_S102,102316
40,D_D7_D10_AE_AF_mGAM_mBHI_6_S331,17361,1338259,B_A6_E9_ACPP_AA_mGAM_mBHI_2_S102,102316
41,D_D11_H10_AE_AF_mGAM_mBHI_4_S335,17070,1308265,B_A6_E9_ACPP_AA_mGAM_mBHI_2_S102,102316
42,D_E1_A2_AA_AA_mBHI_mGAM_6_S337,16,1436963,B_A6_E9_ACPP_AA_mGAM_mBHI_2_S102,102316
43,D_E3_A4_AE_AA_mBHI_mGAM_6_S339,23,1417311,B_A6_E9_ACPP_AA_mGAM_mBHI_2_S102,102316
44,D_E6_A9_ACPP_AA_mGAM_mGAM_6_S342,16,1303681,B_A6_E9_ACPP_AA_mGAM_mBHI_2_S102,102316
45,D_E7_A10_AE_AA_mGAM_mGAM_6_S343,8,1343749,B_A6_E9_ACPP_AA_mGAM_mBHI_2_S102,102316
46,D_E9_E8_AA_AA_mGAM_mGAM_4_S345,68,1400809,B_A6_E9_ACPP_AA_mGAM_mBHI_2_S102,102316
47,D_E11_E10_AE_AA_mGAM_mGAM_4_S347,12,1397326,B_A6_E9_ACPP_AA_mGAM_mBHI_2_S102,102316
48,D_G1_C2_AA_AE_mBHI_mGAM_6_S361,23,712918,B_A6_E9_ACPP_AA_mGAM_mBHI_2_S102,102316
49,D_H5_D8_AA_AF_mGAM_mGAM_6_S377,3228,1125549,B_A6_E9_ACPP_AA_mGAM_mBHI_2_S102,102316
50,D10-e003Coalescence-mBHI-p3,9398,721454,B_A6_E9_ACPP_AA_mGAM_mBHI_2_S102,102316
51,C2-e003Coalescence-mGAM-p7,69,1453552,B_A6_E9_ACPP_AA_mGAM_mBHI_2_S102,102316
52,D10-e003Coalescence-mBHI-p5,9329,723373,B_A6_E9_ACPP_AA_mGAM_mBHI_2_S102,102316
53,D8-e003Coalescence-mBHI-p5,100,795854,B_A6_E9_ACPP_AA_mGAM_mBHI_2_S102,102316
54,A8-e003Coalescence-mBHI-p7,48,1437763,B_A6_E9_ACPP_AA_mGAM_mBHI_2_S102,102316
55,A10-e003Coalescence-mGAM-p3,37,960054,B_A6_E9_ACPP_AA_mGAM_mBHI_2_S102,102316
56,A8-e003Coalescence-mBHI-p5,30,1099058,B_A6_E9_ACPP_AA_mGAM_mBHI_2_S102,102316
57,A10-e003Coalescence-mBHI-p7,46,1171728,B_A6_E9_ACPP_AA_mGAM_mBHI_2_S102,102316
58,A2-e003Coalescence-mGAM-p5,48,1119246,B_A6_E9_ACPP_AA_mGAM_mBHI_2_S102,102316
59,C8-e003Coalescence-mBHI-p5,38,1251387,B_A6_E9_ACPP_AA_mGAM_mBHI_2_S102,102316
60,A11-e003Coalescence-mBHI-p3,75,1455400,B_A6_E9_ACPP_AA_mGAM_mBHI_2_S102,102316
61,E2-e003Coalescence-mGAM-p7_S145,6,960650,B_A6_E9_ACPP_AA_mGAM_mBHI_2_S102,102316
62,E8-e003Coalescence-mBHI-p5_S5,9,1129168,B_A6_E9_ACPP_AA_mGAM_mBHI_2_S102,102316
63,H111-e003Coalescence-mBHI-p3_S144,16079,1229895,B_A6_E9_ACPP_AA_mGAM_mBHI_2_S102,102316
64,E100-e003Coalescence-mGAM-p3_S155,18,1310955,B_A6_E9_ACPP_AA_mGAM_mBHI_2_S102,102316
65,E111-e003Coalescence-mBHI-p5_S8,35,719187,B_A6_E9_ACPP_AA_mGAM_mBHI_2_S102,102316
66,H100-e003Coalescence-mBHI-p5_S43,13167,1043416,B_A6_E9_ACPP_AA_mGAM_mBHI_2_S102,102316
67,H8-e003Coalescence-mBHI-p7_S137,28,1241668,B_A6_E9_ACPP_AA_mGAM_mBHI_2_S102,102316
68,G8-e003Coalescence-mGAM-p5_S77,38,1348310,B_A6_E9_ACPP_AA_mGAM_mBHI_2_S102,102316
69,H8-e003Coalescence-mBHI-p5_S41,21,797551,B_A6_E9_ACPP_AA_mGAM_mBHI_2_S102,102316
70,E100-e003Coalescence-mBHI-p5_S7,8,890217,B_A6_E9_ACPP_AA_mGAM_mBHI_2_S102,102316
71,E100-e003Coalescence-mGAM-p5_S55,1,809705,B_A6_E9_ACPP_AA_mGAM_mBHI_2_S102,102316
72,H111-e003Coalescence-mBHI-p5_S44,8439,674095,B_A6_E9_ACPP_AA_mGAM_mBHI_2_S102,102316
73,E2-e003Coalescence-mGAM-p3_S57,12,1046865,B_A6_E9_ACPP_AA_mGAM_mBHI_2_S102,102316
74,H100-e003Coalescence-mBHI-p7_S139,16480,1277434,B_A6_E9_ACPP_AA_mGAM_mBHI_2_S102,102316
75,G8-e003Coalescence-mBHI-p5_S29,8,748494,B_A6_E9_ACPP_AA_mGAM_mBHI_2_S102,102316
76,E8-e003Coalescence-mBHI-p3_S105,16,1300226,B_A6_E9_ACPP_AA_mGAM_mBHI_2_S102,102316
77,E8-e003Coalescence-mGAM-p7_S149,45,1417361,B_A6_E9_ACPP_AA_mGAM_mBHI_2_S102,102316
78,H8-e003Coalescence-mGAM-p7_S185,4048,983015,B_A6_E9_ACPP_AA_mGAM_mBHI_2_S102,102316
79,A2-e003Coalescence-Inoculumn-mGAM,49,766653,B_A6_E9_ACPP_AA_mGAM_mBHI_2_S102,102316
80,B8-e003Coalescence-mBHI-p1_S749,9,1268450,B_A6_E9_ACPP_AA_mGAM_mBHI_2_S102,102316
81,A8-e003Coalescence-mBHI-p1_S748,4,1289758,B_A6_E9_ACPP_AA_mGAM_mBHI_2_S102,102316
82,H8-e003Coalescence-mBHI-p1_S815,38,1218424,B_A6_E9_ACPP_AA_mGAM_mBHI_2_S102,102316
83,E8-e003Coalescence-mBHI-p1_S812,11,1401516,B_A6_E9_ACPP_AA_mGAM_mBHI_2_S102,102316
84,G8-e003Coalescence-mGAM-p1_S818,16,827892,B_A6_E9_ACPP_AA_mGAM_mBHI_2_S102,102316
85,D8-e003Coalescence-mGAM-p1_S755,39,701330,B_A6_E9_ACPP_AA_mGAM_mBHI_2_S102,102316
86,A9-e003Coalescence-mBHI-p1_S756,4,1437416,B_A6_E9_ACPP_AA_mGAM_mBHI_2_S102,102316
87,E11-e003Coalescence-mBHI-p1_S836,38,1451168,B_A6_E9_ACPP_AA_mGAM_mBHI_2_S102,102316
88,A10-e003Coalescence-mBHI-p1_S764,9,1193259,B_A6_E9_ACPP_AA_mGAM_mBHI_2_S102,102316
89,A11-e003Coalescence-mBHI-p1_S772,29,1248804,B_A6_E9_ACPP_AA_mGAM_mBHI_2_S102,102316
90,Coalescence-F2-E10-AA-AE-mGAM-mBHI-3_S681,15,1425787,B_A6_E9_ACPP_AA_mGAM_mBHI_2_S102,102316
91,Coalescence-E8-D11-AF-AF-mGAM-mBHI-3_S675,14606,1135698,B_A6_E9_ACPP_AA_mGAM_mBHI_2_S102,102316
92,Coalescence-F10-H8-AA-AF-mGAM-mGAM-3_S689,125,1095751,B_A6_E9_ACPP_AA_mGAM_mBHI_2_S102,102316
93,Coalescence-A10-C11-AE-AF-mGAM-mBHI-7_S629,8905,698926,B_A6_E9_ACPP_AA_mGAM_mBHI_2_S102,102316
94,C_E2_e003Assembly_S242,22,781119,B_A6_E9_ACPP_AA_mGAM_mBHI_2_S102,102316
0,A_A5_A8_AA_AA_mGAM_mBHI_2_S5,2,1417316,B_A7_E10_AE_AA_mGAM_mBHI_2_S103,102316
1,A_A8_A11_AF_AA_mGAM_mBHI_2_S8,2,1079879,B_A7_E10_AE_AA_mGAM_mBHI_2_S103,102316
2,A_C5_C8_AA_AE_mGAM_mBHI_2_S29,0,1427638,B_A7_E10_AE_AA_mGAM_mBHI_2_S103,102316
3,A_D5_D8_AA_AF_mGAM_mBHI_2_S41,20,966462,B_A7_E10_AE_AA_mGAM_mBHI_2_S103,102316
4,A_D8_D11_AF_AF_mGAM_mBHI_2_S44,19512,1169381,B_A7_E10_AE_AA_mGAM_mBHI_2_S103,102316
5,A_E5_A8_AA_AA_mGAM_mGAM_2_S53,21,1019189,B_A7_E10_AE_AA_mGAM_mBHI_2_S103,102316
6,A_E9_A2_AA_AA_mBHI_mGAM_4_S57,6,1413231,B_A7_E10_AE_AA_mGAM_mBHI_2_S103,102316
7,A_G1_C2_AA_AE_mBHI_mGAM_2_S73,17,712175,B_A7_E10_AE_AA_mGAM_mBHI_2_S103,102316
8,A_G5_C8_AA_AE_mGAM_mGAM_2_S77,48,1416857,B_A7_E10_AE_AA_mGAM_mBHI_2_S103,102316
9,A_G9_C2_AA_AE_mBHI_mGAM_4_S81,5,1411062,B_A7_E10_AE_AA_mGAM_mBHI_2_S103,102316
10,B_A5_E8_AA_AA_mGAM_mBHI_2_S101,0,1425704,B_A7_E10_AE_AA_mGAM_mBHI_2_S103,102316
11,B_A6_E9_ACPP_AA_mGAM_mBHI_2_S102,11,1117375,B_A7_E10_AE_AA_mGAM_mBHI_2_S103,102316
12,B_A7_E10_AE_AA_mGAM_mBHI_2_S103,0,1427518,B_A7_E10_AE_AA_mGAM_mBHI_2_S103,102316
13,B_A11_A10_AE_AA_mGAM_mBHI_4_S107,0,1383768,B_A7_E10_AE_AA_mGAM_mBHI_2_S103,102316
14,B_A12_A11_AF_AA_mGAM_mBHI_4_S108,4,1434911,B_A7_E10_AE_AA_mGAM_mBHI_2_S103,102316
15,B_C12_C11_AF_AE_mGAM_mBHI_4_S132,17449,1052319,B_A7_E10_AE_AA_mGAM_mBHI_2_S103,102316
16,B_D7_H10_AE_AF_mGAM_mBHI_2_S139,23022,1353892,B_A7_E10_AE_AA_mGAM_mBHI_2_S103,102316
17,B_D11_D10_AE_AF_mGAM_mBHI_4_S143,20125,1203283,B_A7_E10_AE_AA_mGAM_mBHI_2_S103,102316
18,B_E5_E8_AA_AA_mGAM_mGAM_2_S149,23,946657,B_A7_E10_AE_AA_mGAM_mBHI_2_S103,102316
19,B_E7_E10_AE_AA_mGAM_mGAM_2_S151,15,1444031,B_A7_E10_AE_AA_mGAM_mBHI_2_S103,102316
20,B_E8_E11_AF_AA_mGAM_mGAM_2_S152,19,849793,B_A7_E10_AE_AA_mGAM_mBHI_2_S103,102316
21,B_E11_A10_AE_AA_mGAM_mGAM_4_S155,1,1028220,B_A7_E10_AE_AA_mGAM_mBHI_2_S103,102316
22,B_G1_G2_AA_AE_mBHI_mGAM_2_S169,16,1033473,B_A7_E10_AE_AA_mGAM_mBHI_2_S103,102316
23,B_H5_H8_AA_AF_mGAM_mGAM_2_S185,12,1427983,B_A7_E10_AE_AA_mGAM_mBHI_2_S103,102316
24,C_C5_C8_AA_AE_mGAM_mBHI_6_S221,0,977407,B_A7_E10_AE_AA_mGAM_mBHI_2_S103,102316
25,C_C8_C11_AF_AE_mGAM_mBHI_6_S224,20438,1218207,B_A7_E10_AE_AA_mGAM_mBHI_2_S103,102316
26,C_D5_D8_AA_AF_mGAM_mBHI_6_S233,75,1127572,B_A7_E10_AE_AA_mGAM_mBHI_2_S103,102316
27,C_D7_D10_AE_AF_mGAM_mBHI_6_S235,23916,1404179,B_A7_E10_AE_AA_mGAM_mBHI_2_S103,102316
28,C_E5_A8_AA_AA_mGAM_mGAM_6_S245,32,1431755,B_A7_E10_AE_AA_mGAM_mBHI_2_S103,102316
29,C_E7_A10_AE_AA_mGAM_mGAM_6_S247,3,1413289,B_A7_E10_AE_AA_mGAM_mBHI_2_S103,102316
30,C_E9_E2_AA_AA_mBHI_mGAM_4_S249,5,1403356,B_A7_E10_AE_AA_mGAM_mBHI_2_S103,102316
31,C_E11_E4_AE_AA_mBHI_mGAM_4_S251,0,1422885,B_A7_E10_AE_AA_mGAM_mBHI_2_S103,102316
32,D_A6_A9_ACPP_AA_mGAM_mBHI_6_S294,0,1440130,B_A7_E10_AE_AA_mGAM_mBHI_2_S103,102316
33,D_A7_A10_AE_AA_mGAM_mBHI_6_S295,0,1433602,B_A7_E10_AE_AA_mGAM_mBHI_2_S103,102316
34,D_A8_A11_AF_AA_mGAM_mBHI_6_S296,3,1436671,B_A7_E10_AE_AA_mGAM_mBHI_2_S103,102316
35,D_A9_E8_AA_AA_mGAM_mBHI_4_S297,0,1437286,B_A7_E10_AE_AA_mGAM_mBHI_2_S103,102316
36,D_A12_E11_AF_AA_mGAM_mBHI_4_S300,3,1396823,B_A7_E10_AE_AA_mGAM_mBHI_2_S103,102316
37,D_C8_C11_AF_AE_mGAM_mBHI_6_S320,21729,1292174,B_A7_E10_AE_AA_mGAM_mBHI_2_S103,102316
38,D_C9_G8_AA_AE_mGAM_mBHI_4_S321,0,1110163,B_A7_E10_AE_AA_mGAM_mBHI_2_S103,102316
39,D_C12_G11_AF_AE_mGAM_mBHI_4_S324,22514,1330220,B_A7_E10_AE_AA_mGAM_mBHI_2_S103,102316
40,D_D7_D10_AE_AF_mGAM_mBHI_6_S331,22614,1338259,B_A7_E10_AE_AA_mGAM_mBHI_2_S103,102316
41,D_D11_H10_AE_AF_mGAM_mBHI_4_S335,22213,1308265,B_A7_E10_AE_AA_mGAM_mBHI_2_S103,102316
42,D_E1_A2_AA_AA_mBHI_mGAM_6_S337,4,1436963,B_A7_E10_AE_AA_mGAM_mBHI_2_S103,102316
43,D_E3_A4_AE_AA_mBHI_mGAM_6_S339,0,1417311,B_A7_E10_AE_AA_mGAM_mBHI_2_S103,102316
44,D_E6_A9_ACPP_AA_mGAM_mGAM_6_S342,21,1303681,B_A7_E10_AE_AA_mGAM_mBHI_2_S103,102316
45,D_E7_A10_AE_AA_mGAM_mGAM_6_S343,0,1343749,B_A7_E10_AE_AA_mGAM_mBHI_2_S103,102316
46,D_E9_E8_AA_AA_mGAM_mGAM_4_S345,52,1400809,B_A7_E10_AE_AA_mGAM_mBHI_2_S103,102316
47,D_E11_E10_AE_AA_mGAM_mGAM_4_S347,1,1397326,B_A7_E10_AE_AA_mGAM_mBHI_2_S103,102316
48,D_G1_C2_AA_AE_mBHI_mGAM_6_S361,8,712918,B_A7_E10_AE_AA_mGAM_mBHI_2_S103,102316
49,D_H5_D8_AA_AF_mGAM_mGAM_6_S377,4249,1125549,B_A7_E10_AE_AA_mGAM_mBHI_2_S103,102316
50,D10-e003Coalescence-mBHI-p3,12169,721454,B_A7_E10_AE_AA_mGAM_mBHI_2_S103,102316
51,C2-e003Coalescence-mGAM-p7,74,1453552,B_A7_E10_AE_AA_mGAM_mBHI_2_S103,102316
52,D10-e003Coalescence-mBHI-p5,12015,723373,B_A7_E10_AE_AA_mGAM_mBHI_2_S103,102316
53,D8-e003Coalescence-mBHI-p5,105,795854,B_A7_E10_AE_AA_mGAM_mBHI_2_S103,102316
54,A8-e003Coalescence-mBHI-p7,69,1437763,B_A7_E10_AE_AA_mGAM_mBHI_2_S103,102316
55,A10-e003Coalescence-mGAM-p3,52,960054,B_A7_E10_AE_AA_mGAM_mBHI_2_S103,102316
56,A8-e003Coalescence-mBHI-p5,39,1099058,B_A7_E10_AE_AA_mGAM_mBHI_2_S103,102316
57,A10-e003Coalescence-mBHI-p7,56,1171728,B_A7_E10_AE_AA_mGAM_mBHI_2_S103,102316
58,A2-e003Coalescence-mGAM-p5,55,1119246,B_A7_E10_AE_AA_mGAM_mBHI_2_S103,102316
59,C8-e003Coalescence-mBHI-p5,45,1251387,B_A7_E10_AE_AA_mGAM_mBHI_2_S103,102316
60,A11-e003Coalescence-mBHI-p3,73,1455400,B_A7_E10_AE_AA_mGAM_mBHI_2_S103,102316
61,E2-e003Coalescence-mGAM-p7_S145,4,960650,B_A7_E10_AE_AA_mGAM_mBHI_2_S103,102316
62,E8-e003Coalescence-mBHI-p5_S5,0,1129168,B_A7_E10_AE_AA_mGAM_mBHI_2_S103,102316
63,H111-e003Coalescence-mBHI-p3_S144,20842,1229895,B_A7_E10_AE_AA_mGAM_mBHI_2_S103,102316
64,E100-e003Coalescence-mGAM-p3_S155,5,1310955,B_A7_E10_AE_AA_mGAM_mBHI_2_S103,102316
65,E111-e003Coalescence-mBHI-p5_S8,50,719187,B_A7_E10_AE_AA_mGAM_mBHI_2_S103,102316
66,H100-e003Coalescence-mBHI-p5_S43,17224,1043416,B_A7_E10_AE_AA_mGAM_mBHI_2_S103,102316
67,H8-e003Coalescence-mBHI-p7_S137,22,1241668,B_A7_E10_AE_AA_mGAM_mBHI_2_S103,102316
68,G8-e003Coalescence-mGAM-p5_S77,12,1348310,B_A7_E10_AE_AA_mGAM_mBHI_2_S103,102316
69,H8-e003Coalescence-mBHI-p5_S41,9,797551,B_A7_E10_AE_AA_mGAM_mBHI_2_S103,102316
70,E100-e003Coalescence-mBHI-p5_S7,1,890217,B_A7_E10_AE_AA_mGAM_mBHI_2_S103,102316
71,E100-e003Coalescence-mGAM-p5_S55,2,809705,B_A7_E10_AE_AA_mGAM_mBHI_2_S103,102316
72,H111-e003Coalescence-mBHI-p5_S44,10845,674095,B_A7_E10_AE_AA_mGAM_mBHI_2_S103,102316
73,E2-e003Coalescence-mGAM-p3_S57,8,1046865,B_A7_E10_AE_AA_mGAM_mBHI_2_S103,102316
74,H100-e003Coalescence-mBHI-p7_S139,21420,1277434,B_A7_E10_AE_AA_mGAM_mBHI_2_S103,102316
75,G8-e003Coalescence-mBHI-p5_S29,0,748494,B_A7_E10_AE_AA_mGAM_mBHI_2_S103,102316
76,E8-e003Coalescence-mBHI-p3_S105,4,1300226,B_A7_E10_AE_AA_mGAM_mBHI_2_S103,102316
77,E8-e003Coalescence-mGAM-p7_S149,40,1417361,B_A7_E10_AE_AA_mGAM_mBHI_2_S103,102316
78,H8-e003Coalescence-mGAM-p7_S185,5351,983015,B_A7_E10_AE_AA_mGAM_mBHI_2_S103,102316
79,A2-e003Coalescence-Inoculumn-mGAM,65,766653,B_A7_E10_AE_AA_mGAM_mBHI_2_S103,102316
80,B8-e003Coalescence-mBHI-p1_S749,50,1268450,B_A7_E10_AE_AA_mGAM_mBHI_2_S103,102316
81,A8-e003Coalescence-mBHI-p1_S748,3,1289758,B_A7_E10_AE_AA_mGAM_mBHI_2_S103,102316
82,H8-e003Coalescence-mBHI-p1_S815,22,1218424,B_A7_E10_AE_AA_mGAM_mBHI_2_S103,102316
83,E8-e003Coalescence-mBHI-p1_S812,0,1401516,B_A7_E10_AE_AA_mGAM_mBHI_2_S103,102316
84,G8-e003Coalescence-mGAM-p1_S818,20,827892,B_A7_E10_AE_AA_mGAM_mBHI_2_S103,102316
85,D8-e003Coalescence-mGAM-p1_S755,28,701330,B_A7_E10_AE_AA_mGAM_mBHI_2_S103,102316
86,A9-e003Coalescence-mBHI-p1_S756,60,1437416,B_A7_E10_AE_AA_mGAM_mBHI_2_S103,102316
87,E11-e003Coalescence-mBHI-p1_S836,7,1451168,B_A7_E10_AE_AA_mGAM_mBHI_2_S103,102316
88,A10-e003Coalescence-mBHI-p1_S764,3,1193259,B_A7_E10_AE_AA_mGAM_mBHI_2_S103,102316
89,A11-e003Coalescence-mBHI-p1_S772,13,1248804,B_A7_E10_AE_AA_mGAM_mBHI_2_S103,102316
90,Coalescence-F2-E10-AA-AE-mGAM-mBHI-3_S681,0,1425787,B_A7_E10_AE_AA_mGAM_mBHI_2_S103,102316
91,Coalescence-E8-D11-AF-AF-mGAM-mBHI-3_S675,18907,1135698,B_A7_E10_AE_AA_mGAM_mBHI_2_S103,102316
92,Coalescence-F10-H8-AA-AF-mGAM-mGAM-3_S689,113,1095751,B_A7_E10_AE_AA_mGAM_mBHI_2_S103,102316
93,Coalescence-A10-C11-AE-AF-mGAM-mBHI-7_S629,11375,698926,B_A7_E10_AE_AA_mGAM_mBHI_2_S103,102316
94,C_E2_e003Assembly_S242,26,781119,B_A7_E10_AE_AA_mGAM_mBHI_2_S103,102316
0,A_A5_A8_AA_AA_mGAM_mBHI_2_S5,16,1417316,B_A11_A10_AE_AA_mGAM_mBHI_4_S107,102316
1,A_A8_A11_AF_AA_mGAM_mBHI_2_S8,4,1079879,B_A11_A10_AE_AA_mGAM_mBHI_4_S107,102316
2,A_C5_C8_AA_AE_mGAM_mBHI_2_S29,1,1427638,B_A11_A10_AE_AA_mGAM_mBHI_4_S107,102316
3,A_D5_D8_AA_AF_mGAM_mBHI_2_S41,26,966462,B_A11_A10_AE_AA_mGAM_mBHI_4_S107,102316
4,A_D8_D11_AF_AF_mGAM_mBHI_2_S44,18873,1169381,B_A11_A10_AE_AA_mGAM_mBHI_4_S107,102316
5,A_E5_A8_AA_AA_mGAM_mGAM_2_S53,23,1019189,B_A11_A10_AE_AA_mGAM_mBHI_4_S107,102316
6,A_E9_A2_AA_AA_mBHI_mGAM_4_S57,16,1413231,B_A11_A10_AE_AA_mGAM_mBHI_4_S107,102316
7,A_G1_C2_AA_AE_mBHI_mGAM_2_S73,25,712175,B_A11_A10_AE_AA_mGAM_mBHI_4_S107,102316
8,A_G5_C8_AA_AE_mGAM_mGAM_2_S77,54,1416857,B_A11_A10_AE_AA_mGAM_mBHI_4_S107,102316
9,A_G9_C2_AA_AE_mBHI_mGAM_4_S81,24,1411062,B_A11_A10_AE_AA_mGAM_mBHI_4_S107,102316
10,B_A5_E8_AA_AA_mGAM_mBHI_2_S101,0,1425704,B_A11_A10_AE_AA_mGAM_mBHI_4_S107,102316
11,B_A6_E9_ACPP_AA_mGAM_mBHI_2_S102,27,1117375,B_A11_A10_AE_AA_mGAM_mBHI_4_S107,102316
12,B_A7_E10_AE_AA_mGAM_mBHI_2_S103,0,1427518,B_A11_A10_AE_AA_mGAM_mBHI_4_S107,102316
13,B_A11_A10_AE_AA_mGAM_mBHI_4_S107,0,1383768,B_A11_A10_AE_AA_mGAM_mBHI_4_S107,102316
14,B_A12_A11_AF_AA_mGAM_mBHI_4_S108,8,1434911,B_A11_A10_AE_AA_mGAM_mBHI_4_S107,102316
15,B_C12_C11_AF_AE_mGAM_mBHI_4_S132,16822,1052319,B_A11_A10_AE_AA_mGAM_mBHI_4_S107,102316
16,B_D7_H10_AE_AF_mGAM_mBHI_2_S139,22157,1353892,B_A11_A10_AE_AA_mGAM_mBHI_4_S107,102316
17,B_D11_D10_AE_AF_mGAM_mBHI_4_S143,19400,1203283,B_A11_A10_AE_AA_mGAM_mBHI_4_S107,102316
18,B_E5_E8_AA_AA_mGAM_mGAM_2_S149,30,946657,B_A11_A10_AE_AA_mGAM_mBHI_4_S107,102316
19,B_E7_E10_AE_AA_mGAM_mGAM_2_S151,38,1444031,B_A11_A10_AE_AA_mGAM_mBHI_4_S107,102316
20,B_E8_E11_AF_AA_mGAM_mGAM_2_S152,19,849793,B_A11_A10_AE_AA_mGAM_mBHI_4_S107,102316
21,B_E11_A10_AE_AA_mGAM_mGAM_4_S155,7,1028220,B_A11_A10_AE_AA_mGAM_mBHI_4_S107,102316
22,B_G1_G2_AA_AE_mBHI_mGAM_2_S169,38,1033473,B_A11_A10_AE_AA_mGAM_mBHI_4_S107,102316
23,B_H5_H8_AA_AF_mGAM_mGAM_2_S185,27,1427983,B_A11_A10_AE_AA_mGAM_mBHI_4_S107,102316
24,C_C5_C8_AA_AE_mGAM_mBHI_6_S221,0,977407,B_A11_A10_AE_AA_mGAM_mBHI_4_S107,102316
25,C_C8_C11_AF_AE_mGAM_mBHI_6_S224,19711,1218207,B_A11_A10_AE_AA_mGAM_mBHI_4_S107,102316
26,C_D5_D8_AA_AF_mGAM_mBHI_6_S233,71,1127572,B_A11_A10_AE_AA_mGAM_mBHI_4_S107,102316
27,C_D7_D10_AE_AF_mGAM_mBHI_6_S235,23084,1404179,B_A11_A10_AE_AA_mGAM_mBHI_4_S107,102316
28,C_E5_A8_AA_AA_mGAM_mGAM_6_S245,40,1431755,B_A11_A10_AE_AA_mGAM_mBHI_4_S107,102316
29,C_E7_A10_AE_AA_mGAM_mGAM_6_S247,6,1413289,B_A11_A10_AE_AA_mGAM_mBHI_4_S107,102316
30,C_E9_E2_AA_AA_mBHI_mGAM_4_S249,16,1403356,B_A11_A10_AE_AA_mGAM_mBHI_4_S107,102316
31,C_E11_E4_AE_AA_mBHI_mGAM_4_S251,6,1422885,B_A11_A10_AE_AA_mGAM_mBHI_4_S107,102316
32,D_A6_A9_ACPP_AA_mGAM_mBHI_6_S294,2,1440130,B_A11_A10_AE_AA_mGAM_mBHI_4_S107,102316
33,D_A7_A10_AE_AA_mGAM_mBHI_6_S295,0,1433602,B_A11_A10_AE_AA_mGAM_mBHI_4_S107,102316
34,D_A8_A11_AF_AA_mGAM_mBHI_6_S296,4,1436671,B_A11_A10_AE_AA_mGAM_mBHI_4_S107,102316
35,D_A9_E8_AA_AA_mGAM_mBHI_4_S297,7,1437286,B_A11_A10_AE_AA_mGAM_mBHI_4_S107,102316
36,D_A12_E11_AF_AA_mGAM_mBHI_4_S300,11,1396823,B_A11_A10_AE_AA_mGAM_mBHI_4_S107,102316
37,D_C8_C11_AF_AE_mGAM_mBHI_6_S320,20956,1292174,B_A11_A10_AE_AA_mGAM_mBHI_4_S107,102316
38,D_C9_G8_AA_AE_mGAM_mBHI_4_S321,0,1110163,B_A11_A10_AE_AA_mGAM_mBHI_4_S107,102316
39,D_C12_G11_AF_AE_mGAM_mBHI_4_S324,21766,1330220,B_A11_A10_AE_AA_mGAM_mBHI_4_S107,102316
40,D_D7_D10_AE_AF_mGAM_mBHI_6_S331,21815,1338259,B_A11_A10_AE_AA_mGAM_mBHI_4_S107,102316
41,D_D11_H10_AE_AF_mGAM_mBHI_4_S335,21408,1308265,B_A11_A10_AE_AA_mGAM_mBHI_4_S107,102316
42,D_E1_A2_AA_AA_mBHI_mGAM_6_S337,14,1436963,B_A11_A10_AE_AA_mGAM_mBHI_4_S107,102316
43,D_E3_A4_AE_AA_mBHI_mGAM_6_S339,7,1417311,B_A11_A10_AE_AA_mGAM_mBHI_4_S107,102316
44,D_E6_A9_ACPP_AA_mGAM_mGAM_6_S342,36,1303681,B_A11_A10_AE_AA_mGAM_mBHI_4_S107,102316
45,D_E7_A10_AE_AA_mGAM_mGAM_6_S343,3,1343749,B_A11_A10_AE_AA_mGAM_mBHI_4_S107,102316
46,D_E9_E8_AA_AA_mGAM_mGAM_4_S345,66,1400809,B_A11_A10_AE_AA_mGAM_mBHI_4_S107,102316
47,D_E11_E10_AE_AA_mGAM_mGAM_4_S347,8,1397326,B_A11_A10_AE_AA_mGAM_mBHI_4_S107,102316
48,D_G1_C2_AA_AE_mBHI_mGAM_6_S361,5,712918,B_A11_A10_AE_AA_mGAM_mBHI_4_S107,102316
49,D_H5_D8_AA_AF_mGAM_mGAM_6_S377,4166,1125549,B_A11_A10_AE_AA_mGAM_mBHI_4_S107,102316
50,D10-e003Coalescence-mBHI-p3,11681,721454,B_A11_A10_AE_AA_mGAM_mBHI_4_S107,102316
51,C2-e003Coalescence-mGAM-p7,70,1453552,B_A11_A10_AE_AA_mGAM_mBHI_4_S107,102316
52,D10-e003Coalescence-mBHI-p5,11534,723373,B_A11_A10_AE_AA_mGAM_mBHI_4_S107,102316
53,D8-e003Coalescence-mBHI-p5,102,795854,B_A11_A10_AE_AA_mGAM_mBHI_4_S107,102316
54,A8-e003Coalescence-mBHI-p7,64,1437763,B_A11_A10_AE_AA_mGAM_mBHI_4_S107,102316
55,A10-e003Coalescence-mGAM-p3,56,960054,B_A11_A10_AE_AA_mGAM_mBHI_4_S107,102316
56,A8-e003Coalescence-mBHI-p5,38,1099058,B_A11_A10_AE_AA_mGAM_mBHI_4_S107,102316
57,A10-e003Coalescence-mBHI-p7,49,1171728,B_A11_A10_AE_AA_mGAM_mBHI_4_S107,102316
58,A2-e003Coalescence-mGAM-p5,53,1119246,B_A11_A10_AE_AA_mGAM_mBHI_4_S107,102316
59,C8-e003Coalescence-mBHI-p5,43,1251387,B_A11_A10_AE_AA_mGAM_mBHI_4_S107,102316
60,A11-e003Coalescence-mBHI-p3,68,1455400,B_A11_A10_AE_AA_mGAM_mBHI_4_S107,102316
61,E2-e003Coalescence-mGAM-p7_S145,16,960650,B_A11_A10_AE_AA_mGAM_mBHI_4_S107,102316
62,E8-e003Coalescence-mBHI-p5_S5,7,1129168,B_A11_A10_AE_AA_mGAM_mBHI_4_S107,102316
63,H111-e003Coalescence-mBHI-p3_S144,20085,1229895,B_A11_A10_AE_AA_mGAM_mBHI_4_S107,102316
64,E100-e003Coalescence-mGAM-p3_S155,12,1310955,B_A11_A10_AE_AA_mGAM_mBHI_4_S107,102316
65,E111-e003Coalescence-mBHI-p5_S8,44,719187,B_A11_A10_AE_AA_mGAM_mBHI_4_S107,102316
66,H100-e003Coalescence-mBHI-p5_S43,16571,1043416,B_A11_A10_AE_AA_mGAM_mBHI_4_S107,102316
67,H8-e003Coalescence-mBHI-p7_S137,12,1241668,B_A11_A10_AE_AA_mGAM_mBHI_4_S107,102316
68,G8-e003Coalescence-mGAM-p5_S77,34,1348310,B_A11_A10_AE_AA_mGAM_mBHI_4_S107,102316
69,H8-e003Coalescence-mBHI-p5_S41,6,797551,B_A11_A10_AE_AA_mGAM_mBHI_4_S107,102316
70,E100-e003Coalescence-mBHI-p5_S7,0,890217,B_A11_A10_AE_AA_mGAM_mBHI_4_S107,102316
71,E100-e003Coalescence-mGAM-p5_S55,5,809705,B_A11_A10_AE_AA_mGAM_mBHI_4_S107,102316
72,H111-e003Coalescence-mBHI-p5_S44,10537,674095,B_A11_A10_AE_AA_mGAM_mBHI_4_S107,102316
73,E2-e003Coalescence-mGAM-p3_S57,13,1046865,B_A11_A10_AE_AA_mGAM_mBHI_4_S107,102316
74,H100-e003Coalescence-mBHI-p7_S139,20673,1277434,B_A11_A10_AE_AA_mGAM_mBHI_4_S107,102316
75,G8-e003Coalescence-mBHI-p5_S29,0,748494,B_A11_A10_AE_AA_mGAM_mBHI_4_S107,102316
76,E8-e003Coalescence-mBHI-p3_S105,14,1300226,B_A11_A10_AE_AA_mGAM_mBHI_4_S107,102316
77,E8-e003Coalescence-mGAM-p7_S149,49,1417361,B_A11_A10_AE_AA_mGAM_mBHI_4_S107,102316
78,H8-e003Coalescence-mGAM-p7_S185,5123,983015,B_A11_A10_AE_AA_mGAM_mBHI_4_S107,102316
79,A2-e003Coalescence-Inoculumn-mGAM,67,766653,B_A11_A10_AE_AA_mGAM_mBHI_4_S107,102316
80,B8-e003Coalescence-mBHI-p1_S749,60,1268450,B_A11_A10_AE_AA_mGAM_mBHI_4_S107,102316
81,A8-e003Coalescence-mBHI-p1_S748,2,1289758,B_A11_A10_AE_AA_mGAM_mBHI_4_S107,102316
82,H8-e003Coalescence-mBHI-p1_S815,28,1218424,B_A11_A10_AE_AA_mGAM_mBHI_4_S107,102316
83,E8-e003Coalescence-mBHI-p1_S812,5,1401516,B_A11_A10_AE_AA_mGAM_mBHI_4_S107,102316
84,G8-e003Coalescence-mGAM-p1_S818,19,827892,B_A11_A10_AE_AA_mGAM_mBHI_4_S107,102316
85,D8-e003Coalescence-mGAM-p1_S755,26,701330,B_A11_A10_AE_AA_mGAM_mBHI_4_S107,102316
86,A9-e003Coalescence-mBHI-p1_S756,61,1437416,B_A11_A10_AE_AA_mGAM_mBHI_4_S107,102316
87,E11-e003Coalescence-mBHI-p1_S836,21,1451168,B_A11_A10_AE_AA_mGAM_mBHI_4_S107,102316
88,A10-e003Coalescence-mBHI-p1_S764,5,1193259,B_A11_A10_AE_AA_mGAM_mBHI_4_S107,102316
89,A11-e003Coalescence-mBHI-p1_S772,28,1248804,B_A11_A10_AE_AA_mGAM_mBHI_4_S107,102316
90,Coalescence-F2-E10-AA-AE-mGAM-mBHI-3_S681,1,1425787,B_A11_A10_AE_AA_mGAM_mBHI_4_S107,102316
91,Coalescence-E8-D11-AF-AF-mGAM-mBHI-3_S675,18234,1135698,B_A11_A10_AE_AA_mGAM_mBHI_4_S107,102316
92,Coalescence-F10-H8-AA-AF-mGAM-mGAM-3_S689,121,1095751,B_A11_A10_AE_AA_mGAM_mBHI_4_S107,102316
93,Coalescence-A10-C11-AE-AF-mGAM-mBHI-7_S629,10982,698926,B_A11_A10_AE_AA_mGAM_mBHI_4_S107,102316
94,C_E2_e003Assembly_S242,28,781119,B_A11_A10_AE_AA_mGAM_mBHI_4_S107,102316
0,A_A5_A8_AA_AA_mGAM_mBHI_2_S5,12,1417316,B_A12_A11_AF_AA_mGAM_mBHI_4_S108,102316
1,A_A8_A11_AF_AA_mGAM_mBHI_2_S8,2,1079879,B_A12_A11_AF_AA_mGAM_mBHI_4_S108,102316
2,A_C5_C8_AA_AE_mGAM_mBHI_2_S29,5,1427638,B_A12_A11_AF_AA_mGAM_mBHI_4_S108,102316
3,A_D5_D8_AA_AF_mGAM_mBHI_2_S41,12,966462,B_A12_A11_AF_AA_mGAM_mBHI_4_S108,102316
4,A_D8_D11_AF_AF_mGAM_mBHI_2_S44,16534,1169381,B_A12_A11_AF_AA_mGAM_mBHI_4_S108,102316
5,A_E5_A8_AA_AA_mGAM_mGAM_2_S53,38,1019189,B_A12_A11_AF_AA_mGAM_mBHI_4_S108,102316
6,A_E9_A2_AA_AA_mBHI_mGAM_4_S57,22,1413231,B_A12_A11_AF_AA_mGAM_mBHI_4_S108,102316
7,A_G1_C2_AA_AE_mBHI_mGAM_2_S73,30,712175,B_A12_A11_AF_AA_mGAM_mBHI_4_S108,102316
8,A_G5_C8_AA_AE_mGAM_mGAM_2_S77,61,1416857,B_A12_A11_AF_AA_mGAM_mBHI_4_S108,102316
9,A_G9_C2_AA_AE_mBHI_mGAM_4_S81,13,1411062,B_A12_A11_AF_AA_mGAM_mBHI_4_S108,102316
10,B_A5_E8_AA_AA_mGAM_mBHI_2_S101,2,1425704,B_A12_A11_AF_AA_mGAM_mBHI_4_S108,102316
11,B_A6_E9_ACPP_AA_mGAM_mBHI_2_S102,23,1117375,B_A12_A11_AF_AA_mGAM_mBHI_4_S108,102316
12,B_A7_E10_AE_AA_mGAM_mBHI_2_S103,4,1427518,B_A12_A11_AF_AA_mGAM_mBHI_4_S108,102316
13,B_A11_A10_AE_AA_mGAM_mBHI_4_S107,8,1383768,B_A12_A11_AF_AA_mGAM_mBHI_4_S108,102316
14,B_A12_A11_AF_AA_mGAM_mBHI_4_S108,0,1434911,B_A12_A11_AF_AA_mGAM_mBHI_4_S108,102316
15,B_C12_C11_AF_AE_mGAM_mBHI_4_S132,14665,1052319,B_A12_A11_AF_AA_mGAM_mBHI_4_S108,102316
16,B_D7_H10_AE_AF_mGAM_mBHI_2_S139,19451,1353892,B_A12_A11_AF_AA_mGAM_mBHI_4_S108,102316
17,B_D11_D10_AE_AF_mGAM_mBHI_4_S143,16875,1203283,B_A12_A11_AF_AA_mGAM_mBHI_4_S108,102316
18,B_E5_E8_AA_AA_mGAM_mGAM_2_S149,19,946657,B_A12_A11_AF_AA_mGAM_mBHI_4_S108,102316
19,B_E7_E10_AE_AA_mGAM_mGAM_2_S151,23,1444031,B_A12_A11_AF_AA_mGAM_mBHI_4_S108,102316
20,B_E8_E11_AF_AA_mGAM_mGAM_2_S152,26,849793,B_A12_A11_AF_AA_mGAM_mBHI_4_S108,102316
21,B_E11_A10_AE_AA_mGAM_mGAM_4_S155,6,1028220,B_A12_A11_AF_AA_mGAM_mBHI_4_S108,102316
22,B_G1_G2_AA_AE_mBHI_mGAM_2_S169,30,1033473,B_A12_A11_AF_AA_mGAM_mBHI_4_S108,102316
23,B_H5_H8_AA_AF_mGAM_mGAM_2_S185,26,1427983,B_A12_A11_AF_AA_mGAM_mBHI_4_S108,102316
24,C_C5_C8_AA_AE_mGAM_mBHI_6_S221,4,977407,B_A12_A11_AF_AA_mGAM_mBHI_4_S108,102316
25,C_C8_C11_AF_AE_mGAM_mBHI_6_S224,17247,1218207,B_A12_A11_AF_AA_mGAM_mBHI_4_S108,102316
26,C_D5_D8_AA_AF_mGAM_mBHI_6_S233,58,1127572,B_A12_A11_AF_AA_mGAM_mBHI_4_S108,102316
27,C_D7_D10_AE_AF_mGAM_mBHI_6_S235,20161,1404179,B_A12_A11_AF_AA_mGAM_mBHI_4_S108,102316
28,C_E5_A8_AA_AA_mGAM_mGAM_6_S245,39,1431755,B_A12_A11_AF_AA_mGAM_mBHI_4_S108,102316
29,C_E7_A10_AE_AA_mGAM_mGAM_6_S247,10,1413289,B_A12_A11_AF_AA_mGAM_mBHI_4_S108,102316
30,C_E9_E2_AA_AA_mBHI_mGAM_4_S249,8,1403356,B_A12_A11_AF_AA_mGAM_mBHI_4_S108,102316
31,C_E11_E4_AE_AA_mBHI_mGAM_4_S251,21,1422885,B_A12_A11_AF_AA_mGAM_mBHI_4_S108,102316
32,D_A6_A9_ACPP_AA_mGAM_mBHI_6_S294,9,1440130,B_A12_A11_AF_AA_mGAM_mBHI_4_S108,102316
33,D_A7_A10_AE_AA_mGAM_mBHI_6_S295,3,1433602,B_A12_A11_AF_AA_mGAM_mBHI_4_S108,102316
34,D_A8_A11_AF_AA_mGAM_mBHI_6_S296,1,1436671,B_A12_A11_AF_AA_mGAM_mBHI_4_S108,102316
35,D_A9_E8_AA_AA_mGAM_mBHI_4_S297,5,1437286,B_A12_A11_AF_AA_mGAM_mBHI_4_S108,102316
36,D_A12_E11_AF_AA_mGAM_mBHI_4_S300,9,1396823,B_A12_A11_AF_AA_mGAM_mBHI_4_S108,102316
37,D_C8_C11_AF_AE_mGAM_mBHI_6_S320,18294,1292174,B_A12_A11_AF_AA_mGAM_mBHI_4_S108,102316
38,D_C9_G8_AA_AE_mGAM_mBHI_4_S321,4,1110163,B_A12_A11_AF_AA_mGAM_mBHI_4_S108,102316
39,D_C12_G11_AF_AE_mGAM_mBHI_4_S324,19046,1330220,B_A12_A11_AF_AA_mGAM_mBHI_4_S108,102316
40,D_D7_D10_AE_AF_mGAM_mBHI_6_S331,19126,1338259,B_A12_A11_AF_AA_mGAM_mBHI_4_S108,102316
41,D_D11_H10_AE_AF_mGAM_mBHI_4_S335,18883,1308265,B_A12_A11_AF_AA_mGAM_mBHI_4_S108,102316
42,D_E1_A2_AA_AA_mBHI_mGAM_6_S337,15,1436963,B_A12_A11_AF_AA_mGAM_mBHI_4_S108,102316
43,D_E3_A4_AE_AA_mBHI_mGAM_6_S339,18,1417311,B_A12_A11_AF_AA_mGAM_mBHI_4_S108,102316
44,D_E6_A9_ACPP_AA_mGAM_mGAM_6_S342,20,1303681,B_A12_A11_AF_AA_mGAM_mBHI_4_S108,102316
45,D_E7_A10_AE_AA_mGAM_mGAM_6_S343,17,1343749,B_A12_A11_AF_AA_mGAM_mBHI_4_S108,102316
46,D_E9_E8_AA_AA_mGAM_mGAM_4_S345,69,1400809,B_A12_A11_AF_AA_mGAM_mBHI_4_S108,102316
47,D_E11_E10_AE_AA_mGAM_mGAM_4_S347,10,1397326,B_A12_A11_AF_AA_mGAM_mBHI_4_S108,102316
48,D_G1_C2_AA_AE_mBHI_mGAM_6_S361,9,712918,B_A12_A11_AF_AA_mGAM_mBHI_4_S108,102316
49,D_H5_D8_AA_AF_mGAM_mGAM_6_S377,3544,1125549,B_A12_A11_AF_AA_mGAM_mBHI_4_S108,102316
50,D10-e003Coalescence-mBHI-p3,10342,721454,B_A12_A11_AF_AA_mGAM_mBHI_4_S108,102316
51,C2-e003Coalescence-mGAM-p7,95,1453552,B_A12_A11_AF_AA_mGAM_mBHI_4_S108,102316
52,D10-e003Coalescence-mBHI-p5,10095,723373,B_A12_A11_AF_AA_mGAM_mBHI_4_S108,102316
53,D8-e003Coalescence-mBHI-p5,82,795854,B_A12_A11_AF_AA_mGAM_mBHI_4_S108,102316
54,A8-e003Coalescence-mBHI-p7,70,1437763,B_A12_A11_AF_AA_mGAM_mBHI_4_S108,102316
55,A10-e003Coalescence-mGAM-p3,47,960054,B_A12_A11_AF_AA_mGAM_mBHI_4_S108,102316
56,A8-e003Coalescence-mBHI-p5,42,1099058,B_A12_A11_AF_AA_mGAM_mBHI_4_S108,102316
57,A10-e003Coalescence-mBHI-p7,57,1171728,B_A12_A11_AF_AA_mGAM_mBHI_4_S108,102316
58,A2-e003Coalescence-mGAM-p5,57,1119246,B_A12_A11_AF_AA_mGAM_mBHI_4_S108,102316
59,C8-e003Coalescence-mBHI-p5,44,1251387,B_A12_A11_AF_AA_mGAM_mBHI_4_S108,102316
60,A11-e003Coalescence-mBHI-p3,67,1455400,B_A12_A11_AF_AA_mGAM_mBHI_4_S108,102316
61,E2-e003Coalescence-mGAM-p7_S145,13,960650,B_A12_A11_AF_AA_mGAM_mBHI_4_S108,102316
62,E8-e003Coalescence-mBHI-p5_S5,9,1129168,B_A12_A11_AF_AA_mGAM_mBHI_4_S108,102316
63,H111-e003Coalescence-mBHI-p3_S144,17503,1229895,B_A12_A11_AF_AA_mGAM_mBHI_4_S108,102316
64,E100-e003Coalescence-mGAM-p3_S155,18,1310955,B_A12_A11_AF_AA_mGAM_mBHI_4_S108,102316
65,E111-e003Coalescence-mBHI-p5_S8,35,719187,B_A12_A11_AF_AA_mGAM_mBHI_4_S108,102316
66,H100-e003Coalescence-mBHI-p5_S43,14520,1043416,B_A12_A11_AF_AA_mGAM_mBHI_4_S108,102316
67,H8-e003Coalescence-mBHI-p7_S137,6,1241668,B_A12_A11_AF_AA_mGAM_mBHI_4_S108,102316
68,G8-e003Coalescence-mGAM-p5_S77,32,1348310,B_A12_A11_AF_AA_mGAM_mBHI_4_S108,102316
69,H8-e003Coalescence-mBHI-p5_S41,3,797551,B_A12_A11_AF_AA_mGAM_mBHI_4_S108,102316
70,E100-e003Coalescence-mBHI-p5_S7,1,890217,B_A12_A11_AF_AA_mGAM_mBHI_4_S108,102316
71,E100-e003Coalescence-mGAM-p5_S55,2,809705,B_A12_A11_AF_AA_mGAM_mBHI_4_S108,102316
72,H111-e003Coalescence-mBHI-p5_S44,9074,674095,B_A12_A11_AF_AA_mGAM_mBHI_4_S108,102316
73,E2-e003Coalescence-mGAM-p3_S57,8,1046865,B_A12_A11_AF_AA_mGAM_mBHI_4_S108,102316
74,H100-e003Coalescence-mBHI-p7_S139,18028,1277434,B_A12_A11_AF_AA_mGAM_mBHI_4_S108,102316
75,G8-e003Coalescence-mBHI-p5_S29,1,748494,B_A12_A11_AF_AA_mGAM_mBHI_4_S108,102316
76,E8-e003Coalescence-mBHI-p3_S105,10,1300226,B_A12_A11_AF_AA_mGAM_mBHI_4_S108,102316
77,E8-e003Coalescence-mGAM-p7_S149,57,1417361,B_A12_A11_AF_AA_mGAM_mBHI_4_S108,102316
78,H8-e003Coalescence-mGAM-p7_S185,4368,983015,B_A12_A11_AF_AA_mGAM_mBHI_4_S108,102316
79,A2-e003Coalescence-Inoculumn-mGAM,66,766653,B_A12_A11_AF_AA_mGAM_mBHI_4_S108,102316
80,B8-e003Coalescence-mBHI-p1_S749,74,1268450,B_A12_A11_AF_AA_mGAM_mBHI_4_S108,102316
81,A8-e003Coalescence-mBHI-p1_S748,8,1289758,B_A12_A11_AF_AA_mGAM_mBHI_4_S108,102316
82,H8-e003Coalescence-mBHI-p1_S815,16,1218424,B_A12_A11_AF_AA_mGAM_mBHI_4_S108,102316
83,E8-e003Coalescence-mBHI-p1_S812,10,1401516,B_A12_A11_AF_AA_mGAM_mBHI_4_S108,102316
84,G8-e003Coalescence-mGAM-p1_S818,10,827892,B_A12_A11_AF_AA_mGAM_mBHI_4_S108,102316
85,D8-e003Coalescence-mGAM-p1_S755,34,701330,B_A12_A11_AF_AA_mGAM_mBHI_4_S108,102316
86,A9-e003Coalescence-mBHI-p1_S756,83,1437416,B_A12_A11_AF_AA_mGAM_mBHI_4_S108,102316
87,E11-e003Coalescence-mBHI-p1_S836,10,1451168,B_A12_A11_AF_AA_mGAM_mBHI_4_S108,102316
88,A10-e003Coalescence-mBHI-p1_S764,2,1193259,B_A12_A11_AF_AA_mGAM_mBHI_4_S108,102316
89,A11-e003Coalescence-mBHI-p1_S772,18,1248804,B_A12_A11_AF_AA_mGAM_mBHI_4_S108,102316
90,Coalescence-F2-E10-AA-AE-mGAM-mBHI-3_S681,4,1425787,B_A12_A11_AF_AA_mGAM_mBHI_4_S108,102316
91,Coalescence-E8-D11-AF-AF-mGAM-mBHI-3_S675,15983,1135698,B_A12_A11_AF_AA_mGAM_mBHI_4_S108,102316
92,Coalescence-F10-H8-AA-AF-mGAM-mGAM-3_S689,95,1095751,B_A12_A11_AF_AA_mGAM_mBHI_4_S108,102316
93,Coalescence-A10-C11-AE-AF-mGAM-mBHI-7_S629,9578,698926,B_A12_A11_AF_AA_mGAM_mBHI_4_S108,102316
94,C_E2_e003Assembly_S242,28,781119,B_A12_A11_AF_AA_mGAM_mBHI_4_S108,102316
0,A_A5_A8_AA_AA_mGAM_mBHI_2_S5,17288,1417316,B_C12_C11_AF_AE_mGAM_mBHI_4_S132,102316
1,A_A8_A11_AF_AA_mGAM_mBHI_2_S8,10799,1079879,B_C12_C11_AF_AE_mGAM_mBHI_4_S132,102316
2,A_C5_C8_AA_AE_mGAM_mBHI_2_S29,17348,1427638,B_C12_C11_AF_AE_mGAM_mBHI_4_S132,102316
3,A_D5_D8_AA_AF_mGAM_mBHI_2_S41,8189,966462,B_C12_C11_AF_AE_mGAM_mBHI_4_S132,102316
4,A_D8_D11_AF_AF_mGAM_mBHI_2_S44,2,1169381,B_C12_C11_AF_AE_mGAM_mBHI_4_S132,102316
5,A_E5_A8_AA_AA_mGAM_mGAM_2_S53,12291,1019189,B_C12_C11_AF_AE_mGAM_mBHI_4_S132,102316
6,A_E9_A2_AA_AA_mBHI_mGAM_4_S57,17228,1413231,B_C12_C11_AF_AE_mGAM_mBHI_4_S132,102316
7,A_G1_C2_AA_AE_mBHI_mGAM_2_S73,8440,712175,B_C12_C11_AF_AE_mGAM_mBHI_4_S132,102316
8,A_G5_C8_AA_AE_mGAM_mGAM_2_S77,17142,1416857,B_C12_C11_AF_AE_mGAM_mBHI_4_S132,102316
9,A_G9_C2_AA_AE_mBHI_mGAM_4_S81,16934,1411062,B_C12_C11_AF_AE_mGAM_mBHI_4_S132,102316
10,B_A5_E8_AA_AA_mGAM_mBHI_2_S101,17346,1425704,B_C12_C11_AF_AE_mGAM_mBHI_4_S132,102316
11,B_A6_E9_ACPP_AA_mGAM_mBHI_2_S102,13437,1117375,B_C12_C11_AF_AE_mGAM_mBHI_4_S132,102316
12,B_A7_E10_AE_AA_mGAM_mBHI_2_S103,17449,1427518,B_C12_C11_AF_AE_mGAM_mBHI_4_S132,102316
13,B_A11_A10_AE_AA_mGAM_mBHI_4_S107,16822,1383768,B_C12_C11_AF_AE_mGAM_mBHI_4_S132,102316
14,B_A12_A11_AF_AA_mGAM_mBHI_4_S108,14665,1434911,B_C12_C11_AF_AE_mGAM_mBHI_4_S132,102316
15,B_C12_C11_AF_AE_mGAM_mBHI_4_S132,0,1052319,B_C12_C11_AF_AE_mGAM_mBHI_4_S132,102316
16,B_D7_H10_AE_AF_mGAM_mBHI_2_S139,0,1353892,B_C12_C11_AF_AE_mGAM_mBHI_4_S132,102316
17,B_D11_D10_AE_AF_mGAM_mBHI_4_S143,2,1203283,B_C12_C11_AF_AE_mGAM_mBHI_4_S132,102316
18,B_E5_E8_AA_AA_mGAM_mGAM_2_S149,11155,946657,B_C12_C11_AF_AE_mGAM_mBHI_4_S132,102316
19,B_E7_E10_AE_AA_mGAM_mGAM_2_S151,17573,1444031,B_C12_C11_AF_AE_mGAM_mBHI_4_S132,102316
20,B_E8_E11_AF_AA_mGAM_mGAM_2_S152,8490,849793,B_C12_C11_AF_AE_mGAM_mBHI_4_S132,102316
21,B_E11_A10_AE_AA_mGAM_mGAM_4_S155,12375,1028220,B_C12_C11_AF_AE_mGAM_mBHI_4_S132,102316
22,B_G1_G2_AA_AE_mBHI_mGAM_2_S169,12408,1033473,B_C12_C11_AF_AE_mGAM_mBHI_4_S132,102316
23,B_H5_H8_AA_AF_mGAM_mGAM_2_S185,13167,1427983,B_C12_C11_AF_AE_mGAM_mBHI_4_S132,102316
24,C_C5_C8_AA_AE_mGAM_mBHI_6_S221,11806,977407,B_C12_C11_AF_AE_mGAM_mBHI_4_S132,102316
25,C_C8_C11_AF_AE_mGAM_mBHI_6_S224,5,1218207,B_C12_C11_AF_AE_mGAM_mBHI_4_S132,102316
26,C_D5_D8_AA_AF_mGAM_mBHI_6_S233,7944,1127572,B_C12_C11_AF_AE_mGAM_mBHI_4_S132,102316
27,C_D7_D10_AE_AF_mGAM_mBHI_6_S235,1,1404179,B_C12_C11_AF_AE_mGAM_mBHI_4_S132,102316
28,C_E5_A8_AA_AA_mGAM_mGAM_6_S245,17385,1431755,B_C12_C11_AF_AE_mGAM_mBHI_4_S132,102316
29,C_E7_A10_AE_AA_mGAM_mGAM_6_S247,17214,1413289,B_C12_C11_AF_AE_mGAM_mBHI_4_S132,102316
30,C_E9_E2_AA_AA_mBHI_mGAM_4_S249,16985,1403356,B_C12_C11_AF_AE_mGAM_mBHI_4_S132,102316
31,C_E11_E4_AE_AA_mBHI_mGAM_4_S251,17155,1422885,B_C12_C11_AF_AE_mGAM_mBHI_4_S132,102316
32,D_A6_A9_ACPP_AA_mGAM_mBHI_6_S294,17561,1440130,B_C12_C11_AF_AE_mGAM_mBHI_4_S132,102316
33,D_A7_A10_AE_AA_mGAM_mBHI_6_S295,17525,1433602,B_C12_C11_AF_AE_mGAM_mBHI_4_S132,102316
34,D_A8_A11_AF_AA_mGAM_mBHI_6_S296,13089,1436671,B_C12_C11_AF_AE_mGAM_mBHI_4_S132,102316
35,D_A9_E8_AA_AA_mGAM_mBHI_4_S297,17543,1437286,B_C12_C11_AF_AE_mGAM_mBHI_4_S132,102316
36,D_A12_E11_AF_AA_mGAM_mBHI_4_S300,13886,1396823,B_C12_C11_AF_AE_mGAM_mBHI_4_S132,102316
37,D_C8_C11_AF_AE_mGAM_mBHI_6_S320,1,1292174,B_C12_C11_AF_AE_mGAM_mBHI_4_S132,102316
38,D_C9_G8_AA_AE_mGAM_mBHI_4_S321,13289,1110163,B_C12_C11_AF_AE_mGAM_mBHI_4_S132,102316
39,D_C12_G11_AF_AE_mGAM_mBHI_4_S324,0,1330220,B_C12_C11_AF_AE_mGAM_mBHI_4_S132,102316
40,D_D7_D10_AE_AF_mGAM_mBHI_6_S331,2,1338259,B_C12_C11_AF_AE_mGAM_mBHI_4_S132,102316
41,D_D11_H10_AE_AF_mGAM_mBHI_4_S335,1,1308265,B_C12_C11_AF_AE_mGAM_mBHI_4_S132,102316
42,D_E1_A2_AA_AA_mBHI_mGAM_6_S337,17439,1436963,B_C12_C11_AF_AE_mGAM_mBHI_4_S132,102316
43,D_E3_A4_AE_AA_mBHI_mGAM_6_S339,17137,1417311,B_C12_C11_AF_AE_mGAM_mBHI_4_S132,102316
44,D_E6_A9_ACPP_AA_mGAM_mGAM_6_S342,15851,1303681,B_C12_C11_AF_AE_mGAM_mBHI_4_S132,102316
45,D_E7_A10_AE_AA_mGAM_mGAM_6_S343,16344,1343749,B_C12_C11_AF_AE_mGAM_mBHI_4_S132,102316
46,D_E9_E8_AA_AA_mGAM_mGAM_4_S345,17109,1400809,B_C12_C11_AF_AE_mGAM_mBHI_4_S132,102316
47,D_E11_E10_AE_AA_mGAM_mGAM_4_S347,17109,1397326,B_C12_C11_AF_AE_mGAM_mBHI_4_S132,102316
48,D_G1_C2_AA_AE_mBHI_mGAM_6_S361,8376,712918,B_C12_C11_AF_AE_mGAM_mBHI_4_S132,102316
49,D_H5_D8_AA_AF_mGAM_mGAM_6_S377,390,1125549,B_C12_C11_AF_AE_mGAM_mBHI_4_S132,102316
50,D10-e003Coalescence-mBHI-p3,31,721454,B_C12_C11_AF_AE_mGAM_mBHI_4_S132,102316
51,C2-e003Coalescence-mGAM-p7,17727,1453552,B_C12_C11_AF_AE_mGAM_mBHI_4_S132,102316
52,D10-e003Coalescence-mBHI-p5,36,723373,B_C12_C11_AF_AE_mGAM_mBHI_4_S132,102316
53,D8-e003Coalescence-mBHI-p5,6327,795854,B_C12_C11_AF_AE_mGAM_mBHI_4_S132,102316
54,A8-e003Coalescence-mBHI-p7,17861,1437763,B_C12_C11_AF_AE_mGAM_mBHI_4_S132,102316
55,A10-e003Coalescence-mGAM-p3,11728,960054,B_C12_C11_AF_AE_mGAM_mBHI_4_S132,102316
56,A8-e003Coalescence-mBHI-p5,13545,1099058,B_C12_C11_AF_AE_mGAM_mBHI_4_S132,102316
57,A10-e003Coalescence-mBHI-p7,14343,1171728,B_C12_C11_AF_AE_mGAM_mBHI_4_S132,102316
58,A2-e003Coalescence-mGAM-p5,13637,1119246,B_C12_C11_AF_AE_mGAM_mBHI_4_S132,102316
59,C8-e003Coalescence-mBHI-p5,15325,1251387,B_C12_C11_AF_AE_mGAM_mBHI_4_S132,102316
60,A11-e003Coalescence-mBHI-p3,16396,1455400,B_C12_C11_AF_AE_mGAM_mBHI_4_S132,102316
61,E2-e003Coalescence-mGAM-p7_S145,11530,960650,B_C12_C11_AF_AE_mGAM_mBHI_4_S132,102316
62,E8-e003Coalescence-mBHI-p5_S5,13581,1129168,B_C12_C11_AF_AE_mGAM_mBHI_4_S132,102316
63,H111-e003Coalescence-mBHI-p3_S144,1,1229895,B_C12_C11_AF_AE_mGAM_mBHI_4_S132,102316
64,E100-e003Coalescence-mGAM-p3_S155,15880,1310955,B_C12_C11_AF_AE_mGAM_mBHI_4_S132,102316
65,E111-e003Coalescence-mBHI-p5_S8,6217,719187,B_C12_C11_AF_AE_mGAM_mBHI_4_S132,102316
66,H100-e003Coalescence-mBHI-p5_S43,1,1043416,B_C12_C11_AF_AE_mGAM_mBHI_4_S132,102316
67,H8-e003Coalescence-mBHI-p7_S137,13792,1241668,B_C12_C11_AF_AE_mGAM_mBHI_4_S132,102316
68,G8-e003Coalescence-mGAM-p5_S77,16210,1348310,B_C12_C11_AF_AE_mGAM_mBHI_4_S132,102316
69,H8-e003Coalescence-mBHI-p5_S41,9154,797551,B_C12_C11_AF_AE_mGAM_mBHI_4_S132,102316
70,E100-e003Coalescence-mBHI-p5_S7,10467,890217,B_C12_C11_AF_AE_mGAM_mBHI_4_S132,102316
71,E100-e003Coalescence-mGAM-p5_S55,9551,809705,B_C12_C11_AF_AE_mGAM_mBHI_4_S132,102316
72,H111-e003Coalescence-mBHI-p5_S44,2,674095,B_C12_C11_AF_AE_mGAM_mBHI_4_S132,102316
73,E2-e003Coalescence-mGAM-p3_S57,12412,1046865,B_C12_C11_AF_AE_mGAM_mBHI_4_S132,102316
74,H100-e003Coalescence-mBHI-p7_S139,0,1277434,B_C12_C11_AF_AE_mGAM_mBHI_4_S132,102316
75,G8-e003Coalescence-mBHI-p5_S29,9035,748494,B_C12_C11_AF_AE_mGAM_mBHI_4_S132,102316
76,E8-e003Coalescence-mBHI-p3_S105,15624,1300226,B_C12_C11_AF_AE_mGAM_mBHI_4_S132,102316
77,E8-e003Coalescence-mGAM-p7_S149,17223,1417361,B_C12_C11_AF_AE_mGAM_mBHI_4_S132,102316
78,H8-e003Coalescence-mGAM-p7_S185,406,983015,B_C12_C11_AF_AE_mGAM_mBHI_4_S132,102316
79,A2-e003Coalescence-Inoculumn-mGAM,9424,766653,B_C12_C11_AF_AE_mGAM_mBHI_4_S132,102316
80,B8-e003Coalescence-mBHI-p1_S749,15299,1268450,B_C12_C11_AF_AE_mGAM_mBHI_4_S132,102316
81,A8-e003Coalescence-mBHI-p1_S748,15503,1289758,B_C12_C11_AF_AE_mGAM_mBHI_4_S132,102316
82,H8-e003Coalescence-mBHI-p1_S815,12501,1218424,B_C12_C11_AF_AE_mGAM_mBHI_4_S132,102316
83,E8-e003Coalescence-mBHI-p1_S812,17071,1401516,B_C12_C11_AF_AE_mGAM_mBHI_4_S132,102316
84,G8-e003Coalescence-mGAM-p1_S818,10067,827892,B_C12_C11_AF_AE_mGAM_mBHI_4_S132,102316
85,D8-e003Coalescence-mGAM-p1_S755,7441,701330,B_C12_C11_AF_AE_mGAM_mBHI_4_S132,102316
86,A9-e003Coalescence-mBHI-p1_S756,17523,1437416,B_C12_C11_AF_AE_mGAM_mBHI_4_S132,102316
87,E11-e003Coalescence-mBHI-p1_S836,16817,1451168,B_C12_C11_AF_AE_mGAM_mBHI_4_S132,102316
88,A10-e003Coalescence-mBHI-p1_S764,14192,1193259,B_C12_C11_AF_AE_mGAM_mBHI_4_S132,102316
89,A11-e003Coalescence-mBHI-p1_S772,13323,1248804,B_C12_C11_AF_AE_mGAM_mBHI_4_S132,102316
90,Coalescence-F2-E10-AA-AE-mGAM-mBHI-3_S681,17400,1425787,B_C12_C11_AF_AE_mGAM_mBHI_4_S132,102316
91,Coalescence-E8-D11-AF-AF-mGAM-mBHI-3_S675,0,1135698,B_C12_C11_AF_AE_mGAM_mBHI_4_S132,102316
92,Coalescence-F10-H8-AA-AF-mGAM-mGAM-3_S689,7200,1095751,B_C12_C11_AF_AE_mGAM_mBHI_4_S132,102316
93,Coalescence-A10-C11-AE-AF-mGAM-mBHI-7_S629,8,698926,B_C12_C11_AF_AE_mGAM_mBHI_4_S132,102316
94,C_E2_e003Assembly_S242,9371,781119,B_C12_C11_AF_AE_mGAM_mBHI_4_S132,102316
0,A_A5_A8_AA_AA_mGAM_mBHI_2_S5,22769,1417316,B_D7_H10_AE_AF_mGAM_mBHI_2_S139,102316
1,A_A8_A11_AF_AA_mGAM_mBHI_2_S8,14226,1079879,B_D7_H10_AE_AF_mGAM_mBHI_2_S139,102316
2,A_C5_C8_AA_AE_mGAM_mBHI_2_S29,22873,1427638,B_D7_H10_AE_AF_mGAM_mBHI_2_S139,102316
3,A_D5_D8_AA_AF_mGAM_mBHI_2_S41,10702,966462,B_D7_H10_AE_AF_mGAM_mBHI_2_S139,102316
4,A_D8_D11_AF_AF_mGAM_mBHI_2_S44,0,1169381,B_D7_H10_AE_AF_mGAM_mBHI_2_S139,102316
5,A_E5_A8_AA_AA_mGAM_mGAM_2_S53,16055,1019189,B_D7_H10_AE_AF_mGAM_mBHI_2_S139,102316
6,A_E9_A2_AA_AA_mBHI_mGAM_4_S57,22703,1413231,B_D7_H10_AE_AF_mGAM_mBHI_2_S139,102316
7,A_G1_C2_AA_AE_mBHI_mGAM_2_S73,10890,712175,B_D7_H10_AE_AF_mGAM_mBHI_2_S139,102316
8,A_G5_C8_AA_AE_mGAM_mGAM_2_S77,22715,1416857,B_D7_H10_AE_AF_mGAM_mBHI_2_S139,102316
9,A_G9_C2_AA_AE_mBHI_mGAM_4_S81,22356,1411062,B_D7_H10_AE_AF_mGAM_mBHI_2_S139,102316
10,B_A5_E8_AA_AA_mGAM_mBHI_2_S101,22902,1425704,B_D7_H10_AE_AF_mGAM_mBHI_2_S139,102316
11,B_A6_E9_ACPP_AA_mGAM_mBHI_2_S102,17607,1117375,B_D7_H10_AE_AF_mGAM_mBHI_2_S139,102316
12,B_A7_E10_AE_AA_mGAM_mBHI_2_S103,23022,1427518,B_D7_H10_AE_AF_mGAM_mBHI_2_S139,102316
13,B_A11_A10_AE_AA_mGAM_mBHI_4_S107,22157,1383768,B_D7_H10_AE_AF_mGAM_mBHI_2_S139,102316
14,B_A12_A11_AF_AA_mGAM_mBHI_4_S108,19451,1434911,B_D7_H10_AE_AF_mGAM_mBHI_2_S139,102316
15,B_C12_C11_AF_AE_mGAM_mBHI_4_S132,0,1052319,B_D7_H10_AE_AF_mGAM_mBHI_2_S139,102316
16,B_D7_H10_AE_AF_mGAM_mBHI_2_S139,0,1353892,B_D7_H10_AE_AF_mGAM_mBHI_2_S139,102316
17,B_D11_D10_AE_AF_mGAM_mBHI_4_S143,3,1203283,B_D7_H10_AE_AF_mGAM_mBHI_2_S139,102316
18,B_E5_E8_AA_AA_mGAM_mGAM_2_S149,14616,946657,B_D7_H10_AE_AF_mGAM_mBHI_2_S139,102316
19,B_E7_E10_AE_AA_mGAM_mGAM_2_S151,23144,1444031,B_D7_H10_AE_AF_mGAM_mBHI_2_S139,102316
20,B_E8_E11_AF_AA_mGAM_mGAM_2_S152,11055,849793,B_D7_H10_AE_AF_mGAM_mBHI_2_S139,102316
21,B_E11_A10_AE_AA_mGAM_mGAM_4_S155,16038,1028220,B_D7_H10_AE_AF_mGAM_mBHI_2_S139,102316
22,B_G1_G2_AA_AE_mBHI_mGAM_2_S169,16169,1033473,B_D7_H10_AE_AF_mGAM_mBHI_2_S139,102316
23,B_H5_H8_AA_AF_mGAM_mGAM_2_S185,17488,1427983,B_D7_H10_AE_AF_mGAM_mBHI_2_S139,102316
24,C_C5_C8_AA_AE_mGAM_mBHI_6_S221,15294,977407,B_D7_H10_AE_AF_mGAM_mBHI_2_S139,102316
25,C_C8_C11_AF_AE_mGAM_mBHI_6_S224,8,1218207,B_D7_H10_AE_AF_mGAM_mBHI_2_S139,102316
26,C_D5_D8_AA_AF_mGAM_mBHI_6_S233,10603,1127572,B_D7_H10_AE_AF_mGAM_mBHI_2_S139,102316
27,C_D7_D10_AE_AF_mGAM_mBHI_6_S235,1,1404179,B_D7_H10_AE_AF_mGAM_mBHI_2_S139,102316
28,C_E5_A8_AA_AA_mGAM_mGAM_6_S245,22888,1431755,B_D7_H10_AE_AF_mGAM_mBHI_2_S139,102316
29,C_E7_A10_AE_AA_mGAM_mGAM_6_S247,22660,1413289,B_D7_H10_AE_AF_mGAM_mBHI_2_S139,102316
30,C_E9_E2_AA_AA_mBHI_mGAM_4_S249,22358,1403356,B_D7_H10_AE_AF_mGAM_mBHI_2_S139,102316
31,C_E11_E4_AE_AA_mBHI_mGAM_4_S251,22609,1422885,B_D7_H10_AE_AF_mGAM_mBHI_2_S139,102316
32,D_A6_A9_ACPP_AA_mGAM_mBHI_6_S294,23162,1440130,B_D7_H10_AE_AF_mGAM_mBHI_2_S139,102316
33,D_A7_A10_AE_AA_mGAM_mBHI_6_S295,23123,1433602,B_D7_H10_AE_AF_mGAM_mBHI_2_S139,102316
34,D_A8_A11_AF_AA_mGAM_mBHI_6_S296,17435,1436671,B_D7_H10_AE_AF_mGAM_mBHI_2_S139,102316
35,D_A9_E8_AA_AA_mGAM_mBHI_4_S297,23186,1437286,B_D7_H10_AE_AF_mGAM_mBHI_2_S139,102316
36,D_A12_E11_AF_AA_mGAM_mBHI_4_S300,18293,1396823,B_D7_H10_AE_AF_mGAM_mBHI_2_S139,102316
37,D_C8_C11_AF_AE_mGAM_mBHI_6_S320,9,1292174,B_D7_H10_AE_AF_mGAM_mBHI_2_S139,102316
38,D_C9_G8_AA_AE_mGAM_mBHI_4_S321,17399,1110163,B_D7_H10_AE_AF_mGAM_mBHI_2_S139,102316
39,D_C12_G11_AF_AE_mGAM_mBHI_4_S324,0,1330220,B_D7_H10_AE_AF_mGAM_mBHI_2_S139,102316
40,D_D7_D10_AE_AF_mGAM_mBHI_6_S331,2,1338259,B_D7_H10_AE_AF_mGAM_mBHI_2_S139,102316
41,D_D11_H10_AE_AF_mGAM_mBHI_4_S335,1,1308265,B_D7_H10_AE_AF_mGAM_mBHI_2_S139,102316
42,D_E1_A2_AA_AA_mBHI_mGAM_6_S337,22959,1436963,B_D7_H10_AE_AF_mGAM_mBHI_2_S139,102316
43,D_E3_A4_AE_AA_mBHI_mGAM_6_S339,22638,1417311,B_D7_H10_AE_AF_mGAM_mBHI_2_S139,102316
44,D_E6_A9_ACPP_AA_mGAM_mGAM_6_S342,20810,1303681,B_D7_H10_AE_AF_mGAM_mBHI_2_S139,102316
45,D_E7_A10_AE_AA_mGAM_mGAM_6_S343,21524,1343749,B_D7_H10_AE_AF_mGAM_mBHI_2_S139,102316
46,D_E9_E8_AA_AA_mGAM_mGAM_4_S345,22515,1400809,B_D7_H10_AE_AF_mGAM_mBHI_2_S139,102316
47,D_E11_E10_AE_AA_mGAM_mGAM_4_S347,22589,1397326,B_D7_H10_AE_AF_mGAM_mBHI_2_S139,102316
48,D_G1_C2_AA_AE_mBHI_mGAM_6_S361,10849,712918,B_D7_H10_AE_AF_mGAM_mBHI_2_S139,102316
49,D_H5_D8_AA_AF_mGAM_mGAM_6_S377,582,1125549,B_D7_H10_AE_AF_mGAM_mBHI_2_S139,102316
50,D10-e003Coalescence-mBHI-p3,46,721454,B_D7_H10_AE_AF_mGAM_mBHI_2_S139,102316
51,C2-e003Coalescence-mGAM-p7,23387,1453552,B_D7_H10_AE_AF_mGAM_mBHI_2_S139,102316
52,D10-e003Coalescence-mBHI-p5,43,723373,B_D7_H10_AE_AF_mGAM_mBHI_2_S139,102316
53,D8-e003Coalescence-mBHI-p5,8410,795854,B_D7_H10_AE_AF_mGAM_mBHI_2_S139,102316
54,A8-e003Coalescence-mBHI-p7,23580,1437763,B_D7_H10_AE_AF_mGAM_mBHI_2_S139,102316
55,A10-e003Coalescence-mGAM-p3,15237,960054,B_D7_H10_AE_AF_mGAM_mBHI_2_S139,102316
56,A8-e003Coalescence-mBHI-p5,17580,1099058,B_D7_H10_AE_AF_mGAM_mBHI_2_S139,102316
57,A10-e003Coalescence-mBHI-p7,18865,1171728,B_D7_H10_AE_AF_mGAM_mBHI_2_S139,102316
58,A2-e003Coalescence-mGAM-p5,17816,1119246,B_D7_H10_AE_AF_mGAM_mBHI_2_S139,102316
59,C8-e003Coalescence-mBHI-p5,20119,1251387,B_D7_H10_AE_AF_mGAM_mBHI_2_S139,102316
60,A11-e003Coalescence-mBHI-p3,21781,1455400,B_D7_H10_AE_AF_mGAM_mBHI_2_S139,102316
61,E2-e003Coalescence-mGAM-p7_S145,14910,960650,B_D7_H10_AE_AF_mGAM_mBHI_2_S139,102316
62,E8-e003Coalescence-mBHI-p5_S5,17755,1129168,B_D7_H10_AE_AF_mGAM_mBHI_2_S139,102316
63,H111-e003Coalescence-mBHI-p3_S144,7,1229895,B_D7_H10_AE_AF_mGAM_mBHI_2_S139,102316
64,E100-e003Coalescence-mGAM-p3_S155,20764,1310955,B_D7_H10_AE_AF_mGAM_mBHI_2_S139,102316
65,E111-e003Coalescence-mBHI-p5_S8,8083,719187,B_D7_H10_AE_AF_mGAM_mBHI_2_S139,102316
66,H100-e003Coalescence-mBHI-p5_S43,2,1043416,B_D7_H10_AE_AF_mGAM_mBHI_2_S139,102316
67,H8-e003Coalescence-mBHI-p7_S137,18065,1241668,B_D7_H10_AE_AF_mGAM_mBHI_2_S139,102316
68,G8-e003Coalescence-mGAM-p5_S77,21401,1348310,B_D7_H10_AE_AF_mGAM_mBHI_2_S139,102316
69,H8-e003Coalescence-mBHI-p5_S41,11910,797551,B_D7_H10_AE_AF_mGAM_mBHI_2_S139,102316
70,E100-e003Coalescence-mBHI-p5_S7,13648,890217,B_D7_H10_AE_AF_mGAM_mBHI_2_S139,102316
71,E100-e003Coalescence-mGAM-p5_S55,12514,809705,B_D7_H10_AE_AF_mGAM_mBHI_2_S139,102316
72,H111-e003Coalescence-mBHI-p5_S44,8,674095,B_D7_H10_AE_AF_mGAM_mBHI_2_S139,102316
73,E2-e003Coalescence-mGAM-p3_S57,16172,1046865,B_D7_H10_AE_AF_mGAM_mBHI_2_S139,102316
74,H100-e003Coalescence-mBHI-p7_S139,11,1277434,B_D7_H10_AE_AF_mGAM_mBHI_2_S139,102316
75,G8-e003Coalescence-mBHI-p5_S29,11642,748494,B_D7_H10_AE_AF_mGAM_mBHI_2_S139,102316
76,E8-e003Coalescence-mBHI-p3_S105,20543,1300226,B_D7_H10_AE_AF_mGAM_mBHI_2_S139,102316
77,E8-e003Coalescence-mGAM-p7_S149,22633,1417361,B_D7_H10_AE_AF_mGAM_mBHI_2_S139,102316
78,H8-e003Coalescence-mGAM-p7_S185,595,983015,B_D7_H10_AE_AF_mGAM_mBHI_2_S139,102316
79,A2-e003Coalescence-Inoculumn-mGAM,12368,766653,B_D7_H10_AE_AF_mGAM_mBHI_2_S139,102316
80,B8-e003Coalescence-mBHI-p1_S749,20173,1268450,B_D7_H10_AE_AF_mGAM_mBHI_2_S139,102316
81,A8-e003Coalescence-mBHI-p1_S748,20431,1289758,B_D7_H10_AE_AF_mGAM_mBHI_2_S139,102316
82,H8-e003Coalescence-mBHI-p1_S815,16323,1218424,B_D7_H10_AE_AF_mGAM_mBHI_2_S139,102316
83,E8-e003Coalescence-mBHI-p1_S812,22451,1401516,B_D7_H10_AE_AF_mGAM_mBHI_2_S139,102316
84,G8-e003Coalescence-mGAM-p1_S818,13138,827892,B_D7_H10_AE_AF_mGAM_mBHI_2_S139,102316
85,D8-e003Coalescence-mGAM-p1_S755,9606,701330,B_D7_H10_AE_AF_mGAM_mBHI_2_S139,102316
86,A9-e003Coalescence-mBHI-p1_S756,23058,1437416,B_D7_H10_AE_AF_mGAM_mBHI_2_S139,102316
87,E11-e003Coalescence-mBHI-p1_S836,22259,1451168,B_D7_H10_AE_AF_mGAM_mBHI_2_S139,102316
88,A10-e003Coalescence-mBHI-p1_S764,18586,1193259,B_D7_H10_AE_AF_mGAM_mBHI_2_S139,102316
89,A11-e003Coalescence-mBHI-p1_S772,17514,1248804,B_D7_H10_AE_AF_mGAM_mBHI_2_S139,102316
90,Coalescence-F2-E10-AA-AE-mGAM-mBHI-3_S681,22893,1425787,B_D7_H10_AE_AF_mGAM_mBHI_2_S139,102316
91,Coalescence-E8-D11-AF-AF-mGAM-mBHI-3_S675,2,1135698,B_D7_H10_AE_AF_mGAM_mBHI_2_S139,102316
92,Coalescence-F10-H8-AA-AF-mGAM-mGAM-3_S689,9494,1095751,B_D7_H10_AE_AF_mGAM_mBHI_2_S139,102316
93,Coalescence-A10-C11-AE-AF-mGAM-mBHI-7_S629,1,698926,B_D7_H10_AE_AF_mGAM_mBHI_2_S139,102316
94,C_E2_e003Assembly_S242,12054,781119,B_D7_H10_AE_AF_mGAM_mBHI_2_S139,102316
0,A_A5_A8_AA_AA_mGAM_mBHI_2_S5,19966,1417316,B_D11_D10_AE_AF_mGAM_mBHI_4_S143,102316
1,A_A8_A11_AF_AA_mGAM_mBHI_2_S8,12442,1079879,B_D11_D10_AE_AF_mGAM_mBHI_4_S143,102316
2,A_C5_C8_AA_AE_mGAM_mBHI_2_S29,20062,1427638,B_D11_D10_AE_AF_mGAM_mBHI_4_S143,102316
3,A_D5_D8_AA_AF_mGAM_mBHI_2_S41,9414,966462,B_D11_D10_AE_AF_mGAM_mBHI_4_S143,102316
4,A_D8_D11_AF_AF_mGAM_mBHI_2_S44,8,1169381,B_D11_D10_AE_AF_mGAM_mBHI_4_S143,102316
5,A_E5_A8_AA_AA_mGAM_mGAM_2_S53,14146,1019189,B_D11_D10_AE_AF_mGAM_mBHI_4_S143,102316
6,A_E9_A2_AA_AA_mBHI_mGAM_4_S57,19825,1413231,B_D11_D10_AE_AF_mGAM_mBHI_4_S143,102316
7,A_G1_C2_AA_AE_mBHI_mGAM_2_S73,9561,712175,B_D11_D10_AE_AF_mGAM_mBHI_4_S143,102316
8,A_G5_C8_AA_AE_mGAM_mGAM_2_S77,19861,1416857,B_D11_D10_AE_AF_mGAM_mBHI_4_S143,102316
9,A_G9_C2_AA_AE_mBHI_mGAM_4_S81,19546,1411062,B_D11_D10_AE_AF_mGAM_mBHI_4_S143,102316
10,B_A5_E8_AA_AA_mGAM_mBHI_2_S101,20097,1425704,B_D11_D10_AE_AF_mGAM_mBHI_4_S143,102316
11,B_A6_E9_ACPP_AA_mGAM_mBHI_2_S102,15500,1117375,B_D11_D10_AE_AF_mGAM_mBHI_4_S143,102316
12,B_A7_E10_AE_AA_mGAM_mBHI_2_S103,20125,1427518,B_D11_D10_AE_AF_mGAM_mBHI_4_S143,102316
13,B_A11_A10_AE_AA_mGAM_mBHI_4_S107,19400,1383768,B_D11_D10_AE_AF_mGAM_mBHI_4_S143,102316
14,B_A12_A11_AF_AA_mGAM_mBHI_4_S108,16875,1434911,B_D11_D10_AE_AF_mGAM_mBHI_4_S143,102316
15,B_C12_C11_AF_AE_mGAM_mBHI_4_S132,2,1052319,B_D11_D10_AE_AF_mGAM_mBHI_4_S143,102316
16,B_D7_H10_AE_AF_mGAM_mBHI_2_S139,3,1353892,B_D11_D10_AE_AF_mGAM_mBHI_4_S143,102316
17,B_D11_D10_AE_AF_mGAM_mBHI_4_S143,0,1203283,B_D11_D10_AE_AF_mGAM_mBHI_4_S143,102316
18,B_E5_E8_AA_AA_mGAM_mGAM_2_S149,12891,946657,B_D11_D10_AE_AF_mGAM_mBHI_4_S143,102316
19,B_E7_E10_AE_AA_mGAM_mGAM_2_S151,20263,1444031,B_D11_D10_AE_AF_mGAM_mBHI_4_S143,102316
20,B_E8_E11_AF_AA_mGAM_mGAM_2_S152,9732,849793,B_D11_D10_AE_AF_mGAM_mBHI_4_S143,102316
21,B_E11_A10_AE_AA_mGAM_mGAM_4_S155,14186,1028220,B_D11_D10_AE_AF_mGAM_mBHI_4_S143,102316
22,B_G1_G2_AA_AE_mBHI_mGAM_2_S169,14247,1033473,B_D11_D10_AE_AF_mGAM_mBHI_4_S143,102316
23,B_H5_H8_AA_AF_mGAM_mGAM_2_S185,15208,1427983,B_D11_D10_AE_AF_mGAM_mBHI_4_S143,102316
24,C_C5_C8_AA_AE_mGAM_mBHI_6_S221,13533,977407,B_D11_D10_AE_AF_mGAM_mBHI_4_S143,102316
25,C_C8_C11_AF_AE_mGAM_mBHI_6_S224,4,1218207,B_D11_D10_AE_AF_mGAM_mBHI_4_S143,102316
26,C_D5_D8_AA_AF_mGAM_mBHI_6_S233,9258,1127572,B_D11_D10_AE_AF_mGAM_mBHI_4_S143,102316
27,C_D7_D10_AE_AF_mGAM_mBHI_6_S235,0,1404179,B_D11_D10_AE_AF_mGAM_mBHI_4_S143,102316
28,C_E5_A8_AA_AA_mGAM_mGAM_6_S245,20077,1431755,B_D11_D10_AE_AF_mGAM_mBHI_4_S143,102316
29,C_E7_A10_AE_AA_mGAM_mGAM_6_S247,19857,1413289,B_D11_D10_AE_AF_mGAM_mBHI_4_S143,102316
30,C_E9_E2_AA_AA_mBHI_mGAM_4_S249,19522,1403356,B_D11_D10_AE_AF_mGAM_mBHI_4_S143,102316
31,C_E11_E4_AE_AA_mBHI_mGAM_4_S251,19821,1422885,B_D11_D10_AE_AF_mGAM_mBHI_4_S143,102316
32,D_A6_A9_ACPP_AA_mGAM_mBHI_6_S294,20291,1440130,B_D11_D10_AE_AF_mGAM_mBHI_4_S143,102316
33,D_A7_A10_AE_AA_mGAM_mBHI_6_S295,20235,1433602,B_D11_D10_AE_AF_mGAM_mBHI_4_S143,102316
34,D_A8_A11_AF_AA_mGAM_mBHI_6_S296,15196,1436671,B_D11_D10_AE_AF_mGAM_mBHI_4_S143,102316
35,D_A9_E8_AA_AA_mGAM_mBHI_4_S297,20254,1437286,B_D11_D10_AE_AF_mGAM_mBHI_4_S143,102316
36,D_A12_E11_AF_AA_mGAM_mBHI_4_S300,15940,1396823,B_D11_D10_AE_AF_mGAM_mBHI_4_S143,102316
37,D_C8_C11_AF_AE_mGAM_mBHI_6_S320,1,1292174,B_D11_D10_AE_AF_mGAM_mBHI_4_S143,102316
38,D_C9_G8_AA_AE_mGAM_mBHI_4_S321,15302,1110163,B_D11_D10_AE_AF_mGAM_mBHI_4_S143,102316
39,D_C12_G11_AF_AE_mGAM_mBHI_4_S324,3,1330220,B_D11_D10_AE_AF_mGAM_mBHI_4_S143,102316
40,D_D7_D10_AE_AF_mGAM_mBHI_6_S331,4,1338259,B_D11_D10_AE_AF_mGAM_mBHI_4_S143,102316
41,D_D11_H10_AE_AF_mGAM_mBHI_4_S335,3,1308265,B_D11_D10_AE_AF_mGAM_mBHI_4_S143,102316
42,D_E1_A2_AA_AA_mBHI_mGAM_6_S337,20052,1436963,B_D11_D10_AE_AF_mGAM_mBHI_4_S143,102316
43,D_E3_A4_AE_AA_mBHI_mGAM_6_S339,19813,1417311,B_D11_D10_AE_AF_mGAM_mBHI_4_S143,102316
44,D_E6_A9_ACPP_AA_mGAM_mGAM_6_S342,18243,1303681,B_D11_D10_AE_AF_mGAM_mBHI_4_S143,102316
45,D_E7_A10_AE_AA_mGAM_mGAM_6_S343,18857,1343749,B_D11_D10_AE_AF_mGAM_mBHI_4_S143,102316
46,D_E9_E8_AA_AA_mGAM_mGAM_4_S345,19709,1400809,B_D11_D10_AE_AF_mGAM_mBHI_4_S143,102316
47,D_E11_E10_AE_AA_mGAM_mGAM_4_S347,19749,1397326,B_D11_D10_AE_AF_mGAM_mBHI_4_S143,102316
48,D_G1_C2_AA_AE_mBHI_mGAM_6_S361,9572,712918,B_D11_D10_AE_AF_mGAM_mBHI_4_S143,102316
49,D_H5_D8_AA_AF_mGAM_mGAM_6_S377,458,1125549,B_D11_D10_AE_AF_mGAM_mBHI_4_S143,102316
50,D10-e003Coalescence-mBHI-p3,33,721454,B_D11_D10_AE_AF_mGAM_mBHI_4_S143,102316
51,C2-e003Coalescence-mGAM-p7,20484,1453552,B_D11_D10_AE_AF_mGAM_mBHI_4_S143,102316
52,D10-e003Coalescence-mBHI-p5,28,723373,B_D11_D10_AE_AF_mGAM_mBHI_4_S143,102316
53,D8-e003Coalescence-mBHI-p5,7336,795854,B_D11_D10_AE_AF_mGAM_mBHI_4_S143,102316
54,A8-e003Coalescence-mBHI-p7,20589,1437763,B_D11_D10_AE_AF_mGAM_mBHI_4_S143,102316
55,A10-e003Coalescence-mGAM-p3,13454,960054,B_D11_D10_AE_AF_mGAM_mBHI_4_S143,102316
56,A8-e003Coalescence-mBHI-p5,15457,1099058,B_D11_D10_AE_AF_mGAM_mBHI_4_S143,102316
57,A10-e003Coalescence-mBHI-p7,16615,1171728,B_D11_D10_AE_AF_mGAM_mBHI_4_S143,102316
58,A2-e003Coalescence-mGAM-p5,15683,1119246,B_D11_D10_AE_AF_mGAM_mBHI_4_S143,102316
59,C8-e003Coalescence-mBHI-p5,17661,1251387,B_D11_D10_AE_AF_mGAM_mBHI_4_S143,102316
60,A11-e003Coalescence-mBHI-p3,19068,1455400,B_D11_D10_AE_AF_mGAM_mBHI_4_S143,102316
61,E2-e003Coalescence-mGAM-p7_S145,13143,960650,B_D11_D10_AE_AF_mGAM_mBHI_4_S143,102316
62,E8-e003Coalescence-mBHI-p5_S5,15660,1129168,B_D11_D10_AE_AF_mGAM_mBHI_4_S143,102316
63,H111-e003Coalescence-mBHI-p3_S144,16,1229895,B_D11_D10_AE_AF_mGAM_mBHI_4_S143,102316
64,E100-e003Coalescence-mGAM-p3_S155,18216,1310955,B_D11_D10_AE_AF_mGAM_mBHI_4_S143,102316
65,E111-e003Coalescence-mBHI-p5_S8,7084,719187,B_D11_D10_AE_AF_mGAM_mBHI_4_S143,102316
66,H100-e003Coalescence-mBHI-p5_S43,2,1043416,B_D11_D10_AE_AF_mGAM_mBHI_4_S143,102316
67,H8-e003Coalescence-mBHI-p7_S137,15936,1241668,B_D11_D10_AE_AF_mGAM_mBHI_4_S143,102316
68,G8-e003Coalescence-mGAM-p5_S77,18732,1348310,B_D11_D10_AE_AF_mGAM_mBHI_4_S143,102316
69,H8-e003Coalescence-mBHI-p5_S41,10445,797551,B_D11_D10_AE_AF_mGAM_mBHI_4_S143,102316
70,E100-e003Coalescence-mBHI-p5_S7,12136,890217,B_D11_D10_AE_AF_mGAM_mBHI_4_S143,102316
71,E100-e003Coalescence-mGAM-p5_S55,11028,809705,B_D11_D10_AE_AF_mGAM_mBHI_4_S143,102316
72,H111-e003Coalescence-mBHI-p5_S44,6,674095,B_D11_D10_AE_AF_mGAM_mBHI_4_S143,102316
73,E2-e003Coalescence-mGAM-p3_S57,14340,1046865,B_D11_D10_AE_AF_mGAM_mBHI_4_S143,102316
74,H100-e003Coalescence-mBHI-p7_S139,1,1277434,B_D11_D10_AE_AF_mGAM_mBHI_4_S143,102316
75,G8-e003Coalescence-mBHI-p5_S29,10251,748494,B_D11_D10_AE_AF_mGAM_mBHI_4_S143,102316
76,E8-e003Coalescence-mBHI-p3_S105,18114,1300226,B_D11_D10_AE_AF_mGAM_mBHI_4_S143,102316
77,E8-e003Coalescence-mGAM-p7_S149,19882,1417361,B_D11_D10_AE_AF_mGAM_mBHI_4_S143,102316
78,H8-e003Coalescence-mGAM-p7_S185,458,983015,B_D11_D10_AE_AF_mGAM_mBHI_4_S143,102316
79,A2-e003Coalescence-Inoculumn-mGAM,10864,766653,B_D11_D10_AE_AF_mGAM_mBHI_4_S143,102316
80,B8-e003Coalescence-mBHI-p1_S749,17696,1268450,B_D11_D10_AE_AF_mGAM_mBHI_4_S143,102316
81,A8-e003Coalescence-mBHI-p1_S748,17875,1289758,B_D11_D10_AE_AF_mGAM_mBHI_4_S143,102316
82,H8-e003Coalescence-mBHI-p1_S815,14399,1218424,B_D11_D10_AE_AF_mGAM_mBHI_4_S143,102316
83,E8-e003Coalescence-mBHI-p1_S812,19672,1401516,B_D11_D10_AE_AF_mGAM_mBHI_4_S143,102316
84,G8-e003Coalescence-mGAM-p1_S818,11673,827892,B_D11_D10_AE_AF_mGAM_mBHI_4_S143,102316
85,D8-e003Coalescence-mGAM-p1_S755,8471,701330,B_D11_D10_AE_AF_mGAM_mBHI_4_S143,102316
86,A9-e003Coalescence-mBHI-p1_S756,20153,1437416,B_D11_D10_AE_AF_mGAM_mBHI_4_S143,102316
87,E11-e003Coalescence-mBHI-p1_S836,19475,1451168,B_D11_D10_AE_AF_mGAM_mBHI_4_S143,102316
88,A10-e003Coalescence-mBHI-p1_S764,16335,1193259,B_D11_D10_AE_AF_mGAM_mBHI_4_S143,102316
89,A11-e003Coalescence-mBHI-p1_S772,15418,1248804,B_D11_D10_AE_AF_mGAM_mBHI_4_S143,102316
90,Coalescence-F2-E10-AA-AE-mGAM-mBHI-3_S681,20050,1425787,B_D11_D10_AE_AF_mGAM_mBHI_4_S143,102316
91,Coalescence-E8-D11-AF-AF-mGAM-mBHI-3_S675,11,1135698,B_D11_D10_AE_AF_mGAM_mBHI_4_S143,102316
92,Coalescence-F10-H8-AA-AF-mGAM-mGAM-3_S689,8243,1095751,B_D11_D10_AE_AF_mGAM_mBHI_4_S143,102316
93,Coalescence-A10-C11-AE-AF-mGAM-mBHI-7_S629,3,698926,B_D11_D10_AE_AF_mGAM_mBHI_4_S143,102316
94,C_E2_e003Assembly_S242,10655,781119,B_D11_D10_AE_AF_mGAM_mBHI_4_S143,102316
0,A_A5_A8_AA_AA_mGAM_mBHI_2_S5,20,1417316,B_E5_E8_AA_AA_mGAM_mGAM_2_S149,102316
1,A_A8_A11_AF_AA_mGAM_mBHI_2_S8,14,1079879,B_E5_E8_AA_AA_mGAM_mGAM_2_S149,102316
2,A_C5_C8_AA_AE_mGAM_mBHI_2_S29,37,1427638,B_E5_E8_AA_AA_mGAM_mGAM_2_S149,102316
3,A_D5_D8_AA_AF_mGAM_mBHI_2_S41,39,966462,B_E5_E8_AA_AA_mGAM_mGAM_2_S149,102316
4,A_D8_D11_AF_AF_mGAM_mBHI_2_S44,12471,1169381,B_E5_E8_AA_AA_mGAM_mGAM_2_S149,102316
5,A_E5_A8_AA_AA_mGAM_mGAM_2_S53,0,1019189,B_E5_E8_AA_AA_mGAM_mGAM_2_S149,102316
6,A_E9_A2_AA_AA_mBHI_mGAM_4_S57,37,1413231,B_E5_E8_AA_AA_mGAM_mGAM_2_S149,102316
7,A_G1_C2_AA_AE_mBHI_mGAM_2_S73,33,712175,B_E5_E8_AA_AA_mGAM_mGAM_2_S149,102316
8,A_G5_C8_AA_AE_mGAM_mGAM_2_S77,0,1416857,B_E5_E8_AA_AA_mGAM_mGAM_2_S149,102316
9,A_G9_C2_AA_AE_mBHI_mGAM_4_S81,33,1411062,B_E5_E8_AA_AA_mGAM_mGAM_2_S149,102316
10,B_A5_E8_AA_AA_mGAM_mBHI_2_S101,36,1425704,B_E5_E8_AA_AA_mGAM_mGAM_2_S149,102316
11,B_A6_E9_ACPP_AA_mGAM_mBHI_2_S102,18,1117375,B_E5_E8_AA_AA_mGAM_mGAM_2_S149,102316
12,B_A7_E10_AE_AA_mGAM_mBHI_2_S103,23,1427518,B_E5_E8_AA_AA_mGAM_mGAM_2_S149,102316
13,B_A11_A10_AE_AA_mGAM_mBHI_4_S107,30,1383768,B_E5_E8_AA_AA_mGAM_mGAM_2_S149,102316
14,B_A12_A11_AF_AA_mGAM_mBHI_4_S108,19,1434911,B_E5_E8_AA_AA_mGAM_mGAM_2_S149,102316
15,B_C12_C11_AF_AE_mGAM_mBHI_4_S132,11155,1052319,B_E5_E8_AA_AA_mGAM_mGAM_2_S149,102316
16,B_D7_H10_AE_AF_mGAM_mBHI_2_S139,14616,1353892,B_E5_E8_AA_AA_mGAM_mGAM_2_S149,102316
17,B_D11_D10_AE_AF_mGAM_mBHI_4_S143,12891,1203283,B_E5_E8_AA_AA_mGAM_mGAM_2_S149,102316
18,B_E5_E8_AA_AA_mGAM_mGAM_2_S149,0,946657,B_E5_E8_AA_AA_mGAM_mGAM_2_S149,102316
19,B_E7_E10_AE_AA_mGAM_mGAM_2_S151,15,1444031,B_E5_E8_AA_AA_mGAM_mGAM_2_S149,102316
20,B_E8_E11_AF_AA_mGAM_mGAM_2_S152,14,849793,B_E5_E8_AA_AA_mGAM_mGAM_2_S149,102316
21,B_E11_A10_AE_AA_mGAM_mGAM_4_S155,9,1028220,B_E5_E8_AA_AA_mGAM_mGAM_2_S149,102316
22,B_G1_G2_AA_AE_mBHI_mGAM_2_S169,32,1033473,B_E5_E8_AA_AA_mGAM_mGAM_2_S149,102316
23,B_H5_H8_AA_AF_mGAM_mGAM_2_S185,2,1427983,B_E5_E8_AA_AA_mGAM_mGAM_2_S149,102316
24,C_C5_C8_AA_AE_mGAM_mBHI_6_S221,14,977407,B_E5_E8_AA_AA_mGAM_mGAM_2_S149,102316
25,C_C8_C11_AF_AE_mGAM_mBHI_6_S224,13079,1218207,B_E5_E8_AA_AA_mGAM_mGAM_2_S149,102316
26,C_D5_D8_AA_AF_mGAM_mBHI_6_S233,59,1127572,B_E5_E8_AA_AA_mGAM_mGAM_2_S149,102316
27,C_D7_D10_AE_AF_mGAM_mBHI_6_S235,15162,1404179,B_E5_E8_AA_AA_mGAM_mGAM_2_S149,102316
28,C_E5_A8_AA_AA_mGAM_mGAM_6_S245,0,1431755,B_E5_E8_AA_AA_mGAM_mGAM_2_S149,102316
29,C_E7_A10_AE_AA_mGAM_mGAM_6_S247,27,1413289,B_E5_E8_AA_AA_mGAM_mGAM_2_S149,102316
30,C_E9_E2_AA_AA_mBHI_mGAM_4_S249,38,1403356,B_E5_E8_AA_AA_mGAM_mGAM_2_S149,102316
31,C_E11_E4_AE_AA_mBHI_mGAM_4_S251,25,1422885,B_E5_E8_AA_AA_mGAM_mGAM_2_S149,102316
32,D_A6_A9_ACPP_AA_mGAM_mBHI_6_S294,24,1440130,B_E5_E8_AA_AA_mGAM_mGAM_2_S149,102316
33,D_A7_A10_AE_AA_mGAM_mBHI_6_S295,16,1433602,B_E5_E8_AA_AA_mGAM_mGAM_2_S149,102316
34,D_A8_A11_AF_AA_mGAM_mBHI_6_S296,28,1436671,B_E5_E8_AA_AA_mGAM_mGAM_2_S149,102316
35,D_A9_E8_AA_AA_mGAM_mBHI_4_S297,26,1437286,B_E5_E8_AA_AA_mGAM_mGAM_2_S149,102316
36,D_A12_E11_AF_AA_mGAM_mBHI_4_S300,25,1396823,B_E5_E8_AA_AA_mGAM_mGAM_2_S149,102316
37,D_C8_C11_AF_AE_mGAM_mBHI_6_S320,13744,1292174,B_E5_E8_AA_AA_mGAM_mGAM_2_S149,102316
38,D_C9_G8_AA_AE_mGAM_mBHI_4_S321,17,1110163,B_E5_E8_AA_AA_mGAM_mGAM_2_S149,102316
39,D_C12_G11_AF_AE_mGAM_mBHI_4_S324,14412,1330220,B_E5_E8_AA_AA_mGAM_mGAM_2_S149,102316
40,D_D7_D10_AE_AF_mGAM_mBHI_6_S331,14334,1338259,B_E5_E8_AA_AA_mGAM_mGAM_2_S149,102316
41,D_D11_H10_AE_AF_mGAM_mBHI_4_S335,14153,1308265,B_E5_E8_AA_AA_mGAM_mGAM_2_S149,102316
42,D_E1_A2_AA_AA_mBHI_mGAM_6_S337,34,1436963,B_E5_E8_AA_AA_mGAM_mGAM_2_S149,102316
43,D_E3_A4_AE_AA_mBHI_mGAM_6_S339,19,1417311,B_E5_E8_AA_AA_mGAM_mGAM_2_S149,102316
44,D_E6_A9_ACPP_AA_mGAM_mGAM_6_S342,10,1303681,B_E5_E8_AA_AA_mGAM_mGAM_2_S149,102316
45,D_E7_A10_AE_AA_mGAM_mGAM_6_S343,28,1343749,B_E5_E8_AA_AA_mGAM_mGAM_2_S149,102316
46,D_E9_E8_AA_AA_mGAM_mGAM_4_S345,0,1400809,B_E5_E8_AA_AA_mGAM_mGAM_2_S149,102316
47,D_E11_E10_AE_AA_mGAM_mGAM_4_S347,26,1397326,B_E5_E8_AA_AA_mGAM_mGAM_2_S149,102316
48,D_G1_C2_AA_AE_mBHI_mGAM_6_S361,19,712918,B_E5_E8_AA_AA_mGAM_mGAM_2_S149,102316
49,D_H5_D8_AA_AF_mGAM_mGAM_6_S377,2662,1125549,B_E5_E8_AA_AA_mGAM_mGAM_2_S149,102316
50,D10-e003Coalescence-mBHI-p3,7803,721454,B_E5_E8_AA_AA_mGAM_mGAM_2_S149,102316
51,C2-e003Coalescence-mGAM-p7,65,1453552,B_E5_E8_AA_AA_mGAM_mGAM_2_S149,102316
52,D10-e003Coalescence-mBHI-p5,7738,723373,B_E5_E8_AA_AA_mGAM_mGAM_2_S149,102316
53,D8-e003Coalescence-mBHI-p5,99,795854,B_E5_E8_AA_AA_mGAM_mGAM_2_S149,102316
54,A8-e003Coalescence-mBHI-p7,46,1437763,B_E5_E8_AA_AA_mGAM_mGAM_2_S149,102316
55,A10-e003Coalescence-mGAM-p3,28,960054,B_E5_E8_AA_AA_mGAM_mGAM_2_S149,102316
56,A8-e003Coalescence-mBHI-p5,29,1099058,B_E5_E8_AA_AA_mGAM_mGAM_2_S149,102316
57,A10-e003Coalescence-mBHI-p7,41,1171728,B_E5_E8_AA_AA_mGAM_mGAM_2_S149,102316
58,A2-e003Coalescence-mGAM-p5,42,1119246,B_E5_E8_AA_AA_mGAM_mGAM_2_S149,102316
59,C8-e003Coalescence-mBHI-p5,42,1251387,B_E5_E8_AA_AA_mGAM_mGAM_2_S149,102316
60,A11-e003Coalescence-mBHI-p3,47,1455400,B_E5_E8_AA_AA_mGAM_mGAM_2_S149,102316
61,E2-e003Coalescence-mGAM-p7_S145,19,960650,B_E5_E8_AA_AA_mGAM_mGAM_2_S149,102316
62,E8-e003Coalescence-mBHI-p5_S5,19,1129168,B_E5_E8_AA_AA_mGAM_mGAM_2_S149,102316
63,H111-e003Coalescence-mBHI-p3_S144,13250,1229895,B_E5_E8_AA_AA_mGAM_mGAM_2_S149,102316
64,E100-e003Coalescence-mGAM-p3_S155,21,1310955,B_E5_E8_AA_AA_mGAM_mGAM_2_S149,102316
65,E111-e003Coalescence-mBHI-p5_S8,45,719187,B_E5_E8_AA_AA_mGAM_mGAM_2_S149,102316
66,H100-e003Coalescence-mBHI-p5_S43,10955,1043416,B_E5_E8_AA_AA_mGAM_mGAM_2_S149,102316
67,H8-e003Coalescence-mBHI-p7_S137,38,1241668,B_E5_E8_AA_AA_mGAM_mGAM_2_S149,102316
68,G8-e003Coalescence-mGAM-p5_S77,6,1348310,B_E5_E8_AA_AA_mGAM_mGAM_2_S149,102316
69,H8-e003Coalescence-mBHI-p5_S41,32,797551,B_E5_E8_AA_AA_mGAM_mGAM_2_S149,102316
70,E100-e003Coalescence-mBHI-p5_S7,15,890217,B_E5_E8_AA_AA_mGAM_mGAM_2_S149,102316
71,E100-e003Coalescence-mGAM-p5_S55,22,809705,B_E5_E8_AA_AA_mGAM_mGAM_2_S149,102316
72,H111-e003Coalescence-mBHI-p5_S44,7047,674095,B_E5_E8_AA_AA_mGAM_mGAM_2_S149,102316
73,E2-e003Coalescence-mGAM-p3_S57,22,1046865,B_E5_E8_AA_AA_mGAM_mGAM_2_S149,102316
74,H100-e003Coalescence-mBHI-p7_S139,13611,1277434,B_E5_E8_AA_AA_mGAM_mGAM_2_S149,102316
75,G8-e003Coalescence-mBHI-p5_S29,15,748494,B_E5_E8_AA_AA_mGAM_mGAM_2_S149,102316
76,E8-e003Coalescence-mBHI-p3_S105,21,1300226,B_E5_E8_AA_AA_mGAM_mGAM_2_S149,102316
77,E8-e003Coalescence-mGAM-p7_S149,0,1417361,B_E5_E8_AA_AA_mGAM_mGAM_2_S149,102316
78,H8-e003Coalescence-mGAM-p7_S185,3308,983015,B_E5_E8_AA_AA_mGAM_mGAM_2_S149,102316
79,A2-e003Coalescence-Inoculumn-mGAM,11,766653,B_E5_E8_AA_AA_mGAM_mGAM_2_S149,102316
80,B8-e003Coalescence-mBHI-p1_S749,40,1268450,B_E5_E8_AA_AA_mGAM_mGAM_2_S149,102316
81,A8-e003Coalescence-mBHI-p1_S748,25,1289758,B_E5_E8_AA_AA_mGAM_mGAM_2_S149,102316
82,H8-e003Coalescence-mBHI-p1_S815,16,1218424,B_E5_E8_AA_AA_mGAM_mGAM_2_S149,102316
83,E8-e003Coalescence-mBHI-p1_S812,40,1401516,B_E5_E8_AA_AA_mGAM_mGAM_2_S149,102316
84,G8-e003Coalescence-mGAM-p1_S818,1,827892,B_E5_E8_AA_AA_mGAM_mGAM_2_S149,102316
85,D8-e003Coalescence-mGAM-p1_S755,6,701330,B_E5_E8_AA_AA_mGAM_mGAM_2_S149,102316
86,A9-e003Coalescence-mBHI-p1_S756,54,1437416,B_E5_E8_AA_AA_mGAM_mGAM_2_S149,102316
87,E11-e003Coalescence-mBHI-p1_S836,17,1451168,B_E5_E8_AA_AA_mGAM_mGAM_2_S149,102316
88,A10-e003Coalescence-mBHI-p1_S764,26,1193259,B_E5_E8_AA_AA_mGAM_mGAM_2_S149,102316
89,A11-e003Coalescence-mBHI-p1_S772,24,1248804,B_E5_E8_AA_AA_mGAM_mGAM_2_S149,102316
90,Coalescence-F2-E10-AA-AE-mGAM-mBHI-3_S681,22,1425787,B_E5_E8_AA_AA_mGAM_mGAM_2_S149,102316
91,Coalescence-E8-D11-AF-AF-mGAM-mBHI-3_S675,12178,1135698,B_E5_E8_AA_AA_mGAM_mGAM_2_S149,102316
92,Coalescence-F10-H8-AA-AF-mGAM-mGAM-3_S689,97,1095751,B_E5_E8_AA_AA_mGAM_mGAM_2_S149,102316
93,Coalescence-A10-C11-AE-AF-mGAM-mBHI-7_S629,7383,698926,B_E5_E8_AA_AA_mGAM_mGAM_2_S149,102316
94,C_E2_e003Assembly_S242,8,781119,B_E5_E8_AA_AA_mGAM_mGAM_2_S149,102316
0,A_A5_A8_AA_AA_mGAM_mBHI_2_S5,12,1417316,B_E7_E10_AE_AA_mGAM_mGAM_2_S151,102316
1,A_A8_A11_AF_AA_mGAM_mBHI_2_S8,19,1079879,B_E7_E10_AE_AA_mGAM_mGAM_2_S151,102316
2,A_C5_C8_AA_AE_mGAM_mBHI_2_S29,8,1427638,B_E7_E10_AE_AA_mGAM_mGAM_2_S151,102316
3,A_D5_D8_AA_AF_mGAM_mBHI_2_S41,39,966462,B_E7_E10_AE_AA_mGAM_mGAM_2_S151,102316
4,A_D8_D11_AF_AF_mGAM_mBHI_2_S44,19642,1169381,B_E7_E10_AE_AA_mGAM_mGAM_2_S151,102316
5,A_E5_A8_AA_AA_mGAM_mGAM_2_S53,27,1019189,B_E7_E10_AE_AA_mGAM_mGAM_2_S151,102316
6,A_E9_A2_AA_AA_mBHI_mGAM_4_S57,27,1413231,B_E7_E10_AE_AA_mGAM_mGAM_2_S151,102316
7,A_G1_C2_AA_AE_mBHI_mGAM_2_S73,29,712175,B_E7_E10_AE_AA_mGAM_mGAM_2_S151,102316
8,A_G5_C8_AA_AE_mGAM_mGAM_2_S77,5,1416857,B_E7_E10_AE_AA_mGAM_mGAM_2_S151,102316
9,A_G9_C2_AA_AE_mBHI_mGAM_4_S81,35,1411062,B_E7_E10_AE_AA_mGAM_mGAM_2_S151,102316
10,B_A5_E8_AA_AA_mGAM_mBHI_2_S101,8,1425704,B_E7_E10_AE_AA_mGAM_mGAM_2_S151,102316
11,B_A6_E9_ACPP_AA_mGAM_mBHI_2_S102,26,1117375,B_E7_E10_AE_AA_mGAM_mGAM_2_S151,102316
12,B_A7_E10_AE_AA_mGAM_mBHI_2_S103,15,1427518,B_E7_E10_AE_AA_mGAM_mGAM_2_S151,102316
13,B_A11_A10_AE_AA_mGAM_mBHI_4_S107,38,1383768,B_E7_E10_AE_AA_mGAM_mGAM_2_S151,102316
14,B_A12_A11_AF_AA_mGAM_mBHI_4_S108,23,1434911,B_E7_E10_AE_AA_mGAM_mGAM_2_S151,102316
15,B_C12_C11_AF_AE_mGAM_mBHI_4_S132,17573,1052319,B_E7_E10_AE_AA_mGAM_mGAM_2_S151,102316
16,B_D7_H10_AE_AF_mGAM_mBHI_2_S139,23144,1353892,B_E7_E10_AE_AA_mGAM_mGAM_2_S151,102316
17,B_D11_D10_AE_AF_mGAM_mBHI_4_S143,20263,1203283,B_E7_E10_AE_AA_mGAM_mGAM_2_S151,102316
18,B_E5_E8_AA_AA_mGAM_mGAM_2_S149,15,946657,B_E7_E10_AE_AA_mGAM_mGAM_2_S151,102316
19,B_E7_E10_AE_AA_mGAM_mGAM_2_S151,0,1444031,B_E7_E10_AE_AA_mGAM_mGAM_2_S151,102316
20,B_E8_E11_AF_AA_mGAM_mGAM_2_S152,20,849793,B_E7_E10_AE_AA_mGAM_mGAM_2_S151,102316
21,B_E11_A10_AE_AA_mGAM_mGAM_4_S155,14,1028220,B_E7_E10_AE_AA_mGAM_mGAM_2_S151,102316
22,B_G1_G2_AA_AE_mBHI_mGAM_2_S169,47,1033473,B_E7_E10_AE_AA_mGAM_mGAM_2_S151,102316
23,B_H5_H8_AA_AF_mGAM_mGAM_2_S185,7,1427983,B_E7_E10_AE_AA_mGAM_mGAM_2_S151,102316
24,C_C5_C8_AA_AE_mGAM_mBHI_6_S221,16,977407,B_E7_E10_AE_AA_mGAM_mGAM_2_S151,102316
25,C_C8_C11_AF_AE_mGAM_mBHI_6_S224,20517,1218207,B_E7_E10_AE_AA_mGAM_mGAM_2_S151,102316
26,C_D5_D8_AA_AF_mGAM_mBHI_6_S233,96,1127572,B_E7_E10_AE_AA_mGAM_mGAM_2_S151,102316
27,C_D7_D10_AE_AF_mGAM_mBHI_6_S235,24031,1404179,B_E7_E10_AE_AA_mGAM_mGAM_2_S151,102316
28,C_E5_A8_AA_AA_mGAM_mGAM_6_S245,14,1431755,B_E7_E10_AE_AA_mGAM_mGAM_2_S151,102316
29,C_E7_A10_AE_AA_mGAM_mGAM_6_S247,6,1413289,B_E7_E10_AE_AA_mGAM_mGAM_2_S151,102316
30,C_E9_E2_AA_AA_mBHI_mGAM_4_S249,27,1403356,B_E7_E10_AE_AA_mGAM_mGAM_2_S151,102316
31,C_E11_E4_AE_AA_mBHI_mGAM_4_S251,36,1422885,B_E7_E10_AE_AA_mGAM_mGAM_2_S151,102316
32,D_A6_A9_ACPP_AA_mGAM_mBHI_6_S294,10,1440130,B_E7_E10_AE_AA_mGAM_mGAM_2_S151,102316
33,D_A7_A10_AE_AA_mGAM_mBHI_6_S295,18,1433602,B_E7_E10_AE_AA_mGAM_mGAM_2_S151,102316
34,D_A8_A11_AF_AA_mGAM_mBHI_6_S296,34,1436671,B_E7_E10_AE_AA_mGAM_mGAM_2_S151,102316
35,D_A9_E8_AA_AA_mGAM_mBHI_4_S297,12,1437286,B_E7_E10_AE_AA_mGAM_mGAM_2_S151,102316
36,D_A12_E11_AF_AA_mGAM_mBHI_4_S300,41,1396823,B_E7_E10_AE_AA_mGAM_mGAM_2_S151,102316
37,D_C8_C11_AF_AE_mGAM_mBHI_6_S320,21822,1292174,B_E7_E10_AE_AA_mGAM_mGAM_2_S151,102316
38,D_C9_G8_AA_AE_mGAM_mBHI_4_S321,25,1110163,B_E7_E10_AE_AA_mGAM_mGAM_2_S151,102316
39,D_C12_G11_AF_AE_mGAM_mBHI_4_S324,22644,1330220,B_E7_E10_AE_AA_mGAM_mGAM_2_S151,102316
40,D_D7_D10_AE_AF_mGAM_mBHI_6_S331,22698,1338259,B_E7_E10_AE_AA_mGAM_mGAM_2_S151,102316
41,D_D11_H10_AE_AF_mGAM_mBHI_4_S335,22342,1308265,B_E7_E10_AE_AA_mGAM_mGAM_2_S151,102316
42,D_E1_A2_AA_AA_mBHI_mGAM_6_S337,21,1436963,B_E7_E10_AE_AA_mGAM_mGAM_2_S151,102316
43,D_E3_A4_AE_AA_mBHI_mGAM_6_S339,40,1417311,B_E7_E10_AE_AA_mGAM_mGAM_2_S151,102316
44,D_E6_A9_ACPP_AA_mGAM_mGAM_6_S342,0,1303681,B_E7_E10_AE_AA_mGAM_mGAM_2_S151,102316
45,D_E7_A10_AE_AA_mGAM_mGAM_6_S343,15,1343749,B_E7_E10_AE_AA_mGAM_mGAM_2_S151,102316
46,D_E9_E8_AA_AA_mGAM_mGAM_4_S345,49,1400809,B_E7_E10_AE_AA_mGAM_mGAM_2_S151,102316
47,D_E11_E10_AE_AA_mGAM_mGAM_4_S347,13,1397326,B_E7_E10_AE_AA_mGAM_mGAM_2_S151,102316
48,D_G1_C2_AA_AE_mBHI_mGAM_6_S361,22,712918,B_E7_E10_AE_AA_mGAM_mGAM_2_S151,102316
49,D_H5_D8_AA_AF_mGAM_mGAM_6_S377,4321,1125549,B_E7_E10_AE_AA_mGAM_mGAM_2_S151,102316
50,D10-e003Coalescence-mBHI-p3,12137,721454,B_E7_E10_AE_AA_mGAM_mGAM_2_S151,102316
51,C2-e003Coalescence-mGAM-p7,115,1453552,B_E7_E10_AE_AA_mGAM_mGAM_2_S151,102316
52,D10-e003Coalescence-mBHI-p5,12059,723373,B_E7_E10_AE_AA_mGAM_mGAM_2_S151,102316
53,D8-e003Coalescence-mBHI-p5,128,795854,B_E7_E10_AE_AA_mGAM_mGAM_2_S151,102316
54,A8-e003Coalescence-mBHI-p7,84,1437763,B_E7_E10_AE_AA_mGAM_mGAM_2_S151,102316
55,A10-e003Coalescence-mGAM-p3,37,960054,B_E7_E10_AE_AA_mGAM_mGAM_2_S151,102316
56,A8-e003Coalescence-mBHI-p5,46,1099058,B_E7_E10_AE_AA_mGAM_mGAM_2_S151,102316
57,A10-e003Coalescence-mBHI-p7,74,1171728,B_E7_E10_AE_AA_mGAM_mGAM_2_S151,102316
58,A2-e003Coalescence-mGAM-p5,68,1119246,B_E7_E10_AE_AA_mGAM_mGAM_2_S151,102316
59,C8-e003Coalescence-mBHI-p5,61,1251387,B_E7_E10_AE_AA_mGAM_mGAM_2_S151,102316
60,A11-e003Coalescence-mBHI-p3,76,1455400,B_E7_E10_AE_AA_mGAM_mGAM_2_S151,102316
61,E2-e003Coalescence-mGAM-p7_S145,17,960650,B_E7_E10_AE_AA_mGAM_mGAM_2_S151,102316
62,E8-e003Coalescence-mBHI-p5_S5,19,1129168,B_E7_E10_AE_AA_mGAM_mGAM_2_S151,102316
63,H111-e003Coalescence-mBHI-p3_S144,20932,1229895,B_E7_E10_AE_AA_mGAM_mGAM_2_S151,102316
64,E100-e003Coalescence-mGAM-p3_S155,3,1310955,B_E7_E10_AE_AA_mGAM_mGAM_2_S151,102316
65,E111-e003Coalescence-mBHI-p5_S8,63,719187,B_E7_E10_AE_AA_mGAM_mGAM_2_S151,102316
66,H100-e003Coalescence-mBHI-p5_S43,17302,1043416,B_E7_E10_AE_AA_mGAM_mGAM_2_S151,102316
67,H8-e003Coalescence-mBHI-p7_S137,45,1241668,B_E7_E10_AE_AA_mGAM_mGAM_2_S151,102316
68,G8-e003Coalescence-mGAM-p5_S77,6,1348310,B_E7_E10_AE_AA_mGAM_mGAM_2_S151,102316
69,H8-e003Coalescence-mBHI-p5_S41,43,797551,B_E7_E10_AE_AA_mGAM_mGAM_2_S151,102316
70,E100-e003Coalescence-mBHI-p5_S7,15,890217,B_E7_E10_AE_AA_mGAM_mGAM_2_S151,102316
71,E100-e003Coalescence-mGAM-p5_S55,10,809705,B_E7_E10_AE_AA_mGAM_mGAM_2_S151,102316
72,H111-e003Coalescence-mBHI-p5_S44,10997,674095,B_E7_E10_AE_AA_mGAM_mGAM_2_S151,102316
73,E2-e003Coalescence-mGAM-p3_S57,18,1046865,B_E7_E10_AE_AA_mGAM_mGAM_2_S151,102316
74,H100-e003Coalescence-mBHI-p7_S139,21552,1277434,B_E7_E10_AE_AA_mGAM_mGAM_2_S151,102316
75,G8-e003Coalescence-mBHI-p5_S29,18,748494,B_E7_E10_AE_AA_mGAM_mGAM_2_S151,102316
76,E8-e003Coalescence-mBHI-p3_S105,10,1300226,B_E7_E10_AE_AA_mGAM_mGAM_2_S151,102316
77,E8-e003Coalescence-mGAM-p7_S149,38,1417361,B_E7_E10_AE_AA_mGAM_mGAM_2_S151,102316
78,H8-e003Coalescence-mGAM-p7_S185,5374,983015,B_E7_E10_AE_AA_mGAM_mGAM_2_S151,102316
79,A2-e003Coalescence-Inoculumn-mGAM,72,766653,B_E7_E10_AE_AA_mGAM_mGAM_2_S151,102316
80,B8-e003Coalescence-mBHI-p1_S749,26,1268450,B_E7_E10_AE_AA_mGAM_mGAM_2_S151,102316
81,A8-e003Coalescence-mBHI-p1_S748,7,1289758,B_E7_E10_AE_AA_mGAM_mGAM_2_S151,102316
82,H8-e003Coalescence-mBHI-p1_S815,15,1218424,B_E7_E10_AE_AA_mGAM_mGAM_2_S151,102316
83,E8-e003Coalescence-mBHI-p1_S812,11,1401516,B_E7_E10_AE_AA_mGAM_mGAM_2_S151,102316
84,G8-e003Coalescence-mGAM-p1_S818,3,827892,B_E7_E10_AE_AA_mGAM_mGAM_2_S151,102316
85,D8-e003Coalescence-mGAM-p1_S755,10,701330,B_E7_E10_AE_AA_mGAM_mGAM_2_S151,102316
86,A9-e003Coalescence-mBHI-p1_S756,17,1437416,B_E7_E10_AE_AA_mGAM_mGAM_2_S151,102316
87,E11-e003Coalescence-mBHI-p1_S836,3,1451168,B_E7_E10_AE_AA_mGAM_mGAM_2_S151,102316
88,A10-e003Coalescence-mBHI-p1_S764,5,1193259,B_E7_E10_AE_AA_mGAM_mGAM_2_S151,102316
89,A11-e003Coalescence-mBHI-p1_S772,9,1248804,B_E7_E10_AE_AA_mGAM_mGAM_2_S151,102316
90,Coalescence-F2-E10-AA-AE-mGAM-mBHI-3_S681,21,1425787,B_E7_E10_AE_AA_mGAM_mGAM_2_S151,102316
91,Coalescence-E8-D11-AF-AF-mGAM-mBHI-3_S675,18976,1135698,B_E7_E10_AE_AA_mGAM_mGAM_2_S151,102316
92,Coalescence-F10-H8-AA-AF-mGAM-mGAM-3_S689,136,1095751,B_E7_E10_AE_AA_mGAM_mGAM_2_S151,102316
93,Coalescence-A10-C11-AE-AF-mGAM-mBHI-7_S629,11438,698926,B_E7_E10_AE_AA_mGAM_mGAM_2_S151,102316
94,C_E2_e003Assembly_S242,11,781119,B_E7_E10_AE_AA_mGAM_mGAM_2_S151,102316
0,A_A5_A8_AA_AA_mGAM_mBHI_2_S5,17,1417316,B_E8_E11_AF_AA_mGAM_mGAM_2_S152,102316
1,A_A8_A11_AF_AA_mGAM_mBHI_2_S8,18,1079879,B_E8_E11_AF_AA_mGAM_mGAM_2_S152,102316
2,A_C5_C8_AA_AE_mGAM_mBHI_2_S29,17,1427638,B_E8_E11_AF_AA_mGAM_mGAM_2_S152,102316
3,A_D5_D8_AA_AF_mGAM_mBHI_2_S41,18,966462,B_E8_E11_AF_AA_mGAM_mGAM_2_S152,102316
4,A_D8_D11_AF_AF_mGAM_mBHI_2_S44,9534,1169381,B_E8_E11_AF_AA_mGAM_mGAM_2_S152,102316
5,A_E5_A8_AA_AA_mGAM_mGAM_2_S53,14,1019189,B_E8_E11_AF_AA_mGAM_mGAM_2_S152,102316
6,A_E9_A2_AA_AA_mBHI_mGAM_4_S57,36,1413231,B_E8_E11_AF_AA_mGAM_mGAM_2_S152,102316
7,A_G1_C2_AA_AE_mBHI_mGAM_2_S73,20,712175,B_E8_E11_AF_AA_mGAM_mGAM_2_S152,102316
8,A_G5_C8_AA_AE_mGAM_mGAM_2_S77,18,1416857,B_E8_E11_AF_AA_mGAM_mGAM_2_S152,102316
9,A_G9_C2_AA_AE_mBHI_mGAM_4_S81,30,1411062,B_E8_E11_AF_AA_mGAM_mGAM_2_S152,102316
10,B_A5_E8_AA_AA_mGAM_mBHI_2_S101,14,1425704,B_E8_E11_AF_AA_mGAM_mGAM_2_S152,102316
11,B_A6_E9_ACPP_AA_mGAM_mBHI_2_S102,34,1117375,B_E8_E11_AF_AA_mGAM_mGAM_2_S152,102316
12,B_A7_E10_AE_AA_mGAM_mBHI_2_S103,19,1427518,B_E8_E11_AF_AA_mGAM_mGAM_2_S152,102316
13,B_A11_A10_AE_AA_mGAM_mBHI_4_S107,19,1383768,B_E8_E11_AF_AA_mGAM_mGAM_2_S152,102316
14,B_A12_A11_AF_AA_mGAM_mBHI_4_S108,26,1434911,B_E8_E11_AF_AA_mGAM_mGAM_2_S152,102316
15,B_C12_C11_AF_AE_mGAM_mBHI_4_S132,8490,1052319,B_E8_E11_AF_AA_mGAM_mGAM_2_S152,102316
16,B_D7_H10_AE_AF_mGAM_mBHI_2_S139,11055,1353892,B_E8_E11_AF_AA_mGAM_mGAM_2_S152,102316
17,B_D11_D10_AE_AF_mGAM_mBHI_4_S143,9732,1203283,B_E8_E11_AF_AA_mGAM_mGAM_2_S152,102316
18,B_E5_E8_AA_AA_mGAM_mGAM_2_S149,14,946657,B_E8_E11_AF_AA_mGAM_mGAM_2_S152,102316
19,B_E7_E10_AE_AA_mGAM_mGAM_2_S151,20,1444031,B_E8_E11_AF_AA_mGAM_mGAM_2_S152,102316
20,B_E8_E11_AF_AA_mGAM_mGAM_2_S152,0,849793,B_E8_E11_AF_AA_mGAM_mGAM_2_S152,102316
21,B_E11_A10_AE_AA_mGAM_mGAM_4_S155,13,1028220,B_E8_E11_AF_AA_mGAM_mGAM_2_S152,102316
22,B_G1_G2_AA_AE_mBHI_mGAM_2_S169,38,1033473,B_E8_E11_AF_AA_mGAM_mGAM_2_S152,102316
23,B_H5_H8_AA_AF_mGAM_mGAM_2_S185,9,1427983,B_E8_E11_AF_AA_mGAM_mGAM_2_S152,102316
24,C_C5_C8_AA_AE_mGAM_mBHI_6_S221,20,977407,B_E8_E11_AF_AA_mGAM_mGAM_2_S152,102316
25,C_C8_C11_AF_AE_mGAM_mBHI_6_S224,9889,1218207,B_E8_E11_AF_AA_mGAM_mGAM_2_S152,102316
26,C_D5_D8_AA_AF_mGAM_mBHI_6_S233,38,1127572,B_E8_E11_AF_AA_mGAM_mGAM_2_S152,102316
27,C_D7_D10_AE_AF_mGAM_mBHI_6_S235,11514,1404179,B_E8_E11_AF_AA_mGAM_mGAM_2_S152,102316
28,C_E5_A8_AA_AA_mGAM_mGAM_6_S245,24,1431755,B_E8_E11_AF_AA_mGAM_mGAM_2_S152,102316
29,C_E7_A10_AE_AA_mGAM_mGAM_6_S247,15,1413289,B_E8_E11_AF_AA_mGAM_mGAM_2_S152,102316
30,C_E9_E2_AA_AA_mBHI_mGAM_4_S249,31,1403356,B_E8_E11_AF_AA_mGAM_mGAM_2_S152,102316
31,C_E11_E4_AE_AA_mBHI_mGAM_4_S251,40,1422885,B_E8_E11_AF_AA_mGAM_mGAM_2_S152,102316
32,D_A6_A9_ACPP_AA_mGAM_mBHI_6_S294,16,1440130,B_E8_E11_AF_AA_mGAM_mGAM_2_S152,102316
33,D_A7_A10_AE_AA_mGAM_mBHI_6_S295,17,1433602,B_E8_E11_AF_AA_mGAM_mGAM_2_S152,102316
34,D_A8_A11_AF_AA_mGAM_mBHI_6_S296,18,1436671,B_E8_E11_AF_AA_mGAM_mGAM_2_S152,102316
35,D_A9_E8_AA_AA_mGAM_mBHI_4_S297,18,1437286,B_E8_E11_AF_AA_mGAM_mGAM_2_S152,102316
36,D_A12_E11_AF_AA_mGAM_mBHI_4_S300,23,1396823,B_E8_E11_AF_AA_mGAM_mGAM_2_S152,102316
37,D_C8_C11_AF_AE_mGAM_mBHI_6_S320,10561,1292174,B_E8_E11_AF_AA_mGAM_mGAM_2_S152,102316
38,D_C9_G8_AA_AE_mGAM_mBHI_4_S321,18,1110163,B_E8_E11_AF_AA_mGAM_mGAM_2_S152,102316
39,D_C12_G11_AF_AE_mGAM_mBHI_4_S324,10914,1330220,B_E8_E11_AF_AA_mGAM_mGAM_2_S152,102316
40,D_D7_D10_AE_AF_mGAM_mBHI_6_S331,10921,1338259,B_E8_E11_AF_AA_mGAM_mGAM_2_S152,102316
41,D_D11_H10_AE_AF_mGAM_mBHI_4_S335,10718,1308265,B_E8_E11_AF_AA_mGAM_mGAM_2_S152,102316
42,D_E1_A2_AA_AA_mBHI_mGAM_6_S337,35,1436963,B_E8_E11_AF_AA_mGAM_mGAM_2_S152,102316
43,D_E3_A4_AE_AA_mBHI_mGAM_6_S339,36,1417311,B_E8_E11_AF_AA_mGAM_mGAM_2_S152,102316
44,D_E6_A9_ACPP_AA_mGAM_mGAM_6_S342,20,1303681,B_E8_E11_AF_AA_mGAM_mGAM_2_S152,102316
45,D_E7_A10_AE_AA_mGAM_mGAM_6_S343,17,1343749,B_E8_E11_AF_AA_mGAM_mGAM_2_S152,102316
46,D_E9_E8_AA_AA_mGAM_mGAM_4_S345,28,1400809,B_E8_E11_AF_AA_mGAM_mGAM_2_S152,102316
47,D_E11_E10_AE_AA_mGAM_mGAM_4_S347,21,1397326,B_E8_E11_AF_AA_mGAM_mGAM_2_S152,102316
48,D_G1_C2_AA_AE_mBHI_mGAM_6_S361,15,712918,B_E8_E11_AF_AA_mGAM_mGAM_2_S152,102316
49,D_H5_D8_AA_AF_mGAM_mGAM_6_S377,1993,1125549,B_E8_E11_AF_AA_mGAM_mGAM_2_S152,102316
50,D10-e003Coalescence-mBHI-p3,5896,721454,B_E8_E11_AF_AA_mGAM_mGAM_2_S152,102316
51,C2-e003Coalescence-mGAM-p7,78,1453552,B_E8_E11_AF_AA_mGAM_mGAM_2_S152,102316
52,D10-e003Coalescence-mBHI-p5,5935,723373,B_E8_E11_AF_AA_mGAM_mGAM_2_S152,102316
53,D8-e003Coalescence-mBHI-p5,57,795854,B_E8_E11_AF_AA_mGAM_mGAM_2_S152,102316
54,A8-e003Coalescence-mBHI-p7,39,1437763,B_E8_E11_AF_AA_mGAM_mGAM_2_S152,102316
55,A10-e003Coalescence-mGAM-p3,39,960054,B_E8_E11_AF_AA_mGAM_mGAM_2_S152,102316
56,A8-e003Coalescence-mBHI-p5,29,1099058,B_E8_E11_AF_AA_mGAM_mGAM_2_S152,102316
57,A10-e003Coalescence-mBHI-p7,37,1171728,B_E8_E11_AF_AA_mGAM_mGAM_2_S152,102316
58,A2-e003Coalescence-mGAM-p5,49,1119246,B_E8_E11_AF_AA_mGAM_mGAM_2_S152,102316
59,C8-e003Coalescence-mBHI-p5,52,1251387,B_E8_E11_AF_AA_mGAM_mGAM_2_S152,102316
60,A11-e003Coalescence-mBHI-p3,40,1455400,B_E8_E11_AF_AA_mGAM_mGAM_2_S152,102316
61,E2-e003Coalescence-mGAM-p7_S145,23,960650,B_E8_E11_AF_AA_mGAM_mGAM_2_S152,102316
62,E8-e003Coalescence-mBHI-p5_S5,16,1129168,B_E8_E11_AF_AA_mGAM_mGAM_2_S152,102316
63,H111-e003Coalescence-mBHI-p3_S144,10032,1229895,B_E8_E11_AF_AA_mGAM_mGAM_2_S152,102316
64,E100-e003Coalescence-mGAM-p3_S155,10,1310955,B_E8_E11_AF_AA_mGAM_mGAM_2_S152,102316
65,E111-e003Coalescence-mBHI-p5_S8,30,719187,B_E8_E11_AF_AA_mGAM_mGAM_2_S152,102316
66,H100-e003Coalescence-mBHI-p5_S43,8321,1043416,B_E8_E11_AF_AA_mGAM_mGAM_2_S152,102316
67,H8-e003Coalescence-mBHI-p7_S137,19,1241668,B_E8_E11_AF_AA_mGAM_mGAM_2_S152,102316
68,G8-e003Coalescence-mGAM-p5_S77,16,1348310,B_E8_E11_AF_AA_mGAM_mGAM_2_S152,102316
69,H8-e003Coalescence-mBHI-p5_S41,20,797551,B_E8_E11_AF_AA_mGAM_mGAM_2_S152,102316
70,E100-e003Coalescence-mBHI-p5_S7,9,890217,B_E8_E11_AF_AA_mGAM_mGAM_2_S152,102316
71,E100-e003Coalescence-mGAM-p5_S55,6,809705,B_E8_E11_AF_AA_mGAM_mGAM_2_S152,102316
72,H111-e003Coalescence-mBHI-p5_S44,5398,674095,B_E8_E11_AF_AA_mGAM_mGAM_2_S152,102316
73,E2-e003Coalescence-mGAM-p3_S57,25,1046865,B_E8_E11_AF_AA_mGAM_mGAM_2_S152,102316
74,H100-e003Coalescence-mBHI-p7_S139,10350,1277434,B_E8_E11_AF_AA_mGAM_mGAM_2_S152,102316
75,G8-e003Coalescence-mBHI-p5_S29,7,748494,B_E8_E11_AF_AA_mGAM_mGAM_2_S152,102316
76,E8-e003Coalescence-mBHI-p3_S105,12,1300226,B_E8_E11_AF_AA_mGAM_mGAM_2_S152,102316
77,E8-e003Coalescence-mGAM-p7_S149,23,1417361,B_E8_E11_AF_AA_mGAM_mGAM_2_S152,102316
78,H8-e003Coalescence-mGAM-p7_S185,2438,983015,B_E8_E11_AF_AA_mGAM_mGAM_2_S152,102316
79,A2-e003Coalescence-Inoculumn-mGAM,22,766653,B_E8_E11_AF_AA_mGAM_mGAM_2_S152,102316
80,B8-e003Coalescence-mBHI-p1_S749,40,1268450,B_E8_E11_AF_AA_mGAM_mGAM_2_S152,102316
81,A8-e003Coalescence-mBHI-p1_S748,15,1289758,B_E8_E11_AF_AA_mGAM_mGAM_2_S152,102316
82,H8-e003Coalescence-mBHI-p1_S815,21,1218424,B_E8_E11_AF_AA_mGAM_mGAM_2_S152,102316
83,E8-e003Coalescence-mBHI-p1_S812,18,1401516,B_E8_E11_AF_AA_mGAM_mGAM_2_S152,102316
84,G8-e003Coalescence-mGAM-p1_S818,14,827892,B_E8_E11_AF_AA_mGAM_mGAM_2_S152,102316
85,D8-e003Coalescence-mGAM-p1_S755,7,701330,B_E8_E11_AF_AA_mGAM_mGAM_2_S152,102316
86,A9-e003Coalescence-mBHI-p1_S756,55,1437416,B_E8_E11_AF_AA_mGAM_mGAM_2_S152,102316
87,E11-e003Coalescence-mBHI-p1_S836,14,1451168,B_E8_E11_AF_AA_mGAM_mGAM_2_S152,102316
88,A10-e003Coalescence-mBHI-p1_S764,8,1193259,B_E8_E11_AF_AA_mGAM_mGAM_2_S152,102316
89,A11-e003Coalescence-mBHI-p1_S772,17,1248804,B_E8_E11_AF_AA_mGAM_mGAM_2_S152,102316
90,Coalescence-F2-E10-AA-AE-mGAM-mBHI-3_S681,22,1425787,B_E8_E11_AF_AA_mGAM_mGAM_2_S152,102316
91,Coalescence-E8-D11-AF-AF-mGAM-mBHI-3_S675,9234,1135698,B_E8_E11_AF_AA_mGAM_mGAM_2_S152,102316
92,Coalescence-F10-H8-AA-AF-mGAM-mGAM-3_S689,54,1095751,B_E8_E11_AF_AA_mGAM_mGAM_2_S152,102316
93,Coalescence-A10-C11-AE-AF-mGAM-mBHI-7_S629,5573,698926,B_E8_E11_AF_AA_mGAM_mGAM_2_S152,102316
94,C_E2_e003Assembly_S242,13,781119,B_E8_E11_AF_AA_mGAM_mGAM_2_S152,102316
0,A_A5_A8_AA_AA_mGAM_mBHI_2_S5,5,1417316,B_E11_A10_AE_AA_mGAM_mGAM_4_S155,102316
1,A_A8_A11_AF_AA_mGAM_mBHI_2_S8,2,1079879,B_E11_A10_AE_AA_mGAM_mGAM_4_S155,102316
2,A_C5_C8_AA_AE_mGAM_mBHI_2_S29,1,1427638,B_E11_A10_AE_AA_mGAM_mGAM_4_S155,102316
3,A_D5_D8_AA_AF_mGAM_mBHI_2_S41,10,966462,B_E11_A10_AE_AA_mGAM_mGAM_4_S155,102316
4,A_D8_D11_AF_AF_mGAM_mBHI_2_S44,13727,1169381,B_E11_A10_AE_AA_mGAM_mGAM_4_S155,102316
5,A_E5_A8_AA_AA_mGAM_mGAM_2_S53,15,1019189,B_E11_A10_AE_AA_mGAM_mGAM_4_S155,102316
6,A_E9_A2_AA_AA_mBHI_mGAM_4_S57,10,1413231,B_E11_A10_AE_AA_mGAM_mGAM_4_S155,102316
7,A_G1_C2_AA_AE_mBHI_mGAM_2_S73,13,712175,B_E11_A10_AE_AA_mGAM_mGAM_4_S155,102316
8,A_G5_C8_AA_AE_mGAM_mGAM_2_S77,26,1416857,B_E11_A10_AE_AA_mGAM_mGAM_4_S155,102316
9,A_G9_C2_AA_AE_mBHI_mGAM_4_S81,10,1411062,B_E11_A10_AE_AA_mGAM_mGAM_4_S155,102316
10,B_A5_E8_AA_AA_mGAM_mBHI_2_S101,3,1425704,B_E11_A10_AE_AA_mGAM_mGAM_4_S155,102316
11,B_A6_E9_ACPP_AA_mGAM_mBHI_2_S102,8,1117375,B_E11_A10_AE_AA_mGAM_mGAM_4_S155,102316
12,B_A7_E10_AE_AA_mGAM_mBHI_2_S103,1,1427518,B_E11_A10_AE_AA_mGAM_mGAM_4_S155,102316
13,B_A11_A10_AE_AA_mGAM_mBHI_4_S107,7,1383768,B_E11_A10_AE_AA_mGAM_mGAM_4_S155,102316
14,B_A12_A11_AF_AA_mGAM_mBHI_4_S108,6,1434911,B_E11_A10_AE_AA_mGAM_mGAM_4_S155,102316
15,B_C12_C11_AF_AE_mGAM_mBHI_4_S132,12375,1052319,B_E11_A10_AE_AA_mGAM_mGAM_4_S155,102316
16,B_D7_H10_AE_AF_mGAM_mBHI_2_S139,16038,1353892,B_E11_A10_AE_AA_mGAM_mGAM_4_S155,102316
17,B_D11_D10_AE_AF_mGAM_mBHI_4_S143,14186,1203283,B_E11_A10_AE_AA_mGAM_mGAM_4_S155,102316
18,B_E5_E8_AA_AA_mGAM_mGAM_2_S149,9,946657,B_E11_A10_AE_AA_mGAM_mGAM_4_S155,102316
19,B_E7_E10_AE_AA_mGAM_mGAM_2_S151,14,1444031,B_E11_A10_AE_AA_mGAM_mGAM_4_S155,102316
20,B_E8_E11_AF_AA_mGAM_mGAM_2_S152,13,849793,B_E11_A10_AE_AA_mGAM_mGAM_4_S155,102316
21,B_E11_A10_AE_AA_mGAM_mGAM_4_S155,0,1028220,B_E11_A10_AE_AA_mGAM_mGAM_4_S155,102316
22,B_G1_G2_AA_AE_mBHI_mGAM_2_S169,12,1033473,B_E11_A10_AE_AA_mGAM_mGAM_4_S155,102316
23,B_H5_H8_AA_AF_mGAM_mGAM_2_S185,11,1427983,B_E11_A10_AE_AA_mGAM_mGAM_4_S155,102316
24,C_C5_C8_AA_AE_mGAM_mBHI_6_S221,1,977407,B_E11_A10_AE_AA_mGAM_mGAM_4_S155,102316
25,C_C8_C11_AF_AE_mGAM_mBHI_6_S224,14355,1218207,B_E11_A10_AE_AA_mGAM_mGAM_4_S155,102316
26,C_D5_D8_AA_AF_mGAM_mBHI_6_S233,61,1127572,B_E11_A10_AE_AA_mGAM_mGAM_4_S155,102316
27,C_D7_D10_AE_AF_mGAM_mBHI_6_S235,16702,1404179,B_E11_A10_AE_AA_mGAM_mGAM_4_S155,102316
28,C_E5_A8_AA_AA_mGAM_mGAM_6_S245,21,1431755,B_E11_A10_AE_AA_mGAM_mGAM_4_S155,102316
29,C_E7_A10_AE_AA_mGAM_mGAM_6_S247,8,1413289,B_E11_A10_AE_AA_mGAM_mGAM_4_S155,102316
30,C_E9_E2_AA_AA_mBHI_mGAM_4_S249,8,1403356,B_E11_A10_AE_AA_mGAM_mGAM_4_S155,102316
31,C_E11_E4_AE_AA_mBHI_mGAM_4_S251,16,1422885,B_E11_A10_AE_AA_mGAM_mGAM_4_S155,102316
32,D_A6_A9_ACPP_AA_mGAM_mBHI_6_S294,6,1440130,B_E11_A10_AE_AA_mGAM_mGAM_4_S155,102316
33,D_A7_A10_AE_AA_mGAM_mBHI_6_S295,3,1433602,B_E11_A10_AE_AA_mGAM_mGAM_4_S155,102316
34,D_A8_A11_AF_AA_mGAM_mBHI_6_S296,4,1436671,B_E11_A10_AE_AA_mGAM_mGAM_4_S155,102316
35,D_A9_E8_AA_AA_mGAM_mBHI_4_S297,2,1437286,B_E11_A10_AE_AA_mGAM_mGAM_4_S155,102316
36,D_A12_E11_AF_AA_mGAM_mBHI_4_S300,3,1396823,B_E11_A10_AE_AA_mGAM_mGAM_4_S155,102316
37,D_C8_C11_AF_AE_mGAM_mBHI_6_S320,15221,1292174,B_E11_A10_AE_AA_mGAM_mGAM_4_S155,102316
38,D_C9_G8_AA_AE_mGAM_mBHI_4_S321,1,1110163,B_E11_A10_AE_AA_mGAM_mGAM_4_S155,102316
39,D_C12_G11_AF_AE_mGAM_mBHI_4_S324,15803,1330220,B_E11_A10_AE_AA_mGAM_mGAM_4_S155,102316
40,D_D7_D10_AE_AF_mGAM_mBHI_6_S331,15796,1338259,B_E11_A10_AE_AA_mGAM_mGAM_4_S155,102316
41,D_D11_H10_AE_AF_mGAM_mBHI_4_S335,15656,1308265,B_E11_A10_AE_AA_mGAM_mGAM_4_S155,102316
42,D_E1_A2_AA_AA_mBHI_mGAM_6_S337,7,1436963,B_E11_A10_AE_AA_mGAM_mGAM_4_S155,102316
43,D_E3_A4_AE_AA_mBHI_mGAM_6_S339,15,1417311,B_E11_A10_AE_AA_mGAM_mGAM_4_S155,102316
44,D_E6_A9_ACPP_AA_mGAM_mGAM_6_S342,10,1303681,B_E11_A10_AE_AA_mGAM_mGAM_4_S155,102316
45,D_E7_A10_AE_AA_mGAM_mGAM_6_S343,14,1343749,B_E11_A10_AE_AA_mGAM_mGAM_4_S155,102316
46,D_E9_E8_AA_AA_mGAM_mGAM_4_S345,27,1400809,B_E11_A10_AE_AA_mGAM_mGAM_4_S155,102316
47,D_E11_E10_AE_AA_mGAM_mGAM_4_S347,3,1397326,B_E11_A10_AE_AA_mGAM_mGAM_4_S155,102316
48,D_G1_C2_AA_AE_mBHI_mGAM_6_S361,6,712918,B_E11_A10_AE_AA_mGAM_mGAM_4_S155,102316
49,D_H5_D8_AA_AF_mGAM_mGAM_6_S377,2896,1125549,B_E11_A10_AE_AA_mGAM_mGAM_4_S155,102316
50,D10-e003Coalescence-mBHI-p3,8514,721454,B_E11_A10_AE_AA_mGAM_mGAM_4_S155,102316
51,C2-e003Coalescence-mGAM-p7,50,1453552,B_E11_A10_AE_AA_mGAM_mGAM_4_S155,102316
52,D10-e003Coalescence-mBHI-p5,8433,723373,B_E11_A10_AE_AA_mGAM_mGAM_4_S155,102316
53,D8-e003Coalescence-mBHI-p5,65,795854,B_E11_A10_AE_AA_mGAM_mGAM_4_S155,102316
54,A8-e003Coalescence-mBHI-p7,40,1437763,B_E11_A10_AE_AA_mGAM_mGAM_4_S155,102316
55,A10-e003Coalescence-mGAM-p3,26,960054,B_E11_A10_AE_AA_mGAM_mGAM_4_S155,102316
56,A8-e003Coalescence-mBHI-p5,23,1099058,B_E11_A10_AE_AA_mGAM_mGAM_4_S155,102316
57,A10-e003Coalescence-mBHI-p7,31,1171728,B_E11_A10_AE_AA_mGAM_mGAM_4_S155,102316
58,A2-e003Coalescence-mGAM-p5,33,1119246,B_E11_A10_AE_AA_mGAM_mGAM_4_S155,102316
59,C8-e003Coalescence-mBHI-p5,25,1251387,B_E11_A10_AE_AA_mGAM_mGAM_4_S155,102316
60,A11-e003Coalescence-mBHI-p3,40,1455400,B_E11_A10_AE_AA_mGAM_mGAM_4_S155,102316
61,E2-e003Coalescence-mGAM-p7_S145,5,960650,B_E11_A10_AE_AA_mGAM_mGAM_4_S155,102316
62,E8-e003Coalescence-mBHI-p5_S5,3,1129168,B_E11_A10_AE_AA_mGAM_mGAM_4_S155,102316
63,H111-e003Coalescence-mBHI-p3_S144,14735,1229895,B_E11_A10_AE_AA_mGAM_mGAM_4_S155,102316
64,E100-e003Coalescence-mGAM-p3_S155,14,1310955,B_E11_A10_AE_AA_mGAM_mGAM_4_S155,102316
65,E111-e003Coalescence-mBHI-p5_S8,33,719187,B_E11_A10_AE_AA_mGAM_mGAM_4_S155,102316
66,H100-e003Coalescence-mBHI-p5_S43,12163,1043416,B_E11_A10_AE_AA_mGAM_mGAM_4_S155,102316
67,H8-e003Coalescence-mBHI-p7_S137,10,1241668,B_E11_A10_AE_AA_mGAM_mGAM_4_S155,102316
68,G8-e003Coalescence-mGAM-p5_S77,8,1348310,B_E11_A10_AE_AA_mGAM_mGAM_4_S155,102316
69,H8-e003Coalescence-mBHI-p5_S41,9,797551,B_E11_A10_AE_AA_mGAM_mGAM_4_S155,102316
70,E100-e003Coalescence-mBHI-p5_S7,5,890217,B_E11_A10_AE_AA_mGAM_mGAM_4_S155,102316
71,E100-e003Coalescence-mGAM-p5_S55,2,809705,B_E11_A10_AE_AA_mGAM_mGAM_4_S155,102316
72,H111-e003Coalescence-mBHI-p5_S44,7750,674095,B_E11_A10_AE_AA_mGAM_mGAM_4_S155,102316
73,E2-e003Coalescence-mGAM-p3_S57,8,1046865,B_E11_A10_AE_AA_mGAM_mGAM_4_S155,102316
74,H100-e003Coalescence-mBHI-p7_S139,15018,1277434,B_E11_A10_AE_AA_mGAM_mGAM_4_S155,102316
75,G8-e003Coalescence-mBHI-p5_S29,0,748494,B_E11_A10_AE_AA_mGAM_mGAM_4_S155,102316
76,E8-e003Coalescence-mBHI-p3_S105,4,1300226,B_E11_A10_AE_AA_mGAM_mGAM_4_S155,102316
77,E8-e003Coalescence-mGAM-p7_S149,23,1417361,B_E11_A10_AE_AA_mGAM_mGAM_4_S155,102316
78,H8-e003Coalescence-mGAM-p7_S185,3649,983015,B_E11_A10_AE_AA_mGAM_mGAM_4_S155,102316
79,A2-e003Coalescence-Inoculumn-mGAM,37,766653,B_E11_A10_AE_AA_mGAM_mGAM_4_S155,102316
80,B8-e003Coalescence-mBHI-p1_S749,42,1268450,B_E11_A10_AE_AA_mGAM_mGAM_4_S155,102316
81,A8-e003Coalescence-mBHI-p1_S748,7,1289758,B_E11_A10_AE_AA_mGAM_mGAM_4_S155,102316
82,H8-e003Coalescence-mBHI-p1_S815,9,1218424,B_E11_A10_AE_AA_mGAM_mGAM_4_S155,102316
83,E8-e003Coalescence-mBHI-p1_S812,6,1401516,B_E11_A10_AE_AA_mGAM_mGAM_4_S155,102316
84,G8-e003Coalescence-mGAM-p1_S818,14,827892,B_E11_A10_AE_AA_mGAM_mGAM_4_S155,102316
85,D8-e003Coalescence-mGAM-p1_S755,14,701330,B_E11_A10_AE_AA_mGAM_mGAM_4_S155,102316
86,A9-e003Coalescence-mBHI-p1_S756,32,1437416,B_E11_A10_AE_AA_mGAM_mGAM_4_S155,102316
87,E11-e003Coalescence-mBHI-p1_S836,4,1451168,B_E11_A10_AE_AA_mGAM_mGAM_4_S155,102316
88,A10-e003Coalescence-mBHI-p1_S764,1,1193259,B_E11_A10_AE_AA_mGAM_mGAM_4_S155,102316
89,A11-e003Coalescence-mBHI-p1_S772,4,1248804,B_E11_A10_AE_AA_mGAM_mGAM_4_S155,102316
90,Coalescence-F2-E10-AA-AE-mGAM-mBHI-3_S681,2,1425787,B_E11_A10_AE_AA_mGAM_mGAM_4_S155,102316
91,Coalescence-E8-D11-AF-AF-mGAM-mBHI-3_S675,13254,1135698,B_E11_A10_AE_AA_mGAM_mGAM_4_S155,102316
92,Coalescence-F10-H8-AA-AF-mGAM-mGAM-3_S689,69,1095751,B_E11_A10_AE_AA_mGAM_mGAM_4_S155,102316
93,Coalescence-A10-C11-AE-AF-mGAM-mBHI-7_S629,8193,698926,B_E11_A10_AE_AA_mGAM_mGAM_4_S155,102316
94,C_E2_e003Assembly_S242,23,781119,B_E11_A10_AE_AA_mGAM_mGAM_4_S155,102316
0,A_A5_A8_AA_AA_mGAM_mBHI_2_S5,22,1417316,B_G1_G2_AA_AE_mBHI_mGAM_2_S169,102316
1,A_A8_A11_AF_AA_mGAM_mBHI_2_S8,24,1079879,B_G1_G2_AA_AE_mBHI_mGAM_2_S169,102316
2,A_C5_C8_AA_AE_mGAM_mBHI_2_S29,31,1427638,B_G1_G2_AA_AE_mBHI_mGAM_2_S169,102316
3,A_D5_D8_AA_AF_mGAM_mBHI_2_S41,26,966462,B_G1_G2_AA_AE_mBHI_mGAM_2_S169,102316
4,A_D8_D11_AF_AF_mGAM_mBHI_2_S44,13832,1169381,B_G1_G2_AA_AE_mBHI_mGAM_2_S169,102316
5,A_E5_A8_AA_AA_mGAM_mGAM_2_S53,55,1019189,B_G1_G2_AA_AE_mBHI_mGAM_2_S169,102316
6,A_E9_A2_AA_AA_mBHI_mGAM_4_S57,21,1413231,B_G1_G2_AA_AE_mBHI_mGAM_2_S169,102316
7,A_G1_C2_AA_AE_mBHI_mGAM_2_S73,1,712175,B_G1_G2_AA_AE_mBHI_mGAM_2_S169,102316
8,A_G5_C8_AA_AE_mGAM_mGAM_2_S77,72,1416857,B_G1_G2_AA_AE_mBHI_mGAM_2_S169,102316
9,A_G9_C2_AA_AE_mBHI_mGAM_4_S81,4,1411062,B_G1_G2_AA_AE_mBHI_mGAM_2_S169,102316
10,B_A5_E8_AA_AA_mGAM_mBHI_2_S101,22,1425704,B_G1_G2_AA_AE_mBHI_mGAM_2_S169,102316
11,B_A6_E9_ACPP_AA_mGAM_mBHI_2_S102,38,1117375,B_G1_G2_AA_AE_mBHI_mGAM_2_S169,102316
12,B_A7_E10_AE_AA_mGAM_mBHI_2_S103,16,1427518,B_G1_G2_AA_AE_mBHI_mGAM_2_S169,102316
13,B_A11_A10_AE_AA_mGAM_mBHI_4_S107,38,1383768,B_G1_G2_AA_AE_mBHI_mGAM_2_S169,102316
14,B_A12_A11_AF_AA_mGAM_mBHI_4_S108,30,1434911,B_G1_G2_AA_AE_mBHI_mGAM_2_S169,102316
15,B_C12_C11_AF_AE_mGAM_mBHI_4_S132,12408,1052319,B_G1_G2_AA_AE_mBHI_mGAM_2_S169,102316
16,B_D7_H10_AE_AF_mGAM_mBHI_2_S139,16169,1353892,B_G1_G2_AA_AE_mBHI_mGAM_2_S169,102316
17,B_D11_D10_AE_AF_mGAM_mBHI_4_S143,14247,1203283,B_G1_G2_AA_AE_mBHI_mGAM_2_S169,102316
18,B_E5_E8_AA_AA_mGAM_mGAM_2_S149,32,946657,B_G1_G2_AA_AE_mBHI_mGAM_2_S169,102316
19,B_E7_E10_AE_AA_mGAM_mGAM_2_S151,47,1444031,B_G1_G2_AA_AE_mBHI_mGAM_2_S169,102316
20,B_E8_E11_AF_AA_mGAM_mGAM_2_S152,38,849793,B_G1_G2_AA_AE_mBHI_mGAM_2_S169,102316
21,B_E11_A10_AE_AA_mGAM_mGAM_4_S155,12,1028220,B_G1_G2_AA_AE_mBHI_mGAM_2_S169,102316
22,B_G1_G2_AA_AE_mBHI_mGAM_2_S169,0,1033473,B_G1_G2_AA_AE_mBHI_mGAM_2_S169,102316
23,B_H5_H8_AA_AF_mGAM_mGAM_2_S185,73,1427983,B_G1_G2_AA_AE_mBHI_mGAM_2_S169,102316
24,C_C5_C8_AA_AE_mGAM_mBHI_6_S221,12,977407,B_G1_G2_AA_AE_mBHI_mGAM_2_S169,102316
25,C_C8_C11_AF_AE_mGAM_mBHI_6_S224,14479,1218207,B_G1_G2_AA_AE_mBHI_mGAM_2_S169,102316
26,C_D5_D8_AA_AF_mGAM_mBHI_6_S233,81,1127572,B_G1_G2_AA_AE_mBHI_mGAM_2_S169,102316
27,C_D7_D10_AE_AF_mGAM_mBHI_6_S235,16816,1404179,B_G1_G2_AA_AE_mBHI_mGAM_2_S169,102316
28,C_E5_A8_AA_AA_mGAM_mGAM_6_S245,65,1431755,B_G1_G2_AA_AE_mBHI_mGAM_2_S169,102316
29,C_E7_A10_AE_AA_mGAM_mGAM_6_S247,25,1413289,B_G1_G2_AA_AE_mBHI_mGAM_2_S169,102316
30,C_E9_E2_AA_AA_mBHI_mGAM_4_S249,4,1403356,B_G1_G2_AA_AE_mBHI_mGAM_2_S169,102316
31,C_E11_E4_AE_AA_mBHI_mGAM_4_S251,12,1422885,B_G1_G2_AA_AE_mBHI_mGAM_2_S169,102316
32,D_A6_A9_ACPP_AA_mGAM_mBHI_6_S294,20,1440130,B_G1_G2_AA_AE_mBHI_mGAM_2_S169,102316
33,D_A7_A10_AE_AA_mGAM_mBHI_6_S295,12,1433602,B_G1_G2_AA_AE_mBHI_mGAM_2_S169,102316
34,D_A8_A11_AF_AA_mGAM_mBHI_6_S296,29,1436671,B_G1_G2_AA_AE_mBHI_mGAM_2_S169,102316
35,D_A9_E8_AA_AA_mGAM_mBHI_4_S297,23,1437286,B_G1_G2_AA_AE_mBHI_mGAM_2_S169,102316
36,D_A12_E11_AF_AA_mGAM_mBHI_4_S300,23,1396823,B_G1_G2_AA_AE_mBHI_mGAM_2_S169,102316
37,D_C8_C11_AF_AE_mGAM_mBHI_6_S320,15272,1292174,B_G1_G2_AA_AE_mBHI_mGAM_2_S169,102316
38,D_C9_G8_AA_AE_mGAM_mBHI_4_S321,13,1110163,B_G1_G2_AA_AE_mBHI_mGAM_2_S169,102316
39,D_C12_G11_AF_AE_mGAM_mBHI_4_S324,15883,1330220,B_G1_G2_AA_AE_mBHI_mGAM_2_S169,102316
40,D_D7_D10_AE_AF_mGAM_mBHI_6_S331,15840,1338259,B_G1_G2_AA_AE_mBHI_mGAM_2_S169,102316
41,D_D11_H10_AE_AF_mGAM_mBHI_4_S335,15630,1308265,B_G1_G2_AA_AE_mBHI_mGAM_2_S169,102316
42,D_E1_A2_AA_AA_mBHI_mGAM_6_S337,13,1436963,B_G1_G2_AA_AE_mBHI_mGAM_2_S169,102316
43,D_E3_A4_AE_AA_mBHI_mGAM_6_S339,16,1417311,B_G1_G2_AA_AE_mBHI_mGAM_2_S169,102316
44,D_E6_A9_ACPP_AA_mGAM_mGAM_6_S342,30,1303681,B_G1_G2_AA_AE_mBHI_mGAM_2_S169,102316
45,D_E7_A10_AE_AA_mGAM_mGAM_6_S343,24,1343749,B_G1_G2_AA_AE_mBHI_mGAM_2_S169,102316
46,D_E9_E8_AA_AA_mGAM_mGAM_4_S345,78,1400809,B_G1_G2_AA_AE_mBHI_mGAM_2_S169,102316
47,D_E11_E10_AE_AA_mGAM_mGAM_4_S347,24,1397326,B_G1_G2_AA_AE_mBHI_mGAM_2_S169,102316
48,D_G1_C2_AA_AE_mBHI_mGAM_6_S361,3,712918,B_G1_G2_AA_AE_mBHI_mGAM_2_S169,102316
49,D_H5_D8_AA_AF_mGAM_mGAM_6_S377,2947,1125549,B_G1_G2_AA_AE_mBHI_mGAM_2_S169,102316
50,D10-e003Coalescence-mBHI-p3,8616,721454,B_G1_G2_AA_AE_mBHI_mGAM_2_S169,102316
51,C2-e003Coalescence-mGAM-p7,51,1453552,B_G1_G2_AA_AE_mBHI_mGAM_2_S169,102316
52,D10-e003Coalescence-mBHI-p5,8445,723373,B_G1_G2_AA_AE_mBHI_mGAM_2_S169,102316
53,D8-e003Coalescence-mBHI-p5,89,795854,B_G1_G2_AA_AE_mBHI_mGAM_2_S169,102316
54,A8-e003Coalescence-mBHI-p7,81,1437763,B_G1_G2_AA_AE_mBHI_mGAM_2_S169,102316
55,A10-e003Coalescence-mGAM-p3,44,960054,B_G1_G2_AA_AE_mBHI_mGAM_2_S169,102316
56,A8-e003Coalescence-mBHI-p5,31,1099058,B_G1_G2_AA_AE_mBHI_mGAM_2_S169,102316
57,A10-e003Coalescence-mBHI-p7,33,1171728,B_G1_G2_AA_AE_mBHI_mGAM_2_S169,102316
58,A2-e003Coalescence-mGAM-p5,43,1119246,B_G1_G2_AA_AE_mBHI_mGAM_2_S169,102316
59,C8-e003Coalescence-mBHI-p5,49,1251387,B_G1_G2_AA_AE_mBHI_mGAM_2_S169,102316
60,A11-e003Coalescence-mBHI-p3,71,1455400,B_G1_G2_AA_AE_mBHI_mGAM_2_S169,102316
61,E2-e003Coalescence-mGAM-p7_S145,12,960650,B_G1_G2_AA_AE_mBHI_mGAM_2_S169,102316
62,E8-e003Coalescence-mBHI-p5_S5,41,1129168,B_G1_G2_AA_AE_mBHI_mGAM_2_S169,102316
63,H111-e003Coalescence-mBHI-p3_S144,14784,1229895,B_G1_G2_AA_AE_mBHI_mGAM_2_S169,102316
64,E100-e003Coalescence-mGAM-p3_S155,27,1310955,B_G1_G2_AA_AE_mBHI_mGAM_2_S169,102316
65,E111-e003Coalescence-mBHI-p5_S8,50,719187,B_G1_G2_AA_AE_mBHI_mGAM_2_S169,102316
66,H100-e003Coalescence-mBHI-p5_S43,12120,1043416,B_G1_G2_AA_AE_mBHI_mGAM_2_S169,102316
67,H8-e003Coalescence-mBHI-p7_S137,41,1241668,B_G1_G2_AA_AE_mBHI_mGAM_2_S169,102316
68,G8-e003Coalescence-mGAM-p5_S77,62,1348310,B_G1_G2_AA_AE_mBHI_mGAM_2_S169,102316
69,H8-e003Coalescence-mBHI-p5_S41,18,797551,B_G1_G2_AA_AE_mBHI_mGAM_2_S169,102316
70,E100-e003Coalescence-mBHI-p5_S7,16,890217,B_G1_G2_AA_AE_mBHI_mGAM_2_S169,102316
71,E100-e003Coalescence-mGAM-p5_S55,8,809705,B_G1_G2_AA_AE_mBHI_mGAM_2_S169,102316
72,H111-e003Coalescence-mBHI-p5_S44,7882,674095,B_G1_G2_AA_AE_mBHI_mGAM_2_S169,102316
73,E2-e003Coalescence-mGAM-p3_S57,5,1046865,B_G1_G2_AA_AE_mBHI_mGAM_2_S169,102316
74,H100-e003Coalescence-mBHI-p7_S139,15127,1277434,B_G1_G2_AA_AE_mBHI_mGAM_2_S169,102316
75,G8-e003Coalescence-mBHI-p5_S29,7,748494,B_G1_G2_AA_AE_mBHI_mGAM_2_S169,102316
76,E8-e003Coalescence-mBHI-p3_S105,23,1300226,B_G1_G2_AA_AE_mBHI_mGAM_2_S169,102316
77,E8-e003Coalescence-mGAM-p7_S149,70,1417361,B_G1_G2_AA_AE_mBHI_mGAM_2_S169,102316
78,H8-e003Coalescence-mGAM-p7_S185,3699,983015,B_G1_G2_AA_AE_mBHI_mGAM_2_S169,102316
79,A2-e003Coalescence-Inoculumn-mGAM,54,766653,B_G1_G2_AA_AE_mBHI_mGAM_2_S169,102316
80,B8-e003Coalescence-mBHI-p1_S749,69,1268450,B_G1_G2_AA_AE_mBHI_mGAM_2_S169,102316
81,A8-e003Coalescence-mBHI-p1_S748,16,1289758,B_G1_G2_AA_AE_mBHI_mGAM_2_S169,102316
82,H8-e003Coalescence-mBHI-p1_S815,39,1218424,B_G1_G2_AA_AE_mBHI_mGAM_2_S169,102316
83,E8-e003Coalescence-mBHI-p1_S812,28,1401516,B_G1_G2_AA_AE_mBHI_mGAM_2_S169,102316
84,G8-e003Coalescence-mGAM-p1_S818,15,827892,B_G1_G2_AA_AE_mBHI_mGAM_2_S169,102316
85,D8-e003Coalescence-mGAM-p1_S755,43,701330,B_G1_G2_AA_AE_mBHI_mGAM_2_S169,102316
86,A9-e003Coalescence-mBHI-p1_S756,82,1437416,B_G1_G2_AA_AE_mBHI_mGAM_2_S169,102316
87,E11-e003Coalescence-mBHI-p1_S836,39,1451168,B_G1_G2_AA_AE_mBHI_mGAM_2_S169,102316
88,A10-e003Coalescence-mBHI-p1_S764,12,1193259,B_G1_G2_AA_AE_mBHI_mGAM_2_S169,102316
89,A11-e003Coalescence-mBHI-p1_S772,45,1248804,B_G1_G2_AA_AE_mBHI_mGAM_2_S169,102316
90,Coalescence-F2-E10-AA-AE-mGAM-mBHI-3_S681,36,1425787,B_G1_G2_AA_AE_mBHI_mGAM_2_S169,102316
91,Coalescence-E8-D11-AF-AF-mGAM-mBHI-3_S675,13400,1135698,B_G1_G2_AA_AE_mBHI_mGAM_2_S169,102316
92,Coalescence-F10-H8-AA-AF-mGAM-mGAM-3_S689,116,1095751,B_G1_G2_AA_AE_mBHI_mGAM_2_S169,102316
93,Coalescence-A10-C11-AE-AF-mGAM-mBHI-7_S629,8176,698926,B_G1_G2_AA_AE_mBHI_mGAM_2_S169,102316
94,C_E2_e003Assembly_S242,34,781119,B_G1_G2_AA_AE_mBHI_mGAM_2_S169,102316
0,A_A5_A8_AA_AA_mGAM_mBHI_2_S5,8,1417316,B_H5_H8_AA_AF_mGAM_mGAM_2_S185,102316
1,A_A8_A11_AF_AA_mGAM_mBHI_2_S8,7,1079879,B_H5_H8_AA_AF_mGAM_mGAM_2_S185,102316
2,A_C5_C8_AA_AE_mGAM_mBHI_2_S29,10,1427638,B_H5_H8_AA_AF_mGAM_mGAM_2_S185,102316
3,A_D5_D8_AA_AF_mGAM_mBHI_2_S41,32,966462,B_H5_H8_AA_AF_mGAM_mGAM_2_S185,102316
4,A_D8_D11_AF_AF_mGAM_mBHI_2_S44,14837,1169381,B_H5_H8_AA_AF_mGAM_mGAM_2_S185,102316
5,A_E5_A8_AA_AA_mGAM_mGAM_2_S53,9,1019189,B_H5_H8_AA_AF_mGAM_mGAM_2_S185,102316
6,A_E9_A2_AA_AA_mBHI_mGAM_4_S57,31,1413231,B_H5_H8_AA_AF_mGAM_mGAM_2_S185,102316
7,A_G1_C2_AA_AE_mBHI_mGAM_2_S73,50,712175,B_H5_H8_AA_AF_mGAM_mGAM_2_S185,102316
8,A_G5_C8_AA_AE_mGAM_mGAM_2_S77,11,1416857,B_H5_H8_AA_AF_mGAM_mGAM_2_S185,102316
9,A_G9_C2_AA_AE_mBHI_mGAM_4_S81,26,1411062,B_H5_H8_AA_AF_mGAM_mGAM_2_S185,102316
10,B_A5_E8_AA_AA_mGAM_mBHI_2_S101,7,1425704,B_H5_H8_AA_AF_mGAM_mGAM_2_S185,102316
11,B_A6_E9_ACPP_AA_mGAM_mBHI_2_S102,41,1117375,B_H5_H8_AA_AF_mGAM_mGAM_2_S185,102316
12,B_A7_E10_AE_AA_mGAM_mBHI_2_S103,12,1427518,B_H5_H8_AA_AF_mGAM_mGAM_2_S185,102316
13,B_A11_A10_AE_AA_mGAM_mBHI_4_S107,27,1383768,B_H5_H8_AA_AF_mGAM_mGAM_2_S185,102316
14,B_A12_A11_AF_AA_mGAM_mBHI_4_S108,26,1434911,B_H5_H8_AA_AF_mGAM_mGAM_2_S185,102316
15,B_C12_C11_AF_AE_mGAM_mBHI_4_S132,13167,1052319,B_H5_H8_AA_AF_mGAM_mGAM_2_S185,102316
16,B_D7_H10_AE_AF_mGAM_mBHI_2_S139,17488,1353892,B_H5_H8_AA_AF_mGAM_mGAM_2_S185,102316
17,B_D11_D10_AE_AF_mGAM_mBHI_4_S143,15208,1203283,B_H5_H8_AA_AF_mGAM_mGAM_2_S185,102316
18,B_E5_E8_AA_AA_mGAM_mGAM_2_S149,2,946657,B_H5_H8_AA_AF_mGAM_mGAM_2_S185,102316
19,B_E7_E10_AE_AA_mGAM_mGAM_2_S151,7,1444031,B_H5_H8_AA_AF_mGAM_mGAM_2_S185,102316
20,B_E8_E11_AF_AA_mGAM_mGAM_2_S152,9,849793,B_H5_H8_AA_AF_mGAM_mGAM_2_S185,102316
21,B_E11_A10_AE_AA_mGAM_mGAM_4_S155,11,1028220,B_H5_H8_AA_AF_mGAM_mGAM_2_S185,102316
22,B_G1_G2_AA_AE_mBHI_mGAM_2_S169,73,1033473,B_H5_H8_AA_AF_mGAM_mGAM_2_S185,102316
23,B_H5_H8_AA_AF_mGAM_mGAM_2_S185,0,1427983,B_H5_H8_AA_AF_mGAM_mGAM_2_S185,102316
24,C_C5_C8_AA_AE_mGAM_mBHI_6_S221,9,977407,B_H5_H8_AA_AF_mGAM_mGAM_2_S185,102316
25,C_C8_C11_AF_AE_mGAM_mBHI_6_S224,15480,1218207,B_H5_H8_AA_AF_mGAM_mGAM_2_S185,102316
26,C_D5_D8_AA_AF_mGAM_mBHI_6_S233,74,1127572,B_H5_H8_AA_AF_mGAM_mGAM_2_S185,102316
27,C_D7_D10_AE_AF_mGAM_mBHI_6_S235,18162,1404179,B_H5_H8_AA_AF_mGAM_mGAM_2_S185,102316
28,C_E5_A8_AA_AA_mGAM_mGAM_6_S245,18,1431755,B_H5_H8_AA_AF_mGAM_mGAM_2_S185,102316
29,C_E7_A10_AE_AA_mGAM_mGAM_6_S247,10,1413289,B_H5_H8_AA_AF_mGAM_mGAM_2_S185,102316
30,C_E9_E2_AA_AA_mBHI_mGAM_4_S249,26,1403356,B_H5_H8_AA_AF_mGAM_mGAM_2_S185,102316
31,C_E11_E4_AE_AA_mBHI_mGAM_4_S251,32,1422885,B_H5_H8_AA_AF_mGAM_mGAM_2_S185,102316
32,D_A6_A9_ACPP_AA_mGAM_mBHI_6_S294,8,1440130,B_H5_H8_AA_AF_mGAM_mGAM_2_S185,102316
33,D_A7_A10_AE_AA_mGAM_mBHI_6_S295,12,1433602,B_H5_H8_AA_AF_mGAM_mGAM_2_S185,102316
34,D_A8_A11_AF_AA_mGAM_mBHI_6_S296,20,1436671,B_H5_H8_AA_AF_mGAM_mGAM_2_S185,102316
35,D_A9_E8_AA_AA_mGAM_mBHI_4_S297,16,1437286,B_H5_H8_AA_AF_mGAM_mGAM_2_S185,102316
36,D_A12_E11_AF_AA_mGAM_mBHI_4_S300,11,1396823,B_H5_H8_AA_AF_mGAM_mGAM_2_S185,102316
37,D_C8_C11_AF_AE_mGAM_mBHI_6_S320,16510,1292174,B_H5_H8_AA_AF_mGAM_mGAM_2_S185,102316
38,D_C9_G8_AA_AE_mGAM_mBHI_4_S321,18,1110163,B_H5_H8_AA_AF_mGAM_mGAM_2_S185,102316
39,D_C12_G11_AF_AE_mGAM_mBHI_4_S324,17173,1330220,B_H5_H8_AA_AF_mGAM_mGAM_2_S185,102316
40,D_D7_D10_AE_AF_mGAM_mBHI_6_S331,17161,1338259,B_H5_H8_AA_AF_mGAM_mGAM_2_S185,102316
41,D_D11_H10_AE_AF_mGAM_mBHI_4_S335,16851,1308265,B_H5_H8_AA_AF_mGAM_mGAM_2_S185,102316
42,D_E1_A2_AA_AA_mBHI_mGAM_6_S337,34,1436963,B_H5_H8_AA_AF_mGAM_mGAM_2_S185,102316
43,D_E3_A4_AE_AA_mBHI_mGAM_6_S339,40,1417311,B_H5_H8_AA_AF_mGAM_mGAM_2_S185,102316
44,D_E6_A9_ACPP_AA_mGAM_mGAM_6_S342,11,1303681,B_H5_H8_AA_AF_mGAM_mGAM_2_S185,102316
45,D_E7_A10_AE_AA_mGAM_mGAM_6_S343,10,1343749,B_H5_H8_AA_AF_mGAM_mGAM_2_S185,102316
46,D_E9_E8_AA_AA_mGAM_mGAM_4_S345,37,1400809,B_H5_H8_AA_AF_mGAM_mGAM_2_S185,102316
47,D_E11_E10_AE_AA_mGAM_mGAM_4_S347,20,1397326,B_H5_H8_AA_AF_mGAM_mGAM_2_S185,102316
48,D_G1_C2_AA_AE_mBHI_mGAM_6_S361,14,712918,B_H5_H8_AA_AF_mGAM_mGAM_2_S185,102316
49,D_H5_D8_AA_AF_mGAM_mGAM_6_S377,3127,1125549,B_H5_H8_AA_AF_mGAM_mGAM_2_S185,102316
50,D10-e003Coalescence-mBHI-p3,9251,721454,B_H5_H8_AA_AF_mGAM_mGAM_2_S185,102316
51,C2-e003Coalescence-mGAM-p7,125,1453552,B_H5_H8_AA_AF_mGAM_mGAM_2_S185,102316
52,D10-e003Coalescence-mBHI-p5,9012,723373,B_H5_H8_AA_AF_mGAM_mGAM_2_S185,102316
53,D8-e003Coalescence-mBHI-p5,89,795854,B_H5_H8_AA_AF_mGAM_mGAM_2_S185,102316
54,A8-e003Coalescence-mBHI-p7,84,1437763,B_H5_H8_AA_AF_mGAM_mGAM_2_S185,102316
55,A10-e003Coalescence-mGAM-p3,34,960054,B_H5_H8_AA_AF_mGAM_mGAM_2_S185,102316
56,A8-e003Coalescence-mBHI-p5,46,1099058,B_H5_H8_AA_AF_mGAM_mGAM_2_S185,102316
57,A10-e003Coalescence-mBHI-p7,74,1171728,B_H5_H8_AA_AF_mGAM_mGAM_2_S185,102316
58,A2-e003Coalescence-mGAM-p5,59,1119246,B_H5_H8_AA_AF_mGAM_mGAM_2_S185,102316
59,C8-e003Coalescence-mBHI-p5,62,1251387,B_H5_H8_AA_AF_mGAM_mGAM_2_S185,102316
60,A11-e003Coalescence-mBHI-p3,73,1455400,B_H5_H8_AA_AF_mGAM_mGAM_2_S185,102316
61,E2-e003Coalescence-mGAM-p7_S145,17,960650,B_H5_H8_AA_AF_mGAM_mGAM_2_S185,102316
62,E8-e003Coalescence-mBHI-p5_S5,17,1129168,B_H5_H8_AA_AF_mGAM_mGAM_2_S185,102316
63,H111-e003Coalescence-mBHI-p3_S144,15776,1229895,B_H5_H8_AA_AF_mGAM_mGAM_2_S185,102316
64,E100-e003Coalescence-mGAM-p3_S155,9,1310955,B_H5_H8_AA_AF_mGAM_mGAM_2_S185,102316
65,E111-e003Coalescence-mBHI-p5_S8,35,719187,B_H5_H8_AA_AF_mGAM_mGAM_2_S185,102316
66,H100-e003Coalescence-mBHI-p5_S43,12914,1043416,B_H5_H8_AA_AF_mGAM_mGAM_2_S185,102316
67,H8-e003Coalescence-mBHI-p7_S137,16,1241668,B_H5_H8_AA_AF_mGAM_mGAM_2_S185,102316
68,G8-e003Coalescence-mGAM-p5_S77,6,1348310,B_H5_H8_AA_AF_mGAM_mGAM_2_S185,102316
69,H8-e003Coalescence-mBHI-p5_S41,21,797551,B_H5_H8_AA_AF_mGAM_mGAM_2_S185,102316
70,E100-e003Coalescence-mBHI-p5_S7,10,890217,B_H5_H8_AA_AF_mGAM_mGAM_2_S185,102316
71,E100-e003Coalescence-mGAM-p5_S55,1,809705,B_H5_H8_AA_AF_mGAM_mGAM_2_S185,102316
72,H111-e003Coalescence-mBHI-p5_S44,8145,674095,B_H5_H8_AA_AF_mGAM_mGAM_2_S185,102316
73,E2-e003Coalescence-mGAM-p3_S57,16,1046865,B_H5_H8_AA_AF_mGAM_mGAM_2_S185,102316
74,H100-e003Coalescence-mBHI-p7_S139,16155,1277434,B_H5_H8_AA_AF_mGAM_mGAM_2_S185,102316
75,G8-e003Coalescence-mBHI-p5_S29,14,748494,B_H5_H8_AA_AF_mGAM_mGAM_2_S185,102316
76,E8-e003Coalescence-mBHI-p3_S105,13,1300226,B_H5_H8_AA_AF_mGAM_mGAM_2_S185,102316
77,E8-e003Coalescence-mGAM-p7_S149,17,1417361,B_H5_H8_AA_AF_mGAM_mGAM_2_S185,102316
78,H8-e003Coalescence-mGAM-p7_S185,3971,983015,B_H5_H8_AA_AF_mGAM_mGAM_2_S185,102316
79,A2-e003Coalescence-Inoculumn-mGAM,34,766653,B_H5_H8_AA_AF_mGAM_mGAM_2_S185,102316
80,B8-e003Coalescence-mBHI-p1_S749,76,1268450,B_H5_H8_AA_AF_mGAM_mGAM_2_S185,102316
81,A8-e003Coalescence-mBHI-p1_S748,10,1289758,B_H5_H8_AA_AF_mGAM_mGAM_2_S185,102316
82,H8-e003Coalescence-mBHI-p1_S815,10,1218424,B_H5_H8_AA_AF_mGAM_mGAM_2_S185,102316
83,E8-e003Coalescence-mBHI-p1_S812,11,1401516,B_H5_H8_AA_AF_mGAM_mGAM_2_S185,102316
84,G8-e003Coalescence-mGAM-p1_S818,2,827892,B_H5_H8_AA_AF_mGAM_mGAM_2_S185,102316
85,D8-e003Coalescence-mGAM-p1_S755,6,701330,B_H5_H8_AA_AF_mGAM_mGAM_2_S185,102316
86,A9-e003Coalescence-mBHI-p1_S756,85,1437416,B_H5_H8_AA_AF_mGAM_mGAM_2_S185,102316
87,E11-e003Coalescence-mBHI-p1_S836,8,1451168,B_H5_H8_AA_AF_mGAM_mGAM_2_S185,102316
88,A10-e003Coalescence-mBHI-p1_S764,6,1193259,B_H5_H8_AA_AF_mGAM_mGAM_2_S185,102316
89,A11-e003Coalescence-mBHI-p1_S772,12,1248804,B_H5_H8_AA_AF_mGAM_mGAM_2_S185,102316
90,Coalescence-F2-E10-AA-AE-mGAM-mBHI-3_S681,11,1425787,B_H5_H8_AA_AF_mGAM_mGAM_2_S185,102316
91,Coalescence-E8-D11-AF-AF-mGAM-mBHI-3_S675,14322,1135698,B_H5_H8_AA_AF_mGAM_mGAM_2_S185,102316
92,Coalescence-F10-H8-AA-AF-mGAM-mGAM-3_S689,86,1095751,B_H5_H8_AA_AF_mGAM_mGAM_2_S185,102316
93,Coalescence-A10-C11-AE-AF-mGAM-mBHI-7_S629,8558,698926,B_H5_H8_AA_AF_mGAM_mGAM_2_S185,102316
94,C_E2_e003Assembly_S242,21,781119,B_H5_H8_AA_AF_mGAM_mGAM_2_S185,102316
0,A_A5_A8_AA_AA_mGAM_mBHI_2_S5,3,1417316,C_C5_C8_AA_AE_mGAM_mBHI_6_S221,102316
1,A_A8_A11_AF_AA_mGAM_mBHI_2_S8,1,1079879,C_C5_C8_AA_AE_mGAM_mBHI_6_S221,102316
2,A_C5_C8_AA_AE_mGAM_mBHI_2_S29,5,1427638,C_C5_C8_AA_AE_mGAM_mBHI_6_S221,102316
3,A_D5_D8_AA_AF_mGAM_mBHI_2_S41,12,966462,C_C5_C8_AA_AE_mGAM_mBHI_6_S221,102316
4,A_D8_D11_AF_AF_mGAM_mBHI_2_S44,13101,1169381,C_C5_C8_AA_AE_mGAM_mBHI_6_S221,102316
5,A_E5_A8_AA_AA_mGAM_mGAM_2_S53,15,1019189,C_C5_C8_AA_AE_mGAM_mBHI_6_S221,102316
6,A_E9_A2_AA_AA_mBHI_mGAM_4_S57,6,1413231,C_C5_C8_AA_AE_mGAM_mBHI_6_S221,102316
7,A_G1_C2_AA_AE_mBHI_mGAM_2_S73,2,712175,C_C5_C8_AA_AE_mGAM_mBHI_6_S221,102316
8,A_G5_C8_AA_AE_mGAM_mGAM_2_S77,27,1416857,C_C5_C8_AA_AE_mGAM_mBHI_6_S221,102316
9,A_G9_C2_AA_AE_mBHI_mGAM_4_S81,3,1411062,C_C5_C8_AA_AE_mGAM_mBHI_6_S221,102316
10,B_A5_E8_AA_AA_mGAM_mBHI_2_S101,0,1425704,C_C5_C8_AA_AE_mGAM_mBHI_6_S221,102316
11,B_A6_E9_ACPP_AA_mGAM_mBHI_2_S102,10,1117375,C_C5_C8_AA_AE_mGAM_mBHI_6_S221,102316
12,B_A7_E10_AE_AA_mGAM_mBHI_2_S103,0,1427518,C_C5_C8_AA_AE_mGAM_mBHI_6_S221,102316
13,B_A11_A10_AE_AA_mGAM_mBHI_4_S107,0,1383768,C_C5_C8_AA_AE_mGAM_mBHI_6_S221,102316
14,B_A12_A11_AF_AA_mGAM_mBHI_4_S108,4,1434911,C_C5_C8_AA_AE_mGAM_mBHI_6_S221,102316
15,B_C12_C11_AF_AE_mGAM_mBHI_4_S132,11806,1052319,C_C5_C8_AA_AE_mGAM_mBHI_6_S221,102316
16,B_D7_H10_AE_AF_mGAM_mBHI_2_S139,15294,1353892,C_C5_C8_AA_AE_mGAM_mBHI_6_S221,102316
17,B_D11_D10_AE_AF_mGAM_mBHI_4_S143,13533,1203283,C_C5_C8_AA_AE_mGAM_mBHI_6_S221,102316
18,B_E5_E8_AA_AA_mGAM_mGAM_2_S149,14,946657,C_C5_C8_AA_AE_mGAM_mBHI_6_S221,102316
19,B_E7_E10_AE_AA_mGAM_mGAM_2_S151,16,1444031,C_C5_C8_AA_AE_mGAM_mBHI_6_S221,102316
20,B_E8_E11_AF_AA_mGAM_mGAM_2_S152,20,849793,C_C5_C8_AA_AE_mGAM_mBHI_6_S221,102316
21,B_E11_A10_AE_AA_mGAM_mGAM_4_S155,1,1028220,C_C5_C8_AA_AE_mGAM_mBHI_6_S221,102316
22,B_G1_G2_AA_AE_mBHI_mGAM_2_S169,12,1033473,C_C5_C8_AA_AE_mGAM_mBHI_6_S221,102316
23,B_H5_H8_AA_AF_mGAM_mGAM_2_S185,9,1427983,C_C5_C8_AA_AE_mGAM_mBHI_6_S221,102316
24,C_C5_C8_AA_AE_mGAM_mBHI_6_S221,0,977407,C_C5_C8_AA_AE_mGAM_mBHI_6_S221,102316
25,C_C8_C11_AF_AE_mGAM_mBHI_6_S224,13790,1218207,C_C5_C8_AA_AE_mGAM_mBHI_6_S221,102316
26,C_D5_D8_AA_AF_mGAM_mBHI_6_S233,51,1127572,C_C5_C8_AA_AE_mGAM_mBHI_6_S221,102316
27,C_D7_D10_AE_AF_mGAM_mBHI_6_S235,15886,1404179,C_C5_C8_AA_AE_mGAM_mBHI_6_S221,102316
28,C_E5_A8_AA_AA_mGAM_mGAM_6_S245,21,1431755,C_C5_C8_AA_AE_mGAM_mBHI_6_S221,102316
29,C_E7_A10_AE_AA_mGAM_mGAM_6_S247,5,1413289,C_C5_C8_AA_AE_mGAM_mBHI_6_S221,102316
30,C_E9_E2_AA_AA_mBHI_mGAM_4_S249,4,1403356,C_C5_C8_AA_AE_mGAM_mBHI_6_S221,102316
31,C_E11_E4_AE_AA_mBHI_mGAM_4_S251,4,1422885,C_C5_C8_AA_AE_mGAM_mBHI_6_S221,102316
32,D_A6_A9_ACPP_AA_mGAM_mBHI_6_S294,2,1440130,C_C5_C8_AA_AE_mGAM_mBHI_6_S221,102316
33,D_A7_A10_AE_AA_mGAM_mBHI_6_S295,2,1433602,C_C5_C8_AA_AE_mGAM_mBHI_6_S221,102316
34,D_A8_A11_AF_AA_mGAM_mBHI_6_S296,5,1436671,C_C5_C8_AA_AE_mGAM_mBHI_6_S221,102316
35,D_A9_E8_AA_AA_mGAM_mBHI_4_S297,2,1437286,C_C5_C8_AA_AE_mGAM_mBHI_6_S221,102316
36,D_A12_E11_AF_AA_mGAM_mBHI_4_S300,2,1396823,C_C5_C8_AA_AE_mGAM_mBHI_6_S221,102316
37,D_C8_C11_AF_AE_mGAM_mBHI_6_S320,14519,1292174,C_C5_C8_AA_AE_mGAM_mBHI_6_S221,102316
38,D_C9_G8_AA_AE_mGAM_mBHI_4_S321,0,1110163,C_C5_C8_AA_AE_mGAM_mBHI_6_S221,102316
39,D_C12_G11_AF_AE_mGAM_mBHI_4_S324,15069,1330220,C_C5_C8_AA_AE_mGAM_mBHI_6_S221,102316
40,D_D7_D10_AE_AF_mGAM_mBHI_6_S331,15098,1338259,C_C5_C8_AA_AE_mGAM_mBHI_6_S221,102316
41,D_D11_H10_AE_AF_mGAM_mBHI_4_S335,14879,1308265,C_C5_C8_AA_AE_mGAM_mBHI_6_S221,102316
42,D_E1_A2_AA_AA_mBHI_mGAM_6_S337,7,1436963,C_C5_C8_AA_AE_mGAM_mBHI_6_S221,102316
43,D_E3_A4_AE_AA_mBHI_mGAM_6_S339,2,1417311,C_C5_C8_AA_AE_mGAM_mBHI_6_S221,102316
44,D_E6_A9_ACPP_AA_mGAM_mGAM_6_S342,20,1303681,C_C5_C8_AA_AE_mGAM_mBHI_6_S221,102316
45,D_E7_A10_AE_AA_mGAM_mGAM_6_S343,4,1343749,C_C5_C8_AA_AE_mGAM_mBHI_6_S221,102316
46,D_E9_E8_AA_AA_mGAM_mGAM_4_S345,38,1400809,C_C5_C8_AA_AE_mGAM_mBHI_6_S221,102316
47,D_E11_E10_AE_AA_mGAM_mGAM_4_S347,3,1397326,C_C5_C8_AA_AE_mGAM_mBHI_6_S221,102316
48,D_G1_C2_AA_AE_mBHI_mGAM_6_S361,10,712918,C_C5_C8_AA_AE_mGAM_mBHI_6_S221,102316
49,D_H5_D8_AA_AF_mGAM_mGAM_6_S377,2776,1125549,C_C5_C8_AA_AE_mGAM_mBHI_6_S221,102316
50,D10-e003Coalescence-mBHI-p3,8312,721454,C_C5_C8_AA_AE_mGAM_mBHI_6_S221,102316
51,C2-e003Coalescence-mGAM-p7,32,1453552,C_C5_C8_AA_AE_mGAM_mBHI_6_S221,102316
52,D10-e003Coalescence-mBHI-p5,8058,723373,C_C5_C8_AA_AE_mGAM_mBHI_6_S221,102316
53,D8-e003Coalescence-mBHI-p5,62,795854,C_C5_C8_AA_AE_mGAM_mBHI_6_S221,102316
54,A8-e003Coalescence-mBHI-p7,27,1437763,C_C5_C8_AA_AE_mGAM_mBHI_6_S221,102316
55,A10-e003Coalescence-mGAM-p3,32,960054,C_C5_C8_AA_AE_mGAM_mBHI_6_S221,102316
56,A8-e003Coalescence-mBHI-p5,23,1099058,C_C5_C8_AA_AE_mGAM_mBHI_6_S221,102316
57,A10-e003Coalescence-mBHI-p7,24,1171728,C_C5_C8_AA_AE_mGAM_mBHI_6_S221,102316
58,A2-e003Coalescence-mGAM-p5,18,1119246,C_C5_C8_AA_AE_mGAM_mBHI_6_S221,102316
59,C8-e003Coalescence-mBHI-p5,20,1251387,C_C5_C8_AA_AE_mGAM_mBHI_6_S221,102316
60,A11-e003Coalescence-mBHI-p3,30,1455400,C_C5_C8_AA_AE_mGAM_mBHI_6_S221,102316
61,E2-e003Coalescence-mGAM-p7_S145,5,960650,C_C5_C8_AA_AE_mGAM_mBHI_6_S221,102316
62,E8-e003Coalescence-mBHI-p5_S5,2,1129168,C_C5_C8_AA_AE_mGAM_mBHI_6_S221,102316
63,H111-e003Coalescence-mBHI-p3_S144,13927,1229895,C_C5_C8_AA_AE_mGAM_mBHI_6_S221,102316
64,E100-e003Coalescence-mGAM-p3_S155,5,1310955,C_C5_C8_AA_AE_mGAM_mBHI_6_S221,102316
65,E111-e003Coalescence-mBHI-p5_S8,39,719187,C_C5_C8_AA_AE_mGAM_mBHI_6_S221,102316
66,H100-e003Coalescence-mBHI-p5_S43,11476,1043416,C_C5_C8_AA_AE_mGAM_mBHI_6_S221,102316
67,H8-e003Coalescence-mBHI-p7_S137,15,1241668,C_C5_C8_AA_AE_mGAM_mBHI_6_S221,102316
68,G8-e003Coalescence-mGAM-p5_S77,13,1348310,C_C5_C8_AA_AE_mGAM_mBHI_6_S221,102316
69,H8-e003Coalescence-mBHI-p5_S41,8,797551,C_C5_C8_AA_AE_mGAM_mBHI_6_S221,102316
70,E100-e003Coalescence-mBHI-p5_S7,0,890217,C_C5_C8_AA_AE_mGAM_mBHI_6_S221,102316
71,E100-e003Coalescence-mGAM-p5_S55,0,809705,C_C5_C8_AA_AE_mGAM_mBHI_6_S221,102316
72,H111-e003Coalescence-mBHI-p5_S44,7302,674095,C_C5_C8_AA_AE_mGAM_mBHI_6_S221,102316
73,E2-e003Coalescence-mGAM-p3_S57,4,1046865,C_C5_C8_AA_AE_mGAM_mBHI_6_S221,102316
74,H100-e003Coalescence-mBHI-p7_S139,14253,1277434,C_C5_C8_AA_AE_mGAM_mBHI_6_S221,102316
75,G8-e003Coalescence-mBHI-p5_S29,0,748494,C_C5_C8_AA_AE_mGAM_mBHI_6_S221,102316
76,E8-e003Coalescence-mBHI-p3_S105,9,1300226,C_C5_C8_AA_AE_mGAM_mBHI_6_S221,102316
77,E8-e003Coalescence-mGAM-p7_S149,24,1417361,C_C5_C8_AA_AE_mGAM_mBHI_6_S221,102316
78,H8-e003Coalescence-mGAM-p7_S185,3554,983015,C_C5_C8_AA_AE_mGAM_mBHI_6_S221,102316
79,A2-e003Coalescence-Inoculumn-mGAM,41,766653,C_C5_C8_AA_AE_mGAM_mBHI_6_S221,102316
80,B8-e003Coalescence-mBHI-p1_S749,27,1268450,C_C5_C8_AA_AE_mGAM_mBHI_6_S221,102316
81,A8-e003Coalescence-mBHI-p1_S748,2,1289758,C_C5_C8_AA_AE_mGAM_mBHI_6_S221,102316
82,H8-e003Coalescence-mBHI-p1_S815,18,1218424,C_C5_C8_AA_AE_mGAM_mBHI_6_S221,102316
83,E8-e003Coalescence-mBHI-p1_S812,3,1401516,C_C5_C8_AA_AE_mGAM_mBHI_6_S221,102316
84,G8-e003Coalescence-mGAM-p1_S818,9,827892,C_C5_C8_AA_AE_mGAM_mBHI_6_S221,102316
85,D8-e003Coalescence-mGAM-p1_S755,19,701330,C_C5_C8_AA_AE_mGAM_mBHI_6_S221,102316
86,A9-e003Coalescence-mBHI-p1_S756,36,1437416,C_C5_C8_AA_AE_mGAM_mBHI_6_S221,102316
87,E11-e003Coalescence-mBHI-p1_S836,6,1451168,C_C5_C8_AA_AE_mGAM_mBHI_6_S221,102316
88,A10-e003Coalescence-mBHI-p1_S764,0,1193259,C_C5_C8_AA_AE_mGAM_mBHI_6_S221,102316
89,A11-e003Coalescence-mBHI-p1_S772,12,1248804,C_C5_C8_AA_AE_mGAM_mBHI_6_S221,102316
90,Coalescence-F2-E10-AA-AE-mGAM-mBHI-3_S681,0,1425787,C_C5_C8_AA_AE_mGAM_mBHI_6_S221,102316
91,Coalescence-E8-D11-AF-AF-mGAM-mBHI-3_S675,12744,1135698,C_C5_C8_AA_AE_mGAM_mBHI_6_S221,102316
92,Coalescence-F10-H8-AA-AF-mGAM-mGAM-3_S689,75,1095751,C_C5_C8_AA_AE_mGAM_mBHI_6_S221,102316
93,Coalescence-A10-C11-AE-AF-mGAM-mBHI-7_S629,7869,698926,C_C5_C8_AA_AE_mGAM_mBHI_6_S221,102316
94,C_E2_e003Assembly_S242,16,781119,C_C5_C8_AA_AE_mGAM_mBHI_6_S221,102316
0,A_A5_A8_AA_AA_mGAM_mBHI_2_S5,20278,1417316,C_C8_C11_AF_AE_mGAM_mBHI_6_S224,102316
1,A_A8_A11_AF_AA_mGAM_mBHI_2_S8,12626,1079879,C_C8_C11_AF_AE_mGAM_mBHI_6_S224,102316
2,A_C5_C8_AA_AE_mGAM_mBHI_2_S29,20386,1427638,C_C8_C11_AF_AE_mGAM_mBHI_6_S224,102316
3,A_D5_D8_AA_AF_mGAM_mBHI_2_S41,9580,966462,C_C8_C11_AF_AE_mGAM_mBHI_6_S224,102316
4,A_D8_D11_AF_AF_mGAM_mBHI_2_S44,12,1169381,C_C8_C11_AF_AE_mGAM_mBHI_6_S224,102316
5,A_E5_A8_AA_AA_mGAM_mGAM_2_S53,14330,1019189,C_C8_C11_AF_AE_mGAM_mBHI_6_S224,102316
6,A_E9_A2_AA_AA_mBHI_mGAM_4_S57,20114,1413231,C_C8_C11_AF_AE_mGAM_mBHI_6_S224,102316
7,A_G1_C2_AA_AE_mBHI_mGAM_2_S73,9807,712175,C_C8_C11_AF_AE_mGAM_mBHI_6_S224,102316
8,A_G5_C8_AA_AE_mGAM_mGAM_2_S77,20159,1416857,C_C8_C11_AF_AE_mGAM_mBHI_6_S224,102316
9,A_G9_C2_AA_AE_mBHI_mGAM_4_S81,19885,1411062,C_C8_C11_AF_AE_mGAM_mBHI_6_S224,102316
10,B_A5_E8_AA_AA_mGAM_mBHI_2_S101,20357,1425704,C_C8_C11_AF_AE_mGAM_mBHI_6_S224,102316
11,B_A6_E9_ACPP_AA_mGAM_mBHI_2_S102,15738,1117375,C_C8_C11_AF_AE_mGAM_mBHI_6_S224,102316
12,B_A7_E10_AE_AA_mGAM_mBHI_2_S103,20438,1427518,C_C8_C11_AF_AE_mGAM_mBHI_6_S224,102316
13,B_A11_A10_AE_AA_mGAM_mBHI_4_S107,19711,1383768,C_C8_C11_AF_AE_mGAM_mBHI_6_S224,102316
14,B_A12_A11_AF_AA_mGAM_mBHI_4_S108,17247,1434911,C_C8_C11_AF_AE_mGAM_mBHI_6_S224,102316
15,B_C12_C11_AF_AE_mGAM_mBHI_4_S132,5,1052319,C_C8_C11_AF_AE_mGAM_mBHI_6_S224,102316
16,B_D7_H10_AE_AF_mGAM_mBHI_2_S139,8,1353892,C_C8_C11_AF_AE_mGAM_mBHI_6_S224,102316
17,B_D11_D10_AE_AF_mGAM_mBHI_4_S143,4,1203283,C_C8_C11_AF_AE_mGAM_mBHI_6_S224,102316
18,B_E5_E8_AA_AA_mGAM_mGAM_2_S149,13079,946657,C_C8_C11_AF_AE_mGAM_mBHI_6_S224,102316
19,B_E7_E10_AE_AA_mGAM_mGAM_2_S151,20517,1444031,C_C8_C11_AF_AE_mGAM_mBHI_6_S224,102316
20,B_E8_E11_AF_AA_mGAM_mGAM_2_S152,9889,849793,C_C8_C11_AF_AE_mGAM_mBHI_6_S224,102316
21,B_E11_A10_AE_AA_mGAM_mGAM_4_S155,14355,1028220,C_C8_C11_AF_AE_mGAM_mBHI_6_S224,102316
22,B_G1_G2_AA_AE_mBHI_mGAM_2_S169,14479,1033473,C_C8_C11_AF_AE_mGAM_mBHI_6_S224,102316
23,B_H5_H8_AA_AF_mGAM_mGAM_2_S185,15480,1427983,C_C8_C11_AF_AE_mGAM_mBHI_6_S224,102316
24,C_C5_C8_AA_AE_mGAM_mBHI_6_S221,13790,977407,C_C8_C11_AF_AE_mGAM_mBHI_6_S224,102316
25,C_C8_C11_AF_AE_mGAM_mBHI_6_S224,0,1218207,C_C8_C11_AF_AE_mGAM_mBHI_6_S224,102316
26,C_D5_D8_AA_AF_mGAM_mBHI_6_S233,9429,1127572,C_C8_C11_AF_AE_mGAM_mBHI_6_S224,102316
27,C_D7_D10_AE_AF_mGAM_mBHI_6_S235,1,1404179,C_C8_C11_AF_AE_mGAM_mBHI_6_S224,102316
28,C_E5_A8_AA_AA_mGAM_mGAM_6_S245,20361,1431755,C_C8_C11_AF_AE_mGAM_mBHI_6_S224,102316
29,C_E7_A10_AE_AA_mGAM_mGAM_6_S247,20185,1413289,C_C8_C11_AF_AE_mGAM_mBHI_6_S224,102316
30,C_E9_E2_AA_AA_mBHI_mGAM_4_S249,19860,1403356,C_C8_C11_AF_AE_mGAM_mBHI_6_S224,102316
31,C_E11_E4_AE_AA_mBHI_mGAM_4_S251,20161,1422885,C_C8_C11_AF_AE_mGAM_mBHI_6_S224,102316
32,D_A6_A9_ACPP_AA_mGAM_mBHI_6_S294,20585,1440130,C_C8_C11_AF_AE_mGAM_mBHI_6_S224,102316
33,D_A7_A10_AE_AA_mGAM_mBHI_6_S295,20549,1433602,C_C8_C11_AF_AE_mGAM_mBHI_6_S224,102316
34,D_A8_A11_AF_AA_mGAM_mBHI_6_S296,15420,1436671,C_C8_C11_AF_AE_mGAM_mBHI_6_S224,102316
35,D_A9_E8_AA_AA_mGAM_mBHI_4_S297,20622,1437286,C_C8_C11_AF_AE_mGAM_mBHI_6_S224,102316
36,D_A12_E11_AF_AA_mGAM_mBHI_4_S300,16253,1396823,C_C8_C11_AF_AE_mGAM_mBHI_6_S224,102316
37,D_C8_C11_AF_AE_mGAM_mBHI_6_S320,2,1292174,C_C8_C11_AF_AE_mGAM_mBHI_6_S224,102316
38,D_C9_G8_AA_AE_mGAM_mBHI_4_S321,15589,1110163,C_C8_C11_AF_AE_mGAM_mBHI_6_S224,102316
39,D_C12_G11_AF_AE_mGAM_mBHI_4_S324,6,1330220,C_C8_C11_AF_AE_mGAM_mBHI_6_S224,102316
40,D_D7_D10_AE_AF_mGAM_mBHI_6_S331,14,1338259,C_C8_C11_AF_AE_mGAM_mBHI_6_S224,102316
41,D_D11_H10_AE_AF_mGAM_mBHI_4_S335,5,1308265,C_C8_C11_AF_AE_mGAM_mBHI_6_S224,102316
42,D_E1_A2_AA_AA_mBHI_mGAM_6_S337,20391,1436963,C_C8_C11_AF_AE_mGAM_mBHI_6_S224,102316
43,D_E3_A4_AE_AA_mBHI_mGAM_6_S339,20130,1417311,C_C8_C11_AF_AE_mGAM_mBHI_6_S224,102316
44,D_E6_A9_ACPP_AA_mGAM_mGAM_6_S342,18586,1303681,C_C8_C11_AF_AE_mGAM_mBHI_6_S224,102316
45,D_E7_A10_AE_AA_mGAM_mGAM_6_S343,19120,1343749,C_C8_C11_AF_AE_mGAM_mBHI_6_S224,102316
46,D_E9_E8_AA_AA_mGAM_mGAM_4_S345,20041,1400809,C_C8_C11_AF_AE_mGAM_mBHI_6_S224,102316
47,D_E11_E10_AE_AA_mGAM_mGAM_4_S347,20057,1397326,C_C8_C11_AF_AE_mGAM_mBHI_6_S224,102316
48,D_G1_C2_AA_AE_mBHI_mGAM_6_S361,9830,712918,C_C8_C11_AF_AE_mGAM_mBHI_6_S224,102316
49,D_H5_D8_AA_AF_mGAM_mGAM_6_S377,470,1125549,C_C8_C11_AF_AE_mGAM_mBHI_6_S224,102316
50,D10-e003Coalescence-mBHI-p3,43,721454,C_C8_C11_AF_AE_mGAM_mBHI_6_S224,102316
51,C2-e003Coalescence-mGAM-p7,20744,1453552,C_C8_C11_AF_AE_mGAM_mBHI_6_S224,102316
52,D10-e003Coalescence-mBHI-p5,42,723373,C_C8_C11_AF_AE_mGAM_mBHI_6_S224,102316
53,D8-e003Coalescence-mBHI-p5,7396,795854,C_C8_C11_AF_AE_mGAM_mBHI_6_S224,102316
54,A8-e003Coalescence-mBHI-p7,20909,1437763,C_C8_C11_AF_AE_mGAM_mBHI_6_S224,102316
55,A10-e003Coalescence-mGAM-p3,13648,960054,C_C8_C11_AF_AE_mGAM_mBHI_6_S224,102316
56,A8-e003Coalescence-mBHI-p5,15791,1099058,C_C8_C11_AF_AE_mGAM_mBHI_6_S224,102316
57,A10-e003Coalescence-mBHI-p7,16799,1171728,C_C8_C11_AF_AE_mGAM_mBHI_6_S224,102316
58,A2-e003Coalescence-mGAM-p5,15904,1119246,C_C8_C11_AF_AE_mGAM_mBHI_6_S224,102316
59,C8-e003Coalescence-mBHI-p5,17917,1251387,C_C8_C11_AF_AE_mGAM_mBHI_6_S224,102316
60,A11-e003Coalescence-mBHI-p3,19337,1455400,C_C8_C11_AF_AE_mGAM_mBHI_6_S224,102316
61,E2-e003Coalescence-mGAM-p7_S145,13344,960650,C_C8_C11_AF_AE_mGAM_mBHI_6_S224,102316
62,E8-e003Coalescence-mBHI-p5_S5,15853,1129168,C_C8_C11_AF_AE_mGAM_mBHI_6_S224,102316
63,H111-e003Coalescence-mBHI-p3_S144,11,1229895,C_C8_C11_AF_AE_mGAM_mBHI_6_S224,102316
64,E100-e003Coalescence-mGAM-p3_S155,18577,1310955,C_C8_C11_AF_AE_mGAM_mBHI_6_S224,102316
65,E111-e003Coalescence-mBHI-p5_S8,7188,719187,C_C8_C11_AF_AE_mGAM_mBHI_6_S224,102316
66,H100-e003Coalescence-mBHI-p5_S43,4,1043416,C_C8_C11_AF_AE_mGAM_mBHI_6_S224,102316
67,H8-e003Coalescence-mBHI-p7_S137,16109,1241668,C_C8_C11_AF_AE_mGAM_mBHI_6_S224,102316
68,G8-e003Coalescence-mGAM-p5_S77,18989,1348310,C_C8_C11_AF_AE_mGAM_mBHI_6_S224,102316
69,H8-e003Coalescence-mBHI-p5_S41,10676,797551,C_C8_C11_AF_AE_mGAM_mBHI_6_S224,102316
70,E100-e003Coalescence-mBHI-p5_S7,12186,890217,C_C8_C11_AF_AE_mGAM_mBHI_6_S224,102316
71,E100-e003Coalescence-mGAM-p5_S55,11122,809705,C_C8_C11_AF_AE_mGAM_mBHI_6_S224,102316
72,H111-e003Coalescence-mBHI-p5_S44,2,674095,C_C8_C11_AF_AE_mGAM_mBHI_6_S224,102316
73,E2-e003Coalescence-mGAM-p3_S57,14510,1046865,C_C8_C11_AF_AE_mGAM_mBHI_6_S224,102316
74,H100-e003Coalescence-mBHI-p7_S139,6,1277434,C_C8_C11_AF_AE_mGAM_mBHI_6_S224,102316
75,G8-e003Coalescence-mBHI-p5_S29,10418,748494,C_C8_C11_AF_AE_mGAM_mBHI_6_S224,102316
76,E8-e003Coalescence-mBHI-p3_S105,18467,1300226,C_C8_C11_AF_AE_mGAM_mBHI_6_S224,102316
77,E8-e003Coalescence-mGAM-p7_S149,20166,1417361,C_C8_C11_AF_AE_mGAM_mBHI_6_S224,102316
78,H8-e003Coalescence-mGAM-p7_S185,480,983015,C_C8_C11_AF_AE_mGAM_mBHI_6_S224,102316
79,A2-e003Coalescence-Inoculumn-mGAM,11001,766653,C_C8_C11_AF_AE_mGAM_mBHI_6_S224,102316
80,B8-e003Coalescence-mBHI-p1_S749,17981,1268450,C_C8_C11_AF_AE_mGAM_mBHI_6_S224,102316
81,A8-e003Coalescence-mBHI-p1_S748,18175,1289758,C_C8_C11_AF_AE_mGAM_mBHI_6_S224,102316
82,H8-e003Coalescence-mBHI-p1_S815,14543,1218424,C_C8_C11_AF_AE_mGAM_mBHI_6_S224,102316
83,E8-e003Coalescence-mBHI-p1_S812,19972,1401516,C_C8_C11_AF_AE_mGAM_mBHI_6_S224,102316
84,G8-e003Coalescence-mGAM-p1_S818,11761,827892,C_C8_C11_AF_AE_mGAM_mBHI_6_S224,102316
85,D8-e003Coalescence-mGAM-p1_S755,8533,701330,C_C8_C11_AF_AE_mGAM_mBHI_6_S224,102316
86,A9-e003Coalescence-mBHI-p1_S756,20462,1437416,C_C8_C11_AF_AE_mGAM_mBHI_6_S224,102316
87,E11-e003Coalescence-mBHI-p1_S836,19773,1451168,C_C8_C11_AF_AE_mGAM_mBHI_6_S224,102316
88,A10-e003Coalescence-mBHI-p1_S764,16580,1193259,C_C8_C11_AF_AE_mGAM_mBHI_6_S224,102316
89,A11-e003Coalescence-mBHI-p1_S772,15563,1248804,C_C8_C11_AF_AE_mGAM_mBHI_6_S224,102316
90,Coalescence-F2-E10-AA-AE-mGAM-mBHI-3_S681,20374,1425787,C_C8_C11_AF_AE_mGAM_mBHI_6_S224,102316
91,Coalescence-E8-D11-AF-AF-mGAM-mBHI-3_S675,6,1135698,C_C8_C11_AF_AE_mGAM_mBHI_6_S224,102316
92,Coalescence-F10-H8-AA-AF-mGAM-mGAM-3_S689,8495,1095751,C_C8_C11_AF_AE_mGAM_mBHI_6_S224,102316
93,Coalescence-A10-C11-AE-AF-mGAM-mBHI-7_S629,2,698926,C_C8_C11_AF_AE_mGAM_mBHI_6_S224,102316
94,C_E2_e003Assembly_S242,10918,781119,C_C8_C11_AF_AE_mGAM_mBHI_6_S224,102316
0,A_A5_A8_AA_AA_mGAM_mBHI_2_S5,81,1417316,C_D5_D8_AA_AF_mGAM_mBHI_6_S233,102316
1,A_A8_A11_AF_AA_mGAM_mBHI_2_S8,44,1079879,C_D5_D8_AA_AF_mGAM_mBHI_6_S233,102316
2,A_C5_C8_AA_AE_mGAM_mBHI_2_S29,91,1427638,C_D5_D8_AA_AF_mGAM_mBHI_6_S233,102316
3,A_D5_D8_AA_AF_mGAM_mBHI_2_S41,36,966462,C_D5_D8_AA_AF_mGAM_mBHI_6_S233,102316
4,A_D8_D11_AF_AF_mGAM_mBHI_2_S44,8964,1169381,C_D5_D8_AA_AF_mGAM_mBHI_6_S233,102316
5,A_E5_A8_AA_AA_mGAM_mGAM_2_S53,70,1019189,C_D5_D8_AA_AF_mGAM_mBHI_6_S233,102316
6,A_E9_A2_AA_AA_mBHI_mGAM_4_S57,90,1413231,C_D5_D8_AA_AF_mGAM_mBHI_6_S233,102316
7,A_G1_C2_AA_AE_mBHI_mGAM_2_S73,37,712175,C_D5_D8_AA_AF_mGAM_mBHI_6_S233,102316
8,A_G5_C8_AA_AE_mGAM_mGAM_2_S77,109,1416857,C_D5_D8_AA_AF_mGAM_mBHI_6_S233,102316
9,A_G9_C2_AA_AE_mBHI_mGAM_4_S81,83,1411062,C_D5_D8_AA_AF_mGAM_mBHI_6_S233,102316
10,B_A5_E8_AA_AA_mGAM_mBHI_2_S101,97,1425704,C_D5_D8_AA_AF_mGAM_mBHI_6_S233,102316
11,B_A6_E9_ACPP_AA_mGAM_mBHI_2_S102,78,1117375,C_D5_D8_AA_AF_mGAM_mBHI_6_S233,102316
12,B_A7_E10_AE_AA_mGAM_mBHI_2_S103,75,1427518,C_D5_D8_AA_AF_mGAM_mBHI_6_S233,102316
13,B_A11_A10_AE_AA_mGAM_mBHI_4_S107,71,1383768,C_D5_D8_AA_AF_mGAM_mBHI_6_S233,102316
14,B_A12_A11_AF_AA_mGAM_mBHI_4_S108,58,1434911,C_D5_D8_AA_AF_mGAM_mBHI_6_S233,102316
15,B_C12_C11_AF_AE_mGAM_mBHI_4_S132,7944,1052319,C_D5_D8_AA_AF_mGAM_mBHI_6_S233,102316
16,B_D7_H10_AE_AF_mGAM_mBHI_2_S139,10603,1353892,C_D5_D8_AA_AF_mGAM_mBHI_6_S233,102316
17,B_D11_D10_AE_AF_mGAM_mBHI_4_S143,9258,1203283,C_D5_D8_AA_AF_mGAM_mBHI_6_S233,102316
18,B_E5_E8_AA_AA_mGAM_mGAM_2_S149,59,946657,C_D5_D8_AA_AF_mGAM_mBHI_6_S233,102316
19,B_E7_E10_AE_AA_mGAM_mGAM_2_S151,96,1444031,C_D5_D8_AA_AF_mGAM_mBHI_6_S233,102316
20,B_E8_E11_AF_AA_mGAM_mGAM_2_S152,38,849793,C_D5_D8_AA_AF_mGAM_mBHI_6_S233,102316
21,B_E11_A10_AE_AA_mGAM_mGAM_4_S155,61,1028220,C_D5_D8_AA_AF_mGAM_mBHI_6_S233,102316
22,B_G1_G2_AA_AE_mBHI_mGAM_2_S169,81,1033473,C_D5_D8_AA_AF_mGAM_mBHI_6_S233,102316
23,B_H5_H8_AA_AF_mGAM_mGAM_2_S185,74,1427983,C_D5_D8_AA_AF_mGAM_mBHI_6_S233,102316
24,C_C5_C8_AA_AE_mGAM_mBHI_6_S221,51,977407,C_D5_D8_AA_AF_mGAM_mBHI_6_S233,102316
25,C_C8_C11_AF_AE_mGAM_mBHI_6_S224,9429,1218207,C_D5_D8_AA_AF_mGAM_mBHI_6_S233,102316
26,C_D5_D8_AA_AF_mGAM_mBHI_6_S233,0,1127572,C_D5_D8_AA_AF_mGAM_mBHI_6_S233,102316
27,C_D7_D10_AE_AF_mGAM_mBHI_6_S235,11027,1404179,C_D5_D8_AA_AF_mGAM_mBHI_6_S233,102316
28,C_E5_A8_AA_AA_mGAM_mGAM_6_S245,106,1431755,C_D5_D8_AA_AF_mGAM_mBHI_6_S233,102316
29,C_E7_A10_AE_AA_mGAM_mGAM_6_S247,81,1413289,C_D5_D8_AA_AF_mGAM_mBHI_6_S233,102316
30,C_E9_E2_AA_AA_mBHI_mGAM_4_S249,76,1403356,C_D5_D8_AA_AF_mGAM_mBHI_6_S233,102316
31,C_E11_E4_AE_AA_mBHI_mGAM_4_S251,86,1422885,C_D5_D8_AA_AF_mGAM_mBHI_6_S233,102316
32,D_A6_A9_ACPP_AA_mGAM_mBHI_6_S294,78,1440130,C_D5_D8_AA_AF_mGAM_mBHI_6_S233,102316
33,D_A7_A10_AE_AA_mGAM_mBHI_6_S295,81,1433602,C_D5_D8_AA_AF_mGAM_mBHI_6_S233,102316
34,D_A8_A11_AF_AA_mGAM_mBHI_6_S296,52,1436671,C_D5_D8_AA_AF_mGAM_mBHI_6_S233,102316
35,D_A9_E8_AA_AA_mGAM_mBHI_4_S297,102,1437286,C_D5_D8_AA_AF_mGAM_mBHI_6_S233,102316
36,D_A12_E11_AF_AA_mGAM_mBHI_4_S300,63,1396823,C_D5_D8_AA_AF_mGAM_mBHI_6_S233,102316
37,D_C8_C11_AF_AE_mGAM_mBHI_6_S320,9893,1292174,C_D5_D8_AA_AF_mGAM_mBHI_6_S233,102316
38,D_C9_G8_AA_AE_mGAM_mBHI_4_S321,42,1110163,C_D5_D8_AA_AF_mGAM_mBHI_6_S233,102316
39,D_C12_G11_AF_AE_mGAM_mBHI_4_S324,10415,1330220,C_D5_D8_AA_AF_mGAM_mBHI_6_S233,102316
40,D_D7_D10_AE_AF_mGAM_mBHI_6_S331,10354,1338259,C_D5_D8_AA_AF_mGAM_mBHI_6_S233,102316
41,D_D11_H10_AE_AF_mGAM_mBHI_4_S335,10213,1308265,C_D5_D8_AA_AF_mGAM_mBHI_6_S233,102316
42,D_E1_A2_AA_AA_mBHI_mGAM_6_S337,93,1436963,C_D5_D8_AA_AF_mGAM_mBHI_6_S233,102316
43,D_E3_A4_AE_AA_mBHI_mGAM_6_S339,71,1417311,C_D5_D8_AA_AF_mGAM_mBHI_6_S233,102316
44,D_E6_A9_ACPP_AA_mGAM_mGAM_6_S342,81,1303681,C_D5_D8_AA_AF_mGAM_mBHI_6_S233,102316
45,D_E7_A10_AE_AA_mGAM_mGAM_6_S343,68,1343749,C_D5_D8_AA_AF_mGAM_mBHI_6_S233,102316
46,D_E9_E8_AA_AA_mGAM_mGAM_4_S345,133,1400809,C_D5_D8_AA_AF_mGAM_mBHI_6_S233,102316
47,D_E11_E10_AE_AA_mGAM_mGAM_4_S347,93,1397326,C_D5_D8_AA_AF_mGAM_mBHI_6_S233,102316
48,D_G1_C2_AA_AE_mBHI_mGAM_6_S361,37,712918,C_D5_D8_AA_AF_mGAM_mBHI_6_S233,102316
49,D_H5_D8_AA_AF_mGAM_mGAM_6_S377,1882,1125549,C_D5_D8_AA_AF_mGAM_mBHI_6_S233,102316
50,D10-e003Coalescence-mBHI-p3,5696,721454,C_D5_D8_AA_AF_mGAM_mBHI_6_S233,102316
51,C2-e003Coalescence-mGAM-p7,126,1453552,C_D5_D8_AA_AF_mGAM_mBHI_6_S233,102316
52,D10-e003Coalescence-mBHI-p5,5445,723373,C_D5_D8_AA_AF_mGAM_mBHI_6_S233,102316
53,D8-e003Coalescence-mBHI-p5,73,795854,C_D5_D8_AA_AF_mGAM_mBHI_6_S233,102316
54,A8-e003Coalescence-mBHI-p7,137,1437763,C_D5_D8_AA_AF_mGAM_mBHI_6_S233,102316
55,A10-e003Coalescence-mGAM-p3,85,960054,C_D5_D8_AA_AF_mGAM_mBHI_6_S233,102316
56,A8-e003Coalescence-mBHI-p5,86,1099058,C_D5_D8_AA_AF_mGAM_mBHI_6_S233,102316
57,A10-e003Coalescence-mBHI-p7,95,1171728,C_D5_D8_AA_AF_mGAM_mBHI_6_S233,102316
58,A2-e003Coalescence-mGAM-p5,102,1119246,C_D5_D8_AA_AF_mGAM_mBHI_6_S233,102316
59,C8-e003Coalescence-mBHI-p5,97,1251387,C_D5_D8_AA_AF_mGAM_mBHI_6_S233,102316
60,A11-e003Coalescence-mBHI-p3,109,1455400,C_D5_D8_AA_AF_mGAM_mBHI_6_S233,102316
61,E2-e003Coalescence-mGAM-p7_S145,58,960650,C_D5_D8_AA_AF_mGAM_mBHI_6_S233,102316
62,E8-e003Coalescence-mBHI-p5_S5,69,1129168,C_D5_D8_AA_AF_mGAM_mBHI_6_S233,102316
63,H111-e003Coalescence-mBHI-p3_S144,9577,1229895,C_D5_D8_AA_AF_mGAM_mBHI_6_S233,102316
64,E100-e003Coalescence-mGAM-p3_S155,69,1310955,C_D5_D8_AA_AF_mGAM_mBHI_6_S233,102316
65,E111-e003Coalescence-mBHI-p5_S8,45,719187,C_D5_D8_AA_AF_mGAM_mBHI_6_S233,102316
66,H100-e003Coalescence-mBHI-p5_S43,7819,1043416,C_D5_D8_AA_AF_mGAM_mBHI_6_S233,102316
67,H8-e003Coalescence-mBHI-p7_S137,53,1241668,C_D5_D8_AA_AF_mGAM_mBHI_6_S233,102316
68,G8-e003Coalescence-mGAM-p5_S77,102,1348310,C_D5_D8_AA_AF_mGAM_mBHI_6_S233,102316
69,H8-e003Coalescence-mBHI-p5_S41,24,797551,C_D5_D8_AA_AF_mGAM_mBHI_6_S233,102316
70,E100-e003Coalescence-mBHI-p5_S7,45,890217,C_D5_D8_AA_AF_mGAM_mBHI_6_S233,102316
71,E100-e003Coalescence-mGAM-p5_S55,39,809705,C_D5_D8_AA_AF_mGAM_mBHI_6_S233,102316
72,H111-e003Coalescence-mBHI-p5_S44,5060,674095,C_D5_D8_AA_AF_mGAM_mBHI_6_S233,102316
73,E2-e003Coalescence-mGAM-p3_S57,61,1046865,C_D5_D8_AA_AF_mGAM_mBHI_6_S233,102316
74,H100-e003Coalescence-mBHI-p7_S139,9784,1277434,C_D5_D8_AA_AF_mGAM_mBHI_6_S233,102316
75,G8-e003Coalescence-mBHI-p5_S29,36,748494,C_D5_D8_AA_AF_mGAM_mBHI_6_S233,102316
76,E8-e003Coalescence-mBHI-p3_S105,95,1300226,C_D5_D8_AA_AF_mGAM_mBHI_6_S233,102316
77,E8-e003Coalescence-mGAM-p7_S149,125,1417361,C_D5_D8_AA_AF_mGAM_mBHI_6_S233,102316
78,H8-e003Coalescence-mGAM-p7_S185,2328,983015,C_D5_D8_AA_AF_mGAM_mBHI_6_S233,102316
79,A2-e003Coalescence-Inoculumn-mGAM,88,766653,C_D5_D8_AA_AF_mGAM_mBHI_6_S233,102316
80,B8-e003Coalescence-mBHI-p1_S749,102,1268450,C_D5_D8_AA_AF_mGAM_mBHI_6_S233,102316
81,A8-e003Coalescence-mBHI-p1_S748,66,1289758,C_D5_D8_AA_AF_mGAM_mBHI_6_S233,102316
82,H8-e003Coalescence-mBHI-p1_S815,58,1218424,C_D5_D8_AA_AF_mGAM_mBHI_6_S233,102316
83,E8-e003Coalescence-mBHI-p1_S812,80,1401516,C_D5_D8_AA_AF_mGAM_mBHI_6_S233,102316
84,G8-e003Coalescence-mGAM-p1_S818,37,827892,C_D5_D8_AA_AF_mGAM_mBHI_6_S233,102316
85,D8-e003Coalescence-mGAM-p1_S755,45,701330,C_D5_D8_AA_AF_mGAM_mBHI_6_S233,102316
86,A9-e003Coalescence-mBHI-p1_S756,126,1437416,C_D5_D8_AA_AF_mGAM_mBHI_6_S233,102316
87,E11-e003Coalescence-mBHI-p1_S836,88,1451168,C_D5_D8_AA_AF_mGAM_mBHI_6_S233,102316
88,A10-e003Coalescence-mBHI-p1_S764,54,1193259,C_D5_D8_AA_AF_mGAM_mBHI_6_S233,102316
89,A11-e003Coalescence-mBHI-p1_S772,75,1248804,C_D5_D8_AA_AF_mGAM_mBHI_6_S233,102316
90,Coalescence-F2-E10-AA-AE-mGAM-mBHI-3_S681,76,1425787,C_D5_D8_AA_AF_mGAM_mBHI_6_S233,102316
91,Coalescence-E8-D11-AF-AF-mGAM-mBHI-3_S675,8694,1135698,C_D5_D8_AA_AF_mGAM_mBHI_6_S233,102316
92,Coalescence-F10-H8-AA-AF-mGAM-mGAM-3_S689,65,1095751,C_D5_D8_AA_AF_mGAM_mBHI_6_S233,102316
93,Coalescence-A10-C11-AE-AF-mGAM-mBHI-7_S629,5153,698926,C_D5_D8_AA_AF_mGAM_mBHI_6_S233,102316
94,C_E2_e003Assembly_S242,68,781119,C_D5_D8_AA_AF_mGAM_mBHI_6_S233,102316
0,A_A5_A8_AA_AA_mGAM_mBHI_2_S5,23705,1417316,C_D7_D10_AE_AF_mGAM_mBHI_6_S235,102316
1,A_A8_A11_AF_AA_mGAM_mBHI_2_S8,14742,1079879,C_D7_D10_AE_AF_mGAM_mBHI_6_S235,102316
2,A_C5_C8_AA_AE_mGAM_mBHI_2_S29,23782,1427638,C_D7_D10_AE_AF_mGAM_mBHI_6_S235,102316
3,A_D5_D8_AA_AF_mGAM_mBHI_2_S41,11070,966462,C_D7_D10_AE_AF_mGAM_mBHI_6_S235,102316
4,A_D8_D11_AF_AF_mGAM_mBHI_2_S44,6,1169381,C_D7_D10_AE_AF_mGAM_mBHI_6_S235,102316
5,A_E5_A8_AA_AA_mGAM_mGAM_2_S53,16630,1019189,C_D7_D10_AE_AF_mGAM_mBHI_6_S235,102316
6,A_E9_A2_AA_AA_mBHI_mGAM_4_S57,23582,1413231,C_D7_D10_AE_AF_mGAM_mBHI_6_S235,102316
7,A_G1_C2_AA_AE_mBHI_mGAM_2_S73,11354,712175,C_D7_D10_AE_AF_mGAM_mBHI_6_S235,102316
8,A_G5_C8_AA_AE_mGAM_mGAM_2_S77,23570,1416857,C_D7_D10_AE_AF_mGAM_mBHI_6_S235,102316
9,A_G9_C2_AA_AE_mBHI_mGAM_4_S81,23166,1411062,C_D7_D10_AE_AF_mGAM_mBHI_6_S235,102316
10,B_A5_E8_AA_AA_mGAM_mBHI_2_S101,23792,1425704,C_D7_D10_AE_AF_mGAM_mBHI_6_S235,102316
11,B_A6_E9_ACPP_AA_mGAM_mBHI_2_S102,18319,1117375,C_D7_D10_AE_AF_mGAM_mBHI_6_S235,102316
12,B_A7_E10_AE_AA_mGAM_mBHI_2_S103,23916,1427518,C_D7_D10_AE_AF_mGAM_mBHI_6_S235,102316
13,B_A11_A10_AE_AA_mGAM_mBHI_4_S107,23084,1383768,C_D7_D10_AE_AF_mGAM_mBHI_6_S235,102316
14,B_A12_A11_AF_AA_mGAM_mBHI_4_S108,20161,1434911,C_D7_D10_AE_AF_mGAM_mBHI_6_S235,102316
15,B_C12_C11_AF_AE_mGAM_mBHI_4_S132,1,1052319,C_D7_D10_AE_AF_mGAM_mBHI_6_S235,102316
16,B_D7_H10_AE_AF_mGAM_mBHI_2_S139,1,1353892,C_D7_D10_AE_AF_mGAM_mBHI_6_S235,102316
17,B_D11_D10_AE_AF_mGAM_mBHI_4_S143,0,1203283,C_D7_D10_AE_AF_mGAM_mBHI_6_S235,102316
18,B_E5_E8_AA_AA_mGAM_mGAM_2_S149,15162,946657,C_D7_D10_AE_AF_mGAM_mBHI_6_S235,102316
19,B_E7_E10_AE_AA_mGAM_mGAM_2_S151,24031,1444031,C_D7_D10_AE_AF_mGAM_mBHI_6_S235,102316
20,B_E8_E11_AF_AA_mGAM_mGAM_2_S152,11514,849793,C_D7_D10_AE_AF_mGAM_mBHI_6_S235,102316
21,B_E11_A10_AE_AA_mGAM_mGAM_4_S155,16702,1028220,C_D7_D10_AE_AF_mGAM_mBHI_6_S235,102316
22,B_G1_G2_AA_AE_mBHI_mGAM_2_S169,16816,1033473,C_D7_D10_AE_AF_mGAM_mBHI_6_S235,102316
23,B_H5_H8_AA_AF_mGAM_mGAM_2_S185,18162,1427983,C_D7_D10_AE_AF_mGAM_mBHI_6_S235,102316
24,C_C5_C8_AA_AE_mGAM_mBHI_6_S221,15886,977407,C_D7_D10_AE_AF_mGAM_mBHI_6_S235,102316
25,C_C8_C11_AF_AE_mGAM_mBHI_6_S224,1,1218207,C_D7_D10_AE_AF_mGAM_mBHI_6_S235,102316
26,C_D5_D8_AA_AF_mGAM_mBHI_6_S233,11027,1127572,C_D7_D10_AE_AF_mGAM_mBHI_6_S235,102316
27,C_D7_D10_AE_AF_mGAM_mBHI_6_S235,0,1404179,C_D7_D10_AE_AF_mGAM_mBHI_6_S235,102316
28,C_E5_A8_AA_AA_mGAM_mGAM_6_S245,23793,1431755,C_D7_D10_AE_AF_mGAM_mBHI_6_S235,102316
29,C_E7_A10_AE_AA_mGAM_mGAM_6_S247,23566,1413289,C_D7_D10_AE_AF_mGAM_mBHI_6_S235,102316
30,C_E9_E2_AA_AA_mBHI_mGAM_4_S249,23224,1403356,C_D7_D10_AE_AF_mGAM_mBHI_6_S235,102316
31,C_E11_E4_AE_AA_mBHI_mGAM_4_S251,23521,1422885,C_D7_D10_AE_AF_mGAM_mBHI_6_S235,102316
32,D_A6_A9_ACPP_AA_mGAM_mBHI_6_S294,24087,1440130,C_D7_D10_AE_AF_mGAM_mBHI_6_S235,102316
33,D_A7_A10_AE_AA_mGAM_mBHI_6_S295,24068,1433602,C_D7_D10_AE_AF_mGAM_mBHI_6_S235,102316
34,D_A8_A11_AF_AA_mGAM_mBHI_6_S296,18175,1436671,C_D7_D10_AE_AF_mGAM_mBHI_6_S235,102316
35,D_A9_E8_AA_AA_mGAM_mBHI_4_S297,24092,1437286,C_D7_D10_AE_AF_mGAM_mBHI_6_S235,102316
36,D_A12_E11_AF_AA_mGAM_mBHI_4_S300,19026,1396823,C_D7_D10_AE_AF_mGAM_mBHI_6_S235,102316
37,D_C8_C11_AF_AE_mGAM_mBHI_6_S320,0,1292174,C_D7_D10_AE_AF_mGAM_mBHI_6_S235,102316
38,D_C9_G8_AA_AE_mGAM_mBHI_4_S321,18036,1110163,C_D7_D10_AE_AF_mGAM_mBHI_6_S235,102316
39,D_C12_G11_AF_AE_mGAM_mBHI_4_S324,4,1330220,C_D7_D10_AE_AF_mGAM_mBHI_6_S235,102316
40,D_D7_D10_AE_AF_mGAM_mBHI_6_S331,1,1338259,C_D7_D10_AE_AF_mGAM_mBHI_6_S235,102316
41,D_D11_H10_AE_AF_mGAM_mBHI_4_S335,0,1308265,C_D7_D10_AE_AF_mGAM_mBHI_6_S235,102316
42,D_E1_A2_AA_AA_mBHI_mGAM_6_S337,23825,1436963,C_D7_D10_AE_AF_mGAM_mBHI_6_S235,102316
43,D_E3_A4_AE_AA_mBHI_mGAM_6_S339,23561,1417311,C_D7_D10_AE_AF_mGAM_mBHI_6_S235,102316
44,D_E6_A9_ACPP_AA_mGAM_mGAM_6_S342,21608,1303681,C_D7_D10_AE_AF_mGAM_mBHI_6_S235,102316
45,D_E7_A10_AE_AA_mGAM_mGAM_6_S343,22350,1343749,C_D7_D10_AE_AF_mGAM_mBHI_6_S235,102316
46,D_E9_E8_AA_AA_mGAM_mGAM_4_S345,23411,1400809,C_D7_D10_AE_AF_mGAM_mBHI_6_S235,102316
47,D_E11_E10_AE_AA_mGAM_mGAM_4_S347,23444,1397326,C_D7_D10_AE_AF_mGAM_mBHI_6_S235,102316
48,D_G1_C2_AA_AE_mBHI_mGAM_6_S361,11294,712918,C_D7_D10_AE_AF_mGAM_mBHI_6_S235,102316
49,D_H5_D8_AA_AF_mGAM_mGAM_6_S377,586,1125549,C_D7_D10_AE_AF_mGAM_mBHI_6_S235,102316
50,D10-e003Coalescence-mBHI-p3,59,721454,C_D7_D10_AE_AF_mGAM_mBHI_6_S235,102316
51,C2-e003Coalescence-mGAM-p7,24310,1453552,C_D7_D10_AE_AF_mGAM_mBHI_6_S235,102316
52,D10-e003Coalescence-mBHI-p5,50,723373,C_D7_D10_AE_AF_mGAM_mBHI_6_S235,102316
53,D8-e003Coalescence-mBHI-p5,8707,795854,C_D7_D10_AE_AF_mGAM_mBHI_6_S235,102316
54,A8-e003Coalescence-mBHI-p7,24544,1437763,C_D7_D10_AE_AF_mGAM_mBHI_6_S235,102316
55,A10-e003Coalescence-mGAM-p3,15848,960054,C_D7_D10_AE_AF_mGAM_mBHI_6_S235,102316
56,A8-e003Coalescence-mBHI-p5,18352,1099058,C_D7_D10_AE_AF_mGAM_mBHI_6_S235,102316
57,A10-e003Coalescence-mBHI-p7,19575,1171728,C_D7_D10_AE_AF_mGAM_mBHI_6_S235,102316
58,A2-e003Coalescence-mGAM-p5,18615,1119246,C_D7_D10_AE_AF_mGAM_mBHI_6_S235,102316
59,C8-e003Coalescence-mBHI-p5,20894,1251387,C_D7_D10_AE_AF_mGAM_mBHI_6_S235,102316
60,A11-e003Coalescence-mBHI-p3,22669,1455400,C_D7_D10_AE_AF_mGAM_mBHI_6_S235,102316
61,E2-e003Coalescence-mGAM-p7_S145,15468,960650,C_D7_D10_AE_AF_mGAM_mBHI_6_S235,102316
62,E8-e003Coalescence-mBHI-p5_S5,18475,1129168,C_D7_D10_AE_AF_mGAM_mBHI_6_S235,102316
63,H111-e003Coalescence-mBHI-p3_S144,22,1229895,C_D7_D10_AE_AF_mGAM_mBHI_6_S235,102316
64,E100-e003Coalescence-mGAM-p3_S155,21612,1310955,C_D7_D10_AE_AF_mGAM_mBHI_6_S235,102316
65,E111-e003Coalescence-mBHI-p5_S8,8452,719187,C_D7_D10_AE_AF_mGAM_mBHI_6_S235,102316
66,H100-e003Coalescence-mBHI-p5_S43,0,1043416,C_D7_D10_AE_AF_mGAM_mBHI_6_S235,102316
67,H8-e003Coalescence-mBHI-p7_S137,18752,1241668,C_D7_D10_AE_AF_mGAM_mBHI_6_S235,102316
68,G8-e003Coalescence-mGAM-p5_S77,22212,1348310,C_D7_D10_AE_AF_mGAM_mBHI_6_S235,102316
69,H8-e003Coalescence-mBHI-p5_S41,12379,797551,C_D7_D10_AE_AF_mGAM_mBHI_6_S235,102316
70,E100-e003Coalescence-mBHI-p5_S7,14174,890217,C_D7_D10_AE_AF_mGAM_mBHI_6_S235,102316
71,E100-e003Coalescence-mGAM-p5_S55,12921,809705,C_D7_D10_AE_AF_mGAM_mBHI_6_S235,102316
72,H111-e003Coalescence-mBHI-p5_S44,9,674095,C_D7_D10_AE_AF_mGAM_mBHI_6_S235,102316
73,E2-e003Coalescence-mGAM-p3_S57,16816,1046865,C_D7_D10_AE_AF_mGAM_mBHI_6_S235,102316
74,H100-e003Coalescence-mBHI-p7_S139,0,1277434,C_D7_D10_AE_AF_mGAM_mBHI_6_S235,102316
75,G8-e003Coalescence-mBHI-p5_S29,12062,748494,C_D7_D10_AE_AF_mGAM_mBHI_6_S235,102316
76,E8-e003Coalescence-mBHI-p3_S105,21312,1300226,C_D7_D10_AE_AF_mGAM_mBHI_6_S235,102316
77,E8-e003Coalescence-mGAM-p7_S149,23503,1417361,C_D7_D10_AE_AF_mGAM_mBHI_6_S235,102316
78,H8-e003Coalescence-mGAM-p7_S185,613,983015,C_D7_D10_AE_AF_mGAM_mBHI_6_S235,102316
79,A2-e003Coalescence-Inoculumn-mGAM,12783,766653,C_D7_D10_AE_AF_mGAM_mBHI_6_S235,102316
80,B8-e003Coalescence-mBHI-p1_S749,20966,1268450,C_D7_D10_AE_AF_mGAM_mBHI_6_S235,102316
81,A8-e003Coalescence-mBHI-p1_S748,21197,1289758,C_D7_D10_AE_AF_mGAM_mBHI_6_S235,102316
82,H8-e003Coalescence-mBHI-p1_S815,16978,1218424,C_D7_D10_AE_AF_mGAM_mBHI_6_S235,102316
83,E8-e003Coalescence-mBHI-p1_S812,23337,1401516,C_D7_D10_AE_AF_mGAM_mBHI_6_S235,102316
84,G8-e003Coalescence-mGAM-p1_S818,13649,827892,C_D7_D10_AE_AF_mGAM_mBHI_6_S235,102316
85,D8-e003Coalescence-mGAM-p1_S755,9905,701330,C_D7_D10_AE_AF_mGAM_mBHI_6_S235,102316
86,A9-e003Coalescence-mBHI-p1_S756,23934,1437416,C_D7_D10_AE_AF_mGAM_mBHI_6_S235,102316
87,E11-e003Coalescence-mBHI-p1_S836,23123,1451168,C_D7_D10_AE_AF_mGAM_mBHI_6_S235,102316
88,A10-e003Coalescence-mBHI-p1_S764,19314,1193259,C_D7_D10_AE_AF_mGAM_mBHI_6_S235,102316
89,A11-e003Coalescence-mBHI-p1_S772,18158,1248804,C_D7_D10_AE_AF_mGAM_mBHI_6_S235,102316
90,Coalescence-F2-E10-AA-AE-mGAM-mBHI-3_S681,23853,1425787,C_D7_D10_AE_AF_mGAM_mBHI_6_S235,102316
91,Coalescence-E8-D11-AF-AF-mGAM-mBHI-3_S675,11,1135698,C_D7_D10_AE_AF_mGAM_mBHI_6_S235,102316
92,Coalescence-F10-H8-AA-AF-mGAM-mGAM-3_S689,9899,1095751,C_D7_D10_AE_AF_mGAM_mBHI_6_S235,102316
93,Coalescence-A10-C11-AE-AF-mGAM-mBHI-7_S629,1,698926,C_D7_D10_AE_AF_mGAM_mBHI_6_S235,102316
94,C_E2_e003Assembly_S242,12491,781119,C_D7_D10_AE_AF_mGAM_mBHI_6_S235,102316
0,A_A5_A8_AA_AA_mGAM_mBHI_2_S5,33,1417316,C_E5_A8_AA_AA_mGAM_mGAM_6_S245,102316
1,A_A8_A11_AF_AA_mGAM_mBHI_2_S8,49,1079879,C_E5_A8_AA_AA_mGAM_mGAM_6_S245,102316
2,A_C5_C8_AA_AE_mGAM_mBHI_2_S29,45,1427638,C_E5_A8_AA_AA_mGAM_mGAM_6_S245,102316
3,A_D5_D8_AA_AF_mGAM_mBHI_2_S41,67,966462,C_E5_A8_AA_AA_mGAM_mGAM_6_S245,102316
4,A_D8_D11_AF_AF_mGAM_mBHI_2_S44,19451,1169381,C_E5_A8_AA_AA_mGAM_mGAM_6_S245,102316
5,A_E5_A8_AA_AA_mGAM_mGAM_2_S53,1,1019189,C_E5_A8_AA_AA_mGAM_mGAM_6_S245,102316
6,A_E9_A2_AA_AA_mBHI_mGAM_4_S57,56,1413231,C_E5_A8_AA_AA_mGAM_mGAM_6_S245,102316
7,A_G1_C2_AA_AE_mBHI_mGAM_2_S73,62,712175,C_E5_A8_AA_AA_mGAM_mGAM_6_S245,102316
8,A_G5_C8_AA_AE_mGAM_mGAM_2_S77,7,1416857,C_E5_A8_AA_AA_mGAM_mGAM_6_S245,102316
9,A_G9_C2_AA_AE_mBHI_mGAM_4_S81,60,1411062,C_E5_A8_AA_AA_mGAM_mGAM_6_S245,102316
10,B_A5_E8_AA_AA_mGAM_mBHI_2_S101,34,1425704,C_E5_A8_AA_AA_mGAM_mGAM_6_S245,102316
11,B_A6_E9_ACPP_AA_mGAM_mBHI_2_S102,37,1117375,C_E5_A8_AA_AA_mGAM_mGAM_6_S245,102316
12,B_A7_E10_AE_AA_mGAM_mBHI_2_S103,32,1427518,C_E5_A8_AA_AA_mGAM_mGAM_6_S245,102316
13,B_A11_A10_AE_AA_mGAM_mBHI_4_S107,40,1383768,C_E5_A8_AA_AA_mGAM_mGAM_6_S245,102316
14,B_A12_A11_AF_AA_mGAM_mBHI_4_S108,39,1434911,C_E5_A8_AA_AA_mGAM_mGAM_6_S245,102316
15,B_C12_C11_AF_AE_mGAM_mBHI_4_S132,17385,1052319,C_E5_A8_AA_AA_mGAM_mGAM_6_S245,102316
16,B_D7_H10_AE_AF_mGAM_mBHI_2_S139,22888,1353892,C_E5_A8_AA_AA_mGAM_mGAM_6_S245,102316
17,B_D11_D10_AE_AF_mGAM_mBHI_4_S143,20077,1203283,C_E5_A8_AA_AA_mGAM_mGAM_6_S245,102316
18,B_E5_E8_AA_AA_mGAM_mGAM_2_S149,0,946657,C_E5_A8_AA_AA_mGAM_mGAM_6_S245,102316
19,B_E7_E10_AE_AA_mGAM_mGAM_2_S151,14,1444031,C_E5_A8_AA_AA_mGAM_mGAM_6_S245,102316
20,B_E8_E11_AF_AA_mGAM_mGAM_2_S152,24,849793,C_E5_A8_AA_AA_mGAM_mGAM_6_S245,102316
21,B_E11_A10_AE_AA_mGAM_mGAM_4_S155,21,1028220,C_E5_A8_AA_AA_mGAM_mGAM_6_S245,102316
22,B_G1_G2_AA_AE_mBHI_mGAM_2_S169,65,1033473,C_E5_A8_AA_AA_mGAM_mGAM_6_S245,102316
23,B_H5_H8_AA_AF_mGAM_mGAM_2_S185,18,1427983,C_E5_A8_AA_AA_mGAM_mGAM_6_S245,102316
24,C_C5_C8_AA_AE_mGAM_mBHI_6_S221,21,977407,C_E5_A8_AA_AA_mGAM_mGAM_6_S245,102316
25,C_C8_C11_AF_AE_mGAM_mBHI_6_S224,20361,1218207,C_E5_A8_AA_AA_mGAM_mGAM_6_S245,102316
26,C_D5_D8_AA_AF_mGAM_mBHI_6_S233,106,1127572,C_E5_A8_AA_AA_mGAM_mGAM_6_S245,102316
27,C_D7_D10_AE_AF_mGAM_mBHI_6_S235,23793,1404179,C_E5_A8_AA_AA_mGAM_mGAM_6_S245,102316
28,C_E5_A8_AA_AA_mGAM_mGAM_6_S245,0,1431755,C_E5_A8_AA_AA_mGAM_mGAM_6_S245,102316
29,C_E7_A10_AE_AA_mGAM_mGAM_6_S247,35,1413289,C_E5_A8_AA_AA_mGAM_mGAM_6_S245,102316
30,C_E9_E2_AA_AA_mBHI_mGAM_4_S249,57,1403356,C_E5_A8_AA_AA_mGAM_mGAM_6_S245,102316
31,C_E11_E4_AE_AA_mBHI_mGAM_4_S251,54,1422885,C_E5_A8_AA_AA_mGAM_mGAM_6_S245,102316
32,D_A6_A9_ACPP_AA_mGAM_mBHI_6_S294,39,1440130,C_E5_A8_AA_AA_mGAM_mGAM_6_S245,102316
33,D_A7_A10_AE_AA_mGAM_mBHI_6_S295,34,1433602,C_E5_A8_AA_AA_mGAM_mGAM_6_S245,102316
34,D_A8_A11_AF_AA_mGAM_mBHI_6_S296,55,1436671,C_E5_A8_AA_AA_mGAM_mGAM_6_S245,102316
35,D_A9_E8_AA_AA_mGAM_mBHI_4_S297,31,1437286,C_E5_A8_AA_AA_mGAM_mGAM_6_S245,102316
36,D_A12_E11_AF_AA_mGAM_mBHI_4_S300,50,1396823,C_E5_A8_AA_AA_mGAM_mGAM_6_S245,102316
37,D_C8_C11_AF_AE_mGAM_mBHI_6_S320,21621,1292174,C_E5_A8_AA_AA_mGAM_mGAM_6_S245,102316
38,D_C9_G8_AA_AE_mGAM_mBHI_4_S321,27,1110163,C_E5_A8_AA_AA_mGAM_mGAM_6_S245,102316
39,D_C12_G11_AF_AE_mGAM_mBHI_4_S324,22433,1330220,C_E5_A8_AA_AA_mGAM_mGAM_6_S245,102316
40,D_D7_D10_AE_AF_mGAM_mBHI_6_S331,22499,1338259,C_E5_A8_AA_AA_mGAM_mGAM_6_S245,102316
41,D_D11_H10_AE_AF_mGAM_mBHI_4_S335,22148,1308265,C_E5_A8_AA_AA_mGAM_mGAM_6_S245,102316
42,D_E1_A2_AA_AA_mBHI_mGAM_6_S337,64,1436963,C_E5_A8_AA_AA_mGAM_mGAM_6_S245,102316
43,D_E3_A4_AE_AA_mBHI_mGAM_6_S339,52,1417311,C_E5_A8_AA_AA_mGAM_mGAM_6_S245,102316
44,D_E6_A9_ACPP_AA_mGAM_mGAM_6_S342,32,1303681,C_E5_A8_AA_AA_mGAM_mGAM_6_S245,102316
45,D_E7_A10_AE_AA_mGAM_mGAM_6_S343,59,1343749,C_E5_A8_AA_AA_mGAM_mGAM_6_S245,102316
46,D_E9_E8_AA_AA_mGAM_mGAM_4_S345,4,1400809,C_E5_A8_AA_AA_mGAM_mGAM_6_S245,102316
47,D_E11_E10_AE_AA_mGAM_mGAM_4_S347,51,1397326,C_E5_A8_AA_AA_mGAM_mGAM_6_S245,102316
48,D_G1_C2_AA_AE_mBHI_mGAM_6_S361,23,712918,C_E5_A8_AA_AA_mGAM_mGAM_6_S245,102316
49,D_H5_D8_AA_AF_mGAM_mGAM_6_S377,4282,1125549,C_E5_A8_AA_AA_mGAM_mGAM_6_S245,102316
50,D10-e003Coalescence-mBHI-p3,12053,721454,C_E5_A8_AA_AA_mGAM_mGAM_6_S245,102316
51,C2-e003Coalescence-mGAM-p7,132,1453552,C_E5_A8_AA_AA_mGAM_mGAM_6_S245,102316
52,D10-e003Coalescence-mBHI-p5,11948,723373,C_E5_A8_AA_AA_mGAM_mGAM_6_S245,102316
53,D8-e003Coalescence-mBHI-p5,129,795854,C_E5_A8_AA_AA_mGAM_mGAM_6_S245,102316
54,A8-e003Coalescence-mBHI-p7,105,1437763,C_E5_A8_AA_AA_mGAM_mGAM_6_S245,102316
55,A10-e003Coalescence-mGAM-p3,60,960054,C_E5_A8_AA_AA_mGAM_mGAM_6_S245,102316
56,A8-e003Coalescence-mBHI-p5,59,1099058,C_E5_A8_AA_AA_mGAM_mGAM_6_S245,102316
57,A10-e003Coalescence-mBHI-p7,80,1171728,C_E5_A8_AA_AA_mGAM_mGAM_6_S245,102316
58,A2-e003Coalescence-mGAM-p5,89,1119246,C_E5_A8_AA_AA_mGAM_mGAM_6_S245,102316
59,C8-e003Coalescence-mBHI-p5,57,1251387,C_E5_A8_AA_AA_mGAM_mGAM_6_S245,102316
60,A11-e003Coalescence-mBHI-p3,104,1455400,C_E5_A8_AA_AA_mGAM_mGAM_6_S245,102316
61,E2-e003Coalescence-mGAM-p7_S145,30,960650,C_E5_A8_AA_AA_mGAM_mGAM_6_S245,102316
62,E8-e003Coalescence-mBHI-p5_S5,30,1129168,C_E5_A8_AA_AA_mGAM_mGAM_6_S245,102316
63,H111-e003Coalescence-mBHI-p3_S144,20819,1229895,C_E5_A8_AA_AA_mGAM_mGAM_6_S245,102316
64,E100-e003Coalescence-mGAM-p3_S155,38,1310955,C_E5_A8_AA_AA_mGAM_mGAM_6_S245,102316
65,E111-e003Coalescence-mBHI-p5_S8,68,719187,C_E5_A8_AA_AA_mGAM_mGAM_6_S245,102316
66,H100-e003Coalescence-mBHI-p5_S43,17116,1043416,C_E5_A8_AA_AA_mGAM_mGAM_6_S245,102316
67,H8-e003Coalescence-mBHI-p7_S137,67,1241668,C_E5_A8_AA_AA_mGAM_mGAM_6_S245,102316
68,G8-e003Coalescence-mGAM-p5_S77,11,1348310,C_E5_A8_AA_AA_mGAM_mGAM_6_S245,102316
69,H8-e003Coalescence-mBHI-p5_S41,53,797551,C_E5_A8_AA_AA_mGAM_mGAM_6_S245,102316
70,E100-e003Coalescence-mBHI-p5_S7,28,890217,C_E5_A8_AA_AA_mGAM_mGAM_6_S245,102316
71,E100-e003Coalescence-mGAM-p5_S55,25,809705,C_E5_A8_AA_AA_mGAM_mGAM_6_S245,102316
72,H111-e003Coalescence-mBHI-p5_S44,10833,674095,C_E5_A8_AA_AA_mGAM_mGAM_6_S245,102316
73,E2-e003Coalescence-mGAM-p3_S57,33,1046865,C_E5_A8_AA_AA_mGAM_mGAM_6_S245,102316
74,H100-e003Coalescence-mBHI-p7_S139,21362,1277434,C_E5_A8_AA_AA_mGAM_mGAM_6_S245,102316
75,G8-e003Coalescence-mBHI-p5_S29,15,748494,C_E5_A8_AA_AA_mGAM_mGAM_6_S245,102316
76,E8-e003Coalescence-mBHI-p3_S105,26,1300226,C_E5_A8_AA_AA_mGAM_mGAM_6_S245,102316
77,E8-e003Coalescence-mGAM-p7_S149,2,1417361,C_E5_A8_AA_AA_mGAM_mGAM_6_S245,102316
78,H8-e003Coalescence-mGAM-p7_S185,5321,983015,C_E5_A8_AA_AA_mGAM_mGAM_6_S245,102316
79,A2-e003Coalescence-Inoculumn-mGAM,28,766653,C_E5_A8_AA_AA_mGAM_mGAM_6_S245,102316
80,B8-e003Coalescence-mBHI-p1_S749,64,1268450,C_E5_A8_AA_AA_mGAM_mGAM_6_S245,102316
81,A8-e003Coalescence-mBHI-p1_S748,23,1289758,C_E5_A8_AA_AA_mGAM_mGAM_6_S245,102316
82,H8-e003Coalescence-mBHI-p1_S815,39,1218424,C_E5_A8_AA_AA_mGAM_mGAM_6_S245,102316
83,E8-e003Coalescence-mBHI-p1_S812,53,1401516,C_E5_A8_AA_AA_mGAM_mGAM_6_S245,102316
84,G8-e003Coalescence-mGAM-p1_S818,2,827892,C_E5_A8_AA_AA_mGAM_mGAM_6_S245,102316
85,D8-e003Coalescence-mGAM-p1_S755,27,701330,C_E5_A8_AA_AA_mGAM_mGAM_6_S245,102316
86,A9-e003Coalescence-mBHI-p1_S756,80,1437416,C_E5_A8_AA_AA_mGAM_mGAM_6_S245,102316
87,E11-e003Coalescence-mBHI-p1_S836,41,1451168,C_E5_A8_AA_AA_mGAM_mGAM_6_S245,102316
88,A10-e003Coalescence-mBHI-p1_S764,34,1193259,C_E5_A8_AA_AA_mGAM_mGAM_6_S245,102316
89,A11-e003Coalescence-mBHI-p1_S772,49,1248804,C_E5_A8_AA_AA_mGAM_mGAM_6_S245,102316
90,Coalescence-F2-E10-AA-AE-mGAM-mBHI-3_S681,30,1425787,C_E5_A8_AA_AA_mGAM_mGAM_6_S245,102316
91,Coalescence-E8-D11-AF-AF-mGAM-mBHI-3_S675,18855,1135698,C_E5_A8_AA_AA_mGAM_mGAM_6_S245,102316
92,Coalescence-F10-H8-AA-AF-mGAM-mGAM-3_S689,174,1095751,C_E5_A8_AA_AA_mGAM_mGAM_6_S245,102316
93,Coalescence-A10-C11-AE-AF-mGAM-mBHI-7_S629,11372,698926,C_E5_A8_AA_AA_mGAM_mGAM_6_S245,102316
94,C_E2_e003Assembly_S242,21,781119,C_E5_A8_AA_AA_mGAM_mGAM_6_S245,102316
0,A_A5_A8_AA_AA_mGAM_mBHI_2_S5,5,1417316,C_E7_A10_AE_AA_mGAM_mGAM_6_S247,102316
1,A_A8_A11_AF_AA_mGAM_mBHI_2_S8,8,1079879,C_E7_A10_AE_AA_mGAM_mGAM_6_S247,102316
2,A_C5_C8_AA_AE_mGAM_mBHI_2_S29,5,1427638,C_E7_A10_AE_AA_mGAM_mGAM_6_S247,102316
3,A_D5_D8_AA_AF_mGAM_mBHI_2_S41,34,966462,C_E7_A10_AE_AA_mGAM_mGAM_6_S247,102316
4,A_D8_D11_AF_AF_mGAM_mBHI_2_S44,19194,1169381,C_E7_A10_AE_AA_mGAM_mGAM_6_S247,102316
5,A_E5_A8_AA_AA_mGAM_mGAM_2_S53,31,1019189,C_E7_A10_AE_AA_mGAM_mGAM_6_S247,102316
6,A_E9_A2_AA_AA_mBHI_mGAM_4_S57,5,1413231,C_E7_A10_AE_AA_mGAM_mGAM_6_S247,102316
7,A_G1_C2_AA_AE_mBHI_mGAM_2_S73,22,712175,C_E7_A10_AE_AA_mGAM_mGAM_6_S247,102316
8,A_G5_C8_AA_AE_mGAM_mGAM_2_S77,46,1416857,C_E7_A10_AE_AA_mGAM_mGAM_6_S247,102316
9,A_G9_C2_AA_AE_mBHI_mGAM_4_S81,15,1411062,C_E7_A10_AE_AA_mGAM_mGAM_6_S247,102316
10,B_A5_E8_AA_AA_mGAM_mBHI_2_S101,0,1425704,C_E7_A10_AE_AA_mGAM_mGAM_6_S247,102316
11,B_A6_E9_ACPP_AA_mGAM_mBHI_2_S102,8,1117375,C_E7_A10_AE_AA_mGAM_mGAM_6_S247,102316
12,B_A7_E10_AE_AA_mGAM_mBHI_2_S103,3,1427518,C_E7_A10_AE_AA_mGAM_mGAM_6_S247,102316
13,B_A11_A10_AE_AA_mGAM_mBHI_4_S107,6,1383768,C_E7_A10_AE_AA_mGAM_mGAM_6_S247,102316
14,B_A12_A11_AF_AA_mGAM_mBHI_4_S108,10,1434911,C_E7_A10_AE_AA_mGAM_mGAM_6_S247,102316
15,B_C12_C11_AF_AE_mGAM_mBHI_4_S132,17214,1052319,C_E7_A10_AE_AA_mGAM_mGAM_6_S247,102316
16,B_D7_H10_AE_AF_mGAM_mBHI_2_S139,22660,1353892,C_E7_A10_AE_AA_mGAM_mGAM_6_S247,102316
17,B_D11_D10_AE_AF_mGAM_mBHI_4_S143,19857,1203283,C_E7_A10_AE_AA_mGAM_mGAM_6_S247,102316
18,B_E5_E8_AA_AA_mGAM_mGAM_2_S149,27,946657,C_E7_A10_AE_AA_mGAM_mGAM_6_S247,102316
19,B_E7_E10_AE_AA_mGAM_mGAM_2_S151,6,1444031,C_E7_A10_AE_AA_mGAM_mGAM_6_S247,102316
20,B_E8_E11_AF_AA_mGAM_mGAM_2_S152,15,849793,C_E7_A10_AE_AA_mGAM_mGAM_6_S247,102316
21,B_E11_A10_AE_AA_mGAM_mGAM_4_S155,8,1028220,C_E7_A10_AE_AA_mGAM_mGAM_6_S247,102316
22,B_G1_G2_AA_AE_mBHI_mGAM_2_S169,25,1033473,C_E7_A10_AE_AA_mGAM_mGAM_6_S247,102316
23,B_H5_H8_AA_AF_mGAM_mGAM_2_S185,10,1427983,C_E7_A10_AE_AA_mGAM_mGAM_6_S247,102316
24,C_C5_C8_AA_AE_mGAM_mBHI_6_S221,5,977407,C_E7_A10_AE_AA_mGAM_mGAM_6_S247,102316
25,C_C8_C11_AF_AE_mGAM_mBHI_6_S224,20185,1218207,C_E7_A10_AE_AA_mGAM_mGAM_6_S247,102316
26,C_D5_D8_AA_AF_mGAM_mBHI_6_S233,81,1127572,C_E7_A10_AE_AA_mGAM_mGAM_6_S247,102316
27,C_D7_D10_AE_AF_mGAM_mBHI_6_S235,23566,1404179,C_E7_A10_AE_AA_mGAM_mGAM_6_S247,102316
28,C_E5_A8_AA_AA_mGAM_mGAM_6_S245,35,1431755,C_E7_A10_AE_AA_mGAM_mGAM_6_S247,102316
29,C_E7_A10_AE_AA_mGAM_mGAM_6_S247,0,1413289,C_E7_A10_AE_AA_mGAM_mGAM_6_S247,102316
30,C_E9_E2_AA_AA_mBHI_mGAM_4_S249,6,1403356,C_E7_A10_AE_AA_mGAM_mGAM_6_S247,102316
31,C_E11_E4_AE_AA_mBHI_mGAM_4_S251,5,1422885,C_E7_A10_AE_AA_mGAM_mGAM_6_S247,102316
32,D_A6_A9_ACPP_AA_mGAM_mBHI_6_S294,0,1440130,C_E7_A10_AE_AA_mGAM_mGAM_6_S247,102316
33,D_A7_A10_AE_AA_mGAM_mBHI_6_S295,2,1433602,C_E7_A10_AE_AA_mGAM_mGAM_6_S247,102316
34,D_A8_A11_AF_AA_mGAM_mBHI_6_S296,11,1436671,C_E7_A10_AE_AA_mGAM_mGAM_6_S247,102316
35,D_A9_E8_AA_AA_mGAM_mBHI_4_S297,2,1437286,C_E7_A10_AE_AA_mGAM_mGAM_6_S247,102316
36,D_A12_E11_AF_AA_mGAM_mBHI_4_S300,14,1396823,C_E7_A10_AE_AA_mGAM_mGAM_6_S247,102316
37,D_C8_C11_AF_AE_mGAM_mBHI_6_S320,21427,1292174,C_E7_A10_AE_AA_mGAM_mGAM_6_S247,102316
38,D_C9_G8_AA_AE_mGAM_mBHI_4_S321,3,1110163,C_E7_A10_AE_AA_mGAM_mGAM_6_S247,102316
39,D_C12_G11_AF_AE_mGAM_mBHI_4_S324,22230,1330220,C_E7_A10_AE_AA_mGAM_mGAM_6_S247,102316
40,D_D7_D10_AE_AF_mGAM_mBHI_6_S331,22298,1338259,C_E7_A10_AE_AA_mGAM_mGAM_6_S247,102316
41,D_D11_H10_AE_AF_mGAM_mBHI_4_S335,21925,1308265,C_E7_A10_AE_AA_mGAM_mGAM_6_S247,102316
42,D_E1_A2_AA_AA_mBHI_mGAM_6_S337,4,1436963,C_E7_A10_AE_AA_mGAM_mGAM_6_S247,102316
43,D_E3_A4_AE_AA_mBHI_mGAM_6_S339,5,1417311,C_E7_A10_AE_AA_mGAM_mGAM_6_S247,102316
44,D_E6_A9_ACPP_AA_mGAM_mGAM_6_S342,9,1303681,C_E7_A10_AE_AA_mGAM_mGAM_6_S247,102316
45,D_E7_A10_AE_AA_mGAM_mGAM_6_S343,2,1343749,C_E7_A10_AE_AA_mGAM_mGAM_6_S247,102316
46,D_E9_E8_AA_AA_mGAM_mGAM_4_S345,50,1400809,C_E7_A10_AE_AA_mGAM_mGAM_6_S247,102316
47,D_E11_E10_AE_AA_mGAM_mGAM_4_S347,1,1397326,C_E7_A10_AE_AA_mGAM_mGAM_6_S247,102316
48,D_G1_C2_AA_AE_mBHI_mGAM_6_S361,7,712918,C_E7_A10_AE_AA_mGAM_mGAM_6_S247,102316
49,D_H5_D8_AA_AF_mGAM_mGAM_6_S377,4240,1125549,C_E7_A10_AE_AA_mGAM_mGAM_6_S247,102316
50,D10-e003Coalescence-mBHI-p3,11976,721454,C_E7_A10_AE_AA_mGAM_mGAM_6_S247,102316
51,C2-e003Coalescence-mGAM-p7,79,1453552,C_E7_A10_AE_AA_mGAM_mGAM_6_S247,102316
52,D10-e003Coalescence-mBHI-p5,11836,723373,C_E7_A10_AE_AA_mGAM_mGAM_6_S247,102316
53,D8-e003Coalescence-mBHI-p5,97,795854,C_E7_A10_AE_AA_mGAM_mGAM_6_S247,102316
54,A8-e003Coalescence-mBHI-p7,69,1437763,C_E7_A10_AE_AA_mGAM_mGAM_6_S247,102316
55,A10-e003Coalescence-mGAM-p3,34,960054,C_E7_A10_AE_AA_mGAM_mGAM_6_S247,102316
56,A8-e003Coalescence-mBHI-p5,32,1099058,C_E7_A10_AE_AA_mGAM_mGAM_6_S247,102316
57,A10-e003Coalescence-mBHI-p7,55,1171728,C_E7_A10_AE_AA_mGAM_mGAM_6_S247,102316
58,A2-e003Coalescence-mGAM-p5,50,1119246,C_E7_A10_AE_AA_mGAM_mGAM_6_S247,102316
59,C8-e003Coalescence-mBHI-p5,40,1251387,C_E7_A10_AE_AA_mGAM_mGAM_6_S247,102316
60,A11-e003Coalescence-mBHI-p3,71,1455400,C_E7_A10_AE_AA_mGAM_mGAM_6_S247,102316
61,E2-e003Coalescence-mGAM-p7_S145,9,960650,C_E7_A10_AE_AA_mGAM_mGAM_6_S247,102316
62,E8-e003Coalescence-mBHI-p5_S5,3,1129168,C_E7_A10_AE_AA_mGAM_mGAM_6_S247,102316
63,H111-e003Coalescence-mBHI-p3_S144,20565,1229895,C_E7_A10_AE_AA_mGAM_mGAM_6_S247,102316
64,E100-e003Coalescence-mGAM-p3_S155,1,1310955,C_E7_A10_AE_AA_mGAM_mGAM_6_S247,102316
65,E111-e003Coalescence-mBHI-p5_S8,50,719187,C_E7_A10_AE_AA_mGAM_mGAM_6_S247,102316
66,H100-e003Coalescence-mBHI-p5_S43,16998,1043416,C_E7_A10_AE_AA_mGAM_mGAM_6_S247,102316
67,H8-e003Coalescence-mBHI-p7_S137,28,1241668,C_E7_A10_AE_AA_mGAM_mGAM_6_S247,102316
68,G8-e003Coalescence-mGAM-p5_S77,8,1348310,C_E7_A10_AE_AA_mGAM_mGAM_6_S247,102316
69,H8-e003Coalescence-mBHI-p5_S41,14,797551,C_E7_A10_AE_AA_mGAM_mGAM_6_S247,102316
70,E100-e003Coalescence-mBHI-p5_S7,2,890217,C_E7_A10_AE_AA_mGAM_mGAM_6_S247,102316
71,E100-e003Coalescence-mGAM-p5_S55,1,809705,C_E7_A10_AE_AA_mGAM_mGAM_6_S247,102316
72,H111-e003Coalescence-mBHI-p5_S44,10734,674095,C_E7_A10_AE_AA_mGAM_mGAM_6_S247,102316
73,E2-e003Coalescence-mGAM-p3_S57,3,1046865,C_E7_A10_AE_AA_mGAM_mGAM_6_S247,102316
74,H100-e003Coalescence-mBHI-p7_S139,21133,1277434,C_E7_A10_AE_AA_mGAM_mGAM_6_S247,102316
75,G8-e003Coalescence-mBHI-p5_S29,1,748494,C_E7_A10_AE_AA_mGAM_mGAM_6_S247,102316
76,E8-e003Coalescence-mBHI-p3_S105,2,1300226,C_E7_A10_AE_AA_mGAM_mGAM_6_S247,102316
77,E8-e003Coalescence-mGAM-p7_S149,46,1417361,C_E7_A10_AE_AA_mGAM_mGAM_6_S247,102316
78,H8-e003Coalescence-mGAM-p7_S185,5284,983015,C_E7_A10_AE_AA_mGAM_mGAM_6_S247,102316
79,A2-e003Coalescence-Inoculumn-mGAM,75,766653,C_E7_A10_AE_AA_mGAM_mGAM_6_S247,102316
80,B8-e003Coalescence-mBHI-p1_S749,40,1268450,C_E7_A10_AE_AA_mGAM_mGAM_6_S247,102316
81,A8-e003Coalescence-mBHI-p1_S748,0,1289758,C_E7_A10_AE_AA_mGAM_mGAM_6_S247,102316
82,H8-e003Coalescence-mBHI-p1_S815,18,1218424,C_E7_A10_AE_AA_mGAM_mGAM_6_S247,102316
83,E8-e003Coalescence-mBHI-p1_S812,0,1401516,C_E7_A10_AE_AA_mGAM_mGAM_6_S247,102316
84,G8-e003Coalescence-mGAM-p1_S818,19,827892,C_E7_A10_AE_AA_mGAM_mGAM_6_S247,102316
85,D8-e003Coalescence-mGAM-p1_S755,23,701330,C_E7_A10_AE_AA_mGAM_mGAM_6_S247,102316
86,A9-e003Coalescence-mBHI-p1_S756,41,1437416,C_E7_A10_AE_AA_mGAM_mGAM_6_S247,102316
87,E11-e003Coalescence-mBHI-p1_S836,5,1451168,C_E7_A10_AE_AA_mGAM_mGAM_6_S247,102316
88,A10-e003Coalescence-mBHI-p1_S764,0,1193259,C_E7_A10_AE_AA_mGAM_mGAM_6_S247,102316
89,A11-e003Coalescence-mBHI-p1_S772,10,1248804,C_E7_A10_AE_AA_mGAM_mGAM_6_S247,102316
90,Coalescence-F2-E10-AA-AE-mGAM-mBHI-3_S681,1,1425787,C_E7_A10_AE_AA_mGAM_mGAM_6_S247,102316
91,Coalescence-E8-D11-AF-AF-mGAM-mBHI-3_S675,18644,1135698,C_E7_A10_AE_AA_mGAM_mGAM_6_S247,102316
92,Coalescence-F10-H8-AA-AF-mGAM-mGAM-3_S689,128,1095751,C_E7_A10_AE_AA_mGAM_mGAM_6_S247,102316
93,Coalescence-A10-C11-AE-AF-mGAM-mBHI-7_S629,11282,698926,C_E7_A10_AE_AA_mGAM_mGAM_6_S247,102316
94,C_E2_e003Assembly_S242,26,781119,C_E7_A10_AE_AA_mGAM_mGAM_6_S247,102316
0,A_A5_A8_AA_AA_mGAM_mBHI_2_S5,15,1417316,C_E9_E2_AA_AA_mBHI_mGAM_4_S249,102316
1,A_A8_A11_AF_AA_mGAM_mBHI_2_S8,12,1079879,C_E9_E2_AA_AA_mBHI_mGAM_4_S249,102316
2,A_C5_C8_AA_AE_mGAM_mBHI_2_S29,2,1427638,C_E9_E2_AA_AA_mBHI_mGAM_4_S249,102316
3,A_D5_D8_AA_AF_mGAM_mBHI_2_S41,29,966462,C_E9_E2_AA_AA_mBHI_mGAM_4_S249,102316
4,A_D8_D11_AF_AF_mGAM_mBHI_2_S44,18988,1169381,C_E9_E2_AA_AA_mBHI_mGAM_4_S249,102316
5,A_E5_A8_AA_AA_mGAM_mGAM_2_S53,34,1019189,C_E9_E2_AA_AA_mBHI_mGAM_4_S249,102316
6,A_E9_A2_AA_AA_mBHI_mGAM_4_S57,1,1413231,C_E9_E2_AA_AA_mBHI_mGAM_4_S249,102316
7,A_G1_C2_AA_AE_mBHI_mGAM_2_S73,10,712175,C_E9_E2_AA_AA_mBHI_mGAM_4_S249,102316
8,A_G5_C8_AA_AE_mGAM_mGAM_2_S77,57,1416857,C_E9_E2_AA_AA_mBHI_mGAM_4_S249,102316
9,A_G9_C2_AA_AE_mBHI_mGAM_4_S81,0,1411062,C_E9_E2_AA_AA_mBHI_mGAM_4_S249,102316
10,B_A5_E8_AA_AA_mGAM_mBHI_2_S101,3,1425704,C_E9_E2_AA_AA_mBHI_mGAM_4_S249,102316
11,B_A6_E9_ACPP_AA_mGAM_mBHI_2_S102,19,1117375,C_E9_E2_AA_AA_mBHI_mGAM_4_S249,102316
12,B_A7_E10_AE_AA_mGAM_mBHI_2_S103,5,1427518,C_E9_E2_AA_AA_mBHI_mGAM_4_S249,102316
13,B_A11_A10_AE_AA_mGAM_mBHI_4_S107,16,1383768,C_E9_E2_AA_AA_mBHI_mGAM_4_S249,102316
14,B_A12_A11_AF_AA_mGAM_mBHI_4_S108,8,1434911,C_E9_E2_AA_AA_mBHI_mGAM_4_S249,102316
15,B_C12_C11_AF_AE_mGAM_mBHI_4_S132,16985,1052319,C_E9_E2_AA_AA_mBHI_mGAM_4_S249,102316
16,B_D7_H10_AE_AF_mGAM_mBHI_2_S139,22358,1353892,C_E9_E2_AA_AA_mBHI_mGAM_4_S249,102316
17,B_D11_D10_AE_AF_mGAM_mBHI_4_S143,19522,1203283,C_E9_E2_AA_AA_mBHI_mGAM_4_S249,102316
18,B_E5_E8_AA_AA_mGAM_mGAM_2_S149,38,946657,C_E9_E2_AA_AA_mBHI_mGAM_4_S249,102316
19,B_E7_E10_AE_AA_mGAM_mGAM_2_S151,27,1444031,C_E9_E2_AA_AA_mBHI_mGAM_4_S249,102316
20,B_E8_E11_AF_AA_mGAM_mGAM_2_S152,31,849793,C_E9_E2_AA_AA_mBHI_mGAM_4_S249,102316
21,B_E11_A10_AE_AA_mGAM_mGAM_4_S155,8,1028220,C_E9_E2_AA_AA_mBHI_mGAM_4_S249,102316
22,B_G1_G2_AA_AE_mBHI_mGAM_2_S169,4,1033473,C_E9_E2_AA_AA_mBHI_mGAM_4_S249,102316
23,B_H5_H8_AA_AF_mGAM_mGAM_2_S185,26,1427983,C_E9_E2_AA_AA_mBHI_mGAM_4_S249,102316
24,C_C5_C8_AA_AE_mGAM_mBHI_6_S221,4,977407,C_E9_E2_AA_AA_mBHI_mGAM_4_S249,102316
25,C_C8_C11_AF_AE_mGAM_mBHI_6_S224,19860,1218207,C_E9_E2_AA_AA_mBHI_mGAM_4_S249,102316
26,C_D5_D8_AA_AF_mGAM_mBHI_6_S233,76,1127572,C_E9_E2_AA_AA_mBHI_mGAM_4_S249,102316
27,C_D7_D10_AE_AF_mGAM_mBHI_6_S235,23224,1404179,C_E9_E2_AA_AA_mBHI_mGAM_4_S249,102316
28,C_E5_A8_AA_AA_mGAM_mGAM_6_S245,57,1431755,C_E9_E2_AA_AA_mBHI_mGAM_4_S249,102316
29,C_E7_A10_AE_AA_mGAM_mGAM_6_S247,6,1413289,C_E9_E2_AA_AA_mBHI_mGAM_4_S249,102316
30,C_E9_E2_AA_AA_mBHI_mGAM_4_S249,0,1403356,C_E9_E2_AA_AA_mBHI_mGAM_4_S249,102316
31,C_E11_E4_AE_AA_mBHI_mGAM_4_S251,1,1422885,C_E9_E2_AA_AA_mBHI_mGAM_4_S249,102316
32,D_A6_A9_ACPP_AA_mGAM_mBHI_6_S294,0,1440130,C_E9_E2_AA_AA_mBHI_mGAM_4_S249,102316
33,D_A7_A10_AE_AA_mGAM_mBHI_6_S295,1,1433602,C_E9_E2_AA_AA_mBHI_mGAM_4_S249,102316
34,D_A8_A11_AF_AA_mGAM_mBHI_6_S296,6,1436671,C_E9_E2_AA_AA_mBHI_mGAM_4_S249,102316
35,D_A9_E8_AA_AA_mGAM_mBHI_4_S297,10,1437286,C_E9_E2_AA_AA_mBHI_mGAM_4_S249,102316
36,D_A12_E11_AF_AA_mGAM_mBHI_4_S300,8,1396823,C_E9_E2_AA_AA_mBHI_mGAM_4_S249,102316
37,D_C8_C11_AF_AE_mGAM_mBHI_6_S320,21167,1292174,C_E9_E2_AA_AA_mBHI_mGAM_4_S249,102316
38,D_C9_G8_AA_AE_mGAM_mBHI_4_S321,1,1110163,C_E9_E2_AA_AA_mBHI_mGAM_4_S249,102316
39,D_C12_G11_AF_AE_mGAM_mBHI_4_S324,21919,1330220,C_E9_E2_AA_AA_mBHI_mGAM_4_S249,102316
40,D_D7_D10_AE_AF_mGAM_mBHI_6_S331,21991,1338259,C_E9_E2_AA_AA_mBHI_mGAM_4_S249,102316
41,D_D11_H10_AE_AF_mGAM_mBHI_4_S335,21556,1308265,C_E9_E2_AA_AA_mBHI_mGAM_4_S249,102316
42,D_E1_A2_AA_AA_mBHI_mGAM_6_S337,0,1436963,C_E9_E2_AA_AA_mBHI_mGAM_4_S249,102316
43,D_E3_A4_AE_AA_mBHI_mGAM_6_S339,0,1417311,C_E9_E2_AA_AA_mBHI_mGAM_4_S249,102316
44,D_E6_A9_ACPP_AA_mGAM_mGAM_6_S342,18,1303681,C_E9_E2_AA_AA_mBHI_mGAM_4_S249,102316
45,D_E7_A10_AE_AA_mGAM_mGAM_6_S343,6,1343749,C_E9_E2_AA_AA_mBHI_mGAM_4_S249,102316
46,D_E9_E8_AA_AA_mGAM_mGAM_4_S345,72,1400809,C_E9_E2_AA_AA_mBHI_mGAM_4_S249,102316
47,D_E11_E10_AE_AA_mGAM_mGAM_4_S347,8,1397326,C_E9_E2_AA_AA_mBHI_mGAM_4_S249,102316
48,D_G1_C2_AA_AE_mBHI_mGAM_6_S361,4,712918,C_E9_E2_AA_AA_mBHI_mGAM_4_S249,102316
49,D_H5_D8_AA_AF_mGAM_mGAM_6_S377,4161,1125549,C_E9_E2_AA_AA_mBHI_mGAM_4_S249,102316
50,D10-e003Coalescence-mBHI-p3,11830,721454,C_E9_E2_AA_AA_mBHI_mGAM_4_S249,102316
51,C2-e003Coalescence-mGAM-p7,76,1453552,C_E9_E2_AA_AA_mBHI_mGAM_4_S249,102316
52,D10-e003Coalescence-mBHI-p5,11575,723373,C_E9_E2_AA_AA_mBHI_mGAM_4_S249,102316
53,D8-e003Coalescence-mBHI-p5,101,795854,C_E9_E2_AA_AA_mBHI_mGAM_4_S249,102316
54,A8-e003Coalescence-mBHI-p7,84,1437763,C_E9_E2_AA_AA_mBHI_mGAM_4_S249,102316
55,A10-e003Coalescence-mGAM-p3,54,960054,C_E9_E2_AA_AA_mBHI_mGAM_4_S249,102316
56,A8-e003Coalescence-mBHI-p5,45,1099058,C_E9_E2_AA_AA_mBHI_mGAM_4_S249,102316
57,A10-e003Coalescence-mBHI-p7,54,1171728,C_E9_E2_AA_AA_mBHI_mGAM_4_S249,102316
58,A2-e003Coalescence-mGAM-p5,52,1119246,C_E9_E2_AA_AA_mBHI_mGAM_4_S249,102316
59,C8-e003Coalescence-mBHI-p5,59,1251387,C_E9_E2_AA_AA_mBHI_mGAM_4_S249,102316
60,A11-e003Coalescence-mBHI-p3,77,1455400,C_E9_E2_AA_AA_mBHI_mGAM_4_S249,102316
61,E2-e003Coalescence-mGAM-p7_S145,2,960650,C_E9_E2_AA_AA_mBHI_mGAM_4_S249,102316
62,E8-e003Coalescence-mBHI-p5_S5,11,1129168,C_E9_E2_AA_AA_mBHI_mGAM_4_S249,102316
63,H111-e003Coalescence-mBHI-p3_S144,20273,1229895,C_E9_E2_AA_AA_mBHI_mGAM_4_S249,102316
64,E100-e003Coalescence-mGAM-p3_S155,11,1310955,C_E9_E2_AA_AA_mBHI_mGAM_4_S249,102316
65,E111-e003Coalescence-mBHI-p5_S8,50,719187,C_E9_E2_AA_AA_mBHI_mGAM_4_S249,102316
66,H100-e003Coalescence-mBHI-p5_S43,16741,1043416,C_E9_E2_AA_AA_mBHI_mGAM_4_S249,102316
67,H8-e003Coalescence-mBHI-p7_S137,25,1241668,C_E9_E2_AA_AA_mBHI_mGAM_4_S249,102316
68,G8-e003Coalescence-mGAM-p5_S77,30,1348310,C_E9_E2_AA_AA_mBHI_mGAM_4_S249,102316
69,H8-e003Coalescence-mBHI-p5_S41,19,797551,C_E9_E2_AA_AA_mBHI_mGAM_4_S249,102316
70,E100-e003Coalescence-mBHI-p5_S7,10,890217,C_E9_E2_AA_AA_mBHI_mGAM_4_S249,102316
71,E100-e003Coalescence-mGAM-p5_S55,6,809705,C_E9_E2_AA_AA_mBHI_mGAM_4_S249,102316
72,H111-e003Coalescence-mBHI-p5_S44,10579,674095,C_E9_E2_AA_AA_mBHI_mGAM_4_S249,102316
73,E2-e003Coalescence-mGAM-p3_S57,0,1046865,C_E9_E2_AA_AA_mBHI_mGAM_4_S249,102316
74,H100-e003Coalescence-mBHI-p7_S139,20860,1277434,C_E9_E2_AA_AA_mBHI_mGAM_4_S249,102316
75,G8-e003Coalescence-mBHI-p5_S29,4,748494,C_E9_E2_AA_AA_mBHI_mGAM_4_S249,102316
76,E8-e003Coalescence-mBHI-p3_S105,14,1300226,C_E9_E2_AA_AA_mBHI_mGAM_4_S249,102316
77,E8-e003Coalescence-mGAM-p7_S149,62,1417361,C_E9_E2_AA_AA_mBHI_mGAM_4_S249,102316
78,H8-e003Coalescence-mGAM-p7_S185,5193,983015,C_E9_E2_AA_AA_mBHI_mGAM_4_S249,102316
79,A2-e003Coalescence-Inoculumn-mGAM,72,766653,C_E9_E2_AA_AA_mBHI_mGAM_4_S249,102316
80,B8-e003Coalescence-mBHI-p1_S749,74,1268450,C_E9_E2_AA_AA_mBHI_mGAM_4_S249,102316
81,A8-e003Coalescence-mBHI-p1_S748,3,1289758,C_E9_E2_AA_AA_mBHI_mGAM_4_S249,102316
82,H8-e003Coalescence-mBHI-p1_S815,31,1218424,C_E9_E2_AA_AA_mBHI_mGAM_4_S249,102316
83,E8-e003Coalescence-mBHI-p1_S812,7,1401516,C_E9_E2_AA_AA_mBHI_mGAM_4_S249,102316
84,G8-e003Coalescence-mGAM-p1_S818,33,827892,C_E9_E2_AA_AA_mBHI_mGAM_4_S249,102316
85,D8-e003Coalescence-mGAM-p1_S755,31,701330,C_E9_E2_AA_AA_mBHI_mGAM_4_S249,102316
86,A9-e003Coalescence-mBHI-p1_S756,74,1437416,C_E9_E2_AA_AA_mBHI_mGAM_4_S249,102316
87,E11-e003Coalescence-mBHI-p1_S836,15,1451168,C_E9_E2_AA_AA_mBHI_mGAM_4_S249,102316
88,A10-e003Coalescence-mBHI-p1_S764,4,1193259,C_E9_E2_AA_AA_mBHI_mGAM_4_S249,102316
89,A11-e003Coalescence-mBHI-p1_S772,31,1248804,C_E9_E2_AA_AA_mBHI_mGAM_4_S249,102316
90,Coalescence-F2-E10-AA-AE-mGAM-mBHI-3_S681,5,1425787,C_E9_E2_AA_AA_mBHI_mGAM_4_S249,102316
91,Coalescence-E8-D11-AF-AF-mGAM-mBHI-3_S675,18411,1135698,C_E9_E2_AA_AA_mBHI_mGAM_4_S249,102316
92,Coalescence-F10-H8-AA-AF-mGAM-mGAM-3_S689,123,1095751,C_E9_E2_AA_AA_mBHI_mGAM_4_S249,102316
93,Coalescence-A10-C11-AE-AF-mGAM-mBHI-7_S629,11090,698926,C_E9_E2_AA_AA_mBHI_mGAM_4_S249,102316
94,C_E2_e003Assembly_S242,50,781119,C_E9_E2_AA_AA_mBHI_mGAM_4_S249,102316
0,A_A5_A8_AA_AA_mGAM_mBHI_2_S5,6,1417316,C_E11_E4_AE_AA_mBHI_mGAM_4_S251,102316
1,A_A8_A11_AF_AA_mGAM_mBHI_2_S8,11,1079879,C_E11_E4_AE_AA_mBHI_mGAM_4_S251,102316
2,A_C5_C8_AA_AE_mGAM_mBHI_2_S29,1,1427638,C_E11_E4_AE_AA_mBHI_mGAM_4_S251,102316
3,A_D5_D8_AA_AF_mGAM_mBHI_2_S41,29,966462,C_E11_E4_AE_AA_mBHI_mGAM_4_S251,102316
4,A_D8_D11_AF_AF_mGAM_mBHI_2_S44,19245,1169381,C_E11_E4_AE_AA_mBHI_mGAM_4_S251,102316
5,A_E5_A8_AA_AA_mGAM_mGAM_2_S53,43,1019189,C_E11_E4_AE_AA_mBHI_mGAM_4_S251,102316
6,A_E9_A2_AA_AA_mBHI_mGAM_4_S57,4,1413231,C_E11_E4_AE_AA_mBHI_mGAM_4_S251,102316
7,A_G1_C2_AA_AE_mBHI_mGAM_2_S73,8,712175,C_E11_E4_AE_AA_mBHI_mGAM_4_S251,102316
8,A_G5_C8_AA_AE_mGAM_mGAM_2_S77,59,1416857,C_E11_E4_AE_AA_mBHI_mGAM_4_S251,102316
9,A_G9_C2_AA_AE_mBHI_mGAM_4_S81,1,1411062,C_E11_E4_AE_AA_mBHI_mGAM_4_S251,102316
10,B_A5_E8_AA_AA_mGAM_mBHI_2_S101,0,1425704,C_E11_E4_AE_AA_mBHI_mGAM_4_S251,102316
11,B_A6_E9_ACPP_AA_mGAM_mBHI_2_S102,22,1117375,C_E11_E4_AE_AA_mBHI_mGAM_4_S251,102316
12,B_A7_E10_AE_AA_mGAM_mBHI_2_S103,0,1427518,C_E11_E4_AE_AA_mBHI_mGAM_4_S251,102316
13,B_A11_A10_AE_AA_mGAM_mBHI_4_S107,6,1383768,C_E11_E4_AE_AA_mBHI_mGAM_4_S251,102316
14,B_A12_A11_AF_AA_mGAM_mBHI_4_S108,21,1434911,C_E11_E4_AE_AA_mBHI_mGAM_4_S251,102316
15,B_C12_C11_AF_AE_mGAM_mBHI_4_S132,17155,1052319,C_E11_E4_AE_AA_mBHI_mGAM_4_S251,102316
16,B_D7_H10_AE_AF_mGAM_mBHI_2_S139,22609,1353892,C_E11_E4_AE_AA_mBHI_mGAM_4_S251,102316
17,B_D11_D10_AE_AF_mGAM_mBHI_4_S143,19821,1203283,C_E11_E4_AE_AA_mBHI_mGAM_4_S251,102316
18,B_E5_E8_AA_AA_mGAM_mGAM_2_S149,25,946657,C_E11_E4_AE_AA_mBHI_mGAM_4_S251,102316
19,B_E7_E10_AE_AA_mGAM_mGAM_2_S151,36,1444031,C_E11_E4_AE_AA_mBHI_mGAM_4_S251,102316
20,B_E8_E11_AF_AA_mGAM_mGAM_2_S152,40,849793,C_E11_E4_AE_AA_mBHI_mGAM_4_S251,102316
21,B_E11_A10_AE_AA_mGAM_mGAM_4_S155,16,1028220,C_E11_E4_AE_AA_mBHI_mGAM_4_S251,102316
22,B_G1_G2_AA_AE_mBHI_mGAM_2_S169,12,1033473,C_E11_E4_AE_AA_mBHI_mGAM_4_S251,102316
23,B_H5_H8_AA_AF_mGAM_mGAM_2_S185,32,1427983,C_E11_E4_AE_AA_mBHI_mGAM_4_S251,102316
24,C_C5_C8_AA_AE_mGAM_mBHI_6_S221,4,977407,C_E11_E4_AE_AA_mBHI_mGAM_4_S251,102316
25,C_C8_C11_AF_AE_mGAM_mBHI_6_S224,20161,1218207,C_E11_E4_AE_AA_mBHI_mGAM_4_S251,102316
26,C_D5_D8_AA_AF_mGAM_mBHI_6_S233,86,1127572,C_E11_E4_AE_AA_mBHI_mGAM_4_S251,102316
27,C_D7_D10_AE_AF_mGAM_mBHI_6_S235,23521,1404179,C_E11_E4_AE_AA_mBHI_mGAM_4_S251,102316
28,C_E5_A8_AA_AA_mGAM_mGAM_6_S245,54,1431755,C_E11_E4_AE_AA_mBHI_mGAM_4_S251,102316
29,C_E7_A10_AE_AA_mGAM_mGAM_6_S247,5,1413289,C_E11_E4_AE_AA_mBHI_mGAM_4_S251,102316
30,C_E9_E2_AA_AA_mBHI_mGAM_4_S249,1,1403356,C_E11_E4_AE_AA_mBHI_mGAM_4_S251,102316
31,C_E11_E4_AE_AA_mBHI_mGAM_4_S251,0,1422885,C_E11_E4_AE_AA_mBHI_mGAM_4_S251,102316
32,D_A6_A9_ACPP_AA_mGAM_mBHI_6_S294,0,1440130,C_E11_E4_AE_AA_mBHI_mGAM_4_S251,102316
33,D_A7_A10_AE_AA_mGAM_mBHI_6_S295,0,1433602,C_E11_E4_AE_AA_mBHI_mGAM_4_S251,102316
34,D_A8_A11_AF_AA_mGAM_mBHI_6_S296,12,1436671,C_E11_E4_AE_AA_mBHI_mGAM_4_S251,102316
35,D_A9_E8_AA_AA_mGAM_mBHI_4_S297,11,1437286,C_E11_E4_AE_AA_mBHI_mGAM_4_S251,102316
36,D_A12_E11_AF_AA_mGAM_mBHI_4_S300,10,1396823,C_E11_E4_AE_AA_mBHI_mGAM_4_S251,102316
37,D_C8_C11_AF_AE_mGAM_mBHI_6_S320,21395,1292174,C_E11_E4_AE_AA_mBHI_mGAM_4_S251,102316
38,D_C9_G8_AA_AE_mGAM_mBHI_4_S321,0,1110163,C_E11_E4_AE_AA_mBHI_mGAM_4_S251,102316
39,D_C12_G11_AF_AE_mGAM_mBHI_4_S324,22178,1330220,C_E11_E4_AE_AA_mBHI_mGAM_4_S251,102316
40,D_D7_D10_AE_AF_mGAM_mBHI_6_S331,22207,1338259,C_E11_E4_AE_AA_mBHI_mGAM_4_S251,102316
41,D_D11_H10_AE_AF_mGAM_mBHI_4_S335,21940,1308265,C_E11_E4_AE_AA_mBHI_mGAM_4_S251,102316
42,D_E1_A2_AA_AA_mBHI_mGAM_6_S337,2,1436963,C_E11_E4_AE_AA_mBHI_mGAM_4_S251,102316
43,D_E3_A4_AE_AA_mBHI_mGAM_6_S339,2,1417311,C_E11_E4_AE_AA_mBHI_mGAM_4_S251,102316
44,D_E6_A9_ACPP_AA_mGAM_mGAM_6_S342,34,1303681,C_E11_E4_AE_AA_mBHI_mGAM_4_S251,102316
45,D_E7_A10_AE_AA_mGAM_mGAM_6_S343,3,1343749,C_E11_E4_AE_AA_mBHI_mGAM_4_S251,102316
46,D_E9_E8_AA_AA_mGAM_mGAM_4_S345,75,1400809,C_E11_E4_AE_AA_mBHI_mGAM_4_S251,102316
47,D_E11_E10_AE_AA_mGAM_mGAM_4_S347,10,1397326,C_E11_E4_AE_AA_mBHI_mGAM_4_S251,102316
48,D_G1_C2_AA_AE_mBHI_mGAM_6_S361,2,712918,C_E11_E4_AE_AA_mBHI_mGAM_4_S251,102316
49,D_H5_D8_AA_AF_mGAM_mGAM_6_S377,4274,1125549,C_E11_E4_AE_AA_mBHI_mGAM_4_S251,102316
50,D10-e003Coalescence-mBHI-p3,11954,721454,C_E11_E4_AE_AA_mBHI_mGAM_4_S251,102316
51,C2-e003Coalescence-mGAM-p7,72,1453552,C_E11_E4_AE_AA_mBHI_mGAM_4_S251,102316
52,D10-e003Coalescence-mBHI-p5,11846,723373,C_E11_E4_AE_AA_mBHI_mGAM_4_S251,102316
53,D8-e003Coalescence-mBHI-p5,107,795854,C_E11_E4_AE_AA_mBHI_mGAM_4_S251,102316
54,A8-e003Coalescence-mBHI-p7,70,1437763,C_E11_E4_AE_AA_mBHI_mGAM_4_S251,102316
55,A10-e003Coalescence-mGAM-p3,59,960054,C_E11_E4_AE_AA_mBHI_mGAM_4_S251,102316
56,A8-e003Coalescence-mBHI-p5,38,1099058,C_E11_E4_AE_AA_mBHI_mGAM_4_S251,102316
57,A10-e003Coalescence-mBHI-p7,54,1171728,C_E11_E4_AE_AA_mBHI_mGAM_4_S251,102316
58,A2-e003Coalescence-mGAM-p5,44,1119246,C_E11_E4_AE_AA_mBHI_mGAM_4_S251,102316
59,C8-e003Coalescence-mBHI-p5,43,1251387,C_E11_E4_AE_AA_mBHI_mGAM_4_S251,102316
60,A11-e003Coalescence-mBHI-p3,83,1455400,C_E11_E4_AE_AA_mBHI_mGAM_4_S251,102316
61,E2-e003Coalescence-mGAM-p7_S145,2,960650,C_E11_E4_AE_AA_mBHI_mGAM_4_S251,102316
62,E8-e003Coalescence-mBHI-p5_S5,10,1129168,C_E11_E4_AE_AA_mBHI_mGAM_4_S251,102316
63,H111-e003Coalescence-mBHI-p3_S144,20534,1229895,C_E11_E4_AE_AA_mBHI_mGAM_4_S251,102316
64,E100-e003Coalescence-mGAM-p3_S155,18,1310955,C_E11_E4_AE_AA_mBHI_mGAM_4_S251,102316
65,E111-e003Coalescence-mBHI-p5_S8,48,719187,C_E11_E4_AE_AA_mBHI_mGAM_4_S251,102316
66,H100-e003Coalescence-mBHI-p5_S43,16949,1043416,C_E11_E4_AE_AA_mBHI_mGAM_4_S251,102316
67,H8-e003Coalescence-mBHI-p7_S137,29,1241668,C_E11_E4_AE_AA_mBHI_mGAM_4_S251,102316
68,G8-e003Coalescence-mGAM-p5_S77,53,1348310,C_E11_E4_AE_AA_mBHI_mGAM_4_S251,102316
69,H8-e003Coalescence-mBHI-p5_S41,10,797551,C_E11_E4_AE_AA_mBHI_mGAM_4_S251,102316
70,E100-e003Coalescence-mBHI-p5_S7,0,890217,C_E11_E4_AE_AA_mBHI_mGAM_4_S251,102316
71,E100-e003Coalescence-mGAM-p5_S55,3,809705,C_E11_E4_AE_AA_mBHI_mGAM_4_S251,102316
72,H111-e003Coalescence-mBHI-p5_S44,10735,674095,C_E11_E4_AE_AA_mBHI_mGAM_4_S251,102316
73,E2-e003Coalescence-mGAM-p3_S57,2,1046865,C_E11_E4_AE_AA_mBHI_mGAM_4_S251,102316
74,H100-e003Coalescence-mBHI-p7_S139,21070,1277434,C_E11_E4_AE_AA_mBHI_mGAM_4_S251,102316
75,G8-e003Coalescence-mBHI-p5_S29,0,748494,C_E11_E4_AE_AA_mBHI_mGAM_4_S251,102316
76,E8-e003Coalescence-mBHI-p3_S105,13,1300226,C_E11_E4_AE_AA_mBHI_mGAM_4_S251,102316
77,E8-e003Coalescence-mGAM-p7_S149,58,1417361,C_E11_E4_AE_AA_mBHI_mGAM_4_S251,102316
78,H8-e003Coalescence-mGAM-p7_S185,5314,983015,C_E11_E4_AE_AA_mBHI_mGAM_4_S251,102316
79,A2-e003Coalescence-Inoculumn-mGAM,64,766653,C_E11_E4_AE_AA_mBHI_mGAM_4_S251,102316
80,B8-e003Coalescence-mBHI-p1_S749,59,1268450,C_E11_E4_AE_AA_mBHI_mGAM_4_S251,102316
81,A8-e003Coalescence-mBHI-p1_S748,3,1289758,C_E11_E4_AE_AA_mBHI_mGAM_4_S251,102316
82,H8-e003Coalescence-mBHI-p1_S815,51,1218424,C_E11_E4_AE_AA_mBHI_mGAM_4_S251,102316
83,E8-e003Coalescence-mBHI-p1_S812,9,1401516,C_E11_E4_AE_AA_mBHI_mGAM_4_S251,102316
84,G8-e003Coalescence-mGAM-p1_S818,29,827892,C_E11_E4_AE_AA_mBHI_mGAM_4_S251,102316
85,D8-e003Coalescence-mGAM-p1_S755,39,701330,C_E11_E4_AE_AA_mBHI_mGAM_4_S251,102316
86,A9-e003Coalescence-mBHI-p1_S756,56,1437416,C_E11_E4_AE_AA_mBHI_mGAM_4_S251,102316
87,E11-e003Coalescence-mBHI-p1_S836,33,1451168,C_E11_E4_AE_AA_mBHI_mGAM_4_S251,102316
88,A10-e003Coalescence-mBHI-p1_S764,8,1193259,C_E11_E4_AE_AA_mBHI_mGAM_4_S251,102316
89,A11-e003Coalescence-mBHI-p1_S772,45,1248804,C_E11_E4_AE_AA_mBHI_mGAM_4_S251,102316
90,Coalescence-F2-E10-AA-AE-mGAM-mBHI-3_S681,0,1425787,C_E11_E4_AE_AA_mBHI_mGAM_4_S251,102316
91,Coalescence-E8-D11-AF-AF-mGAM-mBHI-3_S675,18689,1135698,C_E11_E4_AE_AA_mBHI_mGAM_4_S251,102316
92,Coalescence-F10-H8-AA-AF-mGAM-mGAM-3_S689,137,1095751,C_E11_E4_AE_AA_mBHI_mGAM_4_S251,102316
93,Coalescence-A10-C11-AE-AF-mGAM-mBHI-7_S629,11312,698926,C_E11_E4_AE_AA_mBHI_mGAM_4_S251,102316
94,C_E2_e003Assembly_S242,39,781119,C_E11_E4_AE_AA_mBHI_mGAM_4_S251,102316
0,A_A5_A8_AA_AA_mGAM_mBHI_2_S5,1,1417316,D_A6_A9_ACPP_AA_mGAM_mBHI_6_S294,102316
1,A_A8_A11_AF_AA_mGAM_mBHI_2_S8,1,1079879,D_A6_A9_ACPP_AA_mGAM_mBHI_6_S294,102316
2,A_C5_C8_AA_AE_mGAM_mBHI_2_S29,0,1427638,D_A6_A9_ACPP_AA_mGAM_mBHI_6_S294,102316
3,A_D5_D8_AA_AF_mGAM_mBHI_2_S41,22,966462,D_A6_A9_ACPP_AA_mGAM_mBHI_6_S294,102316
4,A_D8_D11_AF_AF_mGAM_mBHI_2_S44,19663,1169381,D_A6_A9_ACPP_AA_mGAM_mBHI_6_S294,102316
5,A_E5_A8_AA_AA_mGAM_mGAM_2_S53,19,1019189,D_A6_A9_ACPP_AA_mGAM_mBHI_6_S294,102316
6,A_E9_A2_AA_AA_mBHI_mGAM_4_S57,3,1413231,D_A6_A9_ACPP_AA_mGAM_mBHI_6_S294,102316
7,A_G1_C2_AA_AE_mBHI_mGAM_2_S73,15,712175,D_A6_A9_ACPP_AA_mGAM_mBHI_6_S294,102316
8,A_G5_C8_AA_AE_mGAM_mGAM_2_S77,33,1416857,D_A6_A9_ACPP_AA_mGAM_mBHI_6_S294,102316
9,A_G9_C2_AA_AE_mBHI_mGAM_4_S81,5,1411062,D_A6_A9_ACPP_AA_mGAM_mBHI_6_S294,102316
10,B_A5_E8_AA_AA_mGAM_mBHI_2_S101,0,1425704,D_A6_A9_ACPP_AA_mGAM_mBHI_6_S294,102316
11,B_A6_E9_ACPP_AA_mGAM_mBHI_2_S102,8,1117375,D_A6_A9_ACPP_AA_mGAM_mBHI_6_S294,102316
12,B_A7_E10_AE_AA_mGAM_mBHI_2_S103,0,1427518,D_A6_A9_ACPP_AA_mGAM_mBHI_6_S294,102316
13,B_A11_A10_AE_AA_mGAM_mBHI_4_S107,2,1383768,D_A6_A9_ACPP_AA_mGAM_mBHI_6_S294,102316
14,B_A12_A11_AF_AA_mGAM_mBHI_4_S108,9,1434911,D_A6_A9_ACPP_AA_mGAM_mBHI_6_S294,102316
15,B_C12_C11_AF_AE_mGAM_mBHI_4_S132,17561,1052319,D_A6_A9_ACPP_AA_mGAM_mBHI_6_S294,102316
16,B_D7_H10_AE_AF_mGAM_mBHI_2_S139,23162,1353892,D_A6_A9_ACPP_AA_mGAM_mBHI_6_S294,102316
17,B_D11_D10_AE_AF_mGAM_mBHI_4_S143,20291,1203283,D_A6_A9_ACPP_AA_mGAM_mBHI_6_S294,102316
18,B_E5_E8_AA_AA_mGAM_mGAM_2_S149,24,946657,D_A6_A9_ACPP_AA_mGAM_mBHI_6_S294,102316
19,B_E7_E10_AE_AA_mGAM_mGAM_2_S151,10,1444031,D_A6_A9_ACPP_AA_mGAM_mBHI_6_S294,102316
20,B_E8_E11_AF_AA_mGAM_mGAM_2_S152,16,849793,D_A6_A9_ACPP_AA_mGAM_mBHI_6_S294,102316
21,B_E11_A10_AE_AA_mGAM_mGAM_4_S155,6,1028220,D_A6_A9_ACPP_AA_mGAM_mBHI_6_S294,102316
22,B_G1_G2_AA_AE_mBHI_mGAM_2_S169,20,1033473,D_A6_A9_ACPP_AA_mGAM_mBHI_6_S294,102316
23,B_H5_H8_AA_AF_mGAM_mGAM_2_S185,8,1427983,D_A6_A9_ACPP_AA_mGAM_mBHI_6_S294,102316
24,C_C5_C8_AA_AE_mGAM_mBHI_6_S221,2,977407,D_A6_A9_ACPP_AA_mGAM_mBHI_6_S294,102316
25,C_C8_C11_AF_AE_mGAM_mBHI_6_S224,20585,1218207,D_A6_A9_ACPP_AA_mGAM_mBHI_6_S294,102316
26,C_D5_D8_AA_AF_mGAM_mBHI_6_S233,78,1127572,D_A6_A9_ACPP_AA_mGAM_mBHI_6_S294,102316
27,C_D7_D10_AE_AF_mGAM_mBHI_6_S235,24087,1404179,D_A6_A9_ACPP_AA_mGAM_mBHI_6_S294,102316
28,C_E5_A8_AA_AA_mGAM_mGAM_6_S245,39,1431755,D_A6_A9_ACPP_AA_mGAM_mBHI_6_S294,102316
29,C_E7_A10_AE_AA_mGAM_mGAM_6_S247,0,1413289,D_A6_A9_ACPP_AA_mGAM_mBHI_6_S294,102316
30,C_E9_E2_AA_AA_mBHI_mGAM_4_S249,0,1403356,D_A6_A9_ACPP_AA_mGAM_mBHI_6_S294,102316
31,C_E11_E4_AE_AA_mBHI_mGAM_4_S251,0,1422885,D_A6_A9_ACPP_AA_mGAM_mBHI_6_S294,102316
32,D_A6_A9_ACPP_AA_mGAM_mBHI_6_S294,0,1440130,D_A6_A9_ACPP_AA_mGAM_mBHI_6_S294,102316
33,D_A7_A10_AE_AA_mGAM_mBHI_6_S295,0,1433602,D_A6_A9_ACPP_AA_mGAM_mBHI_6_S294,102316
34,D_A8_A11_AF_AA_mGAM_mBHI_6_S296,1,1436671,D_A6_A9_ACPP_AA_mGAM_mBHI_6_S294,102316
35,D_A9_E8_AA_AA_mGAM_mBHI_4_S297,3,1437286,D_A6_A9_ACPP_AA_mGAM_mBHI_6_S294,102316
36,D_A12_E11_AF_AA_mGAM_mBHI_4_S300,6,1396823,D_A6_A9_ACPP_AA_mGAM_mBHI_6_S294,102316
37,D_C8_C11_AF_AE_mGAM_mBHI_6_S320,21835,1292174,D_A6_A9_ACPP_AA_mGAM_mBHI_6_S294,102316
38,D_C9_G8_AA_AE_mGAM_mBHI_4_S321,0,1110163,D_A6_A9_ACPP_AA_mGAM_mBHI_6_S294,102316
39,D_C12_G11_AF_AE_mGAM_mBHI_4_S324,22690,1330220,D_A6_A9_ACPP_AA_mGAM_mBHI_6_S294,102316
40,D_D7_D10_AE_AF_mGAM_mBHI_6_S331,22765,1338259,D_A6_A9_ACPP_AA_mGAM_mBHI_6_S294,102316
41,D_D11_H10_AE_AF_mGAM_mBHI_4_S335,22344,1308265,D_A6_A9_ACPP_AA_mGAM_mBHI_6_S294,102316
42,D_E1_A2_AA_AA_mBHI_mGAM_6_S337,0,1436963,D_A6_A9_ACPP_AA_mGAM_mBHI_6_S294,102316
43,D_E3_A4_AE_AA_mBHI_mGAM_6_S339,0,1417311,D_A6_A9_ACPP_AA_mGAM_mBHI_6_S294,102316
44,D_E6_A9_ACPP_AA_mGAM_mGAM_6_S342,11,1303681,D_A6_A9_ACPP_AA_mGAM_mBHI_6_S294,102316
45,D_E7_A10_AE_AA_mGAM_mGAM_6_S343,0,1343749,D_A6_A9_ACPP_AA_mGAM_mBHI_6_S294,102316
46,D_E9_E8_AA_AA_mGAM_mGAM_4_S345,54,1400809,D_A6_A9_ACPP_AA_mGAM_mBHI_6_S294,102316
47,D_E11_E10_AE_AA_mGAM_mGAM_4_S347,0,1397326,D_A6_A9_ACPP_AA_mGAM_mBHI_6_S294,102316
48,D_G1_C2_AA_AE_mBHI_mGAM_6_S361,7,712918,D_A6_A9_ACPP_AA_mGAM_mBHI_6_S294,102316
49,D_H5_D8_AA_AF_mGAM_mGAM_6_S377,4318,1125549,D_A6_A9_ACPP_AA_mGAM_mBHI_6_S294,102316
50,D10-e003Coalescence-mBHI-p3,12214,721454,D_A6_A9_ACPP_AA_mGAM_mBHI_6_S294,102316
51,C2-e003Coalescence-mGAM-p7,74,1453552,D_A6_A9_ACPP_AA_mGAM_mBHI_6_S294,102316
52,D10-e003Coalescence-mBHI-p5,12055,723373,D_A6_A9_ACPP_AA_mGAM_mBHI_6_S294,102316
53,D8-e003Coalescence-mBHI-p5,111,795854,D_A6_A9_ACPP_AA_mGAM_mBHI_6_S294,102316
54,A8-e003Coalescence-mBHI-p7,71,1437763,D_A6_A9_ACPP_AA_mGAM_mBHI_6_S294,102316
55,A10-e003Coalescence-mGAM-p3,38,960054,D_A6_A9_ACPP_AA_mGAM_mBHI_6_S294,102316
56,A8-e003Coalescence-mBHI-p5,37,1099058,D_A6_A9_ACPP_AA_mGAM_mBHI_6_S294,102316
57,A10-e003Coalescence-mBHI-p7,58,1171728,D_A6_A9_ACPP_AA_mGAM_mBHI_6_S294,102316
58,A2-e003Coalescence-mGAM-p5,49,1119246,D_A6_A9_ACPP_AA_mGAM_mBHI_6_S294,102316
59,C8-e003Coalescence-mBHI-p5,43,1251387,D_A6_A9_ACPP_AA_mGAM_mBHI_6_S294,102316
60,A11-e003Coalescence-mBHI-p3,67,1455400,D_A6_A9_ACPP_AA_mGAM_mBHI_6_S294,102316
61,E2-e003Coalescence-mGAM-p7_S145,3,960650,D_A6_A9_ACPP_AA_mGAM_mBHI_6_S294,102316
62,E8-e003Coalescence-mBHI-p5_S5,1,1129168,D_A6_A9_ACPP_AA_mGAM_mBHI_6_S294,102316
63,H111-e003Coalescence-mBHI-p3_S144,20986,1229895,D_A6_A9_ACPP_AA_mGAM_mBHI_6_S294,102316
64,E100-e003Coalescence-mGAM-p3_S155,1,1310955,D_A6_A9_ACPP_AA_mGAM_mBHI_6_S294,102316
65,E111-e003Coalescence-mBHI-p5_S8,50,719187,D_A6_A9_ACPP_AA_mGAM_mBHI_6_S294,102316
66,H100-e003Coalescence-mBHI-p5_S43,17305,1043416,D_A6_A9_ACPP_AA_mGAM_mBHI_6_S294,102316
67,H8-e003Coalescence-mBHI-p7_S137,20,1241668,D_A6_A9_ACPP_AA_mGAM_mBHI_6_S294,102316
68,G8-e003Coalescence-mGAM-p5_S77,9,1348310,D_A6_A9_ACPP_AA_mGAM_mBHI_6_S294,102316
69,H8-e003Coalescence-mBHI-p5_S41,11,797551,D_A6_A9_ACPP_AA_mGAM_mBHI_6_S294,102316
70,E100-e003Coalescence-mBHI-p5_S7,0,890217,D_A6_A9_ACPP_AA_mGAM_mBHI_6_S294,102316
71,E100-e003Coalescence-mGAM-p5_S55,2,809705,D_A6_A9_ACPP_AA_mGAM_mBHI_6_S294,102316
72,H111-e003Coalescence-mBHI-p5_S44,10970,674095,D_A6_A9_ACPP_AA_mGAM_mBHI_6_S294,102316
73,E2-e003Coalescence-mGAM-p3_S57,6,1046865,D_A6_A9_ACPP_AA_mGAM_mBHI_6_S294,102316
74,H100-e003Coalescence-mBHI-p7_S139,21544,1277434,D_A6_A9_ACPP_AA_mGAM_mBHI_6_S294,102316
75,G8-e003Coalescence-mBHI-p5_S29,0,748494,D_A6_A9_ACPP_AA_mGAM_mBHI_6_S294,102316
76,E8-e003Coalescence-mBHI-p3_S105,1,1300226,D_A6_A9_ACPP_AA_mGAM_mBHI_6_S294,102316
77,E8-e003Coalescence-mGAM-p7_S149,43,1417361,D_A6_A9_ACPP_AA_mGAM_mBHI_6_S294,102316
78,H8-e003Coalescence-mGAM-p7_S185,5369,983015,D_A6_A9_ACPP_AA_mGAM_mBHI_6_S294,102316
79,A2-e003Coalescence-Inoculumn-mGAM,67,766653,D_A6_A9_ACPP_AA_mGAM_mBHI_6_S294,102316
80,B8-e003Coalescence-mBHI-p1_S749,45,1268450,D_A6_A9_ACPP_AA_mGAM_mBHI_6_S294,102316
81,A8-e003Coalescence-mBHI-p1_S748,0,1289758,D_A6_A9_ACPP_AA_mGAM_mBHI_6_S294,102316
82,H8-e003Coalescence-mBHI-p1_S815,7,1218424,D_A6_A9_ACPP_AA_mGAM_mBHI_6_S294,102316
83,E8-e003Coalescence-mBHI-p1_S812,0,1401516,D_A6_A9_ACPP_AA_mGAM_mBHI_6_S294,102316
84,G8-e003Coalescence-mGAM-p1_S818,21,827892,D_A6_A9_ACPP_AA_mGAM_mBHI_6_S294,102316
85,D8-e003Coalescence-mGAM-p1_S755,27,701330,D_A6_A9_ACPP_AA_mGAM_mBHI_6_S294,102316
86,A9-e003Coalescence-mBHI-p1_S756,46,1437416,D_A6_A9_ACPP_AA_mGAM_mBHI_6_S294,102316
87,E11-e003Coalescence-mBHI-p1_S836,1,1451168,D_A6_A9_ACPP_AA_mGAM_mBHI_6_S294,102316
88,A10-e003Coalescence-mBHI-p1_S764,0,1193259,D_A6_A9_ACPP_AA_mGAM_mBHI_6_S294,102316
89,A11-e003Coalescence-mBHI-p1_S772,10,1248804,D_A6_A9_ACPP_AA_mGAM_mBHI_6_S294,102316
90,Coalescence-F2-E10-AA-AE-mGAM-mBHI-3_S681,0,1425787,D_A6_A9_ACPP_AA_mGAM_mBHI_6_S294,102316
91,Coalescence-E8-D11-AF-AF-mGAM-mBHI-3_S675,19030,1135698,D_A6_A9_ACPP_AA_mGAM_mBHI_6_S294,102316
92,Coalescence-F10-H8-AA-AF-mGAM-mGAM-3_S689,123,1095751,D_A6_A9_ACPP_AA_mGAM_mBHI_6_S294,102316
93,Coalescence-A10-C11-AE-AF-mGAM-mBHI-7_S629,11459,698926,D_A6_A9_ACPP_AA_mGAM_mBHI_6_S294,102316
94,C_E2_e003Assembly_S242,28,781119,D_A6_A9_ACPP_AA_mGAM_mBHI_6_S294,102316
0,A_A5_A8_AA_AA_mGAM_mBHI_2_S5,3,1417316,D_A7_A10_AE_AA_mGAM_mBHI_6_S295,102316
1,A_A8_A11_AF_AA_mGAM_mBHI_2_S8,3,1079879,D_A7_A10_AE_AA_mGAM_mBHI_6_S295,102316
2,A_C5_C8_AA_AE_mGAM_mBHI_2_S29,0,1427638,D_A7_A10_AE_AA_mGAM_mBHI_6_S295,102316
3,A_D5_D8_AA_AF_mGAM_mBHI_2_S41,25,966462,D_A7_A10_AE_AA_mGAM_mBHI_6_S295,102316
4,A_D8_D11_AF_AF_mGAM_mBHI_2_S44,19669,1169381,D_A7_A10_AE_AA_mGAM_mBHI_6_S295,102316
5,A_E5_A8_AA_AA_mGAM_mGAM_2_S53,23,1019189,D_A7_A10_AE_AA_mGAM_mBHI_6_S295,102316
6,A_E9_A2_AA_AA_mBHI_mGAM_4_S57,0,1413231,D_A7_A10_AE_AA_mGAM_mBHI_6_S295,102316
7,A_G1_C2_AA_AE_mBHI_mGAM_2_S73,13,712175,D_A7_A10_AE_AA_mGAM_mBHI_6_S295,102316
8,A_G5_C8_AA_AE_mGAM_mGAM_2_S77,38,1416857,D_A7_A10_AE_AA_mGAM_mBHI_6_S295,102316
9,A_G9_C2_AA_AE_mBHI_mGAM_4_S81,6,1411062,D_A7_A10_AE_AA_mGAM_mBHI_6_S295,102316
10,B_A5_E8_AA_AA_mGAM_mBHI_2_S101,0,1425704,D_A7_A10_AE_AA_mGAM_mBHI_6_S295,102316
11,B_A6_E9_ACPP_AA_mGAM_mBHI_2_S102,12,1117375,D_A7_A10_AE_AA_mGAM_mBHI_6_S295,102316
12,B_A7_E10_AE_AA_mGAM_mBHI_2_S103,0,1427518,D_A7_A10_AE_AA_mGAM_mBHI_6_S295,102316
13,B_A11_A10_AE_AA_mGAM_mBHI_4_S107,0,1383768,D_A7_A10_AE_AA_mGAM_mBHI_6_S295,102316
14,B_A12_A11_AF_AA_mGAM_mBHI_4_S108,3,1434911,D_A7_A10_AE_AA_mGAM_mBHI_6_S295,102316
15,B_C12_C11_AF_AE_mGAM_mBHI_4_S132,17525,1052319,D_A7_A10_AE_AA_mGAM_mBHI_6_S295,102316
16,B_D7_H10_AE_AF_mGAM_mBHI_2_S139,23123,1353892,D_A7_A10_AE_AA_mGAM_mBHI_6_S295,102316
17,B_D11_D10_AE_AF_mGAM_mBHI_4_S143,20235,1203283,D_A7_A10_AE_AA_mGAM_mBHI_6_S295,102316
18,B_E5_E8_AA_AA_mGAM_mGAM_2_S149,16,946657,D_A7_A10_AE_AA_mGAM_mBHI_6_S295,102316
19,B_E7_E10_AE_AA_mGAM_mGAM_2_S151,18,1444031,D_A7_A10_AE_AA_mGAM_mBHI_6_S295,102316
20,B_E8_E11_AF_AA_mGAM_mGAM_2_S152,17,849793,D_A7_A10_AE_AA_mGAM_mBHI_6_S295,102316
21,B_E11_A10_AE_AA_mGAM_mGAM_4_S155,3,1028220,D_A7_A10_AE_AA_mGAM_mBHI_6_S295,102316
22,B_G1_G2_AA_AE_mBHI_mGAM_2_S169,12,1033473,D_A7_A10_AE_AA_mGAM_mBHI_6_S295,102316
23,B_H5_H8_AA_AF_mGAM_mGAM_2_S185,12,1427983,D_A7_A10_AE_AA_mGAM_mBHI_6_S295,102316
24,C_C5_C8_AA_AE_mGAM_mBHI_6_S221,2,977407,D_A7_A10_AE_AA_mGAM_mBHI_6_S295,102316
25,C_C8_C11_AF_AE_mGAM_mBHI_6_S224,20549,1218207,D_A7_A10_AE_AA_mGAM_mBHI_6_S295,102316
26,C_D5_D8_AA_AF_mGAM_mBHI_6_S233,81,1127572,D_A7_A10_AE_AA_mGAM_mBHI_6_S295,102316
27,C_D7_D10_AE_AF_mGAM_mBHI_6_S235,24068,1404179,D_A7_A10_AE_AA_mGAM_mBHI_6_S295,102316
28,C_E5_A8_AA_AA_mGAM_mGAM_6_S245,34,1431755,D_A7_A10_AE_AA_mGAM_mBHI_6_S295,102316
29,C_E7_A10_AE_AA_mGAM_mGAM_6_S247,2,1413289,D_A7_A10_AE_AA_mGAM_mBHI_6_S295,102316
30,C_E9_E2_AA_AA_mBHI_mGAM_4_S249,1,1403356,D_A7_A10_AE_AA_mGAM_mBHI_6_S295,102316
31,C_E11_E4_AE_AA_mBHI_mGAM_4_S251,0,1422885,D_A7_A10_AE_AA_mGAM_mBHI_6_S295,102316
32,D_A6_A9_ACPP_AA_mGAM_mBHI_6_S294,0,1440130,D_A7_A10_AE_AA_mGAM_mBHI_6_S295,102316
33,D_A7_A10_AE_AA_mGAM_mBHI_6_S295,0,1433602,D_A7_A10_AE_AA_mGAM_mBHI_6_S295,102316
34,D_A8_A11_AF_AA_mGAM_mBHI_6_S296,7,1436671,D_A7_A10_AE_AA_mGAM_mBHI_6_S295,102316
35,D_A9_E8_AA_AA_mGAM_mBHI_4_S297,1,1437286,D_A7_A10_AE_AA_mGAM_mBHI_6_S295,102316
36,D_A12_E11_AF_AA_mGAM_mBHI_4_S300,4,1396823,D_A7_A10_AE_AA_mGAM_mBHI_6_S295,102316
37,D_C8_C11_AF_AE_mGAM_mBHI_6_S320,21828,1292174,D_A7_A10_AE_AA_mGAM_mBHI_6_S295,102316
38,D_C9_G8_AA_AE_mGAM_mBHI_4_S321,0,1110163,D_A7_A10_AE_AA_mGAM_mBHI_6_S295,102316
39,D_C12_G11_AF_AE_mGAM_mBHI_4_S324,22674,1330220,D_A7_A10_AE_AA_mGAM_mBHI_6_S295,102316
40,D_D7_D10_AE_AF_mGAM_mBHI_6_S331,22726,1338259,D_A7_A10_AE_AA_mGAM_mBHI_6_S295,102316
41,D_D11_H10_AE_AF_mGAM_mBHI_4_S335,22324,1308265,D_A7_A10_AE_AA_mGAM_mBHI_6_S295,102316
42,D_E1_A2_AA_AA_mBHI_mGAM_6_S337,1,1436963,D_A7_A10_AE_AA_mGAM_mBHI_6_S295,102316
43,D_E3_A4_AE_AA_mBHI_mGAM_6_S339,0,1417311,D_A7_A10_AE_AA_mGAM_mBHI_6_S295,102316
44,D_E6_A9_ACPP_AA_mGAM_mGAM_6_S342,24,1303681,D_A7_A10_AE_AA_mGAM_mBHI_6_S295,102316
45,D_E7_A10_AE_AA_mGAM_mGAM_6_S343,2,1343749,D_A7_A10_AE_AA_mGAM_mBHI_6_S295,102316
46,D_E9_E8_AA_AA_mGAM_mGAM_4_S345,54,1400809,D_A7_A10_AE_AA_mGAM_mBHI_6_S295,102316
47,D_E11_E10_AE_AA_mGAM_mGAM_4_S347,1,1397326,D_A7_A10_AE_AA_mGAM_mBHI_6_S295,102316
48,D_G1_C2_AA_AE_mBHI_mGAM_6_S361,7,712918,D_A7_A10_AE_AA_mGAM_mBHI_6_S295,102316
49,D_H5_D8_AA_AF_mGAM_mGAM_6_S377,4303,1125549,D_A7_A10_AE_AA_mGAM_mBHI_6_S295,102316
50,D10-e003Coalescence-mBHI-p3,12159,721454,D_A7_A10_AE_AA_mGAM_mBHI_6_S295,102316
51,C2-e003Coalescence-mGAM-p7,73,1453552,D_A7_A10_AE_AA_mGAM_mBHI_6_S295,102316
52,D10-e003Coalescence-mBHI-p5,12051,723373,D_A7_A10_AE_AA_mGAM_mBHI_6_S295,102316
53,D8-e003Coalescence-mBHI-p5,101,795854,D_A7_A10_AE_AA_mGAM_mBHI_6_S295,102316
54,A8-e003Coalescence-mBHI-p7,68,1437763,D_A7_A10_AE_AA_mGAM_mBHI_6_S295,102316
55,A10-e003Coalescence-mGAM-p3,49,960054,D_A7_A10_AE_AA_mGAM_mBHI_6_S295,102316
56,A8-e003Coalescence-mBHI-p5,36,1099058,D_A7_A10_AE_AA_mGAM_mBHI_6_S295,102316
57,A10-e003Coalescence-mBHI-p7,52,1171728,D_A7_A10_AE_AA_mGAM_mBHI_6_S295,102316
58,A2-e003Coalescence-mGAM-p5,51,1119246,D_A7_A10_AE_AA_mGAM_mBHI_6_S295,102316
59,C8-e003Coalescence-mBHI-p5,41,1251387,D_A7_A10_AE_AA_mGAM_mBHI_6_S295,102316
60,A11-e003Coalescence-mBHI-p3,69,1455400,D_A7_A10_AE_AA_mGAM_mBHI_6_S295,102316
61,E2-e003Coalescence-mGAM-p7_S145,5,960650,D_A7_A10_AE_AA_mGAM_mBHI_6_S295,102316
62,E8-e003Coalescence-mBHI-p5_S5,0,1129168,D_A7_A10_AE_AA_mGAM_mBHI_6_S295,102316
63,H111-e003Coalescence-mBHI-p3_S144,20948,1229895,D_A7_A10_AE_AA_mGAM_mBHI_6_S295,102316
64,E100-e003Coalescence-mGAM-p3_S155,1,1310955,D_A7_A10_AE_AA_mGAM_mBHI_6_S295,102316
65,E111-e003Coalescence-mBHI-p5_S8,53,719187,D_A7_A10_AE_AA_mGAM_mBHI_6_S295,102316
66,H100-e003Coalescence-mBHI-p5_S43,17322,1043416,D_A7_A10_AE_AA_mGAM_mBHI_6_S295,102316
67,H8-e003Coalescence-mBHI-p7_S137,28,1241668,D_A7_A10_AE_AA_mGAM_mBHI_6_S295,102316
68,G8-e003Coalescence-mGAM-p5_S77,18,1348310,D_A7_A10_AE_AA_mGAM_mBHI_6_S295,102316
69,H8-e003Coalescence-mBHI-p5_S41,14,797551,D_A7_A10_AE_AA_mGAM_mBHI_6_S295,102316
70,E100-e003Coalescence-mBHI-p5_S7,0,890217,D_A7_A10_AE_AA_mGAM_mBHI_6_S295,102316
71,E100-e003Coalescence-mGAM-p5_S55,1,809705,D_A7_A10_AE_AA_mGAM_mBHI_6_S295,102316
72,H111-e003Coalescence-mBHI-p5_S44,10940,674095,D_A7_A10_AE_AA_mGAM_mBHI_6_S295,102316
73,E2-e003Coalescence-mGAM-p3_S57,1,1046865,D_A7_A10_AE_AA_mGAM_mBHI_6_S295,102316
74,H100-e003Coalescence-mBHI-p7_S139,21551,1277434,D_A7_A10_AE_AA_mGAM_mBHI_6_S295,102316
75,G8-e003Coalescence-mBHI-p5_S29,0,748494,D_A7_A10_AE_AA_mGAM_mBHI_6_S295,102316
76,E8-e003Coalescence-mBHI-p3_S105,6,1300226,D_A7_A10_AE_AA_mGAM_mBHI_6_S295,102316
77,E8-e003Coalescence-mGAM-p7_S149,41,1417361,D_A7_A10_AE_AA_mGAM_mBHI_6_S295,102316
78,H8-e003Coalescence-mGAM-p7_S185,5379,983015,D_A7_A10_AE_AA_mGAM_mBHI_6_S295,102316
79,A2-e003Coalescence-Inoculumn-mGAM,64,766653,D_A7_A10_AE_AA_mGAM_mBHI_6_S295,102316
80,B8-e003Coalescence-mBHI-p1_S749,54,1268450,D_A7_A10_AE_AA_mGAM_mBHI_6_S295,102316
81,A8-e003Coalescence-mBHI-p1_S748,1,1289758,D_A7_A10_AE_AA_mGAM_mBHI_6_S295,102316
82,H8-e003Coalescence-mBHI-p1_S815,14,1218424,D_A7_A10_AE_AA_mGAM_mBHI_6_S295,102316
83,E8-e003Coalescence-mBHI-p1_S812,2,1401516,D_A7_A10_AE_AA_mGAM_mBHI_6_S295,102316
84,G8-e003Coalescence-mGAM-p1_S818,14,827892,D_A7_A10_AE_AA_mGAM_mBHI_6_S295,102316
85,D8-e003Coalescence-mGAM-p1_S755,19,701330,D_A7_A10_AE_AA_mGAM_mBHI_6_S295,102316
86,A9-e003Coalescence-mBHI-p1_S756,58,1437416,D_A7_A10_AE_AA_mGAM_mBHI_6_S295,102316
87,E11-e003Coalescence-mBHI-p1_S836,5,1451168,D_A7_A10_AE_AA_mGAM_mBHI_6_S295,102316
88,A10-e003Coalescence-mBHI-p1_S764,3,1193259,D_A7_A10_AE_AA_mGAM_mBHI_6_S295,102316
89,A11-e003Coalescence-mBHI-p1_S772,14,1248804,D_A7_A10_AE_AA_mGAM_mBHI_6_S295,102316
90,Coalescence-F2-E10-AA-AE-mGAM-mBHI-3_S681,0,1425787,D_A7_A10_AE_AA_mGAM_mBHI_6_S295,102316
91,Coalescence-E8-D11-AF-AF-mGAM-mBHI-3_S675,19021,1135698,D_A7_A10_AE_AA_mGAM_mBHI_6_S295,102316
92,Coalescence-F10-H8-AA-AF-mGAM-mGAM-3_S689,126,1095751,D_A7_A10_AE_AA_mGAM_mBHI_6_S295,102316
93,Coalescence-A10-C11-AE-AF-mGAM-mBHI-7_S629,11424,698926,D_A7_A10_AE_AA_mGAM_mBHI_6_S295,102316
94,C_E2_e003Assembly_S242,28,781119,D_A7_A10_AE_AA_mGAM_mBHI_6_S295,102316
0,A_A5_A8_AA_AA_mGAM_mBHI_2_S5,8,1417316,D_A8_A11_AF_AA_mGAM_mBHI_6_S296,102316
1,A_A8_A11_AF_AA_mGAM_mBHI_2_S8,3,1079879,D_A8_A11_AF_AA_mGAM_mBHI_6_S296,102316
2,A_C5_C8_AA_AE_mGAM_mBHI_2_S29,5,1427638,D_A8_A11_AF_AA_mGAM_mBHI_6_S296,102316
3,A_D5_D8_AA_AF_mGAM_mBHI_2_S41,10,966462,D_A8_A11_AF_AA_mGAM_mBHI_6_S296,102316
4,A_D8_D11_AF_AF_mGAM_mBHI_2_S44,14642,1169381,D_A8_A11_AF_AA_mGAM_mBHI_6_S296,102316
5,A_E5_A8_AA_AA_mGAM_mGAM_2_S53,38,1019189,D_A8_A11_AF_AA_mGAM_mBHI_6_S296,102316
6,A_E9_A2_AA_AA_mBHI_mGAM_4_S57,15,1413231,D_A8_A11_AF_AA_mGAM_mBHI_6_S296,102316
7,A_G1_C2_AA_AE_mBHI_mGAM_2_S73,20,712175,D_A8_A11_AF_AA_mGAM_mBHI_6_S296,102316
8,A_G5_C8_AA_AE_mGAM_mGAM_2_S77,61,1416857,D_A8_A11_AF_AA_mGAM_mBHI_6_S296,102316
9,A_G9_C2_AA_AE_mBHI_mGAM_4_S81,13,1411062,D_A8_A11_AF_AA_mGAM_mBHI_6_S296,102316
10,B_A5_E8_AA_AA_mGAM_mBHI_2_S101,3,1425704,D_A8_A11_AF_AA_mGAM_mBHI_6_S296,102316
11,B_A6_E9_ACPP_AA_mGAM_mBHI_2_S102,23,1117375,D_A8_A11_AF_AA_mGAM_mBHI_6_S296,102316
12,B_A7_E10_AE_AA_mGAM_mBHI_2_S103,3,1427518,D_A8_A11_AF_AA_mGAM_mBHI_6_S296,102316
13,B_A11_A10_AE_AA_mGAM_mBHI_4_S107,4,1383768,D_A8_A11_AF_AA_mGAM_mBHI_6_S296,102316
14,B_A12_A11_AF_AA_mGAM_mBHI_4_S108,1,1434911,D_A8_A11_AF_AA_mGAM_mBHI_6_S296,102316
15,B_C12_C11_AF_AE_mGAM_mBHI_4_S132,13089,1052319,D_A8_A11_AF_AA_mGAM_mBHI_6_S296,102316
16,B_D7_H10_AE_AF_mGAM_mBHI_2_S139,17435,1353892,D_A8_A11_AF_AA_mGAM_mBHI_6_S296,102316
17,B_D11_D10_AE_AF_mGAM_mBHI_4_S143,15196,1203283,D_A8_A11_AF_AA_mGAM_mBHI_6_S296,102316
18,B_E5_E8_AA_AA_mGAM_mGAM_2_S149,28,946657,D_A8_A11_AF_AA_mGAM_mBHI_6_S296,102316
19,B_E7_E10_AE_AA_mGAM_mGAM_2_S151,34,1444031,D_A8_A11_AF_AA_mGAM_mBHI_6_S296,102316
20,B_E8_E11_AF_AA_mGAM_mGAM_2_S152,18,849793,D_A8_A11_AF_AA_mGAM_mBHI_6_S296,102316
21,B_E11_A10_AE_AA_mGAM_mGAM_4_S155,4,1028220,D_A8_A11_AF_AA_mGAM_mBHI_6_S296,102316
22,B_G1_G2_AA_AE_mBHI_mGAM_2_S169,29,1033473,D_A8_A11_AF_AA_mGAM_mBHI_6_S296,102316
23,B_H5_H8_AA_AF_mGAM_mGAM_2_S185,20,1427983,D_A8_A11_AF_AA_mGAM_mBHI_6_S296,102316
24,C_C5_C8_AA_AE_mGAM_mBHI_6_S221,5,977407,D_A8_A11_AF_AA_mGAM_mBHI_6_S296,102316
25,C_C8_C11_AF_AE_mGAM_mBHI_6_S224,15420,1218207,D_A8_A11_AF_AA_mGAM_mBHI_6_S296,102316
26,C_D5_D8_AA_AF_mGAM_mBHI_6_S233,52,1127572,D_A8_A11_AF_AA_mGAM_mBHI_6_S296,102316
27,C_D7_D10_AE_AF_mGAM_mBHI_6_S235,18175,1404179,D_A8_A11_AF_AA_mGAM_mBHI_6_S296,102316
28,C_E5_A8_AA_AA_mGAM_mGAM_6_S245,55,1431755,D_A8_A11_AF_AA_mGAM_mBHI_6_S296,102316
29,C_E7_A10_AE_AA_mGAM_mGAM_6_S247,11,1413289,D_A8_A11_AF_AA_mGAM_mBHI_6_S296,102316
30,C_E9_E2_AA_AA_mBHI_mGAM_4_S249,6,1403356,D_A8_A11_AF_AA_mGAM_mBHI_6_S296,102316
31,C_E11_E4_AE_AA_mBHI_mGAM_4_S251,12,1422885,D_A8_A11_AF_AA_mGAM_mBHI_6_S296,102316
32,D_A6_A9_ACPP_AA_mGAM_mBHI_6_S294,1,1440130,D_A8_A11_AF_AA_mGAM_mBHI_6_S296,102316
33,D_A7_A10_AE_AA_mGAM_mBHI_6_S295,7,1433602,D_A8_A11_AF_AA_mGAM_mBHI_6_S296,102316
34,D_A8_A11_AF_AA_mGAM_mBHI_6_S296,0,1436671,D_A8_A11_AF_AA_mGAM_mBHI_6_S296,102316
35,D_A9_E8_AA_AA_mGAM_mBHI_4_S297,12,1437286,D_A8_A11_AF_AA_mGAM_mBHI_6_S296,102316
36,D_A12_E11_AF_AA_mGAM_mBHI_4_S300,3,1396823,D_A8_A11_AF_AA_mGAM_mBHI_6_S296,102316
37,D_C8_C11_AF_AE_mGAM_mBHI_6_S320,16421,1292174,D_A8_A11_AF_AA_mGAM_mBHI_6_S296,102316
38,D_C9_G8_AA_AE_mGAM_mBHI_4_S321,1,1110163,D_A8_A11_AF_AA_mGAM_mBHI_6_S296,102316
39,D_C12_G11_AF_AE_mGAM_mBHI_4_S324,17111,1330220,D_A8_A11_AF_AA_mGAM_mBHI_6_S296,102316
40,D_D7_D10_AE_AF_mGAM_mBHI_6_S331,17143,1338259,D_A8_A11_AF_AA_mGAM_mBHI_6_S296,102316
41,D_D11_H10_AE_AF_mGAM_mBHI_4_S335,16873,1308265,D_A8_A11_AF_AA_mGAM_mBHI_6_S296,102316
42,D_E1_A2_AA_AA_mBHI_mGAM_6_S337,11,1436963,D_A8_A11_AF_AA_mGAM_mBHI_6_S296,102316
43,D_E3_A4_AE_AA_mBHI_mGAM_6_S339,10,1417311,D_A8_A11_AF_AA_mGAM_mBHI_6_S296,102316
44,D_E6_A9_ACPP_AA_mGAM_mGAM_6_S342,32,1303681,D_A8_A11_AF_AA_mGAM_mBHI_6_S296,102316
45,D_E7_A10_AE_AA_mGAM_mGAM_6_S343,2,1343749,D_A8_A11_AF_AA_mGAM_mBHI_6_S296,102316
46,D_E9_E8_AA_AA_mGAM_mGAM_4_S345,83,1400809,D_A8_A11_AF_AA_mGAM_mBHI_6_S296,102316
47,D_E11_E10_AE_AA_mGAM_mGAM_4_S347,13,1397326,D_A8_A11_AF_AA_mGAM_mBHI_6_S296,102316
48,D_G1_C2_AA_AE_mBHI_mGAM_6_S361,6,712918,D_A8_A11_AF_AA_mGAM_mBHI_6_S296,102316
49,D_H5_D8_AA_AF_mGAM_mGAM_6_S377,3106,1125549,D_A8_A11_AF_AA_mGAM_mBHI_6_S296,102316
50,D10-e003Coalescence-mBHI-p3,9234,721454,D_A8_A11_AF_AA_mGAM_mBHI_6_S296,102316
51,C2-e003Coalescence-mGAM-p7,77,1453552,D_A8_A11_AF_AA_mGAM_mBHI_6_S296,102316
52,D10-e003Coalescence-mBHI-p5,9042,723373,D_A8_A11_AF_AA_mGAM_mBHI_6_S296,102316
53,D8-e003Coalescence-mBHI-p5,74,795854,D_A8_A11_AF_AA_mGAM_mBHI_6_S296,102316
54,A8-e003Coalescence-mBHI-p7,68,1437763,D_A8_A11_AF_AA_mGAM_mBHI_6_S296,102316
55,A10-e003Coalescence-mGAM-p3,50,960054,D_A8_A11_AF_AA_mGAM_mBHI_6_S296,102316
56,A8-e003Coalescence-mBHI-p5,34,1099058,D_A8_A11_AF_AA_mGAM_mBHI_6_S296,102316
57,A10-e003Coalescence-mBHI-p7,54,1171728,D_A8_A11_AF_AA_mGAM_mBHI_6_S296,102316
58,A2-e003Coalescence-mGAM-p5,55,1119246,D_A8_A11_AF_AA_mGAM_mBHI_6_S296,102316
59,C8-e003Coalescence-mBHI-p5,42,1251387,D_A8_A11_AF_AA_mGAM_mBHI_6_S296,102316
60,A11-e003Coalescence-mBHI-p3,67,1455400,D_A8_A11_AF_AA_mGAM_mBHI_6_S296,102316
61,E2-e003Coalescence-mGAM-p7_S145,5,960650,D_A8_A11_AF_AA_mGAM_mBHI_6_S296,102316
62,E8-e003Coalescence-mBHI-p5_S5,10,1129168,D_A8_A11_AF_AA_mGAM_mBHI_6_S296,102316
63,H111-e003Coalescence-mBHI-p3_S144,15758,1229895,D_A8_A11_AF_AA_mGAM_mBHI_6_S296,102316
64,E100-e003Coalescence-mGAM-p3_S155,13,1310955,D_A8_A11_AF_AA_mGAM_mBHI_6_S296,102316
65,E111-e003Coalescence-mBHI-p5_S8,32,719187,D_A8_A11_AF_AA_mGAM_mBHI_6_S296,102316
66,H100-e003Coalescence-mBHI-p5_S43,12867,1043416,D_A8_A11_AF_AA_mGAM_mBHI_6_S296,102316
67,H8-e003Coalescence-mBHI-p7_S137,10,1241668,D_A8_A11_AF_AA_mGAM_mBHI_6_S296,102316
68,G8-e003Coalescence-mGAM-p5_S77,38,1348310,D_A8_A11_AF_AA_mGAM_mBHI_6_S296,102316
69,H8-e003Coalescence-mBHI-p5_S41,1,797551,D_A8_A11_AF_AA_mGAM_mBHI_6_S296,102316
70,E100-e003Coalescence-mBHI-p5_S7,4,890217,D_A8_A11_AF_AA_mGAM_mBHI_6_S296,102316
71,E100-e003Coalescence-mGAM-p5_S55,8,809705,D_A8_A11_AF_AA_mGAM_mBHI_6_S296,102316
72,H111-e003Coalescence-mBHI-p5_S44,8256,674095,D_A8_A11_AF_AA_mGAM_mBHI_6_S296,102316
73,E2-e003Coalescence-mGAM-p3_S57,9,1046865,D_A8_A11_AF_AA_mGAM_mBHI_6_S296,102316
74,H100-e003Coalescence-mBHI-p7_S139,16205,1277434,D_A8_A11_AF_AA_mGAM_mBHI_6_S296,102316
75,G8-e003Coalescence-mBHI-p5_S29,0,748494,D_A8_A11_AF_AA_mGAM_mBHI_6_S296,102316
76,E8-e003Coalescence-mBHI-p3_S105,11,1300226,D_A8_A11_AF_AA_mGAM_mBHI_6_S296,102316
77,E8-e003Coalescence-mGAM-p7_S149,73,1417361,D_A8_A11_AF_AA_mGAM_mBHI_6_S296,102316
78,H8-e003Coalescence-mGAM-p7_S185,3849,983015,D_A8_A11_AF_AA_mGAM_mBHI_6_S296,102316
79,A2-e003Coalescence-Inoculumn-mGAM,78,766653,D_A8_A11_AF_AA_mGAM_mBHI_6_S296,102316
80,B8-e003Coalescence-mBHI-p1_S749,67,1268450,D_A8_A11_AF_AA_mGAM_mBHI_6_S296,102316
81,A8-e003Coalescence-mBHI-p1_S748,5,1289758,D_A8_A11_AF_AA_mGAM_mBHI_6_S296,102316
82,H8-e003Coalescence-mBHI-p1_S815,21,1218424,D_A8_A11_AF_AA_mGAM_mBHI_6_S296,102316
83,E8-e003Coalescence-mBHI-p1_S812,11,1401516,D_A8_A11_AF_AA_mGAM_mBHI_6_S296,102316
84,G8-e003Coalescence-mGAM-p1_S818,21,827892,D_A8_A11_AF_AA_mGAM_mBHI_6_S296,102316
85,D8-e003Coalescence-mGAM-p1_S755,23,701330,D_A8_A11_AF_AA_mGAM_mBHI_6_S296,102316
86,A9-e003Coalescence-mBHI-p1_S756,61,1437416,D_A8_A11_AF_AA_mGAM_mBHI_6_S296,102316
87,E11-e003Coalescence-mBHI-p1_S836,9,1451168,D_A8_A11_AF_AA_mGAM_mBHI_6_S296,102316
88,A10-e003Coalescence-mBHI-p1_S764,2,1193259,D_A8_A11_AF_AA_mGAM_mBHI_6_S296,102316
89,A11-e003Coalescence-mBHI-p1_S772,18,1248804,D_A8_A11_AF_AA_mGAM_mBHI_6_S296,102316
90,Coalescence-F2-E10-AA-AE-mGAM-mBHI-3_S681,11,1425787,D_A8_A11_AF_AA_mGAM_mBHI_6_S296,102316
91,Coalescence-E8-D11-AF-AF-mGAM-mBHI-3_S675,14253,1135698,D_A8_A11_AF_AA_mGAM_mBHI_6_S296,102316
92,Coalescence-F10-H8-AA-AF-mGAM-mGAM-3_S689,90,1095751,D_A8_A11_AF_AA_mGAM_mBHI_6_S296,102316
93,Coalescence-A10-C11-AE-AF-mGAM-mBHI-7_S629,8547,698926,D_A8_A11_AF_AA_mGAM_mBHI_6_S296,102316
94,C_E2_e003Assembly_S242,25,781119,D_A8_A11_AF_AA_mGAM_mBHI_6_S296,102316
0,A_A5_A8_AA_AA_mGAM_mBHI_2_S5,0,1417316,D_A9_E8_AA_AA_mGAM_mBHI_4_S297,102316
1,A_A8_A11_AF_AA_mGAM_mBHI_2_S8,15,1079879,D_A9_E8_AA_AA_mGAM_mBHI_4_S297,102316
2,A_C5_C8_AA_AE_mGAM_mBHI_2_S29,0,1427638,D_A9_E8_AA_AA_mGAM_mBHI_4_S297,102316
3,A_D5_D8_AA_AF_mGAM_mBHI_2_S41,17,966462,D_A9_E8_AA_AA_mGAM_mBHI_4_S297,102316
4,A_D8_D11_AF_AF_mGAM_mBHI_2_S44,19656,1169381,D_A9_E8_AA_AA_mGAM_mBHI_4_S297,102316
5,A_E5_A8_AA_AA_mGAM_mGAM_2_S53,27,1019189,D_A9_E8_AA_AA_mGAM_mBHI_4_S297,102316
6,A_E9_A2_AA_AA_mBHI_mGAM_4_S57,11,1413231,D_A9_E8_AA_AA_mGAM_mBHI_4_S297,102316
7,A_G1_C2_AA_AE_mBHI_mGAM_2_S73,22,712175,D_A9_E8_AA_AA_mGAM_mBHI_4_S297,102316
8,A_G5_C8_AA_AE_mGAM_mGAM_2_S77,40,1416857,D_A9_E8_AA_AA_mGAM_mBHI_4_S297,102316
9,A_G9_C2_AA_AE_mBHI_mGAM_4_S81,6,1411062,D_A9_E8_AA_AA_mGAM_mBHI_4_S297,102316
10,B_A5_E8_AA_AA_mGAM_mBHI_2_S101,0,1425704,D_A9_E8_AA_AA_mGAM_mBHI_4_S297,102316
11,B_A6_E9_ACPP_AA_mGAM_mBHI_2_S102,13,1117375,D_A9_E8_AA_AA_mGAM_mBHI_4_S297,102316
12,B_A7_E10_AE_AA_mGAM_mBHI_2_S103,0,1427518,D_A9_E8_AA_AA_mGAM_mBHI_4_S297,102316
13,B_A11_A10_AE_AA_mGAM_mBHI_4_S107,7,1383768,D_A9_E8_AA_AA_mGAM_mBHI_4_S297,102316
14,B_A12_A11_AF_AA_mGAM_mBHI_4_S108,5,1434911,D_A9_E8_AA_AA_mGAM_mBHI_4_S297,102316
15,B_C12_C11_AF_AE_mGAM_mBHI_4_S132,17543,1052319,D_A9_E8_AA_AA_mGAM_mBHI_4_S297,102316
16,B_D7_H10_AE_AF_mGAM_mBHI_2_S139,23186,1353892,D_A9_E8_AA_AA_mGAM_mBHI_4_S297,102316
17,B_D11_D10_AE_AF_mGAM_mBHI_4_S143,20254,1203283,D_A9_E8_AA_AA_mGAM_mBHI_4_S297,102316
18,B_E5_E8_AA_AA_mGAM_mGAM_2_S149,26,946657,D_A9_E8_AA_AA_mGAM_mBHI_4_S297,102316
19,B_E7_E10_AE_AA_mGAM_mGAM_2_S151,12,1444031,D_A9_E8_AA_AA_mGAM_mBHI_4_S297,102316
20,B_E8_E11_AF_AA_mGAM_mGAM_2_S152,18,849793,D_A9_E8_AA_AA_mGAM_mBHI_4_S297,102316
21,B_E11_A10_AE_AA_mGAM_mGAM_4_S155,2,1028220,D_A9_E8_AA_AA_mGAM_mBHI_4_S297,102316
22,B_G1_G2_AA_AE_mBHI_mGAM_2_S169,23,1033473,D_A9_E8_AA_AA_mGAM_mBHI_4_S297,102316
23,B_H5_H8_AA_AF_mGAM_mGAM_2_S185,16,1427983,D_A9_E8_AA_AA_mGAM_mBHI_4_S297,102316
24,C_C5_C8_AA_AE_mGAM_mBHI_6_S221,2,977407,D_A9_E8_AA_AA_mGAM_mBHI_4_S297,102316
25,C_C8_C11_AF_AE_mGAM_mBHI_6_S224,20622,1218207,D_A9_E8_AA_AA_mGAM_mBHI_4_S297,102316
26,C_D5_D8_AA_AF_mGAM_mBHI_6_S233,102,1127572,D_A9_E8_AA_AA_mGAM_mBHI_4_S297,102316
27,C_D7_D10_AE_AF_mGAM_mBHI_6_S235,24092,1404179,D_A9_E8_AA_AA_mGAM_mBHI_4_S297,102316
28,C_E5_A8_AA_AA_mGAM_mGAM_6_S245,31,1431755,D_A9_E8_AA_AA_mGAM_mBHI_4_S297,102316
29,C_E7_A10_AE_AA_mGAM_mGAM_6_S247,2,1413289,D_A9_E8_AA_AA_mGAM_mBHI_4_S297,102316
30,C_E9_E2_AA_AA_mBHI_mGAM_4_S249,10,1403356,D_A9_E8_AA_AA_mGAM_mBHI_4_S297,102316
31,C_E11_E4_AE_AA_mBHI_mGAM_4_S251,11,1422885,D_A9_E8_AA_AA_mGAM_mBHI_4_S297,102316
32,D_A6_A9_ACPP_AA_mGAM_mBHI_6_S294,3,1440130,D_A9_E8_AA_AA_mGAM_mBHI_4_S297,102316
33,D_A7_A10_AE_AA_mGAM_mBHI_6_S295,1,1433602,D_A9_E8_AA_AA_mGAM_mBHI_4_S297,102316
34,D_A8_A11_AF_AA_mGAM_mBHI_6_S296,12,1436671,D_A9_E8_AA_AA_mGAM_mBHI_4_S297,102316
35,D_A9_E8_AA_AA_mGAM_mBHI_4_S297,0,1437286,D_A9_E8_AA_AA_mGAM_mBHI_4_S297,102316
36,D_A12_E11_AF_AA_mGAM_mBHI_4_S300,14,1396823,D_A9_E8_AA_AA_mGAM_mBHI_4_S297,102316
37,D_C8_C11_AF_AE_mGAM_mBHI_6_S320,21879,1292174,D_A9_E8_AA_AA_mGAM_mBHI_4_S297,102316
38,D_C9_G8_AA_AE_mGAM_mBHI_4_S321,1,1110163,D_A9_E8_AA_AA_mGAM_mBHI_4_S297,102316
39,D_C12_G11_AF_AE_mGAM_mBHI_4_S324,22705,1330220,D_A9_E8_AA_AA_mGAM_mBHI_4_S297,102316
40,D_D7_D10_AE_AF_mGAM_mBHI_6_S331,22782,1338259,D_A9_E8_AA_AA_mGAM_mBHI_4_S297,102316
41,D_D11_H10_AE_AF_mGAM_mBHI_4_S335,22380,1308265,D_A9_E8_AA_AA_mGAM_mBHI_4_S297,102316
42,D_E1_A2_AA_AA_mBHI_mGAM_6_S337,8,1436963,D_A9_E8_AA_AA_mGAM_mBHI_4_S297,102316
43,D_E3_A4_AE_AA_mBHI_mGAM_6_S339,12,1417311,D_A9_E8_AA_AA_mGAM_mBHI_4_S297,102316
44,D_E6_A9_ACPP_AA_mGAM_mGAM_6_S342,6,1303681,D_A9_E8_AA_AA_mGAM_mBHI_4_S297,102316
45,D_E7_A10_AE_AA_mGAM_mGAM_6_S343,7,1343749,D_A9_E8_AA_AA_mGAM_mBHI_4_S297,102316
46,D_E9_E8_AA_AA_mGAM_mGAM_4_S345,60,1400809,D_A9_E8_AA_AA_mGAM_mBHI_4_S297,102316
47,D_E11_E10_AE_AA_mGAM_mGAM_4_S347,4,1397326,D_A9_E8_AA_AA_mGAM_mBHI_4_S297,102316
48,D_G1_C2_AA_AE_mBHI_mGAM_6_S361,11,712918,D_A9_E8_AA_AA_mGAM_mBHI_4_S297,102316
49,D_H5_D8_AA_AF_mGAM_mGAM_6_S377,4325,1125549,D_A9_E8_AA_AA_mGAM_mBHI_4_S297,102316
50,D10-e003Coalescence-mBHI-p3,12232,721454,D_A9_E8_AA_AA_mGAM_mBHI_4_S297,102316
51,C2-e003Coalescence-mGAM-p7,70,1453552,D_A9_E8_AA_AA_mGAM_mBHI_4_S297,102316
52,D10-e003Coalescence-mBHI-p5,12090,723373,D_A9_E8_AA_AA_mGAM_mBHI_4_S297,102316
53,D8-e003Coalescence-mBHI-p5,117,795854,D_A9_E8_AA_AA_mGAM_mBHI_4_S297,102316
54,A8-e003Coalescence-mBHI-p7,65,1437763,D_A9_E8_AA_AA_mGAM_mBHI_4_S297,102316
55,A10-e003Coalescence-mGAM-p3,40,960054,D_A9_E8_AA_AA_mGAM_mBHI_4_S297,102316
56,A8-e003Coalescence-mBHI-p5,33,1099058,D_A9_E8_AA_AA_mGAM_mBHI_4_S297,102316
57,A10-e003Coalescence-mBHI-p7,55,1171728,D_A9_E8_AA_AA_mGAM_mBHI_4_S297,102316
58,A2-e003Coalescence-mGAM-p5,45,1119246,D_A9_E8_AA_AA_mGAM_mBHI_4_S297,102316
59,C8-e003Coalescence-mBHI-p5,39,1251387,D_A9_E8_AA_AA_mGAM_mBHI_4_S297,102316
60,A11-e003Coalescence-mBHI-p3,81,1455400,D_A9_E8_AA_AA_mGAM_mBHI_4_S297,102316
61,E2-e003Coalescence-mGAM-p7_S145,8,960650,D_A9_E8_AA_AA_mGAM_mBHI_4_S297,102316
62,E8-e003Coalescence-mBHI-p5_S5,1,1129168,D_A9_E8_AA_AA_mGAM_mBHI_4_S297,102316
63,H111-e003Coalescence-mBHI-p3_S144,21032,1229895,D_A9_E8_AA_AA_mGAM_mBHI_4_S297,102316
64,E100-e003Coalescence-mGAM-p3_S155,11,1310955,D_A9_E8_AA_AA_mGAM_mBHI_4_S297,102316
65,E111-e003Coalescence-mBHI-p5_S8,51,719187,D_A9_E8_AA_AA_mGAM_mBHI_4_S297,102316
66,H100-e003Coalescence-mBHI-p5_S43,17355,1043416,D_A9_E8_AA_AA_mGAM_mBHI_4_S297,102316
67,H8-e003Coalescence-mBHI-p7_S137,18,1241668,D_A9_E8_AA_AA_mGAM_mBHI_4_S297,102316
68,G8-e003Coalescence-mGAM-p5_S77,20,1348310,D_A9_E8_AA_AA_mGAM_mBHI_4_S297,102316
69,H8-e003Coalescence-mBHI-p5_S41,15,797551,D_A9_E8_AA_AA_mGAM_mBHI_4_S297,102316
70,E100-e003Coalescence-mBHI-p5_S7,1,890217,D_A9_E8_AA_AA_mGAM_mBHI_4_S297,102316
71,E100-e003Coalescence-mGAM-p5_S55,1,809705,D_A9_E8_AA_AA_mGAM_mBHI_4_S297,102316
72,H111-e003Coalescence-mBHI-p5_S44,10941,674095,D_A9_E8_AA_AA_mGAM_mBHI_4_S297,102316
73,E2-e003Coalescence-mGAM-p3_S57,5,1046865,D_A9_E8_AA_AA_mGAM_mBHI_4_S297,102316
74,H100-e003Coalescence-mBHI-p7_S139,21582,1277434,D_A9_E8_AA_AA_mGAM_mBHI_4_S297,102316
75,G8-e003Coalescence-mBHI-p5_S29,0,748494,D_A9_E8_AA_AA_mGAM_mBHI_4_S297,102316
76,E8-e003Coalescence-mBHI-p3_S105,2,1300226,D_A9_E8_AA_AA_mGAM_mBHI_4_S297,102316
77,E8-e003Coalescence-mGAM-p7_S149,38,1417361,D_A9_E8_AA_AA_mGAM_mBHI_4_S297,102316
78,H8-e003Coalescence-mGAM-p7_S185,5383,983015,D_A9_E8_AA_AA_mGAM_mBHI_4_S297,102316
79,A2-e003Coalescence-Inoculumn-mGAM,59,766653,D_A9_E8_AA_AA_mGAM_mBHI_4_S297,102316
80,B8-e003Coalescence-mBHI-p1_S749,55,1268450,D_A9_E8_AA_AA_mGAM_mBHI_4_S297,102316
81,A8-e003Coalescence-mBHI-p1_S748,0,1289758,D_A9_E8_AA_AA_mGAM_mBHI_4_S297,102316
82,H8-e003Coalescence-mBHI-p1_S815,24,1218424,D_A9_E8_AA_AA_mGAM_mBHI_4_S297,102316
83,E8-e003Coalescence-mBHI-p1_S812,1,1401516,D_A9_E8_AA_AA_mGAM_mBHI_4_S297,102316
84,G8-e003Coalescence-mGAM-p1_S818,15,827892,D_A9_E8_AA_AA_mGAM_mBHI_4_S297,102316
85,D8-e003Coalescence-mGAM-p1_S755,28,701330,D_A9_E8_AA_AA_mGAM_mBHI_4_S297,102316
86,A9-e003Coalescence-mBHI-p1_S756,56,1437416,D_A9_E8_AA_AA_mGAM_mBHI_4_S297,102316
87,E11-e003Coalescence-mBHI-p1_S836,6,1451168,D_A9_E8_AA_AA_mGAM_mBHI_4_S297,102316
88,A10-e003Coalescence-mBHI-p1_S764,0,1193259,D_A9_E8_AA_AA_mGAM_mBHI_4_S297,102316
89,A11-e003Coalescence-mBHI-p1_S772,14,1248804,D_A9_E8_AA_AA_mGAM_mBHI_4_S297,102316
90,Coalescence-F2-E10-AA-AE-mGAM-mBHI-3_S681,1,1425787,D_A9_E8_AA_AA_mGAM_mBHI_4_S297,102316
91,Coalescence-E8-D11-AF-AF-mGAM-mBHI-3_S675,19048,1135698,D_A9_E8_AA_AA_mGAM_mBHI_4_S297,102316
92,Coalescence-F10-H8-AA-AF-mGAM-mGAM-3_S689,124,1095751,D_A9_E8_AA_AA_mGAM_mBHI_4_S297,102316
93,Coalescence-A10-C11-AE-AF-mGAM-mBHI-7_S629,11482,698926,D_A9_E8_AA_AA_mGAM_mBHI_4_S297,102316
94,C_E2_e003Assembly_S242,20,781119,D_A9_E8_AA_AA_mGAM_mBHI_4_S297,102316
0,A_A5_A8_AA_AA_mGAM_mBHI_2_S5,16,1417316,D_A12_E11_AF_AA_mGAM_mBHI_4_S300,102316
1,A_A8_A11_AF_AA_mGAM_mBHI_2_S8,4,1079879,D_A12_E11_AF_AA_mGAM_mBHI_4_S300,102316
2,A_C5_C8_AA_AE_mGAM_mBHI_2_S29,4,1427638,D_A12_E11_AF_AA_mGAM_mBHI_4_S300,102316
3,A_D5_D8_AA_AF_mGAM_mBHI_2_S41,14,966462,D_A12_E11_AF_AA_mGAM_mBHI_4_S300,102316
4,A_D8_D11_AF_AF_mGAM_mBHI_2_S44,15549,1169381,D_A12_E11_AF_AA_mGAM_mBHI_4_S300,102316
5,A_E5_A8_AA_AA_mGAM_mGAM_2_S53,35,1019189,D_A12_E11_AF_AA_mGAM_mBHI_4_S300,102316
6,A_E9_A2_AA_AA_mBHI_mGAM_4_S57,34,1413231,D_A12_E11_AF_AA_mGAM_mBHI_4_S300,102316
7,A_G1_C2_AA_AE_mBHI_mGAM_2_S73,20,712175,D_A12_E11_AF_AA_mGAM_mBHI_4_S300,102316
8,A_G5_C8_AA_AE_mGAM_mGAM_2_S77,62,1416857,D_A12_E11_AF_AA_mGAM_mBHI_4_S300,102316
9,A_G9_C2_AA_AE_mBHI_mGAM_4_S81,12,1411062,D_A12_E11_AF_AA_mGAM_mBHI_4_S300,102316
10,B_A5_E8_AA_AA_mGAM_mBHI_2_S101,6,1425704,D_A12_E11_AF_AA_mGAM_mBHI_4_S300,102316
11,B_A6_E9_ACPP_AA_mGAM_mBHI_2_S102,24,1117375,D_A12_E11_AF_AA_mGAM_mBHI_4_S300,102316
12,B_A7_E10_AE_AA_mGAM_mBHI_2_S103,3,1427518,D_A12_E11_AF_AA_mGAM_mBHI_4_S300,102316
13,B_A11_A10_AE_AA_mGAM_mBHI_4_S107,11,1383768,D_A12_E11_AF_AA_mGAM_mBHI_4_S300,102316
14,B_A12_A11_AF_AA_mGAM_mBHI_4_S108,9,1434911,D_A12_E11_AF_AA_mGAM_mBHI_4_S300,102316
15,B_C12_C11_AF_AE_mGAM_mBHI_4_S132,13886,1052319,D_A12_E11_AF_AA_mGAM_mBHI_4_S300,102316
16,B_D7_H10_AE_AF_mGAM_mBHI_2_S139,18293,1353892,D_A12_E11_AF_AA_mGAM_mBHI_4_S300,102316
17,B_D11_D10_AE_AF_mGAM_mBHI_4_S143,15940,1203283,D_A12_E11_AF_AA_mGAM_mBHI_4_S300,102316
18,B_E5_E8_AA_AA_mGAM_mGAM_2_S149,25,946657,D_A12_E11_AF_AA_mGAM_mBHI_4_S300,102316
19,B_E7_E10_AE_AA_mGAM_mGAM_2_S151,41,1444031,D_A12_E11_AF_AA_mGAM_mBHI_4_S300,102316
20,B_E8_E11_AF_AA_mGAM_mGAM_2_S152,23,849793,D_A12_E11_AF_AA_mGAM_mBHI_4_S300,102316
21,B_E11_A10_AE_AA_mGAM_mGAM_4_S155,3,1028220,D_A12_E11_AF_AA_mGAM_mBHI_4_S300,102316
22,B_G1_G2_AA_AE_mBHI_mGAM_2_S169,23,1033473,D_A12_E11_AF_AA_mGAM_mBHI_4_S300,102316
23,B_H5_H8_AA_AF_mGAM_mGAM_2_S185,11,1427983,D_A12_E11_AF_AA_mGAM_mBHI_4_S300,102316
24,C_C5_C8_AA_AE_mGAM_mBHI_6_S221,2,977407,D_A12_E11_AF_AA_mGAM_mBHI_4_S300,102316
25,C_C8_C11_AF_AE_mGAM_mBHI_6_S224,16253,1218207,D_A12_E11_AF_AA_mGAM_mBHI_4_S300,102316
26,C_D5_D8_AA_AF_mGAM_mBHI_6_S233,63,1127572,D_A12_E11_AF_AA_mGAM_mBHI_4_S300,102316
27,C_D7_D10_AE_AF_mGAM_mBHI_6_S235,19026,1404179,D_A12_E11_AF_AA_mGAM_mBHI_4_S300,102316
28,C_E5_A8_AA_AA_mGAM_mGAM_6_S245,50,1431755,D_A12_E11_AF_AA_mGAM_mBHI_4_S300,102316
29,C_E7_A10_AE_AA_mGAM_mGAM_6_S247,14,1413289,D_A12_E11_AF_AA_mGAM_mBHI_4_S300,102316
30,C_E9_E2_AA_AA_mBHI_mGAM_4_S249,8,1403356,D_A12_E11_AF_AA_mGAM_mBHI_4_S300,102316
31,C_E11_E4_AE_AA_mBHI_mGAM_4_S251,10,1422885,D_A12_E11_AF_AA_mGAM_mBHI_4_S300,102316
32,D_A6_A9_ACPP_AA_mGAM_mBHI_6_S294,6,1440130,D_A12_E11_AF_AA_mGAM_mBHI_4_S300,102316
33,D_A7_A10_AE_AA_mGAM_mBHI_6_S295,4,1433602,D_A12_E11_AF_AA_mGAM_mBHI_4_S300,102316
34,D_A8_A11_AF_AA_mGAM_mBHI_6_S296,3,1436671,D_A12_E11_AF_AA_mGAM_mBHI_4_S300,102316
35,D_A9_E8_AA_AA_mGAM_mBHI_4_S297,14,1437286,D_A12_E11_AF_AA_mGAM_mBHI_4_S300,102316
36,D_A12_E11_AF_AA_mGAM_mBHI_4_S300,0,1396823,D_A12_E11_AF_AA_mGAM_mBHI_4_S300,102316
37,D_C8_C11_AF_AE_mGAM_mBHI_6_S320,17211,1292174,D_A12_E11_AF_AA_mGAM_mBHI_4_S300,102316
38,D_C9_G8_AA_AE_mGAM_mBHI_4_S321,3,1110163,D_A12_E11_AF_AA_mGAM_mBHI_4_S300,102316
39,D_C12_G11_AF_AE_mGAM_mBHI_4_S324,17968,1330220,D_A12_E11_AF_AA_mGAM_mBHI_4_S300,102316
40,D_D7_D10_AE_AF_mGAM_mBHI_6_S331,18032,1338259,D_A12_E11_AF_AA_mGAM_mBHI_4_S300,102316
41,D_D11_H10_AE_AF_mGAM_mBHI_4_S335,17691,1308265,D_A12_E11_AF_AA_mGAM_mBHI_4_S300,102316
42,D_E1_A2_AA_AA_mBHI_mGAM_6_S337,14,1436963,D_A12_E11_AF_AA_mGAM_mBHI_4_S300,102316
43,D_E3_A4_AE_AA_mBHI_mGAM_6_S339,6,1417311,D_A12_E11_AF_AA_mGAM_mBHI_4_S300,102316
44,D_E6_A9_ACPP_AA_mGAM_mGAM_6_S342,28,1303681,D_A12_E11_AF_AA_mGAM_mBHI_4_S300,102316
45,D_E7_A10_AE_AA_mGAM_mGAM_6_S343,7,1343749,D_A12_E11_AF_AA_mGAM_mBHI_4_S300,102316
46,D_E9_E8_AA_AA_mGAM_mGAM_4_S345,75,1400809,D_A12_E11_AF_AA_mGAM_mBHI_4_S300,102316
47,D_E11_E10_AE_AA_mGAM_mGAM_4_S347,12,1397326,D_A12_E11_AF_AA_mGAM_mBHI_4_S300,102316
48,D_G1_C2_AA_AE_mBHI_mGAM_6_S361,9,712918,D_A12_E11_AF_AA_mGAM_mBHI_4_S300,102316
49,D_H5_D8_AA_AF_mGAM_mGAM_6_S377,3243,1125549,D_A12_E11_AF_AA_mGAM_mBHI_4_S300,102316
50,D10-e003Coalescence-mBHI-p3,9748,721454,D_A12_E11_AF_AA_mGAM_mBHI_4_S300,102316
51,C2-e003Coalescence-mGAM-p7,72,1453552,D_A12_E11_AF_AA_mGAM_mBHI_4_S300,102316
52,D10-e003Coalescence-mBHI-p5,9523,723373,D_A12_E11_AF_AA_mGAM_mBHI_4_S300,102316
53,D8-e003Coalescence-mBHI-p5,84,795854,D_A12_E11_AF_AA_mGAM_mBHI_4_S300,102316
54,A8-e003Coalescence-mBHI-p7,71,1437763,D_A12_E11_AF_AA_mGAM_mBHI_4_S300,102316
55,A10-e003Coalescence-mGAM-p3,46,960054,D_A12_E11_AF_AA_mGAM_mBHI_4_S300,102316
56,A8-e003Coalescence-mBHI-p5,25,1099058,D_A12_E11_AF_AA_mGAM_mBHI_4_S300,102316
57,A10-e003Coalescence-mBHI-p7,53,1171728,D_A12_E11_AF_AA_mGAM_mBHI_4_S300,102316
58,A2-e003Coalescence-mGAM-p5,51,1119246,D_A12_E11_AF_AA_mGAM_mBHI_4_S300,102316
59,C8-e003Coalescence-mBHI-p5,44,1251387,D_A12_E11_AF_AA_mGAM_mBHI_4_S300,102316
60,A11-e003Coalescence-mBHI-p3,66,1455400,D_A12_E11_AF_AA_mGAM_mBHI_4_S300,102316
61,E2-e003Coalescence-mGAM-p7_S145,10,960650,D_A12_E11_AF_AA_mGAM_mBHI_4_S300,102316
62,E8-e003Coalescence-mBHI-p5_S5,10,1129168,D_A12_E11_AF_AA_mGAM_mBHI_4_S300,102316
63,H111-e003Coalescence-mBHI-p3_S144,16561,1229895,D_A12_E11_AF_AA_mGAM_mBHI_4_S300,102316
64,E100-e003Coalescence-mGAM-p3_S155,22,1310955,D_A12_E11_AF_AA_mGAM_mBHI_4_S300,102316
65,E111-e003Coalescence-mBHI-p5_S8,35,719187,D_A12_E11_AF_AA_mGAM_mBHI_4_S300,102316
66,H100-e003Coalescence-mBHI-p5_S43,13550,1043416,D_A12_E11_AF_AA_mGAM_mBHI_4_S300,102316
67,H8-e003Coalescence-mBHI-p7_S137,6,1241668,D_A12_E11_AF_AA_mGAM_mBHI_4_S300,102316
68,G8-e003Coalescence-mGAM-p5_S77,45,1348310,D_A12_E11_AF_AA_mGAM_mBHI_4_S300,102316
69,H8-e003Coalescence-mBHI-p5_S41,3,797551,D_A12_E11_AF_AA_mGAM_mBHI_4_S300,102316
70,E100-e003Coalescence-mBHI-p5_S7,6,890217,D_A12_E11_AF_AA_mGAM_mBHI_4_S300,102316
71,E100-e003Coalescence-mGAM-p5_S55,5,809705,D_A12_E11_AF_AA_mGAM_mBHI_4_S300,102316
72,H111-e003Coalescence-mBHI-p5_S44,8632,674095,D_A12_E11_AF_AA_mGAM_mBHI_4_S300,102316
73,E2-e003Coalescence-mGAM-p3_S57,14,1046865,D_A12_E11_AF_AA_mGAM_mBHI_4_S300,102316
74,H100-e003Coalescence-mBHI-p7_S139,17001,1277434,D_A12_E11_AF_AA_mGAM_mBHI_4_S300,102316
75,G8-e003Coalescence-mBHI-p5_S29,9,748494,D_A12_E11_AF_AA_mGAM_mBHI_4_S300,102316
76,E8-e003Coalescence-mBHI-p3_S105,9,1300226,D_A12_E11_AF_AA_mGAM_mBHI_4_S300,102316
77,E8-e003Coalescence-mGAM-p7_S149,63,1417361,D_A12_E11_AF_AA_mGAM_mBHI_4_S300,102316
78,H8-e003Coalescence-mGAM-p7_S185,4217,983015,D_A12_E11_AF_AA_mGAM_mBHI_4_S300,102316
79,A2-e003Coalescence-Inoculumn-mGAM,67,766653,D_A12_E11_AF_AA_mGAM_mBHI_4_S300,102316
80,B8-e003Coalescence-mBHI-p1_S749,60,1268450,D_A12_E11_AF_AA_mGAM_mBHI_4_S300,102316
81,A8-e003Coalescence-mBHI-p1_S748,8,1289758,D_A12_E11_AF_AA_mGAM_mBHI_4_S300,102316
82,H8-e003Coalescence-mBHI-p1_S815,25,1218424,D_A12_E11_AF_AA_mGAM_mBHI_4_S300,102316
83,E8-e003Coalescence-mBHI-p1_S812,12,1401516,D_A12_E11_AF_AA_mGAM_mBHI_4_S300,102316
84,G8-e003Coalescence-mGAM-p1_S818,28,827892,D_A12_E11_AF_AA_mGAM_mBHI_4_S300,102316
85,D8-e003Coalescence-mGAM-p1_S755,20,701330,D_A12_E11_AF_AA_mGAM_mBHI_4_S300,102316
86,A9-e003Coalescence-mBHI-p1_S756,67,1437416,D_A12_E11_AF_AA_mGAM_mBHI_4_S300,102316
87,E11-e003Coalescence-mBHI-p1_S836,17,1451168,D_A12_E11_AF_AA_mGAM_mBHI_4_S300,102316
88,A10-e003Coalescence-mBHI-p1_S764,8,1193259,D_A12_E11_AF_AA_mGAM_mBHI_4_S300,102316
89,A11-e003Coalescence-mBHI-p1_S772,18,1248804,D_A12_E11_AF_AA_mGAM_mBHI_4_S300,102316
90,Coalescence-F2-E10-AA-AE-mGAM-mBHI-3_S681,12,1425787,D_A12_E11_AF_AA_mGAM_mBHI_4_S300,102316
91,Coalescence-E8-D11-AF-AF-mGAM-mBHI-3_S675,14981,1135698,D_A12_E11_AF_AA_mGAM_mBHI_4_S300,102316
92,Coalescence-F10-H8-AA-AF-mGAM-mGAM-3_S689,75,1095751,D_A12_E11_AF_AA_mGAM_mBHI_4_S300,102316
93,Coalescence-A10-C11-AE-AF-mGAM-mBHI-7_S629,9121,698926,D_A12_E11_AF_AA_mGAM_mBHI_4_S300,102316
94,C_E2_e003Assembly_S242,24,781119,D_A12_E11_AF_AA_mGAM_mBHI_4_S300,102316
0,A_A5_A8_AA_AA_mGAM_mBHI_2_S5,21529,1417316,D_C8_C11_AF_AE_mGAM_mBHI_6_S320,102316
1,A_A8_A11_AF_AA_mGAM_mBHI_2_S8,13488,1079879,D_C8_C11_AF_AE_mGAM_mBHI_6_S320,102316
2,A_C5_C8_AA_AE_mGAM_mBHI_2_S29,21556,1427638,D_C8_C11_AF_AE_mGAM_mBHI_6_S320,102316
3,A_D5_D8_AA_AF_mGAM_mBHI_2_S41,10175,966462,D_C8_C11_AF_AE_mGAM_mBHI_6_S320,102316
4,A_D8_D11_AF_AF_mGAM_mBHI_2_S44,6,1169381,D_C8_C11_AF_AE_mGAM_mBHI_6_S320,102316
5,A_E5_A8_AA_AA_mGAM_mGAM_2_S53,15152,1019189,D_C8_C11_AF_AE_mGAM_mBHI_6_S320,102316
6,A_E9_A2_AA_AA_mBHI_mGAM_4_S57,21390,1413231,D_C8_C11_AF_AE_mGAM_mBHI_6_S320,102316
7,A_G1_C2_AA_AE_mBHI_mGAM_2_S73,10348,712175,D_C8_C11_AF_AE_mGAM_mBHI_6_S320,102316
8,A_G5_C8_AA_AE_mGAM_mGAM_2_S77,21365,1416857,D_C8_C11_AF_AE_mGAM_mBHI_6_S320,102316
9,A_G9_C2_AA_AE_mBHI_mGAM_4_S81,21048,1411062,D_C8_C11_AF_AE_mGAM_mBHI_6_S320,102316
10,B_A5_E8_AA_AA_mGAM_mBHI_2_S101,21574,1425704,D_C8_C11_AF_AE_mGAM_mBHI_6_S320,102316
11,B_A6_E9_ACPP_AA_mGAM_mBHI_2_S102,16699,1117375,D_C8_C11_AF_AE_mGAM_mBHI_6_S320,102316
12,B_A7_E10_AE_AA_mGAM_mBHI_2_S103,21729,1427518,D_C8_C11_AF_AE_mGAM_mBHI_6_S320,102316
13,B_A11_A10_AE_AA_mGAM_mBHI_4_S107,20956,1383768,D_C8_C11_AF_AE_mGAM_mBHI_6_S320,102316
14,B_A12_A11_AF_AA_mGAM_mBHI_4_S108,18294,1434911,D_C8_C11_AF_AE_mGAM_mBHI_6_S320,102316
15,B_C12_C11_AF_AE_mGAM_mBHI_4_S132,1,1052319,D_C8_C11_AF_AE_mGAM_mBHI_6_S320,102316
16,B_D7_H10_AE_AF_mGAM_mBHI_2_S139,9,1353892,D_C8_C11_AF_AE_mGAM_mBHI_6_S320,102316
17,B_D11_D10_AE_AF_mGAM_mBHI_4_S143,1,1203283,D_C8_C11_AF_AE_mGAM_mBHI_6_S320,102316
18,B_E5_E8_AA_AA_mGAM_mGAM_2_S149,13744,946657,D_C8_C11_AF_AE_mGAM_mBHI_6_S320,102316
19,B_E7_E10_AE_AA_mGAM_mGAM_2_S151,21822,1444031,D_C8_C11_AF_AE_mGAM_mBHI_6_S320,102316
20,B_E8_E11_AF_AA_mGAM_mGAM_2_S152,10561,849793,D_C8_C11_AF_AE_mGAM_mBHI_6_S320,102316
21,B_E11_A10_AE_AA_mGAM_mGAM_4_S155,15221,1028220,D_C8_C11_AF_AE_mGAM_mBHI_6_S320,102316
22,B_G1_G2_AA_AE_mBHI_mGAM_2_S169,15272,1033473,D_C8_C11_AF_AE_mGAM_mBHI_6_S320,102316
23,B_H5_H8_AA_AF_mGAM_mGAM_2_S185,16510,1427983,D_C8_C11_AF_AE_mGAM_mBHI_6_S320,102316
24,C_C5_C8_AA_AE_mGAM_mBHI_6_S221,14519,977407,D_C8_C11_AF_AE_mGAM_mBHI_6_S320,102316
25,C_C8_C11_AF_AE_mGAM_mBHI_6_S224,2,1218207,D_C8_C11_AF_AE_mGAM_mBHI_6_S320,102316
26,C_D5_D8_AA_AF_mGAM_mBHI_6_S233,9893,1127572,D_C8_C11_AF_AE_mGAM_mBHI_6_S320,102316
27,C_D7_D10_AE_AF_mGAM_mBHI_6_S235,0,1404179,D_C8_C11_AF_AE_mGAM_mBHI_6_S320,102316
28,C_E5_A8_AA_AA_mGAM_mGAM_6_S245,21621,1431755,D_C8_C11_AF_AE_mGAM_mBHI_6_S320,102316
29,C_E7_A10_AE_AA_mGAM_mGAM_6_S247,21427,1413289,D_C8_C11_AF_AE_mGAM_mBHI_6_S320,102316
30,C_E9_E2_AA_AA_mBHI_mGAM_4_S249,21167,1403356,D_C8_C11_AF_AE_mGAM_mBHI_6_S320,102316
31,C_E11_E4_AE_AA_mBHI_mGAM_4_S251,21395,1422885,D_C8_C11_AF_AE_mGAM_mBHI_6_S320,102316
32,D_A6_A9_ACPP_AA_mGAM_mBHI_6_S294,21835,1440130,D_C8_C11_AF_AE_mGAM_mBHI_6_S320,102316
33,D_A7_A10_AE_AA_mGAM_mBHI_6_S295,21828,1433602,D_C8_C11_AF_AE_mGAM_mBHI_6_S320,102316
34,D_A8_A11_AF_AA_mGAM_mBHI_6_S296,16421,1436671,D_C8_C11_AF_AE_mGAM_mBHI_6_S320,102316
35,D_A9_E8_AA_AA_mGAM_mBHI_4_S297,21879,1437286,D_C8_C11_AF_AE_mGAM_mBHI_6_S320,102316
36,D_A12_E11_AF_AA_mGAM_mBHI_4_S300,17211,1396823,D_C8_C11_AF_AE_mGAM_mBHI_6_S320,102316
37,D_C8_C11_AF_AE_mGAM_mBHI_6_S320,0,1292174,D_C8_C11_AF_AE_mGAM_mBHI_6_S320,102316
38,D_C9_G8_AA_AE_mGAM_mBHI_4_S321,16509,1110163,D_C8_C11_AF_AE_mGAM_mBHI_6_S320,102316
39,D_C12_G11_AF_AE_mGAM_mBHI_4_S324,0,1330220,D_C8_C11_AF_AE_mGAM_mBHI_6_S320,102316
40,D_D7_D10_AE_AF_mGAM_mBHI_6_S331,0,1338259,D_C8_C11_AF_AE_mGAM_mBHI_6_S320,102316
41,D_D11_H10_AE_AF_mGAM_mBHI_4_S335,3,1308265,D_C8_C11_AF_AE_mGAM_mBHI_6_S320,102316
42,D_E1_A2_AA_AA_mBHI_mGAM_6_S337,21682,1436963,D_C8_C11_AF_AE_mGAM_mBHI_6_S320,102316
43,D_E3_A4_AE_AA_mBHI_mGAM_6_S339,21371,1417311,D_C8_C11_AF_AE_mGAM_mBHI_6_S320,102316
44,D_E6_A9_ACPP_AA_mGAM_mGAM_6_S342,19629,1303681,D_C8_C11_AF_AE_mGAM_mBHI_6_S320,102316
45,D_E7_A10_AE_AA_mGAM_mGAM_6_S343,20363,1343749,D_C8_C11_AF_AE_mGAM_mBHI_6_S320,102316
46,D_E9_E8_AA_AA_mGAM_mGAM_4_S345,21324,1400809,D_C8_C11_AF_AE_mGAM_mBHI_6_S320,102316
47,D_E11_E10_AE_AA_mGAM_mGAM_4_S347,21304,1397326,D_C8_C11_AF_AE_mGAM_mBHI_6_S320,102316
48,D_G1_C2_AA_AE_mBHI_mGAM_6_S361,10407,712918,D_C8_C11_AF_AE_mGAM_mBHI_6_S320,102316
49,D_H5_D8_AA_AF_mGAM_mGAM_6_S377,509,1125549,D_C8_C11_AF_AE_mGAM_mBHI_6_S320,102316
50,D10-e003Coalescence-mBHI-p3,34,721454,D_C8_C11_AF_AE_mGAM_mBHI_6_S320,102316
51,C2-e003Coalescence-mGAM-p7,22047,1453552,D_C8_C11_AF_AE_mGAM_mBHI_6_S320,102316
52,D10-e003Coalescence-mBHI-p5,38,723373,D_C8_C11_AF_AE_mGAM_mBHI_6_S320,102316
53,D8-e003Coalescence-mBHI-p5,7903,795854,D_C8_C11_AF_AE_mGAM_mBHI_6_S320,102316
54,A8-e003Coalescence-mBHI-p7,22186,1437763,D_C8_C11_AF_AE_mGAM_mBHI_6_S320,102316
55,A10-e003Coalescence-mGAM-p3,14514,960054,D_C8_C11_AF_AE_mGAM_mBHI_6_S320,102316
56,A8-e003Coalescence-mBHI-p5,16680,1099058,D_C8_C11_AF_AE_mGAM_mBHI_6_S320,102316
57,A10-e003Coalescence-mBHI-p7,17843,1171728,D_C8_C11_AF_AE_mGAM_mBHI_6_S320,102316
58,A2-e003Coalescence-mGAM-p5,16901,1119246,D_C8_C11_AF_AE_mGAM_mBHI_6_S320,102316
59,C8-e003Coalescence-mBHI-p5,19022,1251387,D_C8_C11_AF_AE_mGAM_mBHI_6_S320,102316
60,A11-e003Coalescence-mBHI-p3,20517,1455400,D_C8_C11_AF_AE_mGAM_mBHI_6_S320,102316
61,E2-e003Coalescence-mGAM-p7_S145,14144,960650,D_C8_C11_AF_AE_mGAM_mBHI_6_S320,102316
62,E8-e003Coalescence-mBHI-p5_S5,16767,1129168,D_C8_C11_AF_AE_mGAM_mBHI_6_S320,102316
63,H111-e003Coalescence-mBHI-p3_S144,13,1229895,D_C8_C11_AF_AE_mGAM_mBHI_6_S320,102316
64,E100-e003Coalescence-mGAM-p3_S155,19698,1310955,D_C8_C11_AF_AE_mGAM_mBHI_6_S320,102316
65,E111-e003Coalescence-mBHI-p5_S8,7632,719187,D_C8_C11_AF_AE_mGAM_mBHI_6_S320,102316
66,H100-e003Coalescence-mBHI-p5_S43,0,1043416,D_C8_C11_AF_AE_mGAM_mBHI_6_S320,102316
67,H8-e003Coalescence-mBHI-p7_S137,17071,1241668,D_C8_C11_AF_AE_mGAM_mBHI_6_S320,102316
68,G8-e003Coalescence-mGAM-p5_S77,20172,1348310,D_C8_C11_AF_AE_mGAM_mBHI_6_S320,102316
69,H8-e003Coalescence-mBHI-p5_S41,11293,797551,D_C8_C11_AF_AE_mGAM_mBHI_6_S320,102316
70,E100-e003Coalescence-mBHI-p5_S7,12938,890217,D_C8_C11_AF_AE_mGAM_mBHI_6_S320,102316
71,E100-e003Coalescence-mGAM-p5_S55,11871,809705,D_C8_C11_AF_AE_mGAM_mBHI_6_S320,102316
72,H111-e003Coalescence-mBHI-p5_S44,7,674095,D_C8_C11_AF_AE_mGAM_mBHI_6_S320,102316
73,E2-e003Coalescence-mGAM-p3_S57,15286,1046865,D_C8_C11_AF_AE_mGAM_mBHI_6_S320,102316
74,H100-e003Coalescence-mBHI-p7_S139,0,1277434,D_C8_C11_AF_AE_mGAM_mBHI_6_S320,102316
75,G8-e003Coalescence-mBHI-p5_S29,11046,748494,D_C8_C11_AF_AE_mGAM_mBHI_6_S320,102316
76,E8-e003Coalescence-mBHI-p3_S105,19500,1300226,D_C8_C11_AF_AE_mGAM_mBHI_6_S320,102316
77,E8-e003Coalescence-mGAM-p7_S149,21390,1417361,D_C8_C11_AF_AE_mGAM_mBHI_6_S320,102316
78,H8-e003Coalescence-mGAM-p7_S185,531,983015,D_C8_C11_AF_AE_mGAM_mBHI_6_S320,102316
79,A2-e003Coalescence-Inoculumn-mGAM,11752,766653,D_C8_C11_AF_AE_mGAM_mBHI_6_S320,102316
80,B8-e003Coalescence-mBHI-p1_S749,19062,1268450,D_C8_C11_AF_AE_mGAM_mBHI_6_S320,102316
81,A8-e003Coalescence-mBHI-p1_S748,19239,1289758,D_C8_C11_AF_AE_mGAM_mBHI_6_S320,102316
82,H8-e003Coalescence-mBHI-p1_S815,15451,1218424,D_C8_C11_AF_AE_mGAM_mBHI_6_S320,102316
83,E8-e003Coalescence-mBHI-p1_S812,21187,1401516,D_C8_C11_AF_AE_mGAM_mBHI_6_S320,102316
84,G8-e003Coalescence-mGAM-p1_S818,12418,827892,D_C8_C11_AF_AE_mGAM_mBHI_6_S320,102316
85,D8-e003Coalescence-mGAM-p1_S755,9129,701330,D_C8_C11_AF_AE_mGAM_mBHI_6_S320,102316
86,A9-e003Coalescence-mBHI-p1_S756,21773,1437416,D_C8_C11_AF_AE_mGAM_mBHI_6_S320,102316
87,E11-e003Coalescence-mBHI-p1_S836,20966,1451168,D_C8_C11_AF_AE_mGAM_mBHI_6_S320,102316
88,A10-e003Coalescence-mBHI-p1_S764,17650,1193259,D_C8_C11_AF_AE_mGAM_mBHI_6_S320,102316
89,A11-e003Coalescence-mBHI-p1_S772,16560,1248804,D_C8_C11_AF_AE_mGAM_mBHI_6_S320,102316
90,Coalescence-F2-E10-AA-AE-mGAM-mBHI-3_S681,21599,1425787,D_C8_C11_AF_AE_mGAM_mBHI_6_S320,102316
91,Coalescence-E8-D11-AF-AF-mGAM-mBHI-3_S675,5,1135698,D_C8_C11_AF_AE_mGAM_mBHI_6_S320,102316
92,Coalescence-F10-H8-AA-AF-mGAM-mGAM-3_S689,8973,1095751,D_C8_C11_AF_AE_mGAM_mBHI_6_S320,102316
93,Coalescence-A10-C11-AE-AF-mGAM-mBHI-7_S629,9,698926,D_C8_C11_AF_AE_mGAM_mBHI_6_S320,102316
94,C_E2_e003Assembly_S242,11538,781119,D_C8_C11_AF_AE_mGAM_mBHI_6_S320,102316
0,A_A5_A8_AA_AA_mGAM_mBHI_2_S5,7,1417316,D_C9_G8_AA_AE_mGAM_mBHI_4_S321,102316
1,A_A8_A11_AF_AA_mGAM_mBHI_2_S8,1,1079879,D_C9_G8_AA_AE_mGAM_mBHI_4_S321,102316
2,A_C5_C8_AA_AE_mGAM_mBHI_2_S29,1,1427638,D_C9_G8_AA_AE_mGAM_mBHI_4_S321,102316
3,A_D5_D8_AA_AF_mGAM_mBHI_2_S41,14,966462,D_C9_G8_AA_AE_mGAM_mBHI_4_S321,102316
4,A_D8_D11_AF_AF_mGAM_mBHI_2_S44,14849,1169381,D_C9_G8_AA_AE_mGAM_mBHI_4_S321,102316
5,A_E5_A8_AA_AA_mGAM_mGAM_2_S53,18,1019189,D_C9_G8_AA_AE_mGAM_mBHI_4_S321,102316
6,A_E9_A2_AA_AA_mBHI_mGAM_4_S57,2,1413231,D_C9_G8_AA_AE_mGAM_mBHI_4_S321,102316
7,A_G1_C2_AA_AE_mBHI_mGAM_2_S73,7,712175,D_C9_G8_AA_AE_mGAM_mBHI_4_S321,102316
8,A_G5_C8_AA_AE_mGAM_mGAM_2_S77,32,1416857,D_C9_G8_AA_AE_mGAM_mBHI_4_S321,102316
9,A_G9_C2_AA_AE_mBHI_mGAM_4_S81,5,1411062,D_C9_G8_AA_AE_mGAM_mBHI_4_S321,102316
10,B_A5_E8_AA_AA_mGAM_mBHI_2_S101,0,1425704,D_C9_G8_AA_AE_mGAM_mBHI_4_S321,102316
11,B_A6_E9_ACPP_AA_mGAM_mBHI_2_S102,15,1117375,D_C9_G8_AA_AE_mGAM_mBHI_4_S321,102316
12,B_A7_E10_AE_AA_mGAM_mBHI_2_S103,0,1427518,D_C9_G8_AA_AE_mGAM_mBHI_4_S321,102316
13,B_A11_A10_AE_AA_mGAM_mBHI_4_S107,0,1383768,D_C9_G8_AA_AE_mGAM_mBHI_4_S321,102316
14,B_A12_A11_AF_AA_mGAM_mBHI_4_S108,4,1434911,D_C9_G8_AA_AE_mGAM_mBHI_4_S321,102316
15,B_C12_C11_AF_AE_mGAM_mBHI_4_S132,13289,1052319,D_C9_G8_AA_AE_mGAM_mBHI_4_S321,102316
16,B_D7_H10_AE_AF_mGAM_mBHI_2_S139,17399,1353892,D_C9_G8_AA_AE_mGAM_mBHI_4_S321,102316
17,B_D11_D10_AE_AF_mGAM_mBHI_4_S143,15302,1203283,D_C9_G8_AA_AE_mGAM_mBHI_4_S321,102316
18,B_E5_E8_AA_AA_mGAM_mGAM_2_S149,17,946657,D_C9_G8_AA_AE_mGAM_mBHI_4_S321,102316
19,B_E7_E10_AE_AA_mGAM_mGAM_2_S151,25,1444031,D_C9_G8_AA_AE_mGAM_mBHI_4_S321,102316
20,B_E8_E11_AF_AA_mGAM_mGAM_2_S152,18,849793,D_C9_G8_AA_AE_mGAM_mBHI_4_S321,102316
21,B_E11_A10_AE_AA_mGAM_mGAM_4_S155,1,1028220,D_C9_G8_AA_AE_mGAM_mBHI_4_S321,102316
22,B_G1_G2_AA_AE_mBHI_mGAM_2_S169,13,1033473,D_C9_G8_AA_AE_mGAM_mBHI_4_S321,102316
23,B_H5_H8_AA_AF_mGAM_mGAM_2_S185,18,1427983,D_C9_G8_AA_AE_mGAM_mBHI_4_S321,102316
24,C_C5_C8_AA_AE_mGAM_mBHI_6_S221,0,977407,D_C9_G8_AA_AE_mGAM_mBHI_4_S321,102316
25,C_C8_C11_AF_AE_mGAM_mBHI_6_S224,15589,1218207,D_C9_G8_AA_AE_mGAM_mBHI_4_S321,102316
26,C_D5_D8_AA_AF_mGAM_mBHI_6_S233,42,1127572,D_C9_G8_AA_AE_mGAM_mBHI_4_S321,102316
27,C_D7_D10_AE_AF_mGAM_mBHI_6_S235,18036,1404179,D_C9_G8_AA_AE_mGAM_mBHI_4_S321,102316
28,C_E5_A8_AA_AA_mGAM_mGAM_6_S245,27,1431755,D_C9_G8_AA_AE_mGAM_mBHI_4_S321,102316
29,C_E7_A10_AE_AA_mGAM_mGAM_6_S247,3,1413289,D_C9_G8_AA_AE_mGAM_mBHI_4_S321,102316
30,C_E9_E2_AA_AA_mBHI_mGAM_4_S249,1,1403356,D_C9_G8_AA_AE_mGAM_mBHI_4_S321,102316
31,C_E11_E4_AE_AA_mBHI_mGAM_4_S251,0,1422885,D_C9_G8_AA_AE_mGAM_mBHI_4_S321,102316
32,D_A6_A9_ACPP_AA_mGAM_mBHI_6_S294,0,1440130,D_C9_G8_AA_AE_mGAM_mBHI_4_S321,102316
33,D_A7_A10_AE_AA_mGAM_mBHI_6_S295,0,1433602,D_C9_G8_AA_AE_mGAM_mBHI_4_S321,102316
34,D_A8_A11_AF_AA_mGAM_mBHI_6_S296,1,1436671,D_C9_G8_AA_AE_mGAM_mBHI_4_S321,102316
35,D_A9_E8_AA_AA_mGAM_mBHI_4_S297,1,1437286,D_C9_G8_AA_AE_mGAM_mBHI_4_S321,102316
36,D_A12_E11_AF_AA_mGAM_mBHI_4_S300,3,1396823,D_C9_G8_AA_AE_mGAM_mBHI_4_S321,102316
37,D_C8_C11_AF_AE_mGAM_mBHI_6_S320,16509,1292174,D_C9_G8_AA_AE_mGAM_mBHI_4_S321,102316
38,D_C9_G8_AA_AE_mGAM_mBHI_4_S321,0,1110163,D_C9_G8_AA_AE_mGAM_mBHI_4_S321,102316
39,D_C12_G11_AF_AE_mGAM_mBHI_4_S324,17105,1330220,D_C9_G8_AA_AE_mGAM_mBHI_4_S321,102316
40,D_D7_D10_AE_AF_mGAM_mBHI_6_S331,17123,1338259,D_C9_G8_AA_AE_mGAM_mBHI_4_S321,102316
41,D_D11_H10_AE_AF_mGAM_mBHI_4_S335,16850,1308265,D_C9_G8_AA_AE_mGAM_mBHI_4_S321,102316
42,D_E1_A2_AA_AA_mBHI_mGAM_6_S337,0,1436963,D_C9_G8_AA_AE_mGAM_mBHI_4_S321,102316
43,D_E3_A4_AE_AA_mBHI_mGAM_6_S339,1,1417311,D_C9_G8_AA_AE_mGAM_mBHI_4_S321,102316
44,D_E6_A9_ACPP_AA_mGAM_mGAM_6_S342,24,1303681,D_C9_G8_AA_AE_mGAM_mBHI_4_S321,102316
45,D_E7_A10_AE_AA_mGAM_mGAM_6_S343,3,1343749,D_C9_G8_AA_AE_mGAM_mBHI_4_S321,102316
46,D_E9_E8_AA_AA_mGAM_mGAM_4_S345,41,1400809,D_C9_G8_AA_AE_mGAM_mBHI_4_S321,102316
47,D_E11_E10_AE_AA_mGAM_mGAM_4_S347,2,1397326,D_C9_G8_AA_AE_mGAM_mBHI_4_S321,102316
48,D_G1_C2_AA_AE_mBHI_mGAM_6_S361,3,712918,D_C9_G8_AA_AE_mGAM_mBHI_4_S321,102316
49,D_H5_D8_AA_AF_mGAM_mGAM_6_S377,3182,1125549,D_C9_G8_AA_AE_mGAM_mBHI_4_S321,102316
50,D10-e003Coalescence-mBHI-p3,9318,721454,D_C9_G8_AA_AE_mGAM_mBHI_4_S321,102316
51,C2-e003Coalescence-mGAM-p7,36,1453552,D_C9_G8_AA_AE_mGAM_mBHI_4_S321,102316
52,D10-e003Coalescence-mBHI-p5,9232,723373,D_C9_G8_AA_AE_mGAM_mBHI_4_S321,102316
53,D8-e003Coalescence-mBHI-p5,69,795854,D_C9_G8_AA_AE_mGAM_mBHI_4_S321,102316
54,A8-e003Coalescence-mBHI-p7,39,1437763,D_C9_G8_AA_AE_mGAM_mBHI_4_S321,102316
55,A10-e003Coalescence-mGAM-p3,32,960054,D_C9_G8_AA_AE_mGAM_mBHI_4_S321,102316
56,A8-e003Coalescence-mBHI-p5,23,1099058,D_C9_G8_AA_AE_mGAM_mBHI_4_S321,102316
57,A10-e003Coalescence-mBHI-p7,31,1171728,D_C9_G8_AA_AE_mGAM_mBHI_4_S321,102316
58,A2-e003Coalescence-mGAM-p5,31,1119246,D_C9_G8_AA_AE_mGAM_mBHI_4_S321,102316
59,C8-e003Coalescence-mBHI-p5,25,1251387,D_C9_G8_AA_AE_mGAM_mBHI_4_S321,102316
60,A11-e003Coalescence-mBHI-p3,48,1455400,D_C9_G8_AA_AE_mGAM_mBHI_4_S321,102316
61,E2-e003Coalescence-mGAM-p7_S145,2,960650,D_C9_G8_AA_AE_mGAM_mBHI_4_S321,102316
62,E8-e003Coalescence-mBHI-p5_S5,0,1129168,D_C9_G8_AA_AE_mGAM_mBHI_4_S321,102316
63,H111-e003Coalescence-mBHI-p3_S144,15715,1229895,D_C9_G8_AA_AE_mGAM_mBHI_4_S321,102316
64,E100-e003Coalescence-mGAM-p3_S155,7,1310955,D_C9_G8_AA_AE_mGAM_mBHI_4_S321,102316
65,E111-e003Coalescence-mBHI-p5_S8,38,719187,D_C9_G8_AA_AE_mGAM_mBHI_4_S321,102316
66,H100-e003Coalescence-mBHI-p5_S43,13096,1043416,D_C9_G8_AA_AE_mGAM_mBHI_4_S321,102316
67,H8-e003Coalescence-mBHI-p7_S137,12,1241668,D_C9_G8_AA_AE_mGAM_mBHI_4_S321,102316
68,G8-e003Coalescence-mGAM-p5_S77,20,1348310,D_C9_G8_AA_AE_mGAM_mBHI_4_S321,102316
69,H8-e003Coalescence-mBHI-p5_S41,13,797551,D_C9_G8_AA_AE_mGAM_mBHI_4_S321,102316
70,E100-e003Coalescence-mBHI-p5_S7,0,890217,D_C9_G8_AA_AE_mGAM_mBHI_4_S321,102316
71,E100-e003Coalescence-mGAM-p5_S55,1,809705,D_C9_G8_AA_AE_mGAM_mBHI_4_S321,102316
72,H111-e003Coalescence-mBHI-p5_S44,8257,674095,D_C9_G8_AA_AE_mGAM_mBHI_4_S321,102316
73,E2-e003Coalescence-mGAM-p3_S57,4,1046865,D_C9_G8_AA_AE_mGAM_mBHI_4_S321,102316
74,H100-e003Coalescence-mBHI-p7_S139,16108,1277434,D_C9_G8_AA_AE_mGAM_mBHI_4_S321,102316
75,G8-e003Coalescence-mBHI-p5_S29,1,748494,D_C9_G8_AA_AE_mGAM_mBHI_4_S321,102316
76,E8-e003Coalescence-mBHI-p3_S105,11,1300226,D_C9_G8_AA_AE_mGAM_mBHI_4_S321,102316
77,E8-e003Coalescence-mGAM-p7_S149,37,1417361,D_C9_G8_AA_AE_mGAM_mBHI_4_S321,102316
78,H8-e003Coalescence-mGAM-p7_S185,3944,983015,D_C9_G8_AA_AE_mGAM_mBHI_4_S321,102316
79,A2-e003Coalescence-Inoculumn-mGAM,50,766653,D_C9_G8_AA_AE_mGAM_mBHI_4_S321,102316
80,B8-e003Coalescence-mBHI-p1_S749,42,1268450,D_C9_G8_AA_AE_mGAM_mBHI_4_S321,102316
81,A8-e003Coalescence-mBHI-p1_S748,2,1289758,D_C9_G8_AA_AE_mGAM_mBHI_4_S321,102316
82,H8-e003Coalescence-mBHI-p1_S815,21,1218424,D_C9_G8_AA_AE_mGAM_mBHI_4_S321,102316
83,E8-e003Coalescence-mBHI-p1_S812,4,1401516,D_C9_G8_AA_AE_mGAM_mBHI_4_S321,102316
84,G8-e003Coalescence-mGAM-p1_S818,14,827892,D_C9_G8_AA_AE_mGAM_mBHI_4_S321,102316
85,D8-e003Coalescence-mGAM-p1_S755,17,701330,D_C9_G8_AA_AE_mGAM_mBHI_4_S321,102316
86,A9-e003Coalescence-mBHI-p1_S756,41,1437416,D_C9_G8_AA_AE_mGAM_mBHI_4_S321,102316
87,E11-e003Coalescence-mBHI-p1_S836,9,1451168,D_C9_G8_AA_AE_mGAM_mBHI_4_S321,102316
88,A10-e003Coalescence-mBHI-p1_S764,0,1193259,D_C9_G8_AA_AE_mGAM_mBHI_4_S321,102316
89,A11-e003Coalescence-mBHI-p1_S772,16,1248804,D_C9_G8_AA_AE_mGAM_mBHI_4_S321,102316
90,Coalescence-F2-E10-AA-AE-mGAM-mBHI-3_S681,0,1425787,D_C9_G8_AA_AE_mGAM_mBHI_4_S321,102316
91,Coalescence-E8-D11-AF-AF-mGAM-mBHI-3_S675,14420,1135698,D_C9_G8_AA_AE_mGAM_mBHI_4_S321,102316
92,Coalescence-F10-H8-AA-AF-mGAM-mGAM-3_S689,81,1095751,D_C9_G8_AA_AE_mGAM_mBHI_4_S321,102316
93,Coalescence-A10-C11-AE-AF-mGAM-mBHI-7_S629,8949,698926,D_C9_G8_AA_AE_mGAM_mBHI_4_S321,102316
94,C_E2_e003Assembly_S242,23,781119,D_C9_G8_AA_AE_mGAM_mBHI_4_S321,102316
0,A_A5_A8_AA_AA_mGAM_mBHI_2_S5,22401,1417316,D_C12_G11_AF_AE_mGAM_mBHI_4_S324,102316
1,A_A8_A11_AF_AA_mGAM_mBHI_2_S8,13988,1079879,D_C12_G11_AF_AE_mGAM_mBHI_4_S324,102316
2,A_C5_C8_AA_AE_mGAM_mBHI_2_S29,22406,1427638,D_C12_G11_AF_AE_mGAM_mBHI_4_S324,102316
3,A_D5_D8_AA_AF_mGAM_mBHI_2_S41,10482,966462,D_C12_G11_AF_AE_mGAM_mBHI_4_S324,102316
4,A_D8_D11_AF_AF_mGAM_mBHI_2_S44,3,1169381,D_C12_G11_AF_AE_mGAM_mBHI_4_S324,102316
5,A_E5_A8_AA_AA_mGAM_mGAM_2_S53,15672,1019189,D_C12_G11_AF_AE_mGAM_mBHI_4_S324,102316
6,A_E9_A2_AA_AA_mBHI_mGAM_4_S57,22213,1413231,D_C12_G11_AF_AE_mGAM_mBHI_4_S324,102316
7,A_G1_C2_AA_AE_mBHI_mGAM_2_S73,10742,712175,D_C12_G11_AF_AE_mGAM_mBHI_4_S324,102316
8,A_G5_C8_AA_AE_mGAM_mGAM_2_S77,22220,1416857,D_C12_G11_AF_AE_mGAM_mBHI_4_S324,102316
9,A_G9_C2_AA_AE_mBHI_mGAM_4_S81,21846,1411062,D_C12_G11_AF_AE_mGAM_mBHI_4_S324,102316
10,B_A5_E8_AA_AA_mGAM_mBHI_2_S101,22433,1425704,D_C12_G11_AF_AE_mGAM_mBHI_4_S324,102316
11,B_A6_E9_ACPP_AA_mGAM_mBHI_2_S102,17334,1117375,D_C12_G11_AF_AE_mGAM_mBHI_4_S324,102316
12,B_A7_E10_AE_AA_mGAM_mBHI_2_S103,22514,1427518,D_C12_G11_AF_AE_mGAM_mBHI_4_S324,102316
13,B_A11_A10_AE_AA_mGAM_mBHI_4_S107,21766,1383768,D_C12_G11_AF_AE_mGAM_mBHI_4_S324,102316
14,B_A12_A11_AF_AA_mGAM_mBHI_4_S108,19046,1434911,D_C12_G11_AF_AE_mGAM_mBHI_4_S324,102316
15,B_C12_C11_AF_AE_mGAM_mBHI_4_S132,0,1052319,D_C12_G11_AF_AE_mGAM_mBHI_4_S324,102316
16,B_D7_H10_AE_AF_mGAM_mBHI_2_S139,0,1353892,D_C12_G11_AF_AE_mGAM_mBHI_4_S324,102316
17,B_D11_D10_AE_AF_mGAM_mBHI_4_S143,3,1203283,D_C12_G11_AF_AE_mGAM_mBHI_4_S324,102316
18,B_E5_E8_AA_AA_mGAM_mGAM_2_S149,14412,946657,D_C12_G11_AF_AE_mGAM_mBHI_4_S324,102316
19,B_E7_E10_AE_AA_mGAM_mGAM_2_S151,22644,1444031,D_C12_G11_AF_AE_mGAM_mBHI_4_S324,102316
20,B_E8_E11_AF_AA_mGAM_mGAM_2_S152,10914,849793,D_C12_G11_AF_AE_mGAM_mBHI_4_S324,102316
21,B_E11_A10_AE_AA_mGAM_mGAM_4_S155,15803,1028220,D_C12_G11_AF_AE_mGAM_mBHI_4_S324,102316
22,B_G1_G2_AA_AE_mBHI_mGAM_2_S169,15883,1033473,D_C12_G11_AF_AE_mGAM_mBHI_4_S324,102316
23,B_H5_H8_AA_AF_mGAM_mGAM_2_S185,17173,1427983,D_C12_G11_AF_AE_mGAM_mBHI_4_S324,102316
24,C_C5_C8_AA_AE_mGAM_mBHI_6_S221,15069,977407,D_C12_G11_AF_AE_mGAM_mBHI_4_S324,102316
25,C_C8_C11_AF_AE_mGAM_mBHI_6_S224,6,1218207,D_C12_G11_AF_AE_mGAM_mBHI_4_S324,102316
26,C_D5_D8_AA_AF_mGAM_mBHI_6_S233,10415,1127572,D_C12_G11_AF_AE_mGAM_mBHI_4_S324,102316
27,C_D7_D10_AE_AF_mGAM_mBHI_6_S235,4,1404179,D_C12_G11_AF_AE_mGAM_mBHI_4_S324,102316
28,C_E5_A8_AA_AA_mGAM_mGAM_6_S245,22433,1431755,D_C12_G11_AF_AE_mGAM_mBHI_4_S324,102316
29,C_E7_A10_AE_AA_mGAM_mGAM_6_S247,22230,1413289,D_C12_G11_AF_AE_mGAM_mBHI_4_S324,102316
30,C_E9_E2_AA_AA_mBHI_mGAM_4_S249,21919,1403356,D_C12_G11_AF_AE_mGAM_mBHI_4_S324,102316
31,C_E11_E4_AE_AA_mBHI_mGAM_4_S251,22178,1422885,D_C12_G11_AF_AE_mGAM_mBHI_4_S324,102316
32,D_A6_A9_ACPP_AA_mGAM_mBHI_6_S294,22690,1440130,D_C12_G11_AF_AE_mGAM_mBHI_4_S324,102316
33,D_A7_A10_AE_AA_mGAM_mBHI_6_S295,22674,1433602,D_C12_G11_AF_AE_mGAM_mBHI_4_S324,102316
34,D_A8_A11_AF_AA_mGAM_mBHI_6_S296,17111,1436671,D_C12_G11_AF_AE_mGAM_mBHI_4_S324,102316
35,D_A9_E8_AA_AA_mGAM_mBHI_4_S297,22705,1437286,D_C12_G11_AF_AE_mGAM_mBHI_4_S324,102316
36,D_A12_E11_AF_AA_mGAM_mBHI_4_S300,17968,1396823,D_C12_G11_AF_AE_mGAM_mBHI_4_S324,102316
37,D_C8_C11_AF_AE_mGAM_mBHI_6_S320,0,1292174,D_C12_G11_AF_AE_mGAM_mBHI_4_S324,102316
38,D_C9_G8_AA_AE_mGAM_mBHI_4_S321,17105,1110163,D_C12_G11_AF_AE_mGAM_mBHI_4_S324,102316
39,D_C12_G11_AF_AE_mGAM_mBHI_4_S324,0,1330220,D_C12_G11_AF_AE_mGAM_mBHI_4_S324,102316
40,D_D7_D10_AE_AF_mGAM_mBHI_6_S331,3,1338259,D_C12_G11_AF_AE_mGAM_mBHI_4_S324,102316
41,D_D11_H10_AE_AF_mGAM_mBHI_4_S335,2,1308265,D_C12_G11_AF_AE_mGAM_mBHI_4_S324,102316
42,D_E1_A2_AA_AA_mBHI_mGAM_6_S337,22463,1436963,D_C12_G11_AF_AE_mGAM_mBHI_4_S324,102316
43,D_E3_A4_AE_AA_mBHI_mGAM_6_S339,22164,1417311,D_C12_G11_AF_AE_mGAM_mBHI_4_S324,102316
44,D_E6_A9_ACPP_AA_mGAM_mGAM_6_S342,20392,1303681,D_C12_G11_AF_AE_mGAM_mBHI_4_S324,102316
45,D_E7_A10_AE_AA_mGAM_mGAM_6_S343,21105,1343749,D_C12_G11_AF_AE_mGAM_mBHI_4_S324,102316
46,D_E9_E8_AA_AA_mGAM_mGAM_4_S345,22067,1400809,D_C12_G11_AF_AE_mGAM_mBHI_4_S324,102316
47,D_E11_E10_AE_AA_mGAM_mGAM_4_S347,22127,1397326,D_C12_G11_AF_AE_mGAM_mBHI_4_S324,102316
48,D_G1_C2_AA_AE_mBHI_mGAM_6_S361,10726,712918,D_C12_G11_AF_AE_mGAM_mBHI_4_S324,102316
49,D_H5_D8_AA_AF_mGAM_mGAM_6_S377,596,1125549,D_C12_G11_AF_AE_mGAM_mBHI_4_S324,102316
50,D10-e003Coalescence-mBHI-p3,49,721454,D_C12_G11_AF_AE_mGAM_mBHI_4_S324,102316
51,C2-e003Coalescence-mGAM-p7,22898,1453552,D_C12_G11_AF_AE_mGAM_mBHI_4_S324,102316
52,D10-e003Coalescence-mBHI-p5,42,723373,D_C12_G11_AF_AE_mGAM_mBHI_4_S324,102316
53,D8-e003Coalescence-mBHI-p5,8259,795854,D_C12_G11_AF_AE_mGAM_mBHI_4_S324,102316
54,A8-e003Coalescence-mBHI-p7,23090,1437763,D_C12_G11_AF_AE_mGAM_mBHI_4_S324,102316
55,A10-e003Coalescence-mGAM-p3,15040,960054,D_C12_G11_AF_AE_mGAM_mBHI_4_S324,102316
56,A8-e003Coalescence-mBHI-p5,17313,1099058,D_C12_G11_AF_AE_mGAM_mBHI_4_S324,102316
57,A10-e003Coalescence-mBHI-p7,18507,1171728,D_C12_G11_AF_AE_mGAM_mBHI_4_S324,102316
58,A2-e003Coalescence-mGAM-p5,17586,1119246,D_C12_G11_AF_AE_mGAM_mBHI_4_S324,102316
59,C8-e003Coalescence-mBHI-p5,19790,1251387,D_C12_G11_AF_AE_mGAM_mBHI_4_S324,102316
60,A11-e003Coalescence-mBHI-p3,21376,1455400,D_C12_G11_AF_AE_mGAM_mBHI_4_S324,102316
61,E2-e003Coalescence-mGAM-p7_S145,14633,960650,D_C12_G11_AF_AE_mGAM_mBHI_4_S324,102316
62,E8-e003Coalescence-mBHI-p5_S5,17431,1129168,D_C12_G11_AF_AE_mGAM_mBHI_4_S324,102316
63,H111-e003Coalescence-mBHI-p3_S144,8,1229895,D_C12_G11_AF_AE_mGAM_mBHI_4_S324,102316
64,E100-e003Coalescence-mGAM-p3_S155,20418,1310955,D_C12_G11_AF_AE_mGAM_mBHI_4_S324,102316
65,E111-e003Coalescence-mBHI-p5_S8,7940,719187,D_C12_G11_AF_AE_mGAM_mBHI_4_S324,102316
66,H100-e003Coalescence-mBHI-p5_S43,2,1043416,D_C12_G11_AF_AE_mGAM_mBHI_4_S324,102316
67,H8-e003Coalescence-mBHI-p7_S137,17758,1241668,D_C12_G11_AF_AE_mGAM_mBHI_4_S324,102316
68,G8-e003Coalescence-mGAM-p5_S77,20931,1348310,D_C12_G11_AF_AE_mGAM_mBHI_4_S324,102316
69,H8-e003Coalescence-mBHI-p5_S41,11722,797551,D_C12_G11_AF_AE_mGAM_mBHI_4_S324,102316
70,E100-e003Coalescence-mBHI-p5_S7,13500,890217,D_C12_G11_AF_AE_mGAM_mBHI_4_S324,102316
71,E100-e003Coalescence-mGAM-p5_S55,12223,809705,D_C12_G11_AF_AE_mGAM_mBHI_4_S324,102316
72,H111-e003Coalescence-mBHI-p5_S44,6,674095,D_C12_G11_AF_AE_mGAM_mBHI_4_S324,102316
73,E2-e003Coalescence-mGAM-p3_S57,15882,1046865,D_C12_G11_AF_AE_mGAM_mBHI_4_S324,102316
74,H100-e003Coalescence-mBHI-p7_S139,5,1277434,D_C12_G11_AF_AE_mGAM_mBHI_4_S324,102316
75,G8-e003Coalescence-mBHI-p5_S29,11346,748494,D_C12_G11_AF_AE_mGAM_mBHI_4_S324,102316
76,E8-e003Coalescence-mBHI-p3_S105,20232,1300226,D_C12_G11_AF_AE_mGAM_mBHI_4_S324,102316
77,E8-e003Coalescence-mGAM-p7_S149,22181,1417361,D_C12_G11_AF_AE_mGAM_mBHI_4_S324,102316
78,H8-e003Coalescence-mGAM-p7_S185,575,983015,D_C12_G11_AF_AE_mGAM_mBHI_4_S324,102316
79,A2-e003Coalescence-Inoculumn-mGAM,12187,766653,D_C12_G11_AF_AE_mGAM_mBHI_4_S324,102316
80,B8-e003Coalescence-mBHI-p1_S749,19784,1268450,D_C12_G11_AF_AE_mGAM_mBHI_4_S324,102316
81,A8-e003Coalescence-mBHI-p1_S748,20013,1289758,D_C12_G11_AF_AE_mGAM_mBHI_4_S324,102316
82,H8-e003Coalescence-mBHI-p1_S815,16027,1218424,D_C12_G11_AF_AE_mGAM_mBHI_4_S324,102316
83,E8-e003Coalescence-mBHI-p1_S812,21990,1401516,D_C12_G11_AF_AE_mGAM_mBHI_4_S324,102316
84,G8-e003Coalescence-mGAM-p1_S818,12881,827892,D_C12_G11_AF_AE_mGAM_mBHI_4_S324,102316
85,D8-e003Coalescence-mGAM-p1_S755,9398,701330,D_C12_G11_AF_AE_mGAM_mBHI_4_S324,102316
86,A9-e003Coalescence-mBHI-p1_S756,22572,1437416,D_C12_G11_AF_AE_mGAM_mBHI_4_S324,102316
87,E11-e003Coalescence-mBHI-p1_S836,21801,1451168,D_C12_G11_AF_AE_mGAM_mBHI_4_S324,102316
88,A10-e003Coalescence-mBHI-p1_S764,18334,1193259,D_C12_G11_AF_AE_mGAM_mBHI_4_S324,102316
89,A11-e003Coalescence-mBHI-p1_S772,17196,1248804,D_C12_G11_AF_AE_mGAM_mBHI_4_S324,102316
90,Coalescence-F2-E10-AA-AE-mGAM-mBHI-3_S681,22496,1425787,D_C12_G11_AF_AE_mGAM_mBHI_4_S324,102316
91,Coalescence-E8-D11-AF-AF-mGAM-mBHI-3_S675,1,1135698,D_C12_G11_AF_AE_mGAM_mBHI_4_S324,102316
92,Coalescence-F10-H8-AA-AF-mGAM-mGAM-3_S689,9353,1095751,D_C12_G11_AF_AE_mGAM_mBHI_4_S324,102316
93,Coalescence-A10-C11-AE-AF-mGAM-mBHI-7_S629,5,698926,D_C12_G11_AF_AE_mGAM_mBHI_4_S324,102316
94,C_E2_e003Assembly_S242,11814,781119,D_C12_G11_AF_AE_mGAM_mBHI_4_S324,102316
0,A_A5_A8_AA_AA_mGAM_mBHI_2_S5,22453,1417316,D_D7_D10_AE_AF_mGAM_mBHI_6_S331,102316
1,A_A8_A11_AF_AA_mGAM_mBHI_2_S8,13973,1079879,D_D7_D10_AE_AF_mGAM_mBHI_6_S331,102316
2,A_C5_C8_AA_AE_mGAM_mBHI_2_S29,22530,1427638,D_D7_D10_AE_AF_mGAM_mBHI_6_S331,102316
3,A_D5_D8_AA_AF_mGAM_mBHI_2_S41,10500,966462,D_D7_D10_AE_AF_mGAM_mBHI_6_S331,102316
4,A_D8_D11_AF_AF_mGAM_mBHI_2_S44,3,1169381,D_D7_D10_AE_AF_mGAM_mBHI_6_S331,102316
5,A_E5_A8_AA_AA_mGAM_mGAM_2_S53,15836,1019189,D_D7_D10_AE_AF_mGAM_mBHI_6_S331,102316
6,A_E9_A2_AA_AA_mBHI_mGAM_4_S57,22279,1413231,D_D7_D10_AE_AF_mGAM_mBHI_6_S331,102316
7,A_G1_C2_AA_AE_mBHI_mGAM_2_S73,10733,712175,D_D7_D10_AE_AF_mGAM_mBHI_6_S331,102316
8,A_G5_C8_AA_AE_mGAM_mGAM_2_S77,22257,1416857,D_D7_D10_AE_AF_mGAM_mBHI_6_S331,102316
9,A_G9_C2_AA_AE_mBHI_mGAM_4_S81,21897,1411062,D_D7_D10_AE_AF_mGAM_mBHI_6_S331,102316
10,B_A5_E8_AA_AA_mGAM_mBHI_2_S101,22507,1425704,D_D7_D10_AE_AF_mGAM_mBHI_6_S331,102316
11,B_A6_E9_ACPP_AA_mGAM_mBHI_2_S102,17361,1117375,D_D7_D10_AE_AF_mGAM_mBHI_6_S331,102316
12,B_A7_E10_AE_AA_mGAM_mBHI_2_S103,22614,1427518,D_D7_D10_AE_AF_mGAM_mBHI_6_S331,102316
13,B_A11_A10_AE_AA_mGAM_mBHI_4_S107,21815,1383768,D_D7_D10_AE_AF_mGAM_mBHI_6_S331,102316
14,B_A12_A11_AF_AA_mGAM_mBHI_4_S108,19126,1434911,D_D7_D10_AE_AF_mGAM_mBHI_6_S331,102316
15,B_C12_C11_AF_AE_mGAM_mBHI_4_S132,2,1052319,D_D7_D10_AE_AF_mGAM_mBHI_6_S331,102316
16,B_D7_H10_AE_AF_mGAM_mBHI_2_S139,2,1353892,D_D7_D10_AE_AF_mGAM_mBHI_6_S331,102316
17,B_D11_D10_AE_AF_mGAM_mBHI_4_S143,4,1203283,D_D7_D10_AE_AF_mGAM_mBHI_6_S331,102316
18,B_E5_E8_AA_AA_mGAM_mGAM_2_S149,14334,946657,D_D7_D10_AE_AF_mGAM_mBHI_6_S331,102316
19,B_E7_E10_AE_AA_mGAM_mGAM_2_S151,22698,1444031,D_D7_D10_AE_AF_mGAM_mBHI_6_S331,102316
20,B_E8_E11_AF_AA_mGAM_mGAM_2_S152,10921,849793,D_D7_D10_AE_AF_mGAM_mBHI_6_S331,102316
21,B_E11_A10_AE_AA_mGAM_mGAM_4_S155,15796,1028220,D_D7_D10_AE_AF_mGAM_mBHI_6_S331,102316
22,B_G1_G2_AA_AE_mBHI_mGAM_2_S169,15840,1033473,D_D7_D10_AE_AF_mGAM_mBHI_6_S331,102316
23,B_H5_H8_AA_AF_mGAM_mGAM_2_S185,17161,1427983,D_D7_D10_AE_AF_mGAM_mBHI_6_S331,102316
24,C_C5_C8_AA_AE_mGAM_mBHI_6_S221,15098,977407,D_D7_D10_AE_AF_mGAM_mBHI_6_S331,102316
25,C_C8_C11_AF_AE_mGAM_mBHI_6_S224,14,1218207,D_D7_D10_AE_AF_mGAM_mBHI_6_S331,102316
26,C_D5_D8_AA_AF_mGAM_mBHI_6_S233,10354,1127572,D_D7_D10_AE_AF_mGAM_mBHI_6_S331,102316
27,C_D7_D10_AE_AF_mGAM_mBHI_6_S235,1,1404179,D_D7_D10_AE_AF_mGAM_mBHI_6_S331,102316
28,C_E5_A8_AA_AA_mGAM_mGAM_6_S245,22499,1431755,D_D7_D10_AE_AF_mGAM_mBHI_6_S331,102316
29,C_E7_A10_AE_AA_mGAM_mGAM_6_S247,22298,1413289,D_D7_D10_AE_AF_mGAM_mBHI_6_S331,102316
30,C_E9_E2_AA_AA_mBHI_mGAM_4_S249,21991,1403356,D_D7_D10_AE_AF_mGAM_mBHI_6_S331,102316
31,C_E11_E4_AE_AA_mBHI_mGAM_4_S251,22207,1422885,D_D7_D10_AE_AF_mGAM_mBHI_6_S331,102316
32,D_A6_A9_ACPP_AA_mGAM_mBHI_6_S294,22765,1440130,D_D7_D10_AE_AF_mGAM_mBHI_6_S331,102316
33,D_A7_A10_AE_AA_mGAM_mBHI_6_S295,22726,1433602,D_D7_D10_AE_AF_mGAM_mBHI_6_S331,102316
34,D_A8_A11_AF_AA_mGAM_mBHI_6_S296,17143,1436671,D_D7_D10_AE_AF_mGAM_mBHI_6_S331,102316
35,D_A9_E8_AA_AA_mGAM_mBHI_4_S297,22782,1437286,D_D7_D10_AE_AF_mGAM_mBHI_6_S331,102316
36,D_A12_E11_AF_AA_mGAM_mBHI_4_S300,18032,1396823,D_D7_D10_AE_AF_mGAM_mBHI_6_S331,102316
37,D_C8_C11_AF_AE_mGAM_mBHI_6_S320,0,1292174,D_D7_D10_AE_AF_mGAM_mBHI_6_S331,102316
38,D_C9_G8_AA_AE_mGAM_mBHI_4_S321,17123,1110163,D_D7_D10_AE_AF_mGAM_mBHI_6_S331,102316
39,D_C12_G11_AF_AE_mGAM_mBHI_4_S324,3,1330220,D_D7_D10_AE_AF_mGAM_mBHI_6_S331,102316
40,D_D7_D10_AE_AF_mGAM_mBHI_6_S331,0,1338259,D_D7_D10_AE_AF_mGAM_mBHI_6_S331,102316
41,D_D11_H10_AE_AF_mGAM_mBHI_4_S335,2,1308265,D_D7_D10_AE_AF_mGAM_mBHI_6_S331,102316
42,D_E1_A2_AA_AA_mBHI_mGAM_6_S337,22574,1436963,D_D7_D10_AE_AF_mGAM_mBHI_6_S331,102316
43,D_E3_A4_AE_AA_mBHI_mGAM_6_S339,22295,1417311,D_D7_D10_AE_AF_mGAM_mBHI_6_S331,102316
44,D_E6_A9_ACPP_AA_mGAM_mGAM_6_S342,20450,1303681,D_D7_D10_AE_AF_mGAM_mBHI_6_S331,102316
45,D_E7_A10_AE_AA_mGAM_mGAM_6_S343,21158,1343749,D_D7_D10_AE_AF_mGAM_mBHI_6_S331,102316
46,D_E9_E8_AA_AA_mGAM_mGAM_4_S345,22151,1400809,D_D7_D10_AE_AF_mGAM_mBHI_6_S331,102316
47,D_E11_E10_AE_AA_mGAM_mGAM_4_S347,22238,1397326,D_D7_D10_AE_AF_mGAM_mBHI_6_S331,102316
48,D_G1_C2_AA_AE_mBHI_mGAM_6_S361,10737,712918,D_D7_D10_AE_AF_mGAM_mBHI_6_S331,102316
49,D_H5_D8_AA_AF_mGAM_mGAM_6_S377,549,1125549,D_D7_D10_AE_AF_mGAM_mBHI_6_S331,102316
50,D10-e003Coalescence-mBHI-p3,54,721454,D_D7_D10_AE_AF_mGAM_mBHI_6_S331,102316
51,C2-e003Coalescence-mGAM-p7,22973,1453552,D_D7_D10_AE_AF_mGAM_mBHI_6_S331,102316
52,D10-e003Coalescence-mBHI-p5,42,723373,D_D7_D10_AE_AF_mGAM_mBHI_6_S331,102316
53,D8-e003Coalescence-mBHI-p5,8263,795854,D_D7_D10_AE_AF_mGAM_mBHI_6_S331,102316
54,A8-e003Coalescence-mBHI-p7,23166,1437763,D_D7_D10_AE_AF_mGAM_mBHI_6_S331,102316
55,A10-e003Coalescence-mGAM-p3,14990,960054,D_D7_D10_AE_AF_mGAM_mBHI_6_S331,102316
56,A8-e003Coalescence-mBHI-p5,17317,1099058,D_D7_D10_AE_AF_mGAM_mBHI_6_S331,102316
57,A10-e003Coalescence-mBHI-p7,18483,1171728,D_D7_D10_AE_AF_mGAM_mBHI_6_S331,102316
58,A2-e003Coalescence-mGAM-p5,17586,1119246,D_D7_D10_AE_AF_mGAM_mBHI_6_S331,102316
59,C8-e003Coalescence-mBHI-p5,19785,1251387,D_D7_D10_AE_AF_mGAM_mBHI_6_S331,102316
60,A11-e003Coalescence-mBHI-p3,21416,1455400,D_D7_D10_AE_AF_mGAM_mBHI_6_S331,102316
61,E2-e003Coalescence-mGAM-p7_S145,14627,960650,D_D7_D10_AE_AF_mGAM_mBHI_6_S331,102316
62,E8-e003Coalescence-mBHI-p5_S5,17474,1129168,D_D7_D10_AE_AF_mGAM_mBHI_6_S331,102316
63,H111-e003Coalescence-mBHI-p3_S144,15,1229895,D_D7_D10_AE_AF_mGAM_mBHI_6_S331,102316
64,E100-e003Coalescence-mGAM-p3_S155,20489,1310955,D_D7_D10_AE_AF_mGAM_mBHI_6_S331,102316
65,E111-e003Coalescence-mBHI-p5_S8,8018,719187,D_D7_D10_AE_AF_mGAM_mBHI_6_S331,102316
66,H100-e003Coalescence-mBHI-p5_S43,0,1043416,D_D7_D10_AE_AF_mGAM_mBHI_6_S331,102316
67,H8-e003Coalescence-mBHI-p7_S137,17839,1241668,D_D7_D10_AE_AF_mGAM_mBHI_6_S331,102316
68,G8-e003Coalescence-mGAM-p5_S77,21001,1348310,D_D7_D10_AE_AF_mGAM_mBHI_6_S331,102316
69,H8-e003Coalescence-mBHI-p5_S41,11721,797551,D_D7_D10_AE_AF_mGAM_mBHI_6_S331,102316
70,E100-e003Coalescence-mBHI-p5_S7,13496,890217,D_D7_D10_AE_AF_mGAM_mBHI_6_S331,102316
71,E100-e003Coalescence-mGAM-p5_S55,12320,809705,D_D7_D10_AE_AF_mGAM_mBHI_6_S331,102316
72,H111-e003Coalescence-mBHI-p5_S44,9,674095,D_D7_D10_AE_AF_mGAM_mBHI_6_S331,102316
73,E2-e003Coalescence-mGAM-p3_S57,15906,1046865,D_D7_D10_AE_AF_mGAM_mBHI_6_S331,102316
74,H100-e003Coalescence-mBHI-p7_S139,1,1277434,D_D7_D10_AE_AF_mGAM_mBHI_6_S331,102316
75,G8-e003Coalescence-mBHI-p5_S29,11404,748494,D_D7_D10_AE_AF_mGAM_mBHI_6_S331,102316
76,E8-e003Coalescence-mBHI-p3_S105,20246,1300226,D_D7_D10_AE_AF_mGAM_mBHI_6_S331,102316
77,E8-e003Coalescence-mGAM-p7_S149,22250,1417361,D_D7_D10_AE_AF_mGAM_mBHI_6_S331,102316
78,H8-e003Coalescence-mGAM-p7_S185,559,983015,D_D7_D10_AE_AF_mGAM_mBHI_6_S331,102316
79,A2-e003Coalescence-Inoculumn-mGAM,12153,766653,D_D7_D10_AE_AF_mGAM_mBHI_6_S331,102316
80,B8-e003Coalescence-mBHI-p1_S749,19777,1268450,D_D7_D10_AE_AF_mGAM_mBHI_6_S331,102316
81,A8-e003Coalescence-mBHI-p1_S748,20030,1289758,D_D7_D10_AE_AF_mGAM_mBHI_6_S331,102316
82,H8-e003Coalescence-mBHI-p1_S815,16082,1218424,D_D7_D10_AE_AF_mGAM_mBHI_6_S331,102316
83,E8-e003Coalescence-mBHI-p1_S812,22081,1401516,D_D7_D10_AE_AF_mGAM_mBHI_6_S331,102316
84,G8-e003Coalescence-mGAM-p1_S818,12962,827892,D_D7_D10_AE_AF_mGAM_mBHI_6_S331,102316
85,D8-e003Coalescence-mGAM-p1_S755,9422,701330,D_D7_D10_AE_AF_mGAM_mBHI_6_S331,102316
86,A9-e003Coalescence-mBHI-p1_S756,22671,1437416,D_D7_D10_AE_AF_mGAM_mBHI_6_S331,102316
87,E11-e003Coalescence-mBHI-p1_S836,21862,1451168,D_D7_D10_AE_AF_mGAM_mBHI_6_S331,102316
88,A10-e003Coalescence-mBHI-p1_S764,18366,1193259,D_D7_D10_AE_AF_mGAM_mBHI_6_S331,102316
89,A11-e003Coalescence-mBHI-p1_S772,17221,1248804,D_D7_D10_AE_AF_mGAM_mBHI_6_S331,102316
90,Coalescence-F2-E10-AA-AE-mGAM-mBHI-3_S681,22538,1425787,D_D7_D10_AE_AF_mGAM_mBHI_6_S331,102316
91,Coalescence-E8-D11-AF-AF-mGAM-mBHI-3_S675,3,1135698,D_D7_D10_AE_AF_mGAM_mBHI_6_S331,102316
92,Coalescence-F10-H8-AA-AF-mGAM-mGAM-3_S689,9380,1095751,D_D7_D10_AE_AF_mGAM_mBHI_6_S331,102316
93,Coalescence-A10-C11-AE-AF-mGAM-mBHI-7_S629,16,698926,D_D7_D10_AE_AF_mGAM_mBHI_6_S331,102316
94,C_E2_e003Assembly_S242,11902,781119,D_D7_D10_AE_AF_mGAM_mBHI_6_S331,102316
0,A_A5_A8_AA_AA_mGAM_mBHI_2_S5,22028,1417316,D_D11_H10_AE_AF_mGAM_mBHI_4_S335,102316
1,A_A8_A11_AF_AA_mGAM_mBHI_2_S8,13751,1079879,D_D11_H10_AE_AF_mGAM_mBHI_4_S335,102316
2,A_C5_C8_AA_AE_mGAM_mBHI_2_S29,22121,1427638,D_D11_H10_AE_AF_mGAM_mBHI_4_S335,102316
3,A_D5_D8_AA_AF_mGAM_mBHI_2_S41,10385,966462,D_D11_H10_AE_AF_mGAM_mBHI_4_S335,102316
4,A_D8_D11_AF_AF_mGAM_mBHI_2_S44,1,1169381,D_D11_H10_AE_AF_mGAM_mBHI_4_S335,102316
5,A_E5_A8_AA_AA_mGAM_mGAM_2_S53,15525,1019189,D_D11_H10_AE_AF_mGAM_mBHI_4_S335,102316
6,A_E9_A2_AA_AA_mBHI_mGAM_4_S57,21897,1413231,D_D11_H10_AE_AF_mGAM_mBHI_4_S335,102316
7,A_G1_C2_AA_AE_mBHI_mGAM_2_S73,10698,712175,D_D11_H10_AE_AF_mGAM_mBHI_4_S335,102316
8,A_G5_C8_AA_AE_mGAM_mGAM_2_S77,21903,1416857,D_D11_H10_AE_AF_mGAM_mBHI_4_S335,102316
9,A_G9_C2_AA_AE_mBHI_mGAM_4_S81,21557,1411062,D_D11_H10_AE_AF_mGAM_mBHI_4_S335,102316
10,B_A5_E8_AA_AA_mGAM_mBHI_2_S101,22125,1425704,D_D11_H10_AE_AF_mGAM_mBHI_4_S335,102316
11,B_A6_E9_ACPP_AA_mGAM_mBHI_2_S102,17070,1117375,D_D11_H10_AE_AF_mGAM_mBHI_4_S335,102316
12,B_A7_E10_AE_AA_mGAM_mBHI_2_S103,22213,1427518,D_D11_H10_AE_AF_mGAM_mBHI_4_S335,102316
13,B_A11_A10_AE_AA_mGAM_mBHI_4_S107,21408,1383768,D_D11_H10_AE_AF_mGAM_mBHI_4_S335,102316
14,B_A12_A11_AF_AA_mGAM_mBHI_4_S108,18883,1434911,D_D11_H10_AE_AF_mGAM_mBHI_4_S335,102316
15,B_C12_C11_AF_AE_mGAM_mBHI_4_S132,1,1052319,D_D11_H10_AE_AF_mGAM_mBHI_4_S335,102316
16,B_D7_H10_AE_AF_mGAM_mBHI_2_S139,1,1353892,D_D11_H10_AE_AF_mGAM_mBHI_4_S335,102316
17,B_D11_D10_AE_AF_mGAM_mBHI_4_S143,3,1203283,D_D11_H10_AE_AF_mGAM_mBHI_4_S335,102316
18,B_E5_E8_AA_AA_mGAM_mGAM_2_S149,14153,946657,D_D11_H10_AE_AF_mGAM_mBHI_4_S335,102316
19,B_E7_E10_AE_AA_mGAM_mGAM_2_S151,22342,1444031,D_D11_H10_AE_AF_mGAM_mBHI_4_S335,102316
20,B_E8_E11_AF_AA_mGAM_mGAM_2_S152,10718,849793,D_D11_H10_AE_AF_mGAM_mBHI_4_S335,102316
21,B_E11_A10_AE_AA_mGAM_mGAM_4_S155,15656,1028220,D_D11_H10_AE_AF_mGAM_mBHI_4_S335,102316
22,B_G1_G2_AA_AE_mBHI_mGAM_2_S169,15630,1033473,D_D11_H10_AE_AF_mGAM_mBHI_4_S335,102316
23,B_H5_H8_AA_AF_mGAM_mGAM_2_S185,16851,1427983,D_D11_H10_AE_AF_mGAM_mBHI_4_S335,102316
24,C_C5_C8_AA_AE_mGAM_mBHI_6_S221,14879,977407,D_D11_H10_AE_AF_mGAM_mBHI_4_S335,102316
25,C_C8_C11_AF_AE_mGAM_mBHI_6_S224,5,1218207,D_D11_H10_AE_AF_mGAM_mBHI_4_S335,102316
26,C_D5_D8_AA_AF_mGAM_mBHI_6_S233,10213,1127572,D_D11_H10_AE_AF_mGAM_mBHI_4_S335,102316
27,C_D7_D10_AE_AF_mGAM_mBHI_6_S235,0,1404179,D_D11_H10_AE_AF_mGAM_mBHI_4_S335,102316
28,C_E5_A8_AA_AA_mGAM_mGAM_6_S245,22148,1431755,D_D11_H10_AE_AF_mGAM_mBHI_4_S335,102316
29,C_E7_A10_AE_AA_mGAM_mGAM_6_S247,21925,1413289,D_D11_H10_AE_AF_mGAM_mBHI_4_S335,102316
30,C_E9_E2_AA_AA_mBHI_mGAM_4_S249,21556,1403356,D_D11_H10_AE_AF_mGAM_mBHI_4_S335,102316
31,C_E11_E4_AE_AA_mBHI_mGAM_4_S251,21940,1422885,D_D11_H10_AE_AF_mGAM_mBHI_4_S335,102316
32,D_A6_A9_ACPP_AA_mGAM_mBHI_6_S294,22344,1440130,D_D11_H10_AE_AF_mGAM_mBHI_4_S335,102316
33,D_A7_A10_AE_AA_mGAM_mBHI_6_S295,22324,1433602,D_D11_H10_AE_AF_mGAM_mBHI_4_S335,102316
34,D_A8_A11_AF_AA_mGAM_mBHI_6_S296,16873,1436671,D_D11_H10_AE_AF_mGAM_mBHI_4_S335,102316
35,D_A9_E8_AA_AA_mGAM_mBHI_4_S297,22380,1437286,D_D11_H10_AE_AF_mGAM_mBHI_4_S335,102316
36,D_A12_E11_AF_AA_mGAM_mBHI_4_S300,17691,1396823,D_D11_H10_AE_AF_mGAM_mBHI_4_S335,102316
37,D_C8_C11_AF_AE_mGAM_mBHI_6_S320,3,1292174,D_D11_H10_AE_AF_mGAM_mBHI_4_S335,102316
38,D_C9_G8_AA_AE_mGAM_mBHI_4_S321,16850,1110163,D_D11_H10_AE_AF_mGAM_mBHI_4_S335,102316
39,D_C12_G11_AF_AE_mGAM_mBHI_4_S324,2,1330220,D_D11_H10_AE_AF_mGAM_mBHI_4_S335,102316
40,D_D7_D10_AE_AF_mGAM_mBHI_6_S331,2,1338259,D_D11_H10_AE_AF_mGAM_mBHI_4_S335,102316
41,D_D11_H10_AE_AF_mGAM_mBHI_4_S335,0,1308265,D_D11_H10_AE_AF_mGAM_mBHI_4_S335,102316
42,D_E1_A2_AA_AA_mBHI_mGAM_6_S337,22202,1436963,D_D11_H10_AE_AF_mGAM_mBHI_4_S335,102316
43,D_E3_A4_AE_AA_mBHI_mGAM_6_S339,21863,1417311,D_D11_H10_AE_AF_mGAM_mBHI_4_S335,102316
44,D_E6_A9_ACPP_AA_mGAM_mGAM_6_S342,20185,1303681,D_D11_H10_AE_AF_mGAM_mBHI_4_S335,102316
45,D_E7_A10_AE_AA_mGAM_mGAM_6_S343,20826,1343749,D_D11_H10_AE_AF_mGAM_mBHI_4_S335,102316
46,D_E9_E8_AA_AA_mGAM_mGAM_4_S345,21764,1400809,D_D11_H10_AE_AF_mGAM_mBHI_4_S335,102316
47,D_E11_E10_AE_AA_mGAM_mGAM_4_S347,21823,1397326,D_D11_H10_AE_AF_mGAM_mBHI_4_S335,102316
48,D_G1_C2_AA_AE_mBHI_mGAM_6_S361,10546,712918,D_D11_H10_AE_AF_mGAM_mBHI_4_S335,102316
49,D_H5_D8_AA_AF_mGAM_mGAM_6_S377,587,1125549,D_D11_H10_AE_AF_mGAM_mBHI_4_S335,102316
50,D10-e003Coalescence-mBHI-p3,44,721454,D_D11_H10_AE_AF_mGAM_mBHI_4_S335,102316
51,C2-e003Coalescence-mGAM-p7,22561,1453552,D_D11_H10_AE_AF_mGAM_mBHI_4_S335,102316
52,D10-e003Coalescence-mBHI-p5,49,723373,D_D11_H10_AE_AF_mGAM_mBHI_4_S335,102316
53,D8-e003Coalescence-mBHI-p5,8053,795854,D_D11_H10_AE_AF_mGAM_mBHI_4_S335,102316
54,A8-e003Coalescence-mBHI-p7,22731,1437763,D_D11_H10_AE_AF_mGAM_mBHI_4_S335,102316
55,A10-e003Coalescence-mGAM-p3,14782,960054,D_D11_H10_AE_AF_mGAM_mBHI_4_S335,102316
56,A8-e003Coalescence-mBHI-p5,17066,1099058,D_D11_H10_AE_AF_mGAM_mBHI_4_S335,102316
57,A10-e003Coalescence-mBHI-p7,18259,1171728,D_D11_H10_AE_AF_mGAM_mBHI_4_S335,102316
58,A2-e003Coalescence-mGAM-p5,17335,1119246,D_D11_H10_AE_AF_mGAM_mBHI_4_S335,102316
59,C8-e003Coalescence-mBHI-p5,19427,1251387,D_D11_H10_AE_AF_mGAM_mBHI_4_S335,102316
60,A11-e003Coalescence-mBHI-p3,21066,1455400,D_D11_H10_AE_AF_mGAM_mBHI_4_S335,102316
61,E2-e003Coalescence-mGAM-p7_S145,14426,960650,D_D11_H10_AE_AF_mGAM_mBHI_4_S335,102316
62,E8-e003Coalescence-mBHI-p5_S5,17167,1129168,D_D11_H10_AE_AF_mGAM_mBHI_4_S335,102316
63,H111-e003Coalescence-mBHI-p3_S144,17,1229895,D_D11_H10_AE_AF_mGAM_mBHI_4_S335,102316
64,E100-e003Coalescence-mGAM-p3_S155,20085,1310955,D_D11_H10_AE_AF_mGAM_mBHI_4_S335,102316
65,E111-e003Coalescence-mBHI-p5_S8,7842,719187,D_D11_H10_AE_AF_mGAM_mBHI_4_S335,102316
66,H100-e003Coalescence-mBHI-p5_S43,1,1043416,D_D11_H10_AE_AF_mGAM_mBHI_4_S335,102316
67,H8-e003Coalescence-mBHI-p7_S137,17495,1241668,D_D11_H10_AE_AF_mGAM_mBHI_4_S335,102316
68,G8-e003Coalescence-mGAM-p5_S77,20663,1348310,D_D11_H10_AE_AF_mGAM_mBHI_4_S335,102316
69,H8-e003Coalescence-mBHI-p5_S41,11574,797551,D_D11_H10_AE_AF_mGAM_mBHI_4_S335,102316
70,E100-e003Coalescence-mBHI-p5_S7,13255,890217,D_D11_H10_AE_AF_mGAM_mBHI_4_S335,102316
71,E100-e003Coalescence-mGAM-p5_S55,12091,809705,D_D11_H10_AE_AF_mGAM_mBHI_4_S335,102316
72,H111-e003Coalescence-mBHI-p5_S44,12,674095,D_D11_H10_AE_AF_mGAM_mBHI_4_S335,102316
73,E2-e003Coalescence-mGAM-p3_S57,15680,1046865,D_D11_H10_AE_AF_mGAM_mBHI_4_S335,102316
74,H100-e003Coalescence-mBHI-p7_S139,10,1277434,D_D11_H10_AE_AF_mGAM_mBHI_4_S335,102316
75,G8-e003Coalescence-mBHI-p5_S29,11312,748494,D_D11_H10_AE_AF_mGAM_mBHI_4_S335,102316
76,E8-e003Coalescence-mBHI-p3_S105,19886,1300226,D_D11_H10_AE_AF_mGAM_mBHI_4_S335,102316
77,E8-e003Coalescence-mGAM-p7_S149,21860,1417361,D_D11_H10_AE_AF_mGAM_mBHI_4_S335,102316
78,H8-e003Coalescence-mGAM-p7_S185,574,983015,D_D11_H10_AE_AF_mGAM_mBHI_4_S335,102316
79,A2-e003Coalescence-Inoculumn-mGAM,11963,766653,D_D11_H10_AE_AF_mGAM_mBHI_4_S335,102316
80,B8-e003Coalescence-mBHI-p1_S749,19513,1268450,D_D11_H10_AE_AF_mGAM_mBHI_4_S335,102316
81,A8-e003Coalescence-mBHI-p1_S748,19733,1289758,D_D11_H10_AE_AF_mGAM_mBHI_4_S335,102316
82,H8-e003Coalescence-mBHI-p1_S815,15828,1218424,D_D11_H10_AE_AF_mGAM_mBHI_4_S335,102316
83,E8-e003Coalescence-mBHI-p1_S812,21707,1401516,D_D11_H10_AE_AF_mGAM_mBHI_4_S335,102316
84,G8-e003Coalescence-mGAM-p1_S818,12808,827892,D_D11_H10_AE_AF_mGAM_mBHI_4_S335,102316
85,D8-e003Coalescence-mGAM-p1_S755,9261,701330,D_D11_H10_AE_AF_mGAM_mBHI_4_S335,102316
86,A9-e003Coalescence-mBHI-p1_S756,22256,1437416,D_D11_H10_AE_AF_mGAM_mBHI_4_S335,102316
87,E11-e003Coalescence-mBHI-p1_S836,21499,1451168,D_D11_H10_AE_AF_mGAM_mBHI_4_S335,102316
88,A10-e003Coalescence-mBHI-p1_S764,18014,1193259,D_D11_H10_AE_AF_mGAM_mBHI_4_S335,102316
89,A11-e003Coalescence-mBHI-p1_S772,16881,1248804,D_D11_H10_AE_AF_mGAM_mBHI_4_S335,102316
90,Coalescence-F2-E10-AA-AE-mGAM-mBHI-3_S681,22158,1425787,D_D11_H10_AE_AF_mGAM_mBHI_4_S335,102316
91,Coalescence-E8-D11-AF-AF-mGAM-mBHI-3_S675,8,1135698,D_D11_H10_AE_AF_mGAM_mBHI_4_S335,102316
92,Coalescence-F10-H8-AA-AF-mGAM-mGAM-3_S689,9193,1095751,D_D11_H10_AE_AF_mGAM_mBHI_4_S335,102316
93,Coalescence-A10-C11-AE-AF-mGAM-mBHI-7_S629,2,698926,D_D11_H10_AE_AF_mGAM_mBHI_4_S335,102316
94,C_E2_e003Assembly_S242,11697,781119,D_D11_H10_AE_AF_mGAM_mBHI_4_S335,102316
0,A_A5_A8_AA_AA_mGAM_mBHI_2_S5,11,1417316,D_E1_A2_AA_AA_mBHI_mGAM_6_S337,102316
1,A_A8_A11_AF_AA_mGAM_mBHI_2_S8,16,1079879,D_E1_A2_AA_AA_mBHI_mGAM_6_S337,102316
2,A_C5_C8_AA_AE_mGAM_mBHI_2_S29,2,1427638,D_E1_A2_AA_AA_mBHI_mGAM_6_S337,102316
3,A_D5_D8_AA_AF_mGAM_mBHI_2_S41,30,966462,D_E1_A2_AA_AA_mBHI_mGAM_6_S337,102316
4,A_D8_D11_AF_AF_mGAM_mBHI_2_S44,19511,1169381,D_E1_A2_AA_AA_mBHI_mGAM_6_S337,102316
5,A_E5_A8_AA_AA_mGAM_mGAM_2_S53,44,1019189,D_E1_A2_AA_AA_mBHI_mGAM_6_S337,102316
6,A_E9_A2_AA_AA_mBHI_mGAM_4_S57,1,1413231,D_E1_A2_AA_AA_mBHI_mGAM_6_S337,102316
7,A_G1_C2_AA_AE_mBHI_mGAM_2_S73,10,712175,D_E1_A2_AA_AA_mBHI_mGAM_6_S337,102316
8,A_G5_C8_AA_AE_mGAM_mGAM_2_S77,72,1416857,D_E1_A2_AA_AA_mBHI_mGAM_6_S337,102316
9,A_G9_C2_AA_AE_mBHI_mGAM_4_S81,1,1411062,D_E1_A2_AA_AA_mBHI_mGAM_6_S337,102316
10,B_A5_E8_AA_AA_mGAM_mBHI_2_S101,2,1425704,D_E1_A2_AA_AA_mBHI_mGAM_6_S337,102316
11,B_A6_E9_ACPP_AA_mGAM_mBHI_2_S102,16,1117375,D_E1_A2_AA_AA_mBHI_mGAM_6_S337,102316
12,B_A7_E10_AE_AA_mGAM_mBHI_2_S103,4,1427518,D_E1_A2_AA_AA_mBHI_mGAM_6_S337,102316
13,B_A11_A10_AE_AA_mGAM_mBHI_4_S107,14,1383768,D_E1_A2_AA_AA_mBHI_mGAM_6_S337,102316
14,B_A12_A11_AF_AA_mGAM_mBHI_4_S108,15,1434911,D_E1_A2_AA_AA_mBHI_mGAM_6_S337,102316
15,B_C12_C11_AF_AE_mGAM_mBHI_4_S132,17439,1052319,D_E1_A2_AA_AA_mBHI_mGAM_6_S337,102316
16,B_D7_H10_AE_AF_mGAM_mBHI_2_S139,22959,1353892,D_E1_A2_AA_AA_mBHI_mGAM_6_S337,102316
17,B_D11_D10_AE_AF_mGAM_mBHI_4_S143,20052,1203283,D_E1_A2_AA_AA_mBHI_mGAM_6_S337,102316
18,B_E5_E8_AA_AA_mGAM_mGAM_2_S149,34,946657,D_E1_A2_AA_AA_mBHI_mGAM_6_S337,102316
19,B_E7_E10_AE_AA_mGAM_mGAM_2_S151,21,1444031,D_E1_A2_AA_AA_mBHI_mGAM_6_S337,102316
20,B_E8_E11_AF_AA_mGAM_mGAM_2_S152,35,849793,D_E1_A2_AA_AA_mBHI_mGAM_6_S337,102316
21,B_E11_A10_AE_AA_mGAM_mGAM_4_S155,7,1028220,D_E1_A2_AA_AA_mBHI_mGAM_6_S337,102316
22,B_G1_G2_AA_AE_mBHI_mGAM_2_S169,13,1033473,D_E1_A2_AA_AA_mBHI_mGAM_6_S337,102316
23,B_H5_H8_AA_AF_mGAM_mGAM_2_S185,34,1427983,D_E1_A2_AA_AA_mBHI_mGAM_6_S337,102316
24,C_C5_C8_AA_AE_mGAM_mBHI_6_S221,7,977407,D_E1_A2_AA_AA_mBHI_mGAM_6_S337,102316
25,C_C8_C11_AF_AE_mGAM_mBHI_6_S224,20391,1218207,D_E1_A2_AA_AA_mBHI_mGAM_6_S337,102316
26,C_D5_D8_AA_AF_mGAM_mBHI_6_S233,93,1127572,D_E1_A2_AA_AA_mBHI_mGAM_6_S337,102316
27,C_D7_D10_AE_AF_mGAM_mBHI_6_S235,23825,1404179,D_E1_A2_AA_AA_mBHI_mGAM_6_S337,102316
28,C_E5_A8_AA_AA_mGAM_mGAM_6_S245,64,1431755,D_E1_A2_AA_AA_mBHI_mGAM_6_S337,102316
29,C_E7_A10_AE_AA_mGAM_mGAM_6_S247,4,1413289,D_E1_A2_AA_AA_mBHI_mGAM_6_S337,102316
30,C_E9_E2_AA_AA_mBHI_mGAM_4_S249,0,1403356,D_E1_A2_AA_AA_mBHI_mGAM_6_S337,102316
31,C_E11_E4_AE_AA_mBHI_mGAM_4_S251,2,1422885,D_E1_A2_AA_AA_mBHI_mGAM_6_S337,102316
32,D_A6_A9_ACPP_AA_mGAM_mBHI_6_S294,0,1440130,D_E1_A2_AA_AA_mBHI_mGAM_6_S337,102316
33,D_A7_A10_AE_AA_mGAM_mBHI_6_S295,1,1433602,D_E1_A2_AA_AA_mBHI_mGAM_6_S337,102316
34,D_A8_A11_AF_AA_mGAM_mBHI_6_S296,11,1436671,D_E1_A2_AA_AA_mBHI_mGAM_6_S337,102316
35,D_A9_E8_AA_AA_mGAM_mBHI_4_S297,8,1437286,D_E1_A2_AA_AA_mBHI_mGAM_6_S337,102316
36,D_A12_E11_AF_AA_mGAM_mBHI_4_S300,14,1396823,D_E1_A2_AA_AA_mBHI_mGAM_6_S337,102316
37,D_C8_C11_AF_AE_mGAM_mBHI_6_S320,21682,1292174,D_E1_A2_AA_AA_mBHI_mGAM_6_S337,102316
38,D_C9_G8_AA_AE_mGAM_mBHI_4_S321,0,1110163,D_E1_A2_AA_AA_mBHI_mGAM_6_S337,102316
39,D_C12_G11_AF_AE_mGAM_mBHI_4_S324,22463,1330220,D_E1_A2_AA_AA_mBHI_mGAM_6_S337,102316
40,D_D7_D10_AE_AF_mGAM_mBHI_6_S331,22574,1338259,D_E1_A2_AA_AA_mBHI_mGAM_6_S337,102316
41,D_D11_H10_AE_AF_mGAM_mBHI_4_S335,22202,1308265,D_E1_A2_AA_AA_mBHI_mGAM_6_S337,102316
42,D_E1_A2_AA_AA_mBHI_mGAM_6_S337,0,1436963,D_E1_A2_AA_AA_mBHI_mGAM_6_S337,102316
43,D_E3_A4_AE_AA_mBHI_mGAM_6_S339,4,1417311,D_E1_A2_AA_AA_mBHI_mGAM_6_S337,102316
44,D_E6_A9_ACPP_AA_mGAM_mGAM_6_S342,27,1303681,D_E1_A2_AA_AA_mBHI_mGAM_6_S337,102316
45,D_E7_A10_AE_AA_mGAM_mGAM_6_S343,2,1343749,D_E1_A2_AA_AA_mBHI_mGAM_6_S337,102316
46,D_E9_E8_AA_AA_mGAM_mGAM_4_S345,79,1400809,D_E1_A2_AA_AA_mBHI_mGAM_6_S337,102316
47,D_E11_E10_AE_AA_mGAM_mGAM_4_S347,8,1397326,D_E1_A2_AA_AA_mBHI_mGAM_6_S337,102316
48,D_G1_C2_AA_AE_mBHI_mGAM_6_S361,4,712918,D_E1_A2_AA_AA_mBHI_mGAM_6_S337,102316
49,D_H5_D8_AA_AF_mGAM_mGAM_6_S377,4307,1125549,D_E1_A2_AA_AA_mBHI_mGAM_6_S337,102316
50,D10-e003Coalescence-mBHI-p3,12095,721454,D_E1_A2_AA_AA_mBHI_mGAM_6_S337,102316
51,C2-e003Coalescence-mGAM-p7,74,1453552,D_E1_A2_AA_AA_mBHI_mGAM_6_S337,102316
52,D10-e003Coalescence-mBHI-p5,11990,723373,D_E1_A2_AA_AA_mBHI_mGAM_6_S337,102316
53,D8-e003Coalescence-mBHI-p5,105,795854,D_E1_A2_AA_AA_mBHI_mGAM_6_S337,102316
54,A8-e003Coalescence-mBHI-p7,80,1437763,D_E1_A2_AA_AA_mBHI_mGAM_6_S337,102316
55,A10-e003Coalescence-mGAM-p3,56,960054,D_E1_A2_AA_AA_mBHI_mGAM_6_S337,102316
56,A8-e003Coalescence-mBHI-p5,41,1099058,D_E1_A2_AA_AA_mBHI_mGAM_6_S337,102316
57,A10-e003Coalescence-mBHI-p7,54,1171728,D_E1_A2_AA_AA_mBHI_mGAM_6_S337,102316
58,A2-e003Coalescence-mGAM-p5,52,1119246,D_E1_A2_AA_AA_mBHI_mGAM_6_S337,102316
59,C8-e003Coalescence-mBHI-p5,53,1251387,D_E1_A2_AA_AA_mBHI_mGAM_6_S337,102316
60,A11-e003Coalescence-mBHI-p3,90,1455400,D_E1_A2_AA_AA_mBHI_mGAM_6_S337,102316
61,E2-e003Coalescence-mGAM-p7_S145,2,960650,D_E1_A2_AA_AA_mBHI_mGAM_6_S337,102316
62,E8-e003Coalescence-mBHI-p5_S5,2,1129168,D_E1_A2_AA_AA_mBHI_mGAM_6_S337,102316
63,H111-e003Coalescence-mBHI-p3_S144,20751,1229895,D_E1_A2_AA_AA_mBHI_mGAM_6_S337,102316
64,E100-e003Coalescence-mGAM-p3_S155,9,1310955,D_E1_A2_AA_AA_mBHI_mGAM_6_S337,102316
65,E111-e003Coalescence-mBHI-p5_S8,50,719187,D_E1_A2_AA_AA_mBHI_mGAM_6_S337,102316
66,H100-e003Coalescence-mBHI-p5_S43,17195,1043416,D_E1_A2_AA_AA_mBHI_mGAM_6_S337,102316
67,H8-e003Coalescence-mBHI-p7_S137,25,1241668,D_E1_A2_AA_AA_mBHI_mGAM_6_S337,102316
68,G8-e003Coalescence-mGAM-p5_S77,40,1348310,D_E1_A2_AA_AA_mBHI_mGAM_6_S337,102316
69,H8-e003Coalescence-mBHI-p5_S41,16,797551,D_E1_A2_AA_AA_mBHI_mGAM_6_S337,102316
70,E100-e003Coalescence-mBHI-p5_S7,3,890217,D_E1_A2_AA_AA_mBHI_mGAM_6_S337,102316
71,E100-e003Coalescence-mGAM-p5_S55,7,809705,D_E1_A2_AA_AA_mBHI_mGAM_6_S337,102316
72,H111-e003Coalescence-mBHI-p5_S44,10947,674095,D_E1_A2_AA_AA_mBHI_mGAM_6_S337,102316
73,E2-e003Coalescence-mGAM-p3_S57,0,1046865,D_E1_A2_AA_AA_mBHI_mGAM_6_S337,102316
74,H100-e003Coalescence-mBHI-p7_S139,21375,1277434,D_E1_A2_AA_AA_mBHI_mGAM_6_S337,102316
75,G8-e003Coalescence-mBHI-p5_S29,2,748494,D_E1_A2_AA_AA_mBHI_mGAM_6_S337,102316
76,E8-e003Coalescence-mBHI-p3_S105,5,1300226,D_E1_A2_AA_AA_mBHI_mGAM_6_S337,102316
77,E8-e003Coalescence-mGAM-p7_S149,70,1417361,D_E1_A2_AA_AA_mBHI_mGAM_6_S337,102316
78,H8-e003Coalescence-mGAM-p7_S185,5390,983015,D_E1_A2_AA_AA_mBHI_mGAM_6_S337,102316
79,A2-e003Coalescence-Inoculumn-mGAM,87,766653,D_E1_A2_AA_AA_mBHI_mGAM_6_S337,102316
80,B8-e003Coalescence-mBHI-p1_S749,89,1268450,D_E1_A2_AA_AA_mBHI_mGAM_6_S337,102316
81,A8-e003Coalescence-mBHI-p1_S748,2,1289758,D_E1_A2_AA_AA_mBHI_mGAM_6_S337,102316
82,H8-e003Coalescence-mBHI-p1_S815,26,1218424,D_E1_A2_AA_AA_mBHI_mGAM_6_S337,102316
83,E8-e003Coalescence-mBHI-p1_S812,5,1401516,D_E1_A2_AA_AA_mBHI_mGAM_6_S337,102316
84,G8-e003Coalescence-mGAM-p1_S818,34,827892,D_E1_A2_AA_AA_mBHI_mGAM_6_S337,102316
85,D8-e003Coalescence-mGAM-p1_S755,40,701330,D_E1_A2_AA_AA_mBHI_mGAM_6_S337,102316
86,A9-e003Coalescence-mBHI-p1_S756,87,1437416,D_E1_A2_AA_AA_mBHI_mGAM_6_S337,102316
87,E11-e003Coalescence-mBHI-p1_S836,15,1451168,D_E1_A2_AA_AA_mBHI_mGAM_6_S337,102316
88,A10-e003Coalescence-mBHI-p1_S764,5,1193259,D_E1_A2_AA_AA_mBHI_mGAM_6_S337,102316
89,A11-e003Coalescence-mBHI-p1_S772,33,1248804,D_E1_A2_AA_AA_mBHI_mGAM_6_S337,102316
90,Coalescence-F2-E10-AA-AE-mGAM-mBHI-3_S681,3,1425787,D_E1_A2_AA_AA_mBHI_mGAM_6_S337,102316
91,Coalescence-E8-D11-AF-AF-mGAM-mBHI-3_S675,18894,1135698,D_E1_A2_AA_AA_mBHI_mGAM_6_S337,102316
92,Coalescence-F10-H8-AA-AF-mGAM-mGAM-3_S689,131,1095751,D_E1_A2_AA_AA_mBHI_mGAM_6_S337,102316
93,Coalescence-A10-C11-AE-AF-mGAM-mBHI-7_S629,11349,698926,D_E1_A2_AA_AA_mBHI_mGAM_6_S337,102316
94,C_E2_e003Assembly_S242,56,781119,D_E1_A2_AA_AA_mBHI_mGAM_6_S337,102316
0,A_A5_A8_AA_AA_mGAM_mBHI_2_S5,8,1417316,D_E3_A4_AE_AA_mBHI_mGAM_6_S339,102316
1,A_A8_A11_AF_AA_mGAM_mBHI_2_S8,12,1079879,D_E3_A4_AE_AA_mBHI_mGAM_6_S339,102316
2,A_C5_C8_AA_AE_mGAM_mBHI_2_S29,3,1427638,D_E3_A4_AE_AA_mBHI_mGAM_6_S339,102316
3,A_D5_D8_AA_AF_mGAM_mBHI_2_S41,28,966462,D_E3_A4_AE_AA_mBHI_mGAM_6_S339,102316
4,A_D8_D11_AF_AF_mGAM_mBHI_2_S44,19185,1169381,D_E3_A4_AE_AA_mBHI_mGAM_6_S339,102316
5,A_E5_A8_AA_AA_mGAM_mGAM_2_S53,25,1019189,D_E3_A4_AE_AA_mBHI_mGAM_6_S339,102316
6,A_E9_A2_AA_AA_mBHI_mGAM_4_S57,11,1413231,D_E3_A4_AE_AA_mBHI_mGAM_6_S339,102316
7,A_G1_C2_AA_AE_mBHI_mGAM_2_S73,5,712175,D_E3_A4_AE_AA_mBHI_mGAM_6_S339,102316
8,A_G5_C8_AA_AE_mGAM_mGAM_2_S77,52,1416857,D_E3_A4_AE_AA_mBHI_mGAM_6_S339,102316
9,A_G9_C2_AA_AE_mBHI_mGAM_4_S81,1,1411062,D_E3_A4_AE_AA_mBHI_mGAM_6_S339,102316
10,B_A5_E8_AA_AA_mGAM_mBHI_2_S101,1,1425704,D_E3_A4_AE_AA_mBHI_mGAM_6_S339,102316
11,B_A6_E9_ACPP_AA_mGAM_mBHI_2_S102,23,1117375,D_E3_A4_AE_AA_mBHI_mGAM_6_S339,102316
12,B_A7_E10_AE_AA_mGAM_mBHI_2_S103,0,1427518,D_E3_A4_AE_AA_mBHI_mGAM_6_S339,102316
13,B_A11_A10_AE_AA_mGAM_mBHI_4_S107,7,1383768,D_E3_A4_AE_AA_mBHI_mGAM_6_S339,102316
14,B_A12_A11_AF_AA_mGAM_mBHI_4_S108,18,1434911,D_E3_A4_AE_AA_mBHI_mGAM_6_S339,102316
15,B_C12_C11_AF_AE_mGAM_mBHI_4_S132,17137,1052319,D_E3_A4_AE_AA_mBHI_mGAM_6_S339,102316
16,B_D7_H10_AE_AF_mGAM_mBHI_2_S139,22638,1353892,D_E3_A4_AE_AA_mBHI_mGAM_6_S339,102316
17,B_D11_D10_AE_AF_mGAM_mBHI_4_S143,19813,1203283,D_E3_A4_AE_AA_mBHI_mGAM_6_S339,102316
18,B_E5_E8_AA_AA_mGAM_mGAM_2_S149,19,946657,D_E3_A4_AE_AA_mBHI_mGAM_6_S339,102316
19,B_E7_E10_AE_AA_mGAM_mGAM_2_S151,40,1444031,D_E3_A4_AE_AA_mBHI_mGAM_6_S339,102316
20,B_E8_E11_AF_AA_mGAM_mGAM_2_S152,36,849793,D_E3_A4_AE_AA_mBHI_mGAM_6_S339,102316
21,B_E11_A10_AE_AA_mGAM_mGAM_4_S155,15,1028220,D_E3_A4_AE_AA_mBHI_mGAM_6_S339,102316
22,B_G1_G2_AA_AE_mBHI_mGAM_2_S169,16,1033473,D_E3_A4_AE_AA_mBHI_mGAM_6_S339,102316
23,B_H5_H8_AA_AF_mGAM_mGAM_2_S185,40,1427983,D_E3_A4_AE_AA_mBHI_mGAM_6_S339,102316
24,C_C5_C8_AA_AE_mGAM_mBHI_6_S221,2,977407,D_E3_A4_AE_AA_mBHI_mGAM_6_S339,102316
25,C_C8_C11_AF_AE_mGAM_mBHI_6_S224,20130,1218207,D_E3_A4_AE_AA_mBHI_mGAM_6_S339,102316
26,C_D5_D8_AA_AF_mGAM_mBHI_6_S233,71,1127572,D_E3_A4_AE_AA_mBHI_mGAM_6_S339,102316
27,C_D7_D10_AE_AF_mGAM_mBHI_6_S235,23561,1404179,D_E3_A4_AE_AA_mBHI_mGAM_6_S339,102316
28,C_E5_A8_AA_AA_mGAM_mGAM_6_S245,52,1431755,D_E3_A4_AE_AA_mBHI_mGAM_6_S339,102316
29,C_E7_A10_AE_AA_mGAM_mGAM_6_S247,5,1413289,D_E3_A4_AE_AA_mBHI_mGAM_6_S339,102316
30,C_E9_E2_AA_AA_mBHI_mGAM_4_S249,0,1403356,D_E3_A4_AE_AA_mBHI_mGAM_6_S339,102316
31,C_E11_E4_AE_AA_mBHI_mGAM_4_S251,2,1422885,D_E3_A4_AE_AA_mBHI_mGAM_6_S339,102316
32,D_A6_A9_ACPP_AA_mGAM_mBHI_6_S294,0,1440130,D_E3_A4_AE_AA_mBHI_mGAM_6_S339,102316
33,D_A7_A10_AE_AA_mGAM_mBHI_6_S295,0,1433602,D_E3_A4_AE_AA_mBHI_mGAM_6_S339,102316
34,D_A8_A11_AF_AA_mGAM_mBHI_6_S296,10,1436671,D_E3_A4_AE_AA_mBHI_mGAM_6_S339,102316
35,D_A9_E8_AA_AA_mGAM_mBHI_4_S297,12,1437286,D_E3_A4_AE_AA_mBHI_mGAM_6_S339,102316
36,D_A12_E11_AF_AA_mGAM_mBHI_4_S300,6,1396823,D_E3_A4_AE_AA_mBHI_mGAM_6_S339,102316
37,D_C8_C11_AF_AE_mGAM_mBHI_6_S320,21371,1292174,D_E3_A4_AE_AA_mBHI_mGAM_6_S339,102316
38,D_C9_G8_AA_AE_mGAM_mBHI_4_S321,1,1110163,D_E3_A4_AE_AA_mBHI_mGAM_6_S339,102316
39,D_C12_G11_AF_AE_mGAM_mBHI_4_S324,22164,1330220,D_E3_A4_AE_AA_mBHI_mGAM_6_S339,102316
40,D_D7_D10_AE_AF_mGAM_mBHI_6_S331,22295,1338259,D_E3_A4_AE_AA_mBHI_mGAM_6_S339,102316
41,D_D11_H10_AE_AF_mGAM_mBHI_4_S335,21863,1308265,D_E3_A4_AE_AA_mBHI_mGAM_6_S339,102316
42,D_E1_A2_AA_AA_mBHI_mGAM_6_S337,4,1436963,D_E3_A4_AE_AA_mBHI_mGAM_6_S339,102316
43,D_E3_A4_AE_AA_mBHI_mGAM_6_S339,0,1417311,D_E3_A4_AE_AA_mBHI_mGAM_6_S339,102316
44,D_E6_A9_ACPP_AA_mGAM_mGAM_6_S342,36,1303681,D_E3_A4_AE_AA_mBHI_mGAM_6_S339,102316
45,D_E7_A10_AE_AA_mGAM_mGAM_6_S343,1,1343749,D_E3_A4_AE_AA_mBHI_mGAM_6_S339,102316
46,D_E9_E8_AA_AA_mGAM_mGAM_4_S345,74,1400809,D_E3_A4_AE_AA_mBHI_mGAM_6_S339,102316
47,D_E11_E10_AE_AA_mGAM_mGAM_4_S347,4,1397326,D_E3_A4_AE_AA_mBHI_mGAM_6_S339,102316
48,D_G1_C2_AA_AE_mBHI_mGAM_6_S361,3,712918,D_E3_A4_AE_AA_mBHI_mGAM_6_S339,102316
49,D_H5_D8_AA_AF_mGAM_mGAM_6_S377,4227,1125549,D_E3_A4_AE_AA_mBHI_mGAM_6_S339,102316
50,D10-e003Coalescence-mBHI-p3,11939,721454,D_E3_A4_AE_AA_mBHI_mGAM_6_S339,102316
51,C2-e003Coalescence-mGAM-p7,69,1453552,D_E3_A4_AE_AA_mBHI_mGAM_6_S339,102316
52,D10-e003Coalescence-mBHI-p5,11847,723373,D_E3_A4_AE_AA_mBHI_mGAM_6_S339,102316
53,D8-e003Coalescence-mBHI-p5,97,795854,D_E3_A4_AE_AA_mBHI_mGAM_6_S339,102316
54,A8-e003Coalescence-mBHI-p7,64,1437763,D_E3_A4_AE_AA_mBHI_mGAM_6_S339,102316
55,A10-e003Coalescence-mGAM-p3,59,960054,D_E3_A4_AE_AA_mBHI_mGAM_6_S339,102316
56,A8-e003Coalescence-mBHI-p5,35,1099058,D_E3_A4_AE_AA_mBHI_mGAM_6_S339,102316
57,A10-e003Coalescence-mBHI-p7,45,1171728,D_E3_A4_AE_AA_mBHI_mGAM_6_S339,102316
58,A2-e003Coalescence-mGAM-p5,43,1119246,D_E3_A4_AE_AA_mBHI_mGAM_6_S339,102316
59,C8-e003Coalescence-mBHI-p5,39,1251387,D_E3_A4_AE_AA_mBHI_mGAM_6_S339,102316
60,A11-e003Coalescence-mBHI-p3,73,1455400,D_E3_A4_AE_AA_mBHI_mGAM_6_S339,102316
61,E2-e003Coalescence-mGAM-p7_S145,2,960650,D_E3_A4_AE_AA_mBHI_mGAM_6_S339,102316
62,E8-e003Coalescence-mBHI-p5_S5,8,1129168,D_E3_A4_AE_AA_mBHI_mGAM_6_S339,102316
63,H111-e003Coalescence-mBHI-p3_S144,20532,1229895,D_E3_A4_AE_AA_mBHI_mGAM_6_S339,102316
64,E100-e003Coalescence-mGAM-p3_S155,18,1310955,D_E3_A4_AE_AA_mBHI_mGAM_6_S339,102316
65,E111-e003Coalescence-mBHI-p5_S8,57,719187,D_E3_A4_AE_AA_mBHI_mGAM_6_S339,102316
66,H100-e003Coalescence-mBHI-p5_S43,16917,1043416,D_E3_A4_AE_AA_mBHI_mGAM_6_S339,102316
67,H8-e003Coalescence-mBHI-p7_S137,30,1241668,D_E3_A4_AE_AA_mBHI_mGAM_6_S339,102316
68,G8-e003Coalescence-mGAM-p5_S77,26,1348310,D_E3_A4_AE_AA_mBHI_mGAM_6_S339,102316
69,H8-e003Coalescence-mBHI-p5_S41,13,797551,D_E3_A4_AE_AA_mBHI_mGAM_6_S339,102316
70,E100-e003Coalescence-mBHI-p5_S7,2,890217,D_E3_A4_AE_AA_mBHI_mGAM_6_S339,102316
71,E100-e003Coalescence-mGAM-p5_S55,3,809705,D_E3_A4_AE_AA_mBHI_mGAM_6_S339,102316
72,H111-e003Coalescence-mBHI-p5_S44,10844,674095,D_E3_A4_AE_AA_mBHI_mGAM_6_S339,102316
73,E2-e003Coalescence-mGAM-p3_S57,3,1046865,D_E3_A4_AE_AA_mBHI_mGAM_6_S339,102316
74,H100-e003Coalescence-mBHI-p7_S139,21121,1277434,D_E3_A4_AE_AA_mBHI_mGAM_6_S339,102316
75,G8-e003Coalescence-mBHI-p5_S29,0,748494,D_E3_A4_AE_AA_mBHI_mGAM_6_S339,102316
76,E8-e003Coalescence-mBHI-p3_S105,19,1300226,D_E3_A4_AE_AA_mBHI_mGAM_6_S339,102316
77,E8-e003Coalescence-mGAM-p7_S149,56,1417361,D_E3_A4_AE_AA_mBHI_mGAM_6_S339,102316
78,H8-e003Coalescence-mGAM-p7_S185,5234,983015,D_E3_A4_AE_AA_mBHI_mGAM_6_S339,102316
79,A2-e003Coalescence-Inoculumn-mGAM,67,766653,D_E3_A4_AE_AA_mBHI_mGAM_6_S339,102316
80,B8-e003Coalescence-mBHI-p1_S749,84,1268450,D_E3_A4_AE_AA_mBHI_mGAM_6_S339,102316
81,A8-e003Coalescence-mBHI-p1_S748,6,1289758,D_E3_A4_AE_AA_mBHI_mGAM_6_S339,102316
82,H8-e003Coalescence-mBHI-p1_S815,42,1218424,D_E3_A4_AE_AA_mBHI_mGAM_6_S339,102316
83,E8-e003Coalescence-mBHI-p1_S812,3,1401516,D_E3_A4_AE_AA_mBHI_mGAM_6_S339,102316
84,G8-e003Coalescence-mGAM-p1_S818,29,827892,D_E3_A4_AE_AA_mBHI_mGAM_6_S339,102316
85,D8-e003Coalescence-mGAM-p1_S755,37,701330,D_E3_A4_AE_AA_mBHI_mGAM_6_S339,102316
86,A9-e003Coalescence-mBHI-p1_S756,83,1437416,D_E3_A4_AE_AA_mBHI_mGAM_6_S339,102316
87,E11-e003Coalescence-mBHI-p1_S836,30,1451168,D_E3_A4_AE_AA_mBHI_mGAM_6_S339,102316
88,A10-e003Coalescence-mBHI-p1_S764,3,1193259,D_E3_A4_AE_AA_mBHI_mGAM_6_S339,102316
89,A11-e003Coalescence-mBHI-p1_S772,32,1248804,D_E3_A4_AE_AA_mBHI_mGAM_6_S339,102316
90,Coalescence-F2-E10-AA-AE-mGAM-mBHI-3_S681,1,1425787,D_E3_A4_AE_AA_mBHI_mGAM_6_S339,102316
91,Coalescence-E8-D11-AF-AF-mGAM-mBHI-3_S675,18577,1135698,D_E3_A4_AE_AA_mBHI_mGAM_6_S339,102316
92,Coalescence-F10-H8-AA-AF-mGAM-mGAM-3_S689,139,1095751,D_E3_A4_AE_AA_mBHI_mGAM_6_S339,102316
93,Coalescence-A10-C11-AE-AF-mGAM-mBHI-7_S629,11218,698926,D_E3_A4_AE_AA_mBHI_mGAM_6_S339,102316
94,C_E2_e003Assembly_S242,52,781119,D_E3_A4_AE_AA_mBHI_mGAM_6_S339,102316
0,A_A5_A8_AA_AA_mGAM_mBHI_2_S5,9,1417316,D_E6_A9_ACPP_AA_mGAM_mGAM_6_S342,102316
1,A_A8_A11_AF_AA_mGAM_mBHI_2_S8,20,1079879,D_E6_A9_ACPP_AA_mGAM_mGAM_6_S342,102316
2,A_C5_C8_AA_AE_mGAM_mBHI_2_S29,16,1427638,D_E6_A9_ACPP_AA_mGAM_mGAM_6_S342,102316
3,A_D5_D8_AA_AF_mGAM_mBHI_2_S41,29,966462,D_E6_A9_ACPP_AA_mGAM_mGAM_6_S342,102316
4,A_D8_D11_AF_AF_mGAM_mBHI_2_S44,17720,1169381,D_E6_A9_ACPP_AA_mGAM_mGAM_6_S342,102316
5,A_E5_A8_AA_AA_mGAM_mGAM_2_S53,22,1019189,D_E6_A9_ACPP_AA_mGAM_mGAM_6_S342,102316
6,A_E9_A2_AA_AA_mBHI_mGAM_4_S57,15,1413231,D_E6_A9_ACPP_AA_mGAM_mGAM_6_S342,102316
7,A_G1_C2_AA_AE_mBHI_mGAM_2_S73,24,712175,D_E6_A9_ACPP_AA_mGAM_mGAM_6_S342,102316
8,A_G5_C8_AA_AE_mGAM_mGAM_2_S77,25,1416857,D_E6_A9_ACPP_AA_mGAM_mGAM_6_S342,102316
9,A_G9_C2_AA_AE_mBHI_mGAM_4_S81,22,1411062,D_E6_A9_ACPP_AA_mGAM_mGAM_6_S342,102316
10,B_A5_E8_AA_AA_mGAM_mBHI_2_S101,10,1425704,D_E6_A9_ACPP_AA_mGAM_mGAM_6_S342,102316
11,B_A6_E9_ACPP_AA_mGAM_mBHI_2_S102,16,1117375,D_E6_A9_ACPP_AA_mGAM_mGAM_6_S342,102316
12,B_A7_E10_AE_AA_mGAM_mBHI_2_S103,21,1427518,D_E6_A9_ACPP_AA_mGAM_mGAM_6_S342,102316
13,B_A11_A10_AE_AA_mGAM_mBHI_4_S107,36,1383768,D_E6_A9_ACPP_AA_mGAM_mGAM_6_S342,102316
14,B_A12_A11_AF_AA_mGAM_mBHI_4_S108,20,1434911,D_E6_A9_ACPP_AA_mGAM_mGAM_6_S342,102316
15,B_C12_C11_AF_AE_mGAM_mBHI_4_S132,15851,1052319,D_E6_A9_ACPP_AA_mGAM_mGAM_6_S342,102316
16,B_D7_H10_AE_AF_mGAM_mBHI_2_S139,20810,1353892,D_E6_A9_ACPP_AA_mGAM_mGAM_6_S342,102316
17,B_D11_D10_AE_AF_mGAM_mBHI_4_S143,18243,1203283,D_E6_A9_ACPP_AA_mGAM_mGAM_6_S342,102316
18,B_E5_E8_AA_AA_mGAM_mGAM_2_S149,10,946657,D_E6_A9_ACPP_AA_mGAM_mGAM_6_S342,102316
19,B_E7_E10_AE_AA_mGAM_mGAM_2_S151,0,1444031,D_E6_A9_ACPP_AA_mGAM_mGAM_6_S342,102316
20,B_E8_E11_AF_AA_mGAM_mGAM_2_S152,20,849793,D_E6_A9_ACPP_AA_mGAM_mGAM_6_S342,102316
21,B_E11_A10_AE_AA_mGAM_mGAM_4_S155,10,1028220,D_E6_A9_ACPP_AA_mGAM_mGAM_6_S342,102316
22,B_G1_G2_AA_AE_mBHI_mGAM_2_S169,30,1033473,D_E6_A9_ACPP_AA_mGAM_mGAM_6_S342,102316
23,B_H5_H8_AA_AF_mGAM_mGAM_2_S185,11,1427983,D_E6_A9_ACPP_AA_mGAM_mGAM_6_S342,102316
24,C_C5_C8_AA_AE_mGAM_mBHI_6_S221,20,977407,D_E6_A9_ACPP_AA_mGAM_mGAM_6_S342,102316
25,C_C8_C11_AF_AE_mGAM_mBHI_6_S224,18586,1218207,D_E6_A9_ACPP_AA_mGAM_mGAM_6_S342,102316
26,C_D5_D8_AA_AF_mGAM_mBHI_6_S233,81,1127572,D_E6_A9_ACPP_AA_mGAM_mGAM_6_S342,102316
27,C_D7_D10_AE_AF_mGAM_mBHI_6_S235,21608,1404179,D_E6_A9_ACPP_AA_mGAM_mGAM_6_S342,102316
28,C_E5_A8_AA_AA_mGAM_mGAM_6_S245,32,1431755,D_E6_A9_ACPP_AA_mGAM_mGAM_6_S342,102316
29,C_E7_A10_AE_AA_mGAM_mGAM_6_S247,9,1413289,D_E6_A9_ACPP_AA_mGAM_mGAM_6_S342,102316
30,C_E9_E2_AA_AA_mBHI_mGAM_4_S249,18,1403356,D_E6_A9_ACPP_AA_mGAM_mGAM_6_S342,102316
31,C_E11_E4_AE_AA_mBHI_mGAM_4_S251,34,1422885,D_E6_A9_ACPP_AA_mGAM_mGAM_6_S342,102316
32,D_A6_A9_ACPP_AA_mGAM_mBHI_6_S294,11,1440130,D_E6_A9_ACPP_AA_mGAM_mGAM_6_S342,102316
33,D_A7_A10_AE_AA_mGAM_mBHI_6_S295,24,1433602,D_E6_A9_ACPP_AA_mGAM_mGAM_6_S342,102316
34,D_A8_A11_AF_AA_mGAM_mBHI_6_S296,32,1436671,D_E6_A9_ACPP_AA_mGAM_mGAM_6_S342,102316
35,D_A9_E8_AA_AA_mGAM_mBHI_4_S297,6,1437286,D_E6_A9_ACPP_AA_mGAM_mGAM_6_S342,102316
36,D_A12_E11_AF_AA_mGAM_mBHI_4_S300,28,1396823,D_E6_A9_ACPP_AA_mGAM_mGAM_6_S342,102316
37,D_C8_C11_AF_AE_mGAM_mBHI_6_S320,19629,1292174,D_E6_A9_ACPP_AA_mGAM_mGAM_6_S342,102316
38,D_C9_G8_AA_AE_mGAM_mBHI_4_S321,24,1110163,D_E6_A9_ACPP_AA_mGAM_mGAM_6_S342,102316
39,D_C12_G11_AF_AE_mGAM_mBHI_4_S324,20392,1330220,D_E6_A9_ACPP_AA_mGAM_mGAM_6_S342,102316
40,D_D7_D10_AE_AF_mGAM_mBHI_6_S331,20450,1338259,D_E6_A9_ACPP_AA_mGAM_mGAM_6_S342,102316
41,D_D11_H10_AE_AF_mGAM_mBHI_4_S335,20185,1308265,D_E6_A9_ACPP_AA_mGAM_mGAM_6_S342,102316
42,D_E1_A2_AA_AA_mBHI_mGAM_6_S337,27,1436963,D_E6_A9_ACPP_AA_mGAM_mGAM_6_S342,102316
43,D_E3_A4_AE_AA_mBHI_mGAM_6_S339,36,1417311,D_E6_A9_ACPP_AA_mGAM_mGAM_6_S342,102316
44,D_E6_A9_ACPP_AA_mGAM_mGAM_6_S342,0,1303681,D_E6_A9_ACPP_AA_mGAM_mGAM_6_S342,102316
45,D_E7_A10_AE_AA_mGAM_mGAM_6_S343,20,1343749,D_E6_A9_ACPP_AA_mGAM_mGAM_6_S342,102316
46,D_E9_E8_AA_AA_mGAM_mGAM_4_S345,38,1400809,D_E6_A9_ACPP_AA_mGAM_mGAM_6_S342,102316
47,D_E11_E10_AE_AA_mGAM_mGAM_4_S347,15,1397326,D_E6_A9_ACPP_AA_mGAM_mGAM_6_S342,102316
48,D_G1_C2_AA_AE_mBHI_mGAM_6_S361,15,712918,D_E6_A9_ACPP_AA_mGAM_mGAM_6_S342,102316
49,D_H5_D8_AA_AF_mGAM_mGAM_6_S377,3856,1125549,D_E6_A9_ACPP_AA_mGAM_mGAM_6_S342,102316
50,D10-e003Coalescence-mBHI-p3,11057,721454,D_E6_A9_ACPP_AA_mGAM_mGAM_6_S342,102316
51,C2-e003Coalescence-mGAM-p7,104,1453552,D_E6_A9_ACPP_AA_mGAM_mGAM_6_S342,102316
52,D10-e003Coalescence-mBHI-p5,10885,723373,D_E6_A9_ACPP_AA_mGAM_mGAM_6_S342,102316
53,D8-e003Coalescence-mBHI-p5,104,795854,D_E6_A9_ACPP_AA_mGAM_mGAM_6_S342,102316
54,A8-e003Coalescence-mBHI-p7,70,1437763,D_E6_A9_ACPP_AA_mGAM_mGAM_6_S342,102316
55,A10-e003Coalescence-mGAM-p3,27,960054,D_E6_A9_ACPP_AA_mGAM_mGAM_6_S342,102316
56,A8-e003Coalescence-mBHI-p5,36,1099058,D_E6_A9_ACPP_AA_mGAM_mGAM_6_S342,102316
57,A10-e003Coalescence-mBHI-p7,54,1171728,D_E6_A9_ACPP_AA_mGAM_mGAM_6_S342,102316
58,A2-e003Coalescence-mGAM-p5,51,1119246,D_E6_A9_ACPP_AA_mGAM_mGAM_6_S342,102316
59,C8-e003Coalescence-mBHI-p5,52,1251387,D_E6_A9_ACPP_AA_mGAM_mGAM_6_S342,102316
60,A11-e003Coalescence-mBHI-p3,57,1455400,D_E6_A9_ACPP_AA_mGAM_mGAM_6_S342,102316
61,E2-e003Coalescence-mGAM-p7_S145,15,960650,D_E6_A9_ACPP_AA_mGAM_mGAM_6_S342,102316
62,E8-e003Coalescence-mBHI-p5_S5,19,1129168,D_E6_A9_ACPP_AA_mGAM_mGAM_6_S342,102316
63,H111-e003Coalescence-mBHI-p3_S144,18843,1229895,D_E6_A9_ACPP_AA_mGAM_mGAM_6_S342,102316
64,E100-e003Coalescence-mGAM-p3_S155,1,1310955,D_E6_A9_ACPP_AA_mGAM_mGAM_6_S342,102316
65,E111-e003Coalescence-mBHI-p5_S8,51,719187,D_E6_A9_ACPP_AA_mGAM_mGAM_6_S342,102316
66,H100-e003Coalescence-mBHI-p5_S43,15646,1043416,D_E6_A9_ACPP_AA_mGAM_mGAM_6_S342,102316
67,H8-e003Coalescence-mBHI-p7_S137,22,1241668,D_E6_A9_ACPP_AA_mGAM_mGAM_6_S342,102316
68,G8-e003Coalescence-mGAM-p5_S77,8,1348310,D_E6_A9_ACPP_AA_mGAM_mGAM_6_S342,102316
69,H8-e003Coalescence-mBHI-p5_S41,42,797551,D_E6_A9_ACPP_AA_mGAM_mGAM_6_S342,102316
70,E100-e003Coalescence-mBHI-p5_S7,20,890217,D_E6_A9_ACPP_AA_mGAM_mGAM_6_S342,102316
71,E100-e003Coalescence-mGAM-p5_S55,7,809705,D_E6_A9_ACPP_AA_mGAM_mGAM_6_S342,102316
72,H111-e003Coalescence-mBHI-p5_S44,9922,674095,D_E6_A9_ACPP_AA_mGAM_mGAM_6_S342,102316
73,E2-e003Coalescence-mGAM-p3_S57,11,1046865,D_E6_A9_ACPP_AA_mGAM_mGAM_6_S342,102316
74,H100-e003Coalescence-mBHI-p7_S139,19362,1277434,D_E6_A9_ACPP_AA_mGAM_mGAM_6_S342,102316
75,G8-e003Coalescence-mBHI-p5_S29,12,748494,D_E6_A9_ACPP_AA_mGAM_mGAM_6_S342,102316
76,E8-e003Coalescence-mBHI-p3_S105,10,1300226,D_E6_A9_ACPP_AA_mGAM_mGAM_6_S342,102316
77,E8-e003Coalescence-mGAM-p7_S149,38,1417361,D_E6_A9_ACPP_AA_mGAM_mGAM_6_S342,102316
78,H8-e003Coalescence-mGAM-p7_S185,4899,983015,D_E6_A9_ACPP_AA_mGAM_mGAM_6_S342,102316
79,A2-e003Coalescence-Inoculumn-mGAM,65,766653,D_E6_A9_ACPP_AA_mGAM_mGAM_6_S342,102316
80,B8-e003Coalescence-mBHI-p1_S749,22,1268450,D_E6_A9_ACPP_AA_mGAM_mGAM_6_S342,102316
81,A8-e003Coalescence-mBHI-p1_S748,9,1289758,D_E6_A9_ACPP_AA_mGAM_mGAM_6_S342,102316
82,H8-e003Coalescence-mBHI-p1_S815,8,1218424,D_E6_A9_ACPP_AA_mGAM_mGAM_6_S342,102316
83,E8-e003Coalescence-mBHI-p1_S812,5,1401516,D_E6_A9_ACPP_AA_mGAM_mGAM_6_S342,102316
84,G8-e003Coalescence-mGAM-p1_S818,6,827892,D_E6_A9_ACPP_AA_mGAM_mGAM_6_S342,102316
85,D8-e003Coalescence-mGAM-p1_S755,14,701330,D_E6_A9_ACPP_AA_mGAM_mGAM_6_S342,102316
86,A9-e003Coalescence-mBHI-p1_S756,22,1437416,D_E6_A9_ACPP_AA_mGAM_mGAM_6_S342,102316
87,E11-e003Coalescence-mBHI-p1_S836,5,1451168,D_E6_A9_ACPP_AA_mGAM_mGAM_6_S342,102316
88,A10-e003Coalescence-mBHI-p1_S764,7,1193259,D_E6_A9_ACPP_AA_mGAM_mGAM_6_S342,102316
89,A11-e003Coalescence-mBHI-p1_S772,7,1248804,D_E6_A9_ACPP_AA_mGAM_mGAM_6_S342,102316
90,Coalescence-F2-E10-AA-AE-mGAM-mBHI-3_S681,20,1425787,D_E6_A9_ACPP_AA_mGAM_mGAM_6_S342,102316
91,Coalescence-E8-D11-AF-AF-mGAM-mBHI-3_S675,17190,1135698,D_E6_A9_ACPP_AA_mGAM_mGAM_6_S342,102316
92,Coalescence-F10-H8-AA-AF-mGAM-mGAM-3_S689,114,1095751,D_E6_A9_ACPP_AA_mGAM_mGAM_6_S342,102316
93,Coalescence-A10-C11-AE-AF-mGAM-mBHI-7_S629,10438,698926,D_E6_A9_ACPP_AA_mGAM_mGAM_6_S342,102316
94,C_E2_e003Assembly_S242,30,781119,D_E6_A9_ACPP_AA_mGAM_mGAM_6_S342,102316
0,A_A5_A8_AA_AA_mGAM_mBHI_2_S5,4,1417316,D_E7_A10_AE_AA_mGAM_mGAM_6_S343,102316
1,A_A8_A11_AF_AA_mGAM_mBHI_2_S8,4,1079879,D_E7_A10_AE_AA_mGAM_mGAM_6_S343,102316
2,A_C5_C8_AA_AE_mGAM_mBHI_2_S29,0,1427638,D_E7_A10_AE_AA_mGAM_mGAM_6_S343,102316
3,A_D5_D8_AA_AF_mGAM_mBHI_2_S41,31,966462,D_E7_A10_AE_AA_mGAM_mGAM_6_S343,102316
4,A_D8_D11_AF_AF_mGAM_mBHI_2_S44,18262,1169381,D_E7_A10_AE_AA_mGAM_mGAM_6_S343,102316
5,A_E5_A8_AA_AA_mGAM_mGAM_2_S53,31,1019189,D_E7_A10_AE_AA_mGAM_mGAM_6_S343,102316
6,A_E9_A2_AA_AA_mBHI_mGAM_4_S57,5,1413231,D_E7_A10_AE_AA_mGAM_mGAM_6_S343,102316
7,A_G1_C2_AA_AE_mBHI_mGAM_2_S73,15,712175,D_E7_A10_AE_AA_mGAM_mGAM_6_S343,102316
8,A_G5_C8_AA_AE_mGAM_mGAM_2_S77,46,1416857,D_E7_A10_AE_AA_mGAM_mGAM_6_S343,102316
9,A_G9_C2_AA_AE_mBHI_mGAM_4_S81,11,1411062,D_E7_A10_AE_AA_mGAM_mGAM_6_S343,102316
10,B_A5_E8_AA_AA_mGAM_mBHI_2_S101,0,1425704,D_E7_A10_AE_AA_mGAM_mGAM_6_S343,102316
11,B_A6_E9_ACPP_AA_mGAM_mBHI_2_S102,8,1117375,D_E7_A10_AE_AA_mGAM_mGAM_6_S343,102316
12,B_A7_E10_AE_AA_mGAM_mBHI_2_S103,0,1427518,D_E7_A10_AE_AA_mGAM_mGAM_6_S343,102316
13,B_A11_A10_AE_AA_mGAM_mBHI_4_S107,3,1383768,D_E7_A10_AE_AA_mGAM_mGAM_6_S343,102316
14,B_A12_A11_AF_AA_mGAM_mBHI_4_S108,17,1434911,D_E7_A10_AE_AA_mGAM_mGAM_6_S343,102316
15,B_C12_C11_AF_AE_mGAM_mBHI_4_S132,16344,1052319,D_E7_A10_AE_AA_mGAM_mGAM_6_S343,102316
16,B_D7_H10_AE_AF_mGAM_mBHI_2_S139,21524,1353892,D_E7_A10_AE_AA_mGAM_mGAM_6_S343,102316
17,B_D11_D10_AE_AF_mGAM_mBHI_4_S143,18857,1203283,D_E7_A10_AE_AA_mGAM_mGAM_6_S343,102316
18,B_E5_E8_AA_AA_mGAM_mGAM_2_S149,28,946657,D_E7_A10_AE_AA_mGAM_mGAM_6_S343,102316
19,B_E7_E10_AE_AA_mGAM_mGAM_2_S151,15,1444031,D_E7_A10_AE_AA_mGAM_mGAM_6_S343,102316
20,B_E8_E11_AF_AA_mGAM_mGAM_2_S152,17,849793,D_E7_A10_AE_AA_mGAM_mGAM_6_S343,102316
21,B_E11_A10_AE_AA_mGAM_mGAM_4_S155,14,1028220,D_E7_A10_AE_AA_mGAM_mGAM_6_S343,102316
22,B_G1_G2_AA_AE_mBHI_mGAM_2_S169,24,1033473,D_E7_A10_AE_AA_mGAM_mGAM_6_S343,102316
23,B_H5_H8_AA_AF_mGAM_mGAM_2_S185,10,1427983,D_E7_A10_AE_AA_mGAM_mGAM_6_S343,102316
24,C_C5_C8_AA_AE_mGAM_mBHI_6_S221,4,977407,D_E7_A10_AE_AA_mGAM_mGAM_6_S343,102316
25,C_C8_C11_AF_AE_mGAM_mBHI_6_S224,19120,1218207,D_E7_A10_AE_AA_mGAM_mGAM_6_S343,102316
26,C_D5_D8_AA_AF_mGAM_mBHI_6_S233,68,1127572,D_E7_A10_AE_AA_mGAM_mGAM_6_S343,102316
27,C_D7_D10_AE_AF_mGAM_mBHI_6_S235,22350,1404179,D_E7_A10_AE_AA_mGAM_mGAM_6_S343,102316
28,C_E5_A8_AA_AA_mGAM_mGAM_6_S245,59,1431755,D_E7_A10_AE_AA_mGAM_mGAM_6_S343,102316
29,C_E7_A10_AE_AA_mGAM_mGAM_6_S247,2,1413289,D_E7_A10_AE_AA_mGAM_mGAM_6_S343,102316
30,C_E9_E2_AA_AA_mBHI_mGAM_4_S249,6,1403356,D_E7_A10_AE_AA_mGAM_mGAM_6_S343,102316
31,C_E11_E4_AE_AA_mBHI_mGAM_4_S251,3,1422885,D_E7_A10_AE_AA_mGAM_mGAM_6_S343,102316
32,D_A6_A9_ACPP_AA_mGAM_mBHI_6_S294,0,1440130,D_E7_A10_AE_AA_mGAM_mGAM_6_S343,102316
33,D_A7_A10_AE_AA_mGAM_mBHI_6_S295,2,1433602,D_E7_A10_AE_AA_mGAM_mGAM_6_S343,102316
34,D_A8_A11_AF_AA_mGAM_mBHI_6_S296,2,1436671,D_E7_A10_AE_AA_mGAM_mGAM_6_S343,102316
35,D_A9_E8_AA_AA_mGAM_mBHI_4_S297,7,1437286,D_E7_A10_AE_AA_mGAM_mGAM_6_S343,102316
36,D_A12_E11_AF_AA_mGAM_mBHI_4_S300,7,1396823,D_E7_A10_AE_AA_mGAM_mGAM_6_S343,102316
37,D_C8_C11_AF_AE_mGAM_mBHI_6_S320,20363,1292174,D_E7_A10_AE_AA_mGAM_mGAM_6_S343,102316
38,D_C9_G8_AA_AE_mGAM_mBHI_4_S321,3,1110163,D_E7_A10_AE_AA_mGAM_mGAM_6_S343,102316
39,D_C12_G11_AF_AE_mGAM_mBHI_4_S324,21105,1330220,D_E7_A10_AE_AA_mGAM_mGAM_6_S343,102316
40,D_D7_D10_AE_AF_mGAM_mBHI_6_S331,21158,1338259,D_E7_A10_AE_AA_mGAM_mGAM_6_S343,102316
41,D_D11_H10_AE_AF_mGAM_mBHI_4_S335,20826,1308265,D_E7_A10_AE_AA_mGAM_mGAM_6_S343,102316
42,D_E1_A2_AA_AA_mBHI_mGAM_6_S337,2,1436963,D_E7_A10_AE_AA_mGAM_mGAM_6_S343,102316
43,D_E3_A4_AE_AA_mBHI_mGAM_6_S339,1,1417311,D_E7_A10_AE_AA_mGAM_mGAM_6_S343,102316
44,D_E6_A9_ACPP_AA_mGAM_mGAM_6_S342,20,1303681,D_E7_A10_AE_AA_mGAM_mGAM_6_S343,102316
45,D_E7_A10_AE_AA_mGAM_mGAM_6_S343,0,1343749,D_E7_A10_AE_AA_mGAM_mGAM_6_S343,102316
46,D_E9_E8_AA_AA_mGAM_mGAM_4_S345,65,1400809,D_E7_A10_AE_AA_mGAM_mGAM_6_S343,102316
47,D_E11_E10_AE_AA_mGAM_mGAM_4_S347,0,1397326,D_E7_A10_AE_AA_mGAM_mGAM_6_S343,102316
48,D_G1_C2_AA_AE_mBHI_mGAM_6_S361,18,712918,D_E7_A10_AE_AA_mGAM_mGAM_6_S343,102316
49,D_H5_D8_AA_AF_mGAM_mGAM_6_S377,3979,1125549,D_E7_A10_AE_AA_mGAM_mGAM_6_S343,102316
50,D10-e003Coalescence-mBHI-p3,11330,721454,D_E7_A10_AE_AA_mGAM_mGAM_6_S343,102316
51,C2-e003Coalescence-mGAM-p7,66,1453552,D_E7_A10_AE_AA_mGAM_mGAM_6_S343,102316
52,D10-e003Coalescence-mBHI-p5,11248,723373,D_E7_A10_AE_AA_mGAM_mGAM_6_S343,102316
53,D8-e003Coalescence-mBHI-p5,91,795854,D_E7_A10_AE_AA_mGAM_mGAM_6_S343,102316
54,A8-e003Coalescence-mBHI-p7,58,1437763,D_E7_A10_AE_AA_mGAM_mGAM_6_S343,102316
55,A10-e003Coalescence-mGAM-p3,35,960054,D_E7_A10_AE_AA_mGAM_mGAM_6_S343,102316
56,A8-e003Coalescence-mBHI-p5,29,1099058,D_E7_A10_AE_AA_mGAM_mGAM_6_S343,102316
57,A10-e003Coalescence-mBHI-p7,41,1171728,D_E7_A10_AE_AA_mGAM_mGAM_6_S343,102316
58,A2-e003Coalescence-mGAM-p5,45,1119246,D_E7_A10_AE_AA_mGAM_mGAM_6_S343,102316
59,C8-e003Coalescence-mBHI-p5,32,1251387,D_E7_A10_AE_AA_mGAM_mGAM_6_S343,102316
60,A11-e003Coalescence-mBHI-p3,63,1455400,D_E7_A10_AE_AA_mGAM_mGAM_6_S343,102316
61,E2-e003Coalescence-mGAM-p7_S145,3,960650,D_E7_A10_AE_AA_mGAM_mGAM_6_S343,102316
62,E8-e003Coalescence-mBHI-p5_S5,6,1129168,D_E7_A10_AE_AA_mGAM_mGAM_6_S343,102316
63,H111-e003Coalescence-mBHI-p3_S144,19516,1229895,D_E7_A10_AE_AA_mGAM_mGAM_6_S343,102316
64,E100-e003Coalescence-mGAM-p3_S155,4,1310955,D_E7_A10_AE_AA_mGAM_mGAM_6_S343,102316
65,E111-e003Coalescence-mBHI-p5_S8,51,719187,D_E7_A10_AE_AA_mGAM_mGAM_6_S343,102316
66,H100-e003Coalescence-mBHI-p5_S43,16108,1043416,D_E7_A10_AE_AA_mGAM_mGAM_6_S343,102316
67,H8-e003Coalescence-mBHI-p7_S137,18,1241668,D_E7_A10_AE_AA_mGAM_mGAM_6_S343,102316
68,G8-e003Coalescence-mGAM-p5_S77,17,1348310,D_E7_A10_AE_AA_mGAM_mGAM_6_S343,102316
69,H8-e003Coalescence-mBHI-p5_S41,13,797551,D_E7_A10_AE_AA_mGAM_mGAM_6_S343,102316
70,E100-e003Coalescence-mBHI-p5_S7,1,890217,D_E7_A10_AE_AA_mGAM_mGAM_6_S343,102316
71,E100-e003Coalescence-mGAM-p5_S55,4,809705,D_E7_A10_AE_AA_mGAM_mGAM_6_S343,102316
72,H111-e003Coalescence-mBHI-p5_S44,10219,674095,D_E7_A10_AE_AA_mGAM_mGAM_6_S343,102316
73,E2-e003Coalescence-mGAM-p3_S57,4,1046865,D_E7_A10_AE_AA_mGAM_mGAM_6_S343,102316
74,H100-e003Coalescence-mBHI-p7_S139,19987,1277434,D_E7_A10_AE_AA_mGAM_mGAM_6_S343,102316
75,G8-e003Coalescence-mBHI-p5_S29,1,748494,D_E7_A10_AE_AA_mGAM_mGAM_6_S343,102316
76,E8-e003Coalescence-mBHI-p3_S105,2,1300226,D_E7_A10_AE_AA_mGAM_mGAM_6_S343,102316
77,E8-e003Coalescence-mGAM-p7_S149,56,1417361,D_E7_A10_AE_AA_mGAM_mGAM_6_S343,102316
78,H8-e003Coalescence-mGAM-p7_S185,4955,983015,D_E7_A10_AE_AA_mGAM_mGAM_6_S343,102316
79,A2-e003Coalescence-Inoculumn-mGAM,76,766653,D_E7_A10_AE_AA_mGAM_mGAM_6_S343,102316
80,B8-e003Coalescence-mBHI-p1_S749,51,1268450,D_E7_A10_AE_AA_mGAM_mGAM_6_S343,102316
81,A8-e003Coalescence-mBHI-p1_S748,4,1289758,D_E7_A10_AE_AA_mGAM_mGAM_6_S343,102316
82,H8-e003Coalescence-mBHI-p1_S815,16,1218424,D_E7_A10_AE_AA_mGAM_mGAM_6_S343,102316
83,E8-e003Coalescence-mBHI-p1_S812,2,1401516,D_E7_A10_AE_AA_mGAM_mGAM_6_S343,102316
84,G8-e003Coalescence-mGAM-p1_S818,24,827892,D_E7_A10_AE_AA_mGAM_mGAM_6_S343,102316
85,D8-e003Coalescence-mGAM-p1_S755,30,701330,D_E7_A10_AE_AA_mGAM_mGAM_6_S343,102316
86,A9-e003Coalescence-mBHI-p1_S756,58,1437416,D_E7_A10_AE_AA_mGAM_mGAM_6_S343,102316
87,E11-e003Coalescence-mBHI-p1_S836,7,1451168,D_E7_A10_AE_AA_mGAM_mGAM_6_S343,102316
88,A10-e003Coalescence-mBHI-p1_S764,1,1193259,D_E7_A10_AE_AA_mGAM_mGAM_6_S343,102316
89,A11-e003Coalescence-mBHI-p1_S772,10,1248804,D_E7_A10_AE_AA_mGAM_mGAM_6_S343,102316
90,Coalescence-F2-E10-AA-AE-mGAM-mBHI-3_S681,1,1425787,D_E7_A10_AE_AA_mGAM_mGAM_6_S343,102316
91,Coalescence-E8-D11-AF-AF-mGAM-mBHI-3_S675,17694,1135698,D_E7_A10_AE_AA_mGAM_mGAM_6_S343,102316
92,Coalescence-F10-H8-AA-AF-mGAM-mGAM-3_S689,112,1095751,D_E7_A10_AE_AA_mGAM_mGAM_6_S343,102316
93,Coalescence-A10-C11-AE-AF-mGAM-mBHI-7_S629,10733,698926,D_E7_A10_AE_AA_mGAM_mGAM_6_S343,102316
94,C_E2_e003Assembly_S242,31,781119,D_E7_A10_AE_AA_mGAM_mGAM_6_S343,102316
0,A_A5_A8_AA_AA_mGAM_mBHI_2_S5,55,1417316,D_E9_E8_AA_AA_mGAM_mGAM_4_S345,102316
1,A_A8_A11_AF_AA_mGAM_mBHI_2_S8,52,1079879,D_E9_E8_AA_AA_mGAM_mGAM_4_S345,102316
2,A_C5_C8_AA_AE_mGAM_mBHI_2_S29,53,1427638,D_E9_E8_AA_AA_mGAM_mGAM_4_S345,102316
3,A_D5_D8_AA_AF_mGAM_mBHI_2_S41,84,966462,D_E9_E8_AA_AA_mGAM_mGAM_4_S345,102316
4,A_D8_D11_AF_AF_mGAM_mBHI_2_S44,19091,1169381,D_E9_E8_AA_AA_mGAM_mGAM_4_S345,102316
5,A_E5_A8_AA_AA_mGAM_mGAM_2_S53,1,1019189,D_E9_E8_AA_AA_mGAM_mGAM_4_S345,102316
6,A_E9_A2_AA_AA_mBHI_mGAM_4_S57,78,1413231,D_E9_E8_AA_AA_mGAM_mGAM_4_S345,102316
7,A_G1_C2_AA_AE_mBHI_mGAM_2_S73,60,712175,D_E9_E8_AA_AA_mGAM_mGAM_4_S345,102316
8,A_G5_C8_AA_AE_mGAM_mGAM_2_S77,7,1416857,D_E9_E8_AA_AA_mGAM_mGAM_4_S345,102316
9,A_G9_C2_AA_AE_mBHI_mGAM_4_S81,74,1411062,D_E9_E8_AA_AA_mGAM_mGAM_4_S345,102316
10,B_A5_E8_AA_AA_mGAM_mBHI_2_S101,42,1425704,D_E9_E8_AA_AA_mGAM_mGAM_4_S345,102316
11,B_A6_E9_ACPP_AA_mGAM_mBHI_2_S102,68,1117375,D_E9_E8_AA_AA_mGAM_mGAM_4_S345,102316
12,B_A7_E10_AE_AA_mGAM_mBHI_2_S103,52,1427518,D_E9_E8_AA_AA_mGAM_mGAM_4_S345,102316
13,B_A11_A10_AE_AA_mGAM_mBHI_4_S107,66,1383768,D_E9_E8_AA_AA_mGAM_mGAM_4_S345,102316
14,B_A12_A11_AF_AA_mGAM_mBHI_4_S108,69,1434911,D_E9_E8_AA_AA_mGAM_mGAM_4_S345,102316
15,B_C12_C11_AF_AE_mGAM_mBHI_4_S132,17109,1052319,D_E9_E8_AA_AA_mGAM_mGAM_4_S345,102316
16,B_D7_H10_AE_AF_mGAM_mBHI_2_S139,22515,1353892,D_E9_E8_AA_AA_mGAM_mGAM_4_S345,102316
17,B_D11_D10_AE_AF_mGAM_mBHI_4_S143,19709,1203283,D_E9_E8_AA_AA_mGAM_mGAM_4_S345,102316
18,B_E5_E8_AA_AA_mGAM_mGAM_2_S149,0,946657,D_E9_E8_AA_AA_mGAM_mGAM_4_S345,102316
19,B_E7_E10_AE_AA_mGAM_mGAM_2_S151,49,1444031,D_E9_E8_AA_AA_mGAM_mGAM_4_S345,102316
20,B_E8_E11_AF_AA_mGAM_mGAM_2_S152,28,849793,D_E9_E8_AA_AA_mGAM_mGAM_4_S345,102316
21,B_E11_A10_AE_AA_mGAM_mGAM_4_S155,27,1028220,D_E9_E8_AA_AA_mGAM_mGAM_4_S345,102316
22,B_G1_G2_AA_AE_mBHI_mGAM_2_S169,78,1033473,D_E9_E8_AA_AA_mGAM_mGAM_4_S345,102316
23,B_H5_H8_AA_AF_mGAM_mGAM_2_S185,37,1427983,D_E9_E8_AA_AA_mGAM_mGAM_4_S345,102316
24,C_C5_C8_AA_AE_mGAM_mBHI_6_S221,38,977407,D_E9_E8_AA_AA_mGAM_mGAM_4_S345,102316
25,C_C8_C11_AF_AE_mGAM_mBHI_6_S224,20041,1218207,D_E9_E8_AA_AA_mGAM_mGAM_4_S345,102316
26,C_D5_D8_AA_AF_mGAM_mBHI_6_S233,133,1127572,D_E9_E8_AA_AA_mGAM_mGAM_4_S345,102316
27,C_D7_D10_AE_AF_mGAM_mBHI_6_S235,23411,1404179,D_E9_E8_AA_AA_mGAM_mGAM_4_S345,102316
28,C_E5_A8_AA_AA_mGAM_mGAM_6_S245,4,1431755,D_E9_E8_AA_AA_mGAM_mGAM_4_S345,102316
29,C_E7_A10_AE_AA_mGAM_mGAM_6_S247,50,1413289,D_E9_E8_AA_AA_mGAM_mGAM_4_S345,102316
30,C_E9_E2_AA_AA_mBHI_mGAM_4_S249,72,1403356,D_E9_E8_AA_AA_mGAM_mGAM_4_S345,102316
31,C_E11_E4_AE_AA_mBHI_mGAM_4_S251,75,1422885,D_E9_E8_AA_AA_mGAM_mGAM_4_S345,102316
32,D_A6_A9_ACPP_AA_mGAM_mBHI_6_S294,54,1440130,D_E9_E8_AA_AA_mGAM_mGAM_4_S345,102316
33,D_A7_A10_AE_AA_mGAM_mBHI_6_S295,54,1433602,D_E9_E8_AA_AA_mGAM_mGAM_4_S345,102316
34,D_A8_A11_AF_AA_mGAM_mBHI_6_S296,83,1436671,D_E9_E8_AA_AA_mGAM_mGAM_4_S345,102316
35,D_A9_E8_AA_AA_mGAM_mBHI_4_S297,60,1437286,D_E9_E8_AA_AA_mGAM_mGAM_4_S345,102316
36,D_A12_E11_AF_AA_mGAM_mBHI_4_S300,75,1396823,D_E9_E8_AA_AA_mGAM_mGAM_4_S345,102316
37,D_C8_C11_AF_AE_mGAM_mBHI_6_S320,21324,1292174,D_E9_E8_AA_AA_mGAM_mGAM_4_S345,102316
38,D_C9_G8_AA_AE_mGAM_mBHI_4_S321,41,1110163,D_E9_E8_AA_AA_mGAM_mGAM_4_S345,102316
39,D_C12_G11_AF_AE_mGAM_mBHI_4_S324,22067,1330220,D_E9_E8_AA_AA_mGAM_mGAM_4_S345,102316
40,D_D7_D10_AE_AF_mGAM_mBHI_6_S331,22151,1338259,D_E9_E8_AA_AA_mGAM_mGAM_4_S345,102316
41,D_D11_H10_AE_AF_mGAM_mBHI_4_S335,21764,1308265,D_E9_E8_AA_AA_mGAM_mGAM_4_S345,102316
42,D_E1_A2_AA_AA_mBHI_mGAM_6_S337,79,1436963,D_E9_E8_AA_AA_mGAM_mGAM_4_S345,102316
43,D_E3_A4_AE_AA_mBHI_mGAM_6_S339,74,1417311,D_E9_E8_AA_AA_mGAM_mGAM_4_S345,102316
44,D_E6_A9_ACPP_AA_mGAM_mGAM_6_S342,38,1303681,D_E9_E8_AA_AA_mGAM_mGAM_4_S345,102316
45,D_E7_A10_AE_AA_mGAM_mGAM_6_S343,65,1343749,D_E9_E8_AA_AA_mGAM_mGAM_4_S345,102316
46,D_E9_E8_AA_AA_mGAM_mGAM_4_S345,0,1400809,D_E9_E8_AA_AA_mGAM_mGAM_4_S345,102316
47,D_E11_E10_AE_AA_mGAM_mGAM_4_S347,56,1397326,D_E9_E8_AA_AA_mGAM_mGAM_4_S345,102316
48,D_G1_C2_AA_AE_mBHI_mGAM_6_S361,35,712918,D_E9_E8_AA_AA_mGAM_mGAM_4_S345,102316
49,D_H5_D8_AA_AF_mGAM_mGAM_6_S377,4238,1125549,D_E9_E8_AA_AA_mGAM_mGAM_4_S345,102316
50,D10-e003Coalescence-mBHI-p3,11889,721454,D_E9_E8_AA_AA_mGAM_mGAM_4_S345,102316
51,C2-e003Coalescence-mGAM-p7,155,1453552,D_E9_E8_AA_AA_mGAM_mGAM_4_S345,102316
52,D10-e003Coalescence-mBHI-p5,11783,723373,D_E9_E8_AA_AA_mGAM_mGAM_4_S345,102316
53,D8-e003Coalescence-mBHI-p5,151,795854,D_E9_E8_AA_AA_mGAM_mGAM_4_S345,102316
54,A8-e003Coalescence-mBHI-p7,120,1437763,D_E9_E8_AA_AA_mGAM_mGAM_4_S345,102316
55,A10-e003Coalescence-mGAM-p3,71,960054,D_E9_E8_AA_AA_mGAM_mGAM_4_S345,102316
56,A8-e003Coalescence-mBHI-p5,82,1099058,D_E9_E8_AA_AA_mGAM_mGAM_4_S345,102316
57,A10-e003Coalescence-mBHI-p7,90,1171728,D_E9_E8_AA_AA_mGAM_mGAM_4_S345,102316
58,A2-e003Coalescence-mGAM-p5,109,1119246,D_E9_E8_AA_AA_mGAM_mGAM_4_S345,102316
59,C8-e003Coalescence-mBHI-p5,70,1251387,D_E9_E8_AA_AA_mGAM_mGAM_4_S345,102316
60,A11-e003Coalescence-mBHI-p3,121,1455400,D_E9_E8_AA_AA_mGAM_mGAM_4_S345,102316
61,E2-e003Coalescence-mGAM-p7_S145,42,960650,D_E9_E8_AA_AA_mGAM_mGAM_4_S345,102316
62,E8-e003Coalescence-mBHI-p5_S5,47,1129168,D_E9_E8_AA_AA_mGAM_mGAM_4_S345,102316
63,H111-e003Coalescence-mBHI-p3_S144,20412,1229895,D_E9_E8_AA_AA_mGAM_mGAM_4_S345,102316
64,E100-e003Coalescence-mGAM-p3_S155,51,1310955,D_E9_E8_AA_AA_mGAM_mGAM_4_S345,102316
65,E111-e003Coalescence-mBHI-p5_S8,85,719187,D_E9_E8_AA_AA_mGAM_mGAM_4_S345,102316
66,H100-e003Coalescence-mBHI-p5_S43,16813,1043416,D_E9_E8_AA_AA_mGAM_mGAM_4_S345,102316
67,H8-e003Coalescence-mBHI-p7_S137,85,1241668,D_E9_E8_AA_AA_mGAM_mGAM_4_S345,102316
68,G8-e003Coalescence-mGAM-p5_S77,32,1348310,D_E9_E8_AA_AA_mGAM_mGAM_4_S345,102316
69,H8-e003Coalescence-mBHI-p5_S41,78,797551,D_E9_E8_AA_AA_mGAM_mGAM_4_S345,102316
70,E100-e003Coalescence-mBHI-p5_S7,33,890217,D_E9_E8_AA_AA_mGAM_mGAM_4_S345,102316
71,E100-e003Coalescence-mGAM-p5_S55,33,809705,D_E9_E8_AA_AA_mGAM_mGAM_4_S345,102316
72,H111-e003Coalescence-mBHI-p5_S44,10665,674095,D_E9_E8_AA_AA_mGAM_mGAM_4_S345,102316
73,E2-e003Coalescence-mGAM-p3_S57,50,1046865,D_E9_E8_AA_AA_mGAM_mGAM_4_S345,102316
74,H100-e003Coalescence-mBHI-p7_S139,20971,1277434,D_E9_E8_AA_AA_mGAM_mGAM_4_S345,102316
75,G8-e003Coalescence-mBHI-p5_S29,26,748494,D_E9_E8_AA_AA_mGAM_mGAM_4_S345,102316
76,E8-e003Coalescence-mBHI-p3_S105,37,1300226,D_E9_E8_AA_AA_mGAM_mGAM_4_S345,102316
77,E8-e003Coalescence-mGAM-p7_S149,5,1417361,D_E9_E8_AA_AA_mGAM_mGAM_4_S345,102316
78,H8-e003Coalescence-mGAM-p7_S185,5305,983015,D_E9_E8_AA_AA_mGAM_mGAM_4_S345,102316
79,A2-e003Coalescence-Inoculumn-mGAM,29,766653,D_E9_E8_AA_AA_mGAM_mGAM_4_S345,102316
80,B8-e003Coalescence-mBHI-p1_S749,84,1268450,D_E9_E8_AA_AA_mGAM_mGAM_4_S345,102316
81,A8-e003Coalescence-mBHI-p1_S748,33,1289758,D_E9_E8_AA_AA_mGAM_mGAM_4_S345,102316
82,H8-e003Coalescence-mBHI-p1_S815,50,1218424,D_E9_E8_AA_AA_mGAM_mGAM_4_S345,102316
83,E8-e003Coalescence-mBHI-p1_S812,57,1401516,D_E9_E8_AA_AA_mGAM_mGAM_4_S345,102316
84,G8-e003Coalescence-mGAM-p1_S818,1,827892,D_E9_E8_AA_AA_mGAM_mGAM_4_S345,102316
85,D8-e003Coalescence-mGAM-p1_S755,26,701330,D_E9_E8_AA_AA_mGAM_mGAM_4_S345,102316
86,A9-e003Coalescence-mBHI-p1_S756,112,1437416,D_E9_E8_AA_AA_mGAM_mGAM_4_S345,102316
87,E11-e003Coalescence-mBHI-p1_S836,60,1451168,D_E9_E8_AA_AA_mGAM_mGAM_4_S345,102316
88,A10-e003Coalescence-mBHI-p1_S764,41,1193259,D_E9_E8_AA_AA_mGAM_mGAM_4_S345,102316
89,A11-e003Coalescence-mBHI-p1_S772,59,1248804,D_E9_E8_AA_AA_mGAM_mGAM_4_S345,102316
90,Coalescence-F2-E10-AA-AE-mGAM-mBHI-3_S681,56,1425787,D_E9_E8_AA_AA_mGAM_mGAM_4_S345,102316
91,Coalescence-E8-D11-AF-AF-mGAM-mBHI-3_S675,18568,1135698,D_E9_E8_AA_AA_mGAM_mGAM_4_S345,102316
92,Coalescence-F10-H8-AA-AF-mGAM-mGAM-3_S689,183,1095751,D_E9_E8_AA_AA_mGAM_mGAM_4_S345,102316
93,Coalescence-A10-C11-AE-AF-mGAM-mBHI-7_S629,11184,698926,D_E9_E8_AA_AA_mGAM_mGAM_4_S345,102316
94,C_E2_e003Assembly_S242,18,781119,D_E9_E8_AA_AA_mGAM_mGAM_4_S345,102316
0,A_A5_A8_AA_AA_mGAM_mBHI_2_S5,1,1417316,D_E11_E10_AE_AA_mGAM_mGAM_4_S347,102316
1,A_A8_A11_AF_AA_mGAM_mBHI_2_S8,9,1079879,D_E11_E10_AE_AA_mGAM_mGAM_4_S347,102316
2,A_C5_C8_AA_AE_mGAM_mBHI_2_S29,3,1427638,D_E11_E10_AE_AA_mGAM_mGAM_4_S347,102316
3,A_D5_D8_AA_AF_mGAM_mBHI_2_S41,25,966462,D_E11_E10_AE_AA_mGAM_mGAM_4_S347,102316
4,A_D8_D11_AF_AF_mGAM_mBHI_2_S44,19149,1169381,D_E11_E10_AE_AA_mGAM_mGAM_4_S347,102316
5,A_E5_A8_AA_AA_mGAM_mGAM_2_S53,30,1019189,D_E11_E10_AE_AA_mGAM_mGAM_4_S347,102316
6,A_E9_A2_AA_AA_mBHI_mGAM_4_S57,8,1413231,D_E11_E10_AE_AA_mGAM_mGAM_4_S347,102316
7,A_G1_C2_AA_AE_mBHI_mGAM_2_S73,24,712175,D_E11_E10_AE_AA_mGAM_mGAM_4_S347,102316
8,A_G5_C8_AA_AE_mGAM_mGAM_2_S77,46,1416857,D_E11_E10_AE_AA_mGAM_mGAM_4_S347,102316
9,A_G9_C2_AA_AE_mBHI_mGAM_4_S81,7,1411062,D_E11_E10_AE_AA_mGAM_mGAM_4_S347,102316
10,B_A5_E8_AA_AA_mGAM_mBHI_2_S101,2,1425704,D_E11_E10_AE_AA_mGAM_mGAM_4_S347,102316
11,B_A6_E9_ACPP_AA_mGAM_mBHI_2_S102,12,1117375,D_E11_E10_AE_AA_mGAM_mGAM_4_S347,102316
12,B_A7_E10_AE_AA_mGAM_mBHI_2_S103,1,1427518,D_E11_E10_AE_AA_mGAM_mGAM_4_S347,102316
13,B_A11_A10_AE_AA_mGAM_mBHI_4_S107,8,1383768,D_E11_E10_AE_AA_mGAM_mGAM_4_S347,102316
14,B_A12_A11_AF_AA_mGAM_mBHI_4_S108,10,1434911,D_E11_E10_AE_AA_mGAM_mGAM_4_S347,102316
15,B_C12_C11_AF_AE_mGAM_mBHI_4_S132,17109,1052319,D_E11_E10_AE_AA_mGAM_mGAM_4_S347,102316
16,B_D7_H10_AE_AF_mGAM_mBHI_2_S139,22589,1353892,D_E11_E10_AE_AA_mGAM_mGAM_4_S347,102316
17,B_D11_D10_AE_AF_mGAM_mBHI_4_S143,19749,1203283,D_E11_E10_AE_AA_mGAM_mGAM_4_S347,102316
18,B_E5_E8_AA_AA_mGAM_mGAM_2_S149,26,946657,D_E11_E10_AE_AA_mGAM_mGAM_4_S347,102316
19,B_E7_E10_AE_AA_mGAM_mGAM_2_S151,13,1444031,D_E11_E10_AE_AA_mGAM_mGAM_4_S347,102316
20,B_E8_E11_AF_AA_mGAM_mGAM_2_S152,21,849793,D_E11_E10_AE_AA_mGAM_mGAM_4_S347,102316
21,B_E11_A10_AE_AA_mGAM_mGAM_4_S155,3,1028220,D_E11_E10_AE_AA_mGAM_mGAM_4_S347,102316
22,B_G1_G2_AA_AE_mBHI_mGAM_2_S169,24,1033473,D_E11_E10_AE_AA_mGAM_mGAM_4_S347,102316
23,B_H5_H8_AA_AF_mGAM_mGAM_2_S185,20,1427983,D_E11_E10_AE_AA_mGAM_mGAM_4_S347,102316
24,C_C5_C8_AA_AE_mGAM_mBHI_6_S221,3,977407,D_E11_E10_AE_AA_mGAM_mGAM_4_S347,102316
25,C_C8_C11_AF_AE_mGAM_mBHI_6_S224,20057,1218207,D_E11_E10_AE_AA_mGAM_mGAM_4_S347,102316
26,C_D5_D8_AA_AF_mGAM_mBHI_6_S233,93,1127572,D_E11_E10_AE_AA_mGAM_mGAM_4_S347,102316
27,C_D7_D10_AE_AF_mGAM_mBHI_6_S235,23444,1404179,D_E11_E10_AE_AA_mGAM_mGAM_4_S347,102316
28,C_E5_A8_AA_AA_mGAM_mGAM_6_S245,51,1431755,D_E11_E10_AE_AA_mGAM_mGAM_4_S347,102316
29,C_E7_A10_AE_AA_mGAM_mGAM_6_S247,1,1413289,D_E11_E10_AE_AA_mGAM_mGAM_4_S347,102316
30,C_E9_E2_AA_AA_mBHI_mGAM_4_S249,8,1403356,D_E11_E10_AE_AA_mGAM_mGAM_4_S347,102316
31,C_E11_E4_AE_AA_mBHI_mGAM_4_S251,10,1422885,D_E11_E10_AE_AA_mGAM_mGAM_4_S347,102316
32,D_A6_A9_ACPP_AA_mGAM_mBHI_6_S294,0,1440130,D_E11_E10_AE_AA_mGAM_mGAM_4_S347,102316
33,D_A7_A10_AE_AA_mGAM_mBHI_6_S295,1,1433602,D_E11_E10_AE_AA_mGAM_mGAM_4_S347,102316
34,D_A8_A11_AF_AA_mGAM_mBHI_6_S296,13,1436671,D_E11_E10_AE_AA_mGAM_mGAM_4_S347,102316
35,D_A9_E8_AA_AA_mGAM_mBHI_4_S297,4,1437286,D_E11_E10_AE_AA_mGAM_mGAM_4_S347,102316
36,D_A12_E11_AF_AA_mGAM_mBHI_4_S300,12,1396823,D_E11_E10_AE_AA_mGAM_mGAM_4_S347,102316
37,D_C8_C11_AF_AE_mGAM_mBHI_6_S320,21304,1292174,D_E11_E10_AE_AA_mGAM_mGAM_4_S347,102316
38,D_C9_G8_AA_AE_mGAM_mBHI_4_S321,2,1110163,D_E11_E10_AE_AA_mGAM_mGAM_4_S347,102316
39,D_C12_G11_AF_AE_mGAM_mBHI_4_S324,22127,1330220,D_E11_E10_AE_AA_mGAM_mGAM_4_S347,102316
40,D_D7_D10_AE_AF_mGAM_mBHI_6_S331,22238,1338259,D_E11_E10_AE_AA_mGAM_mGAM_4_S347,102316
41,D_D11_H10_AE_AF_mGAM_mBHI_4_S335,21823,1308265,D_E11_E10_AE_AA_mGAM_mGAM_4_S347,102316
42,D_E1_A2_AA_AA_mBHI_mGAM_6_S337,8,1436963,D_E11_E10_AE_AA_mGAM_mGAM_4_S347,102316
43,D_E3_A4_AE_AA_mBHI_mGAM_6_S339,4,1417311,D_E11_E10_AE_AA_mGAM_mGAM_4_S347,102316
44,D_E6_A9_ACPP_AA_mGAM_mGAM_6_S342,15,1303681,D_E11_E10_AE_AA_mGAM_mGAM_4_S347,102316
45,D_E7_A10_AE_AA_mGAM_mGAM_6_S343,0,1343749,D_E11_E10_AE_AA_mGAM_mGAM_4_S347,102316
46,D_E9_E8_AA_AA_mGAM_mGAM_4_S345,56,1400809,D_E11_E10_AE_AA_mGAM_mGAM_4_S347,102316
47,D_E11_E10_AE_AA_mGAM_mGAM_4_S347,0,1397326,D_E11_E10_AE_AA_mGAM_mGAM_4_S347,102316
48,D_G1_C2_AA_AE_mBHI_mGAM_6_S361,5,712918,D_E11_E10_AE_AA_mGAM_mGAM_4_S347,102316
49,D_H5_D8_AA_AF_mGAM_mGAM_6_S377,4263,1125549,D_E11_E10_AE_AA_mGAM_mGAM_4_S347,102316
50,D10-e003Coalescence-mBHI-p3,11919,721454,D_E11_E10_AE_AA_mGAM_mGAM_4_S347,102316
51,C2-e003Coalescence-mGAM-p7,72,1453552,D_E11_E10_AE_AA_mGAM_mGAM_4_S347,102316
52,D10-e003Coalescence-mBHI-p5,11786,723373,D_E11_E10_AE_AA_mGAM_mGAM_4_S347,102316
53,D8-e003Coalescence-mBHI-p5,118,795854,D_E11_E10_AE_AA_mGAM_mGAM_4_S347,102316
54,A8-e003Coalescence-mBHI-p7,68,1437763,D_E11_E10_AE_AA_mGAM_mGAM_4_S347,102316
55,A10-e003Coalescence-mGAM-p3,33,960054,D_E11_E10_AE_AA_mGAM_mGAM_4_S347,102316
56,A8-e003Coalescence-mBHI-p5,37,1099058,D_E11_E10_AE_AA_mGAM_mGAM_4_S347,102316
57,A10-e003Coalescence-mBHI-p7,58,1171728,D_E11_E10_AE_AA_mGAM_mGAM_4_S347,102316
58,A2-e003Coalescence-mGAM-p5,51,1119246,D_E11_E10_AE_AA_mGAM_mGAM_4_S347,102316
59,C8-e003Coalescence-mBHI-p5,42,1251387,D_E11_E10_AE_AA_mGAM_mGAM_4_S347,102316
60,A11-e003Coalescence-mBHI-p3,74,1455400,D_E11_E10_AE_AA_mGAM_mGAM_4_S347,102316
61,E2-e003Coalescence-mGAM-p7_S145,8,960650,D_E11_E10_AE_AA_mGAM_mGAM_4_S347,102316
62,E8-e003Coalescence-mBHI-p5_S5,8,1129168,D_E11_E10_AE_AA_mGAM_mGAM_4_S347,102316
63,H111-e003Coalescence-mBHI-p3_S144,20452,1229895,D_E11_E10_AE_AA_mGAM_mGAM_4_S347,102316
64,E100-e003Coalescence-mGAM-p3_S155,1,1310955,D_E11_E10_AE_AA_mGAM_mGAM_4_S347,102316
65,E111-e003Coalescence-mBHI-p5_S8,46,719187,D_E11_E10_AE_AA_mGAM_mGAM_4_S347,102316
66,H100-e003Coalescence-mBHI-p5_S43,16951,1043416,D_E11_E10_AE_AA_mGAM_mGAM_4_S347,102316
67,H8-e003Coalescence-mBHI-p7_S137,21,1241668,D_E11_E10_AE_AA_mGAM_mGAM_4_S347,102316
68,G8-e003Coalescence-mGAM-p5_S77,18,1348310,D_E11_E10_AE_AA_mGAM_mGAM_4_S347,102316
69,H8-e003Coalescence-mBHI-p5_S41,15,797551,D_E11_E10_AE_AA_mGAM_mGAM_4_S347,102316
70,E100-e003Coalescence-mBHI-p5_S7,1,890217,D_E11_E10_AE_AA_mGAM_mGAM_4_S347,102316
71,E100-e003Coalescence-mGAM-p5_S55,3,809705,D_E11_E10_AE_AA_mGAM_mGAM_4_S347,102316
72,H111-e003Coalescence-mBHI-p5_S44,10676,674095,D_E11_E10_AE_AA_mGAM_mGAM_4_S347,102316
73,E2-e003Coalescence-mGAM-p3_S57,3,1046865,D_E11_E10_AE_AA_mGAM_mGAM_4_S347,102316
74,H100-e003Coalescence-mBHI-p7_S139,21051,1277434,D_E11_E10_AE_AA_mGAM_mGAM_4_S347,102316
75,G8-e003Coalescence-mBHI-p5_S29,0,748494,D_E11_E10_AE_AA_mGAM_mGAM_4_S347,102316
76,E8-e003Coalescence-mBHI-p3_S105,9,1300226,D_E11_E10_AE_AA_mGAM_mGAM_4_S347,102316
77,E8-e003Coalescence-mGAM-p7_S149,56,1417361,D_E11_E10_AE_AA_mGAM_mGAM_4_S347,102316
78,H8-e003Coalescence-mGAM-p7_S185,5295,983015,D_E11_E10_AE_AA_mGAM_mGAM_4_S347,102316
79,A2-e003Coalescence-Inoculumn-mGAM,70,766653,D_E11_E10_AE_AA_mGAM_mGAM_4_S347,102316
80,B8-e003Coalescence-mBHI-p1_S749,57,1268450,D_E11_E10_AE_AA_mGAM_mGAM_4_S347,102316
81,A8-e003Coalescence-mBHI-p1_S748,2,1289758,D_E11_E10_AE_AA_mGAM_mGAM_4_S347,102316
82,H8-e003Coalescence-mBHI-p1_S815,20,1218424,D_E11_E10_AE_AA_mGAM_mGAM_4_S347,102316
83,E8-e003Coalescence-mBHI-p1_S812,3,1401516,D_E11_E10_AE_AA_mGAM_mGAM_4_S347,102316
84,G8-e003Coalescence-mGAM-p1_S818,22,827892,D_E11_E10_AE_AA_mGAM_mGAM_4_S347,102316
85,D8-e003Coalescence-mGAM-p1_S755,30,701330,D_E11_E10_AE_AA_mGAM_mGAM_4_S347,102316
86,A9-e003Coalescence-mBHI-p1_S756,73,1437416,D_E11_E10_AE_AA_mGAM_mGAM_4_S347,102316
87,E11-e003Coalescence-mBHI-p1_S836,8,1451168,D_E11_E10_AE_AA_mGAM_mGAM_4_S347,102316
88,A10-e003Coalescence-mBHI-p1_S764,0,1193259,D_E11_E10_AE_AA_mGAM_mGAM_4_S347,102316
89,A11-e003Coalescence-mBHI-p1_S772,21,1248804,D_E11_E10_AE_AA_mGAM_mGAM_4_S347,102316
90,Coalescence-F2-E10-AA-AE-mGAM-mBHI-3_S681,4,1425787,D_E11_E10_AE_AA_mGAM_mGAM_4_S347,102316
91,Coalescence-E8-D11-AF-AF-mGAM-mBHI-3_S675,18532,1135698,D_E11_E10_AE_AA_mGAM_mGAM_4_S347,102316
92,Coalescence-F10-H8-AA-AF-mGAM-mGAM-3_S689,114,1095751,D_E11_E10_AE_AA_mGAM_mGAM_4_S347,102316
93,Coalescence-A10-C11-AE-AF-mGAM-mBHI-7_S629,11235,698926,D_E11_E10_AE_AA_mGAM_mGAM_4_S347,102316
94,C_E2_e003Assembly_S242,37,781119,D_E11_E10_AE_AA_mGAM_mGAM_4_S347,102316
0,A_A5_A8_AA_AA_mGAM_mBHI_2_S5,12,1417316,D_G1_C2_AA_AE_mBHI_mGAM_6_S361,102316
1,A_A8_A11_AF_AA_mGAM_mBHI_2_S8,11,1079879,D_G1_C2_AA_AE_mBHI_mGAM_6_S361,102316
2,A_C5_C8_AA_AE_mGAM_mBHI_2_S29,8,1427638,D_G1_C2_AA_AE_mBHI_mGAM_6_S361,102316
3,A_D5_D8_AA_AF_mGAM_mBHI_2_S41,7,966462,D_G1_C2_AA_AE_mBHI_mGAM_6_S361,102316
4,A_D8_D11_AF_AF_mGAM_mBHI_2_S44,9270,1169381,D_G1_C2_AA_AE_mBHI_mGAM_6_S361,102316
5,A_E5_A8_AA_AA_mGAM_mGAM_2_S53,18,1019189,D_G1_C2_AA_AE_mBHI_mGAM_6_S361,102316
6,A_E9_A2_AA_AA_mBHI_mGAM_4_S57,2,1413231,D_G1_C2_AA_AE_mBHI_mGAM_6_S361,102316
7,A_G1_C2_AA_AE_mBHI_mGAM_2_S73,5,712175,D_G1_C2_AA_AE_mBHI_mGAM_6_S361,102316
8,A_G5_C8_AA_AE_mGAM_mGAM_2_S77,26,1416857,D_G1_C2_AA_AE_mBHI_mGAM_6_S361,102316
9,A_G9_C2_AA_AE_mBHI_mGAM_4_S81,0,1411062,D_G1_C2_AA_AE_mBHI_mGAM_6_S361,102316
10,B_A5_E8_AA_AA_mGAM_mBHI_2_S101,5,1425704,D_G1_C2_AA_AE_mBHI_mGAM_6_S361,102316
11,B_A6_E9_ACPP_AA_mGAM_mBHI_2_S102,23,1117375,D_G1_C2_AA_AE_mBHI_mGAM_6_S361,102316
12,B_A7_E10_AE_AA_mGAM_mBHI_2_S103,8,1427518,D_G1_C2_AA_AE_mBHI_mGAM_6_S361,102316
13,B_A11_A10_AE_AA_mGAM_mBHI_4_S107,5,1383768,D_G1_C2_AA_AE_mBHI_mGAM_6_S361,102316
14,B_A12_A11_AF_AA_mGAM_mBHI_4_S108,9,1434911,D_G1_C2_AA_AE_mBHI_mGAM_6_S361,102316
15,B_C12_C11_AF_AE_mGAM_mBHI_4_S132,8376,1052319,D_G1_C2_AA_AE_mBHI_mGAM_6_S361,102316
16,B_D7_H10_AE_AF_mGAM_mBHI_2_S139,10849,1353892,D_G1_C2_AA_AE_mBHI_mGAM_6_S361,102316
17,B_D11_D10_AE_AF_mGAM_mBHI_4_S143,9572,1203283,D_G1_C2_AA_AE_mBHI_mGAM_6_S361,102316
18,B_E5_E8_AA_AA_mGAM_mGAM_2_S149,19,946657,D_G1_C2_AA_AE_mBHI_mGAM_6_S361,102316
19,B_E7_E10_AE_AA_mGAM_mGAM_2_S151,22,1444031,D_G1_C2_AA_AE_mBHI_mGAM_6_S361,102316
20,B_E8_E11_AF_AA_mGAM_mGAM_2_S152,15,849793,D_G1_C2_AA_AE_mBHI_mGAM_6_S361,102316
21,B_E11_A10_AE_AA_mGAM_mGAM_4_S155,6,1028220,D_G1_C2_AA_AE_mBHI_mGAM_6_S361,102316
22,B_G1_G2_AA_AE_mBHI_mGAM_2_S169,3,1033473,D_G1_C2_AA_AE_mBHI_mGAM_6_S361,102316
23,B_H5_H8_AA_AF_mGAM_mGAM_2_S185,14,1427983,D_G1_C2_AA_AE_mBHI_mGAM_6_S361,102316
24,C_C5_C8_AA_AE_mGAM_mBHI_6_S221,10,977407,D_G1_C2_AA_AE_mBHI_mGAM_6_S361,102316
25,C_C8_C11_AF_AE_mGAM_mBHI_6_S224,9830,1218207,D_G1_C2_AA_AE_mBHI_mGAM_6_S361,102316
26,C_D5_D8_AA_AF_mGAM_mBHI_6_S233,37,1127572,D_G1_C2_AA_AE_mBHI_mGAM_6_S361,102316
27,C_D7_D10_AE_AF_mGAM_mBHI_6_S235,11294,1404179,D_G1_C2_AA_AE_mBHI_mGAM_6_S361,102316
28,C_E5_A8_AA_AA_mGAM_mGAM_6_S245,23,1431755,D_G1_C2_AA_AE_mBHI_mGAM_6_S361,102316
29,C_E7_A10_AE_AA_mGAM_mGAM_6_S247,7,1413289,D_G1_C2_AA_AE_mBHI_mGAM_6_S361,102316
30,C_E9_E2_AA_AA_mBHI_mGAM_4_S249,4,1403356,D_G1_C2_AA_AE_mBHI_mGAM_6_S361,102316
31,C_E11_E4_AE_AA_mBHI_mGAM_4_S251,2,1422885,D_G1_C2_AA_AE_mBHI_mGAM_6_S361,102316
32,D_A6_A9_ACPP_AA_mGAM_mBHI_6_S294,7,1440130,D_G1_C2_AA_AE_mBHI_mGAM_6_S361,102316
33,D_A7_A10_AE_AA_mGAM_mBHI_6_S295,7,1433602,D_G1_C2_AA_AE_mBHI_mGAM_6_S361,102316
34,D_A8_A11_AF_AA_mGAM_mBHI_6_S296,6,1436671,D_G1_C2_AA_AE_mBHI_mGAM_6_S361,102316
35,D_A9_E8_AA_AA_mGAM_mBHI_4_S297,11,1437286,D_G1_C2_AA_AE_mBHI_mGAM_6_S361,102316
36,D_A12_E11_AF_AA_mGAM_mBHI_4_S300,9,1396823,D_G1_C2_AA_AE_mBHI_mGAM_6_S361,102316
37,D_C8_C11_AF_AE_mGAM_mBHI_6_S320,10407,1292174,D_G1_C2_AA_AE_mBHI_mGAM_6_S361,102316
38,D_C9_G8_AA_AE_mGAM_mBHI_4_S321,3,1110163,D_G1_C2_AA_AE_mBHI_mGAM_6_S361,102316
39,D_C12_G11_AF_AE_mGAM_mBHI_4_S324,10726,1330220,D_G1_C2_AA_AE_mBHI_mGAM_6_S361,102316
40,D_D7_D10_AE_AF_mGAM_mBHI_6_S331,10737,1338259,D_G1_C2_AA_AE_mBHI_mGAM_6_S361,102316
41,D_D11_H10_AE_AF_mGAM_mBHI_4_S335,10546,1308265,D_G1_C2_AA_AE_mBHI_mGAM_6_S361,102316
42,D_E1_A2_AA_AA_mBHI_mGAM_6_S337,4,1436963,D_G1_C2_AA_AE_mBHI_mGAM_6_S361,102316
43,D_E3_A4_AE_AA_mBHI_mGAM_6_S339,3,1417311,D_G1_C2_AA_AE_mBHI_mGAM_6_S361,102316
44,D_E6_A9_ACPP_AA_mGAM_mGAM_6_S342,15,1303681,D_G1_C2_AA_AE_mBHI_mGAM_6_S361,102316
45,D_E7_A10_AE_AA_mGAM_mGAM_6_S343,18,1343749,D_G1_C2_AA_AE_mBHI_mGAM_6_S361,102316
46,D_E9_E8_AA_AA_mGAM_mGAM_4_S345,35,1400809,D_G1_C2_AA_AE_mBHI_mGAM_6_S361,102316
47,D_E11_E10_AE_AA_mGAM_mGAM_4_S347,5,1397326,D_G1_C2_AA_AE_mBHI_mGAM_6_S361,102316
48,D_G1_C2_AA_AE_mBHI_mGAM_6_S361,0,712918,D_G1_C2_AA_AE_mBHI_mGAM_6_S361,102316
49,D_H5_D8_AA_AF_mGAM_mGAM_6_S377,1961,1125549,D_G1_C2_AA_AE_mBHI_mGAM_6_S361,102316
50,D10-e003Coalescence-mBHI-p3,5921,721454,D_G1_C2_AA_AE_mBHI_mGAM_6_S361,102316
51,C2-e003Coalescence-mGAM-p7,24,1453552,D_G1_C2_AA_AE_mBHI_mGAM_6_S361,102316
52,D10-e003Coalescence-mBHI-p5,5716,723373,D_G1_C2_AA_AE_mBHI_mGAM_6_S361,102316
53,D8-e003Coalescence-mBHI-p5,48,795854,D_G1_C2_AA_AE_mBHI_mGAM_6_S361,102316
54,A8-e003Coalescence-mBHI-p7,34,1437763,D_G1_C2_AA_AE_mBHI_mGAM_6_S361,102316
55,A10-e003Coalescence-mGAM-p3,27,960054,D_G1_C2_AA_AE_mBHI_mGAM_6_S361,102316
56,A8-e003Coalescence-mBHI-p5,18,1099058,D_G1_C2_AA_AE_mBHI_mGAM_6_S361,102316
57,A10-e003Coalescence-mBHI-p7,25,1171728,D_G1_C2_AA_AE_mBHI_mGAM_6_S361,102316
58,A2-e003Coalescence-mGAM-p5,18,1119246,D_G1_C2_AA_AE_mBHI_mGAM_6_S361,102316
59,C8-e003Coalescence-mBHI-p5,20,1251387,D_G1_C2_AA_AE_mBHI_mGAM_6_S361,102316
60,A11-e003Coalescence-mBHI-p3,28,1455400,D_G1_C2_AA_AE_mBHI_mGAM_6_S361,102316
61,E2-e003Coalescence-mGAM-p7_S145,1,960650,D_G1_C2_AA_AE_mBHI_mGAM_6_S361,102316
62,E8-e003Coalescence-mBHI-p5_S5,5,1129168,D_G1_C2_AA_AE_mBHI_mGAM_6_S361,102316
63,H111-e003Coalescence-mBHI-p3_S144,9926,1229895,D_G1_C2_AA_AE_mBHI_mGAM_6_S361,102316
64,E100-e003Coalescence-mGAM-p3_S155,14,1310955,D_G1_C2_AA_AE_mBHI_mGAM_6_S361,102316
65,E111-e003Coalescence-mBHI-p5_S8,39,719187,D_G1_C2_AA_AE_mBHI_mGAM_6_S361,102316
66,H100-e003Coalescence-mBHI-p5_S43,8317,1043416,D_G1_C2_AA_AE_mBHI_mGAM_6_S361,102316
67,H8-e003Coalescence-mBHI-p7_S137,19,1241668,D_G1_C2_AA_AE_mBHI_mGAM_6_S361,102316
68,G8-e003Coalescence-mGAM-p5_S77,14,1348310,D_G1_C2_AA_AE_mBHI_mGAM_6_S361,102316
69,H8-e003Coalescence-mBHI-p5_S41,8,797551,D_G1_C2_AA_AE_mBHI_mGAM_6_S361,102316
70,E100-e003Coalescence-mBHI-p5_S7,5,890217,D_G1_C2_AA_AE_mBHI_mGAM_6_S361,102316
71,E100-e003Coalescence-mGAM-p5_S55,10,809705,D_G1_C2_AA_AE_mBHI_mGAM_6_S361,102316
72,H111-e003Coalescence-mBHI-p5_S44,5252,674095,D_G1_C2_AA_AE_mBHI_mGAM_6_S361,102316
73,E2-e003Coalescence-mGAM-p3_S57,0,1046865,D_G1_C2_AA_AE_mBHI_mGAM_6_S361,102316
74,H100-e003Coalescence-mBHI-p7_S139,10187,1277434,D_G1_C2_AA_AE_mBHI_mGAM_6_S361,102316
75,G8-e003Coalescence-mBHI-p5_S29,0,748494,D_G1_C2_AA_AE_mBHI_mGAM_6_S361,102316
76,E8-e003Coalescence-mBHI-p3_S105,11,1300226,D_G1_C2_AA_AE_mBHI_mGAM_6_S361,102316
77,E8-e003Coalescence-mGAM-p7_S149,31,1417361,D_G1_C2_AA_AE_mBHI_mGAM_6_S361,102316
78,H8-e003Coalescence-mGAM-p7_S185,2456,983015,D_G1_C2_AA_AE_mBHI_mGAM_6_S361,102316
79,A2-e003Coalescence-Inoculumn-mGAM,33,766653,D_G1_C2_AA_AE_mBHI_mGAM_6_S361,102316
80,B8-e003Coalescence-mBHI-p1_S749,34,1268450,D_G1_C2_AA_AE_mBHI_mGAM_6_S361,102316
81,A8-e003Coalescence-mBHI-p1_S748,6,1289758,D_G1_C2_AA_AE_mBHI_mGAM_6_S361,102316
82,H8-e003Coalescence-mBHI-p1_S815,12,1218424,D_G1_C2_AA_AE_mBHI_mGAM_6_S361,102316
83,E8-e003Coalescence-mBHI-p1_S812,6,1401516,D_G1_C2_AA_AE_mBHI_mGAM_6_S361,102316
84,G8-e003Coalescence-mGAM-p1_S818,24,827892,D_G1_C2_AA_AE_mBHI_mGAM_6_S361,102316
85,D8-e003Coalescence-mGAM-p1_S755,22,701330,D_G1_C2_AA_AE_mBHI_mGAM_6_S361,102316
86,A9-e003Coalescence-mBHI-p1_S756,45,1437416,D_G1_C2_AA_AE_mBHI_mGAM_6_S361,102316
87,E11-e003Coalescence-mBHI-p1_S836,5,1451168,D_G1_C2_AA_AE_mBHI_mGAM_6_S361,102316
88,A10-e003Coalescence-mBHI-p1_S764,7,1193259,D_G1_C2_AA_AE_mBHI_mGAM_6_S361,102316
89,A11-e003Coalescence-mBHI-p1_S772,16,1248804,D_G1_C2_AA_AE_mBHI_mGAM_6_S361,102316
90,Coalescence-F2-E10-AA-AE-mGAM-mBHI-3_S681,13,1425787,D_G1_C2_AA_AE_mBHI_mGAM_6_S361,102316
91,Coalescence-E8-D11-AF-AF-mGAM-mBHI-3_S675,9063,1135698,D_G1_C2_AA_AE_mBHI_mGAM_6_S361,102316
92,Coalescence-F10-H8-AA-AF-mGAM-mGAM-3_S689,45,1095751,D_G1_C2_AA_AE_mBHI_mGAM_6_S361,102316
93,Coalescence-A10-C11-AE-AF-mGAM-mBHI-7_S629,5696,698926,D_G1_C2_AA_AE_mBHI_mGAM_6_S361,102316
94,C_E2_e003Assembly_S242,19,781119,D_G1_C2_AA_AE_mBHI_mGAM_6_S361,102316
0,A_A5_A8_AA_AA_mGAM_mBHI_2_S5,4321,1417316,D_H5_D8_AA_AF_mGAM_mGAM_6_S377,102316
1,A_A8_A11_AF_AA_mGAM_mBHI_2_S8,2491,1079879,D_H5_D8_AA_AF_mGAM_mGAM_6_S377,102316
2,A_C5_C8_AA_AE_mGAM_mBHI_2_S29,4212,1427638,D_H5_D8_AA_AF_mGAM_mGAM_6_S377,102316
3,A_D5_D8_AA_AF_mGAM_mBHI_2_S41,1831,966462,D_H5_D8_AA_AF_mGAM_mGAM_6_S377,102316
4,A_D8_D11_AF_AF_mGAM_mBHI_2_S44,433,1169381,D_H5_D8_AA_AF_mGAM_mGAM_6_S377,102316
5,A_E5_A8_AA_AA_mGAM_mGAM_2_S53,2899,1019189,D_H5_D8_AA_AF_mGAM_mGAM_6_S377,102316
6,A_E9_A2_AA_AA_mBHI_mGAM_4_S57,4257,1413231,D_H5_D8_AA_AF_mGAM_mGAM_6_S377,102316
7,A_G1_C2_AA_AE_mBHI_mGAM_2_S73,2006,712175,D_H5_D8_AA_AF_mGAM_mGAM_6_S377,102316
8,A_G5_C8_AA_AE_mGAM_mGAM_2_S77,4309,1416857,D_H5_D8_AA_AF_mGAM_mGAM_6_S377,102316
9,A_G9_C2_AA_AE_mBHI_mGAM_4_S81,4131,1411062,D_H5_D8_AA_AF_mGAM_mGAM_6_S377,102316
10,B_A5_E8_AA_AA_mGAM_mBHI_2_S101,4277,1425704,D_H5_D8_AA_AF_mGAM_mGAM_6_S377,102316
11,B_A6_E9_ACPP_AA_mGAM_mBHI_2_S102,3228,1117375,D_H5_D8_AA_AF_mGAM_mGAM_6_S377,102316
12,B_A7_E10_AE_AA_mGAM_mBHI_2_S103,4249,1427518,D_H5_D8_AA_AF_mGAM_mGAM_6_S377,102316
13,B_A11_A10_AE_AA_mGAM_mBHI_4_S107,4166,1383768,D_H5_D8_AA_AF_mGAM_mGAM_6_S377,102316
14,B_A12_A11_AF_AA_mGAM_mBHI_4_S108,3544,1434911,D_H5_D8_AA_AF_mGAM_mGAM_6_S377,102316
15,B_C12_C11_AF_AE_mGAM_mBHI_4_S132,390,1052319,D_H5_D8_AA_AF_mGAM_mGAM_6_S377,102316
16,B_D7_H10_AE_AF_mGAM_mBHI_2_S139,582,1353892,D_H5_D8_AA_AF_mGAM_mGAM_6_S377,102316
17,B_D11_D10_AE_AF_mGAM_mBHI_4_S143,458,1203283,D_H5_D8_AA_AF_mGAM_mGAM_6_S377,102316
18,B_E5_E8_AA_AA_mGAM_mGAM_2_S149,2662,946657,D_H5_D8_AA_AF_mGAM_mGAM_6_S377,102316
19,B_E7_E10_AE_AA_mGAM_mGAM_2_S151,4321,1444031,D_H5_D8_AA_AF_mGAM_mGAM_6_S377,102316
20,B_E8_E11_AF_AA_mGAM_mGAM_2_S152,1993,849793,D_H5_D8_AA_AF_mGAM_mGAM_6_S377,102316
21,B_E11_A10_AE_AA_mGAM_mGAM_4_S155,2896,1028220,D_H5_D8_AA_AF_mGAM_mGAM_6_S377,102316
22,B_G1_G2_AA_AE_mBHI_mGAM_2_S169,2947,1033473,D_H5_D8_AA_AF_mGAM_mGAM_6_S377,102316
23,B_H5_H8_AA_AF_mGAM_mGAM_2_S185,3127,1427983,D_H5_D8_AA_AF_mGAM_mGAM_6_S377,102316
24,C_C5_C8_AA_AE_mGAM_mBHI_6_S221,2776,977407,D_H5_D8_AA_AF_mGAM_mGAM_6_S377,102316
25,C_C8_C11_AF_AE_mGAM_mBHI_6_S224,470,1218207,D_H5_D8_AA_AF_mGAM_mGAM_6_S377,102316
26,C_D5_D8_AA_AF_mGAM_mBHI_6_S233,1882,1127572,D_H5_D8_AA_AF_mGAM_mGAM_6_S377,102316
27,C_D7_D10_AE_AF_mGAM_mBHI_6_S235,586,1404179,D_H5_D8_AA_AF_mGAM_mGAM_6_S377,102316
28,C_E5_A8_AA_AA_mGAM_mGAM_6_S245,4282,1431755,D_H5_D8_AA_AF_mGAM_mGAM_6_S377,102316
29,C_E7_A10_AE_AA_mGAM_mGAM_6_S247,4240,1413289,D_H5_D8_AA_AF_mGAM_mGAM_6_S377,102316
30,C_E9_E2_AA_AA_mBHI_mGAM_4_S249,4161,1403356,D_H5_D8_AA_AF_mGAM_mGAM_6_S377,102316
31,C_E11_E4_AE_AA_mBHI_mGAM_4_S251,4274,1422885,D_H5_D8_AA_AF_mGAM_mGAM_6_S377,102316
32,D_A6_A9_ACPP_AA_mGAM_mBHI_6_S294,4318,1440130,D_H5_D8_AA_AF_mGAM_mGAM_6_S377,102316
33,D_A7_A10_AE_AA_mGAM_mBHI_6_S295,4303,1433602,D_H5_D8_AA_AF_mGAM_mGAM_6_S377,102316
34,D_A8_A11_AF_AA_mGAM_mBHI_6_S296,3106,1436671,D_H5_D8_AA_AF_mGAM_mGAM_6_S377,102316
35,D_A9_E8_AA_AA_mGAM_mBHI_4_S297,4325,1437286,D_H5_D8_AA_AF_mGAM_mGAM_6_S377,102316
36,D_A12_E11_AF_AA_mGAM_mBHI_4_S300,3243,1396823,D_H5_D8_AA_AF_mGAM_mGAM_6_S377,102316
37,D_C8_C11_AF_AE_mGAM_mBHI_6_S320,509,1292174,D_H5_D8_AA_AF_mGAM_mGAM_6_S377,102316
38,D_C9_G8_AA_AE_mGAM_mBHI_4_S321,3182,1110163,D_H5_D8_AA_AF_mGAM_mGAM_6_S377,102316
39,D_C12_G11_AF_AE_mGAM_mBHI_4_S324,596,1330220,D_H5_D8_AA_AF_mGAM_mGAM_6_S377,102316
40,D_D7_D10_AE_AF_mGAM_mBHI_6_S331,549,1338259,D_H5_D8_AA_AF_mGAM_mGAM_6_S377,102316
41,D_D11_H10_AE_AF_mGAM_mBHI_4_S335,587,1308265,D_H5_D8_AA_AF_mGAM_mGAM_6_S377,102316
42,D_E1_A2_AA_AA_mBHI_mGAM_6_S337,4307,1436963,D_H5_D8_AA_AF_mGAM_mGAM_6_S377,102316
43,D_E3_A4_AE_AA_mBHI_mGAM_6_S339,4227,1417311,D_H5_D8_AA_AF_mGAM_mGAM_6_S377,102316
44,D_E6_A9_ACPP_AA_mGAM_mGAM_6_S342,3856,1303681,D_H5_D8_AA_AF_mGAM_mGAM_6_S377,102316
45,D_E7_A10_AE_AA_mGAM_mGAM_6_S343,3979,1343749,D_H5_D8_AA_AF_mGAM_mGAM_6_S377,102316
46,D_E9_E8_AA_AA_mGAM_mGAM_4_S345,4238,1400809,D_H5_D8_AA_AF_mGAM_mGAM_6_S377,102316
47,D_E11_E10_AE_AA_mGAM_mGAM_4_S347,4263,1397326,D_H5_D8_AA_AF_mGAM_mGAM_6_S377,102316
48,D_G1_C2_AA_AE_mBHI_mGAM_6_S361,1961,712918,D_H5_D8_AA_AF_mGAM_mGAM_6_S377,102316
49,D_H5_D8_AA_AF_mGAM_mGAM_6_S377,0,1125549,D_H5_D8_AA_AF_mGAM_mGAM_6_S377,102316
50,D10-e003Coalescence-mBHI-p3,332,721454,D_H5_D8_AA_AF_mGAM_mGAM_6_S377,102316
51,C2-e003Coalescence-mGAM-p7,4522,1453552,D_H5_D8_AA_AF_mGAM_mGAM_6_S377,102316
52,D10-e003Coalescence-mBHI-p5,302,723373,D_H5_D8_AA_AF_mGAM_mGAM_6_S377,102316
53,D8-e003Coalescence-mBHI-p5,1468,795854,D_H5_D8_AA_AF_mGAM_mGAM_6_S377,102316
54,A8-e003Coalescence-mBHI-p7,4543,1437763,D_H5_D8_AA_AF_mGAM_mGAM_6_S377,102316
55,A10-e003Coalescence-mGAM-p3,2821,960054,D_H5_D8_AA_AF_mGAM_mGAM_6_S377,102316
56,A8-e003Coalescence-mBHI-p5,3281,1099058,D_H5_D8_AA_AF_mGAM_mGAM_6_S377,102316
57,A10-e003Coalescence-mBHI-p7,3498,1171728,D_H5_D8_AA_AF_mGAM_mGAM_6_S377,102316
58,A2-e003Coalescence-mGAM-p5,3349,1119246,D_H5_D8_AA_AF_mGAM_mGAM_6_S377,102316
59,C8-e003Coalescence-mBHI-p5,3720,1251387,D_H5_D8_AA_AF_mGAM_mGAM_6_S377,102316
60,A11-e003Coalescence-mBHI-p3,4135,1455400,D_H5_D8_AA_AF_mGAM_mGAM_6_S377,102316
61,E2-e003Coalescence-mGAM-p7_S145,2734,960650,D_H5_D8_AA_AF_mGAM_mGAM_6_S377,102316
62,E8-e003Coalescence-mBHI-p5_S5,3236,1129168,D_H5_D8_AA_AF_mGAM_mGAM_6_S377,102316
63,H111-e003Coalescence-mBHI-p3_S144,470,1229895,D_H5_D8_AA_AF_mGAM_mGAM_6_S377,102316
64,E100-e003Coalescence-mGAM-p3_S155,3885,1310955,D_H5_D8_AA_AF_mGAM_mGAM_6_S377,102316
65,E111-e003Coalescence-mBHI-p5_S8,1474,719187,D_H5_D8_AA_AF_mGAM_mGAM_6_S377,102316
66,H100-e003Coalescence-mBHI-p5_S43,413,1043416,D_H5_D8_AA_AF_mGAM_mGAM_6_S377,102316
67,H8-e003Coalescence-mBHI-p7_S137,3313,1241668,D_H5_D8_AA_AF_mGAM_mGAM_6_S377,102316
68,G8-e003Coalescence-mGAM-p5_S77,3943,1348310,D_H5_D8_AA_AF_mGAM_mGAM_6_S377,102316
69,H8-e003Coalescence-mBHI-p5_S41,2126,797551,D_H5_D8_AA_AF_mGAM_mGAM_6_S377,102316
70,E100-e003Coalescence-mBHI-p5_S7,2411,890217,D_H5_D8_AA_AF_mGAM_mGAM_6_S377,102316
71,E100-e003Coalescence-mGAM-p5_S55,2301,809705,D_H5_D8_AA_AF_mGAM_mGAM_6_S377,102316
72,H111-e003Coalescence-mBHI-p5_S44,197,674095,D_H5_D8_AA_AF_mGAM_mGAM_6_S377,102316
73,E2-e003Coalescence-mGAM-p3_S57,2881,1046865,D_H5_D8_AA_AF_mGAM_mGAM_6_S377,102316
74,H100-e003Coalescence-mBHI-p7_S139,482,1277434,D_H5_D8_AA_AF_mGAM_mGAM_6_S377,102316
75,G8-e003Coalescence-mBHI-p5_S29,2129,748494,D_H5_D8_AA_AF_mGAM_mGAM_6_S377,102316
76,E8-e003Coalescence-mBHI-p3_S105,3707,1300226,D_H5_D8_AA_AF_mGAM_mGAM_6_S377,102316
77,E8-e003Coalescence-mGAM-p7_S149,4243,1417361,D_H5_D8_AA_AF_mGAM_mGAM_6_S377,102316
78,H8-e003Coalescence-mGAM-p7_S185,194,983015,D_H5_D8_AA_AF_mGAM_mGAM_6_S377,102316
79,A2-e003Coalescence-Inoculumn-mGAM,2278,766653,D_H5_D8_AA_AF_mGAM_mGAM_6_S377,102316
80,B8-e003Coalescence-mBHI-p1_S749,3749,1268450,D_H5_D8_AA_AF_mGAM_mGAM_6_S377,102316
81,A8-e003Coalescence-mBHI-p1_S748,3775,1289758,D_H5_D8_AA_AF_mGAM_mGAM_6_S377,102316
82,H8-e003Coalescence-mBHI-p1_S815,2881,1218424,D_H5_D8_AA_AF_mGAM_mGAM_6_S377,102316
83,E8-e003Coalescence-mBHI-p1_S812,4232,1401516,D_H5_D8_AA_AF_mGAM_mGAM_6_S377,102316
84,G8-e003Coalescence-mGAM-p1_S818,2406,827892,D_H5_D8_AA_AF_mGAM_mGAM_6_S377,102316
85,D8-e003Coalescence-mGAM-p1_S755,1720,701330,D_H5_D8_AA_AF_mGAM_mGAM_6_S377,102316
86,A9-e003Coalescence-mBHI-p1_S756,4346,1437416,D_H5_D8_AA_AF_mGAM_mGAM_6_S377,102316
87,E11-e003Coalescence-mBHI-p1_S836,4105,1451168,D_H5_D8_AA_AF_mGAM_mGAM_6_S377,102316
88,A10-e003Coalescence-mBHI-p1_S764,3354,1193259,D_H5_D8_AA_AF_mGAM_mGAM_6_S377,102316
89,A11-e003Coalescence-mBHI-p1_S772,3153,1248804,D_H5_D8_AA_AF_mGAM_mGAM_6_S377,102316
90,Coalescence-F2-E10-AA-AE-mGAM-mBHI-3_S681,4302,1425787,D_H5_D8_AA_AF_mGAM_mGAM_6_S377,102316
91,Coalescence-E8-D11-AF-AF-mGAM-mBHI-3_S675,447,1135698,D_H5_D8_AA_AF_mGAM_mGAM_6_S377,102316
92,Coalescence-F10-H8-AA-AF-mGAM-mGAM-3_S689,1728,1095751,D_H5_D8_AA_AF_mGAM_mGAM_6_S377,102316
93,Coalescence-A10-C11-AE-AF-mGAM-mBHI-7_S629,281,698926,D_H5_D8_AA_AF_mGAM_mGAM_6_S377,102316
94,C_E2_e003Assembly_S242,2287,781119,D_H5_D8_AA_AF_mGAM_mGAM_6_S377,102316
0,A_A5_A8_AA_AA_mGAM_mBHI_2_S5,12037,1417316,D10-e003Coalescence-mBHI-p3,102316
1,A_A8_A11_AF_AA_mGAM_mBHI_2_S8,7622,1079879,D10-e003Coalescence-mBHI-p3,102316
2,A_C5_C8_AA_AE_mGAM_mBHI_2_S29,12082,1427638,D10-e003Coalescence-mBHI-p3,102316
3,A_D5_D8_AA_AF_mGAM_mBHI_2_S41,5670,966462,D10-e003Coalescence-mBHI-p3,102316
4,A_D8_D11_AF_AF_mGAM_mBHI_2_S44,53,1169381,D10-e003Coalescence-mBHI-p3,102316
5,A_E5_A8_AA_AA_mGAM_mGAM_2_S53,8670,1019189,D10-e003Coalescence-mBHI-p3,102316
6,A_E9_A2_AA_AA_mBHI_mGAM_4_S57,11947,1413231,D10-e003Coalescence-mBHI-p3,102316
7,A_G1_C2_AA_AE_mBHI_mGAM_2_S73,5906,712175,D10-e003Coalescence-mBHI-p3,102316
8,A_G5_C8_AA_AE_mGAM_mGAM_2_S77,11992,1416857,D10-e003Coalescence-mBHI-p3,102316
9,A_G9_C2_AA_AE_mBHI_mGAM_4_S81,11848,1411062,D10-e003Coalescence-mBHI-p3,102316
10,B_A5_E8_AA_AA_mGAM_mBHI_2_S101,12115,1425704,D10-e003Coalescence-mBHI-p3,102316
11,B_A6_E9_ACPP_AA_mGAM_mBHI_2_S102,9398,1117375,D10-e003Coalescence-mBHI-p3,102316
12,B_A7_E10_AE_AA_mGAM_mBHI_2_S103,12169,1427518,D10-e003Coalescence-mBHI-p3,102316
13,B_A11_A10_AE_AA_mGAM_mBHI_4_S107,11681,1383768,D10-e003Coalescence-mBHI-p3,102316
14,B_A12_A11_AF_AA_mGAM_mBHI_4_S108,10342,1434911,D10-e003Coalescence-mBHI-p3,102316
15,B_C12_C11_AF_AE_mGAM_mBHI_4_S132,31,1052319,D10-e003Coalescence-mBHI-p3,102316
16,B_D7_H10_AE_AF_mGAM_mBHI_2_S139,46,1353892,D10-e003Coalescence-mBHI-p3,102316
17,B_D11_D10_AE_AF_mGAM_mBHI_4_S143,33,1203283,D10-e003Coalescence-mBHI-p3,102316
18,B_E5_E8_AA_AA_mGAM_mGAM_2_S149,7803,946657,D10-e003Coalescence-mBHI-p3,102316
19,B_E7_E10_AE_AA_mGAM_mGAM_2_S151,12137,1444031,D10-e003Coalescence-mBHI-p3,102316
20,B_E8_E11_AF_AA_mGAM_mGAM_2_S152,5896,849793,D10-e003Coalescence-mBHI-p3,102316
21,B_E11_A10_AE_AA_mGAM_mGAM_4_S155,8514,1028220,D10-e003Coalescence-mBHI-p3,102316
22,B_G1_G2_AA_AE_mBHI_mGAM_2_S169,8616,1033473,D10-e003Coalescence-mBHI-p3,102316
23,B_H5_H8_AA_AF_mGAM_mGAM_2_S185,9251,1427983,D10-e003Coalescence-mBHI-p3,102316
24,C_C5_C8_AA_AE_mGAM_mBHI_6_S221,8312,977407,D10-e003Coalescence-mBHI-p3,102316
25,C_C8_C11_AF_AE_mGAM_mBHI_6_S224,43,1218207,D10-e003Coalescence-mBHI-p3,102316
26,C_D5_D8_AA_AF_mGAM_mBHI_6_S233,5696,1127572,D10-e003Coalescence-mBHI-p3,102316
27,C_D7_D10_AE_AF_mGAM_mBHI_6_S235,59,1404179,D10-e003Coalescence-mBHI-p3,102316
28,C_E5_A8_AA_AA_mGAM_mGAM_6_S245,12053,1431755,D10-e003Coalescence-mBHI-p3,102316
29,C_E7_A10_AE_AA_mGAM_mGAM_6_S247,11976,1413289,D10-e003Coalescence-mBHI-p3,102316
30,C_E9_E2_AA_AA_mBHI_mGAM_4_S249,11830,1403356,D10-e003Coalescence-mBHI-p3,102316
31,C_E11_E4_AE_AA_mBHI_mGAM_4_S251,11954,1422885,D10-e003Coalescence-mBHI-p3,102316
32,D_A6_A9_ACPP_AA_mGAM_mBHI_6_S294,12214,1440130,D10-e003Coalescence-mBHI-p3,102316
33,D_A7_A10_AE_AA_mGAM_mBHI_6_S295,12159,1433602,D10-e003Coalescence-mBHI-p3,102316
34,D_A8_A11_AF_AA_mGAM_mBHI_6_S296,9234,1436671,D10-e003Coalescence-mBHI-p3,102316
35,D_A9_E8_AA_AA_mGAM_mBHI_4_S297,12232,1437286,D10-e003Coalescence-mBHI-p3,102316
36,D_A12_E11_AF_AA_mGAM_mBHI_4_S300,9748,1396823,D10-e003Coalescence-mBHI-p3,102316
37,D_C8_C11_AF_AE_mGAM_mBHI_6_S320,34,1292174,D10-e003Coalescence-mBHI-p3,102316
38,D_C9_G8_AA_AE_mGAM_mBHI_4_S321,9318,1110163,D10-e003Coalescence-mBHI-p3,102316
39,D_C12_G11_AF_AE_mGAM_mBHI_4_S324,49,1330220,D10-e003Coalescence-mBHI-p3,102316
40,D_D7_D10_AE_AF_mGAM_mBHI_6_S331,54,1338259,D10-e003Coalescence-mBHI-p3,102316
41,D_D11_H10_AE_AF_mGAM_mBHI_4_S335,44,1308265,D10-e003Coalescence-mBHI-p3,102316
42,D_E1_A2_AA_AA_mBHI_mGAM_6_S337,12095,1436963,D10-e003Coalescence-mBHI-p3,102316
43,D_E3_A4_AE_AA_mBHI_mGAM_6_S339,11939,1417311,D10-e003Coalescence-mBHI-p3,102316
44,D_E6_A9_ACPP_AA_mGAM_mGAM_6_S342,11057,1303681,D10-e003Coalescence-mBHI-p3,102316
45,D_E7_A10_AE_AA_mGAM_mGAM_6_S343,11330,1343749,D10-e003Coalescence-mBHI-p3,102316
46,D_E9_E8_AA_AA_mGAM_mGAM_4_S345,11889,1400809,D10-e003Coalescence-mBHI-p3,102316
47,D_E11_E10_AE_AA_mGAM_mGAM_4_S347,11919,1397326,D10-e003Coalescence-mBHI-p3,102316
48,D_G1_C2_AA_AE_mBHI_mGAM_6_S361,5921,712918,D10-e003Coalescence-mBHI-p3,102316
49,D_H5_D8_AA_AF_mGAM_mGAM_6_S377,332,1125549,D10-e003Coalescence-mBHI-p3,102316
50,D10-e003Coalescence-mBHI-p3,0,721454,D10-e003Coalescence-mBHI-p3,102316
51,C2-e003Coalescence-mGAM-p7,12285,1453552,D10-e003Coalescence-mBHI-p3,102316
52,D10-e003Coalescence-mBHI-p5,6,723373,D10-e003Coalescence-mBHI-p3,102316
53,D8-e003Coalescence-mBHI-p5,4399,795854,D10-e003Coalescence-mBHI-p3,102316
54,A8-e003Coalescence-mBHI-p7,12343,1437763,D10-e003Coalescence-mBHI-p3,102316
55,A10-e003Coalescence-mGAM-p3,8229,960054,D10-e003Coalescence-mBHI-p3,102316
56,A8-e003Coalescence-mBHI-p5,9480,1099058,D10-e003Coalescence-mBHI-p3,102316
57,A10-e003Coalescence-mBHI-p7,9985,1171728,D10-e003Coalescence-mBHI-p3,102316
58,A2-e003Coalescence-mGAM-p5,9434,1119246,D10-e003Coalescence-mBHI-p3,102316
59,C8-e003Coalescence-mBHI-p5,10559,1251387,D10-e003Coalescence-mBHI-p3,102316
60,A11-e003Coalescence-mBHI-p3,11445,1455400,D10-e003Coalescence-mBHI-p3,102316
61,E2-e003Coalescence-mGAM-p7_S145,7975,960650,D10-e003Coalescence-mBHI-p3,102316
62,E8-e003Coalescence-mBHI-p5_S5,9380,1129168,D10-e003Coalescence-mBHI-p3,102316
63,H111-e003Coalescence-mBHI-p3_S144,52,1229895,D10-e003Coalescence-mBHI-p3,102316
64,E100-e003Coalescence-mGAM-p3_S155,11073,1310955,D10-e003Coalescence-mBHI-p3,102316
65,E111-e003Coalescence-mBHI-p5_S8,4379,719187,D10-e003Coalescence-mBHI-p3,102316
66,H100-e003Coalescence-mBHI-p5_S43,35,1043416,D10-e003Coalescence-mBHI-p3,102316
67,H8-e003Coalescence-mBHI-p7_S137,9549,1241668,D10-e003Coalescence-mBHI-p3,102316
68,G8-e003Coalescence-mGAM-p5_S77,11240,1348310,D10-e003Coalescence-mBHI-p3,102316
69,H8-e003Coalescence-mBHI-p5_S41,6234,797551,D10-e003Coalescence-mBHI-p3,102316
70,E100-e003Coalescence-mBHI-p5_S7,7318,890217,D10-e003Coalescence-mBHI-p3,102316
71,E100-e003Coalescence-mGAM-p5_S55,6679,809705,D10-e003Coalescence-mBHI-p3,102316
72,H111-e003Coalescence-mBHI-p5_S44,19,674095,D10-e003Coalescence-mBHI-p3,102316
73,E2-e003Coalescence-mGAM-p3_S57,8637,1046865,D10-e003Coalescence-mBHI-p3,102316
74,H100-e003Coalescence-mBHI-p7_S139,45,1277434,D10-e003Coalescence-mBHI-p3,102316
75,G8-e003Coalescence-mBHI-p5_S29,6270,748494,D10-e003Coalescence-mBHI-p3,102316
76,E8-e003Coalescence-mBHI-p3_S105,10963,1300226,D10-e003Coalescence-mBHI-p3,102316
77,E8-e003Coalescence-mGAM-p7_S149,11943,1417361,D10-e003Coalescence-mBHI-p3,102316
78,H8-e003Coalescence-mGAM-p7_S185,312,983015,D10-e003Coalescence-mBHI-p3,102316
79,A2-e003Coalescence-Inoculumn-mGAM,6603,766653,D10-e003Coalescence-mBHI-p3,102316
80,B8-e003Coalescence-mBHI-p1_S749,10676,1268450,D10-e003Coalescence-mBHI-p3,102316
81,A8-e003Coalescence-mBHI-p1_S748,10837,1289758,D10-e003Coalescence-mBHI-p3,102316
82,H8-e003Coalescence-mBHI-p1_S815,8820,1218424,D10-e003Coalescence-mBHI-p3,102316
83,E8-e003Coalescence-mBHI-p1_S812,11901,1401516,D10-e003Coalescence-mBHI-p3,102316
84,G8-e003Coalescence-mGAM-p1_S818,7056,827892,D10-e003Coalescence-mBHI-p3,102316
85,D8-e003Coalescence-mGAM-p1_S755,5234,701330,D10-e003Coalescence-mBHI-p3,102316
86,A9-e003Coalescence-mBHI-p1_S756,12146,1437416,D10-e003Coalescence-mBHI-p3,102316
87,E11-e003Coalescence-mBHI-p1_S836,11772,1451168,D10-e003Coalescence-mBHI-p3,102316
88,A10-e003Coalescence-mBHI-p1_S764,9988,1193259,D10-e003Coalescence-mBHI-p3,102316
89,A11-e003Coalescence-mBHI-p1_S772,9326,1248804,D10-e003Coalescence-mBHI-p3,102316
90,Coalescence-F2-E10-AA-AE-mGAM-mBHI-3_S681,12126,1425787,D10-e003Coalescence-mBHI-p3,102316
91,Coalescence-E8-D11-AF-AF-mGAM-mBHI-3_S675,29,1135698,D10-e003Coalescence-mBHI-p3,102316
92,Coalescence-F10-H8-AA-AF-mGAM-mGAM-3_S689,5091,1095751,D10-e003Coalescence-mBHI-p3,102316
93,Coalescence-A10-C11-AE-AF-mGAM-mBHI-7_S629,31,698926,D10-e003Coalescence-mBHI-p3,102316
94,C_E2_e003Assembly_S242,6545,781119,D10-e003Coalescence-mBHI-p3,102316
0,A_A5_A8_AA_AA_mGAM_mBHI_2_S5,75,1417316,C2-e003Coalescence-mGAM-p7,102316
1,A_A8_A11_AF_AA_mGAM_mBHI_2_S8,48,1079879,C2-e003Coalescence-mGAM-p7,102316
2,A_C5_C8_AA_AE_mGAM_mBHI_2_S29,72,1427638,C2-e003Coalescence-mGAM-p7,102316
3,A_D5_D8_AA_AF_mGAM_mBHI_2_S41,60,966462,C2-e003Coalescence-mGAM-p7,102316
4,A_D8_D11_AF_AF_mGAM_mBHI_2_S44,19853,1169381,C2-e003Coalescence-mGAM-p7,102316
5,A_E5_A8_AA_AA_mGAM_mGAM_2_S53,82,1019189,C2-e003Coalescence-mGAM-p7,102316
6,A_E9_A2_AA_AA_mBHI_mGAM_4_S57,73,1413231,C2-e003Coalescence-mGAM-p7,102316
7,A_G1_C2_AA_AE_mBHI_mGAM_2_S73,39,712175,C2-e003Coalescence-mGAM-p7,102316
8,A_G5_C8_AA_AE_mGAM_mGAM_2_S77,133,1416857,C2-e003Coalescence-mGAM-p7,102316
9,A_G9_C2_AA_AE_mBHI_mGAM_4_S81,65,1411062,C2-e003Coalescence-mGAM-p7,102316
10,B_A5_E8_AA_AA_mGAM_mBHI_2_S101,77,1425704,C2-e003Coalescence-mGAM-p7,102316
11,B_A6_E9_ACPP_AA_mGAM_mBHI_2_S102,69,1117375,C2-e003Coalescence-mGAM-p7,102316
12,B_A7_E10_AE_AA_mGAM_mBHI_2_S103,74,1427518,C2-e003Coalescence-mGAM-p7,102316
13,B_A11_A10_AE_AA_mGAM_mBHI_4_S107,70,1383768,C2-e003Coalescence-mGAM-p7,102316
14,B_A12_A11_AF_AA_mGAM_mBHI_4_S108,95,1434911,C2-e003Coalescence-mGAM-p7,102316
15,B_C12_C11_AF_AE_mGAM_mBHI_4_S132,17727,1052319,C2-e003Coalescence-mGAM-p7,102316
16,B_D7_H10_AE_AF_mGAM_mBHI_2_S139,23387,1353892,C2-e003Coalescence-mGAM-p7,102316
17,B_D11_D10_AE_AF_mGAM_mBHI_4_S143,20484,1203283,C2-e003Coalescence-mGAM-p7,102316
18,B_E5_E8_AA_AA_mGAM_mGAM_2_S149,65,946657,C2-e003Coalescence-mGAM-p7,102316
19,B_E7_E10_AE_AA_mGAM_mGAM_2_S151,115,1444031,C2-e003Coalescence-mGAM-p7,102316
20,B_E8_E11_AF_AA_mGAM_mGAM_2_S152,78,849793,C2-e003Coalescence-mGAM-p7,102316
21,B_E11_A10_AE_AA_mGAM_mGAM_4_S155,50,1028220,C2-e003Coalescence-mGAM-p7,102316
22,B_G1_G2_AA_AE_mBHI_mGAM_2_S169,51,1033473,C2-e003Coalescence-mGAM-p7,102316
23,B_H5_H8_AA_AF_mGAM_mGAM_2_S185,125,1427983,C2-e003Coalescence-mGAM-p7,102316
24,C_C5_C8_AA_AE_mGAM_mBHI_6_S221,32,977407,C2-e003Coalescence-mGAM-p7,102316
25,C_C8_C11_AF_AE_mGAM_mBHI_6_S224,20744,1218207,C2-e003Coalescence-mGAM-p7,102316
26,C_D5_D8_AA_AF_mGAM_mBHI_6_S233,126,1127572,C2-e003Coalescence-mGAM-p7,102316
27,C_D7_D10_AE_AF_mGAM_mBHI_6_S235,24310,1404179,C2-e003Coalescence-mGAM-p7,102316
28,C_E5_A8_AA_AA_mGAM_mGAM_6_S245,132,1431755,C2-e003Coalescence-mGAM-p7,102316
29,C_E7_A10_AE_AA_mGAM_mGAM_6_S247,79,1413289,C2-e003Coalescence-mGAM-p7,102316
30,C_E9_E2_AA_AA_mBHI_mGAM_4_S249,76,1403356,C2-e003Coalescence-mGAM-p7,102316
31,C_E11_E4_AE_AA_mBHI_mGAM_4_S251,72,1422885,C2-e003Coalescence-mGAM-p7,102316
32,D_A6_A9_ACPP_AA_mGAM_mBHI_6_S294,74,1440130,C2-e003Coalescence-mGAM-p7,102316
33,D_A7_A10_AE_AA_mGAM_mBHI_6_S295,73,1433602,C2-e003Coalescence-mGAM-p7,102316
34,D_A8_A11_AF_AA_mGAM_mBHI_6_S296,77,1436671,C2-e003Coalescence-mGAM-p7,102316
35,D_A9_E8_AA_AA_mGAM_mBHI_4_S297,70,1437286,C2-e003Coalescence-mGAM-p7,102316
36,D_A12_E11_AF_AA_mGAM_mBHI_4_S300,72,1396823,C2-e003Coalescence-mGAM-p7,102316
37,D_C8_C11_AF_AE_mGAM_mBHI_6_S320,22047,1292174,C2-e003Coalescence-mGAM-p7,102316
38,D_C9_G8_AA_AE_mGAM_mBHI_4_S321,36,1110163,C2-e003Coalescence-mGAM-p7,102316
39,D_C12_G11_AF_AE_mGAM_mBHI_4_S324,22898,1330220,C2-e003Coalescence-mGAM-p7,102316
40,D_D7_D10_AE_AF_mGAM_mBHI_6_S331,22973,1338259,C2-e003Coalescence-mGAM-p7,102316
41,D_D11_H10_AE_AF_mGAM_mBHI_4_S335,22561,1308265,C2-e003Coalescence-mGAM-p7,102316
42,D_E1_A2_AA_AA_mBHI_mGAM_6_S337,74,1436963,C2-e003Coalescence-mGAM-p7,102316
43,D_E3_A4_AE_AA_mBHI_mGAM_6_S339,69,1417311,C2-e003Coalescence-mGAM-p7,102316
44,D_E6_A9_ACPP_AA_mGAM_mGAM_6_S342,104,1303681,C2-e003Coalescence-mGAM-p7,102316
45,D_E7_A10_AE_AA_mGAM_mGAM_6_S343,66,1343749,C2-e003Coalescence-mGAM-p7,102316
46,D_E9_E8_AA_AA_mGAM_mGAM_4_S345,155,1400809,C2-e003Coalescence-mGAM-p7,102316
47,D_E11_E10_AE_AA_mGAM_mGAM_4_S347,72,1397326,C2-e003Coalescence-mGAM-p7,102316
48,D_G1_C2_AA_AE_mBHI_mGAM_6_S361,24,712918,C2-e003Coalescence-mGAM-p7,102316
49,D_H5_D8_AA_AF_mGAM_mGAM_6_S377,4522,1125549,C2-e003Coalescence-mGAM-p7,102316
50,D10-e003Coalescence-mBHI-p3,12285,721454,C2-e003Coalescence-mGAM-p7,102316
51,C2-e003Coalescence-mGAM-p7,0,1453552,C2-e003Coalescence-mGAM-p7,102316
52,D10-e003Coalescence-mBHI-p5,12174,723373,C2-e003Coalescence-mGAM-p7,102316
53,D8-e003Coalescence-mBHI-p5,111,795854,C2-e003Coalescence-mGAM-p7,102316
54,A8-e003Coalescence-mBHI-p7,2,1437763,C2-e003Coalescence-mGAM-p7,102316
55,A10-e003Coalescence-mGAM-p3,28,960054,C2-e003Coalescence-mGAM-p7,102316
56,A8-e003Coalescence-mBHI-p5,4,1099058,C2-e003Coalescence-mGAM-p7,102316
57,A10-e003Coalescence-mBHI-p7,0,1171728,C2-e003Coalescence-mGAM-p7,102316
58,A2-e003Coalescence-mGAM-p5,3,1119246,C2-e003Coalescence-mGAM-p7,102316
59,C8-e003Coalescence-mBHI-p5,2,1251387,C2-e003Coalescence-mGAM-p7,102316
60,A11-e003Coalescence-mBHI-p3,7,1455400,C2-e003Coalescence-mGAM-p7,102316
61,E2-e003Coalescence-mGAM-p7_S145,38,960650,C2-e003Coalescence-mGAM-p7,102316
62,E8-e003Coalescence-mBHI-p5_S5,48,1129168,C2-e003Coalescence-mGAM-p7,102316
63,H111-e003Coalescence-mBHI-p3_S144,21217,1229895,C2-e003Coalescence-mGAM-p7,102316
64,E100-e003Coalescence-mGAM-p3_S155,88,1310955,C2-e003Coalescence-mGAM-p7,102316
65,E111-e003Coalescence-mBHI-p5_S8,88,719187,C2-e003Coalescence-mGAM-p7,102316
66,H100-e003Coalescence-mBHI-p5_S43,17489,1043416,C2-e003Coalescence-mGAM-p7,102316
67,H8-e003Coalescence-mBHI-p7_S137,90,1241668,C2-e003Coalescence-mGAM-p7,102316
68,G8-e003Coalescence-mGAM-p5_S77,119,1348310,C2-e003Coalescence-mGAM-p7,102316
69,H8-e003Coalescence-mBHI-p5_S41,42,797551,C2-e003Coalescence-mGAM-p7,102316
70,E100-e003Coalescence-mBHI-p5_S7,37,890217,C2-e003Coalescence-mGAM-p7,102316
71,E100-e003Coalescence-mGAM-p5_S55,30,809705,C2-e003Coalescence-mGAM-p7,102316
72,H111-e003Coalescence-mBHI-p5_S44,11053,674095,C2-e003Coalescence-mGAM-p7,102316
73,E2-e003Coalescence-mGAM-p3_S57,33,1046865,C2-e003Coalescence-mGAM-p7,102316
74,H100-e003Coalescence-mBHI-p7_S139,21783,1277434,C2-e003Coalescence-mGAM-p7,102316
75,G8-e003Coalescence-mBHI-p5_S29,24,748494,C2-e003Coalescence-mGAM-p7,102316
76,E8-e003Coalescence-mBHI-p3_S105,71,1300226,C2-e003Coalescence-mGAM-p7,102316
77,E8-e003Coalescence-mGAM-p7_S149,135,1417361,C2-e003Coalescence-mGAM-p7,102316
78,H8-e003Coalescence-mGAM-p7_S185,5534,983015,C2-e003Coalescence-mGAM-p7,102316
79,A2-e003Coalescence-Inoculumn-mGAM,42,766653,C2-e003Coalescence-mGAM-p7,102316
80,B8-e003Coalescence-mBHI-p1_S749,132,1268450,C2-e003Coalescence-mGAM-p7,102316
81,A8-e003Coalescence-mBHI-p1_S748,62,1289758,C2-e003Coalescence-mGAM-p7,102316
82,H8-e003Coalescence-mBHI-p1_S815,110,1218424,C2-e003Coalescence-mGAM-p7,102316
83,E8-e003Coalescence-mBHI-p1_S812,67,1401516,C2-e003Coalescence-mGAM-p7,102316
84,G8-e003Coalescence-mGAM-p1_S818,68,827892,C2-e003Coalescence-mGAM-p7,102316
85,D8-e003Coalescence-mGAM-p1_S755,60,701330,C2-e003Coalescence-mGAM-p7,102316
86,A9-e003Coalescence-mBHI-p1_S756,144,1437416,C2-e003Coalescence-mGAM-p7,102316
87,E11-e003Coalescence-mBHI-p1_S836,117,1451168,C2-e003Coalescence-mGAM-p7,102316
88,A10-e003Coalescence-mBHI-p1_S764,51,1193259,C2-e003Coalescence-mGAM-p7,102316
89,A11-e003Coalescence-mBHI-p1_S772,100,1248804,C2-e003Coalescence-mGAM-p7,102316
90,Coalescence-F2-E10-AA-AE-mGAM-mBHI-3_S681,78,1425787,C2-e003Coalescence-mGAM-p7,102316
91,Coalescence-E8-D11-AF-AF-mGAM-mBHI-3_S675,19258,1135698,C2-e003Coalescence-mGAM-p7,102316
92,Coalescence-F10-H8-AA-AF-mGAM-mGAM-3_S689,197,1095751,C2-e003Coalescence-mGAM-p7,102316
93,Coalescence-A10-C11-AE-AF-mGAM-mBHI-7_S629,11572,698926,C2-e003Coalescence-mGAM-p7,102316
94,C_E2_e003Assembly_S242,82,781119,C2-e003Coalescence-mGAM-p7,102316
0,A_A5_A8_AA_AA_mGAM_mBHI_2_S5,11916,1417316,D10-e003Coalescence-mBHI-p5,102316
1,A_A8_A11_AF_AA_mGAM_mBHI_2_S8,7595,1079879,D10-e003Coalescence-mBHI-p5,102316
2,A_C5_C8_AA_AE_mGAM_mBHI_2_S29,11912,1427638,D10-e003Coalescence-mBHI-p5,102316
3,A_D5_D8_AA_AF_mGAM_mBHI_2_S41,5590,966462,D10-e003Coalescence-mBHI-p5,102316
4,A_D8_D11_AF_AF_mGAM_mBHI_2_S44,39,1169381,D10-e003Coalescence-mBHI-p5,102316
5,A_E5_A8_AA_AA_mGAM_mGAM_2_S53,8391,1019189,D10-e003Coalescence-mBHI-p5,102316
6,A_E9_A2_AA_AA_mBHI_mGAM_4_S57,11805,1413231,D10-e003Coalescence-mBHI-p5,102316
7,A_G1_C2_AA_AE_mBHI_mGAM_2_S73,5656,712175,D10-e003Coalescence-mBHI-p5,102316
8,A_G5_C8_AA_AE_mGAM_mGAM_2_S77,11796,1416857,D10-e003Coalescence-mBHI-p5,102316
9,A_G9_C2_AA_AE_mBHI_mGAM_4_S81,11665,1411062,D10-e003Coalescence-mBHI-p5,102316
10,B_A5_E8_AA_AA_mGAM_mBHI_2_S101,11897,1425704,D10-e003Coalescence-mBHI-p5,102316
11,B_A6_E9_ACPP_AA_mGAM_mBHI_2_S102,9329,1117375,D10-e003Coalescence-mBHI-p5,102316
12,B_A7_E10_AE_AA_mGAM_mBHI_2_S103,12015,1427518,D10-e003Coalescence-mBHI-p5,102316
13,B_A11_A10_AE_AA_mGAM_mBHI_4_S107,11534,1383768,D10-e003Coalescence-mBHI-p5,102316
14,B_A12_A11_AF_AA_mGAM_mBHI_4_S108,10095,1434911,D10-e003Coalescence-mBHI-p5,102316
15,B_C12_C11_AF_AE_mGAM_mBHI_4_S132,36,1052319,D10-e003Coalescence-mBHI-p5,102316
16,B_D7_H10_AE_AF_mGAM_mBHI_2_S139,43,1353892,D10-e003Coalescence-mBHI-p5,102316
17,B_D11_D10_AE_AF_mGAM_mBHI_4_S143,28,1203283,D10-e003Coalescence-mBHI-p5,102316
18,B_E5_E8_AA_AA_mGAM_mGAM_2_S149,7738,946657,D10-e003Coalescence-mBHI-p5,102316
19,B_E7_E10_AE_AA_mGAM_mGAM_2_S151,12059,1444031,D10-e003Coalescence-mBHI-p5,102316
20,B_E8_E11_AF_AA_mGAM_mGAM_2_S152,5935,849793,D10-e003Coalescence-mBHI-p5,102316
21,B_E11_A10_AE_AA_mGAM_mGAM_4_S155,8433,1028220,D10-e003Coalescence-mBHI-p5,102316
22,B_G1_G2_AA_AE_mBHI_mGAM_2_S169,8445,1033473,D10-e003Coalescence-mBHI-p5,102316
23,B_H5_H8_AA_AF_mGAM_mGAM_2_S185,9012,1427983,D10-e003Coalescence-mBHI-p5,102316
24,C_C5_C8_AA_AE_mGAM_mBHI_6_S221,8058,977407,D10-e003Coalescence-mBHI-p5,102316
25,C_C8_C11_AF_AE_mGAM_mBHI_6_S224,42,1218207,D10-e003Coalescence-mBHI-p5,102316
26,C_D5_D8_AA_AF_mGAM_mBHI_6_S233,5445,1127572,D10-e003Coalescence-mBHI-p5,102316
27,C_D7_D10_AE_AF_mGAM_mBHI_6_S235,50,1404179,D10-e003Coalescence-mBHI-p5,102316
28,C_E5_A8_AA_AA_mGAM_mGAM_6_S245,11948,1431755,D10-e003Coalescence-mBHI-p5,102316
29,C_E7_A10_AE_AA_mGAM_mGAM_6_S247,11836,1413289,D10-e003Coalescence-mBHI-p5,102316
30,C_E9_E2_AA_AA_mBHI_mGAM_4_S249,11575,1403356,D10-e003Coalescence-mBHI-p5,102316
31,C_E11_E4_AE_AA_mBHI_mGAM_4_S251,11846,1422885,D10-e003Coalescence-mBHI-p5,102316
32,D_A6_A9_ACPP_AA_mGAM_mBHI_6_S294,12055,1440130,D10-e003Coalescence-mBHI-p5,102316
33,D_A7_A10_AE_AA_mGAM_mBHI_6_S295,12051,1433602,D10-e003Coalescence-mBHI-p5,102316
34,D_A8_A11_AF_AA_mGAM_mBHI_6_S296,9042,1436671,D10-e003Coalescence-mBHI-p5,102316
35,D_A9_E8_AA_AA_mGAM_mBHI_4_S297,12090,1437286,D10-e003Coalescence-mBHI-p5,102316
36,D_A12_E11_AF_AA_mGAM_mBHI_4_S300,9523,1396823,D10-e003Coalescence-mBHI-p5,102316
37,D_C8_C11_AF_AE_mGAM_mBHI_6_S320,38,1292174,D10-e003Coalescence-mBHI-p5,102316
38,D_C9_G8_AA_AE_mGAM_mBHI_4_S321,9232,1110163,D10-e003Coalescence-mBHI-p5,102316
39,D_C12_G11_AF_AE_mGAM_mBHI_4_S324,42,1330220,D10-e003Coalescence-mBHI-p5,102316
40,D_D7_D10_AE_AF_mGAM_mBHI_6_S331,42,1338259,D10-e003Coalescence-mBHI-p5,102316
41,D_D11_H10_AE_AF_mGAM_mBHI_4_S335,49,1308265,D10-e003Coalescence-mBHI-p5,102316
42,D_E1_A2_AA_AA_mBHI_mGAM_6_S337,11990,1436963,D10-e003Coalescence-mBHI-p5,102316
43,D_E3_A4_AE_AA_mBHI_mGAM_6_S339,11847,1417311,D10-e003Coalescence-mBHI-p5,102316
44,D_E6_A9_ACPP_AA_mGAM_mGAM_6_S342,10885,1303681,D10-e003Coalescence-mBHI-p5,102316
45,D_E7_A10_AE_AA_mGAM_mGAM_6_S343,11248,1343749,D10-e003Coalescence-mBHI-p5,102316
46,D_E9_E8_AA_AA_mGAM_mGAM_4_S345,11783,1400809,D10-e003Coalescence-mBHI-p5,102316
47,D_E11_E10_AE_AA_mGAM_mGAM_4_S347,11786,1397326,D10-e003Coalescence-mBHI-p5,102316
48,D_G1_C2_AA_AE_mBHI_mGAM_6_S361,5716,712918,D10-e003Coalescence-mBHI-p5,102316
49,D_H5_D8_AA_AF_mGAM_mGAM_6_S377,302,1125549,D10-e003Coalescence-mBHI-p5,102316
50,D10-e003Coalescence-mBHI-p3,6,721454,D10-e003Coalescence-mBHI-p5,102316
51,C2-e003Coalescence-mGAM-p7,12174,1453552,D10-e003Coalescence-mBHI-p5,102316
52,D10-e003Coalescence-mBHI-p5,0,723373,D10-e003Coalescence-mBHI-p5,102316
53,D8-e003Coalescence-mBHI-p5,4290,795854,D10-e003Coalescence-mBHI-p5,102316
54,A8-e003Coalescence-mBHI-p7,12246,1437763,D10-e003Coalescence-mBHI-p5,102316
55,A10-e003Coalescence-mGAM-p3,8047,960054,D10-e003Coalescence-mBHI-p5,102316
56,A8-e003Coalescence-mBHI-p5,9323,1099058,D10-e003Coalescence-mBHI-p5,102316
57,A10-e003Coalescence-mBHI-p7,9995,1171728,D10-e003Coalescence-mBHI-p5,102316
58,A2-e003Coalescence-mGAM-p5,9295,1119246,D10-e003Coalescence-mBHI-p5,102316
59,C8-e003Coalescence-mBHI-p5,10554,1251387,D10-e003Coalescence-mBHI-p5,102316
60,A11-e003Coalescence-mBHI-p3,11395,1455400,D10-e003Coalescence-mBHI-p5,102316
61,E2-e003Coalescence-mGAM-p7_S145,7854,960650,D10-e003Coalescence-mBHI-p5,102316
62,E8-e003Coalescence-mBHI-p5_S5,9288,1129168,D10-e003Coalescence-mBHI-p5,102316
63,H111-e003Coalescence-mBHI-p3_S144,49,1229895,D10-e003Coalescence-mBHI-p5,102316
64,E100-e003Coalescence-mGAM-p3_S155,10921,1310955,D10-e003Coalescence-mBHI-p5,102316
65,E111-e003Coalescence-mBHI-p5_S8,4292,719187,D10-e003Coalescence-mBHI-p5,102316
66,H100-e003Coalescence-mBHI-p5_S43,37,1043416,D10-e003Coalescence-mBHI-p5,102316
67,H8-e003Coalescence-mBHI-p7_S137,9395,1241668,D10-e003Coalescence-mBHI-p5,102316
68,G8-e003Coalescence-mGAM-p5_S77,11145,1348310,D10-e003Coalescence-mBHI-p5,102316
69,H8-e003Coalescence-mBHI-p5_S41,6255,797551,D10-e003Coalescence-mBHI-p5,102316
70,E100-e003Coalescence-mBHI-p5_S7,7359,890217,D10-e003Coalescence-mBHI-p5,102316
71,E100-e003Coalescence-mGAM-p5_S55,6534,809705,D10-e003Coalescence-mBHI-p5,102316
72,H111-e003Coalescence-mBHI-p5_S44,17,674095,D10-e003Coalescence-mBHI-p5,102316
73,E2-e003Coalescence-mGAM-p3_S57,8443,1046865,D10-e003Coalescence-mBHI-p5,102316
74,H100-e003Coalescence-mBHI-p7_S139,39,1277434,D10-e003Coalescence-mBHI-p5,102316
75,G8-e003Coalescence-mBHI-p5_S29,6106,748494,D10-e003Coalescence-mBHI-p5,102316
76,E8-e003Coalescence-mBHI-p3_S105,10826,1300226,D10-e003Coalescence-mBHI-p5,102316
77,E8-e003Coalescence-mGAM-p7_S149,11803,1417361,D10-e003Coalescence-mBHI-p5,102316
78,H8-e003Coalescence-mGAM-p7_S185,277,983015,D10-e003Coalescence-mBHI-p5,102316
79,A2-e003Coalescence-Inoculumn-mGAM,6563,766653,D10-e003Coalescence-mBHI-p5,102316
80,B8-e003Coalescence-mBHI-p1_S749,10513,1268450,D10-e003Coalescence-mBHI-p5,102316
81,A8-e003Coalescence-mBHI-p1_S748,10622,1289758,D10-e003Coalescence-mBHI-p5,102316
82,H8-e003Coalescence-mBHI-p1_S815,8528,1218424,D10-e003Coalescence-mBHI-p5,102316
83,E8-e003Coalescence-mBHI-p1_S812,11724,1401516,D10-e003Coalescence-mBHI-p5,102316
84,G8-e003Coalescence-mGAM-p1_S818,6898,827892,D10-e003Coalescence-mBHI-p5,102316
85,D8-e003Coalescence-mGAM-p1_S755,5030,701330,D10-e003Coalescence-mBHI-p5,102316
86,A9-e003Coalescence-mBHI-p1_S756,11996,1437416,D10-e003Coalescence-mBHI-p5,102316
87,E11-e003Coalescence-mBHI-p1_S836,11600,1451168,D10-e003Coalescence-mBHI-p5,102316
88,A10-e003Coalescence-mBHI-p1_S764,9738,1193259,D10-e003Coalescence-mBHI-p5,102316
89,A11-e003Coalescence-mBHI-p1_S772,9130,1248804,D10-e003Coalescence-mBHI-p5,102316
90,Coalescence-F2-E10-AA-AE-mGAM-mBHI-3_S681,11979,1425787,D10-e003Coalescence-mBHI-p5,102316
91,Coalescence-E8-D11-AF-AF-mGAM-mBHI-3_S675,35,1135698,D10-e003Coalescence-mBHI-p5,102316
92,Coalescence-F10-H8-AA-AF-mGAM-mGAM-3_S689,5059,1095751,D10-e003Coalescence-mBHI-p5,102316
93,Coalescence-A10-C11-AE-AF-mGAM-mBHI-7_S629,32,698926,D10-e003Coalescence-mBHI-p5,102316
94,C_E2_e003Assembly_S242,6357,781119,D10-e003Coalescence-mBHI-p5,102316
0,A_A5_A8_AA_AA_mGAM_mBHI_2_S5,105,1417316,D8-e003Coalescence-mBHI-p5,102316
1,A_A8_A11_AF_AA_mGAM_mBHI_2_S8,53,1079879,D8-e003Coalescence-mBHI-p5,102316
2,A_C5_C8_AA_AE_mGAM_mBHI_2_S29,105,1427638,D8-e003Coalescence-mBHI-p5,102316
3,A_D5_D8_AA_AF_mGAM_mBHI_2_S41,56,966462,D8-e003Coalescence-mBHI-p5,102316
4,A_D8_D11_AF_AF_mGAM_mBHI_2_S44,7068,1169381,D8-e003Coalescence-mBHI-p5,102316
5,A_E5_A8_AA_AA_mGAM_mGAM_2_S53,87,1019189,D8-e003Coalescence-mBHI-p5,102316
6,A_E9_A2_AA_AA_mBHI_mGAM_4_S57,110,1413231,D8-e003Coalescence-mBHI-p5,102316
7,A_G1_C2_AA_AE_mBHI_mGAM_2_S73,66,712175,D8-e003Coalescence-mBHI-p5,102316
8,A_G5_C8_AA_AE_mGAM_mGAM_2_S77,144,1416857,D8-e003Coalescence-mBHI-p5,102316
9,A_G9_C2_AA_AE_mBHI_mGAM_4_S81,105,1411062,D8-e003Coalescence-mBHI-p5,102316
10,B_A5_E8_AA_AA_mGAM_mBHI_2_S101,117,1425704,D8-e003Coalescence-mBHI-p5,102316
11,B_A6_E9_ACPP_AA_mGAM_mBHI_2_S102,100,1117375,D8-e003Coalescence-mBHI-p5,102316
12,B_A7_E10_AE_AA_mGAM_mBHI_2_S103,105,1427518,D8-e003Coalescence-mBHI-p5,102316
13,B_A11_A10_AE_AA_mGAM_mBHI_4_S107,102,1383768,D8-e003Coalescence-mBHI-p5,102316
14,B_A12_A11_AF_AA_mGAM_mBHI_4_S108,82,1434911,D8-e003Coalescence-mBHI-p5,102316
15,B_C12_C11_AF_AE_mGAM_mBHI_4_S132,6327,1052319,D8-e003Coalescence-mBHI-p5,102316
16,B_D7_H10_AE_AF_mGAM_mBHI_2_S139,8410,1353892,D8-e003Coalescence-mBHI-p5,102316
17,B_D11_D10_AE_AF_mGAM_mBHI_4_S143,7336,1203283,D8-e003Coalescence-mBHI-p5,102316
18,B_E5_E8_AA_AA_mGAM_mGAM_2_S149,99,946657,D8-e003Coalescence-mBHI-p5,102316
19,B_E7_E10_AE_AA_mGAM_mGAM_2_S151,128,1444031,D8-e003Coalescence-mBHI-p5,102316
20,B_E8_E11_AF_AA_mGAM_mGAM_2_S152,57,849793,D8-e003Coalescence-mBHI-p5,102316
21,B_E11_A10_AE_AA_mGAM_mGAM_4_S155,65,1028220,D8-e003Coalescence-mBHI-p5,102316
22,B_G1_G2_AA_AE_mBHI_mGAM_2_S169,89,1033473,D8-e003Coalescence-mBHI-p5,102316
23,B_H5_H8_AA_AF_mGAM_mGAM_2_S185,89,1427983,D8-e003Coalescence-mBHI-p5,102316
24,C_C5_C8_AA_AE_mGAM_mBHI_6_S221,62,977407,D8-e003Coalescence-mBHI-p5,102316
25,C_C8_C11_AF_AE_mGAM_mBHI_6_S224,7396,1218207,D8-e003Coalescence-mBHI-p5,102316
26,C_D5_D8_AA_AF_mGAM_mBHI_6_S233,73,1127572,D8-e003Coalescence-mBHI-p5,102316
27,C_D7_D10_AE_AF_mGAM_mBHI_6_S235,8707,1404179,D8-e003Coalescence-mBHI-p5,102316
28,C_E5_A8_AA_AA_mGAM_mGAM_6_S245,129,1431755,D8-e003Coalescence-mBHI-p5,102316
29,C_E7_A10_AE_AA_mGAM_mGAM_6_S247,97,1413289,D8-e003Coalescence-mBHI-p5,102316
30,C_E9_E2_AA_AA_mBHI_mGAM_4_S249,101,1403356,D8-e003Coalescence-mBHI-p5,102316
31,C_E11_E4_AE_AA_mBHI_mGAM_4_S251,107,1422885,D8-e003Coalescence-mBHI-p5,102316
32,D_A6_A9_ACPP_AA_mGAM_mBHI_6_S294,111,1440130,D8-e003Coalescence-mBHI-p5,102316
33,D_A7_A10_AE_AA_mGAM_mBHI_6_S295,101,1433602,D8-e003Coalescence-mBHI-p5,102316
34,D_A8_A11_AF_AA_mGAM_mBHI_6_S296,74,1436671,D8-e003Coalescence-mBHI-p5,102316
35,D_A9_E8_AA_AA_mGAM_mBHI_4_S297,117,1437286,D8-e003Coalescence-mBHI-p5,102316
36,D_A12_E11_AF_AA_mGAM_mBHI_4_S300,84,1396823,D8-e003Coalescence-mBHI-p5,102316
37,D_C8_C11_AF_AE_mGAM_mBHI_6_S320,7903,1292174,D8-e003Coalescence-mBHI-p5,102316
38,D_C9_G8_AA_AE_mGAM_mBHI_4_S321,69,1110163,D8-e003Coalescence-mBHI-p5,102316
39,D_C12_G11_AF_AE_mGAM_mBHI_4_S324,8259,1330220,D8-e003Coalescence-mBHI-p5,102316
40,D_D7_D10_AE_AF_mGAM_mBHI_6_S331,8263,1338259,D8-e003Coalescence-mBHI-p5,102316
41,D_D11_H10_AE_AF_mGAM_mBHI_4_S335,8053,1308265,D8-e003Coalescence-mBHI-p5,102316
42,D_E1_A2_AA_AA_mBHI_mGAM_6_S337,105,1436963,D8-e003Coalescence-mBHI-p5,102316
43,D_E3_A4_AE_AA_mBHI_mGAM_6_S339,97,1417311,D8-e003Coalescence-mBHI-p5,102316
44,D_E6_A9_ACPP_AA_mGAM_mGAM_6_S342,104,1303681,D8-e003Coalescence-mBHI-p5,102316
45,D_E7_A10_AE_AA_mGAM_mGAM_6_S343,91,1343749,D8-e003Coalescence-mBHI-p5,102316
46,D_E9_E8_AA_AA_mGAM_mGAM_4_S345,151,1400809,D8-e003Coalescence-mBHI-p5,102316
47,D_E11_E10_AE_AA_mGAM_mGAM_4_S347,118,1397326,D8-e003Coalescence-mBHI-p5,102316
48,D_G1_C2_AA_AE_mBHI_mGAM_6_S361,48,712918,D8-e003Coalescence-mBHI-p5,102316
49,D_H5_D8_AA_AF_mGAM_mGAM_6_S377,1468,1125549,D8-e003Coalescence-mBHI-p5,102316
50,D10-e003Coalescence-mBHI-p3,4399,721454,D8-e003Coalescence-mBHI-p5,102316
51,C2-e003Coalescence-mGAM-p7,111,1453552,D8-e003Coalescence-mBHI-p5,102316
52,D10-e003Coalescence-mBHI-p5,4290,723373,D8-e003Coalescence-mBHI-p5,102316
53,D8-e003Coalescence-mBHI-p5,0,795854,D8-e003Coalescence-mBHI-p5,102316
54,A8-e003Coalescence-mBHI-p7,86,1437763,D8-e003Coalescence-mBHI-p5,102316
55,A10-e003Coalescence-mGAM-p3,55,960054,D8-e003Coalescence-mBHI-p5,102316
56,A8-e003Coalescence-mBHI-p5,71,1099058,D8-e003Coalescence-mBHI-p5,102316
57,A10-e003Coalescence-mBHI-p7,63,1171728,D8-e003Coalescence-mBHI-p5,102316
58,A2-e003Coalescence-mGAM-p5,59,1119246,D8-e003Coalescence-mBHI-p5,102316
59,C8-e003Coalescence-mBHI-p5,87,1251387,D8-e003Coalescence-mBHI-p5,102316
60,A11-e003Coalescence-mBHI-p3,80,1455400,D8-e003Coalescence-mBHI-p5,102316
61,E2-e003Coalescence-mGAM-p7_S145,65,960650,D8-e003Coalescence-mBHI-p5,102316
62,E8-e003Coalescence-mBHI-p5_S5,67,1129168,D8-e003Coalescence-mBHI-p5,102316
63,H111-e003Coalescence-mBHI-p3_S144,7581,1229895,D8-e003Coalescence-mBHI-p5,102316
64,E100-e003Coalescence-mGAM-p3_S155,116,1310955,D8-e003Coalescence-mBHI-p5,102316
65,E111-e003Coalescence-mBHI-p5_S8,45,719187,D8-e003Coalescence-mBHI-p5,102316
66,H100-e003Coalescence-mBHI-p5_S43,6238,1043416,D8-e003Coalescence-mBHI-p5,102316
67,H8-e003Coalescence-mBHI-p7_S137,89,1241668,D8-e003Coalescence-mBHI-p5,102316
68,G8-e003Coalescence-mGAM-p5_S77,122,1348310,D8-e003Coalescence-mBHI-p5,102316
69,H8-e003Coalescence-mBHI-p5_S41,64,797551,D8-e003Coalescence-mBHI-p5,102316
70,E100-e003Coalescence-mBHI-p5_S7,49,890217,D8-e003Coalescence-mBHI-p5,102316
71,E100-e003Coalescence-mGAM-p5_S55,50,809705,D8-e003Coalescence-mBHI-p5,102316
72,H111-e003Coalescence-mBHI-p5_S44,4010,674095,D8-e003Coalescence-mBHI-p5,102316
73,E2-e003Coalescence-mGAM-p3_S57,58,1046865,D8-e003Coalescence-mBHI-p5,102316
74,H100-e003Coalescence-mBHI-p7_S139,7804,1277434,D8-e003Coalescence-mBHI-p5,102316
75,G8-e003Coalescence-mBHI-p5_S29,52,748494,D8-e003Coalescence-mBHI-p5,102316
76,E8-e003Coalescence-mBHI-p3_S105,97,1300226,D8-e003Coalescence-mBHI-p5,102316
77,E8-e003Coalescence-mGAM-p7_S149,139,1417361,D8-e003Coalescence-mBHI-p5,102316
78,H8-e003Coalescence-mGAM-p7_S185,1881,983015,D8-e003Coalescence-mBHI-p5,102316
79,A2-e003Coalescence-Inoculumn-mGAM,79,766653,D8-e003Coalescence-mBHI-p5,102316
80,B8-e003Coalescence-mBHI-p1_S749,152,1268450,D8-e003Coalescence-mBHI-p5,102316
81,A8-e003Coalescence-mBHI-p1_S748,89,1289758,D8-e003Coalescence-mBHI-p5,102316
82,H8-e003Coalescence-mBHI-p1_S815,80,1218424,D8-e003Coalescence-mBHI-p5,102316
83,E8-e003Coalescence-mBHI-p1_S812,111,1401516,D8-e003Coalescence-mBHI-p5,102316
84,G8-e003Coalescence-mGAM-p1_S818,68,827892,D8-e003Coalescence-mBHI-p5,102316
85,D8-e003Coalescence-mGAM-p1_S755,59,701330,D8-e003Coalescence-mBHI-p5,102316
86,A9-e003Coalescence-mBHI-p1_S756,168,1437416,D8-e003Coalescence-mBHI-p5,102316
87,E11-e003Coalescence-mBHI-p1_S836,112,1451168,D8-e003Coalescence-mBHI-p5,102316
88,A10-e003Coalescence-mBHI-p1_S764,80,1193259,D8-e003Coalescence-mBHI-p5,102316
89,A11-e003Coalescence-mBHI-p1_S772,80,1248804,D8-e003Coalescence-mBHI-p5,102316
90,Coalescence-F2-E10-AA-AE-mGAM-mBHI-3_S681,109,1425787,D8-e003Coalescence-mBHI-p5,102316
91,Coalescence-E8-D11-AF-AF-mGAM-mBHI-3_S675,6855,1135698,D8-e003Coalescence-mBHI-p5,102316
92,Coalescence-F10-H8-AA-AF-mGAM-mGAM-3_S689,82,1095751,D8-e003Coalescence-mBHI-p5,102316
93,Coalescence-A10-C11-AE-AF-mGAM-mBHI-7_S629,4257,698926,D8-e003Coalescence-mBHI-p5,102316
94,C_E2_e003Assembly_S242,71,781119,D8-e003Coalescence-mBHI-p5,102316
0,A_A5_A8_AA_AA_mGAM_mBHI_2_S5,68,1417316,A8-e003Coalescence-mBHI-p7,102316
1,A_A8_A11_AF_AA_mGAM_mBHI_2_S8,45,1079879,A8-e003Coalescence-mBHI-p7,102316
2,A_C5_C8_AA_AE_mGAM_mBHI_2_S29,67,1427638,A8-e003Coalescence-mBHI-p7,102316
3,A_D5_D8_AA_AF_mGAM_mBHI_2_S41,59,966462,A8-e003Coalescence-mBHI-p7,102316
4,A_D8_D11_AF_AF_mGAM_mBHI_2_S44,19939,1169381,A8-e003Coalescence-mBHI-p7,102316
5,A_E5_A8_AA_AA_mGAM_mGAM_2_S53,64,1019189,A8-e003Coalescence-mBHI-p7,102316
6,A_E9_A2_AA_AA_mBHI_mGAM_4_S57,68,1413231,A8-e003Coalescence-mBHI-p7,102316
7,A_G1_C2_AA_AE_mBHI_mGAM_2_S73,54,712175,A8-e003Coalescence-mBHI-p7,102316
8,A_G5_C8_AA_AE_mGAM_mGAM_2_S77,103,1416857,A8-e003Coalescence-mBHI-p7,102316
9,A_G9_C2_AA_AE_mBHI_mGAM_4_S81,70,1411062,A8-e003Coalescence-mBHI-p7,102316
10,B_A5_E8_AA_AA_mGAM_mBHI_2_S101,77,1425704,A8-e003Coalescence-mBHI-p7,102316
11,B_A6_E9_ACPP_AA_mGAM_mBHI_2_S102,48,1117375,A8-e003Coalescence-mBHI-p7,102316
12,B_A7_E10_AE_AA_mGAM_mBHI_2_S103,69,1427518,A8-e003Coalescence-mBHI-p7,102316
13,B_A11_A10_AE_AA_mGAM_mBHI_4_S107,64,1383768,A8-e003Coalescence-mBHI-p7,102316
14,B_A12_A11_AF_AA_mGAM_mBHI_4_S108,70,1434911,A8-e003Coalescence-mBHI-p7,102316
15,B_C12_C11_AF_AE_mGAM_mBHI_4_S132,17861,1052319,A8-e003Coalescence-mBHI-p7,102316
16,B_D7_H10_AE_AF_mGAM_mBHI_2_S139,23580,1353892,A8-e003Coalescence-mBHI-p7,102316
17,B_D11_D10_AE_AF_mGAM_mBHI_4_S143,20589,1203283,A8-e003Coalescence-mBHI-p7,102316
18,B_E5_E8_AA_AA_mGAM_mGAM_2_S149,46,946657,A8-e003Coalescence-mBHI-p7,102316
19,B_E7_E10_AE_AA_mGAM_mGAM_2_S151,84,1444031,A8-e003Coalescence-mBHI-p7,102316
20,B_E8_E11_AF_AA_mGAM_mGAM_2_S152,39,849793,A8-e003Coalescence-mBHI-p7,102316
21,B_E11_A10_AE_AA_mGAM_mGAM_4_S155,40,1028220,A8-e003Coalescence-mBHI-p7,102316
22,B_G1_G2_AA_AE_mBHI_mGAM_2_S169,81,1033473,A8-e003Coalescence-mBHI-p7,102316
23,B_H5_H8_AA_AF_mGAM_mGAM_2_S185,84,1427983,A8-e003Coalescence-mBHI-p7,102316
24,C_C5_C8_AA_AE_mGAM_mBHI_6_S221,27,977407,A8-e003Coalescence-mBHI-p7,102316
25,C_C8_C11_AF_AE_mGAM_mBHI_6_S224,20909,1218207,A8-e003Coalescence-mBHI-p7,102316
26,C_D5_D8_AA_AF_mGAM_mBHI_6_S233,137,1127572,A8-e003Coalescence-mBHI-p7,102316
27,C_D7_D10_AE_AF_mGAM_mBHI_6_S235,24544,1404179,A8-e003Coalescence-mBHI-p7,102316
28,C_E5_A8_AA_AA_mGAM_mGAM_6_S245,105,1431755,A8-e003Coalescence-mBHI-p7,102316
29,C_E7_A10_AE_AA_mGAM_mGAM_6_S247,69,1413289,A8-e003Coalescence-mBHI-p7,102316
30,C_E9_E2_AA_AA_mBHI_mGAM_4_S249,84,1403356,A8-e003Coalescence-mBHI-p7,102316
31,C_E11_E4_AE_AA_mBHI_mGAM_4_S251,70,1422885,A8-e003Coalescence-mBHI-p7,102316
32,D_A6_A9_ACPP_AA_mGAM_mBHI_6_S294,71,1440130,A8-e003Coalescence-mBHI-p7,102316
33,D_A7_A10_AE_AA_mGAM_mBHI_6_S295,68,1433602,A8-e003Coalescence-mBHI-p7,102316
34,D_A8_A11_AF_AA_mGAM_mBHI_6_S296,68,1436671,A8-e003Coalescence-mBHI-p7,102316
35,D_A9_E8_AA_AA_mGAM_mBHI_4_S297,65,1437286,A8-e003Coalescence-mBHI-p7,102316
36,D_A12_E11_AF_AA_mGAM_mBHI_4_S300,71,1396823,A8-e003Coalescence-mBHI-p7,102316
37,D_C8_C11_AF_AE_mGAM_mBHI_6_S320,22186,1292174,A8-e003Coalescence-mBHI-p7,102316
38,D_C9_G8_AA_AE_mGAM_mBHI_4_S321,39,1110163,A8-e003Coalescence-mBHI-p7,102316
39,D_C12_G11_AF_AE_mGAM_mBHI_4_S324,23090,1330220,A8-e003Coalescence-mBHI-p7,102316
40,D_D7_D10_AE_AF_mGAM_mBHI_6_S331,23166,1338259,A8-e003Coalescence-mBHI-p7,102316
41,D_D11_H10_AE_AF_mGAM_mBHI_4_S335,22731,1308265,A8-e003Coalescence-mBHI-p7,102316
42,D_E1_A2_AA_AA_mBHI_mGAM_6_S337,80,1436963,A8-e003Coalescence-mBHI-p7,102316
43,D_E3_A4_AE_AA_mBHI_mGAM_6_S339,64,1417311,A8-e003Coalescence-mBHI-p7,102316
44,D_E6_A9_ACPP_AA_mGAM_mGAM_6_S342,70,1303681,A8-e003Coalescence-mBHI-p7,102316
45,D_E7_A10_AE_AA_mGAM_mGAM_6_S343,58,1343749,A8-e003Coalescence-mBHI-p7,102316
46,D_E9_E8_AA_AA_mGAM_mGAM_4_S345,120,1400809,A8-e003Coalescence-mBHI-p7,102316
47,D_E11_E10_AE_AA_mGAM_mGAM_4_S347,68,1397326,A8-e003Coalescence-mBHI-p7,102316
48,D_G1_C2_AA_AE_mBHI_mGAM_6_S361,34,712918,A8-e003Coalescence-mBHI-p7,102316
49,D_H5_D8_AA_AF_mGAM_mGAM_6_S377,4543,1125549,A8-e003Coalescence-mBHI-p7,102316
50,D10-e003Coalescence-mBHI-p3,12343,721454,A8-e003Coalescence-mBHI-p7,102316
51,C2-e003Coalescence-mGAM-p7,2,1453552,A8-e003Coalescence-mBHI-p7,102316
52,D10-e003Coalescence-mBHI-p5,12246,723373,A8-e003Coalescence-mBHI-p7,102316
53,D8-e003Coalescence-mBHI-p5,86,795854,A8-e003Coalescence-mBHI-p7,102316
54,A8-e003Coalescence-mBHI-p7,0,1437763,A8-e003Coalescence-mBHI-p7,102316
55,A10-e003Coalescence-mGAM-p3,5,960054,A8-e003Coalescence-mBHI-p7,102316
56,A8-e003Coalescence-mBHI-p5,1,1099058,A8-e003Coalescence-mBHI-p7,102316
57,A10-e003Coalescence-mBHI-p7,0,1171728,A8-e003Coalescence-mBHI-p7,102316
58,A2-e003Coalescence-mGAM-p5,7,1119246,A8-e003Coalescence-mBHI-p7,102316
59,C8-e003Coalescence-mBHI-p5,0,1251387,A8-e003Coalescence-mBHI-p7,102316
60,A11-e003Coalescence-mBHI-p3,2,1455400,A8-e003Coalescence-mBHI-p7,102316
61,E2-e003Coalescence-mGAM-p7_S145,38,960650,A8-e003Coalescence-mBHI-p7,102316
62,E8-e003Coalescence-mBHI-p5_S5,44,1129168,A8-e003Coalescence-mBHI-p7,102316
63,H111-e003Coalescence-mBHI-p3_S144,21279,1229895,A8-e003Coalescence-mBHI-p7,102316
64,E100-e003Coalescence-mGAM-p3_S155,55,1310955,A8-e003Coalescence-mBHI-p7,102316
65,E111-e003Coalescence-mBHI-p5_S8,78,719187,A8-e003Coalescence-mBHI-p7,102316
66,H100-e003Coalescence-mBHI-p5_S43,17588,1043416,A8-e003Coalescence-mBHI-p7,102316
67,H8-e003Coalescence-mBHI-p7_S137,76,1241668,A8-e003Coalescence-mBHI-p7,102316
68,G8-e003Coalescence-mGAM-p5_S77,86,1348310,A8-e003Coalescence-mBHI-p7,102316
69,H8-e003Coalescence-mBHI-p5_S41,32,797551,A8-e003Coalescence-mBHI-p7,102316
70,E100-e003Coalescence-mBHI-p5_S7,33,890217,A8-e003Coalescence-mBHI-p7,102316
71,E100-e003Coalescence-mGAM-p5_S55,24,809705,A8-e003Coalescence-mBHI-p7,102316
72,H111-e003Coalescence-mBHI-p5_S44,11073,674095,A8-e003Coalescence-mBHI-p7,102316
73,E2-e003Coalescence-mGAM-p3_S57,36,1046865,A8-e003Coalescence-mBHI-p7,102316
74,H100-e003Coalescence-mBHI-p7_S139,21957,1277434,A8-e003Coalescence-mBHI-p7,102316
75,G8-e003Coalescence-mBHI-p5_S29,24,748494,A8-e003Coalescence-mBHI-p7,102316
76,E8-e003Coalescence-mBHI-p3_S105,49,1300226,A8-e003Coalescence-mBHI-p7,102316
77,E8-e003Coalescence-mGAM-p7_S149,103,1417361,A8-e003Coalescence-mBHI-p7,102316
78,H8-e003Coalescence-mGAM-p7_S185,5593,983015,A8-e003Coalescence-mBHI-p7,102316
79,A2-e003Coalescence-Inoculumn-mGAM,43,766653,A8-e003Coalescence-mBHI-p7,102316
80,B8-e003Coalescence-mBHI-p1_S749,128,1268450,A8-e003Coalescence-mBHI-p7,102316
81,A8-e003Coalescence-mBHI-p1_S748,53,1289758,A8-e003Coalescence-mBHI-p7,102316
82,H8-e003Coalescence-mBHI-p1_S815,80,1218424,A8-e003Coalescence-mBHI-p7,102316
83,E8-e003Coalescence-mBHI-p1_S812,61,1401516,A8-e003Coalescence-mBHI-p7,102316
84,G8-e003Coalescence-mGAM-p1_S818,38,827892,A8-e003Coalescence-mBHI-p7,102316
85,D8-e003Coalescence-mGAM-p1_S755,38,701330,A8-e003Coalescence-mBHI-p7,102316
86,A9-e003Coalescence-mBHI-p1_S756,140,1437416,A8-e003Coalescence-mBHI-p7,102316
87,E11-e003Coalescence-mBHI-p1_S836,82,1451168,A8-e003Coalescence-mBHI-p7,102316
88,A10-e003Coalescence-mBHI-p1_S764,37,1193259,A8-e003Coalescence-mBHI-p7,102316
89,A11-e003Coalescence-mBHI-p1_S772,57,1248804,A8-e003Coalescence-mBHI-p7,102316
90,Coalescence-F2-E10-AA-AE-mGAM-mBHI-3_S681,71,1425787,A8-e003Coalescence-mBHI-p7,102316
91,Coalescence-E8-D11-AF-AF-mGAM-mBHI-3_S675,19330,1135698,A8-e003Coalescence-mBHI-p7,102316
92,Coalescence-F10-H8-AA-AF-mGAM-mGAM-3_S689,175,1095751,A8-e003Coalescence-mBHI-p7,102316
93,Coalescence-A10-C11-AE-AF-mGAM-mBHI-7_S629,11548,698926,A8-e003Coalescence-mBHI-p7,102316
94,C_E2_e003Assembly_S242,55,781119,A8-e003Coalescence-mBHI-p7,102316
0,A_A5_A8_AA_AA_mGAM_mBHI_2_S5,32,1417316,A10-e003Coalescence-mGAM-p3,102316
1,A_A8_A11_AF_AA_mGAM_mBHI_2_S8,25,1079879,A10-e003Coalescence-mGAM-p3,102316
2,A_C5_C8_AA_AE_mGAM_mBHI_2_S29,39,1427638,A10-e003Coalescence-mGAM-p3,102316
3,A_D5_D8_AA_AF_mGAM_mBHI_2_S41,49,966462,A10-e003Coalescence-mGAM-p3,102316
4,A_D8_D11_AF_AF_mGAM_mBHI_2_S44,13040,1169381,A10-e003Coalescence-mGAM-p3,102316
5,A_E5_A8_AA_AA_mGAM_mGAM_2_S53,49,1019189,A10-e003Coalescence-mGAM-p3,102316
6,A_E9_A2_AA_AA_mBHI_mGAM_4_S57,40,1413231,A10-e003Coalescence-mGAM-p3,102316
7,A_G1_C2_AA_AE_mBHI_mGAM_2_S73,40,712175,A10-e003Coalescence-mGAM-p3,102316
8,A_G5_C8_AA_AE_mGAM_mGAM_2_S77,55,1416857,A10-e003Coalescence-mGAM-p3,102316
9,A_G9_C2_AA_AE_mBHI_mGAM_4_S81,50,1411062,A10-e003Coalescence-mGAM-p3,102316
10,B_A5_E8_AA_AA_mGAM_mBHI_2_S101,44,1425704,A10-e003Coalescence-mGAM-p3,102316
11,B_A6_E9_ACPP_AA_mGAM_mBHI_2_S102,37,1117375,A10-e003Coalescence-mGAM-p3,102316
12,B_A7_E10_AE_AA_mGAM_mBHI_2_S103,52,1427518,A10-e003Coalescence-mGAM-p3,102316
13,B_A11_A10_AE_AA_mGAM_mBHI_4_S107,56,1383768,A10-e003Coalescence-mGAM-p3,102316
14,B_A12_A11_AF_AA_mGAM_mBHI_4_S108,47,1434911,A10-e003Coalescence-mGAM-p3,102316
15,B_C12_C11_AF_AE_mGAM_mBHI_4_S132,11728,1052319,A10-e003Coalescence-mGAM-p3,102316
16,B_D7_H10_AE_AF_mGAM_mBHI_2_S139,15237,1353892,A10-e003Coalescence-mGAM-p3,102316
17,B_D11_D10_AE_AF_mGAM_mBHI_4_S143,13454,1203283,A10-e003Coalescence-mGAM-p3,102316
18,B_E5_E8_AA_AA_mGAM_mGAM_2_S149,28,946657,A10-e003Coalescence-mGAM-p3,102316
19,B_E7_E10_AE_AA_mGAM_mGAM_2_S151,37,1444031,A10-e003Coalescence-mGAM-p3,102316
20,B_E8_E11_AF_AA_mGAM_mGAM_2_S152,39,849793,A10-e003Coalescence-mGAM-p3,102316
21,B_E11_A10_AE_AA_mGAM_mGAM_4_S155,26,1028220,A10-e003Coalescence-mGAM-p3,102316
22,B_G1_G2_AA_AE_mBHI_mGAM_2_S169,44,1033473,A10-e003Coalescence-mGAM-p3,102316
23,B_H5_H8_AA_AF_mGAM_mGAM_2_S185,34,1427983,A10-e003Coalescence-mGAM-p3,102316
24,C_C5_C8_AA_AE_mGAM_mBHI_6_S221,32,977407,A10-e003Coalescence-mGAM-p3,102316
25,C_C8_C11_AF_AE_mGAM_mBHI_6_S224,13648,1218207,A10-e003Coalescence-mGAM-p3,102316
26,C_D5_D8_AA_AF_mGAM_mBHI_6_S233,85,1127572,A10-e003Coalescence-mGAM-p3,102316
27,C_D7_D10_AE_AF_mGAM_mBHI_6_S235,15848,1404179,A10-e003Coalescence-mGAM-p3,102316
28,C_E5_A8_AA_AA_mGAM_mGAM_6_S245,60,1431755,A10-e003Coalescence-mGAM-p3,102316
29,C_E7_A10_AE_AA_mGAM_mGAM_6_S247,34,1413289,A10-e003Coalescence-mGAM-p3,102316
30,C_E9_E2_AA_AA_mBHI_mGAM_4_S249,54,1403356,A10-e003Coalescence-mGAM-p3,102316
31,C_E11_E4_AE_AA_mBHI_mGAM_4_S251,59,1422885,A10-e003Coalescence-mGAM-p3,102316
32,D_A6_A9_ACPP_AA_mGAM_mBHI_6_S294,38,1440130,A10-e003Coalescence-mGAM-p3,102316
33,D_A7_A10_AE_AA_mGAM_mBHI_6_S295,49,1433602,A10-e003Coalescence-mGAM-p3,102316
34,D_A8_A11_AF_AA_mGAM_mBHI_6_S296,50,1436671,A10-e003Coalescence-mGAM-p3,102316
35,D_A9_E8_AA_AA_mGAM_mBHI_4_S297,40,1437286,A10-e003Coalescence-mGAM-p3,102316
36,D_A12_E11_AF_AA_mGAM_mBHI_4_S300,46,1396823,A10-e003Coalescence-mGAM-p3,102316
37,D_C8_C11_AF_AE_mGAM_mBHI_6_S320,14514,1292174,A10-e003Coalescence-mGAM-p3,102316
38,D_C9_G8_AA_AE_mGAM_mBHI_4_S321,32,1110163,A10-e003Coalescence-mGAM-p3,102316
39,D_C12_G11_AF_AE_mGAM_mBHI_4_S324,15040,1330220,A10-e003Coalescence-mGAM-p3,102316
40,D_D7_D10_AE_AF_mGAM_mBHI_6_S331,14990,1338259,A10-e003Coalescence-mGAM-p3,102316
41,D_D11_H10_AE_AF_mGAM_mBHI_4_S335,14782,1308265,A10-e003Coalescence-mGAM-p3,102316
42,D_E1_A2_AA_AA_mBHI_mGAM_6_S337,56,1436963,A10-e003Coalescence-mGAM-p3,102316
43,D_E3_A4_AE_AA_mBHI_mGAM_6_S339,59,1417311,A10-e003Coalescence-mGAM-p3,102316
44,D_E6_A9_ACPP_AA_mGAM_mGAM_6_S342,27,1303681,A10-e003Coalescence-mGAM-p3,102316
45,D_E7_A10_AE_AA_mGAM_mGAM_6_S343,35,1343749,A10-e003Coalescence-mGAM-p3,102316
46,D_E9_E8_AA_AA_mGAM_mGAM_4_S345,71,1400809,A10-e003Coalescence-mGAM-p3,102316
47,D_E11_E10_AE_AA_mGAM_mGAM_4_S347,33,1397326,A10-e003Coalescence-mGAM-p3,102316
48,D_G1_C2_AA_AE_mBHI_mGAM_6_S361,27,712918,A10-e003Coalescence-mGAM-p3,102316
49,D_H5_D8_AA_AF_mGAM_mGAM_6_S377,2821,1125549,A10-e003Coalescence-mGAM-p3,102316
50,D10-e003Coalescence-mBHI-p3,8229,721454,A10-e003Coalescence-mGAM-p3,102316
51,C2-e003Coalescence-mGAM-p7,28,1453552,A10-e003Coalescence-mGAM-p3,102316
52,D10-e003Coalescence-mBHI-p5,8047,723373,A10-e003Coalescence-mGAM-p3,102316
53,D8-e003Coalescence-mBHI-p5,55,795854,A10-e003Coalescence-mGAM-p3,102316
54,A8-e003Coalescence-mBHI-p7,5,1437763,A10-e003Coalescence-mGAM-p3,102316
55,A10-e003Coalescence-mGAM-p3,0,960054,A10-e003Coalescence-mGAM-p3,102316
56,A8-e003Coalescence-mBHI-p5,11,1099058,A10-e003Coalescence-mGAM-p3,102316
57,A10-e003Coalescence-mBHI-p7,10,1171728,A10-e003Coalescence-mGAM-p3,102316
58,A2-e003Coalescence-mGAM-p5,13,1119246,A10-e003Coalescence-mGAM-p3,102316
59,C8-e003Coalescence-mBHI-p5,7,1251387,A10-e003Coalescence-mGAM-p3,102316
60,A11-e003Coalescence-mBHI-p3,3,1455400,A10-e003Coalescence-mGAM-p3,102316
61,E2-e003Coalescence-mGAM-p7_S145,30,960650,A10-e003Coalescence-mGAM-p3,102316
62,E8-e003Coalescence-mBHI-p5_S5,28,1129168,A10-e003Coalescence-mGAM-p3,102316
63,H111-e003Coalescence-mBHI-p3_S144,13940,1229895,A10-e003Coalescence-mGAM-p3,102316
64,E100-e003Coalescence-mGAM-p3_S155,30,1310955,A10-e003Coalescence-mGAM-p3,102316
65,E111-e003Coalescence-mBHI-p5_S8,53,719187,A10-e003Coalescence-mGAM-p3,102316
66,H100-e003Coalescence-mBHI-p5_S43,11386,1043416,A10-e003Coalescence-mGAM-p3,102316
67,H8-e003Coalescence-mBHI-p7_S137,44,1241668,A10-e003Coalescence-mGAM-p3,102316
68,G8-e003Coalescence-mGAM-p5_S77,41,1348310,A10-e003Coalescence-mGAM-p3,102316
69,H8-e003Coalescence-mBHI-p5_S41,29,797551,A10-e003Coalescence-mGAM-p3,102316
70,E100-e003Coalescence-mBHI-p5_S7,31,890217,A10-e003Coalescence-mGAM-p3,102316
71,E100-e003Coalescence-mGAM-p5_S55,11,809705,A10-e003Coalescence-mGAM-p3,102316
72,H111-e003Coalescence-mBHI-p5_S44,7243,674095,A10-e003Coalescence-mGAM-p3,102316
73,E2-e003Coalescence-mGAM-p3_S57,25,1046865,A10-e003Coalescence-mGAM-p3,102316
74,H100-e003Coalescence-mBHI-p7_S139,14188,1277434,A10-e003Coalescence-mGAM-p3,102316
75,G8-e003Coalescence-mBHI-p5_S29,17,748494,A10-e003Coalescence-mGAM-p3,102316
76,E8-e003Coalescence-mBHI-p3_S105,29,1300226,A10-e003Coalescence-mGAM-p3,102316
77,E8-e003Coalescence-mGAM-p7_S149,64,1417361,A10-e003Coalescence-mGAM-p3,102316
78,H8-e003Coalescence-mGAM-p7_S185,3513,983015,A10-e003Coalescence-mGAM-p3,102316
79,A2-e003Coalescence-Inoculumn-mGAM,30,766653,A10-e003Coalescence-mGAM-p3,102316
80,B8-e003Coalescence-mBHI-p1_S749,71,1268450,A10-e003Coalescence-mGAM-p3,102316
81,A8-e003Coalescence-mBHI-p1_S748,27,1289758,A10-e003Coalescence-mGAM-p3,102316
82,H8-e003Coalescence-mBHI-p1_S815,33,1218424,A10-e003Coalescence-mGAM-p3,102316
83,E8-e003Coalescence-mBHI-p1_S812,40,1401516,A10-e003Coalescence-mGAM-p3,102316
84,G8-e003Coalescence-mGAM-p1_S818,30,827892,A10-e003Coalescence-mGAM-p3,102316
85,D8-e003Coalescence-mGAM-p1_S755,33,701330,A10-e003Coalescence-mGAM-p3,102316
86,A9-e003Coalescence-mBHI-p1_S756,92,1437416,A10-e003Coalescence-mGAM-p3,102316
87,E11-e003Coalescence-mBHI-p1_S836,41,1451168,A10-e003Coalescence-mGAM-p3,102316
88,A10-e003Coalescence-mBHI-p1_S764,22,1193259,A10-e003Coalescence-mGAM-p3,102316
89,A11-e003Coalescence-mBHI-p1_S772,27,1248804,A10-e003Coalescence-mGAM-p3,102316
90,Coalescence-F2-E10-AA-AE-mGAM-mBHI-3_S681,46,1425787,A10-e003Coalescence-mGAM-p3,102316
91,Coalescence-E8-D11-AF-AF-mGAM-mBHI-3_S675,12658,1135698,A10-e003Coalescence-mGAM-p3,102316
92,Coalescence-F10-H8-AA-AF-mGAM-mGAM-3_S689,92,1095751,A10-e003Coalescence-mGAM-p3,102316
93,Coalescence-A10-C11-AE-AF-mGAM-mBHI-7_S629,7722,698926,A10-e003Coalescence-mGAM-p3,102316
94,C_E2_e003Assembly_S242,27,781119,A10-e003Coalescence-mGAM-p3,102316
0,A_A5_A8_AA_AA_mGAM_mBHI_2_S5,34,1417316,A8-e003Coalescence-mBHI-p5,102316
1,A_A8_A11_AF_AA_mGAM_mBHI_2_S8,20,1079879,A8-e003Coalescence-mBHI-p5,102316
2,A_C5_C8_AA_AE_mGAM_mBHI_2_S29,40,1427638,A8-e003Coalescence-mBHI-p5,102316
3,A_D5_D8_AA_AF_mGAM_mBHI_2_S41,28,966462,A8-e003Coalescence-mBHI-p5,102316
4,A_D8_D11_AF_AF_mGAM_mBHI_2_S44,15021,1169381,A8-e003Coalescence-mBHI-p5,102316
5,A_E5_A8_AA_AA_mGAM_mGAM_2_S53,35,1019189,A8-e003Coalescence-mBHI-p5,102316
6,A_E9_A2_AA_AA_mBHI_mGAM_4_S57,35,1413231,A8-e003Coalescence-mBHI-p5,102316
7,A_G1_C2_AA_AE_mBHI_mGAM_2_S73,35,712175,A8-e003Coalescence-mBHI-p5,102316
8,A_G5_C8_AA_AE_mGAM_mGAM_2_S77,61,1416857,A8-e003Coalescence-mBHI-p5,102316
9,A_G9_C2_AA_AE_mBHI_mGAM_4_S81,35,1411062,A8-e003Coalescence-mBHI-p5,102316
10,B_A5_E8_AA_AA_mGAM_mBHI_2_S101,36,1425704,A8-e003Coalescence-mBHI-p5,102316
11,B_A6_E9_ACPP_AA_mGAM_mBHI_2_S102,30,1117375,A8-e003Coalescence-mBHI-p5,102316
12,B_A7_E10_AE_AA_mGAM_mBHI_2_S103,39,1427518,A8-e003Coalescence-mBHI-p5,102316
13,B_A11_A10_AE_AA_mGAM_mBHI_4_S107,38,1383768,A8-e003Coalescence-mBHI-p5,102316
14,B_A12_A11_AF_AA_mGAM_mBHI_4_S108,42,1434911,A8-e003Coalescence-mBHI-p5,102316
15,B_C12_C11_AF_AE_mGAM_mBHI_4_S132,13545,1052319,A8-e003Coalescence-mBHI-p5,102316
16,B_D7_H10_AE_AF_mGAM_mBHI_2_S139,17580,1353892,A8-e003Coalescence-mBHI-p5,102316
17,B_D11_D10_AE_AF_mGAM_mBHI_4_S143,15457,1203283,A8-e003Coalescence-mBHI-p5,102316
18,B_E5_E8_AA_AA_mGAM_mGAM_2_S149,29,946657,A8-e003Coalescence-mBHI-p5,102316
19,B_E7_E10_AE_AA_mGAM_mGAM_2_S151,46,1444031,A8-e003Coalescence-mBHI-p5,102316
20,B_E8_E11_AF_AA_mGAM_mGAM_2_S152,29,849793,A8-e003Coalescence-mBHI-p5,102316
21,B_E11_A10_AE_AA_mGAM_mGAM_4_S155,23,1028220,A8-e003Coalescence-mBHI-p5,102316
22,B_G1_G2_AA_AE_mBHI_mGAM_2_S169,31,1033473,A8-e003Coalescence-mBHI-p5,102316
23,B_H5_H8_AA_AF_mGAM_mGAM_2_S185,46,1427983,A8-e003Coalescence-mBHI-p5,102316
24,C_C5_C8_AA_AE_mGAM_mBHI_6_S221,23,977407,A8-e003Coalescence-mBHI-p5,102316
25,C_C8_C11_AF_AE_mGAM_mBHI_6_S224,15791,1218207,A8-e003Coalescence-mBHI-p5,102316
26,C_D5_D8_AA_AF_mGAM_mBHI_6_S233,86,1127572,A8-e003Coalescence-mBHI-p5,102316
27,C_D7_D10_AE_AF_mGAM_mBHI_6_S235,18352,1404179,A8-e003Coalescence-mBHI-p5,102316
28,C_E5_A8_AA_AA_mGAM_mGAM_6_S245,59,1431755,A8-e003Coalescence-mBHI-p5,102316
29,C_E7_A10_AE_AA_mGAM_mGAM_6_S247,32,1413289,A8-e003Coalescence-mBHI-p5,102316
30,C_E9_E2_AA_AA_mBHI_mGAM_4_S249,45,1403356,A8-e003Coalescence-mBHI-p5,102316
31,C_E11_E4_AE_AA_mBHI_mGAM_4_S251,38,1422885,A8-e003Coalescence-mBHI-p5,102316
32,D_A6_A9_ACPP_AA_mGAM_mBHI_6_S294,37,1440130,A8-e003Coalescence-mBHI-p5,102316
33,D_A7_A10_AE_AA_mGAM_mBHI_6_S295,36,1433602,A8-e003Coalescence-mBHI-p5,102316
34,D_A8_A11_AF_AA_mGAM_mBHI_6_S296,34,1436671,A8-e003Coalescence-mBHI-p5,102316
35,D_A9_E8_AA_AA_mGAM_mBHI_4_S297,33,1437286,A8-e003Coalescence-mBHI-p5,102316
36,D_A12_E11_AF_AA_mGAM_mBHI_4_S300,25,1396823,A8-e003Coalescence-mBHI-p5,102316
37,D_C8_C11_AF_AE_mGAM_mBHI_6_S320,16680,1292174,A8-e003Coalescence-mBHI-p5,102316
38,D_C9_G8_AA_AE_mGAM_mBHI_4_S321,23,1110163,A8-e003Coalescence-mBHI-p5,102316
39,D_C12_G11_AF_AE_mGAM_mBHI_4_S324,17313,1330220,A8-e003Coalescence-mBHI-p5,102316
40,D_D7_D10_AE_AF_mGAM_mBHI_6_S331,17317,1338259,A8-e003Coalescence-mBHI-p5,102316
41,D_D11_H10_AE_AF_mGAM_mBHI_4_S335,17066,1308265,A8-e003Coalescence-mBHI-p5,102316
42,D_E1_A2_AA_AA_mBHI_mGAM_6_S337,41,1436963,A8-e003Coalescence-mBHI-p5,102316
43,D_E3_A4_AE_AA_mBHI_mGAM_6_S339,35,1417311,A8-e003Coalescence-mBHI-p5,102316
44,D_E6_A9_ACPP_AA_mGAM_mGAM_6_S342,36,1303681,A8-e003Coalescence-mBHI-p5,102316
45,D_E7_A10_AE_AA_mGAM_mGAM_6_S343,29,1343749,A8-e003Coalescence-mBHI-p5,102316
46,D_E9_E8_AA_AA_mGAM_mGAM_4_S345,82,1400809,A8-e003Coalescence-mBHI-p5,102316
47,D_E11_E10_AE_AA_mGAM_mGAM_4_S347,37,1397326,A8-e003Coalescence-mBHI-p5,102316
48,D_G1_C2_AA_AE_mBHI_mGAM_6_S361,18,712918,A8-e003Coalescence-mBHI-p5,102316
49,D_H5_D8_AA_AF_mGAM_mGAM_6_S377,3281,1125549,A8-e003Coalescence-mBHI-p5,102316
50,D10-e003Coalescence-mBHI-p3,9480,721454,A8-e003Coalescence-mBHI-p5,102316
51,C2-e003Coalescence-mGAM-p7,4,1453552,A8-e003Coalescence-mBHI-p5,102316
52,D10-e003Coalescence-mBHI-p5,9323,723373,A8-e003Coalescence-mBHI-p5,102316
53,D8-e003Coalescence-mBHI-p5,71,795854,A8-e003Coalescence-mBHI-p5,102316
54,A8-e003Coalescence-mBHI-p7,1,1437763,A8-e003Coalescence-mBHI-p5,102316
55,A10-e003Coalescence-mGAM-p3,11,960054,A8-e003Coalescence-mBHI-p5,102316
56,A8-e003Coalescence-mBHI-p5,0,1099058,A8-e003Coalescence-mBHI-p5,102316
57,A10-e003Coalescence-mBHI-p7,3,1171728,A8-e003Coalescence-mBHI-p5,102316
58,A2-e003Coalescence-mGAM-p5,7,1119246,A8-e003Coalescence-mBHI-p5,102316
59,C8-e003Coalescence-mBHI-p5,4,1251387,A8-e003Coalescence-mBHI-p5,102316
60,A11-e003Coalescence-mBHI-p3,4,1455400,A8-e003Coalescence-mBHI-p5,102316
61,E2-e003Coalescence-mGAM-p7_S145,24,960650,A8-e003Coalescence-mBHI-p5,102316
62,E8-e003Coalescence-mBHI-p5_S5,26,1129168,A8-e003Coalescence-mBHI-p5,102316
63,H111-e003Coalescence-mBHI-p3_S144,16059,1229895,A8-e003Coalescence-mBHI-p5,102316
64,E100-e003Coalescence-mGAM-p3_S155,31,1310955,A8-e003Coalescence-mBHI-p5,102316
65,E111-e003Coalescence-mBHI-p5_S8,39,719187,A8-e003Coalescence-mBHI-p5,102316
66,H100-e003Coalescence-mBHI-p5_S43,13241,1043416,A8-e003Coalescence-mBHI-p5,102316
67,H8-e003Coalescence-mBHI-p7_S137,40,1241668,A8-e003Coalescence-mBHI-p5,102316
68,G8-e003Coalescence-mGAM-p5_S77,56,1348310,A8-e003Coalescence-mBHI-p5,102316
69,H8-e003Coalescence-mBHI-p5_S41,12,797551,A8-e003Coalescence-mBHI-p5,102316
70,E100-e003Coalescence-mBHI-p5_S7,22,890217,A8-e003Coalescence-mBHI-p5,102316
71,E100-e003Coalescence-mGAM-p5_S55,13,809705,A8-e003Coalescence-mBHI-p5,102316
72,H111-e003Coalescence-mBHI-p5_S44,8426,674095,A8-e003Coalescence-mBHI-p5,102316
73,E2-e003Coalescence-mGAM-p3_S57,26,1046865,A8-e003Coalescence-mBHI-p5,102316
74,H100-e003Coalescence-mBHI-p7_S139,16494,1277434,A8-e003Coalescence-mBHI-p5,102316
75,G8-e003Coalescence-mBHI-p5_S29,15,748494,A8-e003Coalescence-mBHI-p5,102316
76,E8-e003Coalescence-mBHI-p3_S105,39,1300226,A8-e003Coalescence-mBHI-p5,102316
77,E8-e003Coalescence-mGAM-p7_S149,64,1417361,A8-e003Coalescence-mBHI-p5,102316
78,H8-e003Coalescence-mGAM-p7_S185,3986,983015,A8-e003Coalescence-mBHI-p5,102316
79,A2-e003Coalescence-Inoculumn-mGAM,28,766653,A8-e003Coalescence-mBHI-p5,102316
80,B8-e003Coalescence-mBHI-p1_S749,78,1268450,A8-e003Coalescence-mBHI-p5,102316
81,A8-e003Coalescence-mBHI-p1_S748,27,1289758,A8-e003Coalescence-mBHI-p5,102316
82,H8-e003Coalescence-mBHI-p1_S815,44,1218424,A8-e003Coalescence-mBHI-p5,102316
83,E8-e003Coalescence-mBHI-p1_S812,34,1401516,A8-e003Coalescence-mBHI-p5,102316
84,G8-e003Coalescence-mGAM-p1_S818,32,827892,A8-e003Coalescence-mBHI-p5,102316
85,D8-e003Coalescence-mGAM-p1_S755,26,701330,A8-e003Coalescence-mBHI-p5,102316
86,A9-e003Coalescence-mBHI-p1_S756,79,1437416,A8-e003Coalescence-mBHI-p5,102316
87,E11-e003Coalescence-mBHI-p1_S836,41,1451168,A8-e003Coalescence-mBHI-p5,102316
88,A10-e003Coalescence-mBHI-p1_S764,19,1193259,A8-e003Coalescence-mBHI-p5,102316
89,A11-e003Coalescence-mBHI-p1_S772,38,1248804,A8-e003Coalescence-mBHI-p5,102316
90,Coalescence-F2-E10-AA-AE-mGAM-mBHI-3_S681,32,1425787,A8-e003Coalescence-mBHI-p5,102316
91,Coalescence-E8-D11-AF-AF-mGAM-mBHI-3_S675,14618,1135698,A8-e003Coalescence-mBHI-p5,102316
92,Coalescence-F10-H8-AA-AF-mGAM-mGAM-3_S689,117,1095751,A8-e003Coalescence-mBHI-p5,102316
93,Coalescence-A10-C11-AE-AF-mGAM-mBHI-7_S629,8798,698926,A8-e003Coalescence-mBHI-p5,102316
94,C_E2_e003Assembly_S242,47,781119,A8-e003Coalescence-mBHI-p5,102316
0,A_A5_A8_AA_AA_mGAM_mBHI_2_S5,59,1417316,A10-e003Coalescence-mBHI-p7,102316
1,A_A8_A11_AF_AA_mGAM_mBHI_2_S8,30,1079879,A10-e003Coalescence-mBHI-p7,102316
2,A_C5_C8_AA_AE_mGAM_mBHI_2_S29,62,1427638,A10-e003Coalescence-mBHI-p7,102316
3,A_D5_D8_AA_AF_mGAM_mBHI_2_S41,38,966462,A10-e003Coalescence-mBHI-p7,102316
4,A_D8_D11_AF_AF_mGAM_mBHI_2_S44,16043,1169381,A10-e003Coalescence-mBHI-p7,102316
5,A_E5_A8_AA_AA_mGAM_mGAM_2_S53,50,1019189,A10-e003Coalescence-mBHI-p7,102316
6,A_E9_A2_AA_AA_mBHI_mGAM_4_S57,48,1413231,A10-e003Coalescence-mBHI-p7,102316
7,A_G1_C2_AA_AE_mBHI_mGAM_2_S73,35,712175,A10-e003Coalescence-mBHI-p7,102316
8,A_G5_C8_AA_AE_mGAM_mGAM_2_S77,73,1416857,A10-e003Coalescence-mBHI-p7,102316
9,A_G9_C2_AA_AE_mBHI_mGAM_4_S81,52,1411062,A10-e003Coalescence-mBHI-p7,102316
10,B_A5_E8_AA_AA_mGAM_mBHI_2_S101,59,1425704,A10-e003Coalescence-mBHI-p7,102316
11,B_A6_E9_ACPP_AA_mGAM_mBHI_2_S102,46,1117375,A10-e003Coalescence-mBHI-p7,102316
12,B_A7_E10_AE_AA_mGAM_mBHI_2_S103,56,1427518,A10-e003Coalescence-mBHI-p7,102316
13,B_A11_A10_AE_AA_mGAM_mBHI_4_S107,49,1383768,A10-e003Coalescence-mBHI-p7,102316
14,B_A12_A11_AF_AA_mGAM_mBHI_4_S108,57,1434911,A10-e003Coalescence-mBHI-p7,102316
15,B_C12_C11_AF_AE_mGAM_mBHI_4_S132,14343,1052319,A10-e003Coalescence-mBHI-p7,102316
16,B_D7_H10_AE_AF_mGAM_mBHI_2_S139,18865,1353892,A10-e003Coalescence-mBHI-p7,102316
17,B_D11_D10_AE_AF_mGAM_mBHI_4_S143,16615,1203283,A10-e003Coalescence-mBHI-p7,102316
18,B_E5_E8_AA_AA_mGAM_mGAM_2_S149,41,946657,A10-e003Coalescence-mBHI-p7,102316
19,B_E7_E10_AE_AA_mGAM_mGAM_2_S151,74,1444031,A10-e003Coalescence-mBHI-p7,102316
20,B_E8_E11_AF_AA_mGAM_mGAM_2_S152,37,849793,A10-e003Coalescence-mBHI-p7,102316
21,B_E11_A10_AE_AA_mGAM_mGAM_4_S155,31,1028220,A10-e003Coalescence-mBHI-p7,102316
22,B_G1_G2_AA_AE_mBHI_mGAM_2_S169,33,1033473,A10-e003Coalescence-mBHI-p7,102316
23,B_H5_H8_AA_AF_mGAM_mGAM_2_S185,74,1427983,A10-e003Coalescence-mBHI-p7,102316
24,C_C5_C8_AA_AE_mGAM_mBHI_6_S221,24,977407,A10-e003Coalescence-mBHI-p7,102316
25,C_C8_C11_AF_AE_mGAM_mBHI_6_S224,16799,1218207,A10-e003Coalescence-mBHI-p7,102316
26,C_D5_D8_AA_AF_mGAM_mBHI_6_S233,95,1127572,A10-e003Coalescence-mBHI-p7,102316
27,C_D7_D10_AE_AF_mGAM_mBHI_6_S235,19575,1404179,A10-e003Coalescence-mBHI-p7,102316
28,C_E5_A8_AA_AA_mGAM_mGAM_6_S245,80,1431755,A10-e003Coalescence-mBHI-p7,102316
29,C_E7_A10_AE_AA_mGAM_mGAM_6_S247,55,1413289,A10-e003Coalescence-mBHI-p7,102316
30,C_E9_E2_AA_AA_mBHI_mGAM_4_S249,54,1403356,A10-e003Coalescence-mBHI-p7,102316
31,C_E11_E4_AE_AA_mBHI_mGAM_4_S251,54,1422885,A10-e003Coalescence-mBHI-p7,102316
32,D_A6_A9_ACPP_AA_mGAM_mBHI_6_S294,58,1440130,A10-e003Coalescence-mBHI-p7,102316
33,D_A7_A10_AE_AA_mGAM_mBHI_6_S295,52,1433602,A10-e003Coalescence-mBHI-p7,102316
34,D_A8_A11_AF_AA_mGAM_mBHI_6_S296,54,1436671,A10-e003Coalescence-mBHI-p7,102316
35,D_A9_E8_AA_AA_mGAM_mBHI_4_S297,55,1437286,A10-e003Coalescence-mBHI-p7,102316
36,D_A12_E11_AF_AA_mGAM_mBHI_4_S300,53,1396823,A10-e003Coalescence-mBHI-p7,102316
37,D_C8_C11_AF_AE_mGAM_mBHI_6_S320,17843,1292174,A10-e003Coalescence-mBHI-p7,102316
38,D_C9_G8_AA_AE_mGAM_mBHI_4_S321,31,1110163,A10-e003Coalescence-mBHI-p7,102316
39,D_C12_G11_AF_AE_mGAM_mBHI_4_S324,18507,1330220,A10-e003Coalescence-mBHI-p7,102316
40,D_D7_D10_AE_AF_mGAM_mBHI_6_S331,18483,1338259,A10-e003Coalescence-mBHI-p7,102316
41,D_D11_H10_AE_AF_mGAM_mBHI_4_S335,18259,1308265,A10-e003Coalescence-mBHI-p7,102316
42,D_E1_A2_AA_AA_mBHI_mGAM_6_S337,54,1436963,A10-e003Coalescence-mBHI-p7,102316
43,D_E3_A4_AE_AA_mBHI_mGAM_6_S339,45,1417311,A10-e003Coalescence-mBHI-p7,102316
44,D_E6_A9_ACPP_AA_mGAM_mGAM_6_S342,54,1303681,A10-e003Coalescence-mBHI-p7,102316
45,D_E7_A10_AE_AA_mGAM_mGAM_6_S343,41,1343749,A10-e003Coalescence-mBHI-p7,102316
46,D_E9_E8_AA_AA_mGAM_mGAM_4_S345,90,1400809,A10-e003Coalescence-mBHI-p7,102316
47,D_E11_E10_AE_AA_mGAM_mGAM_4_S347,58,1397326,A10-e003Coalescence-mBHI-p7,102316
48,D_G1_C2_AA_AE_mBHI_mGAM_6_S361,25,712918,A10-e003Coalescence-mBHI-p7,102316
49,D_H5_D8_AA_AF_mGAM_mGAM_6_S377,3498,1125549,A10-e003Coalescence-mBHI-p7,102316
50,D10-e003Coalescence-mBHI-p3,9985,721454,A10-e003Coalescence-mBHI-p7,102316
51,C2-e003Coalescence-mGAM-p7,0,1453552,A10-e003Coalescence-mBHI-p7,102316
52,D10-e003Coalescence-mBHI-p5,9995,723373,A10-e003Coalescence-mBHI-p7,102316
53,D8-e003Coalescence-mBHI-p5,63,795854,A10-e003Coalescence-mBHI-p7,102316
54,A8-e003Coalescence-mBHI-p7,0,1437763,A10-e003Coalescence-mBHI-p7,102316
55,A10-e003Coalescence-mGAM-p3,10,960054,A10-e003Coalescence-mBHI-p7,102316
56,A8-e003Coalescence-mBHI-p5,3,1099058,A10-e003Coalescence-mBHI-p7,102316
57,A10-e003Coalescence-mBHI-p7,0,1171728,A10-e003Coalescence-mBHI-p7,102316
58,A2-e003Coalescence-mGAM-p5,3,1119246,A10-e003Coalescence-mBHI-p7,102316
59,C8-e003Coalescence-mBHI-p5,0,1251387,A10-e003Coalescence-mBHI-p7,102316
60,A11-e003Coalescence-mBHI-p3,0,1455400,A10-e003Coalescence-mBHI-p7,102316
61,E2-e003Coalescence-mGAM-p7_S145,25,960650,A10-e003Coalescence-mBHI-p7,102316
62,E8-e003Coalescence-mBHI-p5_S5,37,1129168,A10-e003Coalescence-mBHI-p7,102316
63,H111-e003Coalescence-mBHI-p3_S144,17101,1229895,A10-e003Coalescence-mBHI-p7,102316
64,E100-e003Coalescence-mGAM-p3_S155,55,1310955,A10-e003Coalescence-mBHI-p7,102316
65,E111-e003Coalescence-mBHI-p5_S8,65,719187,A10-e003Coalescence-mBHI-p7,102316
66,H100-e003Coalescence-mBHI-p5_S43,14079,1043416,A10-e003Coalescence-mBHI-p7,102316
67,H8-e003Coalescence-mBHI-p7_S137,56,1241668,A10-e003Coalescence-mBHI-p7,102316
68,G8-e003Coalescence-mGAM-p5_S77,64,1348310,A10-e003Coalescence-mBHI-p7,102316
69,H8-e003Coalescence-mBHI-p5_S41,26,797551,A10-e003Coalescence-mBHI-p7,102316
70,E100-e003Coalescence-mBHI-p5_S7,28,890217,A10-e003Coalescence-mBHI-p7,102316
71,E100-e003Coalescence-mGAM-p5_S55,18,809705,A10-e003Coalescence-mBHI-p7,102316
72,H111-e003Coalescence-mBHI-p5_S44,9009,674095,A10-e003Coalescence-mBHI-p7,102316
73,E2-e003Coalescence-mGAM-p3_S57,27,1046865,A10-e003Coalescence-mBHI-p7,102316
74,H100-e003Coalescence-mBHI-p7_S139,17566,1277434,A10-e003Coalescence-mBHI-p7,102316
75,G8-e003Coalescence-mBHI-p5_S29,16,748494,A10-e003Coalescence-mBHI-p7,102316
76,E8-e003Coalescence-mBHI-p3_S105,54,1300226,A10-e003Coalescence-mBHI-p7,102316
77,E8-e003Coalescence-mGAM-p7_S149,81,1417361,A10-e003Coalescence-mBHI-p7,102316
78,H8-e003Coalescence-mGAM-p7_S185,4461,983015,A10-e003Coalescence-mBHI-p7,102316
79,A2-e003Coalescence-Inoculumn-mGAM,22,766653,A10-e003Coalescence-mBHI-p7,102316
80,B8-e003Coalescence-mBHI-p1_S749,84,1268450,A10-e003Coalescence-mBHI-p7,102316
81,A8-e003Coalescence-mBHI-p1_S748,38,1289758,A10-e003Coalescence-mBHI-p7,102316
82,H8-e003Coalescence-mBHI-p1_S815,60,1218424,A10-e003Coalescence-mBHI-p7,102316
83,E8-e003Coalescence-mBHI-p1_S812,48,1401516,A10-e003Coalescence-mBHI-p7,102316
84,G8-e003Coalescence-mGAM-p1_S818,28,827892,A10-e003Coalescence-mBHI-p7,102316
85,D8-e003Coalescence-mGAM-p1_S755,30,701330,A10-e003Coalescence-mBHI-p7,102316
86,A9-e003Coalescence-mBHI-p1_S756,89,1437416,A10-e003Coalescence-mBHI-p7,102316
87,E11-e003Coalescence-mBHI-p1_S836,74,1451168,A10-e003Coalescence-mBHI-p7,102316
88,A10-e003Coalescence-mBHI-p1_S764,33,1193259,A10-e003Coalescence-mBHI-p7,102316
89,A11-e003Coalescence-mBHI-p1_S772,60,1248804,A10-e003Coalescence-mBHI-p7,102316
90,Coalescence-F2-E10-AA-AE-mGAM-mBHI-3_S681,58,1425787,A10-e003Coalescence-mBHI-p7,102316
91,Coalescence-E8-D11-AF-AF-mGAM-mBHI-3_S675,15568,1135698,A10-e003Coalescence-mBHI-p7,102316
92,Coalescence-F10-H8-AA-AF-mGAM-mGAM-3_S689,133,1095751,A10-e003Coalescence-mBHI-p7,102316
93,Coalescence-A10-C11-AE-AF-mGAM-mBHI-7_S629,9325,698926,A10-e003Coalescence-mBHI-p7,102316
94,C_E2_e003Assembly_S242,47,781119,A10-e003Coalescence-mBHI-p7,102316
0,A_A5_A8_AA_AA_mGAM_mBHI_2_S5,53,1417316,A2-e003Coalescence-mGAM-p5,102316
1,A_A8_A11_AF_AA_mGAM_mBHI_2_S8,37,1079879,A2-e003Coalescence-mGAM-p5,102316
2,A_C5_C8_AA_AE_mGAM_mBHI_2_S29,48,1427638,A2-e003Coalescence-mGAM-p5,102316
3,A_D5_D8_AA_AF_mGAM_mBHI_2_S41,52,966462,A2-e003Coalescence-mGAM-p5,102316
4,A_D8_D11_AF_AF_mGAM_mBHI_2_S44,15286,1169381,A2-e003Coalescence-mGAM-p5,102316
5,A_E5_A8_AA_AA_mGAM_mGAM_2_S53,54,1019189,A2-e003Coalescence-mGAM-p5,102316
6,A_E9_A2_AA_AA_mBHI_mGAM_4_S57,39,1413231,A2-e003Coalescence-mGAM-p5,102316
7,A_G1_C2_AA_AE_mBHI_mGAM_2_S73,32,712175,A2-e003Coalescence-mGAM-p5,102316
8,A_G5_C8_AA_AE_mGAM_mGAM_2_S77,90,1416857,A2-e003Coalescence-mGAM-p5,102316
9,A_G9_C2_AA_AE_mBHI_mGAM_4_S81,40,1411062,A2-e003Coalescence-mGAM-p5,102316
10,B_A5_E8_AA_AA_mGAM_mBHI_2_S101,54,1425704,A2-e003Coalescence-mGAM-p5,102316
11,B_A6_E9_ACPP_AA_mGAM_mBHI_2_S102,48,1117375,A2-e003Coalescence-mGAM-p5,102316
12,B_A7_E10_AE_AA_mGAM_mBHI_2_S103,55,1427518,A2-e003Coalescence-mGAM-p5,102316
13,B_A11_A10_AE_AA_mGAM_mBHI_4_S107,53,1383768,A2-e003Coalescence-mGAM-p5,102316
14,B_A12_A11_AF_AA_mGAM_mBHI_4_S108,57,1434911,A2-e003Coalescence-mGAM-p5,102316
15,B_C12_C11_AF_AE_mGAM_mBHI_4_S132,13637,1052319,A2-e003Coalescence-mGAM-p5,102316
16,B_D7_H10_AE_AF_mGAM_mBHI_2_S139,17816,1353892,A2-e003Coalescence-mGAM-p5,102316
17,B_D11_D10_AE_AF_mGAM_mBHI_4_S143,15683,1203283,A2-e003Coalescence-mGAM-p5,102316
18,B_E5_E8_AA_AA_mGAM_mGAM_2_S149,42,946657,A2-e003Coalescence-mGAM-p5,102316
19,B_E7_E10_AE_AA_mGAM_mGAM_2_S151,68,1444031,A2-e003Coalescence-mGAM-p5,102316
20,B_E8_E11_AF_AA_mGAM_mGAM_2_S152,49,849793,A2-e003Coalescence-mGAM-p5,102316
21,B_E11_A10_AE_AA_mGAM_mGAM_4_S155,33,1028220,A2-e003Coalescence-mGAM-p5,102316
22,B_G1_G2_AA_AE_mBHI_mGAM_2_S169,43,1033473,A2-e003Coalescence-mGAM-p5,102316
23,B_H5_H8_AA_AF_mGAM_mGAM_2_S185,59,1427983,A2-e003Coalescence-mGAM-p5,102316
24,C_C5_C8_AA_AE_mGAM_mBHI_6_S221,18,977407,A2-e003Coalescence-mGAM-p5,102316
25,C_C8_C11_AF_AE_mGAM_mBHI_6_S224,15904,1218207,A2-e003Coalescence-mGAM-p5,102316
26,C_D5_D8_AA_AF_mGAM_mBHI_6_S233,102,1127572,A2-e003Coalescence-mGAM-p5,102316
27,C_D7_D10_AE_AF_mGAM_mBHI_6_S235,18615,1404179,A2-e003Coalescence-mGAM-p5,102316
28,C_E5_A8_AA_AA_mGAM_mGAM_6_S245,89,1431755,A2-e003Coalescence-mGAM-p5,102316
29,C_E7_A10_AE_AA_mGAM_mGAM_6_S247,50,1413289,A2-e003Coalescence-mGAM-p5,102316
30,C_E9_E2_AA_AA_mBHI_mGAM_4_S249,52,1403356,A2-e003Coalescence-mGAM-p5,102316
31,C_E11_E4_AE_AA_mBHI_mGAM_4_S251,44,1422885,A2-e003Coalescence-mGAM-p5,102316
32,D_A6_A9_ACPP_AA_mGAM_mBHI_6_S294,49,1440130,A2-e003Coalescence-mGAM-p5,102316
33,D_A7_A10_AE_AA_mGAM_mBHI_6_S295,51,1433602,A2-e003Coalescence-mGAM-p5,102316
34,D_A8_A11_AF_AA_mGAM_mBHI_6_S296,55,1436671,A2-e003Coalescence-mGAM-p5,102316
35,D_A9_E8_AA_AA_mGAM_mBHI_4_S297,45,1437286,A2-e003Coalescence-mGAM-p5,102316
36,D_A12_E11_AF_AA_mGAM_mBHI_4_S300,51,1396823,A2-e003Coalescence-mGAM-p5,102316
37,D_C8_C11_AF_AE_mGAM_mBHI_6_S320,16901,1292174,A2-e003Coalescence-mGAM-p5,102316
38,D_C9_G8_AA_AE_mGAM_mBHI_4_S321,31,1110163,A2-e003Coalescence-mGAM-p5,102316
39,D_C12_G11_AF_AE_mGAM_mBHI_4_S324,17586,1330220,A2-e003Coalescence-mGAM-p5,102316
40,D_D7_D10_AE_AF_mGAM_mBHI_6_S331,17586,1338259,A2-e003Coalescence-mGAM-p5,102316
41,D_D11_H10_AE_AF_mGAM_mBHI_4_S335,17335,1308265,A2-e003Coalescence-mGAM-p5,102316
42,D_E1_A2_AA_AA_mBHI_mGAM_6_S337,52,1436963,A2-e003Coalescence-mGAM-p5,102316
43,D_E3_A4_AE_AA_mBHI_mGAM_6_S339,43,1417311,A2-e003Coalescence-mGAM-p5,102316
44,D_E6_A9_ACPP_AA_mGAM_mGAM_6_S342,51,1303681,A2-e003Coalescence-mGAM-p5,102316
45,D_E7_A10_AE_AA_mGAM_mGAM_6_S343,45,1343749,A2-e003Coalescence-mGAM-p5,102316
46,D_E9_E8_AA_AA_mGAM_mGAM_4_S345,109,1400809,A2-e003Coalescence-mGAM-p5,102316
47,D_E11_E10_AE_AA_mGAM_mGAM_4_S347,51,1397326,A2-e003Coalescence-mGAM-p5,102316
48,D_G1_C2_AA_AE_mBHI_mGAM_6_S361,18,712918,A2-e003Coalescence-mGAM-p5,102316
49,D_H5_D8_AA_AF_mGAM_mGAM_6_S377,3349,1125549,A2-e003Coalescence-mGAM-p5,102316
50,D10-e003Coalescence-mBHI-p3,9434,721454,A2-e003Coalescence-mGAM-p5,102316
51,C2-e003Coalescence-mGAM-p7,3,1453552,A2-e003Coalescence-mGAM-p5,102316
52,D10-e003Coalescence-mBHI-p5,9295,723373,A2-e003Coalescence-mGAM-p5,102316
53,D8-e003Coalescence-mBHI-p5,59,795854,A2-e003Coalescence-mGAM-p5,102316
54,A8-e003Coalescence-mBHI-p7,7,1437763,A2-e003Coalescence-mGAM-p5,102316
55,A10-e003Coalescence-mGAM-p3,13,960054,A2-e003Coalescence-mGAM-p5,102316
56,A8-e003Coalescence-mBHI-p5,7,1099058,A2-e003Coalescence-mGAM-p5,102316
57,A10-e003Coalescence-mBHI-p7,3,1171728,A2-e003Coalescence-mGAM-p5,102316
58,A2-e003Coalescence-mGAM-p5,0,1119246,A2-e003Coalescence-mGAM-p5,102316
59,C8-e003Coalescence-mBHI-p5,8,1251387,A2-e003Coalescence-mGAM-p5,102316
60,A11-e003Coalescence-mBHI-p3,13,1455400,A2-e003Coalescence-mGAM-p5,102316
61,E2-e003Coalescence-mGAM-p7_S145,24,960650,A2-e003Coalescence-mGAM-p5,102316
62,E8-e003Coalescence-mBHI-p5_S5,32,1129168,A2-e003Coalescence-mGAM-p5,102316
63,H111-e003Coalescence-mBHI-p3_S144,16329,1229895,A2-e003Coalescence-mGAM-p5,102316
64,E100-e003Coalescence-mGAM-p3_S155,45,1310955,A2-e003Coalescence-mGAM-p5,102316
65,E111-e003Coalescence-mBHI-p5_S8,57,719187,A2-e003Coalescence-mGAM-p5,102316
66,H100-e003Coalescence-mBHI-p5_S43,13389,1043416,A2-e003Coalescence-mGAM-p5,102316
67,H8-e003Coalescence-mBHI-p7_S137,56,1241668,A2-e003Coalescence-mGAM-p5,102316
68,G8-e003Coalescence-mGAM-p5_S77,66,1348310,A2-e003Coalescence-mGAM-p5,102316
69,H8-e003Coalescence-mBHI-p5_S41,21,797551,A2-e003Coalescence-mGAM-p5,102316
70,E100-e003Coalescence-mBHI-p5_S7,24,890217,A2-e003Coalescence-mGAM-p5,102316
71,E100-e003Coalescence-mGAM-p5_S55,21,809705,A2-e003Coalescence-mGAM-p5,102316
72,H111-e003Coalescence-mBHI-p5_S44,8551,674095,A2-e003Coalescence-mGAM-p5,102316
73,E2-e003Coalescence-mGAM-p3_S57,16,1046865,A2-e003Coalescence-mGAM-p5,102316
74,H100-e003Coalescence-mBHI-p7_S139,16738,1277434,A2-e003Coalescence-mGAM-p5,102316
75,G8-e003Coalescence-mBHI-p5_S29,24,748494,A2-e003Coalescence-mGAM-p5,102316
76,E8-e003Coalescence-mBHI-p3_S105,41,1300226,A2-e003Coalescence-mGAM-p5,102316
77,E8-e003Coalescence-mGAM-p7_S149,98,1417361,A2-e003Coalescence-mGAM-p5,102316
78,H8-e003Coalescence-mGAM-p7_S185,4163,983015,A2-e003Coalescence-mGAM-p5,102316
79,A2-e003Coalescence-Inoculumn-mGAM,39,766653,A2-e003Coalescence-mGAM-p5,102316
80,B8-e003Coalescence-mBHI-p1_S749,115,1268450,A2-e003Coalescence-mGAM-p5,102316
81,A8-e003Coalescence-mBHI-p1_S748,40,1289758,A2-e003Coalescence-mGAM-p5,102316
82,H8-e003Coalescence-mBHI-p1_S815,54,1218424,A2-e003Coalescence-mGAM-p5,102316
83,E8-e003Coalescence-mBHI-p1_S812,46,1401516,A2-e003Coalescence-mGAM-p5,102316
84,G8-e003Coalescence-mGAM-p1_S818,45,827892,A2-e003Coalescence-mGAM-p5,102316
85,D8-e003Coalescence-mGAM-p1_S755,37,701330,A2-e003Coalescence-mGAM-p5,102316
86,A9-e003Coalescence-mBHI-p1_S756,112,1437416,A2-e003Coalescence-mGAM-p5,102316
87,E11-e003Coalescence-mBHI-p1_S836,74,1451168,A2-e003Coalescence-mGAM-p5,102316
88,A10-e003Coalescence-mBHI-p1_S764,34,1193259,A2-e003Coalescence-mGAM-p5,102316
89,A11-e003Coalescence-mBHI-p1_S772,51,1248804,A2-e003Coalescence-mGAM-p5,102316
90,Coalescence-F2-E10-AA-AE-mGAM-mBHI-3_S681,53,1425787,A2-e003Coalescence-mGAM-p5,102316
91,Coalescence-E8-D11-AF-AF-mGAM-mBHI-3_S675,14824,1135698,A2-e003Coalescence-mGAM-p5,102316
92,Coalescence-F10-H8-AA-AF-mGAM-mGAM-3_S689,138,1095751,A2-e003Coalescence-mGAM-p5,102316
93,Coalescence-A10-C11-AE-AF-mGAM-mBHI-7_S629,9047,698926,A2-e003Coalescence-mGAM-p5,102316
94,C_E2_e003Assembly_S242,61,781119,A2-e003Coalescence-mGAM-p5,102316
0,A_A5_A8_AA_AA_mGAM_mBHI_2_S5,42,1417316,C8-e003Coalescence-mBHI-p5,102316
1,A_A8_A11_AF_AA_mGAM_mBHI_2_S8,39,1079879,C8-e003Coalescence-mBHI-p5,102316
2,A_C5_C8_AA_AE_mGAM_mBHI_2_S29,40,1427638,C8-e003Coalescence-mBHI-p5,102316
3,A_D5_D8_AA_AF_mGAM_mBHI_2_S41,41,966462,C8-e003Coalescence-mBHI-p5,102316
4,A_D8_D11_AF_AF_mGAM_mBHI_2_S44,17080,1169381,C8-e003Coalescence-mBHI-p5,102316
5,A_E5_A8_AA_AA_mGAM_mGAM_2_S53,42,1019189,C8-e003Coalescence-mBHI-p5,102316
6,A_E9_A2_AA_AA_mBHI_mGAM_4_S57,46,1413231,C8-e003Coalescence-mBHI-p5,102316
7,A_G1_C2_AA_AE_mBHI_mGAM_2_S73,55,712175,C8-e003Coalescence-mBHI-p5,102316
8,A_G5_C8_AA_AE_mGAM_mGAM_2_S77,65,1416857,C8-e003Coalescence-mBHI-p5,102316
9,A_G9_C2_AA_AE_mBHI_mGAM_4_S81,52,1411062,C8-e003Coalescence-mBHI-p5,102316
10,B_A5_E8_AA_AA_mGAM_mBHI_2_S101,43,1425704,C8-e003Coalescence-mBHI-p5,102316
11,B_A6_E9_ACPP_AA_mGAM_mBHI_2_S102,38,1117375,C8-e003Coalescence-mBHI-p5,102316
12,B_A7_E10_AE_AA_mGAM_mBHI_2_S103,45,1427518,C8-e003Coalescence-mBHI-p5,102316
13,B_A11_A10_AE_AA_mGAM_mBHI_4_S107,43,1383768,C8-e003Coalescence-mBHI-p5,102316
14,B_A12_A11_AF_AA_mGAM_mBHI_4_S108,44,1434911,C8-e003Coalescence-mBHI-p5,102316
15,B_C12_C11_AF_AE_mGAM_mBHI_4_S132,15325,1052319,C8-e003Coalescence-mBHI-p5,102316
16,B_D7_H10_AE_AF_mGAM_mBHI_2_S139,20119,1353892,C8-e003Coalescence-mBHI-p5,102316
17,B_D11_D10_AE_AF_mGAM_mBHI_4_S143,17661,1203283,C8-e003Coalescence-mBHI-p5,102316
18,B_E5_E8_AA_AA_mGAM_mGAM_2_S149,42,946657,C8-e003Coalescence-mBHI-p5,102316
19,B_E7_E10_AE_AA_mGAM_mGAM_2_S151,61,1444031,C8-e003Coalescence-mBHI-p5,102316
20,B_E8_E11_AF_AA_mGAM_mGAM_2_S152,52,849793,C8-e003Coalescence-mBHI-p5,102316
21,B_E11_A10_AE_AA_mGAM_mGAM_4_S155,25,1028220,C8-e003Coalescence-mBHI-p5,102316
22,B_G1_G2_AA_AE_mBHI_mGAM_2_S169,49,1033473,C8-e003Coalescence-mBHI-p5,102316
23,B_H5_H8_AA_AF_mGAM_mGAM_2_S185,62,1427983,C8-e003Coalescence-mBHI-p5,102316
24,C_C5_C8_AA_AE_mGAM_mBHI_6_S221,20,977407,C8-e003Coalescence-mBHI-p5,102316
25,C_C8_C11_AF_AE_mGAM_mBHI_6_S224,17917,1218207,C8-e003Coalescence-mBHI-p5,102316
26,C_D5_D8_AA_AF_mGAM_mBHI_6_S233,97,1127572,C8-e003Coalescence-mBHI-p5,102316
27,C_D7_D10_AE_AF_mGAM_mBHI_6_S235,20894,1404179,C8-e003Coalescence-mBHI-p5,102316
28,C_E5_A8_AA_AA_mGAM_mGAM_6_S245,57,1431755,C8-e003Coalescence-mBHI-p5,102316
29,C_E7_A10_AE_AA_mGAM_mGAM_6_S247,40,1413289,C8-e003Coalescence-mBHI-p5,102316
30,C_E9_E2_AA_AA_mBHI_mGAM_4_S249,59,1403356,C8-e003Coalescence-mBHI-p5,102316
31,C_E11_E4_AE_AA_mBHI_mGAM_4_S251,43,1422885,C8-e003Coalescence-mBHI-p5,102316
32,D_A6_A9_ACPP_AA_mGAM_mBHI_6_S294,43,1440130,C8-e003Coalescence-mBHI-p5,102316
33,D_A7_A10_AE_AA_mGAM_mBHI_6_S295,41,1433602,C8-e003Coalescence-mBHI-p5,102316
34,D_A8_A11_AF_AA_mGAM_mBHI_6_S296,42,1436671,C8-e003Coalescence-mBHI-p5,102316
35,D_A9_E8_AA_AA_mGAM_mBHI_4_S297,39,1437286,C8-e003Coalescence-mBHI-p5,102316
36,D_A12_E11_AF_AA_mGAM_mBHI_4_S300,44,1396823,C8-e003Coalescence-mBHI-p5,102316
37,D_C8_C11_AF_AE_mGAM_mBHI_6_S320,19022,1292174,C8-e003Coalescence-mBHI-p5,102316
38,D_C9_G8_AA_AE_mGAM_mBHI_4_S321,25,1110163,C8-e003Coalescence-mBHI-p5,102316
39,D_C12_G11_AF_AE_mGAM_mBHI_4_S324,19790,1330220,C8-e003Coalescence-mBHI-p5,102316
40,D_D7_D10_AE_AF_mGAM_mBHI_6_S331,19785,1338259,C8-e003Coalescence-mBHI-p5,102316
41,D_D11_H10_AE_AF_mGAM_mBHI_4_S335,19427,1308265,C8-e003Coalescence-mBHI-p5,102316
42,D_E1_A2_AA_AA_mBHI_mGAM_6_S337,53,1436963,C8-e003Coalescence-mBHI-p5,102316
43,D_E3_A4_AE_AA_mBHI_mGAM_6_S339,39,1417311,C8-e003Coalescence-mBHI-p5,102316
44,D_E6_A9_ACPP_AA_mGAM_mGAM_6_S342,52,1303681,C8-e003Coalescence-mBHI-p5,102316
45,D_E7_A10_AE_AA_mGAM_mGAM_6_S343,32,1343749,C8-e003Coalescence-mBHI-p5,102316
46,D_E9_E8_AA_AA_mGAM_mGAM_4_S345,70,1400809,C8-e003Coalescence-mBHI-p5,102316
47,D_E11_E10_AE_AA_mGAM_mGAM_4_S347,42,1397326,C8-e003Coalescence-mBHI-p5,102316
48,D_G1_C2_AA_AE_mBHI_mGAM_6_S361,20,712918,C8-e003Coalescence-mBHI-p5,102316
49,D_H5_D8_AA_AF_mGAM_mGAM_6_S377,3720,1125549,C8-e003Coalescence-mBHI-p5,102316
50,D10-e003Coalescence-mBHI-p3,10559,721454,C8-e003Coalescence-mBHI-p5,102316
51,C2-e003Coalescence-mGAM-p7,2,1453552,C8-e003Coalescence-mBHI-p5,102316
52,D10-e003Coalescence-mBHI-p5,10554,723373,C8-e003Coalescence-mBHI-p5,102316
53,D8-e003Coalescence-mBHI-p5,87,795854,C8-e003Coalescence-mBHI-p5,102316
54,A8-e003Coalescence-mBHI-p7,0,1437763,C8-e003Coalescence-mBHI-p5,102316
55,A10-e003Coalescence-mGAM-p3,7,960054,C8-e003Coalescence-mBHI-p5,102316
56,A8-e003Coalescence-mBHI-p5,4,1099058,C8-e003Coalescence-mBHI-p5,102316
57,A10-e003Coalescence-mBHI-p7,0,1171728,C8-e003Coalescence-mBHI-p5,102316
58,A2-e003Coalescence-mGAM-p5,8,1119246,C8-e003Coalescence-mBHI-p5,102316
59,C8-e003Coalescence-mBHI-p5,0,1251387,C8-e003Coalescence-mBHI-p5,102316
60,A11-e003Coalescence-mBHI-p3,1,1455400,C8-e003Coalescence-mBHI-p5,102316
61,E2-e003Coalescence-mGAM-p7_S145,29,960650,C8-e003Coalescence-mBHI-p5,102316
62,E8-e003Coalescence-mBHI-p5_S5,28,1129168,C8-e003Coalescence-mBHI-p5,102316
63,H111-e003Coalescence-mBHI-p3_S144,18217,1229895,C8-e003Coalescence-mBHI-p5,102316
64,E100-e003Coalescence-mGAM-p3_S155,44,1310955,C8-e003Coalescence-mBHI-p5,102316
65,E111-e003Coalescence-mBHI-p5_S8,73,719187,C8-e003Coalescence-mBHI-p5,102316
66,H100-e003Coalescence-mBHI-p5_S43,14980,1043416,C8-e003Coalescence-mBHI-p5,102316
67,H8-e003Coalescence-mBHI-p7_S137,62,1241668,C8-e003Coalescence-mBHI-p5,102316
68,G8-e003Coalescence-mGAM-p5_S77,58,1348310,C8-e003Coalescence-mBHI-p5,102316
69,H8-e003Coalescence-mBHI-p5_S41,26,797551,C8-e003Coalescence-mBHI-p5,102316
70,E100-e003Coalescence-mBHI-p5_S7,24,890217,C8-e003Coalescence-mBHI-p5,102316
71,E100-e003Coalescence-mGAM-p5_S55,14,809705,C8-e003Coalescence-mBHI-p5,102316
72,H111-e003Coalescence-mBHI-p5_S44,9552,674095,C8-e003Coalescence-mBHI-p5,102316
73,E2-e003Coalescence-mGAM-p3_S57,31,1046865,C8-e003Coalescence-mBHI-p5,102316
74,H100-e003Coalescence-mBHI-p7_S139,18774,1277434,C8-e003Coalescence-mBHI-p5,102316
75,G8-e003Coalescence-mBHI-p5_S29,17,748494,C8-e003Coalescence-mBHI-p5,102316
76,E8-e003Coalescence-mBHI-p3_S105,32,1300226,C8-e003Coalescence-mBHI-p5,102316
77,E8-e003Coalescence-mGAM-p7_S149,71,1417361,C8-e003Coalescence-mBHI-p5,102316
78,H8-e003Coalescence-mGAM-p7_S185,4647,983015,C8-e003Coalescence-mBHI-p5,102316
79,A2-e003Coalescence-Inoculumn-mGAM,21,766653,C8-e003Coalescence-mBHI-p5,102316
80,B8-e003Coalescence-mBHI-p1_S749,78,1268450,C8-e003Coalescence-mBHI-p5,102316
81,A8-e003Coalescence-mBHI-p1_S748,33,1289758,C8-e003Coalescence-mBHI-p5,102316
82,H8-e003Coalescence-mBHI-p1_S815,62,1218424,C8-e003Coalescence-mBHI-p5,102316
83,E8-e003Coalescence-mBHI-p1_S812,45,1401516,C8-e003Coalescence-mBHI-p5,102316
84,G8-e003Coalescence-mGAM-p1_S818,28,827892,C8-e003Coalescence-mBHI-p5,102316
85,D8-e003Coalescence-mGAM-p1_S755,36,701330,C8-e003Coalescence-mBHI-p5,102316
86,A9-e003Coalescence-mBHI-p1_S756,77,1437416,C8-e003Coalescence-mBHI-p5,102316
87,E11-e003Coalescence-mBHI-p1_S836,52,1451168,C8-e003Coalescence-mBHI-p5,102316
88,A10-e003Coalescence-mBHI-p1_S764,24,1193259,C8-e003Coalescence-mBHI-p5,102316
89,A11-e003Coalescence-mBHI-p1_S772,42,1248804,C8-e003Coalescence-mBHI-p5,102316
90,Coalescence-F2-E10-AA-AE-mGAM-mBHI-3_S681,42,1425787,C8-e003Coalescence-mBHI-p5,102316
91,Coalescence-E8-D11-AF-AF-mGAM-mBHI-3_S675,16600,1135698,C8-e003Coalescence-mBHI-p5,102316
92,Coalescence-F10-H8-AA-AF-mGAM-mGAM-3_S689,137,1095751,C8-e003Coalescence-mBHI-p5,102316
93,Coalescence-A10-C11-AE-AF-mGAM-mBHI-7_S629,10085,698926,C8-e003Coalescence-mBHI-p5,102316
94,C_E2_e003Assembly_S242,32,781119,C8-e003Coalescence-mBHI-p5,102316
0,A_A5_A8_AA_AA_mGAM_mBHI_2_S5,72,1417316,A11-e003Coalescence-mBHI-p3,102316
1,A_A8_A11_AF_AA_mGAM_mBHI_2_S8,39,1079879,A11-e003Coalescence-mBHI-p3,102316
2,A_C5_C8_AA_AE_mGAM_mBHI_2_S29,66,1427638,A11-e003Coalescence-mBHI-p3,102316
3,A_D5_D8_AA_AF_mGAM_mBHI_2_S41,54,966462,A11-e003Coalescence-mBHI-p3,102316
4,A_D8_D11_AF_AF_mGAM_mBHI_2_S44,18498,1169381,A11-e003Coalescence-mBHI-p3,102316
5,A_E5_A8_AA_AA_mGAM_mGAM_2_S53,55,1019189,A11-e003Coalescence-mBHI-p3,102316
6,A_E9_A2_AA_AA_mBHI_mGAM_4_S57,67,1413231,A11-e003Coalescence-mBHI-p3,102316
7,A_G1_C2_AA_AE_mBHI_mGAM_2_S73,48,712175,A11-e003Coalescence-mBHI-p3,102316
8,A_G5_C8_AA_AE_mGAM_mGAM_2_S77,99,1416857,A11-e003Coalescence-mBHI-p3,102316
9,A_G9_C2_AA_AE_mBHI_mGAM_4_S81,74,1411062,A11-e003Coalescence-mBHI-p3,102316
10,B_A5_E8_AA_AA_mGAM_mBHI_2_S101,77,1425704,A11-e003Coalescence-mBHI-p3,102316
11,B_A6_E9_ACPP_AA_mGAM_mBHI_2_S102,75,1117375,A11-e003Coalescence-mBHI-p3,102316
12,B_A7_E10_AE_AA_mGAM_mBHI_2_S103,73,1427518,A11-e003Coalescence-mBHI-p3,102316
13,B_A11_A10_AE_AA_mGAM_mBHI_4_S107,68,1383768,A11-e003Coalescence-mBHI-p3,102316
14,B_A12_A11_AF_AA_mGAM_mBHI_4_S108,67,1434911,A11-e003Coalescence-mBHI-p3,102316
15,B_C12_C11_AF_AE_mGAM_mBHI_4_S132,16396,1052319,A11-e003Coalescence-mBHI-p3,102316
16,B_D7_H10_AE_AF_mGAM_mBHI_2_S139,21781,1353892,A11-e003Coalescence-mBHI-p3,102316
17,B_D11_D10_AE_AF_mGAM_mBHI_4_S143,19068,1203283,A11-e003Coalescence-mBHI-p3,102316
18,B_E5_E8_AA_AA_mGAM_mGAM_2_S149,47,946657,A11-e003Coalescence-mBHI-p3,102316
19,B_E7_E10_AE_AA_mGAM_mGAM_2_S151,76,1444031,A11-e003Coalescence-mBHI-p3,102316
20,B_E8_E11_AF_AA_mGAM_mGAM_2_S152,40,849793,A11-e003Coalescence-mBHI-p3,102316
21,B_E11_A10_AE_AA_mGAM_mGAM_4_S155,40,1028220,A11-e003Coalescence-mBHI-p3,102316
22,B_G1_G2_AA_AE_mBHI_mGAM_2_S169,71,1033473,A11-e003Coalescence-mBHI-p3,102316
23,B_H5_H8_AA_AF_mGAM_mGAM_2_S185,73,1427983,A11-e003Coalescence-mBHI-p3,102316
24,C_C5_C8_AA_AE_mGAM_mBHI_6_S221,30,977407,A11-e003Coalescence-mBHI-p3,102316
25,C_C8_C11_AF_AE_mGAM_mBHI_6_S224,19337,1218207,A11-e003Coalescence-mBHI-p3,102316
26,C_D5_D8_AA_AF_mGAM_mBHI_6_S233,109,1127572,A11-e003Coalescence-mBHI-p3,102316
27,C_D7_D10_AE_AF_mGAM_mBHI_6_S235,22669,1404179,A11-e003Coalescence-mBHI-p3,102316
28,C_E5_A8_AA_AA_mGAM_mGAM_6_S245,104,1431755,A11-e003Coalescence-mBHI-p3,102316
29,C_E7_A10_AE_AA_mGAM_mGAM_6_S247,71,1413289,A11-e003Coalescence-mBHI-p3,102316
30,C_E9_E2_AA_AA_mBHI_mGAM_4_S249,77,1403356,A11-e003Coalescence-mBHI-p3,102316
31,C_E11_E4_AE_AA_mBHI_mGAM_4_S251,83,1422885,A11-e003Coalescence-mBHI-p3,102316
32,D_A6_A9_ACPP_AA_mGAM_mBHI_6_S294,67,1440130,A11-e003Coalescence-mBHI-p3,102316
33,D_A7_A10_AE_AA_mGAM_mBHI_6_S295,69,1433602,A11-e003Coalescence-mBHI-p3,102316
34,D_A8_A11_AF_AA_mGAM_mBHI_6_S296,67,1436671,A11-e003Coalescence-mBHI-p3,102316
35,D_A9_E8_AA_AA_mGAM_mBHI_4_S297,81,1437286,A11-e003Coalescence-mBHI-p3,102316
36,D_A12_E11_AF_AA_mGAM_mBHI_4_S300,66,1396823,A11-e003Coalescence-mBHI-p3,102316
37,D_C8_C11_AF_AE_mGAM_mBHI_6_S320,20517,1292174,A11-e003Coalescence-mBHI-p3,102316
38,D_C9_G8_AA_AE_mGAM_mBHI_4_S321,48,1110163,A11-e003Coalescence-mBHI-p3,102316
39,D_C12_G11_AF_AE_mGAM_mBHI_4_S324,21376,1330220,A11-e003Coalescence-mBHI-p3,102316
40,D_D7_D10_AE_AF_mGAM_mBHI_6_S331,21416,1338259,A11-e003Coalescence-mBHI-p3,102316
41,D_D11_H10_AE_AF_mGAM_mBHI_4_S335,21066,1308265,A11-e003Coalescence-mBHI-p3,102316
42,D_E1_A2_AA_AA_mBHI_mGAM_6_S337,90,1436963,A11-e003Coalescence-mBHI-p3,102316
43,D_E3_A4_AE_AA_mBHI_mGAM_6_S339,73,1417311,A11-e003Coalescence-mBHI-p3,102316
44,D_E6_A9_ACPP_AA_mGAM_mGAM_6_S342,57,1303681,A11-e003Coalescence-mBHI-p3,102316
45,D_E7_A10_AE_AA_mGAM_mGAM_6_S343,63,1343749,A11-e003Coalescence-mBHI-p3,102316
46,D_E9_E8_AA_AA_mGAM_mGAM_4_S345,121,1400809,A11-e003Coalescence-mBHI-p3,102316
47,D_E11_E10_AE_AA_mGAM_mGAM_4_S347,74,1397326,A11-e003Coalescence-mBHI-p3,102316
48,D_G1_C2_AA_AE_mBHI_mGAM_6_S361,28,712918,A11-e003Coalescence-mBHI-p3,102316
49,D_H5_D8_AA_AF_mGAM_mGAM_6_S377,4135,1125549,A11-e003Coalescence-mBHI-p3,102316
50,D10-e003Coalescence-mBHI-p3,11445,721454,A11-e003Coalescence-mBHI-p3,102316
51,C2-e003Coalescence-mGAM-p7,7,1453552,A11-e003Coalescence-mBHI-p3,102316
52,D10-e003Coalescence-mBHI-p5,11395,723373,A11-e003Coalescence-mBHI-p3,102316
53,D8-e003Coalescence-mBHI-p5,80,795854,A11-e003Coalescence-mBHI-p3,102316
54,A8-e003Coalescence-mBHI-p7,2,1437763,A11-e003Coalescence-mBHI-p3,102316
55,A10-e003Coalescence-mGAM-p3,3,960054,A11-e003Coalescence-mBHI-p3,102316
56,A8-e003Coalescence-mBHI-p5,4,1099058,A11-e003Coalescence-mBHI-p3,102316
57,A10-e003Coalescence-mBHI-p7,0,1171728,A11-e003Coalescence-mBHI-p3,102316
58,A2-e003Coalescence-mGAM-p5,13,1119246,A11-e003Coalescence-mBHI-p3,102316
59,C8-e003Coalescence-mBHI-p5,1,1251387,A11-e003Coalescence-mBHI-p3,102316
60,A11-e003Coalescence-mBHI-p3,0,1455400,A11-e003Coalescence-mBHI-p3,102316
61,E2-e003Coalescence-mGAM-p7_S145,43,960650,A11-e003Coalescence-mBHI-p3,102316
62,E8-e003Coalescence-mBHI-p5_S5,52,1129168,A11-e003Coalescence-mBHI-p3,102316
63,H111-e003Coalescence-mBHI-p3_S144,19727,1229895,A11-e003Coalescence-mBHI-p3,102316
64,E100-e003Coalescence-mGAM-p3_S155,53,1310955,A11-e003Coalescence-mBHI-p3,102316
65,E111-e003Coalescence-mBHI-p5_S8,68,719187,A11-e003Coalescence-mBHI-p3,102316
66,H100-e003Coalescence-mBHI-p5_S43,16226,1043416,A11-e003Coalescence-mBHI-p3,102316
67,H8-e003Coalescence-mBHI-p7_S137,61,1241668,A11-e003Coalescence-mBHI-p3,102316
68,G8-e003Coalescence-mGAM-p5_S77,81,1348310,A11-e003Coalescence-mBHI-p3,102316
69,H8-e003Coalescence-mBHI-p5_S41,28,797551,A11-e003Coalescence-mBHI-p3,102316
70,E100-e003Coalescence-mBHI-p5_S7,35,890217,A11-e003Coalescence-mBHI-p3,102316
71,E100-e003Coalescence-mGAM-p5_S55,20,809705,A11-e003Coalescence-mBHI-p3,102316
72,H111-e003Coalescence-mBHI-p5_S44,10307,674095,A11-e003Coalescence-mBHI-p3,102316
73,E2-e003Coalescence-mGAM-p3_S57,47,1046865,A11-e003Coalescence-mBHI-p3,102316
74,H100-e003Coalescence-mBHI-p7_S139,20286,1277434,A11-e003Coalescence-mBHI-p3,102316
75,G8-e003Coalescence-mBHI-p5_S29,24,748494,A11-e003Coalescence-mBHI-p3,102316
76,E8-e003Coalescence-mBHI-p3_S105,51,1300226,A11-e003Coalescence-mBHI-p3,102316
77,E8-e003Coalescence-mGAM-p7_S149,120,1417361,A11-e003Coalescence-mBHI-p3,102316
78,H8-e003Coalescence-mGAM-p7_S185,5094,983015,A11-e003Coalescence-mBHI-p3,102316
79,A2-e003Coalescence-Inoculumn-mGAM,27,766653,A11-e003Coalescence-mBHI-p3,102316
80,B8-e003Coalescence-mBHI-p1_S749,116,1268450,A11-e003Coalescence-mBHI-p3,102316
81,A8-e003Coalescence-mBHI-p1_S748,46,1289758,A11-e003Coalescence-mBHI-p3,102316
82,H8-e003Coalescence-mBHI-p1_S815,64,1218424,A11-e003Coalescence-mBHI-p3,102316
83,E8-e003Coalescence-mBHI-p1_S812,70,1401516,A11-e003Coalescence-mBHI-p3,102316
84,G8-e003Coalescence-mGAM-p1_S818,39,827892,A11-e003Coalescence-mBHI-p3,102316
85,D8-e003Coalescence-mGAM-p1_S755,34,701330,A11-e003Coalescence-mBHI-p3,102316
86,A9-e003Coalescence-mBHI-p1_S756,136,1437416,A11-e003Coalescence-mBHI-p3,102316
87,E11-e003Coalescence-mBHI-p1_S836,73,1451168,A11-e003Coalescence-mBHI-p3,102316
88,A10-e003Coalescence-mBHI-p1_S764,36,1193259,A11-e003Coalescence-mBHI-p3,102316
89,A11-e003Coalescence-mBHI-p1_S772,56,1248804,A11-e003Coalescence-mBHI-p3,102316
90,Coalescence-F2-E10-AA-AE-mGAM-mBHI-3_S681,73,1425787,A11-e003Coalescence-mBHI-p3,102316
91,Coalescence-E8-D11-AF-AF-mGAM-mBHI-3_S675,17887,1135698,A11-e003Coalescence-mBHI-p3,102316
92,Coalescence-F10-H8-AA-AF-mGAM-mGAM-3_S689,150,1095751,A11-e003Coalescence-mBHI-p3,102316
93,Coalescence-A10-C11-AE-AF-mGAM-mBHI-7_S629,10751,698926,A11-e003Coalescence-mBHI-p3,102316
94,C_E2_e003Assembly_S242,39,781119,A11-e003Coalescence-mBHI-p3,102316
0,A_A5_A8_AA_AA_mGAM_mBHI_2_S5,10,1417316,E2-e003Coalescence-mGAM-p7_S145,102316
1,A_A8_A11_AF_AA_mGAM_mBHI_2_S8,9,1079879,E2-e003Coalescence-mGAM-p7_S145,102316
2,A_C5_C8_AA_AE_mGAM_mBHI_2_S29,3,1427638,E2-e003Coalescence-mGAM-p7_S145,102316
3,A_D5_D8_AA_AF_mGAM_mBHI_2_S41,17,966462,E2-e003Coalescence-mGAM-p7_S145,102316
4,A_D8_D11_AF_AF_mGAM_mBHI_2_S44,12752,1169381,E2-e003Coalescence-mGAM-p7_S145,102316
5,A_E5_A8_AA_AA_mGAM_mGAM_2_S53,16,1019189,E2-e003Coalescence-mGAM-p7_S145,102316
6,A_E9_A2_AA_AA_mBHI_mGAM_4_S57,6,1413231,E2-e003Coalescence-mGAM-p7_S145,102316
7,A_G1_C2_AA_AE_mBHI_mGAM_2_S73,10,712175,E2-e003Coalescence-mGAM-p7_S145,102316
8,A_G5_C8_AA_AE_mGAM_mGAM_2_S77,30,1416857,E2-e003Coalescence-mGAM-p7_S145,102316
9,A_G9_C2_AA_AE_mBHI_mGAM_4_S81,3,1411062,E2-e003Coalescence-mGAM-p7_S145,102316
10,B_A5_E8_AA_AA_mGAM_mBHI_2_S101,3,1425704,E2-e003Coalescence-mGAM-p7_S145,102316
11,B_A6_E9_ACPP_AA_mGAM_mBHI_2_S102,6,1117375,E2-e003Coalescence-mGAM-p7_S145,102316
12,B_A7_E10_AE_AA_mGAM_mBHI_2_S103,4,1427518,E2-e003Coalescence-mGAM-p7_S145,102316
13,B_A11_A10_AE_AA_mGAM_mBHI_4_S107,16,1383768,E2-e003Coalescence-mGAM-p7_S145,102316
14,B_A12_A11_AF_AA_mGAM_mBHI_4_S108,13,1434911,E2-e003Coalescence-mGAM-p7_S145,102316
15,B_C12_C11_AF_AE_mGAM_mBHI_4_S132,11530,1052319,E2-e003Coalescence-mGAM-p7_S145,102316
16,B_D7_H10_AE_AF_mGAM_mBHI_2_S139,14910,1353892,E2-e003Coalescence-mGAM-p7_S145,102316
17,B_D11_D10_AE_AF_mGAM_mBHI_4_S143,13143,1203283,E2-e003Coalescence-mGAM-p7_S145,102316
18,B_E5_E8_AA_AA_mGAM_mGAM_2_S149,19,946657,E2-e003Coalescence-mGAM-p7_S145,102316
19,B_E7_E10_AE_AA_mGAM_mGAM_2_S151,17,1444031,E2-e003Coalescence-mGAM-p7_S145,102316
20,B_E8_E11_AF_AA_mGAM_mGAM_2_S152,23,849793,E2-e003Coalescence-mGAM-p7_S145,102316
21,B_E11_A10_AE_AA_mGAM_mGAM_4_S155,5,1028220,E2-e003Coalescence-mGAM-p7_S145,102316
22,B_G1_G2_AA_AE_mBHI_mGAM_2_S169,12,1033473,E2-e003Coalescence-mGAM-p7_S145,102316
23,B_H5_H8_AA_AF_mGAM_mGAM_2_S185,17,1427983,E2-e003Coalescence-mGAM-p7_S145,102316
24,C_C5_C8_AA_AE_mGAM_mBHI_6_S221,5,977407,E2-e003Coalescence-mGAM-p7_S145,102316
25,C_C8_C11_AF_AE_mGAM_mBHI_6_S224,13344,1218207,E2-e003Coalescence-mGAM-p7_S145,102316
26,C_D5_D8_AA_AF_mGAM_mBHI_6_S233,58,1127572,E2-e003Coalescence-mGAM-p7_S145,102316
27,C_D7_D10_AE_AF_mGAM_mBHI_6_S235,15468,1404179,E2-e003Coalescence-mGAM-p7_S145,102316
28,C_E5_A8_AA_AA_mGAM_mGAM_6_S245,30,1431755,E2-e003Coalescence-mGAM-p7_S145,102316
29,C_E7_A10_AE_AA_mGAM_mGAM_6_S247,9,1413289,E2-e003Coalescence-mGAM-p7_S145,102316
30,C_E9_E2_AA_AA_mBHI_mGAM_4_S249,2,1403356,E2-e003Coalescence-mGAM-p7_S145,102316
31,C_E11_E4_AE_AA_mBHI_mGAM_4_S251,2,1422885,E2-e003Coalescence-mGAM-p7_S145,102316
32,D_A6_A9_ACPP_AA_mGAM_mBHI_6_S294,3,1440130,E2-e003Coalescence-mGAM-p7_S145,102316
33,D_A7_A10_AE_AA_mGAM_mBHI_6_S295,5,1433602,E2-e003Coalescence-mGAM-p7_S145,102316
34,D_A8_A11_AF_AA_mGAM_mBHI_6_S296,5,1436671,E2-e003Coalescence-mGAM-p7_S145,102316
35,D_A9_E8_AA_AA_mGAM_mBHI_4_S297,8,1437286,E2-e003Coalescence-mGAM-p7_S145,102316
36,D_A12_E11_AF_AA_mGAM_mBHI_4_S300,10,1396823,E2-e003Coalescence-mGAM-p7_S145,102316
37,D_C8_C11_AF_AE_mGAM_mBHI_6_S320,14144,1292174,E2-e003Coalescence-mGAM-p7_S145,102316
38,D_C9_G8_AA_AE_mGAM_mBHI_4_S321,2,1110163,E2-e003Coalescence-mGAM-p7_S145,102316
39,D_C12_G11_AF_AE_mGAM_mBHI_4_S324,14633,1330220,E2-e003Coalescence-mGAM-p7_S145,102316
40,D_D7_D10_AE_AF_mGAM_mBHI_6_S331,14627,1338259,E2-e003Coalescence-mGAM-p7_S145,102316
41,D_D11_H10_AE_AF_mGAM_mBHI_4_S335,14426,1308265,E2-e003Coalescence-mGAM-p7_S145,102316
42,D_E1_A2_AA_AA_mBHI_mGAM_6_S337,2,1436963,E2-e003Coalescence-mGAM-p7_S145,102316
43,D_E3_A4_AE_AA_mBHI_mGAM_6_S339,2,1417311,E2-e003Coalescence-mGAM-p7_S145,102316
44,D_E6_A9_ACPP_AA_mGAM_mGAM_6_S342,15,1303681,E2-e003Coalescence-mGAM-p7_S145,102316
45,D_E7_A10_AE_AA_mGAM_mGAM_6_S343,3,1343749,E2-e003Coalescence-mGAM-p7_S145,102316
46,D_E9_E8_AA_AA_mGAM_mGAM_4_S345,42,1400809,E2-e003Coalescence-mGAM-p7_S145,102316
47,D_E11_E10_AE_AA_mGAM_mGAM_4_S347,8,1397326,E2-e003Coalescence-mGAM-p7_S145,102316
48,D_G1_C2_AA_AE_mBHI_mGAM_6_S361,1,712918,E2-e003Coalescence-mGAM-p7_S145,102316
49,D_H5_D8_AA_AF_mGAM_mGAM_6_S377,2734,1125549,E2-e003Coalescence-mGAM-p7_S145,102316
50,D10-e003Coalescence-mBHI-p3,7975,721454,E2-e003Coalescence-mGAM-p7_S145,102316
51,C2-e003Coalescence-mGAM-p7,38,1453552,E2-e003Coalescence-mGAM-p7_S145,102316
52,D10-e003Coalescence-mBHI-p5,7854,723373,E2-e003Coalescence-mGAM-p7_S145,102316
53,D8-e003Coalescence-mBHI-p5,65,795854,E2-e003Coalescence-mGAM-p7_S145,102316
54,A8-e003Coalescence-mBHI-p7,38,1437763,E2-e003Coalescence-mGAM-p7_S145,102316
55,A10-e003Coalescence-mGAM-p3,30,960054,E2-e003Coalescence-mGAM-p7_S145,102316
56,A8-e003Coalescence-mBHI-p5,24,1099058,E2-e003Coalescence-mGAM-p7_S145,102316
57,A10-e003Coalescence-mBHI-p7,25,1171728,E2-e003Coalescence-mGAM-p7_S145,102316
58,A2-e003Coalescence-mGAM-p5,24,1119246,E2-e003Coalescence-mGAM-p7_S145,102316
59,C8-e003Coalescence-mBHI-p5,29,1251387,E2-e003Coalescence-mGAM-p7_S145,102316
60,A11-e003Coalescence-mBHI-p3,43,1455400,E2-e003Coalescence-mGAM-p7_S145,102316
61,E2-e003Coalescence-mGAM-p7_S145,0,960650,E2-e003Coalescence-mGAM-p7_S145,102316
62,E8-e003Coalescence-mBHI-p5_S5,7,1129168,E2-e003Coalescence-mGAM-p7_S145,102316
63,H111-e003Coalescence-mBHI-p3_S144,13583,1229895,E2-e003Coalescence-mGAM-p7_S145,102316
64,E100-e003Coalescence-mGAM-p3_S155,5,1310955,E2-e003Coalescence-mGAM-p7_S145,102316
65,E111-e003Coalescence-mBHI-p5_S8,29,719187,E2-e003Coalescence-mGAM-p7_S145,102316
66,H100-e003Coalescence-mBHI-p5_S43,11298,1043416,E2-e003Coalescence-mGAM-p7_S145,102316
67,H8-e003Coalescence-mBHI-p7_S137,12,1241668,E2-e003Coalescence-mGAM-p7_S145,102316
68,G8-e003Coalescence-mGAM-p5_S77,16,1348310,E2-e003Coalescence-mGAM-p7_S145,102316
69,H8-e003Coalescence-mBHI-p5_S41,10,797551,E2-e003Coalescence-mGAM-p7_S145,102316
70,E100-e003Coalescence-mBHI-p5_S7,2,890217,E2-e003Coalescence-mGAM-p7_S145,102316
71,E100-e003Coalescence-mGAM-p5_S55,3,809705,E2-e003Coalescence-mGAM-p7_S145,102316
72,H111-e003Coalescence-mBHI-p5_S44,7276,674095,E2-e003Coalescence-mGAM-p7_S145,102316
73,E2-e003Coalescence-mGAM-p3_S57,0,1046865,E2-e003Coalescence-mGAM-p7_S145,102316
74,H100-e003Coalescence-mBHI-p7_S139,13831,1277434,E2-e003Coalescence-mGAM-p7_S145,102316
75,G8-e003Coalescence-mBHI-p5_S29,3,748494,E2-e003Coalescence-mGAM-p7_S145,102316
76,E8-e003Coalescence-mBHI-p3_S105,9,1300226,E2-e003Coalescence-mGAM-p7_S145,102316
77,E8-e003Coalescence-mGAM-p7_S149,36,1417361,E2-e003Coalescence-mGAM-p7_S145,102316
78,H8-e003Coalescence-mGAM-p7_S185,3427,983015,E2-e003Coalescence-mGAM-p7_S145,102316
79,A2-e003Coalescence-Inoculumn-mGAM,44,766653,E2-e003Coalescence-mGAM-p7_S145,102316
80,B8-e003Coalescence-mBHI-p1_S749,51,1268450,E2-e003Coalescence-mGAM-p7_S145,102316
81,A8-e003Coalescence-mBHI-p1_S748,9,1289758,E2-e003Coalescence-mGAM-p7_S145,102316
82,H8-e003Coalescence-mBHI-p1_S815,21,1218424,E2-e003Coalescence-mGAM-p7_S145,102316
83,E8-e003Coalescence-mBHI-p1_S812,8,1401516,E2-e003Coalescence-mGAM-p7_S145,102316
84,G8-e003Coalescence-mGAM-p1_S818,22,827892,E2-e003Coalescence-mGAM-p7_S145,102316
85,D8-e003Coalescence-mGAM-p1_S755,29,701330,E2-e003Coalescence-mGAM-p7_S145,102316
86,A9-e003Coalescence-mBHI-p1_S756,51,1437416,E2-e003Coalescence-mGAM-p7_S145,102316
87,E11-e003Coalescence-mBHI-p1_S836,18,1451168,E2-e003Coalescence-mGAM-p7_S145,102316
88,A10-e003Coalescence-mBHI-p1_S764,4,1193259,E2-e003Coalescence-mGAM-p7_S145,102316
89,A11-e003Coalescence-mBHI-p1_S772,30,1248804,E2-e003Coalescence-mGAM-p7_S145,102316
90,Coalescence-F2-E10-AA-AE-mGAM-mBHI-3_S681,7,1425787,E2-e003Coalescence-mGAM-p7_S145,102316
91,Coalescence-E8-D11-AF-AF-mGAM-mBHI-3_S675,12431,1135698,E2-e003Coalescence-mGAM-p7_S145,102316
92,Coalescence-F10-H8-AA-AF-mGAM-mGAM-3_S689,69,1095751,E2-e003Coalescence-mGAM-p7_S145,102316
93,Coalescence-A10-C11-AE-AF-mGAM-mBHI-7_S629,7580,698926,E2-e003Coalescence-mGAM-p7_S145,102316
94,C_E2_e003Assembly_S242,30,781119,E2-e003Coalescence-mGAM-p7_S145,102316
0,A_A5_A8_AA_AA_mGAM_mBHI_2_S5,10,1417316,E8-e003Coalescence-mBHI-p5_S5,102316
1,A_A8_A11_AF_AA_mGAM_mBHI_2_S8,9,1079879,E8-e003Coalescence-mBHI-p5_S5,102316
2,A_C5_C8_AA_AE_mGAM_mBHI_2_S29,2,1427638,E8-e003Coalescence-mBHI-p5_S5,102316
3,A_D5_D8_AA_AF_mGAM_mBHI_2_S41,13,966462,E8-e003Coalescence-mBHI-p5_S5,102316
4,A_D8_D11_AF_AF_mGAM_mBHI_2_S44,15118,1169381,E8-e003Coalescence-mBHI-p5_S5,102316
5,A_E5_A8_AA_AA_mGAM_mGAM_2_S53,17,1019189,E8-e003Coalescence-mBHI-p5_S5,102316
6,A_E9_A2_AA_AA_mBHI_mGAM_4_S57,15,1413231,E8-e003Coalescence-mBHI-p5_S5,102316
7,A_G1_C2_AA_AE_mBHI_mGAM_2_S73,26,712175,E8-e003Coalescence-mBHI-p5_S5,102316
8,A_G5_C8_AA_AE_mGAM_mGAM_2_S77,39,1416857,E8-e003Coalescence-mBHI-p5_S5,102316
9,A_G9_C2_AA_AE_mBHI_mGAM_4_S81,10,1411062,E8-e003Coalescence-mBHI-p5_S5,102316
10,B_A5_E8_AA_AA_mGAM_mBHI_2_S101,0,1425704,E8-e003Coalescence-mBHI-p5_S5,102316
11,B_A6_E9_ACPP_AA_mGAM_mBHI_2_S102,9,1117375,E8-e003Coalescence-mBHI-p5_S5,102316
12,B_A7_E10_AE_AA_mGAM_mBHI_2_S103,0,1427518,E8-e003Coalescence-mBHI-p5_S5,102316
13,B_A11_A10_AE_AA_mGAM_mBHI_4_S107,7,1383768,E8-e003Coalescence-mBHI-p5_S5,102316
14,B_A12_A11_AF_AA_mGAM_mBHI_4_S108,9,1434911,E8-e003Coalescence-mBHI-p5_S5,102316
15,B_C12_C11_AF_AE_mGAM_mBHI_4_S132,13581,1052319,E8-e003Coalescence-mBHI-p5_S5,102316
16,B_D7_H10_AE_AF_mGAM_mBHI_2_S139,17755,1353892,E8-e003Coalescence-mBHI-p5_S5,102316
17,B_D11_D10_AE_AF_mGAM_mBHI_4_S143,15660,1203283,E8-e003Coalescence-mBHI-p5_S5,102316
18,B_E5_E8_AA_AA_mGAM_mGAM_2_S149,19,946657,E8-e003Coalescence-mBHI-p5_S5,102316
19,B_E7_E10_AE_AA_mGAM_mGAM_2_S151,19,1444031,E8-e003Coalescence-mBHI-p5_S5,102316
20,B_E8_E11_AF_AA_mGAM_mGAM_2_S152,16,849793,E8-e003Coalescence-mBHI-p5_S5,102316
21,B_E11_A10_AE_AA_mGAM_mGAM_4_S155,3,1028220,E8-e003Coalescence-mBHI-p5_S5,102316
22,B_G1_G2_AA_AE_mBHI_mGAM_2_S169,41,1033473,E8-e003Coalescence-mBHI-p5_S5,102316
23,B_H5_H8_AA_AF_mGAM_mGAM_2_S185,17,1427983,E8-e003Coalescence-mBHI-p5_S5,102316
24,C_C5_C8_AA_AE_mGAM_mBHI_6_S221,2,977407,E8-e003Coalescence-mBHI-p5_S5,102316
25,C_C8_C11_AF_AE_mGAM_mBHI_6_S224,15853,1218207,E8-e003Coalescence-mBHI-p5_S5,102316
26,C_D5_D8_AA_AF_mGAM_mBHI_6_S233,69,1127572,E8-e003Coalescence-mBHI-p5_S5,102316
27,C_D7_D10_AE_AF_mGAM_mBHI_6_S235,18475,1404179,E8-e003Coalescence-mBHI-p5_S5,102316
28,C_E5_A8_AA_AA_mGAM_mGAM_6_S245,30,1431755,E8-e003Coalescence-mBHI-p5_S5,102316
29,C_E7_A10_AE_AA_mGAM_mGAM_6_S247,3,1413289,E8-e003Coalescence-mBHI-p5_S5,102316
30,C_E9_E2_AA_AA_mBHI_mGAM_4_S249,11,1403356,E8-e003Coalescence-mBHI-p5_S5,102316
31,C_E11_E4_AE_AA_mBHI_mGAM_4_S251,10,1422885,E8-e003Coalescence-mBHI-p5_S5,102316
32,D_A6_A9_ACPP_AA_mGAM_mBHI_6_S294,1,1440130,E8-e003Coalescence-mBHI-p5_S5,102316
33,D_A7_A10_AE_AA_mGAM_mBHI_6_S295,0,1433602,E8-e003Coalescence-mBHI-p5_S5,102316
34,D_A8_A11_AF_AA_mGAM_mBHI_6_S296,10,1436671,E8-e003Coalescence-mBHI-p5_S5,102316
35,D_A9_E8_AA_AA_mGAM_mBHI_4_S297,1,1437286,E8-e003Coalescence-mBHI-p5_S5,102316
36,D_A12_E11_AF_AA_mGAM_mBHI_4_S300,10,1396823,E8-e003Coalescence-mBHI-p5_S5,102316
37,D_C8_C11_AF_AE_mGAM_mBHI_6_S320,16767,1292174,E8-e003Coalescence-mBHI-p5_S5,102316
38,D_C9_G8_AA_AE_mGAM_mBHI_4_S321,0,1110163,E8-e003Coalescence-mBHI-p5_S5,102316
39,D_C12_G11_AF_AE_mGAM_mBHI_4_S324,17431,1330220,E8-e003Coalescence-mBHI-p5_S5,102316
40,D_D7_D10_AE_AF_mGAM_mBHI_6_S331,17474,1338259,E8-e003Coalescence-mBHI-p5_S5,102316
41,D_D11_H10_AE_AF_mGAM_mBHI_4_S335,17167,1308265,E8-e003Coalescence-mBHI-p5_S5,102316
42,D_E1_A2_AA_AA_mBHI_mGAM_6_S337,2,1436963,E8-e003Coalescence-mBHI-p5_S5,102316
43,D_E3_A4_AE_AA_mBHI_mGAM_6_S339,8,1417311,E8-e003Coalescence-mBHI-p5_S5,102316
44,D_E6_A9_ACPP_AA_mGAM_mGAM_6_S342,19,1303681,E8-e003Coalescence-mBHI-p5_S5,102316
45,D_E7_A10_AE_AA_mGAM_mGAM_6_S343,6,1343749,E8-e003Coalescence-mBHI-p5_S5,102316
46,D_E9_E8_AA_AA_mGAM_mGAM_4_S345,47,1400809,E8-e003Coalescence-mBHI-p5_S5,102316
47,D_E11_E10_AE_AA_mGAM_mGAM_4_S347,8,1397326,E8-e003Coalescence-mBHI-p5_S5,102316
48,D_G1_C2_AA_AE_mBHI_mGAM_6_S361,5,712918,E8-e003Coalescence-mBHI-p5_S5,102316
49,D_H5_D8_AA_AF_mGAM_mGAM_6_S377,3236,1125549,E8-e003Coalescence-mBHI-p5_S5,102316
50,D10-e003Coalescence-mBHI-p3,9380,721454,E8-e003Coalescence-mBHI-p5_S5,102316
51,C2-e003Coalescence-mGAM-p7,48,1453552,E8-e003Coalescence-mBHI-p5_S5,102316
52,D10-e003Coalescence-mBHI-p5,9288,723373,E8-e003Coalescence-mBHI-p5_S5,102316
53,D8-e003Coalescence-mBHI-p5,67,795854,E8-e003Coalescence-mBHI-p5_S5,102316
54,A8-e003Coalescence-mBHI-p7,44,1437763,E8-e003Coalescence-mBHI-p5_S5,102316
55,A10-e003Coalescence-mGAM-p3,28,960054,E8-e003Coalescence-mBHI-p5_S5,102316
56,A8-e003Coalescence-mBHI-p5,26,1099058,E8-e003Coalescence-mBHI-p5_S5,102316
57,A10-e003Coalescence-mBHI-p7,37,1171728,E8-e003Coalescence-mBHI-p5_S5,102316
58,A2-e003Coalescence-mGAM-p5,32,1119246,E8-e003Coalescence-mBHI-p5_S5,102316
59,C8-e003Coalescence-mBHI-p5,28,1251387,E8-e003Coalescence-mBHI-p5_S5,102316
60,A11-e003Coalescence-mBHI-p3,52,1455400,E8-e003Coalescence-mBHI-p5_S5,102316
61,E2-e003Coalescence-mGAM-p7_S145,7,960650,E8-e003Coalescence-mBHI-p5_S5,102316
62,E8-e003Coalescence-mBHI-p5_S5,0,1129168,E8-e003Coalescence-mBHI-p5_S5,102316
63,H111-e003Coalescence-mBHI-p3_S144,16105,1229895,E8-e003Coalescence-mBHI-p5_S5,102316
64,E100-e003Coalescence-mGAM-p3_S155,13,1310955,E8-e003Coalescence-mBHI-p5_S5,102316
65,E111-e003Coalescence-mBHI-p5_S8,35,719187,E8-e003Coalescence-mBHI-p5_S5,102316
66,H100-e003Coalescence-mBHI-p5_S43,13407,1043416,E8-e003Coalescence-mBHI-p5_S5,102316
67,H8-e003Coalescence-mBHI-p7_S137,9,1241668,E8-e003Coalescence-mBHI-p5_S5,102316
68,G8-e003Coalescence-mGAM-p5_S77,25,1348310,E8-e003Coalescence-mBHI-p5_S5,102316
69,H8-e003Coalescence-mBHI-p5_S41,11,797551,E8-e003Coalescence-mBHI-p5_S5,102316
70,E100-e003Coalescence-mBHI-p5_S7,1,890217,E8-e003Coalescence-mBHI-p5_S5,102316
71,E100-e003Coalescence-mGAM-p5_S55,1,809705,E8-e003Coalescence-mBHI-p5_S5,102316
72,H111-e003Coalescence-mBHI-p5_S44,8591,674095,E8-e003Coalescence-mBHI-p5_S5,102316
73,E2-e003Coalescence-mGAM-p3_S57,2,1046865,E8-e003Coalescence-mBHI-p5_S5,102316
74,H100-e003Coalescence-mBHI-p7_S139,16544,1277434,E8-e003Coalescence-mBHI-p5_S5,102316
75,G8-e003Coalescence-mBHI-p5_S29,1,748494,E8-e003Coalescence-mBHI-p5_S5,102316
76,E8-e003Coalescence-mBHI-p3_S105,5,1300226,E8-e003Coalescence-mBHI-p5_S5,102316
77,E8-e003Coalescence-mGAM-p7_S149,29,1417361,E8-e003Coalescence-mBHI-p5_S5,102316
78,H8-e003Coalescence-mGAM-p7_S185,4078,983015,E8-e003Coalescence-mBHI-p5_S5,102316
79,A2-e003Coalescence-Inoculumn-mGAM,49,766653,E8-e003Coalescence-mBHI-p5_S5,102316
80,B8-e003Coalescence-mBHI-p1_S749,47,1268450,E8-e003Coalescence-mBHI-p5_S5,102316
81,A8-e003Coalescence-mBHI-p1_S748,2,1289758,E8-e003Coalescence-mBHI-p5_S5,102316
82,H8-e003Coalescence-mBHI-p1_S815,21,1218424,E8-e003Coalescence-mBHI-p5_S5,102316
83,E8-e003Coalescence-mBHI-p1_S812,3,1401516,E8-e003Coalescence-mBHI-p5_S5,102316
84,G8-e003Coalescence-mGAM-p1_S818,13,827892,E8-e003Coalescence-mBHI-p5_S5,102316
85,D8-e003Coalescence-mGAM-p1_S755,31,701330,E8-e003Coalescence-mBHI-p5_S5,102316
86,A9-e003Coalescence-mBHI-p1_S756,54,1437416,E8-e003Coalescence-mBHI-p5_S5,102316
87,E11-e003Coalescence-mBHI-p1_S836,11,1451168,E8-e003Coalescence-mBHI-p5_S5,102316
88,A10-e003Coalescence-mBHI-p1_S764,0,1193259,E8-e003Coalescence-mBHI-p5_S5,102316
89,A11-e003Coalescence-mBHI-p1_S772,14,1248804,E8-e003Coalescence-mBHI-p5_S5,102316
90,Coalescence-F2-E10-AA-AE-mGAM-mBHI-3_S681,0,1425787,E8-e003Coalescence-mBHI-p5_S5,102316
91,Coalescence-E8-D11-AF-AF-mGAM-mBHI-3_S675,14690,1135698,E8-e003Coalescence-mBHI-p5_S5,102316
92,Coalescence-F10-H8-AA-AF-mGAM-mGAM-3_S689,96,1095751,E8-e003Coalescence-mBHI-p5_S5,102316
93,Coalescence-A10-C11-AE-AF-mGAM-mBHI-7_S629,8857,698926,E8-e003Coalescence-mBHI-p5_S5,102316
94,C_E2_e003Assembly_S242,19,781119,E8-e003Coalescence-mBHI-p5_S5,102316
0,A_A5_A8_AA_AA_mGAM_mBHI_2_S5,20671,1417316,H111-e003Coalescence-mBHI-p3_S144,102316
1,A_A8_A11_AF_AA_mGAM_mBHI_2_S8,12883,1079879,H111-e003Coalescence-mBHI-p3_S144,102316
2,A_C5_C8_AA_AE_mGAM_mBHI_2_S29,20720,1427638,H111-e003Coalescence-mBHI-p3_S144,102316
3,A_D5_D8_AA_AF_mGAM_mBHI_2_S41,9737,966462,H111-e003Coalescence-mBHI-p3_S144,102316
4,A_D8_D11_AF_AF_mGAM_mBHI_2_S44,2,1169381,H111-e003Coalescence-mBHI-p3_S144,102316
5,A_E5_A8_AA_AA_mGAM_mGAM_2_S53,14642,1019189,H111-e003Coalescence-mBHI-p3_S144,102316
6,A_E9_A2_AA_AA_mBHI_mGAM_4_S57,20564,1413231,H111-e003Coalescence-mBHI-p3_S144,102316
7,A_G1_C2_AA_AE_mBHI_mGAM_2_S73,9930,712175,H111-e003Coalescence-mBHI-p3_S144,102316
8,A_G5_C8_AA_AE_mGAM_mGAM_2_S77,20531,1416857,H111-e003Coalescence-mBHI-p3_S144,102316
9,A_G9_C2_AA_AE_mBHI_mGAM_4_S81,20204,1411062,H111-e003Coalescence-mBHI-p3_S144,102316
10,B_A5_E8_AA_AA_mGAM_mBHI_2_S101,20737,1425704,H111-e003Coalescence-mBHI-p3_S144,102316
11,B_A6_E9_ACPP_AA_mGAM_mBHI_2_S102,16079,1117375,H111-e003Coalescence-mBHI-p3_S144,102316
12,B_A7_E10_AE_AA_mGAM_mBHI_2_S103,20842,1427518,H111-e003Coalescence-mBHI-p3_S144,102316
13,B_A11_A10_AE_AA_mGAM_mBHI_4_S107,20085,1383768,H111-e003Coalescence-mBHI-p3_S144,102316
14,B_A12_A11_AF_AA_mGAM_mBHI_4_S108,17503,1434911,H111-e003Coalescence-mBHI-p3_S144,102316
15,B_C12_C11_AF_AE_mGAM_mBHI_4_S132,1,1052319,H111-e003Coalescence-mBHI-p3_S144,102316
16,B_D7_H10_AE_AF_mGAM_mBHI_2_S139,7,1353892,H111-e003Coalescence-mBHI-p3_S144,102316
17,B_D11_D10_AE_AF_mGAM_mBHI_4_S143,16,1203283,H111-e003Coalescence-mBHI-p3_S144,102316
18,B_E5_E8_AA_AA_mGAM_mGAM_2_S149,13250,946657,H111-e003Coalescence-mBHI-p3_S144,102316
19,B_E7_E10_AE_AA_mGAM_mGAM_2_S151,20932,1444031,H111-e003Coalescence-mBHI-p3_S144,102316
20,B_E8_E11_AF_AA_mGAM_mGAM_2_S152,10032,849793,H111-e003Coalescence-mBHI-p3_S144,102316
21,B_E11_A10_AE_AA_mGAM_mGAM_4_S155,14735,1028220,H111-e003Coalescence-mBHI-p3_S144,102316
22,B_G1_G2_AA_AE_mBHI_mGAM_2_S169,14784,1033473,H111-e003Coalescence-mBHI-p3_S144,102316
23,B_H5_H8_AA_AF_mGAM_mGAM_2_S185,15776,1427983,H111-e003Coalescence-mBHI-p3_S144,102316
24,C_C5_C8_AA_AE_mGAM_mBHI_6_S221,13927,977407,H111-e003Coalescence-mBHI-p3_S144,102316
25,C_C8_C11_AF_AE_mGAM_mBHI_6_S224,11,1218207,H111-e003Coalescence-mBHI-p3_S144,102316
26,C_D5_D8_AA_AF_mGAM_mBHI_6_S233,9577,1127572,H111-e003Coalescence-mBHI-p3_S144,102316
27,C_D7_D10_AE_AF_mGAM_mBHI_6_S235,22,1404179,H111-e003Coalescence-mBHI-p3_S144,102316
28,C_E5_A8_AA_AA_mGAM_mGAM_6_S245,20819,1431755,H111-e003Coalescence-mBHI-p3_S144,102316
29,C_E7_A10_AE_AA_mGAM_mGAM_6_S247,20565,1413289,H111-e003Coalescence-mBHI-p3_S144,102316
30,C_E9_E2_AA_AA_mBHI_mGAM_4_S249,20273,1403356,H111-e003Coalescence-mBHI-p3_S144,102316
31,C_E11_E4_AE_AA_mBHI_mGAM_4_S251,20534,1422885,H111-e003Coalescence-mBHI-p3_S144,102316
32,D_A6_A9_ACPP_AA_mGAM_mBHI_6_S294,20986,1440130,H111-e003Coalescence-mBHI-p3_S144,102316
33,D_A7_A10_AE_AA_mGAM_mBHI_6_S295,20948,1433602,H111-e003Coalescence-mBHI-p3_S144,102316
34,D_A8_A11_AF_AA_mGAM_mBHI_6_S296,15758,1436671,H111-e003Coalescence-mBHI-p3_S144,102316
35,D_A9_E8_AA_AA_mGAM_mBHI_4_S297,21032,1437286,H111-e003Coalescence-mBHI-p3_S144,102316
36,D_A12_E11_AF_AA_mGAM_mBHI_4_S300,16561,1396823,H111-e003Coalescence-mBHI-p3_S144,102316
37,D_C8_C11_AF_AE_mGAM_mBHI_6_S320,13,1292174,H111-e003Coalescence-mBHI-p3_S144,102316
38,D_C9_G8_AA_AE_mGAM_mBHI_4_S321,15715,1110163,H111-e003Coalescence-mBHI-p3_S144,102316
39,D_C12_G11_AF_AE_mGAM_mBHI_4_S324,8,1330220,H111-e003Coalescence-mBHI-p3_S144,102316
40,D_D7_D10_AE_AF_mGAM_mBHI_6_S331,15,1338259,H111-e003Coalescence-mBHI-p3_S144,102316
41,D_D11_H10_AE_AF_mGAM_mBHI_4_S335,17,1308265,H111-e003Coalescence-mBHI-p3_S144,102316
42,D_E1_A2_AA_AA_mBHI_mGAM_6_S337,20751,1436963,H111-e003Coalescence-mBHI-p3_S144,102316
43,D_E3_A4_AE_AA_mBHI_mGAM_6_S339,20532,1417311,H111-e003Coalescence-mBHI-p3_S144,102316
44,D_E6_A9_ACPP_AA_mGAM_mGAM_6_S342,18843,1303681,H111-e003Coalescence-mBHI-p3_S144,102316
45,D_E7_A10_AE_AA_mGAM_mGAM_6_S343,19516,1343749,H111-e003Coalescence-mBHI-p3_S144,102316
46,D_E9_E8_AA_AA_mGAM_mGAM_4_S345,20412,1400809,H111-e003Coalescence-mBHI-p3_S144,102316
47,D_E11_E10_AE_AA_mGAM_mGAM_4_S347,20452,1397326,H111-e003Coalescence-mBHI-p3_S144,102316
48,D_G1_C2_AA_AE_mBHI_mGAM_6_S361,9926,712918,H111-e003Coalescence-mBHI-p3_S144,102316
49,D_H5_D8_AA_AF_mGAM_mGAM_6_S377,470,1125549,H111-e003Coalescence-mBHI-p3_S144,102316
50,D10-e003Coalescence-mBHI-p3,52,721454,H111-e003Coalescence-mBHI-p3_S144,102316
51,C2-e003Coalescence-mGAM-p7,21217,1453552,H111-e003Coalescence-mBHI-p3_S144,102316
52,D10-e003Coalescence-mBHI-p5,49,723373,H111-e003Coalescence-mBHI-p3_S144,102316
53,D8-e003Coalescence-mBHI-p5,7581,795854,H111-e003Coalescence-mBHI-p3_S144,102316
54,A8-e003Coalescence-mBHI-p7,21279,1437763,H111-e003Coalescence-mBHI-p3_S144,102316
55,A10-e003Coalescence-mGAM-p3,13940,960054,H111-e003Coalescence-mBHI-p3_S144,102316
56,A8-e003Coalescence-mBHI-p5,16059,1099058,H111-e003Coalescence-mBHI-p3_S144,102316
57,A10-e003Coalescence-mBHI-p7,17101,1171728,H111-e003Coalescence-mBHI-p3_S144,102316
58,A2-e003Coalescence-mGAM-p5,16329,1119246,H111-e003Coalescence-mBHI-p3_S144,102316
59,C8-e003Coalescence-mBHI-p5,18217,1251387,H111-e003Coalescence-mBHI-p3_S144,102316
60,A11-e003Coalescence-mBHI-p3,19727,1455400,H111-e003Coalescence-mBHI-p3_S144,102316
61,E2-e003Coalescence-mGAM-p7_S145,13583,960650,H111-e003Coalescence-mBHI-p3_S144,102316
62,E8-e003Coalescence-mBHI-p5_S5,16105,1129168,H111-e003Coalescence-mBHI-p3_S144,102316
63,H111-e003Coalescence-mBHI-p3_S144,0,1229895,H111-e003Coalescence-mBHI-p3_S144,102316
64,E100-e003Coalescence-mGAM-p3_S155,18863,1310955,H111-e003Coalescence-mBHI-p3_S144,102316
65,E111-e003Coalescence-mBHI-p5_S8,7421,719187,H111-e003Coalescence-mBHI-p3_S144,102316
66,H100-e003Coalescence-mBHI-p5_S43,8,1043416,H111-e003Coalescence-mBHI-p3_S144,102316
67,H8-e003Coalescence-mBHI-p7_S137,16442,1241668,H111-e003Coalescence-mBHI-p3_S144,102316
68,G8-e003Coalescence-mGAM-p5_S77,19364,1348310,H111-e003Coalescence-mBHI-p3_S144,102316
69,H8-e003Coalescence-mBHI-p5_S41,10848,797551,H111-e003Coalescence-mBHI-p3_S144,102316
70,E100-e003Coalescence-mBHI-p5_S7,12337,890217,H111-e003Coalescence-mBHI-p3_S144,102316
71,E100-e003Coalescence-mGAM-p5_S55,11383,809705,H111-e003Coalescence-mBHI-p3_S144,102316
72,H111-e003Coalescence-mBHI-p5_S44,1,674095,H111-e003Coalescence-mBHI-p3_S144,102316
73,E2-e003Coalescence-mGAM-p3_S57,14773,1046865,H111-e003Coalescence-mBHI-p3_S144,102316
74,H100-e003Coalescence-mBHI-p7_S139,12,1277434,H111-e003Coalescence-mBHI-p3_S144,102316
75,G8-e003Coalescence-mBHI-p5_S29,10633,748494,H111-e003Coalescence-mBHI-p3_S144,102316
76,E8-e003Coalescence-mBHI-p3_S105,18789,1300226,H111-e003Coalescence-mBHI-p3_S144,102316
77,E8-e003Coalescence-mGAM-p7_S149,20531,1417361,H111-e003Coalescence-mBHI-p3_S144,102316
78,H8-e003Coalescence-mGAM-p7_S185,473,983015,H111-e003Coalescence-mBHI-p3_S144,102316
79,A2-e003Coalescence-Inoculumn-mGAM,11215,766653,H111-e003Coalescence-mBHI-p3_S144,102316
80,B8-e003Coalescence-mBHI-p1_S749,18254,1268450,H111-e003Coalescence-mBHI-p3_S144,102316
81,A8-e003Coalescence-mBHI-p1_S748,18499,1289758,H111-e003Coalescence-mBHI-p3_S144,102316
82,H8-e003Coalescence-mBHI-p1_S815,14830,1218424,H111-e003Coalescence-mBHI-p3_S144,102316
83,E8-e003Coalescence-mBHI-p1_S812,20352,1401516,H111-e003Coalescence-mBHI-p3_S144,102316
84,G8-e003Coalescence-mGAM-p1_S818,11944,827892,H111-e003Coalescence-mBHI-p3_S144,102316
85,D8-e003Coalescence-mGAM-p1_S755,8657,701330,H111-e003Coalescence-mBHI-p3_S144,102316
86,A9-e003Coalescence-mBHI-p1_S756,20846,1437416,H111-e003Coalescence-mBHI-p3_S144,102316
87,E11-e003Coalescence-mBHI-p1_S836,20135,1451168,H111-e003Coalescence-mBHI-p3_S144,102316
88,A10-e003Coalescence-mBHI-p1_S764,17026,1193259,H111-e003Coalescence-mBHI-p3_S144,102316
89,A11-e003Coalescence-mBHI-p1_S772,15812,1248804,H111-e003Coalescence-mBHI-p3_S144,102316
90,Coalescence-F2-E10-AA-AE-mGAM-mBHI-3_S681,20762,1425787,H111-e003Coalescence-mBHI-p3_S144,102316
91,Coalescence-E8-D11-AF-AF-mGAM-mBHI-3_S675,0,1135698,H111-e003Coalescence-mBHI-p3_S144,102316
92,Coalescence-F10-H8-AA-AF-mGAM-mGAM-3_S689,8649,1095751,H111-e003Coalescence-mBHI-p3_S144,102316
93,Coalescence-A10-C11-AE-AF-mGAM-mBHI-7_S629,0,698926,H111-e003Coalescence-mBHI-p3_S144,102316
94,C_E2_e003Assembly_S242,11023,781119,H111-e003Coalescence-mBHI-p3_S144,102316
0,A_A5_A8_AA_AA_mGAM_mBHI_2_S5,1,1417316,E100-e003Coalescence-mGAM-p3_S155,102316
1,A_A8_A11_AF_AA_mGAM_mBHI_2_S8,10,1079879,E100-e003Coalescence-mGAM-p3_S155,102316
2,A_C5_C8_AA_AE_mGAM_mBHI_2_S29,6,1427638,E100-e003Coalescence-mGAM-p3_S155,102316
3,A_D5_D8_AA_AF_mGAM_mBHI_2_S41,28,966462,E100-e003Coalescence-mGAM-p3_S155,102316
4,A_D8_D11_AF_AF_mGAM_mBHI_2_S44,17693,1169381,E100-e003Coalescence-mGAM-p3_S155,102316
5,A_E5_A8_AA_AA_mGAM_mGAM_2_S53,21,1019189,E100-e003Coalescence-mGAM-p3_S155,102316
6,A_E9_A2_AA_AA_mBHI_mGAM_4_S57,14,1413231,E100-e003Coalescence-mGAM-p3_S155,102316
7,A_G1_C2_AA_AE_mBHI_mGAM_2_S73,17,712175,E100-e003Coalescence-mGAM-p3_S155,102316
8,A_G5_C8_AA_AE_mGAM_mGAM_2_S77,40,1416857,E100-e003Coalescence-mGAM-p3_S155,102316
9,A_G9_C2_AA_AE_mBHI_mGAM_4_S81,9,1411062,E100-e003Coalescence-mGAM-p3_S155,102316
10,B_A5_E8_AA_AA_mGAM_mBHI_2_S101,1,1425704,E100-e003Coalescence-mGAM-p3_S155,102316
11,B_A6_E9_ACPP_AA_mGAM_mBHI_2_S102,18,1117375,E100-e003Coalescence-mGAM-p3_S155,102316
12,B_A7_E10_AE_AA_mGAM_mBHI_2_S103,5,1427518,E100-e003Coalescence-mGAM-p3_S155,102316
13,B_A11_A10_AE_AA_mGAM_mBHI_4_S107,12,1383768,E100-e003Coalescence-mGAM-p3_S155,102316
14,B_A12_A11_AF_AA_mGAM_mBHI_4_S108,18,1434911,E100-e003Coalescence-mGAM-p3_S155,102316
15,B_C12_C11_AF_AE_mGAM_mBHI_4_S132,15880,1052319,E100-e003Coalescence-mGAM-p3_S155,102316
16,B_D7_H10_AE_AF_mGAM_mBHI_2_S139,20764,1353892,E100-e003Coalescence-mGAM-p3_S155,102316
17,B_D11_D10_AE_AF_mGAM_mBHI_4_S143,18216,1203283,E100-e003Coalescence-mGAM-p3_S155,102316
18,B_E5_E8_AA_AA_mGAM_mGAM_2_S149,21,946657,E100-e003Coalescence-mGAM-p3_S155,102316
19,B_E7_E10_AE_AA_mGAM_mGAM_2_S151,3,1444031,E100-e003Coalescence-mGAM-p3_S155,102316
20,B_E8_E11_AF_AA_mGAM_mGAM_2_S152,10,849793,E100-e003Coalescence-mGAM-p3_S155,102316
21,B_E11_A10_AE_AA_mGAM_mGAM_4_S155,14,1028220,E100-e003Coalescence-mGAM-p3_S155,102316
22,B_G1_G2_AA_AE_mBHI_mGAM_2_S169,27,1033473,E100-e003Coalescence-mGAM-p3_S155,102316
23,B_H5_H8_AA_AF_mGAM_mGAM_2_S185,9,1427983,E100-e003Coalescence-mGAM-p3_S155,102316
24,C_C5_C8_AA_AE_mGAM_mBHI_6_S221,5,977407,E100-e003Coalescence-mGAM-p3_S155,102316
25,C_C8_C11_AF_AE_mGAM_mBHI_6_S224,18577,1218207,E100-e003Coalescence-mGAM-p3_S155,102316
26,C_D5_D8_AA_AF_mGAM_mBHI_6_S233,69,1127572,E100-e003Coalescence-mGAM-p3_S155,102316
27,C_D7_D10_AE_AF_mGAM_mBHI_6_S235,21612,1404179,E100-e003Coalescence-mGAM-p3_S155,102316
28,C_E5_A8_AA_AA_mGAM_mGAM_6_S245,38,1431755,E100-e003Coalescence-mGAM-p3_S155,102316
29,C_E7_A10_AE_AA_mGAM_mGAM_6_S247,1,1413289,E100-e003Coalescence-mGAM-p3_S155,102316
30,C_E9_E2_AA_AA_mBHI_mGAM_4_S249,11,1403356,E100-e003Coalescence-mGAM-p3_S155,102316
31,C_E11_E4_AE_AA_mBHI_mGAM_4_S251,18,1422885,E100-e003Coalescence-mGAM-p3_S155,102316
32,D_A6_A9_ACPP_AA_mGAM_mBHI_6_S294,1,1440130,E100-e003Coalescence-mGAM-p3_S155,102316
33,D_A7_A10_AE_AA_mGAM_mBHI_6_S295,1,1433602,E100-e003Coalescence-mGAM-p3_S155,102316
34,D_A8_A11_AF_AA_mGAM_mBHI_6_S296,13,1436671,E100-e003Coalescence-mGAM-p3_S155,102316
35,D_A9_E8_AA_AA_mGAM_mBHI_4_S297,11,1437286,E100-e003Coalescence-mGAM-p3_S155,102316
36,D_A12_E11_AF_AA_mGAM_mBHI_4_S300,22,1396823,E100-e003Coalescence-mGAM-p3_S155,102316
37,D_C8_C11_AF_AE_mGAM_mBHI_6_S320,19698,1292174,E100-e003Coalescence-mGAM-p3_S155,102316
38,D_C9_G8_AA_AE_mGAM_mBHI_4_S321,7,1110163,E100-e003Coalescence-mGAM-p3_S155,102316
39,D_C12_G11_AF_AE_mGAM_mBHI_4_S324,20418,1330220,E100-e003Coalescence-mGAM-p3_S155,102316
40,D_D7_D10_AE_AF_mGAM_mBHI_6_S331,20489,1338259,E100-e003Coalescence-mGAM-p3_S155,102316
41,D_D11_H10_AE_AF_mGAM_mBHI_4_S335,20085,1308265,E100-e003Coalescence-mGAM-p3_S155,102316
42,D_E1_A2_AA_AA_mBHI_mGAM_6_S337,9,1436963,E100-e003Coalescence-mGAM-p3_S155,102316
43,D_E3_A4_AE_AA_mBHI_mGAM_6_S339,18,1417311,E100-e003Coalescence-mGAM-p3_S155,102316
44,D_E6_A9_ACPP_AA_mGAM_mGAM_6_S342,1,1303681,E100-e003Coalescence-mGAM-p3_S155,102316
45,D_E7_A10_AE_AA_mGAM_mGAM_6_S343,4,1343749,E100-e003Coalescence-mGAM-p3_S155,102316
46,D_E9_E8_AA_AA_mGAM_mGAM_4_S345,51,1400809,E100-e003Coalescence-mGAM-p3_S155,102316
47,D_E11_E10_AE_AA_mGAM_mGAM_4_S347,1,1397326,E100-e003Coalescence-mGAM-p3_S155,102316
48,D_G1_C2_AA_AE_mBHI_mGAM_6_S361,14,712918,E100-e003Coalescence-mGAM-p3_S155,102316
49,D_H5_D8_AA_AF_mGAM_mGAM_6_S377,3885,1125549,E100-e003Coalescence-mGAM-p3_S155,102316
50,D10-e003Coalescence-mBHI-p3,11073,721454,E100-e003Coalescence-mGAM-p3_S155,102316
51,C2-e003Coalescence-mGAM-p7,88,1453552,E100-e003Coalescence-mGAM-p3_S155,102316
52,D10-e003Coalescence-mBHI-p5,10921,723373,E100-e003Coalescence-mGAM-p3_S155,102316
53,D8-e003Coalescence-mBHI-p5,116,795854,E100-e003Coalescence-mGAM-p3_S155,102316
54,A8-e003Coalescence-mBHI-p7,55,1437763,E100-e003Coalescence-mGAM-p3_S155,102316
55,A10-e003Coalescence-mGAM-p3,30,960054,E100-e003Coalescence-mGAM-p3_S155,102316
56,A8-e003Coalescence-mBHI-p5,31,1099058,E100-e003Coalescence-mGAM-p3_S155,102316
57,A10-e003Coalescence-mBHI-p7,55,1171728,E100-e003Coalescence-mGAM-p3_S155,102316
58,A2-e003Coalescence-mGAM-p5,45,1119246,E100-e003Coalescence-mGAM-p3_S155,102316
59,C8-e003Coalescence-mBHI-p5,44,1251387,E100-e003Coalescence-mGAM-p3_S155,102316
60,A11-e003Coalescence-mBHI-p3,53,1455400,E100-e003Coalescence-mGAM-p3_S155,102316
61,E2-e003Coalescence-mGAM-p7_S145,5,960650,E100-e003Coalescence-mGAM-p3_S155,102316
62,E8-e003Coalescence-mBHI-p5_S5,13,1129168,E100-e003Coalescence-mGAM-p3_S155,102316
63,H111-e003Coalescence-mBHI-p3_S144,18863,1229895,E100-e003Coalescence-mGAM-p3_S155,102316
64,E100-e003Coalescence-mGAM-p3_S155,0,1310955,E100-e003Coalescence-mGAM-p3_S155,102316
65,E111-e003Coalescence-mBHI-p5_S8,49,719187,E100-e003Coalescence-mGAM-p3_S155,102316
66,H100-e003Coalescence-mBHI-p5_S43,15597,1043416,E100-e003Coalescence-mGAM-p3_S155,102316
67,H8-e003Coalescence-mBHI-p7_S137,21,1241668,E100-e003Coalescence-mGAM-p3_S155,102316
68,G8-e003Coalescence-mGAM-p5_S77,6,1348310,E100-e003Coalescence-mGAM-p3_S155,102316
69,H8-e003Coalescence-mBHI-p5_S41,19,797551,E100-e003Coalescence-mGAM-p3_S155,102316
70,E100-e003Coalescence-mBHI-p5_S7,1,890217,E100-e003Coalescence-mGAM-p3_S155,102316
71,E100-e003Coalescence-mGAM-p5_S55,6,809705,E100-e003Coalescence-mGAM-p3_S155,102316
72,H111-e003Coalescence-mBHI-p5_S44,9966,674095,E100-e003Coalescence-mGAM-p3_S155,102316
73,E2-e003Coalescence-mGAM-p3_S57,8,1046865,E100-e003Coalescence-mGAM-p3_S155,102316
74,H100-e003Coalescence-mBHI-p7_S139,19390,1277434,E100-e003Coalescence-mGAM-p3_S155,102316
75,G8-e003Coalescence-mBHI-p5_S29,1,748494,E100-e003Coalescence-mGAM-p3_S155,102316
76,E8-e003Coalescence-mBHI-p3_S105,0,1300226,E100-e003Coalescence-mGAM-p3_S155,102316
77,E8-e003Coalescence-mGAM-p7_S149,40,1417361,E100-e003Coalescence-mGAM-p3_S155,102316
78,H8-e003Coalescence-mGAM-p7_S185,4831,983015,E100-e003Coalescence-mGAM-p3_S155,102316
79,A2-e003Coalescence-Inoculumn-mGAM,52,766653,E100-e003Coalescence-mGAM-p3_S155,102316
80,B8-e003Coalescence-mBHI-p1_S749,56,1268450,E100-e003Coalescence-mGAM-p3_S155,102316
81,A8-e003Coalescence-mBHI-p1_S748,2,1289758,E100-e003Coalescence-mGAM-p3_S155,102316
82,H8-e003Coalescence-mBHI-p1_S815,7,1218424,E100-e003Coalescence-mGAM-p3_S155,102316
83,E8-e003Coalescence-mBHI-p1_S812,6,1401516,E100-e003Coalescence-mGAM-p3_S155,102316
84,G8-e003Coalescence-mGAM-p1_S818,6,827892,E100-e003Coalescence-mGAM-p3_S155,102316
85,D8-e003Coalescence-mGAM-p1_S755,15,701330,E100-e003Coalescence-mGAM-p3_S155,102316
86,A9-e003Coalescence-mBHI-p1_S756,50,1437416,E100-e003Coalescence-mGAM-p3_S155,102316
87,E11-e003Coalescence-mBHI-p1_S836,4,1451168,E100-e003Coalescence-mGAM-p3_S155,102316
88,A10-e003Coalescence-mBHI-p1_S764,1,1193259,E100-e003Coalescence-mGAM-p3_S155,102316
89,A11-e003Coalescence-mBHI-p1_S772,8,1248804,E100-e003Coalescence-mGAM-p3_S155,102316
90,Coalescence-F2-E10-AA-AE-mGAM-mBHI-3_S681,10,1425787,E100-e003Coalescence-mGAM-p3_S155,102316
91,Coalescence-E8-D11-AF-AF-mGAM-mBHI-3_S675,17162,1135698,E100-e003Coalescence-mGAM-p3_S155,102316
92,Coalescence-F10-H8-AA-AF-mGAM-mGAM-3_S689,115,1095751,E100-e003Coalescence-mGAM-p3_S155,102316
93,Coalescence-A10-C11-AE-AF-mGAM-mBHI-7_S629,10411,698926,E100-e003Coalescence-mGAM-p3_S155,102316
94,C_E2_e003Assembly_S242,17,781119,E100-e003Coalescence-mGAM-p3_S155,102316
0,A_A5_A8_AA_AA_mGAM_mBHI_2_S5,52,1417316,E111-e003Coalescence-mBHI-p5_S8,102316
1,A_A8_A11_AF_AA_mGAM_mBHI_2_S8,32,1079879,E111-e003Coalescence-mBHI-p5_S8,102316
2,A_C5_C8_AA_AE_mGAM_mBHI_2_S29,54,1427638,E111-e003Coalescence-mBHI-p5_S8,102316
3,A_D5_D8_AA_AF_mGAM_mBHI_2_S41,29,966462,E111-e003Coalescence-mBHI-p5_S8,102316
4,A_D8_D11_AF_AF_mGAM_mBHI_2_S44,6863,1169381,E111-e003Coalescence-mBHI-p5_S8,102316
5,A_E5_A8_AA_AA_mGAM_mGAM_2_S53,47,1019189,E111-e003Coalescence-mBHI-p5_S8,102316
6,A_E9_A2_AA_AA_mBHI_mGAM_4_S57,49,1413231,E111-e003Coalescence-mBHI-p5_S8,102316
7,A_G1_C2_AA_AE_mBHI_mGAM_2_S73,37,712175,E111-e003Coalescence-mBHI-p5_S8,102316
8,A_G5_C8_AA_AE_mGAM_mGAM_2_S77,75,1416857,E111-e003Coalescence-mBHI-p5_S8,102316
9,A_G9_C2_AA_AE_mBHI_mGAM_4_S81,42,1411062,E111-e003Coalescence-mBHI-p5_S8,102316
10,B_A5_E8_AA_AA_mGAM_mBHI_2_S101,58,1425704,E111-e003Coalescence-mBHI-p5_S8,102316
11,B_A6_E9_ACPP_AA_mGAM_mBHI_2_S102,35,1117375,E111-e003Coalescence-mBHI-p5_S8,102316
12,B_A7_E10_AE_AA_mGAM_mBHI_2_S103,50,1427518,E111-e003Coalescence-mBHI-p5_S8,102316
13,B_A11_A10_AE_AA_mGAM_mBHI_4_S107,44,1383768,E111-e003Coalescence-mBHI-p5_S8,102316
14,B_A12_A11_AF_AA_mGAM_mBHI_4_S108,35,1434911,E111-e003Coalescence-mBHI-p5_S8,102316
15,B_C12_C11_AF_AE_mGAM_mBHI_4_S132,6217,1052319,E111-e003Coalescence-mBHI-p5_S8,102316
16,B_D7_H10_AE_AF_mGAM_mBHI_2_S139,8083,1353892,E111-e003Coalescence-mBHI-p5_S8,102316
17,B_D11_D10_AE_AF_mGAM_mBHI_4_S143,7084,1203283,E111-e003Coalescence-mBHI-p5_S8,102316
18,B_E5_E8_AA_AA_mGAM_mGAM_2_S149,45,946657,E111-e003Coalescence-mBHI-p5_S8,102316
19,B_E7_E10_AE_AA_mGAM_mGAM_2_S151,63,1444031,E111-e003Coalescence-mBHI-p5_S8,102316
20,B_E8_E11_AF_AA_mGAM_mGAM_2_S152,30,849793,E111-e003Coalescence-mBHI-p5_S8,102316
21,B_E11_A10_AE_AA_mGAM_mGAM_4_S155,33,1028220,E111-e003Coalescence-mBHI-p5_S8,102316
22,B_G1_G2_AA_AE_mBHI_mGAM_2_S169,50,1033473,E111-e003Coalescence-mBHI-p5_S8,102316
23,B_H5_H8_AA_AF_mGAM_mGAM_2_S185,35,1427983,E111-e003Coalescence-mBHI-p5_S8,102316
24,C_C5_C8_AA_AE_mGAM_mBHI_6_S221,39,977407,E111-e003Coalescence-mBHI-p5_S8,102316
25,C_C8_C11_AF_AE_mGAM_mBHI_6_S224,7188,1218207,E111-e003Coalescence-mBHI-p5_S8,102316
26,C_D5_D8_AA_AF_mGAM_mBHI_6_S233,45,1127572,E111-e003Coalescence-mBHI-p5_S8,102316
27,C_D7_D10_AE_AF_mGAM_mBHI_6_S235,8452,1404179,E111-e003Coalescence-mBHI-p5_S8,102316
28,C_E5_A8_AA_AA_mGAM_mGAM_6_S245,68,1431755,E111-e003Coalescence-mBHI-p5_S8,102316
29,C_E7_A10_AE_AA_mGAM_mGAM_6_S247,50,1413289,E111-e003Coalescence-mBHI-p5_S8,102316
30,C_E9_E2_AA_AA_mBHI_mGAM_4_S249,50,1403356,E111-e003Coalescence-mBHI-p5_S8,102316
31,C_E11_E4_AE_AA_mBHI_mGAM_4_S251,48,1422885,E111-e003Coalescence-mBHI-p5_S8,102316
32,D_A6_A9_ACPP_AA_mGAM_mBHI_6_S294,50,1440130,E111-e003Coalescence-mBHI-p5_S8,102316
33,D_A7_A10_AE_AA_mGAM_mBHI_6_S295,53,1433602,E111-e003Coalescence-mBHI-p5_S8,102316
34,D_A8_A11_AF_AA_mGAM_mBHI_6_S296,32,1436671,E111-e003Coalescence-mBHI-p5_S8,102316
35,D_A9_E8_AA_AA_mGAM_mBHI_4_S297,51,1437286,E111-e003Coalescence-mBHI-p5_S8,102316
36,D_A12_E11_AF_AA_mGAM_mBHI_4_S300,35,1396823,E111-e003Coalescence-mBHI-p5_S8,102316
37,D_C8_C11_AF_AE_mGAM_mBHI_6_S320,7632,1292174,E111-e003Coalescence-mBHI-p5_S8,102316
38,D_C9_G8_AA_AE_mGAM_mBHI_4_S321,38,1110163,E111-e003Coalescence-mBHI-p5_S8,102316
39,D_C12_G11_AF_AE_mGAM_mBHI_4_S324,7940,1330220,E111-e003Coalescence-mBHI-p5_S8,102316
40,D_D7_D10_AE_AF_mGAM_mBHI_6_S331,8018,1338259,E111-e003Coalescence-mBHI-p5_S8,102316
41,D_D11_H10_AE_AF_mGAM_mBHI_4_S335,7842,1308265,E111-e003Coalescence-mBHI-p5_S8,102316
42,D_E1_A2_AA_AA_mBHI_mGAM_6_S337,50,1436963,E111-e003Coalescence-mBHI-p5_S8,102316
43,D_E3_A4_AE_AA_mBHI_mGAM_6_S339,57,1417311,E111-e003Coalescence-mBHI-p5_S8,102316
44,D_E6_A9_ACPP_AA_mGAM_mGAM_6_S342,51,1303681,E111-e003Coalescence-mBHI-p5_S8,102316
45,D_E7_A10_AE_AA_mGAM_mGAM_6_S343,51,1343749,E111-e003Coalescence-mBHI-p5_S8,102316
46,D_E9_E8_AA_AA_mGAM_mGAM_4_S345,85,1400809,E111-e003Coalescence-mBHI-p5_S8,102316
47,D_E11_E10_AE_AA_mGAM_mGAM_4_S347,46,1397326,E111-e003Coalescence-mBHI-p5_S8,102316
48,D_G1_C2_AA_AE_mBHI_mGAM_6_S361,39,712918,E111-e003Coalescence-mBHI-p5_S8,102316
49,D_H5_D8_AA_AF_mGAM_mGAM_6_S377,1474,1125549,E111-e003Coalescence-mBHI-p5_S8,102316
50,D10-e003Coalescence-mBHI-p3,4379,721454,E111-e003Coalescence-mBHI-p5_S8,102316
51,C2-e003Coalescence-mGAM-p7,88,1453552,E111-e003Coalescence-mBHI-p5_S8,102316
52,D10-e003Coalescence-mBHI-p5,4292,723373,E111-e003Coalescence-mBHI-p5_S8,102316
53,D8-e003Coalescence-mBHI-p5,45,795854,E111-e003Coalescence-mBHI-p5_S8,102316
54,A8-e003Coalescence-mBHI-p7,78,1437763,E111-e003Coalescence-mBHI-p5_S8,102316
55,A10-e003Coalescence-mGAM-p3,53,960054,E111-e003Coalescence-mBHI-p5_S8,102316
56,A8-e003Coalescence-mBHI-p5,39,1099058,E111-e003Coalescence-mBHI-p5_S8,102316
57,A10-e003Coalescence-mBHI-p7,65,1171728,E111-e003Coalescence-mBHI-p5_S8,102316
58,A2-e003Coalescence-mGAM-p5,57,1119246,E111-e003Coalescence-mBHI-p5_S8,102316
59,C8-e003Coalescence-mBHI-p5,73,1251387,E111-e003Coalescence-mBHI-p5_S8,102316
60,A11-e003Coalescence-mBHI-p3,68,1455400,E111-e003Coalescence-mBHI-p5_S8,102316
61,E2-e003Coalescence-mGAM-p7_S145,29,960650,E111-e003Coalescence-mBHI-p5_S8,102316
62,E8-e003Coalescence-mBHI-p5_S5,35,1129168,E111-e003Coalescence-mBHI-p5_S8,102316
63,H111-e003Coalescence-mBHI-p3_S144,7421,1229895,E111-e003Coalescence-mBHI-p5_S8,102316
64,E100-e003Coalescence-mGAM-p3_S155,49,1310955,E111-e003Coalescence-mBHI-p5_S8,102316
65,E111-e003Coalescence-mBHI-p5_S8,0,719187,E111-e003Coalescence-mBHI-p5_S8,102316
66,H100-e003Coalescence-mBHI-p5_S43,6093,1043416,E111-e003Coalescence-mBHI-p5_S8,102316
67,H8-e003Coalescence-mBHI-p7_S137,39,1241668,E111-e003Coalescence-mBHI-p5_S8,102316
68,G8-e003Coalescence-mGAM-p5_S77,61,1348310,E111-e003Coalescence-mBHI-p5_S8,102316
69,H8-e003Coalescence-mBHI-p5_S41,26,797551,E111-e003Coalescence-mBHI-p5_S8,102316
70,E100-e003Coalescence-mBHI-p5_S7,34,890217,E111-e003Coalescence-mBHI-p5_S8,102316
71,E100-e003Coalescence-mGAM-p5_S55,31,809705,E111-e003Coalescence-mBHI-p5_S8,102316
72,H111-e003Coalescence-mBHI-p5_S44,3832,674095,E111-e003Coalescence-mBHI-p5_S8,102316
73,E2-e003Coalescence-mGAM-p3_S57,29,1046865,E111-e003Coalescence-mBHI-p5_S8,102316
74,H100-e003Coalescence-mBHI-p7_S139,7522,1277434,E111-e003Coalescence-mBHI-p5_S8,102316
75,G8-e003Coalescence-mBHI-p5_S29,26,748494,E111-e003Coalescence-mBHI-p5_S8,102316
76,E8-e003Coalescence-mBHI-p3_S105,48,1300226,E111-e003Coalescence-mBHI-p5_S8,102316
77,E8-e003Coalescence-mGAM-p7_S149,74,1417361,E111-e003Coalescence-mBHI-p5_S8,102316
78,H8-e003Coalescence-mGAM-p7_S185,1811,983015,E111-e003Coalescence-mBHI-p5_S8,102316
79,A2-e003Coalescence-Inoculumn-mGAM,72,766653,E111-e003Coalescence-mBHI-p5_S8,102316
80,B8-e003Coalescence-mBHI-p1_S749,74,1268450,E111-e003Coalescence-mBHI-p5_S8,102316
81,A8-e003Coalescence-mBHI-p1_S748,48,1289758,E111-e003Coalescence-mBHI-p5_S8,102316
82,H8-e003Coalescence-mBHI-p1_S815,32,1218424,E111-e003Coalescence-mBHI-p5_S8,102316
83,E8-e003Coalescence-mBHI-p1_S812,57,1401516,E111-e003Coalescence-mBHI-p5_S8,102316
84,G8-e003Coalescence-mGAM-p1_S818,41,827892,E111-e003Coalescence-mBHI-p5_S8,102316
85,D8-e003Coalescence-mGAM-p1_S755,28,701330,E111-e003Coalescence-mBHI-p5_S8,102316
86,A9-e003Coalescence-mBHI-p1_S756,86,1437416,E111-e003Coalescence-mBHI-p5_S8,102316
87,E11-e003Coalescence-mBHI-p1_S836,51,1451168,E111-e003Coalescence-mBHI-p5_S8,102316
88,A10-e003Coalescence-mBHI-p1_S764,44,1193259,E111-e003Coalescence-mBHI-p5_S8,102316
89,A11-e003Coalescence-mBHI-p1_S772,48,1248804,E111-e003Coalescence-mBHI-p5_S8,102316
90,Coalescence-F2-E10-AA-AE-mGAM-mBHI-3_S681,55,1425787,E111-e003Coalescence-mBHI-p5_S8,102316
91,Coalescence-E8-D11-AF-AF-mGAM-mBHI-3_S675,6724,1135698,E111-e003Coalescence-mBHI-p5_S8,102316
92,Coalescence-F10-H8-AA-AF-mGAM-mGAM-3_S689,47,1095751,E111-e003Coalescence-mBHI-p5_S8,102316
93,Coalescence-A10-C11-AE-AF-mGAM-mBHI-7_S629,4023,698926,E111-e003Coalescence-mBHI-p5_S8,102316
94,C_E2_e003Assembly_S242,36,781119,E111-e003Coalescence-mBHI-p5_S8,102316
0,A_A5_A8_AA_AA_mGAM_mBHI_2_S5,17128,1417316,H100-e003Coalescence-mBHI-p5_S43,102316
1,A_A8_A11_AF_AA_mGAM_mBHI_2_S8,10656,1079879,H100-e003Coalescence-mBHI-p5_S43,102316
2,A_C5_C8_AA_AE_mGAM_mBHI_2_S29,17154,1427638,H100-e003Coalescence-mBHI-p5_S43,102316
3,A_D5_D8_AA_AF_mGAM_mBHI_2_S41,8082,966462,H100-e003Coalescence-mBHI-p5_S43,102316
4,A_D8_D11_AF_AF_mGAM_mBHI_2_S44,4,1169381,H100-e003Coalescence-mBHI-p5_S43,102316
5,A_E5_A8_AA_AA_mGAM_mGAM_2_S53,12138,1019189,H100-e003Coalescence-mBHI-p5_S43,102316
6,A_E9_A2_AA_AA_mBHI_mGAM_4_S57,16949,1413231,H100-e003Coalescence-mBHI-p5_S43,102316
7,A_G1_C2_AA_AE_mBHI_mGAM_2_S73,8232,712175,H100-e003Coalescence-mBHI-p5_S43,102316
8,A_G5_C8_AA_AE_mGAM_mGAM_2_S77,16985,1416857,H100-e003Coalescence-mBHI-p5_S43,102316
9,A_G9_C2_AA_AE_mBHI_mGAM_4_S81,16655,1411062,H100-e003Coalescence-mBHI-p5_S43,102316
10,B_A5_E8_AA_AA_mGAM_mBHI_2_S101,17079,1425704,H100-e003Coalescence-mBHI-p5_S43,102316
11,B_A6_E9_ACPP_AA_mGAM_mBHI_2_S102,13167,1117375,H100-e003Coalescence-mBHI-p5_S43,102316
12,B_A7_E10_AE_AA_mGAM_mBHI_2_S103,17224,1427518,H100-e003Coalescence-mBHI-p5_S43,102316
13,B_A11_A10_AE_AA_mGAM_mBHI_4_S107,16571,1383768,H100-e003Coalescence-mBHI-p5_S43,102316
14,B_A12_A11_AF_AA_mGAM_mBHI_4_S108,14520,1434911,H100-e003Coalescence-mBHI-p5_S43,102316
15,B_C12_C11_AF_AE_mGAM_mBHI_4_S132,1,1052319,H100-e003Coalescence-mBHI-p5_S43,102316
16,B_D7_H10_AE_AF_mGAM_mBHI_2_S139,2,1353892,H100-e003Coalescence-mBHI-p5_S43,102316
17,B_D11_D10_AE_AF_mGAM_mBHI_4_S143,2,1203283,H100-e003Coalescence-mBHI-p5_S43,102316
18,B_E5_E8_AA_AA_mGAM_mGAM_2_S149,10955,946657,H100-e003Coalescence-mBHI-p5_S43,102316
19,B_E7_E10_AE_AA_mGAM_mGAM_2_S151,17302,1444031,H100-e003Coalescence-mBHI-p5_S43,102316
20,B_E8_E11_AF_AA_mGAM_mGAM_2_S152,8321,849793,H100-e003Coalescence-mBHI-p5_S43,102316
21,B_E11_A10_AE_AA_mGAM_mGAM_4_S155,12163,1028220,H100-e003Coalescence-mBHI-p5_S43,102316
22,B_G1_G2_AA_AE_mBHI_mGAM_2_S169,12120,1033473,H100-e003Coalescence-mBHI-p5_S43,102316
23,B_H5_H8_AA_AF_mGAM_mGAM_2_S185,12914,1427983,H100-e003Coalescence-mBHI-p5_S43,102316
24,C_C5_C8_AA_AE_mGAM_mBHI_6_S221,11476,977407,H100-e003Coalescence-mBHI-p5_S43,102316
25,C_C8_C11_AF_AE_mGAM_mBHI_6_S224,4,1218207,H100-e003Coalescence-mBHI-p5_S43,102316
26,C_D5_D8_AA_AF_mGAM_mBHI_6_S233,7819,1127572,H100-e003Coalescence-mBHI-p5_S43,102316
27,C_D7_D10_AE_AF_mGAM_mBHI_6_S235,0,1404179,H100-e003Coalescence-mBHI-p5_S43,102316
28,C_E5_A8_AA_AA_mGAM_mGAM_6_S245,17116,1431755,H100-e003Coalescence-mBHI-p5_S43,102316
29,C_E7_A10_AE_AA_mGAM_mGAM_6_S247,16998,1413289,H100-e003Coalescence-mBHI-p5_S43,102316
30,C_E9_E2_AA_AA_mBHI_mGAM_4_S249,16741,1403356,H100-e003Coalescence-mBHI-p5_S43,102316
31,C_E11_E4_AE_AA_mBHI_mGAM_4_S251,16949,1422885,H100-e003Coalescence-mBHI-p5_S43,102316
32,D_A6_A9_ACPP_AA_mGAM_mBHI_6_S294,17305,1440130,H100-e003Coalescence-mBHI-p5_S43,102316
33,D_A7_A10_AE_AA_mGAM_mBHI_6_S295,17322,1433602,H100-e003Coalescence-mBHI-p5_S43,102316
34,D_A8_A11_AF_AA_mGAM_mBHI_6_S296,12867,1436671,H100-e003Coalescence-mBHI-p5_S43,102316
35,D_A9_E8_AA_AA_mGAM_mBHI_4_S297,17355,1437286,H100-e003Coalescence-mBHI-p5_S43,102316
36,D_A12_E11_AF_AA_mGAM_mBHI_4_S300,13550,1396823,H100-e003Coalescence-mBHI-p5_S43,102316
37,D_C8_C11_AF_AE_mGAM_mBHI_6_S320,0,1292174,H100-e003Coalescence-mBHI-p5_S43,102316
38,D_C9_G8_AA_AE_mGAM_mBHI_4_S321,13096,1110163,H100-e003Coalescence-mBHI-p5_S43,102316
39,D_C12_G11_AF_AE_mGAM_mBHI_4_S324,2,1330220,H100-e003Coalescence-mBHI-p5_S43,102316
40,D_D7_D10_AE_AF_mGAM_mBHI_6_S331,0,1338259,H100-e003Coalescence-mBHI-p5_S43,102316
41,D_D11_H10_AE_AF_mGAM_mBHI_4_S335,1,1308265,H100-e003Coalescence-mBHI-p5_S43,102316
42,D_E1_A2_AA_AA_mBHI_mGAM_6_S337,17195,1436963,H100-e003Coalescence-mBHI-p5_S43,102316
43,D_E3_A4_AE_AA_mBHI_mGAM_6_S339,16917,1417311,H100-e003Coalescence-mBHI-p5_S43,102316
44,D_E6_A9_ACPP_AA_mGAM_mGAM_6_S342,15646,1303681,H100-e003Coalescence-mBHI-p5_S43,102316
45,D_E7_A10_AE_AA_mGAM_mGAM_6_S343,16108,1343749,H100-e003Coalescence-mBHI-p5_S43,102316
46,D_E9_E8_AA_AA_mGAM_mGAM_4_S345,16813,1400809,H100-e003Coalescence-mBHI-p5_S43,102316
47,D_E11_E10_AE_AA_mGAM_mGAM_4_S347,16951,1397326,H100-e003Coalescence-mBHI-p5_S43,102316
48,D_G1_C2_AA_AE_mBHI_mGAM_6_S361,8317,712918,H100-e003Coalescence-mBHI-p5_S43,102316
49,D_H5_D8_AA_AF_mGAM_mGAM_6_S377,413,1125549,H100-e003Coalescence-mBHI-p5_S43,102316
50,D10-e003Coalescence-mBHI-p3,35,721454,H100-e003Coalescence-mBHI-p5_S43,102316
51,C2-e003Coalescence-mGAM-p7,17489,1453552,H100-e003Coalescence-mBHI-p5_S43,102316
52,D10-e003Coalescence-mBHI-p5,37,723373,H100-e003Coalescence-mBHI-p5_S43,102316
53,D8-e003Coalescence-mBHI-p5,6238,795854,H100-e003Coalescence-mBHI-p5_S43,102316
54,A8-e003Coalescence-mBHI-p7,17588,1437763,H100-e003Coalescence-mBHI-p5_S43,102316
55,A10-e003Coalescence-mGAM-p3,11386,960054,H100-e003Coalescence-mBHI-p5_S43,102316
56,A8-e003Coalescence-mBHI-p5,13241,1099058,H100-e003Coalescence-mBHI-p5_S43,102316
57,A10-e003Coalescence-mBHI-p7,14079,1171728,H100-e003Coalescence-mBHI-p5_S43,102316
58,A2-e003Coalescence-mGAM-p5,13389,1119246,H100-e003Coalescence-mBHI-p5_S43,102316
59,C8-e003Coalescence-mBHI-p5,14980,1251387,H100-e003Coalescence-mBHI-p5_S43,102316
60,A11-e003Coalescence-mBHI-p3,16226,1455400,H100-e003Coalescence-mBHI-p5_S43,102316
61,E2-e003Coalescence-mGAM-p7_S145,11298,960650,H100-e003Coalescence-mBHI-p5_S43,102316
62,E8-e003Coalescence-mBHI-p5_S5,13407,1129168,H100-e003Coalescence-mBHI-p5_S43,102316
63,H111-e003Coalescence-mBHI-p3_S144,8,1229895,H100-e003Coalescence-mBHI-p5_S43,102316
64,E100-e003Coalescence-mGAM-p3_S155,15597,1310955,H100-e003Coalescence-mBHI-p5_S43,102316
65,E111-e003Coalescence-mBHI-p5_S8,6093,719187,H100-e003Coalescence-mBHI-p5_S43,102316
66,H100-e003Coalescence-mBHI-p5_S43,0,1043416,H100-e003Coalescence-mBHI-p5_S43,102316
67,H8-e003Coalescence-mBHI-p7_S137,13596,1241668,H100-e003Coalescence-mBHI-p5_S43,102316
68,G8-e003Coalescence-mGAM-p5_S77,16017,1348310,H100-e003Coalescence-mBHI-p5_S43,102316
69,H8-e003Coalescence-mBHI-p5_S41,9028,797551,H100-e003Coalescence-mBHI-p5_S43,102316
70,E100-e003Coalescence-mBHI-p5_S7,10273,890217,H100-e003Coalescence-mBHI-p5_S43,102316
71,E100-e003Coalescence-mGAM-p5_S55,9465,809705,H100-e003Coalescence-mBHI-p5_S43,102316
72,H111-e003Coalescence-mBHI-p5_S44,6,674095,H100-e003Coalescence-mBHI-p5_S43,102316
73,E2-e003Coalescence-mGAM-p3_S57,12220,1046865,H100-e003Coalescence-mBHI-p5_S43,102316
74,H100-e003Coalescence-mBHI-p7_S139,0,1277434,H100-e003Coalescence-mBHI-p5_S43,102316
75,G8-e003Coalescence-mBHI-p5_S29,8835,748494,H100-e003Coalescence-mBHI-p5_S43,102316
76,E8-e003Coalescence-mBHI-p3_S105,15450,1300226,H100-e003Coalescence-mBHI-p5_S43,102316
77,E8-e003Coalescence-mGAM-p7_S149,17007,1417361,H100-e003Coalescence-mBHI-p5_S43,102316
78,H8-e003Coalescence-mGAM-p7_S185,388,983015,H100-e003Coalescence-mBHI-p5_S43,102316
79,A2-e003Coalescence-Inoculumn-mGAM,9216,766653,H100-e003Coalescence-mBHI-p5_S43,102316
80,B8-e003Coalescence-mBHI-p1_S749,15148,1268450,H100-e003Coalescence-mBHI-p5_S43,102316
81,A8-e003Coalescence-mBHI-p1_S748,15273,1289758,H100-e003Coalescence-mBHI-p5_S43,102316
82,H8-e003Coalescence-mBHI-p1_S815,12233,1218424,H100-e003Coalescence-mBHI-p5_S43,102316
83,E8-e003Coalescence-mBHI-p1_S812,16914,1401516,H100-e003Coalescence-mBHI-p5_S43,102316
84,G8-e003Coalescence-mGAM-p1_S818,9905,827892,H100-e003Coalescence-mBHI-p5_S43,102316
85,D8-e003Coalescence-mGAM-p1_S755,7302,701330,H100-e003Coalescence-mBHI-p5_S43,102316
86,A9-e003Coalescence-mBHI-p1_S756,17257,1437416,H100-e003Coalescence-mBHI-p5_S43,102316
87,E11-e003Coalescence-mBHI-p1_S836,16594,1451168,H100-e003Coalescence-mBHI-p5_S43,102316
88,A10-e003Coalescence-mBHI-p1_S764,13998,1193259,H100-e003Coalescence-mBHI-p5_S43,102316
89,A11-e003Coalescence-mBHI-p1_S772,13152,1248804,H100-e003Coalescence-mBHI-p5_S43,102316
90,Coalescence-F2-E10-AA-AE-mGAM-mBHI-3_S681,17140,1425787,H100-e003Coalescence-mBHI-p5_S43,102316
91,Coalescence-E8-D11-AF-AF-mGAM-mBHI-3_S675,2,1135698,H100-e003Coalescence-mBHI-p5_S43,102316
92,Coalescence-F10-H8-AA-AF-mGAM-mGAM-3_S689,7044,1095751,H100-e003Coalescence-mBHI-p5_S43,102316
93,Coalescence-A10-C11-AE-AF-mGAM-mBHI-7_S629,4,698926,H100-e003Coalescence-mBHI-p5_S43,102316
94,C_E2_e003Assembly_S242,9137,781119,H100-e003Coalescence-mBHI-p5_S43,102316
0,A_A5_A8_AA_AA_mGAM_mBHI_2_S5,25,1417316,H8-e003Coalescence-mBHI-p7_S137,102316
1,A_A8_A11_AF_AA_mGAM_mBHI_2_S8,2,1079879,H8-e003Coalescence-mBHI-p7_S137,102316
2,A_C5_C8_AA_AE_mGAM_mBHI_2_S29,21,1427638,H8-e003Coalescence-mBHI-p7_S137,102316
3,A_D5_D8_AA_AF_mGAM_mBHI_2_S41,13,966462,H8-e003Coalescence-mBHI-p7_S137,102316
4,A_D8_D11_AF_AF_mGAM_mBHI_2_S44,15451,1169381,H8-e003Coalescence-mBHI-p7_S137,102316
5,A_E5_A8_AA_AA_mGAM_mGAM_2_S53,34,1019189,H8-e003Coalescence-mBHI-p7_S137,102316
6,A_E9_A2_AA_AA_mBHI_mGAM_4_S57,30,1413231,H8-e003Coalescence-mBHI-p7_S137,102316
7,A_G1_C2_AA_AE_mBHI_mGAM_2_S73,35,712175,H8-e003Coalescence-mBHI-p7_S137,102316
8,A_G5_C8_AA_AE_mGAM_mGAM_2_S77,74,1416857,H8-e003Coalescence-mBHI-p7_S137,102316
9,A_G9_C2_AA_AE_mBHI_mGAM_4_S81,28,1411062,H8-e003Coalescence-mBHI-p7_S137,102316
10,B_A5_E8_AA_AA_mGAM_mBHI_2_S101,19,1425704,H8-e003Coalescence-mBHI-p7_S137,102316
11,B_A6_E9_ACPP_AA_mGAM_mBHI_2_S102,28,1117375,H8-e003Coalescence-mBHI-p7_S137,102316
12,B_A7_E10_AE_AA_mGAM_mBHI_2_S103,22,1427518,H8-e003Coalescence-mBHI-p7_S137,102316
13,B_A11_A10_AE_AA_mGAM_mBHI_4_S107,12,1383768,H8-e003Coalescence-mBHI-p7_S137,102316
14,B_A12_A11_AF_AA_mGAM_mBHI_4_S108,6,1434911,H8-e003Coalescence-mBHI-p7_S137,102316
15,B_C12_C11_AF_AE_mGAM_mBHI_4_S132,13792,1052319,H8-e003Coalescence-mBHI-p7_S137,102316
16,B_D7_H10_AE_AF_mGAM_mBHI_2_S139,18065,1353892,H8-e003Coalescence-mBHI-p7_S137,102316
17,B_D11_D10_AE_AF_mGAM_mBHI_4_S143,15936,1203283,H8-e003Coalescence-mBHI-p7_S137,102316
18,B_E5_E8_AA_AA_mGAM_mGAM_2_S149,38,946657,H8-e003Coalescence-mBHI-p7_S137,102316
19,B_E7_E10_AE_AA_mGAM_mGAM_2_S151,45,1444031,H8-e003Coalescence-mBHI-p7_S137,102316
20,B_E8_E11_AF_AA_mGAM_mGAM_2_S152,19,849793,H8-e003Coalescence-mBHI-p7_S137,102316
21,B_E11_A10_AE_AA_mGAM_mGAM_4_S155,10,1028220,H8-e003Coalescence-mBHI-p7_S137,102316
22,B_G1_G2_AA_AE_mBHI_mGAM_2_S169,41,1033473,H8-e003Coalescence-mBHI-p7_S137,102316
23,B_H5_H8_AA_AF_mGAM_mGAM_2_S185,16,1427983,H8-e003Coalescence-mBHI-p7_S137,102316
24,C_C5_C8_AA_AE_mGAM_mBHI_6_S221,15,977407,H8-e003Coalescence-mBHI-p7_S137,102316
25,C_C8_C11_AF_AE_mGAM_mBHI_6_S224,16109,1218207,H8-e003Coalescence-mBHI-p7_S137,102316
26,C_D5_D8_AA_AF_mGAM_mBHI_6_S233,53,1127572,H8-e003Coalescence-mBHI-p7_S137,102316
27,C_D7_D10_AE_AF_mGAM_mBHI_6_S235,18752,1404179,H8-e003Coalescence-mBHI-p7_S137,102316
28,C_E5_A8_AA_AA_mGAM_mGAM_6_S245,67,1431755,H8-e003Coalescence-mBHI-p7_S137,102316
29,C_E7_A10_AE_AA_mGAM_mGAM_6_S247,28,1413289,H8-e003Coalescence-mBHI-p7_S137,102316
30,C_E9_E2_AA_AA_mBHI_mGAM_4_S249,25,1403356,H8-e003Coalescence-mBHI-p7_S137,102316
31,C_E11_E4_AE_AA_mBHI_mGAM_4_S251,29,1422885,H8-e003Coalescence-mBHI-p7_S137,102316
32,D_A6_A9_ACPP_AA_mGAM_mBHI_6_S294,20,1440130,H8-e003Coalescence-mBHI-p7_S137,102316
33,D_A7_A10_AE_AA_mGAM_mBHI_6_S295,28,1433602,H8-e003Coalescence-mBHI-p7_S137,102316
34,D_A8_A11_AF_AA_mGAM_mBHI_6_S296,10,1436671,H8-e003Coalescence-mBHI-p7_S137,102316
35,D_A9_E8_AA_AA_mGAM_mBHI_4_S297,18,1437286,H8-e003Coalescence-mBHI-p7_S137,102316
36,D_A12_E11_AF_AA_mGAM_mBHI_4_S300,6,1396823,H8-e003Coalescence-mBHI-p7_S137,102316
37,D_C8_C11_AF_AE_mGAM_mBHI_6_S320,17071,1292174,H8-e003Coalescence-mBHI-p7_S137,102316
38,D_C9_G8_AA_AE_mGAM_mBHI_4_S321,12,1110163,H8-e003Coalescence-mBHI-p7_S137,102316
39,D_C12_G11_AF_AE_mGAM_mBHI_4_S324,17758,1330220,H8-e003Coalescence-mBHI-p7_S137,102316
40,D_D7_D10_AE_AF_mGAM_mBHI_6_S331,17839,1338259,H8-e003Coalescence-mBHI-p7_S137,102316
41,D_D11_H10_AE_AF_mGAM_mBHI_4_S335,17495,1308265,H8-e003Coalescence-mBHI-p7_S137,102316
42,D_E1_A2_AA_AA_mBHI_mGAM_6_S337,25,1436963,H8-e003Coalescence-mBHI-p7_S137,102316
43,D_E3_A4_AE_AA_mBHI_mGAM_6_S339,30,1417311,H8-e003Coalescence-mBHI-p7_S137,102316
44,D_E6_A9_ACPP_AA_mGAM_mGAM_6_S342,22,1303681,H8-e003Coalescence-mBHI-p7_S137,102316
45,D_E7_A10_AE_AA_mGAM_mGAM_6_S343,18,1343749,H8-e003Coalescence-mBHI-p7_S137,102316
46,D_E9_E8_AA_AA_mGAM_mGAM_4_S345,85,1400809,H8-e003Coalescence-mBHI-p7_S137,102316
47,D_E11_E10_AE_AA_mGAM_mGAM_4_S347,21,1397326,H8-e003Coalescence-mBHI-p7_S137,102316
48,D_G1_C2_AA_AE_mBHI_mGAM_6_S361,19,712918,H8-e003Coalescence-mBHI-p7_S137,102316
49,D_H5_D8_AA_AF_mGAM_mGAM_6_S377,3313,1125549,H8-e003Coalescence-mBHI-p7_S137,102316
50,D10-e003Coalescence-mBHI-p3,9549,721454,H8-e003Coalescence-mBHI-p7_S137,102316
51,C2-e003Coalescence-mGAM-p7,90,1453552,H8-e003Coalescence-mBHI-p7_S137,102316
52,D10-e003Coalescence-mBHI-p5,9395,723373,H8-e003Coalescence-mBHI-p7_S137,102316
53,D8-e003Coalescence-mBHI-p5,89,795854,H8-e003Coalescence-mBHI-p7_S137,102316
54,A8-e003Coalescence-mBHI-p7,76,1437763,H8-e003Coalescence-mBHI-p7_S137,102316
55,A10-e003Coalescence-mGAM-p3,44,960054,H8-e003Coalescence-mBHI-p7_S137,102316
56,A8-e003Coalescence-mBHI-p5,40,1099058,H8-e003Coalescence-mBHI-p7_S137,102316
57,A10-e003Coalescence-mBHI-p7,56,1171728,H8-e003Coalescence-mBHI-p7_S137,102316
58,A2-e003Coalescence-mGAM-p5,56,1119246,H8-e003Coalescence-mBHI-p7_S137,102316
59,C8-e003Coalescence-mBHI-p5,62,1251387,H8-e003Coalescence-mBHI-p7_S137,102316
60,A11-e003Coalescence-mBHI-p3,61,1455400,H8-e003Coalescence-mBHI-p7_S137,102316
61,E2-e003Coalescence-mGAM-p7_S145,12,960650,H8-e003Coalescence-mBHI-p7_S137,102316
62,E8-e003Coalescence-mBHI-p5_S5,9,1129168,H8-e003Coalescence-mBHI-p7_S137,102316
63,H111-e003Coalescence-mBHI-p3_S144,16442,1229895,H8-e003Coalescence-mBHI-p7_S137,102316
64,E100-e003Coalescence-mGAM-p3_S155,21,1310955,H8-e003Coalescence-mBHI-p7_S137,102316
65,E111-e003Coalescence-mBHI-p5_S8,39,719187,H8-e003Coalescence-mBHI-p7_S137,102316
66,H100-e003Coalescence-mBHI-p5_S43,13596,1043416,H8-e003Coalescence-mBHI-p7_S137,102316
67,H8-e003Coalescence-mBHI-p7_S137,0,1241668,H8-e003Coalescence-mBHI-p7_S137,102316
68,G8-e003Coalescence-mGAM-p5_S77,57,1348310,H8-e003Coalescence-mBHI-p7_S137,102316
69,H8-e003Coalescence-mBHI-p5_S41,4,797551,H8-e003Coalescence-mBHI-p7_S137,102316
70,E100-e003Coalescence-mBHI-p5_S7,6,890217,H8-e003Coalescence-mBHI-p7_S137,102316
71,E100-e003Coalescence-mGAM-p5_S55,14,809705,H8-e003Coalescence-mBHI-p7_S137,102316
72,H111-e003Coalescence-mBHI-p5_S44,8588,674095,H8-e003Coalescence-mBHI-p7_S137,102316
73,E2-e003Coalescence-mGAM-p3_S57,16,1046865,H8-e003Coalescence-mBHI-p7_S137,102316
74,H100-e003Coalescence-mBHI-p7_S139,16966,1277434,H8-e003Coalescence-mBHI-p7_S137,102316
75,G8-e003Coalescence-mBHI-p5_S29,8,748494,H8-e003Coalescence-mBHI-p7_S137,102316
76,E8-e003Coalescence-mBHI-p3_S105,24,1300226,H8-e003Coalescence-mBHI-p7_S137,102316
77,E8-e003Coalescence-mGAM-p7_S149,84,1417361,H8-e003Coalescence-mBHI-p7_S137,102316
78,H8-e003Coalescence-mGAM-p7_S185,4097,983015,H8-e003Coalescence-mBHI-p7_S137,102316
79,A2-e003Coalescence-Inoculumn-mGAM,54,766653,H8-e003Coalescence-mBHI-p7_S137,102316
80,B8-e003Coalescence-mBHI-p1_S749,74,1268450,H8-e003Coalescence-mBHI-p7_S137,102316
81,A8-e003Coalescence-mBHI-p1_S748,29,1289758,H8-e003Coalescence-mBHI-p7_S137,102316
82,H8-e003Coalescence-mBHI-p1_S815,21,1218424,H8-e003Coalescence-mBHI-p7_S137,102316
83,E8-e003Coalescence-mBHI-p1_S812,20,1401516,H8-e003Coalescence-mBHI-p7_S137,102316
84,G8-e003Coalescence-mGAM-p1_S818,17,827892,H8-e003Coalescence-mBHI-p7_S137,102316
85,D8-e003Coalescence-mGAM-p1_S755,28,701330,H8-e003Coalescence-mBHI-p7_S137,102316
86,A9-e003Coalescence-mBHI-p1_S756,76,1437416,H8-e003Coalescence-mBHI-p7_S137,102316
87,E11-e003Coalescence-mBHI-p1_S836,15,1451168,H8-e003Coalescence-mBHI-p7_S137,102316
88,A10-e003Coalescence-mBHI-p1_S764,10,1193259,H8-e003Coalescence-mBHI-p7_S137,102316
89,A11-e003Coalescence-mBHI-p1_S772,14,1248804,H8-e003Coalescence-mBHI-p7_S137,102316
90,Coalescence-F2-E10-AA-AE-mGAM-mBHI-3_S681,23,1425787,H8-e003Coalescence-mBHI-p7_S137,102316
91,Coalescence-E8-D11-AF-AF-mGAM-mBHI-3_S675,14987,1135698,H8-e003Coalescence-mBHI-p7_S137,102316
92,Coalescence-F10-H8-AA-AF-mGAM-mGAM-3_S689,98,1095751,H8-e003Coalescence-mBHI-p7_S137,102316
93,Coalescence-A10-C11-AE-AF-mGAM-mBHI-7_S629,8966,698926,H8-e003Coalescence-mBHI-p7_S137,102316
94,C_E2_e003Assembly_S242,26,781119,H8-e003Coalescence-mBHI-p7_S137,102316
0,A_A5_A8_AA_AA_mGAM_mBHI_2_S5,22,1417316,G8-e003Coalescence-mGAM-p5_S77,102316
1,A_A8_A11_AF_AA_mGAM_mBHI_2_S8,25,1079879,G8-e003Coalescence-mGAM-p5_S77,102316
2,A_C5_C8_AA_AE_mGAM_mBHI_2_S29,15,1427638,G8-e003Coalescence-mGAM-p5_S77,102316
3,A_D5_D8_AA_AF_mGAM_mBHI_2_S41,40,966462,G8-e003Coalescence-mGAM-p5_S77,102316
4,A_D8_D11_AF_AF_mGAM_mBHI_2_S44,18194,1169381,G8-e003Coalescence-mGAM-p5_S77,102316
5,A_E5_A8_AA_AA_mGAM_mGAM_2_S53,6,1019189,G8-e003Coalescence-mGAM-p5_S77,102316
6,A_E9_A2_AA_AA_mBHI_mGAM_4_S57,26,1413231,G8-e003Coalescence-mGAM-p5_S77,102316
7,A_G1_C2_AA_AE_mBHI_mGAM_2_S73,47,712175,G8-e003Coalescence-mGAM-p5_S77,102316
8,A_G5_C8_AA_AE_mGAM_mGAM_2_S77,12,1416857,G8-e003Coalescence-mGAM-p5_S77,102316
9,A_G9_C2_AA_AE_mBHI_mGAM_4_S81,47,1411062,G8-e003Coalescence-mGAM-p5_S77,102316
10,B_A5_E8_AA_AA_mGAM_mBHI_2_S101,2,1425704,G8-e003Coalescence-mGAM-p5_S77,102316
11,B_A6_E9_ACPP_AA_mGAM_mBHI_2_S102,38,1117375,G8-e003Coalescence-mGAM-p5_S77,102316
12,B_A7_E10_AE_AA_mGAM_mBHI_2_S103,12,1427518,G8-e003Coalescence-mGAM-p5_S77,102316
13,B_A11_A10_AE_AA_mGAM_mBHI_4_S107,34,1383768,G8-e003Coalescence-mGAM-p5_S77,102316
14,B_A12_A11_AF_AA_mGAM_mBHI_4_S108,32,1434911,G8-e003Coalescence-mGAM-p5_S77,102316
15,B_C12_C11_AF_AE_mGAM_mBHI_4_S132,16210,1052319,G8-e003Coalescence-mGAM-p5_S77,102316
16,B_D7_H10_AE_AF_mGAM_mBHI_2_S139,21401,1353892,G8-e003Coalescence-mGAM-p5_S77,102316
17,B_D11_D10_AE_AF_mGAM_mBHI_4_S143,18732,1203283,G8-e003Coalescence-mGAM-p5_S77,102316
18,B_E5_E8_AA_AA_mGAM_mGAM_2_S149,6,946657,G8-e003Coalescence-mGAM-p5_S77,102316
19,B_E7_E10_AE_AA_mGAM_mGAM_2_S151,6,1444031,G8-e003Coalescence-mGAM-p5_S77,102316
20,B_E8_E11_AF_AA_mGAM_mGAM_2_S152,16,849793,G8-e003Coalescence-mGAM-p5_S77,102316
21,B_E11_A10_AE_AA_mGAM_mGAM_4_S155,8,1028220,G8-e003Coalescence-mGAM-p5_S77,102316
22,B_G1_G2_AA_AE_mBHI_mGAM_2_S169,62,1033473,G8-e003Coalescence-mGAM-p5_S77,102316
23,B_H5_H8_AA_AF_mGAM_mGAM_2_S185,6,1427983,G8-e003Coalescence-mGAM-p5_S77,102316
24,C_C5_C8_AA_AE_mGAM_mBHI_6_S221,13,977407,G8-e003Coalescence-mGAM-p5_S77,102316
25,C_C8_C11_AF_AE_mGAM_mBHI_6_S224,18989,1218207,G8-e003Coalescence-mGAM-p5_S77,102316
26,C_D5_D8_AA_AF_mGAM_mBHI_6_S233,102,1127572,G8-e003Coalescence-mGAM-p5_S77,102316
27,C_D7_D10_AE_AF_mGAM_mBHI_6_S235,22212,1404179,G8-e003Coalescence-mGAM-p5_S77,102316
28,C_E5_A8_AA_AA_mGAM_mGAM_6_S245,11,1431755,G8-e003Coalescence-mGAM-p5_S77,102316
29,C_E7_A10_AE_AA_mGAM_mGAM_6_S247,8,1413289,G8-e003Coalescence-mGAM-p5_S77,102316
30,C_E9_E2_AA_AA_mBHI_mGAM_4_S249,30,1403356,G8-e003Coalescence-mGAM-p5_S77,102316
31,C_E11_E4_AE_AA_mBHI_mGAM_4_S251,53,1422885,G8-e003Coalescence-mGAM-p5_S77,102316
32,D_A6_A9_ACPP_AA_mGAM_mBHI_6_S294,9,1440130,G8-e003Coalescence-mGAM-p5_S77,102316
33,D_A7_A10_AE_AA_mGAM_mBHI_6_S295,18,1433602,G8-e003Coalescence-mGAM-p5_S77,102316
34,D_A8_A11_AF_AA_mGAM_mBHI_6_S296,38,1436671,G8-e003Coalescence-mGAM-p5_S77,102316
35,D_A9_E8_AA_AA_mGAM_mBHI_4_S297,20,1437286,G8-e003Coalescence-mGAM-p5_S77,102316
36,D_A12_E11_AF_AA_mGAM_mBHI_4_S300,45,1396823,G8-e003Coalescence-mGAM-p5_S77,102316
37,D_C8_C11_AF_AE_mGAM_mBHI_6_S320,20172,1292174,G8-e003Coalescence-mGAM-p5_S77,102316
38,D_C9_G8_AA_AE_mGAM_mBHI_4_S321,20,1110163,G8-e003Coalescence-mGAM-p5_S77,102316
39,D_C12_G11_AF_AE_mGAM_mBHI_4_S324,20931,1330220,G8-e003Coalescence-mGAM-p5_S77,102316
40,D_D7_D10_AE_AF_mGAM_mBHI_6_S331,21001,1338259,G8-e003Coalescence-mGAM-p5_S77,102316
41,D_D11_H10_AE_AF_mGAM_mBHI_4_S335,20663,1308265,G8-e003Coalescence-mGAM-p5_S77,102316
42,D_E1_A2_AA_AA_mBHI_mGAM_6_S337,40,1436963,G8-e003Coalescence-mGAM-p5_S77,102316
43,D_E3_A4_AE_AA_mBHI_mGAM_6_S339,26,1417311,G8-e003Coalescence-mGAM-p5_S77,102316
44,D_E6_A9_ACPP_AA_mGAM_mGAM_6_S342,8,1303681,G8-e003Coalescence-mGAM-p5_S77,102316
45,D_E7_A10_AE_AA_mGAM_mGAM_6_S343,17,1343749,G8-e003Coalescence-mGAM-p5_S77,102316
46,D_E9_E8_AA_AA_mGAM_mGAM_4_S345,32,1400809,G8-e003Coalescence-mGAM-p5_S77,102316
47,D_E11_E10_AE_AA_mGAM_mGAM_4_S347,18,1397326,G8-e003Coalescence-mGAM-p5_S77,102316
48,D_G1_C2_AA_AE_mBHI_mGAM_6_S361,14,712918,G8-e003Coalescence-mGAM-p5_S77,102316
49,D_H5_D8_AA_AF_mGAM_mGAM_6_S377,3943,1125549,G8-e003Coalescence-mGAM-p5_S77,102316
50,D10-e003Coalescence-mBHI-p3,11240,721454,G8-e003Coalescence-mGAM-p5_S77,102316
51,C2-e003Coalescence-mGAM-p7,119,1453552,G8-e003Coalescence-mGAM-p5_S77,102316
52,D10-e003Coalescence-mBHI-p5,11145,723373,G8-e003Coalescence-mGAM-p5_S77,102316
53,D8-e003Coalescence-mBHI-p5,122,795854,G8-e003Coalescence-mGAM-p5_S77,102316
54,A8-e003Coalescence-mBHI-p7,86,1437763,G8-e003Coalescence-mGAM-p5_S77,102316
55,A10-e003Coalescence-mGAM-p3,41,960054,G8-e003Coalescence-mGAM-p5_S77,102316
56,A8-e003Coalescence-mBHI-p5,56,1099058,G8-e003Coalescence-mGAM-p5_S77,102316
57,A10-e003Coalescence-mBHI-p7,64,1171728,G8-e003Coalescence-mGAM-p5_S77,102316
58,A2-e003Coalescence-mGAM-p5,66,1119246,G8-e003Coalescence-mGAM-p5_S77,102316
59,C8-e003Coalescence-mBHI-p5,58,1251387,G8-e003Coalescence-mGAM-p5_S77,102316
60,A11-e003Coalescence-mBHI-p3,81,1455400,G8-e003Coalescence-mGAM-p5_S77,102316
61,E2-e003Coalescence-mGAM-p7_S145,16,960650,G8-e003Coalescence-mGAM-p5_S77,102316
62,E8-e003Coalescence-mBHI-p5_S5,25,1129168,G8-e003Coalescence-mGAM-p5_S77,102316
63,H111-e003Coalescence-mBHI-p3_S144,19364,1229895,G8-e003Coalescence-mGAM-p5_S77,102316
64,E100-e003Coalescence-mGAM-p3_S155,6,1310955,G8-e003Coalescence-mGAM-p5_S77,102316
65,E111-e003Coalescence-mBHI-p5_S8,61,719187,G8-e003Coalescence-mGAM-p5_S77,102316
66,H100-e003Coalescence-mBHI-p5_S43,16017,1043416,G8-e003Coalescence-mGAM-p5_S77,102316
67,H8-e003Coalescence-mBHI-p7_S137,57,1241668,G8-e003Coalescence-mGAM-p5_S77,102316
68,G8-e003Coalescence-mGAM-p5_S77,0,1348310,G8-e003Coalescence-mGAM-p5_S77,102316
69,H8-e003Coalescence-mBHI-p5_S41,51,797551,G8-e003Coalescence-mGAM-p5_S77,102316
70,E100-e003Coalescence-mBHI-p5_S7,13,890217,G8-e003Coalescence-mGAM-p5_S77,102316
71,E100-e003Coalescence-mGAM-p5_S55,4,809705,G8-e003Coalescence-mGAM-p5_S77,102316
72,H111-e003Coalescence-mBHI-p5_S44,10152,674095,G8-e003Coalescence-mGAM-p5_S77,102316
73,E2-e003Coalescence-mGAM-p3_S57,27,1046865,G8-e003Coalescence-mGAM-p5_S77,102316
74,H100-e003Coalescence-mBHI-p7_S139,19905,1277434,G8-e003Coalescence-mGAM-p5_S77,102316
75,G8-e003Coalescence-mBHI-p5_S29,9,748494,G8-e003Coalescence-mGAM-p5_S77,102316
76,E8-e003Coalescence-mBHI-p3_S105,13,1300226,G8-e003Coalescence-mGAM-p5_S77,102316
77,E8-e003Coalescence-mGAM-p7_S149,10,1417361,G8-e003Coalescence-mGAM-p5_S77,102316
78,H8-e003Coalescence-mGAM-p7_S185,5003,983015,G8-e003Coalescence-mGAM-p5_S77,102316
79,A2-e003Coalescence-Inoculumn-mGAM,46,766653,G8-e003Coalescence-mGAM-p5_S77,102316
80,B8-e003Coalescence-mBHI-p1_S749,73,1268450,G8-e003Coalescence-mGAM-p5_S77,102316
81,A8-e003Coalescence-mBHI-p1_S748,10,1289758,G8-e003Coalescence-mGAM-p5_S77,102316
82,H8-e003Coalescence-mBHI-p1_S815,20,1218424,G8-e003Coalescence-mGAM-p5_S77,102316
83,E8-e003Coalescence-mBHI-p1_S812,27,1401516,G8-e003Coalescence-mGAM-p5_S77,102316
84,G8-e003Coalescence-mGAM-p1_S818,6,827892,G8-e003Coalescence-mGAM-p5_S77,102316
85,D8-e003Coalescence-mGAM-p1_S755,17,701330,G8-e003Coalescence-mGAM-p5_S77,102316
86,A9-e003Coalescence-mBHI-p1_S756,81,1437416,G8-e003Coalescence-mGAM-p5_S77,102316
87,E11-e003Coalescence-mBHI-p1_S836,19,1451168,G8-e003Coalescence-mGAM-p5_S77,102316
88,A10-e003Coalescence-mBHI-p1_S764,4,1193259,G8-e003Coalescence-mGAM-p5_S77,102316
89,A11-e003Coalescence-mBHI-p1_S772,30,1248804,G8-e003Coalescence-mGAM-p5_S77,102316
90,Coalescence-F2-E10-AA-AE-mGAM-mBHI-3_S681,19,1425787,G8-e003Coalescence-mGAM-p5_S77,102316
91,Coalescence-E8-D11-AF-AF-mGAM-mBHI-3_S675,17608,1135698,G8-e003Coalescence-mGAM-p5_S77,102316
92,Coalescence-F10-H8-AA-AF-mGAM-mGAM-3_S689,152,1095751,G8-e003Coalescence-mGAM-p5_S77,102316
93,Coalescence-A10-C11-AE-AF-mGAM-mBHI-7_S629,10683,698926,G8-e003Coalescence-mGAM-p5_S77,102316
94,C_E2_e003Assembly_S242,11,781119,G8-e003Coalescence-mGAM-p5_S77,102316
0,A_A5_A8_AA_AA_mGAM_mBHI_2_S5,13,1417316,H8-e003Coalescence-mBHI-p5_S41,102316
1,A_A8_A11_AF_AA_mGAM_mBHI_2_S8,2,1079879,H8-e003Coalescence-mBHI-p5_S41,102316
2,A_C5_C8_AA_AE_mGAM_mBHI_2_S29,17,1427638,H8-e003Coalescence-mBHI-p5_S41,102316
3,A_D5_D8_AA_AF_mGAM_mBHI_2_S41,10,966462,H8-e003Coalescence-mBHI-p5_S41,102316
4,A_D8_D11_AF_AF_mGAM_mBHI_2_S44,10201,1169381,H8-e003Coalescence-mBHI-p5_S41,102316
5,A_E5_A8_AA_AA_mGAM_mGAM_2_S53,29,1019189,H8-e003Coalescence-mBHI-p5_S41,102316
6,A_E9_A2_AA_AA_mBHI_mGAM_4_S57,24,1413231,H8-e003Coalescence-mBHI-p5_S41,102316
7,A_G1_C2_AA_AE_mBHI_mGAM_2_S73,14,712175,H8-e003Coalescence-mBHI-p5_S41,102316
8,A_G5_C8_AA_AE_mGAM_mGAM_2_S77,70,1416857,H8-e003Coalescence-mBHI-p5_S41,102316
9,A_G9_C2_AA_AE_mBHI_mGAM_4_S81,19,1411062,H8-e003Coalescence-mBHI-p5_S41,102316
10,B_A5_E8_AA_AA_mGAM_mBHI_2_S101,11,1425704,H8-e003Coalescence-mBHI-p5_S41,102316
11,B_A6_E9_ACPP_AA_mGAM_mBHI_2_S102,21,1117375,H8-e003Coalescence-mBHI-p5_S41,102316
12,B_A7_E10_AE_AA_mGAM_mBHI_2_S103,9,1427518,H8-e003Coalescence-mBHI-p5_S41,102316
13,B_A11_A10_AE_AA_mGAM_mBHI_4_S107,6,1383768,H8-e003Coalescence-mBHI-p5_S41,102316
14,B_A12_A11_AF_AA_mGAM_mBHI_4_S108,3,1434911,H8-e003Coalescence-mBHI-p5_S41,102316
15,B_C12_C11_AF_AE_mGAM_mBHI_4_S132,9154,1052319,H8-e003Coalescence-mBHI-p5_S41,102316
16,B_D7_H10_AE_AF_mGAM_mBHI_2_S139,11910,1353892,H8-e003Coalescence-mBHI-p5_S41,102316
17,B_D11_D10_AE_AF_mGAM_mBHI_4_S143,10445,1203283,H8-e003Coalescence-mBHI-p5_S41,102316
18,B_E5_E8_AA_AA_mGAM_mGAM_2_S149,32,946657,H8-e003Coalescence-mBHI-p5_S41,102316
19,B_E7_E10_AE_AA_mGAM_mGAM_2_S151,43,1444031,H8-e003Coalescence-mBHI-p5_S41,102316
20,B_E8_E11_AF_AA_mGAM_mGAM_2_S152,20,849793,H8-e003Coalescence-mBHI-p5_S41,102316
21,B_E11_A10_AE_AA_mGAM_mGAM_4_S155,9,1028220,H8-e003Coalescence-mBHI-p5_S41,102316
22,B_G1_G2_AA_AE_mBHI_mGAM_2_S169,18,1033473,H8-e003Coalescence-mBHI-p5_S41,102316
23,B_H5_H8_AA_AF_mGAM_mGAM_2_S185,21,1427983,H8-e003Coalescence-mBHI-p5_S41,102316
24,C_C5_C8_AA_AE_mGAM_mBHI_6_S221,8,977407,H8-e003Coalescence-mBHI-p5_S41,102316
25,C_C8_C11_AF_AE_mGAM_mBHI_6_S224,10676,1218207,H8-e003Coalescence-mBHI-p5_S41,102316
26,C_D5_D8_AA_AF_mGAM_mBHI_6_S233,24,1127572,H8-e003Coalescence-mBHI-p5_S41,102316
27,C_D7_D10_AE_AF_mGAM_mBHI_6_S235,12379,1404179,H8-e003Coalescence-mBHI-p5_S41,102316
28,C_E5_A8_AA_AA_mGAM_mGAM_6_S245,53,1431755,H8-e003Coalescence-mBHI-p5_S41,102316
29,C_E7_A10_AE_AA_mGAM_mGAM_6_S247,14,1413289,H8-e003Coalescence-mBHI-p5_S41,102316
30,C_E9_E2_AA_AA_mBHI_mGAM_4_S249,19,1403356,H8-e003Coalescence-mBHI-p5_S41,102316
31,C_E11_E4_AE_AA_mBHI_mGAM_4_S251,10,1422885,H8-e003Coalescence-mBHI-p5_S41,102316
32,D_A6_A9_ACPP_AA_mGAM_mBHI_6_S294,11,1440130,H8-e003Coalescence-mBHI-p5_S41,102316
33,D_A7_A10_AE_AA_mGAM_mBHI_6_S295,14,1433602,H8-e003Coalescence-mBHI-p5_S41,102316
34,D_A8_A11_AF_AA_mGAM_mBHI_6_S296,1,1436671,H8-e003Coalescence-mBHI-p5_S41,102316
35,D_A9_E8_AA_AA_mGAM_mBHI_4_S297,15,1437286,H8-e003Coalescence-mBHI-p5_S41,102316
36,D_A12_E11_AF_AA_mGAM_mBHI_4_S300,3,1396823,H8-e003Coalescence-mBHI-p5_S41,102316
37,D_C8_C11_AF_AE_mGAM_mBHI_6_S320,11293,1292174,H8-e003Coalescence-mBHI-p5_S41,102316
38,D_C9_G8_AA_AE_mGAM_mBHI_4_S321,13,1110163,H8-e003Coalescence-mBHI-p5_S41,102316
39,D_C12_G11_AF_AE_mGAM_mBHI_4_S324,11722,1330220,H8-e003Coalescence-mBHI-p5_S41,102316
40,D_D7_D10_AE_AF_mGAM_mBHI_6_S331,11721,1338259,H8-e003Coalescence-mBHI-p5_S41,102316
41,D_D11_H10_AE_AF_mGAM_mBHI_4_S335,11574,1308265,H8-e003Coalescence-mBHI-p5_S41,102316
42,D_E1_A2_AA_AA_mBHI_mGAM_6_S337,16,1436963,H8-e003Coalescence-mBHI-p5_S41,102316
43,D_E3_A4_AE_AA_mBHI_mGAM_6_S339,13,1417311,H8-e003Coalescence-mBHI-p5_S41,102316
44,D_E6_A9_ACPP_AA_mGAM_mGAM_6_S342,42,1303681,H8-e003Coalescence-mBHI-p5_S41,102316
45,D_E7_A10_AE_AA_mGAM_mGAM_6_S343,13,1343749,H8-e003Coalescence-mBHI-p5_S41,102316
46,D_E9_E8_AA_AA_mGAM_mGAM_4_S345,78,1400809,H8-e003Coalescence-mBHI-p5_S41,102316
47,D_E11_E10_AE_AA_mGAM_mGAM_4_S347,15,1397326,H8-e003Coalescence-mBHI-p5_S41,102316
48,D_G1_C2_AA_AE_mBHI_mGAM_6_S361,8,712918,H8-e003Coalescence-mBHI-p5_S41,102316
49,D_H5_D8_AA_AF_mGAM_mGAM_6_S377,2126,1125549,H8-e003Coalescence-mBHI-p5_S41,102316
50,D10-e003Coalescence-mBHI-p3,6234,721454,H8-e003Coalescence-mBHI-p5_S41,102316
51,C2-e003Coalescence-mGAM-p7,42,1453552,H8-e003Coalescence-mBHI-p5_S41,102316
52,D10-e003Coalescence-mBHI-p5,6255,723373,H8-e003Coalescence-mBHI-p5_S41,102316
53,D8-e003Coalescence-mBHI-p5,64,795854,H8-e003Coalescence-mBHI-p5_S41,102316
54,A8-e003Coalescence-mBHI-p7,32,1437763,H8-e003Coalescence-mBHI-p5_S41,102316
55,A10-e003Coalescence-mGAM-p3,29,960054,H8-e003Coalescence-mBHI-p5_S41,102316
56,A8-e003Coalescence-mBHI-p5,12,1099058,H8-e003Coalescence-mBHI-p5_S41,102316
57,A10-e003Coalescence-mBHI-p7,26,1171728,H8-e003Coalescence-mBHI-p5_S41,102316
58,A2-e003Coalescence-mGAM-p5,21,1119246,H8-e003Coalescence-mBHI-p5_S41,102316
59,C8-e003Coalescence-mBHI-p5,26,1251387,H8-e003Coalescence-mBHI-p5_S41,102316
60,A11-e003Coalescence-mBHI-p3,28,1455400,H8-e003Coalescence-mBHI-p5_S41,102316
61,E2-e003Coalescence-mGAM-p7_S145,10,960650,H8-e003Coalescence-mBHI-p5_S41,102316
62,E8-e003Coalescence-mBHI-p5_S5,11,1129168,H8-e003Coalescence-mBHI-p5_S41,102316
63,H111-e003Coalescence-mBHI-p3_S144,10848,1229895,H8-e003Coalescence-mBHI-p5_S41,102316
64,E100-e003Coalescence-mGAM-p3_S155,19,1310955,H8-e003Coalescence-mBHI-p5_S41,102316
65,E111-e003Coalescence-mBHI-p5_S8,26,719187,H8-e003Coalescence-mBHI-p5_S41,102316
66,H100-e003Coalescence-mBHI-p5_S43,9028,1043416,H8-e003Coalescence-mBHI-p5_S41,102316
67,H8-e003Coalescence-mBHI-p7_S137,4,1241668,H8-e003Coalescence-mBHI-p5_S41,102316
68,G8-e003Coalescence-mGAM-p5_S77,51,1348310,H8-e003Coalescence-mBHI-p5_S41,102316
69,H8-e003Coalescence-mBHI-p5_S41,0,797551,H8-e003Coalescence-mBHI-p5_S41,102316
70,E100-e003Coalescence-mBHI-p5_S7,6,890217,H8-e003Coalescence-mBHI-p5_S41,102316
71,E100-e003Coalescence-mGAM-p5_S55,7,809705,H8-e003Coalescence-mBHI-p5_S41,102316
72,H111-e003Coalescence-mBHI-p5_S44,5834,674095,H8-e003Coalescence-mBHI-p5_S41,102316
73,E2-e003Coalescence-mGAM-p3_S57,12,1046865,H8-e003Coalescence-mBHI-p5_S41,102316
74,H100-e003Coalescence-mBHI-p7_S139,11121,1277434,H8-e003Coalescence-mBHI-p5_S41,102316
75,G8-e003Coalescence-mBHI-p5_S29,2,748494,H8-e003Coalescence-mBHI-p5_S41,102316
76,E8-e003Coalescence-mBHI-p3_S105,10,1300226,H8-e003Coalescence-mBHI-p5_S41,102316
77,E8-e003Coalescence-mGAM-p7_S149,75,1417361,H8-e003Coalescence-mBHI-p5_S41,102316
78,H8-e003Coalescence-mGAM-p7_S185,2715,983015,H8-e003Coalescence-mBHI-p5_S41,102316
79,A2-e003Coalescence-Inoculumn-mGAM,44,766653,H8-e003Coalescence-mBHI-p5_S41,102316
80,B8-e003Coalescence-mBHI-p1_S749,58,1268450,H8-e003Coalescence-mBHI-p5_S41,102316
81,A8-e003Coalescence-mBHI-p1_S748,17,1289758,H8-e003Coalescence-mBHI-p5_S41,102316
82,H8-e003Coalescence-mBHI-p1_S815,27,1218424,H8-e003Coalescence-mBHI-p5_S41,102316
83,E8-e003Coalescence-mBHI-p1_S812,16,1401516,H8-e003Coalescence-mBHI-p5_S41,102316
84,G8-e003Coalescence-mGAM-p1_S818,27,827892,H8-e003Coalescence-mBHI-p5_S41,102316
85,D8-e003Coalescence-mGAM-p1_S755,28,701330,H8-e003Coalescence-mBHI-p5_S41,102316
86,A9-e003Coalescence-mBHI-p1_S756,51,1437416,H8-e003Coalescence-mBHI-p5_S41,102316
87,E11-e003Coalescence-mBHI-p1_S836,19,1451168,H8-e003Coalescence-mBHI-p5_S41,102316
88,A10-e003Coalescence-mBHI-p1_S764,15,1193259,H8-e003Coalescence-mBHI-p5_S41,102316
89,A11-e003Coalescence-mBHI-p1_S772,22,1248804,H8-e003Coalescence-mBHI-p5_S41,102316
90,Coalescence-F2-E10-AA-AE-mGAM-mBHI-3_S681,12,1425787,H8-e003Coalescence-mBHI-p5_S41,102316
91,Coalescence-E8-D11-AF-AF-mGAM-mBHI-3_S675,9898,1135698,H8-e003Coalescence-mBHI-p5_S41,102316
92,Coalescence-F10-H8-AA-AF-mGAM-mGAM-3_S689,71,1095751,H8-e003Coalescence-mBHI-p5_S41,102316
93,Coalescence-A10-C11-AE-AF-mGAM-mBHI-7_S629,5951,698926,H8-e003Coalescence-mBHI-p5_S41,102316
94,C_E2_e003Assembly_S242,41,781119,H8-e003Coalescence-mBHI-p5_S41,102316
0,A_A5_A8_AA_AA_mGAM_mBHI_2_S5,2,1417316,E100-e003Coalescence-mBHI-p5_S7,102316
1,A_A8_A11_AF_AA_mGAM_mBHI_2_S8,2,1079879,E100-e003Coalescence-mBHI-p5_S7,102316
2,A_C5_C8_AA_AE_mGAM_mBHI_2_S29,1,1427638,E100-e003Coalescence-mBHI-p5_S7,102316
3,A_D5_D8_AA_AF_mGAM_mBHI_2_S41,13,966462,E100-e003Coalescence-mBHI-p5_S7,102316
4,A_D8_D11_AF_AF_mGAM_mBHI_2_S44,11653,1169381,E100-e003Coalescence-mBHI-p5_S7,102316
5,A_E5_A8_AA_AA_mGAM_mGAM_2_S53,7,1019189,E100-e003Coalescence-mBHI-p5_S7,102316
6,A_E9_A2_AA_AA_mBHI_mGAM_4_S57,7,1413231,E100-e003Coalescence-mBHI-p5_S7,102316
7,A_G1_C2_AA_AE_mBHI_mGAM_2_S73,4,712175,E100-e003Coalescence-mBHI-p5_S7,102316
8,A_G5_C8_AA_AE_mGAM_mGAM_2_S77,25,1416857,E100-e003Coalescence-mBHI-p5_S7,102316
9,A_G9_C2_AA_AE_mBHI_mGAM_4_S81,0,1411062,E100-e003Coalescence-mBHI-p5_S7,102316
10,B_A5_E8_AA_AA_mGAM_mBHI_2_S101,0,1425704,E100-e003Coalescence-mBHI-p5_S7,102316
11,B_A6_E9_ACPP_AA_mGAM_mBHI_2_S102,8,1117375,E100-e003Coalescence-mBHI-p5_S7,102316
12,B_A7_E10_AE_AA_mGAM_mBHI_2_S103,1,1427518,E100-e003Coalescence-mBHI-p5_S7,102316
13,B_A11_A10_AE_AA_mGAM_mBHI_4_S107,0,1383768,E100-e003Coalescence-mBHI-p5_S7,102316
14,B_A12_A11_AF_AA_mGAM_mBHI_4_S108,1,1434911,E100-e003Coalescence-mBHI-p5_S7,102316
15,B_C12_C11_AF_AE_mGAM_mBHI_4_S132,10467,1052319,E100-e003Coalescence-mBHI-p5_S7,102316
16,B_D7_H10_AE_AF_mGAM_mBHI_2_S139,13648,1353892,E100-e003Coalescence-mBHI-p5_S7,102316
17,B_D11_D10_AE_AF_mGAM_mBHI_4_S143,12136,1203283,E100-e003Coalescence-mBHI-p5_S7,102316
18,B_E5_E8_AA_AA_mGAM_mGAM_2_S149,15,946657,E100-e003Coalescence-mBHI-p5_S7,102316
19,B_E7_E10_AE_AA_mGAM_mGAM_2_S151,15,1444031,E100-e003Coalescence-mBHI-p5_S7,102316
20,B_E8_E11_AF_AA_mGAM_mGAM_2_S152,9,849793,E100-e003Coalescence-mBHI-p5_S7,102316
21,B_E11_A10_AE_AA_mGAM_mGAM_4_S155,5,1028220,E100-e003Coalescence-mBHI-p5_S7,102316
22,B_G1_G2_AA_AE_mBHI_mGAM_2_S169,16,1033473,E100-e003Coalescence-mBHI-p5_S7,102316
23,B_H5_H8_AA_AF_mGAM_mGAM_2_S185,10,1427983,E100-e003Coalescence-mBHI-p5_S7,102316
24,C_C5_C8_AA_AE_mGAM_mBHI_6_S221,0,977407,E100-e003Coalescence-mBHI-p5_S7,102316
25,C_C8_C11_AF_AE_mGAM_mBHI_6_S224,12186,1218207,E100-e003Coalescence-mBHI-p5_S7,102316
26,C_D5_D8_AA_AF_mGAM_mBHI_6_S233,45,1127572,E100-e003Coalescence-mBHI-p5_S7,102316
27,C_D7_D10_AE_AF_mGAM_mBHI_6_S235,14174,1404179,E100-e003Coalescence-mBHI-p5_S7,102316
28,C_E5_A8_AA_AA_mGAM_mGAM_6_S245,28,1431755,E100-e003Coalescence-mBHI-p5_S7,102316
29,C_E7_A10_AE_AA_mGAM_mGAM_6_S247,2,1413289,E100-e003Coalescence-mBHI-p5_S7,102316
30,C_E9_E2_AA_AA_mBHI_mGAM_4_S249,10,1403356,E100-e003Coalescence-mBHI-p5_S7,102316
31,C_E11_E4_AE_AA_mBHI_mGAM_4_S251,0,1422885,E100-e003Coalescence-mBHI-p5_S7,102316
32,D_A6_A9_ACPP_AA_mGAM_mBHI_6_S294,0,1440130,E100-e003Coalescence-mBHI-p5_S7,102316
33,D_A7_A10_AE_AA_mGAM_mBHI_6_S295,0,1433602,E100-e003Coalescence-mBHI-p5_S7,102316
34,D_A8_A11_AF_AA_mGAM_mBHI_6_S296,4,1436671,E100-e003Coalescence-mBHI-p5_S7,102316
35,D_A9_E8_AA_AA_mGAM_mBHI_4_S297,1,1437286,E100-e003Coalescence-mBHI-p5_S7,102316
36,D_A12_E11_AF_AA_mGAM_mBHI_4_S300,6,1396823,E100-e003Coalescence-mBHI-p5_S7,102316
37,D_C8_C11_AF_AE_mGAM_mBHI_6_S320,12938,1292174,E100-e003Coalescence-mBHI-p5_S7,102316
38,D_C9_G8_AA_AE_mGAM_mBHI_4_S321,0,1110163,E100-e003Coalescence-mBHI-p5_S7,102316
39,D_C12_G11_AF_AE_mGAM_mBHI_4_S324,13500,1330220,E100-e003Coalescence-mBHI-p5_S7,102316
40,D_D7_D10_AE_AF_mGAM_mBHI_6_S331,13496,1338259,E100-e003Coalescence-mBHI-p5_S7,102316
41,D_D11_H10_AE_AF_mGAM_mBHI_4_S335,13255,1308265,E100-e003Coalescence-mBHI-p5_S7,102316
42,D_E1_A2_AA_AA_mBHI_mGAM_6_S337,3,1436963,E100-e003Coalescence-mBHI-p5_S7,102316
43,D_E3_A4_AE_AA_mBHI_mGAM_6_S339,2,1417311,E100-e003Coalescence-mBHI-p5_S7,102316
44,D_E6_A9_ACPP_AA_mGAM_mGAM_6_S342,20,1303681,E100-e003Coalescence-mBHI-p5_S7,102316
45,D_E7_A10_AE_AA_mGAM_mGAM_6_S343,1,1343749,E100-e003Coalescence-mBHI-p5_S7,102316
46,D_E9_E8_AA_AA_mGAM_mGAM_4_S345,33,1400809,E100-e003Coalescence-mBHI-p5_S7,102316
47,D_E11_E10_AE_AA_mGAM_mGAM_4_S347,1,1397326,E100-e003Coalescence-mBHI-p5_S7,102316
48,D_G1_C2_AA_AE_mBHI_mGAM_6_S361,5,712918,E100-e003Coalescence-mBHI-p5_S7,102316
49,D_H5_D8_AA_AF_mGAM_mGAM_6_S377,2411,1125549,E100-e003Coalescence-mBHI-p5_S7,102316
50,D10-e003Coalescence-mBHI-p3,7318,721454,E100-e003Coalescence-mBHI-p5_S7,102316
51,C2-e003Coalescence-mGAM-p7,37,1453552,E100-e003Coalescence-mBHI-p5_S7,102316
52,D10-e003Coalescence-mBHI-p5,7359,723373,E100-e003Coalescence-mBHI-p5_S7,102316
53,D8-e003Coalescence-mBHI-p5,49,795854,E100-e003Coalescence-mBHI-p5_S7,102316
54,A8-e003Coalescence-mBHI-p7,33,1437763,E100-e003Coalescence-mBHI-p5_S7,102316
55,A10-e003Coalescence-mGAM-p3,31,960054,E100-e003Coalescence-mBHI-p5_S7,102316
56,A8-e003Coalescence-mBHI-p5,22,1099058,E100-e003Coalescence-mBHI-p5_S7,102316
57,A10-e003Coalescence-mBHI-p7,28,1171728,E100-e003Coalescence-mBHI-p5_S7,102316
58,A2-e003Coalescence-mGAM-p5,24,1119246,E100-e003Coalescence-mBHI-p5_S7,102316
59,C8-e003Coalescence-mBHI-p5,24,1251387,E100-e003Coalescence-mBHI-p5_S7,102316
60,A11-e003Coalescence-mBHI-p3,35,1455400,E100-e003Coalescence-mBHI-p5_S7,102316
61,E2-e003Coalescence-mGAM-p7_S145,2,960650,E100-e003Coalescence-mBHI-p5_S7,102316
62,E8-e003Coalescence-mBHI-p5_S5,1,1129168,E100-e003Coalescence-mBHI-p5_S7,102316
63,H111-e003Coalescence-mBHI-p3_S144,12337,1229895,E100-e003Coalescence-mBHI-p5_S7,102316
64,E100-e003Coalescence-mGAM-p3_S155,1,1310955,E100-e003Coalescence-mBHI-p5_S7,102316
65,E111-e003Coalescence-mBHI-p5_S8,34,719187,E100-e003Coalescence-mBHI-p5_S7,102316
66,H100-e003Coalescence-mBHI-p5_S43,10273,1043416,E100-e003Coalescence-mBHI-p5_S7,102316
67,H8-e003Coalescence-mBHI-p7_S137,6,1241668,E100-e003Coalescence-mBHI-p5_S7,102316
68,G8-e003Coalescence-mGAM-p5_S77,13,1348310,E100-e003Coalescence-mBHI-p5_S7,102316
69,H8-e003Coalescence-mBHI-p5_S41,6,797551,E100-e003Coalescence-mBHI-p5_S7,102316
70,E100-e003Coalescence-mBHI-p5_S7,0,890217,E100-e003Coalescence-mBHI-p5_S7,102316
71,E100-e003Coalescence-mGAM-p5_S55,0,809705,E100-e003Coalescence-mBHI-p5_S7,102316
72,H111-e003Coalescence-mBHI-p5_S44,6550,674095,E100-e003Coalescence-mBHI-p5_S7,102316
73,E2-e003Coalescence-mGAM-p3_S57,6,1046865,E100-e003Coalescence-mBHI-p5_S7,102316
74,H100-e003Coalescence-mBHI-p7_S139,12867,1277434,E100-e003Coalescence-mBHI-p5_S7,102316
75,G8-e003Coalescence-mBHI-p5_S29,1,748494,E100-e003Coalescence-mBHI-p5_S7,102316
76,E8-e003Coalescence-mBHI-p3_S105,3,1300226,E100-e003Coalescence-mBHI-p5_S7,102316
77,E8-e003Coalescence-mGAM-p7_S149,33,1417361,E100-e003Coalescence-mBHI-p5_S7,102316
78,H8-e003Coalescence-mGAM-p7_S185,3152,983015,E100-e003Coalescence-mBHI-p5_S7,102316
79,A2-e003Coalescence-Inoculumn-mGAM,35,766653,E100-e003Coalescence-mBHI-p5_S7,102316
80,B8-e003Coalescence-mBHI-p1_S749,34,1268450,E100-e003Coalescence-mBHI-p5_S7,102316
81,A8-e003Coalescence-mBHI-p1_S748,1,1289758,E100-e003Coalescence-mBHI-p5_S7,102316
82,H8-e003Coalescence-mBHI-p1_S815,7,1218424,E100-e003Coalescence-mBHI-p5_S7,102316
83,E8-e003Coalescence-mBHI-p1_S812,2,1401516,E100-e003Coalescence-mBHI-p5_S7,102316
84,G8-e003Coalescence-mGAM-p1_S818,10,827892,E100-e003Coalescence-mBHI-p5_S7,102316
85,D8-e003Coalescence-mGAM-p1_S755,14,701330,E100-e003Coalescence-mBHI-p5_S7,102316
86,A9-e003Coalescence-mBHI-p1_S756,32,1437416,E100-e003Coalescence-mBHI-p5_S7,102316
87,E11-e003Coalescence-mBHI-p1_S836,7,1451168,E100-e003Coalescence-mBHI-p5_S7,102316
88,A10-e003Coalescence-mBHI-p1_S764,0,1193259,E100-e003Coalescence-mBHI-p5_S7,102316
89,A11-e003Coalescence-mBHI-p1_S772,7,1248804,E100-e003Coalescence-mBHI-p5_S7,102316
90,Coalescence-F2-E10-AA-AE-mGAM-mBHI-3_S681,0,1425787,E100-e003Coalescence-mBHI-p5_S7,102316
91,Coalescence-E8-D11-AF-AF-mGAM-mBHI-3_S675,11268,1135698,E100-e003Coalescence-mBHI-p5_S7,102316
92,Coalescence-F10-H8-AA-AF-mGAM-mGAM-3_S689,58,1095751,E100-e003Coalescence-mBHI-p5_S7,102316
93,Coalescence-A10-C11-AE-AF-mGAM-mBHI-7_S629,6965,698926,E100-e003Coalescence-mBHI-p5_S7,102316
94,C_E2_e003Assembly_S242,18,781119,E100-e003Coalescence-mBHI-p5_S7,102316
0,A_A5_A8_AA_AA_mGAM_mBHI_2_S5,3,1417316,E100-e003Coalescence-mGAM-p5_S55,102316
1,A_A8_A11_AF_AA_mGAM_mBHI_2_S8,4,1079879,E100-e003Coalescence-mGAM-p5_S55,102316
2,A_C5_C8_AA_AE_mGAM_mBHI_2_S29,3,1427638,E100-e003Coalescence-mGAM-p5_S55,102316
3,A_D5_D8_AA_AF_mGAM_mBHI_2_S41,14,966462,E100-e003Coalescence-mGAM-p5_S55,102316
4,A_D8_D11_AF_AF_mGAM_mBHI_2_S44,10702,1169381,E100-e003Coalescence-mGAM-p5_S55,102316
5,A_E5_A8_AA_AA_mGAM_mGAM_2_S53,20,1019189,E100-e003Coalescence-mGAM-p5_S55,102316
6,A_E9_A2_AA_AA_mBHI_mGAM_4_S57,3,1413231,E100-e003Coalescence-mGAM-p5_S55,102316
7,A_G1_C2_AA_AE_mBHI_mGAM_2_S73,3,712175,E100-e003Coalescence-mGAM-p5_S55,102316
8,A_G5_C8_AA_AE_mGAM_mGAM_2_S77,22,1416857,E100-e003Coalescence-mGAM-p5_S55,102316
9,A_G9_C2_AA_AE_mBHI_mGAM_4_S81,7,1411062,E100-e003Coalescence-mGAM-p5_S55,102316
10,B_A5_E8_AA_AA_mGAM_mBHI_2_S101,3,1425704,E100-e003Coalescence-mGAM-p5_S55,102316
11,B_A6_E9_ACPP_AA_mGAM_mBHI_2_S102,1,1117375,E100-e003Coalescence-mGAM-p5_S55,102316
12,B_A7_E10_AE_AA_mGAM_mBHI_2_S103,2,1427518,E100-e003Coalescence-mGAM-p5_S55,102316
13,B_A11_A10_AE_AA_mGAM_mBHI_4_S107,5,1383768,E100-e003Coalescence-mGAM-p5_S55,102316
14,B_A12_A11_AF_AA_mGAM_mBHI_4_S108,2,1434911,E100-e003Coalescence-mGAM-p5_S55,102316
15,B_C12_C11_AF_AE_mGAM_mBHI_4_S132,9551,1052319,E100-e003Coalescence-mGAM-p5_S55,102316
16,B_D7_H10_AE_AF_mGAM_mBHI_2_S139,12514,1353892,E100-e003Coalescence-mGAM-p5_S55,102316
17,B_D11_D10_AE_AF_mGAM_mBHI_4_S143,11028,1203283,E100-e003Coalescence-mGAM-p5_S55,102316
18,B_E5_E8_AA_AA_mGAM_mGAM_2_S149,22,946657,E100-e003Coalescence-mGAM-p5_S55,102316
19,B_E7_E10_AE_AA_mGAM_mGAM_2_S151,10,1444031,E100-e003Coalescence-mGAM-p5_S55,102316
20,B_E8_E11_AF_AA_mGAM_mGAM_2_S152,6,849793,E100-e003Coalescence-mGAM-p5_S55,102316
21,B_E11_A10_AE_AA_mGAM_mGAM_4_S155,2,1028220,E100-e003Coalescence-mGAM-p5_S55,102316
22,B_G1_G2_AA_AE_mBHI_mGAM_2_S169,8,1033473,E100-e003Coalescence-mGAM-p5_S55,102316
23,B_H5_H8_AA_AF_mGAM_mGAM_2_S185,1,1427983,E100-e003Coalescence-mGAM-p5_S55,102316
24,C_C5_C8_AA_AE_mGAM_mBHI_6_S221,0,977407,E100-e003Coalescence-mGAM-p5_S55,102316
25,C_C8_C11_AF_AE_mGAM_mBHI_6_S224,11122,1218207,E100-e003Coalescence-mGAM-p5_S55,102316
26,C_D5_D8_AA_AF_mGAM_mBHI_6_S233,39,1127572,E100-e003Coalescence-mGAM-p5_S55,102316
27,C_D7_D10_AE_AF_mGAM_mBHI_6_S235,12921,1404179,E100-e003Coalescence-mGAM-p5_S55,102316
28,C_E5_A8_AA_AA_mGAM_mGAM_6_S245,25,1431755,E100-e003Coalescence-mGAM-p5_S55,102316
29,C_E7_A10_AE_AA_mGAM_mGAM_6_S247,1,1413289,E100-e003Coalescence-mGAM-p5_S55,102316
30,C_E9_E2_AA_AA_mBHI_mGAM_4_S249,6,1403356,E100-e003Coalescence-mGAM-p5_S55,102316
31,C_E11_E4_AE_AA_mBHI_mGAM_4_S251,3,1422885,E100-e003Coalescence-mGAM-p5_S55,102316
32,D_A6_A9_ACPP_AA_mGAM_mBHI_6_S294,2,1440130,E100-e003Coalescence-mGAM-p5_S55,102316
33,D_A7_A10_AE_AA_mGAM_mBHI_6_S295,1,1433602,E100-e003Coalescence-mGAM-p5_S55,102316
34,D_A8_A11_AF_AA_mGAM_mBHI_6_S296,8,1436671,E100-e003Coalescence-mGAM-p5_S55,102316
35,D_A9_E8_AA_AA_mGAM_mBHI_4_S297,1,1437286,E100-e003Coalescence-mGAM-p5_S55,102316
36,D_A12_E11_AF_AA_mGAM_mBHI_4_S300,5,1396823,E100-e003Coalescence-mGAM-p5_S55,102316
37,D_C8_C11_AF_AE_mGAM_mBHI_6_S320,11871,1292174,E100-e003Coalescence-mGAM-p5_S55,102316
38,D_C9_G8_AA_AE_mGAM_mBHI_4_S321,1,1110163,E100-e003Coalescence-mGAM-p5_S55,102316
39,D_C12_G11_AF_AE_mGAM_mBHI_4_S324,12223,1330220,E100-e003Coalescence-mGAM-p5_S55,102316
40,D_D7_D10_AE_AF_mGAM_mBHI_6_S331,12320,1338259,E100-e003Coalescence-mGAM-p5_S55,102316
41,D_D11_H10_AE_AF_mGAM_mBHI_4_S335,12091,1308265,E100-e003Coalescence-mGAM-p5_S55,102316
42,D_E1_A2_AA_AA_mBHI_mGAM_6_S337,7,1436963,E100-e003Coalescence-mGAM-p5_S55,102316
43,D_E3_A4_AE_AA_mBHI_mGAM_6_S339,3,1417311,E100-e003Coalescence-mGAM-p5_S55,102316
44,D_E6_A9_ACPP_AA_mGAM_mGAM_6_S342,7,1303681,E100-e003Coalescence-mGAM-p5_S55,102316
45,D_E7_A10_AE_AA_mGAM_mGAM_6_S343,4,1343749,E100-e003Coalescence-mGAM-p5_S55,102316
46,D_E9_E8_AA_AA_mGAM_mGAM_4_S345,33,1400809,E100-e003Coalescence-mGAM-p5_S55,102316
47,D_E11_E10_AE_AA_mGAM_mGAM_4_S347,3,1397326,E100-e003Coalescence-mGAM-p5_S55,102316
48,D_G1_C2_AA_AE_mBHI_mGAM_6_S361,10,712918,E100-e003Coalescence-mGAM-p5_S55,102316
49,D_H5_D8_AA_AF_mGAM_mGAM_6_S377,2301,1125549,E100-e003Coalescence-mGAM-p5_S55,102316
50,D10-e003Coalescence-mBHI-p3,6679,721454,E100-e003Coalescence-mGAM-p5_S55,102316
51,C2-e003Coalescence-mGAM-p7,30,1453552,E100-e003Coalescence-mGAM-p5_S55,102316
52,D10-e003Coalescence-mBHI-p5,6534,723373,E100-e003Coalescence-mGAM-p5_S55,102316
53,D8-e003Coalescence-mBHI-p5,50,795854,E100-e003Coalescence-mGAM-p5_S55,102316
54,A8-e003Coalescence-mBHI-p7,24,1437763,E100-e003Coalescence-mGAM-p5_S55,102316
55,A10-e003Coalescence-mGAM-p3,11,960054,E100-e003Coalescence-mGAM-p5_S55,102316
56,A8-e003Coalescence-mBHI-p5,13,1099058,E100-e003Coalescence-mGAM-p5_S55,102316
57,A10-e003Coalescence-mBHI-p7,18,1171728,E100-e003Coalescence-mGAM-p5_S55,102316
58,A2-e003Coalescence-mGAM-p5,21,1119246,E100-e003Coalescence-mGAM-p5_S55,102316
59,C8-e003Coalescence-mBHI-p5,14,1251387,E100-e003Coalescence-mGAM-p5_S55,102316
60,A11-e003Coalescence-mBHI-p3,20,1455400,E100-e003Coalescence-mGAM-p5_S55,102316
61,E2-e003Coalescence-mGAM-p7_S145,3,960650,E100-e003Coalescence-mGAM-p5_S55,102316
62,E8-e003Coalescence-mBHI-p5_S5,1,1129168,E100-e003Coalescence-mGAM-p5_S55,102316
63,H111-e003Coalescence-mBHI-p3_S144,11383,1229895,E100-e003Coalescence-mGAM-p5_S55,102316
64,E100-e003Coalescence-mGAM-p3_S155,6,1310955,E100-e003Coalescence-mGAM-p5_S55,102316
65,E111-e003Coalescence-mBHI-p5_S8,31,719187,E100-e003Coalescence-mGAM-p5_S55,102316
66,H100-e003Coalescence-mBHI-p5_S43,9465,1043416,E100-e003Coalescence-mGAM-p5_S55,102316
67,H8-e003Coalescence-mBHI-p7_S137,14,1241668,E100-e003Coalescence-mGAM-p5_S55,102316
68,G8-e003Coalescence-mGAM-p5_S77,4,1348310,E100-e003Coalescence-mGAM-p5_S55,102316
69,H8-e003Coalescence-mBHI-p5_S41,7,797551,E100-e003Coalescence-mGAM-p5_S55,102316
70,E100-e003Coalescence-mBHI-p5_S7,0,890217,E100-e003Coalescence-mGAM-p5_S55,102316
71,E100-e003Coalescence-mGAM-p5_S55,0,809705,E100-e003Coalescence-mGAM-p5_S55,102316
72,H111-e003Coalescence-mBHI-p5_S44,6011,674095,E100-e003Coalescence-mGAM-p5_S55,102316
73,E2-e003Coalescence-mGAM-p3_S57,5,1046865,E100-e003Coalescence-mGAM-p5_S55,102316
74,H100-e003Coalescence-mBHI-p7_S139,11709,1277434,E100-e003Coalescence-mGAM-p5_S55,102316
75,G8-e003Coalescence-mBHI-p5_S29,1,748494,E100-e003Coalescence-mGAM-p5_S55,102316
76,E8-e003Coalescence-mBHI-p3_S105,3,1300226,E100-e003Coalescence-mGAM-p5_S55,102316
77,E8-e003Coalescence-mGAM-p7_S149,33,1417361,E100-e003Coalescence-mGAM-p5_S55,102316
78,H8-e003Coalescence-mGAM-p7_S185,2846,983015,E100-e003Coalescence-mGAM-p5_S55,102316
79,A2-e003Coalescence-Inoculumn-mGAM,29,766653,E100-e003Coalescence-mGAM-p5_S55,102316
80,B8-e003Coalescence-mBHI-p1_S749,25,1268450,E100-e003Coalescence-mGAM-p5_S55,102316
81,A8-e003Coalescence-mBHI-p1_S748,0,1289758,E100-e003Coalescence-mGAM-p5_S55,102316
82,H8-e003Coalescence-mBHI-p1_S815,7,1218424,E100-e003Coalescence-mGAM-p5_S55,102316
83,E8-e003Coalescence-mBHI-p1_S812,1,1401516,E100-e003Coalescence-mGAM-p5_S55,102316
84,G8-e003Coalescence-mGAM-p1_S818,16,827892,E100-e003Coalescence-mGAM-p5_S55,102316
85,D8-e003Coalescence-mGAM-p1_S755,14,701330,E100-e003Coalescence-mGAM-p5_S55,102316
86,A9-e003Coalescence-mBHI-p1_S756,25,1437416,E100-e003Coalescence-mGAM-p5_S55,102316
87,E11-e003Coalescence-mBHI-p1_S836,7,1451168,E100-e003Coalescence-mGAM-p5_S55,102316
88,A10-e003Coalescence-mBHI-p1_S764,0,1193259,E100-e003Coalescence-mGAM-p5_S55,102316
89,A11-e003Coalescence-mBHI-p1_S772,5,1248804,E100-e003Coalescence-mGAM-p5_S55,102316
90,Coalescence-F2-E10-AA-AE-mGAM-mBHI-3_S681,3,1425787,E100-e003Coalescence-mGAM-p5_S55,102316
91,Coalescence-E8-D11-AF-AF-mGAM-mBHI-3_S675,10320,1135698,E100-e003Coalescence-mGAM-p5_S55,102316
92,Coalescence-F10-H8-AA-AF-mGAM-mGAM-3_S689,47,1095751,E100-e003Coalescence-mGAM-p5_S55,102316
93,Coalescence-A10-C11-AE-AF-mGAM-mBHI-7_S629,6286,698926,E100-e003Coalescence-mGAM-p5_S55,102316
94,C_E2_e003Assembly_S242,19,781119,E100-e003Coalescence-mGAM-p5_S55,102316
0,A_A5_A8_AA_AA_mGAM_mBHI_2_S5,10777,1417316,H111-e003Coalescence-mBHI-p5_S44,102316
1,A_A8_A11_AF_AA_mGAM_mBHI_2_S8,6850,1079879,H111-e003Coalescence-mBHI-p5_S44,102316
2,A_C5_C8_AA_AE_mGAM_mBHI_2_S29,10865,1427638,H111-e003Coalescence-mBHI-p5_S44,102316
3,A_D5_D8_AA_AF_mGAM_mBHI_2_S41,5080,966462,H111-e003Coalescence-mBHI-p5_S44,102316
4,A_D8_D11_AF_AF_mGAM_mBHI_2_S44,0,1169381,H111-e003Coalescence-mBHI-p5_S44,102316
5,A_E5_A8_AA_AA_mGAM_mGAM_2_S53,7759,1019189,H111-e003Coalescence-mBHI-p5_S44,102316
6,A_E9_A2_AA_AA_mBHI_mGAM_4_S57,10746,1413231,H111-e003Coalescence-mBHI-p5_S44,102316
7,A_G1_C2_AA_AE_mBHI_mGAM_2_S73,5294,712175,H111-e003Coalescence-mBHI-p5_S44,102316
8,A_G5_C8_AA_AE_mGAM_mGAM_2_S77,10770,1416857,H111-e003Coalescence-mBHI-p5_S44,102316
9,A_G9_C2_AA_AE_mBHI_mGAM_4_S81,10579,1411062,H111-e003Coalescence-mBHI-p5_S44,102316
10,B_A5_E8_AA_AA_mGAM_mBHI_2_S101,10858,1425704,H111-e003Coalescence-mBHI-p5_S44,102316
11,B_A6_E9_ACPP_AA_mGAM_mBHI_2_S102,8439,1117375,H111-e003Coalescence-mBHI-p5_S44,102316
12,B_A7_E10_AE_AA_mGAM_mBHI_2_S103,10845,1427518,H111-e003Coalescence-mBHI-p5_S44,102316
13,B_A11_A10_AE_AA_mGAM_mBHI_4_S107,10537,1383768,H111-e003Coalescence-mBHI-p5_S44,102316
14,B_A12_A11_AF_AA_mGAM_mBHI_4_S108,9074,1434911,H111-e003Coalescence-mBHI-p5_S44,102316
15,B_C12_C11_AF_AE_mGAM_mBHI_4_S132,2,1052319,H111-e003Coalescence-mBHI-p5_S44,102316
16,B_D7_H10_AE_AF_mGAM_mBHI_2_S139,8,1353892,H111-e003Coalescence-mBHI-p5_S44,102316
17,B_D11_D10_AE_AF_mGAM_mBHI_4_S143,6,1203283,H111-e003Coalescence-mBHI-p5_S44,102316
18,B_E5_E8_AA_AA_mGAM_mGAM_2_S149,7047,946657,H111-e003Coalescence-mBHI-p5_S44,102316
19,B_E7_E10_AE_AA_mGAM_mGAM_2_S151,10997,1444031,H111-e003Coalescence-mBHI-p5_S44,102316
20,B_E8_E11_AF_AA_mGAM_mGAM_2_S152,5398,849793,H111-e003Coalescence-mBHI-p5_S44,102316
21,B_E11_A10_AE_AA_mGAM_mGAM_4_S155,7750,1028220,H111-e003Coalescence-mBHI-p5_S44,102316
22,B_G1_G2_AA_AE_mBHI_mGAM_2_S169,7882,1033473,H111-e003Coalescence-mBHI-p5_S44,102316
23,B_H5_H8_AA_AF_mGAM_mGAM_2_S185,8145,1427983,H111-e003Coalescence-mBHI-p5_S44,102316
24,C_C5_C8_AA_AE_mGAM_mBHI_6_S221,7302,977407,H111-e003Coalescence-mBHI-p5_S44,102316
25,C_C8_C11_AF_AE_mGAM_mBHI_6_S224,2,1218207,H111-e003Coalescence-mBHI-p5_S44,102316
26,C_D5_D8_AA_AF_mGAM_mBHI_6_S233,5060,1127572,H111-e003Coalescence-mBHI-p5_S44,102316
27,C_D7_D10_AE_AF_mGAM_mBHI_6_S235,9,1404179,H111-e003Coalescence-mBHI-p5_S44,102316
28,C_E5_A8_AA_AA_mGAM_mGAM_6_S245,10833,1431755,H111-e003Coalescence-mBHI-p5_S44,102316
29,C_E7_A10_AE_AA_mGAM_mGAM_6_S247,10734,1413289,H111-e003Coalescence-mBHI-p5_S44,102316
30,C_E9_E2_AA_AA_mBHI_mGAM_4_S249,10579,1403356,H111-e003Coalescence-mBHI-p5_S44,102316
31,C_E11_E4_AE_AA_mBHI_mGAM_4_S251,10735,1422885,H111-e003Coalescence-mBHI-p5_S44,102316
32,D_A6_A9_ACPP_AA_mGAM_mBHI_6_S294,10970,1440130,H111-e003Coalescence-mBHI-p5_S44,102316
33,D_A7_A10_AE_AA_mGAM_mBHI_6_S295,10940,1433602,H111-e003Coalescence-mBHI-p5_S44,102316
34,D_A8_A11_AF_AA_mGAM_mBHI_6_S296,8256,1436671,H111-e003Coalescence-mBHI-p5_S44,102316
35,D_A9_E8_AA_AA_mGAM_mBHI_4_S297,10941,1437286,H111-e003Coalescence-mBHI-p5_S44,102316
36,D_A12_E11_AF_AA_mGAM_mBHI_4_S300,8632,1396823,H111-e003Coalescence-mBHI-p5_S44,102316
37,D_C8_C11_AF_AE_mGAM_mBHI_6_S320,7,1292174,H111-e003Coalescence-mBHI-p5_S44,102316
38,D_C9_G8_AA_AE_mGAM_mBHI_4_S321,8257,1110163,H111-e003Coalescence-mBHI-p5_S44,102316
39,D_C12_G11_AF_AE_mGAM_mBHI_4_S324,6,1330220,H111-e003Coalescence-mBHI-p5_S44,102316
40,D_D7_D10_AE_AF_mGAM_mBHI_6_S331,9,1338259,H111-e003Coalescence-mBHI-p5_S44,102316
41,D_D11_H10_AE_AF_mGAM_mBHI_4_S335,12,1308265,H111-e003Coalescence-mBHI-p5_S44,102316
42,D_E1_A2_AA_AA_mBHI_mGAM_6_S337,10947,1436963,H111-e003Coalescence-mBHI-p5_S44,102316
43,D_E3_A4_AE_AA_mBHI_mGAM_6_S339,10844,1417311,H111-e003Coalescence-mBHI-p5_S44,102316
44,D_E6_A9_ACPP_AA_mGAM_mGAM_6_S342,9922,1303681,H111-e003Coalescence-mBHI-p5_S44,102316
45,D_E7_A10_AE_AA_mGAM_mGAM_6_S343,10219,1343749,H111-e003Coalescence-mBHI-p5_S44,102316
46,D_E9_E8_AA_AA_mGAM_mGAM_4_S345,10665,1400809,H111-e003Coalescence-mBHI-p5_S44,102316
47,D_E11_E10_AE_AA_mGAM_mGAM_4_S347,10676,1397326,H111-e003Coalescence-mBHI-p5_S44,102316
48,D_G1_C2_AA_AE_mBHI_mGAM_6_S361,5252,712918,H111-e003Coalescence-mBHI-p5_S44,102316
49,D_H5_D8_AA_AF_mGAM_mGAM_6_S377,197,1125549,H111-e003Coalescence-mBHI-p5_S44,102316
50,D10-e003Coalescence-mBHI-p3,19,721454,H111-e003Coalescence-mBHI-p5_S44,102316
51,C2-e003Coalescence-mGAM-p7,11053,1453552,H111-e003Coalescence-mBHI-p5_S44,102316
52,D10-e003Coalescence-mBHI-p5,17,723373,H111-e003Coalescence-mBHI-p5_S44,102316
53,D8-e003Coalescence-mBHI-p5,4010,795854,H111-e003Coalescence-mBHI-p5_S44,102316
54,A8-e003Coalescence-mBHI-p7,11073,1437763,H111-e003Coalescence-mBHI-p5_S44,102316
55,A10-e003Coalescence-mGAM-p3,7243,960054,H111-e003Coalescence-mBHI-p5_S44,102316
56,A8-e003Coalescence-mBHI-p5,8426,1099058,H111-e003Coalescence-mBHI-p5_S44,102316
57,A10-e003Coalescence-mBHI-p7,9009,1171728,H111-e003Coalescence-mBHI-p5_S44,102316
58,A2-e003Coalescence-mGAM-p5,8551,1119246,H111-e003Coalescence-mBHI-p5_S44,102316
59,C8-e003Coalescence-mBHI-p5,9552,1251387,H111-e003Coalescence-mBHI-p5_S44,102316
60,A11-e003Coalescence-mBHI-p3,10307,1455400,H111-e003Coalescence-mBHI-p5_S44,102316
61,E2-e003Coalescence-mGAM-p7_S145,7276,960650,H111-e003Coalescence-mBHI-p5_S44,102316
62,E8-e003Coalescence-mBHI-p5_S5,8591,1129168,H111-e003Coalescence-mBHI-p5_S44,102316
63,H111-e003Coalescence-mBHI-p3_S144,1,1229895,H111-e003Coalescence-mBHI-p5_S44,102316
64,E100-e003Coalescence-mGAM-p3_S155,9966,1310955,H111-e003Coalescence-mBHI-p5_S44,102316
65,E111-e003Coalescence-mBHI-p5_S8,3832,719187,H111-e003Coalescence-mBHI-p5_S44,102316
66,H100-e003Coalescence-mBHI-p5_S43,6,1043416,H111-e003Coalescence-mBHI-p5_S44,102316
67,H8-e003Coalescence-mBHI-p7_S137,8588,1241668,H111-e003Coalescence-mBHI-p5_S44,102316
68,G8-e003Coalescence-mGAM-p5_S77,10152,1348310,H111-e003Coalescence-mBHI-p5_S44,102316
69,H8-e003Coalescence-mBHI-p5_S41,5834,797551,H111-e003Coalescence-mBHI-p5_S44,102316
70,E100-e003Coalescence-mBHI-p5_S7,6550,890217,H111-e003Coalescence-mBHI-p5_S44,102316
71,E100-e003Coalescence-mGAM-p5_S55,6011,809705,H111-e003Coalescence-mBHI-p5_S44,102316
72,H111-e003Coalescence-mBHI-p5_S44,0,674095,H111-e003Coalescence-mBHI-p5_S44,102316
73,E2-e003Coalescence-mGAM-p3_S57,7798,1046865,H111-e003Coalescence-mBHI-p5_S44,102316
74,H100-e003Coalescence-mBHI-p7_S139,10,1277434,H111-e003Coalescence-mBHI-p5_S44,102316
75,G8-e003Coalescence-mBHI-p5_S29,5573,748494,H111-e003Coalescence-mBHI-p5_S44,102316
76,E8-e003Coalescence-mBHI-p3_S105,9779,1300226,H111-e003Coalescence-mBHI-p5_S44,102316
77,E8-e003Coalescence-mGAM-p7_S149,10819,1417361,H111-e003Coalescence-mBHI-p5_S44,102316
78,H8-e003Coalescence-mGAM-p7_S185,240,983015,H111-e003Coalescence-mBHI-p5_S44,102316
79,A2-e003Coalescence-Inoculumn-mGAM,5889,766653,H111-e003Coalescence-mBHI-p5_S44,102316
80,B8-e003Coalescence-mBHI-p1_S749,9659,1268450,H111-e003Coalescence-mBHI-p5_S44,102316
81,A8-e003Coalescence-mBHI-p1_S748,9678,1289758,H111-e003Coalescence-mBHI-p5_S44,102316
82,H8-e003Coalescence-mBHI-p1_S815,7745,1218424,H111-e003Coalescence-mBHI-p5_S44,102316
83,E8-e003Coalescence-mBHI-p1_S812,10736,1401516,H111-e003Coalescence-mBHI-p5_S44,102316
84,G8-e003Coalescence-mGAM-p1_S818,6391,827892,H111-e003Coalescence-mBHI-p5_S44,102316
85,D8-e003Coalescence-mGAM-p1_S755,4638,701330,H111-e003Coalescence-mBHI-p5_S44,102316
86,A9-e003Coalescence-mBHI-p1_S756,10985,1437416,H111-e003Coalescence-mBHI-p5_S44,102316
87,E11-e003Coalescence-mBHI-p1_S836,10558,1451168,H111-e003Coalescence-mBHI-p5_S44,102316
88,A10-e003Coalescence-mBHI-p1_S764,8917,1193259,H111-e003Coalescence-mBHI-p5_S44,102316
89,A11-e003Coalescence-mBHI-p1_S772,8269,1248804,H111-e003Coalescence-mBHI-p5_S44,102316
90,Coalescence-F2-E10-AA-AE-mGAM-mBHI-3_S681,10839,1425787,H111-e003Coalescence-mBHI-p5_S44,102316
91,Coalescence-E8-D11-AF-AF-mGAM-mBHI-3_S675,1,1135698,H111-e003Coalescence-mBHI-p5_S44,102316
92,Coalescence-F10-H8-AA-AF-mGAM-mGAM-3_S689,4438,1095751,H111-e003Coalescence-mBHI-p5_S44,102316
93,Coalescence-A10-C11-AE-AF-mGAM-mBHI-7_S629,2,698926,H111-e003Coalescence-mBHI-p5_S44,102316
94,C_E2_e003Assembly_S242,5763,781119,H111-e003Coalescence-mBHI-p5_S44,102316
0,A_A5_A8_AA_AA_mGAM_mBHI_2_S5,6,1417316,E2-e003Coalescence-mGAM-p3_S57,102316
1,A_A8_A11_AF_AA_mGAM_mBHI_2_S8,13,1079879,E2-e003Coalescence-mGAM-p3_S57,102316
2,A_C5_C8_AA_AE_mGAM_mBHI_2_S29,5,1427638,E2-e003Coalescence-mGAM-p3_S57,102316
3,A_D5_D8_AA_AF_mGAM_mBHI_2_S41,16,966462,E2-e003Coalescence-mGAM-p3_S57,102316
4,A_D8_D11_AF_AF_mGAM_mBHI_2_S44,13818,1169381,E2-e003Coalescence-mGAM-p3_S57,102316
5,A_E5_A8_AA_AA_mGAM_mGAM_2_S53,31,1019189,E2-e003Coalescence-mGAM-p3_S57,102316
6,A_E9_A2_AA_AA_mBHI_mGAM_4_S57,0,1413231,E2-e003Coalescence-mGAM-p3_S57,102316
7,A_G1_C2_AA_AE_mBHI_mGAM_2_S73,3,712175,E2-e003Coalescence-mGAM-p3_S57,102316
8,A_G5_C8_AA_AE_mGAM_mGAM_2_S77,47,1416857,E2-e003Coalescence-mGAM-p3_S57,102316
9,A_G9_C2_AA_AE_mBHI_mGAM_4_S81,0,1411062,E2-e003Coalescence-mGAM-p3_S57,102316
10,B_A5_E8_AA_AA_mGAM_mBHI_2_S101,4,1425704,E2-e003Coalescence-mGAM-p3_S57,102316
11,B_A6_E9_ACPP_AA_mGAM_mBHI_2_S102,12,1117375,E2-e003Coalescence-mGAM-p3_S57,102316
12,B_A7_E10_AE_AA_mGAM_mBHI_2_S103,8,1427518,E2-e003Coalescence-mGAM-p3_S57,102316
13,B_A11_A10_AE_AA_mGAM_mBHI_4_S107,13,1383768,E2-e003Coalescence-mGAM-p3_S57,102316
14,B_A12_A11_AF_AA_mGAM_mBHI_4_S108,8,1434911,E2-e003Coalescence-mGAM-p3_S57,102316
15,B_C12_C11_AF_AE_mGAM_mBHI_4_S132,12412,1052319,E2-e003Coalescence-mGAM-p3_S57,102316
16,B_D7_H10_AE_AF_mGAM_mBHI_2_S139,16172,1353892,E2-e003Coalescence-mGAM-p3_S57,102316
17,B_D11_D10_AE_AF_mGAM_mBHI_4_S143,14340,1203283,E2-e003Coalescence-mGAM-p3_S57,102316
18,B_E5_E8_AA_AA_mGAM_mGAM_2_S149,22,946657,E2-e003Coalescence-mGAM-p3_S57,102316
19,B_E7_E10_AE_AA_mGAM_mGAM_2_S151,18,1444031,E2-e003Coalescence-mGAM-p3_S57,102316
20,B_E8_E11_AF_AA_mGAM_mGAM_2_S152,25,849793,E2-e003Coalescence-mGAM-p3_S57,102316
21,B_E11_A10_AE_AA_mGAM_mGAM_4_S155,8,1028220,E2-e003Coalescence-mGAM-p3_S57,102316
22,B_G1_G2_AA_AE_mBHI_mGAM_2_S169,5,1033473,E2-e003Coalescence-mGAM-p3_S57,102316
23,B_H5_H8_AA_AF_mGAM_mGAM_2_S185,16,1427983,E2-e003Coalescence-mGAM-p3_S57,102316
24,C_C5_C8_AA_AE_mGAM_mBHI_6_S221,4,977407,E2-e003Coalescence-mGAM-p3_S57,102316
25,C_C8_C11_AF_AE_mGAM_mBHI_6_S224,14510,1218207,E2-e003Coalescence-mGAM-p3_S57,102316
26,C_D5_D8_AA_AF_mGAM_mBHI_6_S233,61,1127572,E2-e003Coalescence-mGAM-p3_S57,102316
27,C_D7_D10_AE_AF_mGAM_mBHI_6_S235,16816,1404179,E2-e003Coalescence-mGAM-p3_S57,102316
28,C_E5_A8_AA_AA_mGAM_mGAM_6_S245,33,1431755,E2-e003Coalescence-mGAM-p3_S57,102316
29,C_E7_A10_AE_AA_mGAM_mGAM_6_S247,3,1413289,E2-e003Coalescence-mGAM-p3_S57,102316
30,C_E9_E2_AA_AA_mBHI_mGAM_4_S249,0,1403356,E2-e003Coalescence-mGAM-p3_S57,102316
31,C_E11_E4_AE_AA_mBHI_mGAM_4_S251,2,1422885,E2-e003Coalescence-mGAM-p3_S57,102316
32,D_A6_A9_ACPP_AA_mGAM_mBHI_6_S294,6,1440130,E2-e003Coalescence-mGAM-p3_S57,102316
33,D_A7_A10_AE_AA_mGAM_mBHI_6_S295,1,1433602,E2-e003Coalescence-mGAM-p3_S57,102316
34,D_A8_A11_AF_AA_mGAM_mBHI_6_S296,9,1436671,E2-e003Coalescence-mGAM-p3_S57,102316
35,D_A9_E8_AA_AA_mGAM_mBHI_4_S297,5,1437286,E2-e003Coalescence-mGAM-p3_S57,102316
36,D_A12_E11_AF_AA_mGAM_mBHI_4_S300,14,1396823,E2-e003Coalescence-mGAM-p3_S57,102316
37,D_C8_C11_AF_AE_mGAM_mBHI_6_S320,15286,1292174,E2-e003Coalescence-mGAM-p3_S57,102316
38,D_C9_G8_AA_AE_mGAM_mBHI_4_S321,4,1110163,E2-e003Coalescence-mGAM-p3_S57,102316
39,D_C12_G11_AF_AE_mGAM_mBHI_4_S324,15882,1330220,E2-e003Coalescence-mGAM-p3_S57,102316
40,D_D7_D10_AE_AF_mGAM_mBHI_6_S331,15906,1338259,E2-e003Coalescence-mGAM-p3_S57,102316
41,D_D11_H10_AE_AF_mGAM_mBHI_4_S335,15680,1308265,E2-e003Coalescence-mGAM-p3_S57,102316
42,D_E1_A2_AA_AA_mBHI_mGAM_6_S337,0,1436963,E2-e003Coalescence-mGAM-p3_S57,102316
43,D_E3_A4_AE_AA_mBHI_mGAM_6_S339,3,1417311,E2-e003Coalescence-mGAM-p3_S57,102316
44,D_E6_A9_ACPP_AA_mGAM_mGAM_6_S342,11,1303681,E2-e003Coalescence-mGAM-p3_S57,102316
45,D_E7_A10_AE_AA_mGAM_mGAM_6_S343,4,1343749,E2-e003Coalescence-mGAM-p3_S57,102316
46,D_E9_E8_AA_AA_mGAM_mGAM_4_S345,50,1400809,E2-e003Coalescence-mGAM-p3_S57,102316
47,D_E11_E10_AE_AA_mGAM_mGAM_4_S347,3,1397326,E2-e003Coalescence-mGAM-p3_S57,102316
48,D_G1_C2_AA_AE_mBHI_mGAM_6_S361,0,712918,E2-e003Coalescence-mGAM-p3_S57,102316
49,D_H5_D8_AA_AF_mGAM_mGAM_6_S377,2881,1125549,E2-e003Coalescence-mGAM-p3_S57,102316
50,D10-e003Coalescence-mBHI-p3,8637,721454,E2-e003Coalescence-mGAM-p3_S57,102316
51,C2-e003Coalescence-mGAM-p7,33,1453552,E2-e003Coalescence-mGAM-p3_S57,102316
52,D10-e003Coalescence-mBHI-p5,8443,723373,E2-e003Coalescence-mGAM-p3_S57,102316
53,D8-e003Coalescence-mBHI-p5,58,795854,E2-e003Coalescence-mGAM-p3_S57,102316
54,A8-e003Coalescence-mBHI-p7,36,1437763,E2-e003Coalescence-mGAM-p3_S57,102316
55,A10-e003Coalescence-mGAM-p3,25,960054,E2-e003Coalescence-mGAM-p3_S57,102316
56,A8-e003Coalescence-mBHI-p5,26,1099058,E2-e003Coalescence-mGAM-p3_S57,102316
57,A10-e003Coalescence-mBHI-p7,27,1171728,E2-e003Coalescence-mGAM-p3_S57,102316
58,A2-e003Coalescence-mGAM-p5,16,1119246,E2-e003Coalescence-mGAM-p3_S57,102316
59,C8-e003Coalescence-mBHI-p5,31,1251387,E2-e003Coalescence-mGAM-p3_S57,102316
60,A11-e003Coalescence-mBHI-p3,47,1455400,E2-e003Coalescence-mGAM-p3_S57,102316
61,E2-e003Coalescence-mGAM-p7_S145,0,960650,E2-e003Coalescence-mGAM-p3_S57,102316
62,E8-e003Coalescence-mBHI-p5_S5,2,1129168,E2-e003Coalescence-mGAM-p3_S57,102316
63,H111-e003Coalescence-mBHI-p3_S144,14773,1229895,E2-e003Coalescence-mGAM-p3_S57,102316
64,E100-e003Coalescence-mGAM-p3_S155,8,1310955,E2-e003Coalescence-mGAM-p3_S57,102316
65,E111-e003Coalescence-mBHI-p5_S8,29,719187,E2-e003Coalescence-mGAM-p3_S57,102316
66,H100-e003Coalescence-mBHI-p5_S43,12220,1043416,E2-e003Coalescence-mGAM-p3_S57,102316
67,H8-e003Coalescence-mBHI-p7_S137,16,1241668,E2-e003Coalescence-mGAM-p3_S57,102316
68,G8-e003Coalescence-mGAM-p5_S77,27,1348310,E2-e003Coalescence-mGAM-p3_S57,102316
69,H8-e003Coalescence-mBHI-p5_S41,12,797551,E2-e003Coalescence-mGAM-p3_S57,102316
70,E100-e003Coalescence-mBHI-p5_S7,6,890217,E2-e003Coalescence-mGAM-p3_S57,102316
71,E100-e003Coalescence-mGAM-p5_S55,5,809705,E2-e003Coalescence-mGAM-p3_S57,102316
72,H111-e003Coalescence-mBHI-p5_S44,7798,674095,E2-e003Coalescence-mGAM-p3_S57,102316
73,E2-e003Coalescence-mGAM-p3_S57,0,1046865,E2-e003Coalescence-mGAM-p3_S57,102316
74,H100-e003Coalescence-mBHI-p7_S139,15221,1277434,E2-e003Coalescence-mGAM-p3_S57,102316
75,G8-e003Coalescence-mBHI-p5_S29,1,748494,E2-e003Coalescence-mGAM-p3_S57,102316
76,E8-e003Coalescence-mBHI-p3_S105,11,1300226,E2-e003Coalescence-mGAM-p3_S57,102316
77,E8-e003Coalescence-mGAM-p7_S149,45,1417361,E2-e003Coalescence-mGAM-p3_S57,102316
78,H8-e003Coalescence-mGAM-p7_S185,3680,983015,E2-e003Coalescence-mGAM-p3_S57,102316
79,A2-e003Coalescence-Inoculumn-mGAM,48,766653,E2-e003Coalescence-mGAM-p3_S57,102316
80,B8-e003Coalescence-mBHI-p1_S749,56,1268450,E2-e003Coalescence-mGAM-p3_S57,102316
81,A8-e003Coalescence-mBHI-p1_S748,6,1289758,E2-e003Coalescence-mGAM-p3_S57,102316
82,H8-e003Coalescence-mBHI-p1_S815,13,1218424,E2-e003Coalescence-mGAM-p3_S57,102316
83,E8-e003Coalescence-mBHI-p1_S812,2,1401516,E2-e003Coalescence-mGAM-p3_S57,102316
84,G8-e003Coalescence-mGAM-p1_S818,21,827892,E2-e003Coalescence-mGAM-p3_S57,102316
85,D8-e003Coalescence-mGAM-p1_S755,31,701330,E2-e003Coalescence-mGAM-p3_S57,102316
86,A9-e003Coalescence-mBHI-p1_S756,50,1437416,E2-e003Coalescence-mGAM-p3_S57,102316
87,E11-e003Coalescence-mBHI-p1_S836,8,1451168,E2-e003Coalescence-mGAM-p3_S57,102316
88,A10-e003Coalescence-mBHI-p1_S764,3,1193259,E2-e003Coalescence-mGAM-p3_S57,102316
89,A11-e003Coalescence-mBHI-p1_S772,12,1248804,E2-e003Coalescence-mGAM-p3_S57,102316
90,Coalescence-F2-E10-AA-AE-mGAM-mBHI-3_S681,6,1425787,E2-e003Coalescence-mGAM-p3_S57,102316
91,Coalescence-E8-D11-AF-AF-mGAM-mBHI-3_S675,13440,1135698,E2-e003Coalescence-mGAM-p3_S57,102316
92,Coalescence-F10-H8-AA-AF-mGAM-mGAM-3_S689,99,1095751,E2-e003Coalescence-mGAM-p3_S57,102316
93,Coalescence-A10-C11-AE-AF-mGAM-mBHI-7_S629,8208,698926,E2-e003Coalescence-mGAM-p3_S57,102316
94,C_E2_e003Assembly_S242,35,781119,E2-e003Coalescence-mGAM-p3_S57,102316
0,A_A5_A8_AA_AA_mGAM_mBHI_2_S5,21224,1417316,H100-e003Coalescence-mBHI-p7_S139,102316
1,A_A8_A11_AF_AA_mGAM_mBHI_2_S8,13226,1079879,H100-e003Coalescence-mBHI-p7_S139,102316
2,A_C5_C8_AA_AE_mGAM_mBHI_2_S29,21305,1427638,H100-e003Coalescence-mBHI-p7_S139,102316
3,A_D5_D8_AA_AF_mGAM_mBHI_2_S41,10007,966462,H100-e003Coalescence-mBHI-p7_S139,102316
4,A_D8_D11_AF_AF_mGAM_mBHI_2_S44,14,1169381,H100-e003Coalescence-mBHI-p7_S139,102316
5,A_E5_A8_AA_AA_mGAM_mGAM_2_S53,15005,1019189,H100-e003Coalescence-mBHI-p7_S139,102316
6,A_E9_A2_AA_AA_mBHI_mGAM_4_S57,21120,1413231,H100-e003Coalescence-mBHI-p7_S139,102316
7,A_G1_C2_AA_AE_mBHI_mGAM_2_S73,10201,712175,H100-e003Coalescence-mBHI-p7_S139,102316
8,A_G5_C8_AA_AE_mGAM_mGAM_2_S77,21157,1416857,H100-e003Coalescence-mBHI-p7_S139,102316
9,A_G9_C2_AA_AE_mBHI_mGAM_4_S81,20781,1411062,H100-e003Coalescence-mBHI-p7_S139,102316
10,B_A5_E8_AA_AA_mGAM_mBHI_2_S101,21332,1425704,H100-e003Coalescence-mBHI-p7_S139,102316
11,B_A6_E9_ACPP_AA_mGAM_mBHI_2_S102,16480,1117375,H100-e003Coalescence-mBHI-p7_S139,102316
12,B_A7_E10_AE_AA_mGAM_mBHI_2_S103,21420,1427518,H100-e003Coalescence-mBHI-p7_S139,102316
13,B_A11_A10_AE_AA_mGAM_mBHI_4_S107,20673,1383768,H100-e003Coalescence-mBHI-p7_S139,102316
14,B_A12_A11_AF_AA_mGAM_mBHI_4_S108,18028,1434911,H100-e003Coalescence-mBHI-p7_S139,102316
15,B_C12_C11_AF_AE_mGAM_mBHI_4_S132,0,1052319,H100-e003Coalescence-mBHI-p7_S139,102316
16,B_D7_H10_AE_AF_mGAM_mBHI_2_S139,11,1353892,H100-e003Coalescence-mBHI-p7_S139,102316
17,B_D11_D10_AE_AF_mGAM_mBHI_4_S143,1,1203283,H100-e003Coalescence-mBHI-p7_S139,102316
18,B_E5_E8_AA_AA_mGAM_mGAM_2_S149,13611,946657,H100-e003Coalescence-mBHI-p7_S139,102316
19,B_E7_E10_AE_AA_mGAM_mGAM_2_S151,21552,1444031,H100-e003Coalescence-mBHI-p7_S139,102316
20,B_E8_E11_AF_AA_mGAM_mGAM_2_S152,10350,849793,H100-e003Coalescence-mBHI-p7_S139,102316
21,B_E11_A10_AE_AA_mGAM_mGAM_4_S155,15018,1028220,H100-e003Coalescence-mBHI-p7_S139,102316
22,B_G1_G2_AA_AE_mBHI_mGAM_2_S169,15127,1033473,H100-e003Coalescence-mBHI-p7_S139,102316
23,B_H5_H8_AA_AF_mGAM_mGAM_2_S185,16155,1427983,H100-e003Coalescence-mBHI-p7_S139,102316
24,C_C5_C8_AA_AE_mGAM_mBHI_6_S221,14253,977407,H100-e003Coalescence-mBHI-p7_S139,102316
25,C_C8_C11_AF_AE_mGAM_mBHI_6_S224,6,1218207,H100-e003Coalescence-mBHI-p7_S139,102316
26,C_D5_D8_AA_AF_mGAM_mBHI_6_S233,9784,1127572,H100-e003Coalescence-mBHI-p7_S139,102316
27,C_D7_D10_AE_AF_mGAM_mBHI_6_S235,0,1404179,H100-e003Coalescence-mBHI-p7_S139,102316
28,C_E5_A8_AA_AA_mGAM_mGAM_6_S245,21362,1431755,H100-e003Coalescence-mBHI-p7_S139,102316
29,C_E7_A10_AE_AA_mGAM_mGAM_6_S247,21133,1413289,H100-e003Coalescence-mBHI-p7_S139,102316
30,C_E9_E2_AA_AA_mBHI_mGAM_4_S249,20860,1403356,H100-e003Coalescence-mBHI-p7_S139,102316
31,C_E11_E4_AE_AA_mBHI_mGAM_4_S251,21070,1422885,H100-e003Coalescence-mBHI-p7_S139,102316
32,D_A6_A9_ACPP_AA_mGAM_mBHI_6_S294,21544,1440130,H100-e003Coalescence-mBHI-p7_S139,102316
33,D_A7_A10_AE_AA_mGAM_mBHI_6_S295,21551,1433602,H100-e003Coalescence-mBHI-p7_S139,102316
34,D_A8_A11_AF_AA_mGAM_mBHI_6_S296,16205,1436671,H100-e003Coalescence-mBHI-p7_S139,102316
35,D_A9_E8_AA_AA_mGAM_mBHI_4_S297,21582,1437286,H100-e003Coalescence-mBHI-p7_S139,102316
36,D_A12_E11_AF_AA_mGAM_mBHI_4_S300,17001,1396823,H100-e003Coalescence-mBHI-p7_S139,102316
37,D_C8_C11_AF_AE_mGAM_mBHI_6_S320,0,1292174,H100-e003Coalescence-mBHI-p7_S139,102316
38,D_C9_G8_AA_AE_mGAM_mBHI_4_S321,16108,1110163,H100-e003Coalescence-mBHI-p7_S139,102316
39,D_C12_G11_AF_AE_mGAM_mBHI_4_S324,5,1330220,H100-e003Coalescence-mBHI-p7_S139,102316
40,D_D7_D10_AE_AF_mGAM_mBHI_6_S331,1,1338259,H100-e003Coalescence-mBHI-p7_S139,102316
41,D_D11_H10_AE_AF_mGAM_mBHI_4_S335,10,1308265,H100-e003Coalescence-mBHI-p7_S139,102316
42,D_E1_A2_AA_AA_mBHI_mGAM_6_S337,21375,1436963,H100-e003Coalescence-mBHI-p7_S139,102316
43,D_E3_A4_AE_AA_mBHI_mGAM_6_S339,21121,1417311,H100-e003Coalescence-mBHI-p7_S139,102316
44,D_E6_A9_ACPP_AA_mGAM_mGAM_6_S342,19362,1303681,H100-e003Coalescence-mBHI-p7_S139,102316
45,D_E7_A10_AE_AA_mGAM_mGAM_6_S343,19987,1343749,H100-e003Coalescence-mBHI-p7_S139,102316
46,D_E9_E8_AA_AA_mGAM_mGAM_4_S345,20971,1400809,H100-e003Coalescence-mBHI-p7_S139,102316
47,D_E11_E10_AE_AA_mGAM_mGAM_4_S347,21051,1397326,H100-e003Coalescence-mBHI-p7_S139,102316
48,D_G1_C2_AA_AE_mBHI_mGAM_6_S361,10187,712918,H100-e003Coalescence-mBHI-p7_S139,102316
49,D_H5_D8_AA_AF_mGAM_mGAM_6_S377,482,1125549,H100-e003Coalescence-mBHI-p7_S139,102316
50,D10-e003Coalescence-mBHI-p3,45,721454,H100-e003Coalescence-mBHI-p7_S139,102316
51,C2-e003Coalescence-mGAM-p7,21783,1453552,H100-e003Coalescence-mBHI-p7_S139,102316
52,D10-e003Coalescence-mBHI-p5,39,723373,H100-e003Coalescence-mBHI-p7_S139,102316
53,D8-e003Coalescence-mBHI-p5,7804,795854,H100-e003Coalescence-mBHI-p7_S139,102316
54,A8-e003Coalescence-mBHI-p7,21957,1437763,H100-e003Coalescence-mBHI-p7_S139,102316
55,A10-e003Coalescence-mGAM-p3,14188,960054,H100-e003Coalescence-mBHI-p7_S139,102316
56,A8-e003Coalescence-mBHI-p5,16494,1099058,H100-e003Coalescence-mBHI-p7_S139,102316
57,A10-e003Coalescence-mBHI-p7,17566,1171728,H100-e003Coalescence-mBHI-p7_S139,102316
58,A2-e003Coalescence-mGAM-p5,16738,1119246,H100-e003Coalescence-mBHI-p7_S139,102316
59,C8-e003Coalescence-mBHI-p5,18774,1251387,H100-e003Coalescence-mBHI-p7_S139,102316
60,A11-e003Coalescence-mBHI-p3,20286,1455400,H100-e003Coalescence-mBHI-p7_S139,102316
61,E2-e003Coalescence-mGAM-p7_S145,13831,960650,H100-e003Coalescence-mBHI-p7_S139,102316
62,E8-e003Coalescence-mBHI-p5_S5,16544,1129168,H100-e003Coalescence-mBHI-p7_S139,102316
63,H111-e003Coalescence-mBHI-p3_S144,12,1229895,H100-e003Coalescence-mBHI-p7_S139,102316
64,E100-e003Coalescence-mGAM-p3_S155,19390,1310955,H100-e003Coalescence-mBHI-p7_S139,102316
65,E111-e003Coalescence-mBHI-p5_S8,7522,719187,H100-e003Coalescence-mBHI-p7_S139,102316
66,H100-e003Coalescence-mBHI-p5_S43,0,1043416,H100-e003Coalescence-mBHI-p7_S139,102316
67,H8-e003Coalescence-mBHI-p7_S137,16966,1241668,H100-e003Coalescence-mBHI-p7_S139,102316
68,G8-e003Coalescence-mGAM-p5_S77,19905,1348310,H100-e003Coalescence-mBHI-p7_S139,102316
69,H8-e003Coalescence-mBHI-p5_S41,11121,797551,H100-e003Coalescence-mBHI-p7_S139,102316
70,E100-e003Coalescence-mBHI-p5_S7,12867,890217,H100-e003Coalescence-mBHI-p7_S139,102316
71,E100-e003Coalescence-mGAM-p5_S55,11709,809705,H100-e003Coalescence-mBHI-p7_S139,102316
72,H111-e003Coalescence-mBHI-p5_S44,10,674095,H100-e003Coalescence-mBHI-p7_S139,102316
73,E2-e003Coalescence-mGAM-p3_S57,15221,1046865,H100-e003Coalescence-mBHI-p7_S139,102316
74,H100-e003Coalescence-mBHI-p7_S139,0,1277434,H100-e003Coalescence-mBHI-p7_S139,102316
75,G8-e003Coalescence-mBHI-p5_S29,10843,748494,H100-e003Coalescence-mBHI-p7_S139,102316
76,E8-e003Coalescence-mBHI-p3_S105,19238,1300226,H100-e003Coalescence-mBHI-p7_S139,102316
77,E8-e003Coalescence-mGAM-p7_S149,21104,1417361,H100-e003Coalescence-mBHI-p7_S139,102316
78,H8-e003Coalescence-mGAM-p7_S185,487,983015,H100-e003Coalescence-mBHI-p7_S139,102316
79,A2-e003Coalescence-Inoculumn-mGAM,11494,766653,H100-e003Coalescence-mBHI-p7_S139,102316
80,B8-e003Coalescence-mBHI-p1_S749,18782,1268450,H100-e003Coalescence-mBHI-p7_S139,102316
81,A8-e003Coalescence-mBHI-p1_S748,18998,1289758,H100-e003Coalescence-mBHI-p7_S139,102316
82,H8-e003Coalescence-mBHI-p1_S815,15219,1218424,H100-e003Coalescence-mBHI-p7_S139,102316
83,E8-e003Coalescence-mBHI-p1_S812,20982,1401516,H100-e003Coalescence-mBHI-p7_S139,102316
84,G8-e003Coalescence-mGAM-p1_S818,12290,827892,H100-e003Coalescence-mBHI-p7_S139,102316
85,D8-e003Coalescence-mGAM-p1_S755,8887,701330,H100-e003Coalescence-mBHI-p7_S139,102316
86,A9-e003Coalescence-mBHI-p1_S756,21468,1437416,H100-e003Coalescence-mBHI-p7_S139,102316
87,E11-e003Coalescence-mBHI-p1_S836,20684,1451168,H100-e003Coalescence-mBHI-p7_S139,102316
88,A10-e003Coalescence-mBHI-p1_S764,17328,1193259,H100-e003Coalescence-mBHI-p7_S139,102316
89,A11-e003Coalescence-mBHI-p1_S772,16334,1248804,H100-e003Coalescence-mBHI-p7_S139,102316
90,Coalescence-F2-E10-AA-AE-mGAM-mBHI-3_S681,21365,1425787,H100-e003Coalescence-mBHI-p7_S139,102316
91,Coalescence-E8-D11-AF-AF-mGAM-mBHI-3_S675,15,1135698,H100-e003Coalescence-mBHI-p7_S139,102316
92,Coalescence-F10-H8-AA-AF-mGAM-mGAM-3_S689,8766,1095751,H100-e003Coalescence-mBHI-p7_S139,102316
93,Coalescence-A10-C11-AE-AF-mGAM-mBHI-7_S629,3,698926,H100-e003Coalescence-mBHI-p7_S139,102316
94,C_E2_e003Assembly_S242,11199,781119,H100-e003Coalescence-mBHI-p7_S139,102316
0,A_A5_A8_AA_AA_mGAM_mBHI_2_S5,1,1417316,G8-e003Coalescence-mBHI-p5_S29,102316
1,A_A8_A11_AF_AA_mGAM_mBHI_2_S8,5,1079879,G8-e003Coalescence-mBHI-p5_S29,102316
2,A_C5_C8_AA_AE_mGAM_mBHI_2_S29,1,1427638,G8-e003Coalescence-mBHI-p5_S29,102316
3,A_D5_D8_AA_AF_mGAM_mBHI_2_S41,5,966462,G8-e003Coalescence-mBHI-p5_S29,102316
4,A_D8_D11_AF_AF_mGAM_mBHI_2_S44,10021,1169381,G8-e003Coalescence-mBHI-p5_S29,102316
5,A_E5_A8_AA_AA_mGAM_mGAM_2_S53,14,1019189,G8-e003Coalescence-mBHI-p5_S29,102316
6,A_E9_A2_AA_AA_mBHI_mGAM_4_S57,3,1413231,G8-e003Coalescence-mBHI-p5_S29,102316
7,A_G1_C2_AA_AE_mBHI_mGAM_2_S73,6,712175,G8-e003Coalescence-mBHI-p5_S29,102316
8,A_G5_C8_AA_AE_mGAM_mGAM_2_S77,20,1416857,G8-e003Coalescence-mBHI-p5_S29,102316
9,A_G9_C2_AA_AE_mBHI_mGAM_4_S81,7,1411062,G8-e003Coalescence-mBHI-p5_S29,102316
10,B_A5_E8_AA_AA_mGAM_mBHI_2_S101,0,1425704,G8-e003Coalescence-mBHI-p5_S29,102316
11,B_A6_E9_ACPP_AA_mGAM_mBHI_2_S102,8,1117375,G8-e003Coalescence-mBHI-p5_S29,102316
12,B_A7_E10_AE_AA_mGAM_mBHI_2_S103,0,1427518,G8-e003Coalescence-mBHI-p5_S29,102316
13,B_A11_A10_AE_AA_mGAM_mBHI_4_S107,0,1383768,G8-e003Coalescence-mBHI-p5_S29,102316
14,B_A12_A11_AF_AA_mGAM_mBHI_4_S108,1,1434911,G8-e003Coalescence-mBHI-p5_S29,102316
15,B_C12_C11_AF_AE_mGAM_mBHI_4_S132,9035,1052319,G8-e003Coalescence-mBHI-p5_S29,102316
16,B_D7_H10_AE_AF_mGAM_mBHI_2_S139,11642,1353892,G8-e003Coalescence-mBHI-p5_S29,102316
17,B_D11_D10_AE_AF_mGAM_mBHI_4_S143,10251,1203283,G8-e003Coalescence-mBHI-p5_S29,102316
18,B_E5_E8_AA_AA_mGAM_mGAM_2_S149,15,946657,G8-e003Coalescence-mBHI-p5_S29,102316
19,B_E7_E10_AE_AA_mGAM_mGAM_2_S151,18,1444031,G8-e003Coalescence-mBHI-p5_S29,102316
20,B_E8_E11_AF_AA_mGAM_mGAM_2_S152,7,849793,G8-e003Coalescence-mBHI-p5_S29,102316
21,B_E11_A10_AE_AA_mGAM_mGAM_4_S155,0,1028220,G8-e003Coalescence-mBHI-p5_S29,102316
22,B_G1_G2_AA_AE_mBHI_mGAM_2_S169,7,1033473,G8-e003Coalescence-mBHI-p5_S29,102316
23,B_H5_H8_AA_AF_mGAM_mGAM_2_S185,14,1427983,G8-e003Coalescence-mBHI-p5_S29,102316
24,C_C5_C8_AA_AE_mGAM_mBHI_6_S221,0,977407,G8-e003Coalescence-mBHI-p5_S29,102316
25,C_C8_C11_AF_AE_mGAM_mBHI_6_S224,10418,1218207,G8-e003Coalescence-mBHI-p5_S29,102316
26,C_D5_D8_AA_AF_mGAM_mBHI_6_S233,36,1127572,G8-e003Coalescence-mBHI-p5_S29,102316
27,C_D7_D10_AE_AF_mGAM_mBHI_6_S235,12062,1404179,G8-e003Coalescence-mBHI-p5_S29,102316
28,C_E5_A8_AA_AA_mGAM_mGAM_6_S245,15,1431755,G8-e003Coalescence-mBHI-p5_S29,102316
29,C_E7_A10_AE_AA_mGAM_mGAM_6_S247,1,1413289,G8-e003Coalescence-mBHI-p5_S29,102316
30,C_E9_E2_AA_AA_mBHI_mGAM_4_S249,4,1403356,G8-e003Coalescence-mBHI-p5_S29,102316
31,C_E11_E4_AE_AA_mBHI_mGAM_4_S251,0,1422885,G8-e003Coalescence-mBHI-p5_S29,102316
32,D_A6_A9_ACPP_AA_mGAM_mBHI_6_S294,0,1440130,G8-e003Coalescence-mBHI-p5_S29,102316
33,D_A7_A10_AE_AA_mGAM_mBHI_6_S295,0,1433602,G8-e003Coalescence-mBHI-p5_S29,102316
34,D_A8_A11_AF_AA_mGAM_mBHI_6_S296,0,1436671,G8-e003Coalescence-mBHI-p5_S29,102316
35,D_A9_E8_AA_AA_mGAM_mBHI_4_S297,0,1437286,G8-e003Coalescence-mBHI-p5_S29,102316
36,D_A12_E11_AF_AA_mGAM_mBHI_4_S300,9,1396823,G8-e003Coalescence-mBHI-p5_S29,102316
37,D_C8_C11_AF_AE_mGAM_mBHI_6_S320,11046,1292174,G8-e003Coalescence-mBHI-p5_S29,102316
38,D_C9_G8_AA_AE_mGAM_mBHI_4_S321,1,1110163,G8-e003Coalescence-mBHI-p5_S29,102316
39,D_C12_G11_AF_AE_mGAM_mBHI_4_S324,11346,1330220,G8-e003Coalescence-mBHI-p5_S29,102316
40,D_D7_D10_AE_AF_mGAM_mBHI_6_S331,11404,1338259,G8-e003Coalescence-mBHI-p5_S29,102316
41,D_D11_H10_AE_AF_mGAM_mBHI_4_S335,11312,1308265,G8-e003Coalescence-mBHI-p5_S29,102316
42,D_E1_A2_AA_AA_mBHI_mGAM_6_S337,2,1436963,G8-e003Coalescence-mBHI-p5_S29,102316
43,D_E3_A4_AE_AA_mBHI_mGAM_6_S339,0,1417311,G8-e003Coalescence-mBHI-p5_S29,102316
44,D_E6_A9_ACPP_AA_mGAM_mGAM_6_S342,12,1303681,G8-e003Coalescence-mBHI-p5_S29,102316
45,D_E7_A10_AE_AA_mGAM_mGAM_6_S343,1,1343749,G8-e003Coalescence-mBHI-p5_S29,102316
46,D_E9_E8_AA_AA_mGAM_mGAM_4_S345,26,1400809,G8-e003Coalescence-mBHI-p5_S29,102316
47,D_E11_E10_AE_AA_mGAM_mGAM_4_S347,0,1397326,G8-e003Coalescence-mBHI-p5_S29,102316
48,D_G1_C2_AA_AE_mBHI_mGAM_6_S361,0,712918,G8-e003Coalescence-mBHI-p5_S29,102316
49,D_H5_D8_AA_AF_mGAM_mGAM_6_S377,2129,1125549,G8-e003Coalescence-mBHI-p5_S29,102316
50,D10-e003Coalescence-mBHI-p3,6270,721454,G8-e003Coalescence-mBHI-p5_S29,102316
51,C2-e003Coalescence-mGAM-p7,24,1453552,G8-e003Coalescence-mBHI-p5_S29,102316
52,D10-e003Coalescence-mBHI-p5,6106,723373,G8-e003Coalescence-mBHI-p5_S29,102316
53,D8-e003Coalescence-mBHI-p5,52,795854,G8-e003Coalescence-mBHI-p5_S29,102316
54,A8-e003Coalescence-mBHI-p7,24,1437763,G8-e003Coalescence-mBHI-p5_S29,102316
55,A10-e003Coalescence-mGAM-p3,17,960054,G8-e003Coalescence-mBHI-p5_S29,102316
56,A8-e003Coalescence-mBHI-p5,15,1099058,G8-e003Coalescence-mBHI-p5_S29,102316
57,A10-e003Coalescence-mBHI-p7,16,1171728,G8-e003Coalescence-mBHI-p5_S29,102316
58,A2-e003Coalescence-mGAM-p5,24,1119246,G8-e003Coalescence-mBHI-p5_S29,102316
59,C8-e003Coalescence-mBHI-p5,17,1251387,G8-e003Coalescence-mBHI-p5_S29,102316
60,A11-e003Coalescence-mBHI-p3,24,1455400,G8-e003Coalescence-mBHI-p5_S29,102316
61,E2-e003Coalescence-mGAM-p7_S145,3,960650,G8-e003Coalescence-mBHI-p5_S29,102316
62,E8-e003Coalescence-mBHI-p5_S5,1,1129168,G8-e003Coalescence-mBHI-p5_S29,102316
63,H111-e003Coalescence-mBHI-p3_S144,10633,1229895,G8-e003Coalescence-mBHI-p5_S29,102316
64,E100-e003Coalescence-mGAM-p3_S155,1,1310955,G8-e003Coalescence-mBHI-p5_S29,102316
65,E111-e003Coalescence-mBHI-p5_S8,26,719187,G8-e003Coalescence-mBHI-p5_S29,102316
66,H100-e003Coalescence-mBHI-p5_S43,8835,1043416,G8-e003Coalescence-mBHI-p5_S29,102316
67,H8-e003Coalescence-mBHI-p7_S137,8,1241668,G8-e003Coalescence-mBHI-p5_S29,102316
68,G8-e003Coalescence-mGAM-p5_S77,9,1348310,G8-e003Coalescence-mBHI-p5_S29,102316
69,H8-e003Coalescence-mBHI-p5_S41,2,797551,G8-e003Coalescence-mBHI-p5_S29,102316
70,E100-e003Coalescence-mBHI-p5_S7,1,890217,G8-e003Coalescence-mBHI-p5_S29,102316
71,E100-e003Coalescence-mGAM-p5_S55,1,809705,G8-e003Coalescence-mBHI-p5_S29,102316
72,H111-e003Coalescence-mBHI-p5_S44,5573,674095,G8-e003Coalescence-mBHI-p5_S29,102316
73,E2-e003Coalescence-mGAM-p3_S57,1,1046865,G8-e003Coalescence-mBHI-p5_S29,102316
74,H100-e003Coalescence-mBHI-p7_S139,10843,1277434,G8-e003Coalescence-mBHI-p5_S29,102316
75,G8-e003Coalescence-mBHI-p5_S29,0,748494,G8-e003Coalescence-mBHI-p5_S29,102316
76,E8-e003Coalescence-mBHI-p3_S105,2,1300226,G8-e003Coalescence-mBHI-p5_S29,102316
77,E8-e003Coalescence-mGAM-p7_S149,21,1417361,G8-e003Coalescence-mBHI-p5_S29,102316
78,H8-e003Coalescence-mGAM-p7_S185,2624,983015,G8-e003Coalescence-mBHI-p5_S29,102316
79,A2-e003Coalescence-Inoculumn-mGAM,28,766653,G8-e003Coalescence-mBHI-p5_S29,102316
80,B8-e003Coalescence-mBHI-p1_S749,22,1268450,G8-e003Coalescence-mBHI-p5_S29,102316
81,A8-e003Coalescence-mBHI-p1_S748,2,1289758,G8-e003Coalescence-mBHI-p5_S29,102316
82,H8-e003Coalescence-mBHI-p1_S815,6,1218424,G8-e003Coalescence-mBHI-p5_S29,102316
83,E8-e003Coalescence-mBHI-p1_S812,2,1401516,G8-e003Coalescence-mBHI-p5_S29,102316
84,G8-e003Coalescence-mGAM-p1_S818,7,827892,G8-e003Coalescence-mBHI-p5_S29,102316
85,D8-e003Coalescence-mGAM-p1_S755,15,701330,G8-e003Coalescence-mBHI-p5_S29,102316
86,A9-e003Coalescence-mBHI-p1_S756,35,1437416,G8-e003Coalescence-mBHI-p5_S29,102316
87,E11-e003Coalescence-mBHI-p1_S836,7,1451168,G8-e003Coalescence-mBHI-p5_S29,102316
88,A10-e003Coalescence-mBHI-p1_S764,0,1193259,G8-e003Coalescence-mBHI-p5_S29,102316
89,A11-e003Coalescence-mBHI-p1_S772,10,1248804,G8-e003Coalescence-mBHI-p5_S29,102316
90,Coalescence-F2-E10-AA-AE-mGAM-mBHI-3_S681,0,1425787,G8-e003Coalescence-mBHI-p5_S29,102316
91,Coalescence-E8-D11-AF-AF-mGAM-mBHI-3_S675,9631,1135698,G8-e003Coalescence-mBHI-p5_S29,102316
92,Coalescence-F10-H8-AA-AF-mGAM-mGAM-3_S689,63,1095751,G8-e003Coalescence-mBHI-p5_S29,102316
93,Coalescence-A10-C11-AE-AF-mGAM-mBHI-7_S629,5879,698926,G8-e003Coalescence-mBHI-p5_S29,102316
94,C_E2_e003Assembly_S242,13,781119,G8-e003Coalescence-mBHI-p5_S29,102316
0,A_A5_A8_AA_AA_mGAM_mBHI_2_S5,3,1417316,E8-e003Coalescence-mBHI-p3_S105,102316
1,A_A8_A11_AF_AA_mGAM_mBHI_2_S8,11,1079879,E8-e003Coalescence-mBHI-p3_S105,102316
2,A_C5_C8_AA_AE_mGAM_mBHI_2_S29,1,1427638,E8-e003Coalescence-mBHI-p3_S105,102316
3,A_D5_D8_AA_AF_mGAM_mBHI_2_S41,16,966462,E8-e003Coalescence-mBHI-p3_S105,102316
4,A_D8_D11_AF_AF_mGAM_mBHI_2_S44,17547,1169381,E8-e003Coalescence-mBHI-p3_S105,102316
5,A_E5_A8_AA_AA_mGAM_mGAM_2_S53,15,1019189,E8-e003Coalescence-mBHI-p3_S105,102316
6,A_E9_A2_AA_AA_mBHI_mGAM_4_S57,8,1413231,E8-e003Coalescence-mBHI-p3_S105,102316
7,A_G1_C2_AA_AE_mBHI_mGAM_2_S73,22,712175,E8-e003Coalescence-mBHI-p3_S105,102316
8,A_G5_C8_AA_AE_mGAM_mGAM_2_S77,21,1416857,E8-e003Coalescence-mBHI-p3_S105,102316
9,A_G9_C2_AA_AE_mBHI_mGAM_4_S81,5,1411062,E8-e003Coalescence-mBHI-p3_S105,102316
10,B_A5_E8_AA_AA_mGAM_mBHI_2_S101,2,1425704,E8-e003Coalescence-mBHI-p3_S105,102316
11,B_A6_E9_ACPP_AA_mGAM_mBHI_2_S102,16,1117375,E8-e003Coalescence-mBHI-p3_S105,102316
12,B_A7_E10_AE_AA_mGAM_mBHI_2_S103,4,1427518,E8-e003Coalescence-mBHI-p3_S105,102316
13,B_A11_A10_AE_AA_mGAM_mBHI_4_S107,14,1383768,E8-e003Coalescence-mBHI-p3_S105,102316
14,B_A12_A11_AF_AA_mGAM_mBHI_4_S108,10,1434911,E8-e003Coalescence-mBHI-p3_S105,102316
15,B_C12_C11_AF_AE_mGAM_mBHI_4_S132,15624,1052319,E8-e003Coalescence-mBHI-p3_S105,102316
16,B_D7_H10_AE_AF_mGAM_mBHI_2_S139,20543,1353892,E8-e003Coalescence-mBHI-p3_S105,102316
17,B_D11_D10_AE_AF_mGAM_mBHI_4_S143,18114,1203283,E8-e003Coalescence-mBHI-p3_S105,102316
18,B_E5_E8_AA_AA_mGAM_mGAM_2_S149,21,946657,E8-e003Coalescence-mBHI-p3_S105,102316
19,B_E7_E10_AE_AA_mGAM_mGAM_2_S151,10,1444031,E8-e003Coalescence-mBHI-p3_S105,102316
20,B_E8_E11_AF_AA_mGAM_mGAM_2_S152,12,849793,E8-e003Coalescence-mBHI-p3_S105,102316
21,B_E11_A10_AE_AA_mGAM_mGAM_4_S155,4,1028220,E8-e003Coalescence-mBHI-p3_S105,102316
22,B_G1_G2_AA_AE_mBHI_mGAM_2_S169,23,1033473,E8-e003Coalescence-mBHI-p3_S105,102316
23,B_H5_H8_AA_AF_mGAM_mGAM_2_S185,13,1427983,E8-e003Coalescence-mBHI-p3_S105,102316
24,C_C5_C8_AA_AE_mGAM_mBHI_6_S221,9,977407,E8-e003Coalescence-mBHI-p3_S105,102316
25,C_C8_C11_AF_AE_mGAM_mBHI_6_S224,18467,1218207,E8-e003Coalescence-mBHI-p3_S105,102316
26,C_D5_D8_AA_AF_mGAM_mBHI_6_S233,95,1127572,E8-e003Coalescence-mBHI-p3_S105,102316
27,C_D7_D10_AE_AF_mGAM_mBHI_6_S235,21312,1404179,E8-e003Coalescence-mBHI-p3_S105,102316
28,C_E5_A8_AA_AA_mGAM_mGAM_6_S245,26,1431755,E8-e003Coalescence-mBHI-p3_S105,102316
29,C_E7_A10_AE_AA_mGAM_mGAM_6_S247,2,1413289,E8-e003Coalescence-mBHI-p3_S105,102316
30,C_E9_E2_AA_AA_mBHI_mGAM_4_S249,14,1403356,E8-e003Coalescence-mBHI-p3_S105,102316
31,C_E11_E4_AE_AA_mBHI_mGAM_4_S251,13,1422885,E8-e003Coalescence-mBHI-p3_S105,102316
32,D_A6_A9_ACPP_AA_mGAM_mBHI_6_S294,1,1440130,E8-e003Coalescence-mBHI-p3_S105,102316
33,D_A7_A10_AE_AA_mGAM_mBHI_6_S295,6,1433602,E8-e003Coalescence-mBHI-p3_S105,102316
34,D_A8_A11_AF_AA_mGAM_mBHI_6_S296,11,1436671,E8-e003Coalescence-mBHI-p3_S105,102316
35,D_A9_E8_AA_AA_mGAM_mBHI_4_S297,2,1437286,E8-e003Coalescence-mBHI-p3_S105,102316
36,D_A12_E11_AF_AA_mGAM_mBHI_4_S300,9,1396823,E8-e003Coalescence-mBHI-p3_S105,102316
37,D_C8_C11_AF_AE_mGAM_mBHI_6_S320,19500,1292174,E8-e003Coalescence-mBHI-p3_S105,102316
38,D_C9_G8_AA_AE_mGAM_mBHI_4_S321,11,1110163,E8-e003Coalescence-mBHI-p3_S105,102316
39,D_C12_G11_AF_AE_mGAM_mBHI_4_S324,20232,1330220,E8-e003Coalescence-mBHI-p3_S105,102316
40,D_D7_D10_AE_AF_mGAM_mBHI_6_S331,20246,1338259,E8-e003Coalescence-mBHI-p3_S105,102316
41,D_D11_H10_AE_AF_mGAM_mBHI_4_S335,19886,1308265,E8-e003Coalescence-mBHI-p3_S105,102316
42,D_E1_A2_AA_AA_mBHI_mGAM_6_S337,5,1436963,E8-e003Coalescence-mBHI-p3_S105,102316
43,D_E3_A4_AE_AA_mBHI_mGAM_6_S339,19,1417311,E8-e003Coalescence-mBHI-p3_S105,102316
44,D_E6_A9_ACPP_AA_mGAM_mGAM_6_S342,10,1303681,E8-e003Coalescence-mBHI-p3_S105,102316
45,D_E7_A10_AE_AA_mGAM_mGAM_6_S343,2,1343749,E8-e003Coalescence-mBHI-p3_S105,102316
46,D_E9_E8_AA_AA_mGAM_mGAM_4_S345,37,1400809,E8-e003Coalescence-mBHI-p3_S105,102316
47,D_E11_E10_AE_AA_mGAM_mGAM_4_S347,9,1397326,E8-e003Coalescence-mBHI-p3_S105,102316
48,D_G1_C2_AA_AE_mBHI_mGAM_6_S361,11,712918,E8-e003Coalescence-mBHI-p3_S105,102316
49,D_H5_D8_AA_AF_mGAM_mGAM_6_S377,3707,1125549,E8-e003Coalescence-mBHI-p3_S105,102316
50,D10-e003Coalescence-mBHI-p3,10963,721454,E8-e003Coalescence-mBHI-p3_S105,102316
51,C2-e003Coalescence-mGAM-p7,71,1453552,E8-e003Coalescence-mBHI-p3_S105,102316
52,D10-e003Coalescence-mBHI-p5,10826,723373,E8-e003Coalescence-mBHI-p3_S105,102316
53,D8-e003Coalescence-mBHI-p5,97,795854,E8-e003Coalescence-mBHI-p3_S105,102316
54,A8-e003Coalescence-mBHI-p7,49,1437763,E8-e003Coalescence-mBHI-p3_S105,102316
55,A10-e003Coalescence-mGAM-p3,29,960054,E8-e003Coalescence-mBHI-p3_S105,102316
56,A8-e003Coalescence-mBHI-p5,39,1099058,E8-e003Coalescence-mBHI-p3_S105,102316
57,A10-e003Coalescence-mBHI-p7,54,1171728,E8-e003Coalescence-mBHI-p3_S105,102316
58,A2-e003Coalescence-mGAM-p5,41,1119246,E8-e003Coalescence-mBHI-p3_S105,102316
59,C8-e003Coalescence-mBHI-p5,32,1251387,E8-e003Coalescence-mBHI-p3_S105,102316
60,A11-e003Coalescence-mBHI-p3,51,1455400,E8-e003Coalescence-mBHI-p3_S105,102316
61,E2-e003Coalescence-mGAM-p7_S145,9,960650,E8-e003Coalescence-mBHI-p3_S105,102316
62,E8-e003Coalescence-mBHI-p5_S5,5,1129168,E8-e003Coalescence-mBHI-p3_S105,102316
63,H111-e003Coalescence-mBHI-p3_S144,18789,1229895,E8-e003Coalescence-mBHI-p3_S105,102316
64,E100-e003Coalescence-mGAM-p3_S155,0,1310955,E8-e003Coalescence-mBHI-p3_S105,102316
65,E111-e003Coalescence-mBHI-p5_S8,48,719187,E8-e003Coalescence-mBHI-p3_S105,102316
66,H100-e003Coalescence-mBHI-p5_S43,15450,1043416,E8-e003Coalescence-mBHI-p3_S105,102316
67,H8-e003Coalescence-mBHI-p7_S137,24,1241668,E8-e003Coalescence-mBHI-p3_S105,102316
68,G8-e003Coalescence-mGAM-p5_S77,13,1348310,E8-e003Coalescence-mBHI-p3_S105,102316
69,H8-e003Coalescence-mBHI-p5_S41,10,797551,E8-e003Coalescence-mBHI-p3_S105,102316
70,E100-e003Coalescence-mBHI-p5_S7,3,890217,E8-e003Coalescence-mBHI-p3_S105,102316
71,E100-e003Coalescence-mGAM-p5_S55,3,809705,E8-e003Coalescence-mBHI-p3_S105,102316
72,H111-e003Coalescence-mBHI-p5_S44,9779,674095,E8-e003Coalescence-mBHI-p3_S105,102316
73,E2-e003Coalescence-mGAM-p3_S57,11,1046865,E8-e003Coalescence-mBHI-p3_S105,102316
74,H100-e003Coalescence-mBHI-p7_S139,19238,1277434,E8-e003Coalescence-mBHI-p3_S105,102316
75,G8-e003Coalescence-mBHI-p5_S29,2,748494,E8-e003Coalescence-mBHI-p3_S105,102316
76,E8-e003Coalescence-mBHI-p3_S105,0,1300226,E8-e003Coalescence-mBHI-p3_S105,102316
77,E8-e003Coalescence-mGAM-p7_S149,26,1417361,E8-e003Coalescence-mBHI-p3_S105,102316
78,H8-e003Coalescence-mGAM-p7_S185,4740,983015,E8-e003Coalescence-mBHI-p3_S105,102316
79,A2-e003Coalescence-Inoculumn-mGAM,39,766653,E8-e003Coalescence-mBHI-p3_S105,102316
80,B8-e003Coalescence-mBHI-p1_S749,35,1268450,E8-e003Coalescence-mBHI-p3_S105,102316
81,A8-e003Coalescence-mBHI-p1_S748,0,1289758,E8-e003Coalescence-mBHI-p3_S105,102316
82,H8-e003Coalescence-mBHI-p1_S815,12,1218424,E8-e003Coalescence-mBHI-p3_S105,102316
83,E8-e003Coalescence-mBHI-p1_S812,5,1401516,E8-e003Coalescence-mBHI-p3_S105,102316
84,G8-e003Coalescence-mGAM-p1_S818,20,827892,E8-e003Coalescence-mBHI-p3_S105,102316
85,D8-e003Coalescence-mGAM-p1_S755,16,701330,E8-e003Coalescence-mBHI-p3_S105,102316
86,A9-e003Coalescence-mBHI-p1_S756,43,1437416,E8-e003Coalescence-mBHI-p3_S105,102316
87,E11-e003Coalescence-mBHI-p1_S836,4,1451168,E8-e003Coalescence-mBHI-p3_S105,102316
88,A10-e003Coalescence-mBHI-p1_S764,3,1193259,E8-e003Coalescence-mBHI-p3_S105,102316
89,A11-e003Coalescence-mBHI-p1_S772,13,1248804,E8-e003Coalescence-mBHI-p3_S105,102316
90,Coalescence-F2-E10-AA-AE-mGAM-mBHI-3_S681,1,1425787,E8-e003Coalescence-mBHI-p3_S105,102316
91,Coalescence-E8-D11-AF-AF-mGAM-mBHI-3_S675,16974,1135698,E8-e003Coalescence-mBHI-p3_S105,102316
92,Coalescence-F10-H8-AA-AF-mGAM-mGAM-3_S689,108,1095751,E8-e003Coalescence-mBHI-p3_S105,102316
93,Coalescence-A10-C11-AE-AF-mGAM-mBHI-7_S629,10381,698926,E8-e003Coalescence-mBHI-p3_S105,102316
94,C_E2_e003Assembly_S242,15,781119,E8-e003Coalescence-mBHI-p3_S105,102316
0,A_A5_A8_AA_AA_mGAM_mBHI_2_S5,44,1417316,E8-e003Coalescence-mGAM-p7_S149,102316
1,A_A8_A11_AF_AA_mGAM_mBHI_2_S8,63,1079879,E8-e003Coalescence-mGAM-p7_S149,102316
2,A_C5_C8_AA_AE_mGAM_mBHI_2_S29,54,1427638,E8-e003Coalescence-mGAM-p7_S149,102316
3,A_D5_D8_AA_AF_mGAM_mBHI_2_S41,74,966462,E8-e003Coalescence-mGAM-p7_S149,102316
4,A_D8_D11_AF_AF_mGAM_mBHI_2_S44,19238,1169381,E8-e003Coalescence-mGAM-p7_S149,102316
5,A_E5_A8_AA_AA_mGAM_mGAM_2_S53,0,1019189,E8-e003Coalescence-mGAM-p7_S149,102316
6,A_E9_A2_AA_AA_mBHI_mGAM_4_S57,67,1413231,E8-e003Coalescence-mGAM-p7_S149,102316
7,A_G1_C2_AA_AE_mBHI_mGAM_2_S73,57,712175,E8-e003Coalescence-mGAM-p7_S149,102316
8,A_G5_C8_AA_AE_mGAM_mGAM_2_S77,10,1416857,E8-e003Coalescence-mGAM-p7_S149,102316
9,A_G9_C2_AA_AE_mBHI_mGAM_4_S81,77,1411062,E8-e003Coalescence-mGAM-p7_S149,102316
10,B_A5_E8_AA_AA_mGAM_mBHI_2_S101,45,1425704,E8-e003Coalescence-mGAM-p7_S149,102316
11,B_A6_E9_ACPP_AA_mGAM_mBHI_2_S102,45,1117375,E8-e003Coalescence-mGAM-p7_S149,102316
12,B_A7_E10_AE_AA_mGAM_mBHI_2_S103,40,1427518,E8-e003Coalescence-mGAM-p7_S149,102316
13,B_A11_A10_AE_AA_mGAM_mBHI_4_S107,49,1383768,E8-e003Coalescence-mGAM-p7_S149,102316
14,B_A12_A11_AF_AA_mGAM_mBHI_4_S108,57,1434911,E8-e003Coalescence-mGAM-p7_S149,102316
15,B_C12_C11_AF_AE_mGAM_mBHI_4_S132,17223,1052319,E8-e003Coalescence-mGAM-p7_S149,102316
16,B_D7_H10_AE_AF_mGAM_mBHI_2_S139,22633,1353892,E8-e003Coalescence-mGAM-p7_S149,102316
17,B_D11_D10_AE_AF_mGAM_mBHI_4_S143,19882,1203283,E8-e003Coalescence-mGAM-p7_S149,102316
18,B_E5_E8_AA_AA_mGAM_mGAM_2_S149,0,946657,E8-e003Coalescence-mGAM-p7_S149,102316
19,B_E7_E10_AE_AA_mGAM_mGAM_2_S151,38,1444031,E8-e003Coalescence-mGAM-p7_S149,102316
20,B_E8_E11_AF_AA_mGAM_mGAM_2_S152,23,849793,E8-e003Coalescence-mGAM-p7_S149,102316
21,B_E11_A10_AE_AA_mGAM_mGAM_4_S155,23,1028220,E8-e003Coalescence-mGAM-p7_S149,102316
22,B_G1_G2_AA_AE_mBHI_mGAM_2_S169,70,1033473,E8-e003Coalescence-mGAM-p7_S149,102316
23,B_H5_H8_AA_AF_mGAM_mGAM_2_S185,17,1427983,E8-e003Coalescence-mGAM-p7_S149,102316
24,C_C5_C8_AA_AE_mGAM_mBHI_6_S221,24,977407,E8-e003Coalescence-mGAM-p7_S149,102316
25,C_C8_C11_AF_AE_mGAM_mBHI_6_S224,20166,1218207,E8-e003Coalescence-mGAM-p7_S149,102316
26,C_D5_D8_AA_AF_mGAM_mBHI_6_S233,125,1127572,E8-e003Coalescence-mGAM-p7_S149,102316
27,C_D7_D10_AE_AF_mGAM_mBHI_6_S235,23503,1404179,E8-e003Coalescence-mGAM-p7_S149,102316
28,C_E5_A8_AA_AA_mGAM_mGAM_6_S245,2,1431755,E8-e003Coalescence-mGAM-p7_S149,102316
29,C_E7_A10_AE_AA_mGAM_mGAM_6_S247,46,1413289,E8-e003Coalescence-mGAM-p7_S149,102316
30,C_E9_E2_AA_AA_mBHI_mGAM_4_S249,62,1403356,E8-e003Coalescence-mGAM-p7_S149,102316
31,C_E11_E4_AE_AA_mBHI_mGAM_4_S251,58,1422885,E8-e003Coalescence-mGAM-p7_S149,102316
32,D_A6_A9_ACPP_AA_mGAM_mBHI_6_S294,43,1440130,E8-e003Coalescence-mGAM-p7_S149,102316
33,D_A7_A10_AE_AA_mGAM_mBHI_6_S295,41,1433602,E8-e003Coalescence-mGAM-p7_S149,102316
34,D_A8_A11_AF_AA_mGAM_mBHI_6_S296,73,1436671,E8-e003Coalescence-mGAM-p7_S149,102316
35,D_A9_E8_AA_AA_mGAM_mBHI_4_S297,38,1437286,E8-e003Coalescence-mGAM-p7_S149,102316
36,D_A12_E11_AF_AA_mGAM_mBHI_4_S300,63,1396823,E8-e003Coalescence-mGAM-p7_S149,102316
37,D_C8_C11_AF_AE_mGAM_mBHI_6_S320,21390,1292174,E8-e003Coalescence-mGAM-p7_S149,102316
38,D_C9_G8_AA_AE_mGAM_mBHI_4_S321,37,1110163,E8-e003Coalescence-mGAM-p7_S149,102316
39,D_C12_G11_AF_AE_mGAM_mBHI_4_S324,22181,1330220,E8-e003Coalescence-mGAM-p7_S149,102316
40,D_D7_D10_AE_AF_mGAM_mBHI_6_S331,22250,1338259,E8-e003Coalescence-mGAM-p7_S149,102316
41,D_D11_H10_AE_AF_mGAM_mBHI_4_S335,21860,1308265,E8-e003Coalescence-mGAM-p7_S149,102316
42,D_E1_A2_AA_AA_mBHI_mGAM_6_S337,70,1436963,E8-e003Coalescence-mGAM-p7_S149,102316
43,D_E3_A4_AE_AA_mBHI_mGAM_6_S339,56,1417311,E8-e003Coalescence-mGAM-p7_S149,102316
44,D_E6_A9_ACPP_AA_mGAM_mGAM_6_S342,38,1303681,E8-e003Coalescence-mGAM-p7_S149,102316
45,D_E7_A10_AE_AA_mGAM_mGAM_6_S343,56,1343749,E8-e003Coalescence-mGAM-p7_S149,102316
46,D_E9_E8_AA_AA_mGAM_mGAM_4_S345,5,1400809,E8-e003Coalescence-mGAM-p7_S149,102316
47,D_E11_E10_AE_AA_mGAM_mGAM_4_S347,56,1397326,E8-e003Coalescence-mGAM-p7_S149,102316
48,D_G1_C2_AA_AE_mBHI_mGAM_6_S361,31,712918,E8-e003Coalescence-mGAM-p7_S149,102316
49,D_H5_D8_AA_AF_mGAM_mGAM_6_S377,4243,1125549,E8-e003Coalescence-mGAM-p7_S149,102316
50,D10-e003Coalescence-mBHI-p3,11943,721454,E8-e003Coalescence-mGAM-p7_S149,102316
51,C2-e003Coalescence-mGAM-p7,135,1453552,E8-e003Coalescence-mGAM-p7_S149,102316
52,D10-e003Coalescence-mBHI-p5,11803,723373,E8-e003Coalescence-mGAM-p7_S149,102316
53,D8-e003Coalescence-mBHI-p5,139,795854,E8-e003Coalescence-mGAM-p7_S149,102316
54,A8-e003Coalescence-mBHI-p7,103,1437763,E8-e003Coalescence-mGAM-p7_S149,102316
55,A10-e003Coalescence-mGAM-p3,64,960054,E8-e003Coalescence-mGAM-p7_S149,102316
56,A8-e003Coalescence-mBHI-p5,64,1099058,E8-e003Coalescence-mGAM-p7_S149,102316
57,A10-e003Coalescence-mBHI-p7,81,1171728,E8-e003Coalescence-mGAM-p7_S149,102316
58,A2-e003Coalescence-mGAM-p5,98,1119246,E8-e003Coalescence-mGAM-p7_S149,102316
59,C8-e003Coalescence-mBHI-p5,71,1251387,E8-e003Coalescence-mGAM-p7_S149,102316
60,A11-e003Coalescence-mBHI-p3,120,1455400,E8-e003Coalescence-mGAM-p7_S149,102316
61,E2-e003Coalescence-mGAM-p7_S145,36,960650,E8-e003Coalescence-mGAM-p7_S149,102316
62,E8-e003Coalescence-mBHI-p5_S5,29,1129168,E8-e003Coalescence-mGAM-p7_S149,102316
63,H111-e003Coalescence-mBHI-p3_S144,20531,1229895,E8-e003Coalescence-mGAM-p7_S149,102316
64,E100-e003Coalescence-mGAM-p3_S155,40,1310955,E8-e003Coalescence-mGAM-p7_S149,102316
65,E111-e003Coalescence-mBHI-p5_S8,74,719187,E8-e003Coalescence-mGAM-p7_S149,102316
66,H100-e003Coalescence-mBHI-p5_S43,17007,1043416,E8-e003Coalescence-mGAM-p7_S149,102316
67,H8-e003Coalescence-mBHI-p7_S137,84,1241668,E8-e003Coalescence-mGAM-p7_S149,102316
68,G8-e003Coalescence-mGAM-p5_S77,10,1348310,E8-e003Coalescence-mGAM-p7_S149,102316
69,H8-e003Coalescence-mBHI-p5_S41,75,797551,E8-e003Coalescence-mGAM-p7_S149,102316
70,E100-e003Coalescence-mBHI-p5_S7,33,890217,E8-e003Coalescence-mGAM-p7_S149,102316
71,E100-e003Coalescence-mGAM-p5_S55,33,809705,E8-e003Coalescence-mGAM-p7_S149,102316
72,H111-e003Coalescence-mBHI-p5_S44,10819,674095,E8-e003Coalescence-mGAM-p7_S149,102316
73,E2-e003Coalescence-mGAM-p3_S57,45,1046865,E8-e003Coalescence-mGAM-p7_S149,102316
74,H100-e003Coalescence-mBHI-p7_S139,21104,1277434,E8-e003Coalescence-mGAM-p7_S149,102316
75,G8-e003Coalescence-mBHI-p5_S29,21,748494,E8-e003Coalescence-mGAM-p7_S149,102316
76,E8-e003Coalescence-mBHI-p3_S105,26,1300226,E8-e003Coalescence-mGAM-p7_S149,102316
77,E8-e003Coalescence-mGAM-p7_S149,0,1417361,E8-e003Coalescence-mGAM-p7_S149,102316
78,H8-e003Coalescence-mGAM-p7_S185,5293,983015,E8-e003Coalescence-mGAM-p7_S149,102316
79,A2-e003Coalescence-Inoculumn-mGAM,25,766653,E8-e003Coalescence-mGAM-p7_S149,102316
80,B8-e003Coalescence-mBHI-p1_S749,77,1268450,E8-e003Coalescence-mGAM-p7_S149,102316
81,A8-e003Coalescence-mBHI-p1_S748,38,1289758,E8-e003Coalescence-mGAM-p7_S149,102316
82,H8-e003Coalescence-mBHI-p1_S815,55,1218424,E8-e003Coalescence-mGAM-p7_S149,102316
83,E8-e003Coalescence-mBHI-p1_S812,65,1401516,E8-e003Coalescence-mGAM-p7_S149,102316
84,G8-e003Coalescence-mGAM-p1_S818,3,827892,E8-e003Coalescence-mGAM-p7_S149,102316
85,D8-e003Coalescence-mGAM-p1_S755,34,701330,E8-e003Coalescence-mGAM-p7_S149,102316
86,A9-e003Coalescence-mBHI-p1_S756,97,1437416,E8-e003Coalescence-mGAM-p7_S149,102316
87,E11-e003Coalescence-mBHI-p1_S836,59,1451168,E8-e003Coalescence-mGAM-p7_S149,102316
88,A10-e003Coalescence-mBHI-p1_S764,36,1193259,E8-e003Coalescence-mGAM-p7_S149,102316
89,A11-e003Coalescence-mBHI-p1_S772,67,1248804,E8-e003Coalescence-mGAM-p7_S149,102316
90,Coalescence-F2-E10-AA-AE-mGAM-mBHI-3_S681,43,1425787,E8-e003Coalescence-mGAM-p7_S149,102316
91,Coalescence-E8-D11-AF-AF-mGAM-mBHI-3_S675,18629,1135698,E8-e003Coalescence-mGAM-p7_S149,102316
92,Coalescence-F10-H8-AA-AF-mGAM-mGAM-3_S689,188,1095751,E8-e003Coalescence-mGAM-p7_S149,102316
93,Coalescence-A10-C11-AE-AF-mGAM-mBHI-7_S629,11222,698926,E8-e003Coalescence-mGAM-p7_S149,102316
94,C_E2_e003Assembly_S242,20,781119,E8-e003Coalescence-mGAM-p7_S149,102316
0,A_A5_A8_AA_AA_mGAM_mBHI_2_S5,5276,1417316,H8-e003Coalescence-mGAM-p7_S185,102316
1,A_A8_A11_AF_AA_mGAM_mBHI_2_S8,3311,1079879,H8-e003Coalescence-mGAM-p7_S185,102316
2,A_C5_C8_AA_AE_mGAM_mBHI_2_S29,5294,1427638,H8-e003Coalescence-mGAM-p7_S185,102316
3,A_D5_D8_AA_AF_mGAM_mBHI_2_S41,2360,966462,H8-e003Coalescence-mGAM-p7_S185,102316
4,A_D8_D11_AF_AF_mGAM_mBHI_2_S44,450,1169381,H8-e003Coalescence-mGAM-p7_S185,102316
5,A_E5_A8_AA_AA_mGAM_mGAM_2_S53,3673,1019189,H8-e003Coalescence-mGAM-p7_S185,102316
6,A_E9_A2_AA_AA_mBHI_mGAM_4_S57,5248,1413231,H8-e003Coalescence-mGAM-p7_S185,102316
7,A_G1_C2_AA_AE_mBHI_mGAM_2_S73,2593,712175,H8-e003Coalescence-mGAM-p7_S185,102316
8,A_G5_C8_AA_AE_mGAM_mGAM_2_S77,5335,1416857,H8-e003Coalescence-mGAM-p7_S185,102316
9,A_G9_C2_AA_AE_mBHI_mGAM_4_S81,5153,1411062,H8-e003Coalescence-mGAM-p7_S185,102316
10,B_A5_E8_AA_AA_mGAM_mBHI_2_S101,5304,1425704,H8-e003Coalescence-mGAM-p7_S185,102316
11,B_A6_E9_ACPP_AA_mGAM_mBHI_2_S102,4048,1117375,H8-e003Coalescence-mGAM-p7_S185,102316
12,B_A7_E10_AE_AA_mGAM_mBHI_2_S103,5351,1427518,H8-e003Coalescence-mGAM-p7_S185,102316
13,B_A11_A10_AE_AA_mGAM_mBHI_4_S107,5123,1383768,H8-e003Coalescence-mGAM-p7_S185,102316
14,B_A12_A11_AF_AA_mGAM_mBHI_4_S108,4368,1434911,H8-e003Coalescence-mGAM-p7_S185,102316
15,B_C12_C11_AF_AE_mGAM_mBHI_4_S132,406,1052319,H8-e003Coalescence-mGAM-p7_S185,102316
16,B_D7_H10_AE_AF_mGAM_mBHI_2_S139,595,1353892,H8-e003Coalescence-mGAM-p7_S185,102316
17,B_D11_D10_AE_AF_mGAM_mBHI_4_S143,458,1203283,H8-e003Coalescence-mGAM-p7_S185,102316
18,B_E5_E8_AA_AA_mGAM_mGAM_2_S149,3308,946657,H8-e003Coalescence-mGAM-p7_S185,102316
19,B_E7_E10_AE_AA_mGAM_mGAM_2_S151,5374,1444031,H8-e003Coalescence-mGAM-p7_S185,102316
20,B_E8_E11_AF_AA_mGAM_mGAM_2_S152,2438,849793,H8-e003Coalescence-mGAM-p7_S185,102316
21,B_E11_A10_AE_AA_mGAM_mGAM_4_S155,3649,1028220,H8-e003Coalescence-mGAM-p7_S185,102316
22,B_G1_G2_AA_AE_mBHI_mGAM_2_S169,3699,1033473,H8-e003Coalescence-mGAM-p7_S185,102316
23,B_H5_H8_AA_AF_mGAM_mGAM_2_S185,3971,1427983,H8-e003Coalescence-mGAM-p7_S185,102316
24,C_C5_C8_AA_AE_mGAM_mBHI_6_S221,3554,977407,H8-e003Coalescence-mGAM-p7_S185,102316
25,C_C8_C11_AF_AE_mGAM_mBHI_6_S224,480,1218207,H8-e003Coalescence-mGAM-p7_S185,102316
26,C_D5_D8_AA_AF_mGAM_mBHI_6_S233,2328,1127572,H8-e003Coalescence-mGAM-p7_S185,102316
27,C_D7_D10_AE_AF_mGAM_mBHI_6_S235,613,1404179,H8-e003Coalescence-mGAM-p7_S185,102316
28,C_E5_A8_AA_AA_mGAM_mGAM_6_S245,5321,1431755,H8-e003Coalescence-mGAM-p7_S185,102316
29,C_E7_A10_AE_AA_mGAM_mGAM_6_S247,5284,1413289,H8-e003Coalescence-mGAM-p7_S185,102316
30,C_E9_E2_AA_AA_mBHI_mGAM_4_S249,5193,1403356,H8-e003Coalescence-mGAM-p7_S185,102316
31,C_E11_E4_AE_AA_mBHI_mGAM_4_S251,5314,1422885,H8-e003Coalescence-mGAM-p7_S185,102316
32,D_A6_A9_ACPP_AA_mGAM_mBHI_6_S294,5369,1440130,H8-e003Coalescence-mGAM-p7_S185,102316
33,D_A7_A10_AE_AA_mGAM_mBHI_6_S295,5379,1433602,H8-e003Coalescence-mGAM-p7_S185,102316
34,D_A8_A11_AF_AA_mGAM_mBHI_6_S296,3849,1436671,H8-e003Coalescence-mGAM-p7_S185,102316
35,D_A9_E8_AA_AA_mGAM_mBHI_4_S297,5383,1437286,H8-e003Coalescence-mGAM-p7_S185,102316
36,D_A12_E11_AF_AA_mGAM_mBHI_4_S300,4217,1396823,H8-e003Coalescence-mGAM-p7_S185,102316
37,D_C8_C11_AF_AE_mGAM_mBHI_6_S320,531,1292174,H8-e003Coalescence-mGAM-p7_S185,102316
38,D_C9_G8_AA_AE_mGAM_mBHI_4_S321,3944,1110163,H8-e003Coalescence-mGAM-p7_S185,102316
39,D_C12_G11_AF_AE_mGAM_mBHI_4_S324,575,1330220,H8-e003Coalescence-mGAM-p7_S185,102316
40,D_D7_D10_AE_AF_mGAM_mBHI_6_S331,559,1338259,H8-e003Coalescence-mGAM-p7_S185,102316
41,D_D11_H10_AE_AF_mGAM_mBHI_4_S335,574,1308265,H8-e003Coalescence-mGAM-p7_S185,102316
42,D_E1_A2_AA_AA_mBHI_mGAM_6_S337,5390,1436963,H8-e003Coalescence-mGAM-p7_S185,102316
43,D_E3_A4_AE_AA_mBHI_mGAM_6_S339,5234,1417311,H8-e003Coalescence-mGAM-p7_S185,102316
44,D_E6_A9_ACPP_AA_mGAM_mGAM_6_S342,4899,1303681,H8-e003Coalescence-mGAM-p7_S185,102316
45,D_E7_A10_AE_AA_mGAM_mGAM_6_S343,4955,1343749,H8-e003Coalescence-mGAM-p7_S185,102316
46,D_E9_E8_AA_AA_mGAM_mGAM_4_S345,5305,1400809,H8-e003Coalescence-mGAM-p7_S185,102316
47,D_E11_E10_AE_AA_mGAM_mGAM_4_S347,5295,1397326,H8-e003Coalescence-mGAM-p7_S185,102316
48,D_G1_C2_AA_AE_mBHI_mGAM_6_S361,2456,712918,H8-e003Coalescence-mGAM-p7_S185,102316
49,D_H5_D8_AA_AF_mGAM_mGAM_6_S377,194,1125549,H8-e003Coalescence-mGAM-p7_S185,102316
50,D10-e003Coalescence-mBHI-p3,312,721454,H8-e003Coalescence-mGAM-p7_S185,102316
51,C2-e003Coalescence-mGAM-p7,5534,1453552,H8-e003Coalescence-mGAM-p7_S185,102316
52,D10-e003Coalescence-mBHI-p5,277,723373,H8-e003Coalescence-mGAM-p7_S185,102316
53,D8-e003Coalescence-mBHI-p5,1881,795854,H8-e003Coalescence-mGAM-p7_S185,102316
54,A8-e003Coalescence-mBHI-p7,5593,1437763,H8-e003Coalescence-mGAM-p7_S185,102316
55,A10-e003Coalescence-mGAM-p3,3513,960054,H8-e003Coalescence-mGAM-p7_S185,102316
56,A8-e003Coalescence-mBHI-p5,3986,1099058,H8-e003Coalescence-mGAM-p7_S185,102316
57,A10-e003Coalescence-mBHI-p7,4461,1171728,H8-e003Coalescence-mGAM-p7_S185,102316
58,A2-e003Coalescence-mGAM-p5,4163,1119246,H8-e003Coalescence-mGAM-p7_S185,102316
59,C8-e003Coalescence-mBHI-p5,4647,1251387,H8-e003Coalescence-mGAM-p7_S185,102316
60,A11-e003Coalescence-mBHI-p3,5094,1455400,H8-e003Coalescence-mGAM-p7_S185,102316
61,E2-e003Coalescence-mGAM-p7_S145,3427,960650,H8-e003Coalescence-mGAM-p7_S185,102316
62,E8-e003Coalescence-mBHI-p5_S5,4078,1129168,H8-e003Coalescence-mGAM-p7_S185,102316
63,H111-e003Coalescence-mBHI-p3_S144,473,1229895,H8-e003Coalescence-mGAM-p7_S185,102316
64,E100-e003Coalescence-mGAM-p3_S155,4831,1310955,H8-e003Coalescence-mGAM-p7_S185,102316
65,E111-e003Coalescence-mBHI-p5_S8,1811,719187,H8-e003Coalescence-mGAM-p7_S185,102316
66,H100-e003Coalescence-mBHI-p5_S43,388,1043416,H8-e003Coalescence-mGAM-p7_S185,102316
67,H8-e003Coalescence-mBHI-p7_S137,4097,1241668,H8-e003Coalescence-mGAM-p7_S185,102316
68,G8-e003Coalescence-mGAM-p5_S77,5003,1348310,H8-e003Coalescence-mGAM-p7_S185,102316
69,H8-e003Coalescence-mBHI-p5_S41,2715,797551,H8-e003Coalescence-mGAM-p7_S185,102316
70,E100-e003Coalescence-mBHI-p5_S7,3152,890217,H8-e003Coalescence-mGAM-p7_S185,102316
71,E100-e003Coalescence-mGAM-p5_S55,2846,809705,H8-e003Coalescence-mGAM-p7_S185,102316
72,H111-e003Coalescence-mBHI-p5_S44,240,674095,H8-e003Coalescence-mGAM-p7_S185,102316
73,E2-e003Coalescence-mGAM-p3_S57,3680,1046865,H8-e003Coalescence-mGAM-p7_S185,102316
74,H100-e003Coalescence-mBHI-p7_S139,487,1277434,H8-e003Coalescence-mGAM-p7_S185,102316
75,G8-e003Coalescence-mBHI-p5_S29,2624,748494,H8-e003Coalescence-mGAM-p7_S185,102316
76,E8-e003Coalescence-mBHI-p3_S105,4740,1300226,H8-e003Coalescence-mGAM-p7_S185,102316
77,E8-e003Coalescence-mGAM-p7_S149,5293,1417361,H8-e003Coalescence-mGAM-p7_S185,102316
78,H8-e003Coalescence-mGAM-p7_S185,0,983015,H8-e003Coalescence-mGAM-p7_S185,102316
79,A2-e003Coalescence-Inoculumn-mGAM,2874,766653,H8-e003Coalescence-mGAM-p7_S185,102316
80,B8-e003Coalescence-mBHI-p1_S749,4680,1268450,H8-e003Coalescence-mGAM-p7_S185,102316
81,A8-e003Coalescence-mBHI-p1_S748,4737,1289758,H8-e003Coalescence-mGAM-p7_S185,102316
82,H8-e003Coalescence-mBHI-p1_S815,3752,1218424,H8-e003Coalescence-mGAM-p7_S185,102316
83,E8-e003Coalescence-mBHI-p1_S812,5227,1401516,H8-e003Coalescence-mGAM-p7_S185,102316
84,G8-e003Coalescence-mGAM-p1_S818,3072,827892,H8-e003Coalescence-mGAM-p7_S185,102316
85,D8-e003Coalescence-mGAM-p1_S755,2182,701330,H8-e003Coalescence-mGAM-p7_S185,102316
86,A9-e003Coalescence-mBHI-p1_S756,5381,1437416,H8-e003Coalescence-mGAM-p7_S185,102316
87,E11-e003Coalescence-mBHI-p1_S836,5118,1451168,H8-e003Coalescence-mGAM-p7_S185,102316
88,A10-e003Coalescence-mBHI-p1_S764,4296,1193259,H8-e003Coalescence-mGAM-p7_S185,102316
89,A11-e003Coalescence-mBHI-p1_S772,4048,1248804,H8-e003Coalescence-mGAM-p7_S185,102316
90,Coalescence-F2-E10-AA-AE-mGAM-mBHI-3_S681,5364,1425787,H8-e003Coalescence-mGAM-p7_S185,102316
91,Coalescence-E8-D11-AF-AF-mGAM-mBHI-3_S675,409,1135698,H8-e003Coalescence-mGAM-p7_S185,102316
92,Coalescence-F10-H8-AA-AF-mGAM-mGAM-3_S689,2179,1095751,H8-e003Coalescence-mGAM-p7_S185,102316
93,Coalescence-A10-C11-AE-AF-mGAM-mBHI-7_S629,234,698926,H8-e003Coalescence-mGAM-p7_S185,102316
94,C_E2_e003Assembly_S242,2844,781119,H8-e003Coalescence-mGAM-p7_S185,102316
0,A_A5_A8_AA_AA_mGAM_mBHI_2_S5,65,1417316,A2-e003Coalescence-Inoculumn-mGAM,102316
1,A_A8_A11_AF_AA_mGAM_mBHI_2_S8,47,1079879,A2-e003Coalescence-Inoculumn-mGAM,102316
2,A_C5_C8_AA_AE_mGAM_mBHI_2_S29,82,1427638,A2-e003Coalescence-Inoculumn-mGAM,102316
3,A_D5_D8_AA_AF_mGAM_mBHI_2_S41,54,966462,A2-e003Coalescence-Inoculumn-mGAM,102316
4,A_D8_D11_AF_AF_mGAM_mBHI_2_S44,10482,1169381,A2-e003Coalescence-Inoculumn-mGAM,102316
5,A_E5_A8_AA_AA_mGAM_mGAM_2_S53,13,1019189,A2-e003Coalescence-Inoculumn-mGAM,102316
6,A_E9_A2_AA_AA_mBHI_mGAM_4_S57,82,1413231,A2-e003Coalescence-Inoculumn-mGAM,102316
7,A_G1_C2_AA_AE_mBHI_mGAM_2_S73,50,712175,A2-e003Coalescence-Inoculumn-mGAM,102316
8,A_G5_C8_AA_AE_mGAM_mGAM_2_S77,28,1416857,A2-e003Coalescence-Inoculumn-mGAM,102316
9,A_G9_C2_AA_AE_mBHI_mGAM_4_S81,74,1411062,A2-e003Coalescence-Inoculumn-mGAM,102316
10,B_A5_E8_AA_AA_mGAM_mBHI_2_S101,79,1425704,A2-e003Coalescence-Inoculumn-mGAM,102316
11,B_A6_E9_ACPP_AA_mGAM_mBHI_2_S102,49,1117375,A2-e003Coalescence-Inoculumn-mGAM,102316
12,B_A7_E10_AE_AA_mGAM_mBHI_2_S103,65,1427518,A2-e003Coalescence-Inoculumn-mGAM,102316
13,B_A11_A10_AE_AA_mGAM_mBHI_4_S107,67,1383768,A2-e003Coalescence-Inoculumn-mGAM,102316
14,B_A12_A11_AF_AA_mGAM_mBHI_4_S108,66,1434911,A2-e003Coalescence-Inoculumn-mGAM,102316
15,B_C12_C11_AF_AE_mGAM_mBHI_4_S132,9424,1052319,A2-e003Coalescence-Inoculumn-mGAM,102316
16,B_D7_H10_AE_AF_mGAM_mBHI_2_S139,12368,1353892,A2-e003Coalescence-Inoculumn-mGAM,102316
17,B_D11_D10_AE_AF_mGAM_mBHI_4_S143,10864,1203283,A2-e003Coalescence-Inoculumn-mGAM,102316
18,B_E5_E8_AA_AA_mGAM_mGAM_2_S149,11,946657,A2-e003Coalescence-Inoculumn-mGAM,102316
19,B_E7_E10_AE_AA_mGAM_mGAM_2_S151,72,1444031,A2-e003Coalescence-Inoculumn-mGAM,102316
20,B_E8_E11_AF_AA_mGAM_mGAM_2_S152,22,849793,A2-e003Coalescence-Inoculumn-mGAM,102316
21,B_E11_A10_AE_AA_mGAM_mGAM_4_S155,37,1028220,A2-e003Coalescence-Inoculumn-mGAM,102316
22,B_G1_G2_AA_AE_mBHI_mGAM_2_S169,54,1033473,A2-e003Coalescence-Inoculumn-mGAM,102316
23,B_H5_H8_AA_AF_mGAM_mGAM_2_S185,34,1427983,A2-e003Coalescence-Inoculumn-mGAM,102316
24,C_C5_C8_AA_AE_mGAM_mBHI_6_S221,41,977407,A2-e003Coalescence-Inoculumn-mGAM,102316
25,C_C8_C11_AF_AE_mGAM_mBHI_6_S224,11001,1218207,A2-e003Coalescence-Inoculumn-mGAM,102316
26,C_D5_D8_AA_AF_mGAM_mBHI_6_S233,88,1127572,A2-e003Coalescence-Inoculumn-mGAM,102316
27,C_D7_D10_AE_AF_mGAM_mBHI_6_S235,12783,1404179,A2-e003Coalescence-Inoculumn-mGAM,102316
28,C_E5_A8_AA_AA_mGAM_mGAM_6_S245,28,1431755,A2-e003Coalescence-Inoculumn-mGAM,102316
29,C_E7_A10_AE_AA_mGAM_mGAM_6_S247,75,1413289,A2-e003Coalescence-Inoculumn-mGAM,102316
30,C_E9_E2_AA_AA_mBHI_mGAM_4_S249,72,1403356,A2-e003Coalescence-Inoculumn-mGAM,102316
31,C_E11_E4_AE_AA_mBHI_mGAM_4_S251,64,1422885,A2-e003Coalescence-Inoculumn-mGAM,102316
32,D_A6_A9_ACPP_AA_mGAM_mBHI_6_S294,67,1440130,A2-e003Coalescence-Inoculumn-mGAM,102316
33,D_A7_A10_AE_AA_mGAM_mBHI_6_S295,64,1433602,A2-e003Coalescence-Inoculumn-mGAM,102316
34,D_A8_A11_AF_AA_mGAM_mBHI_6_S296,78,1436671,A2-e003Coalescence-Inoculumn-mGAM,102316
35,D_A9_E8_AA_AA_mGAM_mBHI_4_S297,59,1437286,A2-e003Coalescence-Inoculumn-mGAM,102316
36,D_A12_E11_AF_AA_mGAM_mBHI_4_S300,67,1396823,A2-e003Coalescence-Inoculumn-mGAM,102316
37,D_C8_C11_AF_AE_mGAM_mBHI_6_S320,11752,1292174,A2-e003Coalescence-Inoculumn-mGAM,102316
38,D_C9_G8_AA_AE_mGAM_mBHI_4_S321,50,1110163,A2-e003Coalescence-Inoculumn-mGAM,102316
39,D_C12_G11_AF_AE_mGAM_mBHI_4_S324,12187,1330220,A2-e003Coalescence-Inoculumn-mGAM,102316
40,D_D7_D10_AE_AF_mGAM_mBHI_6_S331,12153,1338259,A2-e003Coalescence-Inoculumn-mGAM,102316
41,D_D11_H10_AE_AF_mGAM_mBHI_4_S335,11963,1308265,A2-e003Coalescence-Inoculumn-mGAM,102316
42,D_E1_A2_AA_AA_mBHI_mGAM_6_S337,87,1436963,A2-e003Coalescence-Inoculumn-mGAM,102316
43,D_E3_A4_AE_AA_mBHI_mGAM_6_S339,67,1417311,A2-e003Coalescence-Inoculumn-mGAM,102316
44,D_E6_A9_ACPP_AA_mGAM_mGAM_6_S342,65,1303681,A2-e003Coalescence-Inoculumn-mGAM,102316
45,D_E7_A10_AE_AA_mGAM_mGAM_6_S343,76,1343749,A2-e003Coalescence-Inoculumn-mGAM,102316
46,D_E9_E8_AA_AA_mGAM_mGAM_4_S345,29,1400809,A2-e003Coalescence-Inoculumn-mGAM,102316
47,D_E11_E10_AE_AA_mGAM_mGAM_4_S347,70,1397326,A2-e003Coalescence-Inoculumn-mGAM,102316
48,D_G1_C2_AA_AE_mBHI_mGAM_6_S361,33,712918,A2-e003Coalescence-Inoculumn-mGAM,102316
49,D_H5_D8_AA_AF_mGAM_mGAM_6_S377,2278,1125549,A2-e003Coalescence-Inoculumn-mGAM,102316
50,D10-e003Coalescence-mBHI-p3,6603,721454,A2-e003Coalescence-Inoculumn-mGAM,102316
51,C2-e003Coalescence-mGAM-p7,42,1453552,A2-e003Coalescence-Inoculumn-mGAM,102316
52,D10-e003Coalescence-mBHI-p5,6563,723373,A2-e003Coalescence-Inoculumn-mGAM,102316
53,D8-e003Coalescence-mBHI-p5,79,795854,A2-e003Coalescence-Inoculumn-mGAM,102316
54,A8-e003Coalescence-mBHI-p7,43,1437763,A2-e003Coalescence-Inoculumn-mGAM,102316
55,A10-e003Coalescence-mGAM-p3,30,960054,A2-e003Coalescence-Inoculumn-mGAM,102316
56,A8-e003Coalescence-mBHI-p5,28,1099058,A2-e003Coalescence-Inoculumn-mGAM,102316
57,A10-e003Coalescence-mBHI-p7,22,1171728,A2-e003Coalescence-Inoculumn-mGAM,102316
58,A2-e003Coalescence-mGAM-p5,39,1119246,A2-e003Coalescence-Inoculumn-mGAM,102316
59,C8-e003Coalescence-mBHI-p5,21,1251387,A2-e003Coalescence-Inoculumn-mGAM,102316
60,A11-e003Coalescence-mBHI-p3,27,1455400,A2-e003Coalescence-Inoculumn-mGAM,102316
61,E2-e003Coalescence-mGAM-p7_S145,44,960650,A2-e003Coalescence-Inoculumn-mGAM,102316
62,E8-e003Coalescence-mBHI-p5_S5,49,1129168,A2-e003Coalescence-Inoculumn-mGAM,102316
63,H111-e003Coalescence-mBHI-p3_S144,11215,1229895,A2-e003Coalescence-Inoculumn-mGAM,102316
64,E100-e003Coalescence-mGAM-p3_S155,52,1310955,A2-e003Coalescence-Inoculumn-mGAM,102316
65,E111-e003Coalescence-mBHI-p5_S8,72,719187,A2-e003Coalescence-Inoculumn-mGAM,102316
66,H100-e003Coalescence-mBHI-p5_S43,9216,1043416,A2-e003Coalescence-Inoculumn-mGAM,102316
67,H8-e003Coalescence-mBHI-p7_S137,54,1241668,A2-e003Coalescence-Inoculumn-mGAM,102316
68,G8-e003Coalescence-mGAM-p5_S77,46,1348310,A2-e003Coalescence-Inoculumn-mGAM,102316
69,H8-e003Coalescence-mBHI-p5_S41,44,797551,A2-e003Coalescence-Inoculumn-mGAM,102316
70,E100-e003Coalescence-mBHI-p5_S7,35,890217,A2-e003Coalescence-Inoculumn-mGAM,102316
71,E100-e003Coalescence-mGAM-p5_S55,29,809705,A2-e003Coalescence-Inoculumn-mGAM,102316
72,H111-e003Coalescence-mBHI-p5_S44,5889,674095,A2-e003Coalescence-Inoculumn-mGAM,102316
73,E2-e003Coalescence-mGAM-p3_S57,48,1046865,A2-e003Coalescence-Inoculumn-mGAM,102316
74,H100-e003Coalescence-mBHI-p7_S139,11494,1277434,A2-e003Coalescence-Inoculumn-mGAM,102316
75,G8-e003Coalescence-mBHI-p5_S29,28,748494,A2-e003Coalescence-Inoculumn-mGAM,102316
76,E8-e003Coalescence-mBHI-p3_S105,39,1300226,A2-e003Coalescence-Inoculumn-mGAM,102316
77,E8-e003Coalescence-mGAM-p7_S149,25,1417361,A2-e003Coalescence-Inoculumn-mGAM,102316
78,H8-e003Coalescence-mGAM-p7_S185,2874,983015,A2-e003Coalescence-Inoculumn-mGAM,102316
79,A2-e003Coalescence-Inoculumn-mGAM,0,766653,A2-e003Coalescence-Inoculumn-mGAM,102316
80,B8-e003Coalescence-mBHI-p1_S749,70,1268450,A2-e003Coalescence-Inoculumn-mGAM,102316
81,A8-e003Coalescence-mBHI-p1_S748,50,1289758,A2-e003Coalescence-Inoculumn-mGAM,102316
82,H8-e003Coalescence-mBHI-p1_S815,54,1218424,A2-e003Coalescence-Inoculumn-mGAM,102316
83,E8-e003Coalescence-mBHI-p1_S812,79,1401516,A2-e003Coalescence-Inoculumn-mGAM,102316
84,G8-e003Coalescence-mGAM-p1_S818,13,827892,A2-e003Coalescence-Inoculumn-mGAM,102316
85,D8-e003Coalescence-mGAM-p1_S755,32,701330,A2-e003Coalescence-Inoculumn-mGAM,102316
86,A9-e003Coalescence-mBHI-p1_S756,89,1437416,A2-e003Coalescence-Inoculumn-mGAM,102316
87,E11-e003Coalescence-mBHI-p1_S836,75,1451168,A2-e003Coalescence-Inoculumn-mGAM,102316
88,A10-e003Coalescence-mBHI-p1_S764,47,1193259,A2-e003Coalescence-Inoculumn-mGAM,102316
89,A11-e003Coalescence-mBHI-p1_S772,65,1248804,A2-e003Coalescence-Inoculumn-mGAM,102316
90,Coalescence-F2-E10-AA-AE-mGAM-mBHI-3_S681,63,1425787,A2-e003Coalescence-Inoculumn-mGAM,102316
91,Coalescence-E8-D11-AF-AF-mGAM-mBHI-3_S675,10355,1135698,A2-e003Coalescence-Inoculumn-mGAM,102316
92,Coalescence-F10-H8-AA-AF-mGAM-mGAM-3_S689,93,1095751,A2-e003Coalescence-Inoculumn-mGAM,102316
93,Coalescence-A10-C11-AE-AF-mGAM-mBHI-7_S629,6344,698926,A2-e003Coalescence-Inoculumn-mGAM,102316
94,C_E2_e003Assembly_S242,13,781119,A2-e003Coalescence-Inoculumn-mGAM,102316
0,A_A5_A8_AA_AA_mGAM_mBHI_2_S5,63,1417316,B8-e003Coalescence-mBHI-p1_S749,102316
1,A_A8_A11_AF_AA_mGAM_mBHI_2_S8,69,1079879,B8-e003Coalescence-mBHI-p1_S749,102316
2,A_C5_C8_AA_AE_mGAM_mBHI_2_S29,43,1427638,B8-e003Coalescence-mBHI-p1_S749,102316
3,A_D5_D8_AA_AF_mGAM_mBHI_2_S41,54,966462,B8-e003Coalescence-mBHI-p1_S749,102316
4,A_D8_D11_AF_AF_mGAM_mBHI_2_S44,17211,1169381,B8-e003Coalescence-mBHI-p1_S749,102316
5,A_E5_A8_AA_AA_mGAM_mGAM_2_S53,52,1019189,B8-e003Coalescence-mBHI-p1_S749,102316
6,A_E9_A2_AA_AA_mBHI_mGAM_4_S57,61,1413231,B8-e003Coalescence-mBHI-p1_S749,102316
7,A_G1_C2_AA_AE_mBHI_mGAM_2_S73,55,712175,B8-e003Coalescence-mBHI-p1_S749,102316
8,A_G5_C8_AA_AE_mGAM_mGAM_2_S77,66,1416857,B8-e003Coalescence-mBHI-p1_S749,102316
9,A_G9_C2_AA_AE_mBHI_mGAM_4_S81,70,1411062,B8-e003Coalescence-mBHI-p1_S749,102316
10,B_A5_E8_AA_AA_mGAM_mBHI_2_S101,48,1425704,B8-e003Coalescence-mBHI-p1_S749,102316
11,B_A6_E9_ACPP_AA_mGAM_mBHI_2_S102,9,1117375,B8-e003Coalescence-mBHI-p1_S749,102316
12,B_A7_E10_AE_AA_mGAM_mBHI_2_S103,50,1427518,B8-e003Coalescence-mBHI-p1_S749,102316
13,B_A11_A10_AE_AA_mGAM_mBHI_4_S107,60,1383768,B8-e003Coalescence-mBHI-p1_S749,102316
14,B_A12_A11_AF_AA_mGAM_mBHI_4_S108,74,1434911,B8-e003Coalescence-mBHI-p1_S749,102316
15,B_C12_C11_AF_AE_mGAM_mBHI_4_S132,15299,1052319,B8-e003Coalescence-mBHI-p1_S749,102316
16,B_D7_H10_AE_AF_mGAM_mBHI_2_S139,20173,1353892,B8-e003Coalescence-mBHI-p1_S749,102316
17,B_D11_D10_AE_AF_mGAM_mBHI_4_S143,17696,1203283,B8-e003Coalescence-mBHI-p1_S749,102316
18,B_E5_E8_AA_AA_mGAM_mGAM_2_S149,40,946657,B8-e003Coalescence-mBHI-p1_S749,102316
19,B_E7_E10_AE_AA_mGAM_mGAM_2_S151,26,1444031,B8-e003Coalescence-mBHI-p1_S749,102316
20,B_E8_E11_AF_AA_mGAM_mGAM_2_S152,40,849793,B8-e003Coalescence-mBHI-p1_S749,102316
21,B_E11_A10_AE_AA_mGAM_mGAM_4_S155,42,1028220,B8-e003Coalescence-mBHI-p1_S749,102316
22,B_G1_G2_AA_AE_mBHI_mGAM_2_S169,69,1033473,B8-e003Coalescence-mBHI-p1_S749,102316
23,B_H5_H8_AA_AF_mGAM_mGAM_2_S185,76,1427983,B8-e003Coalescence-mBHI-p1_S749,102316
24,C_C5_C8_AA_AE_mGAM_mBHI_6_S221,27,977407,B8-e003Coalescence-mBHI-p1_S749,102316
25,C_C8_C11_AF_AE_mGAM_mBHI_6_S224,17981,1218207,B8-e003Coalescence-mBHI-p1_S749,102316
26,C_D5_D8_AA_AF_mGAM_mBHI_6_S233,102,1127572,B8-e003Coalescence-mBHI-p1_S749,102316
27,C_D7_D10_AE_AF_mGAM_mBHI_6_S235,20966,1404179,B8-e003Coalescence-mBHI-p1_S749,102316
28,C_E5_A8_AA_AA_mGAM_mGAM_6_S245,64,1431755,B8-e003Coalescence-mBHI-p1_S749,102316
29,C_E7_A10_AE_AA_mGAM_mGAM_6_S247,40,1413289,B8-e003Coalescence-mBHI-p1_S749,102316
30,C_E9_E2_AA_AA_mBHI_mGAM_4_S249,74,1403356,B8-e003Coalescence-mBHI-p1_S749,102316
31,C_E11_E4_AE_AA_mBHI_mGAM_4_S251,59,1422885,B8-e003Coalescence-mBHI-p1_S749,102316
32,D_A6_A9_ACPP_AA_mGAM_mBHI_6_S294,45,1440130,B8-e003Coalescence-mBHI-p1_S749,102316
33,D_A7_A10_AE_AA_mGAM_mBHI_6_S295,54,1433602,B8-e003Coalescence-mBHI-p1_S749,102316
34,D_A8_A11_AF_AA_mGAM_mBHI_6_S296,67,1436671,B8-e003Coalescence-mBHI-p1_S749,102316
35,D_A9_E8_AA_AA_mGAM_mBHI_4_S297,55,1437286,B8-e003Coalescence-mBHI-p1_S749,102316
36,D_A12_E11_AF_AA_mGAM_mBHI_4_S300,60,1396823,B8-e003Coalescence-mBHI-p1_S749,102316
37,D_C8_C11_AF_AE_mGAM_mBHI_6_S320,19062,1292174,B8-e003Coalescence-mBHI-p1_S749,102316
38,D_C9_G8_AA_AE_mGAM_mBHI_4_S321,42,1110163,B8-e003Coalescence-mBHI-p1_S749,102316
39,D_C12_G11_AF_AE_mGAM_mBHI_4_S324,19784,1330220,B8-e003Coalescence-mBHI-p1_S749,102316
40,D_D7_D10_AE_AF_mGAM_mBHI_6_S331,19777,1338259,B8-e003Coalescence-mBHI-p1_S749,102316
41,D_D11_H10_AE_AF_mGAM_mBHI_4_S335,19513,1308265,B8-e003Coalescence-mBHI-p1_S749,102316
42,D_E1_A2_AA_AA_mBHI_mGAM_6_S337,89,1436963,B8-e003Coalescence-mBHI-p1_S749,102316
43,D_E3_A4_AE_AA_mBHI_mGAM_6_S339,84,1417311,B8-e003Coalescence-mBHI-p1_S749,102316
44,D_E6_A9_ACPP_AA_mGAM_mGAM_6_S342,22,1303681,B8-e003Coalescence-mBHI-p1_S749,102316
45,D_E7_A10_AE_AA_mGAM_mGAM_6_S343,51,1343749,B8-e003Coalescence-mBHI-p1_S749,102316
46,D_E9_E8_AA_AA_mGAM_mGAM_4_S345,84,1400809,B8-e003Coalescence-mBHI-p1_S749,102316
47,D_E11_E10_AE_AA_mGAM_mGAM_4_S347,57,1397326,B8-e003Coalescence-mBHI-p1_S749,102316
48,D_G1_C2_AA_AE_mBHI_mGAM_6_S361,34,712918,B8-e003Coalescence-mBHI-p1_S749,102316
49,D_H5_D8_AA_AF_mGAM_mGAM_6_S377,3749,1125549,B8-e003Coalescence-mBHI-p1_S749,102316
50,D10-e003Coalescence-mBHI-p3,10676,721454,B8-e003Coalescence-mBHI-p1_S749,102316
51,C2-e003Coalescence-mGAM-p7,132,1453552,B8-e003Coalescence-mBHI-p1_S749,102316
52,D10-e003Coalescence-mBHI-p5,10513,723373,B8-e003Coalescence-mBHI-p1_S749,102316
53,D8-e003Coalescence-mBHI-p5,152,795854,B8-e003Coalescence-mBHI-p1_S749,102316
54,A8-e003Coalescence-mBHI-p7,128,1437763,B8-e003Coalescence-mBHI-p1_S749,102316
55,A10-e003Coalescence-mGAM-p3,71,960054,B8-e003Coalescence-mBHI-p1_S749,102316
56,A8-e003Coalescence-mBHI-p5,78,1099058,B8-e003Coalescence-mBHI-p1_S749,102316
57,A10-e003Coalescence-mBHI-p7,84,1171728,B8-e003Coalescence-mBHI-p1_S749,102316
58,A2-e003Coalescence-mGAM-p5,115,1119246,B8-e003Coalescence-mBHI-p1_S749,102316
59,C8-e003Coalescence-mBHI-p5,78,1251387,B8-e003Coalescence-mBHI-p1_S749,102316
60,A11-e003Coalescence-mBHI-p3,116,1455400,B8-e003Coalescence-mBHI-p1_S749,102316
61,E2-e003Coalescence-mGAM-p7_S145,51,960650,B8-e003Coalescence-mBHI-p1_S749,102316
62,E8-e003Coalescence-mBHI-p5_S5,47,1129168,B8-e003Coalescence-mBHI-p1_S749,102316
63,H111-e003Coalescence-mBHI-p3_S144,18254,1229895,B8-e003Coalescence-mBHI-p1_S749,102316
64,E100-e003Coalescence-mGAM-p3_S155,56,1310955,B8-e003Coalescence-mBHI-p1_S749,102316
65,E111-e003Coalescence-mBHI-p5_S8,74,719187,B8-e003Coalescence-mBHI-p1_S749,102316
66,H100-e003Coalescence-mBHI-p5_S43,15148,1043416,B8-e003Coalescence-mBHI-p1_S749,102316
67,H8-e003Coalescence-mBHI-p7_S137,74,1241668,B8-e003Coalescence-mBHI-p1_S749,102316
68,G8-e003Coalescence-mGAM-p5_S77,73,1348310,B8-e003Coalescence-mBHI-p1_S749,102316
69,H8-e003Coalescence-mBHI-p5_S41,58,797551,B8-e003Coalescence-mBHI-p1_S749,102316
70,E100-e003Coalescence-mBHI-p5_S7,34,890217,B8-e003Coalescence-mBHI-p1_S749,102316
71,E100-e003Coalescence-mGAM-p5_S55,25,809705,B8-e003Coalescence-mBHI-p1_S749,102316
72,H111-e003Coalescence-mBHI-p5_S44,9659,674095,B8-e003Coalescence-mBHI-p1_S749,102316
73,E2-e003Coalescence-mGAM-p3_S57,56,1046865,B8-e003Coalescence-mBHI-p1_S749,102316
74,H100-e003Coalescence-mBHI-p7_S139,18782,1277434,B8-e003Coalescence-mBHI-p1_S749,102316
75,G8-e003Coalescence-mBHI-p5_S29,22,748494,B8-e003Coalescence-mBHI-p1_S749,102316
76,E8-e003Coalescence-mBHI-p3_S105,35,1300226,B8-e003Coalescence-mBHI-p1_S749,102316
77,E8-e003Coalescence-mGAM-p7_S149,77,1417361,B8-e003Coalescence-mBHI-p1_S749,102316
78,H8-e003Coalescence-mGAM-p7_S185,4680,983015,B8-e003Coalescence-mBHI-p1_S749,102316
79,A2-e003Coalescence-Inoculumn-mGAM,70,766653,B8-e003Coalescence-mBHI-p1_S749,102316
80,B8-e003Coalescence-mBHI-p1_S749,0,1268450,B8-e003Coalescence-mBHI-p1_S749,102316
81,A8-e003Coalescence-mBHI-p1_S748,31,1289758,B8-e003Coalescence-mBHI-p1_S749,102316
82,H8-e003Coalescence-mBHI-p1_S815,69,1218424,B8-e003Coalescence-mBHI-p1_S749,102316
83,E8-e003Coalescence-mBHI-p1_S812,37,1401516,B8-e003Coalescence-mBHI-p1_S749,102316
84,G8-e003Coalescence-mGAM-p1_S818,11,827892,B8-e003Coalescence-mBHI-p1_S749,102316
85,D8-e003Coalescence-mGAM-p1_S755,51,701330,B8-e003Coalescence-mBHI-p1_S749,102316
86,A9-e003Coalescence-mBHI-p1_S756,0,1437416,B8-e003Coalescence-mBHI-p1_S749,102316
87,E11-e003Coalescence-mBHI-p1_S836,81,1451168,B8-e003Coalescence-mBHI-p1_S749,102316
88,A10-e003Coalescence-mBHI-p1_S764,40,1193259,B8-e003Coalescence-mBHI-p1_S749,102316
89,A11-e003Coalescence-mBHI-p1_S772,56,1248804,B8-e003Coalescence-mBHI-p1_S749,102316
90,Coalescence-F2-E10-AA-AE-mGAM-mBHI-3_S681,56,1425787,B8-e003Coalescence-mBHI-p1_S749,102316
91,Coalescence-E8-D11-AF-AF-mGAM-mBHI-3_S675,16616,1135698,B8-e003Coalescence-mBHI-p1_S749,102316
92,Coalescence-F10-H8-AA-AF-mGAM-mGAM-3_S689,153,1095751,B8-e003Coalescence-mBHI-p1_S749,102316
93,Coalescence-A10-C11-AE-AF-mGAM-mBHI-7_S629,10034,698926,B8-e003Coalescence-mBHI-p1_S749,102316
94,C_E2_e003Assembly_S242,38,781119,B8-e003Coalescence-mBHI-p1_S749,102316
0,A_A5_A8_AA_AA_mGAM_mBHI_2_S5,0,1417316,A8-e003Coalescence-mBHI-p1_S748,102316
1,A_A8_A11_AF_AA_mGAM_mBHI_2_S8,3,1079879,A8-e003Coalescence-mBHI-p1_S748,102316
2,A_C5_C8_AA_AE_mGAM_mBHI_2_S29,0,1427638,A8-e003Coalescence-mBHI-p1_S748,102316
3,A_D5_D8_AA_AF_mGAM_mBHI_2_S41,20,966462,A8-e003Coalescence-mBHI-p1_S748,102316
4,A_D8_D11_AF_AF_mGAM_mBHI_2_S44,17373,1169381,A8-e003Coalescence-mBHI-p1_S748,102316
5,A_E5_A8_AA_AA_mGAM_mGAM_2_S53,28,1019189,A8-e003Coalescence-mBHI-p1_S748,102316
6,A_E9_A2_AA_AA_mBHI_mGAM_4_S57,3,1413231,A8-e003Coalescence-mBHI-p1_S748,102316
7,A_G1_C2_AA_AE_mBHI_mGAM_2_S73,24,712175,A8-e003Coalescence-mBHI-p1_S748,102316
8,A_G5_C8_AA_AE_mGAM_mGAM_2_S77,24,1416857,A8-e003Coalescence-mBHI-p1_S748,102316
9,A_G9_C2_AA_AE_mBHI_mGAM_4_S81,6,1411062,A8-e003Coalescence-mBHI-p1_S748,102316
10,B_A5_E8_AA_AA_mGAM_mBHI_2_S101,0,1425704,A8-e003Coalescence-mBHI-p1_S748,102316
11,B_A6_E9_ACPP_AA_mGAM_mBHI_2_S102,4,1117375,A8-e003Coalescence-mBHI-p1_S748,102316
12,B_A7_E10_AE_AA_mGAM_mBHI_2_S103,3,1427518,A8-e003Coalescence-mBHI-p1_S748,102316
13,B_A11_A10_AE_AA_mGAM_mBHI_4_S107,2,1383768,A8-e003Coalescence-mBHI-p1_S748,102316
14,B_A12_A11_AF_AA_mGAM_mBHI_4_S108,8,1434911,A8-e003Coalescence-mBHI-p1_S748,102316
15,B_C12_C11_AF_AE_mGAM_mBHI_4_S132,15503,1052319,A8-e003Coalescence-mBHI-p1_S748,102316
16,B_D7_H10_AE_AF_mGAM_mBHI_2_S139,20431,1353892,A8-e003Coalescence-mBHI-p1_S748,102316
17,B_D11_D10_AE_AF_mGAM_mBHI_4_S143,17875,1203283,A8-e003Coalescence-mBHI-p1_S748,102316
18,B_E5_E8_AA_AA_mGAM_mGAM_2_S149,25,946657,A8-e003Coalescence-mBHI-p1_S748,102316
19,B_E7_E10_AE_AA_mGAM_mGAM_2_S151,7,1444031,A8-e003Coalescence-mBHI-p1_S748,102316
20,B_E8_E11_AF_AA_mGAM_mGAM_2_S152,15,849793,A8-e003Coalescence-mBHI-p1_S748,102316
21,B_E11_A10_AE_AA_mGAM_mGAM_4_S155,7,1028220,A8-e003Coalescence-mBHI-p1_S748,102316
22,B_G1_G2_AA_AE_mBHI_mGAM_2_S169,16,1033473,A8-e003Coalescence-mBHI-p1_S748,102316
23,B_H5_H8_AA_AF_mGAM_mGAM_2_S185,10,1427983,A8-e003Coalescence-mBHI-p1_S748,102316
24,C_C5_C8_AA_AE_mGAM_mBHI_6_S221,2,977407,A8-e003Coalescence-mBHI-p1_S748,102316
25,C_C8_C11_AF_AE_mGAM_mBHI_6_S224,18175,1218207,A8-e003Coalescence-mBHI-p1_S748,102316
26,C_D5_D8_AA_AF_mGAM_mBHI_6_S233,66,1127572,A8-e003Coalescence-mBHI-p1_S748,102316
27,C_D7_D10_AE_AF_mGAM_mBHI_6_S235,21197,1404179,A8-e003Coalescence-mBHI-p1_S748,102316
28,C_E5_A8_AA_AA_mGAM_mGAM_6_S245,23,1431755,A8-e003Coalescence-mBHI-p1_S748,102316
29,C_E7_A10_AE_AA_mGAM_mGAM_6_S247,0,1413289,A8-e003Coalescence-mBHI-p1_S748,102316
30,C_E9_E2_AA_AA_mBHI_mGAM_4_S249,3,1403356,A8-e003Coalescence-mBHI-p1_S748,102316
31,C_E11_E4_AE_AA_mBHI_mGAM_4_S251,3,1422885,A8-e003Coalescence-mBHI-p1_S748,102316
32,D_A6_A9_ACPP_AA_mGAM_mBHI_6_S294,0,1440130,A8-e003Coalescence-mBHI-p1_S748,102316
33,D_A7_A10_AE_AA_mGAM_mBHI_6_S295,1,1433602,A8-e003Coalescence-mBHI-p1_S748,102316
34,D_A8_A11_AF_AA_mGAM_mBHI_6_S296,5,1436671,A8-e003Coalescence-mBHI-p1_S748,102316
35,D_A9_E8_AA_AA_mGAM_mBHI_4_S297,0,1437286,A8-e003Coalescence-mBHI-p1_S748,102316
36,D_A12_E11_AF_AA_mGAM_mBHI_4_S300,8,1396823,A8-e003Coalescence-mBHI-p1_S748,102316
37,D_C8_C11_AF_AE_mGAM_mBHI_6_S320,19239,1292174,A8-e003Coalescence-mBHI-p1_S748,102316
38,D_C9_G8_AA_AE_mGAM_mBHI_4_S321,2,1110163,A8-e003Coalescence-mBHI-p1_S748,102316
39,D_C12_G11_AF_AE_mGAM_mBHI_4_S324,20013,1330220,A8-e003Coalescence-mBHI-p1_S748,102316
40,D_D7_D10_AE_AF_mGAM_mBHI_6_S331,20030,1338259,A8-e003Coalescence-mBHI-p1_S748,102316
41,D_D11_H10_AE_AF_mGAM_mBHI_4_S335,19733,1308265,A8-e003Coalescence-mBHI-p1_S748,102316
42,D_E1_A2_AA_AA_mBHI_mGAM_6_S337,2,1436963,A8-e003Coalescence-mBHI-p1_S748,102316
43,D_E3_A4_AE_AA_mBHI_mGAM_6_S339,6,1417311,A8-e003Coalescence-mBHI-p1_S748,102316
44,D_E6_A9_ACPP_AA_mGAM_mGAM_6_S342,9,1303681,A8-e003Coalescence-mBHI-p1_S748,102316
45,D_E7_A10_AE_AA_mGAM_mGAM_6_S343,4,1343749,A8-e003Coalescence-mBHI-p1_S748,102316
46,D_E9_E8_AA_AA_mGAM_mGAM_4_S345,33,1400809,A8-e003Coalescence-mBHI-p1_S748,102316
47,D_E11_E10_AE_AA_mGAM_mGAM_4_S347,2,1397326,A8-e003Coalescence-mBHI-p1_S748,102316
48,D_G1_C2_AA_AE_mBHI_mGAM_6_S361,6,712918,A8-e003Coalescence-mBHI-p1_S748,102316
49,D_H5_D8_AA_AF_mGAM_mGAM_6_S377,3775,1125549,A8-e003Coalescence-mBHI-p1_S748,102316
50,D10-e003Coalescence-mBHI-p3,10837,721454,A8-e003Coalescence-mBHI-p1_S748,102316
51,C2-e003Coalescence-mGAM-p7,62,1453552,A8-e003Coalescence-mBHI-p1_S748,102316
52,D10-e003Coalescence-mBHI-p5,10622,723373,A8-e003Coalescence-mBHI-p1_S748,102316
53,D8-e003Coalescence-mBHI-p5,89,795854,A8-e003Coalescence-mBHI-p1_S748,102316
54,A8-e003Coalescence-mBHI-p7,53,1437763,A8-e003Coalescence-mBHI-p1_S748,102316
55,A10-e003Coalescence-mGAM-p3,27,960054,A8-e003Coalescence-mBHI-p1_S748,102316
56,A8-e003Coalescence-mBHI-p5,27,1099058,A8-e003Coalescence-mBHI-p1_S748,102316
57,A10-e003Coalescence-mBHI-p7,38,1171728,A8-e003Coalescence-mBHI-p1_S748,102316
58,A2-e003Coalescence-mGAM-p5,40,1119246,A8-e003Coalescence-mBHI-p1_S748,102316
59,C8-e003Coalescence-mBHI-p5,33,1251387,A8-e003Coalescence-mBHI-p1_S748,102316
60,A11-e003Coalescence-mBHI-p3,46,1455400,A8-e003Coalescence-mBHI-p1_S748,102316
61,E2-e003Coalescence-mGAM-p7_S145,9,960650,A8-e003Coalescence-mBHI-p1_S748,102316
62,E8-e003Coalescence-mBHI-p5_S5,2,1129168,A8-e003Coalescence-mBHI-p1_S748,102316
63,H111-e003Coalescence-mBHI-p3_S144,18499,1229895,A8-e003Coalescence-mBHI-p1_S748,102316
64,E100-e003Coalescence-mGAM-p3_S155,2,1310955,A8-e003Coalescence-mBHI-p1_S748,102316
65,E111-e003Coalescence-mBHI-p5_S8,48,719187,A8-e003Coalescence-mBHI-p1_S748,102316
66,H100-e003Coalescence-mBHI-p5_S43,15273,1043416,A8-e003Coalescence-mBHI-p1_S748,102316
67,H8-e003Coalescence-mBHI-p7_S137,29,1241668,A8-e003Coalescence-mBHI-p1_S748,102316
68,G8-e003Coalescence-mGAM-p5_S77,10,1348310,A8-e003Coalescence-mBHI-p1_S748,102316
69,H8-e003Coalescence-mBHI-p5_S41,17,797551,A8-e003Coalescence-mBHI-p1_S748,102316
70,E100-e003Coalescence-mBHI-p5_S7,1,890217,A8-e003Coalescence-mBHI-p1_S748,102316
71,E100-e003Coalescence-mGAM-p5_S55,0,809705,A8-e003Coalescence-mBHI-p1_S748,102316
72,H111-e003Coalescence-mBHI-p5_S44,9678,674095,A8-e003Coalescence-mBHI-p1_S748,102316
73,E2-e003Coalescence-mGAM-p3_S57,6,1046865,A8-e003Coalescence-mBHI-p1_S748,102316
74,H100-e003Coalescence-mBHI-p7_S139,18998,1277434,A8-e003Coalescence-mBHI-p1_S748,102316
75,G8-e003Coalescence-mBHI-p5_S29,2,748494,A8-e003Coalescence-mBHI-p1_S748,102316
76,E8-e003Coalescence-mBHI-p3_S105,0,1300226,A8-e003Coalescence-mBHI-p1_S748,102316
77,E8-e003Coalescence-mGAM-p7_S149,38,1417361,A8-e003Coalescence-mBHI-p1_S748,102316
78,H8-e003Coalescence-mGAM-p7_S185,4737,983015,A8-e003Coalescence-mBHI-p1_S748,102316
79,A2-e003Coalescence-Inoculumn-mGAM,50,766653,A8-e003Coalescence-mBHI-p1_S748,102316
80,B8-e003Coalescence-mBHI-p1_S749,31,1268450,A8-e003Coalescence-mBHI-p1_S748,102316
81,A8-e003Coalescence-mBHI-p1_S748,0,1289758,A8-e003Coalescence-mBHI-p1_S748,102316
82,H8-e003Coalescence-mBHI-p1_S815,12,1218424,A8-e003Coalescence-mBHI-p1_S748,102316
83,E8-e003Coalescence-mBHI-p1_S812,1,1401516,A8-e003Coalescence-mBHI-p1_S748,102316
84,G8-e003Coalescence-mGAM-p1_S818,15,827892,A8-e003Coalescence-mBHI-p1_S748,102316
85,D8-e003Coalescence-mGAM-p1_S755,22,701330,A8-e003Coalescence-mBHI-p1_S748,102316
86,A9-e003Coalescence-mBHI-p1_S756,29,1437416,A8-e003Coalescence-mBHI-p1_S748,102316
87,E11-e003Coalescence-mBHI-p1_S836,2,1451168,A8-e003Coalescence-mBHI-p1_S748,102316
88,A10-e003Coalescence-mBHI-p1_S764,0,1193259,A8-e003Coalescence-mBHI-p1_S748,102316
89,A11-e003Coalescence-mBHI-p1_S772,3,1248804,A8-e003Coalescence-mBHI-p1_S748,102316
90,Coalescence-F2-E10-AA-AE-mGAM-mBHI-3_S681,1,1425787,A8-e003Coalescence-mBHI-p1_S748,102316
91,Coalescence-E8-D11-AF-AF-mGAM-mBHI-3_S675,16834,1135698,A8-e003Coalescence-mBHI-p1_S748,102316
92,Coalescence-F10-H8-AA-AF-mGAM-mGAM-3_S689,117,1095751,A8-e003Coalescence-mBHI-p1_S748,102316
93,Coalescence-A10-C11-AE-AF-mGAM-mBHI-7_S629,10265,698926,A8-e003Coalescence-mBHI-p1_S748,102316
94,C_E2_e003Assembly_S242,19,781119,A8-e003Coalescence-mBHI-p1_S748,102316
0,A_A5_A8_AA_AA_mGAM_mBHI_2_S5,18,1417316,H8-e003Coalescence-mBHI-p1_S815,102316
1,A_A8_A11_AF_AA_mGAM_mBHI_2_S8,20,1079879,H8-e003Coalescence-mBHI-p1_S815,102316
2,A_C5_C8_AA_AE_mGAM_mBHI_2_S29,16,1427638,H8-e003Coalescence-mBHI-p1_S815,102316
3,A_D5_D8_AA_AF_mGAM_mBHI_2_S41,31,966462,H8-e003Coalescence-mBHI-p1_S815,102316
4,A_D8_D11_AF_AF_mGAM_mBHI_2_S44,13922,1169381,H8-e003Coalescence-mBHI-p1_S815,102316
5,A_E5_A8_AA_AA_mGAM_mGAM_2_S53,28,1019189,H8-e003Coalescence-mBHI-p1_S815,102316
6,A_E9_A2_AA_AA_mBHI_mGAM_4_S57,26,1413231,H8-e003Coalescence-mBHI-p1_S815,102316
7,A_G1_C2_AA_AE_mBHI_mGAM_2_S73,36,712175,H8-e003Coalescence-mBHI-p1_S815,102316
8,A_G5_C8_AA_AE_mGAM_mGAM_2_S77,45,1416857,H8-e003Coalescence-mBHI-p1_S815,102316
9,A_G9_C2_AA_AE_mBHI_mGAM_4_S81,37,1411062,H8-e003Coalescence-mBHI-p1_S815,102316
10,B_A5_E8_AA_AA_mGAM_mBHI_2_S101,14,1425704,H8-e003Coalescence-mBHI-p1_S815,102316
11,B_A6_E9_ACPP_AA_mGAM_mBHI_2_S102,38,1117375,H8-e003Coalescence-mBHI-p1_S815,102316
12,B_A7_E10_AE_AA_mGAM_mBHI_2_S103,22,1427518,H8-e003Coalescence-mBHI-p1_S815,102316
13,B_A11_A10_AE_AA_mGAM_mBHI_4_S107,28,1383768,H8-e003Coalescence-mBHI-p1_S815,102316
14,B_A12_A11_AF_AA_mGAM_mBHI_4_S108,16,1434911,H8-e003Coalescence-mBHI-p1_S815,102316
15,B_C12_C11_AF_AE_mGAM_mBHI_4_S132,12501,1052319,H8-e003Coalescence-mBHI-p1_S815,102316
16,B_D7_H10_AE_AF_mGAM_mBHI_2_S139,16323,1353892,H8-e003Coalescence-mBHI-p1_S815,102316
17,B_D11_D10_AE_AF_mGAM_mBHI_4_S143,14399,1203283,H8-e003Coalescence-mBHI-p1_S815,102316
18,B_E5_E8_AA_AA_mGAM_mGAM_2_S149,16,946657,H8-e003Coalescence-mBHI-p1_S815,102316
19,B_E7_E10_AE_AA_mGAM_mGAM_2_S151,15,1444031,H8-e003Coalescence-mBHI-p1_S815,102316
20,B_E8_E11_AF_AA_mGAM_mGAM_2_S152,21,849793,H8-e003Coalescence-mBHI-p1_S815,102316
21,B_E11_A10_AE_AA_mGAM_mGAM_4_S155,9,1028220,H8-e003Coalescence-mBHI-p1_S815,102316
22,B_G1_G2_AA_AE_mBHI_mGAM_2_S169,39,1033473,H8-e003Coalescence-mBHI-p1_S815,102316
23,B_H5_H8_AA_AF_mGAM_mGAM_2_S185,10,1427983,H8-e003Coalescence-mBHI-p1_S815,102316
24,C_C5_C8_AA_AE_mGAM_mBHI_6_S221,18,977407,H8-e003Coalescence-mBHI-p1_S815,102316
25,C_C8_C11_AF_AE_mGAM_mBHI_6_S224,14543,1218207,H8-e003Coalescence-mBHI-p1_S815,102316
26,C_D5_D8_AA_AF_mGAM_mBHI_6_S233,58,1127572,H8-e003Coalescence-mBHI-p1_S815,102316
27,C_D7_D10_AE_AF_mGAM_mBHI_6_S235,16978,1404179,H8-e003Coalescence-mBHI-p1_S815,102316
28,C_E5_A8_AA_AA_mGAM_mGAM_6_S245,39,1431755,H8-e003Coalescence-mBHI-p1_S815,102316
29,C_E7_A10_AE_AA_mGAM_mGAM_6_S247,18,1413289,H8-e003Coalescence-mBHI-p1_S815,102316
30,C_E9_E2_AA_AA_mBHI_mGAM_4_S249,31,1403356,H8-e003Coalescence-mBHI-p1_S815,102316
31,C_E11_E4_AE_AA_mBHI_mGAM_4_S251,51,1422885,H8-e003Coalescence-mBHI-p1_S815,102316
32,D_A6_A9_ACPP_AA_mGAM_mBHI_6_S294,7,1440130,H8-e003Coalescence-mBHI-p1_S815,102316
33,D_A7_A10_AE_AA_mGAM_mBHI_6_S295,14,1433602,H8-e003Coalescence-mBHI-p1_S815,102316
34,D_A8_A11_AF_AA_mGAM_mBHI_6_S296,21,1436671,H8-e003Coalescence-mBHI-p1_S815,102316
35,D_A9_E8_AA_AA_mGAM_mBHI_4_S297,24,1437286,H8-e003Coalescence-mBHI-p1_S815,102316
36,D_A12_E11_AF_AA_mGAM_mBHI_4_S300,25,1396823,H8-e003Coalescence-mBHI-p1_S815,102316
37,D_C8_C11_AF_AE_mGAM_mBHI_6_S320,15451,1292174,H8-e003Coalescence-mBHI-p1_S815,102316
38,D_C9_G8_AA_AE_mGAM_mBHI_4_S321,21,1110163,H8-e003Coalescence-mBHI-p1_S815,102316
39,D_C12_G11_AF_AE_mGAM_mBHI_4_S324,16027,1330220,H8-e003Coalescence-mBHI-p1_S815,102316
40,D_D7_D10_AE_AF_mGAM_mBHI_6_S331,16082,1338259,H8-e003Coalescence-mBHI-p1_S815,102316
41,D_D11_H10_AE_AF_mGAM_mBHI_4_S335,15828,1308265,H8-e003Coalescence-mBHI-p1_S815,102316
42,D_E1_A2_AA_AA_mBHI_mGAM_6_S337,26,1436963,H8-e003Coalescence-mBHI-p1_S815,102316
43,D_E3_A4_AE_AA_mBHI_mGAM_6_S339,42,1417311,H8-e003Coalescence-mBHI-p1_S815,102316
44,D_E6_A9_ACPP_AA_mGAM_mGAM_6_S342,8,1303681,H8-e003Coalescence-mBHI-p1_S815,102316
45,D_E7_A10_AE_AA_mGAM_mGAM_6_S343,16,1343749,H8-e003Coalescence-mBHI-p1_S815,102316
46,D_E9_E8_AA_AA_mGAM_mGAM_4_S345,50,1400809,H8-e003Coalescence-mBHI-p1_S815,102316
47,D_E11_E10_AE_AA_mGAM_mGAM_4_S347,20,1397326,H8-e003Coalescence-mBHI-p1_S815,102316
48,D_G1_C2_AA_AE_mBHI_mGAM_6_S361,12,712918,H8-e003Coalescence-mBHI-p1_S815,102316
49,D_H5_D8_AA_AF_mGAM_mGAM_6_S377,2881,1125549,H8-e003Coalescence-mBHI-p1_S815,102316
50,D10-e003Coalescence-mBHI-p3,8820,721454,H8-e003Coalescence-mBHI-p1_S815,102316
51,C2-e003Coalescence-mGAM-p7,110,1453552,H8-e003Coalescence-mBHI-p1_S815,102316
52,D10-e003Coalescence-mBHI-p5,8528,723373,H8-e003Coalescence-mBHI-p1_S815,102316
53,D8-e003Coalescence-mBHI-p5,80,795854,H8-e003Coalescence-mBHI-p1_S815,102316
54,A8-e003Coalescence-mBHI-p7,80,1437763,H8-e003Coalescence-mBHI-p1_S815,102316
55,A10-e003Coalescence-mGAM-p3,33,960054,H8-e003Coalescence-mBHI-p1_S815,102316
56,A8-e003Coalescence-mBHI-p5,44,1099058,H8-e003Coalescence-mBHI-p1_S815,102316
57,A10-e003Coalescence-mBHI-p7,60,1171728,H8-e003Coalescence-mBHI-p1_S815,102316
58,A2-e003Coalescence-mGAM-p5,54,1119246,H8-e003Coalescence-mBHI-p1_S815,102316
59,C8-e003Coalescence-mBHI-p5,62,1251387,H8-e003Coalescence-mBHI-p1_S815,102316
60,A11-e003Coalescence-mBHI-p3,64,1455400,H8-e003Coalescence-mBHI-p1_S815,102316
61,E2-e003Coalescence-mGAM-p7_S145,21,960650,H8-e003Coalescence-mBHI-p1_S815,102316
62,E8-e003Coalescence-mBHI-p5_S5,21,1129168,H8-e003Coalescence-mBHI-p1_S815,102316
63,H111-e003Coalescence-mBHI-p3_S144,14830,1229895,H8-e003Coalescence-mBHI-p1_S815,102316
64,E100-e003Coalescence-mGAM-p3_S155,7,1310955,H8-e003Coalescence-mBHI-p1_S815,102316
65,E111-e003Coalescence-mBHI-p5_S8,32,719187,H8-e003Coalescence-mBHI-p1_S815,102316
66,H100-e003Coalescence-mBHI-p5_S43,12233,1043416,H8-e003Coalescence-mBHI-p1_S815,102316
67,H8-e003Coalescence-mBHI-p7_S137,21,1241668,H8-e003Coalescence-mBHI-p1_S815,102316
68,G8-e003Coalescence-mGAM-p5_S77,20,1348310,H8-e003Coalescence-mBHI-p1_S815,102316
69,H8-e003Coalescence-mBHI-p5_S41,27,797551,H8-e003Coalescence-mBHI-p1_S815,102316
70,E100-e003Coalescence-mBHI-p5_S7,7,890217,H8-e003Coalescence-mBHI-p1_S815,102316
71,E100-e003Coalescence-mGAM-p5_S55,7,809705,H8-e003Coalescence-mBHI-p1_S815,102316
72,H111-e003Coalescence-mBHI-p5_S44,7745,674095,H8-e003Coalescence-mBHI-p1_S815,102316
73,E2-e003Coalescence-mGAM-p3_S57,13,1046865,H8-e003Coalescence-mBHI-p1_S815,102316
74,H100-e003Coalescence-mBHI-p7_S139,15219,1277434,H8-e003Coalescence-mBHI-p1_S815,102316
75,G8-e003Coalescence-mBHI-p5_S29,6,748494,H8-e003Coalescence-mBHI-p1_S815,102316
76,E8-e003Coalescence-mBHI-p3_S105,12,1300226,H8-e003Coalescence-mBHI-p1_S815,102316
77,E8-e003Coalescence-mGAM-p7_S149,55,1417361,H8-e003Coalescence-mBHI-p1_S815,102316
78,H8-e003Coalescence-mGAM-p7_S185,3752,983015,H8-e003Coalescence-mBHI-p1_S815,102316
79,A2-e003Coalescence-Inoculumn-mGAM,54,766653,H8-e003Coalescence-mBHI-p1_S815,102316
80,B8-e003Coalescence-mBHI-p1_S749,69,1268450,H8-e003Coalescence-mBHI-p1_S815,102316
81,A8-e003Coalescence-mBHI-p1_S748,12,1289758,H8-e003Coalescence-mBHI-p1_S815,102316
82,H8-e003Coalescence-mBHI-p1_S815,0,1218424,H8-e003Coalescence-mBHI-p1_S815,102316
83,E8-e003Coalescence-mBHI-p1_S812,22,1401516,H8-e003Coalescence-mBHI-p1_S815,102316
84,G8-e003Coalescence-mGAM-p1_S818,6,827892,H8-e003Coalescence-mBHI-p1_S815,102316
85,D8-e003Coalescence-mGAM-p1_S755,11,701330,H8-e003Coalescence-mBHI-p1_S815,102316
86,A9-e003Coalescence-mBHI-p1_S756,71,1437416,H8-e003Coalescence-mBHI-p1_S815,102316
87,E11-e003Coalescence-mBHI-p1_S836,5,1451168,H8-e003Coalescence-mBHI-p1_S815,102316
88,A10-e003Coalescence-mBHI-p1_S764,9,1193259,H8-e003Coalescence-mBHI-p1_S815,102316
89,A11-e003Coalescence-mBHI-p1_S772,9,1248804,H8-e003Coalescence-mBHI-p1_S815,102316
90,Coalescence-F2-E10-AA-AE-mGAM-mBHI-3_S681,20,1425787,H8-e003Coalescence-mBHI-p1_S815,102316
91,Coalescence-E8-D11-AF-AF-mGAM-mBHI-3_S675,13501,1135698,H8-e003Coalescence-mBHI-p1_S815,102316
92,Coalescence-F10-H8-AA-AF-mGAM-mGAM-3_S689,85,1095751,H8-e003Coalescence-mBHI-p1_S815,102316
93,Coalescence-A10-C11-AE-AF-mGAM-mBHI-7_S629,8129,698926,H8-e003Coalescence-mBHI-p1_S815,102316
94,C_E2_e003Assembly_S242,19,781119,H8-e003Coalescence-mBHI-p1_S815,102316
0,A_A5_A8_AA_AA_mGAM_mBHI_2_S5,0,1417316,E8-e003Coalescence-mBHI-p1_S812,102316
1,A_A8_A11_AF_AA_mGAM_mBHI_2_S8,8,1079879,E8-e003Coalescence-mBHI-p1_S812,102316
2,A_C5_C8_AA_AE_mGAM_mBHI_2_S29,0,1427638,E8-e003Coalescence-mBHI-p1_S812,102316
3,A_D5_D8_AA_AF_mGAM_mBHI_2_S41,26,966462,E8-e003Coalescence-mBHI-p1_S812,102316
4,A_D8_D11_AF_AF_mGAM_mBHI_2_S44,19109,1169381,E8-e003Coalescence-mBHI-p1_S812,102316
5,A_E5_A8_AA_AA_mGAM_mGAM_2_S53,45,1019189,E8-e003Coalescence-mBHI-p1_S812,102316
6,A_E9_A2_AA_AA_mBHI_mGAM_4_S57,1,1413231,E8-e003Coalescence-mBHI-p1_S812,102316
7,A_G1_C2_AA_AE_mBHI_mGAM_2_S73,23,712175,E8-e003Coalescence-mBHI-p1_S812,102316
8,A_G5_C8_AA_AE_mGAM_mGAM_2_S77,56,1416857,E8-e003Coalescence-mBHI-p1_S812,102316
9,A_G9_C2_AA_AE_mBHI_mGAM_4_S81,12,1411062,E8-e003Coalescence-mBHI-p1_S812,102316
10,B_A5_E8_AA_AA_mGAM_mBHI_2_S101,0,1425704,E8-e003Coalescence-mBHI-p1_S812,102316
11,B_A6_E9_ACPP_AA_mGAM_mBHI_2_S102,11,1117375,E8-e003Coalescence-mBHI-p1_S812,102316
12,B_A7_E10_AE_AA_mGAM_mBHI_2_S103,0,1427518,E8-e003Coalescence-mBHI-p1_S812,102316
13,B_A11_A10_AE_AA_mGAM_mBHI_4_S107,5,1383768,E8-e003Coalescence-mBHI-p1_S812,102316
14,B_A12_A11_AF_AA_mGAM_mBHI_4_S108,10,1434911,E8-e003Coalescence-mBHI-p1_S812,102316
15,B_C12_C11_AF_AE_mGAM_mBHI_4_S132,17071,1052319,E8-e003Coalescence-mBHI-p1_S812,102316
16,B_D7_H10_AE_AF_mGAM_mBHI_2_S139,22451,1353892,E8-e003Coalescence-mBHI-p1_S812,102316
17,B_D11_D10_AE_AF_mGAM_mBHI_4_S143,19672,1203283,E8-e003Coalescence-mBHI-p1_S812,102316
18,B_E5_E8_AA_AA_mGAM_mGAM_2_S149,40,946657,E8-e003Coalescence-mBHI-p1_S812,102316
19,B_E7_E10_AE_AA_mGAM_mGAM_2_S151,11,1444031,E8-e003Coalescence-mBHI-p1_S812,102316
20,B_E8_E11_AF_AA_mGAM_mGAM_2_S152,18,849793,E8-e003Coalescence-mBHI-p1_S812,102316
21,B_E11_A10_AE_AA_mGAM_mGAM_4_S155,6,1028220,E8-e003Coalescence-mBHI-p1_S812,102316
22,B_G1_G2_AA_AE_mBHI_mGAM_2_S169,28,1033473,E8-e003Coalescence-mBHI-p1_S812,102316
23,B_H5_H8_AA_AF_mGAM_mGAM_2_S185,11,1427983,E8-e003Coalescence-mBHI-p1_S812,102316
24,C_C5_C8_AA_AE_mGAM_mBHI_6_S221,3,977407,E8-e003Coalescence-mBHI-p1_S812,102316
25,C_C8_C11_AF_AE_mGAM_mBHI_6_S224,19972,1218207,E8-e003Coalescence-mBHI-p1_S812,102316
26,C_D5_D8_AA_AF_mGAM_mBHI_6_S233,80,1127572,E8-e003Coalescence-mBHI-p1_S812,102316
27,C_D7_D10_AE_AF_mGAM_mBHI_6_S235,23337,1404179,E8-e003Coalescence-mBHI-p1_S812,102316
28,C_E5_A8_AA_AA_mGAM_mGAM_6_S245,53,1431755,E8-e003Coalescence-mBHI-p1_S812,102316
29,C_E7_A10_AE_AA_mGAM_mGAM_6_S247,0,1413289,E8-e003Coalescence-mBHI-p1_S812,102316
30,C_E9_E2_AA_AA_mBHI_mGAM_4_S249,7,1403356,E8-e003Coalescence-mBHI-p1_S812,102316
31,C_E11_E4_AE_AA_mBHI_mGAM_4_S251,9,1422885,E8-e003Coalescence-mBHI-p1_S812,102316
32,D_A6_A9_ACPP_AA_mGAM_mBHI_6_S294,0,1440130,E8-e003Coalescence-mBHI-p1_S812,102316
33,D_A7_A10_AE_AA_mGAM_mBHI_6_S295,2,1433602,E8-e003Coalescence-mBHI-p1_S812,102316
34,D_A8_A11_AF_AA_mGAM_mBHI_6_S296,11,1436671,E8-e003Coalescence-mBHI-p1_S812,102316
35,D_A9_E8_AA_AA_mGAM_mBHI_4_S297,1,1437286,E8-e003Coalescence-mBHI-p1_S812,102316
36,D_A12_E11_AF_AA_mGAM_mBHI_4_S300,12,1396823,E8-e003Coalescence-mBHI-p1_S812,102316
37,D_C8_C11_AF_AE_mGAM_mBHI_6_S320,21187,1292174,E8-e003Coalescence-mBHI-p1_S812,102316
38,D_C9_G8_AA_AE_mGAM_mBHI_4_S321,4,1110163,E8-e003Coalescence-mBHI-p1_S812,102316
39,D_C12_G11_AF_AE_mGAM_mBHI_4_S324,21990,1330220,E8-e003Coalescence-mBHI-p1_S812,102316
40,D_D7_D10_AE_AF_mGAM_mBHI_6_S331,22081,1338259,E8-e003Coalescence-mBHI-p1_S812,102316
41,D_D11_H10_AE_AF_mGAM_mBHI_4_S335,21707,1308265,E8-e003Coalescence-mBHI-p1_S812,102316
42,D_E1_A2_AA_AA_mBHI_mGAM_6_S337,5,1436963,E8-e003Coalescence-mBHI-p1_S812,102316
43,D_E3_A4_AE_AA_mBHI_mGAM_6_S339,3,1417311,E8-e003Coalescence-mBHI-p1_S812,102316
44,D_E6_A9_ACPP_AA_mGAM_mGAM_6_S342,5,1303681,E8-e003Coalescence-mBHI-p1_S812,102316
45,D_E7_A10_AE_AA_mGAM_mGAM_6_S343,2,1343749,E8-e003Coalescence-mBHI-p1_S812,102316
46,D_E9_E8_AA_AA_mGAM_mGAM_4_S345,57,1400809,E8-e003Coalescence-mBHI-p1_S812,102316
47,D_E11_E10_AE_AA_mGAM_mGAM_4_S347,3,1397326,E8-e003Coalescence-mBHI-p1_S812,102316
48,D_G1_C2_AA_AE_mBHI_mGAM_6_S361,6,712918,E8-e003Coalescence-mBHI-p1_S812,102316
49,D_H5_D8_AA_AF_mGAM_mGAM_6_S377,4232,1125549,E8-e003Coalescence-mBHI-p1_S812,102316
50,D10-e003Coalescence-mBHI-p3,11901,721454,E8-e003Coalescence-mBHI-p1_S812,102316
51,C2-e003Coalescence-mGAM-p7,67,1453552,E8-e003Coalescence-mBHI-p1_S812,102316
52,D10-e003Coalescence-mBHI-p5,11724,723373,E8-e003Coalescence-mBHI-p1_S812,102316
53,D8-e003Coalescence-mBHI-p5,111,795854,E8-e003Coalescence-mBHI-p1_S812,102316
54,A8-e003Coalescence-mBHI-p7,61,1437763,E8-e003Coalescence-mBHI-p1_S812,102316
55,A10-e003Coalescence-mGAM-p3,40,960054,E8-e003Coalescence-mBHI-p1_S812,102316
56,A8-e003Coalescence-mBHI-p5,34,1099058,E8-e003Coalescence-mBHI-p1_S812,102316
57,A10-e003Coalescence-mBHI-p7,48,1171728,E8-e003Coalescence-mBHI-p1_S812,102316
58,A2-e003Coalescence-mGAM-p5,46,1119246,E8-e003Coalescence-mBHI-p1_S812,102316
59,C8-e003Coalescence-mBHI-p5,45,1251387,E8-e003Coalescence-mBHI-p1_S812,102316
60,A11-e003Coalescence-mBHI-p3,70,1455400,E8-e003Coalescence-mBHI-p1_S812,102316
61,E2-e003Coalescence-mGAM-p7_S145,8,960650,E8-e003Coalescence-mBHI-p1_S812,102316
62,E8-e003Coalescence-mBHI-p5_S5,3,1129168,E8-e003Coalescence-mBHI-p1_S812,102316
63,H111-e003Coalescence-mBHI-p3_S144,20352,1229895,E8-e003Coalescence-mBHI-p1_S812,102316
64,E100-e003Coalescence-mGAM-p3_S155,6,1310955,E8-e003Coalescence-mBHI-p1_S812,102316
65,E111-e003Coalescence-mBHI-p5_S8,57,719187,E8-e003Coalescence-mBHI-p1_S812,102316
66,H100-e003Coalescence-mBHI-p5_S43,16914,1043416,E8-e003Coalescence-mBHI-p1_S812,102316
67,H8-e003Coalescence-mBHI-p7_S137,20,1241668,E8-e003Coalescence-mBHI-p1_S812,102316
68,G8-e003Coalescence-mGAM-p5_S77,27,1348310,E8-e003Coalescence-mBHI-p1_S812,102316
69,H8-e003Coalescence-mBHI-p5_S41,16,797551,E8-e003Coalescence-mBHI-p1_S812,102316
70,E100-e003Coalescence-mBHI-p5_S7,2,890217,E8-e003Coalescence-mBHI-p1_S812,102316
71,E100-e003Coalescence-mGAM-p5_S55,1,809705,E8-e003Coalescence-mBHI-p1_S812,102316
72,H111-e003Coalescence-mBHI-p5_S44,10736,674095,E8-e003Coalescence-mBHI-p1_S812,102316
73,E2-e003Coalescence-mGAM-p3_S57,2,1046865,E8-e003Coalescence-mBHI-p1_S812,102316
74,H100-e003Coalescence-mBHI-p7_S139,20982,1277434,E8-e003Coalescence-mBHI-p1_S812,102316
75,G8-e003Coalescence-mBHI-p5_S29,2,748494,E8-e003Coalescence-mBHI-p1_S812,102316
76,E8-e003Coalescence-mBHI-p3_S105,5,1300226,E8-e003Coalescence-mBHI-p1_S812,102316
77,E8-e003Coalescence-mGAM-p7_S149,65,1417361,E8-e003Coalescence-mBHI-p1_S812,102316
78,H8-e003Coalescence-mGAM-p7_S185,5227,983015,E8-e003Coalescence-mBHI-p1_S812,102316
79,A2-e003Coalescence-Inoculumn-mGAM,79,766653,E8-e003Coalescence-mBHI-p1_S812,102316
80,B8-e003Coalescence-mBHI-p1_S749,37,1268450,E8-e003Coalescence-mBHI-p1_S812,102316
81,A8-e003Coalescence-mBHI-p1_S748,1,1289758,E8-e003Coalescence-mBHI-p1_S812,102316
82,H8-e003Coalescence-mBHI-p1_S815,22,1218424,E8-e003Coalescence-mBHI-p1_S812,102316
83,E8-e003Coalescence-mBHI-p1_S812,0,1401516,E8-e003Coalescence-mBHI-p1_S812,102316
84,G8-e003Coalescence-mGAM-p1_S818,27,827892,E8-e003Coalescence-mBHI-p1_S812,102316
85,D8-e003Coalescence-mGAM-p1_S755,24,701330,E8-e003Coalescence-mBHI-p1_S812,102316
86,A9-e003Coalescence-mBHI-p1_S756,47,1437416,E8-e003Coalescence-mBHI-p1_S812,102316
87,E11-e003Coalescence-mBHI-p1_S836,4,1451168,E8-e003Coalescence-mBHI-p1_S812,102316
88,A10-e003Coalescence-mBHI-p1_S764,0,1193259,E8-e003Coalescence-mBHI-p1_S812,102316
89,A11-e003Coalescence-mBHI-p1_S772,11,1248804,E8-e003Coalescence-mBHI-p1_S812,102316
90,Coalescence-F2-E10-AA-AE-mGAM-mBHI-3_S681,4,1425787,E8-e003Coalescence-mBHI-p1_S812,102316
91,Coalescence-E8-D11-AF-AF-mGAM-mBHI-3_S675,18478,1135698,E8-e003Coalescence-mBHI-p1_S812,102316
92,Coalescence-F10-H8-AA-AF-mGAM-mGAM-3_S689,127,1095751,E8-e003Coalescence-mBHI-p1_S812,102316
93,Coalescence-A10-C11-AE-AF-mGAM-mBHI-7_S629,11188,698926,E8-e003Coalescence-mBHI-p1_S812,102316
94,C_E2_e003Assembly_S242,36,781119,E8-e003Coalescence-mBHI-p1_S812,102316
0,A_A5_A8_AA_AA_mGAM_mBHI_2_S5,12,1417316,G8-e003Coalescence-mGAM-p1_S818,102316
1,A_A8_A11_AF_AA_mGAM_mBHI_2_S8,6,1079879,G8-e003Coalescence-mGAM-p1_S818,102316
2,A_C5_C8_AA_AE_mGAM_mBHI_2_S29,24,1427638,G8-e003Coalescence-mGAM-p1_S818,102316
3,A_D5_D8_AA_AF_mGAM_mBHI_2_S41,24,966462,G8-e003Coalescence-mGAM-p1_S818,102316
4,A_D8_D11_AF_AF_mGAM_mBHI_2_S44,11270,1169381,G8-e003Coalescence-mGAM-p1_S818,102316
5,A_E5_A8_AA_AA_mGAM_mGAM_2_S53,0,1019189,G8-e003Coalescence-mGAM-p1_S818,102316
6,A_E9_A2_AA_AA_mBHI_mGAM_4_S57,31,1413231,G8-e003Coalescence-mGAM-p1_S818,102316
7,A_G1_C2_AA_AE_mBHI_mGAM_2_S73,11,712175,G8-e003Coalescence-mGAM-p1_S818,102316
8,A_G5_C8_AA_AE_mGAM_mGAM_2_S77,2,1416857,G8-e003Coalescence-mGAM-p1_S818,102316
9,A_G9_C2_AA_AE_mBHI_mGAM_4_S81,25,1411062,G8-e003Coalescence-mGAM-p1_S818,102316
10,B_A5_E8_AA_AA_mGAM_mBHI_2_S101,27,1425704,G8-e003Coalescence-mGAM-p1_S818,102316
11,B_A6_E9_ACPP_AA_mGAM_mBHI_2_S102,16,1117375,G8-e003Coalescence-mGAM-p1_S818,102316
12,B_A7_E10_AE_AA_mGAM_mBHI_2_S103,20,1427518,G8-e003Coalescence-mGAM-p1_S818,102316
13,B_A11_A10_AE_AA_mGAM_mBHI_4_S107,19,1383768,G8-e003Coalescence-mGAM-p1_S818,102316
14,B_A12_A11_AF_AA_mGAM_mBHI_4_S108,10,1434911,G8-e003Coalescence-mGAM-p1_S818,102316
15,B_C12_C11_AF_AE_mGAM_mBHI_4_S132,10067,1052319,G8-e003Coalescence-mGAM-p1_S818,102316
16,B_D7_H10_AE_AF_mGAM_mBHI_2_S139,13138,1353892,G8-e003Coalescence-mGAM-p1_S818,102316
17,B_D11_D10_AE_AF_mGAM_mBHI_4_S143,11673,1203283,G8-e003Coalescence-mGAM-p1_S818,102316
18,B_E5_E8_AA_AA_mGAM_mGAM_2_S149,1,946657,G8-e003Coalescence-mGAM-p1_S818,102316
19,B_E7_E10_AE_AA_mGAM_mGAM_2_S151,3,1444031,G8-e003Coalescence-mGAM-p1_S818,102316
20,B_E8_E11_AF_AA_mGAM_mGAM_2_S152,14,849793,G8-e003Coalescence-mGAM-p1_S818,102316
21,B_E11_A10_AE_AA_mGAM_mGAM_4_S155,14,1028220,G8-e003Coalescence-mGAM-p1_S818,102316
22,B_G1_G2_AA_AE_mBHI_mGAM_2_S169,15,1033473,G8-e003Coalescence-mGAM-p1_S818,102316
23,B_H5_H8_AA_AF_mGAM_mGAM_2_S185,2,1427983,G8-e003Coalescence-mGAM-p1_S818,102316
24,C_C5_C8_AA_AE_mGAM_mBHI_6_S221,9,977407,G8-e003Coalescence-mGAM-p1_S818,102316
25,C_C8_C11_AF_AE_mGAM_mBHI_6_S224,11761,1218207,G8-e003Coalescence-mGAM-p1_S818,102316
26,C_D5_D8_AA_AF_mGAM_mBHI_6_S233,37,1127572,G8-e003Coalescence-mGAM-p1_S818,102316
27,C_D7_D10_AE_AF_mGAM_mBHI_6_S235,13649,1404179,G8-e003Coalescence-mGAM-p1_S818,102316
28,C_E5_A8_AA_AA_mGAM_mGAM_6_S245,2,1431755,G8-e003Coalescence-mGAM-p1_S818,102316
29,C_E7_A10_AE_AA_mGAM_mGAM_6_S247,19,1413289,G8-e003Coalescence-mGAM-p1_S818,102316
30,C_E9_E2_AA_AA_mBHI_mGAM_4_S249,33,1403356,G8-e003Coalescence-mGAM-p1_S818,102316
31,C_E11_E4_AE_AA_mBHI_mGAM_4_S251,29,1422885,G8-e003Coalescence-mGAM-p1_S818,102316
32,D_A6_A9_ACPP_AA_mGAM_mBHI_6_S294,21,1440130,G8-e003Coalescence-mGAM-p1_S818,102316
33,D_A7_A10_AE_AA_mGAM_mBHI_6_S295,14,1433602,G8-e003Coalescence-mGAM-p1_S818,102316
34,D_A8_A11_AF_AA_mGAM_mBHI_6_S296,21,1436671,G8-e003Coalescence-mGAM-p1_S818,102316
35,D_A9_E8_AA_AA_mGAM_mBHI_4_S297,15,1437286,G8-e003Coalescence-mGAM-p1_S818,102316
36,D_A12_E11_AF_AA_mGAM_mBHI_4_S300,28,1396823,G8-e003Coalescence-mGAM-p1_S818,102316
37,D_C8_C11_AF_AE_mGAM_mBHI_6_S320,12418,1292174,G8-e003Coalescence-mGAM-p1_S818,102316
38,D_C9_G8_AA_AE_mGAM_mBHI_4_S321,14,1110163,G8-e003Coalescence-mGAM-p1_S818,102316
39,D_C12_G11_AF_AE_mGAM_mBHI_4_S324,12881,1330220,G8-e003Coalescence-mGAM-p1_S818,102316
40,D_D7_D10_AE_AF_mGAM_mBHI_6_S331,12962,1338259,G8-e003Coalescence-mGAM-p1_S818,102316
41,D_D11_H10_AE_AF_mGAM_mBHI_4_S335,12808,1308265,G8-e003Coalescence-mGAM-p1_S818,102316
42,D_E1_A2_AA_AA_mBHI_mGAM_6_S337,34,1436963,G8-e003Coalescence-mGAM-p1_S818,102316
43,D_E3_A4_AE_AA_mBHI_mGAM_6_S339,29,1417311,G8-e003Coalescence-mGAM-p1_S818,102316
44,D_E6_A9_ACPP_AA_mGAM_mGAM_6_S342,6,1303681,G8-e003Coalescence-mGAM-p1_S818,102316
45,D_E7_A10_AE_AA_mGAM_mGAM_6_S343,24,1343749,G8-e003Coalescence-mGAM-p1_S818,102316
46,D_E9_E8_AA_AA_mGAM_mGAM_4_S345,1,1400809,G8-e003Coalescence-mGAM-p1_S818,102316
47,D_E11_E10_AE_AA_mGAM_mGAM_4_S347,22,1397326,G8-e003Coalescence-mGAM-p1_S818,102316
48,D_G1_C2_AA_AE_mBHI_mGAM_6_S361,24,712918,G8-e003Coalescence-mGAM-p1_S818,102316
49,D_H5_D8_AA_AF_mGAM_mGAM_6_S377,2406,1125549,G8-e003Coalescence-mGAM-p1_S818,102316
50,D10-e003Coalescence-mBHI-p3,7056,721454,G8-e003Coalescence-mGAM-p1_S818,102316
51,C2-e003Coalescence-mGAM-p7,68,1453552,G8-e003Coalescence-mGAM-p1_S818,102316
52,D10-e003Coalescence-mBHI-p5,6898,723373,G8-e003Coalescence-mGAM-p1_S818,102316
53,D8-e003Coalescence-mBHI-p5,68,795854,G8-e003Coalescence-mGAM-p1_S818,102316
54,A8-e003Coalescence-mBHI-p7,38,1437763,G8-e003Coalescence-mGAM-p1_S818,102316
55,A10-e003Coalescence-mGAM-p3,30,960054,G8-e003Coalescence-mGAM-p1_S818,102316
56,A8-e003Coalescence-mBHI-p5,32,1099058,G8-e003Coalescence-mGAM-p1_S818,102316
57,A10-e003Coalescence-mBHI-p7,28,1171728,G8-e003Coalescence-mGAM-p1_S818,102316
58,A2-e003Coalescence-mGAM-p5,45,1119246,G8-e003Coalescence-mGAM-p1_S818,102316
59,C8-e003Coalescence-mBHI-p5,28,1251387,G8-e003Coalescence-mGAM-p1_S818,102316
60,A11-e003Coalescence-mBHI-p3,39,1455400,G8-e003Coalescence-mGAM-p1_S818,102316
61,E2-e003Coalescence-mGAM-p7_S145,22,960650,G8-e003Coalescence-mGAM-p1_S818,102316
62,E8-e003Coalescence-mBHI-p5_S5,13,1129168,G8-e003Coalescence-mGAM-p1_S818,102316
63,H111-e003Coalescence-mBHI-p3_S144,11944,1229895,G8-e003Coalescence-mGAM-p1_S818,102316
64,E100-e003Coalescence-mGAM-p3_S155,6,1310955,G8-e003Coalescence-mGAM-p1_S818,102316
65,E111-e003Coalescence-mBHI-p5_S8,41,719187,G8-e003Coalescence-mGAM-p1_S818,102316
66,H100-e003Coalescence-mBHI-p5_S43,9905,1043416,G8-e003Coalescence-mGAM-p1_S818,102316
67,H8-e003Coalescence-mBHI-p7_S137,17,1241668,G8-e003Coalescence-mGAM-p1_S818,102316
68,G8-e003Coalescence-mGAM-p5_S77,6,1348310,G8-e003Coalescence-mGAM-p1_S818,102316
69,H8-e003Coalescence-mBHI-p5_S41,27,797551,G8-e003Coalescence-mGAM-p1_S818,102316
70,E100-e003Coalescence-mBHI-p5_S7,10,890217,G8-e003Coalescence-mGAM-p1_S818,102316
71,E100-e003Coalescence-mGAM-p5_S55,16,809705,G8-e003Coalescence-mGAM-p1_S818,102316
72,H111-e003Coalescence-mBHI-p5_S44,6391,674095,G8-e003Coalescence-mGAM-p1_S818,102316
73,E2-e003Coalescence-mGAM-p3_S57,21,1046865,G8-e003Coalescence-mGAM-p1_S818,102316
74,H100-e003Coalescence-mBHI-p7_S139,12290,1277434,G8-e003Coalescence-mGAM-p1_S818,102316
75,G8-e003Coalescence-mBHI-p5_S29,7,748494,G8-e003Coalescence-mGAM-p1_S818,102316
76,E8-e003Coalescence-mBHI-p3_S105,20,1300226,G8-e003Coalescence-mGAM-p1_S818,102316
77,E8-e003Coalescence-mGAM-p7_S149,3,1417361,G8-e003Coalescence-mGAM-p1_S818,102316
78,H8-e003Coalescence-mGAM-p7_S185,3072,983015,G8-e003Coalescence-mGAM-p1_S818,102316
79,A2-e003Coalescence-Inoculumn-mGAM,13,766653,G8-e003Coalescence-mGAM-p1_S818,102316
80,B8-e003Coalescence-mBHI-p1_S749,11,1268450,G8-e003Coalescence-mGAM-p1_S818,102316
81,A8-e003Coalescence-mBHI-p1_S748,15,1289758,G8-e003Coalescence-mGAM-p1_S818,102316
82,H8-e003Coalescence-mBHI-p1_S815,6,1218424,G8-e003Coalescence-mGAM-p1_S818,102316
83,E8-e003Coalescence-mBHI-p1_S812,27,1401516,G8-e003Coalescence-mGAM-p1_S818,102316
84,G8-e003Coalescence-mGAM-p1_S818,0,827892,G8-e003Coalescence-mGAM-p1_S818,102316
85,D8-e003Coalescence-mGAM-p1_S755,6,701330,G8-e003Coalescence-mGAM-p1_S818,102316
86,A9-e003Coalescence-mBHI-p1_S756,16,1437416,G8-e003Coalescence-mGAM-p1_S818,102316
87,E11-e003Coalescence-mBHI-p1_S836,3,1451168,G8-e003Coalescence-mGAM-p1_S818,102316
88,A10-e003Coalescence-mBHI-p1_S764,18,1193259,G8-e003Coalescence-mGAM-p1_S818,102316
89,A11-e003Coalescence-mBHI-p1_S772,6,1248804,G8-e003Coalescence-mGAM-p1_S818,102316
90,Coalescence-F2-E10-AA-AE-mGAM-mBHI-3_S681,15,1425787,G8-e003Coalescence-mGAM-p1_S818,102316
91,Coalescence-E8-D11-AF-AF-mGAM-mBHI-3_S675,10850,1135698,G8-e003Coalescence-mGAM-p1_S818,102316
92,Coalescence-F10-H8-AA-AF-mGAM-mGAM-3_S689,65,1095751,G8-e003Coalescence-mGAM-p1_S818,102316
93,Coalescence-A10-C11-AE-AF-mGAM-mBHI-7_S629,6791,698926,G8-e003Coalescence-mGAM-p1_S818,102316
94,C_E2_e003Assembly_S242,1,781119,G8-e003Coalescence-mGAM-p1_S818,102316
0,A_A5_A8_AA_AA_mGAM_mBHI_2_S5,31,1417316,D8-e003Coalescence-mGAM-p1_S755,102316
1,A_A8_A11_AF_AA_mGAM_mBHI_2_S8,18,1079879,D8-e003Coalescence-mGAM-p1_S755,102316
2,A_C5_C8_AA_AE_mGAM_mBHI_2_S29,24,1427638,D8-e003Coalescence-mGAM-p1_S755,102316
3,A_D5_D8_AA_AF_mGAM_mBHI_2_S41,23,966462,D8-e003Coalescence-mGAM-p1_S755,102316
4,A_D8_D11_AF_AF_mGAM_mBHI_2_S44,8194,1169381,D8-e003Coalescence-mGAM-p1_S755,102316
5,A_E5_A8_AA_AA_mGAM_mGAM_2_S53,18,1019189,D8-e003Coalescence-mGAM-p1_S755,102316
6,A_E9_A2_AA_AA_mBHI_mGAM_4_S57,37,1413231,D8-e003Coalescence-mGAM-p1_S755,102316
7,A_G1_C2_AA_AE_mBHI_mGAM_2_S73,36,712175,D8-e003Coalescence-mGAM-p1_S755,102316
8,A_G5_C8_AA_AE_mGAM_mGAM_2_S77,21,1416857,D8-e003Coalescence-mGAM-p1_S755,102316
9,A_G9_C2_AA_AE_mBHI_mGAM_4_S81,44,1411062,D8-e003Coalescence-mGAM-p1_S755,102316
10,B_A5_E8_AA_AA_mGAM_mBHI_2_S101,17,1425704,D8-e003Coalescence-mGAM-p1_S755,102316
11,B_A6_E9_ACPP_AA_mGAM_mBHI_2_S102,39,1117375,D8-e003Coalescence-mGAM-p1_S755,102316
12,B_A7_E10_AE_AA_mGAM_mBHI_2_S103,28,1427518,D8-e003Coalescence-mGAM-p1_S755,102316
13,B_A11_A10_AE_AA_mGAM_mBHI_4_S107,26,1383768,D8-e003Coalescence-mGAM-p1_S755,102316
14,B_A12_A11_AF_AA_mGAM_mBHI_4_S108,34,1434911,D8-e003Coalescence-mGAM-p1_S755,102316
15,B_C12_C11_AF_AE_mGAM_mBHI_4_S132,7441,1052319,D8-e003Coalescence-mGAM-p1_S755,102316
16,B_D7_H10_AE_AF_mGAM_mBHI_2_S139,9606,1353892,D8-e003Coalescence-mGAM-p1_S755,102316
17,B_D11_D10_AE_AF_mGAM_mBHI_4_S143,8471,1203283,D8-e003Coalescence-mGAM-p1_S755,102316
18,B_E5_E8_AA_AA_mGAM_mGAM_2_S149,6,946657,D8-e003Coalescence-mGAM-p1_S755,102316
19,B_E7_E10_AE_AA_mGAM_mGAM_2_S151,10,1444031,D8-e003Coalescence-mGAM-p1_S755,102316
20,B_E8_E11_AF_AA_mGAM_mGAM_2_S152,7,849793,D8-e003Coalescence-mGAM-p1_S755,102316
21,B_E11_A10_AE_AA_mGAM_mGAM_4_S155,14,1028220,D8-e003Coalescence-mGAM-p1_S755,102316
22,B_G1_G2_AA_AE_mBHI_mGAM_2_S169,43,1033473,D8-e003Coalescence-mGAM-p1_S755,102316
23,B_H5_H8_AA_AF_mGAM_mGAM_2_S185,6,1427983,D8-e003Coalescence-mGAM-p1_S755,102316
24,C_C5_C8_AA_AE_mGAM_mBHI_6_S221,19,977407,D8-e003Coalescence-mGAM-p1_S755,102316
25,C_C8_C11_AF_AE_mGAM_mBHI_6_S224,8533,1218207,D8-e003Coalescence-mGAM-p1_S755,102316
26,C_D5_D8_AA_AF_mGAM_mBHI_6_S233,45,1127572,D8-e003Coalescence-mGAM-p1_S755,102316
27,C_D7_D10_AE_AF_mGAM_mBHI_6_S235,9905,1404179,D8-e003Coalescence-mGAM-p1_S755,102316
28,C_E5_A8_AA_AA_mGAM_mGAM_6_S245,27,1431755,D8-e003Coalescence-mGAM-p1_S755,102316
29,C_E7_A10_AE_AA_mGAM_mGAM_6_S247,23,1413289,D8-e003Coalescence-mGAM-p1_S755,102316
30,C_E9_E2_AA_AA_mBHI_mGAM_4_S249,31,1403356,D8-e003Coalescence-mGAM-p1_S755,102316
31,C_E11_E4_AE_AA_mBHI_mGAM_4_S251,39,1422885,D8-e003Coalescence-mGAM-p1_S755,102316
32,D_A6_A9_ACPP_AA_mGAM_mBHI_6_S294,27,1440130,D8-e003Coalescence-mGAM-p1_S755,102316
33,D_A7_A10_AE_AA_mGAM_mBHI_6_S295,19,1433602,D8-e003Coalescence-mGAM-p1_S755,102316
34,D_A8_A11_AF_AA_mGAM_mBHI_6_S296,23,1436671,D8-e003Coalescence-mGAM-p1_S755,102316
35,D_A9_E8_AA_AA_mGAM_mBHI_4_S297,28,1437286,D8-e003Coalescence-mGAM-p1_S755,102316
36,D_A12_E11_AF_AA_mGAM_mBHI_4_S300,20,1396823,D8-e003Coalescence-mGAM-p1_S755,102316
37,D_C8_C11_AF_AE_mGAM_mBHI_6_S320,9129,1292174,D8-e003Coalescence-mGAM-p1_S755,102316
38,D_C9_G8_AA_AE_mGAM_mBHI_4_S321,17,1110163,D8-e003Coalescence-mGAM-p1_S755,102316
39,D_C12_G11_AF_AE_mGAM_mBHI_4_S324,9398,1330220,D8-e003Coalescence-mGAM-p1_S755,102316
40,D_D7_D10_AE_AF_mGAM_mBHI_6_S331,9422,1338259,D8-e003Coalescence-mGAM-p1_S755,102316
41,D_D11_H10_AE_AF_mGAM_mBHI_4_S335,9261,1308265,D8-e003Coalescence-mGAM-p1_S755,102316
42,D_E1_A2_AA_AA_mBHI_mGAM_6_S337,40,1436963,D8-e003Coalescence-mGAM-p1_S755,102316
43,D_E3_A4_AE_AA_mBHI_mGAM_6_S339,37,1417311,D8-e003Coalescence-mGAM-p1_S755,102316
44,D_E6_A9_ACPP_AA_mGAM_mGAM_6_S342,14,1303681,D8-e003Coalescence-mGAM-p1_S755,102316
45,D_E7_A10_AE_AA_mGAM_mGAM_6_S343,30,1343749,D8-e003Coalescence-mGAM-p1_S755,102316
46,D_E9_E8_AA_AA_mGAM_mGAM_4_S345,26,1400809,D8-e003Coalescence-mGAM-p1_S755,102316
47,D_E11_E10_AE_AA_mGAM_mGAM_4_S347,30,1397326,D8-e003Coalescence-mGAM-p1_S755,102316
48,D_G1_C2_AA_AE_mBHI_mGAM_6_S361,22,712918,D8-e003Coalescence-mGAM-p1_S755,102316
49,D_H5_D8_AA_AF_mGAM_mGAM_6_S377,1720,1125549,D8-e003Coalescence-mGAM-p1_S755,102316
50,D10-e003Coalescence-mBHI-p3,5234,721454,D8-e003Coalescence-mGAM-p1_S755,102316
51,C2-e003Coalescence-mGAM-p7,60,1453552,D8-e003Coalescence-mGAM-p1_S755,102316
52,D10-e003Coalescence-mBHI-p5,5030,723373,D8-e003Coalescence-mGAM-p1_S755,102316
53,D8-e003Coalescence-mBHI-p5,59,795854,D8-e003Coalescence-mGAM-p1_S755,102316
54,A8-e003Coalescence-mBHI-p7,38,1437763,D8-e003Coalescence-mGAM-p1_S755,102316
55,A10-e003Coalescence-mGAM-p3,33,960054,D8-e003Coalescence-mGAM-p1_S755,102316
56,A8-e003Coalescence-mBHI-p5,26,1099058,D8-e003Coalescence-mGAM-p1_S755,102316
57,A10-e003Coalescence-mBHI-p7,30,1171728,D8-e003Coalescence-mGAM-p1_S755,102316
58,A2-e003Coalescence-mGAM-p5,37,1119246,D8-e003Coalescence-mGAM-p1_S755,102316
59,C8-e003Coalescence-mBHI-p5,36,1251387,D8-e003Coalescence-mGAM-p1_S755,102316
60,A11-e003Coalescence-mBHI-p3,34,1455400,D8-e003Coalescence-mGAM-p1_S755,102316
61,E2-e003Coalescence-mGAM-p7_S145,29,960650,D8-e003Coalescence-mGAM-p1_S755,102316
62,E8-e003Coalescence-mBHI-p5_S5,31,1129168,D8-e003Coalescence-mGAM-p1_S755,102316
63,H111-e003Coalescence-mBHI-p3_S144,8657,1229895,D8-e003Coalescence-mGAM-p1_S755,102316
64,E100-e003Coalescence-mGAM-p3_S155,15,1310955,D8-e003Coalescence-mGAM-p1_S755,102316
65,E111-e003Coalescence-mBHI-p5_S8,28,719187,D8-e003Coalescence-mGAM-p1_S755,102316
66,H100-e003Coalescence-mBHI-p5_S43,7302,1043416,D8-e003Coalescence-mGAM-p1_S755,102316
67,H8-e003Coalescence-mBHI-p7_S137,28,1241668,D8-e003Coalescence-mGAM-p1_S755,102316
68,G8-e003Coalescence-mGAM-p5_S77,17,1348310,D8-e003Coalescence-mGAM-p1_S755,102316
69,H8-e003Coalescence-mBHI-p5_S41,28,797551,D8-e003Coalescence-mGAM-p1_S755,102316
70,E100-e003Coalescence-mBHI-p5_S7,14,890217,D8-e003Coalescence-mGAM-p1_S755,102316
71,E100-e003Coalescence-mGAM-p5_S55,14,809705,D8-e003Coalescence-mGAM-p1_S755,102316
72,H111-e003Coalescence-mBHI-p5_S44,4638,674095,D8-e003Coalescence-mGAM-p1_S755,102316
73,E2-e003Coalescence-mGAM-p3_S57,31,1046865,D8-e003Coalescence-mGAM-p1_S755,102316
74,H100-e003Coalescence-mBHI-p7_S139,8887,1277434,D8-e003Coalescence-mGAM-p1_S755,102316
75,G8-e003Coalescence-mBHI-p5_S29,15,748494,D8-e003Coalescence-mGAM-p1_S755,102316
76,E8-e003Coalescence-mBHI-p3_S105,16,1300226,D8-e003Coalescence-mGAM-p1_S755,102316
77,E8-e003Coalescence-mGAM-p7_S149,34,1417361,D8-e003Coalescence-mGAM-p1_S755,102316
78,H8-e003Coalescence-mGAM-p7_S185,2182,983015,D8-e003Coalescence-mGAM-p1_S755,102316
79,A2-e003Coalescence-Inoculumn-mGAM,32,766653,D8-e003Coalescence-mGAM-p1_S755,102316
80,B8-e003Coalescence-mBHI-p1_S749,51,1268450,D8-e003Coalescence-mGAM-p1_S755,102316
81,A8-e003Coalescence-mBHI-p1_S748,22,1289758,D8-e003Coalescence-mGAM-p1_S755,102316
82,H8-e003Coalescence-mBHI-p1_S815,11,1218424,D8-e003Coalescence-mGAM-p1_S755,102316
83,E8-e003Coalescence-mBHI-p1_S812,24,1401516,D8-e003Coalescence-mGAM-p1_S755,102316
84,G8-e003Coalescence-mGAM-p1_S818,6,827892,D8-e003Coalescence-mGAM-p1_S755,102316
85,D8-e003Coalescence-mGAM-p1_S755,0,701330,D8-e003Coalescence-mGAM-p1_S755,102316
86,A9-e003Coalescence-mBHI-p1_S756,50,1437416,D8-e003Coalescence-mGAM-p1_S755,102316
87,E11-e003Coalescence-mBHI-p1_S836,17,1451168,D8-e003Coalescence-mGAM-p1_S755,102316
88,A10-e003Coalescence-mBHI-p1_S764,20,1193259,D8-e003Coalescence-mGAM-p1_S755,102316
89,A11-e003Coalescence-mBHI-p1_S772,15,1248804,D8-e003Coalescence-mGAM-p1_S755,102316
90,Coalescence-F2-E10-AA-AE-mGAM-mBHI-3_S681,26,1425787,D8-e003Coalescence-mGAM-p1_S755,102316
91,Coalescence-E8-D11-AF-AF-mGAM-mBHI-3_S675,7952,1135698,D8-e003Coalescence-mGAM-p1_S755,102316
92,Coalescence-F10-H8-AA-AF-mGAM-mGAM-3_S689,50,1095751,D8-e003Coalescence-mGAM-p1_S755,102316
93,Coalescence-A10-C11-AE-AF-mGAM-mBHI-7_S629,5023,698926,D8-e003Coalescence-mGAM-p1_S755,102316
94,C_E2_e003Assembly_S242,7,781119,D8-e003Coalescence-mGAM-p1_S755,102316
0,A_A5_A8_AA_AA_mGAM_mBHI_2_S5,72,1417316,A9-e003Coalescence-mBHI-p1_S756,102316
1,A_A8_A11_AF_AA_mGAM_mBHI_2_S8,61,1079879,A9-e003Coalescence-mBHI-p1_S756,102316
2,A_C5_C8_AA_AE_mGAM_mBHI_2_S29,39,1427638,A9-e003Coalescence-mBHI-p1_S756,102316
3,A_D5_D8_AA_AF_mGAM_mBHI_2_S41,74,966462,A9-e003Coalescence-mBHI-p1_S756,102316
4,A_D8_D11_AF_AF_mGAM_mBHI_2_S44,19597,1169381,A9-e003Coalescence-mBHI-p1_S756,102316
5,A_E5_A8_AA_AA_mGAM_mGAM_2_S53,71,1019189,A9-e003Coalescence-mBHI-p1_S756,102316
6,A_E9_A2_AA_AA_mBHI_mGAM_4_S57,58,1413231,A9-e003Coalescence-mBHI-p1_S756,102316
7,A_G1_C2_AA_AE_mBHI_mGAM_2_S73,57,712175,A9-e003Coalescence-mBHI-p1_S756,102316
8,A_G5_C8_AA_AE_mGAM_mGAM_2_S77,78,1416857,A9-e003Coalescence-mBHI-p1_S756,102316
9,A_G9_C2_AA_AE_mBHI_mGAM_4_S81,70,1411062,A9-e003Coalescence-mBHI-p1_S756,102316
10,B_A5_E8_AA_AA_mGAM_mBHI_2_S101,45,1425704,A9-e003Coalescence-mBHI-p1_S756,102316
11,B_A6_E9_ACPP_AA_mGAM_mBHI_2_S102,4,1117375,A9-e003Coalescence-mBHI-p1_S756,102316
12,B_A7_E10_AE_AA_mGAM_mBHI_2_S103,60,1427518,A9-e003Coalescence-mBHI-p1_S756,102316
13,B_A11_A10_AE_AA_mGAM_mBHI_4_S107,61,1383768,A9-e003Coalescence-mBHI-p1_S756,102316
14,B_A12_A11_AF_AA_mGAM_mBHI_4_S108,83,1434911,A9-e003Coalescence-mBHI-p1_S756,102316
15,B_C12_C11_AF_AE_mGAM_mBHI_4_S132,17523,1052319,A9-e003Coalescence-mBHI-p1_S756,102316
16,B_D7_H10_AE_AF_mGAM_mBHI_2_S139,23058,1353892,A9-e003Coalescence-mBHI-p1_S756,102316
17,B_D11_D10_AE_AF_mGAM_mBHI_4_S143,20153,1203283,A9-e003Coalescence-mBHI-p1_S756,102316
18,B_E5_E8_AA_AA_mGAM_mGAM_2_S149,54,946657,A9-e003Coalescence-mBHI-p1_S756,102316
19,B_E7_E10_AE_AA_mGAM_mGAM_2_S151,17,1444031,A9-e003Coalescence-mBHI-p1_S756,102316
20,B_E8_E11_AF_AA_mGAM_mGAM_2_S152,55,849793,A9-e003Coalescence-mBHI-p1_S756,102316
21,B_E11_A10_AE_AA_mGAM_mGAM_4_S155,32,1028220,A9-e003Coalescence-mBHI-p1_S756,102316
22,B_G1_G2_AA_AE_mBHI_mGAM_2_S169,82,1033473,A9-e003Coalescence-mBHI-p1_S756,102316
23,B_H5_H8_AA_AF_mGAM_mGAM_2_S185,85,1427983,A9-e003Coalescence-mBHI-p1_S756,102316
24,C_C5_C8_AA_AE_mGAM_mBHI_6_S221,36,977407,A9-e003Coalescence-mBHI-p1_S756,102316
25,C_C8_C11_AF_AE_mGAM_mBHI_6_S224,20462,1218207,A9-e003Coalescence-mBHI-p1_S756,102316
26,C_D5_D8_AA_AF_mGAM_mBHI_6_S233,126,1127572,A9-e003Coalescence-mBHI-p1_S756,102316
27,C_D7_D10_AE_AF_mGAM_mBHI_6_S235,23934,1404179,A9-e003Coalescence-mBHI-p1_S756,102316
28,C_E5_A8_AA_AA_mGAM_mGAM_6_S245,80,1431755,A9-e003Coalescence-mBHI-p1_S756,102316
29,C_E7_A10_AE_AA_mGAM_mGAM_6_S247,41,1413289,A9-e003Coalescence-mBHI-p1_S756,102316
30,C_E9_E2_AA_AA_mBHI_mGAM_4_S249,74,1403356,A9-e003Coalescence-mBHI-p1_S756,102316
31,C_E11_E4_AE_AA_mBHI_mGAM_4_S251,56,1422885,A9-e003Coalescence-mBHI-p1_S756,102316
32,D_A6_A9_ACPP_AA_mGAM_mBHI_6_S294,46,1440130,A9-e003Coalescence-mBHI-p1_S756,102316
33,D_A7_A10_AE_AA_mGAM_mBHI_6_S295,58,1433602,A9-e003Coalescence-mBHI-p1_S756,102316
34,D_A8_A11_AF_AA_mGAM_mBHI_6_S296,61,1436671,A9-e003Coalescence-mBHI-p1_S756,102316
35,D_A9_E8_AA_AA_mGAM_mBHI_4_S297,56,1437286,A9-e003Coalescence-mBHI-p1_S756,102316
36,D_A12_E11_AF_AA_mGAM_mBHI_4_S300,67,1396823,A9-e003Coalescence-mBHI-p1_S756,102316
37,D_C8_C11_AF_AE_mGAM_mBHI_6_S320,21773,1292174,A9-e003Coalescence-mBHI-p1_S756,102316
38,D_C9_G8_AA_AE_mGAM_mBHI_4_S321,41,1110163,A9-e003Coalescence-mBHI-p1_S756,102316
39,D_C12_G11_AF_AE_mGAM_mBHI_4_S324,22572,1330220,A9-e003Coalescence-mBHI-p1_S756,102316
40,D_D7_D10_AE_AF_mGAM_mBHI_6_S331,22671,1338259,A9-e003Coalescence-mBHI-p1_S756,102316
41,D_D11_H10_AE_AF_mGAM_mBHI_4_S335,22256,1308265,A9-e003Coalescence-mBHI-p1_S756,102316
42,D_E1_A2_AA_AA_mBHI_mGAM_6_S337,87,1436963,A9-e003Coalescence-mBHI-p1_S756,102316
43,D_E3_A4_AE_AA_mBHI_mGAM_6_S339,83,1417311,A9-e003Coalescence-mBHI-p1_S756,102316
44,D_E6_A9_ACPP_AA_mGAM_mGAM_6_S342,22,1303681,A9-e003Coalescence-mBHI-p1_S756,102316
45,D_E7_A10_AE_AA_mGAM_mGAM_6_S343,58,1343749,A9-e003Coalescence-mBHI-p1_S756,102316
46,D_E9_E8_AA_AA_mGAM_mGAM_4_S345,112,1400809,A9-e003Coalescence-mBHI-p1_S756,102316
47,D_E11_E10_AE_AA_mGAM_mGAM_4_S347,73,1397326,A9-e003Coalescence-mBHI-p1_S756,102316
48,D_G1_C2_AA_AE_mBHI_mGAM_6_S361,45,712918,A9-e003Coalescence-mBHI-p1_S756,102316
49,D_H5_D8_AA_AF_mGAM_mGAM_6_S377,4346,1125549,A9-e003Coalescence-mBHI-p1_S756,102316
50,D10-e003Coalescence-mBHI-p3,12146,721454,A9-e003Coalescence-mBHI-p1_S756,102316
51,C2-e003Coalescence-mGAM-p7,144,1453552,A9-e003Coalescence-mBHI-p1_S756,102316
52,D10-e003Coalescence-mBHI-p5,11996,723373,A9-e003Coalescence-mBHI-p1_S756,102316
53,D8-e003Coalescence-mBHI-p5,168,795854,A9-e003Coalescence-mBHI-p1_S756,102316
54,A8-e003Coalescence-mBHI-p7,140,1437763,A9-e003Coalescence-mBHI-p1_S756,102316
55,A10-e003Coalescence-mGAM-p3,92,960054,A9-e003Coalescence-mBHI-p1_S756,102316
56,A8-e003Coalescence-mBHI-p5,79,1099058,A9-e003Coalescence-mBHI-p1_S756,102316
57,A10-e003Coalescence-mBHI-p7,89,1171728,A9-e003Coalescence-mBHI-p1_S756,102316
58,A2-e003Coalescence-mGAM-p5,112,1119246,A9-e003Coalescence-mBHI-p1_S756,102316
59,C8-e003Coalescence-mBHI-p5,77,1251387,A9-e003Coalescence-mBHI-p1_S756,102316
60,A11-e003Coalescence-mBHI-p3,136,1455400,A9-e003Coalescence-mBHI-p1_S756,102316
61,E2-e003Coalescence-mGAM-p7_S145,51,960650,A9-e003Coalescence-mBHI-p1_S756,102316
62,E8-e003Coalescence-mBHI-p5_S5,54,1129168,A9-e003Coalescence-mBHI-p1_S756,102316
63,H111-e003Coalescence-mBHI-p3_S144,20846,1229895,A9-e003Coalescence-mBHI-p1_S756,102316
64,E100-e003Coalescence-mGAM-p3_S155,50,1310955,A9-e003Coalescence-mBHI-p1_S756,102316
65,E111-e003Coalescence-mBHI-p5_S8,86,719187,A9-e003Coalescence-mBHI-p1_S756,102316
66,H100-e003Coalescence-mBHI-p5_S43,17257,1043416,A9-e003Coalescence-mBHI-p1_S756,102316
67,H8-e003Coalescence-mBHI-p7_S137,76,1241668,A9-e003Coalescence-mBHI-p1_S756,102316
68,G8-e003Coalescence-mGAM-p5_S77,81,1348310,A9-e003Coalescence-mBHI-p1_S756,102316
69,H8-e003Coalescence-mBHI-p5_S41,51,797551,A9-e003Coalescence-mBHI-p1_S756,102316
70,E100-e003Coalescence-mBHI-p5_S7,32,890217,A9-e003Coalescence-mBHI-p1_S756,102316
71,E100-e003Coalescence-mGAM-p5_S55,25,809705,A9-e003Coalescence-mBHI-p1_S756,102316
72,H111-e003Coalescence-mBHI-p5_S44,10985,674095,A9-e003Coalescence-mBHI-p1_S756,102316
73,E2-e003Coalescence-mGAM-p3_S57,50,1046865,A9-e003Coalescence-mBHI-p1_S756,102316
74,H100-e003Coalescence-mBHI-p7_S139,21468,1277434,A9-e003Coalescence-mBHI-p1_S756,102316
75,G8-e003Coalescence-mBHI-p5_S29,35,748494,A9-e003Coalescence-mBHI-p1_S756,102316
76,E8-e003Coalescence-mBHI-p3_S105,43,1300226,A9-e003Coalescence-mBHI-p1_S756,102316
77,E8-e003Coalescence-mGAM-p7_S149,97,1417361,A9-e003Coalescence-mBHI-p1_S756,102316
78,H8-e003Coalescence-mGAM-p7_S185,5381,983015,A9-e003Coalescence-mBHI-p1_S756,102316
79,A2-e003Coalescence-Inoculumn-mGAM,89,766653,A9-e003Coalescence-mBHI-p1_S756,102316
80,B8-e003Coalescence-mBHI-p1_S749,0,1268450,A9-e003Coalescence-mBHI-p1_S756,102316
81,A8-e003Coalescence-mBHI-p1_S748,29,1289758,A9-e003Coalescence-mBHI-p1_S756,102316
82,H8-e003Coalescence-mBHI-p1_S815,71,1218424,A9-e003Coalescence-mBHI-p1_S756,102316
83,E8-e003Coalescence-mBHI-p1_S812,47,1401516,A9-e003Coalescence-mBHI-p1_S756,102316
84,G8-e003Coalescence-mGAM-p1_S818,16,827892,A9-e003Coalescence-mBHI-p1_S756,102316
85,D8-e003Coalescence-mGAM-p1_S755,50,701330,A9-e003Coalescence-mBHI-p1_S756,102316
86,A9-e003Coalescence-mBHI-p1_S756,0,1437416,A9-e003Coalescence-mBHI-p1_S756,102316
87,E11-e003Coalescence-mBHI-p1_S836,88,1451168,A9-e003Coalescence-mBHI-p1_S756,102316
88,A10-e003Coalescence-mBHI-p1_S764,42,1193259,A9-e003Coalescence-mBHI-p1_S756,102316
89,A11-e003Coalescence-mBHI-p1_S772,70,1248804,A9-e003Coalescence-mBHI-p1_S756,102316
90,Coalescence-F2-E10-AA-AE-mGAM-mBHI-3_S681,61,1425787,A9-e003Coalescence-mBHI-p1_S756,102316
91,Coalescence-E8-D11-AF-AF-mGAM-mBHI-3_S675,18939,1135698,A9-e003Coalescence-mBHI-p1_S756,102316
92,Coalescence-F10-H8-AA-AF-mGAM-mGAM-3_S689,159,1095751,A9-e003Coalescence-mBHI-p1_S756,102316
93,Coalescence-A10-C11-AE-AF-mGAM-mBHI-7_S629,11405,698926,A9-e003Coalescence-mBHI-p1_S756,102316
94,C_E2_e003Assembly_S242,38,781119,A9-e003Coalescence-mBHI-p1_S756,102316
0,A_A5_A8_AA_AA_mGAM_mBHI_2_S5,4,1417316,E11-e003Coalescence-mBHI-p1_S836,102316
1,A_A8_A11_AF_AA_mGAM_mBHI_2_S8,8,1079879,E11-e003Coalescence-mBHI-p1_S836,102316
2,A_C5_C8_AA_AE_mGAM_mBHI_2_S29,4,1427638,E11-e003Coalescence-mBHI-p1_S836,102316
3,A_D5_D8_AA_AF_mGAM_mBHI_2_S41,29,966462,E11-e003Coalescence-mBHI-p1_S836,102316
4,A_D8_D11_AF_AF_mGAM_mBHI_2_S44,18842,1169381,E11-e003Coalescence-mBHI-p1_S836,102316
5,A_E5_A8_AA_AA_mGAM_mGAM_2_S53,27,1019189,E11-e003Coalescence-mBHI-p1_S836,102316
6,A_E9_A2_AA_AA_mBHI_mGAM_4_S57,18,1413231,E11-e003Coalescence-mBHI-p1_S836,102316
7,A_G1_C2_AA_AE_mBHI_mGAM_2_S73,27,712175,E11-e003Coalescence-mBHI-p1_S836,102316
8,A_G5_C8_AA_AE_mGAM_mGAM_2_S77,41,1416857,E11-e003Coalescence-mBHI-p1_S836,102316
9,A_G9_C2_AA_AE_mBHI_mGAM_4_S81,20,1411062,E11-e003Coalescence-mBHI-p1_S836,102316
10,B_A5_E8_AA_AA_mGAM_mBHI_2_S101,1,1425704,E11-e003Coalescence-mBHI-p1_S836,102316
11,B_A6_E9_ACPP_AA_mGAM_mBHI_2_S102,38,1117375,E11-e003Coalescence-mBHI-p1_S836,102316
12,B_A7_E10_AE_AA_mGAM_mBHI_2_S103,7,1427518,E11-e003Coalescence-mBHI-p1_S836,102316
13,B_A11_A10_AE_AA_mGAM_mBHI_4_S107,21,1383768,E11-e003Coalescence-mBHI-p1_S836,102316
14,B_A12_A11_AF_AA_mGAM_mBHI_4_S108,10,1434911,E11-e003Coalescence-mBHI-p1_S836,102316
15,B_C12_C11_AF_AE_mGAM_mBHI_4_S132,16817,1052319,E11-e003Coalescence-mBHI-p1_S836,102316
16,B_D7_H10_AE_AF_mGAM_mBHI_2_S139,22259,1353892,E11-e003Coalescence-mBHI-p1_S836,102316
17,B_D11_D10_AE_AF_mGAM_mBHI_4_S143,19475,1203283,E11-e003Coalescence-mBHI-p1_S836,102316
18,B_E5_E8_AA_AA_mGAM_mGAM_2_S149,17,946657,E11-e003Coalescence-mBHI-p1_S836,102316
19,B_E7_E10_AE_AA_mGAM_mGAM_2_S151,3,1444031,E11-e003Coalescence-mBHI-p1_S836,102316
20,B_E8_E11_AF_AA_mGAM_mGAM_2_S152,14,849793,E11-e003Coalescence-mBHI-p1_S836,102316
21,B_E11_A10_AE_AA_mGAM_mGAM_4_S155,4,1028220,E11-e003Coalescence-mBHI-p1_S836,102316
22,B_G1_G2_AA_AE_mBHI_mGAM_2_S169,39,1033473,E11-e003Coalescence-mBHI-p1_S836,102316
23,B_H5_H8_AA_AF_mGAM_mGAM_2_S185,8,1427983,E11-e003Coalescence-mBHI-p1_S836,102316
24,C_C5_C8_AA_AE_mGAM_mBHI_6_S221,6,977407,E11-e003Coalescence-mBHI-p1_S836,102316
25,C_C8_C11_AF_AE_mGAM_mBHI_6_S224,19773,1218207,E11-e003Coalescence-mBHI-p1_S836,102316
26,C_D5_D8_AA_AF_mGAM_mBHI_6_S233,88,1127572,E11-e003Coalescence-mBHI-p1_S836,102316
27,C_D7_D10_AE_AF_mGAM_mBHI_6_S235,23123,1404179,E11-e003Coalescence-mBHI-p1_S836,102316
28,C_E5_A8_AA_AA_mGAM_mGAM_6_S245,41,1431755,E11-e003Coalescence-mBHI-p1_S836,102316
29,C_E7_A10_AE_AA_mGAM_mGAM_6_S247,5,1413289,E11-e003Coalescence-mBHI-p1_S836,102316
30,C_E9_E2_AA_AA_mBHI_mGAM_4_S249,15,1403356,E11-e003Coalescence-mBHI-p1_S836,102316
31,C_E11_E4_AE_AA_mBHI_mGAM_4_S251,33,1422885,E11-e003Coalescence-mBHI-p1_S836,102316
32,D_A6_A9_ACPP_AA_mGAM_mBHI_6_S294,1,1440130,E11-e003Coalescence-mBHI-p1_S836,102316
33,D_A7_A10_AE_AA_mGAM_mBHI_6_S295,5,1433602,E11-e003Coalescence-mBHI-p1_S836,102316
34,D_A8_A11_AF_AA_mGAM_mBHI_6_S296,9,1436671,E11-e003Coalescence-mBHI-p1_S836,102316
35,D_A9_E8_AA_AA_mGAM_mBHI_4_S297,6,1437286,E11-e003Coalescence-mBHI-p1_S836,102316
36,D_A12_E11_AF_AA_mGAM_mBHI_4_S300,17,1396823,E11-e003Coalescence-mBHI-p1_S836,102316
37,D_C8_C11_AF_AE_mGAM_mBHI_6_S320,20966,1292174,E11-e003Coalescence-mBHI-p1_S836,102316
38,D_C9_G8_AA_AE_mGAM_mBHI_4_S321,9,1110163,E11-e003Coalescence-mBHI-p1_S836,102316
39,D_C12_G11_AF_AE_mGAM_mBHI_4_S324,21801,1330220,E11-e003Coalescence-mBHI-p1_S836,102316
40,D_D7_D10_AE_AF_mGAM_mBHI_6_S331,21862,1338259,E11-e003Coalescence-mBHI-p1_S836,102316
41,D_D11_H10_AE_AF_mGAM_mBHI_4_S335,21499,1308265,E11-e003Coalescence-mBHI-p1_S836,102316
42,D_E1_A2_AA_AA_mBHI_mGAM_6_S337,15,1436963,E11-e003Coalescence-mBHI-p1_S836,102316
43,D_E3_A4_AE_AA_mBHI_mGAM_6_S339,30,1417311,E11-e003Coalescence-mBHI-p1_S836,102316
44,D_E6_A9_ACPP_AA_mGAM_mGAM_6_S342,5,1303681,E11-e003Coalescence-mBHI-p1_S836,102316
45,D_E7_A10_AE_AA_mGAM_mGAM_6_S343,7,1343749,E11-e003Coalescence-mBHI-p1_S836,102316
46,D_E9_E8_AA_AA_mGAM_mGAM_4_S345,60,1400809,E11-e003Coalescence-mBHI-p1_S836,102316
47,D_E11_E10_AE_AA_mGAM_mGAM_4_S347,8,1397326,E11-e003Coalescence-mBHI-p1_S836,102316
48,D_G1_C2_AA_AE_mBHI_mGAM_6_S361,5,712918,E11-e003Coalescence-mBHI-p1_S836,102316
49,D_H5_D8_AA_AF_mGAM_mGAM_6_S377,4105,1125549,E11-e003Coalescence-mBHI-p1_S836,102316
50,D10-e003Coalescence-mBHI-p3,11772,721454,E11-e003Coalescence-mBHI-p1_S836,102316
51,C2-e003Coalescence-mGAM-p7,117,1453552,E11-e003Coalescence-mBHI-p1_S836,102316
52,D10-e003Coalescence-mBHI-p5,11600,723373,E11-e003Coalescence-mBHI-p1_S836,102316
53,D8-e003Coalescence-mBHI-p5,112,795854,E11-e003Coalescence-mBHI-p1_S836,102316
54,A8-e003Coalescence-mBHI-p7,82,1437763,E11-e003Coalescence-mBHI-p1_S836,102316
55,A10-e003Coalescence-mGAM-p3,41,960054,E11-e003Coalescence-mBHI-p1_S836,102316
56,A8-e003Coalescence-mBHI-p5,41,1099058,E11-e003Coalescence-mBHI-p1_S836,102316
57,A10-e003Coalescence-mBHI-p7,74,1171728,E11-e003Coalescence-mBHI-p1_S836,102316
58,A2-e003Coalescence-mGAM-p5,74,1119246,E11-e003Coalescence-mBHI-p1_S836,102316
59,C8-e003Coalescence-mBHI-p5,52,1251387,E11-e003Coalescence-mBHI-p1_S836,102316
60,A11-e003Coalescence-mBHI-p3,73,1455400,E11-e003Coalescence-mBHI-p1_S836,102316
61,E2-e003Coalescence-mGAM-p7_S145,18,960650,E11-e003Coalescence-mBHI-p1_S836,102316
62,E8-e003Coalescence-mBHI-p5_S5,11,1129168,E11-e003Coalescence-mBHI-p1_S836,102316
63,H111-e003Coalescence-mBHI-p3_S144,20135,1229895,E11-e003Coalescence-mBHI-p1_S836,102316
64,E100-e003Coalescence-mGAM-p3_S155,4,1310955,E11-e003Coalescence-mBHI-p1_S836,102316
65,E111-e003Coalescence-mBHI-p5_S8,51,719187,E11-e003Coalescence-mBHI-p1_S836,102316
66,H100-e003Coalescence-mBHI-p5_S43,16594,1043416,E11-e003Coalescence-mBHI-p1_S836,102316
67,H8-e003Coalescence-mBHI-p7_S137,15,1241668,E11-e003Coalescence-mBHI-p1_S836,102316
68,G8-e003Coalescence-mGAM-p5_S77,19,1348310,E11-e003Coalescence-mBHI-p1_S836,102316
69,H8-e003Coalescence-mBHI-p5_S41,19,797551,E11-e003Coalescence-mBHI-p1_S836,102316
70,E100-e003Coalescence-mBHI-p5_S7,7,890217,E11-e003Coalescence-mBHI-p1_S836,102316
71,E100-e003Coalescence-mGAM-p5_S55,7,809705,E11-e003Coalescence-mBHI-p1_S836,102316
72,H111-e003Coalescence-mBHI-p5_S44,10558,674095,E11-e003Coalescence-mBHI-p1_S836,102316
73,E2-e003Coalescence-mGAM-p3_S57,8,1046865,E11-e003Coalescence-mBHI-p1_S836,102316
74,H100-e003Coalescence-mBHI-p7_S139,20684,1277434,E11-e003Coalescence-mBHI-p1_S836,102316
75,G8-e003Coalescence-mBHI-p5_S29,7,748494,E11-e003Coalescence-mBHI-p1_S836,102316
76,E8-e003Coalescence-mBHI-p3_S105,4,1300226,E11-e003Coalescence-mBHI-p1_S836,102316
77,E8-e003Coalescence-mGAM-p7_S149,59,1417361,E11-e003Coalescence-mBHI-p1_S836,102316
78,H8-e003Coalescence-mGAM-p7_S185,5118,983015,E11-e003Coalescence-mBHI-p1_S836,102316
79,A2-e003Coalescence-Inoculumn-mGAM,75,766653,E11-e003Coalescence-mBHI-p1_S836,102316
80,B8-e003Coalescence-mBHI-p1_S749,81,1268450,E11-e003Coalescence-mBHI-p1_S836,102316
81,A8-e003Coalescence-mBHI-p1_S748,2,1289758,E11-e003Coalescence-mBHI-p1_S836,102316
82,H8-e003Coalescence-mBHI-p1_S815,5,1218424,E11-e003Coalescence-mBHI-p1_S836,102316
83,E8-e003Coalescence-mBHI-p1_S812,4,1401516,E11-e003Coalescence-mBHI-p1_S836,102316
84,G8-e003Coalescence-mGAM-p1_S818,3,827892,E11-e003Coalescence-mBHI-p1_S836,102316
85,D8-e003Coalescence-mGAM-p1_S755,17,701330,E11-e003Coalescence-mBHI-p1_S836,102316
86,A9-e003Coalescence-mBHI-p1_S756,88,1437416,E11-e003Coalescence-mBHI-p1_S836,102316
87,E11-e003Coalescence-mBHI-p1_S836,0,1451168,E11-e003Coalescence-mBHI-p1_S836,102316
88,A10-e003Coalescence-mBHI-p1_S764,1,1193259,E11-e003Coalescence-mBHI-p1_S836,102316
89,A11-e003Coalescence-mBHI-p1_S772,2,1248804,E11-e003Coalescence-mBHI-p1_S836,102316
90,Coalescence-F2-E10-AA-AE-mGAM-mBHI-3_S681,9,1425787,E11-e003Coalescence-mBHI-p1_S836,102316
91,Coalescence-E8-D11-AF-AF-mGAM-mBHI-3_S675,18291,1135698,E11-e003Coalescence-mBHI-p1_S836,102316
92,Coalescence-F10-H8-AA-AF-mGAM-mGAM-3_S689,112,1095751,E11-e003Coalescence-mBHI-p1_S836,102316
93,Coalescence-A10-C11-AE-AF-mGAM-mBHI-7_S629,10979,698926,E11-e003Coalescence-mBHI-p1_S836,102316
94,C_E2_e003Assembly_S242,19,781119,E11-e003Coalescence-mBHI-p1_S836,102316
0,A_A5_A8_AA_AA_mGAM_mBHI_2_S5,0,1417316,A10-e003Coalescence-mBHI-p1_S764,102316
1,A_A8_A11_AF_AA_mGAM_mBHI_2_S8,7,1079879,A10-e003Coalescence-mBHI-p1_S764,102316
2,A_C5_C8_AA_AE_mGAM_mBHI_2_S29,0,1427638,A10-e003Coalescence-mBHI-p1_S764,102316
3,A_D5_D8_AA_AF_mGAM_mBHI_2_S41,24,966462,A10-e003Coalescence-mBHI-p1_S764,102316
4,A_D8_D11_AF_AF_mGAM_mBHI_2_S44,15844,1169381,A10-e003Coalescence-mBHI-p1_S764,102316
5,A_E5_A8_AA_AA_mGAM_mGAM_2_S53,32,1019189,A10-e003Coalescence-mBHI-p1_S764,102316
6,A_E9_A2_AA_AA_mBHI_mGAM_4_S57,2,1413231,A10-e003Coalescence-mBHI-p1_S764,102316
7,A_G1_C2_AA_AE_mBHI_mGAM_2_S73,10,712175,A10-e003Coalescence-mBHI-p1_S764,102316
8,A_G5_C8_AA_AE_mGAM_mGAM_2_S77,35,1416857,A10-e003Coalescence-mBHI-p1_S764,102316
9,A_G9_C2_AA_AE_mBHI_mGAM_4_S81,1,1411062,A10-e003Coalescence-mBHI-p1_S764,102316
10,B_A5_E8_AA_AA_mGAM_mBHI_2_S101,0,1425704,A10-e003Coalescence-mBHI-p1_S764,102316
11,B_A6_E9_ACPP_AA_mGAM_mBHI_2_S102,9,1117375,A10-e003Coalescence-mBHI-p1_S764,102316
12,B_A7_E10_AE_AA_mGAM_mBHI_2_S103,3,1427518,A10-e003Coalescence-mBHI-p1_S764,102316
13,B_A11_A10_AE_AA_mGAM_mBHI_4_S107,5,1383768,A10-e003Coalescence-mBHI-p1_S764,102316
14,B_A12_A11_AF_AA_mGAM_mBHI_4_S108,2,1434911,A10-e003Coalescence-mBHI-p1_S764,102316
15,B_C12_C11_AF_AE_mGAM_mBHI_4_S132,14192,1052319,A10-e003Coalescence-mBHI-p1_S764,102316
16,B_D7_H10_AE_AF_mGAM_mBHI_2_S139,18586,1353892,A10-e003Coalescence-mBHI-p1_S764,102316
17,B_D11_D10_AE_AF_mGAM_mBHI_4_S143,16335,1203283,A10-e003Coalescence-mBHI-p1_S764,102316
18,B_E5_E8_AA_AA_mGAM_mGAM_2_S149,26,946657,A10-e003Coalescence-mBHI-p1_S764,102316
19,B_E7_E10_AE_AA_mGAM_mGAM_2_S151,5,1444031,A10-e003Coalescence-mBHI-p1_S764,102316
20,B_E8_E11_AF_AA_mGAM_mGAM_2_S152,8,849793,A10-e003Coalescence-mBHI-p1_S764,102316
21,B_E11_A10_AE_AA_mGAM_mGAM_4_S155,1,1028220,A10-e003Coalescence-mBHI-p1_S764,102316
22,B_G1_G2_AA_AE_mBHI_mGAM_2_S169,12,1033473,A10-e003Coalescence-mBHI-p1_S764,102316
23,B_H5_H8_AA_AF_mGAM_mGAM_2_S185,6,1427983,A10-e003Coalescence-mBHI-p1_S764,102316
24,C_C5_C8_AA_AE_mGAM_mBHI_6_S221,0,977407,A10-e003Coalescence-mBHI-p1_S764,102316
25,C_C8_C11_AF_AE_mGAM_mBHI_6_S224,16580,1218207,A10-e003Coalescence-mBHI-p1_S764,102316
26,C_D5_D8_AA_AF_mGAM_mBHI_6_S233,54,1127572,A10-e003Coalescence-mBHI-p1_S764,102316
27,C_D7_D10_AE_AF_mGAM_mBHI_6_S235,19314,1404179,A10-e003Coalescence-mBHI-p1_S764,102316
28,C_E5_A8_AA_AA_mGAM_mGAM_6_S245,34,1431755,A10-e003Coalescence-mBHI-p1_S764,102316
29,C_E7_A10_AE_AA_mGAM_mGAM_6_S247,0,1413289,A10-e003Coalescence-mBHI-p1_S764,102316
30,C_E9_E2_AA_AA_mBHI_mGAM_4_S249,4,1403356,A10-e003Coalescence-mBHI-p1_S764,102316
31,C_E11_E4_AE_AA_mBHI_mGAM_4_S251,8,1422885,A10-e003Coalescence-mBHI-p1_S764,102316
32,D_A6_A9_ACPP_AA_mGAM_mBHI_6_S294,0,1440130,A10-e003Coalescence-mBHI-p1_S764,102316
33,D_A7_A10_AE_AA_mGAM_mBHI_6_S295,3,1433602,A10-e003Coalescence-mBHI-p1_S764,102316
34,D_A8_A11_AF_AA_mGAM_mBHI_6_S296,2,1436671,A10-e003Coalescence-mBHI-p1_S764,102316
35,D_A9_E8_AA_AA_mGAM_mBHI_4_S297,0,1437286,A10-e003Coalescence-mBHI-p1_S764,102316
36,D_A12_E11_AF_AA_mGAM_mBHI_4_S300,8,1396823,A10-e003Coalescence-mBHI-p1_S764,102316
37,D_C8_C11_AF_AE_mGAM_mBHI_6_S320,17650,1292174,A10-e003Coalescence-mBHI-p1_S764,102316
38,D_C9_G8_AA_AE_mGAM_mBHI_4_S321,0,1110163,A10-e003Coalescence-mBHI-p1_S764,102316
39,D_C12_G11_AF_AE_mGAM_mBHI_4_S324,18334,1330220,A10-e003Coalescence-mBHI-p1_S764,102316
40,D_D7_D10_AE_AF_mGAM_mBHI_6_S331,18366,1338259,A10-e003Coalescence-mBHI-p1_S764,102316
41,D_D11_H10_AE_AF_mGAM_mBHI_4_S335,18014,1308265,A10-e003Coalescence-mBHI-p1_S764,102316
42,D_E1_A2_AA_AA_mBHI_mGAM_6_S337,5,1436963,A10-e003Coalescence-mBHI-p1_S764,102316
43,D_E3_A4_AE_AA_mBHI_mGAM_6_S339,3,1417311,A10-e003Coalescence-mBHI-p1_S764,102316
44,D_E6_A9_ACPP_AA_mGAM_mGAM_6_S342,7,1303681,A10-e003Coalescence-mBHI-p1_S764,102316
45,D_E7_A10_AE_AA_mGAM_mGAM_6_S343,1,1343749,A10-e003Coalescence-mBHI-p1_S764,102316
46,D_E9_E8_AA_AA_mGAM_mGAM_4_S345,41,1400809,A10-e003Coalescence-mBHI-p1_S764,102316
47,D_E11_E10_AE_AA_mGAM_mGAM_4_S347,0,1397326,A10-e003Coalescence-mBHI-p1_S764,102316
48,D_G1_C2_AA_AE_mBHI_mGAM_6_S361,7,712918,A10-e003Coalescence-mBHI-p1_S764,102316
49,D_H5_D8_AA_AF_mGAM_mGAM_6_S377,3354,1125549,A10-e003Coalescence-mBHI-p1_S764,102316
50,D10-e003Coalescence-mBHI-p3,9988,721454,A10-e003Coalescence-mBHI-p1_S764,102316
51,C2-e003Coalescence-mGAM-p7,51,1453552,A10-e003Coalescence-mBHI-p1_S764,102316
52,D10-e003Coalescence-mBHI-p5,9738,723373,A10-e003Coalescence-mBHI-p1_S764,102316
53,D8-e003Coalescence-mBHI-p5,80,795854,A10-e003Coalescence-mBHI-p1_S764,102316
54,A8-e003Coalescence-mBHI-p7,37,1437763,A10-e003Coalescence-mBHI-p1_S764,102316
55,A10-e003Coalescence-mGAM-p3,22,960054,A10-e003Coalescence-mBHI-p1_S764,102316
56,A8-e003Coalescence-mBHI-p5,19,1099058,A10-e003Coalescence-mBHI-p1_S764,102316
57,A10-e003Coalescence-mBHI-p7,33,1171728,A10-e003Coalescence-mBHI-p1_S764,102316
58,A2-e003Coalescence-mGAM-p5,34,1119246,A10-e003Coalescence-mBHI-p1_S764,102316
59,C8-e003Coalescence-mBHI-p5,24,1251387,A10-e003Coalescence-mBHI-p1_S764,102316
60,A11-e003Coalescence-mBHI-p3,36,1455400,A10-e003Coalescence-mBHI-p1_S764,102316
61,E2-e003Coalescence-mGAM-p7_S145,4,960650,A10-e003Coalescence-mBHI-p1_S764,102316
62,E8-e003Coalescence-mBHI-p5_S5,0,1129168,A10-e003Coalescence-mBHI-p1_S764,102316
63,H111-e003Coalescence-mBHI-p3_S144,17026,1229895,A10-e003Coalescence-mBHI-p1_S764,102316
64,E100-e003Coalescence-mGAM-p3_S155,1,1310955,A10-e003Coalescence-mBHI-p1_S764,102316
65,E111-e003Coalescence-mBHI-p5_S8,44,719187,A10-e003Coalescence-mBHI-p1_S764,102316
66,H100-e003Coalescence-mBHI-p5_S43,13998,1043416,A10-e003Coalescence-mBHI-p1_S764,102316
67,H8-e003Coalescence-mBHI-p7_S137,10,1241668,A10-e003Coalescence-mBHI-p1_S764,102316
68,G8-e003Coalescence-mGAM-p5_S77,4,1348310,A10-e003Coalescence-mBHI-p1_S764,102316
69,H8-e003Coalescence-mBHI-p5_S41,15,797551,A10-e003Coalescence-mBHI-p1_S764,102316
70,E100-e003Coalescence-mBHI-p5_S7,0,890217,A10-e003Coalescence-mBHI-p1_S764,102316
71,E100-e003Coalescence-mGAM-p5_S55,0,809705,A10-e003Coalescence-mBHI-p1_S764,102316
72,H111-e003Coalescence-mBHI-p5_S44,8917,674095,A10-e003Coalescence-mBHI-p1_S764,102316
73,E2-e003Coalescence-mGAM-p3_S57,3,1046865,A10-e003Coalescence-mBHI-p1_S764,102316
74,H100-e003Coalescence-mBHI-p7_S139,17328,1277434,A10-e003Coalescence-mBHI-p1_S764,102316
75,G8-e003Coalescence-mBHI-p5_S29,0,748494,A10-e003Coalescence-mBHI-p1_S764,102316
76,E8-e003Coalescence-mBHI-p3_S105,3,1300226,A10-e003Coalescence-mBHI-p1_S764,102316
77,E8-e003Coalescence-mGAM-p7_S149,36,1417361,A10-e003Coalescence-mBHI-p1_S764,102316
78,H8-e003Coalescence-mGAM-p7_S185,4296,983015,A10-e003Coalescence-mBHI-p1_S764,102316
79,A2-e003Coalescence-Inoculumn-mGAM,47,766653,A10-e003Coalescence-mBHI-p1_S764,102316
80,B8-e003Coalescence-mBHI-p1_S749,40,1268450,A10-e003Coalescence-mBHI-p1_S764,102316
81,A8-e003Coalescence-mBHI-p1_S748,0,1289758,A10-e003Coalescence-mBHI-p1_S764,102316
82,H8-e003Coalescence-mBHI-p1_S815,9,1218424,A10-e003Coalescence-mBHI-p1_S764,102316
83,E8-e003Coalescence-mBHI-p1_S812,0,1401516,A10-e003Coalescence-mBHI-p1_S764,102316
84,G8-e003Coalescence-mGAM-p1_S818,18,827892,A10-e003Coalescence-mBHI-p1_S764,102316
85,D8-e003Coalescence-mGAM-p1_S755,20,701330,A10-e003Coalescence-mBHI-p1_S764,102316
86,A9-e003Coalescence-mBHI-p1_S756,42,1437416,A10-e003Coalescence-mBHI-p1_S764,102316
87,E11-e003Coalescence-mBHI-p1_S836,1,1451168,A10-e003Coalescence-mBHI-p1_S764,102316
88,A10-e003Coalescence-mBHI-p1_S764,0,1193259,A10-e003Coalescence-mBHI-p1_S764,102316
89,A11-e003Coalescence-mBHI-p1_S772,4,1248804,A10-e003Coalescence-mBHI-p1_S764,102316
90,Coalescence-F2-E10-AA-AE-mGAM-mBHI-3_S681,0,1425787,A10-e003Coalescence-mBHI-p1_S764,102316
91,Coalescence-E8-D11-AF-AF-mGAM-mBHI-3_S675,15422,1135698,A10-e003Coalescence-mBHI-p1_S764,102316
92,Coalescence-F10-H8-AA-AF-mGAM-mGAM-3_S689,89,1095751,A10-e003Coalescence-mBHI-p1_S764,102316
93,Coalescence-A10-C11-AE-AF-mGAM-mBHI-7_S629,9334,698926,A10-e003Coalescence-mBHI-p1_S764,102316
94,C_E2_e003Assembly_S242,20,781119,A10-e003Coalescence-mBHI-p1_S764,102316
0,A_A5_A8_AA_AA_mGAM_mBHI_2_S5,7,1417316,A11-e003Coalescence-mBHI-p1_S772,102316
1,A_A8_A11_AF_AA_mGAM_mBHI_2_S8,8,1079879,A11-e003Coalescence-mBHI-p1_S772,102316
2,A_C5_C8_AA_AE_mGAM_mBHI_2_S29,10,1427638,A11-e003Coalescence-mBHI-p1_S772,102316
3,A_D5_D8_AA_AF_mGAM_mBHI_2_S41,24,966462,A11-e003Coalescence-mBHI-p1_S772,102316
4,A_D8_D11_AF_AF_mGAM_mBHI_2_S44,14884,1169381,A11-e003Coalescence-mBHI-p1_S772,102316
5,A_E5_A8_AA_AA_mGAM_mGAM_2_S53,25,1019189,A11-e003Coalescence-mBHI-p1_S772,102316
6,A_E9_A2_AA_AA_mBHI_mGAM_4_S57,24,1413231,A11-e003Coalescence-mBHI-p1_S772,102316
7,A_G1_C2_AA_AE_mBHI_mGAM_2_S73,35,712175,A11-e003Coalescence-mBHI-p1_S772,102316
8,A_G5_C8_AA_AE_mGAM_mGAM_2_S77,45,1416857,A11-e003Coalescence-mBHI-p1_S772,102316
9,A_G9_C2_AA_AE_mBHI_mGAM_4_S81,45,1411062,A11-e003Coalescence-mBHI-p1_S772,102316
10,B_A5_E8_AA_AA_mGAM_mBHI_2_S101,8,1425704,A11-e003Coalescence-mBHI-p1_S772,102316
11,B_A6_E9_ACPP_AA_mGAM_mBHI_2_S102,29,1117375,A11-e003Coalescence-mBHI-p1_S772,102316
12,B_A7_E10_AE_AA_mGAM_mBHI_2_S103,13,1427518,A11-e003Coalescence-mBHI-p1_S772,102316
13,B_A11_A10_AE_AA_mGAM_mBHI_4_S107,28,1383768,A11-e003Coalescence-mBHI-p1_S772,102316
14,B_A12_A11_AF_AA_mGAM_mBHI_4_S108,18,1434911,A11-e003Coalescence-mBHI-p1_S772,102316
15,B_C12_C11_AF_AE_mGAM_mBHI_4_S132,13323,1052319,A11-e003Coalescence-mBHI-p1_S772,102316
16,B_D7_H10_AE_AF_mGAM_mBHI_2_S139,17514,1353892,A11-e003Coalescence-mBHI-p1_S772,102316
17,B_D11_D10_AE_AF_mGAM_mBHI_4_S143,15418,1203283,A11-e003Coalescence-mBHI-p1_S772,102316
18,B_E5_E8_AA_AA_mGAM_mGAM_2_S149,24,946657,A11-e003Coalescence-mBHI-p1_S772,102316
19,B_E7_E10_AE_AA_mGAM_mGAM_2_S151,9,1444031,A11-e003Coalescence-mBHI-p1_S772,102316
20,B_E8_E11_AF_AA_mGAM_mGAM_2_S152,17,849793,A11-e003Coalescence-mBHI-p1_S772,102316
21,B_E11_A10_AE_AA_mGAM_mGAM_4_S155,4,1028220,A11-e003Coalescence-mBHI-p1_S772,102316
22,B_G1_G2_AA_AE_mBHI_mGAM_2_S169,45,1033473,A11-e003Coalescence-mBHI-p1_S772,102316
23,B_H5_H8_AA_AF_mGAM_mGAM_2_S185,12,1427983,A11-e003Coalescence-mBHI-p1_S772,102316
24,C_C5_C8_AA_AE_mGAM_mBHI_6_S221,12,977407,A11-e003Coalescence-mBHI-p1_S772,102316
25,C_C8_C11_AF_AE_mGAM_mBHI_6_S224,15563,1218207,A11-e003Coalescence-mBHI-p1_S772,102316
26,C_D5_D8_AA_AF_mGAM_mBHI_6_S233,75,1127572,A11-e003Coalescence-mBHI-p1_S772,102316
27,C_D7_D10_AE_AF_mGAM_mBHI_6_S235,18158,1404179,A11-e003Coalescence-mBHI-p1_S772,102316
28,C_E5_A8_AA_AA_mGAM_mGAM_6_S245,49,1431755,A11-e003Coalescence-mBHI-p1_S772,102316
29,C_E7_A10_AE_AA_mGAM_mGAM_6_S247,10,1413289,A11-e003Coalescence-mBHI-p1_S772,102316
30,C_E9_E2_AA_AA_mBHI_mGAM_4_S249,31,1403356,A11-e003Coalescence-mBHI-p1_S772,102316
31,C_E11_E4_AE_AA_mBHI_mGAM_4_S251,45,1422885,A11-e003Coalescence-mBHI-p1_S772,102316
32,D_A6_A9_ACPP_AA_mGAM_mBHI_6_S294,10,1440130,A11-e003Coalescence-mBHI-p1_S772,102316
33,D_A7_A10_AE_AA_mGAM_mBHI_6_S295,14,1433602,A11-e003Coalescence-mBHI-p1_S772,102316
34,D_A8_A11_AF_AA_mGAM_mBHI_6_S296,18,1436671,A11-e003Coalescence-mBHI-p1_S772,102316
35,D_A9_E8_AA_AA_mGAM_mBHI_4_S297,14,1437286,A11-e003Coalescence-mBHI-p1_S772,102316
36,D_A12_E11_AF_AA_mGAM_mBHI_4_S300,18,1396823,A11-e003Coalescence-mBHI-p1_S772,102316
37,D_C8_C11_AF_AE_mGAM_mBHI_6_S320,16560,1292174,A11-e003Coalescence-mBHI-p1_S772,102316
38,D_C9_G8_AA_AE_mGAM_mBHI_4_S321,16,1110163,A11-e003Coalescence-mBHI-p1_S772,102316
39,D_C12_G11_AF_AE_mGAM_mBHI_4_S324,17196,1330220,A11-e003Coalescence-mBHI-p1_S772,102316
40,D_D7_D10_AE_AF_mGAM_mBHI_6_S331,17221,1338259,A11-e003Coalescence-mBHI-p1_S772,102316
41,D_D11_H10_AE_AF_mGAM_mBHI_4_S335,16881,1308265,A11-e003Coalescence-mBHI-p1_S772,102316
42,D_E1_A2_AA_AA_mBHI_mGAM_6_S337,33,1436963,A11-e003Coalescence-mBHI-p1_S772,102316
43,D_E3_A4_AE_AA_mBHI_mGAM_6_S339,32,1417311,A11-e003Coalescence-mBHI-p1_S772,102316
44,D_E6_A9_ACPP_AA_mGAM_mGAM_6_S342,7,1303681,A11-e003Coalescence-mBHI-p1_S772,102316
45,D_E7_A10_AE_AA_mGAM_mGAM_6_S343,10,1343749,A11-e003Coalescence-mBHI-p1_S772,102316
46,D_E9_E8_AA_AA_mGAM_mGAM_4_S345,59,1400809,A11-e003Coalescence-mBHI-p1_S772,102316
47,D_E11_E10_AE_AA_mGAM_mGAM_4_S347,21,1397326,A11-e003Coalescence-mBHI-p1_S772,102316
48,D_G1_C2_AA_AE_mBHI_mGAM_6_S361,16,712918,A11-e003Coalescence-mBHI-p1_S772,102316
49,D_H5_D8_AA_AF_mGAM_mGAM_6_S377,3153,1125549,A11-e003Coalescence-mBHI-p1_S772,102316
50,D10-e003Coalescence-mBHI-p3,9326,721454,A11-e003Coalescence-mBHI-p1_S772,102316
51,C2-e003Coalescence-mGAM-p7,100,1453552,A11-e003Coalescence-mBHI-p1_S772,102316
52,D10-e003Coalescence-mBHI-p5,9130,723373,A11-e003Coalescence-mBHI-p1_S772,102316
53,D8-e003Coalescence-mBHI-p5,80,795854,A11-e003Coalescence-mBHI-p1_S772,102316
54,A8-e003Coalescence-mBHI-p7,57,1437763,A11-e003Coalescence-mBHI-p1_S772,102316
55,A10-e003Coalescence-mGAM-p3,27,960054,A11-e003Coalescence-mBHI-p1_S772,102316
56,A8-e003Coalescence-mBHI-p5,38,1099058,A11-e003Coalescence-mBHI-p1_S772,102316
57,A10-e003Coalescence-mBHI-p7,60,1171728,A11-e003Coalescence-mBHI-p1_S772,102316
58,A2-e003Coalescence-mGAM-p5,51,1119246,A11-e003Coalescence-mBHI-p1_S772,102316
59,C8-e003Coalescence-mBHI-p5,42,1251387,A11-e003Coalescence-mBHI-p1_S772,102316
60,A11-e003Coalescence-mBHI-p3,56,1455400,A11-e003Coalescence-mBHI-p1_S772,102316
61,E2-e003Coalescence-mGAM-p7_S145,30,960650,A11-e003Coalescence-mBHI-p1_S772,102316
62,E8-e003Coalescence-mBHI-p5_S5,14,1129168,A11-e003Coalescence-mBHI-p1_S772,102316
63,H111-e003Coalescence-mBHI-p3_S144,15812,1229895,A11-e003Coalescence-mBHI-p1_S772,102316
64,E100-e003Coalescence-mGAM-p3_S155,8,1310955,A11-e003Coalescence-mBHI-p1_S772,102316
65,E111-e003Coalescence-mBHI-p5_S8,48,719187,A11-e003Coalescence-mBHI-p1_S772,102316
66,H100-e003Coalescence-mBHI-p5_S43,13152,1043416,A11-e003Coalescence-mBHI-p1_S772,102316
67,H8-e003Coalescence-mBHI-p7_S137,14,1241668,A11-e003Coalescence-mBHI-p1_S772,102316
68,G8-e003Coalescence-mGAM-p5_S77,30,1348310,A11-e003Coalescence-mBHI-p1_S772,102316
69,H8-e003Coalescence-mBHI-p5_S41,22,797551,A11-e003Coalescence-mBHI-p1_S772,102316
70,E100-e003Coalescence-mBHI-p5_S7,7,890217,A11-e003Coalescence-mBHI-p1_S772,102316
71,E100-e003Coalescence-mGAM-p5_S55,5,809705,A11-e003Coalescence-mBHI-p1_S772,102316
72,H111-e003Coalescence-mBHI-p5_S44,8269,674095,A11-e003Coalescence-mBHI-p1_S772,102316
73,E2-e003Coalescence-mGAM-p3_S57,12,1046865,A11-e003Coalescence-mBHI-p1_S772,102316
74,H100-e003Coalescence-mBHI-p7_S139,16334,1277434,A11-e003Coalescence-mBHI-p1_S772,102316
75,G8-e003Coalescence-mBHI-p5_S29,10,748494,A11-e003Coalescence-mBHI-p1_S772,102316
76,E8-e003Coalescence-mBHI-p3_S105,13,1300226,A11-e003Coalescence-mBHI-p1_S772,102316
77,E8-e003Coalescence-mGAM-p7_S149,67,1417361,A11-e003Coalescence-mBHI-p1_S772,102316
78,H8-e003Coalescence-mGAM-p7_S185,4048,983015,A11-e003Coalescence-mBHI-p1_S772,102316
79,A2-e003Coalescence-Inoculumn-mGAM,65,766653,A11-e003Coalescence-mBHI-p1_S772,102316
80,B8-e003Coalescence-mBHI-p1_S749,56,1268450,A11-e003Coalescence-mBHI-p1_S772,102316
81,A8-e003Coalescence-mBHI-p1_S748,3,1289758,A11-e003Coalescence-mBHI-p1_S772,102316
82,H8-e003Coalescence-mBHI-p1_S815,9,1218424,A11-e003Coalescence-mBHI-p1_S772,102316
83,E8-e003Coalescence-mBHI-p1_S812,11,1401516,A11-e003Coalescence-mBHI-p1_S772,102316
84,G8-e003Coalescence-mGAM-p1_S818,6,827892,A11-e003Coalescence-mBHI-p1_S772,102316
85,D8-e003Coalescence-mGAM-p1_S755,15,701330,A11-e003Coalescence-mBHI-p1_S772,102316
86,A9-e003Coalescence-mBHI-p1_S756,70,1437416,A11-e003Coalescence-mBHI-p1_S772,102316
87,E11-e003Coalescence-mBHI-p1_S836,2,1451168,A11-e003Coalescence-mBHI-p1_S772,102316
88,A10-e003Coalescence-mBHI-p1_S764,4,1193259,A11-e003Coalescence-mBHI-p1_S772,102316
89,A11-e003Coalescence-mBHI-p1_S772,0,1248804,A11-e003Coalescence-mBHI-p1_S772,102316
90,Coalescence-F2-E10-AA-AE-mGAM-mBHI-3_S681,13,1425787,A11-e003Coalescence-mBHI-p1_S772,102316
91,Coalescence-E8-D11-AF-AF-mGAM-mBHI-3_S675,14468,1135698,A11-e003Coalescence-mBHI-p1_S772,102316
92,Coalescence-F10-H8-AA-AF-mGAM-mGAM-3_S689,95,1095751,A11-e003Coalescence-mBHI-p1_S772,102316
93,Coalescence-A10-C11-AE-AF-mGAM-mBHI-7_S629,8750,698926,A11-e003Coalescence-mBHI-p1_S772,102316
94,C_E2_e003Assembly_S242,12,781119,A11-e003Coalescence-mBHI-p1_S772,102316
0,A_A5_A8_AA_AA_mGAM_mBHI_2_S5,3,1417316,Coalescence-F2-E10-AA-AE-mGAM-mBHI-3_S681,102316
1,A_A8_A11_AF_AA_mGAM_mBHI_2_S8,9,1079879,Coalescence-F2-E10-AA-AE-mGAM-mBHI-3_S681,102316
2,A_C5_C8_AA_AE_mGAM_mBHI_2_S29,0,1427638,Coalescence-F2-E10-AA-AE-mGAM-mBHI-3_S681,102316
3,A_D5_D8_AA_AF_mGAM_mBHI_2_S41,21,966462,Coalescence-F2-E10-AA-AE-mGAM-mBHI-3_S681,102316
4,A_D8_D11_AF_AF_mGAM_mBHI_2_S44,19432,1169381,Coalescence-F2-E10-AA-AE-mGAM-mBHI-3_S681,102316
5,A_E5_A8_AA_AA_mGAM_mGAM_2_S53,23,1019189,Coalescence-F2-E10-AA-AE-mGAM-mBHI-3_S681,102316
6,A_E9_A2_AA_AA_mBHI_mGAM_4_S57,3,1413231,Coalescence-F2-E10-AA-AE-mGAM-mBHI-3_S681,102316
7,A_G1_C2_AA_AE_mBHI_mGAM_2_S73,28,712175,Coalescence-F2-E10-AA-AE-mGAM-mBHI-3_S681,102316
8,A_G5_C8_AA_AE_mGAM_mGAM_2_S77,39,1416857,Coalescence-F2-E10-AA-AE-mGAM-mBHI-3_S681,102316
9,A_G9_C2_AA_AE_mBHI_mGAM_4_S81,8,1411062,Coalescence-F2-E10-AA-AE-mGAM-mBHI-3_S681,102316
10,B_A5_E8_AA_AA_mGAM_mBHI_2_S101,0,1425704,Coalescence-F2-E10-AA-AE-mGAM-mBHI-3_S681,102316
11,B_A6_E9_ACPP_AA_mGAM_mBHI_2_S102,15,1117375,Coalescence-F2-E10-AA-AE-mGAM-mBHI-3_S681,102316
12,B_A7_E10_AE_AA_mGAM_mBHI_2_S103,0,1427518,Coalescence-F2-E10-AA-AE-mGAM-mBHI-3_S681,102316
13,B_A11_A10_AE_AA_mGAM_mBHI_4_S107,1,1383768,Coalescence-F2-E10-AA-AE-mGAM-mBHI-3_S681,102316
14,B_A12_A11_AF_AA_mGAM_mBHI_4_S108,4,1434911,Coalescence-F2-E10-AA-AE-mGAM-mBHI-3_S681,102316
15,B_C12_C11_AF_AE_mGAM_mBHI_4_S132,17400,1052319,Coalescence-F2-E10-AA-AE-mGAM-mBHI-3_S681,102316
16,B_D7_H10_AE_AF_mGAM_mBHI_2_S139,22893,1353892,Coalescence-F2-E10-AA-AE-mGAM-mBHI-3_S681,102316
17,B_D11_D10_AE_AF_mGAM_mBHI_4_S143,20050,1203283,Coalescence-F2-E10-AA-AE-mGAM-mBHI-3_S681,102316
18,B_E5_E8_AA_AA_mGAM_mGAM_2_S149,22,946657,Coalescence-F2-E10-AA-AE-mGAM-mBHI-3_S681,102316
19,B_E7_E10_AE_AA_mGAM_mGAM_2_S151,21,1444031,Coalescence-F2-E10-AA-AE-mGAM-mBHI-3_S681,102316
20,B_E8_E11_AF_AA_mGAM_mGAM_2_S152,22,849793,Coalescence-F2-E10-AA-AE-mGAM-mBHI-3_S681,102316
21,B_E11_A10_AE_AA_mGAM_mGAM_4_S155,2,1028220,Coalescence-F2-E10-AA-AE-mGAM-mBHI-3_S681,102316
22,B_G1_G2_AA_AE_mBHI_mGAM_2_S169,36,1033473,Coalescence-F2-E10-AA-AE-mGAM-mBHI-3_S681,102316
23,B_H5_H8_AA_AF_mGAM_mGAM_2_S185,11,1427983,Coalescence-F2-E10-AA-AE-mGAM-mBHI-3_S681,102316
24,C_C5_C8_AA_AE_mGAM_mBHI_6_S221,0,977407,Coalescence-F2-E10-AA-AE-mGAM-mBHI-3_S681,102316
25,C_C8_C11_AF_AE_mGAM_mBHI_6_S224,20374,1218207,Coalescence-F2-E10-AA-AE-mGAM-mBHI-3_S681,102316
26,C_D5_D8_AA_AF_mGAM_mBHI_6_S233,76,1127572,Coalescence-F2-E10-AA-AE-mGAM-mBHI-3_S681,102316
27,C_D7_D10_AE_AF_mGAM_mBHI_6_S235,23853,1404179,Coalescence-F2-E10-AA-AE-mGAM-mBHI-3_S681,102316
28,C_E5_A8_AA_AA_mGAM_mGAM_6_S245,30,1431755,Coalescence-F2-E10-AA-AE-mGAM-mBHI-3_S681,102316
29,C_E7_A10_AE_AA_mGAM_mGAM_6_S247,1,1413289,Coalescence-F2-E10-AA-AE-mGAM-mBHI-3_S681,102316
30,C_E9_E2_AA_AA_mBHI_mGAM_4_S249,5,1403356,Coalescence-F2-E10-AA-AE-mGAM-mBHI-3_S681,102316
31,C_E11_E4_AE_AA_mBHI_mGAM_4_S251,0,1422885,Coalescence-F2-E10-AA-AE-mGAM-mBHI-3_S681,102316
32,D_A6_A9_ACPP_AA_mGAM_mBHI_6_S294,0,1440130,Coalescence-F2-E10-AA-AE-mGAM-mBHI-3_S681,102316
33,D_A7_A10_AE_AA_mGAM_mBHI_6_S295,0,1433602,Coalescence-F2-E10-AA-AE-mGAM-mBHI-3_S681,102316
34,D_A8_A11_AF_AA_mGAM_mBHI_6_S296,11,1436671,Coalescence-F2-E10-AA-AE-mGAM-mBHI-3_S681,102316
35,D_A9_E8_AA_AA_mGAM_mBHI_4_S297,1,1437286,Coalescence-F2-E10-AA-AE-mGAM-mBHI-3_S681,102316
36,D_A12_E11_AF_AA_mGAM_mBHI_4_S300,12,1396823,Coalescence-F2-E10-AA-AE-mGAM-mBHI-3_S681,102316
37,D_C8_C11_AF_AE_mGAM_mBHI_6_S320,21599,1292174,Coalescence-F2-E10-AA-AE-mGAM-mBHI-3_S681,102316
38,D_C9_G8_AA_AE_mGAM_mBHI_4_S321,0,1110163,Coalescence-F2-E10-AA-AE-mGAM-mBHI-3_S681,102316
39,D_C12_G11_AF_AE_mGAM_mBHI_4_S324,22496,1330220,Coalescence-F2-E10-AA-AE-mGAM-mBHI-3_S681,102316
40,D_D7_D10_AE_AF_mGAM_mBHI_6_S331,22538,1338259,Coalescence-F2-E10-AA-AE-mGAM-mBHI-3_S681,102316
41,D_D11_H10_AE_AF_mGAM_mBHI_4_S335,22158,1308265,Coalescence-F2-E10-AA-AE-mGAM-mBHI-3_S681,102316
42,D_E1_A2_AA_AA_mBHI_mGAM_6_S337,3,1436963,Coalescence-F2-E10-AA-AE-mGAM-mBHI-3_S681,102316
43,D_E3_A4_AE_AA_mBHI_mGAM_6_S339,1,1417311,Coalescence-F2-E10-AA-AE-mGAM-mBHI-3_S681,102316
44,D_E6_A9_ACPP_AA_mGAM_mGAM_6_S342,20,1303681,Coalescence-F2-E10-AA-AE-mGAM-mBHI-3_S681,102316
45,D_E7_A10_AE_AA_mGAM_mGAM_6_S343,1,1343749,Coalescence-F2-E10-AA-AE-mGAM-mBHI-3_S681,102316
46,D_E9_E8_AA_AA_mGAM_mGAM_4_S345,56,1400809,Coalescence-F2-E10-AA-AE-mGAM-mBHI-3_S681,102316
47,D_E11_E10_AE_AA_mGAM_mGAM_4_S347,4,1397326,Coalescence-F2-E10-AA-AE-mGAM-mBHI-3_S681,102316
48,D_G1_C2_AA_AE_mBHI_mGAM_6_S361,13,712918,Coalescence-F2-E10-AA-AE-mGAM-mBHI-3_S681,102316
49,D_H5_D8_AA_AF_mGAM_mGAM_6_S377,4302,1125549,Coalescence-F2-E10-AA-AE-mGAM-mBHI-3_S681,102316
50,D10-e003Coalescence-mBHI-p3,12126,721454,Coalescence-F2-E10-AA-AE-mGAM-mBHI-3_S681,102316
51,C2-e003Coalescence-mGAM-p7,78,1453552,Coalescence-F2-E10-AA-AE-mGAM-mBHI-3_S681,102316
52,D10-e003Coalescence-mBHI-p5,11979,723373,Coalescence-F2-E10-AA-AE-mGAM-mBHI-3_S681,102316
53,D8-e003Coalescence-mBHI-p5,109,795854,Coalescence-F2-E10-AA-AE-mGAM-mBHI-3_S681,102316
54,A8-e003Coalescence-mBHI-p7,71,1437763,Coalescence-F2-E10-AA-AE-mGAM-mBHI-3_S681,102316
55,A10-e003Coalescence-mGAM-p3,46,960054,Coalescence-F2-E10-AA-AE-mGAM-mBHI-3_S681,102316
56,A8-e003Coalescence-mBHI-p5,32,1099058,Coalescence-F2-E10-AA-AE-mGAM-mBHI-3_S681,102316
57,A10-e003Coalescence-mBHI-p7,58,1171728,Coalescence-F2-E10-AA-AE-mGAM-mBHI-3_S681,102316
58,A2-e003Coalescence-mGAM-p5,53,1119246,Coalescence-F2-E10-AA-AE-mGAM-mBHI-3_S681,102316
59,C8-e003Coalescence-mBHI-p5,42,1251387,Coalescence-F2-E10-AA-AE-mGAM-mBHI-3_S681,102316
60,A11-e003Coalescence-mBHI-p3,73,1455400,Coalescence-F2-E10-AA-AE-mGAM-mBHI-3_S681,102316
61,E2-e003Coalescence-mGAM-p7_S145,7,960650,Coalescence-F2-E10-AA-AE-mGAM-mBHI-3_S681,102316
62,E8-e003Coalescence-mBHI-p5_S5,0,1129168,Coalescence-F2-E10-AA-AE-mGAM-mBHI-3_S681,102316
63,H111-e003Coalescence-mBHI-p3_S144,20762,1229895,Coalescence-F2-E10-AA-AE-mGAM-mBHI-3_S681,102316
64,E100-e003Coalescence-mGAM-p3_S155,10,1310955,Coalescence-F2-E10-AA-AE-mGAM-mBHI-3_S681,102316
65,E111-e003Coalescence-mBHI-p5_S8,55,719187,Coalescence-F2-E10-AA-AE-mGAM-mBHI-3_S681,102316
66,H100-e003Coalescence-mBHI-p5_S43,17140,1043416,Coalescence-F2-E10-AA-AE-mGAM-mBHI-3_S681,102316
67,H8-e003Coalescence-mBHI-p7_S137,23,1241668,Coalescence-F2-E10-AA-AE-mGAM-mBHI-3_S681,102316
68,G8-e003Coalescence-mGAM-p5_S77,19,1348310,Coalescence-F2-E10-AA-AE-mGAM-mBHI-3_S681,102316
69,H8-e003Coalescence-mBHI-p5_S41,12,797551,Coalescence-F2-E10-AA-AE-mGAM-mBHI-3_S681,102316
70,E100-e003Coalescence-mBHI-p5_S7,0,890217,Coalescence-F2-E10-AA-AE-mGAM-mBHI-3_S681,102316
71,E100-e003Coalescence-mGAM-p5_S55,3,809705,Coalescence-F2-E10-AA-AE-mGAM-mBHI-3_S681,102316
72,H111-e003Coalescence-mBHI-p5_S44,10839,674095,Coalescence-F2-E10-AA-AE-mGAM-mBHI-3_S681,102316
73,E2-e003Coalescence-mGAM-p3_S57,6,1046865,Coalescence-F2-E10-AA-AE-mGAM-mBHI-3_S681,102316
74,H100-e003Coalescence-mBHI-p7_S139,21365,1277434,Coalescence-F2-E10-AA-AE-mGAM-mBHI-3_S681,102316
75,G8-e003Coalescence-mBHI-p5_S29,0,748494,Coalescence-F2-E10-AA-AE-mGAM-mBHI-3_S681,102316
76,E8-e003Coalescence-mBHI-p3_S105,1,1300226,Coalescence-F2-E10-AA-AE-mGAM-mBHI-3_S681,102316
77,E8-e003Coalescence-mGAM-p7_S149,43,1417361,Coalescence-F2-E10-AA-AE-mGAM-mBHI-3_S681,102316
78,H8-e003Coalescence-mGAM-p7_S185,5364,983015,Coalescence-F2-E10-AA-AE-mGAM-mBHI-3_S681,102316
79,A2-e003Coalescence-Inoculumn-mGAM,63,766653,Coalescence-F2-E10-AA-AE-mGAM-mBHI-3_S681,102316
80,B8-e003Coalescence-mBHI-p1_S749,56,1268450,Coalescence-F2-E10-AA-AE-mGAM-mBHI-3_S681,102316
81,A8-e003Coalescence-mBHI-p1_S748,1,1289758,Coalescence-F2-E10-AA-AE-mGAM-mBHI-3_S681,102316
82,H8-e003Coalescence-mBHI-p1_S815,20,1218424,Coalescence-F2-E10-AA-AE-mGAM-mBHI-3_S681,102316
83,E8-e003Coalescence-mBHI-p1_S812,4,1401516,Coalescence-F2-E10-AA-AE-mGAM-mBHI-3_S681,102316
84,G8-e003Coalescence-mGAM-p1_S818,15,827892,Coalescence-F2-E10-AA-AE-mGAM-mBHI-3_S681,102316
85,D8-e003Coalescence-mGAM-p1_S755,26,701330,Coalescence-F2-E10-AA-AE-mGAM-mBHI-3_S681,102316
86,A9-e003Coalescence-mBHI-p1_S756,61,1437416,Coalescence-F2-E10-AA-AE-mGAM-mBHI-3_S681,102316
87,E11-e003Coalescence-mBHI-p1_S836,9,1451168,Coalescence-F2-E10-AA-AE-mGAM-mBHI-3_S681,102316
88,A10-e003Coalescence-mBHI-p1_S764,0,1193259,Coalescence-F2-E10-AA-AE-mGAM-mBHI-3_S681,102316
89,A11-e003Coalescence-mBHI-p1_S772,13,1248804,Coalescence-F2-E10-AA-AE-mGAM-mBHI-3_S681,102316
90,Coalescence-F2-E10-AA-AE-mGAM-mBHI-3_S681,0,1425787,Coalescence-F2-E10-AA-AE-mGAM-mBHI-3_S681,102316
91,Coalescence-E8-D11-AF-AF-mGAM-mBHI-3_S675,18840,1135698,Coalescence-F2-E10-AA-AE-mGAM-mBHI-3_S681,102316
92,Coalescence-F10-H8-AA-AF-mGAM-mGAM-3_S689,126,1095751,Coalescence-F2-E10-AA-AE-mGAM-mBHI-3_S681,102316
93,Coalescence-A10-C11-AE-AF-mGAM-mBHI-7_S629,11335,698926,Coalescence-F2-E10-AA-AE-mGAM-mBHI-3_S681,102316
94,C_E2_e003Assembly_S242,18,781119,Coalescence-F2-E10-AA-AE-mGAM-mBHI-3_S681,102316
0,A_A5_A8_AA_AA_mGAM_mBHI_2_S5,18779,1417316,Coalescence-E8-D11-AF-AF-mGAM-mBHI-3_S675,102316
1,A_A8_A11_AF_AA_mGAM_mBHI_2_S8,11713,1079879,Coalescence-E8-D11-AF-AF-mGAM-mBHI-3_S675,102316
2,A_C5_C8_AA_AE_mGAM_mBHI_2_S29,18801,1427638,Coalescence-E8-D11-AF-AF-mGAM-mBHI-3_S675,102316
3,A_D5_D8_AA_AF_mGAM_mBHI_2_S41,8902,966462,Coalescence-E8-D11-AF-AF-mGAM-mBHI-3_S675,102316
4,A_D8_D11_AF_AF_mGAM_mBHI_2_S44,0,1169381,Coalescence-E8-D11-AF-AF-mGAM-mBHI-3_S675,102316
5,A_E5_A8_AA_AA_mGAM_mGAM_2_S53,13283,1019189,Coalescence-E8-D11-AF-AF-mGAM-mBHI-3_S675,102316
6,A_E9_A2_AA_AA_mBHI_mGAM_4_S57,18647,1413231,Coalescence-E8-D11-AF-AF-mGAM-mBHI-3_S675,102316
7,A_G1_C2_AA_AE_mBHI_mGAM_2_S73,9080,712175,Coalescence-E8-D11-AF-AF-mGAM-mBHI-3_S675,102316
8,A_G5_C8_AA_AE_mGAM_mGAM_2_S77,18637,1416857,Coalescence-E8-D11-AF-AF-mGAM-mBHI-3_S675,102316
9,A_G9_C2_AA_AE_mBHI_mGAM_4_S81,18403,1411062,Coalescence-E8-D11-AF-AF-mGAM-mBHI-3_S675,102316
10,B_A5_E8_AA_AA_mGAM_mBHI_2_S101,18836,1425704,Coalescence-E8-D11-AF-AF-mGAM-mBHI-3_S675,102316
11,B_A6_E9_ACPP_AA_mGAM_mBHI_2_S102,14606,1117375,Coalescence-E8-D11-AF-AF-mGAM-mBHI-3_S675,102316
12,B_A7_E10_AE_AA_mGAM_mBHI_2_S103,18907,1427518,Coalescence-E8-D11-AF-AF-mGAM-mBHI-3_S675,102316
13,B_A11_A10_AE_AA_mGAM_mBHI_4_S107,18234,1383768,Coalescence-E8-D11-AF-AF-mGAM-mBHI-3_S675,102316
14,B_A12_A11_AF_AA_mGAM_mBHI_4_S108,15983,1434911,Coalescence-E8-D11-AF-AF-mGAM-mBHI-3_S675,102316
15,B_C12_C11_AF_AE_mGAM_mBHI_4_S132,0,1052319,Coalescence-E8-D11-AF-AF-mGAM-mBHI-3_S675,102316
16,B_D7_H10_AE_AF_mGAM_mBHI_2_S139,2,1353892,Coalescence-E8-D11-AF-AF-mGAM-mBHI-3_S675,102316
17,B_D11_D10_AE_AF_mGAM_mBHI_4_S143,11,1203283,Coalescence-E8-D11-AF-AF-mGAM-mBHI-3_S675,102316
18,B_E5_E8_AA_AA_mGAM_mGAM_2_S149,12178,946657,Coalescence-E8-D11-AF-AF-mGAM-mBHI-3_S675,102316
19,B_E7_E10_AE_AA_mGAM_mGAM_2_S151,18976,1444031,Coalescence-E8-D11-AF-AF-mGAM-mBHI-3_S675,102316
20,B_E8_E11_AF_AA_mGAM_mGAM_2_S152,9234,849793,Coalescence-E8-D11-AF-AF-mGAM-mBHI-3_S675,102316
21,B_E11_A10_AE_AA_mGAM_mGAM_4_S155,13254,1028220,Coalescence-E8-D11-AF-AF-mGAM-mBHI-3_S675,102316
22,B_G1_G2_AA_AE_mBHI_mGAM_2_S169,13400,1033473,Coalescence-E8-D11-AF-AF-mGAM-mBHI-3_S675,102316
23,B_H5_H8_AA_AF_mGAM_mGAM_2_S185,14322,1427983,Coalescence-E8-D11-AF-AF-mGAM-mBHI-3_S675,102316
24,C_C5_C8_AA_AE_mGAM_mBHI_6_S221,12744,977407,Coalescence-E8-D11-AF-AF-mGAM-mBHI-3_S675,102316
25,C_C8_C11_AF_AE_mGAM_mBHI_6_S224,6,1218207,Coalescence-E8-D11-AF-AF-mGAM-mBHI-3_S675,102316
26,C_D5_D8_AA_AF_mGAM_mBHI_6_S233,8694,1127572,Coalescence-E8-D11-AF-AF-mGAM-mBHI-3_S675,102316
27,C_D7_D10_AE_AF_mGAM_mBHI_6_S235,11,1404179,Coalescence-E8-D11-AF-AF-mGAM-mBHI-3_S675,102316
28,C_E5_A8_AA_AA_mGAM_mGAM_6_S245,18855,1431755,Coalescence-E8-D11-AF-AF-mGAM-mBHI-3_S675,102316
29,C_E7_A10_AE_AA_mGAM_mGAM_6_S247,18644,1413289,Coalescence-E8-D11-AF-AF-mGAM-mBHI-3_S675,102316
30,C_E9_E2_AA_AA_mBHI_mGAM_4_S249,18411,1403356,Coalescence-E8-D11-AF-AF-mGAM-mBHI-3_S675,102316
31,C_E11_E4_AE_AA_mBHI_mGAM_4_S251,18689,1422885,Coalescence-E8-D11-AF-AF-mGAM-mBHI-3_S675,102316
32,D_A6_A9_ACPP_AA_mGAM_mBHI_6_S294,19030,1440130,Coalescence-E8-D11-AF-AF-mGAM-mBHI-3_S675,102316
33,D_A7_A10_AE_AA_mGAM_mBHI_6_S295,19021,1433602,Coalescence-E8-D11-AF-AF-mGAM-mBHI-3_S675,102316
34,D_A8_A11_AF_AA_mGAM_mBHI_6_S296,14253,1436671,Coalescence-E8-D11-AF-AF-mGAM-mBHI-3_S675,102316
35,D_A9_E8_AA_AA_mGAM_mBHI_4_S297,19048,1437286,Coalescence-E8-D11-AF-AF-mGAM-mBHI-3_S675,102316
36,D_A12_E11_AF_AA_mGAM_mBHI_4_S300,14981,1396823,Coalescence-E8-D11-AF-AF-mGAM-mBHI-3_S675,102316
37,D_C8_C11_AF_AE_mGAM_mBHI_6_S320,5,1292174,Coalescence-E8-D11-AF-AF-mGAM-mBHI-3_S675,102316
38,D_C9_G8_AA_AE_mGAM_mBHI_4_S321,14420,1110163,Coalescence-E8-D11-AF-AF-mGAM-mBHI-3_S675,102316
39,D_C12_G11_AF_AE_mGAM_mBHI_4_S324,1,1330220,Coalescence-E8-D11-AF-AF-mGAM-mBHI-3_S675,102316
40,D_D7_D10_AE_AF_mGAM_mBHI_6_S331,3,1338259,Coalescence-E8-D11-AF-AF-mGAM-mBHI-3_S675,102316
41,D_D11_H10_AE_AF_mGAM_mBHI_4_S335,8,1308265,Coalescence-E8-D11-AF-AF-mGAM-mBHI-3_S675,102316
42,D_E1_A2_AA_AA_mBHI_mGAM_6_S337,18894,1436963,Coalescence-E8-D11-AF-AF-mGAM-mBHI-3_S675,102316
43,D_E3_A4_AE_AA_mBHI_mGAM_6_S339,18577,1417311,Coalescence-E8-D11-AF-AF-mGAM-mBHI-3_S675,102316
44,D_E6_A9_ACPP_AA_mGAM_mGAM_6_S342,17190,1303681,Coalescence-E8-D11-AF-AF-mGAM-mBHI-3_S675,102316
45,D_E7_A10_AE_AA_mGAM_mGAM_6_S343,17694,1343749,Coalescence-E8-D11-AF-AF-mGAM-mBHI-3_S675,102316
46,D_E9_E8_AA_AA_mGAM_mGAM_4_S345,18568,1400809,Coalescence-E8-D11-AF-AF-mGAM-mBHI-3_S675,102316
47,D_E11_E10_AE_AA_mGAM_mGAM_4_S347,18532,1397326,Coalescence-E8-D11-AF-AF-mGAM-mBHI-3_S675,102316
48,D_G1_C2_AA_AE_mBHI_mGAM_6_S361,9063,712918,Coalescence-E8-D11-AF-AF-mGAM-mBHI-3_S675,102316
49,D_H5_D8_AA_AF_mGAM_mGAM_6_S377,447,1125549,Coalescence-E8-D11-AF-AF-mGAM-mBHI-3_S675,102316
50,D10-e003Coalescence-mBHI-p3,29,721454,Coalescence-E8-D11-AF-AF-mGAM-mBHI-3_S675,102316
51,C2-e003Coalescence-mGAM-p7,19258,1453552,Coalescence-E8-D11-AF-AF-mGAM-mBHI-3_S675,102316
52,D10-e003Coalescence-mBHI-p5,35,723373,Coalescence-E8-D11-AF-AF-mGAM-mBHI-3_S675,102316
53,D8-e003Coalescence-mBHI-p5,6855,795854,Coalescence-E8-D11-AF-AF-mGAM-mBHI-3_S675,102316
54,A8-e003Coalescence-mBHI-p7,19330,1437763,Coalescence-E8-D11-AF-AF-mGAM-mBHI-3_S675,102316
55,A10-e003Coalescence-mGAM-p3,12658,960054,Coalescence-E8-D11-AF-AF-mGAM-mBHI-3_S675,102316
56,A8-e003Coalescence-mBHI-p5,14618,1099058,Coalescence-E8-D11-AF-AF-mGAM-mBHI-3_S675,102316
57,A10-e003Coalescence-mBHI-p7,15568,1171728,Coalescence-E8-D11-AF-AF-mGAM-mBHI-3_S675,102316
58,A2-e003Coalescence-mGAM-p5,14824,1119246,Coalescence-E8-D11-AF-AF-mGAM-mBHI-3_S675,102316
59,C8-e003Coalescence-mBHI-p5,16600,1251387,Coalescence-E8-D11-AF-AF-mGAM-mBHI-3_S675,102316
60,A11-e003Coalescence-mBHI-p3,17887,1455400,Coalescence-E8-D11-AF-AF-mGAM-mBHI-3_S675,102316
61,E2-e003Coalescence-mGAM-p7_S145,12431,960650,Coalescence-E8-D11-AF-AF-mGAM-mBHI-3_S675,102316
62,E8-e003Coalescence-mBHI-p5_S5,14690,1129168,Coalescence-E8-D11-AF-AF-mGAM-mBHI-3_S675,102316
63,H111-e003Coalescence-mBHI-p3_S144,0,1229895,Coalescence-E8-D11-AF-AF-mGAM-mBHI-3_S675,102316
64,E100-e003Coalescence-mGAM-p3_S155,17162,1310955,Coalescence-E8-D11-AF-AF-mGAM-mBHI-3_S675,102316
65,E111-e003Coalescence-mBHI-p5_S8,6724,719187,Coalescence-E8-D11-AF-AF-mGAM-mBHI-3_S675,102316
66,H100-e003Coalescence-mBHI-p5_S43,2,1043416,Coalescence-E8-D11-AF-AF-mGAM-mBHI-3_S675,102316
67,H8-e003Coalescence-mBHI-p7_S137,14987,1241668,Coalescence-E8-D11-AF-AF-mGAM-mBHI-3_S675,102316
68,G8-e003Coalescence-mGAM-p5_S77,17608,1348310,Coalescence-E8-D11-AF-AF-mGAM-mBHI-3_S675,102316
69,H8-e003Coalescence-mBHI-p5_S41,9898,797551,Coalescence-E8-D11-AF-AF-mGAM-mBHI-3_S675,102316
70,E100-e003Coalescence-mBHI-p5_S7,11268,890217,Coalescence-E8-D11-AF-AF-mGAM-mBHI-3_S675,102316
71,E100-e003Coalescence-mGAM-p5_S55,10320,809705,Coalescence-E8-D11-AF-AF-mGAM-mBHI-3_S675,102316
72,H111-e003Coalescence-mBHI-p5_S44,1,674095,Coalescence-E8-D11-AF-AF-mGAM-mBHI-3_S675,102316
73,E2-e003Coalescence-mGAM-p3_S57,13440,1046865,Coalescence-E8-D11-AF-AF-mGAM-mBHI-3_S675,102316
74,H100-e003Coalescence-mBHI-p7_S139,15,1277434,Coalescence-E8-D11-AF-AF-mGAM-mBHI-3_S675,102316
75,G8-e003Coalescence-mBHI-p5_S29,9631,748494,Coalescence-E8-D11-AF-AF-mGAM-mBHI-3_S675,102316
76,E8-e003Coalescence-mBHI-p3_S105,16974,1300226,Coalescence-E8-D11-AF-AF-mGAM-mBHI-3_S675,102316
77,E8-e003Coalescence-mGAM-p7_S149,18629,1417361,Coalescence-E8-D11-AF-AF-mGAM-mBHI-3_S675,102316
78,H8-e003Coalescence-mGAM-p7_S185,409,983015,Coalescence-E8-D11-AF-AF-mGAM-mBHI-3_S675,102316
79,A2-e003Coalescence-Inoculumn-mGAM,10355,766653,Coalescence-E8-D11-AF-AF-mGAM-mBHI-3_S675,102316
80,B8-e003Coalescence-mBHI-p1_S749,16616,1268450,Coalescence-E8-D11-AF-AF-mGAM-mBHI-3_S675,102316
81,A8-e003Coalescence-mBHI-p1_S748,16834,1289758,Coalescence-E8-D11-AF-AF-mGAM-mBHI-3_S675,102316
82,H8-e003Coalescence-mBHI-p1_S815,13501,1218424,Coalescence-E8-D11-AF-AF-mGAM-mBHI-3_S675,102316
83,E8-e003Coalescence-mBHI-p1_S812,18478,1401516,Coalescence-E8-D11-AF-AF-mGAM-mBHI-3_S675,102316
84,G8-e003Coalescence-mGAM-p1_S818,10850,827892,Coalescence-E8-D11-AF-AF-mGAM-mBHI-3_S675,102316
85,D8-e003Coalescence-mGAM-p1_S755,7952,701330,Coalescence-E8-D11-AF-AF-mGAM-mBHI-3_S675,102316
86,A9-e003Coalescence-mBHI-p1_S756,18939,1437416,Coalescence-E8-D11-AF-AF-mGAM-mBHI-3_S675,102316
87,E11-e003Coalescence-mBHI-p1_S836,18291,1451168,Coalescence-E8-D11-AF-AF-mGAM-mBHI-3_S675,102316
88,A10-e003Coalescence-mBHI-p1_S764,15422,1193259,Coalescence-E8-D11-AF-AF-mGAM-mBHI-3_S675,102316
89,A11-e003Coalescence-mBHI-p1_S772,14468,1248804,Coalescence-E8-D11-AF-AF-mGAM-mBHI-3_S675,102316
90,Coalescence-F2-E10-AA-AE-mGAM-mBHI-3_S681,18840,1425787,Coalescence-E8-D11-AF-AF-mGAM-mBHI-3_S675,102316
91,Coalescence-E8-D11-AF-AF-mGAM-mBHI-3_S675,0,1135698,Coalescence-E8-D11-AF-AF-mGAM-mBHI-3_S675,102316
92,Coalescence-F10-H8-AA-AF-mGAM-mGAM-3_S689,7923,1095751,Coalescence-E8-D11-AF-AF-mGAM-mBHI-3_S675,102316
93,Coalescence-A10-C11-AE-AF-mGAM-mBHI-7_S629,1,698926,Coalescence-E8-D11-AF-AF-mGAM-mBHI-3_S675,102316
94,C_E2_e003Assembly_S242,10072,781119,Coalescence-E8-D11-AF-AF-mGAM-mBHI-3_S675,102316
0,A_A5_A8_AA_AA_mGAM_mBHI_2_S5,118,1417316,Coalescence-F10-H8-AA-AF-mGAM-mGAM-3_S689,102316
1,A_A8_A11_AF_AA_mGAM_mBHI_2_S8,47,1079879,Coalescence-F10-H8-AA-AF-mGAM-mGAM-3_S689,102316
2,A_C5_C8_AA_AE_mGAM_mBHI_2_S29,117,1427638,Coalescence-F10-H8-AA-AF-mGAM-mGAM-3_S689,102316
3,A_D5_D8_AA_AF_mGAM_mBHI_2_S41,45,966462,Coalescence-F10-H8-AA-AF-mGAM-mGAM-3_S689,102316
4,A_D8_D11_AF_AF_mGAM_mBHI_2_S44,8111,1169381,Coalescence-F10-H8-AA-AF-mGAM-mGAM-3_S689,102316
5,A_E5_A8_AA_AA_mGAM_mGAM_2_S53,107,1019189,Coalescence-F10-H8-AA-AF-mGAM-mGAM-3_S689,102316
6,A_E9_A2_AA_AA_mBHI_mGAM_4_S57,152,1413231,Coalescence-F10-H8-AA-AF-mGAM-mGAM-3_S689,102316
7,A_G1_C2_AA_AE_mBHI_mGAM_2_S73,56,712175,Coalescence-F10-H8-AA-AF-mGAM-mGAM-3_S689,102316
8,A_G5_C8_AA_AE_mGAM_mGAM_2_S77,173,1416857,Coalescence-F10-H8-AA-AF-mGAM-mGAM-3_S689,102316
9,A_G9_C2_AA_AE_mBHI_mGAM_4_S81,136,1411062,Coalescence-F10-H8-AA-AF-mGAM-mGAM-3_S689,102316
10,B_A5_E8_AA_AA_mGAM_mBHI_2_S101,125,1425704,Coalescence-F10-H8-AA-AF-mGAM-mGAM-3_S689,102316
11,B_A6_E9_ACPP_AA_mGAM_mBHI_2_S102,125,1117375,Coalescence-F10-H8-AA-AF-mGAM-mGAM-3_S689,102316
12,B_A7_E10_AE_AA_mGAM_mBHI_2_S103,113,1427518,Coalescence-F10-H8-AA-AF-mGAM-mGAM-3_S689,102316
13,B_A11_A10_AE_AA_mGAM_mBHI_4_S107,121,1383768,Coalescence-F10-H8-AA-AF-mGAM-mGAM-3_S689,102316
14,B_A12_A11_AF_AA_mGAM_mBHI_4_S108,95,1434911,Coalescence-F10-H8-AA-AF-mGAM-mGAM-3_S689,102316
15,B_C12_C11_AF_AE_mGAM_mBHI_4_S132,7200,1052319,Coalescence-F10-H8-AA-AF-mGAM-mGAM-3_S689,102316
16,B_D7_H10_AE_AF_mGAM_mBHI_2_S139,9494,1353892,Coalescence-F10-H8-AA-AF-mGAM-mGAM-3_S689,102316
17,B_D11_D10_AE_AF_mGAM_mBHI_4_S143,8243,1203283,Coalescence-F10-H8-AA-AF-mGAM-mGAM-3_S689,102316
18,B_E5_E8_AA_AA_mGAM_mGAM_2_S149,97,946657,Coalescence-F10-H8-AA-AF-mGAM-mGAM-3_S689,102316
19,B_E7_E10_AE_AA_mGAM_mGAM_2_S151,136,1444031,Coalescence-F10-H8-AA-AF-mGAM-mGAM-3_S689,102316
20,B_E8_E11_AF_AA_mGAM_mGAM_2_S152,54,849793,Coalescence-F10-H8-AA-AF-mGAM-mGAM-3_S689,102316
21,B_E11_A10_AE_AA_mGAM_mGAM_4_S155,69,1028220,Coalescence-F10-H8-AA-AF-mGAM-mGAM-3_S689,102316
22,B_G1_G2_AA_AE_mBHI_mGAM_2_S169,116,1033473,Coalescence-F10-H8-AA-AF-mGAM-mGAM-3_S689,102316
23,B_H5_H8_AA_AF_mGAM_mGAM_2_S185,86,1427983,Coalescence-F10-H8-AA-AF-mGAM-mGAM-3_S689,102316
24,C_C5_C8_AA_AE_mGAM_mBHI_6_S221,75,977407,Coalescence-F10-H8-AA-AF-mGAM-mGAM-3_S689,102316
25,C_C8_C11_AF_AE_mGAM_mBHI_6_S224,8495,1218207,Coalescence-F10-H8-AA-AF-mGAM-mGAM-3_S689,102316
26,C_D5_D8_AA_AF_mGAM_mBHI_6_S233,65,1127572,Coalescence-F10-H8-AA-AF-mGAM-mGAM-3_S689,102316
27,C_D7_D10_AE_AF_mGAM_mBHI_6_S235,9899,1404179,Coalescence-F10-H8-AA-AF-mGAM-mGAM-3_S689,102316
28,C_E5_A8_AA_AA_mGAM_mGAM_6_S245,174,1431755,Coalescence-F10-H8-AA-AF-mGAM-mGAM-3_S689,102316
29,C_E7_A10_AE_AA_mGAM_mGAM_6_S247,128,1413289,Coalescence-F10-H8-AA-AF-mGAM-mGAM-3_S689,102316
30,C_E9_E2_AA_AA_mBHI_mGAM_4_S249,123,1403356,Coalescence-F10-H8-AA-AF-mGAM-mGAM-3_S689,102316
31,C_E11_E4_AE_AA_mBHI_mGAM_4_S251,137,1422885,Coalescence-F10-H8-AA-AF-mGAM-mGAM-3_S689,102316
32,D_A6_A9_ACPP_AA_mGAM_mBHI_6_S294,123,1440130,Coalescence-F10-H8-AA-AF-mGAM-mGAM-3_S689,102316
33,D_A7_A10_AE_AA_mGAM_mBHI_6_S295,126,1433602,Coalescence-F10-H8-AA-AF-mGAM-mGAM-3_S689,102316
34,D_A8_A11_AF_AA_mGAM_mBHI_6_S296,90,1436671,Coalescence-F10-H8-AA-AF-mGAM-mGAM-3_S689,102316
35,D_A9_E8_AA_AA_mGAM_mBHI_4_S297,124,1437286,Coalescence-F10-H8-AA-AF-mGAM-mGAM-3_S689,102316
36,D_A12_E11_AF_AA_mGAM_mBHI_4_S300,75,1396823,Coalescence-F10-H8-AA-AF-mGAM-mGAM-3_S689,102316
37,D_C8_C11_AF_AE_mGAM_mBHI_6_S320,8973,1292174,Coalescence-F10-H8-AA-AF-mGAM-mGAM-3_S689,102316
38,D_C9_G8_AA_AE_mGAM_mBHI_4_S321,81,1110163,Coalescence-F10-H8-AA-AF-mGAM-mGAM-3_S689,102316
39,D_C12_G11_AF_AE_mGAM_mBHI_4_S324,9353,1330220,Coalescence-F10-H8-AA-AF-mGAM-mGAM-3_S689,102316
40,D_D7_D10_AE_AF_mGAM_mBHI_6_S331,9380,1338259,Coalescence-F10-H8-AA-AF-mGAM-mGAM-3_S689,102316
41,D_D11_H10_AE_AF_mGAM_mBHI_4_S335,9193,1308265,Coalescence-F10-H8-AA-AF-mGAM-mGAM-3_S689,102316
42,D_E1_A2_AA_AA_mBHI_mGAM_6_S337,131,1436963,Coalescence-F10-H8-AA-AF-mGAM-mGAM-3_S689,102316
43,D_E3_A4_AE_AA_mBHI_mGAM_6_S339,139,1417311,Coalescence-F10-H8-AA-AF-mGAM-mGAM-3_S689,102316
44,D_E6_A9_ACPP_AA_mGAM_mGAM_6_S342,114,1303681,Coalescence-F10-H8-AA-AF-mGAM-mGAM-3_S689,102316
45,D_E7_A10_AE_AA_mGAM_mGAM_6_S343,112,1343749,Coalescence-F10-H8-AA-AF-mGAM-mGAM-3_S689,102316
46,D_E9_E8_AA_AA_mGAM_mGAM_4_S345,183,1400809,Coalescence-F10-H8-AA-AF-mGAM-mGAM-3_S689,102316
47,D_E11_E10_AE_AA_mGAM_mGAM_4_S347,114,1397326,Coalescence-F10-H8-AA-AF-mGAM-mGAM-3_S689,102316
48,D_G1_C2_AA_AE_mBHI_mGAM_6_S361,45,712918,Coalescence-F10-H8-AA-AF-mGAM-mGAM-3_S689,102316
49,D_H5_D8_AA_AF_mGAM_mGAM_6_S377,1728,1125549,Coalescence-F10-H8-AA-AF-mGAM-mGAM-3_S689,102316
50,D10-e003Coalescence-mBHI-p3,5091,721454,Coalescence-F10-H8-AA-AF-mGAM-mGAM-3_S689,102316
51,C2-e003Coalescence-mGAM-p7,197,1453552,Coalescence-F10-H8-AA-AF-mGAM-mGAM-3_S689,102316
52,D10-e003Coalescence-mBHI-p5,5059,723373,Coalescence-F10-H8-AA-AF-mGAM-mGAM-3_S689,102316
53,D8-e003Coalescence-mBHI-p5,82,795854,Coalescence-F10-H8-AA-AF-mGAM-mGAM-3_S689,102316
54,A8-e003Coalescence-mBHI-p7,175,1437763,Coalescence-F10-H8-AA-AF-mGAM-mGAM-3_S689,102316
55,A10-e003Coalescence-mGAM-p3,92,960054,Coalescence-F10-H8-AA-AF-mGAM-mGAM-3_S689,102316
56,A8-e003Coalescence-mBHI-p5,117,1099058,Coalescence-F10-H8-AA-AF-mGAM-mGAM-3_S689,102316
57,A10-e003Coalescence-mBHI-p7,133,1171728,Coalescence-F10-H8-AA-AF-mGAM-mGAM-3_S689,102316
58,A2-e003Coalescence-mGAM-p5,138,1119246,Coalescence-F10-H8-AA-AF-mGAM-mGAM-3_S689,102316
59,C8-e003Coalescence-mBHI-p5,137,1251387,Coalescence-F10-H8-AA-AF-mGAM-mGAM-3_S689,102316
60,A11-e003Coalescence-mBHI-p3,150,1455400,Coalescence-F10-H8-AA-AF-mGAM-mGAM-3_S689,102316
61,E2-e003Coalescence-mGAM-p7_S145,69,960650,Coalescence-F10-H8-AA-AF-mGAM-mGAM-3_S689,102316
62,E8-e003Coalescence-mBHI-p5_S5,96,1129168,Coalescence-F10-H8-AA-AF-mGAM-mGAM-3_S689,102316
63,H111-e003Coalescence-mBHI-p3_S144,8649,1229895,Coalescence-F10-H8-AA-AF-mGAM-mGAM-3_S689,102316
64,E100-e003Coalescence-mGAM-p3_S155,115,1310955,Coalescence-F10-H8-AA-AF-mGAM-mGAM-3_S689,102316
65,E111-e003Coalescence-mBHI-p5_S8,47,719187,Coalescence-F10-H8-AA-AF-mGAM-mGAM-3_S689,102316
66,H100-e003Coalescence-mBHI-p5_S43,7044,1043416,Coalescence-F10-H8-AA-AF-mGAM-mGAM-3_S689,102316
67,H8-e003Coalescence-mBHI-p7_S137,98,1241668,Coalescence-F10-H8-AA-AF-mGAM-mGAM-3_S689,102316
68,G8-e003Coalescence-mGAM-p5_S77,152,1348310,Coalescence-F10-H8-AA-AF-mGAM-mGAM-3_S689,102316
69,H8-e003Coalescence-mBHI-p5_S41,71,797551,Coalescence-F10-H8-AA-AF-mGAM-mGAM-3_S689,102316
70,E100-e003Coalescence-mBHI-p5_S7,58,890217,Coalescence-F10-H8-AA-AF-mGAM-mGAM-3_S689,102316
71,E100-e003Coalescence-mGAM-p5_S55,47,809705,Coalescence-F10-H8-AA-AF-mGAM-mGAM-3_S689,102316
72,H111-e003Coalescence-mBHI-p5_S44,4438,674095,Coalescence-F10-H8-AA-AF-mGAM-mGAM-3_S689,102316
73,E2-e003Coalescence-mGAM-p3_S57,99,1046865,Coalescence-F10-H8-AA-AF-mGAM-mGAM-3_S689,102316
74,H100-e003Coalescence-mBHI-p7_S139,8766,1277434,Coalescence-F10-H8-AA-AF-mGAM-mGAM-3_S689,102316
75,G8-e003Coalescence-mBHI-p5_S29,63,748494,Coalescence-F10-H8-AA-AF-mGAM-mGAM-3_S689,102316
76,E8-e003Coalescence-mBHI-p3_S105,108,1300226,Coalescence-F10-H8-AA-AF-mGAM-mGAM-3_S689,102316
77,E8-e003Coalescence-mGAM-p7_S149,188,1417361,Coalescence-F10-H8-AA-AF-mGAM-mGAM-3_S689,102316
78,H8-e003Coalescence-mGAM-p7_S185,2179,983015,Coalescence-F10-H8-AA-AF-mGAM-mGAM-3_S689,102316
79,A2-e003Coalescence-Inoculumn-mGAM,93,766653,Coalescence-F10-H8-AA-AF-mGAM-mGAM-3_S689,102316
80,B8-e003Coalescence-mBHI-p1_S749,153,1268450,Coalescence-F10-H8-AA-AF-mGAM-mGAM-3_S689,102316
81,A8-e003Coalescence-mBHI-p1_S748,117,1289758,Coalescence-F10-H8-AA-AF-mGAM-mGAM-3_S689,102316
82,H8-e003Coalescence-mBHI-p1_S815,85,1218424,Coalescence-F10-H8-AA-AF-mGAM-mGAM-3_S689,102316
83,E8-e003Coalescence-mBHI-p1_S812,127,1401516,Coalescence-F10-H8-AA-AF-mGAM-mGAM-3_S689,102316
84,G8-e003Coalescence-mGAM-p1_S818,65,827892,Coalescence-F10-H8-AA-AF-mGAM-mGAM-3_S689,102316
85,D8-e003Coalescence-mGAM-p1_S755,50,701330,Coalescence-F10-H8-AA-AF-mGAM-mGAM-3_S689,102316
86,A9-e003Coalescence-mBHI-p1_S756,159,1437416,Coalescence-F10-H8-AA-AF-mGAM-mGAM-3_S689,102316
87,E11-e003Coalescence-mBHI-p1_S836,112,1451168,Coalescence-F10-H8-AA-AF-mGAM-mGAM-3_S689,102316
88,A10-e003Coalescence-mBHI-p1_S764,89,1193259,Coalescence-F10-H8-AA-AF-mGAM-mGAM-3_S689,102316
89,A11-e003Coalescence-mBHI-p1_S772,95,1248804,Coalescence-F10-H8-AA-AF-mGAM-mGAM-3_S689,102316
90,Coalescence-F2-E10-AA-AE-mGAM-mBHI-3_S681,126,1425787,Coalescence-F10-H8-AA-AF-mGAM-mGAM-3_S689,102316
91,Coalescence-E8-D11-AF-AF-mGAM-mBHI-3_S675,7923,1135698,Coalescence-F10-H8-AA-AF-mGAM-mGAM-3_S689,102316
92,Coalescence-F10-H8-AA-AF-mGAM-mGAM-3_S689,0,1095751,Coalescence-F10-H8-AA-AF-mGAM-mGAM-3_S689,102316
93,Coalescence-A10-C11-AE-AF-mGAM-mBHI-7_S629,4659,698926,Coalescence-F10-H8-AA-AF-mGAM-mGAM-3_S689,102316
94,C_E2_e003Assembly_S242,53,781119,Coalescence-F10-H8-AA-AF-mGAM-mGAM-3_S689,102316
0,A_A5_A8_AA_AA_mGAM_mBHI_2_S5,11330,1417316,Coalescence-A10-C11-AE-AF-mGAM-mBHI-7_S629,102316
1,A_A8_A11_AF_AA_mGAM_mBHI_2_S8,7209,1079879,Coalescence-A10-C11-AE-AF-mGAM-mBHI-7_S629,102316
2,A_C5_C8_AA_AE_mGAM_mBHI_2_S29,11369,1427638,Coalescence-A10-C11-AE-AF-mGAM-mBHI-7_S629,102316
3,A_D5_D8_AA_AF_mGAM_mBHI_2_S41,5426,966462,Coalescence-A10-C11-AE-AF-mGAM-mBHI-7_S629,102316
4,A_D8_D11_AF_AF_mGAM_mBHI_2_S44,1,1169381,Coalescence-A10-C11-AE-AF-mGAM-mBHI-7_S629,102316
5,A_E5_A8_AA_AA_mGAM_mGAM_2_S53,8204,1019189,Coalescence-A10-C11-AE-AF-mGAM-mBHI-7_S629,102316
6,A_E9_A2_AA_AA_mBHI_mGAM_4_S57,11248,1413231,Coalescence-A10-C11-AE-AF-mGAM-mBHI-7_S629,102316
7,A_G1_C2_AA_AE_mBHI_mGAM_2_S73,5643,712175,Coalescence-A10-C11-AE-AF-mGAM-mBHI-7_S629,102316
8,A_G5_C8_AA_AE_mGAM_mGAM_2_S77,11240,1416857,Coalescence-A10-C11-AE-AF-mGAM-mBHI-7_S629,102316
9,A_G9_C2_AA_AE_mBHI_mGAM_4_S81,11081,1411062,Coalescence-A10-C11-AE-AF-mGAM-mBHI-7_S629,102316
10,B_A5_E8_AA_AA_mGAM_mBHI_2_S101,11328,1425704,Coalescence-A10-C11-AE-AF-mGAM-mBHI-7_S629,102316
11,B_A6_E9_ACPP_AA_mGAM_mBHI_2_S102,8905,1117375,Coalescence-A10-C11-AE-AF-mGAM-mBHI-7_S629,102316
12,B_A7_E10_AE_AA_mGAM_mBHI_2_S103,11375,1427518,Coalescence-A10-C11-AE-AF-mGAM-mBHI-7_S629,102316
13,B_A11_A10_AE_AA_mGAM_mBHI_4_S107,10982,1383768,Coalescence-A10-C11-AE-AF-mGAM-mBHI-7_S629,102316
14,B_A12_A11_AF_AA_mGAM_mBHI_4_S108,9578,1434911,Coalescence-A10-C11-AE-AF-mGAM-mBHI-7_S629,102316
15,B_C12_C11_AF_AE_mGAM_mBHI_4_S132,8,1052319,Coalescence-A10-C11-AE-AF-mGAM-mBHI-7_S629,102316
16,B_D7_H10_AE_AF_mGAM_mBHI_2_S139,1,1353892,Coalescence-A10-C11-AE-AF-mGAM-mBHI-7_S629,102316
17,B_D11_D10_AE_AF_mGAM_mBHI_4_S143,3,1203283,Coalescence-A10-C11-AE-AF-mGAM-mBHI-7_S629,102316
18,B_E5_E8_AA_AA_mGAM_mGAM_2_S149,7383,946657,Coalescence-A10-C11-AE-AF-mGAM-mBHI-7_S629,102316
19,B_E7_E10_AE_AA_mGAM_mGAM_2_S151,11438,1444031,Coalescence-A10-C11-AE-AF-mGAM-mBHI-7_S629,102316
20,B_E8_E11_AF_AA_mGAM_mGAM_2_S152,5573,849793,Coalescence-A10-C11-AE-AF-mGAM-mBHI-7_S629,102316
21,B_E11_A10_AE_AA_mGAM_mGAM_4_S155,8193,1028220,Coalescence-A10-C11-AE-AF-mGAM-mBHI-7_S629,102316
22,B_G1_G2_AA_AE_mBHI_mGAM_2_S169,8176,1033473,Coalescence-A10-C11-AE-AF-mGAM-mBHI-7_S629,102316
23,B_H5_H8_AA_AF_mGAM_mGAM_2_S185,8558,1427983,Coalescence-A10-C11-AE-AF-mGAM-mBHI-7_S629,102316
24,C_C5_C8_AA_AE_mGAM_mBHI_6_S221,7869,977407,Coalescence-A10-C11-AE-AF-mGAM-mBHI-7_S629,102316
25,C_C8_C11_AF_AE_mGAM_mBHI_6_S224,2,1218207,Coalescence-A10-C11-AE-AF-mGAM-mBHI-7_S629,102316
26,C_D5_D8_AA_AF_mGAM_mBHI_6_S233,5153,1127572,Coalescence-A10-C11-AE-AF-mGAM-mBHI-7_S629,102316
27,C_D7_D10_AE_AF_mGAM_mBHI_6_S235,1,1404179,Coalescence-A10-C11-AE-AF-mGAM-mBHI-7_S629,102316
28,C_E5_A8_AA_AA_mGAM_mGAM_6_S245,11372,1431755,Coalescence-A10-C11-AE-AF-mGAM-mBHI-7_S629,102316
29,C_E7_A10_AE_AA_mGAM_mGAM_6_S247,11282,1413289,Coalescence-A10-C11-AE-AF-mGAM-mBHI-7_S629,102316
30,C_E9_E2_AA_AA_mBHI_mGAM_4_S249,11090,1403356,Coalescence-A10-C11-AE-AF-mGAM-mBHI-7_S629,102316
31,C_E11_E4_AE_AA_mBHI_mGAM_4_S251,11312,1422885,Coalescence-A10-C11-AE-AF-mGAM-mBHI-7_S629,102316
32,D_A6_A9_ACPP_AA_mGAM_mBHI_6_S294,11459,1440130,Coalescence-A10-C11-AE-AF-mGAM-mBHI-7_S629,102316
33,D_A7_A10_AE_AA_mGAM_mBHI_6_S295,11424,1433602,Coalescence-A10-C11-AE-AF-mGAM-mBHI-7_S629,102316
34,D_A8_A11_AF_AA_mGAM_mBHI_6_S296,8547,1436671,Coalescence-A10-C11-AE-AF-mGAM-mBHI-7_S629,102316
35,D_A9_E8_AA_AA_mGAM_mBHI_4_S297,11482,1437286,Coalescence-A10-C11-AE-AF-mGAM-mBHI-7_S629,102316
36,D_A12_E11_AF_AA_mGAM_mBHI_4_S300,9121,1396823,Coalescence-A10-C11-AE-AF-mGAM-mBHI-7_S629,102316
37,D_C8_C11_AF_AE_mGAM_mBHI_6_S320,9,1292174,Coalescence-A10-C11-AE-AF-mGAM-mBHI-7_S629,102316
38,D_C9_G8_AA_AE_mGAM_mBHI_4_S321,8949,1110163,Coalescence-A10-C11-AE-AF-mGAM-mBHI-7_S629,102316
39,D_C12_G11_AF_AE_mGAM_mBHI_4_S324,5,1330220,Coalescence-A10-C11-AE-AF-mGAM-mBHI-7_S629,102316
40,D_D7_D10_AE_AF_mGAM_mBHI_6_S331,16,1338259,Coalescence-A10-C11-AE-AF-mGAM-mBHI-7_S629,102316
41,D_D11_H10_AE_AF_mGAM_mBHI_4_S335,2,1308265,Coalescence-A10-C11-AE-AF-mGAM-mBHI-7_S629,102316
42,D_E1_A2_AA_AA_mBHI_mGAM_6_S337,11349,1436963,Coalescence-A10-C11-AE-AF-mGAM-mBHI-7_S629,102316
43,D_E3_A4_AE_AA_mBHI_mGAM_6_S339,11218,1417311,Coalescence-A10-C11-AE-AF-mGAM-mBHI-7_S629,102316
44,D_E6_A9_ACPP_AA_mGAM_mGAM_6_S342,10438,1303681,Coalescence-A10-C11-AE-AF-mGAM-mBHI-7_S629,102316
45,D_E7_A10_AE_AA_mGAM_mGAM_6_S343,10733,1343749,Coalescence-A10-C11-AE-AF-mGAM-mBHI-7_S629,102316
46,D_E9_E8_AA_AA_mGAM_mGAM_4_S345,11184,1400809,Coalescence-A10-C11-AE-AF-mGAM-mBHI-7_S629,102316
47,D_E11_E10_AE_AA_mGAM_mGAM_4_S347,11235,1397326,Coalescence-A10-C11-AE-AF-mGAM-mBHI-7_S629,102316
48,D_G1_C2_AA_AE_mBHI_mGAM_6_S361,5696,712918,Coalescence-A10-C11-AE-AF-mGAM-mBHI-7_S629,102316
49,D_H5_D8_AA_AF_mGAM_mGAM_6_S377,281,1125549,Coalescence-A10-C11-AE-AF-mGAM-mBHI-7_S629,102316
50,D10-e003Coalescence-mBHI-p3,31,721454,Coalescence-A10-C11-AE-AF-mGAM-mBHI-7_S629,102316
51,C2-e003Coalescence-mGAM-p7,11572,1453552,Coalescence-A10-C11-AE-AF-mGAM-mBHI-7_S629,102316
52,D10-e003Coalescence-mBHI-p5,32,723373,Coalescence-A10-C11-AE-AF-mGAM-mBHI-7_S629,102316
53,D8-e003Coalescence-mBHI-p5,4257,795854,Coalescence-A10-C11-AE-AF-mGAM-mBHI-7_S629,102316
54,A8-e003Coalescence-mBHI-p7,11548,1437763,Coalescence-A10-C11-AE-AF-mGAM-mBHI-7_S629,102316
55,A10-e003Coalescence-mGAM-p3,7722,960054,Coalescence-A10-C11-AE-AF-mGAM-mBHI-7_S629,102316
56,A8-e003Coalescence-mBHI-p5,8798,1099058,Coalescence-A10-C11-AE-AF-mGAM-mBHI-7_S629,102316
57,A10-e003Coalescence-mBHI-p7,9325,1171728,Coalescence-A10-C11-AE-AF-mGAM-mBHI-7_S629,102316
58,A2-e003Coalescence-mGAM-p5,9047,1119246,Coalescence-A10-C11-AE-AF-mGAM-mBHI-7_S629,102316
59,C8-e003Coalescence-mBHI-p5,10085,1251387,Coalescence-A10-C11-AE-AF-mGAM-mBHI-7_S629,102316
60,A11-e003Coalescence-mBHI-p3,10751,1455400,Coalescence-A10-C11-AE-AF-mGAM-mBHI-7_S629,102316
61,E2-e003Coalescence-mGAM-p7_S145,7580,960650,Coalescence-A10-C11-AE-AF-mGAM-mBHI-7_S629,102316
62,E8-e003Coalescence-mBHI-p5_S5,8857,1129168,Coalescence-A10-C11-AE-AF-mGAM-mBHI-7_S629,102316
63,H111-e003Coalescence-mBHI-p3_S144,0,1229895,Coalescence-A10-C11-AE-AF-mGAM-mBHI-7_S629,102316
64,E100-e003Coalescence-mGAM-p3_S155,10411,1310955,Coalescence-A10-C11-AE-AF-mGAM-mBHI-7_S629,102316
65,E111-e003Coalescence-mBHI-p5_S8,4023,719187,Coalescence-A10-C11-AE-AF-mGAM-mBHI-7_S629,102316
66,H100-e003Coalescence-mBHI-p5_S43,4,1043416,Coalescence-A10-C11-AE-AF-mGAM-mBHI-7_S629,102316
67,H8-e003Coalescence-mBHI-p7_S137,8966,1241668,Coalescence-A10-C11-AE-AF-mGAM-mBHI-7_S629,102316
68,G8-e003Coalescence-mGAM-p5_S77,10683,1348310,Coalescence-A10-C11-AE-AF-mGAM-mBHI-7_S629,102316
69,H8-e003Coalescence-mBHI-p5_S41,5951,797551,Coalescence-A10-C11-AE-AF-mGAM-mBHI-7_S629,102316
70,E100-e003Coalescence-mBHI-p5_S7,6965,890217,Coalescence-A10-C11-AE-AF-mGAM-mBHI-7_S629,102316
71,E100-e003Coalescence-mGAM-p5_S55,6286,809705,Coalescence-A10-C11-AE-AF-mGAM-mBHI-7_S629,102316
72,H111-e003Coalescence-mBHI-p5_S44,2,674095,Coalescence-A10-C11-AE-AF-mGAM-mBHI-7_S629,102316
73,E2-e003Coalescence-mGAM-p3_S57,8208,1046865,Coalescence-A10-C11-AE-AF-mGAM-mBHI-7_S629,102316
74,H100-e003Coalescence-mBHI-p7_S139,3,1277434,Coalescence-A10-C11-AE-AF-mGAM-mBHI-7_S629,102316
75,G8-e003Coalescence-mBHI-p5_S29,5879,748494,Coalescence-A10-C11-AE-AF-mGAM-mBHI-7_S629,102316
76,E8-e003Coalescence-mBHI-p3_S105,10381,1300226,Coalescence-A10-C11-AE-AF-mGAM-mBHI-7_S629,102316
77,E8-e003Coalescence-mGAM-p7_S149,11222,1417361,Coalescence-A10-C11-AE-AF-mGAM-mBHI-7_S629,102316
78,H8-e003Coalescence-mGAM-p7_S185,234,983015,Coalescence-A10-C11-AE-AF-mGAM-mBHI-7_S629,102316
79,A2-e003Coalescence-Inoculumn-mGAM,6344,766653,Coalescence-A10-C11-AE-AF-mGAM-mBHI-7_S629,102316
80,B8-e003Coalescence-mBHI-p1_S749,10034,1268450,Coalescence-A10-C11-AE-AF-mGAM-mBHI-7_S629,102316
81,A8-e003Coalescence-mBHI-p1_S748,10265,1289758,Coalescence-A10-C11-AE-AF-mGAM-mBHI-7_S629,102316
82,H8-e003Coalescence-mBHI-p1_S815,8129,1218424,Coalescence-A10-C11-AE-AF-mGAM-mBHI-7_S629,102316
83,E8-e003Coalescence-mBHI-p1_S812,11188,1401516,Coalescence-A10-C11-AE-AF-mGAM-mBHI-7_S629,102316
84,G8-e003Coalescence-mGAM-p1_S818,6791,827892,Coalescence-A10-C11-AE-AF-mGAM-mBHI-7_S629,102316
85,D8-e003Coalescence-mGAM-p1_S755,5023,701330,Coalescence-A10-C11-AE-AF-mGAM-mBHI-7_S629,102316
86,A9-e003Coalescence-mBHI-p1_S756,11405,1437416,Coalescence-A10-C11-AE-AF-mGAM-mBHI-7_S629,102316
87,E11-e003Coalescence-mBHI-p1_S836,10979,1451168,Coalescence-A10-C11-AE-AF-mGAM-mBHI-7_S629,102316
88,A10-e003Coalescence-mBHI-p1_S764,9334,1193259,Coalescence-A10-C11-AE-AF-mGAM-mBHI-7_S629,102316
89,A11-e003Coalescence-mBHI-p1_S772,8750,1248804,Coalescence-A10-C11-AE-AF-mGAM-mBHI-7_S629,102316
90,Coalescence-F2-E10-AA-AE-mGAM-mBHI-3_S681,11335,1425787,Coalescence-A10-C11-AE-AF-mGAM-mBHI-7_S629,102316
91,Coalescence-E8-D11-AF-AF-mGAM-mBHI-3_S675,1,1135698,Coalescence-A10-C11-AE-AF-mGAM-mBHI-7_S629,102316
92,Coalescence-F10-H8-AA-AF-mGAM-mGAM-3_S689,4659,1095751,Coalescence-A10-C11-AE-AF-mGAM-mBHI-7_S629,102316
93,Coalescence-A10-C11-AE-AF-mGAM-mBHI-7_S629,0,698926,Coalescence-A10-C11-AE-AF-mGAM-mBHI-7_S629,102316
94,C_E2_e003Assembly_S242,6416,781119,Coalescence-A10-C11-AE-AF-mGAM-mBHI-7_S629,102316
0,A_A5_A8_AA_AA_mGAM_mBHI_2_S5,22,1417316,C_E2_e003Assembly_S242,102316
1,A_A8_A11_AF_AA_mGAM_mBHI_2_S8,16,1079879,C_E2_e003Assembly_S242,102316
2,A_C5_C8_AA_AE_mGAM_mBHI_2_S29,35,1427638,C_E2_e003Assembly_S242,102316
3,A_D5_D8_AA_AF_mGAM_mBHI_2_S41,28,966462,C_E2_e003Assembly_S242,102316
4,A_D8_D11_AF_AF_mGAM_mBHI_2_S44,10408,1169381,C_E2_e003Assembly_S242,102316
5,A_E5_A8_AA_AA_mGAM_mGAM_2_S53,10,1019189,C_E2_e003Assembly_S242,102316
6,A_E9_A2_AA_AA_mBHI_mGAM_4_S57,50,1413231,C_E2_e003Assembly_S242,102316
7,A_G1_C2_AA_AE_mBHI_mGAM_2_S73,27,712175,C_E2_e003Assembly_S242,102316
8,A_G5_C8_AA_AE_mGAM_mGAM_2_S77,14,1416857,C_E2_e003Assembly_S242,102316
9,A_G9_C2_AA_AE_mBHI_mGAM_4_S81,46,1411062,C_E2_e003Assembly_S242,102316
10,B_A5_E8_AA_AA_mGAM_mBHI_2_S101,24,1425704,C_E2_e003Assembly_S242,102316
11,B_A6_E9_ACPP_AA_mGAM_mBHI_2_S102,22,1117375,C_E2_e003Assembly_S242,102316
12,B_A7_E10_AE_AA_mGAM_mBHI_2_S103,26,1427518,C_E2_e003Assembly_S242,102316
13,B_A11_A10_AE_AA_mGAM_mBHI_4_S107,28,1383768,C_E2_e003Assembly_S242,102316
14,B_A12_A11_AF_AA_mGAM_mBHI_4_S108,28,1434911,C_E2_e003Assembly_S242,102316
15,B_C12_C11_AF_AE_mGAM_mBHI_4_S132,9371,1052319,C_E2_e003Assembly_S242,102316
16,B_D7_H10_AE_AF_mGAM_mBHI_2_S139,12054,1353892,C_E2_e003Assembly_S242,102316
17,B_D11_D10_AE_AF_mGAM_mBHI_4_S143,10655,1203283,C_E2_e003Assembly_S242,102316
18,B_E5_E8_AA_AA_mGAM_mGAM_2_S149,8,946657,C_E2_e003Assembly_S242,102316
19,B_E7_E10_AE_AA_mGAM_mGAM_2_S151,11,1444031,C_E2_e003Assembly_S242,102316
20,B_E8_E11_AF_AA_mGAM_mGAM_2_S152,13,849793,C_E2_e003Assembly_S242,102316
21,B_E11_A10_AE_AA_mGAM_mGAM_4_S155,23,1028220,C_E2_e003Assembly_S242,102316
22,B_G1_G2_AA_AE_mBHI_mGAM_2_S169,34,1033473,C_E2_e003Assembly_S242,102316
23,B_H5_H8_AA_AF_mGAM_mGAM_2_S185,21,1427983,C_E2_e003Assembly_S242,102316
24,C_C5_C8_AA_AE_mGAM_mBHI_6_S221,16,977407,C_E2_e003Assembly_S242,102316
25,C_C8_C11_AF_AE_mGAM_mBHI_6_S224,10918,1218207,C_E2_e003Assembly_S242,102316
26,C_D5_D8_AA_AF_mGAM_mBHI_6_S233,68,1127572,C_E2_e003Assembly_S242,102316
27,C_D7_D10_AE_AF_mGAM_mBHI_6_S235,12491,1404179,C_E2_e003Assembly_S242,102316
28,C_E5_A8_AA_AA_mGAM_mGAM_6_S245,21,1431755,C_E2_e003Assembly_S242,102316
29,C_E7_A10_AE_AA_mGAM_mGAM_6_S247,26,1413289,C_E2_e003Assembly_S242,102316
30,C_E9_E2_AA_AA_mBHI_mGAM_4_S249,50,1403356,C_E2_e003Assembly_S242,102316
31,C_E11_E4_AE_AA_mBHI_mGAM_4_S251,39,1422885,C_E2_e003Assembly_S242,102316
32,D_A6_A9_ACPP_AA_mGAM_mBHI_6_S294,28,1440130,C_E2_e003Assembly_S242,102316
33,D_A7_A10_AE_AA_mGAM_mBHI_6_S295,28,1433602,C_E2_e003Assembly_S242,102316
34,D_A8_A11_AF_AA_mGAM_mBHI_6_S296,25,1436671,C_E2_e003Assembly_S242,102316
35,D_A9_E8_AA_AA_mGAM_mBHI_4_S297,20,1437286,C_E2_e003Assembly_S242,102316
36,D_A12_E11_AF_AA_mGAM_mBHI_4_S300,24,1396823,C_E2_e003Assembly_S242,102316
37,D_C8_C11_AF_AE_mGAM_mBHI_6_S320,11538,1292174,C_E2_e003Assembly_S242,102316
38,D_C9_G8_AA_AE_mGAM_mBHI_4_S321,23,1110163,C_E2_e003Assembly_S242,102316
39,D_C12_G11_AF_AE_mGAM_mBHI_4_S324,11814,1330220,C_E2_e003Assembly_S242,102316
40,D_D7_D10_AE_AF_mGAM_mBHI_6_S331,11902,1338259,C_E2_e003Assembly_S242,102316
41,D_D11_H10_AE_AF_mGAM_mBHI_4_S335,11697,1308265,C_E2_e003Assembly_S242,102316
42,D_E1_A2_AA_AA_mBHI_mGAM_6_S337,56,1436963,C_E2_e003Assembly_S242,102316
43,D_E3_A4_AE_AA_mBHI_mGAM_6_S339,52,1417311,C_E2_e003Assembly_S242,102316
44,D_E6_A9_ACPP_AA_mGAM_mGAM_6_S342,30,1303681,C_E2_e003Assembly_S242,102316
45,D_E7_A10_AE_AA_mGAM_mGAM_6_S343,31,1343749,C_E2_e003Assembly_S242,102316
46,D_E9_E8_AA_AA_mGAM_mGAM_4_S345,18,1400809,C_E2_e003Assembly_S242,102316
47,D_E11_E10_AE_AA_mGAM_mGAM_4_S347,37,1397326,C_E2_e003Assembly_S242,102316
48,D_G1_C2_AA_AE_mBHI_mGAM_6_S361,19,712918,C_E2_e003Assembly_S242,102316
49,D_H5_D8_AA_AF_mGAM_mGAM_6_S377,2287,1125549,C_E2_e003Assembly_S242,102316
50,D10-e003Coalescence-mBHI-p3,6545,721454,C_E2_e003Assembly_S242,102316
51,C2-e003Coalescence-mGAM-p7,82,1453552,C_E2_e003Assembly_S242,102316
52,D10-e003Coalescence-mBHI-p5,6357,723373,C_E2_e003Assembly_S242,102316
53,D8-e003Coalescence-mBHI-p5,71,795854,C_E2_e003Assembly_S242,102316
54,A8-e003Coalescence-mBHI-p7,55,1437763,C_E2_e003Assembly_S242,102316
55,A10-e003Coalescence-mGAM-p3,27,960054,C_E2_e003Assembly_S242,102316
56,A8-e003Coalescence-mBHI-p5,47,1099058,C_E2_e003Assembly_S242,102316
57,A10-e003Coalescence-mBHI-p7,47,1171728,C_E2_e003Assembly_S242,102316
58,A2-e003Coalescence-mGAM-p5,61,1119246,C_E2_e003Assembly_S242,102316
59,C8-e003Coalescence-mBHI-p5,32,1251387,C_E2_e003Assembly_S242,102316
60,A11-e003Coalescence-mBHI-p3,39,1455400,C_E2_e003Assembly_S242,102316
61,E2-e003Coalescence-mGAM-p7_S145,30,960650,C_E2_e003Assembly_S242,102316
62,E8-e003Coalescence-mBHI-p5_S5,19,1129168,C_E2_e003Assembly_S242,102316
63,H111-e003Coalescence-mBHI-p3_S144,11023,1229895,C_E2_e003Assembly_S242,102316
64,E100-e003Coalescence-mGAM-p3_S155,17,1310955,C_E2_e003Assembly_S242,102316
65,E111-e003Coalescence-mBHI-p5_S8,36,719187,C_E2_e003Assembly_S242,102316
66,H100-e003Coalescence-mBHI-p5_S43,9137,1043416,C_E2_e003Assembly_S242,102316
67,H8-e003Coalescence-mBHI-p7_S137,26,1241668,C_E2_e003Assembly_S242,102316
68,G8-e003Coalescence-mGAM-p5_S77,11,1348310,C_E2_e003Assembly_S242,102316
69,H8-e003Coalescence-mBHI-p5_S41,41,797551,C_E2_e003Assembly_S242,102316
70,E100-e003Coalescence-mBHI-p5_S7,18,890217,C_E2_e003Assembly_S242,102316
71,E100-e003Coalescence-mGAM-p5_S55,19,809705,C_E2_e003Assembly_S242,102316
72,H111-e003Coalescence-mBHI-p5_S44,5763,674095,C_E2_e003Assembly_S242,102316
73,E2-e003Coalescence-mGAM-p3_S57,35,1046865,C_E2_e003Assembly_S242,102316
74,H100-e003Coalescence-mBHI-p7_S139,11199,1277434,C_E2_e003Assembly_S242,102316
75,G8-e003Coalescence-mBHI-p5_S29,13,748494,C_E2_e003Assembly_S242,102316
76,E8-e003Coalescence-mBHI-p3_S105,15,1300226,C_E2_e003Assembly_S242,102316
77,E8-e003Coalescence-mGAM-p7_S149,20,1417361,C_E2_e003Assembly_S242,102316
78,H8-e003Coalescence-mGAM-p7_S185,2844,983015,C_E2_e003Assembly_S242,102316
79,A2-e003Coalescence-Inoculumn-mGAM,13,766653,C_E2_e003Assembly_S242,102316
80,B8-e003Coalescence-mBHI-p1_S749,38,1268450,C_E2_e003Assembly_S242,102316
81,A8-e003Coalescence-mBHI-p1_S748,19,1289758,C_E2_e003Assembly_S242,102316
82,H8-e003Coalescence-mBHI-p1_S815,19,1218424,C_E2_e003Assembly_S242,102316
83,E8-e003Coalescence-mBHI-p1_S812,36,1401516,C_E2_e003Assembly_S242,102316
84,G8-e003Coalescence-mGAM-p1_S818,1,827892,C_E2_e003Assembly_S242,102316
85,D8-e003Coalescence-mGAM-p1_S755,7,701330,C_E2_e003Assembly_S242,102316
86,A9-e003Coalescence-mBHI-p1_S756,38,1437416,C_E2_e003Assembly_S242,102316
87,E11-e003Coalescence-mBHI-p1_S836,19,1451168,C_E2_e003Assembly_S242,102316
88,A10-e003Coalescence-mBHI-p1_S764,20,1193259,C_E2_e003Assembly_S242,102316
89,A11-e003Coalescence-mBHI-p1_S772,12,1248804,C_E2_e003Assembly_S242,102316
90,Coalescence-F2-E10-AA-AE-mGAM-mBHI-3_S681,18,1425787,C_E2_e003Assembly_S242,102316
91,Coalescence-E8-D11-AF-AF-mGAM-mBHI-3_S675,10072,1135698,C_E2_e003Assembly_S242,102316
92,Coalescence-F10-H8-AA-AF-mGAM-mGAM-3_S689,53,1095751,C_E2_e003Assembly_S242,102316
93,Coalescence-A10-C11-AE-AF-mGAM-mBHI-7_S629,6416,698926,C_E2_e003Assembly_S242,102316
94,C_E2_e003Assembly_S242,0,781119,C_E2_e003Assembly_S242,102316
